captured_t,blob_index,uid,class,anomaly,p_reject,selected_for_offline_sweep
0.2880000000000002,3,0,wrong_size,8.936160194934931,0.0003357188496013306,True
0.2920000000000002,2,2,good,3.4816370008287723,0.0006358352868177865,True
0.2920000000000002,3,0,wrong_size,8.957797584497849,0.00033095082039268396,True
0.2960000000000002,4,5,good,4.538762630777901,5.614741654404141e-05,True
0.2960000000000002,5,2,good,3.472428020094949,0.00015455857384516096,True
0.2960000000000002,6,0,wrong_size,8.942473022693758,0.0003184201561537722,True
0.3000000000000002,2,4,good,3.364664707216288,0.019100022451850315,True
0.3000000000000002,3,10,plastic_chip,22.768740622832226,0.31620223676646464,True
0.3000000000000002,4,5,good,4.574008536348319,7.16135146583517e-05,True
0.3000000000000002,5,2,good,3.6328533695241285,6.540098558452121e-05,True
0.3040000000000002,3,7,good,3.379858323153154,6.058190866646927e-06,True
0.3040000000000002,4,4,good,3.354960016583712,0.01665951471056075,True
0.3040000000000002,5,10,plastic_chip,22.639051737664417,0.2432938560347692,True
0.3040000000000002,6,5,good,7.496937261077189,0.00014123307365866534,True
0.3080000000000002,2,1,plastic_chip,21.439456157014043,0.444167975181215,True
0.3080000000000002,3,7,good,3.33909687756615,1.4971832683643645e-05,True
0.3080000000000002,4,4,good,3.391344682603637,0.029996991106092868,True
0.3120000000000002,2,1,plastic_chip,21.50702841507012,0.4588621925855301,True
0.3120000000000002,3,7,good,3.19029713820807,5.089756215881758e-06,True
0.3160000000000002,4,1,plastic_chip,21.543868738115492,0.4441678579451113,True
0.3160000000000002,5,7,good,3.346631009280174,4.143411934676987e-05,True
0.32000000000000023,2,8,good,4.12468984356221,0.015173350270911675,True
0.32000000000000023,3,6,good,2.6124198046456977,1.03763903070894e-05,True
0.32000000000000023,4,3,good,3.358965941203469,6.314013434476373e-06,True
0.32400000000000023,2,8,good,3.8613002267249206,0.015565991988569972,True
0.32400000000000023,3,6,good,2.5692360566358663,1.0208220788343779e-05,True
0.32400000000000023,4,3,good,3.366014149782847,4.43870921455619e-06,True
0.32800000000000024,2,6,good,2.5563150405610235,1.4656216870068563e-05,True
0.32800000000000024,3,8,good,3.8397214459098565,0.011795605450513455,True
0.32800000000000024,4,3,good,3.3592027346302173,5.437243179174289e-06,True
0.33600000000000024,2,9,good,3.172413577665899,0.00042796195937974555,True
0.33600000000000024,3,15,good,2.5337054371564913,0.0012165752478967536,True
0.34000000000000025,4,9,good,3.0848164362940875,0.00020259399302346252,True
0.34000000000000025,5,15,good,2.494325738424384,0.0009519975660149969,True
0.34400000000000025,2,16,good,2.537124912951045,1.3880234138140272e-05,True
0.34400000000000025,3,12,good,2.9611600883948905,0.0031514135292717866,True
0.34400000000000025,4,9,good,2.865687640713951,0.00011473275699502672,True
0.34400000000000025,5,15,good,2.7309267550529155,0.0055644978058298575,True
0.34800000000000025,4,16,good,2.661980856415412,1.1515623732241936e-05,True
0.34800000000000025,5,12,good,3.2549828526113416,0.012687391742508717,True
0.34800000000000025,6,9,good,2.9603218678665977,0.00012302324713913223,True
0.34800000000000025,7,15,good,2.590693024113343,0.05298554606878568,True
0.35200000000000026,4,14,wrong_size,10.72701939904451,0.0001369866895602176,True
0.35200000000000026,5,11,good,5.207643312766916,0.9978818112995432,True
0.35200000000000026,6,21,good,3.451979981558002,0.0003415609241076188,True
0.35200000000000026,7,16,good,2.5732526422786037,1.1533512049423907e-05,True
0.35200000000000026,8,12,good,3.215534488551307,0.013983040581586642,True
0.35600000000000026,3,13,good,1.9685433572912694,0.007824421987147508,True
0.35600000000000026,4,14,wrong_size,10.815302899423735,7.33019771669527e-05,True
0.35600000000000026,5,11,good,5.2187705009465475,0.9991251115431949,True
0.35600000000000026,6,21,good,3.4086075020042843,0.002646478307708888,True
0.36000000000000026,3,19,good,2.450881680334824,6.753314992212542e-05,True
0.36000000000000026,4,24,wrong_size,9.500113929417871,0.0015633764183667525,True
0.36000000000000026,5,13,good,2.166021019798545,0.003353932649628085,True
0.36000000000000026,6,14,wrong_size,10.921196564128174,0.00013795364650645112,True
0.36000000000000026,7,11,good,5.490884236477945,0.9974518985855464,True
0.36000000000000026,8,21,good,3.459501335991943,0.010335291188244547,True
0.36400000000000027,3,25,wrong_size,8.989512001821485,0.00018002041759523682,True
0.36400000000000027,4,19,good,2.4396204639402934,3.7427475679315835e-05,True
0.36400000000000027,5,24,wrong_size,9.496009583972098,0.001976458436129049,True
0.36400000000000027,6,13,good,1.9667672169810775,0.007768994216206617,True
0.36400000000000027,7,11,good,5.21292792790472,0.9992840480628694,True
0.36400000000000027,8,21,good,3.467788284852238,0.06402346306251315,True
0.36800000000000027,4,25,wrong_size,8.97487005094169,0.00019582508811149271,True
0.36800000000000027,5,19,good,2.502494827854851,6.711530278347541e-05,True
0.3720000000000003,3,20,good,2.429508230408876,0.00013656110648706542,True
0.3720000000000003,5,25,wrong_size,9.023133587730962,0.00021360690348631685,True
0.3720000000000003,6,19,good,2.7155546988076247,0.00014095003779511546,True
0.3760000000000003,3,20,good,2.4516633167050186,8.79407440970549e-05,True
0.3800000000000003,4,35,plastic_chip,20.19708232362491,0.5983622620052291,True
0.3800000000000003,5,20,good,3.1842271103261264,0.00014853124326495677,True
0.3840000000000003,3,23,good,3.4722073238801623,0.08605244806913777,True
0.3840000000000003,4,26,odd_colour,112.34070217303265,0.9753992182391149,True
0.3840000000000003,5,35,plastic_chip,20.21785891710782,0.5891029416633551,True
0.3880000000000003,3,27,plastic_chip,25.036250005420634,0.3177942823306879,True
0.3880000000000003,4,23,good,3.4049690929457115,0.0444973230517521,True
0.3880000000000003,5,26,odd_colour,113.06471269156609,0.729363901568242,True
0.3920000000000003,3,32,good,2.924195789479884,0.05734543472968631,True
0.3920000000000003,4,27,plastic_chip,24.80338890024606,0.3179285656064336,True
0.3920000000000003,5,23,good,3.328069157819648,0.036233151965649024,True
0.3920000000000003,6,26,odd_colour,113.48290394652797,0.9589221135236191,True
0.3960000000000003,2,28,good,2.662992331994513,0.00020092757662106862,True
0.3960000000000003,3,32,good,2.9232241734159565,0.06302530277617605,True
0.4000000000000003,2,30,odd_colour,253.9891634066206,0.933358358456014,True
0.4000000000000003,3,31,good,2.0725882322063187,8.730079974126131e-05,True
0.4000000000000003,4,28,good,2.6696805670576413,0.0010183852494078985,True
0.4000000000000003,5,32,good,2.855540259155554,0.038910342125254016,True
0.4040000000000003,4,29,good,2.5155562384444865,5.129490494376788e-05,True
0.4040000000000003,5,30,odd_colour,252.8228948677008,0.9646579765398335,True
0.4040000000000003,6,31,good,2.0687861713834965,0.0002142451486889887,True
0.4040000000000003,7,28,good,2.3712475321098814,0.0021078442919600375,True
0.4080000000000003,2,40,odd_colour,179.27466925093196,0.7938870834924048,True
0.4080000000000003,4,29,good,2.490150434939424,6.95753592816231e-05,True
0.4080000000000003,5,30,odd_colour,253.31135570486398,0.9327751803140202,True
0.4080000000000003,6,31,good,2.042073000597801,0.00026395979080954586,True
0.4120000000000003,4,40,odd_colour,178.15441514822868,0.9474949452603786,True
0.4120000000000003,6,29,good,2.5782209548740127,4.9233683374358106e-05,True
0.4120000000000003,8,31,good,2.039972752734515,0.0001616418427821343,True
0.4160000000000003,3,45,good,3.206710631449672,0.057211576533226165,True
0.4160000000000003,4,40,odd_colour,175.5619248693024,0.9587046950029645,True
0.4200000000000003,3,45,good,3.2572011340880103,0.11474217347114761,True
0.4200000000000003,4,40,odd_colour,176.00947023043787,0.965847565726382,True
0.4240000000000003,5,45,good,3.1715383977492637,0.19667723627876119,True
0.4240000000000003,6,40,odd_colour,177.1299952441351,0.9493139435598431,True
0.4280000000000003,2,42,good,5.724016077285562,5.92747907702793e-05,True
0.4280000000000003,3,36,good,2.578112591738072,0.0005275824346493961,True
0.43200000000000033,3,42,good,5.702216963178311,4.873086380065219e-05,True
0.43200000000000033,4,36,good,2.546838757350365,0.00097318059142756,True
0.43600000000000033,4,38,good,4.477152375292193,0.07579176806566437,True
0.43600000000000033,5,42,good,5.6781656963900655,2.5020178267120115e-05,True
0.43600000000000033,6,36,good,2.55691331846037,0.0005069935394951618,True
0.44000000000000034,4,46,good,2.099533059984673,0.0001538044705683249,True
0.44000000000000034,5,44,odd_colour,189.9002124935729,0.9105042477557717,True
0.44000000000000034,6,38,good,4.465588833477017,0.02188961667078677,True
0.44400000000000034,3,39,good,4.2643998597487744,0.005289941865081501,True
0.44400000000000034,4,43,good,2.4439591141129764,0.00013372995635202673,True
0.44400000000000034,5,38,good,4.40303660051719,0.011463941481340239,True
0.44400000000000034,6,44,odd_colour,188.4520470027568,0.8987024177867464,True
0.44400000000000034,7,46,good,2.1542079859360985,0.00017266254217592421,True
0.44800000000000034,3,47,good,2.26087733179216,2.589579451440812e-05,True
0.44800000000000034,4,39,good,4.244957911252216,0.009387285942676616,True
0.44800000000000034,5,43,good,2.3483453216273915,0.00022631721642423714,True
0.44800000000000034,6,38,good,4.478672787226242,0.0050485544261075245,True
0.44800000000000034,7,44,odd_colour,192.210194705158,0.9042749655707777,True
0.44800000000000034,8,46,good,2.213463966163775,0.0001427130562607533,True
0.45200000000000035,4,41,good,2.5862335776502228,0.00048432294570512654,True
0.45200000000000035,5,47,good,2.2635322761697525,1.6920057953029983e-05,True
0.45200000000000035,6,39,good,4.2511000601179845,0.006270252984287617,True
0.45200000000000035,7,43,good,2.2545823187247467,0.0007423406830111616,True
0.45200000000000035,8,38,good,4.56971698512641,0.004445942248308897,True
0.45600000000000035,3,49,good,2.7319031091663,0.04238212808630726,True
0.45600000000000035,4,48,good,4.650125847825051,0.01221059812101068,True
0.45600000000000035,5,41,good,2.580305549916207,0.0005394853531996257,True
0.45600000000000035,6,47,good,2.314144416805608,2.465621989169194e-05,True
0.46000000000000035,2,52,odd_colour,191.19831749491073,0.995390789667541,True
0.46000000000000035,3,49,good,2.7331201858841916,0.04599758617104325,True
0.46000000000000035,4,48,good,4.732643722717314,0.0052974463443956794,True
0.46000000000000035,5,41,good,2.6060342719363785,0.0003013895841908142,True
0.46400000000000036,2,52,odd_colour,192.56785607173074,0.9932378587243563,True
0.46400000000000036,3,49,good,2.7316726622650576,0.052333130439900524,True
0.46400000000000036,4,48,good,4.702505169411439,0.001017257471146392,True
0.46800000000000036,2,52,odd_colour,192.08192854913545,0.9894344741758089,True
0.47200000000000036,7,53,odd_colour,130.9043633489058,0.9825276527334791,True
0.47600000000000037,4,59,good,2.8610591657184536,3.455868779542338e-05,True
0.47600000000000037,5,50,good,4.538136384533094,0.00018609730203795853,True
0.47600000000000037,6,56,good,2.000960854947813,0.00024333989434375137,True
0.47600000000000037,7,53,odd_colour,128.9818378322621,0.9761599336480279,True
0.48000000000000037,3,51,wrong_size,9.344249183856613,0.008173645074884998,True
0.48000000000000037,5,59,good,2.908009993538482,4.543891554282588e-05,True
0.48000000000000037,6,50,good,4.443915824682989,0.0001099801858321912,True
0.48000000000000037,7,56,good,1.9199501734154292,0.00022074076550755646,True
0.48000000000000037,8,53,odd_colour,127.5562090896534,0.9811539237124103,True
0.4840000000000004,3,73,plastic_chip,22.085748077801423,0.25011761104730473,True
0.4840000000000004,4,57,good,3.1300649203056645,1.5574743170413908e-05,True
0.4840000000000004,5,51,wrong_size,9.291210492685162,0.000779811532660168,True
0.4840000000000004,7,50,good,4.4410451957597985,0.00021031835984765333,True
0.4840000000000004,8,59,good,2.8812543936806665,5.1008553117169074e-05,True
0.4840000000000004,9,53,odd_colour,127.24566490738621,0.9855230589113299,True
0.4880000000000004,2,58,good,2.209746704906041,0.0002162958359219079,True
0.4880000000000004,3,73,plastic_chip,21.783154781884075,0.2003929163797193,True
0.4880000000000004,4,57,good,3.103606572431608,1.628593090205042e-05,True
0.4880000000000004,5,51,wrong_size,9.164558597799939,0.0007806709130919075,True
0.4920000000000004,2,60,good,3.7705420655162043,0.00018703938716714127,True
0.4920000000000004,3,58,good,2.1809780923084197,0.0007658805898361993,True
0.4920000000000004,4,73,plastic_chip,21.735090491949062,0.19238609432300052,True
0.4920000000000004,5,57,good,2.865746405762506,3.287886907902264e-05,True
0.4960000000000004,2,60,good,3.782836703460976,0.0007909152680183466,True
0.4960000000000004,3,58,good,2.1871867508913456,0.00029794267147339846,True
0.5000000000000003,2,60,good,3.758607202673398,3.2034587464982644e-05,True
0.5000000000000003,3,58,good,2.265782654352223,0.00047550458767909334,True
0.5040000000000003,2,60,good,3.761830662751743,0.00010959366075530841,True
0.5120000000000003,4,63,odd_colour,467.51232698185544,0.9982549957929711,True
0.5160000000000003,2,62,good,2.4739804730533748,5.7773553489533696e-05,True
0.5160000000000003,3,69,good,7.709893167622018,0.00033904918539195923,True
0.5160000000000003,4,64,good,3.559747180641888,0.003076618847077034,True
0.5160000000000003,5,63,odd_colour,483.14769885394844,0.992857971498007,True
0.5200000000000004,3,62,good,2.6402362277892104,0.00012080115476150668,True
0.5200000000000004,4,64,good,3.708695994325149,0.002465035585938554,True
0.5200000000000004,5,69,good,7.784834917392298,0.00027566503650777914,True
0.5200000000000004,6,63,odd_colour,471.15234076743224,0.99429753479623,True
0.5240000000000004,3,78,good,2.907736988477912,0.00045539790306410355,True
0.5240000000000004,4,70,good,1.812119437586702,1.020817726847438e-05,True
0.5240000000000004,5,66,wrong_size,8.032914051845882,0.0007116040391674009,True
0.5240000000000004,6,62,good,2.6640265894422357,6.46778656457081e-05,True
0.5240000000000004,7,64,good,4.749678780579364,0.032982039502032365,True
0.5240000000000004,8,69,good,7.710791611041561,0.00029656935240975253,True
0.5280000000000004,3,72,good,1.97177531975949,0.00018529512920476777,True
0.5280000000000004,4,67,good,2.2123529276253224,0.00039612274440921775,True
0.5280000000000004,5,65,good,2.146377431485814,3.4666927412872616e-05,True
0.5280000000000004,6,70,good,1.8221822405866694,8.16516203326458e-06,True
0.5280000000000004,7,78,good,2.841165081745235,0.00018039079497732578,True
0.5280000000000004,8,66,wrong_size,8.049749615164453,0.000791932490082764,True
0.5280000000000004,9,62,good,2.5676709330685057,5.5370388235222366e-05,True
0.5280000000000004,10,64,good,3.3852068219621123,0.002240859669156555,True
0.5320000000000004,3,68,good,2.4405502695293206,0.00022665448836140954,True
0.5320000000000004,4,72,good,2.0464626180031966,0.0002456115742186074,True
0.5320000000000004,5,67,good,2.3941381560827946,0.003238790634319216,True
0.5320000000000004,6,65,good,2.184530798930453,3.087068820644968e-05,True
0.5320000000000004,7,70,good,1.7529877732037296,1.0873109405736819e-05,True
0.5320000000000004,8,78,good,2.866003659685959,0.0002690658585453339,True
0.5320000000000004,9,66,wrong_size,8.080630648357499,0.000733730273855841,True
0.5360000000000004,4,74,wrong_size,12.297135629936172,0.0016530793997833943,True
0.5360000000000004,5,68,good,2.3588443839459767,0.00021259388727767791,True
0.5360000000000004,6,72,good,2.1478168782116183,0.0001963307490524057,True
0.5360000000000004,7,67,good,2.4151358123201274,0.001391002505660607,True
0.5360000000000004,8,65,good,2.166889309776369,4.657795654628256e-05,True
0.5360000000000004,9,70,good,2.222636912223644,7.58790318789389e-05,True
0.5400000000000004,3,75,good,2.7894180678306517,6.028162354276254e-05,True
0.5400000000000004,4,81,good,3.06288014553759,0.00048509019814870164,True
0.5400000000000004,5,74,wrong_size,12.342966676818877,0.002096908237885837,True
0.5400000000000004,6,68,good,2.3700220611994984,0.00019118072018924287,True
0.5400000000000004,7,72,good,1.9577493313992007,0.0002563311136339863,True
0.5400000000000004,8,67,good,2.1834953228651846,0.0025862864550806027,True
0.5440000000000004,3,77,good,7.650889038868961,0.06873157177991153,True
0.5440000000000004,4,75,good,2.9817911862662996,5.038137676005246e-05,True
0.5440000000000004,5,74,wrong_size,12.248467274014459,0.001936449115837618,True
0.5440000000000004,6,81,good,3.1057853432118967,0.0003056773418355326,True
0.5480000000000004,2,71,wrong_size,9.419102250904368,7.97994464517878e-05,True
0.5480000000000004,3,77,good,7.649618918306573,0.04849917296141154,True
0.5480000000000004,4,75,good,2.6575408676563668,9.411653684562556e-05,True
0.5520000000000004,2,71,wrong_size,9.504373369685801,0.00020749352437709172,True
0.5520000000000004,3,77,good,7.728099781803075,0.29237758029222083,True
0.5560000000000004,3,79,odd_colour,349.1175533430964,0.6567363028845096,True
0.5560000000000004,4,71,wrong_size,9.429129425808158,0.0001586896668636641,True
0.5600000000000004,4,84,good,2.242681397259583,4.503687343911598e-05,True
0.5600000000000004,5,79,odd_colour,347.92988646791343,0.5451050248718985,True
0.5640000000000004,2,76,wrong_size,14.29445219073171,2.378084951451758e-05,True
0.5640000000000004,3,92,good,2.939437721574612,2.5160598256138703e-05,True
0.5640000000000004,4,84,good,2.2510937483097853,6.716453048766451e-05,True
0.5640000000000004,5,79,odd_colour,346.7273438128511,0.9032419228664456,True
0.5680000000000004,3,76,wrong_size,16.326204990878402,2.8626689388630793e-05,True
0.5680000000000004,4,92,good,2.916835942206254,1.4467135418417833e-05,True
0.5680000000000004,5,79,odd_colour,351.2300948136804,0.8771333191584925,True
0.5680000000000004,6,84,good,2.5671356730669608,3.088031159623923e-05,True
0.5720000000000004,4,91,plastic_chip,23.057437746201387,0.2345345010159155,True
0.5720000000000004,5,88,good,3.1382962179071474,0.00030373076419020726,True
0.5720000000000004,6,76,wrong_size,12.594585851230745,2.399100600481324e-05,True
0.5720000000000004,7,92,good,3.0180661496911125,2.281422909583158e-05,True
0.5760000000000004,2,107,plastic_chip,22.240681379661837,0.4115371071715891,True
0.5760000000000004,3,95,odd_colour,188.69533929628224,0.9301681711130718,True
0.5760000000000004,4,87,wrong_size,11.164938403439962,0.17290700834368672,True
0.5760000000000004,6,91,plastic_chip,23.150943349933684,0.23454387765326676,True
0.5760000000000004,7,88,good,3.11216147872767,9.376308818970326e-05,True
0.5800000000000004,3,95,odd_colour,187.6736320055837,0.9469809858575456,True
0.5800000000000004,4,87,wrong_size,11.171100893162212,0.0014572257441201873,True
0.5800000000000004,6,107,plastic_chip,22.234486856977554,0.36874873503706684,True
0.5800000000000004,7,88,good,3.0875308667440615,0.00024375812849895158,True
0.5800000000000004,8,91,plastic_chip,23.15880641599246,0.23454380954731122,True
0.5840000000000004,2,90,good,2.3836441826472137,3.0719702992363596e-05,True
0.5840000000000004,3,95,odd_colour,187.722758136061,0.9705213077152326,True
0.5840000000000004,4,87,wrong_size,12.549204373097789,0.0006290768851571303,True
0.5840000000000004,5,83,good,1.939677429124882,0.00010385162440476622,True
0.5840000000000004,7,88,good,3.0330986316024826,7.257642373545339e-05,True
0.5880000000000004,3,90,good,2.541999466904155,3.603327555346329e-05,True
0.5880000000000004,4,95,odd_colour,189.37004369551383,0.9500308409206292,True
0.5920000000000004,1,89,good,2.471939028924624,0.00019201418761473943,True
0.5920000000000004,3,97,good,2.474042141735792,0.0001549668719028051,True
0.5920000000000004,4,86,good,3.1952122816818425,3.8871902390071305e-05,True
0.5920000000000004,5,90,good,2.5751826629924954,4.543777602275226e-05,True
0.5960000000000004,2,89,good,2.6137338085163395,5.422372588893007e-05,True
0.5960000000000004,3,97,good,2.5108538066393233,0.0001309648517105541,True
0.5960000000000004,4,86,good,3.2958968642507593,0.00036796713565052783,True
0.6000000000000004,2,89,good,2.720455298725143,0.00015738193767792983,True
0.6000000000000004,3,97,good,2.5262754837605885,0.00011493732649727667,True
0.6000000000000004,4,86,good,3.1642977760736355,0.00010657326728889402,True
0.6040000000000004,2,89,good,2.5124805443425466,0.00017734030092737328,True
0.6080000000000004,3,98,good,2.624483065354576,4.503981211674108e-05,True
0.6120000000000004,5,94,wrong_size,10.60637808813178,8.118548149977082e-05,True
0.6120000000000004,6,98,good,3.0115904809274987,0.0008040337508879344,True
0.6160000000000004,3,96,good,2.6788523834327536,5.311303616022682e-05,True
0.6160000000000004,5,94,wrong_size,10.626182260601478,6.302049295459503e-05,True
0.6160000000000004,6,98,good,3.006128808366235,0.0004201202306414519,True
0.6200000000000004,2,93,good,2.462868070153286,2.485000367145645e-05,True
0.6200000000000004,3,96,good,2.6606340140038407,4.8299227185449394e-05,True
0.6200000000000004,4,99,good,4.1638434618546905,0.17193890710372606,True
0.6200000000000004,7,98,good,2.581066648145599,5.9693008980970264e-05,True
0.6240000000000004,2,93,good,2.5307175056225315,2.5616264141693463e-05,True
0.6240000000000004,3,96,good,2.5407381326319594,9.468251731358566e-05,True
0.6240000000000004,4,99,good,4.089564744839299,0.05163981664860119,True
0.6280000000000004,2,93,good,2.422367110427858,2.4403134339830875e-05,True
0.6320000000000005,4,93,good,2.5653521315980905,2.191700505797001e-05,True
0.6360000000000005,2,102,odd_colour,450.7595989358636,0.9861100238710208,True
0.6360000000000005,3,100,good,2.6478188083180485,0.004952302594613307,True
0.6360000000000005,4,101,good,3.1056837717310297,0.00018579191173250008,True
0.6400000000000005,2,102,odd_colour,448.12966646759,0.9895268819644494,True
0.6400000000000005,3,100,good,2.9553548101596796,0.006497807429452522,True
0.6400000000000005,4,101,good,2.995301996454982,5.016425533316852e-05,True
0.6440000000000005,2,102,odd_colour,443.01245699590294,0.9869254359363837,True
0.6440000000000005,3,100,good,2.856677828626947,0.013745325572132674,True
0.6440000000000005,4,101,good,3.073212689792769,0.00015067675425362045,True
0.6480000000000005,2,102,odd_colour,436.23496436061373,0.981973565350063,True
0.6520000000000005,2,119,good,2.872143290348322,0.001435064355656596,True
0.6520000000000005,3,104,good,2.0067469233292776,1.5735645948519948e-05,True
0.6560000000000005,2,104,good,1.9704380064477063,3.9386902712961644e-05,True
0.6560000000000005,3,119,good,3.0140445099508932,0.0002906734429219358,True
0.6600000000000005,3,108,good,3.5712680452249037,0.0015181001573788702,True
0.6600000000000005,4,109,good,2.7825349644818047,1.0695232076109176e-05,True
0.6600000000000005,5,104,good,2.0210201419558738,5.6740362016030626e-05,True
0.6600000000000005,6,119,good,2.9856244775719567,0.0004217810342374122,True
0.6640000000000005,3,123,good,3.1490496626476827,0.00043779559219957263,True
0.6640000000000005,4,106,wrong_size,7.861882692292238,0.00952566189608521,True
0.6640000000000005,5,108,good,3.755395560491922,0.0004991660764836675,True
0.6640000000000005,6,109,good,3.0764976859217006,6.755119501317175e-06,True
0.6640000000000005,7,104,good,2.0063716780790117,2.6486774379250173e-05,True
0.6680000000000005,3,112,good,2.1207933895777824,1.431734480176104e-05,True
0.6680000000000005,4,117,good,3.514790846188503,0.0003171587725498768,True
0.6680000000000005,5,123,good,3.7656848562961773,0.00033957755889897596,True
0.6680000000000005,6,106,wrong_size,7.758782849992878,0.007702623697988493,True
0.6680000000000005,7,108,good,4.224779623763205,0.0005002872977671132,True
0.6680000000000005,8,109,good,3.05980237358846,8.51325736689868e-06,True
0.6720000000000005,2,103,good,2.4249877788198377,0.0011473943677114172,True
0.6720000000000005,3,112,good,2.211055376594208,0.0001529949785415507,True
0.6720000000000005,4,117,good,3.6184467452721494,0.015368204261522007,True
0.6720000000000005,5,123,good,3.217347852140358,0.0007233876428416991,True
0.6720000000000005,6,106,wrong_size,7.91459296378686,0.004915022723786313,True
0.6720000000000005,7,108,good,4.268201083336027,0.0007631997382734212,True
0.6760000000000005,4,103,good,2.5832253312729816,0.0009669182445137997,True
0.6760000000000005,5,112,good,2.264208099470572,3.153431835184982e-05,True
0.6760000000000005,6,117,good,3.4690276177714385,0.0006173070619902781,True
0.6800000000000005,2,114,good,2.634802388413369,0.16584228917813523,True
0.6800000000000005,3,113,good,2.0531382171865618,0.03758178821306726,True
0.6800000000000005,4,103,good,2.6143534294926916,0.0013704680927638865,True
0.6800000000000005,5,112,good,2.186053931467652,2.2736046017003014e-05,True
0.6840000000000005,3,114,good,2.9608493227989916,0.33518516724539665,True
0.6840000000000005,4,113,good,1.9357401128389817,0.03639515626000636,True
0.6880000000000005,4,118,odd_colour,144.6145685423815,0.9560973149911626,True
0.6880000000000005,5,114,good,2.9361113004397708,0.3379722345583275,True
0.6880000000000005,6,113,good,2.392877098064147,0.005357766279828289,True
0.6920000000000005,4,116,plastic_chip,23.96520667154265,0.4076454751436199,True
0.6920000000000005,5,121,good,2.0330796978739705,0.0003865343678268615,True
0.6920000000000005,6,118,odd_colour,144.51781612483373,0.9698163123230206,True
0.6960000000000005,3,111,odd_colour,223.69506156487154,0.9965583026136281,True
0.6960000000000005,4,115,good,4.176892784899505,0.1123230863569732,True
0.6960000000000005,5,116,plastic_chip,23.92380020296953,0.4168130167596693,True
0.6960000000000005,6,121,good,2.0357129891810652,0.00016621119808576655,True
0.6960000000000005,7,118,odd_colour,145.55980240253476,0.9417849383911581,True
0.7000000000000005,2,120,good,4.6533493248171265,0.9091891221706945,True
0.7000000000000005,3,111,odd_colour,225.2325973091291,0.9879128053004117,True
0.7000000000000005,4,115,good,4.230412086586924,0.006586500698374095,True
0.7000000000000005,5,121,good,2.052939145609,0.0003844579093208769,True
0.7040000000000005,2,120,good,4.38807112296816,0.928852147595716,True
0.7040000000000005,3,111,odd_colour,226.26346845407915,0.9976582362440418,True
0.7040000000000005,4,115,good,4.20390444163918,0.08114409929723437,True
0.7080000000000005,2,122,good,4.254278829892017,0.00019600246702040477,True
0.7080000000000005,3,120,good,4.919482729811552,0.9567230498171314,True
0.7080000000000005,4,111,odd_colour,224.85196999783952,0.9946702549211097,True
0.7120000000000005,2,122,good,4.32568831636412,0.00011332278629145588,True
0.7160000000000005,3,122,good,4.3038644411652,5.5726669743499105e-05,True
0.7200000000000005,4,144,odd_colour,249.03678369126607,0.8813696518161216,True
0.7200000000000005,5,130,good,3.2041074312348057,0.03883828876083531,True
0.7200000000000005,6,122,good,4.309378923677598,1.2377176978830898e-05,True
0.7240000000000005,2,127,good,1.6038746837401658,0.00011496523367604,True
0.7240000000000005,3,129,good,2.1016913615759876,0.00033454508070094945,True
0.7240000000000005,4,144,odd_colour,244.12986902221465,0.9148491613021822,True
0.7240000000000005,5,130,good,3.0644138581992113,0.2699769309683619,True
0.7280000000000005,3,133,odd_colour,284.6457325202158,0.9815452661627101,True
0.7280000000000005,4,129,good,2.368888911951476,0.0007205102999190299,True
0.7280000000000005,5,127,good,1.5035846758795295,0.0005414473210442703,True
0.7280000000000005,6,144,odd_colour,242.384474367932,0.8785971635796374,True
0.7280000000000005,7,130,good,3.067369687841261,0.059105837557537795,True
0.7320000000000005,3,128,wrong_size,9.436700930525715,0.0026635417666530043,True
0.7320000000000005,4,133,odd_colour,284.21969316308594,0.9737887026492396,True
0.7320000000000005,5,129,good,2.1162184244490203,0.00020969595787105532,True
0.7320000000000005,6,127,good,1.566272861463933,7.864899139883984e-05,True
0.7360000000000005,4,128,wrong_size,9.253478847508935,0.010599653798894148,True
0.7360000000000005,5,133,odd_colour,282.33068947772364,0.9744956675660021,True
0.7360000000000005,6,129,good,2.1128495045023095,0.00152266717623029,True
0.7400000000000005,5,138,odd_colour,171.0809908578579,0.8445850789902584,True
0.7400000000000005,6,135,wrong_size,12.372430490104318,0.10638619340888496,True
0.7400000000000005,7,128,wrong_size,9.172418108605878,0.005740674533293651,True
0.7400000000000005,8,133,odd_colour,286.1464023964935,0.8732212688026821,True
0.7440000000000005,6,139,good,1.9380388902015988,0.0015325647234782213,True
0.7440000000000005,7,131,wrong_size,11.322041844955223,0.19481763863262985,True
0.7440000000000005,8,138,odd_colour,168.70725557713897,0.8296154435698724,True
0.7440000000000005,9,135,wrong_size,11.478975784715981,0.0003102926751520671,True
0.7480000000000006,7,132,odd_colour,214.85799688142498,0.9841788920476015,True
0.7480000000000006,8,134,good,1.8440567242687202,3.804510440298964e-05,True
0.7480000000000006,9,139,good,1.811196551143333,0.002676222520995937,True
0.7480000000000006,10,131,wrong_size,11.297836343757963,0.19950331750734399,True
0.7480000000000006,11,138,odd_colour,169.640413402837,0.9230979279707197,True
0.7480000000000006,12,135,wrong_size,11.463872247008219,0.0005456431108935894,True
0.7520000000000006,3,137,wrong_size,11.184189566030948,0.0031965841220438196,True
0.7520000000000006,4,126,good,3.9773593210103533,0.02643330504717849,True
0.7520000000000006,5,125,plastic_chip,21.602244277629044,0.5427699565346329,True
0.7520000000000006,6,141,good,3.6267953845476826,0.002533811725480578,True
0.7520000000000006,7,132,odd_colour,217.74131839056844,0.9847757787525484,True
0.7520000000000006,8,134,good,1.9861914495937638,2.7213932436782302e-05,True
0.7520000000000006,9,139,good,2.2217641870973552,0.05800581063188794,True
0.7520000000000006,10,131,wrong_size,11.31606616824391,0.07659583229710035,True
0.7520000000000006,11,138,odd_colour,168.56803708524694,0.9647118099644323,True
0.7560000000000006,4,136,good,3.433022945364806,0.01290404244399127,True
0.7560000000000006,5,140,good,2.7559061368058035,0.02362974901150255,True
0.7560000000000006,6,137,wrong_size,11.243838880148123,0.005196627299321183,True
0.7560000000000006,7,126,good,4.167764479475925,0.009568820670744011,True
0.7560000000000006,8,125,plastic_chip,21.805670969901566,0.5730040382132002,True
0.7560000000000006,9,141,good,3.6346158552835477,0.003636880968970922,True
0.7560000000000006,10,132,odd_colour,219.44279944986098,0.9780769873921207,True
0.7560000000000006,11,134,good,1.8542965294562106,3.183484422364981e-05,True
0.7600000000000006,3,143,good,1.7992569440860247,0.00015183732227895978,True
0.7600000000000006,4,136,good,3.225371203724705,0.028622448003595834,True
0.7600000000000006,5,140,good,2.3937892019858276,0.01603685560314283,True
0.7600000000000006,6,126,good,4.3364640933767555,0.015378892062989832,True
0.7600000000000006,7,125,plastic_chip,21.92391641288089,0.5420191491894251,True
0.7600000000000006,8,137,wrong_size,11.207251375472199,0.003776645793806593,True
0.7600000000000006,9,141,good,3.622909314031423,0.0029007216924201817,True
0.7640000000000006,4,143,good,1.9173421739526793,0.00021205129732974057,True
0.7640000000000006,5,136,good,5.02514677312018,0.0019483668615081422,True
0.7640000000000006,6,140,good,2.3991115110886088,0.010539290977251474,True
0.7640000000000006,7,126,good,4.458208670995033,0.017626869431754,True
0.7680000000000006,1,124,plastic_chip,22.562640767266377,0.708586385183677,True
0.7680000000000006,3,147,plastic_chip,23.932841073072748,0.39749242626361436,True
0.7680000000000006,4,143,good,1.868910063336736,6.56232628481591e-05,True
0.7680000000000006,5,136,good,3.1796374737737416,0.032135314269580016,True
0.7720000000000006,2,124,plastic_chip,22.46494287179391,0.4339436724143516,True
0.7720000000000006,3,147,plastic_chip,23.758021767933673,0.39827082722541995,True
0.7760000000000006,2,124,plastic_chip,22.546158716944763,0.42221469066919787,True
0.7760000000000006,3,147,plastic_chip,23.91991898721098,0.39749242626361436,True
0.7800000000000006,4,124,plastic_chip,22.83334789563939,0.6986087656750297,True
0.7840000000000006,3,150,good,2.798602544344358,0.013763911008692752,True
0.7840000000000006,4,124,plastic_chip,22.58404844564754,0.7083538202298232,True
0.7840000000000006,5,154,good,4.224119797145851,0.02019627748670854,True
0.7840000000000006,6,148,good,1.7664671814722284,4.4207620759038064e-05,True
0.7880000000000006,3,150,good,2.799036867977207,0.0013152623159711399,True
0.7880000000000006,4,154,good,4.32412629102191,0.017070957587181374,True
0.7880000000000006,5,148,good,1.9209977963283145,4.527272739847052e-05,True
0.7920000000000006,2,124,plastic_chip,22.94268734855972,0.43359100932352906,True
0.7920000000000006,3,151,wrong_size,8.704135590519723,0.0012659966519448312,True
0.7920000000000006,4,150,good,2.9221779525839318,0.0002971036315620017,True
0.7920000000000006,5,154,good,4.281457046981447,0.044864096566111906,True
0.7920000000000006,6,148,good,1.8313699055648005,6.387008541262863e-05,True
0.7960000000000006,3,124,plastic_chip,22.822099058562024,0.4324354452111543,True
0.7960000000000006,5,150,good,2.984154657941313,0.0007087568694633232,True
0.8000000000000006,3,152,good,3.5375189603000794,0.0010279126345636726,True
0.8000000000000006,4,124,plastic_chip,22.93687016436331,0.6179007304844407,True
0.8040000000000006,2,156,wrong_size,7.623510284660667,0.0003422602583242981,True
0.8040000000000006,3,124,plastic_chip,22.929499601122036,0.6963081560799849,True
0.8040000000000006,4,152,good,4.808121696041507,0.00018346808536803813,True
0.8080000000000006,3,124,plastic_chip,23.130895746907747,0.6957441479446609,True
0.8080000000000006,4,152,good,6.882028139851225,0.0002115705540311437,True
0.8080000000000006,5,156,wrong_size,7.864916033065294,0.0003739912281120889,True
0.8120000000000006,3,162,plastic_chip,23.129123662612688,0.2843730187787856,True
0.8120000000000006,4,152,good,3.5099808996156354,0.0003059889775592659,True
0.8120000000000006,5,156,wrong_size,7.837774676014115,0.00037491744493019816,True
0.8160000000000006,2,160,odd_colour,171.07355831731056,0.9880777743433353,True
0.8160000000000006,3,155,good,2.5490798321596095,0.001078846387764223,True
0.8160000000000006,4,162,plastic_chip,23.27992170710823,0.28437118641556447,True
0.8160000000000006,5,152,good,4.803909010955815,0.0001788829555475059,True
0.8200000000000006,2,157,good,4.650464485157501,0.0014888756054654484,True
0.8200000000000006,4,160,odd_colour,170.9427556525231,0.9857825115367428,True
0.8200000000000006,5,155,good,2.4182296587039773,0.0015288336442875724,True
0.8240000000000006,4,145,good,3.575579241366019,0.06133508583724165,True
0.8240000000000006,5,157,good,5.787561434766215,0.006800756390504255,True
0.8240000000000006,6,160,odd_colour,168.21851212795713,0.9854220532293713,True
0.8240000000000006,7,155,good,2.518814182822256,0.0024036823789445098,True
0.8280000000000006,2,161,good,2.487666870563904,0.0008679324776618086,True
0.8280000000000006,3,158,odd_colour,234.24504675273565,0.967202257974847,True
0.8280000000000006,5,157,good,7.4230576185672,0.004596783682554804,True
0.8280000000000006,6,160,odd_colour,165.87745962697244,0.9869841749138151,True
0.8320000000000006,2,164,good,8.246797224525725,0.003313755232473476,True
0.8320000000000006,3,161,good,2.29911123168982,0.0018947059568148574,True
0.8320000000000006,4,158,odd_colour,235.9896490683405,0.9625533224498605,True
0.8360000000000006,2,164,good,8.6114698041558,0.1723837837669755,True
0.8360000000000006,3,161,good,2.244964536330377,0.0019277010373057542,True
0.8360000000000006,4,158,odd_colour,237.67133656383186,0.968732613013098,True
0.8400000000000006,3,164,good,9.042567593838866,0.11063785720721361,True
0.8400000000000006,4,161,good,2.3283648342632928,0.0018958837583726452,True
0.8440000000000006,2,175,good,2.134034837193857,0.0010072750695004349,True
0.8440000000000006,3,164,good,9.272291680957993,0.015515449151696498,True
0.8480000000000006,3,175,good,2.1158888712440955,0.001387303487753606,True
0.8520000000000006,2,165,good,1.9864958099416068,0.0034692669077555356,True
0.8520000000000006,3,171,wrong_size,10.897500582564094,0.00031045933040016113,True
0.8520000000000006,4,175,good,2.0382930936603243,0.0018797887509482095,True
0.8560000000000006,4,165,good,1.9988472851231847,0.0010221803454716503,True
0.8560000000000006,5,171,wrong_size,10.969838822153108,0.0004318006294461483,True
0.8560000000000006,6,175,good,2.4344731304649754,0.001814174804945243,True
0.8600000000000007,3,173,good,3.824464815885983,6.460594796729415e-05,True
0.8600000000000007,4,163,wrong_size,10.38416002449586,0.010265726693086423,True
0.8600000000000007,5,169,good,2.762435300342323,0.001188735469297485,True
0.8600000000000007,6,165,good,2.033934144473865,0.0008275466566034727,True
0.8640000000000007,4,166,wrong_size,8.805850290110746,0.0076383124929997655,True
0.8640000000000007,5,163,wrong_size,10.451390285119352,0.010882196537090511,True
0.8640000000000007,6,173,good,3.9137094938126267,9.970151973931891e-05,True
0.8640000000000007,7,169,good,2.924934189120045,0.0010693647915352871,True
0.8680000000000007,3,176,plastic_chip,22.988274224594303,0.5519798946788855,True
0.8680000000000007,4,170,good,3.0272073273052573,0.00013763680610176196,True
0.8680000000000007,5,166,wrong_size,8.811049120091829,0.00807705825681096,True
0.8680000000000007,6,163,wrong_size,10.743095440526194,0.007895617528617265,True
0.8680000000000007,7,173,good,3.863898377999404,6.678737993990659e-05,True
0.8680000000000007,8,169,good,2.823724649049212,0.0028759504905169313,True
0.8720000000000007,2,172,good,1.92639227587748,0.0003185414992109939,True
0.8720000000000007,3,176,plastic_chip,22.925112100250878,0.5902088404292476,True
0.8720000000000007,4,170,good,3.2609450128720336,0.00019173423192049864,True
0.8760000000000007,3,172,good,2.065559343219096,0.0002000381700579407,True
0.8760000000000007,4,176,plastic_chip,22.91907598515012,0.5910362240169833,True
0.8760000000000007,5,170,good,3.2867715741495647,0.00017046264581005135,True
0.8800000000000007,2,182,plastic_chip,24.7091910501758,0.6035163576208215,True
0.8800000000000007,3,172,good,2.168905971998131,0.0010666829642530012,True
0.8840000000000007,2,182,plastic_chip,23.325449579348096,0.4211395861978529,True
0.8840000000000007,3,172,good,1.9694190048517073,6.338444334628243e-05,True
0.8880000000000007,2,182,plastic_chip,22.870174132085356,0.524138325407398,True
0.8960000000000007,2,204,plastic_chip,23.183164344601504,0.20684028203333088,True
0.8960000000000007,3,178,wrong_size,9.043210193972458,0.017774660439952045,True
0.8960000000000007,4,185,odd_colour,194.7741534111786,0.9203373096805504,True
0.9000000000000007,3,178,wrong_size,10.049855492255874,0.01696119147170403,True
0.9000000000000007,4,185,odd_colour,194.0012603349188,0.9194970902169157,True
0.9000000000000007,5,204,plastic_chip,23.4166121365022,0.20002497946473222,True
0.9040000000000007,2,184,good,2.7890137589120583,0.00032349114957563776,True
0.9040000000000007,3,193,good,5.026162317777999,0.0011088134492645146,True
0.9040000000000007,4,178,wrong_size,9.086806401721043,0.23896721459758535,True
0.9040000000000007,5,185,odd_colour,197.15282519511132,0.8994277223140693,True
0.9080000000000007,3,179,good,3.7153881876641335,1.7305695250370412e-05,True
0.9080000000000007,4,184,good,2.72704431409501,0.0002954839203482257,True
0.9080000000000007,5,193,good,4.920613366877046,0.0006326391712702729,True
0.9120000000000007,2,208,plastic_chip,22.15305620951938,0.3094090226056073,True
0.9120000000000007,4,179,good,3.7055980771496464,2.308734158977797e-05,True
0.9120000000000007,5,184,good,2.703560858047061,0.00042618364083270326,True
0.9160000000000007,4,181,good,4.318931751091588,5.5328714572486844e-05,True
0.9160000000000007,6,179,good,3.7225196880822957,2.6150389773997077e-05,True
0.9200000000000007,2,188,good,3.113671641640114,0.07062488440340887,True
0.9200000000000007,3,190,good,2.070394542657438,0.00017957111365128208,True
0.9200000000000007,4,181,good,4.158539839934914,1.1019259839193745e-05,True
0.9240000000000007,4,188,good,2.953268283849224,0.03220626353161655,True
0.9240000000000007,5,190,good,1.8181090063680896,0.00013361953002365533,True
0.9240000000000007,6,181,good,4.039397486858361,2.06821952128688e-05,True
0.9280000000000007,2,186,wrong_size,9.887139785771426,0.0036108243392109795,True
0.9280000000000007,3,183,good,3.5851056265049737,0.00967885852486346,True
0.9280000000000007,4,188,good,2.8846928258549607,0.0940078185066818,True
0.9280000000000007,5,190,good,1.9406809597224959,7.997698509225787e-05,True
0.9320000000000007,2,183,good,3.579729595116185,0.0028118836663056893,True
0.9320000000000007,3,186,wrong_size,8.761463291365745,0.0023505112921269316,True
0.9360000000000007,3,189,good,7.014491189143126,0.05874669999770932,True
0.9360000000000007,4,183,good,3.6661100561395057,0.008317787768810673,True
0.9360000000000007,5,186,wrong_size,11.622474900434192,0.0005634051309190885,True
0.9400000000000007,3,189,good,5.1809394365425,0.01676629117835834,True
0.9400000000000007,4,183,good,3.5698088109111916,0.053020396768788614,True
0.9440000000000007,3,189,good,5.205688399036537,0.0038758617797117886,True
0.9480000000000007,1,191,good,2.271091655775532,0.00019136210614046132,True
0.9480000000000007,6,189,good,5.27230287180084,0.0030615046215301477,True
0.9520000000000007,3,187,good,4.305807322290152,0.02340442744787862,True
0.9520000000000007,4,194,odd_colour,196.13085438993332,0.9770826524131383,True
0.9520000000000007,5,191,good,2.569413902837087,4.4730896435762976e-05,True
0.9560000000000007,4,197,good,1.948500940171068,5.8741025135839914e-05,True
0.9560000000000007,5,194,odd_colour,199.34352553756003,0.9661035497875247,True
0.9560000000000007,6,191,good,2.6015838423097213,3.227668566211345e-05,True
0.9600000000000007,3,206,good,2.0064036444220306,1.5110476023629054e-05,True
0.9600000000000007,4,196,good,2.6260137434143807,0.062455686026088496,True
0.9600000000000007,5,197,good,2.020809631101238,0.0001053787368164165,True
0.9600000000000007,6,194,odd_colour,198.53888996859303,0.9843837216643818,True
0.9600000000000007,7,191,good,2.5942426742998297,6.544632808646491e-05,True
0.9640000000000007,2,203,good,2.5629703193944424,0.004182187803372355,True
0.9640000000000007,3,206,good,3.083343054467544,1.774400640526007e-05,True
0.9640000000000007,4,196,good,2.65243112102012,0.025857357038602567,True
0.9640000000000007,5,197,good,1.6791278317370069,5.5957310832882436e-05,True
0.9680000000000007,2,201,good,2.3533928825629578,0.0020990520052885583,True
0.9680000000000007,3,198,odd_colour,161.86450769518078,0.9618157008462829,True
0.9680000000000007,4,203,good,2.5408964505241594,0.0013685300383416577,True
0.9680000000000007,5,206,good,2.3621808225707692,0.00011604119175129112,True
0.9680000000000007,6,196,good,2.6355336238879374,0.02527966732631026,True
0.9720000000000008,2,201,good,2.383267187862975,0.0002982335682623499,True
0.9720000000000008,3,198,odd_colour,159.77804641041948,0.9779223258288787,True
0.9720000000000008,4,203,good,2.5607994582974105,0.0023858185467263175,True
0.9760000000000008,3,201,good,2.864914401323144,0.0008229321129928786,True
0.9760000000000008,4,198,odd_colour,161.22231760066785,0.9768758951185816,True
0.9800000000000008,2,212,wrong_size,6.3931027700309535,0.0011011289608565573,True
0.9800000000000008,3,201,good,2.3666657996794376,0.0004938569045592196,True
0.9800000000000008,4,198,odd_colour,163.43198401317568,0.9985314971031342,True
0.9840000000000008,5,218,good,2.685825803596267,0.00038477732303388484,True
0.9840000000000008,6,212,wrong_size,6.392412812898101,0.0013887890722666708,True
0.9880000000000008,2,199,good,9.91852640043968,0.00011939131336725484,True
0.9880000000000008,3,205,good,2.362901135196817,9.306498574564872e-05,True
0.9880000000000008,4,213,good,2.1631385162333525,0.00031238448963532856,True
0.9880000000000008,5,218,good,2.8219425500502417,0.00026254425982729675,True
0.9920000000000008,2,199,good,9.337586281753701,0.028737221505833285,True
0.9920000000000008,3,205,good,2.337102272825223,0.0001196396668929374,True
0.9920000000000008,4,213,good,2.2740366349836676,5.202149115140955e-05,True
0.9960000000000008,4,199,good,8.665253418643958,0.00014252466994453352,True
0.9960000000000008,5,205,good,2.353338215872639,0.0001285200613465204,True
0.9960000000000008,6,213,good,2.4448474574038417,5.638786716422242e-05,True
1.0000000000000007,3,207,good,3.011026292173314,0.0001927426555458879,True
1.0000000000000007,4,209,good,1.5820086064992647,0.003437178173781821,True
1.0000000000000007,5,199,good,8.85272260928556,0.0006218766181448315,True
1.0040000000000007,2,215,good,2.4615485568395807,0.000983766583865037,True
1.0040000000000007,3,207,good,3.032735445792159,0.00023042392538635896,True
1.0040000000000007,4,209,good,1.8367241623868704,0.0003751467654189107,True
1.0080000000000007,3,215,good,2.5374288950516797,0.0005025079779150776,True
1.0080000000000007,4,207,good,3.218985436359749,0.0002266463935160831,True
1.0080000000000007,5,209,good,1.8281426645688796,3.7384248785734296e-05,True
1.0120000000000007,2,216,good,2.364194593432126,2.1148492174632695e-05,True
1.0120000000000007,3,215,good,2.515998595605478,0.00024638214909745727,True
1.0160000000000007,4,216,good,2.1112799922549343,3.661691056297918e-05,True
1.0200000000000007,2,211,wrong_size,11.186840240555991,0.00030821658318357385,True
1.0200000000000007,3,214,good,2.229801678988304,0.03954672519864093,True
1.0200000000000007,4,216,good,2.3735418249823046,3.450629174386275e-05,True
1.0240000000000007,2,211,wrong_size,11.107675592194076,0.0002909746313713694,True
1.0240000000000007,3,214,good,2.934472170358957,0.11143659566975177,True
1.0280000000000007,2,211,wrong_size,11.17546691492275,0.0003352471763348033,True
1.0280000000000007,3,214,good,2.400533000246485,0.1304370580256261,True
1.0320000000000007,2,229,odd_colour,222.54268326748763,0.9898476378869671,True
1.0360000000000007,5,229,odd_colour,222.23194257449398,0.9883079865166527,True
1.0400000000000007,3,236,plastic_chip,24.712352030420938,0.49243055787814316,True
1.0440000000000007,2,234,good,7.122155093454804,0.0004907988832866504,True
1.0440000000000007,3,227,wrong_size,6.51227808951926,0.0002472149816101292,True
1.0480000000000007,4,234,good,5.500133127422545,0.0003179626127273331,True
1.0480000000000007,5,227,wrong_size,6.495328456815319,0.00026562097455443536,True
1.0520000000000007,2,221,wrong_size,7.777177475615258,0.0030018460924834925,True
1.0520000000000007,3,228,good,2.975854286333369,0.08363411205136834,True
1.0520000000000007,4,232,good,2.960269164007514,0.00011486074654842792,True
1.0520000000000007,5,234,good,4.561354066094792,0.00037270124484924203,True
1.0560000000000007,5,221,wrong_size,7.7311865478767805,0.002413543121840309,True
1.0560000000000007,6,228,good,2.991509449233723,0.2340306488001101,True
1.0560000000000007,7,232,good,3.0059787875918103,0.0001153020173869423,True
1.0600000000000007,2,235,good,3.008520855163356,0.000159045093295622,True
1.0600000000000007,3,220,plastic_chip,23.119132533050887,0.6984808895246197,True
1.0600000000000007,4,242,odd_colour,139.78854556437776,0.975695537176788,True
1.0600000000000007,5,224,good,2.8344332604280056,0.001950738716705565,True
1.0600000000000007,6,221,wrong_size,7.435873768586066,0.0022295367333266015,True
1.0600000000000007,7,228,good,2.8845045277369734,0.14957405355207584,True
1.0600000000000007,8,232,good,3.2037879399793026,9.147041297984084e-05,True
1.0640000000000007,4,235,good,3.012656170086296,0.0005689764721765223,True
1.0640000000000007,5,220,plastic_chip,23.10132942869109,0.6984808895246197,True
1.0640000000000007,6,242,odd_colour,137.75042966076677,0.9717965712527361,True
1.0640000000000007,7,224,good,2.7699554688357844,0.004585337405944404,True
1.0640000000000007,8,221,wrong_size,7.437789378036665,0.0019875967678150085,True
1.0640000000000007,9,228,good,2.9210449061030994,0.08385820739202367,True
1.0680000000000007,2,238,odd_colour,131.8691003910049,0.9825017249795299,True
1.0680000000000007,3,233,good,3.317639259094931,0.004068181295698023,True
1.0680000000000007,4,235,good,3.054548825651753,0.00025235292676657506,True
1.0680000000000007,5,220,plastic_chip,23.369670814651457,0.6904035487895355,True
1.0680000000000007,6,242,odd_colour,137.11355965060957,0.9730400754469591,True
1.0680000000000007,7,224,good,2.7679120922888396,0.010165884913624324,True
1.0720000000000007,2,238,odd_colour,132.0324705576015,0.9346337243510728,True
1.0720000000000007,3,233,good,5.001329687608114,0.00021777873183925802,True
1.0720000000000007,4,235,good,2.8868925109182975,0.0022007233434236436,True
1.0760000000000007,3,238,odd_colour,131.59383092611117,0.9779021383092459,True
1.0760000000000007,4,233,good,4.994371970317686,0.0003034862821841736,True
1.0800000000000007,3,246,odd_colour,197.99924848699717,0.9718454848847717,True
1.0840000000000007,3,239,good,1.7485771004239294,0.0008811543012704937,True
1.0840000000000007,4,246,odd_colour,194.2998797117833,0.9589348308651671,True
1.0880000000000007,3,231,odd_colour,151.08535763687615,0.6698198365709602,True
1.0880000000000007,4,239,good,1.6337091402545412,0.002463032643733704,True
1.0880000000000007,5,246,odd_colour,197.16339121572332,0.9740037079625058,True
1.0920000000000007,2,237,odd_colour,161.95867446342248,0.9595871652089746,True
1.0920000000000007,3,231,odd_colour,150.69233930822097,0.9222681150583777,True
1.0920000000000007,4,239,good,1.7632015416964255,0.0006869589227679661,True
1.0960000000000008,3,237,odd_colour,161.93479299496502,0.9773004317541947,True
1.0960000000000008,4,231,odd_colour,148.73983037216018,0.9088060438902039,True
1.1000000000000008,2,226,plastic_chip,21.07890038711254,0.4018808565247579,True
1.1000000000000008,3,237,odd_colour,162.39460091487018,0.9697614914928331,True
1.1040000000000008,3,247,good,2.858606924030847,0.005182257329577967,True
1.1040000000000008,4,241,odd_colour,425.3438926981926,0.8613174127614758,True
1.1040000000000008,5,226,plastic_chip,21.093781305982727,0.40138636995823956,True
1.1080000000000008,3,240,wrong_size,10.170645511167255,0.018947090744559837,True
1.1080000000000008,4,247,good,2.829578733357104,0.0031238279623991105,True
1.1080000000000008,5,241,odd_colour,413.7874772248505,0.9521814637026589,True
1.1080000000000008,6,226,plastic_chip,21.03203581172403,0.4012001445192457,True
1.1120000000000008,2,254,odd_colour,197.66677368268776,0.9540416399988774,True
1.1120000000000008,3,245,good,2.33802768512302,2.3643319742998734e-05,True
1.1120000000000008,4,240,wrong_size,13.4455247303609,0.012700698901368575,True
1.1120000000000008,5,247,good,2.841703505105629,0.005887450144493747,True
1.1120000000000008,6,241,odd_colour,373.62978930876557,0.956055742305825,True
1.1160000000000008,3,253,good,2.1252534009848034,0.00023143800648701686,True
1.1160000000000008,4,254,odd_colour,198.36683269661762,0.9448234976410104,True
1.1160000000000008,5,245,good,2.35259028481954,3.1827437707210766e-05,True
1.1160000000000008,6,240,wrong_size,10.256566209770368,1.824099203616952e-05,True
1.1160000000000008,7,247,good,2.801722377862701,0.005151005004944497,True
1.1160000000000008,8,241,odd_colour,367.6779845859845,0.7678616977069117,True
1.1200000000000008,2,210,good,7.388600506551143,0.00014455273135697687,True
1.1200000000000008,3,253,good,2.0250354711029352,0.0004574120447603143,True
1.1200000000000008,4,254,odd_colour,198.72192585749312,0.9758257813440315,True
1.1200000000000008,5,245,good,2.3903089785147666,3.151218018489351e-05,True
1.1240000000000008,3,210,good,5.653271822647513,0.00011100056868480178,True
1.1240000000000008,4,253,good,2.001970590170012,0.0004836658649366595,True
1.1280000000000008,3,252,good,3.0099367218574833,0.0032774685792901262,True
1.1280000000000008,4,210,good,4.751153723159961,0.00010223497193138939,True
1.1280000000000008,5,253,good,1.9820071417482472,0.0004485626968496104,True
1.1320000000000008,3,251,good,2.2318674345224605,0.010230382202848064,True
1.1320000000000008,4,252,good,2.9904882450805568,0.001452888929786155,True
1.1320000000000008,5,210,good,5.935300961239439,0.0002557357340753354,True
1.1360000000000008,5,250,good,2.0589853722213345,0.0005680318896264872,True
1.1360000000000008,6,251,good,2.2025755124702497,0.005035413233147917,True
1.1360000000000008,7,252,good,3.006700585150939,0.0020457641756730246,True
1.1360000000000008,8,210,good,5.817297157673879,0.00013706361012145532,True
1.1400000000000008,3,243,good,2.7597025959895722,0.00022391631024984876,True
1.1400000000000008,4,256,good,3.4900938705471267,0.00033850217516697193,True
1.1400000000000008,5,249,wrong_size,9.164182421915324,0.008213333654533191,True
1.1400000000000008,6,250,good,2.058464885879657,0.0010338106009605025,True
1.1400000000000008,7,251,good,2.208940986127938,0.02196203665445276,True
1.1440000000000008,2,248,good,2.896496929939764,0.005100419544215999,True
1.1440000000000008,3,243,good,4.838569183740426,0.00040251981515054087,True
1.1440000000000008,4,256,good,3.270247273594712,9.155301105148436e-05,True
1.1440000000000008,5,249,wrong_size,9.118063744478269,0.005520795027513345,True
1.1440000000000008,6,250,good,2.065654694900654,0.0004759130864274195,True
1.1480000000000008,4,248,good,2.8232684206895113,0.014411407880181777,True
1.1480000000000008,5,243,good,4.891033602755952,0.002873864452493172,True
1.1480000000000008,6,256,good,3.7979697677444673,0.00022204342017654097,True
1.1480000000000008,7,249,wrong_size,9.132537140869836,0.004996796531225549,True
1.1520000000000008,3,257,good,2.6556194753797673,4.884014026734299e-05,True
1.1520000000000008,4,248,good,2.8445154199452976,0.02184181415282253,True
1.1520000000000008,5,243,good,2.568515169702279,0.0007568470926362473,True
1.1560000000000008,3,257,good,2.511887109825964,8.829714365765002e-05,True
1.1600000000000008,3,257,good,2.5687218406543035,4.528271482091903e-05,True
1.1680000000000008,2,264,good,2.8894094772523067,4.1331128042753986e-05,True
1.1680000000000008,3,259,good,2.018491385325397,0.0014104095081105945,True
1.1680000000000008,4,265,good,2.4295909111108602,4.804475629168946e-05,True
1.1720000000000008,4,264,good,2.872996905081542,9.358406549227003e-05,True
1.1720000000000008,5,259,good,2.032520296306692,0.0008746230454032065,True
1.1720000000000008,6,265,good,2.462468499741034,1.7285015456669125e-05,True
1.1760000000000008,2,261,good,2.372448351797118,0.00032733160611140205,True
1.1760000000000008,3,266,plastic_chip,22.03702972912749,0.3608951034992467,True
1.1760000000000008,4,264,good,2.845272928190218,0.00012153555037677671,True
1.1760000000000008,5,259,good,2.036194907147156,0.0012509688984348524,True
1.1760000000000008,6,265,good,2.402360398587644,2.5647562066943976e-05,True
1.1800000000000008,2,261,good,2.335195210918006,0.00035529464266072095,True
1.1800000000000008,3,266,plastic_chip,22.029181865732152,0.43059871907091635,True
1.1840000000000008,2,261,good,2.4033424920976127,0.0005158147832788118,True
1.1880000000000008,3,270,good,8.677104977141472,0.004987916858056057,True
1.1880000000000008,4,271,odd_colour,122.82326472851537,0.9808780319479743,True
1.1920000000000008,2,267,good,3.1544553087150686,0.00023953362556821653,True
1.1920000000000008,3,270,good,7.238809924581672,0.004699229210089991,True
1.1960000000000008,3,275,good,2.8962900570620786,0.0013996397715681048,True
1.1960000000000008,4,267,good,3.194335792733321,0.0001942260477490541,True
1.1960000000000008,5,271,odd_colour,168.83333280226873,0.7398431592609848,True
1.1960000000000008,6,270,good,7.2047773293825585,0.0016451452103315712,True
1.2000000000000008,2,276,good,1.7888971479560178,0.00023023061080397662,True
1.2000000000000008,3,269,wrong_size,9.34320982429244,0.0016536828114907419,True
1.2000000000000008,4,275,good,3.2675020720510988,0.0006140806616803822,True
1.2000000000000008,5,267,good,2.761689090302516,0.000253202119281564,True
1.2000000000000008,6,271,odd_colour,268.02710949240947,0.7515794729002637,True
1.2000000000000008,7,270,good,7.390241087489077,0.006284007827262492,True
1.2040000000000008,3,276,good,1.710298045835893,0.00020406854052237055,True
1.2040000000000008,4,269,wrong_size,9.056281820326879,0.003275441260429138,True
1.2040000000000008,5,275,good,3.475829997130619,0.0006801495999524388,True
1.2080000000000009,4,272,good,2.317896520398784,0.0003318181431642823,True
1.2080000000000009,5,276,good,1.7275994613931616,9.851573099445431e-05,True
1.2080000000000009,6,269,wrong_size,10.29731507847549,0.0011936666635749737,True
1.2080000000000009,7,275,good,3.582567766290072,0.23041225152319272,True
1.2120000000000009,3,273,good,3.1580233044981245,0.0002361898133146304,True
1.2120000000000009,4,274,good,2.4504294649724265,0.0015086659708781142,True
1.2120000000000009,5,272,good,2.350177552703349,0.00011909920340290995,True
1.2120000000000009,6,276,good,1.762817565385807,0.00016618766889266997,True
1.2160000000000009,2,281,good,3.5250847316456033,0.0009205875585039479,True
1.2160000000000009,3,278,good,6.073784694763788,0.004724916779850187,True
1.2160000000000009,4,273,good,3.063754112354114,0.0008870844034870973,True
1.2160000000000009,5,274,good,2.4365367682575925,0.0014569298730962984,True
1.2160000000000009,6,272,good,2.0431710197509902,0.0001061828044296439,True
1.2200000000000009,2,278,good,6.084055498205075,0.004597395368307855,True
1.2200000000000009,3,273,good,3.1196820530653664,0.0018343687891461825,True
1.2200000000000009,4,274,good,2.557806535392138,0.021250600993772677,True
1.2240000000000009,3,279,good,1.9095398643190853,0.00033792881061648673,True
1.2240000000000009,4,278,good,6.093404715679076,0.00563715232910872,True
1.2280000000000009,3,262,plastic_chip,21.631709939358863,0.4262322422980239,True
1.2280000000000009,4,279,good,1.8992556969276968,0.00047527431910193355,True
1.2320000000000009,3,277,good,2.031808268519963,0.0005186672673030378,True
1.2320000000000009,4,279,good,1.9662623795033118,0.0003055599458199408,True
1.2360000000000009,2,283,wrong_size,14.10525091904949,0.00686476265059216,True
1.2360000000000009,3,280,good,2.995604079456156,9.455867754103212e-05,True
1.2360000000000009,4,277,good,2.0388747843605732,0.000625228073370015,True
1.2360000000000009,5,279,good,1.7497371392651795,0.00041500334298950794,True
1.2400000000000009,2,283,wrong_size,12.287182150354703,0.038991048086085306,True
1.2400000000000009,3,280,good,2.8871385501483866,7.959320147191967e-05,True
1.2400000000000009,4,277,good,2.0248271797330144,0.0005718543157750471,True
1.2440000000000009,3,283,wrong_size,15.612047596523622,0.014033181611140278,True
1.2440000000000009,4,280,good,3.16601081493718,7.047212461493145e-05,True
1.2480000000000009,3,288,wrong_size,10.530909813986497,0.001957515243537897,True
1.2480000000000009,5,280,good,2.8064818811785353,5.406880709811901e-05,True
1.252000000000001,2,282,good,3.0796375960961266,0.02545224177467759,True
1.252000000000001,3,289,good,2.824943478090914,9.178079882302308e-05,True
1.252000000000001,4,288,wrong_size,10.467915429393624,0.0016400825684380676,True
1.256000000000001,3,293,good,1.546353961449016,2.9550127813347854e-05,True
1.256000000000001,4,282,good,3.0025423807613776,0.002709952773131202,True
1.256000000000001,5,289,good,2.770709636684147,3.300456524577745e-05,True
1.256000000000001,6,288,wrong_size,10.641091008852877,0.002163355616410929,True
1.260000000000001,2,284,good,3.272673036110453,0.00026117586991830785,True
1.260000000000001,3,293,good,1.5834365475837218,8.94270096211624e-05,True
1.260000000000001,4,282,good,2.9071942953891345,0.0032057758330257475,True
1.260000000000001,5,289,good,2.723319452107752,2.3459290678783147e-05,True
1.264000000000001,2,284,good,3.2780003078141213,0.000278165490323255,True
1.264000000000001,3,293,good,1.4228726318172613,2.450977109916702e-05,True
1.264000000000001,4,282,good,3.028303969586089,0.008986864915552657,True
1.268000000000001,2,295,good,2.3663590662180907,8.415677491021442e-06,True
1.268000000000001,3,286,good,2.4081831808568004,1.5965279330923613e-05,True
1.268000000000001,4,299,good,4.029851119075412,0.0006762952354217259,True
1.268000000000001,5,284,good,3.286661962692467,0.00018796131448361948,True
1.272000000000001,3,286,good,2.5663690023913164,1.4522879709255725e-05,True
1.272000000000001,4,295,good,2.3945475882709824,9.229433169651735e-06,True
1.272000000000001,5,299,good,3.877490344678103,0.001077438823166618,True
1.276000000000001,3,291,good,7.5570720934914775,0.00020751604207395883,True
1.276000000000001,4,286,good,2.6024484993607113,1.8771680474726372e-05,True
1.276000000000001,5,295,good,2.501325664036548,1.5818786712083496e-05,True
1.276000000000001,6,299,good,3.7434675249426035,0.0009269627028562099,True
1.280000000000001,4,312,good,9.028044413962578,0.30041781793584893,True
1.280000000000001,5,290,good,2.211282289617482,3.612711019438038e-05,True
1.280000000000001,6,291,good,7.622095095256456,0.0001668080277822812,True
1.280000000000001,7,286,good,2.604096642502481,3.812411203561326e-05,True
1.280000000000001,8,295,good,2.439255271502792,8.37622673656293e-06,True
1.284000000000001,4,294,good,3.2543856611569635,0.005937077398512056,True
1.284000000000001,5,297,plastic_chip,22.848346928458863,0.3326518841980571,True
1.284000000000001,6,290,good,2.2010577033796204,3.1237762349572256e-05,True
1.284000000000001,7,312,good,7.911168608906516,0.4922675828219284,True
1.284000000000001,8,291,good,7.498916258244633,0.00018681589233370585,True
1.288000000000001,3,298,good,2.50877134437872,0.0004285510928781235,True
1.288000000000001,4,292,wrong_size,8.544538830071804,0.0006161033437878383,True
1.288000000000001,5,296,good,3.154952891664991,0.009627680448568253,True
1.288000000000001,6,294,good,2.9310661081849156,0.003994871029146315,True
1.288000000000001,7,297,plastic_chip,22.964692085234613,0.3313812011364871,True
1.288000000000001,8,290,good,1.8424230766777883,2.0662518593910615e-05,True
1.292000000000001,3,304,good,2.870189049713873,3.449432255605935e-05,True
1.292000000000001,4,300,good,4.278077990141583,3.231067556496889e-05,True
1.292000000000001,5,298,good,2.4527504566616223,0.0008448834432274505,True
1.292000000000001,6,296,good,3.4742545302711347,0.5588612626905145,True
1.292000000000001,7,292,wrong_size,8.869981871371296,0.0005160083367753363,True
1.292000000000001,8,294,good,2.722105348757268,0.007254703711769591,True
1.296000000000001,2,309,odd_colour,143.0636650565821,0.9805194880098858,True
1.296000000000001,3,304,good,2.8757798214341013,2.4311679893879706e-05,True
1.296000000000001,4,300,good,3.693792694425127,7.560784122783335e-05,True
1.296000000000001,5,298,good,2.4541521389576713,0.0013177554163014543,True
1.296000000000001,6,296,good,3.7811460256623457,0.011072106795111954,True
1.296000000000001,7,292,wrong_size,8.539187770514188,0.00042018946632468157,True
1.300000000000001,3,309,odd_colour,142.05126057386448,0.9645115174904678,True
1.300000000000001,4,304,good,2.8773783578345076,2.944939645027034e-05,True
1.300000000000001,5,300,good,4.104135014506,3.197803925012043e-05,True
1.300000000000001,6,298,good,2.52344150413193,0.00039758528669350346,True
1.300000000000001,7,296,good,3.866357618713302,0.010193205244666052,True
1.304000000000001,2,302,good,3.4930055774817172,9.410021159815123e-05,True
1.304000000000001,3,306,good,2.260253273028883,0.0001432859064822527,True
1.304000000000001,4,309,odd_colour,143.5898548324199,0.972592413213411,True
1.304000000000001,5,304,good,3.0183703998859976,1.6416432155937903e-05,True
1.308000000000001,2,302,good,3.484239448313191,0.0001284417929704834,True
1.308000000000001,3,306,good,2.108052981930647,7.197556771438944e-05,True
1.312000000000001,4,302,good,3.509509787173976,0.00020241892730495027,True
1.312000000000001,5,306,good,2.19406651523442,0.0001740013806790301,True
1.316000000000001,2,301,good,3.364135044436308,0.02503944368183736,True
1.316000000000001,3,305,wrong_size,8.78955707424092,0.2901786065217372,True
1.316000000000001,4,302,good,3.438416728881575,9.961203078287662e-05,True
1.320000000000001,2,301,good,3.4710661825820273,0.00653082764729818,True
1.320000000000001,3,305,wrong_size,8.665782249520339,0.20895976271411967,True
1.324000000000001,3,311,good,2.9816306109731863,0.015811427745008523,True
1.324000000000001,4,316,good,4.655077816869374,0.0055207256806064494,True
1.324000000000001,5,301,good,3.450461078968856,0.014443301973613808,True
1.324000000000001,6,305,wrong_size,8.827334280483155,0.16962150383049024,True
1.328000000000001,2,308,odd_colour,195.8279797482083,0.9612732111727136,True
1.328000000000001,3,311,good,2.704510322952442,0.004576888685097777,True
1.328000000000001,4,316,good,4.609127221183703,0.040059564273006595,True
1.328000000000001,5,301,good,3.5686443608702634,0.01778211151620695,True
1.332000000000001,3,308,odd_colour,198.21318667037005,0.9722786642081692,True
1.332000000000001,4,311,good,2.8512257147540714,0.00327259296190954,True
1.332000000000001,5,316,good,4.630738627269574,0.0076718793566941815,True
1.336000000000001,3,313,good,2.4803683200196986,1.3932768840500049e-05,True
1.336000000000001,4,308,odd_colour,198.71516711467686,0.965713921684248,True
1.336000000000001,5,311,good,2.8728740442891287,0.008909200371802404,True
1.340000000000001,3,310,good,3.8830281237819135,0.0017163831339877963,True
1.340000000000001,4,313,good,2.5381259647203622,4.775158691319885e-06,True
1.344000000000001,4,318,good,2.0823322557805963,0.00048782387735500816,True
1.344000000000001,5,310,good,4.018108296516146,0.010303114642748908,True
1.344000000000001,6,313,good,2.6674223427324923,1.981902044306974e-05,True
1.348000000000001,3,317,plastic_chip,19.733616119022248,0.24914769533807968,True
1.348000000000001,4,318,good,2.0324386345359478,9.530010189773726e-05,True
1.348000000000001,5,310,good,5.405269837963898,0.0012659647806840509,True
1.352000000000001,3,200,good,2.697969858992197,0.02322068306712339,True
1.352000000000001,4,317,plastic_chip,19.2431230486668,0.2818242327429139,True
1.352000000000001,5,318,good,1.908173230865841,0.00033149744165756137,True
1.352000000000001,6,310,good,5.457899514390493,0.0005772864758174282,True
1.356000000000001,3,320,good,4.053375737600515,0.0003861914387941439,True
1.356000000000001,4,200,good,2.7142669483132935,0.01268818925558885,True
1.356000000000001,5,317,plastic_chip,19.09954380091198,0.2771418251387496,True
1.360000000000001,3,319,good,4.3376488836762785,9.274496658304549e-05,True
1.360000000000001,5,320,good,4.260234092612406,5.0886549476787916e-05,True
1.364000000000001,3,315,odd_colour,141.94801776722997,0.9661100877054959,True
1.364000000000001,4,319,good,4.310982617964936,0.00011349747499312357,True
1.364000000000001,5,200,good,2.5092797239662508,0.003259230498056329,True
1.364000000000001,6,314,good,2.1922165917866607,0.006376372856906009,True
1.364000000000001,7,320,good,4.059544806550816,5.434823683808707e-05,True
1.368000000000001,3,337,odd_colour,137.73117949442874,0.9838377561181416,True
1.368000000000001,4,315,odd_colour,141.62334529141182,0.9670790427980811,True
1.368000000000001,5,200,good,5.9986171104287,0.9999345246827498,True
1.368000000000001,6,319,good,4.231541091009506,9.524969769954558e-05,True
1.368000000000001,7,314,good,2.2308640333886696,0.009595888911735698,True
1.372000000000001,3,325,good,1.8719922547799503,0.007444993123319857,True
1.372000000000001,4,328,wrong_size,8.181871884097427,0.01545827575492981,True
1.372000000000001,5,337,odd_colour,134.6618402201356,0.975409721307954,True
1.372000000000001,6,200,good,5.201434049401679,0.3004183477510613,True
1.372000000000001,7,315,odd_colour,141.0681130652063,0.9754724530680268,True
1.372000000000001,8,319,good,4.325655234763879,0.0001600185205098026,True
1.376000000000001,2,323,good,3.122933182413814,0.4251431790451043,True
1.376000000000001,3,325,good,1.875616743575656,0.00903006916729615,True
1.376000000000001,4,328,wrong_size,8.223036073030457,0.018771768364586553,True
1.376000000000001,5,337,odd_colour,132.5246402888472,0.9706946344803449,True
1.380000000000001,3,323,good,3.304379681991174,0.3656884748499597,True
1.380000000000001,4,325,good,1.88234144545727,0.0063417963773992735,True
1.380000000000001,5,328,wrong_size,8.242849800826603,0.020775051311672434,True
1.384000000000001,2,322,good,3.9472337508383513,0.01464784773003741,True
1.384000000000001,3,323,good,3.2862784157894454,0.21820476703110497,True
1.384000000000001,4,325,good,1.9213701716628766,0.04169787357775505,True
1.388000000000001,4,322,good,3.829678575063694,0.004484719411207306,True
1.392000000000001,2,326,good,2.46210841378328,0.0021375716320754423,True
1.392000000000001,3,330,good,2.3192266412314892,2.027224407053825e-05,True
1.392000000000001,4,333,odd_colour,268.45589840441755,0.9941350144391541,True
1.392000000000001,5,327,good,2.4072647197849855,0.00013256429465176338,True
1.392000000000001,6,336,good,3.1247057419217894,0.0001863497150366333,True
1.392000000000001,7,322,good,3.777755408760635,0.005214722955096899,True
1.396000000000001,2,331,good,1.9728195756997424,2.3051995991627886e-06,True
1.396000000000001,3,326,good,2.3889043129434837,0.0065258140305672245,True
1.396000000000001,4,330,good,2.287897428774393,2.6079999020790385e-05,True
1.396000000000001,5,333,odd_colour,268.95342152652483,0.9909201643025524,True
1.396000000000001,6,327,good,2.3808695522301204,3.806497730816296e-05,True
1.396000000000001,7,336,good,3.1263291804988635,0.00029760309554315825,True
1.400000000000001,2,331,good,1.9631667978635294,4.267625478269179e-06,True
1.400000000000001,3,326,good,2.3627303667753483,0.0019798295914454085,True
1.400000000000001,4,330,good,2.3361644597532503,3.2962570321001106e-05,True
1.400000000000001,5,333,odd_colour,266.73509362574276,0.9937346797268082,True
1.400000000000001,6,327,good,2.5097610778505297,2.9038478435937974e-05,True
1.400000000000001,7,336,good,3.108982790231189,0.0002862949744787948,True
1.404000000000001,2,332,good,2.7317125311760897,0.0021018531191024604,True
1.404000000000001,3,331,good,1.9433368655362946,2.0446297404398472e-05,True
1.404000000000001,4,326,good,2.57500294691831,0.003154615972181227,True
1.404000000000001,5,330,good,2.339135582243681,1.9621656831993808e-05,True
1.408000000000001,3,329,good,2.2807356696484598,0.002460273346299746,True
1.408000000000001,4,334,odd_colour,186.3582552069182,0.8130055617618346,True
1.408000000000001,5,332,good,2.86020583906664,0.003933671657942596,True
1.412000000000001,4,329,good,2.257435162348202,0.0013295454253386143,True
1.412000000000001,5,334,odd_colour,186.01184872791237,0.9537573316487422,True
1.412000000000001,6,332,good,2.7546361176352203,0.0010089658081790923,True
1.416000000000001,2,338,good,3.1302110802577285,0.00013390723024499812,True
1.416000000000001,4,329,good,2.2999801472146357,0.0028324550725210133,True
1.416000000000001,5,334,odd_colour,187.17914909456996,0.808263309869752,True
1.416000000000001,6,332,good,2.658228596979217,0.003385115873156212,True
1.420000000000001,2,338,good,3.0038729711665466,0.0003010253285829355,True
1.420000000000001,3,321,good,4.161971028463663,0.0008625549052431711,True
1.420000000000001,4,335,good,2.845549360194912,0.0016986954862262247,True
1.420000000000001,5,329,good,2.336661937831851,0.0017973343151032395,True
1.420000000000001,6,334,odd_colour,188.76414110727646,0.9334691527907737,True
1.424000000000001,2,321,good,4.180860466506193,0.0005572537091592812,True
1.424000000000001,3,338,good,3.0763903445534577,0.00017114713935918846,True
1.428000000000001,2,344,good,2.217167094196274,0.005657963362593785,True
1.428000000000001,3,321,good,4.402149835922849,0.030386583627169055,True
1.432000000000001,2,339,good,2.457677111647937,0.03596933534515568,True
1.432000000000001,3,344,good,2.243959826089376,0.019642568421336472,True
1.436000000000001,3,339,good,2.4442570026271646,0.0014662098688265248,True
1.436000000000001,4,344,good,2.17759858230514,0.014234552965291443,True
1.440000000000001,2,345,good,2.5494979009590355,2.175539435227398e-05,True
1.440000000000001,3,339,good,2.375713366489545,0.0019316438925264829,True
1.444000000000001,4,345,good,2.6036135263306,1.2691185239821025e-05,True
1.444000000000001,5,339,good,2.4127623118325916,0.005336888817304191,True
1.448000000000001,3,347,good,2.1601841413018863,1.3326362973912004e-05,True
1.448000000000001,4,341,good,2.2831139142659964,0.04940015290496433,True
1.448000000000001,5,345,good,2.637218035081692,1.9420353371090568e-05,True
1.452000000000001,3,342,odd_colour,123.6241139527883,0.8712507751598966,True
1.452000000000001,4,347,good,2.3066976020501877,3.08092243867282e-05,True
1.452000000000001,5,341,good,2.2944014776220363,0.044164099835031716,True
1.456000000000001,3,352,wrong_size,10.68683457893385,0.000250965939747129,True
1.456000000000001,4,342,odd_colour,124.78565372080358,0.888227631337386,True
1.456000000000001,5,347,good,2.19692917615736,6.369999488906239e-06,True
1.456000000000001,6,341,good,2.270131836848173,0.04614775695249195,True
1.460000000000001,4,354,good,3.4108678557572896,5.4382885778545044e-05,True
1.460000000000001,5,343,good,6.970656361374782,0.001743124438033847,True
1.460000000000001,6,352,wrong_size,10.775956318860503,0.00017224446559070255,True
1.460000000000001,7,342,odd_colour,125.85410165033848,0.883302041621447,True
1.464000000000001,3,359,plastic_chip,21.529536635036557,0.3002989585954987,True
1.464000000000001,4,349,wrong_size,7.8673845141536285,0.00147449971258967,True
1.464000000000001,5,348,good,4.182510031453242,0.6663228385676677,True
1.464000000000001,6,343,good,4.763791253420385,0.002219763152468403,True
1.464000000000001,7,354,good,3.258842907940524,3.8880505219995275e-05,True
1.464000000000001,8,352,wrong_size,10.8308202754219,0.00017348415266119115,True
1.468000000000001,5,350,wrong_size,10.40379252828499,0.0045974342000253045,True
1.468000000000001,6,359,plastic_chip,21.405665638267596,0.2708820314182152,True
1.468000000000001,7,349,wrong_size,7.751470192988671,0.0006983307166838616,True
1.468000000000001,8,343,good,5.023721134724712,0.0014984330410689854,True
1.468000000000001,9,348,good,4.639458052374689,0.8394283956260962,True
1.468000000000001,10,354,good,3.3241512232222385,3.5485327421472486e-05,True
1.472000000000001,2,351,wrong_size,9.324288999073387,0.04622110712677823,True
1.472000000000001,3,353,good,2.0142819386782493,0.00014285848960547085,True
1.472000000000001,4,357,good,2.328544173291528,0.0007941505685486644,True
1.472000000000001,5,350,wrong_size,10.54124134108675,0.003769786593821365,True
1.472000000000001,6,359,plastic_chip,21.278036888134842,0.26181933333169405,True
1.472000000000001,7,349,wrong_size,7.834116769431403,0.0008273389602559489,True
1.472000000000001,8,343,good,6.997559121235953,0.001653733527167608,True
1.472000000000001,9,354,good,3.1722092404178874,0.0004044868208133847,True
1.476000000000001,3,351,wrong_size,9.411644393805528,0.02397102712256364,True
1.476000000000001,4,353,good,2.089739099063224,0.00011006437715427123,True
1.476000000000001,5,357,good,2.3861146782769733,0.00044910593705212176,True
1.476000000000001,6,350,wrong_size,10.360664391780658,0.008616282484183944,True
1.480000000000001,3,360,good,2.6141105314485915,0.0006051682120535378,True
1.480000000000001,4,351,wrong_size,9.393065644267036,0.06662130097553036,True
1.480000000000001,5,353,good,2.078369272381248,7.835625521206432e-05,True
1.480000000000001,6,357,good,2.406114835189508,0.0007496155694942842,True
1.484000000000001,2,340,plastic_chip,21.66819162662459,0.42762320500492257,True
1.484000000000001,3,360,good,2.2901988941948486,3.609829587788251e-05,True
1.488000000000001,2,340,plastic_chip,21.771830791685147,0.5179642851285712,True
1.488000000000001,3,360,good,2.0924183575428823,0.0005086733133755328,True
1.492000000000001,2,340,plastic_chip,21.671643884912235,0.42762320500492246,True
1.496000000000001,4,355,good,3.622482156496332,0.5882770963276984,True
1.500000000000001,2,365,good,10.584517580858435,0.44515918919410347,True
1.500000000000001,3,356,wrong_size,10.05497738703557,0.30011677207452825,True
1.500000000000001,4,362,odd_colour,276.69722449727334,0.9814406237576491,True
1.500000000000001,5,355,good,3.4162042122331107,0.38848001075257865,True
1.5040000000000011,2,358,good,2.6736770575477533,1.930983898742162e-05,True
1.5040000000000011,3,375,good,6.618883667563604,0.07151764055744673,True
1.5040000000000011,4,365,good,10.538073819834075,0.3234292466062155,True
1.5040000000000011,5,362,odd_colour,275.16542881871067,0.9680099058457565,True
1.5040000000000011,6,356,wrong_size,12.220968928489793,0.10551733208242646,True
1.5040000000000011,7,355,good,3.4002601414283498,0.48777678113088235,True
1.5080000000000011,2,358,good,2.720427818987333,1.0097794011157223e-05,True
1.5080000000000011,3,375,good,6.1389768431247385,0.014018436163713722,True
1.5080000000000011,4,365,good,9.608617372245147,0.04436216883425218,True
1.5080000000000011,5,362,odd_colour,274.80243589559774,0.9693699368516735,True
1.5080000000000011,6,356,wrong_size,13.914152006561253,0.06268439985475206,True
1.5080000000000011,7,355,good,3.478682817973619,0.338057496059933,True
1.5120000000000011,5,378,odd_colour,210.67126826639347,0.9966667078345893,True
1.5120000000000011,6,358,good,2.6724299726367806,1.992511268636515e-05,True
1.5120000000000011,7,375,good,6.038560037304342,0.003114717527349292,True
1.5120000000000011,8,365,good,10.93790008100938,0.20436401950099475,True
1.5160000000000011,3,361,wrong_size,7.635744578580273,0.001399172944888909,True
1.5160000000000011,4,363,good,3.3863665921345665,0.004157643135181781,True
1.5160000000000011,5,371,good,3.009779820770778,0.03678111879002007,True
1.5160000000000011,6,378,odd_colour,211.12243414005394,0.9968297681343351,True
1.5160000000000011,7,358,good,2.715019665061765,2.997140334732826e-05,True
1.5200000000000011,3,366,odd_colour,145.15759094422503,0.8514862248997398,True
1.5200000000000011,4,361,wrong_size,7.626669126139942,0.001411139974890543,True
1.5200000000000011,5,363,good,3.1958661964157318,0.00021280472234735067,True
1.5200000000000011,6,371,good,2.613270099860076,0.002618258232011128,True
1.5200000000000011,7,378,odd_colour,209.149538762727,0.9965548648264366,True
1.5240000000000011,2,372,good,2.679718535140009,8.394781286078948e-05,True
1.5240000000000011,3,366,odd_colour,144.09324338695143,0.876169797479094,True
1.5240000000000011,4,361,wrong_size,7.614699728507745,0.001455541135733327,True
1.5240000000000011,5,363,good,3.338858527935355,0.0005217463709070208,True
1.5240000000000011,6,371,good,2.658107668376523,0.0014641782400309292,True
1.5280000000000011,3,372,good,2.6255973183646044,0.00015630821512544987,True
1.5280000000000011,4,366,odd_colour,144.73670061990808,0.9632997601582743,True
1.5320000000000011,3,367,good,3.3775163686433514,0.009653308860914504,True
1.5320000000000011,4,372,good,2.5903595578865426,0.00010353967194196306,True
1.5360000000000011,3,369,good,3.149987628387837,0.07019028298690633,True
1.5360000000000011,4,367,good,3.3102446123938556,0.004185901909167947,True
1.5360000000000011,5,372,good,2.6122397241840623,0.00011040504044831154,True
1.5400000000000011,2,381,plastic_chip,21.220008360027453,0.2976928831407368,True
1.5400000000000011,3,369,good,3.546669937663524,0.0632251578255364,True
1.5400000000000011,4,367,good,3.303993213834746,0.004932693253962917,True
1.5440000000000011,3,368,good,2.4962079029126727,0.012521732849212763,True
1.5440000000000011,5,381,plastic_chip,21.215975356292212,0.36079686443115444,True
1.5440000000000011,6,369,good,3.1461535420164135,0.02543733161151915,True
1.5480000000000012,2,364,good,3.156367209105017,0.00029489480672296943,True
1.5480000000000012,3,368,good,2.626881932959748,0.06819111397027305,True
1.5480000000000012,4,374,odd_colour,274.7811757803992,0.9669737420413391,True
1.5520000000000012,2,385,good,4.2276313285124605,0.000715073750800919,True
1.5520000000000012,3,364,good,3.1705028605807675,0.0001299494753327614,True
1.5520000000000012,4,368,good,2.5972297963688917,0.08129928780272991,True
1.5520000000000012,5,374,odd_colour,277.0413188185496,0.9635228371040688,True
1.5560000000000012,3,385,good,4.257785141965036,0.0016008724881380384,True
1.5560000000000012,4,364,good,3.183725654898024,0.00011830265829314919,True
1.5560000000000012,5,368,good,2.635311457976689,0.021711485003238187,True
1.5560000000000012,6,374,odd_colour,278.47004895012515,0.980764130013351,True
1.5600000000000012,3,382,good,3.682350112191377,0.004522146714736363,True
1.5600000000000012,4,373,good,2.540929909314883,0.0026098065324701757,True
1.5600000000000012,5,383,wrong_size,10.184866326884809,0.003726160738370676,True
1.5600000000000012,6,385,good,3.860628302071538,0.022230801045314476,True
1.5640000000000012,2,379,good,1.9120338994827468,2.3022344532516206e-05,True
1.5640000000000012,3,382,good,3.6121702734690406,0.01947453633005887,True
1.5640000000000012,4,373,good,2.51216516105342,0.0018733440167225425,True
1.5640000000000012,5,383,wrong_size,10.04208548469406,0.002701371442219666,True
1.5680000000000012,2,379,good,1.9128313875181733,2.3022344532516206e-05,True
1.5680000000000012,3,382,good,5.125227873399452,0.005225545378764396,True
1.5680000000000012,4,373,good,2.5094223953439396,0.003013815528819458,True
1.5680000000000012,5,383,wrong_size,10.093351002467557,0.004095794997662027,True
1.5720000000000012,2,379,good,1.9329912012891388,3.339967658681845e-05,True
1.5720000000000012,3,382,good,3.687003174498396,0.008590258733390982,True
1.5760000000000012,2,412,good,8.558962464939981,0.0038353979849980488,True
1.5800000000000012,5,412,good,12.524507036523913,0.07789304857535398,True
1.5840000000000012,2,380,odd_colour,189.50712876183738,0.9738117812104108,True
1.5840000000000012,3,398,good,3.3779255046574845,0.00011020949944146827,True
1.5880000000000012,2,384,good,2.942724239163437,0.0005721389794580265,True
1.5880000000000012,3,380,odd_colour,188.10504443177769,0.9634225683639714,True
1.5880000000000012,4,398,good,3.3718627595426254,4.066823645210652e-05,True
1.5920000000000012,3,389,good,2.1713831643085504,7.463115679746062e-05,True
1.5920000000000012,4,384,good,2.941031801543818,0.0004434676006842785,True
1.5920000000000012,5,380,odd_colour,185.90871342555155,0.9783350481221615,True
1.5920000000000012,6,398,good,3.490281357151164,0.00012373137631775316,True
1.5960000000000012,5,390,odd_colour,134.09761894610932,0.9786975901838598,True
1.5960000000000012,6,387,good,9.04997604673532,0.0007783745658239543,True
1.5960000000000012,7,389,good,2.26725690151908,8.523586591404227e-05,True
1.5960000000000012,8,384,good,2.9373067204668404,0.0005245056171129151,True
1.6000000000000012,2,391,good,2.9945372572897653,0.0037171497097019716,True
1.6000000000000012,4,388,good,2.3829754500324327,0.000836334236473895,True
1.6000000000000012,5,392,good,2.1121286139234474,0.0011432075685387654,True
1.6000000000000012,6,393,good,2.850236992401425,4.350238091607937e-06,True
1.6000000000000012,7,390,odd_colour,131.22448082743787,0.9085448955433064,True
1.6000000000000012,8,387,good,3.908792594485874,0.0012428716341938528,True
1.6000000000000012,9,389,good,2.2944349631447607,0.00015692039989553193,True
1.6040000000000012,2,395,good,2.690973593296078,1.737479253804969e-05,True
1.6040000000000012,3,399,good,2.46446453090733,0.0002078475234834506,True
1.6040000000000012,4,391,good,2.9696166411551728,0.0009872726045557648,True
1.6040000000000012,5,388,good,2.4033666649192993,0.0007161096290009552,True
1.6040000000000012,6,392,good,1.7804677621547187,0.0030941839636851537,True
1.6040000000000012,7,393,good,2.8398999760797228,3.9961822650674775e-06,True
1.6040000000000012,8,390,odd_colour,129.43688667866624,0.9854219985891416,True
1.6040000000000012,9,387,good,9.133988918881691,0.009165917027962496,True
1.6080000000000012,2,395,good,2.7635307676842844,5.352784265178708e-05,True
1.6080000000000012,3,399,good,2.863959642250994,6.499408607599081e-05,True
1.6080000000000012,4,391,good,3.2900992957718325,0.0018854635875971248,True
1.6080000000000012,5,388,good,2.4044057223178585,0.0008945689128579737,True
1.6080000000000012,6,392,good,1.783925249471171,0.0010928760526112424,True
1.6080000000000012,7,393,good,2.824054811701119,1.1229072885314656e-05,True
1.6080000000000012,8,390,odd_colour,128.86037042967934,0.9903790146017358,True
1.6120000000000012,3,395,good,2.6884542890968524,5.035178005946878e-05,True
1.6120000000000012,4,391,good,3.2883858522005944,0.00732362571162527,True
1.6120000000000012,5,399,good,2.1112173156072913,6.961616878259617e-05,True
1.6120000000000012,6,388,good,2.367683234878832,0.0008720415091878004,True
1.6160000000000012,2,396,good,2.5529550027434174,0.004240420390182335,True
1.6160000000000012,3,397,good,4.891905410710954,0.003528691857821505,True
1.6200000000000012,2,403,good,2.6385838132618704,0.0008306292237402127,True
1.6200000000000012,3,396,good,2.3298637757332323,0.000254701142757736,True
1.6200000000000012,4,397,good,4.942559325631612,0.0009250253128281722,True
1.6240000000000012,4,386,good,4.997456798666465,0.9954998686409692,True
1.6240000000000012,5,403,good,2.6586704915585915,0.0005949584896689893,True
1.6240000000000012,6,396,good,2.3517595639694218,0.000810459002259893,True
1.6240000000000012,7,397,good,6.930278566860719,0.0005313467078680267,True
1.6280000000000012,3,401,odd_colour,202.5541550832339,0.9789347985376587,True
1.6280000000000012,4,394,good,1.9580313650362875,0.0001113420089892447,True
1.6280000000000012,5,386,good,5.47997779566868,0.9857863879947716,True
1.6280000000000012,6,403,good,2.673180981044776,0.0005168318216374324,True
1.6280000000000012,7,396,good,2.485369003282491,0.001238527665571664,True
1.6320000000000012,2,405,good,3.3527408357244353,5.014018122530767e-05,True
1.6320000000000012,3,401,odd_colour,203.55560999504726,0.9986864145264196,True
1.6320000000000012,4,386,good,5.046946867014221,0.9887542154299513,True
1.6320000000000012,5,394,good,1.7422116816817315,5.839027567075112e-05,True
1.6320000000000012,6,403,good,2.639019492488234,0.0009164854148317336,True
1.6360000000000012,2,400,odd_colour,234.06203945031095,0.9852843567719604,True
1.6360000000000012,3,405,good,3.4167092934392325,4.8245177409995626e-05,True
1.6360000000000012,4,386,good,5.016445175504686,0.9751192576005195,True
1.6360000000000012,5,401,odd_colour,205.3091645283856,0.9763910095587094,True
1.6360000000000012,6,394,good,1.672521361385636,0.00013555683531869453,True
1.6400000000000012,2,400,odd_colour,236.0515024270729,0.9544518300477541,True
1.6400000000000012,3,405,good,3.3852262162304525,4.36685970674727e-05,True
1.6400000000000012,4,386,good,5.459213020158412,0.981677291895783,True
1.6440000000000012,3,406,good,2.1890910170493085,0.0004819374736790476,True
1.6440000000000012,4,400,odd_colour,231.70010013097078,0.9733714107709166,True
1.6480000000000012,2,402,good,2.64416788862993,9.461555020708846e-05,True
1.6480000000000012,3,406,good,1.7765921262920796,0.00041087189450678667,True
1.6480000000000012,4,400,odd_colour,231.53307107592832,0.959548377788594,True
1.6520000000000012,3,404,good,1.694740913446678,0.0014887905850822691,True
1.6520000000000012,4,402,good,2.1755752612188273,0.0008298476346867539,True
1.6520000000000012,5,406,good,1.7524042381595881,0.005278709693737925,True
1.6560000000000012,2,408,good,1.635883766226337,0.0018593325889647435,True
1.6560000000000012,3,404,good,1.7267055367578392,0.001257780272672893,True
1.6560000000000012,4,402,good,2.664660233857789,0.0005976192148169122,True
1.6560000000000012,5,406,good,1.6999253855898577,5.184527733168789e-05,True
1.6600000000000013,3,408,good,2.4562248189974007,0.002242414526317824,True
1.6600000000000013,4,404,good,2.148281061682924,0.00012080732218794998,True
1.6640000000000013,2,409,good,3.3630293855915148,0.05931314306712075,True
1.6640000000000013,3,410,good,3.0248496340309154,0.0038098308904569635,True
1.6640000000000013,4,408,good,2.4731846371666255,0.0019660204634154997,True
1.6640000000000013,5,404,good,2.1285432844344188,3.2541801128719724e-05,True
1.6680000000000013,2,409,good,3.6026230105891632,0.04823746026382659,True
1.6680000000000013,3,410,good,3.004058654474725,0.0036560284739129995,True
1.6720000000000013,3,409,good,3.3746395360671024,0.04375538123410328,True
1.6720000000000013,4,410,good,3.055281953767882,0.004364234094264549,True
1.6760000000000013,6,418,good,1.7541596506913468,9.14043360326422e-05,True
1.6760000000000013,7,409,good,3.3602966186872725,0.04465171137766431,True
1.6800000000000013,2,419,good,2.0959873075831092,0.0009795358698150131,True
1.6800000000000013,3,407,good,4.269930056394609,0.00010943671736187237,True
1.6800000000000013,4,413,wrong_size,9.851001383095394,0.0057490127382494585,True
1.6800000000000013,5,422,plastic_chip,22.8677368426131,0.23809062075556553,True
1.6800000000000013,6,418,good,1.7618364364190193,0.0001256992490927421,True
1.6840000000000013,2,419,good,2.200541623808077,0.0007694385165429435,True
1.6840000000000013,3,407,good,4.23428504217878,0.00014938624027141344,True
1.6840000000000013,4,413,wrong_size,9.604472789454745,0.006540030113105509,True
1.6840000000000013,5,422,plastic_chip,23.073931525866275,0.23894422794520262,True
1.6840000000000013,6,418,good,1.749400920836673,5.713630276057894e-05,True
1.6880000000000013,2,416,good,1.8333973872032352,2.3880814312115678e-05,True
1.6880000000000013,4,419,good,2.1321461416213663,0.0010323789708840557,True
1.6880000000000013,5,407,good,4.223301439309203,0.00015263236814592115,True
1.6880000000000013,6,413,wrong_size,9.616251675306692,0.0030496464753942366,True
1.6920000000000013,2,414,wrong_size,11.986503285973146,0.0014740466512869065,True
1.6920000000000013,3,415,good,2.200325421222683,0.0006712339598015743,True
1.6920000000000013,4,416,good,1.8280028566463082,1.5687245003159766e-05,True
1.6960000000000013,2,414,wrong_size,11.963680563640928,0.0016235410682112906,True
1.6960000000000013,3,415,good,2.227399374789423,5.905967283128985e-05,True
1.6960000000000013,4,416,good,1.9024819253833016,0.0002613982830323564,True
1.7000000000000013,3,421,good,3.0351598903868187,0.0002682132260653725,True
1.7000000000000013,5,414,wrong_size,11.956414695099284,0.0015747715073585156,True
1.7000000000000013,6,415,good,2.265652574939245,0.001466447169565727,True
1.7000000000000013,7,416,good,2.8909385955361824,0.0076950522999184165,True
1.7040000000000013,2,426,good,2.028599279083342,0.00010524440061873125,True
1.7040000000000013,3,420,good,2.657028670817268,5.731089819854445e-05,True
1.7040000000000013,4,421,good,3.055011112305405,0.0003791091964608635,True
1.7040000000000013,6,415,good,2.2012290994978865,0.0001239402935153552,True
1.7080000000000013,2,426,good,2.03007032909677,8.07926098685805e-05,True
1.7080000000000013,3,420,good,2.68687971847534,4.3002121418612685e-05,True
1.7080000000000013,4,421,good,3.0517185393876534,0.0003494600780870673,True
1.7120000000000013,3,426,good,2.2726163254660987,0.00025124952784708515,True
1.7120000000000013,4,420,good,2.5284544064942116,5.484054199523742e-05,True
1.7120000000000013,5,421,good,3.0980065217300683,0.0003107401050162231,True
1.7200000000000013,2,428,good,1.5297002585934691,0.0026063278067633465,True
1.7200000000000013,3,424,good,2.713087270158351,9.356822748435105e-05,True
1.7240000000000013,2,428,good,1.5854325609110567,0.0014076605592895138,True
1.7240000000000013,3,424,good,2.6550663412768087,6.388333651878734e-05,True
1.7280000000000013,4,428,good,1.4866805333869821,0.004954668283307784,True
1.7280000000000013,5,424,good,2.646226095670885,6.99710853067928e-05,True
1.7320000000000013,4,436,good,1.6480364318551701,0.00034213306215371994,True
1.7320000000000013,5,438,good,2.8919087343303933,0.005856076215294042,True
1.7360000000000013,3,429,odd_colour,230.86563733290052,0.9471742573063173,True
1.7360000000000013,4,433,good,2.629016419167513,0.027665266949589123,True
1.7360000000000013,5,436,good,1.437557908547388,0.0002642436133197395,True
1.7360000000000013,6,438,good,2.810233985670274,0.0007179335272730399,True
1.7400000000000013,4,432,odd_colour,185.43356132065847,0.9784789700434066,True
1.7400000000000013,5,437,good,4.119171590496203,1.4374531215467571e-05,True
1.7400000000000013,6,429,odd_colour,228.49363847373408,0.9586619976512752,True
1.7400000000000013,7,433,good,2.665463740476448,0.15617699779851008,True
1.7400000000000013,8,438,good,3.01908708789355,0.005849541716132843,True
1.7400000000000013,9,436,good,1.6451414252693797,0.0001234209159534564,True
1.7440000000000013,2,447,good,2.252820458495408,0.00021134684147666009,True
1.7440000000000013,3,435,good,3.4002472814269127,0.00040137600518332783,True
1.7440000000000013,4,432,odd_colour,185.502358223673,0.9808436895537455,True
1.7440000000000013,5,437,good,4.124734131367176,5.615269788878275e-05,True
1.7440000000000013,6,429,odd_colour,227.14204573681968,0.9742350484817411,True
1.7440000000000013,7,433,good,2.5409043138783347,0.0594157864426839,True
1.7480000000000013,4,447,good,2.2851183471452523,0.0003450805577091796,True
1.7480000000000013,5,435,good,3.198297110745971,4.134518064453671e-05,True
1.7480000000000013,6,432,odd_colour,188.29474505804936,0.972356619929527,True
1.7480000000000013,7,437,good,4.0974209865446385,2.7369326059200302e-05,True
1.7480000000000013,8,429,odd_colour,228.63470555048343,0.9399438978368356,True
1.7520000000000013,3,441,good,1.9280025461218522,0.002458920638934343,True
1.7520000000000013,4,431,good,2.0525731776861345,0.0006346788022417796,True
1.7520000000000013,5,434,wrong_size,9.727257711180862,0.0024979018009853404,True
1.7520000000000013,6,447,good,2.1982861985105835,4.6233551094933715e-05,True
1.7520000000000013,7,435,good,3.4409880635370667,7.139065794551309e-05,True
1.7520000000000013,8,432,odd_colour,188.42213538542586,0.9829346735283726,True
1.7560000000000013,3,441,good,2.076152921851765,0.0021806731023330857,True
1.7560000000000013,4,431,good,2.11228236859186,0.0014251648222022746,True
1.7560000000000013,5,434,wrong_size,9.73039542130249,0.0019042267802440456,True
1.7600000000000013,2,440,good,5.277134663207465,0.9525286895469401,True
1.7600000000000013,4,441,good,2.229551099766988,0.0010076561627584773,True
1.7600000000000013,5,431,good,2.017330608798995,0.0006068754707082253,True
1.7600000000000013,6,434,wrong_size,9.764139614798067,0.0007493649355659628,True
1.7640000000000013,3,440,good,7.784694840274143,0.999915407718193,True
1.7640000000000013,5,441,good,2.157370823679605,0.002989903470032435,True
1.7680000000000013,3,440,good,3.16561198887115,0.0002954502526044305,True
1.7720000000000014,3,440,good,2.5879254972939045,0.002401335412541347,True
1.7800000000000014,6,450,good,1.8517650796241283,0.00743461815905173,True
1.7800000000000014,7,442,good,4.03206435042317,0.00018419383253426134,True
1.7840000000000014,1,453,good,3.4414606346027607,0.0002974704722348867,True
1.7840000000000014,4,445,odd_colour,182.3658992191346,0.9846775355415243,True
1.7840000000000014,5,446,good,2.815783268520788,0.0001924579714335298,True
1.7840000000000014,6,456,good,5.191033890835844,0.0074014009348766585,True
1.7840000000000014,7,450,good,2.352753465776719,0.0009001628141428286,True
1.7840000000000014,8,442,good,4.0143537678526435,0.0001715083190071345,True
1.7880000000000014,2,448,odd_colour,175.64789220356212,0.918075899248167,True
1.7880000000000014,4,453,good,3.5562827244866084,0.00028881529510726875,True
1.7880000000000014,5,445,odd_colour,181.82978238599244,0.9898601459535129,True
1.7880000000000014,6,446,good,2.8544492125288468,0.0003751124626390875,True
1.7880000000000014,7,456,good,3.262300402630306,0.004618194765144657,True
1.7880000000000014,8,450,good,1.8641473414366128,0.0005891573638807077,True
1.7880000000000014,9,442,good,3.759827797108291,0.0008243375046919343,True
1.7920000000000014,2,448,odd_colour,175.50024119714297,0.8913507399839419,True
1.7920000000000014,4,445,odd_colour,182.37157800215002,0.9206979786772882,True
1.7920000000000014,5,446,good,3.242405927504682,0.00035333811848803674,True
1.7920000000000014,6,453,good,3.6235880103223703,0.07267968267345347,True
1.7920000000000014,7,450,good,1.8584355362269886,0.0009879608102599674,True
1.7920000000000014,8,456,good,3.409588539535242,0.004128343150679764,True
1.7960000000000014,3,448,odd_colour,176.05536890085762,0.8773533079857956,True
1.8000000000000014,3,452,good,4.446520007118181,0.011816344108750437,True
1.8040000000000014,3,455,good,2.450652631238559,0.00014556760445928916,True
1.8040000000000014,4,452,good,5.686990584765408,0.009301963274156303,True
1.8080000000000014,2,451,good,3.285222451756047,1.4948245530195982e-05,True
1.8080000000000014,3,449,wrong_size,9.689330870523843,0.004911089143884808,True
1.8080000000000014,4,455,good,2.350316470161204,0.00027848674480873546,True
1.8080000000000014,5,452,good,7.438669711632713,0.010431010665222474,True
1.8120000000000014,2,451,good,3.115078986851904,1.1059140448544969e-05,True
1.8120000000000014,3,449,wrong_size,9.420383234734123,0.004676764550567989,True
1.8120000000000014,4,455,good,2.4630656545661482,0.00011882244853008854,True
1.8120000000000014,5,452,good,4.50695211219801,0.017843079632323653,True
1.8160000000000014,3,451,good,3.3003019280259127,1.8782275185847383e-05,True
1.8160000000000014,4,449,wrong_size,9.475474556069036,0.004652783159165438,True
1.8200000000000014,2,454,good,2.5367485070875584,0.0004333450222059305,True
1.8200000000000014,3,451,good,3.130342889951343,1.6118261204677283e-05,True
1.8240000000000014,3,454,good,2.4746176411225633,0.0007020077489887838,True
1.8280000000000014,4,463,good,2.795570556268653,0.024703417280565437,True
1.8280000000000014,5,468,good,3.7625059475367584,0.06140532702304882,True
1.8280000000000014,6,454,good,2.495320559360969,0.0006033556552572893,True
1.8320000000000014,2,461,odd_colour,133.69223783897456,0.9891269122910366,True
1.8320000000000014,3,457,good,2.8001613327586954,0.0012212395568546332,True
1.8320000000000014,4,458,good,4.697248192483838,5.312693596311642e-05,True
1.8320000000000014,5,463,good,2.7879203977105824,0.029587398739002423,True
1.8320000000000014,6,468,good,3.1233266286221277,0.03502672233329541,True
1.8320000000000014,7,454,good,2.5567647787899723,0.0012036108348639156,True
1.8360000000000014,2,461,odd_colour,132.94957862409396,0.9824865741682727,True
1.8360000000000014,3,457,good,2.2660335894123063,0.0004723434225787877,True
1.8360000000000014,4,458,good,4.738445151243379,4.9613120876435727e-05,True
1.8360000000000014,5,463,good,2.8591724914638874,0.027889038436470403,True
1.8360000000000014,6,468,good,3.5566941324609584,0.06197107611252365,True
1.8400000000000014,3,461,odd_colour,133.09549687740028,0.9950802328584624,True
1.8400000000000014,4,457,good,2.256869899732574,0.00021584576467106685,True
1.8400000000000014,5,458,good,4.200572294705788,6.19554476342075e-05,True
1.8400000000000014,6,463,good,2.817694678867724,0.024329504117995455,True
1.8440000000000014,4,460,odd_colour,208.52564668385693,0.9847472374459364,True
1.8480000000000014,4,467,good,3.763618857369515,0.012505824496341227,True
1.8480000000000014,5,465,good,4.940527639001119,0.0017555068555865526,True
1.8480000000000014,6,466,wrong_size,11.029411406122222,0.0001391687667746591,True
1.8480000000000014,7,469,good,2.937419018921743,0.12146702010986568,True
1.8480000000000014,8,460,odd_colour,209.8149215696219,0.9654454877497278,True
1.8520000000000014,2,470,good,2.9745521738710274,1.2380745597854392e-05,True
1.8520000000000014,3,462,good,3.189100712277337,4.4991841202986205e-05,True
1.8520000000000014,4,467,good,3.66991319727176,0.0020937026376710043,True
1.8520000000000014,5,465,good,3.596432842795943,0.01839430138841067,True
1.8520000000000014,6,466,wrong_size,9.697491791926495,0.0002182123653808848,True
1.8520000000000014,7,469,good,3.081969930522929,0.051403625777407994,True
1.8520000000000014,8,460,odd_colour,210.88515702320967,0.9571165496288898,True
1.8560000000000014,4,470,good,2.4652960274271303,2.8933268097597473e-05,True
1.8560000000000014,5,462,good,3.2194405594616797,7.77644800459687e-05,True
1.8560000000000014,6,467,good,3.7521294383706874,0.012742034024829192,True
1.8560000000000014,7,465,good,4.873304842540007,0.0034217568044607274,True
1.8560000000000014,8,466,wrong_size,10.919501371332787,0.00010262284028971702,True
1.8560000000000014,9,469,good,2.9361959796771133,0.1065204740716779,True
1.8600000000000014,3,473,good,3.201291906583259,0.002600030702591032,True
1.8600000000000014,4,470,good,2.461764683713978,4.26974048247781e-05,True
1.8600000000000014,5,462,good,3.175005627111359,0.00012689997546989684,True
1.8600000000000014,6,467,good,3.752800231773347,0.004455366539110972,True
1.8640000000000014,3,464,wrong_size,7.593780298059646,0.0005702119017610325,True
1.8640000000000014,4,473,good,2.966870647232665,0.0009608995502576273,True
1.8680000000000014,3,474,plastic_chip,24.5357054047238,0.38740308341559965,True
1.8680000000000014,4,464,wrong_size,7.979995637080771,0.000354291475336167,True
1.8680000000000014,5,473,good,2.966472209166757,0.002881769498775339,True
1.8720000000000014,2,476,good,3.2142630601706346,0.0006642687689323595,True
1.8720000000000014,3,475,good,2.015990726915709,4.561294007531415e-05,True
1.8720000000000014,4,474,plastic_chip,24.46014151919519,0.3084690846585623,True
1.8760000000000014,2,476,good,3.4536448557621333,0.0004947023303176292,True
1.8760000000000014,3,475,good,2.122855802195439,8.701482259384718e-05,True
1.8760000000000014,4,474,plastic_chip,24.236496861282188,0.30135607310670953,True
1.8800000000000014,5,476,good,3.4847450095047425,0.0007457913674751601,True
1.8800000000000014,6,475,good,2.104333040023886,0.00010654362417708602,True
1.8840000000000015,3,478,good,2.7945485531761123,0.013589469814264463,True
1.8840000000000015,4,479,good,2.8001721985577483,0.0008537410705747626,True
1.8840000000000015,5,472,wrong_size,9.843522938512129,0.0033203267405021776,True
1.8880000000000015,3,480,wrong_size,7.5444630146503355,0.00793811604528489,True
1.8880000000000015,4,478,good,2.7649650669729993,0.009180837816147005,True
1.8880000000000015,5,479,good,2.8023392205771924,0.00098290851379509,True
1.8880000000000015,6,472,wrong_size,9.849635203482533,0.0023912132597100353,True
1.8920000000000015,2,477,good,1.9493674042276998,8.83432577051685e-05,True
1.8920000000000015,3,480,wrong_size,7.528638172846714,0.003566854413133895,True
1.8920000000000015,4,478,good,2.845044615794938,0.012251600216058657,True
1.8920000000000015,5,479,good,2.8022605630278434,0.0016139257956397912,True
1.8920000000000015,6,472,wrong_size,9.749608079284195,0.0026417209240689916,True
1.8960000000000015,2,477,good,1.6549717293562136,0.00013400165284493623,True
1.8960000000000015,3,480,wrong_size,7.592195694359717,0.0026388197623282037,True
1.9000000000000015,2,484,good,3.068570637383822,0.0003146013779541219,True
1.9000000000000015,3,477,good,1.9396922807450068,0.0002002325503469681,True
1.9040000000000015,2,471,good,4.569536872125873,0.0007294220885692154,True
1.9040000000000015,3,489,good,3.4225864330593785,0.021335277413248924,True
1.9040000000000015,4,484,good,3.1693906206080533,0.00020111384948917965,True
1.9080000000000015,5,515,plastic_chip,24.8948822042628,0.7406498799085373,True
1.9080000000000015,6,489,good,3.700938550455823,0.038095121402623736,True
1.9080000000000015,7,471,good,4.261683083606426,0.0014407171535806614,True
1.9080000000000015,8,484,good,3.5359114726395826,0.0004957346448103842,True
1.9120000000000015,2,482,good,1.8180909509871868,0.001519906109977393,True
1.9120000000000015,3,483,wrong_size,8.161815639892456,0.017412245490382706,True
1.9120000000000015,4,481,plastic_chip,21.940881678281094,0.3157557085882445,True
1.9120000000000015,5,486,good,3.567347073589899,0.0005542117197751043,True
1.9120000000000015,6,515,plastic_chip,24.97714693172654,0.7406508555898168,True
1.9120000000000015,7,489,good,3.4932687943636034,0.024204533711938776,True
1.9120000000000015,8,471,good,4.620206216241177,0.000709091452882177,True
1.9160000000000015,3,482,good,1.8544955767019389,0.00038482670870004353,True
1.9160000000000015,4,483,wrong_size,8.465281910538295,0.014734608387025765,True
1.9160000000000015,5,481,plastic_chip,22.093622416541027,0.36142084082758763,True
1.9160000000000015,6,486,good,3.4474396563581933,0.0002891081905677955,True
1.9200000000000015,2,488,odd_colour,164.45027265727566,0.7603606581236666,True
1.9200000000000015,3,482,good,1.8119210356243993,0.0010280812275657253,True
1.9200000000000015,4,483,wrong_size,8.462228789330721,0.020586718572091198,True
1.9200000000000015,5,486,good,3.3120409124670918,0.0003356834355464939,True
1.9240000000000015,5,488,odd_colour,163.03118711997192,0.9468125673984471,True
1.9240000000000015,6,482,good,2.6502858665467786,0.0012475196446372601,True
1.9280000000000015,3,491,wrong_size,10.483945510658666,0.00023259227822666862,True
1.9280000000000015,4,490,wrong_size,9.401335802097442,0.007639680553177515,True
1.9280000000000015,5,485,good,5.396478077347399,0.0012779570347092436,True
1.9280000000000015,6,488,odd_colour,163.99955225389402,0.9537707180082375,True
1.9320000000000015,3,487,odd_colour,331.0025493249815,0.9942749664540184,True
1.9320000000000015,4,491,wrong_size,10.479066228653611,0.0002142768531590551,True
1.9320000000000015,5,490,wrong_size,9.40271899374474,0.008884760435337315,True
1.9320000000000015,6,485,good,5.39110477647795,0.0013456847444746588,True
1.9360000000000015,2,498,good,2.842015480635233,0.0011467620079544346,True
1.9360000000000015,3,487,odd_colour,329.544768251835,0.9844480862660102,True
1.9360000000000015,4,491,wrong_size,10.763159828883559,0.0009928323857767874,True
1.9360000000000015,5,490,wrong_size,9.435660506196259,0.006799594852036615,True
1.9360000000000015,6,485,good,5.265211192632515,0.0012489382080155887,True
1.9400000000000015,2,492,good,3.249672448262258,0.00015376871309925744,True
1.9400000000000015,3,498,good,2.8347242538135475,0.004555293763410013,True
1.9400000000000015,4,487,odd_colour,337.6384204142226,0.9779051616637368,True
1.9440000000000015,2,503,good,4.129644190609698,0.04031820438662837,True
1.9440000000000015,3,492,good,3.238616531454889,9.987488214166263e-05,True
1.9440000000000015,4,498,good,2.8624692817368325,0.005554108039239361,True
1.9480000000000015,5,503,good,4.001406309624061,0.03178362613778709,True
1.9480000000000015,6,492,good,3.1764399791167373,0.00010958039841222939,True
1.9520000000000015,4,513,good,2.38688710605416,0.0001322196249045304,True
1.9520000000000015,5,494,good,1.7145386730214611,0.00048294075573617395,True
1.9520000000000015,6,503,good,3.9367274246470125,0.013160396312171984,True
1.9520000000000015,7,492,good,3.3256205956868694,0.0002361966133303837,True
1.9560000000000015,2,493,good,4.297057197893568,3.2086698901353455e-05,True
1.9560000000000015,3,502,wrong_size,12.655630375942229,0.05963474465610604,True
1.9560000000000015,4,513,good,2.1719598121936023,0.0004317130676550303,True
1.9560000000000015,5,494,good,1.6986771309599886,0.00021001163614145783,True
1.9600000000000015,3,493,good,4.2777908304278585,6.238193562859759e-05,True
1.9600000000000015,4,502,wrong_size,12.72764078797304,0.03299724674272112,True
1.9600000000000015,5,494,good,1.6974699012948846,0.00011398931748130631,True
1.9640000000000015,3,497,good,1.9610971080230035,0.00015143619303180345,True
1.9640000000000015,4,493,good,4.343901713504704,7.352522255591459e-05,True
1.9680000000000015,5,500,good,2.228021261011116,0.0007355311119191895,True
1.9720000000000015,3,506,good,2.7509959464783997,0.00020136659634459686,True
1.9720000000000015,4,499,good,1.9931232459220387,0.0001980045614903711,True
1.9720000000000015,6,500,good,2.303541559535091,0.0008076789129588078,True
1.9720000000000015,7,497,good,2.0705420746535173,0.0001239512534928773,True
1.9760000000000015,2,511,good,2.8557916189005783,0.0025405076597930006,True
1.9760000000000015,3,506,good,2.6340290158553263,0.000505920352065976,True
1.9760000000000015,4,499,good,1.9975211718985144,5.708579366941718e-05,True
1.9760000000000015,6,500,good,2.1866360480970197,0.005586098067309569,True
1.9800000000000015,2,511,good,2.9848069900451155,0.0013126484419812956,True
1.9800000000000015,3,506,good,2.577118751706059,0.0002086093794865741,True
1.9800000000000015,4,499,good,2.0118662961544906,0.000126715831354614,True
1.9920000000000015,2,507,good,1.4774819494416633,7.834582809104362e-05,True
1.9960000000000016,2,507,good,1.658686877496922,8.557866812329604e-05,True
2.0000000000000013,3,507,good,1.6080057618339814,5.389980589559559e-05,True
2.004000000000001,4,508,good,2.7644155981683967,0.0005734183494929551,True
2.0080000000000005,2,514,good,2.280188905186587,0.0008970419984328817,True
2.0080000000000005,3,510,wrong_size,10.6428736034055,0.015065477393103975,True
2.0080000000000005,4,508,good,2.501328213100743,0.00042751021672424535,True
2.012,2,530,good,10.961721950119848,0.04602257824100482,True
2.012,3,514,good,2.1871397898000664,0.00032839856989672284,True
2.012,4,510,wrong_size,10.576631683740162,0.00684666704061053,True
2.012,5,508,good,2.5202551192100104,0.0004794470062505294,True
2.0159999999999996,2,516,good,2.305425863318564,0.0027454714235423793,True
2.0159999999999996,3,519,good,3.9997734366745834,0.03493929482501402,True
2.0159999999999996,4,517,good,3.1808996257216173,0.10767949390823864,True
2.0159999999999996,5,530,good,9.249359091280873,0.0021686249633249993,True
2.0159999999999996,6,514,good,2.217430979603919,0.0010393358063575703,True
2.019999999999999,2,516,good,2.039645519696826,0.00043084389447767854,True
2.019999999999999,3,519,good,3.997750186803098,0.03493976953451739,True
2.019999999999999,4,517,good,3.7615463407109506,0.21590139382838125,True
2.019999999999999,5,530,good,10.026728995068773,0.0029365994473388715,True
2.019999999999999,6,514,good,2.272702926497405,0.0011251844636810452,True
2.0239999999999987,2,512,odd_colour,190.36773901944065,0.9880504401963481,True
2.0239999999999987,3,516,good,2.091076509005606,0.0008239798280705984,True
2.0239999999999987,4,519,good,3.9545858127709757,0.030113329068686575,True
2.0239999999999987,5,517,good,3.3082055195367257,0.05083682247940583,True
2.0279999999999982,2,521,good,2.1875313775989302,0.0005227031664612594,True
2.0279999999999982,3,523,good,3.0132099367840954,0.2780330266731431,True
2.0279999999999982,4,512,odd_colour,191.3806343313161,0.9871678295286965,True
2.0279999999999982,5,516,good,2.214652278434193,0.00019720367026333384,True
2.0279999999999982,6,519,good,3.968039625945815,0.0023136873494572605,True
2.031999999999998,2,521,good,2.1786899875570467,0.0006259926980358995,True
2.031999999999998,3,523,good,3.0252091202399063,0.3529174922725193,True
2.031999999999998,4,512,odd_colour,191.53745099172636,0.9886360495121039,True
2.0359999999999974,3,521,good,2.139578830960323,0.0020462551757543094,True
2.0359999999999974,4,523,good,3.0468338979661356,0.4464365704995981,True
2.0359999999999974,5,512,odd_colour,189.476979338088,0.9929796580302109,True
2.039999999999997,2,524,good,3.345806939793591,0.0017633791304118667,True
2.039999999999997,3,529,good,3.941515418955161,2.188373247112913e-05,True
2.039999999999997,4,521,good,2.147099505129754,0.0031273170341113606,True
2.0439999999999965,3,524,good,3.2111835891984026,0.0017844252614508391,True
2.0439999999999965,4,529,good,3.944283312975058,2.3359682431309397e-05,True
2.047999999999996,2,528,good,3.722076133170102,6.82683803075e-06,True
2.047999999999996,3,525,good,1.9355220233856298,4.833910953866484e-06,True
2.047999999999996,4,524,good,3.4550180758867324,0.0019262782203487954,True
2.047999999999996,5,529,good,3.902674722299296,3.0458995307017318e-05,True
2.0519999999999956,3,528,good,3.1292521473210257,5.944938790252646e-06,True
2.0519999999999956,4,525,good,1.9657496586883356,3.2541280726746525e-06,True
2.055999999999995,3,527,good,4.086648998285259,0.773388358145391,True
2.055999999999995,4,528,good,3.0354420752290863,1.0959376174531066e-05,True
2.055999999999995,5,525,good,2.1263552284340888,5.051739110318664e-06,True
2.0599999999999947,3,518,odd_colour,229.56290080873498,0.9981464813316885,True
2.0599999999999947,4,527,good,3.9436903230638096,0.646734398883427,True
2.0599999999999947,5,528,good,3.0397380086131274,6.088714474543761e-06,True
2.0639999999999943,4,518,odd_colour,230.6121807231552,0.9880984531994567,True
2.0639999999999943,5,527,good,3.8053449391873873,0.4016982347638065,True
2.067999999999994,2,504,plastic_chip,22.6389539538128,0.30200002573033047,True
2.067999999999994,3,532,odd_colour,189.38664756638389,0.9733187817044802,True
2.067999999999994,4,518,odd_colour,229.223457191637,0.9928347531612727,True
2.0719999999999934,3,504,plastic_chip,22.499978293115653,0.30200002573033047,True
2.0719999999999934,4,532,odd_colour,187.55532916277102,0.9375333085982495,True
2.075999999999993,5,537,good,2.22210526166038,6.955948507909984e-05,True
2.075999999999993,6,504,plastic_chip,22.639922954350766,0.30200002573033047,True
2.075999999999993,7,532,odd_colour,186.89491590315794,0.9819482156171673,True
2.0799999999999925,6,531,good,5.775248422529187,0.030708034019122407,True
2.0799999999999925,8,545,good,2.631522033718174,6.287611014570904e-05,True
2.0799999999999925,9,537,good,2.281306543531483,9.432730721401591e-05,True
2.0799999999999925,10,504,plastic_chip,22.558419645975846,0.30200002573033047,True
2.083999999999992,2,540,wrong_size,9.963982966819561,0.0005325657737198125,True
2.083999999999992,3,534,good,2.6731775523387746,0.010346800030654883,True
2.083999999999992,4,539,good,2.901642222220707,0.0002631348772960755,True
2.083999999999992,5,542,wrong_size,11.279396397399152,0.0024050226467151963,True
2.083999999999992,6,531,good,6.703348758027712,0.04560440364719271,True
2.083999999999992,8,545,good,2.6738668696257273,3.7228381451781156e-05,True
2.083999999999992,9,504,plastic_chip,22.552613163369756,0.30662622000329465,True
2.083999999999992,10,537,good,2.2389068884820675,3.043798399489154e-05,True
2.0879999999999916,3,540,wrong_size,10.069674167598274,0.000567726853712816,True
2.0879999999999916,4,534,good,2.6547910237720105,0.030731272232480462,True
2.0879999999999916,5,539,good,2.9030374832553116,0.000632152105471355,True
2.0879999999999916,6,542,wrong_size,8.46584950382103,0.0006153290427098587,True
2.0879999999999916,7,531,good,10.653449457804777,0.0664895770634623,True
2.0879999999999916,8,536,good,5.387722545244176,0.04063790935528503,True
2.0879999999999916,9,545,good,2.726302551144864,9.291864131472998e-06,True
2.0879999999999916,10,504,plastic_chip,22.511521318441172,0.3019993576462343,True
2.091999999999991,1,533,plastic_chip,23.40219971836858,0.39862606614891255,True
2.091999999999991,3,540,wrong_size,10.041820143758759,0.0004496942100157786,True
2.091999999999991,4,534,good,2.6882637937596443,0.008990043679738125,True
2.091999999999991,5,539,good,2.9483731224067804,0.00020177874962245716,True
2.0959999999999908,2,533,plastic_chip,23.571723839632213,0.37616785488813487,True
2.0999999999999903,4,538,good,2.7371702153247117,0.0040449032730447984,True
2.0999999999999903,5,533,plastic_chip,23.16765408855961,0.4245445042306978,True
2.10399999999999,2,541,good,2.66436767799784,0.003035965514873176,True
2.10399999999999,3,505,good,5.690342959872787,0.05146729401189637,True
2.10399999999999,4,538,good,2.4284581301013497,0.0033975358188365733,True
2.1079999999999894,3,541,good,2.6957693459802456,0.003425524496322663,True
2.1079999999999894,4,505,good,4.352894017628794,0.00045461728728512656,True
2.1079999999999894,5,538,good,2.057682370406992,0.0016524385783968452,True
2.111999999999989,3,547,good,2.489274604370485,2.1184878107536448e-05,True
2.111999999999989,4,541,good,2.6481847653688613,0.0024780431692424903,True
2.111999999999989,5,505,good,4.2684556313760975,0.0017574210314490726,True
2.111999999999989,6,538,good,2.01707629902411,0.00029958112690399257,True
2.1159999999999886,6,547,good,2.4360369800896278,4.956576710795687e-05,True
2.119999999999988,4,522,good,6.696686836688064,0.010815014087941523,True
2.119999999999988,5,544,wrong_size,10.207304384889571,0.007196222232638409,True
2.119999999999988,6,543,plastic_chip,21.351973019000898,0.17158606888940225,True
2.119999999999988,7,547,good,2.551502018759796,1.5889811187784065e-05,True
2.1239999999999877,3,546,plastic_chip,22.958688711465516,0.7271976080134771,True
2.1239999999999877,4,552,good,2.5922561236187605,3.472201764506906e-05,True
2.1239999999999877,5,522,good,7.238344944078636,0.013276954198491776,True
2.1239999999999877,6,543,plastic_chip,22.539006054997444,0.26933670478860244,True
2.1239999999999877,7,544,wrong_size,10.18388135886718,0.004275111390991048,True
2.1279999999999872,2,555,good,3.380551957934898,5.546818828051866e-05,True
2.1279999999999872,3,550,good,2.6504482773013036,0.0032408570738581407,True
2.1279999999999872,4,546,plastic_chip,22.991154044762112,0.7272062110285517,True
2.1279999999999872,5,522,good,6.47768427762179,0.013755281993208746,True
2.1279999999999872,6,552,good,2.5832629550842166,4.598311482127127e-05,True
2.1279999999999872,7,543,plastic_chip,22.391527792559952,0.35455413673908615,True
2.1279999999999872,8,544,wrong_size,10.24387447216253,0.0031340281346218936,True
2.131999999999987,2,555,good,2.036479834267795,5.029254863540152e-05,True
2.131999999999987,3,550,good,2.6774581217381566,0.005669496827384484,True
2.131999999999987,4,546,plastic_chip,23.01885848008336,0.7272701397363309,True
2.131999999999987,5,522,good,5.998321799211381,0.008457217351650212,True
2.131999999999987,6,552,good,2.593975908525042,6.0306960335034674e-05,True
2.1359999999999864,3,555,good,2.0377358427722956,5.5457117234760624e-05,True
2.1359999999999864,4,550,good,2.55024570142838,0.0004969305568096601,True
2.1359999999999864,5,522,good,6.396138576984268,0.008909061927544211,True
2.139999999999986,4,565,plastic_chip,25.09680147654947,0.6930201514663741,True
2.139999999999986,5,555,good,2.261027242342937,2.093371399484971e-05,True
2.1439999999999855,2,560,plastic_chip,25.13783730781073,0.5262131946872914,True
2.1439999999999855,3,548,good,2.0111403587486696,0.001468553942965939,True
2.147999999999985,2,560,plastic_chip,24.713043597709994,0.4877718541261328,True
2.147999999999985,3,548,good,1.7302749654739797,0.00011523342637600796,True
2.1519999999999846,2,554,good,1.6223582930175002,6.505715597513795e-05,True
2.1519999999999846,4,548,good,1.9391964780875692,0.00022796039736573359,True
2.155999999999984,4,554,good,1.6115016773397643,6.696836596780681e-05,True
2.1599999999999837,2,556,good,2.175427129152521,0.00010570165444273385,True
2.1599999999999837,3,559,odd_colour,138.72883130146477,0.9752586469143825,True
2.1599999999999837,4,554,good,1.603030546284485,0.00011250488062600931,True
2.1639999999999833,3,556,good,2.255702350499401,5.754740179728442e-05,True
2.1639999999999833,4,559,odd_colour,139.1634310355273,0.9602081712043026,True
2.167999999999983,3,569,odd_colour,395.2048738250843,0.8635330974071272,True
2.167999999999983,4,577,good,3.5465981954611228,0.030282914955440478,True
2.167999999999983,5,567,good,1.852734606126631,0.0021994777818775905,True
2.167999999999983,6,556,good,2.698000394501785,0.00011191505120611208,True
2.167999999999983,7,559,odd_colour,139.05061747694927,0.9727247356557144,True
2.1719999999999824,2,581,good,4.800339081170526,0.1656504600157601,True
2.1719999999999824,3,569,odd_colour,391.2306922814846,0.9371016507379779,True
2.1719999999999824,4,577,good,3.3919698124171136,0.017983837412267573,True
2.1719999999999824,5,567,good,1.7321544774907327,0.0005191130300632497,True
2.175999999999982,2,569,odd_colour,394.3972690551546,0.9318349192263097,True
2.175999999999982,3,581,good,6.434517870649104,0.03395715208764925,True
2.175999999999982,4,577,good,3.403981003558666,0.006105519067378648,True
2.175999999999982,5,567,good,1.9516793694739274,0.0005179419521503188,True
2.183999999999981,2,562,good,2.318144794872214,0.0003700868838693746,True
2.1879999999999806,2,562,good,2.342239202095528,0.00025869901405470964,True
2.19199999999998,2,562,good,2.237599364197585,0.0002702151555453387,True
2.1959999999999797,1,566,good,3.592991106874565,0.0003315408819905118,True
2.1959999999999797,3,562,good,2.3317200964119467,0.0003061201221879914,True
2.1999999999999793,2,566,good,3.6057539539768633,0.0002680295540274058,True
2.203999999999979,2,566,good,3.469142416336711,0.0004952584071428618,True
2.2079999999999784,3,574,good,2.322858462977359,5.4702862990876554e-05,True
2.2079999999999784,4,566,good,3.601136370210685,0.0011789072296374255,True
2.211999999999978,3,573,good,3.154983597073657,0.07371357010450279,True
2.2159999999999775,5,573,good,2.978921630772779,0.6691229144086331,True
2.219999999999977,5,584,wrong_size,7.845539677532619,0.04945422092648672,True
2.219999999999977,6,578,good,2.7179518959926687,0.0011464449152569056,True
2.219999999999977,7,580,good,3.8600623579784497,6.997872488515459e-05,True
2.219999999999977,8,573,good,2.980632827967066,0.6147676631570821,True
2.2239999999999767,2,575,good,2.121317882930369,1.593930696770622e-05,True
2.2239999999999767,3,583,good,3.589662690042653,0.0007070603752903221,True
2.2239999999999767,4,594,good,8.945157764508332,0.00010944197000109684,True
2.2239999999999767,5,584,wrong_size,8.734180012296036,0.07163592022688817,True
2.2239999999999767,6,580,good,4.037301242213488,0.00017128742115323262,True
2.2239999999999767,7,578,good,2.687798789073575,0.0012988324424144714,True
2.227999999999976,3,589,odd_colour,216.46882927375773,0.836317666465149,True
2.227999999999976,4,575,good,2.014863965559444,3.0004590803145755e-05,True
2.227999999999976,5,583,good,3.657467372715491,6.056420051677475e-05,True
2.227999999999976,6,594,good,9.217825112427919,0.0005030860858262931,True
2.227999999999976,7,584,wrong_size,7.806540035426131,0.046558193214608835,True
2.227999999999976,8,580,good,3.517651151060414,0.0001617074798305395,True
2.227999999999976,9,578,good,2.6818036666863803,0.0004307076112520486,True
2.231999999999976,3,572,good,1.7411077092442953,3.694942749150075e-05,True
2.231999999999976,4,589,odd_colour,219.33854741090823,0.9335734129745992,True
2.231999999999976,5,575,good,2.2913060580751616,1.8132858197161995e-05,True
2.231999999999976,6,583,good,3.774704629351223,0.00010260282055996856,True
2.231999999999976,7,594,good,9.222623732163362,0.00017638351954689057,True
2.2359999999999753,2,558,good,3.73624654007343,0.004711299268666383,True
2.2359999999999753,3,572,good,1.7638090233401824,2.2803150086896116e-05,True
2.2359999999999753,4,589,odd_colour,222.41099916833534,0.7801599317149523,True
2.2359999999999753,5,575,good,2.0765358195540156,1.3122919013710502e-05,True
2.239999999999975,4,558,good,3.366311302116125,0.005130670198227405,True
2.239999999999975,5,572,good,2.904935578510044,3.0997167194096426e-05,True
2.2439999999999745,2,586,good,2.1627098491008305,0.0010452898695778989,True
2.2439999999999745,5,595,good,3.7897877372012614,0.001650492155325809,True
2.2439999999999745,6,558,good,3.374938158772176,0.00535493999274018,True
2.247999999999974,2,586,good,3.0149408405596345,0.0024617039093591275,True
2.247999999999974,5,595,good,3.818151738927566,0.02850372703289227,True
2.247999999999974,6,558,good,3.373251095675277,0.00628577381767518,True
2.2519999999999736,2,586,good,3.149450047680647,0.6187471860500493,True
2.255999999999973,3,576,good,2.7354404526486373,0.009929975467443737,True
2.255999999999973,4,586,good,2.9282335099862107,0.014513170178443599,True
2.2599999999999727,3,571,good,2.2077598176126387,0.001406767943469472,True
2.2599999999999727,4,576,good,2.711920203325307,0.005540523678569844,True
2.2639999999999723,2,597,good,4.319366042775175,0.00046522255646756777,True
2.2639999999999723,3,571,good,2.107790814984843,0.09566365094703452,True
2.2639999999999723,4,576,good,2.6296689888778735,0.011595086357927225,True
2.267999999999972,2,598,good,2.525002064835635,8.712202491077098e-05,True
2.267999999999972,3,582,odd_colour,144.48921721390417,0.9582076422478686,True
2.267999999999972,4,597,good,4.215946066644453,3.0397261196243695e-05,True
2.267999999999972,5,571,good,2.2676192983393637,0.12595508525665525,True
2.2719999999999714,2,592,good,5.01276010389639,0.9720591280753981,True
2.2719999999999714,3,582,odd_colour,145.99593294850646,0.9603456540294683,True
2.2719999999999714,4,598,good,2.5248300773865444,4.7769858194434085e-05,True
2.2719999999999714,5,597,good,4.252648433709106,6.135267358089858e-05,True
2.275999999999971,3,592,good,4.968850049343313,0.9732111535528281,True
2.275999999999971,4,582,odd_colour,145.28985441723478,0.9910617960109022,True
2.275999999999971,5,598,good,2.498579604237023,6.06471434853668e-05,True
2.2799999999999705,2,591,good,2.0933302471201993,0.0003210530992728859,True
2.2799999999999705,3,592,good,4.978376452448892,0.9804598031257662,True
2.2799999999999705,4,582,odd_colour,147.62289623539974,0.962397349243318,True
2.2799999999999705,5,598,good,2.4095564830390477,7.512978274270392e-05,True
2.28399999999997,3,591,good,2.084977905207749,0.00018896134358956015,True
2.2879999999999696,2,596,good,6.612564846804777,0.0004283232551422549,True
2.2879999999999696,4,591,good,2.4735332036252213,0.0028255375478106986,True
2.291999999999969,2,599,good,3.78114008833668,0.002155153229725304,True
2.291999999999969,3,596,good,6.543435826353706,0.0004087005796715451,True
2.2959999999999687,2,605,good,2.6196766370208735,0.0093559918321106,True
2.2959999999999687,3,606,good,2.505991454436825,1.7824193955954112e-05,True
2.2959999999999687,4,599,good,3.866404861681744,0.013631955769060797,True
2.2959999999999687,5,596,good,6.57251373032324,0.000813954256175836,True
2.2999999999999683,4,605,good,2.642990796574381,0.035380301440481536,True
2.2999999999999683,5,606,good,2.5758470242702103,1.6645819367076396e-05,True
2.2999999999999683,6,599,good,3.9655175639927505,0.019534180957296154,True
2.2999999999999683,7,596,good,6.613856510704631,0.000283148590906794,True
2.303999999999968,3,600,good,2.6753525866587022,0.0003256069141095523,True
2.303999999999968,4,604,good,4.07969703895164,2.0371608258038692e-05,True
2.303999999999968,5,605,good,2.630982232167697,0.007906741837527901,True
2.303999999999968,6,606,good,2.4357822740226585,4.2829368508154594e-05,True
2.3079999999999674,2,602,good,3.266780829568938,0.0004961910093181508,True
2.3079999999999674,3,600,good,2.6599448167139657,0.00028492247148332743,True
2.3079999999999674,4,604,good,4.016224244770335,6.741144659298415e-05,True
2.3079999999999674,5,605,good,2.4919869911957138,0.00965862832848098,True
2.311999999999967,2,602,good,3.301187688543623,0.0004931788711621411,True
2.311999999999967,3,600,good,2.5557870030246823,0.0005701570329089571,True
2.311999999999967,4,604,good,3.6600023654871108,9.904570204189235e-05,True
2.3159999999999665,3,602,good,3.2975441024588203,0.0002919765695101778,True
2.3159999999999665,4,600,good,2.5332082761114503,0.0005986924761266034,True
2.3239999999999656,2,609,good,2.019322722155687,4.5642861399020846e-05,True
2.3239999999999656,3,603,odd_colour,192.36139721179313,0.9583777359774548,True
2.327999999999965,3,609,good,1.9428151900252306,3.486905521692977e-05,True
2.327999999999965,4,603,odd_colour,192.12147618415426,0.9572231775135699,True
2.3319999999999648,2,617,good,1.8903213421853204,2.0606013277057156e-05,True
2.3319999999999648,3,609,good,2.065278269178117,6.163169407373161e-05,True
2.3319999999999648,4,603,odd_colour,192.9923481833645,0.9651102904750796,True
2.3359999999999643,3,617,good,1.8854893392445349,9.306365234548194e-06,True
2.339999999999964,3,616,good,4.082142466051876,0.5106053288645978,True
2.339999999999964,4,612,good,2.9542378797299653,0.0003089191938668162,True
2.339999999999964,5,617,good,1.8552635934670898,1.6279537964346184e-05,True
2.3439999999999634,3,613,odd_colour,160.013504670325,0.9566997754423318,True
2.3439999999999634,4,618,good,4.1710610141180275,0.0005858854878803507,True
2.3439999999999634,5,616,good,3.9412867862622085,0.18267597673186367,True
2.3439999999999634,6,612,good,2.9359320424648345,0.0005643519580955072,True
2.347999999999963,3,614,good,2.4117340266286558,0.0011208603394411098,True
2.347999999999963,4,613,odd_colour,159.0421223350433,0.9800618344028289,True
2.347999999999963,5,618,good,4.094594508912685,0.00032512602715423455,True
2.347999999999963,6,616,good,3.9599634549216858,0.43290628101165307,True
2.347999999999963,7,612,good,3.1972637875194496,0.00036583381121178734,True
2.3519999999999626,2,611,good,3.8373554889407915,0.0005461909124196197,True
2.3519999999999626,3,614,good,3.1332568798200273,0.0007484296424612658,True
2.3519999999999626,4,613,odd_colour,160.01280181336557,0.9811104106289523,True
2.3519999999999626,5,618,good,4.220354393900005,0.0007883309921832778,True
2.355999999999962,2,611,good,3.4154437704374065,0.0005784989005010387,True
2.355999999999962,3,614,good,2.456779699687162,0.001293913456221351,True
2.355999999999962,4,613,odd_colour,159.66318701600386,0.9857959331602127,True
2.3599999999999617,2,611,good,3.6350321974349202,0.0005262331595818664,True
2.367999999999961,3,622,good,2.8543991830266897,0.005594772589928002,True
2.3719999999999604,2,643,wrong_size,9.818899192233449,0.004905997017174466,True
2.3719999999999604,3,625,good,1.8342371101050279,0.00032156060873010493,True
2.3719999999999604,4,622,good,2.777039652967351,0.004280189321440683,True
2.37599999999996,2,625,good,1.823162306398474,0.006250170401173586,True
2.37599999999996,3,643,wrong_size,9.619252395681103,0.0015070615636889942,True
2.37599999999996,4,622,good,2.6961962673731756,0.002862550571205727,True
2.3799999999999595,2,625,good,1.840422621493117,0.0007376966356411113,True
2.391999999999958,6,632,good,6.09606280686329,0.00757340139619347,True
2.391999999999958,7,615,good,2.7833670953640226,0.013943627020121915,True
2.3959999999999577,3,634,odd_colour,156.15579427999157,0.7491586453556244,True
2.3959999999999577,4,631,good,1.7256576051472068,0.00030146541854056755,True
2.3959999999999577,5,623,good,2.7063054872500074,0.029282010834247817,True
2.3959999999999577,6,626,odd_colour,207.09964272344303,0.8944068533787427,True
2.3959999999999577,7,632,good,6.179249662681181,0.013285845087720793,True
2.3959999999999577,8,615,good,2.7864687611829666,0.01568841665864404,True
2.3999999999999573,3,629,good,1.9795076962004994,0.0012056004259352942,True
2.3999999999999573,4,634,odd_colour,157.0725333266285,0.9146075521537927,True
2.3999999999999573,5,631,good,1.7501681108124842,0.0002025046741396886,True
2.3999999999999573,6,623,good,2.5570228326290936,0.011099416524436552,True
2.3999999999999573,7,626,odd_colour,206.04067843979573,0.9197760636902694,True
2.3999999999999573,8,615,good,2.791202111056467,0.004380134709097271,True
2.3999999999999573,9,632,good,6.2436602118138556,0.013643219856906936,True
2.403999999999957,4,619,plastic_chip,21.55708416881338,0.41925699689373136,True
2.403999999999957,6,629,good,1.9081014005902084,0.0014952363926790454,True
2.403999999999957,7,634,odd_colour,158.70534023190115,0.6115231385786885,True
2.403999999999957,8,631,good,1.6157781723873932,0.00010807758845105247,True
2.403999999999957,9,623,good,2.474481580644892,0.0058792953110537996,True
2.403999999999957,10,615,good,2.8018305492890425,0.014540752891294325,True
2.403999999999957,11,626,odd_colour,206.77279017040843,0.9429621926083722,True
2.403999999999957,12,632,good,6.202523045387908,0.018365253690033737,True
2.4079999999999564,4,630,good,2.594313547781282,0.0001443766181872665,True
2.4079999999999564,5,627,wrong_size,6.9871883698612995,0.01956845485217293,True
2.4079999999999564,6,619,plastic_chip,21.482946218538487,0.4774750283750582,True
2.4079999999999564,8,629,good,1.8277010575951043,0.0006842183422742127,True
2.4079999999999564,9,634,odd_colour,159.6958445307426,0.6961876416008435,True
2.411999999999956,2,635,good,1.9261621959013142,0.00033550609169166425,True
2.411999999999956,3,636,good,2.4346715087050668,0.0006025954658686484,True
2.411999999999956,4,630,good,2.6127811622578143,0.00013744001224470353,True
2.411999999999956,5,627,wrong_size,7.014788661519466,0.03338492313990183,True
2.411999999999956,6,619,plastic_chip,21.49547616321856,0.4774792670509109,True
2.4159999999999555,4,635,good,1.9372760508124955,0.00030500568710885946,True
2.4159999999999555,5,636,good,2.4354110260730772,0.00010581226709774154,True
2.4159999999999555,6,627,wrong_size,7.042325259171543,0.018797242100191642,True
2.4159999999999555,7,630,good,2.5673905063456464,9.922692158729148e-05,True
2.419999999999955,3,640,good,3.1857150467054183,0.008542032919089844,True
2.419999999999955,4,635,good,1.9409563470814406,0.00032355546343898055,True
2.419999999999955,5,636,good,2.4389558884105615,0.0002046003262148475,True
2.4239999999999546,2,645,odd_colour,204.22642744292608,0.981897785836584,True
2.4239999999999546,3,648,good,2.464037562738545,0.00033048944647960735,True
2.4239999999999546,4,640,good,3.2154260817015072,0.012092841247206557,True
2.427999999999954,3,645,odd_colour,204.51912995307566,0.970896519264167,True
2.427999999999954,4,648,good,2.766128271670759,0.0003379196635148085,True
2.4319999999999538,2,641,good,3.7136872656340394,0.01901525469085246,True
2.4319999999999538,3,645,odd_colour,188.96007853055235,0.9893027061227233,True
2.4319999999999538,4,648,good,2.71198595148529,0.0014342379760793297,True
2.4359999999999533,3,641,good,3.597557798618794,0.013370194123426616,True
2.4359999999999533,4,645,odd_colour,191.0846637518322,0.9796235206414311,True
2.439999999999953,2,641,good,4.184992978887152,0.044686263814276796,True
2.4439999999999524,4,638,good,4.161071521529066,0.04251484622272176,True
2.447999999999952,2,642,good,2.490332378793962,0.00015114538847852983,True
2.447999999999952,3,644,good,3.090777344874229,0.0003831510090382389,True
2.447999999999952,4,638,good,4.209647012899011,0.003635427201748046,True
2.4519999999999516,2,642,good,2.526960962092298,5.805858556189449e-05,True
2.4519999999999516,3,644,good,3.253029944556246,0.0007730011199895326,True
2.4519999999999516,4,638,good,4.223603638405667,0.002169395348746788,True
2.455999999999951,3,652,good,2.4848456508905157,0.0005713267834196678,True
2.455999999999951,4,642,good,2.4575283271530988,0.00013346130843186235,True
2.455999999999951,5,644,good,2.883986839408938,0.0003997438966186768,True
2.455999999999951,6,638,good,4.275929556709303,0.002205003393274452,True
2.4599999999999507,2,659,odd_colour,226.73562706154607,0.9795353480172202,True
2.4599999999999507,3,652,good,2.512984242110318,0.0037857701625335976,True
2.4639999999999502,2,659,odd_colour,226.36804427675247,0.9788827172733349,True
2.4639999999999502,3,652,good,2.4462604804473833,6.50736654620634e-05,True
2.46799999999995,2,654,odd_colour,248.27090703667793,0.9984071133946969,True
2.46799999999995,3,659,odd_colour,229.46584462165188,0.9831377937335775,True
2.46799999999995,4,652,good,2.541250190980931,6.581965879441319e-05,True
2.4719999999999493,3,650,good,2.649570831467129,0.002261393524906578,True
2.4719999999999493,4,654,odd_colour,247.45248532233524,0.9992514661834323,True
2.475999999999949,3,650,good,2.726919005923039,0.002054852594577802,True
2.475999999999949,4,654,odd_colour,249.9820993577748,0.9959543607340384,True
2.4799999999999485,3,646,wrong_size,12.598888859360166,0.032356760224790906,True
2.4799999999999485,4,650,good,2.702632178902665,0.0028044784569122272,True
2.483999999999948,2,651,good,3.4821609352474625,0.0007005083782597146,True
2.483999999999948,3,653,wrong_size,10.002197299875645,0.021677734895380295,True
2.483999999999948,4,646,wrong_size,12.702798417957624,0.13786026203217078,True
2.483999999999948,5,650,good,2.70717564179457,0.0011874917789582845,True
2.4879999999999476,3,651,good,3.542722042254089,0.001585287265207136,True
2.4879999999999476,4,653,wrong_size,10.076778253344116,0.028312738691894317,True
2.491999999999947,3,660,good,2.847902904581096,3.712409296719504e-05,True
2.491999999999947,4,653,wrong_size,10.42952617615409,0.00021872230102450258,True
2.491999999999947,5,651,good,3.463106886311108,0.0012565088633632545,True
2.4959999999999467,3,658,good,2.9361063247561625,0.001390667231122478,True
2.4959999999999467,4,655,good,3.2294225073834415,0.16960341915865054,True
2.4959999999999467,5,660,good,2.8373881934946668,1.7698618074902442e-05,True
2.4959999999999467,7,651,good,3.5136025550612566,0.0002550731271757672,True
2.4999999999999463,3,665,good,3.050212368852815,0.00023059580925179993,True
2.4999999999999463,4,658,good,3.126086388776814,0.004843499706295517,True
2.4999999999999463,5,655,good,2.8985022024448437,0.556038056189784,True
2.4999999999999463,6,660,good,2.839746634017734,2.8510243459832636e-05,True
2.503999999999946,2,657,odd_colour,258.4802430802189,0.9927358961931521,True
2.503999999999946,3,665,good,2.8353745814438702,0.0002314597765282934,True
2.503999999999946,4,658,good,3.207390303134882,0.0015173914578255725,True
2.503999999999946,5,655,good,2.895928618450899,0.29570357467271413,True
2.5079999999999454,2,657,odd_colour,260.06294545023627,0.9913181665293345,True
2.5079999999999454,3,665,good,2.6692758992466215,0.0002459166012916112,True
2.5079999999999454,4,658,good,3.059724762717936,0.015242034294195725,True
2.511999999999945,3,657,odd_colour,256.7311035977996,0.9906731712149088,True
2.5159999999999445,2,663,good,1.921739555074838,0.0003025618590358617,True
2.5159999999999445,3,664,odd_colour,183.0786243641475,0.9521799621228938,True
2.519999999999944,2,663,good,2.2835752902447393,0.0007814820477780063,True
2.519999999999944,3,664,odd_colour,183.68754292617584,0.9433603463363899,True
2.5239999999999436,2,663,good,1.948056377760486,0.0003000728899832126,True
2.5239999999999436,3,664,odd_colour,184.35263928616703,0.9325325638132109,True
2.5319999999999427,2,668,good,2.382287003222092,0.00020845024143764264,True
2.5359999999999423,2,675,good,2.6484619212681824,0.005209688667066941,True
2.5359999999999423,3,668,good,2.375384331985056,0.00015503602901156214,True
2.539999999999942,4,675,good,2.690450123900919,0.007762721218271098,True
2.539999999999942,5,668,good,2.725007757589759,0.00032548398805640113,True
2.539999999999942,6,669,odd_colour,186.17337958502986,0.9981781803724122,True
2.5439999999999414,3,661,plastic_chip,36.27424281860624,0.7746436407783542,True
2.5439999999999414,4,666,good,2.7298948939243286,2.6639794505408993e-05,True
2.5439999999999414,5,675,good,2.5792837998782296,0.008023253706762743,True
2.547999999999941,4,677,good,1.691635715659961,4.178284696012957e-06,True
2.547999999999941,5,661,plastic_chip,36.2068525638223,0.7746435591319135,True
2.547999999999941,6,666,good,2.752388758341935,3.0958570591804346e-05,True
2.5519999999999405,2,688,good,2.037597778213932,0.0007220743678552179,True
2.5519999999999405,3,656,plastic_chip,23.17618857407841,0.3322812819758177,True
2.5519999999999405,4,677,good,1.6953828675004157,4.4831007651177855e-06,True
2.5519999999999405,6,704,plastic_chip,23.595267816993914,0.5428226431739015,True
2.55599999999994,2,679,good,2.513274711044678,0.00014427746575611328,True
2.55599999999994,3,672,good,1.534321362098964,0.0014886705303827734,True
2.55599999999994,4,676,good,1.4179386749022533,2.5605923170079887e-05,True
2.55599999999994,5,656,plastic_chip,23.315334447939552,0.3200411803456712,True
2.55599999999994,6,688,good,2.1874875068995783,0.0003374858535037982,True
2.55599999999994,7,677,good,2.8183499564209673,0.004803503474463974,True
2.5599999999999397,2,671,good,2.0630680595822466,1.769082878872792e-05,True
2.5599999999999397,3,679,good,2.2165729392861486,0.0002459321946801896,True
2.5599999999999397,4,672,good,1.3993067421979017,0.0001636613315842338,True
2.5599999999999397,5,676,good,1.7055798707573262,6.308578767200645e-05,True
2.5599999999999397,6,656,plastic_chip,23.4523500310323,0.33212926642792767,True
2.5599999999999397,7,688,good,2.1563639946064717,0.0001839063677766622,True
2.563999999999939,3,671,good,2.437169657486771,0.0001553579979449069,True
2.563999999999939,4,679,good,2.2111408335716995,0.00014171114666981278,True
2.563999999999939,5,672,good,1.5053082104552036,0.0013008761541385254,True
2.563999999999939,6,676,good,1.5776596027061869,9.715539432288462e-05,True
2.563999999999939,8,688,good,2.068027672731953,0.000507113606877053,True
2.5679999999999388,4,686,good,1.7737940476730465,1.0057278497291227e-05,True
2.5679999999999388,5,680,wrong_size,8.813716190649261,0.004751621548319097,True
2.5679999999999388,6,671,good,2.319274836643067,2.9549565373733152e-05,True
2.5679999999999388,7,679,good,2.517186249547378,0.00010998664384191991,True
2.5679999999999388,8,672,good,1.534713655564459,0.0004923470647948506,True
2.5719999999999383,4,681,wrong_size,9.019250738293117,0.07301990997726915,True
2.5719999999999383,5,680,wrong_size,8.810616186989822,0.004771305035818514,True
2.5719999999999383,6,686,good,1.9817108736900424,1.151828300489469e-05,True
2.5719999999999383,7,671,good,2.4684775687116636,0.0014145438199841978,True
2.575999999999938,3,673,plastic_chip,22.376829270406798,0.22488925788172784,True
2.575999999999938,5,681,wrong_size,9.032418476930062,0.050657378329133834,True
2.575999999999938,6,680,wrong_size,8.84404560203475,0.003921865510259612,True
2.575999999999938,7,686,good,1.8831004424658782,3.283704025649026e-05,True
2.5799999999999375,5,685,good,2.4512221148595783,0.07433120840273814,True
2.5799999999999375,6,673,plastic_chip,22.29739982480302,0.22488925788172784,True
2.5799999999999375,7,687,plastic_chip,22.157573068629738,0.48683513991634103,True
2.5799999999999375,8,681,wrong_size,9.011278510896938,0.22036598166650276,True
2.5799999999999375,9,682,good,3.550753721802844,0.00012071842425400755,True
2.583999999999937,2,684,odd_colour,176.20712666920974,0.9850441174622001,True
2.583999999999937,3,678,odd_colour,175.6861097895533,0.9948330691077784,True
2.583999999999937,4,696,odd_colour,284.1255378484667,0.9610302943381321,True
2.583999999999937,5,685,good,2.3797725760310335,0.05143801189283235,True
2.5879999999999366,3,684,odd_colour,177.51062876517474,0.9706968058999614,True
2.5879999999999366,4,678,odd_colour,175.6452666607434,0.9980053142205328,True
2.5879999999999366,5,685,good,2.391851938826234,0.06660953199638295,True
2.5879999999999366,6,696,odd_colour,281.0370823038611,0.9578429523614722,True
2.591999999999936,2,690,good,2.3458444581044295,0.004868053353687994,True
2.591999999999936,3,689,good,2.7578033050256145,0.005235250881732601,True
2.591999999999936,4,684,odd_colour,178.67213198110335,0.9790813921566922,True
2.591999999999936,5,678,odd_colour,176.92926490448798,0.9937914699393919,True
2.5959999999999357,3,690,good,2.4591659169073594,0.007256758610013124,True
2.5959999999999357,4,689,good,3.2181207303236925,0.007344518521439597,True
2.5999999999999353,2,693,wrong_size,9.675259341759547,4.001843007008991e-05,True
2.5999999999999353,3,690,good,2.3491867520649916,0.010846973260095353,True
2.5999999999999353,4,689,good,2.7661453600944403,0.0036983536972445517,True
2.603999999999935,2,693,wrong_size,9.731695576297387,9.267974116018415e-05,True
2.603999999999935,3,690,good,4.875730341409517,0.002693309971979243,True
2.611999999999934,2,691,good,3.1687466471117154,0.032035111090618275,True
2.6159999999999335,4,691,good,3.3041332962810235,0.006046461401598798,True
2.619999999999933,3,694,odd_colour,150.93920162755464,0.9716740917361463,True
2.619999999999933,4,691,good,3.461983451716322,0.031406797370406615,True
2.6239999999999326,2,714,odd_colour,306.07545771819093,0.9857049649672575,True
2.6239999999999326,4,700,good,1.8551416551081839,8.437064490048012e-06,True
2.6239999999999326,5,692,good,6.290212776741334,0.0880211097316822,True
2.6239999999999326,6,694,odd_colour,151.4654472104023,0.9815154746107538,True
2.6239999999999326,7,691,good,3.2589898285929366,0.0013965575898299935,True
2.627999999999932,2,692,good,5.06812356821706,0.4422287808116428,True
2.627999999999932,3,700,good,1.7694443359037404,8.444487379276592e-05,True
2.627999999999932,4,714,odd_colour,303.5201033602939,0.9959528594468567,True
2.627999999999932,6,694,odd_colour,151.02922648871893,0.8932834779279635,True
2.6319999999999317,3,692,good,5.576905496369233,0.1411349490339016,True
2.6319999999999317,4,700,good,1.8134163081692722,9.078468868902635e-06,True
2.6319999999999317,5,714,odd_colour,304.69708271318035,0.9846288042772852,True
2.6359999999999313,3,697,good,7.332460255807914,0.15759860130237954,True
2.6359999999999313,4,699,good,2.8688242869117366,0.00014246330050892705,True
2.6359999999999313,5,692,good,5.099434699613488,0.3873939247545798,True
2.6359999999999313,6,700,good,1.7827528950522276,4.9303778044510945e-05,True
2.639999999999931,2,701,wrong_size,12.29245795959604,0.0012066095928376943,True
2.639999999999931,3,697,good,7.346792649986919,0.05667884279034295,True
2.639999999999931,4,699,good,2.502546746108105,0.000205242274509363,True
2.6439999999999304,2,722,good,5.8296063162173315,0.011796734665191471,True
2.6439999999999304,3,701,wrong_size,12.517487262576058,0.0011409089675477179,True
2.6439999999999304,4,697,good,7.372864007408351,0.07083081147345034,True
2.6439999999999304,5,699,good,2.450059509701895,0.0001367808356789132,True
2.64799999999993,2,701,wrong_size,12.329901120514316,0.0009251660155701221,True
2.64799999999993,4,697,good,7.353906358856634,0.03731426265470039,True
2.655999999999929,5,702,good,3.1821677517165,2.9314681605937154e-06,True
2.6599999999999286,3,710,wrong_size,10.614331858468834,0.00019407267348135724,True
2.6599999999999286,4,703,good,9.868356142293552,0.0036099330556185662,True
2.6599999999999286,5,706,good,2.822094571902636,0.00020533176854415388,True
2.6599999999999286,6,702,good,3.1375511808252687,1.8392752963679403e-05,True
2.663999999999928,2,705,odd_colour,134.6804979788611,0.9028334904447958,True
2.663999999999928,4,703,good,11.723944469901145,0.015342318091607514,True
2.663999999999928,5,706,good,2.8233818662300836,0.0002270732935345578,True
2.663999999999928,6,702,good,3.155091338148049,1.2164973229227255e-05,True
2.6679999999999278,2,711,good,3.865253813654456,8.618973961338578e-05,True
2.6679999999999278,3,705,odd_colour,133.79210217916955,0.9121788684546657,True
2.6679999999999278,5,703,good,8.691577242341765,0.005381003307717996,True
2.6679999999999278,6,706,good,2.801402654080635,0.000526216889561714,True
2.6719999999999273,3,711,good,3.894245215724883,3.737319661662255e-05,True
2.6719999999999273,4,705,odd_colour,134.7141581193132,0.971673962529724,True
2.675999999999927,2,715,good,4.469415650324102,0.004746334933202549,True
2.675999999999927,3,708,good,2.6060567962160928,0.002451194703394412,True
2.675999999999927,4,711,good,3.868644926666527,2.7294585115730335e-05,True
2.6799999999999264,2,707,good,2.4909308532126495,0.00010173640450024184,True
2.6799999999999264,3,721,good,3.3442001711321,0.046109446826088855,True
2.6799999999999264,4,715,good,4.569779711055443,0.01676761339710465,True
2.6799999999999264,5,708,good,2.6528997016968097,0.0015038867357611604,True
2.6799999999999264,6,711,good,3.843640620494514,4.599936953332901e-05,True
2.683999999999926,2,707,good,2.5605027353450045,5.013649646343053e-05,True
2.683999999999926,3,721,good,3.132420282315836,0.06013997583937665,True
2.683999999999926,4,715,good,4.444295488846237,0.0026438034278439865,True
2.683999999999926,5,708,good,2.634359322625421,0.0008233552009601937,True
2.6879999999999256,2,707,good,2.868748113388105,0.0002500039128308854,True
2.6879999999999256,3,721,good,3.1427387129994586,0.10549847361270615,True
2.691999999999925,3,707,good,2.58749186398659,0.00010873820222452994,True
2.6959999999999247,2,718,good,2.13542885324605,0.002077375619387639,True
2.6999999999999242,3,729,good,4.322618935711179,0.00027255289161645055,True
2.6999999999999242,4,718,good,2.1207634002837166,0.0018748347465781007,True
2.703999999999924,2,716,plastic_chip,21.215766356103384,0.2580229749559844,True
2.703999999999924,3,729,good,4.309747610100252,0.00029063679435642063,True
2.703999999999924,4,718,good,2.108877656913466,0.003414143547193487,True
2.7079999999999234,2,716,plastic_chip,20.9221348698349,0.23451970479916356,True
2.7079999999999234,3,729,good,4.254813868765434,0.00032414281160904844,True
2.711999999999923,3,716,plastic_chip,21.12143490307341,0.25781200360113665,True
2.711999999999923,4,729,good,4.203087494853472,0.0003503322749321849,True
2.7159999999999225,4,749,good,3.1316903764405937,0.04300380956385348,True
2.7159999999999225,5,727,good,1.5215344456958995,0.0034030502220810505,True
2.7159999999999225,6,728,good,3.8132578485398936,0.02458575123601324,True
2.7159999999999225,7,716,plastic_chip,21.14908221213622,0.23432187514867067,True
2.719999999999922,3,724,good,2.2059834480558234,8.871128277035543e-05,True
2.719999999999922,4,719,wrong_size,10.067066866740774,0.9995007559864081,True
2.719999999999922,5,723,good,2.7904777099283664,9.02499562225763e-05,True
2.719999999999922,6,727,good,1.5730739653560901,0.0012527945458775214,True
2.719999999999922,7,749,good,3.099713164494647,0.0021683118636206793,True
2.719999999999922,8,728,good,3.8145449499380475,0.1858410308225663,True
2.719999999999922,9,716,plastic_chip,20.910416202521095,0.25642198672134336,True
2.7239999999999216,4,717,good,11.01469629535395,0.0078178401701327,True
2.7239999999999216,5,724,good,2.2280150576767284,2.458033428052446e-05,True
2.7239999999999216,6,719,wrong_size,13.231004602405477,0.9993766779309282,True
2.7239999999999216,7,723,good,2.9340890798067703,0.00018330346067653165,True
2.7239999999999216,8,727,good,1.6806976586515883,0.0015724348105065225,True
2.7239999999999216,9,749,good,3.1057260030173874,0.026227651063912713,True
2.727999999999921,2,739,good,4.61162956322965,0.9221996272789256,True
2.727999999999921,3,726,good,4.111672784763929,0.001015084579988304,True
2.727999999999921,4,717,good,11.21878147108337,0.008334077435090629,True
2.727999999999921,5,724,good,2.2637720997640605,5.0289381230404964e-05,True
2.727999999999921,6,719,wrong_size,10.013487816276855,0.9996609183234505,True
2.727999999999921,7,723,good,2.8585801599483527,0.00019784503156244394,True
2.727999999999921,8,727,good,1.36601735075403,0.002200510858353272,True
2.7319999999999207,3,739,good,4.309212352456216,0.8545711691021066,True
2.7319999999999207,4,726,good,3.7807949494037953,0.0006088991118048233,True
2.7319999999999207,5,717,good,12.035707424953806,0.006091279887647468,True
2.7319999999999207,6,724,good,2.2217788967500907,7.462347396498482e-05,True
2.7359999999999203,3,730,wrong_size,12.33818648022359,0.03367081026119423,True
2.7359999999999203,4,739,good,4.110730561220962,0.0121321343740018,True
2.7359999999999203,5,726,good,3.7553383776265035,0.0007945903360244725,True
2.7359999999999203,6,717,good,10.982036251908822,0.06436937582818014,True
2.73999999999992,5,731,good,2.8351710208000442,0.00033060020981620213,True
2.73999999999992,6,730,wrong_size,12.339730342004932,0.025915273657443366,True
2.7439999999999194,2,736,good,2.2326142230494037,0.0003473739307679223,True
2.7439999999999194,3,747,good,4.749484978607867,0.00025329290858526547,True
2.7439999999999194,5,731,good,2.754166249078903,0.000574692432905731,True
2.7439999999999194,6,730,wrong_size,12.561066642804452,0.01978785353979402,True
2.747999999999919,3,735,good,2.804880669857703,0.014056295911116703,True
2.747999999999919,4,736,good,2.3359313482875597,0.0003224404832353052,True
2.747999999999919,5,747,good,3.345595264912612,0.00023391391564777476,True
2.747999999999919,6,731,good,15.533965278392197,0.014070816780877878,True
2.7519999999999185,2,738,wrong_size,9.962126670849788,0.00633925000437393,True
2.7519999999999185,3,735,good,2.750850129749198,0.0008556953532507498,True
2.7519999999999185,4,736,good,2.2528018715539315,0.00021708383756742044,True
2.755999999999918,3,738,wrong_size,10.745359725247747,0.010604023555969667,True
2.755999999999918,4,735,good,2.7713225143088263,0.0007072262061652147,True
2.7599999999999176,2,741,good,1.8288666689486546,0.00027715860916737757,True
2.7599999999999176,3,738,wrong_size,10.695677861449617,0.013281960857860306,True
2.763999999999917,3,741,good,1.8153770273446954,2.804840070696738e-05,True
2.7679999999999167,3,742,good,4.9273451865397755,0.2777574713380417,True
2.7679999999999167,4,743,good,3.306196533913725,0.09853211269283693,True
2.7679999999999167,5,741,good,1.8543955002385673,1.7478036270813004e-05,True
2.7719999999999163,4,725,good,1.794698624888615,0.0004019409353467601,True
2.7719999999999163,5,742,good,4.852190134732819,0.43774553730918697,True
2.7719999999999163,6,743,good,3.598952104538272,0.05594160283077027,True
2.775999999999916,2,746,wrong_size,12.456792604629426,0.0032850737049959808,True
2.775999999999916,3,745,good,2.835337140558819,0.01196253945380973,True
2.775999999999916,4,725,good,1.8625306818830123,0.0003489889619865362,True
2.775999999999916,5,742,good,4.933644279907107,0.37219803123949363,True
2.775999999999916,6,743,good,3.32782213868592,0.021158485766724987,True
2.7799999999999154,5,746,wrong_size,12.485863707321798,0.0014050435215793855,True
2.7799999999999154,6,725,good,1.9461637161889473,0.0003844694495289727,True
2.7799999999999154,7,745,good,2.582767301396948,0.013986397338828215,True
2.783999999999915,2,720,plastic_chip,23.52270044574647,0.3063550144974782,True
2.783999999999915,3,740,wrong_size,8.647116410876434,0.0010841709932431893,True
2.783999999999915,4,744,good,2.636808835463871,0.010353649532018686,True
2.783999999999915,5,746,wrong_size,12.578608241338925,0.0014076773305399107,True
2.783999999999915,6,725,good,1.8772858966067127,0.000469382727339282,True
2.783999999999915,7,745,good,2.513032397589946,0.004987289305340181,True
2.7879999999999145,3,720,plastic_chip,23.697781409030107,0.30172064034266594,True
2.7879999999999145,4,740,wrong_size,8.780231072446576,0.0009651065410059844,True
2.7879999999999145,5,744,good,2.561653447543145,0.4972665721611202,True
2.7879999999999145,7,725,good,2.089628443362727,0.00043502397794873587,True
2.791999999999914,3,750,wrong_size,9.780084645425582,4.225280838356346e-05,True
2.791999999999914,4,720,plastic_chip,23.66206648941532,0.30172064034266594,True
2.791999999999914,5,744,good,2.841913983224085,0.06589496016917726,True
2.791999999999914,6,740,wrong_size,8.704104727087868,0.0010121204841152577,True
2.7959999999999137,3,752,good,3.913964201942161,0.2075891594390231,True
2.7959999999999137,4,737,good,4.949329875153438,0.005294100203979457,True
2.7959999999999137,5,750,wrong_size,9.763963663106102,3.004777752915259e-05,True
2.7959999999999137,7,744,good,2.5932660253476243,0.01111709829295999,True
2.7999999999999132,2,751,wrong_size,8.683703225183079,0.002862314913705034,True
2.7999999999999132,3,737,good,4.903254057240368,0.002976960528548088,True
2.7999999999999132,4,752,good,4.432995081906164,0.07894594534757932,True
2.7999999999999132,5,750,wrong_size,9.77826573808627,5.2090631785668314e-05,True
2.803999999999913,2,751,wrong_size,8.623719826568603,0.006739477844361458,True
2.803999999999913,3,737,good,4.919731609570379,0.0005968210900957662,True
2.803999999999913,4,752,good,3.919446922602627,0.14922849740598196,True
2.8079999999999123,3,751,wrong_size,8.72345165667173,0.005816983499748527,True
2.8079999999999123,4,737,good,4.993940508326058,0.001269277877105916,True
2.8079999999999123,5,752,good,3.931660845501762,0.2463700231100747,True
2.811999999999912,2,754,good,2.7175680975860645,7.218694922544945e-05,True
2.811999999999912,3,737,good,4.983537483349704,0.0011462735906504575,True
2.8159999999999115,3,754,good,2.8426014238857196,3.3032521995039016e-05,True
2.819999999999911,2,753,good,2.3701325747685686,0.0005648811965619917,True
2.819999999999911,3,754,good,2.8797132157662766,4.797794239943599e-05,True
2.8239999999999106,4,753,good,2.236732467895263,0.0011973624869775032,True
2.82799999999991,4,759,good,2.0911373125927843,0.002090402585012282,True
2.82799999999991,5,753,good,2.280269469917236,0.000386850194096421,True
2.8319999999999097,2,764,good,4.174637800481462,0.0017380933169281964,True
2.8319999999999097,3,760,wrong_size,8.854233797821445,0.0001965505356345677,True
2.8319999999999097,4,759,good,2.0847002921867106,0.00044000712069136084,True
2.8359999999999093,3,761,good,10.32238792079153,0.864372516569507,True
2.8359999999999093,4,764,good,4.254178585209012,0.0007242627206993493,True
2.8359999999999093,5,760,wrong_size,8.834905956745333,0.00016603446114650427,True
2.8359999999999093,6,759,good,2.1224132289945463,0.0031761110189967297,True
2.839999999999909,2,767,wrong_size,8.791517745403373,0.04720870257248893,True
2.839999999999909,3,764,good,4.226556605792078,0.0027912343990162407,True
2.839999999999909,4,760,wrong_size,8.91901668328183,0.00020333027147597928,True
2.839999999999909,5,759,good,2.5148053523022886,0.07161170959875858,True
2.8439999999999084,3,767,wrong_size,8.715709625721647,0.19351808105554794,True
2.8439999999999084,4,761,good,6.23339821272001,0.15019973414228774,True
2.847999999999908,2,763,wrong_size,9.03225988509628,0.0276635835800595,True
2.847999999999908,3,767,wrong_size,8.798104724486409,0.09412072438150512,True
2.847999999999908,4,761,good,3.255433531984593,0.1495809407224942,True
2.8519999999999075,2,763,wrong_size,11.582977270427213,0.011719627684654019,True
2.855999999999907,3,763,wrong_size,9.358281692845331,0.05581170643072066,True
2.8599999999999066,2,766,odd_colour,154.99246599528794,0.9751009357413655,True
2.8599999999999066,4,762,good,2.032220326642883,0.00010111373592819709,True
2.863999999999906,3,768,good,1.9356458017447762,0.005126805430180715,True
2.863999999999906,4,766,odd_colour,155.3981727721906,0.9743304651093702,True
2.863999999999906,5,762,good,1.9009458582116037,0.00017634126069909667,True
2.8679999999999057,3,770,good,2.1519817644844927,0.000349357594635391,True
2.8679999999999057,4,766,odd_colour,154.9916453683679,0.9647075374573477,True
2.8679999999999057,5,768,good,1.9508397585862622,0.004871256218045979,True
2.8679999999999057,6,762,good,1.835979708390123,6.962046890155963e-05,True
2.8719999999999053,3,778,good,3.045605577210095,0.09645400248729682,True
2.8719999999999053,4,769,good,1.6154931412076026,0.0010195168423689537,True
2.8719999999999053,5,770,good,2.1627716686167333,0.00022704195930037984,True
2.8719999999999053,6,766,odd_colour,154.75189807325893,0.9831424617300024,True
2.8719999999999053,7,768,good,1.9355623194712208,0.0068592098215558474,True
2.875999999999905,4,774,good,3.2174851936238227,0.00022781513767010684,True
2.875999999999905,5,769,good,1.6201076264607583,0.0013407782828611665,True
2.875999999999905,6,778,good,3.058395800679266,0.0981244014040594,True
2.875999999999905,7,770,good,2.123496887461289,0.0003531643321366726,True
2.875999999999905,8,766,odd_colour,155.8721234086802,0.9781635553966029,True
2.8799999999999044,4,765,good,2.5477693531037375,0.0004415274133159833,True
2.8799999999999044,5,771,good,2.887003262321653,0.001859894967637913,True
2.8799999999999044,6,774,good,3.48083653912772,0.00026382150176815287,True
2.8799999999999044,7,769,good,2.047594798809476,0.006959606933413431,True
2.8799999999999044,8,778,good,3.189000080342703,0.09792509907375649,True
2.883999999999904,3,776,good,2.833766171224722,0.00015840645780892303,True
2.883999999999904,4,765,good,2.536650791749422,0.000382570085230647,True
2.883999999999904,5,771,good,3.0086282888077505,0.0030053438955328846,True
2.883999999999904,6,774,good,3.2651448204835,7.734064067313262e-05,True
2.8879999999999035,4,779,wrong_size,12.236852135971137,0.00012396284007403527,True
2.8879999999999035,5,776,good,3.098916852201867,0.00028799040109199795,True
2.8879999999999035,6,765,good,2.4226796866404356,0.0001782627118741377,True
2.8879999999999035,7,771,good,2.992049857761808,0.005405514739104836,True
2.891999999999903,4,772,good,3.38222558765332,2.1816703288245277e-05,True
2.891999999999903,5,775,good,2.851210128177126,0.0013638326942900418,True
2.891999999999903,6,779,wrong_size,11.95681705508228,7.224371844744702e-05,True
2.891999999999903,7,776,good,2.7485601743960935,0.0004318775628335933,True
2.891999999999903,8,765,good,2.429210083871855,8.214468736672283e-05,True
2.8959999999999027,2,782,good,2.871406796506481,9.567576671251984e-05,True
2.8959999999999027,3,781,good,2.5623256841357276,3.3753811565428704e-05,True
2.8959999999999027,4,772,good,2.5704833015928736,2.763034658983252e-05,True
2.8959999999999027,5,775,good,3.088507810743775,0.017432783372292676,True
2.899999999999902,2,782,good,2.94346370345866,0.00020799751749952478,True
2.899999999999902,3,781,good,2.5625924892825926,3.117985309739556e-05,True
2.899999999999902,4,772,good,2.655277124476346,6.506693551437136e-06,True
2.899999999999902,5,775,good,3.075088931522803,0.0023321228767518424,True
2.9039999999999018,2,782,good,3.0035387129199496,0.000229580665752972,True
2.9039999999999018,3,781,good,2.577619755920214,3.602119498957284e-05,True
2.911999999999901,3,786,good,2.2914846993427562,0.000269026666737253,True
2.9159999999999004,3,787,good,3.331900573009507,4.251533629429872e-05,True
2.9159999999999004,4,783,good,3.499480024515691,8.492603988636433e-05,True
2.9159999999999004,5,788,good,3.6256673733365465,3.2379644897246786e-05,True
2.9159999999999004,6,784,good,3.307435611329631,0.00016224871809069022,True
2.9159999999999004,7,786,good,2.3670647539278646,0.0001028406291696638,True
2.9199999999999,2,780,good,3.177348759185484,9.002194721405312e-05,True
2.9199999999999,3,783,good,2.8981081185087803,0.00012546693589203257,True
2.9199999999999,4,787,good,3.4224123641453876,1.070825752504654e-05,True
2.9199999999999,5,788,good,2.7113105079869046,2.246871998012941e-05,True
2.9199999999999,6,784,good,3.355279945014939,0.00020370119454306797,True
2.9199999999999,7,786,good,2.260001576702408,0.0003344557870247169,True
2.9239999999998996,2,780,good,2.979332038701065,7.254981874174755e-05,True
2.9239999999998996,3,783,good,3.1674340529850546,8.630947710624823e-05,True
2.9239999999998996,4,788,good,2.780442963337639,4.3227089007153256e-05,True
2.9239999999998996,5,787,good,3.399405821186096,3.075660129780844e-05,True
2.9239999999998996,6,784,good,3.3093049385053828,0.00019042434464353338,True
2.927999999999899,3,795,good,7.56746566706943,0.0033108704923896564,True
2.927999999999899,4,780,good,3.167112525053251,9.603098390178203e-05,True
2.927999999999899,6,788,good,2.8118938417654307,5.813717483442188e-05,True
2.9319999999998987,2,785,good,5.083913788507839,0.09047892275526195,True
2.9319999999998987,3,795,good,7.601100750848183,0.0031144225881103685,True
2.9359999999998982,2,790,odd_colour,275.89895502333036,0.9711464060673495,True
2.9359999999998982,3,785,good,5.114424320832845,0.3370854012992404,True
2.9359999999998982,4,795,good,7.565804425931259,0.004933796720891918,True
2.939999999999898,2,789,odd_colour,173.5989459525495,0.8392599550121804,True
2.939999999999898,3,798,good,2.252979931509229,0.027167162009503483,True
2.939999999999898,4,790,odd_colour,264.71882871017624,0.9750712216553606,True
2.939999999999898,5,785,good,5.062952720119385,0.13711200400211884,True
2.9439999999998974,2,790,odd_colour,277.7601820638709,0.9922244012477537,True
2.9439999999998974,3,789,odd_colour,173.52407698247475,0.8130333246544909,True
2.9439999999998974,4,798,good,2.2407656442489663,0.024562968583938888,True
2.947999999999897,3,790,odd_colour,290.4674998885462,0.9901635793888536,True
2.947999999999897,4,789,odd_colour,173.6976516709604,0.9699167057446689,True
2.947999999999897,5,798,good,2.8270866295015793,0.020389673852651675,True
2.9519999999998965,4,797,good,2.0968378239541887,3.9279992444568666e-05,True
2.9519999999998965,5,790,odd_colour,295.8604611624199,0.9962404084377479,True
2.9519999999998965,6,789,odd_colour,173.4219916673625,0.9536426301243035,True
2.955999999999896,4,791,plastic_chip,22.88108312157597,0.6396521221676359,True
2.955999999999896,5,797,good,1.9580250686420986,3.599663008414007e-05,True
2.955999999999896,6,790,odd_colour,298.95668944226486,0.9967764632401912,True
2.9599999999998956,4,794,good,1.857837259743357,0.0005409018519246259,True
2.9599999999998956,6,791,plastic_chip,22.784819630466355,0.5945868653146984,True
2.9599999999998956,7,790,odd_colour,300.40901535174027,0.9757344421637948,True
2.963999999999895,2,796,wrong_size,10.497773924284942,0.9993030000564626,True
2.963999999999895,4,793,good,3.1575363866503117,3.0431068918424946e-05,True
2.963999999999895,5,801,good,1.699502450525596,0.0008155549856997347,True
2.963999999999895,6,794,good,1.9578365919514065,0.0006164749375207653,True
2.963999999999895,7,791,plastic_chip,23.080275576348505,0.6640911554524944,True
2.963999999999895,9,790,odd_colour,303.1171477938903,0.9940659744322191,True
2.9679999999998947,2,800,good,2.25284915304148,0.0003101432336117551,True
2.9679999999998947,3,796,wrong_size,10.341915284386891,0.5057160948584969,True
2.9679999999998947,4,793,good,3.1647676666753926,2.8218979419511822e-05,True
2.9679999999998947,5,801,good,1.8137912009982549,0.0018084431887920944,True
2.9679999999998947,6,794,good,1.9561367111080354,0.00033930344704879235,True
2.9719999999998943,3,800,good,2.3385743548826565,0.0003997109040871503,True
2.9719999999998943,4,796,wrong_size,10.350589692857604,0.9991841480615787,True
2.9719999999998943,5,793,good,3.2774869749463686,5.77199704882923e-05,True
2.9719999999998943,6,801,good,1.6670175413329527,0.21007263835683077,True
2.975999999999894,3,809,odd_colour,472.0976053221619,0.9972328129659023,True
2.975999999999894,4,800,good,2.283766839415498,0.0002307754549550862,True
2.975999999999894,6,793,good,3.1946603049603017,4.175613927461565e-05,True
2.9799999999998934,2,802,good,2.3523743339225773,7.078363423823322e-05,True
2.9799999999998934,3,808,plastic_chip,23.0827442467065,0.2543937572549902,True
2.9799999999998934,4,809,odd_colour,478.24918851889015,0.9985817948477121,True
2.983999999999893,4,802,good,2.42096789797925,2.6908385477388383e-05,True
2.983999999999893,5,808,plastic_chip,22.974634248546202,0.2543937572549902,True
2.983999999999893,6,809,odd_colour,486.4954886982599,0.9951256492306573,True
2.9879999999998925,2,805,good,2.8005254342034585,0.0005935865221317238,True
2.9879999999998925,3,807,good,4.083797138819764,0.0010007877100563169,True
2.9879999999998925,4,804,good,2.235302171156357,7.564880376459166e-05,True
2.9879999999998925,5,802,good,2.451503183238832,0.00010687715245116732,True
2.991999999999892,3,805,good,3.039869441952089,0.0011229572751247393,True
2.991999999999892,4,807,good,4.042014487207433,0.0006224730828686448,True
2.991999999999892,5,804,good,2.2770928518944205,6.3193796842318e-05,True
2.9959999999998916,2,803,good,3.5144552564533695,8.094914327980625e-05,True
2.9959999999998916,3,807,good,4.1760292558455125,0.0012839262549553423,True
2.9959999999998916,4,805,good,2.7871372068835485,0.0007029686772701696,True
2.9959999999998916,5,804,good,2.9344189772501577,3.0510765271021616e-05,True
2.999999999999891,2,803,good,3.514054211266488,3.85967536036248e-05,True
2.999999999999891,3,807,good,4.044509654063983,0.0007675339517194382,True
3.0039999999998908,4,803,good,3.6429503076746195,7.15588126713035e-05,True
3.0079999999998903,4,806,good,1.6358513114831559,0.0001941375221914249,True
3.0079999999998903,5,818,good,4.190636057486197,0.9835678265040665,True
3.0079999999998903,6,815,good,3.6262229832628368,1.3201939661938132e-05,True
3.01199999999989,3,812,wrong_size,10.071507962328655,0.08113406863582737,True
3.01199999999989,4,810,good,2.632705857032812,0.0019875640244253413,True
3.01199999999989,5,818,good,4.019981677973111,0.9830248814270971,True
3.01199999999989,6,806,good,2.5519474785403022,0.02526025348964087,True
3.01199999999989,7,815,good,3.5628042864638383,1.3243925596371494e-05,True
3.0159999999998894,3,812,wrong_size,10.215849168818183,0.23368629695332072,True
3.0159999999998894,4,810,good,2.6393480240279543,0.009405865064389698,True
3.0159999999998894,5,818,good,3.9976652527132734,0.9853744911411035,True
3.0159999999998894,6,806,good,3.1865758524229784,0.006930148480321802,True
3.0159999999998894,7,815,good,3.5080506845418924,1.0622475807912572e-05,True
3.019999999999889,2,816,wrong_size,12.443799800635903,0.0010562606535268143,True
3.019999999999889,3,811,good,1.6989197884582714,0.0016932744950481598,True
3.019999999999889,4,812,wrong_size,10.18749663307952,0.11631823325490674,True
3.019999999999889,5,810,good,2.6957864212070697,0.003781827250103888,True
3.019999999999889,6,818,good,4.126191995861785,0.987330645184712,True
3.0239999999998886,3,816,wrong_size,12.47898010004682,0.0014495311780291713,True
3.0239999999998886,4,811,good,2.346643416579622,0.001432761787380968,True
3.027999999999888,3,814,good,2.751557615476252,4.9441660993549103e-05,True
3.027999999999888,4,816,wrong_size,12.749906979447504,0.0006288779691972666,True
3.027999999999888,5,811,good,1.8577734271266355,0.0019262264809873618,True
3.0319999999998877,3,822,wrong_size,9.023385529101677,0.0037489257311357506,True
3.0319999999998877,4,814,good,2.6353896509365597,3.42497909902024e-05,True
3.0359999999998872,2,823,odd_colour,270.8506506479542,0.9637845035055284,True
3.0359999999998872,3,817,good,1.820691584168838,0.003939509501059968,True
3.0359999999998872,4,822,wrong_size,8.986701356874068,0.003958752281882246,True
3.0359999999998872,5,814,good,2.5741524825879187,2.6299881113479718e-05,True
3.039999999999887,2,819,good,2.480715441874024,0.02252718422733763,True
3.039999999999887,3,823,odd_colour,270.2401829811498,0.9700142916908041,True
3.039999999999887,4,817,good,1.681850515259061,0.0023079244110154316,True
3.039999999999887,5,822,wrong_size,9.35378783700531,0.0039792897914603075,True
3.039999999999887,6,814,good,3.0196295289990824,2.421083201993143e-05,True
3.0439999999998864,3,836,good,2.0103873397832097,0.008137012061209065,True
3.0439999999998864,4,819,good,2.597676460365167,0.008099857251148802,True
3.0439999999998864,5,823,odd_colour,275.90415589630317,0.9739874929602528,True
3.0439999999998864,6,817,good,1.6066702367529795,0.0006511883093846893,True
3.047999999999886,5,825,good,2.6117250484449883,0.0072474681470082415,True
3.047999999999886,6,836,good,1.982384700505856,0.00044645339807116807,True
3.047999999999886,7,819,good,2.4918962817230397,0.03426482982074987,True
3.047999999999886,8,823,odd_colour,277.5725407719408,0.9954700929689626,True
3.0519999999998855,2,821,good,2.9819307582580383,0.02062833794845698,True
3.0519999999998855,3,824,wrong_size,9.408798011502086,0.004987012321723626,True
3.0519999999998855,5,825,good,2.6078836700037242,0.006304886028355981,True
3.0519999999998855,6,836,good,2.0245729731719937,0.00022867826150450228,True
3.055999999999885,3,821,good,3.086056872635516,0.05831502148251626,True
3.055999999999885,4,824,wrong_size,9.77731402033072,0.0057360850223066775,True
3.055999999999885,5,825,good,2.632021599854927,0.02590891896409092,True
3.0599999999998846,2,830,good,3.5038333537972233,0.03158230230296538,True
3.0599999999998846,3,827,good,4.669834348540904,0.004934224711311661,True
3.0599999999998846,4,821,good,3.004168359193749,0.024567534449492293,True
3.0599999999998846,5,824,wrong_size,9.700646573184558,0.005252385056028536,True
3.063999999999884,2,832,good,3.5703502687372817,0.06596773043731978,True
3.063999999999884,3,830,good,3.830619149939586,0.019168773720652142,True
3.063999999999884,4,827,good,4.669585995821971,0.006887992392986863,True
3.0679999999998837,2,832,good,3.5543632884924303,0.06671275895166565,True
3.0679999999998837,3,827,good,4.557235989504046,0.0012172981926531522,True
3.0679999999998837,4,830,good,3.8476824574091513,0.08388001683520291,True
3.0719999999998833,3,832,good,3.6890036217240234,0.09253445865235459,True
3.075999999999883,2,820,good,3.954947804019683,3.5453237203984354e-05,True
3.075999999999883,3,832,good,3.552975978867933,0.04935062416706212,True
3.0799999999998824,4,831,good,3.6716239461551465,9.340284545556914e-05,True
3.0799999999998824,5,833,good,3.1948786903780793,0.0001860156206065697,True
3.0799999999998824,6,820,good,3.940573311441557,5.749440575146068e-05,True
3.083999999999882,4,826,good,3.016316783177633,3.434447970640848e-05,True
3.083999999999882,5,831,good,3.7019514052294036,8.280418961346733e-05,True
3.083999999999882,6,833,good,3.512004609683229,0.0009837977795574733,True
3.083999999999882,7,820,good,3.9919611558565586,5.3795890465570254e-05,True
3.0879999999998815,2,838,good,3.353397955348903,0.7273114138802801,True
3.0879999999998815,4,826,good,2.977753315787743,9.205850541741917e-05,True
3.0879999999998815,5,831,good,3.682914116339311,0.000190389652463972,True
3.0879999999998815,6,833,good,3.1565377578082883,0.0005075146815889545,True
3.091999999999881,3,838,good,3.3729873449217096,0.17848725171536922,True
3.091999999999881,5,826,good,2.9609431358265055,0.00011491976719779439,True
3.091999999999881,6,831,good,3.7277318910085806,8.493440239945397e-05,True
3.0959999999998806,3,839,wrong_size,8.404492039772768,0.0013190186096426555,True
3.0959999999998806,4,838,good,3.294858712163573,0.9327768609611392,True
3.09999999999988,2,837,good,8.747974549391987,0.04814421010577637,True
3.09999999999988,3,839,wrong_size,8.36431413892517,0.0008023241412804952,True
3.1039999999998797,3,837,good,8.714346992141888,0.01513428756680134,True
3.1039999999998797,4,839,wrong_size,8.394280623713332,0.000819615579210795,True
3.1079999999998793,4,868,plastic_chip,23.9140640915948,0.3713798792391475,True
3.1079999999998793,5,837,good,8.729877633381626,0.02792386374746293,True
3.111999999999879,5,840,good,2.8362168620065127,0.009819756788848541,True
3.111999999999879,6,841,good,2.676146895520531,0.00013625469442016364,True
3.1159999999998784,3,842,good,2.1682881361612196,0.00015711116454531035,True
3.1159999999998784,5,847,good,2.899405982697325,0.0003950975943852175,True
3.1159999999998784,6,845,good,2.3828290638154686,0.016767594796308412,True
3.1159999999998784,7,840,good,2.7713074164040137,0.017795714815089157,True
3.1159999999998784,8,841,good,2.707521710827938,9.02847567789592e-05,True
3.119999999999878,2,844,good,3.0612998365429585,0.0007042924044034107,True
3.119999999999878,3,842,good,2.401379875882082,0.00032671839672027033,True
3.119999999999878,5,847,good,2.8831494553141335,0.0003674622670844676,True
3.119999999999878,6,845,good,2.3782228096204223,0.03216519129625997,True
3.119999999999878,7,840,good,3.0967693378899477,0.010152717648153656,True
3.119999999999878,8,841,good,2.9200031724573057,0.000206194239765222,True
3.1239999999998775,3,844,good,3.4238455584710774,0.0015804364785842544,True
3.1239999999998775,4,842,good,2.1685456290648673,0.00015630676097344993,True
3.1239999999998775,6,847,good,2.8685032852853563,0.0003291564482091694,True
3.1239999999998775,7,845,good,2.3568109303892184,0.03596164013319366,True
3.127999999999877,4,850,good,1.5222316602209653,0.00012610314369514757,True
3.127999999999877,5,844,good,3.3394011117440456,0.0005982878197421046,True
3.127999999999877,6,842,good,2.32525588076019,0.0004312996782005569,True
3.1319999999998767,4,846,good,2.7892745877803073,0.0002035092344467703,True
3.1319999999998767,5,850,good,4.211011708736949,0.0001467505016165721,True
3.135999999999876,3,857,good,3.3506759298492943,0.0004057398150288691,True
3.135999999999876,4,851,good,2.0146580344901874,2.0107066539931987e-05,True
3.135999999999876,5,850,good,5.83612074698719,0.006519015263353625,True
3.135999999999876,6,846,good,2.5470189686677203,0.0002696105516091492,True
3.139999999999876,5,851,good,1.993023287721473,4.091725995813834e-05,True
3.139999999999876,6,857,good,3.3515000169832696,0.5380347897519153,True
3.139999999999876,7,850,good,5.4527143548314125,0.00020008123509424134,True
3.139999999999876,8,846,good,2.580503586898626,0.00028015331700364897,True
3.1439999999998753,4,854,wrong_size,11.584742771220858,0.010793225416089751,True
3.1439999999998753,5,856,plastic_chip,25.302952310333986,0.41503731689786827,True
3.1439999999998753,7,851,good,1.9717506131327387,1.2705304221025422e-05,True
3.1439999999998753,8,857,good,3.371443731774893,0.0026208593172469524,True
3.1439999999998753,9,850,good,4.292404101762437,0.8982071460911999,True
3.147999999999875,2,855,good,3.2996961443117026,0.0001369608208582681,True
3.147999999999875,3,848,odd_colour,266.1735077722694,0.9211615882414521,True
3.147999999999875,4,854,wrong_size,11.581920988084356,0.007841786247623524,True
3.147999999999875,5,856,plastic_chip,25.299969322513075,0.41499564290252056,True
3.1519999999998745,3,852,good,3.3125094844032863,0.007241078712563865,True
3.1519999999998745,4,855,good,3.2828490752456574,0.00010130626090925364,True
3.1519999999998745,5,848,odd_colour,263.2263103883215,0.9818357009613446,True
3.1519999999998745,6,854,wrong_size,9.361679112331066,0.01717185564515981,True
3.155999999999874,2,865,good,4.782851870305843,0.00010749909123795036,True
3.155999999999874,3,852,good,3.0729898945899703,0.0036936003075522224,True
3.155999999999874,4,848,odd_colour,261.3128588925364,0.9617188543985103,True
3.155999999999874,5,855,good,3.301968871863427,0.0001542522985024846,True
3.1599999999998736,2,862,odd_colour,218.1641192012324,0.8697704654359919,True
3.1599999999998736,3,858,good,3.1124474733482645,0.0001364424815475524,True
3.1599999999998736,4,852,good,3.4013535977438387,0.013277920389227926,True
3.1599999999998736,5,865,good,3.062125034323091,0.0002845178619666614,True
3.163999999999873,3,862,odd_colour,216.9734832219072,0.8731669221396595,True
3.163999999999873,4,858,good,3.189083306155751,0.0002041918243796817,True
3.163999999999873,5,852,good,3.0976831591429734,0.004867015617878075,True
3.1679999999998727,2,860,good,2.346918164635656,0.000939296367215439,True
3.1679999999998727,3,862,odd_colour,217.94981903399315,0.9489158848789833,True
3.1679999999998727,4,858,good,3.0295357586264124,0.0008111994447437239,True
3.1719999999998723,2,863,good,2.691273160586743,0.0003940343508280602,True
3.1719999999998723,3,860,good,2.3794420431297922,0.0017011315718650846,True
3.1719999999998723,4,862,odd_colour,216.777416411129,0.971607822460416,True
3.175999999999872,2,863,good,2.8416587385368817,7.647276105508031e-05,True
3.175999999999872,3,860,good,2.392110301433401,0.0019554592391663986,True
3.1799999999998714,2,863,good,2.7132209002522343,1.9912075276819688e-05,True
3.183999999999871,3,863,good,2.899870734864463,0.0007314570771478826,True
3.1879999999998705,3,866,plastic_chip,19.729629254873547,0.29948809642459445,True
3.19199999999987,3,867,wrong_size,8.027571419214139,0.001153234200322478,True
3.19199999999987,4,866,plastic_chip,19.847425716026073,0.29948809642459445,True
3.1959999999998696,2,870,good,1.5246274061089473,0.000594514853975748,True
3.1959999999998696,3,867,wrong_size,8.018760624223502,0.0006804699132615858,True
3.1959999999998696,4,866,plastic_chip,20.25689715039159,0.290679944392909,True
3.199999999999869,4,870,good,1.5159745454251818,0.0007333513342193814,True
3.199999999999869,5,867,wrong_size,8.054446156837857,0.0009813379954162502,True
3.2039999999998687,3,884,good,3.2910873577545168,0.00033381824890116286,True
3.2039999999998687,4,871,good,5.439079540433215,0.12054456222466192,True
3.2039999999998687,5,870,good,1.7574091185902887,0.0003724368211336785,True
3.2079999999998683,3,872,good,2.7988771420649616,0.00013713037102764387,True
3.2079999999998683,4,884,good,3.1523470507736198,0.0004377541557278783,True
3.2079999999998683,5,871,good,5.476322216505833,0.15144616209440856,True
3.211999999999868,3,874,good,3.158786542023175,0.014561592858945944,True
3.211999999999868,4,872,good,2.8296838205878356,0.00030333342021337845,True
3.211999999999868,5,884,good,3.1704783083063695,0.00044285712887620713,True
3.211999999999868,6,871,good,5.3950304935934295,0.1310989251987019,True
3.2159999999998674,3,876,odd_colour,180.3390683434438,0.9498943070803432,True
3.2159999999998674,4,891,good,1.596253972136075,0.0006562306456409526,True
3.2159999999998674,5,874,good,2.9154190253480237,0.024411907450260648,True
3.2159999999998674,6,872,good,2.6795926490534265,0.0004043483270461804,True
3.219999999999867,1,873,good,2.8257667711300445,0.0003607201545824876,True
3.219999999999867,3,879,good,5.520819152789031,0.00020896208630671135,True
3.219999999999867,4,876,odd_colour,180.7529223000384,0.9704015343610941,True
3.219999999999867,5,891,good,1.5738448975690587,0.0014589194663698528,True
3.219999999999867,6,874,good,2.904758229095266,0.021361491381955144,True
3.2239999999998665,3,882,odd_colour,295.4977063477236,0.970888722336011,True
3.2239999999998665,4,873,good,2.9232800312307963,0.00040641631217583444,True
3.2239999999998665,5,879,good,6.037442558433625,0.0038240985263375484,True
3.2239999999998665,6,876,odd_colour,181.46839921787475,0.9710024237352243,True
3.2239999999998665,7,891,good,1.7693130259120486,0.015540535778282806,True
3.2239999999998665,8,874,good,3.01379922542498,0.05452710150479365,True
3.227999999999866,2,875,good,3.6223897779968004,0.06901481909144686,True
3.227999999999866,3,882,odd_colour,293.8806131729038,0.8640863614830282,True
3.227999999999866,4,873,good,2.8251193037979974,0.00040058330355611133,True
3.227999999999866,5,879,good,6.41365131089198,0.00048153497092095484,True
3.2319999999998656,2,875,good,3.6331058539477743,0.40709585482926836,True
3.2319999999998656,3,882,odd_colour,293.9832039316881,0.8391134220312292,True
3.2319999999998656,4,873,good,2.7541377848726283,0.0004532861707748135,True
3.235999999999865,3,877,good,1.672807505315492,0.0025373076882510147,True
3.235999999999865,4,875,good,3.4316448349946413,0.47463723627214355,True
3.235999999999865,5,882,odd_colour,292.8802431474335,0.8393875421585848,True
3.2399999999998648,2,881,good,3.3796552219695237,0.000940114808170331,True
3.2399999999998648,3,877,good,1.8457568872317616,0.0021178571497157093,True
3.2439999999998643,2,883,good,6.9797163526820745,0.03297789528685295,True
3.2439999999998643,4,878,good,3.743022761660835,0.001886626741953594,True
3.2439999999998643,5,881,good,3.421130109557314,0.0009271245981809592,True
3.2439999999998643,6,877,good,1.697313237902726,0.0017052868958367118,True
3.247999999999864,2,885,good,2.2195868997517563,3.3647641360259604e-05,True
3.247999999999864,3,880,good,2.0258768791724266,0.000310002180847404,True
3.247999999999864,4,883,good,7.509216321887807,0.5446258406797011,True
3.247999999999864,5,878,good,3.6623178421118783,0.002170293344923215,True
3.247999999999864,6,881,good,3.8292668155874052,0.015845975077751172,True
3.247999999999864,7,877,good,1.6814800759146376,0.0014733113990551235,True
3.2519999999998634,2,885,good,2.188508785096086,7.653398771288848e-05,True
3.2519999999998634,3,880,good,2.0476766456535365,0.0009507806910742953,True
3.2519999999998634,4,883,good,6.98458870349858,0.11363803167829914,True
3.2519999999998634,5,878,good,3.7256281422709745,0.0015252231498322376,True
3.255999999999863,2,885,good,2.221355000958574,9.117986881186153e-05,True
3.255999999999863,3,880,good,2.015256834597087,0.0011563709127346824,True
3.255999999999863,4,878,good,3.8159639614475265,0.000454448489147039,True
3.255999999999863,5,883,good,6.615339550860189,0.24002722411367006,True
3.2599999999998626,3,885,good,2.272175021047517,0.00018755898721202558,True
3.2599999999998626,4,880,good,2.0581007989119287,0.0009370650327934629,True
3.263999999999862,3,889,wrong_size,8.540833063195173,7.14515434324073e-05,True
3.2679999999998617,2,890,odd_colour,177.75408729758792,0.9583426338131771,True
3.2679999999998617,3,889,wrong_size,8.57336093675563,4.8601423318570685e-05,True
3.2719999999998612,3,905,good,3.3929935877860236,0.006497383389358981,True
3.2719999999998612,4,890,odd_colour,178.5953514458007,0.9531714793590195,True
3.2719999999998612,5,889,wrong_size,8.77321570613654,8.20110777501689e-05,True
3.275999999999861,2,887,good,2.9725429632588334,5.908586210001204e-05,True
3.275999999999861,3,905,good,3.409272262064923,0.007861429991055892,True
3.275999999999861,4,890,odd_colour,180.34784662104863,0.9272716863649513,True
3.2799999999998604,2,887,good,2.945716240315631,4.403326059641302e-05,True
3.2799999999998604,3,905,good,3.354321017306343,0.002411843903496064,True
3.28399999999986,2,887,good,3.002877758089842,4.393578577870221e-05,True
3.2879999999998595,3,893,good,2.3156252395920642,8.113267748670071e-05,True
3.291999999999859,3,892,good,2.779887112126193,0.010824574921067214,True
3.291999999999859,4,893,good,2.295132511848135,0.00011163409725157746,True
3.2959999999998586,4,899,good,2.622787517075418,0.00012316207039406938,True
3.2959999999998586,5,892,good,2.7863072743403206,0.006356957057752954,True
3.2959999999998586,6,893,good,2.296686420431391,0.00021043390718293811,True
3.299999999999858,3,902,good,3.8173707734198272,7.836657692171704e-05,True
3.299999999999858,4,901,odd_colour,212.47949083661467,0.9108679987532219,True
3.299999999999858,5,899,good,2.810971425855524,0.00016323981421917453,True
3.299999999999858,6,892,good,2.7930203321947005,0.007246968032680385,True
3.299999999999858,7,893,good,2.3855067853122542,0.0003295663295321786,True
3.3039999999998577,3,896,good,2.5960827294701603,5.348959525383692e-05,True
3.3039999999998577,4,902,good,4.013704584148873,1.7810503676881606e-05,True
3.3039999999998577,5,901,odd_colour,208.5983130190651,0.9054469771325792,True
3.3039999999998577,6,899,good,2.670088195743661,0.00012951614867109923,True
3.3039999999998577,7,892,good,2.86904142855215,0.00690700796351292,True
3.3079999999998573,2,898,good,2.942366690282496,4.676795824397974e-05,True
3.3079999999998573,4,896,good,2.686430322640024,3.4247454896915755e-05,True
3.3079999999998573,5,902,good,4.057720439247736,1.4775257738933443e-05,True
3.3079999999998573,6,901,odd_colour,203.06451054223513,0.9113854829300037,True
3.311999999999857,2,898,good,2.576660520181977,9.912156666949769e-05,True
3.311999999999857,4,896,good,2.6035478937713354,3.071901252857946e-05,True
3.3159999999998564,3,898,good,2.5886386752740336,7.043594492093583e-05,True
3.3159999999998564,4,903,good,2.3355215877105753,4.853825167697789e-05,True
3.3159999999998564,5,900,good,3.7285281414352713,0.003362855569624072,True
3.319999999999856,2,907,good,4.57431769319074,0.0008028526242629004,True
3.319999999999856,3,898,good,2.400522974331044,9.856368095514852e-05,True
3.319999999999856,4,903,good,2.1356077338620865,0.00013673938736155877,True
3.3239999999998555,2,921,odd_colour,422.8954697541117,0.9854400844771826,True
3.3239999999998555,3,907,good,4.453068482937635,0.0005112458478605829,True
3.327999999999855,1,908,good,1.6644478833476473,8.956766281421113e-05,True
3.327999999999855,3,921,odd_colour,422.6596748498627,0.9882475068539185,True
3.327999999999855,4,907,good,4.439378044064669,0.0004444470375270365,True
3.3319999999998546,4,908,good,1.8675436528982625,6.206963574578753e-05,True
3.3319999999998546,5,921,odd_colour,433.5044095110689,0.981454450240707,True
3.335999999999854,4,913,wrong_size,8.85448700305222,0.0012432110225201439,True
3.335999999999854,5,912,good,3.8060395723809286,0.0016748034160169463,True
3.335999999999854,6,908,good,1.6924157769362125,0.00010695587872769881,True
3.3399999999998538,3,911,good,2.509856231425079,0.0015100392772560772,True
3.3399999999998538,4,904,good,2.3176120058231104,0.0005397811136549777,True
3.3399999999998538,5,913,wrong_size,8.87496237917843,0.0016172424119141422,True
3.3399999999998538,6,912,good,3.517163124051547,0.0005444335620059004,True
3.3399999999998538,7,908,good,1.7428636311068628,0.001154303166967734,True
3.3439999999998533,5,911,good,2.506234755738305,0.003042292429536835,True
3.3439999999998533,6,904,good,2.143458578470215,0.0003830186357205314,True
3.3439999999998533,7,912,good,3.5043454050500142,0.0004150094841794589,True
3.3439999999998533,8,913,wrong_size,8.866364644847303,0.0015316852255601251,True
3.347999999999853,3,906,plastic_chip,23.29400078097622,0.5737693357799714,True
3.347999999999853,4,914,wrong_size,7.846992852154668,0.01442552355666926,True
3.347999999999853,6,911,good,2.347626400973428,0.0008514694229249407,True
3.347999999999853,7,904,good,2.2073942710042638,0.00021220259598617186,True
3.3519999999998524,3,916,good,2.2695375638147897,0.0029682749742663767,True
3.3519999999998524,4,924,good,3.8311305311953885,0.0003751398509638427,True
3.3519999999998524,5,906,plastic_chip,23.205763023336104,0.6967054197753807,True
3.3519999999998524,7,914,wrong_size,7.894641766405163,0.009768959306386838,True
3.355999999999852,2,917,good,2.870600044186652,0.00018303672920084345,True
3.355999999999852,3,916,good,2.305393363907003,0.0034154222410041853,True
3.355999999999852,4,906,plastic_chip,23.093181180534526,0.6153752052399463,True
3.355999999999852,5,924,good,3.860489466753113,0.00048112961883953106,True
3.3599999999998515,2,918,good,4.0938712221357525,1.6154680588649987e-05,True
3.3599999999998515,3,920,good,2.978723357282002,0.00016594034258422824,True
3.3599999999998515,4,917,good,3.0258946421942765,0.0009946841086171476,True
3.3599999999998515,5,906,plastic_chip,23.144824062936394,0.536775922233038,True
3.3599999999998515,6,916,good,2.1281404077654793,0.0002468122400944507,True
3.3599999999998515,7,924,good,3.7930579394957804,0.0009002037992868585,True
3.363999999999851,3,918,good,3.5614659185249034,9.248543262348585e-06,True
3.363999999999851,4,920,good,2.9966605787200735,6.790135814324565e-05,True
3.363999999999851,5,917,good,2.995249019538621,0.001184293104335153,True
3.363999999999851,7,916,good,2.3110334212847383,0.00015388373038876073,True
3.3679999999998507,2,919,odd_colour,132.09298388995524,0.9509378861755393,True
3.3679999999998507,3,918,good,3.7378025366237293,9.704421065633473e-06,True
3.3679999999998507,4,920,good,3.233858546523142,0.000133598284711949,True
3.3719999999998502,3,919,odd_colour,132.2404917041483,0.929805197237332,True
3.3719999999998502,4,918,good,3.571236926874107,5.9493589519725065e-06,True
3.37599999999985,2,925,good,2.8538508705089223,0.0008045452803420507,True
3.37599999999985,3,919,odd_colour,132.76705579348013,0.8929184662730102,True
3.3799999999998493,2,925,good,2.7488238291123133,0.0007071210116875915,True
3.383999999999849,2,925,good,2.77931888838875,0.0006566540087000222,True
3.399999999999847,2,931,good,3.680897215955131,0.0018730426502353106,True
3.4039999999998467,2,931,good,3.6521845113840903,0.0026134193353284153,True
3.4079999999998463,4,932,good,3.312521479188851,8.631690959466202e-05,True
3.4079999999998463,5,931,good,3.6069833268502443,0.003160716465260555,True
3.411999999999846,3,930,good,2.223615322945346,0.002191222468152898,True
3.411999999999846,4,927,good,2.7872657881019367,0.00037744213473408285,True
3.411999999999846,5,932,good,3.3601751560250492,0.00010929882785558439,True
3.4159999999998454,3,933,good,2.341915199886834,0.0007872453070914802,True
3.4159999999998454,4,934,good,4.945047952578042,0.00011360771413825916,True
3.4159999999998454,5,930,good,2.5343368840667035,0.0015110691930635008,True
3.4159999999998454,6,927,good,2.387230554626941,0.0017118343913180075,True
3.4159999999998454,7,932,good,3.4344912133939554,0.0001590037531193815,True
3.419999999999845,2,936,good,4.312462698278646,1.110540808908648e-05,True
3.419999999999845,3,933,good,2.405122308131094,0.0009155715073236137,True
3.419999999999845,4,934,good,5.134696677273592,0.00026087948476763374,True
3.419999999999845,5,930,good,2.4040893742969103,0.0025149547349522885,True
3.419999999999845,6,927,good,2.3174454249382337,0.0021788201747172213,True
3.419999999999845,7,932,good,3.208410450990971,0.00010225705087583701,True
3.4239999999998445,2,936,good,4.030941377024481,1.0193315168141402e-05,True
3.4239999999998445,3,933,good,2.375121917177581,0.0007551975276003049,True
3.4239999999998445,4,934,good,4.967184964576041,0.00036364995392407066,True
3.427999999999844,1,939,odd_colour,182.89078429984767,0.9697800479467809,True
3.427999999999844,4,936,good,4.273956468249409,1.6773361876968905e-05,True
3.427999999999844,5,933,good,2.3795425310709595,0.0006021290676003432,True
3.4319999999998436,3,935,good,4.1913508141843785,0.00010578988994074551,True
3.4319999999998436,4,939,odd_colour,184.44196676780476,0.971396282750041,True
3.435999999999843,3,943,good,3.0370103093630414,0.0012274734239667367,True
3.435999999999843,4,942,good,1.7425634813262854,0.000309999367492882,True
3.435999999999843,5,935,good,4.173956798744627,0.00013955270037646565,True
3.435999999999843,6,939,odd_colour,185.13498338604688,0.9733860352785325,True
3.4399999999998427,3,940,good,2.9853555922720134,0.327406833925719,True
3.4399999999998427,4,943,good,2.919742340658717,0.0002744760699302365,True
3.4399999999998427,5,942,good,2.1668368801647966,0.00025780121999830277,True
3.4399999999998427,6,935,good,4.181508437169195,0.00022286765964487553,True
3.4399999999998427,7,939,odd_colour,185.59904472434056,0.9779984359034926,True
3.4439999999998423,2,941,good,3.131229795220797,0.01818098948859677,True
3.4439999999998423,3,940,good,3.0534986879520862,0.4267847360150776,True
3.4439999999998423,4,943,good,3.003455155313015,0.000527749058133892,True
3.4439999999998423,5,942,good,2.1149350205348365,0.0002535053384488119,True
3.447999999999842,3,941,good,3.155093947279396,0.001318423923956231,True
3.447999999999842,4,940,good,3.7521916291151536,0.534610491130769,True
3.447999999999842,5,943,good,2.9949472861758824,0.008408515677343777,True
3.4519999999998414,2,938,good,2.27462591685271,7.912308659880324e-05,True
3.4519999999998414,3,941,good,3.1949245276090195,0.001757120858681079,True
3.455999999999841,3,938,good,2.2999539759394545,3.32108368327773e-05,True
3.4599999999998405,3,951,odd_colour,191.62274644490836,0.9717322093140442,True
3.4599999999998405,4,938,good,2.3509703162734787,3.710021109393837e-05,True
3.46399999999984,3,944,good,6.155756018624806,0.26780388018147466,True
3.46399999999984,4,951,odd_colour,189.46397407056594,0.9491862593717486,True
3.4679999999998397,3,946,good,3.095997306540522,0.004431077095737826,True
3.4679999999998397,4,944,good,6.338067521320972,0.0615168044372792,True
3.4679999999998397,5,951,odd_colour,187.6220039305179,0.9827954801413807,True
3.471999999999839,3,948,good,2.8418877793746162,0.0009603505556345089,True
3.471999999999839,4,946,good,3.160075014299284,0.0057180128605538475,True
3.471999999999839,5,944,good,6.019078884642677,0.060309696988316265,True
3.4759999999998388,4,949,good,4.033992415189094,1.910986160449533e-05,True
3.4759999999998388,5,948,good,2.708984134762912,0.0005199675991309684,True
3.4759999999998388,6,946,good,3.185993102293993,0.004732289451228552,True
3.4799999999998383,4,950,wrong_size,10.02856180346893,0.019526433053057235,True
3.4799999999998383,5,947,good,2.4798096616747425,0.0006427117950323392,True
3.4799999999998383,6,949,good,4.112596878956508,3.525328773857407e-05,True
3.4799999999998383,7,948,good,2.6816661817501504,0.0005528984680895543,True
3.483999999999838,3,945,good,2.652553223049382,0.011077106763473524,True
3.483999999999838,4,954,good,2.6068855153114243,0.007520534128353023,True
3.483999999999838,5,950,wrong_size,10.01837341441058,0.9545020463740016,True
3.483999999999838,6,947,good,4.848664466551039,0.0004937479961351364,True
3.483999999999838,7,949,good,4.234780399001199,1.6144770944248226e-05,True
3.4879999999998375,2,952,good,5.555773865305225,0.0002922327238109002,True
3.4879999999998375,3,945,good,2.9469177605226418,0.03211597508420833,True
3.4879999999998375,4,954,good,2.8041655397346332,0.0027286492451646053,True
3.4879999999998375,5,950,wrong_size,11.323910611162617,0.6890840634069462,True
3.4879999999998375,6,947,good,4.771794589409531,0.0003601134094996686,True
3.491999999999837,3,952,good,5.600789538029243,0.0005282325187096482,True
3.491999999999837,4,945,good,2.715605716379361,0.016908222132354014,True
3.491999999999837,5,954,good,2.761579068237629,0.00503341953899737,True
3.4959999999998366,2,958,wrong_size,14.65024644713954,0.012882286446385097,True
3.4959999999998366,5,952,good,5.694896804839943,0.0007472255326397246,True
3.499999999999836,2,953,good,2.248132546626182,0.00013980617560869224,True
3.499999999999836,3,958,wrong_size,11.789282897695516,0.009034435081159956,True
3.5039999999998357,4,953,good,2.4995513005119054,9.327107779989235e-05,True
3.5039999999998357,5,958,wrong_size,11.656400434066045,0.061955618349988494,True
3.5079999999998353,4,956,good,1.9452733267124638,6.423115663076267e-05,True
3.5079999999998353,5,960,good,2.9418122398859965,0.0003907263323726341,True
3.5079999999998353,6,953,good,2.3460491524989284,8.15044902339082e-05,True
3.511999999999835,2,962,plastic_chip,21.540469836886537,0.6784520196428451,True
3.511999999999835,3,957,odd_colour,168.0720035214772,0.9491662455704833,True
3.511999999999835,4,956,good,2.248144916212153,6.531958616132623e-05,True
3.511999999999835,5,960,good,2.859499508095153,0.0004216051920015657,True
3.511999999999835,6,953,good,2.184255243887423,0.00011435333757956374,True
3.5159999999998344,2,962,plastic_chip,23.179969437191435,0.6561095789419981,True
3.5159999999998344,3,957,odd_colour,168.16601133456743,0.8140276982472741,True
3.5159999999998344,4,956,good,2.1333786019813976,5.6964391258979926e-05,True
3.5159999999998344,5,960,good,2.783400500721321,0.0002497740058383763,True
3.519999999999834,5,957,odd_colour,166.2664263647705,0.9529959201271464,True
3.5239999999998335,3,955,plastic_chip,23.28713384711971,0.5953504467670026,True
3.5239999999998335,4,963,good,1.7857043165928903,4.018682949545583e-05,True
3.527999999999833,3,967,wrong_size,12.431663705266752,0.0005282378645330054,True
3.527999999999833,4,964,good,3.134275717460903,0.0002664511273867478,True
3.527999999999833,5,955,plastic_chip,23.238139257492872,0.5785046379149444,True
3.527999999999833,6,963,good,1.72152326164382,0.00011803801295379057,True
3.5319999999998326,2,961,odd_colour,135.4044956654678,0.9096353618104576,True
3.5319999999998326,3,965,good,2.223047973662477,0.0016410362940982835,True
3.5319999999998326,4,967,wrong_size,12.366961919275498,0.0005762911930265233,True
3.5319999999998326,5,964,good,3.0507168009741448,0.000220935308374021,True
3.5319999999998326,6,955,plastic_chip,23.35584329311188,0.5956001997132001,True
3.5319999999998326,7,963,good,1.71071217012608,0.001166438790979395,True
3.535999999999832,3,959,good,2.453188114938305,0.00036391651791027195,True
3.535999999999832,4,961,odd_colour,137.9244210349168,0.9659377405381617,True
3.535999999999832,5,965,good,2.2339729235971455,0.003289043053438899,True
3.535999999999832,6,964,good,3.1168947301018943,0.0007448129337714403,True
3.535999999999832,7,967,wrong_size,12.420294004730541,0.00028229789632428106,True
3.5399999999998317,2,968,good,1.9498100797425617,2.249879495897382e-05,True
3.5399999999998317,3,959,good,2.4288974337679945,0.00029226647927408056,True
3.5399999999998317,4,961,odd_colour,139.58470664583055,0.9787135008589419,True
3.5399999999998317,5,964,good,3.0820190972849257,0.0001739924522395028,True
3.5399999999998317,6,965,good,2.2596976219478497,0.002872776720506436,True
3.5439999999998313,3,968,good,1.9007035091748836,1.9472204497650665e-05,True
3.5439999999998313,4,959,good,2.3909285040893495,0.00024237617879639762,True
3.5439999999998313,5,961,odd_colour,139.9123685290189,0.9684405704267557,True
3.547999999999831,2,971,good,2.7146363481310063,0.28477489264730094,True
3.547999999999831,3,968,good,2.032778504219916,4.343523044894807e-05,True
3.5519999999998304,4,971,good,2.864228716614292,0.07760860375955943,True
3.55599999999983,3,976,good,2.3108037746867223,0.0060401865161239365,True
3.55599999999983,4,969,good,2.581855914769909,0.0001718109921955171,True
3.55599999999983,5,970,good,1.5841652357302323,0.00015835620175838066,True
3.55599999999983,6,971,good,2.9770784484181663,0.04511474303560685,True
3.5599999999998295,4,976,good,2.2773570300024137,0.022747475291517237,True
3.5599999999998295,5,970,good,2.276919330484724,0.0001244736592546309,True
3.5599999999998295,6,971,good,3.042964168612568,0.04290413970134509,True
3.563999999999829,2,973,good,2.1305793680346694,0.0001284784337021144,True
3.563999999999829,3,975,good,3.482357915950207,2.479178515400129e-05,True
3.563999999999829,4,976,good,2.194868656416708,0.04782690790612577,True
3.563999999999829,6,970,good,2.9790178655269117,4.531506970799219e-05,True
3.5679999999998286,4,973,good,2.0456801071203476,0.0002697960777084348,True
3.5679999999998286,5,975,good,3.4902779727052056,3.3541022807667345e-05,True
3.5679999999998286,6,976,good,2.0265342409960194,0.06399540159354386,True
3.571999999999828,3,974,wrong_size,9.12788682568961,0.010918573180961547,True
3.571999999999828,4,972,odd_colour,293.31340319948663,0.9950565489550781,True
3.571999999999828,5,981,good,5.579304232951001,0.005291977662391227,True
3.571999999999828,6,973,good,2.0043024775802727,0.0003328156515786956,True
3.571999999999828,7,975,good,3.425117052283748,2.930817316917553e-05,True
3.5759999999998278,2,980,plastic_chip,22.19003941783364,0.37093711826824677,True
3.5759999999998278,3,974,wrong_size,9.185499466376893,0.014228547355669814,True
3.5759999999998278,4,972,odd_colour,292.0261678148891,0.9968901748454696,True
3.5759999999998278,5,981,good,5.557934615732886,0.0036169169430055573,True
3.5759999999998278,6,973,good,1.906898991321366,0.0028508486199416974,True
3.5799999999998273,2,980,plastic_chip,22.294666319767366,0.4589050714535014,True
3.5799999999998273,3,974,wrong_size,9.102916512051614,0.014701171945119926,True
3.5799999999998273,4,972,odd_colour,290.4506180290967,0.9951509822243559,True
3.5799999999998273,5,981,good,5.653840065484303,0.003126754279304245,True
3.583999999999827,2,985,good,2.7674339196226225,0.000279941664339935,True
3.583999999999827,3,980,plastic_chip,22.331450147967562,0.4606661460449575,True
3.5879999999998264,2,985,good,2.7761098496204157,0.000259916409785975,True
3.591999999999826,4,987,good,2.638382156923747,0.00014721170183699183,True
3.591999999999826,5,985,good,2.799733550553309,0.0002444013960422171,True
3.5959999999998256,4,978,odd_colour,181.828332463529,0.9070220053666466,True
3.5959999999998256,5,987,good,2.152344952696687,0.0002952750437343928,True
3.5959999999998256,6,1003,good,3.3332325352558687,0.012468115680307043,True
3.5959999999998256,7,985,good,2.8103431466052693,0.00043015324064861184,True
3.599999999999825,3,990,plastic_chip,22.652480834417858,0.1830371745073476,True
3.599999999999825,4,982,good,2.952648582354581,0.0024260187002912,True
3.599999999999825,5,978,odd_colour,182.602317105752,0.9248291928051703,True
3.599999999999825,6,987,good,2.127363004808323,0.0001997433215559239,True
3.599999999999825,7,1003,good,3.3017809392590216,0.0021462567028662045,True
3.6039999999998247,5,983,odd_colour,202.54092589136073,0.9370682670170604,True
3.6039999999998247,6,990,plastic_chip,22.770273841465265,0.19768825171798698,True
3.6039999999998247,7,982,good,2.867202119298476,0.00586467358257015,True
3.6039999999998247,8,978,odd_colour,181.1374748102784,0.9234466604209444,True
3.6079999999998242,3,986,good,1.9787674889837374,7.921154483728366e-05,True
3.6079999999998242,4,984,good,3.6200144368400853,0.00030339141917064,True
3.6079999999998242,5,1000,good,3.4010399291646713,0.09265013660705777,True
3.6079999999998242,6,983,odd_colour,204.13244709220072,0.9512120656518813,True
3.6079999999998242,7,990,plastic_chip,22.86547042514159,0.19078304467294185,True
3.6079999999998242,8,982,good,2.568184526011626,0.0013683637232043114,True
3.6079999999998242,9,978,odd_colour,182.0076998363414,0.7653902812447927,True
3.611999999999824,3,989,good,2.5388838757998586,8.665130791294024e-05,True
3.611999999999824,4,986,good,1.9532154250683667,8.842792165881104e-05,True
3.611999999999824,5,984,good,3.6964516123045534,0.0004833257327487578,True
3.611999999999824,6,1000,good,2.771462137686125,0.08490905358592876,True
3.611999999999824,7,983,odd_colour,202.03674893090482,0.9904928102281504,True
3.611999999999824,9,982,good,2.869655331569459,0.0023600493364975468,True
3.6159999999998234,2,1004,good,9.854691308477001,0.00031414793813769207,True
3.6159999999998234,3,988,good,3.3766682033985895,0.00011425553536403123,True
3.6159999999998234,4,991,good,2.492558533656184,7.556160139330589e-05,True
3.6159999999998234,5,989,good,2.218694628760479,9.029637227981245e-05,True
3.6159999999998234,6,986,good,1.975478799297263,6.17224468760952e-05,True
3.6159999999998234,7,984,good,3.599289141186959,0.00033404252992451757,True
3.619999999999823,3,994,good,3.383884520016919,5.302637355181745e-05,True
3.619999999999823,4,1004,good,8.574374028929322,0.03540777765218997,True
3.619999999999823,5,988,good,3.1425553448669974,0.000428710114102794,True
3.619999999999823,6,991,good,2.967266774396742,0.00016246771106869968,True
3.619999999999823,7,989,good,2.3258009915972973,0.00011909355357848815,True
3.6239999999998225,3,997,wrong_size,10.468205175150286,0.0008781613665792853,True
3.6239999999998225,4,994,good,3.355044987781624,3.4213462041491106e-05,True
3.6239999999998225,5,988,good,3.075526783312524,0.0003434391865582153,True
3.6239999999998225,6,991,good,2.915601200297089,5.5532270217620235e-05,True
3.6239999999998225,7,1004,good,8.570072671676188,0.0002935623148637961,True
3.627999999999822,2,992,good,2.877303000463719,0.00011814919141923946,True
3.627999999999822,3,993,odd_colour,121.1830249309382,0.8530624901719138,True
3.627999999999822,4,997,wrong_size,10.33355935262863,0.001615516449781679,True
3.627999999999822,5,994,good,3.340132208769612,3.7643372771595186e-05,True
3.6319999999998216,2,992,good,2.7770587360208747,9.491047368450838e-05,True
3.6319999999998216,3,993,odd_colour,181.63997670810576,0.9677996652181834,True
3.6319999999998216,4,997,wrong_size,10.402293053079449,0.0008024541551824884,True
3.6319999999998216,5,994,good,3.3747144010831285,7.797766532090199e-06,True
3.635999999999821,2,992,good,2.7588427893203216,6.393160759599758e-05,True
3.635999999999821,3,993,odd_colour,194.03747136204305,0.9516376862608161,True
3.6399999999998207,2,992,good,2.923131257989385,0.00015131365290673733,True
3.6439999999998203,2,1002,good,2.878022982033862,8.297869558519573e-05,True
3.6439999999998203,3,996,good,1.9806109267518148,0.0005821524168440199,True
3.64799999999982,3,999,odd_colour,142.88159613780837,0.9832421299300228,True
3.64799999999982,4,1002,good,2.9045242721311197,5.212122376562294e-05,True
3.64799999999982,5,996,good,2.008847089790589,0.0003145297612672437,True
3.6519999999998194,3,995,odd_colour,243.40655224537596,0.9679289223442397,True
3.6519999999998194,4,999,odd_colour,143.1375175396335,0.9796661260235442,True
3.6519999999998194,5,1002,good,2.8984322486757623,3.648849665412091e-05,True
3.6519999999998194,6,996,good,2.3060535455739375,6.197687293439619e-05,True
3.655999999999819,3,1005,wrong_size,8.889606931161746,0.004836896192503532,True
3.655999999999819,4,995,odd_colour,244.79831097563402,0.7620980277254741,True
3.655999999999819,5,999,odd_colour,142.58718830357734,0.9923215330967887,True
3.655999999999819,6,1002,good,3.0016823628523026,0.00010829431956170508,True
3.6599999999998185,2,1001,good,2.610220691985231,0.001170546994223593,True
3.6599999999998185,3,1005,wrong_size,8.587187287372183,0.0024709242263613908,True
3.6599999999998185,4,999,odd_colour,147.70887630457898,0.9829346885011794,True
3.6599999999998185,5,995,odd_colour,243.9495579122059,0.9670939064812332,True
3.663999999999818,2,1001,good,2.7199406688820464,0.00038467674185419865,True
3.663999999999818,3,1005,wrong_size,8.889401911007997,0.001526991750283301,True
3.6679999999998176,4,1001,good,2.6385496637457706,0.0002593991138419294,True
3.671999999999817,2,1010,good,3.0024214245249916,0.07118166915045783,True
3.671999999999817,3,1009,good,2.7850598356836174,0.14915594897960321,True
3.671999999999817,4,1001,good,2.7463873720499414,0.0021650944274976542,True
3.6759999999998167,2,1010,good,2.7789705594207934,0.03980693385617134,True
3.6759999999998167,3,1009,good,2.88917556215166,0.06630704260461684,True
3.6799999999998163,1,998,good,1.9410570202825466,0.000693337138865811,True
3.6799999999998163,3,1010,good,2.8785935510963694,0.027095088605493547,True
3.6799999999998163,4,1009,good,2.633945454796641,0.043712266223529125,True
3.683999999999816,3,998,good,2.1714597334496055,0.005036863707581334,True
3.683999999999816,4,1010,good,2.974854730071358,0.03010389961573276,True
3.6879999999998154,3,1007,good,2.25167574437934,0.00042351216707132137,True
3.6879999999998154,4,1012,plastic_chip,20.58576310306502,0.3442626370426648,True
3.6879999999998154,5,998,good,2.028902759874077,0.004291490312613351,True
3.691999999999815,2,1006,good,2.850409767486083,0.009849125324716764,True
3.691999999999815,3,1007,good,2.3371663520260832,0.0006360806381091925,True
3.691999999999815,4,1012,plastic_chip,20.80523225390841,0.3183073401687142,True
3.691999999999815,5,998,good,1.78270615463127,0.0008195769978004845,True
3.6959999999998145,3,1006,good,2.8851483021232673,0.014367315067860074,True
3.6959999999998145,4,1007,good,2.2945470134228048,0.00034510247477220415,True
3.6959999999998145,5,1012,plastic_chip,20.639573045772842,0.317433205265297,True
3.699999999999814,3,1019,good,3.8035839672859373,0.08862383329987089,True
3.699999999999814,4,1006,good,2.987040411376162,0.0009086526788160067,True
3.699999999999814,5,1007,good,2.339709705966079,0.0004079496455157673,True
3.7039999999998137,3,1018,good,1.9285200221807397,9.078793524425163e-05,True
3.7039999999998137,4,1019,good,3.301110486191779,0.02326915709442415,True
3.7079999999998132,4,1018,good,1.9376331446284785,8.759534201379676e-05,True
3.7079999999998132,5,1019,good,3.2191887535920993,0.02380695138901488,True
3.711999999999813,3,1017,odd_colour,181.83087704485055,0.8704254646793329,True
3.711999999999813,4,1013,wrong_size,9.848438282525594,5.366841514190517e-05,True
3.711999999999813,5,1018,good,1.9316527235367764,0.00012355408747128193,True
3.711999999999813,6,1019,good,3.2243982227823778,0.049709055268012566,True
3.7159999999998123,3,1023,good,2.9903396927105503,0.000294368757648488,True
3.7159999999998123,4,1022,good,1.6823226203235009,4.8259309420240806e-05,True
3.7159999999998123,5,1017,odd_colour,183.50358653978762,0.8720883636992945,True
3.7159999999998123,6,1013,wrong_size,9.852700970965946,7.983441476489929e-05,True
3.719999999999812,3,1026,good,2.0987262196081815,0.0003346487516731619,True
3.719999999999812,4,1020,good,1.6758308148967316,0.0006990243098809609,True
3.719999999999812,5,1023,good,2.9883690819930826,0.0001886796968304193,True
3.719999999999812,6,1022,good,1.7099513211031334,1.7426793169147473e-05,True
3.719999999999812,7,1017,odd_colour,183.55244793743066,0.9747779195172811,True
3.7239999999998115,3,1027,good,2.1384774256022707,0.0002701048794244088,True
3.7239999999998115,4,1026,good,1.8935263344726336,0.0016674792260273229,True
3.7239999999998115,5,1020,good,1.7426432194513608,0.0002336950312903413,True
3.7239999999998115,6,1023,good,3.015070785134287,0.00032445099540278044,True
3.7239999999998115,7,1022,good,1.710955289564413,1.9315982372130258e-05,True
3.727999999999811,2,1008,good,3.237248268012127,1.8258202576235253e-05,True
3.727999999999811,3,1027,good,1.8942592919479937,0.00012092450160637225,True
3.727999999999811,4,1026,good,1.9267854332805257,0.0005404272994257599,True
3.727999999999811,5,1020,good,1.9312221022754195,0.00038618822409244494,True
3.727999999999811,6,1023,good,3.0609475349648925,0.00019232904520193527,True
3.7319999999998106,3,1008,good,3.2128592168559695,1.206458694207233e-05,True
3.7319999999998106,4,1027,good,1.8667416125722283,0.0001350312633763601,True
3.73599999999981,3,1028,good,1.7089206575994467,0.0021427190453609194,True
3.73599999999981,4,1008,good,3.26582277412373,1.7889788336692598e-05,True
3.7399999999998097,3,1025,good,14.85819027273884,0.004239409196210332,True
3.7399999999998097,4,1028,good,1.4259741254124991,0.0007552423224419192,True
3.7439999999998093,1,1030,good,3.3140426508806584,0.0008741009528222302,True
3.7439999999998093,3,1016,good,2.8919028264997673,0.0216912082783288,True
3.7439999999998093,4,1025,good,13.173674422167233,0.005237383151755396,True
3.7439999999998093,5,1028,good,1.3972381795811448,8.588717476557878e-05,True
3.747999999999809,3,1035,good,2.8043450280405087,7.23434968633446e-05,True
3.747999999999809,4,1033,plastic_chip,24.619966695242198,0.32290867303921295,True
3.747999999999809,5,1030,good,3.2376130361614393,0.0009714238237163468,True
3.747999999999809,6,1016,good,3.150010383973682,0.12783777232781554,True
3.747999999999809,7,1025,good,12.899988151321876,0.017429058506412912,True
3.7519999999998084,2,1031,good,2.933810153148368,0.009654037390285438,True
3.7519999999998084,3,1035,good,2.782753144353132,4.311479849335328e-05,True
3.7519999999998084,4,1033,plastic_chip,24.432274736117282,0.33478307491509407,True
3.7519999999998084,5,1016,good,3.2025647621942808,0.1115782434389136,True
3.7519999999998084,6,1030,good,2.9234381496881117,0.0010996969961229338,True
3.755999999999808,2,1031,good,2.949347567340701,0.005422475841944083,True
3.755999999999808,3,1035,good,2.765860127625681,7.473351245324151e-05,True
3.755999999999808,4,1016,good,3.5506229096217807,0.02970165030915414,True
3.755999999999808,6,1030,good,3.1453501043269685,0.0009537844814681279,True
3.7599999999998075,2,1031,good,2.8948581988098505,0.023722547403022903,True
3.7599999999998075,3,1035,good,2.582550752867343,6.52871542939571e-05,True
3.7599999999998075,4,1016,good,3.6333295921479745,0.048921456488999725,True
3.7679999999998066,3,1038,odd_colour,223.1045190002503,0.9689021125489916,True
3.7679999999998066,4,1029,good,2.1169656369126924,0.0002631782843041458,True
3.771999999999806,3,1049,good,2.789422810983592,0.0007806554222637581,True
3.771999999999806,4,1032,good,2.007891749002407,0.0036948851608374993,True
3.771999999999806,5,1038,odd_colour,224.45425072819575,0.967875785324209,True
3.771999999999806,6,1029,good,2.2404265969920067,0.0005774391317959965,True
3.7759999999998057,3,1034,good,2.2451245199580567,0.0001694085796044384,True
3.7759999999998057,4,1049,good,2.749961584819527,0.03333959510039542,True
3.7759999999998057,5,1032,good,2.0172528257009548,0.003560395615059695,True
3.7759999999998057,6,1038,odd_colour,225.2141912587806,0.9823220087369544,True
3.7759999999998057,7,1029,good,2.1877158125004006,0.00024212047213014059,True
3.7799999999998053,3,1037,good,2.52027196827842,0.0023456896596149575,True
3.7799999999998053,4,1034,good,2.274598969689029,0.0005527991965094181,True
3.7799999999998053,5,1049,good,2.9487328167655034,0.00017742205579687257,True
3.7799999999998053,6,1032,good,2.0734012977234983,0.005318436338786411,True
3.783999999999805,4,1021,good,3.3971812950490063,0.011733799395629135,True
3.783999999999805,5,1037,good,2.4347727330846074,0.000640441606155312,True
3.783999999999805,6,1034,good,2.2691808952659405,0.00012172635818156941,True
3.7879999999998044,3,1050,good,2.851192068894176,0.0011148296679696834,True
3.7879999999998044,5,1021,good,3.337541641249814,0.017155586911488635,True
3.7879999999998044,6,1037,good,2.4118626066626767,0.0014400211324206524,True
3.791999999999804,2,1046,good,4.141213233886369,0.07297240204159258,True
3.791999999999804,3,1044,odd_colour,194.24981141510864,0.9911452465857099,True
3.791999999999804,4,1050,good,2.748953195117123,0.0007851059351090514,True
3.791999999999804,6,1021,good,3.3283197587692324,0.08964244775038985,True
3.791999999999804,8,1037,good,2.551241352723748,0.0018371880802372932,True
3.7959999999998035,2,1046,good,3.7092071844594954,0.1170918078284057,True
3.7959999999998035,3,1050,good,2.75907447941453,0.0030381328666834392,True
3.7959999999998035,4,1044,odd_colour,194.36382934199264,0.9955381371125096,True
3.799999999999803,2,1043,wrong_size,13.375755735437094,0.07592301103056408,True
3.799999999999803,3,1033,plastic_chip,24.457497691804246,0.39534136875875714,True
3.799999999999803,4,1046,good,3.5849432729150563,0.05043361778825169,True
3.799999999999803,5,1050,good,2.7525152040004444,0.0427245370430946,True
3.799999999999803,6,1044,odd_colour,194.62633467465082,0.9962188384718446,True
3.8039999999998027,2,1033,plastic_chip,24.274534826751196,0.42059302826021017,True
3.8039999999998027,4,1043,wrong_size,13.36632096556897,0.09333703315434243,True
3.8039999999998027,5,1046,good,3.5951573716118004,0.09579881857225653,True
3.807999999999802,5,1051,good,2.22374385553249,6.743475190736725e-05,True
3.807999999999802,6,1043,wrong_size,13.374519008020282,0.0933408704314417,True
3.8119999999998018,2,1057,good,3.0644115412419217,2.6118650739739048e-05,True
3.8119999999998018,3,1048,good,2.2181623322981197,0.0017077905766377083,True
3.8119999999998018,4,1041,good,2.3794846718323517,3.858844873995275e-05,True
3.8119999999998018,5,1051,good,2.3018173772557278,1.6985392907698057e-05,True
3.8159999999998013,3,1048,good,2.39147791309324,0.0026985478267258912,True
3.8159999999998013,4,1057,good,3.361592572174187,2.9310574913843964e-05,True
3.8159999999998013,5,1041,good,2.5100563946957566,0.00012261895826780954,True
3.8159999999998013,6,1051,good,2.370447636465877,1.5671090860112595e-05,True
3.819999999999801,5,1071,good,1.7959103683353306,1.7504123018390193e-05,True
3.819999999999801,6,1048,good,2.2360998806970414,0.0015319389354120875,True
3.819999999999801,7,1041,good,2.558048951193363,1.1468887286327449e-05,True
3.819999999999801,8,1057,good,3.1636385239978497,3.624258732640521e-05,True
3.8239999999998004,3,1042,odd_colour,163.82974179569257,0.9886327413238859,True
3.8239999999998004,4,1053,good,1.392914875599463,5.499878835298732e-05,True
3.8239999999998004,5,1047,good,4.615856901252033,0.0004040713336161363,True
3.8239999999998004,6,1071,good,1.5343578216699385,4.0764110499345186e-05,True
3.8279999999998,2,1069,good,2.7903718184903865,0.3172895728257085,True
3.8279999999998,3,1042,odd_colour,163.39957083846534,0.9919442943367115,True
3.8279999999998,4,1053,good,1.9696176817675342,7.626305133108952e-05,True
3.8279999999998,5,1047,good,4.568793349636403,0.0001984999506615641,True
3.8279999999998,6,1071,good,1.7907033137368935,1.913939020264134e-05,True
3.8319999999997996,4,1069,good,2.7316954675462926,0.3014138893363377,True
3.8319999999997996,5,1042,odd_colour,166.1812339508121,0.9695930157090086,True
3.8319999999997996,6,1053,good,1.371554683968251,3.735401037525839e-05,True
3.8319999999997996,7,1047,good,4.389833386377391,0.0002451845419275233,True
3.835999999999799,2,1054,good,4.555039899606736,9.345633191997392e-05,True
3.835999999999799,3,1052,good,2.16705543145482,0.00026010855147070926,True
3.8399999999997987,3,1054,good,4.428895132872733,0.0003497426211981277,True
3.8399999999997987,4,1052,good,2.0379823003574957,0.00023244709982791044,True
3.8439999999997982,2,1056,odd_colour,259.3292060334737,0.9944426260971138,True
3.8439999999997982,3,1067,plastic_chip,21.68520551257632,0.17623230613311225,True
3.8439999999997982,4,1054,good,4.431241191858644,0.0005450714887155117,True
3.8439999999997982,5,1052,good,2.374451742983157,0.00023447203677987206,True
3.847999999999798,3,1056,odd_colour,259.64630107665965,0.9946043310610172,True
3.847999999999798,4,1067,plastic_chip,21.458372402245985,0.13364420268910193,True
3.8519999999997974,2,1062,good,2.323428515847955,2.420086362154843e-05,True
3.8519999999997974,3,1056,odd_colour,260.2794961270675,0.9943989198533121,True
3.855999999999797,3,1061,odd_colour,174.2607473657963,0.9695817541744247,True
3.855999999999797,4,1059,good,3.903308099079345,0.0002749055805743336,True
3.855999999999797,5,1062,good,2.3285820317375303,2.8843494613310885e-05,True
3.8599999999997965,3,1058,good,2.6999569481856525,0.003451367634305774,True
3.8599999999997965,4,1061,odd_colour,174.61317312885066,0.9654660163116291,True
3.8599999999997965,5,1059,good,3.8715283140235734,0.0002513509401223569,True
3.8599999999997965,6,1062,good,2.362420835019911,2.9002968330318014e-05,True
3.863999999999796,2,1068,good,2.3796709306222823,0.012355983575607018,True
3.863999999999796,3,1058,good,2.8353177711126856,0.0005153180765569433,True
3.863999999999796,4,1061,odd_colour,173.76238568775224,0.9486704613671083,True
3.863999999999796,5,1059,good,4.081634713363345,0.0004929231094332444,True
3.8679999999997956,2,1064,good,1.4535422635473636,0.00014529684754738522,True
3.8679999999997956,3,1068,good,2.384712249128615,0.05198623365148025,True
3.8679999999997956,4,1058,good,2.775480923997033,0.0027131294517746866,True
3.8679999999997956,5,1061,odd_colour,173.64990236865873,0.8120120707083727,True
3.8679999999997956,6,1059,good,4.207447615474219,7.240783673711994e-05,True
3.871999999999795,3,1064,good,1.7182165833982248,0.00017505956003474713,True
3.871999999999795,4,1068,good,2.3749938793530374,0.027002569229284,True
3.8759999999997947,2,1065,wrong_size,9.736659478133204,0.024098113771315904,True
3.8759999999997947,3,1064,good,1.456187854988893,0.00026187433605704194,True
3.8799999999997943,2,1065,wrong_size,9.88042584835212,0.018227868706867968,True
3.8799999999997943,3,1064,good,1.7365332791493286,0.00031756056693331127,True
3.8879999999997934,2,1063,good,3.825312010494856,0.0022591267272682185,True
3.891999999999793,2,1063,good,3.744822390090526,0.002871775647894311,True
3.8959999999997925,3,1074,good,3.3519383876060123,0.00024941668509119685,True
3.8959999999997925,4,1063,good,3.7425920056639503,0.0028991648751329146,True
3.899999999999792,3,1084,good,2.049981347330006,0.00031367907058084627,True
3.899999999999792,4,1074,good,3.4283303364581466,5.3470686214623056e-05,True
3.899999999999792,5,1063,good,3.7420805328952036,0.002610027019898283,True
3.9039999999997916,3,1075,odd_colour,217.62671150351395,0.9975061431377407,True
3.9039999999997916,4,1084,good,2.225687337977519,0.004484376645890959,True
3.9039999999997916,5,1074,good,3.55917847236212,0.0004987554557480682,True
3.907999999999791,3,1073,wrong_size,8.322379208913382,0.0033227497202954147,True
3.907999999999791,4,1075,odd_colour,222.7594029034594,0.9920730403551649,True
3.907999999999791,5,1084,good,2.18389610843899,0.0016395952624469437,True
3.9119999999997908,2,1079,good,3.0861483132252547,0.007490883624353477,True
3.9119999999997908,3,1076,good,2.16749314137524,0.004328669545188287,True
3.9119999999997908,4,1081,good,2.281940889716874,0.0094608889350033,True
3.9119999999997908,5,1073,wrong_size,6.786989896439706,0.019416542314119784,True
3.9119999999997908,6,1075,odd_colour,218.1573130737482,0.9940185758014091,True
3.9159999999997903,3,1079,good,2.527742384307076,0.014030961651631708,True
3.9159999999997903,4,1076,good,2.336279555151792,0.009528742630892411,True
3.9159999999997903,5,1081,good,2.3253571619601265,0.0013063589634823868,True
3.9159999999997903,6,1073,wrong_size,10.072885737876835,0.0012265963414611308,True
3.91999999999979,2,1078,good,2.3195999678174357,0.00015962578975668186,True
3.91999999999979,5,1082,wrong_size,9.792321178835106,0.01399402472446511,True
3.91999999999979,6,1077,good,3.4216926069806455,0.00435527428642669,True
3.91999999999979,7,1079,good,2.4945638591013504,0.02750185096551195,True
3.91999999999979,8,1076,good,2.2109319298143335,0.004971140603285438,True
3.91999999999979,9,1081,good,2.485565695656581,0.011049412475016873,True
3.9239999999997894,2,1085,wrong_size,9.156744371358569,0.00252179477791232,True
3.9239999999997894,3,1080,good,2.889989891227104,0.009387186638032084,True
3.9239999999997894,4,1078,good,2.5047713452349814,0.0001740553194748447,True
3.9239999999997894,5,1077,good,3.3958833577843412,0.002020624425247359,True
3.9239999999997894,6,1082,wrong_size,9.627254803360717,0.006558774078269328,True
3.9239999999997894,7,1076,good,2.3500485364816317,0.0030215076056811173,True
3.9239999999997894,8,1079,good,2.5184778733270297,0.031681976191904174,True
3.927999999999789,2,1085,wrong_size,9.135425515893422,0.0017087164130111267,True
3.927999999999789,3,1080,good,2.918719820114708,0.015902363239454445,True
3.927999999999789,4,1077,good,3.3941862429271743,0.001249204686239679,True
3.927999999999789,5,1078,good,2.1590611264268644,0.00021080311304882938,True
3.927999999999789,6,1082,wrong_size,9.722401426084831,0.0061828449458081105,True
3.9319999999997886,3,1085,wrong_size,9.12713079697178,0.001478676660263059,True
3.9319999999997886,4,1080,good,3.1968651561527603,0.004785577196044821,True
3.9319999999997886,5,1077,good,3.353262838526752,0.0010876147018627665,True
3.9319999999997886,6,1078,good,2.3839213909779535,0.00024840926018842874,True
3.935999999999788,2,1091,good,3.466044255116206,0.005218262122130515,True
3.9399999999997877,2,1091,good,3.091153389280406,0.0036814369037962615,True
3.9439999999997872,4,1072,good,4.8851552188451866,0.002454699886924332,True
3.9439999999997872,5,1091,good,3.0414841159897446,0.019562766180766432,True
3.947999999999787,4,1093,good,3.2047789680894603,0.020810160915663248,True
3.947999999999787,5,1090,good,2.676496506946726,4.8994218447280405e-05,True
3.947999999999787,6,1072,good,4.897894607090593,0.002649384505334035,True
3.947999999999787,7,1088,odd_colour,232.77131599819438,0.9825553530423339,True
3.947999999999787,8,1091,good,3.122959364406531,0.013898217401197859,True
3.9519999999997864,2,1089,good,2.8964914844017313,0.03871213886728633,True
3.9519999999997864,3,1086,good,3.2993544766401772,0.006584591257514776,True
3.9519999999997864,4,1072,good,4.792199513633929,0.0026276476255643706,True
3.9519999999997864,5,1093,good,3.1102082778027347,0.008895709932958348,True
3.9519999999997864,6,1090,good,2.6299690406513645,6.259043589406376e-05,True
3.9519999999997864,7,1088,odd_colour,246.36491571166795,0.9917196725384111,True
3.955999999999786,2,1092,good,2.273376937616196,0.0005051786480442796,True
3.955999999999786,3,1089,good,2.8621175603201703,0.010741807786252118,True
3.955999999999786,5,1093,good,3.5756545529365433,0.005865391756345865,True
3.955999999999786,6,1088,odd_colour,232.23672861181848,0.9834784184021105,True
3.955999999999786,7,1090,good,2.6890501280834522,0.000141420308550754,True
3.9599999999997855,2,1087,good,2.198879172570896,0.00019862927482239664,True
3.9599999999997855,3,1092,good,2.407196976900893,0.0010218272488181275,True
3.9599999999997855,5,1089,good,2.818033778017372,0.08765970633725921,True
3.9599999999997855,6,1088,odd_colour,223.80740040752406,0.9706589742987062,True
3.9599999999997855,7,1093,good,3.2271787757501658,0.011323993388883442,True
3.963999999999785,2,1100,good,3.9010654359914283,0.003570826592881617,True
3.963999999999785,3,1087,good,2.025577875320511,2.3757492458141634e-05,True
3.963999999999785,4,1092,good,2.436885913251815,0.001413013490440238,True
3.963999999999785,5,1072,good,9.02457304532753,0.00033267709721617947,True
3.9679999999997846,2,1098,odd_colour,249.44296153322017,0.9849734324685229,True
3.9679999999997846,3,1100,good,3.9216808227918207,0.004892477963301471,True
3.9679999999997846,4,1087,good,1.9973782471026214,4.3313245708730174e-05,True
3.9679999999997846,5,1092,good,2.306935120796013,0.00043853988016976465,True
3.971999999999784,4,1098,odd_colour,250.27149434883043,0.9906007538764514,True
3.971999999999784,5,1100,good,3.9076105018768885,0.004112150532997571,True
3.971999999999784,6,1087,good,1.9914440219862126,8.451986364383865e-05,True
3.9759999999997837,2,1103,good,3.3489318200069005,0.00013339466268494514,True
3.9759999999997837,3,1096,wrong_size,10.266589853967977,0.00010986713723176544,True
3.9759999999997837,4,1094,good,7.176761025702235,0.0001963038080338555,True
3.9759999999997837,5,1098,odd_colour,249.32797348555653,0.9903100790321601,True
3.9799999999997833,2,1103,good,3.329476905393999,0.00038081786822675827,True
3.9799999999997833,3,1096,wrong_size,10.377567234847694,0.00011605954334362506,True
3.9799999999997833,4,1094,good,7.197915897732738,0.00030604260739705433,True
3.9799999999997833,5,1098,odd_colour,248.81782304745977,0.986589645321341,True
3.983999999999783,2,1095,good,3.498722896963979,9.933141363304965e-05,True
3.983999999999783,3,1103,good,3.3396320183112964,0.000875749799327936,True
3.983999999999783,4,1096,wrong_size,10.343574101862819,0.00011199702556521889,True
3.983999999999783,5,1094,good,7.23603843757909,0.00015848536150010403,True
3.9879999999997824,4,1095,good,3.430715073436906,0.00033838845449907906,True
3.991999999999782,3,1106,good,2.6792583352600956,0.00043722861169768557,True
3.991999999999782,4,1104,plastic_chip,25.063468712697002,0.5855560242260383,True
3.991999999999782,5,1099,good,1.30997771684789,0.0003194664791460161,True
3.991999999999782,6,1095,good,3.386681200145841,0.002260726284159306,True
3.9959999999997815,3,1108,odd_colour,226.33159682760908,0.9585972510293149,True
3.9959999999997815,4,1105,good,2.5105934563752785,2.4087410624460112e-05,True
3.9959999999997815,5,1106,good,2.7271931103944813,0.005466050821350153,True
3.9959999999997815,6,1099,good,1.2538705741852365,6.0378205451925204e-05,True
3.9959999999997815,7,1104,plastic_chip,24.948211225547958,0.6014394626529783,True
3.9959999999997815,8,1095,good,3.023198735545272,0.03791585983188237,True
3.9999999999997815,2,1109,good,2.5704784507718648,2.6630243368438633e-05,True
3.9999999999997815,3,1108,odd_colour,226.62828341540842,0.931429224976327,True
3.9999999999997815,4,1105,good,2.589889937468829,2.1703829484103063e-05,True
3.9999999999997815,5,1106,good,2.7313835818750416,0.0006924577495096598,True
3.9999999999997815,6,1099,good,1.3112000591638286,5.401963921438788e-05,True
4.003999999999781,2,1109,good,2.233914369690185,5.4767412039174216e-05,True
4.003999999999781,3,1108,odd_colour,227.76368529255433,0.9585468355024999,True
4.003999999999781,4,1105,good,2.84544329309326,2.7311470607490192e-05,True
4.003999999999781,5,1106,good,3.1485540648292174,0.003917475027720337,True
4.007999999999781,2,1109,good,2.2444875261241344,4.298778660582932e-05,True
4.007999999999781,3,1108,odd_colour,229.53906709590862,0.9552424750172459,True
4.01599999999978,2,1107,good,3.0378854390361516,0.005793885562779809,True
4.01599999999978,3,1111,good,2.702945665652433,0.0035313117166508104,True
4.019999999999779,2,1110,good,2.4773774488916604,0.0003148263089057122,True
4.019999999999779,3,1107,good,3.0266953302567,0.0044403129927312705,True
4.019999999999779,4,1111,good,2.87043638635973,0.0011499852446793081,True
4.023999999999779,3,1114,odd_colour,244.25191677019018,0.9675471257899435,True
4.023999999999779,4,1110,good,2.502564380441818,0.0003784860597572241,True
4.023999999999779,5,1107,good,2.975880374561695,0.006562640149663537,True
4.023999999999779,6,1111,good,2.658091858936782,0.002288508918847054,True
4.027999999999778,2,1116,good,3.525160267441216,0.00016450031857734862,True
4.027999999999778,3,1114,odd_colour,243.32518609490506,0.9383549625687739,True
4.027999999999778,4,1110,good,2.4788283085550016,0.0011372297187888217,True
4.031999999999778,2,1116,good,3.5780740623261726,0.0004522217166959333,True
4.031999999999778,3,1114,odd_colour,242.3101081454863,0.9430834128742788,True
4.0359999999997775,2,1116,good,3.5342859774791417,0.00031135164234647676,True
4.0359999999997775,3,1114,odd_colour,243.33211838225822,0.9818008186470021,True
4.047999999999776,3,1113,odd_colour,202.36471890823805,0.9983387097841806,True
4.047999999999776,4,1119,good,3.083614338894825,0.002186345554007367,True
4.051999999999776,5,1120,good,3.1058138641156905,0.0035558153805889635,True
4.051999999999776,6,1113,odd_colour,205.01485236644436,0.970592637700586,True
4.051999999999776,7,1121,good,2.1916702795135956,0.003415924922334609,True
4.051999999999776,8,1119,good,3.0763560729811013,0.0075794876309951895,True
4.055999999999775,6,1117,good,3.282528854008011,2.3302773589440737e-05,True
4.055999999999775,7,1118,good,7.769198540822731,2.1679902722405e-05,True
4.055999999999775,8,1120,good,3.1419247912505175,0.006837777877266641,True
4.055999999999775,9,1113,odd_colour,205.015062115731,0.9911748031573052,True
4.055999999999775,10,1121,good,2.188707705388045,0.018640027332648027,True
4.055999999999775,11,1119,good,3.077426337121832,0.007896967642449288,True
4.059999999999775,2,1127,good,2.1707068247285886,7.718023855416248e-05,True
4.059999999999775,3,1132,odd_colour,190.93925585607758,0.951537933221066,True
4.059999999999775,4,1123,good,2.4651424776382727,9.953699865091819e-05,True
4.059999999999775,5,1122,good,2.626260299465809,3.868029783412181e-05,True
4.059999999999775,6,1117,good,3.4687428697313285,4.181849094350081e-05,True
4.059999999999775,7,1118,good,7.8762268009994765,5.043950401547371e-05,True
4.059999999999775,8,1120,good,3.3812286232050903,0.004236689050366846,True
4.059999999999775,9,1124,wrong_size,10.52031943223128,8.80101063364918e-05,True
4.059999999999775,10,1113,odd_colour,206.15145301650153,0.9971745880039832,True
4.059999999999775,11,1121,good,2.1412296190464066,0.008881610792482026,True
4.0639999999997745,2,1131,wrong_size,8.985314127873627,0.8824274541762614,True
4.0639999999997745,3,1127,good,2.1428044078706714,3.31299039046346e-05,True
4.0639999999997745,4,1132,odd_colour,188.33441270112115,0.9634155519609519,True
4.0639999999997745,5,1123,good,2.3158739749180834,0.00012897971666130245,True
4.0639999999997745,6,1122,good,2.7411941502903265,4.9285940376426834e-05,True
4.0639999999997745,7,1117,good,3.428736923878051,4.812773883681431e-05,True
4.0639999999997745,8,1120,good,3.2700239493797056,0.004328637126813823,True
4.0639999999997745,9,1118,good,7.76381705926464,1.754847688535919e-05,True
4.067999999999774,2,1128,odd_colour,183.1955443925437,0.9590191706764364,True
4.067999999999774,3,1131,wrong_size,9.043748970148966,0.5092716398881839,True
4.067999999999774,4,1127,good,2.145654582233994,0.00014127210718836055,True
4.067999999999774,5,1132,odd_colour,192.88090921678275,0.9652137492493973,True
4.067999999999774,6,1123,good,2.3702629175083123,0.00010769076944935373,True
4.071999999999774,4,1128,odd_colour,182.8482437065822,0.9080826938904993,True
4.071999999999774,5,1131,wrong_size,9.52989850815354,0.5912737760124244,True
4.075999999999773,3,1126,good,3.9344230294852944,7.544533526104788e-05,True
4.075999999999773,4,1135,plastic_chip,21.656215770362042,0.44509086552475186,True
4.075999999999773,5,1128,odd_colour,182.2393170664154,0.9331198553399893,True
4.079999999999773,4,1133,good,2.48215767237139,0.00028892307035161533,True
4.079999999999773,5,1135,plastic_chip,21.70376216015908,0.44587746644210663,True
4.079999999999773,6,1126,good,3.9262116557411217,0.00010207278580153586,True
4.079999999999773,7,1128,odd_colour,181.6368758641093,0.9640926696716338,True
4.083999999999772,2,1066,plastic_chip,22.813258934299256,0.22275800957798475,True
4.083999999999772,3,1130,wrong_size,12.299445683767237,0.0006776502946969915,True
4.083999999999772,4,1133,good,2.571710274780233,9.945289500801992e-05,True
4.083999999999772,5,1135,plastic_chip,21.641402738486093,0.44587746644210663,True
4.083999999999772,6,1126,good,3.9734805678397405,7.122003027569094e-05,True
4.087999999999772,3,1130,wrong_size,9.994962940369364,0.0022884959894294856,True
4.087999999999772,4,1066,plastic_chip,23.031131369773846,0.31783671517557915,True
4.087999999999772,5,1133,good,2.6171390122632716,4.932755669644336e-05,True
4.087999999999772,6,1135,plastic_chip,21.628042382153378,0.4451969593139923,True
4.091999999999771,5,1138,wrong_size,9.076018576227442,0.0042408328341460525,True
4.091999999999771,6,1134,odd_colour,367.9553368197923,0.9883641309985821,True
4.091999999999771,7,1130,wrong_size,10.06390143401242,0.0023072951131739585,True
4.095999999999771,2,1137,good,4.320477043199047,0.17152889114954487,True
4.095999999999771,3,1129,odd_colour,174.3370734411863,0.9969527384114139,True
4.095999999999771,4,1136,good,3.228432649555342,2.67242507968771e-05,True
4.095999999999771,5,1138,wrong_size,9.114700663284426,0.004726158594218485,True
4.095999999999771,6,1134,odd_colour,375.12053904472134,0.9989067784906929,True
4.0999999999997705,2,1137,good,4.378099405899807,0.18440973560250248,True
4.0999999999997705,3,1129,odd_colour,177.0354747531379,0.9944485570362218,True
4.0999999999997705,4,1136,good,3.2561506409365455,3.917697716184445e-05,True
4.0999999999997705,5,1138,wrong_size,9.138209147626062,0.0063922899191141275,True
4.0999999999997705,6,1134,odd_colour,365.4324596961881,0.9867083305449488,True
4.10399999999977,2,1137,good,4.33211380885432,0.2584349447970916,True
4.10399999999977,3,1129,odd_colour,178.04289583513952,0.9922759925862179,True
4.10399999999977,4,1136,good,3.217886576379045,5.754800477697456e-05,True
4.111999999999769,2,1142,good,1.8762459664708626,3.4189792934321066e-06,True
4.115999999999769,3,1142,good,1.8303299289816872,3.6843651249876565e-06,True
4.119999999999768,2,1140,good,3.678506888260696,0.00011841800671909012,True
4.119999999999768,3,1142,good,1.860086093383146,4.270437422783867e-06,True
4.123999999999768,4,1140,good,4.265988270781114,9.376053704480992e-05,True
4.127999999999767,3,1139,odd_colour,178.81839331557478,0.984873553110008,True
4.127999999999767,5,1141,good,2.7966777369159646,0.0002368309614891771,True
4.127999999999767,6,1140,good,3.645937560342487,9.427370475488875e-05,True
4.131999999999767,2,1145,wrong_size,8.418870865111444,0.0017277396932349302,True
4.131999999999767,4,1139,odd_colour,178.9469530249961,0.9279290121485632,True
4.131999999999767,5,1141,good,2.716432229358102,0.0001919025074888408,True
4.1359999999997665,3,1145,wrong_size,8.401088558281874,0.0018258815213432068,True
4.1359999999997665,5,1139,odd_colour,175.06068392802825,0.9823756100613006,True
4.1359999999997665,6,1141,good,2.7347768200080225,0.00031045266928123386,True
4.139999999999766,2,1147,good,4.171433280754768,0.00499298429050947,True
4.139999999999766,3,1145,wrong_size,8.407144219501445,0.0011375420454369683,True
4.139999999999766,4,1143,wrong_size,8.058611700759574,0.10539563093393371,True
4.139999999999766,5,1139,odd_colour,177.72243333222366,0.9905823621190096,True
4.143999999999766,3,1147,good,4.164542873606606,0.009068846300660412,True
4.147999999999765,3,1151,good,2.220586330576387,0.00021532698935442155,True
4.147999999999765,5,1147,good,3.923260897551304,0.015353322114025833,True
4.151999999999765,2,1149,good,1.7107734711344105,0.0011699088337166306,True
4.151999999999765,3,1151,good,2.3078300797463367,8.888612995568562e-05,True
4.155999999999764,2,1149,good,2.009159101141789,0.0009482620448594311,True
4.155999999999764,3,1151,good,2.2116988083238898,9.489751619484538e-05,True
4.159999999999764,3,1156,good,3.6006115412709443,0.00016529139754403185,True
4.159999999999764,4,1149,good,1.7143421185070589,0.00020116425078889463,True
4.159999999999764,5,1151,good,2.125398681894602,0.00012590728924912284,True
4.1639999999997634,3,1159,odd_colour,164.47920179265867,0.9736268009680406,True
4.1639999999997634,4,1156,good,3.720649469961111,0.00020179976821129057,True
4.167999999999763,2,1153,good,3.4605486103392327,3.896864007799479e-05,True
4.167999999999763,3,1159,odd_colour,164.4964609563612,0.9786094867077105,True
4.167999999999763,4,1156,good,3.791858704201491,0.0010497384958363465,True
4.171999999999763,4,1153,good,2.9145268913184856,2.9540165141278065e-05,True
4.171999999999763,5,1159,odd_colour,166.27608294423277,0.964784940623123,True
4.175999999999762,3,1154,good,2.5504358393585522,5.877043568023643e-05,True
4.175999999999762,4,1157,good,5.275416361612127,0.01432291733645961,True
4.175999999999762,5,1158,good,2.5588444749783323,7.895330141837148e-05,True
4.175999999999762,6,1153,good,3.4851298760943905,0.00011808066747618505,True
4.179999999999762,3,1164,good,2.462872121398756,0.00031822439695406487,True
4.179999999999762,4,1154,good,2.596916333425532,7.305036589299678e-05,True
4.179999999999762,5,1157,good,5.385014882031241,0.01031627559040502,True
4.179999999999762,6,1158,good,2.730987317843396,0.0003043723691656654,True
4.183999999999761,3,1166,wrong_size,7.295369982177873,0.00046663208584665647,True
4.183999999999761,4,1165,good,3.2649252892116722,3.705734164207272e-05,True
4.183999999999761,5,1161,good,5.018869478995214,0.0008517639235112391,True
4.183999999999761,6,1164,good,2.3214178740308604,0.00010230228581229218,True
4.183999999999761,7,1154,good,3.192315071751482,4.3726837600969995e-05,True
4.183999999999761,8,1157,good,5.3852814811483265,0.016389209952620828,True
4.183999999999761,9,1158,good,2.717216802822048,0.00037903023105687614,True
4.187999999999761,2,1162,good,3.428956072526832,0.0002129728692166464,True
4.187999999999761,3,1160,good,3.731330439918055,0.8498464475439955,True
4.187999999999761,4,1166,wrong_size,7.373987543888394,0.0004268292435508479,True
4.187999999999761,5,1165,good,3.275535660576705,0.0002543556677988837,True
4.187999999999761,6,1161,good,5.003883272253737,0.0014876337809232216,True
4.187999999999761,7,1164,good,2.298271284936716,0.00017812123535637298,True
4.19199999999976,4,1155,good,3.975733958182629,0.0043742761680425355,True
4.19199999999976,5,1162,good,3.6319123381775973,6.090882962695191e-05,True
4.19199999999976,6,1160,good,3.5969959966222844,0.7842078152538194,True
4.19199999999976,7,1166,wrong_size,7.451868458216688,0.0004433680618269797,True
4.19199999999976,8,1165,good,3.3504951567150947,4.23403764403039e-05,True
4.19199999999976,9,1161,good,3.821063419631032,0.0006795441359026323,True
4.19599999999976,3,1170,good,2.488304256557421,0.005291514975305214,True
4.19599999999976,4,1155,good,3.899060701881154,0.010696743233923795,True
4.19599999999976,5,1184,odd_colour,269.6299513757282,0.9785194733985373,True
4.19599999999976,6,1162,good,3.3993990773480642,0.0005366225443250279,True
4.19599999999976,7,1160,good,3.5485226082393604,0.7893742407909031,True
4.19599999999976,9,1165,good,3.142039366132318,2.7857711372792904e-05,True
4.19599999999976,10,1161,good,4.987178061197143,0.0003809028734188444,True
4.1999999999997595,3,1172,good,3.448954631057271,0.0001314869188182341,True
4.1999999999997595,4,1170,good,2.6211331138920824,0.012579728065503908,True
4.1999999999997595,5,1155,good,3.915616944292818,0.004445666714943343,True
4.1999999999997595,6,1184,odd_colour,270.0830602616928,0.9775172850824052,True
4.1999999999997595,7,1162,good,3.4720566817008334,0.00011702615419296052,True
4.203999999999759,2,1174,odd_colour,170.21066384254684,0.9861818180745551,True
4.203999999999759,3,1172,good,3.5227288597578776,3.284573284308852e-05,True
4.203999999999759,4,1170,good,2.8861122199206433,0.009419856193992701,True
4.203999999999759,5,1155,good,4.001028299459367,0.0034156050332865904,True
4.207999999999759,2,1163,good,2.848827505866024,0.00021293397300901223,True
4.207999999999759,3,1174,odd_colour,171.39795635334343,0.9486872973644891,True
4.207999999999759,4,1172,good,3.3797290834657217,2.8332163652858042e-05,True
4.211999999999758,2,1163,good,2.835315648933454,2.6116644098582892e-05,True
4.211999999999758,3,1174,odd_colour,170.49361567712907,0.9661211345539661,True
4.215999999999758,3,1168,good,3.605473148779591,0.017521942433812273,True
4.215999999999758,4,1163,good,2.759918900823287,7.728124870785628e-05,True
4.219999999999757,3,1176,good,3.9347100999112103,0.001040640508223615,True
4.219999999999757,4,1168,good,3.7578590361816966,0.014461199227375201,True
4.223999999999757,2,1171,good,2.226460386113165,4.920456104770233e-06,True
4.223999999999757,3,1173,wrong_size,9.505586064009952,0.0018707168677466555,True
4.223999999999757,4,1176,good,3.947772782518332,0.0010882188693733742,True
4.223999999999757,5,1168,good,4.179086704670305,0.024307309422307546,True
4.227999999999756,2,1171,good,2.1876577704964433,1.194355747053781e-05,True
4.227999999999756,3,1173,wrong_size,9.311552849205235,0.0017946572006591636,True
4.227999999999756,4,1176,good,3.9426490260382137,0.0024533178119420175,True
4.231999999999756,3,1187,good,3.0193207862351144,0.0009279249103280795,True
4.231999999999756,4,1171,good,2.213775699165867,2.6556179051616823e-05,True
4.231999999999756,5,1173,wrong_size,9.364338124526736,0.002005976714932039,True
4.2359999999997555,3,1180,good,3.181846972987944,0.07229871646253198,True
4.2359999999997555,4,1179,good,2.700887500233345,0.0002577452639447354,True
4.2359999999997555,5,1187,good,3.0509503842652164,0.00012489967569875106,True
4.2359999999997555,6,1171,good,2.138320570083263,4.8130615489611055e-05,True
4.239999999999755,2,1182,good,4.393412211069842,4.3412974443788196e-05,True
4.239999999999755,3,1180,good,3.277708776407417,0.05423734199011474,True
4.239999999999755,4,1179,good,2.7195012563264753,0.0001512303970823322,True
4.239999999999755,5,1187,good,2.7614454855827777,0.00018850919039769412,True
4.243999999999755,3,1182,good,4.491098564034924,8.384197848764644e-05,True
4.243999999999755,4,1180,good,3.379733923603925,0.04418555394150451,True
4.243999999999755,5,1179,good,2.7444310209175873,0.0004757670299582529,True
4.247999999999754,5,1175,good,2.470827481465478,0.0011237408982304172,True
4.247999999999754,6,1182,good,4.626036246600812,3.8679219946718946e-05,True
4.247999999999754,7,1180,good,3.221060660551772,0.12344233703575601,True
4.251999999999754,2,1178,good,1.7359095199979269,0.00021061232844517337,True
4.251999999999754,3,1181,good,2.8958052686010936,3.680071387624383e-05,True
4.251999999999754,4,1185,good,1.9573421863519953,0.0029551452967296146,True
4.251999999999754,5,1175,good,2.4731265437360914,0.0027965948237021238,True
4.255999999999753,2,1178,good,1.7155736561656967,6.894607214291722e-05,True
4.255999999999753,3,1185,good,1.9116264921248374,0.0005879695431886016,True
4.255999999999753,4,1181,good,2.725049875642986,5.663936659507203e-05,True
4.255999999999753,5,1175,good,2.4871068013059747,0.0009869996951727248,True
4.259999999999753,2,1178,good,1.995283067765856,0.0002915021154965957,True
4.259999999999753,3,1185,good,2.0313097752559406,0.0006349765044522429,True
4.259999999999753,4,1181,good,2.8651867418736665,1.164612080659032e-05,True
4.267999999999752,3,1190,good,6.972436713852816,0.0003176235426870993,True
4.267999999999752,4,1183,good,3.492432466541962,0.0001032508597144263,True
4.2719999999997516,6,1190,good,5.042622575954746,0.00015649040664574766,True
4.2719999999997516,7,1183,good,3.4899681648191048,0.00014428402731679705,True
4.275999999999751,2,1186,good,1.8053145815738743,9.359741875951374e-06,True
4.275999999999751,3,1189,good,5.228583061426036,4.5851321755679295e-05,True
4.275999999999751,4,1169,plastic_chip,22.680618393156333,0.30298893991885817,True
4.275999999999751,5,1188,good,2.659309036601821,1.3379870286069742e-05,True
4.275999999999751,6,1190,good,6.892756455277135,0.0007395774777999635,True
4.275999999999751,7,1183,good,3.4274852382939067,0.000123406140288427,True
4.279999999999751,2,1169,plastic_chip,22.678820726039852,0.2987973873307288,True
4.279999999999751,3,1186,good,1.8048931992153499,9.408780404822105e-06,True
4.279999999999751,4,1189,good,5.353168826174307,0.0001612375100070535,True
4.279999999999751,5,1188,good,2.754458770624419,3.6845481003511215e-05,True
4.279999999999751,6,1190,good,6.963247149929645,0.00041638532107183683,True
4.28399999999975,2,1169,plastic_chip,22.759705003626692,0.30026894971462337,True
4.28399999999975,3,1186,good,1.7965573359090024,1.0197643102969596e-05,True
4.28399999999975,4,1189,good,5.323645848632837,2.8984485997453428e-05,True
4.28399999999975,5,1188,good,2.6983856747357784,1.3696863421983766e-05,True
4.295999999999749,2,1193,good,2.76687293554157,0.0008769670623412346,True
4.295999999999749,3,1192,good,2.3764646746879046,2.0719699515620114e-05,True
4.295999999999749,4,1203,good,2.9087404975024245,0.08802012853670445,True
4.295999999999749,5,1191,good,1.7581587881542577,0.000494892644491672,True
4.2999999999997485,3,1193,good,2.6105289061840944,0.0011314980075765033,True
4.2999999999997485,4,1192,good,2.5058115742742215,1.453552050766233e-05,True
4.2999999999997485,5,1191,good,1.767460873827056,0.00032048691890984864,True
4.2999999999997485,6,1203,good,2.5907677319257525,0.028088507425779168,True
4.303999999999748,2,1194,good,2.140527339962211,0.00020029611301454307,True
4.303999999999748,3,1193,good,2.5014938816716845,0.0009677940115839828,True
4.303999999999748,4,1192,good,2.5362945582332226,1.3720467220618337e-05,True
4.303999999999748,5,1191,good,1.81719961463535,8.755462567826858e-05,True
4.303999999999748,6,1203,good,2.5117462303108824,0.015037115497422922,True
4.307999999999748,4,1194,good,1.9022406226853152,0.00017718703147966394,True
4.307999999999748,5,1193,good,2.69946814844772,0.0023074400415207057,True
4.307999999999748,6,1192,good,2.5333876074007105,3.0064225498407665e-05,True
4.311999999999747,4,1200,good,2.9587917698241406,0.0024974211489799548,True
4.311999999999747,5,1199,good,3.462515025233484,0.00010018828018942514,True
4.311999999999747,6,1196,odd_colour,126.79539588361895,0.9921478233126756,True
4.311999999999747,7,1201,good,1.9992727670102732,0.0007012140746470194,True
4.311999999999747,8,1194,good,1.9775976412599239,9.82783659921585e-05,True
4.315999999999747,2,1198,good,2.210457414261633,0.00010184816667346182,True
4.315999999999747,3,1208,good,2.6893422651255956,0.013008176861059217,True
4.315999999999747,4,1199,good,3.458838462718876,5.476061301032147e-05,True
4.315999999999747,5,1200,good,2.9454919186739486,0.0015482828284826902,True
4.315999999999747,6,1196,odd_colour,126.89731404763693,0.9917263617159395,True
4.315999999999747,7,1201,good,1.979606583912824,0.0006119042627108442,True
4.319999999999746,4,1200,good,2.7743349826643344,0.0008825925026130639,True
4.319999999999746,5,1199,good,3.4370581096690263,4.8113460443324756e-05,True
4.319999999999746,7,1201,good,1.9426895424251427,0.00026120424858949986,True
4.323999999999746,3,1205,good,1.934376372022812,0.0020714611653454315,True
4.323999999999746,4,1206,good,2.1339634071137588,0.00018495988787556216,True
4.323999999999746,5,1198,good,2.250160528465695,0.00036034820391447827,True
4.323999999999746,6,1200,good,2.910333804394394,0.0008476460552330979,True
4.323999999999746,7,1199,good,3.427329997768522,7.912988437577116e-05,True
4.323999999999746,8,1208,good,2.9078249030399728,0.003246415568249225,True
4.327999999999745,2,1202,wrong_size,9.656150173291831,0.0018624281717358078,True
4.327999999999745,3,1205,good,1.965126958518428,0.0004796070893557066,True
4.327999999999745,4,1206,good,2.1258681754060507,0.00014573440543290983,True
4.331999999999745,2,1202,wrong_size,10.625461469256336,0.9986988801974035,True
4.331999999999745,3,1205,good,1.9748327685530713,9.75460272304583e-05,True
4.331999999999745,4,1206,good,2.0880209918143318,0.00015293312234687767,True
4.3359999999997445,2,1202,wrong_size,9.41145980631411,0.00099235405026443,True
4.3359999999997445,3,1205,good,1.9043142068292738,0.0002770706823865593,True
4.339999999999744,3,1210,good,2.8424155266669775,0.0060562034399206785,True
4.343999999999744,4,1204,good,2.8227988450224726,0.0014286103941122713,True
4.343999999999744,5,1210,good,2.8393120978909536,0.011868638438528577,True
4.347999999999743,2,1215,good,2.8091290383383325,0.005249003208004666,True
4.347999999999743,3,1209,good,2.9634418308038577,0.017400988418256387,True
4.347999999999743,4,1204,good,2.7928730156134747,0.0008783485183436695,True
4.347999999999743,5,1210,good,3.2418337529250447,0.02975155152305301,True
4.351999999999743,5,1215,good,2.421145631214527,0.0016605771476112534,True
4.351999999999743,6,1209,good,2.978948682994753,0.00852479064099095,True
4.351999999999743,7,1204,good,7.231163019900609,0.0005925431671565282,True
4.351999999999743,8,1210,good,2.816635635431382,0.0033009342764908924,True
4.355999999999742,3,1216,wrong_size,10.3425148824281,0.00038759460608673565,True
4.355999999999742,4,1214,good,2.153505237725915,0.0029241793975650996,True
4.355999999999742,5,1207,odd_colour,192.98989391326973,0.9702188105094308,True
4.355999999999742,6,1215,good,2.4243953110222276,0.0005973132215218035,True
4.355999999999742,7,1209,good,3.4006297924939415,0.014439434362459978,True
4.359999999999742,2,1211,good,5.673309818125756,0.0010889306562276613,True
4.359999999999742,3,1212,good,2.8376189241890186,8.053632343744512e-05,True
4.359999999999742,4,1216,wrong_size,10.272541086496181,0.00024195791420517519,True
4.359999999999742,5,1214,good,2.177660987984459,0.002261095072168512,True
4.359999999999742,6,1207,odd_colour,193.22007080618388,0.9761173653404717,True
4.363999999999741,2,1217,good,3.4377603864187947,0.039902384571729836,True
4.363999999999741,3,1211,good,5.509693021664964,0.0027831012395273485,True
4.363999999999741,4,1212,good,2.792678345825746,1.8758064351013168e-05,True
4.363999999999741,5,1216,wrong_size,10.322471986808496,0.0002828664622918133,True
4.363999999999741,6,1214,good,2.1200401265374347,0.0014562391606331403,True
4.363999999999741,7,1207,odd_colour,193.88568372258686,0.9981781942412895,True
4.367999999999741,2,1217,good,3.364510258474421,0.14911432740447006,True
4.367999999999741,3,1211,good,5.471753360203714,0.0005995748321131844,True
4.367999999999741,4,1212,good,2.785070209217733,7.884103236302385e-05,True
4.3719999999997405,2,1217,good,3.6623589185096592,0.0364701460747869,True
4.3719999999997405,3,1211,good,5.497366891990968,0.0002006059716053293,True
4.37599999999974,3,1217,good,3.3629904766201344,0.0351523593141635,True
4.37999999999974,2,1223,odd_colour,200.55300261538946,0.9829349090088491,True
4.383999999999739,3,1223,odd_colour,202.60444038303694,0.978963327109282,True
4.387999999999739,2,1224,good,2.0639777749657107,0.0006945948026810697,True
4.387999999999739,3,1223,odd_colour,201.88660257742004,0.9839444526565652,True
4.391999999999738,3,1219,odd_colour,176.10186195355504,0.9808382006467611,True
4.391999999999738,4,1224,good,2.061998909606394,0.00041032210991316117,True
4.395999999999738,2,1218,odd_colour,179.7440206630841,0.7727994075934022,True
4.395999999999738,3,1245,good,4.059725749390721,0.00034621473258344954,True
4.395999999999738,4,1225,good,2.5503829742935316,0.0012885841906108654,True
4.395999999999738,5,1219,odd_colour,175.9735312052262,0.9807814399464997,True
4.395999999999738,6,1224,good,2.1101533700548716,8.83903654042608e-05,True
4.3999999999997375,3,1218,odd_colour,180.68909577562863,0.9504580996044633,True
4.3999999999997375,4,1225,good,2.6583759259243287,0.0010444950187781347,True
4.3999999999997375,5,1245,good,7.11421081520086,0.00013875374627811632,True
4.3999999999997375,6,1219,odd_colour,176.04837575380284,0.9685326143005711,True
4.403999999999737,1,1226,odd_colour,236.71553211605348,0.911837170376056,True
4.403999999999737,3,1230,odd_colour,161.77335864391915,0.9765555819914638,True
4.403999999999737,4,1218,odd_colour,182.30835702984103,0.6938126975076755,True
4.403999999999737,5,1225,good,2.637031974093122,0.001364276310463953,True
4.407999999999737,3,1226,odd_colour,238.48831968875314,0.834837171763225,True
4.407999999999737,4,1230,odd_colour,162.38242620716846,0.8728196763180838,True
4.411999999999736,4,1227,good,4.1974315760091825,5.935527904968368e-05,True
4.411999999999736,5,1231,odd_colour,185.53821587973604,0.9757369768893314,True
4.411999999999736,6,1228,good,1.343664367306336,0.00012013562343809148,True
4.411999999999736,7,1226,odd_colour,240.51953010367268,0.9399014301112597,True
4.411999999999736,8,1230,odd_colour,163.45816118065846,0.8440786723997069,True
4.415999999999736,2,1232,good,2.604955475875939,0.019670249457033454,True
4.415999999999736,3,1242,good,3.453612274614741,7.501021728750143e-06,True
4.415999999999736,4,1227,good,4.118281240724964,6.234502693772568e-05,True
4.415999999999736,5,1231,odd_colour,185.05402458398072,0.9660164942317142,True
4.415999999999736,6,1228,good,1.6840781338458086,0.00021517383126765398,True
4.415999999999736,7,1226,odd_colour,242.5849604945451,0.9632546438647782,True
4.419999999999735,3,1232,good,2.380394896110284,0.020002278023109683,True
4.419999999999735,4,1242,good,3.46364719966443,8.985826050412385e-06,True
4.419999999999735,5,1227,good,4.02928144841489,8.463956798874091e-05,True
4.419999999999735,6,1231,odd_colour,184.3128804875205,0.9691523490337632,True
4.419999999999735,7,1228,good,1.631908246155323,0.0005055616797520402,True
4.423999999999735,2,1248,good,5.802875525732101,0.00021956114248138325,True
4.423999999999735,3,1232,good,2.7693517443928077,0.015072465508320098,True
4.423999999999735,4,1242,good,2.971425123742907,4.960494261842581e-05,True
4.423999999999735,5,1227,good,4.132959826600432,6.357454559536663e-05,True
4.423999999999735,6,1231,odd_colour,183.52645398341548,0.9653807538773667,True
4.427999999999734,2,1229,good,3.01023554693406,0.004981005629961353,True
4.427999999999734,4,1248,good,5.826786480399638,0.001905407577032524,True
4.431999999999734,3,1229,good,2.9344750295098914,0.004883401098025718,True
4.4359999999997335,3,1235,plastic_chip,24.428019465714414,0.6472790279513603,True
4.4359999999997335,4,1229,good,2.6924243079237518,0.007912743635350111,True
4.439999999999733,3,1237,good,2.1368684625494603,0.0009972397230218922,True
4.439999999999733,4,1235,plastic_chip,24.874037242628383,0.6074442769316304,True
4.439999999999733,5,1229,good,2.5978519692207307,0.004500492375033494,True
4.443999999999733,2,1234,good,7.0039301387614845,0.30674320056639914,True
4.443999999999733,3,1237,good,2.0985949743038024,0.001384094567383134,True
4.443999999999733,4,1235,plastic_chip,25.10518879924337,0.6844050166739866,True
4.447999999999732,3,1234,good,6.973156123651254,0.44791577520931997,True
4.447999999999732,4,1237,good,1.9531948082384327,0.003738568174163704,True
4.451999999999732,3,1241,good,3.258325554076922,0.00028897220641377265,True
4.451999999999732,4,1238,good,3.4059117044850082,0.00015664353536237817,True
4.451999999999732,5,1239,good,2.846921328124244,0.0007307461149112939,True
4.451999999999732,6,1234,good,6.987509114103048,0.20329812479789086,True
4.455999999999731,2,1246,good,2.6212741705931757,0.031012608424826046,True
4.455999999999731,3,1241,good,3.256089374932601,0.00023871953382445017,True
4.455999999999731,4,1238,good,3.971468814574881,1.6205645530621905e-05,True
4.455999999999731,5,1239,good,2.8808758960447616,0.0005198570230499143,True
4.459999999999731,6,1246,good,2.63326639456379,0.017537434828087207,True
4.459999999999731,7,1238,good,4.0453662414247455,0.00018448121925500988,True
4.459999999999731,8,1241,good,3.2510274408644024,0.00017923488532402016,True
4.459999999999731,9,1239,good,2.874571292911082,0.0007001330166561753,True
4.46399999999973,3,1244,odd_colour,141.99352549459516,0.9057966534985116,True
4.46399999999973,4,1222,good,3.8411632351011296,0.008670226839726566,True
4.46399999999973,5,1247,good,1.5117354242805736,0.2595666672173989,True
4.46399999999973,6,1243,good,2.9063900508665306,2.7004712199451534e-05,True
4.46399999999973,7,1246,good,2.5915423331586687,0.012873747567195393,True
4.46399999999973,8,1238,good,3.3621086843788612,3.9298426232949294e-05,True
4.46399999999973,9,1241,good,3.221624103154871,0.00014754176413476079,True
4.46799999999973,3,1240,good,2.6024885903835213,0.0006949314786745265,True
4.46799999999973,4,1244,odd_colour,142.96539928208875,0.9869481012207683,True
4.46799999999973,5,1222,good,4.010801427714662,0.01592138660322006,True
4.46799999999973,6,1247,good,1.9014236268442,0.1998562767154132,True
4.46799999999973,7,1243,good,1.97016581801396,0.00010033087296875778,True
4.4719999999997295,2,1221,plastic_chip,23.022563153196792,0.3084628006002272,True
4.4719999999997295,3,1240,good,2.583610650064686,0.0010531060180140103,True
4.4719999999997295,4,1244,odd_colour,143.16087555943696,0.9842129256390786,True
4.4719999999997295,5,1222,good,3.808181530091016,0.002540984472654387,True
4.4719999999997295,6,1247,good,1.535285507931121,0.22126605260398596,True
4.4719999999997295,7,1243,good,1.8164067954797947,0.00017964443473543164,True
4.475999999999729,3,1249,good,2.6570463016347308,0.00034073923632274783,True
4.475999999999729,4,1221,plastic_chip,23.0446056698879,0.3084628006002272,True
4.475999999999729,5,1240,good,2.582632709580942,0.0019775323508427764,True
4.479999999999729,2,1251,good,2.935526826147566,0.0036179765682354814,True
4.479999999999729,3,1249,good,2.3590862711387843,0.0006913575056273158,True
4.479999999999729,5,1240,good,2.6964784391414685,0.0007283387451023026,True
4.483999999999728,3,1251,good,3.021297374225447,0.0006113185086427503,True
4.483999999999728,4,1249,good,2.390750763410692,0.000732207139772782,True
4.487999999999728,2,1252,good,2.4999812755506294,6.733532002256833e-05,True
4.487999999999728,3,1250,good,3.2602777739999635,0.992661530235146,True
4.487999999999728,4,1251,good,2.9486750741215446,0.0004618590854833474,True
4.487999999999728,5,1249,good,2.3408295841419307,0.00013718676432283072,True
4.491999999999727,3,1252,good,2.501602016127699,6.154388545711098e-05,True
4.491999999999727,4,1250,good,3.312077322557754,0.9954281770990013,True
4.495999999999727,2,1254,odd_colour,186.88870702616222,0.8801852781189984,True
4.495999999999727,3,1252,good,2.4666687174768076,2.6832236645501558e-05,True
4.495999999999727,4,1250,good,3.3389020855932605,0.9975369657287732,True
4.499999999999726,2,1255,good,1.6235800359293842,0.0002604527293158585,True
4.499999999999726,3,1254,odd_colour,185.53193441975023,0.913544054020501,True
4.503999999999726,2,1255,good,1.6771618776250858,0.00038799696806740065,True
4.503999999999726,3,1254,odd_colour,186.43919505449463,0.8733137118162828,True
4.507999999999726,3,1255,good,1.635164394175501,0.000337403069827797,True
4.511999999999725,2,1259,good,2.2979450799852037,8.468135415394998e-05,True
4.511999999999725,3,1255,good,1.8510913696409494,0.00018512387802203822,True
4.515999999999725,4,1259,good,2.280326724873229,0.0001361992749611824,True
4.519999999999724,3,1258,good,2.825841951312832,0.0018935993246299038,True
4.519999999999724,4,1256,good,2.3766452576833696,0.0002592868531421079,True
4.519999999999724,5,1259,good,2.7102840988282666,5.298734837943739e-05,True
4.523999999999724,3,1260,good,6.877937212499166,0.0028621434503470337,True
4.523999999999724,4,1258,good,2.7564417631662015,0.002254488960551761,True
4.523999999999724,5,1256,good,2.5395923996448015,0.0004073150558109301,True
4.527999999999723,4,1261,good,2.2563742188348086,0.018261924138819243,True
4.527999999999723,5,1260,good,5.390822341605554,0.0007805446805196032,True
4.527999999999723,6,1258,good,2.7576400505947722,0.0015426946859803327,True
4.527999999999723,7,1256,good,2.362238533877621,0.0004281241057670739,True
4.531999999999723,2,1267,good,2.2903509803459032,0.0037840158076372548,True
4.531999999999723,3,1265,good,2.396216572430627,0.00013921576124346002,True
4.531999999999723,4,1261,good,2.308465587890675,0.001867964086996345,True
4.531999999999723,5,1260,good,5.3923929371716515,0.0007890776499003162,True
4.5359999999997225,3,1270,good,2.2697798638367495,2.1288467900550438e-05,True
4.5359999999997225,4,1267,good,2.2836570325997774,0.0002449016878482801,True
4.5359999999997225,5,1265,good,2.299111216157702,0.0002895871973782806,True
4.5359999999997225,6,1261,good,2.254617545734016,0.001675313554102869,True
4.5359999999997225,7,1260,good,5.394549698239832,0.0007890637646892674,True
4.539999999999722,2,1264,good,3.090937289116471,0.00013471745480154648,True
4.539999999999722,3,1270,good,2.118043914305525,1.2964090176182302e-05,True
4.539999999999722,4,1267,good,2.4957918459812225,0.00013937997373362313,True
4.539999999999722,5,1265,good,2.281730832857691,0.0005439879961811188,True
4.543999999999722,4,1268,good,3.5997586649111613,0.0011801304892848376,True
4.543999999999722,5,1264,good,3.066473811929658,0.0003503878230988692,True
4.543999999999722,6,1270,good,2.0774873292963787,1.9092881448723445e-05,True
4.547999999999721,5,1275,good,2.3606956040534905,0.00013947830298032625,True
4.547999999999721,6,1272,good,2.817067468135071,0.00015314541650153195,True
4.547999999999721,7,1268,good,3.6453588438945603,0.0019877878710066466,True
4.547999999999721,8,1264,good,2.979000832392436,0.00014045586933606158,True
4.547999999999721,9,1270,good,2.0139492648895283,3.016056593163482e-05,True
4.551999999999721,2,1262,wrong_size,8.14241012794455,0.000622893479986012,True
4.551999999999721,3,1266,good,2.059019865979337,1.909054381322998e-05,True
4.551999999999721,4,1278,good,2.720704656146953,0.0001567551232807944,True
4.551999999999721,5,1275,good,2.008483980611796,4.983462178424876e-05,True
4.551999999999721,6,1272,good,3.293102003586361,3.544168055395928e-05,True
4.551999999999721,7,1268,good,3.6464448176826703,0.001246149959847144,True
4.55599999999972,4,1262,wrong_size,8.117767664262365,0.000515485967063841,True
4.55599999999972,5,1266,good,2.3009559811323816,2.297472883445984e-05,True
4.55599999999972,6,1278,good,2.390451011483818,8.952839285335392e-05,True
4.55599999999972,7,1275,good,1.9457265103633807,0.00030914253251675805,True
4.55599999999972,8,1272,good,3.2348192782381906,6.0068743514063565e-05,True
4.55599999999972,9,1268,good,3.639707649258166,0.0015653554195434879,True
4.55999999999972,4,1271,good,1.9466414851813896,0.001044181720120807,True
4.55999999999972,5,1274,wrong_size,14.405394851323898,0.3731915154027441,True
4.55999999999972,6,1263,wrong_size,7.50117205377017,0.004804631895065761,True
4.55999999999972,7,1262,wrong_size,8.274395286299733,0.0005457226763372525,True
4.55999999999972,8,1266,good,2.3101509887284633,4.4164234616934244e-05,True
4.563999999999719,2,1269,good,3.500312085533433,0.03460089394998276,True
4.563999999999719,3,1279,good,2.426445630607803,2.200086216509116e-05,True
4.563999999999719,4,1273,good,3.6859430192544393,0.24429741479000344,True
4.563999999999719,5,1271,good,2.350298229187783,0.000891798350292158,True
4.563999999999719,6,1274,wrong_size,11.454160228458512,0.6481852080446877,True
4.563999999999719,7,1263,wrong_size,7.4396173487585395,0.005533066106735052,True
4.567999999999719,3,1269,good,3.6499404265489375,0.017351803227032878,True
4.567999999999719,4,1279,good,2.497103261753824,4.845026220560725e-05,True
4.567999999999719,5,1273,good,1.9770697166947109,6.986278123617507e-05,True
4.567999999999719,6,1271,good,1.995351975982135,0.0011765413492449003,True
4.567999999999719,7,1274,wrong_size,12.976076681702583,0.11548290864507013,True
4.567999999999719,8,1263,wrong_size,8.570568911342399,0.0031393626681468895,True
4.5719999999997185,3,1281,good,2.311363629139539,7.933549575707998e-06,True
4.5719999999997185,4,1269,good,7.462819622977025,0.011864017463664453,True
4.5719999999997185,5,1279,good,2.4195538114836697,2.26210766905608e-05,True
4.5719999999997185,6,1273,good,2.006973824332362,4.956303655332943e-05,True
4.5719999999997185,7,1271,good,2.3561618032319718,0.18872826261573203,True
4.575999999999718,2,1277,good,3.0268406680241036,0.00028989510556734,True
4.575999999999718,3,1281,good,2.4693342156153504,1.1633484383490343e-05,True
4.579999999999718,5,1282,odd_colour,162.5395471440739,0.9982934535027123,True
4.579999999999718,6,1277,good,3.0208558561559578,0.0002491331308901373,True
4.579999999999718,7,1281,good,2.45927522831896,2.3789803694748087e-05,True
4.583999999999717,4,1283,good,3.2344354838989164,0.00045556392915825855,True
4.583999999999717,6,1282,odd_colour,163.33176350642916,0.9789123074920889,True
4.583999999999717,7,1277,good,3.003491360441421,0.00022337088234753794,True
4.587999999999717,2,1286,good,3.38231692082271,0.00011983232382639773,True
4.587999999999717,3,1280,wrong_size,10.31874621717016,0.0028333784438186243,True
4.587999999999717,4,1283,good,3.15973986991675,0.0009963551476141021,True
4.587999999999717,6,1282,odd_colour,162.22309620693048,0.9686719924444025,True
4.591999999999716,2,1286,good,3.5249855046730123,0.00014090490798980643,True
4.591999999999716,3,1280,wrong_size,10.294497195806093,0.0029371968671924606,True
4.591999999999716,4,1283,good,3.2575476935893684,0.0006557874274929641,True
4.591999999999716,6,1282,odd_colour,163.28610691034277,0.9930188438784036,True
4.595999999999716,2,1286,good,3.5837976420876685,0.00028251250758004257,True
4.603999999999715,3,1284,wrong_size,14.498540290511107,0.9990550024633843,True
4.6079999999997145,2,1292,good,2.5397024353051374,0.00021387545322230456,True
4.6079999999997145,3,1287,plastic_chip,22.67012827347124,0.36622207775132254,True
4.6079999999997145,4,1284,wrong_size,12.76150838311241,0.9989838331332991,True
4.611999999999714,3,1294,good,2.1781751626345054,0.00028347235636270047,True
4.611999999999714,4,1292,good,2.4413066213410004,0.000672966929080959,True
4.611999999999714,5,1287,plastic_chip,22.53390457977857,0.366214884152572,True
4.611999999999714,6,1284,wrong_size,12.739022790608487,0.9990592076159065,True
4.615999999999714,2,1291,wrong_size,10.368888210186642,0.016099549491253407,True
4.615999999999714,3,1295,good,2.2485797521591553,9.818168758998204e-05,True
4.615999999999714,4,1288,good,2.3096915309000967,0.005840097336114196,True
4.615999999999714,5,1294,good,2.5804795237228775,0.00013296777879694808,True
4.615999999999714,6,1292,good,2.441362165013779,8.64023464375685e-05,True
4.619999999999713,3,1291,wrong_size,9.317053990019602,0.028228990273200354,True
4.619999999999713,4,1295,good,2.212482680085158,8.788780648924635e-05,True
4.619999999999713,5,1288,good,2.2084988297142614,0.0036654929915955854,True
4.619999999999713,6,1294,good,2.6800046201125243,5.4738836668214714e-05,True
4.623999999999713,3,1293,plastic_chip,23.2112106555616,0.46339551281458646,True
4.623999999999713,4,1297,good,3.5046382918503856,0.18991554625509305,True
4.623999999999713,5,1295,good,2.176358746605033,0.00012862125816689724,True
4.623999999999713,6,1291,wrong_size,9.471390779791998,0.015335553034908517,True
4.623999999999713,7,1288,good,2.2889615257390603,0.009326029727486904,True
4.627999999999712,2,1290,good,3.0802644182677943,0.00027470053036324953,True
4.627999999999712,3,1293,plastic_chip,23.489605433024668,0.5056507352032652,True
4.627999999999712,4,1297,good,3.501622379655125,0.2627289977847062,True
4.627999999999712,5,1295,good,2.2749535207505,0.00015897332010814173,True
4.627999999999712,7,1288,good,2.343741923854458,0.013894311425335605,True
4.631999999999712,3,1290,good,3.0097478563738997,0.0005226848025321678,True
4.631999999999712,4,1293,plastic_chip,23.194235792726506,0.49869056966692094,True
4.631999999999712,5,1297,good,3.0593104158083584,0.012267939105468847,True
4.6359999999997115,2,1298,good,4.658901910739203,0.0027995704137705924,True
4.6359999999997115,3,1290,good,2.9859619937303448,0.0006507228592447569,True
4.639999999999711,3,1298,good,4.648699159103038,0.0018498042971053603,True
4.643999999999711,2,1301,odd_colour,219.5294990715665,0.9822490698650741,True
4.643999999999711,3,1298,good,4.649533100647912,0.0026244297951934815,True
4.64799999999971,2,1301,odd_colour,217.70432230039162,0.9843309106566689,True
4.65199999999971,2,1299,good,2.027163039074607,0.001769703519456108,True
4.65199999999971,3,1301,odd_colour,216.88948099688338,0.9915657530428373,True
4.655999999999709,2,1302,odd_colour,214.04867544097647,0.9880010247524602,True
4.655999999999709,3,1299,good,2.053407573919226,0.0007873709368175333,True
4.659999999999709,2,1302,odd_colour,214.76743080028282,0.9931993379453966,True
4.659999999999709,3,1299,good,2.033729073767357,0.0012000958667210688,True
4.663999999999708,4,1303,odd_colour,211.7169773481826,0.9747365635825116,True
4.663999999999708,5,1302,odd_colour,215.09127023092708,0.9908473384301424,True
4.663999999999708,6,1299,good,2.051875243883084,0.0003675279129095339,True
4.667999999999708,1,1305,wrong_size,9.410451299012493,0.000325321378523915,True
4.667999999999708,3,1307,good,2.5271859421902083,2.516965200575824e-06,True
4.667999999999708,4,1303,odd_colour,212.6516923215925,0.971546745760532,True
4.667999999999708,5,1302,odd_colour,214.867164148773,0.9889570524700831,True
4.6719999999997075,5,1305,wrong_size,9.460168521168693,0.0003457179375716903,True
4.6719999999997075,6,1307,good,2.67553534203786,8.26539613577518e-06,True
4.6719999999997075,7,1303,odd_colour,212.16447792924703,0.9743944219092482,True
4.675999999999707,6,1309,good,2.080842081005958,0.0001228381986060435,True
4.675999999999707,7,1310,good,2.3255214894594594,0.0019303551561827552,True
4.675999999999707,8,1305,wrong_size,9.345383219043836,0.00037411783376948367,True
4.675999999999707,9,1307,good,2.5508776112107925,9.019055477538558e-06,True
4.675999999999707,10,1303,odd_colour,214.2509819450208,0.9441443890868613,True
4.679999999999707,2,1308,good,2.1337624375611455,0.002442485621322996,True
4.679999999999707,3,1313,good,4.394988139799078,0.006088232343019879,True
4.679999999999707,4,1316,good,3.467671534679639,0.008378533918323763,True
4.679999999999707,5,1296,good,3.192668958239421,0.005123780934084561,True
4.679999999999707,6,1320,good,4.292846303728853,0.0013708295510656177,True
4.679999999999707,7,1309,good,1.9891794302330432,0.0002720186371616996,True
4.679999999999707,8,1310,good,2.3530761818506454,0.0027677886091627447,True
4.683999999999706,2,1308,good,2.058759924983536,0.022378752432524626,True
4.683999999999706,3,1313,good,4.55674623994703,0.00313799152576681,True
4.683999999999706,4,1296,good,3.6344334056757592,0.09672008873984744,True
4.683999999999706,5,1316,good,3.6314914445444177,0.10377753869204899,True
4.683999999999706,6,1309,good,1.8148462717016955,8.874094440178858e-05,True
4.683999999999706,7,1310,good,2.37325962323172,0.0007749306290390316,True
4.683999999999706,8,1320,good,4.081761741034907,0.0038129078386809,True
4.687999999999706,2,1296,good,3.3135366129535995,0.051514725595273855,True
4.687999999999706,3,1308,good,2.227992627672746,0.0004955397284390332,True
4.687999999999706,4,1313,good,4.443345266100661,0.004789259091828271,True
4.687999999999706,5,1316,good,3.5310196736956363,0.011419812887215823,True
4.687999999999706,6,1309,good,1.8016483354705701,3.86047785107945e-05,True
4.691999999999705,3,1289,odd_colour,189.72647263709953,0.9846564229609587,True
4.691999999999705,4,1296,good,4.873942511983301,0.0017038654464266317,True
4.691999999999705,5,1308,good,2.0302230779845183,0.0010090079527522663,True
4.695999999999705,2,1312,good,2.709814039939997,0.06099661152509891,True
4.695999999999705,3,1315,good,2.085257055820438,0.002651768517472897,True
4.695999999999705,4,1289,odd_colour,191.0141262222936,0.9766509705736856,True
4.695999999999705,5,1296,good,3.197641505598527,0.0303490844138279,True
4.699999999999704,2,1312,good,2.81844600043466,0.07155032471200677,True
4.699999999999704,3,1315,good,2.055726662577753,0.0014971289421854793,True
4.699999999999704,4,1289,odd_colour,191.2383923045134,0.9773591378883671,True
4.703999999999704,3,1314,good,1.8846882335468491,0.00041691917812680885,True
4.703999999999704,4,1312,good,2.5777326012269675,0.05988905224596607,True
4.703999999999704,5,1289,odd_colour,192.53706037984048,0.9866016081379306,True
4.703999999999704,6,1315,good,1.9969591494482553,0.002097025794902858,True
4.7079999999997035,4,1321,wrong_size,11.387834417815093,0.000920180977500885,True
4.7079999999997035,5,1314,good,1.8551569061772228,0.000701857961905586,True
4.7079999999997035,6,1312,good,2.4903797821966274,0.05852706453478203,True
4.711999999999703,3,1306,good,3.18061213754361,0.012497393464352125,True
4.711999999999703,4,1318,odd_colour,198.97352755707496,0.994143213033509,True
4.711999999999703,5,1327,good,5.1808902951698785,0.004326745040718987,True
4.711999999999703,6,1319,odd_colour,188.48795813862563,0.9254728715266668,True
4.711999999999703,7,1321,wrong_size,11.632765678196918,0.0007772365814982403,True
4.711999999999703,8,1314,good,1.8745731193523405,0.0007796852789301496,True
4.715999999999703,4,1317,good,2.239555444787305,0.00010281701691589559,True
4.715999999999703,5,1306,good,3.2343219121949702,0.0054638981880998335,True
4.715999999999703,6,1318,odd_colour,201.40979941608677,0.9901527847100663,True
4.715999999999703,7,1319,odd_colour,188.50510940880528,0.9304357585435735,True
4.715999999999703,8,1327,good,5.183474359795874,0.0018726272438900887,True
4.715999999999703,9,1321,wrong_size,11.171034199053695,0.0017801231650923176,True
4.719999999999702,3,1324,good,2.987547447171179,0.0007349544636424084,True
4.719999999999702,4,1332,plastic_chip,24.09740685444689,0.6917754942866988,True
4.719999999999702,5,1317,good,2.362607761896434,0.0002441465529010346,True
4.719999999999702,6,1306,good,3.3142267522879214,0.004238886389779709,True
4.719999999999702,7,1318,odd_colour,203.1295980774221,0.9906029003780961,True
4.719999999999702,8,1319,odd_colour,188.41451852678426,0.9632186488922433,True
4.719999999999702,9,1327,good,5.199738778796654,0.0019726939922423852,True
4.723999999999702,4,1300,plastic_chip,20.994645256739933,0.1933976383512315,True
4.723999999999702,5,1324,good,2.973298034459203,0.0012037815755206185,True
4.723999999999702,6,1332,plastic_chip,23.983100204125286,0.5389003476628158,True
4.723999999999702,7,1317,good,2.394607455171933,0.0014367267180380762,True
4.723999999999702,8,1306,good,3.240053765224311,0.0021941383150338428,True
4.727999999999701,3,1338,good,3.284333269576322,0.0002093671565887809,True
4.727999999999701,4,1325,good,2.78212091742838,0.0006118315130137672,True
4.727999999999701,5,1330,good,4.435390978885847,0.0008237829081287621,True
4.727999999999701,6,1300,plastic_chip,21.067900890138382,0.17680702918885452,True
4.727999999999701,7,1324,good,3.072044820346799,0.00192819370712516,True
4.731999999999701,2,1322,good,2.3436959725053983,3.0387994495394586e-05,True
4.731999999999701,3,1328,wrong_size,10.418949047085755,0.003910086613280571,True
4.731999999999701,4,1325,good,2.8042261015771244,0.0007801436261504943,True
4.731999999999701,5,1330,good,4.625358768044033,0.023487350729051934,True
4.731999999999701,6,1338,good,3.3272992421264367,4.642138944900853e-05,True
4.731999999999701,7,1300,plastic_chip,20.670718723695867,0.1732609838489974,True
4.731999999999701,8,1324,good,2.8110649920666324,0.0008366085607749041,True
4.7359999999997004,3,1322,good,2.518454309010404,7.089720118224196e-05,True
4.7359999999997004,4,1328,wrong_size,10.319500825545624,0.004136831924351327,True
4.7359999999997004,5,1300,plastic_chip,20.836685300638425,0.15730907189693058,True
4.7359999999997004,6,1325,good,2.7672234275313503,0.0004208265693006537,True
4.7359999999997004,7,1330,good,4.620831816332928,0.003566846844184937,True
4.7359999999997004,8,1338,good,3.271359358759318,7.566926524707662e-05,True
4.7399999999997,3,1323,wrong_size,10.632278996783088,0.0008308037120293652,True
4.7399999999997,4,1322,good,2.3678205074766043,5.228806264139943e-05,True
4.7399999999997,5,1328,wrong_size,10.442206312275841,0.006525020573493266,True
4.7439999999997,2,1336,good,3.241435605931484,0.0034021359559833716,True
4.7439999999997,3,1323,wrong_size,10.694167244737631,0.0010119035277252391,True
4.7439999999997,4,1322,good,2.3715318765370257,1.5224953799742299e-05,True
4.747999999999699,2,1336,good,3.225773393572409,0.001317027595111824,True
4.747999999999699,3,1323,wrong_size,10.874153685837731,0.0006892408767154357,True
4.751999999999699,2,1335,good,3.4999499654973603,0.0009941841521545402,True
4.755999999999698,4,1333,good,1.8646249355396225,0.0001333837245312948,True
4.755999999999698,5,1335,good,3.4572011768604107,0.001470008839892326,True
4.759999999999698,3,1334,good,5.528897547357972,0.0004799536169840591,True
4.759999999999698,4,1339,good,3.7867553031116343,6.588003385794597e-05,True
4.759999999999698,5,1331,wrong_size,7.50811236492079,0.23711823896420262,True
4.759999999999698,6,1333,good,3.0604060288097665,0.0004240218929820622,True
4.759999999999698,7,1335,good,3.4456251912061084,0.0017483191108049606,True
4.763999999999697,3,1329,good,1.5556993299595363,0.004902015267511602,True
4.763999999999697,4,1334,good,5.400822401383303,0.00017098643067219794,True
4.763999999999697,5,1339,good,3.836312314956921,7.656421343993847e-05,True
4.763999999999697,6,1331,wrong_size,7.554911845552648,0.003078188379226288,True
4.763999999999697,7,1333,good,1.9292520482267217,7.153721270279042e-05,True
4.767999999999697,2,1342,plastic_chip,25.676587612134497,0.8387171773810205,True
4.767999999999697,3,1329,good,1.561038454949157,0.006269664393668819,True
4.767999999999697,4,1334,good,5.318272366875853,0.00014112975471894238,True
4.767999999999697,5,1339,good,3.823546714928359,8.785574664381885e-05,True
4.767999999999697,6,1331,wrong_size,7.635336972507264,0.0016200229138037421,True
4.767999999999697,7,1333,good,1.9856597752596166,0.00011578368120891824,True
4.7719999999996965,2,1342,plastic_chip,24.989879307801733,0.731150446418431,True
4.7719999999996965,3,1329,good,1.5663528323840434,0.011270826420363336,True
4.7719999999996965,4,1334,good,5.378462031026889,0.0001641595006500796,True
4.783999999999695,2,1343,good,3.1767777744806622,0.003014079733712128,True
4.783999999999695,3,1344,good,1.767026847202383,1.4448328908287963e-05,True
4.787999999999695,2,1343,good,3.0792738516813816,0.0038830558484272974,True
4.787999999999695,3,1344,good,1.60554718676748,1.2499746993440325e-05,True
4.791999999999694,2,1343,good,3.1758667308922672,0.0020110746794565273,True
4.791999999999694,3,1344,good,1.5947944352855472,6.231174647253156e-06,True
4.795999999999694,3,1341,good,3.85103872364327,1.7455568028850913e-05,True
4.799999999999693,3,1350,odd_colour,239.19544174175715,0.9952154278693185,True
4.799999999999693,4,1341,good,3.88572891159899,1.9605021487844977e-05,True
4.803999999999693,2,1340,good,1.3862801650946839,5.2390103694938674e-05,True
4.803999999999693,3,1345,good,3.9717092765708237,0.06580190278145617,True
4.803999999999693,4,1350,odd_colour,240.5984182550101,0.9948922109148463,True
4.803999999999693,5,1341,good,3.8774843936611627,6.106734291525055e-05,True
4.8079999999996925,2,1340,good,1.3985444544844272,7.332015639318076e-05,True
4.8079999999996925,3,1345,good,3.66485193184609,0.002139395147859122,True
4.8079999999996925,4,1350,odd_colour,238.25774656234327,0.9946160028273116,True
4.811999999999692,3,1340,good,1.3791222085158759,6.445230619010914e-05,True
4.815999999999692,4,1353,good,3.79072654018838,0.9534642746642363,True
4.815999999999692,5,1347,good,2.937476024317729,0.08512402776470265,True
4.815999999999692,6,1340,good,1.4334408295145171,5.839045163377274e-05,True
4.819999999999691,3,1348,good,1.8910830113115122,0.0012877199804103335,True
4.819999999999691,4,1346,good,3.6750001398699013,0.018930008816577658,True
4.819999999999691,5,1353,good,3.7616076614950815,0.9160120110864958,True
4.819999999999691,6,1347,good,3.0870803694748545,0.18763847252355167,True
4.823999999999691,2,1355,good,5.07140287795609,0.00038326748059483006,True
4.823999999999691,4,1346,good,3.69513343637979,0.11416986214273765,True
4.823999999999691,5,1353,good,3.764497106083379,0.9163672047216328,True
4.823999999999691,6,1347,good,3.057603063338687,0.06490432319561253,True
4.82799999999969,3,1357,good,2.941388081870033,0.0003578481089669733,True
4.82799999999969,4,1355,good,4.778029264570845,9.014014526304465e-05,True
4.82799999999969,6,1353,good,3.8007019858682085,0.9532985430919888,True
4.82799999999969,7,1346,good,7.579876211121356,0.005654623611229384,True
4.83199999999969,3,1352,good,2.1103954525589423,0.0013887710841599147,True
4.83199999999969,4,1357,good,2.93293860012075,0.00038859423083994116,True
4.83199999999969,5,1355,good,4.776248071187322,0.00013607175842328422,True
4.83199999999969,7,1348,good,1.833443399367136,0.0008439670793106182,True
4.835999999999689,2,1367,good,9.44585293377497,0.024867868375320228,True
4.835999999999689,3,1366,plastic_chip,21.801380565297837,0.20616416004666693,True
4.835999999999689,4,1352,good,2.03957686564197,0.004595556924235437,True
4.835999999999689,5,1357,good,3.1068032444718066,9.422080230579227e-05,True
4.835999999999689,6,1355,good,4.806282376022412,0.00014504326300122255,True
4.839999999999689,2,1367,good,9.38829066858634,0.008956991655533063,True
4.839999999999689,3,1366,plastic_chip,22.192390720461542,0.2309540977725738,True
4.839999999999689,4,1352,good,2.0800483437767423,0.0015806982632466091,True
4.839999999999689,5,1357,good,3.0941211248072884,0.00010758952707189527,True
4.8439999999996886,4,1360,good,3.3033607506245564,0.0001529443086059387,True
4.8439999999996886,6,1367,good,9.435162170744844,0.030541246287323374,True
4.847999999999688,2,1358,good,2.9371757708899797,0.01310353962793643,True
4.847999999999688,3,1349,good,2.2800121269453415,0.0037973283274617127,True
4.847999999999688,4,1354,good,3.9528728050645303,0.00014164920080892956,True
4.847999999999688,5,1360,good,3.301627909208977,0.00018170725599533588,True
4.851999999999688,4,1358,good,2.688819136522785,0.006037854287681755,True
4.851999999999688,5,1349,good,2.355455678788374,0.00016200448489869326,True
4.851999999999688,6,1354,good,3.8792272671064825,6.533459117167621e-05,True
4.851999999999688,7,1360,good,3.3252732844973516,0.00020215166675681287,True
4.855999999999687,3,1362,wrong_size,11.400807550684936,0.0016663474628636425,True
4.855999999999687,4,1374,good,2.226242177373157,0.00015543408912380125,True
4.855999999999687,5,1358,good,2.777990788794741,0.009213880015074996,True
4.855999999999687,6,1349,good,2.5011820402309874,0.0007895448559888091,True
4.855999999999687,7,1354,good,3.92546210805013,9.660002217172754e-05,True
4.855999999999687,8,1360,good,3.067471916851948,0.0001372613801107929,True
4.859999999999687,3,1356,good,8.712032610055193,0.0006405356683516439,True
4.859999999999687,4,1362,wrong_size,11.366636440814835,0.001743046159556857,True
4.859999999999687,5,1374,good,2.2772289294452635,9.332012706546491e-05,True
4.859999999999687,6,1358,good,3.0902068722467195,0.02917414003986023,True
4.863999999999686,3,1359,good,2.881128214445058,2.56911773564512e-05,True
4.863999999999686,4,1356,good,8.722208987047303,0.0007458925056549403,True
4.863999999999686,5,1362,wrong_size,11.388948546706281,0.002896189839814345,True
4.863999999999686,6,1374,good,2.2521103958756337,0.000101594529607178,True
4.867999999999686,2,1364,plastic_chip,23.78966430514938,0.7621274387165957,True
4.867999999999686,3,1359,good,2.8296416399762734,3.92060499961379e-05,True
4.867999999999686,4,1356,good,8.721782472859346,0.0011389007743309414,True
4.8719999999996855,3,1364,plastic_chip,23.69237535422997,0.7457402600921182,True
4.8719999999996855,4,1359,good,2.7859011575998704,0.00012521571414582472,True
4.875999999999685,2,1371,good,3.3528613068166417,0.023887950975152002,True
4.875999999999685,3,1370,good,1.7382675533839909,0.004510942639390316,True
4.879999999999685,3,1371,good,3.368018062520183,0.007457745789096629,True
4.879999999999685,4,1370,good,2.1502825695907912,0.0013238097903797276,True
4.883999999999684,2,1369,odd_colour,270.385501813301,0.9407261037695758,True
4.883999999999684,3,1371,good,3.304095530444039,0.005006184532423558,True
4.883999999999684,4,1370,good,1.7562822354755887,0.0013244100201763374,True
4.887999999999684,3,1369,odd_colour,269.09326750778337,0.9253654347196512,True
4.887999999999684,4,1371,good,3.3693324371371736,0.0024148859708643775,True
4.891999999999683,2,1385,odd_colour,275.3414533063528,0.9821732572655152,True
4.891999999999683,3,1373,good,1.4301829805127886,0.0002026123479231298,True
4.891999999999683,4,1365,good,2.188427711256067,0.00045534131047184523,True
4.891999999999683,5,1369,odd_colour,265.83050654830885,0.9347430487884104,True
4.895999999999683,3,1365,good,2.187914524871326,0.0010759249698318177,True
4.895999999999683,4,1373,good,1.3648962890270093,0.00025337922308909817,True
4.895999999999683,5,1385,odd_colour,268.55343678163484,0.9859147451761836,True
4.899999999999682,2,1380,odd_colour,209.0800027564227,0.9809257118792376,True
4.899999999999682,3,1372,odd_colour,267.87117376825375,0.9678557895122403,True
4.899999999999682,4,1365,good,2.147620070804171,0.001210063670140131,True
4.899999999999682,5,1373,good,1.4861556020092392,0.0003521299483368984,True
4.899999999999682,6,1385,odd_colour,270.5691578071635,0.990910777461811,True
4.903999999999682,3,1379,good,1.9367552114844333,1.5894507110002757e-05,True
4.903999999999682,4,1383,good,4.173906873568776,0.008963738391589154,True
4.903999999999682,5,1380,odd_colour,210.8867286618905,0.9922897969149773,True
4.903999999999682,6,1372,odd_colour,268.5399597595388,0.9582260573866209,True
4.903999999999682,7,1365,good,2.1914746256092723,0.00044655777998182683,True
4.903999999999682,8,1373,good,1.458547609369112,0.00018004788206543,True
4.9079999999996815,3,1376,good,2.267246905710784,3.793818213548639e-05,True
4.9079999999996815,4,1379,good,1.6826661830411223,0.0003203862139488464,True
4.9079999999996815,5,1383,good,4.204333754413715,0.005315204835468056,True
4.9079999999996815,6,1380,odd_colour,213.69705147638936,0.9696125228821263,True
4.9079999999996815,7,1372,odd_colour,270.21843370902656,0.9647341054735805,True
4.911999999999681,2,1381,good,3.9676801163776583,0.41874789791211486,True
4.911999999999681,3,1378,good,4.947755978803659,0.002043996444385429,True
4.911999999999681,4,1376,good,2.230753557394113,3.4218766722042596e-05,True
4.911999999999681,5,1379,good,1.7619657127474688,4.735634742687192e-05,True
4.911999999999681,6,1383,good,4.108136714732516,0.010547746930371511,True
4.911999999999681,7,1380,odd_colour,215.40726507769637,0.9872946074428427,True
4.915999999999681,2,1381,good,4.026859934919528,0.5514675164691968,True
4.915999999999681,3,1378,good,3.7417198547069495,0.0047490918177000175,True
4.915999999999681,4,1376,good,2.184745385657327,2.6986678509007072e-05,True
4.915999999999681,5,1379,good,2.2708903310995185,2.038440534122868e-05,True
4.915999999999681,6,1383,good,4.338047468094208,0.00676398950093517,True
4.91999999999968,2,1381,good,3.9131497327844977,0.4562198948637192,True
4.91999999999968,3,1378,good,3.701016141745222,0.0074714126549053975,True
4.92399999999968,2,1390,good,2.346016358273464,4.430595265789669e-05,True
4.92399999999968,3,1386,good,3.9638567620208605,0.00034309567997380347,True
4.92399999999968,4,1381,good,3.952757080400681,0.32748503021431064,True
4.927999999999679,2,1384,good,2.470575842843107,0.0011299363640132763,True
4.927999999999679,3,1386,good,3.952409728592509,0.0001360938268977685,True
4.927999999999679,4,1390,good,2.3726448885317355,8.263098918921432e-05,True
4.931999999999679,2,1387,good,3.5954731927365877,0.00212656626304749,True
4.931999999999679,3,1384,good,2.622477951606393,0.0009879094718410434,True
4.931999999999679,4,1386,good,3.9563031969167435,0.00024237078229703685,True
4.931999999999679,5,1390,good,2.375353752681199,6.307114121525442e-05,True
4.935999999999678,2,1387,good,3.363384060069342,0.001082704843722556,True
4.935999999999678,3,1384,good,2.4963338611907964,0.00031521837737921054,True
4.939999999999678,2,1387,good,3.4801643288438577,0.000398899420375101,True
4.939999999999678,3,1384,good,2.4920059026162193,0.0006099051455909387,True
4.9439999999996775,3,1387,good,3.4032902620571606,0.00038081796983074646,True
4.947999999999677,2,1391,good,3.9366081049612474,0.009121117925788453,True
4.947999999999677,3,1388,wrong_size,11.83471898722276,0.00015923391803115177,True
4.951999999999677,2,1391,good,3.806323141644835,0.02778466500058072,True
4.951999999999677,3,1388,wrong_size,11.76525766291097,0.00018832307698698182,True
4.955999999999676,2,1388,wrong_size,11.500164258505198,0.00023780946694829813,True
4.955999999999676,3,1391,good,3.773971036165313,0.043859969017804305,True
4.959999999999676,3,1391,good,3.7860449201802995,0.03787371402744155,True
4.963999999999675,4,1397,good,2.325981039852885,3.2934860127136196e-05,True
4.967999999999675,2,1393,good,2.845310650360304,0.02697244321286151,True
4.967999999999675,3,1395,good,2.403421680911033,0.000953664248893807,True
4.967999999999675,4,1396,good,3.465050952143118,0.0004551125123823968,True
4.967999999999675,5,1399,odd_colour,187.18989937269686,0.878717128751641,True
4.967999999999675,6,1397,good,2.5424886977320225,2.5505720600827e-05,True
4.9719999999996745,3,1393,good,2.7163552894648473,0.0386211789060781,True
4.9719999999996745,4,1395,good,2.409977270881034,9.346079471142101e-05,True
4.9719999999996745,5,1396,good,3.471190240808525,0.0004525155702515648,True
4.9719999999996745,6,1399,odd_colour,187.87979344046158,0.8743107120176674,True
4.9719999999996745,7,1397,good,2.3985490100320206,3.9552271958208296e-05,True
4.975999999999674,5,1393,good,2.7671668131210594,0.019281929827854382,True
4.975999999999674,6,1395,good,2.4397268645835553,0.00025924915945611164,True
4.975999999999674,7,1396,good,3.4560883445701953,0.001104017364584057,True
4.975999999999674,8,1399,odd_colour,189.26254667894239,0.8738989100679851,True
4.979999999999674,2,1402,good,2.1215879401150692,6.736664896463517e-05,True
4.979999999999674,3,1415,plastic_chip,22.37227277859232,0.24595209877616114,True
4.979999999999674,4,1393,good,2.76725613146973,0.012015889585957038,True
4.979999999999674,5,1395,good,2.5241079007042875,0.00011044056749676481,True
4.983999999999673,5,1402,good,2.1444483779028447,1.9919622367367827e-05,True
4.983999999999673,6,1415,plastic_chip,22.35239176815316,0.24595215670342555,True
4.987999999999673,2,1403,wrong_size,8.537292664167898,0.02072229162891038,True
4.987999999999673,4,1404,good,3.6338073462004137,0.00013872889939462588,True
4.987999999999673,5,1400,plastic_chip,24.60040867162884,0.3476882957359935,True
4.987999999999673,6,1402,good,2.224744419084915,3.379123321161939e-05,True
4.991999999999672,2,1406,good,10.34750448810185,0.0006683385388803696,True
4.991999999999672,3,1403,wrong_size,8.607346313944683,0.11167021640636998,True
4.991999999999672,4,1404,good,4.0550632080560725,1.496243571557899e-05,True
4.995999999999672,3,1405,good,4.231282752036958,0.00011000663666759708,True
4.995999999999672,4,1406,good,10.9123305087766,0.0006146045095371651,True
4.995999999999672,5,1403,wrong_size,8.556138855112168,0.04852810974806275,True
4.995999999999672,6,1404,good,3.8796225711218586,2.8839414101755307e-05,True
4.999999999999671,4,1401,wrong_size,9.366784145044292,0.06292738743042471,True
4.999999999999671,5,1405,good,4.23925448903931,0.00013629964912180187,True
4.999999999999671,6,1406,good,10.51699501664718,0.001029864157087928,True
5.003999999999671,3,1408,good,2.054300703582649,0.0005481294087949573,True
5.003999999999671,4,1401,wrong_size,9.262983090316096,0.04648246914407703,True
5.003999999999671,5,1405,good,4.225787607881198,0.00040657414580077135,True
5.003999999999671,6,1406,good,10.558661607938392,0.004346628843236044,True
5.0079999999996705,4,1394,plastic_chip,23.73406957271084,0.7241705707779774,True
5.0079999999996705,5,1408,good,2.1979912656972878,0.00047932610421817513,True
5.0079999999996705,6,1401,wrong_size,9.36146968328264,0.031238739815761883,True
5.01199999999967,4,1414,plastic_chip,23.1120722014729,0.3925354280020258,True
5.01199999999967,5,1407,good,3.2272667646825752,0.015947690515128916,True
5.01199999999967,6,1394,plastic_chip,23.82058646037606,0.7203669485618254,True
5.01199999999967,7,1408,good,2.0929309601888586,0.0012470462919836071,True
5.01599999999967,2,1412,odd_colour,281.13909297841656,0.9719629057322134,True
5.01599999999967,3,1413,good,2.4055722439155924,0.009826358826969323,True
5.01599999999967,4,1414,plastic_chip,23.172385891803177,0.3925354280020258,True
5.01599999999967,5,1394,plastic_chip,23.941078049450297,0.7203669485618254,True
5.01599999999967,6,1407,good,3.1737656482571,0.0321211908712948,True
5.019999999999669,2,1413,good,1.9130184892415614,0.011840659132861777,True
5.019999999999669,3,1412,odd_colour,283.33827844985063,0.9849099467362687,True
5.019999999999669,4,1394,plastic_chip,23.709863646250717,0.7203218393208206,True
5.019999999999669,5,1407,good,3.2513165721701562,0.04184655703924618,True
5.023999999999669,4,1413,good,1.9831159812010923,0.011746490668637201,True
5.023999999999669,5,1412,odd_colour,285.47208199435335,0.9773918673682678,True
5.027999999999668,2,1411,good,3.4430452877700515,0.30804322595813116,True
5.027999999999668,3,1417,good,3.809028492155899,0.007148014098245952,True
5.027999999999668,4,1410,odd_colour,299.77021834818294,0.9353514389038307,True
5.031999999999668,2,1420,good,2.1061412348360373,0.04864214952845181,True
5.031999999999668,3,1411,good,3.4292360614155495,0.6722629057354398,True
5.031999999999668,4,1417,good,3.7761758146661024,0.0025013634233061522,True
5.031999999999668,5,1410,odd_colour,306.13256619921776,0.9608901218245578,True
5.035999999999667,2,1420,good,2.136315133079562,0.07226820065059324,True
5.035999999999667,3,1411,good,3.4720274605270864,0.7773614781990769,True
5.035999999999667,4,1417,good,3.939509719607682,0.07339883640258728,True
5.035999999999667,5,1410,odd_colour,312.3878701509061,0.9247592871691724,True
5.039999999999667,3,1419,good,7.034881239748387,0.9987998147566558,True
5.039999999999667,4,1420,good,2.559560374842116,0.02614273207883343,True
5.039999999999667,5,1411,good,3.441399796256002,0.44654875561388097,True
5.0439999999996665,2,1409,good,2.2444240037740584,0.248384661062756,True
5.0439999999996665,3,1419,good,7.206143063079227,0.9980845487498083,True
5.047999999999666,2,1422,good,1.7081661236804349,0.0063694489080272036,True
5.047999999999666,3,1409,good,2.2256268097245053,0.12913207699449042,True
5.047999999999666,4,1419,good,7.042316816814757,0.9985783573426665,True
5.051999999999666,3,1422,good,2.082592983270842,0.00012584171205478798,True
5.051999999999666,4,1409,good,2.031254559564316,0.1764806289683186,True
5.055999999999665,2,1432,good,2.4486645068369266,1.5157882650202494e-05,True
5.055999999999665,3,1422,good,2.030813434487948,0.00010497765074228599,True
5.059999999999665,2,1432,good,2.451906153975166,1.415861378167045e-05,True
5.059999999999665,3,1422,good,1.97553330486061,0.00035541604893080304,True
5.063999999999664,3,1425,wrong_size,10.27206266597795,0.0029562059324069563,True
5.063999999999664,4,1418,good,2.210840295550783,0.00045359386421298933,True
5.063999999999664,5,1424,odd_colour,175.6852012224548,0.981497663910718,True
5.063999999999664,6,1432,good,2.2187409332651997,2.3619491634834926e-05,True
5.067999999999664,2,1423,wrong_size,11.893923447862196,0.00042794753539163606,True
5.067999999999664,3,1425,wrong_size,10.257470361090379,0.002348901337394284,True
5.067999999999664,4,1418,good,2.1919205488316007,0.00018131516633141688,True
5.067999999999664,5,1424,odd_colour,178.17799599388246,0.9617718057187739,True
5.0719999999996634,2,1423,wrong_size,11.649993263630348,0.0005099281319206046,True
5.0719999999996634,3,1425,wrong_size,10.288164806985616,0.0014772342046057087,True
5.0719999999996634,4,1418,good,2.2018417943503588,4.901808300474198e-05,True
5.0719999999996634,5,1424,odd_colour,177.4487672964837,0.9771478111604998,True
5.075999999999663,5,1423,wrong_size,11.960793255539762,0.0004425174100783938,True
5.075999999999663,6,1425,wrong_size,10.28390022266555,0.0009097353832905358,True
5.075999999999663,7,1418,good,2.198195986208651,0.00043216643530462925,True
5.079999999999663,2,1431,wrong_size,11.772004757472834,0.018770447994818362,True
5.079999999999663,3,1427,good,2.5063355108956547,0.000925504865733072,True
5.079999999999663,4,1430,odd_colour,126.93440640866635,0.9009200636476992,True
5.083999999999662,3,1421,good,3.238611906178307,0.0038369469362175336,True
5.083999999999662,4,1431,wrong_size,11.47707342342457,0.04482690441047269,True
5.083999999999662,5,1427,good,2.460211590094421,0.0009921713074905966,True
5.083999999999662,6,1430,odd_colour,127.39638262174226,0.9132833796891887,True
5.087999999999662,2,1429,good,2.6818849647485306,6.794217788178373e-05,True
5.087999999999662,3,1437,good,2.9608966235785648,0.028626124709516587,True
5.087999999999662,4,1421,good,3.224585691888909,0.0038560987322871464,True
5.087999999999662,5,1431,wrong_size,11.797374624249628,0.022217282113505665,True
5.087999999999662,7,1427,good,2.3618330087459447,0.0014159584050094283,True
5.087999999999662,8,1430,odd_colour,127.6397393801101,0.9724159088242579,True
5.091999999999661,3,1429,good,2.5117850422302332,0.00014974582680202735,True
5.091999999999661,4,1437,good,2.931974194494094,0.0029615115667663275,True
5.091999999999661,5,1421,good,3.261092579470346,0.002574547233865908,True
5.091999999999661,7,1427,good,2.37423651472741,0.014916943884310774,True
5.095999999999661,3,1434,good,3.0051237324881757,0.0002931544564607864,True
5.095999999999661,4,1429,good,2.644578018409855,0.00021130099008430053,True
5.095999999999661,5,1437,good,3.000400322631428,0.00129267262028633,True
5.09999999999966,2,1436,wrong_size,10.00859383626319,0.02723028315751464,True
5.09999999999966,3,1435,odd_colour,217.63055989214595,0.973536603959782,True
5.09999999999966,4,1434,good,3.528693094696651,0.000828332025137385,True
5.09999999999966,5,1429,good,2.7172194720451093,8.231739912594514e-05,True
5.10399999999966,2,1436,wrong_size,9.020050071527711,0.05142677429747527,True
5.10399999999966,3,1435,odd_colour,219.353941994,0.9721070568812142,True
5.10399999999966,4,1434,good,3.590523071002316,0.00026705453543888715,True
5.1079999999996595,2,1433,good,6.036281859928643,0.0003235757669384107,True
5.1079999999996595,3,1436,wrong_size,9.18496109959439,0.046829032433194105,True
5.1079999999996595,4,1435,odd_colour,219.3089841819657,0.9750071409202824,True
5.1079999999996595,5,1434,good,3.579686136781636,0.00010588910465614935,True
5.111999999999659,3,1458,good,1.8088843505996919,0.00020697763718567286,True
5.111999999999659,4,1433,good,5.97479019929393,0.0013147779888576336,True
5.115999999999659,3,1438,good,3.190098965694704,0.001075519285967617,True
5.115999999999659,4,1444,good,3.706710927461299,0.0005544307286410995,True
5.115999999999659,5,1458,good,1.8928968702425664,6.544395336705479e-05,True
5.115999999999659,6,1433,good,5.932018381092041,0.0009851105563333767,True
5.119999999999658,3,1439,good,4.116605509525095,0.6447905051470028,True
5.119999999999658,4,1438,good,2.941941946070795,0.0003601059507254604,True
5.119999999999658,5,1444,good,3.721686955227953,0.00019188444169692846,True
5.119999999999658,6,1458,good,1.8061088412142705,0.000205692133561972,True
5.123999999999658,2,1441,odd_colour,168.69673757413855,0.9670405032816771,True
5.123999999999658,3,1439,good,4.089045794134551,0.8015322412127576,True
5.123999999999658,4,1438,good,3.2208471676392043,0.0008778356001732722,True
5.123999999999658,5,1444,good,3.805413890245742,0.00019061587794053336,True
5.127999999999657,3,1441,odd_colour,169.04813355058454,0.9295996378377487,True
5.127999999999657,4,1439,good,4.118208363128284,0.7286529015706871,True
5.127999999999657,5,1438,good,3.160263795522821,0.00039168780942494904,True
5.131999999999657,3,1443,good,2.3422642217729024,7.049336011939969e-05,True
5.131999999999657,4,1441,odd_colour,167.87293525872485,0.9364018124010728,True
5.135999999999656,3,1445,good,3.055534125430131,0.0011767417911375355,True
5.135999999999656,4,1443,good,2.4143273419584492,6.145202320267385e-05,True
5.139999999999656,3,1448,good,4.579227019817745,0.0008240416521130925,True
5.139999999999656,4,1463,good,5.270424637570815,3.892925395386996e-05,True
5.139999999999656,5,1445,good,3.0783434157522187,0.0012356647674401893,True
5.139999999999656,6,1443,good,2.0668755206426965,0.0003109261880846236,True
5.1439999999996555,3,1449,good,2.342735380906443,1.70454360441438e-05,True
5.1439999999996555,4,1448,good,4.603530094650551,0.0002602327359376211,True
5.1439999999996555,5,1463,good,5.394732115757529,6.0488498367521446e-05,True
5.1439999999996555,6,1445,good,2.946521848043108,0.004002730378173317,True
5.147999999999655,2,1456,good,3.205721276788161,0.03635464836747836,True
5.147999999999655,3,1449,good,2.327744328856708,1.7675362889585778e-05,True
5.147999999999655,4,1448,good,4.705274393340414,0.0003470219744425543,True
5.147999999999655,5,1463,good,5.27832354753584,3.702122315461217e-05,True
5.151999999999655,3,1456,good,3.1855444388141874,0.004976104075391682,True
5.151999999999655,4,1449,good,2.2548662869184346,1.6401273143005258e-05,True
5.151999999999655,5,1448,good,4.498724615826861,0.0003784046970904499,True
5.155999999999654,2,1451,wrong_size,8.609235986652616,0.008667142466945846,True
5.155999999999654,3,1456,good,3.194240024500608,0.006621173617903702,True
5.159999999999654,3,1447,good,2.330512583966197,0.000445403167563307,True
5.159999999999654,4,1451,wrong_size,8.526842932308805,0.007999819384973215,True
5.163999999999653,2,1454,good,3.7221175524351984,0.0005445258994606711,True
5.163999999999653,3,1447,good,2.731138278127296,0.00320879278209512,True
5.163999999999653,4,1451,wrong_size,8.654689005478431,0.004664530143308025,True
5.167999999999653,2,1450,odd_colour,159.1297725575233,0.8090330349688318,True
5.167999999999653,3,1454,good,3.7149854688030874,0.0008604987218219645,True
5.167999999999653,4,1447,good,2.5092064826157165,0.0012167119058635965,True
5.171999999999652,3,1450,odd_colour,159.48504173868778,0.962014352884411,True
5.171999999999652,4,1454,good,3.7067287873161847,0.0005802551685277059,True
5.171999999999652,5,1447,good,2.704095789647054,0.0028323220734410687,True
5.175999999999652,3,1453,good,2.204151565746891,0.006271316688973104,True
5.175999999999652,4,1450,odd_colour,159.63670483143272,0.9658401668144344,True
5.175999999999652,5,1454,good,3.698714706498895,0.0013244309481993612,True
5.1799999999996515,2,1452,wrong_size,7.748091672441138,0.04511528672988709,True
5.1799999999996515,3,1453,good,2.087420804704357,0.0003064173924225821,True
5.1799999999996515,4,1450,odd_colour,158.84493961668664,0.9533417531223501,True
5.183999999999651,3,1452,wrong_size,7.742525760130393,0.058355237596800925,True
5.183999999999651,4,1453,good,2.120137236280322,0.0008534579022065984,True
5.187999999999651,3,1460,good,2.346514175285519,0.09695581055159157,True
5.187999999999651,4,1452,wrong_size,7.798730754090196,0.07505469318954383,True
5.19199999999965,3,1459,wrong_size,10.933794113415047,0.012209138672171495,True
5.19199999999965,4,1460,good,2.367590160557748,0.04630868974605515,True
5.19599999999965,4,1455,good,3.015955620226199,0.0007048070327964625,True
5.19599999999965,5,1459,wrong_size,11.032206256585944,0.02209578518890507,True
5.19599999999965,6,1460,good,2.697531879596391,0.010071745557770215,True
5.199999999999649,1,1462,plastic_chip,24.591656236584193,0.3189790497822747,True
5.199999999999649,3,1461,good,2.4787700159806496,5.434317475823644e-05,True
5.199999999999649,4,1477,good,2.0417064049646734,5.405257143994147e-05,True
5.199999999999649,5,1478,plastic_chip,22.125055445533874,0.46957041454212417,True
5.199999999999649,6,1455,good,2.9124029436084014,0.0014235924460134525,True
5.203999999999649,7,1467,good,3.329236842751736,0.7021936846411816,True
5.203999999999649,8,1462,plastic_chip,24.779150034523404,0.3194614053076034,True
5.203999999999649,9,1477,good,2.064933461943574,4.122751974384881e-05,True
5.203999999999649,10,1461,good,2.1118136159197016,8.005031576973347e-06,True
5.203999999999649,11,1478,plastic_chip,22.151550774268607,0.5235674652822262,True
5.203999999999649,12,1455,good,2.911004512908216,0.0016875277866788322,True
5.2079999999996485,3,1479,plastic_chip,22.603487135465407,0.24034453151849672,True
5.2079999999996485,4,1457,good,5.344279168400636,0.0007948238534322021,True
5.2079999999996485,5,1464,good,3.1943051998032828,0.03714911234439234,True
5.2079999999996485,6,1469,good,2.601160870166477,2.3395844694653574e-05,True
5.2079999999996485,7,1473,good,8.310202599549074,0.9633889328407711,True
5.2079999999996485,8,1467,good,3.3816540731554534,0.6972481924486906,True
5.2079999999996485,9,1462,plastic_chip,24.795436360634792,0.31897897358201177,True
5.2079999999996485,10,1477,good,2.053472989796961,2.1008455090040135e-05,True
5.2079999999996485,11,1461,good,2.180682931933237,1.3120490366707502e-05,True
5.2079999999996485,12,1478,plastic_chip,22.10604603459655,0.4618056553690834,True
5.211999999999648,3,1457,good,5.361272693137385,0.000501641418314741,True
5.211999999999648,4,1465,wrong_size,8.177261959381072,0.1046669302292688,True
5.211999999999648,5,1479,plastic_chip,22.50238721251638,0.24034453151849672,True
5.211999999999648,6,1464,good,3.161369812787946,0.03378458278255841,True
5.211999999999648,7,1473,good,7.182274515676862,0.7481057717260968,True
5.211999999999648,8,1469,good,2.6098178776955425,0.00010868927192529908,True
5.211999999999648,9,1462,plastic_chip,24.57827972477345,0.3189790497822747,True
5.211999999999648,10,1467,good,3.371988736959712,0.6893190703977954,True
5.211999999999648,11,1477,good,2.1139254980501923,3.5476337097742004e-05,True
5.211999999999648,12,1461,good,2.2170200740343398,5.491517144159886e-06,True
5.215999999999648,3,1470,good,3.023681381850639,5.878581686830616e-05,True
5.215999999999648,4,1457,good,5.2902384515008585,0.0006987934117237524,True
5.215999999999648,5,1479,plastic_chip,22.20482418841948,0.24473882926704935,True
5.215999999999648,6,1465,wrong_size,8.06914470979991,0.044225516806619215,True
5.215999999999648,7,1464,good,3.1720331312427654,0.022852131816281856,True
5.215999999999648,8,1473,good,10.054531840339438,0.8854364643919526,True
5.215999999999648,9,1462,plastic_chip,24.64785511190475,0.3194614813999449,True
5.215999999999648,10,1469,good,2.62487736382417,2.5389316252337635e-05,True
5.219999999999647,2,1466,good,2.074887008805793,0.00048315040818079836,True
5.219999999999647,3,1470,good,2.820263961036961,8.101311591949212e-05,True
5.219999999999647,4,1457,good,5.351523426625768,0.0007465316252067987,True
5.219999999999647,8,1473,good,7.551967498570045,0.9276983208609032,True
5.223999999999647,3,1466,good,2.3344078418967467,4.683649788920342e-05,True
5.223999999999647,4,1470,good,2.935308352781109,5.3843764940212923e-05,True
5.223999999999647,5,1457,good,5.42771090858383,0.00034953939786565286,True
5.227999999999646,1,1471,good,4.921956753470131,0.05738890777639941,True
5.227999999999646,3,1468,good,2.416990880700062,0.0001329797715865518,True
5.227999999999646,4,1483,plastic_chip,27.01537153341814,0.7352251515890986,True
5.227999999999646,5,1466,good,2.068633689181764,7.505146060906944e-05,True
5.227999999999646,7,1457,good,5.499837805740115,0.000552242271656159,True
5.231999999999646,2,1471,good,4.937606804586339,0.05087206807722172,True
5.231999999999646,3,1468,good,2.4348883010662474,7.832069990115957e-05,True
5.231999999999646,4,1483,plastic_chip,26.833624062700736,0.7353302213679047,True
5.235999999999645,2,1471,good,4.930458807887942,0.04546180622503117,True
5.235999999999645,3,1468,good,2.4270241295326915,0.00019416653003399915,True
5.239999999999645,3,1475,good,3.2941414723346467,5.076921720599095e-05,True
5.239999999999645,5,1471,good,4.949497577723354,0.06729079582087616,True
5.2439999999996445,3,1474,good,4.950517336021589,0.0018205620285269685,True
5.2439999999996445,4,1482,wrong_size,11.20864379735801,0.010701884380043984,True
5.2439999999996445,5,1475,good,3.169119078719409,0.0001778649860415428,True
5.247999999999644,2,1476,good,4.254124024266605,0.06420532894465089,True
5.247999999999644,3,1474,good,4.850993130708902,0.02842271700445284,True
5.247999999999644,4,1482,wrong_size,11.197008259874494,0.012251999880500653,True
5.247999999999644,5,1475,good,3.2401622748742835,6.114248909911343e-05,True
5.251999999999644,2,1480,good,2.522841444683676,0.000601588757270842,True
5.251999999999644,3,1476,good,4.306460507088645,0.03228350843673714,True
5.251999999999644,4,1474,good,4.85098663178739,0.039906624460623506,True
5.251999999999644,6,1475,good,3.200277640076625,3.7152129766466635e-05,True
5.255999999999643,2,1480,good,2.591913840466055,0.0007320631619985535,True
5.255999999999643,3,1476,good,4.4505099785278865,0.03452114940510435,True
5.255999999999643,4,1474,good,4.854812891595418,0.007631827399490399,True
5.259999999999643,3,1480,good,2.4073258156576203,0.0006091712013566535,True
5.263999999999642,2,1485,good,2.376141827002659,0.0004533660493753504,True
5.263999999999642,3,1480,good,2.6024605921873714,0.0004480290320691816,True
5.267999999999642,2,1485,good,2.4808510696535846,0.0004767975890726544,True
5.271999999999641,6,1485,good,2.3504273581906996,0.0004357489725981534,True
5.275999999999641,2,1487,good,1.9686709187392353,2.3517400829405395e-05,True
5.2799999999996405,4,1487,good,1.9906532745502785,1.4543713041664275e-05,True
5.28399999999964,4,1493,good,2.674114422047613,0.0003893063441485952,True
5.28399999999964,5,1491,good,5.7335262934683895,0.002180026668187763,True
5.28399999999964,6,1489,good,5.394623554267711,0.0009259787674564555,True
5.28399999999964,7,1487,good,1.9772008882774927,1.932903458126657e-05,True
5.28799999999964,2,1486,good,7.993676316353434,0.30873737308601285,True
5.28799999999964,3,1484,good,2.3720454481050486,3.625499439914015e-05,True
5.28799999999964,4,1493,good,1.7501965696201265,0.0002883925581800403,True
5.28799999999964,5,1491,good,5.723888173516659,0.0019108095590064805,True
5.28799999999964,6,1489,good,5.374460738952604,0.0015726521471982155,True
5.291999999999639,2,1490,good,2.4002376343085317,0.001614671552734817,True
5.291999999999639,3,1494,good,2.8541242379670635,0.00013521800740072426,True
5.291999999999639,4,1486,good,6.117322796033216,0.011120461597761,True
5.291999999999639,5,1484,good,2.6555278778141944,8.143505123747539e-05,True
5.291999999999639,6,1493,good,2.590454442226191,0.00022810837865852772,True
5.291999999999639,7,1491,good,5.731533831337496,0.001500269516016651,True
5.291999999999639,8,1489,good,5.394585976188005,0.0011669695852938907,True
5.295999999999639,2,1498,good,2.4651131281379537,0.0007570092274313533,True
5.295999999999639,3,1490,good,2.412353382195152,0.001286289489665172,True
5.295999999999639,4,1494,good,3.849614003143435,0.02842940679582868,True
5.295999999999639,5,1486,good,5.448400223540897,0.001952061069892787,True
5.295999999999639,6,1484,good,2.574142227667528,6.412907012606505e-05,True
5.295999999999639,7,1493,good,1.402851241096746,0.00014393848082013656,True
5.299999999999638,3,1498,good,2.396570545188853,0.00030469646525828635,True
5.299999999999638,4,1490,good,2.4135303817923277,0.0007398590118668372,True
5.299999999999638,5,1494,good,2.567567634701868,0.0005452107324083769,True
5.299999999999638,6,1486,good,5.825490853527556,0.00803429522304709,True
5.303999999999638,3,1495,good,2.2558704744601936,0.00014078907491115077,True
5.303999999999638,4,1498,good,2.3520781629200913,0.00032498332560840866,True
5.303999999999638,5,1490,good,2.4154849127810625,0.0017605150767210011,True
5.303999999999638,6,1494,good,2.6010065818050303,0.0033939336236727654,True
5.3079999999996375,4,1492,wrong_size,10.498218001029592,0.0012270326252972342,True
5.3079999999996375,5,1495,good,2.2559626074430845,0.00014099542526702528,True
5.3079999999996375,6,1498,good,2.393756863398679,0.00015078833014026233,True
5.311999999999637,2,1502,good,2.9932517791722772,2.8469941178405476e-05,True
5.311999999999637,3,1499,good,3.3039311195903975,0.023211868069055133,True
5.311999999999637,4,1500,good,2.199209399151232,0.0026020018821445523,True
5.311999999999637,5,1492,wrong_size,10.439017855397884,0.0007510072744734572,True
5.311999999999637,6,1495,good,2.2958774183419055,0.0001546253997381408,True
5.315999999999637,3,1502,good,3.2941063099752745,6.118312289694346e-05,True
5.315999999999637,4,1499,good,3.1775937888883385,0.024110482907416356,True
5.315999999999637,5,1500,good,2.160086278341368,0.00262367552141147,True
5.315999999999637,6,1492,wrong_size,10.440530326506,0.0005040810840529682,True
5.319999999999636,2,1497,good,1.65479074115746,0.00023697413911928433,True
5.319999999999636,3,1502,good,3.2221349027343384,3.916711321793339e-05,True
5.319999999999636,4,1499,good,3.4179912189421744,0.031394621784823606,True
5.319999999999636,5,1500,good,2.1944563530583996,0.0018197932681869617,True
5.323999999999636,3,1503,good,1.803286347521828,0.00021444255841178753,True
5.323999999999636,4,1497,good,1.6193765744897457,0.0003211794023760868,True
5.323999999999636,5,1502,good,2.9954085438758917,2.6916171021758547e-05,True
5.327999999999635,3,1506,good,5.019867390339918,0.0339525946812574,True
5.327999999999635,4,1501,good,3.10606493846711,0.0002454457544463747,True
5.327999999999635,5,1503,good,1.7410625502655008,0.00011097921878577553,True
5.327999999999635,6,1497,good,1.7039428489720774,0.00011301071028552957,True
5.331999999999635,2,1505,good,5.570214430804648,0.0007081865570830754,True
5.331999999999635,3,1506,good,5.0067825214643396,0.019060118358795203,True
5.331999999999635,4,1501,good,3.1271526815190795,0.0004548198302747017,True
5.331999999999635,5,1503,good,1.8497928838062199,0.00012832711650287933,True
5.335999999999634,2,1505,good,5.853388507996509,0.00048827673306097374,True
5.335999999999634,3,1506,good,5.019057215000764,0.024644685665619274,True
5.335999999999634,4,1501,good,3.135400263920191,0.00013432908023388584,True
5.339999999999634,3,1507,good,2.546183164318604,0.0016841101170779434,True
5.339999999999634,4,1505,good,5.8464418333165185,0.00045353149287576734,True
5.339999999999634,5,1506,good,5.004265217814115,0.03835889184669556,True
5.3439999999996335,2,1511,wrong_size,8.16352838750612,0.00032441351297862183,True
5.3439999999996335,4,1507,good,2.3931751028234767,0.006391662163057902,True
5.347999999999633,2,1509,good,2.2933116150387955,4.6267445954248535e-05,True
5.347999999999633,3,1511,wrong_size,8.200896302139009,0.0003509624495096408,True
5.347999999999633,4,1507,good,2.296594774891313,0.0019327276978875333,True
5.351999999999633,2,1509,good,2.1697219715462652,7.317919645069845e-05,True
5.351999999999633,3,1511,wrong_size,8.647129371271108,0.004247647164854283,True
5.351999999999633,4,1507,good,2.2463404967106917,0.0024419171049698324,True
5.355999999999632,4,1509,good,2.289972775565326,3.1120368386502937e-05,True
5.359999999999632,4,1513,wrong_size,9.911032719091514,0.0004972851254945015,True
5.359999999999632,5,1508,odd_colour,152.39089641148703,0.975388167212689,True
5.363999999999631,5,1504,good,4.721682525282195,0.8359574996287851,True
5.363999999999631,6,1516,good,1.9757532550431622,0.0001012022301524262,True
5.363999999999631,7,1513,wrong_size,9.881348690221026,0.0006429228665215357,True
5.363999999999631,8,1508,odd_colour,151.35272105186326,0.9657655304309867,True
5.367999999999631,2,1517,good,4.5727268999233095,0.006980301728012867,True
5.367999999999631,3,1518,wrong_size,13.04883795102631,0.016514426256288538,True
5.367999999999631,4,1510,good,2.379509141968859,3.928406873213019e-05,True
5.367999999999631,5,1504,good,4.478159641904311,0.999111873183458,True
5.367999999999631,6,1516,good,1.970147118507488,5.89701965062403e-05,True
5.367999999999631,7,1513,wrong_size,9.875590607825798,0.0009805738966112013,True
5.367999999999631,8,1508,odd_colour,153.57300543264927,0.8300910581545136,True
5.37199999999963,4,1517,good,4.561669716706442,0.008333436076829239,True
5.37199999999963,5,1518,wrong_size,13.069238525829935,0.017668537741148495,True
5.37199999999963,6,1510,good,2.3261362753840413,3.2382007039058283e-05,True
5.37199999999963,7,1504,good,4.631991700508302,0.6116818577932471,True
5.37199999999963,8,1516,good,2.0230490912705608,0.00012077276000567488,True
5.37599999999963,4,1523,plastic_chip,23.585895408539706,0.7857704674048691,True
5.37599999999963,5,1514,good,2.8270524908632444,4.124880764114892e-05,True
5.37599999999963,6,1512,good,2.83738801407144,8.287602803608147e-05,True
5.37599999999963,7,1517,good,4.606081384340446,0.03382767257734726,True
5.37599999999963,8,1518,wrong_size,9.857935772454912,0.06185127529213573,True
5.37599999999963,9,1510,good,2.3902813177306808,2.6566326101217596e-05,True
5.3799999999996295,3,1520,good,2.112720319003534,0.02546953855463889,True
5.3799999999996295,4,1528,good,5.0249683124692845,0.9899472677119872,True
5.3799999999996295,5,1523,plastic_chip,23.80462108150571,0.7859179249059616,True
5.3799999999996295,6,1514,good,2.7698117991632905,3.464329595072565e-05,True
5.3799999999996295,7,1512,good,3.008912126249147,0.00012851804963015732,True
5.3799999999996295,8,1517,good,4.592726869178826,0.005969417521383795,True
5.383999999999629,3,1521,good,3.9966493832367602,2.010862111755099e-05,True
5.383999999999629,4,1520,good,2.08611182916149,0.010951452713512925,True
5.383999999999629,5,1528,good,4.9602281880574965,0.8865736983675956,True
5.383999999999629,6,1523,plastic_chip,23.836543674864753,0.845717562418706,True
5.383999999999629,7,1514,good,2.938340173668416,4.4091962370701964e-05,True
5.383999999999629,8,1512,good,2.9746218110776224,0.00039441594515003507,True
5.387999999999629,2,1515,good,2.6423698849897064,0.0015220531728033376,True
5.387999999999629,3,1521,good,3.5440452276545886,2.9086695678264624e-05,True
5.387999999999629,4,1520,good,2.3191961191044204,0.028394052301184088,True
5.387999999999629,5,1528,good,2.422515361695273,0.0010600998191641888,True
5.391999999999628,4,1515,good,2.6629841972090236,0.004385862020241871,True
5.391999999999628,5,1521,good,3.9969372678183235,2.012528567902294e-05,True
5.395999999999628,4,1524,wrong_size,10.164989021446198,0.007660521892723901,True
5.395999999999628,5,1519,good,3.0539452339391686,0.001410973682545809,True
5.395999999999628,6,1515,good,2.928755139484282,0.0028299934371360394,True
5.399999999999627,2,1522,good,2.855966283653722,0.004348680290233653,True
5.399999999999627,3,1530,good,3.8423810001542935,1.190799606722122e-05,True
5.399999999999627,4,1524,wrong_size,10.230755273681902,0.004188915358483266,True
5.399999999999627,5,1519,good,3.1725543606991433,0.0025848865673691857,True
5.403999999999627,2,1522,good,3.113916085532235,0.0017547024016529745,True
5.403999999999627,3,1530,good,3.8579851261862137,8.149116712763433e-06,True
5.403999999999627,4,1524,wrong_size,10.192498433880099,0.002430811643056092,True
5.403999999999627,5,1519,good,3.1828058893279456,0.001490115354782151,True
5.407999999999626,2,1525,good,1.4069488379183492,7.567105090749342e-05,True
5.407999999999626,3,1522,good,2.9370602106134664,0.0010853369071425166,True
5.407999999999626,4,1530,good,3.9184894605794183,7.074494233779551e-06,True
5.411999999999626,3,1525,good,1.4659546328107955,8.955225371672099e-05,True
5.411999999999626,4,1522,good,2.7528983866207994,0.001471300291703475,True
5.415999999999626,3,1531,good,2.8549174748621953,0.0008339161418604473,True
5.415999999999626,4,1525,good,1.4311116644269892,5.235715969149165e-05,True
5.419999999999625,3,1529,wrong_size,12.567083079784844,0.705151796777346,True
5.419999999999625,4,1531,good,2.9382186605383436,0.0010663434089155969,True
5.419999999999625,5,1525,good,1.423166338097651,3.161064218089407e-05,True
5.423999999999625,3,1537,good,2.1654237312369973,0.0003575378772477579,True
5.423999999999625,4,1526,good,4.5635742599363915,0.9130835800232836,True
5.423999999999625,5,1529,wrong_size,12.580153478004416,0.024864442261703673,True
5.423999999999625,6,1531,good,2.7865568886371226,0.00148104758952191,True
5.427999999999624,3,1532,good,3.077418601509831,0.00017872638046847659,True
5.427999999999624,4,1537,good,2.2438076961214324,0.005061533718178712,True
5.427999999999624,5,1526,good,4.601860387865635,0.9529379472404342,True
5.427999999999624,6,1529,wrong_size,11.353242778648582,0.1895153637948569,True
5.431999999999624,2,1527,good,3.913422676479067,0.00027459492714768254,True
5.431999999999624,3,1532,good,2.6893407345994906,0.00035192772429705433,True
5.431999999999624,4,1537,good,2.0848118416910357,0.000362338145047081,True
5.431999999999624,5,1526,good,4.576334147988613,0.9645617718985772,True
5.435999999999623,3,1536,good,3.40874458522559,0.055781972232332035,True
5.435999999999623,4,1538,good,3.5471303055437384,8.452706029299042e-05,True
5.435999999999623,5,1527,good,3.9079474171380055,0.0001992282028943041,True
5.435999999999623,6,1532,good,2.6582955819133103,0.00041191068569178073,True
5.439999999999623,4,1536,good,3.410474103538128,0.07397036348045367,True
5.439999999999623,5,1538,good,3.4757117171088407,2.4599654807158043e-05,True
5.439999999999623,6,1527,good,3.887988539285151,5.131313730611509e-05,True
5.4439999999996225,2,1542,good,3.127934819490795,0.0001129401962382506,True
5.4439999999996225,3,1534,wrong_size,13.191105535718087,0.9897436392128914,True
5.4439999999996225,4,1541,good,2.532521882223233,5.5848297582291306e-05,True
5.4439999999996225,5,1547,good,3.274982505291712,0.0021151639472220384,True
5.4439999999996225,6,1536,good,3.437458293325545,0.11709291824451484,True
5.4439999999996225,7,1538,good,3.394764933795894,5.922103107020216e-05,True
5.447999999999622,3,1535,good,2.4569664417863843,0.0003437193603309266,True
5.447999999999622,4,1542,good,2.374496378554255,0.00034558798201374697,True
5.447999999999622,5,1534,wrong_size,13.839665140150935,0.12043741298582535,True
5.447999999999622,6,1541,good,2.5103744424116137,3.4248075040338914e-05,True
5.447999999999622,7,1536,good,3.4558091829998703,0.04098559174178785,True
5.447999999999622,8,1547,good,7.045478020186046,0.0023185958362345366,True
5.447999999999622,9,1538,good,3.418573920004885,2.05464152363819e-05,True
5.451999999999622,3,1533,good,2.5460330223966734,0.0006950491495401787,True
5.451999999999622,4,1535,good,2.4912552565723356,0.0002667578193024268,True
5.451999999999622,5,1542,good,2.4921484358358494,9.635166531902923e-05,True
5.451999999999622,6,1534,wrong_size,13.08095485527917,0.9820695106168681,True
5.451999999999622,7,1541,good,2.5216791727195456,5.3337540731140624e-05,True
5.455999999999621,2,1539,good,5.497335348904198,0.0056075529767254904,True
5.455999999999621,3,1533,good,2.48196826935439,0.0009392616477396534,True
5.455999999999621,4,1535,good,2.4545765917697118,0.0006766146488558112,True
5.459999999999621,3,1545,good,3.324461898180145,0.0007772873735563315,True
5.459999999999621,4,1544,good,3.6763774629380355,0.0016426546087449597,True
5.459999999999621,5,1539,good,5.517988234008844,0.004285105779584752,True
5.459999999999621,6,1533,good,2.4636901050072684,0.0005459635104429384,True
5.459999999999621,7,1535,good,2.4272578912770273,0.0006487418632595112,True
5.46399999999962,2,1546,odd_colour,187.14862086935034,0.9900613948570078,True
5.46399999999962,3,1545,good,3.669477133823471,0.0004310648386283741,True
5.46399999999962,4,1544,good,3.8112418188340675,0.0016016614733181242,True
5.46399999999962,5,1539,good,5.3646585726078655,0.0065251373225399265,True
5.46799999999962,4,1546,odd_colour,187.25882545124273,0.9990266741532207,True
5.46799999999962,5,1545,good,3.374186386805045,0.00022449836771326403,True
5.46799999999962,6,1544,good,3.6750803862630983,0.0003283929003633259,True
5.471999999999619,2,1543,good,2.820834560825617,0.00015053747420345668,True
5.471999999999619,3,1548,wrong_size,6.922354309853998,0.002622073414702444,True
5.471999999999619,4,1540,good,3.0510504815894866,0.001339696070313046,True
5.471999999999619,5,1546,odd_colour,188.7648986233291,0.9917242858760948,True
5.475999999999619,2,1543,good,2.8344265037456795,7.017508381890688e-05,True
5.475999999999619,3,1548,wrong_size,6.945248466731777,0.003014899239062908,True
5.475999999999619,4,1540,good,3.4680019880461157,0.0015525626081026168,True
5.4799999999996185,2,1543,good,2.8071553926770667,5.2837334834230616e-05,True
5.4799999999996185,3,1548,wrong_size,6.9586195481479285,0.0051906350203636525,True
5.4799999999996185,4,1540,good,3.373239438210321,0.0021377428575005556,True
5.483999999999618,5,1543,good,2.751082580516605,9.707489906329e-05,True
5.487999999999618,3,1550,good,2.679500879270825,0.12470541013568061,True
5.487999999999618,4,1549,odd_colour,501.369776190046,0.9972244470923206,True
5.487999999999618,5,1553,good,2.5674069416523295,0.0013326678568288794,True
5.491999999999617,2,1551,good,4.857563657557439,1.1833254708590758e-05,True
5.491999999999617,3,1550,good,2.653479608736854,0.06206496139906562,True
5.491999999999617,4,1549,odd_colour,505.87443788416925,0.9957165186226032,True
5.491999999999617,5,1553,good,2.616550341655755,0.0011963064364583743,True
5.495999999999617,3,1557,good,2.5494160981799183,8.539389641803618e-05,True
5.495999999999617,4,1551,good,4.792738273991593,0.0001147831713605012,True
5.495999999999617,5,1550,good,2.6861230564694987,0.04528872696041765,True
5.495999999999617,6,1549,odd_colour,503.95069271726646,0.9970210999454476,True
5.495999999999617,7,1553,good,2.6633004785177774,0.0004839645265978515,True
5.499999999999616,3,1555,good,2.8929286659420566,7.444445722966585e-06,True
5.499999999999616,4,1554,good,2.799571524963406,6.528867304994884e-05,True
5.499999999999616,5,1557,good,2.611373860446246,0.0007157605163846939,True
5.499999999999616,6,1551,good,4.915280733419782,1.0567102171438741e-05,True
5.499999999999616,7,1550,good,2.729074048835718,0.4985562681847465,True
5.503999999999616,2,1559,good,3.996138043946597,5.8529126598055045e-05,True
5.503999999999616,3,1561,plastic_chip,23.396239901609775,0.1523128471647341,True
5.503999999999616,4,1555,good,3.345294426078085,4.003832394203262e-05,True
5.503999999999616,5,1554,good,3.099157044284754,6.073167404979464e-05,True
5.503999999999616,6,1557,good,3.352632134940023,0.0013732217144616337,True
5.507999999999615,3,1559,good,3.8976615190493704,3.424293821168662e-05,True
5.507999999999615,4,1561,plastic_chip,20.98230667547425,0.36193928141496884,True
5.507999999999615,5,1555,good,2.8604245871030733,1.4106042638350873e-05,True
5.507999999999615,6,1554,good,2.8129107426912325,4.957704212028179e-05,True
5.507999999999615,7,1557,good,2.9575227223913476,0.001258632049851504,True
5.511999999999615,3,1562,good,2.9846924498378424,0.0003219248867877622,True
5.511999999999615,5,1559,good,3.928971256308878,4.599278058778876e-05,True
5.5159999999996145,2,1558,good,1.7166703073494058,0.0004134196827277744,True
5.5159999999996145,3,1562,good,2.977461814364699,0.00040926435372838643,True
5.5159999999996145,4,1559,good,4.003006998688657,0.00029603729681509016,True
5.519999999999614,3,1567,good,3.4606469362028336,0.00015147318026948421,True
5.519999999999614,4,1558,good,1.7236683628050868,0.0005395149491602417,True
5.519999999999614,5,1562,good,3.02496982480765,0.00018842173614236454,True
5.523999999999614,2,1556,good,2.1725761000926966,3.152054539888847e-05,True
5.523999999999614,3,1567,good,3.4612375615699222,0.00012779592510660652,True
5.523999999999614,4,1558,good,1.8810161407507067,0.0015552241787753955,True
5.527999999999613,3,1556,good,2.1327791852136455,1.7911107004726492e-05,True
5.527999999999613,4,1567,good,3.5741996897139963,0.00018696760795085127,True
5.531999999999613,3,1560,good,2.9907031476579813,0.0024582725522672546,True
5.531999999999613,4,1565,good,2.513746720685016,0.0007111008441225297,True
5.531999999999613,5,1579,plastic_chip,22.223349807845167,0.4180009079485941,True
5.531999999999613,6,1556,good,2.0810122432294884,0.00010338505852950215,True
5.531999999999613,7,1567,good,3.583629352439764,6.334692856334826e-05,True
5.535999999999612,1,1564,odd_colour,308.9813530122271,0.9975517715647008,True
5.535999999999612,3,1568,good,1.6657994801373164,0.00010554670094520381,True
5.535999999999612,4,1560,good,3.0136933985424883,0.0023444247560292395,True
5.535999999999612,5,1565,good,2.880611896317274,0.001276259870428307,True
5.539999999999612,3,1564,odd_colour,308.1368630150457,0.9960260107145904,True
5.539999999999612,4,1568,good,1.3158923261890967,4.6067047230709115e-05,True
5.539999999999612,5,1560,good,3.0692306999122256,0.0008505044357549369,True
5.539999999999612,6,1565,good,2.756758649042317,0.0002017420296280957,True
5.5439999999996115,2,1563,good,2.157964157807871,0.0021066563611410365,True
5.5439999999996115,3,1564,odd_colour,316.093968055595,0.9886082248451661,True
5.5439999999996115,4,1568,good,1.3513767019667096,6.86828740763304e-05,True
5.5439999999996115,5,1560,good,3.279303081696242,0.0005113939124532778,True
5.5439999999996115,6,1565,good,2.829240629587254,0.00041816944227887853,True
5.547999999999611,2,1566,good,3.3806057224203765,0.004673163504419153,True
5.547999999999611,3,1563,good,2.184591385849291,0.010596444373017749,True
5.547999999999611,4,1564,odd_colour,320.01409325703844,0.9839515105139022,True
5.547999999999611,5,1568,good,1.4636134356040345,0.00015162077880505835,True
5.551999999999611,3,1566,good,3.3881940561314834,0.022248159018958973,True
5.551999999999611,4,1563,good,2.1844088168836175,0.005836972386700451,True
5.55599999999961,3,1569,wrong_size,7.308138756721259,0.003322137042131366,True
5.55599999999961,4,1566,good,3.5481943665795708,0.04331170959338038,True
5.55999999999961,3,1570,good,2.919004767406188,0.00022550338108975779,True
5.55999999999961,4,1573,good,1.7674776881103038,6.073020392028595e-06,True
5.55999999999961,5,1574,good,6.814580182634374,0.0021946633709000215,True
5.55999999999961,6,1569,wrong_size,7.305491637970876,0.0029382932015325556,True
5.55999999999961,7,1566,good,3.4974781805895554,0.01956102001079669,True
5.563999999999609,3,1585,plastic_chip,22.323419265696504,0.22901633092690585,True
5.563999999999609,4,1570,good,2.941641052934405,0.00013265449221684645,True
5.563999999999609,5,1573,good,1.7697826343745433,2.2609622965768804e-05,True
5.563999999999609,6,1574,good,3.215947211134238,0.0044773365399008915,True
5.563999999999609,7,1569,wrong_size,7.292991240518493,0.00398035514343853,True
5.567999999999609,2,1572,good,2.7416411414888744,5.8199493164523775e-05,True
5.567999999999609,3,1585,plastic_chip,22.388347510606756,0.22901633092690585,True
5.567999999999609,4,1570,good,2.4187786833086684,0.0001180686669422467,True
5.567999999999609,5,1573,good,1.4641618778229937,6.652462443198407e-05,True
5.571999999999608,2,1578,good,1.502966683700299,0.00398330850680699,True
5.571999999999608,3,1575,good,2.728527276111162,0.0009902620189846355,True
5.571999999999608,4,1572,good,2.2756716144600593,4.6656464829615766e-05,True
5.571999999999608,5,1585,plastic_chip,22.430210666151613,0.22788055848895322,True
5.571999999999608,6,1570,good,2.900468945185475,8.790430732939669e-05,True
5.571999999999608,7,1573,good,1.7971739096987183,1.7805262469406706e-05,True
5.575999999999608,3,1578,good,1.5044029188375032,0.13597625725206722,True
5.575999999999608,4,1575,good,3.0309200667946214,0.00034220999073892233,True
5.575999999999608,5,1572,good,2.4095961779432744,4.527795425841142e-05,True
5.5799999999996075,2,1576,good,3.9204698863367047,0.000804599529732737,True
5.5799999999996075,3,1575,good,2.703110674440938,0.0005562624663471859,True
5.5799999999996075,4,1578,good,1.5154567648219455,0.008387824261161478,True
5.583999999999607,2,1576,good,3.8950517545248733,0.000427099349371891,True
5.583999999999607,3,1575,good,2.781758488109201,0.00011181560263713784,True
5.583999999999607,4,1578,good,1.5116830542548787,0.0751152586064903,True
5.587999999999607,4,1576,good,3.773756877854825,0.00025099150813621713,True
5.591999999999606,2,1581,good,3.3475970671950535,4.1923741253585576e-05,True
5.591999999999606,3,1587,odd_colour,233.5917361653482,0.9778251801199421,True
5.595999999999606,2,1590,good,3.534504439321901,0.00032644923889694013,True
5.595999999999606,3,1581,good,3.288371953537624,0.0001125154737301533,True
5.595999999999606,4,1587,odd_colour,230.10809272522505,0.9874057964564007,True
5.599999999999605,6,1590,good,3.556236289674956,0.00012060897460308093,True
5.599999999999605,7,1581,good,3.384497301503934,7.721322100075742e-05,True
5.603999999999605,2,1584,good,2.4783508165735073,6.208668087295482e-05,True
5.603999999999605,3,1583,good,1.5359481022236865,0.0003325774454910513,True
5.603999999999605,4,1582,good,2.404587951461957,0.00014768182297092067,True
5.603999999999605,5,1580,good,3.0291587878984245,6.191546305050655e-05,True
5.603999999999605,6,1590,good,3.522153657787551,0.0003587748257790609,True
5.607999999999604,2,1586,odd_colour,249.5128618436933,0.9708847355408812,True
5.607999999999604,3,1583,good,1.533682899367699,0.0006897876562871745,True
5.607999999999604,4,1584,good,2.7192380860288767,4.375334921040153e-05,True
5.607999999999604,5,1582,good,2.5300242832101913,0.00019118694315472393,True
5.607999999999604,6,1580,good,2.965916798100324,6.294318005881631e-05,True
5.611999999999604,4,1586,odd_colour,246.7941293747057,0.9757192773990161,True
5.611999999999604,5,1583,good,1.5784124247739295,4.2115261250884796e-05,True
5.611999999999604,6,1584,good,3.4512828712863692,0.00032393671343606986,True
5.611999999999604,7,1582,good,2.487782606293835,0.0005875505379793653,True
5.611999999999604,8,1580,good,2.9589740588229128,0.00030994882331562314,True
5.6159999999996035,3,1589,good,1.599170920861242,0.00019812901790990401,True
5.6159999999996035,4,1586,odd_colour,249.75656045842493,0.9570851226346739,True
5.619999999999603,2,1588,good,1.866304018729217,0.0001246706979876192,True
5.619999999999603,3,1589,good,1.6025331057932488,0.00017027690169277887,True
5.619999999999603,4,1597,good,6.928326602214168,0.06949146625074318,True
5.619999999999603,5,1586,odd_colour,249.05735721305487,0.967515645385926,True
5.623999999999603,3,1588,good,1.8657203920312402,0.00016403631316028495,True
5.623999999999603,4,1589,good,1.6317426932065953,6.950133643963308e-05,True
5.623999999999603,5,1597,good,4.115656527271321,0.08902460805431968,True
5.627999999999602,2,1596,wrong_size,11.276122985417981,0.30477613403978315,True
5.627999999999602,3,1588,good,1.717181668294124,5.364039477105302e-05,True
5.631999999999602,2,1596,wrong_size,11.60682802041641,0.37377189599728255,True
5.639999999999601,2,1592,good,3.6154841906940933,0.28784860354363684,True
5.639999999999601,3,1593,good,2.7607415577410355,0.00027507240108387836,True
5.639999999999601,4,1599,good,7.927113698735073,0.00041632823243403745,True
5.639999999999601,5,1600,good,3.3321233798974665,0.00016787322866513758,True
5.6439999999996004,3,1592,good,3.6593406455307482,0.2570393642243,True
5.6439999999996004,4,1593,good,2.7084523914885583,0.00028239342252516815,True
5.6439999999996004,5,1599,good,7.9257348494659245,0.0003569280443493986,True
5.6439999999996004,6,1600,good,3.55075813080056,0.0001716993931314082,True
5.6479999999996,3,1594,good,2.5927814708783004,0.0026767754290795533,True
5.6479999999996,4,1598,wrong_size,8.811400611201607,0.006537649617107981,True
5.6479999999996,5,1592,good,3.7073987219692697,0.3661807936897831,True
5.6479999999996,6,1593,good,2.6984153434037133,0.0003418092724275622,True
5.6479999999996,7,1599,good,7.932646232993695,0.0026613926111147936,True
5.6479999999996,8,1600,good,3.3444450580262144,0.00016149051194964771,True
5.6519999999996,3,1606,good,4.136260598665393,4.775339150557767e-05,True
5.6519999999996,4,1595,odd_colour,212.6704286560161,0.9474889451056006,True
5.6519999999996,5,1594,good,2.558019553346318,0.003338890677913342,True
5.6519999999996,6,1598,wrong_size,8.841672583496399,0.014937969952764576,True
5.6519999999996,7,1592,good,3.6157427949638694,0.26491465226032523,True
5.655999999999599,2,1601,good,5.947626150564047,0.001332523749565443,True
5.655999999999599,3,1606,good,4.2525428380180985,0.00010668528257502662,True
5.655999999999599,4,1595,odd_colour,211.40658695269596,0.935392147222498,True
5.655999999999599,5,1594,good,2.5850721020474348,0.0006658470978756141,True
5.655999999999599,6,1598,wrong_size,10.485263553160133,0.002851483332685233,True
5.659999999999599,3,1601,good,7.3271176427952565,0.00033886387040906753,True
5.659999999999599,4,1595,odd_colour,213.1596814889659,0.891365977641318,True
5.659999999999599,5,1606,good,4.28281828646234,2.676152572299832e-05,True
5.659999999999599,6,1594,good,2.583252390492399,0.0016368411474044138,True
5.663999999999598,3,1608,odd_colour,193.3662671047604,0.9801743151991237,True
5.663999999999598,4,1601,good,5.8327125562939806,0.0007617969479695638,True
5.667999999999598,4,1608,odd_colour,194.74626923249832,0.9758994936470009,True
5.671999999999597,4,1604,good,3.5041167895425094,0.00017744567293969014,True
5.671999999999597,5,1608,odd_colour,198.0397503616038,0.9952766525639274,True
5.675999999999597,3,1603,good,4.6478454282537385,4.127640345412448e-05,True
5.675999999999597,4,1607,good,2.5405976513042403,0.0069347842295462685,True
5.675999999999597,5,1604,good,3.643958673942202,0.0006843993851612989,True
5.6799999999995965,3,1607,good,2.5400369369301212,0.006969897401502727,True
5.6799999999995965,4,1604,good,3.5007129084514643,0.00048765808231413096,True
5.691999999999595,3,1610,good,3.0012215116441574,2.006495706081077e-05,True
5.691999999999595,4,1615,good,2.541055477532148,3.298932003907862e-06,True
5.691999999999595,5,1611,odd_colour,191.0131403034226,0.9870056440266872,True
5.691999999999595,6,1609,good,3.5023193747524473,0.0003463839655850782,True
5.695999999999595,2,1612,good,1.8512661412948883,0.002627570935085167,True
5.695999999999595,3,1610,good,2.9707912126533187,6.131075938871475e-05,True
5.695999999999595,4,1615,good,2.508786559617572,4.40488157372643e-06,True
5.695999999999595,5,1611,odd_colour,190.80504971122912,0.9881835795121248,True
5.695999999999595,6,1609,good,3.491714878922196,0.00037637837451925276,True
5.699999999999594,3,1612,good,1.768380514348379,0.007064890611447205,True
5.699999999999594,4,1615,good,2.5742885355956138,3.48585688900936e-06,True
5.699999999999594,5,1610,good,3.014617862404892,1.2295955898556544e-05,True
5.699999999999594,6,1611,odd_colour,191.204599820873,0.9975351860219566,True
5.699999999999594,7,1609,good,3.554091196380863,0.00020015381772414275,True
5.703999999999594,4,1618,good,2.222179616446547,3.7118469345272905e-05,True
5.703999999999594,5,1612,good,2.049830688943684,0.004330782577974958,True
5.703999999999594,6,1615,good,2.5478998638125168,4.777143577126303e-06,True
5.707999999999593,2,1614,odd_colour,150.21973808201022,0.9039098684866775,True
5.707999999999593,3,1617,good,2.6246173333804634,0.0010737486062865234,True
5.707999999999593,4,1620,wrong_size,9.370442609217443,0.002572571711502532,True
5.707999999999593,5,1618,good,2.189229975107365,0.00036517428582600366,True
5.711999999999593,3,1617,good,2.977330741920032,0.0005627179457283199,True
5.711999999999593,4,1614,odd_colour,148.2010985020177,0.9913488552739584,True
5.711999999999593,5,1620,wrong_size,9.373070375802168,0.004004545385994075,True
5.711999999999593,6,1618,good,2.2412491593440604,4.408893087072769e-05,True
5.7159999999995925,2,1619,good,1.6125480241665995,8.744386936234287e-05,True
5.7159999999995925,3,1617,good,2.688908795101149,0.0007466210297118107,True
5.7159999999995925,4,1614,odd_colour,149.39580291336088,0.9768677689788502,True
5.7159999999995925,5,1620,wrong_size,9.358574852837588,0.00719718461001625,True
5.719999999999592,2,1616,good,3.0858440294482,0.0014954147716485257,True
5.719999999999592,3,1619,good,1.5838432889194014,0.00041109919815455266,True
5.719999999999592,4,1617,good,2.826725324490604,0.00040456071314125773,True
5.723999999999592,2,1616,good,2.9184168900360756,0.010064126325761343,True
5.723999999999592,3,1619,good,1.5972672700014843,6.366195677291522e-05,True
5.727999999999591,2,1616,good,3.042242029270025,0.0002842308093816216,True
5.731999999999591,4,1622,good,2.394881945795997,0.0008403406666304094,True
5.731999999999591,5,1616,good,3.07759906560488,0.0007610703188588003,True
5.73599999999959,5,1635,good,4.596889288300832,0.0002917103927198435,True
5.73599999999959,6,1622,good,2.629579378059177,0.00046795301086069587,True
5.73999999999959,3,1630,good,2.7291645993372415,0.00015561804123156604,True
5.73999999999959,4,1628,good,1.6937834178839648,0.0031318552656855957,True
5.73999999999959,6,1635,good,4.608587395618722,0.0005713550096741596,True
5.73999999999959,7,1622,good,2.3572343901855946,0.0024908527238849897,True
5.743999999999589,6,1621,wrong_size,10.184282377062623,4.086052385637777e-05,True
5.743999999999589,7,1630,good,2.683860588440444,0.00039085882884011975,True
5.743999999999589,8,1628,good,1.6609815565406025,0.0011986806204121174,True
5.743999999999589,10,1622,good,2.3540807604725527,0.00047005953411676985,True
5.743999999999589,11,1635,good,4.655980455590586,0.00017985153961386,True
5.747999999999589,3,1629,wrong_size,6.962859906271468,7.398044341013064e-05,True
5.747999999999589,4,1632,good,2.9372441717071647,0.00019929147012310094,True
5.747999999999589,5,1623,good,3.494684838818705,0.0021302341598089937,True
5.747999999999589,6,1621,wrong_size,9.850090144399351,5.288474275154795e-05,True
5.747999999999589,7,1630,good,2.385446945928415,0.00018441434899136905,True
5.747999999999589,8,1628,good,1.657626731801647,0.0002139602284036004,True
5.7519999999995886,2,1625,plastic_chip,22.641883343082537,0.34882962665530204,True
5.7519999999995886,3,1629,wrong_size,7.049844353959602,0.0002589821414732246,True
5.7519999999995886,4,1623,good,3.4971540350667976,0.00013402597055551583,True
5.7519999999995886,5,1632,good,2.9503893167096793,0.0002445462637604122,True
5.7519999999995886,6,1621,wrong_size,9.873426726240197,4.546898626243268e-05,True
5.755999999999588,2,1625,plastic_chip,22.55100211009239,0.34882962665530204,True
5.755999999999588,3,1629,wrong_size,7.049431392140457,0.00010131671819400923,True
5.755999999999588,4,1623,good,3.5107980854337226,0.00010380796330422181,True
5.755999999999588,5,1632,good,3.1135710223871134,0.00022263648365886184,True
5.759999999999588,5,1625,plastic_chip,22.862614854056705,0.3505191305137442,True
5.763999999999587,2,1631,good,2.155520239929258,0.00033294657572259696,True
5.763999999999587,3,1641,good,2.720826905618544,0.0012338808110998814,True
5.763999999999587,4,1640,good,2.740272552625033,0.00025381550745345394,True
5.767999999999587,2,1638,good,3.843041859342094,0.09324138489276516,True
5.767999999999587,3,1648,plastic_chip,20.353379403665944,0.004881937190889293,True
5.767999999999587,4,1631,good,2.1312534121586193,0.0001539109510019551,True
5.767999999999587,5,1641,good,2.685906924530244,0.0002697869915709594,True
5.767999999999587,6,1640,good,3.1386454171560954,0.0003518781721969815,True
5.771999999999586,4,1636,good,1.7537605133354102,5.533944481530656e-05,True
5.771999999999586,5,1638,good,3.5584217433400496,0.008710514559941398,True
5.771999999999586,6,1631,good,2.091786039491667,0.00016776802000041012,True
5.771999999999586,7,1648,plastic_chip,20.994769532835893,0.607568170894096,True
5.771999999999586,8,1641,good,3.2230491492112425,0.00033539204685395827,True
5.771999999999586,9,1640,good,3.097561991334042,0.00040756798962500907,True
5.775999999999586,2,1637,wrong_size,7.337781255060588,0.008434311553603894,True
5.775999999999586,3,1634,good,2.317204983687734,0.00021669596436877964,True
5.775999999999586,4,1636,good,1.6798637310476414,4.5002415794774845e-05,True
5.775999999999586,5,1638,good,3.507185625599863,0.03257254447351896,True
5.7799999999995855,2,1637,wrong_size,7.182233710542284,0.006241340428378169,True
5.7799999999995855,3,1636,good,1.4270554033383644,0.0001417881615475962,True
5.7799999999995855,4,1634,good,1.7255492618167145,2.5017939417907916e-05,True
5.7799999999995855,5,1638,good,3.5300372337733963,0.010064063309012819,True
5.783999999999585,3,1637,wrong_size,7.08432099136523,0.01573399611179352,True
5.783999999999585,4,1636,good,1.4148029306182963,3.586221370051166e-05,True
5.783999999999585,5,1634,good,2.033725563121861,0.00013819631342622986,True
5.787999999999585,3,1644,good,3.8765930749855957,0.0030957389726641443,True
5.791999999999584,3,1645,good,2.4255048754656245,0.0009679883239486961,True
5.791999999999584,4,1644,good,3.865549556995124,0.001294179705430238,True
5.795999999999584,2,1642,wrong_size,11.12332779140357,0.001049670341475901,True
5.795999999999584,3,1645,good,2.4395527297132853,0.0002382095614597465,True
5.795999999999584,4,1644,good,4.043164870891091,0.0013917766444662644,True
5.799999999999583,3,1642,wrong_size,11.140043682689235,0.000741308141301188,True
5.799999999999583,4,1645,good,2.614196324374533,0.00018206428007579278,True
5.803999999999583,2,1647,good,3.243052325983712,0.00012169527934768173,True
5.803999999999583,3,1642,wrong_size,11.14659004468444,0.0007360016194841444,True
5.807999999999582,3,1649,good,3.7396374871451266,0.022077044725405514,True
5.807999999999582,4,1647,good,3.573804706430082,0.00012911491021956107,True
5.811999999999582,2,1656,good,3.4215003275844134,4.1676226599068996e-05,True
5.811999999999582,3,1649,good,3.462053516552213,0.036789434765096364,True
5.811999999999582,4,1647,good,3.043112445136236,0.00012670202693790432,True
5.8159999999995815,3,1646,good,2.649161558980429,5.090379726035044e-05,True
5.8159999999995815,4,1653,good,1.966556460394481,0.0034786858066619786,True
5.8159999999995815,5,1656,good,3.3863178204371622,4.134322669137162e-05,True
5.8159999999995815,6,1649,good,3.4980202762987704,0.0037514565131032914,True
5.819999999999581,2,1655,odd_colour,242.7629606986389,0.9791328397735107,True
5.819999999999581,3,1646,good,2.279404880479485,0.00020917290142662704,True
5.819999999999581,4,1653,good,2.042593398223952,0.11357521407080824,True
5.819999999999581,5,1656,good,3.7232314214106,7.765039542003114e-05,True
5.823999999999581,3,1655,odd_colour,243.99532403796084,0.9321353711426832,True
5.823999999999581,4,1646,good,2.4319619132692174,0.00014534015065554453,True
5.823999999999581,5,1653,good,1.9418890009204706,0.06349729651363854,True
5.82799999999958,3,1655,odd_colour,243.90136005917282,0.9751180239140068,True
5.82799999999958,4,1646,good,2.3214879215631705,4.088035318341039e-05,True
5.82799999999958,5,1653,good,1.9821645679404123,0.11483621514563296,True
5.83199999999958,3,1650,good,3.836040027531159,6.699925178911464e-06,True
5.83199999999958,4,1652,wrong_size,7.240393803174954,0.0033174229998886853,True
5.835999999999579,2,1651,odd_colour,235.18370182716674,0.9302283501829566,True
5.835999999999579,3,1650,good,3.76566067800821,1.822612426807525e-05,True
5.835999999999579,4,1652,wrong_size,7.264766253549391,0.0011864554985584975,True
5.839999999999579,2,1651,odd_colour,233.61992046130828,0.8506337184268743,True
5.839999999999579,4,1650,good,3.702697364669776,0.00011823739497001894,True
5.843999999999578,2,1654,good,2.035600239424925,6.93421340863135e-05,True
5.843999999999578,3,1657,odd_colour,129.79723056888656,0.9792355712981891,True
5.843999999999578,4,1651,odd_colour,239.2118526315012,0.8043910626484922,True
5.847999999999578,2,1654,good,1.9887081124982189,6.471222789343138e-05,True
5.847999999999578,3,1657,odd_colour,129.96416739967444,0.9121755613594628,True
5.8519999999995775,5,1654,good,2.1470567537116976,3.7216080874466464e-05,True
5.8519999999995775,6,1657,odd_colour,130.64132663616945,0.9060417427717868,True
5.855999999999577,4,1661,good,1.787768356468824,2.573769473888552e-05,True
5.855999999999577,5,1688,plastic_chip,24.020065886346874,0.29393469403310885,True
5.855999999999577,6,1654,good,2.020300921428284,4.256446781924911e-05,True
5.855999999999577,7,1657,odd_colour,130.8960801175254,0.9050653887974277,True
5.859999999999577,6,1664,odd_colour,156.06767899632777,0.7879904194748956,True
5.859999999999577,8,1661,good,2.0642097906053234,4.711133651588561e-05,True
5.859999999999577,9,1688,plastic_chip,23.871268147335538,0.2626052307700816,True
5.863999999999576,3,1662,good,3.7211934767008783,0.0056356265598940984,True
5.863999999999576,4,1670,good,2.381143582417556,0.0008057023953225365,True
5.863999999999576,6,1658,good,2.736311974140562,3.174984498202938e-05,True
5.863999999999576,7,1664,odd_colour,157.1526401502687,0.9614443409073502,True
5.863999999999576,9,1661,good,1.8065089188853019,8.604406947995406e-05,True
5.867999999999576,4,1663,odd_colour,247.7803787597726,0.9761667800927127,True
5.867999999999576,5,1666,wrong_size,11.56346877496703,0.0027483965476539866,True
5.867999999999576,6,1662,good,3.7379512904111607,0.004461770148661178,True
5.867999999999576,7,1670,good,2.620380561287295,0.003281212661398176,True
5.867999999999576,9,1658,good,2.920475562837631,2.5243525552968e-05,True
5.867999999999576,10,1664,odd_colour,157.33492638293305,0.97793082207232,True
5.871999999999575,3,1665,good,3.44205980598149,6.779066374990577e-05,True
5.871999999999575,4,1668,good,2.8222191513198136,0.00012474860427064133,True
5.871999999999575,5,1663,odd_colour,248.12704872572542,0.9694594525505886,True
5.871999999999575,6,1666,wrong_size,11.700608606889213,0.004355864576736981,True
5.871999999999575,7,1662,good,3.9018753745512194,0.004267264028393057,True
5.871999999999575,8,1670,good,2.4409336552478393,0.006992387999504967,True
5.871999999999575,9,1658,good,2.880645367643514,0.00017853380097360545,True
5.875999999999575,2,1679,good,4.015629647708466,0.0006653749185855964,True
5.875999999999575,3,1665,good,3.7646279294538094,0.0006293702598173837,True
5.875999999999575,4,1668,good,3.012545019554616,0.00048089503732084515,True
5.875999999999575,5,1663,odd_colour,244.1558111291802,0.9791330692919789,True
5.875999999999575,6,1666,wrong_size,11.691015755080388,0.004495218770078488,True
5.8799999999995745,2,1679,good,4.241475677342799,0.000643412071438513,True
5.8799999999995745,3,1665,good,3.3672560927287183,0.00016551361098741967,True
5.8799999999995745,4,1668,good,2.959401388927429,0.00039104522437591213,True
5.8799999999995745,5,1663,odd_colour,241.27073751593514,0.9806509487055898,True
5.883999999999574,2,1679,good,4.015726079376342,0.0007894605940527282,True
5.887999999999574,3,1667,good,3.9093323235248194,5.25896365620998e-05,True
5.891999999999573,2,1669,good,3.007132837910182,9.694378146155001e-05,True
5.891999999999573,3,1667,good,4.171583670951675,3.7429894482673515e-05,True
5.895999999999573,3,1669,good,3.042029523111751,0.0001126413780528933,True
5.895999999999573,4,1667,good,4.12134299506052,5.673878347832929e-05,True
5.899999999999572,3,1675,good,2.6128960166617268,0.0002797417479862888,True
5.899999999999572,4,1669,good,3.6411822811541494,0.0001311582307787985,True
5.899999999999572,5,1667,good,4.057046107792704,2.062667213216758e-05,True
5.903999999999572,3,1673,good,3.323480604915368,0.0003974140794359397,True
5.903999999999572,4,1675,good,2.2154040307839478,0.0004985396613459973,True
5.907999999999571,2,1671,odd_colour,111.15060214602829,0.9394712161932866,True
5.907999999999571,3,1673,good,4.9679921223905765,0.0002752971600006269,True
5.907999999999571,4,1675,good,2.1849809694770155,0.00069219760385557,True
5.911999999999571,3,1671,odd_colour,111.35354227764756,0.7962123181194917,True
5.911999999999571,4,1673,good,2.913506294771437,0.0009937095786622637,True
5.9159999999995705,2,1674,good,2.1080837054200217,0.0004348266113070842,True
5.9159999999995705,3,1671,odd_colour,110.72996640243065,0.932554914946641,True
5.91999999999957,3,1674,good,2.094261814680907,0.0007278437550256203,True
5.92399999999957,4,1683,good,1.9797314489558289,4.7626041393527435e-05,True
5.92399999999957,5,1686,good,2.275845462414655,0.004372657722071306,True
5.92399999999957,6,1674,good,2.071517686817565,0.0006930940164255248,True
5.927999999999569,2,1681,good,2.8530221428108136,0.04210379912775529,True
5.927999999999569,3,1690,good,2.54611000962721,0.0008367701092189659,True
5.927999999999569,4,1677,good,3.0856317693374526,0.0002581787132298488,True
5.927999999999569,5,1684,good,2.2614722232795437,0.00044595813442598406,True
5.927999999999569,6,1683,good,1.9316143273118258,2.3272640885838617e-05,True
5.927999999999569,7,1686,good,2.28784837973776,0.006437668368950104,True
5.927999999999569,8,1674,good,2.2610400793528735,0.00042637414305821396,True
5.931999999999569,2,1676,odd_colour,162.4604713367682,0.9696846106924045,True
5.931999999999569,3,1681,good,2.8641289405548527,0.02585451682346318,True
5.931999999999569,4,1690,good,2.5293299016531408,0.002532592860493237,True
5.931999999999569,5,1677,good,2.7570221603694542,0.0005129499888003924,True
5.931999999999569,6,1684,good,3.139002677528553,0.0002468190811367089,True
5.931999999999569,7,1683,good,2.082968233393113,8.61285309903228e-05,True
5.931999999999569,8,1686,good,2.0897942088702277,0.021656553180905477,True
5.935999999999568,3,1676,odd_colour,162.43904558271666,0.9492626648346935,True
5.935999999999568,4,1681,good,2.6124496792979786,0.0030111750644590844,True
5.935999999999568,5,1690,good,2.6412059745191736,0.00204186495837291,True
5.935999999999568,6,1677,good,3.02283508973176,0.00011192681123356124,True
5.935999999999568,7,1684,good,3.189830532240462,0.0003479346869495801,True
5.939999999999568,2,1682,good,2.2564167202691148,0.0007308140116783979,True
5.939999999999568,3,1691,good,2.6706015494085587,0.00024626026725115994,True
5.939999999999568,4,1676,odd_colour,163.31320743427088,0.7810039923138536,True
5.939999999999568,5,1681,good,2.6099194912875587,0.0017790256561449251,True
5.939999999999568,6,1690,good,2.642242370923653,0.002327903101195406,True
5.943999999999567,3,1682,good,2.2236778707153424,0.0007443948322198505,True
5.943999999999567,4,1691,good,3.1655337069293004,0.00023230521298067992,True
5.943999999999567,5,1676,odd_colour,163.05218312021842,0.7980309248431972,True
5.947999999999567,4,1680,good,2.732471877064164,0.010628646966457645,True
5.947999999999567,5,1682,good,2.304589763585918,0.0020478438154034914,True
5.947999999999567,6,1691,good,3.14621119772369,8.95780033851757e-05,True
5.9519999999995665,2,1694,good,2.321241682337285,0.00013762180386896466,True
5.9519999999995665,3,1685,good,3.89353215229429,0.0007660846365578876,True
5.9519999999995665,4,1680,good,2.823032790150598,0.22892378591497892,True
5.9519999999995665,5,1682,good,2.2570008404937787,0.00258160161310714,True
5.955999999999566,5,1689,good,2.944614569421642,0.007907936157242229,True
5.955999999999566,6,1694,good,2.3125596491862996,0.00010342804825550053,True
5.955999999999566,7,1685,good,4.139447940482895,0.00040942386457859574,True
5.955999999999566,8,1680,good,2.751713021350979,0.10064998861052842,True
5.959999999999566,2,1695,good,2.763620670701246,0.00047722778316225915,True
5.959999999999566,3,1701,good,4.97564276676705,0.004991322706159474,True
5.959999999999566,4,1693,odd_colour,247.9785900383592,0.9277691656238126,True
5.959999999999566,5,1689,good,2.9899251764931747,0.021291463465852648,True
5.959999999999566,6,1694,good,2.318125308965225,8.511986475379171e-05,True
5.959999999999566,7,1680,good,2.821240012945396,0.03297345870079743,True
5.959999999999566,8,1685,good,3.825071109813777,0.0007867389877420859,True
5.963999999999565,2,1695,good,2.987421563927081,0.0075022629868619845,True
5.963999999999565,3,1701,good,4.832910332156875,0.003761342917950338,True
5.963999999999565,4,1693,odd_colour,246.55850745272517,0.8887654464415189,True
5.963999999999565,5,1689,good,3.4807825142157296,0.012230156956963618,True
5.967999999999565,4,1695,good,2.9999170950624223,0.004002690300556545,True
5.967999999999565,5,1693,odd_colour,245.03760571542927,0.9461399220093245,True
5.967999999999565,6,1701,good,4.924636188322462,0.0012130469459780073,True
5.971999999999564,2,1692,good,4.953373148801283,0.0016983239812888024,True
5.971999999999564,3,1703,odd_colour,146.83425509571623,0.8995827151423876,True
5.971999999999564,4,1695,good,3.0152841401293324,0.003344514498672622,True
5.975999999999564,2,1692,good,5.159684301245493,0.0028780593533510768,True
5.975999999999564,3,1703,odd_colour,147.08636570756843,0.9514580192208342,True
5.979999999999563,3,1692,good,5.051124249412606,0.002734722119540846,True
5.979999999999563,4,1703,odd_colour,146.7270425962682,0.9448945360194739,True
5.983999999999563,7,1697,good,1.966542193388004,2.678436368240766e-05,True
5.987999999999563,2,1700,wrong_size,10.181083559924806,0.02799383150319763,True
5.987999999999563,3,1709,good,2.5244866796421945,0.00035494285361219375,True
5.987999999999563,4,1696,good,1.9772681786504465,0.00019571701900696203,True
5.987999999999563,5,1698,good,2.392387207421368,2.423181532143801e-05,True
5.987999999999563,6,1702,good,2.3668153461026797,4.926518443041689e-05,True
5.987999999999563,7,1697,good,1.8964373399985135,7.360447175258052e-05,True
5.991999999999562,2,1705,good,2.3208653766867444,0.0009417690315325452,True
5.991999999999562,3,1700,wrong_size,10.186861320328658,0.02802587901468958,True
5.991999999999562,4,1709,good,2.4447362359235867,0.000679128594320724,True
5.991999999999562,5,1696,good,1.9185759479967495,0.00021458485307340836,True
5.991999999999562,6,1698,good,2.461864451385001,1.4605835156737712e-05,True
5.991999999999562,7,1702,good,2.3735670234402626,6.317137063270844e-05,True
5.991999999999562,8,1697,good,2.238852412161949,0.00035169727238163834,True
5.995999999999562,2,1705,good,2.2723231449258745,0.0012463349720482362,True
5.995999999999562,3,1700,wrong_size,10.125003584276051,0.021972506336841797,True
5.995999999999562,4,1709,good,2.422152149854743,0.0008702238131459144,True
5.995999999999562,5,1696,good,1.9779965637458885,0.00013918488526859637,True
5.995999999999562,6,1698,good,2.789157512517569,2.5457441709401267e-05,True
5.995999999999562,7,1702,good,2.4132957665779093,5.616704987246149e-05,True
5.999999999999561,4,1705,good,2.2910253086297483,0.0008266234992510091,True
6.003999999999561,4,1707,good,2.3340759190413016,0.002441936842978125,True
6.00799999999956,2,1706,good,2.0816980975722483,0.0003456206761604625,True
6.00799999999956,3,1699,plastic_chip,22.888855745365824,0.5433385864722677,True
6.00799999999956,4,1707,good,2.388310701497351,0.003176038639945474,True
6.01199999999956,1,1711,good,2.6193327894213962,0.08062142871962108,True
6.01199999999956,3,1706,good,2.054157029162132,0.00028449332834186485,True
6.01199999999956,4,1699,plastic_chip,23.148343685597407,0.5090622552306765,True
6.01199999999956,5,1707,good,2.4387126928398275,0.14762635157548284,True
6.0159999999995595,2,1710,good,2.1643659036988265,2.4931806695149468e-05,True
6.0159999999995595,3,1712,good,2.0658873638595665,9.962696606292306e-05,True
6.0159999999995595,4,1711,good,2.490991180737593,0.07963857470191192,True
6.0159999999995595,5,1706,good,2.048047637573573,0.00013077146868606702,True
6.0159999999995595,6,1699,plastic_chip,23.000848052846912,0.6913018234538463,True
6.019999999999559,2,1710,good,2.355601427178842,2.533947351579633e-05,True
6.019999999999559,3,1712,good,2.0568876250089407,0.0008585440408664663,True
6.019999999999559,4,1711,good,2.630259442911883,0.11882586980710458,True
6.023999999999559,3,1710,good,2.166899987205493,1.339744641327513e-05,True
6.023999999999559,4,1712,good,2.032410279808629,0.0004662619163853966,True
6.023999999999559,5,1711,good,2.747103559035555,0.08243025867088802,True
6.027999999999558,3,1710,good,2.27379767164299,3.8734585395291444e-05,True
6.035999999999557,4,1713,good,1.8315401890322291,0.0017005446621769606,True
6.039999999999557,3,1717,wrong_size,8.290613832444437,0.0002893893054066113,True
6.039999999999557,4,1718,good,2.401911900241234,0.0003941154399305788,True
6.039999999999557,5,1713,good,1.919460116245668,0.0012728834577914842,True
6.043999999999556,2,1714,odd_colour,136.43722029622054,0.9731729906610683,True
6.043999999999556,3,1717,wrong_size,8.253977035409516,0.00028206221479754496,True
6.043999999999556,4,1718,good,2.5552664377582337,0.00029752618401635147,True
6.043999999999556,5,1713,good,1.9114023369021436,0.0007216409164017187,True
6.047999999999556,2,1714,odd_colour,136.91830243018853,0.9733587089868114,True
6.047999999999556,3,1717,wrong_size,8.278594028805538,0.00029660826115658336,True
6.047999999999556,4,1718,good,3.1045752103726896,0.0005657575761932694,True
6.0519999999995555,3,1714,odd_colour,135.6147430724179,0.9844664578788451,True
6.059999999999555,4,1722,good,4.245907144345529,0.0003039715324424772,True
6.059999999999555,5,1720,good,4.717376068863086,0.002682924729596947,True
6.063999999999554,3,1723,good,1.8244874354042084,0.00011716572243456736,True
6.063999999999554,4,1721,wrong_size,12.388511482916082,0.0005571490237089703,True
6.063999999999554,5,1719,good,3.5651683257275955,0.0019451738765738115,True
6.063999999999554,6,1722,good,4.252567547221769,0.0002481635921113171,True
6.063999999999554,7,1720,good,4.668606073268291,0.003071654629416733,True
6.067999999999554,2,1729,good,2.657124394842438,0.00039265635818798314,True
6.067999999999554,3,1723,good,2.0121786770099845,0.00014904812989279445,True
6.067999999999554,4,1721,wrong_size,12.332050055295568,0.0005389075226110939,True
6.067999999999554,5,1719,good,3.006218803704366,0.00393531667364414,True
6.067999999999554,6,1722,good,4.041692951693796,0.0002394758970900695,True
6.067999999999554,7,1720,good,4.599767188928088,0.0031387388333175307,True
6.071999999999553,3,1729,good,2.6832195352278227,0.0002669656274863397,True
6.071999999999553,4,1723,good,1.9565316553453567,0.00021658710055816286,True
6.071999999999553,5,1721,wrong_size,12.586709059290888,0.00043570381067471693,True
6.071999999999553,6,1719,good,3.2347662289288603,0.002650739654857025,True
6.075999999999553,2,1726,odd_colour,135.8001603904743,0.9441881432408716,True
6.075999999999553,3,1729,good,2.644001678986733,0.0007302551047770925,True
6.075999999999553,4,1723,good,1.757387055532507,0.0002429458436593677,True
6.079999999999552,2,1728,good,2.416129595055646,0.007307589027861273,True
6.079999999999552,3,1726,odd_colour,135.5001582191718,0.9628751600354302,True
6.083999999999552,2,1739,good,3.41164031778979,0.013950550950742024,True
6.083999999999552,3,1727,odd_colour,224.84844216107646,0.9835250082565431,True
6.083999999999552,4,1728,good,2.4270405311202117,0.0073414504038621054,True
6.083999999999552,5,1726,odd_colour,136.56191421430654,0.9076837272049708,True
6.0879999999995515,2,1727,odd_colour,223.2449259267067,0.9812289672887197,True
6.0879999999995515,3,1739,good,3.3730082315857457,0.060639978742020845,True
6.0879999999995515,4,1728,good,2.209963754240976,0.009977699390215233,True
6.091999999999551,2,1730,good,4.313267704622349,0.0005624180289454092,True
6.091999999999551,3,1727,odd_colour,223.8119156851661,0.9756302669922021,True
6.091999999999551,4,1739,good,3.4336674208299196,0.001290239284459851,True
6.091999999999551,5,1728,good,2.2259563344829756,0.005062049588501954,True
6.095999999999551,4,1730,good,3.987454963248713,0.00022550646364393744,True
6.095999999999551,5,1727,odd_colour,224.57715516269243,0.9811383318666591,True
6.09999999999955,3,1732,good,2.3117378982749606,0.00032052057164749917,True
6.09999999999955,4,1731,good,2.185335851746354,0.0010151108355063048,True
6.09999999999955,5,1730,good,3.850834899736046,0.0017185234565906145,True
6.10399999999955,2,1733,odd_colour,234.8139272154335,0.9426396627048708,True
6.10399999999955,4,1735,good,1.7033168716576816,2.9246071782748593e-05,True
6.10399999999955,5,1736,good,2.8043135469966716,0.003633405418811475,True
6.10399999999955,6,1732,good,2.2478779631422885,0.0001232373120282165,True
6.10399999999955,7,1731,good,2.2217396885381633,0.0004372960704622055,True
6.107999999999549,3,1745,good,4.76375408637095,0.003804514346558504,True
6.107999999999549,4,1738,good,3.4938602687563054,0.0011859825274501703,True
6.107999999999549,5,1735,good,1.6573808240025427,1.348001473884566e-05,True
6.107999999999549,6,1736,good,2.5109050709067393,0.0012421526432100764,True
6.107999999999549,8,1732,good,2.290709369133628,0.00023916296802342673,True
6.107999999999549,9,1731,good,2.2684678246868697,0.0004410646852878997,True
6.111999999999549,3,1742,odd_colour,143.47604918395376,0.9853971045995187,True
6.111999999999549,4,1745,good,4.272574882360874,0.011780392992506794,True
6.111999999999549,5,1733,odd_colour,232.3078576093498,0.978831406169358,True
6.111999999999549,6,1738,good,3.469278858678872,0.0009990245487747787,True
6.111999999999549,7,1736,good,2.564444402099413,0.0006774256967739585,True
6.111999999999549,8,1735,good,1.6511256947507722,1.7544076542438454e-05,True
6.111999999999549,9,1731,good,2.3189572538515906,0.0011847803782110596,True
6.1159999999995485,2,1744,good,4.048727648943989,0.003259734873794293,True
6.1159999999995485,3,1742,odd_colour,142.55514255620935,0.9860197419286546,True
6.1159999999995485,4,1745,good,3.182302499210653,0.06115680662208895,True
6.1159999999995485,5,1733,odd_colour,233.05224064478637,0.9711360487837795,True
6.1159999999995485,6,1738,good,3.489917135553964,0.001051960085838937,True
6.1159999999995485,7,1736,good,1.9426136362617323,0.0008223005267545116,True
6.1159999999995485,8,1735,good,1.6624327779000307,2.9448710351995487e-05,True
6.119999999999548,3,1744,good,3.8335948456575695,0.006834742266377417,True
6.119999999999548,4,1742,odd_colour,143.24667938209367,0.9833049049257816,True
6.119999999999548,5,1745,good,2.6281882112267043,0.34189624317831147,True
6.123999999999548,2,1740,good,1.98850118739927,0.0003173549318860601,True
6.123999999999548,3,1744,good,3.898996024260968,0.0006612430892087044,True
6.127999999999547,2,1746,good,2.620347862466295,4.121141664734434e-05,True
6.127999999999547,3,1737,good,2.423754491319482,0.0029372210913600743,True
6.127999999999547,4,1740,good,2.367254458283617,0.00032416618622657444,True
6.131999999999547,3,1746,good,2.088204151093904,0.00022416488233425224,True
6.131999999999547,4,1737,good,2.1555264129066654,0.0006637755821572894,True
6.131999999999547,5,1740,good,2.300120840316512,7.610346406179969e-05,True
6.135999999999546,5,1743,wrong_size,8.215923413324974,0.0005989592003232573,True
6.135999999999546,6,1746,good,2.085875564841259,0.00010049425736569821,True
6.135999999999546,7,1737,good,2.157778317992654,0.0007130808652625985,True
6.139999999999546,2,1750,good,3.9884314603919253,0.027091939927910313,True
6.139999999999546,3,1741,good,2.637787906767768,0.003649430436781139,True
6.139999999999546,4,1747,good,2.667715195846296,0.063391310299147,True
6.139999999999546,5,1743,wrong_size,8.210927690340826,0.0003469251637777932,True
6.139999999999546,6,1746,good,2.652311928017265,9.021241402892965e-05,True
6.143999999999545,2,1750,good,3.4745908981450255,0.01520705290874116,True
6.143999999999545,3,1741,good,2.7435291912319144,0.009355765470251663,True
6.143999999999545,4,1747,good,2.6910237840105173,0.03946111891733663,True
6.143999999999545,5,1743,wrong_size,8.22034510369713,0.0003312104713226078,True
6.147999999999545,4,1750,good,5.647276946212456,0.007248835921566628,True
6.147999999999545,5,1741,good,2.569604605373078,0.01194675560422307,True
6.1519999999995445,3,1751,good,3.033066257860167,0.001000692644277182,True
6.1519999999995445,4,1748,good,3.398038435809774,3.809346409093509e-05,True
6.155999999999544,2,1753,good,2.4199807176971007,7.932345000088024e-05,True
6.155999999999544,3,1756,good,3.1959613711861627,0.0009486193476110216,True
6.155999999999544,4,1748,good,3.381593055882074,3.918236679741404e-05,True
6.155999999999544,5,1751,good,2.9263654891768724,0.0018642309497608632,True
6.159999999999544,2,1749,good,4.341346348865719,0.0004540438670907895,True
6.159999999999544,3,1753,good,2.4231821257289043,7.935039406290166e-05,True
6.159999999999544,4,1756,good,3.2239657027272695,0.0016842384620518328,True
6.159999999999544,5,1748,good,3.3611105188833763,3.692610257205423e-05,True
6.159999999999544,6,1751,good,2.963290659348283,0.0032846204577025124,True
6.163999999999543,2,1749,good,3.5917511483616478,0.00020606283850128964,True
6.163999999999543,3,1753,good,2.41961397685446,0.00011063895795337833,True
6.163999999999543,4,1756,good,2.9272644600287516,0.0003339834873788012,True
6.167999999999543,2,1758,good,2.2677594514773713,0.00041764685068944156,True
6.167999999999543,3,1749,good,3.5673042645723894,0.00019519006369394756,True
6.171999999999542,2,1760,good,2.473880342185047,0.00017896399479558738,True
6.171999999999542,3,1758,good,2.291924870278809,0.0004079966459029301,True
6.171999999999542,4,1749,good,3.373660449877986,0.00010420987158231171,True
6.175999999999542,4,1757,good,1.763394714891618,0.00011276729702248931,True
6.175999999999542,5,1760,good,2.4628820246398893,0.000402758862373454,True
6.175999999999542,6,1758,good,2.3277618174717727,0.0002763491804162284,True
6.179999999999541,2,1755,good,4.348279746361238,0.005200470833878966,True
6.179999999999541,3,1752,good,2.4262479402852373,0.0006311293125977627,True
6.179999999999541,4,1757,good,1.7509189405026981,1.5027803119013579e-05,True
6.179999999999541,5,1760,good,2.6247631514133256,0.0001474883311010067,True
6.183999999999541,4,1755,good,4.369504315304019,0.008941213674791526,True
6.183999999999541,5,1752,good,2.5522662931045597,0.0008187004440067529,True
6.183999999999541,6,1757,good,2.2375270509647227,7.783673672446412e-06,True
6.183999999999541,7,1760,good,2.644407308539493,0.00024341152003497,True
6.1879999999995405,2,1759,good,1.8878248520150205,1.1243421675451523e-05,True
6.1879999999995405,3,1763,odd_colour,259.2756064939574,0.8086195043844094,True
6.1879999999995405,4,1755,good,4.365478374972583,0.005338287038863277,True
6.1879999999995405,5,1752,good,2.397868672105085,0.0016836935640372854,True
6.1879999999995405,6,1757,good,1.744662857068597,4.177228577593218e-05,True
6.19199999999954,3,1759,good,1.8736162791053619,2.8268468437565387e-05,True
6.19199999999954,4,1763,odd_colour,260.3706716724017,0.9668368083831809,True
6.19599999999954,2,1765,wrong_size,11.649898682789159,0.0016143456079107967,True
6.19599999999954,3,1759,good,1.845476628031976,2.8679192713424887e-05,True
6.19599999999954,4,1763,odd_colour,263.4861350509363,0.8146626671795227,True
6.199999999999539,5,1765,wrong_size,11.697447214761565,0.0015622826868959194,True
6.203999999999539,2,1764,good,2.0505969417131458,3.7660857044415636e-05,True
6.203999999999539,3,1761,good,5.9508973542872,0.00030457587432839334,True
6.203999999999539,4,1762,good,2.280589170238712,1.6056600715993984e-05,True
6.203999999999539,5,1765,wrong_size,11.698907557304668,0.0014612418403513999,True
6.207999999999538,2,1766,good,3.057638688748372,0.0682817649415041,True
6.207999999999538,3,1764,good,2.1893906351512333,2.648310261196287e-05,True
6.207999999999538,4,1761,good,5.776966679175313,0.0007368172819951921,True
6.207999999999538,5,1762,good,2.836789601232682,1.6122392009803845e-05,True
6.211999999999538,2,1766,good,3.047607662795676,0.016949520433618578,True
6.211999999999538,3,1764,good,2.18121345665065,6.146645244562457e-05,True
6.211999999999538,4,1761,good,5.902749733252927,0.0007746162788555069,True
6.211999999999538,5,1762,good,2.2581491278627612,1.0348071948030412e-05,True
6.2159999999995375,2,1766,good,3.1036904449559475,0.06209884539256144,True
6.219999999999537,6,1766,good,3.1534638721008683,0.015327806030398631,True
6.223999999999537,4,1773,wrong_size,10.369640574725874,0.00034017431765280846,True
6.223999999999537,5,1771,good,2.552362153636391,9.042562254714489e-05,True
6.223999999999537,6,1770,good,2.1892883456469234,0.0005032048502949931,True
6.223999999999537,7,1767,good,3.6756563928410464,0.014266835285174669,True
6.227999999999536,3,1785,plastic_chip,22.073143224547646,0.18352838850286163,True
6.227999999999536,4,1769,wrong_size,7.510057180571181,0.002390342496766573,True
6.227999999999536,5,1771,good,2.470143377831018,0.00010622668623537298,True
6.227999999999536,6,1773,wrong_size,9.486064583651217,0.0038798086708644202,True
6.227999999999536,7,1767,good,3.0657138750825523,0.009252621613309656,True
6.227999999999536,8,1770,good,2.1699028891822723,0.0005056679614688885,True
6.231999999999536,3,1776,good,2.138221920299299,0.0022962988413662592,True
6.231999999999536,4,1774,good,2.2342630209211114,1.1875384624960149e-05,True
6.231999999999536,5,1785,plastic_chip,21.907376574566417,0.22341149002394123,True
6.231999999999536,6,1769,wrong_size,7.823131510069451,0.003095475356157049,True
6.231999999999536,7,1771,good,2.399905648915219,0.0005730359786907338,True
6.231999999999536,8,1773,wrong_size,10.292624057294379,0.0020453510408542015,True
6.231999999999536,9,1767,good,3.1484046468825815,0.0073281414401135435,True
6.231999999999536,10,1770,good,2.3293835184119525,0.0004386204260795036,True
6.235999999999535,4,1775,good,1.611594153102151,0.00029848069476083307,True
6.235999999999535,5,1776,good,2.132555697830743,0.0033160119297577038,True
6.235999999999535,6,1774,good,2.3627592453356985,2.289592596274979e-06,True
6.235999999999535,7,1785,plastic_chip,21.627961314664788,0.2398585661620045,True
6.235999999999535,8,1769,wrong_size,7.521743626305957,0.02400322860043138,True
6.235999999999535,9,1771,good,2.5971259647986638,0.00014543223226264531,True
6.239999999999535,3,1772,good,2.9676825561906126,8.121729776129127e-06,True
6.239999999999535,4,1780,good,2.926220431024912,0.0007325179851322544,True
6.239999999999535,5,1775,good,1.599904875543541,0.0009706349852962836,True
6.239999999999535,6,1776,good,2.1493939059703937,0.004660893469812099,True
6.239999999999535,7,1774,good,2.2330957507648526,5.991377688743986e-06,True
6.243999999999534,3,1779,good,2.3665937932335845,0.0026244708674437894,True
6.243999999999534,4,1772,good,2.901156071351974,1.2610504251000435e-05,True
6.243999999999534,5,1780,good,2.832032659913254,0.0011574417967143774,True
6.243999999999534,6,1775,good,1.607614595488469,0.0014793747561852825,True
6.247999999999534,3,1777,odd_colour,258.7289472446637,0.9879360649258783,True
6.247999999999534,4,1779,good,2.2526432342553355,0.0015710237997288593,True
6.247999999999534,5,1772,good,3.374683223156111,1.1398246251864391e-05,True
6.247999999999534,6,1780,good,2.9820009904438756,0.011551355514008668,True
6.2519999999995335,2,1782,odd_colour,188.68776426684616,0.9501785121693674,True
6.2519999999995335,3,1781,good,2.3717685325467386,0.0003941066911146842,True
6.2519999999995335,4,1777,odd_colour,260.5152580101994,0.9847504471526801,True
6.2519999999995335,5,1779,good,2.3129909190181364,0.0003264438642335388,True
6.255999999999533,2,1782,odd_colour,187.1083952386844,0.9529856396096583,True
6.255999999999533,3,1781,good,2.3892158579453655,0.0013044555823141612,True
6.255999999999533,4,1777,odd_colour,260.43102006516847,0.9934319473838851,True
6.259999999999533,4,1782,odd_colour,188.1907904067116,0.9208660995194328,True
6.259999999999533,5,1781,good,2.3970149353851515,0.00025149892759694474,True
6.263999999999532,3,1783,good,4.083607968230694,0.04634399293479259,True
6.263999999999532,4,1789,good,2.6941553084920495,0.00022994190142428084,True
6.263999999999532,5,1782,odd_colour,186.0044396797712,0.9628981843518047,True
6.267999999999532,2,1786,wrong_size,11.69060105137293,0.00013134586815230007,True
6.267999999999532,3,1783,good,4.318465830724239,0.0653482804124806,True
6.267999999999532,4,1789,good,2.6760541056379363,0.00019170887847290031,True
6.271999999999531,4,1786,wrong_size,11.804929990877906,9.969938904941738e-05,True
6.271999999999531,5,1783,good,4.0252334501592,0.044384480017866705,True
6.271999999999531,6,1789,good,2.668636169432132,0.0002622190197000729,True
6.275999999999531,2,1784,odd_colour,186.65489220750217,0.9495418670406366,True
6.275999999999531,3,1792,good,2.4075463354996978,0.006608420349801197,True
6.275999999999531,4,1786,wrong_size,12.727636894946068,2.0281384017938648e-05,True
6.27999999999953,2,1784,odd_colour,188.0568809323929,0.9489747723132106,True
6.27999999999953,3,1792,good,2.6704844144677633,0.011469227609699739,True
6.28399999999953,3,1784,odd_colour,188.4655674183265,0.9532131171920176,True
6.28399999999953,4,1792,good,2.3767218665405028,0.012591483025496793,True
6.2879999999995295,2,1788,good,2.6485127084673743,0.00972896343238753,True
6.291999999999529,3,1788,good,2.4375548402402543,0.024134688309270794,True
6.295999999999529,4,1800,odd_colour,215.85584425598424,0.9705774314097555,True
6.295999999999529,5,1796,good,2.410454791254785,0.0006481409038194339,True
6.295999999999529,6,1788,good,2.4903920556509935,0.008021458975712907,True
6.299999999999528,3,1791,odd_colour,155.20650668310614,0.9461591065053475,True
6.299999999999528,4,1798,good,1.8401854806352238,0.0005057559033906318,True
6.299999999999528,5,1800,odd_colour,214.07179057316694,0.9806088563892439,True
6.299999999999528,6,1796,good,2.359991489685733,0.0006846321641491708,True
6.303999999999528,4,1793,good,1.7857495064634068,0.000567315193382649,True
6.303999999999528,5,1795,good,2.7642508704155726,0.0001979906439600483,True
6.303999999999528,6,1791,odd_colour,154.43982474463647,0.9821279712858249,True
6.303999999999528,7,1798,good,2.044615653916101,0.0007494327502327831,True
6.303999999999528,8,1800,odd_colour,216.75480116635387,0.9675604825300649,True
6.303999999999528,9,1796,good,2.4911113302416488,0.0001116989344476346,True
6.307999999999527,2,1794,good,1.955604638390849,9.913911703836821e-05,True
6.307999999999527,3,1790,good,3.6959419684051484,5.209494485775222e-05,True
6.307999999999527,4,1793,good,1.8311068215168556,0.0006116212968632028,True
6.307999999999527,5,1795,good,2.7757446177867404,0.00031774600363424106,True
6.307999999999527,6,1791,odd_colour,154.05826734384422,0.9898282661992294,True
6.307999999999527,7,1798,good,1.811335274051,0.0002675439794396644,True
6.307999999999527,8,1800,odd_colour,215.47963154076228,0.9682926621183964,True
6.311999999999527,3,1794,good,2.0994317018060595,0.0013491774179855637,True
6.311999999999527,4,1790,good,3.6588437289392366,6.365374362821587e-05,True
6.311999999999527,5,1793,good,2.4167684534399045,0.0011787538240620953,True
6.311999999999527,6,1795,good,2.7847829364615477,0.00013860423837238129,True
6.315999999999526,4,1794,good,1.9387400900778817,0.00044312120559707,True
6.315999999999526,5,1790,good,3.493268848157998,1.601102039286886e-05,True
6.315999999999526,6,1793,good,1.9231905994219287,0.00032864379207973545,True
6.319999999999526,2,1797,good,2.235810930241547,3.04517398273507e-05,True
6.319999999999526,3,1803,wrong_size,8.79528109310092,0.0008022330812823543,True
6.323999999999526,2,1797,good,2.1517900752134924,1.0409549419819788e-05,True
6.323999999999526,3,1803,wrong_size,8.736079555818325,0.0012890293197147802,True
6.327999999999525,2,1797,good,2.302704462231207,2.2612213176823842e-05,True
6.327999999999525,3,1803,wrong_size,8.732757673536447,0.0016764754461884718,True
6.331999999999525,4,1797,good,2.5189533880223287,1.008840234851067e-05,True
6.335999999999524,2,1806,good,2.9206610909473154,2.2906949222817888e-05,True
6.335999999999524,3,1804,good,2.062039443782937,0.0018049591622126483,True
6.339999999999524,3,1802,good,2.616655971258479,0.0007029482300933994,True
6.339999999999524,4,1806,good,2.919134807745648,1.752102852345783e-05,True
6.339999999999524,5,1804,good,1.9711860280127003,0.0018763398386572045,True
6.343999999999523,3,1808,good,2.3880055976334384,0.0020178005521720005,True
6.343999999999523,4,1801,good,3.07045789824518,0.013785514865969163,True
6.343999999999523,5,1802,good,2.6093331746327664,0.0006352457391063835,True
6.343999999999523,6,1806,good,2.91165246736537,2.787913962710434e-05,True
6.343999999999523,7,1804,good,2.117192408950742,0.002551234197225923,True
6.347999999999523,3,1811,good,2.124323069031843,7.53381592445102e-05,True
6.347999999999523,4,1810,good,1.8695611418994333,1.179926080270841e-05,True
6.347999999999523,5,1814,odd_colour,161.2653546886729,0.9404141729283403,True
6.347999999999523,6,1808,good,2.314491784986997,0.0011920689840221573,True
6.347999999999523,7,1801,good,3.1083208655951644,0.009506498130743788,True
6.347999999999523,8,1802,good,2.677737571132181,0.0008187356603007546,True
6.3519999999995225,4,1805,good,2.432352110470564,0.000728655679646327,True
6.3519999999995225,5,1811,good,2.1516045166166093,6.773515723397482e-05,True
6.3519999999995225,6,1810,good,1.9576510202547497,1.6663345599341963e-05,True
6.3519999999995225,7,1814,odd_colour,161.7650100012394,0.9569690694116885,True
6.3519999999995225,8,1801,good,3.1052006195636306,0.022826555640990558,True
6.3519999999995225,9,1808,good,2.2789386892776933,0.0007203462744575958,True
6.3519999999995225,10,1802,good,2.6519174448866485,0.0005985176831772182,True
6.355999999999522,2,1813,good,4.072253149301671,0.006227373447784369,True
6.355999999999522,3,1812,good,2.485716506940607,7.440294556956438e-05,True
6.355999999999522,4,1805,good,2.2942594090621222,0.0007251090086461835,True
6.355999999999522,5,1811,good,2.1735181829345107,5.999865355014871e-05,True
6.355999999999522,6,1810,good,2.308448374625853,3.0208696332321237e-05,True
6.355999999999522,7,1814,odd_colour,160.97479445766257,0.9582245920023978,True
6.355999999999522,8,1801,good,3.034407323274253,0.006370378988962392,True
6.359999999999522,3,1813,good,3.8085758568092776,0.06426557717641121,True
6.359999999999522,4,1812,good,2.3920526364606114,3.52527701435522e-05,True
6.359999999999522,5,1805,good,2.376349750243332,0.0005733015559343172,True
6.359999999999522,6,1811,good,2.1692660588343715,6.574712026600952e-05,True
6.359999999999522,7,1810,good,2.2874077230579486,4.479279926054051e-05,True
6.363999999999521,2,1809,good,3.391682220847042,0.0017485598568076886,True
6.363999999999521,3,1813,good,3.923515681875788,0.011378260665957672,True
6.363999999999521,4,1812,good,2.3836300902261636,4.0507900003412735e-05,True
6.367999999999521,2,1809,good,3.2056251541448897,0.0004234332730470991,True
6.37199999999952,3,1820,good,1.5925493746914536,3.100280282263378e-05,True
6.37199999999952,4,1809,good,3.1843721439897106,0.0002243379287193563,True
6.37599999999952,2,1815,good,2.7415643359944495,0.002113515568353813,True
6.37599999999952,3,1820,good,1.8645012806861432,2.6212992038612206e-05,True
6.379999999999519,3,1815,good,2.782679543765051,0.0016005090349087198,True
6.379999999999519,4,1820,good,1.6627224835345844,1.0412501891297697e-05,True
6.383999999999519,2,1818,wrong_size,11.071294732734433,0.0002308628997283041,True
6.383999999999519,3,1815,good,2.7632046979408385,0.0032699451227615585,True
6.383999999999519,4,1820,good,1.8027381810579743,1.5277798268001417e-05,True
6.3879999999995185,2,1818,wrong_size,11.04150690532688,0.0001911292849191891,True
6.391999999999518,3,1819,good,1.8723308355833757,6.675352190672692e-05,True
6.391999999999518,4,1818,wrong_size,10.940700303012267,8.41228714860119e-05,True
6.395999999999518,5,1827,good,2.7469053308643874,5.720106636648891e-05,True
6.395999999999518,6,1819,good,1.9463906265484128,4.8903612300793045e-05,True
6.399999999999517,3,1821,good,3.5715850513542566,0.004561072080194743,True
6.399999999999517,4,1822,good,2.672116497701476,0.0006887614075506286,True
6.399999999999517,5,1817,good,2.806380294571292,0.0025926563951134563,True
6.399999999999517,6,1827,good,3.107884651739361,0.0006846812715243508,True
6.399999999999517,7,1819,good,1.9516595530158105,5.106762997093093e-05,True
6.403999999999517,3,1816,wrong_size,11.669733920923553,0.0017560102457816183,True
6.403999999999517,4,1821,good,3.581558965143674,0.004935905780614451,True
6.403999999999517,5,1822,good,2.6578707793339746,0.00012647109462845773,True
6.403999999999517,6,1817,good,2.8216766377121867,0.0013108127021146426,True
6.403999999999517,7,1827,good,2.8056899624397795,0.00013456789063512721,True
6.403999999999517,8,1819,good,1.9691136767996713,8.052116341832597e-05,True
6.407999999999516,3,1826,good,2.0512806159956423,0.023458014167330767,True
6.407999999999516,4,1816,wrong_size,11.8561720709721,0.0013290230805071451,True
6.407999999999516,5,1821,good,3.849007391730664,0.0034773500155187782,True
6.407999999999516,6,1822,good,2.765653787011366,0.0006041371374892017,True
6.407999999999516,7,1817,good,2.8257176426588715,0.0012410592858681855,True
6.411999999999516,3,1823,wrong_size,9.129286577736353,0.0006948035262752782,True
6.411999999999516,4,1826,good,2.3974114082266818,0.14234765879231676,True
6.411999999999516,6,1821,good,3.867597373875251,0.004673213486127591,True
6.415999999999515,3,1824,good,2.7032421572910956,0.0006496796836096091,True
6.415999999999515,4,1825,good,3.0637301123553695,0.0341964908053096,True
6.415999999999515,5,1823,wrong_size,9.098534043610421,0.0006948316275996776,True
6.415999999999515,6,1826,good,2.1460591946382293,0.04108367023303424,True
6.419999999999515,3,1829,odd_colour,147.98470866470092,0.9021611923497411,True
6.419999999999515,4,1824,good,2.6561837107725683,0.00021554179576035835,True
6.419999999999515,5,1825,good,2.6180620771643888,0.006875337971043035,True
6.419999999999515,6,1823,wrong_size,9.088510899519646,0.0010428762817822975,True
6.4239999999995145,3,1830,good,12.111227682112299,0.09669874508767311,True
6.4239999999995145,4,1828,wrong_size,9.357337071780137,0.006115667919435187,True
6.4239999999995145,5,1829,odd_colour,147.86526233267773,0.897492665931643,True
6.4239999999995145,6,1824,good,2.748625247319442,0.0004954013451467166,True
6.4239999999995145,7,1825,good,2.6228878288065585,0.02454322039860589,True
6.427999999999514,3,1833,good,2.7991425669634404,0.0006817775154797016,True
6.427999999999514,4,1830,good,12.301479387880983,0.1063505149681622,True
6.427999999999514,5,1828,wrong_size,9.400571537288338,0.006213340589401754,True
6.427999999999514,6,1829,odd_colour,146.7231503425465,0.904989040469728,True
6.427999999999514,7,1824,good,2.696852238423709,0.0003682319529312953,True
6.431999999999514,2,1835,good,4.805543435853083,0.0001411631239598143,True
6.431999999999514,3,1836,wrong_size,10.852620701719822,0.0020772259767387917,True
6.431999999999514,4,1833,good,2.877776359132971,0.000696953509782977,True
6.431999999999514,5,1830,good,12.406152656071225,0.054489235718480855,True
6.431999999999514,6,1828,wrong_size,9.401660783751728,0.006210765085337503,True
6.435999999999513,2,1835,good,4.787589228302737,0.00015443021463207624,True
6.435999999999513,3,1836,wrong_size,10.771427065672334,0.005091711601690274,True
6.435999999999513,4,1833,good,2.7706006128998597,0.0004869810394687355,True
6.435999999999513,5,1830,good,13.145942177549264,0.06620270297139405,True
6.439999999999513,2,1835,good,4.784004367112945,0.000272193842176995,True
6.439999999999513,3,1836,wrong_size,10.84899549031983,0.002151082232736975,True
6.443999999999512,2,1837,good,2.520839661694028,0.0023690746328202685,True
6.447999999999512,3,1837,good,2.459311375093979,0.010272207987850826,True
6.4519999999995115,2,1838,good,3.9188059399514152,9.173114525138989e-05,True
6.4519999999995115,3,1837,good,2.4269935239165026,0.001787914991469159,True
6.455999999999511,3,1838,good,3.9965004684256744,0.00020983028618430457,True
6.455999999999511,4,1837,good,2.4785986844305197,0.0003376107365947553,True
6.459999999999511,3,1839,good,3.670935187706713,0.00027700298669951716,True
6.459999999999511,4,1838,good,4.034065186790966,0.00013656397024253407,True
6.46399999999951,3,1834,plastic_chip,23.356387658001925,0.3771945613038699,True
6.46399999999951,4,1839,good,3.7943995739268623,0.0006918544227780148,True
6.46799999999951,2,1840,good,2.754398120037441,2.7317668668733098e-05,True
6.46799999999951,3,1844,odd_colour,186.65519021093493,0.8087457249737002,True
6.46799999999951,4,1834,plastic_chip,23.407805099818983,0.3771998524444593,True
6.46799999999951,5,1839,good,3.812006445011933,0.00018121912342353914,True
6.471999999999509,3,1840,good,2.6474248211774296,0.0001230916643065747,True
6.471999999999509,4,1844,odd_colour,188.23648223963312,0.8674971535798529,True
6.471999999999509,5,1834,plastic_chip,22.88359702805762,0.3034778313631207,True
6.475999999999509,2,1842,good,8.022020115946695,0.027295242300396302,True
6.475999999999509,3,1840,good,2.7163651717310415,0.0001361982174121922,True
6.475999999999509,4,1844,odd_colour,191.9197873447586,0.8275015604603292,True
6.479999999999508,5,1852,good,5.277183967674279,0.005118464814588549,True
6.479999999999508,6,1842,good,8.110562927804676,0.012696365034444858,True
6.479999999999508,7,1840,good,2.8664270053673135,0.00019435390341341794,True
6.483999999999508,3,1855,wrong_size,8.919785839046616,0.0009098867061192214,True
6.483999999999508,4,1849,plastic_chip,22.425317698765646,0.658034475429753,True
6.483999999999508,5,1862,good,3.290937615527528,0.037529335648652025,True
6.483999999999508,6,1852,good,5.289662015438038,0.0050101458833970245,True
6.483999999999508,7,1842,good,8.0721395910494,0.01806018885276809,True
6.4879999999995075,3,1847,odd_colour,175.97740141530366,0.9937342342914866,True
6.4879999999995075,4,1853,good,3.773605872303592,5.046601855088753e-05,True
6.4879999999995075,5,1855,wrong_size,8.903789692522784,0.0008311432341661336,True
6.4879999999995075,6,1862,good,3.277628529721286,0.00614388323656067,True
6.4879999999995075,7,1852,good,5.305834458690442,0.0030641917860812283,True
6.4879999999995075,8,1849,plastic_chip,23.087053221632022,0.4056094483242772,True
6.491999999999507,2,1851,good,1.8767022424877007,0.00016140357177501266,True
6.491999999999507,3,1846,odd_colour,214.85628182645763,0.9766211316485622,True
6.491999999999507,4,1847,odd_colour,174.81755440055898,0.9938658286989828,True
6.491999999999507,5,1853,good,3.5762482681246675,1.8629222109176958e-05,True
6.491999999999507,6,1855,wrong_size,8.929475502452545,0.0005405217307775793,True
6.491999999999507,7,1852,good,5.28720049927372,0.0017503233028323248,True
6.491999999999507,8,1862,good,3.297624535072109,0.003008009256014694,True
6.495999999999507,2,1845,good,2.25720545584244,5.115559439109252e-05,True
6.495999999999507,3,1851,good,1.9241690372740585,5.2755430536223025e-05,True
6.495999999999507,4,1846,odd_colour,214.47917556179846,0.9874728067309743,True
6.495999999999507,5,1847,odd_colour,173.11944839824346,0.9980246259193727,True
6.495999999999507,6,1853,good,3.570583357609941,2.400211201486462e-05,True
6.499999999999506,2,1845,good,1.998694154525432,6.928773401004834e-05,True
6.499999999999506,3,1851,good,1.8589369570020562,0.00012503382667464774,True
6.499999999999506,4,1847,odd_colour,174.25074615518577,0.9928243298485092,True
6.499999999999506,5,1846,odd_colour,215.79633470246583,0.9802517471317539,True
6.503999999999506,2,1845,good,2.107075334169629,6.525482999521639e-05,True
6.503999999999506,3,1851,good,1.7394816631669066,0.00010750884919524613,True
6.507999999999505,4,1845,good,2.034353806549761,5.096679378325683e-05,True
6.511999999999505,3,1861,odd_colour,331.01674940181306,0.9642808677659529,True
6.511999999999505,4,1854,good,3.627254573097275,0.0024519374802848227,True
6.511999999999505,5,1856,good,1.9339063360613766,1.9857085393466668e-05,True
6.515999999999504,2,1865,good,1.8059529540107426,0.00016316538935259067,True
6.515999999999504,3,1860,good,2.3111271191537823,0.00015480765483125535,True
6.515999999999504,4,1861,odd_colour,326.06235287714964,0.95158863547141,True
6.515999999999504,5,1856,good,1.9466457515681876,1.9903835155527555e-05,True
6.515999999999504,6,1854,good,3.644355182948868,0.013096275208631493,True
6.519999999999504,2,1865,good,1.840626824592825,9.74279733429087e-05,True
6.519999999999504,3,1860,good,2.181573106037657,3.841124411696616e-05,True
6.519999999999504,4,1856,good,1.917655001439842,7.91049467042603e-05,True
6.519999999999504,5,1861,odd_colour,325.93584735557727,0.9643505764361103,True
6.519999999999504,6,1854,good,3.3931362779022547,0.0008931008513966456,True
6.5239999999995035,3,1865,good,1.8482318078669433,0.00013047557850901927,True
6.5239999999995035,4,1860,good,2.171671539059372,5.058417352480849e-05,True
6.527999999999503,2,1859,good,3.0167984318926973,4.00171365835352e-05,True
6.527999999999503,3,1868,good,2.3395658960377816,0.00018966840079632372,True
6.527999999999503,4,1864,good,4.947478368254714,0.01726480874642511,True
6.527999999999503,5,1865,good,1.830387409636274,0.0007587250309906514,True
6.531999999999503,3,1859,good,2.746482653598725,1.0018382417937958e-05,True
6.531999999999503,4,1868,good,2.464723000047257,6.429647732273888e-05,True
6.531999999999503,5,1864,good,4.973462025064935,0.05126010513826687,True
6.535999999999502,2,1850,good,2.6251026473004915,0.0006865794359557868,True
6.535999999999502,3,1859,good,2.745142696634619,1.1429259955813804e-05,True
6.535999999999502,4,1868,good,2.292096214220748,0.00012838116983286454,True
6.539999999999502,3,1850,good,2.6301607011667674,0.00035879039493953875,True
6.539999999999502,4,1859,good,2.988605747805598,6.427149662319962e-05,True
6.539999999999502,5,1868,good,2.1972827485350144,6.117056705527396e-05,True
6.543999999999501,2,1863,wrong_size,10.516147663928722,0.01817388326977717,True
6.543999999999501,3,1850,good,2.53716959981577,0.00010671438942171845,True
6.547999999999501,3,1863,wrong_size,10.557143143328581,0.022057646212561132,True
6.5519999999995004,4,1866,good,2.3747917021684763,0.00015884909793681138,True
6.5519999999995004,5,1863,wrong_size,10.450695716056625,0.02712645710733256,True
6.5559999999995,4,1867,wrong_size,11.219297662590897,0.0073586920919416895,True
6.5559999999995,5,1869,good,2.4268450653635933,0.001265337289912352,True
6.5559999999995,6,1866,good,2.202257562764784,0.0005343269745034531,True
6.5599999999995,2,1870,good,2.911168241645619,0.00041639887614511437,True
6.5599999999995,3,1876,good,2.6719690678222325,0.0013791701440096858,True
6.5599999999995,4,1873,good,2.294876416732978,0.0005925492394359687,True
6.5599999999995,5,1867,wrong_size,11.011341239246415,0.011545726179513821,True
6.5599999999995,6,1869,good,2.4379777057929948,0.0015834110171515459,True
6.5599999999995,7,1866,good,2.383098447509745,0.00037012241943871577,True
6.563999999999499,3,1870,good,2.1582722247366446,0.0001632103409021508,True
6.563999999999499,4,1869,good,2.4687347380222495,0.01097404548158026,True
6.563999999999499,5,1876,good,2.3413022795254825,0.0009807061607463494,True
6.563999999999499,6,1873,good,2.353381995713523,0.0021953774986362942,True
6.563999999999499,7,1867,wrong_size,11.032084377617739,0.003205869236110018,True
6.567999999999499,3,1872,good,3.5480420490901645,3.1170290767234795e-05,True
6.567999999999499,4,1870,good,2.5913339908765587,0.00015261515643312154,True
6.567999999999499,5,1869,good,2.464501350144347,0.008902322033352157,True
6.567999999999499,6,1873,good,2.3562063000359226,0.002129967854732409,True
6.567999999999499,7,1876,good,2.637043831776296,0.0015225501989534114,True
6.571999999999498,5,1875,good,1.943524740778486,0.0002611770702506471,True
6.571999999999498,6,1878,good,2.191481134308338,0.00031213927503902407,True
6.571999999999498,7,1872,good,3.136899329321129,3.410102458007637e-05,True
6.571999999999498,8,1870,good,2.1189983763940616,0.00016802650713110848,True
6.575999999999498,1,1841,good,4.096580677781702,0.0004029084326236421,True
6.575999999999498,3,1871,wrong_size,7.477737697806187,0.14577008550191148,True
6.575999999999498,4,1880,good,3.6392807117275296,0.00023851576342184494,True
6.575999999999498,5,1875,good,2.0809613271012375,0.0002827581231493367,True
6.575999999999498,6,1878,good,2.2036520900407357,0.00040315080434531747,True
6.575999999999498,7,1872,good,3.3251393674245664,5.690619163364287e-05,True
6.579999999999497,2,1841,good,3.69171165151503,0.00042086476202003715,True
6.579999999999497,3,1871,wrong_size,7.568533138114571,0.05994985614935666,True
6.579999999999497,4,1875,good,1.96380464424316,8.324045296523782e-05,True
6.579999999999497,5,1880,good,3.1272778047756327,0.0004761565796982143,True
6.579999999999497,6,1878,good,2.2364229003502487,0.0002596901384736085,True
6.583999999999497,4,1894,good,2.9432260212006174,0.0006680881691281358,True
6.583999999999497,5,1884,odd_colour,184.21487111641244,0.9724930100686838,True
6.583999999999497,6,1841,good,3.837226249518779,0.0007673671034981958,True
6.583999999999497,7,1871,wrong_size,7.5696196693796765,0.06436200174437588,True
6.583999999999497,8,1875,good,1.9608974893216076,6.431281932394493e-05,True
6.5879999999994965,3,1879,good,2.3663898750004146,0.0009300621406353824,True
6.5879999999994965,4,1881,wrong_size,10.17645885235185,0.00018224337761883432,True
6.5879999999994965,5,1841,good,3.571638717977798,0.0005122929393196978,True
6.5879999999994965,6,1884,odd_colour,185.51606829087456,0.9721484060168863,True
6.5879999999994965,7,1894,good,2.8301862463190224,0.00022344968283728272,True
6.591999999999496,1,1885,good,2.5343630203524423,0.003534613133970299,True
6.591999999999496,3,1877,good,1.670365286007907,0.0004054167992042111,True
6.591999999999496,4,1879,good,2.4483186573033286,0.0026480501980345383,True
6.591999999999496,5,1841,good,4.051071985198674,0.0011903274928119374,True
6.591999999999496,6,1881,wrong_size,9.975106869670668,0.00020273467475463787,True
6.591999999999496,7,1884,odd_colour,184.23106339904515,0.9696312983198769,True
6.591999999999496,8,1894,good,2.5250855464666606,0.004403856353899387,True
6.595999999999496,3,1887,good,3.6868535857605202,0.01532841084054648,True
6.595999999999496,4,1885,good,2.649991453863888,0.003012855928063213,True
6.595999999999496,5,1877,good,1.6767265684650876,0.0002989822192885725,True
6.595999999999496,6,1841,good,3.8416582792148195,0.0008362117358344644,True
6.595999999999496,7,1879,good,2.4931700994120614,0.03159417978124028,True
6.599999999999495,2,1883,good,2.2748999489995114,0.0003222305965148787,True
6.599999999999495,3,1887,good,3.514466220656028,0.10511034255370821,True
6.599999999999495,4,1885,good,2.7059788421546385,0.0020605481107421305,True
6.599999999999495,5,1877,good,1.686609997873737,0.00024122194634974565,True
6.599999999999495,6,1841,good,3.4806253166662002,0.00036388136356022444,True
6.603999999999495,3,1883,good,1.9801467477966308,0.00045691039142779717,True
6.603999999999495,4,1887,good,3.4235492150492033,0.14588189820053263,True
6.603999999999495,5,1885,good,2.6490265511656736,0.002441492919835089,True
6.603999999999495,6,1841,good,4.112804729383808,0.0007676988841477226,True
6.607999999999494,1,1888,good,4.06110175378387,0.0033325168015755423,True
6.607999999999494,3,1889,good,7.524696978402639,6.910919067669082e-05,True
6.607999999999494,4,1883,good,2.2768883098751407,0.000866826744318763,True
6.611999999999494,2,1892,good,4.7788484272359435,0.0009240366404847312,True
6.611999999999494,3,1882,good,2.4668107867213225,6.156464202408352e-05,True
6.611999999999494,4,1888,good,3.957940637875205,0.0028822198802809784,True
6.611999999999494,5,1889,good,7.207965466565327,6.833496108902962e-05,True
6.615999999999493,3,1892,good,4.75065135916205,0.002055976168186333,True
6.615999999999493,4,1882,good,2.4474425626902407,0.00010456658899427744,True
6.615999999999493,5,1888,good,3.972665484141694,0.003015220518903774,True
6.615999999999493,6,1889,good,7.248287534552622,0.00017261005938341587,True
6.619999999999493,2,1891,wrong_size,13.391728497790607,0.9977520299522324,True
6.619999999999493,3,1892,good,2.717154230645338,0.0678387293918216,True
6.619999999999493,4,1882,good,2.471550409958821,0.00021507380962201795,True
6.619999999999493,5,1888,good,3.9996708621237267,0.007165987879001146,True
6.6239999999994925,3,1891,wrong_size,15.091565141998492,0.9988603399335372,True
6.6239999999994925,4,1892,good,4.829561565763803,0.0025960339407696464,True
6.627999999999492,3,1898,good,2.07519313296192,0.0004113871261457289,True
6.627999999999492,4,1891,wrong_size,18.96819455302159,0.9997747575127046,True
6.631999999999492,2,1893,good,2.120765668538266,0.0022778192383042578,True
6.631999999999492,3,1898,good,1.6345315113892869,0.0002747319581787463,True
6.635999999999491,2,1893,good,2.0800727051859873,0.0009387824175035077,True
6.635999999999491,3,1898,good,1.7095622927048004,0.0005593713086910704,True
6.639999999999491,2,1893,good,2.106710972192924,0.0012695059723599395,True
6.64799999999949,5,1900,plastic_chip,20.689272932309997,0.2861096029494938,True
6.651999999999489,3,1896,good,3.7679749759157546,5.07343429450083e-05,True
6.651999999999489,4,1902,good,3.318117851225123,2.4895759454117844e-05,True
6.651999999999489,5,1901,good,6.546406614749643,7.274192326190184e-05,True
6.651999999999489,6,1900,plastic_chip,20.59720434696492,0.2795192380153814,True
6.655999999999489,3,1903,wrong_size,10.579534827735888,9.095615713421765e-05,True
6.655999999999489,4,1896,good,3.7691885554607354,6.167685900232504e-05,True
6.655999999999489,5,1902,good,3.308380257819095,2.391480680147806e-05,True
6.655999999999489,6,1901,good,6.555429760606886,0.00012875660594931752,True
6.655999999999489,7,1900,plastic_chip,20.865520436848076,0.2786922168232467,True
6.6599999999994886,3,1897,good,2.996297084354899,0.04129696352493812,True
6.6599999999994886,4,1904,good,2.0795985533285397,0.00015709233005830315,True
6.6599999999994886,5,1903,wrong_size,10.66713835854597,0.0002952135195684756,True
6.6599999999994886,6,1896,good,4.008627640580004,3.03783952686935e-05,True
6.6599999999994886,7,1902,good,3.3008527017807423,3.504735979061793e-05,True
6.6599999999994886,8,1901,good,6.620568945657083,4.04855113432839e-05,True
6.663999999999488,3,1908,good,2.5639973710108506,8.493197326993321e-05,True
6.663999999999488,4,1899,good,2.128300514599861,9.819330995340149e-05,True
6.663999999999488,5,1897,good,2.933459765005803,0.05506194563831264,True
6.663999999999488,6,1904,good,1.8115878103292702,0.0001485263851222028,True
6.663999999999488,7,1903,wrong_size,10.591798236216526,0.0003619199041668982,True
6.667999999999488,2,1911,good,4.083860121427138,7.822919851248978e-05,True
6.667999999999488,3,1909,good,2.409885022519502,0.0020017045379258384,True
6.667999999999488,4,1886,good,4.713075156039501,0.0039885449338353,True
6.667999999999488,5,1908,good,2.9907583413481866,6.282732132016545e-05,True
6.667999999999488,6,1899,good,2.749793000779794,8.516839452180601e-05,True
6.667999999999488,7,1897,good,3.2539765813203383,0.05266343239989258,True
6.667999999999488,8,1904,good,1.779627257724369,0.00012772841246722123,True
6.671999999999487,4,1911,good,4.057271668164428,1.8695995514777347e-05,True
6.671999999999487,5,1886,good,4.920978400022853,0.09723216201384649,True
6.671999999999487,6,1909,good,1.8235301610093293,0.0004104457835074004,True
6.671999999999487,7,1908,good,3.0104309949637664,4.725203264697314e-05,True
6.671999999999487,8,1899,good,2.204151122901522,0.00010053826886942283,True
6.671999999999487,9,1897,good,2.9814466460141005,0.05149278137665269,True
6.675999999999487,4,1917,good,2.527509360332857,0.04165867230557013,True
6.675999999999487,5,1911,good,4.040559357565523,2.230459420866648e-05,True
6.675999999999487,6,1886,good,5.276264259499258,0.01119370859719069,True
6.675999999999487,7,1909,good,2.137032925264882,0.0003430409111234055,True
6.679999999999486,3,1906,good,2.5286294088321464,8.59277135973438e-05,True
6.679999999999486,5,1917,good,2.6104302296161244,0.013945069698242234,True
6.679999999999486,7,1911,good,4.555482753728629,7.037340195412775e-05,True
6.683999999999486,1,1907,good,3.2265612429401243,0.0006667663277874106,True
6.683999999999486,4,1915,good,1.8463462912023936,0.00044846572703413493,True
6.683999999999486,5,1906,good,2.472245487819569,0.0002411136180321431,True
6.6879999999994855,2,1914,wrong_size,7.923016427827814,0.004905011952131334,True
6.6879999999994855,3,1907,good,3.2274749514511556,0.0007372659740928745,True
6.6879999999994855,4,1915,good,1.814646968697611,0.00031269390475831683,True
6.6879999999994855,5,1906,good,2.4777602967908217,0.0001767593759514886,True
6.691999999999485,2,1914,wrong_size,7.87112837818028,0.005416065681284164,True
6.691999999999485,3,1907,good,3.1930646872619426,0.00047105201152494405,True
6.691999999999485,4,1915,good,1.9365360683548378,1.5845955433363507e-05,True
6.695999999999485,6,1914,wrong_size,7.960198072040012,0.003007687142838519,True
6.695999999999485,7,1907,good,3.18747131966061,0.0005691428807295577,True
6.699999999999484,3,1905,wrong_size,8.993106118880624,0.0011541333447120572,True
6.699999999999484,4,1910,good,1.964567581590614,0.00043054176122341893,True
6.699999999999484,5,1923,good,2.202416172385269,2.7438916183440597e-05,True
6.699999999999484,6,1912,good,1.8632795945476504,3.428971663677008e-05,True
6.699999999999484,7,1921,good,1.5625173835136423,0.0034634494181451877,True
6.703999999999484,2,1905,wrong_size,9.131036200264026,0.0028918733851250045,True
6.703999999999484,3,1925,good,3.1045837398566305,0.0003697027864991735,True
6.703999999999484,4,1910,good,1.9668147169477421,0.00036289343431486644,True
6.703999999999484,5,1923,good,2.320119965197107,3.894375640338968e-05,True
6.703999999999484,6,1912,good,1.9029376898025134,3.11793730199441e-05,True
6.703999999999484,7,1921,good,1.6029034490264111,0.21899013765086764,True
6.707999999999483,2,1918,good,2.4517973420194816,0.001937967639609156,True
6.707999999999483,3,1905,wrong_size,9.027937566370225,0.001906182057927382,True
6.707999999999483,4,1923,good,2.298573378147413,9.633321448582428e-05,True
6.707999999999483,5,1910,good,1.970147728165246,0.0012112001244017883,True
6.707999999999483,6,1925,good,3.1561424477689384,0.0012500278302406992,True
6.707999999999483,7,1912,good,1.903931795385908,1.6439434600932515e-05,True
6.707999999999483,8,1921,good,1.5059152707928838,0.0010000747028534786,True
6.711999999999483,2,1918,good,2.171883616020019,0.00042775541673939287,True
6.711999999999483,3,1905,wrong_size,9.046596200844808,0.00884331488391901,True
6.711999999999483,4,1923,good,2.2943306214272465,3.447831956759008e-05,True
6.711999999999483,5,1910,good,2.316494285834484,0.0005371661519585851,True
6.715999999999482,2,1918,good,2.392459769468124,0.00011940699407812961,True
6.719999999999482,2,1918,good,2.2012841732779105,0.0002595018129821384,True
6.727999999999481,2,1928,good,4.09183062339934,0.07149984079547445,True
6.731999999999481,2,1928,good,4.170553708326627,0.8149733336259947,True
6.73599999999948,3,1928,good,4.070487791620385,0.08369885067862118,True
6.73999999999948,3,1924,good,2.927814736115977,4.4844815671810754e-05,True
6.73999999999948,4,1922,wrong_size,9.22984598499614,0.028151905638550672,True
6.743999999999479,2,1919,good,3.1694746667878597,9.657472163981325e-06,True
6.743999999999479,3,1922,wrong_size,9.180267361918064,0.025286198152830324,True
6.743999999999479,4,1924,good,2.4433982264869956,5.410293174666673e-05,True
6.747999999999479,4,1931,good,2.658624978318103,0.0006194123023343885,True
6.747999999999479,5,1919,good,3.2310668450712567,5.142724058931202e-06,True
6.747999999999479,6,1922,wrong_size,9.21750893055867,0.03467762037808097,True
6.747999999999479,7,1924,good,2.6258981977659293,0.0005714401355582553,True
6.751999999999478,2,1932,good,2.2273114929285485,0.00015296659096388285,True
6.751999999999478,3,1926,good,1.4928895349354665,1.3782466704719658e-05,True
6.751999999999478,4,1916,good,3.198125010720544,0.0374197986571499,True
6.751999999999478,5,1931,good,2.5279615544435234,0.00022822412346229455,True
6.751999999999478,6,1919,good,3.3567714153871835,3.143407672856481e-06,True
6.751999999999478,8,1924,good,2.3677017030503302,5.2686051932163576e-05,True
6.755999999999478,3,1916,good,3.1884175166748916,0.027459441209772686,True
6.755999999999478,4,1932,good,2.2304420046539652,4.91306414730633e-05,True
6.755999999999478,5,1926,good,1.5797178919202244,1.3521893117818139e-05,True
6.755999999999478,6,1931,good,2.622068253303682,0.0012769020404835869,True
6.7599999999994775,3,1927,good,3.2380765855309397,2.4691799622490154e-05,True
6.7599999999994775,4,1916,good,3.1682038381976443,0.1319946687241372,True
6.7599999999994775,5,1932,good,2.548121135707935,0.0001320329393674019,True
6.7599999999994775,6,1926,good,1.540331925525691,8.742736159375917e-06,True
6.7599999999994775,7,1931,good,2.6620809020073626,0.00048449911059853494,True
6.763999999999477,2,1934,wrong_size,12.442732003332273,0.05721076690789625,True
6.763999999999477,3,1927,good,2.8646546286045433,3.567814085106059e-05,True
6.763999999999477,4,1916,good,3.2144416517948056,0.07377285975823143,True
6.763999999999477,5,1926,good,1.5047593755205355,1.1149516284804704e-05,True
6.767999999999477,5,1934,wrong_size,12.428336902014761,0.09101075459749366,True
6.767999999999477,6,1916,good,3.264044113413685,0.07526707005530336,True
6.767999999999477,7,1927,good,3.254263851065288,3.381274578870416e-05,True
6.771999999999476,3,1941,good,3.601776413737406,8.315424983266676e-06,True
6.771999999999476,4,1929,odd_colour,156.11075260375299,0.9442367738866091,True
6.771999999999476,5,1938,good,4.038463499429965,0.0018175296588609012,True
6.771999999999476,6,1930,good,2.7820499638241576,7.851155727083972e-05,True
6.771999999999476,7,1934,wrong_size,12.353403124882062,0.05175336710968882,True
6.771999999999476,8,1916,good,3.2633914568595745,0.10120168644594382,True
6.775999999999476,4,1937,odd_colour,279.76045532515127,0.9779200484142889,True
6.775999999999476,5,1939,good,2.7845293831817424,0.00037531715804182416,True
6.775999999999476,6,1943,wrong_size,13.505848649843879,0.000350219393649248,True
6.775999999999476,7,1941,good,3.6698948601724553,2.4934839182851442e-05,True
6.775999999999476,8,1929,odd_colour,157.86919637227317,0.7898850263013139,True
6.775999999999476,9,1938,good,4.13047279813918,0.005899469153890679,True
6.775999999999476,10,1930,good,3.089205700884954,3.8793522603106135e-05,True
6.779999999999475,4,1940,good,2.234346080494178,0.0023659237209797588,True
6.779999999999475,5,1933,good,2.4861569323252923,0.00030387423014836704,True
6.779999999999475,6,1937,odd_colour,283.013656619249,0.9797473999122503,True
6.779999999999475,7,1939,good,2.8118049594945638,0.0005029396363380665,True
6.779999999999475,8,1943,wrong_size,13.380015124995124,0.00045410985562616444,True
6.779999999999475,9,1941,good,3.149078993949107,6.564582612976556e-05,True
6.779999999999475,10,1929,odd_colour,158.99563434386485,0.947244391377135,True
6.779999999999475,11,1938,good,4.1127820812074924,0.015002217087040708,True
6.779999999999475,12,1930,good,2.60050893811874,4.3658247866058036e-05,True
6.783999999999475,1,1935,plastic_chip,32.49634533359113,0.4693406651248603,True
6.783999999999475,4,1936,good,2.061999070877806,1.504892202168077e-05,True
6.783999999999475,5,1940,good,2.1711728636028345,0.00438245012884799,True
6.783999999999475,6,1933,good,2.3368194067020776,0.00020326598457726097,True
6.783999999999475,7,1937,odd_colour,282.8745663587157,0.9831785763213567,True
6.783999999999475,8,1939,good,2.8549797743468655,0.00020682025278433895,True
6.783999999999475,10,1941,good,3.688354351155985,1.701801436225848e-05,True
6.7879999999994745,2,1935,plastic_chip,32.31876635954164,0.4693406651248603,True
6.7879999999994745,3,1955,plastic_chip,24.165043544277463,0.444663730317199,True
6.7879999999994745,4,1936,good,2.017627391173271,6.23116940592822e-06,True
6.7879999999994745,5,1940,good,2.0705431858414296,0.0026380655812496693,True
6.7879999999994745,6,1933,good,2.453303571348862,0.004646874131755845,True
6.791999999999474,3,1935,plastic_chip,32.603091607987814,0.4718472334416235,True
6.791999999999474,4,1955,plastic_chip,24.086201841939534,0.4252308614620973,True
6.791999999999474,5,1936,good,2.032514577763948,1.4528571273147577e-05,True
6.795999999999474,2,1958,plastic_chip,23.501999188935137,0.41066510750195384,True
6.795999999999474,3,1935,plastic_chip,32.47140247526599,0.4716704497337343,True
6.799999999999473,3,1958,plastic_chip,23.465062686597307,0.3812693935114636,True
6.799999999999473,4,1935,plastic_chip,32.594132714502315,0.4567520323816076,True
6.803999999999473,3,1959,good,1.8024686942130907,1.7623672840601554e-05,True
6.803999999999473,4,1948,good,2.4851877181786617,0.0005949356341796587,True
6.803999999999473,5,1958,plastic_chip,23.357423782757557,0.41143327498756854,True
6.803999999999473,6,1935,plastic_chip,32.54794173970744,0.4569335158789466,True
6.807999999999472,5,1942,good,5.1159531051106315,0.0007037088303514308,True
6.807999999999472,6,1959,good,2.2390424264203865,1.0506462619215074e-05,True
6.807999999999472,7,1948,good,2.492225486801323,0.0005950407834687195,True
6.811999999999472,3,1952,good,3.4521638509667683,0.0016490741355462677,True
6.811999999999472,4,1963,good,3.963402291713262,0.000627954549412843,True
6.811999999999472,5,1951,good,2.6132874481871307,2.308022718113887e-05,True
6.811999999999472,6,1942,good,4.317718575592144,0.00040680757925428237,True
6.811999999999472,7,1948,good,2.4991955385545523,0.0005941961744025379,True
6.811999999999472,8,1959,good,1.7055031842079786,1.9251216185310822e-05,True
6.815999999999471,2,1946,wrong_size,12.167739553416466,0.0007137653964706315,True
6.815999999999471,3,1952,good,3.442803564541961,0.001363452184009107,True
6.815999999999471,4,1951,good,2.6002069714018337,2.0082816946007914e-05,True
6.815999999999471,5,1963,good,3.8541725912064493,0.0003495627524793732,True
6.815999999999471,6,1942,good,4.523414217723386,0.0005719851337393619,True
6.819999999999471,2,1954,good,2.590915911577475,0.00016264213241492568,True
6.819999999999471,3,1946,wrong_size,12.179836959727677,0.0008204854892592755,True
6.819999999999471,4,1952,good,3.4227082813480645,0.00022168922639370658,True
6.819999999999471,5,1951,good,2.4619555734909553,1.2206577280674184e-05,True
6.819999999999471,6,1963,good,3.689580534694027,0.002777065278699355,True
6.819999999999471,7,1942,good,4.464680070655228,0.000660246494911378,True
6.8239999999994705,3,1954,good,2.9120241272308243,0.00011698825494206087,True
6.8239999999994705,4,1946,wrong_size,12.229958086949754,0.0007832620177041497,True
6.82799999999947,4,1947,good,2.0178157360040565,7.657712100223657e-05,True
6.82799999999947,5,1949,good,4.490207181847053,0.0001419852927582655,True
6.82799999999947,6,1954,good,2.871540432172179,0.0001286201588448265,True
6.83199999999947,2,1950,good,2.7321013450388714,0.001459049060271944,True
6.83199999999947,3,1956,good,2.684894304020086,0.00043699854474805734,True
6.83199999999947,4,1947,good,2.102413001707159,3.5564095806468784e-05,True
6.83199999999947,5,1949,good,4.4840083431867335,0.0001714351620927981,True
6.83199999999947,6,1954,good,2.8905056484302363,0.00012163576200456825,True
6.835999999999469,3,1950,good,2.6853295083046445,0.0006386989470629292,True
6.835999999999469,4,1956,good,2.865664124379239,0.002138668588931714,True
6.835999999999469,5,1947,good,2.11537889089759,6.693115065176869e-05,True
6.835999999999469,6,1949,good,4.5732972111792,9.760731612547016e-05,True
6.839999999999469,2,1961,good,2.4886621397575412,0.0002127644895513076,True
6.839999999999469,3,1956,good,2.644719930680187,0.0048053485081042254,True
6.839999999999469,4,1950,good,2.30849749772622,0.045971501110920694,True
6.839999999999469,5,1947,good,2.0198998816168467,8.397682977954822e-05,True
6.843999999999468,4,1961,good,2.4991696949299294,0.00021928027602919579,True
6.847999999999468,2,1960,odd_colour,125.63963144239443,0.8604012816094437,True
6.847999999999468,3,1957,good,2.7227992372098244,0.0018305763923604304,True
6.847999999999468,4,1961,good,2.445901139214721,0.00017204416537102836,True
6.851999999999467,3,1960,odd_colour,125.68988371768583,0.9726047959525271,True
6.851999999999467,4,1957,good,2.7317046066373947,0.0012244609303149996,True
6.855999999999467,3,1965,good,1.6757829438305407,2.614237476396105e-05,True
6.855999999999467,4,1960,odd_colour,125.96593849885888,0.9714606994991474,True
6.855999999999467,5,1957,good,2.758863324954703,0.0013983730859535245,True
6.8599999999994665,4,1965,good,1.727559870369896,2.5862612456269284e-05,True
6.863999999999466,4,1965,good,1.6766285108992272,2.8224497687494928e-05,True
6.867999999999466,2,1962,good,4.428604378096459,9.222352335733933e-05,True
6.867999999999466,3,1976,good,5.551160076750028,4.0878874576954074e-05,True
6.871999999999465,4,1962,good,4.5056490145204275,8.853189002688732e-05,True
6.875999999999465,2,1945,odd_colour,332.19158104514815,0.988567850485068,True
6.875999999999465,3,1967,good,2.5099458440503324,0.00032773043253765563,True
6.875999999999465,4,1966,good,3.589589924578366,0.0004499048468180419,True
6.879999999999464,2,1945,odd_colour,331.6687741062143,0.9798826495847447,True
6.879999999999464,3,1967,good,2.518453706129206,0.0001814591103425092,True
6.879999999999464,4,1966,good,3.4359418959674364,0.00039545497211702116,True
6.883999999999464,3,1945,odd_colour,336.41285154485223,0.9907122907781352,True
6.883999999999464,4,1967,good,2.4939618337540113,0.0007296311648055027,True
6.887999999999463,3,1971,good,3.479337891628835,0.0014638935322705115,True
6.887999999999463,4,1969,good,2.1620649177259454,0.00014618950872885564,True
6.887999999999463,5,1945,odd_colour,335.3251370095028,0.9832157928733719,True
6.891999999999463,3,1968,odd_colour,150.1244259740276,0.9728551622831474,True
6.891999999999463,4,1973,good,2.2951332962058753,2.440931836064544e-05,True
6.891999999999463,5,1971,good,3.4477451043620797,0.00017595965862250213,True
6.891999999999463,6,1969,good,2.300037786537225,0.00045380843548653246,True
6.891999999999463,7,1945,odd_colour,329.65476252522143,0.9748364496115601,True
6.895999999999463,4,1977,good,2.9848935046876988,0.0012727742719008401,True
6.895999999999463,5,1968,odd_colour,147.4440382487202,0.9827065763093986,True
6.895999999999463,6,1973,good,2.0338418772968283,7.510556430480141e-06,True
6.895999999999463,7,1971,good,3.425684017942516,0.00022066682222028725,True
6.895999999999463,8,1969,good,1.9010213926291946,0.00015019229539042027,True
6.899999999999462,3,1974,odd_colour,227.11461062018753,0.9914635114720153,True
6.899999999999462,4,1972,good,2.7444048160591787,0.00010404377249084358,True
6.899999999999462,5,1977,good,3.003881780060149,0.0012083168255260233,True
6.899999999999462,6,1968,odd_colour,146.72097961503795,0.9179772587511746,True
6.899999999999462,7,1973,good,1.994981244946134,1.516828731627608e-05,True
6.899999999999462,8,1971,good,3.438674486324952,0.00014313154267842432,True
6.903999999999462,2,1964,good,2.1874846654233195,0.0001959649869883828,True
6.903999999999462,3,1974,odd_colour,227.50359664550678,0.9709926485109077,True
6.903999999999462,4,1972,good,2.7290063979175367,0.0001336041011538604,True
6.903999999999462,5,1977,good,3.0326669208133112,0.0016633000429431908,True
6.903999999999462,6,1968,odd_colour,146.18656946185112,0.9781962666992081,True
6.907999999999461,2,1964,good,2.2115784547662485,0.0003146426587144101,True
6.907999999999461,3,1974,odd_colour,225.5704779276856,0.9768468208600308,True
6.907999999999461,4,1972,good,2.6560831583182756,0.0013660226537101487,True
6.911999999999461,2,1964,good,2.2268808086427887,0.0037649840520364904,True
6.91599999999946,4,1978,good,7.79354273938087,0.00010656821504857503,True
6.91999999999946,2,1982,good,2.4048401578133243,5.916401996639675e-05,True
6.91999999999946,3,1979,good,2.4804865749532095,0.0014449500199467753,True
6.91999999999946,4,1975,odd_colour,193.71957062718678,0.8408526607254677,True
6.91999999999946,5,1978,good,7.802841652433561,0.0003077015760758517,True
6.9239999999994595,2,1980,good,2.3165559001785856,0.0009018384925086319,True
6.9239999999994595,3,1982,good,2.4112489496338165,9.4093308046636e-05,True
6.9239999999994595,4,1979,good,2.554535025495234,0.002327429926340406,True
6.9239999999994595,5,1975,odd_colour,193.20437165919842,0.9828667102433363,True
6.9239999999994595,6,1978,good,7.794732043249006,0.00020234184775443477,True
6.927999999999459,3,1984,good,3.5785250159111848,0.006527752520121528,True
6.927999999999459,4,1980,good,2.321077509897903,0.0013626232975040775,True
6.927999999999459,5,1982,good,2.1437106578190486,0.00029824315344685766,True
6.927999999999459,6,1975,odd_colour,192.8526662771092,0.9706517685662992,True
6.927999999999459,7,1979,good,2.572716522178864,0.0041212158585661445,True
6.927999999999459,8,1978,good,7.806142852441945,8.59371805513115e-05,True
6.931999999999459,2,1986,wrong_size,9.05434753886386,0.013410287017013368,True
6.931999999999459,3,1984,good,3.5754196186813894,0.005875801651708445,True
6.931999999999459,4,1980,good,2.3396533148815273,0.0020607413851408225,True
6.931999999999459,5,1975,odd_colour,195.0433207460156,0.9610050285597187,True
6.931999999999459,7,1979,good,2.617529276152071,0.0062511748660923645,True
6.935999999999458,2,1986,wrong_size,8.779305752224696,0.03602504083141522,True
6.935999999999458,3,1984,good,3.662055972172154,0.02795396990744416,True
6.943999999999457,4,1989,good,2.4598318366750846,4.548923713338549e-05,True
6.943999999999457,5,1988,good,2.1714976043579384,0.0032987055740633145,True
6.947999999999457,3,1991,good,2.7684814937121094,0.00014575547180748158,True
6.947999999999457,4,1983,wrong_size,9.542638407491271,0.0017893146728825736,True
6.947999999999457,5,1989,good,2.3115571279074403,4.116227083435159e-05,True
6.947999999999457,6,1988,good,2.5163885333182425,0.0060811009647085525,True
6.951999999999456,2,1994,good,2.6688154735462173,0.01596833540943049,True
6.951999999999456,3,1983,wrong_size,9.527382281578943,0.0026193379925596467,True
6.951999999999456,4,1991,good,2.5020286057327485,4.129185087988065e-05,True
6.951999999999456,5,1989,good,2.2832356154841826,0.0005770236999039395,True
6.951999999999456,6,1988,good,2.2318784589908063,0.005904114311034564,True
6.955999999999456,2,1990,good,2.900531392743303,0.004043641263977173,True
6.955999999999456,3,1994,good,3.0176370921857587,0.0056903633291569946,True
6.955999999999456,4,1983,wrong_size,9.419274995742914,0.0013886573125522247,True
6.955999999999456,5,1991,good,2.663560663320264,5.404877935988078e-05,True
6.9599999999994555,2,1990,good,2.9233359372649685,0.0007489760302563136,True
6.9599999999994555,3,1994,good,2.686690419254047,0.01837285132174364,True
6.963999999999455,2,1990,good,2.9189789830039823,0.00040700243456693095,True
6.967999999999455,3,1987,good,16.18820309750215,0.0008339816672437387,True
6.971999999999454,3,1987,good,16.106988248222383,0.02051177625394772,True
6.971999999999454,4,1997,good,4.109173484911897,0.0006408622609928277,True
6.975999999999454,3,1998,good,1.957762901151227,0.00012491615839806862,True
6.975999999999454,4,1987,good,16.089700932107373,0.03017336846802859,True
6.975999999999454,5,1997,good,4.143618287505222,0.0012203063833553741,True
6.979999999999453,3,2005,good,5.076868519975531,0.056943644482564414,True
6.979999999999453,4,1998,good,1.7575245983854735,0.00012912139907537328,True
6.979999999999453,5,1987,good,16.04007659984746,0.005364091411156552,True
6.983999999999453,3,2001,good,3.001845889916609,8.054939808386034e-06,True
6.983999999999453,4,1999,odd_colour,191.47235503051346,0.926213381265287,True
6.983999999999453,5,2005,good,3.4894835062803313,0.01589141571364536,True
6.983999999999453,6,1998,good,1.7521915671712038,0.0002330994508976896,True
6.987999999999452,2,2000,good,2.6923633089877144,0.0008205841343251571,True
6.987999999999452,3,1995,good,1.9115730053305315,0.00019007886600504672,True
6.987999999999452,4,2001,good,2.9081158025258818,1.98634650555291e-05,True
6.987999999999452,5,1999,odd_colour,190.9371615776246,0.9303043286703515,True
6.987999999999452,6,2005,good,3.55149305757208,0.10608680834434714,True
6.991999999999452,2,2000,good,2.6196932753509867,0.0012583836158303414,True
6.991999999999452,3,1995,good,1.8949272364858927,5.5836987401608345e-05,True
6.991999999999452,4,2001,good,2.888546954279054,0.00013700021451815644,True
6.991999999999452,5,1999,odd_colour,191.65428122269358,0.7128527331934457,True
6.9959999999994515,3,2004,good,2.450053003376809,0.0001282431429892364,True
6.9959999999994515,4,2003,good,1.724224985355341,6.064655365619961e-05,True
6.9959999999994515,5,2000,good,2.6883035813666845,0.010515730993146824,True
6.9959999999994515,6,1995,good,1.875424815462713,0.0001683539313164641,True
6.999999999999451,3,2006,odd_colour,362.2473599105889,0.9892349868370974,True
6.999999999999451,4,2004,good,2.3032888879950275,0.0002807441161243358,True
6.999999999999451,5,2003,good,1.7437836207349524,5.269224926485201e-05,True
6.999999999999451,6,2000,good,2.886874112104135,0.0017135695509389508,True
7.003999999999451,4,2024,good,3.2409247707646207,0.00033037822493439466,True
7.003999999999451,5,2002,good,2.0198838074257535,0.00021672805261750566,True
7.003999999999451,6,2004,good,2.3201643646167263,0.00021143795564103143,True
7.003999999999451,7,2003,good,1.7458443948084805,5.3047863324473714e-05,True
7.003999999999451,8,2006,odd_colour,353.6131182585694,0.985322352863691,True
7.00799999999945,2,1992,odd_colour,263.1982003863105,0.9790889211053384,True
7.00799999999945,3,2011,good,4.006985386677613,0.00022898337499345316,True
7.00799999999945,4,2024,good,3.317893094483878,0.00013920728267242174,True
7.00799999999945,5,2002,good,1.9814702146306062,0.0003215978755852861,True
7.00799999999945,6,2004,good,2.310609615636743,0.00011213115183029526,True
7.01199999999945,3,2009,odd_colour,320.2201773151365,0.9907633826180281,True
7.01199999999945,4,1992,odd_colour,265.9690274885139,0.9760771555391309,True
7.01199999999945,5,2011,good,3.9330164416406084,8.984830872543966e-05,True
7.01199999999945,6,2002,good,2.5664086325554107,9.884920363591773e-05,True
7.01199999999945,7,2024,good,3.2920361580414856,9.32965764451429e-05,True
7.015999999999449,2,2007,good,2.4529573443811827,6.367646130767957e-05,True
7.015999999999449,3,2009,odd_colour,324.4369640063716,0.9884772019139201,True
7.015999999999449,4,1992,odd_colour,268.4035554996,0.9765779446094385,True
7.015999999999449,5,2011,good,4.0509442349861695,9.348256961796334e-05,True
7.019999999999449,2,2015,good,1.5679746040336116,0.00032245550922688085,True
7.019999999999449,3,2007,good,2.6281470627951706,4.540694501761219e-05,True
7.019999999999449,4,2009,odd_colour,318.9358410381049,0.989199710807766,True
7.019999999999449,5,1992,odd_colour,269.4203332209525,0.9784011987949678,True
7.0239999999994485,2,2015,good,1.7346379114444455,9.821867465791222e-05,True
7.0239999999994485,3,2007,good,2.526965406424462,5.762140213290194e-05,True
7.0239999999994485,4,1992,odd_colour,268.6758272005276,0.9757234795966141,True
7.0239999999994485,5,2009,odd_colour,314.5291630285629,0.9895663685497897,True
7.027999999999448,2,2015,good,1.5174885888533238,0.0002295956907673894,True
7.031999999999448,2,2015,good,1.7839732259974963,6.187203965930692e-05,True
7.035999999999447,3,2012,good,2.6635983930092624,0.0002268399852001894,True
7.039999999999447,3,2023,odd_colour,243.16986594774002,0.9980198035972102,True
7.039999999999447,4,2013,good,4.598699033936209,4.193370530712044e-05,True
7.039999999999447,5,2020,odd_colour,161.06548788112906,0.9753983405360425,True
7.039999999999447,6,2012,good,2.6509582760439803,0.0007264783663118664,True
7.043999999999446,1,2018,wrong_size,12.775428265272556,0.264558228816757,True
7.043999999999446,4,2014,good,3.5055544559287073,0.0010283280059611962,True
7.043999999999446,5,2023,odd_colour,240.05784146401888,0.9965031387706093,True
7.043999999999446,6,2013,good,4.807671144309894,4.003704340378027e-05,True
7.043999999999446,7,2020,odd_colour,160.7421068440149,0.9651814963975843,True
7.043999999999446,8,2012,good,2.7114788510484193,0.00012301879509512068,True
7.047999999999446,2,2022,odd_colour,153.70203769820696,0.9351961833249218,True
7.047999999999446,3,2018,wrong_size,13.559223639881209,0.000495049133339862,True
7.047999999999446,4,2014,good,3.4952731488780477,0.0015505546457978462,True
7.047999999999446,5,2013,good,4.638568614660242,1.2850303500366014e-05,True
7.047999999999446,6,2023,odd_colour,242.97307541696975,0.9978891132003018,True
7.047999999999446,7,2020,odd_colour,159.9971427225928,0.9678359492992535,True
7.051999999999445,2,2022,odd_colour,153.60763426719075,0.9402534997587545,True
7.051999999999445,3,2018,wrong_size,14.754666698558507,0.0008695055006739285,True
7.051999999999445,4,2014,good,3.452565509758792,0.00024435505995616246,True
7.051999999999445,5,2013,good,4.2957103378869625,2.042915224506223e-05,True
7.055999999999445,2,2019,good,1.894182391341304,0.0010448435931109598,True
7.055999999999445,3,2022,odd_colour,155.01045317288626,0.9546083490786326,True
7.055999999999445,5,2014,good,3.556236906513621,0.004876044318174716,True
7.0599999999994445,3,2019,good,1.8532602195730394,0.0013105983927062961,True
7.063999999999444,4,2021,good,2.5587127565822727,0.002226684472423423,True
7.063999999999444,5,2019,good,1.9433751527741656,0.0019664230467818914,True
7.067999999999444,2,2027,odd_colour,199.14096061363486,0.9415687162010501,True
7.067999999999444,4,2028,good,2.1703092541207516,0.0003181507195977461,True
7.067999999999444,5,2021,good,2.5915949335817725,0.0009650090189804259,True
7.067999999999444,6,2019,good,1.7799496267798658,0.0007737861168756928,True
7.071999999999443,4,2027,odd_colour,201.27287155236394,0.9401531280378406,True
7.071999999999443,5,2028,good,2.197419353600389,0.00017815275348263476,True
7.071999999999443,6,2021,good,3.4782155846579093,0.007959588716741236,True
7.075999999999443,3,2025,good,2.885111258789564,0.009685272170729385,True
7.075999999999443,4,2029,good,3.898822087514617,0.0003194953202988075,True
7.075999999999443,6,2027,odd_colour,202.6883927151743,0.8539221527332773,True
7.075999999999443,7,2028,good,2.1869789134615836,0.00012973819206116662,True
7.079999999999442,1,2026,good,3.1557760162260085,1.2366684072420522e-05,True
7.079999999999442,3,2031,good,1.7552156865289432,0.00022629543911796186,True
7.079999999999442,4,2036,good,2.315661777055522,0.012026899082028527,True
7.079999999999442,5,2029,good,4.084224759660991,0.004347305149756807,True
7.079999999999442,6,2025,good,2.967840115699969,0.006764157778273449,True
7.079999999999442,8,2027,odd_colour,203.51395976276746,0.9403109484695337,True
7.083999999999442,4,2026,good,3.1516406197901587,2.688601407638417e-05,True
7.083999999999442,5,2031,good,2.0758490002580205,0.00012030381286706542,True
7.083999999999442,6,2036,good,2.231241108086766,0.0015803431382068313,True
7.083999999999442,7,2029,good,3.902687620598588,0.0003871139216189962,True
7.083999999999442,8,2025,good,3.0163462843845226,0.011603201082580844,True
7.087999999999441,2,2030,good,2.561316630761527,0.0002079678883947637,True
7.087999999999441,3,2032,good,1.7788690467409312,1.9657083565292203e-05,True
7.087999999999441,4,2026,good,2.999291500562819,1.2505811121158873e-05,True
7.087999999999441,5,2031,good,1.7912238645009093,0.000571567406287709,True
7.087999999999441,6,2036,good,2.0385797693241887,0.0034487005280597204,True
7.087999999999441,8,2029,good,3.8154465289721173,0.00042956965393967366,True
7.087999999999441,9,2025,good,3.029791944486346,0.008130562313316415,True
7.091999999999441,2,2030,good,2.3011094463717012,0.00013860127839355953,True
7.091999999999441,3,2032,good,1.7252293778472463,9.370313959468037e-05,True
7.091999999999441,4,2026,good,2.9376298862214303,1.0453751233285304e-05,True
7.091999999999441,5,2031,good,2.143219716161475,0.0005797101485536985,True
7.0959999999994405,2,2042,good,5.501447927401591,0.014021983900861915,True
7.0959999999994405,3,2030,good,2.5247110290272934,3.454256290624927e-05,True
7.0959999999994405,4,2032,good,1.805252102086258,1.9972559364512887e-05,True
7.09999999999944,2,2033,good,4.663561820547613,0.0022357301242869315,True
7.09999999999944,3,2042,good,4.174929142398407,0.016118528530495235,True
7.10399999999944,2,2037,good,4.675335551575975,0.0032001692453972773,True
7.10399999999944,3,2033,good,4.7476071226545615,0.013805642220228488,True
7.10399999999944,4,2042,good,4.164588098300635,0.01203868560053623,True
7.107999999999439,3,2037,good,4.911326156207729,0.002502407275020475,True
7.111999999999439,3,2016,good,4.360804033929353,0.0062690607564597385,True
7.111999999999439,4,2037,good,5.16919137839024,0.0027052140529513153,True
7.115999999999438,2,2040,good,2.1711210240100827,1.1698076840533945e-05,True
7.115999999999438,3,2016,good,4.478883469831533,0.0036424923485706565,True
7.115999999999438,4,2038,good,1.4178454305813368,0.0002559915929511255,True
7.115999999999438,5,2037,good,5.3988172638605265,0.0017669891499362677,True
7.119999999999438,4,2052,good,3.0860099319928196,0.6754420637600638,True
7.119999999999438,5,2016,good,4.3022907527604035,0.05185882130219266,True
7.119999999999438,6,2040,good,2.108752164351789,1.2889413702280803e-05,True
7.119999999999438,7,2038,good,1.7111039706649072,0.0007132595564789007,True
7.1239999999994374,3,2039,odd_colour,227.45097697544676,0.9912722428453697,True
7.1239999999994374,4,2052,good,3.0560669917930734,0.7493712499126431,True
7.1239999999994374,5,2016,good,4.533502470559678,0.0023924358896414686,True
7.1239999999994374,6,2040,good,2.2310923429198786,2.291124342281962e-05,True
7.1239999999994374,7,2038,good,1.6713586617070497,0.00040694779551713795,True
7.127999999999437,2,2043,good,2.140931601819264,0.0025272009257305906,True
7.127999999999437,4,2039,odd_colour,227.12423539955813,0.9875939881417115,True
7.127999999999437,5,2016,good,4.572284956410444,0.0028442575159918623,True
7.127999999999437,6,2052,good,3.0150983757629612,0.8276618702944172,True
7.131999999999437,4,2043,good,2.0082531837851647,0.004152496865737164,True
7.131999999999437,5,2034,good,3.8414666771422348,0.03718218111365184,True
7.131999999999437,6,2041,good,1.7790937058279346,0.0002458590735418639,True
7.131999999999437,7,2039,odd_colour,228.15088983023472,0.9959527298759653,True
7.131999999999437,8,2016,good,4.789187282342603,0.0031379318860127146,True
7.135999999999436,3,2060,good,2.14682816911956,5.249049662540529e-05,True
7.135999999999436,4,2035,good,3.0234929493427782,0.0005308112512601076,True
7.135999999999436,5,2054,good,3.1338722900961167,5.8464097805837425e-05,True
7.135999999999436,6,2043,good,2.1481419990449337,0.0022106725903874814,True
7.135999999999436,7,2041,good,1.647794044859965,0.0008342277872022329,True
7.135999999999436,8,2034,good,3.8892910564449963,0.0441600728187161,True
7.139999999999436,3,2048,odd_colour,290.9538373088703,0.9780157783037997,True
7.139999999999436,4,2035,good,3.084614481897268,0.00022201902965648091,True
7.139999999999436,5,2060,good,2.341451366266154,4.017374931854009e-05,True
7.139999999999436,6,2054,good,3.1139704949339126,2.6219405252771744e-05,True
7.139999999999436,7,2043,good,2.112483653796561,0.001669617740561769,True
7.143999999999435,5,2050,good,1.8290554012465203,0.0009554418673398415,True
7.143999999999435,6,2048,odd_colour,292.61619847076724,0.9788383337661806,True
7.143999999999435,7,2035,good,3.1121039388821243,0.00043847695111787254,True
7.143999999999435,8,2060,good,3.2202342597520737,3.269117533692442e-05,True
7.143999999999435,9,2054,good,3.141075698116956,3.8234505722474945e-05,True
7.147999999999435,3,2046,good,2.0178617028398076,0.00027321548214462435,True
7.147999999999435,4,2044,good,2.3636744782331016,2.5316428711868356e-05,True
7.147999999999435,5,2050,good,1.8766652028923227,0.0009005221154230568,True
7.147999999999435,6,2048,odd_colour,291.5894307328443,0.9747076217263945,True
7.147999999999435,7,2035,good,3.0525916000478794,0.00037119092245617273,True
7.151999999999434,2,2045,good,4.363478748866967,5.233802063078602e-05,True
7.151999999999434,3,2063,plastic_chip,23.9737614084761,0.2332632116615533,True
7.151999999999434,4,2044,good,2.3305826269893966,3.021152334606176e-05,True
7.151999999999434,5,2046,good,2.0664704746416587,0.0001077813090782807,True
7.151999999999434,6,2050,good,1.8778726018659904,0.0005783593603473473,True
7.155999999999434,3,2049,good,2.8964390414826067,0.023855820162634725,True
7.155999999999434,4,2045,good,4.385544537642714,4.992969344188098e-05,True
7.155999999999434,5,2063,plastic_chip,23.782695370844788,0.22932377018179428,True
7.155999999999434,6,2044,good,2.199994556678271,0.00024695452581271907,True
7.155999999999434,7,2046,good,2.0570074322567207,6.321009155382873e-05,True
7.1599999999994335,3,2047,wrong_size,7.135280768742096,0.0010595363175353028,True
7.1599999999994335,4,2049,good,3.000536229070203,0.011630811374605912,True
7.1599999999994335,5,2045,good,4.562569200789504,4.5438941290910865e-05,True
7.1599999999994335,6,2063,plastic_chip,23.622463304029644,0.23422885991225154,True
7.163999999999433,2,2057,good,3.786501543205087,0.0009105775873923676,True
7.163999999999433,3,2047,wrong_size,7.241917732378075,0.0009720352790020448,True
7.163999999999433,4,2049,good,3.046527590220648,0.008619187487753898,True
7.163999999999433,6,2045,good,4.597351664601258,1.279547721211603e-05,True
7.167999999999433,4,2057,good,3.529288535922513,0.0005504010940589624,True
7.167999999999433,5,2047,wrong_size,7.227639754513581,0.000946353124484087,True
7.167999999999433,6,2049,good,3.2102186532377797,0.016328763289796475,True
7.171999999999432,2,2051,good,1.72233472097227,4.1708089570506314e-05,True
7.171999999999432,3,2056,good,2.0265772190993427,0.0013415300474368388,True
7.171999999999432,4,2057,good,7.622083129950354,0.00022715943783077253,True
7.175999999999432,2,2053,good,2.2050581055437695,0.005920323963037914,True
7.175999999999432,3,2051,good,1.6420557883375988,0.00013656493563551732,True
7.175999999999432,4,2056,good,1.8060981309814466,0.0021019489395613243,True
7.179999999999431,5,2053,good,2.3467819502449387,0.01188930075416792,True
7.179999999999431,6,2056,good,1.9931948938459354,0.0010761384783961685,True
7.179999999999431,7,2051,good,1.7058956198291444,2.9850607906399434e-05,True
7.183999999999431,3,2055,good,2.9431732863368594,0.014725840876437761,True
7.183999999999431,4,2061,good,1.9285469095069498,0.0006174674076604629,True
7.183999999999431,5,2053,good,2.1740960922502692,0.03623778742625729,True
7.18799999999943,2,2064,plastic_chip,25.218075881585158,0.4219437645459167,True
7.18799999999943,3,2055,good,2.987146892800351,0.018058936598526795,True
7.18799999999943,4,2061,good,1.8367985724706262,0.00037878413027344075,True
7.18799999999943,5,2053,good,2.3353744703631554,0.010876726293599039,True
7.19199999999943,2,2062,odd_colour,194.0395124882217,0.9542544427026819,True
7.19199999999943,3,2064,plastic_chip,25.07684805133904,0.41379929386939424,True
7.19199999999943,4,2055,good,2.969393952189454,0.022727107153135192,True
7.19199999999943,5,2061,good,1.8162127937671344,0.0007276009422521197,True
7.1959999999994295,2,2059,good,2.0227079614290897,0.0029440361116406678,True
7.1959999999994295,3,2062,odd_colour,187.18925095752854,0.9685322443086807,True
7.199999999999429,2,2059,good,1.9429108767403025,0.00040100385833200257,True
7.199999999999429,3,2062,odd_colour,183.72839619466603,0.915138716304334,True
7.203999999999429,2,2059,good,1.7762950018577373,0.00039827684047738087,True
7.207999999999428,4,2059,good,1.9543601275317024,0.03439571828800576,True
7.211999999999428,2,2058,good,4.082320191626725,0.0029070661561503655,True
7.211999999999428,3,2065,good,4.208178535545205,0.003504264996377023,True
7.211999999999428,4,2068,good,2.8335393986912547,0.0003097639284800071,True
7.215999999999427,2,2058,good,4.240513154181673,0.0010193469934336671,True
7.215999999999427,3,2065,good,4.658496927120967,0.0026153051552721576,True
7.215999999999427,4,2068,good,2.868173842418993,0.00021878082660922656,True
7.219999999999427,2,2076,good,2.00595431988826,4.540380770262072e-05,True
7.219999999999427,3,2058,good,4.253807993100209,0.009682164584747603,True
7.219999999999427,4,2065,good,4.616401355892189,0.003038194726377094,True
7.219999999999427,5,2068,good,2.8951888903568346,0.0003335169131550773,True
7.223999999999426,5,2076,good,2.0792249620078866,3.134384089654994e-05,True
7.223999999999426,6,2058,good,4.211767839054399,0.0017713447982475384,True
7.227999999999426,2,2070,good,2.514233412569042,0.030680419769436473,True
7.227999999999426,3,2066,good,3.3138777771695858,8.286729453984705e-05,True
7.227999999999426,4,2075,good,2.3500390072312136,0.00012843545507496744,True
7.227999999999426,5,2076,good,1.9264268347244224,4.755823705487682e-05,True
7.227999999999426,6,2058,good,4.329499542531714,0.008397026519886585,True
7.2319999999994256,3,2070,good,2.5135740269003,0.002822468328735122,True
7.2319999999994256,4,2066,good,3.32116345807805,8.4322913819483e-05,True
7.2319999999994256,5,2075,good,2.3354486617130368,6.851462972207382e-05,True
7.235999999999425,4,2072,good,2.402132820785855,7.540105313188151e-06,True
7.235999999999425,5,2073,good,2.795941077523985,2.120786262882285e-05,True
7.235999999999425,6,2070,good,2.4664464839280185,0.0008329973852951078,True
7.235999999999425,7,2066,good,3.108009418780399,0.00010222934111069443,True
7.239999999999425,2,2081,good,2.6893619446774646,0.00011000664692305091,True
7.239999999999425,3,2074,good,2.9253587365988576,1.14081464174587e-05,True
7.239999999999425,4,2071,good,1.5391623919004598,0.000338887615398916,True
7.239999999999425,5,2078,wrong_size,10.292053141410417,0.0008812226646917441,True
7.239999999999425,6,2072,good,3.38418323715737,8.98717292974485e-06,True
7.239999999999425,7,2073,good,2.7656305851401153,3.175222242078552e-05,True
7.243999999999424,3,2081,good,2.7535375776712576,0.00017678710050843664,True
7.243999999999424,4,2074,good,2.9031037497750294,4.635950283226593e-06,True
7.243999999999424,5,2071,good,1.43353858172131,0.0004372573726641938,True
7.243999999999424,6,2078,wrong_size,10.244701464487415,0.0004223744575554064,True
7.243999999999424,7,2072,good,3.373249695231792,2.461087110039551e-06,True
7.243999999999424,8,2073,good,2.761608286084724,5.432138248166784e-06,True
7.247999999999424,3,2069,good,3.277361824957577,0.005954374355721909,True
7.247999999999424,4,2081,good,2.741931694564913,0.0002113217480499406,True
7.247999999999424,5,2074,good,2.8333699550447466,1.6219324314950585e-05,True
7.247999999999424,6,2071,good,1.4575886445444861,0.00030853044062788195,True
7.247999999999424,7,2078,wrong_size,10.225650434572419,0.000166571390608879,True
7.247999999999424,8,2072,good,2.30178901986818,4.187710345881942e-06,True
7.251999999999423,4,2077,good,2.9833782029808917,0.00011493892161215912,True
7.251999999999423,5,2069,good,3.073105067228228,0.0005665662844722698,True
7.251999999999423,6,2081,good,2.9017452817424036,0.00023486580720209714,True
7.255999999999423,2,2079,wrong_size,8.728801415258866,0.9053740915216161,True
7.255999999999423,3,2082,good,4.931636815912103,0.06318882150924648,True
7.255999999999423,4,2077,good,3.399059701368713,0.0002306254735469086,True
7.255999999999423,5,2069,good,3.2379098019097357,0.0030796382196923346,True
7.2599999999994225,3,2082,good,4.8251943283629455,0.10021397926880035,True
7.2599999999994225,4,2077,good,2.9162269501229043,0.00011493831468750742,True
7.263999999999422,5,2082,good,4.82439448522911,0.09542822137174094,True
7.267999999999422,4,2086,good,3.211497558312965,0.0012067112038126307,True
7.267999999999422,5,2080,good,4.234222334349456,0.0005972537459292059,True
7.267999999999422,6,2084,odd_colour,206.81666814390317,0.9789793157227077,True
7.271999999999421,2,2087,good,3.5824834023570697,0.0004855799674966752,True
7.271999999999421,3,2083,good,3.3731548515480463,0.0003335295047696454,True
7.271999999999421,4,2086,good,2.7576917601569275,0.0007913395300421768,True
7.271999999999421,5,2080,good,4.202527280549438,0.0013833504660369852,True
7.271999999999421,6,2084,odd_colour,208.94921789224847,0.9577639573018953,True
7.275999999999421,2,2087,good,3.4990359597606524,0.00016150178769513615,True
7.275999999999421,3,2083,good,3.379096117501403,0.00022509259152763596,True
7.275999999999421,4,2080,good,4.232348196876819,0.0014135004885624106,True
7.275999999999421,5,2086,good,3.016262879610144,0.001453735736483455,True
7.275999999999421,6,2084,odd_colour,210.0920507775031,0.9610104074278215,True
7.27999999999942,2,2087,good,3.547145456167613,7.068077836288799e-05,True
7.27999999999942,3,2083,good,2.8451162332171522,0.0006006869824373699,True
7.28399999999942,3,2090,good,2.1846306394313473,1.0512082527579866e-05,True
7.287999999999419,4,2093,good,3.102031263609474,0.00044923071013130034,True
7.287999999999419,5,2088,good,3.340264466715895,9.688126750825494e-05,True
7.287999999999419,6,2090,good,2.1648083376898595,1.7017056713076147e-05,True
7.291999999999419,2,2085,good,2.3814393141890817,0.00023300318492226076,True
7.291999999999419,3,2092,good,2.455866519976787,8.542749661357155e-06,True
7.291999999999419,4,2091,good,2.481762352014313,6.120007985996061e-05,True
7.291999999999419,5,2093,good,3.1456825590753734,0.0005320428949331532,True
7.291999999999419,6,2088,good,3.365314265070457,0.00010470263377188202,True
7.291999999999419,7,2090,good,2.3263952305485245,1.647688900560258e-05,True
7.2959999999994185,2,2094,good,3.0078325481267654,9.661741196563188e-05,True
7.2959999999994185,3,2095,good,2.133235054441693,0.0009019238702006278,True
7.2959999999994185,4,2085,good,1.8883502224440833,2.9212604430750338e-05,True
7.2959999999994185,5,2091,good,2.380713039162,0.00013987160986218779,True
7.2959999999994185,6,2092,good,2.51746448775411,4.988750505520474e-06,True
7.2959999999994185,7,2093,good,3.0956023009404134,0.0009586953901731635,True
7.2959999999994185,8,2088,good,3.3707858838087086,6.249530871745292e-05,True
7.2959999999994185,9,2090,good,2.1870840924180937,1.5437196993356592e-05,True
7.299999999999418,2,2094,good,3.1942872566296603,0.00018715086142200574,True
7.299999999999418,3,2095,good,2.1033752940786403,0.0007550673256258265,True
7.299999999999418,4,2085,good,2.0390579312242623,2.7143958104649875e-05,True
7.299999999999418,5,2091,good,2.3807221825622404,0.0001491360830051789,True
7.299999999999418,6,2092,good,2.8366461132299325,1.4078602460314338e-05,True
7.303999999999418,3,2094,good,3.0877966765476876,5.563426272999804e-05,True
7.303999999999418,4,2095,good,2.0557525486441666,0.0008111010053490437,True
7.303999999999418,5,2085,good,2.0198836073730058,1.236445466006534e-05,True
7.307999999999417,3,2105,odd_colour,280.2778337397407,0.5177010132589047,True
7.307999999999417,4,2094,good,3.05962955690898,3.980498640780526e-05,True
7.307999999999417,5,2095,good,2.065862080297832,0.0008435492582921797,True
7.311999999999417,3,2103,good,2.9515084672823626,0.0022487302997210154,True
7.311999999999417,4,2105,odd_colour,276.19426054445034,0.925586372071289,True
7.315999999999416,3,2110,odd_colour,179.41957886807856,0.9556015721242312,True
7.315999999999416,4,2100,good,2.322023856655378,0.0002966662065183159,True
7.315999999999416,5,2103,good,2.767083614648264,0.012071760020861414,True
7.315999999999416,6,2105,odd_colour,280.3417499684058,0.5177010132589047,True
7.319999999999416,2,2097,odd_colour,235.3907725772739,0.9457817926406903,True
7.319999999999416,3,2099,good,2.400533070586345,0.001987944676767207,True
7.319999999999416,4,2096,plastic_chip,21.675041878157177,0.5474739513358754,True
7.319999999999416,5,2100,good,2.3086549577695408,0.0003023227050985765,True
7.319999999999416,6,2103,good,2.8873685211821307,0.012160602305056821,True
7.323999999999415,2,2097,odd_colour,235.13011817209548,0.9304188851799693,True
7.323999999999415,3,2099,good,2.2469333097104682,0.0008487922692560673,True
7.323999999999415,4,2096,plastic_chip,21.633706876985563,0.5560018666797286,True
7.323999999999415,5,2110,odd_colour,197.4656673315507,0.9956602522656071,True
7.323999999999415,6,2100,good,2.3413201336836766,0.0001443507476401679,True
7.327999999999415,2,2099,good,2.2540987408430735,0.0018102041759368755,True
7.327999999999415,3,2097,odd_colour,234.50346259903833,0.9419957041219338,True
7.327999999999415,4,2110,odd_colour,215.98421690042576,0.9854115357850328,True
7.3319999999994145,3,2098,good,3.706478042237236,5.338887673929862e-05,True
7.3319999999994145,4,2099,good,2.2557593745373516,0.0010620459346209917,True
7.3319999999994145,5,2097,odd_colour,235.0415881550053,0.9289665530792048,True
7.335999999999414,2,2104,good,3.297749860374444,0.0002664515732828442,True
7.335999999999414,3,2098,good,3.7902020565548864,0.0007365653563386154,True
7.339999999999414,3,2101,odd_colour,449.56314057726155,0.9906508398891146,True
7.339999999999414,4,2104,good,3.3194342604678284,0.0012374225701136763,True
7.339999999999414,5,2098,good,3.636653284348814,0.0004741787795105463,True
7.343999999999413,2,2108,good,1.7024109905994944,1.7926750022284945e-05,True
7.343999999999413,3,2101,odd_colour,438.6379501292243,0.9736245858678892,True
7.343999999999413,4,2104,good,3.2958774945064904,0.0006070437990439191,True
7.347999999999413,5,2108,good,1.6986200199644892,9.256514982447907e-06,True
7.347999999999413,6,2101,odd_colour,442.68420690419623,0.9668880788113383,True
7.351999999999412,2,2111,wrong_size,10.211314333642598,0.0018259974938391837,True
7.351999999999412,3,2107,good,2.2959463804920555,0.0005311737185477371,True
7.351999999999412,4,2153,plastic_chip,24.519300468812528,0.6388059754699719,True
7.351999999999412,5,2108,good,1.7359020086083758,2.2415207423565193e-05,True
7.355999999999412,3,2111,wrong_size,8.527292708640555,0.001662334901100835,True
7.355999999999412,4,2107,good,2.2435201617289215,0.0007535076974010703,True
7.3599999999994115,2,2115,good,4.047695291306756,0.000769439015236107,True
7.3599999999994115,3,2109,good,2.5604707732993877,4.212259118493879e-05,True
7.3599999999994115,4,2112,good,2.3835701624264214,0.00017211926658982613,True
7.3599999999994115,5,2111,wrong_size,7.3919956768821455,0.011551047966820866,True
7.3599999999994115,6,2107,good,2.322792051452291,0.0006255349796868656,True
7.363999999999411,2,2116,odd_colour,200.78176821146621,0.9485091668559166,True
7.363999999999411,3,2115,good,4.015504907710825,0.0007499970137599555,True
7.363999999999411,4,2109,good,2.5916388891157607,6.450368300754015e-05,True
7.363999999999411,5,2112,good,2.11993944830425,4.606711964949222e-05,True
7.367999999999411,2,2116,odd_colour,202.82026320029814,0.9436497215802141,True
7.367999999999411,3,2109,good,2.6256570165151256,6.349498289907237e-05,True
7.367999999999411,4,2115,good,4.064647631371663,0.000687713825434141,True
7.367999999999411,5,2112,good,2.2004926892175707,4.3831964965748306e-05,True
7.37199999999941,3,2114,good,1.9162036641021882,0.00029416657062797646,True
7.37199999999941,5,2116,odd_colour,202.2313737167509,0.9493662483122959,True
7.37599999999941,2,2121,good,3.5237514432722317,0.0001515207292115669,True
7.37599999999941,3,2118,good,2.2995040306467973,4.296754556843047e-05,True
7.37599999999941,4,2113,odd_colour,271.2837457069363,0.9830099313043646,True
7.37599999999941,5,2114,good,2.194823005213653,0.00010820104956673256,True
7.37599999999941,6,2116,odd_colour,202.27735150102524,0.9418010404132058,True
7.379999999999409,4,2121,good,3.4975474892550005,0.00023834396126740025,True
7.379999999999409,5,2118,good,2.3342390199756773,4.716690764861214e-05,True
7.379999999999409,6,2113,odd_colour,274.69949510709955,0.9793791912992815,True
7.379999999999409,7,2114,good,1.938378925213248,0.0004387278590661039,True
7.383999999999409,2,2102,plastic_chip,23.490017383265968,0.2669092322228307,True
7.383999999999409,3,2120,good,2.037901830173477,9.863889703744031e-05,True
7.383999999999409,4,2121,good,3.512527389353679,0.0001984308959657022,True
7.383999999999409,5,2118,good,2.453832336100269,0.00013894557497146624,True
7.383999999999409,6,2113,odd_colour,272.38698981947175,0.9802621464004649,True
7.383999999999409,7,2114,good,2.003753450389262,0.00020997693683614277,True
7.387999999999408,2,2102,plastic_chip,23.56110537861586,0.4093364282153714,True
7.387999999999408,3,2120,good,2.0128616955041205,0.00013397358883846227,True
7.387999999999408,4,2121,good,3.5803141334985877,0.0003028483235493055,True
7.391999999999408,4,2102,plastic_chip,23.61607650495464,0.4078247191204482,True
7.391999999999408,5,2120,good,2.0265602355556283,0.00011826331123374047,True
7.3959999999994075,5,2117,good,3.4101818388878407,0.0012720240365212783,True
7.3959999999994075,6,2119,good,3.422905163334888,0.00035632315941016364,True
7.3959999999994075,7,2102,plastic_chip,23.725695173111127,0.4085338014535524,True
7.399999999999407,5,2122,good,2.9857575847103135,2.9375367450713946e-05,True
7.399999999999407,7,2119,good,3.2263939287041037,0.000360398427767032,True
7.403999999999407,3,2127,good,3.5209568209424265,0.0005580997461893461,True
7.403999999999407,4,2123,good,2.200374527368601,0.00039113237821572885,True
7.403999999999407,5,2126,wrong_size,8.480061211992277,0.0003206887840447537,True
7.403999999999407,6,2122,good,3.2348863868725344,2.5309157153726153e-05,True
7.403999999999407,8,2119,good,3.233101428691245,0.002276519792100842,True
7.407999999999406,2,2129,good,2.5453697796916694,8.647614156039256e-05,True
7.407999999999406,3,2127,good,2.852568361220645,0.0031174781757057246,True
7.407999999999406,4,2123,good,2.28364265356248,0.0003970358926048199,True
7.407999999999406,5,2126,wrong_size,8.525283108675746,0.0004375340605374452,True
7.407999999999406,6,2122,good,3.2105277963156102,4.273143284819148e-05,True
7.411999999999406,3,2127,good,3.6915031976018287,0.0006525293483473998,True
7.411999999999406,4,2129,good,2.634294993297363,4.4230040194712455e-05,True
7.411999999999406,5,2123,good,2.20932186157555,8.320128551345524e-05,True
7.415999999999405,2,2125,good,2.7170050048143404,0.00011124081911845797,True
7.415999999999405,3,2132,good,2.518588341089075,4.3638086242768296e-05,True
7.415999999999405,4,2127,good,2.854358757657076,0.0037085012690865546,True
7.415999999999405,5,2129,good,2.5910640615815774,0.0001298936517578635,True
7.419999999999405,3,2125,good,2.7128042426904373,7.395078548250586e-05,True
7.419999999999405,4,2132,good,2.5934781785464676,9.682687077123189e-05,True
7.419999999999405,5,2127,good,2.8470421145091818,0.0018243799545052375,True
7.423999999999404,3,2130,good,2.3515860946609557,8.253531852609634e-05,True
7.423999999999404,4,2125,good,2.7268632667278356,0.00012541342958690554,True
7.423999999999404,5,2132,good,2.4293636757022705,4.614405814557973e-05,True
7.427999999999404,2,2134,good,2.1480152035109814,0.001644805735593357,True
7.427999999999404,3,2130,good,2.356907536869191,0.00030887472906300685,True
7.427999999999404,4,2125,good,2.872827400291474,0.0008362661664424209,True
7.4319999999994035,3,2135,good,3.287364564302674,0.00012033563219088568,True
7.4319999999994035,4,2134,good,2.156072959971227,0.011596095259596446,True
7.4319999999994035,5,2130,good,2.5401942914544122,0.00016689289985603146,True
7.435999999999403,3,2131,odd_colour,164.41651264069546,0.9779954833846977,True
7.435999999999403,4,2135,good,3.0086010402263965,5.8221315122452774e-05,True
7.435999999999403,5,2134,good,2.2089328042568206,0.004301598289522174,True
7.439999999999403,6,2137,good,2.3288143082379524,0.0002564768052747828,True
7.439999999999403,7,2131,odd_colour,165.06695623286518,0.9820834148993653,True
7.439999999999403,8,2135,good,2.837671581403709,5.910870800997331e-05,True
7.443999999999402,3,2133,good,2.3917194677992453,0.00042076809324968203,True
7.443999999999402,4,2141,good,2.0066127850906077,0.0005010670657715642,True
7.443999999999402,5,2139,good,2.5210272172277044,1.1538600813613054e-05,True
7.443999999999402,6,2137,good,2.295515138482814,0.003937371055521228,True
7.443999999999402,7,2131,odd_colour,166.17310006752382,0.977911905403887,True
7.443999999999402,8,2135,good,2.8682277691434335,4.899401906253184e-05,True
7.447999999999402,3,2133,good,2.634805995992216,0.0013737340728819788,True
7.447999999999402,4,2141,good,2.1933019200541164,0.0006328423215967098,True
7.447999999999402,5,2139,good,2.476898638737528,1.6489524680057103e-05,True
7.447999999999402,6,2137,good,2.085072745351597,0.001058571321690978,True
7.451999999999401,3,2133,good,2.6257220176933522,0.002049922750328442,True
7.451999999999401,4,2136,good,1.8272813182453818,0.04655488695326697,True
7.451999999999401,5,2141,good,2.2592586411196143,0.0005321957285792425,True
7.451999999999401,6,2139,good,2.9328390659202785,9.020727814918922e-06,True
7.451999999999401,7,2147,good,2.1445715782082884,0.03551821058013015,True
7.455999999999401,4,2142,wrong_size,11.971320604485273,0.0013558771890945893,True
7.455999999999401,5,2140,good,3.856135631783474,0.0006295290111216933,True
7.4599999999994,2,2138,good,1.379935694984377,1.0291629654620253e-05,True
7.4599999999994,3,2156,plastic_chip,20.381346868455562,0.4504328763819664,True
7.4599999999994,4,2142,wrong_size,13.681084600858146,0.0022978137343602845,True
7.4599999999994,5,2140,good,3.85386543852256,0.00022696648154024165,True
7.4639999999994,2,2138,good,1.364627623404802,5.86689635766915e-06,True
7.4639999999994,3,2156,plastic_chip,20.093922884688396,0.396545305361188,True
7.4639999999994,4,2142,wrong_size,11.983367275638487,0.0014079827028955216,True
7.4639999999994,5,2140,good,3.885667707432804,0.00035369710540572894,True
7.4679999999994,2,2144,good,1.880818724480143,0.002331048375296447,True
7.4679999999994,3,2138,good,1.7860171573880792,1.918699771352002e-05,True
7.4679999999994,4,2140,good,3.807974064883717,0.00035977973544974566,True
7.471999999999399,4,2144,good,2.4033646058532914,0.0018278932235772562,True
7.475999999999399,3,2146,good,1.9377075123007703,0.00040795786775275325,True
7.475999999999399,4,2149,good,2.7193389716173795,1.208910611281601e-05,True
7.475999999999399,5,2144,good,2.413576292057744,0.0007852270370624916,True
7.479999999999398,2,2148,good,3.446778300083745,0.0013070006512877002,True
7.479999999999398,3,2146,good,1.9381784430349096,0.0011499203903250592,True
7.479999999999398,4,2149,good,3.9269887366863734,1.980399674728735e-05,True
7.483999999999398,2,2148,good,3.445294161389088,0.0017062201481459105,True
7.483999999999398,3,2146,good,1.9528041966481315,0.00041468029131752686,True
7.483999999999398,4,2149,good,2.8026262191394307,1.6856405438496313e-05,True
7.487999999999397,2,2150,odd_colour,171.56944312663435,0.9836620814000788,True
7.487999999999397,3,2148,good,3.5430845639844857,0.0008792173004896131,True
7.491999999999397,3,2150,odd_colour,171.05133950131497,0.9912334644448809,True
7.4959999999993965,3,2150,odd_colour,172.3008357269775,0.9860006473480393,True
7.499999999999396,3,2150,odd_colour,172.2019074595397,0.979111033598906,True
7.507999999999395,4,2152,good,1.7112538334774883,0.0002149359722916449,True
7.511999999999395,2,2154,good,2.5789621278100583,0.0009343725321206551,True
7.511999999999395,3,2157,good,3.0690675169759043,0.0020691932743246272,True
7.511999999999395,4,2152,good,1.6618252588416866,0.0003214086370474429,True
7.515999999999394,3,2154,good,2.8608450755531263,0.0014204541430562615,True
7.515999999999394,4,2157,good,3.0625961886648527,0.002754868047496493,True
7.515999999999394,5,2152,good,1.669924755886228,0.00035533287060711443,True
7.519999999999394,2,2158,odd_colour,153.48238422832378,0.9872090739001581,True
7.519999999999394,3,2165,good,3.3420967282554432,6.016417871140981e-06,True
7.519999999999394,4,2154,good,2.688289695048499,0.00134679524853861,True
7.519999999999394,5,2157,good,3.050356476188642,0.0022765644981688456,True
7.523999999999393,2,2162,good,3.8303511302680184,0.9013230557539853,True
7.523999999999393,3,2158,odd_colour,153.76764640119558,0.9846699256388475,True
7.523999999999393,4,2165,good,3.6166244844038986,1.1945628140561727e-05,True
7.527999999999393,1,2160,good,3.488538066163008,0.004146705038642972,True
7.527999999999393,3,2162,good,4.159961029826885,0.9205725700004023,True
7.527999999999393,4,2158,odd_colour,153.74392163087305,0.9843068723659103,True
7.527999999999393,5,2165,good,3.631271149464094,1.620884404326269e-05,True
7.5319999999993925,4,2160,good,2.9917659793845273,0.004634291879271907,True
7.5319999999993925,5,2162,good,4.123798949201665,0.842383975983633,True
7.5319999999993925,6,2158,odd_colour,153.32665080347465,0.9877284141987419,True
7.535999999999392,5,2169,good,2.3915418445705656,0.00026644704839021334,True
7.535999999999392,6,2161,good,2.2826638364740117,6.135477480793057e-05,True
7.535999999999392,7,2160,good,2.9734401666931114,0.016859894559052273,True
7.539999999999392,2,2166,good,2.042021160275,0.00020441594227325373,True
7.539999999999392,3,2168,good,7.10858069481599,0.5409302059450068,True
7.539999999999392,4,2143,plastic_chip,21.366119941022014,0.5525684699153576,True
7.539999999999392,5,2159,good,1.7324839322188132,0.0008479095915434717,True
7.539999999999392,6,2169,good,2.3512659511617233,0.00018499698975136798,True
7.539999999999392,7,2161,good,2.289786796861057,4.691321835430215e-05,True
7.539999999999392,8,2160,good,5.24116872350186,0.004946952399702933,True
7.543999999999391,2,2166,good,2.0016098846519004,0.0002598647941194828,True
7.543999999999391,3,2168,good,9.381435442397105,0.09888986963611061,True
7.543999999999391,4,2143,plastic_chip,21.37614087633237,0.6284887260684562,True
7.543999999999391,5,2159,good,1.7445560946105565,0.00014655881597111655,True
7.543999999999391,6,2169,good,2.4887246670747554,0.0002579519388778683,True
7.543999999999391,7,2161,good,2.282116465265204,4.049660959845042e-05,True
7.547999999999391,3,2163,good,1.96419382088912,0.00017580829824036896,True
7.547999999999391,5,2164,good,2.235574056391966,4.9657489339503714e-05,True
7.547999999999391,6,2166,good,2.0300413471502066,0.0002556438141388118,True
7.547999999999391,7,2168,good,7.94243423341677,0.014033557983313825,True
7.547999999999391,8,2143,plastic_chip,21.325298145319053,0.6222784301597489,True
7.547999999999391,9,2159,good,1.553410133710246,0.00024967724219768786,True
7.55199999999939,6,2173,odd_colour,194.1636939858071,0.9523202109835692,True
7.55199999999939,7,2172,wrong_size,7.686117840790571,0.0003806140427856742,True
7.55199999999939,8,2163,good,1.8589381482901302,0.00043197534314384247,True
7.55199999999939,9,2164,good,2.214422199896755,2.1543298757354945e-05,True
7.55199999999939,11,2168,good,7.115285267960406,0.021044057072047997,True
7.55599999999939,3,2170,good,2.4746315387869826,3.21743178933924e-05,True
7.55599999999939,5,2171,good,1.7163534913095713,6.0618108744858565e-05,True
7.55599999999939,6,2167,good,6.9960680262795005,0.0387442324817392,True
7.55599999999939,7,2172,wrong_size,7.630427825814107,0.0005336555653666403,True
7.55599999999939,8,2163,good,1.9364135884615483,0.0002560968161532973,True
7.55599999999939,9,2164,good,2.5096286296604418,1.8288760116529247e-05,True
7.559999999999389,3,2176,good,5.092471580791891,0.005489431172356591,True
7.559999999999389,4,2170,good,2.4812961050044984,6.33758360335878e-05,True
7.559999999999389,5,2171,good,1.6999325699977357,8.343468226365768e-05,True
7.559999999999389,6,2167,good,6.990583074249526,0.06376214167848913,True
7.559999999999389,8,2172,wrong_size,7.6338611699154075,0.0005346328705446273,True
7.559999999999389,9,2163,good,1.899381835712218,0.00029673975317286557,True
7.559999999999389,10,2164,good,2.235281685868077,2.207223231043218e-05,True
7.563999999999389,3,2178,good,2.744627536439574,0.00019793362248506208,True
7.563999999999389,4,2175,wrong_size,9.616008942544726,0.8621817007375376,True
7.563999999999389,5,2176,good,4.997918422477925,0.0013531546643971663,True
7.563999999999389,6,2170,good,2.4536718648635496,0.00013641656200741333,True
7.563999999999389,7,2171,good,1.7135136366255526,9.062190903410804e-05,True
7.563999999999389,8,2167,good,7.026129672615259,0.06600052663531421,True
7.5679999999993885,3,2174,good,2.039404034531125,0.0015756564460604955,True
7.5679999999993885,4,2178,good,2.4523402686727556,0.00043638921600016765,True
7.5679999999993885,5,2175,wrong_size,11.602307823828747,0.9949115913369496,True
7.5679999999993885,6,2176,good,5.041341851279086,0.0008454072079079186,True
7.571999999999388,4,2180,good,3.307162724702203,7.950045648213888e-05,True
7.571999999999388,5,2174,good,2.1698265450529353,0.0005171311867041275,True
7.571999999999388,6,2178,good,2.4464735470741577,0.0007724823187589252,True
7.571999999999388,7,2175,wrong_size,10.346360038098833,0.9973622958232418,True
7.575999999999388,2,2177,good,1.9405022927659887,0.000521191426180732,True
7.575999999999388,3,2179,wrong_size,11.138240697221955,0.0001930596362722446,True
7.575999999999388,4,2180,good,3.296853420338828,1.0084429297715058e-05,True
7.575999999999388,5,2174,good,2.11092760002243,0.0004309046544800793,True
7.575999999999388,6,2178,good,2.712133642935474,0.00013765499520108893,True
7.579999999999387,3,2177,good,1.9830541437155405,0.0005658721175648249,True
7.579999999999387,4,2179,wrong_size,11.235415673049578,0.00027117204909239803,True
7.579999999999387,5,2180,good,3.310760835087835,2.4717060354288354e-05,True
7.579999999999387,6,2174,good,2.079764272311221,0.00024232583206224863,True
7.583999999999387,3,2181,good,1.8105225949225439,0.0010706417757874308,True
7.583999999999387,4,2177,good,2.060107673086031,0.00042385430223412324,True
7.583999999999387,6,2180,good,3.3241060985356476,2.3847389230059605e-05,True
7.587999999999386,2,2182,wrong_size,10.479554609355473,0.2566399075596592,True
7.587999999999386,3,2181,good,1.8584313582856835,5.916480034068013e-05,True
7.591999999999386,3,2182,wrong_size,10.479261910069477,0.41377750550549997,True
7.591999999999386,4,2181,good,1.846102598905178,3.083049936880698e-05,True
7.5959999999993855,3,2184,wrong_size,9.160961838160027,0.0011876665006215917,True
7.5959999999993855,4,2182,wrong_size,10.735352874333877,0.2574853223895065,True
7.5959999999993855,5,2181,good,2.0690634735093676,3.894227440522887e-05,True
7.599999999999385,2,2186,wrong_size,8.682692724398585,0.0019343182510695486,True
7.599999999999385,3,2184,wrong_size,9.226152485147642,0.0007157380897244905,True
7.603999999999385,3,2188,good,2.9671083714033797,0.6844567639797385,True
7.603999999999385,4,2186,wrong_size,9.107032760845694,0.002073903225327359,True
7.603999999999385,5,2184,wrong_size,9.139040851053352,0.0009796887403838023,True
7.607999999999384,3,2189,good,2.844386041319176,0.05720967642858837,True
7.607999999999384,4,2188,good,3.0559833782454517,0.6881786724120942,True
7.607999999999384,5,2186,wrong_size,8.758938292639757,0.001900410730579558,True
7.611999999999384,2,2191,odd_colour,194.30853063536244,0.9787469490073956,True
7.611999999999384,3,2183,good,2.6147727067435556,0.0012210978569647019,True
7.611999999999384,4,2189,good,2.818118831332345,0.015231660738202018,True
7.611999999999384,5,2188,good,3.140771432026297,0.7071708923038288,True
7.615999999999383,3,2193,good,2.2160240785091774,0.0003421998383486414,True
7.615999999999383,4,2190,good,5.7843614546561515,0.00038180188551143677,True
7.615999999999383,5,2191,odd_colour,194.7306362210836,0.9787147254197653,True
7.615999999999383,6,2183,good,2.654419187893541,0.0008672274344399143,True
7.615999999999383,7,2189,good,2.875943072166453,0.1308436929974233,True
7.615999999999383,8,2188,good,3.0340380169099377,0.393538946241052,True
7.619999999999383,2,2185,odd_colour,179.48156521235975,0.9747796925702847,True
7.619999999999383,3,2193,good,2.2351670994190878,0.00048192654577141,True
7.619999999999383,4,2190,good,5.596900789668951,0.0015122076911435476,True
7.619999999999383,5,2191,odd_colour,194.03743222819273,0.9728612203320114,True
7.619999999999383,6,2183,good,2.727265249549751,0.0009932416170131545,True
7.623999999999382,3,2185,odd_colour,180.64676310231988,0.9699248218918662,True
7.623999999999382,4,2193,good,2.468814625555878,0.0005124083242216841,True
7.623999999999382,5,2190,good,5.659770374807136,0.0006375314816235539,True
7.623999999999382,6,2191,odd_colour,193.30020376773658,0.9844145118840733,True
7.627999999999382,2,2195,good,3.7737341952183026,0.0028202754414596307,True
7.627999999999382,3,2185,odd_colour,182.54664955754518,0.9627878666288148,True
7.627999999999382,4,2190,good,5.550045806740071,0.006114330116288818,True
7.627999999999382,5,2193,good,2.2876873487322795,0.0004551983516526056,True
7.6319999999993815,3,2195,good,3.815451682348685,0.003250402369123392,True
7.635999999999381,2,2198,good,2.923082623305025,0.00012939322604954678,True
7.635999999999381,4,2192,good,2.326421101211675,0.0006019046766291343,True
7.635999999999381,5,2196,good,2.0159106510927147,0.0010233532489663413,True
7.635999999999381,6,2195,good,3.7183813379990585,0.0017588655970595486,True
7.639999999999381,3,2194,good,7.182504295224926,0.001890118658894278,True
7.639999999999381,4,2198,good,2.8992614796783167,0.0002572670876934241,True
7.639999999999381,5,2192,good,2.31917189993152,0.000433378217083259,True
7.639999999999381,6,2196,good,2.9048923699850535,0.0010629890751342082,True
7.64399999999938,2,2202,odd_colour,224.51000569357686,0.9635924636932084,True
7.64399999999938,3,2194,good,7.2041929537577,0.00015125521530877706,True
7.64399999999938,4,2198,good,2.8530666190639926,0.000387335506284395,True
7.64399999999938,5,2192,good,2.3328866215921793,0.0020537153692671423,True
7.64399999999938,6,2196,good,2.1538963021875945,0.006269254327403153,True
7.64799999999938,3,2202,odd_colour,225.9358582142163,0.9694139487898136,True
7.64799999999938,4,2194,good,7.212836436760798,0.0004680334840484307,True
7.64799999999938,5,2198,good,3.0565367522671294,0.00010419111330263604,True
7.64799999999938,6,2192,good,2.3582438562969785,0.0023442378731690226,True
7.651999999999379,4,2197,wrong_size,12.811992176222153,0.0005280646915395053,True
7.651999999999379,5,2202,odd_colour,226.44763363972723,0.9585691269564603,True
7.655999999999379,2,2199,good,2.657670613159285,0.0002369791654478521,True
7.655999999999379,3,2203,good,2.2986947576970898,0.007424959239035685,True
7.655999999999379,4,2197,wrong_size,12.775623889972069,0.0006225750380683354,True
7.659999999999378,3,2199,good,2.6634266926717407,0.0002369791654478521,True
7.659999999999378,4,2203,good,2.299834232004568,0.015443532554869166,True
7.659999999999378,5,2197,wrong_size,12.79730883771954,0.00033411892006087124,True
7.663999999999378,2,2206,good,1.8297687491563204,0.003837599419242184,True
7.663999999999378,3,2201,good,1.9451571703968558,1.046302478830952e-05,True
7.663999999999378,4,2199,good,2.6420988099733638,0.0003230887304125556,True
7.663999999999378,5,2203,good,2.2650714089851514,0.00920255550637443,True
7.6679999999993775,2,2206,good,1.8863121165486096,0.01102294209652571,True
7.6679999999993775,3,2201,good,1.937906448942318,2.0852079537532213e-05,True
7.671999999999377,2,2206,good,2.1235860947200327,0.012738014452044281,True
7.671999999999377,3,2201,good,1.93554731920323,5.39688867214809e-05,True
7.675999999999377,3,2200,good,2.7360394042038085,0.0007006343715571466,True
7.675999999999377,4,2206,good,1.809739722782282,0.00580691469155716,True
7.679999999999376,3,2204,good,2.1194690224204447,0.00010392833133159935,True
7.679999999999376,4,2207,wrong_size,8.468566546648473,0.0033958973709706792,True
7.679999999999376,5,2200,good,2.7372353566001926,0.00013757505287102415,True
7.683999999999376,2,2205,good,2.929109843799489,0.014653136657526418,True
7.683999999999376,3,2204,good,2.338955179200065,6.61284765928951e-05,True
7.683999999999376,4,2207,wrong_size,8.263855675523534,0.0031514550943247226,True
7.683999999999376,5,2200,good,2.8130718957117824,4.207600181213721e-05,True
7.687999999999375,2,2205,good,2.9570852012709756,0.006372719955798835,True
7.687999999999375,3,2204,good,2.215694046925077,0.0007916424440043795,True
7.687999999999375,4,2207,wrong_size,8.447599005270277,0.003415629766011578,True
7.687999999999375,5,2200,good,2.861763335746678,2.142194936579457e-05,True
7.691999999999375,4,2204,good,2.2658794637111175,0.0002414952453559083,True
7.691999999999375,5,2205,good,2.9239162541289403,0.009499811791801656,True
7.6959999999993745,5,2211,wrong_size,9.26621561280483,0.00034458121936338585,True
7.6959999999993745,6,2210,wrong_size,11.312776119336647,0.03585418579815096,True
7.699999999999374,5,2209,good,3.3806331345433462,0.2091567521851217,True
7.699999999999374,7,2211,wrong_size,9.317449512574663,0.00027205243378877904,True
7.699999999999374,8,2210,wrong_size,11.447873612474975,0.05179007083483066,True
7.703999999999374,5,2209,good,3.0318384368962676,0.1949145137761746,True
7.703999999999374,8,2211,wrong_size,9.349126741468973,0.00035404500461890936,True
7.703999999999374,9,2210,wrong_size,11.26929296081593,0.055910248413233374,True
7.707999999999373,7,2209,good,3.0630482700633994,0.37020456662890744,True
7.711999999999373,8,2209,good,3.2715141147970064,0.35221055799783774,True
7.73999999999937,3,2208,good,4.156508435450156,0.5435379258893898,True
7.743999999999369,3,2208,good,4.251020583611863,0.6772600844059058,True
7.747999999999369,4,2208,good,4.196314848638105,0.7087939531395974,True
7.751999999999368,5,2208,good,4.19463504814087,0.21485305431392054,True
