tid,t,x,y,v,cls,p_reject,anomaly,reject,scheduled,activated,late,headroom_ms,n_obs,pulse_ms,nozzles,target_uids,own_hit_uids
0,0.2880,-0.1220,0.1245,3.000,husk,1.000,11.12,1,1,1,0,10.00,1,1.6,47|48,,
2,0.2880,-0.1021,0.1244,3.000,husk,1.000,11.14,1,1,1,0,7.38,1,1.6,47|48,84,
1,0.2920,-0.1172,-0.2004,3.009,insect,1.000,3.23,1,1,1,0,12.17,2,2.1,6,6,6
4,0.2960,-0.1168,0.0681,3.002,good,0.000,2.85,0,0,0,0,12.23,2,0.0,,,
3,0.3000,-0.1250,-0.0400,3.018,husk,0.904,12.29,1,1,1,0,10.54,2,1.6,26|27,,
11,0.3000,-0.1144,-0.0346,3.000,husk,1.000,11.87,1,1,1,0,11.47,1,1.6,27,23,
12,0.3000,-0.1107,-0.0463,3.000,good,0.025,4.63,0,0,0,0,10.22,1,0.0,,,
5,0.3040,-0.1149,-0.0865,2.842,good,0.004,4.47,0,0,0,0,15.59,3,0.0,,,
6,0.3040,-0.1138,0.2298,3.046,good,0.001,5.04,0,0,0,0,10.20,3,0.0,,,
7,0.3040,-0.1097,-0.1233,3.031,sour,1.000,16.41,1,1,1,0,9.17,3,2.1,16,5,
8,0.3040,-0.1199,-0.0016,3.015,good,0.000,4.71,0,0,0,0,12.93,2,0.0,,,
10,0.3040,-0.1200,0.0393,2.999,broken,0.991,2.82,1,1,1,0,13.34,2,1.6,37|36,10,10
9,0.3080,-0.1087,-0.1129,2.972,good,0.000,1.74,0,0,0,0,10.23,3,0.0,,,
18,0.3080,-0.1200,0.0007,3.025,good,0.000,2.38,0,0,0,0,12.72,2,0.0,,,
19,0.3080,-0.1172,0.1661,2.998,good,0.000,2.83,0,0,0,0,12.45,2,0.0,,,
13,0.3120,-0.1153,0.2409,2.948,good,0.017,4.65,0,0,0,0,13.02,3,0.0,,,
14,0.3120,-0.1132,-0.1771,3.012,good,0.124,7.19,0,0,0,0,10.80,3,0.0,,,
15,0.3120,-0.1146,-0.1646,2.932,good,0.000,2.59,0,0,0,0,13.20,3,0.0,,,
16,0.3120,-0.1164,0.0687,2.439,good,0.000,8.45,0,0,0,0,28.70,3,0.0,,,
17,0.3120,-0.1082,-0.0988,2.994,faded,0.816,6.57,1,1,1,0,9.53,3,2.1,19,17,17
23,0.3160,-0.1174,0.1651,3.119,good,0.000,2.37,0,0,0,0,9.70,2,0.0,,,
25,0.3160,-0.1066,0.0718,3.000,good,0.000,8.43,0,0,0,0,8.87,1,0.0,,,
20,0.3200,-0.1084,0.1873,3.338,good,0.001,5.35,0,0,0,0,2.43,3,0.0,,,
21,0.3200,-0.1103,0.2239,3.094,good,0.001,4.99,0,0,0,0,7.98,3,0.0,,,
22,0.3200,-0.1088,-0.1456,3.002,good,0.000,2.14,0,0,0,0,9.56,3,0.0,,,
24,0.3240,-0.1154,-0.0547,2.998,good,0.000,1.92,0,0,0,0,11.84,3,0.0,,,
30,0.3240,-0.1188,-0.1718,3.003,good,0.000,2.84,0,0,0,0,12.86,2,0.0,,,
31,0.3240,-0.1183,0.1453,3.043,good,0.009,3.21,0,0,0,0,11.74,2,0.0,,,
32,0.3240,-0.1177,0.0360,3.031,good,0.000,2.60,0,0,0,0,11.82,2,0.0,,,
33,0.3240,-0.1168,-0.0386,2.888,good,0.000,3.11,0,0,0,0,15.08,2,0.0,,,
26,0.3280,-0.1146,-0.1924,3.007,good,0.000,4.22,0,0,0,0,11.37,3,0.0,,,
27,0.3280,-0.1115,0.2136,3.057,good,0.000,3.19,0,0,0,0,9.18,3,0.0,,,
28,0.3280,-0.1120,-0.1123,2.941,good,0.000,2.19,0,0,0,0,12.07,3,0.0,,,
29,0.3280,-0.1093,-0.0623,2.999,good,0.000,2.60,0,0,0,0,9.80,3,0.0,,,
36,0.3280,-0.1165,0.0448,3.143,good,0.006,4.09,0,0,0,0,8.88,2,0.0,,,
34,0.3320,-0.1125,-0.1904,3.111,good,0.001,2.55,0,0,0,0,8.30,3,0.0,,,
35,0.3320,-0.1122,0.0063,3.002,good,0.000,2.93,0,0,0,0,10.67,3,0.0,,,
37,0.3360,-0.1161,0.1209,3.003,good,0.000,2.11,0,0,0,0,11.95,3,0.0,,,
38,0.3360,-0.1132,-0.0552,3.305,good,0.000,3.64,0,0,0,0,4.50,3,0.0,,,
39,0.3360,-0.1147,0.0978,3.102,good,0.004,7.02,0,0,0,0,9.23,3,0.0,,,
40,0.3360,-0.1111,0.0564,3.001,good,0.002,2.77,0,0,0,0,10.33,3,0.0,,,
43,0.3360,-0.1191,0.2158,2.840,good,0.000,2.59,0,0,0,0,17.15,2,0.0,,,
41,0.3400,-0.1120,-0.0499,3.001,insect,1.000,9.27,1,1,1,0,10.67,3,2.1,25,39,39
42,0.3400,-0.1084,-0.1687,3.085,good,0.002,2.12,0,0,0,0,7.56,3,0.0,,,
46,0.3400,-0.1186,-0.0085,3.012,good,0.000,1.42,0,0,0,0,12.58,2,0.0,,,
47,0.3400,-0.1000,-0.0582,3.000,good,0.000,3.59,0,0,0,0,6.66,1,0.0,,,
44,0.3440,-0.1105,-0.0497,2.988,good,0.000,2.95,0,0,0,0,10.45,3,0.0,,,
45,0.3440,-0.1087,0.1153,3.002,good,0.000,1.58,0,0,0,0,9.53,3,0.0,,,
50,0.3480,-0.1190,0.1483,3.005,good,0.000,2.95,0,0,0,0,12.89,2,0.0,,,
51,0.3480,-0.1194,-0.0566,3.027,good,0.010,3.34,0,0,0,0,12.49,2,0.0,,,
52,0.3480,-0.1165,-0.1995,2.995,good,0.000,1.68,0,0,0,0,12.31,2,0.0,,,
48,0.3520,-0.1174,-0.1005,2.842,good,0.001,3.02,0,0,0,0,16.49,3,0.0,,,
49,0.3520,-0.1100,0.2393,2.989,good,0.000,2.29,0,0,0,0,10.27,3,0.0,,,
55,0.3520,-0.1188,-0.0645,3.008,good,0.000,4.43,0,0,0,0,12.74,2,0.0,,,
56,0.3520,-0.1158,0.1787,3.006,good,0.000,2.44,0,0,0,0,11.77,2,0.0,,,
53,0.3560,-0.1172,-0.2031,2.807,good,0.001,3.38,0,0,0,0,17.38,3,0.0,,,
54,0.3560,-0.1087,0.1666,3.003,good,0.000,2.56,0,0,0,0,9.52,3,0.0,,,
58,0.3560,-0.1199,0.0826,2.997,good,0.000,3.04,0,0,0,0,13.36,2,0.0,,,
59,0.3560,-0.1193,0.1961,2.992,good,0.000,2.50,0,0,0,0,13.30,2,0.0,,,
57,0.3600,-0.1138,0.0767,3.146,good,0.000,2.50,0,0,0,0,7.98,3,0.0,,,
63,0.3600,-0.1196,0.0651,3.005,good,0.000,2.75,0,0,0,0,13.08,2,0.0,,,
64,0.3600,-0.1190,0.1438,3.002,good,0.000,2.25,0,0,0,0,12.96,2,0.0,,,
60,0.3640,-0.1154,0.2229,2.898,good,0.000,2.27,0,0,0,0,14.33,3,0.0,,,
61,0.3640,-0.1135,0.1927,3.008,good,0.004,4.38,0,0,0,0,10.99,3,0.0,,,
62,0.3640,-0.1103,-0.0670,3.003,good,0.011,3.19,0,0,0,0,10.02,3,0.0,,,
67,0.3640,-0.1179,0.0061,2.999,good,0.000,3.79,0,0,0,0,12.65,2,0.0,,,
65,0.3680,-0.1086,-0.1171,3.257,good,0.008,2.14,0,0,0,0,4.06,3,0.0,,,
66,0.3680,-0.1107,-0.0609,3.002,insect,1.000,8.02,1,1,1,0,10.17,3,2.1,24,69,69
69,0.3680,-0.1195,0.1957,3.008,good,0.000,2.86,0,0,0,0,12.98,2,0.0,,,
70,0.3680,-0.1181,-0.0545,3.017,good,0.001,1.86,0,0,0,0,12.30,2,0.0,,,
71,0.3680,-0.1158,0.0313,2.972,good,0.000,3.36,0,0,0,0,12.62,2,0.0,,,
68,0.3720,-0.1140,0.0050,2.998,good,0.000,2.69,0,0,0,0,11.37,3,0.0,,,
74,0.3720,-0.1187,0.1709,2.999,good,0.000,2.10,0,0,0,0,12.91,2,0.0,,,
72,0.3760,-0.1132,0.0846,3.275,good,0.000,3.21,0,0,0,0,5.09,3,0.0,,,
73,0.3760,-0.1140,0.0206,2.954,good,0.002,2.46,0,0,0,0,12.44,3,0.0,,,
78,0.3760,-0.1098,0.0948,3.019,stick,1.000,70.73,1,1,1,0,9.49,2,1.6,44|43,80,
75,0.3800,-0.1105,-0.1504,2.974,good,0.001,3.04,0,0,0,0,10.80,3,0.0,,,
76,0.3800,-0.1112,0.1072,2.997,good,0.000,2.09,0,0,0,0,10.47,3,0.0,,,
77,0.3800,-0.1108,0.1361,2.648,good,0.001,1.60,0,0,0,0,19.61,3,0.0,,,
82,0.3800,-0.1190,0.0331,3.001,good,0.000,3.10,0,0,0,0,12.97,2,0.0,,,
83,0.3800,-0.1182,0.2396,2.873,good,0.031,10.47,0,0,0,0,15.95,2,0.0,,,
84,0.3800,-0.1170,-0.0324,2.996,broken,1.000,2.20,1,1,1,0,12.44,2,1.6,27|28,79,79
79,0.3840,-0.1120,-0.1018,3.150,good,0.036,4.25,0,0,0,0,7.31,3,0.0,,,
80,0.3840,-0.1104,-0.0837,3.004,good,0.078,3.27,0,0,0,0,10.03,3,0.0,,,
81,0.3840,-0.1080,-0.2063,3.086,good,0.001,4.13,0,0,0,0,7.38,3,0.0,,,
88,0.3840,-0.1200,-0.0084,2.992,good,0.033,8.25,0,0,0,0,13.52,2,0.0,,,
89,0.3840,-0.1197,0.2052,3.001,good,0.001,5.25,0,0,0,0,13.19,2,0.0,,,
90,0.3840,-0.1168,-0.2223,2.849,good,0.000,2.23,0,0,0,0,16.11,2,0.0,,,
85,0.3880,-0.1275,-0.2011,2.801,faded,0.990,3.94,1,1,1,0,17.23,2,2.1,6,109,
86,0.3880,-0.1171,0.1708,2.699,good,0.000,2.93,0,0,0,0,20.45,3,0.0,,,
87,0.3880,-0.1094,-0.1295,3.349,good,0.000,3.49,0,0,0,0,2.53,3,0.0,,,
95,0.3880,-0.1163,-0.1975,3.000,faded,0.988,3.83,1,1,1,0,12.10,1,2.1,6,88,
91,0.3920,-0.1122,-0.1408,3.001,good,0.000,2.43,0,0,0,0,10.70,3,0.0,,,
92,0.3920,-0.1098,0.0376,3.168,good,0.000,4.03,0,0,0,0,6.21,3,0.0,,,
94,0.3920,-0.1181,-0.1992,3.331,good,0.005,3.22,0,0,0,0,5.48,2,0.0,,,
93,0.3960,-0.1128,-0.1735,3.007,good,0.000,2.00,0,0,0,0,10.77,3,0.0,,,
96,0.4000,-0.1152,0.0947,3.000,good,0.000,4.51,0,0,0,0,11.75,3,0.0,,,
97,0.4000,-0.1136,-0.0604,3.030,good,0.001,1.92,0,0,0,0,10.50,3,0.0,,,
98,0.4000,-0.1138,-0.1865,2.999,good,0.000,2.39,0,0,0,0,11.28,3,0.0,,,
99,0.4000,-0.1129,-0.0079,2.995,good,0.000,4.13,0,0,0,0,11.10,3,0.0,,,
100,0.4000,-0.1117,0.1450,3.007,good,0.129,4.34,0,0,0,0,10.41,3,0.0,,,
101,0.4000,-0.1086,-0.2300,3.007,good,0.000,3.55,0,0,0,0,9.36,3,0.0,,,
105,0.4000,-0.1192,0.1971,2.995,good,0.000,3.40,0,0,0,0,13.18,2,0.0,,,
102,0.4040,-0.1148,0.0741,2.922,faded,0.701,3.66,1,1,1,0,13.51,3,2.1,41,82,82
103,0.4040,-0.1128,-0.0749,2.994,good,0.000,2.43,0,0,0,0,11.06,3,0.0,,,
104,0.4040,-0.1125,0.0588,3.028,faded,0.989,3.83,1,1,1,0,10.18,3,2.1,39,107,
108,0.4040,-0.1195,-0.1243,2.974,good,0.000,2.95,0,0,0,0,13.78,2,0.0,,,
106,0.4080,-0.1139,-0.0718,3.014,faded,0.800,4.08,1,1,1,0,10.98,3,2.1,22|23,92,92
107,0.4080,-0.1122,-0.0907,2.989,insect,1.000,8.40,1,1,1,0,10.99,3,2.1,20,121,121
111,0.4080,-0.1187,0.1428,2.891,good,0.000,5.31,0,0,0,0,15.63,2,0.0,,,
112,0.4080,-0.1155,0.0149,2.999,good,0.001,3.37,0,0,0,0,11.85,2,0.0,,,
109,0.4120,-0.1104,0.1989,2.998,good,0.002,3.31,0,0,0,0,10.16,3,0.0,,,
110,0.4120,-0.1128,0.0510,2.722,good,0.002,2.82,0,0,0,0,18.17,3,0.0,,,
116,0.4120,-0.1199,-0.0652,3.048,good,0.003,4.00,0,0,0,0,12.13,2,0.0,,,
117,0.4120,-0.1181,-0.1078,3.013,good,0.000,4.68,0,0,0,0,12.38,2,0.0,,,
113,0.4160,-0.1139,-0.0314,2.870,husk,1.000,10.16,1,1,1,0,14.52,3,1.6,27|28,130,
114,0.4160,-0.1129,0.1541,3.000,good,0.018,2.57,0,0,0,0,10.98,3,0.0,,,
115,0.4160,-0.1098,-0.1359,3.005,good,0.020,2.13,0,0,0,0,9.82,3,0.0,,,
118,0.4160,-0.1190,0.0504,3.034,good,0.000,2.38,0,0,0,0,12.19,2,0.0,,,
119,0.4160,-0.1177,0.2046,3.048,good,0.000,3.11,0,0,0,0,11.43,2,0.0,,,
120,0.4160,-0.1171,0.1273,2.979,good,0.000,2.63,0,0,0,0,12.88,2,0.0,,,
121,0.4200,-0.1173,-0.0914,3.000,good,0.000,2.86,0,0,0,0,12.44,2,0.0,,,
124,0.4200,-0.1069,0.0459,3.000,good,0.000,1.99,0,0,0,0,8.96,1,0.0,,,
122,0.4280,-0.1135,0.2347,2.863,broken,0.528,3.62,1,1,1,0,14.56,3,1.6,62|61,122,122
123,0.4280,-0.1086,-0.0506,2.994,good,0.000,1.79,0,0,0,0,9.65,3,0.0,,,
128,0.4280,-0.1179,0.0509,3.048,good,0.000,2.83,0,0,0,0,11.50,2,0.0,,,
129,0.4280,-0.1164,-0.0952,3.001,good,0.000,1.77,0,0,0,0,12.11,2,0.0,,,
130,0.4280,-0.1159,0.1390,2.995,faded,0.674,2.87,1,1,1,0,12.10,2,2.1,49,136,136
131,0.4280,-0.1133,0.1675,3.450,husk,0.997,10.35,1,1,1,0,1.84,2,1.6,53,186,
125,0.4320,-0.1105,-0.2049,3.097,good,0.008,2.97,0,0,0,0,7.98,3,0.0,,,
126,0.4320,-0.1346,-0.0452,3.000,good,0.005,6.47,0,0,0,0,10.21,1,0.0,,,
127,0.4320,-0.1109,0.0828,3.001,good,0.000,4.61,0,0,0,0,10.27,3,0.0,,,
136,0.4320,-0.1196,-0.0917,3.006,good,0.000,2.90,0,0,0,0,13.04,2,0.0,,,
137,0.4320,-0.1138,-0.0392,2.687,good,0.000,2.80,0,0,0,0,19.60,2,0.0,,,
138,0.4320,-0.1116,-0.0490,2.801,good,0.000,2.80,0,0,0,0,15.53,2,0.0,,,
132,0.4360,-0.1149,-0.0053,2.924,good,0.007,3.20,0,0,0,0,13.50,3,0.0,,,
133,0.4360,-0.1143,0.0445,3.001,good,0.000,3.14,0,0,0,0,11.40,3,0.0,,,
134,0.4360,-0.1131,0.1346,3.003,good,0.000,4.26,0,0,0,0,10.96,3,0.0,,,
135,0.4360,-0.1145,0.1586,2.517,sour,1.000,15.26,1,1,1,0,25.22,3,2.1,52,135,
143,0.4360,-0.1161,-0.0486,2.991,good,0.007,2.49,0,0,0,0,12.24,2,0.0,,,
147,0.4360,-0.1031,-0.0362,3.000,good,0.000,2.82,0,0,0,0,7.71,1,0.0,,,
139,0.4400,-0.1141,-0.1675,3.001,sour,1.000,17.07,1,1,1,0,11.37,3,2.1,10,138,
140,0.4400,-0.1116,0.1853,2.848,stick,0.999,20.97,1,1,1,0,14.31,3,1.6,55,131|145,
141,0.4400,-0.1142,0.1590,3.002,sour,1.000,29.47,1,1,1,0,11.35,3,2.1,52,125,125
142,0.4400,-0.1100,-0.1487,2.981,good,0.002,2.78,0,0,0,0,10.44,3,0.0,,,
146,0.4400,-0.1159,-0.1943,2.997,good,0.172,3.36,0,0,0,0,12.05,2,0.0,,,
144,0.4440,-0.1173,0.1403,2.662,good,0.002,3.26,0,0,0,0,21.64,3,0.0,,,
145,0.4440,-0.1095,-0.2274,2.846,good,0.000,3.13,0,0,0,0,13.62,3,0.0,,,
148,0.4480,-0.1152,0.1636,2.993,good,0.047,2.83,0,0,0,0,11.92,3,0.0,,,
149,0.4480,-0.1182,0.1881,2.525,good,0.000,6.65,0,0,0,0,26.41,3,0.0,,,
154,0.4480,-0.1190,0.0561,2.807,good,0.001,2.41,0,0,0,0,18.00,2,0.0,,,
155,0.4480,-0.1162,0.1182,2.999,good,0.007,2.88,0,0,0,0,12.12,2,0.0,,,
156,0.4480,-0.1143,0.2311,3.411,good,0.001,9.20,0,0,0,0,2.84,2,0.0,,,
150,0.4520,-0.1123,0.1505,3.200,faded,0.609,3.97,1,1,1,0,6.34,3,2.1,51,154,154
151,0.4520,-0.1115,0.1637,3.003,good,0.000,2.06,0,0,0,0,10.42,3,0.0,,,
152,0.4520,-0.1352,0.1848,3.000,good,0.000,2.00,0,0,0,0,10.39,1,0.0,,,
153,0.4520,-0.1091,0.0006,2.757,sour,1.000,16.22,1,1,1,0,15.84,3,2.1,32|31,156,
160,0.4520,-0.1192,-0.1231,3.002,good,0.000,4.10,0,0,0,0,13.03,2,0.0,,,
161,0.4520,-0.1183,-0.1983,3.005,sour,1.000,18.41,1,1,1,0,12.64,2,2.1,6,140,140
157,0.4560,-0.1145,0.0314,2.999,good,0.000,2.38,0,0,0,0,11.54,3,0.0,,,
158,0.4560,-0.1136,0.1254,3.043,good,0.000,2.10,0,0,0,0,10.20,3,0.0,,,
159,0.4560,-0.1116,0.1945,3.009,good,0.000,2.41,0,0,0,0,10.32,3,0.0,,,
164,0.4560,-0.1188,0.0978,2.074,good,0.080,7.01,0,0,0,0,45.46,2,0.0,,,
165,0.4560,-0.1178,0.1894,2.998,good,0.000,2.62,0,0,0,0,12.64,2,0.0,,,
171,0.4560,-0.1101,0.0953,3.000,good,0.001,2.95,0,0,0,0,10.03,1,0.0,,,
162,0.4600,-0.1141,-0.0993,2.984,good,0.000,4.52,0,0,0,0,11.75,3,0.0,,,
163,0.4600,-0.1082,-0.0476,3.001,good,0.000,3.22,0,0,0,0,9.38,3,0.0,,,
170,0.4600,-0.1170,-0.1628,2.999,good,0.001,2.01,0,0,0,0,12.35,2,0.0,,,
166,0.4640,-0.1095,-0.0124,3.026,good,0.000,3.01,0,0,0,0,9.25,3,0.0,,,
167,0.4640,-0.1095,-0.1302,2.986,faded,1.000,6.92,1,1,1,0,10.17,3,2.1,15,178,178
168,0.4640,-0.1108,-0.0751,3.002,good,0.000,2.73,0,0,0,0,10.21,3,0.0,,,
169,0.4640,-0.1088,0.2043,2.996,good,0.001,9.01,0,0,0,0,9.68,3,0.0,,,
175,0.4640,-0.1189,-0.0214,3.300,stone,1.000,19.32,1,1,1,0,6.33,2,6.1,29|28|30,163,163
176,0.4640,-0.1156,0.0675,3.014,good,0.000,5.60,0,0,0,0,11.51,2,0.0,,,
172,0.4680,-0.1149,-0.1438,3.018,good,0.000,1.95,0,0,0,0,11.21,3,0.0,,,
173,0.4680,-0.1116,0.0553,2.998,broken,0.999,2.59,1,1,1,0,10.57,3,1.6,39|38,159,159
174,0.4680,-0.1095,-0.1647,2.996,good,0.001,2.22,0,0,0,0,9.92,3,0.0,,,
177,0.4720,-0.1142,0.2201,3.015,good,0.000,2.04,0,0,0,0,11.04,3,0.0,,,
178,0.4720,-0.1079,-0.0134,3.310,good,0.000,3.31,0,0,0,0,2.82,3,0.0,,,
180,0.4760,-0.1194,0.0428,2.998,good,0.000,2.49,0,0,0,0,13.20,2,0.0,,,
181,0.4760,-0.1173,-0.1963,2.971,good,0.001,2.15,0,0,0,0,13.14,2,0.0,,,
179,0.4800,-0.1149,-0.1102,3.000,good,0.000,2.27,0,0,0,0,11.64,3,0.0,,,
182,0.4840,-0.1208,-0.0513,2.515,broken,0.982,3.94,1,1,1,0,23.79,2,1.6,25,,
187,0.4840,-0.1179,-0.0749,3.016,good,0.005,3.11,0,0,0,0,12.27,2,0.0,,,
188,0.4840,-0.1197,-0.0153,3.000,good,0.000,2.87,0,0,0,0,13.24,2,0.0,,,
189,0.4840,-0.1195,0.0915,3.009,good,0.000,3.74,0,0,0,0,12.95,2,0.0,,,
193,0.4840,-0.1107,-0.0557,3.000,broken,0.999,3.90,1,1,1,0,10.24,1,1.6,24|25,174,
183,0.4880,-0.1140,-0.0390,3.000,good,0.000,2.21,0,0,0,0,11.34,3,0.0,,,
184,0.4880,-0.1099,-0.2401,2.987,good,0.001,3.02,0,0,0,0,10.26,3,0.0,,,
185,0.4880,-0.1095,0.1840,3.009,good,0.041,3.49,0,0,0,0,9.63,3,0.0,,,
186,0.4880,-0.1098,-0.1616,2.995,good,0.000,2.73,0,0,0,0,10.06,3,0.0,,,
192,0.4880,-0.1172,-0.1164,2.998,good,0.000,2.85,0,0,0,0,12.46,2,0.0,,,
190,0.4920,-0.1151,0.0854,2.996,good,0.001,2.55,0,0,0,0,11.79,3,0.0,,,
191,0.4920,-0.1116,0.2124,3.002,good,0.000,3.51,0,0,0,0,10.50,3,0.0,,,
197,0.4920,-0.1178,-0.0306,3.000,good,0.002,2.08,0,0,0,0,12.60,2,0.0,,,
198,0.4920,-0.1157,0.1721,3.182,good,0.000,2.58,0,0,0,0,7.78,2,0.0,,,
194,0.4960,-0.1114,0.1369,3.080,good,0.000,2.72,0,0,0,0,8.64,3,0.0,,,
195,0.4960,-0.1118,0.1050,2.891,good,0.000,3.01,0,0,0,0,13.28,3,0.0,,,
196,0.4960,-0.1083,-0.2068,3.001,good,0.191,3.39,0,0,0,0,9.42,3,0.0,,,
210,0.4960,-0.1029,0.1763,3.000,good,0.000,3.10,0,0,0,0,7.65,1,0.0,,,
199,0.5000,-0.1140,-0.0282,3.143,faded,0.999,4.29,1,1,1,0,8.08,3,2.1,28,195,195
200,0.5000,-0.1383,-0.1997,3.000,good,0.000,3.08,0,0,0,0,11.44,1,0.0,,,
201,0.5000,-0.1125,-0.1390,2.995,good,0.002,1.98,0,0,0,0,10.96,3,0.0,,,
202,0.5000,-0.1105,-0.0107,3.001,good,0.001,2.23,0,0,0,0,10.16,3,0.0,,,
203,0.5000,-0.1098,-0.0669,2.992,good,0.002,3.20,0,0,0,0,10.11,3,0.0,,,
204,0.5000,-0.1196,-0.1016,3.045,faded,0.693,5.78,1,1,1,0,12.13,2,2.1,18|19,196|204,196|204
205,0.5000,-0.1167,-0.2028,3.086,good,0.013,8.82,0,0,0,0,10.24,2,0.0,,,
206,0.5000,-0.1187,0.0189,2.990,good,0.002,5.89,0,0,0,0,13.12,2,0.0,,,
208,0.5000,-0.1188,0.0553,3.017,good,0.001,2.94,0,0,0,0,12.53,2,0.0,,,
209,0.5000,-0.1172,-0.1296,2.999,good,0.000,4.24,0,0,0,0,12.40,2,0.0,,,
207,0.5040,-0.1080,0.1079,3.014,good,0.000,2.32,0,0,0,0,9.01,3,0.0,,,
211,0.5080,-0.1138,0.1793,3.029,good,0.000,1.98,0,0,0,0,10.61,3,0.0,,,
212,0.5080,-0.1127,-0.0962,2.984,good,0.000,2.43,0,0,0,0,11.29,3,0.0,,,
213,0.5080,-0.1132,0.0485,2.999,good,0.000,3.29,0,0,0,0,11.08,3,0.0,,,
214,0.5080,-0.1100,0.0386,3.199,good,0.000,2.87,0,0,0,0,5.65,3,0.0,,,
215,0.5080,-0.1064,0.0599,3.440,good,0.000,2.10,0,0,0,0,-0.00,3,0.0,,,
218,0.5080,-0.1197,-0.2188,2.998,good,0.000,5.07,0,0,0,0,13.31,2,0.0,,,
216,0.5120,-0.1150,-0.0958,2.996,sour,1.000,17.39,1,1,1,0,11.77,3,2.1,19,226,226
217,0.5120,-0.1124,0.1108,3.018,good,0.001,2.90,0,0,0,0,10.37,3,0.0,,,
219,0.5120,-0.1184,-0.1989,2.998,good,0.006,2.91,0,0,0,0,12.85,2,0.0,,,
220,0.5160,-0.1194,0.1531,3.033,good,0.000,3.07,0,0,0,0,12.33,2,0.0,,,
222,0.5200,-0.1189,-0.1337,3.196,good,0.002,8.04,0,0,0,0,8.49,2,0.0,,,
223,0.5200,-0.1189,-0.2340,2.993,good,0.008,4.73,0,0,0,0,13.14,2,0.0,,,
224,0.5200,-0.1172,0.2066,2.995,good,0.000,2.62,0,0,0,0,12.53,2,0.0,,,
225,0.5200,-0.1173,-0.0138,3.009,faded,1.000,5.17,1,1,1,0,12.22,2,2.1,30,203,203
221,0.5240,-0.1123,0.1349,2.999,good,0.002,2.66,0,0,0,0,10.80,3,0.0,,,
228,0.5240,-0.1188,0.0928,2.996,good,0.000,4.32,0,0,0,0,13.02,2,0.0,,,
226,0.5280,-0.1173,-0.1282,2.811,good,0.000,2.73,0,0,0,0,17.30,3,0.0,,,
227,0.5280,-0.1127,0.1590,3.159,good,0.000,3.32,0,0,0,0,7.35,3,0.0,,,
232,0.5280,-0.1157,-0.0171,2.994,good,0.004,4.08,0,0,0,0,12.05,2,0.0,,,
229,0.5320,-0.1132,-0.2135,3.012,good,0.001,18.87,1,1,1,0,10.78,3,6.0,4|5|3,239,239
230,0.5320,-0.1108,0.0948,2.996,good,0.000,4.21,0,0,0,0,10.37,3,0.0,,,
231,0.5320,-0.1094,-0.0258,2.885,faded,1.000,6.58,1,1,1,0,12.57,3,2.1,28,246,246
234,0.5320,-0.1175,0.1985,2.985,good,0.001,4.12,0,0,0,0,12.85,2,0.0,,,
233,0.5360,-0.1114,0.1723,2.992,good,0.000,1.98,0,0,0,0,10.65,3,0.0,,,
236,0.5360,-0.1171,0.0794,2.993,broken,0.921,2.38,1,1,1,0,12.53,2,1.6,42|41,222,222
237,0.5360,-0.1183,-0.0900,3.003,good,0.000,2.17,0,0,0,0,12.70,2,0.0,,,
238,0.5360,-0.1176,0.1495,3.004,sour,1.000,14.52,1,1,1,0,12.44,2,2.1,51|50,229,229
239,0.5360,-0.1160,0.2274,3.002,good,0.000,2.83,0,0,0,0,11.96,2,0.0,,,
235,0.5400,-0.1116,-0.1066,2.994,good,0.000,3.10,0,0,0,0,10.67,3,0.0,,,
243,0.5400,-0.1178,-0.1872,3.000,good,0.003,1.72,0,0,0,0,12.59,2,0.0,,,
240,0.5440,-0.1144,0.0277,3.022,broken,0.998,2.86,1,1,1,0,10.93,3,1.6,35,241,241
241,0.5440,-0.1093,-0.0493,3.004,sour,1.000,20.13,1,1,1,0,9.68,3,2.1,25,257,257
242,0.5440,-0.1085,-0.0861,3.010,good,0.004,1.63,0,0,0,0,9.28,3,0.0,,,
244,0.5480,-0.1126,-0.1923,3.006,good,0.000,2.64,0,0,0,0,10.73,3,0.0,,,
245,0.5480,-0.1154,-0.0181,2.841,good,0.000,3.18,0,0,0,0,15.83,3,0.0,,,
246,0.5480,-0.1107,-0.0976,3.005,good,0.001,3.79,0,0,0,0,10.12,3,0.0,,,
250,0.5480,-0.1184,-0.0452,3.058,good,0.000,2.85,0,0,0,0,11.42,2,0.0,,,
251,0.5480,-0.1184,-0.1195,3.087,good,0.144,4.99,0,0,0,0,10.75,2,0.0,,,
247,0.5520,-0.1136,0.0268,3.014,good,0.000,4.06,0,0,0,0,10.86,3,0.0,,,
248,0.5520,-0.1113,-0.1317,3.002,good,0.000,2.54,0,0,0,0,10.37,3,0.0,,,
249,0.5520,-0.1110,-0.1510,3.004,good,0.000,2.27,0,0,0,0,10.25,3,0.0,,,
254,0.5520,-0.1184,0.2253,3.012,good,0.004,3.48,0,0,0,0,12.51,2,0.0,,,
262,0.5520,-0.1062,-0.0403,3.000,good,0.000,2.64,0,0,0,0,8.73,1,0.0,,,
252,0.5560,-0.1106,0.1198,3.001,good,0.023,1.38,0,0,0,0,10.19,3,0.0,,,
253,0.5560,-0.1100,-0.0625,3.005,good,0.000,2.46,0,0,0,0,9.90,3,0.0,,,
259,0.5560,-0.1190,0.0299,3.000,good,0.000,2.66,0,0,0,0,12.99,2,0.0,,,
260,0.5560,-0.1182,0.2366,2.992,faded,1.000,5.95,1,1,1,0,12.95,2,2.1,62,242,242
261,0.5560,-0.1146,0.0701,3.049,good,0.001,5.16,0,0,0,0,10.38,2,0.0,,,
255,0.5600,-0.1122,-0.0419,3.038,good,0.004,2.89,0,0,0,0,9.86,3,0.0,,,
256,0.5600,-0.1144,0.0921,2.747,good,0.000,3.57,0,0,0,0,18.07,3,0.0,,,
257,0.5600,-0.1119,-0.0642,3.005,good,0.000,1.70,0,0,0,0,10.51,3,0.0,,,
258,0.5600,-0.1115,-0.1692,3.000,good,0.000,3.26,0,0,0,0,10.49,3,0.0,,,
263,0.5640,-0.1088,-0.2063,3.004,good,0.000,1.98,0,0,0,0,9.50,3,0.0,,,
267,0.5640,-0.1193,0.1342,3.005,good,0.000,2.97,0,0,0,0,12.99,2,0.0,,,
268,0.5640,-0.1185,-0.1586,3.001,good,0.000,2.10,0,0,0,0,12.79,2,0.0,,,
264,0.5680,-0.1141,0.0476,3.016,good,0.000,1.81,0,0,0,0,10.99,3,0.0,,,
265,0.5680,-0.1122,-0.1210,3.002,good,0.000,2.39,0,0,0,0,10.67,3,0.0,,,
266,0.5680,-0.1088,-0.2183,3.004,sour,1.000,21.68,1,1,1,0,9.48,3,2.1,4|3,270,270
274,0.5680,-0.1188,0.1567,3.002,good,0.000,3.19,0,0,0,0,12.87,2,0.0,,,
275,0.5680,-0.1174,0.0188,2.985,good,0.000,2.91,0,0,0,0,12.84,2,0.0,,,
269,0.5720,-0.1143,-0.0458,2.991,black,1.000,48.38,1,1,1,0,11.65,3,2.1,26|25,273,273
270,0.5720,-0.1158,0.1849,3.015,good,0.000,2.64,0,0,0,0,11.59,3,0.0,,,
271,0.5720,-0.1105,-0.0825,3.000,good,0.000,1.59,0,0,0,0,10.18,3,0.0,,,
272,0.5720,-0.1081,-0.1451,3.001,insect,1.000,3.46,1,1,1,0,9.35,3,2.1,13,255,255
273,0.5720,-0.1092,-0.0183,3.002,good,0.011,4.72,0,0,0,0,9.68,3,0.0,,,
276,0.5720,-0.1184,-0.1138,2.996,faded,0.544,7.46,1,1,1,0,12.87,2,2.1,17,259|278,259|278
277,0.5760,-0.1097,-0.0221,3.012,good,0.000,2.90,0,0,0,0,9.64,3,0.0,,,
280,0.5760,-0.1198,-0.1028,3.003,good,0.007,2.97,0,0,0,0,13.20,2,0.0,,,
281,0.5760,-0.1190,-0.0072,2.995,good,0.000,8.83,0,0,0,0,13.12,2,0.0,,,
278,0.5800,-0.1121,-0.0706,3.001,good,0.000,3.17,0,0,0,0,10.66,3,0.0,,,
279,0.5800,-0.1120,0.0136,2.997,good,0.009,2.29,0,0,0,0,10.74,3,0.0,,,
282,0.5840,-0.1135,0.1764,3.070,good,0.000,2.18,0,0,0,0,9.54,3,0.0,,,
283,0.5840,-0.1120,0.1666,2.989,good,0.000,3.71,0,0,0,0,10.93,3,0.0,,,
284,0.5840,-0.1119,0.0541,2.999,good,0.000,2.59,0,0,0,0,10.66,3,0.0,,,
289,0.5840,-0.1181,-0.0340,2.997,good,0.000,5.34,0,0,0,0,12.75,2,0.0,,,
290,0.5840,-0.1172,0.2103,3.000,good,0.001,3.15,0,0,0,0,12.39,2,0.0,,,
285,0.5880,-0.1141,-0.0274,2.976,good,0.000,1.78,0,0,0,0,11.94,3,0.0,,,
286,0.5880,-0.1127,-0.0734,3.010,good,0.000,3.11,0,0,0,0,10.67,3,0.0,,,
287,0.5880,-0.1123,0.0518,2.994,good,0.013,3.88,0,0,0,0,10.93,3,0.0,,,
288,0.5880,-0.1109,0.0325,3.001,good,0.000,2.93,0,0,0,0,10.26,3,0.0,,,
296,0.5880,-0.1177,-0.1784,3.029,good,0.001,4.61,0,0,0,0,11.87,2,0.0,,,
291,0.5920,-0.1135,0.1928,3.000,good,0.000,3.71,0,0,0,0,11.16,3,0.0,,,
292,0.5920,-0.1116,-0.2392,3.207,good,0.000,2.82,0,0,0,0,5.99,3,0.0,,,
293,0.5920,-0.1131,-0.0554,3.004,good,0.005,1.79,0,0,0,0,10.94,3,0.0,,,
294,0.5920,-0.1102,-0.2012,3.001,good,0.000,2.04,0,0,0,0,10.05,3,0.0,,,
295,0.5920,-0.1087,-0.1514,2.997,good,0.000,2.19,0,0,0,0,9.66,3,0.0,,,
299,0.5920,-0.1181,0.1167,2.992,good,0.000,3.10,0,0,0,0,12.90,2,0.0,,,
297,0.5960,-0.1134,0.1287,2.991,good,0.000,3.32,0,0,0,0,11.35,3,0.0,,,
298,0.5960,-0.1121,-0.1016,3.001,good,0.018,2.52,0,0,0,0,10.68,3,0.0,,,
301,0.5960,-0.1196,0.0314,2.995,good,0.001,4.45,0,0,0,0,13.30,2,0.0,,,
300,0.6000,-0.1102,-0.0847,3.004,good,0.001,2.61,0,0,0,0,10.00,3,0.0,,,
303,0.6000,-0.1197,0.0590,3.450,good,0.000,2.41,0,0,0,0,3.69,2,0.0,,,
305,0.6000,-0.1165,-0.1867,3.000,good,0.001,1.94,0,0,0,0,12.17,2,0.0,,,
306,0.6000,-0.1171,0.0854,2.989,good,0.002,1.99,0,0,0,0,12.63,2,0.0,,,
302,0.6040,-0.1149,0.0972,3.037,good,0.000,1.95,0,0,0,0,10.76,3,0.0,,,
304,0.6040,-0.1082,-0.1270,2.942,faded,1.000,5.01,1,1,1,0,10.79,3,2.1,15,313,
308,0.6040,-0.1170,-0.2234,3.004,good,0.002,2.11,0,0,0,0,12.25,2,0.0,,,
309,0.6040,-0.1160,0.1655,2.999,good,0.000,1.89,0,0,0,0,12.03,2,0.0,,,
307,0.6080,-0.1144,0.1089,2.996,good,0.000,3.58,0,0,0,0,11.55,3,0.0,,,
311,0.6080,-0.1189,-0.1007,2.998,good,0.462,2.91,0,0,0,0,13.02,2,0.0,,,
310,0.6120,-0.1154,0.2270,2.995,good,0.000,5.35,0,0,0,0,11.93,3,0.0,,,
313,0.6120,-0.1197,-0.1791,3.011,good,0.000,1.96,0,0,0,0,12.95,2,0.0,,,
314,0.6120,-0.1177,-0.1888,3.003,good,0.000,3.17,0,0,0,0,12.51,2,0.0,,,
315,0.6120,-0.1172,0.1459,3.003,good,0.002,3.58,0,0,0,0,12.33,2,0.0,,,
312,0.6160,-0.1107,-0.2088,2.957,good,0.000,4.17,0,0,0,0,11.27,3,0.0,,,
317,0.6160,-0.1181,0.0308,2.980,good,0.000,2.28,0,0,0,0,13.18,2,0.0,,,
318,0.6160,-0.1173,0.1065,3.000,good,0.000,4.25,0,0,0,0,12.42,2,0.0,,,
319,0.6160,-0.1154,-0.1942,2.999,good,0.004,3.01,0,0,0,0,11.83,2,0.0,,,
316,0.6200,-0.1092,-0.0574,3.012,insect,1.000,3.50,1,1,1,0,9.44,3,2.1,24,329,329
320,0.6240,-0.1103,-0.2001,3.003,good,0.003,2.87,0,0,0,0,10.02,3,0.0,,,
321,0.6240,-0.1104,0.0652,3.000,good,0.000,2.91,0,0,0,0,10.13,3,0.0,,,
322,0.6240,-0.1087,-0.0434,2.998,good,0.000,2.86,0,0,0,0,9.63,3,0.0,,,
324,0.6240,-0.1193,0.1551,3.003,sour,1.000,32.30,1,1,1,0,13.01,2,2.1,51|52,317,317
325,0.6240,-0.1195,0.0375,3.068,good,0.000,2.14,0,0,0,0,11.54,2,0.0,,,
326,0.6240,-0.1173,-0.0170,2.999,good,0.000,2.31,0,0,0,0,12.45,2,0.0,,,
327,0.6240,-0.1125,-0.0893,3.075,good,0.000,6.78,0,0,0,0,9.11,2,0.0,,,
323,0.6280,-0.1085,0.0452,3.002,shell,1.000,9.52,1,1,1,0,9.47,3,1.6,37,316,316
329,0.6280,-0.1185,-0.2427,3.047,good,0.022,2.87,0,0,0,0,11.71,2,0.0,,,
330,0.6280,-0.1195,-0.1151,3.000,good,0.000,2.68,0,0,0,0,13.16,2,0.0,,,
328,0.6320,-0.1143,-0.1810,3.007,good,0.000,4.11,0,0,0,0,11.27,3,0.0,,,
336,0.6320,-0.1182,0.2253,3.012,good,0.000,5.34,0,0,0,0,12.46,2,0.0,,,
331,0.6360,-0.1147,-0.1069,2.996,good,0.000,2.30,0,0,0,0,11.68,3,0.0,,,
332,0.6360,-0.1135,0.1964,3.125,good,0.001,2.56,0,0,0,0,8.33,3,0.0,,,
333,0.6360,-0.1143,0.0229,3.028,shell,1.000,9.34,1,1,1,0,10.80,3,1.6,34|35,325,325
334,0.6360,-0.1126,-0.2396,2.990,good,0.013,4.88,0,0,0,0,11.12,3,0.0,,,
335,0.6360,-0.1083,0.1876,3.090,good,0.005,3.18,0,0,0,0,7.41,3,0.0,,,
340,0.6360,-0.1166,-0.0747,3.001,good,0.000,4.20,0,0,0,0,12.19,2,0.0,,,
337,0.6400,-0.1146,0.0876,2.981,good,0.000,2.81,0,0,0,0,11.98,3,0.0,,,
338,0.6400,-0.1124,-0.1865,2.999,good,0.001,1.70,0,0,0,0,10.83,3,0.0,,,
339,0.6400,-0.1095,0.0323,3.012,good,0.000,2.72,0,0,0,0,9.56,3,0.0,,,
341,0.6440,-0.1103,0.0855,3.026,good,0.000,2.26,0,0,0,0,9.50,3,0.0,,,
342,0.6440,-0.1094,-0.0848,2.996,good,0.000,2.19,0,0,0,0,9.91,3,0.0,,,
343,0.6440,-0.1084,0.2056,2.996,good,0.002,2.68,0,0,0,0,9.53,3,0.0,,,
344,0.6480,-0.1130,-0.0278,3.048,good,0.298,5.13,0,0,0,0,9.87,3,0.0,,,
345,0.6480,-0.1111,0.0050,3.361,shell,1.000,26.25,1,1,1,0,2.83,3,1.6,32,366,
346,0.6480,-0.1100,-0.1971,3.002,good,0.109,2.22,0,0,0,0,9.96,3,0.0,,,
347,0.6480,-0.1085,-0.1535,3.011,good,0.087,3.17,0,0,0,0,9.24,3,0.0,,,
348,0.6480,-0.1088,0.1378,3.002,good,0.000,2.97,0,0,0,0,9.56,3,0.0,,,
350,0.6480,-0.1150,0.0252,3.250,good,0.000,2.38,0,0,0,0,6.17,2,0.0,,,
349,0.6520,-0.1134,-0.0163,3.008,sour,1.000,18.51,1,1,1,0,10.97,3,2.1,29|30,352,352
352,0.6520,-0.1196,-0.0627,3.007,good,0.001,1.94,0,0,0,0,13.04,2,0.0,,,
351,0.6560,-0.1110,-0.1221,2.992,good,0.003,2.19,0,0,0,0,10.54,3,0.0,,,
357,0.6560,-0.1196,-0.0036,3.003,good,0.000,2.66,0,0,0,0,13.13,2,0.0,,,
363,0.6560,-0.1076,-0.0674,3.000,good,0.002,1.91,0,0,0,0,9.19,1,0.0,,,
353,0.6600,-0.1133,0.1086,3.000,good,0.000,2.19,0,0,0,0,11.10,3,0.0,,,
354,0.6600,-0.1115,0.1537,3.011,good,0.001,3.52,0,0,0,0,10.25,3,0.0,,,
355,0.6600,-0.1102,-0.2018,3.011,faded,1.000,8.03,1,1,1,0,9.81,3,2.1,6|5,354,354
356,0.6600,-0.1097,0.1239,3.004,good,0.000,2.67,0,0,0,0,9.79,3,0.0,,,
362,0.6600,-0.1172,-0.0725,2.990,faded,0.997,4.77,1,1,1,0,12.65,2,2.1,22,344,344
358,0.6640,-0.1155,-0.1733,3.000,good,0.000,3.52,0,0,0,0,11.84,3,0.0,,,
359,0.6640,-0.1140,-0.1481,2.992,good,0.000,1.93,0,0,0,0,11.53,3,0.0,,,
360,0.6640,-0.1117,0.0328,3.005,insect,1.000,4.04,1,1,1,0,10.45,3,2.1,36|35,346,346
361,0.6640,-0.1083,-0.0625,3.042,good,0.010,2.75,0,0,0,0,8.48,3,0.0,,,
368,0.6640,-0.1159,0.0115,3.003,good,0.000,2.83,0,0,0,0,11.89,2,0.0,,,
364,0.6680,-0.1140,0.1813,2.997,black,1.000,48.81,1,1,1,0,11.42,3,2.1,55,355,355
365,0.6680,-0.1126,-0.0853,2.991,black,1.000,45.83,1,1,1,0,11.09,3,2.1,21|20,377,377
366,0.6680,-0.1117,-0.1109,2.994,good,0.000,2.99,0,0,0,0,10.72,3,0.0,,,
367,0.6680,-0.1104,0.1066,3.021,good,0.000,3.05,0,0,0,0,9.65,3,0.0,,,
375,0.6680,-0.1188,-0.2239,2.999,good,0.000,2.60,0,0,0,0,12.97,2,0.0,,,
369,0.6720,-0.1140,0.2117,3.061,good,0.001,3.32,0,0,0,0,9.89,3,0.0,,,
370,0.6720,-0.1127,0.0378,3.028,good,0.000,2.79,0,0,0,0,10.23,3,0.0,,,
371,0.6720,-0.1123,-0.0028,2.996,good,0.000,2.48,0,0,0,0,10.84,3,0.0,,,
372,0.6720,-0.1117,0.0692,2.998,good,0.000,1.83,0,0,0,0,10.61,3,0.0,,,
373,0.6720,-0.1084,0.2247,3.005,good,0.000,1.87,0,0,0,0,9.36,3,0.0,,,
374,0.6720,-0.1084,-0.1400,3.008,good,0.000,2.11,0,0,0,0,9.26,3,0.0,,,
378,0.6720,-0.1190,0.0439,3.101,good,0.011,3.74,0,0,0,0,10.62,2,0.0,,,
376,0.6760,-0.1112,-0.2075,3.000,good,0.000,1.94,0,0,0,0,10.38,3,0.0,,,
377,0.6760,-0.1101,0.1422,3.007,good,0.001,4.91,0,0,0,0,9.86,3,0.0,,,
379,0.6760,-0.1199,0.1287,2.994,good,0.002,7.44,0,0,0,0,13.45,2,0.0,,,
380,0.6760,-0.1170,0.0785,3.024,good,0.000,3.02,0,0,0,0,11.75,2,0.0,,,
381,0.6760,-0.1179,0.1689,3.000,good,0.000,2.31,0,0,0,0,12.66,2,0.0,,,
387,0.6800,-0.1079,0.1331,3.000,good,0.000,5.41,0,0,0,0,9.29,1,0.0,,,
382,0.6840,-0.1161,-0.2316,3.002,good,0.000,2.35,0,0,0,0,11.99,3,0.0,,,
386,0.6840,-0.1158,0.1135,2.995,good,0.010,7.43,0,0,0,0,12.06,2,0.0,,,
383,0.6880,-0.1133,0.0740,2.995,broken,0.882,2.03,1,1,1,0,11.20,3,1.6,41,395,395
384,0.6880,-0.1107,-0.0238,3.348,broken,1.000,11.56,1,1,1,0,2.93,3,1.6,28|29,412,412
385,0.6880,-0.1083,0.0395,2.988,good,0.000,3.11,0,0,0,0,9.72,3,0.0,,,
388,0.6920,-0.1137,0.1143,3.001,sour,1.000,15.97,1,1,1,0,11.21,3,2.1,46,396,396
389,0.6920,-0.1123,0.0453,3.001,good,0.001,4.41,0,0,0,0,10.73,3,0.0,,,
390,0.6920,-0.1095,-0.1712,3.026,good,0.000,18.88,1,1,1,0,9.24,3,6.0,10|9|11,379,379
391,0.6920,-0.1096,0.2008,2.998,good,0.000,3.72,0,0,0,0,9.90,3,0.0,,,
392,0.6920,-0.1097,-0.2337,2.995,good,0.129,3.42,0,0,0,0,10.02,3,0.0,,,
395,0.6920,-0.1172,0.0631,3.002,faded,0.986,4.01,1,1,1,0,12.35,2,2.1,40|39,394,394
393,0.6960,-0.1115,0.0154,2.994,faded,1.000,5.47,1,1,1,0,10.64,3,2.1,33|34,389,389
394,0.6960,-0.1109,0.2039,3.007,good,0.001,3.68,0,0,0,0,10.15,3,0.0,,,
398,0.6960,-0.1199,-0.0574,3.000,good,0.000,2.24,0,0,0,0,13.29,2,0.0,,,
399,0.6960,-0.1196,0.1925,3.016,good,0.000,2.16,0,0,0,0,12.81,2,0.0,,,
400,0.6960,-0.1170,-0.1055,3.042,good,0.000,2.43,0,0,0,0,11.32,2,0.0,,,
396,0.7000,-0.1149,0.0534,2.999,good,0.000,2.56,0,0,0,0,11.64,3,0.0,,,
397,0.7000,-0.1093,0.2080,3.038,good,0.002,2.38,0,0,0,0,8.90,3,0.0,,,
405,0.7000,-0.1174,0.1224,2.987,good,0.000,2.73,0,0,0,0,12.78,2,0.0,,,
406,0.7000,-0.1163,-0.0341,2.995,sour,1.000,27.00,1,1,1,0,12.23,2,2.1,27,403,403
401,0.7040,-0.1167,0.2032,2.954,good,0.000,2.49,0,0,0,0,13.34,3,0.0,,,
402,0.7040,-0.1138,-0.1820,2.992,good,0.004,1.38,0,0,0,0,11.46,3,0.0,,,
403,0.7040,-0.1071,-0.2105,3.383,broken,0.966,8.05,1,1,1,0,1.23,3,1.6,5|4,410,
404,0.7040,-0.1093,0.1928,2.916,good,0.202,4.15,0,0,0,0,11.79,3,0.0,,,
410,0.7040,-0.1186,0.0432,3.009,good,0.177,4.14,0,0,0,0,12.64,2,0.0,,,
407,0.7080,-0.1150,0.0215,2.912,good,0.000,4.80,0,0,0,0,13.82,3,0.0,,,
408,0.7080,-0.1133,0.1526,3.000,good,0.000,2.46,0,0,0,0,11.10,3,0.0,,,
409,0.7080,-0.1126,-0.0733,3.052,good,0.000,2.17,0,0,0,0,9.68,3,0.0,,,
414,0.7080,-0.1171,0.0780,2.995,good,0.000,4.61,0,0,0,0,12.49,2,0.0,,,
411,0.7120,-0.1125,0.1115,2.987,good,0.000,1.86,0,0,0,0,11.16,3,0.0,,,
412,0.7120,-0.1100,-0.1436,2.993,good,0.001,3.27,0,0,0,0,10.15,3,0.0,,,
413,0.7120,-0.1097,-0.0737,2.945,good,0.000,2.09,0,0,0,0,11.20,3,0.0,,,
415,0.7160,-0.1155,-0.0744,2.964,good,0.001,5.33,0,0,0,0,12.72,3,0.0,,,
416,0.7160,-0.1132,0.1616,3.197,good,0.000,2.24,0,0,0,0,6.67,3,0.0,,,
417,0.7160,-0.1130,0.1150,3.002,good,0.000,1.72,0,0,0,0,10.96,3,0.0,,,
419,0.7160,-0.1158,0.0209,3.073,good,0.000,9.07,0,0,0,0,10.24,2,0.0,,,
420,0.7160,-0.1150,-0.1944,3.180,good,0.001,2.60,0,0,0,0,7.60,2,0.0,,,
418,0.7200,-0.1104,0.0665,2.966,good,0.003,3.18,0,0,0,0,10.93,3,0.0,,,
427,0.7200,-0.1004,0.1647,3.000,good,0.000,3.33,0,0,0,0,6.79,1,0.0,,,
421,0.7240,-0.1149,0.0780,3.007,good,0.000,2.62,0,0,0,0,11.45,3,0.0,,,
422,0.7240,-0.1156,-0.1346,3.009,good,0.000,2.78,0,0,0,0,11.65,3,0.0,,,
423,0.7240,-0.1128,0.0972,2.820,good,0.009,4.08,0,0,0,0,15.44,3,0.0,,,
425,0.7240,-0.1158,-0.1889,3.092,good,0.000,3.72,0,0,0,0,9.80,2,0.0,,,
426,0.7240,-0.1154,0.1754,3.020,good,0.002,4.73,0,0,0,0,11.32,2,0.0,,,
424,0.7280,-0.1126,-0.2103,3.017,good,0.002,2.87,0,0,0,0,10.49,3,0.0,,,
431,0.7280,-0.1174,0.2243,2.993,good,0.001,2.90,0,0,0,0,12.62,2,0.0,,,
428,0.7320,-0.1159,0.1329,2.990,good,0.000,6.14,0,0,0,0,12.20,3,0.0,,,
429,0.7320,-0.1149,0.1933,2.876,faded,0.999,5.32,1,1,1,0,14.73,3,2.1,56,437,437
430,0.7320,-0.1090,-0.1315,3.002,good,0.009,2.33,0,0,0,0,9.62,3,0.0,,,
434,0.7320,-0.1197,0.2131,2.986,good,0.001,3.04,0,0,0,0,13.58,2,0.0,,,
435,0.7320,-0.1170,-0.1627,3.005,good,0.000,2.94,0,0,0,0,12.22,2,0.0,,,
436,0.7320,-0.1177,-0.1088,3.001,good,0.000,2.67,0,0,0,0,12.55,2,0.0,,,
432,0.7360,-0.1117,0.0858,2.906,good,0.001,3.54,0,0,0,0,12.87,3,0.0,,,
433,0.7360,-0.1115,0.0293,2.730,sour,1.000,22.15,1,1,1,0,17.47,3,2.1,35,418,
440,0.7360,-0.1193,-0.1489,2.990,good,0.000,2.58,0,0,0,0,13.34,2,0.0,,,
437,0.7400,-0.1162,-0.1249,3.009,good,0.001,2.49,0,0,0,0,11.86,3,0.0,,,
438,0.7400,-0.1140,0.1198,2.997,good,0.000,2.61,0,0,0,0,11.40,3,0.0,,,
439,0.7400,-0.1109,0.0891,2.999,good,0.000,2.93,0,0,0,0,10.33,3,0.0,,,
442,0.7400,-0.1187,0.0670,3.008,good,0.001,2.87,0,0,0,0,12.68,2,0.0,,,
443,0.7400,-0.1180,0.0224,3.007,good,0.094,2.90,0,0,0,0,12.51,2,0.0,,,
444,0.7400,-0.1190,0.2338,2.988,good,0.110,4.29,0,0,0,0,13.29,2,0.0,,,
445,0.7400,-0.1160,0.2128,2.994,good,0.046,3.60,0,0,0,0,12.12,2,0.0,,,
441,0.7440,-0.1145,-0.1147,3.015,good,0.395,2.69,0,0,0,0,11.14,3,0.0,,,
446,0.7480,-0.1116,-0.0635,3.017,good,0.000,2.32,0,0,0,0,10.14,3,0.0,,,
450,0.7480,-0.1189,0.1372,3.013,good,0.000,2.03,0,0,0,0,12.65,2,0.0,,,
451,0.7480,-0.1164,-0.1776,2.976,good,0.003,2.25,0,0,0,0,12.71,2,0.0,,,
447,0.7520,-0.1147,-0.1272,2.988,good,0.000,2.28,0,0,0,0,11.86,3,0.0,,,
448,0.7520,-0.1136,0.0744,3.004,good,0.000,1.98,0,0,0,0,11.09,3,0.0,,,
449,0.7520,-0.1100,-0.0141,2.999,good,0.000,3.48,0,0,0,0,10.02,3,0.0,,,
456,0.7520,-0.1186,-0.2203,3.021,good,0.000,1.94,0,0,0,0,12.36,2,0.0,,,
457,0.7520,-0.1190,0.0900,3.000,good,0.000,2.46,0,0,0,0,13.02,2,0.0,,,
458,0.7520,-0.1191,0.1455,3.029,good,0.002,2.39,0,0,0,0,12.32,2,0.0,,,
452,0.7560,-0.1135,-0.2060,2.981,good,0.000,2.29,0,0,0,0,11.63,3,0.0,,,
453,0.7560,-0.1120,0.1586,2.988,good,0.006,1.98,0,0,0,0,10.94,3,0.0,,,
454,0.7560,-0.1103,0.1926,2.968,black,1.000,48.10,1,1,1,0,10.87,3,2.1,56,466,
455,0.7560,-0.1095,-0.0896,3.006,good,0.000,2.60,0,0,0,0,9.72,3,0.0,,,
460,0.7560,-0.1199,-0.0467,2.991,good,0.013,2.35,0,0,0,0,13.52,2,0.0,,,
461,0.7560,-0.1186,-0.0266,3.039,good,0.007,6.23,0,0,0,0,11.94,2,0.0,,,
459,0.7600,-0.1143,0.0319,3.004,good,0.006,3.01,0,0,0,0,11.33,3,0.0,,,
462,0.7640,-0.1157,0.0304,3.000,good,0.000,3.44,0,0,0,0,11.90,3,0.0,,,
463,0.7640,-0.1111,0.1364,3.001,good,0.000,2.32,0,0,0,0,10.34,3,0.0,,,
468,0.7640,-0.1180,-0.0947,2.977,good,0.013,3.98,0,0,0,0,13.23,2,0.0,,,
469,0.7640,-0.1192,0.0880,2.715,good,0.002,2.65,0,0,0,0,20.75,2,0.0,,,
464,0.7680,-0.1148,-0.1309,3.140,faded,0.985,4.28,1,1,1,0,8.41,3,2.1,15,476,476
465,0.7680,-0.1141,0.1839,3.006,good,0.009,4.97,0,0,0,0,11.24,3,0.0,,,
466,0.7680,-0.1126,-0.1848,2.879,good,0.002,2.61,0,0,0,0,13.85,3,0.0,,,
467,0.7680,-0.1082,-0.1460,3.059,good,0.000,2.45,0,0,0,0,8.07,3,0.0,,,
471,0.7680,-0.1160,0.1304,3.031,good,0.000,2.18,0,0,0,0,11.27,2,0.0,,,
472,0.7680,-0.1153,0.0521,3.003,good,0.000,2.87,0,0,0,0,11.71,2,0.0,,,
470,0.7720,-0.1128,0.2291,2.983,good,0.009,2.87,0,0,0,0,11.33,3,0.0,,,
474,0.7720,-0.1155,-0.1790,3.450,good,0.000,2.57,0,0,0,0,2.45,2,0.0,,,
473,0.7760,-0.1081,0.0403,3.393,good,0.162,12.75,0,0,0,0,1.33,3,0.0,,,
478,0.7760,-0.1184,-0.0959,3.003,good,0.001,2.37,0,0,0,0,12.71,2,0.0,,,
475,0.7800,-0.1121,0.1322,3.078,good,0.000,2.24,0,0,0,0,8.92,3,0.0,,,
476,0.7800,-0.1085,-0.1944,3.260,good,0.000,2.30,0,0,0,0,3.95,3,0.0,,,
477,0.7800,-0.1093,0.0668,2.999,good,0.001,3.67,0,0,0,0,9.79,3,0.0,,,
481,0.7800,-0.1184,0.2001,2.990,good,0.000,2.37,0,0,0,0,13.04,2,0.0,,,
482,0.7800,-0.1193,-0.1621,3.002,good,0.000,2.76,0,0,0,0,13.04,2,0.0,,,
479,0.7840,-0.1105,0.1110,3.196,good,0.000,4.21,0,0,0,0,5.86,3,0.0,,,
480,0.7840,-0.1161,0.0771,2.417,good,0.033,2.83,0,0,0,0,29.40,3,0.0,,,
485,0.7840,-0.1169,0.1837,3.063,good,0.000,1.95,0,0,0,0,10.80,2,0.0,,,
486,0.7840,-0.1168,0.1955,3.000,good,0.000,3.17,0,0,0,0,12.28,2,0.0,,,
483,0.7880,-0.1134,-0.0422,3.002,good,0.000,3.65,0,0,0,0,11.10,3,0.0,,,
484,0.7880,-0.1085,0.0544,2.998,good,0.037,6.89,0,0,0,0,9.53,3,0.0,,,
487,0.7880,-0.1185,0.0064,3.000,good,0.000,3.50,0,0,0,0,12.84,2,0.0,,,
488,0.7880,-0.1174,0.1267,3.059,good,0.000,2.39,0,0,0,0,11.06,2,0.0,,,
493,0.7920,-0.1183,0.0966,3.176,black,1.000,50.30,1,1,1,0,8.75,2,2.1,44,501,
494,0.7920,-0.1190,-0.1978,3.006,good,0.003,8.40,0,0,0,0,12.86,2,0.0,,,
489,0.7960,-0.1116,-0.0953,2.983,good,0.001,2.71,0,0,0,0,10.95,3,0.0,,,
490,0.7960,-0.1118,0.0834,3.000,good,0.000,2.48,0,0,0,0,10.60,3,0.0,,,
491,0.7960,-0.1097,-0.0463,3.196,good,0.001,2.59,0,0,0,0,5.60,3,0.0,,,
492,0.7960,-0.1092,-0.1344,3.093,good,0.000,3.34,0,0,0,0,7.63,3,0.0,,,
498,0.7960,-0.1167,-0.0243,2.969,sour,1.000,23.48,1,1,1,0,13.00,2,2.1,28|29,488,488
495,0.8000,-0.1143,0.1475,2.999,sour,1.000,22.95,1,1,1,0,11.44,3,2.1,50|51,503,503
496,0.8000,-0.1082,0.1932,3.043,good,0.000,1.68,0,0,0,0,8.44,3,0.0,,,
497,0.8000,-0.1081,0.1282,2.993,good,0.001,3.03,0,0,0,0,9.54,3,0.0,,,
502,0.8000,-0.1180,0.1781,2.668,black,1.000,55.45,1,1,1,0,21.72,2,2.1,54|55,472,
499,0.8040,-0.1149,0.1301,2.998,good,0.000,2.44,0,0,0,0,11.68,3,0.0,,,
500,0.8040,-0.1067,0.1059,3.450,good,0.001,2.57,0,0,0,0,-0.08,3,0.0,,,
501,0.8040,-0.1083,-0.0467,2.988,good,0.000,2.18,0,0,0,0,9.72,3,0.0,,,
506,0.8040,-0.1198,0.1771,3.000,good,0.000,1.71,0,0,0,0,13.28,2,0.0,,,
507,0.8040,-0.1180,-0.0859,3.025,shell,1.000,10.08,1,1,1,0,12.06,2,1.6,21|20,493,493
503,0.8080,-0.1115,-0.2395,3.326,good,0.003,3.55,0,0,0,0,3.58,3,0.0,,,
504,0.8080,-0.1145,0.1332,3.006,faded,1.000,4.56,1,1,1,0,11.36,3,2.1,49|48,502,502
505,0.8080,-0.1086,0.0625,2.994,faded,1.000,5.30,1,1,1,0,9.68,3,2.1,39|40,499,499
511,0.8080,-0.1187,-0.1614,3.000,good,0.000,2.58,0,0,0,0,12.90,2,0.0,,,
512,0.8080,-0.1178,0.1032,2.999,insect,0.986,6.21,1,1,1,0,12.63,2,2.1,45,490|525,490
508,0.8120,-0.1108,-0.1237,2.993,good,0.001,2.27,0,0,0,0,10.44,3,0.0,,,
509,0.8120,-0.1091,0.2221,3.049,good,0.000,3.90,0,0,0,0,8.58,3,0.0,,,
510,0.8120,-0.1101,-0.0748,2.778,good,0.000,2.60,0,0,0,0,15.65,3,0.0,,,
513,0.8160,-0.1140,0.1841,3.074,good,0.002,11.56,0,0,0,0,9.62,3,0.0,,,
518,0.8160,-0.1177,0.0151,3.005,good,0.001,2.75,0,0,0,0,12.46,2,0.0,,,
519,0.8160,-0.1177,-0.0533,3.006,good,0.000,1.74,0,0,0,0,12.41,2,0.0,,,
514,0.8200,-0.1136,0.0781,3.003,insect,1.000,3.92,1,1,1,0,11.11,3,2.1,41|42,522,522
515,0.8200,-0.1134,0.1935,3.094,good,0.008,8.35,0,0,0,0,8.98,3,0.0,,,
516,0.8200,-0.1119,-0.1649,3.021,good,0.005,2.18,0,0,0,0,10.15,3,0.0,,,
517,0.8200,-0.1213,-0.0192,2.950,good,0.000,1.84,0,0,0,0,11.02,2,0.0,,,
523,0.8200,-0.1189,-0.1328,2.987,black,1.000,50.26,1,1,1,0,13.30,2,2.1,15|14,532,532
527,0.8200,-0.1095,-0.0149,3.000,good,0.000,1.77,0,0,0,0,9.83,1,0.0,,,
520,0.8240,-0.1120,0.1516,3.059,good,0.001,3.29,0,0,0,0,9.30,3,0.0,,,
521,0.8240,-0.1115,0.0280,2.985,good,0.001,2.37,0,0,0,0,10.86,3,0.0,,,
522,0.8240,-0.1085,0.2420,2.983,good,0.001,2.67,0,0,0,0,9.90,3,0.0,,,
525,0.8240,-0.1197,-0.2009,3.011,good,0.002,3.09,0,0,0,0,12.96,2,0.0,,,
524,0.8280,-0.1116,-0.1657,3.052,good,0.286,3.87,0,0,0,0,9.33,3,0.0,,,
526,0.8280,-0.1082,-0.2321,3.000,good,0.002,3.30,0,0,0,0,9.39,3,0.0,,,
528,0.8320,-0.1123,-0.1932,2.832,good,0.006,2.24,0,0,0,0,14.98,3,0.0,,,
529,0.8320,-0.1093,0.0653,2.985,good,0.003,4.87,0,0,0,0,10.12,3,0.0,,,
531,0.8320,-0.1195,0.0757,3.000,good,0.001,3.06,0,0,0,0,13.15,2,0.0,,,
532,0.8320,-0.1196,-0.1014,2.728,good,0.000,3.01,0,0,0,0,20.51,2,0.0,,,
530,0.8360,-0.1124,-0.2086,2.752,good,0.000,2.45,0,0,0,0,17.18,3,0.0,,,
536,0.8360,-0.1179,0.0658,3.021,good,0.000,1.20,0,0,0,0,12.12,2,0.0,,,
537,0.8360,-0.1166,-0.0562,2.991,good,0.000,2.78,0,0,0,0,12.41,2,0.0,,,
533,0.8400,-0.1151,0.1784,3.003,good,0.011,3.16,0,0,0,0,11.64,3,0.0,,,
534,0.8400,-0.1142,-0.1486,3.101,sour,1.000,14.74,1,1,1,0,9.08,3,2.1,12|13,540,
535,0.8400,-0.1159,-0.1922,2.867,good,0.003,3.25,0,0,0,0,15.29,3,0.0,,,
538,0.8440,-0.1174,0.0376,2.820,good,0.000,2.06,0,0,0,0,17.09,3,0.0,,,
539,0.8440,-0.1096,0.1912,2.969,good,0.001,4.92,0,0,0,0,10.61,3,0.0,,,
542,0.8440,-0.1197,0.1093,2.878,good,0.001,2.83,0,0,0,0,16.36,2,0.0,,,
540,0.8480,-0.1164,-0.1831,2.980,good,0.000,3.20,0,0,0,0,12.63,3,0.0,,,
541,0.8480,-0.1201,-0.1165,3.231,good,0.000,2.39,0,0,0,0,4.13,2,0.0,,,
545,0.8480,-0.1170,0.1179,3.004,good,0.000,3.83,0,0,0,0,12.25,2,0.0,,,
548,0.8480,-0.1073,-0.1127,3.000,good,0.000,2.59,0,0,0,0,9.10,1,0.0,,,
543,0.8520,-0.1143,0.1248,2.997,broken,0.596,3.79,1,1,1,0,11.52,3,1.6,47|48,560,560
544,0.8520,-0.1091,-0.2177,2.924,good,0.000,2.46,0,0,0,0,11.52,3,0.0,,,
547,0.8520,-0.1167,0.1095,3.000,good,0.000,1.69,0,0,0,0,12.23,2,0.0,,,
546,0.8560,-0.1160,0.1019,3.025,good,0.001,2.25,0,0,0,0,11.41,3,0.0,,,
551,0.8560,-0.1197,0.0223,3.006,good,0.000,3.42,0,0,0,0,13.07,2,0.0,,,
552,0.8560,-0.1185,-0.1605,3.002,good,0.000,3.09,0,0,0,0,12.79,2,0.0,,,
549,0.8600,-0.1141,-0.0354,2.927,good,0.000,1.93,0,0,0,0,13.13,3,0.0,,,
550,0.8600,-0.1107,0.2241,2.996,good,0.006,7.43,0,0,0,0,10.33,3,0.0,,,
554,0.8600,-0.1181,-0.0980,3.006,good,0.000,2.33,0,0,0,0,12.54,2,0.0,,,
555,0.8600,-0.1158,0.1441,3.019,good,0.000,2.43,0,0,0,0,11.49,2,0.0,,,
553,0.8640,-0.1147,0.1284,2.991,black,1.000,50.09,1,1,1,0,11.79,3,2.1,48,587,587
557,0.8640,-0.1197,0.0226,3.052,good,0.003,2.20,0,0,0,0,11.97,2,0.0,,,
558,0.8640,-0.1180,-0.1843,2.989,good,0.008,2.39,0,0,0,0,12.95,2,0.0,,,
559,0.8640,-0.1185,0.1589,3.000,good,0.000,3.23,0,0,0,0,12.85,2,0.0,,,
560,0.8640,-0.1162,-0.0866,3.012,good,0.000,3.82,0,0,0,0,11.80,2,0.0,,,
561,0.8640,-0.1175,0.0632,2.879,good,0.000,2.44,0,0,0,0,15.57,2,0.0,,,
556,0.8680,-0.1105,-0.1152,3.003,good,0.000,2.97,0,0,0,0,10.10,3,0.0,,,
566,0.8680,-0.1187,0.2202,3.014,insect,1.000,5.05,1,1,1,0,12.57,2,2.1,60|59,575,575
562,0.8720,-0.1155,-0.2203,2.998,good,0.000,2.92,0,0,0,0,11.90,3,0.0,,,
563,0.8720,-0.1152,0.1724,2.869,good,0.000,1.99,0,0,0,0,15.00,3,0.0,,,
564,0.8720,-0.1125,-0.1125,3.067,good,0.003,2.62,0,0,0,0,9.27,3,0.0,,,
565,0.8720,-0.1101,0.1250,2.970,good,0.000,2.11,0,0,0,0,10.75,3,0.0,,,
568,0.8720,-0.1194,0.2399,2.870,good,0.028,7.00,0,0,0,0,16.44,2,0.0,,,
569,0.8720,-0.1165,-0.1370,3.027,good,0.001,2.38,0,0,0,0,11.53,2,0.0,,,
570,0.8720,-0.1160,0.0025,3.001,good,0.000,4.09,0,0,0,0,11.98,2,0.0,,,
567,0.8760,-0.1105,0.1027,3.001,good,0.001,2.89,0,0,0,0,10.16,3,0.0,,,
571,0.8800,-0.1109,-0.0905,3.001,good,0.000,4.48,0,0,0,0,10.27,3,0.0,,,
572,0.8800,-0.1103,0.1847,2.985,good,0.000,2.69,0,0,0,0,10.46,3,0.0,,,
573,0.8800,-0.1083,0.0276,2.979,good,0.000,1.88,0,0,0,0,9.95,3,0.0,,,
578,0.8800,-0.1179,-0.2040,3.000,good,0.000,1.82,0,0,0,0,12.64,2,0.0,,,
574,0.8840,-0.1144,-0.0515,2.994,good,0.000,2.30,0,0,0,0,11.62,3,0.0,,,
575,0.8840,-0.1133,0.1048,3.001,good,0.000,2.89,0,0,0,0,11.09,3,0.0,,,
576,0.8840,-0.1093,0.0900,3.242,good,0.235,5.24,0,0,0,0,4.55,3,0.0,,,
577,0.8840,-0.1085,-0.1480,2.988,good,0.001,1.93,0,0,0,0,9.78,3,0.0,,,
581,0.8840,-0.1176,0.2445,3.002,good,0.082,2.35,0,0,0,0,12.50,2,0.0,,,
582,0.8840,-0.1165,0.1290,3.205,good,0.000,4.37,0,0,0,0,7.55,2,0.0,,,
579,0.8880,-0.1151,-0.1647,3.002,broken,0.677,3.22,1,1,1,0,11.67,3,1.6,10|11,588,588
580,0.8880,-0.1148,-0.1847,3.011,good,0.001,2.28,0,0,0,0,11.32,3,0.0,,,
584,0.8880,-0.1168,-0.1026,3.067,good,0.000,3.39,0,0,0,0,10.69,2,0.0,,,
585,0.8880,-0.1169,0.1072,3.000,good,0.000,2.71,0,0,0,0,12.29,2,0.0,,,
586,0.8880,-0.1159,-0.0207,3.178,good,0.000,2.44,0,0,0,0,7.94,2,0.0,,,
583,0.8920,-0.1109,-0.0408,2.999,good,0.003,3.86,0,0,0,0,10.34,3,0.0,,,
587,0.8960,-0.1107,-0.1017,3.064,good,0.005,3.27,0,0,0,0,8.76,3,0.0,,,
588,0.8960,-0.1186,-0.0284,2.983,good,0.001,3.81,0,0,0,0,13.28,2,0.0,,,
589,0.8960,-0.1174,0.0583,3.124,good,0.000,2.08,0,0,0,0,9.58,2,0.0,,,
590,0.8960,-0.1177,-0.2318,3.021,good,0.004,3.76,0,0,0,0,12.07,2,0.0,,,
591,0.8960,-0.1184,-0.1891,2.992,good,0.005,7.46,0,0,0,0,13.01,2,0.0,,,
596,0.9000,-0.1187,0.0967,2.977,good,0.018,8.30,0,0,0,0,13.44,2,0.0,,,
597,0.9000,-0.1142,-0.0192,3.182,good,0.031,3.46,0,0,0,0,7.31,2,0.0,,,
592,0.9040,-0.1174,-0.0056,2.838,good,0.000,3.69,0,0,0,0,16.60,3,0.0,,,
593,0.9040,-0.1123,0.2188,3.066,good,0.000,2.60,0,0,0,0,9.24,3,0.0,,,
594,0.9040,-0.1330,-0.2202,3.000,good,0.060,3.07,0,0,0,0,9.68,1,0.0,,,
595,0.9040,-0.1101,-0.2294,2.611,good,0.046,9.64,0,0,0,0,20.46,3,0.0,,,
599,0.9040,-0.1194,-0.1820,2.999,good,0.000,3.45,0,0,0,0,13.16,2,0.0,,,
600,0.9040,-0.1191,-0.1371,2.993,good,0.000,2.09,0,0,0,0,13.20,2,0.0,,,
601,0.9040,-0.1184,0.0108,3.011,good,0.003,2.71,0,0,0,0,12.53,2,0.0,,,
598,0.9080,-0.1129,0.1958,3.005,good,0.000,4.00,0,0,0,0,10.84,3,0.0,,,
606,0.9080,-0.1192,-0.1213,3.009,good,0.000,2.43,0,0,0,0,12.87,2,0.0,,,
607,0.9080,-0.1175,0.0117,3.004,good,0.003,4.54,0,0,0,0,12.41,2,0.0,,,
608,0.9080,-0.1150,0.0695,2.953,good,0.003,5.29,0,0,0,0,12.82,2,0.0,,,
611,0.9080,-0.1050,-0.2326,3.000,good,0.007,3.64,0,0,0,0,8.32,1,0.0,,,
602,0.9120,-0.1142,-0.0302,3.041,broken,0.841,2.22,1,1,1,0,10.44,3,1.6,28|27,631,631
603,0.9120,-0.1130,0.2010,3.043,husk,1.000,11.30,1,1,1,0,9.99,3,1.6,57,632,632
604,0.9120,-0.1221,0.1414,3.365,good,0.000,1.76,0,0,0,0,2.01,2,0.0,,,
605,0.9120,-0.1097,-0.0819,2.856,good,0.001,2.22,0,0,0,0,13.42,3,0.0,,,
610,0.9120,-0.1167,0.2134,3.010,good,0.001,3.67,0,0,0,0,11.99,2,0.0,,,
617,0.9120,-0.1087,0.1456,3.000,good,0.000,1.73,0,0,0,0,9.55,1,0.0,,,
609,0.9160,-0.1102,0.1547,2.990,good,0.006,7.69,0,0,0,0,10.29,3,0.0,,,
615,0.9160,-0.1183,-0.0080,3.354,good,0.001,2.96,0,0,0,0,5.09,2,0.0,,,
616,0.9160,-0.1188,0.1372,3.196,good,0.000,2.66,0,0,0,0,8.48,2,0.0,,,
612,0.9200,-0.1148,-0.0562,3.008,faded,0.549,4.07,1,1,1,0,11.41,3,2.1,24|25,638,
613,0.9200,-0.1141,0.0318,2.999,good,0.000,2.11,0,0,0,0,11.38,3,0.0,,,
614,0.9200,-0.1099,0.1813,3.001,good,0.037,8.67,0,0,0,0,9.94,3,0.0,,,
621,0.9200,-0.1180,-0.1285,2.984,good,0.000,2.67,0,0,0,0,13.04,2,0.0,,,
622,0.9200,-0.1156,0.1275,3.233,good,0.000,2.51,0,0,0,0,6.69,2,0.0,,,
618,0.9240,-0.1179,0.0042,3.055,good,0.352,19.07,1,1,1,0,11.34,3,6.0,32|33|31,636,636
619,0.9240,-0.1102,0.1596,3.135,good,0.000,3.08,0,0,0,0,7.06,3,0.0,,,
620,0.9240,-0.1109,-0.1461,2.766,good,0.000,2.38,0,0,0,0,16.24,3,0.0,,,
626,0.9240,-0.1195,0.0416,3.128,good,0.001,3.01,0,0,0,0,10.17,2,0.0,,,
627,0.9240,-0.1175,-0.0599,3.117,good,0.001,7.92,0,0,0,0,9.80,2,0.0,,,
628,0.9240,-0.1176,0.0038,3.098,husk,0.874,18.77,1,1,1,0,10.25,2,1.6,32,636,636
623,0.9280,-0.1130,-0.1175,2.988,faded,0.994,4.45,1,1,1,0,11.30,3,2.1,16|17,621,621
624,0.9280,-0.1105,0.0981,3.003,good,0.000,2.94,0,0,0,0,10.10,3,0.0,,,
625,0.9280,-0.1090,-0.0778,3.041,good,0.001,2.21,0,0,0,0,8.72,3,0.0,,,
630,0.9280,-0.1166,-0.2037,3.011,good,0.001,7.33,0,0,0,0,11.92,2,0.0,,,
629,0.9320,-0.1116,-0.1180,3.001,good,0.000,2.27,0,0,0,0,10.51,3,0.0,,,
634,0.9320,-0.1188,-0.0489,3.047,good,0.001,3.53,0,0,0,0,11.80,2,0.0,,,
635,0.9320,-0.1158,-0.2003,3.038,good,0.001,14.73,0,0,0,0,11.01,2,0.0,,,
631,0.9360,-0.1118,-0.0842,3.429,good,0.003,3.21,0,0,0,0,1.78,3,0.0,,,
632,0.9360,-0.1148,0.1862,2.970,good,0.002,4.47,0,0,0,0,12.30,3,0.0,,,
633,0.9360,-0.1125,0.0850,2.972,good,0.001,3.03,0,0,0,0,11.50,3,0.0,,,
636,0.9360,-0.1175,-0.0529,3.007,faded,0.561,3.46,1,1,1,0,12.31,2,2.1,25,651,651
638,0.9400,-0.1159,0.2422,3.057,stick,1.000,59.66,1,1,1,0,10.64,2,1.6,63|62,617,617
639,0.9400,-0.1177,0.0720,2.967,good,0.001,2.69,0,0,0,0,13.38,2,0.0,,,
637,0.9440,-0.1148,-0.1411,3.054,sour,1.000,16.26,1,1,1,0,10.33,3,2.1,13|14,635,635
640,0.9480,-0.1249,0.0692,2.897,stone,0.797,11.65,1,1,1,0,13.64,2,5.3,40|41|39,642,642
641,0.9480,-0.1089,-0.0856,2.998,good,0.000,3.09,0,0,0,0,9.67,3,0.0,,,
642,0.9480,-0.1096,0.0282,2.959,good,0.000,2.42,0,0,0,0,10.84,3,0.0,,,
643,0.9480,-0.1082,-0.2176,3.147,good,0.000,5.46,0,0,0,0,6.17,3,0.0,,,
646,0.9480,-0.1190,0.1788,3.000,good,0.002,5.59,0,0,0,0,12.99,2,0.0,,,
651,0.9480,-0.1134,0.0724,3.000,stone,0.725,11.29,1,1,1,0,11.12,1,5.0,41|40|42,645,645
644,0.9520,-0.1129,0.0705,3.002,good,0.000,2.76,0,0,0,0,10.90,3,0.0,,,
645,0.9520,-0.1100,-0.2115,3.109,good,0.001,2.90,0,0,0,0,7.53,3,0.0,,,
649,0.9520,-0.1188,0.2322,2.951,good,0.001,3.32,0,0,0,0,14.15,2,0.0,,,
647,0.9560,-0.1106,-0.0673,2.998,good,0.000,2.37,0,0,0,0,10.26,3,0.0,,,
648,0.9560,-0.1083,-0.0792,2.994,good,0.000,2.20,0,0,0,0,9.57,3,0.0,,,
650,0.9560,-0.1114,-0.0015,2.384,good,0.001,2.34,0,0,0,0,28.67,3,0.0,,,
655,0.9560,-0.1170,0.2071,2.965,good,0.000,1.72,0,0,0,0,13.21,2,0.0,,,
656,0.9560,-0.1169,-0.1354,3.024,good,0.000,3.82,0,0,0,0,11.74,2,0.0,,,
652,0.9600,-0.1138,-0.2155,2.999,good,0.000,2.70,0,0,0,0,11.28,3,0.0,,,
653,0.9600,-0.1123,-0.0042,2.873,faded,0.996,3.87,1,1,1,0,13.89,3,2.1,31,667,
654,0.9600,-0.1103,0.1143,2.999,good,0.000,2.13,0,0,0,0,10.13,3,0.0,,,
661,0.9600,-0.1174,0.2216,3.068,good,0.000,2.86,0,0,0,0,10.87,2,0.0,,,
665,0.9600,-0.1019,-0.0043,3.000,good,0.000,2.20,0,0,0,0,7.29,1,0.0,,,
657,0.9640,-0.1164,0.2252,2.880,good,0.000,3.60,0,0,0,0,15.15,3,0.0,,,
658,0.9640,-0.1138,0.1206,3.120,good,0.001,2.59,0,0,0,0,8.53,3,0.0,,,
659,0.9640,-0.1116,0.0415,2.993,good,0.001,2.54,0,0,0,0,10.69,3,0.0,,,
660,0.9640,-0.1205,0.0927,3.293,broken,0.740,2.93,1,1,1,0,2.96,2,1.6,43|44,,
664,0.9640,-0.1190,-0.1731,2.995,broken,0.501,2.40,1,1,1,0,13.12,2,1.6,9|10,647,
671,0.9640,-0.1067,0.0895,3.000,broken,0.953,1.53,1,1,1,0,8.91,1,1.6,43,677,
662,0.9680,-0.1142,0.1930,2.996,good,0.006,3.82,0,0,0,0,11.51,3,0.0,,,
663,0.9680,-0.1084,-0.1408,3.007,good,0.000,1.89,0,0,0,0,9.29,3,0.0,,,
666,0.9720,-0.1140,-0.0189,3.101,good,0.062,3.45,0,0,0,0,9.01,3,0.0,,,
667,0.9720,-0.1379,0.1336,3.000,black,0.704,19.73,1,1,1,0,11.29,1,1.8,49|48,,
668,0.9720,-0.1133,-0.0481,2.999,good,0.261,2.77,0,0,0,0,11.11,3,0.0,,,
669,0.9720,-0.1103,0.0531,3.000,good,0.001,2.09,0,0,0,0,10.11,3,0.0,,,
670,0.9720,-0.1087,0.0879,3.012,sour,1.000,18.60,1,1,1,0,9.32,3,2.1,43,660,660
673,0.9720,-0.1143,0.1305,3.019,good,0.001,2.02,0,0,0,0,10.98,2,0.0,,,
674,0.9720,-0.1126,0.1380,3.085,black,1.000,51.68,1,1,1,0,8.92,2,2.1,49,682,
672,0.9760,-0.1243,-0.0083,3.318,stick,1.000,17.90,1,1,1,0,3.61,2,1.6,30|31,,
678,0.9760,-0.1155,0.1586,3.160,good,0.034,7.86,0,0,0,0,8.20,2,0.0,,,
683,0.9760,-0.1111,-0.0048,3.000,stick,1.000,15.56,1,1,1,0,10.36,1,1.6,31,675,
675,0.9800,-0.1143,0.0499,2.997,good,0.000,3.56,0,0,0,0,11.51,3,0.0,,,
676,0.9800,-0.1133,0.1710,2.993,good,0.001,3.18,0,0,0,0,11.28,3,0.0,,,
677,0.9800,-0.1113,-0.2198,3.000,good,0.002,2.79,0,0,0,0,10.41,3,0.0,,,
680,0.9800,-0.1179,-0.1217,3.072,insect,1.000,5.31,1,1,1,0,10.94,2,2.1,16,689,689
681,0.9800,-0.1180,0.1642,2.995,good,0.001,2.93,0,0,0,0,12.79,2,0.0,,,
682,0.9800,-0.1162,-0.1585,3.003,good,0.000,1.95,0,0,0,0,12.01,2,0.0,,,
690,0.9800,-0.1054,0.1630,3.000,good,0.006,3.89,0,0,0,0,8.46,1,0.0,,,
691,0.9800,-0.1020,0.1541,3.000,good,0.000,2.60,0,0,0,0,7.32,1,0.0,,,
679,0.9840,-0.1095,0.0633,3.001,good,0.000,4.15,0,0,0,0,9.82,3,0.0,,,
689,0.9840,-0.1162,-0.1069,3.074,good,0.007,2.74,0,0,0,0,10.33,2,0.0,,,
684,0.9880,-0.1143,0.0652,2.939,good,0.000,2.86,0,0,0,0,12.91,3,0.0,,,
685,0.9880,-0.1127,0.1975,3.001,good,0.037,5.62,0,0,0,0,10.87,3,0.0,,,
686,0.9880,-0.1092,-0.0445,3.010,good,0.020,3.46,0,0,0,0,9.50,3,0.0,,,
687,0.9880,-0.1090,0.1378,3.002,good,0.000,7.84,0,0,0,0,9.61,3,0.0,,,
688,0.9880,-0.1096,0.2393,2.983,good,0.003,5.31,0,0,0,0,10.26,3,0.0,,,
693,0.9880,-0.1158,-0.1511,2.991,good,0.000,2.35,0,0,0,0,12.16,2,0.0,,,
692,0.9920,-0.1134,0.1533,3.118,good,0.095,7.73,0,0,0,0,8.45,3,0.0,,,
695,0.9920,-0.1191,0.2010,2.993,good,0.001,1.98,0,0,0,0,13.22,2,0.0,,,
696,0.9920,-0.1183,0.0259,3.003,good,0.026,3.15,0,0,0,0,12.67,2,0.0,,,
694,0.9960,-0.1108,-0.0100,2.955,faded,0.875,3.64,1,1,1,0,11.34,3,2.1,30,670,670
701,0.9960,-0.1196,-0.0637,2.971,good,0.002,2.84,0,0,0,0,13.91,2,0.0,,,
702,0.9960,-0.1177,-0.0399,2.987,black,1.000,46.83,1,1,1,0,12.89,2,2.1,26|27,697,697
704,0.9960,-0.1062,0.1505,3.000,good,0.024,1.93,0,0,0,0,8.74,1,0.0,,,
697,1.0000,-0.1163,-0.0803,2.727,sour,1.000,22.11,1,1,1,0,19.31,3,2.1,21,678,678
698,1.0000,-0.1074,-0.1055,3.429,good,0.011,2.93,0,0,0,0,0.48,3,0.0,,,
699,1.0000,-0.1100,0.2371,3.071,good,0.088,3.04,0,0,0,0,8.38,3,0.0,,,
700,1.0000,-0.1083,-0.1708,2.984,faded,1.000,6.94,1,1,1,0,9.79,3,2.1,10|9,696,696
703,1.0000,-0.1174,0.1562,2.898,good,0.000,2.88,0,0,0,0,15.03,2,0.0,,,
707,1.0040,-0.1169,0.2190,3.332,good,0.000,2.42,0,0,0,0,5.08,2,0.0,,,
705,1.0080,-0.1157,0.0076,3.000,good,0.000,1.96,0,0,0,0,11.89,3,0.0,,,
706,1.0080,-0.1103,-0.1447,3.450,sour,1.000,28.25,1,1,1,0,0.97,3,2.1,13,721,
710,1.0080,-0.1196,-0.0119,2.679,good,0.099,3.22,0,0,0,0,21.99,2,0.0,,,
708,1.0120,-0.1146,-0.0673,2.994,good,0.000,2.05,0,0,0,0,11.68,3,0.0,,,
709,1.0120,-0.1086,0.2445,3.003,good,0.000,2.74,0,0,0,0,9.45,3,0.0,,,
711,1.0160,-0.1169,0.2113,2.647,good,0.004,11.59,0,0,0,0,21.96,3,0.0,,,
712,1.0160,-0.1113,0.1991,2.839,good,0.003,3.28,0,0,0,0,14.42,3,0.0,,,
713,1.0160,-0.1100,-0.0466,3.001,good,0.000,2.18,0,0,0,0,9.97,3,0.0,,,
714,1.0200,-0.1143,-0.0803,3.006,good,0.000,3.06,0,0,0,0,11.31,3,0.0,,,
715,1.0200,-0.1107,0.1098,3.072,good,0.001,2.94,0,0,0,0,8.58,3,0.0,,,
716,1.0200,-0.1110,0.0097,2.997,good,0.000,3.56,0,0,0,0,10.40,3,0.0,,,
717,1.0200,-0.1217,0.2045,3.242,good,0.001,2.70,0,0,0,0,4.38,2,0.0,,,
718,1.0200,-0.1096,0.1780,3.020,good,0.173,3.02,0,0,0,0,9.41,3,0.0,,,
724,1.0200,-0.1077,0.2080,3.000,good,0.019,8.83,0,0,0,0,9.22,1,0.0,,,
719,1.0240,-0.1147,-0.2117,2.998,good,0.000,2.62,0,0,0,0,11.60,3,0.0,,,
720,1.0240,-0.1125,0.0567,3.001,good,0.000,2.88,0,0,0,0,10.80,3,0.0,,,
723,1.0240,-0.1198,-0.0392,3.000,good,0.007,2.87,0,0,0,0,13.27,2,0.0,,,
721,1.0280,-0.1119,-0.1633,2.692,good,0.100,2.28,0,0,0,0,18.69,3,0.0,,,
722,1.0280,-0.1097,-0.1496,3.000,good,0.000,2.24,0,0,0,0,9.91,3,0.0,,,
728,1.0280,-0.1194,-0.1558,3.124,good,0.011,3.57,0,0,0,0,10.22,2,0.0,,,
729,1.0280,-0.1122,0.2376,3.450,good,0.000,2.41,0,0,0,0,1.49,2,0.0,,,
730,1.0280,-0.1132,0.1485,3.159,good,0.004,4.15,0,0,0,0,7.47,2,0.0,,,
725,1.0320,-0.1133,0.0370,2.936,good,0.000,2.31,0,0,0,0,12.64,3,0.0,,,
726,1.0320,-0.1128,0.2257,3.004,black,1.000,52.81,1,1,1,0,10.85,3,2.1,60|61,747,747
727,1.0320,-0.1078,-0.2229,3.047,good,0.001,2.22,0,0,0,0,8.20,3,0.0,,,
738,1.0320,-0.1011,-0.1666,3.000,good,0.081,2.08,0,0,0,0,7.03,1,0.0,,,
731,1.0360,-0.1095,-0.0057,3.000,good,0.000,2.49,0,0,0,0,9.82,3,0.0,,,
732,1.0360,-0.1090,-0.1784,3.051,broken,0.755,3.02,1,1,1,0,8.51,3,1.6,9|8,733,733
733,1.0360,-0.1086,0.0767,3.028,good,0.004,4.40,0,0,0,0,8.89,3,0.0,,,
734,1.0360,-0.1093,0.0939,2.994,good,0.001,8.60,0,0,0,0,9.89,3,0.0,,,
736,1.0360,-0.1194,-0.0784,2.997,good,0.000,3.78,0,0,0,0,13.22,2,0.0,,,
737,1.0360,-0.1176,0.1213,3.168,good,0.000,1.87,0,0,0,0,8.68,2,0.0,,,
741,1.0360,-0.1085,0.0835,3.000,good,0.002,4.14,0,0,0,0,9.52,1,0.0,,,
735,1.0400,-0.1114,-0.1514,2.969,good,0.000,3.86,0,0,0,0,11.19,3,0.0,,,
740,1.0400,-0.1189,0.2347,2.998,good,0.000,2.51,0,0,0,0,13.03,2,0.0,,,
739,1.0440,-0.1127,0.1621,2.765,good,0.000,3.31,0,0,0,0,16.93,3,0.0,,,
745,1.0440,-0.1185,-0.0915,2.689,insect,1.000,9.01,1,1,1,0,21.26,2,2.1,20,741,
742,1.0480,-0.1122,0.0441,3.323,good,0.001,3.22,0,0,0,0,3.86,3,0.0,,,
743,1.0480,-0.1101,0.1891,2.992,good,0.002,3.23,0,0,0,0,10.24,3,0.0,,,
744,1.0480,-0.1082,-0.2310,3.000,good,0.119,2.45,0,0,0,0,9.40,3,0.0,,,
750,1.0480,-0.1155,0.0228,2.996,stick,1.000,49.24,1,1,1,0,11.92,2,1.6,34|35,724,724
752,1.0480,-0.1196,-0.2018,3.001,good,0.000,3.80,0,0,0,0,13.17,2,0.0,,,
746,1.0520,-0.1151,0.0580,3.001,good,0.001,2.99,0,0,0,0,11.69,3,0.0,,,
747,1.0520,-0.1096,0.1980,3.025,good,0.008,2.59,0,0,0,0,9.31,3,0.0,,,
748,1.0520,-0.1095,-0.0507,2.999,faded,0.666,3.53,1,1,1,0,9.86,3,2.1,25,766,766
749,1.0520,-0.1093,0.1580,2.987,good,0.008,2.30,0,0,0,0,10.07,3,0.0,,,
751,1.0520,-0.1082,0.0343,3.029,good,0.060,5.13,0,0,0,0,8.75,3,0.0,,,
753,1.0520,-0.1186,0.2391,2.999,good,0.000,1.74,0,0,0,0,12.90,2,0.0,,,
754,1.0520,-0.1150,0.0757,3.122,good,0.196,2.94,0,0,0,0,8.87,2,0.0,,,
757,1.0560,-0.1181,0.1892,2.985,good,0.002,6.65,0,0,0,0,13.06,2,0.0,,,
755,1.0600,-0.1100,-0.0922,3.063,good,0.006,1.66,0,0,0,0,8.57,3,0.0,,,
756,1.0600,-0.1099,0.0426,2.999,good,0.047,3.50,0,0,0,0,9.99,3,0.0,,,
759,1.0600,-0.1183,0.1801,3.132,good,0.346,4.02,0,0,0,0,9.68,2,0.0,,,
760,1.0600,-0.1173,0.0030,3.000,good,0.000,3.78,0,0,0,0,12.43,2,0.0,,,
758,1.0640,-0.1110,0.1384,3.043,good,0.000,1.81,0,0,0,0,9.35,3,0.0,,,
764,1.0640,-0.1162,0.2225,2.998,good,0.001,2.48,0,0,0,0,12.11,2,0.0,,,
765,1.0640,-0.1158,0.2045,3.068,good,0.001,3.20,0,0,0,0,10.35,2,0.0,,,
761,1.0680,-0.1125,-0.2293,2.976,good,0.000,2.50,0,0,0,0,11.41,3,0.0,,,
762,1.0680,-0.1120,0.0410,2.861,good,0.001,3.34,0,0,0,0,14.12,3,0.0,,,
763,1.0680,-0.1095,-0.0364,2.981,good,0.001,3.03,0,0,0,0,10.28,3,0.0,,,
774,1.0680,-0.1185,-0.0462,2.999,good,0.004,2.59,0,0,0,0,12.86,2,0.0,,,
766,1.0720,-0.1156,0.1375,3.000,good,0.066,3.67,0,0,0,0,11.86,3,0.0,,,
767,1.0720,-0.1136,0.0765,2.989,good,0.003,6.50,0,0,0,0,11.47,3,0.0,,,
768,1.0720,-0.1132,0.1028,3.088,good,0.000,3.03,0,0,0,0,9.04,3,0.0,,,
769,1.0720,-0.1134,-0.0546,2.966,black,1.000,51.94,1,1,1,0,11.97,3,2.1,25|24,775,775
770,1.0720,-0.1104,-0.1018,3.450,good,0.000,4.93,0,0,0,0,1.00,3,0.0,,,
771,1.0720,-0.1099,-0.0813,3.076,good,0.000,4.03,0,0,0,0,8.23,3,0.0,,,
772,1.0720,-0.1107,-0.1888,2.979,good,0.217,3.96,0,0,0,0,10.72,3,0.0,,,
773,1.0720,-0.1083,-0.2256,2.996,black,1.000,51.50,1,1,1,0,9.53,3,2.1,3|2,777,777
777,1.0720,-0.1179,0.0378,3.000,good,0.000,4.28,0,0,0,0,12.62,2,0.0,,,
775,1.0760,-0.1105,0.2157,3.011,good,0.014,4.58,0,0,0,0,9.90,3,0.0,,,
776,1.0760,-0.1107,-0.1447,2.995,good,0.008,3.37,0,0,0,0,10.35,3,0.0,,,
780,1.0760,-0.1181,0.0331,3.192,good,0.000,4.98,0,0,0,0,8.35,2,0.0,,,
781,1.0760,-0.1162,-0.0108,3.005,good,0.000,2.55,0,0,0,0,11.95,2,0.0,,,
778,1.0800,-0.1098,0.2219,3.000,good,0.001,3.85,0,0,0,0,9.94,3,0.0,,,
779,1.0800,-0.1097,-0.1719,2.998,good,0.005,2.40,0,0,0,0,9.94,3,0.0,,,
782,1.0840,-0.1275,-0.0184,2.605,good,0.000,3.28,0,0,0,0,23.36,2,0.0,,,
783,1.0840,-0.1215,-0.1924,3.072,good,0.003,8.23,0,0,0,0,8.08,2,0.0,,,
785,1.0840,-0.1194,-0.2081,2.981,good,0.150,2.52,0,0,0,0,13.59,2,0.0,,,
789,1.0840,-0.1171,-0.0214,3.000,good,0.000,3.48,0,0,0,0,12.37,1,0.0,,,
790,1.0840,-0.1097,-0.1965,3.000,good,0.302,3.02,0,0,0,0,9.90,1,0.0,,,
791,1.0840,-0.1085,-0.1882,3.000,good,0.000,2.41,0,0,0,0,9.51,1,0.0,,,
784,1.0880,-0.1139,0.0044,2.981,good,0.000,3.17,0,0,0,0,11.77,3,0.0,,,
787,1.0880,-0.1192,-0.1542,2.998,insect,1.000,4.09,1,1,1,0,13.12,2,2.1,12,797,797
788,1.0880,-0.1193,-0.2066,3.001,good,0.000,2.77,0,0,0,0,13.06,2,0.0,,,
786,1.0920,-0.1149,0.1594,2.919,good,0.001,2.77,0,0,0,0,13.63,3,0.0,,,
792,1.0960,-0.1164,-0.0396,2.996,good,0.000,2.52,0,0,0,0,12.22,3,0.0,,,
793,1.0960,-0.1133,0.1006,3.036,good,0.000,2.31,0,0,0,0,10.26,3,0.0,,,
794,1.0960,-0.1125,-0.1576,3.003,sour,1.000,19.16,1,1,1,0,10.78,3,2.1,11|12,805,805
795,1.0960,-0.1122,-0.1296,2.942,good,0.149,5.00,0,0,0,0,12.13,3,0.0,,,
799,1.0960,-0.1194,-0.0007,2.998,sour,1.000,23.35,1,1,1,0,13.18,2,2.1,31|32,806,806
800,1.0960,-0.1151,0.2299,2.987,good,0.004,6.14,0,0,0,0,12.00,2,0.0,,,
796,1.1000,-0.1257,0.2186,3.011,good,0.001,3.03,0,0,0,0,10.94,2,0.0,,,
797,1.1000,-0.1096,0.0321,3.036,insect,0.595,6.84,1,1,1,0,9.05,3,2.1,36|35,809,809
798,1.1000,-0.1099,0.0507,2.999,broken,0.994,3.58,1,1,1,0,9.97,3,1.6,38,796,796
805,1.1000,-0.1136,0.2152,3.000,good,0.001,2.50,0,0,0,0,11.21,1,0.0,,,
801,1.1040,-0.1118,-0.2098,3.138,good,0.014,3.66,0,0,0,0,7.50,3,0.0,,,
802,1.1040,-0.1118,0.1010,3.106,good,0.000,2.35,0,0,0,0,8.17,3,0.0,,,
804,1.1040,-0.1170,0.1958,3.117,good,0.000,6.92,0,0,0,0,9.62,2,0.0,,,
803,1.1080,-0.1105,-0.0597,2.750,good,0.009,1.86,0,0,0,0,16.55,3,0.0,,,
806,1.1080,-0.1181,-0.0449,3.001,good,0.274,2.84,0,0,0,0,12.67,2,0.0,,,
809,1.1120,-0.1165,-0.1856,3.036,broken,0.802,3.45,1,1,1,0,11.32,2,1.6,8,799,
807,1.1160,-0.1161,-0.0826,2.989,good,0.000,2.74,0,0,0,0,12.29,3,0.0,,,
808,1.1160,-0.1108,-0.1642,2.996,good,0.002,2.27,0,0,0,0,10.38,3,0.0,,,
810,1.1160,-0.1178,0.1098,3.007,good,0.000,2.16,0,0,0,0,12.44,2,0.0,,,
811,1.1160,-0.1173,0.0968,2.968,black,1.000,47.01,1,1,1,0,13.22,2,2.1,44,813,813
814,1.1200,-0.1176,-0.0076,3.450,good,0.182,2.95,0,0,0,0,3.09,2,0.0,,,
815,1.1200,-0.1189,-0.0815,3.069,good,0.000,2.56,0,0,0,0,11.33,2,0.0,,,
816,1.1200,-0.1162,0.0406,3.079,good,0.011,2.72,0,0,0,0,10.21,2,0.0,,,
817,1.1200,-0.1169,0.0946,3.000,faded,0.890,3.39,1,1,1,0,12.30,2,2.1,44|43,815,815
818,1.1200,-0.1128,0.2382,3.015,good,0.036,20.57,1,1,1,0,10.59,2,6.0,62|61|63,808|833,808|833
812,1.1240,-0.1162,0.0375,2.866,faded,0.946,3.87,1,1,1,0,15.42,3,2.1,36|37,817,
813,1.1240,-0.1149,0.1165,2.998,good,0.002,3.46,0,0,0,0,11.68,3,0.0,,,
819,1.1280,-0.1137,-0.1160,3.382,good,0.106,5.57,0,0,0,0,3.21,3,0.0,,,
820,1.1280,-0.1118,-0.0796,2.997,good,0.000,2.60,0,0,0,0,10.67,3,0.0,,,
821,1.1280,-0.1118,0.1880,2.998,good,0.000,3.12,0,0,0,0,10.67,3,0.0,,,
822,1.1280,-0.1113,0.0549,3.002,good,0.000,3.46,0,0,0,0,10.40,3,0.0,,,
823,1.1280,-0.1117,0.0267,2.995,faded,1.000,6.22,1,1,1,0,10.68,3,2.1,35,819,819
824,1.1280,-0.1104,-0.0130,2.995,good,0.004,3.10,0,0,0,0,10.25,3,0.0,,,
825,1.1280,-0.1212,-0.0974,3.016,good,0.000,1.87,0,0,0,0,9.34,2,0.0,,,
829,1.1280,-0.1091,-0.1009,3.000,good,0.003,1.73,0,0,0,0,9.69,1,0.0,,,
827,1.1320,-0.1197,0.0958,3.002,good,0.001,1.90,0,0,0,0,13.18,2,0.0,,,
828,1.1320,-0.1168,-0.1110,2.987,husk,1.000,20.26,1,1,1,0,12.58,2,1.6,17,818,
826,1.1360,-0.1105,0.1221,2.950,good,0.006,6.99,0,0,0,0,11.35,3,0.0,,,
832,1.1360,-0.1185,-0.2330,3.005,good,0.000,2.43,0,0,0,0,12.71,2,0.0,,,
833,1.1360,-0.1315,0.2193,3.000,good,0.000,11.48,0,0,0,0,13.18,1,0.0,,,
834,1.1360,-0.1169,-0.1681,3.000,good,0.000,1.97,0,0,0,0,12.29,2,0.0,,,
840,1.1360,-0.1195,0.2247,3.000,good,0.003,12.77,0,0,0,0,13.18,1,0.0,,,
830,1.1400,-0.1154,0.1221,2.993,good,0.000,2.73,0,0,0,0,11.97,3,0.0,,,
831,1.1400,-0.1113,0.0103,2.988,faded,1.000,6.51,1,1,1,0,10.73,3,2.1,33,834,834
839,1.1400,-0.1164,-0.1129,3.001,good,0.000,2.78,0,0,0,0,12.10,2,0.0,,,
844,1.1400,-0.1075,0.2300,3.000,good,0.000,11.70,0,0,0,0,9.18,1,0.0,,,
835,1.1440,-0.1121,0.0685,3.133,good,0.002,4.84,0,0,0,0,7.71,3,0.0,,,
836,1.1440,-0.1148,-0.0360,2.992,good,0.001,3.27,0,0,0,0,11.80,3,0.0,,,
837,1.1440,-0.1119,-0.0650,3.007,good,0.000,1.84,0,0,0,0,10.48,3,0.0,,,
838,1.1440,-0.1106,0.1780,3.095,good,0.008,2.62,0,0,0,0,8.05,3,0.0,,,
842,1.1440,-0.1196,0.1231,3.009,good,0.000,2.65,0,0,0,0,12.96,2,0.0,,,
843,1.1440,-0.1183,-0.0987,2.979,faded,0.998,3.87,1,1,1,0,13.29,2,2.1,19,840,840
841,1.1480,-0.1097,-0.1974,2.999,good,0.000,2.84,0,0,0,0,9.92,3,0.0,,,
846,1.1480,-0.1164,-0.0211,3.007,faded,0.999,6.66,1,1,1,0,11.97,2,2.1,29,843,843
852,1.1520,-0.1198,0.0083,2.628,good,0.000,2.26,0,0,0,0,23.65,2,0.0,,,
853,1.1520,-0.1110,0.0026,2.992,sour,1.000,15.60,1,1,1,0,10.52,2,2.1,32,852,852
856,1.1520,-0.1167,0.0677,3.000,stone,1.000,8.68,1,1,1,0,12.23,1,6.1,40|41|39,975,
845,1.1560,-0.1111,-0.0974,2.270,good,0.002,2.05,0,0,0,0,32.98,4,0.0,,,
847,1.1560,-0.1357,0.0636,3.000,good,0.056,6.85,0,0,0,0,10.58,1,0.0,,,
848,1.1560,-0.1115,0.1237,2.996,good,0.002,3.60,0,0,0,0,10.59,3,0.0,,,
849,1.1560,-0.1096,-0.2394,2.994,good,0.033,3.28,0,0,0,0,10.01,3,0.0,,,
850,1.1560,-0.1083,-0.1851,2.995,good,0.000,1.91,0,0,0,0,9.54,3,0.0,,,
851,1.1560,-0.1105,0.1434,2.598,good,0.000,1.68,0,0,0,0,21.02,3,0.0,,,
855,1.1560,-0.1107,0.0600,2.970,good,0.005,2.38,0,0,0,0,10.96,2,0.0,,,
861,1.1560,-0.1093,0.0125,3.000,good,0.000,2.26,0,0,0,0,9.76,1,0.0,,,
854,1.1600,-0.1087,-0.0599,2.989,good,0.000,2.82,0,0,0,0,9.83,3,0.0,,,
857,1.1640,-0.1153,-0.1513,3.012,good,0.002,2.15,0,0,0,0,11.48,3,0.0,,,
858,1.1640,-0.1239,0.1733,3.238,good,0.031,5.73,0,0,0,0,5.13,2,0.0,,,
859,1.1640,-0.1101,0.0051,3.004,faded,1.000,5.03,1,1,1,0,9.94,3,2.1,32,848,848
860,1.1640,-0.1216,-0.1940,2.685,good,0.001,10.58,0,0,0,0,18.54,2,0.0,,,
865,1.1640,-0.1193,-0.1794,3.032,good,0.000,1.15,0,0,0,0,12.34,2,0.0,,,
866,1.1640,-0.1178,0.2303,3.043,good,0.000,2.16,0,0,0,0,11.57,2,0.0,,,
871,1.1640,-0.1109,-0.1891,3.000,good,0.001,8.58,0,0,0,0,10.28,1,0.0,,,
872,1.1640,-0.1109,0.1686,3.000,good,0.017,4.29,0,0,0,0,10.30,1,0.0,,,
862,1.1680,-0.1167,0.2333,2.744,good,0.000,5.41,0,0,0,0,18.96,3,0.0,,,
863,1.1680,-0.1127,-0.2220,3.016,good,0.000,3.23,0,0,0,0,10.54,3,0.0,,,
864,1.1680,-0.1137,0.2041,2.885,good,0.000,2.38,0,0,0,0,14.08,3,0.0,,,
868,1.1680,-0.1171,0.0913,3.001,good,0.000,7.85,0,0,0,0,12.33,2,0.0,,,
870,1.1680,-0.1189,-0.0079,2.760,black,1.000,53.57,1,1,1,0,19.31,2,2.1,30|31,873,873
867,1.1720,-0.1120,-0.1442,2.995,insect,1.000,5.02,1,1,1,0,10.80,3,2.1,13,871,871
869,1.1720,-0.1092,-0.0695,2.991,good,0.000,3.36,0,0,0,0,9.94,3,0.0,,,
874,1.1720,-0.1192,0.0946,2.884,good,0.001,1.55,0,0,0,0,16.00,2,0.0,,,
875,1.1720,-0.1177,0.2095,2.991,good,0.013,3.29,0,0,0,0,12.79,2,0.0,,,
873,1.1760,-0.1117,-0.1674,3.175,good,0.010,7.69,0,0,0,0,6.69,3,0.0,,,
879,1.1760,-0.1183,-0.0399,3.013,good,0.000,3.39,0,0,0,0,12.44,2,0.0,,,
880,1.1760,-0.1148,-0.1808,2.984,good,0.004,6.21,0,0,0,0,11.96,2,0.0,,,
881,1.1760,-0.1176,-0.2052,3.087,good,0.001,3.01,0,0,0,0,10.50,2,0.0,,,
876,1.1800,-0.1148,0.0208,2.979,good,0.000,2.64,0,0,0,0,12.10,3,0.0,,,
877,1.1800,-0.1118,-0.0596,2.992,good,0.001,2.52,0,0,0,0,10.80,3,0.0,,,
878,1.1800,-0.1097,0.0288,2.950,good,0.001,4.36,0,0,0,0,11.10,3,0.0,,,
882,1.1840,-0.1132,-0.1069,2.999,good,0.000,1.86,0,0,0,0,11.09,3,0.0,,,
883,1.1840,-0.1081,0.1016,2.999,good,0.000,2.18,0,0,0,0,9.40,3,0.0,,,
890,1.1840,-0.1154,0.0572,3.127,good,0.000,4.60,0,0,0,0,8.88,2,0.0,,,
884,1.1880,-0.1161,0.0679,3.002,good,0.000,7.76,0,0,0,0,11.99,3,0.0,,,
885,1.1880,-0.1154,-0.0249,3.012,good,0.000,2.80,0,0,0,0,11.54,3,0.0,,,
886,1.1880,-0.1137,-0.0573,2.927,good,0.012,6.33,0,0,0,0,13.01,3,0.0,,,
887,1.1880,-0.1136,-0.1211,2.706,good,0.000,1.69,0,0,0,0,18.94,3,0.0,,,
888,1.1880,-0.1094,-0.0430,3.006,good,0.002,2.25,0,0,0,0,9.65,3,0.0,,,
889,1.1880,-0.1085,0.1024,2.998,good,0.001,2.55,0,0,0,0,9.55,3,0.0,,,
892,1.1880,-0.1195,0.2168,2.962,good,0.001,2.16,0,0,0,0,14.11,2,0.0,,,
895,1.1880,-0.1029,0.0614,3.000,good,0.000,4.36,0,0,0,0,7.64,1,0.0,,,
891,1.1920,-0.1095,0.1389,3.024,good,0.039,3.74,0,0,0,0,9.26,3,0.0,,,
893,1.1920,-0.1175,-0.1715,3.005,good,0.000,2.89,0,0,0,0,12.37,2,0.0,,,
894,1.1920,-0.1150,-0.1439,3.097,good,0.001,5.81,0,0,0,0,9.41,2,0.0,,,
898,1.1920,-0.1028,-0.1242,3.000,good,0.000,1.58,0,0,0,0,7.60,1,0.0,,,
896,1.2000,-0.1129,0.1293,3.002,good,0.000,2.17,0,0,0,0,10.92,3,0.0,,,
897,1.2000,-0.1095,0.1407,3.002,good,0.001,3.01,0,0,0,0,9.78,3,0.0,,,
901,1.2000,-0.1172,0.0105,3.002,good,0.000,2.57,0,0,0,0,12.37,2,0.0,,,
902,1.2000,-0.1171,0.1811,3.004,good,0.000,3.43,0,0,0,0,12.27,2,0.0,,,
899,1.2040,-0.1130,-0.1618,3.002,insect,1.000,4.03,1,1,1,0,10.97,3,2.1,11,915,915
900,1.2040,-0.1168,0.0834,2.452,insect,1.000,3.91,1,1,1,0,28.41,3,2.1,42,892,
906,1.2040,-0.1181,-0.1799,3.025,good,0.000,2.49,0,0,0,0,12.10,2,0.0,,,
903,1.2080,-0.1160,0.2159,3.000,good,0.000,2.30,0,0,0,0,11.99,3,0.0,,,
904,1.2080,-0.1124,-0.1149,3.015,good,0.000,3.96,0,0,0,0,10.44,3,0.0,,,
905,1.2080,-0.1095,0.0054,3.202,good,0.000,2.87,0,0,0,0,5.42,3,0.0,,,
911,1.2080,-0.1192,-0.1283,2.993,good,0.001,2.83,0,0,0,0,13.23,2,0.0,,,
912,1.2080,-0.1169,-0.0989,3.003,sour,1.000,15.99,1,1,1,0,12.22,2,2.1,19,910,910
907,1.2120,-0.1154,0.0991,2.948,good,0.000,2.39,0,0,0,0,13.06,3,0.0,,,
908,1.2120,-0.1115,0.0794,3.008,broken,0.994,2.88,1,1,1,0,10.31,3,1.6,42|41,912,912
909,1.2120,-0.1127,0.2237,3.066,good,0.002,6.74,0,0,0,0,9.39,3,0.0,,,
910,1.2120,-0.1086,0.0097,3.046,good,0.000,2.58,0,0,0,0,8.48,3,0.0,,,
913,1.2160,-0.1130,0.1429,3.000,good,0.000,3.20,0,0,0,0,10.99,3,0.0,,,
914,1.2160,-0.1084,-0.0490,3.024,good,0.000,2.88,0,0,0,0,8.92,3,0.0,,,
915,1.2160,-0.1329,0.1712,3.000,faded,0.999,14.46,1,1,1,0,9.64,1,2.1,53|54,,
916,1.2200,-0.1183,0.0374,2.631,good,0.000,2.11,0,0,0,0,22.99,3,0.0,,,
917,1.2200,-0.1141,-0.0270,3.004,good,0.005,3.50,0,0,0,0,11.26,3,0.0,,,
918,1.2200,-0.1126,0.2253,3.096,good,0.024,3.33,0,0,0,0,8.67,3,0.0,,,
922,1.2200,-0.1195,-0.0348,2.994,good,0.025,4.00,0,0,0,0,13.32,2,0.0,,,
923,1.2200,-0.1181,-0.0082,3.290,sour,1.000,12.62,1,1,1,0,6.29,2,2.1,30|31,942,
919,1.2240,-0.1123,-0.0581,3.011,good,0.000,2.40,0,0,0,0,10.51,3,0.0,,,
920,1.2240,-0.1112,-0.1698,2.988,insect,1.000,8.07,1,1,1,0,10.68,3,2.1,10,918,918
921,1.2240,-0.1107,0.1329,3.008,good,0.000,1.91,0,0,0,0,10.03,3,0.0,,,
925,1.2240,-0.1180,0.1740,3.011,good,0.001,3.54,0,0,0,0,12.42,2,0.0,,,
926,1.2240,-0.1167,0.0827,3.026,good,0.000,1.91,0,0,0,0,11.61,2,0.0,,,
927,1.2240,-0.1157,-0.0202,3.018,faded,0.916,3.74,1,1,1,0,11.47,2,2.1,29,919,
924,1.2280,-0.1137,-0.0493,2.697,good,0.211,7.73,0,0,0,0,19.25,3,0.0,,,
929,1.2280,-0.1299,-0.0438,3.000,good,0.233,2.19,0,0,0,0,12.62,1,0.0,,,
928,1.2320,-0.1096,0.0253,2.652,good,0.001,2.15,0,0,0,0,19.04,3,0.0,,,
933,1.2320,-0.1164,0.0565,3.038,good,0.001,1.82,0,0,0,0,11.23,2,0.0,,,
930,1.2360,-0.1156,0.2084,3.034,good,0.000,2.09,0,0,0,0,11.05,3,0.0,,,
931,1.2360,-0.1129,0.1406,2.982,good,0.000,2.10,0,0,0,0,11.41,3,0.0,,,
932,1.2360,-0.1097,-0.0045,2.996,good,0.003,2.47,0,0,0,0,10.00,3,0.0,,,
934,1.2400,-0.1156,-0.0139,2.979,good,0.000,2.02,0,0,0,0,12.38,3,0.0,,,
935,1.2400,-0.1170,0.0232,2.801,good,0.003,2.75,0,0,0,0,17.47,3,0.0,,,
936,1.2400,-0.1136,0.0896,3.054,good,0.000,2.02,0,0,0,0,9.96,3,0.0,,,
937,1.2400,-0.1150,-0.0418,2.679,good,0.001,2.56,0,0,0,0,20.27,3,0.0,,,
938,1.2400,-0.1112,0.0089,2.994,good,0.021,2.92,0,0,0,0,10.55,3,0.0,,,
939,1.2400,-0.1128,0.0649,2.607,good,0.004,3.19,0,0,0,0,21.63,3,0.0,,,
941,1.2400,-0.1170,0.1979,3.000,good,0.000,2.30,0,0,0,0,12.35,2,0.0,,,
940,1.2440,-0.1090,-0.0644,3.273,good,0.005,5.56,0,0,0,0,3.85,3,0.0,,,
944,1.2440,-0.1187,-0.1665,2.994,insect,1.000,2.77,1,1,1,0,13.04,2,2.1,10,944,944
945,1.2440,-0.1185,0.0166,3.148,good,0.000,3.66,0,0,0,0,9.43,2,0.0,,,
946,1.2440,-0.1163,0.0727,3.333,good,0.197,3.02,0,0,0,0,4.89,2,0.0,,,
947,1.2440,-0.1178,-0.1412,3.104,good,0.001,4.31,0,0,0,0,10.17,2,0.0,,,
942,1.2480,-0.1149,-0.1772,3.000,good,0.000,2.23,0,0,0,0,11.62,3,0.0,,,
943,1.2480,-0.1087,-0.0532,3.035,good,0.000,3.14,0,0,0,0,8.78,3,0.0,,,
948,1.2480,-0.1132,-0.0622,2.049,good,0.025,3.31,0,0,0,0,44.01,3,0.0,,,
949,1.2520,-0.1136,-0.2425,3.000,black,1.000,54.07,1,1,1,0,11.18,3,2.1,0|1,953,953
950,1.2560,-0.1125,-0.0979,3.000,good,0.000,3.79,0,0,0,0,10.83,3,0.0,,,
951,1.2560,-0.1105,0.0122,3.000,good,0.000,1.89,0,0,0,0,10.16,3,0.0,,,
954,1.2560,-0.1191,-0.1552,2.914,good,0.000,2.18,0,0,0,0,15.19,2,0.0,,,
952,1.2600,-0.1109,-0.0159,3.082,good,0.003,3.03,0,0,0,0,8.43,3,0.0,,,
953,1.2600,-0.1084,-0.1007,2.993,good,0.000,1.92,0,0,0,0,9.65,3,0.0,,,
957,1.2600,-0.1184,0.0696,3.008,shell,1.000,9.67,1,1,1,0,12.61,2,1.6,40|41,960,960
958,1.2600,-0.1186,-0.0119,3.006,good,0.000,2.28,0,0,0,0,12.71,2,0.0,,,
959,1.2600,-0.1195,0.2221,2.851,good,0.001,5.39,0,0,0,0,16.97,2,0.0,,,
965,1.2600,-0.1074,-0.1517,3.000,good,0.000,2.34,0,0,0,0,9.13,1,0.0,,,
955,1.2640,-0.1156,0.1302,2.718,good,0.000,3.25,0,0,0,0,19.31,3,0.0,,,
956,1.2640,-0.1365,-0.0866,3.000,good,0.000,1.59,0,0,0,0,10.83,1,0.0,,,
962,1.2640,-0.1130,0.0947,3.450,black,1.000,47.59,1,1,1,0,1.73,2,2.1,44|43,955,955
963,1.2640,-0.1130,0.0457,3.450,good,0.016,4.16,0,0,0,0,1.74,2,0.0,,,
964,1.2640,-0.1241,-0.0829,3.000,good,0.000,1.57,0,0,0,0,10.71,1,0.0,,,
970,1.2640,-0.1118,-0.0791,3.000,good,0.000,1.63,0,0,0,0,10.59,1,0.0,,,
960,1.2680,-0.1115,0.1463,3.023,shell,0.998,10.30,1,1,1,0,9.95,3,1.6,50,951,951
961,1.2680,-0.1087,0.0611,2.997,good,0.000,1.70,0,0,0,0,9.65,3,0.0,,,
966,1.2720,-0.1149,-0.0326,3.013,good,0.000,3.02,0,0,0,0,11.32,3,0.0,,,
967,1.2720,-0.1110,-0.2189,2.998,black,1.000,57.36,1,1,1,0,10.39,3,2.1,3|4,978,978
968,1.2720,-0.1092,0.0787,3.146,good,0.002,3.64,0,0,0,0,6.49,3,0.0,,,
969,1.2720,-0.1083,0.0986,2.977,good,0.000,2.79,0,0,0,0,9.95,3,0.0,,,
974,1.2720,-0.1189,0.0234,2.997,good,0.002,3.20,0,0,0,0,13.03,2,0.0,,,
971,1.2760,-0.1143,0.0137,3.007,broken,0.973,3.39,1,1,1,0,11.27,3,1.6,33,973,973
972,1.2760,-0.1117,-0.1251,3.275,good,0.001,3.33,0,0,0,0,4.66,3,0.0,,,
973,1.2760,-0.1127,0.2125,2.977,good,0.000,3.07,0,0,0,0,11.44,3,0.0,,,
977,1.2760,-0.1183,0.1240,2.920,good,0.002,10.56,0,0,0,0,14.78,2,0.0,,,
978,1.2760,-0.1184,-0.0200,3.000,sour,1.000,23.31,1,1,1,0,12.80,2,2.1,29,969,969
979,1.2760,-0.1169,-0.1678,3.008,good,0.000,4.43,0,0,0,0,12.11,2,0.0,,,
975,1.2800,-0.1137,-0.0521,3.002,good,0.000,3.43,0,0,0,0,11.17,3,0.0,,,
976,1.2800,-0.1122,0.0333,2.847,husk,1.000,11.39,1,1,1,0,14.55,3,1.6,36,967,
982,1.2800,-0.1190,0.1431,3.153,good,0.010,4.10,0,0,0,0,9.47,2,0.0,,,
983,1.2800,-0.1150,-0.0019,3.159,good,0.002,2.70,0,0,0,0,8.06,2,0.0,,,
985,1.2800,-0.1080,0.1283,3.000,good,0.000,3.84,0,0,0,0,9.34,1,0.0,,,
986,1.2800,-0.1050,0.1200,3.000,good,0.000,3.10,0,0,0,0,8.33,1,0.0,,,
980,1.2840,-0.1124,-0.0905,2.999,good,0.001,3.22,0,0,0,0,10.83,3,0.0,,,
981,1.2840,-0.1068,0.0339,3.232,good,0.327,5.71,0,0,0,0,3.99,3,0.0,,,
984,1.2880,-0.1120,-0.1068,3.001,good,0.001,2.36,0,0,0,0,10.63,3,0.0,,,
992,1.2880,-0.1159,0.1248,3.227,good,0.000,2.97,0,0,0,0,6.89,2,0.0,,,
993,1.2880,-0.1180,-0.2001,3.005,good,0.000,2.05,0,0,0,0,12.54,2,0.0,,,
994,1.2880,-0.1161,-0.1465,2.966,good,0.001,2.39,0,0,0,0,12.87,2,0.0,,,
995,1.2880,-0.1173,0.1505,3.000,good,0.000,2.94,0,0,0,0,12.42,2,0.0,,,
998,1.2880,-0.1004,-0.0868,3.000,good,0.001,3.21,0,0,0,0,6.81,1,0.0,,,
987,1.2920,-0.1144,0.0437,2.963,good,0.000,2.72,0,0,0,0,12.36,3,0.0,,,
988,1.2920,-0.1141,-0.1741,2.989,good,0.000,3.67,0,0,0,0,11.64,3,0.0,,,
989,1.2920,-0.1109,-0.0353,2.989,good,0.000,3.11,0,0,0,0,10.56,3,0.0,,,
990,1.2920,-0.1115,0.1715,3.002,good,0.017,5.54,0,0,0,0,10.45,3,0.0,,,
991,1.2920,-0.1215,0.2031,2.726,good,0.003,7.53,0,0,0,0,17.25,2,0.0,,,
997,1.2920,-0.1158,0.1588,3.019,good,0.001,2.21,0,0,0,0,11.48,2,0.0,,,
1001,1.2920,-0.1106,0.2062,3.000,good,0.003,5.61,0,0,0,0,10.20,1,0.0,,,
1002,1.2920,-0.1029,0.1278,3.000,good,0.000,3.03,0,0,0,0,7.65,1,0.0,,,
996,1.2960,-0.1136,-0.1554,2.892,good,0.000,3.02,0,0,0,0,13.84,3,0.0,,,
1000,1.2960,-0.1189,-0.2006,2.999,good,0.000,2.49,0,0,0,0,12.98,2,0.0,,,
999,1.3000,-0.1162,-0.0204,2.978,good,0.000,2.73,0,0,0,0,12.59,3,0.0,,,
1005,1.3000,-0.1194,0.0554,2.991,good,0.001,2.91,0,0,0,0,13.37,2,0.0,,,
1006,1.3000,-0.1159,-0.1006,3.000,faded,0.707,3.56,1,1,1,0,11.95,2,2.1,19|18,1015,1015
1003,1.3040,-0.1139,-0.0730,2.999,good,0.000,2.90,0,0,0,0,11.32,3,0.0,,,
1004,1.3040,-0.1129,0.1059,3.156,good,0.000,2.30,0,0,0,0,7.46,3,0.0,,,
1009,1.3040,-0.1180,0.2316,2.988,good,0.000,2.01,0,0,0,0,12.98,2,0.0,,,
1007,1.3080,-0.1112,-0.1992,2.994,good,0.000,2.45,0,0,0,0,10.53,3,0.0,,,
1008,1.3080,-0.1103,0.1849,3.002,black,1.000,48.24,1,1,1,0,10.03,3,2.1,55,1007,1007
1010,1.3120,-0.1136,-0.2213,2.999,good,0.026,3.29,0,0,0,0,11.24,3,0.0,,,
1011,1.3120,-0.1105,0.0083,2.998,good,0.000,2.08,0,0,0,0,10.24,3,0.0,,,
1012,1.3120,-0.1091,-0.0166,3.031,good,0.000,2.48,0,0,0,0,8.99,3,0.0,,,
1017,1.3120,-0.1199,-0.0261,3.002,good,0.001,3.10,0,0,0,0,13.26,2,0.0,,,
1018,1.3120,-0.1189,-0.0598,3.010,good,0.001,1.94,0,0,0,0,12.72,2,0.0,,,
1013,1.3160,-0.1302,0.1246,2.520,good,0.000,2.94,0,0,0,0,27.34,2,0.0,,,
1014,1.3160,-0.1153,0.1144,3.015,good,0.001,2.80,0,0,0,0,11.41,3,0.0,,,
1015,1.3160,-0.1107,0.0123,3.450,good,0.000,2.41,0,0,0,0,1.08,3,0.0,,,
1016,1.3160,-0.1118,-0.0696,3.191,faded,0.999,4.88,1,1,1,0,6.38,3,2.1,23|22,1044,1044
1020,1.3160,-0.1181,-0.0032,2.996,good,0.000,2.53,0,0,0,0,12.79,2,0.0,,,
1019,1.3200,-0.1155,-0.0465,2.987,good,0.000,3.51,0,0,0,0,12.16,3,0.0,,,
1023,1.3200,-0.1197,-0.1996,2.997,good,0.000,2.97,0,0,0,0,13.30,2,0.0,,,
1024,1.3200,-0.1178,-0.1856,2.922,good,0.003,1.97,0,0,0,0,14.56,2,0.0,,,
1025,1.3200,-0.1100,0.1283,2.526,good,0.000,3.03,0,0,0,0,23.14,2,0.0,,,
1021,1.3240,-0.1378,0.0897,3.000,good,0.000,4.98,0,0,0,0,11.28,1,0.0,,,
1022,1.3240,-0.1118,0.0286,3.009,good,0.000,2.18,0,0,0,0,10.39,3,0.0,,,
1028,1.3240,-0.1197,0.0128,2.998,good,0.013,2.99,0,0,0,0,13.27,2,0.0,,,
1029,1.3240,-0.1190,-0.2014,2.856,good,0.000,2.90,0,0,0,0,16.68,2,0.0,,,
1030,1.3240,-0.1173,0.1299,2.999,good,0.006,5.44,0,0,0,0,12.47,2,0.0,,,
1031,1.3240,-0.1265,0.0865,3.000,good,0.000,3.37,0,0,0,0,11.50,1,0.0,,,
1038,1.3240,-0.1152,0.0832,3.000,good,0.004,3.25,0,0,0,0,11.72,1,0.0,,,
1039,1.3240,-0.0999,0.1314,3.000,good,0.002,2.19,0,0,0,0,6.63,1,0.0,,,
1026,1.3280,-0.1136,-0.0808,3.001,good,0.002,3.83,0,0,0,0,11.17,3,0.0,,,
1027,1.3280,-0.1087,0.1681,2.994,good,0.002,2.55,0,0,0,0,9.72,3,0.0,,,
1037,1.3280,-0.1158,0.0378,3.220,good,0.000,3.42,0,0,0,0,7.04,2,0.0,,,
1044,1.3280,-0.1038,0.0800,3.000,good,0.001,3.34,0,0,0,0,7.94,1,0.0,,,
1032,1.3320,-0.1128,-0.1240,3.000,good,0.000,3.48,0,0,0,0,10.93,3,0.0,,,
1033,1.3320,-0.1141,0.0196,3.001,good,0.000,2.52,0,0,0,0,11.33,3,0.0,,,
1034,1.3320,-0.1191,0.2034,2.289,good,0.000,2.11,0,0,0,0,35.73,3,0.0,,,
1035,1.3320,-0.1110,-0.0032,2.977,good,0.001,1.32,0,0,0,0,10.89,3,0.0,,,
1036,1.3320,-0.1106,0.0276,3.001,good,0.000,3.10,0,0,0,0,10.16,3,0.0,,,
1043,1.3320,-0.1193,-0.0798,3.002,good,0.018,3.50,0,0,0,0,13.06,2,0.0,,,
1040,1.3360,-0.1139,-0.0665,3.114,good,0.000,2.69,0,0,0,0,8.68,3,0.0,,,
1041,1.3360,-0.1123,0.1209,3.001,good,0.103,4.07,0,0,0,0,10.75,3,0.0,,,
1042,1.3360,-0.1091,-0.0110,2.984,good,0.000,2.89,0,0,0,0,10.09,3,0.0,,,
1048,1.3360,-0.1170,0.1300,3.039,good,0.000,2.20,0,0,0,0,11.39,2,0.0,,,
1052,1.3360,-0.1193,0.0968,3.000,good,0.000,3.01,0,0,0,0,13.11,1,0.0,,,
1045,1.3400,-0.1107,-0.1041,2.986,good,0.000,19.66,1,1,1,0,10.58,3,6.0,18|19|17,1046,1046
1046,1.3400,-0.1331,0.0937,3.000,good,0.000,6.27,0,0,0,0,9.69,1,0.0,,,
1047,1.3400,-0.1087,-0.0178,2.991,good,0.000,3.42,0,0,0,0,9.78,3,0.0,,,
1051,1.3400,-0.1100,0.0898,3.133,good,0.000,1.95,0,0,0,0,7.04,2,0.0,,,
1049,1.3440,-0.1143,-0.2039,2.998,good,0.000,2.60,0,0,0,0,11.50,3,0.0,,,
1050,1.3440,-0.1112,-0.1207,3.002,good,0.001,2.12,0,0,0,0,10.35,3,0.0,,,
1053,1.3480,-0.1164,-0.1949,2.997,good,0.000,2.50,0,0,0,0,12.22,3,0.0,,,
1054,1.3480,-0.1127,-0.1582,2.856,faded,0.974,6.88,1,1,1,0,14.47,3,2.1,11,1036|1053,1053
1055,1.3480,-0.1107,0.1896,3.024,good,0.001,2.84,0,0,0,0,9.69,3,0.0,,,
1056,1.3480,-0.1084,-0.1141,3.040,good,0.000,2.46,0,0,0,0,8.55,3,0.0,,,
1059,1.3480,-0.1143,0.1637,3.005,good,0.000,4.25,0,0,0,0,11.31,2,0.0,,,
1057,1.3520,-0.1153,0.0752,2.616,good,0.001,3.00,0,0,0,0,22.33,3,0.0,,,
1058,1.3520,-0.1121,0.0486,2.992,good,0.000,2.47,0,0,0,0,10.87,3,0.0,,,
1061,1.3520,-0.1193,-0.1838,2.973,good,0.007,3.21,0,0,0,0,13.76,2,0.0,,,
1062,1.3520,-0.1199,-0.1143,2.888,good,0.021,3.18,0,0,0,0,16.13,2,0.0,,,
1063,1.3520,-0.1181,-0.0695,2.972,good,0.000,2.19,0,0,0,0,13.37,2,0.0,,,
1064,1.3520,-0.1166,0.1003,2.979,sour,1.000,12.50,1,1,1,0,12.70,2,2.1,44|45,1054,
1060,1.3560,-0.1080,0.2327,2.998,good,0.002,2.83,0,0,0,0,9.39,3,0.0,,,
1070,1.3560,-0.1049,0.0781,3.000,good,0.000,2.20,0,0,0,0,8.29,1,0.0,,,
1065,1.3600,-0.1134,-0.0391,3.030,good,0.001,2.37,0,0,0,0,10.43,3,0.0,,,
1066,1.3600,-0.1054,-0.0746,3.450,good,0.000,2.84,0,0,0,0,-0.45,3,0.0,,,
1067,1.3600,-0.1096,-0.0643,2.970,good,0.000,2.37,0,0,0,0,10.55,3,0.0,,,
1068,1.3640,-0.1147,-0.1684,3.101,good,0.006,2.52,0,0,0,0,9.24,3,0.0,,,
1069,1.3640,-0.1091,-0.2028,3.281,faded,0.630,3.73,1,1,1,0,3.75,3,2.1,6|5,1052,
1075,1.3640,-0.1158,0.1272,2.999,good,0.000,2.46,0,0,0,0,11.97,2,0.0,,,
1071,1.3680,-0.1162,-0.0552,2.800,good,0.001,2.45,0,0,0,0,17.21,3,0.0,,,
1072,1.3680,-0.1108,-0.0860,2.870,good,0.000,3.08,0,0,0,0,13.44,3,0.0,,,
1073,1.3680,-0.1090,-0.0358,3.023,good,0.000,1.98,0,0,0,0,9.16,3,0.0,,,
1074,1.3680,-0.1084,-0.1835,2.988,good,0.226,4.69,0,0,0,0,9.74,3,0.0,,,
1077,1.3680,-0.1194,-0.1595,3.078,good,0.014,3.65,0,0,0,0,11.27,2,0.0,,,
1078,1.3680,-0.1179,0.2014,3.030,good,0.000,4.37,0,0,0,0,11.89,2,0.0,,,
1079,1.3680,-0.1172,-0.1799,3.010,good,0.000,3.77,0,0,0,0,12.15,2,0.0,,,
1076,1.3720,-0.1084,0.0293,2.980,good,0.002,2.36,0,0,0,0,9.92,3,0.0,,,
1081,1.3720,-0.1182,0.1928,3.000,good,0.000,2.31,0,0,0,0,12.75,2,0.0,,,
1082,1.3720,-0.1174,0.1627,3.112,good,0.001,2.10,0,0,0,0,9.87,2,0.0,,,
1080,1.3760,-0.1150,0.0364,2.992,good,0.000,1.72,0,0,0,0,11.88,3,0.0,,,
1085,1.3760,-0.1182,-0.1006,2.933,good,0.000,2.84,0,0,0,0,14.37,2,0.0,,,
1086,1.3760,-0.1166,0.1824,3.004,good,0.000,3.03,0,0,0,0,12.10,2,0.0,,,
1083,1.3800,-0.1148,0.2368,3.000,good,0.010,3.50,0,0,0,0,11.59,3,0.0,,,
1084,1.3800,-0.1097,-0.2111,2.871,sour,1.000,28.56,1,1,1,0,13.03,3,2.1,4|5,1097,1097
1090,1.3800,-0.1175,0.0827,2.670,stick,1.000,105.05,1,1,1,0,21.44,2,1.6,42,1060,
1093,1.3800,-0.1276,0.0996,3.000,good,0.001,6.90,0,0,0,0,11.88,1,0.0,,,
1098,1.3800,-0.1192,0.1033,3.000,good,0.000,2.71,0,0,0,0,13.05,1,0.0,,,
1099,1.3800,-0.1125,0.0965,3.000,good,0.000,4.31,0,0,0,0,10.82,1,0.0,,,
1087,1.3840,-0.1130,-0.1839,3.006,good,0.000,2.51,0,0,0,0,10.84,3,0.0,,,
1088,1.3840,-0.1130,0.0509,2.852,good,0.000,4.10,0,0,0,0,14.68,3,0.0,,,
1089,1.3840,-0.1117,-0.1520,2.999,black,1.000,56.15,1,1,1,0,10.61,3,2.1,12,1095,1095
1091,1.3840,-0.1102,0.0738,3.001,good,0.000,2.68,0,0,0,0,10.03,3,0.0,,,
1092,1.3840,-0.1107,0.1783,2.999,good,0.005,3.11,0,0,0,0,10.27,3,0.0,,,
1094,1.3880,-0.1127,-0.2258,3.341,good,0.001,2.77,0,0,0,0,3.66,3,0.0,,,
1095,1.3880,-0.1088,0.0645,3.267,good,0.001,4.29,0,0,0,0,3.92,3,0.0,,,
1096,1.3880,-0.1102,-0.1359,3.026,good,0.000,3.28,0,0,0,0,9.46,3,0.0,,,
1097,1.3880,-0.1103,0.0330,3.009,good,0.000,2.27,0,0,0,0,9.89,3,0.0,,,
1105,1.3880,-0.1016,0.0546,3.000,good,0.000,4.07,0,0,0,0,7.20,1,0.0,,,
1100,1.3920,-0.1108,0.1632,3.126,good,0.000,3.52,0,0,0,0,7.43,3,0.0,,,
1101,1.3920,-0.1127,-0.0848,2.989,good,0.000,4.37,0,0,0,0,11.14,3,0.0,,,
1102,1.3920,-0.1103,-0.1725,3.001,good,0.003,2.96,0,0,0,0,10.08,3,0.0,,,
1103,1.3960,-0.1136,0.0597,2.999,good,0.000,2.16,0,0,0,0,11.25,3,0.0,,,
1104,1.3960,-0.1087,-0.1059,2.998,good,0.000,3.15,0,0,0,0,9.61,3,0.0,,,
1108,1.3960,-0.1158,0.1017,3.213,good,0.000,2.45,0,0,0,0,7.16,2,0.0,,,
1109,1.3960,-0.1172,0.2043,2.933,good,0.001,2.09,0,0,0,0,14.08,2,0.0,,,
1106,1.4000,-0.1108,-0.1650,3.003,good,0.035,2.81,0,0,0,0,10.19,3,0.0,,,
1107,1.4000,-0.1077,-0.1218,3.337,good,0.000,2.23,0,0,0,0,2.23,3,0.0,,,
1110,1.4040,-0.1155,0.0222,2.999,insect,1.000,4.04,1,1,1,0,11.86,3,2.1,34|35,1094,1094
1116,1.4040,-0.1168,0.0134,3.010,good,0.000,2.60,0,0,0,0,12.03,2,0.0,,,
1111,1.4080,-0.1150,-0.2373,2.981,good,0.001,3.24,0,0,0,0,12.14,3,0.0,,,
1112,1.4080,-0.1155,0.1333,2.663,good,0.001,2.33,0,0,0,0,20.94,3,0.0,,,
1113,1.4080,-0.1118,0.1551,2.992,good,0.001,2.82,0,0,0,0,10.80,3,0.0,,,
1114,1.4080,-0.1095,0.2219,3.000,good,0.000,2.35,0,0,0,0,9.82,3,0.0,,,
1115,1.4080,-0.1092,-0.1893,2.993,good,0.000,1.87,0,0,0,0,9.90,3,0.0,,,
1119,1.4080,-0.1177,0.0919,3.061,good,0.001,2.11,0,0,0,0,11.14,2,0.0,,,
1117,1.4120,-0.1177,0.1057,2.266,good,0.190,7.03,0,0,0,0,36.04,3,0.0,,,
1118,1.4120,-0.1091,-0.2298,3.036,good,0.001,2.65,0,0,0,0,8.86,3,0.0,,,
1121,1.4120,-0.1198,0.0630,3.000,good,0.000,1.94,0,0,0,0,13.28,2,0.0,,,
1120,1.4160,-0.1134,-0.1199,2.965,good,0.000,2.07,0,0,0,0,11.98,3,0.0,,,
1125,1.4160,-0.1187,0.0105,2.953,good,0.006,1.87,0,0,0,0,14.04,2,0.0,,,
1131,1.4160,-0.1085,0.1085,3.000,good,0.143,7.05,0,0,0,0,9.51,1,0.0,,,
1122,1.4200,-0.1119,-0.0324,3.177,good,0.000,2.24,0,0,0,0,6.69,3,0.0,,,
1123,1.4200,-0.1123,0.1996,2.994,good,0.001,3.25,0,0,0,0,10.91,3,0.0,,,
1124,1.4200,-0.1109,0.0495,2.667,good,0.000,1.83,0,0,0,0,19.05,3,0.0,,,
1130,1.4200,-0.1155,-0.2176,3.005,good,0.000,1.95,0,0,0,0,11.71,2,0.0,,,
1126,1.4240,-0.1163,0.2094,2.975,shell,0.999,20.46,1,1,1,0,12.72,3,1.6,58,1161,
1127,1.4240,-0.1381,-0.0918,3.000,good,0.000,3.61,0,0,0,0,11.36,1,0.0,,,
1128,1.4240,-0.1107,0.0661,3.004,good,0.000,2.40,0,0,0,0,10.16,3,0.0,,,
1129,1.4240,-0.1334,-0.0987,3.000,black,1.000,46.72,1,1,1,0,9.81,1,2.1,19,,
1135,1.4240,-0.1165,0.2317,3.005,good,0.027,9.12,0,0,0,0,12.03,2,0.0,,,
1136,1.4240,-0.1102,-0.0950,3.184,good,0.179,17.92,0,0,0,0,6.04,2,0.0,,,
1132,1.4280,-0.1123,0.2172,2.986,good,0.001,3.56,0,0,0,0,11.08,3,0.0,,,
1133,1.4280,-0.1113,-0.2391,3.004,black,1.000,50.86,1,1,1,0,10.34,3,2.1,1,1127,1127
1134,1.4280,-0.1104,0.0460,2.997,good,0.000,2.65,0,0,0,0,10.19,3,0.0,,,
1140,1.4280,-0.1148,0.1653,2.997,good,0.076,17.42,0,0,0,0,11.66,2,0.0,,,
1137,1.4320,-0.1139,0.0675,2.933,sour,0.981,15.97,1,1,1,0,12.94,3,2.1,40,1128|1131,1128
1138,1.4320,-0.1115,0.1810,3.002,good,0.004,3.41,0,0,0,0,10.44,3,0.0,,,
1139,1.4320,-0.1109,-0.2031,2.978,good,0.075,8.44,0,0,0,0,10.80,3,0.0,,,
1143,1.4320,-0.1185,-0.0727,2.988,good,0.000,2.03,0,0,0,0,13.13,2,0.0,,,
1141,1.4360,-0.1106,-0.1557,3.000,good,0.001,2.66,0,0,0,0,10.20,3,0.0,,,
1142,1.4360,-0.1103,0.1834,3.014,shell,1.000,6.89,1,1,1,0,9.77,3,1.6,55,1148,1148
1144,1.4360,-0.1192,0.0345,3.117,faded,1.000,5.16,1,1,1,0,10.31,2,2.1,36,1147,1147
1145,1.4360,-0.1165,0.0968,2.954,good,0.111,6.19,0,0,0,0,13.28,2,0.0,,,
1146,1.4360,-0.1174,0.0752,2.960,good,0.004,5.52,0,0,0,0,13.46,2,0.0,,,
1147,1.4360,-0.1163,0.0428,3.158,good,0.014,2.83,0,0,0,0,8.50,2,0.0,,,
1152,1.4360,-0.1024,0.0744,3.000,faded,0.999,3.79,1,1,1,0,7.48,1,2.1,41,1131,
1151,1.4400,-0.1167,0.0244,3.060,good,0.000,1.87,0,0,0,0,10.81,2,0.0,,,
1158,1.4400,-0.1037,0.0464,3.000,good,0.000,2.81,0,0,0,0,7.91,1,0.0,,,
1148,1.4440,-0.1160,-0.1211,2.923,good,0.000,2.54,0,0,0,0,13.90,3,0.0,,,
1149,1.4440,-0.1108,-0.1846,3.015,good,0.000,2.32,0,0,0,0,9.93,3,0.0,,,
1150,1.4440,-0.1102,0.0840,3.020,good,0.001,7.29,0,0,0,0,9.61,3,0.0,,,
1154,1.4440,-0.1166,0.1900,2.996,good,0.001,6.23,0,0,0,0,12.31,2,0.0,,,
1156,1.4440,-0.1140,-0.2279,3.315,good,0.075,7.76,0,0,0,0,4.55,2,0.0,,,
1157,1.4440,-0.1257,0.0787,3.000,good,0.000,2.41,0,0,0,0,11.23,1,0.0,,,
1153,1.4480,-0.1131,-0.2430,3.002,good,0.005,7.41,0,0,0,0,11.00,3,0.0,,,
1155,1.4480,-0.1089,0.1658,2.834,good,0.000,2.77,0,0,0,0,13.72,3,0.0,,,
1163,1.4480,-0.1199,0.0779,2.979,good,0.000,2.35,0,0,0,0,13.80,2,0.0,,,
1164,1.4480,-0.1193,-0.1267,3.170,good,0.000,2.39,0,0,0,0,9.18,2,0.0,,,
1159,1.4520,-0.1169,-0.2205,2.751,good,0.003,2.24,0,0,0,0,18.83,3,0.0,,,
1160,1.4520,-0.1377,0.2267,3.000,good,0.000,1.94,0,0,0,0,11.24,1,0.0,,,
1161,1.4520,-0.1117,-0.0650,3.038,good,0.000,3.02,0,0,0,0,9.67,3,0.0,,,
1162,1.4520,-0.1083,-0.1967,3.000,faded,0.960,3.79,1,1,1,0,9.44,3,2.1,6|7,1134,
1168,1.4520,-0.1197,0.1048,3.035,good,0.000,1.83,0,0,0,0,12.38,2,0.0,,,
1169,1.4520,-0.1296,0.2238,3.000,good,0.000,1.99,0,0,0,0,12.54,1,0.0,,,
1170,1.4520,-0.1176,-0.1734,3.002,good,0.027,3.44,0,0,0,0,12.49,2,0.0,,,
1173,1.4520,-0.1066,-0.1231,3.000,good,0.000,1.98,0,0,0,0,8.87,1,0.0,,,
1165,1.4560,-0.1142,-0.1754,2.991,good,0.004,3.34,0,0,0,0,11.61,3,0.0,,,
1166,1.4560,-0.1124,0.1940,3.001,good,0.000,2.20,0,0,0,0,10.79,3,0.0,,,
1167,1.4560,-0.1114,-0.1256,3.026,good,0.003,1.97,0,0,0,0,9.87,3,0.0,,,
1171,1.4560,-0.1182,0.1717,3.003,good,0.000,2.05,0,0,0,0,12.65,2,0.0,,,
1172,1.4560,-0.1215,0.2209,3.000,good,0.000,1.87,0,0,0,0,9.83,1,0.0,,,
1179,1.4560,-0.1134,0.2180,3.000,good,0.000,2.01,0,0,0,0,11.13,1,0.0,,,
1177,1.4600,-0.1147,-0.0896,2.990,good,0.001,3.16,0,0,0,0,11.83,2,0.0,,,
1178,1.4600,-0.1156,0.0873,2.951,good,0.001,2.62,0,0,0,0,13.06,2,0.0,,,
1182,1.4600,-0.1053,0.2151,3.000,good,0.001,2.16,0,0,0,0,8.43,1,0.0,,,
1174,1.4640,-0.1141,0.0321,3.129,good,0.001,1.96,0,0,0,0,8.43,3,0.0,,,
1175,1.4640,-0.1141,0.1714,3.000,good,0.080,5.41,0,0,0,0,11.37,3,0.0,,,
1176,1.4640,-0.1081,0.2194,3.019,good,0.000,3.62,0,0,0,0,8.93,3,0.0,,,
1180,1.4680,-0.1135,-0.0657,3.193,good,0.000,2.80,0,0,0,0,6.86,3,0.0,,,
1181,1.4680,-0.1270,0.2123,2.529,good,0.001,3.88,0,0,0,0,25.77,2,0.0,,,
1186,1.4680,-0.1178,0.1827,3.070,good,0.000,10.85,0,0,0,0,10.93,2,0.0,,,
1187,1.4680,-0.1129,0.0265,3.450,good,0.000,2.49,0,0,0,0,1.70,2,0.0,,,
1191,1.4680,-0.1170,0.2087,3.000,good,0.001,3.36,0,0,0,0,12.32,1,0.0,,,
1183,1.4720,-0.1118,-0.0963,2.809,good,0.001,2.12,0,0,0,0,15.39,3,0.0,,,
1184,1.4720,-0.1104,0.0126,3.000,good,0.000,2.65,0,0,0,0,10.13,3,0.0,,,
1185,1.4720,-0.1103,0.0977,3.000,good,0.000,2.64,0,0,0,0,10.10,3,0.0,,,
1190,1.4720,-0.1176,0.1551,2.998,faded,1.000,4.81,1,1,1,0,12.59,2,2.1,51|52,1175,
1188,1.4760,-0.1147,-0.0848,3.015,good,0.000,1.86,0,0,0,0,11.21,3,0.0,,,
1189,1.4760,-0.1127,0.0290,2.973,good,0.000,3.94,0,0,0,0,11.54,3,0.0,,,
1195,1.4760,-0.1185,0.2156,3.000,good,0.004,2.83,0,0,0,0,12.83,2,0.0,,,
1192,1.4800,-0.1153,-0.1386,2.988,good,0.000,2.78,0,0,0,0,12.06,3,0.0,,,
1193,1.4800,-0.1129,-0.0993,2.989,black,1.000,21.37,1,1,1,0,11.25,3,2.1,19,1180|1189,1180
1194,1.4800,-0.1113,-0.0009,3.003,good,0.002,2.74,0,0,0,0,10.38,3,0.0,,,
1197,1.4800,-0.1188,0.0417,3.117,good,0.000,3.57,0,0,0,0,10.19,2,0.0,,,
1198,1.4800,-0.1168,-0.1990,3.000,good,0.004,3.08,0,0,0,0,12.26,2,0.0,,,
1196,1.4840,-0.1163,0.0277,3.037,good,0.001,3.83,0,0,0,0,11.21,3,0.0,,,
1199,1.4880,-0.1096,0.0478,3.450,good,0.002,2.98,0,0,0,0,0.75,3,0.0,,,
1200,1.4920,-0.1107,0.0145,3.336,good,0.000,4.28,0,0,0,0,3.17,3,0.0,,,
1201,1.4920,-0.1136,0.1051,3.048,sour,1.000,21.72,1,1,1,0,10.09,3,2.1,45,1178,
1202,1.4920,-0.1096,-0.1485,2.933,good,0.010,2.56,0,0,0,0,11.46,3,0.0,,,
1206,1.4920,-0.1157,0.1619,3.373,good,0.023,2.11,0,0,0,0,3.95,2,0.0,,,
1207,1.4920,-0.1152,-0.0191,2.979,good,0.000,4.16,0,0,0,0,12.25,2,0.0,,,
1203,1.4960,-0.1155,-0.2256,3.013,good,0.002,2.67,0,0,0,0,11.52,3,0.0,,,
1204,1.4960,-0.1126,0.2195,2.988,broken,0.529,5.26,1,1,1,0,11.16,3,1.6,60|59,1191,1191
1205,1.4960,-0.1112,-0.1723,2.761,good,0.012,7.32,0,0,0,0,16.49,3,0.0,,,
1209,1.4960,-0.1168,0.1099,3.059,good,0.000,2.16,0,0,0,0,10.89,2,0.0,,,
1210,1.4960,-0.1164,0.0785,3.111,good,0.000,2.03,0,0,0,0,9.54,2,0.0,,,
1211,1.4960,-0.1154,0.1812,3.129,good,0.002,3.74,0,0,0,0,8.85,2,0.0,,,
1208,1.5000,-0.1138,-0.1517,2.993,good,0.000,2.01,0,0,0,0,11.44,3,0.0,,,
1213,1.5000,-0.1199,0.0559,3.009,good,0.216,6.75,0,0,0,0,13.09,2,0.0,,,
1212,1.5040,-0.1113,-0.0085,2.997,good,0.475,3.55,0,0,0,0,10.48,3,0.0,,,
1214,1.5080,-0.1115,0.1321,2.994,good,0.000,2.42,0,0,0,0,10.63,3,0.0,,,
1215,1.5080,-0.1121,-0.2269,2.514,good,0.021,4.49,0,0,0,0,24.38,3,0.0,,,
1216,1.5120,-0.1354,-0.0171,3.000,good,0.001,3.96,0,0,0,0,10.47,1,0.0,,,
1217,1.5120,-0.1108,-0.0109,2.906,sour,0.999,15.03,1,1,1,0,12.53,3,2.1,30,1206|1223,1206
1218,1.5120,-0.1104,0.2126,2.970,good,0.000,2.56,0,0,0,0,10.85,3,0.0,,,
1220,1.5120,-0.1197,-0.1664,2.740,good,0.090,2.85,0,0,0,0,20.18,2,0.0,,,
1219,1.5160,-0.1150,0.1233,2.767,good,0.000,3.05,0,0,0,0,17.71,3,0.0,,,
1224,1.5160,-0.1193,0.0959,3.219,good,0.004,2.28,0,0,0,0,8.13,2,0.0,,,
1225,1.5160,-0.1190,0.1852,3.011,good,0.161,3.83,0,0,0,0,12.74,2,0.0,,,
1226,1.5160,-0.1179,-0.2273,2.997,good,0.007,4.14,0,0,0,0,12.70,2,0.0,,,
1221,1.5200,-0.1137,-0.1399,3.001,good,0.000,1.19,0,0,0,0,11.23,3,0.0,,,
1222,1.5200,-0.1236,0.0738,3.377,broken,0.595,3.38,1,1,1,0,2.21,2,1.6,41,,
1223,1.5200,-0.1081,0.1617,3.010,good,0.000,2.12,0,0,0,0,9.12,3,0.0,,,
1234,1.5200,-0.1101,0.0704,3.000,broken,0.629,3.34,1,1,1,0,10.04,1,1.6,41|40,1242,
1227,1.5240,-0.1131,-0.1354,2.971,good,0.001,4.40,0,0,0,0,11.74,3,0.0,,,
1231,1.5240,-0.1197,0.0406,2.994,good,0.000,2.74,0,0,0,0,13.38,2,0.0,,,
1232,1.5240,-0.1180,-0.1697,2.997,good,0.000,1.89,0,0,0,0,12.74,2,0.0,,,
1233,1.5240,-0.1165,-0.2340,3.073,good,0.000,1.65,0,0,0,0,10.45,2,0.0,,,
1228,1.5280,-0.1155,-0.0315,2.901,insect,1.000,3.52,1,1,1,0,14.30,3,2.1,27|28,1221,
1229,1.5280,-0.1093,0.0013,3.322,good,0.000,2.65,0,0,0,0,2.99,3,0.0,,,
1230,1.5280,-0.1101,-0.2039,2.824,good,0.039,3.66,0,0,0,0,14.39,3,0.0,,,
1238,1.5280,-0.1172,0.1043,2.999,good,0.000,3.20,0,0,0,0,12.40,2,0.0,,,
1235,1.5320,-0.1143,-0.1441,2.970,good,0.469,3.42,0,0,0,0,12.17,3,0.0,,,
1236,1.5320,-0.1121,0.1410,3.015,good,0.001,2.83,0,0,0,0,10.35,3,0.0,,,
1237,1.5320,-0.1111,0.1558,3.011,good,0.000,3.29,0,0,0,0,10.10,3,0.0,,,
1240,1.5320,-0.1195,-0.0019,2.960,good,0.000,3.03,0,0,0,0,14.15,2,0.0,,,
1239,1.5360,-0.1132,0.1548,2.957,good,0.000,2.98,0,0,0,0,12.10,3,0.0,,,
1246,1.5360,-0.1189,0.1746,3.306,good,0.003,3.22,0,0,0,0,6.22,2,0.0,,,
1247,1.5360,-0.1183,-0.0887,3.002,good,0.000,2.82,0,0,0,0,12.73,2,0.0,,,
1241,1.5400,-0.1139,-0.1204,2.907,good,0.120,4.57,0,0,0,0,13.59,3,0.0,,,
1242,1.5400,-0.1116,-0.1412,3.004,sour,1.000,25.89,1,1,1,0,10.43,3,2.1,13|14,1227,1227
1243,1.5400,-0.1127,-0.0950,2.991,good,0.000,8.92,0,0,0,0,11.10,3,0.0,,,
1244,1.5400,-0.1131,0.2209,2.763,good,0.001,2.06,0,0,0,0,17.12,3,0.0,,,
1245,1.5400,-0.1096,-0.1604,2.967,good,0.002,2.58,0,0,0,0,10.64,3,0.0,,,
1250,1.5400,-0.1165,-0.0384,2.882,good,0.000,3.22,0,0,0,0,15.13,2,0.0,,,
1248,1.5440,-0.1126,-0.0261,3.272,good,0.000,2.63,0,0,0,0,4.96,3,0.0,,,
1249,1.5440,-0.1096,-0.0657,3.005,good,0.000,2.93,0,0,0,0,9.77,3,0.0,,,
1255,1.5440,-0.1197,0.0137,3.105,good,0.003,2.81,0,0,0,0,10.76,2,0.0,,,
1256,1.5440,-0.1171,0.1859,3.001,good,0.000,2.48,0,0,0,0,12.34,2,0.0,,,
1251,1.5480,-0.1129,0.0503,3.241,good,0.000,2.55,0,0,0,0,5.69,3,0.0,,,
1252,1.5480,-0.1143,0.0951,2.887,good,0.000,2.94,0,0,0,0,14.22,3,0.0,,,
1253,1.5480,-0.1113,0.1578,2.902,good,0.209,5.19,0,0,0,0,12.82,3,0.0,,,
1254,1.5480,-0.1085,-0.0839,3.010,good,0.201,3.56,0,0,0,0,9.24,3,0.0,,,
1259,1.5480,-0.1175,0.0325,3.115,good,0.002,2.74,0,0,0,0,9.83,2,0.0,,,
1257,1.5520,-0.1128,-0.0950,3.019,good,0.000,3.04,0,0,0,0,10.48,3,0.0,,,
1258,1.5520,-0.1106,0.1441,3.007,good,0.001,2.45,0,0,0,0,10.06,3,0.0,,,
1260,1.5560,-0.1261,0.1275,3.161,good,0.002,2.92,0,0,0,0,7.51,2,0.0,,,
1263,1.5560,-0.1159,0.2194,3.450,good,0.000,2.53,0,0,0,0,2.57,2,0.0,,,
1264,1.5560,-0.1166,-0.0302,3.100,good,0.001,6.90,0,0,0,0,9.87,2,0.0,,,
1268,1.5560,-0.1134,0.1321,3.000,good,0.001,2.89,0,0,0,0,11.12,1,0.0,,,
1261,1.5600,-0.1126,0.1276,3.091,good,0.000,1.92,0,0,0,0,8.79,3,0.0,,,
1262,1.5600,-0.1093,-0.1385,2.963,good,0.008,2.40,0,0,0,0,10.63,3,0.0,,,
1266,1.5600,-0.1177,0.1441,3.079,good,0.001,8.72,0,0,0,0,10.70,2,0.0,,,
1267,1.5600,-0.1184,-0.1543,3.003,good,0.000,2.62,0,0,0,0,12.73,2,0.0,,,
1265,1.5640,-0.1162,-0.0166,2.979,good,0.000,3.62,0,0,0,0,12.58,3,0.0,,,
1269,1.5680,-0.1081,-0.0985,2.983,good,0.000,3.37,0,0,0,0,9.77,3,0.0,,,
1273,1.5680,-0.1178,0.2144,2.999,good,0.000,3.63,0,0,0,0,12.64,2,0.0,,,
1274,1.5680,-0.1159,0.1216,3.112,broken,0.913,2.22,1,1,1,0,9.39,2,1.6,47,1288,1288
1270,1.5720,-0.1130,-0.2005,3.214,good,0.001,6.04,0,0,0,0,6.28,3,0.0,,,
1271,1.5720,-0.1149,0.1497,2.961,good,0.000,2.03,0,0,0,0,12.55,3,0.0,,,
1272,1.5720,-0.1087,0.2038,2.994,good,0.000,2.61,0,0,0,0,9.70,3,0.0,,,
1275,1.5720,-0.1165,0.0860,2.978,good,0.001,3.13,0,0,0,0,12.70,2,0.0,,,
1280,1.5760,-0.1193,-0.1968,3.237,broken,0.997,62.14,1,1,1,0,7.75,2,1.6,6|7,1280,
1276,1.5800,-0.1136,-0.1696,2.979,good,0.000,4.04,0,0,0,0,11.68,3,0.0,,,
1277,1.5800,-0.1089,-0.1041,2.998,good,0.005,3.30,0,0,0,0,9.66,3,0.0,,,
1278,1.5800,-0.1086,-0.0620,3.014,good,0.000,4.04,0,0,0,0,9.20,3,0.0,,,
1279,1.5800,-0.1093,0.0479,2.856,good,0.034,2.79,0,0,0,0,13.28,3,0.0,,,
1283,1.5800,-0.1173,-0.0470,3.004,good,0.007,2.93,0,0,0,0,12.35,2,0.0,,,
1284,1.5800,-0.1153,0.0008,3.046,good,0.003,2.63,0,0,0,0,10.68,2,0.0,,,
1281,1.5840,-0.1147,0.0346,3.006,good,0.000,3.75,0,0,0,0,11.42,3,0.0,,,
1282,1.5840,-0.1084,0.1691,3.075,good,0.000,1.99,0,0,0,0,7.78,3,0.0,,,
1285,1.5880,-0.1150,-0.1395,3.003,good,0.000,2.49,0,0,0,0,11.60,3,0.0,,,
1286,1.5880,-0.1167,-0.0013,2.915,good,0.000,2.67,0,0,0,0,14.35,3,0.0,,,
1287,1.5880,-0.1101,0.1889,2.901,good,0.000,2.66,0,0,0,0,12.43,3,0.0,,,
1289,1.5880,-0.1199,0.1426,3.005,good,0.000,2.94,0,0,0,0,13.17,2,0.0,,,
1291,1.5880,-0.1170,0.1754,3.012,insect,1.000,9.63,1,1,1,0,12.02,2,2.1,54,1283,1283
1288,1.5920,-0.1104,-0.1339,2.975,good,0.002,3.00,0,0,0,0,10.72,3,0.0,,,
1290,1.5920,-0.1093,0.0836,2.702,good,0.227,3.67,0,0,0,0,17.47,3,0.0,,,
1294,1.5920,-0.1154,0.1184,2.975,good,0.003,6.02,0,0,0,0,12.39,2,0.0,,,
1292,1.5960,-0.1145,-0.0643,3.000,good,0.000,2.98,0,0,0,0,11.52,3,0.0,,,
1293,1.5960,-0.1154,-0.0208,2.808,good,0.004,3.57,0,0,0,0,16.71,3,0.0,,,
1300,1.5960,-0.1140,0.1534,3.450,good,0.003,2.81,0,0,0,0,2.03,2,0.0,,,
1295,1.6000,-0.1155,0.1728,3.010,good,0.003,3.28,0,0,0,0,11.59,3,0.0,,,
1296,1.6000,-0.1376,0.0373,3.000,good,0.000,1.86,0,0,0,0,11.22,1,0.0,,,
1297,1.6000,-0.1135,0.2101,3.006,good,0.005,3.37,0,0,0,0,11.02,3,0.0,,,
1298,1.6000,-0.1135,0.1614,2.930,good,0.000,1.86,0,0,0,0,12.88,3,0.0,,,
1299,1.6000,-0.1124,0.1389,2.737,good,0.499,9.71,0,0,0,0,17.61,3,0.0,,,
1301,1.6000,-0.1129,-0.0072,3.450,shell,1.000,12.07,1,1,1,0,1.71,2,1.6,31|30,1352,1352
1302,1.6000,-0.1137,0.0403,3.259,good,0.007,6.22,0,0,0,0,5.58,2,0.0,,,
1305,1.6040,-0.1189,-0.2157,2.946,good,0.130,2.83,0,0,0,0,14.30,2,0.0,,,
1306,1.6040,-0.1157,0.1965,3.387,good,0.025,4.74,0,0,0,0,3.70,2,0.0,,,
1307,1.6040,-0.1155,-0.0974,2.988,good,0.022,3.16,0,0,0,0,12.14,2,0.0,,,
1308,1.6040,-0.1143,-0.1434,3.254,sour,1.000,17.27,1,1,1,0,5.85,2,2.1,13,1303,
1314,1.6040,-0.1053,0.1436,3.000,sour,1.000,10.30,1,1,1,0,8.42,1,2.1,50,1281,1281
1315,1.6040,-0.1034,0.1763,3.000,good,0.003,3.07,0,0,0,0,7.81,1,0.0,,,
1303,1.6080,-0.1111,0.1342,3.025,good,0.000,3.40,0,0,0,0,9.76,3,0.0,,,
1304,1.6080,-0.1088,0.1819,3.127,good,0.000,2.61,0,0,0,0,6.78,3,0.0,,,
1312,1.6080,-0.1172,-0.0228,2.976,good,0.000,2.76,0,0,0,0,12.98,2,0.0,,,
1313,1.6080,-0.1155,0.1991,2.956,good,0.000,2.73,0,0,0,0,12.89,2,0.0,,,
1309,1.6120,-0.1149,0.0668,3.000,good,0.023,2.92,0,0,0,0,11.63,3,0.0,,,
1310,1.6120,-0.1123,-0.0603,3.010,good,0.015,2.70,0,0,0,0,10.56,3,0.0,,,
1311,1.6120,-0.1092,-0.2020,3.002,good,0.045,3.43,0,0,0,0,9.70,3,0.0,,,
1319,1.6120,-0.1181,-0.0171,3.009,good,0.001,4.26,0,0,0,0,12.48,2,0.0,,,
1320,1.6120,-0.1163,0.1378,3.001,black,1.000,57.10,1,1,1,0,12.05,2,2.1,49,1326,
1316,1.6160,-0.1147,-0.0634,2.909,good,0.001,2.70,0,0,0,0,13.82,3,0.0,,,
1317,1.6160,-0.1110,-0.1140,2.994,good,0.001,2.82,0,0,0,0,10.46,3,0.0,,,
1318,1.6160,-0.1080,0.0817,3.002,good,0.001,2.27,0,0,0,0,9.29,3,0.0,,,
1321,1.6200,-0.1147,0.0756,3.024,good,0.000,2.95,0,0,0,0,10.99,3,0.0,,,
1322,1.6200,-0.1136,0.0622,3.002,good,0.012,3.27,0,0,0,0,11.17,3,0.0,,,
1323,1.6200,-0.1157,-0.2058,2.184,good,0.000,2.58,0,0,0,0,38.76,3,0.0,,,
1324,1.6200,-0.1080,-0.0805,3.049,good,0.000,3.54,0,0,0,0,8.20,3,0.0,,,
1325,1.6200,-0.1087,-0.2145,2.976,good,0.000,1.74,0,0,0,0,10.13,3,0.0,,,
1328,1.6200,-0.1166,0.0883,3.039,good,0.000,1.84,0,0,0,0,11.27,2,0.0,,,
1326,1.6240,-0.1105,0.0708,3.016,good,0.000,4.11,0,0,0,0,9.78,3,0.0,,,
1327,1.6240,-0.1120,0.1338,2.652,good,0.000,4.49,0,0,0,0,19.94,3,0.0,,,
1329,1.6240,-0.1198,-0.0031,3.229,good,0.001,4.31,0,0,0,0,8.06,2,0.0,,,
1331,1.6240,-0.1313,-0.1612,3.000,good,0.001,3.43,0,0,0,0,13.11,1,0.0,,,
1337,1.6240,-0.1126,-0.1615,3.000,good,0.003,3.60,0,0,0,0,10.88,1,0.0,,,
1330,1.6280,-0.1083,0.1529,2.993,good,0.000,2.64,0,0,0,0,9.60,3,0.0,,,
1332,1.6280,-0.1095,0.1108,2.692,faded,1.000,4.73,1,1,1,0,17.81,3,2.1,46|45,1309,
1335,1.6280,-0.1184,-0.0911,2.897,good,0.001,2.54,0,0,0,0,15.38,2,0.0,,,
1336,1.6280,-0.1146,-0.0983,2.898,black,1.000,51.67,1,1,1,0,14.07,2,2.1,19,1304,
1333,1.6320,-0.1124,0.0804,2.987,good,0.000,2.33,0,0,0,0,11.12,3,0.0,,,
1334,1.6320,-0.1100,-0.1085,3.188,good,0.000,2.08,0,0,0,0,5.86,3,0.0,,,
1340,1.6320,-0.1185,-0.0120,2.910,good,0.001,2.46,0,0,0,0,15.10,2,0.0,,,
1341,1.6320,-0.1173,0.1206,2.969,good,0.337,4.40,0,0,0,0,13.18,2,0.0,,,
1349,1.6320,-0.1031,-0.1014,3.000,black,1.000,51.68,1,1,1,0,7.69,1,2.1,19|18,1304,
1338,1.6360,-0.1129,0.1061,3.032,good,0.000,2.01,0,0,0,0,10.19,3,0.0,,,
1339,1.6360,-0.1121,-0.0394,3.006,good,0.002,2.87,0,0,0,0,10.54,3,0.0,,,
1346,1.6360,-0.1191,-0.1991,2.996,good,0.005,2.73,0,0,0,0,13.14,2,0.0,,,
1347,1.6360,-0.1187,-0.1213,2.976,good,0.001,2.43,0,0,0,0,13.49,2,0.0,,,
1348,1.6360,-0.1179,0.0538,3.026,good,0.000,2.42,0,0,0,0,12.02,2,0.0,,,
1342,1.6400,-0.1162,-0.2105,3.002,good,0.029,3.07,0,0,0,0,12.01,3,0.0,,,
1343,1.6400,-0.1160,-0.0206,2.998,sour,1.000,18.08,1,1,1,0,12.04,3,2.1,29,1343,1343
1344,1.6400,-0.1349,-0.1037,3.000,black,1.000,50.53,1,1,1,0,10.31,1,2.1,18,,
1345,1.6400,-0.1208,-0.2428,2.996,good,0.086,2.84,0,0,0,0,9.70,2,0.0,,,
1353,1.6400,-0.1188,0.1346,3.101,good,0.000,2.07,0,0,0,0,10.57,2,0.0,,,
1354,1.6400,-0.1268,-0.1065,3.000,black,1.000,50.53,1,1,1,0,11.60,1,2.1,18,,
1358,1.6400,-0.1187,-0.1092,3.000,black,1.000,50.53,1,1,1,0,12.89,1,2.1,18|17,1339,
1359,1.6400,-0.1088,-0.2460,3.000,good,0.111,2.90,0,0,0,0,9.60,1,0.0,,,
1350,1.6440,-0.1110,0.0945,3.089,good,0.151,3.24,0,0,0,0,8.33,3,0.0,,,
1351,1.6440,-0.1120,-0.1513,2.880,husk,1.000,12.35,1,1,1,0,13.59,3,1.6,12,1358,
1352,1.6440,-0.1109,0.0372,3.042,good,0.000,2.95,0,0,0,0,9.34,3,0.0,,,
1357,1.6440,-0.1154,-0.0532,3.450,faded,0.516,3.50,1,1,1,0,2.44,2,2.1,25|24,1359,
1362,1.6440,-0.1106,-0.1120,3.000,black,1.000,50.53,1,1,1,0,10.18,1,2.1,17,1339,
1355,1.6480,-0.1405,-0.2455,3.000,good,0.002,8.58,0,0,0,0,12.16,1,0.0,,,
1356,1.6480,-0.1096,0.1296,3.015,good,0.000,2.85,0,0,0,0,9.52,3,0.0,,,
1367,1.6480,-0.1024,-0.1147,3.000,black,1.000,50.51,1,1,1,0,7.48,1,2.1,17,1339,
1360,1.6520,-0.1112,0.2121,3.000,good,0.001,3.15,0,0,0,0,10.39,3,0.0,,,
1361,1.6520,-0.1081,-0.2023,3.020,good,0.000,2.43,0,0,0,0,8.89,3,0.0,,,
1363,1.6560,-0.1103,-0.1718,2.992,good,0.000,2.63,0,0,0,0,10.29,3,0.0,,,
1364,1.6560,-0.1129,0.0431,2.725,good,0.013,4.69,0,0,0,0,18.12,3,0.0,,,
1365,1.6560,-0.1105,-0.0809,2.999,good,0.002,4.40,0,0,0,0,10.19,3,0.0,,,
1366,1.6560,-0.1143,0.1500,2.321,good,0.318,4.87,0,0,0,0,32.34,3,0.0,,,
1369,1.6560,-0.1197,0.1683,2.993,good,0.001,3.68,0,0,0,0,13.41,2,0.0,,,
1370,1.6560,-0.1302,0.0409,3.000,faded,0.999,4.21,1,1,1,0,12.72,1,2.1,37,,
1368,1.6600,-0.1058,0.0128,3.450,good,0.000,3.10,0,0,0,0,-0.36,3,0.0,,,
1371,1.6600,-0.1180,-0.1840,3.054,faded,0.999,4.38,1,1,1,0,11.41,2,2.1,8,1345,1345
1372,1.6600,-0.1159,0.0600,3.203,good,0.000,1.88,0,0,0,0,7.39,2,0.0,,,
1373,1.6600,-0.1155,0.1145,3.125,good,0.003,1.51,0,0,0,0,8.95,2,0.0,,,
1376,1.6640,-0.1159,-0.0108,2.999,good,0.000,3.51,0,0,0,0,11.98,2,0.0,,,
1374,1.6680,-0.1094,0.2277,2.999,good,0.000,3.06,0,0,0,0,9.81,3,0.0,,,
1375,1.6680,-0.1082,-0.1428,2.968,good,0.002,2.29,0,0,0,0,10.14,3,0.0,,,
1378,1.6680,-0.1180,-0.1115,2.997,good,0.001,1.61,0,0,0,0,12.74,2,0.0,,,
1379,1.6680,-0.1171,-0.2302,2.997,good,0.209,2.99,0,0,0,0,12.45,2,0.0,,,
1377,1.6720,-0.1109,0.0613,2.817,good,0.125,10.57,0,0,0,0,14.88,3,0.0,,,
1381,1.6720,-0.1175,-0.0706,3.055,good,0.000,1.63,0,0,0,0,11.18,2,0.0,,,
1382,1.6720,-0.1180,-0.0359,3.036,good,0.001,2.65,0,0,0,0,11.80,2,0.0,,,
1380,1.6760,-0.1145,0.1517,2.999,good,0.000,3.03,0,0,0,0,11.50,3,0.0,,,
1386,1.6760,-0.1196,-0.1076,2.985,good,0.001,3.16,0,0,0,0,13.54,2,0.0,,,
1387,1.6760,-0.1150,0.0115,3.162,good,0.000,2.34,0,0,0,0,7.98,2,0.0,,,
1383,1.6800,-0.1106,-0.2082,3.403,black,1.000,52.00,1,1,1,0,1.88,3,2.1,5,1362,
1384,1.6800,-0.1100,0.2399,3.088,good,0.001,2.19,0,0,0,0,8.00,3,0.0,,,
1385,1.6800,-0.1105,-0.0471,2.997,good,0.001,2.44,0,0,0,0,10.25,3,0.0,,,
1388,1.6840,-0.1138,0.1573,3.000,insect,1.000,4.84,1,1,1,0,11.28,3,2.1,52|51,1372,1372
1392,1.6840,-0.1193,-0.2166,3.003,good,0.000,2.35,0,0,0,0,13.02,2,0.0,,,
1389,1.6880,-0.1146,0.0547,2.999,good,0.000,2.08,0,0,0,0,11.57,3,0.0,,,
1390,1.6880,-0.1108,-0.2340,3.005,good,0.005,2.83,0,0,0,0,10.18,3,0.0,,,
1391,1.6880,-0.1109,0.1504,2.990,good,0.000,1.65,0,0,0,0,10.56,3,0.0,,,
1395,1.6880,-0.1185,0.1557,2.992,good,0.001,2.01,0,0,0,0,13.04,2,0.0,,,
1396,1.6880,-0.1188,-0.2249,3.000,good,0.000,2.14,0,0,0,0,12.95,2,0.0,,,
1393,1.6920,-0.1135,-0.0294,2.991,good,0.000,4.81,0,0,0,0,11.38,3,0.0,,,
1394,1.6920,-0.1091,-0.1571,2.995,good,0.000,4.12,0,0,0,0,9.82,3,0.0,,,
1400,1.6920,-0.1163,-0.0021,3.008,good,0.145,3.25,0,0,0,0,11.89,2,0.0,,,
1397,1.6960,-0.1114,0.2228,2.985,good,0.000,2.18,0,0,0,0,10.81,3,0.0,,,
1398,1.6960,-0.1111,0.1297,2.898,good,0.001,1.76,0,0,0,0,12.83,3,0.0,,,
1399,1.6960,-0.1118,-0.1036,2.749,good,0.000,2.05,0,0,0,0,17.05,3,0.0,,,
1401,1.7000,-0.1120,-0.1641,3.007,good,0.000,2.63,0,0,0,0,10.50,3,0.0,,,
1402,1.7000,-0.1160,0.0129,2.653,black,1.000,48.59,1,1,1,0,21.41,3,2.1,33,1375,
1403,1.7000,-0.1125,-0.2097,2.999,good,0.001,3.13,0,0,0,0,10.87,3,0.0,,,
1404,1.7000,-0.1129,0.2166,2.830,good,0.000,6.91,0,0,0,0,15.24,3,0.0,,,
1405,1.7000,-0.1099,0.1008,3.046,good,0.000,2.74,0,0,0,0,8.91,3,0.0,,,
1408,1.7000,-0.1142,0.0444,3.164,broken,0.993,3.01,1,1,1,0,7.69,2,1.6,37,1428,
1415,1.7000,-0.1159,-0.2446,3.000,good,0.040,2.83,0,0,0,0,11.98,1,0.0,,,
1406,1.7040,-0.1144,-0.1313,2.917,good,0.000,2.58,0,0,0,0,13.51,3,0.0,,,
1407,1.7040,-0.1118,0.0414,3.001,good,0.000,3.27,0,0,0,0,10.57,3,0.0,,,
1414,1.7040,-0.1199,0.2117,2.895,good,0.001,2.76,0,0,0,0,15.98,2,0.0,,,
1409,1.7080,-0.1156,-0.1609,3.004,good,0.000,2.16,0,0,0,0,11.79,3,0.0,,,
1410,1.7080,-0.1136,0.0891,3.061,good,0.000,2.04,0,0,0,0,9.79,3,0.0,,,
1411,1.7080,-0.1115,0.0448,2.997,good,0.004,2.70,0,0,0,0,10.58,3,0.0,,,
1412,1.7080,-0.1122,-0.1473,3.008,good,0.000,2.09,0,0,0,0,10.54,3,0.0,,,
1413,1.7080,-0.1084,-0.0498,2.951,good,0.000,2.41,0,0,0,0,10.61,3,0.0,,,
1419,1.7080,-0.1178,0.0327,3.000,good,0.000,7.79,0,0,0,0,12.60,2,0.0,,,
1420,1.7080,-0.1167,0.1344,2.990,faded,1.000,5.95,1,1,1,0,12.50,2,2.1,49|48,1419,
1416,1.7120,-0.1172,0.0673,2.655,sour,1.000,13.25,1,1,1,0,21.81,3,2.1,40,1393,
1417,1.7120,-0.1133,0.1093,3.040,faded,1.000,5.03,1,1,1,0,10.17,3,2.1,45|46,1399,
1418,1.7120,-0.1081,0.1254,3.003,good,0.004,3.04,0,0,0,0,9.30,3,0.0,,,
1424,1.7120,-0.1179,-0.0703,3.450,good,0.006,2.78,0,0,0,0,3.15,2,0.0,,,
1425,1.7120,-0.1136,0.1549,3.450,good,0.246,6.06,0,0,0,0,1.92,2,0.0,,,
1421,1.7160,-0.1121,0.0491,2.999,good,0.000,4.48,0,0,0,0,10.74,3,0.0,,,
1422,1.7160,-0.1088,0.0919,3.000,good,0.000,3.69,0,0,0,0,9.60,3,0.0,,,
1423,1.7160,-0.1088,0.1451,3.170,good,0.001,3.54,0,0,0,0,5.86,3,0.0,,,
1426,1.7160,-0.1189,0.0271,3.317,good,0.000,3.58,0,0,0,0,5.99,2,0.0,,,
1427,1.7160,-0.1161,-0.1375,3.307,good,0.000,2.21,0,0,0,0,5.34,2,0.0,,,
1428,1.7160,-0.1170,-0.1032,3.013,good,0.001,2.95,0,0,0,0,12.01,2,0.0,,,
1431,1.7200,-0.1183,0.1241,3.003,good,0.000,2.22,0,0,0,0,12.69,2,0.0,,,
1429,1.7240,-0.1153,-0.0475,2.998,black,1.000,46.65,1,1,1,0,11.82,3,2.1,25|26,1411,1411
1430,1.7240,-0.1125,0.1100,3.183,good,0.000,2.50,0,0,0,0,6.75,3,0.0,,,
1434,1.7240,-0.1175,-0.1951,2.961,good,0.000,3.81,0,0,0,0,13.46,2,0.0,,,
1432,1.7280,-0.1276,-0.1487,2.676,good,0.000,7.34,0,0,0,0,21.05,2,0.0,,,
1433,1.7280,-0.1107,-0.0107,2.958,good,0.000,4.57,0,0,0,0,11.23,3,0.0,,,
1443,1.7280,-0.1169,-0.1450,3.000,good,0.000,7.35,0,0,0,0,12.29,1,0.0,,,
1435,1.7320,-0.1143,-0.1026,2.924,good,0.009,6.19,0,0,0,0,13.29,3,0.0,,,
1436,1.7320,-0.1163,0.0892,2.585,black,1.000,64.09,1,1,1,0,23.70,3,2.1,43,1398,
1437,1.7320,-0.1215,0.0113,3.062,good,0.003,3.98,0,0,0,0,8.33,2,0.0,,,
1438,1.7320,-0.1087,-0.1886,2.999,good,0.000,1.41,0,0,0,0,9.58,3,0.0,,,
1441,1.7320,-0.1171,0.0322,3.036,good,0.000,2.60,0,0,0,0,11.51,2,0.0,,,
1442,1.7320,-0.1174,0.0625,3.020,good,0.000,2.73,0,0,0,0,11.98,2,0.0,,,
1445,1.7320,-0.1092,0.0068,3.000,good,0.001,3.79,0,0,0,0,9.74,1,0.0,,,
1439,1.7360,-0.1105,-0.0056,2.975,good,0.053,5.73,0,0,0,0,10.76,3,0.0,,,
1440,1.7360,-0.1130,0.2237,2.999,good,0.041,3.35,0,0,0,0,11.01,3,0.0,,,
1444,1.7360,-0.1200,0.1960,3.000,good,0.017,2.54,0,0,0,0,13.31,2,0.0,,,
1450,1.7360,-0.1060,0.0921,3.000,black,1.000,64.13,1,1,1,0,8.65,1,2.1,43,1398,
1449,1.7400,-0.1193,-0.1225,3.010,good,0.000,4.96,0,0,0,0,12.85,2,0.0,,,
1446,1.7440,-0.1146,-0.1284,2.998,good,0.000,2.72,0,0,0,0,11.58,3,0.0,,,
1447,1.7440,-0.1085,0.1358,2.988,good,0.109,7.05,0,0,0,0,9.76,3,0.0,,,
1448,1.7440,-0.1083,-0.0077,2.966,good,0.001,2.22,0,0,0,0,10.22,3,0.0,,,
1451,1.7440,-0.1199,-0.0815,3.201,good,0.000,2.32,0,0,0,0,8.71,2,0.0,,,
1452,1.7440,-0.1186,0.1289,3.097,good,0.000,2.04,0,0,0,0,10.58,2,0.0,,,
1453,1.7440,-0.1196,0.1942,3.028,good,0.000,2.50,0,0,0,0,12.52,2,0.0,,,
1455,1.7440,-0.1173,-0.1842,3.004,good,0.000,2.44,0,0,0,0,12.32,2,0.0,,,
1456,1.7440,-0.1161,-0.1452,3.036,good,0.000,2.14,0,0,0,0,11.18,2,0.0,,,
1454,1.7480,-0.1108,0.1669,2.527,good,0.003,4.70,0,0,0,0,23.45,3,0.0,,,
1461,1.7480,-0.1188,0.1975,2.978,good,0.002,4.37,0,0,0,0,13.48,2,0.0,,,
1457,1.7520,-0.1169,0.0090,2.977,good,0.003,4.75,0,0,0,0,12.85,3,0.0,,,
1458,1.7520,-0.1376,-0.1382,3.000,stone,1.000,12.79,1,1,1,0,11.20,1,6.1,14|13|15,,
1459,1.7520,-0.1126,0.2062,3.002,good,0.001,2.30,0,0,0,0,10.83,3,0.0,,,
1460,1.7520,-0.1125,0.1190,2.967,good,0.000,1.90,0,0,0,0,11.61,3,0.0,,,
1462,1.7520,-0.1208,-0.1280,3.000,stone,1.000,12.37,1,1,1,0,9.60,1,6.1,15|16|14,,
1465,1.7520,-0.1040,-0.1179,3.000,stone,1.000,12.45,1,1,1,0,7.99,1,6.1,16|17|15,1520,
1464,1.7560,-0.1200,-0.0009,3.062,good,0.001,3.65,0,0,0,0,11.84,2,0.0,,,
1463,1.7600,-0.1179,0.1796,2.908,stick,1.000,27.29,1,1,1,0,14.92,3,1.6,54|55,,
1467,1.7600,-0.1176,-0.1750,2.859,good,0.000,2.82,0,0,0,0,16.12,2,0.0,,,
1468,1.7600,-0.1157,-0.0902,3.044,black,1.000,49.77,1,1,1,0,10.86,2,2.1,20,1460,1460
1469,1.7600,-0.1125,0.0825,3.012,good,0.008,8.03,0,0,0,0,10.54,2,0.0,,,
1466,1.7640,-0.1090,0.1450,3.050,good,0.001,2.90,0,0,0,0,8.52,3,0.0,,,
1474,1.7640,-0.1192,-0.2004,3.007,good,0.003,3.04,0,0,0,0,12.90,2,0.0,,,
1475,1.7640,-0.1189,0.0328,2.999,good,0.000,2.22,0,0,0,0,12.99,2,0.0,,,
1480,1.7640,-0.1062,-0.1710,3.000,good,0.000,2.75,0,0,0,0,8.72,1,0.0,,,
1470,1.7680,-0.1137,0.0421,3.045,stone,0.911,11.23,1,1,1,0,10.18,3,5.2,37|36|38,1464,
1471,1.7680,-0.1126,-0.1709,2.783,good,0.103,7.23,0,0,0,0,16.38,3,0.0,,,
1472,1.7680,-0.1095,-0.0503,2.779,faded,0.991,7.19,1,1,1,0,15.39,3,2.1,25,1461|1463,
1473,1.7680,-0.1337,-0.0441,3.000,good,0.004,2.88,0,0,0,0,9.90,1,0.0,,,
1477,1.7680,-0.1185,-0.2319,2.951,good,0.020,2.77,0,0,0,0,14.06,2,0.0,,,
1478,1.7680,-0.1198,-0.1171,2.751,good,0.000,2.40,0,0,0,0,19.89,2,0.0,,,
1479,1.7680,-0.1173,-0.0382,2.992,good,0.000,3.75,0,0,0,0,12.64,2,0.0,,,
1476,1.7720,-0.1114,0.0528,3.378,good,0.009,5.57,0,0,0,0,2.57,3,0.0,,,
1483,1.7720,-0.1182,-0.0022,2.978,good,0.000,1.67,0,0,0,0,13.29,2,0.0,,,
1484,1.7720,-0.1142,-0.1009,3.307,black,1.000,49.14,1,1,1,0,4.76,2,2.1,19|18,1474,
1481,1.7760,-0.1090,0.0921,2.994,good,0.000,2.06,0,0,0,0,9.80,3,0.0,,,
1482,1.7760,-0.1083,0.1673,2.998,good,0.000,3.14,0,0,0,0,9.48,3,0.0,,,
1491,1.7760,-0.1063,-0.0056,3.000,good,0.000,1.61,0,0,0,0,8.77,1,0.0,,,
1485,1.7800,-0.1146,-0.0414,2.993,good,0.002,2.04,0,0,0,0,11.69,3,0.0,,,
1486,1.7800,-0.1167,0.0440,2.834,sour,1.000,18.26,1,1,1,0,16.45,3,2.1,37,1486,1486
1487,1.7800,-0.1074,-0.0060,3.409,good,0.295,4.82,0,0,0,0,0.83,3,0.0,,,
1489,1.7800,-0.1200,-0.1676,2.998,good,0.014,2.37,0,0,0,0,13.37,2,0.0,,,
1490,1.7800,-0.1184,-0.1421,2.987,good,0.000,2.47,0,0,0,0,13.14,2,0.0,,,
1488,1.7840,-0.1106,-0.1206,2.983,good,0.000,1.88,0,0,0,0,10.60,3,0.0,,,
1492,1.7840,-0.1154,-0.1826,3.006,good,0.001,2.30,0,0,0,0,11.66,2,0.0,,,
1496,1.7880,-0.1165,0.0398,3.223,good,0.092,6.15,0,0,0,0,7.19,2,0.0,,,
1497,1.7880,-0.1190,0.2377,3.074,good,0.000,2.13,0,0,0,0,11.25,2,0.0,,,
1493,1.7920,-0.1125,-0.1764,3.004,good,0.157,2.36,0,0,0,0,10.76,3,0.0,,,
1494,1.7920,-0.1089,-0.0180,3.073,good,0.010,3.17,0,0,0,0,7.97,3,0.0,,,
1495,1.7920,-0.1100,-0.0724,2.913,insect,1.000,3.36,1,1,1,0,12.08,3,2.1,22,1493,
1500,1.7920,-0.1165,-0.1645,3.091,good,0.002,2.71,0,0,0,0,10.04,2,0.0,,,
1498,1.7960,-0.1110,0.1030,3.027,good,0.000,2.41,0,0,0,0,9.69,3,0.0,,,
1499,1.7960,-0.1097,0.1398,3.009,good,0.000,1.72,0,0,0,0,9.71,3,0.0,,,
1502,1.7960,-0.1192,0.1508,3.001,good,0.001,1.49,0,0,0,0,13.03,2,0.0,,,
1503,1.7960,-0.1177,-0.0837,2.989,good,0.000,3.36,0,0,0,0,12.84,2,0.0,,,
1504,1.7960,-0.1169,-0.1182,2.999,good,0.000,2.81,0,0,0,0,12.33,2,0.0,,,
1501,1.8000,-0.1160,-0.1891,3.005,good,0.306,4.77,0,0,0,0,11.87,3,0.0,,,
1505,1.8000,-0.1188,0.0696,3.054,good,0.000,1.93,0,0,0,0,11.66,2,0.0,,,
1506,1.8000,-0.1178,0.1589,3.009,good,0.000,5.90,0,0,0,0,12.38,2,0.0,,,
1510,1.8040,-0.1188,0.0195,3.097,faded,0.663,10.02,1,1,1,0,10.66,2,2.1,34,1496|1504|1506,1504
1511,1.8040,-0.1191,-0.0704,3.002,good,0.080,9.19,0,0,0,0,12.97,2,0.0,,,
1512,1.8040,-0.1185,0.1305,3.000,good,0.000,2.35,0,0,0,0,12.82,2,0.0,,,
1513,1.8040,-0.1173,-0.0261,2.994,good,0.000,2.16,0,0,0,0,12.56,2,0.0,,,
1507,1.8080,-0.1119,-0.1752,3.183,good,0.004,4.32,0,0,0,0,6.56,3,0.0,,,
1508,1.8080,-0.1120,0.2410,3.315,good,0.030,3.40,0,0,0,0,3.95,3,0.0,,,
1509,1.8080,-0.1151,-0.0063,2.472,good,0.001,2.94,0,0,0,0,27.02,3,0.0,,,
1516,1.8080,-0.1182,-0.2263,2.954,good,0.000,2.38,0,0,0,0,13.88,2,0.0,,,
1517,1.8080,-0.1163,-0.1072,2.984,good,0.003,2.07,0,0,0,0,12.49,2,0.0,,,
1519,1.8080,-0.1004,0.0207,3.000,good,0.052,3.73,0,0,0,0,6.78,1,0.0,,,
1514,1.8120,-0.1137,-0.2352,3.018,sour,1.000,19.18,1,1,1,0,10.81,3,2.1,1|2,1515,1515
1515,1.8120,-0.1129,-0.1062,3.000,good,0.012,4.42,0,0,0,0,10.95,3,0.0,,,
1518,1.8160,-0.1100,-0.1427,3.356,insect,1.000,3.80,1,1,1,0,2.57,3,2.1,13,1522,
1522,1.8160,-0.1184,0.1220,3.005,good,0.002,2.14,0,0,0,0,12.66,2,0.0,,,
1520,1.8200,-0.1235,-0.0064,3.293,faded,0.591,6.03,1,1,1,0,3.86,2,2.1,31|30,,
1521,1.8200,-0.1104,0.0397,2.819,good,0.001,4.12,0,0,0,0,14.64,3,0.0,,,
1525,1.8200,-0.1187,-0.1050,3.450,good,0.000,3.37,0,0,0,0,3.41,2,0.0,,,
1533,1.8200,-0.1115,-0.0028,3.000,good,0.006,3.01,0,0,0,0,10.49,1,0.0,,,
1534,1.8200,-0.1088,-0.0116,3.000,faded,0.947,3.28,1,1,1,0,9.59,1,2.1,30,1529,
1523,1.8240,-0.1126,-0.0548,3.047,good,0.001,2.37,0,0,0,0,9.77,3,0.0,,,
1524,1.8240,-0.1126,-0.1785,2.963,good,0.027,5.66,0,0,0,0,11.74,3,0.0,,,
1532,1.8240,-0.1185,0.1105,3.026,good,0.000,3.21,0,0,0,0,12.21,2,0.0,,,
1540,1.8240,-0.1046,-0.1013,3.000,good,0.000,3.55,0,0,0,0,8.21,1,0.0,,,
1526,1.8280,-0.1198,-0.0463,2.421,good,0.000,3.94,0,0,0,0,30.76,3,0.0,,,
1527,1.8280,-0.1292,-0.1171,2.147,good,0.073,2.75,0,0,0,0,42.77,2,0.0,,,
1528,1.8280,-0.1234,0.0488,3.145,good,0.000,4.37,0,0,0,0,7.04,2,0.0,,,
1529,1.8280,-0.1085,-0.0916,3.042,good,0.004,5.86,0,0,0,0,8.53,3,0.0,,,
1530,1.8280,-0.1233,0.1727,2.385,good,0.000,1.76,0,0,0,0,29.63,2,0.0,,,
1531,1.8280,-0.1088,-0.0613,2.994,good,0.000,2.64,0,0,0,0,9.73,3,0.0,,,
1538,1.8280,-0.1194,0.0493,3.450,good,0.039,3.65,0,0,0,0,3.59,2,0.0,,,
1539,1.8280,-0.1184,-0.0755,2.852,good,0.006,2.25,0,0,0,0,16.58,2,0.0,,,
1542,1.8280,-0.1137,0.1692,3.000,good,0.000,1.59,0,0,0,0,11.23,1,0.0,,,
1543,1.8280,-0.1108,0.0438,3.000,good,0.008,4.26,0,0,0,0,10.27,1,0.0,,,
1535,1.8320,-0.1138,-0.1191,3.154,good,0.009,6.82,0,0,0,0,7.79,3,0.0,,,
1536,1.8320,-0.1140,-0.1408,2.976,good,0.014,3.14,0,0,0,0,11.92,3,0.0,,,
1537,1.8320,-0.1098,-0.2132,3.017,insect,1.000,3.21,1,1,1,0,9.52,3,2.1,4,1527,
1541,1.8320,-0.1178,-0.1827,3.001,good,0.000,2.46,0,0,0,0,12.57,2,0.0,,,
1546,1.8320,-0.1051,0.0449,3.000,good,0.003,4.80,0,0,0,0,8.38,1,0.0,,,
1545,1.8360,-0.1183,0.1821,2.994,broken,0.876,4.37,1,1,1,0,12.92,2,1.6,55,1547,1547
1544,1.8400,-0.1119,-0.1610,3.010,faded,1.000,4.95,1,1,1,0,10.40,3,2.1,11,1524,1524
1548,1.8400,-0.1163,0.0208,3.003,good,0.000,2.53,0,0,0,0,12.04,2,0.0,,,
1547,1.8440,-0.1121,0.0414,3.127,good,0.002,3.74,0,0,0,0,7.83,3,0.0,,,
1549,1.8480,-0.1100,0.1710,2.952,good,0.101,12.89,0,0,0,0,11.14,3,0.0,,,
1550,1.8480,-0.1099,0.1850,2.790,good,0.015,1.75,0,0,0,0,15.25,3,0.0,,,
1553,1.8480,-0.1198,0.0803,3.081,good,0.043,5.33,0,0,0,0,11.35,2,0.0,,,
1554,1.8480,-0.1183,-0.1365,3.078,sour,1.000,19.07,1,1,1,0,10.93,2,2.1,14,1570,
1555,1.8480,-0.1174,0.2282,2.904,black,1.000,51.03,1,1,1,0,14.86,2,2.1,61,1535,
1551,1.8520,-0.1096,0.1685,3.182,good,0.031,12.65,0,0,0,0,5.89,3,0.0,,,
1552,1.8520,-0.1116,0.1940,3.005,good,0.008,7.22,0,0,0,0,10.41,3,0.0,,,
1565,1.8520,-0.1057,0.2312,3.000,black,1.000,51.08,1,1,1,0,8.57,1,2.1,61,1535,
1556,1.8560,-0.1158,0.0182,3.006,good,0.000,4.66,0,0,0,0,11.77,3,0.0,,,
1557,1.8560,-0.1128,-0.1988,3.008,faded,0.999,4.82,1,1,1,0,10.74,3,2.1,6,1545,1545
1558,1.8560,-0.1117,-0.0800,3.011,good,0.000,3.24,0,0,0,0,10.30,3,0.0,,,
1559,1.8560,-0.1077,-0.0304,3.450,good,0.011,3.12,0,0,0,0,0.20,3,0.0,,,
1560,1.8560,-0.1115,-0.1513,2.796,good,0.366,2.30,0,0,0,0,15.65,3,0.0,,,
1561,1.8560,-0.1099,-0.0605,2.958,good,0.005,2.45,0,0,0,0,10.97,3,0.0,,,
1562,1.8560,-0.1098,0.1250,2.931,faded,0.690,3.48,1,1,1,0,11.57,3,2.1,48|47,1542,1542
1564,1.8560,-0.1104,0.0946,3.450,good,0.022,3.25,0,0,0,0,0.99,2,0.0,,,
1563,1.8600,-0.1089,-0.2269,3.000,good,0.001,2.47,0,0,0,0,9.62,3,0.0,,,
1570,1.8600,-0.1166,0.2085,2.978,good,0.000,2.62,0,0,0,0,12.74,2,0.0,,,
1566,1.8640,-0.1136,0.2024,3.011,good,0.011,2.80,0,0,0,0,10.95,3,0.0,,,
1567,1.8640,-0.1138,0.1619,3.085,good,0.001,3.06,0,0,0,0,9.32,3,0.0,,,
1568,1.8640,-0.1089,-0.0874,3.043,good,0.000,2.60,0,0,0,0,8.66,3,0.0,,,
1569,1.8640,-0.1122,-0.1731,2.695,good,0.060,2.85,0,0,0,0,18.74,3,0.0,,,
1571,1.8680,-0.1151,0.0890,2.997,good,0.002,3.95,0,0,0,0,11.76,3,0.0,,,
1572,1.8680,-0.1124,-0.1620,2.999,good,0.000,4.86,0,0,0,0,10.81,3,0.0,,,
1573,1.8680,-0.1092,-0.1970,2.994,good,0.000,1.42,0,0,0,0,9.88,3,0.0,,,
1574,1.8680,-0.1107,-0.0204,2.912,good,0.000,7.12,0,0,0,0,12.37,3,0.0,,,
1575,1.8720,-0.1158,0.0987,3.006,good,0.000,2.39,0,0,0,0,11.81,3,0.0,,,
1576,1.8720,-0.1086,-0.0569,3.008,good,0.000,3.22,0,0,0,0,9.35,3,0.0,,,
1579,1.8720,-0.1183,-0.0090,3.111,good,0.001,5.95,0,0,0,0,10.17,2,0.0,,,
1580,1.8720,-0.1164,-0.1383,3.450,broken,0.573,4.37,1,1,1,0,2.72,2,1.6,14,1608,
1577,1.8760,-0.1135,-0.1939,2.996,good,0.000,2.94,0,0,0,0,11.25,3,0.0,,,
1578,1.8760,-0.1272,0.1414,3.102,good,0.000,2.86,0,0,0,0,9.24,2,0.0,,,
1590,1.8760,-0.1148,0.1453,3.000,good,0.000,2.80,0,0,0,0,11.60,1,0.0,,,
1581,1.8800,-0.1138,0.0824,2.998,good,0.000,2.55,0,0,0,0,11.31,3,0.0,,,
1582,1.8800,-0.1115,-0.1913,2.987,insect,1.000,7.67,1,1,1,0,10.79,3,2.1,7,1597,1597
1583,1.8800,-0.1116,0.1978,3.105,good,0.007,4.25,0,0,0,0,8.16,3,0.0,,,
1584,1.8800,-0.1103,-0.0387,3.005,good,0.000,3.37,0,0,0,0,9.97,3,0.0,,,
1585,1.8800,-0.1076,-0.1177,3.112,good,0.000,2.37,0,0,0,0,6.72,3,0.0,,,
1589,1.8800,-0.1168,-0.1082,3.070,good,0.015,2.76,0,0,0,0,10.62,2,0.0,,,
1586,1.8840,-0.1162,0.1176,2.993,black,1.000,51.10,1,1,1,0,12.25,3,2.1,47|46,1580,
1587,1.8840,-0.1131,0.0212,2.930,good,0.000,2.74,0,0,0,0,12.71,3,0.0,,,
1588,1.8840,-0.1106,0.2332,2.669,good,0.087,7.92,0,0,0,0,18.88,3,0.0,,,
1598,1.8840,-0.1046,-0.1041,3.000,good,0.009,3.02,0,0,0,0,8.19,1,0.0,,,
1591,1.8880,-0.1141,0.0618,3.000,good,0.000,8.13,0,0,0,0,11.35,3,0.0,,,
1595,1.8880,-0.1193,-0.2120,3.007,insect,1.000,3.85,1,1,1,0,12.93,2,2.1,4|5,1586,
1596,1.8880,-0.1150,0.0974,3.377,good,0.000,2.75,0,0,0,0,3.67,2,0.0,,,
1597,1.8880,-0.1153,-0.0943,3.228,good,0.001,2.05,0,0,0,0,6.70,2,0.0,,,
1592,1.8920,-0.1123,-0.1317,2.929,good,0.000,3.66,0,0,0,0,12.47,3,0.0,,,
1593,1.8920,-0.1102,-0.0249,3.053,good,0.000,2.83,0,0,0,0,8.87,3,0.0,,,
1594,1.8920,-0.1092,-0.1505,2.912,good,0.003,2.12,0,0,0,0,11.82,3,0.0,,,
1601,1.8920,-0.1181,-0.1865,3.101,shell,0.510,6.38,1,1,1,0,10.33,2,1.6,8|7,1557,
1599,1.8960,-0.1101,0.1919,2.995,good,0.098,2.09,0,0,0,0,10.15,3,0.0,,,
1600,1.8960,-0.1100,0.1261,2.995,good,0.000,3.35,0,0,0,0,10.10,3,0.0,,,
1605,1.8960,-0.1166,0.1510,3.004,good,0.000,2.81,0,0,0,0,12.11,2,0.0,,,
1602,1.9000,-0.1266,-0.1391,2.994,good,0.009,3.29,0,0,0,0,11.70,2,0.0,,,
1603,1.9000,-0.1124,0.0263,3.000,good,0.000,4.19,0,0,0,0,10.79,3,0.0,,,
1604,1.9000,-0.1099,0.1851,3.000,good,0.001,2.63,0,0,0,0,9.98,3,0.0,,,
1608,1.9000,-0.1185,0.1035,2.984,sour,1.000,17.22,1,1,1,0,13.23,2,2.1,45,1592,
1606,1.9040,-0.1202,-0.1409,3.450,good,0.003,11.28,0,0,0,0,-0.18,2,0.0,,,
1607,1.9040,-0.1101,-0.2230,3.205,good,0.001,4.72,0,0,0,0,5.56,3,0.0,,,
1612,1.9040,-0.1190,0.1583,3.044,good,0.012,29.41,1,1,1,0,11.97,2,6.0,52|51|53,1602,1602
1613,1.9040,-0.1189,0.2104,3.142,insect,1.000,4.80,1,1,1,0,9.67,2,2.1,58|59,1600,1600
1614,1.9040,-0.1243,0.0109,3.000,good,0.004,3.60,0,0,0,0,10.75,1,0.0,,,
1617,1.9040,-0.1124,-0.1449,3.000,good,0.004,1.65,0,0,0,0,10.81,1,0.0,,,
1618,1.9040,-0.1080,0.0082,3.000,good,0.002,3.56,0,0,0,0,9.34,1,0.0,,,
1609,1.9080,-0.1165,0.0178,3.000,good,0.142,3.46,0,0,0,0,12.16,3,0.0,,,
1610,1.9080,-0.1236,-0.1871,3.380,good,0.360,6.25,0,0,0,0,2.17,2,0.0,,,
1611,1.9080,-0.1179,0.2420,2.275,shell,0.961,25.61,1,1,1,0,35.77,3,1.6,62|63,1634,1634
1622,1.9080,-0.1101,-0.1900,3.000,good,0.003,5.84,0,0,0,0,10.04,1,0.0,,,
1615,1.9120,-0.1094,-0.0292,2.957,good,0.000,1.47,0,0,0,0,10.81,3,0.0,,,
1616,1.9120,-0.1093,-0.2183,2.978,good,0.000,4.26,0,0,0,0,10.27,3,0.0,,,
1620,1.9120,-0.1168,-0.0171,3.098,stone,0.607,13.42,1,1,1,0,9.98,2,4.0,29|30,1644,1644
1621,1.9120,-0.1191,0.0704,2.997,good,0.000,2.30,0,0,0,0,13.11,2,0.0,,,
1619,1.9160,-0.1085,0.1427,3.065,good,0.000,3.38,0,0,0,0,8.02,3,0.0,,,
1624,1.9160,-0.1164,0.2373,3.003,good,0.002,2.36,0,0,0,0,12.06,2,0.0,,,
1623,1.9200,-0.1134,-0.0264,3.063,good,0.001,2.33,0,0,0,0,9.66,3,0.0,,,
1628,1.9200,-0.1153,-0.0114,3.010,good,0.002,5.48,0,0,0,0,11.52,2,0.0,,,
1629,1.9200,-0.1162,0.0106,3.004,good,0.000,2.84,0,0,0,0,11.96,2,0.0,,,
1625,1.9240,-0.1137,0.1613,3.013,good,0.002,1.79,0,0,0,0,10.94,3,0.0,,,
1626,1.9240,-0.1113,0.1134,3.004,good,0.202,3.19,0,0,0,0,10.34,3,0.0,,,
1627,1.9240,-0.1113,-0.0460,2.950,good,0.000,2.57,0,0,0,0,11.60,3,0.0,,,
1632,1.9240,-0.1198,0.1734,2.988,good,0.000,2.09,0,0,0,0,13.59,2,0.0,,,
1634,1.9240,-0.1188,0.0833,3.076,good,0.000,3.14,0,0,0,0,11.14,2,0.0,,,
1635,1.9240,-0.1154,0.1429,3.002,good,0.000,2.33,0,0,0,0,11.74,2,0.0,,,
1630,1.9280,-0.1163,-0.0922,2.998,good,0.001,3.53,0,0,0,0,12.13,3,0.0,,,
1631,1.9280,-0.1105,-0.1196,3.184,good,0.000,2.05,0,0,0,0,6.12,3,0.0,,,
1633,1.9280,-0.1083,0.1987,2.975,good,0.068,3.59,0,0,0,0,10.01,3,0.0,,,
1638,1.9280,-0.1184,0.2092,3.002,good,0.000,2.61,0,0,0,0,12.75,2,0.0,,,
1639,1.9280,-0.1145,-0.1457,3.450,good,0.009,3.58,0,0,0,0,2.18,2,0.0,,,
1636,1.9320,-0.1158,0.0134,2.787,good,0.000,2.29,0,0,0,0,17.44,3,0.0,,,
1637,1.9320,-0.1115,-0.1613,2.957,good,0.183,8.56,0,0,0,0,11.54,3,0.0,,,
1644,1.9320,-0.1155,0.1911,3.042,good,0.000,2.70,0,0,0,0,10.83,2,0.0,,,
1640,1.9360,-0.1141,-0.1012,3.177,good,0.000,1.83,0,0,0,0,7.39,3,0.0,,,
1641,1.9360,-0.1125,-0.1312,3.199,good,0.000,2.68,0,0,0,0,6.44,3,0.0,,,
1642,1.9360,-0.1378,0.0462,3.000,sour,1.000,14.30,1,1,1,0,11.27,1,2.1,37|38,1652,
1643,1.9360,-0.1118,0.1617,3.009,stone,0.742,22.94,1,1,1,0,10.37,2,5.1,52|53|51,1623,1623
1645,1.9360,-0.1180,-0.1397,3.007,good,0.000,6.05,0,0,0,0,12.49,2,0.0,,,
1646,1.9360,-0.1184,-0.1137,3.019,good,0.028,2.84,0,0,0,0,12.35,2,0.0,,,
1647,1.9360,-0.1258,0.0498,3.000,sour,1.000,15.82,1,1,1,0,11.25,1,2.1,38,,
1649,1.9360,-0.1137,0.0535,3.000,sour,1.000,14.84,1,1,1,0,11.24,1,2.1,38|39,1631,
1651,1.9400,-0.1017,0.0571,3.000,sour,1.000,15.95,1,1,1,0,7.23,1,2.1,39,1631,
1648,1.9440,-0.1251,0.0523,2.999,faded,0.997,8.17,1,1,1,0,11.05,2,2.1,38,,
1650,1.9440,-0.1164,-0.1410,2.939,good,0.000,1.95,0,0,0,0,13.61,2,0.0,,,
1655,1.9440,-0.1130,0.0559,3.000,faded,0.996,8.19,1,1,1,0,11.02,1,2.1,39|38,1652,
1654,1.9480,-0.1198,0.1547,3.159,good,0.000,2.08,0,0,0,0,9.60,2,0.0,,,
1652,1.9520,-0.1097,-0.1088,3.238,good,0.004,1.77,0,0,0,0,4.76,3,0.0,,,
1653,1.9520,-0.1102,0.0683,3.163,good,0.001,2.20,0,0,0,0,6.46,3,0.0,,,
1657,1.9520,-0.1185,0.0586,2.989,good,0.000,3.00,0,0,0,0,13.09,2,0.0,,,
1658,1.9520,-0.1193,-0.1710,2.771,good,0.002,2.85,0,0,0,0,19.16,2,0.0,,,
1656,1.9560,-0.1214,-0.0098,2.910,good,0.000,1.57,0,0,0,0,12.10,2,0.0,,,
1661,1.9560,-0.1195,-0.1988,3.412,good,0.061,3.04,0,0,0,0,4.32,2,0.0,,,
1662,1.9560,-0.1193,0.2300,3.033,good,0.004,4.96,0,0,0,0,12.29,2,0.0,,,
1663,1.9560,-0.1175,-0.1818,3.020,good,0.007,2.13,0,0,0,0,12.01,2,0.0,,,
1670,1.9560,-0.1098,-0.0138,3.000,good,0.000,1.47,0,0,0,0,9.93,1,0.0,,,
1659,1.9600,-0.1161,0.0998,2.998,good,0.000,4.13,0,0,0,0,12.08,3,0.0,,,
1660,1.9600,-0.1142,0.1448,3.036,good,0.000,2.58,0,0,0,0,10.54,3,0.0,,,
1667,1.9600,-0.1192,-0.0901,3.027,good,0.012,3.26,0,0,0,0,12.40,2,0.0,,,
1668,1.9600,-0.1168,-0.1153,2.994,good,0.000,2.01,0,0,0,0,12.40,2,0.0,,,
1669,1.9600,-0.1179,-0.0993,3.000,good,0.000,3.13,0,0,0,0,12.62,2,0.0,,,
1664,1.9640,-0.1105,-0.0119,3.186,good,0.407,5.89,0,0,0,0,6.06,3,0.0,,,
1665,1.9640,-0.1104,-0.1954,3.000,sour,1.000,17.99,1,1,1,0,10.11,3,2.1,6|7,1664,1664
1666,1.9640,-0.1123,0.1970,2.725,good,0.022,3.50,0,0,0,0,17.89,3,0.0,,,
1677,1.9640,-0.1169,-0.0070,3.000,good,0.001,2.24,0,0,0,0,12.31,1,0.0,,,
1671,1.9680,-0.1169,0.0117,2.990,good,0.435,11.23,0,0,0,0,12.53,2,0.0,,,
1672,1.9680,-0.1122,-0.1664,2.998,good,0.001,3.09,0,0,0,0,10.80,3,0.0,,,
1673,1.9680,-0.1365,0.0048,3.000,good,0.013,3.14,0,0,0,0,10.85,1,0.0,,,
1674,1.9680,-0.1085,0.1595,3.000,good,0.000,2.71,0,0,0,0,9.49,3,0.0,,,
1676,1.9680,-0.1274,0.0090,3.000,good,0.005,6.29,0,0,0,0,11.81,1,0.0,,,
1675,1.9720,-0.1141,-0.0494,3.008,good,0.000,2.43,0,0,0,0,11.19,3,0.0,,,
1679,1.9720,-0.1192,-0.1733,3.199,good,0.000,2.07,0,0,0,0,8.53,2,0.0,,,
1680,1.9720,-0.1159,-0.2091,3.144,good,0.009,3.96,0,0,0,0,8.68,2,0.0,,,
1678,1.9760,-0.1140,0.1971,3.000,good,0.005,2.25,0,0,0,0,11.33,3,0.0,,,
1683,1.9760,-0.1265,0.1200,3.000,faded,0.512,4.36,1,1,1,0,11.51,1,2.1,47,,
1685,1.9760,-0.1111,0.1174,3.000,faded,0.977,5.64,1,1,1,0,10.37,1,2.1,47|46,1717,
1681,1.9800,-0.1137,-0.0967,2.999,good,0.062,3.59,0,0,0,0,11.24,3,0.0,,,
1682,1.9800,-0.1137,-0.0239,2.672,good,0.008,2.61,0,0,0,0,19.99,3,0.0,,,
1684,1.9840,-0.1112,-0.0963,2.931,good,0.001,2.71,0,0,0,0,12.06,3,0.0,,,
1686,1.9880,-0.1131,0.1827,2.961,good,0.001,2.75,0,0,0,0,11.99,3,0.0,,,
1693,1.9880,-0.1173,-0.2044,3.063,good,0.000,2.64,0,0,0,0,10.93,2,0.0,,,
1687,1.9920,-0.1152,-0.1876,3.056,good,0.000,2.67,0,0,0,0,10.44,3,0.0,,,
1688,1.9920,-0.1151,0.0366,2.995,good,0.000,1.54,0,0,0,0,11.82,3,0.0,,,
1689,1.9920,-0.1110,0.0059,3.004,good,0.001,2.79,0,0,0,0,10.26,3,0.0,,,
1690,1.9920,-0.1096,0.1516,2.931,good,0.005,9.49,0,0,0,0,11.50,3,0.0,,,
1691,1.9920,-0.1229,0.0552,2.616,good,0.001,1.93,0,0,0,0,21.23,2,0.0,,,
1692,1.9920,-0.1086,0.1391,3.004,good,0.000,8.09,0,0,0,0,9.43,3,0.0,,,
1695,1.9920,-0.1179,-0.0913,3.024,good,0.067,2.40,0,0,0,0,12.06,2,0.0,,,
1701,1.9920,-0.1125,0.0519,3.000,good,0.001,1.94,0,0,0,0,10.82,1,0.0,,,
1694,1.9960,-0.1127,-0.0652,2.985,good,0.000,3.79,0,0,0,0,11.25,3,0.0,,,
1698,1.9960,-0.1183,-0.1536,2.993,sour,0.772,9.66,1,1,1,0,12.96,2,2.1,12,1669|1697,1669|1697
1699,1.9960,-0.1160,0.0894,3.323,good,0.000,1.91,0,0,0,0,4.98,2,0.0,,,
1700,1.9960,-0.1138,-0.0383,3.450,good,0.004,8.32,0,0,0,0,1.98,2,0.0,,,
1696,2.0000,-0.1149,-0.1670,3.046,good,0.001,2.89,0,0,0,0,10.58,3,0.0,,,
1697,2.0000,-0.1118,-0.0967,2.995,good,0.000,2.56,0,0,0,0,10.72,3,0.0,,,
1702,2.0040,-0.1141,-0.0602,3.001,good,0.000,2.90,0,0,0,0,11.33,3,0.0,,,
1703,2.0040,-0.1119,-0.0308,2.966,good,0.001,2.84,0,0,0,0,11.46,3,0.0,,,
1704,2.0040,-0.1122,-0.0836,2.998,good,0.001,3.85,0,0,0,0,10.77,3,0.0,,,
1705,2.0040,-0.1122,0.1487,2.565,sour,1.000,15.48,1,1,1,0,22.75,3,2.1,51|50,1682,1682
1707,2.0040,-0.1174,-0.1786,3.052,good,0.000,2.11,0,0,0,0,11.23,2,0.0,,,
1708,2.0040,-0.1157,-0.2373,2.998,good,0.001,4.38,0,0,0,0,11.94,2,0.0,,,
1709,2.0040,-0.1160,0.1798,3.006,good,0.000,3.04,0,0,0,0,11.87,2,0.0,,,
1706,2.0080,-0.1336,0.0159,3.000,good,0.001,5.07,0,0,0,0,9.87,1,0.0,,,
1712,2.0080,-0.1173,-0.1896,3.003,faded,1.000,4.59,1,1,1,0,12.38,2,2.1,7,1702,1702
1713,2.0080,-0.1170,-0.0331,3.056,good,0.000,2.72,0,0,0,0,11.02,2,0.0,,,
1714,2.0080,-0.1249,0.0185,3.000,good,0.001,6.11,0,0,0,0,10.98,1,0.0,,,
1717,2.0080,-0.1163,0.0212,3.000,good,0.001,6.17,0,0,0,0,12.09,1,0.0,,,
1710,2.0120,-0.1295,0.0411,2.105,good,0.000,2.45,0,0,0,0,45.03,2,0.0,,,
1711,2.0120,-0.1100,0.1956,2.883,good,0.000,2.46,0,0,0,0,12.81,3,0.0,,,
1724,2.0120,-0.1076,0.0239,3.000,good,0.000,6.23,0,0,0,0,9.21,1,0.0,,,
1715,2.0160,-0.1144,-0.1256,3.002,good,0.000,2.62,0,0,0,0,11.42,3,0.0,,,
1716,2.0160,-0.1099,0.1799,2.610,good,0.000,5.89,0,0,0,0,20.43,3,0.0,,,
1721,2.0160,-0.1177,-0.2186,3.000,sour,1.000,23.24,1,1,1,0,12.56,2,2.1,4|3,1698,1698
1722,2.0160,-0.1167,0.2376,3.000,good,0.000,2.20,0,0,0,0,12.22,2,0.0,,,
1723,2.0160,-0.1126,0.0443,2.106,good,0.000,2.51,0,0,0,0,40.95,2,0.0,,,
1730,2.0160,-0.0989,0.0265,3.000,good,0.001,6.51,0,0,0,0,6.32,1,0.0,,,
1718,2.0200,-0.1101,0.1047,3.272,good,0.000,2.24,0,0,0,0,4.21,3,0.0,,,
1719,2.0200,-0.1120,0.0170,2.859,good,0.008,3.29,0,0,0,0,14.14,3,0.0,,,
1720,2.0200,-0.1081,0.0019,2.999,good,0.106,3.16,0,0,0,0,9.40,3,0.0,,,
1727,2.0200,-0.1199,-0.0813,3.000,good,0.000,2.03,0,0,0,0,13.30,2,0.0,,,
1728,2.0200,-0.1161,-0.2084,3.007,broken,0.613,4.69,1,1,1,0,11.85,2,1.6,5,1704,
1729,2.0200,-0.1190,-0.1913,3.000,stick,1.000,21.86,1,1,1,0,13.01,2,1.6,7,1703,1703
1736,2.0200,-0.1042,0.0470,3.000,good,0.000,2.45,0,0,0,0,8.06,1,0.0,,,
1726,2.0240,-0.1128,0.2291,2.770,good,0.023,5.41,0,0,0,0,16.83,3,0.0,,,
1734,2.0240,-0.1195,-0.2119,2.985,good,0.000,2.06,0,0,0,0,13.53,2,0.0,,,
1735,2.0240,-0.1177,0.1641,2.925,good,0.000,2.24,0,0,0,0,14.40,2,0.0,,,
1725,2.0280,-0.1214,-0.0481,2.157,good,0.002,3.54,0,0,0,0,38.64,3,0.0,,,
1731,2.0280,-0.1139,-0.1147,3.006,good,0.000,3.02,0,0,0,0,11.14,3,0.0,,,
1732,2.0280,-0.1113,-0.0198,3.013,good,0.000,1.55,0,0,0,0,10.14,3,0.0,,,
1733,2.0280,-0.1114,0.0339,3.008,good,0.000,3.70,0,0,0,0,10.29,3,0.0,,,
1738,2.0280,-0.1181,0.2287,2.996,good,0.000,2.13,0,0,0,0,12.78,2,0.0,,,
1739,2.0280,-0.1147,0.2153,3.264,good,0.000,2.94,0,0,0,0,5.78,2,0.0,,,
1745,2.0280,-0.1104,-0.0449,3.000,good,0.009,3.35,0,0,0,0,10.13,1,0.0,,,
1746,2.0280,-0.1017,0.2323,3.000,good,0.006,4.38,0,0,0,0,7.24,1,0.0,,,
1737,2.0320,-0.1224,-0.0616,2.482,good,0.000,3.05,0,0,0,0,25.58,2,0.0,,,
1750,2.0320,-0.1124,-0.0581,3.000,good,0.000,3.22,0,0,0,0,10.81,1,0.0,,,
1751,2.0320,-0.1018,-0.1183,3.000,good,0.000,3.01,0,0,0,0,7.27,1,0.0,,,
1740,2.0360,-0.1145,-0.1040,3.105,faded,0.917,3.62,1,1,1,0,9.07,3,2.1,18,1709,1709
1741,2.0360,-0.1129,-0.0659,2.997,good,0.000,3.43,0,0,0,0,11.07,3,0.0,,,
1742,2.0360,-0.1117,0.0008,3.008,good,0.006,5.98,0,0,0,0,10.40,3,0.0,,,
1743,2.0360,-0.1090,-0.2402,3.008,good,0.000,5.19,0,0,0,0,9.50,3,0.0,,,
1744,2.0360,-0.1108,-0.1710,2.824,good,0.000,1.84,0,0,0,0,14.64,3,0.0,,,
1749,2.0360,-0.1166,0.1657,3.000,good,0.000,3.47,0,0,0,0,12.21,2,0.0,,,
1747,2.0400,-0.1122,-0.1187,2.994,good,0.001,2.25,0,0,0,0,10.87,3,0.0,,,
1748,2.0400,-0.1087,-0.0757,2.972,good,0.000,2.04,0,0,0,0,10.23,3,0.0,,,
1752,2.0440,-0.1136,0.2174,2.991,good,0.000,3.20,0,0,0,0,11.41,3,0.0,,,
1753,2.0440,-0.1142,-0.0523,3.001,good,0.000,3.27,0,0,0,0,11.37,3,0.0,,,
1754,2.0440,-0.1089,-0.1559,3.000,good,0.000,2.84,0,0,0,0,9.65,3,0.0,,,
1757,2.0440,-0.1173,-0.0417,2.992,good,0.000,2.19,0,0,0,0,12.65,2,0.0,,,
1758,2.0440,-0.1173,-0.1496,3.027,good,0.001,1.65,0,0,0,0,11.80,2,0.0,,,
1755,2.0480,-0.1137,0.0972,3.290,good,0.000,2.77,0,0,0,0,4.95,3,0.0,,,
1756,2.0480,-0.1109,0.1713,3.001,good,0.000,1.80,0,0,0,0,10.30,3,0.0,,,
1760,2.0480,-0.1190,-0.1675,3.008,good,0.022,2.93,0,0,0,0,12.81,2,0.0,,,
1761,2.0480,-0.1184,-0.0696,2.999,faded,0.972,4.57,1,1,1,0,12.82,2,2.1,23|22,1739,1739
1759,2.0520,-0.1097,-0.1990,3.009,good,0.000,3.14,0,0,0,0,9.70,3,0.0,,,
1766,2.0520,-0.1184,0.1713,3.329,good,0.000,2.98,0,0,0,0,5.61,2,0.0,,,
1762,2.0560,-0.1272,-0.1460,2.940,good,0.000,2.07,0,0,0,0,13.29,2,0.0,,,
1763,2.0560,-0.1136,-0.0170,3.036,faded,0.997,4.85,1,1,1,0,10.35,3,2.1,29|30,1742,
1764,2.0560,-0.1101,0.2347,3.054,good,0.003,7.89,0,0,0,0,8.80,3,0.0,,,
1765,2.0560,-0.1092,-0.1218,3.007,good,0.000,3.33,0,0,0,0,9.55,3,0.0,,,
1768,2.0560,-0.1169,-0.1692,3.055,good,0.000,2.28,0,0,0,0,11.01,2,0.0,,,
1773,2.0560,-0.1154,-0.1423,3.000,good,0.000,2.10,0,0,0,0,11.81,1,0.0,,,
1774,2.0560,-0.1051,0.1746,3.000,good,0.000,1.88,0,0,0,0,8.37,1,0.0,,,
1767,2.0600,-0.1276,0.1780,2.547,good,0.113,2.67,0,0,0,0,25.36,2,0.0,,,
1770,2.0600,-0.1198,0.0428,2.966,good,0.008,2.98,0,0,0,0,14.11,2,0.0,,,
1771,2.0600,-0.1182,-0.0390,3.020,good,0.000,2.88,0,0,0,0,12.26,2,0.0,,,
1772,2.0600,-0.1174,0.1068,2.989,good,0.000,3.43,0,0,0,0,12.74,2,0.0,,,
1776,2.0600,-0.1175,0.1748,3.000,good,0.204,3.27,0,0,0,0,12.49,1,0.0,,,
1769,2.0640,-0.1232,-0.2292,2.437,good,0.001,3.48,0,0,0,0,27.61,2,0.0,,,
1781,2.0640,-0.1135,-0.2325,3.000,good,0.001,3.51,0,0,0,0,11.16,1,0.0,,,
1782,2.0640,-0.1061,-0.0348,3.000,good,0.000,2.73,0,0,0,0,8.72,1,0.0,,,
1775,2.0680,-0.1218,0.1273,2.985,sour,1.000,22.99,1,1,1,0,10.31,2,2.1,48,,
1778,2.0680,-0.1186,-0.1196,3.235,good,0.028,2.94,0,0,0,0,7.57,2,0.0,,,
1779,2.0680,-0.1195,-0.1712,2.994,good,0.000,3.35,0,0,0,0,13.31,2,0.0,,,
1780,2.0680,-0.1167,-0.1401,3.193,good,0.002,2.34,0,0,0,0,7.85,2,0.0,,,
1787,2.0680,-0.1099,0.1229,3.000,sour,1.000,22.72,1,1,1,0,9.96,1,2.1,47,1786,
1777,2.0720,-0.1074,0.0480,3.162,good,0.000,3.36,0,0,0,0,5.59,3,0.0,,,
1783,2.0720,-0.1185,0.0245,3.012,good,0.005,7.34,0,0,0,0,12.55,2,0.0,,,
1784,2.0720,-0.1181,0.1338,3.001,good,0.000,2.55,0,0,0,0,12.69,2,0.0,,,
1785,2.0720,-0.1185,0.1723,2.955,good,0.000,2.42,0,0,0,0,13.96,2,0.0,,,
1786,2.0720,-0.1162,-0.0081,2.990,good,0.000,3.09,0,0,0,0,12.29,2,0.0,,,
1791,2.0760,-0.1179,0.2345,3.003,good,0.001,5.43,0,0,0,0,12.56,2,0.0,,,
1788,2.0800,-0.1141,0.0209,3.223,good,0.081,3.44,0,0,0,0,6.44,3,0.0,,,
1789,2.0800,-0.1094,0.1051,2.994,good,0.000,2.45,0,0,0,0,9.94,3,0.0,,,
1790,2.0800,-0.1076,0.1859,2.986,good,0.035,2.58,0,0,0,0,9.52,3,0.0,,,
1794,2.0800,-0.1198,-0.1859,2.827,good,0.000,2.37,0,0,0,0,17.76,2,0.0,,,
1795,2.0800,-0.1192,0.1234,3.005,good,0.000,2.40,0,0,0,0,12.94,2,0.0,,,
1792,2.0840,-0.1116,-0.1078,2.963,good,0.001,8.80,0,0,0,0,11.41,3,0.0,,,
1793,2.0840,-0.1089,-0.0325,2.961,good,0.000,2.93,0,0,0,0,10.56,3,0.0,,,
1798,2.0840,-0.1180,0.0596,3.450,good,0.000,3.17,0,0,0,0,3.18,2,0.0,,,
1796,2.0880,-0.1182,0.2163,2.277,good,0.010,7.31,0,0,0,0,35.85,3,0.0,,,
1797,2.0880,-0.1121,-0.2072,3.007,good,0.001,3.63,0,0,0,0,10.55,3,0.0,,,
1801,2.0880,-0.1313,0.1642,3.000,good,0.001,4.06,0,0,0,0,13.09,1,0.0,,,
1802,2.0880,-0.1150,-0.0955,3.113,black,1.000,46.68,1,1,1,0,9.07,2,2.1,19,1784,1784
1803,2.0880,-0.1099,0.2171,2.987,good,0.488,8.09,0,0,0,0,10.29,2,0.0,,,
1806,2.0880,-0.1192,0.1608,3.000,good,0.001,3.76,0,0,0,0,13.06,1,0.0,,,
1799,2.0920,-0.1158,0.1216,2.701,good,0.000,2.35,0,0,0,0,19.88,3,0.0,,,
1800,2.0920,-0.1160,-0.1684,2.830,good,0.027,3.10,0,0,0,0,16.31,3,0.0,,,
1805,2.0920,-0.1164,0.0969,3.084,good,0.000,1.95,0,0,0,0,10.17,2,0.0,,,
1811,2.0920,-0.1077,0.2126,3.000,good,0.000,4.22,0,0,0,0,9.23,1,0.0,,,
1812,2.0920,-0.1071,0.1573,3.000,good,0.000,5.31,0,0,0,0,9.03,1,0.0,,,
1804,2.0960,-0.1144,0.0281,3.330,broken,1.000,49.89,1,1,1,0,4.38,3,1.6,35,1788,1788
1807,2.1000,-0.1141,-0.0443,2.938,good,0.031,3.37,0,0,0,0,12.87,3,0.0,,,
1808,2.1000,-0.1121,-0.0870,2.999,good,0.000,1.93,0,0,0,0,10.71,3,0.0,,,
1809,2.1000,-0.1130,-0.2185,2.759,good,0.023,2.14,0,0,0,0,17.19,3,0.0,,,
1810,2.1000,-0.1097,-0.1795,2.999,good,0.000,2.21,0,0,0,0,9.92,3,0.0,,,
1818,2.1000,-0.1184,0.1155,2.927,good,0.000,2.81,0,0,0,0,14.62,2,0.0,,,
1819,2.1000,-0.1172,0.1354,2.997,good,0.000,2.49,0,0,0,0,12.49,2,0.0,,,
1820,2.1000,-0.1155,0.1061,3.010,good,0.002,3.77,0,0,0,0,11.60,2,0.0,,,
1813,2.1040,-0.1132,-0.0682,3.123,good,0.001,3.49,0,0,0,0,8.28,3,0.0,,,
1814,2.1040,-0.1148,0.0992,3.001,good,0.000,1.74,0,0,0,0,11.56,3,0.0,,,
1815,2.1040,-0.1142,-0.1472,2.775,good,0.000,2.65,0,0,0,0,17.17,3,0.0,,,
1816,2.1040,-0.1094,-0.2253,3.048,good,0.007,3.39,0,0,0,0,8.70,3,0.0,,,
1817,2.1040,-0.1116,-0.2148,2.941,good,0.002,4.03,0,0,0,0,11.96,3,0.0,,,
1825,2.1040,-0.1174,-0.0012,3.002,insect,1.000,8.32,1,1,1,0,12.41,2,2.1,31|32,1807,1807
1826,2.1040,-0.1163,0.2191,2.991,good,0.000,1.69,0,0,0,0,12.31,2,0.0,,,
1827,2.1040,-0.1158,0.2383,2.976,good,0.000,2.27,0,0,0,0,12.52,2,0.0,,,
1828,2.1040,-0.1165,-0.1318,3.010,good,0.000,2.87,0,0,0,0,11.93,2,0.0,,,
1829,2.1040,-0.1137,0.1366,3.450,good,0.001,4.01,0,0,0,0,1.93,2,0.0,,,
1831,2.1040,-0.1019,-0.2153,3.000,good,0.141,1.69,0,0,0,0,7.31,1,0.0,,,
1821,2.1080,-0.1129,-0.1792,2.924,good,0.001,3.11,0,0,0,0,12.83,3,0.0,,,
1822,2.1080,-0.1125,-0.0818,3.036,good,0.001,2.65,0,0,0,0,10.00,3,0.0,,,
1823,2.1080,-0.1117,-0.1130,3.008,good,0.000,2.80,0,0,0,0,10.39,3,0.0,,,
1824,2.1080,-0.1071,0.1856,3.450,good,0.056,2.41,0,0,0,0,0.03,3,0.0,,,
1830,2.1120,-0.1091,-0.0599,3.007,good,0.000,3.10,0,0,0,0,9.54,3,0.0,,,
1834,2.1120,-0.1164,-0.1178,2.949,good,0.000,3.51,0,0,0,0,13.40,2,0.0,,,
1832,2.1160,-0.1138,0.0257,3.057,good,0.000,2.56,0,0,0,0,9.93,3,0.0,,,
1833,2.1160,-0.1108,-0.1413,3.012,black,1.000,65.00,1,1,1,0,10.00,3,2.1,13|14,1825,1825
1837,2.1160,-0.1199,0.2427,3.127,good,0.003,3.43,0,0,0,0,10.33,2,0.0,,,
1835,2.1200,-0.1122,0.0944,2.985,good,0.101,3.66,0,0,0,0,11.07,3,0.0,,,
1836,2.1200,-0.1104,0.1518,2.995,broken,1.000,2.05,1,1,1,0,10.25,3,1.6,51,1831,1831
1838,2.1200,-0.1094,0.1376,2.754,good,0.000,2.99,0,0,0,0,16.04,3,0.0,,,
1840,2.1200,-0.1196,0.2282,2.991,good,0.040,3.69,0,0,0,0,13.41,2,0.0,,,
1848,2.1200,-0.1074,0.2394,3.000,good,0.003,2.78,0,0,0,0,9.14,1,0.0,,,
1839,2.1240,-0.1144,-0.0127,3.005,good,0.002,3.15,0,0,0,0,11.34,3,0.0,,,
1841,2.1240,-0.1095,-0.2443,2.698,black,1.000,51.19,1,1,1,0,17.66,3,2.1,0,1857,
1843,2.1240,-0.1196,-0.1704,3.006,good,0.009,2.92,0,0,0,0,13.06,2,0.0,,,
1844,2.1240,-0.1197,0.2365,2.981,good,0.001,2.49,0,0,0,0,13.70,2,0.0,,,
1845,2.1240,-0.1182,-0.0337,3.001,faded,0.990,5.11,1,1,1,0,12.70,2,2.1,27,1826,1826
1846,2.1240,-0.1122,0.1967,3.012,good,0.002,7.56,0,0,0,0,10.45,2,0.0,,,
1847,2.1240,-0.1150,-0.0431,3.199,good,0.000,3.23,0,0,0,0,7.20,2,0.0,,,
1842,2.1280,-0.1114,0.0008,3.005,good,0.001,1.91,0,0,0,0,10.34,3,0.0,,,
1850,2.1280,-0.1160,-0.1464,3.002,good,0.001,2.01,0,0,0,0,11.95,2,0.0,,,
1849,2.1320,-0.1324,-0.0976,3.000,good,0.003,4.58,0,0,0,0,9.47,1,0.0,,,
1853,2.1320,-0.1187,0.1216,3.032,good,0.000,2.51,0,0,0,0,12.13,2,0.0,,,
1854,2.1320,-0.1153,0.0981,3.297,good,0.000,2.52,0,0,0,0,5.30,2,0.0,,,
1855,2.1320,-0.1211,-0.1007,3.000,good,0.005,4.77,0,0,0,0,9.70,1,0.0,,,
1858,2.1320,-0.1098,-0.1038,3.000,good,0.000,4.83,0,0,0,0,9.94,1,0.0,,,
1851,2.1360,-0.1099,0.0151,3.152,good,0.004,2.36,0,0,0,0,6.60,3,0.0,,,
1852,2.1360,-0.1098,-0.0241,3.120,good,0.001,3.35,0,0,0,0,7.25,3,0.0,,,
1857,2.1360,-0.1187,-0.0410,3.450,good,0.068,6.85,0,0,0,0,3.40,2,0.0,,,
1856,2.1400,-0.1368,0.1390,3.000,good,0.000,2.87,0,0,0,0,10.92,1,0.0,,,
1861,2.1400,-0.1176,-0.0058,2.997,good,0.002,3.85,0,0,0,0,12.61,2,0.0,,,
1862,2.1400,-0.1162,-0.0956,2.999,good,0.000,2.74,0,0,0,0,12.09,2,0.0,,,
1863,2.1400,-0.1170,-0.0407,2.440,good,0.006,3.78,0,0,0,0,28.94,2,0.0,,,
1864,2.1400,-0.1227,0.1356,3.000,good,0.000,2.87,0,0,0,0,10.24,1,0.0,,,
1870,2.1400,-0.1086,0.1322,3.000,good,0.000,2.87,0,0,0,0,9.55,1,0.0,,,
1859,2.1440,-0.1134,-0.1580,3.000,good,0.000,2.34,0,0,0,0,11.12,3,0.0,,,
1860,2.1440,-0.1125,-0.1305,2.998,good,0.000,1.02,0,0,0,0,10.88,3,0.0,,,
1868,2.1440,-0.1188,0.1987,2.915,good,0.000,3.52,0,0,0,0,15.06,2,0.0,,,
1869,2.1440,-0.1179,0.0908,3.163,good,0.023,2.25,0,0,0,0,8.88,2,0.0,,,
1876,2.1440,-0.1073,-0.0436,3.000,good,0.164,3.73,0,0,0,0,9.09,1,0.0,,,
1865,2.1480,-0.1102,-0.1085,3.450,good,0.000,2.75,0,0,0,0,0.92,3,0.0,,,
1866,2.1480,-0.1115,0.1825,2.984,good,0.008,10.04,0,0,0,0,10.86,3,0.0,,,
1867,2.1480,-0.1097,0.0459,3.076,broken,0.993,8.48,1,1,1,0,8.17,3,1.6,37|38,1834,
1873,2.1480,-0.1198,0.0125,3.000,good,0.000,3.37,0,0,0,0,13.25,2,0.0,,,
1874,2.1480,-0.1199,-0.1665,2.959,good,0.001,2.69,0,0,0,0,14.32,2,0.0,,,
1875,2.1480,-0.1155,-0.0935,3.229,good,0.185,5.21,0,0,0,0,6.75,2,0.0,,,
1878,2.1480,-0.1143,0.1897,3.000,good,0.000,2.88,0,0,0,0,11.42,1,0.0,,,
1879,2.1480,-0.1014,-0.1615,3.000,good,0.000,2.27,0,0,0,0,7.13,1,0.0,,,
1871,2.1520,-0.1131,-0.1512,3.057,good,0.000,2.06,0,0,0,0,9.70,3,0.0,,,
1872,2.1520,-0.1139,0.0956,3.003,good,0.000,8.56,0,0,0,0,11.22,3,0.0,,,
1877,2.1560,-0.1155,-0.1282,2.843,good,0.001,3.82,0,0,0,0,15.81,3,0.0,,,
1880,2.1600,-0.1245,-0.1908,3.395,good,0.018,3.74,0,0,0,0,2.13,2,0.0,,,
1881,2.1600,-0.1138,-0.1381,2.526,good,0.000,1.81,0,0,0,0,24.63,3,0.0,,,
1887,2.1600,-0.1110,-0.1937,3.000,good,0.010,3.63,0,0,0,0,10.32,1,0.0,,,
1882,2.1640,-0.1130,-0.2224,3.000,good,0.020,2.48,0,0,0,0,10.99,3,0.0,,,
1885,2.1640,-0.1197,0.1568,3.015,good,0.001,5.19,0,0,0,0,12.87,2,0.0,,,
1886,2.1640,-0.1182,0.0381,3.047,good,0.020,2.36,0,0,0,0,11.60,2,0.0,,,
1883,2.1680,-0.1151,-0.0781,2.932,good,0.001,2.69,0,0,0,0,13.37,3,0.0,,,
1884,2.1680,-0.1117,-0.0324,3.145,good,0.001,7.21,0,0,0,0,7.30,3,0.0,,,
1889,2.1680,-0.1198,0.0221,3.450,good,0.001,2.86,0,0,0,0,3.70,2,0.0,,,
1892,2.1680,-0.1180,0.0114,3.450,good,0.001,3.82,0,0,0,0,3.18,2,0.0,,,
1893,2.1680,-0.1166,-0.0249,3.001,good,0.000,2.04,0,0,0,0,12.18,2,0.0,,,
1894,2.1680,-0.1157,0.0669,3.148,good,0.001,3.19,0,0,0,0,8.53,2,0.0,,,
1888,2.1720,-0.1252,-0.1725,3.450,good,0.001,3.55,0,0,0,0,1.28,2,0.0,,,
1890,2.1720,-0.1105,0.2009,3.000,good,0.000,2.09,0,0,0,0,10.16,3,0.0,,,
1891,2.1720,-0.1103,-0.2001,2.991,good,0.000,2.42,0,0,0,0,10.31,3,0.0,,,
1897,2.1720,-0.1162,0.1342,3.251,good,0.000,3.59,0,0,0,0,6.49,2,0.0,,,
1898,2.1720,-0.1128,-0.1354,3.450,shell,0.978,9.72,1,1,1,0,1.68,2,1.6,14,1952,
1903,2.1720,-0.1106,-0.1695,3.000,good,0.001,3.29,0,0,0,0,10.18,1,0.0,,,
1904,2.1720,-0.1040,0.0085,3.000,good,0.001,3.83,0,0,0,0,8.00,1,0.0,,,
1895,2.1760,-0.1136,-0.0340,3.000,good,0.001,2.11,0,0,0,0,11.19,3,0.0,,,
1896,2.1760,-0.1089,-0.2265,3.031,sour,1.000,22.32,1,1,1,0,8.92,3,2.1,3|2,1872,1872
1901,2.1760,-0.1198,-0.0955,3.127,good,0.002,3.46,0,0,0,0,10.30,2,0.0,,,
1902,2.1760,-0.1172,0.1005,3.000,good,0.000,3.97,0,0,0,0,12.40,2,0.0,,,
1899,2.1800,-0.1141,-0.1718,3.003,good,0.000,1.57,0,0,0,0,11.29,3,0.0,,,
1900,2.1800,-0.1102,-0.2219,3.227,good,0.021,2.17,0,0,0,0,5.13,3,0.0,,,
1906,2.1800,-0.1192,-0.1162,2.867,good,0.283,6.35,0,0,0,0,16.47,2,0.0,,,
1907,2.1800,-0.1171,-0.0178,2.990,good,0.000,2.76,0,0,0,0,12.60,2,0.0,,,
1908,2.1800,-0.1271,-0.0926,3.000,good,0.003,3.72,0,0,0,0,11.69,1,0.0,,,
1905,2.1840,-0.1374,0.2061,3.000,good,0.000,2.12,0,0,0,0,11.13,1,0.0,,,
1909,2.1840,-0.1195,0.0084,3.050,good,0.055,5.60,0,0,0,0,11.97,2,0.0,,,
1910,2.1840,-0.1191,0.1817,2.954,good,0.002,3.68,0,0,0,0,14.19,2,0.0,,,
1911,2.1840,-0.1278,0.2101,3.000,good,0.012,2.64,0,0,0,0,11.92,1,0.0,,,
1915,2.1840,-0.1181,0.2141,3.000,good,0.000,2.36,0,0,0,0,12.72,1,0.0,,,
1914,2.1880,-0.1189,-0.1536,3.074,good,0.089,5.98,0,0,0,0,11.20,2,0.0,,,
1921,2.1880,-0.1086,0.2182,3.000,good,0.000,2.16,0,0,0,0,9.52,1,0.0,,,
1912,2.1920,-0.1146,0.0253,2.940,good,0.000,2.02,0,0,0,0,12.99,3,0.0,,,
1913,2.1920,-0.1103,0.2033,2.996,good,0.000,2.73,0,0,0,0,10.19,3,0.0,,,
1920,2.1920,-0.1163,-0.1809,3.001,good,0.000,4.79,0,0,0,0,12.06,2,0.0,,,
1916,2.1960,-0.1129,0.0162,3.006,good,0.000,3.68,0,0,0,0,10.80,3,0.0,,,
1917,2.1960,-0.1096,-0.1221,3.011,good,0.000,3.15,0,0,0,0,9.61,3,0.0,,,
1918,2.1960,-0.1089,-0.1075,3.023,good,0.000,3.51,0,0,0,0,9.08,3,0.0,,,
1919,2.1960,-0.1101,0.1657,2.937,good,0.000,2.07,0,0,0,0,11.55,3,0.0,,,
1922,2.2000,-0.1139,-0.1774,3.168,good,0.000,2.34,0,0,0,0,7.53,3,0.0,,,
1923,2.2000,-0.1132,0.0838,2.953,good,0.001,5.18,0,0,0,0,12.21,3,0.0,,,
1924,2.2000,-0.1079,-0.1366,3.450,good,0.002,3.22,0,0,0,0,0.25,3,0.0,,,
1925,2.2000,-0.1109,0.1070,3.002,good,0.000,2.69,0,0,0,0,10.27,3,0.0,,,
1926,2.2040,-0.1128,-0.1839,3.013,faded,0.951,4.77,1,1,1,0,10.61,3,2.1,8,1921,1921
1927,2.2040,-0.1119,-0.0333,3.181,good,0.005,3.05,0,0,0,0,6.61,3,0.0,,,
1928,2.2040,-0.1082,0.1664,3.011,good,0.000,3.38,0,0,0,0,9.16,3,0.0,,,
1933,2.2040,-0.1188,-0.1968,2.812,good,0.004,3.18,0,0,0,0,17.80,2,0.0,,,
1934,2.2040,-0.1184,0.0318,2.996,faded,0.999,4.86,1,1,1,0,12.91,2,2.1,36|35,1891,1891
1929,2.2080,-0.1127,0.1693,3.002,good,0.000,3.86,0,0,0,0,10.85,3,0.0,,,
1930,2.2080,-0.1126,-0.0354,2.992,good,0.000,2.50,0,0,0,0,11.05,3,0.0,,,
1931,2.2080,-0.1106,-0.2342,2.987,good,0.007,1.81,0,0,0,0,10.52,3,0.0,,,
1932,2.2080,-0.1088,-0.2091,3.129,good,0.037,6.03,0,0,0,0,6.74,3,0.0,,,
1935,2.2120,-0.1140,0.1301,3.003,good,0.000,1.63,0,0,0,0,11.28,3,0.0,,,
1936,2.2120,-0.1099,0.1434,3.027,faded,0.788,3.50,1,1,1,0,9.34,3,2.1,50,1910,1910
1937,2.2160,-0.1128,0.1704,2.977,good,0.000,3.26,0,0,0,0,11.48,3,0.0,,,
1938,2.2160,-0.1107,-0.1905,2.991,good,0.000,3.03,0,0,0,0,10.44,3,0.0,,,
1939,2.2160,-0.1088,-0.0692,3.026,good,0.004,1.33,0,0,0,0,9.01,3,0.0,,,
1940,2.2160,-0.1090,-0.1316,3.002,good,0.033,3.20,0,0,0,0,9.63,3,0.0,,,
1941,2.2160,-0.1087,0.1229,3.034,good,0.001,2.34,0,0,0,0,8.78,3,0.0,,,
1945,2.2160,-0.1166,-0.0128,3.021,good,0.010,5.17,0,0,0,0,11.70,2,0.0,,,
1946,2.2160,-0.1189,0.0566,3.074,faded,0.965,3.18,1,1,1,0,11.19,2,2.1,39,1920,1920
1947,2.2160,-0.1182,0.1889,2.804,good,0.001,5.24,0,0,0,0,17.81,2,0.0,,,
1942,2.2200,-0.1397,-0.0820,3.000,faded,0.999,6.44,1,1,1,0,11.89,1,2.1,21,,
1943,2.2200,-0.1125,0.0909,2.737,good,0.001,2.46,0,0,0,0,17.64,3,0.0,,,
1944,2.2200,-0.1106,0.1453,3.000,good,0.000,2.17,0,0,0,0,10.21,3,0.0,,,
1949,2.2200,-0.1194,0.2131,2.997,good,0.018,5.05,0,0,0,0,13.20,2,0.0,,,
1950,2.2200,-0.1180,-0.1754,2.944,good,0.000,3.14,0,0,0,0,14.07,2,0.0,,,
1951,2.2200,-0.1248,-0.0861,3.000,faded,0.999,6.38,1,1,1,0,10.92,1,2.1,20|21,,
1954,2.2200,-0.1098,-0.0903,3.000,faded,0.999,6.49,1,1,1,0,9.95,1,2.1,20,1940,
1948,2.2240,-0.1123,0.0819,2.994,good,0.000,3.36,0,0,0,0,10.91,3,0.0,,,
1952,2.2240,-0.1190,0.0781,3.298,good,0.000,2.19,0,0,0,0,6.39,2,0.0,,,
1953,2.2240,-0.1301,0.1291,3.000,good,0.053,6.93,0,0,0,0,12.69,1,0.0,,,
1959,2.2240,-0.1180,0.1254,3.000,broken,0.992,2.89,1,1,1,0,12.67,1,1.6,48|47,1936,
1960,2.2240,-0.1165,0.1343,3.000,good,0.000,2.38,0,0,0,0,12.17,1,0.0,,,
1958,2.2280,-0.1198,0.1628,3.007,good,0.000,3.33,0,0,0,0,13.11,2,0.0,,,
1965,2.2280,-0.1058,0.0739,3.000,good,0.000,2.11,0,0,0,0,8.59,1,0.0,,,
1955,2.2320,-0.1156,0.0096,3.051,good,0.002,3.90,0,0,0,0,10.68,3,0.0,,,
1956,2.2320,-0.1250,0.0755,3.008,good,0.000,1.79,0,0,0,0,10.81,2,0.0,,,
1957,2.2320,-0.1098,0.0584,3.000,good,0.014,3.15,0,0,0,0,9.94,3,0.0,,,
1962,2.2320,-0.1163,-0.0949,3.003,good,0.000,3.35,0,0,0,0,12.05,2,0.0,,,
1963,2.2320,-0.1160,0.0925,3.000,good,0.000,2.59,0,0,0,0,12.02,2,0.0,,,
1964,2.2320,-0.1175,0.1962,2.957,good,0.002,7.17,0,0,0,0,13.56,2,0.0,,,
1968,2.2320,-0.1094,0.0707,3.000,stone,0.997,12.27,1,1,1,0,9.80,1,6.1,41|40|42,1942|1955,
1961,2.2360,-0.1334,0.0686,3.000,stone,0.998,16.26,1,1,1,0,9.80,1,4.8,40,,
1967,2.2360,-0.1152,0.2129,2.997,good,0.001,3.62,0,0,0,0,11.81,2,0.0,,,
1966,2.2400,-0.1119,0.0508,3.050,good,0.008,2.46,0,0,0,0,9.46,3,0.0,,,
1969,2.2440,-0.1117,-0.1478,2.920,insect,0.596,6.53,1,1,1,0,12.49,3,2.1,13|12,1932|1968,1932|1968
1970,2.2440,-0.1219,-0.0947,2.869,good,0.001,2.09,0,0,0,0,13.35,2,0.0,,,
1971,2.2440,-0.1081,-0.1225,3.006,good,0.000,2.64,0,0,0,0,9.24,3,0.0,,,
1984,2.2440,-0.1104,-0.0997,3.000,good,0.000,2.09,0,0,0,0,10.14,1,0.0,,,
1972,2.2480,-0.1140,0.0034,3.019,sour,1.000,23.04,1,1,1,0,10.87,3,2.1,32,1941,1941
1973,2.2480,-0.1118,-0.1438,3.009,broken,0.966,2.41,1,1,1,0,10.41,3,1.6,13,1935,1935
1974,2.2480,-0.1084,-0.0108,3.004,sour,1.000,15.13,1,1,1,0,9.38,3,2.1,30,1939,1939
1980,2.2480,-0.1196,-0.0710,3.040,good,0.106,4.20,0,0,0,0,12.24,2,0.0,,,
1981,2.2480,-0.1199,-0.0390,2.289,good,0.053,5.83,0,0,0,0,36.06,2,0.0,,,
1982,2.2480,-0.1156,0.0303,2.990,good,0.000,4.28,0,0,0,0,12.12,2,0.0,,,
1983,2.2480,-0.1149,-0.1809,3.136,good,0.000,3.00,0,0,0,0,8.51,2,0.0,,,
1975,2.2520,-0.1139,-0.1019,3.000,good,0.001,3.27,0,0,0,0,11.29,3,0.0,,,
1976,2.2520,-0.1131,0.0342,3.002,good,0.000,3.20,0,0,0,0,10.98,3,0.0,,,
1977,2.2520,-0.1373,-0.0377,3.000,good,0.265,3.20,0,0,0,0,11.09,1,0.0,,,
1978,2.2520,-0.1126,0.1930,2.919,good,0.000,5.07,0,0,0,0,12.84,3,0.0,,,
1979,2.2520,-0.1093,0.2246,3.005,good,0.000,3.12,0,0,0,0,9.66,3,0.0,,,
1985,2.2560,-0.1254,-0.0606,3.041,good,0.005,2.90,0,0,0,0,10.12,2,0.0,,,
1986,2.2560,-0.1109,0.1370,3.000,good,0.000,1.88,0,0,0,0,10.31,3,0.0,,,
1987,2.2560,-0.1087,0.1240,3.000,good,0.003,2.83,0,0,0,0,9.57,3,0.0,,,
1996,2.2560,-0.1133,-0.0649,3.000,good,0.003,2.70,0,0,0,0,11.09,1,0.0,,,
1988,2.2600,-0.1156,-0.0720,2.901,good,0.000,2.27,0,0,0,0,14.29,3,0.0,,,
1989,2.2600,-0.1128,0.2265,3.007,good,0.015,5.68,0,0,0,0,10.75,3,0.0,,,
1990,2.2600,-0.1081,0.1301,3.003,broken,0.889,4.05,1,1,1,0,9.32,3,1.6,48,1912,1912
1995,2.2600,-0.1183,-0.1030,3.031,good,0.001,2.06,0,0,0,0,12.03,2,0.0,,,
1991,2.2640,-0.1137,0.2052,2.919,good,0.002,3.67,0,0,0,0,13.22,3,0.0,,,
1992,2.2640,-0.1127,0.1422,3.002,good,0.349,4.62,0,0,0,0,10.88,3,0.0,,,
1993,2.2640,-0.1119,-0.1911,3.005,good,0.000,2.33,0,0,0,0,10.50,3,0.0,,,
1994,2.2640,-0.1124,-0.1786,2.932,good,0.000,1.77,0,0,0,0,12.45,3,0.0,,,
1997,2.2640,-0.1194,-0.1077,3.031,good,0.000,2.75,0,0,0,0,12.38,2,0.0,,,
1998,2.2640,-0.1174,-0.2275,3.010,good,0.001,3.64,0,0,0,0,12.22,2,0.0,,,
1999,2.2720,-0.1135,-0.0332,2.973,good,0.000,2.58,0,0,0,0,11.82,3,0.0,,,
2000,2.2760,-0.1145,-0.1794,2.999,good,0.003,2.49,0,0,0,0,11.50,3,0.0,,,
2001,2.2760,-0.1153,0.0609,2.732,good,0.001,2.08,0,0,0,0,18.79,3,0.0,,,
2002,2.2760,-0.1119,0.1188,3.000,good,0.000,1.81,0,0,0,0,10.64,3,0.0,,,
2004,2.2760,-0.1183,0.1413,3.312,good,0.038,2.43,0,0,0,0,5.89,2,0.0,,,
2005,2.2760,-0.1190,0.1759,2.345,good,0.022,6.29,0,0,0,0,33.41,2,0.0,,,
2006,2.2760,-0.1167,0.2237,3.122,good,0.002,4.40,0,0,0,0,9.41,2,0.0,,,
2011,2.2760,-0.1123,0.1716,3.000,good,0.031,6.46,0,0,0,0,10.78,1,0.0,,,
2003,2.2800,-0.1139,-0.1039,3.009,good,0.000,3.06,0,0,0,0,11.09,3,0.0,,,
2007,2.2840,-0.1135,-0.2371,3.013,good,0.000,1.90,0,0,0,0,10.86,3,0.0,,,
2008,2.2840,-0.1126,-0.2159,3.112,good,0.004,2.21,0,0,0,0,8.31,3,0.0,,,
2009,2.2840,-0.1092,-0.0382,3.139,good,0.000,2.73,0,0,0,0,6.64,3,0.0,,,
2010,2.2840,-0.1099,0.1420,2.970,faded,0.562,3.35,1,1,1,0,10.67,3,2.1,50|49,1974,1974
2013,2.2840,-0.1195,-0.0797,2.930,good,0.001,2.56,0,0,0,0,14.92,2,0.0,,,
2014,2.2840,-0.1178,0.2291,2.950,good,0.060,10.18,0,0,0,0,13.85,2,0.0,,,
2015,2.2840,-0.1162,0.1208,3.001,good,0.000,2.25,0,0,0,0,12.05,2,0.0,,,
2012,2.2880,-0.1091,0.0520,2.997,good,0.000,3.38,0,0,0,0,9.78,3,0.0,,,
2016,2.2920,-0.1097,-0.0758,2.975,good,0.000,3.25,0,0,0,0,10.50,3,0.0,,,
2018,2.2920,-0.1166,0.1293,2.942,good,0.000,2.31,0,0,0,0,13.62,2,0.0,,,
2019,2.2920,-0.1134,0.2200,3.412,good,0.033,2.86,0,0,0,0,2.54,2,0.0,,,
2017,2.2960,-0.1100,-0.0949,2.986,good,0.144,10.91,0,0,0,0,10.34,3,0.0,,,
2022,2.2960,-0.1186,-0.0011,3.016,faded,0.550,3.12,1,1,1,0,12.46,2,2.1,31|32,1989,
2024,2.2960,-0.1200,0.1590,2.998,good,0.006,4.52,0,0,0,0,13.36,2,0.0,,,
2020,2.3000,-0.1158,0.1201,2.839,good,0.002,2.48,0,0,0,0,16.01,3,0.0,,,
2021,2.3000,-0.1090,0.0527,2.996,good,0.000,3.44,0,0,0,0,9.75,3,0.0,,,
2023,2.3000,-0.1080,0.1249,2.999,good,0.000,2.03,0,0,0,0,9.36,3,0.0,,,
2025,2.3040,-0.1085,-0.0340,3.450,good,0.002,3.22,0,0,0,0,0.45,3,0.0,,,
2029,2.3040,-0.1171,-0.2125,2.992,good,0.009,2.93,0,0,0,0,12.56,2,0.0,,,
2026,2.3080,-0.1149,-0.2013,2.702,good,0.027,10.35,0,0,0,0,19.52,3,0.0,,,
2027,2.3080,-0.1117,-0.0849,2.809,good,0.000,9.25,0,0,0,0,15.38,3,0.0,,,
2028,2.3080,-0.1111,-0.2370,2.917,broken,0.602,6.25,1,1,1,0,12.37,3,1.6,1,1856,1856
2034,2.3080,-0.1187,0.2059,3.012,good,0.000,1.69,0,0,0,0,12.62,2,0.0,,,
2035,2.3080,-0.1163,0.1388,3.020,good,0.002,2.60,0,0,0,0,11.61,2,0.0,,,
2030,2.3120,-0.1151,-0.0722,3.000,good,0.000,1.77,0,0,0,0,11.70,3,0.0,,,
2031,2.3120,-0.1172,0.0276,2.955,good,0.001,5.33,0,0,0,0,13.52,3,0.0,,,
2032,2.3120,-0.1146,0.0790,2.836,good,0.004,2.72,0,0,0,0,15.68,3,0.0,,,
2033,2.3120,-0.1097,-0.1489,3.007,black,1.000,47.16,1,1,1,0,9.72,3,2.1,12|13,2016,2016
2041,2.3120,-0.1041,-0.1976,3.000,broken,0.920,10.31,1,1,1,0,8.03,1,1.6,6,2012,
2036,2.3160,-0.1135,0.0478,3.098,good,0.000,2.83,0,0,0,0,8.92,3,0.0,,,
2037,2.3160,-0.1126,0.1172,3.008,good,0.002,8.21,0,0,0,0,10.67,3,0.0,,,
2040,2.3160,-0.1133,0.0657,3.450,broken,0.966,2.38,1,1,1,0,1.82,2,1.6,40,2030,
2038,2.3200,-0.1136,-0.1074,3.122,good,0.000,2.30,0,0,0,0,8.41,3,0.0,,,
2039,2.3200,-0.1106,-0.2169,3.333,good,0.202,3.44,0,0,0,0,3.21,3,0.0,,,
2044,2.3200,-0.1179,0.1750,3.084,good,0.001,2.45,0,0,0,0,10.67,2,0.0,,,
2049,2.3200,-0.1190,-0.0416,3.000,good,0.000,7.20,0,0,0,0,13.00,1,0.0,,,
2042,2.3240,-0.1114,-0.1137,3.018,good,0.002,3.29,0,0,0,0,10.05,3,0.0,,,
2043,2.3240,-0.1119,0.0935,2.707,black,1.000,49.45,1,1,1,0,18.29,3,2.1,43|44,2006,
2051,2.3240,-0.1103,-0.0382,3.000,good,0.000,2.05,0,0,0,0,10.11,1,0.0,,,
2052,2.3240,-0.1082,0.0168,3.000,good,0.001,1.90,0,0,0,0,9.40,1,0.0,,,
2053,2.3240,-0.1030,-0.0441,3.000,good,0.000,2.44,0,0,0,0,7.66,1,0.0,,,
2045,2.3280,-0.1117,-0.0902,3.016,good,0.026,3.19,0,0,0,0,10.19,3,0.0,,,
2046,2.3280,-0.1095,0.0137,2.456,good,0.003,15.38,0,0,0,0,25.31,3,0.0,,,
2047,2.3280,-0.1110,0.2443,3.004,good,0.004,3.01,0,0,0,0,10.25,3,0.0,,,
2048,2.3280,-0.1062,-0.0381,3.167,good,0.016,5.06,0,0,0,0,5.12,3,0.0,,,
2050,2.3280,-0.1167,-0.2001,2.873,good,0.001,3.21,0,0,0,0,15.44,2,0.0,,,
2059,2.3280,-0.1131,-0.0439,3.000,good,0.001,2.65,0,0,0,0,11.02,1,0.0,,,
2057,2.3320,-0.1197,-0.1969,3.006,good,0.000,1.57,0,0,0,0,13.10,2,0.0,,,
2058,2.3320,-0.1189,0.2121,2.854,good,0.123,7.12,0,0,0,0,16.68,2,0.0,,,
2054,2.3360,-0.1256,-0.0089,3.017,faded,0.861,3.24,1,1,1,0,10.79,2,2.1,30|31,,
2055,2.3360,-0.1136,0.0675,3.074,good,0.000,2.49,0,0,0,0,9.49,3,0.0,,,
2056,2.3360,-0.1213,-0.0003,2.875,good,0.000,3.51,0,0,0,0,12.99,2,0.0,,,
2061,2.3360,-0.1144,0.0809,3.450,husk,1.000,9.72,1,1,1,0,2.14,2,1.6,42,2119,
2068,2.3360,-0.1113,-0.0045,3.000,good,0.123,8.20,0,0,0,0,10.44,1,0.0,,,
2060,2.3400,-0.1091,-0.0580,3.381,good,0.000,3.25,0,0,0,0,1.86,3,0.0,,,
2065,2.3400,-0.1196,0.0859,3.000,good,0.004,2.52,0,0,0,0,13.21,2,0.0,,,
2066,2.3400,-0.1163,-0.1749,3.002,good,0.000,2.27,0,0,0,0,12.06,2,0.0,,,
2067,2.3400,-0.1156,0.1847,2.997,good,0.000,2.30,0,0,0,0,11.94,2,0.0,,,
2062,2.3440,-0.1139,-0.0405,2.997,good,0.000,4.14,0,0,0,0,11.36,3,0.0,,,
2063,2.3440,-0.1103,-0.1948,3.060,good,0.000,1.93,0,0,0,0,8.71,3,0.0,,,
2064,2.3440,-0.1087,-0.1659,2.987,good,0.010,2.67,0,0,0,0,9.89,3,0.0,,,
2069,2.3480,-0.1153,-0.1003,3.000,good,0.000,2.16,0,0,0,0,11.77,3,0.0,,,
2070,2.3480,-0.1123,-0.1427,2.995,good,0.000,4.06,0,0,0,0,10.87,3,0.0,,,
2071,2.3480,-0.1083,-0.2139,3.001,good,0.001,2.84,0,0,0,0,9.40,3,0.0,,,
2072,2.3480,-0.1180,0.0999,2.997,faded,1.000,4.46,1,1,1,0,12.74,2,2.1,44,2038,2038
2073,2.3480,-0.1159,0.0178,3.002,good,0.000,4.41,0,0,0,0,11.92,2,0.0,,,
2076,2.3520,-0.1197,-0.0897,2.900,good,0.025,3.90,0,0,0,0,15.76,2,0.0,,,
2077,2.3520,-0.1197,-0.0666,3.003,good,0.000,2.79,0,0,0,0,13.17,2,0.0,,,
2078,2.3520,-0.1189,0.2434,2.998,good,0.000,2.20,0,0,0,0,13.01,2,0.0,,,
2079,2.3520,-0.1165,0.1680,3.300,insect,1.000,9.55,1,1,1,0,5.61,2,2.1,53,2036,2036
2074,2.3560,-0.1097,0.0809,3.002,sour,1.000,13.10,1,1,1,0,9.84,3,2.1,42,2048,2048
2075,2.3560,-0.1101,-0.2269,3.026,good,0.000,2.85,0,0,0,0,9.45,3,0.0,,,
2081,2.3560,-0.1197,0.0529,2.986,good,0.000,8.32,0,0,0,0,13.57,2,0.0,,,
2083,2.3560,-0.1198,-0.0038,2.995,good,0.271,3.02,0,0,0,0,13.40,2,0.0,,,
2084,2.3560,-0.1179,0.1565,2.802,good,0.024,8.94,0,0,0,0,17.77,2,0.0,,,
2080,2.3600,-0.1115,0.1950,3.013,good,0.053,7.77,0,0,0,0,10.20,3,0.0,,,
2082,2.3600,-0.1213,0.0615,2.792,good,0.001,6.57,0,0,0,0,15.26,2,0.0,,,
2088,2.3600,-0.1193,0.1209,3.026,good,0.002,2.02,0,0,0,0,12.47,2,0.0,,,
2089,2.3600,-0.1190,-0.0902,3.119,good,0.000,3.78,0,0,0,0,10.19,2,0.0,,,
2094,2.3600,-0.1112,0.1586,3.000,good,0.082,4.49,0,0,0,0,10.41,1,0.0,,,
2095,2.3600,-0.1088,0.0570,3.000,good,0.003,9.79,0,0,0,0,9.61,1,0.0,,,
2085,2.3640,-0.1151,-0.0376,2.994,good,0.002,3.69,0,0,0,0,11.86,3,0.0,,,
2086,2.3640,-0.1387,-0.0585,3.000,good,0.005,2.07,0,0,0,0,11.58,1,0.0,,,
2087,2.3640,-0.1152,0.1095,3.012,good,0.070,3.07,0,0,0,0,11.44,3,0.0,,,
2093,2.3640,-0.1156,-0.0621,2.905,good,0.061,1.93,0,0,0,0,14.21,2,0.0,,,
2090,2.3680,-0.1143,0.0289,2.885,good,0.006,6.18,0,0,0,0,14.29,3,0.0,,,
2091,2.3680,-0.1137,-0.0901,2.963,faded,0.998,4.17,1,1,1,0,12.11,3,2.1,20,2054,
2092,2.3680,-0.1110,-0.2402,2.678,good,0.007,3.13,0,0,0,0,18.79,3,0.0,,,
2096,2.3720,-0.1159,0.0321,2.896,sour,1.000,15.73,1,1,1,0,14.53,3,2.1,36|35,2063,
2097,2.3720,-0.1129,-0.0316,3.075,black,1.000,50.16,1,1,1,0,9.24,3,2.1,27|28,2088,2088
2098,2.3720,-0.1099,-0.1412,2.926,good,0.000,2.81,0,0,0,0,11.74,3,0.0,,,
2105,2.3720,-0.1066,0.0336,3.000,good,0.000,1.70,0,0,0,0,8.85,1,0.0,,,
2099,2.3760,-0.1172,-0.2069,2.722,sour,1.000,21.45,1,1,1,0,19.80,3,2.1,5,2097,
2100,2.3760,-0.1113,0.1855,3.015,good,0.009,2.43,0,0,0,0,10.07,3,0.0,,,
2101,2.3760,-0.1111,-0.0684,2.896,good,0.000,2.45,0,0,0,0,12.88,3,0.0,,,
2104,2.3760,-0.1180,-0.0372,2.998,good,0.002,2.53,0,0,0,0,12.70,2,0.0,,,
2102,2.3800,-0.1148,-0.0408,3.033,good,0.003,2.94,0,0,0,0,10.81,3,0.0,,,
2103,2.3800,-0.1105,-0.0153,3.013,good,0.001,2.10,0,0,0,0,9.86,3,0.0,,,
2107,2.3800,-0.1145,0.0409,3.274,good,0.000,2.20,0,0,0,0,5.53,2,0.0,,,
2106,2.3840,-0.1128,0.1202,3.198,good,0.000,10.40,0,0,0,0,6.54,3,0.0,,,
2113,2.3840,-0.1182,-0.2225,3.000,good,0.000,2.11,0,0,0,0,12.73,1,0.0,,,
2108,2.3880,-0.1110,-0.2073,3.177,good,0.037,3.65,0,0,0,0,6.41,3,0.0,,,
2109,2.3880,-0.1094,0.0494,2.999,good,0.000,2.39,0,0,0,0,9.83,3,0.0,,,
2110,2.3880,-0.1330,-0.2195,3.000,good,0.000,2.13,0,0,0,0,9.68,1,0.0,,,
2112,2.3880,-0.1189,-0.0440,2.932,good,0.001,2.47,0,0,0,0,14.65,2,0.0,,,
2117,2.3880,-0.1033,-0.2255,3.000,good,0.000,2.59,0,0,0,0,7.77,1,0.0,,,
2111,2.3920,-0.1133,0.1998,2.994,good,0.000,1.73,0,0,0,0,11.23,3,0.0,,,
2114,2.3960,-0.1136,0.1371,2.711,good,0.313,4.82,0,0,0,0,18.79,3,0.0,,,
2115,2.3960,-0.1091,-0.0156,3.001,good,0.115,8.49,0,0,0,0,9.68,3,0.0,,,
2116,2.3960,-0.1096,0.2088,2.766,faded,0.956,5.69,1,1,1,0,15.80,3,2.1,58,2092,
2119,2.3960,-0.1161,0.1206,3.450,good,0.000,3.31,0,0,0,0,2.64,2,0.0,,,
2120,2.3960,-0.1178,0.0842,2.857,insect,1.000,5.23,1,1,1,0,16.23,2,2.1,42,2116,
2118,2.4000,-0.1135,-0.0116,2.999,good,0.000,4.17,0,0,0,0,11.20,3,0.0,,,
2123,2.4000,-0.1196,0.1488,2.792,good,0.002,2.71,0,0,0,0,18.65,2,0.0,,,
2124,2.4000,-0.1149,-0.0419,3.450,stone,1.000,9.89,1,1,1,0,2.30,2,6.1,26|27|25,2077,
2125,2.4000,-0.1157,0.0059,2.974,good,0.000,3.10,0,0,0,0,12.54,2,0.0,,,
2121,2.4040,-0.1117,0.2045,3.284,good,0.001,2.58,0,0,0,0,4.47,3,0.0,,,
2122,2.4040,-0.1080,0.2168,2.987,good,0.000,1.58,0,0,0,0,9.66,3,0.0,,,
2128,2.4040,-0.1195,0.0511,2.961,good,0.079,2.78,0,0,0,0,14.11,2,0.0,,,
2129,2.4040,-0.1149,-0.1507,3.177,good,0.269,2.35,0,0,0,0,7.64,2,0.0,,,
2126,2.4080,-0.1146,0.0304,2.990,good,0.001,2.52,0,0,0,0,11.77,3,0.0,,,
2127,2.4080,-0.1111,-0.1134,2.902,good,0.001,2.64,0,0,0,0,12.72,3,0.0,,,
2133,2.4080,-0.1184,-0.1607,3.225,good,0.075,1.82,0,0,0,0,7.75,2,0.0,,,
2134,2.4080,-0.1190,-0.2380,3.052,shell,1.000,7.05,1,1,1,0,11.77,2,1.6,1,2129,2129
2135,2.4080,-0.1183,-0.0766,2.962,good,0.000,1.71,0,0,0,0,13.69,2,0.0,,,
2136,2.4080,-0.1160,0.2205,3.009,good,0.001,2.08,0,0,0,0,11.80,2,0.0,,,
2130,2.4120,-0.1292,-0.0031,2.417,good,0.000,3.08,0,0,0,0,30.81,2,0.0,,,
2131,2.4120,-0.1111,-0.1166,3.018,good,0.000,3.03,0,0,0,0,9.95,3,0.0,,,
2132,2.4120,-0.1109,-0.2054,2.990,good,0.000,2.79,0,0,0,0,10.54,3,0.0,,,
2140,2.4120,-0.1186,0.1310,2.955,good,0.000,8.24,0,0,0,0,13.99,2,0.0,,,
2141,2.4120,-0.1159,0.0459,3.450,good,0.002,6.27,0,0,0,0,2.59,2,0.0,,,
2144,2.4120,-0.1195,0.0012,3.000,good,0.000,3.08,0,0,0,0,13.15,1,0.0,,,
2137,2.4160,-0.1148,0.0272,2.993,good,0.000,2.13,0,0,0,0,11.76,3,0.0,,,
2138,2.4160,-0.1123,-0.0720,2.997,good,0.000,3.80,0,0,0,0,10.85,3,0.0,,,
2139,2.4160,-0.1140,0.0561,2.998,good,0.000,4.04,0,0,0,0,11.40,3,0.0,,,
2143,2.4160,-0.1173,0.1424,2.993,good,0.001,5.17,0,0,0,0,12.60,2,0.0,,,
2148,2.4160,-0.1008,0.0495,3.000,good,0.001,9.47,0,0,0,0,6.92,1,0.0,,,
2142,2.4200,-0.1149,-0.0499,3.005,good,0.000,2.73,0,0,0,0,11.51,3,0.0,,,
2147,2.4200,-0.1176,-0.2240,2.950,black,1.000,49.74,1,1,1,0,13.76,2,2.1,3,2118,2118
2145,2.4240,-0.1114,0.2092,3.042,good,0.000,3.53,0,0,0,0,9.50,3,0.0,,,
2146,2.4240,-0.1114,0.0282,2.967,good,0.000,2.34,0,0,0,0,11.24,3,0.0,,,
2153,2.4280,-0.1153,-0.0031,3.003,insect,1.000,5.76,1,1,1,0,11.71,2,2.1,31,2122,2122
2149,2.4320,-0.1129,0.1968,3.232,good,0.001,2.68,0,0,0,0,5.86,3,0.0,,,
2150,2.4320,-0.1292,0.0623,2.586,good,0.023,4.00,0,0,0,0,24.61,2,0.0,,,
2151,2.4320,-0.1124,-0.1161,3.142,good,0.010,2.98,0,0,0,0,7.60,3,0.0,,,
2152,2.4320,-0.1100,-0.1580,2.987,good,0.000,2.43,0,0,0,0,10.32,3,0.0,,,
2155,2.4320,-0.1155,0.1734,3.066,good,0.000,3.24,0,0,0,0,10.29,2,0.0,,,
2162,2.4320,-0.1188,0.0585,3.000,faded,0.540,3.91,1,1,1,0,12.95,1,2.1,39,2127,
2154,2.4360,-0.1126,-0.1398,2.998,good,0.001,1.95,0,0,0,0,10.93,3,0.0,,,
2160,2.4360,-0.1147,-0.0479,3.450,good,0.001,6.13,0,0,0,0,2.24,2,0.0,,,
2161,2.4360,-0.1160,0.0992,3.058,good,0.000,2.53,0,0,0,0,10.65,2,0.0,,,
2166,2.4360,-0.1032,0.1771,3.000,good,0.000,3.45,0,0,0,0,7.74,1,0.0,,,
2156,2.4400,-0.1147,-0.0489,2.999,good,0.000,2.80,0,0,0,0,11.59,3,0.0,,,
2157,2.4400,-0.1106,0.0456,3.008,good,0.000,2.86,0,0,0,0,10.03,3,0.0,,,
2158,2.4400,-0.1091,-0.0248,2.987,good,0.000,2.80,0,0,0,0,10.01,3,0.0,,,
2159,2.4400,-0.1089,0.1269,2.999,good,0.004,3.31,0,0,0,0,9.66,3,0.0,,,
2165,2.4400,-0.1199,0.0557,3.014,good,0.055,3.39,0,0,0,0,12.95,2,0.0,,,
2163,2.4440,-0.1126,-0.0292,3.000,good,0.001,3.18,0,0,0,0,10.89,3,0.0,,,
2164,2.4440,-0.1153,-0.2249,2.054,sour,1.000,17.94,1,1,1,0,44.82,3,2.1,3,2102,
2167,2.4480,-0.1159,-0.0478,2.997,faded,0.925,4.60,1,1,1,0,12.04,3,2.1,25|26,2152,2152
2168,2.4480,-0.1149,0.1032,2.999,good,0.003,5.47,0,0,0,0,11.67,3,0.0,,,
2169,2.4480,-0.1113,-0.0737,3.016,good,0.056,3.25,0,0,0,0,10.06,3,0.0,,,
2170,2.4480,-0.1130,0.0037,2.993,good,0.010,3.65,0,0,0,0,11.15,3,0.0,,,
2171,2.4480,-0.1061,0.2234,3.450,good,0.039,2.82,0,0,0,0,-0.27,3,0.0,,,
2177,2.4480,-0.1154,-0.1781,3.001,good,0.022,9.16,0,0,0,0,11.78,2,0.0,,,
2178,2.4480,-0.1181,0.0240,3.001,good,0.000,3.53,0,0,0,0,12.66,2,0.0,,,
2172,2.4520,-0.1169,-0.0178,2.694,good,0.002,2.42,0,0,0,0,20.49,3,0.0,,,
2173,2.4520,-0.1156,0.0364,2.733,good,0.000,2.79,0,0,0,0,18.89,3,0.0,,,
2174,2.4520,-0.1116,-0.0654,3.000,good,0.001,2.49,0,0,0,0,10.54,3,0.0,,,
2175,2.4520,-0.1133,0.0659,2.995,good,0.000,4.58,0,0,0,0,11.22,3,0.0,,,
2176,2.4520,-0.1131,0.2369,2.908,good,0.002,9.57,0,0,0,0,13.28,3,0.0,,,
2179,2.4560,-0.1143,-0.0760,3.167,black,1.000,55.78,1,1,1,0,7.67,3,2.1,22,2174,
2180,2.4560,-0.1149,0.1594,3.048,good,0.006,3.73,0,0,0,0,10.49,3,0.0,,,
2181,2.4560,-0.1110,0.1069,2.997,good,0.004,2.08,0,0,0,0,10.39,3,0.0,,,
2185,2.4560,-0.1178,-0.1565,2.998,good,0.001,2.79,0,0,0,0,12.67,2,0.0,,,
2182,2.4600,-0.1129,0.1890,2.895,good,0.000,1.90,0,0,0,0,13.54,3,0.0,,,
2183,2.4600,-0.1097,-0.1353,3.006,good,0.009,3.77,0,0,0,0,9.76,3,0.0,,,
2184,2.4600,-0.1083,0.2192,3.003,good,0.000,2.21,0,0,0,0,9.38,3,0.0,,,
2187,2.4600,-0.1196,-0.1478,2.998,good,0.000,2.35,0,0,0,0,13.25,2,0.0,,,
2190,2.4600,-0.1016,-0.0796,3.000,black,1.000,55.71,1,1,1,0,7.21,1,2.1,21|22,2174,
2186,2.4640,-0.1255,-0.0404,2.458,good,0.000,1.85,0,0,0,0,27.75,2,0.0,,,
2189,2.4640,-0.1168,0.0525,2.999,good,0.000,3.99,0,0,0,0,12.28,2,0.0,,,
2195,2.4640,-0.1157,-0.0372,3.000,good,0.000,1.84,0,0,0,0,11.89,1,0.0,,,
2188,2.4680,-0.1108,0.1655,2.931,good,0.003,3.47,0,0,0,0,11.92,3,0.0,,,
2191,2.4680,-0.1178,0.0694,2.951,good,0.000,2.69,0,0,0,0,13.81,2,0.0,,,
2192,2.4680,-0.1178,-0.1794,3.024,good,0.000,1.82,0,0,0,0,12.04,2,0.0,,,
2193,2.4680,-0.1166,0.0098,3.002,good,0.000,2.19,0,0,0,0,12.14,2,0.0,,,
2194,2.4680,-0.1177,0.0943,2.995,good,0.000,3.36,0,0,0,0,12.71,2,0.0,,,
2201,2.4720,-0.1189,0.0516,3.000,good,0.000,4.61,0,0,0,0,12.96,2,0.0,,,
2202,2.4720,-0.1174,-0.0538,3.035,good,0.001,3.48,0,0,0,0,11.62,2,0.0,,,
2203,2.4720,-0.1167,0.1120,3.086,good,0.000,2.16,0,0,0,0,10.21,2,0.0,,,
2196,2.4760,-0.1113,0.1820,3.450,good,0.002,5.13,0,0,0,0,1.26,3,0.0,,,
2197,2.4760,-0.1116,-0.1080,2.926,good,0.000,16.89,0,0,0,0,12.31,3,0.0,,,
2198,2.4760,-0.1128,0.1352,2.938,good,0.000,1.83,0,0,0,0,12.42,3,0.0,,,
2199,2.4760,-0.1142,-0.1104,2.899,good,0.097,17.66,0,0,0,0,13.89,3,0.0,,,
2200,2.4760,-0.1092,-0.2020,3.063,good,0.000,2.66,0,0,0,0,8.29,3,0.0,,,
2204,2.4800,-0.1098,-0.2074,2.968,good,0.000,2.16,0,0,0,0,10.70,3,0.0,,,
2205,2.4800,-0.1162,0.1337,2.993,good,0.000,1.78,0,0,0,0,12.24,2,0.0,,,
2214,2.4840,-0.1181,-0.1926,3.000,good,0.000,1.45,0,0,0,0,12.71,1,0.0,,,
2206,2.4880,-0.1396,-0.0284,3.000,good,0.004,2.95,0,0,0,0,11.85,1,0.0,,,
2207,2.4880,-0.1129,-0.1971,2.637,broken,0.664,6.67,1,1,1,0,20.75,3,1.6,6,2176,
2210,2.4880,-0.1185,-0.1456,3.027,good,0.000,1.91,0,0,0,0,12.17,2,0.0,,,
2211,2.4880,-0.1318,-0.0254,3.000,good,0.014,3.01,0,0,0,0,13.27,1,0.0,,,
2212,2.4880,-0.1162,-0.1000,2.974,good,0.000,2.03,0,0,0,0,12.68,2,0.0,,,
2213,2.4880,-0.1162,-0.0907,2.977,good,0.000,2.45,0,0,0,0,12.62,2,0.0,,,
2208,2.4920,-0.1155,0.0875,2.933,good,0.001,3.02,0,0,0,0,13.46,3,0.0,,,
2209,2.4920,-0.1112,-0.0595,3.000,good,0.000,5.29,0,0,0,0,10.40,3,0.0,,,
2216,2.4920,-0.1162,-0.2312,3.168,good,0.000,1.52,0,0,0,0,8.25,2,0.0,,,
2217,2.4920,-0.1241,-0.0223,3.000,good,0.337,3.23,0,0,0,0,10.70,1,0.0,,,
2225,2.4920,-0.1164,-0.0192,3.000,good,0.079,3.04,0,0,0,0,12.14,1,0.0,,,
2215,2.4960,-0.1126,0.0490,3.010,good,0.000,4.80,0,0,0,0,10.64,3,0.0,,,
2223,2.4960,-0.1196,0.0891,2.919,good,0.000,3.81,0,0,0,0,15.21,2,0.0,,,
2224,2.4960,-0.1175,0.1521,2.974,good,0.000,2.71,0,0,0,0,13.13,2,0.0,,,
2229,2.4960,-0.1087,-0.0161,3.000,good,0.004,2.96,0,0,0,0,9.56,1,0.0,,,
2230,2.4960,-0.1028,-0.2352,3.000,good,0.000,1.91,0,0,0,0,7.59,1,0.0,,,
2218,2.5000,-0.1143,-0.0738,2.938,good,0.000,1.77,0,0,0,0,12.94,3,0.0,,,
2219,2.5000,-0.1137,-0.0858,2.998,good,0.000,2.09,0,0,0,0,11.28,3,0.0,,,
2220,2.5000,-0.1102,0.0383,2.995,broken,0.998,5.36,1,1,1,0,10.19,3,1.6,36|37,2203,2203
2221,2.5000,-0.1071,-0.0226,3.445,good,0.001,2.91,0,0,0,0,0.11,3,0.0,,,
2222,2.5000,-0.1096,-0.1992,3.012,good,0.001,3.54,0,0,0,0,9.57,3,0.0,,,
2235,2.5000,-0.1010,-0.0130,3.000,good,0.009,2.95,0,0,0,0,6.99,1,0.0,,,
2226,2.5040,-0.1151,0.2016,3.000,good,0.000,2.25,0,0,0,0,11.70,3,0.0,,,
2227,2.5040,-0.1132,0.0995,2.821,good,0.000,3.25,0,0,0,0,15.57,3,0.0,,,
2228,2.5040,-0.1104,-0.2145,2.953,good,0.000,1.91,0,0,0,0,11.24,3,0.0,,,
2234,2.5040,-0.1177,-0.1180,2.866,good,0.000,2.54,0,0,0,0,15.96,2,0.0,,,
2231,2.5080,-0.1153,0.0883,2.985,black,1.000,44.93,1,1,1,0,12.14,3,2.1,43,2190,2190
2232,2.5080,-0.1145,0.0415,2.627,good,0.051,3.59,0,0,0,0,21.64,3,0.0,,,
2233,2.5080,-0.1097,-0.1821,2.883,good,0.148,1.97,0,0,0,0,12.73,3,0.0,,,
2239,2.5080,-0.1132,0.2347,3.351,good,0.014,5.26,0,0,0,0,3.63,2,0.0,,,
2240,2.5080,-0.1082,-0.1309,3.014,good,0.001,2.48,0,0,0,0,9.08,2,0.0,,,
2236,2.5120,-0.1095,-0.1342,2.948,faded,0.962,9.50,1,1,1,0,11.07,3,2.1,14|15,2187|2212|2213,2187|2212|2213
2237,2.5120,-0.1115,-0.2172,3.245,good,0.000,2.32,0,0,0,0,5.19,3,0.0,,,
2238,2.5120,-0.1090,-0.2000,3.186,good,0.000,2.17,0,0,0,0,5.62,3,0.0,,,
2241,2.5160,-0.1146,-0.0622,2.989,good,0.001,2.62,0,0,0,0,11.81,3,0.0,,,
2242,2.5160,-0.1133,-0.0426,3.004,good,0.000,2.80,0,0,0,0,11.01,3,0.0,,,
2243,2.5160,-0.1113,0.0721,3.035,black,1.000,49.55,1,1,1,0,9.62,3,2.1,41,2210,2210
2252,2.5160,-0.1136,0.1355,3.000,good,0.000,2.78,0,0,0,0,11.20,1,0.0,,,
2244,2.5200,-0.1135,-0.1782,2.952,faded,1.000,5.37,1,1,1,0,12.35,3,2.1,9|8,2217,2217
2245,2.5200,-0.1119,-0.1196,2.800,good,0.020,3.28,0,0,0,0,15.67,3,0.0,,,
2246,2.5200,-0.1254,-0.1424,2.241,good,0.001,3.25,0,0,0,0,36.59,2,0.0,,,
2249,2.5200,-0.1182,0.2155,2.941,faded,0.999,6.30,1,1,1,0,14.20,2,2.1,59,2196,
2250,2.5200,-0.1218,0.1282,3.000,good,0.003,12.36,0,0,0,0,9.95,1,0.0,,,
2251,2.5200,-0.1171,-0.2026,2.953,good,0.072,3.90,0,0,0,0,13.52,2,0.0,,,
2256,2.5200,-0.1165,0.1316,3.000,faded,0.977,4.61,1,1,1,0,12.18,1,2.1,48|49,2232,2232
2257,2.5200,-0.1165,-0.1381,3.000,good,0.034,3.15,0,0,0,0,12.16,1,0.0,,,
2258,2.5200,-0.1056,0.1253,3.000,good,0.003,5.48,0,0,0,0,8.53,1,0.0,,,
2247,2.5240,-0.1150,0.1317,2.982,good,0.000,1.71,0,0,0,0,12.09,3,0.0,,,
2248,2.5240,-0.1125,0.1050,3.008,good,0.000,2.24,0,0,0,0,10.65,3,0.0,,,
2255,2.5240,-0.1176,0.0791,2.997,good,0.000,2.24,0,0,0,0,12.60,2,0.0,,,
2253,2.5280,-0.1123,0.2180,2.999,good,0.002,3.57,0,0,0,0,10.81,3,0.0,,,
2254,2.5280,-0.1085,-0.2193,3.015,good,0.023,6.69,0,0,0,0,9.15,3,0.0,,,
2262,2.5280,-0.1191,-0.1719,3.199,good,0.000,2.14,0,0,0,0,8.50,2,0.0,,,
2259,2.5320,-0.1154,-0.0187,2.999,good,0.001,2.22,0,0,0,0,11.81,3,0.0,,,
2260,2.5320,-0.1115,-0.1196,3.003,good,0.004,2.72,0,0,0,0,10.44,3,0.0,,,
2261,2.5320,-0.1111,-0.0621,3.005,good,0.033,4.51,0,0,0,0,10.25,3,0.0,,,
2263,2.5320,-0.1122,-0.2454,2.527,good,0.003,13.35,0,0,0,0,24.01,3,0.0,,,
2267,2.5320,-0.1136,-0.0839,3.028,good,0.063,8.55,0,0,0,0,10.53,2,0.0,,,
2268,2.5320,-0.1163,-0.1451,3.000,good,0.000,3.20,0,0,0,0,12.11,2,0.0,,,
2264,2.5360,-0.1134,0.1449,2.990,good,0.000,2.83,0,0,0,0,11.36,3,0.0,,,
2265,2.5360,-0.1079,-0.0323,3.332,good,0.178,1.86,0,0,0,0,2.39,3,0.0,,,
2266,2.5360,-0.1091,-0.1355,3.003,good,0.001,1.95,0,0,0,0,9.62,3,0.0,,,
2273,2.5360,-0.1032,-0.2419,3.000,good,0.003,13.67,0,0,0,0,7.72,1,0.0,,,
2269,2.5400,-0.1083,-0.2074,3.004,good,0.000,3.24,0,0,0,0,9.33,3,0.0,,,
2271,2.5400,-0.1183,-0.1036,3.450,good,0.002,3.77,0,0,0,0,3.27,2,0.0,,,
2272,2.5400,-0.1171,-0.1960,3.003,faded,0.670,3.68,1,1,1,0,12.29,2,2.1,6|7,2252,2252
2270,2.5440,-0.1141,0.2046,3.046,good,0.001,8.65,0,0,0,0,10.29,3,0.0,,,
2275,2.5440,-0.1185,-0.0638,3.329,good,0.037,9.65,0,0,0,0,5.62,2,0.0,,,
2279,2.5440,-0.1161,0.1648,3.000,sour,1.000,28.74,1,1,1,0,12.02,1,2.1,53|52,2236,2236
2274,2.5480,-0.1126,0.1642,2.296,good,0.338,18.66,1,1,1,0,32.59,3,6.0,53|52|54,2246,
2276,2.5520,-0.1150,0.1778,3.000,good,0.063,6.76,0,0,0,0,11.66,3,0.0,,,
2277,2.5520,-0.1119,-0.2078,2.993,good,0.003,3.17,0,0,0,0,10.80,3,0.0,,,
2278,2.5520,-0.1106,0.0695,3.000,good,0.090,3.42,0,0,0,0,10.20,3,0.0,,,
2281,2.5520,-0.1147,-0.0834,3.375,good,0.000,2.07,0,0,0,0,3.64,2,0.0,,,
2280,2.5560,-0.1093,-0.1141,3.096,good,0.000,2.50,0,0,0,0,7.61,3,0.0,,,
2283,2.5560,-0.1196,-0.0040,2.661,good,0.183,2.86,0,0,0,0,22.52,2,0.0,,,
2284,2.5560,-0.1173,0.2279,3.005,black,1.000,50.50,1,1,1,0,12.33,2,2.1,61|60,2243,2243
2282,2.5600,-0.1243,0.1069,2.545,good,0.000,1.99,0,0,0,0,24.15,2,0.0,,,
2287,2.5600,-0.1180,-0.0870,3.004,good,0.000,2.34,0,0,0,0,12.56,2,0.0,,,
2288,2.5600,-0.1169,0.0275,3.189,good,0.024,4.09,0,0,0,0,8.03,2,0.0,,,
2296,2.5600,-0.1142,0.1098,3.000,good,0.000,1.94,0,0,0,0,11.39,1,0.0,,,
2285,2.5640,-0.1121,-0.0560,2.985,good,0.459,7.55,0,0,0,0,11.04,3,0.0,,,
2286,2.5640,-0.1110,0.0802,2.983,good,0.000,2.33,0,0,0,0,10.72,3,0.0,,,
2293,2.5640,-0.1199,-0.2118,2.971,good,0.015,3.26,0,0,0,0,14.01,2,0.0,,,
2295,2.5640,-0.1176,0.1292,2.960,good,0.000,3.02,0,0,0,0,13.50,2,0.0,,,
2289,2.5680,-0.1160,0.0942,2.975,good,0.000,2.33,0,0,0,0,12.59,3,0.0,,,
2290,2.5680,-0.1084,0.1651,3.003,stick,1.000,68.30,1,1,1,0,9.38,3,1.6,53|52,2254,2254
2291,2.5680,-0.1133,0.2257,3.003,good,0.000,2.65,0,0,0,0,11.05,3,0.0,,,
2292,2.5680,-0.1118,0.1436,2.990,good,0.000,2.14,0,0,0,0,10.84,3,0.0,,,
2294,2.5680,-0.1105,0.2340,2.642,good,0.003,3.11,0,0,0,0,19.66,3,0.0,,,
2298,2.5680,-0.1155,0.1834,2.988,good,0.001,3.45,0,0,0,0,12.10,2,0.0,,,
2297,2.5720,-0.1156,0.0206,3.031,good,0.000,1.70,0,0,0,0,11.15,3,0.0,,,
2302,2.5720,-0.1198,0.2217,3.117,good,0.009,9.15,0,0,0,0,10.50,2,0.0,,,
2303,2.5720,-0.1195,-0.1672,3.022,good,0.000,2.30,0,0,0,0,12.64,2,0.0,,,
2304,2.5720,-0.1180,-0.0884,3.021,good,0.000,4.29,0,0,0,0,12.14,2,0.0,,,
2305,2.5720,-0.1151,-0.2202,3.025,broken,0.984,2.36,1,1,1,0,11.11,2,1.6,3|4,2273,
2299,2.5760,-0.1235,-0.0231,2.773,insect,1.000,5.74,1,1,1,0,16.61,2,2.1,29|28,,
2300,2.5760,-0.1096,0.0503,3.120,good,0.001,2.24,0,0,0,0,7.17,3,0.0,,,
2301,2.5760,-0.1117,0.1934,2.647,black,1.000,50.37,1,1,1,0,19.98,3,2.1,56,2247,
2308,2.5760,-0.1195,-0.1226,3.141,good,0.000,3.77,0,0,0,0,9.86,2,0.0,,,
2312,2.5760,-0.1125,-0.0260,3.000,insect,1.000,5.79,1,1,1,0,10.84,1,2.1,28,2261,
2313,2.5760,-0.1073,0.2264,3.000,good,0.013,9.13,0,0,0,0,9.10,1,0.0,,,
2306,2.5800,-0.1191,-0.0471,2.294,sour,0.896,14.46,1,1,1,0,35.47,3,2.0,25|26,2296|2314,
2307,2.5800,-0.1095,0.0964,3.177,good,0.000,3.37,0,0,0,0,5.93,3,0.0,,,
2309,2.5800,-0.1090,-0.0777,3.000,good,0.000,2.91,0,0,0,0,9.67,3,0.0,,,
2310,2.5800,-0.1173,-0.2165,3.203,faded,0.977,3.67,1,1,1,0,7.84,2,2.1,4,2278,2278
2311,2.5800,-0.1195,0.0691,2.749,good,0.000,2.15,0,0,0,0,19.87,2,0.0,,,
2318,2.5840,-0.1180,-0.0924,3.001,good,0.000,4.29,0,0,0,0,12.65,2,0.0,,,
2314,2.5880,-0.1094,0.1344,2.998,faded,0.960,3.95,1,1,1,0,9.84,3,2.1,49,2295,
2315,2.5880,-0.1093,0.2261,3.069,good,0.001,4.87,0,0,0,0,8.20,3,0.0,,,
2316,2.5880,-0.1107,-0.1395,2.750,good,0.002,2.99,0,0,0,0,16.64,3,0.0,,,
2317,2.5880,-0.1084,-0.2072,2.925,good,0.002,2.02,0,0,0,0,11.23,3,0.0,,,
2324,2.5880,-0.1135,-0.1187,3.193,good,0.002,3.89,0,0,0,0,6.86,2,0.0,,,
2330,2.5880,-0.1169,0.0092,3.000,good,0.000,2.94,0,0,0,0,12.30,1,0.0,,,
2319,2.5920,-0.1081,-0.2118,3.450,good,0.000,2.58,0,0,0,0,0.32,3,0.0,,,
2320,2.5920,-0.1130,-0.2001,3.109,good,0.000,2.51,0,0,0,0,8.51,3,0.0,,,
2321,2.5920,-0.1062,-0.1004,3.450,good,0.000,2.34,0,0,0,0,-0.23,3,0.0,,,
2322,2.5920,-0.1085,0.0877,3.132,good,0.000,4.23,0,0,0,0,6.56,3,0.0,,,
2323,2.5920,-0.1322,0.0060,3.000,good,0.000,3.00,0,0,0,0,9.39,1,0.0,,,
2327,2.5920,-0.1192,-0.0872,3.340,good,0.001,2.14,0,0,0,0,5.61,2,0.0,,,
2334,2.5920,-0.1163,0.1187,3.000,good,0.000,3.49,0,0,0,0,12.09,1,0.0,,,
2335,2.5920,-0.1016,0.0123,3.000,good,0.000,2.96,0,0,0,0,7.21,1,0.0,,,
2325,2.5960,-0.1077,0.1721,3.450,good,0.008,5.21,0,0,0,0,0.21,3,0.0,,,
2326,2.5960,-0.1115,-0.0496,2.985,good,0.000,3.43,0,0,0,0,10.87,3,0.0,,,
2328,2.5960,-0.1327,0.1148,3.000,good,0.003,11.05,0,0,0,0,9.57,1,0.0,,,
2329,2.5960,-0.1091,0.2125,2.975,good,0.125,3.92,0,0,0,0,10.30,3,0.0,,,
2332,2.5960,-0.1159,0.1016,3.257,faded,0.992,3.66,1,1,1,0,6.28,2,2.1,45|44,2315,2315
2333,2.5960,-0.1097,0.1110,2.980,good,0.000,3.58,0,0,0,0,10.38,2,0.0,,,
2331,2.6000,-0.1095,0.1216,3.045,good,0.003,4.13,0,0,0,0,8.78,3,0.0,,,
2339,2.6000,-0.1184,0.2055,2.751,good,0.000,9.81,0,0,0,0,19.38,2,0.0,,,
2336,2.6040,-0.1177,-0.2003,2.733,good,0.001,3.83,0,0,0,0,19.66,3,0.0,,,
2337,2.6040,-0.1117,0.0624,2.995,good,0.000,2.55,0,0,0,0,10.69,3,0.0,,,
2338,2.6040,-0.1106,-0.2371,2.785,good,0.000,1.83,0,0,0,0,15.63,3,0.0,,,
2340,2.6080,-0.1103,0.0836,2.998,good,0.000,2.64,0,0,0,0,10.13,3,0.0,,,
2341,2.6080,-0.1099,0.1113,2.734,good,0.003,3.37,0,0,0,0,16.78,3,0.0,,,
2342,2.6080,-0.1099,0.1392,2.577,good,0.003,2.33,0,0,0,0,21.46,3,0.0,,,
2344,2.6080,-0.1191,0.0143,3.083,good,0.000,2.84,0,0,0,0,11.06,2,0.0,,,
2343,2.6120,-0.1117,-0.0073,2.755,good,0.000,2.14,0,0,0,0,16.83,3,0.0,,,
2350,2.6120,-0.1186,0.1794,2.931,good,0.000,2.26,0,0,0,0,14.58,2,0.0,,,
2345,2.6160,-0.1147,-0.0489,2.746,faded,0.640,3.27,1,1,1,0,18.19,3,2.1,25,2310,
2346,2.6160,-0.1121,-0.1269,3.000,good,0.003,2.73,0,0,0,0,10.72,3,0.0,,,
2347,2.6160,-0.1123,-0.0139,3.001,good,0.000,1.74,0,0,0,0,10.75,3,0.0,,,
2348,2.6160,-0.1104,-0.1105,2.876,sour,1.000,21.85,1,1,1,0,13.16,3,2.1,17|18,2313,
2349,2.6160,-0.1081,0.2035,3.036,good,0.004,8.25,0,0,0,0,8.53,3,0.0,,,
2355,2.6160,-0.1194,-0.0100,3.001,good,0.000,1.52,0,0,0,0,13.12,2,0.0,,,
2356,2.6160,-0.1175,0.1749,2.972,good,0.001,2.65,0,0,0,0,13.18,2,0.0,,,
2351,2.6200,-0.1167,-0.1173,2.962,good,0.005,2.17,0,0,0,0,13.14,3,0.0,,,
2352,2.6200,-0.1167,0.0424,2.927,broken,0.998,3.23,1,1,1,0,14.02,3,1.6,37,2332,2332
2353,2.6200,-0.1105,-0.0260,2.859,good,0.000,2.52,0,0,0,0,13.63,3,0.0,,,
2354,2.6200,-0.1085,-0.1408,2.980,good,0.001,2.38,0,0,0,0,9.97,3,0.0,,,
2358,2.6200,-0.1195,0.2165,2.908,good,0.003,2.06,0,0,0,0,15.47,2,0.0,,,
2359,2.6200,-0.1180,0.0617,3.001,good,0.000,8.14,0,0,0,0,12.66,2,0.0,,,
2357,2.6240,-0.1100,0.0959,3.164,good,0.007,8.56,0,0,0,0,6.36,3,0.0,,,
2362,2.6240,-0.1185,-0.0491,3.172,good,0.000,2.73,0,0,0,0,8.87,2,0.0,,,
2365,2.6240,-0.1198,0.2050,3.000,stick,1.000,122.18,1,1,1,0,13.26,1,1.6,58,2329,
2360,2.6280,-0.1085,-0.2070,3.016,good,0.000,4.21,0,0,0,0,9.14,3,0.0,,,
2361,2.6280,-0.1080,0.0180,3.011,sour,1.000,17.50,1,1,1,0,9.08,3,2.1,34,2324,2324
2363,2.6320,-0.1150,0.2014,2.987,good,0.001,2.33,0,0,0,0,11.98,3,0.0,,,
2364,2.6320,-0.1079,0.2333,3.450,good,0.001,8.16,0,0,0,0,0.27,3,0.0,,,
2366,2.6360,-0.1184,-0.1138,2.768,good,0.096,5.54,0,0,0,0,18.92,3,0.0,,,
2367,2.6360,-0.1114,0.1587,2.993,good,0.003,2.66,0,0,0,0,10.65,3,0.0,,,
2370,2.6360,-0.1155,-0.2010,3.017,good,0.014,2.63,0,0,0,0,11.43,2,0.0,,,
2368,2.6400,-0.1143,0.0808,3.027,good,0.000,2.07,0,0,0,0,10.80,3,0.0,,,
2369,2.6400,-0.1082,0.2356,3.008,good,0.057,5.10,0,0,0,0,9.22,3,0.0,,,
2371,2.6440,-0.1157,0.0113,2.993,good,0.000,7.10,0,0,0,0,12.07,3,0.0,,,
2372,2.6440,-0.1158,0.2157,3.003,good,0.000,2.69,0,0,0,0,11.87,3,0.0,,,
2374,2.6440,-0.1189,-0.1761,2.971,good,0.007,2.66,0,0,0,0,13.68,2,0.0,,,
2373,2.6480,-0.1079,0.0995,3.450,good,0.000,1.74,0,0,0,0,0.26,3,0.0,,,
2380,2.6480,-0.1180,0.1536,3.000,good,0.006,2.02,0,0,0,0,12.68,2,0.0,,,
2381,2.6480,-0.1172,0.1907,3.015,good,0.000,2.29,0,0,0,0,12.05,2,0.0,,,
2382,2.6480,-0.1158,0.2113,3.013,good,0.000,2.52,0,0,0,0,11.61,2,0.0,,,
2376,2.6520,-0.1115,0.2011,3.000,good,0.007,3.83,0,0,0,0,10.49,3,0.0,,,
2377,2.6520,-0.1147,-0.1588,2.588,good,0.012,2.51,0,0,0,0,22.96,3,0.0,,,
2378,2.6520,-0.1094,0.2174,3.156,good,0.000,2.05,0,0,0,0,6.34,3,0.0,,,
2379,2.6520,-0.1248,0.1169,2.400,good,0.012,6.81,0,0,0,0,29.69,2,0.0,,,
2384,2.6520,-0.1165,-0.1862,3.010,good,0.000,1.99,0,0,0,0,11.93,2,0.0,,,
2385,2.6520,-0.1152,0.1135,3.000,good,0.072,6.30,0,0,0,0,11.74,1,0.0,,,
2383,2.6560,-0.1161,-0.0517,2.784,good,0.006,1.88,0,0,0,0,17.62,3,0.0,,,
2375,2.6600,-0.1139,-0.0271,1.800,husk,0.998,9.17,1,1,1,0,58.83,5,1.6,28,2293,
2390,2.6600,-0.1187,0.0490,3.051,good,0.010,8.94,0,0,0,0,11.68,2,0.0,,,
2391,2.6600,-0.1189,0.1719,2.963,good,0.000,2.51,0,0,0,0,13.87,2,0.0,,,
2386,2.6640,-0.1246,0.1436,2.962,good,0.000,2.97,0,0,0,0,11.80,2,0.0,,,
2387,2.6640,-0.1272,-0.0674,2.352,good,0.005,5.54,0,0,0,0,32.61,2,0.0,,,
2388,2.6640,-0.1112,-0.0463,2.995,good,0.000,3.16,0,0,0,0,10.52,3,0.0,,,
2389,2.6640,-0.1091,-0.1939,3.002,good,0.000,1.98,0,0,0,0,9.64,3,0.0,,,
2395,2.6640,-0.1161,-0.1059,3.005,good,0.000,4.84,0,0,0,0,11.91,2,0.0,,,
2397,2.6640,-0.1179,-0.0706,3.000,good,0.004,5.56,0,0,0,0,12.62,1,0.0,,,
2398,2.6640,-0.1127,0.1397,3.000,good,0.000,2.89,0,0,0,0,10.90,1,0.0,,,
2392,2.6680,-0.1133,0.1422,2.999,good,0.000,3.59,0,0,0,0,11.10,3,0.0,,,
2393,2.6680,-0.1117,-0.0112,2.904,good,0.003,6.93,0,0,0,0,12.91,3,0.0,,,
2394,2.6680,-0.1357,-0.2453,3.000,shell,1.000,33.62,1,1,1,0,10.58,1,1.6,0,,
2400,2.6720,-0.1184,0.1962,3.269,good,0.011,2.44,0,0,0,0,6.79,2,0.0,,,
2401,2.6720,-0.1167,-0.1647,3.019,good,0.000,1.62,0,0,0,0,11.77,2,0.0,,,
2402,2.6720,-0.1163,-0.0102,3.062,good,0.001,3.44,0,0,0,0,10.66,2,0.0,,,
2403,2.6720,-0.1157,-0.2334,3.000,good,0.000,2.53,0,0,0,0,11.91,2,0.0,,,
2409,2.6720,-0.0991,-0.0743,3.000,good,0.002,5.29,0,0,0,0,6.37,1,0.0,,,
2396,2.6760,-0.1226,-0.1077,2.216,sour,1.000,20.16,1,1,1,0,36.49,3,2.1,18,,
2399,2.6760,-0.1103,0.0133,2.999,good,0.000,2.75,0,0,0,0,10.10,3,0.0,,,
2405,2.6760,-0.1190,-0.1444,3.016,good,0.341,3.60,0,0,0,0,12.62,2,0.0,,,
2406,2.6760,-0.1175,-0.1974,2.812,good,0.000,2.23,0,0,0,0,17.36,2,0.0,,,
2407,2.6760,-0.1171,0.1566,2.997,good,0.000,2.87,0,0,0,0,12.42,2,0.0,,,
2408,2.6760,-0.1159,0.0664,3.003,good,0.069,2.86,0,0,0,0,11.90,2,0.0,,,
2412,2.6760,-0.1138,-0.1109,3.000,sour,1.000,20.94,1,1,1,0,11.26,1,2.1,17|18,2330,
2404,2.6800,-0.1127,0.0538,2.990,good,0.003,3.16,0,0,0,0,11.13,3,0.0,,,
2411,2.6800,-0.1158,-0.0673,2.800,black,0.990,21.10,1,1,1,0,17.07,2,2.1,23,2386|2400,2386
2410,2.6840,-0.1142,0.0531,3.017,good,0.000,3.07,0,0,0,0,10.98,3,0.0,,,
2414,2.6840,-0.1195,-0.0482,3.306,good,0.001,2.33,0,0,0,0,6.38,2,0.0,,,
2413,2.6880,-0.1141,0.1817,3.002,good,0.000,2.68,0,0,0,0,11.30,3,0.0,,,
2415,2.6920,-0.1092,-0.0245,3.002,sour,1.000,12.49,1,1,1,0,9.68,3,2.1,28|29,2404,2404
2416,2.6920,-0.1156,-0.0089,2.154,good,0.000,2.00,0,0,0,0,40.08,3,0.0,,,
2418,2.6920,-0.1188,0.1026,2.985,good,0.088,2.95,0,0,0,0,13.30,2,0.0,,,
2417,2.6960,-0.1296,-0.1929,2.515,faded,1.000,5.01,1,1,1,0,27.33,2,2.1,7,,
2420,2.6960,-0.1189,0.0184,3.001,good,0.000,4.21,0,0,0,0,12.93,2,0.0,,,
2421,2.6960,-0.1178,0.1925,2.986,good,0.002,2.88,0,0,0,0,12.94,2,0.0,,,
2422,2.6960,-0.1060,-0.0507,3.450,good,0.470,2.96,0,0,0,0,-0.30,2,0.0,,,
2427,2.6960,-0.1196,-0.1893,3.000,faded,1.000,5.19,1,1,1,0,13.19,1,2.1,7,2384,
2419,2.7000,-0.1106,-0.1562,3.062,good,0.000,1.50,0,0,0,0,8.80,3,0.0,,,
2423,2.7040,-0.1147,-0.1412,2.994,good,0.000,2.58,0,0,0,0,11.71,3,0.0,,,
2424,2.7040,-0.1109,-0.1633,2.986,good,0.005,1.86,0,0,0,0,10.63,3,0.0,,,
2425,2.7040,-0.1082,0.0278,3.009,good,0.107,2.83,0,0,0,0,9.18,3,0.0,,,
2426,2.7040,-0.1116,-0.0904,2.749,good,0.000,3.07,0,0,0,0,16.96,3,0.0,,,
2429,2.7040,-0.1198,0.1953,3.144,good,0.000,2.58,0,0,0,0,9.90,2,0.0,,,
2430,2.7040,-0.1176,0.2209,2.994,good,0.001,5.70,0,0,0,0,12.70,2,0.0,,,
2431,2.7040,-0.1171,0.0269,2.990,good,0.000,3.84,0,0,0,0,12.59,2,0.0,,,
2428,2.7080,-0.1122,0.1510,3.002,good,0.000,2.48,0,0,0,0,10.71,3,0.0,,,
2432,2.7120,-0.1139,-0.1852,3.010,good,0.003,5.36,0,0,0,0,11.04,3,0.0,,,
2433,2.7120,-0.1120,-0.1075,2.972,good,0.000,2.87,0,0,0,0,11.34,3,0.0,,,
2434,2.7120,-0.1119,-0.0295,2.887,good,0.001,2.86,0,0,0,0,13.39,3,0.0,,,
2435,2.7120,-0.1092,0.0521,2.975,good,0.000,2.51,0,0,0,0,10.31,3,0.0,,,
2438,2.7120,-0.1169,0.1440,2.886,good,0.000,2.35,0,0,0,0,15.14,2,0.0,,,
2436,2.7160,-0.1160,-0.0008,3.010,good,0.000,2.41,0,0,0,0,11.76,3,0.0,,,
2437,2.7160,-0.1126,0.2137,3.000,good,0.001,3.25,0,0,0,0,10.87,3,0.0,,,
2442,2.7160,-0.1166,-0.1629,3.158,good,0.001,2.49,0,0,0,0,8.60,2,0.0,,,
2443,2.7160,-0.1165,0.0317,2.961,good,0.001,2.94,0,0,0,0,13.11,2,0.0,,,
2447,2.7160,-0.1052,0.1481,3.000,good,0.000,2.12,0,0,0,0,8.40,1,0.0,,,
2439,2.7200,-0.1141,-0.1094,3.000,good,0.000,1.85,0,0,0,0,11.38,3,0.0,,,
2440,2.7200,-0.1130,-0.0422,2.955,good,0.000,3.48,0,0,0,0,12.06,3,0.0,,,
2441,2.7200,-0.1170,-0.2289,2.117,good,0.002,10.38,0,0,0,0,42.54,3,0.0,,,
2446,2.7200,-0.1196,0.0146,3.095,insect,1.000,3.94,1,1,1,0,10.95,2,2.1,33|34,2417,
2444,2.7240,-0.1243,0.1705,2.878,good,0.000,2.99,0,0,0,0,13.92,2,0.0,,,
2445,2.7240,-0.1093,-0.0744,3.025,good,0.000,3.13,0,0,0,0,9.18,3,0.0,,,
2449,2.7240,-0.1199,-0.0935,3.008,good,0.000,1.93,0,0,0,0,13.09,2,0.0,,,
2451,2.7240,-0.1190,0.2235,2.963,good,0.002,2.83,0,0,0,0,13.91,2,0.0,,,
2459,2.7240,-0.1128,0.1736,3.000,good,0.000,1.81,0,0,0,0,10.92,1,0.0,,,
2448,2.7280,-0.1403,-0.0890,3.000,good,0.017,3.90,0,0,0,0,12.10,1,0.0,,,
2450,2.7280,-0.1123,0.0577,2.424,good,0.002,2.93,0,0,0,0,27.57,3,0.0,,,
2458,2.7280,-0.1286,-0.0851,3.000,good,0.002,3.89,0,0,0,0,12.21,1,0.0,,,
2461,2.7280,-0.1169,-0.0813,3.000,good,0.033,3.79,0,0,0,0,12.31,1,0.0,,,
2452,2.7320,-0.1160,-0.0726,2.818,good,0.000,4.93,0,0,0,0,16.66,3,0.0,,,
2453,2.7320,-0.1155,0.1301,3.001,black,1.000,47.44,1,1,1,0,11.82,3,2.1,48,2437,
2454,2.7320,-0.1122,0.1694,3.011,good,0.001,2.27,0,0,0,0,10.47,3,0.0,,,
2455,2.7320,-0.1121,0.1404,2.971,good,0.001,3.05,0,0,0,0,11.39,3,0.0,,,
2456,2.7320,-0.1069,0.0576,3.427,broken,0.590,9.24,1,1,1,0,0.37,3,1.6,39,2422|2428,
2457,2.7320,-0.1106,-0.1727,2.982,good,0.005,3.06,0,0,0,0,10.62,3,0.0,,,
2466,2.7320,-0.1076,-0.0771,3.000,good,0.002,6.47,0,0,0,0,9.21,1,0.0,,,
2460,2.7360,-0.1127,-0.1670,2.988,good,0.000,3.20,0,0,0,0,11.19,3,0.0,,,
2465,2.7360,-0.1163,0.0979,2.980,good,0.000,2.24,0,0,0,0,12.59,2,0.0,,,
2462,2.7400,-0.1148,0.0140,3.006,good,0.000,1.66,0,0,0,0,11.44,3,0.0,,,
2463,2.7400,-0.1104,-0.0653,2.984,black,0.710,19.44,1,1,1,0,10.50,3,2.1,23,2408|2443,2408|2443
2464,2.7400,-0.1109,0.0340,2.792,good,0.001,2.84,0,0,0,0,15.55,3,0.0,,,
2470,2.7400,-0.1172,-0.2368,2.998,good,0.002,3.15,0,0,0,0,12.45,2,0.0,,,
2471,2.7400,-0.1167,0.1781,2.990,broken,0.819,3.64,1,1,1,0,12.47,2,1.6,54,2440,
2467,2.7440,-0.1110,0.2206,3.069,good,0.232,8.97,0,0,0,0,8.76,3,0.0,,,
2468,2.7440,-0.1122,-0.2101,3.030,good,0.000,2.83,0,0,0,0,10.04,3,0.0,,,
2469,2.7440,-0.1117,-0.1460,3.007,good,0.000,2.65,0,0,0,0,10.39,3,0.0,,,
2475,2.7440,-0.1174,-0.1036,3.021,good,0.000,2.46,0,0,0,0,11.95,2,0.0,,,
2472,2.7480,-0.1150,0.0026,2.995,broken,0.999,2.78,1,1,1,0,11.78,3,1.6,32,2462,2462
2473,2.7480,-0.1141,0.2269,3.000,good,0.000,2.54,0,0,0,0,11.36,3,0.0,,,
2474,2.7480,-0.1124,-0.0214,2.998,good,0.004,2.16,0,0,0,0,10.83,3,0.0,,,
2476,2.7520,-0.1142,-0.1336,2.944,good,0.014,3.13,0,0,0,0,12.77,3,0.0,,,
2478,2.7520,-0.1191,0.1639,2.997,good,0.001,3.51,0,0,0,0,13.09,2,0.0,,,
2479,2.7520,-0.1186,-0.2126,2.999,good,0.000,2.34,0,0,0,0,12.90,2,0.0,,,
2477,2.7560,-0.1229,-0.0850,3.186,faded,0.774,3.37,1,1,1,0,5.95,2,2.1,21|20,2450,
2482,2.7560,-0.1176,0.2275,2.924,good,0.020,3.02,0,0,0,0,14.43,2,0.0,,,
2488,2.7560,-0.1101,-0.0881,3.000,faded,0.525,3.41,1,1,1,0,10.04,1,2.1,20,2458,
2480,2.7600,-0.1134,-0.2015,3.171,good,0.001,5.49,0,0,0,0,7.29,3,0.0,,,
2481,2.7600,-0.1094,-0.0823,2.954,good,0.015,1.70,0,0,0,0,10.87,3,0.0,,,
2486,2.7600,-0.1196,0.0711,2.978,good,0.000,2.39,0,0,0,0,13.72,2,0.0,,,
2487,2.7600,-0.1195,-0.2282,2.731,good,0.001,2.37,0,0,0,0,20.37,2,0.0,,,
2483,2.7640,-0.1146,0.0364,2.994,faded,1.000,4.71,1,1,1,0,11.69,3,2.1,36,2457,2457
2484,2.7640,-0.1115,-0.2216,3.249,good,0.016,2.68,0,0,0,0,5.09,3,0.0,,,
2485,2.7640,-0.1095,-0.1023,3.025,good,0.006,6.87,0,0,0,0,9.27,3,0.0,,,
2492,2.7640,-0.1192,-0.2158,3.000,good,0.240,3.34,0,0,0,0,13.06,2,0.0,,,
2493,2.7640,-0.1178,-0.0358,2.919,good,0.359,2.87,0,0,0,0,14.62,2,0.0,,,
2489,2.7680,-0.1143,0.2105,3.095,good,0.044,1.87,0,0,0,0,9.25,3,0.0,,,
2490,2.7680,-0.1111,-0.0450,2.948,good,0.000,2.15,0,0,0,0,11.60,3,0.0,,,
2491,2.7680,-0.1082,-0.1493,3.000,good,0.008,2.01,0,0,0,0,9.42,3,0.0,,,
2494,2.7720,-0.1153,0.1574,2.973,good,0.000,4.01,0,0,0,0,12.41,3,0.0,,,
2495,2.7760,-0.1120,0.1467,3.025,good,0.000,2.68,0,0,0,0,10.07,3,0.0,,,
2496,2.7760,-0.1226,-0.1589,3.065,good,0.000,2.43,0,0,0,0,8.63,2,0.0,,,
2499,2.7760,-0.1197,0.0710,3.004,good,0.000,3.01,0,0,0,0,13.13,2,0.0,,,
2505,2.7760,-0.1103,-0.1557,3.000,good,0.000,2.37,0,0,0,0,10.11,1,0.0,,,
2497,2.7800,-0.1152,0.0473,2.948,good,0.000,2.59,0,0,0,0,12.99,3,0.0,,,
2498,2.7800,-0.1083,-0.0233,3.003,sour,1.000,17.71,1,1,1,0,9.36,3,2.1,29|28,2482,2482
2503,2.7800,-0.1187,0.1874,2.991,good,0.004,3.26,0,0,0,0,13.14,2,0.0,,,
2504,2.7800,-0.1166,-0.1990,3.232,good,0.000,2.70,0,0,0,0,7.00,2,0.0,,,
2500,2.7840,-0.1141,-0.1033,3.001,good,0.001,2.79,0,0,0,0,11.35,3,0.0,,,
2501,2.7840,-0.1119,0.2170,3.017,good,0.000,2.29,0,0,0,0,10.23,3,0.0,,,
2502,2.7840,-0.1119,-0.0950,2.454,good,0.000,2.20,0,0,0,0,26.34,3,0.0,,,
2507,2.7840,-0.1199,0.0975,2.998,good,0.000,3.81,0,0,0,0,13.34,2,0.0,,,
2508,2.7840,-0.1177,0.0033,2.998,good,0.000,2.04,0,0,0,0,12.60,2,0.0,,,
2509,2.7840,-0.1174,-0.1903,3.043,good,0.022,3.68,0,0,0,0,11.43,2,0.0,,,
2506,2.7880,-0.1213,-0.1209,2.991,good,0.001,1.51,0,0,0,0,10.00,2,0.0,,,
2511,2.7880,-0.1173,0.1429,3.014,good,0.000,4.44,0,0,0,0,12.11,2,0.0,,,
2512,2.7880,-0.1161,-0.1553,3.193,broken,0.986,11.13,1,1,1,0,7.67,2,1.6,12|11,2468,2468
2513,2.7880,-0.1165,0.0796,2.999,black,1.000,47.44,1,1,1,0,12.19,2,2.1,42|41,2476,2476
2514,2.7880,-0.1146,-0.0925,3.233,black,1.000,54.51,1,1,1,0,6.38,2,2.1,20|19,2490,
2521,2.7880,-0.1094,-0.1168,3.000,good,0.000,1.32,0,0,0,0,9.80,1,0.0,,,
2510,2.7920,-0.1148,0.1755,2.798,good,0.000,1.97,0,0,0,0,16.76,3,0.0,,,
2519,2.7920,-0.1191,-0.1463,2.983,good,0.000,1.96,0,0,0,0,13.46,2,0.0,,,
2520,2.7920,-0.1190,0.0372,2.975,good,0.000,7.65,0,0,0,0,13.62,2,0.0,,,
2515,2.7960,-0.1137,-0.0435,3.020,good,0.000,2.16,0,0,0,0,10.74,3,0.0,,,
2516,2.7960,-0.1132,0.2148,2.976,good,0.000,2.08,0,0,0,0,11.64,3,0.0,,,
2517,2.7960,-0.1095,-0.0545,3.021,good,0.009,3.52,0,0,0,0,9.36,3,0.0,,,
2518,2.7960,-0.1112,0.1163,2.993,good,0.000,2.08,0,0,0,0,10.56,3,0.0,,,
2522,2.8000,-0.1172,-0.1961,2.524,good,0.005,7.52,0,0,0,0,26.06,3,0.0,,,
2523,2.8000,-0.1145,-0.0038,3.051,good,0.000,2.76,0,0,0,0,10.29,3,0.0,,,
2524,2.8000,-0.1111,0.0094,2.943,good,0.000,1.19,0,0,0,0,11.71,3,0.0,,,
2525,2.8000,-0.1099,-0.0529,3.009,good,0.000,2.08,0,0,0,0,9.78,3,0.0,,,
2526,2.8040,-0.1117,-0.0239,3.004,good,0.002,3.34,0,0,0,0,10.50,3,0.0,,,
2527,2.8040,-0.1110,0.0153,2.998,good,0.058,3.15,0,0,0,0,10.38,3,0.0,,,
2528,2.8080,-0.1140,-0.0058,2.990,good,0.000,2.15,0,0,0,0,11.59,3,0.0,,,
2529,2.8080,-0.1098,-0.1202,3.060,good,0.002,7.65,0,0,0,0,8.55,3,0.0,,,
2530,2.8080,-0.1107,0.1575,3.004,faded,0.994,3.63,1,1,1,0,10.14,3,2.1,52|51,2487,2487
2531,2.8080,-0.1104,-0.0697,2.851,good,0.000,1.78,0,0,0,0,13.80,3,0.0,,,
2532,2.8080,-0.1220,0.1678,2.968,good,0.111,2.97,0,0,0,0,10.82,2,0.0,,,
2535,2.8080,-0.1188,0.0974,3.000,good,0.000,4.43,0,0,0,0,12.95,2,0.0,,,
2538,2.8080,-0.1102,0.1718,3.000,good,0.022,2.97,0,0,0,0,10.06,1,0.0,,,
2533,2.8120,-0.1163,0.0517,3.000,sour,1.000,13.15,1,1,1,0,12.09,3,2.1,38,2513,
2534,2.8120,-0.1145,0.0958,2.918,good,0.000,3.51,0,0,0,0,13.50,3,0.0,,,
2537,2.8120,-0.1190,-0.1207,3.450,good,0.002,2.92,0,0,0,0,3.48,2,0.0,,,
2536,2.8160,-0.1159,-0.1146,2.995,good,0.003,18.88,1,1,1,0,12.08,3,6.0,17|16|18,2511,
2539,2.8200,-0.1132,-0.1957,2.954,broken,0.941,2.63,1,1,1,0,12.19,3,1.6,6|7,2532,2532
2540,2.8200,-0.1125,0.0423,3.029,good,0.000,2.19,0,0,0,0,10.16,3,0.0,,,
2541,2.8200,-0.1160,0.1064,2.563,good,0.001,3.73,0,0,0,0,24.28,3,0.0,,,
2545,2.8200,-0.1197,0.1178,3.267,good,0.001,2.51,0,0,0,0,7.25,2,0.0,,,
2546,2.8200,-0.1187,0.0038,2.931,good,0.001,5.68,0,0,0,0,14.62,2,0.0,,,
2542,2.8240,-0.1127,0.1920,3.258,good,0.000,2.87,0,0,0,0,5.26,3,0.0,,,
2543,2.8240,-0.1145,-0.1673,2.997,good,0.000,3.06,0,0,0,0,11.56,3,0.0,,,
2544,2.8240,-0.1108,-0.1301,3.110,faded,1.000,6.06,1,1,1,0,7.76,3,2.1,15,2535,2535
2547,2.8240,-0.1089,0.0872,2.966,good,0.004,2.63,0,0,0,0,10.42,3,0.0,,,
2550,2.8240,-0.1196,0.0921,3.000,good,0.000,2.47,0,0,0,0,13.19,2,0.0,,,
2551,2.8240,-0.1088,0.0189,3.450,good,0.001,3.02,0,0,0,0,0.52,2,0.0,,,
2557,2.8240,-0.1063,0.1109,3.000,good,0.001,7.26,0,0,0,0,8.76,1,0.0,,,
2548,2.8280,-0.1102,-0.0537,3.343,black,1.000,46.23,1,1,1,0,2.87,3,2.1,25|24,2558,
2549,2.8280,-0.1233,-0.1360,2.800,good,0.000,3.49,0,0,0,0,15.76,2,0.0,,,
2553,2.8280,-0.1186,-0.1851,3.003,good,0.001,2.94,0,0,0,0,12.82,2,0.0,,,
2554,2.8280,-0.1193,0.1639,2.774,good,0.000,2.05,0,0,0,0,19.07,2,0.0,,,
2555,2.8280,-0.1172,0.1557,3.001,good,0.000,2.34,0,0,0,0,12.39,2,0.0,,,
2556,2.8280,-0.1290,-0.0745,3.000,husk,1.000,57.84,1,1,1,0,12.33,1,1.6,22,,
2560,2.8280,-0.1121,-0.1392,3.000,good,0.001,3.12,0,0,0,0,10.69,1,0.0,,,
2561,2.8280,-0.1134,-0.0800,3.000,husk,1.000,66.05,1,1,1,0,11.12,1,1.6,21,2581,
2552,2.8320,-0.1118,-0.1573,3.104,good,0.000,2.44,0,0,0,0,8.24,3,0.0,,,
2559,2.8320,-0.1190,0.1298,2.992,good,0.000,3.43,0,0,0,0,13.21,2,0.0,,,
2558,2.8360,-0.1285,-0.1680,2.745,stone,1.000,13.80,1,1,1,0,19.26,2,6.1,10|9|11,,
2564,2.8360,-0.1138,-0.1082,3.039,faded,0.843,11.56,1,1,1,0,10.35,2,2.1,18|17,2539|2551,2551
2569,2.8360,-0.1175,-0.1640,3.000,stone,1.000,14.03,1,1,1,0,12.52,1,6.1,11|10|12,2451,
2562,2.8400,-0.1132,0.1378,2.995,black,1.000,52.28,1,1,1,0,11.18,3,2.1,49,2540,2540
2563,2.8400,-0.1109,-0.0744,2.675,faded,1.000,6.08,1,1,1,0,18.82,3,2.1,22,2529,
2565,2.8440,-0.1158,-0.0696,3.057,good,0.003,1.82,0,0,0,0,10.60,3,0.0,,,
2566,2.8440,-0.1148,-0.0124,3.009,good,0.000,2.95,0,0,0,0,11.40,3,0.0,,,
2567,2.8440,-0.1110,0.2159,2.966,good,0.000,5.41,0,0,0,0,11.14,3,0.0,,,
2568,2.8440,-0.1099,0.1887,2.746,good,0.022,3.93,0,0,0,0,16.45,3,0.0,,,
2572,2.8440,-0.1199,-0.0267,3.216,faded,0.746,6.96,1,1,1,0,8.38,2,2.1,28,2552|2563,
2573,2.8440,-0.1179,0.1381,2.821,good,0.014,6.64,0,0,0,0,17.22,2,0.0,,,
2574,2.8440,-0.1172,0.1155,2.975,good,0.031,2.77,0,0,0,0,13.02,2,0.0,,,
2570,2.8480,-0.1163,0.0648,3.000,good,0.000,2.22,0,0,0,0,12.09,3,0.0,,,
2571,2.8480,-0.1109,-0.1097,2.959,faded,0.999,3.88,1,1,1,0,11.28,3,2.1,17|18,2521,2521
2578,2.8480,-0.1177,0.1138,3.407,good,0.000,2.58,0,0,0,0,3.91,2,0.0,,,
2579,2.8480,-0.1163,-0.0442,2.996,good,0.052,3.95,0,0,0,0,12.20,2,0.0,,,
2585,2.8480,-0.1098,-0.0238,3.000,good,0.000,1.65,0,0,0,0,9.94,1,0.0,,,
2586,2.8480,-0.1043,-0.0315,3.000,faded,1.000,4.60,1,1,1,0,8.11,1,2.1,27|28,2552,
2587,2.8480,-0.1028,-0.0090,3.000,good,0.000,3.13,0,0,0,0,7.59,1,0.0,,,
2575,2.8520,-0.1158,0.0811,2.831,good,0.000,2.94,0,0,0,0,16.24,3,0.0,,,
2576,2.8520,-0.1112,0.2047,2.992,sour,1.000,42.69,1,1,1,0,10.58,3,2.1,58,2553,2553
2577,2.8520,-0.1092,-0.0531,2.992,good,0.000,2.78,0,0,0,0,9.92,3,0.0,,,
2582,2.8520,-0.1174,-0.0371,3.450,good,0.001,3.58,0,0,0,0,3.01,2,0.0,,,
2583,2.8520,-0.1155,-0.1795,2.989,good,0.002,2.17,0,0,0,0,12.10,2,0.0,,,
2584,2.8520,-0.1159,0.0374,3.129,good,0.001,3.08,0,0,0,0,8.98,2,0.0,,,
2580,2.8560,-0.1162,-0.0468,2.902,good,0.000,2.12,0,0,0,0,14.50,3,0.0,,,
2581,2.8560,-0.1104,-0.0694,2.989,good,0.000,5.37,0,0,0,0,10.38,3,0.0,,,
2588,2.8600,-0.1156,0.0650,3.015,good,0.001,3.05,0,0,0,0,11.50,3,0.0,,,
2589,2.8600,-0.1167,0.0034,2.626,good,0.000,2.36,0,0,0,0,22.54,3,0.0,,,
2590,2.8600,-0.1135,0.1841,3.051,good,0.000,3.21,0,0,0,0,9.97,3,0.0,,,
2591,2.8600,-0.1108,-0.2410,3.292,good,0.002,2.14,0,0,0,0,4.05,3,0.0,,,
2592,2.8600,-0.1087,0.1209,3.000,good,0.000,2.73,0,0,0,0,9.59,3,0.0,,,
2595,2.8600,-0.1170,-0.1877,2.990,insect,1.000,4.44,1,1,1,0,12.58,2,2.1,7|8,2575,2575
2596,2.8600,-0.1171,-0.1270,2.996,good,0.000,2.32,0,0,0,0,12.45,2,0.0,,,
2593,2.8640,-0.1125,-0.0947,3.197,good,0.002,4.42,0,0,0,0,6.49,3,0.0,,,
2594,2.8640,-0.1140,-0.1147,3.000,good,0.000,2.78,0,0,0,0,11.33,3,0.0,,,
2597,2.8640,-0.1159,-0.0681,3.011,good,0.000,4.28,0,0,0,0,11.70,2,0.0,,,
2599,2.8680,-0.1186,-0.0823,3.450,good,0.018,3.42,0,0,0,0,3.37,2,0.0,,,
2600,2.8680,-0.1198,-0.0109,2.558,good,0.042,3.05,0,0,0,0,25.93,2,0.0,,,
2601,2.8680,-0.1189,0.0016,2.934,good,0.003,2.62,0,0,0,0,14.61,2,0.0,,,
2598,2.8720,-0.1113,-0.0232,3.008,insect,1.000,8.58,1,1,1,0,10.26,3,2.1,29|28,2574,
2604,2.8720,-0.1153,0.1575,3.255,good,0.001,1.76,0,0,0,0,6.16,2,0.0,,,
2602,2.8760,-0.1126,-0.0750,3.317,good,0.008,2.91,0,0,0,0,4.09,3,0.0,,,
2603,2.8760,-0.1088,-0.2346,3.000,good,0.000,2.33,0,0,0,0,9.59,3,0.0,,,
2607,2.8760,-0.1302,0.0821,3.000,good,0.000,2.41,0,0,0,0,12.75,1,0.0,,,
2608,2.8760,-0.1126,-0.1602,3.450,good,0.001,4.73,0,0,0,0,1.63,2,0.0,,,
2612,2.8760,-0.1185,0.0853,3.000,good,0.000,2.40,0,0,0,0,12.84,1,0.0,,,
2605,2.8800,-0.1156,-0.1813,2.997,good,0.004,2.82,0,0,0,0,11.95,3,0.0,,,
2606,2.8800,-0.1141,0.2074,3.001,good,0.001,4.54,0,0,0,0,11.34,3,0.0,,,
2611,2.8800,-0.1171,-0.0350,3.030,good,0.000,2.89,0,0,0,0,11.64,2,0.0,,,
2615,2.8800,-0.1068,0.0886,3.000,good,0.000,2.48,0,0,0,0,8.92,1,0.0,,,
2609,2.8840,-0.1131,-0.2170,3.067,good,0.000,1.84,0,0,0,0,9.48,3,0.0,,,
2610,2.8840,-0.1121,0.1112,2.552,good,0.046,7.40,0,0,0,0,23.10,3,0.0,,,
2613,2.8880,-0.1161,-0.1362,3.000,good,0.000,1.95,0,0,0,0,12.04,3,0.0,,,
2614,2.8880,-0.1117,-0.1751,2.906,good,0.013,5.33,0,0,0,0,12.82,3,0.0,,,
2617,2.8880,-0.1131,0.2013,3.067,good,0.002,8.13,0,0,0,0,9.48,2,0.0,,,
2618,2.8880,-0.1163,-0.0051,3.067,good,0.014,2.93,0,0,0,0,10.54,2,0.0,,,
2616,2.8920,-0.1117,0.0264,2.959,good,0.000,2.14,0,0,0,0,11.55,3,0.0,,,
2621,2.8920,-0.1174,-0.1679,2.999,good,0.000,1.92,0,0,0,0,12.48,2,0.0,,,
2625,2.8920,-0.1160,0.0908,3.000,stick,1.000,121.97,1,1,1,0,12.00,1,1.6,43,2598,2598
2619,2.8960,-0.1173,0.0060,2.776,good,0.005,3.56,0,0,0,0,18.30,3,0.0,,,
2620,2.8960,-0.1100,0.1096,3.340,shell,0.988,9.71,1,1,1,0,2.89,3,1.6,46|45,2606,
2622,2.9000,-0.1151,-0.0090,3.003,good,0.000,1.99,0,0,0,0,11.65,3,0.0,,,
2623,2.9000,-0.1117,-0.1061,2.995,good,0.000,2.86,0,0,0,0,10.69,3,0.0,,,
2624,2.9000,-0.1096,0.1575,3.037,good,0.001,3.17,0,0,0,0,9.01,3,0.0,,,
2626,2.9040,-0.1090,0.0029,3.014,good,0.001,2.78,0,0,0,0,9.35,3,0.0,,,
2627,2.9040,-0.1100,0.2318,2.694,good,0.004,3.10,0,0,0,0,17.93,3,0.0,,,
2628,2.9080,-0.1389,-0.1461,3.000,good,0.002,3.00,0,0,0,0,11.62,1,0.0,,,
2629,2.9080,-0.1124,-0.0759,2.898,good,0.000,2.86,0,0,0,0,13.28,3,0.0,,,
2630,2.9080,-0.1084,0.1860,3.004,good,0.010,3.29,0,0,0,0,9.38,3,0.0,,,
2632,2.9080,-0.1182,-0.0861,3.017,good,0.001,2.55,0,0,0,0,12.32,2,0.0,,,
2633,2.9080,-0.1266,-0.1509,3.000,good,0.003,2.91,0,0,0,0,11.53,1,0.0,,,
2636,2.9080,-0.1143,-0.1557,3.000,good,0.002,2.84,0,0,0,0,11.44,1,0.0,,,
2631,2.9120,-0.1084,-0.2363,2.963,good,0.432,3.11,0,0,0,0,10.34,3,0.0,,,
2635,2.9120,-0.1171,-0.2236,2.974,good,0.000,2.15,0,0,0,0,13.02,2,0.0,,,
2641,2.9120,-0.1020,-0.1605,3.000,good,0.007,3.08,0,0,0,0,7.35,1,0.0,,,
2634,2.9160,-0.1119,0.0089,3.000,good,0.000,2.61,0,0,0,0,10.61,3,0.0,,,
2639,2.9160,-0.1177,-0.0770,3.069,good,0.184,5.33,0,0,0,0,10.92,2,0.0,,,
2640,2.9160,-0.1174,-0.0336,2.998,good,0.043,2.99,0,0,0,0,12.50,2,0.0,,,
2637,2.9200,-0.1300,0.0176,2.220,insect,1.000,11.94,1,1,1,0,39.59,2,2.1,34,,
2638,2.9200,-0.1094,0.1911,3.010,good,0.013,3.26,0,0,0,0,9.55,3,0.0,,,
2642,2.9240,-0.1159,-0.1500,2.687,good,0.000,2.57,0,0,0,0,20.34,3,0.0,,,
2643,2.9240,-0.1114,-0.1767,3.004,good,0.000,2.63,0,0,0,0,10.39,3,0.0,,,
2644,2.9240,-0.1092,-0.1131,2.975,good,0.000,2.04,0,0,0,0,10.31,3,0.0,,,
2646,2.9240,-0.1122,0.0209,2.222,insect,1.000,11.75,1,1,1,0,35.49,2,2.1,34,2578,
2645,2.9280,-0.1105,0.0633,3.348,good,0.000,2.82,0,0,0,0,2.87,3,0.0,,,
2649,2.9280,-0.1198,0.0290,2.879,good,0.000,1.97,0,0,0,0,16.32,2,0.0,,,
2654,2.9280,-0.1033,0.0238,3.000,insect,1.000,9.50,1,1,1,0,7.75,1,2.1,35|34,2578,
2647,2.9320,-0.1134,0.1579,2.691,black,0.999,34.22,1,1,1,0,19.31,3,2.1,52,2634|2635,
2648,2.9320,-0.1108,0.0152,2.755,good,0.075,2.50,0,0,0,0,16.52,3,0.0,,,
2651,2.9320,-0.1189,0.0569,3.178,good,0.022,18.43,0,0,0,0,8.89,2,0.0,,,
2653,2.9320,-0.1172,-0.0627,3.000,good,0.001,2.30,0,0,0,0,12.41,2,0.0,,,
2650,2.9360,-0.1189,-0.2037,2.623,good,0.000,2.52,0,0,0,0,23.47,3,0.0,,,
2652,2.9360,-0.1109,-0.1011,3.005,good,0.000,2.55,0,0,0,0,10.18,3,0.0,,,
2655,2.9400,-0.1098,0.0743,3.010,good,0.083,19.53,1,1,1,0,9.72,3,6.0,41|42|40,2630|2647,2630|2647
2656,2.9400,-0.1116,0.0902,2.903,good,0.003,2.56,0,0,0,0,12.88,3,0.0,,,
2657,2.9400,-0.1081,-0.0371,3.000,good,0.002,2.86,0,0,0,0,9.37,3,0.0,,,
2663,2.9400,-0.1189,-0.0725,2.993,broken,0.994,1.96,1,1,1,0,13.12,2,1.6,22,2622,2622
2664,2.9400,-0.1163,-0.1274,3.028,good,0.000,2.76,0,0,0,0,11.45,2,0.0,,,
2658,2.9440,-0.1153,-0.1688,2.845,good,0.035,2.77,0,0,0,0,15.65,3,0.0,,,
2659,2.9440,-0.1256,0.1127,2.949,good,0.001,3.92,0,0,0,0,12.49,2,0.0,,,
2660,2.9440,-0.1116,-0.0650,2.986,good,0.000,2.84,0,0,0,0,10.87,3,0.0,,,
2661,2.9440,-0.1099,-0.0285,2.865,good,0.003,2.80,0,0,0,0,13.27,3,0.0,,,
2662,2.9440,-0.1091,0.0328,2.957,good,0.000,3.89,0,0,0,0,10.69,3,0.0,,,
2668,2.9440,-0.1174,-0.2018,2.946,good,0.000,2.93,0,0,0,0,13.79,2,0.0,,,
2672,2.9440,-0.1138,0.1164,3.000,good,0.000,3.86,0,0,0,0,11.27,1,0.0,,,
2665,2.9480,-0.1179,0.0649,2.619,good,0.000,2.79,0,0,0,0,23.21,3,0.0,,,
2666,2.9480,-0.1115,-0.1176,3.118,good,0.284,6.22,0,0,0,0,7.81,3,0.0,,,
2667,2.9480,-0.1092,-0.0254,2.979,black,1.000,45.90,1,1,1,0,10.23,3,2.1,28,2638,2638
2670,2.9480,-0.1179,-0.1565,2.948,good,0.001,2.07,0,0,0,0,13.90,2,0.0,,,
2671,2.9480,-0.1169,-0.2037,2.985,good,0.277,4.50,0,0,0,0,12.65,2,0.0,,,
2669,2.9520,-0.1129,-0.0590,3.031,good,0.000,2.24,0,0,0,0,10.25,3,0.0,,,
2675,2.9520,-0.1165,-0.1052,3.240,good,0.000,2.37,0,0,0,0,6.80,2,0.0,,,
2673,2.9560,-0.1368,0.1442,3.000,good,0.005,7.97,0,0,0,0,10.92,1,0.0,,,
2674,2.9560,-0.1155,0.0273,2.994,good,0.003,3.43,0,0,0,0,11.97,3,0.0,,,
2679,2.9560,-0.1196,0.1126,3.014,good,0.018,7.72,0,0,0,0,12.85,2,0.0,,,
2680,2.9560,-0.1191,0.1462,2.634,good,0.000,3.51,0,0,0,0,23.19,2,0.0,,,
2681,2.9560,-0.1078,0.1414,3.237,good,0.029,3.40,0,0,0,0,4.20,2,0.0,,,
2676,2.9600,-0.1119,-0.2137,3.080,good,0.000,2.61,0,0,0,0,8.79,3,0.0,,,
2677,2.9600,-0.1107,0.0228,3.002,good,0.003,3.56,0,0,0,0,10.17,3,0.0,,,
2678,2.9600,-0.1076,0.1904,3.268,stick,1.000,33.12,1,1,1,0,3.54,3,1.6,56,2637,
2682,2.9640,-0.1140,-0.1109,2.992,good,0.000,2.69,0,0,0,0,11.53,3,0.0,,,
2683,2.9640,-0.1104,0.2084,3.093,good,0.000,1.66,0,0,0,0,8.02,3,0.0,,,
2685,2.9640,-0.1199,-0.1891,3.006,good,0.045,2.52,0,0,0,0,13.16,2,0.0,,,
2684,2.9680,-0.1083,-0.0784,3.010,good,0.000,2.26,0,0,0,0,9.19,3,0.0,,,
2686,2.9720,-0.1134,-0.1671,3.215,sour,1.000,19.55,1,1,1,0,6.36,3,2.1,10,2683,
2687,2.9720,-0.1134,-0.1828,2.998,good,0.001,2.77,0,0,0,0,11.18,3,0.0,,,
2688,2.9720,-0.1116,-0.0575,2.989,broken,0.582,2.28,1,1,1,0,10.79,3,1.6,24,2653,2653
2689,2.9720,-0.1116,0.1907,3.032,good,0.006,2.83,0,0,0,0,9.78,3,0.0,,,
2690,2.9720,-0.1088,0.0293,3.008,good,0.000,2.33,0,0,0,0,9.42,3,0.0,,,
2692,2.9720,-0.1189,0.2172,3.036,good,0.000,2.86,0,0,0,0,12.10,2,0.0,,,
2693,2.9720,-0.1157,-0.0185,2.992,good,0.000,3.59,0,0,0,0,12.09,2,0.0,,,
2691,2.9760,-0.1102,-0.1259,3.007,good,0.000,2.07,0,0,0,0,9.91,3,0.0,,,
2699,2.9760,-0.1195,-0.2360,2.990,good,0.000,2.35,0,0,0,0,13.39,2,0.0,,,
2700,2.9760,-0.1176,-0.0432,3.097,good,0.000,1.85,0,0,0,0,10.25,2,0.0,,,
2695,2.9800,-0.1152,0.1696,3.000,good,0.000,6.38,0,0,0,0,11.75,3,0.0,,,
2696,2.9800,-0.1141,0.1932,3.095,good,0.052,10.81,0,0,0,0,9.19,3,0.0,,,
2697,2.9800,-0.1131,-0.1279,2.998,good,0.002,1.77,0,0,0,0,11.06,3,0.0,,,
2698,2.9800,-0.1095,0.0239,2.825,good,0.000,2.03,0,0,0,0,14.16,3,0.0,,,
2694,2.9840,-0.1100,0.2160,2.498,good,0.002,7.21,0,0,0,0,24.08,4,0.0,,,
2701,2.9840,-0.1154,-0.1369,2.860,good,0.020,1.65,0,0,0,0,15.32,3,0.0,,,
2702,2.9840,-0.1106,-0.1766,3.014,faded,0.881,4.55,1,1,1,0,9.86,3,2.1,9,2664,2664
2703,2.9880,-0.1120,0.0606,3.006,good,0.000,2.24,0,0,0,0,10.54,3,0.0,,,
2704,2.9880,-0.1068,0.1966,3.399,husk,1.000,7.81,1,1,1,0,0.85,3,1.6,57|56,2713,
2706,2.9880,-0.1197,0.0474,2.713,good,0.003,2.21,0,0,0,0,20.98,2,0.0,,,
2707,2.9880,-0.1173,-0.2126,3.029,good,0.000,3.12,0,0,0,0,11.74,2,0.0,,,
2705,2.9920,-0.1094,-0.0412,3.146,good,0.000,2.94,0,0,0,0,6.58,3,0.0,,,
2711,2.9920,-0.1184,0.0259,2.773,good,0.003,10.36,0,0,0,0,18.76,2,0.0,,,
2712,2.9920,-0.1281,0.0513,3.000,good,0.002,3.20,0,0,0,0,12.05,1,0.0,,,
2713,2.9920,-0.1120,-0.0176,3.450,good,0.000,2.87,0,0,0,0,1.45,2,0.0,,,
2708,2.9960,-0.1159,0.0077,2.870,broken,0.639,2.52,1,1,1,0,15.24,3,1.6,32|33,2686,2686
2709,2.9960,-0.1106,-0.0907,3.336,good,0.002,4.12,0,0,0,0,3.13,3,0.0,,,
2710,2.9960,-0.1094,-0.1319,3.054,good,0.000,1.82,0,0,0,0,8.57,3,0.0,,,
2721,2.9960,-0.1038,0.0264,3.000,good,0.000,3.05,0,0,0,0,7.94,1,0.0,,,
2714,3.0000,-0.1145,-0.2075,2.990,faded,0.958,3.35,1,1,1,0,11.73,3,2.1,5,2695,2695
2715,3.0000,-0.1092,0.1868,3.001,good,0.000,2.16,0,0,0,0,9.69,3,0.0,,,
2720,3.0000,-0.1176,0.1583,3.018,good,0.000,2.21,0,0,0,0,12.08,2,0.0,,,
2716,3.0040,-0.1142,-0.0732,3.003,good,0.000,2.46,0,0,0,0,11.35,3,0.0,,,
2717,3.0040,-0.1141,0.0052,3.006,good,0.001,2.83,0,0,0,0,11.23,3,0.0,,,
2718,3.0040,-0.1109,0.1737,2.473,good,0.004,2.68,0,0,0,0,25.28,3,0.0,,,
2719,3.0040,-0.1091,0.0688,2.769,good,0.000,2.48,0,0,0,0,15.53,3,0.0,,,
2724,3.0040,-0.1196,-0.1185,2.763,good,0.000,5.69,0,0,0,0,19.47,2,0.0,,,
2722,3.0080,-0.1131,0.1096,2.996,good,0.274,3.73,0,0,0,0,11.14,3,0.0,,,
2723,3.0080,-0.1090,0.1968,3.022,good,0.000,2.90,0,0,0,0,9.18,3,0.0,,,
2726,3.0080,-0.1175,-0.1752,3.001,faded,0.999,5.80,1,1,1,0,12.46,2,2.1,9,2712,
2727,3.0080,-0.1178,0.1747,2.998,good,0.000,7.07,0,0,0,0,12.67,2,0.0,,,
2725,3.0120,-0.1103,-0.2042,2.937,good,0.001,2.54,0,0,0,0,11.59,3,0.0,,,
2730,3.0120,-0.1196,-0.1943,3.052,shell,1.000,9.03,1,1,1,0,11.95,2,1.6,7|6,2706,
2728,3.0160,-0.1100,-0.0585,3.000,insect,1.000,6.13,1,1,1,0,9.98,3,2.1,24,2734,2734
2729,3.0160,-0.1087,-0.0136,3.007,good,0.000,2.53,0,0,0,0,9.43,3,0.0,,,
2731,3.0160,-0.1222,-0.1262,2.476,good,0.002,1.91,0,0,0,0,25.74,2,0.0,,,
2732,3.0160,-0.1080,-0.1021,3.052,good,0.000,3.04,0,0,0,0,8.14,3,0.0,,,
2735,3.0160,-0.1151,-0.1181,3.431,sour,0.976,12.81,1,1,1,0,2.68,2,2.1,16|17,2690|2730,
2736,3.0160,-0.1163,0.0310,3.012,good,0.006,3.27,0,0,0,0,11.79,2,0.0,,,
2733,3.0200,-0.1121,0.0925,3.172,faded,0.782,4.45,1,1,1,0,6.86,3,2.1,43|44,2719,2719
2734,3.0200,-0.1138,-0.1382,2.804,good,0.002,3.63,0,0,0,0,16.25,3,0.0,,,
2739,3.0200,-0.1285,-0.0276,3.000,good,0.064,4.13,0,0,0,0,12.17,1,0.0,,,
2744,3.0200,-0.1190,-0.0243,3.000,good,0.004,1.64,0,0,0,0,13.01,1,0.0,,,
2745,3.0200,-0.1143,-0.0316,3.000,good,0.001,2.90,0,0,0,0,11.45,1,0.0,,,
2737,3.0240,-0.1150,-0.1704,3.003,good,0.001,2.94,0,0,0,0,11.59,3,0.0,,,
2738,3.0240,-0.1119,-0.1856,2.928,good,0.020,2.56,0,0,0,0,12.36,3,0.0,,,
2743,3.0240,-0.1170,-0.1948,3.095,insect,1.000,3.58,1,1,1,0,10.11,2,2.1,7|6,2700,
2740,3.0280,-0.1157,0.1196,2.575,good,0.000,2.76,0,0,0,0,23.79,3,0.0,,,
2741,3.0280,-0.1126,-0.0793,2.885,good,0.000,2.24,0,0,0,0,13.68,3,0.0,,,
2742,3.0280,-0.1114,-0.2385,3.054,good,0.003,1.96,0,0,0,0,9.22,3,0.0,,,
2749,3.0280,-0.1176,-0.1446,3.002,good,0.007,2.86,0,0,0,0,12.48,2,0.0,,,
2746,3.0320,-0.1150,0.1652,3.000,good,0.000,2.97,0,0,0,0,11.68,3,0.0,,,
2747,3.0320,-0.1130,0.0248,3.005,insect,1.000,7.12,1,1,1,0,10.88,3,2.1,35|34,2727,2727
2748,3.0320,-0.1233,0.1248,3.018,good,0.005,3.44,0,0,0,0,9.99,2,0.0,,,
2751,3.0320,-0.1193,0.1894,2.969,good,0.000,2.10,0,0,0,0,13.84,2,0.0,,,
2752,3.0320,-0.1161,-0.0997,3.055,good,0.009,5.40,0,0,0,0,10.74,2,0.0,,,
2755,3.0320,-0.1079,0.1221,3.000,good,0.002,8.05,0,0,0,0,9.30,1,0.0,,,
2750,3.0360,-0.1174,-0.1246,2.819,faded,0.822,3.78,1,1,1,0,17.14,3,2.1,16|15,2741,2741
2753,3.0400,-0.1123,0.1374,2.995,faded,0.986,4.08,1,1,1,0,10.88,3,2.1,49,2728,2728
2754,3.0400,-0.1089,-0.2343,3.013,good,0.001,3.68,0,0,0,0,9.33,3,0.0,,,
2759,3.0400,-0.1191,-0.1228,3.325,good,0.003,2.59,0,0,0,0,5.89,2,0.0,,,
2756,3.0440,-0.1110,0.0027,3.056,good,0.001,5.57,0,0,0,0,9.03,3,0.0,,,
2757,3.0440,-0.1106,0.1803,2.999,good,0.000,2.11,0,0,0,0,10.24,3,0.0,,,
2758,3.0440,-0.1102,-0.1020,3.017,good,0.005,3.76,0,0,0,0,9.69,3,0.0,,,
2762,3.0440,-0.1194,-0.1176,2.803,good,0.001,4.51,0,0,0,0,18.29,2,0.0,,,
2763,3.0440,-0.1153,0.1912,2.999,good,0.243,2.88,0,0,0,0,11.80,2,0.0,,,
2766,3.0440,-0.1058,-0.1258,3.000,good,0.001,2.87,0,0,0,0,8.59,1,0.0,,,
2760,3.0480,-0.1109,-0.1713,2.999,broken,0.958,2.90,1,1,1,0,10.31,3,1.6,10|9,2736,2736
2761,3.0480,-0.1096,0.2037,3.000,good,0.000,2.33,0,0,0,0,9.87,3,0.0,,,
2764,3.0520,-0.1153,-0.2018,2.979,good,0.000,2.22,0,0,0,0,12.27,3,0.0,,,
2765,3.0520,-0.1126,0.0828,3.015,good,0.000,1.99,0,0,0,0,10.51,3,0.0,,,
2772,3.0520,-0.1183,0.0351,2.961,good,0.000,1.77,0,0,0,0,13.72,2,0.0,,,
2767,3.0560,-0.1141,-0.2070,3.058,good,0.000,2.63,0,0,0,0,10.03,3,0.0,,,
2768,3.0560,-0.1158,-0.0597,2.930,good,0.002,1.77,0,0,0,0,13.66,3,0.0,,,
2769,3.0560,-0.1121,0.1259,3.003,good,0.003,1.94,0,0,0,0,10.64,3,0.0,,,
2770,3.0560,-0.1144,-0.0042,2.810,good,0.000,11.56,0,0,0,0,16.32,3,0.0,,,
2771,3.0560,-0.1082,0.2246,3.000,good,0.001,3.38,0,0,0,0,9.41,3,0.0,,,
2775,3.0560,-0.1187,-0.1511,2.889,good,0.000,1.47,0,0,0,0,15.70,2,0.0,,,
2776,3.0560,-0.1168,0.1632,2.998,good,0.000,2.08,0,0,0,0,12.30,2,0.0,,,
2773,3.0600,-0.1121,0.1048,3.004,good,0.000,3.44,0,0,0,0,10.60,3,0.0,,,
2774,3.0600,-0.1088,0.0277,2.834,good,0.004,3.54,0,0,0,0,13.70,3,0.0,,,
2780,3.0600,-0.1187,-0.0272,2.927,good,0.002,2.92,0,0,0,0,14.72,2,0.0,,,
2777,3.0640,-0.1127,0.0549,3.042,good,0.001,3.31,0,0,0,0,9.93,3,0.0,,,
2778,3.0640,-0.1106,-0.2107,2.982,good,0.006,5.96,0,0,0,0,10.63,3,0.0,,,
2779,3.0640,-0.1211,-0.0179,3.005,good,0.006,3.22,0,0,0,0,9.58,2,0.0,,,
2785,3.0640,-0.1196,0.0470,3.000,insect,1.000,6.06,1,1,1,0,13.22,2,2.1,38|37,2782,2782
2788,3.0640,-0.1081,-0.0214,3.000,good,0.011,8.63,0,0,0,0,9.36,1,0.0,,,
2781,3.0680,-0.1148,-0.0779,3.000,good,0.001,3.41,0,0,0,0,11.61,3,0.0,,,
2782,3.0680,-0.1103,-0.0089,3.095,good,0.001,3.01,0,0,0,0,7.95,3,0.0,,,
2783,3.0680,-0.1107,0.1213,3.000,good,0.002,2.20,0,0,0,0,10.24,3,0.0,,,
2784,3.0680,-0.1091,0.1414,3.015,good,0.000,3.09,0,0,0,0,9.35,3,0.0,,,
2787,3.0680,-0.1175,0.1062,3.000,good,0.000,2.96,0,0,0,0,12.48,2,0.0,,,
2786,3.0720,-0.1151,-0.1697,3.012,good,0.000,1.63,0,0,0,0,11.42,3,0.0,,,
2790,3.0720,-0.1188,-0.0565,3.402,good,0.008,5.28,0,0,0,0,4.32,2,0.0,,,
2792,3.0720,-0.1165,-0.0368,2.836,good,0.005,5.21,0,0,0,0,16.35,2,0.0,,,
2798,3.0720,-0.1028,-0.0749,3.000,good,0.000,3.40,0,0,0,0,7.61,1,0.0,,,
2789,3.0760,-0.1104,0.0293,3.001,good,0.000,2.90,0,0,0,0,10.11,3,0.0,,,
2791,3.0760,-0.1092,-0.0115,2.894,good,0.021,3.66,0,0,0,0,12.26,3,0.0,,,
2796,3.0760,-0.1176,0.1018,3.265,good,0.000,2.39,0,0,0,0,6.64,2,0.0,,,
2797,3.0760,-0.1161,0.0810,2.969,sour,1.000,15.41,1,1,1,0,12.79,2,2.1,42,2769,
2801,3.0760,-0.1008,-0.0617,3.000,good,0.002,3.58,0,0,0,0,6.92,1,0.0,,,
2793,3.0800,-0.1155,-0.1340,3.002,good,0.000,3.46,0,0,0,0,11.80,3,0.0,,,
2794,3.0800,-0.1124,-0.1032,3.013,good,0.000,2.56,0,0,0,0,10.51,3,0.0,,,
2795,3.0800,-0.1087,0.1439,3.069,good,0.000,5.92,0,0,0,0,8.00,3,0.0,,,
2800,3.0800,-0.1198,-0.1444,3.056,black,1.000,52.00,1,1,1,0,11.93,2,2.1,13,2781,
2799,3.0840,-0.1091,-0.1726,2.785,sour,1.000,19.93,1,1,1,0,15.08,3,2.1,9|10,2777,
2804,3.0840,-0.1169,-0.2007,2.994,good,0.001,7.94,0,0,0,0,12.45,2,0.0,,,
2805,3.0840,-0.1175,-0.1665,2.997,good,0.000,3.07,0,0,0,0,12.58,2,0.0,,,
2806,3.0840,-0.1161,-0.1320,2.986,faded,1.000,5.22,1,1,1,0,12.36,2,2.1,15|14,2780,2780
2811,3.0840,-0.1054,-0.1379,3.000,good,0.399,20.23,1,1,1,0,8.48,1,6.0,14|13|15,2781|2790,2781
2802,3.0880,-0.1149,-0.0389,2.887,good,0.000,2.27,0,0,0,0,14.41,3,0.0,,,
2803,3.0880,-0.1083,0.1874,2.994,good,0.000,2.88,0,0,0,0,9.58,3,0.0,,,
2808,3.0880,-0.1176,0.0163,3.004,good,0.005,3.79,0,0,0,0,12.44,2,0.0,,,
2809,3.0880,-0.1187,0.0915,2.975,good,0.197,3.94,0,0,0,0,13.51,2,0.0,,,
2810,3.0880,-0.1182,0.0390,2.842,good,0.005,3.46,0,0,0,0,16.76,2,0.0,,,
2807,3.0920,-0.1095,-0.0764,2.873,good,0.007,3.96,0,0,0,0,12.94,3,0.0,,,
2814,3.0920,-0.1188,0.1681,3.343,good,0.001,2.53,0,0,0,0,5.43,2,0.0,,,
2815,3.0920,-0.1137,-0.1103,3.450,good,0.000,1.96,0,0,0,0,1.94,2,0.0,,,
2812,3.0960,-0.1105,-0.0784,2.998,good,0.001,2.23,0,0,0,0,10.23,3,0.0,,,
2813,3.0960,-0.1230,0.0172,3.043,good,0.001,2.83,0,0,0,0,9.28,2,0.0,,,
2818,3.0960,-0.1179,-0.0940,2.923,good,0.001,2.06,0,0,0,0,14.54,2,0.0,,,
2822,3.0960,-0.1109,0.0214,3.000,good,0.000,2.74,0,0,0,0,10.29,1,0.0,,,
2816,3.1000,-0.1130,-0.1395,3.015,good,0.016,10.84,0,0,0,0,10.63,3,0.0,,,
2817,3.1000,-0.1122,-0.0309,2.774,good,0.199,9.29,0,0,0,0,16.52,3,0.0,,,
2821,3.1000,-0.1179,0.0113,3.004,good,0.000,5.46,0,0,0,0,12.54,2,0.0,,,
2819,3.1040,-0.1136,0.0835,3.000,broken,0.990,2.15,1,1,1,0,11.21,3,1.6,42,2813,2813
2820,3.1040,-0.1099,0.1886,2.942,good,0.000,1.91,0,0,0,0,11.35,3,0.0,,,
2828,3.1040,-0.1190,0.0401,2.992,good,0.000,2.92,0,0,0,0,13.19,2,0.0,,,
2829,3.1040,-0.1148,-0.0235,3.314,good,0.000,2.97,0,0,0,0,4.80,2,0.0,,,
2834,3.1040,-0.1047,-0.0339,3.000,good,0.001,2.86,0,0,0,0,8.25,1,0.0,,,
2823,3.1080,-0.1115,-0.1624,2.999,good,0.005,3.13,0,0,0,0,10.51,3,0.0,,,
2824,3.1080,-0.1115,0.2161,3.004,good,0.002,3.72,0,0,0,0,10.40,3,0.0,,,
2825,3.1080,-0.1130,0.1748,2.813,good,0.000,2.01,0,0,0,0,15.72,3,0.0,,,
2826,3.1080,-0.1251,-0.0089,2.314,good,0.002,3.43,0,0,0,0,33.27,2,0.0,,,
2827,3.1080,-0.1082,0.2066,3.000,good,0.001,2.95,0,0,0,0,9.41,3,0.0,,,
2832,3.1080,-0.1197,-0.0609,3.016,faded,0.977,4.54,1,1,1,0,12.83,2,2.1,24,2821,2821
2833,3.1080,-0.1183,-0.0248,3.000,good,0.002,1.91,0,0,0,0,12.77,2,0.0,,,
2837,3.1080,-0.1159,-0.0121,3.000,good,0.001,3.49,0,0,0,0,11.95,1,0.0,,,
2830,3.1120,-0.1138,0.1277,3.006,good,0.000,7.97,0,0,0,0,11.14,3,0.0,,,
2831,3.1120,-0.1102,-0.2330,3.010,broken,0.998,2.32,1,1,1,0,9.85,3,1.6,2|1,2798,2798
2835,3.1160,-0.1138,0.2009,3.007,faded,0.979,3.81,1,1,1,0,11.11,3,2.1,57,2800,2800
2836,3.1160,-0.1131,-0.0647,2.993,good,0.180,4.50,0,0,0,0,11.20,3,0.0,,,
2841,3.1160,-0.1165,-0.2219,3.207,shell,0.507,6.80,1,1,1,0,7.50,2,1.6,3,2831,
2838,3.1200,-0.1141,0.1631,2.953,good,0.000,2.88,0,0,0,0,12.51,3,0.0,,,
2839,3.1200,-0.1134,0.0477,3.062,good,0.000,1.84,0,0,0,0,9.69,3,0.0,,,
2840,3.1200,-0.1119,0.0967,2.999,good,0.000,2.85,0,0,0,0,10.65,3,0.0,,,
2844,3.1200,-0.1200,-0.1644,3.054,good,0.004,3.37,0,0,0,0,12.04,2,0.0,,,
2845,3.1200,-0.1193,0.2125,3.271,good,0.004,2.18,0,0,0,0,7.05,2,0.0,,,
2846,3.1200,-0.1173,0.1922,2.997,good,0.008,2.76,0,0,0,0,12.49,2,0.0,,,
2847,3.1200,-0.1151,-0.1039,3.175,good,0.001,2.37,0,0,0,0,7.74,2,0.0,,,
2842,3.1240,-0.1147,0.0654,2.996,good,0.000,1.79,0,0,0,0,11.66,3,0.0,,,
2843,3.1240,-0.1122,0.1898,3.046,good,0.003,1.92,0,0,0,0,9.67,3,0.0,,,
2851,3.1240,-0.1294,-0.1552,3.000,good,0.001,3.56,0,0,0,0,12.45,1,0.0,,,
2855,3.1240,-0.1197,-0.1605,3.000,good,0.001,5.39,0,0,0,0,13.25,1,0.0,,,
2848,3.1280,-0.1145,-0.1857,2.999,good,0.000,3.10,0,0,0,0,11.52,3,0.0,,,
2849,3.1280,-0.1119,0.1658,2.901,good,0.000,4.12,0,0,0,0,13.04,3,0.0,,,
2850,3.1280,-0.1072,0.1113,3.305,good,0.000,2.62,0,0,0,0,2.68,3,0.0,,,
2854,3.1280,-0.1140,0.0153,3.450,sour,1.000,27.16,1,1,1,0,2.03,2,2.1,33|34,2839,
2852,3.1320,-0.1149,-0.0679,3.002,good,0.002,2.59,0,0,0,0,11.58,3,0.0,,,
2853,3.1320,-0.1091,0.0409,3.108,good,0.000,4.24,0,0,0,0,7.29,3,0.0,,,
2857,3.1320,-0.1181,-0.0238,3.008,good,0.000,4.88,0,0,0,0,12.50,2,0.0,,,
2856,3.1360,-0.1131,-0.2429,3.015,black,1.000,50.95,1,1,1,0,10.67,3,2.1,0|1,2851,2851
2863,3.1360,-0.1172,0.1736,3.340,good,0.003,9.28,0,0,0,0,5.03,2,0.0,,,
2864,3.1360,-0.1126,-0.1577,3.450,good,0.002,2.30,0,0,0,0,1.63,2,0.0,,,
2858,3.1400,-0.1142,0.1643,3.017,good,0.000,8.53,0,0,0,0,10.99,3,0.0,,,
2859,3.1400,-0.1140,-0.1167,2.977,good,0.000,2.84,0,0,0,0,11.86,3,0.0,,,
2860,3.1400,-0.1120,-0.2411,3.001,faded,0.636,3.49,1,1,1,0,10.64,3,2.1,1|0,2854,2854
2861,3.1400,-0.1104,-0.1823,3.008,good,0.000,2.42,0,0,0,0,9.94,3,0.0,,,
2862,3.1400,-0.1099,0.1233,2.948,good,0.000,1.84,0,0,0,0,11.22,3,0.0,,,
2873,3.1400,-0.1038,0.1765,3.000,good,0.001,6.90,0,0,0,0,7.93,1,0.0,,,
2865,3.1440,-0.1371,-0.0297,3.000,good,0.003,2.90,0,0,0,0,11.04,1,0.0,,,
2866,3.1440,-0.1084,0.1332,2.996,good,0.001,8.04,0,0,0,0,9.58,3,0.0,,,
2871,3.1440,-0.1194,0.2269,2.992,good,0.004,4.74,0,0,0,0,13.34,2,0.0,,,
2872,3.1440,-0.1245,-0.0255,3.000,good,0.018,2.94,0,0,0,0,10.83,1,0.0,,,
2877,3.1440,-0.1119,-0.0213,3.000,good,0.002,2.89,0,0,0,0,10.63,1,0.0,,,
2867,3.1480,-0.1185,-0.2097,2.598,good,0.001,4.34,0,0,0,0,24.12,3,0.0,,,
2868,3.1480,-0.1127,0.1811,2.951,good,0.001,2.27,0,0,0,0,12.06,3,0.0,,,
2869,3.1480,-0.1114,-0.2304,3.009,good,0.000,2.03,0,0,0,0,10.26,3,0.0,,,
2870,3.1480,-0.1148,0.0676,2.579,good,0.000,2.26,0,0,0,0,23.29,3,0.0,,,
2875,3.1480,-0.1189,-0.1593,2.997,good,0.001,2.97,0,0,0,0,13.04,2,0.0,,,
2876,3.1480,-0.1162,0.1509,3.450,good,0.017,3.30,0,0,0,0,2.67,2,0.0,,,
2874,3.1520,-0.1086,0.2385,3.001,good,0.002,3.79,0,0,0,0,9.50,3,0.0,,,
2878,3.1560,-0.1136,0.0923,3.014,good,0.001,3.41,0,0,0,0,10.88,3,0.0,,,
2879,3.1560,-0.1123,0.1677,2.931,faded,0.996,4.13,1,1,1,0,12.44,3,2.1,53,2849,2849
2880,3.1600,-0.1153,0.0054,3.002,good,0.000,3.10,0,0,0,0,11.72,3,0.0,,,
2881,3.1600,-0.1135,-0.0247,3.005,good,0.000,2.33,0,0,0,0,11.05,3,0.0,,,
2882,3.1600,-0.1104,0.1091,2.965,good,0.003,2.38,0,0,0,0,10.96,3,0.0,,,
2883,3.1640,-0.1130,-0.1982,3.004,good,0.000,2.11,0,0,0,0,10.92,3,0.0,,,
2884,3.1640,-0.1104,-0.0921,2.998,broken,0.839,4.25,1,1,1,0,10.19,3,1.6,20,2858,2858
2885,3.1640,-0.1092,0.1006,3.010,faded,0.934,4.82,1,1,1,0,9.50,3,2.1,44|45,2855,2855
2886,3.1640,-0.1082,0.1671,3.023,good,0.034,3.31,0,0,0,0,8.89,3,0.0,,,
2889,3.1640,-0.1160,-0.1618,3.106,good,0.000,2.12,0,0,0,0,9.56,2,0.0,,,
2887,3.1680,-0.1168,-0.1626,2.970,good,0.000,2.49,0,0,0,0,13.01,3,0.0,,,
2888,3.1680,-0.1130,-0.1473,2.962,good,0.000,3.02,0,0,0,0,11.91,3,0.0,,,
2896,3.1680,-0.1175,-0.0298,2.941,good,0.000,5.71,0,0,0,0,13.94,2,0.0,,,
2890,3.1720,-0.1156,-0.2225,2.995,black,1.000,50.62,1,1,1,0,12.01,3,2.1,3,2857,2857
2891,3.1720,-0.1147,-0.0004,3.000,good,0.000,3.13,0,0,0,0,11.57,3,0.0,,,
2892,3.1720,-0.1152,0.1589,2.995,good,0.000,2.61,0,0,0,0,11.86,3,0.0,,,
2893,3.1720,-0.1111,-0.1073,2.996,good,0.000,2.48,0,0,0,0,10.48,3,0.0,,,
2894,3.1720,-0.1091,0.1208,3.218,good,0.030,3.93,0,0,0,0,5.00,3,0.0,,,
2895,3.1720,-0.1086,-0.2069,3.001,good,0.009,2.79,0,0,0,0,9.51,3,0.0,,,
2897,3.1760,-0.1132,-0.1025,2.999,good,0.002,2.90,0,0,0,0,11.07,3,0.0,,,
2898,3.1760,-0.1130,-0.0738,2.998,good,0.000,2.94,0,0,0,0,11.04,3,0.0,,,
2899,3.1760,-0.1113,0.2311,3.015,good,0.003,2.52,0,0,0,0,10.09,3,0.0,,,
2900,3.1760,-0.1105,-0.0356,2.991,good,0.000,3.70,0,0,0,0,10.37,3,0.0,,,
2903,3.1760,-0.1187,-0.0869,3.011,good,0.008,3.34,0,0,0,0,12.64,2,0.0,,,
2904,3.1760,-0.1169,0.0185,3.001,good,0.001,2.30,0,0,0,0,12.26,2,0.0,,,
2901,3.1800,-0.1157,-0.0538,2.928,good,0.012,3.08,0,0,0,0,13.68,3,0.0,,,
2902,3.1800,-0.1088,-0.1854,3.000,good,0.000,2.70,0,0,0,0,9.61,3,0.0,,,
2906,3.1800,-0.1182,0.2147,2.994,good,0.000,2.46,0,0,0,0,12.90,2,0.0,,,
2907,3.1800,-0.1161,-0.0366,3.012,good,0.000,3.38,0,0,0,0,11.75,2,0.0,,,
2908,3.1800,-0.1169,0.0284,2.999,good,0.000,3.44,0,0,0,0,12.31,2,0.0,,,
2905,3.1840,-0.1124,0.1716,3.000,good,0.000,1.68,0,0,0,0,10.80,3,0.0,,,
2909,3.1880,-0.1127,0.0071,3.008,good,0.000,2.55,0,0,0,0,10.72,3,0.0,,,
2910,3.1920,-0.1149,-0.0119,3.003,good,0.001,3.73,0,0,0,0,11.56,3,0.0,,,
2911,3.1920,-0.1121,0.0061,3.080,good,0.001,2.80,0,0,0,0,8.85,3,0.0,,,
2912,3.1960,-0.1124,0.2367,3.332,good,0.005,4.19,0,0,0,0,3.76,3,0.0,,,
2913,3.1960,-0.1145,0.1892,3.000,good,0.000,2.71,0,0,0,0,11.52,3,0.0,,,
2914,3.1960,-0.1104,-0.1065,2.999,good,0.000,1.49,0,0,0,0,10.15,3,0.0,,,
2920,3.1960,-0.1188,-0.0476,3.027,good,0.079,3.13,0,0,0,0,12.27,2,0.0,,,
2915,3.2000,-0.1153,-0.1299,3.001,good,0.000,3.19,0,0,0,0,11.72,3,0.0,,,
2916,3.2000,-0.1271,-0.2213,2.692,faded,0.717,3.50,1,1,1,0,20.38,2,2.1,3,,
2917,3.2000,-0.1138,0.1577,2.964,good,0.005,8.57,0,0,0,0,12.12,3,0.0,,,
2918,3.2000,-0.1096,-0.1397,3.144,insect,0.861,4.25,1,1,1,0,6.66,3,2.1,14|13,2880|2911,2880
2919,3.2000,-0.1232,-0.1924,2.695,good,0.006,2.36,0,0,0,0,18.80,2,0.0,,,
2923,3.2000,-0.1162,-0.1919,3.450,good,0.013,6.57,0,0,0,0,2.66,2,0.0,,,
2924,3.2000,-0.1187,0.1920,2.959,good,0.000,2.80,0,0,0,0,13.91,2,0.0,,,
2925,3.2000,-0.1176,-0.2351,3.010,good,0.002,2.55,0,0,0,0,12.28,2,0.0,,,
2931,3.2000,-0.1164,-0.2258,3.000,faded,0.808,3.67,1,1,1,0,12.13,1,2.1,3|2,2892,
2921,3.2040,-0.1104,0.0024,2.998,good,0.001,4.55,0,0,0,0,10.19,3,0.0,,,
2922,3.2040,-0.1098,0.1361,3.001,good,0.057,4.09,0,0,0,0,9.91,3,0.0,,,
2936,3.2040,-0.1056,-0.2319,3.000,good,0.213,8.82,0,0,0,0,8.53,1,0.0,,,
2926,3.2080,-0.1157,-0.1043,2.997,good,0.083,2.30,0,0,0,0,11.97,3,0.0,,,
2927,3.2080,-0.1156,0.1029,3.097,good,0.000,3.84,0,0,0,0,9.63,3,0.0,,,
2928,3.2080,-0.1133,-0.1461,3.058,good,0.000,2.35,0,0,0,0,9.76,3,0.0,,,
2929,3.2080,-0.1118,0.0105,3.055,good,0.002,2.39,0,0,0,0,9.33,3,0.0,,,
2930,3.2080,-0.1082,-0.1916,2.973,sour,1.000,17.45,1,1,1,0,10.04,3,2.1,7,2894,2894
2934,3.2080,-0.1183,-0.2167,3.018,good,0.128,11.63,0,0,0,0,12.34,2,0.0,,,
2935,3.2080,-0.1167,0.0480,3.092,good,0.002,3.66,0,0,0,0,10.09,2,0.0,,,
2932,3.2120,-0.1119,0.0590,3.139,good,0.016,3.55,0,0,0,0,7.51,3,0.0,,,
2933,3.2120,-0.1136,-0.0744,3.001,good,0.019,2.03,0,0,0,0,11.18,3,0.0,,,
2937,3.2160,-0.1138,0.0335,3.246,good,0.000,3.44,0,0,0,0,5.87,3,0.0,,,
2938,3.2160,-0.1116,0.1296,3.029,good,0.000,2.35,0,0,0,0,9.86,3,0.0,,,
2939,3.2160,-0.1086,0.2117,2.989,good,0.033,4.41,0,0,0,0,9.79,3,0.0,,,
2940,3.2200,-0.1155,0.1916,2.975,good,0.003,2.07,0,0,0,0,12.42,3,0.0,,,
2941,3.2200,-0.1126,-0.1546,2.832,good,0.009,4.73,0,0,0,0,15.07,3,0.0,,,
2944,3.2200,-0.1196,-0.0297,2.899,good,0.013,7.11,0,0,0,0,15.75,2,0.0,,,
2945,3.2200,-0.1301,-0.0368,3.000,good,0.015,3.87,0,0,0,0,12.70,1,0.0,,,
2942,3.2240,-0.1099,-0.0530,3.099,good,0.015,3.38,0,0,0,0,7.75,3,0.0,,,
2943,3.2240,-0.1097,-0.1463,2.949,good,0.000,3.78,0,0,0,0,11.12,3,0.0,,,
2951,3.2240,-0.1178,0.1112,2.940,good,0.009,4.01,0,0,0,0,14.06,2,0.0,,,
2952,3.2240,-0.1159,0.1999,3.418,good,0.000,3.03,0,0,0,0,3.18,2,0.0,,,
2946,3.2280,-0.1155,0.1004,3.000,good,0.000,1.76,0,0,0,0,11.84,3,0.0,,,
2947,3.2280,-0.1114,0.0564,3.266,good,0.004,2.11,0,0,0,0,4.72,3,0.0,,,
2948,3.2280,-0.1120,0.2289,3.008,faded,0.980,4.40,1,1,1,0,10.47,3,2.1,61,2928,2928
2949,3.2280,-0.1110,0.2093,3.041,good,0.000,3.29,0,0,0,0,9.39,3,0.0,,,
2950,3.2280,-0.1087,0.0890,3.027,good,0.033,4.69,0,0,0,0,8.97,3,0.0,,,
2953,3.2320,-0.1166,-0.0552,2.788,good,0.028,3.29,0,0,0,0,17.66,3,0.0,,,
2954,3.2320,-0.1095,-0.0042,2.810,good,0.134,2.45,0,0,0,0,14.57,3,0.0,,,
2955,3.2360,-0.1148,0.1406,2.998,faded,1.000,5.67,1,1,1,0,11.64,3,2.1,50|49,2934,2934
2956,3.2360,-0.1135,-0.1473,3.069,good,0.001,2.68,0,0,0,0,9.55,3,0.0,,,
2957,3.2360,-0.1133,0.1085,2.992,good,0.000,2.13,0,0,0,0,11.28,3,0.0,,,
2958,3.2360,-0.1194,0.2253,3.305,good,0.007,2.69,0,0,0,0,6.40,2,0.0,,,
2959,3.2360,-0.1186,0.1619,3.005,sour,1.000,21.57,1,1,1,0,12.77,2,2.1,52,2938,2938
2960,3.2360,-0.1175,-0.2091,3.000,good,0.014,6.99,0,0,0,0,12.52,2,0.0,,,
2961,3.2400,-0.1161,0.1956,3.001,good,0.032,2.96,0,0,0,0,12.02,2,0.0,,,
2968,3.2440,-0.1196,0.1993,2.877,good,0.005,2.42,0,0,0,0,16.34,2,0.0,,,
2969,3.2440,-0.1186,-0.0995,2.943,good,0.001,2.85,0,0,0,0,14.26,2,0.0,,,
2962,3.2480,-0.1154,-0.1321,3.092,good,0.001,4.06,0,0,0,0,9.67,3,0.0,,,
2963,3.2480,-0.1138,-0.0693,3.004,good,0.272,2.65,0,0,0,0,11.18,3,0.0,,,
2964,3.2480,-0.1134,-0.1893,3.001,good,0.001,1.91,0,0,0,0,11.13,3,0.0,,,
2965,3.2480,-0.1261,0.1286,2.983,good,0.002,3.26,0,0,0,0,11.78,2,0.0,,,
2966,3.2480,-0.1096,0.1724,3.082,good,0.005,8.37,0,0,0,0,7.99,3,0.0,,,
2967,3.2480,-0.1110,0.0483,3.001,good,0.000,2.94,0,0,0,0,10.33,3,0.0,,,
2972,3.2480,-0.1170,0.1214,3.375,black,1.000,47.48,1,1,1,0,4.29,2,2.1,47,2956,
2979,3.2480,-0.1141,0.1327,3.000,good,0.002,2.54,0,0,0,0,11.38,1,0.0,,,
2970,3.2520,-0.1097,0.0185,3.001,sour,1.000,10.77,1,1,1,0,9.87,3,2.1,34,2965,2965
2971,3.2520,-0.1100,0.0870,2.731,good,0.004,2.67,0,0,0,0,16.92,3,0.0,,,
2977,3.2520,-0.1173,-0.0488,3.019,good,0.000,2.78,0,0,0,0,11.98,2,0.0,,,
2978,3.2520,-0.1160,-0.1109,3.010,good,0.000,2.73,0,0,0,0,11.77,2,0.0,,,
2973,3.2560,-0.1185,-0.0261,2.464,sour,1.000,26.99,1,1,1,0,28.66,3,2.1,28,2916,
2974,3.2560,-0.1126,-0.1205,3.019,good,0.000,1.83,0,0,0,0,10.42,3,0.0,,,
2975,3.2560,-0.1120,-0.1791,3.001,insect,1.000,8.48,1,1,1,0,10.62,3,2.1,9|8,2950,2950
2976,3.2560,-0.1105,-0.2096,3.008,good,0.000,3.76,0,0,0,0,9.99,3,0.0,,,
2981,3.2560,-0.1194,0.1403,2.959,good,0.000,1.70,0,0,0,0,14.16,2,0.0,,,
2982,3.2560,-0.1166,0.1258,2.993,good,0.000,2.75,0,0,0,0,12.37,2,0.0,,,
2980,3.2600,-0.1095,-0.1938,3.002,good,0.000,2.87,0,0,0,0,9.81,3,0.0,,,
2986,3.2600,-0.1169,-0.1605,3.009,good,0.001,2.33,0,0,0,0,12.09,2,0.0,,,
2983,3.2640,-0.1112,0.0684,3.021,good,0.001,2.41,0,0,0,0,9.90,3,0.0,,,
2984,3.2640,-0.1229,0.1373,3.092,good,0.001,2.97,0,0,0,0,8.10,2,0.0,,,
2985,3.2640,-0.1208,-0.0621,3.061,good,0.024,2.25,0,0,0,0,8.12,2,0.0,,,
2996,3.2640,-0.1106,0.1407,3.000,good,0.001,2.53,0,0,0,0,10.19,1,0.0,,,
2997,3.2640,-0.1086,-0.0667,3.000,good,0.213,2.25,0,0,0,0,9.52,1,0.0,,,
2987,3.2680,-0.1146,0.1453,2.993,good,0.000,2.69,0,0,0,0,11.70,3,0.0,,,
2988,3.2680,-0.1146,-0.0939,2.991,good,0.000,4.59,0,0,0,0,11.74,3,0.0,,,
2989,3.2680,-0.1102,-0.1538,2.996,black,1.000,50.86,1,1,1,0,10.16,3,2.1,12,2953,
2990,3.2680,-0.1084,-0.0621,3.089,good,0.000,3.29,0,0,0,0,7.46,3,0.0,,,
2994,3.2680,-0.1194,-0.2195,2.983,good,0.000,2.21,0,0,0,0,13.56,2,0.0,,,
2995,3.2680,-0.1172,0.1984,2.945,sour,1.000,13.07,1,1,1,0,13.74,2,2.1,57,2972,
2991,3.2720,-0.1154,0.0519,2.960,good,0.001,3.26,0,0,0,0,12.77,3,0.0,,,
2992,3.2720,-0.1092,0.1744,3.275,good,0.040,6.18,0,0,0,0,3.88,3,0.0,,,
2993,3.2720,-0.1270,0.1078,2.405,good,0.001,3.62,0,0,0,0,30.37,2,0.0,,,
3001,3.2720,-0.1185,0.0133,2.992,good,0.009,2.82,0,0,0,0,13.02,2,0.0,,,
3002,3.2720,-0.1170,0.1795,2.826,husk,0.995,16.26,1,1,1,0,16.76,2,1.6,54|55,2960,
3003,3.2720,-0.1173,0.1033,3.000,good,0.001,3.96,0,0,0,0,12.43,1,0.0,,,
2998,3.2760,-0.1160,0.1277,2.988,good,0.000,2.13,0,0,0,0,12.29,3,0.0,,,
2999,3.2760,-0.1145,-0.0751,3.000,good,0.000,2.53,0,0,0,0,11.48,3,0.0,,,
3000,3.2760,-0.1140,0.2170,2.948,good,0.000,2.90,0,0,0,0,12.59,3,0.0,,,
3004,3.2800,-0.1164,-0.1823,3.001,good,0.000,2.63,0,0,0,0,12.09,2,0.0,,,
3005,3.2880,-0.1169,-0.0423,2.743,good,0.000,2.85,0,0,0,0,19.07,3,0.0,,,
3006,3.2880,-0.1173,-0.1602,2.626,good,0.002,2.56,0,0,0,0,22.73,3,0.0,,,
3007,3.2880,-0.1108,0.1994,2.969,good,0.024,2.97,0,0,0,0,10.99,3,0.0,,,
3008,3.2880,-0.1093,-0.2435,2.749,good,0.002,3.61,0,0,0,0,16.16,3,0.0,,,
3010,3.2880,-0.1166,0.0993,2.957,good,0.015,2.38,0,0,0,0,13.25,2,0.0,,,
3009,3.2920,-0.1151,0.0351,3.003,good,0.000,3.01,0,0,0,0,11.62,3,0.0,,,
3011,3.2920,-0.1197,-0.0278,3.385,good,0.001,6.15,0,0,0,0,4.89,2,0.0,,,
3012,3.2960,-0.1100,-0.2008,2.998,good,0.001,2.21,0,0,0,0,10.03,3,0.0,,,
3013,3.2960,-0.1085,0.0982,2.994,good,0.000,2.18,0,0,0,0,9.65,3,0.0,,,
3015,3.2960,-0.1171,-0.0674,2.998,insect,0.979,6.71,1,1,1,0,12.42,2,2.1,23,2989|2994,
3016,3.2960,-0.1169,-0.1720,3.204,good,0.000,2.48,0,0,0,0,7.71,2,0.0,,,
3017,3.2960,-0.1154,0.0917,3.201,good,0.000,2.05,0,0,0,0,7.30,2,0.0,,,
3014,3.3000,-0.1386,0.0485,3.000,shell,1.000,38.08,1,1,1,0,11.53,1,1.6,38,2998,
3022,3.3000,-0.1195,-0.1794,3.000,good,0.000,2.64,0,0,0,0,13.17,2,0.0,,,
3023,3.3000,-0.1171,-0.2251,3.007,good,0.000,5.37,0,0,0,0,12.20,2,0.0,,,
3024,3.3000,-0.1183,0.0846,2.974,good,0.000,2.74,0,0,0,0,13.40,2,0.0,,,
3025,3.3000,-0.1252,0.0419,3.000,shell,1.000,36.67,1,1,1,0,11.07,1,1.6,37,2991,
3029,3.3000,-0.1119,0.0352,3.000,shell,1.000,38.04,1,1,1,0,10.62,1,1.6,36,3033,
3018,3.3040,-0.1155,0.0090,2.900,good,0.016,5.51,0,0,0,0,14.32,3,0.0,,,
3019,3.3040,-0.1154,0.0368,2.988,good,0.001,2.08,0,0,0,0,12.09,3,0.0,,,
3020,3.3040,-0.1099,0.0665,3.123,good,0.002,3.37,0,0,0,0,7.20,3,0.0,,,
3021,3.3040,-0.1089,-0.1595,3.000,good,0.000,2.73,0,0,0,0,9.63,3,0.0,,,
3037,3.3040,-0.1141,0.0144,3.000,good,0.000,1.80,0,0,0,0,11.37,1,0.0,,,
3026,3.3080,-0.1154,0.0463,3.016,broken,0.999,2.35,1,1,1,0,11.40,3,1.6,37|38,2998,2998
3027,3.3080,-0.1120,-0.1181,3.184,good,0.000,3.00,0,0,0,0,6.59,3,0.0,,,
3028,3.3080,-0.1118,-0.2055,3.004,good,0.000,2.64,0,0,0,0,10.49,3,0.0,,,
3033,3.3080,-0.1192,-0.0470,3.173,faded,0.540,3.91,1,1,1,0,9.09,2,2.1,25|26,2996,
3034,3.3080,-0.1187,-0.1393,3.357,sour,1.000,14.30,1,1,1,0,5.16,2,2.1,14|13,3031,3031
3035,3.3080,-0.1171,-0.1598,3.000,good,0.004,2.54,0,0,0,0,12.38,2,0.0,,,
3036,3.3080,-0.1160,-0.2283,3.075,good,0.005,2.89,0,0,0,0,10.24,2,0.0,,,
3031,3.3120,-0.1147,-0.1333,3.002,good,0.001,2.57,0,0,0,0,11.53,3,0.0,,,
3032,3.3120,-0.1141,-0.0312,2.583,good,0.001,2.63,0,0,0,0,22.91,3,0.0,,,
3040,3.3120,-0.1153,-0.0567,3.366,husk,1.000,11.47,1,1,1,0,3.97,2,1.6,24,3037,
3041,3.3120,-0.1190,0.0661,2.994,good,0.000,2.91,0,0,0,0,13.13,2,0.0,,,
3030,3.3160,-0.1169,0.2164,1.922,insect,1.000,5.40,1,1,1,0,52.88,4,2.1,59,2979,
3038,3.3160,-0.1101,0.1302,2.996,good,0.000,2.77,0,0,0,0,10.12,3,0.0,,,
3039,3.3160,-0.1080,0.0468,3.097,faded,1.000,5.78,1,1,1,0,7.16,3,2.1,37|38,3018,
3044,3.3160,-0.1186,-0.0682,2.866,black,1.000,55.94,1,1,1,0,16.27,2,2.1,23,3013,3013
3050,3.3160,-0.1038,-0.0347,3.000,good,0.000,2.55,0,0,0,0,7.93,1,0.0,,,
3042,3.3200,-0.1129,-0.0270,3.023,good,0.000,2.59,0,0,0,0,10.43,3,0.0,,,
3043,3.3200,-0.1103,0.0304,2.989,broken,1.000,2.40,1,1,1,0,10.35,3,1.6,35|36,3008,3008
3049,3.3200,-0.1130,-0.1383,3.450,good,0.001,3.03,0,0,0,0,1.75,2,0.0,,,
3045,3.3240,-0.1111,0.1533,3.043,good,0.029,5.07,0,0,0,0,9.39,3,0.0,,,
3046,3.3240,-0.1131,-0.0861,2.898,good,0.000,2.32,0,0,0,0,13.53,3,0.0,,,
3047,3.3240,-0.1098,0.0235,3.001,good,0.030,3.06,0,0,0,0,9.92,3,0.0,,,
3048,3.3240,-0.1090,0.1941,2.990,good,0.000,3.76,0,0,0,0,9.92,3,0.0,,,
3051,3.3280,-0.1287,-0.1155,2.832,good,0.158,10.26,0,0,0,0,16.78,2,0.0,,,
3052,3.3280,-0.1124,0.1266,3.173,good,0.003,6.90,0,0,0,0,6.93,3,0.0,,,
3053,3.3280,-0.1089,0.0169,3.106,good,0.000,2.74,0,0,0,0,7.28,3,0.0,,,
3054,3.3280,-0.1093,0.1840,2.988,good,0.000,3.95,0,0,0,0,10.05,3,0.0,,,
3055,3.3280,-0.1072,-0.1047,3.101,good,0.001,2.73,0,0,0,0,6.83,3,0.0,,,
3058,3.3280,-0.1180,0.1771,2.967,good,0.000,2.21,0,0,0,0,13.47,2,0.0,,,
3064,3.3280,-0.1164,-0.1125,3.000,good,0.002,2.33,0,0,0,0,12.12,1,0.0,,,
3056,3.3320,-0.1159,0.2374,2.830,good,0.043,4.50,0,0,0,0,16.28,3,0.0,,,
3057,3.3320,-0.1139,0.2273,2.782,good,0.005,3.28,0,0,0,0,16.87,3,0.0,,,
3059,3.3360,-0.1160,-0.0311,3.001,good,0.000,2.47,0,0,0,0,11.99,3,0.0,,,
3060,3.3360,-0.1142,-0.2275,2.979,good,0.000,2.83,0,0,0,0,11.92,3,0.0,,,
3061,3.3360,-0.1114,-0.0723,3.095,sour,1.000,23.76,1,1,1,0,8.31,3,2.1,22,3048,
3062,3.3360,-0.1140,-0.1059,2.661,good,0.129,7.21,0,0,0,0,20.40,3,0.0,,,
3063,3.3360,-0.1114,0.1839,2.557,broken,0.867,2.66,1,1,1,0,22.69,3,1.6,55,3035,3035
3068,3.3360,-0.1180,0.0682,3.348,good,0.001,1.77,0,0,0,0,5.13,2,0.0,,,
3069,3.3360,-0.1155,0.1253,3.450,good,0.002,2.30,0,0,0,0,2.46,2,0.0,,,
3070,3.3360,-0.1163,0.2014,2.995,good,0.001,10.76,0,0,0,0,12.20,2,0.0,,,
3065,3.3400,-0.1264,-0.1978,2.961,good,0.008,3.14,0,0,0,0,12.45,2,0.0,,,
3066,3.3400,-0.1257,0.1563,2.778,good,0.000,3.33,0,0,0,0,17.26,2,0.0,,,
3067,3.3400,-0.1088,0.2176,2.947,good,0.000,4.11,0,0,0,0,10.86,3,0.0,,,
3073,3.3400,-0.1200,-0.1821,2.983,good,0.523,5.16,1,1,1,0,13.75,2,2.1,8,3036,3036
3074,3.3400,-0.1177,0.0977,3.065,good,0.000,2.13,0,0,0,0,11.05,2,0.0,,,
3077,3.3400,-0.1146,0.1596,3.000,good,0.000,2.73,0,0,0,0,11.53,1,0.0,,,
3078,3.3400,-0.1145,-0.2009,3.000,good,0.021,3.16,0,0,0,0,11.50,1,0.0,,,
3079,3.3400,-0.1032,-0.1028,3.000,good,0.005,3.59,0,0,0,0,7.74,1,0.0,,,
3071,3.3440,-0.1389,-0.0496,3.000,good,0.001,2.84,0,0,0,0,11.62,1,0.0,,,
3072,3.3440,-0.1088,0.0452,3.001,good,0.001,3.07,0,0,0,0,9.56,3,0.0,,,
3076,3.3440,-0.1305,-0.0459,3.000,good,0.000,2.59,0,0,0,0,12.82,1,0.0,,,
3075,3.3480,-0.1119,0.0624,3.004,good,0.000,1.86,0,0,0,0,10.53,3,0.0,,,
3080,3.3480,-0.1195,-0.0803,3.006,good,0.005,3.31,0,0,0,0,13.02,2,0.0,,,
3081,3.3480,-0.1165,-0.0370,3.450,good,0.005,3.97,0,0,0,0,2.75,2,0.0,,,
3082,3.3480,-0.1221,-0.0422,3.000,good,0.001,2.56,0,0,0,0,10.04,1,0.0,,,
3084,3.3520,-0.1172,-0.2053,3.000,insect,1.000,3.22,1,1,1,0,12.41,2,2.1,5,3057,3057
3083,3.3560,-0.1126,0.0504,2.852,good,0.072,2.24,0,0,0,0,14.55,3,0.0,,,
3089,3.3560,-0.1164,0.1289,3.063,good,0.000,3.09,0,0,0,0,10.63,2,0.0,,,
3085,3.3600,-0.1244,-0.0009,3.388,good,0.001,3.63,0,0,0,0,2.22,2,0.0,,,
3086,3.3600,-0.1178,0.2262,2.496,black,1.000,49.86,1,1,1,0,27.26,3,2.1,60|61,3073,
3087,3.3600,-0.1103,0.0542,3.010,good,0.001,3.25,0,0,0,0,9.86,3,0.0,,,
3088,3.3600,-0.1103,-0.1809,2.970,good,0.000,2.35,0,0,0,0,10.81,3,0.0,,,
3095,3.3600,-0.1196,-0.0613,3.000,good,0.024,2.82,0,0,0,0,13.20,2,0.0,,,
3102,3.3600,-0.1108,0.0023,3.000,good,0.002,3.57,0,0,0,0,10.28,1,0.0,,,
3090,3.3640,-0.1142,0.0743,2.988,good,0.000,3.53,0,0,0,0,11.70,3,0.0,,,
3091,3.3640,-0.1082,0.1552,3.450,good,0.020,4.56,0,0,0,0,0.35,3,0.0,,,
3092,3.3640,-0.1257,0.0160,2.773,good,0.001,3.98,0,0,0,0,17.40,2,0.0,,,
3093,3.3640,-0.1110,-0.0431,3.054,good,0.000,2.63,0,0,0,0,9.08,3,0.0,,,
3094,3.3640,-0.1095,-0.0303,2.958,faded,0.932,3.38,1,1,1,0,10.83,3,2.1,28|27,3042,3042
3100,3.3640,-0.1197,0.1714,3.103,good,0.001,5.33,0,0,0,0,10.79,2,0.0,,,
3101,3.3640,-0.1187,-0.1938,3.000,good,0.001,2.33,0,0,0,0,12.90,2,0.0,,,
3105,3.3640,-0.1146,0.0192,3.000,good,0.001,3.97,0,0,0,0,11.53,1,0.0,,,
3096,3.3680,-0.1156,-0.0427,2.944,good,0.000,1.98,0,0,0,0,13.22,3,0.0,,,
3097,3.3680,-0.1145,-0.0336,2.995,good,0.001,2.64,0,0,0,0,11.64,3,0.0,,,
3098,3.3680,-0.1135,-0.1291,2.979,good,0.001,2.47,0,0,0,0,11.65,3,0.0,,,
3099,3.3680,-0.1098,0.1924,3.044,good,0.000,2.62,0,0,0,0,8.92,3,0.0,,,
3104,3.3680,-0.1164,-0.1739,3.000,black,1.000,48.17,1,1,1,0,12.14,2,2.1,9,3071,3071
3108,3.3720,-0.1178,0.0988,3.172,faded,1.000,5.50,1,1,1,0,8.65,2,2.1,44,3079,3079
3109,3.3720,-0.1183,-0.0725,2.986,faded,1.000,4.38,1,1,1,0,13.09,2,2.1,22,3070,3070
3103,3.3760,-0.1099,0.1653,2.608,good,0.002,7.67,0,0,0,0,20.48,4,0.0,,,
3106,3.3760,-0.1128,-0.0986,3.001,good,0.000,3.29,0,0,0,0,10.92,3,0.0,,,
3107,3.3760,-0.1117,0.1970,3.000,good,0.010,2.99,0,0,0,0,10.58,3,0.0,,,
3110,3.3760,-0.1184,-0.2154,3.022,good,0.004,6.23,0,0,0,0,12.27,2,0.0,,,
3111,3.3760,-0.1166,0.0168,3.376,good,0.000,2.04,0,0,0,0,4.15,2,0.0,,,
3112,3.3800,-0.1150,-0.2106,3.263,good,0.000,2.51,0,0,0,0,5.90,2,0.0,,,
3116,3.3800,-0.1090,-0.2206,3.000,good,0.000,1.92,0,0,0,0,9.65,1,0.0,,,
3115,3.3840,-0.1200,0.0338,3.236,good,0.000,3.08,0,0,0,0,7.98,2,0.0,,,
3113,3.3880,-0.1142,0.1282,2.994,good,0.000,2.85,0,0,0,0,11.53,3,0.0,,,
3114,3.3880,-0.1085,-0.2011,2.905,faded,1.000,6.24,1,1,1,0,11.78,3,2.1,6,3067,3067
3118,3.3880,-0.1190,-0.2003,2.993,good,0.002,2.38,0,0,0,0,13.17,2,0.0,,,
3119,3.3880,-0.1154,-0.1687,3.314,good,0.000,4.08,0,0,0,0,5.00,2,0.0,,,
3120,3.3880,-0.1180,-0.1805,2.757,good,0.000,2.80,0,0,0,0,19.08,2,0.0,,,
3117,3.3920,-0.1093,-0.0424,2.950,husk,0.888,8.99,1,1,1,0,10.96,3,1.6,26,3080|3088,3080
3124,3.3920,-0.1197,-0.1138,3.019,good,0.000,1.95,0,0,0,0,12.78,2,0.0,,,
3125,3.3920,-0.1161,-0.1806,3.030,good,0.102,1.84,0,0,0,0,11.31,2,0.0,,,
3121,3.3960,-0.1238,-0.1969,3.450,good,0.001,5.31,0,0,0,0,0.88,2,0.0,,,
3122,3.3960,-0.1103,0.0394,3.012,good,0.000,2.87,0,0,0,0,9.82,3,0.0,,,
3123,3.3960,-0.1101,-0.1015,2.776,good,0.000,2.43,0,0,0,0,15.69,3,0.0,,,
3132,3.3960,-0.1091,-0.2000,3.000,good,0.000,5.01,0,0,0,0,9.71,1,0.0,,,
3126,3.4000,-0.1376,0.0133,3.000,stone,1.000,57.25,1,1,1,0,11.22,1,6.1,33|34|32,,
3127,3.4000,-0.1114,0.0071,2.848,good,0.167,7.35,0,0,0,0,14.22,3,0.0,,,
3131,3.4000,-0.1242,0.0212,3.000,stone,1.000,56.54,1,1,1,0,10.72,1,6.1,34|35|33,,
3137,3.4000,-0.1107,0.0292,3.000,stone,1.000,57.85,1,1,1,0,10.22,1,6.1,35|36|34,3098,
3128,3.4040,-0.1136,-0.2426,3.089,good,0.000,3.00,0,0,0,0,9.14,3,0.0,,,
3129,3.4040,-0.1170,0.1937,2.653,good,0.000,5.03,0,0,0,0,21.80,3,0.0,,,
3130,3.4040,-0.1123,-0.2135,3.050,broken,0.558,4.28,1,1,1,0,9.61,3,1.6,4,3103,3103
3133,3.4080,-0.1157,-0.1768,2.395,shell,0.997,7.37,1,1,1,0,30.07,3,1.6,9,3084,
3134,3.4080,-0.1110,-0.1083,3.020,good,0.000,2.99,0,0,0,0,9.86,3,0.0,,,
3135,3.4080,-0.1107,-0.0352,2.998,good,0.000,2.59,0,0,0,0,10.26,3,0.0,,,
3136,3.4080,-0.1105,0.0867,2.514,good,0.000,3.55,0,0,0,0,23.73,3,0.0,,,
3138,3.4120,-0.1142,0.0669,3.014,good,0.001,1.95,0,0,0,0,11.08,3,0.0,,,
3139,3.4120,-0.1134,0.1355,3.003,shell,1.000,9.41,1,1,1,0,11.04,3,1.6,49,3114,3114
3140,3.4120,-0.1099,-0.0143,2.955,good,0.000,2.88,0,0,0,0,11.02,3,0.0,,,
3144,3.4120,-0.1192,0.1942,3.134,good,0.425,3.29,0,0,0,0,9.94,2,0.0,,,
3145,3.4120,-0.1191,-0.0140,3.024,sour,1.000,18.58,1,1,1,0,12.47,2,2.1,30,3112,3112
3146,3.4120,-0.1173,0.1690,3.000,sour,1.000,15.21,1,1,1,0,12.42,2,2.1,53,3136,
3141,3.4160,-0.1122,-0.0979,3.000,good,0.000,2.14,0,0,0,0,10.75,3,0.0,,,
3142,3.4160,-0.1093,-0.0269,3.102,good,0.079,1.97,0,0,0,0,7.48,3,0.0,,,
3143,3.4160,-0.1078,0.2020,3.107,good,0.013,9.05,0,0,0,0,6.88,3,0.0,,,
3149,3.4160,-0.1189,0.2166,3.003,good,0.000,1.96,0,0,0,0,12.91,2,0.0,,,
3150,3.4160,-0.1185,-0.1391,3.003,good,0.002,2.57,0,0,0,0,12.78,2,0.0,,,
3151,3.4160,-0.1157,0.0123,3.353,good,0.000,2.72,0,0,0,0,4.33,2,0.0,,,
3152,3.4160,-0.1124,0.1787,2.952,good,0.006,6.85,0,0,0,0,11.96,2,0.0,,,
3147,3.4200,-0.1118,0.1278,3.102,good,0.015,3.21,0,0,0,0,8.28,3,0.0,,,
3148,3.4200,-0.1130,0.0794,2.570,broken,1.000,9.52,1,1,1,0,22.87,3,1.6,42|41,3100,
3162,3.4200,-0.1065,-0.1355,3.000,good,0.002,2.55,0,0,0,0,8.84,1,0.0,,,
3153,3.4240,-0.1159,-0.2235,2.997,faded,0.999,6.26,1,1,1,0,12.02,3,2.1,3,3121,3121
3154,3.4240,-0.1399,0.1117,3.000,good,0.001,2.18,0,0,0,0,11.97,1,0.0,,,
3155,3.4240,-0.1124,0.1565,2.935,good,0.002,3.24,0,0,0,0,12.36,3,0.0,,,
3156,3.4240,-0.1096,-0.2444,2.898,good,0.006,3.09,0,0,0,0,12.34,3,0.0,,,
3161,3.4240,-0.1156,0.1060,3.049,good,0.004,7.45,0,0,0,0,10.72,2,0.0,,,
3157,3.4280,-0.1131,-0.1929,3.003,good,0.000,4.05,0,0,0,0,10.96,3,0.0,,,
3158,3.4280,-0.1150,-0.0696,2.999,good,0.000,2.75,0,0,0,0,11.70,3,0.0,,,
3159,3.4280,-0.1254,0.0772,3.004,good,0.001,2.40,0,0,0,0,11.05,2,0.0,,,
3160,3.4280,-0.1102,0.0066,3.004,good,0.000,2.33,0,0,0,0,9.99,3,0.0,,,
3168,3.4280,-0.1134,0.0742,3.000,good,0.002,2.38,0,0,0,0,11.14,1,0.0,,,
3163,3.4320,-0.1136,0.0115,3.318,good,0.000,3.61,0,0,0,0,4.38,3,0.0,,,
3164,3.4320,-0.1183,0.1372,2.609,good,0.028,3.28,0,0,0,0,23.69,3,0.0,,,
3165,3.4320,-0.1389,0.0584,3.000,good,0.000,2.89,0,0,0,0,11.63,1,0.0,,,
3166,3.4320,-0.1121,0.1798,2.980,good,0.000,2.03,0,0,0,0,11.20,3,0.0,,,
3167,3.4320,-0.1091,0.0601,2.559,good,0.006,7.71,0,0,0,0,21.71,3,0.0,,,
3172,3.4360,-0.1185,-0.0253,2.992,good,0.000,2.57,0,0,0,0,13.04,2,0.0,,,
3173,3.4360,-0.1159,0.1689,3.062,good,0.000,2.82,0,0,0,0,10.51,2,0.0,,,
3174,3.4360,-0.1162,0.1825,3.001,good,0.002,7.66,0,0,0,0,12.05,2,0.0,,,
3169,3.4400,-0.1101,-0.0941,3.038,good,0.000,2.66,0,0,0,0,9.16,3,0.0,,,
3170,3.4400,-0.1078,0.1387,3.102,good,0.000,2.96,0,0,0,0,7.00,3,0.0,,,
3171,3.4400,-0.1086,0.2333,3.023,good,0.014,3.51,0,0,0,0,9.00,3,0.0,,,
3176,3.4400,-0.1197,0.1627,2.999,good,0.004,3.10,0,0,0,0,13.25,2,0.0,,,
3177,3.4400,-0.1169,-0.0248,2.999,good,0.157,3.95,0,0,0,0,12.34,2,0.0,,,
3178,3.4400,-0.1115,-0.2023,3.450,good,0.009,2.60,0,0,0,0,1.31,2,0.0,,,
3175,3.4440,-0.1110,0.1516,2.989,black,1.000,47.18,1,1,1,0,10.59,3,2.1,51,3134,3134
3182,3.4440,-0.1184,-0.1027,3.412,good,0.000,2.24,0,0,0,0,4.01,2,0.0,,,
3184,3.4440,-0.1189,0.0213,2.995,good,0.000,2.46,0,0,0,0,13.10,2,0.0,,,
3185,3.4440,-0.1165,-0.0718,3.051,insect,1.000,8.55,1,1,1,0,10.98,2,2.1,22|23,3138,
3179,3.4480,-0.1158,-0.2179,3.000,good,0.009,3.20,0,0,0,0,11.95,3,0.0,,,
3180,3.4480,-0.1130,0.0374,2.988,good,0.013,3.34,0,0,0,0,11.29,3,0.0,,,
3181,3.4480,-0.1129,0.0681,3.022,good,0.001,3.90,0,0,0,0,10.45,3,0.0,,,
3183,3.4480,-0.1085,0.1728,3.016,good,0.000,2.69,0,0,0,0,9.13,3,0.0,,,
3187,3.4480,-0.1184,-0.0884,2.995,good,0.005,2.66,0,0,0,0,12.93,2,0.0,,,
3186,3.4520,-0.1158,-0.1015,2.941,good,0.040,5.03,0,0,0,0,13.37,3,0.0,,,
3189,3.4520,-0.1164,0.0163,3.058,good,0.008,3.14,0,0,0,0,10.77,2,0.0,,,
3188,3.4560,-0.1327,0.2184,3.000,good,0.000,6.82,0,0,0,0,9.57,1,0.0,,,
3194,3.4560,-0.1173,-0.1973,2.990,good,0.000,4.09,0,0,0,0,12.68,2,0.0,,,
3195,3.4560,-0.1225,0.2218,3.000,good,0.002,6.74,0,0,0,0,10.16,1,0.0,,,
3203,3.4560,-0.1123,0.2251,3.000,good,0.000,6.68,0,0,0,0,10.75,1,0.0,,,
3190,3.4600,-0.1123,-0.2309,2.920,good,0.035,3.51,0,0,0,0,12.69,3,0.0,,,
3191,3.4600,-0.1106,-0.0170,3.007,good,0.001,2.50,0,0,0,0,10.06,3,0.0,,,
3192,3.4600,-0.1104,-0.1874,2.982,good,0.001,2.49,0,0,0,0,10.56,3,0.0,,,
3193,3.4600,-0.1331,0.0266,3.000,good,0.000,4.50,0,0,0,0,9.71,1,0.0,,,
3200,3.4600,-0.1134,-0.0659,3.006,stick,1.000,68.54,1,1,1,0,11.00,2,1.6,23,3163,3163
3201,3.4600,-0.1192,-0.2338,3.040,good,0.026,3.55,0,0,0,0,12.11,2,0.0,,,
3202,3.4600,-0.1210,0.0302,3.000,good,0.002,4.37,0,0,0,0,9.65,1,0.0,,,
3205,3.4600,-0.1088,0.0338,3.000,good,0.014,4.37,0,0,0,0,9.60,1,0.0,,,
3206,3.4600,-0.1020,0.2285,3.000,good,0.000,6.54,0,0,0,0,7.35,1,0.0,,,
3196,3.4640,-0.1079,-0.1502,3.450,broken,0.943,10.43,1,1,1,0,0.27,3,1.6,12,3220,
3197,3.4640,-0.1150,-0.1428,2.894,good,0.001,3.17,0,0,0,0,14.30,3,0.0,,,
3198,3.4640,-0.1104,0.0150,2.989,broken,0.795,2.22,1,1,1,0,10.41,3,1.6,33|34,3159,3159
3199,3.4640,-0.1099,0.0939,2.976,faded,0.783,3.12,1,1,1,0,10.52,3,2.1,44|43,3161,3161
3204,3.4640,-0.1179,-0.1889,2.995,good,0.000,2.87,0,0,0,0,12.74,2,0.0,,,
3208,3.4680,-0.1196,-0.0263,2.995,good,0.001,2.45,0,0,0,0,13.31,2,0.0,,,
3209,3.4680,-0.1180,0.1941,2.995,good,0.003,2.31,0,0,0,0,12.81,2,0.0,,,
3210,3.4680,-0.1162,0.1259,3.002,good,0.002,1.87,0,0,0,0,12.02,2,0.0,,,
3207,3.4720,-0.1110,0.0311,2.858,good,0.002,6.17,0,0,0,0,13.83,3,0.0,,,
3211,3.4760,-0.1122,0.1895,3.023,good,0.001,3.02,0,0,0,0,10.22,3,0.0,,,
3212,3.4800,-0.1286,-0.2394,2.196,good,0.012,3.29,0,0,0,0,40.07,2,0.0,,,
3217,3.4800,-0.1170,0.0420,3.097,good,0.000,3.16,0,0,0,0,10.06,2,0.0,,,
3218,3.4800,-0.1157,0.1516,3.009,good,0.000,3.59,0,0,0,0,11.67,2,0.0,,,
3219,3.4800,-0.1181,0.2238,3.000,good,0.000,3.80,0,0,0,0,12.69,2,0.0,,,
3220,3.4800,-0.1162,-0.0206,2.991,good,0.001,2.35,0,0,0,0,12.29,2,0.0,,,
3226,3.4800,-0.1198,-0.2430,3.000,good,0.006,3.29,0,0,0,0,13.25,1,0.0,,,
3213,3.4840,-0.1137,0.1298,2.997,good,0.013,2.45,0,0,0,0,11.32,3,0.0,,,
3214,3.4840,-0.1144,-0.0527,2.560,good,0.000,5.84,0,0,0,0,23.74,3,0.0,,,
3215,3.4840,-0.1112,-0.0089,2.995,good,0.000,1.97,0,0,0,0,10.53,3,0.0,,,
3216,3.4840,-0.1083,-0.1983,3.273,good,0.011,3.45,0,0,0,0,3.65,3,0.0,,,
3224,3.4840,-0.1309,-0.0576,3.000,good,0.000,2.71,0,0,0,0,12.95,1,0.0,,,
3225,3.4840,-0.1161,-0.1090,3.283,good,0.000,3.28,0,0,0,0,5.82,2,0.0,,,
3221,3.4880,-0.1131,-0.1499,2.999,good,0.002,7.94,0,0,0,0,11.04,3,0.0,,,
3222,3.4880,-0.1088,0.0231,3.065,good,0.000,2.04,0,0,0,0,8.11,3,0.0,,,
3223,3.4880,-0.1088,0.0615,3.008,good,0.004,2.21,0,0,0,0,9.43,3,0.0,,,
3231,3.4880,-0.1180,-0.0352,3.011,good,0.008,2.29,0,0,0,0,12.40,2,0.0,,,
3227,3.4920,-0.1160,0.2098,2.839,broken,1.000,24.06,1,1,1,0,16.09,3,1.6,58|59,3135,
3228,3.4920,-0.1147,-0.0057,2.734,good,0.005,4.33,0,0,0,0,18.54,3,0.0,,,
3229,3.4920,-0.1110,-0.1753,2.997,good,0.006,4.27,0,0,0,0,10.40,3,0.0,,,
3230,3.4920,-0.1087,-0.2153,3.044,good,0.000,2.75,0,0,0,0,8.57,3,0.0,,,
3235,3.4920,-0.1162,0.1751,2.948,good,0.001,3.62,0,0,0,0,13.32,2,0.0,,,
3236,3.4920,-0.1144,-0.0280,3.020,broken,0.986,3.29,1,1,1,0,11.00,2,1.6,28,3210,3210
3232,3.4960,-0.1128,0.1943,3.104,broken,0.917,4.06,1,1,1,0,8.56,3,1.6,56|57,3189,
3233,3.4960,-0.1141,-0.0664,3.008,good,0.001,2.54,0,0,0,0,11.18,3,0.0,,,
3234,3.4960,-0.1226,0.1844,2.685,good,0.001,2.93,0,0,0,0,18.89,2,0.0,,,
3237,3.4960,-0.1166,-0.0023,2.985,good,0.003,3.44,0,0,0,0,12.55,2,0.0,,,
3239,3.4960,-0.1118,0.1814,3.000,good,0.001,2.93,0,0,0,0,10.61,1,0.0,,,
3240,3.4960,-0.1056,-0.0000,3.000,good,0.000,2.94,0,0,0,0,8.55,1,0.0,,,
3241,3.4960,-0.1046,0.2062,3.000,broken,1.000,24.96,1,1,1,0,8.19,1,1.6,58,3135,
3238,3.5040,-0.1126,0.1912,2.999,good,0.000,3.23,0,0,0,0,10.91,3,0.0,,,
3242,3.5080,-0.1106,0.1038,2.953,good,0.000,2.67,0,0,0,0,11.32,3,0.0,,,
3243,3.5080,-0.1073,-0.1579,3.222,good,0.000,2.41,0,0,0,0,4.34,3,0.0,,,
3248,3.5080,-0.1184,0.1073,3.000,good,0.000,3.04,0,0,0,0,12.82,2,0.0,,,
3244,3.5120,-0.1098,-0.2267,2.924,good,0.004,5.88,0,0,0,0,11.74,3,0.0,,,
3245,3.5120,-0.1112,0.0108,2.988,good,0.000,2.83,0,0,0,0,10.68,3,0.0,,,
3246,3.5120,-0.1129,0.1369,2.805,good,0.014,5.29,0,0,0,0,15.88,3,0.0,,,
3247,3.5120,-0.1108,0.0895,2.798,good,0.000,2.41,0,0,0,0,15.34,3,0.0,,,
3252,3.5120,-0.1174,-0.1008,3.000,good,0.000,2.56,0,0,0,0,12.46,2,0.0,,,
3249,3.5160,-0.1098,-0.1842,2.965,good,0.016,3.47,0,0,0,0,10.75,3,0.0,,,
3250,3.5160,-0.1097,0.1014,2.966,good,0.153,5.72,0,0,0,0,10.72,3,0.0,,,
3251,3.5160,-0.1087,-0.1463,3.011,good,0.006,3.58,0,0,0,0,9.30,3,0.0,,,
3253,3.5160,-0.1198,0.0051,3.450,good,0.002,3.96,0,0,0,0,3.70,2,0.0,,,
3255,3.5160,-0.1187,-0.2226,2.919,good,0.000,2.73,0,0,0,0,14.94,2,0.0,,,
3256,3.5160,-0.1180,0.1875,2.934,good,0.497,10.00,0,0,0,0,14.30,2,0.0,,,
3257,3.5160,-0.1161,0.2243,3.185,black,1.000,51.94,1,1,1,0,7.84,2,2.1,60,3208,
3258,3.5160,-0.1153,0.1581,2.999,good,0.000,2.46,0,0,0,0,11.79,2,0.0,,,
3254,3.5200,-0.1096,0.0690,3.000,good,0.000,2.17,0,0,0,0,9.86,3,0.0,,,
3260,3.5200,-0.1185,0.1497,3.012,good,0.001,8.02,0,0,0,0,12.54,2,0.0,,,
3259,3.5240,-0.1153,0.2224,3.002,good,0.015,2.86,0,0,0,0,11.74,3,0.0,,,
3268,3.5240,-0.1089,0.1469,3.000,good,0.000,2.51,0,0,0,0,9.62,1,0.0,,,
3269,3.5240,-0.1039,0.1572,3.000,good,0.000,1.90,0,0,0,0,7.97,1,0.0,,,
3261,3.5280,-0.1190,-0.1469,2.293,good,0.008,4.28,0,0,0,0,35.53,3,0.0,,,
3262,3.5280,-0.1126,-0.2110,2.937,good,0.001,4.04,0,0,0,0,12.38,3,0.0,,,
3263,3.5280,-0.1091,0.1339,3.011,good,0.000,2.43,0,0,0,0,9.43,3,0.0,,,
3266,3.5280,-0.1182,0.1964,2.999,good,0.000,5.59,0,0,0,0,12.75,2,0.0,,,
3267,3.5280,-0.1186,-0.1026,3.057,good,0.000,3.74,0,0,0,0,11.52,2,0.0,,,
3264,3.5320,-0.1301,0.0065,2.366,good,0.001,2.88,0,0,0,0,33.24,2,0.0,,,
3265,3.5320,-0.1156,0.0423,3.000,good,0.001,4.09,0,0,0,0,11.85,3,0.0,,,
3273,3.5320,-0.1170,0.1405,3.161,good,0.000,6.02,0,0,0,0,8.67,2,0.0,,,
3274,3.5320,-0.1137,-0.0813,3.000,good,0.032,9.65,0,0,0,0,11.23,2,0.0,,,
3275,3.5320,-0.1166,0.0554,3.006,good,0.001,3.26,0,0,0,0,12.06,2,0.0,,,
3270,3.5360,-0.1119,0.0098,3.450,good,0.015,5.49,0,0,0,0,1.41,3,0.0,,,
3271,3.5360,-0.1125,-0.2249,3.022,good,0.000,3.71,0,0,0,0,10.32,3,0.0,,,
3272,3.5360,-0.1070,-0.1975,3.176,good,0.003,10.01,0,0,0,0,5.16,3,0.0,,,
3277,3.5360,-0.1197,-0.0829,3.002,good,0.017,2.51,0,0,0,0,13.19,2,0.0,,,
3276,3.5400,-0.1108,-0.2345,2.614,good,0.001,3.08,0,0,0,0,20.65,3,0.0,,,
3280,3.5400,-0.1154,-0.1708,2.990,good,0.000,2.41,0,0,0,0,12.02,2,0.0,,,
3281,3.5400,-0.1123,0.0397,3.450,good,0.068,2.52,0,0,0,0,1.54,2,0.0,,,
3278,3.5440,-0.1138,0.2312,2.998,good,0.000,1.62,0,0,0,0,11.34,3,0.0,,,
3279,3.5440,-0.1130,0.0004,2.998,good,0.159,4.25,0,0,0,0,11.03,3,0.0,,,
3284,3.5440,-0.1190,0.0831,2.985,good,0.000,3.07,0,0,0,0,13.37,2,0.0,,,
3285,3.5440,-0.1175,-0.1275,2.872,good,0.003,4.97,0,0,0,0,15.72,2,0.0,,,
3282,3.5480,-0.1114,-0.0888,2.850,good,0.000,1.89,0,0,0,0,14.16,3,0.0,,,
3283,3.5480,-0.1125,0.0591,2.645,good,0.000,2.70,0,0,0,0,20.32,3,0.0,,,
3287,3.5480,-0.1180,0.1091,3.002,good,0.004,4.26,0,0,0,0,12.62,2,0.0,,,
3288,3.5480,-0.1184,0.1501,3.045,good,0.010,5.29,0,0,0,0,11.73,2,0.0,,,
3289,3.5480,-0.1167,0.0801,3.000,broken,0.986,2.07,1,1,1,0,12.23,2,1.6,42,3245,
3286,3.5520,-0.1126,-0.2162,3.345,good,0.426,3.93,0,0,0,0,3.56,3,0.0,,,
3294,3.5520,-0.1161,0.0468,3.002,good,0.000,2.47,0,0,0,0,11.98,2,0.0,,,
3295,3.5520,-0.1169,0.0911,3.001,good,0.000,2.43,0,0,0,0,12.27,2,0.0,,,
3297,3.5520,-0.1062,0.1463,3.000,good,0.003,5.18,0,0,0,0,8.74,1,0.0,,,
3290,3.5560,-0.1129,-0.0711,2.990,good,0.109,2.82,0,0,0,0,11.20,3,0.0,,,
3291,3.5560,-0.1125,-0.1652,2.925,good,0.065,2.40,0,0,0,0,12.65,3,0.0,,,
3292,3.5560,-0.1142,0.2259,2.476,sour,1.000,20.64,1,1,1,0,26.50,3,2.1,60|61,3230,
3293,3.5560,-0.1087,0.1485,2.986,good,0.038,2.31,0,0,0,0,9.91,3,0.0,,,
3296,3.5560,-0.1153,0.0542,3.450,stone,1.000,7.69,1,1,1,0,2.41,2,6.1,38|39|37,3258,
3300,3.5600,-0.1195,0.2360,3.004,good,0.000,4.44,0,0,0,0,13.09,2,0.0,,,
3305,3.5600,-0.1012,0.0511,3.000,stone,1.000,7.68,1,1,1,0,7.07,1,6.1,38|39|37,3258,
3298,3.5640,-0.1142,-0.0729,2.831,good,0.006,2.64,0,0,0,0,15.65,3,0.0,,,
3299,3.5640,-0.1111,-0.1442,2.906,good,0.000,1.87,0,0,0,0,12.64,3,0.0,,,
3303,3.5640,-0.1172,0.0721,3.007,good,0.009,7.44,0,0,0,0,12.24,2,0.0,,,
3304,3.5640,-0.1181,0.2338,3.040,good,0.004,3.49,0,0,0,0,11.75,2,0.0,,,
3301,3.5680,-0.1096,0.0866,3.003,good,0.004,2.54,0,0,0,0,9.80,3,0.0,,,
3302,3.5680,-0.1333,-0.2324,3.000,good,0.002,4.74,0,0,0,0,9.76,1,0.0,,,
3308,3.5680,-0.1251,-0.2300,3.000,good,0.011,4.67,0,0,0,0,11.04,1,0.0,,,
3314,3.5680,-0.1170,-0.2275,3.000,good,0.001,4.56,0,0,0,0,12.33,1,0.0,,,
3315,3.5680,-0.1052,0.0686,3.000,good,0.007,6.84,0,0,0,0,8.40,1,0.0,,,
3306,3.5720,-0.1264,0.0398,3.193,good,0.006,4.31,0,0,0,0,6.88,2,0.0,,,
3307,3.5720,-0.1108,-0.0843,3.015,good,0.000,3.26,0,0,0,0,9.92,3,0.0,,,
3312,3.5720,-0.1189,0.0131,3.326,good,0.070,2.23,0,0,0,0,5.83,2,0.0,,,
3313,3.5720,-0.1169,0.0677,3.000,good,0.232,3.65,0,0,0,0,12.29,2,0.0,,,
3320,3.5720,-0.1136,0.0446,3.000,good,0.007,4.26,0,0,0,0,11.19,1,0.0,,,
3321,3.5720,-0.1088,-0.2251,3.000,good,0.001,4.60,0,0,0,0,9.61,1,0.0,,,
3309,3.5760,-0.1137,-0.0249,2.814,good,0.023,6.75,0,0,0,0,15.95,3,0.0,,,
3310,3.5760,-0.1234,-0.0468,2.924,faded,1.000,5.25,1,1,1,0,12.40,2,2.1,26|25,,
3311,3.5760,-0.1116,-0.2191,2.790,good,0.223,4.60,0,0,0,0,15.85,3,0.0,,,
3317,3.5760,-0.1190,0.2362,3.053,broken,0.774,4.48,1,1,1,0,11.73,2,1.6,62,3266,3266
3318,3.5760,-0.1160,-0.1290,3.025,good,0.038,10.21,0,0,0,0,11.39,2,0.0,,,
3319,3.5760,-0.1162,0.0080,3.068,good,0.001,4.21,0,0,0,0,10.47,2,0.0,,,
3323,3.5760,-0.1117,-0.0435,3.000,faded,1.000,5.40,1,1,1,0,10.57,1,2.1,26,3269,
3324,3.5760,-0.1007,-0.2227,3.000,good,0.001,4.63,0,0,0,0,6.90,1,0.0,,,
3316,3.5800,-0.1120,-0.0930,2.989,good,0.000,4.00,0,0,0,0,10.92,3,0.0,,,
3322,3.5840,-0.1156,-0.2393,2.612,good,0.000,3.23,0,0,0,0,22.55,3,0.0,,,
3327,3.5840,-0.1181,-0.0144,3.001,good,0.000,2.59,0,0,0,0,12.66,2,0.0,,,
3328,3.5840,-0.1163,-0.0699,2.998,good,0.000,2.76,0,0,0,0,12.15,2,0.0,,,
3325,3.5880,-0.1156,-0.1423,2.800,good,0.004,2.70,0,0,0,0,16.99,3,0.0,,,
3326,3.5880,-0.1107,0.1371,3.013,insect,1.000,7.69,1,1,1,0,9.95,3,2.1,49,3300,3300
3332,3.5880,-0.1191,0.1758,2.993,good,0.019,9.36,0,0,0,0,13.21,2,0.0,,,
3333,3.5880,-0.1165,0.0528,3.174,good,0.001,1.39,0,0,0,0,8.22,2,0.0,,,
3334,3.5880,-0.1149,0.1480,2.910,good,0.001,5.12,0,0,0,0,13.85,2,0.0,,,
3335,3.5880,-0.1166,-0.2229,3.019,black,1.000,53.67,1,1,1,0,11.73,2,2.1,3,3298,3298
3329,3.5920,-0.1120,-0.1899,3.009,good,0.002,3.53,0,0,0,0,10.44,3,0.0,,,
3330,3.5920,-0.1336,-0.1282,3.000,stone,1.000,12.77,1,1,1,0,9.87,1,6.1,15|16|14,,
3331,3.5920,-0.1096,0.2312,3.148,good,0.010,4.55,0,0,0,0,6.58,3,0.0,,,
3337,3.5920,-0.1210,-0.1226,3.000,stone,1.000,12.49,1,1,1,0,9.67,1,6.1,16|15|17,,
3339,3.5920,-0.1084,-0.1169,3.000,stone,1.000,12.83,1,1,1,0,9.47,1,6.1,17|16|18,3331,
3336,3.5960,-0.1111,-0.2100,3.003,good,0.021,2.60,0,0,0,0,10.30,3,0.0,,,
3338,3.5960,-0.1197,-0.0322,3.000,good,0.018,1.66,0,0,0,0,13.21,2,0.0,,,
3342,3.6000,-0.1197,-0.1053,2.779,good,0.007,4.26,0,0,0,0,19.05,2,0.0,,,
3343,3.6000,-0.1163,-0.2163,3.284,good,0.000,3.19,0,0,0,0,5.87,2,0.0,,,
3344,3.6000,-0.1174,-0.1168,2.905,black,1.000,45.97,1,1,1,0,14.82,2,2.1,17|16,3281,
3340,3.6040,-0.1153,-0.0210,2.962,good,0.000,2.29,0,0,0,0,12.71,3,0.0,,,
3341,3.6040,-0.1149,0.0544,2.939,good,0.001,2.59,0,0,0,0,13.14,3,0.0,,,
3350,3.6040,-0.1194,-0.1654,2.996,good,0.005,2.35,0,0,0,0,13.25,2,0.0,,,
3351,3.6040,-0.1186,-0.0324,2.972,good,0.000,2.75,0,0,0,0,13.56,2,0.0,,,
3352,3.6040,-0.1161,0.2182,3.008,good,0.000,2.38,0,0,0,0,11.83,2,0.0,,,
3345,3.6080,-0.1125,0.0048,2.916,faded,0.998,5.93,1,1,1,0,12.85,3,2.1,32,3304,3304
3346,3.6080,-0.1111,-0.0072,3.024,good,0.000,2.76,0,0,0,0,9.82,3,0.0,,,
3347,3.6080,-0.1093,-0.1453,3.002,good,0.043,3.46,0,0,0,0,9.70,3,0.0,,,
3348,3.6080,-0.1098,0.1809,3.004,good,0.000,2.42,0,0,0,0,9.85,3,0.0,,,
3349,3.6080,-0.1098,-0.0684,2.979,good,0.000,2.63,0,0,0,0,10.42,3,0.0,,,
3357,3.6080,-0.1181,-0.0864,2.957,good,0.003,2.54,0,0,0,0,13.76,2,0.0,,,
3358,3.6080,-0.1188,0.0844,2.992,good,0.000,2.61,0,0,0,0,13.13,2,0.0,,,
3353,3.6120,-0.1109,-0.2241,3.002,good,0.000,2.89,0,0,0,0,10.25,3,0.0,,,
3354,3.6120,-0.1106,0.0435,3.011,good,0.014,3.61,0,0,0,0,9.95,3,0.0,,,
3355,3.6120,-0.1093,0.1671,2.938,good,0.109,3.16,0,0,0,0,11.21,3,0.0,,,
3356,3.6120,-0.1094,0.1937,2.996,good,0.000,2.74,0,0,0,0,9.89,3,0.0,,,
3364,3.6120,-0.1063,-0.0903,3.000,good,0.001,2.78,0,0,0,0,8.78,1,0.0,,,
3359,3.6160,-0.1131,0.0017,3.000,good,0.000,2.56,0,0,0,0,11.04,3,0.0,,,
3360,3.6160,-0.1100,0.0617,2.991,stick,1.000,57.76,1,1,1,0,10.22,3,1.6,39|40,3308,3308
3361,3.6200,-0.1136,0.0646,3.024,good,0.000,3.76,0,0,0,0,10.62,3,0.0,,,
3362,3.6200,-0.1164,0.0985,2.901,good,0.001,4.00,0,0,0,0,14.59,3,0.0,,,
3363,3.6200,-0.1091,0.2030,3.046,good,0.000,3.03,0,0,0,0,8.64,3,0.0,,,
3369,3.6200,-0.1155,0.1284,2.998,good,0.002,2.02,0,0,0,0,11.87,2,0.0,,,
3366,3.6240,-0.1137,0.1722,3.158,good,0.000,1.66,0,0,0,0,7.67,3,0.0,,,
3367,3.6240,-0.1078,0.1800,3.450,good,0.001,4.30,0,0,0,0,0.24,3,0.0,,,
3368,3.6240,-0.1139,0.0237,2.873,good,0.000,2.28,0,0,0,0,14.47,3,0.0,,,
3371,3.6240,-0.1192,-0.1374,2.981,good,0.001,2.12,0,0,0,0,13.52,2,0.0,,,
3365,3.6280,-0.1112,0.2444,2.403,good,0.000,3.27,0,0,0,0,27.91,4,0.0,,,
3370,3.6280,-0.1140,-0.1796,3.065,insect,1.000,3.41,1,1,1,0,9.80,3,2.1,9|8,3342,3342
3372,3.6320,-0.1236,-0.2028,2.314,good,0.002,4.88,0,0,0,0,32.61,2,0.0,,,
3380,3.6320,-0.1143,-0.1983,3.000,good,0.005,4.86,0,0,0,0,11.42,1,0.0,,,
3373,3.6360,-0.1254,0.1184,3.053,good,0.003,3.16,0,0,0,0,9.83,2,0.0,,,
3376,3.6360,-0.1184,-0.2234,2.982,good,0.000,2.85,0,0,0,0,13.25,2,0.0,,,
3377,3.6360,-0.1165,0.0723,3.169,good,0.001,3.15,0,0,0,0,8.33,2,0.0,,,
3378,3.6360,-0.1280,0.1091,3.000,good,0.000,1.92,0,0,0,0,11.99,1,0.0,,,
3379,3.6360,-0.1143,-0.0249,3.218,good,0.004,3.58,0,0,0,0,6.59,2,0.0,,,
3388,3.6360,-0.1145,0.1143,3.000,good,0.023,7.49,0,0,0,0,11.49,1,0.0,,,
3389,3.6360,-0.1050,-0.1956,3.000,good,0.002,4.86,0,0,0,0,8.34,1,0.0,,,
3374,3.6400,-0.1087,-0.0690,2.963,good,0.001,3.16,0,0,0,0,10.46,3,0.0,,,
3375,3.6400,-0.1107,0.0877,2.858,good,0.002,7.45,0,0,0,0,13.72,3,0.0,,,
3385,3.6400,-0.1182,-0.0362,2.994,good,0.001,4.04,0,0,0,0,12.86,2,0.0,,,
3386,3.6400,-0.1149,-0.0262,2.999,good,0.001,3.09,0,0,0,0,11.65,2,0.0,,,
3387,3.6400,-0.1161,0.0525,3.006,black,1.000,49.22,1,1,1,0,11.90,2,2.1,38,3356,
3381,3.6440,-0.1070,0.1344,3.450,good,0.000,3.40,0,0,0,0,-0.01,3,0.0,,,
3382,3.6440,-0.1113,0.0837,3.280,good,0.001,3.42,0,0,0,0,4.44,3,0.0,,,
3383,3.6440,-0.1107,-0.1823,2.938,good,0.001,2.82,0,0,0,0,11.71,3,0.0,,,
3384,3.6440,-0.1136,0.1717,2.593,good,0.001,2.81,0,0,0,0,22.35,3,0.0,,,
3393,3.6440,-0.1170,-0.1061,3.003,good,0.018,2.37,0,0,0,0,12.25,2,0.0,,,
3390,3.6480,-0.1135,-0.0673,3.211,good,0.000,2.06,0,0,0,0,6.49,3,0.0,,,
3391,3.6480,-0.1137,-0.1052,2.918,good,0.001,2.67,0,0,0,0,13.25,3,0.0,,,
3392,3.6480,-0.1134,0.1666,2.807,good,0.021,3.21,0,0,0,0,16.00,3,0.0,,,
3398,3.6480,-0.1175,-0.1776,2.996,sour,1.000,9.45,1,1,1,0,12.62,2,2.1,9,3358,3358
3399,3.6480,-0.1149,-0.2345,2.759,good,0.001,5.33,0,0,0,0,17.87,2,0.0,,,
3394,3.6520,-0.1159,0.1561,2.996,good,0.001,2.07,0,0,0,0,12.07,3,0.0,,,
3395,3.6520,-0.1097,0.2327,2.961,black,0.997,18.71,1,1,1,0,10.80,3,2.1,61,3326|3354,3354
3396,3.6520,-0.1108,-0.2175,2.985,good,0.001,1.97,0,0,0,0,10.63,3,0.0,,,
3397,3.6520,-0.1100,-0.1997,2.957,good,0.000,1.90,0,0,0,0,11.02,3,0.0,,,
3402,3.6520,-0.1179,-0.1929,2.831,good,0.003,7.81,0,0,0,0,16.97,2,0.0,,,
3404,3.6520,-0.1120,-0.1886,3.000,good,0.001,6.14,0,0,0,0,10.68,1,0.0,,,
3405,3.6520,-0.1021,0.1702,3.000,good,0.002,3.23,0,0,0,0,7.38,1,0.0,,,
3400,3.6560,-0.1141,0.1831,2.992,good,0.002,6.78,0,0,0,0,11.56,3,0.0,,,
3401,3.6560,-0.1087,-0.0768,3.156,good,0.000,7.03,0,0,0,0,6.12,3,0.0,,,
3403,3.6560,-0.1193,-0.1532,2.995,good,0.005,2.69,0,0,0,0,13.21,2,0.0,,,
3406,3.6640,-0.1260,-0.2193,2.700,good,0.015,5.49,0,0,0,0,19.71,2,0.0,,,
3407,3.6640,-0.1118,0.0014,2.979,good,0.000,2.76,0,0,0,0,11.09,3,0.0,,,
3410,3.6640,-0.1153,0.2127,3.450,insect,0.996,5.30,1,1,1,0,2.40,2,2.1,59,3349,
3416,3.6640,-0.1153,-0.2238,3.000,good,0.024,5.52,0,0,0,0,11.76,1,0.0,,,
3408,3.6680,-0.1120,0.0223,2.999,good,0.000,3.01,0,0,0,0,10.68,3,0.0,,,
3409,3.6680,-0.1121,0.0385,2.456,good,0.002,3.07,0,0,0,0,26.34,3,0.0,,,
3411,3.6720,-0.1268,-0.0062,2.942,good,0.011,2.80,0,0,0,0,13.08,2,0.0,,,
3412,3.6720,-0.1127,0.1608,2.995,good,0.000,1.91,0,0,0,0,11.03,3,0.0,,,
3413,3.6720,-0.1289,0.2388,2.007,good,0.032,2.93,0,0,0,0,50.04,2,0.0,,,
3414,3.6720,-0.1107,-0.2236,3.039,good,0.000,2.74,0,0,0,0,9.34,3,0.0,,,
3415,3.6720,-0.1103,0.0286,3.001,good,0.001,2.46,0,0,0,0,10.08,3,0.0,,,
3420,3.6720,-0.1167,-0.1380,3.047,good,0.387,4.66,0,0,0,0,11.12,2,0.0,,,
3421,3.6720,-0.1195,0.0888,2.778,good,0.000,4.73,0,0,0,0,19.01,2,0.0,,,
3425,3.6720,-0.1150,-0.0106,3.000,good,0.002,2.78,0,0,0,0,11.68,1,0.0,,,
3426,3.6720,-0.1022,0.0413,3.000,good,0.010,3.08,0,0,0,0,7.42,1,0.0,,,
3417,3.6760,-0.1159,0.2046,2.987,good,0.000,1.87,0,0,0,0,12.25,3,0.0,,,
3418,3.6760,-0.1143,-0.0036,3.000,good,0.002,2.61,0,0,0,0,11.43,3,0.0,,,
3419,3.6760,-0.1111,0.0570,3.008,good,0.000,3.37,0,0,0,0,10.18,3,0.0,,,
3422,3.6760,-0.1186,-0.1768,3.450,insect,1.000,3.31,1,1,1,0,3.37,2,2.1,9,3406,
3423,3.6760,-0.1167,-0.2176,3.018,good,0.000,3.12,0,0,0,0,11.79,2,0.0,,,
3424,3.6760,-0.1111,0.2353,2.439,good,0.001,2.24,0,0,0,0,26.56,2,0.0,,,
3432,3.6760,-0.1039,-0.1306,3.000,shell,1.000,6.17,1,1,1,0,7.98,1,1.6,15,3385,
3429,3.6800,-0.1195,-0.1080,3.450,good,0.000,2.05,0,0,0,0,3.61,2,0.0,,,
3427,3.6840,-0.1150,0.1555,2.839,good,0.002,15.24,0,0,0,0,15.73,3,0.0,,,
3428,3.6840,-0.1155,0.1259,2.815,good,0.005,3.09,0,0,0,0,16.55,3,0.0,,,
3430,3.6840,-0.1264,0.0634,2.620,good,0.000,3.67,0,0,0,0,22.40,2,0.0,,,
3431,3.6840,-0.1094,-0.1758,2.990,good,0.000,2.44,0,0,0,0,10.03,3,0.0,,,
3433,3.6840,-0.1177,-0.1672,3.048,good,0.100,2.20,0,0,0,0,11.42,2,0.0,,,
3439,3.6840,-0.1159,0.0670,3.000,good,0.001,3.65,0,0,0,0,11.97,1,0.0,,,
3438,3.6880,-0.1179,0.0914,2.925,black,1.000,48.46,1,1,1,0,14.50,2,2.1,43,3369,3369
3445,3.6880,-0.1043,0.1228,3.000,good,0.002,2.97,0,0,0,0,8.09,1,0.0,,,
3434,3.6920,-0.1149,0.0636,3.003,good,0.000,2.25,0,0,0,0,11.59,3,0.0,,,
3435,3.6920,-0.1159,0.0077,2.959,good,0.025,2.82,0,0,0,0,12.95,3,0.0,,,
3436,3.6920,-0.1137,0.0286,2.939,good,0.000,2.30,0,0,0,0,12.73,3,0.0,,,
3437,3.6920,-0.1111,-0.1131,2.993,good,0.000,2.20,0,0,0,0,10.53,3,0.0,,,
3440,3.6960,-0.1293,-0.1728,2.740,good,0.002,3.63,0,0,0,0,19.69,2,0.0,,,
3441,3.6960,-0.1140,0.0981,3.010,good,0.035,3.22,0,0,0,0,11.09,3,0.0,,,
3442,3.6960,-0.1132,0.0141,3.019,good,0.001,2.67,0,0,0,0,10.63,3,0.0,,,
3443,3.6960,-0.1125,-0.0948,3.005,good,0.085,3.52,0,0,0,0,10.72,3,0.0,,,
3444,3.6960,-0.1097,0.2264,2.995,broken,0.981,4.36,1,1,1,0,10.02,3,1.6,60|61,3392,3392
3448,3.6960,-0.1194,-0.0206,2.989,good,0.000,4.74,0,0,0,0,13.42,2,0.0,,,
3454,3.6960,-0.1183,-0.1765,3.000,good,0.001,3.65,0,0,0,0,12.78,1,0.0,,,
3446,3.7000,-0.1128,0.1260,3.070,good,0.000,3.48,0,0,0,0,9.32,3,0.0,,,
3447,3.7000,-0.1133,0.1745,2.997,good,0.000,3.57,0,0,0,0,11.16,3,0.0,,,
3452,3.7000,-0.1181,0.1616,3.005,good,0.000,3.28,0,0,0,0,12.57,2,0.0,,,
3453,3.7000,-0.1179,-0.0867,3.014,good,0.040,2.83,0,0,0,0,12.30,2,0.0,,,
3449,3.7040,-0.1096,-0.1617,3.002,good,0.001,1.56,0,0,0,0,9.82,3,0.0,,,
3450,3.7040,-0.1080,0.0565,3.028,good,0.000,4.66,0,0,0,0,8.71,3,0.0,,,
3451,3.7040,-0.1083,-0.0584,3.004,good,0.000,3.99,0,0,0,0,9.33,3,0.0,,,
3457,3.7040,-0.1199,0.1422,2.988,good,0.000,2.18,0,0,0,0,13.59,2,0.0,,,
3458,3.7040,-0.1195,-0.2243,3.158,insect,1.000,3.48,1,1,1,0,9.50,2,2.1,3,3393,3393
3462,3.7040,-0.1059,-0.0903,3.000,good,0.060,2.66,0,0,0,0,8.64,1,0.0,,,
3455,3.7080,-0.1144,-0.1439,2.966,good,0.001,2.06,0,0,0,0,12.29,3,0.0,,,
3456,3.7080,-0.1117,0.1904,2.777,insect,1.000,3.28,1,1,1,0,16.24,3,2.1,56,3412,
3461,3.7080,-0.1125,-0.0177,3.359,good,0.004,1.98,0,0,0,0,3.26,2,0.0,,,
3459,3.7120,-0.1143,-0.0706,2.697,good,0.000,3.50,0,0,0,0,19.45,3,0.0,,,
3460,3.7120,-0.1123,0.0810,2.462,good,0.003,3.36,0,0,0,0,26.21,3,0.0,,,
3466,3.7120,-0.1179,-0.0569,2.997,black,1.000,52.28,1,1,1,0,12.72,2,2.1,24,3427,3427
3467,3.7120,-0.1152,0.1988,3.404,good,0.003,2.58,0,0,0,0,3.20,2,0.0,,,
3468,3.7120,-0.1109,-0.1375,3.280,good,0.002,2.42,0,0,0,0,4.30,2,0.0,,,
3463,3.7160,-0.1102,-0.1385,2.986,good,0.000,2.38,0,0,0,0,10.39,3,0.0,,,
3464,3.7160,-0.1113,0.0493,2.809,good,0.001,2.39,0,0,0,0,15.20,3,0.0,,,
3465,3.7160,-0.1090,-0.0260,2.980,sour,1.000,12.28,1,1,1,0,10.11,3,2.1,28,3445,
3471,3.7160,-0.1199,-0.0696,3.090,insect,1.000,10.58,1,1,1,0,11.17,2,2.1,23|22,3402,3402
3472,3.7160,-0.1142,0.2058,3.126,good,0.100,4.77,0,0,0,0,8.51,2,0.0,,,
3469,3.7200,-0.1092,-0.1752,2.993,faded,0.991,4.90,1,1,1,0,9.89,3,2.1,9,3425,3425
3470,3.7200,-0.1205,0.1010,3.317,good,0.002,2.86,0,0,0,0,2.47,2,0.0,,,
3475,3.7200,-0.1183,0.0717,2.879,good,0.000,5.26,0,0,0,0,15.81,2,0.0,,,
3476,3.7200,-0.1173,-0.2371,2.999,good,0.003,3.35,0,0,0,0,12.44,2,0.0,,,
3477,3.7200,-0.1159,0.0624,2.942,good,0.000,2.16,0,0,0,0,13.40,2,0.0,,,
3483,3.7200,-0.1072,0.0978,3.000,good,0.001,2.78,0,0,0,0,9.08,1,0.0,,,
3484,3.7200,-0.1017,0.2024,3.000,good,0.067,4.59,0,0,0,0,7.22,1,0.0,,,
3473,3.7240,-0.1147,-0.0285,2.990,good,0.002,3.46,0,0,0,0,11.81,3,0.0,,,
3474,3.7240,-0.1132,-0.0440,3.003,good,0.001,2.24,0,0,0,0,10.99,3,0.0,,,
3481,3.7240,-0.1180,-0.1295,3.008,good,0.000,2.94,0,0,0,0,12.48,2,0.0,,,
3482,3.7240,-0.1163,-0.0163,3.217,good,0.000,2.06,0,0,0,0,7.24,2,0.0,,,
3478,3.7280,-0.1126,0.1559,3.016,insect,1.000,5.41,1,1,1,0,10.50,3,2.1,51|52,3443,3443
3479,3.7280,-0.1123,0.0560,2.972,good,0.002,2.45,0,0,0,0,11.41,3,0.0,,,
3480,3.7280,-0.1068,0.1791,3.330,good,0.008,3.00,0,0,0,0,2.10,3,0.0,,,
3486,3.7280,-0.1198,0.1716,2.992,good,0.000,5.18,0,0,0,0,13.47,2,0.0,,,
3485,3.7320,-0.1124,-0.2138,2.600,good,0.001,1.84,0,0,0,0,21.70,3,0.0,,,
3489,3.7320,-0.1197,0.0996,3.450,good,0.000,3.29,0,0,0,0,3.69,2,0.0,,,
3487,3.7360,-0.1155,-0.0174,2.996,good,0.000,1.76,0,0,0,0,11.93,3,0.0,,,
3488,3.7360,-0.1073,-0.1965,3.419,good,0.007,7.61,0,0,0,0,0.63,3,0.0,,,
3490,3.7360,-0.1092,0.1983,3.088,good,0.014,2.41,0,0,0,0,7.74,3,0.0,,,
3493,3.7360,-0.1163,0.1891,3.450,good,0.000,5.74,0,0,0,0,2.68,2,0.0,,,
3494,3.7360,-0.1171,-0.0751,3.069,good,0.000,2.87,0,0,0,0,10.75,2,0.0,,,
3495,3.7360,-0.1174,0.1299,3.116,good,0.001,4.14,0,0,0,0,9.76,2,0.0,,,
3491,3.7400,-0.1117,-0.0847,3.015,good,0.002,4.09,0,0,0,0,10.22,3,0.0,,,
3492,3.7400,-0.1093,0.0714,2.829,good,0.004,2.66,0,0,0,0,13.98,3,0.0,,,
3496,3.7480,-0.1081,0.1087,3.012,good,0.000,3.20,0,0,0,0,9.11,3,0.0,,,
3497,3.7520,-0.1115,0.1259,3.000,faded,1.000,5.02,1,1,1,0,10.50,3,2.1,48|47,3444,3444
3498,3.7520,-0.1119,-0.2049,2.997,good,0.001,4.53,0,0,0,0,10.70,3,0.0,,,
3502,3.7520,-0.1188,-0.1108,2.996,good,0.000,2.52,0,0,0,0,13.02,2,0.0,,,
3503,3.7520,-0.1189,0.0177,3.143,good,0.001,3.32,0,0,0,0,9.65,2,0.0,,,
3504,3.7520,-0.1188,-0.0763,3.003,good,0.000,2.14,0,0,0,0,12.87,2,0.0,,,
3505,3.7520,-0.1162,0.2078,2.932,good,0.000,3.52,0,0,0,0,13.75,2,0.0,,,
3506,3.7520,-0.1137,-0.0573,3.035,good,0.001,2.68,0,0,0,0,10.39,2,0.0,,,
3507,3.7520,-0.1072,-0.0784,3.450,good,0.000,3.90,0,0,0,0,0.06,2,0.0,,,
3499,3.7560,-0.1134,0.0320,3.149,good,0.000,3.07,0,0,0,0,7.75,3,0.0,,,
3500,3.7560,-0.1060,0.0066,3.450,good,0.000,1.75,0,0,0,0,-0.28,3,0.0,,,
3501,3.7560,-0.1139,-0.0611,2.558,good,0.006,1.91,0,0,0,0,23.62,3,0.0,,,
3512,3.7560,-0.1184,-0.1607,3.015,good,0.005,6.79,0,0,0,0,12.44,2,0.0,,,
3513,3.7560,-0.1146,0.0676,2.982,good,0.000,5.29,0,0,0,0,11.97,2,0.0,,,
3508,3.7600,-0.1169,-0.0214,2.670,insect,0.782,6.50,1,1,1,0,21.21,3,2.1,29,3471|3493,
3509,3.7600,-0.1130,0.1472,3.001,good,0.000,3.18,0,0,0,0,10.98,3,0.0,,,
3510,3.7600,-0.1131,0.0772,2.996,insect,1.000,8.09,1,1,1,0,11.13,3,2.1,41|42,3468,3468
3511,3.7600,-0.1102,-0.1927,2.999,good,0.000,2.17,0,0,0,0,10.08,3,0.0,,,
3514,3.7600,-0.1152,-0.2233,3.238,good,0.002,2.52,0,0,0,0,6.46,2,0.0,,,
3515,3.7680,-0.1151,0.1771,2.701,good,0.343,3.90,0,0,0,0,19.64,3,0.0,,,
3516,3.7680,-0.1112,0.1527,3.003,good,0.000,3.36,0,0,0,0,10.34,3,0.0,,,
3517,3.7680,-0.1229,0.1902,3.116,good,0.010,3.25,0,0,0,0,7.54,2,0.0,,,
3521,3.7680,-0.1197,-0.1128,2.857,good,0.000,2.85,0,0,0,0,16.90,2,0.0,,,
3522,3.7680,-0.1170,-0.1613,2.939,black,1.000,50.80,1,1,1,0,13.84,2,2.1,11,3453,
3526,3.7680,-0.1104,0.1869,3.000,good,0.000,2.53,0,0,0,0,10.14,1,0.0,,,
3518,3.7720,-0.1161,-0.2062,2.663,good,0.006,1.71,0,0,0,0,21.13,3,0.0,,,
3519,3.7720,-0.1238,0.0557,2.711,good,0.013,2.65,0,0,0,0,18.56,2,0.0,,,
3520,3.7720,-0.1102,0.1858,2.929,good,0.000,2.60,0,0,0,0,11.78,3,0.0,,,
3525,3.7720,-0.1147,-0.1727,3.450,good,0.001,3.73,0,0,0,0,2.24,2,0.0,,,
3531,3.7720,-0.1130,0.0522,3.000,good,0.011,2.69,0,0,0,0,11.01,1,0.0,,,
3523,3.7760,-0.1160,0.1709,2.759,good,0.000,2.50,0,0,0,0,18.30,3,0.0,,,
3524,3.7760,-0.1110,0.2239,2.816,black,1.000,55.60,1,1,1,0,14.91,3,2.1,60,3480,3480
3528,3.7760,-0.1168,0.1386,3.450,good,0.000,2.12,0,0,0,0,2.85,2,0.0,,,
3529,3.7760,-0.1188,-0.0787,3.003,black,1.000,46.29,1,1,1,0,12.85,2,2.1,21|22,3474,3474
3530,3.7760,-0.1189,-0.0480,2.989,good,0.010,3.86,0,0,0,0,13.25,2,0.0,,,
3527,3.7800,-0.1157,0.2283,2.583,good,0.001,4.86,0,0,0,0,23.51,3,0.0,,,
3533,3.7800,-0.1171,0.0705,3.008,insect,1.000,6.08,1,1,1,0,12.17,2,2.1,41|40,3482,3482
3532,3.7840,-0.1118,0.1324,3.008,insect,1.000,8.36,1,1,1,0,10.39,3,2.1,48|49,3487,3487
3535,3.7840,-0.1176,-0.0309,3.005,good,0.000,1.67,0,0,0,0,12.42,2,0.0,,,
3534,3.7880,-0.1128,0.1228,3.128,good,0.005,2.92,0,0,0,0,8.04,3,0.0,,,
3539,3.7880,-0.1197,-0.0809,2.934,good,0.000,2.47,0,0,0,0,14.89,2,0.0,,,
3540,3.7880,-0.1187,0.2428,3.002,good,0.000,2.73,0,0,0,0,12.85,2,0.0,,,
3541,3.7880,-0.1175,0.1007,2.903,good,0.020,2.91,0,0,0,0,14.93,2,0.0,,,
3542,3.7880,-0.1158,0.1990,3.004,good,0.000,3.26,0,0,0,0,11.84,2,0.0,,,
3536,3.7920,-0.1124,0.0277,2.881,good,0.001,2.74,0,0,0,0,13.72,3,0.0,,,
3537,3.7920,-0.1093,-0.2261,2.930,good,0.001,5.00,0,0,0,0,11.44,3,0.0,,,
3538,3.7920,-0.1085,-0.1801,3.000,good,0.010,2.08,0,0,0,0,9.50,3,0.0,,,
3544,3.7920,-0.1184,0.0527,2.964,black,1.000,52.47,1,1,1,0,13.69,2,2.1,38,3479,3479
3543,3.8000,-0.1222,-0.0314,2.290,faded,0.962,4.27,1,1,1,0,33.02,3,2.1,27|28,,
3545,3.8000,-0.1128,0.1607,3.000,good,0.002,2.14,0,0,0,0,10.93,3,0.0,,,
3546,3.8000,-0.1122,0.2095,3.001,good,0.020,4.13,0,0,0,0,10.73,3,0.0,,,
3547,3.8000,-0.1071,-0.1511,3.422,good,0.000,2.83,0,0,0,0,0.50,3,0.0,,,
3548,3.8000,-0.1379,-0.1366,3.000,husk,1.000,28.73,1,1,1,0,11.29,1,1.6,14,,
3551,3.8000,-0.1191,-0.0480,2.980,good,0.000,1.69,0,0,0,0,13.51,2,0.0,,,
3552,3.8000,-0.1182,-0.1328,3.031,faded,0.547,9.87,1,1,1,0,12.00,2,2.1,14|15,3489|3540,3489
3553,3.8000,-0.1174,-0.0201,2.978,good,0.000,1.73,0,0,0,0,13.01,2,0.0,,,
3558,3.8000,-0.1130,-0.0342,3.000,faded,0.975,4.21,1,1,1,0,11.01,1,2.1,27,3466,
3549,3.8040,-0.1145,-0.1310,2.995,good,0.003,2.84,0,0,0,0,11.63,3,0.0,,,
3550,3.8040,-0.1087,0.1525,3.040,good,0.000,2.82,0,0,0,0,8.64,3,0.0,,,
3556,3.8040,-0.1178,0.2283,3.005,faded,1.000,6.01,1,1,1,0,12.48,2,2.1,61,3520,3520
3557,3.8040,-0.1177,0.1075,2.913,good,0.000,2.45,0,0,0,0,14.73,2,0.0,,,
3554,3.8080,-0.1095,-0.1454,3.109,good,0.005,2.19,0,0,0,0,7.37,3,0.0,,,
3555,3.8080,-0.1084,-0.1875,3.031,good,0.000,4.33,0,0,0,0,8.76,3,0.0,,,
3561,3.8080,-0.1191,0.1197,2.998,good,0.000,1.62,0,0,0,0,13.09,2,0.0,,,
3562,3.8080,-0.1180,0.0946,2.996,good,0.000,2.95,0,0,0,0,12.75,2,0.0,,,
3559,3.8120,-0.1160,-0.1773,2.664,good,0.001,1.42,0,0,0,0,21.07,3,0.0,,,
3560,3.8120,-0.1084,0.0866,2.912,sour,1.000,17.98,1,1,1,0,11.56,3,2.1,43|42,3500,
3563,3.8120,-0.1181,-0.0109,2.999,broken,1.000,2.65,1,1,1,0,12.73,2,1.6,30,3525,3525
3564,3.8120,-0.1175,0.1113,3.013,good,0.006,2.43,0,0,0,0,12.19,2,0.0,,,
3567,3.8160,-0.1191,0.1666,2.985,good,0.001,6.20,0,0,0,0,13.39,2,0.0,,,
3565,3.8200,-0.1166,-0.0518,2.775,good,0.001,8.43,0,0,0,0,18.04,3,0.0,,,
3566,3.8200,-0.1131,0.0295,3.064,good,0.057,3.81,0,0,0,0,9.53,3,0.0,,,
3571,3.8200,-0.1177,-0.1151,3.019,good,0.000,1.91,0,0,0,0,12.12,2,0.0,,,
3568,3.8240,-0.1118,0.2081,2.985,good,0.001,3.42,0,0,0,0,10.97,3,0.0,,,
3569,3.8240,-0.1123,-0.0631,2.906,good,0.004,5.07,0,0,0,0,13.06,3,0.0,,,
3570,3.8240,-0.1086,-0.0240,3.170,good,0.000,3.32,0,0,0,0,5.81,3,0.0,,,
3576,3.8240,-0.1175,-0.0155,3.095,good,0.097,2.65,0,0,0,0,10.28,2,0.0,,,
3577,3.8240,-0.1173,-0.1930,2.860,stone,1.000,10.06,1,1,1,0,15.96,2,6.1,7|6|8,3531,
3572,3.8280,-0.1144,-0.0690,3.000,good,0.000,3.82,0,0,0,0,11.46,3,0.0,,,
3573,3.8280,-0.1136,-0.0554,3.009,faded,0.992,4.70,1,1,1,0,10.99,3,2.1,24|25,3522,3522
3574,3.8280,-0.1103,-0.1315,3.140,good,0.017,2.58,0,0,0,0,6.98,3,0.0,,,
3575,3.8280,-0.1090,-0.1979,3.338,good,0.001,7.01,0,0,0,0,2.61,3,0.0,,,
3581,3.8280,-0.1179,0.1272,3.018,husk,1.000,11.28,1,1,1,0,12.19,2,1.6,48,3550,3550
3578,3.8320,-0.1136,0.0185,3.011,good,0.003,3.79,0,0,0,0,10.94,3,0.0,,,
3579,3.8320,-0.1110,-0.1393,2.999,good,0.000,2.11,0,0,0,0,10.35,3,0.0,,,
3580,3.8320,-0.1103,-0.1195,3.004,good,0.000,2.47,0,0,0,0,10.02,3,0.0,,,
3582,3.8360,-0.1229,0.0612,2.980,good,0.000,4.10,0,0,0,0,10.80,2,0.0,,,
3584,3.8360,-0.1182,-0.2403,3.111,good,0.302,4.52,0,0,0,0,10.16,2,0.0,,,
3589,3.8360,-0.1110,0.0576,3.000,good,0.000,4.05,0,0,0,0,10.33,1,0.0,,,
3590,3.8360,-0.1015,0.0154,3.000,good,0.001,3.73,0,0,0,0,7.17,1,0.0,,,
3583,3.8400,-0.1107,0.0838,3.172,good,0.000,2.06,0,0,0,0,6.41,3,0.0,,,
3587,3.8400,-0.1191,0.1346,2.961,good,0.002,18.08,0,0,0,0,14.00,2,0.0,,,
3588,3.8400,-0.1170,0.0656,2.988,good,0.000,3.88,0,0,0,0,12.61,2,0.0,,,
3585,3.8440,-0.1098,0.2164,2.909,good,0.000,2.92,0,0,0,0,12.13,3,0.0,,,
3586,3.8440,-0.1331,0.1894,3.000,good,0.000,2.19,0,0,0,0,9.69,1,0.0,,,
3593,3.8440,-0.1132,0.1497,3.450,good,0.014,7.01,0,0,0,0,1.79,2,0.0,,,
3594,3.8440,-0.1231,0.1927,3.000,good,0.000,2.08,0,0,0,0,10.35,1,0.0,,,
3598,3.8440,-0.1130,0.1959,3.000,good,0.000,2.08,0,0,0,0,11.01,1,0.0,,,
3591,3.8480,-0.1148,-0.1426,2.730,good,0.000,2.98,0,0,0,0,18.69,3,0.0,,,
3592,3.8480,-0.1366,-0.0830,3.000,good,0.001,2.35,0,0,0,0,10.88,1,0.0,,,
3597,3.8480,-0.1246,-0.0798,3.000,good,0.001,2.30,0,0,0,0,10.88,1,0.0,,,
3602,3.8480,-0.1126,-0.0766,3.000,good,0.004,2.31,0,0,0,0,10.88,1,0.0,,,
3603,3.8480,-0.1030,0.1992,3.000,good,0.000,2.43,0,0,0,0,7.67,1,0.0,,,
3595,3.8520,-0.1163,-0.0805,2.270,good,0.004,3.23,0,0,0,0,35.31,3,0.0,,,
3596,3.8520,-0.1090,0.0703,2.956,sour,1.000,23.95,1,1,1,0,10.71,3,2.1,40|41,3547,3547
3608,3.8520,-0.1006,-0.0734,3.000,good,0.003,2.29,0,0,0,0,6.88,1,0.0,,,
3599,3.8560,-0.1128,0.2117,3.010,good,0.000,2.68,0,0,0,0,10.70,3,0.0,,,
3600,3.8560,-0.1120,-0.2248,3.031,black,1.000,53.13,1,1,1,0,9.95,3,2.1,3,3566,
3601,3.8560,-0.1084,-0.1804,2.990,good,0.009,3.74,0,0,0,0,9.69,3,0.0,,,
3604,3.8600,-0.1378,0.1071,3.000,good,0.000,2.25,0,0,0,0,11.28,1,0.0,,,
3605,3.8600,-0.1290,-0.1925,2.112,good,0.008,4.81,0,0,0,0,44.43,2,0.0,,,
3606,3.8600,-0.1103,0.1777,2.992,good,0.006,6.98,0,0,0,0,10.28,3,0.0,,,
3607,3.8600,-0.1096,0.0896,2.991,good,0.000,2.97,0,0,0,0,10.06,3,0.0,,,
3611,3.8600,-0.1194,-0.0611,3.023,good,0.001,2.53,0,0,0,0,12.59,2,0.0,,,
3612,3.8600,-0.1154,0.1106,3.009,good,0.001,7.21,0,0,0,0,11.59,2,0.0,,,
3613,3.8600,-0.1164,-0.1832,3.000,good,0.002,2.36,0,0,0,0,12.15,2,0.0,,,
3614,3.8600,-0.1128,-0.1023,3.450,good,0.001,5.38,0,0,0,0,1.68,2,0.0,,,
3609,3.8640,-0.1120,-0.1903,3.225,good,0.026,6.09,0,0,0,0,5.72,3,0.0,,,
3610,3.8640,-0.1117,-0.1013,2.882,good,0.011,2.41,0,0,0,0,13.46,3,0.0,,,
3618,3.8640,-0.1181,0.1920,3.115,good,0.000,2.39,0,0,0,0,10.01,2,0.0,,,
3615,3.8680,-0.1154,0.1085,3.009,good,0.000,2.94,0,0,0,0,11.60,3,0.0,,,
3616,3.8680,-0.1243,0.1984,3.257,good,0.002,2.70,0,0,0,0,4.88,2,0.0,,,
3617,3.8680,-0.1104,-0.0195,2.946,good,0.001,2.86,0,0,0,0,11.42,3,0.0,,,
3620,3.8680,-0.1177,-0.0294,2.910,faded,0.997,3.83,1,1,1,0,14.82,2,2.1,28,3564,3564
3623,3.8680,-0.1088,0.1953,3.000,good,0.000,7.75,0,0,0,0,9.59,1,0.0,,,
3624,3.8680,-0.1037,-0.1930,3.000,good,0.020,4.80,0,0,0,0,7.89,1,0.0,,,
3619,3.8720,-0.1256,0.1023,2.849,broken,0.633,3.19,1,1,1,0,15.19,2,1.6,45|44,,
3628,3.8720,-0.1142,0.0988,3.000,good,0.176,3.57,0,0,0,0,11.38,1,0.0,,,
3621,3.8760,-0.1142,-0.1708,2.997,insect,1.000,8.14,1,1,1,0,11.47,3,2.1,10|9,3563,
3622,3.8760,-0.1084,-0.0843,3.008,good,0.000,4.62,0,0,0,0,9.28,3,0.0,,,
3625,3.8800,-0.1192,-0.1430,2.661,faded,0.996,4.68,1,1,1,0,22.36,3,2.1,13,3572,
3626,3.8800,-0.1101,0.0329,3.051,good,0.180,6.70,0,0,0,0,8.87,3,0.0,,,
3627,3.8800,-0.1092,0.0053,3.134,good,0.000,7.25,0,0,0,0,6.75,3,0.0,,,
3629,3.8840,-0.1075,0.2012,3.450,good,0.002,2.64,0,0,0,0,0.14,3,0.0,,,
3630,3.8840,-0.1121,-0.2086,3.000,black,1.000,51.19,1,1,1,0,10.71,3,2.1,5,3570,3570
3631,3.8840,-0.1114,0.1793,2.994,good,0.000,3.00,0,0,0,0,10.61,3,0.0,,,
3632,3.8840,-0.1082,0.1370,3.132,good,0.000,2.19,0,0,0,0,6.48,3,0.0,,,
3633,3.8840,-0.1086,0.1148,2.994,good,0.000,2.45,0,0,0,0,9.66,3,0.0,,,
3636,3.8840,-0.1197,-0.1179,3.025,good,0.001,2.36,0,0,0,0,12.62,2,0.0,,,
3638,3.8840,-0.1176,-0.0741,3.052,good,0.000,3.23,0,0,0,0,11.32,2,0.0,,,
3634,3.8880,-0.1225,-0.2078,3.450,good,0.017,4.47,0,0,0,0,0.48,2,0.0,,,
3635,3.8880,-0.1246,-0.0503,2.877,good,0.010,5.17,0,0,0,0,14.05,2,0.0,,,
3637,3.8880,-0.1086,-0.1395,2.860,good,0.014,3.04,0,0,0,0,12.95,3,0.0,,,
3642,3.8880,-0.1199,0.1844,2.882,faded,0.861,4.14,1,1,1,0,16.30,2,2.1,55,3588,
3647,3.8880,-0.1131,-0.0539,3.000,good,0.022,5.16,0,0,0,0,11.02,1,0.0,,,
3639,3.8920,-0.1140,0.2033,3.021,good,0.019,4.08,0,0,0,0,10.82,3,0.0,,,
3640,3.8920,-0.1132,-0.1067,2.929,good,0.005,3.44,0,0,0,0,12.79,3,0.0,,,
3641,3.8920,-0.1097,-0.0283,2.762,good,0.000,2.74,0,0,0,0,15.93,3,0.0,,,
3645,3.8920,-0.1196,-0.0883,3.279,good,0.051,2.69,0,0,0,0,6.98,2,0.0,,,
3643,3.8960,-0.1094,-0.0008,3.023,good,0.001,4.54,0,0,0,0,9.25,3,0.0,,,
3644,3.8960,-0.1097,-0.1662,3.007,good,0.000,2.46,0,0,0,0,9.74,3,0.0,,,
3646,3.8960,-0.1107,0.1195,2.782,good,0.001,4.47,0,0,0,0,15.75,3,0.0,,,
3651,3.8960,-0.1140,0.0261,2.981,good,0.005,8.17,0,0,0,0,11.81,2,0.0,,,
3652,3.8960,-0.1154,-0.1028,3.167,good,0.004,2.42,0,0,0,0,8.01,2,0.0,,,
3648,3.9000,-0.1142,-0.0479,3.004,good,0.000,4.14,0,0,0,0,11.33,3,0.0,,,
3649,3.9000,-0.1097,0.0463,3.154,good,0.001,3.58,0,0,0,0,6.47,3,0.0,,,
3650,3.9000,-0.1102,0.1592,2.877,good,0.002,7.79,0,0,0,0,13.06,3,0.0,,,
3654,3.9000,-0.1171,-0.2307,3.015,black,1.000,50.91,1,1,1,0,12.01,2,2.1,2,3586,3586
3655,3.9000,-0.1183,0.1022,2.999,broken,0.943,2.25,1,1,1,0,12.81,2,1.6,45|44,3614,3614
3662,3.9000,-0.1027,-0.0993,3.000,good,0.002,2.38,0,0,0,0,7.55,1,0.0,,,
3653,3.9040,-0.1145,0.0458,3.008,good,0.000,3.91,0,0,0,0,11.29,3,0.0,,,
3660,3.9040,-0.1137,-0.0052,2.967,good,0.002,8.85,0,0,0,0,12.01,2,0.0,,,
3661,3.9040,-0.1178,-0.2263,3.000,good,0.003,1.94,0,0,0,0,12.59,2,0.0,,,
3656,3.9080,-0.1165,-0.0990,2.984,good,0.000,2.99,0,0,0,0,12.54,3,0.0,,,
3657,3.9080,-0.1120,0.1499,3.002,black,1.000,50.33,1,1,1,0,10.64,3,2.1,51|50,3605,3605
3658,3.9080,-0.1156,-0.1444,2.537,good,0.000,2.60,0,0,0,0,24.98,3,0.0,,,
3659,3.9080,-0.1093,-0.1133,2.897,good,0.000,4.34,0,0,0,0,12.24,3,0.0,,,
3666,3.9080,-0.1191,-0.0549,3.197,black,1.000,46.32,1,1,1,0,8.51,2,2.1,24|25,3641,3641
3667,3.9080,-0.1276,0.0072,3.000,good,0.002,2.80,0,0,0,0,11.85,1,0.0,,,
3670,3.9080,-0.1145,0.0042,3.000,good,0.006,2.80,0,0,0,0,11.50,1,0.0,,,
3663,3.9120,-0.1164,0.1456,3.007,good,0.001,4.00,0,0,0,0,11.97,3,0.0,,,
3664,3.9120,-0.1164,0.0101,2.807,broken,0.876,15.63,1,1,1,0,17.10,3,1.6,33,3600,
3665,3.9120,-0.1115,0.0399,2.960,good,0.002,2.86,0,0,0,0,11.45,3,0.0,,,
3669,3.9120,-0.1191,0.1135,3.049,good,0.001,1.57,0,0,0,0,11.84,2,0.0,,,
3674,3.9120,-0.1166,-0.0876,3.000,good,0.012,2.99,0,0,0,0,12.21,1,0.0,,,
3675,3.9120,-0.1054,-0.1415,3.000,good,0.000,2.53,0,0,0,0,8.47,1,0.0,,,
3676,3.9120,-0.1014,0.0011,3.000,good,0.016,2.73,0,0,0,0,7.14,1,0.0,,,
3668,3.9160,-0.1092,-0.0922,2.819,good,0.020,2.86,0,0,0,0,14.23,3,0.0,,,
3671,3.9200,-0.1162,-0.1211,3.000,broken,0.649,4.92,1,1,1,0,12.06,3,1.6,16,3612,
3672,3.9200,-0.1239,0.1052,3.206,good,0.000,1.59,0,0,0,0,5.83,2,0.0,,,
3673,3.9200,-0.1080,-0.0684,3.042,good,0.015,5.06,0,0,0,0,8.37,3,0.0,,,
3678,3.9200,-0.1195,-0.1688,3.080,good,0.000,2.08,0,0,0,0,11.26,2,0.0,,,
3682,3.9200,-0.1111,0.1015,3.000,good,0.000,1.51,0,0,0,0,10.36,1,0.0,,,
3677,3.9240,-0.1096,0.1017,3.001,good,0.000,2.59,0,0,0,0,9.85,3,0.0,,,
3679,3.9240,-0.1090,-0.1020,2.815,good,0.000,1.57,0,0,0,0,14.24,3,0.0,,,
3680,3.9280,-0.1136,-0.2101,2.917,good,0.038,2.96,0,0,0,0,13.25,3,0.0,,,
3681,3.9280,-0.1111,-0.1293,3.007,good,0.001,1.78,0,0,0,0,10.21,3,0.0,,,
3683,3.9320,-0.1322,0.1984,3.000,good,0.001,5.99,0,0,0,0,9.38,1,0.0,,,
3686,3.9320,-0.1193,0.0603,3.307,husk,0.952,15.31,1,1,1,0,6.31,2,1.6,39,3624,3624
3687,3.9320,-0.1231,0.2023,3.000,good,0.124,6.01,0,0,0,0,10.38,1,0.0,,,
3692,3.9320,-0.1141,0.2061,3.000,good,0.003,6.45,0,0,0,0,11.37,1,0.0,,,
3684,3.9360,-0.1142,0.0061,3.001,good,0.000,2.77,0,0,0,0,11.35,3,0.0,,,
3685,3.9360,-0.1207,-0.1115,3.004,good,0.004,6.05,0,0,0,0,9.46,2,0.0,,,
3690,3.9360,-0.1180,-0.2097,3.079,good,0.000,2.14,0,0,0,0,10.81,2,0.0,,,
3691,3.9360,-0.1169,0.1750,2.988,good,0.000,1.74,0,0,0,0,12.58,2,0.0,,,
3701,3.9360,-0.1095,-0.1148,3.000,good,0.001,3.14,0,0,0,0,9.83,1,0.0,,,
3702,3.9360,-0.1080,-0.1056,3.000,good,0.005,2.40,0,0,0,0,9.34,1,0.0,,,
3703,3.9360,-0.1051,0.2100,3.000,good,0.060,5.95,0,0,0,0,8.38,1,0.0,,,
3688,3.9400,-0.1104,0.0848,2.995,good,0.000,2.38,0,0,0,0,10.24,3,0.0,,,
3689,3.9400,-0.1095,0.0218,2.974,good,0.000,2.34,0,0,0,0,10.45,3,0.0,,,
3697,3.9400,-0.1190,0.2346,2.897,good,0.000,2.74,0,0,0,0,15.62,2,0.0,,,
3698,3.9400,-0.1195,-0.0513,2.768,broken,0.991,4.18,1,1,0,0,19.29,2,1.6,25,3632,
3699,3.9400,-0.1165,-0.1420,3.327,good,0.000,2.93,0,0,0,0,5.07,2,0.0,,,
3700,3.9400,-0.1179,-0.0024,2.821,good,0.000,3.16,0,0,0,0,17.26,2,0.0,,,
3693,3.9440,-0.1149,0.2171,3.004,good,0.015,4.34,0,0,0,0,11.51,3,0.0,,,
3694,3.9440,-0.1134,-0.0320,3.010,good,0.000,2.87,0,0,0,0,10.90,3,0.0,,,
3695,3.9440,-0.1156,-0.0942,2.805,good,0.009,2.99,0,0,0,0,16.85,3,0.0,,,
3696,3.9440,-0.1105,0.0871,2.997,good,0.001,1.82,0,0,0,0,10.23,3,0.0,,,
3704,3.9440,-0.1188,0.1209,3.016,good,0.001,4.36,0,0,0,0,12.55,2,0.0,,,
3712,3.9440,-0.1067,-0.0055,3.000,good,0.000,3.04,0,0,0,0,8.88,1,0.0,,,
3708,3.9480,-0.1193,0.0297,2.980,good,0.000,2.61,0,0,0,0,13.60,2,0.0,,,
3709,3.9480,-0.1171,-0.0396,3.234,good,0.035,2.31,0,0,0,0,7.14,2,0.0,,,
3710,3.9480,-0.1169,-0.1451,3.011,good,0.000,2.53,0,0,0,0,12.02,2,0.0,,,
3711,3.9480,-0.1172,0.0561,3.039,good,0.000,3.08,0,0,0,0,11.48,2,0.0,,,
3705,3.9520,-0.1172,-0.1307,2.869,good,0.000,2.01,0,0,0,0,15.71,3,0.0,,,
3706,3.9520,-0.1142,-0.0118,3.000,good,0.000,1.81,0,0,0,0,11.42,3,0.0,,,
3707,3.9520,-0.1112,-0.0495,3.001,good,0.000,2.50,0,0,0,0,10.37,3,0.0,,,
3715,3.9520,-0.1194,0.1742,3.018,good,0.027,10.81,0,0,0,0,12.71,2,0.0,,,
3713,3.9560,-0.1108,0.0065,3.450,good,0.006,2.23,0,0,0,0,1.09,3,0.0,,,
3714,3.9560,-0.1137,-0.1886,2.886,black,1.000,54.79,1,1,0,0,14.06,3,2.1,7|8,3638,
3716,3.9560,-0.1237,0.1193,2.192,good,0.000,1.79,0,0,0,0,38.05,2,0.0,,,
3717,3.9560,-0.1199,0.1072,3.450,good,0.371,14.63,0,0,0,0,3.74,2,0.0,,,
3722,3.9560,-0.1170,-0.0089,2.982,good,0.000,2.17,0,0,0,0,12.76,2,0.0,,,
3718,3.9600,-0.1139,-0.0298,2.968,good,0.000,1.84,0,0,0,0,12.08,3,0.0,,,
3719,3.9600,-0.1152,-0.1788,2.853,good,0.012,3.38,0,0,0,0,15.42,3,0.0,,,
3720,3.9600,-0.1112,0.1371,3.260,good,0.000,3.31,0,0,0,0,4.77,3,0.0,,,
3721,3.9600,-0.1082,-0.2244,2.994,sour,1.000,27.65,1,1,0,0,9.54,3,2.1,3,3668,
3725,3.9600,-0.1176,0.1981,3.004,good,0.001,4.30,0,0,0,0,12.45,2,0.0,,,
3723,3.9640,-0.1267,0.2111,2.539,good,0.017,2.27,0,0,0,0,25.31,2,0.0,,,
3724,3.9640,-0.1091,-0.0455,3.006,good,0.000,3.30,0,0,0,0,9.56,3,0.0,,,
3729,3.9640,-0.1166,0.2142,3.000,good,0.019,2.36,0,0,0,0,12.21,1,0.0,,,
3726,3.9680,-0.1100,-0.0323,3.002,good,0.000,3.52,0,0,0,0,9.97,3,0.0,,,
3727,3.9680,-0.1091,0.1646,2.994,black,1.000,49.14,1,1,0,0,9.83,3,2.1,53|52,3675,
3728,3.9680,-0.1166,0.1615,3.321,good,0.001,2.98,0,0,0,0,5.22,2,0.0,,,
3730,3.9760,-0.1129,-0.1325,3.081,good,0.007,5.35,0,0,0,0,9.10,3,0.0,,,
3731,3.9760,-0.1157,0.0214,2.741,good,0.003,2.49,0,0,0,0,18.67,3,0.0,,,
3732,3.9760,-0.1123,0.1491,2.884,good,0.000,2.26,0,0,0,0,13.63,3,0.0,,,
3734,3.9760,-0.1192,0.1785,3.434,good,0.030,2.28,0,0,0,0,3.84,2,0.0,,,
3733,3.9800,-0.1243,0.0856,2.947,good,0.000,9.51,0,0,0,0,12.12,2,0.0,,,
3737,3.9800,-0.1188,-0.2002,3.149,good,0.026,2.04,0,0,0,0,9.50,2,0.0,,,
3741,3.9800,-0.1158,0.0808,3.000,good,0.001,2.11,0,0,0,0,11.92,1,0.0,,,
3742,3.9800,-0.1097,0.0897,3.000,good,0.000,1.76,0,0,0,0,9.91,1,0.0,,,
3743,3.9800,-0.1047,0.0183,3.000,good,0.002,2.44,0,0,0,0,8.23,1,0.0,,,
3735,3.9840,-0.1090,-0.0402,2.999,good,0.000,2.62,0,0,0,0,9.68,3,0.0,,,
3736,3.9840,-0.1096,-0.0034,2.904,good,0.000,2.37,0,0,0,0,12.18,3,0.0,,,
3739,3.9840,-0.1171,0.1900,2.990,faded,0.999,4.82,1,1,0,0,12.62,2,2.1,56,3687,
3740,3.9840,-0.1167,-0.1500,3.005,insect,1.000,4.31,1,1,0,0,12.11,2,2.1,12,3676,
3738,3.9880,-0.1243,-0.0771,3.193,good,0.000,1.85,0,0,0,0,6.23,2,0.0,,,
3752,3.9880,-0.1115,-0.0819,3.000,good,0.000,1.64,0,0,0,0,10.51,1,0.0,,,
3744,3.9920,-0.1125,-0.0718,2.997,broken,0.770,3.00,1,1,0,0,10.91,3,1.6,22|23,3686,
3745,3.9920,-0.1134,0.1745,2.997,good,0.000,2.29,0,0,0,0,11.22,3,0.0,,,
3746,3.9920,-0.1073,-0.1524,3.220,good,0.000,1.88,0,0,0,0,4.37,3,0.0,,,
3747,3.9960,-0.1135,0.1504,3.022,good,0.000,3.18,0,0,0,0,10.66,3,0.0,,,
3748,3.9960,-0.1240,-0.0837,3.183,good,0.025,8.66,0,0,0,0,6.36,2,0.0,,,
3749,3.9960,-0.1382,-0.0042,3.000,good,0.039,2.93,0,0,0,0,11.41,1,0.0,,,
3750,3.9960,-0.1140,-0.1417,3.005,good,0.001,2.26,0,0,0,0,11.22,3,0.0,,,
3751,3.9960,-0.1353,0.1734,3.000,good,0.000,3.08,0,0,0,0,10.45,1,0.0,,,
3756,3.9960,-0.1187,-0.0472,3.231,sour,1.000,15.10,1,1,0,0,7.68,2,2.1,25|26,3707,
3757,3.9960,-0.1271,0.0008,3.000,good,0.008,2.96,0,0,0,0,11.72,1,0.0,,,
3758,3.9960,-0.1236,0.1771,3.000,good,0.000,4.04,0,0,0,0,10.54,1,0.0,,,
3761,3.9960,-0.1161,0.0058,3.000,good,0.002,3.06,0,0,0,0,12.03,1,0.0,,,
3762,3.9960,-0.1113,-0.0869,3.000,good,0.008,8.15,0,0,0,0,10.43,1,0.0,,,
3763,3.9960,-0.1119,0.1809,3.000,good,0.000,2.79,0,0,0,0,10.64,1,0.0,,,
