tid,t,x,y,v,cls,p_reject,anomaly,reject,scheduled,activated,late,headroom_ms,n_obs,pulse_ms,nozzles,target_uids,own_hit_uids
0,0.2920,-0.1093,0.0458,3.416,good,0.003,3.09,0,0,0,0,1.27,3,0.0,,,
1,0.3000,-0.1405,0.1263,3.000,good,0.003,2.75,0,0,0,0,12.18,1,0.0,,,
2,0.3000,-0.1110,-0.0815,3.003,good,0.012,2.93,0,0,0,0,10.26,3,0.0,,,
4,0.3000,-0.1188,0.1221,2.961,good,0.001,5.95,0,0,0,0,13.87,2,0.0,,,
5,0.3000,-0.1149,-0.0667,3.100,good,0.000,2.46,0,0,0,0,9.32,2,0.0,,,
6,0.3000,-0.1168,0.1451,2.971,sour,1.000,18.31,1,1,1,0,12.97,2,3.2,50,2,
3,0.3040,-0.1086,0.2144,3.159,good,0.000,2.65,0,0,0,0,6.05,3,0.0,,,
9,0.3040,-0.1189,0.1355,3.001,good,0.000,2.44,0,0,0,0,12.94,2,0.0,,,
7,0.3080,-0.1143,-0.0990,3.008,shell,0.664,9.62,1,1,1,0,11.24,3,2.4,19,11,
8,0.3080,-0.1138,0.1052,2.980,good,0.000,1.51,0,0,0,0,11.74,3,0.0,,,
12,0.3080,-0.1187,-0.0401,3.006,good,0.335,3.35,0,0,0,0,12.75,2,0.0,,,
10,0.3120,-0.1128,-0.1148,2.982,good,0.001,1.50,0,0,0,0,11.36,3,0.0,,,
11,0.3120,-0.1105,0.2088,3.031,good,0.001,2.48,0,0,0,0,9.44,3,0.0,,,
16,0.3120,-0.1170,-0.1657,2.996,good,0.001,1.61,0,0,0,0,12.44,2,0.0,,,
17,0.3120,-0.1174,0.2376,2.989,good,0.041,7.25,0,0,0,0,12.75,2,0.0,,,
13,0.3160,-0.1156,0.2335,2.996,good,0.031,5.60,0,0,0,0,11.96,3,0.0,,,
14,0.3160,-0.1134,0.1730,3.008,good,0.000,2.27,0,0,0,0,10.95,3,0.0,,,
15,0.3160,-0.1093,-0.1029,3.061,good,0.001,2.91,0,0,0,0,8.37,3,0.0,,,
20,0.3160,-0.1178,-0.1415,3.077,good,0.002,2.98,0,0,0,0,10.81,2,0.0,,,
21,0.3160,-0.1164,-0.0163,3.005,good,0.008,2.39,0,0,0,0,12.01,2,0.0,,,
18,0.3200,-0.1122,0.0969,2.999,good,0.000,3.11,0,0,0,0,10.75,3,0.0,,,
19,0.3200,-0.1095,0.1161,3.001,good,0.000,1.93,0,0,0,0,9.82,3,0.0,,,
23,0.3200,-0.1159,-0.1887,2.918,good,0.003,3.11,0,0,0,0,13.98,2,0.0,,,
22,0.3240,-0.1135,0.1479,2.947,good,0.000,2.99,0,0,0,0,12.45,3,0.0,,,
25,0.3240,-0.1177,0.1856,2.995,good,0.000,2.96,0,0,0,0,12.69,2,0.0,,,
26,0.3240,-0.1158,-0.0733,3.000,faded,1.000,4.35,1,1,1,0,11.95,2,3.2,22,28,
24,0.3280,-0.1140,0.0364,3.001,good,0.004,4.59,0,0,0,0,11.30,3,0.0,,,
27,0.3280,-0.1182,0.1048,3.209,good,0.005,17.13,0,0,0,0,7.99,2,0.0,,,
28,0.3280,-0.1166,-0.0591,2.965,good,0.001,3.03,0,0,0,0,13.04,2,0.0,,,
30,0.3320,-0.1181,-0.0303,3.001,good,0.000,2.65,0,0,0,0,12.67,2,0.0,,,
31,0.3320,-0.1176,-0.0147,3.016,good,0.000,3.02,0,0,0,0,12.15,2,0.0,,,
32,0.3320,-0.1160,-0.1738,3.004,good,0.000,2.70,0,0,0,0,11.91,2,0.0,,,
29,0.3360,-0.1091,0.1285,2.998,good,0.000,2.13,0,0,0,0,9.73,3,0.0,,,
34,0.3360,-0.1302,0.1941,3.000,good,0.001,2.89,0,0,0,0,12.74,1,0.0,,,
40,0.3360,-0.1174,0.1983,3.000,good,0.001,2.84,0,0,0,0,12.46,1,0.0,,,
33,0.3400,-0.1123,0.0960,2.981,good,0.000,2.73,0,0,0,0,11.23,3,0.0,,,
46,0.3400,-0.1046,0.2024,3.000,good,0.002,3.05,0,0,0,0,8.19,1,0.0,,,
35,0.3440,-0.1283,0.1196,2.948,good,0.000,6.88,0,0,0,0,13.44,2,0.0,,,
36,0.3440,-0.1388,-0.0946,3.000,broken,0.587,2.28,1,1,1,0,11.62,1,2.4,19|20,,
37,0.3440,-0.1118,-0.1769,2.994,good,0.001,2.52,0,0,0,0,10.75,3,0.0,,,
38,0.3440,-0.1094,-0.1265,2.999,good,0.001,3.11,0,0,0,0,9.81,3,0.0,,,
39,0.3440,-0.1090,-0.0829,2.995,good,0.000,2.77,0,0,0,0,9.76,3,0.0,,,
43,0.3440,-0.1196,-0.0294,2.933,good,0.000,3.46,0,0,0,0,14.87,2,0.0,,,
44,0.3440,-0.1171,-0.2007,2.861,good,0.001,3.15,0,0,0,0,15.89,2,0.0,,,
45,0.3440,-0.1278,-0.0907,3.000,broken,0.814,2.33,1,1,1,0,11.94,1,2.4,20,,
52,0.3440,-0.1168,-0.0867,3.000,broken,0.846,2.25,1,1,1,0,12.27,1,2.4,20|21,50,
53,0.3440,-0.1165,0.1165,3.000,good,0.000,4.74,0,0,0,0,12.17,1,0.0,,,
41,0.3480,-0.1104,-0.1052,3.022,good,0.000,3.02,0,0,0,0,9.63,3,0.0,,,
42,0.3480,-0.1117,-0.0765,2.487,good,0.002,2.20,0,0,0,0,25.11,3,0.0,,,
51,0.3480,-0.1191,-0.1713,2.853,good,0.001,2.59,0,0,0,0,16.80,2,0.0,,,
55,0.3480,-0.1058,-0.0827,3.000,broken,0.958,2.62,1,1,1,0,8.59,1,2.4,21,50,
47,0.3520,-0.1135,0.1999,3.055,good,0.000,2.70,0,0,0,0,9.89,3,0.0,,,
48,0.3520,-0.1111,0.0041,3.022,good,0.000,3.24,0,0,0,0,9.86,3,0.0,,,
49,0.3520,-0.1111,-0.1817,2.663,good,0.021,2.06,0,0,0,0,19.29,3,0.0,,,
50,0.3520,-0.1080,0.1587,3.005,good,0.000,2.56,0,0,0,0,9.23,3,0.0,,,
54,0.3560,-0.1132,-0.1589,3.011,good,0.000,2.42,0,0,0,0,10.80,3,0.0,,,
60,0.3560,-0.1178,0.1783,2.995,good,0.000,2.45,0,0,0,0,12.72,2,0.0,,,
56,0.3600,-0.1135,-0.1304,3.182,good,0.000,2.07,0,0,0,0,7.10,3,0.0,,,
57,0.3600,-0.1129,-0.1824,2.921,good,0.001,2.43,0,0,0,0,12.89,3,0.0,,,
58,0.3600,-0.1121,-0.1000,2.364,good,0.002,1.97,0,0,0,0,29.72,3,0.0,,,
59,0.3600,-0.1121,-0.0008,2.512,good,0.006,7.84,0,0,0,0,24.43,3,0.0,,,
62,0.3600,-0.1198,-0.0398,3.012,black,1.000,47.73,1,1,1,0,12.99,2,3.2,26|27,45,45
63,0.3600,-0.1157,0.1737,2.924,good,0.012,5.48,0,0,0,0,13.77,2,0.0,,,
61,0.3640,-0.1134,0.1659,2.997,good,0.030,4.14,0,0,0,0,11.19,3,0.0,,,
65,0.3640,-0.1171,0.0255,2.978,good,0.000,3.12,0,0,0,0,12.89,2,0.0,,,
71,0.3640,-0.1078,0.1780,3.000,good,0.001,2.70,0,0,0,0,9.25,1,0.0,,,
64,0.3680,-0.1154,-0.1979,3.000,good,0.000,2.19,0,0,0,0,11.79,3,0.0,,,
70,0.3680,-0.1151,-0.0114,3.088,good,0.032,13.73,0,0,0,0,9.64,2,0.0,,,
66,0.3720,-0.1117,-0.1606,3.240,sour,1.000,24.23,1,1,1,0,5.35,3,3.2,11,70,70
67,0.3720,-0.1135,0.0919,2.992,good,0.000,3.09,0,0,0,0,11.36,3,0.0,,,
68,0.3720,-0.1143,-0.2052,2.982,good,0.002,2.11,0,0,0,0,11.84,3,0.0,,,
69,0.3720,-0.1135,-0.1220,2.742,good,0.473,5.37,0,0,0,0,17.87,3,0.0,,,
74,0.3720,-0.1193,-0.0463,3.041,good,0.000,2.54,0,0,0,0,12.11,2,0.0,,,
76,0.3720,-0.1185,0.0590,2.976,good,0.033,3.04,0,0,0,0,13.41,2,0.0,,,
72,0.3760,-0.1139,-0.1310,2.998,faded,1.000,6.06,1,1,1,0,11.35,3,3.2,15,80,80
73,0.3760,-0.1131,-0.0142,2.973,good,0.000,2.75,0,0,0,0,11.69,3,0.0,,,
75,0.3760,-0.1091,-0.1265,2.995,stick,1.000,32.14,1,1,1,0,9.81,3,2.4,15|16,57,57
82,0.3760,-0.1176,0.0602,3.028,good,0.001,2.45,0,0,0,0,11.87,2,0.0,,,
83,0.3760,-0.1167,-0.2213,2.999,good,0.003,2.40,0,0,0,0,12.26,2,0.0,,,
77,0.3800,-0.1200,0.1273,2.419,good,0.007,3.75,0,0,0,0,30.94,3,0.0,,,
78,0.3800,-0.1131,0.0455,3.117,good,0.203,3.12,0,0,0,0,8.36,3,0.0,,,
79,0.3800,-0.1134,-0.2032,3.082,good,0.003,2.18,0,0,0,0,9.22,3,0.0,,,
80,0.3800,-0.1095,-0.1917,3.102,good,0.002,4.70,0,0,0,0,7.53,3,0.0,,,
81,0.3800,-0.1060,0.2060,3.450,good,0.000,2.53,0,0,0,0,-0.29,3,0.0,,,
87,0.3800,-0.1188,0.0108,3.056,good,0.008,13.20,0,0,0,0,11.60,2,0.0,,,
88,0.3800,-0.1138,-0.1580,3.302,good,0.000,2.35,0,0,0,0,4.77,2,0.0,,,
84,0.3840,-0.1375,0.0292,3.000,good,0.000,2.35,0,0,0,0,11.16,1,0.0,,,
85,0.3840,-0.1113,-0.0060,2.954,good,0.011,2.83,0,0,0,0,11.53,3,0.0,,,
86,0.3840,-0.1080,0.2232,2.999,good,0.000,3.09,0,0,0,0,9.36,3,0.0,,,
90,0.3840,-0.1190,-0.1694,2.648,good,0.003,4.40,0,0,0,0,22.70,2,0.0,,,
91,0.3840,-0.1170,-0.0468,3.010,good,0.000,2.18,0,0,0,0,12.11,2,0.0,,,
92,0.3840,-0.1150,0.0331,2.803,good,0.000,2.37,0,0,0,0,16.71,2,0.0,,,
89,0.3880,-0.1141,0.0935,2.998,good,0.000,2.11,0,0,0,0,11.41,3,0.0,,,
96,0.3880,-0.1318,-0.1387,3.000,stone,1.000,6.63,1,1,1,0,13.27,1,9.1,14|13|15,,
97,0.3880,-0.1176,-0.1247,3.156,good,0.000,1.68,0,0,0,0,8.95,2,0.0,,,
103,0.3880,-0.1084,-0.1397,3.000,stone,1.000,6.48,1,1,1,0,9.47,1,9.1,14|13|15,227,
104,0.3880,-0.1038,0.0382,3.000,good,0.000,2.17,0,0,0,0,7.94,1,0.0,,,
93,0.3920,-0.1142,-0.0200,3.011,good,0.001,3.62,0,0,0,0,11.15,3,0.0,,,
94,0.3920,-0.1372,0.1430,3.000,good,0.036,8.28,0,0,0,0,11.07,1,0.0,,,
95,0.3920,-0.1095,0.1197,2.997,good,0.000,2.51,0,0,0,0,9.91,3,0.0,,,
101,0.3920,-0.1179,-0.0641,3.171,insect,0.630,11.72,1,1,1,0,8.74,2,3.2,23,98|103,98
108,0.3920,-0.1131,0.1496,3.000,good,0.001,4.55,0,0,0,0,11.03,1,0.0,,,
98,0.3960,-0.1119,-0.2152,3.014,good,0.012,3.95,0,0,0,0,10.29,3,0.0,,,
99,0.3960,-0.1110,-0.0248,3.001,good,0.007,3.12,0,0,0,0,10.30,3,0.0,,,
100,0.3960,-0.1068,0.2111,3.321,good,0.000,3.55,0,0,0,0,2.27,3,0.0,,,
102,0.3960,-0.1085,-0.1693,2.879,good,0.008,4.18,0,0,0,0,12.43,3,0.0,,,
117,0.3960,-0.1009,0.1554,3.000,good,0.001,7.71,0,0,0,0,6.97,1,0.0,,,
105,0.4000,-0.1141,0.0059,2.993,good,0.000,3.33,0,0,0,0,11.56,3,0.0,,,
106,0.4000,-0.1152,-0.0903,2.879,good,0.000,2.55,0,0,0,0,14.75,3,0.0,,,
107,0.4000,-0.1108,-0.1295,3.020,good,0.039,2.89,0,0,0,0,9.79,3,0.0,,,
114,0.4000,-0.1190,0.1374,3.000,good,0.000,2.97,0,0,0,0,12.99,2,0.0,,,
115,0.4000,-0.1170,-0.1175,2.996,good,0.000,2.32,0,0,0,0,12.43,2,0.0,,,
116,0.4000,-0.1155,-0.1049,2.999,good,0.000,1.87,0,0,0,0,11.85,2,0.0,,,
109,0.4040,-0.1145,-0.2177,2.992,good,0.036,2.56,0,0,0,0,11.69,3,0.0,,,
110,0.4040,-0.1129,0.1157,3.001,good,0.000,2.43,0,0,0,0,10.96,3,0.0,,,
111,0.4040,-0.1121,0.0585,3.006,faded,1.000,5.29,1,1,1,0,10.56,3,3.2,39,107,107
112,0.4040,-0.1105,0.1494,3.097,good,0.000,1.99,0,0,0,0,7.96,3,0.0,,,
113,0.4040,-0.1105,-0.0697,3.001,faded,1.000,4.71,1,1,1,0,10.15,3,3.2,23|22,111,111
118,0.4080,-0.1095,0.0956,3.122,good,0.000,2.32,0,0,0,0,7.12,3,0.0,,,
120,0.4080,-0.1173,-0.1834,2.957,good,0.002,2.05,0,0,0,0,13.48,2,0.0,,,
121,0.4080,-0.1165,0.0045,2.996,good,0.000,2.52,0,0,0,0,12.26,2,0.0,,,
119,0.4120,-0.1114,-0.2174,2.976,good,0.000,3.23,0,0,0,0,11.04,3,0.0,,,
125,0.4120,-0.1179,-0.1114,3.005,good,0.000,4.11,0,0,0,0,12.51,2,0.0,,,
122,0.4160,-0.1143,-0.2182,3.105,good,0.003,1.43,0,0,0,0,9.04,3,0.0,,,
123,0.4160,-0.1157,0.1361,3.036,good,0.000,2.92,0,0,0,0,11.05,3,0.0,,,
124,0.4160,-0.1147,-0.0267,3.001,broken,0.995,2.87,1,1,1,0,11.54,3,2.4,28,100,100
126,0.4200,-0.1150,-0.1908,3.001,good,0.000,2.83,0,0,0,0,11.62,3,0.0,,,
127,0.4200,-0.1140,-0.0937,3.001,good,0.000,2.17,0,0,0,0,11.30,3,0.0,,,
128,0.4200,-0.1126,0.0677,2.991,good,0.002,2.54,0,0,0,0,11.08,3,0.0,,,
129,0.4200,-0.1119,-0.2199,3.051,good,0.004,7.08,0,0,0,0,9.45,3,0.0,,,
130,0.4200,-0.1086,0.1719,3.002,faded,0.685,3.33,1,1,1,0,9.48,3,3.2,53|54,125,125
133,0.4200,-0.1170,-0.0518,3.018,good,0.026,4.16,0,0,0,0,11.89,2,0.0,,,
131,0.4240,-0.1130,0.1691,2.999,good,0.001,2.38,0,0,0,0,11.01,3,0.0,,,
132,0.4240,-0.1260,-0.0931,2.617,good,0.000,3.10,0,0,0,0,22.37,2,0.0,,,
139,0.4240,-0.1190,0.1098,3.000,good,0.000,1.57,0,0,0,0,12.98,1,0.0,,,
140,0.4240,-0.1156,-0.0960,3.000,good,0.000,3.00,0,0,0,0,11.86,1,0.0,,,
134,0.4280,-0.1140,-0.0006,3.000,good,0.000,2.65,0,0,0,0,11.35,3,0.0,,,
135,0.4280,-0.1111,-0.0739,3.001,faded,1.000,5.87,1,1,1,0,10.35,3,3.2,22,141,
136,0.4280,-0.1330,0.1064,3.000,good,0.000,1.60,0,0,0,0,9.66,1,0.0,,,
145,0.4280,-0.1049,0.1131,3.000,good,0.000,1.84,0,0,0,0,8.31,1,0.0,,,
137,0.4320,-0.1261,-0.1002,2.918,good,0.001,2.13,0,0,0,0,13.48,2,0.0,,,
138,0.4320,-0.1184,0.0390,2.468,good,0.001,3.11,0,0,0,0,28.49,3,0.0,,,
142,0.4320,-0.1178,-0.0793,2.994,good,0.000,2.92,0,0,0,0,12.74,2,0.0,,,
143,0.4320,-0.1300,-0.1123,3.000,good,0.028,2.55,0,0,0,0,12.68,1,0.0,,,
144,0.4320,-0.1140,-0.1267,3.028,good,0.002,7.24,0,0,0,0,10.66,2,0.0,,,
149,0.4320,-0.1163,-0.1085,3.000,good,0.012,7.31,0,0,0,0,12.11,1,0.0,,,
141,0.4360,-0.1070,-0.2001,3.440,good,0.005,5.08,0,0,0,0,0.16,3,0.0,,,
147,0.4360,-0.1191,-0.1626,3.004,black,1.000,47.00,1,1,1,0,12.93,2,3.2,11|10,142,142
148,0.4360,-0.1125,0.0395,3.450,good,0.002,6.29,0,0,0,0,1.59,2,0.0,,,
146,0.4400,-0.1081,0.1797,3.045,good,0.001,2.23,0,0,0,0,8.36,3,0.0,,,
155,0.4400,-0.1179,0.0632,2.982,good,0.002,7.95,0,0,0,0,13.05,2,0.0,,,
156,0.4400,-0.1192,-0.0584,2.950,good,0.007,3.78,0,0,0,0,14.30,2,0.0,,,
150,0.4440,-0.1143,-0.0545,3.012,good,0.000,1.93,0,0,0,0,11.17,3,0.0,,,
151,0.4440,-0.1146,-0.2007,2.967,good,0.007,3.23,0,0,0,0,12.32,3,0.0,,,
152,0.4440,-0.1139,-0.0945,3.000,good,0.000,2.52,0,0,0,0,11.30,3,0.0,,,
153,0.4440,-0.1111,-0.1534,2.884,insect,1.000,3.87,1,1,1,0,13.19,3,3.1,12,159,159
154,0.4440,-0.1126,-0.2197,2.766,good,0.120,3.32,0,0,0,0,16.89,3,0.0,,,
157,0.4480,-0.1149,0.0315,2.911,good,0.000,2.01,0,0,0,0,13.82,3,0.0,,,
158,0.4480,-0.1135,-0.0644,2.949,good,0.000,2.73,0,0,0,0,12.38,3,0.0,,,
159,0.4480,-0.1124,-0.0352,3.014,good,0.002,2.04,0,0,0,0,10.48,3,0.0,,,
161,0.4480,-0.1175,-0.1983,2.771,good,0.000,2.23,0,0,0,0,18.50,2,0.0,,,
162,0.4480,-0.1162,0.0124,3.008,good,0.000,3.04,0,0,0,0,11.88,2,0.0,,,
160,0.4520,-0.1153,-0.0657,2.889,good,0.000,3.48,0,0,0,0,14.52,3,0.0,,,
176,0.4520,-0.1004,-0.0318,3.000,good,0.002,1.88,0,0,0,0,6.80,1,0.0,,,
163,0.4560,-0.1383,0.1382,3.000,stone,1.000,17.70,1,1,1,0,11.44,1,9.1,49|50|48,,
164,0.4560,-0.1146,-0.0501,3.002,good,0.000,1.87,0,0,0,0,11.50,3,0.0,,,
165,0.4560,-0.1135,0.0484,2.990,good,0.000,2.66,0,0,0,0,11.39,3,0.0,,,
166,0.4560,-0.1147,0.0019,2.772,black,1.000,53.64,1,1,1,0,17.46,3,3.2,32,137,
167,0.4560,-0.1129,0.0907,2.954,good,0.002,1.94,0,0,0,0,12.05,3,0.0,,,
168,0.4560,-0.1120,-0.1287,2.993,good,0.000,2.66,0,0,0,0,10.85,3,0.0,,,
173,0.4560,-0.1182,0.2043,3.117,good,0.004,5.05,0,0,0,0,10.01,2,0.0,,,
174,0.4560,-0.1163,-0.0269,2.958,good,0.000,4.61,0,0,0,0,13.10,2,0.0,,,
175,0.4560,-0.1214,0.1434,3.000,stone,1.000,17.78,1,1,1,0,9.79,1,9.1,50|49|51,,
179,0.4560,-0.1044,0.1485,3.000,stone,1.000,17.73,1,1,1,0,8.14,1,9.1,51|50|52,218,
169,0.4600,-0.1158,-0.1578,3.004,good,0.002,5.04,0,0,0,0,11.83,3,0.0,,,
170,0.4600,-0.1142,0.1568,2.944,black,1.000,50.00,1,1,1,0,12.76,3,3.2,52|51,168,
171,0.4600,-0.1262,0.1014,2.896,good,0.010,1.92,0,0,0,0,14.10,2,0.0,,,
172,0.4600,-0.1133,0.2312,2.792,broken,0.852,4.85,1,1,1,0,16.40,3,2.4,61,155,
182,0.4600,-0.1146,0.0982,3.000,good,0.038,1.95,0,0,0,0,11.53,1,0.0,,,
177,0.4640,-0.1275,-0.2265,2.726,good,0.000,2.41,0,0,0,0,19.47,2,0.0,,,
178,0.4640,-0.1231,0.1603,3.450,good,0.007,3.44,0,0,0,0,0.68,2,0.0,,,
181,0.4640,-0.1188,-0.1419,2.966,good,0.012,2.44,0,0,0,0,13.75,2,0.0,,,
185,0.4640,-0.1166,-0.2300,3.000,good,0.000,2.34,0,0,0,0,12.20,1,0.0,,,
186,0.4640,-0.1050,0.1596,3.000,black,1.000,25.09,1,1,1,0,8.32,1,3.2,52,168|206,
180,0.4680,-0.1120,-0.1221,2.870,good,0.000,4.00,0,0,0,0,13.86,3,0.0,,,
183,0.4720,-0.1130,-0.1418,2.971,good,0.001,2.10,0,0,0,0,11.70,3,0.0,,,
184,0.4720,-0.1098,0.0578,2.964,good,0.003,3.49,0,0,0,0,10.79,3,0.0,,,
190,0.4720,-0.1194,0.2392,3.016,good,0.288,4.19,0,0,0,0,12.73,2,0.0,,,
187,0.4760,-0.1132,-0.0481,2.903,good,0.000,3.39,0,0,0,0,13.46,3,0.0,,,
188,0.4760,-0.1137,0.0791,2.942,good,0.004,3.43,0,0,0,0,12.63,3,0.0,,,
189,0.4760,-0.1091,0.0493,3.010,good,0.000,2.45,0,0,0,0,9.47,3,0.0,,,
194,0.4760,-0.1169,-0.0687,2.991,good,0.000,2.66,0,0,0,0,12.52,2,0.0,,,
200,0.4760,-0.1011,-0.1456,3.000,good,0.000,1.87,0,0,0,0,7.03,1,0.0,,,
191,0.4800,-0.1110,0.2114,2.988,good,0.002,5.34,0,0,0,0,10.62,3,0.0,,,
192,0.4800,-0.1097,0.2381,2.999,good,0.000,2.05,0,0,0,0,9.91,3,0.0,,,
193,0.4800,-0.1086,0.1388,3.011,good,0.001,2.03,0,0,0,0,9.31,3,0.0,,,
199,0.4800,-0.1181,-0.1481,2.997,good,0.000,2.74,0,0,0,0,12.76,2,0.0,,,
195,0.4840,-0.1143,-0.2081,2.997,good,0.026,2.38,0,0,0,0,11.50,3,0.0,,,
196,0.4840,-0.1254,0.1573,3.119,good,0.002,4.24,0,0,0,0,8.29,2,0.0,,,
197,0.4840,-0.1122,-0.1018,2.999,good,0.005,3.08,0,0,0,0,10.75,3,0.0,,,
198,0.4840,-0.1085,0.0845,3.200,good,0.002,2.83,0,0,0,0,5.15,3,0.0,,,
204,0.4840,-0.1312,-0.2407,3.000,good,0.417,3.87,0,0,0,0,13.07,1,0.0,,,
205,0.4840,-0.1176,0.1237,3.032,good,0.000,2.33,0,0,0,0,11.77,2,0.0,,,
208,0.4840,-0.1169,-0.2452,3.000,good,0.337,3.86,0,0,0,0,12.29,1,0.0,,,
209,0.4840,-0.1130,0.1542,3.000,good,0.003,4.20,0,0,0,0,10.99,1,0.0,,,
201,0.4880,-0.1108,-0.1917,2.997,good,0.001,7.08,0,0,0,0,10.33,3,0.0,,,
202,0.4880,-0.1102,0.0905,3.094,faded,0.651,5.74,1,1,1,0,7.95,3,3.2,43,172,172
203,0.4880,-0.1088,-0.0509,3.022,good,0.000,3.92,0,0,0,0,9.10,3,0.0,,,
206,0.4880,-0.1175,-0.2055,2.996,good,0.043,7.46,0,0,0,0,12.60,2,0.0,,,
207,0.4880,-0.1170,0.0253,3.450,good,0.260,3.27,0,0,0,0,2.89,2,0.0,,,
211,0.4920,-0.1170,-0.0705,3.169,good,0.000,2.47,0,0,0,0,8.49,2,0.0,,,
210,0.4960,-0.1090,-0.1132,3.007,good,0.011,3.02,0,0,0,0,9.51,3,0.0,,,
215,0.4960,-0.1168,-0.0048,2.992,good,0.000,1.43,0,0,0,0,12.44,2,0.0,,,
216,0.4960,-0.1151,-0.2075,3.176,good,0.105,8.48,0,0,0,0,7.72,2,0.0,,,
212,0.5000,-0.1409,-0.2299,3.000,shell,0.937,5.34,1,1,1,0,12.31,1,2.4,2,,
213,0.5000,-0.1108,0.0721,2.994,good,0.000,2.87,0,0,0,0,10.40,3,0.0,,,
214,0.5000,-0.1095,-0.2291,2.813,good,0.123,5.05,0,0,0,0,14.47,3,0.0,,,
219,0.5000,-0.1164,0.0327,3.450,good,0.000,2.60,0,0,0,0,2.74,2,0.0,,,
220,0.5000,-0.1184,0.0048,3.002,good,0.000,3.78,0,0,0,0,12.75,2,0.0,,,
217,0.5040,-0.1148,0.2304,3.103,good,0.008,10.52,0,0,0,0,9.24,3,0.0,,,
218,0.5040,-0.1321,0.2332,3.000,good,0.464,14.44,0,0,0,0,9.37,1,0.0,,,
222,0.5040,-0.1197,-0.1161,2.998,good,0.000,2.15,0,0,0,0,13.28,2,0.0,,,
221,0.5080,-0.1105,-0.2016,3.000,good,0.000,2.27,0,0,0,0,10.16,3,0.0,,,
226,0.5080,-0.1173,0.0948,2.933,good,0.000,2.78,0,0,0,0,14.10,2,0.0,,,
223,0.5120,-0.1148,0.0731,3.201,good,0.322,21.86,1,1,1,0,7.11,3,9.0,41|40|42,199,199
224,0.5120,-0.1166,-0.0379,2.612,good,0.000,3.48,0,0,0,0,22.93,3,0.0,,,
225,0.5120,-0.1092,0.1903,3.182,good,0.072,2.75,0,0,0,0,5.75,3,0.0,,,
230,0.5120,-0.1295,-0.0685,3.000,good,0.000,19.19,1,1,1,0,12.50,1,9.0,23|22|24,211,211
231,0.5120,-0.1167,0.0197,3.450,good,0.007,4.49,0,0,0,0,2.81,2,0.0,,,
232,0.5120,-0.1167,0.0720,2.961,insect,0.970,21.58,1,1,1,0,13.21,2,2.7,41,199,199
227,0.5160,-0.1118,-0.0706,3.129,faded,0.872,14.45,1,1,1,0,7.70,3,2.9,22|23,211,211
228,0.5160,-0.1105,0.1707,3.067,good,0.004,2.44,0,0,0,0,8.64,3,0.0,,,
229,0.5160,-0.1099,-0.2156,2.983,good,0.000,2.77,0,0,0,0,10.36,3,0.0,,,
236,0.5160,-0.1162,-0.1662,3.000,good,0.013,1.94,0,0,0,0,12.06,2,0.0,,,
233,0.5200,-0.1155,-0.0363,2.980,good,0.330,3.47,0,0,0,0,12.32,3,0.0,,,
234,0.5200,-0.1151,0.0441,2.992,good,0.000,2.00,0,0,0,0,11.90,3,0.0,,,
235,0.5200,-0.1242,0.1324,3.228,good,0.000,2.68,0,0,0,0,5.45,2,0.0,,,
243,0.5200,-0.1113,0.1358,3.000,good,0.000,2.67,0,0,0,0,10.43,1,0.0,,,
237,0.5240,-0.1096,-0.1356,3.003,good,0.000,2.03,0,0,0,0,9.79,3,0.0,,,
238,0.5280,-0.1265,-0.0286,3.248,good,0.000,2.61,0,0,0,0,5.74,2,0.0,,,
239,0.5280,-0.1141,0.2171,2.971,good,0.000,1.73,0,0,0,0,12.07,3,0.0,,,
240,0.5280,-0.1106,0.1224,3.004,good,0.109,3.85,0,0,0,0,10.09,3,0.0,,,
241,0.5280,-0.1098,0.1094,2.996,good,0.001,1.46,0,0,0,0,10.01,3,0.0,,,
242,0.5280,-0.1088,-0.0409,3.000,good,0.001,2.31,0,0,0,0,9.59,3,0.0,,,
247,0.5280,-0.1313,-0.0035,3.000,good,0.009,5.55,0,0,0,0,13.10,1,0.0,,,
249,0.5280,-0.1188,-0.2287,3.001,good,0.001,3.25,0,0,0,0,12.89,2,0.0,,,
254,0.5280,-0.1143,-0.0056,3.000,good,0.000,2.30,0,0,0,0,11.42,1,0.0,,,
255,0.5280,-0.1135,-0.0316,3.000,good,0.000,2.47,0,0,0,0,11.18,1,0.0,,,
244,0.5320,-0.1137,-0.1548,3.026,good,0.000,3.03,0,0,0,0,10.63,3,0.0,,,
245,0.5320,-0.1103,0.1484,3.436,good,0.003,2.64,0,0,0,0,1.19,3,0.0,,,
246,0.5320,-0.1122,-0.1348,3.009,good,0.031,2.93,0,0,0,0,10.51,3,0.0,,,
248,0.5320,-0.1088,-0.2085,3.065,good,0.009,3.56,0,0,0,0,8.12,3,0.0,,,
252,0.5320,-0.1193,0.0723,3.208,good,0.000,2.06,0,0,0,0,8.35,2,0.0,,,
253,0.5320,-0.1226,-0.0069,3.000,good,0.001,1.91,0,0,0,0,10.20,1,0.0,,,
258,0.5320,-0.1113,-0.0102,3.000,good,0.000,1.84,0,0,0,0,10.42,1,0.0,,,
250,0.5360,-0.1105,-0.1086,3.021,good,0.010,2.37,0,0,0,0,9.69,3,0.0,,,
251,0.5360,-0.1081,-0.1928,2.980,faded,0.650,3.50,1,1,1,0,9.82,3,3.2,7,230,230
257,0.5360,-0.1181,-0.0562,3.019,good,0.002,6.74,0,0,0,0,12.23,2,0.0,,,
263,0.5360,-0.0999,-0.0136,3.000,good,0.000,1.79,0,0,0,0,6.64,1,0.0,,,
256,0.5400,-0.1129,-0.0103,2.952,good,0.029,2.65,0,0,0,0,12.11,3,0.0,,,
262,0.5400,-0.1186,-0.1058,3.024,good,0.001,2.79,0,0,0,0,12.29,2,0.0,,,
259,0.5440,-0.1146,-0.1200,3.082,faded,1.000,7.08,1,1,1,0,9.62,3,3.2,16,241,241
260,0.5440,-0.1102,0.1169,2.987,good,0.000,2.59,0,0,0,0,10.35,3,0.0,,,
261,0.5440,-0.1089,0.2117,3.000,good,0.000,3.18,0,0,0,0,9.62,3,0.0,,,
264,0.5440,-0.1190,0.2437,3.017,good,0.000,2.50,0,0,0,0,12.59,2,0.0,,,
265,0.5440,-0.1183,-0.2263,2.949,good,0.069,3.06,0,0,0,0,14.03,2,0.0,,,
266,0.5440,-0.1185,0.1705,3.012,good,0.005,3.45,0,0,0,0,12.55,2,0.0,,,
267,0.5480,-0.1164,-0.0260,2.989,good,0.000,3.70,0,0,0,0,12.39,2,0.0,,,
270,0.5520,-0.1184,-0.1563,3.061,good,0.001,1.94,0,0,0,0,11.35,2,0.0,,,
268,0.5560,-0.1126,-0.0753,2.966,good,0.000,2.46,0,0,0,0,11.69,3,0.0,,,
269,0.5560,-0.1105,-0.2316,2.996,good,0.001,2.89,0,0,0,0,10.26,3,0.0,,,
271,0.5600,-0.1266,0.0795,2.845,good,0.000,2.99,0,0,0,0,15.68,2,0.0,,,
272,0.5600,-0.1169,0.1654,2.675,good,0.000,2.82,0,0,0,0,21.08,3,0.0,,,
273,0.5600,-0.1203,0.1311,3.094,good,0.001,7.57,0,0,0,0,7.23,2,0.0,,,
274,0.5600,-0.1104,0.0339,2.728,faded,0.977,4.30,1,1,1,0,17.11,3,3.2,36,255,
277,0.5600,-0.1170,-0.0342,3.115,good,0.005,5.69,0,0,0,0,9.65,2,0.0,,,
283,0.5600,-0.1153,0.0749,3.000,good,0.000,2.45,0,0,0,0,11.76,1,0.0,,,
284,0.5600,-0.1104,0.1265,3.000,good,0.000,1.40,0,0,0,0,10.14,1,0.0,,,
285,0.5600,-0.1051,0.1344,3.000,good,0.000,2.50,0,0,0,0,8.36,1,0.0,,,
275,0.5640,-0.1129,-0.0235,3.007,good,0.000,3.23,0,0,0,0,10.80,3,0.0,,,
276,0.5640,-0.1090,-0.0913,2.986,good,0.002,2.99,0,0,0,0,9.99,3,0.0,,,
280,0.5640,-0.1195,-0.1226,2.996,good,0.031,4.02,0,0,0,0,13.29,2,0.0,,,
281,0.5640,-0.1193,0.1336,2.991,good,0.001,3.37,0,0,0,0,13.31,2,0.0,,,
282,0.5640,-0.1175,0.1614,2.995,good,0.000,2.15,0,0,0,0,12.61,2,0.0,,,
278,0.5680,-0.1131,-0.0428,2.890,good,0.000,2.91,0,0,0,0,13.74,3,0.0,,,
279,0.5680,-0.1137,0.0244,3.004,good,0.000,3.22,0,0,0,0,11.13,3,0.0,,,
287,0.5680,-0.1153,-0.2003,2.991,good,0.001,3.48,0,0,0,0,12.01,2,0.0,,,
286,0.5720,-0.1085,0.0562,2.993,good,0.000,2.64,0,0,0,0,9.65,3,0.0,,,
289,0.5720,-0.1195,0.2307,3.019,good,0.012,6.38,0,0,0,0,12.71,2,0.0,,,
290,0.5720,-0.1189,-0.2312,2.989,good,0.151,3.18,0,0,0,0,13.25,2,0.0,,,
291,0.5720,-0.1176,0.1357,3.000,good,0.033,2.59,0,0,0,0,12.52,2,0.0,,,
292,0.5720,-0.1165,-0.0925,2.997,good,0.077,3.33,0,0,0,0,12.22,2,0.0,,,
288,0.5760,-0.1146,0.2422,3.026,good,0.057,3.10,0,0,0,0,10.92,3,0.0,,,
293,0.5800,-0.1127,-0.0108,2.912,good,0.000,2.65,0,0,0,0,13.06,3,0.0,,,
294,0.5800,-0.1094,-0.0506,2.987,faded,0.999,5.42,1,1,1,0,10.10,3,3.2,25,292,292
295,0.5800,-0.1082,-0.1805,3.012,sour,1.000,14.23,1,1,1,0,9.11,3,3.2,8|9,248,248
296,0.5800,-0.1163,-0.1701,3.023,good,0.005,5.25,0,0,0,0,11.57,2,0.0,,,
301,0.5840,-0.1156,0.2349,2.989,good,0.000,2.50,0,0,0,0,12.14,2,0.0,,,
297,0.5880,-0.1141,0.0376,2.924,good,0.000,2.42,0,0,0,0,13.22,3,0.0,,,
298,0.5880,-0.1127,0.0672,3.002,good,0.000,2.18,0,0,0,0,10.85,3,0.0,,,
299,0.5880,-0.1084,0.1550,3.001,good,0.083,6.93,0,0,0,0,9.45,3,0.0,,,
300,0.5880,-0.1088,-0.0948,2.807,good,0.001,2.53,0,0,0,0,14.39,3,0.0,,,
302,0.5920,-0.1145,-0.1567,2.944,good,0.001,3.18,0,0,0,0,12.86,3,0.0,,,
303,0.5920,-0.1153,-0.0344,2.805,good,0.001,2.83,0,0,0,0,16.77,3,0.0,,,
304,0.5920,-0.1108,-0.0043,3.045,good,0.001,3.03,0,0,0,0,9.21,3,0.0,,,
314,0.5920,-0.1024,0.0344,3.000,good,0.000,2.44,0,0,0,0,7.46,1,0.0,,,
305,0.5960,-0.1260,0.1087,2.988,good,0.068,3.88,0,0,0,0,11.65,2,0.0,,,
306,0.5960,-0.1124,-0.1499,3.008,good,0.000,2.20,0,0,0,0,10.62,3,0.0,,,
307,0.5960,-0.1147,0.0724,2.514,good,0.000,2.07,0,0,0,0,25.38,3,0.0,,,
308,0.5960,-0.1341,-0.1937,3.000,black,1.000,47.19,1,1,1,0,10.02,1,3.2,7,,
309,0.5960,-0.1092,-0.2099,2.994,good,0.002,2.09,0,0,0,0,9.86,3,0.0,,,
312,0.5960,-0.1183,0.0913,2.998,good,0.000,2.87,0,0,0,0,12.82,2,0.0,,,
313,0.5960,-0.1135,-0.1966,3.000,good,0.409,16.85,0,0,0,0,11.17,2,0.0,,,
318,0.5960,-0.1178,0.1121,3.000,good,0.215,8.08,0,0,0,0,12.60,1,0.0,,,
310,0.6000,-0.1109,-0.0760,3.044,good,0.000,2.49,0,0,0,0,9.28,3,0.0,,,
311,0.6000,-0.1332,0.1148,3.000,good,0.000,2.19,0,0,0,0,9.73,1,0.0,,,
317,0.6000,-0.1192,0.1292,2.855,good,0.000,2.58,0,0,0,0,16.78,2,0.0,,,
315,0.6040,-0.1147,-0.2150,2.984,good,0.001,3.21,0,0,0,0,11.97,3,0.0,,,
316,0.6040,-0.1059,0.1928,3.450,good,0.081,2.41,0,0,0,0,-0.31,3,0.0,,,
320,0.6040,-0.1162,0.0345,3.001,good,0.001,2.79,0,0,0,0,12.05,2,0.0,,,
319,0.6080,-0.1103,0.0597,3.272,good,0.002,3.34,0,0,0,0,4.27,3,0.0,,,
322,0.6080,-0.1143,0.1329,2.997,stick,1.000,71.33,1,1,1,0,11.53,2,2.4,49|48,301,301
323,0.6080,-0.1168,-0.2064,2.994,good,0.050,4.20,0,0,0,0,12.40,2,0.0,,,
321,0.6120,-0.1170,0.0113,2.072,good,0.000,3.42,0,0,0,0,44.75,3,0.0,,,
327,0.6120,-0.1196,0.1220,3.450,good,0.016,2.82,0,0,0,0,3.65,2,0.0,,,
328,0.6120,-0.1189,-0.0262,3.023,good,0.001,6.21,0,0,0,0,12.41,2,0.0,,,
324,0.6160,-0.1145,0.2319,3.002,good,0.077,5.45,0,0,0,0,11.45,3,0.0,,,
325,0.6160,-0.1133,0.1641,2.908,good,0.000,2.20,0,0,0,0,13.34,3,0.0,,,
326,0.6160,-0.1113,0.0495,3.000,good,0.000,2.03,0,0,0,0,10.43,3,0.0,,,
330,0.6160,-0.1193,-0.1010,3.000,good,0.000,2.83,0,0,0,0,13.08,2,0.0,,,
331,0.6160,-0.1169,0.1151,3.006,good,0.000,2.03,0,0,0,0,12.14,2,0.0,,,
332,0.6160,-0.1150,0.2066,3.002,good,0.001,3.64,0,0,0,0,11.63,2,0.0,,,
329,0.6200,-0.1115,0.1595,2.998,good,0.000,2.36,0,0,0,0,10.56,3,0.0,,,
334,0.6200,-0.1191,-0.1025,2.972,good,0.004,2.79,0,0,0,0,13.74,2,0.0,,,
335,0.6200,-0.1193,0.0074,2.707,good,0.001,2.83,0,0,0,0,21.02,2,0.0,,,
336,0.6200,-0.1151,0.1005,3.150,good,0.002,5.94,0,0,0,0,8.27,2,0.0,,,
333,0.6240,-0.1145,0.0501,3.000,black,1.000,51.27,1,1,1,0,11.52,3,3.2,38,310,310
340,0.6240,-0.1176,-0.1270,3.022,good,0.006,3.73,0,0,0,0,12.01,2,0.0,,,
337,0.6280,-0.1152,-0.2272,2.997,good,0.001,3.01,0,0,0,0,11.80,3,0.0,,,
338,0.6280,-0.1117,0.0041,3.041,good,0.000,17.20,0,0,0,0,9.61,3,0.0,,,
339,0.6280,-0.1117,0.0030,3.007,insect,0.986,26.78,1,1,1,0,10.40,3,3.1,32,334,334
350,0.6280,-0.1188,-0.1499,2.990,good,0.000,2.46,0,0,0,0,13.16,2,0.0,,,
351,0.6280,-0.1152,-0.1840,3.000,insect,1.000,3.43,1,1,1,0,11.75,2,3.1,8,311,311
341,0.6320,-0.1147,-0.1034,2.999,insect,1.000,3.63,1,1,1,0,11.59,3,3.1,18,358,358
342,0.6320,-0.1160,-0.0349,2.998,sour,1.000,11.29,1,1,1,0,12.04,3,3.2,27,331,331
343,0.6320,-0.1151,0.2036,3.001,good,0.001,2.13,0,0,0,0,11.66,3,0.0,,,
344,0.6320,-0.1109,0.0926,3.252,insect,1.000,4.31,1,1,1,0,4.85,3,3.1,43|44,317,
345,0.6320,-0.1128,0.1558,3.069,good,0.000,2.08,0,0,0,0,9.35,3,0.0,,,
346,0.6320,-0.1116,-0.1165,3.017,good,0.003,3.19,0,0,0,0,10.13,3,0.0,,,
347,0.6320,-0.1112,0.0806,3.001,good,0.000,1.72,0,0,0,0,10.39,3,0.0,,,
348,0.6320,-0.1246,0.1209,2.382,good,0.277,12.60,0,0,0,0,30.31,2,0.0,,,
349,0.6320,-0.1093,-0.0745,2.910,good,0.000,3.02,0,0,0,0,11.92,3,0.0,,,
361,0.6320,-0.1200,0.1217,3.000,stone,1.000,17.64,1,1,1,0,13.32,1,9.1,47|48|46,308,
362,0.6320,-0.1077,0.1183,3.000,good,0.003,2.51,0,0,0,0,9.22,1,0.0,,,
352,0.6360,-0.1148,-0.2172,3.008,good,0.000,2.47,0,0,0,0,11.40,3,0.0,,,
357,0.6360,-0.1193,0.1336,2.703,good,0.001,6.65,0,0,0,0,21.11,2,0.0,,,
358,0.6360,-0.1189,-0.0573,3.001,good,0.001,1.99,0,0,0,0,12.93,2,0.0,,,
359,0.6360,-0.1191,0.1105,2.996,good,0.001,2.02,0,0,0,0,13.13,2,0.0,,,
360,0.6360,-0.1177,-0.0298,3.007,black,1.000,45.88,1,1,1,0,12.38,2,3.2,28|27,323,
353,0.6400,-0.1154,-0.1521,3.005,good,0.000,2.63,0,0,0,0,11.68,3,0.0,,,
354,0.6400,-0.1160,0.1507,2.995,good,0.008,2.60,0,0,0,0,12.12,3,0.0,,,
355,0.6400,-0.1139,-0.0954,2.998,good,0.006,7.03,0,0,0,0,11.35,3,0.0,,,
356,0.6400,-0.1120,-0.2207,2.947,good,0.010,2.44,0,0,0,0,11.94,3,0.0,,,
364,0.6400,-0.1198,0.0500,3.009,good,0.000,3.73,0,0,0,0,13.05,2,0.0,,,
363,0.6440,-0.1107,0.0831,2.972,good,0.001,2.18,0,0,0,0,10.88,3,0.0,,,
366,0.6440,-0.1193,0.1550,3.041,good,0.000,1.67,0,0,0,0,12.12,2,0.0,,,
367,0.6440,-0.1162,-0.0737,3.091,faded,0.757,4.03,1,1,1,0,9.96,2,3.2,22,363,
365,0.6480,-0.1085,-0.1376,2.977,good,0.004,1.76,0,0,0,0,10.02,3,0.0,,,
369,0.6480,-0.1297,-0.1888,3.000,faded,1.000,4.14,1,1,1,0,12.56,1,3.2,7|8,,
370,0.6480,-0.1280,-0.1811,3.000,good,0.017,2.46,0,0,0,0,11.98,1,0.0,,,
371,0.6480,-0.1155,-0.1150,2.994,good,0.000,2.33,0,0,0,0,11.96,2,0.0,,,
372,0.6480,-0.1160,-0.0919,2.995,good,0.001,3.46,0,0,0,0,12.11,2,0.0,,,
378,0.6480,-0.1166,-0.1852,3.000,faded,0.950,6.44,1,1,1,0,12.20,1,3.2,8,343|381,343|381
368,0.6520,-0.1117,-0.0023,2.990,good,0.000,2.27,0,0,0,0,10.79,3,0.0,,,
374,0.6520,-0.1181,0.1535,3.250,good,0.001,2.72,0,0,0,0,7.10,2,0.0,,,
375,0.6520,-0.1129,0.0352,3.317,good,0.003,13.73,0,0,0,0,4.16,2,0.0,,,
376,0.6520,-0.1181,0.0805,3.001,good,0.004,2.80,0,0,0,0,12.68,2,0.0,,,
377,0.6520,-0.1132,0.1728,2.907,shell,1.000,31.97,1,1,1,0,13.35,2,2.4,54|53,382,
373,0.6560,-0.1090,0.1067,3.029,good,0.000,3.14,0,0,0,0,9.00,3,0.0,,,
380,0.6560,-0.1180,0.0788,3.127,good,0.000,1.80,0,0,0,0,9.73,2,0.0,,,
379,0.6600,-0.1159,-0.0899,2.998,good,0.003,2.49,0,0,0,0,12.00,3,0.0,,,
383,0.6600,-0.1182,-0.1301,2.999,good,0.001,2.02,0,0,0,0,12.77,2,0.0,,,
384,0.6600,-0.1170,0.1352,3.252,good,0.005,2.34,0,0,0,0,6.73,2,0.0,,,
381,0.6640,-0.1130,0.2412,2.687,good,0.007,3.32,0,0,0,0,19.27,3,0.0,,,
382,0.6640,-0.1095,-0.1211,2.965,good,0.000,2.09,0,0,0,0,10.66,3,0.0,,,
386,0.6640,-0.1196,-0.0028,2.999,good,0.000,3.95,0,0,0,0,13.25,2,0.0,,,
387,0.6640,-0.1169,0.0238,2.961,good,0.000,2.64,0,0,0,0,13.23,2,0.0,,,
391,0.6640,-0.1027,0.1382,3.000,good,0.000,3.14,0,0,0,0,7.58,1,0.0,,,
385,0.6680,-0.1110,0.0539,3.004,good,0.000,2.78,0,0,0,0,10.26,3,0.0,,,
396,0.6680,-0.1050,0.0270,3.000,good,0.000,2.33,0,0,0,0,8.33,1,0.0,,,
388,0.6720,-0.1356,-0.0030,3.000,good,0.000,3.41,0,0,0,0,10.53,1,0.0,,,
389,0.6720,-0.1085,-0.0474,3.006,good,0.000,3.35,0,0,0,0,9.37,3,0.0,,,
390,0.6720,-0.1097,-0.1224,2.620,broken,0.698,10.49,1,1,1,0,20.04,3,2.4,16,374,
393,0.6720,-0.1180,0.0693,2.988,good,0.047,14.17,0,0,0,0,12.97,2,0.0,,,
394,0.6720,-0.1166,-0.1356,3.024,insect,1.000,3.62,1,1,1,0,11.63,2,3.1,14,397,397
395,0.6720,-0.1237,0.0006,3.000,good,0.000,3.47,0,0,0,0,10.57,1,0.0,,,
402,0.6720,-0.1118,0.0041,3.000,good,0.000,3.51,0,0,0,0,10.60,1,0.0,,,
392,0.6760,-0.1111,0.1474,3.069,black,1.000,50.34,1,1,1,0,8.80,3,3.2,50|51,380,
401,0.6760,-0.1199,0.1569,3.008,good,0.010,2.54,0,0,0,0,13.10,2,0.0,,,
397,0.6800,-0.1109,-0.1434,3.373,black,1.000,60.96,1,1,1,0,2.51,3,3.2,13,392,
398,0.6800,-0.1120,-0.2335,3.066,faded,0.917,4.04,1,1,1,0,9.15,3,3.1,2|1,351,351
399,0.6800,-0.1130,-0.1223,2.978,good,0.001,3.39,0,0,0,0,11.53,3,0.0,,,
400,0.6800,-0.1109,0.1985,3.101,broken,0.666,3.87,1,1,1,0,8.02,3,2.4,57,379,
403,0.6840,-0.1137,-0.0260,2.999,good,0.000,2.39,0,0,0,0,11.27,3,0.0,,,
404,0.6840,-0.1080,-0.1846,2.998,good,0.097,1.97,0,0,0,0,9.39,3,0.0,,,
405,0.6880,-0.1140,0.0703,2.926,good,0.002,4.11,0,0,0,0,13.13,3,0.0,,,
406,0.6880,-0.1127,-0.2219,3.001,good,0.000,2.05,0,0,0,0,10.88,3,0.0,,,
408,0.6880,-0.1170,0.1869,3.000,good,0.000,1.80,0,0,0,0,12.34,2,0.0,,,
407,0.6920,-0.1081,0.2227,3.027,good,0.001,2.29,0,0,0,0,8.77,3,0.0,,,
410,0.6920,-0.1190,-0.2206,3.317,good,0.006,2.82,0,0,0,0,6.02,2,0.0,,,
411,0.6920,-0.1184,0.1202,2.999,black,1.000,50.72,1,1,1,0,12.81,2,3.2,47,383,
409,0.6960,-0.1112,-0.0201,2.962,good,0.000,3.33,0,0,0,0,11.30,3,0.0,,,
416,0.6960,-0.1192,0.0712,2.982,good,0.000,1.99,0,0,0,0,13.48,2,0.0,,,
412,0.7000,-0.1141,-0.0019,2.990,faded,0.545,3.69,1,1,1,0,11.61,3,3.2,31,395,395
413,0.7000,-0.1150,0.1936,3.001,good,0.001,3.13,0,0,0,0,11.65,3,0.0,,,
414,0.7000,-0.1100,0.2167,3.007,faded,0.898,5.38,1,1,1,0,9.83,3,3.2,59,409,409
415,0.7000,-0.1092,-0.0336,3.000,faded,0.986,4.26,1,1,1,0,9.73,3,3.2,27,393,393
417,0.7000,-0.1193,0.1101,3.103,good,0.052,4.17,0,0,0,0,10.66,2,0.0,,,
418,0.7000,-0.1174,-0.1499,3.116,good,0.001,2.73,0,0,0,0,9.75,2,0.0,,,
421,0.7040,-0.1170,0.2312,2.980,good,0.000,2.56,0,0,0,0,12.81,2,0.0,,,
422,0.7040,-0.1127,-0.0121,3.237,good,0.000,2.23,0,0,0,0,5.71,2,0.0,,,
419,0.7080,-0.1134,0.0177,2.997,good,0.001,2.27,0,0,0,0,11.21,3,0.0,,,
420,0.7080,-0.1119,-0.0120,2.850,good,0.000,2.30,0,0,0,0,14.34,3,0.0,,,
428,0.7080,-0.1149,0.0052,3.147,good,0.019,3.35,0,0,0,0,8.28,2,0.0,,,
423,0.7120,-0.1116,-0.0871,2.995,good,0.001,2.85,0,0,0,0,10.66,3,0.0,,,
424,0.7120,-0.1107,0.2203,3.014,good,0.000,2.14,0,0,0,0,9.90,3,0.0,,,
425,0.7120,-0.1121,0.0598,2.719,good,0.000,2.21,0,0,0,0,18.01,3,0.0,,,
426,0.7120,-0.1086,-0.1578,2.997,good,0.055,3.80,0,0,0,0,9.61,3,0.0,,,
427,0.7120,-0.1087,-0.0010,2.958,good,0.000,2.76,0,0,0,0,10.55,3,0.0,,,
429,0.7160,-0.1139,0.1009,3.022,good,0.000,1.93,0,0,0,0,10.78,3,0.0,,,
430,0.7160,-0.1113,-0.1336,2.865,good,0.001,3.17,0,0,0,0,13.76,3,0.0,,,
431,0.7160,-0.1349,0.0139,3.000,good,0.005,4.32,0,0,0,0,10.29,1,0.0,,,
432,0.7160,-0.1086,-0.0980,3.017,faded,0.737,4.09,1,1,1,0,9.13,3,3.2,19,429,429
433,0.7160,-0.1256,0.0106,3.000,good,0.037,4.12,0,0,0,0,11.21,1,0.0,,,
442,0.7160,-0.1164,0.0072,3.000,good,0.010,4.33,0,0,0,0,12.14,1,0.0,,,
439,0.7200,-0.1184,0.1282,2.985,good,0.000,2.46,0,0,0,0,13.17,2,0.0,,,
440,0.7200,-0.1194,0.1642,2.999,black,1.000,49.49,1,1,1,0,13.16,2,3.2,53|52,433,433
441,0.7200,-0.1142,0.1843,3.170,good,0.000,2.01,0,0,0,0,7.58,2,0.0,,,
446,0.7200,-0.1072,0.0039,3.000,good,0.007,4.39,0,0,0,0,9.08,1,0.0,,,
434,0.7240,-0.1132,-0.2271,3.076,good,0.030,2.63,0,0,0,0,9.30,3,0.0,,,
435,0.7240,-0.1095,0.0461,3.374,faded,0.525,3.67,1,1,1,0,2.08,3,3.2,37|38,415,
436,0.7240,-0.1112,0.1734,2.990,good,0.004,3.66,0,0,0,0,10.64,3,0.0,,,
437,0.7240,-0.1107,-0.1857,2.922,good,0.001,2.58,0,0,0,0,12.10,3,0.0,,,
438,0.7240,-0.1111,0.1458,3.009,good,0.000,2.79,0,0,0,0,10.16,3,0.0,,,
444,0.7240,-0.1181,0.0103,3.126,good,0.000,2.88,0,0,0,0,9.78,2,0.0,,,
445,0.7240,-0.1164,-0.0158,3.072,good,0.000,2.36,0,0,0,0,10.46,2,0.0,,,
443,0.7280,-0.1093,-0.2322,2.982,good,0.000,2.33,0,0,0,0,10.18,3,0.0,,,
449,0.7280,-0.1183,0.1465,3.125,good,0.001,2.93,0,0,0,0,9.85,2,0.0,,,
450,0.7280,-0.1171,-0.1436,2.978,good,0.001,2.85,0,0,0,0,12.92,2,0.0,,,
447,0.7320,-0.1102,-0.1018,3.015,good,0.061,4.83,0,0,0,0,9.72,3,0.0,,,
448,0.7320,-0.1108,0.1108,3.016,good,0.000,2.56,0,0,0,0,9.90,3,0.0,,,
452,0.7320,-0.1182,0.0947,3.013,good,0.000,2.49,0,0,0,0,12.41,2,0.0,,,
453,0.7320,-0.1169,-0.0423,3.006,good,0.000,3.04,0,0,0,0,12.17,2,0.0,,,
451,0.7360,-0.1142,-0.0776,2.982,sour,1.000,17.78,1,1,1,0,11.84,3,3.2,22|21,414,414
458,0.7360,-0.1180,0.0864,3.006,good,0.091,5.44,0,0,0,0,12.53,2,0.0,,,
459,0.7360,-0.1157,-0.2029,3.450,insect,1.000,6.87,1,1,1,0,2.52,2,3.1,6|5,456,
460,0.7360,-0.1183,-0.1548,3.110,good,0.001,2.64,0,0,0,0,10.18,2,0.0,,,
454,0.7400,-0.1142,0.0442,3.010,good,0.000,3.09,0,0,0,0,11.16,3,0.0,,,
455,0.7400,-0.1137,0.0097,2.983,good,0.002,2.43,0,0,0,0,11.64,3,0.0,,,
456,0.7400,-0.1122,-0.0836,2.980,good,0.000,2.29,0,0,0,0,11.19,3,0.0,,,
457,0.7400,-0.1110,-0.2167,3.016,good,0.010,3.85,0,0,0,0,9.97,3,0.0,,,
462,0.7400,-0.1191,-0.0208,2.941,good,0.001,6.84,0,0,0,0,14.49,2,0.0,,,
463,0.7400,-0.1174,0.2276,3.016,good,0.282,3.83,0,0,0,0,12.06,2,0.0,,,
464,0.7400,-0.1165,-0.1802,3.007,good,0.005,2.81,0,0,0,0,11.99,2,0.0,,,
468,0.7400,-0.1015,-0.2061,3.000,insect,1.000,6.79,1,1,1,0,7.15,1,3.1,5,456,
461,0.7440,-0.1105,0.1047,3.438,good,0.004,2.04,0,0,0,0,1.24,3,0.0,,,
465,0.7480,-0.1129,0.1057,3.212,good,0.016,3.19,0,0,0,0,6.27,3,0.0,,,
466,0.7480,-0.1171,0.1446,2.858,good,0.019,2.25,0,0,0,0,15.96,3,0.0,,,
467,0.7480,-0.1093,-0.2051,3.004,good,0.000,2.54,0,0,0,0,9.68,3,0.0,,,
471,0.7480,-0.1186,-0.1842,3.210,good,0.001,2.60,0,0,0,0,8.11,2,0.0,,,
472,0.7480,-0.1173,-0.0676,2.967,good,0.000,2.53,0,0,0,0,13.26,2,0.0,,,
469,0.7520,-0.1106,-0.1299,3.163,broken,1.000,2.15,1,1,1,0,6.57,3,2.4,15,443,443
470,0.7520,-0.1085,-0.1636,2.962,good,0.000,2.05,0,0,0,0,10.38,3,0.0,,,
474,0.7520,-0.1167,-0.1660,3.193,good,0.000,3.08,0,0,0,0,7.87,2,0.0,,,
475,0.7520,-0.1167,-0.0615,2.995,good,0.000,2.44,0,0,0,0,12.34,2,0.0,,,
476,0.7520,-0.1172,0.1271,2.879,good,0.001,3.41,0,0,0,0,15.44,2,0.0,,,
479,0.7520,-0.1058,-0.1812,3.000,good,0.015,2.84,0,0,0,0,8.59,1,0.0,,,
473,0.7560,-0.1125,0.2236,2.964,good,0.001,3.06,0,0,0,0,11.68,3,0.0,,,
478,0.7560,-0.1175,0.1299,2.828,sour,1.000,11.17,1,1,1,0,16.90,2,3.2,48,464,464
477,0.7600,-0.1174,-0.1000,2.743,good,0.000,2.93,0,0,0,0,19.23,3,0.0,,,
480,0.7640,-0.1127,-0.1914,2.965,good,0.014,2.98,0,0,0,0,11.74,3,0.0,,,
481,0.7640,-0.1121,0.0774,3.004,good,0.000,2.43,0,0,0,0,10.63,3,0.0,,,
482,0.7640,-0.1110,-0.2166,3.006,good,0.000,2.45,0,0,0,0,10.19,3,0.0,,,
483,0.7640,-0.1192,0.0448,2.995,good,0.002,2.99,0,0,0,0,13.20,2,0.0,,,
484,0.7640,-0.1189,0.0227,2.964,good,0.001,3.71,0,0,0,0,13.83,2,0.0,,,
485,0.7640,-0.1161,-0.1845,2.999,good,0.000,2.16,0,0,0,0,12.06,2,0.0,,,
486,0.7640,-0.1159,-0.0167,2.988,good,0.001,2.14,0,0,0,0,12.26,2,0.0,,,
490,0.7680,-0.1290,0.1066,3.000,good,0.000,2.80,0,0,0,0,12.33,1,0.0,,,
491,0.7680,-0.1160,0.1476,3.000,good,0.000,3.32,0,0,0,0,12.00,2,0.0,,,
487,0.7720,-0.1119,0.2093,2.981,good,0.000,2.41,0,0,0,0,11.10,3,0.0,,,
488,0.7720,-0.1343,0.1137,3.000,faded,0.999,4.43,1,1,1,0,10.09,1,3.2,46,,
489,0.7720,-0.1083,0.2181,2.997,good,0.000,3.33,0,0,0,0,9.51,3,0.0,,,
494,0.7720,-0.1308,0.0363,3.000,good,0.000,3.55,0,0,0,0,12.93,1,0.0,,,
495,0.7720,-0.1176,0.2418,2.817,good,0.000,3.21,0,0,0,0,17.24,2,0.0,,,
496,0.7720,-0.1158,0.0544,3.000,faded,0.690,3.02,1,1,1,0,11.94,2,3.2,38|39,491,
497,0.7720,-0.1089,0.1097,2.845,good,0.392,7.35,0,0,0,0,13.41,2,0.0,,,
504,0.7720,-0.1199,0.0320,3.000,good,0.004,3.66,0,0,0,0,13.31,1,0.0,,,
492,0.7760,-0.1162,-0.1809,2.675,good,0.004,1.97,0,0,0,0,20.82,3,0.0,,,
493,0.7760,-0.1114,-0.0385,2.946,insect,1.000,3.99,1,1,1,0,11.75,3,3.1,27|26,490,490
501,0.7760,-0.1196,-0.2323,2.999,good,0.005,2.38,0,0,0,0,13.22,2,0.0,,,
502,0.7760,-0.1180,-0.1300,2.978,black,1.000,50.64,1,1,1,0,13.20,2,3.2,15,465,465
503,0.7760,-0.1164,0.2368,3.000,good,0.001,2.44,0,0,0,0,12.14,2,0.0,,,
506,0.7760,-0.1090,0.0277,3.000,good,0.011,3.73,0,0,0,0,9.68,1,0.0,,,
498,0.7800,-0.1146,0.1353,2.997,faded,0.741,3.97,1,1,1,0,11.61,3,3.2,49,481,481
499,0.7800,-0.1147,-0.0441,2.707,good,0.013,2.46,0,0,0,0,19.32,3,0.0,,,
500,0.7800,-0.1130,-0.0014,3.000,good,0.001,1.81,0,0,0,0,10.98,3,0.0,,,
505,0.7840,-0.1105,-0.1630,3.002,good,0.005,8.42,0,0,0,0,10.12,3,0.0,,,
512,0.7840,-0.1175,-0.0657,3.046,good,0.000,3.40,0,0,0,0,11.42,2,0.0,,,
507,0.7880,-0.1119,-0.1764,3.169,good,0.009,11.51,0,0,0,0,6.87,3,0.0,,,
508,0.7880,-0.1126,0.0942,2.983,good,0.000,2.01,0,0,0,0,11.27,3,0.0,,,
509,0.7880,-0.1099,-0.1433,3.026,good,0.000,3.32,0,0,0,0,9.37,3,0.0,,,
510,0.7880,-0.1093,-0.0920,2.994,good,0.000,2.08,0,0,0,0,9.90,3,0.0,,,
511,0.7880,-0.1080,0.0575,3.002,good,0.001,2.36,0,0,0,0,9.29,3,0.0,,,
514,0.7880,-0.1199,-0.0624,3.002,good,0.003,3.05,0,0,0,0,13.26,2,0.0,,,
515,0.7880,-0.1159,0.0679,3.029,good,0.000,5.07,0,0,0,0,11.28,2,0.0,,,
516,0.7880,-0.1172,-0.1148,2.750,good,0.001,3.14,0,0,0,0,18.97,2,0.0,,,
513,0.7920,-0.1166,-0.1590,2.925,good,0.000,2.21,0,0,0,0,14.06,3,0.0,,,
518,0.7920,-0.1191,-0.1912,3.039,good,0.004,11.95,0,0,0,0,12.10,2,0.0,,,
519,0.7920,-0.1195,0.1970,2.983,good,0.000,3.50,0,0,0,0,13.61,2,0.0,,,
520,0.7920,-0.1161,-0.1082,3.411,good,0.289,8.75,0,0,0,0,3.34,2,0.0,,,
521,0.7920,-0.1175,-0.2192,2.993,good,0.277,4.42,0,0,0,0,12.65,2,0.0,,,
522,0.7920,-0.1162,0.0158,2.995,good,0.000,2.04,0,0,0,0,12.16,2,0.0,,,
517,0.7960,-0.1104,-0.0959,2.738,stick,1.000,56.73,1,1,1,0,16.88,3,2.4,19,478,
523,0.8000,-0.1140,0.1870,3.011,good,0.001,2.65,0,0,0,0,11.06,3,0.0,,,
524,0.8000,-0.1120,-0.0208,2.991,faded,1.000,4.70,1,1,1,0,10.87,3,3.2,29,499,
525,0.8000,-0.1132,-0.0666,2.989,good,0.000,1.88,0,0,0,0,11.33,3,0.0,,,
526,0.8000,-0.1141,0.0971,2.746,good,0.002,2.72,0,0,0,0,17.97,3,0.0,,,
527,0.8080,-0.1088,-0.1052,2.996,good,0.002,2.16,0,0,0,0,9.70,3,0.0,,,
529,0.8080,-0.1191,0.0500,3.023,broken,1.000,2.70,1,1,1,0,12.46,2,2.4,38,495,495
530,0.8080,-0.1155,0.1818,2.996,good,0.001,2.19,0,0,0,0,11.92,2,0.0,,,
528,0.8120,-0.1133,0.0360,2.985,good,0.002,3.52,0,0,0,0,11.45,3,0.0,,,
536,0.8120,-0.1170,-0.1847,2.993,good,0.001,1.97,0,0,0,0,12.49,2,0.0,,,
531,0.8160,-0.1125,-0.1566,3.014,good,0.014,5.66,0,0,0,0,10.51,3,0.0,,,
532,0.8160,-0.1123,0.0765,2.995,good,0.183,3.57,0,0,0,0,10.88,3,0.0,,,
533,0.8160,-0.1118,-0.1233,2.987,good,0.000,2.06,0,0,0,0,10.89,3,0.0,,,
534,0.8160,-0.1116,-0.0194,2.993,faded,1.000,5.67,1,1,1,0,10.70,3,3.2,29,522,522
535,0.8160,-0.1106,-0.0053,3.146,good,0.000,1.88,0,0,0,0,6.96,3,0.0,,,
537,0.8200,-0.1144,-0.1817,3.004,faded,1.000,4.92,1,1,1,0,11.38,3,3.2,8,519,519
538,0.8200,-0.1139,-0.2287,2.995,good,0.136,3.58,0,0,0,0,11.42,3,0.0,,,
539,0.8200,-0.1128,0.1339,2.826,good,0.000,2.59,0,0,0,0,15.31,3,0.0,,,
540,0.8240,-0.1110,-0.0354,3.002,good,0.001,2.71,0,0,0,0,10.28,3,0.0,,,
545,0.8240,-0.1186,-0.0595,3.450,good,0.000,2.41,0,0,0,0,3.36,2,0.0,,,
541,0.8280,-0.1157,0.1933,2.982,good,0.003,2.62,0,0,0,0,12.35,3,0.0,,,
542,0.8280,-0.1147,-0.0180,3.007,good,0.000,2.77,0,0,0,0,11.40,3,0.0,,,
543,0.8280,-0.1131,-0.2294,3.004,broken,0.885,5.34,1,1,1,0,10.94,3,2.4,2,516,516
544,0.8280,-0.1131,0.0451,3.003,faded,1.000,4.27,1,1,1,0,10.95,3,3.2,37,535,535
546,0.8320,-0.1119,-0.0863,2.999,good,0.002,2.33,0,0,0,0,10.65,3,0.0,,,
547,0.8320,-0.1123,0.0808,2.962,good,0.008,5.50,0,0,0,0,11.66,3,0.0,,,
551,0.8320,-0.1180,0.0043,2.997,insect,1.000,6.12,1,1,1,0,12.74,2,3.1,32,541,541
552,0.8320,-0.1180,-0.1167,2.985,good,0.000,2.91,0,0,0,0,13.06,2,0.0,,,
553,0.8320,-0.1164,0.1469,2.988,good,0.000,2.37,0,0,0,0,12.42,2,0.0,,,
548,0.8360,-0.1386,-0.0975,3.000,good,0.001,2.86,0,0,0,0,11.54,1,0.0,,,
549,0.8360,-0.1130,0.1410,3.056,good,0.000,2.10,0,0,0,0,9.70,3,0.0,,,
550,0.8360,-0.1370,-0.0891,3.000,good,0.001,2.49,0,0,0,0,10.99,1,0.0,,,
556,0.8360,-0.1132,-0.0927,3.054,good,0.039,7.81,0,0,0,0,9.81,2,0.0,,,
554,0.8400,-0.1095,0.2062,3.004,good,0.001,2.34,0,0,0,0,9.75,3,0.0,,,
555,0.8400,-0.1079,-0.1666,3.033,good,0.000,2.80,0,0,0,0,8.54,3,0.0,,,
557,0.8400,-0.1182,-0.2020,3.029,good,0.002,15.11,0,0,0,0,12.03,2,0.0,,,
559,0.8400,-0.1280,-0.1165,3.000,broken,0.783,27.87,1,1,1,0,12.02,1,3.3,17|16,,
563,0.8400,-0.1150,-0.1216,3.000,broken,0.799,27.31,1,1,1,0,11.68,1,3.2,16,576,
558,0.8440,-0.1100,0.1076,2.997,good,0.000,2.33,0,0,0,0,10.05,3,0.0,,,
562,0.8440,-0.1192,-0.0379,2.972,good,0.000,2.54,0,0,0,0,13.77,2,0.0,,,
569,0.8440,-0.1019,-0.1266,3.000,broken,0.826,27.52,1,1,1,0,7.32,1,3.0,15,576,
560,0.8480,-0.1143,0.2027,2.989,good,0.003,3.01,0,0,0,0,11.68,3,0.0,,,
561,0.8480,-0.1118,0.0884,2.973,good,0.001,2.56,0,0,0,0,11.25,3,0.0,,,
567,0.8480,-0.1167,0.0227,3.001,good,0.000,2.18,0,0,0,0,12.19,2,0.0,,,
568,0.8480,-0.1166,-0.0802,2.993,good,0.000,2.81,0,0,0,0,12.39,2,0.0,,,
564,0.8520,-0.1144,0.2048,3.016,good,0.003,5.30,0,0,0,0,11.08,3,0.0,,,
565,0.8520,-0.1144,0.1688,2.981,good,0.000,2.75,0,0,0,0,11.91,3,0.0,,,
566,0.8520,-0.1102,-0.1366,2.987,good,0.000,2.14,0,0,0,0,10.36,3,0.0,,,
574,0.8520,-0.1156,-0.0014,3.007,good,0.001,3.21,0,0,0,0,11.70,2,0.0,,,
570,0.8560,-0.1154,-0.2335,3.007,broken,0.926,2.83,1,1,1,0,11.63,3,2.4,2|1,545,545
571,0.8560,-0.1155,-0.1206,2.723,good,0.000,2.44,0,0,0,0,19.15,3,0.0,,,
572,0.8560,-0.1162,-0.1073,2.426,good,0.000,2.01,0,0,0,0,29.14,3,0.0,,,
573,0.8560,-0.1090,-0.2203,2.956,good,0.000,2.45,0,0,0,0,10.71,3,0.0,,,
579,0.8560,-0.1161,-0.0563,3.137,good,0.000,3.15,0,0,0,0,8.87,2,0.0,,,
575,0.8600,-0.1380,-0.0195,3.000,good,0.004,4.59,0,0,0,0,11.33,1,0.0,,,
576,0.8600,-0.1128,0.0566,2.972,good,0.000,2.20,0,0,0,0,11.59,3,0.0,,,
577,0.8600,-0.1118,0.2300,2.861,good,0.001,3.57,0,0,0,0,14.02,3,0.0,,,
578,0.8600,-0.1100,0.1102,2.717,good,0.001,2.84,0,0,0,0,17.28,3,0.0,,,
585,0.8600,-0.1258,-0.0232,3.000,good,0.004,4.60,0,0,0,0,11.26,1,0.0,,,
589,0.8600,-0.1136,-0.0270,3.000,good,0.014,4.58,0,0,0,0,11.21,1,0.0,,,
580,0.8640,-0.1159,-0.0616,3.027,faded,1.000,6.05,1,1,1,0,11.34,3,3.2,24|23,567,567
581,0.8640,-0.1147,0.1228,3.006,good,0.000,1.77,0,0,0,0,11.43,3,0.0,,,
582,0.8640,-0.1128,0.2039,2.999,good,0.000,2.25,0,0,0,0,10.97,3,0.0,,,
583,0.8640,-0.1133,-0.0907,2.920,good,0.001,2.58,0,0,0,0,13.04,3,0.0,,,
584,0.8640,-0.1089,-0.2219,2.995,good,0.000,2.81,0,0,0,0,9.73,3,0.0,,,
587,0.8640,-0.1196,0.1729,2.997,good,0.002,10.13,0,0,0,0,13.27,2,0.0,,,
588,0.8640,-0.1161,-0.1983,3.124,good,0.001,2.48,0,0,0,0,9.17,2,0.0,,,
595,0.8640,-0.1015,-0.0307,3.000,good,0.012,4.55,0,0,0,0,7.16,1,0.0,,,
586,0.8680,-0.1108,0.1457,2.999,good,0.203,4.49,0,0,0,0,10.27,3,0.0,,,
594,0.8680,-0.1158,-0.0246,3.002,good,0.000,3.95,0,0,0,0,11.89,2,0.0,,,
590,0.8720,-0.1130,0.0237,3.096,good,0.410,4.35,0,0,0,0,8.78,3,0.0,,,
591,0.8720,-0.1117,-0.0063,3.001,good,0.000,3.50,0,0,0,0,10.56,3,0.0,,,
592,0.8720,-0.1109,-0.1414,2.921,good,0.002,2.14,0,0,0,0,12.20,3,0.0,,,
593,0.8720,-0.1102,-0.0461,3.000,good,0.453,2.83,0,0,0,0,10.07,3,0.0,,,
596,0.8760,-0.1119,-0.1106,3.001,good,0.000,4.46,0,0,0,0,10.60,3,0.0,,,
597,0.8760,-0.1097,0.0088,3.028,good,0.000,2.34,0,0,0,0,9.24,3,0.0,,,
602,0.8760,-0.1198,-0.2157,2.981,good,0.000,3.21,0,0,0,0,13.74,2,0.0,,,
598,0.8800,-0.1125,0.1715,3.005,good,0.000,2.15,0,0,0,0,10.73,3,0.0,,,
599,0.8800,-0.1120,-0.1099,2.856,good,0.188,3.66,0,0,0,0,14.23,3,0.0,,,
600,0.8800,-0.1098,0.0597,2.979,sour,1.000,25.75,1,1,1,0,10.44,3,3.2,39,582,582
601,0.8800,-0.1111,-0.2014,2.967,good,0.000,3.29,0,0,0,0,11.17,3,0.0,,,
605,0.8800,-0.1172,0.0057,3.019,good,0.028,3.82,0,0,0,0,11.94,2,0.0,,,
603,0.8840,-0.1154,-0.0935,2.991,good,0.000,2.67,0,0,0,0,12.02,3,0.0,,,
604,0.8840,-0.1102,-0.1499,2.999,good,0.000,3.79,0,0,0,0,10.10,3,0.0,,,
608,0.8840,-0.1182,0.0168,2.979,good,0.048,6.53,0,0,0,0,13.24,2,0.0,,,
612,0.8840,-0.1186,-0.2457,3.000,good,0.001,1.68,0,0,0,0,12.88,1,0.0,,,
606,0.8880,-0.1145,-0.0516,2.979,good,0.000,2.28,0,0,0,0,11.98,3,0.0,,,
607,0.8880,-0.1140,0.0823,3.039,good,0.000,3.79,0,0,0,0,10.41,3,0.0,,,
613,0.8880,-0.1099,-0.2426,3.000,good,0.000,1.79,0,0,0,0,9.97,1,0.0,,,
609,0.8920,-0.1119,0.0202,3.000,good,0.000,3.27,0,0,0,0,10.64,3,0.0,,,
610,0.8920,-0.1104,0.1357,3.002,good,0.000,5.05,0,0,0,0,10.08,3,0.0,,,
611,0.8920,-0.1115,0.1752,2.999,good,0.001,5.29,0,0,0,0,10.52,3,0.0,,,
620,0.8920,-0.1012,-0.2395,3.000,good,0.001,1.66,0,0,0,0,7.08,1,0.0,,,
619,0.8960,-0.1199,0.0324,3.001,good,0.009,3.80,0,0,0,0,13.26,2,0.0,,,
614,0.9000,-0.1157,0.0210,3.004,good,0.000,2.63,0,0,0,0,11.80,3,0.0,,,
615,0.9000,-0.1136,-0.1783,3.132,good,0.002,2.73,0,0,0,0,8.20,3,0.0,,,
616,0.9000,-0.1145,-0.2284,3.045,good,0.000,3.07,0,0,0,0,10.45,3,0.0,,,
617,0.9000,-0.1092,-0.0989,2.997,good,0.000,2.63,0,0,0,0,9.80,3,0.0,,,
618,0.9000,-0.1092,-0.1682,2.917,good,0.000,1.47,0,0,0,0,11.71,3,0.0,,,
622,0.9000,-0.1194,0.0038,3.007,good,0.004,2.70,0,0,0,0,12.95,2,0.0,,,
621,0.9040,-0.1104,-0.1463,3.020,black,1.000,46.20,1,1,1,0,9.66,3,3.2,13,619,619
625,0.9040,-0.1195,0.2384,3.001,good,0.000,3.71,0,0,0,0,13.13,2,0.0,,,
623,0.9080,-0.1334,0.1561,3.000,good,0.000,4.93,0,0,0,0,9.79,1,0.0,,,
624,0.9080,-0.1096,-0.0773,2.844,good,0.066,4.17,0,0,0,0,13.70,3,0.0,,,
629,0.9080,-0.1160,0.1694,2.976,sour,1.000,11.54,1,1,1,0,12.58,2,3.2,53,615,615
630,0.9080,-0.1255,0.1535,3.000,good,0.001,3.10,0,0,0,0,11.18,1,0.0,,,
638,0.9080,-0.1177,0.1508,3.000,good,0.000,3.41,0,0,0,0,12.56,1,0.0,,,
626,0.9120,-0.1134,0.2248,3.277,good,0.025,2.49,0,0,0,0,5.11,3,0.0,,,
627,0.9120,-0.1149,-0.0761,3.001,good,0.000,2.89,0,0,0,0,11.62,3,0.0,,,
628,0.9120,-0.1135,-0.2291,2.970,good,0.000,4.54,0,0,0,0,11.89,3,0.0,,,
635,0.9120,-0.1196,0.0679,3.000,good,0.000,2.43,0,0,0,0,13.21,2,0.0,,,
636,0.9120,-0.1180,-0.0357,3.310,good,0.000,2.58,0,0,0,0,5.85,2,0.0,,,
637,0.9120,-0.1163,-0.0143,3.001,good,0.001,2.21,0,0,0,0,12.05,2,0.0,,,
643,0.9120,-0.1099,0.1482,3.000,good,0.001,3.20,0,0,0,0,9.96,1,0.0,,,
631,0.9160,-0.1150,-0.2444,3.060,faded,0.567,5.41,1,1,1,0,10.27,3,3.2,0,617,617
632,0.9160,-0.1123,0.2068,3.071,good,0.000,3.32,0,0,0,0,9.12,3,0.0,,,
633,0.9160,-0.1114,0.1043,2.936,good,0.000,2.98,0,0,0,0,12.00,3,0.0,,,
634,0.9160,-0.1083,-0.0973,3.012,good,0.001,2.80,0,0,0,0,9.14,3,0.0,,,
647,0.9160,-0.1021,0.1456,3.000,good,0.000,3.50,0,0,0,0,7.35,1,0.0,,,
639,0.9200,-0.1075,-0.1850,3.414,good,0.020,6.73,0,0,0,0,0.78,3,0.0,,,
640,0.9200,-0.1139,0.0709,2.991,good,0.000,2.32,0,0,0,0,11.54,3,0.0,,,
641,0.9200,-0.1097,-0.0328,2.987,good,0.001,3.50,0,0,0,0,10.19,3,0.0,,,
642,0.9200,-0.1084,-0.0613,3.000,good,0.000,4.08,0,0,0,0,9.44,3,0.0,,,
646,0.9200,-0.1178,-0.1253,2.876,good,0.000,2.86,0,0,0,0,15.73,2,0.0,,,
651,0.9200,-0.1147,-0.1819,3.000,good,0.004,3.36,0,0,0,0,11.58,1,0.0,,,
644,0.9240,-0.1137,0.0435,3.066,good,0.000,2.51,0,0,0,0,9.72,3,0.0,,,
645,0.9240,-0.1108,0.1622,3.010,good,0.000,4.67,0,0,0,0,10.05,3,0.0,,,
648,0.9280,-0.1151,0.0553,2.995,good,0.000,3.95,0,0,0,0,11.83,3,0.0,,,
649,0.9280,-0.1117,-0.1505,2.929,good,0.000,2.98,0,0,0,0,12.28,3,0.0,,,
650,0.9280,-0.1087,0.1843,3.288,good,0.000,2.07,0,0,0,0,3.47,3,0.0,,,
653,0.9280,-0.1194,-0.1081,3.012,good,0.000,4.04,0,0,0,0,12.86,2,0.0,,,
652,0.9320,-0.1101,-0.2163,2.888,good,0.014,2.77,0,0,0,0,12.76,3,0.0,,,
657,0.9320,-0.1189,0.0979,3.021,good,0.000,3.18,0,0,0,0,12.46,2,0.0,,,
654,0.9360,-0.1118,0.0377,2.980,good,0.000,1.60,0,0,0,0,11.06,3,0.0,,,
655,0.9360,-0.1099,0.0893,3.046,faded,1.000,5.98,1,1,1,0,8.90,3,3.2,43,631,631
656,0.9360,-0.1080,-0.2277,3.001,good,0.000,5.83,0,0,0,0,9.32,3,0.0,,,
659,0.9360,-0.1186,0.1194,3.109,good,0.008,3.60,0,0,0,0,10.31,2,0.0,,,
658,0.9400,-0.1113,0.2052,3.005,good,0.002,4.25,0,0,0,0,10.33,3,0.0,,,
662,0.9400,-0.1175,-0.2125,3.356,good,0.000,2.09,0,0,0,0,4.81,2,0.0,,,
663,0.9400,-0.1182,-0.1033,3.002,good,0.017,1.97,0,0,0,0,12.70,2,0.0,,,
660,0.9440,-0.1154,0.1132,2.996,good,0.000,2.93,0,0,0,0,11.90,3,0.0,,,
661,0.9440,-0.1135,0.0292,3.008,good,0.004,4.76,0,0,0,0,10.99,3,0.0,,,
665,0.9440,-0.1198,0.0616,3.045,good,0.000,2.58,0,0,0,0,12.19,2,0.0,,,
664,0.9480,-0.1137,0.0733,3.001,good,0.000,3.16,0,0,0,0,11.21,3,0.0,,,
666,0.9520,-0.1140,-0.0055,2.995,good,0.000,3.43,0,0,0,0,11.46,3,0.0,,,
667,0.9520,-0.1125,0.2266,3.222,good,0.019,3.67,0,0,0,0,5.95,3,0.0,,,
668,0.9520,-0.1116,-0.2082,3.015,good,0.000,2.52,0,0,0,0,10.18,3,0.0,,,
669,0.9520,-0.1132,-0.0248,2.848,good,0.010,1.91,0,0,0,0,14.84,3,0.0,,,
670,0.9520,-0.1091,0.0998,3.280,good,0.001,3.64,0,0,0,0,3.74,3,0.0,,,
671,0.9520,-0.1105,-0.2223,2.920,good,0.000,1.93,0,0,0,0,12.09,3,0.0,,,
672,0.9520,-0.1084,-0.0004,2.998,faded,1.000,5.65,1,1,1,0,9.52,3,3.2,31|32,636,636
673,0.9520,-0.1177,0.1950,3.000,sour,1.000,13.36,1,1,1,0,12.55,2,3.2,56|57,652,652
674,0.9520,-0.1182,0.1241,2.994,good,0.002,5.77,0,0,0,0,12.86,2,0.0,,,
675,0.9520,-0.1177,0.0624,3.024,good,0.000,3.17,0,0,0,0,11.98,2,0.0,,,
683,0.9560,-0.1062,0.1205,3.000,good,0.003,6.19,0,0,0,0,8.75,1,0.0,,,
676,0.9600,-0.1148,0.1697,3.096,good,0.000,2.80,0,0,0,0,9.39,3,0.0,,,
677,0.9600,-0.1142,0.1870,3.122,good,0.000,1.93,0,0,0,0,8.61,3,0.0,,,
678,0.9600,-0.1114,-0.1448,2.896,good,0.001,2.34,0,0,0,0,12.97,3,0.0,,,
679,0.9600,-0.1092,-0.1564,3.020,good,0.000,2.25,0,0,0,0,9.28,3,0.0,,,
682,0.9600,-0.1165,0.1483,3.001,good,0.000,2.33,0,0,0,0,12.15,2,0.0,,,
680,0.9640,-0.1141,0.0492,3.085,good,0.000,3.46,0,0,0,0,9.40,3,0.0,,,
681,0.9640,-0.1098,-0.0882,2.995,good,0.000,2.33,0,0,0,0,10.05,3,0.0,,,
686,0.9640,-0.1174,-0.2210,3.003,good,0.000,2.42,0,0,0,0,12.39,2,0.0,,,
692,0.9640,-0.1017,0.1900,3.000,good,0.000,2.01,0,0,0,0,7.24,1,0.0,,,
684,0.9680,-0.1156,0.1198,2.911,good,0.104,3.60,0,0,0,0,14.05,3,0.0,,,
685,0.9680,-0.1089,-0.0131,3.299,good,0.100,2.97,0,0,0,0,3.32,3,0.0,,,
690,0.9680,-0.1183,0.1586,2.998,good,0.000,2.18,0,0,0,0,12.82,2,0.0,,,
691,0.9680,-0.1180,-0.1274,3.006,good,0.000,2.30,0,0,0,0,12.52,2,0.0,,,
687,0.9720,-0.1115,0.0947,3.450,shell,0.994,65.28,1,1,1,0,1.30,3,2.4,44|43,701,
688,0.9720,-0.1345,-0.0855,3.000,stone,0.961,25.51,1,1,1,0,10.17,1,7.3,21|20,,
689,0.9720,-0.1136,0.1465,2.688,good,0.075,4.87,0,0,0,0,19.47,3,0.0,,,
697,0.9720,-0.1200,-0.1563,3.241,good,0.000,2.09,0,0,0,0,7.87,2,0.0,,,
698,0.9720,-0.1154,0.2301,3.240,good,0.002,3.15,0,0,0,0,6.50,2,0.0,,,
699,0.9720,-0.1277,-0.1764,3.000,good,0.002,2.88,0,0,0,0,11.90,1,0.0,,,
702,0.9720,-0.1083,-0.1798,3.000,good,0.018,2.66,0,0,0,0,9.43,1,0.0,,,
693,0.9760,-0.1119,0.1075,3.422,good,0.000,2.41,0,0,0,0,1.93,3,0.0,,,
694,0.9760,-0.1122,0.0584,2.991,good,0.000,2.07,0,0,0,0,10.96,3,0.0,,,
695,0.9760,-0.1125,0.1403,2.998,good,0.001,2.44,0,0,0,0,10.89,3,0.0,,,
696,0.9760,-0.1068,-0.0514,3.380,good,0.218,15.20,0,0,0,0,1.18,3,0.0,,,
701,0.9760,-0.1192,-0.0648,1.840,faded,0.528,8.56,1,1,1,0,59.12,2,3.2,23,671,
706,0.9760,-0.1189,-0.0330,3.000,stone,0.945,25.41,1,1,1,0,12.97,1,7.3,27,794,
707,0.9760,-0.1104,-0.0642,3.000,faded,0.613,5.07,1,1,1,0,10.14,1,3.2,23,657,657
700,0.9800,-0.1139,-0.1831,2.997,good,0.000,1.72,0,0,0,0,11.37,3,0.0,,,
705,0.9800,-0.1179,-0.2368,3.082,good,0.000,3.04,0,0,0,0,10.69,2,0.0,,,
711,0.9800,-0.1137,-0.0154,3.000,stone,0.945,25.64,1,1,1,0,11.24,1,7.3,30|29,794,
703,0.9840,-0.1147,0.0374,2.976,good,0.001,3.45,0,0,0,0,12.15,3,0.0,,,
704,0.9840,-0.1100,-0.0892,2.957,good,0.000,3.28,0,0,0,0,11.02,3,0.0,,,
715,0.9840,-0.1085,0.0021,3.000,stone,0.961,25.69,1,1,1,0,9.50,1,7.3,32,794,
708,0.9880,-0.1148,-0.1110,2.985,good,0.000,3.33,0,0,0,0,11.96,3,0.0,,,
709,0.9880,-0.1101,0.1791,2.874,good,0.000,2.24,0,0,0,0,13.08,3,0.0,,,
710,0.9880,-0.1085,-0.0479,3.009,good,0.000,4.64,0,0,0,0,9.28,3,0.0,,,
713,0.9880,-0.1185,0.1107,2.963,good,0.004,2.43,0,0,0,0,13.74,2,0.0,,,
714,0.9880,-0.1160,-0.0054,2.997,good,0.000,2.29,0,0,0,0,12.08,2,0.0,,,
723,0.9880,-0.1033,0.0196,3.000,stone,0.962,25.54,1,1,1,0,7.77,1,7.6,34|35|33,794,
712,0.9920,-0.1111,0.1507,3.049,good,0.000,1.64,0,0,0,0,9.22,3,0.0,,,
719,0.9920,-0.1192,0.0871,2.975,good,0.000,2.49,0,0,0,0,13.68,2,0.0,,,
721,0.9920,-0.1172,0.1926,3.186,good,0.000,3.54,0,0,0,0,8.19,2,0.0,,,
722,0.9920,-0.1178,-0.0014,2.913,good,0.001,1.93,0,0,0,0,14.79,2,0.0,,,
716,0.9960,-0.1200,0.1970,2.490,good,0.022,2.65,0,0,0,0,28.35,3,0.0,,,
717,0.9960,-0.1148,0.2073,2.980,faded,1.000,6.49,1,1,1,0,12.07,3,3.2,58,706,706
718,0.9960,-0.1138,0.0450,2.327,good,0.000,3.16,0,0,0,0,31.89,3,0.0,,,
720,0.9960,-0.1092,-0.0824,2.794,good,0.000,1.95,0,0,0,0,14.90,3,0.0,,,
726,0.9960,-0.1171,0.1209,2.982,good,0.009,2.23,0,0,0,0,12.82,2,0.0,,,
724,1.0000,-0.1101,-0.2177,2.999,stick,1.000,64.13,1,1,1,0,10.06,3,2.4,4|3,691,691
725,1.0000,-0.1095,-0.0069,2.998,good,0.001,2.38,0,0,0,0,9.87,3,0.0,,,
729,1.0000,-0.1192,-0.1432,2.985,good,0.000,3.13,0,0,0,0,13.43,2,0.0,,,
730,1.0000,-0.1181,0.1433,3.189,black,1.000,53.32,1,1,1,0,8.39,2,3.2,50,703,
731,1.0000,-0.1183,-0.0077,2.952,good,0.001,2.92,0,0,0,0,13.97,2,0.0,,,
732,1.0000,-0.1090,0.0395,3.450,good,0.003,7.76,0,0,0,0,0.57,2,0.0,,,
727,1.0040,-0.1172,-0.1398,2.843,good,0.004,2.32,0,0,0,0,16.40,3,0.0,,,
728,1.0040,-0.1128,-0.1093,2.975,good,0.000,1.91,0,0,0,0,11.54,3,0.0,,,
735,1.0040,-0.1198,0.0753,2.988,good,0.000,2.12,0,0,0,0,13.57,2,0.0,,,
733,1.0080,-0.1155,0.1499,2.949,good,0.000,2.78,0,0,0,0,13.08,3,0.0,,,
734,1.0080,-0.1147,-0.0824,2.980,good,0.000,2.44,0,0,0,0,12.05,3,0.0,,,
736,1.0080,-0.1082,0.0169,2.973,good,0.011,2.64,0,0,0,0,10.03,3,0.0,,,
738,1.0080,-0.1190,-0.1713,3.122,good,0.001,5.69,0,0,0,0,10.15,2,0.0,,,
739,1.0080,-0.1196,0.0852,2.995,good,0.001,3.18,0,0,0,0,13.33,2,0.0,,,
740,1.0080,-0.1171,0.0330,3.437,good,0.000,2.16,0,0,0,0,3.16,2,0.0,,,
737,1.0120,-0.1097,-0.1349,3.076,black,0.831,22.40,1,1,1,0,8.18,3,3.2,14,700|720,700
741,1.0160,-0.1126,-0.0667,3.010,good,0.004,2.96,0,0,0,0,10.66,3,0.0,,,
742,1.0160,-0.1123,-0.1615,2.971,good,0.001,1.44,0,0,0,0,11.46,3,0.0,,,
743,1.0160,-0.1094,0.2005,2.980,sour,1.000,18.37,1,1,1,0,10.26,3,3.2,57,705,
744,1.0200,-0.1152,-0.0019,2.938,good,0.368,2.71,0,0,0,0,13.25,3,0.0,,,
745,1.0200,-0.1139,0.0975,3.016,good,0.000,2.40,0,0,0,0,10.92,3,0.0,,,
746,1.0200,-0.1134,0.1367,3.009,good,0.000,2.02,0,0,0,0,10.91,3,0.0,,,
747,1.0200,-0.1228,-0.0836,3.246,good,0.004,2.28,0,0,0,0,4.65,2,0.0,,,
748,1.0200,-0.1095,0.2027,2.980,good,0.056,3.26,0,0,0,0,10.30,3,0.0,,,
755,1.0200,-0.1098,-0.0790,3.000,good,0.007,2.30,0,0,0,0,9.95,1,0.0,,,
749,1.0240,-0.1144,0.1602,3.009,good,0.050,4.11,0,0,0,0,11.26,3,0.0,,,
750,1.0240,-0.1121,-0.0697,3.030,good,0.000,1.70,0,0,0,0,10.00,3,0.0,,,
754,1.0240,-0.1196,-0.0044,3.001,good,0.000,1.94,0,0,0,0,13.17,2,0.0,,,
751,1.0280,-0.1123,0.0638,3.168,good,0.000,3.73,0,0,0,0,7.01,3,0.0,,,
752,1.0280,-0.1123,0.1222,3.013,good,0.000,3.87,0,0,0,0,10.45,3,0.0,,,
753,1.0280,-0.1097,-0.1756,3.330,good,0.035,3.55,0,0,0,0,2.98,3,0.0,,,
756,1.0320,-0.1079,-0.1760,3.330,good,0.001,4.36,0,0,0,0,2.43,3,0.0,,,
762,1.0320,-0.1194,-0.0363,3.181,good,0.000,2.50,0,0,0,0,8.98,2,0.0,,,
763,1.0320,-0.1194,-0.2060,3.079,broken,0.799,3.52,1,1,1,0,11.25,2,2.4,5,755,755
757,1.0360,-0.1153,-0.0009,3.004,good,0.000,2.46,0,0,0,0,11.66,3,0.0,,,
758,1.0360,-0.1136,0.0716,2.996,good,0.001,2.82,0,0,0,0,11.30,3,0.0,,,
759,1.0360,-0.1121,0.0356,3.031,good,0.000,2.05,0,0,0,0,9.98,3,0.0,,,
760,1.0360,-0.1094,0.2242,3.291,good,0.004,7.47,0,0,0,0,3.64,3,0.0,,,
761,1.0360,-0.1097,0.0213,2.999,good,0.000,4.15,0,0,0,0,9.93,3,0.0,,,
767,1.0360,-0.1196,-0.1363,2.986,good,0.001,1.81,0,0,0,0,13.53,2,0.0,,,
774,1.0360,-0.1067,-0.0331,3.000,good,0.000,2.71,0,0,0,0,8.90,1,0.0,,,
764,1.0400,-0.1155,-0.0871,3.006,good,0.001,3.18,0,0,0,0,11.68,3,0.0,,,
765,1.0400,-0.1180,0.1762,2.423,good,0.000,2.32,0,0,0,0,29.99,3,0.0,,,
766,1.0400,-0.1137,0.2071,3.010,good,0.043,2.59,0,0,0,0,10.98,3,0.0,,,
771,1.0400,-0.1195,-0.0786,2.849,good,0.000,3.38,0,0,0,0,17.04,2,0.0,,,
772,1.0400,-0.1190,0.0695,2.990,good,0.000,3.90,0,0,0,0,13.24,2,0.0,,,
773,1.0400,-0.1110,-0.2182,3.450,good,0.032,3.70,0,0,0,0,1.17,2,0.0,,,
768,1.0440,-0.1158,0.0354,2.979,good,0.000,3.01,0,0,0,0,12.47,3,0.0,,,
769,1.0440,-0.1151,-0.2329,2.985,good,0.000,3.98,0,0,0,0,12.07,3,0.0,,,
770,1.0440,-0.1137,-0.0204,3.191,good,0.000,3.35,0,0,0,0,6.95,3,0.0,,,
777,1.0440,-0.1193,0.0894,3.054,good,0.000,2.76,0,0,0,0,11.80,2,0.0,,,
775,1.0480,-0.1141,-0.2003,3.161,good,0.000,3.44,0,0,0,0,7.73,3,0.0,,,
776,1.0480,-0.1279,-0.1453,2.494,good,0.000,2.52,0,0,0,0,27.37,2,0.0,,,
782,1.0480,-0.1179,-0.1483,3.000,good,0.000,2.52,0,0,0,0,12.64,1,0.0,,,
778,1.0520,-0.1116,-0.1052,3.125,good,0.000,1.94,0,0,0,0,7.72,3,0.0,,,
779,1.0520,-0.1125,-0.0674,2.827,good,0.001,5.49,0,0,0,0,15.16,3,0.0,,,
780,1.0520,-0.1076,0.0545,3.339,good,0.000,3.22,0,0,0,0,2.17,3,0.0,,,
781,1.0560,-0.1119,-0.2077,2.999,good,0.010,4.04,0,0,0,0,10.67,3,0.0,,,
784,1.0560,-0.1184,0.0909,3.064,good,0.001,2.66,0,0,0,0,11.28,2,0.0,,,
783,1.0600,-0.1153,0.0356,2.968,good,0.000,2.45,0,0,0,0,12.53,3,0.0,,,
785,1.0600,-0.1221,0.2446,2.441,good,0.001,2.89,0,0,0,0,26.99,2,0.0,,,
793,1.0600,-0.1092,-0.0715,2.995,good,0.292,37.82,1,1,1,0,9.85,2,9.0,22|23|21,741|751,741|751
786,1.0640,-0.1156,0.0119,2.896,black,1.000,50.33,1,1,1,0,14.44,3,3.2,33,778,
787,1.0640,-0.1159,0.2226,2.941,good,0.004,2.17,0,0,0,0,13.42,3,0.0,,,
788,1.0640,-0.1288,-0.1920,2.570,good,0.001,3.49,0,0,0,0,25.05,2,0.0,,,
789,1.0640,-0.1270,0.1179,2.670,good,0.000,3.32,0,0,0,0,21.04,2,0.0,,,
790,1.0640,-0.1101,-0.1181,3.117,good,0.000,1.99,0,0,0,0,7.42,3,0.0,,,
791,1.0640,-0.1105,0.2307,2.968,good,0.006,2.47,0,0,0,0,10.90,3,0.0,,,
792,1.0640,-0.1089,-0.0980,2.986,good,0.000,2.26,0,0,0,0,9.95,3,0.0,,,
794,1.0640,-0.1175,-0.0066,3.007,good,0.000,3.44,0,0,0,0,12.33,2,0.0,,,
799,1.0640,-0.1185,-0.1882,3.000,good,0.001,3.42,0,0,0,0,12.84,1,0.0,,,
800,1.0640,-0.1164,0.1149,3.000,good,0.003,3.26,0,0,0,0,12.13,1,0.0,,,
796,1.0680,-0.1186,0.0513,3.006,good,0.000,3.09,0,0,0,0,12.72,2,0.0,,,
797,1.0680,-0.1284,-0.0606,3.000,stone,1.000,11.41,1,1,1,0,12.12,1,9.1,24|23|25,,
798,1.0680,-0.1164,0.0955,3.021,good,0.005,3.14,0,0,0,0,11.63,2,0.0,,,
804,1.0680,-0.1164,-0.0498,3.000,stone,1.000,11.49,1,1,1,0,12.14,1,9.1,25|26|24,754,
795,1.0720,-0.1076,-0.0717,3.182,good,0.070,3.87,0,0,0,0,5.24,3,0.0,,,
803,1.0720,-0.1170,-0.1705,3.029,good,0.001,1.82,0,0,0,0,11.66,2,0.0,,,
807,1.0720,-0.1045,-0.0391,3.000,stone,1.000,11.60,1,1,1,0,8.17,1,9.1,27|26|28,754,
801,1.0760,-0.1157,-0.1621,2.983,good,0.000,1.78,0,0,0,0,12.30,3,0.0,,,
802,1.0760,-0.1082,0.1272,2.990,good,0.000,2.65,0,0,0,0,9.65,3,0.0,,,
805,1.0800,-0.1104,0.0879,2.993,good,0.000,2.42,0,0,0,0,10.29,3,0.0,,,
806,1.0800,-0.1094,0.1724,3.000,good,0.001,4.16,0,0,0,0,9.80,3,0.0,,,
808,1.0840,-0.1162,-0.0066,3.005,good,0.000,3.86,0,0,0,0,11.97,3,0.0,,,
809,1.0840,-0.1116,0.0013,2.701,good,0.000,4.18,0,0,0,0,18.35,3,0.0,,,
810,1.0840,-0.1083,0.1534,3.004,good,0.000,2.46,0,0,0,0,9.33,3,0.0,,,
815,1.0840,-0.1299,-0.1287,3.000,good,0.000,2.53,0,0,0,0,12.65,1,0.0,,,
816,1.0840,-0.1173,-0.0756,3.054,good,0.001,2.78,0,0,0,0,11.16,2,0.0,,,
817,1.0840,-0.1290,-0.1196,3.000,good,0.000,2.59,0,0,0,0,12.33,1,0.0,,,
821,1.0840,-0.1173,-0.1243,3.000,good,0.002,7.77,0,0,0,0,12.43,1,0.0,,,
811,1.0880,-0.1161,0.1119,2.960,sour,1.000,14.44,1,1,1,0,12.98,3,3.2,46,774,774
812,1.0880,-0.1152,-0.0903,2.961,faded,1.000,4.94,1,1,1,0,12.68,3,3.2,20,787,
813,1.0880,-0.1130,-0.0764,3.268,good,0.000,2.08,0,0,0,0,5.17,3,0.0,,,
814,1.0880,-0.1105,0.0418,2.954,good,0.000,2.46,0,0,0,0,11.27,3,0.0,,,
818,1.0880,-0.1188,0.0653,3.450,good,0.003,2.72,0,0,0,0,3.43,2,0.0,,,
820,1.0880,-0.1158,0.0198,2.954,good,0.000,3.25,0,0,0,0,13.06,2,0.0,,,
819,1.0920,-0.1107,-0.0976,2.977,good,0.001,3.09,0,0,0,0,10.77,3,0.0,,,
825,1.0920,-0.1176,-0.0866,3.154,husk,1.000,11.47,1,1,1,0,9.00,2,2.4,20|21,812,812
822,1.0960,-0.1143,0.1820,2.793,good,0.052,3.14,0,0,0,0,16.72,3,0.0,,,
823,1.0960,-0.1085,0.0577,3.357,good,0.024,3.52,0,0,0,0,2.10,3,0.0,,,
824,1.0960,-0.1086,-0.0491,2.987,good,0.001,2.04,0,0,0,0,9.82,3,0.0,,,
827,1.0960,-0.1184,-0.0028,2.970,good,0.370,3.15,0,0,0,0,13.52,2,0.0,,,
826,1.1000,-0.1135,0.1029,3.054,good,0.000,2.12,0,0,0,0,9.91,3,0.0,,,
833,1.1000,-0.1174,-0.2371,2.956,good,0.000,2.33,0,0,0,0,13.55,2,0.0,,,
828,1.1040,-0.1146,-0.0579,2.997,black,1.000,55.69,1,1,1,0,11.60,3,3.2,24,796,796
829,1.1040,-0.1123,-0.1211,3.008,good,0.000,1.93,0,0,0,0,10.57,3,0.0,,,
830,1.1040,-0.1120,-0.0876,3.004,good,0.145,3.17,0,0,0,0,10.58,3,0.0,,,
831,1.1040,-0.1089,0.2334,3.158,good,0.001,3.56,0,0,0,0,6.16,3,0.0,,,
832,1.1040,-0.1093,-0.1882,2.997,faded,1.000,7.42,1,1,1,0,9.82,3,3.2,7|8,800,800
835,1.1040,-0.1192,-0.1152,3.450,good,0.000,1.68,0,0,0,0,3.55,2,0.0,,,
840,1.1040,-0.1056,-0.2402,3.000,good,0.001,1.84,0,0,0,0,8.54,1,0.0,,,
834,1.1080,-0.1137,0.1752,3.013,good,0.041,3.88,0,0,0,0,10.91,3,0.0,,,
839,1.1080,-0.1194,-0.1509,3.015,good,0.001,2.70,0,0,0,0,12.75,2,0.0,,,
837,1.1120,-0.1154,-0.0386,2.942,good,0.000,1.67,0,0,0,0,13.22,3,0.0,,,
838,1.1120,-0.1122,0.0758,2.976,black,1.000,52.21,1,1,1,0,11.29,3,3.2,41,810,810
842,1.1120,-0.1197,-0.0867,2.962,good,0.000,3.27,0,0,0,0,14.18,2,0.0,,,
844,1.1120,-0.1131,0.1419,3.218,good,0.000,2.99,0,0,0,0,6.22,2,0.0,,,
836,1.1160,-0.1122,-0.1576,2.282,good,0.000,3.08,0,0,0,0,33.01,4,0.0,,,
841,1.1160,-0.1166,0.1726,2.404,good,0.000,2.40,0,0,0,0,30.12,3,0.0,,,
843,1.1160,-0.1134,0.1565,2.389,good,0.000,2.88,0,0,0,0,29.35,3,0.0,,,
850,1.1160,-0.1150,-0.0778,3.096,good,0.000,3.02,0,0,0,0,9.45,2,0.0,,,
851,1.1160,-0.1111,0.2094,3.047,good,0.043,8.63,0,0,0,0,9.27,2,0.0,,,
845,1.1200,-0.1141,0.0243,2.994,black,1.000,46.78,1,1,1,0,11.53,3,3.2,35|34,826,826
846,1.1200,-0.1131,0.2298,2.881,good,0.004,3.17,0,0,0,0,13.96,3,0.0,,,
847,1.1200,-0.1099,0.0922,3.001,good,0.000,3.25,0,0,0,0,9.95,3,0.0,,,
848,1.1200,-0.1087,-0.0663,2.995,good,0.000,2.59,0,0,0,0,9.69,3,0.0,,,
849,1.1200,-0.1097,0.2106,2.846,good,0.310,4.41,0,0,0,0,13.68,3,0.0,,,
853,1.1200,-0.1189,-0.0583,2.998,good,0.000,3.50,0,0,0,0,13.02,2,0.0,,,
854,1.1200,-0.1153,0.0069,2.996,faded,0.572,3.93,1,1,1,0,11.85,2,3.2,32|33,802,802
855,1.1200,-0.1131,0.0544,3.450,good,0.000,2.06,0,0,0,0,1.77,2,0.0,,,
852,1.1240,-0.1393,-0.1320,3.000,shell,1.000,22.42,1,1,1,0,11.76,1,2.4,15|14,,
861,1.1240,-0.1214,-0.1302,3.000,shell,1.000,22.36,1,1,1,0,9.79,1,2.4,15,,
869,1.1240,-0.1034,-0.1285,3.000,shell,1.000,22.89,1,1,1,0,7.81,1,2.4,15,889,
856,1.1280,-0.1153,-0.1740,3.010,good,0.001,2.35,0,0,0,0,11.53,3,0.0,,,
857,1.1280,-0.1108,-0.2231,2.990,good,0.456,7.16,0,0,0,0,10.50,3,0.0,,,
858,1.1280,-0.1127,0.1182,3.001,good,0.001,2.40,0,0,0,0,10.88,3,0.0,,,
859,1.1280,-0.1094,0.2213,3.264,good,0.001,2.70,0,0,0,0,4.17,3,0.0,,,
860,1.1280,-0.1116,-0.0659,3.000,good,0.001,3.10,0,0,0,0,10.52,3,0.0,,,
866,1.1280,-0.1180,-0.1102,3.450,shell,0.736,5.69,1,1,1,0,3.19,2,2.4,17|18,874,
868,1.1280,-0.1192,-0.0042,2.848,good,0.000,2.77,0,0,0,0,16.97,2,0.0,,,
862,1.1320,-0.1188,0.0435,2.697,good,0.000,1.90,0,0,0,0,21.14,3,0.0,,,
863,1.1320,-0.1166,0.1571,2.875,good,0.003,2.90,0,0,0,0,15.34,3,0.0,,,
864,1.1320,-0.1110,0.1065,3.259,good,0.002,2.26,0,0,0,0,4.75,3,0.0,,,
865,1.1320,-0.1109,-0.2317,3.001,sour,1.000,25.67,1,1,1,0,10.26,3,3.2,2,822,822
867,1.1320,-0.1082,-0.0598,3.008,good,0.001,2.34,0,0,0,0,9.21,3,0.0,,,
870,1.1360,-0.1116,-0.1047,3.001,good,0.000,1.71,0,0,0,0,10.49,3,0.0,,,
874,1.1360,-0.1166,-0.0336,2.950,good,0.000,2.44,0,0,0,0,13.43,2,0.0,,,
875,1.1360,-0.1269,-0.0752,3.000,good,0.001,2.67,0,0,0,0,11.63,1,0.0,,,
880,1.1360,-0.1084,-0.0752,3.000,good,0.001,2.73,0,0,0,0,9.46,1,0.0,,,
871,1.1400,-0.1147,-0.1373,3.031,good,0.004,3.25,0,0,0,0,10.83,3,0.0,,,
872,1.1400,-0.1138,-0.0196,2.996,faded,0.855,3.26,1,1,1,0,11.36,3,3.2,29,859,859
873,1.1400,-0.1091,-0.1525,2.998,good,0.000,2.43,0,0,0,0,9.77,3,0.0,,,
876,1.1440,-0.1110,-0.2131,3.233,good,0.000,1.98,0,0,0,0,5.25,3,0.0,,,
877,1.1440,-0.1173,0.0729,2.299,good,0.001,2.14,0,0,0,0,34.53,3,0.0,,,
878,1.1440,-0.1367,0.1014,3.000,good,0.000,3.07,0,0,0,0,10.91,1,0.0,,,
879,1.1440,-0.1088,0.0992,2.469,good,0.002,7.89,0,0,0,0,24.56,3,0.0,,,
885,1.1440,-0.1159,-0.1410,3.006,good,0.000,3.96,0,0,0,0,11.82,2,0.0,,,
881,1.1480,-0.1144,-0.0667,3.000,good,0.000,2.65,0,0,0,0,11.45,3,0.0,,,
882,1.1480,-0.1382,-0.0077,3.000,good,0.000,2.92,0,0,0,0,11.39,1,0.0,,,
883,1.1480,-0.1140,-0.2168,2.856,good,0.033,2.63,0,0,0,0,14.94,3,0.0,,,
884,1.1480,-0.1119,0.1838,3.000,good,0.000,1.51,0,0,0,0,10.64,3,0.0,,,
889,1.1480,-0.1193,0.0257,3.450,good,0.191,3.37,0,0,0,0,3.56,2,0.0,,,
890,1.1480,-0.1236,-0.0049,3.000,good,0.002,2.93,0,0,0,0,10.55,1,0.0,,,
894,1.1480,-0.1091,-0.0020,3.000,good,0.001,3.05,0,0,0,0,9.71,1,0.0,,,
886,1.1520,-0.1195,-0.1315,2.501,shell,1.000,29.71,1,1,1,0,27.77,3,2.4,15|14,863,
887,1.1520,-0.1142,0.2225,2.893,good,0.086,2.86,0,0,0,0,14.06,3,0.0,,,
888,1.1520,-0.1245,0.0489,2.790,faded,0.999,5.07,1,1,1,0,16.47,2,3.2,38,,
901,1.1520,-0.1126,-0.0342,3.000,stone,1.000,8.64,1,1,1,0,10.87,1,9.1,27|28|26,945,
902,1.1520,-0.1133,0.0523,3.000,faded,0.997,5.08,1,1,1,0,11.11,1,3.2,38,801,
903,1.1520,-0.1042,0.0282,3.000,good,0.153,3.35,0,0,0,0,8.05,1,0.0,,,
891,1.1560,-0.1120,0.0160,3.046,faded,0.998,5.59,1,1,1,0,9.58,3,3.2,34|33,841,841
892,1.1560,-0.1091,-0.2296,2.996,good,0.000,3.44,0,0,0,0,9.79,3,0.0,,,
893,1.1560,-0.1100,-0.1882,2.995,good,0.093,1.94,0,0,0,0,10.11,3,0.0,,,
898,1.1560,-0.1192,0.2299,3.006,good,0.087,5.54,0,0,0,0,12.91,2,0.0,,,
899,1.1560,-0.1159,-0.0416,2.995,good,0.000,2.40,0,0,0,0,12.09,2,0.0,,,
900,1.1560,-0.1128,-0.0309,3.022,sour,1.000,13.82,1,1,1,0,10.42,2,3.2,28|27,839,839
895,1.1600,-0.1163,-0.1770,3.023,good,0.003,2.51,0,0,0,0,11.54,3,0.0,,,
896,1.1600,-0.1104,-0.1991,2.984,good,0.000,2.94,0,0,0,0,10.52,3,0.0,,,
897,1.1600,-0.1088,-0.1881,2.994,sour,1.000,20.94,1,1,1,0,9.75,3,3.2,7|8,844,844
904,1.1640,-0.1168,0.1148,2.680,good,0.000,8.23,0,0,0,0,20.89,3,0.0,,,
905,1.1680,-0.1121,0.2147,3.005,good,0.017,3.52,0,0,0,0,10.60,3,0.0,,,
906,1.1680,-0.1087,-0.1876,3.000,broken,0.988,3.04,1,1,1,0,9.58,3,2.4,7|8,870,870
911,1.1680,-0.1193,0.0135,3.036,good,0.001,2.81,0,0,0,0,12.23,2,0.0,,,
907,1.1720,-0.1150,-0.0112,3.009,good,0.000,4.58,0,0,0,0,11.47,3,0.0,,,
908,1.1720,-0.1158,0.0818,2.997,good,0.000,3.64,0,0,0,0,12.01,3,0.0,,,
909,1.1720,-0.1117,-0.0461,2.993,good,0.003,2.65,0,0,0,0,10.73,3,0.0,,,
910,1.1720,-0.1080,0.1244,3.156,good,0.001,5.00,0,0,0,0,5.91,3,0.0,,,
912,1.1720,-0.1182,-0.2433,3.000,faded,0.983,4.34,1,1,1,0,12.74,2,3.2,0|1,873,873
913,1.1800,-0.1131,-0.0969,3.002,good,0.000,2.62,0,0,0,0,10.97,3,0.0,,,
914,1.1800,-0.1118,-0.0450,3.007,good,0.000,4.46,0,0,0,0,10.42,3,0.0,,,
915,1.1800,-0.1092,0.0334,3.004,good,0.001,1.73,0,0,0,0,9.65,3,0.0,,,
918,1.1800,-0.1170,-0.0606,3.066,good,0.001,3.52,0,0,0,0,10.75,2,0.0,,,
916,1.1840,-0.1143,-0.1028,2.997,good,0.000,2.31,0,0,0,0,11.51,3,0.0,,,
917,1.1840,-0.1116,-0.2139,3.028,good,0.000,7.95,0,0,0,0,9.87,3,0.0,,,
919,1.1880,-0.1106,0.1755,2.961,black,1.000,47.72,1,1,1,0,11.14,3,3.2,54,888|891,891
920,1.1880,-0.1090,0.1971,2.925,good,0.000,2.67,0,0,0,0,11.43,3,0.0,,,
922,1.1880,-0.1147,-0.1913,3.315,good,0.007,2.35,0,0,0,0,4.78,2,0.0,,,
921,1.1920,-0.1132,-0.0691,2.947,good,0.000,2.26,0,0,0,0,12.33,3,0.0,,,
926,1.1920,-0.1191,-0.1156,2.788,good,0.424,3.22,0,0,0,0,18.60,2,0.0,,,
927,1.1920,-0.1166,0.0670,2.989,good,0.000,2.52,0,0,0,0,12.46,2,0.0,,,
928,1.1920,-0.1164,-0.1607,3.007,good,0.000,1.87,0,0,0,0,11.97,2,0.0,,,
923,1.1960,-0.1151,0.1465,3.067,good,0.001,3.18,0,0,0,0,10.14,3,0.0,,,
924,1.1960,-0.1135,0.0823,3.014,good,0.000,3.52,0,0,0,0,10.82,3,0.0,,,
925,1.1960,-0.1121,-0.0274,2.794,good,0.002,2.27,0,0,0,0,15.91,3,0.0,,,
929,1.2000,-0.1143,0.1306,3.137,good,0.001,9.32,0,0,0,0,8.29,3,0.0,,,
933,1.2000,-0.1197,-0.2173,2.987,good,0.001,3.41,0,0,0,0,13.54,2,0.0,,,
935,1.2000,-0.1148,0.0555,3.109,good,0.000,6.00,0,0,0,0,9.07,2,0.0,,,
930,1.2040,-0.1102,-0.0093,2.996,good,0.000,3.47,0,0,0,0,10.18,3,0.0,,,
931,1.2040,-0.1111,0.1237,2.999,good,0.000,1.96,0,0,0,0,10.39,3,0.0,,,
932,1.2040,-0.1099,0.0323,3.019,good,0.001,2.06,0,0,0,0,9.52,3,0.0,,,
934,1.2040,-0.1097,-0.1635,2.795,good,0.000,3.94,0,0,0,0,15.02,3,0.0,,,
936,1.2080,-0.1145,-0.0235,3.018,good,0.015,3.63,0,0,0,0,11.10,3,0.0,,,
937,1.2080,-0.1080,0.0623,3.011,good,0.000,2.52,0,0,0,0,9.07,3,0.0,,,
944,1.2080,-0.1181,-0.0093,3.011,good,0.000,2.85,0,0,0,0,12.42,2,0.0,,,
945,1.2080,-0.1179,-0.0358,2.940,good,0.000,2.41,0,0,0,0,14.12,2,0.0,,,
938,1.2120,-0.1259,0.0924,3.106,good,0.001,6.13,0,0,0,0,8.73,2,0.0,,,
939,1.2120,-0.1269,0.1047,3.009,good,0.000,2.96,0,0,0,0,11.43,2,0.0,,,
940,1.2120,-0.1141,0.0659,2.998,good,0.000,2.46,0,0,0,0,11.42,3,0.0,,,
941,1.2120,-0.1094,-0.1936,3.001,sour,1.000,19.21,1,1,1,0,9.77,3,3.2,7,923,923
942,1.2120,-0.1080,-0.1135,2.985,good,0.000,2.90,0,0,0,0,9.69,3,0.0,,,
943,1.2120,-0.1082,0.1493,2.999,good,0.000,3.62,0,0,0,0,9.41,3,0.0,,,
950,1.2120,-0.1187,-0.1989,2.891,good,0.030,5.93,0,0,0,0,15.63,2,0.0,,,
953,1.2120,-0.1141,0.1004,3.000,good,0.039,9.53,0,0,0,0,11.35,1,0.0,,,
946,1.2160,-0.1145,0.2044,2.995,good,0.001,1.85,0,0,0,0,11.63,3,0.0,,,
947,1.2160,-0.1142,-0.1633,2.954,good,0.000,4.32,0,0,0,0,12.52,3,0.0,,,
948,1.2160,-0.1144,0.0240,3.012,insect,1.000,5.64,1,1,1,0,11.19,3,3.1,35|34,910,910
949,1.2160,-0.1105,-0.0977,2.997,good,0.000,1.86,0,0,0,0,10.25,3,0.0,,,
952,1.2160,-0.1164,-0.1879,2.993,good,0.000,3.00,0,0,0,0,12.28,2,0.0,,,
959,1.2160,-0.1071,-0.2021,3.000,good,0.010,6.14,0,0,0,0,9.02,1,0.0,,,
951,1.2200,-0.1130,-0.0329,2.604,faded,0.684,7.05,1,1,1,0,21.79,3,3.2,27,917,
958,1.2200,-0.1176,0.1073,2.972,good,0.000,2.78,0,0,0,0,13.21,2,0.0,,,
966,1.2200,-0.1060,-0.0316,3.000,faded,0.999,5.27,1,1,1,0,8.66,1,3.2,27|28,934,934
954,1.2240,-0.1155,0.1155,3.004,good,0.000,1.90,0,0,0,0,11.74,3,0.0,,,
955,1.2240,-0.1141,0.0447,3.002,good,0.000,3.47,0,0,0,0,11.32,3,0.0,,,
956,1.2240,-0.1097,-0.0973,3.108,good,0.005,3.20,0,0,0,0,7.46,3,0.0,,,
957,1.2240,-0.1087,0.1431,2.977,insect,1.000,3.87,1,1,1,0,10.09,3,3.1,50,937,937
965,1.2240,-0.1200,0.0659,2.991,good,0.000,3.74,0,0,0,0,13.55,2,0.0,,,
960,1.2280,-0.1170,-0.1295,2.794,good,0.001,2.04,0,0,0,0,17.65,3,0.0,,,
961,1.2280,-0.1145,-0.1127,3.004,good,0.005,1.95,0,0,0,0,11.40,3,0.0,,,
962,1.2280,-0.1129,-0.0340,3.005,good,0.000,2.43,0,0,0,0,10.86,3,0.0,,,
963,1.2280,-0.1089,0.0211,3.007,good,0.000,2.74,0,0,0,0,9.47,3,0.0,,,
964,1.2280,-0.1085,-0.1451,2.996,good,0.014,1.91,0,0,0,0,9.58,3,0.0,,,
967,1.2320,-0.1121,0.1164,3.000,insect,1.000,4.25,1,1,1,0,10.69,3,3.1,46|47,935,935
968,1.2320,-0.1096,-0.1791,2.999,good,0.000,1.66,0,0,0,0,9.90,3,0.0,,,
969,1.2360,-0.1089,0.1908,3.029,good,0.000,2.59,0,0,0,0,8.97,3,0.0,,,
971,1.2360,-0.1193,-0.2037,2.991,good,0.007,2.74,0,0,0,0,13.33,2,0.0,,,
972,1.2360,-0.1181,-0.1445,2.999,good,0.000,2.37,0,0,0,0,12.74,2,0.0,,,
973,1.2360,-0.1120,-0.2197,3.450,good,0.001,4.43,0,0,0,0,1.46,2,0.0,,,
977,1.2360,-0.1195,0.1537,3.000,good,0.000,2.98,0,0,0,0,13.17,1,0.0,,,
970,1.2400,-0.1169,0.1548,2.321,good,0.001,8.53,0,0,0,0,33.42,3,0.0,,,
974,1.2440,-0.1132,0.1206,3.045,good,0.001,5.95,0,0,0,0,10.00,3,0.0,,,
975,1.2440,-0.1122,0.1746,2.991,good,0.000,2.49,0,0,0,0,10.96,3,0.0,,,
976,1.2440,-0.1127,-0.1266,2.732,good,0.003,3.08,0,0,0,0,17.84,3,0.0,,,
980,1.2440,-0.1178,0.2222,3.000,good,0.018,3.01,0,0,0,0,12.59,2,0.0,,,
978,1.2480,-0.1116,-0.1185,2.986,good,0.000,2.05,0,0,0,0,10.85,3,0.0,,,
979,1.2480,-0.1103,-0.1959,2.912,good,0.000,2.25,0,0,0,0,12.22,3,0.0,,,
983,1.2480,-0.1169,0.1221,3.000,good,0.005,6.01,0,0,0,0,12.31,2,0.0,,,
984,1.2480,-0.1312,-0.1691,3.000,sour,0.938,29.76,1,1,1,0,13.07,1,3.5,10,967,967
985,1.2480,-0.1165,0.0619,2.999,good,0.000,3.09,0,0,0,0,12.19,2,0.0,,,
981,1.2520,-0.1113,-0.1790,2.991,good,0.000,2.17,0,0,0,0,10.65,3,0.0,,,
982,1.2520,-0.1090,-0.0708,2.994,good,0.000,2.28,0,0,0,0,9.80,3,0.0,,,
990,1.2520,-0.1183,0.1101,3.114,good,0.001,3.27,0,0,0,0,10.12,2,0.0,,,
986,1.2560,-0.1137,-0.1719,2.989,good,0.018,3.05,0,0,0,0,11.50,3,0.0,,,
987,1.2560,-0.1165,0.1805,2.753,good,0.000,1.79,0,0,0,0,18.63,3,0.0,,,
988,1.2560,-0.1108,-0.0679,3.001,good,0.000,3.29,0,0,0,0,10.24,3,0.0,,,
989,1.2560,-0.1096,0.2262,3.015,good,0.002,3.13,0,0,0,0,9.54,3,0.0,,,
994,1.2560,-0.1198,-0.0314,3.003,good,0.000,2.38,0,0,0,0,13.18,2,0.0,,,
991,1.2600,-0.1140,-0.0461,2.991,good,0.006,2.30,0,0,0,0,11.56,3,0.0,,,
992,1.2600,-0.1146,-0.1955,3.001,good,0.000,2.44,0,0,0,0,11.51,3,0.0,,,
993,1.2600,-0.1110,-0.1060,2.999,good,0.000,3.42,0,0,0,0,10.35,3,0.0,,,
998,1.2600,-0.1195,0.0560,2.990,good,0.000,3.59,0,0,0,0,13.41,2,0.0,,,
995,1.2640,-0.1161,-0.0558,3.001,good,0.007,2.94,0,0,0,0,12.00,3,0.0,,,
996,1.2640,-0.1107,0.2156,3.001,black,1.000,54.07,1,1,1,0,10.22,3,3.2,59,979,979
997,1.2640,-0.1095,-0.1430,3.004,sour,1.000,19.57,1,1,1,0,9.73,3,3.2,13,974,974
999,1.2680,-0.1112,-0.0582,3.102,good,0.000,2.15,0,0,0,0,8.10,3,0.0,,,
1000,1.2680,-0.1116,0.1568,2.890,good,0.010,2.99,0,0,0,0,13.21,3,0.0,,,
1001,1.2680,-0.1175,0.0041,2.854,good,0.000,2.74,0,0,0,0,16.21,2,0.0,,,
1004,1.2720,-0.1164,0.2129,3.003,good,0.001,2.47,0,0,0,0,12.08,2,0.0,,,
1002,1.2760,-0.1137,0.0443,2.861,good,0.000,2.16,0,0,0,0,14.69,3,0.0,,,
1003,1.2760,-0.1098,-0.1834,2.997,good,0.000,1.98,0,0,0,0,10.00,3,0.0,,,
1007,1.2760,-0.1196,-0.2080,3.004,good,0.000,1.69,0,0,0,0,13.10,2,0.0,,,
1008,1.2760,-0.1180,0.2415,3.045,sour,1.000,16.31,1,1,1,0,11.60,2,3.2,62|63,973,973
1009,1.2760,-0.1154,-0.1203,2.992,good,0.003,3.88,0,0,0,0,12.00,2,0.0,,,
1005,1.2800,-0.1158,0.2081,2.999,good,0.012,3.53,0,0,0,0,11.93,3,0.0,,,
1006,1.2800,-0.1087,-0.2181,2.999,good,0.000,2.60,0,0,0,0,9.61,3,0.0,,,
1013,1.2800,-0.1175,0.1377,3.000,good,0.000,1.88,0,0,0,0,12.52,2,0.0,,,
1010,1.2840,-0.1133,-0.0957,3.005,good,0.007,9.16,0,0,0,0,10.99,3,0.0,,,
1011,1.2840,-0.1132,0.1130,3.008,good,0.017,5.46,0,0,0,0,10.88,3,0.0,,,
1012,1.2840,-0.1080,0.0148,3.032,good,0.000,5.41,0,0,0,0,8.61,3,0.0,,,
1016,1.2840,-0.1189,0.0707,3.001,good,0.000,2.33,0,0,0,0,12.92,2,0.0,,,
1017,1.2840,-0.1192,-0.1073,2.895,broken,0.615,2.04,1,1,1,0,15.73,2,2.4,18,1002,1002
1014,1.2880,-0.1159,0.2138,2.995,good,0.012,3.14,0,0,0,0,12.09,3,0.0,,,
1015,1.2880,-0.1098,-0.0217,2.945,good,0.005,2.74,0,0,0,0,11.23,3,0.0,,,
1019,1.2880,-0.1178,0.1897,2.942,good,0.000,3.47,0,0,0,0,14.03,2,0.0,,,
1020,1.2880,-0.1171,-0.2224,2.966,good,0.064,4.72,0,0,0,0,13.22,2,0.0,,,
1021,1.2880,-0.1160,0.1203,2.991,good,0.022,2.95,0,0,0,0,12.23,2,0.0,,,
1018,1.2920,-0.1102,0.0568,3.006,good,0.000,2.15,0,0,0,0,9.93,3,0.0,,,
1022,1.2920,-0.1182,-0.1084,3.450,good,0.000,1.87,0,0,0,0,3.23,2,0.0,,,
1024,1.2920,-0.1166,-0.0182,3.086,husk,1.000,11.98,1,1,1,0,10.18,2,2.4,29,1017,
1025,1.2920,-0.1170,-0.0353,3.010,good,0.001,3.90,0,0,0,0,12.08,2,0.0,,,
1026,1.2920,-0.1157,0.0845,3.013,good,0.490,2.46,0,0,0,0,11.57,2,0.0,,,
1023,1.2960,-0.1082,0.2070,3.010,good,0.001,5.95,0,0,0,0,9.18,3,0.0,,,
1029,1.2960,-0.1186,0.1775,3.005,good,0.000,1.29,0,0,0,0,12.75,2,0.0,,,
1030,1.2960,-0.1170,0.0164,3.009,good,0.000,3.44,0,0,0,0,12.13,2,0.0,,,
1027,1.3000,-0.1136,0.0392,2.981,good,0.000,7.39,0,0,0,0,11.66,3,0.0,,,
1028,1.3000,-0.1138,0.1302,3.042,good,0.008,3.21,0,0,0,0,10.28,3,0.0,,,
1031,1.3040,-0.1153,0.0393,3.009,good,0.003,2.63,0,0,0,0,11.53,3,0.0,,,
1032,1.3040,-0.1133,-0.1623,3.001,black,1.000,50.71,1,1,1,0,11.09,3,3.2,11,986,986
1033,1.3040,-0.1120,-0.1105,2.997,good,0.004,5.74,0,0,0,0,10.75,3,0.0,,,
1034,1.3040,-0.1110,0.0524,2.960,good,0.000,2.80,0,0,0,0,11.28,3,0.0,,,
1035,1.3040,-0.1098,-0.0259,3.006,broken,0.996,2.76,1,1,1,0,9.78,3,2.4,28,1007,1007
1036,1.3040,-0.1091,-0.1490,2.989,good,0.000,2.59,0,0,0,0,9.96,3,0.0,,,
1037,1.3080,-0.1108,-0.0448,3.025,good,0.065,2.47,0,0,0,0,9.67,3,0.0,,,
1038,1.3080,-0.1115,0.1878,3.000,good,0.000,1.72,0,0,0,0,10.51,3,0.0,,,
1039,1.3080,-0.1083,0.0485,2.995,good,0.000,1.74,0,0,0,0,9.56,3,0.0,,,
1040,1.3080,-0.1086,-0.2362,3.001,insect,0.892,3.81,1,1,1,0,9.53,3,3.1,1,1000,1000
1041,1.3120,-0.1157,0.1331,2.993,good,0.000,2.76,0,0,0,0,12.05,3,0.0,,,
1042,1.3120,-0.1165,-0.1351,2.797,good,0.000,1.60,0,0,0,0,17.42,3,0.0,,,
1043,1.3120,-0.1125,-0.1164,2.999,sour,1.000,15.25,1,1,1,0,10.84,3,3.2,17|16,1004,1004
1044,1.3120,-0.1088,0.1387,2.929,good,0.000,2.95,0,0,0,0,11.27,3,0.0,,,
1045,1.3160,-0.1117,0.1965,2.988,good,0.000,2.85,0,0,0,0,10.86,3,0.0,,,
1047,1.3160,-0.1154,0.0788,3.005,good,0.000,2.46,0,0,0,0,11.70,2,0.0,,,
1046,1.3200,-0.1087,0.0546,3.204,broken,0.830,2.10,1,1,1,0,5.13,3,2.4,38|39,1031,
1048,1.3240,-0.1105,-0.0730,3.002,good,0.000,3.65,0,0,0,0,10.12,3,0.0,,,
1049,1.3240,-0.1096,0.1913,3.000,good,0.029,3.87,0,0,0,0,9.85,3,0.0,,,
1051,1.3240,-0.1177,-0.1539,3.004,good,0.000,2.90,0,0,0,0,12.49,2,0.0,,,
1052,1.3240,-0.1189,0.0361,2.997,faded,0.974,3.44,1,1,1,0,13.06,2,3.2,36,1023,1023
1053,1.3240,-0.1174,0.2034,3.005,good,0.002,12.01,0,0,0,0,12.34,2,0.0,,,
1050,1.3280,-0.1094,-0.2013,3.004,good,0.000,2.55,0,0,0,0,9.72,3,0.0,,,
1054,1.3280,-0.1162,-0.1326,3.004,faded,1.000,6.58,1,1,1,0,11.96,2,3.2,15|14,1029,1029
1055,1.3280,-0.1154,0.1337,2.993,black,1.000,51.50,1,1,1,0,11.98,2,3.2,49|48,1016,1016
1056,1.3360,-0.1140,0.2401,3.001,good,0.001,2.95,0,0,0,0,11.30,3,0.0,,,
1057,1.3360,-0.1135,-0.1337,3.004,good,0.004,2.99,0,0,0,0,11.09,3,0.0,,,
1063,1.3360,-0.1198,0.1918,2.990,good,0.010,2.96,0,0,0,0,13.51,2,0.0,,,
1058,1.3400,-0.1146,-0.0063,3.002,black,1.000,44.09,1,1,1,0,11.50,3,3.2,31|30,1032,1032
1059,1.3400,-0.1149,0.1241,2.996,sour,1.000,20.02,1,1,1,0,11.72,3,3.2,47|48,1040,
1060,1.3400,-0.1124,-0.0322,3.039,sour,0.998,8.44,1,1,1,0,9.90,3,3.2,27|28,1042,
1061,1.3400,-0.1113,-0.1078,2.886,good,0.015,2.86,0,0,0,0,13.21,3,0.0,,,
1062,1.3400,-0.1084,-0.1252,2.994,good,0.113,1.78,0,0,0,0,9.60,3,0.0,,,
1064,1.3440,-0.1202,-0.2205,3.261,good,0.003,4.23,0,0,0,0,3.54,2,0.0,,,
1069,1.3440,-0.1182,-0.2135,2.958,good,0.000,2.17,0,0,0,0,13.78,2,0.0,,,
1070,1.3440,-0.1181,0.0612,2.973,good,0.047,3.09,0,0,0,0,13.38,2,0.0,,,
1071,1.3440,-0.1165,-0.1339,3.010,good,0.003,2.02,0,0,0,0,11.93,2,0.0,,,
1077,1.3440,-0.1072,-0.2254,3.000,good,0.000,4.44,0,0,0,0,9.06,1,0.0,,,
1065,1.3480,-0.1156,0.2293,2.996,good,0.006,5.08,0,0,0,0,11.95,3,0.0,,,
1066,1.3480,-0.1107,-0.1550,3.004,good,0.002,2.39,0,0,0,0,10.13,3,0.0,,,
1067,1.3480,-0.1086,-0.0983,2.991,good,0.038,4.17,0,0,0,0,9.72,3,0.0,,,
1068,1.3480,-0.1095,0.1026,3.045,faded,1.000,6.52,1,1,1,0,8.79,3,3.2,45|44,1054,1054
1076,1.3480,-0.1176,0.1963,3.250,good,0.001,2.74,0,0,0,0,6.95,2,0.0,,,
1072,1.3520,-0.1153,0.0908,2.999,good,0.000,1.86,0,0,0,0,11.78,3,0.0,,,
1073,1.3520,-0.1134,-0.1138,3.005,good,0.001,8.13,0,0,0,0,11.02,3,0.0,,,
1074,1.3520,-0.1117,0.0517,2.995,good,0.005,2.18,0,0,0,0,10.67,3,0.0,,,
1075,1.3520,-0.1098,0.0783,3.003,good,0.005,3.20,0,0,0,0,9.87,3,0.0,,,
1078,1.3560,-0.1149,-0.2057,3.026,broken,0.998,13.13,1,1,1,0,11.02,3,2.4,5,1065,
1079,1.3560,-0.1124,0.0463,3.000,good,0.000,2.46,0,0,0,0,10.81,3,0.0,,,
1080,1.3560,-0.1085,0.2097,3.010,good,0.000,1.69,0,0,0,0,9.28,3,0.0,,,
1081,1.3560,-0.1081,0.0710,3.040,good,0.000,3.39,0,0,0,0,8.45,3,0.0,,,
1085,1.3560,-0.1171,-0.0536,3.175,good,0.017,2.55,0,0,0,0,8.38,2,0.0,,,
1082,1.3600,-0.1156,-0.1973,3.001,good,0.000,3.04,0,0,0,0,11.87,3,0.0,,,
1083,1.3600,-0.1107,-0.0826,3.148,good,0.047,7.58,0,0,0,0,6.93,3,0.0,,,
1084,1.3600,-0.1086,0.1488,3.000,good,0.014,3.98,0,0,0,0,9.53,3,0.0,,,
1086,1.3600,-0.1182,-0.0317,2.994,good,0.003,2.32,0,0,0,0,12.88,2,0.0,,,
1087,1.3600,-0.1180,-0.1367,2.932,good,0.002,2.59,0,0,0,0,14.35,2,0.0,,,
1088,1.3600,-0.1172,0.0341,2.999,good,0.000,8.51,0,0,0,0,12.44,2,0.0,,,
1090,1.3640,-0.1199,-0.0517,3.032,good,0.001,3.88,0,0,0,0,12.54,2,0.0,,,
1091,1.3640,-0.1166,0.1763,3.003,good,0.000,2.57,0,0,0,0,12.15,2,0.0,,,
1089,1.3680,-0.1107,-0.0071,3.021,good,0.000,2.13,0,0,0,0,9.74,3,0.0,,,
1092,1.3720,-0.1144,0.1253,3.004,good,0.001,2.90,0,0,0,0,11.36,3,0.0,,,
1093,1.3720,-0.1088,-0.1788,2.993,good,0.000,1.87,0,0,0,0,9.76,3,0.0,,,
1094,1.3720,-0.1080,0.1347,3.013,good,0.000,3.04,0,0,0,0,9.02,3,0.0,,,
1097,1.3720,-0.1198,-0.1628,3.450,good,0.000,1.92,0,0,0,0,3.71,2,0.0,,,
1098,1.3720,-0.1189,0.0879,2.964,good,0.000,1.80,0,0,0,0,13.87,2,0.0,,,
1099,1.3720,-0.1166,-0.2058,3.002,good,0.000,1.41,0,0,0,0,12.14,2,0.0,,,
1095,1.3760,-0.1151,0.2344,2.972,good,0.004,2.98,0,0,0,0,12.37,3,0.0,,,
1096,1.3760,-0.1124,0.1594,3.010,good,0.000,1.97,0,0,0,0,10.57,3,0.0,,,
1104,1.3760,-0.1194,-0.1502,2.998,good,0.000,2.84,0,0,0,0,13.18,2,0.0,,,
1100,1.3800,-0.1150,0.1932,2.960,good,0.000,1.75,0,0,0,0,12.63,3,0.0,,,
1101,1.3800,-0.1151,-0.0904,2.990,sour,1.000,18.46,1,1,1,0,11.96,3,3.2,20,1089,1089
1102,1.3800,-0.1141,-0.2075,2.989,good,0.001,1.91,0,0,0,0,11.62,3,0.0,,,
1103,1.3800,-0.1103,0.0205,2.989,good,0.000,2.56,0,0,0,0,10.36,3,0.0,,,
1109,1.3800,-0.1184,0.1664,3.000,good,0.001,2.93,0,0,0,0,12.79,2,0.0,,,
1105,1.3840,-0.1150,0.2043,2.997,good,0.006,4.36,0,0,0,0,11.72,3,0.0,,,
1106,1.3840,-0.1375,0.0469,3.000,good,0.000,2.06,0,0,0,0,11.15,1,0.0,,,
1107,1.3840,-0.1121,0.1805,2.813,good,0.003,4.47,0,0,0,0,15.40,3,0.0,,,
1108,1.3840,-0.1327,0.0550,3.000,good,0.000,3.14,0,0,0,0,9.55,1,0.0,,,
1113,1.3840,-0.1104,0.0511,3.068,good,0.003,8.13,0,0,0,0,8.58,2,0.0,,,
1119,1.3840,-0.1088,-0.0124,3.000,stone,0.604,29.59,1,1,1,0,9.61,1,6.8,30,1075,1075
1110,1.3880,-0.1135,0.1401,2.727,black,1.000,52.76,1,1,1,0,18.28,3,3.2,49|50,1079,1079
1111,1.3880,-0.1086,0.0107,3.112,good,0.000,1.98,0,0,0,0,7.04,3,0.0,,,
1112,1.3880,-0.1092,0.1236,2.845,good,0.000,3.26,0,0,0,0,13.54,3,0.0,,,
1117,1.3880,-0.1200,-0.2242,3.011,sour,1.000,12.33,1,1,1,0,13.05,2,3.2,3,1085,1085
1118,1.3880,-0.1188,-0.1903,3.079,good,0.298,3.06,0,0,0,0,11.04,2,0.0,,,
1114,1.3920,-0.1128,0.1786,3.015,good,0.000,3.09,0,0,0,0,10.58,3,0.0,,,
1115,1.3920,-0.1109,0.0388,3.005,sour,1.000,21.05,1,1,1,0,10.19,3,3.2,36|37,1086,
1116,1.3920,-0.1105,0.1897,2.999,good,0.004,6.68,0,0,0,0,10.17,3,0.0,,,
1120,1.3960,-0.1116,-0.2075,2.896,good,0.000,2.89,0,0,0,0,13.06,3,0.0,,,
1121,1.3960,-0.1089,-0.0550,3.004,good,0.001,2.55,0,0,0,0,9.52,3,0.0,,,
1127,1.3960,-0.1171,-0.0389,3.000,good,0.000,3.78,0,0,0,0,12.36,2,0.0,,,
1128,1.3960,-0.1129,-0.1853,3.450,good,0.034,2.09,0,0,0,0,1.72,2,0.0,,,
1122,1.4000,-0.1155,0.2232,2.993,good,0.004,3.23,0,0,0,0,12.00,3,0.0,,,
1123,1.4000,-0.1159,0.1548,3.000,good,0.000,1.57,0,0,0,0,11.97,3,0.0,,,
1124,1.4000,-0.1100,-0.1172,2.995,good,0.001,3.47,0,0,0,0,10.12,3,0.0,,,
1125,1.4000,-0.1081,-0.1942,3.000,good,0.000,1.89,0,0,0,0,9.37,3,0.0,,,
1126,1.4000,-0.1086,0.1223,2.997,sour,1.000,36.14,1,1,1,0,9.61,3,3.2,47,1110,1110
1132,1.4000,-0.1192,-0.0165,2.999,good,0.086,3.08,0,0,0,0,13.08,2,0.0,,,
1133,1.4000,-0.1197,-0.1277,2.999,good,0.000,1.56,0,0,0,0,13.26,2,0.0,,,
1134,1.4000,-0.1198,0.1856,2.946,good,0.000,3.98,0,0,0,0,14.60,2,0.0,,,
1129,1.4040,-0.1140,-0.0650,2.998,good,0.001,1.92,0,0,0,0,11.39,3,0.0,,,
1130,1.4040,-0.1123,-0.0973,2.982,good,0.000,2.49,0,0,0,0,11.18,3,0.0,,,
1131,1.4040,-0.1114,0.1323,2.999,good,0.004,5.37,0,0,0,0,10.48,3,0.0,,,
1135,1.4040,-0.1194,-0.1811,3.003,good,0.000,2.67,0,0,0,0,13.06,2,0.0,,,
1138,1.4080,-0.1199,-0.0072,2.985,good,0.042,3.72,0,0,0,0,13.70,2,0.0,,,
1136,1.4120,-0.1157,-0.1386,3.001,good,0.000,2.22,0,0,0,0,11.86,3,0.0,,,
1137,1.4120,-0.1111,-0.2300,3.270,good,0.000,2.56,0,0,0,0,4.55,3,0.0,,,
1145,1.4120,-0.1182,0.0167,2.993,good,0.000,2.16,0,0,0,0,12.90,2,0.0,,,
1139,1.4160,-0.1147,0.2169,3.004,good,0.000,3.19,0,0,0,0,11.49,3,0.0,,,
1140,1.4160,-0.1110,0.1731,3.237,good,0.000,3.56,0,0,0,0,5.19,3,0.0,,,
1141,1.4160,-0.1092,0.1051,2.996,good,0.000,2.71,0,0,0,0,9.81,3,0.0,,,
1142,1.4160,-0.1090,-0.2007,2.964,black,1.000,46.44,1,1,1,0,10.50,3,3.2,6,1094,1094
1143,1.4160,-0.1088,-0.0526,2.955,good,0.000,2.83,0,0,0,0,10.66,3,0.0,,,
1144,1.4160,-0.1206,0.0371,2.845,good,0.009,2.14,0,0,0,0,13.55,2,0.0,,,
1146,1.4160,-0.1189,0.1967,3.003,faded,0.769,6.42,1,1,1,0,12.88,2,3.2,57|56,1103|1130,
1147,1.4160,-0.1178,0.0434,2.999,good,0.002,1.73,0,0,0,0,12.62,2,0.0,,,
1150,1.4160,-0.1092,0.0337,3.000,good,0.006,1.98,0,0,0,0,9.74,1,0.0,,,
1149,1.4200,-0.1174,0.2135,3.135,good,0.335,3.95,0,0,0,0,9.35,2,0.0,,,
1148,1.4240,-0.1113,-0.2186,3.399,good,0.017,3.27,0,0,0,0,2.18,3,0.0,,,
1153,1.4240,-0.1193,-0.2039,3.051,good,0.000,3.06,0,0,0,0,11.89,2,0.0,,,
1154,1.4240,-0.1190,0.0086,3.010,good,0.002,3.52,0,0,0,0,12.75,2,0.0,,,
1155,1.4240,-0.1189,0.0277,2.997,good,0.000,2.36,0,0,0,0,13.06,2,0.0,,,
1156,1.4240,-0.1169,0.2045,3.023,good,0.000,3.06,0,0,0,0,11.74,2,0.0,,,
1151,1.4280,-0.1150,0.0559,2.987,good,0.000,2.31,0,0,0,0,11.96,3,0.0,,,
1152,1.4280,-0.1160,0.0693,2.874,good,0.000,1.77,0,0,0,0,15.17,3,0.0,,,
1157,1.4320,-0.1141,-0.0681,3.000,good,0.002,2.65,0,0,0,0,11.37,3,0.0,,,
1158,1.4320,-0.1146,0.0874,3.000,broken,0.756,3.15,1,1,1,0,11.52,3,2.4,43|42,1121,1121
1162,1.4320,-0.1188,0.1864,3.041,good,0.010,1.78,0,0,0,0,11.96,2,0.0,,,
1159,1.4360,-0.1159,0.1580,3.028,good,0.000,15.17,0,0,0,0,11.29,3,0.0,,,
1160,1.4360,-0.1131,-0.1320,3.057,good,0.000,2.27,0,0,0,0,9.73,3,0.0,,,
1161,1.4360,-0.1144,0.1176,2.748,good,0.000,4.73,0,0,0,0,18.01,3,0.0,,,
1163,1.4400,-0.1150,-0.1670,3.025,good,0.003,1.87,0,0,0,0,11.07,3,0.0,,,
1164,1.4400,-0.1095,0.0179,2.991,good,0.000,1.95,0,0,0,0,10.06,3,0.0,,,
1166,1.4400,-0.1185,0.1778,2.991,good,0.000,7.10,0,0,0,0,13.05,2,0.0,,,
1165,1.4440,-0.1120,0.1106,2.992,good,0.000,2.16,0,0,0,0,10.84,3,0.0,,,
1169,1.4440,-0.1170,-0.2119,3.036,insect,1.000,5.54,1,1,1,0,11.47,2,3.1,4|5,1135,1135
1167,1.4480,-0.1131,0.0050,2.903,good,0.000,2.83,0,0,0,0,13.41,3,0.0,,,
1168,1.4480,-0.1135,-0.0053,2.494,good,0.007,4.79,0,0,0,0,25.61,3,0.0,,,
1174,1.4480,-0.1193,-0.0652,3.102,sour,0.821,16.38,1,1,1,0,10.70,2,3.2,23,1133|1144,1133
1175,1.4480,-0.1185,-0.2249,3.035,good,0.000,1.90,0,0,0,0,11.99,2,0.0,,,
1176,1.4480,-0.1185,0.2024,3.001,good,0.001,2.46,0,0,0,0,12.79,2,0.0,,,
1170,1.4520,-0.1108,-0.0038,3.395,good,0.003,6.32,0,0,0,0,2.09,3,0.0,,,
1171,1.4520,-0.1137,-0.1242,3.008,good,0.001,3.10,0,0,0,0,11.06,3,0.0,,,
1172,1.4520,-0.1135,-0.0453,3.003,good,0.001,2.54,0,0,0,0,11.08,3,0.0,,,
1173,1.4520,-0.1121,0.0752,2.926,good,0.000,1.94,0,0,0,0,12.49,3,0.0,,,
1177,1.4560,-0.1124,-0.0282,3.445,good,0.000,2.29,0,0,0,0,1.64,3,0.0,,,
1178,1.4560,-0.1128,0.1377,3.001,good,0.000,1.89,0,0,0,0,10.93,3,0.0,,,
1182,1.4560,-0.1181,0.1208,3.006,good,0.000,2.88,0,0,0,0,12.57,2,0.0,,,
1179,1.4600,-0.1400,-0.1445,3.000,good,0.006,2.82,0,0,0,0,11.98,1,0.0,,,
1180,1.4600,-0.1149,0.1087,3.010,faded,0.994,3.86,1,1,1,0,11.40,3,3.2,45|46,1147,1147
1181,1.4600,-0.1129,0.2201,2.990,faded,0.983,3.82,1,1,1,0,11.20,3,3.2,60|59,1158,1158
1184,1.4600,-0.1175,0.0134,3.347,good,0.000,1.64,0,0,0,0,4.97,2,0.0,,,
1185,1.4600,-0.1175,-0.1400,3.003,good,0.016,7.58,0,0,0,0,12.44,2,0.0,,,
1186,1.4600,-0.1185,-0.0616,3.036,good,0.001,2.24,0,0,0,0,11.98,2,0.0,,,
1183,1.4640,-0.1119,-0.2303,2.998,good,0.000,2.78,0,0,0,0,10.68,3,0.0,,,
1189,1.4640,-0.1200,0.0497,2.998,good,0.000,3.53,0,0,0,0,13.39,2,0.0,,,
1190,1.4640,-0.1186,0.1515,2.997,good,0.000,2.24,0,0,0,0,12.96,2,0.0,,,
1191,1.4640,-0.1195,0.0697,2.816,good,0.002,3.06,0,0,0,0,17.94,2,0.0,,,
1192,1.4640,-0.1148,-0.1386,3.352,good,0.004,2.89,0,0,0,0,4.07,2,0.0,,,
1187,1.4680,-0.1138,-0.0902,3.222,good,0.002,3.02,0,0,0,0,6.35,3,0.0,,,
1188,1.4680,-0.1110,0.1376,2.997,good,0.000,3.15,0,0,0,0,10.41,3,0.0,,,
1195,1.4680,-0.1190,-0.2000,2.998,good,0.050,4.75,0,0,0,0,13.04,2,0.0,,,
1193,1.4720,-0.1099,0.1929,3.041,good,0.002,3.45,0,0,0,0,9.04,3,0.0,,,
1194,1.4720,-0.1086,-0.0539,2.997,good,0.000,2.91,0,0,0,0,9.61,3,0.0,,,
1196,1.4760,-0.1145,0.0964,3.002,good,0.004,2.75,0,0,0,0,11.45,3,0.0,,,
1197,1.4760,-0.1126,-0.0488,2.996,good,0.000,7.76,0,0,0,0,10.96,3,0.0,,,
1198,1.4760,-0.1082,-0.1194,2.998,good,0.000,2.85,0,0,0,0,9.45,3,0.0,,,
1199,1.4800,-0.1127,0.1495,2.998,good,0.000,2.76,0,0,0,0,10.93,3,0.0,,,
1200,1.4800,-0.1104,-0.2074,2.818,good,0.018,2.73,0,0,0,0,14.68,3,0.0,,,
1201,1.4800,-0.1102,-0.0301,3.001,good,0.003,3.03,0,0,0,0,10.04,3,0.0,,,
1202,1.4840,-0.1157,-0.2080,2.999,good,0.000,2.00,0,0,0,0,11.92,3,0.0,,,
1203,1.4840,-0.1141,0.0088,2.975,good,0.000,2.64,0,0,0,0,11.96,3,0.0,,,
1204,1.4840,-0.1124,-0.1194,2.991,good,0.006,2.54,0,0,0,0,11.01,3,0.0,,,
1205,1.4840,-0.1126,-0.2298,3.002,good,0.000,2.07,0,0,0,0,10.81,3,0.0,,,
1206,1.4840,-0.1081,0.0846,2.988,insect,1.000,5.31,1,1,1,0,9.63,3,3.1,42|43,1184,
1210,1.4840,-0.1179,-0.0962,2.952,good,0.000,3.57,0,0,0,0,13.81,2,0.0,,,
1211,1.4840,-0.1172,-0.0435,2.998,shell,1.000,10.25,1,1,1,0,12.45,2,2.4,26,1197,1197
1207,1.4880,-0.1159,0.1247,2.997,good,0.000,4.54,0,0,0,0,12.05,3,0.0,,,
1208,1.4880,-0.1130,-0.0030,2.997,black,1.000,52.08,1,1,1,0,11.07,3,3.2,31,1174,1174
1209,1.4880,-0.1166,0.1445,2.496,good,0.001,3.09,0,0,0,0,26.79,3,0.0,,,
1212,1.4920,-0.1089,0.2277,2.986,good,0.000,3.46,0,0,0,0,9.96,3,0.0,,,
1213,1.4960,-0.1153,-0.1590,2.995,good,0.002,3.04,0,0,0,0,11.86,3,0.0,,,
1214,1.4960,-0.1146,0.1145,2.999,good,0.001,2.26,0,0,0,0,11.57,3,0.0,,,
1215,1.4960,-0.1154,0.1360,3.004,good,0.000,3.54,0,0,0,0,11.70,3,0.0,,,
1216,1.4960,-0.1091,0.0291,2.996,good,0.000,4.08,0,0,0,0,9.79,3,0.0,,,
1217,1.4960,-0.1084,0.0985,2.999,good,0.147,4.62,0,0,0,0,9.50,3,0.0,,,
1218,1.5000,-0.1148,-0.0110,3.003,good,0.000,2.65,0,0,0,0,11.53,3,0.0,,,
1219,1.5000,-0.1131,0.1259,3.001,good,0.000,2.09,0,0,0,0,11.00,3,0.0,,,
1220,1.5000,-0.1083,0.0200,2.968,sour,1.000,14.97,1,1,1,0,10.18,3,3.2,34,1194,1194
1224,1.5000,-0.1176,0.0743,2.970,good,0.019,6.99,0,0,0,0,13.26,2,0.0,,,
1225,1.5000,-0.1196,-0.1179,2.995,good,0.000,2.32,0,0,0,0,13.31,2,0.0,,,
1226,1.5000,-0.1181,0.0010,2.960,faded,0.980,3.88,1,1,1,0,13.69,2,3.2,32|31,1199,1199
1227,1.5000,-0.1151,-0.0781,2.989,insect,1.000,5.87,1,1,1,0,11.96,2,3.1,22|21,1186,1186
1221,1.5040,-0.1147,0.0228,2.996,good,0.000,1.88,0,0,0,0,11.67,3,0.0,,,
1222,1.5040,-0.1158,0.1522,2.770,good,0.425,2.48,0,0,0,0,17.90,3,0.0,,,
1223,1.5040,-0.1119,-0.1913,3.002,good,0.000,2.56,0,0,0,0,10.58,3,0.0,,,
1228,1.5080,-0.1125,0.0822,3.000,sour,1.000,10.36,1,1,1,0,10.82,3,3.2,42,1198,1198
1229,1.5080,-0.1108,0.1059,3.013,good,0.000,1.99,0,0,0,0,9.97,3,0.0,,,
1230,1.5120,-0.1154,-0.0633,2.990,good,0.000,2.26,0,0,0,0,12.03,3,0.0,,,
1231,1.5120,-0.1059,-0.1457,3.450,good,0.014,5.94,0,0,0,0,-0.33,3,0.0,,,
1232,1.5120,-0.1201,0.1885,3.319,good,0.000,2.95,0,0,0,0,2.31,2,0.0,,,
1236,1.5120,-0.1186,-0.1368,2.991,good,0.012,3.28,0,0,0,0,13.10,2,0.0,,,
1237,1.5120,-0.1195,0.0438,3.001,good,0.000,1.99,0,0,0,0,13.13,2,0.0,,,
1242,1.5120,-0.1068,0.1850,3.000,good,0.001,2.72,0,0,0,0,8.93,1,0.0,,,
1233,1.5160,-0.1126,-0.1222,3.001,good,0.000,3.08,0,0,0,0,10.85,3,0.0,,,
1234,1.5160,-0.1092,-0.0117,2.988,good,0.000,3.57,0,0,0,0,9.99,3,0.0,,,
1235,1.5160,-0.1096,-0.0837,2.990,good,0.007,4.18,0,0,0,0,10.10,3,0.0,,,
1241,1.5160,-0.1172,0.1233,3.023,good,0.000,1.95,0,0,0,0,11.83,2,0.0,,,
1238,1.5200,-0.1132,-0.1394,3.002,good,0.003,2.40,0,0,0,0,11.00,3,0.0,,,
1239,1.5200,-0.1104,0.2055,3.007,good,0.211,8.12,0,0,0,0,9.98,3,0.0,,,
1240,1.5200,-0.1055,-0.1780,3.450,good,0.010,1.67,0,0,0,0,-0.44,3,0.0,,,
1243,1.5200,-0.1183,0.0198,3.003,insect,1.000,3.47,1,1,1,0,12.71,2,3.1,34,1216,1216
1244,1.5200,-0.1181,0.0323,3.003,good,0.000,2.53,0,0,0,0,12.62,2,0.0,,,
1245,1.5200,-0.1154,0.1859,3.272,good,0.000,2.72,0,0,0,0,5.83,2,0.0,,,
1248,1.5240,-0.1127,-0.2054,3.117,stick,1.000,130.52,1,1,1,0,8.23,2,2.4,5,1237,
1249,1.5240,-0.1159,-0.2246,3.000,good,0.003,3.17,0,0,0,0,11.98,2,0.0,,,
1246,1.5280,-0.1104,-0.0352,3.164,good,0.000,3.08,0,0,0,0,6.49,3,0.0,,,
1247,1.5280,-0.1100,0.1310,2.998,good,0.000,3.77,0,0,0,0,10.05,3,0.0,,,
1250,1.5320,-0.1135,0.0089,2.991,insect,1.000,8.51,1,1,1,0,11.37,3,3.1,33|32,1232,1232
1251,1.5320,-0.1122,-0.0384,3.009,good,0.000,2.50,0,0,0,0,10.52,3,0.0,,,
1252,1.5320,-0.1082,-0.1661,3.004,good,0.015,9.23,0,0,0,0,9.29,3,0.0,,,
1253,1.5320,-0.1125,0.0919,3.016,good,0.000,1.71,0,0,0,0,10.46,3,0.0,,,
1256,1.5320,-0.1184,-0.0556,2.999,good,0.000,2.73,0,0,0,0,12.82,2,0.0,,,
1254,1.5360,-0.1166,-0.0840,2.868,good,0.172,3.52,0,0,0,0,15.53,3,0.0,,,
1255,1.5360,-0.1324,0.0504,3.000,husk,1.000,9.09,1,1,1,0,9.47,1,2.4,38,,
1259,1.5360,-0.1181,0.1442,3.002,good,0.000,3.40,0,0,0,0,12.65,2,0.0,,,
1260,1.5360,-0.1171,0.2326,3.009,good,0.073,4.48,0,0,0,0,12.14,2,0.0,,,
1261,1.5360,-0.1169,0.0607,2.990,good,0.000,3.49,0,0,0,0,12.54,2,0.0,,,
1262,1.5360,-0.1149,-0.1845,3.325,good,0.003,3.21,0,0,0,0,4.63,2,0.0,,,
1263,1.5360,-0.1158,-0.1332,3.005,good,0.000,2.32,0,0,0,0,11.82,2,0.0,,,
1264,1.5360,-0.1239,0.0476,3.000,husk,1.000,9.03,1,1,1,0,10.63,1,2.4,38|37,,
1268,1.5360,-0.1154,0.0448,3.000,husk,1.000,8.98,1,1,1,0,11.79,1,2.4,37,1212,
1257,1.5400,-0.1119,0.0330,3.000,good,0.000,2.49,0,0,0,0,10.62,3,0.0,,,
1258,1.5400,-0.1101,-0.1457,2.938,good,0.000,2.42,0,0,0,0,11.53,3,0.0,,,
1267,1.5400,-0.1174,0.1255,2.995,good,0.000,2.47,0,0,0,0,12.61,2,0.0,,,
1270,1.5400,-0.1068,0.0421,3.000,husk,1.000,9.08,1,1,1,0,8.95,1,2.4,37,1212,
1265,1.5440,-0.1139,-0.0158,2.981,good,0.000,2.94,0,0,0,0,11.77,3,0.0,,,
1266,1.5440,-0.1129,-0.2256,2.967,good,0.000,2.33,0,0,0,0,11.75,3,0.0,,,
1269,1.5480,-0.1141,-0.0647,3.121,faded,1.000,4.91,1,1,1,0,8.58,3,3.2,23,1258,
1275,1.5480,-0.1184,-0.0950,3.005,good,0.000,1.94,0,0,0,0,12.67,2,0.0,,,
1276,1.5480,-0.1175,0.0656,2.932,good,0.000,4.14,0,0,0,0,14.16,2,0.0,,,
1277,1.5480,-0.1170,0.0301,2.991,black,1.000,58.43,1,1,1,0,12.54,2,3.2,35|36,1260,1260
1271,1.5520,-0.1143,-0.0712,3.003,faded,0.936,4.10,1,1,1,0,11.35,3,3.2,22|23,1255,1255
1272,1.5520,-0.1135,-0.2209,2.991,good,0.000,2.45,0,0,0,0,11.39,3,0.0,,,
1273,1.5520,-0.1132,0.1944,3.000,good,0.000,7.10,0,0,0,0,11.08,3,0.0,,,
1274,1.5520,-0.1113,0.1755,3.008,good,0.000,3.03,0,0,0,0,10.25,3,0.0,,,
1278,1.5560,-0.1080,-0.1165,3.009,good,0.001,1.95,0,0,0,0,9.12,3,0.0,,,
1282,1.5560,-0.1149,-0.1220,3.221,good,0.000,2.93,0,0,0,0,6.71,2,0.0,,,
1279,1.5600,-0.1159,-0.0076,3.002,good,0.000,2.62,0,0,0,0,11.91,3,0.0,,,
1280,1.5600,-0.1128,-0.0652,2.875,good,0.005,1.50,0,0,0,0,14.01,3,0.0,,,
1281,1.5600,-0.1086,-0.1688,3.051,faded,0.515,3.27,1,1,1,0,8.38,3,3.2,10,1244,
1284,1.5600,-0.1170,-0.1287,3.004,good,0.000,5.88,0,0,0,0,12.25,2,0.0,,,
1285,1.5600,-0.1176,0.0283,3.050,good,0.000,8.53,0,0,0,0,11.33,2,0.0,,,
1286,1.5600,-0.1164,-0.0825,3.022,good,0.000,1.65,0,0,0,0,11.60,2,0.0,,,
1293,1.5600,-0.1020,-0.1254,3.000,good,0.000,3.32,0,0,0,0,7.34,1,0.0,,,
1283,1.5640,-0.1125,0.1720,2.996,good,0.000,2.38,0,0,0,0,10.94,3,0.0,,,
1290,1.5640,-0.1197,0.1667,3.001,good,0.001,2.17,0,0,0,0,13.20,2,0.0,,,
1291,1.5640,-0.1168,0.0129,3.348,husk,1.000,10.92,1,1,1,0,4.75,2,2.4,33,1235,1235
1292,1.5640,-0.1172,-0.0356,3.147,good,0.001,2.69,0,0,0,0,9.01,2,0.0,,,
1287,1.5680,-0.1152,-0.2430,2.998,faded,0.866,5.13,1,1,1,0,11.77,3,3.2,0|1,1281,1281
1288,1.5680,-0.1171,-0.0885,2.632,good,0.003,2.67,0,0,0,0,22.47,3,0.0,,,
1289,1.5680,-0.1116,0.1326,3.006,good,0.000,2.95,0,0,0,0,10.39,3,0.0,,,
1296,1.5680,-0.1181,-0.1987,2.999,good,0.000,2.60,0,0,0,0,12.72,2,0.0,,,
1297,1.5680,-0.1170,0.0222,3.009,good,0.000,2.76,0,0,0,0,12.14,2,0.0,,,
1294,1.5720,-0.1142,-0.1677,3.000,good,0.000,2.79,0,0,0,0,11.41,3,0.0,,,
1295,1.5720,-0.1102,-0.0135,3.000,faded,0.650,3.43,1,1,1,0,10.05,3,3.2,30,1264,1264
1308,1.5720,-0.1066,-0.0848,3.000,good,0.010,2.94,0,0,0,0,8.85,1,0.0,,,
1298,1.5760,-0.1161,-0.1838,2.973,good,0.000,1.69,0,0,0,0,12.70,3,0.0,,,
1299,1.5760,-0.1135,0.1750,3.003,good,0.000,2.76,0,0,0,0,11.08,3,0.0,,,
1300,1.5760,-0.1120,0.1044,3.000,good,0.001,2.61,0,0,0,0,10.66,3,0.0,,,
1301,1.5760,-0.1094,-0.0031,3.100,good,0.005,1.78,0,0,0,0,7.53,3,0.0,,,
1306,1.5760,-0.1171,-0.0818,3.007,good,0.001,2.33,0,0,0,0,12.20,2,0.0,,,
1307,1.5760,-0.1142,0.0785,3.384,good,0.002,1.74,0,0,0,0,3.31,2,0.0,,,
1302,1.5800,-0.1145,-0.0499,3.027,good,0.000,3.51,0,0,0,0,10.86,3,0.0,,,
1303,1.5800,-0.1146,-0.0656,2.925,good,0.000,2.18,0,0,0,0,13.38,3,0.0,,,
1304,1.5800,-0.1110,0.1245,3.001,good,0.000,5.05,0,0,0,0,10.32,3,0.0,,,
1305,1.5800,-0.1122,0.2188,2.512,black,1.000,51.97,1,1,1,0,24.47,3,3.2,60|59,1278,
1309,1.5840,-0.1106,-0.0100,3.000,faded,1.000,5.98,1,1,1,0,10.20,3,3.2,30,1274,1274
1311,1.5840,-0.1185,-0.2003,3.000,good,0.004,3.90,0,0,0,0,12.82,2,0.0,,,
1310,1.5880,-0.1158,-0.1549,2.942,faded,0.999,4.28,1,1,1,0,13.38,3,3.2,12|11,1301,1301
1312,1.5920,-0.1164,0.1114,2.990,good,0.001,1.94,0,0,0,0,12.37,3,0.0,,,
1313,1.5920,-0.1127,-0.2335,2.997,good,0.001,3.35,0,0,0,0,10.96,3,0.0,,,
1314,1.5920,-0.1115,0.1341,2.986,good,0.000,4.08,0,0,0,0,10.83,3,0.0,,,
1315,1.5920,-0.1117,0.1582,3.004,good,0.000,2.14,0,0,0,0,10.49,3,0.0,,,
1316,1.5920,-0.1107,0.0014,3.007,good,0.000,3.16,0,0,0,0,10.06,3,0.0,,,
1318,1.5920,-0.1196,0.2030,2.968,good,0.000,1.86,0,0,0,0,13.99,2,0.0,,,
1317,1.5960,-0.1141,0.1574,2.996,good,0.001,2.73,0,0,0,0,11.45,3,0.0,,,
1322,1.5960,-0.1198,-0.0531,2.991,good,0.000,2.47,0,0,0,0,13.49,2,0.0,,,
1319,1.6000,-0.1103,-0.1849,2.985,good,0.004,3.42,0,0,0,0,10.46,3,0.0,,,
1320,1.6000,-0.1107,-0.0327,3.001,faded,0.988,3.38,1,1,1,0,10.23,3,3.2,27|28,1307,1307
1321,1.6000,-0.1084,-0.1101,3.002,good,0.000,4.81,0,0,0,0,9.43,3,0.0,,,
1326,1.6000,-0.1157,0.1003,2.999,good,0.026,2.88,0,0,0,0,11.91,2,0.0,,,
1323,1.6040,-0.1108,0.0304,2.997,stick,1.000,63.11,1,1,1,0,10.35,3,2.4,35|36,1302,1302
1324,1.6040,-0.1159,0.0693,2.991,faded,0.549,3.95,1,1,1,0,12.19,3,3.2,40|41,1300,1300
1325,1.6040,-0.1112,-0.0406,3.360,good,0.002,3.67,0,0,0,0,2.87,3,0.0,,,
1332,1.6040,-0.1170,0.0513,3.263,faded,0.999,3.96,1,1,1,0,6.51,2,3.2,38,1291,
1327,1.6080,-0.1133,-0.2395,3.011,good,0.001,3.66,0,0,0,0,10.86,3,0.0,,,
1328,1.6080,-0.1117,-0.0415,3.018,good,0.000,2.58,0,0,0,0,10.17,3,0.0,,,
1329,1.6080,-0.1086,-0.0938,3.385,faded,1.000,4.46,1,1,1,0,1.61,3,3.2,19|20,1316,
1330,1.6080,-0.1109,0.1342,3.011,good,0.000,2.43,0,0,0,0,10.04,3,0.0,,,
1331,1.6080,-0.1102,0.2390,3.004,good,0.079,4.00,0,0,0,0,9.98,3,0.0,,,
1336,1.6080,-0.1200,-0.2457,2.986,good,0.041,3.00,0,0,0,0,13.68,2,0.0,,,
1337,1.6080,-0.1152,-0.1234,3.017,good,0.000,4.12,0,0,0,0,11.31,2,0.0,,,
1333,1.6120,-0.1109,-0.0843,2.980,good,0.033,3.43,0,0,0,0,10.76,3,0.0,,,
1334,1.6120,-0.1098,0.0057,2.986,good,0.002,2.55,0,0,0,0,10.26,3,0.0,,,
1335,1.6120,-0.1105,0.0907,2.965,good,0.000,2.94,0,0,0,0,10.98,3,0.0,,,
1341,1.6160,-0.1182,0.1359,3.006,good,0.000,2.15,0,0,0,0,12.57,2,0.0,,,
1342,1.6160,-0.1175,-0.1438,3.005,good,0.002,3.56,0,0,0,0,12.37,2,0.0,,,
1338,1.6200,-0.1269,-0.0643,3.040,good,0.001,2.65,0,0,0,0,10.62,2,0.0,,,
1339,1.6200,-0.1108,-0.1934,3.000,good,0.004,3.77,0,0,0,0,10.26,3,0.0,,,
1340,1.6200,-0.1102,0.2071,2.997,good,0.000,3.21,0,0,0,0,10.12,3,0.0,,,
1346,1.6200,-0.1164,-0.1475,3.005,faded,0.756,3.41,1,1,1,0,12.00,2,3.2,13|12,1312,1312
1351,1.6200,-0.1147,-0.0612,3.000,good,0.001,2.64,0,0,0,0,11.57,1,0.0,,,
1343,1.6240,-0.1178,-0.0303,2.685,good,0.001,3.17,0,0,0,0,21.10,3,0.0,,,
1344,1.6240,-0.1121,-0.1564,3.279,good,0.002,2.97,0,0,0,0,4.69,3,0.0,,,
1345,1.6240,-0.1086,-0.0740,2.919,good,0.001,2.25,0,0,0,0,11.45,3,0.0,,,
1350,1.6240,-0.1198,0.0502,3.007,sour,1.000,21.86,1,1,1,0,13.08,2,3.2,38,1311,1311
1357,1.6240,-0.1119,-0.1014,3.000,good,0.000,2.50,0,0,0,0,10.64,1,0.0,,,
1347,1.6280,-0.1137,0.1020,2.991,sour,1.000,12.92,1,1,1,0,11.45,3,3.2,45|44,1341,1341
1348,1.6280,-0.1097,-0.1440,3.011,good,0.295,5.18,0,0,0,0,9.65,3,0.0,,,
1349,1.6280,-0.1083,-0.1010,2.502,black,0.676,47.65,1,1,1,0,23.24,3,3.2,19|18,1330,
1354,1.6280,-0.1173,0.1645,3.010,good,0.009,5.62,0,0,0,0,12.19,2,0.0,,,
1355,1.6280,-0.1196,-0.2251,2.819,good,0.001,1.38,0,0,0,0,17.89,2,0.0,,,
1356,1.6280,-0.1181,0.2048,3.017,good,0.000,2.44,0,0,0,0,12.29,2,0.0,,,
1352,1.6320,-0.1140,-0.0462,3.011,good,0.006,3.38,0,0,0,0,11.06,3,0.0,,,
1353,1.6320,-0.1103,0.0080,2.999,good,0.001,3.03,0,0,0,0,10.12,3,0.0,,,
1361,1.6320,-0.1176,-0.2011,2.919,good,0.016,2.21,0,0,0,0,14.54,2,0.0,,,
1369,1.6320,-0.1083,-0.2284,3.000,good,0.001,1.62,0,0,0,0,9.43,1,0.0,,,
1358,1.6360,-0.1357,0.1305,3.000,good,0.001,2.72,0,0,0,0,10.55,1,0.0,,,
1359,1.6360,-0.1107,0.0503,2.992,good,0.005,4.96,0,0,0,0,10.44,3,0.0,,,
1360,1.6360,-0.1341,0.1388,3.000,good,0.000,2.29,0,0,0,0,10.04,1,0.0,,,
1367,1.6360,-0.1195,0.1697,3.020,good,0.000,3.41,0,0,0,0,12.69,2,0.0,,,
1368,1.6360,-0.1113,0.1353,2.953,good,0.006,6.18,0,0,0,0,11.54,2,0.0,,,
1362,1.6400,-0.1154,-0.1281,3.054,good,0.000,2.08,0,0,0,0,10.55,3,0.0,,,
1363,1.6400,-0.1152,0.1663,2.978,good,0.028,3.54,0,0,0,0,12.28,3,0.0,,,
1364,1.6400,-0.1139,-0.1096,3.000,good,0.001,1.92,0,0,0,0,11.29,3,0.0,,,
1365,1.6400,-0.1105,-0.1822,2.974,good,0.001,2.97,0,0,0,0,10.77,3,0.0,,,
1366,1.6400,-0.1084,0.1416,3.194,good,0.000,2.07,0,0,0,0,5.25,3,0.0,,,
1370,1.6400,-0.1187,0.1951,3.000,good,0.000,2.33,0,0,0,0,12.90,2,0.0,,,
1373,1.6440,-0.1189,-0.0586,3.013,good,0.000,2.85,0,0,0,0,12.65,2,0.0,,,
1374,1.6440,-0.1190,-0.0769,2.973,good,0.002,2.92,0,0,0,0,13.68,2,0.0,,,
1376,1.6440,-0.1067,0.1981,3.000,good,0.000,2.09,0,0,0,0,8.91,1,0.0,,,
1371,1.6480,-0.1116,-0.2212,3.194,good,0.000,2.90,0,0,0,0,6.26,3,0.0,,,
1372,1.6480,-0.1104,-0.1205,2.997,good,0.000,3.14,0,0,0,0,10.20,3,0.0,,,
1375,1.6520,-0.1147,0.0001,3.041,good,0.001,1.98,0,0,0,0,10.62,3,0.0,,,
1379,1.6520,-0.1187,-0.1931,3.119,good,0.007,2.65,0,0,0,0,10.13,2,0.0,,,
1380,1.6520,-0.1181,-0.1278,3.024,good,0.000,2.25,0,0,0,0,12.13,2,0.0,,,
1377,1.6560,-0.1126,-0.1788,3.124,good,0.043,3.32,0,0,0,0,8.06,3,0.0,,,
1378,1.6560,-0.1107,-0.0843,2.989,good,0.003,2.84,0,0,0,0,10.49,3,0.0,,,
1382,1.6560,-0.1163,-0.0054,3.005,good,0.002,2.28,0,0,0,0,11.97,2,0.0,,,
1381,1.6600,-0.1140,-0.1450,3.010,good,0.000,2.45,0,0,0,0,11.12,3,0.0,,,
1388,1.6600,-0.1184,-0.0661,2.965,good,0.000,2.50,0,0,0,0,13.65,2,0.0,,,
1383,1.6640,-0.1148,-0.0584,2.925,good,0.395,2.93,0,0,0,0,13.42,3,0.0,,,
1384,1.6640,-0.1126,-0.1251,3.006,good,0.000,2.68,0,0,0,0,10.71,3,0.0,,,
1385,1.6640,-0.1220,0.0354,3.450,good,0.031,2.82,0,0,0,0,0.34,2,0.0,,,
1386,1.6640,-0.1120,-0.1158,3.003,good,0.000,2.90,0,0,0,0,10.60,3,0.0,,,
1387,1.6640,-0.1113,0.1283,2.999,good,0.018,2.05,0,0,0,0,10.45,3,0.0,,,
1392,1.6640,-0.1194,0.0423,3.259,good,0.000,1.94,0,0,0,0,7.31,2,0.0,,,
1393,1.6640,-0.1279,0.0262,3.000,good,0.000,2.49,0,0,0,0,11.98,1,0.0,,,
1398,1.6640,-0.1110,0.0292,3.000,good,0.142,7.74,0,0,0,0,10.34,1,0.0,,,
1389,1.6680,-0.1119,0.2050,3.009,good,0.303,2.83,0,0,0,0,10.43,3,0.0,,,
1390,1.6680,-0.1084,-0.1683,3.043,good,0.028,8.67,0,0,0,0,8.51,3,0.0,,,
1391,1.6680,-0.1092,-0.1493,2.844,good,0.000,4.07,0,0,0,0,13.57,3,0.0,,,
1397,1.6680,-0.1188,-0.0766,2.720,good,0.000,2.54,0,0,0,0,20.43,2,0.0,,,
1394,1.6720,-0.1164,-0.0941,2.817,good,0.000,2.20,0,0,0,0,16.84,3,0.0,,,
1395,1.6720,-0.1121,-0.2022,2.999,good,0.005,2.82,0,0,0,0,10.74,3,0.0,,,
1396,1.6720,-0.1116,0.0626,3.009,good,0.000,2.62,0,0,0,0,10.33,3,0.0,,,
1399,1.6760,-0.1157,-0.1199,2.845,good,0.002,1.84,0,0,0,0,15.84,3,0.0,,,
1400,1.6760,-0.1092,-0.0210,3.003,good,0.000,4.69,0,0,0,0,9.67,3,0.0,,,
1401,1.6760,-0.1077,0.0253,3.297,good,0.001,3.15,0,0,0,0,3.01,3,0.0,,,
1405,1.6760,-0.1148,0.2038,3.060,good,0.000,2.72,0,0,0,0,10.17,2,0.0,,,
1402,1.6800,-0.1131,-0.0778,3.005,good,0.000,2.59,0,0,0,0,10.91,3,0.0,,,
1403,1.6800,-0.1111,-0.0359,2.999,good,0.000,2.02,0,0,0,0,10.39,3,0.0,,,
1404,1.6800,-0.1108,0.2340,3.015,good,0.018,3.56,0,0,0,0,9.90,3,0.0,,,
1409,1.6800,-0.1183,-0.0245,3.002,good,0.000,3.85,0,0,0,0,12.74,2,0.0,,,
1406,1.6840,-0.1108,-0.0393,3.010,good,0.000,2.80,0,0,0,0,10.02,3,0.0,,,
1407,1.6840,-0.1078,-0.1760,3.149,good,0.001,3.18,0,0,0,0,6.01,3,0.0,,,
1408,1.6840,-0.1088,0.0247,3.017,good,0.000,2.31,0,0,0,0,9.21,3,0.0,,,
1412,1.6840,-0.1174,-0.0163,2.971,good,0.000,2.95,0,0,0,0,13.18,2,0.0,,,
1410,1.6880,-0.1119,0.2270,2.977,good,0.000,1.37,0,0,0,0,11.16,3,0.0,,,
1411,1.6880,-0.1103,0.1461,3.004,good,0.000,2.18,0,0,0,0,10.01,3,0.0,,,
1416,1.6880,-0.1180,0.0206,3.411,faded,0.996,3.87,1,1,1,0,3.92,2,3.2,34,1396,
1417,1.6880,-0.1165,0.1762,3.040,faded,0.924,4.37,1,1,1,0,11.24,2,3.2,54,1398,1398
1413,1.6920,-0.1132,0.1613,3.182,good,0.003,5.26,0,0,0,0,7.00,3,0.0,,,
1414,1.6920,-0.1136,0.1315,2.974,good,0.000,1.96,0,0,0,0,11.80,3,0.0,,,
1415,1.6920,-0.1136,-0.1562,3.014,good,0.000,2.35,0,0,0,0,10.87,3,0.0,,,
1422,1.6920,-0.1195,0.1082,2.991,good,0.000,2.73,0,0,0,0,13.37,2,0.0,,,
1418,1.6960,-0.1095,-0.2330,3.258,good,0.000,1.55,0,0,0,0,4.30,3,0.0,,,
1419,1.6960,-0.1105,0.1803,2.992,good,0.000,4.59,0,0,0,0,10.34,3,0.0,,,
1420,1.6960,-0.1090,0.0375,3.000,good,0.000,3.84,0,0,0,0,9.67,3,0.0,,,
1421,1.6960,-0.1087,0.0948,3.002,broken,0.995,2.72,1,1,1,0,9.53,3,2.4,44|43,1380,1380
1424,1.6960,-0.1192,-0.0552,2.972,good,0.000,3.79,0,0,0,0,13.75,2,0.0,,,
1425,1.6960,-0.1189,0.1003,3.005,good,0.000,2.05,0,0,0,0,12.85,2,0.0,,,
1423,1.7000,-0.1144,0.2285,3.000,good,0.125,5.28,0,0,0,0,11.45,3,0.0,,,
1430,1.7000,-0.1191,-0.1118,3.043,good,0.005,2.15,0,0,0,0,12.02,2,0.0,,,
1431,1.7000,-0.1196,-0.0978,2.875,good,0.000,2.24,0,0,0,0,16.39,2,0.0,,,
1426,1.7040,-0.1108,-0.0839,3.071,good,0.000,2.59,0,0,0,0,8.66,3,0.0,,,
1427,1.7040,-0.1107,0.1427,3.005,good,0.002,2.17,0,0,0,0,10.09,3,0.0,,,
1428,1.7040,-0.1083,-0.1242,3.130,good,0.000,2.50,0,0,0,0,6.56,3,0.0,,,
1429,1.7040,-0.1095,0.0010,3.059,good,0.000,3.84,0,0,0,0,8.48,3,0.0,,,
1432,1.7080,-0.1127,0.0381,3.129,good,0.140,3.29,0,0,0,0,7.98,3,0.0,,,
1433,1.7120,-0.1149,-0.0008,3.008,good,0.001,1.96,0,0,0,0,11.44,3,0.0,,,
1434,1.7120,-0.1139,-0.1664,2.996,good,0.001,2.20,0,0,0,0,11.39,3,0.0,,,
1435,1.7120,-0.1116,0.0865,3.172,good,0.000,2.90,0,0,0,0,6.70,3,0.0,,,
1436,1.7120,-0.1124,0.2386,2.995,good,0.002,3.02,0,0,0,0,10.91,3,0.0,,,
1438,1.7120,-0.1190,0.0746,2.997,good,0.000,2.64,0,0,0,0,13.07,2,0.0,,,
1439,1.7120,-0.1165,-0.1334,3.003,good,0.000,2.56,0,0,0,0,12.08,2,0.0,,,
1437,1.7160,-0.1088,0.1858,3.006,good,0.000,2.52,0,0,0,0,9.48,3,0.0,,,
1443,1.7160,-0.1195,-0.2283,2.645,good,0.022,10.47,0,0,0,0,22.99,2,0.0,,,
1440,1.7200,-0.1113,-0.1528,3.007,good,0.000,2.39,0,0,0,0,10.27,3,0.0,,,
1441,1.7200,-0.1108,0.1526,3.002,good,0.000,2.21,0,0,0,0,10.21,3,0.0,,,
1442,1.7200,-0.1088,0.1865,3.004,good,0.002,2.37,0,0,0,0,9.51,3,0.0,,,
1444,1.7200,-0.1116,-0.0530,2.762,good,0.001,2.50,0,0,0,0,16.63,3,0.0,,,
1449,1.7200,-0.1084,-0.2352,3.000,stone,1.000,9.42,1,1,1,0,9.48,1,9.1,1|2|0,1407,
1450,1.7200,-0.1095,-0.2234,3.000,good,0.000,2.80,0,0,0,0,9.84,1,0.0,,,
1445,1.7240,-0.1140,0.1278,2.997,good,0.024,2.93,0,0,0,0,11.39,3,0.0,,,
1446,1.7240,-0.1120,0.1654,2.996,good,0.000,2.13,0,0,0,0,10.79,3,0.0,,,
1447,1.7280,-0.1160,0.0338,2.989,good,0.002,13.90,0,0,0,0,12.26,3,0.0,,,
1448,1.7280,-0.1095,-0.1026,3.004,good,0.000,2.38,0,0,0,0,9.73,3,0.0,,,
1453,1.7280,-0.1179,-0.2000,3.005,good,0.000,2.26,0,0,0,0,12.52,2,0.0,,,
1451,1.7320,-0.1248,0.1281,2.854,good,0.000,2.47,0,0,0,0,14.77,2,0.0,,,
1452,1.7320,-0.1085,-0.1442,3.004,good,0.002,2.86,0,0,0,0,9.40,3,0.0,,,
1455,1.7320,-0.1174,-0.0235,3.004,good,0.000,2.49,0,0,0,0,12.36,2,0.0,,,
1466,1.7320,-0.1134,0.1312,3.000,good,0.000,2.45,0,0,0,0,11.13,1,0.0,,,
1454,1.7360,-0.1089,-0.0539,2.963,good,0.000,2.38,0,0,0,0,10.49,3,0.0,,,
1463,1.7360,-0.1176,-0.1505,3.074,good,0.000,2.21,0,0,0,0,10.77,2,0.0,,,
1464,1.7360,-0.1173,-0.1066,3.026,good,0.000,2.53,0,0,0,0,11.82,2,0.0,,,
1465,1.7360,-0.1172,-0.1369,2.962,good,0.000,2.31,0,0,0,0,13.30,2,0.0,,,
1456,1.7400,-0.1158,0.0893,2.999,good,0.000,2.94,0,0,0,0,11.94,3,0.0,,,
1457,1.7400,-0.1156,0.0129,2.985,good,0.046,5.03,0,0,0,0,12.24,3,0.0,,,
1458,1.7400,-0.1129,-0.0049,3.135,good,0.000,2.17,0,0,0,0,7.94,3,0.0,,,
1459,1.7400,-0.1117,-0.0944,3.262,good,0.297,2.81,0,0,0,0,4.89,3,0.0,,,
1460,1.7400,-0.1116,-0.2318,3.027,good,0.000,1.62,0,0,0,0,9.91,3,0.0,,,
1461,1.7400,-0.1085,0.1830,2.955,good,0.061,9.42,0,0,0,0,10.56,3,0.0,,,
1462,1.7400,-0.1357,0.0439,3.000,husk,1.000,52.84,1,1,1,0,10.58,1,2.4,37,,
1470,1.7400,-0.1169,-0.1459,2.999,good,0.001,2.01,0,0,0,0,12.33,2,0.0,,,
1471,1.7400,-0.1235,0.0513,3.000,husk,1.000,46.79,1,1,1,0,10.50,1,2.4,38,,
1475,1.7400,-0.1112,0.0587,3.000,husk,1.000,45.47,1,1,1,0,10.42,1,2.4,39,1429,
1467,1.7440,-0.1146,0.0592,3.020,sour,1.000,26.18,1,1,1,0,11.06,3,3.2,39,1450,1450
1468,1.7440,-0.1278,-0.1144,2.566,good,0.006,5.27,0,0,0,0,24.78,2,0.0,,,
1469,1.7440,-0.1117,-0.0062,2.993,good,0.000,1.92,0,0,0,0,10.75,3,0.0,,,
1474,1.7440,-0.1179,0.2214,2.982,good,0.000,3.24,0,0,0,0,13.06,2,0.0,,,
1478,1.7440,-0.1175,-0.1101,3.000,good,0.012,5.25,0,0,0,0,12.51,1,0.0,,,
1472,1.7480,-0.1097,0.1024,3.317,shell,1.000,10.88,1,1,1,0,3.21,3,2.4,45|44,1452,
1473,1.7480,-0.1103,-0.0600,2.929,insect,1.000,3.68,1,1,1,0,11.80,3,3.1,24,1448,
1477,1.7480,-0.1169,0.0102,2.995,insect,1.000,3.51,1,1,1,0,12.41,2,3.1,33,1431,1431
1476,1.7520,-0.1109,0.0262,3.008,good,0.000,2.95,0,0,0,0,10.14,3,0.0,,,
1482,1.7520,-0.1162,-0.0504,2.978,good,0.013,2.83,0,0,0,0,12.61,2,0.0,,,
1483,1.7520,-0.1167,0.2173,3.015,good,0.044,2.82,0,0,0,0,11.88,2,0.0,,,
1484,1.7520,-0.1135,0.2019,3.437,good,0.025,4.83,0,0,0,0,2.14,2,0.0,,,
1479,1.7560,-0.1133,0.0772,3.265,good,0.000,3.96,0,0,0,0,5.34,3,0.0,,,
1480,1.7560,-0.1142,-0.1236,2.836,good,0.011,3.09,0,0,0,0,15.52,3,0.0,,,
1481,1.7560,-0.1107,-0.0128,2.992,broken,0.975,2.83,1,1,1,0,10.43,3,2.4,30,1439,1439
1486,1.7560,-0.1172,-0.1546,3.065,good,0.000,4.88,0,0,0,0,10.85,2,0.0,,,
1487,1.7560,-0.1173,-0.2446,3.030,broken,0.916,3.88,1,1,1,0,11.70,2,2.4,0,1446,1446
1491,1.7560,-0.0998,0.1990,3.000,good,0.004,4.73,0,0,0,0,6.59,1,0.0,,,
1485,1.7600,-0.1092,0.0389,2.995,sour,1.000,24.98,1,1,1,0,9.86,3,3.2,36|37,1472,1472
1490,1.7600,-0.1177,-0.2341,2.970,good,0.000,2.76,0,0,0,0,13.29,2,0.0,,,
1488,1.7640,-0.1112,-0.0555,3.133,good,0.000,2.30,0,0,0,0,7.42,3,0.0,,,
1489,1.7640,-0.1099,-0.2076,2.963,good,0.004,3.78,0,0,0,0,10.86,3,0.0,,,
1495,1.7640,-0.1198,0.1784,3.012,black,1.000,50.92,1,1,1,0,12.99,2,3.2,54|55,1482,1482
1496,1.7640,-0.1178,-0.0085,3.010,good,0.183,3.05,0,0,0,0,12.34,2,0.0,,,
1492,1.7680,-0.1143,0.0982,3.009,good,0.000,2.25,0,0,0,0,11.21,3,0.0,,,
1493,1.7680,-0.1135,-0.2286,3.009,good,0.001,2.65,0,0,0,0,10.97,3,0.0,,,
1494,1.7680,-0.1093,-0.0837,2.983,good,0.000,1.95,0,0,0,0,10.16,3,0.0,,,
1501,1.7680,-0.1166,0.1788,2.999,good,0.000,2.75,0,0,0,0,12.20,2,0.0,,,
1497,1.7720,-0.1168,-0.2136,2.967,good,0.002,4.16,0,0,0,0,13.05,3,0.0,,,
1498,1.7720,-0.1115,-0.1133,3.345,good,0.258,19.53,1,1,1,0,3.23,3,9.0,17|18|16,1464,1464
1499,1.7720,-0.1096,-0.2017,3.012,good,0.001,4.54,0,0,0,0,9.61,3,0.0,,,
1500,1.7720,-0.1083,0.1631,2.993,good,0.000,2.81,0,0,0,0,9.57,3,0.0,,,
1509,1.7720,-0.1183,-0.1164,3.000,black,1.000,51.35,1,1,1,0,12.75,1,3.2,17|16,1481,1481
1502,1.7760,-0.1150,0.2224,2.998,sour,1.000,14.57,1,1,1,0,11.71,3,3.2,60,1490,1490
1503,1.7760,-0.1101,-0.0812,3.450,good,0.003,2.17,0,0,0,0,0.90,3,0.0,,,
1504,1.7760,-0.1098,0.0784,2.849,good,0.006,3.11,0,0,0,0,13.64,3,0.0,,,
1507,1.7760,-0.1190,-0.1528,2.993,good,0.000,2.90,0,0,0,0,13.17,2,0.0,,,
1508,1.7760,-0.1170,0.0987,2.999,faded,1.000,6.15,1,1,1,0,12.36,2,3.2,44,1470,1470
1505,1.7800,-0.1134,-0.2194,2.999,good,0.009,5.02,0,0,0,0,11.17,3,0.0,,,
1506,1.7800,-0.1126,-0.0432,2.602,good,0.001,3.82,0,0,0,0,21.71,3,0.0,,,
1512,1.7800,-0.1197,-0.0600,2.952,good,0.000,2.42,0,0,0,0,14.42,2,0.0,,,
1513,1.7800,-0.1161,0.1215,3.025,good,0.001,3.53,0,0,0,0,11.42,2,0.0,,,
1510,1.7840,-0.1129,0.1809,3.004,broken,0.934,2.54,1,1,1,0,10.90,3,2.4,55|54,1488,1488
1511,1.7840,-0.1104,-0.1296,2.998,good,0.001,1.87,0,0,0,0,10.16,3,0.0,,,
1518,1.7840,-0.1186,-0.1266,3.009,good,0.000,2.80,0,0,0,0,12.65,2,0.0,,,
1519,1.7840,-0.1189,0.0374,2.990,good,0.000,2.30,0,0,0,0,13.19,2,0.0,,,
1514,1.7880,-0.1149,-0.1733,2.992,good,0.022,7.32,0,0,0,0,11.83,3,0.0,,,
1515,1.7880,-0.1143,0.2000,3.001,good,0.000,3.63,0,0,0,0,11.40,3,0.0,,,
1516,1.7880,-0.1102,0.0860,2.995,good,0.000,2.03,0,0,0,0,10.20,3,0.0,,,
1517,1.7880,-0.1083,-0.0934,2.934,good,0.016,3.01,0,0,0,0,10.98,3,0.0,,,
1522,1.7880,-0.1185,-0.2288,3.002,good,0.001,2.66,0,0,0,0,12.80,2,0.0,,,
1520,1.7920,-0.1127,0.1156,3.106,good,0.000,3.88,0,0,0,0,8.48,3,0.0,,,
1521,1.7920,-0.1140,0.0333,2.931,sour,1.000,19.20,1,1,1,0,13.00,3,3.2,36,1496,
1523,1.7960,-0.1116,0.0188,3.016,good,0.000,3.01,0,0,0,0,10.16,3,0.0,,,
1525,1.7960,-0.1189,0.1204,2.995,good,0.000,1.98,0,0,0,0,13.08,2,0.0,,,
1526,1.7960,-0.1188,-0.0010,2.993,good,0.000,2.57,0,0,0,0,13.08,2,0.0,,,
1524,1.8000,-0.1118,-0.0422,3.000,good,0.001,3.87,0,0,0,0,10.60,3,0.0,,,
1530,1.8000,-0.1198,0.1245,2.999,good,0.039,10.56,0,0,0,0,13.29,2,0.0,,,
1527,1.8040,-0.1103,0.0483,2.969,good,0.000,2.64,0,0,0,0,10.83,3,0.0,,,
1528,1.8040,-0.1103,0.1420,3.078,sour,1.000,14.41,1,1,1,0,8.34,3,3.2,50|49,1517,1517
1529,1.8040,-0.1113,-0.1189,2.668,good,0.002,2.30,0,0,0,0,19.18,3,0.0,,,
1533,1.8040,-0.1174,-0.1655,2.999,good,0.000,2.60,0,0,0,0,12.50,2,0.0,,,
1534,1.8040,-0.1163,-0.1857,2.737,good,0.001,6.57,0,0,0,0,19.02,2,0.0,,,
1535,1.8040,-0.1165,0.0355,3.030,good,0.000,4.04,0,0,0,0,11.44,2,0.0,,,
1531,1.8080,-0.1163,0.1272,2.508,good,0.003,3.29,0,0,0,0,26.25,3,0.0,,,
1532,1.8080,-0.1116,0.1460,2.990,good,0.000,2.10,0,0,0,0,10.75,3,0.0,,,
1536,1.8080,-0.1183,-0.0564,3.096,good,0.000,2.21,0,0,0,0,10.51,2,0.0,,,
1538,1.8080,-0.1102,-0.1870,3.000,good,0.000,1.73,0,0,0,0,10.06,1,0.0,,,
1537,1.8120,-0.1189,0.0744,3.051,good,0.000,2.14,0,0,0,0,11.74,2,0.0,,,
1545,1.8160,-0.1285,0.0541,3.000,good,0.025,19.37,1,1,1,0,12.17,1,9.0,38|39|37,,
1546,1.8160,-0.1118,0.1216,3.022,good,0.001,11.65,0,0,0,0,10.08,2,0.0,,,
1547,1.8160,-0.1155,0.2015,3.020,good,0.002,2.95,0,0,0,0,11.34,2,0.0,,,
1550,1.8160,-0.1199,0.0509,3.000,good,0.001,3.19,0,0,0,0,13.30,1,0.0,,,
1551,1.8160,-0.1128,0.0574,3.000,black,1.000,50.48,1,1,1,0,10.95,1,3.2,39,1519,1519
1539,1.8200,-0.1152,0.1849,3.002,good,0.000,2.56,0,0,0,0,11.68,3,0.0,,,
1540,1.8200,-0.1137,-0.1049,2.998,good,0.000,2.44,0,0,0,0,11.30,3,0.0,,,
1541,1.8200,-0.1126,-0.0331,3.000,good,0.002,3.57,0,0,0,0,10.88,3,0.0,,,
1542,1.8200,-0.1127,-0.0713,3.005,good,0.000,4.17,0,0,0,0,10.76,3,0.0,,,
1543,1.8200,-0.1127,0.0068,2.940,good,0.003,2.98,0,0,0,0,12.36,3,0.0,,,
1544,1.8200,-0.1102,0.1631,3.003,good,0.000,3.62,0,0,0,0,9.97,3,0.0,,,
1548,1.8240,-0.1141,0.2041,3.225,faded,0.999,5.59,1,1,1,0,6.39,3,3.2,58|57,1523,1523
1549,1.8240,-0.1115,0.1475,2.995,good,0.000,2.51,0,0,0,0,10.60,3,0.0,,,
1554,1.8240,-0.1138,0.0976,3.450,faded,0.811,3.41,1,1,1,0,1.97,2,3.2,44,1545,
1552,1.8280,-0.1105,-0.0044,3.009,insect,1.000,5.39,1,1,1,0,9.95,3,3.1,31,1540,1540
1553,1.8280,-0.1112,0.1788,2.482,good,0.002,3.26,0,0,0,0,25.08,3,0.0,,,
1556,1.8280,-0.1191,-0.2177,3.273,good,0.059,6.55,0,0,0,0,6.93,2,0.0,,,
1558,1.8280,-0.1168,0.0743,3.003,good,0.317,4.51,0,0,0,0,12.18,2,0.0,,,
1555,1.8320,-0.1157,0.1001,2.997,good,0.000,2.17,0,0,0,0,12.00,3,0.0,,,
1557,1.8320,-0.1096,-0.1324,2.996,good,0.000,1.74,0,0,0,0,9.96,3,0.0,,,
1561,1.8320,-0.1189,0.1325,2.996,insect,1.000,6.11,1,1,1,0,13.05,2,3.1,48|49,1536,1536
1562,1.8320,-0.1181,0.0729,3.003,black,1.000,55.89,1,1,1,0,12.63,2,3.2,41,1544,1544
1563,1.8320,-0.1176,0.1169,3.263,good,0.008,2.49,0,0,0,0,6.69,2,0.0,,,
1569,1.8320,-0.1028,-0.2207,3.000,good,0.001,3.22,0,0,0,0,7.59,1,0.0,,,
1570,1.8320,-0.1013,0.1824,3.000,good,0.003,3.19,0,0,0,0,7.10,1,0.0,,,
1559,1.8360,-0.1129,-0.0215,2.994,good,0.000,3.47,0,0,0,0,11.12,3,0.0,,,
1560,1.8360,-0.1121,-0.2277,3.005,good,0.000,2.81,0,0,0,0,10.58,3,0.0,,,
1568,1.8360,-0.1185,-0.0480,2.994,good,0.049,4.22,0,0,0,0,12.97,2,0.0,,,
1564,1.8400,-0.1154,-0.0435,3.001,good,0.000,2.79,0,0,0,0,11.77,3,0.0,,,
1565,1.8400,-0.1117,0.2026,3.053,good,0.004,2.00,0,0,0,0,9.33,3,0.0,,,
1566,1.8400,-0.1087,0.0338,3.011,good,0.000,3.30,0,0,0,0,9.32,3,0.0,,,
1567,1.8400,-0.1088,0.0214,2.997,good,0.000,3.53,0,0,0,0,9.66,3,0.0,,,
1572,1.8400,-0.1152,0.1596,3.020,faded,1.000,4.50,1,1,1,0,11.25,2,3.2,52,1528,1528
1571,1.8440,-0.1116,0.1935,3.011,good,0.002,2.99,0,0,0,0,10.27,3,0.0,,,
1576,1.8440,-0.1178,0.2187,3.007,good,0.000,1.93,0,0,0,0,12.45,2,0.0,,,
1573,1.8480,-0.1173,-0.0721,2.658,good,0.000,2.38,0,0,0,0,21.74,3,0.0,,,
1574,1.8480,-0.1101,-0.0431,3.002,good,0.000,3.00,0,0,0,0,10.00,3,0.0,,,
1575,1.8480,-0.1085,-0.0303,3.010,good,0.001,2.68,0,0,0,0,9.28,3,0.0,,,
1577,1.8520,-0.1132,0.1418,3.003,good,0.000,2.39,0,0,0,0,11.00,3,0.0,,,
1578,1.8520,-0.1117,-0.1727,3.021,good,0.000,3.23,0,0,0,0,10.09,3,0.0,,,
1579,1.8520,-0.1138,0.1734,2.932,good,0.000,2.70,0,0,0,0,12.93,3,0.0,,,
1586,1.8520,-0.1185,-0.0573,3.018,good,0.000,2.64,0,0,0,0,12.40,2,0.0,,,
1587,1.8520,-0.1165,0.0133,3.000,good,0.000,1.95,0,0,0,0,12.15,2,0.0,,,
1580,1.8560,-0.1126,-0.0293,3.364,good,0.010,3.29,0,0,0,0,3.20,3,0.0,,,
1581,1.8560,-0.1144,-0.0119,3.003,good,0.052,3.36,0,0,0,0,11.40,3,0.0,,,
1582,1.8560,-0.1109,-0.0944,2.980,good,0.335,6.16,0,0,0,0,10.78,3,0.0,,,
1583,1.8560,-0.1092,0.0989,3.187,good,0.000,2.77,0,0,0,0,5.64,3,0.0,,,
1584,1.8560,-0.1075,-0.1291,3.319,good,0.001,2.97,0,0,0,0,2.52,3,0.0,,,
1585,1.8560,-0.1156,0.2425,2.198,good,0.207,7.19,0,0,0,0,38.11,3,0.0,,,
1589,1.8560,-0.1191,-0.0484,2.993,insect,1.000,5.86,1,1,1,0,13.21,2,3.1,25|26,1538,1538
1588,1.8600,-0.1095,0.1708,3.021,good,0.335,7.23,0,0,0,0,9.35,3,0.0,,,
1590,1.8600,-0.1175,0.0594,2.989,good,0.004,2.04,0,0,0,0,12.75,2,0.0,,,
1591,1.8600,-0.1161,-0.0556,3.000,good,0.007,1.56,0,0,0,0,12.03,2,0.0,,,
1594,1.8600,-0.1068,0.2457,3.000,broken,0.645,7.03,1,1,1,0,8.94,1,2.4,63,1526,
1592,1.8680,-0.1084,-0.1538,2.998,good,0.000,3.18,0,0,0,0,9.52,3,0.0,,,
1593,1.8680,-0.1081,0.1032,3.001,good,0.006,2.37,0,0,0,0,9.34,3,0.0,,,
1596,1.8680,-0.1196,-0.2292,2.985,good,0.000,3.03,0,0,0,0,13.55,2,0.0,,,
1598,1.8680,-0.1168,0.2216,3.004,good,0.000,1.35,0,0,0,0,12.16,2,0.0,,,
1595,1.8720,-0.1103,-0.1371,2.827,good,0.001,1.75,0,0,0,0,14.38,3,0.0,,,
1597,1.8720,-0.1098,-0.1840,2.654,good,0.001,2.06,0,0,0,0,19.05,3,0.0,,,
1601,1.8720,-0.1170,-0.0002,2.866,good,0.023,7.51,0,0,0,0,15.71,2,0.0,,,
1599,1.8760,-0.1137,0.0906,2.998,good,0.000,2.67,0,0,0,0,11.29,3,0.0,,,
1600,1.8760,-0.1123,-0.1551,2.983,good,0.000,2.19,0,0,0,0,11.15,3,0.0,,,
1606,1.8760,-0.1196,0.0273,2.995,good,0.000,3.03,0,0,0,0,13.33,2,0.0,,,
1607,1.8760,-0.1194,-0.2081,3.019,good,0.001,2.33,0,0,0,0,12.68,2,0.0,,,
1608,1.8760,-0.1167,0.0658,3.003,good,0.000,2.30,0,0,0,0,12.15,2,0.0,,,
1609,1.8760,-0.1150,0.1897,3.002,good,0.000,2.53,0,0,0,0,11.62,2,0.0,,,
1613,1.8760,-0.1095,0.0035,3.000,good,0.000,3.48,0,0,0,0,9.82,1,0.0,,,
1602,1.8800,-0.1137,0.1183,3.240,good,0.000,5.90,0,0,0,0,5.95,3,0.0,,,
1603,1.8800,-0.1135,0.1004,3.018,good,0.001,4.43,0,0,0,0,10.75,3,0.0,,,
1604,1.8800,-0.1083,0.1822,3.005,good,0.001,3.34,0,0,0,0,9.31,3,0.0,,,
1605,1.8800,-0.1086,-0.2352,3.001,good,0.103,3.11,0,0,0,0,9.51,3,0.0,,,
1611,1.8800,-0.1157,0.0005,2.986,good,0.001,3.11,0,0,0,0,12.25,2,0.0,,,
1612,1.8800,-0.1271,-0.0321,3.000,black,1.000,50.83,1,1,1,0,11.69,1,3.2,27|28,,
1616,1.8800,-0.1132,-0.0350,3.000,black,1.000,50.68,1,1,1,0,11.06,1,3.2,27,1599,
1610,1.8840,-0.1112,-0.1271,3.003,good,0.000,2.59,0,0,0,0,10.33,3,0.0,,,
1614,1.8880,-0.1148,-0.1885,2.990,good,0.000,3.52,0,0,0,0,11.83,3,0.0,,,
1615,1.8880,-0.1262,-0.1792,2.436,good,0.003,5.12,0,0,0,0,28.87,2,0.0,,,
1617,1.8880,-0.1193,-0.1636,3.003,good,0.007,5.27,0,0,0,0,13.03,2,0.0,,,
1620,1.8880,-0.1188,0.1136,3.008,black,1.000,50.85,1,1,1,0,12.75,2,3.2,46,1584,1584
1621,1.8880,-0.1187,0.1350,3.001,good,0.000,3.49,0,0,0,0,12.90,2,0.0,,,
1622,1.8880,-0.1157,-0.0154,3.020,good,0.001,3.13,0,0,0,0,11.42,2,0.0,,,
1626,1.8880,-0.1164,-0.1758,3.000,good,0.002,7.81,0,0,0,0,12.15,1,0.0,,,
1618,1.8920,-0.1085,-0.0013,3.004,insect,1.000,8.27,1,1,1,0,9.41,3,3.1,31|32,1580,1580
1619,1.8920,-0.1088,0.0281,2.990,good,0.000,2.21,0,0,0,0,9.84,3,0.0,,,
1633,1.8920,-0.1072,-0.1669,3.000,good,0.219,10.06,0,0,0,0,9.05,1,0.0,,,
1623,1.8960,-0.1149,0.1336,2.987,good,0.002,2.69,0,0,0,0,11.93,3,0.0,,,
1624,1.8960,-0.1114,-0.1186,3.000,good,0.000,1.59,0,0,0,0,10.44,3,0.0,,,
1625,1.8960,-0.1103,0.0028,2.945,good,0.002,1.97,0,0,0,0,11.43,3,0.0,,,
1627,1.9000,-0.1159,0.2076,2.999,good,0.000,1.98,0,0,0,0,11.98,3,0.0,,,
1628,1.9000,-0.1159,-0.1899,3.007,sour,1.000,18.86,1,1,1,0,11.80,3,3.2,7,1592,1592
1629,1.9000,-0.1147,-0.1387,3.026,black,1.000,53.34,1,1,1,0,10.95,3,3.2,14,1601,
1630,1.9000,-0.1099,-0.0793,3.450,good,0.344,2.41,0,0,0,0,0.83,3,0.0,,,
1631,1.9000,-0.1120,0.1180,2.999,good,0.001,7.59,0,0,0,0,10.68,3,0.0,,,
1632,1.9000,-0.1107,0.1056,3.092,good,0.000,2.89,0,0,0,0,8.15,3,0.0,,,
1636,1.9000,-0.1197,-0.2094,2.852,good,0.000,4.81,0,0,0,0,17.02,2,0.0,,,
1634,1.9040,-0.1135,-0.2398,3.004,sour,1.000,19.33,1,1,1,0,11.06,3,3.2,1,1604,1604
1635,1.9040,-0.1125,-0.0043,2.876,good,0.000,3.92,0,0,0,0,13.89,3,0.0,,,
1637,1.9080,-0.1111,-0.1595,3.341,good,0.000,3.49,0,0,0,0,3.17,3,0.0,,,
1638,1.9080,-0.1125,0.2007,3.070,good,0.075,2.78,0,0,0,0,9.23,3,0.0,,,
1639,1.9120,-0.1124,-0.0575,3.060,good,0.000,2.37,0,0,0,0,9.42,3,0.0,,,
1640,1.9120,-0.1134,-0.0023,2.844,black,1.000,47.15,1,1,1,0,15.04,3,3.2,31,1613,
1641,1.9120,-0.1085,0.1684,3.039,good,0.005,1.76,0,0,0,0,8.61,3,0.0,,,
1642,1.9160,-0.1151,-0.0750,2.997,good,0.000,3.00,0,0,0,0,11.75,3,0.0,,,
1643,1.9160,-0.1101,0.1116,3.006,good,0.014,4.04,0,0,0,0,9.92,3,0.0,,,
1644,1.9160,-0.1120,0.0233,2.666,good,0.002,5.72,0,0,0,0,19.51,3,0.0,,,
1646,1.9160,-0.1197,-0.0574,3.009,good,0.001,2.10,0,0,0,0,13.02,2,0.0,,,
1649,1.9160,-0.1188,-0.2250,3.014,sour,1.000,17.16,1,1,1,0,12.59,2,3.2,3,1616,1616
1650,1.9160,-0.1182,-0.1800,2.950,good,0.001,3.31,0,0,0,0,13.98,2,0.0,,,
1651,1.9160,-0.1167,0.1385,3.116,good,0.033,3.80,0,0,0,0,9.54,2,0.0,,,
1647,1.9200,-0.1089,0.0670,2.897,good,0.003,2.48,0,0,0,0,12.13,3,0.0,,,
1648,1.9200,-0.1085,0.0965,2.999,good,0.000,7.78,0,0,0,0,9.52,3,0.0,,,
1654,1.9200,-0.1200,-0.1660,3.001,good,0.000,2.12,0,0,0,0,13.30,2,0.0,,,
1655,1.9200,-0.1180,-0.2156,2.980,good,0.000,1.98,0,0,0,0,13.17,2,0.0,,,
1656,1.9200,-0.1147,-0.1123,2.990,good,0.000,3.26,0,0,0,0,11.81,2,0.0,,,
1660,1.9200,-0.1014,0.0202,3.000,good,0.001,4.66,0,0,0,0,7.12,1,0.0,,,
1645,1.9240,-0.1084,-0.0838,2.583,good,0.001,5.83,0,0,0,0,20.71,4,0.0,,,
1652,1.9240,-0.1144,0.0878,2.911,faded,1.000,6.88,1,1,1,0,13.66,3,3.2,43,1608,1608
1653,1.9240,-0.1110,-0.1591,3.000,good,0.001,1.89,0,0,0,0,10.32,3,0.0,,,
1658,1.9240,-0.1177,-0.1140,2.959,good,0.022,2.39,0,0,0,0,13.58,2,0.0,,,
1659,1.9240,-0.1169,-0.0208,2.998,good,0.000,1.98,0,0,0,0,12.35,2,0.0,,,
1657,1.9280,-0.1139,0.1087,2.994,good,0.000,4.41,0,0,0,0,11.45,3,0.0,,,
1661,1.9280,-0.1173,0.2219,3.002,good,0.136,4.76,0,0,0,0,12.38,2,0.0,,,
1664,1.9320,-0.1180,0.0542,3.004,insect,1.000,4.43,1,1,1,0,12.58,2,3.1,38|39,1649,1649
1662,1.9360,-0.1143,0.1749,3.012,good,0.000,2.14,0,0,0,0,11.17,3,0.0,,,
1663,1.9360,-0.1078,0.2244,3.098,good,0.005,4.59,0,0,0,0,7.09,3,0.0,,,
1665,1.9400,-0.1096,-0.1454,3.388,good,0.006,4.56,0,0,0,0,1.86,3,0.0,,,
1666,1.9400,-0.1122,0.0163,3.052,good,0.000,1.99,0,0,0,0,9.51,3,0.0,,,
1667,1.9400,-0.1107,0.1852,2.986,good,0.000,2.09,0,0,0,0,10.56,3,0.0,,,
1668,1.9400,-0.1098,-0.1245,2.991,good,0.001,1.79,0,0,0,0,10.14,3,0.0,,,
1669,1.9400,-0.1114,-0.1142,2.828,good,0.015,2.86,0,0,0,0,14.75,3,0.0,,,
1674,1.9400,-0.1180,-0.0966,3.019,black,1.000,51.21,1,1,1,0,12.22,2,3.2,19,1646,1646
1670,1.9440,-0.1190,-0.0159,2.667,good,0.000,2.63,0,0,0,0,22.12,3,0.0,,,
1671,1.9440,-0.1106,-0.0603,2.802,faded,0.811,4.33,1,1,1,0,15.15,3,3.2,24,1653,
1672,1.9440,-0.1091,0.1227,2.989,good,0.004,3.36,0,0,0,0,9.98,3,0.0,,,
1673,1.9440,-0.1081,0.1880,2.998,good,0.000,2.69,0,0,0,0,9.42,3,0.0,,,
1679,1.9440,-0.1176,0.0393,2.785,good,0.078,2.03,0,0,0,0,18.14,2,0.0,,,
1675,1.9480,-0.1154,-0.0280,2.992,broken,0.920,2.80,1,1,1,0,12.00,3,2.4,28,1643,1643
1676,1.9480,-0.1287,-0.2091,2.655,broken,0.989,8.91,1,1,1,0,22.13,2,2.4,5,,
1677,1.9480,-0.1164,-0.1494,2.456,good,0.004,2.81,0,0,0,0,28.12,3,0.0,,,
1678,1.9480,-0.1069,-0.1763,3.341,insect,1.000,4.74,1,1,1,0,1.92,3,3.1,9,1658,
1680,1.9480,-0.1170,0.0401,3.006,good,0.000,2.96,0,0,0,0,12.20,2,0.0,,,
1687,1.9480,-0.1180,-0.2053,3.000,broken,0.989,10.96,1,1,1,0,12.67,1,2.4,5,1662,
1685,1.9520,-0.1181,-0.1922,3.245,sour,1.000,31.15,1,1,1,0,7.21,2,3.2,7,1669,
1686,1.9520,-0.1185,-0.0500,2.728,black,1.000,52.30,1,1,1,0,20.10,2,3.2,25,1664,
1681,1.9560,-0.1118,-0.1311,2.993,good,0.000,2.96,0,0,0,0,10.75,3,0.0,,,
1682,1.9560,-0.1113,0.0549,3.003,good,0.007,1.76,0,0,0,0,10.36,3,0.0,,,
1683,1.9560,-0.1238,-0.0313,2.792,good,0.012,3.44,0,0,0,0,16.17,2,0.0,,,
1684,1.9560,-0.1082,0.1251,2.996,good,0.000,3.40,0,0,0,0,9.48,3,0.0,,,
1689,1.9560,-0.1193,0.1867,2.918,good,0.005,2.20,0,0,0,0,15.16,2,0.0,,,
1692,1.9560,-0.1126,-0.0353,3.000,good,0.002,3.30,0,0,0,0,10.88,1,0.0,,,
1688,1.9600,-0.1090,0.0176,3.000,good,0.003,3.35,0,0,0,0,9.65,3,0.0,,,
1691,1.9600,-0.1132,0.2247,3.444,good,0.023,2.89,0,0,0,0,1.91,2,0.0,,,
1690,1.9640,-0.1115,-0.1287,2.695,sour,1.000,18.39,1,1,1,0,18.50,3,3.2,15,1661,
1695,1.9640,-0.1181,-0.1998,2.963,faded,1.000,4.51,1,1,1,0,13.61,2,3.2,6,1652,1652
1696,1.9640,-0.1159,0.1796,3.001,good,0.000,3.09,0,0,0,0,11.94,2,0.0,,,
1693,1.9680,-0.1114,0.1846,3.450,good,0.000,2.24,0,0,0,0,1.27,3,0.0,,,
1694,1.9680,-0.1103,-0.2298,2.611,good,0.001,2.17,0,0,0,0,20.57,3,0.0,,,
1697,1.9680,-0.1167,-0.1031,3.219,good,0.001,7.71,0,0,0,0,7.32,2,0.0,,,
1698,1.9680,-0.1168,0.0994,2.957,good,0.000,2.00,0,0,0,0,13.31,2,0.0,,,
1699,1.9760,-0.1157,0.0999,2.895,good,0.000,3.11,0,0,0,0,14.51,3,0.0,,,
1700,1.9760,-0.1095,0.1889,2.976,good,0.000,2.58,0,0,0,0,10.40,3,0.0,,,
1701,1.9760,-0.1087,0.0378,2.978,good,0.000,2.86,0,0,0,0,10.07,3,0.0,,,
1702,1.9760,-0.1162,-0.0348,3.450,good,0.006,11.93,0,0,0,0,2.67,2,0.0,,,
1706,1.9760,-0.1186,0.0166,2.955,good,0.029,3.57,0,0,0,0,13.95,2,0.0,,,
1707,1.9760,-0.1192,-0.1962,2.983,good,0.001,1.95,0,0,0,0,13.47,2,0.0,,,
1703,1.9800,-0.1129,0.2364,3.000,good,0.011,3.53,0,0,0,0,10.98,3,0.0,,,
1704,1.9800,-0.1094,-0.0502,3.088,good,0.001,2.64,0,0,0,0,7.79,3,0.0,,,
1705,1.9800,-0.1106,0.1383,2.908,good,0.000,3.02,0,0,0,0,12.42,3,0.0,,,
1710,1.9800,-0.1319,0.0195,3.000,good,0.002,3.24,0,0,0,0,13.30,1,0.0,,,
1711,1.9800,-0.1192,-0.1975,2.956,sour,1.000,20.09,1,1,1,0,14.17,2,3.2,6,1677,1677
1712,1.9800,-0.1158,-0.0277,2.728,good,0.003,3.68,0,0,0,0,19.11,2,0.0,,,
1708,1.9840,-0.1148,-0.1362,2.986,sour,1.000,15.23,1,1,1,0,11.94,3,3.2,14,1698,
1709,1.9840,-0.1240,-0.0438,3.450,good,0.008,2.54,0,0,0,0,0.92,2,0.0,,,
1714,1.9840,-0.1175,-0.1607,3.011,good,0.007,3.01,0,0,0,0,12.21,2,0.0,,,
1715,1.9840,-0.1155,0.0023,2.913,good,0.000,4.90,0,0,0,0,14.01,2,0.0,,,
1716,1.9840,-0.1207,0.0158,3.000,good,0.025,2.89,0,0,0,0,9.58,1,0.0,,,
1723,1.9840,-0.1096,0.0121,3.000,good,0.050,2.85,0,0,0,0,9.86,1,0.0,,,
1724,1.9840,-0.1094,-0.0399,3.000,good,0.008,2.50,0,0,0,0,9.79,1,0.0,,,
1725,1.9840,-0.1050,-0.0242,3.000,good,0.020,3.84,0,0,0,0,8.32,1,0.0,,,
1713,1.9880,-0.1152,-0.1618,2.912,good,0.000,2.13,0,0,0,0,13.90,3,0.0,,,
1721,1.9880,-0.1197,0.1018,3.278,good,0.000,3.41,0,0,0,0,7.02,2,0.0,,,
1722,1.9880,-0.1198,0.1891,2.996,good,0.000,3.20,0,0,0,0,13.35,2,0.0,,,
1717,1.9920,-0.1136,0.1464,3.044,good,0.000,7.09,0,0,0,0,10.15,3,0.0,,,
1718,1.9920,-0.1118,0.0892,3.102,good,0.068,7.14,0,0,0,0,8.30,3,0.0,,,
1719,1.9920,-0.1100,-0.0948,3.133,good,0.000,2.25,0,0,0,0,7.02,3,0.0,,,
1720,1.9920,-0.1109,-0.0589,2.983,good,0.000,2.61,0,0,0,0,10.70,3,0.0,,,
1726,1.9960,-0.1131,-0.0922,3.011,good,0.001,2.70,0,0,0,0,10.77,3,0.0,,,
1727,1.9960,-0.1109,0.0663,3.000,good,0.000,2.42,0,0,0,0,10.29,3,0.0,,,
1728,1.9960,-0.1104,-0.0611,2.907,good,0.000,3.51,0,0,0,0,12.36,3,0.0,,,
1731,1.9960,-0.1195,0.2018,3.001,good,0.000,2.28,0,0,0,0,13.13,2,0.0,,,
1737,1.9960,-0.0994,0.0856,3.000,good,0.005,7.06,0,0,0,0,6.47,1,0.0,,,
1729,2.0000,-0.1123,0.0155,2.998,good,0.000,3.70,0,0,0,0,10.81,3,0.0,,,
1730,2.0000,-0.1120,-0.1972,2.914,good,0.000,3.15,0,0,0,0,12.74,3,0.0,,,
1736,2.0000,-0.1156,0.2345,3.198,good,0.000,2.24,0,0,0,0,7.42,2,0.0,,,
1732,2.0040,-0.1136,-0.2391,3.017,good,0.001,20.02,1,1,1,0,10.80,3,9.0,1|0|2,1692,1692
1733,2.0040,-0.1124,0.0732,3.095,good,0.000,2.80,0,0,0,0,8.65,3,0.0,,,
1734,2.0040,-0.1357,0.0166,3.000,shell,1.000,9.22,1,1,1,0,10.56,1,2.4,34|33,,
1735,2.0040,-0.1100,0.0463,3.006,good,0.000,2.04,0,0,0,0,9.87,3,0.0,,,
1740,2.0040,-0.1267,0.0132,3.000,shell,1.000,9.95,1,1,1,0,11.55,1,2.4,33,1713,
1743,2.0040,-0.1177,0.0098,3.000,shell,1.000,9.40,1,1,1,0,12.56,1,2.4,33,1659,
1738,2.0080,-0.1156,0.2027,3.005,good,0.002,2.39,0,0,0,0,11.72,3,0.0,,,
1739,2.0080,-0.1113,-0.1139,2.998,good,0.000,2.84,0,0,0,0,10.48,3,0.0,,,
1742,2.0080,-0.1126,0.0101,3.450,good,0.128,8.12,0,0,0,0,1.63,2,0.0,,,
1741,2.0120,-0.1150,0.0613,2.989,good,0.000,2.14,0,0,0,0,11.95,3,0.0,,,
1745,2.0120,-0.1164,-0.0630,3.020,faded,1.000,5.67,1,1,1,0,11.65,2,3.2,23|24,1704,1704
1744,2.0160,-0.1142,0.1764,3.003,faded,1.000,5.94,1,1,1,0,11.35,3,3.2,54,1722,1722
1748,2.0160,-0.1191,0.0109,3.152,good,0.000,2.18,0,0,0,0,9.52,2,0.0,,,
1749,2.0160,-0.1199,-0.2354,2.999,good,0.000,3.62,0,0,0,0,13.34,2,0.0,,,
1750,2.0160,-0.1162,0.2364,3.000,good,0.022,9.85,0,0,0,0,12.08,2,0.0,,,
1751,2.0160,-0.1166,-0.0655,2.954,good,0.000,2.45,0,0,0,0,13.31,2,0.0,,,
1752,2.0160,-0.1159,0.2110,3.022,good,0.000,2.81,0,0,0,0,11.46,2,0.0,,,
1746,2.0200,-0.1124,-0.0404,2.995,good,0.003,5.45,0,0,0,0,10.93,3,0.0,,,
1747,2.0200,-0.1083,-0.1481,2.983,good,0.000,4.44,0,0,0,0,9.84,3,0.0,,,
1755,2.0200,-0.1187,0.0506,3.000,good,0.000,2.41,0,0,0,0,12.89,2,0.0,,,
1753,2.0240,-0.1148,-0.0916,3.013,good,0.000,2.66,0,0,0,0,11.31,3,0.0,,,
1754,2.0240,-0.1084,0.0313,2.985,faded,0.999,4.54,1,1,1,0,9.81,3,3.2,36|35,1724,1724
1760,2.0240,-0.1166,-0.0996,3.000,stone,0.994,14.07,1,1,1,0,12.19,1,9.1,19|18|20,1798,
1756,2.0280,-0.1346,-0.0999,3.000,stone,0.994,14.05,1,1,1,0,10.20,1,9.1,19|18|20,,
1758,2.0280,-0.1198,-0.1683,3.005,good,0.000,2.22,0,0,0,0,13.15,2,0.0,,,
1759,2.0280,-0.1189,0.1128,3.009,stick,1.000,28.25,1,1,1,0,12.74,2,2.4,46,1740,1740
1757,2.0320,-0.1121,-0.1589,3.156,good,0.000,3.35,0,0,0,0,7.22,3,0.0,,,
1765,2.0320,-0.1172,0.1377,3.044,good,0.003,2.34,0,0,0,0,11.36,2,0.0,,,
1766,2.0320,-0.1171,0.1478,2.993,good,0.000,2.26,0,0,0,0,12.53,2,0.0,,,
1761,2.0360,-0.1154,0.1018,3.000,good,0.005,2.22,0,0,0,0,11.79,3,0.0,,,
1762,2.0360,-0.1168,0.1601,2.515,good,0.000,2.30,0,0,0,0,26.23,3,0.0,,,
1763,2.0360,-0.1126,0.1999,2.909,good,0.031,5.19,0,0,0,0,13.09,3,0.0,,,
1764,2.0360,-0.1097,-0.2299,2.655,insect,1.000,3.79,1,1,1,0,18.97,3,3.1,2,1745,
1767,2.0360,-0.1166,-0.0945,2.992,good,0.091,3.47,0,0,0,0,12.40,2,0.0,,,
1770,2.0400,-0.1159,0.0322,3.032,good,0.002,5.73,0,0,0,0,11.21,2,0.0,,,
1771,2.0400,-0.1189,-0.2112,2.944,good,0.001,3.10,0,0,0,0,14.37,2,0.0,,,
1768,2.0440,-0.1141,-0.0765,2.998,good,0.001,2.19,0,0,0,0,11.41,3,0.0,,,
1769,2.0440,-0.1097,0.1398,3.001,good,0.000,1.77,0,0,0,0,9.89,3,0.0,,,
1778,2.0440,-0.1168,-0.0181,2.975,husk,1.000,10.58,1,1,1,0,12.87,2,2.4,29,1748,
1779,2.0440,-0.1153,-0.1116,3.008,good,0.000,2.60,0,0,0,0,11.58,2,0.0,,,
1772,2.0480,-0.1153,0.0628,2.997,good,0.000,2.22,0,0,0,0,11.82,3,0.0,,,
1773,2.0480,-0.1170,0.2260,2.557,good,0.004,2.79,0,0,0,0,24.86,3,0.0,,,
1774,2.0480,-0.1119,0.1934,2.969,good,0.002,2.82,0,0,0,0,11.37,3,0.0,,,
1775,2.0480,-0.1153,-0.2338,2.384,good,0.001,3.10,0,0,0,0,30.31,3,0.0,,,
1776,2.0480,-0.1094,0.0894,3.028,black,1.000,47.29,1,1,1,0,9.17,3,3.2,43,1732,1732
1777,2.0480,-0.1096,-0.0520,3.006,shell,1.000,7.89,1,1,1,0,9.72,3,2.4,25,1737,1737
1780,2.0520,-0.1096,0.2100,2.994,good,0.003,2.51,0,0,0,0,10.01,3,0.0,,,
1781,2.0560,-0.1153,-0.0513,3.002,good,0.005,2.12,0,0,0,0,11.73,3,0.0,,,
1782,2.0560,-0.1134,-0.1423,3.041,good,0.000,2.44,0,0,0,0,10.17,3,0.0,,,
1783,2.0560,-0.1118,0.2316,3.063,good,0.006,3.69,0,0,0,0,9.13,3,0.0,,,
1784,2.0560,-0.1099,0.1062,2.851,good,0.001,2.37,0,0,0,0,13.63,3,0.0,,,
1788,2.0560,-0.1192,0.0696,3.000,good,0.002,2.39,0,0,0,0,13.07,2,0.0,,,
1789,2.0560,-0.1191,0.1752,2.880,faded,0.821,3.64,1,1,1,0,16.10,2,3.2,54,1767,1767
1790,2.0560,-0.1162,0.1398,3.020,good,0.000,2.20,0,0,0,0,11.58,2,0.0,,,
1785,2.0600,-0.1127,0.1216,2.987,good,0.001,2.10,0,0,0,0,11.23,3,0.0,,,
1786,2.0600,-0.1108,0.0386,2.960,good,0.000,4.03,0,0,0,0,11.21,3,0.0,,,
1787,2.0600,-0.1107,0.0949,2.945,good,0.002,3.14,0,0,0,0,11.53,3,0.0,,,
1791,2.0640,-0.1149,-0.0451,3.070,good,0.000,1.88,0,0,0,0,9.99,3,0.0,,,
1792,2.0640,-0.1147,-0.2225,3.040,good,0.029,2.49,0,0,0,0,10.60,3,0.0,,,
1793,2.0640,-0.1090,0.2081,2.946,good,0.004,11.43,0,0,0,0,10.95,3,0.0,,,
1794,2.0640,-0.1102,0.0701,2.998,good,0.000,3.25,0,0,0,0,10.13,3,0.0,,,
1795,2.0680,-0.1071,0.0997,3.287,good,0.000,6.78,0,0,0,0,3.02,3,0.0,,,
1799,2.0680,-0.1200,-0.1103,3.004,good,0.001,2.02,0,0,0,0,13.22,2,0.0,,,
1802,2.0680,-0.1026,-0.0419,3.000,good,0.000,1.85,0,0,0,0,7.53,1,0.0,,,
1796,2.0720,-0.1144,0.0785,2.996,good,0.001,3.67,0,0,0,0,11.56,3,0.0,,,
1797,2.0720,-0.1126,0.0073,3.001,good,0.000,1.81,0,0,0,0,10.83,3,0.0,,,
1798,2.0720,-0.1096,-0.1900,3.205,good,0.001,4.71,0,0,0,0,5.40,3,0.0,,,
1801,2.0720,-0.1195,0.2073,2.917,sour,0.936,10.93,1,1,1,0,15.25,2,3.2,58,1763|1784,
1800,2.0760,-0.1085,-0.1738,3.006,good,0.019,2.69,0,0,0,0,9.38,3,0.0,,,
1806,2.0760,-0.1175,0.1684,3.001,good,0.240,3.56,0,0,0,0,12.49,2,0.0,,,
1807,2.0760,-0.1174,-0.1328,2.989,black,1.000,50.41,1,1,1,0,12.72,2,3.2,15|14,1803,1803
1812,2.0760,-0.1144,-0.2344,3.000,good,0.000,2.25,0,0,0,0,11.45,1,0.0,,,
1803,2.0800,-0.1125,-0.2321,2.510,good,0.041,10.09,0,0,0,0,24.64,3,0.0,,,
1804,2.0800,-0.1126,0.1796,2.981,good,0.011,3.83,0,0,0,0,11.33,3,0.0,,,
1805,2.0800,-0.1096,0.2321,2.998,insect,1.000,7.22,1,1,1,0,9.90,3,3.1,61,1791,1791
1809,2.0800,-0.1177,-0.1126,2.990,good,0.000,2.10,0,0,0,0,12.82,2,0.0,,,
1810,2.0800,-0.1168,-0.0101,2.966,good,0.001,3.12,0,0,0,0,13.09,2,0.0,,,
1811,2.0800,-0.1140,-0.1435,2.991,good,0.001,7.31,0,0,0,0,11.53,2,0.0,,,
1808,2.0840,-0.1097,0.1688,3.222,good,0.002,2.67,0,0,0,0,5.08,3,0.0,,,
1815,2.0840,-0.1155,0.0048,3.450,good,0.033,5.32,0,0,0,0,2.48,2,0.0,,,
1813,2.0880,-0.1092,-0.0464,3.001,good,0.000,2.66,0,0,0,0,9.72,3,0.0,,,
1814,2.0880,-0.1093,0.1200,3.011,good,0.000,2.06,0,0,0,0,9.52,3,0.0,,,
1819,2.0880,-0.1144,-0.0888,3.011,stick,1.000,60.66,1,1,1,0,11.20,2,2.4,20,1781,1781
1820,2.0880,-0.1187,0.0343,3.002,good,0.000,7.89,0,0,0,0,12.85,2,0.0,,,
1816,2.0920,-0.1284,0.0922,2.617,good,0.000,3.19,0,0,0,0,23.28,2,0.0,,,
1817,2.0920,-0.1113,-0.1278,2.981,good,0.000,3.86,0,0,0,0,10.88,3,0.0,,,
1818,2.0920,-0.1095,0.0799,3.119,husk,1.000,15.13,1,1,1,0,7.16,3,2.4,42,1788,1788
1824,2.0920,-0.1164,-0.0795,3.218,good,0.000,2.54,0,0,0,0,7.25,2,0.0,,,
1828,2.0920,-0.1179,0.0889,3.000,good,0.000,3.01,0,0,0,0,12.64,1,0.0,,,
1821,2.0960,-0.1229,-0.1634,2.408,good,0.001,1.93,0,0,0,0,28.57,2,0.0,,,
1822,2.0960,-0.1097,0.2051,2.966,good,0.000,3.45,0,0,0,0,10.70,3,0.0,,,
1823,2.0960,-0.1080,0.2219,3.003,good,0.001,4.64,0,0,0,0,9.27,3,0.0,,,
1827,2.0960,-0.1179,0.1751,2.871,good,0.129,3.64,0,0,0,0,15.92,2,0.0,,,
1833,2.0960,-0.1133,-0.1666,3.000,good,0.001,1.89,0,0,0,0,11.09,1,0.0,,,
1825,2.1000,-0.1123,0.0403,2.976,good,0.001,2.97,0,0,0,0,11.32,3,0.0,,,
1826,2.1000,-0.1070,-0.0144,3.357,good,0.000,2.40,0,0,0,0,1.68,3,0.0,,,
1832,2.1000,-0.1161,0.1429,3.004,good,0.001,2.13,0,0,0,0,11.93,2,0.0,,,
1829,2.1040,-0.1328,0.1627,3.000,good,0.000,1.83,0,0,0,0,9.60,1,0.0,,,
1830,2.1040,-0.1090,0.2342,2.987,good,0.000,4.06,0,0,0,0,9.97,3,0.0,,,
1831,2.1040,-0.1320,0.1713,3.000,good,0.000,1.67,0,0,0,0,9.33,1,0.0,,,
1837,2.1040,-0.1167,0.1458,3.004,insect,1.000,4.40,1,1,1,0,12.12,2,3.1,50,1808,
1838,2.1040,-0.1083,0.1667,3.014,good,0.003,7.74,0,0,0,0,9.12,2,0.0,,,
1834,2.1080,-0.1161,-0.0638,2.745,good,0.000,2.68,0,0,0,0,18.71,3,0.0,,,
1835,2.1080,-0.1088,-0.1680,3.000,good,0.000,2.50,0,0,0,0,9.61,3,0.0,,,
1836,2.1080,-0.1082,-0.1169,3.001,good,0.000,2.66,0,0,0,0,9.39,3,0.0,,,
1839,2.1120,-0.1231,-0.0579,3.173,good,0.002,2.09,0,0,0,0,6.33,2,0.0,,,
1840,2.1120,-0.1095,0.0888,2.993,good,0.000,2.30,0,0,0,0,10.01,3,0.0,,,
1849,2.1120,-0.1076,-0.0612,3.000,good,0.000,7.41,0,0,0,0,9.19,1,0.0,,,
1847,2.1160,-0.1184,0.2040,2.965,good,0.001,2.28,0,0,0,0,13.68,2,0.0,,,
1848,2.1160,-0.1164,-0.0359,2.893,faded,0.999,4.48,1,1,1,0,14.78,2,3.2,27,1822,
1841,2.1200,-0.1174,-0.0380,2.833,good,0.038,2.80,0,0,0,0,16.75,3,0.0,,,
1842,2.1200,-0.1159,0.1511,3.003,good,0.000,2.65,0,0,0,0,11.90,3,0.0,,,
1843,2.1200,-0.1130,0.0616,3.028,good,0.000,1.96,0,0,0,0,10.33,3,0.0,,,
1844,2.1200,-0.1270,-0.1957,2.508,good,0.006,1.57,0,0,0,0,26.53,2,0.0,,,
1845,2.1200,-0.1115,0.1878,3.020,good,0.112,3.22,0,0,0,0,10.04,3,0.0,,,
1846,2.1200,-0.1095,0.0685,2.999,good,0.002,3.41,0,0,0,0,9.87,3,0.0,,,
1852,2.1200,-0.1171,-0.1565,2.326,good,0.001,4.61,0,0,0,0,33.32,2,0.0,,,
1853,2.1200,-0.1163,-0.1433,2.997,good,0.392,2.79,0,0,0,0,12.19,2,0.0,,,
1857,2.1200,-0.1170,-0.1927,3.000,good,0.007,1.55,0,0,0,0,12.32,1,0.0,,,
1850,2.1240,-0.1150,-0.0046,2.715,good,0.001,4.47,0,0,0,0,19.20,3,0.0,,,
1851,2.1240,-0.1116,0.0834,2.969,black,1.000,48.25,1,1,1,0,11.28,3,3.2,42,1812,1812
1856,2.1240,-0.1165,-0.0893,3.003,good,0.088,2.68,0,0,0,0,12.09,2,0.0,,,
1854,2.1280,-0.1102,0.1155,3.027,good,0.000,2.94,0,0,0,0,9.42,3,0.0,,,
1855,2.1280,-0.1092,-0.1968,2.965,good,0.000,2.70,0,0,0,0,10.58,3,0.0,,,
1861,2.1280,-0.1170,-0.1696,2.980,good,0.000,2.49,0,0,0,0,12.81,2,0.0,,,
1862,2.1280,-0.1172,-0.1381,2.868,good,0.464,5.68,0,0,0,0,15.75,2,0.0,,,
1863,2.1280,-0.1168,0.1583,3.050,good,0.021,2.77,0,0,0,0,11.10,2,0.0,,,
1858,2.1320,-0.1162,-0.2269,3.001,good,0.012,2.57,0,0,0,0,12.05,3,0.0,,,
1859,2.1320,-0.1174,-0.1631,2.802,good,0.001,3.65,0,0,0,0,17.60,3,0.0,,,
1860,2.1320,-0.1091,0.1193,3.188,good,0.001,1.83,0,0,0,0,5.57,3,0.0,,,
1866,2.1320,-0.1188,0.1242,2.985,good,0.001,2.97,0,0,0,0,13.32,2,0.0,,,
1867,2.1320,-0.1128,0.1893,3.406,good,0.000,3.06,0,0,0,0,2.48,2,0.0,,,
1864,2.1360,-0.1172,0.1370,2.651,good,0.022,3.04,0,0,0,0,21.93,3,0.0,,,
1865,2.1360,-0.1163,-0.0786,2.696,black,1.000,49.55,1,1,1,0,20.22,3,3.2,21|22,1821,
1870,2.1360,-0.1165,-0.0258,3.004,sour,1.000,15.56,1,1,1,0,12.07,2,3.2,28,1840,1840
1868,2.1400,-0.1075,0.0208,3.239,insect,1.000,7.79,1,1,1,0,4.07,3,3.1,34,1839,1839
1869,2.1400,-0.1090,-0.0029,3.015,stick,1.000,30.21,1,1,1,0,9.32,3,2.4,31,1848,1848
1876,2.1400,-0.1188,0.0251,2.936,good,0.003,3.64,0,0,0,0,14.51,2,0.0,,,
1877,2.1400,-0.1162,0.2229,2.999,good,0.008,2.39,0,0,0,0,12.09,2,0.0,,,
1878,2.1400,-0.1148,0.1316,3.000,sour,1.000,12.46,1,1,1,0,11.60,2,3.2,48|49,1835,1835
1879,2.1400,-0.1306,-0.1498,3.000,husk,1.000,66.64,1,1,1,0,12.86,1,2.4,12|13,,
1871,2.1440,-0.1158,-0.1784,3.000,good,0.004,2.48,0,0,0,0,11.91,3,0.0,,,
1872,2.1440,-0.1161,0.0199,3.001,black,1.000,52.92,1,1,1,0,11.99,3,3.2,34,1870,1870
1873,2.1440,-0.1155,0.2112,3.000,good,0.000,2.36,0,0,0,0,11.83,3,0.0,,,
1874,2.1440,-0.1117,-0.2285,3.137,good,0.195,4.73,0,0,0,0,7.48,3,0.0,,,
1875,2.1440,-0.1125,-0.1051,3.034,good,0.000,2.33,0,0,0,0,10.02,3,0.0,,,
1883,2.1440,-0.1192,-0.1286,2.989,good,0.002,3.64,0,0,0,0,13.31,2,0.0,,,
1880,2.1480,-0.1169,-0.0693,2.747,good,0.000,2.23,0,0,0,0,18.97,3,0.0,,,
1881,2.1480,-0.1093,0.0296,3.024,good,0.001,2.33,0,0,0,0,9.22,3,0.0,,,
1882,2.1480,-0.1092,0.1257,3.024,good,0.000,3.08,0,0,0,0,9.18,3,0.0,,,
1884,2.1520,-0.1129,-0.0255,3.223,good,0.000,3.34,0,0,0,0,6.07,3,0.0,,,
1885,2.1520,-0.1121,-0.1653,3.004,broken,0.819,3.41,1,1,1,0,10.59,3,2.4,10|11,1861,1861
1886,2.1520,-0.1095,0.1517,2.905,good,0.000,3.11,0,0,0,0,12.10,3,0.0,,,
1891,2.1520,-0.1194,0.2032,2.999,good,0.064,2.72,0,0,0,0,13.13,2,0.0,,,
1887,2.1560,-0.1148,-0.2145,3.000,good,0.000,2.40,0,0,0,0,11.61,3,0.0,,,
1888,2.1560,-0.1128,0.0646,3.007,good,0.002,2.25,0,0,0,0,10.75,3,0.0,,,
1889,2.1560,-0.1106,0.1615,3.008,good,0.004,2.57,0,0,0,0,10.00,3,0.0,,,
1890,2.1560,-0.1104,-0.0945,3.000,good,0.001,3.14,0,0,0,0,10.14,3,0.0,,,
1892,2.1600,-0.1106,0.1230,2.986,good,0.000,2.07,0,0,0,0,10.53,3,0.0,,,
1895,2.1600,-0.1172,-0.1808,2.994,good,0.000,2.60,0,0,0,0,12.54,2,0.0,,,
1896,2.1600,-0.1176,-0.0831,2.999,good,0.000,1.92,0,0,0,0,12.56,2,0.0,,,
1897,2.1600,-0.1170,0.1371,2.935,good,0.221,3.02,0,0,0,0,13.95,2,0.0,,,
1898,2.1600,-0.1163,0.2106,3.005,good,0.001,2.44,0,0,0,0,11.98,2,0.0,,,
1899,2.1600,-0.1164,0.0785,2.992,good,0.001,2.94,0,0,0,0,12.34,2,0.0,,,
1893,2.1640,-0.1125,-0.0768,3.000,good,0.000,3.70,0,0,0,0,10.82,3,0.0,,,
1894,2.1640,-0.1085,-0.1458,2.999,good,0.001,2.23,0,0,0,0,9.54,3,0.0,,,
1902,2.1640,-0.1174,-0.0447,3.037,good,0.005,3.87,0,0,0,0,11.60,2,0.0,,,
1901,2.1680,-0.1123,0.0615,3.056,good,0.000,4.42,0,0,0,0,9.47,3,0.0,,,
1903,2.1680,-0.1193,0.1896,2.993,good,0.000,3.78,0,0,0,0,13.26,2,0.0,,,
1900,2.1720,-0.1113,-0.1713,2.383,good,0.004,4.68,0,0,0,0,28.69,4,0.0,,,
1904,2.1760,-0.1153,-0.0921,3.002,good,0.000,3.56,0,0,0,0,11.72,3,0.0,,,
1905,2.1760,-0.1138,-0.0325,2.998,good,0.001,2.77,0,0,0,0,11.30,3,0.0,,,
1906,2.1760,-0.1144,-0.2333,3.003,good,0.022,4.44,0,0,0,0,11.39,3,0.0,,,
1907,2.1760,-0.1164,-0.0164,2.491,good,0.000,2.19,0,0,0,0,26.88,3,0.0,,,
1908,2.1760,-0.1100,0.0311,3.008,good,0.001,2.96,0,0,0,0,9.79,3,0.0,,,
1912,2.1760,-0.1176,-0.1919,3.000,good,0.001,1.98,0,0,0,0,12.54,2,0.0,,,
1909,2.1800,-0.1133,-0.1330,3.008,good,0.001,2.23,0,0,0,0,10.92,3,0.0,,,
1910,2.1800,-0.1136,0.1668,3.008,good,0.003,1.94,0,0,0,0,11.02,3,0.0,,,
1911,2.1800,-0.1112,0.0119,2.963,good,0.000,2.67,0,0,0,0,11.29,3,0.0,,,
1915,2.1800,-0.1183,-0.2227,2.978,good,0.004,5.38,0,0,0,0,13.29,2,0.0,,,
1913,2.1840,-0.1122,-0.1225,3.072,black,1.000,50.79,1,1,1,0,9.07,3,3.2,16,1874,1874
1914,2.1840,-0.1084,-0.0529,2.995,good,0.000,2.49,0,0,0,0,9.58,3,0.0,,,
1919,2.1840,-0.1016,0.1636,3.000,good,0.001,1.93,0,0,0,0,7.20,1,0.0,,,
1916,2.1880,-0.1116,-0.0413,3.001,good,0.001,1.90,0,0,0,0,10.52,3,0.0,,,
1917,2.1880,-0.1094,-0.0873,2.998,good,0.001,2.82,0,0,0,0,9.86,3,0.0,,,
1918,2.1920,-0.1200,0.1920,2.990,good,0.000,7.90,0,0,0,0,9.58,2,0.0,,,
1927,2.1920,-0.1080,0.1884,3.000,good,0.001,7.93,0,0,0,0,9.35,1,0.0,,,
1920,2.1960,-0.1133,-0.1814,3.035,good,0.005,3.43,0,0,0,0,10.28,3,0.0,,,
1921,2.1960,-0.1105,-0.2143,2.997,good,0.000,2.25,0,0,0,0,10.24,3,0.0,,,
1922,2.1960,-0.1091,-0.0349,3.002,good,0.001,3.81,0,0,0,0,9.66,3,0.0,,,
1926,2.1960,-0.1196,-0.0768,3.020,good,0.000,2.45,0,0,0,0,12.73,2,0.0,,,
1923,2.2000,-0.1151,0.0442,2.618,insect,1.000,8.59,1,1,1,0,22.17,3,3.1,37,1891,
1924,2.2000,-0.1106,0.0310,2.999,good,0.000,2.57,0,0,0,0,10.23,3,0.0,,,
1925,2.2000,-0.1099,-0.0127,3.001,good,0.004,2.50,0,0,0,0,9.94,3,0.0,,,
1931,2.2000,-0.1166,-0.2160,3.281,good,0.000,2.63,0,0,0,0,6.02,2,0.0,,,
1928,2.2040,-0.1148,0.1476,3.144,good,0.000,3.61,0,0,0,0,8.33,3,0.0,,,
1929,2.2040,-0.1138,-0.1628,2.998,good,0.000,1.77,0,0,0,0,11.33,3,0.0,,,
1930,2.2040,-0.1115,-0.1926,3.110,good,0.000,2.56,0,0,0,0,8.02,3,0.0,,,
1932,2.2080,-0.1149,0.1913,3.014,good,0.000,1.81,0,0,0,0,11.29,3,0.0,,,
1933,2.2080,-0.1093,0.1111,3.020,good,0.000,2.86,0,0,0,0,9.29,3,0.0,,,
1934,2.2080,-0.1095,-0.0574,2.800,good,0.017,2.94,0,0,0,0,14.82,3,0.0,,,
1939,2.2080,-0.1190,-0.0877,3.053,good,0.001,1.96,0,0,0,0,11.74,2,0.0,,,
1940,2.2080,-0.1184,-0.1018,2.997,good,0.005,2.14,0,0,0,0,12.85,2,0.0,,,
1935,2.2120,-0.1151,0.1770,3.000,good,0.000,2.49,0,0,0,0,11.71,3,0.0,,,
1936,2.2120,-0.1136,-0.0766,3.000,good,0.015,1.30,0,0,0,0,11.19,3,0.0,,,
1937,2.2120,-0.1137,0.1642,2.991,good,0.023,1.64,0,0,0,0,11.43,3,0.0,,,
1938,2.2120,-0.1118,0.0381,2.993,good,0.000,2.30,0,0,0,0,10.75,3,0.0,,,
1946,2.2120,-0.1177,0.1377,3.008,good,0.001,2.24,0,0,0,0,12.36,2,0.0,,,
1947,2.2120,-0.1182,-0.1980,2.985,good,0.003,2.32,0,0,0,0,13.08,2,0.0,,,
1941,2.2160,-0.1117,0.0316,3.016,faded,0.966,4.24,1,1,1,0,10.21,3,3.2,36|35,1920,1920
1942,2.2160,-0.1132,0.1076,2.983,good,0.000,1.79,0,0,0,0,11.46,3,0.0,,,
1943,2.2160,-0.1090,-0.1815,2.999,good,0.000,3.28,0,0,0,0,9.70,3,0.0,,,
1944,2.2160,-0.1087,-0.1127,3.005,good,0.000,3.13,0,0,0,0,9.44,3,0.0,,,
1945,2.2160,-0.1082,0.2296,3.003,good,0.136,4.01,0,0,0,0,9.34,3,0.0,,,
1950,2.2160,-0.1186,-0.0501,2.947,good,0.153,4.37,0,0,0,0,14.18,2,0.0,,,
1948,2.2200,-0.1149,-0.1700,3.000,good,0.008,4.87,0,0,0,0,11.62,3,0.0,,,
1949,2.2200,-0.1265,-0.0193,2.683,good,0.000,4.68,0,0,0,0,20.39,2,0.0,,,
1952,2.2200,-0.1104,0.0440,3.121,good,0.028,2.81,0,0,0,0,7.42,2,0.0,,,
1959,2.2200,-0.1157,-0.0228,3.000,good,0.000,4.46,0,0,0,0,11.91,1,0.0,,,
1951,2.2240,-0.1155,-0.0803,2.884,good,0.003,3.61,0,0,0,0,14.74,3,0.0,,,
1953,2.2280,-0.1128,0.0317,3.263,good,0.004,2.40,0,0,0,0,5.22,3,0.0,,,
1954,2.2280,-0.1144,-0.0961,2.999,good,0.000,1.94,0,0,0,0,11.48,3,0.0,,,
1955,2.2280,-0.1116,-0.1544,3.002,good,0.000,3.12,0,0,0,0,10.51,3,0.0,,,
1956,2.2280,-0.1110,-0.1847,3.001,good,0.026,2.90,0,0,0,0,10.32,3,0.0,,,
1957,2.2280,-0.1086,-0.0335,3.038,broken,0.998,2.39,1,1,1,0,8.68,3,2.4,27,1934,1934
1958,2.2280,-0.1115,0.1922,2.655,good,0.002,2.04,0,0,0,0,19.68,3,0.0,,,
1961,2.2280,-0.1189,-0.0445,2.994,good,0.001,2.68,0,0,0,0,13.13,2,0.0,,,
1960,2.2320,-0.1091,0.1574,3.003,good,0.001,6.76,0,0,0,0,9.61,3,0.0,,,
1963,2.2320,-0.1198,0.2033,2.995,good,0.003,2.19,0,0,0,0,13.39,2,0.0,,,
1962,2.2360,-0.1163,-0.2205,2.907,good,0.227,5.32,0,0,0,0,14.41,3,0.0,,,
1967,2.2360,-0.1180,-0.1816,2.997,good,0.000,1.39,0,0,0,0,12.76,2,0.0,,,
1964,2.2400,-0.1392,-0.1720,3.000,good,0.000,3.42,0,0,0,0,11.73,1,0.0,,,
1965,2.2400,-0.1386,-0.1800,3.000,good,0.061,2.82,0,0,0,0,11.52,1,0.0,,,
1966,2.2400,-0.1113,-0.1264,2.869,good,0.003,4.53,0,0,0,0,13.64,3,0.0,,,
1972,2.2400,-0.1191,0.2054,3.001,good,0.000,3.42,0,0,0,0,12.98,2,0.0,,,
1973,2.2400,-0.1152,-0.0089,3.002,good,0.002,9.81,0,0,0,0,11.69,2,0.0,,,
1974,2.2400,-0.1134,-0.1765,3.190,good,0.328,7.43,0,0,0,0,6.88,2,0.0,,,
1968,2.2440,-0.1152,-0.2407,2.616,good,0.001,3.55,0,0,0,0,22.26,3,0.0,,,
1969,2.2440,-0.1128,-0.1319,2.989,insect,1.000,4.67,1,1,1,0,11.19,3,3.1,15|14,1956,1956
1970,2.2440,-0.1100,-0.1424,3.037,good,0.000,1.77,0,0,0,0,9.16,3,0.0,,,
1971,2.2440,-0.1099,-0.2218,2.994,good,0.010,2.53,0,0,0,0,10.09,3,0.0,,,
1982,2.2440,-0.1185,-0.1798,3.026,good,0.054,3.96,0,0,0,0,12.22,2,0.0,,,
1983,2.2440,-0.1107,-0.1523,3.450,good,0.016,2.51,0,0,0,0,1.09,2,0.0,,,
1975,2.2480,-0.1158,0.0916,2.793,good,0.006,2.41,0,0,0,0,17.29,3,0.0,,,
1976,2.2480,-0.1133,-0.0026,2.999,good,0.000,2.57,0,0,0,0,11.13,3,0.0,,,
1977,2.2480,-0.1089,0.1131,3.100,black,1.000,52.03,1,1,1,0,7.38,3,3.2,46,1931,1931
1978,2.2480,-0.1090,0.0394,3.042,good,0.000,3.00,0,0,0,0,8.70,3,0.0,,,
1979,2.2480,-0.1083,-0.0647,2.964,good,0.000,2.62,0,0,0,0,10.28,3,0.0,,,
1980,2.2480,-0.1081,0.1625,2.973,good,0.000,2.43,0,0,0,0,10.02,3,0.0,,,
1981,2.2480,-0.1079,0.2301,3.142,good,0.000,1.90,0,0,0,0,6.17,3,0.0,,,
1984,2.2480,-0.1186,0.1617,3.103,good,0.003,1.62,0,0,0,0,10.45,2,0.0,,,
1985,2.2480,-0.1168,-0.1523,2.997,good,0.000,2.10,0,0,0,0,12.34,2,0.0,,,
1989,2.2480,-0.1040,-0.2374,3.000,good,0.001,3.76,0,0,0,0,8.01,1,0.0,,,
1988,2.2520,-0.1189,0.1079,3.000,shell,0.997,7.90,1,1,1,0,12.95,2,2.4,45|46,1972,1972
1986,2.2560,-0.1116,0.1726,2.860,good,0.000,8.13,0,0,0,0,14.00,3,0.0,,,
1987,2.2560,-0.1112,-0.1085,3.006,good,0.000,2.29,0,0,0,0,10.28,3,0.0,,,
1992,2.2560,-0.1150,0.1667,2.148,good,0.003,5.69,0,0,0,0,40.08,2,0.0,,,
1990,2.2600,-0.1134,-0.1317,3.003,good,0.447,10.51,0,0,0,0,11.06,3,0.0,,,
1991,2.2600,-0.1086,-0.1893,2.993,good,0.000,2.22,0,0,0,0,9.69,3,0.0,,,
1993,2.2640,-0.1155,-0.1832,2.949,faded,1.000,5.89,1,1,1,0,13.07,3,3.2,8,1962,1962
1994,2.2640,-0.1131,0.0134,2.989,good,0.000,3.64,0,0,0,0,11.28,3,0.0,,,
1995,2.2640,-0.1082,-0.2220,2.996,good,0.001,2.68,0,0,0,0,9.48,3,0.0,,,
1999,2.2640,-0.1176,0.0210,3.001,good,0.000,2.46,0,0,0,0,12.52,2,0.0,,,
1996,2.2680,-0.1151,0.1902,3.004,good,0.001,2.27,0,0,0,0,11.63,3,0.0,,,
1997,2.2680,-0.1132,0.1187,2.975,good,0.000,2.21,0,0,0,0,11.68,3,0.0,,,
1998,2.2680,-0.1135,-0.1411,2.912,good,0.000,1.80,0,0,0,0,13.29,3,0.0,,,
2001,2.2680,-0.1195,-0.2184,3.005,good,0.000,4.00,0,0,0,0,13.06,2,0.0,,,
2000,2.2720,-0.1183,0.1126,2.744,good,0.000,3.43,0,0,0,0,19.57,3,0.0,,,
2003,2.2720,-0.1192,0.1833,3.002,good,0.002,8.84,0,0,0,0,13.02,2,0.0,,,
2004,2.2720,-0.1171,0.1376,2.989,good,0.000,4.97,0,0,0,0,12.64,2,0.0,,,
2002,2.2760,-0.1114,0.0487,3.199,good,0.002,2.01,0,0,0,0,6.08,3,0.0,,,
2005,2.2800,-0.1127,-0.1447,2.998,insect,1.000,3.62,1,1,1,0,10.97,3,3.1,13,1977,1977
2006,2.2800,-0.1125,-0.1017,2.976,good,0.000,2.94,0,0,0,0,11.42,3,0.0,,,
2007,2.2800,-0.1093,-0.0319,3.005,faded,0.988,3.53,1,1,1,0,9.64,3,3.2,27|28,1953,1953
2010,2.2800,-0.1194,0.0213,3.002,good,0.000,2.26,0,0,0,0,13.09,2,0.0,,,
2011,2.2800,-0.1174,-0.1197,2.992,faded,1.000,5.73,1,1,1,0,12.68,2,3.2,16,1990,
2008,2.2840,-0.1141,0.1162,3.009,good,0.002,2.89,0,0,0,0,11.15,3,0.0,,,
2009,2.2840,-0.1119,0.0803,3.007,good,0.000,2.50,0,0,0,0,10.47,3,0.0,,,
2012,2.2880,-0.1190,-0.1769,2.576,black,1.000,49.82,1,1,1,0,25.01,3,3.2,9,1982,
2013,2.2880,-0.1272,0.0571,3.014,good,0.001,2.86,0,0,0,0,11.38,2,0.0,,,
2014,2.2880,-0.1120,0.2167,3.007,good,0.000,2.40,0,0,0,0,10.51,3,0.0,,,
2015,2.2880,-0.1134,-0.0572,2.450,good,0.009,7.79,0,0,0,0,27.11,3,0.0,,,
2017,2.2880,-0.1179,-0.2063,3.068,good,0.000,2.16,0,0,0,0,11.02,2,0.0,,,
2018,2.2880,-0.1300,-0.0573,3.000,good,0.236,3.14,0,0,0,0,12.66,1,0.0,,,
2019,2.2880,-0.1180,0.1261,2.998,good,0.028,3.07,0,0,0,0,12.72,2,0.0,,,
2020,2.2880,-0.1163,-0.2306,3.178,good,0.002,3.60,0,0,0,0,8.05,2,0.0,,,
2021,2.2880,-0.1291,0.0478,3.000,good,0.000,2.47,0,0,0,0,12.37,1,0.0,,,
2023,2.2880,-0.1160,0.0524,3.000,good,0.001,7.36,0,0,0,0,12.01,1,0.0,,,
2016,2.2920,-0.1150,0.1321,3.000,good,0.000,2.70,0,0,0,0,11.67,3,0.0,,,
2022,2.2960,-0.1127,-0.1356,2.995,good,0.000,2.05,0,0,0,0,11.00,3,0.0,,,
2029,2.2960,-0.1190,-0.2213,3.016,good,0.001,2.30,0,0,0,0,12.62,2,0.0,,,
2030,2.2960,-0.1163,0.0988,2.992,good,0.000,3.95,0,0,0,0,12.31,2,0.0,,,
2031,2.2960,-0.1166,-0.1508,3.003,good,0.000,2.54,0,0,0,0,12.13,2,0.0,,,
2024,2.3000,-0.1130,-0.0996,3.002,good,0.000,2.80,0,0,0,0,10.95,3,0.0,,,
2025,2.3000,-0.1113,0.1152,3.015,good,0.000,3.11,0,0,0,0,10.08,3,0.0,,,
2026,2.3000,-0.1062,-0.0509,3.450,good,0.000,1.97,0,0,0,0,-0.23,3,0.0,,,
2027,2.3000,-0.1091,-0.1445,2.994,good,0.002,2.39,0,0,0,0,9.84,3,0.0,,,
2028,2.3000,-0.1090,0.2126,2.995,good,0.000,2.02,0,0,0,0,9.78,3,0.0,,,
2033,2.3000,-0.1198,-0.1397,3.007,faded,0.998,6.08,1,1,1,0,13.09,2,3.2,14|13,2015,
2034,2.3000,-0.1172,-0.1155,3.264,good,0.000,2.34,0,0,0,0,6.55,2,0.0,,,
2032,2.3040,-0.1134,0.1744,3.004,good,0.000,1.31,0,0,0,0,11.03,3,0.0,,,
2037,2.3040,-0.1177,-0.0323,3.003,good,0.000,2.09,0,0,0,0,12.48,2,0.0,,,
2038,2.3040,-0.1162,0.2229,2.985,good,0.000,2.71,0,0,0,0,12.44,2,0.0,,,
2035,2.3080,-0.1158,-0.0653,3.004,good,0.000,3.28,0,0,0,0,11.83,3,0.0,,,
2036,2.3080,-0.1104,0.0509,2.994,good,0.001,2.44,0,0,0,0,10.28,3,0.0,,,
2039,2.3080,-0.1181,0.2129,2.995,good,0.012,3.40,0,0,0,0,12.84,2,0.0,,,
2040,2.3160,-0.1141,0.0179,3.002,good,0.000,2.29,0,0,0,0,11.31,3,0.0,,,
2041,2.3160,-0.1107,0.1214,3.001,good,0.000,2.64,0,0,0,0,10.19,3,0.0,,,
2042,2.3160,-0.1084,-0.0650,2.930,good,0.000,2.17,0,0,0,0,11.14,3,0.0,,,
2047,2.3160,-0.1167,-0.0456,2.996,good,0.000,3.77,0,0,0,0,12.35,2,0.0,,,
2048,2.3160,-0.1157,-0.0282,2.951,insect,1.000,3.56,1,1,1,0,13.10,2,3.1,28,2021,
2049,2.3160,-0.1118,0.1712,3.450,good,0.000,1.69,0,0,0,0,1.40,2,0.0,,,
2043,2.3200,-0.1122,-0.2246,3.004,good,0.001,3.16,0,0,0,0,10.66,3,0.0,,,
2044,2.3200,-0.1097,-0.2055,2.997,good,0.000,2.64,0,0,0,0,9.98,3,0.0,,,
2045,2.3200,-0.1099,0.0263,3.006,good,0.000,2.98,0,0,0,0,9.82,3,0.0,,,
2046,2.3200,-0.1085,-0.1690,3.137,good,0.038,2.51,0,0,0,0,6.47,3,0.0,,,
2056,2.3200,-0.1200,-0.0495,3.020,good,0.002,3.72,0,0,0,0,12.86,2,0.0,,,
2050,2.3240,-0.1158,-0.0588,3.012,good,0.020,2.65,0,0,0,0,11.63,3,0.0,,,
2051,2.3240,-0.1149,-0.0407,2.870,good,0.000,2.39,0,0,0,0,14.89,3,0.0,,,
2052,2.3240,-0.1123,0.0196,3.195,good,0.000,2.57,0,0,0,0,6.45,3,0.0,,,
2053,2.3240,-0.1113,0.0790,3.009,good,0.001,3.04,0,0,0,0,10.22,3,0.0,,,
2054,2.3240,-0.1106,0.1655,2.891,good,0.000,2.37,0,0,0,0,12.86,3,0.0,,,
2055,2.3240,-0.1093,0.1303,2.999,good,0.051,2.80,0,0,0,0,9.79,3,0.0,,,
2058,2.3240,-0.1123,-0.1741,2.956,good,0.009,6.96,0,0,0,0,11.81,2,0.0,,,
2057,2.3280,-0.1126,0.0116,2.977,good,0.014,3.02,0,0,0,0,11.42,3,0.0,,,
2059,2.3280,-0.1174,-0.0929,2.998,good,0.000,2.56,0,0,0,0,12.50,2,0.0,,,
2060,2.3320,-0.1165,-0.1465,3.005,good,0.002,2.16,0,0,0,0,12.07,2,0.0,,,
2061,2.3320,-0.1156,0.2391,2.999,good,0.001,2.47,0,0,0,0,11.89,2,0.0,,,
2062,2.3360,-0.1193,-0.0196,2.933,good,0.011,7.84,0,0,0,0,14.76,2,0.0,,,
2063,2.3400,-0.1086,0.1534,3.050,good,0.000,1.77,0,0,0,0,8.37,3,0.0,,,
2067,2.3400,-0.1171,0.0447,3.158,good,0.004,2.37,0,0,0,0,8.75,2,0.0,,,
2064,2.3440,-0.1149,0.1267,2.848,good,0.005,5.12,0,0,0,0,15.46,3,0.0,,,
2065,2.3440,-0.1355,0.2274,3.000,good,0.007,3.89,0,0,0,0,10.49,1,0.0,,,
2066,2.3440,-0.1084,-0.1044,2.988,good,0.000,2.58,0,0,0,0,9.74,3,0.0,,,
2069,2.3440,-0.1194,0.2343,2.862,good,0.005,12.24,0,0,0,0,16.65,2,0.0,,,
2068,2.3480,-0.1115,0.2056,3.447,good,0.000,2.64,0,0,0,0,1.37,3,0.0,,,
2070,2.3480,-0.1098,-0.0911,2.992,good,0.001,2.97,0,0,0,0,10.12,3,0.0,,,
2071,2.3520,-0.1138,0.0500,2.948,good,0.000,3.87,0,0,0,0,12.52,3,0.0,,,
2072,2.3520,-0.1096,0.1790,2.969,good,0.000,3.25,0,0,0,0,10.59,3,0.0,,,
2073,2.3520,-0.1120,-0.1662,2.411,black,1.000,51.03,1,1,1,0,27.92,3,3.2,10,2054,
2076,2.3520,-0.1181,-0.2140,3.036,good,0.001,7.16,0,0,0,0,11.86,2,0.0,,,
2077,2.3520,-0.1166,0.0321,2.996,good,0.000,2.39,0,0,0,0,12.29,2,0.0,,,
2074,2.3560,-0.1134,-0.0509,3.002,faded,0.998,4.11,1,1,1,0,11.09,3,3.2,25,2058,
2075,2.3560,-0.1104,-0.1108,2.988,good,0.001,2.12,0,0,0,0,10.42,3,0.0,,,
2081,2.3560,-0.1193,-0.0071,3.393,good,0.000,3.32,0,0,0,0,4.64,2,0.0,,,
2082,2.3560,-0.1185,-0.1013,2.999,good,0.000,2.09,0,0,0,0,12.85,2,0.0,,,
2083,2.3560,-0.1196,-0.0856,2.564,good,0.000,3.64,0,0,0,0,25.64,2,0.0,,,
2084,2.3560,-0.1192,0.2140,2.596,good,0.002,4.15,0,0,0,0,24.44,2,0.0,,,
2078,2.3600,-0.1385,0.0891,3.000,good,0.028,2.46,0,0,0,0,11.49,1,0.0,,,
2079,2.3600,-0.1337,0.0957,3.000,good,0.000,3.79,0,0,0,0,9.90,1,0.0,,,
2080,2.3600,-0.1090,0.1837,2.984,good,0.000,4.41,0,0,0,0,10.06,3,0.0,,,
2091,2.3600,-0.1121,0.0924,2.999,good,0.001,7.16,0,0,0,0,10.70,2,0.0,,,
2096,2.3600,-0.1014,-0.0542,3.000,faded,0.999,4.09,1,1,1,0,7.13,1,3.2,25|24,2058,
2085,2.3640,-0.1164,-0.1413,2.794,good,0.116,4.65,0,0,0,0,17.45,3,0.0,,,
2086,2.3640,-0.1142,0.0708,3.102,good,0.000,2.67,0,0,0,0,9.05,3,0.0,,,
2087,2.3640,-0.1126,-0.0077,3.024,good,0.001,5.95,0,0,0,0,10.30,3,0.0,,,
2088,2.3640,-0.1114,-0.1255,2.992,broken,0.998,3.14,1,1,1,0,10.67,3,2.4,15|16,2053,2053
2089,2.3640,-0.1117,-0.0252,2.966,good,0.000,3.10,0,0,0,0,11.35,3,0.0,,,
2090,2.3640,-0.1112,-0.1847,2.882,good,0.001,2.57,0,0,0,0,13.29,3,0.0,,,
2092,2.3680,-0.1155,0.1118,2.993,good,0.000,2.68,0,0,0,0,12.01,3,0.0,,,
2093,2.3680,-0.1124,0.1400,3.008,good,0.000,1.80,0,0,0,0,10.62,3,0.0,,,
2094,2.3680,-0.1128,0.0366,2.975,good,0.000,1.93,0,0,0,0,11.53,3,0.0,,,
2095,2.3680,-0.1098,-0.0748,2.990,insect,1.000,4.18,1,1,1,0,10.15,3,3.1,22,2050,2050
2099,2.3680,-0.1198,-0.0209,3.020,good,0.000,2.94,0,0,0,0,12.79,2,0.0,,,
2100,2.3680,-0.1176,0.0189,3.064,good,0.001,2.07,0,0,0,0,11.01,2,0.0,,,
2101,2.3680,-0.1161,-0.2374,3.017,good,0.000,3.64,0,0,0,0,11.60,2,0.0,,,
2097,2.3720,-0.1148,0.0512,3.004,good,0.000,3.01,0,0,0,0,11.50,3,0.0,,,
2098,2.3720,-0.1139,-0.1130,3.126,good,0.001,2.41,0,0,0,0,8.43,3,0.0,,,
2102,2.3760,-0.1128,0.2077,2.996,good,0.073,3.57,0,0,0,0,11.02,3,0.0,,,
2103,2.3760,-0.1146,-0.1122,2.948,good,0.000,3.79,0,0,0,0,12.79,3,0.0,,,
2104,2.3760,-0.1115,0.0927,3.018,good,0.000,2.31,0,0,0,0,10.09,3,0.0,,,
2106,2.3760,-0.1183,-0.1321,3.024,good,0.001,2.59,0,0,0,0,12.18,2,0.0,,,
2107,2.3760,-0.1177,-0.0838,3.071,good,0.000,2.37,0,0,0,0,10.90,2,0.0,,,
2105,2.3800,-0.1108,0.1434,2.997,good,0.000,1.74,0,0,0,0,10.33,3,0.0,,,
2110,2.3800,-0.1171,-0.1159,3.007,good,0.001,9.01,0,0,0,0,12.21,2,0.0,,,
2111,2.3800,-0.1198,-0.0092,2.836,good,0.000,2.09,0,0,0,0,17.51,2,0.0,,,
2112,2.3800,-0.1184,0.1125,2.997,good,0.000,3.51,0,0,0,0,12.87,2,0.0,,,
2108,2.3840,-0.1128,0.1253,3.002,good,0.001,2.63,0,0,0,0,10.89,3,0.0,,,
2109,2.3840,-0.1132,0.1374,2.926,faded,1.000,5.37,1,1,1,0,12.86,3,3.2,49,2083,2083
2116,2.3840,-0.1200,-0.1555,2.997,good,0.000,2.71,0,0,0,0,13.40,2,0.0,,,
2113,2.3880,-0.1194,0.1311,2.518,broken,0.608,2.87,1,1,1,0,27.13,3,2.4,48,2039,
2114,2.3880,-0.1152,-0.1880,2.854,good,0.191,2.92,0,0,0,0,15.38,3,0.0,,,
2115,2.3880,-0.1139,0.2120,2.993,stick,1.000,30.21,1,1,1,0,11.48,3,2.4,59|58,2078,2078
2117,2.3920,-0.1119,-0.2171,2.994,good,0.003,2.29,0,0,0,0,10.80,3,0.0,,,
2118,2.3920,-0.1087,0.0517,3.001,good,0.001,2.57,0,0,0,0,9.55,3,0.0,,,
2121,2.3920,-0.1173,-0.0680,3.004,good,0.189,3.59,0,0,0,0,12.34,2,0.0,,,
2122,2.3920,-0.1169,0.1315,3.001,good,0.000,3.11,0,0,0,0,12.27,2,0.0,,,
2125,2.3920,-0.1083,0.1281,3.000,broken,0.982,2.98,1,1,1,0,9.43,1,2.4,48,2039,
2126,2.3920,-0.1030,-0.1845,3.000,good,0.103,2.70,0,0,0,0,7.66,1,0.0,,,
2119,2.3960,-0.1139,0.0919,2.995,insect,1.000,3.50,1,1,1,0,11.42,3,3.1,43,2095,2095
2120,2.3960,-0.1083,-0.1581,2.997,good,0.000,2.00,0,0,0,0,9.51,3,0.0,,,
2124,2.3960,-0.1191,0.0147,3.450,good,0.001,2.92,0,0,0,0,3.50,2,0.0,,,
2123,2.4000,-0.1102,-0.1503,2.997,good,0.000,4.68,0,0,0,0,10.13,3,0.0,,,
2131,2.4000,-0.1164,-0.2239,2.999,good,0.012,2.40,0,0,0,0,12.18,2,0.0,,,
2127,2.4040,-0.1150,-0.0070,3.000,black,1.000,50.02,1,1,1,0,11.66,3,3.2,31|30,2088,2088
2128,2.4040,-0.1152,0.2321,2.829,good,0.001,3.32,0,0,0,0,16.05,3,0.0,,,
2129,2.4040,-0.1127,-0.0592,2.943,good,0.004,2.14,0,0,0,0,12.27,3,0.0,,,
2130,2.4040,-0.1087,0.0692,2.981,insect,1.000,6.88,1,1,1,0,10.03,3,3.1,40|41,2103,2103
2132,2.4080,-0.1133,-0.0581,3.003,good,0.000,1.94,0,0,0,0,11.05,3,0.0,,,
2133,2.4080,-0.1085,-0.1379,2.999,good,0.000,2.12,0,0,0,0,9.54,3,0.0,,,
2134,2.4080,-0.1094,-0.1209,2.775,black,1.000,50.69,1,1,1,0,15.48,3,3.2,16,2105,
2138,2.4080,-0.1187,0.1883,3.000,good,0.000,5.08,0,0,0,0,12.90,2,0.0,,,
2135,2.4120,-0.1148,-0.0103,2.998,good,0.007,2.69,0,0,0,0,11.64,3,0.0,,,
2136,2.4120,-0.1166,0.1182,2.692,good,0.000,2.22,0,0,0,0,20.45,3,0.0,,,
2137,2.4120,-0.1137,0.0945,3.003,black,1.000,48.22,1,1,1,0,11.16,3,3.2,44|43,2120,2120
2141,2.4120,-0.1166,-0.2060,2.999,good,0.000,3.39,0,0,0,0,12.23,2,0.0,,,
2139,2.4160,-0.1274,-0.1482,2.385,good,0.001,5.61,0,0,0,0,31.38,2,0.0,,,
2140,2.4160,-0.1127,0.2350,2.995,good,0.000,3.52,0,0,0,0,11.04,3,0.0,,,
2145,2.4160,-0.1175,-0.2135,2.999,black,1.000,48.06,1,1,1,0,12.51,2,3.2,4,2108,2108
2152,2.4160,-0.1179,-0.1445,3.000,good,0.001,5.73,0,0,0,0,12.64,1,0.0,,,
2142,2.4200,-0.1090,-0.0921,3.012,good,0.005,8.18,0,0,0,0,9.41,3,0.0,,,
2143,2.4200,-0.1101,-0.0166,2.992,good,0.353,2.90,0,0,0,0,10.23,3,0.0,,,
2144,2.4200,-0.1107,0.0300,3.000,insect,1.000,6.24,1,1,1,0,10.25,3,3.1,35|36,2123,2123
2150,2.4200,-0.1199,0.2412,2.994,good,0.005,2.39,0,0,0,0,13.46,2,0.0,,,
2151,2.4200,-0.1196,0.0908,3.002,good,0.000,1.54,0,0,0,0,13.15,2,0.0,,,
2146,2.4240,-0.1257,0.0574,2.562,good,0.044,3.77,0,0,0,0,24.12,2,0.0,,,
2147,2.4240,-0.1117,0.1342,2.932,good,0.000,3.15,0,0,0,0,12.19,3,0.0,,,
2148,2.4240,-0.1110,-0.1609,2.997,good,0.001,2.96,0,0,0,0,10.41,3,0.0,,,
2149,2.4240,-0.1090,0.1751,2.988,good,0.000,2.64,0,0,0,0,9.96,3,0.0,,,
2156,2.4240,-0.1188,-0.1899,3.089,good,0.000,2.12,0,0,0,0,10.82,2,0.0,,,
2162,2.4240,-0.1155,0.0537,3.000,good,0.005,3.62,0,0,0,0,11.83,1,0.0,,,
2153,2.4280,-0.1140,0.0592,3.016,good,0.004,4.31,0,0,0,0,10.93,3,0.0,,,
2154,2.4280,-0.1086,-0.0153,3.183,good,0.002,2.36,0,0,0,0,5.55,3,0.0,,,
2155,2.4280,-0.1127,0.1094,2.552,good,0.013,3.75,0,0,0,0,23.36,3,0.0,,,
2160,2.4280,-0.1198,-0.0087,2.973,good,0.001,2.27,0,0,0,0,13.92,2,0.0,,,
2161,2.4280,-0.1164,-0.0655,3.114,good,0.000,2.15,0,0,0,0,9.50,2,0.0,,,
2157,2.4320,-0.1159,-0.0721,2.956,good,0.035,2.99,0,0,0,0,13.02,3,0.0,,,
2158,2.4320,-0.1246,0.1395,3.450,good,0.012,2.48,0,0,0,0,1.09,2,0.0,,,
2159,2.4320,-0.1086,-0.0553,3.029,good,0.000,2.86,0,0,0,0,8.86,3,0.0,,,
2170,2.4320,-0.1096,0.1423,3.000,good,0.004,2.48,0,0,0,0,9.88,1,0.0,,,
2163,2.4360,-0.1132,-0.0921,3.006,black,1.000,46.48,1,1,1,0,10.93,3,3.2,20,2144,2144
2164,2.4360,-0.1110,0.1582,3.058,good,0.000,2.97,0,0,0,0,9.01,3,0.0,,,
2167,2.4360,-0.1194,-0.1400,3.001,good,0.000,2.42,0,0,0,0,13.12,2,0.0,,,
2168,2.4360,-0.1198,-0.0624,3.004,good,0.000,2.05,0,0,0,0,13.17,2,0.0,,,
2169,2.4360,-0.1148,-0.1054,3.044,good,0.001,2.31,0,0,0,0,10.56,2,0.0,,,
2165,2.4400,-0.1146,0.0566,3.000,good,0.000,2.41,0,0,0,0,11.55,3,0.0,,,
2166,2.4400,-0.1114,0.0457,3.001,good,0.000,3.20,0,0,0,0,10.45,3,0.0,,,
2171,2.4400,-0.1174,-0.0651,3.001,good,0.000,2.65,0,0,0,0,12.45,2,0.0,,,
2172,2.4480,-0.1151,0.0269,2.966,good,0.000,3.67,0,0,0,0,12.50,3,0.0,,,
2173,2.4480,-0.1243,-0.0667,2.735,good,0.001,3.67,0,0,0,0,18.00,2,0.0,,,
2177,2.4480,-0.1174,-0.0656,3.450,insect,0.881,11.80,1,1,1,0,3.00,2,3.1,23,2154|2157,
2174,2.4520,-0.1135,0.0653,3.030,black,1.000,63.41,1,1,1,0,10.44,3,3.2,40,2143,2143
2175,2.4520,-0.1126,0.0838,2.998,good,0.001,2.53,0,0,0,0,10.89,3,0.0,,,
2176,2.4520,-0.1128,-0.1680,2.962,faded,0.990,4.57,1,1,1,0,11.83,3,3.2,10,2142,2142
2181,2.4520,-0.1198,-0.1538,3.009,good,0.000,4.12,0,0,0,0,13.04,2,0.0,,,
2178,2.4560,-0.1101,0.0252,2.995,good,0.000,2.35,0,0,0,0,10.16,3,0.0,,,
2179,2.4560,-0.1093,-0.2255,2.978,sour,1.000,18.70,1,1,1,0,10.27,3,3.2,3|2,2140,2140
2180,2.4560,-0.1086,-0.0081,2.980,good,0.024,2.30,0,0,0,0,10.01,3,0.0,,,
2182,2.4600,-0.1137,0.0910,3.001,good,0.001,3.13,0,0,0,0,11.23,3,0.0,,,
2183,2.4600,-0.1123,0.1724,3.005,good,0.000,2.57,0,0,0,0,10.66,3,0.0,,,
2186,2.4600,-0.1184,0.0233,2.994,good,0.000,2.73,0,0,0,0,12.94,2,0.0,,,
2184,2.4640,-0.1119,0.1617,3.001,good,0.000,3.08,0,0,0,0,10.62,3,0.0,,,
2185,2.4640,-0.1099,-0.0510,2.900,good,0.000,2.28,0,0,0,0,12.40,3,0.0,,,
2189,2.4640,-0.1186,0.1021,3.003,good,0.000,1.79,0,0,0,0,12.80,2,0.0,,,
2187,2.4680,-0.1124,0.1442,3.003,good,0.000,2.47,0,0,0,0,10.73,3,0.0,,,
2188,2.4680,-0.1121,0.0544,2.967,good,0.000,2.41,0,0,0,0,11.47,3,0.0,,,
2192,2.4680,-0.1197,0.2290,3.279,good,0.012,16.60,0,0,0,0,7.00,2,0.0,,,
2193,2.4680,-0.1187,0.1793,2.986,good,0.000,2.25,0,0,0,0,13.25,2,0.0,,,
2194,2.4680,-0.1182,0.0796,3.016,good,0.033,3.29,0,0,0,0,12.36,2,0.0,,,
2190,2.4720,-0.1098,-0.2230,3.033,good,0.001,2.78,0,0,0,0,9.17,3,0.0,,,
2191,2.4720,-0.1357,-0.0891,3.000,good,0.001,4.56,0,0,0,0,10.56,1,0.0,,,
2199,2.4720,-0.1187,0.0834,3.051,faded,1.000,4.78,1,1,1,0,11.68,2,3.2,42,2161,2161
2200,2.4720,-0.1175,-0.1980,3.017,good,0.013,16.16,0,0,0,0,12.10,2,0.0,,,
2201,2.4720,-0.1289,0.1631,3.000,black,1.000,50.57,1,1,1,0,12.31,1,3.2,52|53,,
2202,2.4720,-0.1236,-0.0825,3.000,good,0.000,4.41,0,0,0,0,10.54,1,0.0,,,
2204,2.4720,-0.1167,0.1670,3.000,black,1.000,50.63,1,1,1,0,12.24,1,3.2,53,2166,
2205,2.4720,-0.1116,-0.0760,3.000,good,0.001,4.41,0,0,0,0,10.52,1,0.0,,,
2195,2.4760,-0.1163,-0.1016,2.993,good,0.012,4.17,0,0,0,0,12.27,3,0.0,,,
2196,2.4760,-0.1143,-0.2069,3.003,good,0.031,4.02,0,0,0,0,11.37,3,0.0,,,
2197,2.4760,-0.1160,-0.1307,2.700,good,0.001,2.69,0,0,0,0,20.00,3,0.0,,,
2198,2.4760,-0.1102,0.0151,3.000,good,0.000,2.41,0,0,0,0,10.05,3,0.0,,,
2203,2.4760,-0.1196,-0.1160,2.941,good,0.063,3.02,0,0,0,0,14.68,2,0.0,,,
2210,2.4760,-0.1045,0.1707,3.000,black,1.000,50.66,1,1,1,0,8.16,1,3.2,53|54,2166,
2211,2.4760,-0.0995,-0.0695,3.000,good,0.000,4.62,0,0,0,0,6.50,1,0.0,,,
2208,2.4800,-0.1176,-0.1747,3.450,good,0.002,4.88,0,0,0,0,3.07,2,0.0,,,
2209,2.4800,-0.1175,-0.1964,3.007,good,0.000,3.72,0,0,0,0,12.34,2,0.0,,,
2206,2.4840,-0.1134,0.0472,3.265,good,0.000,2.45,0,0,0,0,5.37,3,0.0,,,
2207,2.4840,-0.1112,0.0793,2.998,good,0.000,1.95,0,0,0,0,10.45,3,0.0,,,
2216,2.4840,-0.1188,-0.0546,2.718,good,0.000,2.37,0,0,0,0,20.50,2,0.0,,,
2212,2.4880,-0.1157,-0.0769,2.987,good,0.000,3.27,0,0,0,0,12.23,3,0.0,,,
2213,2.4880,-0.1108,-0.1544,3.450,good,0.004,2.03,0,0,0,0,1.12,3,0.0,,,
2214,2.4880,-0.1155,0.1317,2.882,good,0.000,3.04,0,0,0,0,14.79,3,0.0,,,
2215,2.4880,-0.1131,0.1500,3.005,good,0.088,2.56,0,0,0,0,10.91,3,0.0,,,
2217,2.4920,-0.1379,-0.1793,3.000,good,0.000,1.91,0,0,0,0,11.29,1,0.0,,,
2218,2.4920,-0.1364,-0.1876,3.000,good,0.000,2.28,0,0,0,0,10.80,1,0.0,,,
2219,2.4920,-0.1155,0.2389,2.402,good,0.001,5.02,0,0,0,0,29.73,3,0.0,,,
2220,2.4920,-0.1086,-0.2376,3.007,good,0.000,2.32,0,0,0,0,9.37,3,0.0,,,
2223,2.4920,-0.1198,0.1930,3.009,good,0.006,4.89,0,0,0,0,13.07,2,0.0,,,
2224,2.4920,-0.1168,0.0037,3.034,good,0.000,3.21,0,0,0,0,11.45,2,0.0,,,
2225,2.4920,-0.1161,-0.1009,3.067,faded,1.000,5.55,1,1,1,0,10.44,2,3.2,19|18,2184,
2226,2.4920,-0.1138,-0.1846,2.917,good,0.000,5.04,0,0,0,0,13.31,2,0.0,,,
2221,2.4960,-0.1145,0.0114,3.092,good,0.000,2.49,0,0,0,0,9.36,3,0.0,,,
2222,2.4960,-0.1131,-0.0211,3.006,good,0.001,2.92,0,0,0,0,10.89,3,0.0,,,
2232,2.4960,-0.1060,0.2357,3.000,good,0.002,4.86,0,0,0,0,8.65,1,0.0,,,
2227,2.5000,-0.1114,0.0585,3.002,good,0.000,2.98,0,0,0,0,10.44,3,0.0,,,
2228,2.5000,-0.1093,0.0388,3.003,good,0.000,2.33,0,0,0,0,9.70,3,0.0,,,
2231,2.5000,-0.1176,0.2077,2.998,good,0.021,4.71,0,0,0,0,12.58,2,0.0,,,
2229,2.5040,-0.1122,0.0812,3.046,good,0.000,2.22,0,0,0,0,9.68,3,0.0,,,
2230,2.5040,-0.1087,-0.2043,3.050,good,0.000,3.30,0,0,0,0,8.41,3,0.0,,,
2237,2.5040,-0.1172,-0.0570,2.970,good,0.000,2.23,0,0,0,0,13.14,2,0.0,,,
2233,2.5080,-0.1108,0.1747,2.996,good,0.000,7.02,0,0,0,0,10.36,3,0.0,,,
2234,2.5080,-0.1126,-0.1970,2.992,good,0.000,2.84,0,0,0,0,11.05,3,0.0,,,
2235,2.5080,-0.1114,-0.1469,2.978,good,0.008,2.52,0,0,0,0,10.99,3,0.0,,,
2236,2.5080,-0.1091,0.1347,3.003,good,0.006,3.27,0,0,0,0,9.65,3,0.0,,,
2239,2.5080,-0.1165,-0.0376,2.960,faded,0.987,3.71,1,1,1,0,13.14,2,3.2,27|26,2204,2204
2238,2.5120,-0.1143,-0.1776,3.249,good,0.000,9.10,0,0,0,0,5.95,3,0.0,,,
2243,2.5120,-0.1301,0.0447,3.000,good,0.000,5.13,0,0,0,0,12.71,1,0.0,,,
2244,2.5120,-0.1168,-0.0482,2.991,good,0.002,2.21,0,0,0,0,12.50,2,0.0,,,
2240,2.5160,-0.1109,-0.1251,3.065,good,0.002,3.34,0,0,0,0,8.80,3,0.0,,,
2241,2.5160,-0.1107,0.1131,3.012,good,0.004,5.55,0,0,0,0,9.97,3,0.0,,,
2242,2.5160,-0.1089,0.0062,3.000,insect,1.000,11.34,1,1,1,0,9.64,3,3.1,32,2228,
2245,2.5160,-0.1202,0.0418,3.000,broken,0.626,4.94,1,1,1,0,9.40,1,2.4,37,,
2253,2.5160,-0.1103,0.0388,3.000,good,0.002,5.43,0,0,0,0,10.09,1,0.0,,,
2249,2.5200,-0.1191,0.1229,3.001,good,0.007,6.09,0,0,0,0,13.02,2,0.0,,,
2250,2.5200,-0.1175,-0.1345,3.064,good,0.001,1.99,0,0,0,0,10.99,2,0.0,,,
2251,2.5200,-0.1193,-0.0026,2.849,good,0.058,2.75,0,0,0,0,16.98,2,0.0,,,
2252,2.5200,-0.1116,0.0179,2.992,good,0.003,9.12,0,0,0,0,10.73,2,0.0,,,
2256,2.5200,-0.1004,0.0359,3.000,good,0.001,5.88,0,0,0,0,6.79,1,0.0,,,
2246,2.5240,-0.1107,0.0868,3.169,good,0.002,2.06,0,0,0,0,6.48,3,0.0,,,
2247,2.5240,-0.1101,0.0289,3.290,good,0.000,2.23,0,0,0,0,3.85,3,0.0,,,
2248,2.5240,-0.1080,-0.0702,3.006,good,0.002,5.51,0,0,0,0,9.19,3,0.0,,,
2267,2.5240,-0.1080,-0.0056,3.000,good,0.034,2.72,0,0,0,0,9.32,1,0.0,,,
2254,2.5280,-0.1118,-0.1162,3.006,good,0.000,2.71,0,0,0,0,10.47,3,0.0,,,
2255,2.5280,-0.1099,-0.1321,3.008,good,0.270,2.98,0,0,0,0,9.79,3,0.0,,,
2265,2.5280,-0.1173,0.1267,2.988,good,0.004,6.55,0,0,0,0,12.74,2,0.0,,,
2266,2.5280,-0.1115,-0.1792,3.013,good,0.000,2.75,0,0,0,0,10.20,2,0.0,,,
2257,2.5320,-0.1156,-0.0562,3.008,good,0.000,2.52,0,0,0,0,11.67,3,0.0,,,
2258,2.5320,-0.1145,-0.1152,2.983,good,0.004,1.96,0,0,0,0,11.90,3,0.0,,,
2259,2.5320,-0.1104,-0.0974,3.269,faded,1.000,4.34,1,1,1,0,4.36,3,3.2,19,2253,2253
2260,2.5320,-0.1127,0.0588,3.000,faded,0.862,3.59,1,1,1,0,10.89,3,3.2,39,2240,
2261,2.5320,-0.1124,-0.1588,2.850,good,0.159,3.08,0,0,0,0,14.54,3,0.0,,,
2262,2.5320,-0.1119,-0.0416,2.975,good,0.002,5.20,0,0,0,0,11.21,3,0.0,,,
2263,2.5320,-0.1084,0.1738,2.976,good,0.001,3.25,0,0,0,0,10.01,3,0.0,,,
2264,2.5320,-0.1086,-0.1758,2.886,husk,0.999,12.26,1,1,1,0,12.28,3,2.4,9,2208,
2269,2.5320,-0.1179,0.1847,2.783,good,0.013,3.24,0,0,0,0,18.29,2,0.0,,,
2268,2.5360,-0.1121,-0.1738,3.006,good,0.000,2.85,0,0,0,0,10.58,3,0.0,,,
2272,2.5360,-0.1172,-0.0965,2.967,good,0.111,2.52,0,0,0,0,13.21,2,0.0,,,
2270,2.5400,-0.1124,0.0466,3.109,good,0.006,6.08,0,0,0,0,8.32,3,0.0,,,
2271,2.5400,-0.1082,-0.1437,3.010,good,0.000,2.60,0,0,0,0,9.18,3,0.0,,,
2278,2.5400,-0.1172,-0.1201,3.108,good,0.001,3.05,0,0,0,0,9.89,2,0.0,,,
2279,2.5400,-0.1161,-0.1824,2.996,good,0.000,3.58,0,0,0,0,12.15,2,0.0,,,
2280,2.5400,-0.1165,-0.1720,3.040,good,0.000,2.11,0,0,0,0,11.21,2,0.0,,,
2273,2.5440,-0.1108,-0.0913,3.302,good,0.000,2.39,0,0,0,0,3.85,3,0.0,,,
2274,2.5440,-0.1111,0.0923,2.953,good,0.001,2.07,0,0,0,0,11.49,3,0.0,,,
2275,2.5440,-0.1084,-0.1006,3.024,good,0.000,2.95,0,0,0,0,8.93,3,0.0,,,
2276,2.5440,-0.1091,0.1761,3.014,good,0.000,5.98,0,0,0,0,9.38,3,0.0,,,
2277,2.5440,-0.1081,0.1897,3.119,good,0.240,4.56,0,0,0,0,6.74,3,0.0,,,
2281,2.5480,-0.1106,0.0663,3.001,good,0.000,2.88,0,0,0,0,10.18,3,0.0,,,
2282,2.5480,-0.1087,0.0317,2.995,good,0.000,2.58,0,0,0,0,9.68,3,0.0,,,
2283,2.5480,-0.1133,0.1632,3.366,good,0.001,4.65,0,0,0,0,3.39,2,0.0,,,
2284,2.5560,-0.1158,-0.0267,3.008,good,0.000,2.92,0,0,0,0,11.73,3,0.0,,,
2285,2.5560,-0.1144,-0.1594,2.935,good,0.003,2.85,0,0,0,0,13.05,3,0.0,,,
2286,2.5560,-0.1096,-0.1965,3.260,sour,1.000,15.93,1,1,1,0,4.31,3,3.2,6|7,2280,2280
2287,2.5560,-0.1120,-0.1433,3.007,good,0.011,2.59,0,0,0,0,10.48,3,0.0,,,
2291,2.5560,-0.1199,0.0730,3.020,faded,1.000,5.18,1,1,1,0,12.80,2,3.2,41,2273,2273
2288,2.5600,-0.1129,-0.0189,2.993,good,0.007,2.50,0,0,0,0,11.14,3,0.0,,,
2289,2.5600,-0.1102,-0.1003,3.133,good,0.000,2.60,0,0,0,0,7.09,3,0.0,,,
2290,2.5600,-0.1219,-0.0864,3.018,good,0.000,2.72,0,0,0,0,9.52,2,0.0,,,
2302,2.5600,-0.1099,-0.0897,3.000,good,0.000,2.68,0,0,0,0,9.95,1,0.0,,,
2292,2.5640,-0.1151,-0.2432,2.918,good,0.008,3.07,0,0,0,0,13.72,3,0.0,,,
2293,2.5640,-0.1127,0.1693,2.983,good,0.006,2.10,0,0,0,0,11.32,3,0.0,,,
2294,2.5640,-0.1099,-0.0848,2.994,good,0.000,2.21,0,0,0,0,10.09,3,0.0,,,
2295,2.5640,-0.1091,-0.1686,2.999,good,0.000,2.52,0,0,0,0,9.74,3,0.0,,,
2296,2.5640,-0.1101,-0.2212,2.922,good,0.000,3.19,0,0,0,0,11.92,3,0.0,,,
2298,2.5640,-0.1189,-0.2256,3.016,black,1.000,51.31,1,1,1,0,12.59,2,3.2,3|2,2265,2265
2299,2.5640,-0.1157,-0.1184,3.009,good,0.000,3.04,0,0,0,0,11.68,2,0.0,,,
2300,2.5640,-0.1171,0.2036,2.878,good,0.000,2.34,0,0,0,0,15.45,2,0.0,,,
2301,2.5640,-0.1167,-0.0573,2.969,good,0.000,3.09,0,0,0,0,12.98,2,0.0,,,
2297,2.5680,-0.1138,0.1498,3.002,good,0.000,2.66,0,0,0,0,11.20,3,0.0,,,
2303,2.5720,-0.1152,-0.1450,2.985,good,0.002,2.00,0,0,0,0,12.10,3,0.0,,,
2304,2.5720,-0.1133,-0.2130,2.980,good,0.000,2.56,0,0,0,0,11.59,3,0.0,,,
2305,2.5720,-0.1097,0.1544,3.125,insect,1.000,5.52,1,1,1,0,7.11,3,3.1,51,2263,
2306,2.5720,-0.1190,0.2400,3.024,good,0.147,3.14,0,0,0,0,12.41,2,0.0,,,
2309,2.5760,-0.1195,-0.1646,3.020,good,0.000,2.31,0,0,0,0,12.67,2,0.0,,,
2310,2.5760,-0.1159,0.0798,3.001,good,0.000,2.85,0,0,0,0,11.96,2,0.0,,,
2311,2.5760,-0.1173,0.1634,3.002,good,0.000,1.56,0,0,0,0,12.38,2,0.0,,,
2312,2.5760,-0.1151,0.0695,2.995,good,0.000,2.16,0,0,0,0,11.82,2,0.0,,,
2307,2.5800,-0.1155,-0.0085,3.040,good,0.002,2.80,0,0,0,0,10.87,3,0.0,,,
2308,2.5800,-0.1129,0.0663,2.999,good,0.000,8.13,0,0,0,0,10.99,3,0.0,,,
2314,2.5800,-0.1189,-0.1187,2.896,good,0.004,3.51,0,0,0,0,15.58,2,0.0,,,
2315,2.5800,-0.1176,-0.0365,1.862,good,0.152,7.74,0,0,0,0,56.89,2,0.0,,,
2316,2.5800,-0.1177,-0.0644,2.987,good,0.097,4.27,0,0,0,0,12.88,2,0.0,,,
2321,2.5800,-0.1092,-0.0375,3.000,faded,0.975,3.74,1,1,1,0,9.72,1,3.2,27,2269,2269
2313,2.5840,-0.1139,-0.2259,3.008,good,0.000,2.62,0,0,0,0,11.12,3,0.0,,,
2319,2.5840,-0.1192,0.1061,3.039,sour,1.000,20.32,1,1,1,0,12.14,2,3.2,45,2282,
2320,2.5840,-0.1173,-0.1830,3.220,good,0.106,2.47,0,0,0,0,7.50,2,0.0,,,
2317,2.5880,-0.1093,-0.2165,3.205,good,0.000,4.44,0,0,0,0,5.33,3,0.0,,,
2318,2.5880,-0.1153,-0.0090,2.565,good,0.007,1.88,0,0,0,0,23.96,3,0.0,,,
2323,2.5880,-0.1194,-0.0600,2.810,sour,0.998,14.56,1,1,1,0,18.07,2,3.2,24,2290|2305,
2324,2.5880,-0.1123,0.1991,3.450,shell,0.818,6.74,1,1,1,0,1.54,2,2.4,57,2322,2322
2322,2.5920,-0.1133,-0.1045,2.934,good,0.000,1.68,0,0,0,0,12.72,3,0.0,,,
2328,2.5920,-0.1176,-0.0035,2.917,good,0.000,2.92,0,0,0,0,14.59,2,0.0,,,
2334,2.5920,-0.1081,-0.0631,3.000,sour,1.000,10.64,1,1,1,0,9.38,1,3.2,23|24,2290|2305,
2325,2.5960,-0.1125,0.1724,2.669,good,0.001,3.85,0,0,0,0,19.62,3,0.0,,,
2326,2.5960,-0.1086,0.0970,3.013,good,0.001,3.55,0,0,0,0,9.24,3,0.0,,,
2327,2.5960,-0.1083,-0.0921,2.991,good,0.000,2.03,0,0,0,0,9.62,3,0.0,,,
2332,2.5960,-0.1176,-0.1843,3.069,good,0.019,3.87,0,0,0,0,10.88,2,0.0,,,
2333,2.5960,-0.1162,-0.0079,2.981,good,0.000,2.69,0,0,0,0,12.54,2,0.0,,,
2329,2.6000,-0.1109,-0.2274,3.042,good,0.024,3.97,0,0,0,0,9.32,3,0.0,,,
2330,2.6000,-0.1096,-0.1954,2.988,good,0.185,3.71,0,0,0,0,10.13,3,0.0,,,
2331,2.6000,-0.1109,0.2108,2.974,good,0.000,1.84,0,0,0,0,10.92,3,0.0,,,
2337,2.6000,-0.1193,-0.0597,2.997,good,0.000,3.30,0,0,0,0,13.16,2,0.0,,,
2338,2.6000,-0.1177,0.0329,2.987,faded,0.877,3.57,1,1,1,0,12.89,2,3.2,36,2311,2311
2339,2.6000,-0.1176,0.0632,3.005,good,0.000,1.98,0,0,0,0,12.41,2,0.0,,,
2335,2.6040,-0.1094,-0.1259,3.044,good,0.000,2.47,0,0,0,0,8.79,3,0.0,,,
2336,2.6040,-0.1110,-0.0950,2.914,good,0.000,3.26,0,0,0,0,12.40,3,0.0,,,
2340,2.6080,-0.1143,-0.1544,2.857,good,0.307,3.64,0,0,0,0,15.01,3,0.0,,,
2343,2.6080,-0.1177,-0.0835,2.863,good,0.000,2.14,0,0,0,0,16.04,2,0.0,,,
2341,2.6120,-0.1147,-0.0520,2.933,good,0.000,2.19,0,0,0,0,13.20,3,0.0,,,
2342,2.6120,-0.1089,-0.1637,2.997,good,0.002,2.94,0,0,0,0,9.70,3,0.0,,,
2346,2.6120,-0.1197,-0.1012,3.003,good,0.000,3.40,0,0,0,0,13.15,2,0.0,,,
2347,2.6120,-0.1154,-0.2278,3.330,good,0.000,3.48,0,0,0,0,4.69,2,0.0,,,
2348,2.6120,-0.1157,0.1811,3.000,sour,1.000,11.40,1,1,1,0,11.91,2,3.2,55|54,2307,2307
2344,2.6160,-0.1163,-0.0870,2.593,good,0.000,7.84,0,0,0,0,23.42,3,0.0,,,
2345,2.6160,-0.1097,0.1038,3.003,black,1.000,50.47,1,1,1,0,9.85,3,3.2,45,2313,2313
2350,2.6160,-0.1168,0.0177,3.001,good,0.000,2.59,0,0,0,0,12.23,2,0.0,,,
2351,2.6160,-0.1161,-0.2268,3.065,good,0.004,4.77,0,0,0,0,10.52,2,0.0,,,
2349,2.6200,-0.1239,-0.0174,3.440,broken,1.000,9.03,1,1,1,0,1.10,2,2.4,29,,
2353,2.6200,-0.1166,-0.2131,3.000,good,0.001,4.30,0,0,0,0,12.19,2,0.0,,,
2354,2.6200,-0.1152,0.0631,3.203,good,0.002,2.25,0,0,0,0,7.19,2,0.0,,,
2361,2.6200,-0.1102,-0.0208,3.000,broken,1.000,9.47,1,1,1,0,10.07,1,2.4,29,2320,
2352,2.6240,-0.1123,0.1213,2.935,good,0.000,1.58,0,0,0,0,12.34,3,0.0,,,
2360,2.6240,-0.1178,0.0463,3.178,good,0.001,2.74,0,0,0,0,8.55,2,0.0,,,
2355,2.6280,-0.1127,0.0192,3.100,insect,1.000,4.30,1,1,1,0,8.62,3,3.1,34,2338,2338
2356,2.6280,-0.1143,-0.1843,2.993,good,0.000,8.08,0,0,0,0,11.61,3,0.0,,,
2357,2.6280,-0.1106,0.2158,2.981,good,0.001,3.09,0,0,0,0,10.63,3,0.0,,,
2358,2.6280,-0.1082,-0.0479,3.005,good,0.000,3.02,0,0,0,0,9.27,3,0.0,,,
2359,2.6280,-0.1083,0.2057,2.935,good,0.003,2.04,0,0,0,0,10.96,3,0.0,,,
2363,2.6280,-0.1200,-0.1697,3.010,good,0.000,2.75,0,0,0,0,13.08,2,0.0,,,
2364,2.6280,-0.1196,0.1960,3.041,good,0.020,2.12,0,0,0,0,12.21,2,0.0,,,
2362,2.6320,-0.1114,0.0213,3.004,faded,0.988,3.49,1,1,1,0,10.38,3,3.2,34,2330,2330
2365,2.6360,-0.1131,-0.0274,3.113,good,0.001,3.01,0,0,0,0,8.46,3,0.0,,,
2366,2.6360,-0.1089,0.0909,3.204,good,0.000,2.50,0,0,0,0,5.20,3,0.0,,,
2367,2.6360,-0.1108,0.1776,2.987,good,0.000,2.68,0,0,0,0,10.59,3,0.0,,,
2368,2.6360,-0.1080,-0.1748,2.997,good,0.000,3.00,0,0,0,0,9.42,3,0.0,,,
2369,2.6400,-0.1126,-0.0751,2.963,good,0.005,10.13,0,0,0,0,11.74,3,0.0,,,
2370,2.6400,-0.1109,0.0524,3.018,good,0.000,2.66,0,0,0,0,9.87,3,0.0,,,
2375,2.6400,-0.1187,-0.0977,3.024,good,0.000,2.30,0,0,0,0,12.31,2,0.0,,,
2371,2.6440,-0.1135,-0.1081,3.003,good,0.002,2.62,0,0,0,0,11.09,3,0.0,,,
2372,2.6440,-0.1116,0.0835,3.060,good,0.062,16.90,0,0,0,0,9.15,3,0.0,,,
2373,2.6440,-0.1093,-0.1536,3.257,good,0.001,2.86,0,0,0,0,4.26,3,0.0,,,
2374,2.6440,-0.1099,0.0306,3.002,good,0.003,2.86,0,0,0,0,9.94,3,0.0,,,
2376,2.6480,-0.1141,-0.0781,3.006,good,0.462,3.06,0,0,0,0,11.24,3,0.0,,,
2377,2.6480,-0.1120,-0.1255,3.252,good,0.000,2.52,0,0,0,0,5.19,3,0.0,,,
2378,2.6480,-0.1092,0.2361,3.004,good,0.004,3.15,0,0,0,0,9.62,3,0.0,,,
2379,2.6560,-0.1111,0.0658,3.005,good,0.000,4.22,0,0,0,0,10.25,3,0.0,,,
2380,2.6600,-0.1123,-0.2126,3.131,good,0.000,2.59,0,0,0,0,7.81,3,0.0,,,
2381,2.6600,-0.1135,-0.0188,3.002,good,0.001,1.82,0,0,0,0,11.11,3,0.0,,,
2382,2.6600,-0.1132,0.1952,2.978,good,0.000,2.54,0,0,0,0,11.61,3,0.0,,,
2383,2.6600,-0.1119,0.0340,2.812,good,0.000,3.51,0,0,0,0,15.34,3,0.0,,,
2385,2.6600,-0.1170,-0.0507,3.033,faded,0.901,5.06,1,1,1,0,11.55,2,3.2,25,2357|2359,2357
2386,2.6600,-0.1171,0.1221,3.007,good,0.000,2.23,0,0,0,0,12.17,2,0.0,,,
2384,2.6640,-0.1180,-0.2429,2.544,good,0.001,2.40,0,0,0,0,25.72,3,0.0,,,
2389,2.6640,-0.1161,0.0983,3.093,good,0.004,6.44,0,0,0,0,9.86,2,0.0,,,
2396,2.6640,-0.1141,0.0920,3.000,good,0.005,4.13,0,0,0,0,11.37,1,0.0,,,
2387,2.6680,-0.1121,0.1783,2.999,broken,0.539,2.97,1,1,1,0,10.73,3,2.4,54|55,2349,2349
2388,2.6680,-0.1116,-0.0233,2.996,good,0.000,2.27,0,0,0,0,10.60,3,0.0,,,
2394,2.6680,-0.1174,-0.0137,2.983,good,0.012,7.39,0,0,0,0,12.88,2,0.0,,,
2395,2.6680,-0.1168,0.1038,3.009,good,0.000,2.29,0,0,0,0,12.05,2,0.0,,,
2390,2.6720,-0.1141,-0.0455,2.980,good,0.000,2.40,0,0,0,0,11.84,3,0.0,,,
2391,2.6720,-0.1142,0.1542,3.006,good,0.000,3.00,0,0,0,0,11.26,3,0.0,,,
2392,2.6720,-0.1123,0.1254,2.998,faded,0.968,3.61,1,1,1,0,10.80,3,3.2,48|47,2372,2372
2393,2.6720,-0.1098,-0.1976,2.916,good,0.000,2.90,0,0,0,0,11.92,3,0.0,,,
2397,2.6760,-0.1149,-0.0973,3.017,good,0.000,2.79,0,0,0,0,11.22,3,0.0,,,
2398,2.6760,-0.1089,-0.1943,3.001,good,0.010,3.26,0,0,0,0,9.63,3,0.0,,,
2403,2.6760,-0.1178,0.1483,2.998,good,0.000,3.61,0,0,0,0,12.67,2,0.0,,,
2399,2.6800,-0.1145,0.0211,2.993,black,1.000,48.50,1,1,1,0,11.66,3,3.2,34,2399,2399
2400,2.6800,-0.1117,0.1232,2.988,good,0.000,2.73,0,0,0,0,10.84,3,0.0,,,
2401,2.6800,-0.1073,0.1974,3.450,good,0.006,6.82,0,0,0,0,0.09,3,0.0,,,
2402,2.6800,-0.1084,-0.0626,3.003,good,0.000,2.39,0,0,0,0,9.38,3,0.0,,,
2404,2.6840,-0.1180,0.0761,2.371,good,0.000,2.53,0,0,0,0,31.95,3,0.0,,,
2405,2.6840,-0.1130,0.0668,2.987,good,0.061,2.86,0,0,0,0,11.30,3,0.0,,,
2406,2.6840,-0.1082,0.1725,3.037,good,0.000,2.18,0,0,0,0,8.56,3,0.0,,,
2410,2.6840,-0.1198,0.1165,2.780,good,0.001,1.71,0,0,0,0,19.05,2,0.0,,,
2411,2.6840,-0.1164,-0.0845,2.999,good,0.001,4.83,0,0,0,0,12.15,2,0.0,,,
2407,2.6880,-0.1130,0.0051,3.008,good,0.100,3.14,0,0,0,0,10.83,3,0.0,,,
2408,2.6880,-0.1123,-0.0130,3.005,good,0.000,2.03,0,0,0,0,10.64,3,0.0,,,
2409,2.6880,-0.1079,-0.1368,3.028,good,0.001,2.97,0,0,0,0,8.67,3,0.0,,,
2416,2.6880,-0.1192,0.1497,2.725,stone,1.000,6.77,1,1,1,0,20.43,2,9.1,51|50|52,2327,
2417,2.6880,-0.1149,0.1891,2.963,good,0.000,2.48,0,0,0,0,12.51,2,0.0,,,
2412,2.6920,-0.1150,-0.2160,3.000,good,0.003,2.98,0,0,0,0,11.67,3,0.0,,,
2413,2.6920,-0.1405,0.1573,3.000,good,0.003,3.02,0,0,0,0,12.18,1,0.0,,,
2414,2.6920,-0.1122,0.0117,3.001,good,0.006,5.02,0,0,0,0,10.71,3,0.0,,,
2415,2.6920,-0.1117,0.1874,2.907,black,1.000,50.65,1,1,1,0,12.81,3,3.2,55|56,2405,2405
2420,2.6920,-0.1161,-0.1220,3.297,good,0.000,3.16,0,0,0,0,5.56,2,0.0,,,
2421,2.6920,-0.1275,0.1543,3.000,good,0.012,3.15,0,0,0,0,11.84,1,0.0,,,
2418,2.6960,-0.1137,0.1282,2.912,good,0.000,2.99,0,0,0,0,13.39,3,0.0,,,
2419,2.6960,-0.1092,0.0289,2.999,broken,0.758,2.21,1,1,1,0,9.76,3,2.4,35,2391,2391
2423,2.6960,-0.1126,-0.1353,3.450,good,0.000,2.66,0,0,0,0,1.64,2,0.0,,,
2422,2.7000,-0.1110,-0.2314,2.994,good,0.000,2.72,0,0,0,0,10.48,3,0.0,,,
2427,2.7000,-0.1161,-0.0237,2.965,good,0.139,6.26,0,0,0,0,12.90,2,0.0,,,
2424,2.7040,-0.1142,0.0122,2.981,good,0.000,2.76,0,0,0,0,11.88,3,0.0,,,
2425,2.7040,-0.1116,0.0819,3.136,good,0.000,3.08,0,0,0,0,7.48,3,0.0,,,
2426,2.7040,-0.1088,-0.0899,2.816,good,0.000,2.24,0,0,0,0,14.15,3,0.0,,,
2432,2.7040,-0.1184,-0.1437,2.992,black,1.000,49.59,1,1,1,0,13.01,2,3.2,13,2404,2404
2433,2.7040,-0.1173,-0.2101,3.035,good,0.000,2.14,0,0,0,0,11.60,2,0.0,,,
2428,2.7080,-0.1154,-0.2000,3.003,good,0.000,3.02,0,0,0,0,11.73,3,0.0,,,
2429,2.7080,-0.1145,-0.1089,3.182,good,0.013,2.93,0,0,0,0,7.43,3,0.0,,,
2430,2.7080,-0.1123,0.0974,3.001,good,0.000,2.34,0,0,0,0,10.74,3,0.0,,,
2431,2.7080,-0.1130,-0.1198,2.983,good,0.000,2.14,0,0,0,0,11.41,3,0.0,,,
2438,2.7080,-0.1161,-0.0753,3.207,good,0.077,3.29,0,0,0,0,7.39,2,0.0,,,
2434,2.7120,-0.1150,-0.1864,2.995,good,0.000,2.28,0,0,0,0,11.78,3,0.0,,,
2435,2.7120,-0.1291,0.0497,2.746,faded,0.991,4.26,1,1,1,0,19.41,2,3.2,38,,
2436,2.7120,-0.1151,0.0712,3.029,sour,1.000,13.69,1,1,1,0,11.01,3,3.2,41|40,2424,2424
2437,2.7120,-0.1121,0.0197,3.019,black,1.000,46.27,1,1,1,0,10.26,3,3.2,34,2420,
2441,2.7120,-0.1177,-0.0570,3.009,good,0.000,2.28,0,0,0,0,12.35,2,0.0,,,
2447,2.7120,-0.1181,0.0465,3.000,faded,0.997,4.14,1,1,1,0,12.70,1,3.2,37|38,2395,
2439,2.7160,-0.1153,-0.0803,2.935,good,0.205,2.86,0,0,0,0,13.36,3,0.0,,,
2440,2.7160,-0.1125,-0.1166,3.001,good,0.000,2.49,0,0,0,0,10.83,3,0.0,,,
2445,2.7160,-0.1190,-0.0946,3.004,good,0.002,6.57,0,0,0,0,12.91,2,0.0,,,
2446,2.7160,-0.1154,-0.0150,3.036,good,0.000,2.77,0,0,0,0,10.96,2,0.0,,,
2442,2.7200,-0.1128,0.0998,3.022,good,0.000,2.89,0,0,0,0,10.43,3,0.0,,,
2443,2.7200,-0.1134,-0.2316,2.942,good,0.000,1.89,0,0,0,0,12.53,3,0.0,,,
2444,2.7200,-0.1097,0.0101,3.007,good,0.000,3.81,0,0,0,0,9.76,3,0.0,,,
2450,2.7200,-0.1192,0.1907,2.997,good,0.004,2.80,0,0,0,0,13.15,2,0.0,,,
2451,2.7200,-0.1172,0.0518,3.000,good,0.000,3.10,0,0,0,0,12.40,2,0.0,,,
2448,2.7240,-0.1259,-0.1232,2.438,good,0.000,2.16,0,0,0,0,28.67,2,0.0,,,
2449,2.7240,-0.1096,-0.2142,3.096,good,0.000,3.18,0,0,0,0,7.70,3,0.0,,,
2452,2.7240,-0.1180,-0.1996,3.450,good,0.009,10.13,0,0,0,0,3.18,2,0.0,,,
2453,2.7240,-0.1183,-0.0381,2.867,good,0.000,1.55,0,0,0,0,16.15,2,0.0,,,
2456,2.7240,-0.1161,-0.1267,3.000,good,0.000,2.03,0,0,0,0,12.04,1,0.0,,,
2454,2.7280,-0.1179,0.0356,3.002,good,0.000,2.07,0,0,0,0,12.57,2,0.0,,,
2455,2.7280,-0.1166,-0.2029,2.793,good,0.213,3.03,0,0,0,0,17.57,2,0.0,,,
2459,2.7320,-0.1152,-0.2151,3.246,good,0.000,1.96,0,0,0,0,6.30,2,0.0,,,
2457,2.7360,-0.1254,0.1660,2.446,good,0.003,3.61,0,0,0,0,28.14,2,0.0,,,
2458,2.7360,-0.1089,-0.0606,3.042,faded,0.999,5.26,1,1,1,0,8.68,3,3.2,24,2434,2434
2463,2.7360,-0.1166,-0.0151,3.397,good,0.001,2.94,0,0,0,0,3.77,2,0.0,,,
2464,2.7360,-0.1146,0.1908,3.039,good,0.008,7.94,0,0,0,0,10.60,2,0.0,,,
2470,2.7360,-0.1156,0.1692,3.000,good,0.007,3.58,0,0,0,0,11.88,1,0.0,,,
2460,2.7400,-0.1135,-0.0356,2.927,good,0.001,2.30,0,0,0,0,12.96,3,0.0,,,
2461,2.7400,-0.1142,0.1203,2.998,good,0.001,7.52,0,0,0,0,11.43,3,0.0,,,
2462,2.7400,-0.1105,0.2221,3.025,good,0.003,2.96,0,0,0,0,9.57,3,0.0,,,
2465,2.7400,-0.1194,-0.0184,3.082,good,0.017,8.42,0,0,0,0,11.21,2,0.0,,,
2466,2.7400,-0.1182,-0.1737,3.004,good,0.001,2.01,0,0,0,0,12.66,2,0.0,,,
2467,2.7400,-0.1157,-0.1074,3.206,good,0.026,3.90,0,0,0,0,7.29,2,0.0,,,
2468,2.7400,-0.1179,-0.0928,2.841,good,0.010,2.32,0,0,0,0,16.69,2,0.0,,,
2469,2.7400,-0.1163,-0.0443,3.035,good,0.004,2.70,0,0,0,0,11.29,2,0.0,,,
2471,2.7440,-0.1197,-0.1213,2.972,good,0.000,3.98,0,0,0,0,13.93,2,0.0,,,
2474,2.7480,-0.1185,-0.1154,3.003,good,0.001,3.25,0,0,0,0,12.77,2,0.0,,,
2475,2.7480,-0.1169,0.0679,3.102,good,0.000,2.21,0,0,0,0,9.95,2,0.0,,,
2472,2.7520,-0.1286,-0.2283,2.309,good,0.013,2.77,0,0,0,0,35.04,2,0.0,,,
2473,2.7520,-0.1088,-0.1417,2.996,good,0.000,1.92,0,0,0,0,9.70,3,0.0,,,
2483,2.7520,-0.1195,-0.2244,3.000,good,0.158,2.48,0,0,0,0,13.16,1,0.0,,,
2476,2.7560,-0.1135,0.1118,3.174,good,0.001,2.45,0,0,0,0,7.26,3,0.0,,,
2477,2.7560,-0.1152,0.2238,2.927,sour,0.995,35.42,1,1,1,0,13.53,3,3.2,60,2445,
2478,2.7560,-0.1088,0.0184,3.098,good,0.009,3.19,0,0,0,0,7.39,3,0.0,,,
2479,2.7600,-0.1135,0.1927,3.119,good,0.000,1.93,0,0,0,0,8.46,3,0.0,,,
2480,2.7600,-0.1111,0.0631,3.001,faded,0.970,4.38,1,1,1,0,10.35,3,3.2,40|39,2456,
2481,2.7600,-0.1106,0.1586,2.882,good,0.000,2.49,0,0,0,0,13.07,3,0.0,,,
2482,2.7600,-0.1079,0.0860,3.041,good,0.000,1.99,0,0,0,0,8.37,3,0.0,,,
2487,2.7600,-0.1134,-0.1098,3.450,good,0.060,5.08,0,0,0,0,1.86,2,0.0,,,
2491,2.7600,-0.1011,-0.2199,3.000,good,0.010,2.56,0,0,0,0,7.03,1,0.0,,,
2484,2.7640,-0.1136,-0.1729,2.984,good,0.001,2.74,0,0,0,0,11.57,3,0.0,,,
2485,2.7640,-0.1091,0.0568,2.994,good,0.000,3.02,0,0,0,0,9.85,3,0.0,,,
2486,2.7640,-0.1124,0.1042,2.394,good,0.000,1.80,0,0,0,0,28.71,3,0.0,,,
2490,2.7640,-0.1200,-0.1584,2.902,good,0.001,2.43,0,0,0,0,15.80,2,0.0,,,
2488,2.7680,-0.1136,0.0230,2.910,good,0.002,5.79,0,0,0,0,13.41,3,0.0,,,
2489,2.7680,-0.1131,0.2424,3.001,good,0.000,1.99,0,0,0,0,11.00,3,0.0,,,
2495,2.7680,-0.1156,-0.0651,3.003,good,0.000,2.81,0,0,0,0,11.81,2,0.0,,,
2496,2.7680,-0.1153,0.2073,2.976,good,0.046,4.16,0,0,0,0,12.33,2,0.0,,,
2492,2.7720,-0.1148,0.1149,2.988,good,0.000,3.23,0,0,0,0,11.88,3,0.0,,,
2493,2.7720,-0.1130,-0.0286,3.008,faded,0.875,3.51,1,1,1,0,10.80,3,3.2,28,2464,2464
2494,2.7720,-0.1083,-0.1707,2.939,good,0.000,3.55,0,0,0,0,10.86,3,0.0,,,
2497,2.7760,-0.1087,0.0576,3.450,good,0.003,3.63,0,0,0,0,0.49,3,0.0,,,
2498,2.7760,-0.1121,0.1849,2.809,good,0.000,3.24,0,0,0,0,15.50,3,0.0,,,
2506,2.7760,-0.1279,0.1717,3.000,good,0.172,5.98,0,0,0,0,11.97,1,0.0,,,
2512,2.7760,-0.1157,0.1680,3.000,good,0.002,6.03,0,0,0,0,11.91,1,0.0,,,
2499,2.7800,-0.1152,-0.0255,3.014,good,0.000,8.27,0,0,0,0,11.41,3,0.0,,,
2500,2.7800,-0.1131,-0.1203,2.984,good,0.007,3.18,0,0,0,0,11.40,3,0.0,,,
2501,2.7800,-0.1131,0.0634,2.992,good,0.000,2.42,0,0,0,0,11.20,3,0.0,,,
2502,2.7800,-0.1117,0.1355,2.980,good,0.000,3.03,0,0,0,0,11.06,3,0.0,,,
2503,2.7800,-0.1124,-0.0083,2.975,good,0.001,2.19,0,0,0,0,11.39,3,0.0,,,
2504,2.7800,-0.1084,0.0268,2.990,good,0.000,2.92,0,0,0,0,9.70,3,0.0,,,
2505,2.7800,-0.1084,0.0856,3.001,good,0.001,2.13,0,0,0,0,9.44,3,0.0,,,
2509,2.7800,-0.1195,0.0477,2.994,good,0.000,2.07,0,0,0,0,13.31,2,0.0,,,
2510,2.7800,-0.1186,0.1182,2.925,good,0.007,3.03,0,0,0,0,14.73,2,0.0,,,
2511,2.7800,-0.1137,0.0928,3.450,good,0.021,7.66,0,0,0,0,1.95,2,0.0,,,
2514,2.7800,-0.1036,0.1643,3.000,good,0.014,5.91,0,0,0,0,7.85,1,0.0,,,
2507,2.7840,-0.1124,0.1474,3.056,good,0.000,3.42,0,0,0,0,9.51,3,0.0,,,
2508,2.7840,-0.1086,0.1373,3.003,good,0.027,2.72,0,0,0,0,9.47,3,0.0,,,
2513,2.7880,-0.1082,0.0411,3.004,good,0.001,3.05,0,0,0,0,9.32,3,0.0,,,
2519,2.7880,-0.1161,-0.2284,3.450,good,0.001,2.57,0,0,0,0,2.65,2,0.0,,,
2515,2.7920,-0.1159,0.2040,2.669,good,0.019,2.78,0,0,0,0,20.90,3,0.0,,,
2516,2.7920,-0.1100,0.0054,3.012,good,0.001,2.52,0,0,0,0,9.73,3,0.0,,,
2517,2.7920,-0.1107,-0.1735,3.014,good,0.000,1.96,0,0,0,0,9.89,3,0.0,,,
2518,2.7920,-0.1099,-0.1989,2.991,good,0.000,2.02,0,0,0,0,10.20,3,0.0,,,
2522,2.7920,-0.1174,-0.1496,3.114,good,0.537,3.97,1,1,1,0,9.83,2,3.0,12|13,2489,2489
2523,2.7920,-0.1146,-0.0969,3.242,good,0.139,2.96,0,0,0,0,6.21,2,0.0,,,
2520,2.7960,-0.1162,-0.2314,3.000,good,0.001,3.16,0,0,0,0,12.08,3,0.0,,,
2521,2.7960,-0.1362,-0.1810,3.000,good,0.000,2.94,0,0,0,0,10.74,1,0.0,,,
2529,2.7960,-0.1243,-0.1843,3.000,good,0.000,3.00,0,0,0,0,10.76,1,0.0,,,
2533,2.7960,-0.1124,-0.1876,3.000,good,0.001,2.73,0,0,0,0,10.79,1,0.0,,,
2524,2.8000,-0.1401,0.0387,3.000,good,0.035,3.90,0,0,0,0,12.03,1,0.0,,,
2525,2.8000,-0.1159,0.1994,2.767,faded,0.999,6.35,1,1,1,0,18.03,3,3.2,57,2461,
2526,2.8000,-0.1134,-0.1287,2.948,good,0.000,2.18,0,0,0,0,12.38,3,0.0,,,
2527,2.8000,-0.1074,-0.2153,3.415,good,0.000,3.88,0,0,0,0,0.73,3,0.0,,,
2528,2.8000,-0.1110,-0.1591,2.895,good,0.001,1.92,0,0,0,0,12.89,3,0.0,,,
2531,2.8000,-0.1303,0.0347,3.000,good,0.004,3.57,0,0,0,0,12.77,1,0.0,,,
2532,2.8000,-0.1155,0.1315,3.440,good,0.000,1.94,0,0,0,0,2.64,2,0.0,,,
2530,2.8040,-0.1160,0.1302,2.998,good,0.000,2.05,0,0,0,0,12.06,3,0.0,,,
2535,2.8040,-0.1205,0.0306,3.000,good,0.004,3.59,0,0,0,0,9.52,1,0.0,,,
2539,2.8040,-0.1108,0.0265,3.000,good,0.004,3.55,0,0,0,0,10.26,1,0.0,,,
2534,2.8080,-0.1103,0.1963,3.124,good,0.002,2.41,0,0,0,0,7.31,3,0.0,,,
2546,2.8080,-0.1010,0.0225,3.000,good,0.002,3.56,0,0,0,0,7.00,1,0.0,,,
2536,2.8120,-0.1374,-0.0456,3.000,good,0.019,2.81,0,0,0,0,11.13,1,0.0,,,
2537,2.8120,-0.1335,-0.0385,3.000,good,0.001,2.98,0,0,0,0,9.84,1,0.0,,,
2538,2.8120,-0.1099,0.2401,3.025,good,0.001,3.49,0,0,0,0,9.38,3,0.0,,,
2544,2.8120,-0.1172,-0.0691,3.005,good,0.002,2.45,0,0,0,0,12.29,2,0.0,,,
2545,2.8120,-0.1142,-0.0413,2.630,good,0.001,6.16,0,0,0,0,21.45,2,0.0,,,
2540,2.8160,-0.1131,-0.0668,3.239,faded,0.610,3.84,1,1,1,0,5.80,3,3.2,23,2498,
2541,2.8160,-0.1142,-0.0224,2.932,good,0.336,4.53,0,0,0,0,13.06,3,0.0,,,
2542,2.8160,-0.1143,0.2032,2.921,faded,0.999,7.21,1,1,1,0,13.39,3,3.2,58|57,2528,2528
2543,2.8160,-0.1121,0.0754,3.000,good,0.000,3.26,0,0,0,0,10.70,3,0.0,,,
2553,2.8160,-0.1034,-0.0375,3.000,good,0.001,3.10,0,0,0,0,7.79,1,0.0,,,
2554,2.8160,-0.1041,-0.0452,3.000,good,0.014,2.70,0,0,0,0,8.04,1,0.0,,,
2547,2.8200,-0.1146,0.1529,3.000,good,0.000,3.31,0,0,0,0,11.54,3,0.0,,,
2548,2.8200,-0.1104,-0.1826,2.999,good,0.000,2.87,0,0,0,0,10.14,3,0.0,,,
2550,2.8200,-0.1194,-0.1810,3.000,sour,1.000,14.64,1,1,1,0,13.13,2,3.2,8|9,2518,2518
2551,2.8200,-0.1163,0.1264,2.936,good,0.000,2.80,0,0,0,0,13.68,2,0.0,,,
2552,2.8200,-0.1162,0.1960,3.012,good,0.000,5.26,0,0,0,0,11.79,2,0.0,,,
2549,2.8240,-0.1331,0.2202,3.000,shell,1.000,9.43,1,1,1,0,9.71,1,2.4,60|59,,
2557,2.8240,-0.1080,0.2232,3.121,shell,1.000,22.84,1,1,1,0,6.64,2,2.4,60,2526,
2555,2.8280,-0.1156,-0.0914,2.870,insect,1.000,8.33,1,1,1,0,15.12,3,3.1,20,2532,2532
2556,2.8280,-0.1153,0.0513,2.791,good,0.000,3.01,0,0,0,0,17.14,3,0.0,,,
2559,2.8280,-0.1165,0.0667,3.038,sour,1.000,13.18,1,1,1,0,11.27,2,3.2,40,2541,2541
2558,2.8320,-0.1080,-0.0161,3.035,good,0.072,9.49,0,0,0,0,8.54,3,0.0,,,
2564,2.8320,-0.1174,-0.1761,3.084,good,0.000,2.57,0,0,0,0,10.48,2,0.0,,,
2565,2.8320,-0.1168,-0.1678,2.998,good,0.000,2.27,0,0,0,0,12.32,2,0.0,,,
2560,2.8360,-0.1283,-0.1351,2.451,faded,0.734,4.08,1,1,1,0,29.13,2,3.2,14,,
2561,2.8360,-0.1135,0.1408,2.887,good,0.000,2.02,0,0,0,0,13.94,3,0.0,,,
2562,2.8360,-0.1107,-0.1121,2.985,good,0.000,2.36,0,0,0,0,10.57,3,0.0,,,
2563,2.8360,-0.1098,0.0175,2.990,good,0.000,2.43,0,0,0,0,10.17,3,0.0,,,
2566,2.8400,-0.1147,-0.0613,3.009,black,1.000,46.95,1,1,1,0,11.34,3,3.2,24|23,2508,2508
2567,2.8400,-0.1097,-0.1423,3.155,faded,0.978,5.98,1,1,1,0,6.48,3,3.2,13,2522|2537,2537
2568,2.8400,-0.1079,-0.1234,3.110,good,0.001,2.91,0,0,0,0,6.85,3,0.0,,,
2569,2.8400,-0.1078,-0.1543,3.179,good,0.003,2.00,0,0,0,0,5.38,3,0.0,,,
2570,2.8400,-0.1089,0.1266,2.996,good,0.000,2.79,0,0,0,0,9.72,3,0.0,,,
2571,2.8440,-0.1108,0.1325,2.874,good,0.000,2.90,0,0,0,0,13.33,3,0.0,,,
2572,2.8440,-0.1093,-0.1878,2.999,good,0.000,1.66,0,0,0,0,9.77,3,0.0,,,
2573,2.8480,-0.1131,0.0803,2.928,good,0.001,2.89,0,0,0,0,12.79,3,0.0,,,
2576,2.8480,-0.1168,-0.0038,3.010,good,0.000,3.40,0,0,0,0,12.01,2,0.0,,,
2577,2.8480,-0.1171,0.0370,3.009,good,0.000,2.31,0,0,0,0,12.15,2,0.0,,,
2574,2.8520,-0.1241,-0.2164,3.450,good,0.000,6.45,0,0,0,0,0.97,2,0.0,,,
2575,2.8520,-0.1060,0.1704,3.450,insect,1.000,4.43,1,1,1,0,-0.28,3,3.1,53|54,2540,
2580,2.8520,-0.1187,0.1181,2.930,good,0.000,1.54,0,0,0,0,14.65,2,0.0,,,
2582,2.8520,-0.1101,-0.2130,3.000,good,0.000,6.35,0,0,0,0,10.05,1,0.0,,,
2578,2.8560,-0.1107,0.0866,3.010,good,0.000,4.19,0,0,0,0,9.99,3,0.0,,,
2579,2.8560,-0.1088,0.1025,2.987,good,0.000,3.04,0,0,0,0,9.91,3,0.0,,,
2581,2.8560,-0.1184,-0.0934,3.000,good,0.000,2.62,0,0,0,0,12.80,2,0.0,,,
2588,2.8600,-0.1188,0.1444,3.003,insect,1.000,3.35,1,1,1,0,12.87,2,3.1,50,2570,2570
2589,2.8600,-0.1163,0.1570,2.994,good,0.000,2.08,0,0,0,0,12.26,2,0.0,,,
2583,2.8640,-0.1158,-0.0501,2.713,good,0.034,2.61,0,0,0,0,19.52,3,0.0,,,
2584,2.8640,-0.1117,0.0666,3.000,good,0.002,2.72,0,0,0,0,10.59,3,0.0,,,
2585,2.8640,-0.1103,-0.1894,3.225,good,0.005,2.61,0,0,0,0,5.21,3,0.0,,,
2586,2.8640,-0.1113,0.0324,2.999,good,0.000,1.71,0,0,0,0,10.45,3,0.0,,,
2587,2.8640,-0.1084,-0.1182,2.983,insect,1.000,5.50,1,1,1,0,9.87,3,3.1,16|17,2551,2551
2591,2.8640,-0.1200,0.0945,2.993,good,0.000,3.04,0,0,0,0,13.49,2,0.0,,,
2593,2.8640,-0.1172,0.0201,2.983,good,0.000,1.78,0,0,0,0,12.82,2,0.0,,,
2594,2.8640,-0.1176,0.0788,2.993,good,0.000,2.27,0,0,0,0,12.69,2,0.0,,,
2595,2.8640,-0.1169,-0.0149,3.019,good,0.222,2.79,0,0,0,0,11.84,2,0.0,,,
2590,2.8680,-0.1116,-0.0027,3.240,broken,1.000,11.61,1,1,1,0,5.29,3,2.4,31,2584,
2592,2.8680,-0.1201,-0.1507,2.965,good,0.005,2.03,0,0,0,0,10.24,2,0.0,,,
2598,2.8680,-0.1198,0.1018,2.990,good,0.000,3.64,0,0,0,0,13.49,2,0.0,,,
2600,2.8680,-0.1289,0.1856,3.000,husk,1.000,69.44,1,1,1,0,12.31,1,2.4,55,,
2604,2.8680,-0.1151,0.1889,3.000,husk,1.000,63.24,1,1,1,0,11.68,1,2.4,56|55,2566,
2605,2.8680,-0.1083,-0.1477,3.000,good,0.006,2.04,0,0,0,0,9.42,1,0.0,,,
2596,2.8720,-0.1125,-0.1755,3.251,good,0.000,3.26,0,0,0,0,5.38,3,0.0,,,
2597,2.8720,-0.1130,0.2280,2.964,good,0.089,5.63,0,0,0,0,11.86,3,0.0,,,
2599,2.8720,-0.1086,0.1421,3.017,good,0.001,3.20,0,0,0,0,9.16,3,0.0,,,
2609,2.8720,-0.1011,0.1922,3.000,husk,1.000,61.16,1,1,1,0,7.04,1,2.4,56,2566,
2601,2.8760,-0.1130,0.1780,2.991,sour,0.998,16.65,1,1,1,0,11.21,3,3.2,54,2560|2579,2560
2602,2.8760,-0.1096,-0.2053,2.997,good,0.008,1.67,0,0,0,0,9.92,3,0.0,,,
2603,2.8760,-0.1089,-0.0412,3.027,good,0.000,3.80,0,0,0,0,9.00,3,0.0,,,
2608,2.8760,-0.1195,0.0381,2.978,good,0.000,1.83,0,0,0,0,13.71,2,0.0,,,
2606,2.8800,-0.1147,-0.0401,2.996,good,0.001,2.87,0,0,0,0,11.64,3,0.0,,,
2607,2.8800,-0.1101,0.0105,2.995,faded,1.000,4.96,1,1,1,0,10.15,3,3.2,33,2588,2588
2613,2.8800,-0.1196,-0.2377,3.001,good,0.015,3.78,0,0,0,0,13.16,2,0.0,,,
2614,2.8800,-0.1148,0.1712,3.003,faded,0.519,5.40,1,1,1,0,11.54,2,3.2,53|54,2572|2582,2572|2582
2610,2.8840,-0.1138,-0.0530,3.000,faded,0.998,12.17,1,1,1,0,11.28,3,3.2,25,2592,2592
2611,2.8840,-0.1088,0.0719,3.182,faded,0.752,3.33,1,1,1,0,5.61,3,3.2,41,2593,2593
2612,2.8840,-0.1221,-0.0300,2.723,good,0.189,4.23,0,0,0,0,17.59,2,0.0,,,
2628,2.8840,-0.1112,-0.0256,3.000,good,0.337,4.22,0,0,0,0,10.40,1,0.0,,,
2615,2.8880,-0.1181,-0.0419,2.768,faded,0.826,3.11,1,1,1,0,18.81,3,3.2,26,2586,2586
2616,2.8880,-0.1364,-0.2333,3.000,good,0.005,3.17,0,0,0,0,10.82,1,0.0,,,
2617,2.8880,-0.1100,0.0357,3.001,good,0.000,2.94,0,0,0,0,9.96,3,0.0,,,
2618,2.8880,-0.1113,-0.1234,2.654,faded,0.882,4.33,1,1,1,0,19.59,3,3.2,16,2574,
2626,2.8880,-0.1161,0.1419,3.001,good,0.011,2.71,0,0,0,0,12.00,2,0.0,,,
2627,2.8880,-0.1227,-0.2363,3.000,good,0.001,3.11,0,0,0,0,10.23,1,0.0,,,
2632,2.8880,-0.1195,0.0015,3.000,good,0.001,2.52,0,0,0,0,13.17,1,0.0,,,
2633,2.8880,-0.1089,-0.2394,3.000,good,0.000,3.20,0,0,0,0,9.65,1,0.0,,,
2619,2.8920,-0.1199,-0.0640,2.543,good,0.001,3.18,0,0,0,0,26.50,3,0.0,,,
2620,2.8920,-0.1149,0.0058,2.643,good,0.000,7.02,0,0,0,0,21.33,3,0.0,,,
2621,2.8920,-0.1130,0.1628,3.013,good,0.000,2.60,0,0,0,0,10.70,3,0.0,,,
2622,2.8920,-0.1127,-0.1480,2.990,good,0.000,2.61,0,0,0,0,11.16,3,0.0,,,
2623,2.8920,-0.1110,-0.0164,3.082,good,0.000,3.61,0,0,0,0,8.47,3,0.0,,,
2624,2.8920,-0.1105,0.0805,2.989,good,0.000,2.48,0,0,0,0,10.42,3,0.0,,,
2625,2.8920,-0.1114,-0.0529,2.656,good,0.000,2.43,0,0,0,0,19.59,3,0.0,,,
2636,2.8920,-0.1006,-0.1203,3.000,faded,0.858,4.33,1,1,1,0,6.88,1,3.2,16,2574,
2629,2.8960,-0.1263,-0.1117,3.450,shell,0.999,22.90,1,1,1,0,1.60,2,2.4,17,2609,
2630,2.8960,-0.1092,-0.0267,3.070,good,0.001,3.17,0,0,0,0,8.15,3,0.0,,,
2631,2.8960,-0.1090,0.1731,2.993,good,0.006,3.07,0,0,0,0,9.81,3,0.0,,,
2634,2.9000,-0.1114,0.1546,2.999,good,0.000,2.69,0,0,0,0,10.49,3,0.0,,,
2635,2.9000,-0.1109,-0.1182,2.997,good,0.002,1.66,0,0,0,0,10.39,3,0.0,,,
2640,2.9000,-0.1230,-0.0501,3.000,stone,1.000,14.88,1,1,1,0,10.34,1,9.1,25|26|24,,
2646,2.9000,-0.1092,-0.0531,3.000,stone,1.000,14.26,1,1,1,0,9.75,1,9.1,25|24|26,2535,
2637,2.9040,-0.1246,0.1450,2.746,good,0.005,5.15,0,0,0,0,17.77,2,0.0,,,
2638,2.9040,-0.1100,0.1716,3.132,good,0.000,2.23,0,0,0,0,7.06,3,0.0,,,
2639,2.9040,-0.1324,-0.0547,3.000,good,0.000,2.09,0,0,0,0,9.47,1,0.0,,,
2643,2.9040,-0.1195,0.1818,3.233,good,0.000,1.63,0,0,0,0,7.89,2,0.0,,,
2644,2.9040,-0.1196,-0.0151,2.326,good,0.003,8.06,0,0,0,0,34.40,2,0.0,,,
2645,2.9040,-0.1204,-0.0582,3.000,good,0.003,2.26,0,0,0,0,9.47,1,0.0,,,
2649,2.9040,-0.1113,0.1421,3.000,good,0.008,7.38,0,0,0,0,10.43,1,0.0,,,
2650,2.9040,-0.1084,-0.0617,3.000,good,0.001,2.30,0,0,0,0,9.46,1,0.0,,,
2651,2.9040,-0.1027,-0.0158,3.000,good,0.016,3.63,0,0,0,0,7.57,1,0.0,,,
2641,2.9080,-0.1154,0.0164,2.985,good,0.000,3.60,0,0,0,0,12.16,3,0.0,,,
2642,2.9080,-0.1118,-0.0956,3.017,good,0.011,3.21,0,0,0,0,10.19,3,0.0,,,
2648,2.9080,-0.1139,-0.0345,3.410,good,0.036,2.37,0,0,0,0,2.75,2,0.0,,,
2647,2.9120,-0.1088,-0.2338,3.025,good,0.000,2.55,0,0,0,0,9.03,3,0.0,,,
2653,2.9120,-0.1158,-0.1217,3.450,good,0.001,5.90,0,0,0,0,2.54,2,0.0,,,
2654,2.9120,-0.1196,0.0077,3.028,broken,0.881,2.84,1,1,1,0,12.52,2,2.4,32|33,2622,2622
2655,2.9120,-0.1149,-0.0618,3.450,good,0.096,2.16,0,0,0,0,2.29,2,0.0,,,
2663,2.9120,-0.1012,-0.1290,3.000,good,0.001,38.90,1,1,1,0,7.08,1,9.0,15|14|16,2583,2583
2652,2.9160,-0.1163,-0.1936,2.696,good,0.006,3.26,0,0,0,0,20.24,3,0.0,,,
2658,2.9160,-0.1191,0.2292,3.003,good,0.002,2.46,0,0,0,0,12.96,2,0.0,,,
2659,2.9160,-0.1158,-0.1504,3.450,good,0.001,7.67,0,0,0,0,2.56,2,0.0,,,
2660,2.9160,-0.1180,-0.1328,2.951,good,0.000,1.71,0,0,0,0,13.89,2,0.0,,,
2661,2.9160,-0.1132,-0.0803,3.401,good,0.000,3.00,0,0,0,0,2.70,2,0.0,,,
2662,2.9160,-0.1103,-0.1248,3.450,good,0.000,1.85,0,0,0,0,0.94,2,0.0,,,
2656,2.9200,-0.1104,-0.1041,3.393,good,0.001,6.17,0,0,0,0,2.01,3,0.0,,,
2657,2.9200,-0.1153,0.0899,2.765,good,0.009,2.88,0,0,0,0,17.84,3,0.0,,,
2666,2.9200,-0.1186,-0.0043,3.226,good,0.000,3.13,0,0,0,0,7.76,2,0.0,,,
2668,2.9200,-0.1183,-0.0212,3.012,good,0.000,2.56,0,0,0,0,12.47,2,0.0,,,
2672,2.9200,-0.1055,-0.1971,3.000,good,0.004,3.14,0,0,0,0,8.50,1,0.0,,,
2664,2.9240,-0.1074,-0.2146,3.323,good,0.001,2.17,0,0,0,0,2.41,3,0.0,,,
2665,2.9240,-0.1105,-0.1367,3.004,sour,0.998,7.81,1,1,1,0,10.07,3,3.2,14,2627,2627
2667,2.9240,-0.1081,0.1996,2.994,broken,0.592,2.18,1,1,1,0,9.49,3,2.4,57,2608,2608
2671,2.9240,-0.1194,-0.0421,3.231,good,0.008,3.65,0,0,0,0,7.92,2,0.0,,,
2676,2.9240,-0.1045,0.0864,3.000,good,0.003,3.02,0,0,0,0,8.17,1,0.0,,,
2669,2.9280,-0.1127,0.0031,3.001,good,0.000,3.10,0,0,0,0,10.90,3,0.0,,,
2670,2.9280,-0.1108,-0.2154,3.023,good,0.000,2.32,0,0,0,0,9.73,3,0.0,,,
2674,2.9280,-0.1192,0.2156,2.961,good,0.007,2.86,0,0,0,0,14.03,2,0.0,,,
2675,2.9280,-0.1134,-0.1929,3.253,good,0.060,3.48,0,0,0,0,5.60,2,0.0,,,
2680,2.9280,-0.1065,-0.0463,3.000,good,0.009,3.55,0,0,0,0,8.84,1,0.0,,,
2673,2.9320,-0.1096,-0.0648,3.283,good,0.009,2.89,0,0,0,0,3.86,3,0.0,,,
2679,2.9320,-0.1193,-0.0479,2.993,good,0.051,3.56,0,0,0,0,13.26,2,0.0,,,
2677,2.9360,-0.1370,0.2166,3.000,stick,1.000,44.43,1,1,1,0,11.00,1,2.4,59,,
2678,2.9360,-0.1111,0.0211,2.924,black,1.000,47.93,1,1,1,0,12.18,3,3.2,34,2623,2623
2683,2.9360,-0.1244,0.2197,3.000,stick,1.000,44.60,1,1,1,0,10.81,1,2.4,60|59,,
2686,2.9360,-0.1118,0.2228,3.000,stick,1.000,44.16,1,1,1,0,10.61,1,2.4,60,2634,
2681,2.9400,-0.1107,0.0520,3.001,good,0.001,3.04,0,0,0,0,10.23,3,0.0,,,
2682,2.9400,-0.1098,-0.1369,2.662,good,0.000,2.98,0,0,0,0,18.82,3,0.0,,,
2684,2.9440,-0.1118,0.0832,3.000,insect,1.000,3.89,1,1,1,0,10.59,3,3.1,42,2635,2635
2685,2.9440,-0.1106,-0.1869,2.640,good,0.015,2.83,0,0,0,0,19.76,3,0.0,,,
2690,2.9440,-0.1193,-0.0256,2.815,good,0.000,2.14,0,0,0,0,17.89,2,0.0,,,
2687,2.9480,-0.1408,0.1662,3.000,good,0.001,5.27,0,0,0,0,12.27,1,0.0,,,
2688,2.9480,-0.1109,-0.2067,3.258,good,0.021,3.14,0,0,0,0,4.73,3,0.0,,,
2689,2.9480,-0.1104,0.2351,3.053,good,0.012,8.88,0,0,0,0,8.90,3,0.0,,,
2694,2.9480,-0.1187,-0.0034,3.017,good,0.000,2.92,0,0,0,0,12.48,2,0.0,,,
2695,2.9480,-0.1177,-0.1695,2.997,good,0.000,3.20,0,0,0,0,12.63,2,0.0,,,
2691,2.9520,-0.1102,0.1986,3.122,good,0.000,3.87,0,0,0,0,7.33,3,0.0,,,
2692,2.9520,-0.1100,-0.0343,3.013,good,0.000,2.71,0,0,0,0,9.71,3,0.0,,,
2693,2.9520,-0.1351,0.1681,3.000,good,0.001,5.09,0,0,0,0,10.35,1,0.0,,,
2697,2.9520,-0.1293,0.1700,3.000,good,0.000,4.55,0,0,0,0,12.43,1,0.0,,,
2696,2.9560,-0.1113,0.0193,2.981,good,0.000,2.09,0,0,0,0,10.90,3,0.0,,,
2700,2.9560,-0.1235,0.1720,3.000,good,0.000,4.67,0,0,0,0,10.51,1,0.0,,,
2704,2.9560,-0.1178,0.1739,3.000,good,0.002,5.09,0,0,0,0,12.61,1,0.0,,,
2698,2.9600,-0.1128,-0.1936,2.934,good,0.000,1.71,0,0,0,0,12.53,3,0.0,,,
2699,2.9600,-0.1117,-0.0812,2.998,good,0.000,2.33,0,0,0,0,10.63,3,0.0,,,
2702,2.9600,-0.1168,0.2272,3.039,good,0.000,2.52,0,0,0,0,11.32,2,0.0,,,
2703,2.9600,-0.1113,0.0914,3.450,good,0.000,3.37,0,0,0,0,1.23,2,0.0,,,
2710,2.9600,-0.1121,0.1758,3.000,good,0.001,5.44,0,0,0,0,10.69,1,0.0,,,
2701,2.9640,-0.1156,0.0653,2.919,good,0.002,2.15,0,0,0,0,13.87,3,0.0,,,
2709,2.9640,-0.1166,-0.2007,2.999,good,0.003,2.45,0,0,0,0,12.24,2,0.0,,,
2716,2.9640,-0.1063,0.1777,3.000,good,0.001,5.22,0,0,0,0,8.77,1,0.0,,,
2705,2.9680,-0.1182,-0.0130,2.476,good,0.003,2.16,0,0,0,0,28.13,3,0.0,,,
2706,2.9680,-0.1117,-0.1478,2.996,good,0.000,2.00,0,0,0,0,10.65,3,0.0,,,
2707,2.9680,-0.1076,-0.1703,3.267,good,0.003,2.99,0,0,0,0,3.56,3,0.0,,,
2708,2.9680,-0.1093,-0.0334,3.165,good,0.000,2.83,0,0,0,0,6.12,3,0.0,,,
2721,2.9680,-0.1006,0.1796,3.000,good,0.001,5.32,0,0,0,0,6.86,1,0.0,,,
2711,2.9720,-0.1183,-0.2128,2.646,sour,1.000,23.67,1,1,1,0,22.51,3,3.2,4,2663,2663
2712,2.9720,-0.1192,-0.0791,2.482,good,0.003,10.97,0,0,0,0,28.31,3,0.0,,,
2713,2.9720,-0.1158,0.1138,2.918,good,0.000,2.22,0,0,0,0,13.94,3,0.0,,,
2714,2.9720,-0.1140,0.1492,3.180,good,0.000,2.06,0,0,0,0,7.31,3,0.0,,,
2715,2.9720,-0.1124,0.1757,2.903,good,0.000,3.12,0,0,0,0,13.16,3,0.0,,,
2719,2.9720,-0.1192,0.1242,3.034,good,0.000,2.73,0,0,0,0,12.24,2,0.0,,,
2720,2.9720,-0.1164,0.0215,2.909,good,0.000,3.94,0,0,0,0,14.40,2,0.0,,,
2717,2.9760,-0.1146,0.2041,2.991,sour,1.000,14.82,1,1,1,0,11.75,3,3.2,58|57,2654,2654
2718,2.9760,-0.1092,-0.0681,3.012,good,0.006,3.04,0,0,0,0,9.47,3,0.0,,,
2725,2.9760,-0.1180,-0.0606,3.011,good,0.031,6.77,0,0,0,0,12.41,2,0.0,,,
2726,2.9760,-0.1178,0.0986,3.006,good,0.004,9.75,0,0,0,0,12.48,2,0.0,,,
2722,2.9800,-0.1311,-0.1035,2.346,good,0.027,5.30,0,0,0,0,34.51,2,0.0,,,
2723,2.9800,-0.1363,-0.1714,3.000,good,0.195,2.66,0,0,0,0,10.78,1,0.0,,,
2724,2.9800,-0.1121,0.0729,2.806,good,0.324,5.08,0,0,0,0,15.58,3,0.0,,,
2728,2.9800,-0.1273,-0.1749,3.000,good,0.174,2.68,0,0,0,0,11.76,1,0.0,,,
2733,2.9800,-0.1182,-0.1784,3.000,good,0.057,2.69,0,0,0,0,12.75,1,0.0,,,
2734,2.9800,-0.1079,-0.0659,3.000,good,0.000,2.57,0,0,0,0,9.29,1,0.0,,,
2735,2.9800,-0.1042,-0.0576,3.000,good,0.000,2.04,0,0,0,0,8.07,1,0.0,,,
2727,2.9840,-0.1144,0.0040,2.997,good,0.000,3.01,0,0,0,0,11.52,3,0.0,,,
2732,2.9840,-0.1123,-0.1086,2.353,good,0.022,5.25,0,0,0,0,30.24,2,0.0,,,
2741,2.9840,-0.1092,-0.1820,3.000,good,0.149,2.73,0,0,0,0,9.74,1,0.0,,,
2729,2.9880,-0.1120,0.1496,3.310,good,0.000,3.17,0,0,0,0,4.04,3,0.0,,,
2730,2.9880,-0.1122,-0.1215,3.000,good,0.000,2.69,0,0,0,0,10.74,3,0.0,,,
2731,2.9880,-0.1205,0.2404,2.816,good,0.093,8.58,0,0,0,0,14.29,2,0.0,,,
2738,2.9880,-0.1172,-0.1542,3.418,good,0.000,2.07,0,0,0,0,3.56,2,0.0,,,
2739,2.9880,-0.1170,-0.1899,3.024,good,0.002,2.38,0,0,0,0,11.77,2,0.0,,,
2740,2.9880,-0.1144,-0.0158,3.196,good,0.000,2.06,0,0,0,0,7.06,2,0.0,,,
2747,2.9880,-0.1092,0.2374,3.000,good,0.008,8.47,0,0,0,0,9.75,1,0.0,,,
2748,2.9880,-0.1029,-0.1128,3.000,good,0.015,5.31,0,0,0,0,7.65,1,0.0,,,
2749,2.9880,-0.1002,-0.1855,3.000,good,0.200,3.02,0,0,0,0,6.73,1,0.0,,,
2736,2.9920,-0.1153,0.1165,3.010,good,0.268,2.52,0,0,0,0,11.51,3,0.0,,,
2737,2.9920,-0.1117,0.0468,3.051,good,0.001,2.65,0,0,0,0,9.40,3,0.0,,,
2745,2.9920,-0.1197,0.0519,3.011,good,0.000,2.36,0,0,0,0,12.95,2,0.0,,,
2746,2.9920,-0.1180,0.0199,3.000,faded,1.000,5.10,1,1,1,0,12.68,2,3.2,34,2691,2691
2742,2.9960,-0.1126,0.1714,3.153,black,1.000,51.32,1,1,1,0,7.44,3,3.2,53|54,2697,
2743,2.9960,-0.1143,-0.2366,2.783,good,0.013,3.38,0,0,0,0,16.99,3,0.0,,,
2744,2.9960,-0.1125,0.0869,3.002,good,0.001,2.52,0,0,0,0,10.79,3,0.0,,,
2755,2.9960,-0.1176,0.1429,3.176,good,0.000,1.84,0,0,0,0,8.50,2,0.0,,,
2750,3.0000,-0.1129,-0.1402,3.209,good,0.000,3.07,0,0,0,0,6.33,3,0.0,,,
2751,3.0000,-0.1134,-0.1833,3.128,good,0.004,2.02,0,0,0,0,8.23,3,0.0,,,
2752,3.0000,-0.1111,0.0958,3.109,good,0.002,3.67,0,0,0,0,7.89,3,0.0,,,
2753,3.0000,-0.1120,-0.2051,3.010,black,1.000,51.62,1,1,1,0,10.43,3,3.2,5,2682,2682
2754,3.0000,-0.1087,-0.0724,3.127,good,0.000,2.20,0,0,0,0,6.74,3,0.0,,,
2756,3.0000,-0.1198,-0.1913,3.450,good,0.001,2.71,0,0,0,0,3.71,2,0.0,,,
2762,3.0040,-0.1175,0.0232,2.992,faded,1.000,4.32,1,1,1,0,12.70,2,3.2,34|35,2694,
2763,3.0040,-0.1139,-0.0257,3.362,good,0.000,3.28,0,0,0,0,3.63,2,0.0,,,
2767,3.0040,-0.1033,-0.1876,3.000,good,0.006,7.14,0,0,0,0,7.77,1,0.0,,,
2757,3.0080,-0.1270,0.0143,3.295,good,0.003,2.87,0,0,0,0,4.88,2,0.0,,,
2758,3.0080,-0.1152,-0.0943,2.817,good,0.015,3.64,0,0,0,0,16.39,3,0.0,,,
2759,3.0080,-0.1127,-0.0697,2.996,good,0.000,2.16,0,0,0,0,11.01,3,0.0,,,
2760,3.0080,-0.1123,0.1076,3.021,broken,0.960,4.91,1,1,1,0,10.29,3,2.4,45,2710,2710
2761,3.0080,-0.1082,0.2086,3.008,good,0.000,2.48,0,0,0,0,9.21,3,0.0,,,
2766,3.0080,-0.1163,0.0413,2.998,good,0.001,2.91,0,0,0,0,12.14,2,0.0,,,
2770,3.0080,-0.1138,0.0177,3.000,good,0.000,3.04,0,0,0,0,11.25,1,0.0,,,
2764,3.0120,-0.1277,-0.2007,2.813,good,0.004,2.32,0,0,0,0,16.93,2,0.0,,,
2765,3.0120,-0.1148,0.0185,2.710,good,0.001,1.88,0,0,0,0,19.25,3,0.0,,,
2773,3.0120,-0.1164,-0.1961,3.000,good,0.007,2.23,0,0,0,0,12.14,1,0.0,,,
2768,3.0160,-0.1159,-0.1618,2.729,good,0.234,3.55,0,0,0,0,19.14,3,0.0,,,
2769,3.0160,-0.1117,-0.2439,3.098,good,0.002,2.64,0,0,0,0,8.33,3,0.0,,,
2772,3.0160,-0.1174,0.2321,2.999,good,0.003,2.71,0,0,0,0,12.51,2,0.0,,,
2771,3.0200,-0.1280,-0.0922,2.951,good,0.006,3.83,0,0,0,0,13.29,2,0.0,,,
2777,3.0200,-0.1166,0.0490,3.106,good,0.007,4.23,0,0,0,0,9.75,2,0.0,,,
2779,3.0200,-0.1189,-0.0299,2.856,good,0.000,1.55,0,0,0,0,16.66,2,0.0,,,
2780,3.0200,-0.1098,-0.0242,3.425,good,0.000,1.88,0,0,0,0,1.26,2,0.0,,,
2783,3.0200,-0.1163,-0.0972,3.000,good,0.002,3.71,0,0,0,0,12.09,1,0.0,,,
2774,3.0240,-0.1383,-0.0720,3.000,good,0.112,2.18,0,0,0,0,11.45,1,0.0,,,
2775,3.0240,-0.1354,-0.0812,3.000,good,0.001,2.41,0,0,0,0,10.47,1,0.0,,,
2776,3.0240,-0.1110,-0.0162,2.991,good,0.093,4.48,0,0,0,0,10.54,3,0.0,,,
2778,3.0240,-0.1102,-0.1774,2.623,good,0.004,2.26,0,0,0,0,20.13,3,0.0,,,
2781,3.0240,-0.1179,0.0649,2.998,sour,1.000,26.94,1,1,1,0,12.68,2,3.2,40,2731,2731
2782,3.0240,-0.1126,-0.0778,3.004,good,0.033,7.72,0,0,0,0,10.78,2,0.0,,,
2786,3.0280,-0.1170,0.0458,3.231,good,0.001,6.02,0,0,0,0,7.16,2,0.0,,,
2784,3.0320,-0.1151,-0.0567,2.885,good,0.092,3.77,0,0,0,0,14.56,3,0.0,,,
2785,3.0320,-0.1121,0.0042,3.002,good,0.000,2.58,0,0,0,0,10.66,3,0.0,,,
2789,3.0320,-0.1199,0.1930,3.065,good,0.001,7.12,0,0,0,0,11.73,2,0.0,,,
2790,3.0320,-0.1173,-0.0072,2.993,good,0.000,3.67,0,0,0,0,12.59,2,0.0,,,
2787,3.0360,-0.1125,-0.0760,2.972,good,0.001,2.39,0,0,0,0,11.51,3,0.0,,,
2788,3.0360,-0.1124,-0.0450,2.999,good,0.000,3.41,0,0,0,0,10.83,3,0.0,,,
2793,3.0360,-0.1195,0.1552,2.806,good,0.000,2.78,0,0,0,0,18.25,2,0.0,,,
2794,3.0360,-0.1152,-0.0933,3.002,good,0.000,3.52,0,0,0,0,11.71,2,0.0,,,
2791,3.0400,-0.1160,-0.1070,2.434,sour,1.000,16.64,1,1,1,0,28.73,3,3.2,18,2730,
2792,3.0400,-0.1080,-0.1342,3.397,good,0.104,2.49,0,0,0,0,1.24,3,0.0,,,
2796,3.0400,-0.1199,0.2150,2.989,good,0.025,3.59,0,0,0,0,13.56,2,0.0,,,
2797,3.0400,-0.1173,-0.0617,2.946,good,0.001,3.78,0,0,0,0,13.76,2,0.0,,,
2798,3.0400,-0.1180,-0.2041,2.997,broken,0.653,2.53,1,1,1,0,12.75,2,2.4,5|6,2739,2739
2799,3.0400,-0.1185,0.1426,3.002,good,0.037,3.67,0,0,0,0,12.78,2,0.0,,,
2795,3.0440,-0.1153,0.0313,3.000,sour,1.000,24.34,1,1,1,0,11.77,3,3.2,36|35,2763,2763
2803,3.0440,-0.1190,0.2001,3.157,good,0.036,2.63,0,0,0,0,9.36,2,0.0,,,
2804,3.0440,-0.1167,-0.2187,3.005,good,0.000,2.92,0,0,0,0,12.12,2,0.0,,,
2800,3.0480,-0.1114,-0.0936,3.431,good,0.000,1.73,0,0,0,0,1.60,3,0.0,,,
2801,3.0480,-0.1087,-0.0289,3.106,good,0.000,2.77,0,0,0,0,7.21,3,0.0,,,
2802,3.0480,-0.1093,-0.1216,3.001,good,0.005,2.09,0,0,0,0,9.74,3,0.0,,,
2807,3.0480,-0.1196,0.0107,2.876,good,0.001,1.93,0,0,0,0,16.35,2,0.0,,,
2805,3.0520,-0.1134,0.0915,2.859,good,0.000,2.26,0,0,0,0,14.65,3,0.0,,,
2806,3.0520,-0.1126,0.0510,2.585,good,0.008,1.67,0,0,0,0,22.23,3,0.0,,,
2811,3.0520,-0.1164,0.0314,3.347,good,0.031,2.81,0,0,0,0,4.66,2,0.0,,,
2812,3.0520,-0.1161,-0.0013,3.013,good,0.000,2.75,0,0,0,0,11.71,2,0.0,,,
2808,3.0560,-0.1175,0.1287,2.864,good,0.001,5.61,0,0,0,0,15.95,3,0.0,,,
2809,3.0560,-0.1147,-0.0955,2.993,good,0.000,2.02,0,0,0,0,11.73,3,0.0,,,
2810,3.0560,-0.1123,-0.1165,3.032,good,0.000,3.05,0,0,0,0,10.00,3,0.0,,,
2814,3.0560,-0.1154,0.0250,2.843,good,0.050,6.55,0,0,0,0,15.77,2,0.0,,,
2815,3.0560,-0.1167,0.1540,3.001,good,0.000,2.18,0,0,0,0,12.22,2,0.0,,,
2813,3.0600,-0.1138,0.2307,2.947,good,0.003,3.74,0,0,0,0,12.54,3,0.0,,,
2816,3.0640,-0.1108,-0.2391,3.450,good,0.023,3.54,0,0,0,0,1.09,3,0.0,,,
2817,3.0640,-0.1127,0.0143,2.995,good,0.000,2.73,0,0,0,0,11.02,3,0.0,,,
2818,3.0640,-0.1242,-0.0026,2.838,good,0.008,2.12,0,0,0,0,15.03,2,0.0,,,
2819,3.0640,-0.1109,0.1036,3.021,black,1.000,52.48,1,1,1,0,9.80,3,3.2,45,2759,2759
2823,3.0640,-0.1181,-0.0406,3.128,good,0.001,2.22,0,0,0,0,9.70,2,0.0,,,
2825,3.0640,-0.1129,0.0015,3.000,good,0.000,2.11,0,0,0,0,10.96,1,0.0,,,
2820,3.0680,-0.1140,-0.1730,3.018,good,0.001,2.26,0,0,0,0,10.90,3,0.0,,,
2821,3.0680,-0.1098,0.0043,2.995,good,0.001,3.14,0,0,0,0,10.06,3,0.0,,,
2822,3.0680,-0.1080,0.1551,3.006,good,0.000,2.72,0,0,0,0,9.21,3,0.0,,,
2824,3.0720,-0.1144,-0.0354,3.042,good,0.000,2.98,0,0,0,0,10.50,3,0.0,,,
2827,3.0720,-0.1186,0.1043,3.000,good,0.446,8.99,0,0,0,0,12.86,2,0.0,,,
2830,3.0720,-0.1179,-0.0210,3.450,good,0.000,3.08,0,0,0,0,3.15,2,0.0,,,
2826,3.0760,-0.1139,-0.2065,3.028,good,0.000,3.38,0,0,0,0,10.64,3,0.0,,,
2828,3.0760,-0.1106,0.0033,2.968,good,0.000,2.89,0,0,0,0,10.95,3,0.0,,,
2829,3.0760,-0.1089,0.1695,3.058,good,0.000,3.12,0,0,0,0,8.32,3,0.0,,,
2831,3.0800,-0.1118,0.1451,2.937,good,0.000,3.24,0,0,0,0,12.13,3,0.0,,,
2832,3.0800,-0.1113,0.0433,2.946,insect,1.000,4.50,1,1,1,0,11.72,3,3.1,37,2785,
2833,3.0800,-0.1140,0.2021,2.603,good,0.001,3.13,0,0,0,0,22.22,3,0.0,,,
2837,3.0800,-0.1181,-0.1308,2.984,good,0.000,1.85,0,0,0,0,13.11,2,0.0,,,
2834,3.0840,-0.1165,0.0313,2.964,good,0.000,2.05,0,0,0,0,13.04,3,0.0,,,
2835,3.0840,-0.1371,0.2455,3.000,insect,1.000,4.94,1,1,1,0,11.04,1,3.1,63,,
2836,3.0840,-0.1096,-0.2248,3.000,good,0.001,3.25,0,0,0,0,9.88,3,0.0,,,
2838,3.0880,-0.1164,-0.1606,2.990,good,0.001,2.11,0,0,0,0,12.36,3,0.0,,,
2839,3.0880,-0.1151,-0.0914,3.003,good,0.000,4.34,0,0,0,0,11.63,3,0.0,,,
2840,3.0880,-0.1104,0.1610,2.997,good,0.005,1.80,0,0,0,0,10.19,3,0.0,,,
2844,3.0880,-0.1182,-0.2169,3.143,faded,0.997,4.31,1,1,1,0,9.42,2,3.2,4,2802,2802
2845,3.0880,-0.1179,-0.0589,3.010,good,0.000,3.49,0,0,0,0,12.39,2,0.0,,,
2846,3.0880,-0.1183,-0.0746,3.002,good,0.000,2.03,0,0,0,0,12.70,2,0.0,,,
2847,3.0880,-0.1170,0.0019,2.983,good,0.001,2.15,0,0,0,0,12.73,2,0.0,,,
2848,3.0880,-0.1152,0.0721,3.131,broken,0.999,1.92,1,1,1,0,8.71,2,2.4,41,2805,
2841,3.0920,-0.1108,-0.0493,2.986,good,0.066,3.24,0,0,0,0,10.58,3,0.0,,,
2842,3.0920,-0.1109,-0.0191,2.919,good,0.001,2.55,0,0,0,0,12.26,3,0.0,,,
2843,3.0920,-0.1080,0.0325,3.291,black,1.000,53.56,1,1,1,0,3.19,3,3.2,36|35,2780,
2851,3.0920,-0.1185,0.0319,3.013,good,0.002,2.40,0,0,0,0,12.53,2,0.0,,,
2852,3.0920,-0.1173,-0.0610,3.021,insect,1.000,6.03,1,1,1,0,11.93,2,3.1,24|23,2783,2783
2849,3.0960,-0.1123,-0.1819,2.992,good,0.000,2.01,0,0,0,0,10.97,3,0.0,,,
2850,3.0960,-0.1121,-0.1913,2.908,good,0.001,2.40,0,0,0,0,12.93,3,0.0,,,
2856,3.0960,-0.1175,-0.0413,3.149,good,0.000,4.21,0,0,0,0,9.06,2,0.0,,,
2857,3.0960,-0.1182,-0.0881,3.002,good,0.000,2.56,0,0,0,0,12.68,2,0.0,,,
2853,3.1000,-0.1155,-0.1134,3.001,good,0.000,3.26,0,0,0,0,11.81,3,0.0,,,
2854,3.1000,-0.1153,0.1524,3.008,good,0.002,8.20,0,0,0,0,11.58,3,0.0,,,
2855,3.1000,-0.1093,0.0082,3.002,good,0.001,2.55,0,0,0,0,9.72,3,0.0,,,
2858,3.1000,-0.1150,0.1253,3.002,good,0.000,3.92,0,0,0,0,11.63,2,0.0,,,
2860,3.1040,-0.1192,0.1623,3.450,good,0.003,5.89,0,0,0,0,3.53,2,0.0,,,
2861,3.1040,-0.1183,-0.2225,3.005,faded,0.835,3.79,1,1,1,0,12.65,2,3.2,3,2801,2801
2862,3.1040,-0.1183,0.0246,2.987,faded,1.000,4.96,1,1,1,0,13.07,2,3.2,35|34,2792,
2859,3.1080,-0.1108,-0.1982,3.006,good,0.000,2.53,0,0,0,0,10.12,3,0.0,,,
2864,3.1080,-0.1195,0.0410,3.000,good,0.000,4.39,0,0,0,0,13.15,2,0.0,,,
2865,3.1080,-0.1173,-0.1050,2.986,good,0.001,2.46,0,0,0,0,12.77,2,0.0,,,
2863,3.1120,-0.1139,0.1776,2.997,good,0.001,7.66,0,0,0,0,11.39,3,0.0,,,
2867,3.1120,-0.1189,0.0153,3.007,good,0.000,1.77,0,0,0,0,12.79,2,0.0,,,
2868,3.1120,-0.1162,0.2346,3.001,good,0.252,4.16,0,0,0,0,12.04,2,0.0,,,
2866,3.1160,-0.1091,0.0961,3.004,good,0.000,4.66,0,0,0,0,9.61,3,0.0,,,
2870,3.1160,-0.1181,-0.1167,2.999,good,0.000,3.11,0,0,0,0,12.71,2,0.0,,,
2869,3.1200,-0.1141,0.0765,2.999,good,0.000,2.31,0,0,0,0,11.39,3,0.0,,,
2875,3.1200,-0.1177,0.1008,3.036,good,0.000,4.39,0,0,0,0,11.71,2,0.0,,,
2871,3.1240,-0.1149,-0.0175,3.182,good,0.002,2.71,0,0,0,0,7.55,3,0.0,,,
2872,3.1240,-0.1106,-0.0876,3.089,good,0.424,2.16,0,0,0,0,8.18,3,0.0,,,
2873,3.1240,-0.1096,-0.1521,2.965,good,0.002,2.70,0,0,0,0,10.69,3,0.0,,,
2874,3.1240,-0.1076,-0.1187,3.258,good,0.003,2.03,0,0,0,0,3.71,3,0.0,,,
2880,3.1240,-0.1187,-0.1826,2.768,good,0.000,2.19,0,0,0,0,19.02,2,0.0,,,
2876,3.1280,-0.1150,-0.1013,2.999,black,1.000,51.41,1,1,1,0,11.69,3,3.2,19|18,2814,2814
2877,3.1280,-0.1142,-0.1717,3.000,good,0.000,2.37,0,0,0,0,11.40,3,0.0,,,
2878,3.1280,-0.1142,0.1083,3.061,good,0.000,2.14,0,0,0,0,9.98,3,0.0,,,
2879,3.1280,-0.1085,0.0482,3.059,good,0.000,3.39,0,0,0,0,8.16,3,0.0,,,
2883,3.1280,-0.1183,-0.0501,2.967,good,0.000,2.42,0,0,0,0,13.57,2,0.0,,,
2884,3.1280,-0.1177,0.0514,3.041,good,0.002,3.03,0,0,0,0,11.60,2,0.0,,,
2881,3.1320,-0.1115,-0.1825,3.017,good,0.015,1.87,0,0,0,0,10.12,3,0.0,,,
2882,3.1320,-0.1084,0.1847,3.002,good,0.009,4.22,0,0,0,0,9.40,3,0.0,,,
2887,3.1320,-0.1184,-0.0005,3.011,good,0.003,6.84,0,0,0,0,12.54,2,0.0,,,
2885,3.1360,-0.1146,-0.1255,3.155,good,0.000,2.73,0,0,0,0,8.01,3,0.0,,,
2886,3.1360,-0.1128,-0.1646,2.999,good,0.000,3.06,0,0,0,0,10.96,3,0.0,,,
2888,3.1360,-0.1088,-0.1527,2.994,good,0.001,2.17,0,0,0,0,9.74,3,0.0,,,
2891,3.1360,-0.1177,0.0395,3.061,good,0.074,2.92,0,0,0,0,11.11,2,0.0,,,
2889,3.1400,-0.1170,0.1353,2.905,good,0.000,2.35,0,0,0,0,14.71,3,0.0,,,
2890,3.1400,-0.1096,-0.1575,2.994,good,0.000,2.97,0,0,0,0,10.02,3,0.0,,,
2892,3.1440,-0.1154,-0.2264,2.994,faded,0.999,5.69,1,1,1,0,11.94,3,3.2,3|2,2843,2843
2893,3.1440,-0.1128,-0.0334,2.988,good,0.228,57.78,1,1,1,0,11.21,3,9.0,27|28|26,2853,2853
2894,3.1440,-0.1130,-0.1160,2.963,good,0.000,2.42,0,0,0,0,11.87,3,0.0,,,
2895,3.1440,-0.1215,-0.0138,2.877,black,1.000,52.84,1,1,1,0,12.97,2,3.2,30,,
2897,3.1440,-0.1196,0.2399,2.974,good,0.008,4.28,0,0,0,0,13.86,2,0.0,,,
2903,3.1440,-0.1099,-0.0184,3.000,black,1.000,52.94,1,1,1,0,9.98,1,3.2,29,2824,
2896,3.1480,-0.1093,-0.1738,2.999,good,0.000,1.88,0,0,0,0,9.77,3,0.0,,,
2899,3.1480,-0.1168,0.2204,2.990,good,0.134,12.21,0,0,0,0,12.53,2,0.0,,,
2902,3.1480,-0.1183,0.1042,3.412,good,0.025,1.75,0,0,0,0,3.98,2,0.0,,,
2898,3.1520,-0.1149,0.0154,3.016,black,1.000,50.83,1,1,1,0,11.24,3,3.2,33|34,2856,2856
2900,3.1520,-0.1085,-0.1843,3.000,good,0.001,2.47,0,0,0,0,9.48,3,0.0,,,
2901,3.1520,-0.1087,0.0395,3.001,good,0.000,1.98,0,0,0,0,9.52,3,0.0,,,
2904,3.1560,-0.1145,0.1018,2.999,good,0.000,2.17,0,0,0,0,11.53,3,0.0,,,
2905,3.1560,-0.1120,0.1537,2.984,good,0.001,3.23,0,0,0,0,11.03,3,0.0,,,
2909,3.1560,-0.1193,0.1553,3.002,good,0.000,2.07,0,0,0,0,13.05,2,0.0,,,
2906,3.1600,-0.1128,-0.1195,3.000,good,0.003,4.13,0,0,0,0,10.93,3,0.0,,,
2907,3.1600,-0.1135,-0.1036,2.650,good,0.026,2.03,0,0,0,0,20.57,3,0.0,,,
2908,3.1600,-0.1082,-0.2272,3.255,good,0.226,5.28,0,0,0,0,3.98,3,0.0,,,
2913,3.1600,-0.1195,-0.0238,3.071,good,0.002,2.33,0,0,0,0,11.47,2,0.0,,,
2910,3.1640,-0.1178,0.1036,2.602,faded,0.989,3.48,1,1,1,0,23.71,3,3.2,45,2863,
2911,3.1640,-0.1115,-0.0406,3.006,good,0.000,2.54,0,0,0,0,10.36,3,0.0,,,
2912,3.1640,-0.1096,-0.1632,2.923,good,0.000,3.72,0,0,0,0,11.70,3,0.0,,,
2915,3.1640,-0.1184,-0.0979,3.241,sour,1.000,16.09,1,1,1,0,7.39,2,3.2,19,2878,
2916,3.1640,-0.1172,0.0204,3.004,faded,0.922,4.81,1,1,1,0,12.32,2,3.2,34,2864,2864
2914,3.1680,-0.1087,-0.1780,3.147,good,0.021,2.89,0,0,0,0,6.30,3,0.0,,,
2918,3.1680,-0.1198,0.1077,3.009,good,0.000,1.82,0,0,0,0,13.03,2,0.0,,,
2919,3.1680,-0.1191,-0.1807,3.015,insect,1.000,3.45,1,1,1,0,12.67,2,3.1,8|9,2872,2872
2917,3.1720,-0.1109,-0.0213,3.004,good,0.000,3.37,0,0,0,0,10.19,3,0.0,,,
2920,3.1760,-0.1139,0.1584,2.998,good,0.000,2.07,0,0,0,0,11.36,3,0.0,,,
2921,3.1760,-0.1122,0.1331,2.982,faded,1.000,5.19,1,1,1,0,11.18,3,3.2,49|48,2861,2861
2922,3.1760,-0.1097,0.0711,2.983,good,0.000,2.62,0,0,0,0,10.30,3,0.0,,,
2925,3.1760,-0.1176,-0.1250,2.994,insect,1.000,5.30,1,1,1,0,12.66,2,3.1,15|16,2887,2887
2926,3.1760,-0.1173,-0.0625,3.002,good,0.000,2.02,0,0,0,0,12.40,2,0.0,,,
2927,3.1760,-0.1164,0.2429,3.018,good,0.001,4.31,0,0,0,0,11.70,2,0.0,,,
2923,3.1800,-0.1132,-0.0678,3.013,good,0.003,2.15,0,0,0,0,10.75,3,0.0,,,
2924,3.1800,-0.1084,-0.0280,3.001,good,0.000,2.25,0,0,0,0,9.44,3,0.0,,,
2928,3.1800,-0.1167,-0.2152,2.992,insect,1.000,3.64,1,1,1,0,12.44,2,3.1,4,2893,2893
2929,3.1800,-0.1170,0.0668,2.999,good,0.015,2.95,0,0,0,0,12.36,2,0.0,,,
2933,3.1840,-0.1167,-0.0495,2.922,insect,1.000,3.47,1,1,1,0,14.16,2,3.1,25,2877,2877
2930,3.1880,-0.1133,-0.1224,3.000,good,0.001,2.01,0,0,0,0,11.10,3,0.0,,,
2931,3.1880,-0.1083,0.0123,3.090,insect,0.993,10.59,1,1,1,0,7.40,3,3.1,33,2884|2930,2930
2932,3.1880,-0.1087,0.1850,3.035,good,0.004,3.18,0,0,0,0,8.77,3,0.0,,,
2937,3.1880,-0.1192,0.0870,2.947,good,0.002,3.09,0,0,0,0,14.39,2,0.0,,,
2934,3.1920,-0.1118,-0.1964,3.308,good,0.000,1.60,0,0,0,0,4.02,3,0.0,,,
2935,3.1920,-0.1128,-0.2439,2.921,good,0.003,2.27,0,0,0,0,12.86,3,0.0,,,
2936,3.1920,-0.1083,0.1763,2.955,black,1.000,51.26,1,1,1,0,10.49,3,3.2,54,2900,
2941,3.1920,-0.1195,0.2194,2.996,good,0.393,9.27,0,0,0,0,13.29,2,0.0,,,
2945,3.1920,-0.1196,0.2350,2.979,good,0.255,2.64,0,0,0,0,13.72,2,0.0,,,
2946,3.1920,-0.1161,-0.0046,3.006,good,0.001,3.26,0,0,0,0,11.91,2,0.0,,,
2938,3.1960,-0.1144,0.0871,3.002,good,0.000,2.69,0,0,0,0,11.40,3,0.0,,,
2939,3.1960,-0.1243,-0.0007,3.309,husk,1.000,9.20,1,1,1,0,3.79,2,2.4,31|32,,
2940,3.1960,-0.1135,-0.1625,3.002,good,0.000,3.24,0,0,0,0,11.12,3,0.0,,,
2942,3.1960,-0.1105,-0.0400,2.995,good,0.000,4.16,0,0,0,0,10.28,3,0.0,,,
2943,3.1960,-0.1096,-0.1415,3.003,good,0.011,3.54,0,0,0,0,9.79,3,0.0,,,
2944,3.1960,-0.1082,-0.0730,3.067,good,0.000,1.65,0,0,0,0,7.88,3,0.0,,,
2950,3.1960,-0.1193,-0.0099,2.966,good,0.111,2.96,0,0,0,0,13.95,2,0.0,,,
2951,3.1960,-0.1161,-0.0583,3.089,good,0.002,2.98,0,0,0,0,9.96,2,0.0,,,
2947,3.2000,-0.1152,0.0378,2.998,good,0.000,3.28,0,0,0,0,11.78,3,0.0,,,
2948,3.2000,-0.1155,-0.0164,2.992,good,0.001,2.88,0,0,0,0,12.02,3,0.0,,,
2949,3.2000,-0.1139,-0.0556,3.029,good,0.000,2.34,0,0,0,0,10.63,3,0.0,,,
2952,3.2040,-0.1153,0.0455,2.999,good,0.000,3.75,0,0,0,0,11.80,3,0.0,,,
2953,3.2080,-0.1123,-0.0302,2.994,good,0.000,3.53,0,0,0,0,10.89,3,0.0,,,
2954,3.2080,-0.1103,-0.1865,2.977,good,0.010,2.64,0,0,0,0,10.65,3,0.0,,,
2955,3.2080,-0.1088,0.1446,2.992,good,0.000,1.95,0,0,0,0,9.80,3,0.0,,,
2956,3.2080,-0.1091,0.2101,3.006,good,0.000,3.04,0,0,0,0,9.56,3,0.0,,,
2957,3.2120,-0.1131,-0.0713,3.075,good,0.023,5.80,0,0,0,0,9.30,3,0.0,,,
2958,3.2120,-0.1121,0.1968,3.008,good,0.003,2.98,0,0,0,0,10.49,3,0.0,,,
2959,3.2120,-0.1083,0.1088,3.000,good,0.001,2.39,0,0,0,0,9.42,3,0.0,,,
2963,3.2120,-0.1181,0.0848,3.013,good,0.000,2.30,0,0,0,0,12.37,2,0.0,,,
2964,3.2120,-0.1182,-0.0126,3.012,good,0.000,1.86,0,0,0,0,12.43,2,0.0,,,
2960,3.2160,-0.1166,0.0906,2.944,good,0.000,2.38,0,0,0,0,13.58,3,0.0,,,
2961,3.2160,-0.1136,-0.0705,3.159,good,0.029,6.07,0,0,0,0,7.61,3,0.0,,,
2962,3.2160,-0.1091,-0.1904,2.911,good,0.000,2.59,0,0,0,0,11.82,3,0.0,,,
2967,3.2160,-0.1180,-0.1174,2.786,good,0.000,1.76,0,0,0,0,18.25,2,0.0,,,
2968,3.2160,-0.1156,-0.1769,3.116,black,1.000,51.79,1,1,1,0,9.18,2,3.2,9,2924,2924
2965,3.2200,-0.1131,0.0629,2.996,good,0.005,2.47,0,0,0,0,11.11,3,0.0,,,
2966,3.2200,-0.1098,0.1477,2.992,good,0.010,2.97,0,0,0,0,10.11,3,0.0,,,
2971,3.2200,-0.1200,-0.0952,2.940,good,0.000,4.89,0,0,0,0,14.82,2,0.0,,,
2969,3.2240,-0.1274,-0.0154,2.602,good,0.000,2.37,0,0,0,0,23.40,2,0.0,,,
2970,3.2240,-0.1093,-0.1550,2.998,good,0.000,3.08,0,0,0,0,9.80,3,0.0,,,
2978,3.2240,-0.1171,-0.0109,3.000,good,0.000,2.30,0,0,0,0,12.36,1,0.0,,,
2972,3.2280,-0.1103,0.2305,2.779,good,0.010,3.97,0,0,0,0,15.69,3,0.0,,,
2977,3.2280,-0.1192,0.1906,3.171,good,0.003,2.84,0,0,0,0,9.11,2,0.0,,,
2973,3.2320,-0.1140,0.1404,2.991,good,0.000,3.91,0,0,0,0,11.54,3,0.0,,,
2974,3.2320,-0.1092,-0.0552,2.967,good,0.001,2.79,0,0,0,0,10.49,3,0.0,,,
2975,3.2320,-0.1108,0.0224,2.911,good,0.000,2.54,0,0,0,0,12.40,3,0.0,,,
2976,3.2320,-0.1088,-0.2358,2.990,insect,1.000,7.97,1,1,1,0,9.83,3,3.1,1|2,2912,2912
2979,3.2320,-0.1188,0.1757,3.249,good,0.000,3.18,0,0,0,0,7.33,2,0.0,,,
2982,3.2360,-0.1197,0.2125,3.002,good,0.001,2.43,0,0,0,0,13.17,2,0.0,,,
2983,3.2360,-0.1180,0.1541,3.000,good,0.000,1.78,0,0,0,0,12.67,2,0.0,,,
2984,3.2360,-0.1163,0.0180,3.003,good,0.002,2.23,0,0,0,0,12.01,2,0.0,,,
2980,3.2400,-0.1135,0.2241,3.086,good,0.052,4.51,0,0,0,0,9.17,3,0.0,,,
2981,3.2400,-0.1120,-0.2137,2.988,good,0.000,2.33,0,0,0,0,10.96,3,0.0,,,
2986,3.2400,-0.1185,0.1758,3.007,good,0.000,2.24,0,0,0,0,12.68,2,0.0,,,
2985,3.2440,-0.1091,0.0531,3.126,good,0.001,4.30,0,0,0,0,6.90,3,0.0,,,
2990,3.2440,-0.1200,-0.1730,3.000,good,0.000,2.68,0,0,0,0,13.32,2,0.0,,,
2991,3.2440,-0.1159,-0.1873,3.090,good,0.000,2.63,0,0,0,0,9.87,2,0.0,,,
2987,3.2480,-0.1261,0.0899,2.879,good,0.001,5.43,0,0,0,0,14.54,2,0.0,,,
2988,3.2480,-0.1112,0.0779,3.000,good,0.000,3.97,0,0,0,0,10.39,3,0.0,,,
2989,3.2480,-0.1093,0.2280,2.982,good,0.000,3.36,0,0,0,0,10.16,3,0.0,,,
3000,3.2480,-0.1146,0.0947,3.000,good,0.003,5.44,0,0,0,0,11.54,1,0.0,,,
2992,3.2520,-0.1151,-0.0666,3.047,good,0.000,2.74,0,0,0,0,10.61,3,0.0,,,
2993,3.2520,-0.1148,0.1091,2.999,good,0.000,2.06,0,0,0,0,11.62,3,0.0,,,
2994,3.2520,-0.1128,0.0372,3.192,good,0.000,2.37,0,0,0,0,6.68,3,0.0,,,
2999,3.2520,-0.1193,0.1566,3.003,good,0.000,3.37,0,0,0,0,13.00,2,0.0,,,
2995,3.2560,-0.1143,-0.1968,3.006,good,0.000,2.17,0,0,0,0,11.30,3,0.0,,,
2996,3.2560,-0.1134,-0.0190,2.981,good,0.000,2.35,0,0,0,0,11.60,3,0.0,,,
2997,3.2560,-0.1098,-0.1413,3.005,good,0.002,3.53,0,0,0,0,9.82,3,0.0,,,
2998,3.2560,-0.1205,-0.2258,3.172,good,0.008,2.35,0,0,0,0,5.52,2,0.0,,,
3005,3.2560,-0.1191,-0.1100,3.016,good,0.000,1.94,0,0,0,0,12.66,2,0.0,,,
3010,3.2560,-0.1079,-0.2226,3.000,good,0.033,2.46,0,0,0,0,9.28,1,0.0,,,
3001,3.2600,-0.1138,-0.1837,3.001,black,1.000,48.29,1,1,1,0,11.23,3,3.2,8,2945,2945
3002,3.2600,-0.1147,-0.0007,2.997,good,0.001,2.70,0,0,0,0,11.63,3,0.0,,,
3003,3.2600,-0.1096,-0.1476,3.122,good,0.000,2.79,0,0,0,0,7.13,3,0.0,,,
3004,3.2600,-0.1091,0.0335,2.997,good,0.000,2.89,0,0,0,0,9.76,3,0.0,,,
3006,3.2640,-0.1118,0.1300,2.999,good,0.000,2.08,0,0,0,0,10.62,3,0.0,,,
3007,3.2640,-0.1124,0.1998,3.000,good,0.031,5.26,0,0,0,0,10.81,3,0.0,,,
3008,3.2640,-0.1101,0.0272,2.979,good,0.003,2.81,0,0,0,0,10.52,3,0.0,,,
3009,3.2640,-0.1085,-0.0503,2.997,good,0.001,2.68,0,0,0,0,9.59,3,0.0,,,
3011,3.2680,-0.1091,-0.0579,3.110,insect,0.524,7.43,1,1,1,0,7.22,3,3.2,24,2960|2984,
3012,3.2680,-0.1141,0.0293,2.897,good,0.000,1.99,0,0,0,0,13.90,3,0.0,,,
3013,3.2680,-0.1128,0.0615,3.037,good,0.000,1.86,0,0,0,0,10.06,3,0.0,,,
3014,3.2680,-0.1110,-0.1214,2.968,good,0.014,4.35,0,0,0,0,11.09,3,0.0,,,
3015,3.2680,-0.1108,0.1730,2.990,good,0.009,2.63,0,0,0,0,10.50,3,0.0,,,
3016,3.2680,-0.1085,0.1382,2.983,good,0.009,4.31,0,0,0,0,9.90,3,0.0,,,
3017,3.2680,-0.1131,0.0921,2.347,good,0.015,5.20,0,0,0,0,30.79,3,0.0,,,
3018,3.2680,-0.1203,0.0120,2.562,good,0.000,2.27,0,0,0,0,22.00,2,0.0,,,
3021,3.2680,-0.1166,-0.2313,3.450,good,0.013,3.07,0,0,0,0,2.77,2,0.0,,,
3022,3.2680,-0.1189,-0.1520,2.993,insect,1.000,5.46,1,1,1,0,13.12,2,3.1,12,2963,2963
3024,3.2680,-0.1101,0.0151,3.000,good,0.000,2.31,0,0,0,0,10.03,1,0.0,,,
3019,3.2720,-0.1149,0.1595,3.028,good,0.000,1.38,0,0,0,0,10.96,3,0.0,,,
3020,3.2720,-0.1091,-0.0037,3.074,good,0.000,3.44,0,0,0,0,8.02,3,0.0,,,
3029,3.2720,-0.1037,0.0892,3.000,good,0.010,5.11,0,0,0,0,7.91,1,0.0,,,
3023,3.2760,-0.1115,0.1748,2.922,faded,0.997,5.08,1,1,1,0,12.39,3,3.2,54,2978,2978
3027,3.2760,-0.1171,-0.0235,2.998,good,0.001,3.72,0,0,0,0,12.43,2,0.0,,,
3028,3.2760,-0.1167,0.1960,3.003,good,0.000,3.30,0,0,0,0,12.16,2,0.0,,,
3025,3.2800,-0.1106,-0.2026,3.071,good,0.000,2.39,0,0,0,0,8.56,3,0.0,,,
3026,3.2800,-0.1106,-0.0487,3.105,broken,1.000,6.86,1,1,1,0,7.82,3,2.4,25,3012,
3030,3.2840,-0.1125,-0.1197,2.992,good,0.000,3.05,0,0,0,0,11.01,3,0.0,,,
3033,3.2840,-0.1191,0.0101,3.044,good,0.008,3.41,0,0,0,0,12.00,2,0.0,,,
3031,3.2880,-0.1103,-0.0388,3.002,good,0.007,3.00,0,0,0,0,10.06,3,0.0,,,
3032,3.2880,-0.1107,0.1667,2.995,insect,1.000,7.49,1,1,1,0,10.34,3,3.1,53,2997,2997
3038,3.2880,-0.1179,-0.1726,3.295,insect,1.000,4.15,1,1,1,0,6.14,2,3.1,9|10,2976,
3039,3.2880,-0.1171,0.2051,2.901,black,1.000,51.84,1,1,1,0,14.84,2,3.2,58,2985,2985
3034,3.2920,-0.1157,0.0711,2.974,good,0.000,2.96,0,0,0,0,12.50,3,0.0,,,
3035,3.2920,-0.1110,-0.0394,3.106,good,0.000,3.32,0,0,0,0,7.95,3,0.0,,,
3036,3.2920,-0.1124,0.2248,2.848,good,0.002,3.54,0,0,0,0,14.57,3,0.0,,,
3037,3.2920,-0.1093,0.2439,3.089,good,0.001,2.02,0,0,0,0,7.74,3,0.0,,,
3040,3.2960,-0.1117,-0.0427,2.999,good,0.000,1.99,0,0,0,0,10.59,3,0.0,,,
3041,3.2960,-0.1082,-0.0103,3.005,good,0.005,2.78,0,0,0,0,9.29,3,0.0,,,
3044,3.2960,-0.1196,-0.0725,3.094,good,0.045,2.84,0,0,0,0,10.95,2,0.0,,,
3045,3.2960,-0.1183,-0.2316,2.994,good,0.000,2.43,0,0,0,0,12.91,2,0.0,,,
3042,3.3000,-0.1255,0.1789,3.234,good,0.000,2.87,0,0,0,0,5.75,2,0.0,,,
3043,3.3000,-0.1126,-0.1553,2.998,good,0.000,2.56,0,0,0,0,10.93,3,0.0,,,
3047,3.3000,-0.1152,0.0662,3.032,sour,0.962,24.79,1,1,1,0,10.96,2,2.4,40,2996|3011,2996|3011
3050,3.3000,-0.1190,-0.1844,3.000,good,0.000,3.57,0,0,0,0,13.02,2,0.0,,,
3055,3.3000,-0.1126,0.1822,3.000,good,0.000,2.74,0,0,0,0,10.87,1,0.0,,,
3046,3.3040,-0.1142,-0.1022,2.998,good,0.000,2.57,0,0,0,0,11.44,3,0.0,,,
3048,3.3040,-0.1089,-0.0720,3.063,good,0.001,20.74,1,1,1,0,8.20,3,9.0,22|23|21,3004,3004
3049,3.3040,-0.1100,0.1586,2.997,sour,1.000,12.30,1,1,1,0,10.05,3,3.2,52,3006,
3054,3.3040,-0.1179,0.0956,2.997,good,0.000,6.95,0,0,0,0,12.68,2,0.0,,,
3051,3.3080,-0.1066,-0.2287,3.450,good,0.000,3.08,0,0,0,0,-0.12,3,0.0,,,
3052,3.3080,-0.1094,0.0261,2.979,good,0.000,2.27,0,0,0,0,10.28,3,0.0,,,
3053,3.3080,-0.1123,-0.1682,2.655,good,0.000,3.43,0,0,0,0,19.96,3,0.0,,,
3057,3.3080,-0.1174,-0.0240,3.004,good,0.001,1.96,0,0,0,0,12.37,2,0.0,,,
3058,3.3080,-0.1165,-0.1861,3.002,broken,0.642,4.53,1,1,1,0,12.11,2,2.4,8|7,2990,2990
3056,3.3120,-0.1124,0.0765,3.000,good,0.000,1.99,0,0,0,0,10.80,3,0.0,,,
3061,3.3120,-0.1193,0.0510,2.990,good,0.000,2.52,0,0,0,0,13.34,2,0.0,,,
3062,3.3120,-0.1164,0.1947,3.004,good,0.000,1.98,0,0,0,0,12.04,2,0.0,,,
3059,3.3160,-0.1131,0.0320,3.009,good,0.000,2.22,0,0,0,0,10.81,3,0.0,,,
3060,3.3160,-0.1111,0.1160,3.006,good,0.000,4.07,0,0,0,0,10.22,3,0.0,,,
3064,3.3160,-0.1173,0.2144,2.979,good,0.000,2.48,0,0,0,0,12.95,2,0.0,,,
3063,3.3200,-0.1145,0.2136,3.138,good,0.329,4.47,0,0,0,0,8.34,3,0.0,,,
3069,3.3200,-0.1173,0.1899,3.003,good,0.000,2.77,0,0,0,0,12.37,2,0.0,,,
3065,3.3240,-0.1137,0.0708,3.102,good,0.000,3.59,0,0,0,0,8.91,3,0.0,,,
3066,3.3240,-0.1134,0.1533,2.993,good,0.201,3.12,0,0,0,0,11.32,3,0.0,,,
3067,3.3240,-0.1114,-0.1027,2.810,good,0.007,6.01,0,0,0,0,15.23,3,0.0,,,
3068,3.3240,-0.1085,0.0139,2.996,good,0.000,2.96,0,0,0,0,9.59,3,0.0,,,
3072,3.3240,-0.1175,0.0378,2.998,good,0.000,2.40,0,0,0,0,12.57,2,0.0,,,
3073,3.3240,-0.1146,-0.0082,3.315,good,0.000,2.54,0,0,0,0,4.74,2,0.0,,,
3070,3.3280,-0.1137,0.1446,3.046,good,0.000,2.01,0,0,0,0,10.17,3,0.0,,,
3071,3.3280,-0.1078,0.2062,3.098,good,0.000,2.26,0,0,0,0,7.09,3,0.0,,,
3077,3.3280,-0.1159,0.0724,3.008,good,0.011,3.32,0,0,0,0,11.78,2,0.0,,,
3074,3.3320,-0.1123,0.0332,3.002,good,0.000,2.91,0,0,0,0,10.71,3,0.0,,,
3075,3.3320,-0.1113,-0.0935,2.933,good,0.000,1.53,0,0,0,0,12.04,3,0.0,,,
3076,3.3320,-0.1086,-0.2176,3.010,good,0.000,3.22,0,0,0,0,9.31,3,0.0,,,
3079,3.3320,-0.1271,-0.2461,3.000,good,0.050,2.56,0,0,0,0,11.71,1,0.0,,,
3078,3.3360,-0.1097,-0.0260,2.981,insect,1.000,5.86,1,1,1,0,10.35,3,3.1,28,3039,3039
3082,3.3360,-0.1130,-0.2430,1.908,good,0.022,2.53,0,0,0,0,51.62,2,0.0,,,
3080,3.3400,-0.1147,-0.1963,2.969,good,0.000,2.32,0,0,0,0,12.31,3,0.0,,,
3081,3.3400,-0.1117,0.2405,3.000,good,0.005,4.59,0,0,0,0,10.58,3,0.0,,,
3087,3.3400,-0.1155,0.1081,3.344,good,0.128,3.39,0,0,0,0,4.45,2,0.0,,,
3088,3.3400,-0.1164,-0.0116,3.022,good,0.000,2.56,0,0,0,0,11.63,2,0.0,,,
3083,3.3440,-0.1130,-0.0844,3.018,good,0.000,3.56,0,0,0,0,10.58,3,0.0,,,
3084,3.3440,-0.1097,0.1496,3.102,faded,0.799,2.90,1,1,1,0,7.60,3,3.2,51|50,3051,
3085,3.3440,-0.1098,0.1168,2.949,faded,0.987,4.29,1,1,1,0,11.13,3,3.2,46|47,3026,
3086,3.3440,-0.1094,0.0238,3.026,good,0.000,2.15,0,0,0,0,9.19,3,0.0,,,
3090,3.3440,-0.1182,-0.0033,2.998,good,0.000,2.90,0,0,0,0,12.80,2,0.0,,,
3089,3.3480,-0.1085,0.0953,3.004,black,1.000,53.25,1,1,1,0,9.40,3,3.2,44|43,3053,3053
3096,3.3480,-0.1299,0.0962,3.000,good,0.001,3.56,0,0,0,0,12.63,1,0.0,,,
3097,3.3480,-0.1289,0.0860,3.000,good,0.000,2.05,0,0,0,0,12.30,1,0.0,,,
3100,3.3480,-0.1199,0.2451,3.000,good,0.029,4.80,0,0,0,0,13.29,1,0.0,,,
3101,3.3480,-0.1175,0.0911,3.000,good,0.000,9.78,0,0,0,0,12.50,1,0.0,,,
3091,3.3520,-0.1150,-0.1136,2.973,good,0.002,2.21,0,0,0,0,12.32,3,0.0,,,
3092,3.3520,-0.1091,-0.0395,2.994,good,0.007,2.84,0,0,0,0,9.86,3,0.0,,,
3093,3.3520,-0.1204,0.1914,3.006,black,1.000,51.91,1,1,1,0,9.33,2,3.2,56,,
3094,3.3520,-0.1122,0.2393,2.536,good,0.006,5.33,0,0,0,0,23.67,3,0.0,,,
3095,3.3520,-0.1091,0.1613,2.854,good,0.010,3.33,0,0,0,0,13.27,3,0.0,,,
3109,3.3520,-0.1084,0.1951,3.000,black,1.000,51.90,1,1,1,0,9.46,1,3.2,56|57,3050,
3098,3.3560,-0.1107,-0.2186,2.946,good,0.001,2.26,0,0,0,0,11.53,3,0.0,,,
3099,3.3560,-0.1089,-0.0863,3.006,good,0.000,2.35,0,0,0,0,9.48,3,0.0,,,
3107,3.3560,-0.1182,0.2244,3.136,good,0.057,5.17,0,0,0,0,9.58,2,0.0,,,
3108,3.3560,-0.1162,0.0160,3.000,good,0.000,2.30,0,0,0,0,12.06,2,0.0,,,
3102,3.3600,-0.1152,0.1686,2.997,good,0.000,1.88,0,0,0,0,11.82,3,0.0,,,
3103,3.3600,-0.1167,-0.1425,2.291,good,0.000,6.20,0,0,0,0,34.55,3,0.0,,,
3104,3.3600,-0.1103,-0.1813,3.002,good,0.000,1.93,0,0,0,0,10.03,3,0.0,,,
3105,3.3600,-0.1083,-0.0996,2.987,good,0.000,3.14,0,0,0,0,9.74,3,0.0,,,
3106,3.3600,-0.1205,-0.0722,2.850,black,1.000,51.69,1,1,1,0,13.38,2,3.2,22,,
3113,3.3600,-0.1194,-0.2221,3.000,good,0.006,2.42,0,0,0,0,13.15,2,0.0,,,
3114,3.3600,-0.1181,-0.1914,2.996,good,0.123,4.08,0,0,0,0,12.81,2,0.0,,,
3116,3.3600,-0.1092,-0.0753,3.000,black,1.000,51.61,1,1,1,0,9.72,1,3.2,22,3048,
3110,3.3640,-0.1128,-0.1138,3.282,faded,0.889,3.45,1,1,1,0,4.83,3,3.2,17,3056,
3111,3.3640,-0.1148,0.2172,3.000,good,0.000,2.40,0,0,0,0,11.60,3,0.0,,,
3112,3.3640,-0.1118,0.1300,2.986,good,0.000,2.46,0,0,0,0,10.94,3,0.0,,,
3115,3.3640,-0.1179,0.1976,2.993,good,0.000,4.48,0,0,0,0,12.80,2,0.0,,,
3118,3.3680,-0.1193,0.1334,2.998,good,0.000,4.29,0,0,0,0,13.13,2,0.0,,,
3117,3.3720,-0.1157,-0.0436,2.979,good,0.000,3.02,0,0,0,0,12.42,3,0.0,,,
3119,3.3720,-0.1172,0.1863,2.932,good,0.002,3.81,0,0,0,0,14.07,2,0.0,,,
3120,3.3720,-0.1163,0.0833,2.987,good,0.000,3.79,0,0,0,0,12.43,2,0.0,,,
3126,3.3760,-0.1189,-0.0746,3.008,sour,1.000,12.08,1,1,1,0,12.78,2,3.2,22,3068,3068
3127,3.3760,-0.1186,-0.1318,2.969,good,0.001,2.22,0,0,0,0,13.62,2,0.0,,,
3121,3.3800,-0.1142,-0.1953,3.151,good,0.178,2.84,0,0,0,0,7.99,3,0.0,,,
3122,3.3800,-0.1148,0.0838,3.000,good,0.000,1.88,0,0,0,0,11.60,3,0.0,,,
3123,3.3800,-0.1099,0.1617,3.001,good,0.000,2.53,0,0,0,0,9.93,3,0.0,,,
3124,3.3800,-0.1084,0.0451,3.150,good,0.000,3.13,0,0,0,0,6.16,3,0.0,,,
3125,3.3800,-0.1089,-0.0838,3.002,good,0.000,1.87,0,0,0,0,9.60,3,0.0,,,
3130,3.3800,-0.1165,-0.1148,3.182,good,0.000,2.57,0,0,0,0,8.05,2,0.0,,,
3128,3.3840,-0.1152,0.1437,2.996,sour,1.000,19.93,1,1,1,0,11.84,3,3.2,50,3075,3075
3129,3.3840,-0.1386,0.0372,3.000,good,0.001,3.70,0,0,0,0,11.53,1,0.0,,,
3133,3.3840,-0.1158,-0.1672,3.232,good,0.000,1.98,0,0,0,0,6.78,2,0.0,,,
3134,3.3840,-0.1266,0.0404,3.000,good,0.003,3.64,0,0,0,0,11.52,1,0.0,,,
3139,3.3840,-0.1145,0.0436,3.000,good,0.009,4.14,0,0,0,0,11.50,1,0.0,,,
3131,3.3880,-0.1151,0.1288,2.999,good,0.001,2.19,0,0,0,0,11.75,3,0.0,,,
3132,3.3880,-0.1091,-0.0587,2.934,good,0.001,3.85,0,0,0,0,11.25,3,0.0,,,
3143,3.3880,-0.1025,0.0468,3.000,good,0.003,3.77,0,0,0,0,7.49,1,0.0,,,
3135,3.3920,-0.1163,0.1624,2.971,sour,0.999,13.24,1,1,1,0,12.80,3,3.2,52,3102,3102
3136,3.3920,-0.1131,-0.1212,2.528,good,0.001,2.49,0,0,0,0,24.31,3,0.0,,,
3137,3.3920,-0.1085,-0.2404,3.001,faded,0.957,6.19,1,1,1,0,9.48,3,3.2,1,3094,3094
3138,3.3920,-0.1086,-0.0837,3.006,shell,1.000,11.63,1,1,1,0,9.41,3,2.4,21,3074,
3142,3.3920,-0.1190,0.1034,2.999,good,0.000,2.82,0,0,0,0,13.03,2,0.0,,,
3146,3.3920,-0.1100,0.1655,3.000,broken,1.000,17.24,1,1,1,0,10.00,1,2.4,53|52,3134,
3140,3.3960,-0.1160,-0.1317,2.542,good,0.007,2.49,0,0,0,0,24.98,3,0.0,,,
3141,3.3960,-0.1100,-0.1833,3.021,good,0.003,3.19,0,0,0,0,9.51,3,0.0,,,
3145,3.3960,-0.1195,0.1463,2.998,good,0.000,2.84,0,0,0,0,13.22,2,0.0,,,
3151,3.3960,-0.1030,-0.1181,3.000,good,0.000,2.39,0,0,0,0,7.67,1,0.0,,,
3144,3.4000,-0.1122,0.0395,3.005,faded,1.000,4.60,1,1,1,0,10.60,3,3.2,37|36,3098,3098
3150,3.4000,-0.1196,0.0231,3.002,good,0.024,2.74,0,0,0,0,13.15,2,0.0,,,
3147,3.4040,-0.1157,-0.2258,2.886,good,0.001,2.78,0,0,0,0,14.73,3,0.0,,,
3148,3.4040,-0.1148,0.0981,2.914,good,0.000,1.50,0,0,0,0,13.72,3,0.0,,,
3149,3.4040,-0.1088,0.1126,3.017,good,0.000,2.15,0,0,0,0,9.22,3,0.0,,,
3155,3.4040,-0.1200,0.0075,3.001,good,0.000,6.54,0,0,0,0,13.29,2,0.0,,,
3156,3.4040,-0.1189,-0.1789,3.054,good,0.000,1.60,0,0,0,0,11.67,2,0.0,,,
3157,3.4040,-0.1169,-0.1935,3.000,good,0.000,2.28,0,0,0,0,12.30,2,0.0,,,
3152,3.4080,-0.1159,0.0530,2.986,good,0.000,1.86,0,0,0,0,12.28,3,0.0,,,
3153,3.4080,-0.1156,0.1045,3.001,good,0.000,1.80,0,0,0,0,11.84,3,0.0,,,
3154,3.4080,-0.1128,-0.1703,2.980,good,0.000,4.46,0,0,0,0,11.42,3,0.0,,,
3164,3.4080,-0.1042,-0.2291,3.000,good,0.000,2.73,0,0,0,0,8.05,1,0.0,,,
3160,3.4120,-0.1138,0.0808,2.998,good,0.014,12.84,0,0,0,0,11.31,2,0.0,,,
3161,3.4120,-0.1179,0.1408,3.000,good,0.000,2.64,0,0,0,0,12.62,2,0.0,,,
3162,3.4120,-0.1178,0.1736,2.999,good,0.000,2.25,0,0,0,0,12.63,2,0.0,,,
3163,3.4120,-0.1156,-0.1149,3.275,good,0.004,3.78,0,0,0,0,5.84,2,0.0,,,
3158,3.4160,-0.1118,0.0181,3.000,good,0.000,2.95,0,0,0,0,10.61,3,0.0,,,
3159,3.4160,-0.1099,-0.0460,3.022,good,0.000,2.61,0,0,0,0,9.46,3,0.0,,,
3165,3.4160,-0.1175,0.0897,3.010,good,0.000,3.43,0,0,0,0,12.28,2,0.0,,,
3166,3.4160,-0.1175,0.1509,2.955,good,0.001,2.45,0,0,0,0,13.60,2,0.0,,,
3167,3.4160,-0.1165,0.0447,3.000,good,0.000,2.23,0,0,0,0,12.17,2,0.0,,,
3168,3.4240,-0.1169,-0.1719,2.935,good,0.000,3.56,0,0,0,0,13.89,3,0.0,,,
3169,3.4240,-0.1136,0.2199,2.999,good,0.000,2.00,0,0,0,0,11.24,3,0.0,,,
3170,3.4240,-0.1111,0.0003,2.889,good,0.000,3.21,0,0,0,0,13.05,3,0.0,,,
3171,3.4240,-0.1109,0.2392,2.914,good,0.000,3.69,0,0,0,0,12.36,3,0.0,,,
3174,3.4240,-0.1119,-0.0166,2.996,stick,1.000,61.89,1,1,1,0,10.74,2,2.4,29|30,3129,3129
3175,3.4240,-0.1164,0.2040,3.001,good,0.004,2.56,0,0,0,0,12.11,2,0.0,,,
3176,3.4240,-0.1159,-0.0101,2.989,good,0.000,2.49,0,0,0,0,12.24,2,0.0,,,
3177,3.4240,-0.1164,0.0198,2.910,good,0.000,2.65,0,0,0,0,14.36,2,0.0,,,
3172,3.4280,-0.1126,-0.0526,3.007,good,0.000,2.75,0,0,0,0,10.70,3,0.0,,,
3173,3.4280,-0.1134,0.0966,3.006,good,0.003,6.23,0,0,0,0,11.01,3,0.0,,,
3180,3.4280,-0.1149,-0.1690,3.002,good,0.000,3.59,0,0,0,0,11.56,2,0.0,,,
3178,3.4320,-0.1129,-0.0686,2.990,good,0.000,3.08,0,0,0,0,11.18,3,0.0,,,
3179,3.4320,-0.1159,-0.1283,2.552,good,0.014,2.85,0,0,0,0,24.58,3,0.0,,,
3181,3.4360,-0.1150,0.2181,2.951,good,0.001,3.66,0,0,0,0,12.83,3,0.0,,,
3186,3.4360,-0.1197,-0.1283,3.001,good,0.068,2.65,0,0,0,0,13.20,2,0.0,,,
3187,3.4360,-0.1181,0.0643,3.002,good,0.000,3.26,0,0,0,0,12.64,2,0.0,,,
3189,3.4360,-0.1182,0.0353,3.004,good,0.000,2.23,0,0,0,0,12.62,2,0.0,,,
3182,3.4400,-0.1142,0.0127,3.015,good,0.000,3.63,0,0,0,0,11.04,3,0.0,,,
3183,3.4400,-0.1156,-0.1520,2.599,faded,0.999,4.96,1,1,1,0,22.96,3,3.2,12,3145,
3184,3.4400,-0.1190,0.1431,2.102,good,0.010,2.71,0,0,0,0,44.18,3,0.0,,,
3185,3.4400,-0.1092,-0.0882,3.128,good,0.000,2.69,0,0,0,0,6.87,3,0.0,,,
3188,3.4400,-0.1112,-0.1800,2.444,good,0.003,2.62,0,0,0,0,26.42,3,0.0,,,
3193,3.4400,-0.1165,-0.0589,2.940,good,0.000,3.09,0,0,0,0,13.65,2,0.0,,,
3190,3.4440,-0.1125,0.0549,3.238,good,0.000,4.64,0,0,0,0,5.63,3,0.0,,,
3191,3.4440,-0.1109,0.1769,2.986,good,0.001,2.43,0,0,0,0,10.63,3,0.0,,,
3192,3.4440,-0.1223,-0.1204,2.582,good,0.003,2.39,0,0,0,0,22.10,2,0.0,,,
3194,3.4440,-0.1185,0.2242,3.003,faded,0.994,4.38,1,1,1,0,12.77,2,3.2,60,3151,3151
3195,3.4440,-0.1193,0.0769,2.998,good,0.000,1.79,0,0,0,0,13.15,2,0.0,,,
3201,3.4440,-0.1120,-0.1166,3.000,good,0.007,2.52,0,0,0,0,10.66,1,0.0,,,
3199,3.4480,-0.1158,0.1470,2.972,good,0.000,2.44,0,0,0,0,12.61,2,0.0,,,
3200,3.4480,-0.1155,0.1245,3.090,good,0.000,1.85,0,0,0,0,9.75,2,0.0,,,
3196,3.4520,-0.1152,-0.1692,3.100,sour,1.000,40.22,1,1,1,0,9.42,3,3.2,10,3139,
3197,3.4520,-0.1116,-0.1581,2.963,good,0.001,2.09,0,0,0,0,11.42,3,0.0,,,
3198,3.4520,-0.1120,0.0678,3.007,good,0.000,3.46,0,0,0,0,10.50,3,0.0,,,
3202,3.4560,-0.1125,0.1751,3.039,good,0.002,3.57,0,0,0,0,9.93,3,0.0,,,
3203,3.4560,-0.1112,0.1611,2.998,good,0.001,2.61,0,0,0,0,10.46,3,0.0,,,
3204,3.4560,-0.1089,-0.0930,3.000,good,0.000,2.65,0,0,0,0,9.62,3,0.0,,,
3205,3.4560,-0.1089,0.1080,3.002,good,0.000,2.12,0,0,0,0,9.60,3,0.0,,,
3206,3.4560,-0.1088,0.2350,3.002,insect,1.000,3.21,1,1,1,0,9.54,3,3.1,62|61,3148,3148
3210,3.4560,-0.1184,0.1104,2.980,good,0.000,3.04,0,0,0,0,13.28,2,0.0,,,
3207,3.4600,-0.1080,-0.0259,3.238,good,0.174,8.70,0,0,0,0,4.26,3,0.0,,,
3208,3.4600,-0.1138,0.0834,2.999,black,1.000,55.73,1,1,1,0,11.30,3,3.2,42,3158,3158
3209,3.4600,-0.1109,0.1369,2.918,good,0.007,2.56,0,0,0,0,12.28,3,0.0,,,
3217,3.4600,-0.1179,-0.0207,3.000,husk,1.000,35.93,1,1,1,0,12.64,1,2.4,29,3147,
3211,3.4640,-0.1103,0.2117,2.998,good,0.001,4.16,0,0,0,0,10.13,3,0.0,,,
3212,3.4640,-0.1099,0.1671,2.907,good,0.000,1.61,0,0,0,0,12.18,3,0.0,,,
3215,3.4640,-0.1195,-0.1733,2.907,good,0.000,2.56,0,0,0,0,15.51,2,0.0,,,
3216,3.4640,-0.1195,0.1308,3.023,good,0.000,5.13,0,0,0,0,12.60,2,0.0,,,
3223,3.4640,-0.1071,-0.0173,3.000,husk,1.000,35.80,1,1,1,0,9.02,1,2.4,29,3147,
3213,3.4680,-0.1159,0.0917,2.999,black,1.000,51.99,1,1,1,0,11.98,3,3.2,43,3181,3181
3214,3.4680,-0.1087,-0.0909,3.000,good,0.000,2.57,0,0,0,0,9.57,3,0.0,,,
3220,3.4680,-0.1179,-0.1053,3.450,good,0.000,2.72,0,0,0,0,3.17,2,0.0,,,
3221,3.4680,-0.1183,0.1088,3.031,good,0.021,2.19,0,0,0,0,12.03,2,0.0,,,
3222,3.4680,-0.1176,0.2073,3.002,good,0.000,2.07,0,0,0,0,12.46,2,0.0,,,
3218,3.4720,-0.1114,-0.1865,3.002,good,0.002,3.08,0,0,0,0,10.42,3,0.0,,,
3219,3.4720,-0.1109,-0.1955,3.005,good,0.000,2.31,0,0,0,0,10.19,3,0.0,,,
3226,3.4720,-0.1169,0.0361,3.006,good,0.080,3.23,0,0,0,0,12.17,2,0.0,,,
3232,3.4720,-0.1037,-0.1011,3.000,good,0.000,2.75,0,0,0,0,7.91,1,0.0,,,
3224,3.4760,-0.1152,-0.0398,3.000,good,0.000,2.09,0,0,0,0,11.75,3,0.0,,,
3225,3.4760,-0.1100,-0.0175,2.967,good,0.001,4.08,0,0,0,0,10.79,3,0.0,,,
3229,3.4760,-0.1153,-0.0547,2.957,stick,1.000,62.75,1,1,1,0,12.83,2,2.4,24|25,3186,3186
3230,3.4760,-0.1172,0.0869,3.219,good,0.000,2.51,0,0,0,0,7.46,2,0.0,,,
3231,3.4760,-0.1176,-0.1288,2.926,good,0.000,2.94,0,0,0,0,14.38,2,0.0,,,
3227,3.4800,-0.1145,-0.2205,3.050,good,0.055,2.97,0,0,0,0,10.32,3,0.0,,,
3228,3.4800,-0.1141,0.1787,3.000,good,0.001,2.19,0,0,0,0,11.37,3,0.0,,,
3234,3.4800,-0.1043,0.0831,3.000,good,0.000,2.48,0,0,0,0,8.08,1,0.0,,,
3233,3.4840,-0.1167,-0.1950,2.997,good,0.000,3.49,0,0,0,0,12.29,2,0.0,,,
3239,3.4880,-0.1181,0.0102,3.350,good,0.001,3.14,0,0,0,0,5.08,2,0.0,,,
3240,3.4880,-0.1161,0.0344,3.021,good,0.000,2.42,0,0,0,0,11.55,2,0.0,,,
3235,3.4920,-0.1122,0.2085,3.009,good,0.000,2.96,0,0,0,0,10.54,3,0.0,,,
3236,3.4920,-0.1121,-0.0293,2.763,good,0.001,2.06,0,0,0,0,16.77,3,0.0,,,
3237,3.4920,-0.1111,0.1354,2.878,good,0.001,5.05,0,0,0,0,13.34,3,0.0,,,
3238,3.4920,-0.1102,0.2430,2.830,good,0.003,3.30,0,0,0,0,14.28,3,0.0,,,
3241,3.4960,-0.1134,-0.1774,2.987,good,0.000,2.37,0,0,0,0,11.45,3,0.0,,,
3242,3.4960,-0.1080,0.1979,3.066,broken,0.586,3.16,1,1,1,0,7.82,3,2.4,57,3185,3185
3243,3.5000,-0.1155,0.0249,1.958,good,0.019,4.00,0,0,0,0,50.03,3,0.0,,,
3247,3.5000,-0.1181,0.0680,3.043,good,0.000,1.88,0,0,0,0,11.65,2,0.0,,,
3248,3.5000,-0.1185,0.1671,3.000,good,0.000,1.84,0,0,0,0,12.85,2,0.0,,,
3244,3.5040,-0.1163,-0.2255,2.998,good,0.000,3.75,0,0,0,0,12.17,3,0.0,,,
3245,3.5040,-0.1088,-0.1044,2.980,sour,1.000,24.43,1,1,1,0,10.04,3,3.2,18,3200,3200
3246,3.5040,-0.1100,-0.0928,2.955,good,0.000,3.03,0,0,0,0,11.07,3,0.0,,,
3250,3.5040,-0.1191,-0.0541,2.988,good,0.020,7.03,0,0,0,0,13.34,2,0.0,,,
3251,3.5040,-0.1190,-0.1024,2.900,good,0.000,3.92,0,0,0,0,15.51,2,0.0,,,
3252,3.5040,-0.1172,-0.0869,2.911,good,0.001,1.59,0,0,0,0,14.60,2,0.0,,,
3253,3.5040,-0.1161,0.1401,2.995,good,0.016,2.67,0,0,0,0,12.16,2,0.0,,,
3249,3.5080,-0.1129,0.1077,2.989,good,0.002,1.41,0,0,0,0,11.25,3,0.0,,,
3254,3.5080,-0.1195,0.0006,2.793,good,0.001,1.71,0,0,0,0,18.59,2,0.0,,,
3255,3.5120,-0.1086,0.1463,2.897,faded,0.995,5.63,1,1,1,0,12.01,3,3.2,50,3212,3212
3256,3.5120,-0.1109,-0.2177,2.535,good,0.007,2.59,0,0,0,0,23.21,3,0.0,,,
3258,3.5120,-0.1195,0.2072,2.994,good,0.062,3.10,0,0,0,0,13.30,2,0.0,,,
3259,3.5120,-0.1174,0.0853,3.007,good,0.000,3.29,0,0,0,0,12.30,2,0.0,,,
3257,3.5160,-0.1255,0.0415,3.136,good,0.000,2.33,0,0,0,0,7.91,2,0.0,,,
3260,3.5160,-0.1195,-0.2257,3.000,insect,0.996,5.95,1,1,1,0,13.18,2,3.1,3|2,3229,3229
3261,3.5160,-0.1155,0.0351,3.450,good,0.001,5.58,0,0,0,0,2.45,2,0.0,,,
3263,3.5200,-0.1191,-0.0176,3.000,good,0.001,2.40,0,0,0,0,13.03,2,0.0,,,
3264,3.5200,-0.1173,0.1691,3.000,good,0.000,2.76,0,0,0,0,12.44,2,0.0,,,
3265,3.5200,-0.1174,0.1952,2.894,good,0.001,2.03,0,0,0,0,15.11,2,0.0,,,
3262,3.5240,-0.1217,0.1358,3.450,good,0.000,2.88,0,0,0,0,0.27,2,0.0,,,
3269,3.5240,-0.1195,0.0587,3.115,good,0.000,3.30,0,0,0,0,10.47,2,0.0,,,
3271,3.5240,-0.1171,-0.0168,3.021,good,0.000,2.59,0,0,0,0,11.86,2,0.0,,,
3272,3.5240,-0.1170,0.0794,2.992,good,0.000,3.68,0,0,0,0,12.55,2,0.0,,,
3273,3.5240,-0.1161,-0.1442,3.065,good,0.000,1.52,0,0,0,0,10.51,2,0.0,,,
3274,3.5240,-0.1155,0.2390,2.998,insect,1.000,9.59,1,1,1,0,11.86,2,3.1,62,3203,3203
3278,3.5240,-0.1068,0.1314,3.000,good,0.000,2.93,0,0,0,0,8.93,1,0.0,,,
3266,3.5280,-0.1141,-0.1945,2.958,good,0.010,2.52,0,0,0,0,12.39,3,0.0,,,
3267,3.5280,-0.1132,-0.1678,2.990,good,0.000,2.32,0,0,0,0,11.31,3,0.0,,,
3268,3.5280,-0.1125,-0.2143,2.981,good,0.002,2.93,0,0,0,0,11.30,3,0.0,,,
3270,3.5280,-0.1083,0.2241,3.006,good,0.007,5.62,0,0,0,0,9.30,3,0.0,,,
3277,3.5280,-0.1181,0.2261,3.003,black,1.000,50.79,1,1,1,0,12.65,2,3.2,60|61,3223,
3275,3.5320,-0.1130,-0.2057,2.974,good,0.084,2.77,0,0,0,0,11.61,3,0.0,,,
3276,3.5320,-0.1091,0.1030,3.023,good,0.001,7.32,0,0,0,0,9.17,3,0.0,,,
3279,3.5360,-0.1119,0.1831,3.261,good,0.003,2.02,0,0,0,0,4.97,3,0.0,,,
3280,3.5360,-0.1220,-0.1568,2.938,good,0.017,3.11,0,0,0,0,11.55,2,0.0,,,
3281,3.5360,-0.1089,-0.0284,2.928,good,0.002,3.26,0,0,0,0,11.36,3,0.0,,,
3284,3.5360,-0.1160,0.1328,2.998,good,0.000,7.60,0,0,0,0,12.03,2,0.0,,,
3285,3.5360,-0.1162,0.0667,2.993,good,0.011,2.61,0,0,0,0,12.22,2,0.0,,,
3287,3.5360,-0.1103,-0.1607,3.000,good,0.015,3.08,0,0,0,0,10.08,1,0.0,,,
3282,3.5400,-0.1128,-0.2166,2.989,good,0.041,2.98,0,0,0,0,11.18,3,0.0,,,
3283,3.5400,-0.1246,0.0523,2.458,good,0.003,6.27,0,0,0,0,27.39,2,0.0,,,
3286,3.5400,-0.1133,0.0889,3.249,faded,0.595,4.80,1,1,1,0,5.65,2,3.2,43,3231|3248,3231|3248
3295,3.5400,-0.1148,0.0479,3.000,good,0.000,7.11,0,0,0,0,11.59,1,0.0,,,
3290,3.5440,-0.1195,0.0098,3.006,good,0.000,4.38,0,0,0,0,13.02,2,0.0,,,
3291,3.5440,-0.1193,-0.0845,3.297,good,0.001,3.67,0,0,0,0,6.52,2,0.0,,,
3292,3.5440,-0.1184,0.1592,3.129,good,0.001,2.28,0,0,0,0,9.79,2,0.0,,,
3293,3.5440,-0.1181,0.1059,2.998,good,0.001,2.72,0,0,0,0,12.75,2,0.0,,,
3294,3.5440,-0.1158,-0.0996,3.008,good,0.000,3.03,0,0,0,0,11.73,2,0.0,,,
3288,3.5480,-0.1104,0.2007,3.030,good,0.000,2.92,0,0,0,0,9.45,3,0.0,,,
3289,3.5480,-0.1084,-0.0659,3.009,good,0.000,3.12,0,0,0,0,9.27,3,0.0,,,
3305,3.5480,-0.1062,-0.0887,3.000,good,0.001,3.80,0,0,0,0,8.72,1,0.0,,,
3296,3.5520,-0.1162,0.0560,3.000,good,0.000,1.92,0,0,0,0,12.08,3,0.0,,,
3297,3.5520,-0.1244,0.0937,3.450,good,0.004,3.38,0,0,0,0,1.04,2,0.0,,,
3298,3.5520,-0.1129,0.1256,2.946,good,0.044,2.81,0,0,0,0,12.27,3,0.0,,,
3299,3.5520,-0.1102,0.1731,2.993,good,0.000,2.37,0,0,0,0,10.24,3,0.0,,,
3300,3.5520,-0.1102,-0.0885,2.941,good,0.001,2.76,0,0,0,0,11.45,3,0.0,,,
3301,3.5520,-0.1091,-0.1525,2.938,good,0.000,2.26,0,0,0,0,11.18,3,0.0,,,
3304,3.5520,-0.1195,-0.2019,3.239,good,0.012,7.46,0,0,0,0,7.76,2,0.0,,,
3308,3.5520,-0.1103,0.0891,3.000,good,0.174,3.61,0,0,0,0,10.11,1,0.0,,,
3302,3.5560,-0.1139,0.0569,3.018,good,0.000,2.56,0,0,0,0,10.87,3,0.0,,,
3303,3.5560,-0.1161,0.1206,2.633,good,0.032,3.62,0,0,0,0,22.10,3,0.0,,,
3306,3.5560,-0.1191,0.0444,2.993,good,0.001,2.57,0,0,0,0,13.20,2,0.0,,,
3307,3.5560,-0.1313,0.0899,3.000,good,0.000,2.02,0,0,0,0,13.08,1,0.0,,,
3313,3.5560,-0.1192,0.0868,3.000,good,0.000,2.24,0,0,0,0,13.08,1,0.0,,,
3312,3.5600,-0.1178,0.1677,2.670,good,0.001,4.24,0,0,0,0,21.57,2,0.0,,,
3316,3.5600,-0.1111,0.1616,3.000,good,0.000,2.21,0,0,0,0,10.37,1,0.0,,,
3317,3.5600,-0.1072,0.0837,3.000,good,0.000,2.14,0,0,0,0,9.08,1,0.0,,,
3309,3.5640,-0.1102,-0.0620,3.007,good,0.002,3.69,0,0,0,0,9.93,3,0.0,,,
3310,3.5640,-0.1096,-0.0072,2.998,insect,1.000,5.89,1,1,1,0,9.92,3,3.1,31|30,3271,3271
3311,3.5640,-0.1100,0.0418,3.007,faded,0.997,3.71,1,1,1,0,9.85,3,3.2,37,3263,
3314,3.5680,-0.1102,-0.1969,2.969,good,0.000,2.58,0,0,0,0,10.80,3,0.0,,,
3315,3.5680,-0.1089,0.0996,2.931,good,0.000,1.95,0,0,0,0,11.28,3,0.0,,,
3318,3.5720,-0.1164,0.0550,3.004,good,0.000,2.87,0,0,0,0,12.03,3,0.0,,,
3319,3.5720,-0.1109,-0.1513,3.134,broken,0.956,2.54,1,1,1,0,7.28,3,2.4,12,3275,
3320,3.5760,-0.1152,-0.1774,3.004,good,0.000,2.23,0,0,0,0,11.65,3,0.0,,,
3321,3.5760,-0.1134,-0.0434,3.007,good,0.001,1.94,0,0,0,0,10.98,3,0.0,,,
3322,3.5760,-0.1113,0.0809,2.996,good,0.000,2.55,0,0,0,0,10.52,3,0.0,,,
3323,3.5760,-0.1121,0.2012,3.005,good,0.023,2.98,0,0,0,0,10.58,3,0.0,,,
3324,3.5760,-0.1077,-0.2261,3.291,good,0.039,3.80,0,0,0,0,3.12,3,0.0,,,
3325,3.5760,-0.1115,0.1801,2.783,black,1.000,51.52,1,1,1,0,16.00,3,3.2,55|54,3276,3276
3328,3.5760,-0.1140,0.0667,3.319,good,0.003,3.15,0,0,0,0,4.46,2,0.0,,,
3326,3.5800,-0.1136,0.0023,2.994,good,0.000,8.08,0,0,0,0,11.36,3,0.0,,,
3327,3.5800,-0.1235,0.1228,3.106,good,0.053,3.68,0,0,0,0,7.96,2,0.0,,,
3331,3.5800,-0.1177,-0.2034,2.980,good,0.048,2.72,0,0,0,0,13.08,2,0.0,,,
3339,3.5800,-0.1111,0.1260,3.000,broken,0.530,3.70,1,1,1,0,10.37,1,2.4,48|47,3297,
3329,3.5840,-0.1137,-0.1869,3.002,good,0.138,9.37,0,0,0,0,11.19,3,0.0,,,
3330,3.5840,-0.1087,-0.0520,2.997,good,0.000,1.30,0,0,0,0,9.61,3,0.0,,,
3336,3.5840,-0.1197,-0.0462,2.915,good,0.000,3.12,0,0,0,0,15.37,2,0.0,,,
3337,3.5840,-0.1179,0.0945,2.938,good,0.000,2.55,0,0,0,0,14.18,2,0.0,,,
3338,3.5840,-0.1127,-0.1748,3.369,good,0.430,4.20,0,0,0,0,3.13,2,0.0,,,
3332,3.5880,-0.1134,0.2032,2.999,good,0.000,2.17,0,0,0,0,11.16,3,0.0,,,
3333,3.5880,-0.1089,0.1122,3.341,good,0.000,2.08,0,0,0,0,2.52,3,0.0,,,
3334,3.5880,-0.1097,-0.1688,3.007,black,1.000,50.48,1,1,1,0,9.75,3,3.2,10,3299,3299
3335,3.5880,-0.1101,0.0303,2.959,good,0.001,2.86,0,0,0,0,11.02,3,0.0,,,
3340,3.5920,-0.1117,-0.1531,2.985,good,0.001,2.14,0,0,0,0,10.91,3,0.0,,,
3344,3.5920,-0.1172,-0.1049,3.346,good,0.007,2.19,0,0,0,0,4.91,2,0.0,,,
3345,3.5920,-0.1173,0.2252,2.998,good,0.003,2.10,0,0,0,0,12.48,2,0.0,,,
3341,3.5960,-0.1099,-0.1704,2.999,good,0.001,4.27,0,0,0,0,10.01,3,0.0,,,
3342,3.5960,-0.1106,0.1663,3.068,good,0.228,4.32,0,0,0,0,8.63,3,0.0,,,
3343,3.5960,-0.1105,0.0724,2.762,good,0.003,2.42,0,0,0,0,16.20,3,0.0,,,
3351,3.5960,-0.1174,-0.1661,3.166,good,0.003,2.29,0,0,0,0,8.69,2,0.0,,,
3352,3.5960,-0.1176,0.1803,2.404,good,0.002,7.78,0,0,0,0,30.52,2,0.0,,,
3357,3.5960,-0.1114,0.1758,3.000,good,0.001,2.53,0,0,0,0,10.47,1,0.0,,,
3346,3.6000,-0.1163,-0.1838,3.002,good,0.008,2.92,0,0,0,0,12.03,3,0.0,,,
3347,3.6000,-0.1118,-0.2283,2.833,good,0.003,4.56,0,0,0,0,14.75,3,0.0,,,
3348,3.6000,-0.1117,0.0052,3.009,good,0.000,3.05,0,0,0,0,10.36,3,0.0,,,
3349,3.6000,-0.1129,0.0905,2.841,good,0.000,2.21,0,0,0,0,14.93,3,0.0,,,
3350,3.6000,-0.1087,-0.1446,3.132,good,0.000,2.72,0,0,0,0,6.63,3,0.0,,,
3355,3.6000,-0.1178,-0.0589,3.440,faded,0.998,4.33,1,1,1,0,3.32,2,3.2,24,3337,
3356,3.6000,-0.1158,-0.1953,2.993,good,0.000,2.54,0,0,0,0,12.09,2,0.0,,,
3353,3.6040,-0.1121,-0.0146,2.996,good,0.002,1.92,0,0,0,0,10.81,3,0.0,,,
3354,3.6040,-0.1105,0.1984,3.029,good,0.213,2.71,0,0,0,0,9.50,3,0.0,,,
3359,3.6040,-0.1196,-0.1077,3.017,faded,0.991,5.13,1,1,1,0,12.80,2,3.2,18,3318,3318
3360,3.6040,-0.1190,-0.1433,2.997,good,0.000,2.92,0,0,0,0,13.07,2,0.0,,,
3361,3.6040,-0.1172,0.1565,2.967,sour,1.000,15.34,1,1,1,0,13.20,2,3.2,52|51,3294,3294
3362,3.6040,-0.1165,-0.0403,2.988,good,0.000,3.01,0,0,0,0,12.48,2,0.0,,,
3363,3.6040,-0.1175,0.0947,2.971,good,0.001,2.83,0,0,0,0,13.19,2,0.0,,,
3358,3.6080,-0.1123,-0.1800,3.000,good,0.000,2.60,0,0,0,0,10.77,3,0.0,,,
3364,3.6120,-0.1139,-0.1943,3.039,good,0.003,2.50,0,0,0,0,10.37,3,0.0,,,
3365,3.6120,-0.1108,0.1773,3.161,good,0.000,2.65,0,0,0,0,6.70,3,0.0,,,
3366,3.6120,-0.1163,-0.1650,3.450,good,0.004,2.92,0,0,0,0,2.68,2,0.0,,,
3367,3.6200,-0.1121,0.0332,2.964,good,0.000,3.25,0,0,0,0,11.57,3,0.0,,,
3368,3.6200,-0.1086,0.1509,2.939,good,0.000,3.92,0,0,0,0,10.96,3,0.0,,,
3371,3.6200,-0.1168,-0.2011,2.993,good,0.001,3.13,0,0,0,0,12.45,2,0.0,,,
3372,3.6200,-0.1176,0.0879,3.007,good,0.000,3.13,0,0,0,0,12.35,2,0.0,,,
3369,3.6240,-0.1093,-0.1475,3.003,good,0.000,1.84,0,0,0,0,9.69,3,0.0,,,
3370,3.6240,-0.1126,-0.0225,2.568,good,0.000,3.78,0,0,0,0,22.79,3,0.0,,,
3373,3.6320,-0.1123,-0.2187,3.028,insect,1.000,5.44,1,1,1,0,10.13,3,3.1,4|3,3323,3323
3374,3.6320,-0.1112,0.0250,3.000,good,0.063,6.38,0,0,0,0,10.40,3,0.0,,,
3375,3.6320,-0.1105,-0.0648,2.999,good,0.000,2.87,0,0,0,0,10.19,3,0.0,,,
3376,3.6320,-0.1093,-0.1610,3.003,good,0.000,2.40,0,0,0,0,9.71,3,0.0,,,
3379,3.6320,-0.1197,0.0473,2.996,good,0.159,4.24,0,0,0,0,13.35,2,0.0,,,
3377,3.6360,-0.1160,-0.0677,2.807,good,0.001,3.33,0,0,0,0,16.95,3,0.0,,,
3378,3.6360,-0.1161,0.2059,2.647,good,0.259,6.15,0,0,0,0,21.62,3,0.0,,,
3382,3.6360,-0.1192,0.1913,2.988,good,0.000,2.86,0,0,0,0,13.38,2,0.0,,,
3383,3.6360,-0.1187,-0.1221,2.990,good,0.000,2.62,0,0,0,0,13.14,2,0.0,,,
3384,3.6360,-0.1174,-0.0123,3.109,good,0.000,3.09,0,0,0,0,9.90,2,0.0,,,
3385,3.6360,-0.1159,0.0607,3.152,good,0.000,5.30,0,0,0,0,8.50,2,0.0,,,
3386,3.6360,-0.1114,0.1501,3.450,good,0.000,3.28,0,0,0,0,1.28,2,0.0,,,
3380,3.6400,-0.1127,-0.2131,2.923,good,0.015,6.73,0,0,0,0,12.77,3,0.0,,,
3381,3.6400,-0.1080,-0.1815,3.004,good,0.000,3.14,0,0,0,0,9.26,3,0.0,,,
3388,3.6400,-0.1192,-0.0906,2.997,good,0.003,3.79,0,0,0,0,13.11,2,0.0,,,
3389,3.6400,-0.1169,0.1948,3.002,good,0.000,2.61,0,0,0,0,12.23,2,0.0,,,
3387,3.6440,-0.1138,0.2187,2.961,good,0.000,1.99,0,0,0,0,12.19,3,0.0,,,
3391,3.6440,-0.1175,-0.0550,3.076,good,0.000,2.84,0,0,0,0,10.69,2,0.0,,,
3392,3.6440,-0.1160,-0.2382,3.019,good,0.317,8.98,0,0,0,0,11.57,2,0.0,,,
3390,3.6480,-0.1148,0.0490,2.972,good,0.001,4.33,0,0,0,0,12.29,3,0.0,,,
3395,3.6480,-0.1146,0.1831,3.186,good,0.001,5.41,0,0,0,0,7.37,2,0.0,,,
3400,3.6480,-0.1019,0.2220,3.000,good,0.000,1.96,0,0,0,0,7.30,1,0.0,,,
3393,3.6520,-0.1145,-0.2391,2.989,good,0.005,2.81,0,0,0,0,11.78,3,0.0,,,
3394,3.6520,-0.1102,0.1540,2.994,good,0.000,2.37,0,0,0,0,10.19,3,0.0,,,
3399,3.6520,-0.1174,-0.0749,2.993,good,0.000,1.77,0,0,0,0,12.64,2,0.0,,,
3396,3.6560,-0.1398,0.2454,3.000,good,0.000,1.78,0,0,0,0,11.94,1,0.0,,,
3397,3.6560,-0.1127,0.0570,2.988,good,0.000,3.76,0,0,0,0,11.18,3,0.0,,,
3398,3.6560,-0.1082,0.2092,3.000,good,0.002,3.12,0,0,0,0,9.39,3,0.0,,,
3401,3.6600,-0.1146,-0.1153,2.994,insect,1.000,5.34,1,1,1,0,11.67,3,3.1,17,3345,3345
3402,3.6600,-0.1118,-0.0403,3.002,faded,1.000,6.09,1,1,1,0,10.57,3,3.2,26|27,3351,3351
3403,3.6600,-0.1113,-0.0017,3.029,good,0.000,2.85,0,0,0,0,9.76,3,0.0,,,
3404,3.6600,-0.1099,0.1249,3.004,faded,0.885,21.50,1,1,1,0,9.88,3,3.2,47|48,3363|3376,3363|3376
3405,3.6600,-0.1088,-0.2015,2.976,good,0.000,3.58,0,0,0,0,10.17,3,0.0,,,
3407,3.6600,-0.1133,0.1407,3.298,good,0.002,2.52,0,0,0,0,4.68,2,0.0,,,
3413,3.6600,-0.1097,0.2456,3.000,good,0.000,1.66,0,0,0,0,9.91,1,0.0,,,
3406,3.6640,-0.1239,-0.0546,2.817,good,0.050,2.25,0,0,0,0,15.48,2,0.0,,,
3411,3.6640,-0.1192,-0.0971,3.061,faded,0.930,3.47,1,1,1,0,11.59,2,3.2,19,3387,3387
3412,3.6640,-0.1122,-0.0837,3.450,good,0.000,1.91,0,0,0,0,1.51,2,0.0,,,
3417,3.6640,-0.1126,-0.0506,3.000,good,0.025,2.20,0,0,0,0,10.87,1,0.0,,,
3408,3.6680,-0.1152,0.0844,3.002,good,0.001,2.11,0,0,0,0,11.69,3,0.0,,,
3409,3.6680,-0.1154,0.1951,2.921,good,0.002,2.55,0,0,0,0,13.74,3,0.0,,,
3410,3.6680,-0.1142,-0.1380,2.995,good,0.000,1.73,0,0,0,0,11.53,3,0.0,,,
3416,3.6680,-0.1212,0.1064,3.000,husk,1.000,11.01,1,1,1,0,9.73,1,2.4,45,,
3414,3.6720,-0.1121,-0.0190,3.009,good,0.001,4.59,0,0,0,0,10.49,3,0.0,,,
3415,3.6720,-0.1093,0.1621,2.980,good,0.000,3.31,0,0,0,0,10.24,3,0.0,,,
3424,3.6720,-0.1188,-0.0414,3.000,good,0.000,2.60,0,0,0,0,12.93,1,0.0,,,
3418,3.6760,-0.1328,-0.0465,3.000,good,0.000,6.14,0,0,0,0,9.61,1,0.0,,,
3419,3.6760,-0.1215,-0.2262,2.901,good,0.079,9.44,0,0,0,0,12.37,2,0.0,,,
3420,3.6760,-0.1084,-0.0908,2.999,good,0.004,3.37,0,0,0,0,9.48,3,0.0,,,
3422,3.6760,-0.1197,-0.0236,3.002,good,0.025,2.65,0,0,0,0,13.19,2,0.0,,,
3423,3.6760,-0.1075,-0.0498,3.230,good,0.000,2.52,0,0,0,0,4.25,2,0.0,,,
3429,3.6760,-0.1111,-0.2221,3.000,good,0.002,3.14,0,0,0,0,10.38,1,0.0,,,
3430,3.6760,-0.1088,-0.2315,3.000,good,0.000,2.33,0,0,0,0,9.58,1,0.0,,,
3421,3.6800,-0.1094,-0.1246,2.708,good,0.000,2.97,0,0,0,0,17.33,3,0.0,,,
3425,3.6840,-0.1176,-0.1695,2.732,good,0.004,1.83,0,0,0,0,19.64,3,0.0,,,
3426,3.6840,-0.1132,-0.1050,2.984,good,0.001,3.00,0,0,0,0,11.43,3,0.0,,,
3427,3.6840,-0.1140,0.0055,2.903,good,0.000,3.27,0,0,0,0,13.72,3,0.0,,,
3428,3.6840,-0.1115,-0.0527,3.038,faded,1.000,4.96,1,1,1,0,9.60,3,3.2,25,3398,3398
3434,3.6840,-0.1130,0.1650,3.000,faded,0.564,13.44,1,1,1,0,11.01,2,3.2,53|52,3361|3383|3405,3361|3383|3405
3431,3.6880,-0.1120,-0.0231,2.996,good,0.000,3.39,0,0,0,0,10.75,3,0.0,,,
3432,3.6880,-0.1084,0.0498,3.160,good,0.000,1.99,0,0,0,0,5.97,3,0.0,,,
3433,3.6880,-0.1086,-0.0672,3.018,sour,1.000,18.89,1,1,1,0,9.11,3,3.2,23,3414,3414
3438,3.6880,-0.1182,-0.0946,2.998,good,0.000,2.06,0,0,0,0,12.79,2,0.0,,,
3439,3.6880,-0.1175,0.1383,2.962,good,0.000,2.33,0,0,0,0,13.42,2,0.0,,,
3435,3.6920,-0.1164,-0.0537,3.000,good,0.000,3.27,0,0,0,0,12.12,3,0.0,,,
3436,3.6920,-0.1128,0.0066,2.846,good,0.000,2.51,0,0,0,0,14.77,3,0.0,,,
3437,3.6920,-0.1120,-0.2214,2.871,good,0.000,3.43,0,0,0,0,13.82,3,0.0,,,
3441,3.6920,-0.1184,0.1136,3.005,good,0.000,7.10,0,0,0,0,12.66,2,0.0,,,
3442,3.6920,-0.1191,0.1359,2.987,good,0.002,2.53,0,0,0,0,13.35,2,0.0,,,
3443,3.6920,-0.1159,0.0842,2.995,good,0.001,5.36,0,0,0,0,12.09,2,0.0,,,
3440,3.6960,-0.1124,0.0791,3.004,good,0.000,2.44,0,0,0,0,10.70,3,0.0,,,
3448,3.6960,-0.1005,-0.2176,3.000,good,0.001,3.37,0,0,0,0,6.82,1,0.0,,,
3444,3.7000,-0.1156,-0.1243,2.685,black,1.000,54.77,1,1,1,0,20.30,3,3.2,16|15,3408,3408
3445,3.7000,-0.1109,-0.1977,2.976,good,0.000,3.67,0,0,0,0,10.88,3,0.0,,,
3447,3.7000,-0.1179,-0.1584,2.756,good,0.000,3.26,0,0,0,0,19.04,2,0.0,,,
3446,3.7040,-0.1137,-0.0818,3.005,good,0.023,3.55,0,0,0,0,11.14,3,0.0,,,
3452,3.7040,-0.1198,-0.1910,2.999,insect,1.000,5.40,1,1,1,0,13.30,2,3.1,7,3392,
3453,3.7040,-0.1185,-0.1729,2.986,good,0.000,2.22,0,0,0,0,13.17,2,0.0,,,
3449,3.7080,-0.1149,0.1068,3.010,good,0.000,2.11,0,0,0,0,11.41,3,0.0,,,
3450,3.7080,-0.1117,0.1139,2.998,good,0.000,1.89,0,0,0,0,10.61,3,0.0,,,
3451,3.7080,-0.1135,-0.0500,2.817,good,0.341,3.24,0,0,0,0,15.81,3,0.0,,,
3458,3.7080,-0.1178,-0.0025,3.072,sour,1.000,9.89,1,1,1,0,10.90,2,3.2,31,3413,3413
3454,3.7120,-0.1139,0.1452,3.021,good,0.000,3.06,0,0,0,0,10.81,3,0.0,,,
3455,3.7120,-0.1140,-0.1382,3.035,good,0.000,2.53,0,0,0,0,10.53,3,0.0,,,
3456,3.7120,-0.1107,0.0813,2.981,good,0.083,2.75,0,0,0,0,10.69,3,0.0,,,
3457,3.7120,-0.1111,0.1217,2.747,good,0.004,4.63,0,0,0,0,16.85,3,0.0,,,
3461,3.7120,-0.1319,0.0726,3.000,good,0.037,3.57,0,0,0,0,13.30,1,0.0,,,
3465,3.7120,-0.1199,0.0759,3.000,good,0.027,3.63,0,0,0,0,13.30,1,0.0,,,
3459,3.7160,-0.1131,-0.1030,3.002,good,0.000,2.09,0,0,0,0,10.97,3,0.0,,,
3460,3.7160,-0.1088,-0.1458,3.010,good,0.000,3.27,0,0,0,0,9.38,3,0.0,,,
3468,3.7160,-0.1079,0.0793,3.000,good,0.017,3.69,0,0,0,0,9.29,1,0.0,,,
3462,3.7200,-0.1151,0.0479,3.016,faded,1.000,5.22,1,1,1,0,11.32,3,3.2,38|37,3415,3415
3463,3.7200,-0.1140,0.0318,3.033,good,0.000,3.31,0,0,0,0,10.54,3,0.0,,,
3464,3.7200,-0.1080,-0.2261,3.100,good,0.000,2.59,0,0,0,0,7.09,3,0.0,,,
3466,3.7200,-0.1183,0.1802,3.023,good,0.001,6.74,0,0,0,0,12.21,2,0.0,,,
3467,3.7200,-0.1165,0.0027,2.959,good,0.000,4.39,0,0,0,0,13.16,2,0.0,,,
3469,3.7280,-0.1156,-0.2336,3.011,good,0.001,3.60,0,0,0,0,11.61,3,0.0,,,
3470,3.7280,-0.1145,0.1137,2.993,good,0.001,3.24,0,0,0,0,11.66,3,0.0,,,
3471,3.7280,-0.1081,0.0993,3.024,good,0.000,3.33,0,0,0,0,8.84,3,0.0,,,
3472,3.7280,-0.1090,-0.0940,3.008,good,0.000,2.98,0,0,0,0,9.47,3,0.0,,,
3473,3.7320,-0.1138,0.1385,2.910,good,0.000,2.41,0,0,0,0,13.48,3,0.0,,,
3479,3.7320,-0.1173,-0.1234,3.182,good,0.003,2.97,0,0,0,0,8.31,2,0.0,,,
3480,3.7320,-0.1183,-0.0320,3.005,good,0.001,2.53,0,0,0,0,12.66,2,0.0,,,
3474,3.7360,-0.1153,-0.1018,3.015,good,0.000,3.59,0,0,0,0,11.41,3,0.0,,,
3475,3.7360,-0.1141,-0.0600,3.005,good,0.005,4.20,0,0,0,0,11.25,3,0.0,,,
3476,3.7360,-0.1110,-0.0421,2.994,sour,1.000,22.67,1,1,1,0,10.49,3,3.2,26,3437,3437
3477,3.7360,-0.1237,-0.1183,2.719,good,0.047,2.92,0,0,0,0,18.29,2,0.0,,,
3478,3.7360,-0.1099,0.1036,3.005,good,0.001,3.08,0,0,0,0,9.87,3,0.0,,,
3485,3.7360,-0.1180,-0.0226,3.027,good,0.000,3.42,0,0,0,0,12.03,2,0.0,,,
3490,3.7360,-0.1129,-0.1219,3.000,good,0.012,2.97,0,0,0,0,10.95,1,0.0,,,
3481,3.7400,-0.1173,0.2004,2.824,good,0.000,2.52,0,0,0,0,16.95,3,0.0,,,
3482,3.7400,-0.1082,-0.0019,3.450,insect,0.998,6.27,1,1,1,0,0.33,3,3.1,31,3487,3487
3483,3.7400,-0.1103,0.2118,2.991,good,0.024,2.50,0,0,0,0,10.30,3,0.0,,,
3484,3.7400,-0.1082,0.2410,3.016,good,0.004,9.59,0,0,0,0,9.01,3,0.0,,,
3489,3.7400,-0.1176,0.0482,2.997,good,0.001,2.96,0,0,0,0,12.59,2,0.0,,,
3486,3.7440,-0.1399,-0.1543,3.000,good,0.001,3.14,0,0,0,0,11.98,1,0.0,,,
3487,3.7440,-0.1147,-0.1274,3.025,good,0.000,1.65,0,0,0,0,10.97,3,0.0,,,
3488,3.7440,-0.1119,-0.1585,2.711,good,0.005,5.49,0,0,0,0,18.15,3,0.0,,,
3491,3.7440,-0.1161,-0.1448,3.002,good,0.000,3.45,0,0,0,0,11.98,2,0.0,,,
3494,3.7480,-0.1200,-0.2018,2.998,good,0.000,2.22,0,0,0,0,13.37,2,0.0,,,
3495,3.7480,-0.1154,0.1174,2.991,good,0.000,2.11,0,0,0,0,12.02,2,0.0,,,
3492,3.7520,-0.1172,-0.2317,2.793,good,0.016,2.71,0,0,0,0,17.74,3,0.0,,,
3493,3.7520,-0.1089,0.2070,3.096,good,0.000,3.35,0,0,0,0,7.47,3,0.0,,,
3499,3.7520,-0.1157,0.1425,3.001,good,0.025,1.94,0,0,0,0,11.89,2,0.0,,,
3496,3.7560,-0.1115,-0.0191,3.006,good,0.000,2.67,0,0,0,0,10.37,3,0.0,,,
3497,3.7560,-0.1091,-0.0038,3.006,insect,1.000,4.39,1,1,1,0,9.57,3,3.1,31,3434,3434
3498,3.7560,-0.1081,-0.1701,3.002,good,0.021,5.95,0,0,0,0,9.32,3,0.0,,,
3502,3.7560,-0.1169,-0.0287,3.000,good,0.000,2.33,0,0,0,0,12.30,2,0.0,,,
3503,3.7560,-0.1162,-0.2186,3.000,good,0.000,8.91,0,0,0,0,12.08,2,0.0,,,
3504,3.7560,-0.1160,-0.0596,2.972,good,0.001,2.82,0,0,0,0,12.67,2,0.0,,,
3505,3.7560,-0.1161,0.2128,3.002,good,0.031,2.44,0,0,0,0,11.97,2,0.0,,,
3509,3.7560,-0.1060,-0.2353,3.000,good,0.015,2.50,0,0,0,0,8.67,1,0.0,,,
3500,3.7600,-0.1150,0.0398,2.965,good,0.000,3.41,0,0,0,0,12.52,3,0.0,,,
3501,3.7600,-0.1095,-0.0080,2.988,good,0.004,1.98,0,0,0,0,10.13,3,0.0,,,
3506,3.7640,-0.1153,0.0252,2.889,good,0.003,5.77,0,0,0,0,14.51,3,0.0,,,
3507,3.7640,-0.1367,0.1985,3.000,good,0.000,2.84,0,0,0,0,10.90,1,0.0,,,
3508,3.7640,-0.1086,-0.1702,3.037,good,0.006,5.84,0,0,0,0,8.69,3,0.0,,,
3513,3.7640,-0.1212,0.2023,3.000,good,0.000,2.89,0,0,0,0,9.74,1,0.0,,,
3517,3.7640,-0.1194,-0.0582,3.000,good,0.002,2.58,0,0,0,0,13.14,1,0.0,,,
3518,3.7640,-0.1194,0.0388,3.000,good,0.001,4.29,0,0,0,0,13.14,1,0.0,,,
3519,3.7640,-0.1057,0.2062,3.000,good,0.000,2.83,0,0,0,0,8.57,1,0.0,,,
3510,3.7680,-0.1089,0.1279,3.028,good,0.000,2.42,0,0,0,0,9.00,3,0.0,,,
3511,3.7680,-0.1337,0.0352,3.000,good,0.001,4.36,0,0,0,0,9.90,1,0.0,,,
3512,3.7680,-0.1336,-0.0541,3.000,good,0.001,2.53,0,0,0,0,9.88,1,0.0,,,
3516,3.7680,-0.1190,0.0892,3.045,good,0.004,1.86,0,0,0,0,11.93,2,0.0,,,
3522,3.7680,-0.1053,-0.0623,3.000,good,0.001,2.60,0,0,0,0,8.43,1,0.0,,,
3523,3.7680,-0.1051,0.0423,3.000,good,0.000,4.22,0,0,0,0,8.37,1,0.0,,,
3514,3.7720,-0.1138,-0.1160,2.989,good,0.000,2.10,0,0,0,0,11.54,3,0.0,,,
3515,3.7720,-0.1101,-0.2405,2.978,good,0.026,7.67,0,0,0,0,10.55,3,0.0,,,
3531,3.7720,-0.1069,0.0859,3.000,good,0.002,1.86,0,0,0,0,8.95,1,0.0,,,
3520,3.7760,-0.1156,-0.1018,3.001,good,0.000,2.64,0,0,0,0,11.85,3,0.0,,,
3521,3.7760,-0.1149,0.0268,2.717,good,0.070,5.05,0,0,0,0,19.12,3,0.0,,,
3529,3.7760,-0.1192,-0.1300,3.009,good,0.038,2.41,0,0,0,0,12.85,2,0.0,,,
3530,3.7760,-0.1196,0.1019,3.006,good,0.001,2.32,0,0,0,0,13.05,2,0.0,,,
3524,3.7800,-0.1161,0.0714,3.006,sour,1.000,11.32,1,1,1,0,11.89,3,3.2,41|40,3486,3486
3525,3.7800,-0.1144,-0.0168,2.985,good,0.000,2.92,0,0,0,0,11.84,3,0.0,,,
3526,3.7800,-0.1133,0.1438,3.058,good,0.001,5.09,0,0,0,0,9.76,3,0.0,,,
3527,3.7800,-0.1120,0.0843,3.008,good,0.000,3.42,0,0,0,0,10.48,3,0.0,,,
3528,3.7800,-0.1081,0.1301,3.017,good,0.000,2.23,0,0,0,0,8.97,3,0.0,,,
3532,3.7800,-0.1183,0.1014,3.400,good,0.000,7.50,0,0,0,0,4.21,2,0.0,,,
3533,3.7800,-0.1165,-0.1904,3.000,faded,1.000,4.51,1,1,1,0,12.17,2,3.2,7,3471,3471
3534,3.7800,-0.1154,-0.0018,3.073,black,1.000,54.69,1,1,1,0,10.11,2,3.2,31,3475,
3535,3.7800,-0.1146,0.1577,3.236,good,0.000,2.14,0,0,0,0,6.31,2,0.0,,,
3536,3.7880,-0.1122,0.2398,3.128,good,0.001,6.61,0,0,0,0,7.83,3,0.0,,,
3537,3.7880,-0.1086,-0.0612,2.997,good,0.001,2.86,0,0,0,0,9.60,3,0.0,,,
3538,3.7880,-0.1087,-0.0266,3.018,good,0.000,4.25,0,0,0,0,9.16,3,0.0,,,
3543,3.7880,-0.1176,0.0708,3.343,sour,1.000,20.24,1,1,1,0,5.10,2,3.2,41|40,3500,
3544,3.7880,-0.1175,-0.1692,2.947,faded,1.000,6.37,1,1,1,0,13.79,2,3.2,10,3495,
3545,3.7880,-0.1170,0.2110,2.994,good,0.001,9.60,0,0,0,0,12.47,2,0.0,,,
3539,3.7920,-0.1182,-0.2118,2.720,good,0.197,5.11,0,0,0,0,20.19,3,0.0,,,
3540,3.7920,-0.1254,-0.0440,3.048,good,0.002,3.86,0,0,0,0,9.96,2,0.0,,,
3541,3.7920,-0.1146,0.0545,2.552,good,0.326,10.93,0,0,0,0,24.08,3,0.0,,,
3542,3.7920,-0.1105,0.0064,2.812,good,0.006,2.30,0,0,0,0,14.88,3,0.0,,,
3547,3.7920,-0.1317,0.0569,3.000,sour,1.000,15.10,1,1,1,0,13.23,1,3.2,39,,
3548,3.7920,-0.1133,-0.0398,3.000,good,0.004,3.78,0,0,0,0,11.09,1,0.0,,,
3546,3.7960,-0.1180,0.1986,2.481,good,0.001,2.89,0,0,0,0,27.88,3,0.0,,,
3552,3.8000,-0.1181,0.1371,3.001,good,0.008,4.28,0,0,0,0,12.66,2,0.0,,,
3549,3.8040,-0.1162,-0.0336,2.858,black,1.000,49.05,1,1,1,0,15.63,3,3.2,27,3498,3498
3550,3.8040,-0.1131,0.1858,3.001,good,0.000,2.88,0,0,0,0,10.99,3,0.0,,,
3551,3.8040,-0.1104,0.1609,2.998,good,0.000,2.66,0,0,0,0,10.19,3,0.0,,,
3558,3.8040,-0.1179,0.2115,3.019,good,0.000,2.73,0,0,0,0,12.19,2,0.0,,,
3553,3.8080,-0.1133,-0.1516,3.111,good,0.000,2.89,0,0,0,0,8.55,3,0.0,,,
3554,3.8080,-0.1142,0.0216,2.913,good,0.001,3.25,0,0,0,0,13.51,3,0.0,,,
3555,3.8080,-0.1364,0.0678,3.000,good,0.077,4.99,0,0,0,0,10.81,1,0.0,,,
3556,3.8080,-0.1104,-0.0964,2.998,good,0.000,3.93,0,0,0,0,10.19,3,0.0,,,
3557,3.8080,-0.1083,-0.0245,3.053,good,0.000,2.29,0,0,0,0,8.23,3,0.0,,,
3561,3.8080,-0.1258,0.0708,3.000,good,0.010,5.05,0,0,0,0,11.25,1,0.0,,,
3563,3.8080,-0.1151,0.0738,3.000,good,0.003,5.00,0,0,0,0,11.70,1,0.0,,,
3559,3.8120,-0.1380,-0.1356,3.000,broken,0.604,8.56,1,1,1,0,11.33,1,2.4,14,,
3560,3.8120,-0.1121,0.0432,2.972,good,0.000,3.01,0,0,0,0,11.36,3,0.0,,,
3570,3.8120,-0.1045,0.0768,3.000,good,0.031,5.10,0,0,0,0,8.16,1,0.0,,,
3562,3.8160,-0.1162,-0.0900,3.000,good,0.001,1.97,0,0,0,0,12.07,3,0.0,,,
3568,3.8160,-0.1169,-0.0511,2.943,good,0.000,2.25,0,0,0,0,13.68,2,0.0,,,
3569,3.8160,-0.1154,0.0973,3.052,good,0.001,1.81,0,0,0,0,10.56,2,0.0,,,
3564,3.8200,-0.1149,-0.1772,3.000,shell,1.000,7.26,1,1,1,0,11.63,3,2.4,9,3511,3511
3565,3.8200,-0.1143,-0.1039,3.075,good,0.002,2.26,0,0,0,0,9.70,3,0.0,,,
3566,3.8200,-0.1148,-0.0744,2.859,good,0.000,3.34,0,0,0,0,15.12,3,0.0,,,
3567,3.8200,-0.1137,0.2227,3.014,good,0.004,6.55,0,0,0,0,10.90,3,0.0,,,
3571,3.8240,-0.1154,0.1048,3.037,good,0.005,2.50,0,0,0,0,10.92,3,0.0,,,
3572,3.8240,-0.1117,0.0590,3.113,good,0.004,5.18,0,0,0,0,8.00,3,0.0,,,
3573,3.8240,-0.1143,0.0099,2.965,good,0.000,2.34,0,0,0,0,12.27,3,0.0,,,
3574,3.8240,-0.1133,0.1202,2.999,good,0.000,2.21,0,0,0,0,11.14,3,0.0,,,
3575,3.8240,-0.1086,0.1414,2.996,good,0.041,3.88,0,0,0,0,9.62,3,0.0,,,
3576,3.8280,-0.1143,0.1503,3.002,good,0.000,1.90,0,0,0,0,11.37,3,0.0,,,
3577,3.8280,-0.1366,-0.0361,3.000,good,0.001,2.86,0,0,0,0,10.88,1,0.0,,,
3578,3.8280,-0.1110,-0.0285,2.895,faded,0.992,6.66,1,1,1,0,12.90,3,3.2,28,3506|3524,3506
3579,3.8280,-0.1215,-0.1961,2.445,insect,1.000,7.47,1,1,1,0,26.59,2,3.1,6|7,,
3582,3.8280,-0.1178,-0.0798,3.002,good,0.000,2.56,0,0,0,0,12.57,2,0.0,,,
3584,3.8280,-0.1117,-0.1933,3.000,insect,1.000,7.20,1,1,1,0,10.56,1,3.1,7,3513,
3580,3.8320,-0.1098,0.1005,3.014,good,0.001,2.59,0,0,0,0,9.62,3,0.0,,,
3581,3.8320,-0.1071,-0.0967,3.128,faded,0.873,4.45,1,1,1,0,6.21,3,3.2,19,3520,3520
3583,3.8320,-0.1184,-0.1785,2.949,good,0.001,2.32,0,0,0,0,14.06,2,0.0,,,
3586,3.8360,-0.1185,0.2134,2.990,good,0.000,3.63,0,0,0,0,13.10,2,0.0,,,
3585,3.8400,-0.1083,0.1030,2.982,good,0.000,2.14,0,0,0,0,9.86,3,0.0,,,
3587,3.8400,-0.1197,-0.2000,3.086,good,0.004,2.56,0,0,0,0,11.20,2,0.0,,,
3591,3.8440,-0.1155,0.1533,3.005,good,0.008,2.29,0,0,0,0,11.72,2,0.0,,,
3588,3.8480,-0.1133,0.1118,3.064,good,0.000,2.84,0,0,0,0,9.62,3,0.0,,,
3589,3.8480,-0.1127,-0.0956,3.002,good,0.001,2.93,0,0,0,0,10.84,3,0.0,,,
3590,3.8480,-0.1118,-0.1451,2.969,good,0.000,2.23,0,0,0,0,11.34,3,0.0,,,
3595,3.8480,-0.1171,-0.1683,2.992,good,0.000,2.89,0,0,0,0,12.54,2,0.0,,,
3596,3.8480,-0.1163,0.0567,3.136,good,0.000,2.35,0,0,0,0,8.98,2,0.0,,,
3597,3.8480,-0.1148,0.1779,3.366,good,0.000,2.30,0,0,0,0,3.80,2,0.0,,,
3592,3.8520,-0.1109,-0.1461,2.952,good,0.000,2.35,0,0,0,0,11.44,3,0.0,,,
3593,3.8520,-0.1106,-0.0806,2.710,good,0.004,6.38,0,0,0,0,17.69,3,0.0,,,
3594,3.8520,-0.1089,0.2067,2.954,good,0.001,3.02,0,0,0,0,10.72,3,0.0,,,
3601,3.8520,-0.1199,-0.1544,3.061,black,1.000,47.37,1,1,1,0,11.85,2,3.2,12,3561,3561
3602,3.8520,-0.1191,-0.1135,2.853,broken,0.980,4.90,1,1,1,0,16.78,2,2.4,17,3537,
3598,3.8560,-0.1163,-0.0150,3.030,broken,0.991,3.99,1,1,1,0,11.40,3,2.4,30|29,3543,3543
3599,3.8560,-0.1190,-0.1201,2.603,good,0.000,2.67,0,0,0,0,24.13,3,0.0,,,
3600,3.8560,-0.1088,0.1347,2.990,good,0.000,8.20,0,0,0,0,9.82,3,0.0,,,
3603,3.8600,-0.1140,-0.1380,2.965,good,0.000,1.88,0,0,0,0,12.19,3,0.0,,,
3604,3.8600,-0.1117,0.1505,2.998,good,0.185,4.83,0,0,0,0,10.60,3,0.0,,,
3605,3.8600,-0.1106,-0.2222,2.830,good,0.034,7.46,0,0,0,0,14.43,3,0.0,,,
3606,3.8600,-0.1181,0.0555,3.000,good,0.001,2.51,0,0,0,0,12.70,2,0.0,,,
3607,3.8600,-0.1187,-0.1990,3.002,sour,1.000,23.77,1,1,1,0,12.86,2,3.2,6,3573,3573
3608,3.8600,-0.1173,-0.1588,3.311,broken,0.734,1.77,1,1,1,0,5.64,2,2.4,11,3581,
3609,3.8680,-0.1102,0.1244,3.006,good,0.001,3.03,0,0,0,0,9.95,3,0.0,,,
3610,3.8680,-0.1108,0.2381,2.986,insect,1.000,2.94,1,1,1,0,10.62,3,3.1,62,3568,3568
3611,3.8680,-0.1112,-0.0813,2.944,good,0.000,3.02,0,0,0,0,11.75,3,0.0,,,
3612,3.8680,-0.1086,0.0047,2.993,good,0.000,2.75,0,0,0,0,9.68,3,0.0,,,
3613,3.8680,-0.1146,0.0582,3.140,good,0.000,4.21,0,0,0,0,8.33,2,0.0,,,
3616,3.8720,-0.1192,0.2019,3.000,good,0.006,7.80,0,0,0,0,13.09,2,0.0,,,
3614,3.8760,-0.1382,-0.1817,3.000,good,0.133,3.41,0,0,0,0,11.41,1,0.0,,,
3615,3.8760,-0.1133,0.0317,2.489,good,0.001,1.96,0,0,0,0,25.70,3,0.0,,,
3619,3.8760,-0.1190,0.0975,3.002,good,0.001,2.90,0,0,0,0,12.94,2,0.0,,,
3620,3.8760,-0.1179,0.1191,3.007,good,0.000,2.02,0,0,0,0,12.46,2,0.0,,,
3621,3.8760,-0.1212,-0.1837,3.000,good,0.158,3.69,0,0,0,0,9.72,1,0.0,,,
3629,3.8760,-0.1041,-0.1857,3.000,good,0.375,3.91,0,0,0,0,8.03,1,0.0,,,
3617,3.8800,-0.1115,0.1521,3.001,good,0.001,3.27,0,0,0,0,10.47,3,0.0,,,
3618,3.8800,-0.1120,-0.1274,2.997,good,0.007,1.56,0,0,0,0,10.74,3,0.0,,,
3628,3.8800,-0.1282,-0.0955,3.000,sour,1.000,16.17,1,1,1,0,12.08,1,3.2,19,3571,
3635,3.8800,-0.1161,-0.1012,3.000,sour,1.000,13.28,1,1,1,0,12.03,1,3.2,19|18,3583,
3622,3.8840,-0.1162,-0.0175,2.973,good,0.000,2.91,0,0,0,0,12.72,3,0.0,,,
3623,3.8840,-0.1153,0.0223,3.003,good,0.000,2.20,0,0,0,0,11.71,3,0.0,,,
3624,3.8840,-0.1129,-0.1201,3.000,good,0.001,2.23,0,0,0,0,10.99,3,0.0,,,
3625,3.8840,-0.1134,0.1391,2.999,good,0.000,2.99,0,0,0,0,11.18,3,0.0,,,
3626,3.8840,-0.1100,0.2262,3.002,good,0.000,2.62,0,0,0,0,9.95,3,0.0,,,
3627,3.8840,-0.1104,0.0622,2.917,good,0.000,1.74,0,0,0,0,12.15,3,0.0,,,
3631,3.8840,-0.1171,-0.0989,2.983,good,0.001,6.43,0,0,0,0,12.78,2,0.0,,,
3632,3.8840,-0.1194,0.0063,3.038,good,0.008,2.47,0,0,0,0,12.21,2,0.0,,,
3633,3.8840,-0.1163,0.2061,2.999,good,0.006,2.39,0,0,0,0,12.13,2,0.0,,,
3634,3.8840,-0.1153,0.0973,3.450,good,0.224,9.43,0,0,0,0,2.40,2,0.0,,,
3638,3.8840,-0.1040,-0.1070,3.000,sour,1.000,14.96,1,1,1,0,7.99,1,3.2,18,3583,
3630,3.8880,-0.1120,-0.0100,2.997,good,0.001,2.43,0,0,0,0,10.74,3,0.0,,,
3636,3.8920,-0.1131,-0.2043,3.272,good,0.000,3.34,0,0,0,0,5.13,3,0.0,,,
3637,3.8920,-0.1118,-0.2252,2.999,good,0.000,2.88,0,0,0,0,10.62,3,0.0,,,
3641,3.8920,-0.1188,-0.0941,3.001,good,0.000,4.79,0,0,0,0,12.92,2,0.0,,,
3642,3.8920,-0.1192,-0.0280,2.865,faded,1.000,5.04,1,1,1,0,16.51,2,3.2,28,3609,
3643,3.8920,-0.1163,-0.1101,3.027,good,0.000,4.29,0,0,0,0,11.45,2,0.0,,,
3644,3.8920,-0.1163,0.0670,3.003,sour,1.000,10.72,1,1,1,0,12.05,2,3.2,40,3585,3585
3639,3.8960,-0.1208,0.0592,3.365,good,0.016,2.28,0,0,0,0,1.63,2,0.0,,,
3640,3.8960,-0.1102,0.2023,3.014,good,0.003,2.64,0,0,0,0,9.74,3,0.0,,,
3646,3.8960,-0.1154,-0.1849,3.402,husk,0.995,9.93,1,1,1,0,3.32,2,2.4,8,3634,
3649,3.8960,-0.1074,0.0559,3.000,good,0.036,2.09,0,0,0,0,9.12,1,0.0,,,
3645,3.9000,-0.1131,0.0054,3.002,good,0.000,2.55,0,0,0,0,11.00,3,0.0,,,
3648,3.9000,-0.1182,-0.1613,3.020,good,0.003,2.59,0,0,0,0,12.24,2,0.0,,,
3655,3.9000,-0.1018,-0.1894,3.000,husk,0.992,9.71,1,1,1,0,7.27,1,2.4,7,3634,
3647,3.9040,-0.1091,-0.1228,2.996,good,0.000,2.59,0,0,0,0,9.78,3,0.0,,,
3651,3.9040,-0.1196,0.0588,2.993,good,0.002,3.24,0,0,0,0,13.37,2,0.0,,,
3652,3.9040,-0.1169,-0.2071,3.024,good,0.000,2.94,0,0,0,0,11.74,2,0.0,,,
3653,3.9040,-0.1183,-0.0552,3.003,good,0.000,1.46,0,0,0,0,12.69,2,0.0,,,
3654,3.9040,-0.1181,0.1221,2.995,good,0.032,2.79,0,0,0,0,12.80,2,0.0,,,
3656,3.9080,-0.1167,0.0176,2.951,insect,0.992,13.63,1,1,1,0,13.45,2,3.1,34,3612|3619,3612|3619
3661,3.9080,-0.1157,0.0117,3.000,good,0.033,1.91,0,0,0,0,11.88,1,0.0,,,
3650,3.9120,-0.1240,0.2437,2.077,husk,1.000,13.71,1,1,0,0,43.87,3,2.4,63|62,3616,
3660,3.9120,-0.1166,-0.1303,2.995,black,1.000,51.05,1,1,1,0,12.33,2,3.2,15,3626,3626
3657,3.9160,-0.1153,-0.1365,2.998,good,0.020,2.68,0,0,0,0,11.83,3,0.0,,,
3658,3.9160,-0.1127,0.1304,3.000,good,0.000,1.63,0,0,0,0,10.90,3,0.0,,,
3659,3.9160,-0.1102,-0.0022,3.005,good,0.000,2.30,0,0,0,0,9.93,3,0.0,,,
3663,3.9160,-0.1182,-0.0464,3.052,husk,1.000,14.61,1,1,1,0,11.51,2,2.4,26|25,3622,3622
3664,3.9160,-0.1308,0.2446,3.000,good,0.001,5.33,0,0,0,0,12.95,1,0.0,,,
3662,3.9200,-0.1115,0.2126,2.973,insect,0.994,5.83,1,1,1,0,11.13,3,3.1,59,3621,
3665,3.9240,-0.1144,0.0101,2.810,good,0.008,3.23,0,0,0,0,16.27,3,0.0,,,
3666,3.9240,-0.1102,-0.0792,3.000,good,0.053,1.77,0,0,0,0,10.08,3,0.0,,,
3669,3.9240,-0.1196,-0.0262,3.010,good,0.000,2.08,0,0,0,0,12.98,2,0.0,,,
3667,3.9280,-0.1152,0.0872,3.026,insect,1.000,5.24,1,1,1,0,11.13,3,3.1,43|42,3623,3623
3668,3.9280,-0.1119,-0.0764,3.003,good,0.000,1.86,0,0,0,0,10.55,3,0.0,,,
3670,3.9280,-0.1182,-0.0945,3.016,good,0.000,2.34,0,0,0,0,12.35,2,0.0,,,
3671,3.9280,-0.1190,0.1357,2.984,good,0.000,2.81,0,0,0,0,13.39,2,0.0,,,
3672,3.9280,-0.1307,-0.1355,3.000,insect,1.000,5.57,1,1,0,0,12.92,1,3.1,14,3624,
3673,3.9280,-0.1178,0.1633,2.969,good,0.003,3.48,0,0,0,0,13.36,2,0.0,,,
3674,3.9280,-0.1173,0.0609,3.017,black,1.000,48.08,1,1,0,0,12.04,2,3.2,39,3617,
3678,3.9280,-0.1199,-0.1385,3.000,insect,1.000,5.59,1,1,0,0,13.30,1,3.1,14,3591,
3676,3.9320,-0.1184,-0.1311,2.969,good,0.031,3.59,0,0,0,0,13.56,2,0.0,,,
3677,3.9320,-0.1168,0.0041,3.007,good,0.000,2.94,0,0,0,0,12.11,2,0.0,,,
3685,3.9320,-0.1090,-0.1416,3.000,insect,1.000,3.96,1,1,0,0,9.68,1,3.1,13|14,3591,
3675,3.9360,-0.1145,0.0076,2.995,black,1.000,46.33,1,1,0,0,11.61,3,3.2,32|33,3614,
3683,3.9360,-0.1184,0.2227,3.031,good,0.005,2.46,0,0,0,0,12.06,2,0.0,,,
3684,3.9360,-0.1176,0.0741,3.004,faded,1.000,6.51,1,1,0,0,12.41,2,3.2,41,3637,
3679,3.9400,-0.1147,0.0556,2.979,good,0.002,5.30,0,0,0,0,12.08,3,0.0,,,
3680,3.9400,-0.1086,-0.1247,2.996,good,0.023,8.04,0,0,0,0,9.62,3,0.0,,,
3681,3.9400,-0.1157,0.0427,2.416,good,0.000,2.62,0,0,0,0,29.30,3,0.0,,,
3682,3.9400,-0.1120,-0.1457,2.735,good,0.006,4.67,0,0,0,0,17.52,3,0.0,,,
3690,3.9400,-0.1185,-0.0718,3.000,good,0.001,3.24,0,0,0,0,12.83,2,0.0,,,
3686,3.9440,-0.1156,0.0860,2.994,good,0.000,2.39,0,0,0,0,12.02,3,0.0,,,
3687,3.9440,-0.1146,0.1779,2.993,good,0.008,2.15,0,0,0,0,11.71,3,0.0,,,
3688,3.9440,-0.1136,0.2090,3.182,good,0.037,2.52,0,0,0,0,7.12,3,0.0,,,
3689,3.9440,-0.1123,-0.2191,2.938,good,0.002,2.20,0,0,0,0,12.28,3,0.0,,,
3691,3.9480,-0.1204,-0.0128,3.450,good,0.026,2.24,0,0,0,0,-0.12,2,0.0,,,
3697,3.9480,-0.1035,-0.0153,3.000,good,0.043,2.29,0,0,0,0,7.83,1,0.0,,,
3692,3.9520,-0.1154,0.0047,3.003,good,0.000,2.01,0,0,0,0,11.72,3,0.0,,,
3693,3.9520,-0.1159,0.1140,2.997,good,0.003,2.72,0,0,0,0,12.05,3,0.0,,,
3694,3.9520,-0.1140,0.1786,3.011,good,0.000,2.72,0,0,0,0,11.09,3,0.0,,,
3695,3.9520,-0.1128,0.2057,3.047,good,0.056,2.86,0,0,0,0,9.83,3,0.0,,,
3696,3.9560,-0.1376,0.0578,3.000,good,0.000,4.10,0,0,0,0,11.21,1,0.0,,,
3703,3.9560,-0.1169,0.1490,2.886,good,0.000,3.04,0,0,0,0,15.13,2,0.0,,,
3704,3.9560,-0.1221,0.0613,3.000,good,0.000,4.05,0,0,0,0,10.03,1,0.0,,,
3709,3.9560,-0.1065,0.0648,3.000,good,0.000,3.32,0,0,0,0,8.84,1,0.0,,,
3698,3.9600,-0.1158,-0.0330,3.043,good,0.004,2.44,0,0,0,0,10.93,3,0.0,,,
3699,3.9600,-0.1169,0.0782,2.359,good,0.001,1.67,0,0,0,0,31.95,3,0.0,,,
3700,3.9600,-0.1093,0.2182,3.012,good,0.018,2.53,0,0,0,0,9.49,3,0.0,,,
3701,3.9600,-0.1099,0.2037,2.992,good,0.000,1.99,0,0,0,0,10.15,3,0.0,,,
3702,3.9600,-0.1082,0.0290,3.000,good,0.000,3.71,0,0,0,0,9.39,3,0.0,,,
3707,3.9600,-0.1200,-0.2035,2.969,good,0.000,3.01,0,0,0,0,14.09,2,0.0,,,
3708,3.9600,-0.1186,0.1614,2.999,good,0.000,2.62,0,0,0,0,12.91,2,0.0,,,
3705,3.9640,-0.1140,0.1761,2.958,good,0.001,2.65,0,0,0,0,12.37,3,0.0,,,
3706,3.9640,-0.1105,-0.1030,3.053,good,0.000,3.55,0,0,0,0,8.94,3,0.0,,,
3713,3.9640,-0.1160,0.1870,2.997,good,0.100,3.33,0,0,0,0,12.06,2,0.0,,,
3710,3.9680,-0.1127,-0.1811,3.001,good,0.000,2.78,0,0,0,0,10.87,3,0.0,,,
3711,3.9680,-0.1113,-0.1352,3.009,good,0.000,1.38,0,0,0,0,10.22,3,0.0,,,
3712,3.9680,-0.1110,0.1961,2.938,good,0.000,2.18,0,0,0,0,11.82,3,0.0,,,
3716,3.9680,-0.1195,0.0272,2.998,good,0.001,8.17,0,0,0,0,13.22,2,0.0,,,
3714,3.9720,-0.1144,-0.1843,2.964,good,0.030,8.40,0,0,0,0,12.34,3,0.0,,,
3715,3.9720,-0.1150,-0.0888,3.000,good,0.000,2.57,0,0,0,0,11.66,3,0.0,,,
3717,3.9720,-0.1111,0.1060,3.096,good,0.000,3.04,0,0,0,0,8.17,3,0.0,,,
3718,3.9720,-0.1125,0.2447,2.984,good,0.000,3.67,0,0,0,0,11.19,3,0.0,,,
3719,3.9720,-0.1100,-0.0790,3.145,good,0.007,11.98,0,0,0,0,6.78,3,0.0,,,
3720,3.9760,-0.1137,-0.2081,3.006,good,0.000,2.48,0,0,0,0,11.12,3,0.0,,,
3721,3.9760,-0.1189,0.0571,3.015,good,0.000,2.01,0,0,0,0,12.61,2,0.0,,,
3722,3.9760,-0.1174,-0.1411,3.039,good,0.000,1.73,0,0,0,0,11.53,2,0.0,,,
3726,3.9800,-0.1190,0.0739,2.991,good,0.003,2.80,0,0,0,0,13.25,2,0.0,,,
3723,3.9840,-0.1107,-0.0289,3.000,good,0.000,3.41,0,0,0,0,10.23,3,0.0,,,
3724,3.9840,-0.1087,-0.2359,3.084,good,0.035,3.56,0,0,0,0,7.67,3,0.0,,,
3725,3.9840,-0.1094,-0.0028,3.025,good,0.003,4.20,0,0,0,0,9.24,3,0.0,,,
3727,3.9840,-0.1081,-0.0961,3.000,good,0.031,2.08,0,0,0,0,9.37,3,0.0,,,
3730,3.9840,-0.1182,0.0920,3.147,faded,0.989,3.98,1,1,0,0,9.35,2,3.2,43,3679,
3728,3.9880,-0.1124,-0.2135,3.293,good,0.001,2.65,0,0,0,0,4.49,3,0.0,,,
3729,3.9880,-0.1097,-0.0366,2.920,good,0.005,2.34,0,0,0,0,11.83,3,0.0,,,
3734,3.9880,-0.1168,-0.0805,3.015,good,0.001,2.31,0,0,0,0,11.93,2,0.0,,,
3731,3.9920,-0.1147,0.0685,2.971,good,0.000,2.31,0,0,0,0,12.27,3,0.0,,,
3732,3.9920,-0.1120,0.0982,3.120,good,0.000,4.18,0,0,0,0,7.97,3,0.0,,,
3733,3.9920,-0.1129,0.0851,2.993,good,0.000,3.89,0,0,0,0,11.12,3,0.0,,,
3737,3.9920,-0.1159,-0.0977,3.108,good,0.000,2.47,0,0,0,0,9.46,2,0.0,,,
3735,3.9960,-0.1192,-0.1232,2.671,good,0.002,4.85,0,0,0,0,22.05,3,0.0,,,
3736,3.9960,-0.1122,-0.2060,3.034,good,0.000,2.88,0,0,0,0,9.95,3,0.0,,,
3740,3.9960,-0.1188,-0.1799,2.954,good,0.004,5.08,0,0,0,0,14.07,2,0.0,,,
