tid,t,x,y,v,cls,p_reject,anomaly,reject,scheduled,activated,late,headroom_ms,n_obs,pulse_ms,nozzles,target_uids,own_hit_uids
0,0.2880,-0.1220,0.1245,3.000,husk,1.000,11.12,1,1,1,0,10.00,1,2.4,47|48,,
2,0.2880,-0.1021,0.1244,3.000,husk,1.000,11.14,1,1,1,0,7.38,1,2.4,47|48,84,
1,0.2920,-0.1172,-0.2004,3.009,insect,1.000,3.23,1,1,1,0,12.17,2,3.1,6,6,6
4,0.2960,-0.1168,0.0681,3.002,good,0.000,2.85,0,0,0,0,12.23,2,0.0,,,
3,0.3000,-0.1250,-0.0400,3.018,husk,0.904,12.29,1,1,1,0,10.54,2,2.4,26|27,,
11,0.3000,-0.1144,-0.0346,3.000,husk,1.000,11.87,1,1,1,0,11.47,1,2.4,27,23,
12,0.3000,-0.1107,-0.0463,3.000,good,0.025,4.63,0,0,0,0,10.22,1,0.0,,,
5,0.3040,-0.1149,-0.0865,2.842,good,0.004,4.47,0,0,0,0,9.10,3,0.0,,,
6,0.3040,-0.1138,0.2298,3.046,good,0.001,5.04,0,0,0,0,3.64,3,0.0,,,
7,0.3040,-0.1097,-0.1233,3.031,sour,1.000,16.41,1,1,1,0,2.56,3,3.2,16,5,
8,0.3040,-0.1199,-0.0016,3.015,good,0.000,4.71,0,0,0,0,6.25,2,0.0,,,
10,0.3040,-0.1200,0.0393,2.999,broken,0.991,2.82,1,1,1,0,6.61,2,2.4,37|36,10,10
9,0.3080,-0.1087,-0.1129,2.972,good,0.000,1.74,0,0,0,0,10.23,3,0.0,,,
18,0.3080,-0.1200,0.0007,3.025,good,0.000,2.38,0,0,0,0,12.72,2,0.0,,,
19,0.3080,-0.1172,0.1661,2.998,good,0.000,2.83,0,0,0,0,12.45,2,0.0,,,
13,0.3120,-0.1153,0.2409,2.948,good,0.017,4.65,0,0,0,0,13.02,3,0.0,,,
14,0.3120,-0.1132,-0.1771,3.012,good,0.124,7.19,0,0,0,0,10.80,3,0.0,,,
15,0.3120,-0.1146,-0.1646,2.932,good,0.000,2.59,0,0,0,0,13.20,3,0.0,,,
16,0.3120,-0.1164,0.0687,2.439,good,0.000,8.45,0,0,0,0,28.70,3,0.0,,,
17,0.3120,-0.1082,-0.0988,2.994,faded,0.816,6.57,1,1,1,0,9.53,3,3.2,19,17,17
23,0.3160,-0.1174,0.1651,3.119,good,0.000,2.37,0,0,0,0,9.70,2,0.0,,,
25,0.3160,-0.1066,0.0718,3.000,good,0.000,8.43,0,0,0,0,8.87,1,0.0,,,
20,0.3200,-0.1084,0.1873,3.338,good,0.001,5.35,0,0,0,0,2.43,3,0.0,,,
21,0.3200,-0.1103,0.2239,3.094,good,0.001,4.99,0,0,0,0,7.98,3,0.0,,,
22,0.3200,-0.1088,-0.1456,3.002,good,0.000,2.14,0,0,0,0,9.56,3,0.0,,,
24,0.3240,-0.1154,-0.0547,2.998,good,0.000,1.92,0,0,0,0,11.84,3,0.0,,,
30,0.3240,-0.1188,-0.1718,3.003,good,0.000,2.84,0,0,0,0,12.86,2,0.0,,,
31,0.3240,-0.1183,0.1453,3.043,good,0.009,3.21,0,0,0,0,11.74,2,0.0,,,
32,0.3240,-0.1177,0.0360,3.031,good,0.000,2.60,0,0,0,0,11.82,2,0.0,,,
33,0.3240,-0.1168,-0.0386,2.888,good,0.000,3.11,0,0,0,0,15.08,2,0.0,,,
26,0.3280,-0.1146,-0.1924,3.007,good,0.000,4.22,0,0,0,0,11.37,3,0.0,,,
27,0.3280,-0.1115,0.2136,3.057,good,0.000,3.19,0,0,0,0,9.18,3,0.0,,,
28,0.3280,-0.1120,-0.1123,2.941,good,0.000,2.19,0,0,0,0,12.07,3,0.0,,,
29,0.3280,-0.1093,-0.0623,2.999,good,0.000,2.60,0,0,0,0,9.80,3,0.0,,,
36,0.3280,-0.1165,0.0448,3.143,good,0.006,4.09,0,0,0,0,8.88,2,0.0,,,
34,0.3320,-0.1125,-0.1904,3.111,good,0.001,2.55,0,0,0,0,8.30,3,0.0,,,
35,0.3320,-0.1122,0.0063,3.002,good,0.000,2.93,0,0,0,0,10.67,3,0.0,,,
37,0.3360,-0.1161,0.1209,3.003,good,0.000,2.11,0,0,0,0,11.95,3,0.0,,,
38,0.3360,-0.1132,-0.0552,3.305,good,0.000,3.64,0,0,0,0,4.50,3,0.0,,,
39,0.3360,-0.1147,0.0978,3.102,good,0.004,7.02,0,0,0,0,9.23,3,0.0,,,
40,0.3360,-0.1111,0.0564,3.001,good,0.002,2.77,0,0,0,0,10.33,3,0.0,,,
43,0.3360,-0.1191,0.2158,2.840,good,0.000,2.59,0,0,0,0,17.15,2,0.0,,,
41,0.3400,-0.1120,-0.0499,3.001,insect,1.000,9.27,1,1,1,0,10.67,3,3.1,25,39,39
42,0.3400,-0.1084,-0.1687,3.085,good,0.002,2.12,0,0,0,0,7.56,3,0.0,,,
46,0.3400,-0.1186,-0.0085,3.012,good,0.000,1.42,0,0,0,0,12.58,2,0.0,,,
47,0.3400,-0.1000,-0.0582,3.000,good,0.000,3.59,0,0,0,0,6.66,1,0.0,,,
44,0.3440,-0.1105,-0.0497,2.988,good,0.000,2.95,0,0,0,0,10.45,3,0.0,,,
45,0.3440,-0.1087,0.1153,3.002,good,0.000,1.58,0,0,0,0,9.53,3,0.0,,,
50,0.3480,-0.1190,0.1483,3.005,good,0.000,2.95,0,0,0,0,12.89,2,0.0,,,
51,0.3480,-0.1194,-0.0566,3.027,good,0.010,3.34,0,0,0,0,12.49,2,0.0,,,
52,0.3480,-0.1165,-0.1995,2.995,good,0.000,1.68,0,0,0,0,12.31,2,0.0,,,
48,0.3520,-0.1174,-0.1005,2.842,good,0.001,3.02,0,0,0,0,16.49,3,0.0,,,
49,0.3520,-0.1100,0.2393,2.989,good,0.000,2.29,0,0,0,0,10.27,3,0.0,,,
55,0.3520,-0.1188,-0.0645,3.008,good,0.000,4.43,0,0,0,0,12.74,2,0.0,,,
56,0.3520,-0.1158,0.1787,3.006,good,0.000,2.44,0,0,0,0,11.77,2,0.0,,,
53,0.3560,-0.1172,-0.2031,2.807,good,0.001,3.38,0,0,0,0,17.38,3,0.0,,,
54,0.3560,-0.1087,0.1666,3.003,good,0.000,2.56,0,0,0,0,9.52,3,0.0,,,
58,0.3560,-0.1199,0.0826,2.997,good,0.000,3.04,0,0,0,0,13.36,2,0.0,,,
59,0.3560,-0.1193,0.1961,2.992,good,0.000,2.50,0,0,0,0,13.30,2,0.0,,,
57,0.3600,-0.1138,0.0767,3.146,good,0.000,2.50,0,0,0,0,7.98,3,0.0,,,
63,0.3600,-0.1196,0.0651,3.005,good,0.000,2.75,0,0,0,0,13.08,2,0.0,,,
64,0.3600,-0.1190,0.1438,3.002,good,0.000,2.25,0,0,0,0,12.96,2,0.0,,,
60,0.3640,-0.1154,0.2229,2.898,good,0.000,2.27,0,0,0,0,14.33,3,0.0,,,
61,0.3640,-0.1135,0.1927,3.008,good,0.004,4.38,0,0,0,0,10.99,3,0.0,,,
62,0.3640,-0.1103,-0.0670,3.003,good,0.011,3.19,0,0,0,0,10.02,3,0.0,,,
67,0.3640,-0.1179,0.0061,2.999,good,0.000,3.79,0,0,0,0,12.65,2,0.0,,,
65,0.3680,-0.1086,-0.1171,3.257,good,0.008,2.14,0,0,0,0,4.06,3,0.0,,,
66,0.3680,-0.1107,-0.0609,3.002,insect,1.000,8.02,1,1,1,0,10.17,3,3.1,24,69,69
69,0.3680,-0.1195,0.1957,3.008,good,0.000,2.86,0,0,0,0,12.98,2,0.0,,,
70,0.3680,-0.1181,-0.0545,3.017,good,0.001,1.86,0,0,0,0,12.30,2,0.0,,,
71,0.3680,-0.1158,0.0313,2.972,good,0.000,3.36,0,0,0,0,12.62,2,0.0,,,
68,0.3720,-0.1140,0.0050,2.998,good,0.000,2.69,0,0,0,0,11.37,3,0.0,,,
74,0.3720,-0.1187,0.1709,2.999,good,0.000,2.10,0,0,0,0,12.91,2,0.0,,,
72,0.3760,-0.1132,0.0846,3.275,good,0.000,3.21,0,0,0,0,5.09,3,0.0,,,
73,0.3760,-0.1140,0.0206,2.954,good,0.002,2.46,0,0,0,0,12.44,3,0.0,,,
78,0.3760,-0.1098,0.0948,3.019,stick,1.000,70.73,1,1,1,0,9.49,2,2.4,44|43,80,
75,0.3800,-0.1105,-0.1504,2.974,good,0.001,3.04,0,0,0,0,10.80,3,0.0,,,
76,0.3800,-0.1112,0.1072,2.997,good,0.000,2.09,0,0,0,0,10.47,3,0.0,,,
77,0.3800,-0.1108,0.1361,2.648,good,0.001,1.60,0,0,0,0,19.61,3,0.0,,,
82,0.3800,-0.1190,0.0331,3.001,good,0.000,3.10,0,0,0,0,12.97,2,0.0,,,
83,0.3800,-0.1182,0.2396,2.873,good,0.031,10.47,0,0,0,0,15.95,2,0.0,,,
84,0.3800,-0.1170,-0.0324,2.996,broken,1.000,2.20,1,1,1,0,12.44,2,2.4,27|28,79,79
79,0.3840,-0.1120,-0.1018,3.150,good,0.036,4.25,0,0,0,0,7.31,3,0.0,,,
80,0.3840,-0.1104,-0.0837,3.004,good,0.078,3.27,0,0,0,0,10.03,3,0.0,,,
81,0.3840,-0.1080,-0.2063,3.086,good,0.001,4.13,0,0,0,0,7.38,3,0.0,,,
88,0.3840,-0.1200,-0.0084,2.992,good,0.033,8.25,0,0,0,0,13.52,2,0.0,,,
89,0.3840,-0.1197,0.2052,3.001,good,0.001,5.25,0,0,0,0,13.19,2,0.0,,,
90,0.3840,-0.1168,-0.2223,2.849,good,0.000,2.23,0,0,0,0,16.11,2,0.0,,,
85,0.3880,-0.1275,-0.2011,2.801,faded,0.990,3.94,1,1,1,0,17.23,2,3.2,6,109,
86,0.3880,-0.1171,0.1708,2.699,good,0.000,2.93,0,0,0,0,20.45,3,0.0,,,
87,0.3880,-0.1094,-0.1295,3.349,good,0.000,3.49,0,0,0,0,2.53,3,0.0,,,
95,0.3880,-0.1163,-0.1975,3.000,faded,0.988,3.83,1,1,1,0,12.10,1,3.2,6,88,
91,0.3920,-0.1122,-0.1408,3.001,good,0.000,2.43,0,0,0,0,10.70,3,0.0,,,
92,0.3920,-0.1098,0.0376,3.168,good,0.000,4.03,0,0,0,0,6.21,3,0.0,,,
94,0.3920,-0.1181,-0.1992,3.331,good,0.005,3.22,0,0,0,0,5.48,2,0.0,,,
93,0.3960,-0.1128,-0.1735,3.007,good,0.000,2.00,0,0,0,0,10.77,3,0.0,,,
96,0.4000,-0.1152,0.0947,3.000,good,0.000,4.51,0,0,0,0,11.75,3,0.0,,,
97,0.4000,-0.1136,-0.0604,3.030,good,0.001,1.92,0,0,0,0,10.50,3,0.0,,,
98,0.4000,-0.1138,-0.1865,2.999,good,0.000,2.39,0,0,0,0,11.28,3,0.0,,,
99,0.4000,-0.1129,-0.0079,2.995,good,0.000,4.13,0,0,0,0,11.10,3,0.0,,,
100,0.4000,-0.1117,0.1450,3.007,good,0.129,4.34,0,0,0,0,10.41,3,0.0,,,
101,0.4000,-0.1086,-0.2300,3.007,good,0.000,3.55,0,0,0,0,9.36,3,0.0,,,
105,0.4000,-0.1192,0.1971,2.995,good,0.000,3.40,0,0,0,0,13.18,2,0.0,,,
102,0.4040,-0.1148,0.0741,2.922,faded,0.701,3.66,1,1,1,0,13.51,3,3.2,41,82,82
103,0.4040,-0.1128,-0.0749,2.994,good,0.000,2.43,0,0,0,0,11.06,3,0.0,,,
104,0.4040,-0.1125,0.0588,3.028,faded,0.989,3.83,1,1,1,0,10.18,3,3.2,39,107,
108,0.4040,-0.1195,-0.1243,2.974,good,0.000,2.95,0,0,0,0,13.78,2,0.0,,,
106,0.4080,-0.1139,-0.0718,3.014,faded,0.800,4.08,1,1,1,0,10.98,3,3.2,22|23,92,92
107,0.4080,-0.1122,-0.0907,2.989,insect,1.000,8.40,1,1,1,0,10.99,3,3.1,20,121,121
111,0.4080,-0.1187,0.1428,2.891,good,0.000,5.31,0,0,0,0,15.63,2,0.0,,,
112,0.4080,-0.1155,0.0149,2.999,good,0.001,3.37,0,0,0,0,11.85,2,0.0,,,
109,0.4120,-0.1104,0.1989,2.998,good,0.002,3.31,0,0,0,0,10.16,3,0.0,,,
110,0.4120,-0.1128,0.0510,2.722,good,0.002,2.82,0,0,0,0,18.17,3,0.0,,,
116,0.4120,-0.1199,-0.0652,3.048,good,0.003,4.00,0,0,0,0,12.13,2,0.0,,,
117,0.4120,-0.1181,-0.1078,3.013,good,0.000,4.68,0,0,0,0,12.38,2,0.0,,,
113,0.4160,-0.1139,-0.0314,2.870,husk,1.000,10.16,1,1,1,0,14.52,3,2.4,27|28,130,
114,0.4160,-0.1129,0.1541,3.000,good,0.018,2.57,0,0,0,0,10.98,3,0.0,,,
115,0.4160,-0.1098,-0.1359,3.005,good,0.020,2.13,0,0,0,0,9.82,3,0.0,,,
118,0.4160,-0.1190,0.0504,3.034,good,0.000,2.38,0,0,0,0,12.19,2,0.0,,,
119,0.4160,-0.1177,0.2046,3.048,good,0.000,3.11,0,0,0,0,11.43,2,0.0,,,
120,0.4160,-0.1171,0.1273,2.979,good,0.000,2.63,0,0,0,0,12.88,2,0.0,,,
121,0.4200,-0.1173,-0.0914,3.000,good,0.000,2.86,0,0,0,0,12.44,2,0.0,,,
124,0.4200,-0.1069,0.0459,3.000,good,0.000,1.99,0,0,0,0,8.96,1,0.0,,,
122,0.4280,-0.1135,0.2347,2.863,broken,0.528,3.62,1,1,1,0,14.56,3,2.4,62|61,122,122
123,0.4280,-0.1086,-0.0506,2.994,good,0.000,1.79,0,0,0,0,9.65,3,0.0,,,
128,0.4280,-0.1179,0.0509,3.048,good,0.000,2.83,0,0,0,0,11.50,2,0.0,,,
129,0.4280,-0.1164,-0.0952,3.001,good,0.000,1.77,0,0,0,0,12.11,2,0.0,,,
130,0.4280,-0.1159,0.1390,2.995,faded,0.674,2.87,1,1,1,0,12.10,2,3.2,49,136,136
131,0.4280,-0.1133,0.1675,3.450,husk,0.997,10.35,1,1,1,0,1.84,2,2.4,53,186,
125,0.4320,-0.1105,-0.2049,3.097,good,0.008,2.97,0,0,0,0,7.98,3,0.0,,,
126,0.4320,-0.1346,-0.0452,3.000,good,0.005,6.47,0,0,0,0,10.21,1,0.0,,,
127,0.4320,-0.1109,0.0828,3.001,good,0.000,4.61,0,0,0,0,10.27,3,0.0,,,
136,0.4320,-0.1196,-0.0917,3.006,good,0.000,2.90,0,0,0,0,13.04,2,0.0,,,
137,0.4320,-0.1138,-0.0392,2.687,good,0.000,2.80,0,0,0,0,19.60,2,0.0,,,
138,0.4320,-0.1116,-0.0490,2.801,good,0.000,2.80,0,0,0,0,15.53,2,0.0,,,
132,0.4360,-0.1149,-0.0053,2.924,good,0.007,3.20,0,0,0,0,13.50,3,0.0,,,
133,0.4360,-0.1143,0.0445,3.001,good,0.000,3.14,0,0,0,0,11.40,3,0.0,,,
134,0.4360,-0.1131,0.1346,3.003,good,0.000,4.26,0,0,0,0,10.96,3,0.0,,,
135,0.4360,-0.1145,0.1586,2.517,sour,1.000,15.26,1,1,1,0,25.22,3,3.2,52,135,
143,0.4360,-0.1161,-0.0486,2.991,good,0.007,2.49,0,0,0,0,12.24,2,0.0,,,
147,0.4360,-0.1031,-0.0362,3.000,good,0.000,2.82,0,0,0,0,7.71,1,0.0,,,
139,0.4400,-0.1141,-0.1675,3.001,sour,1.000,17.07,1,1,1,0,11.37,3,3.2,10,138,
140,0.4400,-0.1116,0.1853,2.848,stick,0.999,20.97,1,1,1,0,14.31,3,2.4,55,131|145,
141,0.4400,-0.1142,0.1590,3.002,sour,1.000,29.47,1,1,1,0,11.35,3,3.2,52,125,125
142,0.4400,-0.1100,-0.1487,2.981,good,0.002,2.78,0,0,0,0,10.44,3,0.0,,,
146,0.4400,-0.1159,-0.1943,2.997,good,0.172,3.36,0,0,0,0,12.05,2,0.0,,,
144,0.4440,-0.1173,0.1403,2.662,good,0.002,3.26,0,0,0,0,21.64,3,0.0,,,
145,0.4440,-0.1095,-0.2274,2.846,good,0.000,3.13,0,0,0,0,13.62,3,0.0,,,
148,0.4480,-0.1152,0.1636,2.993,good,0.047,2.83,0,0,0,0,11.92,3,0.0,,,
149,0.4480,-0.1182,0.1881,2.525,good,0.000,6.65,0,0,0,0,26.41,3,0.0,,,
154,0.4480,-0.1190,0.0561,2.807,good,0.001,2.41,0,0,0,0,18.00,2,0.0,,,
155,0.4480,-0.1162,0.1182,2.999,good,0.007,2.88,0,0,0,0,12.12,2,0.0,,,
156,0.4480,-0.1143,0.2311,3.411,good,0.001,9.20,0,0,0,0,2.84,2,0.0,,,
150,0.4520,-0.1123,0.1505,3.200,faded,0.609,3.97,1,1,1,0,6.34,3,3.2,51,154,154
151,0.4520,-0.1115,0.1637,3.003,good,0.000,2.06,0,0,0,0,10.42,3,0.0,,,
152,0.4520,-0.1352,0.1848,3.000,good,0.000,2.00,0,0,0,0,10.39,1,0.0,,,
153,0.4520,-0.1091,0.0006,2.757,sour,1.000,16.22,1,1,1,0,15.84,3,3.2,32|31,156,
160,0.4520,-0.1192,-0.1231,3.002,good,0.000,4.10,0,0,0,0,13.03,2,0.0,,,
161,0.4520,-0.1183,-0.1983,3.005,sour,1.000,18.41,1,1,1,0,12.64,2,3.2,6,140,140
157,0.4560,-0.1145,0.0314,2.999,good,0.000,2.38,0,0,0,0,11.54,3,0.0,,,
158,0.4560,-0.1136,0.1254,3.043,good,0.000,2.10,0,0,0,0,10.20,3,0.0,,,
159,0.4560,-0.1116,0.1945,3.009,good,0.000,2.41,0,0,0,0,10.32,3,0.0,,,
164,0.4560,-0.1188,0.0978,2.074,good,0.080,7.01,0,0,0,0,45.46,2,0.0,,,
165,0.4560,-0.1178,0.1894,2.998,good,0.000,2.62,0,0,0,0,12.64,2,0.0,,,
171,0.4560,-0.1101,0.0953,3.000,good,0.001,2.95,0,0,0,0,10.03,1,0.0,,,
162,0.4600,-0.1141,-0.0993,2.984,good,0.000,4.52,0,0,0,0,11.75,3,0.0,,,
163,0.4600,-0.1082,-0.0476,3.001,good,0.000,3.22,0,0,0,0,9.38,3,0.0,,,
170,0.4600,-0.1170,-0.1628,2.999,good,0.001,2.01,0,0,0,0,12.35,2,0.0,,,
166,0.4640,-0.1095,-0.0124,3.026,good,0.000,3.01,0,0,0,0,9.25,3,0.0,,,
167,0.4640,-0.1095,-0.1302,2.986,faded,1.000,6.92,1,1,1,0,10.17,3,3.2,15,178,178
168,0.4640,-0.1108,-0.0751,3.002,good,0.000,2.73,0,0,0,0,10.21,3,0.0,,,
169,0.4640,-0.1088,0.2043,2.996,good,0.001,9.01,0,0,0,0,9.68,3,0.0,,,
175,0.4640,-0.1189,-0.0214,3.300,stone,1.000,19.32,1,1,1,0,6.33,2,9.1,29|28|30,163,163
176,0.4640,-0.1156,0.0675,3.014,good,0.000,5.60,0,0,0,0,11.51,2,0.0,,,
172,0.4680,-0.1149,-0.1438,3.018,good,0.000,1.95,0,0,0,0,11.21,3,0.0,,,
173,0.4680,-0.1116,0.0553,2.998,broken,0.999,2.59,1,1,1,0,10.57,3,2.4,39|38,159,159
174,0.4680,-0.1095,-0.1647,2.996,good,0.001,2.22,0,0,0,0,9.92,3,0.0,,,
177,0.4720,-0.1142,0.2201,3.015,good,0.000,2.04,0,0,0,0,11.04,3,0.0,,,
178,0.4720,-0.1079,-0.0134,3.310,good,0.000,3.31,0,0,0,0,2.82,3,0.0,,,
180,0.4760,-0.1194,0.0428,2.998,good,0.000,2.49,0,0,0,0,13.20,2,0.0,,,
181,0.4760,-0.1173,-0.1963,2.971,good,0.001,2.15,0,0,0,0,13.14,2,0.0,,,
179,0.4800,-0.1149,-0.1102,3.000,good,0.000,2.27,0,0,0,0,11.64,3,0.0,,,
182,0.4840,-0.1208,-0.0513,2.515,broken,0.982,3.94,1,1,1,0,23.79,2,2.4,25,,
187,0.4840,-0.1179,-0.0749,3.016,good,0.005,3.11,0,0,0,0,12.27,2,0.0,,,
188,0.4840,-0.1197,-0.0153,3.000,good,0.000,2.87,0,0,0,0,13.24,2,0.0,,,
189,0.4840,-0.1195,0.0915,3.009,good,0.000,3.74,0,0,0,0,12.95,2,0.0,,,
193,0.4840,-0.1107,-0.0557,3.000,broken,0.999,3.90,1,1,1,0,10.24,1,2.4,24|25,174,
183,0.4880,-0.1140,-0.0390,3.000,good,0.000,2.21,0,0,0,0,11.34,3,0.0,,,
184,0.4880,-0.1099,-0.2401,2.987,good,0.001,3.02,0,0,0,0,10.26,3,0.0,,,
185,0.4880,-0.1095,0.1840,3.009,good,0.041,3.49,0,0,0,0,9.63,3,0.0,,,
186,0.4880,-0.1098,-0.1616,2.995,good,0.000,2.73,0,0,0,0,10.06,3,0.0,,,
192,0.4880,-0.1172,-0.1164,2.998,good,0.000,2.85,0,0,0,0,12.46,2,0.0,,,
190,0.4920,-0.1151,0.0854,2.996,good,0.001,2.55,0,0,0,0,11.79,3,0.0,,,
191,0.4920,-0.1116,0.2124,3.002,good,0.000,3.51,0,0,0,0,10.50,3,0.0,,,
197,0.4920,-0.1178,-0.0306,3.000,good,0.002,2.08,0,0,0,0,12.60,2,0.0,,,
198,0.4920,-0.1157,0.1721,3.182,good,0.000,2.58,0,0,0,0,7.78,2,0.0,,,
194,0.4960,-0.1114,0.1369,3.080,good,0.000,2.72,0,0,0,0,8.64,3,0.0,,,
195,0.4960,-0.1118,0.1050,2.891,good,0.000,3.01,0,0,0,0,13.28,3,0.0,,,
196,0.4960,-0.1083,-0.2068,3.001,good,0.191,3.39,0,0,0,0,9.42,3,0.0,,,
210,0.4960,-0.1029,0.1763,3.000,good,0.000,3.10,0,0,0,0,7.65,1,0.0,,,
199,0.5000,-0.1140,-0.0282,3.143,faded,0.999,4.29,1,1,1,0,8.08,3,3.2,28,195,195
200,0.5000,-0.1383,-0.1997,3.000,good,0.000,3.08,0,0,0,0,11.44,1,0.0,,,
201,0.5000,-0.1125,-0.1390,2.995,good,0.002,1.98,0,0,0,0,10.96,3,0.0,,,
202,0.5000,-0.1105,-0.0107,3.001,good,0.001,2.23,0,0,0,0,10.16,3,0.0,,,
203,0.5000,-0.1098,-0.0669,2.992,good,0.002,3.20,0,0,0,0,10.11,3,0.0,,,
204,0.5000,-0.1196,-0.1016,3.045,faded,0.693,5.78,1,1,1,0,12.13,2,3.2,18|19,196|204,196|204
205,0.5000,-0.1167,-0.2028,3.086,good,0.013,8.82,0,0,0,0,10.24,2,0.0,,,
206,0.5000,-0.1187,0.0189,2.990,good,0.002,5.89,0,0,0,0,13.12,2,0.0,,,
208,0.5000,-0.1188,0.0553,3.017,good,0.001,2.94,0,0,0,0,12.53,2,0.0,,,
209,0.5000,-0.1172,-0.1296,2.999,good,0.000,4.24,0,0,0,0,12.40,2,0.0,,,
207,0.5040,-0.1080,0.1079,3.014,good,0.000,2.32,0,0,0,0,9.01,3,0.0,,,
211,0.5080,-0.1138,0.1793,3.029,good,0.000,1.98,0,0,0,0,10.61,3,0.0,,,
212,0.5080,-0.1127,-0.0962,2.984,good,0.000,2.43,0,0,0,0,11.29,3,0.0,,,
213,0.5080,-0.1132,0.0485,2.999,good,0.000,3.29,0,0,0,0,11.08,3,0.0,,,
214,0.5080,-0.1100,0.0386,3.199,good,0.000,2.87,0,0,0,0,5.65,3,0.0,,,
215,0.5080,-0.1064,0.0599,3.440,good,0.000,2.10,0,0,0,0,-0.00,3,0.0,,,
218,0.5080,-0.1197,-0.2188,2.998,good,0.000,5.07,0,0,0,0,13.31,2,0.0,,,
216,0.5120,-0.1150,-0.0958,2.996,sour,1.000,17.39,1,1,1,0,11.77,3,3.2,19,226,226
217,0.5120,-0.1124,0.1108,3.018,good,0.001,2.90,0,0,0,0,10.37,3,0.0,,,
219,0.5120,-0.1184,-0.1989,2.998,good,0.006,2.91,0,0,0,0,12.85,2,0.0,,,
220,0.5160,-0.1194,0.1531,3.033,good,0.000,3.07,0,0,0,0,12.33,2,0.0,,,
222,0.5200,-0.1189,-0.1337,3.196,good,0.002,8.04,0,0,0,0,8.49,2,0.0,,,
223,0.5200,-0.1189,-0.2340,2.993,good,0.008,4.73,0,0,0,0,13.14,2,0.0,,,
224,0.5200,-0.1172,0.2066,2.995,good,0.000,2.62,0,0,0,0,12.53,2,0.0,,,
225,0.5200,-0.1173,-0.0138,3.009,faded,1.000,5.17,1,1,1,0,12.22,2,3.2,30,203,
221,0.5240,-0.1123,0.1349,2.999,good,0.002,2.66,0,0,0,0,10.80,3,0.0,,,
228,0.5240,-0.1188,0.0928,2.996,good,0.000,4.32,0,0,0,0,13.02,2,0.0,,,
226,0.5280,-0.1173,-0.1282,2.811,good,0.000,2.73,0,0,0,0,17.30,3,0.0,,,
227,0.5280,-0.1127,0.1590,3.162,good,0.000,3.32,0,0,0,0,7.28,3,0.0,,,
232,0.5280,-0.1157,-0.0171,2.994,good,0.003,4.07,0,0,0,0,12.03,2,0.0,,,
229,0.5320,-0.1132,-0.2135,3.013,good,0.000,18.80,1,1,1,0,10.76,3,9.0,4|5|3,239,239
230,0.5320,-0.1108,0.0948,2.999,good,0.000,4.21,0,0,0,0,10.28,3,0.0,,,
231,0.5320,-0.1094,-0.0258,2.885,faded,1.000,6.58,1,1,1,0,12.57,3,3.2,28,246,246
234,0.5320,-0.1174,0.1985,3.001,good,0.003,3.91,0,0,0,0,12.45,2,0.0,,,
233,0.5360,-0.1113,0.1723,3.001,good,0.000,1.99,0,0,0,0,10.40,3,0.0,,,
236,0.5360,-0.1172,0.0794,2.991,broken,0.945,2.36,1,1,1,0,12.59,2,2.4,42|41,222,222
237,0.5360,-0.1184,-0.0900,2.998,good,0.000,2.18,0,0,0,0,12.85,2,0.0,,,
238,0.5360,-0.1176,0.1495,3.006,sour,1.000,14.00,1,1,1,0,12.38,2,3.2,51|50,229,229
239,0.5360,-0.1161,0.2274,2.993,good,0.000,2.90,0,0,0,0,12.19,2,0.0,,,
235,0.5400,-0.1117,-0.1067,2.992,good,0.000,3.09,0,0,0,0,10.74,3,0.0,,,
243,0.5400,-0.1177,-0.1872,2.999,good,0.003,2.04,0,0,0,0,12.57,2,0.0,,,
240,0.5440,-0.1144,0.0277,3.019,broken,0.999,2.89,1,1,1,0,11.03,3,2.4,35,241,241
241,0.5440,-0.1092,-0.0492,3.000,sour,1.000,18.64,1,1,1,0,9.74,3,3.2,25,257,257
242,0.5440,-0.1087,-0.0860,2.993,good,0.011,1.63,0,0,0,0,9.71,3,0.0,,,
244,0.5480,-0.1128,-0.1923,2.989,good,0.000,2.91,0,0,0,0,11.20,3,0.0,,,
245,0.5480,-0.1154,-0.0181,2.841,good,0.000,3.18,0,0,0,0,15.83,3,0.0,,,
246,0.5480,-0.1107,-0.0976,3.005,good,0.001,3.79,0,0,0,0,10.12,3,0.0,,,
250,0.5480,-0.1184,-0.0452,3.058,good,0.000,2.85,0,0,0,0,11.42,2,0.0,,,
251,0.5480,-0.1184,-0.1195,3.087,good,0.144,4.99,0,0,0,0,10.75,2,0.0,,,
247,0.5520,-0.1131,0.0271,3.086,good,0.000,4.08,0,0,0,0,9.05,3,0.0,,,
248,0.5520,-0.1113,-0.1316,3.003,good,0.000,2.56,0,0,0,0,10.36,3,0.0,,,
249,0.5520,-0.1114,-0.1510,2.993,good,0.000,2.30,0,0,0,0,10.64,3,0.0,,,
254,0.5520,-0.1182,0.2253,3.006,good,0.006,2.86,0,0,0,0,12.59,2,0.0,,,
262,0.5520,-0.1062,-0.0403,3.000,good,0.000,2.64,0,0,0,0,8.73,1,0.0,,,
252,0.5560,-0.1099,0.1195,3.041,good,0.016,1.47,0,0,0,0,9.02,3,0.0,,,
253,0.5560,-0.1100,-0.0628,3.005,good,0.000,2.57,0,0,0,0,9.89,3,0.0,,,
259,0.5560,-0.1188,0.0317,3.010,good,0.000,2.73,0,0,0,0,12.68,2,0.0,,,
260,0.5560,-0.1189,0.2366,2.950,faded,1.000,5.84,1,1,1,0,14.19,2,3.2,62,242,242
261,0.5560,-0.1148,0.0702,2.991,good,0.001,5.48,0,0,0,0,11.82,2,0.0,,,
255,0.5600,-0.1109,-0.0414,3.052,good,0.002,2.90,0,0,0,0,9.09,3,0.0,,,
256,0.5600,-0.1144,0.0921,2.747,good,0.000,3.57,0,0,0,0,18.07,3,0.0,,,
257,0.5600,-0.1121,-0.0642,2.995,good,0.000,1.63,0,0,0,0,10.80,3,0.0,,,
258,0.5600,-0.1115,-0.1692,3.000,good,0.000,3.25,0,0,0,0,10.51,3,0.0,,,
263,0.5640,-0.1089,-0.2063,2.997,good,0.000,1.92,0,0,0,0,9.71,3,0.0,,,
267,0.5640,-0.1192,0.1341,2.999,good,0.000,3.17,0,0,0,0,13.10,2,0.0,,,
268,0.5640,-0.1186,-0.1586,2.979,good,0.000,2.22,0,0,0,0,13.37,2,0.0,,,
264,0.5680,-0.1143,0.0478,2.998,good,0.000,1.83,0,0,0,0,11.50,3,0.0,,,
265,0.5680,-0.1122,-0.1208,3.043,good,0.000,2.43,0,0,0,0,9.73,3,0.0,,,
266,0.5680,-0.1086,-0.2183,3.003,sour,1.000,19.82,1,1,1,0,9.44,3,3.2,4|3,270,270
273,0.5680,-0.1184,-0.1444,3.231,insect,1.000,3.38,1,1,1,0,7.57,2,3.1,13,255,
274,0.5680,-0.1180,0.1568,3.039,good,0.000,3.32,0,0,0,0,11.72,2,0.0,,,
275,0.5680,-0.1177,0.0183,3.000,good,0.000,2.87,0,0,0,0,12.56,2,0.0,,,
269,0.5720,-0.1142,-0.0460,2.998,black,1.000,48.35,1,1,1,0,11.46,3,3.2,26|25,273,273
270,0.5720,-0.1163,0.1849,2.994,good,0.000,2.70,0,0,0,0,12.23,3,0.0,,,
271,0.5720,-0.1106,-0.0826,2.998,good,0.001,1.86,0,0,0,0,10.25,3,0.0,,,
272,0.5720,-0.1091,-0.0185,3.002,good,0.011,4.57,0,0,0,0,9.64,3,0.0,,,
276,0.5720,-0.1184,-0.1137,2.994,good,0.411,7.10,0,0,0,0,12.94,2,0.0,,,
277,0.5760,-0.1098,-0.0219,3.002,good,0.000,3.06,0,0,0,0,9.88,3,0.0,,,
280,0.5760,-0.1200,-0.1029,2.986,good,0.001,2.95,0,0,0,0,13.68,2,0.0,,,
281,0.5760,-0.1193,-0.0078,2.985,good,0.000,8.85,0,0,0,0,13.48,2,0.0,,,
278,0.5800,-0.1122,-0.0705,3.006,good,0.000,3.32,0,0,0,0,10.59,3,0.0,,,
279,0.5800,-0.1121,0.0138,3.004,good,0.004,2.25,0,0,0,0,10.63,3,0.0,,,
282,0.5840,-0.1117,0.1680,2.992,good,0.000,2.73,0,0,0,0,10.74,3,0.0,,,
283,0.5840,-0.1118,0.0541,3.000,good,0.000,2.57,0,0,0,0,10.61,3,0.0,,,
287,0.5840,-0.1186,0.1926,2.987,good,0.000,1.98,0,0,0,0,13.17,2,0.0,,,
288,0.5840,-0.1178,-0.0382,2.969,good,0.000,5.34,0,0,0,0,13.38,2,0.0,,,
289,0.5840,-0.1173,0.2100,3.004,good,0.000,3.39,0,0,0,0,12.33,2,0.0,,,
284,0.5880,-0.1143,-0.0286,2.982,good,0.001,1.99,0,0,0,0,11.89,3,0.0,,,
285,0.5880,-0.1122,0.0516,2.999,good,0.010,3.77,0,0,0,0,10.78,3,0.0,,,
286,0.5880,-0.1110,0.0332,2.992,good,0.000,3.08,0,0,0,0,10.53,3,0.0,,,
294,0.5880,-0.1196,-0.1514,3.007,good,0.000,1.97,0,0,0,0,13.01,2,0.0,,,
295,0.5880,-0.1176,-0.0722,2.820,good,0.000,2.29,0,0,0,0,17.17,2,0.0,,,
300,0.5880,-0.1066,0.1957,3.000,good,0.000,2.13,0,0,0,0,8.87,1,0.0,,,
290,0.5920,-0.1138,-0.0563,2.996,good,0.004,1.94,0,0,0,0,11.36,3,0.0,,,
291,0.5920,-0.1124,0.1928,3.080,good,0.000,3.61,0,0,0,0,8.98,3,0.0,,,
292,0.5920,-0.1096,-0.1787,3.000,good,0.001,4.29,0,0,0,0,9.86,3,0.0,,,
293,0.5920,-0.1100,-0.2016,3.002,good,0.000,1.83,0,0,0,0,9.96,3,0.0,,,
298,0.5920,-0.1198,-0.1101,3.028,good,0.000,2.32,0,0,0,0,12.59,2,0.0,,,
299,0.5920,-0.1178,0.1167,3.002,good,0.000,2.76,0,0,0,0,12.56,2,0.0,,,
296,0.5960,-0.1135,0.1292,2.994,good,0.000,3.37,0,0,0,0,11.32,3,0.0,,,
297,0.5960,-0.1099,-0.2341,3.005,good,0.000,3.00,0,0,0,0,9.86,3,0.0,,,
302,0.5960,-0.1197,0.0318,3.003,good,0.001,4.62,0,0,0,0,13.17,2,0.0,,,
301,0.6000,-0.1106,-0.0847,3.011,good,0.001,2.68,0,0,0,0,9.96,3,0.0,,,
305,0.6000,-0.1197,0.0590,3.450,good,0.000,2.41,0,0,0,0,3.69,2,0.0,,,
306,0.6000,-0.1174,-0.1230,3.029,faded,1.000,5.01,1,1,1,0,11.77,2,3.2,16,313,
307,0.6000,-0.1163,-0.1866,2.999,good,0.001,1.97,0,0,0,0,12.11,2,0.0,,,
308,0.6000,-0.1166,0.0853,3.017,good,0.001,1.99,0,0,0,0,11.78,2,0.0,,,
303,0.6040,-0.1152,0.1655,3.004,good,0.000,1.92,0,0,0,0,11.64,3,0.0,,,
304,0.6040,-0.1363,0.1427,3.000,good,0.000,2.00,0,0,0,0,10.78,1,0.0,,,
310,0.6040,-0.1170,-0.2234,3.001,good,0.003,2.08,0,0,0,0,12.32,2,0.0,,,
311,0.6040,-0.1239,0.1458,3.000,good,0.000,2.06,0,0,0,0,10.65,1,0.0,,,
315,0.6040,-0.1116,0.1488,3.000,good,0.000,2.03,0,0,0,0,10.53,1,0.0,,,
309,0.6080,-0.1144,0.1085,3.003,good,0.000,3.54,0,0,0,0,11.39,3,0.0,,,
314,0.6080,-0.1166,-0.0971,3.083,good,0.419,2.91,0,0,0,0,10.24,2,0.0,,,
312,0.6120,-0.1167,0.1463,2.998,good,0.001,3.55,0,0,0,0,12.29,3,0.0,,,
313,0.6120,-0.1152,0.2271,2.994,good,0.000,5.39,0,0,0,0,11.88,3,0.0,,,
319,0.6120,-0.1144,-0.1809,3.150,good,0.000,1.95,0,0,0,0,8.05,2,0.0,,,
316,0.6160,-0.1149,-0.1952,3.002,good,0.004,3.02,0,0,0,0,11.59,3,0.0,,,
317,0.6160,-0.1106,-0.1886,2.998,good,0.000,3.72,0,0,0,0,10.24,3,0.0,,,
318,0.6160,-0.1107,-0.2088,2.957,good,0.000,4.17,0,0,0,0,11.27,3,0.0,,,
322,0.6160,-0.1194,0.1060,2.997,good,0.000,4.16,0,0,0,0,13.20,2,0.0,,,
320,0.6200,-0.1091,-0.0577,2.992,insect,1.000,3.51,1,1,1,0,9.87,3,3.1,24,329,329
321,0.6200,-0.1084,0.0327,2.970,good,0.000,2.19,0,0,0,0,10.19,3,0.0,,,
326,0.6200,-0.1168,-0.0902,3.093,good,0.000,4.09,0,0,0,0,10.08,2,0.0,,,
323,0.6240,-0.1146,-0.0347,2.954,good,0.000,2.55,0,0,0,0,12.66,3,0.0,,,
324,0.6240,-0.1083,0.1528,3.444,sour,1.000,34.50,1,1,1,0,0.49,3,3.2,51,317,
325,0.6240,-0.1094,-0.1998,3.032,good,0.001,2.81,0,0,0,0,9.08,3,0.0,,,
327,0.6240,-0.1197,0.0456,3.033,shell,1.000,9.43,1,1,1,0,12.42,2,2.4,37|38,316,316
328,0.6240,-0.1162,-0.0984,3.003,good,0.000,2.78,0,0,0,0,11.99,2,0.0,,,
329,0.6240,-0.1174,-0.0173,3.007,good,0.001,2.54,0,0,0,0,12.29,2,0.0,,,
330,0.6320,-0.1154,-0.1947,3.000,good,0.000,4.10,0,0,0,0,11.79,3,0.0,,,
331,0.6320,-0.1103,0.0471,3.004,good,0.000,1.87,0,0,0,0,10.01,3,0.0,,,
332,0.6320,-0.1080,-0.2374,3.015,good,0.035,2.80,0,0,0,0,8.98,3,0.0,,,
338,0.6320,-0.1179,0.2254,3.000,good,0.001,3.76,0,0,0,0,12.66,2,0.0,,,
333,0.6360,-0.1132,-0.1105,3.186,good,0.001,7.98,0,0,0,0,6.93,3,0.0,,,
334,0.6360,-0.1125,-0.2390,2.999,good,0.002,3.82,0,0,0,0,10.85,3,0.0,,,
335,0.6360,-0.1334,-0.1157,3.000,good,0.002,2.71,0,0,0,0,9.80,1,0.0,,,
336,0.6360,-0.1085,0.1870,2.990,good,0.003,3.07,0,0,0,0,9.73,3,0.0,,,
337,0.6360,-0.1105,0.0544,2.485,good,0.002,2.93,0,0,0,0,24.69,3,0.0,,,
341,0.6360,-0.1198,0.1940,3.005,good,0.000,2.48,0,0,0,0,13.16,2,0.0,,,
342,0.6360,-0.1175,-0.0714,3.016,good,0.000,4.23,0,0,0,0,12.12,2,0.0,,,
339,0.6400,-0.1135,0.0183,3.026,shell,1.000,9.83,1,1,1,0,10.57,3,2.4,34,325,325
340,0.6400,-0.1096,-0.1835,2.993,good,0.001,1.67,0,0,0,0,10.05,3,0.0,,,
343,0.6400,-0.1197,0.0855,2.980,good,0.001,6.58,0,0,0,0,13.72,2,0.0,,,
345,0.6400,-0.1198,0.2046,3.001,good,0.003,3.09,0,0,0,0,13.25,2,0.0,,,
344,0.6440,-0.1080,-0.0843,3.011,good,0.001,2.16,0,0,0,0,9.06,3,0.0,,,
349,0.6440,-0.1198,-0.1549,3.063,good,0.070,3.10,0,0,0,0,11.77,2,0.0,,,
350,0.6440,-0.1198,0.1283,3.009,good,0.001,3.54,0,0,0,0,13.06,2,0.0,,,
346,0.6480,-0.1124,-0.1936,3.000,good,0.026,2.25,0,0,0,0,10.79,3,0.0,,,
347,0.6480,-0.1112,0.0053,3.348,shell,1.000,33.82,1,1,1,0,3.10,3,2.4,32,366,
348,0.6480,-0.1105,0.0313,3.000,good,0.000,2.56,0,0,0,0,10.16,3,0.0,,,
352,0.6480,-0.1175,-0.0408,2.936,good,0.215,4.83,0,0,0,0,14.08,2,0.0,,,
351,0.6520,-0.1132,-0.0162,3.003,sour,1.000,18.65,1,1,1,0,10.98,3,3.2,29|30,352,352
354,0.6520,-0.1164,0.0230,3.174,good,0.001,2.74,0,0,0,0,8.19,2,0.0,,,
353,0.6560,-0.1158,-0.1162,3.003,good,0.000,2.17,0,0,0,0,11.86,3,0.0,,,
355,0.6600,-0.1165,-0.0772,2.990,faded,0.992,4.58,1,1,1,0,12.42,3,3.2,22|21,344,344
356,0.6600,-0.1155,0.1059,3.000,good,0.000,2.35,0,0,0,0,11.82,3,0.0,,,
357,0.6600,-0.1116,0.1544,3.002,good,0.001,4.16,0,0,0,0,10.51,3,0.0,,,
358,0.6600,-0.1119,-0.0710,3.002,good,0.001,2.30,0,0,0,0,10.59,3,0.0,,,
359,0.6600,-0.1110,-0.2023,2.963,faded,1.000,7.92,1,1,1,0,11.22,3,3.2,6|5,354,354
360,0.6600,-0.1106,0.1234,3.005,good,0.000,2.79,0,0,0,0,10.09,3,0.0,,,
361,0.6600,-0.1090,-0.0464,3.002,good,0.001,2.09,0,0,0,0,9.62,3,0.0,,,
362,0.6600,-0.1084,-0.0020,3.024,good,0.001,2.71,0,0,0,0,8.91,3,0.0,,,
363,0.6640,-0.1155,-0.1738,2.998,good,0.000,3.49,0,0,0,0,11.88,3,0.0,,,
364,0.6640,-0.1127,-0.1430,3.030,good,0.000,2.15,0,0,0,0,10.19,3,0.0,,,
367,0.6640,-0.1196,0.0071,2.988,good,0.000,3.28,0,0,0,0,13.51,2,0.0,,,
365,0.6680,-0.1145,0.1809,3.000,black,1.000,48.90,1,1,1,0,11.50,3,3.2,55|54,355,355
366,0.6680,-0.1120,-0.0861,2.999,black,1.000,45.88,1,1,1,0,10.67,3,3.2,20|21,377,377
368,0.6680,-0.1097,0.0765,2.913,good,0.044,3.96,0,0,0,0,11.98,3,0.0,,,
373,0.6680,-0.1198,-0.1162,2.999,good,0.000,2.83,0,0,0,0,13.30,2,0.0,,,
374,0.6680,-0.1189,-0.1412,2.999,good,0.000,2.08,0,0,0,0,13.01,2,0.0,,,
375,0.6680,-0.1187,-0.2236,2.939,good,0.000,2.78,0,0,0,0,14.41,2,0.0,,,
369,0.6720,-0.1150,0.2122,2.999,good,0.001,3.30,0,0,0,0,11.68,3,0.0,,,
370,0.6720,-0.1099,0.0684,2.995,good,0.000,1.84,0,0,0,0,10.08,3,0.0,,,
371,0.6720,-0.1138,0.0323,2.540,insect,1.000,4.43,1,1,1,0,24.16,3,3.1,36|35,346,346
372,0.6720,-0.1086,0.2254,2.999,good,0.000,1.84,0,0,0,0,9.58,3,0.0,,,
376,0.6760,-0.1128,0.1413,2.997,good,0.001,4.82,0,0,0,0,11.02,3,0.0,,,
377,0.6760,-0.1118,0.0037,2.986,good,0.000,2.47,0,0,0,0,10.93,3,0.0,,,
378,0.6760,-0.1104,-0.2072,3.013,good,0.000,2.37,0,0,0,0,9.84,3,0.0,,,
382,0.6760,-0.1175,0.0783,3.000,good,0.000,3.01,0,0,0,0,12.50,2,0.0,,,
383,0.6760,-0.1180,0.1689,3.003,good,0.000,2.31,0,0,0,0,12.59,2,0.0,,,
379,0.6800,-0.1175,0.0401,2.734,good,0.000,3.65,0,0,0,0,19.56,3,0.0,,,
380,0.6800,-0.1094,0.1267,3.008,good,0.000,3.72,0,0,0,0,9.64,3,0.0,,,
381,0.6800,-0.1108,0.0484,2.797,good,0.000,3.08,0,0,0,0,15.37,3,0.0,,,
384,0.6840,-0.1127,0.1210,3.002,good,0.001,3.20,0,0,0,0,10.86,3,0.0,,,
385,0.6840,-0.1136,-0.2303,3.001,good,0.000,2.40,0,0,0,0,11.17,3,0.0,,,
388,0.6840,-0.1187,0.1808,3.004,good,0.000,3.72,0,0,0,0,12.81,2,0.0,,,
389,0.6840,-0.1191,0.0800,2.928,good,0.500,3.11,0,0,0,0,14.82,2,0.0,,,
386,0.6880,-0.1301,-0.0241,3.082,broken,0.999,15.16,1,1,1,0,10.65,2,2.4,28|29,,
387,0.6880,-0.1092,0.0450,2.998,good,0.000,3.07,0,0,0,0,9.79,3,0.0,,,
395,0.6880,-0.1167,0.0610,2.989,faded,0.992,4.06,1,1,1,0,12.50,2,3.2,39|40,394,394
390,0.6920,-0.1120,0.0008,3.282,faded,1.000,5.62,1,1,1,0,4.59,3,3.2,32|31,389,
391,0.6920,-0.1109,0.1145,2.986,sour,0.589,14.84,1,1,1,0,10.61,3,3.2,46,380|396,380|396
392,0.6920,-0.1118,0.0459,3.000,good,0.003,4.47,0,0,0,0,10.58,3,0.0,,,
393,0.6920,-0.1090,-0.1706,3.012,good,0.001,18.74,1,1,1,0,9.38,3,9.0,10|9|11,379,379
394,0.6920,-0.1097,-0.2349,2.998,good,0.193,3.40,0,0,0,0,9.96,3,0.0,,,
397,0.6920,-0.1161,-0.1090,3.128,good,0.001,2.30,0,0,0,0,9.08,2,0.0,,,
396,0.6960,-0.1115,0.2049,3.000,good,0.001,3.99,0,0,0,0,10.52,3,0.0,,,
401,0.6960,-0.1198,-0.1086,2.977,good,0.000,2.17,0,0,0,0,13.84,2,0.0,,,
404,0.6960,-0.1036,-0.1120,3.000,good,0.000,2.09,0,0,0,0,7.87,1,0.0,,,
398,0.7000,-0.1152,0.0532,3.014,good,0.000,2.50,0,0,0,0,11.41,3,0.0,,,
399,0.7000,-0.1129,-0.1581,3.146,good,0.000,1.70,0,0,0,0,7.67,3,0.0,,,
400,0.7000,-0.1108,0.2070,3.005,good,0.003,3.12,0,0,0,0,10.13,3,0.0,,,
402,0.7000,-0.1176,0.1929,3.009,good,0.062,13.54,0,0,0,0,12.33,2,0.0,,,
403,0.7000,-0.1166,-0.0351,2.986,sour,1.000,27.63,1,1,1,0,12.52,2,3.2,27,403,403
408,0.7040,-0.1168,0.0422,3.007,good,0.234,3.71,0,0,0,0,12.09,2,0.0,,,
409,0.7040,-0.1169,0.1320,2.905,good,0.000,2.99,0,0,0,0,14.67,2,0.0,,,
414,0.7040,-0.1104,-0.2176,3.000,broken,1.000,12.92,1,1,1,0,10.13,1,2.4,4|3,410,
405,0.7080,-0.1144,0.1512,2.955,good,0.000,2.56,0,0,0,0,12.55,3,0.0,,,
406,0.7080,-0.1120,0.0178,3.006,good,0.000,4.94,0,0,0,0,10.55,3,0.0,,,
407,0.7080,-0.1110,-0.1145,3.147,good,0.000,2.46,0,0,0,0,7.03,3,0.0,,,
412,0.7080,-0.1183,-0.0684,3.063,good,0.000,2.49,0,0,0,0,11.30,2,0.0,,,
413,0.7080,-0.1173,0.0828,2.855,good,0.000,4.56,0,0,0,0,16.09,2,0.0,,,
410,0.7120,-0.1145,0.1173,2.992,good,0.000,2.30,0,0,0,0,11.70,3,0.0,,,
411,0.7120,-0.1094,-0.1425,2.992,good,0.002,3.10,0,0,0,0,10.00,3,0.0,,,
416,0.7120,-0.1193,-0.1446,3.388,good,0.068,3.48,0,0,0,0,4.73,2,0.0,,,
417,0.7120,-0.1181,-0.0725,3.002,good,0.002,5.29,0,0,0,0,12.63,2,0.0,,,
419,0.7120,-0.1059,0.0859,3.000,good,0.000,4.52,0,0,0,0,8.62,1,0.0,,,
415,0.7160,-0.1143,0.1156,3.001,good,0.000,2.09,0,0,0,0,11.41,3,0.0,,,
418,0.7160,-0.1183,0.0290,3.015,good,0.000,9.19,0,0,0,0,12.41,2,0.0,,,
422,0.7200,-0.1187,0.0697,3.001,good,0.002,2.90,0,0,0,0,12.86,2,0.0,,,
423,0.7200,-0.1192,0.1081,2.930,good,0.001,3.97,0,0,0,0,14.81,2,0.0,,,
420,0.7240,-0.1140,-0.2091,2.861,good,0.000,2.99,0,0,0,0,14.80,3,0.0,,,
421,0.7240,-0.1110,-0.1989,2.921,good,0.000,2.13,0,0,0,0,12.23,3,0.0,,,
426,0.7240,-0.1169,0.1758,3.008,good,0.005,4.32,0,0,0,0,12.11,2,0.0,,,
427,0.7240,-0.1166,-0.1330,3.014,good,0.000,3.01,0,0,0,0,11.87,2,0.0,,,
428,0.7240,-0.1159,0.0795,3.001,good,0.000,2.57,0,0,0,0,11.93,2,0.0,,,
424,0.7280,-0.1141,0.2189,3.103,good,0.001,2.98,0,0,0,0,9.01,3,0.0,,,
425,0.7280,-0.1126,-0.1982,3.033,good,0.000,3.49,0,0,0,0,10.11,3,0.0,,,
429,0.7320,-0.1157,0.0412,3.017,sour,1.000,22.49,1,1,1,0,11.48,3,3.2,37,418,418
430,0.7320,-0.1150,0.1356,2.996,good,0.000,6.22,0,0,0,0,11.78,3,0.0,,,
431,0.7320,-0.1143,0.1044,2.728,good,0.000,2.24,0,0,0,0,18.54,3,0.0,,,
432,0.7320,-0.1093,-0.1395,2.991,good,0.001,2.75,0,0,0,0,9.99,3,0.0,,,
437,0.7320,-0.1162,-0.1618,2.996,good,0.000,2.90,0,0,0,0,12.17,2,0.0,,,
433,0.7360,-0.1162,0.0961,3.008,good,0.000,2.17,0,0,0,0,11.87,3,0.0,,,
434,0.7360,-0.1102,0.2084,2.963,faded,0.984,8.67,1,1,1,0,10.95,3,3.2,58,423|437,423
435,0.7360,-0.1102,0.0803,2.992,good,0.003,4.12,0,0,0,0,10.27,3,0.0,,,
436,0.7360,-0.1086,-0.1434,3.001,good,0.001,2.32,0,0,0,0,9.53,3,0.0,,,
438,0.7400,-0.1154,0.1229,2.995,good,0.000,2.76,0,0,0,0,11.90,3,0.0,,,
439,0.7400,-0.1111,-0.1354,3.075,good,0.000,2.54,0,0,0,0,8.63,3,0.0,,,
441,0.7400,-0.1176,0.0677,2.993,good,0.001,3.27,0,0,0,0,12.69,2,0.0,,,
442,0.7400,-0.1188,0.2322,2.991,good,0.445,4.40,0,0,0,0,13.13,2,0.0,,,
443,0.7400,-0.1165,0.2126,3.000,good,0.167,3.55,0,0,0,0,12.16,2,0.0,,,
440,0.7440,-0.1110,0.0245,3.017,good,0.021,2.92,0,0,0,0,9.94,3,0.0,,,
444,0.7440,-0.1173,-0.0922,2.945,faded,0.669,2.97,1,1,1,0,13.77,2,3.2,20|19,433,
448,0.7480,-0.1193,-0.1252,2.998,good,0.000,2.26,0,0,0,0,13.16,2,0.0,,,
449,0.7480,-0.1189,0.1373,3.025,good,0.000,2.00,0,0,0,0,12.37,2,0.0,,,
450,0.7480,-0.1189,-0.0643,2.994,good,0.000,3.34,0,0,0,0,13.10,2,0.0,,,
451,0.7480,-0.1145,0.0643,3.246,good,0.000,2.32,0,0,0,0,6.09,2,0.0,,,
457,0.7480,-0.1055,-0.0891,3.000,faded,0.568,2.80,1,1,1,0,8.50,1,3.2,20,433,
445,0.7520,-0.1128,0.1508,2.976,good,0.004,3.18,0,0,0,0,11.49,3,0.0,,,
446,0.7520,-0.1104,-0.1384,2.995,good,0.000,2.08,0,0,0,0,10.22,3,0.0,,,
447,0.7520,-0.1092,-0.0135,3.004,good,0.000,3.47,0,0,0,0,9.65,3,0.0,,,
455,0.7520,-0.1179,0.1879,3.073,black,1.000,48.88,1,1,1,0,10.91,2,3.2,56|55,466,
456,0.7520,-0.1177,0.0851,2.907,good,0.000,2.50,0,0,0,0,14.90,2,0.0,,,
452,0.7560,-0.1144,0.1230,3.017,good,0.001,1.93,0,0,0,0,11.06,3,0.0,,,
453,0.7560,-0.1114,-0.2200,2.944,good,0.000,1.99,0,0,0,0,11.83,3,0.0,,,
454,0.7560,-0.1083,-0.0888,2.998,good,0.000,2.59,0,0,0,0,9.48,3,0.0,,,
460,0.7560,-0.1186,-0.0270,3.016,good,0.000,2.86,0,0,0,0,12.47,2,0.0,,,
461,0.7560,-0.1163,-0.0415,2.999,good,0.017,2.30,0,0,0,0,12.12,2,0.0,,,
458,0.7600,-0.1131,0.0292,2.999,good,0.004,3.03,0,0,0,0,11.07,3,0.0,,,
459,0.7600,-0.1112,0.1559,3.019,good,0.000,2.27,0,0,0,0,9.97,3,0.0,,,
465,0.7600,-0.1187,-0.1610,3.257,faded,0.892,5.02,1,1,1,0,7.16,2,3.2,11,476,
466,0.7600,-0.1166,-0.0134,3.011,good,0.000,3.12,0,0,0,0,11.93,2,0.0,,,
462,0.7640,-0.1151,0.0671,3.011,good,0.002,2.62,0,0,0,0,11.44,3,0.0,,,
463,0.7640,-0.1118,0.1744,3.078,good,0.006,4.88,0,0,0,0,8.79,3,0.0,,,
464,0.7640,-0.1089,-0.1415,3.041,good,0.000,2.88,0,0,0,0,8.70,3,0.0,,,
468,0.7640,-0.1195,-0.2306,2.609,good,0.041,3.34,0,0,0,0,24.15,2,0.0,,,
469,0.7640,-0.1184,-0.0954,3.031,good,0.001,4.18,0,0,0,0,12.03,2,0.0,,,
470,0.7640,-0.1171,0.0300,3.008,good,0.000,3.69,0,0,0,0,12.16,2,0.0,,,
467,0.7680,-0.1094,-0.1819,3.001,good,0.001,2.37,0,0,0,0,9.78,3,0.0,,,
473,0.7680,-0.1157,0.0506,3.066,good,0.000,3.22,0,0,0,0,10.34,2,0.0,,,
471,0.7720,-0.1145,-0.0949,2.912,good,0.001,2.30,0,0,0,0,13.68,3,0.0,,,
472,0.7720,-0.1110,0.1154,3.143,good,0.009,5.08,0,0,0,0,7.13,3,0.0,,,
475,0.7720,-0.1165,0.1266,3.042,good,0.000,2.28,0,0,0,0,11.17,2,0.0,,,
474,0.7760,-0.1129,-0.1791,2.988,good,0.002,2.62,0,0,0,0,11.24,3,0.0,,,
476,0.7800,-0.1151,0.1316,3.010,good,0.000,2.23,0,0,0,0,11.45,3,0.0,,,
477,0.7800,-0.1128,-0.1557,3.243,good,0.000,1.77,0,0,0,0,5.61,3,0.0,,,
478,0.7800,-0.1127,0.0627,2.977,good,0.001,3.76,0,0,0,0,11.46,3,0.0,,,
479,0.7800,-0.1083,0.2299,3.034,good,0.006,2.47,0,0,0,0,8.65,3,0.0,,,
480,0.7840,-0.1279,-0.1570,2.886,good,0.009,2.88,0,0,0,0,14.97,2,0.0,,,
485,0.7840,-0.1200,0.1281,2.988,black,1.000,54.62,1,1,1,0,13.62,2,3.2,48,472,472
486,0.7840,-0.1160,0.0497,2.995,good,0.005,9.94,0,0,0,0,12.14,2,0.0,,,
487,0.7840,-0.1172,0.0594,3.128,good,0.000,2.11,0,0,0,0,9.45,2,0.0,,,
490,0.7840,-0.1163,-0.1534,3.000,good,0.015,2.79,0,0,0,0,12.11,1,0.0,,,
481,0.7880,-0.1166,0.1968,2.992,good,0.004,3.50,0,0,0,0,12.40,3,0.0,,,
482,0.7880,-0.1111,0.1732,2.999,good,0.000,2.04,0,0,0,0,10.40,3,0.0,,,
483,0.7880,-0.1096,-0.0412,3.004,good,0.001,3.67,0,0,0,0,9.77,3,0.0,,,
484,0.7880,-0.1080,0.1133,3.003,good,0.000,3.78,0,0,0,0,9.28,3,0.0,,,
489,0.7880,-0.1188,0.0250,3.000,good,0.000,3.34,0,0,0,0,12.96,2,0.0,,,
488,0.7920,-0.1091,0.1837,2.782,good,0.000,2.52,0,0,0,0,15.18,3,0.0,,,
494,0.7920,-0.1194,-0.0187,2.962,sour,1.000,22.58,1,1,1,0,14.09,2,3.2,29,488,488
495,0.7920,-0.1178,-0.2046,3.002,good,0.000,9.10,0,0,0,0,12.55,2,0.0,,,
491,0.7960,-0.1101,-0.0964,2.998,good,0.001,2.58,0,0,0,0,10.07,3,0.0,,,
492,0.7960,-0.1102,0.0805,3.001,good,0.000,3.15,0,0,0,0,10.06,3,0.0,,,
493,0.7960,-0.1091,0.1427,3.010,good,0.000,2.51,0,0,0,0,9.49,3,0.0,,,
496,0.8000,-0.1135,0.1172,3.000,good,0.000,2.43,0,0,0,0,11.18,3,0.0,,,
497,0.8000,-0.1127,0.1385,2.999,sour,1.000,21.61,1,1,1,0,10.91,3,3.2,49,503,503
498,0.8000,-0.1130,-0.0376,2.940,good,0.001,2.75,0,0,0,0,12.43,3,0.0,,,
499,0.8000,-0.1088,0.0869,3.067,black,1.000,50.34,1,1,1,0,8.09,3,3.2,43|42,501,501
505,0.8000,-0.1166,-0.0541,3.045,good,0.000,2.45,0,0,0,0,11.14,2,0.0,,,
500,0.8040,-0.1170,0.1851,2.837,good,0.000,1.51,0,0,0,0,16.49,3,0.0,,,
501,0.8040,-0.1133,0.0645,2.961,good,0.282,4.26,0,0,0,0,12.03,3,0.0,,,
502,0.8040,-0.1100,-0.1323,2.899,good,0.033,4.92,0,0,0,0,12.46,3,0.0,,,
503,0.8040,-0.1127,-0.1038,2.990,shell,1.000,9.61,1,1,1,0,11.14,3,2.4,18,493,493
504,0.8040,-0.1110,0.0808,2.999,insect,1.000,5.55,1,1,1,0,10.34,3,3.1,42,490,490
506,0.8080,-0.1130,-0.1681,3.090,good,0.000,2.80,0,0,0,0,8.94,3,0.0,,,
507,0.8080,-0.1092,0.1638,2.999,good,0.000,5.38,0,0,0,0,9.75,3,0.0,,,
508,0.8080,-0.1096,0.1739,2.921,good,0.000,1.90,0,0,0,0,11.77,3,0.0,,,
510,0.8080,-0.1190,-0.0748,3.018,good,0.001,2.58,0,0,0,0,12.56,2,0.0,,,
509,0.8120,-0.1158,0.1099,2.970,good,0.000,2.63,0,0,0,0,12.67,3,0.0,,,
511,0.8160,-0.1152,-0.1068,2.995,good,0.000,1.72,0,0,0,0,11.84,3,0.0,,,
512,0.8160,-0.1149,0.1074,2.992,good,0.020,2.46,0,0,0,0,11.81,3,0.0,,,
513,0.8160,-0.1131,0.2238,2.996,good,0.000,4.54,0,0,0,0,11.12,3,0.0,,,
519,0.8160,-0.1198,0.0156,3.007,good,0.001,2.23,0,0,0,0,13.09,2,0.0,,,
520,0.8160,-0.1315,0.1885,3.000,good,0.000,2.03,0,0,0,0,13.17,1,0.0,,,
521,0.8160,-0.1156,-0.1538,3.450,sour,1.000,16.76,1,1,1,0,2.49,2,3.2,12,540,
522,0.8160,-0.1173,0.1721,2.999,good,0.000,2.53,0,0,0,0,12.46,2,0.0,,,
514,0.8200,-0.1147,-0.1291,2.999,black,1.000,50.14,1,1,1,0,11.58,3,3.2,15,532,532
515,0.8200,-0.1387,0.1941,3.000,good,0.002,7.03,0,0,0,0,11.57,1,0.0,,,
516,0.8200,-0.1131,0.0803,2.860,insect,1.000,3.86,1,1,1,0,14.50,3,3.1,42,522,522
517,0.8200,-0.1108,-0.0648,3.004,good,0.000,1.97,0,0,0,0,10.16,3,0.0,,,
518,0.8200,-0.1102,-0.2361,2.935,good,0.003,3.61,0,0,0,0,11.61,3,0.0,,,
527,0.8200,-0.1113,0.1916,2.989,good,0.065,8.24,0,0,0,0,10.70,2,0.0,,,
523,0.8240,-0.1122,-0.1547,3.006,good,0.000,2.25,0,0,0,0,10.60,3,0.0,,,
524,0.8240,-0.1110,-0.1467,2.930,good,0.003,2.17,0,0,0,0,12.01,3,0.0,,,
525,0.8240,-0.1097,0.1314,3.006,faded,1.000,4.51,1,1,1,0,9.74,3,3.2,48|49,502,502
526,0.8240,-0.1086,0.2410,2.997,good,0.000,2.81,0,0,0,0,9.61,3,0.0,,,
531,0.8240,-0.1167,0.0294,2.833,good,0.006,2.00,0,0,0,0,16.47,2,0.0,,,
528,0.8280,-0.1265,-0.0662,3.138,faded,0.697,3.81,1,1,1,0,8.18,2,3.2,23,,
529,0.8280,-0.1129,-0.2158,3.000,good,0.007,3.42,0,0,0,0,10.99,3,0.0,,,
530,0.8280,-0.1081,0.0935,3.098,good,0.000,2.10,0,0,0,0,7.17,3,0.0,,,
534,0.8280,-0.1191,0.0680,2.999,good,0.000,2.09,0,0,0,0,13.06,2,0.0,,,
539,0.8280,-0.1139,-0.0625,3.000,faded,0.770,3.85,1,1,1,0,11.31,1,3.2,24|23,518,
532,0.8320,-0.1150,-0.2002,2.998,good,0.000,2.52,0,0,0,0,11.71,3,0.0,,,
533,0.8320,-0.1128,-0.2379,2.923,good,0.005,3.82,0,0,0,0,12.80,3,0.0,,,
537,0.8320,-0.1192,0.0834,2.989,good,0.002,3.45,0,0,0,0,13.34,2,0.0,,,
538,0.8320,-0.1196,-0.1031,2.947,good,0.001,3.14,0,0,0,0,14.51,2,0.0,,,
535,0.8360,-0.1143,0.1609,3.000,good,0.000,3.21,0,0,0,0,11.43,3,0.0,,,
536,0.8360,-0.1115,0.1373,3.014,good,0.251,4.04,0,0,0,0,10.16,3,0.0,,,
543,0.8360,-0.1196,0.0903,3.001,good,0.000,1.46,0,0,0,0,13.16,2,0.0,,,
544,0.8360,-0.1163,-0.0537,2.998,good,0.000,2.74,0,0,0,0,12.13,2,0.0,,,
540,0.8400,-0.1132,0.1060,2.911,good,0.000,3.11,0,0,0,0,13.23,3,0.0,,,
541,0.8400,-0.1116,0.0274,2.997,good,0.000,2.36,0,0,0,0,10.61,3,0.0,,,
542,0.8400,-0.1073,-0.1518,3.386,good,0.004,3.11,0,0,0,0,1.22,3,0.0,,,
545,0.8400,-0.1177,0.1760,2.933,good,0.011,5.37,0,0,0,0,14.24,2,0.0,,,
546,0.8480,-0.1147,-0.1929,3.172,good,0.001,3.53,0,0,0,0,7.68,3,0.0,,,
547,0.8480,-0.1144,-0.1809,3.004,good,0.000,2.84,0,0,0,0,11.38,3,0.0,,,
548,0.8480,-0.1091,0.0855,3.001,good,0.000,3.85,0,0,0,0,9.69,3,0.0,,,
549,0.8520,-0.1161,0.1173,2.764,good,0.000,2.11,0,0,0,0,18.17,3,0.0,,,
550,0.8520,-0.1047,-0.2004,3.450,good,0.004,6.64,0,0,0,0,-0.67,3,0.0,,,
553,0.8520,-0.1199,0.0762,2.978,good,0.000,2.55,0,0,0,0,13.84,2,0.0,,,
551,0.8560,-0.1149,0.1077,2.999,good,0.000,1.73,0,0,0,0,11.67,3,0.0,,,
552,0.8560,-0.1093,-0.1916,3.013,good,0.001,2.08,0,0,0,0,9.46,3,0.0,,,
556,0.8560,-0.1193,0.1675,2.990,good,0.000,2.26,0,0,0,0,13.36,2,0.0,,,
557,0.8560,-0.1189,0.0239,2.994,good,0.000,3.35,0,0,0,0,13.10,2,0.0,,,
558,0.8560,-0.1190,0.2331,3.002,good,0.001,4.97,0,0,0,0,12.95,2,0.0,,,
554,0.8600,-0.1115,-0.0316,3.002,good,0.000,1.89,0,0,0,0,10.46,3,0.0,,,
555,0.8600,-0.1124,-0.2152,2.721,good,0.004,2.37,0,0,0,0,18.05,3,0.0,,,
560,0.8600,-0.1188,-0.1590,3.090,good,0.002,1.71,0,0,0,0,10.82,2,0.0,,,
561,0.8600,-0.1163,0.1504,2.956,good,0.000,2.32,0,0,0,0,13.16,2,0.0,,,
559,0.8640,-0.1140,-0.0111,3.003,good,0.004,2.17,0,0,0,0,11.27,3,0.0,,,
563,0.8640,-0.1199,0.0506,3.000,good,0.000,2.40,0,0,0,0,13.29,2,0.0,,,
564,0.8640,-0.1155,-0.0865,3.007,good,0.001,3.75,0,0,0,0,11.68,2,0.0,,,
562,0.8680,-0.1122,-0.0027,3.012,good,0.000,4.17,0,0,0,0,10.45,3,0.0,,,
570,0.8680,-0.1184,-0.0778,3.004,good,0.000,2.46,0,0,0,0,12.72,2,0.0,,,
571,0.8680,-0.1184,-0.1342,3.001,good,0.001,2.83,0,0,0,0,12.75,2,0.0,,,
565,0.8720,-0.1159,-0.2162,3.007,good,0.000,3.42,0,0,0,0,11.79,3,0.0,,,
566,0.8720,-0.1130,0.1955,2.986,insect,1.000,5.40,1,1,1,0,11.33,3,3.1,57|56,575,575
567,0.8720,-0.1122,0.2275,2.994,good,0.024,2.95,0,0,0,0,10.86,3,0.0,,,
568,0.8720,-0.1098,-0.1427,2.920,good,0.001,2.63,0,0,0,0,11.86,3,0.0,,,
569,0.8720,-0.1090,0.1338,2.968,good,0.008,2.84,0,0,0,0,10.42,3,0.0,,,
572,0.8720,-0.1166,0.1473,2.991,black,1.000,50.49,1,1,1,0,12.43,2,3.2,50|51,587,
573,0.8760,-0.1188,0.0079,2.996,good,0.000,1.81,0,0,0,0,13.02,2,0.0,,,
574,0.8760,-0.1176,-0.1559,3.000,good,0.000,1.73,0,0,0,0,12.54,2,0.0,,,
577,0.8800,-0.1194,-0.2027,3.003,good,0.000,1.87,0,0,0,0,13.05,2,0.0,,,
578,0.8800,-0.1200,-0.1573,3.010,broken,0.689,3.45,1,1,1,0,13.07,2,2.4,11|12,588,588
575,0.8840,-0.1264,0.1230,3.308,good,0.001,4.38,0,0,0,0,4.42,2,0.0,,,
576,0.8840,-0.1119,-0.0723,2.889,good,0.000,3.32,0,0,0,0,13.36,3,0.0,,,
579,0.8840,-0.1081,0.1794,2.982,good,0.000,2.36,0,0,0,0,9.80,3,0.0,,,
582,0.8840,-0.1176,-0.0548,3.019,good,0.001,6.49,0,0,0,0,12.09,2,0.0,,,
584,0.8840,-0.1193,0.1402,2.926,good,0.094,3.65,0,0,0,0,14.94,2,0.0,,,
588,0.8840,-0.1131,0.1192,3.000,good,0.001,4.39,0,0,0,0,11.04,1,0.0,,,
580,0.8880,-0.1142,0.0649,2.988,good,0.000,1.91,0,0,0,0,11.69,3,0.0,,,
581,0.8880,-0.1100,-0.1063,3.059,good,0.000,3.83,0,0,0,0,8.67,3,0.0,,,
583,0.8880,-0.1083,-0.1305,3.003,good,0.000,2.33,0,0,0,0,9.34,3,0.0,,,
586,0.8880,-0.1182,-0.0398,3.004,good,0.004,3.87,0,0,0,0,12.64,2,0.0,,,
587,0.8880,-0.1173,0.1795,2.993,good,0.000,4.27,0,0,0,0,12.61,2,0.0,,,
590,0.8880,-0.1076,0.1442,3.000,good,0.221,3.64,0,0,0,0,9.19,1,0.0,,,
585,0.8920,-0.1087,-0.1746,3.002,good,0.025,2.21,0,0,0,0,9.54,3,0.0,,,
589,0.8960,-0.1087,-0.0872,3.415,good,0.001,3.02,0,0,0,0,1.13,3,0.0,,,
593,0.8960,-0.1197,-0.2323,2.997,good,0.003,3.77,0,0,0,0,13.30,2,0.0,,,
594,0.8960,-0.1196,-0.1830,3.001,good,0.000,2.66,0,0,0,0,13.19,2,0.0,,,
591,0.9000,-0.1153,0.0907,2.999,good,0.018,8.37,0,0,0,0,11.79,3,0.0,,,
592,0.9000,-0.1084,0.0530,3.029,good,0.000,4.74,0,0,0,0,8.80,3,0.0,,,
599,0.9000,-0.1165,-0.0349,3.035,good,0.000,2.78,0,0,0,0,11.34,2,0.0,,,
595,0.9040,-0.1155,0.0978,2.978,good,0.000,2.68,0,0,0,0,12.35,3,0.0,,,
596,0.9040,-0.1137,-0.2098,3.044,good,0.000,2.54,0,0,0,0,10.20,3,0.0,,,
597,0.9040,-0.1116,-0.0563,3.001,good,0.142,2.52,0,0,0,0,10.51,3,0.0,,,
598,0.9040,-0.1113,0.2371,3.003,good,0.000,2.64,0,0,0,0,10.35,3,0.0,,,
603,0.9040,-0.1190,-0.1399,2.917,good,0.000,2.09,0,0,0,0,15.09,2,0.0,,,
604,0.9040,-0.1161,-0.1858,2.999,good,0.000,2.99,0,0,0,0,12.06,2,0.0,,,
605,0.9040,-0.1167,0.0079,2.997,good,0.001,2.69,0,0,0,0,12.31,2,0.0,,,
600,0.9080,-0.1162,0.1969,2.992,good,0.000,4.08,0,0,0,0,12.25,3,0.0,,,
601,0.9080,-0.1146,-0.1218,3.000,good,0.000,2.21,0,0,0,0,11.54,3,0.0,,,
602,0.9080,-0.1131,-0.0053,3.008,good,0.000,3.78,0,0,0,0,10.85,3,0.0,,,
608,0.9080,-0.1170,-0.0929,3.012,good,0.000,2.46,0,0,0,0,12.06,2,0.0,,,
606,0.9120,-0.1154,0.2091,2.999,good,0.005,5.15,0,0,0,0,11.83,3,0.0,,,
607,0.9120,-0.1105,0.0164,2.990,good,0.013,4.65,0,0,0,0,10.39,3,0.0,,,
609,0.9160,-0.1151,0.1363,2.987,good,0.000,2.56,0,0,0,0,12.02,3,0.0,,,
610,0.9160,-0.1104,0.1595,2.998,good,0.003,5.48,0,0,0,0,10.16,3,0.0,,,
611,0.9160,-0.1111,0.0973,2.550,good,0.175,4.83,0,0,0,0,22.76,3,0.0,,,
616,0.9160,-0.1197,0.1779,2.999,good,0.002,2.84,0,0,0,0,13.25,2,0.0,,,
612,0.9200,-0.1158,0.0325,2.998,good,0.000,2.13,0,0,0,0,11.98,3,0.0,,,
613,0.9200,-0.1275,-0.1907,2.605,good,0.000,2.25,0,0,0,0,23.32,2,0.0,,,
614,0.9200,-0.1135,0.0733,3.029,good,0.001,2.61,0,0,0,0,10.48,3,0.0,,,
615,0.9200,-0.1113,-0.1321,3.009,good,0.000,2.94,0,0,0,0,10.21,3,0.0,,,
619,0.9200,-0.1188,-0.1013,3.398,faded,0.999,4.30,1,1,1,0,4.38,2,3.2,19|18,621,
629,0.9200,-0.1170,-0.1875,3.000,good,0.000,2.26,0,0,0,0,12.35,1,0.0,,,
617,0.9240,-0.1125,-0.1495,2.928,good,0.001,2.56,0,0,0,0,12.56,3,0.0,,,
618,0.9240,-0.1106,-0.0304,3.015,broken,0.998,2.42,1,1,1,0,9.86,3,2.4,28|27,631,631
624,0.9240,-0.1167,-0.0806,3.006,good,0.036,7.44,0,0,0,0,12.09,2,0.0,,,
625,0.9240,-0.1186,-0.0573,2.996,good,0.000,7.96,0,0,0,0,12.96,2,0.0,,,
627,0.9240,-0.1169,0.0244,3.238,good,0.001,3.22,0,0,0,0,7.00,2,0.0,,,
628,0.9240,-0.1174,0.1699,3.011,good,0.000,3.22,0,0,0,0,12.20,2,0.0,,,
620,0.9280,-0.1125,-0.0242,3.018,good,0.011,2.85,0,0,0,0,10.40,3,0.0,,,
621,0.9280,-0.1086,0.2007,3.232,husk,1.000,11.35,1,1,1,0,4.54,3,2.4,57,632,
622,0.9280,-0.1105,0.1521,2.997,good,0.000,2.39,0,0,0,0,10.24,3,0.0,,,
623,0.9280,-0.1080,0.0005,3.043,good,0.094,16.65,0,0,0,0,8.37,3,0.0,,,
626,0.9280,-0.1080,-0.0009,3.028,husk,0.930,19.44,1,1,1,0,8.67,3,3.4,31|32,636,636
630,0.9320,-0.1259,0.1911,2.997,good,0.004,8.73,0,0,0,0,11.36,2,0.0,,,
631,0.9320,-0.1087,-0.1955,2.925,good,0.000,1.83,0,0,0,0,11.36,3,0.0,,,
634,0.9320,-0.1199,-0.2243,2.819,good,0.001,4.12,0,0,0,0,17.99,2,0.0,,,
635,0.9320,-0.1166,-0.2323,3.031,good,0.016,11.35,0,0,0,0,11.46,2,0.0,,,
636,0.9320,-0.1120,0.0958,3.266,good,0.000,2.24,0,0,0,0,4.91,2,0.0,,,
640,0.9320,-0.1152,0.1984,3.000,good,0.002,3.75,0,0,0,0,11.75,1,0.0,,,
641,0.9320,-0.1122,0.1865,3.000,good,0.000,2.04,0,0,0,0,10.75,1,0.0,,,
632,0.9360,-0.1144,-0.0597,2.958,faded,0.709,3.41,1,1,1,0,12.47,3,3.2,24,651,
633,0.9360,-0.1110,0.0889,2.564,good,0.000,2.81,0,0,0,0,22.27,3,0.0,,,
637,0.9360,-0.1196,0.0693,2.991,good,0.002,2.79,0,0,0,0,13.40,2,0.0,,,
638,0.9360,-0.1160,0.0605,3.106,good,0.001,2.50,0,0,0,0,9.53,2,0.0,,,
639,0.9360,-0.1132,-0.1692,3.450,good,0.003,3.92,0,0,0,0,1.80,2,0.0,,,
646,0.9360,-0.1030,0.2044,3.000,good,0.001,6.70,0,0,0,0,7.68,1,0.0,,,
644,0.9400,-0.1141,0.2308,2.982,stick,1.000,71.36,1,1,1,0,11.78,2,2.4,61,617,617
642,0.9440,-0.1183,-0.2292,2.344,good,0.013,2.97,0,0,0,0,33.14,3,0.0,,,
643,0.9440,-0.1105,0.0479,3.282,good,0.076,14.59,0,0,0,0,4.13,3,0.0,,,
645,0.9440,-0.1091,-0.1809,3.006,good,0.249,3.96,0,0,0,0,9.57,3,0.0,,,
648,0.9440,-0.1180,-0.0838,2.999,good,0.000,2.81,0,0,0,0,12.68,2,0.0,,,
649,0.9440,-0.1189,0.0698,3.004,good,0.000,2.58,0,0,0,0,12.88,2,0.0,,,
650,0.9440,-0.1166,-0.0064,3.017,good,0.008,3.55,0,0,0,0,11.81,2,0.0,,,
651,0.9440,-0.1170,0.0327,3.001,good,0.001,1.89,0,0,0,0,12.31,2,0.0,,,
647,0.9480,-0.1092,0.0148,3.006,good,0.000,2.13,0,0,0,0,9.58,3,0.0,,,
654,0.9480,-0.1174,0.1708,3.013,good,0.001,6.76,0,0,0,0,12.15,2,0.0,,,
652,0.9520,-0.1389,0.0292,3.000,good,0.001,3.05,0,0,0,0,11.64,1,0.0,,,
653,0.9520,-0.1236,0.1661,3.220,good,0.004,2.64,0,0,0,0,5.46,2,0.0,,,
656,0.9520,-0.1199,-0.1053,2.829,sour,0.893,16.10,1,1,1,0,17.75,2,3.2,18,635|646,
657,0.9520,-0.1272,0.0251,3.000,good,0.001,3.29,0,0,0,0,11.74,1,0.0,,,
667,0.9520,-0.1155,0.0210,3.000,good,0.004,3.10,0,0,0,0,11.84,1,0.0,,,
668,0.9520,-0.1108,0.1617,3.000,good,0.002,2.73,0,0,0,0,10.26,1,0.0,,,
655,0.9560,-0.1118,0.1215,2.731,good,0.000,3.09,0,0,0,0,17.56,3,0.0,,,
665,0.9560,-0.1198,-0.0812,2.957,good,0.000,2.15,0,0,0,0,14.31,2,0.0,,,
666,0.9560,-0.1132,0.0429,3.450,good,0.000,2.74,0,0,0,0,1.79,2,0.0,,,
673,0.9560,-0.1038,0.0170,3.000,good,0.001,3.06,0,0,0,0,7.95,1,0.0,,,
658,0.9600,-0.1152,-0.1529,2.999,good,0.000,3.64,0,0,0,0,11.76,3,0.0,,,
659,0.9600,-0.1093,-0.2168,2.963,good,0.019,6.32,0,0,0,0,10.64,3,0.0,,,
660,0.9600,-0.1154,-0.0550,2.606,good,0.000,2.76,0,0,0,0,22.64,3,0.0,,,
661,0.9600,-0.1107,-0.0072,3.067,faded,0.997,4.04,1,1,1,0,8.69,3,3.2,31|30,667,667
662,0.9600,-0.1099,-0.1165,3.003,good,0.010,3.02,0,0,0,0,9.89,3,0.0,,,
663,0.9600,-0.1090,0.1356,2.999,black,1.000,51.56,1,1,1,0,9.69,3,3.2,49,682,682
664,0.9600,-0.1092,0.1151,2.999,good,0.000,2.02,0,0,0,0,9.75,3,0.0,,,
672,0.9600,-0.1299,0.2347,3.000,good,0.000,7.67,0,0,0,0,12.65,1,0.0,,,
669,0.9640,-0.1146,-0.1375,3.024,good,0.000,1.93,0,0,0,0,10.96,3,0.0,,,
670,0.9640,-0.1351,0.2277,3.000,good,0.000,3.35,0,0,0,0,10.37,1,0.0,,,
671,0.9640,-0.1083,0.0450,3.008,good,0.000,2.44,0,0,0,0,9.24,3,0.0,,,
675,0.9640,-0.1151,0.0533,3.001,good,0.001,2.41,0,0,0,0,11.68,2,0.0,,,
676,0.9640,-0.1092,0.2305,2.916,good,0.004,11.44,0,0,0,0,11.75,2,0.0,,,
674,0.9680,-0.1091,0.1974,2.996,good,0.005,3.96,0,0,0,0,9.79,3,0.0,,,
677,0.9680,-0.1187,0.1820,2.994,good,0.219,1.72,0,0,0,0,13.03,2,0.0,,,
680,0.9720,-0.1195,0.0978,2.754,sour,0.954,17.64,1,1,1,0,19.71,2,3.2,44,660|673,
681,0.9720,-0.1166,0.2220,2.989,good,0.000,2.68,0,0,0,0,12.45,2,0.0,,,
682,0.9720,-0.1170,-0.0033,2.930,good,0.475,3.03,0,0,0,0,14.06,2,0.0,,,
678,0.9760,-0.1279,0.1768,2.898,good,0.000,2.80,0,0,0,0,14.66,2,0.0,,,
679,0.9760,-0.1108,0.0798,3.001,good,0.000,4.12,0,0,0,0,10.24,3,0.0,,,
687,0.9760,-0.1163,0.1800,3.000,good,0.000,2.87,0,0,0,0,12.11,1,0.0,,,
683,0.9800,-0.1129,0.1407,3.175,good,0.023,3.23,0,0,0,0,7.05,3,0.0,,,
684,0.9800,-0.1139,-0.2193,2.938,good,0.001,2.89,0,0,0,0,12.82,3,0.0,,,
686,0.9800,-0.1163,0.1956,3.098,good,0.023,6.02,0,0,0,0,9.81,2,0.0,,,
685,0.9840,-0.1155,-0.1064,3.014,good,0.025,2.66,0,0,0,0,11.51,3,0.0,,,
691,0.9840,-0.1199,0.1358,3.001,good,0.000,7.81,0,0,0,0,13.29,2,0.0,,,
692,0.9840,-0.1154,-0.1328,3.007,insect,1.000,4.76,1,1,1,0,11.65,2,3.1,15|14,689,689
693,0.9840,-0.1161,0.1638,2.998,good,0.000,2.37,0,0,0,0,12.07,2,0.0,,,
688,0.9880,-0.1135,-0.0788,3.304,faded,0.921,5.93,1,1,1,0,4.62,3,2.7,21|22,730,
689,0.9880,-0.1172,-0.0262,2.774,faded,0.696,3.58,1,1,1,0,18.29,3,3.2,28,670,
690,0.9880,-0.1120,-0.0440,2.964,good,0.020,3.34,0,0,0,0,11.52,3,0.0,,,
694,0.9920,-0.1119,-0.0706,3.002,sour,1.000,20.20,1,1,1,0,10.59,3,3.2,22|23,678,678
695,0.9920,-0.1118,0.1610,2.991,good,0.000,1.80,0,0,0,0,10.82,3,0.0,,,
696,0.9920,-0.1105,0.0998,2.999,good,0.000,2.75,0,0,0,0,10.18,3,0.0,,,
697,0.9920,-0.1084,-0.1764,3.000,good,0.000,2.19,0,0,0,0,9.46,3,0.0,,,
698,0.9920,-0.1101,-0.0005,2.698,stick,1.000,27.81,1,1,1,0,17.88,3,2.4,31|32,675,
700,0.9920,-0.1176,0.2119,3.012,good,0.000,1.94,0,0,0,0,12.25,2,0.0,,,
699,0.9960,-0.1148,0.2275,2.462,good,0.003,8.09,0,0,0,0,27.25,3,0.0,,,
707,0.9960,-0.1186,-0.0449,2.974,black,1.000,46.86,1,1,1,0,13.50,2,3.2,26,697,697
701,1.0000,-0.1130,0.1452,3.148,good,0.000,2.37,0,0,0,0,7.67,3,0.0,,,
702,1.0000,-0.1127,0.2294,3.110,good,0.116,2.77,0,0,0,0,8.39,3,0.0,,,
703,1.0000,-0.1242,0.0014,2.891,good,0.005,3.12,0,0,0,0,13.54,2,0.0,,,
704,1.0000,-0.1094,-0.1731,2.951,faded,1.000,6.82,1,1,1,0,10.97,3,3.2,9|10,696,696
705,1.0000,-0.1367,-0.1026,3.000,stone,0.979,24.56,1,1,1,0,10.90,1,9.0,18|19|17,,
706,1.0000,-0.1113,-0.1867,2.575,good,0.024,3.16,0,0,0,0,22.04,3,0.0,,,
713,1.0000,-0.1126,-0.0022,3.000,good,0.009,3.00,0,0,0,0,10.87,1,0.0,,,
714,1.0000,-0.1050,0.2246,3.000,good,0.000,4.99,0,0,0,0,8.32,1,0.0,,,
708,1.0040,-0.1355,-0.0023,3.000,husk,1.000,18.92,1,1,1,0,10.50,1,2.4,31,,
712,1.0040,-0.1179,0.2065,2.994,insect,0.558,5.32,1,1,1,0,12.80,2,3.2,58,708,708
716,1.0040,-0.1096,-0.0071,3.000,husk,1.000,14.27,1,1,1,0,9.85,1,2.4,31|30,685,
709,1.0080,-0.1138,-0.0380,2.880,good,0.000,2.54,0,0,0,0,14.25,3,0.0,,,
710,1.0080,-0.1122,0.1823,2.995,good,0.001,2.69,0,0,0,0,10.86,3,0.0,,,
711,1.0080,-0.1105,0.0033,3.001,broken,1.000,2.25,1,1,1,0,10.16,3,2.4,32,706,706
715,1.0080,-0.1169,0.1636,2.993,good,0.004,4.17,0,0,0,0,12.48,2,0.0,,,
720,1.0120,-0.1169,-0.0664,2.995,good,0.000,2.15,0,0,0,0,12.42,2,0.0,,,
721,1.0120,-0.1172,0.2340,2.918,good,0.001,2.76,0,0,0,0,14.46,2,0.0,,,
722,1.0120,-0.1166,0.2076,2.995,good,0.000,2.39,0,0,0,0,12.32,2,0.0,,,
717,1.0160,-0.1283,0.0503,2.508,good,0.005,3.31,0,0,0,0,27.04,2,0.0,,,
718,1.0160,-0.1128,-0.0429,3.001,good,0.000,2.06,0,0,0,0,10.89,3,0.0,,,
719,1.0160,-0.1254,-0.0204,2.678,good,0.002,3.05,0,0,0,0,20.16,2,0.0,,,
726,1.0160,-0.1188,-0.1955,2.997,good,0.000,2.48,0,0,0,0,12.98,2,0.0,,,
727,1.0160,-0.1164,0.0744,3.450,good,0.000,3.06,0,0,0,0,2.72,2,0.0,,,
728,1.0160,-0.1197,0.0177,2.702,good,0.000,2.45,0,0,0,0,21.32,2,0.0,,,
732,1.0160,-0.1183,0.0455,3.000,good,0.078,3.23,0,0,0,0,12.77,1,0.0,,,
733,1.0160,-0.1147,-0.0171,3.000,good,0.001,3.06,0,0,0,0,11.56,1,0.0,,,
723,1.0200,-0.1159,0.2119,2.985,good,0.000,1.79,0,0,0,0,12.34,3,0.0,,,
724,1.0200,-0.1129,-0.0287,2.987,good,0.003,3.23,0,0,0,0,11.29,3,0.0,,,
725,1.0200,-0.1110,-0.1808,2.987,good,0.328,7.01,0,0,0,0,10.64,3,0.0,,,
730,1.0200,-0.1194,0.0564,2.983,good,0.000,3.24,0,0,0,0,13.57,2,0.0,,,
731,1.0200,-0.1164,-0.0701,3.007,good,0.000,3.21,0,0,0,0,11.96,2,0.0,,,
729,1.0240,-0.1138,0.1712,2.988,good,0.123,2.73,0,0,0,0,11.55,3,0.0,,,
734,1.0240,-0.1193,0.0045,3.266,good,0.000,2.31,0,0,0,0,7.14,2,0.0,,,
735,1.0280,-0.1080,0.0965,3.075,good,0.000,2.16,0,0,0,0,7.63,3,0.0,,,
736,1.0280,-0.1085,0.0820,2.987,good,0.000,2.00,0,0,0,0,9.78,3,0.0,,,
739,1.0280,-0.1176,0.0883,3.116,good,0.005,1.71,0,0,0,0,9.83,2,0.0,,,
740,1.0280,-0.1181,-0.2281,2.974,good,0.007,2.32,0,0,0,0,13.34,2,0.0,,,
737,1.0320,-0.1388,-0.1219,3.000,sour,1.000,15.49,1,1,1,0,11.61,1,3.2,16,,
738,1.0320,-0.1117,0.1904,2.957,good,0.021,2.65,0,0,0,0,11.59,3,0.0,,,
741,1.0320,-0.1096,-0.1238,2.380,good,0.038,15.97,0,0,0,0,28.07,3,0.0,,,
746,1.0320,-0.1184,0.0022,2.924,good,0.001,4.14,0,0,0,0,14.72,2,0.0,,,
742,1.0360,-0.1164,0.2184,3.000,black,1.000,52.87,1,1,1,0,12.14,3,3.2,59|60,747,747
743,1.0360,-0.1173,-0.1958,2.929,good,0.625,16.27,1,1,1,0,14.18,3,2.4,6|7,736,
744,1.0360,-0.1102,0.1622,3.005,good,0.000,5.49,0,0,0,0,9.95,3,0.0,,,
745,1.0360,-0.1097,0.0740,3.002,good,0.000,2.48,0,0,0,0,9.86,3,0.0,,,
747,1.0400,-0.1160,-0.0793,3.064,good,0.002,3.52,0,0,0,0,10.51,3,0.0,,,
748,1.0400,-0.1105,0.0888,2.910,good,0.013,8.27,0,0,0,0,12.32,3,0.0,,,
749,1.0400,-0.1081,-0.1723,2.990,good,0.001,3.40,0,0,0,0,9.61,3,0.0,,,
754,1.0400,-0.1183,0.1760,3.005,good,0.001,2.86,0,0,0,0,12.63,2,0.0,,,
757,1.0400,-0.1053,-0.1991,3.000,good,0.003,3.64,0,0,0,0,8.43,1,0.0,,,
750,1.0440,-0.1113,-0.0821,3.003,insect,1.000,9.29,1,1,1,0,10.38,3,3.1,21,741,
751,1.0440,-0.1219,0.0406,3.105,good,0.002,2.55,0,0,0,0,7.46,2,0.0,,,
752,1.0440,-0.1100,0.1364,3.039,good,0.000,3.30,0,0,0,0,9.09,3,0.0,,,
753,1.0440,-0.1088,0.2320,2.993,good,0.000,2.09,0,0,0,0,9.75,3,0.0,,,
762,1.0440,-0.1095,0.0366,3.000,good,0.002,2.69,0,0,0,0,9.82,1,0.0,,,
755,1.0480,-0.1132,-0.2435,2.905,good,0.021,2.58,0,0,0,0,13.40,3,0.0,,,
756,1.0480,-0.1089,-0.0587,2.987,faded,0.795,3.80,1,1,1,0,9.96,3,3.2,24,766,766
758,1.0480,-0.1157,0.0217,3.000,stick,1.000,49.34,1,1,1,0,11.90,2,2.4,34,724,724
759,1.0480,-0.1198,-0.2004,3.001,good,0.000,3.49,0,0,0,0,13.23,2,0.0,,,
760,1.0480,-0.1194,0.1494,3.001,good,0.001,1.74,0,0,0,0,13.11,2,0.0,,,
761,1.0480,-0.1174,0.0448,3.001,good,0.001,3.01,0,0,0,0,12.43,2,0.0,,,
765,1.0520,-0.1196,0.2060,3.044,good,0.091,7.52,0,0,0,0,12.14,2,0.0,,,
767,1.0520,-0.1192,0.0485,3.001,good,0.000,2.26,0,0,0,0,13.04,2,0.0,,,
763,1.0560,-0.1141,0.1889,2.999,good,0.000,6.65,0,0,0,0,11.38,3,0.0,,,
764,1.0560,-0.1124,-0.1087,3.173,good,0.001,2.66,0,0,0,0,6.96,3,0.0,,,
766,1.0560,-0.1110,0.0157,2.997,good,0.000,3.70,0,0,0,0,10.42,3,0.0,,,
769,1.0560,-0.1192,0.2436,3.040,good,0.000,1.69,0,0,0,0,12.12,2,0.0,,,
768,1.0600,-0.1091,0.0739,2.990,good,0.003,3.23,0,0,0,0,9.95,3,0.0,,,
772,1.0600,-0.1187,-0.1109,3.002,good,0.000,3.09,0,0,0,0,12.87,2,0.0,,,
770,1.0640,-0.1122,-0.2101,2.996,good,0.000,2.16,0,0,0,0,10.84,3,0.0,,,
771,1.0640,-0.1123,0.1700,3.005,good,0.137,4.09,0,0,0,0,10.63,3,0.0,,,
773,1.0680,-0.1144,0.1847,2.986,good,0.007,2.95,0,0,0,0,11.79,3,0.0,,,
774,1.0680,-0.1226,-0.1432,3.072,black,1.000,52.11,1,1,1,0,8.45,2,3.2,13,,
775,1.0680,-0.1091,0.0544,2.984,good,0.001,4.99,0,0,0,0,10.07,3,0.0,,,
784,1.0680,-0.1103,-0.1477,3.000,black,1.000,52.11,1,1,1,0,10.10,1,3.2,13|12,775,
776,1.0720,-0.1156,-0.0967,2.885,good,0.000,3.86,0,0,0,0,14.73,3,0.0,,,
777,1.0720,-0.1117,0.0512,3.004,good,0.000,3.66,0,0,0,0,10.47,3,0.0,,,
778,1.0720,-0.1113,0.1397,3.018,good,0.124,4.44,0,0,0,0,10.02,3,0.0,,,
780,1.0720,-0.1183,0.0713,2.988,good,0.001,5.29,0,0,0,0,13.07,2,0.0,,,
781,1.0720,-0.1197,-0.1453,2.956,good,0.001,3.53,0,0,0,0,14.31,2,0.0,,,
782,1.0720,-0.1160,0.2351,2.992,good,0.002,2.24,0,0,0,0,12.18,2,0.0,,,
783,1.0720,-0.1170,-0.1890,3.001,good,0.249,4.00,0,0,0,0,12.32,2,0.0,,,
779,1.0760,-0.1159,-0.0054,2.999,good,0.002,2.34,0,0,0,0,11.98,3,0.0,,,
789,1.0760,-0.1077,0.0228,3.450,stick,1.000,90.76,1,1,1,0,0.20,2,2.4,34|35,776,
790,1.0760,-0.1193,-0.0876,3.003,good,0.000,2.34,0,0,0,0,13.02,2,0.0,,,
791,1.0760,-0.1188,-0.1595,2.984,good,0.000,2.44,0,0,0,0,13.33,2,0.0,,,
785,1.0800,-0.1138,-0.2057,3.000,good,0.000,2.75,0,0,0,0,11.27,3,0.0,,,
786,1.0800,-0.1152,-0.0199,2.833,good,0.001,1.84,0,0,0,0,15.96,3,0.0,,,
787,1.0800,-0.1101,-0.0411,3.030,good,0.001,4.43,0,0,0,0,9.32,3,0.0,,,
788,1.0800,-0.1098,0.2029,3.014,good,0.000,2.31,0,0,0,0,9.60,3,0.0,,,
799,1.0800,-0.1091,0.0217,3.000,husk,1.000,31.51,1,1,1,0,9.72,1,2.4,34,,
792,1.0840,-0.1118,0.2248,2.996,good,0.001,3.89,0,0,0,0,10.72,3,0.0,,,
793,1.0840,-0.1106,0.0505,3.001,good,0.001,3.06,0,0,0,0,10.18,3,0.0,,,
794,1.0840,-0.1099,0.0655,3.151,good,0.000,2.88,0,0,0,0,6.61,3,0.0,,,
795,1.0840,-0.1104,-0.1937,2.999,good,0.404,3.38,0,0,0,0,10.15,3,0.0,,,
798,1.0840,-0.1191,0.0201,3.013,good,0.000,3.15,0,0,0,0,12.72,2,0.0,,,
796,1.0880,-0.1081,-0.1063,3.350,good,0.199,4.93,0,0,0,0,2.12,3,0.0,,,
797,1.0880,-0.1106,-0.2226,2.984,good,0.002,2.60,0,0,0,0,10.56,3,0.0,,,
801,1.0880,-0.1182,-0.0050,3.017,broken,0.640,14.75,1,1,1,0,12.32,2,2.5,31,796,
800,1.0920,-0.1142,-0.0568,3.030,good,0.000,2.58,0,0,0,0,10.70,3,0.0,,,
802,1.0960,-0.1141,0.2287,3.005,good,0.005,6.60,0,0,0,0,11.26,3,0.0,,,
803,1.0960,-0.1131,0.1728,3.017,husk,1.000,11.43,1,1,1,0,10.63,3,2.4,54|53,811,811
804,1.0960,-0.1127,0.1521,3.007,good,0.001,2.85,0,0,0,0,10.73,3,0.0,,,
805,1.0960,-0.1103,-0.0040,3.000,sour,1.000,24.21,1,1,1,0,10.08,3,3.2,31,806,
806,1.0960,-0.1094,0.1368,3.025,good,0.003,2.37,0,0,0,0,9.22,3,0.0,,,
807,1.0960,-0.1100,-0.1851,3.007,good,0.000,2.87,0,0,0,0,9.83,3,0.0,,,
808,1.1000,-0.1104,0.2196,3.056,good,0.000,2.60,0,0,0,0,8.86,3,0.0,,,
809,1.1000,-0.1361,-0.0984,3.000,sour,1.000,22.93,1,1,1,0,10.70,1,3.2,19,,
810,1.1000,-0.1117,0.1087,2.884,good,0.000,3.19,0,0,0,0,13.40,3,0.0,,,
811,1.1000,-0.1075,-0.0630,3.175,good,0.014,2.34,0,0,0,0,5.36,3,0.0,,,
815,1.1000,-0.1192,-0.2054,2.780,good,0.049,3.66,0,0,0,0,18.85,2,0.0,,,
816,1.1000,-0.1300,0.0919,3.000,good,0.000,2.33,0,0,0,0,12.68,1,0.0,,,
817,1.1000,-0.1259,-0.0954,3.000,sour,1.000,23.70,1,1,1,0,11.31,1,3.2,19,,
821,1.1000,-0.1175,0.0880,3.000,good,0.009,11.02,0,0,0,0,12.50,1,0.0,,,
822,1.1000,-0.1158,-0.0924,3.000,sour,1.000,23.16,1,1,1,0,11.94,1,3.2,20|19,805,
812,1.1040,-0.1382,-0.1822,3.000,black,1.000,51.73,1,1,1,0,11.41,1,3.2,8,,
813,1.1040,-0.1225,0.1865,3.030,good,0.000,2.17,0,0,0,0,9.42,2,0.0,,,
814,1.1040,-0.1322,0.0812,3.000,good,0.000,3.65,0,0,0,0,9.40,1,0.0,,,
818,1.1040,-0.1319,-0.2390,3.000,insect,0.595,5.90,1,1,1,0,13.31,1,3.2,1,,
820,1.1040,-0.1305,-0.1790,3.000,black,1.000,51.73,1,1,1,0,12.85,1,3.2,9|8,,
828,1.1040,-0.1104,0.1900,3.000,good,0.000,1.94,0,0,0,0,10.12,1,0.0,,,
829,1.1040,-0.1056,-0.0893,3.000,sour,1.000,23.54,1,1,1,0,8.54,1,3.2,20,805,
819,1.1080,-0.1080,0.1768,3.053,good,0.000,3.06,0,0,0,0,8.12,3,0.0,,,
824,1.1080,-0.1193,-0.0427,2.990,good,0.432,2.78,0,0,0,0,13.36,2,0.0,,,
825,1.1080,-0.1176,-0.0716,3.000,good,0.000,2.87,0,0,0,0,12.55,2,0.0,,,
826,1.1080,-0.1229,-0.1757,3.000,black,1.000,51.72,1,1,1,0,10.30,1,3.2,9,,
827,1.1080,-0.1221,-0.2430,3.000,insect,0.768,9.48,1,1,1,0,10.04,1,3.1,0|1,,
832,1.1080,-0.1152,-0.1725,3.000,black,1.000,51.72,1,1,1,0,11.74,1,3.2,9|10,777,
823,1.1120,-0.1069,0.0942,3.311,good,0.000,2.03,0,0,0,0,2.49,3,0.0,,,
831,1.1120,-0.1193,-0.2155,3.002,good,0.391,3.13,0,0,0,0,13.04,2,0.0,,,
835,1.1120,-0.1076,-0.1692,3.000,black,1.000,51.74,1,1,1,0,9.18,1,3.2,10,777,
830,1.1160,-0.1108,0.2362,2.996,good,0.077,15.97,0,0,0,0,10.36,3,0.0,,,
833,1.1160,-0.1285,0.0920,3.000,good,0.001,2.83,0,0,0,0,12.16,1,0.0,,,
834,1.1160,-0.1161,0.0852,2.956,black,0.976,46.87,1,1,1,0,13.10,2,3.2,42|43,813|821,813|821
837,1.1200,-0.1179,-0.0633,2.941,good,0.000,5.05,0,0,0,0,14.08,2,0.0,,,
836,1.1240,-0.1136,0.1847,3.140,good,0.000,3.20,0,0,0,0,8.04,3,0.0,,,
838,1.1240,-0.1186,0.0575,2.882,faded,0.991,3.80,1,1,1,0,15.85,2,3.2,39,817,
839,1.1240,-0.1167,0.0801,3.001,faded,0.898,3.48,1,1,1,0,12.22,2,3.2,42,815,815
840,1.1240,-0.1139,-0.1528,3.248,good,0.022,2.25,0,0,0,0,5.85,2,0.0,,,
841,1.1240,-0.1131,-0.0786,3.353,good,0.000,1.93,0,0,0,0,3.55,2,0.0,,,
842,1.1280,-0.1181,-0.0180,2.998,good,0.016,3.14,0,0,0,0,12.75,2,0.0,,,
843,1.1280,-0.1172,-0.1049,3.002,good,0.000,1.88,0,0,0,0,12.36,2,0.0,,,
847,1.1320,-0.1198,0.0480,2.665,good,0.009,3.15,0,0,0,0,22.48,2,0.0,,,
848,1.1320,-0.1183,-0.1180,2.917,faded,0.929,5.29,1,1,1,0,14.84,2,3.2,16|17,822,
844,1.1360,-0.1138,-0.1817,3.104,good,0.000,2.13,0,0,0,0,8.88,3,0.0,,,
845,1.1360,-0.1092,0.0979,3.003,good,0.000,1.92,0,0,0,0,9.67,3,0.0,,,
846,1.1360,-0.1090,0.1193,2.901,good,0.013,2.66,0,0,0,0,12.04,3,0.0,,,
849,1.1400,-0.1131,0.0268,3.052,faded,1.000,6.48,1,1,1,0,9.83,3,3.2,35,834,834
850,1.1400,-0.1138,0.1026,2.972,good,0.001,2.27,0,0,0,0,11.95,3,0.0,,,
851,1.1400,-0.1130,0.1384,2.981,good,0.000,2.54,0,0,0,0,11.45,3,0.0,,,
852,1.1400,-0.1120,-0.0163,2.961,good,0.004,3.14,0,0,0,0,11.61,3,0.0,,,
853,1.1400,-0.1095,-0.1830,3.000,good,0.002,7.37,0,0,0,0,9.85,3,0.0,,,
854,1.1400,-0.1086,0.1184,3.000,good,0.000,2.82,0,0,0,0,9.54,3,0.0,,,
862,1.1400,-0.1305,-0.2308,3.000,good,0.001,3.03,0,0,0,0,12.84,1,0.0,,,
865,1.1400,-0.1186,-0.2344,3.000,good,0.001,3.00,0,0,0,0,12.86,1,0.0,,,
855,1.1440,-0.1160,-0.0918,3.000,good,0.001,2.79,0,0,0,0,12.01,3,0.0,,,
856,1.1440,-0.1143,0.0894,3.060,good,0.000,3.04,0,0,0,0,10.03,3,0.0,,,
857,1.1440,-0.1142,0.0688,3.042,good,0.001,2.70,0,0,0,0,10.42,3,0.0,,,
858,1.1440,-0.1116,-0.1406,2.992,good,0.002,1.98,0,0,0,0,10.71,3,0.0,,,
859,1.1440,-0.1118,0.1711,2.960,good,0.007,2.73,0,0,0,0,11.55,3,0.0,,,
860,1.1440,-0.1104,-0.0406,3.004,good,0.000,3.34,0,0,0,0,10.03,3,0.0,,,
861,1.1440,-0.1086,-0.2086,3.005,good,0.002,2.62,0,0,0,0,9.43,3,0.0,,,
869,1.1440,-0.1067,-0.2380,3.000,good,0.000,3.00,0,0,0,0,8.89,1,0.0,,,
863,1.1480,-0.1149,-0.0298,3.025,faded,1.000,6.84,1,1,1,0,11.06,3,3.2,28|27,843,843
864,1.1480,-0.1137,-0.0441,3.031,good,0.000,1.95,0,0,0,0,10.49,3,0.0,,,
867,1.1480,-0.1195,0.0872,2.592,good,0.264,5.33,0,0,0,0,24.68,2,0.0,,,
868,1.1480,-0.1177,-0.1983,2.999,good,0.001,2.42,0,0,0,0,12.60,2,0.0,,,
866,1.1520,-0.1136,0.0538,2.933,good,0.000,2.39,0,0,0,0,12.85,3,0.0,,,
871,1.1520,-0.1178,0.0171,2.997,sour,1.000,15.94,1,1,1,0,12.69,2,3.2,34|33,852,852
870,1.1560,-0.1138,0.1104,2.989,good,0.018,3.42,0,0,0,0,11.55,3,0.0,,,
874,1.1560,-0.1190,-0.1495,3.002,faded,0.989,3.46,1,1,1,0,12.95,2,3.2,12|13,840,840
875,1.1560,-0.1129,0.0313,3.450,faded,0.996,4.33,1,1,1,0,1.72,2,3.2,36|35,848,
878,1.1560,-0.1019,0.0500,3.000,good,0.000,2.41,0,0,0,0,7.31,1,0.0,,,
872,1.1600,-0.1222,-0.1227,3.450,good,0.047,2.87,0,0,0,0,0.42,2,0.0,,,
873,1.1600,-0.1107,-0.1935,3.004,good,0.000,1.92,0,0,0,0,10.14,3,0.0,,,
884,1.1600,-0.1083,-0.1261,3.000,good,0.006,2.69,0,0,0,0,9.43,1,0.0,,,
876,1.1640,-0.1162,-0.1955,3.001,good,0.000,1.51,0,0,0,0,12.04,3,0.0,,,
877,1.1640,-0.1086,-0.0977,2.934,good,0.000,3.59,0,0,0,0,11.10,3,0.0,,,
883,1.1640,-0.1181,0.2054,2.936,good,0.000,2.21,0,0,0,0,14.29,2,0.0,,,
879,1.1680,-0.1139,-0.0696,3.002,good,0.000,2.55,0,0,0,0,11.24,3,0.0,,,
880,1.1680,-0.1134,0.1758,3.021,good,0.221,5.19,0,0,0,0,10.64,3,0.0,,,
881,1.1680,-0.1122,0.2258,3.002,good,0.003,2.40,0,0,0,0,10.71,3,0.0,,,
882,1.1680,-0.1075,-0.0781,3.428,good,0.000,2.65,0,0,0,0,0.54,3,0.0,,,
889,1.1680,-0.1186,0.0890,2.992,good,0.010,2.76,0,0,0,0,13.03,2,0.0,,,
890,1.1680,-0.1177,0.1989,2.776,good,0.001,2.72,0,0,0,0,18.43,2,0.0,,,
891,1.1680,-0.1145,-0.0271,3.404,good,0.000,2.73,0,0,0,0,3.00,2,0.0,,,
885,1.1720,-0.1145,-0.0090,2.873,black,0.831,18.53,1,1,1,0,14.66,3,3.2,30|31,858|873,858
886,1.1720,-0.1155,-0.0712,2.832,good,0.004,3.02,0,0,0,0,16.09,3,0.0,,,
887,1.1720,-0.1085,-0.2292,2.986,good,0.000,2.49,0,0,0,0,9.81,3,0.0,,,
888,1.1720,-0.1086,0.0980,3.008,good,0.000,1.69,0,0,0,0,9.36,3,0.0,,,
893,1.1720,-0.1175,-0.1538,2.994,insect,1.000,7.31,1,1,1,0,12.62,2,3.1,12,871,
892,1.1760,-0.1094,-0.0494,2.976,good,0.000,3.43,0,0,0,0,10.37,3,0.0,,,
895,1.1760,-0.1194,-0.0666,3.001,good,0.003,2.53,0,0,0,0,13.12,2,0.0,,,
894,1.1800,-0.1132,-0.0379,3.009,good,0.000,3.48,0,0,0,0,10.84,3,0.0,,,
897,1.1800,-0.1169,0.0998,3.009,good,0.000,2.05,0,0,0,0,12.06,2,0.0,,,
896,1.1840,-0.1128,-0.1505,2.998,good,0.000,2.40,0,0,0,0,10.96,3,0.0,,,
904,1.1840,-0.1164,-0.0415,3.047,good,0.001,2.53,0,0,0,0,11.02,2,0.0,,,
907,1.1840,-0.1158,-0.0784,3.000,good,0.002,3.35,0,0,0,0,11.92,1,0.0,,,
898,1.1880,-0.1155,-0.0367,3.015,good,0.000,2.72,0,0,0,0,11.46,3,0.0,,,
899,1.1880,-0.1134,-0.0835,2.488,good,0.003,11.58,0,0,0,0,25.77,3,0.0,,,
900,1.1880,-0.1177,0.1024,2.398,good,0.000,1.59,0,0,0,0,30.80,3,0.0,,,
901,1.1880,-0.1118,0.0501,3.004,good,0.000,4.65,0,0,0,0,10.50,3,0.0,,,
902,1.1880,-0.1086,0.2087,3.004,good,0.000,2.08,0,0,0,0,9.43,3,0.0,,,
903,1.1880,-0.1099,-0.2388,3.024,good,0.001,3.11,0,0,0,0,9.40,3,0.0,,,
905,1.1880,-0.1196,0.0696,3.002,good,0.000,7.60,0,0,0,0,13.17,2,0.0,,,
906,1.1880,-0.1162,0.1386,3.415,good,0.000,2.34,0,0,0,0,3.32,2,0.0,,,
909,1.1920,-0.1178,-0.2082,2.997,good,0.010,8.06,0,0,0,0,12.67,2,0.0,,,
910,1.1920,-0.1091,-0.2206,3.450,black,1.000,59.47,1,1,1,0,0.60,2,3.2,3,978,
908,1.1960,-0.1120,0.0156,2.999,good,0.000,2.56,0,0,0,0,10.67,3,0.0,,,
914,1.1960,-0.1179,0.0997,2.880,insect,1.000,3.74,1,1,1,0,15.65,2,3.1,44,892,892
911,1.2000,-0.1125,-0.1569,2.777,good,0.000,3.04,0,0,0,0,16.50,3,0.0,,,
912,1.2000,-0.1089,-0.1438,3.011,good,0.001,1.86,0,0,0,0,9.37,3,0.0,,,
913,1.2000,-0.1085,0.1447,2.998,good,0.001,2.58,0,0,0,0,9.55,3,0.0,,,
918,1.2000,-0.1178,0.1105,2.888,good,0.012,6.82,0,0,0,0,15.44,2,0.0,,,
919,1.2000,-0.1165,0.1838,3.019,good,0.000,3.24,0,0,0,0,11.71,2,0.0,,,
915,1.2040,-0.1139,-0.1623,2.995,insect,1.000,3.82,1,1,1,0,11.40,3,3.1,11,915,915
916,1.2040,-0.1118,-0.1435,3.122,good,0.000,4.26,0,0,0,0,7.84,3,0.0,,,
917,1.2040,-0.1080,0.0205,3.126,good,0.000,2.71,0,0,0,0,6.54,3,0.0,,,
920,1.2040,-0.1095,0.1053,3.450,good,0.001,7.61,0,0,0,0,0.74,2,0.0,,,
926,1.2040,-0.1064,0.1145,3.000,good,0.000,2.57,0,0,0,0,8.79,1,0.0,,,
921,1.2120,-0.1164,-0.0943,2.854,sour,1.000,17.65,1,1,1,0,15.82,3,3.2,19|20,910,
922,1.2120,-0.1188,-0.1854,2.518,good,0.000,1.97,0,0,0,0,26.89,3,0.0,,,
923,1.2120,-0.1118,0.0807,3.010,broken,0.996,2.37,1,1,1,0,10.36,3,2.4,42,912,912
924,1.2120,-0.1087,-0.1264,2.897,good,0.496,2.85,0,0,0,0,12.04,3,0.0,,,
925,1.2120,-0.1083,0.1487,3.060,good,0.002,3.34,0,0,0,0,8.08,3,0.0,,,
928,1.2120,-0.1183,-0.0489,3.002,good,0.000,3.08,0,0,0,0,12.74,2,0.0,,,
929,1.2120,-0.1178,0.0403,3.006,good,0.000,1.87,0,0,0,0,12.46,2,0.0,,,
930,1.2120,-0.1164,0.2204,3.023,good,0.006,6.82,0,0,0,0,11.57,2,0.0,,,
927,1.2160,-0.1085,-0.1552,3.001,good,0.000,2.66,0,0,0,0,9.46,3,0.0,,,
931,1.2200,-0.1147,0.0523,3.106,good,0.000,2.91,0,0,0,0,9.13,3,0.0,,,
932,1.2200,-0.1283,0.1615,2.370,good,0.003,7.23,0,0,0,0,32.32,2,0.0,,,
933,1.2200,-0.1107,-0.1599,3.028,insect,1.000,8.00,1,1,1,0,9.58,3,3.1,11,918,
934,1.2200,-0.1089,-0.0362,2.861,faded,0.571,8.61,1,1,1,0,13.00,3,3.2,27,908|913,908
938,1.2200,-0.1176,0.2099,2.951,good,0.017,12.36,0,0,0,0,13.73,2,0.0,,,
935,1.2240,-0.1166,0.2091,2.904,good,0.000,2.74,0,0,0,0,14.59,3,0.0,,,
936,1.2240,-0.1148,-0.0648,3.014,good,0.001,2.51,0,0,0,0,11.29,3,0.0,,,
937,1.2240,-0.1119,0.1617,3.281,good,0.000,8.03,0,0,0,0,4.59,3,0.0,,,
939,1.2240,-0.1156,-0.0541,3.013,good,0.317,3.69,0,0,0,0,11.54,2,0.0,,,
943,1.2280,-0.1183,0.0831,3.002,good,0.000,2.23,0,0,0,0,12.72,2,0.0,,,
944,1.2280,-0.1164,0.0637,2.993,good,0.000,2.56,0,0,0,0,12.29,2,0.0,,,
953,1.2280,-0.1050,0.2058,3.000,good,0.000,2.29,0,0,0,0,8.34,1,0.0,,,
940,1.2320,-0.1151,0.0653,3.000,good,0.000,2.57,0,0,0,0,11.71,3,0.0,,,
941,1.2320,-0.1127,0.0289,2.993,sour,1.000,14.22,1,1,1,0,11.06,3,3.2,35,942,942
942,1.2320,-0.1127,-0.0261,2.650,faded,0.971,3.70,1,1,1,0,20.26,3,3.2,28,919,
950,1.2320,-0.1185,-0.0118,3.368,good,0.007,3.04,0,0,0,0,4.88,2,0.0,,,
951,1.2320,-0.1186,-0.0028,3.003,good,0.018,2.59,0,0,0,0,12.80,2,0.0,,,
952,1.2320,-0.1122,0.1612,3.450,good,0.012,3.61,0,0,0,0,1.49,2,0.0,,,
957,1.2320,-0.1176,0.0409,3.000,good,0.000,2.64,0,0,0,0,12.54,1,0.0,,,
945,1.2360,-0.1149,0.0871,2.986,good,0.000,2.25,0,0,0,0,11.96,3,0.0,,,
946,1.2360,-0.1119,-0.1569,3.059,good,0.000,2.28,0,0,0,0,9.27,3,0.0,,,
947,1.2360,-0.1116,0.1881,2.999,good,0.000,2.03,0,0,0,0,10.56,3,0.0,,,
948,1.2360,-0.1115,-0.0440,3.007,good,0.003,3.04,0,0,0,0,10.33,3,0.0,,,
949,1.2360,-0.1324,0.0374,3.000,good,0.001,2.62,0,0,0,0,9.46,1,0.0,,,
959,1.2360,-0.1028,0.0444,3.000,good,0.000,2.57,0,0,0,0,7.60,1,0.0,,,
954,1.2400,-0.1175,0.2023,2.738,good,0.000,2.39,0,0,0,0,19.44,3,0.0,,,
955,1.2400,-0.1101,0.0636,3.009,good,0.002,3.35,0,0,0,0,9.82,3,0.0,,,
956,1.2400,-0.1083,0.1252,2.979,good,0.000,2.38,0,0,0,0,9.93,3,0.0,,,
958,1.2440,-0.1140,0.0609,2.389,broken,0.999,5.94,1,1,1,0,29.60,3,2.4,39,960,
963,1.2440,-0.1194,-0.0868,2.998,good,0.000,1.89,0,0,0,0,13.17,2,0.0,,,
964,1.2440,-0.1173,-0.1654,3.007,insect,1.000,2.82,1,1,1,0,12.27,2,3.1,10|11,944,944
960,1.2480,-0.1143,0.0111,3.005,good,0.000,3.61,0,0,0,0,11.32,3,0.0,,,
961,1.2480,-0.1133,-0.1417,2.999,good,0.000,2.14,0,0,0,0,11.14,3,0.0,,,
962,1.2480,-0.1125,0.0544,2.999,good,0.200,2.76,0,0,0,0,10.88,3,0.0,,,
966,1.2480,-0.1193,0.1459,2.949,good,0.019,6.05,0,0,0,0,14.35,2,0.0,,,
965,1.2520,-0.1126,-0.2395,2.999,black,1.000,54.24,1,1,1,0,10.89,3,3.2,1,953,
967,1.2520,-0.1083,-0.0717,3.000,good,0.000,1.60,0,0,0,0,9.44,3,0.0,,,
968,1.2560,-0.1187,0.1114,3.000,good,0.000,2.78,0,0,0,0,12.91,2,0.0,,,
969,1.2560,-0.1168,-0.0451,2.998,good,0.000,2.82,0,0,0,0,12.31,2,0.0,,,
972,1.2600,-0.1162,-0.0386,3.057,good,0.039,7.06,0,0,0,0,10.73,2,0.0,,,
973,1.2600,-0.1184,-0.0880,2.680,good,0.000,1.66,0,0,0,0,21.48,2,0.0,,,
970,1.2640,-0.1115,0.1405,3.003,good,0.000,3.31,0,0,0,0,10.43,3,0.0,,,
971,1.2640,-0.1083,0.0591,3.164,good,0.007,4.36,0,0,0,0,5.84,3,0.0,,,
979,1.2640,-0.1160,0.0992,3.007,black,1.000,46.22,1,1,1,0,11.84,2,3.2,44,955,955
974,1.2680,-0.1151,0.0416,3.006,broken,0.997,2.38,1,1,1,0,11.56,3,2.4,37,973,973
975,1.2680,-0.1138,-0.0046,2.988,good,0.000,2.38,0,0,0,0,11.56,3,0.0,,,
976,1.2680,-0.1124,0.0513,2.997,good,0.002,3.77,0,0,0,0,10.88,3,0.0,,,
977,1.2680,-0.1106,-0.0635,2.998,good,0.002,3.87,0,0,0,0,10.23,3,0.0,,,
978,1.2680,-0.1087,0.2391,3.017,good,0.006,7.72,0,0,0,0,9.16,3,0.0,,,
982,1.2680,-0.1182,0.0171,2.745,good,0.000,1.70,0,0,0,0,19.48,2,0.0,,,
980,1.2720,-0.1091,0.0082,2.986,good,0.002,3.21,0,0,0,0,10.01,3,0.0,,,
981,1.2720,-0.1095,-0.1025,2.999,good,0.001,3.36,0,0,0,0,9.85,3,0.0,,,
984,1.2720,-0.1185,0.1206,2.950,good,0.000,3.34,0,0,0,0,14.07,2,0.0,,,
985,1.2720,-0.1148,-0.0427,3.102,good,0.001,2.39,0,0,0,0,9.24,2,0.0,,,
983,1.2760,-0.1107,-0.0684,3.081,good,0.000,3.39,0,0,0,0,8.37,3,0.0,,,
988,1.2760,-0.1180,0.0475,2.995,sour,1.000,23.57,1,1,1,0,12.79,2,3.2,38|37,969,969
986,1.2800,-0.1146,-0.1539,3.001,good,0.000,4.59,0,0,0,0,11.52,3,0.0,,,
987,1.2800,-0.1101,0.1626,2.995,good,0.035,3.73,0,0,0,0,10.15,3,0.0,,,
991,1.2800,-0.1178,0.1914,2.976,good,0.000,3.08,0,0,0,0,13.18,2,0.0,,,
992,1.2800,-0.1138,-0.0660,3.388,good,0.000,3.66,0,0,0,0,3.11,2,0.0,,,
989,1.2840,-0.1145,0.1642,3.003,good,0.005,2.79,0,0,0,0,11.43,3,0.0,,,
990,1.2840,-0.1081,-0.0030,3.001,good,0.008,2.66,0,0,0,0,9.32,3,0.0,,,
997,1.2840,-0.1167,0.1451,3.001,good,0.003,4.05,0,0,0,0,12.20,2,0.0,,,
993,1.2880,-0.1160,0.1513,3.027,good,0.000,3.04,0,0,0,0,11.37,3,0.0,,,
994,1.2880,-0.1154,-0.1026,2.516,good,0.018,2.70,0,0,0,0,25.61,3,0.0,,,
995,1.2880,-0.1094,-0.1353,2.992,good,0.001,2.16,0,0,0,0,10.00,3,0.0,,,
996,1.2880,-0.1083,-0.1965,3.025,good,0.000,2.06,0,0,0,0,8.85,3,0.0,,,
1002,1.2880,-0.1173,-0.1518,3.006,good,0.000,3.94,0,0,0,0,12.31,2,0.0,,,
998,1.2920,-0.1162,-0.0633,3.054,good,0.000,3.39,0,0,0,0,10.80,3,0.0,,,
999,1.2920,-0.1135,0.1700,2.981,good,0.015,5.59,0,0,0,0,11.61,3,0.0,,,
1000,1.2920,-0.1105,0.1065,3.000,good,0.000,3.03,0,0,0,0,10.16,3,0.0,,,
1001,1.2920,-0.1099,0.0407,2.994,good,0.000,3.21,0,0,0,0,10.10,3,0.0,,,
1004,1.2920,-0.1163,-0.1413,2.311,good,0.001,6.05,0,0,0,0,33.60,2,0.0,,,
1005,1.2920,-0.1164,0.1798,3.001,good,0.000,3.19,0,0,0,0,12.11,2,0.0,,,
1006,1.2920,-0.1162,0.0597,3.013,good,0.006,2.59,0,0,0,0,11.75,2,0.0,,,
1007,1.2920,-0.1133,0.1400,3.450,shell,0.999,4.83,1,1,1,0,1.84,2,2.4,49|50,1001,
1003,1.2960,-0.1113,-0.1742,2.998,good,0.000,2.86,0,0,0,0,10.48,3,0.0,,,
1008,1.3000,-0.1131,0.1226,2.992,good,0.000,2.26,0,0,0,0,11.22,3,0.0,,,
1009,1.3000,-0.1146,0.0884,2.770,good,0.002,7.40,0,0,0,0,17.49,3,0.0,,,
1010,1.3000,-0.1105,-0.2097,2.994,good,0.000,3.15,0,0,0,0,10.30,3,0.0,,,
1013,1.3000,-0.1153,-0.0978,3.001,faded,0.933,3.58,1,1,1,0,11.76,2,3.2,19,1015,1015
1011,1.3040,-0.1109,-0.1707,3.166,good,0.000,2.32,0,0,0,0,6.61,3,0.0,,,
1012,1.3040,-0.1095,0.0537,2.995,good,0.001,3.29,0,0,0,0,9.96,3,0.0,,,
1015,1.3040,-0.1183,-0.0212,3.012,good,0.000,2.38,0,0,0,0,12.50,2,0.0,,,
1016,1.3040,-0.1176,0.0169,2.995,good,0.000,1.92,0,0,0,0,12.66,2,0.0,,,
1017,1.3040,-0.1163,0.0340,3.266,good,0.001,2.90,0,0,0,0,6.24,2,0.0,,,
1018,1.3040,-0.1152,-0.0735,2.999,good,0.000,2.86,0,0,0,0,11.78,2,0.0,,,
1014,1.3080,-0.1145,0.0998,3.081,good,0.003,5.08,0,0,0,0,9.62,3,0.0,,,
1019,1.3120,-0.1115,0.0109,3.217,good,0.001,2.16,0,0,0,0,5.75,3,0.0,,,
1020,1.3120,-0.1135,0.1813,2.677,black,1.000,49.76,1,1,1,0,19.76,3,3.2,55,1007,
1022,1.3120,-0.1176,0.0545,3.325,good,0.000,1.75,0,0,0,0,5.45,2,0.0,,,
1021,1.3160,-0.1121,-0.0527,3.209,good,0.001,2.16,0,0,0,0,6.11,3,0.0,,,
1026,1.3160,-0.1185,-0.0350,3.000,good,0.002,3.03,0,0,0,0,12.84,2,0.0,,,
1023,1.3200,-0.1091,-0.0776,2.944,good,0.002,3.37,0,0,0,0,11.03,3,0.0,,,
1024,1.3200,-0.1102,-0.0204,3.003,good,0.000,3.49,0,0,0,0,9.99,3,0.0,,,
1025,1.3200,-0.1090,0.1127,3.051,good,0.001,2.88,0,0,0,0,8.52,3,0.0,,,
1031,1.3200,-0.1179,-0.2187,2.988,good,0.116,3.37,0,0,0,0,12.93,2,0.0,,,
1027,1.3240,-0.1148,-0.0302,2.998,faded,1.000,6.48,1,1,1,0,11.64,3,3.2,28|27,1036,1036
1028,1.3240,-0.1107,-0.1706,2.998,good,0.000,2.80,0,0,0,0,10.29,3,0.0,,,
1029,1.3240,-0.1102,-0.2004,3.010,good,0.000,3.65,0,0,0,0,9.84,3,0.0,,,
1030,1.3240,-0.1099,0.1058,3.003,good,0.000,2.10,0,0,0,0,9.89,3,0.0,,,
1036,1.3240,-0.1176,0.1285,2.905,good,0.004,5.43,0,0,0,0,14.88,2,0.0,,,
1032,1.3280,-0.1146,0.0809,2.995,good,0.000,2.95,0,0,0,0,11.67,3,0.0,,,
1033,1.3280,-0.1115,0.0431,2.994,good,0.000,3.43,0,0,0,0,10.65,3,0.0,,,
1034,1.3280,-0.1113,-0.0626,3.010,faded,1.000,4.74,1,1,1,0,10.20,3,3.2,23|24,1044,1044
1035,1.3280,-0.1104,0.1626,3.001,good,0.001,2.48,0,0,0,0,10.13,3,0.0,,,
1037,1.3320,-0.1150,0.2437,2.978,good,0.000,1.97,0,0,0,0,12.22,3,0.0,,,
1038,1.3320,-0.1123,-0.1254,2.967,good,0.000,3.48,0,0,0,0,11.55,3,0.0,,,
1039,1.3320,-0.1114,-0.0276,3.172,good,0.004,3.35,0,0,0,0,6.66,3,0.0,,,
1040,1.3320,-0.1102,0.0380,3.032,good,0.000,3.02,0,0,0,0,9.35,3,0.0,,,
1041,1.3320,-0.1093,0.0521,2.983,good,0.000,2.31,0,0,0,0,10.16,3,0.0,,,
1042,1.3360,-0.1158,-0.1410,3.000,faded,0.957,3.53,1,1,1,0,11.92,3,3.2,13|14,1052,1052
1043,1.3360,-0.1152,-0.1965,2.996,good,0.000,2.09,0,0,0,0,11.81,3,0.0,,,
1044,1.3360,-0.1127,0.0455,2.966,good,0.005,3.07,0,0,0,0,11.74,3,0.0,,,
1045,1.3360,-0.1113,-0.0092,3.117,good,0.000,2.61,0,0,0,0,7.78,3,0.0,,,
1046,1.3360,-0.1100,-0.0801,2.978,good,0.026,3.73,0,0,0,0,10.50,3,0.0,,,
1047,1.3400,-0.1123,-0.2042,3.094,good,0.000,2.51,0,0,0,0,8.62,3,0.0,,,
1048,1.3400,-0.1124,0.0926,2.999,good,0.000,1.60,0,0,0,0,10.82,3,0.0,,,
1049,1.3400,-0.1113,0.1327,2.998,good,0.034,4.04,0,0,0,0,10.49,3,0.0,,,
1050,1.3400,-0.1089,-0.0506,3.076,good,0.000,2.84,0,0,0,0,7.92,3,0.0,,,
1051,1.3400,-0.1091,0.0097,3.002,good,0.001,2.60,0,0,0,0,9.68,3,0.0,,,
1052,1.3400,-0.1186,-0.1001,3.044,good,0.000,19.77,1,1,1,0,11.81,2,9.0,19|18|20,1046,1046
1053,1.3400,-0.1171,0.1889,2.936,good,0.000,2.05,0,0,0,0,13.95,2,0.0,,,
1054,1.3480,-0.1113,-0.1294,2.930,good,0.000,2.17,0,0,0,0,12.12,3,0.0,,,
1055,1.3480,-0.1105,0.0684,2.948,good,0.000,2.14,0,0,0,0,11.41,3,0.0,,,
1058,1.3480,-0.1182,-0.1036,3.048,good,0.000,2.33,0,0,0,0,11.60,2,0.0,,,
1059,1.3480,-0.1175,0.1887,3.005,good,0.001,2.84,0,0,0,0,12.38,2,0.0,,,
1060,1.3480,-0.1164,0.0974,2.999,sour,1.000,13.82,1,1,1,0,12.18,2,3.2,44,1054,1054
1056,1.3520,-0.1146,-0.1173,3.077,good,0.014,3.09,0,0,0,0,9.75,3,0.0,,,
1057,1.3520,-0.1121,0.0441,3.049,good,0.000,2.59,0,0,0,0,9.58,3,0.0,,,
1062,1.3520,-0.1185,-0.1984,2.997,good,0.000,2.45,0,0,0,0,12.92,2,0.0,,,
1063,1.3520,-0.1174,-0.1310,2.996,good,0.001,2.26,0,0,0,0,12.56,2,0.0,,,
1064,1.3520,-0.1166,-0.0706,2.981,good,0.000,1.90,0,0,0,0,12.65,2,0.0,,,
1061,1.3560,-0.1144,-0.2164,3.001,good,0.008,3.36,0,0,0,0,11.47,3,0.0,,,
1066,1.3560,-0.1190,-0.0746,3.000,good,0.000,2.33,0,0,0,0,13.02,2,0.0,,,
1065,1.3600,-0.1113,-0.0376,2.997,good,0.001,2.42,0,0,0,0,10.49,3,0.0,,,
1067,1.3640,-0.1159,-0.1309,3.001,good,0.000,3.87,0,0,0,0,11.93,3,0.0,,,
1068,1.3640,-0.1123,-0.1872,3.002,good,0.402,4.66,0,0,0,0,10.71,3,0.0,,,
1069,1.3640,-0.1088,-0.0379,3.002,good,0.000,2.92,0,0,0,0,9.54,3,0.0,,,
1070,1.3640,-0.1081,0.0943,2.999,stick,1.000,26.65,1,1,1,0,9.40,3,2.4,44|43,1060,1060
1071,1.3640,-0.1181,0.1748,2.908,good,0.000,2.35,0,0,0,0,15.01,2,0.0,,,
1072,1.3640,-0.1152,0.1272,3.105,good,0.000,2.37,0,0,0,0,9.30,2,0.0,,,
1075,1.3680,-0.1190,-0.0514,2.990,good,0.000,3.76,0,0,0,0,13.26,2,0.0,,,
1076,1.3680,-0.1190,0.0286,3.282,good,0.000,1.48,0,0,0,0,6.75,2,0.0,,,
1077,1.3680,-0.1189,-0.1656,3.005,good,0.001,2.66,0,0,0,0,12.86,2,0.0,,,
1078,1.3680,-0.1170,0.0896,2.998,good,0.000,3.52,0,0,0,0,12.39,2,0.0,,,
1073,1.3720,-0.1126,-0.0730,2.942,good,0.000,3.02,0,0,0,0,12.24,3,0.0,,,
1074,1.3720,-0.1105,0.2334,2.966,good,0.004,2.83,0,0,0,0,10.98,3,0.0,,,
1081,1.3720,-0.1193,0.2151,3.000,good,0.002,4.54,0,0,0,0,13.09,2,0.0,,,
1082,1.3720,-0.1152,0.1770,3.001,good,0.000,2.10,0,0,0,0,11.73,2,0.0,,,
1079,1.3760,-0.1146,-0.2146,2.913,good,0.008,2.17,0,0,0,0,13.66,3,0.0,,,
1080,1.3760,-0.1131,0.1564,3.002,good,0.013,2.35,0,0,0,0,11.00,3,0.0,,,
1086,1.3760,-0.1182,-0.0977,2.997,good,0.000,3.12,0,0,0,0,12.81,2,0.0,,,
1087,1.3760,-0.1170,-0.0211,3.059,good,0.000,2.08,0,0,0,0,10.93,2,0.0,,,
1088,1.3760,-0.1161,0.2292,3.010,good,0.009,3.54,0,0,0,0,11.79,2,0.0,,,
1083,1.3800,-0.1143,0.1584,2.997,good,0.126,5.08,0,0,0,0,11.49,3,0.0,,,
1084,1.3800,-0.1135,0.2385,2.997,good,0.000,3.92,0,0,0,0,11.24,3,0.0,,,
1085,1.3800,-0.1083,0.0399,3.003,good,0.000,1.67,0,0,0,0,9.37,3,0.0,,,
1090,1.3800,-0.1149,0.0686,3.112,good,0.000,2.36,0,0,0,0,9.07,2,0.0,,,
1089,1.3840,-0.1114,-0.1541,3.000,black,1.000,56.22,1,1,1,0,10.48,3,3.2,12,1095,1095
1091,1.3880,-0.1152,-0.1261,3.000,good,0.000,3.48,0,0,0,0,11.73,3,0.0,,,
1098,1.3880,-0.1171,0.0406,2.958,good,0.000,2.21,0,0,0,0,13.39,2,0.0,,,
1092,1.3920,-0.1126,-0.1732,3.194,good,0.001,3.15,0,0,0,0,6.55,3,0.0,,,
1093,1.3920,-0.1134,-0.2154,3.006,sour,1.000,27.61,1,1,1,0,10.99,3,3.2,4,1097,1097
1094,1.3920,-0.1147,-0.1088,3.001,good,0.000,3.15,0,0,0,0,11.54,3,0.0,,,
1095,1.3920,-0.1143,0.1780,2.938,good,0.001,2.94,0,0,0,0,12.95,3,0.0,,,
1096,1.3920,-0.1114,-0.1869,2.754,good,0.000,2.35,0,0,0,0,16.78,3,0.0,,,
1097,1.3920,-0.1097,-0.0825,3.001,good,0.000,3.68,0,0,0,0,9.90,3,0.0,,,
1099,1.3920,-0.1178,0.0478,3.450,good,0.173,4.70,0,0,0,0,3.14,2,0.0,,,
1102,1.3960,-0.1177,0.0625,2.998,good,0.001,4.47,0,0,0,0,12.63,2,0.0,,,
1103,1.3960,-0.1161,0.1352,2.997,good,0.002,2.45,0,0,0,0,12.12,2,0.0,,,
1100,1.4000,-0.1082,0.1125,3.000,good,0.000,2.60,0,0,0,0,9.39,3,0.0,,,
1101,1.4000,-0.1082,-0.1666,3.000,good,0.026,2.76,0,0,0,0,9.42,3,0.0,,,
1108,1.4000,-0.1167,0.1986,2.920,good,0.000,2.19,0,0,0,0,14.21,2,0.0,,,
1104,1.4040,-0.1160,0.0257,3.017,insect,1.000,4.06,1,1,1,0,11.62,3,3.1,35,1094,1094
1105,1.4040,-0.1130,0.1052,2.994,good,0.000,2.49,0,0,0,0,11.12,3,0.0,,,
1106,1.4040,-0.1107,-0.2291,2.996,good,0.032,2.72,0,0,0,0,10.33,3,0.0,,,
1107,1.4040,-0.1099,0.1355,2.954,good,0.000,3.11,0,0,0,0,11.04,3,0.0,,,
1112,1.4040,-0.1157,0.2153,2.990,good,0.000,2.38,0,0,0,0,12.16,2,0.0,,,
1109,1.4080,-0.1154,-0.2098,2.922,good,0.000,2.83,0,0,0,0,13.73,3,0.0,,,
1110,1.4080,-0.1093,0.1582,3.095,good,0.045,3.55,0,0,0,0,7.62,3,0.0,,,
1111,1.4080,-0.1089,-0.1857,3.035,good,0.000,1.84,0,0,0,0,8.82,3,0.0,,,
1117,1.4080,-0.1190,-0.1312,2.996,black,1.000,46.64,1,1,1,0,13.11,2,3.2,15,1105,1105
1118,1.4080,-0.1183,-0.0994,3.000,good,0.000,2.28,0,0,0,0,12.78,2,0.0,,,
1119,1.4080,-0.1175,0.1913,3.008,good,0.000,3.22,0,0,0,0,12.32,2,0.0,,,
1113,1.4120,-0.1140,-0.2296,3.002,good,0.001,2.70,0,0,0,0,11.30,3,0.0,,,
1114,1.4120,-0.1147,0.0368,2.998,good,0.000,2.37,0,0,0,0,11.61,3,0.0,,,
1115,1.4120,-0.1123,-0.0890,3.002,good,0.001,1.95,0,0,0,0,10.73,3,0.0,,,
1116,1.4120,-0.1111,0.0115,3.044,good,0.001,2.62,0,0,0,0,9.35,3,0.0,,,
1120,1.4160,-0.1127,-0.1312,2.988,good,0.000,1.89,0,0,0,0,11.20,3,0.0,,,
1121,1.4160,-0.1129,0.0401,3.000,good,0.000,2.20,0,0,0,0,10.97,3,0.0,,,
1122,1.4160,-0.1122,0.1028,3.037,good,0.000,2.59,0,0,0,0,9.86,3,0.0,,,
1127,1.4160,-0.1183,0.1500,2.999,black,1.000,50.98,1,1,1,0,12.81,2,3.2,51|50,1102,1102
1123,1.4200,-0.1139,0.0981,2.968,sour,1.000,38.38,1,1,1,0,12.06,3,3.2,44,1128,1128
1124,1.4200,-0.1132,0.2031,3.005,good,0.000,3.50,0,0,0,0,10.94,3,0.0,,,
1125,1.4200,-0.1082,0.0082,2.987,good,0.001,1.88,0,0,0,0,9.70,3,0.0,,,
1126,1.4200,-0.1095,0.1091,2.812,good,0.002,2.25,0,0,0,0,14.51,3,0.0,,,
1131,1.4200,-0.1163,-0.2222,2.929,good,0.003,2.06,0,0,0,0,13.85,2,0.0,,,
1128,1.4240,-0.1153,0.2221,3.004,good,0.035,9.14,0,0,0,0,11.65,3,0.0,,,
1129,1.4240,-0.1098,0.0672,2.994,good,0.000,2.32,0,0,0,0,10.07,3,0.0,,,
1130,1.4240,-0.1092,-0.1235,2.984,good,0.000,3.68,0,0,0,0,10.09,3,0.0,,,
1135,1.4280,-0.1178,0.0284,2.970,faded,1.000,4.06,1,1,1,0,13.33,2,3.2,35,1131,1131
1136,1.4280,-0.1165,-0.0213,2.994,good,0.000,2.28,0,0,0,0,12.32,2,0.0,,,
1132,1.4320,-0.1154,0.0833,2.996,good,0.002,5.52,0,0,0,0,11.91,3,0.0,,,
1133,1.4320,-0.1126,0.2335,3.005,good,0.000,1.86,0,0,0,0,10.75,3,0.0,,,
1134,1.4320,-0.1084,0.1932,3.012,shell,1.000,5.46,1,1,1,0,9.19,3,2.4,56,1148,1148
1138,1.4320,-0.1193,-0.1458,3.450,good,0.387,18.33,0,0,0,0,3.56,2,0.0,,,
1137,1.4360,-0.1122,0.1039,2.994,good,0.001,3.03,0,0,0,0,10.87,3,0.0,,,
1139,1.4360,-0.1123,0.1937,2.801,good,0.000,2.56,0,0,0,0,15.78,3,0.0,,,
1140,1.4360,-0.1113,-0.0631,2.953,good,0.000,1.99,0,0,0,0,11.54,3,0.0,,,
1141,1.4360,-0.1084,-0.2112,3.007,good,0.013,9.74,0,0,0,0,9.32,3,0.0,,,
1144,1.4360,-0.1267,-0.1383,3.000,black,1.000,50.93,1,1,1,0,11.57,1,3.2,14,,
1149,1.4360,-0.1176,-0.1345,3.000,black,1.000,50.90,1,1,1,0,12.53,1,3.2,14,1127,
1142,1.4400,-0.1121,0.2440,2.750,good,0.002,2.64,0,0,0,0,17.12,3,0.0,,,
1143,1.4400,-0.1105,0.0325,3.000,faded,1.000,5.03,1,1,1,0,10.16,3,3.2,36|35,1147,1147
1146,1.4400,-0.1189,0.1090,2.986,good,0.044,3.07,0,0,0,0,13.29,2,0.0,,,
1147,1.4400,-0.1176,-0.1121,3.016,good,0.000,2.69,0,0,0,0,12.15,2,0.0,,,
1148,1.4400,-0.1166,0.1945,3.046,good,0.005,2.70,0,0,0,0,11.10,2,0.0,,,
1155,1.4400,-0.1084,-0.1307,3.000,black,1.000,50.89,1,1,1,0,9.48,1,3.2,15,1127,
1145,1.4440,-0.1134,0.1862,3.001,good,0.000,2.76,0,0,0,0,11.10,3,0.0,,,
1153,1.4440,-0.1185,-0.2247,2.990,good,0.003,2.83,0,0,0,0,13.08,2,0.0,,,
1154,1.4440,-0.1178,-0.1862,2.991,good,0.000,2.59,0,0,0,0,12.80,2,0.0,,,
1150,1.4480,-0.1138,-0.1472,3.064,good,0.001,2.06,0,0,0,0,9.78,3,0.0,,,
1151,1.4480,-0.1106,-0.2345,3.003,good,0.006,4.80,0,0,0,0,10.13,3,0.0,,,
1152,1.4480,-0.1088,0.1671,2.909,good,0.000,2.31,0,0,0,0,11.78,3,0.0,,,
1158,1.4480,-0.1195,-0.1973,3.001,faded,0.917,3.77,1,1,1,0,13.13,2,3.2,6,1134,1134
1159,1.4480,-0.1170,-0.1008,3.001,good,0.000,3.33,0,0,0,0,12.32,2,0.0,,,
1156,1.4520,-0.1121,-0.2147,3.127,good,0.056,2.23,0,0,0,0,7.83,3,0.0,,,
1157,1.4520,-0.1112,0.0515,2.858,good,0.000,2.83,0,0,0,0,13.88,3,0.0,,,
1163,1.4520,-0.1194,-0.0519,3.116,good,0.000,3.51,0,0,0,0,10.42,2,0.0,,,
1160,1.4560,-0.1146,0.2049,3.021,good,0.000,2.19,0,0,0,0,11.04,3,0.0,,,
1161,1.4560,-0.1126,-0.1696,3.002,good,0.003,3.58,0,0,0,0,10.83,3,0.0,,,
1162,1.4560,-0.1113,0.1796,3.005,good,0.000,2.64,0,0,0,0,10.32,3,0.0,,,
1166,1.4560,-0.1180,0.2355,2.996,good,0.001,3.85,0,0,0,0,12.76,2,0.0,,,
1164,1.4600,-0.1117,0.0696,3.000,good,0.000,2.40,0,0,0,0,10.55,3,0.0,,,
1165,1.4600,-0.1113,0.2246,3.000,good,0.000,3.50,0,0,0,0,10.44,3,0.0,,,
1168,1.4600,-0.1166,-0.0787,3.049,good,0.002,3.19,0,0,0,0,11.03,2,0.0,,,
1169,1.4600,-0.1164,0.0896,3.179,good,0.002,2.43,0,0,0,0,8.06,2,0.0,,,
1170,1.4600,-0.1148,0.2136,3.305,good,0.002,2.16,0,0,0,0,5.00,2,0.0,,,
1167,1.4640,-0.1151,-0.2013,2.990,good,0.352,3.43,0,0,0,0,11.93,3,0.0,,,
1174,1.4640,-0.1161,0.1753,3.006,good,0.015,7.31,0,0,0,0,11.90,2,0.0,,,
1171,1.4680,-0.1138,-0.0051,3.003,good,0.000,1.97,0,0,0,0,11.20,3,0.0,,,
1172,1.4680,-0.1117,-0.0764,3.009,good,0.000,2.59,0,0,0,0,10.35,3,0.0,,,
1173,1.4680,-0.1108,0.0122,2.983,good,0.000,2.69,0,0,0,0,10.67,3,0.0,,,
1177,1.4680,-0.1188,-0.0918,3.002,good,0.000,2.31,0,0,0,0,12.90,2,0.0,,,
1178,1.4680,-0.1168,-0.2217,3.032,broken,0.986,4.35,1,1,1,0,11.48,2,2.4,3,1190,1190
1175,1.4720,-0.1149,0.0491,3.013,good,0.000,2.66,0,0,0,0,11.33,3,0.0,,,
1176,1.4720,-0.1098,0.2112,2.974,good,0.003,2.78,0,0,0,0,10.55,3,0.0,,,
1181,1.4720,-0.1198,0.0693,3.003,good,0.001,1.67,0,0,0,0,13.18,2,0.0,,,
1182,1.4720,-0.1180,0.0992,2.861,good,0.000,2.16,0,0,0,0,16.19,2,0.0,,,
1179,1.4760,-0.1133,-0.1049,2.960,good,0.001,2.34,0,0,0,0,12.04,3,0.0,,,
1180,1.4760,-0.1125,0.0778,2.995,good,0.000,2.64,0,0,0,0,10.95,3,0.0,,,
1187,1.4760,-0.1191,-0.1190,2.997,good,0.001,2.16,0,0,0,0,13.10,2,0.0,,,
1183,1.4800,-0.1116,0.0001,3.015,good,0.000,3.07,0,0,0,0,10.19,3,0.0,,,
1184,1.4800,-0.1083,-0.1854,2.995,good,0.000,3.31,0,0,0,0,9.55,3,0.0,,,
1185,1.4800,-0.1095,0.1040,3.064,sour,1.000,21.80,1,1,1,0,8.36,3,3.2,45,1178,1178
1186,1.4800,-0.1090,0.1495,2.998,faded,1.000,5.29,1,1,1,0,9.71,3,3.2,51|50,1175,1175
1195,1.4800,-0.1170,-0.2013,2.996,good,0.010,3.27,0,0,0,0,12.43,2,0.0,,,
1196,1.4800,-0.1181,0.2338,2.848,good,0.013,3.21,0,0,0,0,16.59,2,0.0,,,
1197,1.4800,-0.1160,-0.1437,3.019,good,0.000,2.68,0,0,0,0,11.57,2,0.0,,,
1188,1.4840,-0.1137,0.0803,3.280,faded,1.000,5.99,1,1,1,0,5.15,3,3.2,42,1203,
1189,1.4840,-0.1160,0.0112,2.999,good,0.000,4.16,0,0,0,0,12.03,3,0.0,,,
1190,1.4840,-0.1127,0.0308,3.003,good,0.000,3.87,0,0,0,0,10.82,3,0.0,,,
1191,1.4840,-0.1133,-0.0057,2.958,good,0.001,2.45,0,0,0,0,12.11,3,0.0,,,
1192,1.4840,-0.1115,-0.1101,3.005,black,1.000,56.75,1,1,1,0,10.39,3,3.2,17|18,1180,1180
1193,1.4840,-0.1090,0.0744,3.097,good,0.000,1.93,0,0,0,0,7.49,3,0.0,,,
1194,1.4840,-0.1092,0.0134,3.006,good,0.000,4.11,0,0,0,0,9.60,3,0.0,,,
1198,1.4880,-0.1112,0.1166,2.677,good,0.000,1.73,0,0,0,0,18.87,3,0.0,,,
1199,1.4880,-0.1171,-0.1222,3.000,good,0.000,2.57,0,0,0,0,12.34,2,0.0,,,
1200,1.4960,-0.1135,0.1744,2.991,good,0.010,4.00,0,0,0,0,11.37,3,0.0,,,
1201,1.4960,-0.1121,0.1456,3.002,good,0.000,2.53,0,0,0,0,10.66,3,0.0,,,
1202,1.5000,-0.1153,-0.1507,2.999,good,0.000,1.90,0,0,0,0,11.78,3,0.0,,,
1203,1.5000,-0.1144,-0.0258,2.996,good,0.293,3.60,0,0,0,0,11.58,3,0.0,,,
1204,1.5000,-0.1095,-0.0592,3.381,good,0.019,3.42,0,0,0,0,1.97,3,0.0,,,
1205,1.5000,-0.1098,0.2071,2.991,good,0.145,5.06,0,0,0,0,10.15,3,0.0,,,
1206,1.5000,-0.1079,-0.1553,3.057,good,0.408,6.84,0,0,0,0,7.99,3,0.0,,,
1208,1.5000,-0.1165,0.0767,3.000,good,0.000,1.97,0,0,0,0,12.17,2,0.0,,,
1207,1.5040,-0.1147,0.2213,3.004,good,0.000,2.67,0,0,0,0,11.47,3,0.0,,,
1212,1.5040,-0.1186,0.1796,3.033,good,0.001,1.98,0,0,0,0,12.06,2,0.0,,,
1213,1.5040,-0.1180,0.0131,2.992,good,0.000,4.23,0,0,0,0,12.85,2,0.0,,,
1209,1.5080,-0.1130,0.1532,2.997,good,0.043,2.57,0,0,0,0,11.07,3,0.0,,,
1210,1.5080,-0.1099,0.0484,2.996,good,0.001,2.64,0,0,0,0,10.05,3,0.0,,,
1211,1.5080,-0.1082,0.1712,3.013,good,0.000,2.65,0,0,0,0,9.10,3,0.0,,,
1216,1.5080,-0.1183,0.0576,2.996,good,0.000,2.20,0,0,0,0,12.87,2,0.0,,,
1214,1.5120,-0.1152,-0.1693,2.942,good,0.125,2.86,0,0,0,0,13.13,3,0.0,,,
1215,1.5120,-0.1100,-0.0104,3.011,sour,1.000,15.11,1,1,1,0,9.74,3,3.2,30,1206,1206
1218,1.5120,-0.1182,0.0758,2.999,good,0.051,5.71,0,0,0,0,12.76,2,0.0,,,
1217,1.5160,-0.1151,-0.1896,2.994,good,0.000,2.17,0,0,0,0,11.86,3,0.0,,,
1222,1.5160,-0.1193,0.1784,3.413,good,0.000,3.73,0,0,0,0,4.26,2,0.0,,,
1219,1.5200,-0.1153,0.1153,3.025,good,0.002,3.01,0,0,0,0,11.17,3,0.0,,,
1220,1.5200,-0.1122,0.1692,2.994,good,0.000,2.08,0,0,0,0,10.88,3,0.0,,,
1221,1.5200,-0.1113,-0.2068,2.931,good,0.006,4.02,0,0,0,0,12.09,3,0.0,,,
1224,1.5200,-0.1190,-0.1318,3.002,good,0.001,7.62,0,0,0,0,12.95,2,0.0,,,
1223,1.5240,-0.1128,-0.0253,2.996,insect,1.000,5.52,1,1,1,0,11.03,3,3.1,28,1221,1221
1225,1.5240,-0.1088,0.2037,2.909,good,0.000,2.93,0,0,0,0,11.76,3,0.0,,,
1226,1.5280,-0.1139,-0.0909,2.986,good,0.000,2.62,0,0,0,0,11.63,3,0.0,,,
1227,1.5280,-0.1151,0.1070,3.006,good,0.000,3.05,0,0,0,0,11.54,3,0.0,,,
1228,1.5320,-0.1149,0.0031,2.997,good,0.000,2.81,0,0,0,0,11.70,3,0.0,,,
1229,1.5320,-0.1090,0.1396,3.164,good,0.009,9.89,0,0,0,0,6.07,3,0.0,,,
1230,1.5320,-0.1102,0.1547,2.998,good,0.000,3.88,0,0,0,0,10.11,3,0.0,,,
1231,1.5320,-0.1097,-0.1432,3.004,good,0.292,3.38,0,0,0,0,9.79,3,0.0,,,
1232,1.5320,-0.1185,-0.1260,3.020,faded,0.999,4.71,1,1,1,0,12.36,2,3.2,15|16,1229,1229
1236,1.5360,-0.1189,0.0393,2.982,good,0.000,1.88,0,0,0,0,13.40,2,0.0,,,
1237,1.5360,-0.1181,0.2299,3.000,good,0.000,1.80,0,0,0,0,12.71,2,0.0,,,
1233,1.5400,-0.1136,0.0535,2.997,good,0.000,2.49,0,0,0,0,11.27,3,0.0,,,
1234,1.5400,-0.1130,-0.0741,2.728,good,0.000,3.91,0,0,0,0,18.11,3,0.0,,,
1235,1.5400,-0.1085,-0.1537,3.008,good,0.001,2.82,0,0,0,0,9.32,3,0.0,,,
1243,1.5400,-0.1183,0.1596,3.000,good,0.000,2.42,0,0,0,0,12.76,2,0.0,,,
1244,1.5400,-0.1165,-0.1392,3.065,sour,1.000,25.07,1,1,1,0,10.64,2,3.2,14|13,1227,1227
1238,1.5440,-0.1155,0.1950,3.011,good,0.000,2.74,0,0,0,0,11.56,3,0.0,,,
1239,1.5440,-0.1176,-0.2007,2.439,good,0.052,3.41,0,0,0,0,29.20,3,0.0,,,
1240,1.5440,-0.1146,-0.1092,2.982,good,0.001,9.13,0,0,0,0,11.97,3,0.0,,,
1241,1.5440,-0.1120,-0.0226,2.993,good,0.000,3.38,0,0,0,0,10.84,3,0.0,,,
1242,1.5440,-0.1091,-0.0576,3.066,good,0.000,4.24,0,0,0,0,8.20,3,0.0,,,
1245,1.5440,-0.1124,-0.0747,3.450,good,0.218,6.65,0,0,0,0,1.57,2,0.0,,,
1246,1.5440,-0.1167,0.1710,3.307,good,0.469,5.18,0,0,0,0,5.51,2,0.0,,,
1249,1.5440,-0.1187,-0.0802,3.000,good,0.000,3.32,0,0,0,0,12.90,1,0.0,,,
1250,1.5440,-0.1022,-0.0708,3.000,good,0.003,4.11,0,0,0,0,7.39,1,0.0,,,
1247,1.5520,-0.1125,0.1777,2.996,good,0.002,2.81,0,0,0,0,10.92,3,0.0,,,
1248,1.5520,-0.1121,0.0928,2.788,good,0.000,2.27,0,0,0,0,16.07,3,0.0,,,
1253,1.5520,-0.1165,-0.0934,3.052,good,0.000,3.04,0,0,0,0,10.94,2,0.0,,,
1251,1.5560,-0.1137,-0.0073,2.999,good,0.000,2.28,0,0,0,0,11.26,3,0.0,,,
1252,1.5560,-0.1143,-0.1999,2.839,good,0.000,1.87,0,0,0,0,15.48,3,0.0,,,
1258,1.5560,-0.1191,0.1009,2.940,good,0.003,2.08,0,0,0,0,14.54,2,0.0,,,
1259,1.5560,-0.1186,0.1707,3.000,good,0.006,1.62,0,0,0,0,12.87,2,0.0,,,
1254,1.5600,-0.1147,0.1853,3.009,good,0.000,2.91,0,0,0,0,11.36,3,0.0,,,
1255,1.5600,-0.1127,-0.0269,2.984,good,0.000,2.63,0,0,0,0,11.27,3,0.0,,,
1256,1.5600,-0.1129,0.0710,3.002,good,0.000,3.32,0,0,0,0,10.90,3,0.0,,,
1257,1.5600,-0.1080,-0.1284,3.009,good,0.012,2.24,0,0,0,0,9.11,3,0.0,,,
1261,1.5600,-0.1177,0.1533,3.000,good,0.001,8.02,0,0,0,0,12.59,2,0.0,,,
1262,1.5600,-0.1184,0.2159,2.999,good,0.000,2.66,0,0,0,0,12.83,2,0.0,,,
1263,1.5600,-0.1169,-0.1560,2.999,good,0.001,2.67,0,0,0,0,12.34,2,0.0,,,
1260,1.5640,-0.1163,-0.0205,3.003,good,0.000,3.60,0,0,0,0,12.03,3,0.0,,,
1264,1.5680,-0.1147,-0.1016,2.902,good,0.000,3.35,0,0,0,0,13.99,3,0.0,,,
1265,1.5680,-0.1104,0.1018,3.037,shell,0.995,5.60,1,1,1,0,9.26,3,2.4,45|44,1288,1288
1268,1.5680,-0.1194,0.1745,3.007,good,0.000,1.84,0,0,0,0,12.95,2,0.0,,,
1269,1.5680,-0.1186,0.2155,2.951,good,0.000,3.56,0,0,0,0,14.06,2,0.0,,,
1270,1.5680,-0.1159,0.0660,3.254,good,0.000,2.98,0,0,0,0,6.35,2,0.0,,,
1271,1.5680,-0.1167,0.0907,2.966,sour,1.000,11.02,1,1,1,0,13.07,2,3.2,43,1281,1281
1266,1.5720,-0.1131,-0.2183,2.997,good,0.000,3.09,0,0,0,0,11.11,3,0.0,,,
1267,1.5720,-0.1124,-0.0082,2.999,good,0.001,2.70,0,0,0,0,10.83,3,0.0,,,
1274,1.5720,-0.1191,-0.1892,3.003,good,0.000,5.97,0,0,0,0,12.98,2,0.0,,,
1272,1.5760,-0.1126,0.0001,2.985,good,0.000,2.48,0,0,0,0,11.23,3,0.0,,,
1273,1.5760,-0.1112,-0.0155,3.037,good,0.000,3.63,0,0,0,0,9.55,3,0.0,,,
1280,1.5760,-0.1177,-0.1041,2.992,good,0.006,3.44,0,0,0,0,12.77,2,0.0,,,
1275,1.5800,-0.1141,0.1609,2.998,good,0.001,1.91,0,0,0,0,11.42,3,0.0,,,
1276,1.5800,-0.1087,-0.1232,3.229,good,0.000,2.58,0,0,0,0,4.61,3,0.0,,,
1277,1.5800,-0.1200,0.0579,2.927,good,0.366,7.70,0,0,0,0,11.18,2,0.0,,,
1278,1.5800,-0.1090,0.1360,2.939,good,0.000,2.98,0,0,0,0,11.12,3,0.0,,,
1279,1.5800,-0.1124,0.0853,2.507,good,0.000,2.02,0,0,0,0,24.72,3,0.0,,,
1283,1.5800,-0.1190,-0.0136,3.008,good,0.003,2.71,0,0,0,0,12.81,2,0.0,,,
1284,1.5800,-0.1177,-0.1711,2.853,good,0.000,3.89,0,0,0,0,16.32,2,0.0,,,
1290,1.5800,-0.1084,0.0533,3.000,good,0.006,2.89,0,0,0,0,9.46,1,0.0,,,
1291,1.5800,-0.1083,0.0613,3.000,good,0.000,2.53,0,0,0,0,9.43,1,0.0,,,
1281,1.5840,-0.1158,0.0222,2.942,good,0.001,2.64,0,0,0,0,13.35,3,0.0,,,
1282,1.5840,-0.1112,-0.0679,3.014,good,0.000,4.03,0,0,0,0,10.08,3,0.0,,,
1288,1.5840,-0.1193,-0.1836,3.017,broken,0.531,2.97,1,1,1,0,12.69,2,2.4,8,1280,
1289,1.5840,-0.1199,-0.0249,2.999,good,0.000,2.58,0,0,0,0,13.31,2,0.0,,,
1285,1.5880,-0.1146,0.1840,3.010,insect,0.665,11.52,1,1,1,0,11.29,3,3.2,55,1283|1286,1283|1286
1286,1.5880,-0.1124,0.0377,2.994,good,0.000,3.08,0,0,0,0,10.93,3,0.0,,,
1287,1.5880,-0.1105,0.0940,2.999,good,0.008,2.86,0,0,0,0,10.20,3,0.0,,,
1293,1.5880,-0.1179,0.1215,2.999,good,0.000,2.13,0,0,0,0,12.66,2,0.0,,,
1292,1.5920,-0.1171,-0.1342,2.889,good,0.013,2.59,0,0,0,0,15.14,3,0.0,,,
1294,1.5960,-0.1113,-0.1242,3.188,sour,1.000,18.86,1,1,1,0,6.28,3,3.2,16|15,1303,1303
1295,1.5960,-0.1118,-0.0468,2.997,good,0.000,3.04,0,0,0,0,10.68,3,0.0,,,
1296,1.5960,-0.1109,0.1874,3.010,good,0.000,1.73,0,0,0,0,10.06,3,0.0,,,
1297,1.6000,-0.1138,0.0827,2.943,good,0.004,2.30,0,0,0,0,12.65,3,0.0,,,
1298,1.6000,-0.1130,0.1667,3.055,good,0.002,3.05,0,0,0,0,9.70,3,0.0,,,
1299,1.6000,-0.1114,0.2051,3.005,good,0.100,2.93,0,0,0,0,10.35,3,0.0,,,
1300,1.6000,-0.1092,0.0408,3.048,good,0.000,1.97,0,0,0,0,8.62,3,0.0,,,
1301,1.6000,-0.1081,0.1285,2.999,good,0.000,2.03,0,0,0,0,9.37,3,0.0,,,
1302,1.6040,-0.1119,-0.1029,2.997,good,0.015,3.34,0,0,0,0,10.70,3,0.0,,,
1303,1.6040,-0.1102,-0.2092,3.126,good,0.000,1.60,0,0,0,0,7.26,3,0.0,,,
1312,1.6040,-0.1021,0.0791,3.000,good,0.001,2.04,0,0,0,0,7.37,1,0.0,,,
1304,1.6080,-0.1155,0.1322,3.000,good,0.000,3.41,0,0,0,0,11.84,3,0.0,,,
1305,1.6080,-0.1142,-0.0641,2.984,good,0.011,2.13,0,0,0,0,11.78,3,0.0,,,
1306,1.6080,-0.1125,0.1705,2.998,good,0.018,2.72,0,0,0,0,10.87,3,0.0,,,
1311,1.6080,-0.1177,0.0589,3.011,good,0.000,2.42,0,0,0,0,12.33,2,0.0,,,
1307,1.6120,-0.1112,0.1673,3.005,good,0.001,2.59,0,0,0,0,10.28,3,0.0,,,
1308,1.6120,-0.1126,-0.0111,2.992,good,0.001,4.01,0,0,0,0,11.04,3,0.0,,,
1309,1.6120,-0.1119,-0.0244,3.005,good,0.000,2.86,0,0,0,0,10.53,3,0.0,,,
1310,1.6120,-0.1081,0.2073,2.999,good,0.000,2.53,0,0,0,0,9.41,3,0.0,,,
1316,1.6120,-0.1192,-0.2140,2.788,good,0.117,3.69,0,0,0,0,18.63,2,0.0,,,
1317,1.6120,-0.1156,0.1353,2.998,black,0.957,22.04,1,1,1,0,11.90,2,3.1,49,1307|1326,1307|1326
1313,1.6160,-0.1145,-0.0559,3.002,black,1.000,49.09,1,1,1,0,11.43,3,3.2,24|25,1304,1304
1314,1.6160,-0.1164,-0.1937,2.970,good,0.034,3.38,0,0,0,0,12.85,3,0.0,,,
1315,1.6160,-0.1120,0.0616,3.280,good,0.006,3.00,0,0,0,0,4.64,3,0.0,,,
1320,1.6160,-0.1168,0.1735,3.001,good,0.007,2.79,0,0,0,0,12.23,2,0.0,,,
1322,1.6160,-0.1081,-0.2177,3.000,good,0.134,3.61,0,0,0,0,9.36,1,0.0,,,
1318,1.6200,-0.1119,-0.0790,2.993,good,0.000,3.22,0,0,0,0,10.78,3,0.0,,,
1319,1.6200,-0.1090,-0.1141,3.002,good,0.001,2.86,0,0,0,0,9.62,3,0.0,,,
1321,1.6240,-0.1115,-0.0530,2.976,good,0.000,2.38,0,0,0,0,11.07,3,0.0,,,
1326,1.6240,-0.1197,0.0052,3.002,good,0.000,4.23,0,0,0,0,13.20,2,0.0,,,
1327,1.6240,-0.1171,0.0984,2.920,faded,1.000,4.72,1,1,1,0,14.34,2,3.2,44,1309,1309
1323,1.6280,-0.1154,0.1177,3.022,good,0.000,1.87,0,0,0,0,11.26,3,0.0,,,
1324,1.6280,-0.1149,0.0009,3.001,good,0.000,2.47,0,0,0,0,11.62,3,0.0,,,
1325,1.6280,-0.1104,0.1461,3.033,good,0.000,2.69,0,0,0,0,9.37,3,0.0,,,
1331,1.6280,-0.1191,-0.0877,3.009,black,1.000,50.29,1,1,1,0,12.82,2,3.2,20,1339,1339
1328,1.6320,-0.1149,0.0495,3.014,shell,1.000,10.73,1,1,1,0,11.29,3,2.4,38,1352,1352
1329,1.6320,-0.1092,0.0821,2.888,good,0.003,6.34,0,0,0,0,12.44,3,0.0,,,
1330,1.6320,-0.1120,-0.0281,2.621,good,0.006,2.50,0,0,0,0,20.88,3,0.0,,,
1332,1.6360,-0.1128,0.1988,2.991,good,0.000,2.53,0,0,0,0,11.15,3,0.0,,,
1333,1.6360,-0.1131,-0.0396,3.004,good,0.004,3.02,0,0,0,0,10.94,3,0.0,,,
1334,1.6360,-0.1107,0.0791,2.994,good,0.000,3.98,0,0,0,0,10.36,3,0.0,,,
1339,1.6360,-0.1193,0.1078,3.002,good,0.000,1.89,0,0,0,0,13.07,2,0.0,,,
1340,1.6360,-0.1298,-0.1633,3.000,good,0.000,8.17,0,0,0,0,12.59,1,0.0,,,
1341,1.6360,-0.1188,0.1921,3.115,good,0.000,1.88,0,0,0,0,10.26,2,0.0,,,
1342,1.6360,-0.1180,-0.1849,2.951,good,0.002,2.48,0,0,0,0,13.86,2,0.0,,,
1343,1.6360,-0.1190,0.1471,3.007,good,0.002,5.85,0,0,0,0,12.84,2,0.0,,,
1344,1.6360,-0.1171,-0.2019,3.008,good,0.012,2.60,0,0,0,0,12.18,2,0.0,,,
1349,1.6360,-0.1193,-0.1598,3.000,good,0.002,2.55,0,0,0,0,13.09,1,0.0,,,
1350,1.6360,-0.1154,-0.1683,3.000,husk,1.000,7.39,1,1,1,0,11.81,1,2.4,10,1358,
1335,1.6400,-0.1157,-0.1031,3.012,good,0.000,2.52,0,0,0,0,11.62,3,0.0,,,
1336,1.6400,-0.1116,0.1311,2.995,good,0.001,3.96,0,0,0,0,10.65,3,0.0,,,
1337,1.6400,-0.1100,-0.0178,2.963,sour,1.000,19.08,1,1,1,0,10.87,3,3.2,29,1343,1343
1338,1.6400,-0.1093,0.0479,2.996,good,0.000,2.52,0,0,0,0,9.86,3,0.0,,,
1348,1.6400,-0.1186,-0.1620,3.001,good,0.000,2.32,0,0,0,0,12.84,2,0.0,,,
1345,1.6440,-0.1120,-0.1343,2.999,good,0.000,2.04,0,0,0,0,10.69,3,0.0,,,
1346,1.6440,-0.1104,0.1299,3.022,good,0.000,3.05,0,0,0,0,9.61,3,0.0,,,
1347,1.6440,-0.1099,0.0354,2.998,good,0.000,2.80,0,0,0,0,10.01,3,0.0,,,
1353,1.6440,-0.1156,-0.2146,3.136,good,0.011,2.39,0,0,0,0,8.77,2,0.0,,,
1354,1.6440,-0.1162,-0.2059,3.022,good,0.000,2.44,0,0,0,0,11.54,2,0.0,,,
1351,1.6480,-0.1110,-0.2211,3.024,good,0.006,3.47,0,0,0,0,9.78,3,0.0,,,
1352,1.6480,-0.1083,-0.0537,3.014,faded,0.546,3.14,1,1,1,0,9.11,3,3.2,25|24,1359,1359
1355,1.6520,-0.1144,-0.0776,2.995,good,0.002,4.44,0,0,0,0,11.58,3,0.0,,,
1356,1.6520,-0.1111,0.0743,3.002,good,0.038,3.20,0,0,0,0,10.32,3,0.0,,,
1357,1.6560,-0.1087,0.0240,3.002,good,0.000,3.86,0,0,0,0,9.53,3,0.0,,,
1359,1.6560,-0.1177,0.1693,2.996,good,0.001,3.68,0,0,0,0,12.68,2,0.0,,,
1360,1.6560,-0.1159,0.2174,3.005,good,0.000,1.98,0,0,0,0,11.87,2,0.0,,,
1358,1.6600,-0.1100,-0.1864,3.000,faded,0.999,4.35,1,1,1,0,10.00,3,3.2,8|7,1345,1345
1365,1.6600,-0.1189,0.0201,2.970,good,0.001,2.58,0,0,0,0,13.71,2,0.0,,,
1361,1.6640,-0.1134,0.2390,3.011,good,0.004,5.31,0,0,0,0,10.87,3,0.0,,,
1362,1.6640,-0.1121,-0.0424,2.998,good,0.001,3.64,0,0,0,0,10.76,3,0.0,,,
1363,1.6640,-0.1124,0.1196,2.859,good,0.000,2.95,0,0,0,0,14.29,3,0.0,,,
1364,1.6640,-0.1096,0.0582,3.006,good,0.023,3.16,0,0,0,0,9.71,3,0.0,,,
1368,1.6640,-0.1165,0.0835,2.997,good,0.000,2.05,0,0,0,0,12.25,2,0.0,,,
1366,1.6680,-0.1160,-0.1074,2.999,good,0.001,1.96,0,0,0,0,12.02,3,0.0,,,
1367,1.6680,-0.1107,0.2230,2.999,good,0.000,2.80,0,0,0,0,10.27,3,0.0,,,
1369,1.6720,-0.1162,0.0399,3.004,faded,0.999,3.94,1,1,1,0,11.97,3,3.2,37|36,1382,1382
1370,1.6720,-0.1126,-0.2221,2.962,good,0.052,2.70,0,0,0,0,11.78,3,0.0,,,
1371,1.6720,-0.1112,0.0641,3.002,good,0.001,3.50,0,0,0,0,10.36,3,0.0,,,
1372,1.6720,-0.1111,0.1325,2.961,good,0.000,2.89,0,0,0,0,11.31,3,0.0,,,
1373,1.6760,-0.1163,0.1682,2.970,good,0.003,2.13,0,0,0,0,12.83,3,0.0,,,
1374,1.6760,-0.1132,-0.1162,2.956,good,0.000,2.14,0,0,0,0,12.13,3,0.0,,,
1379,1.6760,-0.1172,-0.0056,3.217,good,0.002,2.28,0,0,0,0,7.52,2,0.0,,,
1380,1.6760,-0.1158,-0.0644,3.014,good,0.000,2.03,0,0,0,0,11.59,2,0.0,,,
1375,1.6800,-0.1156,-0.0523,2.986,good,0.006,2.64,0,0,0,0,12.22,3,0.0,,,
1376,1.6800,-0.1106,0.1883,3.055,insect,1.000,4.76,1,1,1,0,8.93,3,3.1,56|55,1372,1372
1377,1.6800,-0.1100,-0.0456,2.988,good,0.001,3.56,0,0,0,0,10.28,3,0.0,,,
1378,1.6800,-0.1087,-0.1098,3.003,good,0.001,3.27,0,0,0,0,9.48,3,0.0,,,
1382,1.6800,-0.1175,-0.2124,2.982,black,1.000,52.33,1,1,1,0,12.93,2,3.2,4|5,1362,1362
1383,1.6800,-0.1175,0.1443,2.987,good,0.000,1.82,0,0,0,0,12.81,2,0.0,,,
1381,1.6840,-0.1095,0.0457,3.004,good,0.000,2.35,0,0,0,0,9.75,3,0.0,,,
1385,1.6840,-0.1197,-0.2107,3.011,good,0.000,2.63,0,0,0,0,12.98,2,0.0,,,
1384,1.6880,-0.1109,-0.0068,3.012,sour,1.000,12.71,1,1,1,0,10.01,3,3.2,31|30,1393,
1386,1.6920,-0.1144,0.0803,2.997,good,0.000,3.11,0,0,0,0,11.52,3,0.0,,,
1387,1.6920,-0.1102,0.0013,3.173,good,0.215,3.25,0,0,0,0,6.25,3,0.0,,,
1388,1.6920,-0.1119,0.1394,2.951,good,0.000,1.66,0,0,0,0,11.83,3,0.0,,,
1389,1.6920,-0.1089,-0.0336,3.074,good,0.000,3.96,0,0,0,0,7.95,3,0.0,,,
1393,1.6920,-0.1180,-0.1228,2.986,good,0.000,2.46,0,0,0,0,13.00,2,0.0,,,
1394,1.6920,-0.1171,0.0363,2.999,black,1.000,45.91,1,1,1,0,12.40,2,3.2,36,1375,1375
1395,1.6920,-0.1165,0.2150,3.002,good,0.000,1.98,0,0,0,0,12.13,2,0.0,,,
1390,1.6960,-0.1134,0.2242,3.067,good,0.000,2.41,0,0,0,0,9.57,3,0.0,,,
1391,1.6960,-0.1096,0.2028,3.005,good,0.000,2.77,0,0,0,0,9.73,3,0.0,,,
1392,1.6960,-0.1089,-0.2287,2.996,good,0.000,2.04,0,0,0,0,9.75,3,0.0,,,
1400,1.6960,-0.1185,0.0289,3.349,black,1.000,64.58,1,1,1,0,5.27,2,3.2,35,1398,
1396,1.7000,-0.1135,-0.2048,3.005,good,0.002,3.50,0,0,0,0,11.06,3,0.0,,,
1397,1.7000,-0.1125,-0.1590,2.980,good,0.000,2.55,0,0,0,0,11.32,3,0.0,,,
1398,1.7000,-0.1108,-0.0231,3.124,good,0.001,3.27,0,0,0,0,7.47,3,0.0,,,
1399,1.7000,-0.1120,-0.1278,2.770,good,0.000,4.08,0,0,0,0,16.55,3,0.0,,,
1404,1.7000,-0.1303,0.1090,3.000,faded,0.964,9.36,1,1,1,0,12.76,1,3.2,45|46,,
1409,1.7000,-0.1186,0.1141,3.000,good,0.000,3.32,0,0,0,0,12.88,1,0.0,,,
1410,1.7000,-0.1153,0.1046,3.000,faded,0.999,5.22,1,1,1,0,11.78,1,3.2,45,1399,
1401,1.7040,-0.1145,0.0981,2.997,good,0.001,2.54,0,0,0,0,11.60,3,0.0,,,
1402,1.7040,-0.1119,-0.2402,2.967,good,0.026,3.50,0,0,0,0,11.42,3,0.0,,,
1403,1.7040,-0.1087,0.0915,2.962,good,0.000,2.05,0,0,0,0,10.47,3,0.0,,,
1405,1.7080,-0.1278,0.0523,3.059,good,0.001,4.16,0,0,0,0,10.45,2,0.0,,,
1406,1.7080,-0.1137,0.0433,2.915,good,0.023,11.03,0,0,0,0,13.31,3,0.0,,,
1407,1.7080,-0.1132,-0.1533,2.996,good,0.000,1.92,0,0,0,0,11.15,3,0.0,,,
1408,1.7080,-0.1123,-0.1311,2.998,good,0.000,2.63,0,0,0,0,10.83,3,0.0,,,
1411,1.7120,-0.1161,0.1511,2.995,good,0.001,4.00,0,0,0,0,12.14,3,0.0,,,
1412,1.7120,-0.1120,-0.0109,3.159,good,0.000,2.93,0,0,0,0,7.09,3,0.0,,,
1413,1.7120,-0.1101,0.1427,3.013,faded,1.000,5.90,1,1,1,0,9.75,3,3.2,50,1419,
1414,1.7160,-0.1131,-0.0311,2.692,good,0.000,2.98,0,0,0,0,19.18,3,0.0,,,
1415,1.7160,-0.1094,0.0837,2.980,good,0.000,3.59,0,0,0,0,10.27,3,0.0,,,
1416,1.7200,-0.1115,-0.1087,3.059,good,0.001,1.84,0,0,0,0,9.16,3,0.0,,,
1417,1.7200,-0.1089,-0.1637,2.989,good,0.000,3.06,0,0,0,0,9.89,3,0.0,,,
1422,1.7200,-0.1193,0.0431,3.046,good,0.000,2.75,0,0,0,0,11.99,2,0.0,,,
1423,1.7200,-0.1166,-0.0780,3.103,good,0.001,3.45,0,0,0,0,9.79,2,0.0,,,
1418,1.7240,-0.1381,-0.1935,3.000,good,0.024,6.09,0,0,0,0,11.36,1,0.0,,,
1419,1.7240,-0.1145,0.1282,3.005,good,0.000,2.19,0,0,0,0,11.38,3,0.0,,,
1420,1.7240,-0.1139,0.1666,2.981,good,0.001,2.81,0,0,0,0,11.75,3,0.0,,,
1421,1.7240,-0.1138,-0.0456,2.998,black,1.000,46.68,1,1,1,0,11.32,3,3.2,26|25,1411,1411
1425,1.7240,-0.1278,-0.1965,3.000,good,0.022,6.00,0,0,0,0,11.93,1,0.0,,,
1431,1.7240,-0.1175,-0.1995,3.000,good,0.026,5.95,0,0,0,0,12.49,1,0.0,,,
1424,1.7280,-0.1099,-0.0920,2.899,good,0.001,2.48,0,0,0,0,12.40,3,0.0,,,
1429,1.7280,-0.1187,-0.0052,3.016,good,0.016,8.80,0,0,0,0,12.52,2,0.0,,,
1430,1.7280,-0.1162,-0.1808,3.011,good,0.000,1.47,0,0,0,0,11.80,2,0.0,,,
1438,1.7280,-0.1072,-0.2026,3.000,good,0.027,5.93,0,0,0,0,9.06,1,0.0,,,
1426,1.7320,-0.1148,0.1646,2.998,good,0.000,4.38,0,0,0,0,11.65,3,0.0,,,
1427,1.7320,-0.1134,0.1890,3.041,good,0.008,2.42,0,0,0,0,10.18,3,0.0,,,
1428,1.7320,-0.1339,0.0977,3.000,husk,1.000,10.87,1,1,1,0,9.97,1,2.4,44,,
1434,1.7320,-0.1189,-0.0091,2.996,good,0.000,1.90,0,0,0,0,13.05,2,0.0,,,
1435,1.7320,-0.1198,0.1451,2.675,good,0.000,2.00,0,0,0,0,22.16,2,0.0,,,
1436,1.7320,-0.1175,0.0116,3.012,good,0.002,2.78,0,0,0,0,12.19,2,0.0,,,
1437,1.7320,-0.1208,0.0936,3.000,husk,1.000,10.57,1,1,1,0,9.60,1,2.4,43|44,1428,
1442,1.7320,-0.1077,0.0895,3.000,husk,1.000,11.08,1,1,1,0,9.23,1,2.4,43,1455,
1432,1.7360,-0.1117,0.0951,3.005,broken,0.889,2.21,1,1,1,0,10.44,3,2.4,44|43,1428,1428
1433,1.7360,-0.1065,-0.0206,3.450,good,0.001,2.55,0,0,0,0,-0.15,3,0.0,,,
1439,1.7400,-0.1155,-0.1264,2.998,good,0.000,4.86,0,0,0,0,11.86,3,0.0,,,
1440,1.7400,-0.1147,-0.0627,2.982,good,0.000,1.96,0,0,0,0,11.99,3,0.0,,,
1441,1.7400,-0.1082,0.1825,2.998,good,0.004,2.77,0,0,0,0,9.43,3,0.0,,,
1449,1.7400,-0.1165,0.1390,3.200,good,0.000,2.56,0,0,0,0,7.64,2,0.0,,,
1443,1.7440,-0.1154,0.1351,2.995,good,0.391,2.62,0,0,0,0,11.92,3,0.0,,,
1444,1.7440,-0.1134,0.0940,3.302,good,0.002,3.03,0,0,0,0,4.63,3,0.0,,,
1445,1.7440,-0.1161,0.1937,3.003,good,0.001,4.21,0,0,0,0,11.95,3,0.0,,,
1446,1.7440,-0.1155,-0.1848,2.940,good,0.000,2.44,0,0,0,0,13.28,3,0.0,,,
1447,1.7440,-0.1131,-0.0762,2.999,good,0.000,2.14,0,0,0,0,11.06,3,0.0,,,
1448,1.7440,-0.1114,0.1802,2.920,good,0.000,2.35,0,0,0,0,12.40,3,0.0,,,
1453,1.7480,-0.1157,-0.1399,3.160,good,0.000,2.23,0,0,0,0,8.26,2,0.0,,,
1450,1.7520,-0.1148,-0.1968,2.997,good,0.003,9.68,0,0,0,0,11.66,3,0.0,,,
1451,1.7520,-0.1257,0.1735,3.040,good,0.005,3.08,0,0,0,0,10.25,2,0.0,,,
1452,1.7520,-0.1074,0.0792,3.450,good,0.001,5.33,0,0,0,0,0.11,3,0.0,,,
1455,1.7520,-0.1197,0.0967,3.358,good,0.101,3.89,0,0,0,0,5.43,2,0.0,,,
1456,1.7520,-0.1167,-0.1167,3.165,good,0.000,3.46,0,0,0,0,8.46,2,0.0,,,
1460,1.7520,-0.1135,0.1702,3.000,good,0.000,3.33,0,0,0,0,11.17,1,0.0,,,
1454,1.7560,-0.1154,-0.0386,3.017,good,0.000,3.90,0,0,0,0,11.39,3,0.0,,,
1458,1.7560,-0.1185,-0.1400,2.919,good,0.000,2.71,0,0,0,0,14.86,2,0.0,,,
1459,1.7560,-0.1165,0.0582,2.996,good,0.003,16.05,0,0,0,0,12.25,2,0.0,,,
1457,1.7600,-0.1115,-0.0162,3.004,good,0.001,3.73,0,0,0,0,10.40,3,0.0,,,
1464,1.7600,-0.1179,0.0435,3.389,good,0.017,4.58,0,0,0,0,4.29,2,0.0,,,
1461,1.7640,-0.1160,0.1465,2.985,good,0.000,2.88,0,0,0,0,12.35,3,0.0,,,
1462,1.7640,-0.1106,-0.0885,3.110,black,1.000,48.99,1,1,1,0,7.73,3,3.2,20,1460,
1463,1.7640,-0.1105,-0.0309,3.000,good,0.002,2.87,0,0,0,0,10.16,3,0.0,,,
1466,1.7640,-0.1189,-0.1705,2.995,good,0.000,3.45,0,0,0,0,13.09,2,0.0,,,
1468,1.7640,-0.1185,-0.0786,2.838,faded,0.984,4.58,1,1,1,0,16.99,2,3.2,21|22,1461,
1472,1.7640,-0.1043,0.0474,3.000,good,0.008,4.56,0,0,0,0,8.11,1,0.0,,,
1465,1.7680,-0.1102,0.1848,3.114,good,0.000,2.30,0,0,0,0,7.51,3,0.0,,,
1467,1.7680,-0.1081,-0.2009,2.988,good,0.002,3.01,0,0,0,0,9.62,3,0.0,,,
1469,1.7720,-0.1181,-0.0117,2.591,good,0.002,2.41,0,0,0,0,24.19,3,0.0,,,
1470,1.7720,-0.1139,-0.2303,3.011,good,0.004,2.61,0,0,0,0,11.04,3,0.0,,,
1471,1.7720,-0.1128,0.1080,2.941,good,0.023,2.96,0,0,0,0,12.33,3,0.0,,,
1473,1.7760,-0.1146,0.0865,2.995,good,0.000,2.21,0,0,0,0,11.65,3,0.0,,,
1474,1.7760,-0.1142,-0.1213,2.986,black,1.000,48.97,1,1,1,0,11.76,3,3.2,16,1474,1474
1475,1.7760,-0.1114,0.0187,3.188,sour,1.000,16.09,1,1,1,0,6.33,3,3.2,34,1486,1486
1476,1.7760,-0.1087,0.0610,3.032,good,0.000,2.34,0,0,0,0,8.83,3,0.0,,,
1483,1.7760,-0.1195,0.0444,2.829,good,0.001,2.39,0,0,0,0,17.57,2,0.0,,,
1484,1.7760,-0.1150,0.0648,3.352,good,0.014,3.22,0,0,0,0,4.14,2,0.0,,,
1477,1.7800,-0.1116,-0.2300,2.991,good,0.126,4.41,0,0,0,0,10.74,3,0.0,,,
1478,1.7800,-0.1098,-0.0281,3.036,good,0.002,2.24,0,0,0,0,9.12,3,0.0,,,
1479,1.7800,-0.1144,0.1410,2.610,good,0.000,1.45,0,0,0,0,22.14,3,0.0,,,
1480,1.7800,-0.1101,-0.1310,2.985,good,0.000,2.04,0,0,0,0,10.39,3,0.0,,,
1481,1.7800,-0.1091,-0.2445,3.052,good,0.248,2.96,0,0,0,0,8.52,3,0.0,,,
1482,1.7800,-0.1092,-0.0421,3.008,good,0.000,2.84,0,0,0,0,9.54,3,0.0,,,
1485,1.7840,-0.1146,0.1282,2.979,good,0.000,2.33,0,0,0,0,12.02,3,0.0,,,
1486,1.7840,-0.1111,-0.1663,2.982,good,0.023,2.52,0,0,0,0,10.79,3,0.0,,,
1487,1.7840,-0.1088,0.0908,2.991,good,0.000,5.73,0,0,0,0,9.82,3,0.0,,,
1490,1.7840,-0.1197,-0.1903,3.011,good,0.001,2.65,0,0,0,0,12.98,2,0.0,,,
1488,1.7880,-0.1148,-0.0083,3.003,good,0.011,2.97,0,0,0,0,11.54,3,0.0,,,
1489,1.7880,-0.1095,-0.0774,3.021,insect,1.000,3.36,1,1,1,0,9.34,3,3.1,22|21,1493,1493
1496,1.7880,-0.1172,-0.1419,3.003,good,0.000,2.86,0,0,0,0,12.33,2,0.0,,,
1491,1.7920,-0.1134,0.1400,3.134,good,0.000,3.34,0,0,0,0,8.07,3,0.0,,,
1492,1.7920,-0.1149,0.1506,3.009,good,0.000,1.71,0,0,0,0,11.42,3,0.0,,,
1493,1.7920,-0.1131,0.2352,3.009,good,0.000,1.86,0,0,0,0,10.82,3,0.0,,,
1494,1.7920,-0.1127,-0.1288,2.693,good,0.000,2.76,0,0,0,0,18.96,3,0.0,,,
1495,1.7920,-0.1096,0.0251,2.855,good,0.001,2.38,0,0,0,0,13.40,3,0.0,,,
1497,1.7960,-0.1150,-0.2272,2.989,good,0.011,3.10,0,0,0,0,11.94,3,0.0,,,
1498,1.7960,-0.1103,0.1031,3.001,good,0.000,2.37,0,0,0,0,10.07,3,0.0,,,
1501,1.7960,-0.1188,0.0260,3.032,good,0.108,4.00,0,0,0,0,12.16,2,0.0,,,
1508,1.7960,-0.1017,0.1468,3.000,good,0.006,5.80,0,0,0,0,7.24,1,0.0,,,
1499,1.8000,-0.1125,-0.0147,3.000,good,0.000,5.12,0,0,0,0,10.85,3,0.0,,,
1500,1.8000,-0.1122,-0.1346,2.946,insect,1.000,3.70,1,1,1,0,12.03,3,3.1,14,1522,1522
1507,1.8000,-0.1159,0.1150,3.029,good,0.000,1.69,0,0,0,0,11.28,2,0.0,,,
1502,1.8040,-0.1160,-0.0586,2.919,faded,0.966,3.67,1,1,1,0,14.00,3,3.2,24,1503,1503
1503,1.8040,-0.1135,-0.0726,2.994,good,0.001,1.87,0,0,0,0,11.33,3,0.0,,,
1504,1.8040,-0.1125,-0.0974,2.999,good,0.000,3.25,0,0,0,0,10.87,3,0.0,,,
1505,1.8040,-0.1330,-0.2440,3.000,good,0.063,2.44,0,0,0,0,9.66,1,0.0,,,
1506,1.8040,-0.1107,0.0278,3.001,good,0.397,4.22,0,0,0,0,10.21,3,0.0,,,
1511,1.8040,-0.1172,0.0138,3.017,broken,0.987,2.43,1,1,1,0,11.98,2,2.4,33,1504,1504
1509,1.8080,-0.1115,0.2164,2.989,good,0.003,9.49,0,0,0,0,10.76,3,0.0,,,
1510,1.8080,-0.1113,-0.1939,2.905,good,0.000,2.04,0,0,0,0,12.73,3,0.0,,,
1515,1.8080,-0.1185,-0.1064,3.002,good,0.002,1.99,0,0,0,0,12.78,2,0.0,,,
1512,1.8120,-0.1156,-0.0530,3.004,good,0.000,2.33,0,0,0,0,11.75,3,0.0,,,
1513,1.8120,-0.1136,-0.2350,2.976,sour,1.000,16.95,1,1,1,0,11.78,3,3.2,1|2,1515,
1514,1.8120,-0.1164,-0.1487,2.633,good,0.007,4.87,0,0,0,0,22.21,3,0.0,,,
1519,1.8120,-0.1176,0.2341,2.999,good,0.008,3.33,0,0,0,0,12.54,2,0.0,,,
1516,1.8160,-0.1159,-0.1215,2.998,good,0.003,2.70,0,0,0,0,12.02,3,0.0,,,
1517,1.8160,-0.1148,-0.0732,3.004,good,0.000,2.49,0,0,0,0,11.50,3,0.0,,,
1518,1.8160,-0.1126,0.1228,3.068,good,0.001,2.13,0,0,0,0,9.29,3,0.0,,,
1527,1.8160,-0.1059,-0.1517,3.000,good,0.033,4.95,0,0,0,0,8.63,1,0.0,,,
1520,1.8200,-0.1128,-0.0670,3.000,good,0.000,2.63,0,0,0,0,10.92,3,0.0,,,
1521,1.8200,-0.1070,-0.2274,3.011,good,0.002,5.33,0,0,0,0,8.74,3,0.0,,,
1525,1.8200,-0.1200,0.0549,2.998,faded,0.967,3.41,1,1,1,0,13.38,2,3.2,39|38,1508,1508
1526,1.8200,-0.1178,-0.1736,3.022,good,0.021,5.51,0,0,0,0,12.06,2,0.0,,,
1533,1.8200,-0.1133,-0.2206,3.000,good,0.000,1.81,0,0,0,0,11.11,1,0.0,,,
1522,1.8240,-0.1271,0.2340,2.558,good,0.000,1.57,0,0,0,0,24.76,2,0.0,,,
1523,1.8240,-0.1389,-0.0363,3.000,good,0.009,12.20,0,0,0,0,11.62,1,0.0,,,
1524,1.8240,-0.1105,0.0220,2.998,good,0.000,2.76,0,0,0,0,10.23,3,0.0,,,
1532,1.8240,-0.1156,-0.0599,3.001,good,0.000,2.26,0,0,0,0,11.82,2,0.0,,,
1535,1.8240,-0.1168,0.2385,3.000,good,0.000,1.56,0,0,0,0,12.27,1,0.0,,,
1528,1.8280,-0.1130,0.0853,3.098,good,0.000,2.36,0,0,0,0,8.76,3,0.0,,,
1529,1.8280,-0.1103,0.1062,3.006,good,0.000,2.89,0,0,0,0,9.96,3,0.0,,,
1530,1.8280,-0.1091,-0.0109,3.054,good,0.012,3.35,0,0,0,0,8.47,3,0.0,,,
1531,1.8280,-0.1089,0.0063,3.035,good,0.226,3.42,0,0,0,0,8.85,3,0.0,,,
1534,1.8320,-0.1153,-0.2116,2.987,insect,1.000,5.09,1,1,1,0,12.09,3,3.1,4|5,1527,
1537,1.8320,-0.1181,-0.0052,2.992,good,0.000,3.07,0,0,0,0,12.89,2,0.0,,,
1538,1.8320,-0.1171,0.1807,2.999,broken,0.793,4.45,1,1,1,0,12.38,2,2.4,55|54,1547,1547
1536,1.8360,-0.1093,0.1411,3.008,good,0.001,7.58,0,0,0,0,9.59,3,0.0,,,
1539,1.8400,-0.1140,-0.0224,2.997,good,0.001,2.49,0,0,0,0,11.39,3,0.0,,,
1540,1.8400,-0.1089,-0.1450,3.010,faded,1.000,5.44,1,1,1,0,9.42,3,3.2,13,1524,1524
1541,1.8400,-0.1092,0.1750,3.001,good,0.001,1.95,0,0,0,0,9.71,3,0.0,,,
1543,1.8400,-0.1195,0.1787,3.006,good,0.000,5.17,0,0,0,0,13.02,2,0.0,,,
1544,1.8400,-0.1181,-0.1538,2.855,good,0.010,2.82,0,0,0,0,16.40,2,0.0,,,
1542,1.8440,-0.1096,0.1875,3.191,good,0.032,5.02,0,0,0,0,5.69,3,0.0,,,
1548,1.8440,-0.1197,0.1661,3.036,black,1.000,51.07,1,1,1,0,12.37,2,3.2,53,1535,
1549,1.8440,-0.1194,0.0649,3.014,good,0.000,2.16,0,0,0,0,12.80,2,0.0,,,
1545,1.8480,-0.1154,-0.1766,3.002,good,0.000,2.64,0,0,0,0,11.76,3,0.0,,,
1546,1.8480,-0.1115,0.2113,2.863,good,0.101,10.41,0,0,0,0,13.86,3,0.0,,,
1547,1.8480,-0.1115,0.0233,2.997,good,0.000,2.45,0,0,0,0,10.57,3,0.0,,,
1550,1.8480,-0.1178,0.1173,3.037,good,0.003,2.39,0,0,0,0,11.74,2,0.0,,,
1558,1.8480,-0.1017,0.2070,3.000,good,0.095,3.61,0,0,0,0,7.23,1,0.0,,,
1553,1.8520,-0.1189,-0.1541,3.171,good,0.000,2.82,0,0,0,0,9.03,2,0.0,,,
1554,1.8520,-0.1192,0.1240,2.999,good,0.339,3.41,0,0,0,0,13.08,2,0.0,,,
1555,1.8520,-0.1183,-0.1653,3.003,sour,1.000,18.03,1,1,1,0,12.69,2,3.2,10|11,1570,1570
1556,1.8520,-0.1170,-0.1120,2.999,good,0.000,3.05,0,0,0,0,12.35,2,0.0,,,
1557,1.8520,-0.1171,0.1555,3.000,good,0.001,5.20,0,0,0,0,12.35,2,0.0,,,
1561,1.8520,-0.1057,0.1216,3.000,good,0.003,2.36,0,0,0,0,8.56,1,0.0,,,
1551,1.8560,-0.1136,-0.1966,2.826,faded,0.999,4.83,1,1,1,0,15.59,3,3.2,6|7,1545,1545
1552,1.8560,-0.1099,-0.0779,3.006,good,0.000,3.69,0,0,0,0,9.84,3,0.0,,,
1560,1.8560,-0.1175,0.0160,2.994,good,0.000,4.71,0,0,0,0,12.64,2,0.0,,,
1559,1.8600,-0.1100,0.1661,2.978,good,0.000,1.73,0,0,0,0,10.49,3,0.0,,,
1565,1.8600,-0.1186,-0.1501,3.311,good,0.000,4.71,0,0,0,0,6.01,2,0.0,,,
1562,1.8640,-0.1100,0.1525,3.007,good,0.000,2.64,0,0,0,0,9.84,3,0.0,,,
1563,1.8640,-0.1048,-0.0114,3.450,good,0.001,2.91,0,0,0,0,-0.63,3,0.0,,,
1564,1.8640,-0.1221,-0.2352,2.483,good,0.001,3.10,0,0,0,0,25.45,2,0.0,,,
1567,1.8640,-0.1196,0.1837,3.016,good,0.001,2.54,0,0,0,0,12.82,2,0.0,,,
1568,1.8640,-0.1170,-0.0853,3.031,good,0.001,4.46,0,0,0,0,11.59,2,0.0,,,
1569,1.8640,-0.1181,0.0927,3.015,good,0.002,3.82,0,0,0,0,12.35,2,0.0,,,
1575,1.8640,-0.1122,-0.2323,3.000,good,0.001,3.13,0,0,0,0,10.74,1,0.0,,,
1566,1.8680,-0.1234,0.2161,3.450,good,0.008,5.15,0,0,0,0,0.76,2,0.0,,,
1574,1.8680,-0.1156,-0.2206,2.996,good,0.000,1.86,0,0,0,0,11.95,2,0.0,,,
1580,1.8680,-0.1088,0.2203,3.000,good,0.002,5.21,0,0,0,0,9.60,1,0.0,,,
1570,1.8720,-0.1149,0.1066,3.000,good,0.000,2.30,0,0,0,0,11.66,3,0.0,,,
1571,1.8720,-0.1119,-0.2432,3.011,good,0.000,2.12,0,0,0,0,10.37,3,0.0,,,
1572,1.8720,-0.1229,-0.0656,3.041,good,0.010,2.95,0,0,0,0,9.30,2,0.0,,,
1573,1.8720,-0.1082,0.0812,2.996,good,0.068,3.53,0,0,0,0,9.50,3,0.0,,,
1578,1.8720,-0.1183,-0.0062,2.982,good,0.000,2.55,0,0,0,0,13.20,2,0.0,,,
1579,1.8720,-0.1170,-0.1603,3.189,insect,1.000,7.79,1,1,1,0,8.05,2,3.1,11,1597,1597
1584,1.8720,-0.1107,-0.0625,3.000,good,0.012,2.94,0,0,0,0,10.23,1,0.0,,,
1576,1.8760,-0.1157,0.0671,2.988,good,0.000,2.76,0,0,0,0,12.20,3,0.0,,,
1577,1.8760,-0.1122,-0.0341,3.136,good,0.000,3.43,0,0,0,0,7.66,3,0.0,,,
1582,1.8760,-0.1198,-0.0492,3.000,good,0.000,7.01,0,0,0,0,13.28,2,0.0,,,
1583,1.8760,-0.1172,-0.1357,3.302,good,0.000,2.23,0,0,0,0,5.78,2,0.0,,,
1581,1.8800,-0.1106,0.1219,2.967,black,1.000,51.07,1,1,1,0,10.96,3,3.2,47,1580,1580
1587,1.8800,-0.1173,0.0224,3.001,good,0.000,2.70,0,0,0,0,12.40,2,0.0,,,
1592,1.8800,-0.1040,-0.1391,3.000,good,0.000,2.01,0,0,0,0,8.00,1,0.0,,,
1585,1.8840,-0.1100,0.2220,3.020,broken,0.917,5.77,1,1,1,0,9.54,3,2.4,60,1579,1579
1586,1.8840,-0.1116,0.0554,2.910,good,0.000,2.72,0,0,0,0,12.69,3,0.0,,,
1591,1.8840,-0.1164,0.2330,3.008,good,0.001,4.58,0,0,0,0,11.95,2,0.0,,,
1588,1.8880,-0.1160,-0.0267,2.991,good,0.000,3.23,0,0,0,0,12.20,3,0.0,,,
1589,1.8880,-0.1383,-0.1838,3.000,good,0.001,2.88,0,0,0,0,11.42,1,0.0,,,
1590,1.8880,-0.1114,-0.1996,2.512,good,0.001,2.98,0,0,0,0,24.18,3,0.0,,,
1595,1.8880,-0.1191,-0.2115,3.006,insect,1.000,4.10,1,1,1,0,12.90,2,3.1,4|5,1586,
1597,1.8880,-0.1192,0.1830,3.001,good,0.000,2.36,0,0,0,0,13.05,2,0.0,,,
1598,1.8880,-0.1187,-0.0903,3.002,good,0.000,1.73,0,0,0,0,12.85,2,0.0,,,
1599,1.8880,-0.1285,-0.1874,3.000,good,0.001,2.82,0,0,0,0,12.15,1,0.0,,,
1604,1.8880,-0.1186,-0.1910,3.000,good,0.001,2.90,0,0,0,0,12.88,1,0.0,,,
1593,1.8920,-0.1124,-0.1916,3.339,good,0.002,6.44,0,0,0,0,3.63,3,0.0,,,
1594,1.8920,-0.1132,0.0633,2.591,good,0.000,8.23,0,0,0,0,22.27,3,0.0,,,
1596,1.8920,-0.1084,-0.0136,3.015,good,0.000,3.50,0,0,0,0,9.12,3,0.0,,,
1602,1.8920,-0.1165,-0.2098,3.001,good,0.017,2.22,0,0,0,0,12.17,2,0.0,,,
1603,1.8920,-0.1150,-0.1438,3.409,good,0.072,5.15,0,0,0,0,3.07,2,0.0,,,
1600,1.8960,-0.1155,0.1534,3.012,good,0.006,3.79,0,0,0,0,11.54,3,0.0,,,
1601,1.8960,-0.1137,0.1864,2.869,good,0.068,4.89,0,0,0,0,14.50,3,0.0,,,
1609,1.8960,-0.1014,-0.1394,3.000,good,0.002,5.02,0,0,0,0,7.12,1,0.0,,,
1605,1.9000,-0.1140,0.1180,2.949,sour,1.000,16.45,1,1,1,0,12.56,3,3.2,47|46,1592,1592
1606,1.9000,-0.1084,0.1728,2.985,good,0.020,2.08,0,0,0,0,9.82,3,0.0,,,
1608,1.9000,-0.1200,-0.1466,2.965,good,0.001,1.76,0,0,0,0,14.18,2,0.0,,,
1607,1.9040,-0.1141,0.1529,2.933,good,0.001,29.59,1,1,1,0,13.01,3,9.0,51|52|50,1602,1602
1610,1.9080,-0.1176,0.0007,2.662,good,0.006,2.72,0,0,0,0,21.77,3,0.0,,,
1611,1.9080,-0.1146,0.2313,2.752,good,0.000,2.46,0,0,0,0,17.98,3,0.0,,,
1615,1.9080,-0.1189,0.0184,3.000,good,0.001,3.69,0,0,0,0,12.95,2,0.0,,,
1612,1.9120,-0.1105,-0.0319,2.998,good,0.001,1.52,0,0,0,0,10.21,3,0.0,,,
1613,1.9120,-0.1142,-0.1518,2.548,good,0.003,2.62,0,0,0,0,24.04,3,0.0,,,
1614,1.9120,-0.1086,-0.2181,2.969,good,0.000,4.26,0,0,0,0,10.25,3,0.0,,,
1616,1.9120,-0.1201,-0.1110,2.803,good,0.257,12.63,0,0,0,0,14.51,2,0.0,,,
1621,1.9120,-0.1168,-0.0009,3.230,good,0.000,4.54,0,0,0,0,7.10,2,0.0,,,
1622,1.9120,-0.1169,0.1233,3.160,good,0.005,2.45,0,0,0,0,8.64,2,0.0,,,
1623,1.9120,-0.1153,0.2163,3.007,insect,1.000,4.86,1,1,1,0,11.60,2,3.1,59,1600,1600
1628,1.9120,-0.1089,-0.1077,3.000,good,0.367,12.56,0,0,0,0,9.62,1,0.0,,,
1617,1.9160,-0.1134,-0.1536,2.961,good,0.058,4.81,0,0,0,0,12.08,3,0.0,,,
1618,1.9160,-0.1141,0.1502,2.996,good,0.000,3.06,0,0,0,0,11.47,3,0.0,,,
1619,1.9160,-0.1126,-0.0150,3.001,good,0.000,2.26,0,0,0,0,10.85,3,0.0,,,
1620,1.9160,-0.1083,0.2375,2.996,good,0.001,2.92,0,0,0,0,9.52,3,0.0,,,
1627,1.9160,-0.1190,0.0838,2.993,good,0.000,2.40,0,0,0,0,13.15,2,0.0,,,
1624,1.9200,-0.1144,-0.0092,3.000,good,0.002,6.75,0,0,0,0,11.47,3,0.0,,,
1625,1.9200,-0.1133,-0.1878,3.022,good,0.009,2.26,0,0,0,0,10.56,3,0.0,,,
1626,1.9200,-0.1114,-0.1500,3.028,good,0.004,2.17,0,0,0,0,9.81,3,0.0,,,
1629,1.9200,-0.1194,0.2156,3.125,good,0.037,3.48,0,0,0,0,10.20,2,0.0,,,
1630,1.9200,-0.1194,0.1142,3.123,broken,0.530,6.88,1,1,1,0,10.24,2,2.4,46,1624,
1631,1.9200,-0.1183,0.0850,3.420,good,0.001,3.33,0,0,0,0,3.84,2,0.0,,,
1635,1.9240,-0.1167,-0.1158,3.035,good,0.062,4.85,0,0,0,0,11.40,2,0.0,,,
1636,1.9240,-0.1167,-0.0400,3.003,good,0.000,2.47,0,0,0,0,12.17,2,0.0,,,
1632,1.9280,-0.1151,-0.1423,3.001,good,0.001,3.26,0,0,0,0,11.69,3,0.0,,,
1633,1.9280,-0.1123,0.1357,2.991,good,0.000,2.57,0,0,0,0,10.96,3,0.0,,,
1634,1.9280,-0.1127,-0.0938,2.996,good,0.001,3.16,0,0,0,0,11.00,3,0.0,,,
1638,1.9280,-0.1194,0.0503,3.450,sour,1.000,15.89,1,1,1,0,3.61,2,3.2,38,1631,
1640,1.9280,-0.1182,0.1721,3.048,good,0.000,1.97,0,0,0,0,11.60,2,0.0,,,
1641,1.9280,-0.1178,0.0129,2.994,good,0.001,2.03,0,0,0,0,12.75,2,0.0,,,
1642,1.9280,-0.1173,0.1556,3.057,stone,0.843,29.14,1,1,1,0,11.07,2,8.2,51|52|50,1623,1623
1637,1.9320,-0.1096,0.2258,3.264,shell,0.997,7.80,1,1,1,0,4.21,3,2.4,60|61,1634,
1639,1.9320,-0.1107,-0.2346,2.765,good,0.091,4.51,0,0,0,0,16.19,3,0.0,,,
1643,1.9320,-0.1150,0.1932,3.147,good,0.000,2.50,0,0,0,0,8.33,2,0.0,,,
1646,1.9360,-0.1181,-0.1177,3.059,good,0.002,2.70,0,0,0,0,11.29,2,0.0,,,
1644,1.9400,-0.1111,-0.0775,2.986,good,0.000,2.33,0,0,0,0,10.70,3,0.0,,,
1645,1.9400,-0.1080,-0.1427,3.004,good,0.000,6.05,0,0,0,0,9.24,3,0.0,,,
1648,1.9400,-0.1174,0.0191,2.994,broken,0.966,3.06,1,1,1,0,12.60,2,2.4,34,1642,1642
1647,1.9440,-0.1139,0.0295,2.996,faded,0.991,8.11,1,1,1,0,11.39,3,3.2,35,1652,1652
1650,1.9440,-0.1165,-0.1337,3.002,good,0.000,2.05,0,0,0,0,12.12,2,0.0,,,
1649,1.9480,-0.1087,-0.1932,3.098,good,0.000,2.83,0,0,0,0,7.36,3,0.0,,,
1651,1.9520,-0.1106,-0.1090,3.006,good,0.002,6.30,0,0,0,0,10.06,3,0.0,,,
1652,1.9520,-0.1133,-0.0086,3.067,good,0.000,2.31,0,0,0,0,9.55,3,0.0,,,
1655,1.9520,-0.1185,0.2269,3.023,good,0.002,3.38,0,0,0,0,12.27,2,0.0,,,
1653,1.9560,-0.1111,0.1922,3.007,good,0.000,2.55,0,0,0,0,10.19,3,0.0,,,
1654,1.9560,-0.1085,0.0633,2.896,good,0.000,2.97,0,0,0,0,12.01,3,0.0,,,
1659,1.9560,-0.1184,-0.2225,3.051,sour,1.000,18.78,1,1,1,0,11.59,2,3.2,3,1664,1664
1660,1.9560,-0.1187,-0.1801,3.012,good,0.011,2.15,0,0,0,0,12.61,2,0.0,,,
1656,1.9600,-0.1151,0.0343,3.000,good,0.001,2.14,0,0,0,0,11.71,3,0.0,,,
1657,1.9600,-0.1152,0.1343,3.001,good,0.000,2.65,0,0,0,0,11.73,3,0.0,,,
1658,1.9600,-0.1157,0.1004,2.998,good,0.000,3.94,0,0,0,0,11.94,3,0.0,,,
1663,1.9600,-0.1192,-0.0915,2.942,good,0.005,3.37,0,0,0,0,14.50,2,0.0,,,
1664,1.9600,-0.1171,-0.1997,2.924,good,0.001,2.85,0,0,0,0,14.23,2,0.0,,,
1662,1.9640,-0.1108,0.1991,2.948,good,0.003,9.73,0,0,0,0,11.50,3,0.0,,,
1668,1.9640,-0.1187,0.1632,2.972,good,0.000,3.50,0,0,0,0,13.58,2,0.0,,,
1669,1.9640,-0.1161,-0.1705,2.990,good,0.001,2.91,0,0,0,0,12.26,2,0.0,,,
1661,1.9680,-0.1108,0.1742,2.447,good,0.003,4.83,0,0,0,0,26.13,4,0.0,,,
1665,1.9680,-0.1108,-0.1891,3.341,good,0.001,2.73,0,0,0,0,3.10,3,0.0,,,
1666,1.9680,-0.1139,0.2067,2.988,good,0.001,2.38,0,0,0,0,11.60,3,0.0,,,
1667,1.9680,-0.1119,0.2317,3.001,good,0.000,3.74,0,0,0,0,10.60,3,0.0,,,
1672,1.9680,-0.1156,-0.0623,3.112,good,0.000,1.88,0,0,0,0,9.26,2,0.0,,,
1670,1.9720,-0.1151,-0.0259,3.003,good,0.013,2.78,0,0,0,0,11.63,3,0.0,,,
1671,1.9720,-0.1117,0.1321,2.997,good,0.004,5.94,0,0,0,0,10.65,3,0.0,,,
1676,1.9720,-0.1181,-0.1805,3.000,good,0.000,2.27,0,0,0,0,12.68,2,0.0,,,
1673,1.9760,-0.1395,-0.1513,3.000,good,0.029,3.09,0,0,0,0,11.84,1,0.0,,,
1674,1.9760,-0.1344,-0.1422,3.000,good,0.001,2.50,0,0,0,0,10.14,1,0.0,,,
1675,1.9760,-0.1109,-0.0061,2.981,good,0.001,3.17,0,0,0,0,10.77,3,0.0,,,
1679,1.9760,-0.1131,-0.1483,2.997,good,0.006,7.75,0,0,0,0,11.10,2,0.0,,,
1677,1.9800,-0.1117,-0.1018,2.972,good,0.000,2.46,0,0,0,0,11.24,3,0.0,,,
1678,1.9800,-0.1090,0.2345,3.000,sour,1.000,15.34,1,1,1,0,9.65,3,3.2,62|61,1682,1682
1683,1.9800,-0.1179,-0.1291,3.225,good,0.001,2.51,0,0,0,0,7.57,2,0.0,,,
1680,1.9840,-0.1163,0.0417,2.873,good,0.088,4.09,0,0,0,0,15.28,3,0.0,,,
1681,1.9840,-0.1137,0.0059,3.040,good,0.001,3.16,0,0,0,0,10.29,3,0.0,,,
1682,1.9840,-0.1091,0.1614,3.007,good,0.004,3.17,0,0,0,0,9.54,3,0.0,,,
1689,1.9840,-0.1177,0.1206,3.450,husk,1.000,10.66,1,1,1,0,3.11,2,2.4,47,1744,1744
1690,1.9840,-0.1156,-0.1879,2.785,faded,0.790,5.93,1,1,1,0,17.40,2,3.2,7|8,1659|1683,1659
1684,1.9880,-0.1168,-0.2152,2.621,husk,1.000,10.72,1,1,1,0,22.73,3,2.4,4,1662,
1685,1.9880,-0.1133,0.1554,2.998,good,0.000,7.97,0,0,0,0,11.13,3,0.0,,,
1686,1.9880,-0.1143,-0.1149,2.956,good,0.013,4.67,0,0,0,0,12.49,3,0.0,,,
1687,1.9880,-0.1135,0.0374,2.841,good,0.001,1.65,0,0,0,0,15.16,3,0.0,,,
1688,1.9880,-0.1121,-0.0737,2.952,good,0.000,3.92,0,0,0,0,11.85,3,0.0,,,
1691,1.9920,-0.1177,0.1728,3.450,good,0.000,5.46,0,0,0,0,3.10,2,0.0,,,
1692,1.9920,-0.1169,-0.1841,2.981,good,0.001,3.03,0,0,0,0,12.75,2,0.0,,,
1693,1.9920,-0.1178,-0.1504,2.995,sour,1.000,20.26,1,1,1,0,12.72,2,3.2,12,1697,1697
1694,1.9920,-0.1170,-0.0369,3.019,good,0.001,2.56,0,0,0,0,11.90,2,0.0,,,
1700,1.9920,-0.1063,-0.2184,3.000,husk,1.000,10.56,1,1,1,0,8.78,1,2.4,4|3,1662,
1697,1.9960,-0.1196,-0.1482,3.028,good,0.003,2.94,0,0,0,0,12.52,2,0.0,,,
1698,1.9960,-0.1197,-0.0228,2.987,good,0.025,3.26,0,0,0,0,13.55,2,0.0,,,
1699,1.9960,-0.1184,0.1013,3.206,good,0.000,1.92,0,0,0,0,8.11,2,0.0,,,
1706,1.9960,-0.1022,0.1697,3.000,good,0.000,5.27,0,0,0,0,7.41,1,0.0,,,
1695,2.0000,-0.1098,-0.2300,2.924,good,0.198,3.74,0,0,0,0,11.74,3,0.0,,,
1696,2.0000,-0.1094,-0.1836,2.974,good,0.000,18.84,1,1,1,0,10.41,3,9.0,8|9|7,1695,1695
1704,2.0000,-0.1196,-0.0271,2.995,good,0.001,2.48,0,0,0,0,13.32,2,0.0,,,
1705,2.0000,-0.1186,-0.0918,3.069,good,0.001,3.81,0,0,0,0,11.23,2,0.0,,,
1701,2.0040,-0.1146,-0.0660,2.978,good,0.001,3.32,0,0,0,0,12.07,3,0.0,,,
1702,2.0040,-0.1129,-0.1820,3.005,good,0.004,2.78,0,0,0,0,10.85,3,0.0,,,
1703,2.0040,-0.1117,-0.1419,3.000,good,0.000,2.71,0,0,0,0,10.57,3,0.0,,,
1708,2.0040,-0.1197,-0.1592,3.002,good,0.000,2.75,0,0,0,0,13.20,2,0.0,,,
1709,2.0040,-0.1194,-0.2324,3.004,good,0.000,2.43,0,0,0,0,13.03,2,0.0,,,
1710,2.0040,-0.1156,0.1467,3.145,good,0.000,4.93,0,0,0,0,8.56,2,0.0,,,
1707,2.0080,-0.1106,0.1830,2.843,good,0.000,3.57,0,0,0,0,14.05,3,0.0,,,
1711,2.0080,-0.1199,-0.1680,2.820,good,0.015,2.93,0,0,0,0,18.00,2,0.0,,,
1712,2.0080,-0.1157,0.1206,3.450,good,0.000,1.81,0,0,0,0,2.51,2,0.0,,,
1713,2.0080,-0.1165,-0.0302,3.003,good,0.001,2.71,0,0,0,0,12.09,2,0.0,,,
1714,2.0080,-0.1154,0.2306,3.171,good,0.003,2.83,0,0,0,0,7.94,2,0.0,,,
1718,2.0120,-0.1198,-0.0871,3.019,good,0.000,2.06,0,0,0,0,12.81,2,0.0,,,
1719,2.0120,-0.1178,0.1894,2.998,good,0.000,5.54,0,0,0,0,12.66,2,0.0,,,
1720,2.0120,-0.1170,0.0149,3.078,good,0.000,4.25,0,0,0,0,10.50,2,0.0,,,
1721,2.0120,-0.1164,-0.1192,2.999,faded,0.957,3.59,1,1,1,0,12.15,2,3.2,16,1709,1709
1715,2.0160,-0.1139,-0.1717,3.054,faded,0.914,6.11,1,1,1,0,10.04,3,3.2,10|9,1702|1747,
1716,2.0160,-0.1091,-0.2450,2.981,sour,1.000,23.45,1,1,1,0,10.15,3,3.2,0,1698,
1717,2.0160,-0.1088,-0.0285,3.027,good,0.000,2.47,0,0,0,0,8.96,3,0.0,,,
1724,2.0160,-0.1188,-0.1248,2.588,good,0.000,2.61,0,0,0,0,24.55,2,0.0,,,
1725,2.0160,-0.1181,-0.1580,2.765,good,0.000,2.60,0,0,0,0,18.90,2,0.0,,,
1722,2.0200,-0.1144,0.2323,3.027,good,0.008,4.24,0,0,0,0,10.83,3,0.0,,,
1723,2.0200,-0.1137,-0.1912,2.890,stick,1.000,26.56,1,1,1,0,13.96,3,2.4,7,,
1728,2.0200,-0.1172,0.1127,3.012,good,0.000,2.71,0,0,0,0,12.13,2,0.0,,,
1726,2.0240,-0.1145,0.0723,2.929,good,0.000,2.17,0,0,0,0,13.24,3,0.0,,,
1727,2.0240,-0.1106,-0.2128,2.999,good,0.000,2.07,0,0,0,0,10.23,3,0.0,,,
1731,2.0240,-0.1193,0.2032,2.949,good,0.002,6.06,0,0,0,0,14.36,2,0.0,,,
1732,2.0240,-0.1198,0.0333,3.019,good,0.000,3.75,0,0,0,0,12.80,2,0.0,,,
1729,2.0280,-0.1120,0.2151,3.073,good,0.000,2.52,0,0,0,0,8.98,3,0.0,,,
1730,2.0280,-0.1086,-0.0729,3.005,good,0.000,2.13,0,0,0,0,9.43,3,0.0,,,
1736,2.0280,-0.1143,-0.0002,3.070,good,0.004,5.85,0,0,0,0,9.82,2,0.0,,,
1737,2.0280,-0.1140,-0.2113,3.450,good,0.001,5.26,0,0,0,0,2.03,2,0.0,,,
1733,2.0320,-0.1114,-0.2422,3.030,good,0.000,5.29,0,0,0,0,9.78,3,0.0,,,
1734,2.0320,-0.1105,-0.0321,2.956,good,0.000,2.66,0,0,0,0,11.19,3,0.0,,,
1735,2.0320,-0.1108,-0.0113,3.005,good,0.000,1.76,0,0,0,0,10.16,3,0.0,,,
1740,2.0320,-0.1195,-0.2076,3.005,good,0.000,2.53,0,0,0,0,13.05,2,0.0,,,
1741,2.0320,-0.0998,-0.2153,3.000,good,0.002,5.35,0,0,0,0,6.61,1,0.0,,,
1738,2.0360,-0.1134,-0.0707,3.084,good,0.001,3.48,0,0,0,0,9.18,3,0.0,,,
1739,2.0360,-0.1095,-0.1764,2.956,good,0.000,2.87,0,0,0,0,10.87,3,0.0,,,
1744,2.0400,-0.1186,-0.0354,3.252,good,0.003,2.13,0,0,0,0,7.22,2,0.0,,,
1745,2.0400,-0.1167,-0.0857,2.992,good,0.001,2.09,0,0,0,0,12.44,2,0.0,,,
1742,2.0440,-0.1098,0.0728,3.450,good,0.028,2.90,0,0,0,0,0.82,3,0.0,,,
1743,2.0440,-0.1149,-0.0624,3.000,good,0.000,2.81,0,0,0,0,11.63,3,0.0,,,
1749,2.0440,-0.1179,0.2185,2.990,good,0.000,2.84,0,0,0,0,12.86,2,0.0,,,
1750,2.0440,-0.1159,0.1599,2.979,good,0.000,3.51,0,0,0,0,12.48,2,0.0,,,
1746,2.0480,-0.1145,-0.1277,2.903,good,0.005,2.52,0,0,0,0,13.86,3,0.0,,,
1747,2.0480,-0.1096,-0.1895,2.992,good,0.000,3.52,0,0,0,0,10.06,3,0.0,,,
1748,2.0480,-0.1090,0.1734,2.942,good,0.000,1.89,0,0,0,0,11.04,3,0.0,,,
1752,2.0480,-0.1190,-0.1099,2.998,good,0.001,2.44,0,0,0,0,13.04,2,0.0,,,
1753,2.0480,-0.1167,0.0633,3.222,good,0.001,2.17,0,0,0,0,7.27,2,0.0,,,
1751,2.0520,-0.1132,-0.1632,3.125,good,0.000,1.86,0,0,0,0,8.22,3,0.0,,,
1754,2.0560,-0.1171,-0.1044,2.698,good,0.000,3.55,0,0,0,0,20.44,3,0.0,,,
1755,2.0560,-0.1143,-0.0179,3.016,faded,0.997,4.93,1,1,1,0,11.07,3,3.2,29,1742,1742
1756,2.0560,-0.1085,0.0555,3.012,good,0.000,2.59,0,0,0,0,9.21,3,0.0,,,
1758,2.0560,-0.1172,-0.0643,3.011,faded,0.957,4.45,1,1,1,0,12.13,2,3.2,23,1739,1739
1757,2.0600,-0.1130,-0.2117,2.816,good,0.000,2.36,0,0,0,0,15.64,3,0.0,,,
1763,2.0600,-0.1172,0.1954,3.007,good,0.003,2.51,0,0,0,0,12.23,2,0.0,,,
1764,2.0600,-0.1175,-0.0178,2.865,good,0.002,3.35,0,0,0,0,15.93,2,0.0,,,
1759,2.0640,-0.1152,-0.1845,3.002,good,0.000,2.79,0,0,0,0,11.69,3,0.0,,,
1760,2.0640,-0.1101,-0.1530,2.995,good,0.000,2.76,0,0,0,0,10.14,3,0.0,,,
1761,2.0640,-0.1106,-0.0944,3.001,good,0.001,2.66,0,0,0,0,10.17,3,0.0,,,
1762,2.0640,-0.1093,0.1060,3.004,good,0.000,3.52,0,0,0,0,9.67,3,0.0,,,
1765,2.0680,-0.1111,0.1991,3.008,good,0.100,3.17,0,0,0,0,10.18,3,0.0,,,
1772,2.0680,-0.1185,-0.0367,2.804,good,0.001,1.97,0,0,0,0,17.95,2,0.0,,,
1766,2.0720,-0.1132,0.1322,3.048,good,0.000,4.15,0,0,0,0,9.95,3,0.0,,,
1767,2.0720,-0.1097,0.1420,3.174,good,0.000,2.33,0,0,0,0,6.06,3,0.0,,,
1768,2.0720,-0.1126,-0.1227,2.789,good,0.028,2.74,0,0,0,0,16.21,3,0.0,,,
1769,2.0720,-0.1106,0.2152,3.018,good,0.001,7.72,0,0,0,0,9.77,3,0.0,,,
1770,2.0720,-0.1085,0.0312,2.943,faded,0.994,3.42,1,1,1,0,10.86,3,3.2,35|36,1763,1763
1771,2.0720,-0.1107,-0.1110,2.586,good,0.000,2.48,0,0,0,0,21.47,3,0.0,,,
1778,2.0720,-0.1169,-0.0067,3.022,good,0.000,3.34,0,0,0,0,11.78,2,0.0,,,
1773,2.0760,-0.1249,-0.1476,3.431,good,0.000,2.42,0,0,0,0,1.56,2,0.0,,,
1774,2.0760,-0.1103,-0.1964,3.027,good,0.000,2.68,0,0,0,0,9.48,3,0.0,,,
1775,2.0760,-0.1097,0.0203,3.018,good,0.000,2.53,0,0,0,0,9.47,3,0.0,,,
1776,2.0760,-0.1083,0.0590,3.025,good,0.000,2.80,0,0,0,0,8.85,3,0.0,,,
1777,2.0760,-0.1084,0.1686,3.015,good,0.000,2.37,0,0,0,0,9.09,3,0.0,,,
1779,2.0760,-0.1184,0.1034,3.030,good,0.028,2.02,0,0,0,0,12.08,2,0.0,,,
1783,2.0760,-0.1112,-0.1441,3.000,good,0.000,2.74,0,0,0,0,10.40,1,0.0,,,
1780,2.0840,-0.1146,0.2370,2.998,good,0.090,7.03,0,0,0,0,11.60,3,0.0,,,
1781,2.0840,-0.1136,-0.1109,3.000,good,0.005,8.76,0,0,0,0,11.21,3,0.0,,,
1782,2.0840,-0.1091,0.1265,2.994,good,0.014,8.80,0,0,0,0,9.83,3,0.0,,,
1786,2.0840,-0.1183,0.1660,3.003,good,0.005,2.32,0,0,0,0,12.70,2,0.0,,,
1784,2.0880,-0.1101,-0.0818,3.002,black,1.000,46.47,1,1,1,0,9.98,3,3.2,21,1784,1784
1785,2.0880,-0.1085,-0.1802,2.999,good,0.003,3.75,0,0,0,0,9.51,3,0.0,,,
1789,2.0880,-0.1182,0.2066,2.651,good,0.004,5.76,0,0,0,0,22.31,2,0.0,,,
1790,2.0880,-0.1141,0.1059,3.417,good,0.000,2.31,0,0,0,0,2.66,2,0.0,,,
1787,2.0920,-0.1142,0.0599,2.935,good,0.007,2.32,0,0,0,0,12.98,3,0.0,,,
1788,2.0920,-0.1105,0.1025,3.094,good,0.004,4.32,0,0,0,0,8.03,3,0.0,,,
1792,2.0920,-0.1198,-0.2137,2.829,good,0.003,3.88,0,0,0,0,17.70,2,0.0,,,
1793,2.0920,-0.1188,-0.0144,2.974,good,0.257,3.31,0,0,0,0,13.57,2,0.0,,,
1791,2.0960,-0.1110,-0.2445,2.966,black,1.000,68.20,1,1,1,0,11.14,2,3.2,0,1825,1825
1796,2.0960,-0.1200,-0.1808,2.984,good,0.000,2.25,0,0,0,0,13.70,2,0.0,,,
1798,2.0960,-0.1176,0.1293,2.996,good,0.006,2.81,0,0,0,0,12.62,2,0.0,,,
1794,2.1000,-0.1206,0.0605,3.232,good,0.000,2.35,0,0,0,0,4.25,2,0.0,,,
1795,2.1000,-0.1107,0.1918,2.948,good,0.000,4.65,0,0,0,0,11.46,3,0.0,,,
1797,2.1000,-0.1084,0.2249,3.002,good,0.033,6.93,0,0,0,0,9.41,3,0.0,,,
1806,2.1000,-0.1185,0.0870,2.979,good,0.000,1.93,0,0,0,0,13.33,2,0.0,,,
1807,2.1000,-0.1180,-0.0735,3.052,good,0.000,1.82,0,0,0,0,11.43,2,0.0,,,
1812,2.1000,-0.1077,0.0644,3.000,good,0.000,2.32,0,0,0,0,9.23,1,0.0,,,
1799,2.1040,-0.1150,-0.2322,2.999,good,0.026,3.18,0,0,0,0,11.69,3,0.0,,,
1800,2.1040,-0.1146,0.1059,3.001,good,0.000,1.78,0,0,0,0,11.52,3,0.0,,,
1801,2.1040,-0.1143,-0.0215,3.002,good,0.000,2.13,0,0,0,0,11.41,3,0.0,,,
1802,2.1040,-0.1138,-0.2108,2.987,good,0.002,4.18,0,0,0,0,11.60,3,0.0,,,
1803,2.1040,-0.1070,0.1591,3.450,good,0.000,3.87,0,0,0,0,0.01,3,0.0,,,
1804,2.1040,-0.1094,-0.1048,3.003,good,0.006,2.24,0,0,0,0,9.73,3,0.0,,,
1805,2.1040,-0.1080,-0.1200,3.057,good,0.000,2.85,0,0,0,0,8.02,3,0.0,,,
1808,2.1040,-0.1164,-0.1948,3.104,good,0.000,3.29,0,0,0,0,9.72,2,0.0,,,
1809,2.1040,-0.1178,-0.1090,3.002,good,0.000,2.44,0,0,0,0,12.54,2,0.0,,,
1810,2.1040,-0.1167,-0.1315,3.006,good,0.000,2.93,0,0,0,0,12.09,2,0.0,,,
1811,2.1040,-0.1157,0.2372,3.005,good,0.000,2.19,0,0,0,0,11.78,2,0.0,,,
1814,2.1080,-0.1176,0.1954,2.984,good,0.003,2.48,0,0,0,0,12.92,2,0.0,,,
1815,2.1080,-0.1173,-0.1094,3.112,good,0.000,2.16,0,0,0,0,9.83,2,0.0,,,
1813,2.1120,-0.1108,0.0012,2.988,insect,1.000,8.18,1,1,1,0,10.55,3,3.1,32|31,1807,1807
1816,2.1160,-0.1148,0.1604,3.001,broken,1.000,2.46,1,1,1,0,11.57,3,2.4,52,1831,1831
1817,2.1160,-0.1127,-0.1831,2.995,good,0.004,3.18,0,0,0,0,11.02,3,0.0,,,
1818,2.1160,-0.1065,0.2187,3.450,good,0.001,2.75,0,0,0,0,-0.14,3,0.0,,,
1823,2.1160,-0.1150,0.0995,2.999,good,0.081,3.29,0,0,0,0,11.70,2,0.0,,,
1819,2.1200,-0.1154,0.0139,3.000,good,0.003,2.08,0,0,0,0,11.81,3,0.0,,,
1820,2.1200,-0.1122,-0.1175,3.241,good,0.005,2.69,0,0,0,0,5.49,3,0.0,,,
1821,2.1200,-0.1138,0.2132,2.993,good,0.001,2.95,0,0,0,0,11.43,3,0.0,,,
1822,2.1200,-0.1080,0.0928,3.450,good,0.000,2.34,0,0,0,0,0.29,3,0.0,,,
1827,2.1200,-0.1174,0.1845,2.974,good,0.001,2.81,0,0,0,0,13.09,2,0.0,,,
1824,2.1240,-0.1128,-0.2198,3.001,good,0.233,2.10,0,0,0,0,10.90,3,0.0,,,
1825,2.1240,-0.1114,-0.0036,3.008,good,0.001,2.71,0,0,0,0,10.29,3,0.0,,,
1826,2.1240,-0.1070,-0.1237,3.427,good,0.001,3.06,0,0,0,0,0.41,3,0.0,,,
1829,2.1240,-0.1191,0.0385,3.237,good,0.001,3.38,0,0,0,0,7.69,2,0.0,,,
1828,2.1280,-0.1130,-0.1181,2.851,black,1.000,47.91,1,1,1,0,14.71,3,3.2,16|17,1857,
1830,2.1320,-0.1143,0.0042,2.994,good,0.011,1.62,0,0,0,0,11.60,3,0.0,,,
1831,2.1320,-0.1122,0.1279,2.815,good,0.001,2.47,0,0,0,0,15.37,3,0.0,,,
1832,2.1320,-0.1069,-0.0486,3.358,good,0.016,2.42,0,0,0,0,1.60,3,0.0,,,
1833,2.1360,-0.1112,-0.0616,2.969,insect,1.000,4.02,1,1,1,0,11.14,3,3.1,24|23,1855,1855
1834,2.1360,-0.1199,0.0945,2.802,good,0.003,3.69,0,0,0,0,18.48,2,0.0,,,
1835,2.1360,-0.1288,-0.0730,3.000,good,0.001,3.08,0,0,0,0,12.26,1,0.0,,,
1843,2.1360,-0.1183,-0.0761,3.000,good,0.000,3.78,0,0,0,0,12.76,1,0.0,,,
1839,2.1400,-0.1190,0.1725,3.367,good,0.000,7.94,0,0,0,0,5.03,2,0.0,,,
1842,2.1400,-0.1179,0.0964,3.036,good,0.002,8.29,0,0,0,0,11.78,2,0.0,,,
1849,2.1400,-0.1078,-0.0792,3.000,good,0.000,4.33,0,0,0,0,9.26,1,0.0,,,
1837,2.1440,-0.1108,0.0091,3.028,good,0.003,3.86,0,0,0,0,9.62,3,0.0,,,
1838,2.1440,-0.1098,-0.0975,3.001,good,0.000,2.28,0,0,0,0,9.93,3,0.0,,,
1840,2.1440,-0.1089,-0.1490,2.999,good,0.000,1.86,0,0,0,0,9.67,3,0.0,,,
1841,2.1440,-0.1099,0.2018,2.951,good,0.000,2.97,0,0,0,0,11.11,3,0.0,,,
1847,2.1440,-0.1192,0.1855,2.878,good,0.000,2.86,0,0,0,0,16.17,2,0.0,,,
1848,2.1440,-0.1162,0.1140,3.450,good,0.005,7.34,0,0,0,0,2.68,2,0.0,,,
1836,2.1480,-0.1118,0.1309,2.202,good,0.143,3.28,0,0,0,0,36.17,4,0.0,,,
1844,2.1480,-0.1121,0.2064,2.956,good,0.000,3.52,0,0,0,0,11.73,3,0.0,,,
1845,2.1480,-0.1114,0.0679,2.902,good,0.000,4.57,0,0,0,0,12.84,3,0.0,,,
1846,2.1480,-0.1200,-0.1035,3.253,good,0.000,2.06,0,0,0,0,3.64,2,0.0,,,
1855,2.1480,-0.1188,0.1020,2.993,good,0.024,2.14,0,0,0,0,13.11,2,0.0,,,
1856,2.1480,-0.1193,-0.1911,3.005,good,0.001,2.98,0,0,0,0,13.00,2,0.0,,,
1858,2.1480,-0.1070,-0.0986,3.000,good,0.000,2.03,0,0,0,0,9.01,1,0.0,,,
1850,2.1520,-0.1141,0.0081,2.969,good,0.000,2.09,0,0,0,0,12.10,3,0.0,,,
1851,2.1520,-0.1119,-0.0956,2.987,good,0.071,5.10,0,0,0,0,10.95,3,0.0,,,
1852,2.1520,-0.1097,-0.1332,3.309,good,0.006,2.87,0,0,0,0,3.38,3,0.0,,,
1853,2.1520,-0.1107,0.0200,2.998,good,0.000,1.69,0,0,0,0,10.29,3,0.0,,,
1854,2.1520,-0.1092,0.0454,3.001,faded,0.789,3.88,1,1,1,0,9.71,3,2.9,37|38,1834,1834
1857,2.1520,-0.1164,0.1866,2.960,good,0.000,2.99,0,0,0,0,13.10,2,0.0,,,
1859,2.1600,-0.1159,-0.1427,3.000,good,0.001,3.35,0,0,0,0,11.94,3,0.0,,,
1860,2.1600,-0.1087,0.0447,3.007,good,0.000,3.20,0,0,0,0,9.41,3,0.0,,,
1862,2.1640,-0.1172,0.1456,3.005,good,0.519,4.40,1,1,1,0,12.27,2,2.8,50,1826|1893,1893
1863,2.1640,-0.1152,-0.2216,3.004,good,0.013,2.84,0,0,0,0,11.64,2,0.0,,,
1861,2.1680,-0.1112,0.0135,3.101,good,0.028,2.37,0,0,0,0,8.10,3,0.0,,,
1866,2.1680,-0.1197,-0.0105,3.008,good,0.004,7.23,0,0,0,0,13.03,2,0.0,,,
1867,2.1680,-0.1196,0.1191,2.968,good,0.006,5.19,0,0,0,0,13.98,2,0.0,,,
1864,2.1720,-0.1137,-0.1160,2.993,good,0.062,16.23,0,0,0,0,11.39,3,0.0,,,
1865,2.1720,-0.1129,0.2012,3.000,good,0.000,1.94,0,0,0,0,10.98,3,0.0,,,
1872,2.1720,-0.1171,0.2178,3.450,good,0.013,4.79,0,0,0,0,2.94,2,0.0,,,
1868,2.1760,-0.1137,-0.0352,2.998,good,0.001,1.81,0,0,0,0,11.30,3,0.0,,,
1869,2.1760,-0.1120,-0.2182,2.935,sour,1.000,22.95,1,1,1,0,12.22,3,3.2,4|3,1872,1872
1870,2.1760,-0.1135,-0.1014,2.952,good,0.001,2.29,0,0,0,0,12.33,3,0.0,,,
1871,2.1760,-0.1108,0.1620,2.937,good,0.001,3.64,0,0,0,0,11.78,3,0.0,,,
1875,2.1760,-0.1189,-0.1567,2.998,good,0.000,2.76,0,0,0,0,13.03,2,0.0,,,
1876,2.1760,-0.1188,0.1044,3.005,good,0.000,4.01,0,0,0,0,12.82,2,0.0,,,
1877,2.1760,-0.1170,0.1408,3.005,good,0.000,3.57,0,0,0,0,12.23,2,0.0,,,
1878,2.1760,-0.1162,-0.1402,2.994,good,0.000,3.13,0,0,0,0,12.20,2,0.0,,,
1873,2.1800,-0.1131,0.0120,3.085,good,0.000,2.68,0,0,0,0,9.07,3,0.0,,,
1874,2.1800,-0.1088,-0.0396,2.972,good,0.001,3.99,0,0,0,0,10.24,3,0.0,,,
1887,2.1800,-0.1017,-0.0978,3.000,good,0.008,2.26,0,0,0,0,7.23,1,0.0,,,
1879,2.1840,-0.1112,-0.1933,3.004,good,0.006,3.28,0,0,0,0,10.31,3,0.0,,,
1880,2.1840,-0.1094,-0.1840,3.123,good,0.001,1.62,0,0,0,0,7.05,3,0.0,,,
1881,2.1880,-0.1157,0.1341,3.068,good,0.000,2.70,0,0,0,0,10.32,3,0.0,,,
1882,2.1880,-0.1136,-0.1275,2.994,good,0.000,2.52,0,0,0,0,11.35,3,0.0,,,
1883,2.1880,-0.1112,0.1690,3.000,good,0.000,3.54,0,0,0,0,10.41,3,0.0,,,
1884,2.1880,-0.1113,0.0080,3.004,good,0.001,1.98,0,0,0,0,10.34,3,0.0,,,
1885,2.1880,-0.1093,-0.1719,3.000,good,0.000,3.07,0,0,0,0,9.76,3,0.0,,,
1886,2.1880,-0.1085,0.0457,2.995,good,0.001,1.74,0,0,0,0,9.63,3,0.0,,,
1888,2.1920,-0.1400,0.1394,3.000,good,0.000,3.03,0,0,0,0,12.01,1,0.0,,,
1889,2.1920,-0.1139,-0.1056,3.046,good,0.000,2.79,0,0,0,0,10.22,3,0.0,,,
1890,2.1920,-0.1130,0.0149,3.009,good,0.005,10.82,0,0,0,0,10.77,3,0.0,,,
1891,2.1920,-0.1194,-0.1883,3.005,good,0.000,4.62,0,0,0,0,13.02,2,0.0,,,
1892,2.1920,-0.1180,0.0598,3.256,good,0.000,3.51,0,0,0,0,6.96,2,0.0,,,
1893,2.1920,-0.1303,0.1339,3.000,good,0.001,3.06,0,0,0,0,12.75,1,0.0,,,
1895,2.1960,-0.1196,-0.1638,3.164,good,0.000,2.24,0,0,0,0,9.40,2,0.0,,,
1896,2.1960,-0.1192,-0.0708,2.997,good,0.001,2.25,0,0,0,0,13.14,2,0.0,,,
1897,2.1960,-0.1174,-0.1065,2.989,good,0.000,3.52,0,0,0,0,12.73,2,0.0,,,
1898,2.1960,-0.1205,0.1284,3.000,good,0.002,3.06,0,0,0,0,9.49,1,0.0,,,
1904,2.1960,-0.1107,0.1229,3.000,good,0.010,2.75,0,0,0,0,10.22,1,0.0,,,
1905,2.1960,-0.1050,0.0566,3.000,good,0.000,3.51,0,0,0,0,8.34,1,0.0,,,
1894,2.2000,-0.1063,0.0920,3.450,good,0.001,2.62,0,0,0,0,-0.19,3,0.0,,,
1901,2.2000,-0.1187,0.0701,3.104,good,0.004,4.60,0,0,0,0,10.45,2,0.0,,,
1902,2.2000,-0.1193,0.1756,2.985,good,0.001,3.54,0,0,0,0,13.49,2,0.0,,,
1903,2.2000,-0.1176,-0.1911,3.010,good,0.008,3.19,0,0,0,0,12.29,2,0.0,,,
1913,2.2000,-0.1008,0.1174,3.000,good,0.001,2.74,0,0,0,0,6.95,1,0.0,,,
1899,2.2040,-0.1153,0.2236,3.023,good,0.005,2.37,0,0,0,0,11.21,3,0.0,,,
1900,2.2040,-0.1255,-0.2251,2.499,good,0.004,2.63,0,0,0,0,26.24,2,0.0,,,
1911,2.2040,-0.1184,-0.2302,3.450,good,0.001,6.07,0,0,0,0,3.31,2,0.0,,,
1912,2.2040,-0.1195,0.0361,3.008,faded,0.996,4.85,1,1,1,0,12.97,2,3.2,36,1891,1891
1906,2.2080,-0.1135,-0.1836,3.002,faded,0.978,4.70,1,1,1,0,11.11,3,3.2,8,1921,1921
1907,2.2080,-0.1144,0.0414,3.019,faded,0.958,3.11,1,1,1,0,11.04,3,3.2,37,1920,
1908,2.2080,-0.1088,0.0683,3.167,good,0.006,7.66,0,0,0,0,5.93,3,0.0,,,
1909,2.2080,-0.1107,0.1930,2.998,good,0.003,3.21,0,0,0,0,10.27,3,0.0,,,
1910,2.2080,-0.1101,-0.1572,3.003,good,0.000,2.60,0,0,0,0,9.98,3,0.0,,,
1915,2.2080,-0.1163,-0.2034,3.003,good,0.002,3.50,0,0,0,0,12.02,2,0.0,,,
1920,2.2080,-0.1139,0.0790,3.000,good,0.001,6.34,0,0,0,0,11.29,1,0.0,,,
1914,2.2120,-0.1086,0.1354,3.249,good,0.131,2.55,0,0,0,0,4.21,3,0.0,,,
1918,2.2120,-0.1180,-0.1066,2.807,good,0.054,3.15,0,0,0,0,17.69,2,0.0,,,
1919,2.2120,-0.1155,-0.0680,3.161,good,0.000,1.35,0,0,0,0,8.18,2,0.0,,,
1925,2.2120,-0.1019,0.0856,3.000,good,0.000,7.03,0,0,0,0,7.29,1,0.0,,,
1916,2.2160,-0.1137,0.1185,2.991,good,0.000,1.67,0,0,0,0,11.46,3,0.0,,,
1917,2.2160,-0.1098,0.1662,3.016,good,0.000,3.64,0,0,0,0,9.55,3,0.0,,,
1924,2.2160,-0.1195,0.0352,2.876,good,0.000,2.87,0,0,0,0,16.30,2,0.0,,,
1928,2.2160,-0.1068,-0.1027,3.000,good,0.051,3.20,0,0,0,0,8.93,1,0.0,,,
1921,2.2200,-0.1153,-0.1958,3.002,good,0.000,3.03,0,0,0,0,11.74,3,0.0,,,
1922,2.2200,-0.1128,0.0711,3.028,good,0.000,4.22,0,0,0,0,10.28,3,0.0,,,
1923,2.2200,-0.1129,0.1318,2.528,good,0.000,2.16,0,0,0,0,24.24,3,0.0,,,
1927,2.2200,-0.1197,-0.1545,2.829,good,0.032,4.33,0,0,0,0,17.65,2,0.0,,,
1926,2.2240,-0.1122,-0.0206,3.013,good,0.000,3.00,0,0,0,0,10.42,3,0.0,,,
1931,2.2240,-0.1198,0.0432,3.020,good,0.002,2.97,0,0,0,0,12.78,2,0.0,,,
1932,2.2240,-0.1193,0.1849,2.998,good,0.000,3.31,0,0,0,0,13.14,2,0.0,,,
1933,2.2240,-0.1194,0.2376,3.102,good,0.004,2.77,0,0,0,0,10.73,2,0.0,,,
1934,2.2240,-0.1274,-0.1586,3.000,good,0.000,2.17,0,0,0,0,11.80,1,0.0,,,
1938,2.2240,-0.1028,0.1284,3.000,good,0.001,2.12,0,0,0,0,7.61,1,0.0,,,
1929,2.2280,-0.1150,-0.0352,3.009,good,0.020,3.16,0,0,0,0,11.44,3,0.0,,,
1930,2.2280,-0.1123,0.1241,2.867,good,0.001,5.59,0,0,0,0,14.07,3,0.0,,,
1937,2.2280,-0.1174,0.2025,3.009,good,0.218,4.42,0,0,0,0,12.25,2,0.0,,,
1935,2.2320,-0.1111,-0.0500,3.078,good,0.000,2.96,0,0,0,0,8.60,3,0.0,,,
1936,2.2320,-0.1079,0.0993,3.036,good,0.000,2.61,0,0,0,0,8.49,3,0.0,,,
1939,2.2360,-0.1152,0.0035,2.900,good,0.056,8.64,0,0,0,0,14.18,3,0.0,,,
1940,2.2360,-0.1099,0.1361,3.025,good,0.000,2.07,0,0,0,0,9.38,3,0.0,,,
1941,2.2400,-0.1210,-0.0258,3.450,good,0.001,3.21,0,0,0,0,0.06,2,0.0,,,
1942,2.2400,-0.1083,-0.0121,2.997,faded,1.000,6.00,1,1,1,0,9.52,3,3.2,30,1940,1940
1944,2.2400,-0.1173,0.2358,3.187,good,0.145,4.22,0,0,0,0,8.17,2,0.0,,,
1945,2.2400,-0.1092,0.1762,3.450,good,0.001,6.00,0,0,0,0,0.65,2,0.0,,,
1950,2.2400,-0.1164,-0.0007,3.000,stone,1.000,15.28,1,1,1,0,12.13,1,9.1,31|32|30,1955,
1951,2.2400,-0.1072,-0.0228,3.000,good,0.001,3.42,0,0,0,0,9.06,1,0.0,,,
1952,2.2400,-0.1066,-0.0018,3.000,good,0.004,2.53,0,0,0,0,8.85,1,0.0,,,
1943,2.2440,-0.1387,0.0020,3.000,stone,0.999,19.24,1,1,1,0,11.56,1,9.1,32|31|33,,
1949,2.2440,-0.1178,0.0240,2.974,sour,1.000,18.03,1,1,1,0,13.24,2,3.2,35|34,1939,1939
1957,2.2440,-0.1036,0.0024,3.000,stone,1.000,18.23,1,1,1,0,7.85,1,9.1,32|31|33,1955,
1946,2.2480,-0.1141,-0.2321,2.985,good,0.001,3.38,0,0,0,0,11.75,3,0.0,,,
1947,2.2480,-0.1117,0.0026,2.996,sour,1.000,23.10,1,1,1,0,10.65,3,3.2,32,1941,
1948,2.2480,-0.1106,0.0731,2.998,good,0.003,2.48,0,0,0,0,10.23,3,0.0,,,
1953,2.2520,-0.1139,-0.0982,3.002,good,0.000,2.61,0,0,0,0,11.25,3,0.0,,,
1954,2.2520,-0.1369,0.2384,3.000,good,0.000,2.75,0,0,0,0,10.98,1,0.0,,,
1955,2.2520,-0.1123,0.0330,3.012,good,0.000,3.10,0,0,0,0,10.51,3,0.0,,,
1956,2.2520,-0.1138,-0.1347,2.732,broken,0.864,2.09,1,1,1,0,18.28,3,2.4,14,1935,
1960,2.2520,-0.1283,0.2354,3.000,good,0.000,2.85,0,0,0,0,12.11,1,0.0,,,
1967,2.2520,-0.1197,0.2323,3.000,good,0.000,5.25,0,0,0,0,13.22,1,0.0,,,
1958,2.2560,-0.1151,-0.1830,2.997,good,0.000,1.73,0,0,0,0,11.76,3,0.0,,,
1959,2.2560,-0.1137,0.1988,2.999,good,0.002,3.83,0,0,0,0,11.24,3,0.0,,,
1964,2.2560,-0.1169,-0.0745,3.007,good,0.000,2.34,0,0,0,0,12.15,2,0.0,,,
1965,2.2560,-0.1163,-0.0596,2.959,good,0.042,4.11,0,0,0,0,13.08,2,0.0,,,
1966,2.2560,-0.1167,-0.0358,3.019,good,0.000,2.63,0,0,0,0,11.78,2,0.0,,,
1973,2.2560,-0.1110,0.2293,3.000,good,0.000,2.93,0,0,0,0,10.34,1,0.0,,,
1961,2.2600,-0.1105,0.2310,3.063,good,0.004,2.99,0,0,0,0,8.75,3,0.0,,,
1962,2.2600,-0.1337,0.0197,3.000,good,0.005,3.14,0,0,0,0,9.90,1,0.0,,,
1963,2.2600,-0.1087,0.1147,3.005,good,0.017,3.04,0,0,0,0,9.44,3,0.0,,,
1971,2.2600,-0.1171,-0.0750,3.004,good,0.000,2.07,0,0,0,0,12.27,2,0.0,,,
1972,2.2600,-0.1269,0.0177,3.000,good,0.000,3.34,0,0,0,0,11.64,1,0.0,,,
1980,2.2600,-0.1024,0.2263,3.000,good,0.000,3.61,0,0,0,0,7.46,1,0.0,,,
1968,2.2640,-0.1158,0.1286,3.004,good,0.001,2.45,0,0,0,0,11.83,3,0.0,,,
1969,2.2640,-0.1139,0.2318,3.003,good,0.080,3.29,0,0,0,0,11.23,3,0.0,,,
1970,2.2640,-0.1246,0.1714,2.342,good,0.001,5.39,0,0,0,0,31.89,2,0.0,,,
1978,2.2640,-0.1179,-0.1846,2.995,good,0.000,2.63,0,0,0,0,12.75,2,0.0,,,
1979,2.2640,-0.1202,0.0156,3.000,good,0.000,3.43,0,0,0,0,9.39,1,0.0,,,
1986,2.2640,-0.1151,0.1746,3.000,good,0.001,4.14,0,0,0,0,11.71,1,0.0,,,
1987,2.2640,-0.1134,0.0136,3.000,good,0.000,3.48,0,0,0,0,11.13,1,0.0,,,
1974,2.2680,-0.1182,-0.1523,2.600,insect,1.000,3.64,1,1,1,0,23.92,3,3.1,12,1932,
1975,2.2680,-0.1140,-0.0940,3.001,good,0.000,3.72,0,0,0,0,11.32,3,0.0,,,
1976,2.2680,-0.1126,-0.2340,2.994,good,0.006,1.93,0,0,0,0,11.02,3,0.0,,,
1977,2.2680,-0.1126,0.1887,2.782,good,0.013,3.68,0,0,0,0,16.40,3,0.0,,,
1982,2.2680,-0.1199,0.1312,3.083,good,0.001,2.86,0,0,0,0,11.32,2,0.0,,,
1983,2.2680,-0.1178,-0.1027,2.990,good,0.000,2.97,0,0,0,0,12.84,2,0.0,,,
1984,2.2680,-0.1175,-0.0657,3.208,good,0.000,3.09,0,0,0,0,7.79,2,0.0,,,
1985,2.2680,-0.1178,0.0784,3.001,good,0.001,2.60,0,0,0,0,12.58,2,0.0,,,
1991,2.2680,-0.1066,0.0116,3.000,good,0.000,3.26,0,0,0,0,8.88,1,0.0,,,
1981,2.2720,-0.1133,0.2343,2.993,good,0.000,4.10,0,0,0,0,11.25,3,0.0,,,
1990,2.2720,-0.1164,0.1522,2.944,good,0.282,10.01,0,0,0,0,13.53,2,0.0,,,
1997,2.2720,-0.0999,0.0096,3.000,good,0.000,3.27,0,0,0,0,6.63,1,0.0,,,
1988,2.2760,-0.1085,-0.1266,3.021,good,0.001,2.27,0,0,0,0,9.01,3,0.0,,,
1989,2.2760,-0.1110,0.1237,2.733,good,0.000,1.81,0,0,0,0,17.22,3,0.0,,,
1996,2.2760,-0.1138,0.0178,3.336,good,0.004,2.87,0,0,0,0,4.09,2,0.0,,,
1992,2.2800,-0.1142,-0.0447,2.993,good,0.000,3.23,0,0,0,0,11.58,3,0.0,,,
1993,2.2800,-0.1130,0.1611,3.001,good,0.000,2.46,0,0,0,0,10.98,3,0.0,,,
1994,2.2800,-0.1265,-0.1968,2.280,good,0.028,4.08,0,0,0,0,35.37,2,0.0,,,
1995,2.2800,-0.1118,-0.1085,2.967,good,0.000,2.74,0,0,0,0,11.39,3,0.0,,,
2000,2.2800,-0.1185,-0.0356,3.296,good,0.000,2.17,0,0,0,0,6.30,2,0.0,,,
1998,2.2840,-0.1122,0.1838,2.979,good,0.315,5.40,0,0,0,0,11.23,3,0.0,,,
1999,2.2840,-0.1101,-0.1997,3.164,good,0.103,6.92,0,0,0,0,6.40,3,0.0,,,
2001,2.2880,-0.1147,-0.0857,2.992,good,0.000,3.10,0,0,0,0,11.76,3,0.0,,,
2002,2.2880,-0.1133,0.0629,3.006,good,0.000,3.01,0,0,0,0,10.95,3,0.0,,,
2003,2.2880,-0.1120,-0.0757,3.004,good,0.002,2.39,0,0,0,0,10.59,3,0.0,,,
2004,2.2880,-0.1202,0.1009,3.030,good,0.000,3.17,0,0,0,0,8.68,2,0.0,,,
2007,2.2880,-0.1171,-0.2309,3.008,good,0.000,1.62,0,0,0,0,12.19,2,0.0,,,
2011,2.2880,-0.1081,0.0973,3.000,good,0.000,3.25,0,0,0,0,9.37,1,0.0,,,
2005,2.2920,-0.1123,0.0829,3.009,good,0.002,4.13,0,0,0,0,10.55,3,0.0,,,
2006,2.2920,-0.1112,0.1224,2.996,good,0.000,2.17,0,0,0,0,10.51,3,0.0,,,
2010,2.2920,-0.1187,-0.1084,3.001,good,0.000,3.02,0,0,0,0,12.86,2,0.0,,,
2008,2.2960,-0.1151,-0.0993,3.000,faded,0.931,4.74,1,1,1,0,11.70,3,3.2,19,1992,1992
2009,2.2960,-0.1097,0.1794,3.138,good,0.015,2.80,0,0,0,0,6.83,3,0.0,,,
2012,2.3000,-0.1148,0.0244,3.001,good,0.000,2.31,0,0,0,0,11.58,3,0.0,,,
2013,2.3000,-0.1101,-0.0066,2.991,faded,0.882,3.22,1,1,1,0,10.23,3,3.2,31|30,1989,1989
2015,2.3000,-0.1184,0.1316,3.450,good,0.030,4.62,0,0,0,0,3.31,2,0.0,,,
2014,2.3040,-0.1130,-0.1762,2.971,good,0.000,2.03,0,0,0,0,11.70,3,0.0,,,
2017,2.3040,-0.1194,-0.0678,2.994,good,0.000,2.05,0,0,0,0,13.28,2,0.0,,,
2018,2.3040,-0.1185,0.1384,3.018,good,0.000,1.71,0,0,0,0,12.40,2,0.0,,,
2019,2.3040,-0.1179,-0.1124,3.005,good,0.000,9.20,0,0,0,0,12.50,2,0.0,,,
2020,2.3040,-0.1186,0.0731,3.002,good,0.000,2.33,0,0,0,0,12.84,2,0.0,,,
2021,2.3040,-0.1176,0.1999,3.094,good,0.001,2.29,0,0,0,0,10.35,2,0.0,,,
2016,2.3080,-0.1120,-0.2300,2.975,good,0.100,9.61,0,0,0,0,11.26,3,0.0,,,
2024,2.3080,-0.1197,-0.1253,2.901,black,1.000,46.81,1,1,1,0,15.73,2,3.2,15|16,2016,2016
2022,2.3120,-0.1156,-0.2092,2.850,good,0.039,3.17,0,0,0,0,15.63,3,0.0,,,
2023,2.3120,-0.1139,0.0260,3.000,good,0.001,1.88,0,0,0,0,11.28,3,0.0,,,
2026,2.3120,-0.1130,0.1050,3.450,good,0.001,3.24,0,0,0,0,1.73,2,0.0,,,
2025,2.3160,-0.1139,0.0420,3.020,good,0.000,2.45,0,0,0,0,10.83,3,0.0,,,
2029,2.3160,-0.1315,0.1031,3.000,good,0.000,2.38,0,0,0,0,13.16,1,0.0,,,
2027,2.3200,-0.1124,0.0749,3.135,black,1.000,50.42,1,1,1,0,7.75,3,3.2,41,2006,
2028,2.3200,-0.1369,0.0961,3.000,good,0.000,2.66,0,0,0,0,10.98,1,0.0,,,
2030,2.3200,-0.1084,0.1468,3.001,good,0.001,2.22,0,0,0,0,9.43,3,0.0,,,
2034,2.3200,-0.1152,-0.1829,3.187,good,0.001,2.44,0,0,0,0,7.52,2,0.0,,,
2035,2.3200,-0.1166,0.1855,2.986,good,0.000,2.34,0,0,0,0,12.54,2,0.0,,,
2036,2.3200,-0.1103,0.0996,2.955,good,0.001,6.90,0,0,0,0,11.16,2,0.0,,,
2031,2.3240,-0.1181,-0.2186,2.458,good,0.002,3.03,0,0,0,0,28.73,3,0.0,,,
2032,2.3240,-0.1138,0.0101,2.814,good,0.000,3.25,0,0,0,0,15.96,3,0.0,,,
2033,2.3240,-0.1100,-0.0937,2.999,good,0.000,2.37,0,0,0,0,10.02,3,0.0,,,
2041,2.3240,-0.1186,-0.2272,3.450,good,0.012,3.07,0,0,0,0,3.37,2,0.0,,,
2042,2.3240,-0.1198,-0.0462,2.636,good,0.000,2.19,0,0,0,0,23.40,2,0.0,,,
2037,2.3280,-0.1116,-0.1295,3.002,good,0.005,3.49,0,0,0,0,10.48,3,0.0,,,
2038,2.3280,-0.1121,0.0053,2.618,good,0.292,7.14,0,0,0,0,21.02,3,0.0,,,
2039,2.3280,-0.1245,-0.1438,2.486,broken,1.000,4.73,1,1,1,0,26.30,2,2.4,13,,
2040,2.3280,-0.1057,0.0659,3.450,good,0.000,2.79,0,0,0,0,-0.36,3,0.0,,,
2043,2.3280,-0.1180,0.1968,2.994,good,0.017,2.86,0,0,0,0,12.80,2,0.0,,,
2044,2.3280,-0.1189,-0.2423,2.988,good,0.356,3.52,0,0,0,0,13.25,2,0.0,,,
2045,2.3280,-0.1160,-0.1141,2.998,good,0.006,2.83,0,0,0,0,12.06,2,0.0,,,
2046,2.3280,-0.1282,0.1635,3.000,good,0.016,8.18,0,0,0,0,12.06,1,0.0,,,
2052,2.3280,-0.1147,0.1593,3.000,good,0.013,6.62,0,0,0,0,11.58,1,0.0,,,
2053,2.3280,-0.1146,-0.1468,3.000,broken,0.998,4.72,1,1,1,0,11.53,1,2.4,13,2007,
2054,2.3280,-0.1083,-0.2157,3.000,good,0.001,3.06,0,0,0,0,9.43,1,0.0,,,
2055,2.3280,-0.1033,0.0065,3.000,good,0.000,5.35,0,0,0,0,7.78,1,0.0,,,
2060,2.3320,-0.1069,-0.2458,3.000,good,0.041,3.30,0,0,0,0,8.98,1,0.0,,,
2061,2.3320,-0.1013,0.1551,3.000,broken,0.530,5.70,1,1,1,0,7.10,1,2.4,51|52,2065,
2047,2.3360,-0.1146,-0.0803,2.943,good,0.000,3.20,0,0,0,0,12.92,3,0.0,,,
2048,2.3360,-0.1159,-0.0017,2.940,good,0.000,2.82,0,0,0,0,13.44,3,0.0,,,
2049,2.3360,-0.1138,0.0186,2.996,good,0.000,3.42,0,0,0,0,11.37,3,0.0,,,
2050,2.3360,-0.1089,0.2289,2.971,good,0.045,3.05,0,0,0,0,10.30,3,0.0,,,
2051,2.3360,-0.1101,-0.2081,2.724,good,0.000,1.72,0,0,0,0,17.12,3,0.0,,,
2058,2.3360,-0.1194,0.0692,3.106,good,0.001,2.60,0,0,0,0,10.64,2,0.0,,,
2059,2.3360,-0.1183,-0.0530,3.000,good,0.000,4.68,0,0,0,0,12.75,2,0.0,,,
2056,2.3400,-0.1101,-0.0278,2.958,good,0.046,3.07,0,0,0,0,11.05,3,0.0,,,
2057,2.3400,-0.1102,0.0345,2.880,good,0.000,1.81,0,0,0,0,12.99,3,0.0,,,
2066,2.3400,-0.1196,0.2001,2.957,good,0.000,3.36,0,0,0,0,14.27,2,0.0,,,
2067,2.3400,-0.1198,0.2361,3.233,good,0.006,3.19,0,0,0,0,8.01,2,0.0,,,
2068,2.3400,-0.1139,-0.0764,3.195,good,0.001,3.87,0,0,0,0,6.94,2,0.0,,,
2062,2.3440,-0.1128,-0.0120,2.928,good,0.001,3.57,0,0,0,0,12.70,3,0.0,,,
2063,2.3440,-0.1115,-0.1598,3.169,good,0.000,1.96,0,0,0,0,6.72,3,0.0,,,
2064,2.3440,-0.1129,-0.0773,2.966,black,1.000,50.25,1,1,1,0,11.80,3,3.2,22|21,2088,2088
2065,2.3440,-0.1098,-0.1930,3.005,good,0.007,2.89,0,0,0,0,9.82,3,0.0,,,
2069,2.3440,-0.1182,0.1304,2.937,good,0.039,12.65,0,0,0,0,14.28,2,0.0,,,
2070,2.3440,-0.1194,-0.0507,2.972,good,0.000,2.60,0,0,0,0,13.82,2,0.0,,,
2071,2.3440,-0.1193,-0.0226,2.994,faded,0.535,3.22,1,1,1,0,13.24,2,3.2,29|28,2025,2025
2072,2.3440,-0.1183,-0.0033,2.994,good,0.202,3.09,0,0,0,0,12.93,2,0.0,,,
2073,2.3440,-0.1171,-0.2110,3.002,good,0.000,2.63,0,0,0,0,12.31,2,0.0,,,
2074,2.3440,-0.1145,-0.1808,3.338,good,0.002,3.24,0,0,0,0,4.26,2,0.0,,,
2075,2.3440,-0.1155,-0.1674,2.990,good,0.000,1.90,0,0,0,0,12.09,2,0.0,,,
2077,2.3480,-0.1194,0.1016,2.861,faded,0.876,6.39,1,1,1,0,16.70,2,3.1,45|44,2030|2038,2038
2081,2.3480,-0.1045,-0.0064,3.000,good,0.002,6.02,0,0,0,0,8.16,1,0.0,,,
2076,2.3520,-0.1191,0.1765,1.813,insect,1.000,7.03,1,1,1,0,60.83,3,3.1,54,2036,
2079,2.3520,-0.1183,-0.0884,3.008,good,0.035,4.04,0,0,0,0,12.57,2,0.0,,,
2080,2.3520,-0.1283,-0.0084,3.000,sour,1.000,14.68,1,1,1,0,12.11,1,3.2,30|31,,
2085,2.3520,-0.1200,-0.0642,3.000,stone,1.000,10.48,1,1,1,0,13.32,1,9.1,23|24|22,2077,
2086,2.3520,-0.1163,-0.0120,3.000,sour,1.000,15.27,1,1,1,0,12.10,1,3.2,30,2048,
2078,2.3560,-0.1114,-0.2291,2.981,good,0.000,3.33,0,0,0,0,10.92,3,0.0,,,
2084,2.3560,-0.1162,-0.0888,2.996,good,0.000,3.06,0,0,0,0,12.16,2,0.0,,,
2090,2.3560,-0.1043,-0.0156,3.000,sour,1.000,14.41,1,1,1,0,8.09,1,3.2,29|30,2048,
2091,2.3560,-0.1020,0.1003,3.000,broken,1.000,5.97,1,1,1,0,7.32,1,2.4,44|45,2030,
2082,2.3600,-0.1139,0.0577,3.051,good,0.000,2.22,0,0,0,0,10.13,3,0.0,,,
2083,2.3600,-0.1114,-0.1776,3.017,good,0.001,2.37,0,0,0,0,10.10,3,0.0,,,
2088,2.3600,-0.1183,-0.1129,3.091,husk,0.959,12.06,1,1,1,0,10.61,2,2.4,17,2054,
2089,2.3600,-0.1182,-0.0703,2.938,good,0.001,2.84,0,0,0,0,14.27,2,0.0,,,
2087,2.3640,-0.1137,0.0987,3.005,good,0.007,1.84,0,0,0,0,11.10,3,0.0,,,
2092,2.3640,-0.1199,-0.1379,3.018,good,0.000,3.23,0,0,0,0,12.88,2,0.0,,,
2093,2.3640,-0.1190,-0.0316,2.996,good,0.002,3.28,0,0,0,0,13.10,2,0.0,,,
2094,2.3640,-0.1194,0.0009,3.013,good,0.000,3.07,0,0,0,0,12.81,2,0.0,,,
2095,2.3640,-0.1191,0.1272,2.996,good,0.015,3.03,0,0,0,0,13.13,2,0.0,,,
2096,2.3640,-0.1171,0.1923,3.007,good,0.057,7.72,0,0,0,0,12.20,2,0.0,,,
2097,2.3640,-0.1170,-0.1602,3.057,good,0.000,3.04,0,0,0,0,11.00,2,0.0,,,
2098,2.3720,-0.1110,-0.1511,3.017,good,0.000,4.46,0,0,0,0,9.92,3,0.0,,,
2099,2.3720,-0.1110,0.0231,3.004,sour,1.000,14.67,1,1,1,0,10.24,3,3.2,34|35,2063,2063
2100,2.3760,-0.1107,0.1940,3.051,good,0.023,2.28,0,0,0,0,9.06,3,0.0,,,
2101,2.3760,-0.1194,-0.2029,3.058,sour,1.000,15.16,1,1,1,0,11.72,2,3.2,6|5,2097|2102,2102
2102,2.3760,-0.1169,-0.0789,2.998,good,0.000,2.38,0,0,0,0,12.35,2,0.0,,,
2103,2.3760,-0.1121,0.1580,3.450,good,0.000,3.13,0,0,0,0,1.49,2,0.0,,,
2104,2.3760,-0.1283,-0.0186,3.000,good,0.003,2.57,0,0,0,0,12.09,1,0.0,,,
2105,2.3760,-0.1281,-0.0111,3.000,good,0.001,1.73,0,0,0,0,12.03,1,0.0,,,
2108,2.3760,-0.1160,-0.0144,3.000,good,0.040,7.21,0,0,0,0,12.00,1,0.0,,,
2107,2.3800,-0.1189,0.1055,3.004,good,0.000,4.17,0,0,0,0,12.88,2,0.0,,,
2106,2.3840,-0.1120,-0.0344,3.032,good,0.002,2.84,0,0,0,0,9.90,3,0.0,,,
2111,2.3840,-0.1185,-0.1919,3.054,broken,0.924,3.29,1,1,1,0,11.55,2,2.4,7,2091,2091
2109,2.3880,-0.1129,0.1965,3.069,faded,0.993,4.98,1,1,1,0,9.37,3,3.2,57|56,2092,2092
2110,2.3880,-0.1130,0.0024,2.994,good,0.143,8.42,0,0,0,0,11.12,3,0.0,,,
2114,2.3880,-0.1192,0.0163,2.981,good,0.000,3.96,0,0,0,0,13.53,2,0.0,,,
2112,2.3920,-0.1133,0.2093,3.082,good,0.000,1.83,0,0,0,0,9.21,3,0.0,,,
2113,2.3920,-0.1116,0.2003,3.007,good,0.002,1.94,0,0,0,0,10.35,3,0.0,,,
2115,2.3920,-0.1175,-0.0462,3.001,good,0.000,2.16,0,0,0,0,12.49,2,0.0,,,
2116,2.3920,-0.1153,0.0250,3.000,good,0.001,2.32,0,0,0,0,11.77,2,0.0,,,
2118,2.3960,-0.1188,0.0358,3.038,good,0.176,2.76,0,0,0,0,12.01,2,0.0,,,
2117,2.4000,-0.1095,0.0037,2.901,good,0.000,8.68,0,0,0,0,12.24,3,0.0,,,
2119,2.4000,-0.1178,0.0874,3.096,good,0.007,2.29,0,0,0,0,10.34,2,0.0,,,
2120,2.4000,-0.1145,0.0114,3.282,good,0.004,1.75,0,0,0,0,5.35,2,0.0,,,
2126,2.4040,-0.1190,0.0416,3.001,insect,1.000,3.07,1,1,1,0,12.98,2,3.1,37,2116,2116
2127,2.4040,-0.1168,0.0972,2.948,good,0.000,2.10,0,0,0,0,13.54,2,0.0,,,
2121,2.4080,-0.1162,0.1523,2.978,husk,1.000,11.88,1,1,1,0,12.61,3,2.4,51,2119,
2122,2.4080,-0.1142,-0.1500,2.992,good,0.001,1.86,0,0,0,0,11.60,3,0.0,,,
2123,2.4080,-0.1137,-0.1042,2.981,good,0.000,3.11,0,0,0,0,11.69,3,0.0,,,
2124,2.4080,-0.1128,-0.0713,2.995,good,0.000,1.56,0,0,0,0,11.07,3,0.0,,,
2125,2.4080,-0.1111,0.0822,2.993,broken,1.000,2.29,1,1,1,0,10.53,3,2.4,42,2110,2110
2130,2.4080,-0.1179,0.2179,2.996,good,0.000,2.05,0,0,0,0,12.74,2,0.0,,,
2128,2.4120,-0.1268,0.0939,3.450,shell,1.000,7.56,1,1,1,0,1.75,2,2.4,44|43,,
2129,2.4120,-0.1142,-0.1674,3.143,shell,0.972,12.57,1,1,1,0,8.16,3,2.4,10,2104,2104
2134,2.4120,-0.1194,0.1339,3.002,good,0.005,8.21,0,0,0,0,13.10,2,0.0,,,
2135,2.4120,-0.1172,-0.0729,2.989,good,0.000,3.86,0,0,0,0,12.69,2,0.0,,,
2141,2.4120,-0.1127,0.0974,3.000,shell,1.000,7.33,1,1,1,0,10.89,1,2.4,44,2163,
2142,2.4120,-0.1043,0.1555,3.000,husk,1.000,11.59,1,1,1,0,8.09,1,2.4,51|52,2119,
2131,2.4160,-0.1164,-0.0985,2.828,good,0.000,3.37,0,0,0,0,16.52,3,0.0,,,
2132,2.4160,-0.1107,0.0553,2.999,good,0.000,4.02,0,0,0,0,10.24,3,0.0,,,
2133,2.4160,-0.1136,0.1522,2.599,good,0.002,2.85,0,0,0,0,22.21,3,0.0,,,
2136,2.4200,-0.1145,0.0237,3.201,good,0.020,1.98,0,0,0,0,6.99,3,0.0,,,
2137,2.4200,-0.1119,-0.1046,2.964,good,0.002,2.79,0,0,0,0,11.51,3,0.0,,,
2138,2.4200,-0.1100,-0.0828,3.278,good,0.000,2.67,0,0,0,0,4.08,3,0.0,,,
2139,2.4200,-0.1118,0.1132,3.184,good,0.000,2.74,0,0,0,0,6.51,3,0.0,,,
2140,2.4200,-0.1089,0.1633,2.904,good,0.001,5.16,0,0,0,0,11.94,3,0.0,,,
2144,2.4200,-0.1194,0.2140,3.005,good,0.001,9.75,0,0,0,0,13.03,2,0.0,,,
2146,2.4200,-0.1195,0.0130,2.619,good,0.000,1.75,0,0,0,0,23.82,2,0.0,,,
2143,2.4240,-0.1139,-0.2217,2.998,black,1.000,52.95,1,1,1,0,11.35,3,3.2,3,2117,2117
2145,2.4240,-0.1126,-0.2440,2.470,black,1.000,50.99,1,1,1,0,26.07,3,3.2,0,2118,
2148,2.4240,-0.1177,-0.1702,2.997,good,0.000,2.34,0,0,0,0,12.63,2,0.0,,,
2149,2.4240,-0.1157,0.0361,3.386,faded,0.770,4.62,1,1,1,0,3.73,2,3.2,36,2152,
2147,2.4280,-0.1142,-0.0036,3.007,insect,1.000,5.73,1,1,1,0,11.22,3,3.1,31,2122,2122
2152,2.4280,-0.1163,0.1151,3.159,good,0.000,2.89,0,0,0,0,8.48,2,0.0,,,
2156,2.4280,-0.1022,0.0392,3.000,faded,0.697,4.60,1,1,1,0,7.40,1,3.2,37|36,2152,
2150,2.4320,-0.1153,0.1078,2.754,good,0.328,3.08,0,0,0,0,18.18,3,0.0,,,
2151,2.4320,-0.1090,0.2333,3.162,good,0.001,3.09,0,0,0,0,6.10,3,0.0,,,
2153,2.4360,-0.1154,0.0975,2.997,good,0.000,2.61,0,0,0,0,11.88,3,0.0,,,
2154,2.4360,-0.1133,-0.0225,2.842,good,0.168,4.49,0,0,0,0,15.06,3,0.0,,,
2155,2.4360,-0.1105,-0.1194,3.006,good,0.002,1.85,0,0,0,0,10.04,3,0.0,,,
2162,2.4360,-0.1043,0.1116,3.000,good,0.132,3.09,0,0,0,0,8.08,1,0.0,,,
2157,2.4400,-0.1130,0.0509,3.003,good,0.069,3.58,0,0,0,0,10.94,3,0.0,,,
2158,2.4400,-0.1126,0.1540,3.001,good,0.000,1.98,0,0,0,0,10.86,3,0.0,,,
2159,2.4400,-0.1143,-0.0580,2.621,good,0.013,6.25,0,0,0,0,21.76,3,0.0,,,
2160,2.4400,-0.1107,0.1828,2.981,good,0.001,2.56,0,0,0,0,10.68,3,0.0,,,
2166,2.4400,-0.1112,-0.0634,3.000,good,0.000,2.21,0,0,0,0,10.40,1,0.0,,,
2161,2.4440,-0.1148,-0.0107,2.991,good,0.000,2.90,0,0,0,0,11.81,3,0.0,,,
2163,2.4480,-0.1145,0.0588,3.018,good,0.018,7.24,0,0,0,0,11.07,3,0.0,,,
2164,2.4480,-0.1132,0.1058,2.957,good,0.429,2.64,0,0,0,0,12.10,3,0.0,,,
2165,2.4480,-0.1103,0.1448,2.823,good,0.028,3.80,0,0,0,0,14.48,3,0.0,,,
2169,2.4480,-0.1191,-0.0697,3.014,good,0.011,9.35,0,0,0,0,12.69,2,0.0,,,
2173,2.4480,-0.1171,0.0411,2.999,good,0.000,3.34,0,0,0,0,12.37,2,0.0,,,
2167,2.4520,-0.1147,-0.1845,3.002,good,0.015,1.87,0,0,0,0,11.54,3,0.0,,,
2168,2.4520,-0.1152,-0.1547,2.994,good,0.000,2.56,0,0,0,0,11.88,3,0.0,,,
2170,2.4520,-0.1083,-0.1674,3.273,good,0.000,2.77,0,0,0,0,3.63,3,0.0,,,
2171,2.4520,-0.1092,-0.1429,2.994,good,0.000,2.82,0,0,0,0,9.87,3,0.0,,,
2172,2.4520,-0.1112,-0.0343,2.776,good,0.001,3.11,0,0,0,0,16.11,3,0.0,,,
2174,2.4520,-0.1173,0.0766,3.016,good,0.001,3.22,0,0,0,0,12.05,2,0.0,,,
2180,2.4520,-0.1036,0.0626,3.000,good,0.000,4.73,0,0,0,0,7.87,1,0.0,,,
2181,2.4520,-0.1012,0.0542,3.000,good,0.000,2.49,0,0,0,0,7.05,1,0.0,,,
2176,2.4600,-0.1250,-0.0009,3.166,good,0.125,6.21,0,0,0,0,7.06,2,0.0,,,
2177,2.4600,-0.1147,0.0327,2.835,good,0.000,3.00,0,0,0,0,15.74,3,0.0,,,
2178,2.4600,-0.1120,0.2196,3.018,good,0.123,6.97,0,0,0,0,10.24,3,0.0,,,
2179,2.4600,-0.1109,0.1840,2.996,good,0.000,1.95,0,0,0,0,10.39,3,0.0,,,
2185,2.4600,-0.1266,-0.0077,3.000,good,0.005,5.10,0,0,0,0,11.52,1,0.0,,,
2189,2.4600,-0.1155,-0.0110,3.000,good,0.004,5.27,0,0,0,0,11.83,1,0.0,,,
2190,2.4600,-0.1122,0.0022,3.000,good,0.110,2.31,0,0,0,0,10.74,1,0.0,,,
2175,2.4640,-0.1106,-0.1671,2.494,good,0.306,3.58,0,0,0,0,24.45,4,0.0,,,
2182,2.4640,-0.1138,-0.1477,3.005,good,0.000,2.37,0,0,0,0,11.13,3,0.0,,,
2183,2.4640,-0.1117,0.0502,2.998,good,0.000,4.07,0,0,0,0,10.60,3,0.0,,,
2184,2.4640,-0.1110,-0.0545,3.011,black,1.000,55.27,1,1,1,0,10.06,3,3.2,25|24,2174,2174
2188,2.4640,-0.1179,0.1447,3.322,broken,1.000,14.07,1,1,1,0,5.58,2,2.4,50,2203,
2196,2.4640,-0.1045,-0.0142,3.000,good,0.001,5.11,0,0,0,0,8.15,1,0.0,,,
2186,2.4680,-0.1154,0.0793,2.999,good,0.000,3.15,0,0,0,0,11.81,3,0.0,,,
2187,2.4680,-0.1150,-0.1522,2.698,good,0.026,3.69,0,0,0,0,19.67,3,0.0,,,
2194,2.4680,-0.1165,0.1456,2.998,good,0.000,2.71,0,0,0,0,12.22,2,0.0,,,
2195,2.4680,-0.1169,-0.1912,3.000,good,0.001,1.98,0,0,0,0,12.31,2,0.0,,,
2203,2.4680,-0.1046,0.1496,3.000,broken,1.000,14.54,1,1,1,0,8.19,1,2.4,51|50,2203,
2191,2.4720,-0.1167,0.0493,2.826,good,0.015,9.29,0,0,0,0,16.67,3,0.0,,,
2192,2.4720,-0.1118,0.1033,3.028,good,0.000,2.30,0,0,0,0,9.94,3,0.0,,,
2193,2.4720,-0.1101,0.0896,3.006,good,0.000,3.19,0,0,0,0,9.91,3,0.0,,,
2199,2.4720,-0.1181,-0.1126,3.003,good,0.005,11.92,0,0,0,0,12.63,2,0.0,,,
2201,2.4720,-0.1198,-0.0796,2.998,good,0.001,2.42,0,0,0,0,13.30,2,0.0,,,
2202,2.4720,-0.1189,0.1728,2.729,good,0.003,3.26,0,0,0,0,20.22,2,0.0,,,
2197,2.4760,-0.1127,-0.2350,3.004,good,0.001,2.57,0,0,0,0,10.80,3,0.0,,,
2198,2.4760,-0.1105,-0.0443,2.882,good,0.003,4.16,0,0,0,0,13.03,3,0.0,,,
2200,2.4760,-0.1097,-0.1071,2.985,insect,0.687,17.63,1,1,1,0,10.26,3,3.1,18,2189,2189
2204,2.4800,-0.1120,-0.1982,3.005,good,0.004,2.41,0,0,0,0,10.55,3,0.0,,,
2206,2.4800,-0.1195,-0.0427,3.007,good,0.000,5.55,0,0,0,0,13.00,2,0.0,,,
2207,2.4800,-0.1184,-0.1941,3.000,good,0.000,1.51,0,0,0,0,12.80,2,0.0,,,
2205,2.4840,-0.1126,0.0688,3.002,good,0.000,2.02,0,0,0,0,10.82,3,0.0,,,
2211,2.4840,-0.1173,-0.2306,3.080,good,0.000,1.91,0,0,0,0,10.55,2,0.0,,,
2212,2.4840,-0.1182,0.1911,2.799,good,0.002,3.33,0,0,0,0,17.95,2,0.0,,,
2208,2.4880,-0.1155,-0.0876,3.001,good,0.000,2.32,0,0,0,0,11.79,3,0.0,,,
2209,2.4880,-0.1109,-0.0443,2.994,good,0.000,5.54,0,0,0,0,10.46,3,0.0,,,
2210,2.4880,-0.1082,0.1458,2.996,good,0.000,1.59,0,0,0,0,9.48,3,0.0,,,
2213,2.4880,-0.1170,-0.1295,3.001,faded,0.999,4.66,1,1,1,0,12.30,2,3.2,15,2187,2187
2216,2.4920,-0.1164,0.1073,3.006,good,0.000,3.70,0,0,0,0,11.98,2,0.0,,,
2214,2.4960,-0.1131,0.1120,3.057,good,0.000,2.19,0,0,0,0,9.72,3,0.0,,,
2215,2.4960,-0.1085,-0.0834,2.993,good,0.000,2.13,0,0,0,0,9.64,3,0.0,,,
2219,2.4960,-0.1154,-0.1067,3.450,good,0.000,2.38,0,0,0,0,2.44,2,0.0,,,
2217,2.5000,-0.1111,-0.0719,3.000,good,0.000,1.66,0,0,0,0,10.36,3,0.0,,,
2218,2.5000,-0.1105,-0.0829,3.006,good,0.000,2.26,0,0,0,0,10.03,3,0.0,,,
2221,2.5000,-0.1178,-0.0507,3.376,good,0.000,2.80,0,0,0,0,4.51,2,0.0,,,
2222,2.5000,-0.1173,-0.2143,3.004,good,0.000,1.76,0,0,0,0,12.34,2,0.0,,,
2220,2.5040,-0.1082,-0.1298,3.135,good,0.000,2.61,0,0,0,0,6.42,3,0.0,,,
2225,2.5040,-0.1188,0.0773,2.990,black,1.000,44.66,1,1,1,0,13.18,2,3.2,41|42,2190,2190
2226,2.5040,-0.1191,0.1283,3.008,good,0.000,2.98,0,0,0,0,12.85,2,0.0,,,
2223,2.5080,-0.1146,0.1119,2.947,black,1.000,50.63,1,1,1,0,12.81,3,3.2,46,2210,
2224,2.5080,-0.1122,0.0327,2.939,good,0.025,2.90,0,0,0,0,12.20,3,0.0,,,
2230,2.5080,-0.1159,0.2139,3.002,faded,0.999,6.07,1,1,1,0,11.94,2,3.2,59,2196,2196
2227,2.5120,-0.1090,-0.0451,3.359,good,0.000,2.92,0,0,0,0,2.23,3,0.0,,,
2228,2.5120,-0.1104,-0.1373,3.002,faded,1.000,4.24,1,1,1,0,10.07,3,3.2,14,2212,2212
2229,2.5120,-0.1086,-0.2004,3.077,good,0.000,2.81,0,0,0,0,7.81,3,0.0,,,
2235,2.5120,-0.1199,-0.2081,3.077,good,0.004,6.19,0,0,0,0,11.47,2,0.0,,,
2236,2.5120,-0.1181,0.1255,2.878,good,0.004,3.40,0,0,0,0,15.76,2,0.0,,,
2231,2.5160,-0.1149,0.1878,2.994,good,0.000,1.83,0,0,0,0,11.77,3,0.0,,,
2232,2.5160,-0.1137,-0.1446,2.878,good,0.016,2.84,0,0,0,0,14.25,3,0.0,,,
2233,2.5160,-0.1120,-0.1811,2.937,good,0.003,3.40,0,0,0,0,12.18,3,0.0,,,
2234,2.5160,-0.1099,-0.1288,3.095,good,0.380,3.20,0,0,0,0,7.81,3,0.0,,,
2241,2.5160,-0.1162,0.1550,3.057,good,0.001,3.11,0,0,0,0,10.71,2,0.0,,,
2237,2.5200,-0.1151,-0.1846,3.015,good,0.000,1.52,0,0,0,0,11.35,3,0.0,,,
2238,2.5200,-0.1117,-0.2186,2.984,good,0.004,6.24,0,0,0,0,10.95,3,0.0,,,
2239,2.5200,-0.1074,0.1026,3.422,good,0.000,2.28,0,0,0,0,0.62,3,0.0,,,
2240,2.5200,-0.1092,-0.2356,3.001,good,0.000,1.90,0,0,0,0,9.71,3,0.0,,,
2245,2.5200,-0.1160,-0.2008,3.013,faded,0.935,5.83,1,1,1,0,11.67,2,3.2,6,2217|2239,2217|2239
2246,2.5200,-0.1184,0.1102,3.024,good,0.000,1.89,0,0,0,0,12.23,2,0.0,,,
2247,2.5200,-0.1172,0.1311,2.994,faded,0.974,4.31,1,1,1,0,12.54,2,3.2,48,2232,2232
2242,2.5240,-0.1139,-0.1671,3.019,good,0.001,2.45,0,0,0,0,10.84,3,0.0,,,
2243,2.5240,-0.1140,-0.0423,3.005,good,0.000,2.94,0,0,0,0,11.22,3,0.0,,,
2244,2.5240,-0.1100,0.1009,3.003,good,0.000,2.38,0,0,0,0,9.93,3,0.0,,,
2248,2.5280,-0.1130,0.0617,3.017,good,0.000,4.09,0,0,0,0,10.59,3,0.0,,,
2249,2.5280,-0.1146,0.0982,2.415,good,0.000,3.75,0,0,0,0,28.85,3,0.0,,,
2254,2.5280,-0.1174,-0.2185,3.029,good,0.010,3.08,0,0,0,0,11.76,2,0.0,,,
2255,2.5280,-0.1165,-0.1460,3.058,good,0.000,3.43,0,0,0,0,10.80,2,0.0,,,
2250,2.5320,-0.1115,-0.1664,2.998,good,0.000,2.34,0,0,0,0,10.54,3,0.0,,,
2251,2.5320,-0.1111,-0.1233,3.044,good,0.003,2.74,0,0,0,0,9.33,3,0.0,,,
2252,2.5320,-0.1124,-0.0856,3.006,good,0.000,2.73,0,0,0,0,10.67,3,0.0,,,
2253,2.5320,-0.1102,-0.0641,2.946,good,0.038,4.35,0,0,0,0,11.34,3,0.0,,,
2256,2.5360,-0.1137,-0.2418,3.001,good,0.002,2.19,0,0,0,0,11.20,3,0.0,,,
2257,2.5360,-0.1112,0.2337,3.005,good,0.008,4.05,0,0,0,0,10.28,3,0.0,,,
2258,2.5360,-0.1088,-0.0125,2.987,good,0.001,2.37,0,0,0,0,9.90,3,0.0,,,
2262,2.5360,-0.1126,0.1427,3.450,good,0.001,5.58,0,0,0,0,1.61,2,0.0,,,
2259,2.5400,-0.1126,-0.0951,2.976,good,0.000,2.17,0,0,0,0,11.42,3,0.0,,,
2260,2.5400,-0.1096,0.0980,3.028,good,0.000,2.55,0,0,0,0,9.24,3,0.0,,,
2261,2.5400,-0.1086,0.1264,2.968,good,0.002,2.56,0,0,0,0,10.27,3,0.0,,,
2264,2.5400,-0.1183,-0.1542,3.033,good,0.000,2.93,0,0,0,0,11.99,2,0.0,,,
2263,2.5440,-0.1109,-0.2139,2.994,good,0.000,3.48,0,0,0,0,10.43,3,0.0,,,
2266,2.5440,-0.1183,0.1360,2.973,sour,1.000,29.02,1,1,1,0,13.42,2,3.2,49,2236,2236
2267,2.5440,-0.1177,0.0941,2.997,good,0.000,3.29,0,0,0,0,12.65,2,0.0,,,
2268,2.5440,-0.1118,0.1480,3.450,good,0.003,6.07,0,0,0,0,1.40,2,0.0,,,
2265,2.5480,-0.1105,0.2065,3.029,good,0.003,2.56,0,0,0,0,9.49,3,0.0,,,
2271,2.5480,-0.1190,0.0930,2.993,good,0.000,2.03,0,0,0,0,13.19,2,0.0,,,
2272,2.5480,-0.1162,0.1600,3.030,good,0.004,4.67,0,0,0,0,11.37,2,0.0,,,
2269,2.5520,-0.1129,0.1437,3.010,good,0.052,13.50,0,0,0,0,10.75,3,0.0,,,
2270,2.5520,-0.1107,-0.2097,3.005,good,0.000,2.77,0,0,0,0,10.13,3,0.0,,,
2273,2.5560,-0.1152,0.1355,2.997,good,0.001,5.59,0,0,0,0,11.82,3,0.0,,,
2274,2.5560,-0.1105,-0.0633,3.002,faded,1.000,5.37,1,1,1,0,10.12,3,3.2,23|24,2274,2274
2275,2.5560,-0.1101,-0.0897,2.934,good,0.024,3.01,0,0,0,0,11.63,3,0.0,,,
2278,2.5560,-0.1198,0.2293,2.998,black,1.000,50.53,1,1,1,0,13.31,2,3.2,61,2243,2243
2279,2.5560,-0.1187,0.1697,3.000,black,1.000,49.91,1,1,1,0,12.91,2,3.2,53,2247,2247
2280,2.5560,-0.1156,-0.0799,2.993,good,0.001,2.24,0,0,0,0,12.04,2,0.0,,,
2276,2.5600,-0.1128,-0.0028,2.956,good,0.090,3.83,0,0,0,0,11.99,3,0.0,,,
2277,2.5600,-0.1128,-0.1061,2.994,good,0.000,2.25,0,0,0,0,11.07,3,0.0,,,
2283,2.5600,-0.1182,-0.0321,2.929,good,0.000,10.10,0,0,0,0,14.50,2,0.0,,,
2284,2.5600,-0.1146,-0.2163,3.450,faded,0.747,3.92,1,1,1,0,2.19,2,3.2,4,2278,
2285,2.5600,-0.1156,0.0634,3.185,good,0.000,2.41,0,0,0,0,7.69,2,0.0,,,
2281,2.5640,-0.1280,-0.1001,2.732,good,0.000,3.59,0,0,0,0,19.45,2,0.0,,,
2282,2.5640,-0.1108,0.0742,3.005,good,0.000,1.93,0,0,0,0,10.13,3,0.0,,,
2290,2.5640,-0.1149,0.0381,3.181,insect,1.000,5.60,1,1,1,0,7.56,2,3.1,36|37,2261,2261
2295,2.5640,-0.1170,-0.1036,3.000,good,0.000,3.65,0,0,0,0,12.35,1,0.0,,,
2286,2.5680,-0.1142,-0.0601,2.999,good,0.000,3.06,0,0,0,0,11.45,3,0.0,,,
2287,2.5680,-0.1107,0.2287,2.988,good,0.000,2.57,0,0,0,0,10.52,3,0.0,,,
2288,2.5680,-0.1112,0.0878,3.002,good,0.000,3.49,0,0,0,0,10.35,3,0.0,,,
2289,2.5680,-0.1109,0.2373,2.929,good,0.002,2.84,0,0,0,0,12.00,3,0.0,,,
2294,2.5680,-0.1200,0.0946,2.933,good,0.001,2.08,0,0,0,0,15.01,2,0.0,,,
2291,2.5720,-0.1161,-0.1422,3.023,good,0.000,2.25,0,0,0,0,11.49,3,0.0,,,
2292,2.5720,-0.1155,-0.0063,2.999,good,0.000,3.60,0,0,0,0,11.85,3,0.0,,,
2293,2.5720,-0.1132,-0.2430,2.735,good,0.010,3.50,0,0,0,0,17.96,3,0.0,,,
2299,2.5720,-0.1169,-0.0890,3.119,good,0.001,4.39,0,0,0,0,9.55,2,0.0,,,
2296,2.5760,-0.1083,0.1666,3.013,stick,1.000,69.45,1,1,1,0,9.12,3,2.4,53,2254,2254
2297,2.5760,-0.1355,0.1244,3.000,good,0.002,2.44,0,0,0,0,10.49,1,0.0,,,
2298,2.5760,-0.1206,0.1502,2.887,good,0.024,7.12,0,0,0,0,12.39,2,0.0,,,
2304,2.5760,-0.1194,0.0221,2.997,good,0.000,1.70,0,0,0,0,13.19,2,0.0,,,
2305,2.5760,-0.1177,-0.2144,3.004,broken,0.978,1.60,1,1,1,0,12.48,2,2.4,4,2273,2273
2306,2.5760,-0.1163,0.1190,2.802,good,0.001,5.77,0,0,0,0,17.20,2,0.0,,,
2310,2.5760,-0.1116,0.1539,3.000,good,0.002,7.28,0,0,0,0,10.54,1,0.0,,,
2311,2.5760,-0.1066,0.1468,3.000,good,0.002,2.48,0,0,0,0,8.86,1,0.0,,,
2300,2.5800,-0.1163,0.0361,3.003,sour,1.000,16.53,1,1,1,0,12.03,3,3.2,36,2324,2324
2301,2.5800,-0.1153,-0.0590,2.828,good,0.000,2.66,0,0,0,0,16.13,3,0.0,,,
2302,2.5800,-0.1084,0.1328,3.016,good,0.000,2.47,0,0,0,0,9.08,3,0.0,,,
2303,2.5800,-0.1082,-0.0964,2.954,good,0.000,2.44,0,0,0,0,10.51,3,0.0,,,
2309,2.5800,-0.1141,-0.0766,3.214,good,0.000,2.27,0,0,0,0,6.60,2,0.0,,,
2307,2.5840,-0.1139,0.0654,3.041,good,0.000,2.91,0,0,0,0,10.35,3,0.0,,,
2308,2.5840,-0.1164,0.1724,2.900,good,0.005,3.56,0,0,0,0,14.63,3,0.0,,,
2316,2.5840,-0.1195,-0.0306,2.835,sour,1.000,14.33,1,1,1,0,17.42,2,3.2,28|27,2296,
2317,2.5840,-0.1179,0.1275,2.940,good,0.003,2.02,0,0,0,0,14.12,2,0.0,,,
2321,2.5840,-0.1040,-0.0560,3.000,good,0.000,2.56,0,0,0,0,8.00,1,0.0,,,
2312,2.5880,-0.1353,-0.1094,3.000,good,0.001,3.98,0,0,0,0,10.45,1,0.0,,,
2313,2.5880,-0.1215,0.2294,3.450,good,0.011,8.41,0,0,0,0,0.20,2,0.0,,,
2314,2.5880,-0.1089,0.1389,2.997,faded,0.978,4.02,1,1,1,0,9.73,3,3.2,49,2295,2295
2315,2.5880,-0.1087,0.0343,2.999,good,0.000,2.95,0,0,0,0,9.59,3,0.0,,,
2319,2.5880,-0.1179,-0.1257,2.873,good,0.436,3.41,0,0,0,0,15.85,2,0.0,,,
2320,2.5880,-0.1231,-0.1126,3.000,good,0.001,4.27,0,0,0,0,10.36,1,0.0,,,
2325,2.5880,-0.1108,-0.1158,3.000,good,0.001,3.98,0,0,0,0,10.26,1,0.0,,,
2326,2.5880,-0.1077,0.2328,3.000,good,0.005,7.34,0,0,0,0,9.22,1,0.0,,,
2318,2.5920,-0.1144,0.2217,3.008,good,0.001,4.77,0,0,0,0,11.28,3,0.0,,,
2322,2.5960,-0.1304,-0.1265,2.471,good,0.001,2.39,0,0,0,0,29.21,2,0.0,,,
2323,2.5960,-0.1127,-0.1954,3.010,good,0.000,2.18,0,0,0,0,10.65,3,0.0,,,
2324,2.5960,-0.1106,-0.2150,3.009,good,0.001,2.01,0,0,0,0,10.01,3,0.0,,,
2327,2.6000,-0.1241,-0.1256,3.450,good,0.004,6.73,0,0,0,0,0.96,2,0.0,,,
2328,2.6000,-0.1098,0.1214,2.996,good,0.003,4.19,0,0,0,0,10.02,3,0.0,,,
2331,2.6000,-0.1177,0.0927,3.001,faded,0.958,3.74,1,1,1,0,12.55,2,3.2,43|44,2315,2315
2335,2.6000,-0.1138,-0.1285,3.000,good,0.017,4.91,0,0,0,0,11.25,1,0.0,,,
2329,2.6040,-0.1115,-0.1643,2.989,good,0.000,2.03,0,0,0,0,10.76,3,0.0,,,
2330,2.6040,-0.1098,0.0598,3.027,good,0.000,2.44,0,0,0,0,9.29,3,0.0,,,
2332,2.6040,-0.1204,-0.1401,2.556,good,0.000,1.77,0,0,0,0,22.23,2,0.0,,,
2334,2.6040,-0.1179,-0.0907,3.001,good,0.000,2.54,0,0,0,0,12.60,2,0.0,,,
2341,2.6040,-0.1056,-0.1326,3.000,good,0.003,11.71,0,0,0,0,8.52,1,0.0,,,
2333,2.6080,-0.1144,-0.0056,3.002,good,0.000,2.62,0,0,0,0,11.42,3,0.0,,,
2339,2.6080,-0.1189,-0.0502,3.001,faded,0.992,3.60,1,1,1,0,12.95,2,3.2,25,2310,2310
2340,2.6080,-0.1197,0.0737,2.815,good,0.000,2.55,0,0,0,0,18.05,2,0.0,,,
2336,2.6120,-0.1257,-0.0719,2.838,good,0.036,2.23,0,0,0,0,15.52,2,0.0,,,
2337,2.6120,-0.1129,-0.0162,3.019,good,0.000,1.72,0,0,0,0,10.50,3,0.0,,,
2338,2.6120,-0.1206,-0.0632,2.573,good,0.024,2.53,0,0,0,0,21.75,2,0.0,,,
2344,2.6120,-0.1194,0.1934,3.016,good,0.012,5.42,0,0,0,0,12.76,2,0.0,,,
2345,2.6120,-0.1170,0.1803,2.998,good,0.000,2.32,0,0,0,0,12.38,2,0.0,,,
2350,2.6120,-0.1123,-0.0675,3.000,good,0.008,6.66,0,0,0,0,10.77,1,0.0,,,
2342,2.6160,-0.1093,-0.0896,2.981,sour,1.000,21.45,1,1,1,0,10.20,3,3.2,20,2313,2313
2343,2.6160,-0.1213,-0.0628,3.037,good,0.000,1.85,0,0,0,0,8.86,2,0.0,,,
2347,2.6160,-0.1189,0.2095,3.007,good,0.008,2.67,0,0,0,0,12.78,2,0.0,,,
2348,2.6160,-0.1177,0.1903,2.983,good,0.001,2.25,0,0,0,0,12.97,2,0.0,,,
2349,2.6160,-0.1157,-0.0371,3.038,good,0.000,3.14,0,0,0,0,11.00,2,0.0,,,
2346,2.6200,-0.1080,0.1055,3.001,good,0.000,1.88,0,0,0,0,9.33,3,0.0,,,
2354,2.6200,-0.1187,-0.0406,2.997,good,0.000,2.46,0,0,0,0,12.95,2,0.0,,,
2355,2.6200,-0.1171,-0.0975,3.016,good,0.000,2.24,0,0,0,0,11.96,2,0.0,,,
2351,2.6240,-0.1151,-0.1583,2.984,good,0.000,2.15,0,0,0,0,12.09,3,0.0,,,
2352,2.6240,-0.1116,-0.1327,3.054,good,0.012,2.66,0,0,0,0,9.29,3,0.0,,,
2353,2.6240,-0.1095,0.0606,3.014,good,0.000,8.24,0,0,0,0,9.52,3,0.0,,,
2356,2.6240,-0.1099,-0.1217,3.450,shell,1.000,13.35,1,1,1,0,0.83,2,2.4,16,2395,
2358,2.6280,-0.1197,0.1480,2.997,good,0.001,2.37,0,0,0,0,13.31,2,0.0,,,
2359,2.6280,-0.1174,0.1571,3.207,good,0.000,1.79,0,0,0,0,7.77,2,0.0,,,
2357,2.6320,-0.1097,0.0588,2.996,good,0.000,3.43,0,0,0,0,10.01,3,0.0,,,
2361,2.6320,-0.1197,0.0626,3.069,good,0.000,2.29,0,0,0,0,11.59,2,0.0,,,
2362,2.6320,-0.1163,0.2018,2.997,good,0.000,2.63,0,0,0,0,12.19,2,0.0,,,
2360,2.6360,-0.1236,0.0374,2.467,broken,0.643,8.91,1,1,1,0,26.63,2,2.4,36,,
2369,2.6360,-0.1158,0.0425,3.450,good,0.000,6.73,0,0,0,0,2.56,2,0.0,,,
2363,2.6400,-0.1155,0.0778,2.986,good,0.011,3.39,0,0,0,0,12.18,3,0.0,,,
2364,2.6400,-0.1160,-0.0087,2.828,good,0.000,2.53,0,0,0,0,16.36,3,0.0,,,
2365,2.6400,-0.1135,-0.1005,2.959,good,0.001,2.48,0,0,0,0,12.16,3,0.0,,,
2366,2.6400,-0.1096,0.2318,3.000,good,0.071,5.44,0,0,0,0,9.87,3,0.0,,,
2367,2.6400,-0.1087,-0.2023,2.998,good,0.010,2.95,0,0,0,0,9.62,3,0.0,,,
2368,2.6400,-0.1219,-0.1766,2.792,good,0.264,2.82,0,0,0,0,15.47,2,0.0,,,
2371,2.6400,-0.1182,0.2273,3.011,stick,0.998,51.12,1,1,1,0,12.46,2,2.4,61|60,2329|2357,2329|2357
2372,2.6400,-0.1180,-0.0689,2.982,sour,1.000,15.56,1,1,1,0,13.10,2,3.2,23|22,2330,2330
2380,2.6400,-0.1107,-0.1727,3.000,good,0.011,3.12,0,0,0,0,10.22,1,0.0,,,
2370,2.6440,-0.1104,0.1987,3.450,good,0.000,2.38,0,0,0,0,0.98,3,0.0,,,
2378,2.6440,-0.1194,0.0171,3.027,good,0.000,7.11,0,0,0,0,12.49,2,0.0,,,
2379,2.6440,-0.1195,-0.1558,3.003,good,0.000,3.06,0,0,0,0,13.08,2,0.0,,,
2373,2.6480,-0.1153,0.2045,2.986,good,0.002,3.08,0,0,0,0,12.08,3,0.0,,,
2374,2.6480,-0.1136,0.2194,2.988,good,0.004,2.99,0,0,0,0,11.49,3,0.0,,,
2375,2.6480,-0.1132,-0.0971,3.007,good,0.001,1.50,0,0,0,0,10.92,3,0.0,,,
2376,2.6480,-0.1089,0.0485,3.450,good,0.001,3.05,0,0,0,0,0.54,3,0.0,,,
2377,2.6480,-0.1120,0.1099,2.979,good,0.000,2.35,0,0,0,0,11.16,3,0.0,,,
2382,2.6480,-0.1163,0.1474,3.016,good,0.000,1.76,0,0,0,0,11.71,2,0.0,,,
2381,2.6520,-0.1152,0.0360,3.027,good,0.000,2.59,0,0,0,0,11.10,3,0.0,,,
2386,2.6520,-0.1198,0.1899,3.013,good,0.000,2.10,0,0,0,0,12.95,2,0.0,,,
2383,2.6560,-0.1143,-0.0352,3.001,good,0.001,3.09,0,0,0,0,11.43,3,0.0,,,
2384,2.6560,-0.1145,0.0397,2.997,good,0.000,2.24,0,0,0,0,11.57,3,0.0,,,
2385,2.6560,-0.1251,-0.0634,2.674,good,0.000,4.07,0,0,0,0,20.17,2,0.0,,,
2387,2.6560,-0.1087,0.1794,3.000,good,0.001,1.80,0,0,0,0,9.56,3,0.0,,,
2388,2.6560,-0.1188,-0.0464,3.000,good,0.000,3.11,0,0,0,0,12.94,2,0.0,,,
2393,2.6560,-0.1144,-0.0598,3.000,good,0.001,4.07,0,0,0,0,11.46,1,0.0,,,
2391,2.6600,-0.1199,0.1803,3.130,good,0.000,2.66,0,0,0,0,10.25,2,0.0,,,
2392,2.6600,-0.1170,-0.1145,2.993,good,0.000,4.75,0,0,0,0,12.50,2,0.0,,,
2389,2.6640,-0.1148,-0.1487,3.023,good,0.000,1.72,0,0,0,0,11.06,3,0.0,,,
2390,2.6640,-0.1091,-0.1597,3.225,good,0.012,3.59,0,0,0,0,4.84,3,0.0,,,
2396,2.6640,-0.1161,0.2276,3.213,good,0.002,3.54,0,0,0,0,7.27,2,0.0,,,
2394,2.6680,-0.1105,0.1822,2.919,good,0.000,2.57,0,0,0,0,12.13,3,0.0,,,
2395,2.6680,-0.1102,0.0337,3.000,good,0.001,2.92,0,0,0,0,10.06,3,0.0,,,
2398,2.6680,-0.1155,-0.1961,2.872,good,0.007,5.18,0,0,0,0,15.02,2,0.0,,,
2397,2.6720,-0.1065,-0.2306,3.434,good,0.040,4.68,0,0,0,0,0.14,3,0.0,,,
2403,2.6720,-0.1150,0.1523,3.104,good,0.000,4.05,0,0,0,0,9.27,2,0.0,,,
2399,2.6760,-0.1164,0.0245,2.604,good,0.001,2.55,0,0,0,0,23.09,3,0.0,,,
2400,2.6760,-0.1128,0.0632,3.002,good,0.159,2.88,0,0,0,0,10.90,3,0.0,,,
2401,2.6760,-0.1114,-0.0399,3.023,good,0.004,2.61,0,0,0,0,9.92,3,0.0,,,
2402,2.6760,-0.1088,-0.2394,3.009,good,0.000,2.56,0,0,0,0,9.38,3,0.0,,,
2408,2.6760,-0.1195,-0.1938,3.002,good,0.000,2.50,0,0,0,0,13.12,2,0.0,,,
2409,2.6760,-0.1165,0.1383,2.996,good,0.000,3.08,0,0,0,0,12.28,2,0.0,,,
2404,2.6800,-0.1160,0.1818,2.848,good,0.001,2.56,0,0,0,0,15.83,3,0.0,,,
2405,2.6800,-0.1150,-0.0719,2.988,good,0.016,2.54,0,0,0,0,11.96,3,0.0,,,
2406,2.6800,-0.1253,-0.0858,3.271,black,1.000,55.83,1,1,1,0,4.86,2,3.2,21|20,,
2407,2.6800,-0.1117,-0.1500,3.013,good,0.411,3.86,0,0,0,0,10.28,3,0.0,,,
2416,2.6800,-0.1122,-0.0892,3.000,black,1.000,55.78,1,1,1,0,10.73,1,3.2,20,2400,
2410,2.6840,-0.1144,0.0841,3.010,good,0.000,1.80,0,0,0,0,11.23,3,0.0,,,
2411,2.6840,-0.1137,0.0650,2.805,good,0.009,3.03,0,0,0,0,16.18,3,0.0,,,
2412,2.6880,-0.1164,-0.0559,3.010,good,0.001,3.35,0,0,0,0,11.91,3,0.0,,,
2413,2.6880,-0.1163,0.1150,2.947,good,0.404,2.94,0,0,0,0,13.38,3,0.0,,,
2414,2.6880,-0.1145,0.0192,2.924,good,0.000,3.10,0,0,0,0,13.36,3,0.0,,,
2415,2.6880,-0.1117,-0.0334,3.011,sour,1.000,13.14,1,1,1,0,10.31,3,3.2,27,2404,2404
2417,2.6880,-0.1187,-0.1413,3.065,good,0.000,1.40,0,0,0,0,11.37,2,0.0,,,
2418,2.6880,-0.1160,-0.2115,2.969,faded,1.000,4.51,1,1,1,0,12.76,2,3.2,4|5,2384,2384
2419,2.6880,-0.1138,0.0758,3.239,broken,0.503,2.51,1,1,1,0,6.01,2,2.4,41,2379,
2420,2.6960,-0.1147,0.0275,3.007,good,0.103,2.89,0,0,0,0,11.39,3,0.0,,,
2421,2.6960,-0.1236,0.0843,3.450,good,0.003,3.91,0,0,0,0,0.82,2,0.0,,,
2422,2.6960,-0.1115,-0.0179,2.900,good,0.000,3.95,0,0,0,0,12.93,3,0.0,,,
2428,2.6960,-0.1093,0.0809,3.000,good,0.008,3.69,0,0,0,0,9.76,1,0.0,,,
2423,2.7000,-0.1147,-0.0896,3.002,good,0.001,3.00,0,0,0,0,11.50,3,0.0,,,
2424,2.7000,-0.1127,-0.1496,2.966,good,0.002,1.81,0,0,0,0,11.69,3,0.0,,,
2425,2.7000,-0.1121,0.2267,2.619,good,0.215,8.71,0,0,0,0,20.96,3,0.0,,,
2426,2.7000,-0.1107,0.0148,2.978,good,0.213,3.74,0,0,0,0,10.76,3,0.0,,,
2427,2.7040,-0.1120,-0.0681,3.015,good,0.016,3.49,0,0,0,0,10.31,3,0.0,,,
2432,2.7040,-0.1196,0.1201,2.544,good,0.000,2.89,0,0,0,0,26.32,2,0.0,,,
2433,2.7040,-0.1185,0.1648,3.066,good,0.000,2.45,0,0,0,0,11.27,2,0.0,,,
2439,2.7040,-0.1115,0.2056,3.000,good,0.000,2.58,0,0,0,0,10.49,1,0.0,,,
2429,2.7080,-0.1162,0.0661,2.992,good,0.000,2.34,0,0,0,0,12.29,3,0.0,,,
2430,2.7080,-0.1086,-0.1688,3.164,good,0.000,2.93,0,0,0,0,5.92,3,0.0,,,
2431,2.7080,-0.1091,0.2069,2.535,good,0.228,10.59,0,0,0,0,22.49,3,0.0,,,
2442,2.7080,-0.1094,0.1166,3.000,good,0.000,2.79,0,0,0,0,9.79,1,0.0,,,
2434,2.7120,-0.1192,-0.0118,2.445,good,0.000,2.24,0,0,0,0,29.67,3,0.0,,,
2435,2.7120,-0.1128,-0.0875,2.926,good,0.003,2.42,0,0,0,0,12.74,3,0.0,,,
2436,2.7120,-0.1118,0.0417,2.966,good,0.001,4.41,0,0,0,0,11.42,3,0.0,,,
2437,2.7120,-0.1121,-0.1841,3.005,good,0.002,5.31,0,0,0,0,10.57,3,0.0,,,
2438,2.7120,-0.1116,0.2186,3.011,good,0.001,3.71,0,0,0,0,10.27,3,0.0,,,
2440,2.7120,-0.1166,-0.0751,3.450,good,0.182,16.90,0,0,0,0,2.79,2,0.0,,,
2441,2.7120,-0.1178,0.2024,2.987,good,0.000,2.62,0,0,0,0,12.94,2,0.0,,,
2445,2.7160,-0.1200,0.0073,2.995,good,0.000,2.41,0,0,0,0,13.44,2,0.0,,,
2446,2.7160,-0.1127,-0.0722,2.998,good,0.000,3.61,0,0,0,0,10.95,2,0.0,,,
2449,2.7160,-0.1055,-0.0708,3.000,black,1.000,57.59,1,1,1,0,8.51,1,3.2,22|23,2408,2408
2450,2.7160,-0.1040,-0.0786,3.000,good,0.000,3.14,0,0,0,0,7.98,1,0.0,,,
2443,2.7200,-0.1143,-0.1292,3.092,good,0.000,2.89,0,0,0,0,9.31,3,0.0,,,
2444,2.7200,-0.1102,-0.0478,3.042,good,0.001,3.06,0,0,0,0,9.08,3,0.0,,,
2447,2.7200,-0.1195,0.0194,2.991,good,0.002,3.06,0,0,0,0,13.40,2,0.0,,,
2448,2.7200,-0.1164,0.1833,2.977,good,0.467,3.66,0,0,0,0,12.68,2,0.0,,,
2455,2.7240,-0.1187,-0.1005,2.997,good,0.000,1.87,0,0,0,0,12.98,2,0.0,,,
2451,2.7280,-0.1143,0.2423,3.000,good,0.001,2.13,0,0,0,0,11.42,3,0.0,,,
2452,2.7280,-0.1120,0.0623,2.986,broken,0.988,7.13,1,1,1,0,11.01,3,2.4,39|40,2428,2428
2453,2.7280,-0.1134,0.1122,2.995,good,0.000,1.99,0,0,0,0,11.25,3,0.0,,,
2454,2.7280,-0.1161,0.1404,2.581,black,1.000,50.12,1,1,1,0,23.73,3,3.2,49|50,2437,
2459,2.7280,-0.1168,0.1817,3.272,good,0.003,2.25,0,0,0,0,6.28,2,0.0,,,
2456,2.7320,-0.1124,-0.0875,2.997,good,0.001,1.90,0,0,0,0,10.87,3,0.0,,,
2457,2.7320,-0.1109,0.1636,3.004,good,0.000,2.83,0,0,0,0,10.21,3,0.0,,,
2458,2.7320,-0.1102,-0.1621,3.008,good,0.010,3.33,0,0,0,0,9.87,3,0.0,,,
2460,2.7360,-0.1147,-0.0218,2.985,insect,1.000,4.18,1,1,1,0,11.94,3,3.1,29,2417,2417
2462,2.7360,-0.1160,0.0037,2.991,broken,0.867,3.02,1,1,1,0,12.21,2,2.4,32,2462,2462
2461,2.7400,-0.1379,-0.2454,3.000,good,0.004,3.96,0,0,0,0,11.29,1,0.0,,,
2464,2.7400,-0.1194,0.2250,3.022,good,0.005,3.60,0,0,0,0,12.60,2,0.0,,,
2465,2.7400,-0.1172,0.1741,2.990,broken,0.651,3.48,1,1,1,0,12.64,2,2.4,54,2440,
2466,2.7400,-0.1162,-0.0713,2.981,good,0.000,3.66,0,0,0,0,12.53,2,0.0,,,
2463,2.7440,-0.1083,0.1594,3.044,good,0.000,2.43,0,0,0,0,8.43,3,0.0,,,
2471,2.7440,-0.1175,-0.1864,3.001,broken,0.620,2.93,1,1,1,0,12.47,2,2.4,8|7,2463,2463
2475,2.7440,-0.1031,-0.2455,3.000,good,0.006,2.95,0,0,0,0,7.71,1,0.0,,,
2467,2.7480,-0.1097,0.0541,3.065,good,0.123,6.26,0,0,0,0,8.40,3,0.0,,,
2468,2.7480,-0.1121,0.2349,3.004,good,0.000,3.62,0,0,0,0,10.61,3,0.0,,,
2469,2.7480,-0.1099,-0.1077,3.002,good,0.000,2.61,0,0,0,0,9.91,3,0.0,,,
2470,2.7480,-0.1083,-0.0240,3.037,good,0.000,2.05,0,0,0,0,8.57,3,0.0,,,
2473,2.7480,-0.1192,0.2162,2.997,good,0.000,2.34,0,0,0,0,13.13,2,0.0,,,
2474,2.7480,-0.1174,-0.1006,2.995,good,0.000,2.55,0,0,0,0,12.58,2,0.0,,,
2472,2.7520,-0.1103,0.0271,3.000,good,0.000,1.81,0,0,0,0,10.10,3,0.0,,,
2477,2.7520,-0.1199,-0.1893,3.001,good,0.000,2.64,0,0,0,0,13.27,2,0.0,,,
2478,2.7520,-0.1189,-0.2111,3.020,good,0.000,2.00,0,0,0,0,12.48,2,0.0,,,
2479,2.7520,-0.1171,-0.0835,3.001,good,0.000,1.66,0,0,0,0,12.34,2,0.0,,,
2480,2.7520,-0.1149,-0.1299,3.401,husk,1.000,110.26,1,1,1,0,3.19,2,2.4,15,2454,2454
2476,2.7560,-0.1132,0.2277,2.997,good,0.006,3.03,0,0,0,0,11.12,3,0.0,,,
2482,2.7560,-0.1156,0.1076,3.004,good,0.015,2.94,0,0,0,0,11.77,2,0.0,,,
2483,2.7560,-0.1146,-0.0081,3.289,good,0.000,4.38,0,0,0,0,5.27,2,0.0,,,
2481,2.7600,-0.1161,0.0732,3.009,good,0.000,2.45,0,0,0,0,11.81,3,0.0,,,
2487,2.7600,-0.1178,-0.0578,2.986,good,0.012,6.77,0,0,0,0,12.92,2,0.0,,,
2488,2.7600,-0.1184,0.0247,2.914,faded,0.880,3.52,1,1,1,0,14.96,2,3.2,35|34,2458,2458
2489,2.7600,-0.1163,-0.1943,3.024,good,0.000,2.65,0,0,0,0,11.52,2,0.0,,,
2484,2.7640,-0.1159,-0.1957,3.000,good,0.000,5.09,0,0,0,0,11.97,3,0.0,,,
2485,2.7640,-0.1154,0.1346,2.969,good,0.001,4.17,0,0,0,0,12.54,3,0.0,,,
2486,2.7640,-0.1102,-0.1853,3.020,good,0.015,2.40,0,0,0,0,9.60,3,0.0,,,
2490,2.7680,-0.1195,0.1582,2.501,good,0.220,5.61,0,0,0,0,27.77,3,0.0,,,
2491,2.7680,-0.1130,-0.1603,2.999,good,0.000,2.65,0,0,0,0,11.02,3,0.0,,,
2492,2.7680,-0.1110,0.0368,3.012,faded,1.000,4.66,1,1,1,0,10.06,3,3.2,36,2457,
2493,2.7680,-0.1101,-0.1181,2.989,good,0.000,2.09,0,0,0,0,10.29,3,0.0,,,
2494,2.7680,-0.1095,-0.0531,3.000,good,0.000,2.13,0,0,0,0,9.84,3,0.0,,,
2495,2.7720,-0.1165,-0.0609,2.998,good,0.004,4.14,0,0,0,0,12.21,3,0.0,,,
2496,2.7720,-0.1113,-0.0963,3.002,good,0.000,3.65,0,0,0,0,10.36,3,0.0,,,
2497,2.7720,-0.1114,0.2128,3.018,good,0.000,2.35,0,0,0,0,10.05,3,0.0,,,
2498,2.7720,-0.1194,-0.1026,2.765,good,0.001,2.07,0,0,0,0,19.35,2,0.0,,,
2504,2.7720,-0.1095,0.1612,3.000,good,0.095,4.41,0,0,0,0,9.83,1,0.0,,,
2499,2.7800,-0.1141,-0.1975,3.253,good,0.002,5.09,0,0,0,0,5.82,3,0.0,,,
2500,2.7800,-0.1080,0.1418,3.002,good,0.005,11.02,0,0,0,0,9.30,3,0.0,,,
2501,2.7800,-0.1101,-0.1789,2.756,good,0.181,6.38,0,0,0,0,16.26,3,0.0,,,
2502,2.7800,-0.1094,-0.0706,2.933,good,0.000,2.66,0,0,0,0,11.39,3,0.0,,,
2503,2.7800,-0.1083,0.1954,3.003,good,0.004,3.65,0,0,0,0,9.36,3,0.0,,,
2505,2.7840,-0.1382,-0.2452,3.000,good,0.015,8.26,0,0,0,0,11.39,1,0.0,,,
2506,2.7840,-0.1136,0.0955,3.000,black,1.000,51.18,1,1,1,0,11.20,3,3.2,44,2500,2500
2507,2.7840,-0.1129,0.1129,3.002,good,0.000,1.93,0,0,0,0,10.93,3,0.0,,,
2508,2.7840,-0.1106,0.2261,3.000,good,0.000,3.16,0,0,0,0,10.20,3,0.0,,,
2509,2.7840,-0.1090,-0.1187,2.999,good,0.001,2.74,0,0,0,0,9.68,3,0.0,,,
2510,2.7880,-0.1157,0.1056,3.000,good,0.000,2.18,0,0,0,0,11.90,3,0.0,,,
2511,2.7880,-0.1125,0.1948,2.997,good,0.000,2.62,0,0,0,0,10.93,3,0.0,,,
2512,2.7880,-0.1098,-0.2339,2.935,good,0.003,5.94,0,0,0,0,11.48,3,0.0,,,
2513,2.7880,-0.1096,-0.1485,2.855,good,0.000,2.15,0,0,0,0,13.43,3,0.0,,,
2514,2.7880,-0.1208,-0.2420,2.262,good,0.025,8.62,0,0,0,0,33.59,2,0.0,,,
2519,2.7920,-0.1162,-0.2167,3.007,good,0.000,2.67,0,0,0,0,11.91,2,0.0,,,
2515,2.7960,-0.1153,-0.2348,2.992,sour,1.000,34.87,1,1,1,0,11.94,3,3.2,1|2,2503,2503
2516,2.7960,-0.1099,-0.0545,3.008,good,0.005,3.15,0,0,0,0,9.77,3,0.0,,,
2517,2.7960,-0.1098,-0.1084,2.993,black,1.000,54.18,1,1,1,0,10.10,3,3.2,18|17,2490,2490
2518,2.7960,-0.1090,-0.1318,2.992,good,0.040,2.94,0,0,0,0,9.84,3,0.0,,,
2522,2.7960,-0.1200,0.1947,2.966,good,0.000,3.20,0,0,0,0,14.17,2,0.0,,,
2523,2.7960,-0.1179,-0.0416,3.000,good,0.000,2.19,0,0,0,0,12.64,2,0.0,,,
2524,2.7960,-0.1192,-0.1291,2.987,good,0.001,3.29,0,0,0,0,13.39,2,0.0,,,
2520,2.8000,-0.1151,-0.0805,3.000,good,0.000,2.73,0,0,0,0,11.69,3,0.0,,,
2521,2.8000,-0.1108,0.1159,3.126,good,0.000,2.69,0,0,0,0,7.43,3,0.0,,,
2526,2.8000,-0.1177,-0.2083,3.445,faded,0.768,5.26,1,1,1,0,3.20,2,3.2,5,2514,
2527,2.8000,-0.1184,0.0351,2.975,good,0.005,2.41,0,0,0,0,13.42,2,0.0,,,
2525,2.8040,-0.1085,0.1070,3.007,good,0.001,2.43,0,0,0,0,9.35,3,0.0,,,
2531,2.8040,-0.1196,0.1241,3.068,good,0.000,2.93,0,0,0,0,11.58,2,0.0,,,
2532,2.8040,-0.1189,0.0787,2.994,insect,1.000,5.50,1,1,1,0,13.12,2,3.1,42|41,2525,2525
2528,2.8080,-0.1147,-0.1013,2.986,good,0.003,4.35,0,0,0,0,11.92,3,0.0,,,
2529,2.8080,-0.1116,-0.0073,2.976,good,0.000,2.23,0,0,0,0,11.09,3,0.0,,,
2530,2.8080,-0.1108,-0.1197,2.991,good,0.000,2.10,0,0,0,0,10.50,3,0.0,,,
2533,2.8120,-0.1145,0.2063,2.998,good,0.000,2.90,0,0,0,0,11.54,3,0.0,,,
2534,2.8120,-0.1141,0.1196,2.999,good,0.008,5.04,0,0,0,0,11.39,3,0.0,,,
2535,2.8120,-0.1105,0.1837,3.124,good,0.000,3.14,0,0,0,0,7.37,3,0.0,,,
2536,2.8120,-0.1100,0.1738,3.056,good,0.000,2.36,0,0,0,0,8.71,3,0.0,,,
2537,2.8160,-0.1145,-0.0852,3.000,good,0.002,3.63,0,0,0,0,11.51,3,0.0,,,
2538,2.8160,-0.1123,0.1427,2.898,good,0.002,2.01,0,0,0,0,13.26,3,0.0,,,
2539,2.8160,-0.1106,0.0460,3.000,good,0.000,2.72,0,0,0,0,10.20,3,0.0,,,
2540,2.8160,-0.1100,0.1304,2.991,good,0.002,2.49,0,0,0,0,10.19,3,0.0,,,
2541,2.8160,-0.1081,0.0368,3.007,sour,1.000,17.70,1,1,1,0,9.23,3,3.2,36,2504,2504
2545,2.8160,-0.1183,0.0867,3.000,good,0.000,2.34,0,0,0,0,12.77,2,0.0,,,
2542,2.8200,-0.1144,-0.2135,3.013,good,0.004,9.12,0,0,0,0,11.17,3,0.0,,,
2543,2.8200,-0.1106,0.2322,3.005,good,0.004,10.94,0,0,0,0,10.07,3,0.0,,,
2544,2.8200,-0.1089,-0.2308,3.000,good,0.000,2.48,0,0,0,0,9.64,3,0.0,,,
2546,2.8240,-0.1139,-0.1577,3.002,good,0.000,2.10,0,0,0,0,11.25,3,0.0,,,
2547,2.8240,-0.1150,-0.1706,3.000,good,0.002,3.40,0,0,0,0,11.68,3,0.0,,,
2548,2.8240,-0.1111,-0.2065,2.927,good,0.009,2.94,0,0,0,0,12.11,3,0.0,,,
2549,2.8280,-0.1128,0.0480,2.998,good,0.001,3.22,0,0,0,0,10.97,3,0.0,,,
2553,2.8280,-0.1310,0.1400,3.000,good,0.000,2.67,0,0,0,0,13.00,1,0.0,,,
2554,2.8280,-0.1180,-0.2134,2.996,good,0.075,3.11,0,0,0,0,12.75,2,0.0,,,
2555,2.8280,-0.1167,-0.1801,3.000,good,0.024,4.10,0,0,0,0,12.24,2,0.0,,,
2556,2.8280,-0.1159,-0.1205,3.067,good,0.000,2.04,0,0,0,0,10.39,2,0.0,,,
2560,2.8280,-0.1189,0.1431,3.000,good,0.000,2.65,0,0,0,0,12.98,1,0.0,,,
2550,2.8320,-0.1101,0.0693,3.010,good,0.013,8.88,0,0,0,0,9.80,3,0.0,,,
2551,2.8320,-0.1120,0.2118,2.990,good,0.000,4.43,0,0,0,0,10.92,3,0.0,,,
2552,2.8320,-0.1129,0.0016,3.001,good,0.000,2.41,0,0,0,0,10.92,3,0.0,,,
2559,2.8320,-0.1183,-0.0556,2.999,insect,1.000,9.14,1,1,1,0,12.80,2,3.1,24|25,2540,2540
2557,2.8360,-0.1123,-0.2125,3.007,good,0.000,2.85,0,0,0,0,10.60,3,0.0,,,
2558,2.8360,-0.1098,0.0121,3.000,good,0.000,2.05,0,0,0,0,9.92,3,0.0,,,
2561,2.8360,-0.1191,0.1324,3.010,black,1.000,51.33,1,1,1,0,12.77,2,3.2,48|49,2530,2530
2562,2.8360,-0.1184,0.1617,3.132,good,0.000,2.13,0,0,0,0,9.74,2,0.0,,,
2563,2.8440,-0.1098,0.0735,3.306,good,0.000,2.63,0,0,0,0,3.46,3,0.0,,,
2564,2.8440,-0.1119,-0.0095,2.988,good,0.000,2.49,0,0,0,0,10.92,3,0.0,,,
2565,2.8440,-0.1237,0.0888,2.901,good,0.000,3.06,0,0,0,0,13.14,2,0.0,,,
2566,2.8440,-0.1098,0.1385,3.048,good,0.000,2.43,0,0,0,0,8.83,3,0.0,,,
2571,2.8440,-0.1298,0.0827,3.000,broken,1.000,2.25,1,1,1,0,12.61,1,2.4,42,2537,
2576,2.8440,-0.1146,0.0861,3.000,good,0.024,7.24,0,0,0,0,11.55,1,0.0,,,
2567,2.8480,-0.1159,-0.2092,3.002,good,0.000,2.00,0,0,0,0,11.94,3,0.0,,,
2568,2.8480,-0.1157,0.2202,2.987,good,0.015,3.15,0,0,0,0,12.22,3,0.0,,,
2569,2.8480,-0.1119,-0.1523,2.999,good,0.002,11.27,0,0,0,0,10.66,3,0.0,,,
2570,2.8480,-0.1106,0.1221,2.983,good,0.000,2.91,0,0,0,0,10.61,3,0.0,,,
2575,2.8480,-0.1198,-0.0386,2.758,good,0.000,2.53,0,0,0,0,19.71,2,0.0,,,
2572,2.8520,-0.1136,0.0028,3.001,good,0.002,1.83,0,0,0,0,11.20,3,0.0,,,
2573,2.8520,-0.1112,-0.1789,2.953,good,0.180,3.75,0,0,0,0,11.54,3,0.0,,,
2574,2.8520,-0.1106,0.0868,3.021,good,0.000,2.74,0,0,0,0,9.71,3,0.0,,,
2579,2.8520,-0.1174,-0.2386,3.007,sour,1.000,16.46,1,1,1,0,12.29,2,3.2,1,2583,2583
2580,2.8520,-0.1167,-0.0998,3.000,good,0.001,2.72,0,0,0,0,12.24,2,0.0,,,
2577,2.8560,-0.1151,-0.0161,3.000,good,0.000,3.01,0,0,0,0,11.69,3,0.0,,,
2578,2.8560,-0.1157,0.2043,2.699,good,0.000,3.63,0,0,0,0,19.94,3,0.0,,,
2581,2.8600,-0.1120,-0.0745,3.189,insect,1.000,5.73,1,1,1,0,6.48,3,3.1,22,2565,2565
2582,2.8600,-0.1121,-0.2364,2.995,good,0.006,3.69,0,0,0,0,10.82,3,0.0,,,
2583,2.8600,-0.1122,-0.0969,2.986,good,0.000,2.22,0,0,0,0,11.04,3,0.0,,,
2585,2.8600,-0.1199,0.1338,2.999,insect,0.778,7.94,1,1,1,0,13.32,2,3.1,49|48,2548|2557,2548|2557
2587,2.8600,-0.1164,-0.1597,3.286,good,0.014,3.20,0,0,0,0,5.84,2,0.0,,,
2584,2.8640,-0.1124,0.1787,3.005,good,0.005,3.82,0,0,0,0,10.67,3,0.0,,,
2586,2.8640,-0.1097,0.0043,2.999,good,0.000,3.21,0,0,0,0,9.93,3,0.0,,,
2590,2.8640,-0.1176,-0.0632,2.997,good,0.026,3.17,0,0,0,0,12.60,2,0.0,,,
2591,2.8640,-0.1177,0.1517,2.999,good,0.000,2.43,0,0,0,0,12.58,2,0.0,,,
2588,2.8680,-0.1120,-0.1301,2.987,good,0.002,2.52,0,0,0,0,10.98,3,0.0,,,
2589,2.8680,-0.1102,0.2042,2.997,good,0.000,2.62,0,0,0,0,10.14,3,0.0,,,
2592,2.8720,-0.1147,-0.1517,2.972,good,0.000,2.48,0,0,0,0,12.25,3,0.0,,,
2594,2.8720,-0.1154,0.0194,3.011,good,0.000,2.59,0,0,0,0,11.55,2,0.0,,,
2593,2.8760,-0.1137,-0.0872,2.950,good,0.000,2.30,0,0,0,0,12.44,3,0.0,,,
2597,2.8760,-0.1194,-0.1881,2.988,good,0.002,3.08,0,0,0,0,13.43,2,0.0,,,
2598,2.8760,-0.1196,0.1267,2.930,good,0.003,2.63,0,0,0,0,14.96,2,0.0,,,
2599,2.8760,-0.1178,-0.1301,3.001,good,0.000,3.51,0,0,0,0,12.57,2,0.0,,,
2595,2.8800,-0.1154,0.0029,3.002,good,0.004,3.99,0,0,0,0,11.76,3,0.0,,,
2596,2.8800,-0.1209,-0.0038,3.126,faded,0.710,2.54,1,1,1,0,6.65,2,3.2,31,,
2602,2.8800,-0.1183,0.1069,2.997,good,0.039,2.98,0,0,0,0,12.84,2,0.0,,,
2603,2.8800,-0.1172,-0.2196,2.886,good,0.210,3.50,0,0,0,0,15.27,2,0.0,,,
2609,2.8800,-0.1084,-0.0003,3.000,faded,0.727,2.51,1,1,1,0,9.45,1,3.2,31|32,2579,
2600,2.8840,-0.1164,-0.2192,2.696,good,0.385,3.26,0,0,0,0,20.27,3,0.0,,,
2601,2.8840,-0.1102,0.0107,3.002,good,0.002,2.55,0,0,0,0,10.01,3,0.0,,,
2608,2.8840,-0.1182,-0.0918,2.982,good,0.000,3.07,0,0,0,0,13.18,2,0.0,,,
2604,2.8880,-0.1122,-0.1028,3.002,good,0.001,2.87,0,0,0,0,10.69,3,0.0,,,
2605,2.8880,-0.1089,0.0968,3.002,good,0.000,2.19,0,0,0,0,9.61,3,0.0,,,
2606,2.8880,-0.1088,-0.1788,2.996,good,0.000,2.38,0,0,0,0,9.70,3,0.0,,,
2607,2.8880,-0.1100,-0.2346,2.868,sour,1.000,15.67,1,1,1,0,13.22,3,3.2,1|2,2572,2572
2611,2.8880,-0.1192,-0.0800,2.905,good,0.001,3.05,0,0,0,0,15.45,2,0.0,,,
2610,2.8920,-0.1109,0.0958,3.003,good,0.000,2.67,0,0,0,0,10.22,3,0.0,,,
2615,2.8920,-0.1163,0.0783,3.005,good,0.000,3.82,0,0,0,0,11.98,2,0.0,,,
2612,2.8960,-0.1118,0.1441,3.007,insect,1.000,4.33,1,1,1,0,10.43,3,3.1,50,2595,2595
2613,2.8960,-0.1117,0.2252,2.823,good,0.011,3.79,0,0,0,0,15.00,3,0.0,,,
2614,2.8960,-0.1083,-0.0756,2.991,good,0.000,2.10,0,0,0,0,9.63,3,0.0,,,
2620,2.8960,-0.1190,-0.1287,3.011,faded,1.000,5.47,1,1,1,0,12.75,2,3.2,15,2589,2589
2621,2.8960,-0.1189,0.0235,3.017,good,0.000,3.14,0,0,0,0,12.58,2,0.0,,,
2622,2.8960,-0.1180,0.1139,3.006,good,0.008,2.76,0,0,0,0,12.51,2,0.0,,,
2623,2.8960,-0.1175,-0.0287,3.021,good,0.001,4.10,0,0,0,0,12.02,2,0.0,,,
2616,2.9000,-0.1123,-0.0166,2.998,good,0.002,2.33,0,0,0,0,10.82,3,0.0,,,
2617,2.9000,-0.1163,0.0601,2.770,shell,1.000,16.62,1,1,1,0,18.09,3,2.4,39,2597,2597
2618,2.9000,-0.1121,-0.0066,3.003,good,0.000,2.19,0,0,0,0,10.61,3,0.0,,,
2619,2.9000,-0.1109,0.2182,2.996,good,0.000,2.31,0,0,0,0,10.40,3,0.0,,,
2624,2.9040,-0.1110,0.2223,3.000,good,0.039,3.72,0,0,0,0,10.33,3,0.0,,,
2625,2.9040,-0.1127,-0.2450,2.384,good,0.103,2.54,0,0,0,0,29.20,3,0.0,,,
2628,2.9040,-0.1170,-0.1591,3.000,good,0.000,3.10,0,0,0,0,12.33,2,0.0,,,
2626,2.9080,-0.1135,0.0782,3.142,good,0.000,4.09,0,0,0,0,7.94,3,0.0,,,
2627,2.9080,-0.1128,0.1513,2.615,good,0.001,2.79,0,0,0,0,21.38,3,0.0,,,
2632,2.9080,-0.1186,-0.0418,3.000,good,0.000,2.03,0,0,0,0,12.87,2,0.0,,,
2637,2.9080,-0.1039,-0.2416,3.000,good,0.091,2.50,0,0,0,0,7.98,1,0.0,,,
2629,2.9120,-0.1146,0.0682,3.013,good,0.000,1.68,0,0,0,0,11.21,3,0.0,,,
2630,2.9120,-0.1141,-0.2237,2.992,good,0.004,2.33,0,0,0,0,11.54,3,0.0,,,
2631,2.9120,-0.1130,0.2088,2.755,good,0.004,3.62,0,0,0,0,17.33,3,0.0,,,
2636,2.9120,-0.1165,-0.1400,3.000,good,0.000,2.19,0,0,0,0,12.15,2,0.0,,,
2633,2.9160,-0.1088,-0.2069,2.996,good,0.011,4.37,0,0,0,0,9.68,3,0.0,,,
2634,2.9160,-0.1088,0.1802,3.009,good,0.051,8.99,0,0,0,0,9.39,3,0.0,,,
2635,2.9160,-0.1109,0.1159,2.626,good,0.001,3.08,0,0,0,0,20.32,3,0.0,,,
2640,2.9160,-0.1170,-0.0460,3.162,good,0.000,3.16,0,0,0,0,8.63,2,0.0,,,
2641,2.9160,-0.1163,0.2198,2.994,insect,1.000,7.52,1,1,1,0,12.25,2,3.1,60|59,2606,2606
2638,2.9200,-0.1157,-0.1803,2.778,good,0.001,1.71,0,0,0,0,17.66,3,0.0,,,
2639,2.9200,-0.1161,-0.2357,2.459,good,0.000,3.32,0,0,0,0,27.85,3,0.0,,,
2645,2.9200,-0.1152,0.0286,3.048,good,0.000,3.12,0,0,0,0,10.60,2,0.0,,,
2642,2.9240,-0.1137,0.0361,2.676,good,0.005,2.65,0,0,0,0,19.88,3,0.0,,,
2643,2.9240,-0.1106,-0.1296,2.994,good,0.000,2.43,0,0,0,0,10.33,3,0.0,,,
2644,2.9240,-0.1095,0.1875,2.989,good,0.004,2.71,0,0,0,0,10.07,3,0.0,,,
2649,2.9240,-0.1184,0.0797,2.992,good,0.000,2.68,0,0,0,0,13.02,2,0.0,,,
2650,2.9240,-0.1169,-0.0857,3.004,broken,0.990,2.47,1,1,1,0,12.21,2,2.4,21|20,2612,2612
2651,2.9240,-0.1174,0.0171,3.031,good,0.000,2.11,0,0,0,0,11.74,2,0.0,,,
2652,2.9240,-0.1165,0.1079,3.002,good,0.000,2.33,0,0,0,0,12.13,2,0.0,,,
2646,2.9280,-0.1113,-0.1986,2.991,good,0.000,2.54,0,0,0,0,10.64,3,0.0,,,
2647,2.9280,-0.1103,0.2279,3.018,good,0.000,2.43,0,0,0,0,9.68,3,0.0,,,
2648,2.9280,-0.1083,-0.1108,3.002,black,1.000,53.53,1,1,1,0,9.40,3,3.2,17|18,2636,2636
2653,2.9280,-0.1195,0.1612,2.995,good,0.000,2.64,0,0,0,0,13.28,2,0.0,,,
2654,2.9360,-0.1127,-0.1510,3.008,good,0.000,4.02,0,0,0,0,10.71,3,0.0,,,
2655,2.9360,-0.1125,-0.0150,3.008,good,0.000,4.57,0,0,0,0,10.66,3,0.0,,,
2659,2.9360,-0.1174,-0.1039,3.111,good,0.009,2.66,0,0,0,0,9.89,2,0.0,,,
2660,2.9360,-0.1159,0.0180,2.937,good,0.000,3.03,0,0,0,0,13.51,2,0.0,,,
2656,2.9400,-0.1146,0.0021,2.953,good,0.019,3.68,0,0,0,0,12.67,3,0.0,,,
2657,2.9400,-0.1147,0.1588,2.960,good,0.000,2.13,0,0,0,0,12.52,3,0.0,,,
2658,2.9400,-0.1080,-0.2386,3.033,good,0.023,5.33,0,0,0,0,8.57,3,0.0,,,
2663,2.9400,-0.1184,-0.1180,3.007,good,0.215,2.86,0,0,0,0,12.62,2,0.0,,,
2664,2.9400,-0.1186,0.1039,3.005,good,0.000,3.90,0,0,0,0,12.76,2,0.0,,,
2665,2.9400,-0.1173,0.1324,3.067,good,0.001,2.26,0,0,0,0,10.84,2,0.0,,,
2661,2.9440,-0.1142,0.1823,2.985,good,0.000,3.19,0,0,0,0,11.78,3,0.0,,,
2662,2.9440,-0.1140,-0.0378,3.020,good,0.000,2.77,0,0,0,0,10.85,3,0.0,,,
2666,2.9480,-0.1139,0.0448,2.998,good,0.001,3.37,0,0,0,0,11.36,3,0.0,,,
2667,2.9480,-0.1115,0.1487,3.004,good,0.000,2.52,0,0,0,0,10.42,3,0.0,,,
2668,2.9480,-0.1102,0.0299,2.995,good,0.000,5.09,0,0,0,0,10.18,3,0.0,,,
2669,2.9480,-0.1084,0.2226,3.069,good,0.010,2.41,0,0,0,0,7.90,3,0.0,,,
2670,2.9520,-0.1119,0.1483,3.001,good,0.020,3.35,0,0,0,0,10.61,3,0.0,,,
2671,2.9520,-0.1110,-0.1455,3.008,good,0.000,2.77,0,0,0,0,10.15,3,0.0,,,
2672,2.9520,-0.1094,0.2098,3.001,good,0.000,4.39,0,0,0,0,9.75,3,0.0,,,
2675,2.9520,-0.1142,-0.0400,3.450,good,0.000,2.28,0,0,0,0,2.07,2,0.0,,,
2676,2.9520,-0.1163,0.2168,3.083,good,0.000,2.74,0,0,0,0,10.15,2,0.0,,,
2673,2.9560,-0.1129,0.0714,3.008,insect,1.000,5.56,1,1,1,0,10.79,3,3.1,41|40,2668,2668
2674,2.9560,-0.1122,0.0543,3.000,good,0.000,2.37,0,0,0,0,10.71,3,0.0,,,
2678,2.9560,-0.1182,-0.1696,3.005,faded,0.990,3.95,1,1,1,0,12.61,2,3.2,10,2673,2673
2679,2.9560,-0.1156,0.0955,3.007,good,0.001,2.70,0,0,0,0,11.70,2,0.0,,,
2677,2.9600,-0.1161,-0.1454,2.588,good,0.003,2.02,0,0,0,0,23.50,3,0.0,,,
2682,2.9600,-0.1178,-0.0859,2.996,good,0.001,4.93,0,0,0,0,12.71,2,0.0,,,
2680,2.9640,-0.1125,0.2068,3.013,good,0.014,3.55,0,0,0,0,10.53,3,0.0,,,
2681,2.9640,-0.1122,0.1113,2.948,good,0.000,2.92,0,0,0,0,11.97,3,0.0,,,
2687,2.9640,-0.1172,-0.0881,2.922,good,0.000,3.85,0,0,0,0,14.35,2,0.0,,,
2692,2.9640,-0.1058,-0.1419,3.000,good,0.001,1.91,0,0,0,0,8.59,1,0.0,,,
2683,2.9680,-0.1165,-0.1719,2.996,good,0.000,2.41,0,0,0,0,12.28,3,0.0,,,
2684,2.9680,-0.1133,0.0059,2.979,good,0.000,2.02,0,0,0,0,11.58,3,0.0,,,
2685,2.9680,-0.1129,0.0996,3.007,good,0.008,2.75,0,0,0,0,10.81,3,0.0,,,
2686,2.9680,-0.1130,-0.1187,3.004,good,0.002,2.78,0,0,0,0,10.91,3,0.0,,,
2691,2.9680,-0.1159,0.1142,2.989,good,0.000,2.54,0,0,0,0,12.25,2,0.0,,,
2688,2.9720,-0.1138,-0.2298,2.991,good,0.001,2.37,0,0,0,0,11.49,3,0.0,,,
2689,2.9720,-0.1112,0.0311,3.050,good,0.002,2.89,0,0,0,0,9.25,3,0.0,,,
2690,2.9720,-0.1093,0.1214,2.984,good,0.022,3.12,0,0,0,0,10.13,3,0.0,,,
2698,2.9720,-0.1158,-0.0670,2.985,black,1.000,51.69,1,1,1,0,12.29,2,3.2,23,2683,2683
2693,2.9760,-0.1145,0.1908,3.002,good,0.000,3.60,0,0,0,0,11.45,3,0.0,,,
2694,2.9760,-0.1161,-0.1327,2.998,good,0.020,2.48,0,0,0,0,12.10,3,0.0,,,
2695,2.9760,-0.1165,-0.0012,2.722,good,0.000,2.42,0,0,0,0,19.55,3,0.0,,,
2696,2.9760,-0.1130,0.2092,3.054,good,0.005,5.01,0,0,0,0,9.74,3,0.0,,,
2697,2.9760,-0.1085,-0.1579,3.011,good,0.000,2.75,0,0,0,0,9.25,3,0.0,,,
2699,2.9760,-0.1174,0.1443,2.986,good,0.061,3.02,0,0,0,0,12.81,2,0.0,,,
2701,2.9800,-0.1196,-0.1084,2.991,good,0.002,2.97,0,0,0,0,13.43,2,0.0,,,
2702,2.9800,-0.1181,-0.0631,3.010,good,0.000,3.05,0,0,0,0,12.46,2,0.0,,,
2703,2.9800,-0.1150,-0.0496,3.000,good,0.002,6.36,0,0,0,0,11.66,2,0.0,,,
2700,2.9840,-0.1092,-0.0256,3.001,good,0.000,3.45,0,0,0,0,9.72,3,0.0,,,
2706,2.9880,-0.1184,-0.0020,2.975,good,0.000,2.28,0,0,0,0,13.39,2,0.0,,,
2707,2.9880,-0.1150,0.1829,3.087,good,0.387,7.38,0,0,0,0,9.66,2,0.0,,,
2704,2.9920,-0.1153,-0.1491,3.002,good,0.000,2.57,0,0,0,0,11.73,3,0.0,,,
2705,2.9920,-0.1092,-0.2452,3.029,good,0.009,3.89,0,0,0,0,9.05,3,0.0,,,
2711,2.9920,-0.1182,0.1945,3.001,good,0.000,2.20,0,0,0,0,12.70,2,0.0,,,
2712,2.9920,-0.1182,0.2096,2.997,sour,1.000,16.74,1,1,1,0,12.81,2,3.2,58|59,2684,2684
2708,2.9960,-0.1116,-0.1481,3.006,good,0.000,2.96,0,0,0,0,10.37,3,0.0,,,
2709,2.9960,-0.1108,0.0904,3.003,good,0.000,3.16,0,0,0,0,10.22,3,0.0,,,
2710,2.9960,-0.1115,-0.0562,3.002,good,0.000,2.52,0,0,0,0,10.46,3,0.0,,,
2718,2.9960,-0.1196,-0.0305,2.999,faded,0.888,3.70,1,1,1,0,13.24,2,3.2,28|27,2691,2691
2719,2.9960,-0.1189,-0.1934,2.975,good,0.004,2.43,0,0,0,0,13.58,2,0.0,,,
2713,3.0000,-0.1148,0.0066,2.976,good,0.006,2.46,0,0,0,0,12.17,3,0.0,,,
2714,3.0000,-0.1146,0.0683,3.001,good,0.000,10.17,0,0,0,0,11.51,3,0.0,,,
2715,3.0000,-0.1130,-0.1293,3.000,black,1.000,49.81,1,1,1,0,11.01,3,3.2,15,2696,2696
2716,3.0000,-0.1123,0.0802,2.987,good,0.000,2.46,0,0,0,0,11.08,3,0.0,,,
2717,3.0000,-0.1097,-0.2274,3.065,good,0.017,8.29,0,0,0,0,8.42,3,0.0,,,
2723,3.0000,-0.1168,-0.0888,2.996,good,0.000,2.52,0,0,0,0,12.37,2,0.0,,,
2720,3.0040,-0.1128,-0.0407,3.346,good,0.000,2.23,0,0,0,0,3.59,3,0.0,,,
2721,3.0040,-0.1128,0.1802,3.000,good,0.001,2.49,0,0,0,0,10.94,3,0.0,,,
2722,3.0040,-0.1082,0.1256,3.000,good,0.000,2.33,0,0,0,0,9.42,3,0.0,,,
2726,3.0040,-0.1160,-0.1500,2.983,good,0.000,2.36,0,0,0,0,12.41,2,0.0,,,
2724,3.0080,-0.1144,0.0676,3.000,good,0.000,2.02,0,0,0,0,11.46,3,0.0,,,
2725,3.0080,-0.1112,0.2005,2.997,good,0.001,3.69,0,0,0,0,10.47,3,0.0,,,
2729,3.0080,-0.1163,0.0477,3.034,good,0.000,5.97,0,0,0,0,11.29,2,0.0,,,
2727,3.0120,-0.1112,0.1156,3.025,good,0.004,3.05,0,0,0,0,9.81,3,0.0,,,
2728,3.0120,-0.1088,-0.2149,2.993,good,0.091,2.78,0,0,0,0,9.75,3,0.0,,,
2731,3.0120,-0.1194,-0.1088,3.073,good,0.006,2.53,0,0,0,0,11.40,2,0.0,,,
2732,3.0120,-0.1180,0.0591,3.000,good,0.000,2.59,0,0,0,0,12.66,2,0.0,,,
2730,3.0160,-0.1123,-0.0779,2.992,good,0.000,1.91,0,0,0,0,10.95,3,0.0,,,
2733,3.0160,-0.1160,-0.2189,3.000,good,0.005,2.92,0,0,0,0,12.00,2,0.0,,,
2738,3.0200,-0.1195,-0.0132,3.025,good,0.000,3.40,0,0,0,0,12.59,2,0.0,,,
2739,3.0200,-0.1189,0.1654,3.000,black,1.000,50.80,1,1,1,0,12.96,2,3.2,53|52,2724,2724
2734,3.0240,-0.1166,0.0663,2.998,good,0.161,3.35,0,0,0,0,12.26,3,0.0,,,
2735,3.0240,-0.1139,-0.1403,3.074,good,0.000,2.52,0,0,0,0,9.57,3,0.0,,,
2736,3.0240,-0.1113,0.0410,2.999,good,0.000,3.28,0,0,0,0,10.46,3,0.0,,,
2737,3.0240,-0.1114,0.2087,3.001,good,0.000,2.99,0,0,0,0,10.45,3,0.0,,,
2742,3.0240,-0.1185,0.1617,3.007,black,1.000,50.55,1,1,1,0,12.68,2,3.2,52,2711,2711
2740,3.0280,-0.1162,-0.1473,2.997,good,0.012,4.38,0,0,0,0,12.14,3,0.0,,,
2741,3.0280,-0.1146,0.0087,3.034,sour,1.000,13.62,1,1,1,0,10.72,3,3.2,33|32,2727,2727
2747,3.0280,-0.1185,0.0419,2.989,good,0.000,4.50,0,0,0,0,13.09,2,0.0,,,
2743,3.0320,-0.1151,0.0073,2.996,good,0.001,5.26,0,0,0,0,11.80,3,0.0,,,
2744,3.0320,-0.1117,0.0968,3.010,good,0.129,3.09,0,0,0,0,10.35,3,0.0,,,
2745,3.0320,-0.1106,-0.2399,3.019,good,0.003,2.46,0,0,0,0,9.77,3,0.0,,,
2746,3.0320,-0.1080,0.1556,3.057,shell,1.000,9.24,1,1,1,0,8.04,3,2.4,51|52,2720,2720
2753,3.0320,-0.1162,-0.0679,3.003,good,0.001,1.80,0,0,0,0,12.00,2,0.0,,,
2748,3.0360,-0.1095,0.1881,3.004,good,0.000,2.29,0,0,0,0,9.74,3,0.0,,,
2749,3.0360,-0.1086,-0.0209,3.000,broken,0.995,3.20,1,1,1,0,9.55,3,2.4,29,2715,2715
2750,3.0360,-0.1083,-0.0058,2.999,good,0.001,3.33,0,0,0,0,9.45,3,0.0,,,
2751,3.0360,-0.1081,0.2087,3.015,good,0.000,2.28,0,0,0,0,9.01,3,0.0,,,
2752,3.0360,-0.1092,-0.0765,2.953,good,0.000,2.14,0,0,0,0,10.86,3,0.0,,,
2754,3.0400,-0.1096,0.1604,3.050,good,0.000,2.13,0,0,0,0,8.74,3,0.0,,,
2755,3.0400,-0.1096,-0.1713,2.994,good,0.000,3.30,0,0,0,0,9.99,3,0.0,,,
2758,3.0400,-0.1199,-0.2206,3.000,good,0.000,2.08,0,0,0,0,13.29,2,0.0,,,
2759,3.0400,-0.1181,-0.1345,3.002,good,0.000,1.65,0,0,0,0,12.63,2,0.0,,,
2756,3.0440,-0.1134,-0.1001,3.000,good,0.001,2.20,0,0,0,0,11.12,3,0.0,,,
2757,3.0440,-0.1120,0.0339,3.013,good,0.194,9.66,0,0,0,0,10.38,3,0.0,,,
2764,3.0440,-0.1180,-0.1502,3.018,good,0.000,2.56,0,0,0,0,12.24,2,0.0,,,
2760,3.0480,-0.1147,0.1595,3.038,good,0.087,5.20,0,0,0,0,10.67,3,0.0,,,
2761,3.0480,-0.1106,-0.1731,2.988,faded,0.834,4.62,1,1,1,0,10.47,3,3.2,9|10,2760,2760
2762,3.0480,-0.1100,-0.0515,3.138,good,0.000,4.19,0,0,0,0,6.92,3,0.0,,,
2763,3.0480,-0.1092,0.1692,2.962,good,0.000,3.30,0,0,0,0,10.62,3,0.0,,,
2765,3.0480,-0.1199,-0.0374,2.995,good,0.000,3.10,0,0,0,0,13.44,2,0.0,,,
2766,3.0480,-0.1184,0.1917,2.994,good,0.034,2.95,0,0,0,0,12.94,2,0.0,,,
2770,3.0520,-0.1163,0.1909,2.997,insect,1.000,6.49,1,1,1,0,12.18,2,3.1,56,2758,2758
2767,3.0560,-0.1134,-0.0607,3.000,good,0.000,3.01,0,0,0,0,11.13,3,0.0,,,
2768,3.0560,-0.1121,0.1524,3.039,good,0.000,2.54,0,0,0,0,9.79,3,0.0,,,
2769,3.0560,-0.1109,0.2236,3.004,good,0.307,4.54,0,0,0,0,10.22,3,0.0,,,
2774,3.0560,-0.1199,0.1996,2.924,good,0.078,8.68,0,0,0,0,15.20,2,0.0,,,
2771,3.0600,-0.1092,-0.2036,2.995,stick,1.000,84.40,1,1,1,0,9.84,3,2.4,5|6,2741,2741
2772,3.0600,-0.1153,0.0106,3.017,good,0.001,2.77,0,0,0,0,11.37,3,0.0,,,
2773,3.0600,-0.1112,-0.2163,3.001,good,0.000,1.85,0,0,0,0,10.37,3,0.0,,,
2777,3.0600,-0.1166,-0.1581,3.040,broken,0.607,8.39,1,1,1,0,11.26,2,2.4,11,2765,2765
2778,3.0600,-0.1142,0.1799,2.994,good,0.022,7.91,0,0,0,0,11.53,2,0.0,,,
2779,3.0600,-0.1172,0.2408,2.996,good,0.054,2.57,0,0,0,0,12.49,2,0.0,,,
2780,3.0600,-0.1164,0.0592,3.011,good,0.000,2.80,0,0,0,0,11.87,2,0.0,,,
2775,3.0640,-0.1161,0.0656,3.004,good,0.000,2.84,0,0,0,0,11.95,3,0.0,,,
2776,3.0640,-0.1085,-0.0344,3.146,good,0.000,3.41,0,0,0,0,6.29,3,0.0,,,
2781,3.0640,-0.1175,0.1500,2.994,good,0.000,2.10,0,0,0,0,12.65,2,0.0,,,
2785,3.0680,-0.1196,-0.1025,3.010,good,0.000,2.07,0,0,0,0,12.95,2,0.0,,,
2782,3.0720,-0.1168,-0.2111,2.699,good,0.003,5.23,0,0,0,0,20.32,3,0.0,,,
2783,3.0720,-0.1139,-0.1311,3.060,black,1.000,50.83,1,1,1,0,9.89,3,3.2,15,2782,
2784,3.0720,-0.1125,0.1234,2.993,good,0.000,2.03,0,0,0,0,11.02,3,0.0,,,
2786,3.0760,-0.1132,0.0861,3.006,good,0.000,3.17,0,0,0,0,10.91,3,0.0,,,
2787,3.0760,-0.1135,-0.1530,2.998,good,0.000,2.75,0,0,0,0,11.21,3,0.0,,,
2788,3.0760,-0.1106,0.1880,2.994,good,0.074,3.98,0,0,0,0,10.35,3,0.0,,,
2789,3.0760,-0.1147,0.0509,2.318,good,0.000,2.54,0,0,0,0,32.61,3,0.0,,,
2791,3.0760,-0.1179,-0.1415,2.985,good,0.000,3.14,0,0,0,0,13.01,2,0.0,,,
2792,3.0760,-0.1177,-0.0994,3.016,good,0.000,2.99,0,0,0,0,12.19,2,0.0,,,
2790,3.0800,-0.1188,-0.2339,2.298,good,0.000,3.33,0,0,0,0,35.22,3,0.0,,,
2793,3.0840,-0.1127,0.0655,3.290,good,0.034,3.08,0,0,0,0,4.65,3,0.0,,,
2794,3.0840,-0.1145,-0.1269,2.758,good,0.000,2.08,0,0,0,0,17.79,3,0.0,,,
2795,3.0840,-0.1087,-0.0032,3.043,good,0.000,2.87,0,0,0,0,8.58,3,0.0,,,
2797,3.0840,-0.1181,0.1927,2.023,sour,0.947,16.31,1,1,1,0,47.81,2,2.4,56,2768,
2801,3.0840,-0.1097,-0.2312,3.000,good,0.001,3.07,0,0,0,0,9.89,1,0.0,,,
2802,3.0840,-0.1096,0.1898,3.000,good,0.000,3.17,0,0,0,0,9.87,1,0.0,,,
2796,3.0880,-0.1141,-0.0395,2.983,good,0.000,3.52,0,0,0,0,11.77,3,0.0,,,
2800,3.0880,-0.1194,0.2091,2.995,good,0.006,3.16,0,0,0,0,13.24,2,0.0,,,
2798,3.0920,-0.1174,0.1283,2.773,good,0.000,2.90,0,0,0,0,18.41,3,0.0,,,
2799,3.0920,-0.1093,-0.0268,3.003,good,0.000,2.86,0,0,0,0,9.71,3,0.0,,,
2803,3.0960,-0.1155,-0.0716,2.995,faded,0.724,2.91,1,1,1,0,11.94,3,3.2,22|23,2791,2791
2804,3.0960,-0.1115,-0.0448,3.008,good,0.000,2.44,0,0,0,0,10.31,3,0.0,,,
2805,3.0960,-0.1116,0.1024,3.000,good,0.001,2.75,0,0,0,0,10.52,3,0.0,,,
2806,3.0960,-0.1091,0.1448,3.002,good,0.000,2.46,0,0,0,0,9.63,3,0.0,,,
2812,3.0960,-0.1195,0.1671,3.001,good,0.000,1.90,0,0,0,0,13.14,2,0.0,,,
2807,3.1000,-0.1133,0.0183,3.000,good,0.180,4.34,0,0,0,0,11.09,3,0.0,,,
2808,3.1000,-0.1131,-0.2014,2.994,good,0.001,1.86,0,0,0,0,11.15,3,0.0,,,
2809,3.1000,-0.1130,0.0592,3.011,good,0.000,2.00,0,0,0,0,10.75,3,0.0,,,
2810,3.1000,-0.1098,-0.0825,3.250,good,0.000,2.07,0,0,0,0,4.56,3,0.0,,,
2811,3.1000,-0.1087,0.1101,3.039,good,0.000,2.16,0,0,0,0,8.67,3,0.0,,,
2816,3.1000,-0.1164,-0.1205,2.970,good,0.000,2.50,0,0,0,0,12.84,2,0.0,,,
2817,3.1000,-0.1164,-0.1797,2.991,good,0.004,3.09,0,0,0,0,12.34,2,0.0,,,
2813,3.1040,-0.1154,0.1041,2.986,good,0.000,2.51,0,0,0,0,12.13,3,0.0,,,
2814,3.1040,-0.1142,-0.0686,3.007,good,0.001,2.18,0,0,0,0,11.25,3,0.0,,,
2815,3.1040,-0.1115,0.2313,3.024,good,0.004,2.52,0,0,0,0,9.93,3,0.0,,,
2821,3.1040,-0.1196,0.0499,2.999,faded,0.849,3.66,1,1,1,0,13.21,2,3.2,38,2802,2802
2822,3.1040,-0.1178,-0.0897,3.023,good,0.001,4.02,0,0,0,0,12.05,2,0.0,,,
2823,3.1040,-0.1169,0.2040,3.154,good,0.003,5.97,0,0,0,0,8.78,2,0.0,,,
2824,3.1040,-0.1121,0.0706,3.450,good,0.000,2.04,0,0,0,0,1.49,2,0.0,,,
2818,3.1080,-0.1117,-0.2275,3.066,good,0.020,2.67,0,0,0,0,9.03,3,0.0,,,
2819,3.1080,-0.1078,0.2376,3.228,sour,1.000,21.91,1,1,1,0,4.38,3,3.2,62,2799,
2820,3.1080,-0.1215,0.1384,2.750,good,0.091,3.87,0,0,0,0,16.54,2,0.0,,,
2828,3.1080,-0.1192,-0.0227,2.991,good,0.000,2.76,0,0,0,0,13.29,2,0.0,,,
2829,3.1080,-0.1159,0.0165,3.076,good,0.000,2.60,0,0,0,0,10.18,2,0.0,,,
2831,3.1080,-0.1105,0.1414,3.000,good,0.115,3.85,0,0,0,0,10.16,1,0.0,,,
2825,3.1120,-0.1132,-0.1384,2.995,good,0.000,2.27,0,0,0,0,11.19,3,0.0,,,
2826,3.1120,-0.1115,-0.0077,3.009,sour,1.000,17.44,1,1,1,0,10.27,3,3.2,31|30,2812,2812
2827,3.1120,-0.1102,0.1006,3.003,good,0.000,2.51,0,0,0,0,10.01,3,0.0,,,
2830,3.1160,-0.1112,0.1003,3.002,good,0.000,3.00,0,0,0,0,10.35,3,0.0,,,
2832,3.1200,-0.1159,0.1305,3.087,good,0.001,3.15,0,0,0,0,9.93,3,0.0,,,
2833,3.1200,-0.1141,-0.1006,3.003,good,0.000,3.23,0,0,0,0,11.29,3,0.0,,,
2834,3.1200,-0.1132,0.2196,2.941,good,0.001,2.96,0,0,0,0,12.50,3,0.0,,,
2835,3.1200,-0.1125,0.0233,3.065,good,0.042,4.74,0,0,0,0,9.33,3,0.0,,,
2836,3.1240,-0.1159,0.0236,2.995,faded,0.883,3.14,1,1,1,0,12.07,3,3.2,35|34,2816,2816
2837,3.1240,-0.1135,-0.0832,2.988,good,0.252,3.12,0,0,0,0,11.45,3,0.0,,,
2838,3.1240,-0.1092,-0.0922,2.999,good,0.014,3.93,0,0,0,0,9.75,3,0.0,,,
2839,3.1280,-0.1149,-0.1519,3.001,good,0.000,3.03,0,0,0,0,11.61,3,0.0,,,
2840,3.1280,-0.1154,-0.0735,3.011,black,1.000,50.94,1,1,1,0,11.54,3,3.2,22,2825,2825
2841,3.1280,-0.1102,0.0516,2.989,good,0.000,3.11,0,0,0,0,10.33,3,0.0,,,
2844,3.1280,-0.1155,0.1818,3.010,good,0.000,2.65,0,0,0,0,11.57,2,0.0,,,
2842,3.1320,-0.1117,0.1815,2.968,good,0.015,3.02,0,0,0,0,11.31,3,0.0,,,
2843,3.1320,-0.1099,0.1102,3.001,good,0.000,2.88,0,0,0,0,9.95,3,0.0,,,
2850,3.1320,-0.1160,-0.0195,2.999,good,0.000,4.28,0,0,0,0,12.02,2,0.0,,,
2845,3.1360,-0.1153,0.1746,2.989,good,0.000,2.68,0,0,0,0,12.04,3,0.0,,,
2846,3.1360,-0.1086,0.1202,3.002,good,0.001,4.31,0,0,0,0,9.49,3,0.0,,,
2847,3.1360,-0.1093,-0.2144,2.842,good,0.003,2.71,0,0,0,0,13.65,3,0.0,,,
2848,3.1360,-0.1082,0.1992,3.008,good,0.000,7.04,0,0,0,0,9.24,3,0.0,,,
2849,3.1360,-0.1080,-0.1274,2.996,good,0.000,2.22,0,0,0,0,9.43,3,0.0,,,
2851,3.1400,-0.1093,-0.2414,3.045,good,0.001,1.70,0,0,0,0,8.73,3,0.0,,,
2857,3.1400,-0.1175,0.0114,2.987,good,0.000,3.08,0,0,0,0,12.81,2,0.0,,,
2852,3.1440,-0.1144,0.1314,3.005,good,0.000,2.35,0,0,0,0,11.35,3,0.0,,,
2853,3.1440,-0.1350,-0.1127,3.000,good,0.007,9.63,0,0,0,0,10.34,1,0.0,,,
2854,3.1440,-0.1092,0.0795,3.255,good,0.000,2.47,0,0,0,0,4.26,3,0.0,,,
2855,3.1440,-0.1096,-0.1897,2.731,good,0.000,2.82,0,0,0,0,16.73,3,0.0,,,
2856,3.1440,-0.1080,-0.0946,3.001,good,0.200,4.13,0,0,0,0,9.32,3,0.0,,,
2860,3.1440,-0.1161,-0.1415,3.000,good,0.000,1.86,0,0,0,0,12.03,2,0.0,,,
2861,3.1440,-0.1146,-0.1096,2.933,good,0.000,2.38,0,0,0,0,13.17,2,0.0,,,
2862,3.1440,-0.1076,-0.1162,3.201,good,0.008,5.40,0,0,0,0,4.84,2,0.0,,,
2858,3.1480,-0.1150,-0.0985,2.978,insect,1.000,5.08,1,1,1,0,12.19,3,3.1,19,2850,2850
2859,3.1480,-0.1146,-0.0612,3.007,good,0.017,3.67,0,0,0,0,11.36,3,0.0,,,
2867,3.1480,-0.1192,0.1409,3.003,good,0.001,5.39,0,0,0,0,12.99,2,0.0,,,
2863,3.1520,-0.1165,0.1131,2.684,good,0.000,2.95,0,0,0,0,20.65,3,0.0,,,
2864,3.1520,-0.1108,0.0278,3.006,black,1.000,47.28,1,1,1,0,10.14,3,3.2,35,2835,2835
2865,3.1520,-0.1113,-0.1331,3.007,good,0.000,2.78,0,0,0,0,10.29,3,0.0,,,
2866,3.1520,-0.1114,-0.1915,2.999,good,0.002,1.93,0,0,0,0,10.49,3,0.0,,,
2868,3.1560,-0.1147,0.0713,2.990,good,0.004,6.12,0,0,0,0,11.78,3,0.0,,,
2869,3.1560,-0.1143,0.0893,3.154,black,1.000,50.04,1,1,1,0,7.93,3,3.2,43,2847,
2870,3.1560,-0.1141,-0.1135,3.009,good,0.000,1.94,0,0,0,0,11.14,3,0.0,,,
2871,3.1560,-0.1090,-0.2240,2.951,good,0.005,10.82,0,0,0,0,10.82,3,0.0,,,
2874,3.1560,-0.1160,-0.2127,2.997,broken,0.898,4.05,1,1,1,0,12.06,2,2.4,4,2869,2869
2872,3.1600,-0.1146,0.0146,3.001,broken,0.989,3.43,1,1,1,0,11.50,3,2.4,33|34,2866,2866
2873,3.1600,-0.1119,-0.2100,3.102,good,0.000,2.22,0,0,0,0,8.32,3,0.0,,,
2875,3.1640,-0.1131,-0.0774,3.027,good,0.001,3.71,0,0,0,0,10.38,3,0.0,,,
2879,3.1640,-0.1179,0.1816,3.004,good,0.000,2.35,0,0,0,0,12.53,2,0.0,,,
2876,3.1680,-0.1142,-0.1203,3.000,good,0.020,4.17,0,0,0,0,11.40,3,0.0,,,
2877,3.1680,-0.1117,0.1289,3.170,good,0.001,2.38,0,0,0,0,6.79,3,0.0,,,
2878,3.1680,-0.1114,0.1576,3.002,good,0.000,3.21,0,0,0,0,10.41,3,0.0,,,
2883,3.1680,-0.1181,0.1095,2.985,good,0.000,2.03,0,0,0,0,13.06,2,0.0,,,
2880,3.1720,-0.1133,-0.2190,3.002,good,0.009,2.74,0,0,0,0,11.06,3,0.0,,,
2881,3.1720,-0.1124,0.1437,3.000,good,0.000,2.47,0,0,0,0,10.79,3,0.0,,,
2882,3.1720,-0.1109,0.0101,3.001,good,0.000,3.36,0,0,0,0,10.28,3,0.0,,,
2884,3.1760,-0.1144,0.1477,3.009,good,0.000,3.66,0,0,0,0,11.26,3,0.0,,,
2885,3.1760,-0.1152,-0.0539,2.946,good,0.000,2.02,0,0,0,0,13.05,3,0.0,,,
2887,3.1760,-0.1192,-0.2110,3.006,good,0.000,2.51,0,0,0,0,12.93,2,0.0,,,
2888,3.1760,-0.1175,0.0371,3.314,good,0.000,1.66,0,0,0,0,5.64,2,0.0,,,
2886,3.1800,-0.1086,0.1979,2.998,good,0.001,2.59,0,0,0,0,9.57,3,0.0,,,
2894,3.1800,-0.1184,-0.0115,3.028,good,0.000,2.49,0,0,0,0,12.11,2,0.0,,,
2889,3.1840,-0.1130,-0.1535,3.021,good,0.000,2.53,0,0,0,0,10.50,3,0.0,,,
2890,3.1840,-0.1129,0.2210,3.017,good,0.029,3.77,0,0,0,0,10.58,3,0.0,,,
2891,3.1840,-0.1111,-0.2074,3.033,good,0.042,6.34,0,0,0,0,9.61,3,0.0,,,
2892,3.1840,-0.1122,-0.0427,2.997,good,0.000,3.29,0,0,0,0,10.82,3,0.0,,,
2893,3.1840,-0.1116,0.1559,3.000,good,0.000,2.03,0,0,0,0,10.55,3,0.0,,,
2895,3.1880,-0.1109,-0.0347,2.969,shell,1.000,8.86,1,1,1,0,11.02,3,2.4,27,2889,2889
2899,3.1880,-0.1189,0.1110,3.089,good,0.000,1.80,0,0,0,0,10.87,2,0.0,,,
2896,3.1920,-0.1205,-0.0545,2.948,good,0.210,6.48,0,0,0,0,10.79,2,0.0,,,
2897,3.1920,-0.1107,0.2236,2.993,good,0.000,3.20,0,0,0,0,10.39,3,0.0,,,
2898,3.1920,-0.1236,0.1837,2.653,good,0.000,3.40,0,0,0,0,20.30,2,0.0,,,
2908,3.1920,-0.1131,0.1870,3.000,good,0.000,3.08,0,0,0,0,11.02,1,0.0,,,
2909,3.1920,-0.1116,-0.0579,3.000,good,0.000,1.84,0,0,0,0,10.53,1,0.0,,,
2910,3.1920,-0.1057,-0.0517,3.000,good,0.411,2.72,0,0,0,0,8.56,1,0.0,,,
2900,3.1960,-0.1178,-0.1421,2.853,good,0.001,2.03,0,0,0,0,16.34,3,0.0,,,
2901,3.1960,-0.1119,-0.0132,3.014,good,0.002,1.96,0,0,0,0,10.32,3,0.0,,,
2902,3.1960,-0.1101,-0.0274,2.897,good,0.000,3.16,0,0,0,0,12.50,3,0.0,,,
2903,3.1960,-0.1088,-0.1444,3.003,good,0.000,2.18,0,0,0,0,9.52,3,0.0,,,
2904,3.1960,-0.1109,0.0384,2.515,good,0.000,1.99,0,0,0,0,23.83,3,0.0,,,
2905,3.1960,-0.1199,-0.1617,2.910,good,0.006,3.64,0,0,0,0,15.57,2,0.0,,,
2906,3.1960,-0.1173,0.0796,3.000,good,0.000,3.21,0,0,0,0,12.44,2,0.0,,,
2907,3.1960,-0.1177,0.1718,3.007,good,0.017,2.79,0,0,0,0,12.38,2,0.0,,,
2915,3.2000,-0.1154,-0.0968,3.001,good,0.000,2.71,0,0,0,0,11.78,2,0.0,,,
2916,3.2000,-0.1148,0.0231,2.989,good,0.018,6.02,0,0,0,0,11.89,2,0.0,,,
2917,3.2000,-0.1151,0.1940,3.012,good,0.000,2.88,0,0,0,0,11.41,2,0.0,,,
2911,3.2040,-0.1126,-0.2249,3.004,good,0.059,2.29,0,0,0,0,10.77,3,0.0,,,
2912,3.2040,-0.1130,-0.2123,3.000,good,0.001,2.75,0,0,0,0,11.01,3,0.0,,,
2913,3.2040,-0.1123,0.2128,3.032,insect,1.000,3.37,1,1,1,0,10.03,3,3.1,59,2913,2913
2914,3.2040,-0.1106,0.0087,2.981,good,0.003,2.31,0,0,0,0,10.63,3,0.0,,,
2920,3.2040,-0.1185,-0.1328,2.994,sour,1.000,16.75,1,1,1,0,12.97,2,3.2,15|14,2901,2901
2921,3.2040,-0.1183,0.0020,3.022,good,0.000,2.29,0,0,0,0,12.24,2,0.0,,,
2922,3.2040,-0.1169,0.0230,2.997,faded,0.881,3.13,1,1,1,0,12.38,2,3.2,34|35,2914,2914
2918,3.2080,-0.1130,0.1751,2.913,good,0.098,3.58,0,0,0,0,13.11,3,0.0,,,
2919,3.2080,-0.1093,0.0514,3.003,good,0.012,3.48,0,0,0,0,9.70,3,0.0,,,
2924,3.2080,-0.1184,0.2042,3.157,faded,0.972,6.77,1,1,1,0,9.20,2,3.2,58|57,2895,
2923,3.2120,-0.1086,0.1496,3.014,good,0.003,2.57,0,0,0,0,9.19,3,0.0,,,
2925,3.2160,-0.1118,0.1270,2.422,good,0.000,5.05,0,0,0,0,27.47,3,0.0,,,
2926,3.2200,-0.1093,-0.0028,3.000,good,0.000,2.83,0,0,0,0,9.76,3,0.0,,,
2930,3.2200,-0.1182,0.0765,2.996,good,0.000,2.38,0,0,0,0,12.84,2,0.0,,,
2927,3.2240,-0.1149,-0.1914,2.997,good,0.002,3.56,0,0,0,0,11.72,3,0.0,,,
2928,3.2240,-0.1132,-0.0581,2.747,good,0.000,2.97,0,0,0,0,17.62,3,0.0,,,
2929,3.2240,-0.1081,0.0057,3.000,good,0.005,2.55,0,0,0,0,9.38,3,0.0,,,
2934,3.2240,-0.1187,0.0849,2.992,good,0.000,1.56,0,0,0,0,13.10,2,0.0,,,
2935,3.2240,-0.1165,-0.0807,3.012,good,0.000,2.50,0,0,0,0,11.87,2,0.0,,,
2931,3.2280,-0.1139,-0.0465,3.002,good,0.000,1.88,0,0,0,0,11.25,3,0.0,,,
2932,3.2280,-0.1107,-0.0957,2.978,good,0.000,3.63,0,0,0,0,10.75,3,0.0,,,
2933,3.2280,-0.1117,0.1422,3.008,good,0.000,2.99,0,0,0,0,10.36,3,0.0,,,
2939,3.2280,-0.1194,0.1685,2.953,faded,0.533,4.45,1,1,1,0,14.29,2,3.2,53,2925,2925
2946,3.2280,-0.1022,-0.0547,3.000,good,0.000,2.87,0,0,0,0,7.41,1,0.0,,,
2936,3.2320,-0.1171,0.1304,2.651,good,0.000,3.37,0,0,0,0,21.88,3,0.0,,,
2937,3.2320,-0.1114,0.2151,2.999,good,0.013,5.18,0,0,0,0,10.50,3,0.0,,,
2938,3.2320,-0.1097,0.0492,3.016,good,0.001,4.46,0,0,0,0,9.52,3,0.0,,,
2944,3.2320,-0.1187,0.1090,2.983,good,0.017,2.63,0,0,0,0,13.30,2,0.0,,,
2945,3.2320,-0.1174,0.1793,3.148,good,0.000,1.89,0,0,0,0,9.05,2,0.0,,,
2940,3.2360,-0.1153,-0.1114,2.998,good,0.002,3.14,0,0,0,0,11.81,3,0.0,,,
2941,3.2360,-0.1128,-0.1894,2.997,good,0.000,3.38,0,0,0,0,11.00,3,0.0,,,
2942,3.2360,-0.1112,-0.0629,3.000,good,0.000,2.99,0,0,0,0,10.39,3,0.0,,,
2943,3.2360,-0.1111,-0.0377,2.995,good,0.000,3.03,0,0,0,0,10.49,3,0.0,,,
2947,3.2360,-0.1171,0.0489,2.975,stick,1.000,63.66,1,1,1,0,12.98,2,2.4,38,2903,2903
2948,3.2360,-0.1190,0.1433,3.268,good,0.415,2.69,0,0,0,0,7.00,2,0.0,,,
2949,3.2360,-0.1171,0.1903,3.159,good,0.001,1.96,0,0,0,0,8.72,2,0.0,,,
2951,3.2400,-0.1167,0.1529,3.011,sour,1.000,21.88,1,1,1,0,11.98,2,3.2,51,2932,2932
2952,3.2400,-0.1154,-0.2277,2.997,good,0.001,3.21,0,0,0,0,11.89,2,0.0,,,
2950,3.2440,-0.1104,-0.1658,3.000,good,0.000,1.88,0,0,0,0,10.15,3,0.0,,,
2955,3.2440,-0.1173,-0.0322,3.112,good,0.001,2.74,0,0,0,0,9.82,2,0.0,,,
2953,3.2480,-0.1118,0.0982,2.991,good,0.000,2.87,0,0,0,0,10.83,3,0.0,,,
2954,3.2480,-0.1094,0.1803,3.103,good,0.001,5.76,0,0,0,0,7.49,3,0.0,,,
2961,3.2480,-0.1183,0.1982,3.002,good,0.000,3.31,0,0,0,0,12.73,2,0.0,,,
2956,3.2520,-0.1147,-0.1533,2.979,good,0.000,1.69,0,0,0,0,12.09,3,0.0,,,
2957,3.2520,-0.1122,-0.1320,3.007,good,0.000,2.51,0,0,0,0,10.59,3,0.0,,,
2958,3.2520,-0.1115,-0.0109,2.994,good,0.000,3.41,0,0,0,0,10.64,3,0.0,,,
2959,3.2520,-0.1088,-0.0899,2.995,good,0.028,2.84,0,0,0,0,9.71,3,0.0,,,
2960,3.2520,-0.1103,0.0467,3.043,good,0.000,3.84,0,0,0,0,9.11,3,0.0,,,
2962,3.2560,-0.1144,-0.0232,2.891,good,0.001,2.12,0,0,0,0,14.16,3,0.0,,,
2963,3.2560,-0.1166,-0.2449,2.403,good,0.106,5.17,0,0,0,0,30.13,3,0.0,,,
2964,3.2560,-0.1089,-0.1739,3.001,good,0.000,2.93,0,0,0,0,9.64,3,0.0,,,
2966,3.2560,-0.1196,0.1745,3.000,good,0.000,3.01,0,0,0,0,13.21,2,0.0,,,
2967,3.2560,-0.1182,-0.1838,3.011,good,0.081,2.95,0,0,0,0,12.46,2,0.0,,,
2968,3.2560,-0.1168,0.1223,2.998,good,0.000,2.31,0,0,0,0,12.32,2,0.0,,,
2965,3.2600,-0.1081,-0.1154,2.998,good,0.000,3.32,0,0,0,0,9.42,3,0.0,,,
2972,3.2600,-0.1161,-0.1577,2.997,good,0.000,2.29,0,0,0,0,12.11,2,0.0,,,
2969,3.2640,-0.1152,-0.1009,3.006,good,0.000,1.95,0,0,0,0,11.60,3,0.0,,,
2970,3.2640,-0.1156,-0.0400,2.919,good,0.000,2.96,0,0,0,0,13.85,3,0.0,,,
2971,3.2640,-0.1085,-0.1465,3.001,good,0.000,2.67,0,0,0,0,9.47,3,0.0,,,
2977,3.2640,-0.1196,-0.1905,3.000,good,0.189,21.80,1,1,1,0,13.18,2,9.0,7|8|6,2955|2974,2955|2974
2979,3.2640,-0.1158,-0.2100,3.014,good,0.000,3.64,0,0,0,0,11.60,2,0.0,,,
2973,3.2680,-0.1147,-0.1505,2.999,good,0.002,2.25,0,0,0,0,11.59,3,0.0,,,
2974,3.2680,-0.1183,0.0741,2.489,good,0.000,2.89,0,0,0,0,27.67,3,0.0,,,
2975,3.2680,-0.1127,0.0077,2.999,good,0.000,2.25,0,0,0,0,10.92,3,0.0,,,
2976,3.2680,-0.1132,-0.1135,2.872,good,0.008,2.03,0,0,0,0,14.24,3,0.0,,,
2978,3.2680,-0.1085,0.1800,3.007,good,0.000,1.76,0,0,0,0,9.32,3,0.0,,,
2982,3.2680,-0.1199,-0.0622,2.996,good,0.002,2.64,0,0,0,0,13.37,2,0.0,,,
2980,3.2720,-0.1120,-0.1795,2.975,good,0.000,1.85,0,0,0,0,11.27,3,0.0,,,
2981,3.2720,-0.1094,-0.1047,2.994,good,0.004,2.06,0,0,0,0,9.94,3,0.0,,,
2984,3.2720,-0.1179,0.1561,3.000,good,0.000,1.41,0,0,0,0,12.62,2,0.0,,,
2985,3.2720,-0.1171,-0.1537,2.960,good,0.001,3.89,0,0,0,0,13.33,2,0.0,,,
2983,3.2760,-0.1099,0.1753,2.723,good,0.000,2.06,0,0,0,0,17.10,3,0.0,,,
2988,3.2760,-0.1170,0.1321,2.991,good,0.000,2.36,0,0,0,0,12.55,2,0.0,,,
2986,3.2800,-0.1125,0.1262,2.958,good,0.004,3.08,0,0,0,0,11.82,3,0.0,,,
2987,3.2800,-0.1329,-0.0173,3.000,faded,0.992,4.55,1,1,1,0,9.62,1,3.1,29,2981,
2992,3.2800,-0.1209,-0.0139,3.000,faded,0.980,4.51,1,1,1,0,9.63,1,3.1,30,,
2995,3.2800,-0.1089,-0.0106,3.000,faded,0.995,4.62,1,1,1,0,9.62,1,3.2,30,2968,
2989,3.2840,-0.1139,0.0850,2.998,faded,1.000,5.13,1,1,1,0,11.34,3,3.2,42|43,2980,2980
2990,3.2840,-0.1097,0.1506,3.022,good,0.016,5.58,0,0,0,0,9.41,3,0.0,,,
2991,3.2840,-0.1081,0.2302,3.006,good,0.064,3.40,0,0,0,0,9.22,3,0.0,,,
2994,3.2840,-0.1178,-0.1428,3.016,good,0.002,2.26,0,0,0,0,12.22,2,0.0,,,
2993,3.2880,-0.1142,-0.0434,2.992,good,0.000,2.74,0,0,0,0,11.60,3,0.0,,,
2998,3.2880,-0.1198,-0.0093,2.853,good,0.010,7.50,0,0,0,0,17.03,2,0.0,,,
2999,3.2880,-0.1305,-0.0170,3.000,good,0.005,2.44,0,0,0,0,12.83,1,0.0,,,
3000,3.2880,-0.1177,0.1846,2.998,good,0.000,2.25,0,0,0,0,12.63,2,0.0,,,
2996,3.2920,-0.1124,0.0422,2.997,good,0.000,3.97,0,0,0,0,10.88,3,0.0,,,
2997,3.2920,-0.1114,-0.0613,2.876,good,0.000,2.85,0,0,0,0,13.51,3,0.0,,,
3002,3.2920,-0.1199,-0.1036,3.004,good,0.000,2.26,0,0,0,0,13.19,2,0.0,,,
3004,3.2920,-0.1196,0.1526,2.970,good,0.000,2.04,0,0,0,0,13.96,2,0.0,,,
3001,3.2960,-0.1092,0.0484,3.123,good,0.009,2.88,0,0,0,0,6.99,3,0.0,,,
3003,3.2960,-0.1075,0.1041,3.126,good,0.000,2.71,0,0,0,0,6.40,3,0.0,,,
3005,3.3000,-0.1141,-0.0623,3.001,good,0.000,3.08,0,0,0,0,11.35,3,0.0,,,
3006,3.3000,-0.1143,0.2023,2.971,good,0.012,4.94,0,0,0,0,12.13,3,0.0,,,
3007,3.3000,-0.1119,0.1457,3.246,good,0.001,2.73,0,0,0,0,5.28,3,0.0,,,
3008,3.3000,-0.1129,-0.2343,2.938,good,0.008,3.82,0,0,0,0,12.48,3,0.0,,,
3012,3.3000,-0.1165,-0.1795,3.012,good,0.000,3.39,0,0,0,0,11.89,2,0.0,,,
3013,3.3000,-0.1175,0.2195,2.994,good,0.049,3.86,0,0,0,0,12.67,2,0.0,,,
3014,3.3000,-0.1162,-0.1239,2.977,good,0.000,2.81,0,0,0,0,12.62,2,0.0,,,
3009,3.3040,-0.1101,0.1031,2.998,good,0.000,3.06,0,0,0,0,10.09,3,0.0,,,
3010,3.3040,-0.1127,-0.1074,2.814,good,0.002,3.71,0,0,0,0,15.58,3,0.0,,,
3011,3.3040,-0.1105,0.2283,3.000,good,0.017,3.83,0,0,0,0,10.15,3,0.0,,,
3015,3.3040,-0.1194,-0.0463,3.006,black,1.000,55.38,1,1,1,0,13.00,2,3.2,26|25,2992,2992
3018,3.3080,-0.1194,0.0464,3.014,good,0.001,2.67,0,0,0,0,12.78,2,0.0,,,
3019,3.3080,-0.1168,-0.0961,3.008,good,0.002,3.81,0,0,0,0,12.07,2,0.0,,,
3020,3.3080,-0.1169,-0.2171,2.995,good,0.001,1.80,0,0,0,0,12.41,2,0.0,,,
3016,3.3120,-0.1096,-0.0084,3.159,good,0.000,2.65,0,0,0,0,6.34,3,0.0,,,
3017,3.3120,-0.1095,0.0364,2.995,good,0.000,2.05,0,0,0,0,9.97,3,0.0,,,
3022,3.3120,-0.1166,-0.1639,2.986,good,0.002,2.40,0,0,0,0,12.54,2,0.0,,,
3021,3.3160,-0.1133,-0.0134,2.999,good,0.000,8.44,0,0,0,0,11.12,3,0.0,,,
3023,3.3160,-0.1176,-0.1112,2.998,good,0.043,2.64,0,0,0,0,12.57,2,0.0,,,
3024,3.3160,-0.1177,-0.0477,3.002,good,0.001,3.60,0,0,0,0,12.52,2,0.0,,,
3025,3.3240,-0.1154,0.2143,2.995,faded,0.991,3.82,1,1,1,0,11.92,3,3.2,59,3020,3020
3026,3.3240,-0.1114,-0.0297,3.000,good,0.011,2.88,0,0,0,0,10.46,3,0.0,,,
3027,3.3240,-0.1100,-0.0418,2.950,good,0.000,2.30,0,0,0,0,11.19,3,0.0,,,
3028,3.3240,-0.1088,-0.2113,2.947,good,0.002,3.92,0,0,0,0,10.84,3,0.0,,,
3029,3.3280,-0.1121,0.0450,2.989,good,0.003,3.63,0,0,0,0,10.97,3,0.0,,,
3030,3.3280,-0.1120,-0.0079,3.001,good,0.114,4.14,0,0,0,0,10.65,3,0.0,,,
3031,3.3280,-0.1101,-0.2147,3.004,good,0.026,4.09,0,0,0,0,9.94,3,0.0,,,
3034,3.3280,-0.1176,-0.1927,2.207,good,0.013,9.21,0,0,0,0,38.59,2,0.0,,,
3035,3.3280,-0.1167,0.1310,2.716,good,0.018,14.26,0,0,0,0,19.77,2,0.0,,,
3036,3.3280,-0.1157,0.1933,2.986,good,0.000,2.25,0,0,0,0,12.23,2,0.0,,,
3041,3.3280,-0.1077,-0.1935,3.000,good,0.001,2.24,0,0,0,0,9.23,1,0.0,,,
3032,3.3320,-0.1163,0.1937,2.992,shell,1.000,5.75,1,1,1,0,12.28,3,2.4,56,3029,3029
3033,3.3320,-0.1099,0.0777,3.028,good,0.000,3.26,0,0,0,0,9.33,3,0.0,,,
3039,3.3320,-0.1172,-0.2279,2.999,good,0.001,2.75,0,0,0,0,12.43,2,0.0,,,
3040,3.3320,-0.1162,-0.0045,2.922,good,0.042,3.62,0,0,0,0,14.00,2,0.0,,,
3037,3.3360,-0.1114,0.2072,3.006,good,0.002,9.87,0,0,0,0,10.33,3,0.0,,,
3038,3.3360,-0.1114,-0.2020,2.447,good,0.001,2.38,0,0,0,0,26.37,3,0.0,,,
3044,3.3360,-0.1142,-0.0113,3.197,good,0.018,3.30,0,0,0,0,7.01,2,0.0,,,
3042,3.3400,-0.1133,0.0987,2.738,good,0.000,3.36,0,0,0,0,17.88,3,0.0,,,
3043,3.3400,-0.1096,0.2265,3.001,good,0.000,4.23,0,0,0,0,9.82,3,0.0,,,
3049,3.3400,-0.1198,0.0304,2.999,good,0.001,2.94,0,0,0,0,13.30,2,0.0,,,
3045,3.3440,-0.1143,0.1058,2.905,good,0.373,4.96,0,0,0,0,13.74,3,0.0,,,
3046,3.3440,-0.1130,0.0596,2.991,good,0.000,3.34,0,0,0,0,11.20,3,0.0,,,
3047,3.3440,-0.1113,0.1785,2.992,good,0.010,3.34,0,0,0,0,10.62,3,0.0,,,
3048,3.3440,-0.1081,-0.0859,2.986,good,0.114,8.39,0,0,0,0,9.67,3,0.0,,,
3050,3.3440,-0.1117,-0.1552,2.581,good,0.060,4.82,0,0,0,0,22.04,3,0.0,,,
3056,3.3440,-0.1166,-0.0949,3.132,good,0.000,2.04,0,0,0,0,9.16,2,0.0,,,
3057,3.3440,-0.1163,-0.0693,3.185,good,0.009,1.71,0,0,0,0,7.92,2,0.0,,,
3063,3.3440,-0.1164,0.1133,3.000,stick,1.000,33.99,1,1,1,0,12.12,1,2.4,46,3042,3042
3051,3.3480,-0.1153,0.0580,3.000,insect,1.000,8.37,1,1,1,0,11.75,3,3.1,39,3059,3059
3052,3.3480,-0.1133,0.1121,3.041,good,0.001,2.89,0,0,0,0,10.16,3,0.0,,,
3053,3.3480,-0.1102,-0.1377,3.002,good,0.000,3.39,0,0,0,0,10.02,3,0.0,,,
3054,3.3480,-0.1103,-0.2165,2.995,good,0.444,3.36,0,0,0,0,10.21,3,0.0,,,
3055,3.3480,-0.1083,-0.1260,2.969,good,0.001,3.46,0,0,0,0,10.14,3,0.0,,,
3062,3.3480,-0.1172,-0.1575,2.801,faded,0.999,4.18,1,1,1,0,17.53,2,3.2,11|12,3062,
3058,3.3520,-0.1166,-0.0458,2.860,good,0.001,1.99,0,0,0,0,15.74,3,0.0,,,
3059,3.3520,-0.1127,-0.1312,3.043,black,1.000,52.73,1,1,1,0,9.88,3,3.2,15,3038,3038
3060,3.3520,-0.1106,0.1064,3.000,black,1.000,48.26,1,1,1,0,10.19,3,3.2,45,3048,
3061,3.3520,-0.1108,0.0377,2.999,good,0.090,4.84,0,0,0,0,10.30,3,0.0,,,
3064,3.3520,-0.1188,0.1177,2.976,good,0.000,3.32,0,0,0,0,13.55,2,0.0,,,
3065,3.3520,-0.1182,0.1665,2.988,good,0.000,2.49,0,0,0,0,13.03,2,0.0,,,
3068,3.3560,-0.1158,-0.1454,2.997,good,0.000,2.19,0,0,0,0,12.02,2,0.0,,,
3069,3.3560,-0.1139,0.1037,3.128,good,0.000,3.05,0,0,0,0,8.38,2,0.0,,,
3066,3.3600,-0.1137,0.1542,2.996,good,0.001,3.95,0,0,0,0,11.34,3,0.0,,,
3067,3.3600,-0.1108,-0.1708,2.986,good,0.000,2.62,0,0,0,0,10.59,3,0.0,,,
3071,3.3600,-0.1180,0.0510,2.994,good,0.000,1.99,0,0,0,0,12.81,2,0.0,,,
3072,3.3600,-0.1181,-0.0772,3.082,good,0.000,2.12,0,0,0,0,10.74,2,0.0,,,
3073,3.3600,-0.1114,-0.0724,3.059,good,0.000,3.07,0,0,0,0,9.09,2,0.0,,,
3070,3.3640,-0.1098,0.1001,3.112,good,0.001,4.11,0,0,0,0,7.42,3,0.0,,,
3076,3.3640,-0.1178,0.1058,3.270,good,0.001,2.33,0,0,0,0,6.61,2,0.0,,,
3077,3.3640,-0.1173,-0.1638,3.219,insect,1.000,4.05,1,1,1,0,7.51,2,3.1,11|10,3050,3050
3078,3.3640,-0.1139,0.1998,3.424,good,0.400,3.84,0,0,0,0,2.47,2,0.0,,,
3074,3.3680,-0.1125,0.2227,3.003,good,0.055,3.75,0,0,0,0,10.74,3,0.0,,,
3075,3.3680,-0.1109,0.1420,2.996,good,0.000,2.27,0,0,0,0,10.41,3,0.0,,,
3079,3.3680,-0.1199,-0.1356,3.005,good,0.000,2.18,0,0,0,0,13.17,2,0.0,,,
3080,3.3680,-0.1188,-0.1874,2.991,black,1.000,50.44,1,1,1,0,13.14,2,3.2,8|7,3070,3070
3081,3.3680,-0.1162,-0.0318,3.003,good,0.000,3.23,0,0,0,0,11.97,2,0.0,,,
3087,3.3720,-0.1172,-0.1624,3.004,faded,1.000,5.72,1,1,1,0,12.30,2,3.2,11,3069,3069
3082,3.3760,-0.1126,0.0311,3.416,good,0.011,2.25,0,0,0,0,2.22,3,0.0,,,
3083,3.3760,-0.1159,0.0631,3.011,good,0.000,2.51,0,0,0,0,11.71,3,0.0,,,
3084,3.3760,-0.1152,0.0410,2.989,good,0.007,2.07,0,0,0,0,12.01,3,0.0,,,
3085,3.3760,-0.1144,-0.1392,2.684,good,0.018,1.72,0,0,0,0,19.89,3,0.0,,,
3086,3.3760,-0.1140,-0.0671,2.633,good,0.148,5.68,0,0,0,0,21.27,3,0.0,,,
3094,3.3760,-0.1145,-0.0827,3.450,good,0.122,3.00,0,0,0,0,2.16,2,0.0,,,
3088,3.3800,-0.1156,0.2194,3.007,good,0.000,3.25,0,0,0,0,11.70,3,0.0,,,
3089,3.3800,-0.1142,-0.0828,3.011,broken,0.600,2.14,1,1,1,0,11.15,3,2.4,21,3073,3073
3090,3.3800,-0.1111,-0.1556,2.997,good,0.000,2.13,0,0,0,0,10.43,3,0.0,,,
3091,3.3800,-0.1112,0.1702,3.023,good,0.000,3.19,0,0,0,0,9.86,3,0.0,,,
3092,3.3800,-0.1091,-0.2032,3.235,good,0.000,2.05,0,0,0,0,4.63,3,0.0,,,
3093,3.3800,-0.1099,0.1528,2.984,good,0.000,2.15,0,0,0,0,10.33,3,0.0,,,
3099,3.3800,-0.1004,-0.0798,3.000,good,0.018,3.19,0,0,0,0,6.80,1,0.0,,,
3095,3.3840,-0.1238,-0.0319,3.319,good,0.003,3.21,0,0,0,0,3.44,2,0.0,,,
3097,3.3840,-0.1175,-0.1149,3.021,good,0.035,4.21,0,0,0,0,12.00,2,0.0,,,
3098,3.3840,-0.1154,-0.1856,3.126,insect,1.000,3.43,1,1,1,0,8.91,2,3.1,8,3097,
3102,3.3840,-0.1106,-0.0283,3.000,good,0.003,3.13,0,0,0,0,10.19,1,0.0,,,
3096,3.3880,-0.1097,-0.1065,2.929,good,0.000,7.24,0,0,0,0,11.60,3,0.0,,,
3101,3.3880,-0.1199,-0.0630,2.844,good,0.008,4.95,0,0,0,0,17.31,2,0.0,,,
3100,3.3920,-0.1146,0.2362,3.004,good,0.002,2.55,0,0,0,0,11.43,3,0.0,,,
3103,3.4000,-0.1104,0.2021,3.011,good,0.000,2.74,0,0,0,0,9.88,3,0.0,,,
3108,3.4000,-0.1188,0.0887,2.996,good,0.000,3.28,0,0,0,0,13.04,2,0.0,,,
3109,3.4000,-0.1183,-0.0376,2.892,good,0.011,7.52,0,0,0,0,15.50,2,0.0,,,
3110,3.4000,-0.1165,0.1319,2.985,good,0.000,1.88,0,0,0,0,12.52,2,0.0,,,
3104,3.4040,-0.1127,-0.1533,2.854,good,0.000,1.96,0,0,0,0,14.50,3,0.0,,,
3105,3.4040,-0.1072,-0.0960,3.376,good,0.036,5.88,0,0,0,0,1.38,3,0.0,,,
3106,3.4040,-0.1102,0.0029,3.000,good,0.000,1.93,0,0,0,0,10.07,3,0.0,,,
3107,3.4040,-0.1119,0.1626,2.625,good,0.005,9.72,0,0,0,0,20.71,3,0.0,,,
3115,3.4080,-0.1150,0.0574,3.037,good,0.004,2.17,0,0,0,0,10.78,2,0.0,,,
3111,3.4120,-0.1115,0.0256,3.126,good,0.000,2.99,0,0,0,0,7.66,3,0.0,,,
3112,3.4120,-0.1106,-0.0772,2.990,good,0.000,3.20,0,0,0,0,10.46,3,0.0,,,
3113,3.4120,-0.1112,0.1845,3.004,good,0.000,1.91,0,0,0,0,10.30,3,0.0,,,
3114,3.4120,-0.1094,0.2313,2.997,good,0.007,2.75,0,0,0,0,9.85,3,0.0,,,
3122,3.4120,-0.1191,-0.2130,2.995,good,0.000,2.89,0,0,0,0,13.14,2,0.0,,,
3116,3.4160,-0.1131,0.1175,2.726,good,0.026,6.32,0,0,0,0,18.17,3,0.0,,,
3117,3.4160,-0.1167,0.2250,2.664,good,0.000,2.54,0,0,0,0,21.36,3,0.0,,,
3118,3.4160,-0.1129,-0.1862,2.983,good,0.061,2.08,0,0,0,0,11.38,3,0.0,,,
3119,3.4160,-0.1137,0.1745,2.955,good,0.411,3.35,0,0,0,0,12.34,3,0.0,,,
3120,3.4160,-0.1085,0.1324,3.006,good,0.000,4.58,0,0,0,0,9.37,3,0.0,,,
3121,3.4160,-0.1145,0.0653,2.226,good,0.005,2.86,0,0,0,0,36.39,3,0.0,,,
3123,3.4200,-0.1157,-0.1016,2.948,good,0.000,3.25,0,0,0,0,13.18,3,0.0,,,
3124,3.4200,-0.1146,0.0776,2.997,good,0.005,6.21,0,0,0,0,11.62,3,0.0,,,
3125,3.4200,-0.1102,0.0384,2.635,good,0.094,8.68,0,0,0,0,19.77,3,0.0,,,
3130,3.4200,-0.1188,-0.0468,3.027,good,0.000,3.08,0,0,0,0,12.29,2,0.0,,,
3133,3.4200,-0.1056,0.0626,3.000,good,0.002,2.81,0,0,0,0,8.54,1,0.0,,,
3126,3.4240,-0.1391,0.1458,3.000,good,0.000,3.00,0,0,0,0,11.70,1,0.0,,,
3127,3.4240,-0.1148,-0.0174,2.996,faded,0.990,5.78,1,1,1,0,11.71,3,3.2,29,3133,3133
3128,3.4240,-0.1147,0.1392,2.754,good,0.006,5.66,0,0,0,0,17.96,3,0.0,,,
3129,3.4240,-0.1122,0.0783,3.008,good,0.000,1.93,0,0,0,0,10.52,3,0.0,,,
3132,3.4240,-0.1187,0.1019,3.075,good,0.007,2.96,0,0,0,0,11.13,2,0.0,,,
3138,3.4240,-0.1051,0.0408,3.000,good,0.000,3.51,0,0,0,0,8.37,1,0.0,,,
3131,3.4280,-0.1095,-0.0777,3.002,good,0.000,2.71,0,0,0,0,9.78,3,0.0,,,
3137,3.4280,-0.1193,0.1527,2.816,good,0.009,4.99,0,0,0,0,17.86,2,0.0,,,
3134,3.4320,-0.1151,0.1855,2.999,good,0.000,1.83,0,0,0,0,11.74,3,0.0,,,
3135,3.4320,-0.1133,0.0872,2.988,faded,0.992,4.26,1,1,1,0,11.37,3,3.2,43|42,3122,3122
3136,3.4320,-0.1125,-0.0839,2.886,good,0.000,5.95,0,0,0,0,13.63,3,0.0,,,
3139,3.4360,-0.1149,0.1405,2.994,good,0.000,2.43,0,0,0,0,11.80,3,0.0,,,
3140,3.4360,-0.1103,0.0452,3.002,sour,1.000,16.95,1,1,1,0,10.06,3,3.2,37,3150,
3144,3.4360,-0.1197,0.2389,3.005,good,0.050,2.81,0,0,0,0,13.11,2,0.0,,,
3146,3.4360,-0.1188,-0.1784,3.003,good,0.000,1.97,0,0,0,0,12.85,2,0.0,,,
3147,3.4360,-0.1163,0.0157,3.050,good,0.253,2.91,0,0,0,0,10.91,2,0.0,,,
3148,3.4360,-0.1076,0.0242,3.450,good,0.001,2.94,0,0,0,0,0.16,2,0.0,,,
3153,3.4360,-0.1048,-0.0885,3.000,good,0.000,2.70,0,0,0,0,8.27,1,0.0,,,
3141,3.4400,-0.1148,-0.0607,2.993,good,0.000,2.44,0,0,0,0,11.75,3,0.0,,,
3142,3.4400,-0.1132,0.0099,2.997,good,0.004,3.14,0,0,0,0,11.14,3,0.0,,,
3143,3.4400,-0.1087,0.1708,2.989,good,0.003,1.55,0,0,0,0,9.82,3,0.0,,,
3145,3.4400,-0.1092,-0.1527,2.869,good,0.000,2.70,0,0,0,0,12.93,3,0.0,,,
3149,3.4440,-0.1149,0.0940,2.999,sour,1.000,21.16,1,1,1,0,11.66,3,3.2,44|43,3135,3135
3150,3.4440,-0.1098,0.1994,2.988,sour,1.000,17.49,1,1,1,0,10.23,3,3.2,57,3132,3132
3151,3.4440,-0.1089,-0.0714,2.991,broken,0.810,2.37,1,1,1,0,9.85,3,2.4,22|23,3144,3144
3152,3.4440,-0.1097,-0.1393,3.000,good,0.001,3.55,0,0,0,0,9.89,3,0.0,,,
3154,3.4480,-0.1158,-0.1795,2.993,good,0.000,2.78,0,0,0,0,12.10,3,0.0,,,
3155,3.4480,-0.1144,0.0552,3.230,shell,1.000,7.15,1,1,1,0,6.37,3,2.4,39|38,3155,
3156,3.4480,-0.1129,0.1806,2.998,good,0.000,3.48,0,0,0,0,11.00,3,0.0,,,
3157,3.4480,-0.1104,0.0405,2.995,faded,0.943,3.42,1,1,1,0,10.27,3,3.2,37|36,3149,
3158,3.4480,-0.1115,-0.1540,2.996,good,0.000,2.73,0,0,0,0,10.59,3,0.0,,,
3159,3.4480,-0.1114,-0.1300,2.616,good,0.034,2.50,0,0,0,0,20.81,3,0.0,,,
3160,3.4480,-0.1116,0.0741,2.589,black,1.000,49.52,1,1,1,0,21.75,3,3.2,41,3113,
3161,3.4520,-0.1090,-0.0411,3.029,good,0.000,3.98,0,0,0,0,9.00,3,0.0,,,
3168,3.4520,-0.1013,0.0775,3.000,black,1.000,49.69,1,1,1,0,7.10,1,3.2,41|42,3113,
3162,3.4560,-0.1126,0.0461,3.381,good,0.004,4.29,0,0,0,0,2.88,3,0.0,,,
3163,3.4560,-0.1117,-0.2011,3.337,good,0.003,3.36,0,0,0,0,3.44,3,0.0,,,
3164,3.4560,-0.1149,0.1502,2.513,good,0.003,3.00,0,0,0,0,25.55,3,0.0,,,
3167,3.4560,-0.1176,0.2275,3.227,good,0.158,1.94,0,0,0,0,7.44,2,0.0,,,
3165,3.4600,-0.1088,-0.0052,2.970,good,0.000,2.71,0,0,0,0,10.32,3,0.0,,,
3166,3.4600,-0.1089,-0.1965,3.000,good,0.000,2.32,0,0,0,0,9.61,3,0.0,,,
3170,3.4600,-0.1187,0.2039,3.186,good,0.000,8.59,0,0,0,0,8.65,2,0.0,,,
3169,3.4640,-0.1149,0.1721,2.926,good,0.209,3.88,0,0,0,0,13.46,3,0.0,,,
3171,3.4640,-0.1192,-0.0068,3.021,good,0.000,2.86,0,0,0,0,12.56,2,0.0,,,
3174,3.4680,-0.1180,-0.2390,3.001,good,0.001,3.47,0,0,0,0,12.64,2,0.0,,,
3175,3.4680,-0.1167,-0.0929,3.008,good,0.002,2.31,0,0,0,0,12.03,2,0.0,,,
3176,3.4680,-0.1148,0.2154,2.991,good,0.001,4.62,0,0,0,0,11.80,2,0.0,,,
3172,3.4720,-0.1170,0.1862,2.812,good,0.000,1.87,0,0,0,0,17.17,3,0.0,,,
3173,3.4720,-0.1156,0.0946,2.956,good,0.005,6.19,0,0,0,0,12.94,3,0.0,,,
3179,3.4720,-0.1193,0.0829,2.999,good,0.000,2.58,0,0,0,0,13.12,2,0.0,,,
3177,3.4760,-0.1139,0.0399,3.008,good,0.005,1.75,0,0,0,0,11.13,3,0.0,,,
3178,3.4760,-0.1109,-0.1928,3.010,good,0.003,3.48,0,0,0,0,10.05,3,0.0,,,
3185,3.4760,-0.1057,0.1898,3.000,good,0.000,2.00,0,0,0,0,8.58,1,0.0,,,
3180,3.4800,-0.1101,0.0704,3.009,insect,1.000,4.29,1,1,1,0,9.83,3,3.1,41|40,3178,3178
3184,3.4800,-0.1176,0.0457,2.996,good,0.002,2.31,0,0,0,0,12.64,2,0.0,,,
3181,3.4840,-0.1118,-0.0855,2.997,good,0.000,3.90,0,0,0,0,10.67,3,0.0,,,
3182,3.4840,-0.1103,-0.1503,3.021,good,0.008,2.04,0,0,0,0,9.62,3,0.0,,,
3183,3.4840,-0.1103,0.1947,2.593,good,0.026,1.77,0,0,0,0,21.10,3,0.0,,,
3192,3.4840,-0.1162,0.1109,3.168,good,0.000,3.38,0,0,0,0,8.24,2,0.0,,,
3186,3.4880,-0.1127,0.1068,3.366,good,0.007,3.28,0,0,0,0,3.19,3,0.0,,,
3187,3.4880,-0.1077,0.1706,3.450,sour,1.000,20.40,1,1,1,0,0.21,3,3.2,53|54,3209,
3188,3.4880,-0.1090,0.2412,3.179,good,0.001,2.30,0,0,0,0,5.73,3,0.0,,,
3189,3.4880,-0.1098,0.0710,3.000,good,0.000,1.78,0,0,0,0,9.95,3,0.0,,,
3190,3.4880,-0.1070,0.1270,3.315,good,0.001,3.13,0,0,0,0,2.45,3,0.0,,,
3191,3.4880,-0.1090,0.0461,3.002,good,0.004,2.44,0,0,0,0,9.63,3,0.0,,,
3195,3.4880,-0.1187,0.0239,3.015,black,1.000,52.83,1,1,1,0,12.53,2,3.2,35|34,3202,3202
3196,3.4880,-0.1165,-0.1944,3.170,good,0.000,2.32,0,0,0,0,8.28,2,0.0,,,
3197,3.4880,-0.1175,-0.1738,3.006,good,0.000,2.71,0,0,0,0,12.35,2,0.0,,,
3198,3.4880,-0.1171,-0.0614,3.005,good,0.002,2.99,0,0,0,0,12.26,2,0.0,,,
3193,3.4920,-0.1156,-0.2096,2.788,good,0.000,2.80,0,0,0,0,17.31,3,0.0,,,
3194,3.4920,-0.1136,-0.0996,2.979,good,0.123,3.00,0,0,0,0,11.72,3,0.0,,,
3205,3.4920,-0.1175,0.1640,3.065,good,0.000,3.10,0,0,0,0,10.94,2,0.0,,,
3199,3.4960,-0.1163,-0.0369,2.976,good,0.010,3.95,0,0,0,0,12.66,3,0.0,,,
3200,3.4960,-0.1134,-0.1134,3.070,good,0.001,3.77,0,0,0,0,9.49,3,0.0,,,
3201,3.4960,-0.1135,0.0595,3.002,good,0.000,2.16,0,0,0,0,11.11,3,0.0,,,
3202,3.4960,-0.1150,-0.0025,3.002,good,0.000,2.84,0,0,0,0,11.63,3,0.0,,,
3203,3.4960,-0.1094,0.0808,3.062,good,0.000,5.80,0,0,0,0,8.39,3,0.0,,,
3204,3.4960,-0.1107,0.1200,2.745,good,0.017,2.10,0,0,0,0,16.77,3,0.0,,,
3208,3.4960,-0.1176,0.2146,2.993,good,0.000,2.93,0,0,0,0,12.69,2,0.0,,,
3206,3.5000,-0.1128,-0.1618,3.000,good,0.000,1.95,0,0,0,0,10.93,3,0.0,,,
3207,3.5000,-0.1155,0.0120,2.444,faded,0.963,3.41,1,1,1,0,28.17,3,3.2,33,3183,
3211,3.5000,-0.1188,-0.0253,2.917,faded,0.676,3.18,1,1,1,0,15.01,2,3.2,28,3184,
3209,3.5040,-0.1118,0.1485,2.981,good,0.000,2.95,0,0,0,0,11.06,3,0.0,,,
3210,3.5040,-0.1114,-0.1403,2.962,good,0.000,3.16,0,0,0,0,11.36,3,0.0,,,
3214,3.5040,-0.1172,0.0166,2.997,good,0.000,3.17,0,0,0,0,12.49,2,0.0,,,
3212,3.5080,-0.1098,-0.2243,3.168,good,0.005,2.70,0,0,0,0,6.23,3,0.0,,,
3213,3.5080,-0.1227,0.2074,2.228,good,0.000,3.28,0,0,0,0,35.98,2,0.0,,,
3222,3.5080,-0.1138,0.2107,3.000,good,0.000,3.61,0,0,0,0,11.28,1,0.0,,,
3215,3.5120,-0.1126,0.0167,3.005,good,0.000,2.60,0,0,0,0,10.76,3,0.0,,,
3216,3.5120,-0.1115,0.0048,2.998,good,0.000,3.29,0,0,0,0,10.55,3,0.0,,,
3217,3.5120,-0.1083,0.0461,2.964,good,0.003,4.52,0,0,0,0,10.27,3,0.0,,,
3221,3.5120,-0.1192,0.0852,2.999,good,0.000,2.49,0,0,0,0,13.10,2,0.0,,,
3218,3.5160,-0.1166,0.0221,2.812,good,0.000,2.14,0,0,0,0,17.03,3,0.0,,,
3219,3.5160,-0.1121,0.1072,2.997,good,0.003,2.96,0,0,0,0,10.78,3,0.0,,,
3220,3.5160,-0.1106,0.0572,3.006,good,0.000,2.71,0,0,0,0,10.06,3,0.0,,,
3226,3.5160,-0.1191,-0.0489,2.790,good,0.000,3.70,0,0,0,0,18.51,2,0.0,,,
3223,3.5200,-0.1151,0.0169,3.009,good,0.001,2.83,0,0,0,0,11.48,3,0.0,,,
3224,3.5200,-0.1153,-0.1992,2.975,good,0.001,1.92,0,0,0,0,12.35,3,0.0,,,
3225,3.5200,-0.1113,-0.0158,3.011,good,0.000,2.97,0,0,0,0,10.19,3,0.0,,,
3227,3.5200,-0.1189,-0.2110,3.128,good,0.000,4.69,0,0,0,0,9.98,2,0.0,,,
3228,3.5200,-0.1184,0.1999,3.004,good,0.000,2.61,0,0,0,0,12.71,2,0.0,,,
3229,3.5200,-0.1169,0.1559,2.978,good,0.000,1.94,0,0,0,0,12.83,2,0.0,,,
3233,3.5240,-0.1199,-0.1367,3.001,good,0.489,3.88,0,0,0,0,13.29,2,0.0,,,
3234,3.5240,-0.1186,0.0590,3.000,faded,0.991,3.71,1,1,1,0,12.87,2,3.2,39,3222,3222
3230,3.5280,-0.1143,-0.0504,3.044,good,0.012,4.03,0,0,0,0,10.38,3,0.0,,,
3231,3.5280,-0.1150,0.1031,2.624,black,1.000,59.55,1,1,1,0,21.93,3,3.2,45|44,3215,
3232,3.5280,-0.1089,0.0927,2.957,good,0.003,9.03,0,0,0,0,10.63,3,0.0,,,
3238,3.5280,-0.1198,-0.0363,3.000,good,0.005,3.52,0,0,0,0,13.29,2,0.0,,,
3241,3.5280,-0.1176,0.0131,2.998,good,0.002,3.59,0,0,0,0,12.58,2,0.0,,,
3242,3.5280,-0.1283,-0.1566,3.000,good,0.003,5.13,0,0,0,0,12.11,1,0.0,,,
3244,3.5280,-0.1164,-0.1525,3.000,good,0.000,4.24,0,0,0,0,12.14,1,0.0,,,
3235,3.5320,-0.1106,-0.0043,3.014,good,0.000,2.65,0,0,0,0,9.89,3,0.0,,,
3236,3.5320,-0.1094,0.0591,3.030,good,0.000,2.70,0,0,0,0,9.10,3,0.0,,,
3237,3.5320,-0.1086,-0.0588,3.005,good,0.001,2.69,0,0,0,0,9.43,3,0.0,,,
3239,3.5320,-0.1084,0.1844,2.981,good,0.001,3.34,0,0,0,0,9.91,3,0.0,,,
3240,3.5320,-0.1080,0.2056,3.117,good,0.001,2.66,0,0,0,0,6.71,3,0.0,,,
3243,3.5320,-0.1184,-0.1306,3.009,good,0.003,2.63,0,0,0,0,12.59,2,0.0,,,
3247,3.5320,-0.1045,-0.1485,3.000,good,0.001,4.24,0,0,0,0,8.17,1,0.0,,,
3248,3.5320,-0.1045,0.0999,3.000,black,1.000,59.60,1,1,1,0,8.17,1,3.2,44,3215,
3245,3.5360,-0.1192,-0.0884,2.997,good,0.000,5.38,0,0,0,0,13.12,2,0.0,,,
3246,3.5360,-0.1163,0.1003,2.994,good,0.000,2.26,0,0,0,0,12.24,2,0.0,,,
3251,3.5400,-0.1179,-0.0766,2.978,good,0.000,3.30,0,0,0,0,13.16,2,0.0,,,
3252,3.5400,-0.1165,0.1723,3.122,good,0.000,2.08,0,0,0,0,9.34,2,0.0,,,
3249,3.5440,-0.1151,-0.2204,2.998,good,0.000,4.59,0,0,0,0,11.76,3,0.0,,,
3250,3.5440,-0.1129,-0.0474,3.005,good,0.001,3.04,0,0,0,0,10.85,3,0.0,,,
3258,3.5440,-0.1189,0.1163,2.856,good,0.151,2.10,0,0,0,0,16.66,2,0.0,,,
3259,3.5440,-0.1159,0.2197,3.002,sour,1.000,8.94,1,1,1,0,11.92,2,3.2,60|59,3233,3233
3253,3.5480,-0.1150,-0.1611,3.002,good,0.007,2.13,0,0,0,0,11.62,3,0.0,,,
3254,3.5480,-0.1130,0.0893,3.324,good,0.004,3.30,0,0,0,0,4.08,3,0.0,,,
3255,3.5480,-0.1162,0.2184,2.903,good,0.050,2.24,0,0,0,0,14.47,3,0.0,,,
3256,3.5480,-0.1253,0.1706,2.930,good,0.012,3.22,0,0,0,0,12.88,2,0.0,,,
3257,3.5480,-0.1104,0.0421,3.035,good,0.000,3.71,0,0,0,0,9.34,3,0.0,,,
3263,3.5480,-0.1135,0.1674,3.000,good,0.005,2.80,0,0,0,0,11.17,1,0.0,,,
3260,3.5520,-0.1118,0.0602,3.303,good,0.001,2.75,0,0,0,0,4.12,3,0.0,,,
3261,3.5520,-0.1109,0.0292,2.992,good,0.000,1.78,0,0,0,0,10.49,3,0.0,,,
3266,3.5520,-0.1046,0.2216,3.000,good,0.019,2.28,0,0,0,0,8.20,1,0.0,,,
3262,3.5560,-0.1123,0.1475,3.023,good,0.043,3.25,0,0,0,0,10.23,3,0.0,,,
3264,3.5600,-0.1091,0.0239,3.000,good,0.000,2.63,0,0,0,0,9.70,3,0.0,,,
3265,3.5600,-0.1213,-0.0075,2.912,good,0.000,2.00,0,0,0,0,12.00,2,0.0,,,
3269,3.5600,-0.1193,-0.0682,2.918,good,0.002,3.30,0,0,0,0,15.16,2,0.0,,,
3270,3.5600,-0.1160,0.0651,3.100,good,0.000,2.41,0,0,0,0,9.67,2,0.0,,,
3271,3.5600,-0.1162,0.0574,3.000,good,0.000,3.11,0,0,0,0,12.08,2,0.0,,,
3276,3.5600,-0.1097,-0.0106,3.000,good,0.000,2.00,0,0,0,0,9.90,1,0.0,,,
3267,3.5640,-0.1126,0.0256,3.252,good,0.000,2.38,0,0,0,0,5.37,3,0.0,,,
3268,3.5640,-0.1134,0.1026,3.004,faded,0.644,3.85,1,1,1,0,11.03,3,3.2,45|44,3262,3262
3275,3.5640,-0.1174,0.1936,2.976,good,0.042,2.78,0,0,0,0,13.06,2,0.0,,,
3281,3.5640,-0.1039,0.0610,3.000,good,0.026,8.75,0,0,0,0,7.96,1,0.0,,,
3272,3.5680,-0.1169,0.0113,2.849,good,0.000,3.93,0,0,0,0,16.12,3,0.0,,,
3273,3.5680,-0.1119,0.1192,2.791,good,0.001,2.79,0,0,0,0,15.90,3,0.0,,,
3274,3.5680,-0.1082,0.1817,3.028,good,0.000,2.32,0,0,0,0,8.76,3,0.0,,,
3280,3.5680,-0.1170,-0.1142,3.003,good,0.000,2.20,0,0,0,0,12.24,2,0.0,,,
3277,3.5720,-0.1162,0.0110,3.000,good,0.005,2.63,0,0,0,0,12.07,3,0.0,,,
3278,3.5720,-0.1163,-0.1602,2.998,good,0.000,2.94,0,0,0,0,12.15,3,0.0,,,
3279,3.5720,-0.1140,-0.1447,3.003,good,0.001,2.06,0,0,0,0,11.25,3,0.0,,,
3284,3.5720,-0.1191,-0.1993,2.750,good,0.002,2.16,0,0,0,0,19.68,2,0.0,,,
3282,3.5760,-0.1104,-0.0754,3.001,faded,0.936,3.64,1,1,1,0,10.12,3,3.2,22,3263,3263
3283,3.5760,-0.1081,0.0308,3.137,good,0.000,1.84,0,0,0,0,6.33,3,0.0,,,
3289,3.5760,-0.1179,0.2081,2.998,good,0.000,2.42,0,0,0,0,12.70,2,0.0,,,
3285,3.5800,-0.1126,-0.0784,3.004,insect,1.000,4.50,1,1,1,0,10.78,3,3.1,21|22,3265,3265
3286,3.5800,-0.1087,-0.1882,3.091,good,0.046,6.90,0,0,0,0,7.52,3,0.0,,,
3287,3.5800,-0.1116,0.1015,2.995,good,0.000,2.13,0,0,0,0,10.65,3,0.0,,,
3288,3.5800,-0.1098,0.1810,3.011,good,0.000,3.66,0,0,0,0,9.69,3,0.0,,,
3290,3.5800,-0.1181,-0.1227,2.987,good,0.000,8.92,0,0,0,0,13.03,2,0.0,,,
3291,3.5800,-0.1175,0.0844,2.999,good,0.001,2.09,0,0,0,0,12.53,2,0.0,,,
3296,3.5840,-0.1169,0.0302,3.010,good,0.004,2.67,0,0,0,0,12.05,2,0.0,,,
3292,3.5880,-0.1126,0.0080,2.998,good,0.006,2.93,0,0,0,0,10.90,3,0.0,,,
3293,3.5880,-0.1123,0.2307,3.019,good,0.006,5.34,0,0,0,0,10.32,3,0.0,,,
3294,3.5880,-0.1116,-0.0180,3.008,good,0.000,3.46,0,0,0,0,10.36,3,0.0,,,
3295,3.5880,-0.1132,0.0460,2.664,good,0.000,2.37,0,0,0,0,20.03,3,0.0,,,
3299,3.5880,-0.1186,-0.0506,3.122,good,0.000,2.65,0,0,0,0,10.02,2,0.0,,,
3300,3.5880,-0.1153,-0.1453,2.979,good,0.001,6.05,0,0,0,0,12.30,2,0.0,,,
3297,3.5920,-0.1280,0.0447,2.772,good,0.000,1.82,0,0,0,0,18.23,2,0.0,,,
3298,3.5920,-0.1102,0.1309,2.999,black,1.000,46.44,1,1,1,0,10.10,3,3.2,48,3284,3284
3302,3.5920,-0.1146,-0.1269,3.022,good,0.075,12.09,0,0,0,0,11.03,2,0.0,,,
3308,3.5920,-0.1168,0.0407,3.000,good,0.000,1.88,0,0,0,0,12.27,1,0.0,,,
3301,3.5960,-0.1157,0.2165,2.962,good,0.000,3.13,0,0,0,0,12.82,3,0.0,,,
3307,3.5960,-0.1134,-0.0704,3.450,good,0.000,4.24,0,0,0,0,1.84,2,0.0,,,
3312,3.5960,-0.1074,-0.1215,3.000,good,0.000,1.66,0,0,0,0,9.15,1,0.0,,,
3303,3.6000,-0.1151,-0.0592,3.029,good,0.013,4.04,0,0,0,0,11.02,3,0.0,,,
3304,3.6000,-0.1104,-0.1488,3.012,insect,0.934,11.51,1,1,1,0,9.84,3,3.1,12|13,3276|3288|3296,3276|3288
3305,3.6000,-0.1112,-0.1925,3.000,good,0.000,2.19,0,0,0,0,10.41,3,0.0,,,
3306,3.6000,-0.1112,-0.0962,3.000,good,0.001,1.95,0,0,0,0,10.38,3,0.0,,,
3310,3.6000,-0.1190,0.2096,2.990,good,0.016,2.57,0,0,0,0,13.25,2,0.0,,,
3311,3.6000,-0.1175,-0.0710,3.001,good,0.000,2.08,0,0,0,0,12.49,2,0.0,,,
3309,3.6040,-0.1127,0.2010,3.147,good,0.001,5.27,0,0,0,0,7.57,3,0.0,,,
3314,3.6040,-0.1196,0.0680,2.994,good,0.000,2.60,0,0,0,0,13.35,2,0.0,,,
3315,3.6040,-0.1176,0.0150,3.157,good,0.003,2.23,0,0,0,0,8.94,2,0.0,,,
3316,3.6040,-0.1098,-0.1618,3.450,good,0.001,2.20,0,0,0,0,0.81,2,0.0,,,
3313,3.6080,-0.1177,0.1302,2.738,good,0.411,3.82,0,0,0,0,19.52,3,0.0,,,
3318,3.6080,-0.1172,-0.1064,3.001,good,0.000,2.17,0,0,0,0,12.38,2,0.0,,,
3317,3.6120,-0.1079,-0.0849,3.106,faded,0.965,4.80,1,1,1,0,6.95,3,3.2,21|20,3318,3318
3322,3.6120,-0.1168,0.1296,2.958,good,0.000,2.70,0,0,0,0,13.28,2,0.0,,,
3327,3.6120,-0.1077,0.1348,3.000,faded,0.698,4.17,1,1,1,0,9.24,1,3.2,49,3299,
3319,3.6160,-0.1130,-0.0326,2.829,good,0.000,1.92,0,0,0,0,15.28,3,0.0,,,
3320,3.6160,-0.1102,-0.1580,2.871,sour,1.000,22.98,1,1,1,0,13.22,3,3.2,11,3308,
3321,3.6160,-0.1090,-0.1184,2.908,good,0.000,2.32,0,0,0,0,11.86,3,0.0,,,
3325,3.6160,-0.1197,0.0890,2.973,good,0.001,2.18,0,0,0,0,13.88,2,0.0,,,
3326,3.6160,-0.1193,0.0112,3.008,good,0.002,3.76,0,0,0,0,12.89,2,0.0,,,
3323,3.6200,-0.1162,-0.0429,2.758,good,0.000,3.52,0,0,0,0,18.40,3,0.0,,,
3324,3.6200,-0.1189,0.2421,2.470,good,0.001,3.28,0,0,0,0,28.64,3,0.0,,,
3328,3.6240,-0.1125,-0.1591,3.093,good,0.013,5.51,0,0,0,0,8.70,3,0.0,,,
3329,3.6240,-0.1148,0.2241,3.006,good,0.081,9.73,0,0,0,0,11.45,3,0.0,,,
3330,3.6240,-0.1112,-0.1840,3.024,good,0.000,3.56,0,0,0,0,9.84,3,0.0,,,
3331,3.6240,-0.1082,0.1322,3.093,good,0.004,5.67,0,0,0,0,7.33,3,0.0,,,
3335,3.6240,-0.1170,-0.0384,3.031,good,0.001,4.14,0,0,0,0,11.60,2,0.0,,,
3339,3.6240,-0.1091,0.2388,3.000,good,0.001,3.22,0,0,0,0,9.69,1,0.0,,,
3332,3.6280,-0.1119,-0.2008,2.998,good,0.001,4.52,0,0,0,0,10.69,3,0.0,,,
3333,3.6280,-0.1111,-0.1688,3.003,good,0.048,4.33,0,0,0,0,10.31,3,0.0,,,
3334,3.6280,-0.1127,0.2083,3.008,good,0.000,1.56,0,0,0,0,10.73,3,0.0,,,
3338,3.6280,-0.1199,-0.1947,3.005,good,0.193,11.28,0,0,0,0,13.20,2,0.0,,,
3336,3.6320,-0.1126,0.0142,3.096,good,0.000,2.20,0,0,0,0,8.67,3,0.0,,,
3337,3.6320,-0.1097,0.1495,3.001,good,0.003,1.98,0,0,0,0,9.87,3,0.0,,,
3342,3.6320,-0.1197,-0.1075,3.001,faded,1.000,5.30,1,1,1,0,13.23,2,3.2,18,3323,3323
3343,3.6320,-0.1190,0.0798,2.998,good,0.000,1.85,0,0,0,0,13.05,2,0.0,,,
3340,3.6360,-0.1268,0.1742,2.824,good,0.001,2.35,0,0,0,0,16.32,2,0.0,,,
3341,3.6360,-0.1227,0.0388,2.970,good,0.000,1.91,0,0,0,0,10.96,2,0.0,,,
3344,3.6360,-0.1200,-0.2105,2.999,good,0.001,2.86,0,0,0,0,13.34,2,0.0,,,
3345,3.6360,-0.1193,0.0053,2.987,good,0.000,1.98,0,0,0,0,13.42,2,0.0,,,
3346,3.6360,-0.1159,-0.0289,3.003,good,0.003,2.78,0,0,0,0,11.91,2,0.0,,,
3352,3.6360,-0.1155,0.1773,3.000,good,0.001,2.15,0,0,0,0,11.83,1,0.0,,,
3353,3.6360,-0.1108,0.0357,3.000,good,0.001,1.87,0,0,0,0,10.28,1,0.0,,,
3351,3.6400,-0.1146,-0.0519,3.048,good,0.008,3.19,0,0,0,0,10.40,2,0.0,,,
3347,3.6440,-0.1148,0.1550,3.003,good,0.000,5.74,0,0,0,0,11.51,3,0.0,,,
3348,3.6440,-0.1147,0.0498,2.990,good,0.002,1.86,0,0,0,0,11.80,3,0.0,,,
3349,3.6440,-0.1144,-0.2079,2.976,good,0.000,2.01,0,0,0,0,12.04,3,0.0,,,
3350,3.6440,-0.1086,0.1122,2.990,good,0.000,1.81,0,0,0,0,9.78,3,0.0,,,
3354,3.6480,-0.1126,-0.0523,2.843,good,0.002,2.83,0,0,0,0,14.77,3,0.0,,,
3355,3.6480,-0.1104,-0.1380,2.910,good,0.000,1.41,0,0,0,0,12.30,3,0.0,,,
3357,3.6480,-0.1177,-0.1276,3.027,good,0.000,7.10,0,0,0,0,11.91,2,0.0,,,
3356,3.6520,-0.1143,0.1639,2.853,good,0.000,2.50,0,0,0,0,15.10,3,0.0,,,
3358,3.6560,-0.1144,0.1540,3.015,sour,1.000,20.66,1,1,1,0,11.10,3,3.2,51,3357,
3359,3.6560,-0.1157,0.1283,2.903,good,0.000,2.48,0,0,0,0,14.30,3,0.0,,,
3360,3.6560,-0.1081,0.1352,3.152,black,1.000,50.26,1,1,1,0,6.02,3,3.2,49,3386,
3363,3.6560,-0.1193,0.0778,2.984,good,0.000,2.57,0,0,0,0,13.50,2,0.0,,,
3364,3.6560,-0.1183,-0.0345,2.936,good,0.000,3.43,0,0,0,0,14.35,2,0.0,,,
3365,3.6560,-0.1173,0.1954,3.030,good,0.085,3.52,0,0,0,0,11.70,2,0.0,,,
3366,3.6560,-0.1154,-0.0510,3.020,good,0.000,2.72,0,0,0,0,11.33,2,0.0,,,
3361,3.6600,-0.1127,-0.0672,3.136,good,0.004,2.12,0,0,0,0,7.83,3,0.0,,,
3362,3.6600,-0.1120,-0.2074,2.876,good,0.002,2.28,0,0,0,0,13.70,3,0.0,,,
3370,3.6600,-0.1162,-0.1174,2.988,good,0.019,7.15,0,0,0,0,12.37,2,0.0,,,
3367,3.6640,-0.1130,0.1064,2.995,good,0.000,3.50,0,0,0,0,11.12,3,0.0,,,
3368,3.6640,-0.1131,-0.0605,2.887,good,0.001,3.47,0,0,0,0,13.84,3,0.0,,,
3369,3.6640,-0.1091,0.0606,3.001,good,0.000,2.57,0,0,0,0,9.67,3,0.0,,,
3371,3.6680,-0.1132,-0.1941,2.840,good,0.017,6.65,0,0,0,0,15.07,3,0.0,,,
3372,3.6680,-0.1126,0.0026,2.970,good,0.000,3.20,0,0,0,0,11.58,3,0.0,,,
3375,3.6680,-0.1168,0.1436,3.010,good,0.000,3.60,0,0,0,0,12.04,2,0.0,,,
3382,3.6680,-0.1016,-0.0639,3.000,good,0.001,3.39,0,0,0,0,7.20,1,0.0,,,
3373,3.6720,-0.1170,0.1410,2.842,good,0.003,2.56,0,0,0,0,16.35,3,0.0,,,
3374,3.6720,-0.1145,0.1707,3.001,good,0.000,3.07,0,0,0,0,11.46,3,0.0,,,
3381,3.6720,-0.1164,0.0900,2.986,good,0.033,7.01,0,0,0,0,12.46,2,0.0,,,
3376,3.6760,-0.1186,-0.1316,2.586,good,0.000,2.75,0,0,0,0,24.52,3,0.0,,,
3377,3.6760,-0.1099,-0.2355,3.002,good,0.019,2.69,0,0,0,0,9.93,3,0.0,,,
3378,3.6760,-0.1081,0.0014,3.004,good,0.002,2.37,0,0,0,0,9.28,3,0.0,,,
3379,3.6760,-0.1083,0.1109,2.993,faded,0.813,6.64,1,1,1,0,9.58,3,3.2,46|45,3365,3365
3380,3.6760,-0.1106,-0.1859,2.529,good,0.000,2.47,0,0,0,0,23.25,3,0.0,,,
3384,3.6760,-0.1186,-0.2286,2.997,good,0.000,2.29,0,0,0,0,12.95,2,0.0,,,
3383,3.6800,-0.1096,0.0377,3.018,good,0.000,3.35,0,0,0,0,9.43,3,0.0,,,
3386,3.6800,-0.1199,-0.1319,3.070,good,0.008,2.72,0,0,0,0,11.61,2,0.0,,,
3387,3.6800,-0.1171,-0.2144,3.450,good,0.003,2.17,0,0,0,0,2.94,2,0.0,,,
3392,3.6800,-0.1004,-0.1824,3.000,good,0.000,2.11,0,0,0,0,6.80,1,0.0,,,
3385,3.6840,-0.1118,0.1326,2.999,good,0.002,4.25,0,0,0,0,10.62,3,0.0,,,
3389,3.6840,-0.1191,0.1447,3.199,good,0.000,2.15,0,0,0,0,8.49,2,0.0,,,
3390,3.6840,-0.1184,-0.1070,2.815,good,0.202,5.04,0,0,0,0,17.57,2,0.0,,,
3391,3.6840,-0.1196,-0.1595,2.969,good,0.001,2.34,0,0,0,0,13.98,2,0.0,,,
3388,3.6880,-0.1093,0.2219,3.001,good,0.000,2.88,0,0,0,0,9.77,3,0.0,,,
3393,3.6880,-0.1190,0.1157,2.990,good,0.000,2.15,0,0,0,0,13.25,2,0.0,,,
3394,3.6880,-0.1179,-0.1760,2.954,good,0.002,3.98,0,0,0,0,13.77,2,0.0,,,
3395,3.6880,-0.1184,0.1513,3.076,good,0.000,2.18,0,0,0,0,11.02,2,0.0,,,
3396,3.6880,-0.1191,-0.0802,2.746,good,0.014,1.98,0,0,0,0,19.80,2,0.0,,,
3397,3.6880,-0.1163,-0.0199,2.944,good,0.000,1.96,0,0,0,0,13.47,2,0.0,,,
3399,3.6920,-0.1184,-0.2127,3.000,good,0.000,2.49,0,0,0,0,12.81,2,0.0,,,
3400,3.6920,-0.1170,-0.0477,2.904,good,0.000,2.01,0,0,0,0,14.70,2,0.0,,,
3402,3.6920,-0.1081,-0.0770,3.000,good,0.000,1.95,0,0,0,0,9.37,1,0.0,,,
3398,3.6960,-0.1161,-0.0180,3.001,good,0.002,2.64,0,0,0,0,11.99,3,0.0,,,
3401,3.7000,-0.1141,-0.1112,3.101,faded,0.965,3.80,1,1,1,0,9.03,3,3.2,17,3411,3411
3406,3.7000,-0.1178,0.1608,2.942,sour,1.000,8.74,1,1,1,0,14.03,2,3.2,52,3403,3403
3407,3.7000,-0.1154,-0.1618,2.993,good,0.000,2.12,0,0,0,0,11.98,2,0.0,,,
3403,3.7040,-0.1127,-0.2025,3.066,good,0.251,4.18,0,0,0,0,9.35,3,0.0,,,
3404,3.7040,-0.1093,0.0588,3.009,good,0.001,2.42,0,0,0,0,9.54,3,0.0,,,
3405,3.7040,-0.1087,0.2011,3.037,sour,1.000,16.40,1,1,1,0,8.72,3,3.2,57,3390,3390
3408,3.7080,-0.1109,-0.2000,3.021,good,0.000,3.52,0,0,0,0,9.81,3,0.0,,,
3410,3.7080,-0.1168,-0.1378,3.450,good,0.003,6.23,0,0,0,0,2.84,2,0.0,,,
3409,3.7120,-0.1095,-0.2127,3.022,sour,1.000,22.60,1,1,1,0,9.33,3,3.2,4,3417,3417
3416,3.7120,-0.1190,-0.0211,2.918,good,0.000,1.83,0,0,0,0,15.04,2,0.0,,,
3425,3.7120,-0.1023,-0.1414,3.000,good,0.001,6.00,0,0,0,0,7.45,1,0.0,,,
3411,3.7160,-0.1343,-0.0311,3.000,good,0.011,3.07,0,0,0,0,10.11,1,0.0,,,
3412,3.7160,-0.1098,0.1284,2.983,black,1.000,45.77,1,1,1,0,10.33,3,3.2,48,3405,
3413,3.7160,-0.1091,-0.0480,3.018,good,0.041,3.05,0,0,0,0,9.27,3,0.0,,,
3414,3.7160,-0.1107,0.2139,2.832,good,0.012,2.32,0,0,0,0,14.39,3,0.0,,,
3415,3.7160,-0.1325,-0.0392,3.000,good,0.000,2.58,0,0,0,0,9.51,1,0.0,,,
3423,3.7160,-0.1166,0.1979,2.994,good,0.000,2.59,0,0,0,0,12.33,2,0.0,,,
3424,3.7160,-0.1113,-0.0349,2.773,good,0.104,11.66,0,0,0,0,16.19,2,0.0,,,
3417,3.7200,-0.1154,0.0538,3.153,good,0.000,7.12,0,0,0,0,8.29,3,0.0,,,
3418,3.7200,-0.1147,0.1572,2.991,good,0.007,6.15,0,0,0,0,11.78,3,0.0,,,
3419,3.7200,-0.1123,-0.0390,3.007,good,0.000,4.92,0,0,0,0,10.61,3,0.0,,,
3420,3.7200,-0.1131,-0.0502,2.899,good,0.000,2.59,0,0,0,0,13.51,3,0.0,,,
3421,3.7200,-0.1120,-0.2399,2.910,good,0.013,2.95,0,0,0,0,12.86,3,0.0,,,
3422,3.7200,-0.1096,0.1742,2.984,good,0.000,2.87,0,0,0,0,10.25,3,0.0,,,
3426,3.7240,-0.1124,0.1973,2.904,good,0.000,2.35,0,0,0,0,13.15,3,0.0,,,
3427,3.7240,-0.1107,0.1148,2.524,faded,0.999,3.71,1,1,1,0,23.46,3,3.2,46,3419,
3429,3.7240,-0.1160,-0.1665,3.012,good,0.000,2.86,0,0,0,0,11.73,2,0.0,,,
3433,3.7240,-0.1015,-0.0536,3.000,good,0.005,2.33,0,0,0,0,7.17,1,0.0,,,
3428,3.7280,-0.1153,0.2038,2.998,good,0.004,2.49,0,0,0,0,11.82,3,0.0,,,
3430,3.7320,-0.1144,0.0164,3.031,good,0.001,3.48,0,0,0,0,10.75,3,0.0,,,
3431,3.7320,-0.1123,-0.2229,2.997,faded,0.732,4.16,1,1,1,0,10.83,3,3.2,3,3424,3424
3432,3.7320,-0.1075,-0.2101,3.450,good,0.000,2.19,0,0,0,0,0.14,3,0.0,,,
3438,3.7320,-0.1165,-0.1165,3.100,good,0.001,2.15,0,0,0,0,9.83,2,0.0,,,
3439,3.7320,-0.1149,-0.1245,3.061,good,0.000,3.82,0,0,0,0,10.21,2,0.0,,,
3434,3.7360,-0.1136,0.0708,3.063,good,0.000,2.85,0,0,0,0,9.74,3,0.0,,,
3435,3.7360,-0.1128,-0.1416,3.001,good,0.000,3.80,0,0,0,0,10.91,3,0.0,,,
3436,3.7360,-0.1390,-0.0332,3.000,broken,1.000,4.30,1,1,1,0,11.67,1,2.4,27,,
3437,3.7360,-0.1172,0.0509,2.592,good,0.000,2.56,0,0,0,0,23.82,3,0.0,,,
3441,3.7360,-0.1193,0.2075,2.996,good,0.004,2.31,0,0,0,0,13.21,2,0.0,,,
3442,3.7360,-0.1179,0.0215,2.987,faded,0.528,4.04,1,1,1,0,12.95,2,3.2,34,3437,3437
3443,3.7360,-0.1269,-0.0383,3.000,broken,1.000,4.24,1,1,1,0,11.65,1,2.4,27|26,,
3448,3.7360,-0.1148,-0.0433,3.000,broken,0.999,4.41,1,1,1,0,11.60,1,2.4,26,3434,
3440,3.7400,-0.1099,0.1143,3.004,good,0.011,2.02,0,0,0,0,9.86,3,0.0,,,
3447,3.7400,-0.1192,0.2203,2.992,good,0.000,5.33,0,0,0,0,13.26,2,0.0,,,
3452,3.7400,-0.1027,-0.0484,3.000,broken,1.000,4.21,1,1,1,0,7.57,1,2.4,25|26,3434,
3444,3.7440,-0.1254,0.1756,3.450,good,0.000,2.84,0,0,0,0,1.35,2,0.0,,,
3445,3.7440,-0.1118,0.0746,3.006,good,0.000,2.52,0,0,0,0,10.46,3,0.0,,,
3446,3.7440,-0.1092,-0.2207,3.125,good,0.000,2.42,0,0,0,0,6.95,3,0.0,,,
3451,3.7440,-0.1170,0.0649,2.983,good,0.000,2.41,0,0,0,0,12.74,2,0.0,,,
3456,3.7440,-0.1115,0.1796,3.000,good,0.000,2.93,0,0,0,0,10.49,1,0.0,,,
3449,3.7480,-0.1128,-0.1991,3.001,good,0.000,2.46,0,0,0,0,10.92,3,0.0,,,
3450,3.7480,-0.1089,0.1626,2.992,good,0.001,2.83,0,0,0,0,9.82,3,0.0,,,
3455,3.7480,-0.1145,-0.0206,3.365,good,0.000,2.59,0,0,0,0,3.75,2,0.0,,,
3453,3.7520,-0.1163,0.1734,2.541,good,0.001,3.36,0,0,0,0,25.10,3,0.0,,,
3454,3.7520,-0.1103,0.1907,2.996,good,0.135,3.35,0,0,0,0,10.19,3,0.0,,,
3457,3.7560,-0.1095,0.1117,2.998,good,0.000,1.94,0,0,0,0,9.89,3,0.0,,,
3458,3.7560,-0.1211,-0.0659,2.535,good,0.005,2.60,0,0,0,0,23.21,2,0.0,,,
3463,3.7560,-0.1198,-0.1671,3.000,good,0.094,3.82,0,0,0,0,13.26,2,0.0,,,
3466,3.7560,-0.1172,0.1433,3.199,good,0.010,1.93,0,0,0,0,7.89,2,0.0,,,
3467,3.7560,-0.1164,-0.1412,2.999,good,0.000,4.05,0,0,0,0,12.16,2,0.0,,,
3474,3.7560,-0.1110,-0.0688,3.000,good,0.004,2.52,0,0,0,0,10.33,1,0.0,,,
3475,3.7560,-0.1061,0.1705,3.000,good,0.000,3.24,0,0,0,0,8.71,1,0.0,,,
3459,3.7600,-0.1138,-0.0330,3.030,good,0.005,7.44,0,0,0,0,10.57,3,0.0,,,
3460,3.7600,-0.1127,-0.1042,3.013,faded,1.000,6.27,1,1,1,0,10.58,3,3.2,18,3464,3464
3461,3.7600,-0.1147,0.1308,2.857,good,0.000,2.68,0,0,0,0,15.15,3,0.0,,,
3462,3.7600,-0.1132,0.1147,2.687,good,0.021,4.78,0,0,0,0,19.34,3,0.0,,,
3464,3.7600,-0.1083,-0.1945,2.957,good,0.000,2.77,0,0,0,0,10.44,3,0.0,,,
3465,3.7600,-0.1079,-0.2274,3.042,good,0.000,2.97,0,0,0,0,8.34,3,0.0,,,
3472,3.7600,-0.1166,-0.1518,3.000,sour,1.000,18.34,1,1,1,0,12.20,2,3.2,12,3480,3480
3473,3.7600,-0.1287,-0.0398,3.000,good,0.004,5.08,0,0,0,0,12.24,1,0.0,,,
3468,3.7640,-0.1137,-0.0375,2.915,good,0.003,4.07,0,0,0,0,13.29,3,0.0,,,
3469,3.7640,-0.1141,0.1055,2.747,good,0.001,3.63,0,0,0,0,17.93,3,0.0,,,
3470,3.7640,-0.1118,0.1926,2.996,insect,1.000,9.90,1,1,1,0,10.69,3,3.1,56,3455,3455
3471,3.7640,-0.1166,-0.1245,2.411,good,0.002,3.60,0,0,0,0,29.85,3,0.0,,,
3477,3.7640,-0.1196,-0.0034,2.994,good,0.000,3.13,0,0,0,0,13.34,2,0.0,,,
3476,3.7680,-0.1166,-0.0590,2.891,faded,1.000,4.80,1,1,1,0,14.93,3,3.2,24,3461,
3481,3.7680,-0.1173,0.1495,2.952,good,0.000,3.08,0,0,0,0,13.59,2,0.0,,,
3478,3.7720,-0.1150,-0.2064,2.993,good,0.000,1.94,0,0,0,0,11.83,3,0.0,,,
3479,3.7720,-0.1135,-0.0980,2.999,good,0.000,3.04,0,0,0,0,11.20,3,0.0,,,
3480,3.7720,-0.1107,0.0653,2.997,good,0.000,2.25,0,0,0,0,10.30,3,0.0,,,
3483,3.7720,-0.1185,0.0349,3.005,good,0.000,2.85,0,0,0,0,12.73,2,0.0,,,
3484,3.7720,-0.1281,-0.1335,3.000,stone,1.000,34.62,1,1,1,0,12.05,1,9.1,14|15|13,,
3487,3.7720,-0.1110,-0.1416,3.000,stone,1.000,34.83,1,1,1,0,10.32,1,9.1,13|14|12,3510,
3482,3.7760,-0.1224,-0.0291,3.362,good,0.002,2.94,0,0,0,0,2.16,2,0.0,,,
3486,3.7760,-0.1186,0.1109,2.907,good,0.000,2.12,0,0,0,0,15.19,2,0.0,,,
3490,3.7760,-0.1090,-0.0335,3.000,good,0.000,2.96,0,0,0,0,9.66,1,0.0,,,
3485,3.7800,-0.1148,0.0181,3.009,good,0.000,2.49,0,0,0,0,11.39,3,0.0,,,
3489,3.7800,-0.1194,-0.1563,2.996,good,0.002,2.42,0,0,0,0,13.23,2,0.0,,,
3488,3.7840,-0.1149,-0.0117,2.993,good,0.001,2.26,0,0,0,0,11.80,3,0.0,,,
3495,3.7840,-0.1187,0.1509,2.989,good,0.007,3.26,0,0,0,0,13.16,2,0.0,,,
3496,3.7840,-0.1163,0.1316,3.008,good,0.000,2.22,0,0,0,0,11.92,2,0.0,,,
3491,3.7880,-0.1161,-0.0686,3.023,good,0.001,2.18,0,0,0,0,11.50,3,0.0,,,
3492,3.7880,-0.1108,-0.0305,2.940,good,0.000,4.56,0,0,0,0,11.70,3,0.0,,,
3493,3.7880,-0.1091,0.0455,2.998,good,0.003,2.36,0,0,0,0,9.74,3,0.0,,,
3494,3.7880,-0.1107,-0.1916,2.663,good,0.016,3.39,0,0,0,0,19.13,3,0.0,,,
3499,3.7880,-0.1187,-0.1720,3.022,good,0.485,16.76,0,0,0,0,12.37,2,0.0,,,
3497,3.7920,-0.1154,-0.0001,2.999,good,0.000,3.30,0,0,0,0,11.82,3,0.0,,,
3498,3.7920,-0.1129,-0.1140,3.058,good,0.000,2.08,0,0,0,0,9.62,3,0.0,,,
3500,3.7920,-0.1110,-0.0984,2.880,good,0.001,1.95,0,0,0,0,13.28,3,0.0,,,
3501,3.7920,-0.1106,0.2283,2.622,black,1.000,51.05,1,1,1,0,20.32,3,3.2,61,3479,
3502,3.7920,-0.1101,-0.1229,2.627,good,0.000,1.92,0,0,0,0,19.96,3,0.0,,,
3505,3.7920,-0.1153,0.1248,3.450,good,0.049,4.13,0,0,0,0,2.41,2,0.0,,,
3503,3.7960,-0.1142,-0.1345,3.000,black,1.000,48.28,1,1,1,0,11.39,3,3.2,14,3483,3483
3504,3.7960,-0.1131,-0.1433,3.011,good,0.000,2.62,0,0,0,0,10.78,3,0.0,,,
3508,3.7960,-0.1200,0.1788,3.079,good,0.010,3.44,0,0,0,0,11.43,2,0.0,,,
3509,3.7960,-0.1162,0.2349,3.378,good,0.005,2.06,0,0,0,0,4.00,2,0.0,,,
3510,3.7960,-0.1168,0.2170,2.951,good,0.008,2.87,0,0,0,0,13.47,2,0.0,,,
3514,3.7960,-0.1005,0.1211,3.000,good,0.000,7.01,0,0,0,0,6.84,1,0.0,,,
3506,3.8000,-0.1150,0.0749,3.015,good,0.000,3.35,0,0,0,0,11.33,3,0.0,,,
3507,3.8000,-0.1242,0.0308,3.000,good,0.001,3.47,0,0,0,0,10.72,2,0.0,,,
3520,3.8000,-0.1122,0.0343,3.000,good,0.001,3.35,0,0,0,0,10.72,1,0.0,,,
3521,3.8000,-0.1027,0.2384,3.000,good,0.000,2.20,0,0,0,0,7.58,1,0.0,,,
3511,3.8040,-0.1150,0.1237,2.991,good,0.000,2.50,0,0,0,0,11.90,3,0.0,,,
3512,3.8040,-0.1136,0.1770,3.280,good,0.000,2.61,0,0,0,0,5.11,3,0.0,,,
3513,3.8040,-0.1077,0.2118,3.077,good,0.002,2.70,0,0,0,0,7.52,3,0.0,,,
3518,3.8040,-0.1179,-0.1729,2.997,good,0.000,2.73,0,0,0,0,12.70,2,0.0,,,
3519,3.8040,-0.1152,-0.0265,3.057,good,0.000,3.39,0,0,0,0,10.38,2,0.0,,,
3515,3.8080,-0.1143,0.0963,3.069,good,0.000,2.91,0,0,0,0,9.82,3,0.0,,,
3516,3.8080,-0.1109,-0.0399,2.993,good,0.002,3.24,0,0,0,0,10.48,3,0.0,,,
3517,3.8080,-0.1083,0.0724,2.993,good,0.207,3.88,0,0,0,0,9.59,3,0.0,,,
3523,3.8080,-0.1181,0.1067,2.939,good,0.001,2.52,0,0,0,0,14.22,2,0.0,,,
3528,3.8080,-0.1173,0.1893,3.000,broken,1.000,9.46,1,1,1,0,12.45,1,2.4,56,3593,
3522,3.8120,-0.1136,0.1906,2.904,insect,0.674,7.83,1,1,1,0,13.57,3,3.2,56,3523,3523
3527,3.8120,-0.1170,-0.0270,3.007,good,0.000,3.34,0,0,0,0,12.16,2,0.0,,,
3524,3.8160,-0.1157,0.0488,3.001,good,0.000,5.13,0,0,0,0,11.87,3,0.0,,,
3525,3.8160,-0.1141,0.1577,3.009,good,0.012,3.34,0,0,0,0,11.14,3,0.0,,,
3526,3.8160,-0.1127,-0.1410,3.003,good,0.000,2.36,0,0,0,0,10.83,3,0.0,,,
3531,3.8160,-0.1186,-0.0225,3.016,insect,1.000,5.50,1,1,1,0,12.48,2,3.1,29|28,3531,3531
3536,3.8160,-0.1179,0.0239,3.000,good,0.001,2.65,0,0,0,0,12.63,1,0.0,,,
3529,3.8200,-0.1361,0.0239,3.000,good,0.002,2.70,0,0,0,0,10.69,1,0.0,,,
3530,3.8200,-0.1111,-0.1787,2.517,good,0.000,2.52,0,0,0,0,23.86,3,0.0,,,
3534,3.8200,-0.1186,0.1210,2.998,good,0.000,1.74,0,0,0,0,12.90,2,0.0,,,
3535,3.8200,-0.1167,-0.0765,2.939,good,0.000,17.78,0,0,0,0,13.73,2,0.0,,,
3532,3.8240,-0.1091,-0.1658,2.992,good,0.006,6.20,0,0,0,0,9.90,3,0.0,,,
3533,3.8240,-0.1108,-0.0454,3.020,good,0.001,3.37,0,0,0,0,9.80,3,0.0,,,
3537,3.8280,-0.1109,-0.0142,3.009,black,1.000,46.66,1,1,1,0,10.07,3,3.2,30|29,3519,3519
3539,3.8280,-0.1176,-0.0389,3.013,good,0.008,2.21,0,0,0,0,12.24,2,0.0,,,
3538,3.8320,-0.1113,0.1573,3.007,good,0.042,2.02,0,0,0,0,10.29,3,0.0,,,
3540,3.8360,-0.1144,0.1131,3.012,good,0.001,3.17,0,0,0,0,11.17,3,0.0,,,
3541,3.8360,-0.1111,0.1515,3.004,black,1.000,47.88,1,1,1,0,10.25,3,3.2,51,3533,3533
3542,3.8360,-0.1085,-0.0667,2.957,good,0.000,4.37,0,0,0,0,10.51,3,0.0,,,
3548,3.8360,-0.1155,0.0018,3.015,good,0.010,5.46,0,0,0,0,11.47,2,0.0,,,
3549,3.8360,-0.1190,0.0948,2.991,good,0.000,4.26,0,0,0,0,13.20,2,0.0,,,
3543,3.8400,-0.1151,0.1211,2.998,good,0.000,1.88,0,0,0,0,11.74,3,0.0,,,
3544,3.8400,-0.1111,-0.1194,2.968,good,0.001,2.18,0,0,0,0,11.13,3,0.0,,,
3545,3.8400,-0.1162,0.0846,2.587,broken,1.000,7.10,1,1,1,0,23.54,3,2.4,42|43,3515,
3546,3.8400,-0.1338,0.2424,3.000,good,0.001,4.53,0,0,0,0,9.92,1,0.0,,,
3547,3.8400,-0.1082,-0.1882,2.991,good,0.027,3.62,0,0,0,0,9.61,3,0.0,,,
3554,3.8400,-0.1174,-0.1501,3.007,broken,0.867,2.99,1,1,1,0,12.30,2,2.4,12,3526,3526
3555,3.8400,-0.1155,-0.0191,3.189,good,0.000,3.12,0,0,0,0,7.56,2,0.0,,,
3550,3.8440,-0.1133,0.1474,3.264,good,0.000,2.54,0,0,0,0,5.34,3,0.0,,,
3551,3.8440,-0.1137,-0.1336,2.953,good,0.264,3.12,0,0,0,0,12.39,3,0.0,,,
3552,3.8440,-0.1073,0.1040,3.229,good,0.045,3.45,0,0,0,0,4.19,3,0.0,,,
3553,3.8440,-0.1083,0.1616,2.988,good,0.001,2.93,0,0,0,0,9.72,3,0.0,,,
3557,3.8440,-0.1186,-0.0669,3.048,good,0.000,1.96,0,0,0,0,11.72,2,0.0,,,
3558,3.8440,-0.1186,-0.2156,2.981,good,0.008,2.61,0,0,0,0,13.31,2,0.0,,,
3559,3.8440,-0.1175,-0.1644,3.100,good,0.000,3.54,0,0,0,0,10.17,2,0.0,,,
3561,3.8440,-0.1027,-0.0224,3.000,good,0.000,2.89,0,0,0,0,7.57,1,0.0,,,
3556,3.8480,-0.1110,0.0958,2.994,good,0.000,2.02,0,0,0,0,10.48,3,0.0,,,
3560,3.8480,-0.1169,-0.1699,2.998,good,0.000,2.76,0,0,0,0,12.37,2,0.0,,,
3569,3.8480,-0.1002,0.1440,3.000,good,0.001,2.23,0,0,0,0,6.74,1,0.0,,,
3567,3.8520,-0.1181,0.0288,2.998,good,0.000,3.37,0,0,0,0,12.74,2,0.0,,,
3568,3.8520,-0.1158,0.0623,3.005,good,0.000,3.79,0,0,0,0,11.80,2,0.0,,,
3562,3.8560,-0.1129,-0.0460,3.167,good,0.003,3.00,0,0,0,0,7.24,3,0.0,,,
3563,3.8560,-0.1136,-0.0349,2.996,good,0.001,2.89,0,0,0,0,11.28,3,0.0,,,
3564,3.8560,-0.1122,0.1568,3.015,good,0.000,2.01,0,0,0,0,10.40,3,0.0,,,
3565,3.8560,-0.1102,0.2293,3.005,broken,0.503,3.38,1,1,1,0,9.95,3,2.4,61,3559,3559
3566,3.8560,-0.1102,0.1115,3.004,good,0.001,2.98,0,0,0,0,9.98,3,0.0,,,
3570,3.8600,-0.1142,0.0125,3.020,good,0.000,1.98,0,0,0,0,10.93,3,0.0,,,
3571,3.8600,-0.1145,0.2051,2.989,good,0.000,2.90,0,0,0,0,11.76,3,0.0,,,
3572,3.8600,-0.1134,-0.0610,2.955,good,0.000,3.76,0,0,0,0,12.23,3,0.0,,,
3573,3.8600,-0.1098,-0.1141,2.997,good,0.000,3.12,0,0,0,0,10.00,3,0.0,,,
3574,3.8600,-0.1091,0.1866,3.162,good,0.003,3.53,0,0,0,0,6.13,3,0.0,,,
3581,3.8600,-0.1009,-0.0390,3.000,good,0.105,8.86,0,0,0,0,6.97,1,0.0,,,
3575,3.8640,-0.1132,0.0646,2.906,good,0.000,2.51,0,0,0,0,13.37,3,0.0,,,
3576,3.8640,-0.1114,0.1980,2.901,black,1.000,51.52,1,1,1,0,12.88,3,3.2,57,3589,
3577,3.8640,-0.1100,0.0033,3.190,stick,1.000,31.78,1,1,1,0,5.84,3,2.4,32,3543,
3578,3.8640,-0.1083,-0.1460,2.986,good,0.021,2.47,0,0,0,0,9.76,3,0.0,,,
3580,3.8640,-0.1183,-0.1369,3.029,insect,1.000,3.92,1,1,1,0,12.09,2,3.1,14,3558,3558
3579,3.8680,-0.1092,0.0018,3.002,insect,1.000,5.61,1,1,1,0,9.69,3,3.1,32,3574,3574
3585,3.8680,-0.1172,-0.1439,2.996,sour,1.000,14.53,1,1,1,0,12.48,2,3.2,13,3575,3575
3592,3.8680,-0.0998,0.2012,3.000,black,1.000,51.49,1,1,1,0,6.59,1,3.2,57,3589,
3582,3.8720,-0.1158,-0.1757,2.994,good,0.000,2.20,0,0,0,0,12.06,3,0.0,,,
3583,3.8720,-0.1104,-0.0299,3.307,good,0.000,6.27,0,0,0,0,3.63,3,0.0,,,
3584,3.8720,-0.1102,-0.2009,2.995,good,0.000,2.00,0,0,0,0,10.19,3,0.0,,,
3589,3.8720,-0.1166,0.0002,3.122,good,0.000,2.24,0,0,0,0,9.36,2,0.0,,,
3590,3.8720,-0.1175,0.1063,2.979,good,0.000,2.63,0,0,0,0,13.01,2,0.0,,,
3591,3.8720,-0.1140,0.1353,3.129,good,0.000,2.77,0,0,0,0,8.41,2,0.0,,,
3586,3.8760,-0.1148,-0.2177,2.944,good,0.000,1.64,0,0,0,0,12.95,3,0.0,,,
3587,3.8760,-0.1388,-0.0015,3.000,good,0.001,3.09,0,0,0,0,11.59,1,0.0,,,
3588,3.8760,-0.1121,0.0052,2.938,good,0.013,5.77,0,0,0,0,12.20,3,0.0,,,
3593,3.8800,-0.1132,-0.0224,3.109,good,0.000,2.79,0,0,0,0,8.58,3,0.0,,,
3594,3.8800,-0.1129,0.1988,2.996,good,0.004,3.97,0,0,0,0,11.06,3,0.0,,,
3595,3.8800,-0.1106,0.2428,2.921,good,0.051,3.31,0,0,0,0,12.11,3,0.0,,,
3597,3.8800,-0.1198,0.1757,3.184,good,0.000,1.67,0,0,0,0,9.02,2,0.0,,,
3599,3.8800,-0.1167,-0.0311,3.006,good,0.005,2.17,0,0,0,0,12.08,2,0.0,,,
3596,3.8840,-0.1147,-0.2218,2.999,black,1.000,47.44,1,1,1,0,11.60,3,3.2,3,3571,3571
3598,3.8840,-0.1121,0.0563,2.399,good,0.002,3.93,0,0,0,0,28.38,3,0.0,,,
3603,3.8840,-0.1195,0.2434,3.008,good,0.019,20.62,1,1,1,0,12.96,2,9.0,63|62|64,3596,3596
3604,3.8840,-0.1185,-0.0940,2.998,good,0.000,1.61,0,0,0,0,12.87,2,0.0,,,
3605,3.8840,-0.1176,-0.0151,3.001,good,0.000,1.89,0,0,0,0,12.49,2,0.0,,,
3606,3.8840,-0.1148,-0.0375,3.001,faded,1.000,5.74,1,1,1,0,11.59,2,3.2,27|26,3576,3576
3600,3.8880,-0.1104,-0.0838,2.996,good,0.001,4.29,0,0,0,0,10.22,3,0.0,,,
3601,3.8880,-0.1107,-0.2197,3.002,broken,0.885,4.36,1,1,1,0,10.19,3,2.4,3|4,3582,3582
3602,3.8880,-0.1080,0.1555,3.053,good,0.001,7.20,0,0,0,0,8.13,3,0.0,,,
3607,3.8880,-0.1181,0.1307,3.450,broken,0.992,14.51,1,1,1,0,3.21,2,2.4,48,3635,
3610,3.8920,-0.1173,0.0202,3.000,good,0.000,2.65,0,0,0,0,12.42,2,0.0,,,
3611,3.8920,-0.1169,0.0030,3.005,good,0.000,2.73,0,0,0,0,12.19,2,0.0,,,
3608,3.8960,-0.1149,0.2160,2.996,good,0.111,2.83,0,0,0,0,11.75,3,0.0,,,
3609,3.8960,-0.1120,-0.0762,2.996,good,0.000,2.98,0,0,0,0,10.74,3,0.0,,,
3616,3.8960,-0.1139,0.0793,3.336,good,0.000,3.41,0,0,0,0,4.12,2,0.0,,,
3612,3.9000,-0.1121,-0.0903,3.002,good,0.119,3.77,0,0,0,0,10.65,3,0.0,,,
3613,3.9000,-0.1109,-0.1320,3.002,good,0.369,2.85,0,0,0,0,10.24,3,0.0,,,
3614,3.9000,-0.1111,0.0364,2.838,good,0.000,3.16,0,0,0,0,14.38,3,0.0,,,
3615,3.9000,-0.1094,0.2373,3.001,good,0.009,3.82,0,0,0,0,9.77,3,0.0,,,
3619,3.9000,-0.1183,-0.0178,2.999,good,0.001,3.43,0,0,0,0,12.80,2,0.0,,,
3617,3.9040,-0.1113,0.1183,3.002,good,0.000,1.82,0,0,0,0,10.39,3,0.0,,,
3618,3.9040,-0.1107,0.1468,2.998,good,0.000,2.27,0,0,0,0,10.26,3,0.0,,,
3623,3.9040,-0.1180,-0.1420,2.995,good,0.000,2.33,0,0,0,0,12.78,2,0.0,,,
3627,3.9040,-0.1097,0.1711,3.000,broken,0.994,12.90,1,1,1,0,9.88,1,2.4,53|54,3614,
3620,3.9080,-0.1078,-0.1573,3.450,good,0.000,3.30,0,0,0,0,0.23,3,0.0,,,
3621,3.9080,-0.1129,0.2192,2.999,good,0.040,3.77,0,0,0,0,10.99,3,0.0,,,
3622,3.9080,-0.1108,0.0080,3.001,good,0.000,3.68,0,0,0,0,10.25,3,0.0,,,
3625,3.9080,-0.1187,0.1750,2.990,good,0.001,2.12,0,0,0,0,13.16,2,0.0,,,
3626,3.9080,-0.1185,0.0308,2.999,good,0.000,3.79,0,0,0,0,12.86,2,0.0,,,
3624,3.9120,-0.1124,-0.1881,3.000,good,0.001,2.27,0,0,0,0,10.79,3,0.0,,,
3630,3.9120,-0.1184,0.2139,3.029,good,0.000,2.70,0,0,0,0,12.08,2,0.0,,,
3628,3.9160,-0.1144,-0.1144,2.937,good,0.122,2.43,0,0,0,0,13.00,3,0.0,,,
3629,3.9160,-0.1099,0.1386,3.008,faded,1.000,7.37,1,1,1,0,9.80,3,3.2,49,3633,3633
3632,3.9160,-0.1191,0.1838,2.993,good,0.002,3.33,0,0,0,0,13.21,2,0.0,,,
3633,3.9160,-0.1140,0.2108,3.428,good,0.006,4.87,0,0,0,0,2.44,2,0.0,,,
3631,3.9200,-0.1090,-0.1378,3.004,good,0.000,2.31,0,0,0,0,9.57,3,0.0,,,
3639,3.9200,-0.1071,0.1868,3.000,good,0.000,3.17,0,0,0,0,9.04,1,0.0,,,
3634,3.9240,-0.1135,0.0567,2.992,good,0.000,3.21,0,0,0,0,11.35,3,0.0,,,
3635,3.9240,-0.1118,-0.2144,2.989,good,0.001,3.62,0,0,0,0,10.86,3,0.0,,,
3638,3.9240,-0.1156,-0.1786,3.097,good,0.004,2.26,0,0,0,0,9.62,2,0.0,,,
3636,3.9280,-0.1119,-0.1827,3.077,faded,1.000,4.72,1,1,1,0,8.86,3,3.2,8,3616,3616
3637,3.9280,-0.1321,-0.0776,3.000,husk,1.000,9.42,1,1,1,0,9.36,1,2.4,22|21,,
3642,3.9280,-0.1159,-0.2289,2.995,good,0.010,9.12,0,0,0,0,12.10,2,0.0,,,
3643,3.9280,-0.1159,-0.1552,3.106,good,0.085,1.58,0,0,0,0,9.49,2,0.0,,,
3644,3.9280,-0.1160,0.1583,2.942,good,0.002,1.95,0,0,0,0,13.42,2,0.0,,,
3645,3.9280,-0.1167,0.0058,2.999,good,0.002,3.23,0,0,0,0,12.26,2,0.0,,,
3646,3.9280,-0.1235,-0.0750,3.000,husk,1.000,9.77,1,1,1,0,10.51,1,2.4,22,,
3652,3.9280,-0.1149,-0.0724,3.000,husk,1.000,9.65,1,1,0,0,11.65,1,2.4,22,3550,
3653,3.9280,-0.1033,-0.1743,3.000,good,0.001,2.27,0,0,0,0,7.75,1,0.0,,,
3640,3.9320,-0.1160,-0.0097,2.943,black,1.000,53.90,1,1,0,0,13.40,3,3.2,30,3632,
3641,3.9320,-0.1170,0.1986,2.722,good,0.000,1.81,0,0,0,0,19.71,3,0.0,,,
3648,3.9320,-0.1176,-0.1912,2.875,good,0.000,1.67,0,0,0,0,15.68,2,0.0,,,
3649,3.9320,-0.1168,-0.1443,2.997,good,0.000,2.63,0,0,0,0,12.34,2,0.0,,,
3650,3.9320,-0.1129,-0.1316,3.004,good,0.044,8.91,0,0,0,0,10.89,2,0.0,,,
3651,3.9320,-0.1152,0.1814,2.993,good,0.002,1.87,0,0,0,0,11.89,2,0.0,,,
3656,3.9320,-0.1064,-0.0698,3.000,husk,1.000,9.38,1,1,0,0,8.80,1,2.4,23|22,3550,
3647,3.9360,-0.1249,-0.1991,3.306,good,0.004,3.59,0,0,0,0,4.03,2,0.0,,,
3662,3.9360,-0.1090,-0.1944,3.000,good,0.317,7.51,0,0,0,0,9.67,1,0.0,,,
3654,3.9400,-0.1361,-0.2300,3.000,good,0.001,3.28,0,0,0,0,10.71,1,0.0,,,
3655,3.9400,-0.1131,0.1840,2.404,good,0.009,3.58,0,0,0,0,28.64,3,0.0,,,
3659,3.9400,-0.1197,-0.0496,3.198,good,0.000,4.74,0,0,0,0,8.72,2,0.0,,,
3660,3.9400,-0.1156,0.0135,3.205,good,0.001,2.75,0,0,0,0,7.29,2,0.0,,,
3661,3.9400,-0.1263,-0.2268,3.000,good,0.001,3.23,0,0,0,0,11.44,1,0.0,,,
3667,3.9400,-0.1165,-0.2236,3.000,good,0.001,3.32,0,0,0,0,12.16,1,0.0,,,
3657,3.9440,-0.1150,0.0868,3.004,good,0.000,2.90,0,0,0,0,11.58,3,0.0,,,
3658,3.9440,-0.1126,-0.0677,2.809,good,0.000,3.22,0,0,0,0,15.70,3,0.0,,,
3666,3.9440,-0.1171,-0.0214,3.119,good,0.000,2.97,0,0,0,0,9.62,2,0.0,,,
3673,3.9440,-0.1066,-0.2205,3.000,good,0.001,3.27,0,0,0,0,8.88,1,0.0,,,
3674,3.9440,-0.1035,0.1811,3.000,good,0.016,3.17,0,0,0,0,7.83,1,0.0,,,
3663,3.9480,-0.1134,0.2297,2.998,sour,1.000,11.80,1,1,0,0,11.18,3,3.2,61,3651,
3664,3.9480,-0.1070,-0.2207,3.450,good,0.011,2.20,0,0,0,0,-0.01,3,0.0,,,
3665,3.9480,-0.1122,0.2123,3.000,good,0.000,3.12,0,0,0,0,10.73,3,0.0,,,
3671,3.9480,-0.1192,-0.0977,3.211,good,0.001,2.09,0,0,0,0,8.27,2,0.0,,,
3672,3.9480,-0.1158,-0.1120,2.997,good,0.001,2.69,0,0,0,0,12.02,2,0.0,,,
3668,3.9520,-0.1132,-0.1690,2.999,good,0.000,2.46,0,0,0,0,11.07,3,0.0,,,
3669,3.9520,-0.1106,-0.2093,3.002,good,0.000,2.36,0,0,0,0,10.15,3,0.0,,,
3670,3.9520,-0.1115,-0.1576,2.863,good,0.032,3.57,0,0,0,0,13.86,3,0.0,,,
3678,3.9520,-0.1197,0.1473,3.038,good,0.000,2.11,0,0,0,0,12.33,2,0.0,,,
3679,3.9520,-0.1172,0.1614,2.999,good,0.001,3.06,0,0,0,0,12.42,2,0.0,,,
3675,3.9560,-0.1143,0.0940,3.000,good,0.010,2.44,0,0,0,0,11.43,3,0.0,,,
3676,3.9560,-0.1129,0.0376,3.005,good,0.001,2.15,0,0,0,0,10.86,3,0.0,,,
3677,3.9560,-0.1095,-0.0172,3.001,good,0.000,2.20,0,0,0,0,9.81,3,0.0,,,
3680,3.9600,-0.1140,0.2096,3.001,good,0.001,2.01,0,0,0,0,11.32,3,0.0,,,
3683,3.9600,-0.1168,-0.0141,2.996,good,0.000,2.48,0,0,0,0,12.36,2,0.0,,,
3684,3.9600,-0.1157,0.0423,3.011,good,0.022,2.13,0,0,0,0,11.65,2,0.0,,,
3681,3.9640,-0.1154,0.1033,2.899,good,0.000,3.47,0,0,0,0,14.33,3,0.0,,,
3682,3.9640,-0.1139,0.0163,2.999,good,0.000,2.24,0,0,0,0,11.33,3,0.0,,,
3687,3.9640,-0.1188,-0.1457,3.004,good,0.005,2.21,0,0,0,0,12.84,2,0.0,,,
3685,3.9680,-0.1131,0.0461,2.995,black,0.642,30.02,1,1,0,0,11.14,3,3.2,37|38,3668|3676,
3686,3.9680,-0.1081,0.1967,2.993,good,0.000,2.75,0,0,0,0,9.51,3,0.0,,,
3691,3.9680,-0.1191,-0.0099,2.910,faded,0.817,4.48,1,1,0,0,15.28,2,3.2,30,3655,
3688,3.9720,-0.1151,0.0032,3.004,good,0.000,2.33,0,0,0,0,11.58,3,0.0,,,
3689,3.9720,-0.1134,0.1728,3.000,black,1.000,49.70,1,1,0,0,11.13,3,3.2,54|53,3681,
3690,3.9720,-0.1131,-0.0461,3.011,good,0.000,3.17,0,0,0,0,10.78,3,0.0,,,
3692,3.9760,-0.1122,0.2290,3.036,good,0.001,2.43,0,0,0,0,9.89,3,0.0,,,
3693,3.9760,-0.1197,-0.1086,2.993,good,0.000,3.93,0,0,0,0,13.39,2,0.0,,,
3694,3.9840,-0.1139,-0.1876,3.005,good,0.004,2.42,0,0,0,0,11.19,3,0.0,,,
3695,3.9840,-0.1144,0.1896,2.983,good,0.001,4.57,0,0,0,0,11.86,3,0.0,,,
3696,3.9840,-0.1111,-0.0176,3.009,good,0.000,3.69,0,0,0,0,10.17,3,0.0,,,
3697,3.9840,-0.1087,-0.0679,2.994,sour,1.000,18.62,1,1,0,0,9.68,3,3.2,23,3664,
3699,3.9840,-0.1198,-0.2365,3.276,insect,1.000,2.56,1,1,0,0,7.09,2,3.1,1,3697,
3700,3.9840,-0.1185,-0.1347,3.067,good,0.002,2.42,0,0,0,0,11.24,2,0.0,,,
3701,3.9840,-0.1195,0.0431,2.938,good,0.000,3.84,0,0,0,0,14.69,2,0.0,,,
3702,3.9840,-0.1151,0.1161,3.161,good,0.000,2.48,0,0,0,0,8.06,2,0.0,,,
3698,3.9880,-0.1122,-0.0781,2.991,good,0.434,3.45,0,0,0,0,10.96,3,0.0,,,
3708,3.9880,-0.1156,-0.1160,3.057,good,0.000,1.74,0,0,0,0,10.52,2,0.0,,,
3703,3.9920,-0.1101,-0.1020,3.435,good,0.000,4.19,0,0,0,0,1.17,3,0.0,,,
3704,3.9920,-0.1093,-0.0549,3.007,good,0.000,3.20,0,0,0,0,9.59,3,0.0,,,
3705,3.9920,-0.1091,0.1525,2.982,faded,1.000,4.79,1,1,0,0,10.12,3,3.2,51,3693,
3706,3.9920,-0.1089,0.0354,2.994,good,0.000,2.71,0,0,0,0,9.75,3,0.0,,,
3707,3.9920,-0.1086,0.0573,2.877,good,0.000,2.31,0,0,0,0,12.50,3,0.0,,,
3712,3.9920,-0.1198,0.1472,3.000,good,0.000,1.69,0,0,0,0,13.27,2,0.0,,,
3713,3.9920,-0.1181,0.0600,3.008,good,0.000,3.16,0,0,0,0,12.51,2,0.0,,,
3714,3.9920,-0.1187,-0.1494,2.948,insect,1.000,5.94,1,1,0,0,14.18,2,3.1,12|13,3682,
3715,3.9920,-0.1160,-0.0636,3.001,broken,0.964,2.46,1,1,0,0,11.99,2,2.4,23|24,3692,
3709,3.9960,-0.1159,-0.0792,2.950,broken,0.846,3.82,1,1,0,0,13.17,3,2.4,21|22,3686,
3710,3.9960,-0.1136,0.1309,2.989,good,0.001,3.31,0,0,0,0,11.49,3,0.0,,,
3711,3.9960,-0.1139,-0.1325,3.000,good,0.001,2.35,0,0,0,0,11.29,3,0.0,,,
3718,3.9960,-0.1069,-0.1448,3.000,insect,1.000,5.87,1,1,0,0,8.97,1,3.1,13,3682,
