tid,t,x,y,v,cls,p_reject,anomaly,reject,scheduled,activated,late,headroom_ms,n_obs,pulse_ms,nozzles,target_uids,own_hit_uids
0,0.2880,-0.1141,-0.2009,3.005,insect,1.000,5.19,1,1,1,0,45.80,3,3.1,6,6,6
1,0.2920,-0.1145,-0.0051,2.899,good,0.000,2.57,0,0,0,0,46.55,3,0.0,,,
2,0.2960,-0.1154,-0.0878,2.997,good,0.001,2.20,0,0,0,0,43.59,3,0.0,,,
9,0.2960,-0.1189,-0.0452,2.994,good,0.032,4.66,0,0,0,0,44.75,2,0.0,,,
10,0.2960,-0.1182,0.0487,2.993,broken,0.967,2.92,1,1,1,0,44.48,2,2.4,38,10,10
11,0.2960,-0.1179,0.0705,2.994,good,0.000,2.82,0,0,0,0,44.30,2,0.0,,,
12,0.2960,-0.1167,0.0885,3.006,good,0.000,2.37,0,0,0,0,43.56,2,0.0,,,
3,0.3000,-0.1145,-0.1017,2.995,good,0.001,1.65,0,0,0,0,43.06,3,0.0,,,
4,0.3000,-0.1152,0.0830,3.006,good,0.000,3.45,0,0,0,0,42.94,3,0.0,,,
5,0.3000,-0.1132,0.0678,2.996,good,0.000,8.24,0,0,0,0,42.47,3,0.0,,,
6,0.3000,-0.1118,-0.0018,3.011,good,0.000,4.99,0,0,0,0,41.60,3,0.0,,,
7,0.3000,-0.1124,0.1079,3.116,good,0.000,2.53,0,0,0,0,39.40,3,0.0,,,
8,0.3000,-0.1093,0.2364,2.999,good,0.001,3.45,0,0,0,0,40.99,3,0.0,,,
15,0.3000,-0.1195,-0.1244,3.003,sour,1.000,16.90,1,1,1,0,44.27,2,3.2,16|15,5,5
13,0.3040,-0.1123,0.0209,3.025,good,0.344,2.53,0,0,0,0,41.87,3,0.0,,,
14,0.3040,-0.1099,0.1209,3.104,good,0.001,6.44,0,0,0,0,39.27,3,0.0,,,
19,0.3040,-0.1172,-0.2365,3.235,good,0.000,1.72,0,0,0,0,38.75,2,0.0,,,
20,0.3040,-0.1190,0.2055,2.983,good,0.006,2.75,0,0,0,0,44.96,2,0.0,,,
21,0.3040,-0.1192,0.1546,2.997,good,0.000,2.78,0,0,0,0,44.67,2,0.0,,,
16,0.3080,-0.1149,0.1226,2.999,good,0.002,8.38,0,0,0,0,43.22,3,0.0,,,
17,0.3080,-0.1096,-0.0096,2.997,good,0.000,6.01,0,0,0,0,41.46,3,0.0,,,
18,0.3080,-0.1085,0.0718,3.020,good,0.000,2.66,0,0,0,0,40.52,3,0.0,,,
27,0.3080,-0.1177,-0.1401,3.206,good,0.007,3.72,0,0,0,0,39.33,2,0.0,,,
22,0.3120,-0.1188,-0.1295,2.598,good,0.001,2.78,0,0,0,0,55.58,3,0.0,,,
23,0.3120,-0.1147,0.1260,2.956,good,0.002,1.55,0,0,0,0,43.94,3,0.0,,,
24,0.3120,-0.1120,0.1595,2.980,good,0.000,2.26,0,0,0,0,42.41,3,0.0,,,
25,0.3120,-0.1226,-0.0083,2.712,good,0.001,2.30,0,0,0,0,49.30,2,0.0,,,
26,0.3120,-0.1119,0.2104,2.577,good,0.000,2.61,0,0,0,0,53.41,3,0.0,,,
33,0.3120,-0.1157,-0.0097,3.450,good,0.005,9.27,0,0,0,0,33.68,2,0.0,,,
28,0.3160,-0.1141,-0.1732,2.812,good,0.000,3.26,0,0,0,0,46.94,3,0.0,,,
29,0.3160,-0.1375,0.0011,3.000,good,0.003,3.36,0,0,0,0,41.96,1,0.0,,,
30,0.3160,-0.1130,-0.1830,3.000,good,0.000,2.26,0,0,0,0,41.76,3,0.0,,,
31,0.3160,-0.1111,-0.0510,3.251,good,0.005,3.57,0,0,0,0,35.63,3,0.0,,,
32,0.3160,-0.1216,0.1192,3.008,good,0.009,2.05,0,0,0,0,40.32,2,0.0,,,
37,0.3160,-0.1171,0.1668,3.144,good,0.000,2.36,0,0,0,0,39.69,2,0.0,,,
38,0.3160,-0.1171,0.1321,3.110,black,1.000,50.57,1,1,1,0,40.42,2,3.2,48|49,49,49
39,0.3160,-0.1182,0.2311,3.005,good,0.001,2.88,0,0,0,0,43.12,2,0.0,,,
40,0.3160,-0.1165,-0.1006,2.970,sour,1.000,19.17,1,1,1,0,43.39,2,3.2,19|18,59,
41,0.3160,-0.1246,-0.0019,3.000,good,0.002,3.27,0,0,0,0,41.31,1,0.0,,,
46,0.3160,-0.1061,0.1219,3.000,good,0.003,6.88,0,0,0,0,39.16,1,0.0,,,
47,0.3160,-0.1084,-0.1328,3.000,good,0.001,2.81,0,0,0,0,39.89,1,0.0,,,
34,0.3200,-0.1129,0.0921,3.176,good,0.002,15.17,0,0,0,0,38.05,3,0.0,,,
35,0.3200,-0.1146,0.1383,2.963,good,0.000,3.38,0,0,0,0,43.40,3,0.0,,,
36,0.3200,-0.1135,-0.1382,2.991,good,0.000,2.71,0,0,0,0,42.28,3,0.0,,,
45,0.3200,-0.1184,-0.1973,3.002,faded,1.000,7.63,1,1,1,0,43.64,2,3.2,6,60,60
42,0.3240,-0.1116,0.1357,3.029,good,0.007,7.69,0,0,0,0,40.67,3,0.0,,,
43,0.3240,-0.1104,-0.0946,3.004,faded,1.000,4.72,1,1,1,0,40.77,3,3.2,19|20,30,30
44,0.3240,-0.1110,-0.0478,2.944,good,0.001,3.71,0,0,0,0,42.34,3,0.0,,,
52,0.3240,-0.1183,-0.2132,3.001,good,0.002,2.45,0,0,0,0,43.38,2,0.0,,,
53,0.3240,-0.1192,0.2425,3.002,good,0.000,2.75,0,0,0,0,43.62,2,0.0,,,
54,0.3240,-0.1179,-0.2244,2.999,good,0.000,2.29,0,0,0,0,43.20,2,0.0,,,
55,0.3240,-0.1160,-0.0641,2.979,good,0.000,2.38,0,0,0,0,43.02,2,0.0,,,
64,0.3240,-0.1064,-0.1941,3.000,faded,1.000,7.50,1,1,1,0,39.32,1,3.2,7|6,60,60
48,0.3280,-0.1138,0.2111,2.893,good,0.000,3.37,0,0,0,0,44.73,3,0.0,,,
49,0.3280,-0.1126,0.0884,3.056,good,0.004,3.27,0,0,0,0,40.35,3,0.0,,,
50,0.3280,-0.1105,-0.0503,3.001,good,0.000,2.35,0,0,0,0,40.89,3,0.0,,,
51,0.3280,-0.1081,0.2175,2.999,good,0.007,6.94,0,0,0,0,40.09,3,0.0,,,
61,0.3280,-0.1193,0.1659,3.244,good,0.000,3.04,0,0,0,0,38.27,2,0.0,,,
62,0.3280,-0.1198,-0.0481,3.002,good,0.007,3.17,0,0,0,0,43.84,2,0.0,,,
63,0.3280,-0.1172,0.1247,2.998,good,0.005,2.90,0,0,0,0,43.05,2,0.0,,,
56,0.3320,-0.1157,-0.0780,3.002,good,0.000,2.62,0,0,0,0,42.51,3,0.0,,,
57,0.3320,-0.1136,-0.2388,3.159,good,0.005,4.44,0,0,0,0,38.21,3,0.0,,,
58,0.3320,-0.1143,-0.1164,2.998,faded,1.000,6.61,1,1,1,0,42.06,3,3.2,17|16,67,67
59,0.3320,-0.1123,0.0645,2.985,good,0.000,1.96,0,0,0,0,41.62,3,0.0,,,
60,0.3320,-0.1102,0.0932,2.975,good,0.000,3.06,0,0,0,0,41.10,3,0.0,,,
68,0.3320,-0.1183,0.0526,3.003,good,0.000,3.91,0,0,0,0,43.09,2,0.0,,,
65,0.3360,-0.1143,0.0700,3.079,good,0.000,1.86,0,0,0,0,40.14,3,0.0,,,
66,0.3360,-0.1147,-0.1099,2.987,faded,1.000,4.17,1,1,1,0,42.35,3,3.2,17|18,55,55
67,0.3360,-0.1112,-0.2291,3.000,good,0.000,1.71,0,0,0,0,40.77,3,0.0,,,
75,0.3360,-0.1182,0.0268,2.733,faded,0.706,6.32,1,1,1,0,50.18,2,3.2,35,53|72,
76,0.3360,-0.1188,-0.2222,2.997,good,0.031,3.23,0,0,0,0,43.29,2,0.0,,,
77,0.3360,-0.1164,0.2208,3.355,sour,1.000,11.92,1,1,1,0,34.75,2,3.2,60,77,
87,0.3360,-0.1007,-0.0826,3.000,good,0.003,2.78,0,0,0,0,37.13,1,0.0,,,
69,0.3400,-0.1183,0.0990,2.624,good,0.000,2.23,0,0,0,0,52.73,3,0.0,,,
70,0.3400,-0.1087,0.1844,3.450,good,0.007,3.61,0,0,0,0,29.98,3,0.0,,,
71,0.3400,-0.1128,0.0818,3.007,good,0.000,3.17,0,0,0,0,40.23,3,0.0,,,
72,0.3400,-0.1111,-0.1902,2.997,good,0.000,2.30,0,0,0,0,39.85,3,0.0,,,
73,0.3400,-0.1124,-0.0180,2.873,good,0.000,1.90,0,0,0,0,43.32,3,0.0,,,
74,0.3400,-0.1090,0.1531,3.000,good,0.000,3.44,0,0,0,0,39.00,3,0.0,,,
84,0.3400,-0.1185,0.1599,2.940,good,0.000,1.85,0,0,0,0,43.64,2,0.0,,,
85,0.3400,-0.1146,-0.0569,2.981,good,0.003,4.82,0,0,0,0,41.24,2,0.0,,,
86,0.3400,-0.1157,-0.1537,3.001,good,0.008,3.36,0,0,0,0,41.10,2,0.0,,,
78,0.3440,-0.1145,0.1748,2.983,good,0.000,3.02,0,0,0,0,41.56,3,0.0,,,
79,0.3440,-0.1122,0.0494,3.198,good,0.000,10.36,0,0,0,0,35.92,3,0.0,,,
80,0.3440,-0.1123,0.1373,2.994,good,0.000,1.57,0,0,0,0,40.43,3,0.0,,,
81,0.3440,-0.1113,-0.2080,2.987,good,0.000,2.14,0,0,0,0,40.24,3,0.0,,,
82,0.3440,-0.1102,-0.1732,2.922,good,0.002,1.91,0,0,0,0,41.38,3,0.0,,,
83,0.3440,-0.1086,0.2245,3.035,good,0.030,3.79,0,0,0,0,38.17,3,0.0,,,
95,0.3440,-0.1156,-0.0022,2.908,good,0.002,2.67,0,0,0,0,43.51,2,0.0,,,
88,0.3480,-0.1115,-0.0079,3.450,good,0.017,4.16,0,0,0,0,31.81,3,0.0,,,
89,0.3480,-0.1130,0.1328,3.000,good,0.003,2.79,0,0,0,0,41.46,3,0.0,,,
90,0.3480,-0.1122,-0.1535,3.051,good,0.003,4.49,0,0,0,0,39.94,3,0.0,,,
91,0.3480,-0.1089,-0.1244,3.236,good,0.001,2.78,0,0,0,0,34.92,3,0.0,,,
92,0.3480,-0.1276,0.0052,2.132,good,0.000,3.94,0,0,0,0,73.02,2,0.0,,,
93,0.3480,-0.1116,0.2002,2.999,good,0.000,2.42,0,0,0,0,40.83,3,0.0,,,
94,0.3480,-0.1100,-0.1045,2.997,good,0.000,2.19,0,0,0,0,40.30,3,0.0,,,
100,0.3480,-0.1180,-0.0381,3.005,good,0.002,6.20,0,0,0,0,42.74,2,0.0,,,
101,0.3480,-0.1316,-0.0782,3.000,good,0.000,6.42,0,0,0,0,43.42,1,0.0,,,
102,0.3480,-0.1175,0.1084,2.992,good,0.076,3.11,0,0,0,0,42.85,2,0.0,,,
107,0.3480,-0.1190,0.0082,3.000,good,0.000,4.04,0,0,0,0,43.17,1,0.0,,,
108,0.3480,-0.1160,-0.0825,3.000,good,0.000,2.14,0,0,0,0,42.16,1,0.0,,,
109,0.3480,-0.0994,0.0464,3.000,good,0.000,9.37,0,0,0,0,36.62,1,0.0,,,
96,0.3520,-0.1111,0.0304,2.995,good,0.000,3.74,0,0,0,0,40.86,3,0.0,,,
97,0.3520,-0.1111,0.0593,3.003,good,0.000,3.13,0,0,0,0,40.58,3,0.0,,,
98,0.3520,-0.1088,0.1703,3.171,good,0.000,1.93,0,0,0,0,36.11,3,0.0,,,
99,0.3520,-0.1094,-0.1570,2.999,sour,1.000,17.34,1,1,1,0,40.03,3,3.2,11|12,101,
105,0.3520,-0.1163,-0.1321,2.988,good,0.002,2.75,0,0,0,0,42.55,2,0.0,,,
106,0.3520,-0.1085,-0.0749,2.998,good,0.000,4.13,0,0,0,0,39.69,2,0.0,,,
103,0.3560,-0.1148,-0.0348,2.767,faded,0.989,4.30,1,1,1,0,48.92,3,3.2,27,114,
104,0.3560,-0.1096,0.2416,3.006,good,0.000,4.48,0,0,0,0,40.95,3,0.0,,,
117,0.3560,-0.1182,0.1552,2.979,good,0.000,3.28,0,0,0,0,44.41,2,0.0,,,
118,0.3560,-0.1175,0.2082,2.999,good,0.007,2.80,0,0,0,0,43.64,2,0.0,,,
123,0.3560,-0.1193,0.1751,3.000,good,0.001,3.36,0,0,0,0,44.21,1,0.0,,,
124,0.3560,-0.1019,0.0118,3.000,good,0.000,3.87,0,0,0,0,38.40,1,0.0,,,
110,0.3600,-0.1146,-0.0961,3.006,good,0.002,2.75,0,0,0,0,42.09,3,0.0,,,
111,0.3600,-0.1143,-0.1284,2.990,broken,0.977,3.31,1,1,1,0,42.30,3,2.4,15,85,85
112,0.3600,-0.1121,0.0903,3.000,good,0.000,2.34,0,0,0,0,41.28,3,0.0,,,
113,0.3600,-0.1106,0.0526,3.010,faded,0.970,3.95,1,1,1,0,40.51,3,3.2,38,92,92
114,0.3600,-0.1095,-0.1821,2.773,good,0.019,3.04,0,0,0,0,46.04,3,0.0,,,
115,0.3600,-0.1140,-0.0747,2.396,good,0.114,9.04,0,0,0,0,59.79,3,0.0,,,
116,0.3600,-0.1087,0.1154,2.959,good,0.000,2.16,0,0,0,0,40.97,3,0.0,,,
121,0.3600,-0.1180,0.0752,3.109,good,0.000,2.96,0,0,0,0,40.50,2,0.0,,,
122,0.3600,-0.1162,0.1717,2.966,sour,1.000,14.02,1,1,1,0,43.23,2,3.2,53|54,144,144
119,0.3640,-0.1084,0.0081,3.160,good,0.001,2.37,0,0,0,0,36.24,3,0.0,,,
120,0.3640,-0.1090,-0.2198,3.001,good,0.000,5.56,0,0,0,0,39.91,3,0.0,,,
130,0.3640,-0.1188,0.1097,3.002,good,0.000,3.44,0,0,0,0,43.11,2,0.0,,,
131,0.3640,-0.1169,-0.1848,3.002,insect,1.000,3.76,1,1,1,0,42.40,2,3.1,8,120,120
132,0.3640,-0.1170,-0.2226,3.003,good,0.000,2.31,0,0,0,0,42.36,2,0.0,,,
133,0.3640,-0.1268,0.2434,3.000,good,0.001,3.76,0,0,0,0,41.69,1,0.0,,,
139,0.3640,-0.1178,0.2402,3.000,good,0.001,3.74,0,0,0,0,42.68,1,0.0,,,
140,0.3640,-0.1044,-0.0712,3.000,good,0.000,8.33,0,0,0,0,38.23,1,0.0,,,
125,0.3680,-0.1145,-0.1193,3.005,good,0.000,3.50,0,0,0,0,42.48,3,0.0,,,
126,0.3680,-0.1131,-0.1785,3.008,good,0.001,3.20,0,0,0,0,41.85,3,0.0,,,
127,0.3680,-0.1151,0.0171,3.000,good,0.000,3.37,0,0,0,0,42.67,3,0.0,,,
128,0.3680,-0.1136,-0.0781,2.992,good,0.000,3.04,0,0,0,0,42.33,3,0.0,,,
129,0.3680,-0.1126,-0.2052,3.009,good,0.001,1.79,0,0,0,0,41.54,3,0.0,,,
134,0.3720,-0.1157,0.0828,3.025,broken,0.858,2.45,1,1,1,0,41.95,3,2.4,42,164,164
135,0.3720,-0.1153,-0.2009,2.994,sour,1.000,22.39,1,1,1,0,42.47,3,3.2,6,111,111
136,0.3720,-0.1168,0.0047,2.799,good,0.000,2.02,0,0,0,0,47.98,3,0.0,,,
137,0.3720,-0.1176,0.0512,2.295,good,0.073,4.33,0,0,0,0,65.29,3,0.0,,,
138,0.3720,-0.1123,-0.1405,2.527,good,0.002,3.04,0,0,0,0,54.45,3,0.0,,,
146,0.3720,-0.1185,-0.0451,3.021,good,0.001,2.15,0,0,0,0,42.74,2,0.0,,,
147,0.3720,-0.1174,0.1002,2.994,good,0.012,3.17,0,0,0,0,42.96,2,0.0,,,
141,0.3760,-0.1169,0.2220,2.891,good,0.294,3.81,0,0,0,0,44.79,3,0.0,,,
142,0.3760,-0.1133,0.0804,2.998,good,0.000,3.23,0,0,0,0,40.85,3,0.0,,,
143,0.3760,-0.1119,0.1550,3.010,good,0.000,4.34,0,0,0,0,40.06,3,0.0,,,
144,0.3760,-0.1106,-0.1628,3.006,good,0.000,3.39,0,0,0,0,39.70,3,0.0,,,
145,0.3760,-0.1093,0.2384,2.964,good,0.000,2.19,0,0,0,0,40.19,3,0.0,,,
154,0.3760,-0.1191,0.2054,3.014,good,0.000,8.98,0,0,0,0,42.26,2,0.0,,,
155,0.3760,-0.1161,-0.0404,2.999,good,0.000,3.15,0,0,0,0,41.58,2,0.0,,,
148,0.3800,-0.1146,0.0222,3.003,good,0.001,8.15,0,0,0,0,40.69,3,0.0,,,
149,0.3800,-0.1139,0.0386,2.998,good,0.000,2.49,0,0,0,0,40.54,3,0.0,,,
150,0.3800,-0.1107,0.1867,3.009,good,0.000,2.78,0,0,0,0,39.17,3,0.0,,,
151,0.3800,-0.1090,-0.2216,2.992,good,0.001,4.46,0,0,0,0,38.98,3,0.0,,,
152,0.3800,-0.1225,0.1704,2.546,good,0.000,5.02,0,0,0,0,52.48,2,0.0,,,
153,0.3800,-0.1088,-0.1013,3.000,good,0.000,3.60,0,0,0,0,38.63,3,0.0,,,
163,0.3800,-0.1185,-0.1890,3.004,good,0.001,2.44,0,0,0,0,41.70,2,0.0,,,
164,0.3800,-0.1176,-0.0651,3.032,good,0.000,3.24,0,0,0,0,40.68,2,0.0,,,
173,0.3800,-0.1124,0.1751,3.000,good,0.000,5.06,0,0,0,0,39.71,1,0.0,,,
156,0.3840,-0.1162,-0.2254,2.859,good,0.000,2.93,0,0,0,0,45.15,3,0.0,,,
157,0.3840,-0.1140,0.0666,2.929,good,0.015,7.44,0,0,0,0,42.53,3,0.0,,,
158,0.3840,-0.1154,-0.2376,2.997,good,0.000,3.02,0,0,0,0,41.30,3,0.0,,,
159,0.3840,-0.1149,0.0018,3.020,good,0.199,4.36,0,0,0,0,40.52,3,0.0,,,
160,0.3840,-0.1140,-0.1719,3.006,good,0.000,1.68,0,0,0,0,40.52,3,0.0,,,
161,0.3840,-0.1138,0.1704,2.869,good,0.013,5.13,0,0,0,0,43.84,3,0.0,,,
162,0.3840,-0.1093,-0.2017,2.997,black,1.000,52.09,1,1,1,0,39.11,3,3.2,6|5,149,149
170,0.3840,-0.1179,0.0169,3.007,faded,0.998,4.14,1,1,1,0,41.67,2,3.2,34|33,143,143
171,0.3840,-0.1180,0.0886,3.008,good,0.000,2.52,0,0,0,0,41.66,2,0.0,,,
172,0.3840,-0.1165,0.2167,3.002,good,0.001,3.44,0,0,0,0,41.24,2,0.0,,,
165,0.3880,-0.1171,-0.1537,2.775,good,0.000,2.14,0,0,0,0,48.62,3,0.0,,,
166,0.3880,-0.1113,-0.1339,3.092,good,0.228,6.13,0,0,0,0,38.67,3,0.0,,,
167,0.3880,-0.1127,0.0570,2.999,good,0.000,2.50,0,0,0,0,41.19,3,0.0,,,
168,0.3880,-0.1123,0.1773,3.010,good,0.001,2.30,0,0,0,0,40.76,3,0.0,,,
169,0.3880,-0.1111,0.0779,3.020,good,0.000,2.25,0,0,0,0,40.08,3,0.0,,,
176,0.3880,-0.1189,0.1077,3.002,broken,0.953,2.36,1,1,1,0,43.06,2,2.4,45,177,177
177,0.3880,-0.1188,-0.0090,3.000,good,0.000,2.54,0,0,0,0,43.02,2,0.0,,,
178,0.3880,-0.1167,0.1525,3.280,good,0.009,3.17,0,0,0,0,36.13,2,0.0,,,
179,0.3880,-0.1157,0.0028,2.998,good,0.000,4.00,0,0,0,0,41.96,2,0.0,,,
174,0.3920,-0.1157,0.1919,3.006,good,0.000,1.69,0,0,0,0,43.01,3,0.0,,,
175,0.3920,-0.1135,-0.0694,3.000,good,0.000,4.35,0,0,0,0,42.35,3,0.0,,,
184,0.3920,-0.1304,0.1736,3.000,good,0.005,3.81,0,0,0,0,43.99,1,0.0,,,
185,0.3920,-0.1131,-0.1298,1.994,good,0.014,5.36,0,0,0,0,77.99,2,0.0,,,
191,0.3920,-0.1177,0.1704,3.000,good,0.001,3.66,0,0,0,0,43.70,1,0.0,,,
192,0.3920,-0.1036,0.1486,3.000,good,0.003,4.73,0,0,0,0,39.00,1,0.0,,,
180,0.3960,-0.1123,-0.1779,3.450,good,0.001,5.42,0,0,0,0,31.75,3,0.0,,,
181,0.3960,-0.1132,0.2161,2.986,good,0.000,3.05,0,0,0,0,41.58,3,0.0,,,
182,0.3960,-0.1126,-0.1186,3.000,good,0.001,2.13,0,0,0,0,41.00,3,0.0,,,
183,0.3960,-0.1086,-0.0356,3.000,good,0.000,2.39,0,0,0,0,39.63,3,0.0,,,
188,0.3960,-0.1194,-0.2109,2.997,faded,0.948,6.87,1,1,1,0,43.22,2,3.2,5|4,191|196,191|196
189,0.3960,-0.1197,-0.0340,3.000,faded,0.998,3.74,1,1,1,0,43.18,2,3.2,27,235,235
190,0.3960,-0.1177,-0.0594,2.966,good,0.000,2.92,0,0,0,0,43.30,2,0.0,,,
204,0.3960,-0.1049,0.1671,3.000,good,0.002,7.01,0,0,0,0,38.21,1,0.0,,,
205,0.3960,-0.1051,-0.1269,3.000,good,0.138,5.36,0,0,0,0,38.26,1,0.0,,,
186,0.4000,-0.1137,-0.1862,2.977,good,0.000,3.41,0,0,0,0,41.53,3,0.0,,,
187,0.4000,-0.1123,0.1848,3.001,good,0.073,3.51,0,0,0,0,40.45,3,0.0,,,
201,0.4000,-0.1190,0.0564,3.012,good,0.000,2.46,0,0,0,0,42.34,2,0.0,,,
202,0.4000,-0.1196,0.2256,2.986,good,0.001,7.00,0,0,0,0,43.15,2,0.0,,,
203,0.4000,-0.1166,-0.0690,3.195,good,0.000,3.00,0,0,0,0,37.35,2,0.0,,,
193,0.4040,-0.1149,0.1477,2.945,good,0.017,4.78,0,0,0,0,42.69,3,0.0,,,
194,0.4040,-0.1136,-0.1959,3.000,black,1.000,50.51,1,1,1,0,40.87,3,3.2,6|7,231,231
195,0.4040,-0.1239,0.1987,2.802,good,0.017,3.53,0,0,0,0,45.49,2,0.0,,,
196,0.4040,-0.1123,-0.0739,2.990,good,0.000,1.68,0,0,0,0,40.50,3,0.0,,,
197,0.4040,-0.1250,-0.0487,2.661,good,0.016,2.88,0,0,0,0,50.01,2,0.0,,,
198,0.4040,-0.1087,0.0195,3.004,insect,0.852,6.71,1,1,1,0,38.91,3,3.1,34,209|222,209|222
199,0.4040,-0.1109,0.1150,2.719,good,0.000,6.00,0,0,0,0,46.93,3,0.0,,,
200,0.4040,-0.1096,0.1028,3.003,good,0.000,2.71,0,0,0,0,39.15,3,0.0,,,
210,0.4040,-0.1199,-0.0244,2.991,good,0.004,3.04,0,0,0,0,42.84,2,0.0,,,
212,0.4040,-0.1193,-0.0331,3.000,good,0.000,2.29,0,0,0,0,42.38,2,0.0,,,
213,0.4040,-0.1162,-0.2104,2.984,sour,1.000,39.82,1,1,1,0,41.69,2,3.2,5|4,237,237
220,0.4040,-0.1143,-0.0524,3.000,good,0.005,2.89,0,0,0,0,40.67,1,0.0,,,
221,0.4040,-0.1127,0.2017,3.000,good,0.009,5.83,0,0,0,0,40.13,1,0.0,,,
206,0.4080,-0.1138,-0.2303,2.993,good,0.000,3.25,0,0,0,0,40.85,3,0.0,,,
207,0.4080,-0.1144,0.0770,3.018,good,0.000,2.48,0,0,0,0,40.42,3,0.0,,,
208,0.4080,-0.1143,-0.0842,2.609,faded,1.000,5.23,1,1,1,0,51.44,3,3.2,21,183,
209,0.4080,-0.1086,-0.1841,3.012,good,0.000,2.65,0,0,0,0,38.51,3,0.0,,,
211,0.4080,-0.1122,-0.1094,2.576,good,0.000,2.46,0,0,0,0,51.59,3,0.0,,,
217,0.4080,-0.1178,0.0945,3.053,good,0.000,2.42,0,0,0,0,40.49,2,0.0,,,
218,0.4080,-0.1125,-0.1328,3.450,insect,1.000,7.64,1,1,1,0,30.72,2,3.1,15|14,228,
219,0.4080,-0.1110,0.1473,3.213,sour,1.000,27.25,1,1,1,0,34.76,2,3.2,50|51,206,206
214,0.4120,-0.1123,-0.1031,3.001,good,0.000,3.27,0,0,0,0,40.27,3,0.0,,,
215,0.4120,-0.1113,-0.0399,3.011,good,0.003,2.97,0,0,0,0,39.66,3,0.0,,,
216,0.4120,-0.1089,0.1433,2.939,good,0.004,3.03,0,0,0,0,40.50,3,0.0,,,
225,0.4120,-0.1147,-0.1616,2.950,stick,1.000,65.88,1,1,1,0,42.16,2,2.4,11,186,
227,0.4120,-0.1175,0.1152,2.876,good,0.000,1.97,0,0,0,0,44.93,2,0.0,,,
228,0.4120,-0.1172,0.1898,3.295,good,0.005,2.12,0,0,0,0,35.19,2,0.0,,,
229,0.4120,-0.1160,-0.1904,3.006,good,0.033,3.15,0,0,0,0,41.11,2,0.0,,,
243,0.4120,-0.1019,-0.1065,3.000,good,0.000,2.38,0,0,0,0,36.55,1,0.0,,,
222,0.4160,-0.1131,-0.0029,3.090,good,0.003,4.77,0,0,0,0,39.29,3,0.0,,,
223,0.4160,-0.1106,0.0386,3.252,good,0.002,2.56,0,0,0,0,35.05,3,0.0,,,
224,0.4160,-0.1086,0.1527,3.003,good,0.000,4.71,0,0,0,0,39.71,3,0.0,,,
226,0.4160,-0.1083,0.0500,2.996,good,0.000,2.85,0,0,0,0,39.72,3,0.0,,,
238,0.4160,-0.1197,0.1669,2.996,good,0.000,2.85,0,0,0,0,43.47,2,0.0,,,
239,0.4160,-0.1319,-0.0359,3.000,insect,1.000,6.70,1,1,1,0,43.44,1,3.1,27,,
240,0.4160,-0.1191,0.2287,3.005,good,0.002,6.76,0,0,0,0,43.00,2,0.0,,,
241,0.4160,-0.1163,-0.0145,3.450,good,0.003,3.19,0,0,0,0,32.73,2,0.0,,,
242,0.4160,-0.1177,-0.1357,3.052,good,0.000,2.60,0,0,0,0,41.35,2,0.0,,,
248,0.4160,-0.1041,0.1184,3.000,good,0.000,2.06,0,0,0,0,38.05,1,0.0,,,
230,0.4200,-0.1172,0.0349,2.686,good,0.000,7.71,0,0,0,0,51.28,3,0.0,,,
231,0.4200,-0.1148,0.0944,2.958,good,0.000,2.76,0,0,0,0,42.98,3,0.0,,,
232,0.4200,-0.1177,0.0465,2.502,good,0.032,3.77,0,0,0,0,57.31,3,0.0,,,
233,0.4200,-0.1277,-0.2079,2.383,good,0.063,2.93,0,0,0,0,61.81,2,0.0,,,
234,0.4200,-0.1257,0.0120,2.644,good,0.000,2.04,0,0,0,0,51.60,2,0.0,,,
235,0.4200,-0.1105,0.2024,3.062,good,0.000,2.56,0,0,0,0,38.94,3,0.0,,,
236,0.4200,-0.1100,-0.0546,2.843,good,0.001,2.91,0,0,0,0,44.03,3,0.0,,,
237,0.4200,-0.1091,0.0659,2.999,good,0.000,3.46,0,0,0,0,39.83,3,0.0,,,
245,0.4200,-0.1192,-0.2033,3.002,black,1.000,56.86,1,1,1,0,43.10,2,3.2,5|6,236,236
246,0.4200,-0.1173,0.0563,2.989,good,0.000,3.25,0,0,0,0,42.70,2,0.0,,,
247,0.4200,-0.1158,-0.0803,2.998,good,0.000,4.64,0,0,0,0,41.98,2,0.0,,,
255,0.4200,-0.1181,-0.2123,3.000,good,0.002,3.19,0,0,0,0,42.67,1,0.0,,,
256,0.4200,-0.1151,0.0158,3.000,good,0.000,2.09,0,0,0,0,41.67,1,0.0,,,
244,0.4240,-0.1102,-0.1701,2.944,good,0.054,2.89,0,0,0,0,41.63,3,0.0,,,
252,0.4240,-0.1195,-0.1116,2.592,good,0.001,2.07,0,0,0,0,54.84,2,0.0,,,
253,0.4240,-0.1152,-0.1777,3.450,good,0.016,3.41,0,0,0,0,32.52,2,0.0,,,
254,0.4240,-0.1170,0.1270,3.002,good,0.000,2.74,0,0,0,0,42.37,2,0.0,,,
267,0.4240,-0.1030,0.0906,3.000,good,0.000,2.87,0,0,0,0,37.74,1,0.0,,,
249,0.4280,-0.1208,0.2100,3.450,good,0.000,2.20,0,0,0,0,30.56,2,0.0,,,
250,0.4280,-0.1113,-0.0635,3.000,good,0.001,3.13,0,0,0,0,40.94,3,0.0,,,
251,0.4280,-0.1092,-0.0900,3.041,sour,1.000,11.95,1,1,1,0,39.27,3,3.2,20,262,262
260,0.4280,-0.1152,0.1392,3.450,good,0.000,9.59,0,0,0,0,32.78,2,0.0,,,
261,0.4280,-0.1197,0.1854,3.383,good,0.000,2.29,0,0,0,0,35.32,2,0.0,,,
262,0.4280,-0.1190,-0.2187,3.111,faded,0.598,5.66,1,1,1,0,40.71,2,3.2,4|3,230,230
263,0.4280,-0.1158,0.0678,3.280,broken,0.586,3.80,1,1,1,0,36.06,2,2.4,40,286,
264,0.4280,-0.1181,-0.2440,3.097,good,0.000,3.82,0,0,0,0,40.64,2,0.0,,,
265,0.4280,-0.1174,-0.0491,3.000,good,0.001,1.80,0,0,0,0,42.62,2,0.0,,,
266,0.4280,-0.1181,0.2372,3.003,good,0.001,3.22,0,0,0,0,42.77,2,0.0,,,
274,0.4280,-0.1067,0.2130,3.000,good,0.000,2.30,0,0,0,0,39.03,1,0.0,,,
257,0.4320,-0.1141,0.1544,2.996,good,0.001,8.48,0,0,0,0,41.15,3,0.0,,,
258,0.4320,-0.1150,-0.1311,2.756,good,0.000,2.72,0,0,0,0,47.64,3,0.0,,,
259,0.4320,-0.1117,-0.0628,2.958,good,0.015,5.23,0,0,0,0,41.20,3,0.0,,,
270,0.4320,-0.1199,0.1840,3.261,good,0.275,4.74,0,0,0,0,37.01,2,0.0,,,
272,0.4320,-0.1176,-0.1461,3.003,good,0.002,2.36,0,0,0,0,41.99,2,0.0,,,
273,0.4320,-0.1113,0.1428,2.898,good,0.040,8.23,0,0,0,0,42.41,2,0.0,,,
283,0.4320,-0.1026,0.0710,3.000,good,0.239,2.71,0,0,0,0,37.03,1,0.0,,,
268,0.4360,-0.1145,-0.1569,2.994,good,0.000,2.54,0,0,0,0,42.24,3,0.0,,,
269,0.4360,-0.1111,0.0040,3.010,good,0.001,3.94,0,0,0,0,40.65,3,0.0,,,
271,0.4360,-0.1093,-0.0233,2.859,good,0.001,3.15,0,0,0,0,43.69,3,0.0,,,
280,0.4360,-0.1181,0.0826,2.929,good,0.001,4.78,0,0,0,0,44.90,2,0.0,,,
281,0.4360,-0.1182,0.1646,3.005,good,0.000,1.90,0,0,0,0,43.01,2,0.0,,,
282,0.4360,-0.1174,-0.1269,2.967,insect,1.000,3.52,1,1,1,0,43.66,2,3.1,15,248,248
289,0.4360,-0.0997,0.1464,3.000,good,0.004,6.96,0,0,0,0,36.91,1,0.0,,,
275,0.4400,-0.1151,-0.1837,3.033,good,0.001,4.42,0,0,0,0,42.05,3,0.0,,,
276,0.4400,-0.1190,0.0418,2.519,good,0.001,1.96,0,0,0,0,58.02,3,0.0,,,
277,0.4400,-0.1141,0.0204,2.967,good,0.000,3.15,0,0,0,0,43.17,3,0.0,,,
278,0.4400,-0.1107,-0.2369,2.989,good,0.000,2.01,0,0,0,0,41.46,3,0.0,,,
279,0.4400,-0.1099,0.1476,2.922,good,0.035,3.27,0,0,0,0,42.75,3,0.0,,,
284,0.4440,-0.1143,-0.2031,2.997,good,0.000,2.16,0,0,0,0,41.82,3,0.0,,,
285,0.4440,-0.1138,0.1134,3.003,good,0.004,17.42,0,0,0,0,41.47,3,0.0,,,
286,0.4440,-0.1129,0.1714,2.990,good,0.000,3.94,0,0,0,0,41.42,3,0.0,,,
287,0.4440,-0.1083,-0.0316,3.013,good,0.019,8.45,0,0,0,0,39.31,3,0.0,,,
288,0.4440,-0.1092,-0.1780,3.221,good,0.000,4.08,0,0,0,0,35.09,3,0.0,,,
293,0.4440,-0.1170,-0.2155,2.991,good,0.000,3.43,0,0,0,0,42.67,2,0.0,,,
294,0.4440,-0.1154,-0.0851,3.188,good,0.000,2.26,0,0,0,0,37.66,2,0.0,,,
304,0.4440,-0.1159,-0.0689,3.000,good,0.004,2.64,0,0,0,0,42.05,1,0.0,,,
290,0.4480,-0.1165,0.2166,2.771,good,0.465,4.73,0,0,0,0,47.85,3,0.0,,,
291,0.4480,-0.1123,0.0795,2.996,good,0.000,2.46,0,0,0,0,40.55,3,0.0,,,
292,0.4480,-0.1107,0.0349,3.235,good,0.139,3.23,0,0,0,0,34.76,3,0.0,,,
300,0.4480,-0.1198,-0.0392,3.031,black,1.000,55.60,1,1,1,0,42.10,2,3.2,26|27,294,294
301,0.4480,-0.1183,-0.2040,2.807,good,0.001,2.63,0,0,0,0,47.30,2,0.0,,,
302,0.4480,-0.1167,-0.1455,3.008,good,0.001,2.24,0,0,0,0,41.52,2,0.0,,,
303,0.4480,-0.1152,0.0159,3.015,insect,1.000,6.10,1,1,1,0,40.82,2,3.1,34|33,309,309
295,0.4520,-0.1163,-0.1892,3.000,faded,0.888,3.30,1,1,1,0,42.22,3,3.2,7,287,287
296,0.4520,-0.1118,-0.1171,3.234,good,0.000,3.58,0,0,0,0,35.53,3,0.0,,,
297,0.4520,-0.1101,0.1520,2.890,good,0.001,8.51,0,0,0,0,42.69,3,0.0,,,
298,0.4520,-0.1178,0.2013,2.346,good,0.000,2.50,0,0,0,0,62.80,3,0.0,,,
299,0.4520,-0.1123,0.1368,2.827,good,0.028,2.10,0,0,0,0,45.02,3,0.0,,,
308,0.4520,-0.1184,0.1133,3.095,good,0.001,2.80,0,0,0,0,40.45,2,0.0,,,
309,0.4520,-0.1150,-0.0890,3.202,good,0.000,2.86,0,0,0,0,37.01,2,0.0,,,
305,0.4560,-0.1127,-0.1114,2.874,good,0.000,2.57,0,0,0,0,43.67,3,0.0,,,
306,0.4560,-0.1120,0.0519,3.000,good,0.028,4.00,0,0,0,0,40.25,3,0.0,,,
307,0.4560,-0.1104,0.1529,3.000,broken,0.546,3.21,1,1,1,0,39.68,3,2.4,51,283,283
313,0.4560,-0.1193,-0.2248,3.392,good,0.002,14.52,0,0,0,0,34.14,2,0.0,,,
314,0.4560,-0.1195,-0.1560,3.010,good,0.000,3.10,0,0,0,0,42.35,2,0.0,,,
315,0.4560,-0.1186,-0.1307,2.998,insect,1.000,5.74,1,1,1,0,42.33,2,3.1,15,298,298
316,0.4560,-0.1192,-0.0736,2.994,good,0.000,2.40,0,0,0,0,42.57,2,0.0,,,
317,0.4560,-0.1165,0.0400,2.981,good,0.000,2.65,0,0,0,0,41.95,2,0.0,,,
310,0.4600,-0.1179,0.1703,2.747,sour,1.000,25.11,1,1,1,0,49.40,3,3.2,53|54,325,
311,0.4600,-0.1253,0.1823,3.176,good,0.000,8.37,0,0,0,0,36.91,2,0.0,,,
312,0.4600,-0.1108,0.2251,3.003,good,0.001,1.92,0,0,0,0,40.10,3,0.0,,,
323,0.4600,-0.1195,-0.1696,3.021,good,0.001,2.56,0,0,0,0,42.53,2,0.0,,,
324,0.4600,-0.1198,-0.0473,3.042,good,0.000,1.93,0,0,0,0,42.10,2,0.0,,,
325,0.4600,-0.1197,0.0194,3.006,good,0.000,2.53,0,0,0,0,42.91,2,0.0,,,
327,0.4600,-0.1185,-0.0131,3.450,good,0.002,4.04,0,0,0,0,33.11,2,0.0,,,
328,0.4600,-0.1194,-0.2291,2.993,good,0.000,1.83,0,0,0,0,43.08,2,0.0,,,
329,0.4600,-0.1176,0.1338,2.807,good,0.002,2.21,0,0,0,0,47.25,2,0.0,,,
330,0.4600,-0.1161,-0.0914,2.995,good,0.009,4.45,0,0,0,0,41.86,2,0.0,,,
335,0.4600,-0.1126,0.1857,3.000,good,0.000,8.25,0,0,0,0,40.56,1,0.0,,,
336,0.4600,-0.1023,0.0479,3.000,good,0.028,7.85,0,0,0,0,37.13,1,0.0,,,
318,0.4640,-0.1151,-0.2145,2.996,good,0.001,4.21,0,0,0,0,41.84,3,0.0,,,
319,0.4640,-0.1138,-0.1183,3.036,good,0.001,2.18,0,0,0,0,40.40,3,0.0,,,
320,0.4640,-0.1144,0.2422,3.006,good,0.000,2.68,0,0,0,0,41.27,3,0.0,,,
321,0.4640,-0.1127,-0.1986,3.001,good,0.000,2.72,0,0,0,0,40.79,3,0.0,,,
322,0.4640,-0.1091,0.0659,3.002,good,0.000,3.11,0,0,0,0,39.53,3,0.0,,,
326,0.4640,-0.1086,0.1001,2.996,sour,1.000,13.41,1,1,1,0,39.46,3,3.2,44|45,292,
334,0.4640,-0.1182,0.0425,3.008,good,0.014,3.13,0,0,0,0,42.30,2,0.0,,,
344,0.4640,-0.1069,0.1671,3.000,sour,1.000,25.17,1,1,1,0,38.73,1,3.2,53,325,
331,0.4680,-0.1149,0.0998,3.082,good,0.021,7.22,0,0,0,0,40.52,3,0.0,,,
332,0.4680,-0.1130,-0.0500,2.998,good,0.000,2.21,0,0,0,0,41.77,3,0.0,,,
333,0.4680,-0.1121,-0.1690,3.000,good,0.000,2.07,0,0,0,0,41.38,3,0.0,,,
343,0.4680,-0.1174,0.1723,2.958,good,0.031,5.71,0,0,0,0,44.12,2,0.0,,,
337,0.4720,-0.1116,-0.0193,3.017,good,0.001,2.43,0,0,0,0,40.42,3,0.0,,,
338,0.4720,-0.1132,0.0273,2.727,good,0.000,2.22,0,0,0,0,48.40,3,0.0,,,
339,0.4720,-0.1087,0.0147,2.874,black,1.000,50.78,1,1,1,0,42.81,3,3.2,33|34,359,
340,0.4720,-0.1089,-0.2293,2.998,good,0.000,2.90,0,0,0,0,39.84,3,0.0,,,
341,0.4720,-0.1088,0.1076,3.000,good,0.000,2.66,0,0,0,0,39.69,3,0.0,,,
342,0.4720,-0.1080,-0.1992,3.044,good,0.007,4.00,0,0,0,0,38.38,3,0.0,,,
350,0.4720,-0.1150,-0.0978,3.301,good,0.012,3.20,0,0,0,0,35.13,2,0.0,,,
345,0.4760,-0.1127,0.1682,2.998,good,0.003,4.27,0,0,0,0,41.77,3,0.0,,,
346,0.4760,-0.1107,-0.0576,2.905,good,0.057,5.57,0,0,0,0,43.32,3,0.0,,,
347,0.4760,-0.1088,-0.0071,3.005,good,0.000,3.48,0,0,0,0,40.22,3,0.0,,,
348,0.4760,-0.1096,0.0453,2.994,good,0.000,3.20,0,0,0,0,40.68,3,0.0,,,
349,0.4760,-0.1099,0.0838,2.918,good,0.000,2.27,0,0,0,0,42.58,3,0.0,,,
359,0.4760,-0.1161,-0.0160,3.012,good,0.000,2.23,0,0,0,0,42.35,2,0.0,,,
360,0.4760,-0.1161,-0.0390,2.999,good,0.000,2.36,0,0,0,0,42.65,2,0.0,,,
361,0.4760,-0.1229,-0.0532,3.000,good,0.005,9.31,0,0,0,0,40.87,1,0.0,,,
351,0.4800,-0.1391,-0.0158,3.000,black,1.000,49.97,1,1,1,0,41.99,1,3.2,29|30,,
352,0.4800,-0.1128,-0.2278,3.262,good,0.000,1.91,0,0,0,0,35.35,3,0.0,,,
353,0.4800,-0.1139,0.2293,3.010,good,0.000,7.26,0,0,0,0,41.13,3,0.0,,,
354,0.4800,-0.1115,0.2100,3.035,good,0.000,3.15,0,0,0,0,39.70,3,0.0,,,
355,0.4800,-0.1249,0.0675,2.484,good,0.001,2.65,0,0,0,0,56.56,2,0.0,,,
356,0.4800,-0.1098,-0.0455,3.007,faded,0.994,5.59,1,1,1,0,39.72,3,3.2,26|25,376,376
357,0.4800,-0.1176,0.1306,2.010,good,0.008,2.55,0,0,0,0,78.18,3,0.0,,,
358,0.4800,-0.1088,0.0888,2.993,good,0.000,3.34,0,0,0,0,39.64,3,0.0,,,
365,0.4800,-0.1192,-0.0763,2.804,good,0.014,4.26,0,0,0,0,48.00,2,0.0,,,
366,0.4800,-0.1277,-0.0192,3.000,black,1.000,49.92,1,1,1,0,41.73,1,3.2,29,,
367,0.4800,-0.1134,-0.1661,3.450,good,0.012,2.84,0,0,0,0,31.64,2,0.0,,,
379,0.4800,-0.1163,-0.0226,3.000,black,1.000,49.85,1,1,1,0,41.85,1,3.2,29|28,330,
380,0.4800,-0.1150,0.0647,3.000,good,0.003,2.60,0,0,0,0,41.42,1,0.0,,,
362,0.4840,-0.1191,-0.0446,2.495,good,0.002,4.61,0,0,0,0,58.20,3,0.0,,,
363,0.4840,-0.1118,0.1110,3.002,good,0.000,2.13,0,0,0,0,40.91,3,0.0,,,
364,0.4840,-0.1089,-0.1384,2.816,good,0.000,3.02,0,0,0,0,44.47,3,0.0,,,
375,0.4840,-0.1192,0.2165,3.006,good,0.000,3.84,0,0,0,0,43.17,2,0.0,,,
376,0.4840,-0.1189,0.0181,3.136,good,0.000,3.71,0,0,0,0,40.04,2,0.0,,,
377,0.4840,-0.1166,-0.2152,2.999,good,0.001,2.48,0,0,0,0,42.39,2,0.0,,,
378,0.4840,-0.1177,0.0520,3.001,good,0.371,8.19,0,0,0,0,42.68,2,0.0,,,
384,0.4840,-0.1049,-0.0260,3.000,black,1.000,50.00,1,1,1,0,38.44,1,3.2,28,330,
368,0.4880,-0.1152,-0.0629,3.003,good,0.000,2.28,0,0,0,0,42.49,3,0.0,,,
369,0.4880,-0.1141,-0.2117,2.933,good,0.000,3.43,0,0,0,0,43.75,3,0.0,,,
370,0.4880,-0.1128,0.1331,2.991,faded,0.553,8.63,1,1,1,0,41.89,3,3.2,49|48,368|378,368|378
371,0.4880,-0.1109,-0.0308,3.009,good,0.000,2.37,0,0,0,0,40.74,3,0.0,,,
372,0.4880,-0.1107,-0.2273,2.993,black,1.000,54.11,1,1,1,0,41.02,3,3.2,2|3,366,
373,0.4880,-0.1082,-0.1154,2.999,good,0.000,2.41,0,0,0,0,39.98,3,0.0,,,
374,0.4880,-0.1088,-0.1693,2.902,good,0.000,2.60,0,0,0,0,42.48,3,0.0,,,
381,0.4920,-0.1124,-0.0695,3.102,good,0.000,3.86,0,0,0,0,37.85,3,0.0,,,
382,0.4920,-0.1143,-0.0938,2.915,faded,0.942,3.70,1,1,1,0,42.85,3,3.2,19|20,388,
383,0.4920,-0.1082,-0.1796,3.015,good,0.005,3.99,0,0,0,0,38.29,3,0.0,,,
390,0.4920,-0.1191,-0.1725,2.967,good,0.003,2.89,0,0,0,0,43.07,2,0.0,,,
391,0.4920,-0.1186,0.1508,2.687,good,0.003,3.02,0,0,0,0,50.52,2,0.0,,,
392,0.4920,-0.1146,-0.1281,3.450,good,0.001,2.62,0,0,0,0,31.34,2,0.0,,,
393,0.4920,-0.1153,0.1358,3.361,good,0.000,2.33,0,0,0,0,33.16,2,0.0,,,
385,0.4960,-0.1068,-0.0930,3.450,good,0.062,7.99,0,0,0,0,29.94,3,0.0,,,
386,0.4960,-0.1128,0.1968,2.963,good,0.003,3.61,0,0,0,0,41.76,3,0.0,,,
387,0.4960,-0.1134,-0.1646,3.004,good,0.000,3.59,0,0,0,0,40.93,3,0.0,,,
388,0.4960,-0.1100,0.0094,2.999,good,0.000,3.10,0,0,0,0,39.90,3,0.0,,,
389,0.4960,-0.1082,0.0567,3.000,good,0.000,2.96,0,0,0,0,39.24,3,0.0,,,
394,0.5000,-0.1115,-0.1290,3.258,faded,0.775,8.66,1,1,1,0,34.91,3,3.2,15,374|418,
395,0.5000,-0.1149,-0.0748,2.997,good,0.000,2.27,0,0,0,0,41.63,3,0.0,,,
396,0.5000,-0.1153,0.0897,3.011,good,0.000,2.90,0,0,0,0,41.35,3,0.0,,,
397,0.5000,-0.1124,0.1076,3.045,good,0.017,4.01,0,0,0,0,39.56,3,0.0,,,
398,0.5000,-0.1105,0.0041,2.999,good,0.002,3.23,0,0,0,0,39.95,3,0.0,,,
399,0.5000,-0.1101,0.1194,2.929,good,0.000,2.37,0,0,0,0,41.46,3,0.0,,,
400,0.5000,-0.1085,0.0527,3.003,good,0.000,2.49,0,0,0,0,39.11,3,0.0,,,
405,0.5000,-0.1193,0.1646,2.903,good,0.000,5.55,0,0,0,0,45.21,2,0.0,,,
406,0.5000,-0.1171,-0.1704,2.996,good,0.000,2.75,0,0,0,0,42.10,2,0.0,,,
407,0.5000,-0.1161,-0.0569,2.796,good,0.098,6.47,0,0,0,0,46.90,2,0.0,,,
408,0.5000,-0.1171,0.0504,2.973,good,0.006,2.97,0,0,0,0,42.57,2,0.0,,,
414,0.5000,-0.1172,-0.1334,3.000,good,0.005,3.84,0,0,0,0,41.96,1,0.0,,,
401,0.5040,-0.1109,-0.2202,3.007,good,0.000,3.43,0,0,0,0,40.63,3,0.0,,,
402,0.5040,-0.1089,-0.1927,3.027,sour,0.994,33.98,1,1,1,0,39.43,3,3.2,7,379|403,379|403
403,0.5040,-0.1096,0.2019,2.996,black,1.000,50.19,1,1,1,0,40.29,3,3.2,57|58,409,409
404,0.5040,-0.1205,-0.0845,3.325,good,0.000,3.56,0,0,0,0,32.61,2,0.0,,,
413,0.5040,-0.1136,0.1161,3.004,good,0.005,9.29,0,0,0,0,41.36,2,0.0,,,
420,0.5040,-0.1050,-0.0783,3.000,good,0.000,7.12,0,0,0,0,38.57,1,0.0,,,
409,0.5080,-0.1170,0.0285,2.843,faded,1.000,5.52,1,1,1,0,47.85,3,3.2,35,400,400
410,0.5080,-0.1140,0.1129,3.012,good,0.002,3.04,0,0,0,0,42.48,3,0.0,,,
411,0.5080,-0.1121,0.0697,2.830,good,0.137,7.04,0,0,0,0,46.32,3,0.0,,,
412,0.5080,-0.1096,0.0954,2.877,good,0.001,3.67,0,0,0,0,44.22,3,0.0,,,
418,0.5080,-0.1191,0.2002,2.960,black,1.000,50.77,1,1,1,0,45.32,2,3.2,57,446,446
419,0.5080,-0.1161,-0.1808,2.951,good,0.001,2.45,0,0,0,0,44.48,2,0.0,,,
424,0.5080,-0.1189,0.0747,3.000,good,0.231,3.90,0,0,0,0,44.22,1,0.0,,,
415,0.5120,-0.1222,0.0210,3.002,good,0.000,2.23,0,0,0,0,41.06,2,0.0,,,
416,0.5120,-0.1088,0.1510,3.029,good,0.000,2.15,0,0,0,0,39.91,3,0.0,,,
417,0.5120,-0.1084,-0.1470,2.994,good,0.001,3.18,0,0,0,0,40.55,3,0.0,,,
422,0.5120,-0.1194,0.1945,2.984,good,0.000,1.96,0,0,0,0,44.43,2,0.0,,,
423,0.5120,-0.1164,0.0031,3.031,good,0.010,2.39,0,0,0,0,41.59,2,0.0,,,
434,0.5120,-0.1079,0.0244,3.000,good,0.049,6.81,0,0,0,0,39.51,1,0.0,,,
421,0.5160,-0.1364,0.0219,3.000,good,0.003,3.53,0,0,0,0,41.93,1,0.0,,,
429,0.5160,-0.1182,0.0910,3.000,faded,1.000,5.96,1,1,1,0,43.74,2,3.2,43,471,471
430,0.5160,-0.1171,0.1131,3.000,good,0.009,2.59,0,0,0,0,43.31,2,0.0,,,
431,0.5160,-0.1159,0.2350,3.001,good,0.113,3.37,0,0,0,0,42.83,2,0.0,,,
432,0.5160,-0.1299,0.1250,3.000,good,0.107,7.35,0,0,0,0,43.53,1,0.0,,,
433,0.5160,-0.1246,0.0250,3.000,good,0.001,3.46,0,0,0,0,41.76,1,0.0,,,
445,0.5160,-0.1155,0.1282,3.000,good,0.023,7.03,0,0,0,0,42.72,1,0.0,,,
446,0.5160,-0.1129,0.0281,3.000,good,0.002,3.53,0,0,0,0,41.83,1,0.0,,,
447,0.5160,-0.1045,0.0770,3.000,good,0.097,4.08,0,0,0,0,39.02,1,0.0,,,
425,0.5200,-0.1148,-0.0055,2.863,good,0.000,2.47,0,0,0,0,42.73,3,0.0,,,
426,0.5200,-0.1128,-0.1710,2.994,good,0.000,6.78,0,0,0,0,38.72,3,0.0,,,
427,0.5200,-0.1103,0.0082,2.998,good,0.095,3.61,0,0,0,0,37.73,3,0.0,,,
428,0.5200,-0.1092,0.1721,2.989,good,0.091,3.89,0,0,0,0,37.54,3,0.0,,,
441,0.5200,-0.1196,0.0483,3.450,good,0.001,2.98,0,0,0,0,31.16,2,0.0,,,
442,0.5200,-0.1179,0.1833,2.917,good,0.000,2.55,0,0,0,0,42.18,2,0.0,,,
443,0.5200,-0.1181,0.1990,3.004,good,0.030,3.36,0,0,0,0,40.03,2,0.0,,,
444,0.5200,-0.1175,-0.1511,3.007,good,0.000,2.49,0,0,0,0,39.73,2,0.0,,,
456,0.5200,-0.1011,0.0312,3.000,good,0.001,3.49,0,0,0,0,34.45,1,0.0,,,
457,0.5200,-0.1011,0.1313,3.000,insect,0.868,8.31,1,1,1,0,34.45,1,3.1,48|49,448,
435,0.5240,-0.1154,0.2242,2.945,good,0.001,1.67,0,0,0,0,43.30,3,0.0,,,
436,0.5240,-0.1150,-0.1169,3.002,good,0.000,2.26,0,0,0,0,41.73,3,0.0,,,
437,0.5240,-0.1150,0.2421,3.011,good,0.041,4.48,0,0,0,0,41.47,3,0.0,,,
438,0.5240,-0.1148,-0.1611,3.012,good,0.000,2.08,0,0,0,0,41.34,3,0.0,,,
439,0.5240,-0.1108,-0.1079,3.008,good,0.000,2.43,0,0,0,0,40.08,3,0.0,,,
440,0.5240,-0.1112,0.0001,2.856,good,0.001,2.52,0,0,0,0,43.92,3,0.0,,,
454,0.5240,-0.1186,0.1434,3.026,good,0.001,3.93,0,0,0,0,42.17,2,0.0,,,
455,0.5240,-0.1151,0.0422,3.003,good,0.000,3.30,0,0,0,0,41.54,2,0.0,,,
448,0.5280,-0.1146,-0.1454,3.007,good,0.000,1.88,0,0,0,0,41.25,3,0.0,,,
449,0.5280,-0.1112,0.0195,3.042,good,0.026,3.96,0,0,0,0,39.26,3,0.0,,,
450,0.5280,-0.1097,-0.1022,3.275,good,0.001,3.31,0,0,0,0,33.84,3,0.0,,,
451,0.5280,-0.1104,0.2163,2.997,good,0.000,2.75,0,0,0,0,39.98,3,0.0,,,
452,0.5280,-0.1086,0.1121,2.985,good,0.049,4.95,0,0,0,0,39.61,3,0.0,,,
453,0.5280,-0.1084,0.0324,2.999,good,0.031,3.90,0,0,0,0,39.21,3,0.0,,,
462,0.5280,-0.1167,0.1218,3.028,good,0.000,4.42,0,0,0,0,41.23,2,0.0,,,
463,0.5280,-0.1169,0.1040,2.989,good,0.000,1.60,0,0,0,0,42.17,2,0.0,,,
464,0.5280,-0.1153,-0.1161,2.992,good,0.051,1.92,0,0,0,0,41.53,2,0.0,,,
458,0.5320,-0.1299,0.0702,2.785,good,0.001,4.14,0,0,0,0,49.10,2,0.0,,,
459,0.5320,-0.1095,-0.0055,3.248,good,0.016,3.08,0,0,0,0,34.97,3,0.0,,,
460,0.5320,-0.1103,0.0878,2.989,good,0.000,7.38,0,0,0,0,40.80,3,0.0,,,
461,0.5320,-0.1101,-0.1992,2.910,good,0.000,2.18,0,0,0,0,42.60,3,0.0,,,
469,0.5320,-0.1165,-0.1349,3.450,good,0.004,3.27,0,0,0,0,33.11,2,0.0,,,
470,0.5320,-0.1193,-0.0269,2.996,good,0.001,2.44,0,0,0,0,43.53,2,0.0,,,
471,0.5320,-0.1186,0.2295,2.969,good,0.127,3.17,0,0,0,0,43.90,2,0.0,,,
472,0.5320,-0.1146,-0.0971,3.298,good,0.000,2.36,0,0,0,0,35.34,2,0.0,,,
465,0.5360,-0.1134,-0.2198,3.175,good,0.000,2.18,0,0,0,0,37.96,3,0.0,,,
466,0.5360,-0.1190,-0.2324,2.547,good,0.000,3.09,0,0,0,0,56.64,3,0.0,,,
467,0.5360,-0.1127,-0.1826,3.016,good,0.000,2.23,0,0,0,0,41.15,3,0.0,,,
468,0.5360,-0.1096,0.0632,3.123,black,1.000,51.32,1,1,1,0,37.70,3,3.2,40|39,438|469,469
476,0.5360,-0.1188,-0.1627,3.008,good,0.000,3.48,0,0,0,0,43.27,2,0.0,,,
477,0.5360,-0.1190,-0.0644,3.004,good,0.000,2.25,0,0,0,0,43.40,2,0.0,,,
478,0.5360,-0.1191,0.0363,2.790,faded,0.987,3.91,1,1,1,0,49.01,2,3.2,36,453,453
479,0.5360,-0.1175,0.0953,3.000,good,0.000,2.05,0,0,0,0,42.94,2,0.0,,,
480,0.5360,-0.1177,0.0118,3.002,good,0.000,2.48,0,0,0,0,42.89,2,0.0,,,
473,0.5400,-0.1134,0.1777,2.994,good,0.000,3.76,0,0,0,0,41.70,3,0.0,,,
474,0.5400,-0.1115,-0.0862,2.970,good,0.000,2.70,0,0,0,0,41.56,3,0.0,,,
475,0.5400,-0.1103,0.1138,2.995,good,0.000,2.53,0,0,0,0,40.50,3,0.0,,,
481,0.5440,-0.1142,-0.1638,2.993,good,0.008,2.31,0,0,0,0,42.11,3,0.0,,,
482,0.5440,-0.1157,0.1561,2.841,sour,1.000,13.39,1,1,1,0,46.41,3,3.2,51|52,447,
483,0.5440,-0.1149,0.1750,3.001,insect,1.000,7.98,1,1,1,0,42.03,3,3.1,54,503,503
484,0.5440,-0.1150,-0.0545,2.720,faded,0.989,7.84,1,1,1,0,49.39,3,3.2,25|24,461|611,
485,0.5440,-0.1137,0.1905,2.996,good,0.145,2.94,0,0,0,0,41.66,3,0.0,,,
486,0.5440,-0.1122,0.0187,2.995,good,0.000,2.35,0,0,0,0,41.16,3,0.0,,,
487,0.5440,-0.1107,0.1457,2.776,good,0.004,5.43,0,0,0,0,46.13,3,0.0,,,
493,0.5440,-0.1194,0.0779,2.906,good,0.050,10.72,0,0,0,0,45.67,2,0.0,,,
488,0.5480,-0.1142,0.0509,2.900,good,0.000,2.64,0,0,0,0,41.66,3,0.0,,,
489,0.5480,-0.1131,0.1512,3.013,good,0.000,2.08,0,0,0,0,38.47,3,0.0,,,
490,0.5480,-0.1130,-0.2268,3.015,good,0.000,2.44,0,0,0,0,38.30,3,0.0,,,
491,0.5480,-0.1350,-0.0498,3.000,good,0.007,5.43,0,0,0,0,37.99,1,0.0,,,
492,0.5480,-0.1044,-0.1527,3.450,husk,1.000,28.89,1,1,1,0,26.86,3,2.4,12,625,
499,0.5480,-0.1198,-0.2193,3.007,good,0.001,2.32,0,0,0,0,40.65,2,0.0,,,
500,0.5480,-0.1296,0.0820,3.000,good,0.007,3.41,0,0,0,0,40.10,1,0.0,,,
501,0.5480,-0.1129,-0.0537,2.977,good,0.000,3.10,0,0,0,0,39.05,2,0.0,,,
494,0.5520,-0.1169,-0.1730,2.655,good,0.002,2.94,0,0,0,0,52.47,3,0.0,,,
495,0.5520,-0.1135,-0.0038,2.983,good,0.000,2.15,0,0,0,0,42.32,3,0.0,,,
496,0.5520,-0.1145,0.0608,2.995,good,0.009,3.06,0,0,0,0,42.32,3,0.0,,,
497,0.5520,-0.1084,-0.0276,2.999,good,0.000,3.00,0,0,0,0,40.16,3,0.0,,,
498,0.5520,-0.1096,-0.1548,2.848,insect,1.000,5.66,1,1,1,0,44.22,3,3.1,12|11,520,520
504,0.5520,-0.1185,-0.1947,3.151,good,0.003,3.93,0,0,0,0,39.92,2,0.0,,,
505,0.5520,-0.1191,-0.1417,3.001,good,0.002,2.49,0,0,0,0,43.56,2,0.0,,,
506,0.5520,-0.1190,0.1949,2.906,good,0.012,2.47,0,0,0,0,45.85,2,0.0,,,
507,0.5520,-0.1183,0.0205,2.910,insect,1.000,6.08,1,1,1,0,45.47,2,3.1,34,540,
508,0.5520,-0.1126,0.0485,3.450,good,0.004,3.72,0,0,0,0,32.04,2,0.0,,,
502,0.5560,-0.1104,-0.0681,2.975,good,0.030,3.38,0,0,0,0,41.11,3,0.0,,,
503,0.5560,-0.1097,0.2335,2.973,good,0.366,2.32,0,0,0,0,40.85,3,0.0,,,
509,0.5600,-0.1399,-0.0750,3.000,good,0.001,3.25,0,0,0,0,42.77,1,0.0,,,
510,0.5600,-0.1115,-0.0985,3.112,good,0.000,2.79,0,0,0,0,38.61,3,0.0,,,
511,0.5600,-0.1084,-0.1578,3.450,good,0.000,2.56,0,0,0,0,31.01,3,0.0,,,
512,0.5600,-0.1109,-0.1112,2.989,good,0.000,2.79,0,0,0,0,41.12,3,0.0,,,
513,0.5600,-0.1150,-0.1861,2.465,good,0.000,1.61,0,0,0,0,57.75,3,0.0,,,
514,0.5600,-0.1096,0.1542,3.005,good,0.000,2.57,0,0,0,0,40.24,3,0.0,,,
515,0.5600,-0.1096,0.1334,3.003,good,0.000,2.49,0,0,0,0,40.26,3,0.0,,,
523,0.5600,-0.1165,-0.0064,3.001,good,0.032,3.96,0,0,0,0,42.57,2,0.0,,,
524,0.5600,-0.1167,0.0387,3.001,good,0.000,2.25,0,0,0,0,42.59,2,0.0,,,
516,0.5640,-0.1147,-0.1720,3.071,good,0.000,2.38,0,0,0,0,39.44,3,0.0,,,
517,0.5640,-0.1160,-0.1823,3.002,good,0.000,3.47,0,0,0,0,41.43,3,0.0,,,
518,0.5640,-0.1142,-0.0795,2.836,good,0.001,6.08,0,0,0,0,44.96,3,0.0,,,
519,0.5640,-0.1117,0.0223,3.103,good,0.000,2.97,0,0,0,0,37.61,3,0.0,,,
520,0.5640,-0.1122,-0.0402,2.998,good,0.000,1.69,0,0,0,0,40.11,3,0.0,,,
521,0.5640,-0.1116,-0.1197,3.000,good,0.000,2.16,0,0,0,0,39.84,3,0.0,,,
522,0.5640,-0.1092,-0.0189,2.991,good,0.001,2.68,0,0,0,0,39.16,3,0.0,,,
527,0.5640,-0.1187,-0.0631,3.450,good,0.000,1.69,0,0,0,0,32.58,2,0.0,,,
530,0.5640,-0.1299,-0.0731,3.000,good,0.001,4.17,0,0,0,0,41.80,1,0.0,,,
531,0.5640,-0.1165,-0.0531,3.011,good,0.001,4.46,0,0,0,0,41.06,2,0.0,,,
525,0.5680,-0.1122,-0.1145,2.995,good,0.003,7.29,0,0,0,0,40.43,3,0.0,,,
526,0.5680,-0.1126,0.2186,3.007,good,0.000,2.25,0,0,0,0,40.22,3,0.0,,,
528,0.5680,-0.1090,0.0428,3.008,broken,0.956,1.61,1,1,1,0,38.93,3,2.4,37,533,533
529,0.5680,-0.1093,0.1511,3.052,good,0.013,2.31,0,0,0,0,37.98,3,0.0,,,
533,0.5680,-0.1200,-0.0750,3.357,good,0.003,5.95,0,0,0,0,34.89,2,0.0,,,
534,0.5680,-0.1194,0.2017,2.997,good,0.004,2.93,0,0,0,0,42.52,2,0.0,,,
535,0.5680,-0.1183,0.0514,3.004,good,0.000,4.55,0,0,0,0,41.92,2,0.0,,,
536,0.5680,-0.1172,0.1464,2.994,good,0.006,2.91,0,0,0,0,41.76,2,0.0,,,
537,0.5680,-0.1178,-0.1509,2.999,good,0.000,2.57,0,0,0,0,41.84,2,0.0,,,
538,0.5680,-0.1248,-0.0721,3.000,good,0.001,5.03,0,0,0,0,40.13,1,0.0,,,
532,0.5720,-0.1089,0.1344,3.006,good,0.004,6.21,0,0,0,0,35.69,3,0.0,,,
541,0.5720,-0.1199,0.1016,2.999,good,0.000,3.55,0,0,0,0,39.47,2,0.0,,,
544,0.5720,-0.1179,-0.0857,2.988,good,0.000,2.57,0,0,0,0,39.02,2,0.0,,,
545,0.5720,-0.1187,0.1208,2.977,good,0.008,2.78,0,0,0,0,39.53,2,0.0,,,
546,0.5720,-0.1187,-0.0478,2.919,good,0.011,2.18,0,0,0,0,40.94,2,0.0,,,
547,0.5720,-0.1142,0.0821,3.106,good,0.001,2.71,0,0,0,0,34.94,2,0.0,,,
553,0.5720,-0.1147,-0.0702,3.000,good,0.001,5.04,0,0,0,0,37.55,1,0.0,,,
539,0.5760,-0.1161,-0.0359,3.001,good,0.006,2.64,0,0,0,0,32.40,3,0.0,,,
540,0.5760,-0.1119,0.0783,2.999,black,1.000,47.21,1,1,1,0,30.99,3,3.2,42|41,530,530
542,0.5760,-0.1080,0.2123,3.018,good,0.002,3.84,0,0,0,0,29.17,3,0.0,,,
543,0.5760,-0.1109,0.0098,2.575,good,0.000,2.29,0,0,0,0,42.15,3,0.0,,,
552,0.5760,-0.1198,0.2118,2.992,good,0.000,1.95,0,0,0,0,33.64,2,0.0,,,
557,0.5760,-0.1097,-0.0692,3.000,good,0.003,5.37,0,0,0,0,30.09,1,0.0,,,
558,0.5760,-0.1070,-0.0508,3.000,good,0.001,2.06,0,0,0,0,29.19,1,0.0,,,
548,0.5800,-0.1111,0.0648,3.347,good,0.000,2.18,0,0,0,0,29.46,3,0.0,,,
549,0.5800,-0.1133,-0.1446,2.964,good,0.003,2.92,0,0,0,0,38.30,3,0.0,,,
550,0.5800,-0.1229,0.0051,3.104,good,0.001,2.07,0,0,0,0,34.11,2,0.0,,,
551,0.5800,-0.1093,0.0548,3.023,faded,0.989,3.86,1,1,1,0,35.48,3,3.2,39|38,534,534
567,0.5800,-0.1105,0.0004,3.000,good,0.000,1.99,0,0,0,0,36.38,1,0.0,,,
568,0.5800,-0.1047,-0.0683,3.000,good,0.006,5.35,0,0,0,0,34.44,1,0.0,,,
554,0.5840,-0.1145,0.1786,2.998,good,0.000,2.34,0,0,0,0,29.48,3,0.0,,,
555,0.5840,-0.1129,-0.1286,3.002,good,0.000,2.66,0,0,0,0,28.80,3,0.0,,,
556,0.5840,-0.1106,-0.1618,3.001,good,0.000,4.81,0,0,0,0,28.00,3,0.0,,,
564,0.5840,-0.1160,-0.0585,3.450,good,0.001,7.15,0,0,0,0,20.41,2,0.0,,,
565,0.5840,-0.1174,-0.0102,3.175,good,0.000,3.65,0,0,0,0,26.24,2,0.0,,,
566,0.5840,-0.1188,0.0380,3.002,good,0.001,3.39,0,0,0,0,30.60,2,0.0,,,
576,0.5840,-0.0996,-0.0673,3.000,good,0.003,5.43,0,0,0,0,24.27,1,0.0,,,
559,0.5880,-0.1146,-0.0959,3.249,good,0.000,6.88,0,0,0,0,32.48,3,0.0,,,
560,0.5880,-0.1111,-0.0718,3.260,good,0.001,3.96,0,0,0,0,31.13,3,0.0,,,
561,0.5880,-0.1118,0.1765,3.001,good,0.005,2.96,0,0,0,0,36.91,3,0.0,,,
562,0.5880,-0.1106,-0.1355,2.984,good,0.002,1.71,0,0,0,0,36.87,3,0.0,,,
563,0.5880,-0.1094,-0.1999,3.026,good,0.000,2.33,0,0,0,0,35.46,3,0.0,,,
574,0.5880,-0.1176,-0.2330,2.997,good,0.001,2.86,0,0,0,0,38.82,2,0.0,,,
575,0.5880,-0.1161,0.0132,2.998,good,0.006,4.37,0,0,0,0,38.26,2,0.0,,,
569,0.5920,-0.1138,-0.2077,3.099,good,0.000,2.65,0,0,0,0,25.76,3,0.0,,,
570,0.5920,-0.1127,-0.0686,3.038,good,0.000,2.33,0,0,0,0,26.74,3,0.0,,,
571,0.5920,-0.1099,-0.1666,2.992,good,0.033,6.50,0,0,0,0,26.79,3,0.0,,,
572,0.5920,-0.1117,0.1873,2.934,good,0.000,2.65,0,0,0,0,28.76,3,0.0,,,
573,0.5920,-0.1088,-0.0531,2.986,good,0.000,2.37,0,0,0,0,26.48,3,0.0,,,
581,0.5920,-0.1142,-0.1070,3.450,good,0.001,2.61,0,0,0,0,18.62,2,0.0,,,
587,0.5920,-0.1016,-0.0991,3.000,good,0.000,8.52,0,0,0,0,23.74,1,0.0,,,
577,0.5960,-0.1153,-0.0407,3.054,good,0.319,3.98,0,0,0,0,25.60,3,0.0,,,
578,0.5960,-0.1152,0.0794,2.999,good,0.000,3.29,0,0,0,0,26.81,3,0.0,,,
579,0.5960,-0.1109,0.0204,2.996,good,0.002,2.46,0,0,0,0,25.37,3,0.0,,,
580,0.5960,-0.1094,-0.2383,2.889,good,0.031,3.87,0,0,0,0,27.44,3,0.0,,,
585,0.5960,-0.1179,-0.2307,3.423,good,0.001,2.64,0,0,0,0,18.57,2,0.0,,,
586,0.5960,-0.1172,0.1066,2.994,good,0.000,3.06,0,0,0,0,27.42,2,0.0,,,
582,0.6000,-0.1153,-0.0531,3.008,good,0.000,2.28,0,0,0,0,27.88,3,0.0,,,
583,0.6000,-0.1109,-0.0925,3.022,good,0.000,2.30,0,0,0,0,26.04,3,0.0,,,
584,0.6000,-0.1092,-0.2024,3.021,good,0.000,2.50,0,0,0,0,25.47,3,0.0,,,
594,0.6000,-0.1189,-0.0370,3.103,good,0.019,5.96,0,0,0,0,26.73,2,0.0,,,
596,0.6000,-0.1284,0.2292,3.000,good,0.014,5.81,0,0,0,0,28.30,1,0.0,,,
597,0.6000,-0.1180,-0.0157,2.998,good,0.001,1.77,0,0,0,0,28.84,2,0.0,,,
598,0.6000,-0.1178,0.1567,2.943,good,0.000,2.71,0,0,0,0,30.06,2,0.0,,,
599,0.6000,-0.1175,0.2082,2.999,broken,0.716,2.64,1,1,1,0,28.58,2,2.4,58,584,584
600,0.6000,-0.1170,0.1254,3.023,good,0.002,2.52,0,0,0,0,27.76,2,0.0,,,
601,0.6000,-0.1157,0.1968,2.896,good,0.000,2.46,0,0,0,0,30.43,2,0.0,,,
608,0.6000,-0.1178,0.2324,3.000,good,0.000,3.55,0,0,0,0,28.53,1,0.0,,,
609,0.6000,-0.1137,0.2257,3.000,good,0.132,3.40,0,0,0,0,27.17,1,0.0,,,
610,0.6000,-0.1042,-0.2336,3.000,good,0.006,2.72,0,0,0,0,24.01,1,0.0,,,
588,0.6040,-0.1125,-0.0688,3.085,good,0.007,4.41,0,0,0,0,25.54,3,0.0,,,
589,0.6040,-0.1147,0.1513,3.014,good,0.002,3.46,0,0,0,0,27.85,3,0.0,,,
590,0.6040,-0.1151,0.2392,3.006,good,0.000,2.14,0,0,0,0,28.12,3,0.0,,,
591,0.6040,-0.1110,0.0306,3.018,insect,0.784,11.01,1,1,1,0,26.46,3,3.1,35|36,594|624,624
592,0.6040,-0.1117,0.1942,2.942,good,0.000,3.00,0,0,0,0,28.42,3,0.0,,,
593,0.6040,-0.1087,0.0764,3.005,good,0.000,1.66,0,0,0,0,25.91,3,0.0,,,
595,0.6040,-0.1135,0.1018,2.267,good,0.014,2.94,0,0,0,0,50.55,3,0.0,,,
606,0.6040,-0.1187,-0.2165,2.854,good,0.000,2.92,0,0,0,0,32.98,2,0.0,,,
607,0.6040,-0.1171,0.0351,3.013,good,0.056,2.57,0,0,0,0,28.36,2,0.0,,,
602,0.6080,-0.1145,-0.0929,2.992,good,0.001,3.27,0,0,0,0,39.51,3,0.0,,,
603,0.6080,-0.1111,-0.1545,3.450,good,0.001,4.34,0,0,0,0,28.95,3,0.0,,,
604,0.6080,-0.1144,-0.2385,3.005,good,0.021,2.78,0,0,0,0,39.04,3,0.0,,,
605,0.6080,-0.1230,0.1855,2.845,good,0.002,5.14,0,0,0,0,42.04,2,0.0,,,
614,0.6080,-0.1165,0.0197,3.288,good,0.046,2.13,0,0,0,0,33.45,2,0.0,,,
623,0.6080,-0.1117,0.1894,3.000,good,0.000,5.07,0,0,0,0,38.17,1,0.0,,,
624,0.6080,-0.1029,0.0257,3.000,broken,0.963,4.74,1,1,1,0,35.24,1,2.4,35,594,
611,0.6120,-0.1132,-0.0776,2.753,good,0.000,2.35,0,0,0,0,36.07,3,0.0,,,
612,0.6120,-0.1117,0.1318,3.000,broken,0.998,2.55,1,1,1,0,29.14,3,2.4,48|49,593,593
613,0.6120,-0.1093,-0.0049,2.995,good,0.001,1.91,0,0,0,0,28.38,3,0.0,,,
621,0.6120,-0.1199,0.1206,3.031,good,0.000,2.41,0,0,0,0,30.99,2,0.0,,,
622,0.6120,-0.1198,0.1679,3.001,good,0.000,2.93,0,0,0,0,31.63,2,0.0,,,
633,0.6120,-0.1190,-0.2304,3.000,good,0.000,4.90,0,0,0,0,31.41,1,0.0,,,
615,0.6160,-0.1325,-0.2339,3.000,good,0.001,7.24,0,0,0,0,26.97,1,0.0,,,
616,0.6160,-0.1174,-0.0664,2.341,good,0.127,3.62,0,0,0,0,50.16,3,0.0,,,
617,0.6160,-0.1103,0.0122,3.000,good,0.004,2.57,0,0,0,0,27.33,3,0.0,,,
618,0.6160,-0.1100,-0.0891,2.997,good,0.101,2.66,0,0,0,0,27.24,3,0.0,,,
619,0.6160,-0.1091,0.2171,3.003,good,0.000,3.23,0,0,0,0,26.78,3,0.0,,,
620,0.6160,-0.1084,-0.1265,2.981,good,0.000,4.18,0,0,0,0,26.99,3,0.0,,,
631,0.6160,-0.1173,-0.1141,3.002,good,0.001,2.87,0,0,0,0,29.42,2,0.0,,,
632,0.6160,-0.1103,-0.2382,2.995,good,0.002,2.97,0,0,0,0,27.21,2,0.0,,,
625,0.6200,-0.1159,-0.1301,3.000,good,0.001,1.99,0,0,0,0,34.72,3,0.0,,,
626,0.6200,-0.1140,0.0631,3.004,good,0.023,8.35,0,0,0,0,33.93,3,0.0,,,
627,0.6200,-0.1110,-0.0575,3.239,good,0.000,2.58,0,0,0,0,27.79,3,0.0,,,
628,0.6200,-0.1118,-0.2242,2.885,good,0.001,6.26,0,0,0,0,36.01,3,0.0,,,
629,0.6200,-0.1115,0.1310,3.003,husk,1.000,10.68,1,1,1,0,32.98,3,2.4,48,645,
630,0.6200,-0.1148,0.0174,2.693,good,0.036,4.10,0,0,0,0,42.24,3,0.0,,,
639,0.6200,-0.1163,-0.0353,2.997,good,0.001,3.62,0,0,0,0,34.65,2,0.0,,,
640,0.6200,-0.1278,0.1452,3.000,sour,1.000,14.26,1,1,1,0,34.39,1,3.2,50,651,651
641,0.6200,-0.1163,-0.1124,3.027,good,0.054,2.91,0,0,0,0,33.87,2,0.0,,,
642,0.6200,-0.1172,0.0413,2.993,good,0.001,1.61,0,0,0,0,34.94,2,0.0,,,
654,0.6200,-0.1156,0.1491,3.000,sour,1.000,14.20,1,1,1,0,34.24,1,3.2,51|50,630,
655,0.6200,-0.1058,-0.2287,3.000,good,0.003,3.40,0,0,0,0,30.96,1,0.0,,,
634,0.6240,-0.1153,-0.1105,3.061,good,0.002,3.50,0,0,0,0,33.12,3,0.0,,,
635,0.6240,-0.1158,-0.0715,2.937,good,0.000,3.21,0,0,0,0,36.19,3,0.0,,,
636,0.6240,-0.1129,0.1919,2.994,good,0.004,3.63,0,0,0,0,33.80,3,0.0,,,
637,0.6240,-0.1131,0.1240,2.943,good,0.000,2.03,0,0,0,0,35.04,3,0.0,,,
638,0.6240,-0.1203,-0.0438,2.376,good,0.018,3.58,0,0,0,0,51.31,2,0.0,,,
648,0.6240,-0.1175,-0.1244,3.414,good,0.013,2.90,0,0,0,0,26.25,2,0.0,,,
649,0.6240,-0.1197,0.0280,2.984,good,0.013,2.91,0,0,0,0,36.14,2,0.0,,,
650,0.6240,-0.1184,0.0457,3.013,good,0.000,3.20,0,0,0,0,34.96,2,0.0,,,
652,0.6240,-0.1186,-0.1358,2.995,good,0.001,4.83,0,0,0,0,35.45,2,0.0,,,
653,0.6240,-0.1191,0.1006,3.019,good,0.000,3.93,0,0,0,0,34.96,2,0.0,,,
662,0.6240,-0.1109,-0.0469,3.000,good,0.007,3.50,0,0,0,0,32.69,1,0.0,,,
663,0.6240,-0.1034,0.1531,3.000,sour,1.000,14.84,1,1,1,0,30.20,1,3.2,51,630,
643,0.6280,-0.1122,-0.0971,3.009,good,0.001,2.99,0,0,0,0,37.75,3,0.0,,,
644,0.6280,-0.1096,-0.0384,3.294,good,0.001,3.47,0,0,0,0,30.78,3,0.0,,,
645,0.6280,-0.1103,-0.2083,2.986,black,1.000,53.40,1,1,1,0,37.53,3,3.2,5,663,663
646,0.6280,-0.1085,-0.0110,3.101,broken,0.999,2.24,1,1,1,0,34.29,3,2.4,30,631,631
647,0.6280,-0.1093,0.1648,2.979,good,0.003,2.45,0,0,0,0,37.27,3,0.0,,,
651,0.6280,-0.1078,0.1502,3.040,good,0.000,2.93,0,0,0,0,35.28,3,0.0,,,
661,0.6280,-0.1197,-0.0020,2.697,stone,1.000,18.40,1,1,1,0,48.37,2,9.1,31|32|30,737,
656,0.6320,-0.1155,0.2345,3.003,good,0.001,3.41,0,0,0,0,29.16,3,0.0,,,
657,0.6320,-0.1144,-0.2064,2.992,good,0.000,2.08,0,0,0,0,28.99,3,0.0,,,
658,0.6320,-0.1144,-0.0971,3.211,good,0.000,4.69,0,0,0,0,24.05,3,0.0,,,
659,0.6320,-0.1385,-0.1044,3.000,good,0.000,2.15,0,0,0,0,28.79,1,0.0,,,
660,0.6320,-0.1106,0.1064,2.992,good,0.005,3.03,0,0,0,0,27.59,3,0.0,,,
667,0.6320,-0.1177,-0.1755,2.995,good,0.001,6.06,0,0,0,0,29.85,2,0.0,,,
668,0.6320,-0.1176,0.0709,3.000,sour,1.000,10.54,1,1,1,0,29.63,2,3.2,41|40,644,644
669,0.6320,-0.1193,0.1786,2.996,good,0.000,3.39,0,0,0,0,30.22,2,0.0,,,
664,0.6360,-0.1130,0.0418,3.013,good,0.002,2.66,0,0,0,0,36.12,3,0.0,,,
665,0.6360,-0.1128,-0.2342,3.001,good,0.001,1.94,0,0,0,0,36.28,3,0.0,,,
666,0.6360,-0.1082,0.2020,3.005,good,0.036,5.06,0,0,0,0,34.61,3,0.0,,,
674,0.6360,-0.1194,0.0508,2.997,black,1.000,46.03,1,1,1,0,38.46,2,3.2,38,656,656
675,0.6360,-0.1263,-0.0032,3.000,good,0.000,7.37,0,0,0,0,36.67,1,0.0,,,
682,0.6360,-0.1120,-0.0002,3.000,good,0.000,7.31,0,0,0,0,35.91,1,0.0,,,
670,0.6400,-0.1149,0.1618,3.007,good,0.000,3.31,0,0,0,0,35.70,3,0.0,,,
671,0.6400,-0.1162,0.1017,2.810,black,1.000,50.32,1,1,1,0,41.13,3,3.2,45|44,658,658
672,0.6400,-0.1114,0.0590,2.998,good,0.002,3.18,0,0,0,0,34.63,3,0.0,,,
673,0.6400,-0.1220,-0.2204,3.244,good,0.003,2.49,0,0,0,0,28.51,2,0.0,,,
676,0.6400,-0.1193,-0.0215,2.985,good,0.003,3.97,0,0,0,0,37.52,2,0.0,,,
677,0.6400,-0.1182,-0.0964,3.435,good,0.000,2.17,0,0,0,0,27.53,2,0.0,,,
678,0.6400,-0.1178,0.1111,3.010,good,0.000,2.68,0,0,0,0,36.35,2,0.0,,,
679,0.6400,-0.1142,-0.0053,2.998,good,0.001,6.93,0,0,0,0,35.37,2,0.0,,,
680,0.6400,-0.1157,0.2193,2.998,good,0.013,2.13,0,0,0,0,35.83,2,0.0,,,
681,0.6400,-0.1128,-0.2032,3.448,sour,1.000,19.55,1,1,1,0,25.60,2,3.2,5|6,511,
688,0.6400,-0.1090,-0.2246,3.000,good,0.001,2.47,0,0,0,0,33.52,1,0.0,,,
687,0.6440,-0.1150,-0.1898,3.162,good,0.000,3.40,0,0,0,0,35.73,2,0.0,,,
692,0.6440,-0.1044,-0.0992,3.000,good,0.000,1.85,0,0,0,0,35.85,1,0.0,,,
683,0.6480,-0.1168,0.2146,2.911,good,0.000,2.24,0,0,0,0,35.15,3,0.0,,,
684,0.6480,-0.1121,0.1928,3.022,good,0.000,3.65,0,0,0,0,30.77,3,0.0,,,
685,0.6480,-0.1083,0.0305,2.993,good,0.000,2.51,0,0,0,0,30.14,3,0.0,,,
686,0.6480,-0.1096,0.0533,2.999,good,0.003,2.32,0,0,0,0,30.41,3,0.0,,,
691,0.6480,-0.1173,0.2334,2.875,good,0.012,9.61,0,0,0,0,36.06,2,0.0,,,
689,0.6520,-0.1294,0.2306,2.609,good,0.002,5.92,0,0,0,0,42.27,2,0.0,,,
690,0.6520,-0.1111,-0.1441,3.005,good,0.000,2.38,0,0,0,0,28.52,3,0.0,,,
697,0.6520,-0.1199,0.0700,3.015,good,0.001,3.25,0,0,0,0,31.14,2,0.0,,,
698,0.6520,-0.1194,-0.0792,3.000,good,0.000,2.60,0,0,0,0,31.31,2,0.0,,,
699,0.6520,-0.1175,0.0942,3.450,good,0.000,3.08,0,0,0,0,21.20,2,0.0,,,
700,0.6520,-0.1188,0.2063,3.162,good,0.000,3.15,0,0,0,0,27.32,2,0.0,,,
701,0.6520,-0.1157,-0.0016,3.215,good,0.000,3.11,0,0,0,0,25.17,2,0.0,,,
702,0.6520,-0.1148,-0.0303,3.450,good,0.000,2.00,0,0,0,0,20.28,2,0.0,,,
703,0.6520,-0.1168,-0.1821,2.986,good,0.000,3.51,0,0,0,0,30.60,2,0.0,,,
709,0.6520,-0.1190,0.2337,3.000,good,0.083,4.72,0,0,0,0,31.00,1,0.0,,,
693,0.6560,-0.1286,0.0258,2.945,good,0.079,3.13,0,0,0,0,41.60,2,0.0,,,
694,0.6560,-0.1238,0.0813,2.916,good,0.027,3.54,0,0,0,0,40.67,2,0.0,,,
695,0.6560,-0.1096,-0.0651,3.049,good,0.000,2.11,0,0,0,0,36.62,3,0.0,,,
696,0.6560,-0.1085,0.1598,3.016,black,1.000,50.50,1,1,1,0,36.97,3,3.2,52,676,676
708,0.6560,-0.1191,0.2026,2.568,good,0.001,3.62,0,0,0,0,53.07,2,0.0,,,
716,0.6560,-0.1168,0.0216,3.000,good,0.351,2.98,0,0,0,0,40.03,1,0.0,,,
717,0.6560,-0.1121,0.0846,3.000,good,0.014,3.39,0,0,0,0,38.47,1,0.0,,,
704,0.6600,-0.1164,0.0554,2.878,good,0.001,1.45,0,0,0,0,40.79,3,0.0,,,
705,0.6600,-0.1143,0.1178,2.998,good,0.000,1.75,0,0,0,0,37.00,3,0.0,,,
706,0.6600,-0.1132,-0.0342,3.010,good,0.000,1.63,0,0,0,0,36.33,3,0.0,,,
707,0.6600,-0.1097,0.1364,3.017,good,0.000,2.68,0,0,0,0,34.97,3,0.0,,,
728,0.6600,-0.1163,-0.2082,3.000,good,0.007,3.32,0,0,0,0,37.53,1,0.0,,,
710,0.6640,-0.1143,-0.0054,2.889,good,0.026,3.04,0,0,0,0,32.89,3,0.0,,,
711,0.6640,-0.1119,-0.2034,2.678,good,0.034,6.44,0,0,0,0,37.80,3,0.0,,,
712,0.6640,-0.1122,0.1823,2.976,good,0.000,3.13,0,0,0,0,29.92,3,0.0,,,
713,0.6640,-0.1150,-0.0391,2.539,good,0.002,1.87,0,0,0,0,43.26,3,0.0,,,
714,0.6640,-0.1110,-0.1256,2.908,good,0.021,2.58,0,0,0,0,31.11,3,0.0,,,
715,0.6640,-0.1344,-0.0770,3.000,good,0.000,2.69,0,0,0,0,28.70,1,0.0,,,
724,0.6640,-0.1192,-0.1821,2.996,good,0.000,2.12,0,0,0,0,31.68,2,0.0,,,
725,0.6640,-0.1170,0.0202,2.999,good,0.000,1.88,0,0,0,0,30.83,2,0.0,,,
726,0.6640,-0.1168,0.1075,2.998,good,0.004,6.42,0,0,0,0,30.77,2,0.0,,,
727,0.6640,-0.1262,-0.0818,3.000,good,0.000,2.66,0,0,0,0,29.84,1,0.0,,,
738,0.6640,-0.1179,-0.0865,3.000,good,0.000,2.61,0,0,0,0,31.09,1,0.0,,,
718,0.6680,-0.1135,-0.0839,3.009,good,0.002,3.09,0,0,0,0,29.37,3,0.0,,,
719,0.6680,-0.1369,-0.1396,3.000,black,1.000,54.08,1,1,1,0,29.39,1,3.2,14|13,,
720,0.6680,-0.1096,0.1238,3.450,good,0.000,3.81,0,0,0,0,19.09,3,0.0,,,
721,0.6680,-0.1126,0.2183,3.000,good,0.000,3.42,0,0,0,0,29.16,3,0.0,,,
722,0.6680,-0.1086,0.0747,3.350,faded,1.000,3.99,1,1,1,0,20.51,3,3.2,41,764,764
723,0.6680,-0.1086,0.1446,3.160,good,0.000,4.01,0,0,0,0,24.24,3,0.0,,,
735,0.6680,-0.1179,-0.0141,3.082,good,0.001,1.85,0,0,0,0,28.86,2,0.0,,,
736,0.6680,-0.1170,-0.1972,3.059,good,0.032,3.38,0,0,0,0,29.06,2,0.0,,,
737,0.6680,-0.1252,-0.1363,3.000,black,1.000,54.11,1,1,1,0,29.20,1,3.2,14,,
744,0.6680,-0.1136,-0.1330,3.000,black,1.000,54.15,1,1,1,0,29.31,1,3.2,14|15,698,
745,0.6680,-0.1097,-0.0912,3.000,good,0.000,2.57,0,0,0,0,28.01,1,0.0,,,
746,0.6680,-0.1048,-0.0424,3.000,good,0.012,1.64,0,0,0,0,26.38,1,0.0,,,
729,0.6720,-0.1156,0.0204,2.998,faded,0.521,4.64,1,1,1,0,30.17,3,3.2,34,771,771
730,0.6720,-0.1146,-0.0991,3.003,good,0.001,4.76,0,0,0,0,29.65,3,0.0,,,
731,0.6720,-0.1131,-0.0666,3.001,good,0.000,2.27,0,0,0,0,29.13,3,0.0,,,
732,0.6720,-0.1127,-0.1245,3.004,good,0.000,2.07,0,0,0,0,28.89,3,0.0,,,
733,0.6720,-0.1117,0.1453,3.004,good,0.000,2.28,0,0,0,0,28.55,3,0.0,,,
734,0.6720,-0.1122,-0.0006,2.926,good,0.000,3.02,0,0,0,0,30.52,3,0.0,,,
743,0.6720,-0.1189,0.1200,2.800,good,0.001,6.70,0,0,0,0,36.18,2,0.0,,,
756,0.6720,-0.1019,-0.1297,3.000,black,1.000,54.19,1,1,1,0,25.28,1,3.2,15,698,
757,0.6720,-0.1015,-0.0959,3.000,good,0.000,2.28,0,0,0,0,25.12,1,0.0,,,
739,0.6760,-0.1134,0.0571,2.984,good,0.000,2.19,0,0,0,0,25.48,3,0.0,,,
740,0.6760,-0.1124,-0.0872,3.011,good,0.001,2.39,0,0,0,0,24.45,3,0.0,,,
741,0.6760,-0.1106,-0.0201,2.894,good,0.001,4.39,0,0,0,0,26.66,3,0.0,,,
742,0.6760,-0.1092,-0.1139,3.211,good,0.002,3.31,0,0,0,0,19.00,3,0.0,,,
752,0.6760,-0.1186,0.0764,2.995,good,0.003,2.46,0,0,0,0,26.81,2,0.0,,,
753,0.6760,-0.1177,-0.0697,2.865,good,0.004,4.67,0,0,0,0,29.74,2,0.0,,,
754,0.6760,-0.1187,-0.0481,2.992,good,0.004,2.99,0,0,0,0,26.83,2,0.0,,,
755,0.6760,-0.1053,0.2195,3.450,good,0.004,5.33,0,0,0,0,13.19,2,0.0,,,
747,0.6800,-0.1118,0.0085,3.001,good,0.001,4.31,0,0,0,0,40.69,3,0.0,,,
748,0.6800,-0.1079,0.2159,3.148,good,0.001,6.60,0,0,0,0,36.12,3,0.0,,,
749,0.6800,-0.1102,-0.1847,3.001,good,0.000,2.57,0,0,0,0,40.06,3,0.0,,,
750,0.6800,-0.1094,0.0993,3.002,good,0.000,3.37,0,0,0,0,39.73,3,0.0,,,
751,0.6800,-0.1093,0.0384,3.026,good,0.306,6.01,0,0,0,0,39.10,3,0.0,,,
762,0.6800,-0.1137,-0.1511,3.000,stick,1.000,79.69,1,1,1,0,41.12,2,2.4,12,751,751
763,0.6800,-0.1184,0.1061,2.995,good,0.000,2.49,0,0,0,0,42.74,2,0.0,,,
764,0.6800,-0.1158,0.1970,2.993,good,0.000,3.24,0,0,0,0,41.90,2,0.0,,,
758,0.6840,-0.1135,0.1477,2.984,good,0.002,7.40,0,0,0,0,36.05,3,0.0,,,
759,0.6840,-0.1127,0.1583,2.987,good,0.000,2.64,0,0,0,0,35.64,3,0.0,,,
760,0.6840,-0.1113,-0.0887,3.019,good,0.001,2.34,0,0,0,0,34.39,3,0.0,,,
761,0.6840,-0.1081,0.1850,3.005,sour,1.000,14.87,1,1,1,0,33.61,3,3.2,55,772,772
765,0.6880,-0.1143,0.1386,3.071,good,0.000,5.39,0,0,0,0,29.24,3,0.0,,,
766,0.6880,-0.1133,0.0719,3.081,insect,0.680,5.96,1,1,1,0,28.66,3,3.2,41,716,716
767,0.6880,-0.1198,-0.1583,2.127,good,0.000,3.46,0,0,0,0,62.66,3,0.0,,,
768,0.6880,-0.1124,0.0028,2.901,good,0.003,3.57,0,0,0,0,32.54,3,0.0,,,
769,0.6880,-0.1089,0.0464,3.224,good,0.001,2.29,0,0,0,0,24.06,3,0.0,,,
770,0.6880,-0.1097,0.2383,3.003,good,0.001,3.38,0,0,0,0,29.06,3,0.0,,,
771,0.6920,-0.1140,-0.1285,2.999,good,0.000,3.64,0,0,0,0,27.96,3,0.0,,,
772,0.6920,-0.1116,0.0265,3.094,good,0.000,4.82,0,0,0,0,24.94,3,0.0,,,
773,0.6920,-0.1136,0.0964,2.986,good,0.033,3.35,0,0,0,0,28.03,3,0.0,,,
774,0.6920,-0.1096,-0.0679,3.007,good,0.000,3.09,0,0,0,0,26.17,3,0.0,,,
781,0.6920,-0.1189,0.2176,2.719,broken,0.594,3.66,1,1,1,0,36.92,2,2.4,59|60,785,
782,0.6920,-0.1146,0.0024,3.415,good,0.017,4.88,0,0,0,0,19.21,2,0.0,,,
789,0.6920,-0.1008,0.0060,3.000,good,0.000,3.52,0,0,0,0,23.30,1,0.0,,,
775,0.6960,-0.1124,-0.1581,3.182,good,0.002,2.94,0,0,0,0,23.96,3,0.0,,,
776,0.6960,-0.1140,-0.2061,2.997,good,0.000,2.28,0,0,0,0,28.54,3,0.0,,,
777,0.6960,-0.1163,0.0876,2.825,good,0.001,2.41,0,0,0,0,33.64,3,0.0,,,
778,0.6960,-0.1115,0.1318,3.002,sour,1.000,24.88,1,1,1,0,27.48,3,3.2,48|49,762,
779,0.6960,-0.1239,-0.2410,2.629,good,0.001,3.09,0,0,0,0,38.11,2,0.0,,,
780,0.6960,-0.1097,0.1510,3.003,good,0.074,11.11,0,0,0,0,26.74,3,0.0,,,
788,0.6960,-0.1145,0.0635,3.005,good,0.192,15.64,0,0,0,0,28.25,2,0.0,,,
795,0.6960,-0.1133,-0.2456,3.000,good,0.001,3.21,0,0,0,0,27.97,1,0.0,,,
796,0.6960,-0.1080,0.2207,3.000,broken,0.513,3.61,1,1,1,0,26.18,1,2.4,60,785,
783,0.7000,-0.1152,0.2154,2.974,faded,0.910,9.87,1,1,1,0,31.21,3,3.2,59,824,824
784,0.7000,-0.1140,0.0051,3.004,good,0.015,2.90,0,0,0,0,30.00,3,0.0,,,
785,0.7000,-0.1109,-0.1527,3.006,good,0.000,1.92,0,0,0,0,28.88,3,0.0,,,
786,0.7000,-0.1106,0.1412,3.020,good,0.003,3.12,0,0,0,0,28.43,3,0.0,,,
787,0.7000,-0.1118,-0.0342,2.961,good,0.035,2.73,0,0,0,0,30.16,3,0.0,,,
792,0.7000,-0.1183,-0.2143,2.981,good,0.001,2.86,0,0,0,0,31.83,2,0.0,,,
793,0.7000,-0.1170,-0.0931,3.000,good,0.001,2.11,0,0,0,0,30.92,2,0.0,,,
794,0.7000,-0.1160,0.1843,3.028,good,0.000,2.03,0,0,0,0,29.88,2,0.0,,,
790,0.7040,-0.1160,-0.1176,2.717,good,0.008,5.04,0,0,0,0,49.70,3,0.0,,,
791,0.7040,-0.1088,0.2059,2.988,good,0.006,4.86,0,0,0,0,40.01,3,0.0,,,
804,0.7040,-0.1188,0.0588,3.009,good,0.000,2.43,0,0,0,0,42.77,2,0.0,,,
805,0.7040,-0.1173,0.1793,3.012,good,0.002,2.27,0,0,0,0,42.19,2,0.0,,,
797,0.7080,-0.1134,-0.2196,3.007,good,0.001,4.32,0,0,0,0,31.53,3,0.0,,,
798,0.7080,-0.1137,0.0768,3.016,good,0.000,2.50,0,0,0,0,31.36,3,0.0,,,
799,0.7080,-0.1109,-0.1678,3.246,good,0.000,2.40,0,0,0,0,25.41,3,0.0,,,
800,0.7080,-0.1107,-0.0024,3.018,good,0.000,3.50,0,0,0,0,30.24,3,0.0,,,
801,0.7080,-0.1114,0.2137,3.029,good,0.000,1.69,0,0,0,0,30.18,3,0.0,,,
802,0.7080,-0.1083,-0.0589,3.010,good,0.001,2.79,0,0,0,0,29.56,3,0.0,,,
803,0.7080,-0.1084,-0.0332,2.990,good,0.102,4.11,0,0,0,0,30.01,3,0.0,,,
809,0.7080,-0.1168,-0.0904,3.295,good,0.000,3.12,0,0,0,0,26.07,2,0.0,,,
806,0.7120,-0.1128,0.2234,2.998,good,0.000,3.72,0,0,0,0,28.77,3,0.0,,,
807,0.7120,-0.1213,-0.1016,2.676,good,0.005,3.08,0,0,0,0,36.43,2,0.0,,,
808,0.7120,-0.1106,-0.0164,2.437,sour,1.000,14.54,1,1,1,0,44.12,3,3.2,29|30,789,
817,0.7120,-0.1186,-0.1489,3.013,good,0.417,2.05,0,0,0,0,30.17,2,0.0,,,
818,0.7120,-0.1175,0.1774,3.007,good,0.001,4.31,0,0,0,0,29.95,2,0.0,,,
828,0.7120,-0.1105,-0.1047,3.000,good,0.002,3.12,0,0,0,0,27.77,1,0.0,,,
810,0.7160,-0.1124,-0.0626,3.413,good,0.000,1.48,0,0,0,0,20.64,3,0.0,,,
811,0.7160,-0.1174,0.0966,2.852,good,0.013,2.27,0,0,0,0,34.56,3,0.0,,,
812,0.7160,-0.1137,0.1734,3.024,good,0.000,3.10,0,0,0,0,28.93,3,0.0,,,
813,0.7160,-0.1144,-0.1040,3.012,good,0.000,2.31,0,0,0,0,29.43,3,0.0,,,
814,0.7160,-0.1122,-0.1337,2.663,good,0.002,2.56,0,0,0,0,37.91,3,0.0,,,
815,0.7160,-0.1105,-0.1147,2.919,good,0.000,2.19,0,0,0,0,30.30,3,0.0,,,
816,0.7160,-0.1098,0.1249,2.717,good,0.029,7.16,0,0,0,0,35.37,3,0.0,,,
825,0.7160,-0.1200,0.0859,3.063,good,0.014,3.28,0,0,0,0,29.92,2,0.0,,,
826,0.7160,-0.1177,0.0258,2.998,good,0.000,3.30,0,0,0,0,30.66,2,0.0,,,
827,0.7160,-0.1150,0.2294,3.003,good,0.004,2.88,0,0,0,0,29.66,2,0.0,,,
819,0.7200,-0.1144,0.1597,2.992,good,0.000,3.07,0,0,0,0,29.14,3,0.0,,,
820,0.7200,-0.1138,0.1143,2.893,good,0.000,2.43,0,0,0,0,31.28,3,0.0,,,
821,0.7200,-0.1123,0.0052,3.054,good,0.030,2.12,0,0,0,0,26.86,3,0.0,,,
822,0.7200,-0.1235,0.0614,2.996,sour,1.000,11.21,1,1,1,0,27.92,2,3.2,39|40,875,
823,0.7200,-0.1114,-0.1412,3.010,good,0.001,3.01,0,0,0,0,27.47,3,0.0,,,
824,0.7200,-0.1116,-0.1794,2.786,good,0.002,2.94,0,0,0,0,33.16,3,0.0,,,
835,0.7200,-0.1154,-0.1949,3.302,good,0.003,3.09,0,0,0,0,22.41,2,0.0,,,
846,0.7200,-0.1115,0.0582,3.000,sour,1.000,12.35,1,1,1,0,27.66,1,3.2,39,852,
847,0.7200,-0.1016,-0.1371,3.000,good,0.001,2.15,0,0,0,0,24.34,1,0.0,,,
848,0.7200,-0.1025,0.1302,3.000,good,0.496,3.68,0,0,0,0,24.65,1,0.0,,,
829,0.7240,-0.1376,0.0783,3.000,good,0.096,3.03,0,0,0,0,25.96,1,0.0,,,
830,0.7240,-0.1160,0.2002,2.843,shell,0.963,6.43,1,1,1,0,30.61,3,2.4,57,808,808
831,0.7240,-0.1122,0.1872,2.995,black,1.000,53.19,1,1,1,0,25.41,3,3.2,55|56,854,854
832,0.7240,-0.1098,0.0648,2.981,good,0.000,4.34,0,0,0,0,24.87,3,0.0,,,
833,0.7240,-0.1208,0.0160,3.150,good,0.001,2.25,0,0,0,0,20.53,2,0.0,,,
834,0.7240,-0.1330,0.0864,3.000,good,0.002,2.56,0,0,0,0,24.08,1,0.0,,,
841,0.7240,-0.1182,0.1735,3.376,good,0.115,3.21,0,0,0,0,19.03,2,0.0,,,
842,0.7240,-0.1198,0.0099,2.999,good,0.101,3.17,0,0,0,0,27.61,2,0.0,,,
843,0.7240,-0.1169,-0.0725,3.136,good,0.001,3.82,0,0,0,0,23.46,2,0.0,,,
844,0.7240,-0.1279,-0.1258,3.000,good,0.002,5.22,0,0,0,0,26.27,1,0.0,,,
845,0.7240,-0.1123,0.0818,2.876,good,0.063,6.39,0,0,0,0,28.08,2,0.0,,,
864,0.7240,-0.1128,-0.1287,3.000,good,0.028,4.27,0,0,0,0,25.18,1,0.0,,,
865,0.7240,-0.1082,0.0194,3.000,good,0.000,2.26,0,0,0,0,23.65,1,0.0,,,
836,0.7280,-0.1164,0.0701,2.815,faded,0.943,3.77,1,1,1,0,36.02,3,3.2,40|41,817,817
837,0.7280,-0.1114,-0.0514,3.007,good,0.000,3.12,0,0,0,0,29.36,3,0.0,,,
838,0.7280,-0.1344,-0.1346,3.000,faded,0.999,5.20,1,1,1,0,29.20,1,3.2,14,,
839,0.7280,-0.1088,0.1187,3.062,good,0.000,1.68,0,0,0,0,27.19,3,0.0,,,
840,0.7280,-0.1083,-0.1146,2.991,good,0.000,2.07,0,0,0,0,28.61,3,0.0,,,
859,0.7280,-0.1192,0.1400,3.310,good,0.436,3.79,0,0,0,0,25.16,2,0.0,,,
860,0.7280,-0.1184,0.0081,3.008,black,1.000,58.40,1,1,1,0,31.51,2,3.2,33|32,827,827
861,0.7280,-0.1182,0.2018,3.020,good,0.067,3.31,0,0,0,0,31.12,2,0.0,,,
862,0.7280,-0.1191,-0.1899,2.675,good,0.042,3.12,0,0,0,0,40.73,2,0.0,,,
863,0.7280,-0.1216,-0.1313,3.000,faded,0.999,5.32,1,1,1,0,28.68,1,3.2,15|14,,
871,0.7280,-0.1088,-0.1280,3.000,faded,0.999,5.02,1,1,1,0,28.38,1,3.2,15,847,
849,0.7320,-0.1140,-0.1244,3.007,good,0.000,1.99,0,0,0,0,28.74,3,0.0,,,
850,0.7320,-0.1102,0.1533,3.450,good,0.008,2.65,0,0,0,0,18.47,3,0.0,,,
851,0.7320,-0.1148,-0.2291,2.990,good,0.000,2.69,0,0,0,0,29.33,3,0.0,,,
852,0.7320,-0.1136,-0.1016,2.983,good,0.002,1.95,0,0,0,0,29.06,3,0.0,,,
853,0.7320,-0.1142,0.1318,2.997,good,0.023,4.13,0,0,0,0,28.90,3,0.0,,,
854,0.7320,-0.1134,0.0800,2.730,good,0.000,2.37,0,0,0,0,35.57,3,0.0,,,
855,0.7320,-0.1096,-0.0311,3.016,good,0.000,5.50,0,0,0,0,26.88,3,0.0,,,
856,0.7320,-0.1093,-0.0577,3.177,good,0.003,4.58,0,0,0,0,23.20,3,0.0,,,
857,0.7320,-0.1226,0.0922,2.791,good,0.000,2.01,0,0,0,0,33.05,2,0.0,,,
858,0.7320,-0.1098,0.1211,3.010,good,0.000,2.29,0,0,0,0,26.97,3,0.0,,,
870,0.7320,-0.1195,0.0500,2.999,good,0.287,3.17,0,0,0,0,30.42,2,0.0,,,
879,0.7320,-0.1114,0.0952,3.000,good,0.000,1.82,0,0,0,0,27.70,1,0.0,,,
880,0.7320,-0.1060,0.1446,3.000,good,0.319,3.79,0,0,0,0,25.89,1,0.0,,,
866,0.7360,-0.1105,-0.1486,3.434,insect,1.000,8.43,1,1,1,0,20.73,3,3.1,12|13,871,
867,0.7360,-0.1122,0.1835,3.110,good,0.232,9.05,0,0,0,0,27.62,3,0.0,,,
868,0.7360,-0.1094,-0.1833,2.998,good,0.000,2.26,0,0,0,0,29.15,3,0.0,,,
869,0.7360,-0.1126,0.1976,2.729,husk,1.000,39.68,1,1,1,0,37.17,3,2.4,57,861,
878,0.7360,-0.1154,0.1127,3.220,good,0.000,1.64,0,0,0,0,26.13,2,0.0,,,
872,0.7400,-0.1133,0.0976,3.007,good,0.000,2.51,0,0,0,0,29.42,3,0.0,,,
873,0.7400,-0.1126,0.0465,2.969,good,0.000,2.25,0,0,0,0,30.07,3,0.0,,,
874,0.7400,-0.1084,-0.1086,3.100,stick,1.000,60.14,1,1,1,0,25.64,3,2.4,18|17,911,
875,0.7400,-0.1266,0.0092,2.208,good,0.001,1.50,0,0,0,0,56.98,2,0.0,,,
876,0.7400,-0.1099,-0.2266,2.647,good,0.010,3.53,0,0,0,0,37.61,3,0.0,,,
877,0.7400,-0.1088,-0.0991,2.977,good,0.000,2.51,0,0,0,0,28.38,3,0.0,,,
885,0.7400,-0.1173,-0.1431,3.065,good,0.002,3.16,0,0,0,0,29.09,2,0.0,,,
886,0.7400,-0.1171,0.0777,3.006,good,0.000,2.35,0,0,0,0,30.41,2,0.0,,,
887,0.7400,-0.1160,-0.1206,3.020,good,0.000,2.30,0,0,0,0,29.66,2,0.0,,,
888,0.7400,-0.1171,-0.2387,3.009,good,0.003,3.16,0,0,0,0,30.26,2,0.0,,,
889,0.7400,-0.1284,-0.0009,3.000,good,0.466,3.55,0,0,0,0,30.25,1,0.0,,,
895,0.7400,-0.1171,0.0034,3.000,good,0.127,4.80,0,0,0,0,30.46,1,0.0,,,
881,0.7440,-0.1141,0.0381,2.975,good,0.000,2.31,0,0,0,0,30.51,3,0.0,,,
882,0.7440,-0.1136,-0.0739,3.001,good,0.001,2.25,0,0,0,0,29.64,3,0.0,,,
883,0.7440,-0.1271,0.1046,2.628,good,0.000,2.59,0,0,0,0,40.82,2,0.0,,,
884,0.7440,-0.1075,-0.1819,3.187,good,0.004,5.07,0,0,0,0,23.47,3,0.0,,,
892,0.7440,-0.1195,-0.1578,3.008,good,0.001,6.16,0,0,0,0,31.31,2,0.0,,,
894,0.7440,-0.1168,0.1524,3.002,broken,0.898,2.62,1,1,1,0,30.52,2,2.4,51,895,895
903,0.7440,-0.1166,0.1087,3.000,good,0.000,2.74,0,0,0,0,30.44,1,0.0,,,
890,0.7480,-0.1136,-0.0304,3.007,good,0.000,2.65,0,0,0,0,31.75,3,0.0,,,
891,0.7480,-0.1100,0.2136,3.195,good,0.001,2.83,0,0,0,0,26.38,3,0.0,,,
893,0.7480,-0.1100,-0.0482,3.008,good,0.000,3.26,0,0,0,0,30.41,3,0.0,,,
901,0.7480,-0.1192,-0.0534,3.007,good,0.000,2.69,0,0,0,0,33.44,2,0.0,,,
902,0.7480,-0.1185,0.0857,3.118,good,0.000,2.51,0,0,0,0,30.59,2,0.0,,,
896,0.7520,-0.1145,0.0152,3.009,good,0.000,2.32,0,0,0,0,42.63,3,0.0,,,
897,0.7520,-0.1125,-0.1470,3.030,good,0.000,1.36,0,0,0,0,41.42,3,0.0,,,
898,0.7520,-0.1107,-0.0360,3.000,good,0.001,3.04,0,0,0,0,41.47,3,0.0,,,
899,0.7520,-0.1092,-0.1576,3.029,good,0.000,3.31,0,0,0,0,40.26,3,0.0,,,
900,0.7520,-0.1228,-0.1688,2.509,good,0.000,3.00,0,0,0,0,55.95,2,0.0,,,
907,0.7520,-0.1189,-0.1941,3.394,good,0.000,2.81,0,0,0,0,35.63,2,0.0,,,
908,0.7520,-0.1178,-0.0101,3.000,good,0.000,2.35,0,0,0,0,43.67,2,0.0,,,
909,0.7520,-0.1161,0.1104,3.085,good,0.426,3.62,0,0,0,0,41.10,2,0.0,,,
913,0.7520,-0.1124,-0.1657,3.000,good,0.000,3.20,0,0,0,0,41.84,1,0.0,,,
904,0.7560,-0.1156,-0.0445,3.002,good,0.013,2.98,0,0,0,0,42.80,3,0.0,,,
905,0.7560,-0.1140,-0.0771,3.003,good,0.000,2.52,0,0,0,0,42.17,3,0.0,,,
906,0.7560,-0.1100,-0.2309,3.004,black,0.999,23.43,1,1,1,0,40.77,3,3.1,2,856|918,918
923,0.7560,-0.1037,0.1145,3.000,good,0.060,4.75,0,0,0,0,38.73,1,0.0,,,
910,0.7600,-0.1249,0.1414,2.841,shell,1.000,9.95,1,1,1,0,45.73,2,2.4,50|49,,
911,0.7600,-0.1098,-0.1457,2.974,insect,1.000,8.23,1,1,1,0,41.06,3,3.1,13,899,899
912,0.7600,-0.1090,-0.0072,2.998,faded,0.942,3.46,1,1,1,0,40.17,3,3.2,31|30,904,904
920,0.7600,-0.1196,0.2048,3.016,good,0.033,5.08,0,0,0,0,43.19,2,0.0,,,
921,0.7600,-0.1193,0.0391,2.996,good,0.417,3.58,0,0,0,0,43.57,2,0.0,,,
922,0.7600,-0.1184,-0.0187,3.159,good,0.000,3.30,0,0,0,0,39.46,2,0.0,,,
932,0.7600,-0.1135,0.1452,3.000,shell,1.000,9.47,1,1,1,0,41.46,1,2.4,50,890,
914,0.7640,-0.1135,-0.1313,3.095,good,0.028,17.48,0,0,0,0,38.95,3,0.0,,,
915,0.7640,-0.1121,-0.1891,3.000,sour,1.000,22.73,1,1,1,0,40.60,3,3.2,7,923,923
916,0.7640,-0.1107,-0.0573,3.243,sour,0.999,26.19,1,1,1,0,34.81,3,3.2,24,921,
917,0.7640,-0.1110,-0.1555,3.001,good,0.000,1.30,0,0,0,0,40.09,3,0.0,,,
918,0.7640,-0.1101,0.0721,3.000,good,0.002,3.17,0,0,0,0,39.76,3,0.0,,,
919,0.7640,-0.1098,-0.2094,3.000,good,0.001,2.55,0,0,0,0,39.64,3,0.0,,,
930,0.7640,-0.1187,-0.2415,2.981,broken,0.998,3.81,1,1,1,0,43.03,2,2.4,1|0,954,
931,0.7640,-0.1180,0.0911,3.029,good,0.000,2.23,0,0,0,0,41.58,2,0.0,,,
924,0.7680,-0.1146,-0.0432,2.922,faded,1.000,6.60,1,1,1,0,43.59,3,3.2,26,909,909
925,0.7680,-0.1141,0.1023,2.972,sour,1.000,17.17,1,1,1,0,42.11,3,3.2,45|44,938,938
926,0.7680,-0.1141,-0.0903,2.983,good,0.001,3.15,0,0,0,0,41.78,3,0.0,,,
927,0.7680,-0.1122,-0.2292,3.121,good,0.000,2.21,0,0,0,0,37.97,3,0.0,,,
928,0.7680,-0.1104,-0.1231,3.014,good,0.000,3.26,0,0,0,0,39.73,3,0.0,,,
929,0.7680,-0.1087,0.2149,2.993,good,0.001,2.43,0,0,0,0,39.61,3,0.0,,,
937,0.7680,-0.1191,0.2096,2.998,good,0.001,2.54,0,0,0,0,42.94,2,0.0,,,
938,0.7680,-0.1166,0.1113,2.986,black,1.000,55.86,1,1,1,0,42.36,2,3.2,46,933,933
933,0.7720,-0.1107,-0.0010,2.996,good,0.001,4.72,0,0,0,0,31.74,3,0.0,,,
934,0.7720,-0.1132,0.1063,2.875,good,0.000,13.83,0,0,0,0,35.55,3,0.0,,,
935,0.7720,-0.1129,-0.2036,2.583,good,0.024,3.06,0,0,0,0,43.75,3,0.0,,,
936,0.7720,-0.1094,-0.0511,3.000,black,1.000,53.70,1,1,1,0,31.08,3,3.2,25,929,929
947,0.7720,-0.1187,-0.2265,3.011,good,0.000,2.65,0,0,0,0,33.85,2,0.0,,,
948,0.7720,-0.1165,-0.1142,3.029,good,0.006,1.99,0,0,0,0,32.66,2,0.0,,,
939,0.7760,-0.1136,-0.0226,3.103,faded,0.974,6.24,1,1,1,0,27.51,3,3.2,29|28,943|946,946
940,0.7760,-0.1312,-0.1986,1.800,stone,1.000,31.62,1,1,1,0,83.03,2,9.1,6|7|5,708,
941,0.7760,-0.1170,0.0339,2.545,good,0.009,2.70,0,0,0,0,43.80,3,0.0,,,
942,0.7760,-0.1118,0.1673,2.953,good,0.001,3.07,0,0,0,0,30.21,3,0.0,,,
943,0.7760,-0.1104,0.1005,3.000,good,0.000,4.30,0,0,0,0,28.58,3,0.0,,,
944,0.7760,-0.1102,0.1247,2.996,insect,1.000,3.25,1,1,1,0,28.56,3,3.1,47|48,973,973
945,0.7760,-0.1326,0.1498,3.000,good,0.000,3.04,0,0,0,0,27.91,1,0.0,,,
946,0.7760,-0.1088,0.0137,2.998,good,0.000,2.17,0,0,0,0,27.99,3,0.0,,,
956,0.7760,-0.1289,-0.1543,3.000,good,0.001,3.52,0,0,0,0,30.63,1,0.0,,,
957,0.7760,-0.1237,0.1466,3.000,good,0.000,3.17,0,0,0,0,28.88,1,0.0,,,
965,0.7760,-0.1162,-0.1573,3.000,good,0.002,3.54,0,0,0,0,30.38,1,0.0,,,
966,0.7760,-0.1148,0.1435,3.000,good,0.000,3.17,0,0,0,0,29.90,1,0.0,,,
967,0.7760,-0.1017,0.1101,3.000,good,0.000,12.38,0,0,0,0,25.56,1,0.0,,,
949,0.7800,-0.1161,0.1516,2.988,faded,1.000,6.21,1,1,1,0,31.59,3,3.2,51,979,979
951,0.7800,-0.1114,-0.0184,2.970,good,0.002,8.07,0,0,0,0,30.34,3,0.0,,,
952,0.7800,-0.1104,-0.1345,3.021,broken,0.943,2.79,1,1,1,0,28.77,3,2.4,14,961,961
953,0.7800,-0.1096,-0.0885,2.997,good,0.000,3.75,0,0,0,0,29.00,3,0.0,,,
954,0.7800,-0.1090,0.0790,2.998,good,0.000,3.21,0,0,0,0,28.63,3,0.0,,,
955,0.7800,-0.1141,-0.2279,2.331,good,0.006,2.67,0,0,0,0,50.70,3,0.0,,,
963,0.7800,-0.1185,-0.1481,2.996,good,0.001,3.05,0,0,0,0,31.77,2,0.0,,,
964,0.7800,-0.1185,-0.1971,1.800,stone,1.000,31.76,1,1,1,0,80.19,2,9.1,6|7|5,708,
976,0.7800,-0.1058,0.1404,3.000,good,0.000,3.19,0,0,0,0,27.40,1,0.0,,,
977,0.7800,-0.1035,-0.1603,3.000,good,0.002,3.37,0,0,0,0,26.60,1,0.0,,,
978,0.7800,-0.1000,-0.0285,3.000,faded,1.000,11.23,1,1,1,0,25.43,1,2.4,28,943,
950,0.7840,-0.1129,0.2332,1.998,stone,0.794,13.19,1,1,1,0,65.58,4,7.9,61|62|60,865,
958,0.7840,-0.1110,0.1253,3.002,sour,0.999,11.70,1,1,1,0,29.25,3,3.2,48|47,968|992,968|992
959,0.7840,-0.1132,-0.0378,3.000,good,0.000,1.90,0,0,0,0,29.98,3,0.0,,,
960,0.7840,-0.1115,0.1771,2.997,good,0.000,2.66,0,0,0,0,29.47,3,0.0,,,
961,0.7840,-0.1228,-0.1771,3.011,good,0.001,3.29,0,0,0,0,28.86,2,0.0,,,
962,0.7840,-0.1088,0.1647,2.967,good,0.012,3.44,0,0,0,0,29.18,3,0.0,,,
973,0.7840,-0.1197,-0.2202,2.992,good,0.166,2.95,0,0,0,0,32.19,2,0.0,,,
974,0.7840,-0.1183,-0.1424,3.012,good,0.002,2.02,0,0,0,0,31.21,2,0.0,,,
975,0.7840,-0.1196,-0.0797,3.009,good,0.000,2.36,0,0,0,0,31.70,2,0.0,,,
984,0.7840,-0.1122,-0.1958,3.000,stone,1.000,31.42,1,1,1,0,29.42,1,9.1,6|7|5,708,
985,0.7840,-0.1108,-0.1820,3.000,good,0.001,2.91,0,0,0,0,28.96,1,0.0,,,
986,0.7840,-0.1066,-0.1446,3.000,good,0.001,3.03,0,0,0,0,27.53,1,0.0,,,
968,0.7880,-0.1150,0.1535,2.999,good,0.000,3.13,0,0,0,0,32.21,3,0.0,,,
969,0.7880,-0.1136,0.0365,3.001,good,0.000,2.71,0,0,0,0,31.64,3,0.0,,,
970,0.7880,-0.1148,0.2045,3.011,good,0.000,2.90,0,0,0,0,31.75,3,0.0,,,
971,0.7880,-0.1096,0.2333,3.203,good,0.016,17.09,0,0,0,0,25.80,3,0.0,,,
972,0.7880,-0.1083,-0.0309,2.989,good,0.001,2.36,0,0,0,0,30.04,3,0.0,,,
982,0.7880,-0.1195,-0.1235,3.004,good,0.003,4.03,0,0,0,0,33.38,2,0.0,,,
983,0.7880,-0.1181,0.0608,2.770,good,0.000,4.68,0,0,0,0,39.03,2,0.0,,,
979,0.7920,-0.1129,0.1256,2.809,insect,0.723,9.15,1,1,1,0,46.16,3,3.1,48|47,947|984,
980,0.7920,-0.1116,-0.0099,3.008,good,0.001,4.70,0,0,0,0,40.65,3,0.0,,,
981,0.7920,-0.1089,-0.0618,3.024,good,0.001,5.88,0,0,0,0,39.32,3,0.0,,,
990,0.7920,-0.1187,0.0231,3.118,good,0.002,7.90,0,0,0,0,40.34,2,0.0,,,
991,0.7920,-0.1165,0.1864,3.284,good,0.012,3.96,0,0,0,0,36.08,2,0.0,,,
992,0.7920,-0.1160,0.2045,2.997,good,0.003,7.39,0,0,0,0,42.21,2,0.0,,,
993,0.7920,-0.1178,-0.1083,3.018,good,0.003,1.94,0,0,0,0,42.26,2,0.0,,,
987,0.7960,-0.1137,0.1331,3.069,faded,1.000,5.30,1,1,1,0,30.81,3,3.2,49|48,1006,1006
988,0.7960,-0.1114,0.1137,3.000,sour,1.000,14.30,1,1,1,0,31.54,3,3.2,46,986,986
989,0.7960,-0.1097,-0.1172,3.114,good,0.024,2.24,0,0,0,0,28.36,3,0.0,,,
997,0.7960,-0.1188,-0.1547,2.995,good,0.003,4.68,0,0,0,0,34.04,2,0.0,,,
998,0.7960,-0.1190,-0.0124,3.018,faded,0.713,4.88,1,1,1,0,33.51,2,3.2,30,999,999
999,0.7960,-0.1170,0.1219,3.007,good,0.000,2.29,0,0,0,0,33.07,2,0.0,,,
1000,0.7960,-0.1172,0.1858,3.062,good,0.000,3.22,0,0,0,0,31.80,2,0.0,,,
994,0.8000,-0.1403,-0.1413,3.000,good,0.001,5.80,0,0,0,0,31.81,1,0.0,,,
995,0.8000,-0.1264,0.0195,3.088,good,0.000,2.20,0,0,0,0,28.87,2,0.0,,,
996,0.8000,-0.1132,-0.0834,2.990,good,0.000,3.32,0,0,0,0,30.82,3,0.0,,,
1004,0.8000,-0.1179,-0.1023,3.000,good,0.000,4.16,0,0,0,0,32.10,2,0.0,,,
1005,0.8000,-0.1286,-0.1443,3.000,good,0.000,5.88,0,0,0,0,31.66,1,0.0,,,
1015,0.8000,-0.1170,-0.1473,3.000,good,0.000,5.21,0,0,0,0,31.76,1,0.0,,,
1016,0.8000,-0.1140,0.0229,3.000,good,0.000,2.24,0,0,0,0,30.77,1,0.0,,,
1001,0.8040,-0.1146,0.0051,2.833,good,0.000,2.43,0,0,0,0,35.50,3,0.0,,,
1002,0.8040,-0.1208,0.0712,3.067,good,0.000,1.65,0,0,0,0,27.67,2,0.0,,,
1003,0.8040,-0.1093,0.0462,2.801,good,0.006,2.13,0,0,0,0,34.37,3,0.0,,,
1013,0.8040,-0.1194,-0.2066,3.002,good,0.008,6.84,0,0,0,0,32.68,2,0.0,,,
1014,0.8040,-0.1275,0.0793,3.000,good,0.002,4.60,0,0,0,0,31.42,1,0.0,,,
1026,0.8040,-0.1101,0.0753,3.000,good,0.174,5.26,0,0,0,0,29.59,1,0.0,,,
1027,0.8040,-0.1053,-0.1504,3.000,good,0.001,5.44,0,0,0,0,28.01,1,0.0,,,
1006,0.8080,-0.1152,-0.0682,2.954,good,0.000,2.53,0,0,0,0,29.85,3,0.0,,,
1007,0.8080,-0.1133,-0.1571,2.973,good,0.000,2.79,0,0,0,0,28.68,3,0.0,,,
1008,0.8080,-0.1118,-0.0914,2.983,good,0.003,2.41,0,0,0,0,27.86,3,0.0,,,
1009,0.8080,-0.1104,-0.0203,3.000,good,0.000,2.70,0,0,0,0,26.98,3,0.0,,,
1010,0.8080,-0.1102,0.0223,3.006,good,0.000,2.18,0,0,0,0,26.75,3,0.0,,,
1011,0.8080,-0.1106,0.1690,2.998,good,0.000,1.91,0,0,0,0,27.04,3,0.0,,,
1012,0.8080,-0.1091,-0.0317,3.100,good,0.000,3.11,0,0,0,0,24.18,3,0.0,,,
1023,0.8080,-0.1130,0.1293,3.450,good,0.007,8.90,0,0,0,0,18.46,2,0.0,,,
1025,0.8080,-0.1179,0.0792,2.720,good,0.037,1.98,0,0,0,0,36.80,2,0.0,,,
1017,0.8120,-0.1158,-0.0540,2.983,good,0.000,2.84,0,0,0,0,32.91,3,0.0,,,
1018,0.8120,-0.1127,-0.0399,3.001,faded,1.000,5.45,1,1,1,0,31.41,3,3.2,26|27,1057,1057
1019,0.8120,-0.1136,-0.2022,3.000,good,0.001,2.08,0,0,0,0,31.65,3,0.0,,,
1020,0.8120,-0.1092,0.1146,3.002,good,0.000,3.85,0,0,0,0,30.11,3,0.0,,,
1021,0.8120,-0.1108,0.1627,3.019,good,0.001,3.16,0,0,0,0,30.18,3,0.0,,,
1022,0.8120,-0.1084,-0.1308,3.013,good,0.000,2.14,0,0,0,0,29.52,3,0.0,,,
1024,0.8120,-0.1099,-0.1427,2.557,good,0.002,2.55,0,0,0,0,42.39,3,0.0,,,
1031,0.8120,-0.1191,-0.0188,3.051,faded,0.964,3.23,1,1,1,0,32.08,2,3.2,29,1034,1034
1032,0.8120,-0.1184,-0.1849,2.996,sour,1.000,14.84,1,1,1,0,33.13,2,3.2,8,1010,
1033,0.8120,-0.1125,0.1300,2.439,good,0.000,3.84,0,0,0,0,47.33,2,0.0,,,
1042,0.8120,-0.1034,-0.0716,3.000,good,0.000,2.33,0,0,0,0,27.99,1,0.0,,,
1028,0.8160,-0.1149,0.0848,2.924,good,0.007,5.03,0,0,0,0,33.26,3,0.0,,,
1029,0.8160,-0.1083,-0.2289,3.157,good,0.004,3.14,0,0,0,0,25.69,3,0.0,,,
1030,0.8160,-0.1088,-0.0851,2.958,good,0.000,3.61,0,0,0,0,30.25,3,0.0,,,
1038,0.8160,-0.1182,-0.1741,3.258,good,0.001,2.96,0,0,0,0,26.59,2,0.0,,,
1039,0.8160,-0.1181,0.1460,3.014,good,0.000,2.29,0,0,0,0,31.92,2,0.0,,,
1040,0.8160,-0.1176,-0.1828,2.967,good,0.000,1.74,0,0,0,0,32.87,2,0.0,,,
1041,0.8160,-0.1268,0.2449,3.000,good,0.006,3.43,0,0,0,0,31.14,1,0.0,,,
1034,0.8200,-0.1154,-0.1085,2.941,good,0.000,3.40,0,0,0,0,32.81,3,0.0,,,
1035,0.8200,-0.1101,-0.0436,3.004,good,0.001,2.24,0,0,0,0,29.42,3,0.0,,,
1036,0.8200,-0.1116,0.0199,3.000,insect,1.000,6.01,1,1,1,0,29.96,3,3.1,34,1050,
1037,0.8200,-0.1105,0.1524,2.975,good,0.070,3.89,0,0,0,0,30.12,3,0.0,,,
1045,0.8200,-0.1309,-0.0812,3.000,good,0.000,2.62,0,0,0,0,32.31,1,0.0,,,
1046,0.8200,-0.1172,0.0435,2.988,good,0.000,2.89,0,0,0,0,32.00,2,0.0,,,
1047,0.8200,-0.1183,0.1802,2.835,good,0.009,5.94,0,0,0,0,36.30,2,0.0,,,
1059,0.8200,-0.1180,-0.0844,3.000,good,0.000,2.52,0,0,0,0,31.92,1,0.0,,,
1043,0.8240,-0.1126,0.1218,3.039,good,0.000,1.80,0,0,0,0,29.00,3,0.0,,,
1044,0.8240,-0.1123,-0.1610,2.982,good,0.000,2.21,0,0,0,0,30.19,3,0.0,,,
1053,0.8240,-0.1198,-0.2037,2.970,good,0.000,2.16,0,0,0,0,32.93,2,0.0,,,
1054,0.8240,-0.1197,0.1081,2.988,good,0.000,2.64,0,0,0,0,32.38,2,0.0,,,
1055,0.8240,-0.1188,-0.1040,3.002,good,0.000,3.15,0,0,0,0,31.74,2,0.0,,,
1056,0.8240,-0.1167,0.0027,3.263,good,0.067,5.51,0,0,0,0,25.20,2,0.0,,,
1057,0.8240,-0.1173,0.2030,2.873,good,0.002,2.68,0,0,0,0,34.41,2,0.0,,,
1058,0.8240,-0.1157,-0.1314,3.000,good,0.001,2.55,0,0,0,0,30.65,2,0.0,,,
1070,0.8240,-0.1050,-0.0876,3.000,good,0.000,2.56,0,0,0,0,27.07,1,0.0,,,
1048,0.8280,-0.1151,0.0687,3.005,good,0.000,2.43,0,0,0,0,28.74,3,0.0,,,
1049,0.8280,-0.1144,-0.0832,2.997,good,0.001,3.16,0,0,0,0,28.68,3,0.0,,,
1050,0.8280,-0.1130,0.0939,2.870,sour,1.000,14.02,1,1,1,0,31.31,3,3.2,44|43,1066,
1051,0.8280,-0.1107,-0.0228,2.885,good,0.031,4.51,0,0,0,0,30.05,3,0.0,,,
1052,0.8280,-0.1110,-0.1802,2.887,good,0.018,2.19,0,0,0,0,30.08,3,0.0,,,
1068,0.8280,-0.1171,-0.2006,2.996,good,0.000,2.86,0,0,0,0,29.41,2,0.0,,,
1069,0.8280,-0.1120,-0.0031,2.374,good,0.001,3.63,0,0,0,0,46.19,2,0.0,,,
1060,0.8320,-0.1157,-0.0164,3.003,good,0.009,2.95,0,0,0,0,41.59,3,0.0,,,
1061,0.8320,-0.1155,0.1415,2.999,good,0.000,2.22,0,0,0,0,41.54,3,0.0,,,
1062,0.8320,-0.1264,0.0044,2.967,good,0.004,2.78,0,0,0,0,41.94,2,0.0,,,
1063,0.8320,-0.1131,0.0980,2.990,good,0.000,2.49,0,0,0,0,40.88,3,0.0,,,
1064,0.8320,-0.1106,-0.1215,3.005,good,0.000,2.56,0,0,0,0,39.68,3,0.0,,,
1065,0.8320,-0.1184,-0.1728,2.051,sour,1.000,25.71,1,1,1,0,76.06,3,3.2,9|10,960,
1066,0.8320,-0.1094,0.1520,3.000,good,0.006,1.92,0,0,0,0,39.25,3,0.0,,,
1067,0.8320,-0.1087,-0.2274,2.993,good,0.000,2.55,0,0,0,0,39.15,3,0.0,,,
1075,0.8320,-0.1174,-0.0992,2.984,good,0.000,1.80,0,0,0,0,42.22,2,0.0,,,
1083,0.8320,-0.1145,0.0010,3.000,good,0.007,2.49,0,0,0,0,40.88,1,0.0,,,
1071,0.8360,-0.1078,0.0313,3.450,good,0.005,2.56,0,0,0,0,20.61,3,0.0,,,
1072,0.8360,-0.1121,-0.1907,3.028,black,0.998,50.70,1,1,1,0,30.38,3,3.2,7,1098,
1073,0.8360,-0.1101,-0.1405,2.948,good,0.003,2.69,0,0,0,0,31.56,3,0.0,,,
1074,0.8360,-0.1085,0.1841,3.005,faded,1.000,5.26,1,1,1,0,29.61,3,3.2,55,1042,1042
1078,0.8360,-0.1161,-0.0905,3.102,good,0.065,11.36,0,0,0,0,29.84,2,0.0,,,
1079,0.8360,-0.1180,-0.1101,2.999,good,0.000,2.54,0,0,0,0,32.81,2,0.0,,,
1080,0.8360,-0.1150,0.1255,2.950,good,0.100,7.51,0,0,0,0,32.97,2,0.0,,,
1081,0.8360,-0.1174,0.0556,2.949,good,0.000,2.27,0,0,0,0,33.79,2,0.0,,,
1082,0.8360,-0.1159,0.0797,3.002,faded,0.741,3.52,1,1,1,0,31.93,2,3.2,42,1104,
1092,0.8360,-0.1055,-0.1957,3.000,good,0.004,4.87,0,0,0,0,28.49,1,0.0,,,
1076,0.8400,-0.1146,-0.1909,2.798,good,0.097,5.58,0,0,0,0,47.31,3,0.0,,,
1077,0.8400,-0.1080,-0.1551,3.082,good,0.000,2.33,0,0,0,0,38.03,3,0.0,,,
1089,0.8400,-0.1169,0.0592,2.992,good,0.000,1.39,0,0,0,0,43.00,2,0.0,,,
1090,0.8400,-0.1181,-0.0793,3.000,shell,0.999,5.99,1,1,1,0,43.17,2,2.4,21|22,1061,
1091,0.8400,-0.1155,-0.0986,3.123,good,0.000,1.85,0,0,0,0,39.43,2,0.0,,,
1084,0.8440,-0.1158,-0.0171,2.995,good,0.000,4.13,0,0,0,0,42.02,3,0.0,,,
1085,0.8440,-0.1141,0.0793,3.006,good,0.000,2.19,0,0,0,0,41.11,3,0.0,,,
1086,0.8440,-0.1133,0.1964,3.082,good,0.008,3.14,0,0,0,0,39.09,3,0.0,,,
1087,0.8440,-0.1145,-0.0793,2.891,good,0.008,3.98,0,0,0,0,44.01,3,0.0,,,
1088,0.8440,-0.1108,-0.0044,2.959,good,0.001,3.03,0,0,0,0,41.01,3,0.0,,,
1097,0.8440,-0.1195,0.2321,3.249,good,0.000,3.10,0,0,0,0,37.28,2,0.0,,,
1093,0.8480,-0.1147,-0.1330,2.980,sour,1.000,28.30,1,1,1,0,32.68,3,3.2,14|15,1103,1103
1094,0.8480,-0.1125,-0.1072,3.008,good,0.000,2.07,0,0,0,0,31.19,3,0.0,,,
1095,0.8480,-0.1134,-0.1754,3.001,good,0.006,2.52,0,0,0,0,31.65,3,0.0,,,
1096,0.8480,-0.1095,-0.0442,2.812,good,0.008,4.46,0,0,0,0,34.99,3,0.0,,,
1101,0.8480,-0.1194,0.1131,2.807,good,0.000,2.26,0,0,0,0,38.60,2,0.0,,,
1102,0.8480,-0.1152,0.1801,3.001,good,0.009,4.04,0,0,0,0,32.11,2,0.0,,,
1098,0.8520,-0.1109,-0.0330,3.031,faded,1.000,5.64,1,1,1,0,25.97,3,3.2,27,1071,1071
1099,0.8520,-0.1109,-0.2418,2.868,good,0.005,3.83,0,0,0,0,29.84,3,0.0,,,
1100,0.8520,-0.1097,0.0717,3.005,good,0.000,2.83,0,0,0,0,26.04,3,0.0,,,
1109,0.8520,-0.1186,0.1035,3.391,good,0.000,2.17,0,0,0,0,20.67,2,0.0,,,
1110,0.8520,-0.1173,-0.0217,3.275,shell,1.000,7.96,1,1,1,0,22.54,2,2.4,29,1102,
1111,0.8520,-0.1186,-0.0393,3.005,good,0.000,2.01,0,0,0,0,28.91,2,0.0,,,
1112,0.8520,-0.1139,-0.0046,3.191,good,0.000,3.84,0,0,0,0,23.16,2,0.0,,,
1103,0.8560,-0.1102,0.1737,3.450,good,0.000,2.85,0,0,0,0,31.93,3,0.0,,,
1104,0.8560,-0.1140,0.0720,2.999,good,0.000,1.72,0,0,0,0,42.31,3,0.0,,,
1105,0.8560,-0.1148,-0.1815,2.589,black,1.000,49.45,1,1,1,0,53.84,3,3.2,8,1036,
1106,0.8560,-0.1090,0.0188,3.008,good,0.000,3.07,0,0,0,0,40.32,3,0.0,,,
1107,0.8560,-0.1091,-0.0724,3.142,good,0.000,3.58,0,0,0,0,37.33,3,0.0,,,
1108,0.8560,-0.1085,-0.1960,3.135,good,0.001,2.88,0,0,0,0,37.27,3,0.0,,,
1116,0.8560,-0.1175,0.1399,3.006,good,0.000,2.23,0,0,0,0,43.08,2,0.0,,,
1117,0.8560,-0.1136,0.2158,3.000,black,0.947,23.01,1,1,1,0,41.87,2,3.2,59,1109|1117,1117
1118,0.8560,-0.1181,0.2258,2.980,good,0.001,8.06,0,0,0,0,43.83,2,0.0,,,
1119,0.8560,-0.1167,-0.2187,3.003,good,0.000,2.93,0,0,0,0,42.75,2,0.0,,,
1113,0.8600,-0.1138,-0.0508,3.005,good,0.000,2.10,0,0,0,0,31.26,3,0.0,,,
1114,0.8600,-0.1234,0.0956,3.364,good,0.002,2.54,0,0,0,0,22.46,2,0.0,,,
1115,0.8600,-0.1093,0.0241,3.121,good,0.000,2.95,0,0,0,0,27.08,3,0.0,,,
1121,0.8600,-0.1192,-0.0848,2.772,good,0.000,2.41,0,0,0,0,39.06,2,0.0,,,
1122,0.8600,-0.1180,0.0503,2.979,good,0.000,1.86,0,0,0,0,33.10,2,0.0,,,
1123,0.8600,-0.1160,0.1559,3.160,good,0.001,8.69,0,0,0,0,28.24,2,0.0,,,
1131,0.8600,-0.1099,0.0992,3.000,good,0.002,2.68,0,0,0,0,29.86,1,0.0,,,
1120,0.8640,-0.1146,-0.0639,3.022,good,0.151,3.70,0,0,0,0,29.58,3,0.0,,,
1127,0.8640,-0.1184,0.0682,3.450,good,0.000,2.91,0,0,0,0,21.82,2,0.0,,,
1128,0.8640,-0.1187,-0.1742,2.939,good,0.002,2.55,0,0,0,0,32.90,2,0.0,,,
1129,0.8640,-0.1189,0.1521,2.986,good,0.000,2.31,0,0,0,0,31.73,2,0.0,,,
1130,0.8640,-0.1183,0.0364,2.975,good,0.235,3.46,0,0,0,0,31.78,2,0.0,,,
1138,0.8640,-0.1033,0.1607,3.000,good,0.025,8.09,0,0,0,0,26.16,1,0.0,,,
1124,0.8680,-0.1144,0.0455,2.981,good,0.000,2.40,0,0,0,0,32.13,3,0.0,,,
1125,0.8680,-0.1117,0.0117,2.980,good,0.000,3.02,0,0,0,0,31.21,3,0.0,,,
1126,0.8680,-0.1121,0.2248,2.905,broken,0.948,2.20,1,1,1,0,33.13,3,2.4,60,1147,1147
1137,0.8680,-0.1195,-0.0266,3.223,good,0.009,3.55,0,0,0,0,28.13,2,0.0,,,
1132,0.8720,-0.1264,-0.1604,2.903,good,0.001,2.48,0,0,0,0,32.06,2,0.0,,,
1133,0.8720,-0.1142,-0.2018,3.023,good,0.000,2.56,0,0,0,0,28.87,3,0.0,,,
1134,0.8720,-0.1142,0.0050,2.993,good,0.003,2.97,0,0,0,0,29.52,3,0.0,,,
1135,0.8720,-0.1141,-0.0773,2.958,good,0.000,3.48,0,0,0,0,30.30,3,0.0,,,
1136,0.8720,-0.1237,-0.1516,3.218,good,0.040,3.10,0,0,0,0,23.40,2,0.0,,,
1143,0.8720,-0.1196,-0.1378,3.001,good,0.000,2.15,0,0,0,0,31.02,2,0.0,,,
1144,0.8720,-0.1149,-0.1120,3.008,good,0.000,3.66,0,0,0,0,29.20,2,0.0,,,
1152,0.8720,-0.1136,-0.1557,3.000,good,0.002,5.51,0,0,0,0,28.95,1,0.0,,,
1139,0.8760,-0.1112,-0.2073,3.001,good,0.001,2.82,0,0,0,0,40.35,3,0.0,,,
1140,0.8760,-0.1107,-0.1850,3.011,good,0.000,4.95,0,0,0,0,39.91,3,0.0,,,
1141,0.8760,-0.1102,0.2183,3.002,good,0.008,3.44,0,0,0,0,39.92,3,0.0,,,
1142,0.8760,-0.1091,-0.0034,3.022,good,0.000,1.58,0,0,0,0,39.06,3,0.0,,,
1149,0.8760,-0.1200,0.0482,2.819,sour,1.000,20.99,1,1,1,0,47.86,2,3.2,38|37,1155|1158,
1151,0.8760,-0.1173,-0.0617,2.998,faded,0.960,4.93,1,1,1,0,42.22,2,3.2,24|23,1128,1128
1145,0.8800,-0.1137,0.1653,2.997,good,0.002,2.47,0,0,0,0,41.83,3,0.0,,,
1146,0.8800,-0.1135,-0.0308,3.041,sour,1.000,20.48,1,1,1,0,40.69,3,3.2,28|27,1168,1168
1147,0.8800,-0.1124,-0.0051,2.998,good,0.002,2.30,0,0,0,0,41.24,3,0.0,,,
1148,0.8800,-0.1085,-0.1291,3.140,sour,0.691,14.58,1,1,1,0,36.77,3,3.2,15,1133|1165,1165
1150,0.8800,-0.1089,0.1107,3.005,good,0.029,11.44,0,0,0,0,39.84,3,0.0,,,
1156,0.8800,-0.1160,0.1524,3.036,good,0.413,4.92,0,0,0,0,41.46,2,0.0,,,
1153,0.8840,-0.1133,-0.1791,2.975,good,0.001,3.98,0,0,0,0,41.77,3,0.0,,,
1154,0.8840,-0.1113,-0.1400,3.024,good,0.000,3.96,0,0,0,0,39.90,3,0.0,,,
1155,0.8840,-0.1126,-0.0624,3.003,good,0.000,2.31,0,0,0,0,40.78,3,0.0,,,
1159,0.8840,-0.1199,0.1890,2.901,good,0.106,7.78,0,0,0,0,45.76,2,0.0,,,
1160,0.8840,-0.1171,-0.0453,3.072,faded,0.998,5.03,1,1,1,0,40.55,2,3.2,26|25,1176,1176
1161,0.8840,-0.1181,0.0570,2.859,good,0.000,2.15,0,0,0,0,46.13,2,0.0,,,
1162,0.8840,-0.1155,0.0974,3.008,good,0.000,3.58,0,0,0,0,41.45,2,0.0,,,
1157,0.8880,-0.1230,-0.2426,3.155,good,0.005,4.19,0,0,0,0,36.36,2,0.0,,,
1158,0.8880,-0.1098,-0.2058,2.999,good,0.006,5.82,0,0,0,0,39.57,3,0.0,,,
1169,0.8880,-0.1290,-0.1557,3.000,good,0.098,17.39,0,0,0,0,41.96,1,0.0,,,
1170,0.8880,-0.1169,-0.0328,2.978,good,0.000,3.61,0,0,0,0,42.38,2,0.0,,,
1179,0.8880,-0.1155,-0.1586,3.000,good,0.410,17.31,0,0,0,0,41.40,1,0.0,,,
1180,0.8880,-0.1134,-0.1469,3.000,good,0.000,2.69,0,0,0,0,40.70,1,0.0,,,
1163,0.8920,-0.1159,-0.1535,2.990,good,0.000,2.08,0,0,0,0,42.31,3,0.0,,,
1164,0.8920,-0.1141,-0.0814,3.001,good,0.024,2.66,0,0,0,0,41.40,3,0.0,,,
1165,0.8920,-0.1094,0.1094,3.006,black,0.999,19.98,1,1,1,0,39.67,3,3.2,46|45,1174|1202,1174|1202
1166,0.8920,-0.1132,-0.1345,2.991,good,0.001,2.87,0,0,0,0,41.04,3,0.0,,,
1167,0.8920,-0.1102,0.1959,3.016,good,0.031,5.85,0,0,0,0,39.41,3,0.0,,,
1168,0.8920,-0.1127,-0.0987,2.540,good,0.012,3.02,0,0,0,0,53.44,3,0.0,,,
1176,0.8920,-0.1189,0.1659,2.988,good,0.000,2.48,0,0,0,0,42.90,2,0.0,,,
1177,0.8920,-0.1158,0.0457,3.047,good,0.000,5.82,0,0,0,0,40.41,2,0.0,,,
1178,0.8920,-0.1180,0.1530,3.011,good,0.000,3.01,0,0,0,0,42.00,2,0.0,,,
1171,0.8960,-0.1144,-0.1318,2.982,good,0.052,4.03,0,0,0,0,41.69,3,0.0,,,
1172,0.8960,-0.1146,-0.0757,2.996,sour,1.000,16.64,1,1,1,0,41.35,3,3.2,22,1163,1163
1173,0.8960,-0.1098,-0.0670,3.322,good,0.000,2.93,0,0,0,0,32.82,3,0.0,,,
1174,0.8960,-0.1100,0.1191,3.005,good,0.001,1.80,0,0,0,0,39.49,3,0.0,,,
1175,0.8960,-0.1088,0.1402,3.203,good,0.000,2.41,0,0,0,0,34.79,3,0.0,,,
1186,0.8960,-0.1185,0.1104,2.963,good,0.000,3.51,0,0,0,0,43.28,2,0.0,,,
1187,0.8960,-0.1182,-0.1646,2.998,good,0.001,2.17,0,0,0,0,42.30,2,0.0,,,
1193,0.8960,-0.1062,0.0494,3.000,good,0.001,1.92,0,0,0,0,38.24,1,0.0,,,
1194,0.8960,-0.1005,0.0427,3.000,good,0.000,1.74,0,0,0,0,36.33,1,0.0,,,
1181,0.9000,-0.1149,0.1966,2.963,good,0.002,1.80,0,0,0,0,43.52,3,0.0,,,
1182,0.9000,-0.1265,0.1844,2.760,good,0.001,4.01,0,0,0,0,48.97,2,0.0,,,
1183,0.9000,-0.1215,0.2413,3.450,good,0.001,8.73,0,0,0,0,31.08,2,0.0,,,
1184,0.9000,-0.1110,0.1616,3.006,good,0.001,2.72,0,0,0,0,41.03,3,0.0,,,
1185,0.9000,-0.1099,-0.0431,3.047,good,0.001,4.47,0,0,0,0,39.70,3,0.0,,,
1202,0.9000,-0.1154,0.1874,3.000,good,0.001,4.06,0,0,0,0,42.60,1,0.0,,,
1203,0.9000,-0.1071,0.2445,3.000,insect,0.937,7.19,1,1,1,0,39.84,1,3.1,63,1217,
1188,0.9040,-0.1132,-0.2420,2.787,insect,0.982,3.85,1,1,1,0,44.82,3,3.1,1|0,1208,
1189,0.9040,-0.1349,-0.1910,3.000,broken,0.522,4.97,1,1,1,0,38.56,1,2.4,7,,
1190,0.9040,-0.1099,0.0371,3.077,good,0.000,2.00,0,0,0,0,36.38,3,0.0,,,
1191,0.9040,-0.1105,-0.1977,2.826,good,0.004,6.20,0,0,0,0,42.58,3,0.0,,,
1192,0.9040,-0.1099,-0.0921,3.013,good,0.012,2.85,0,0,0,0,37.68,3,0.0,,,
1197,0.9040,-0.1194,0.1969,3.168,good,0.071,7.01,0,0,0,0,37.19,2,0.0,,,
1199,0.9040,-0.1193,0.0549,3.178,good,0.000,2.52,0,0,0,0,36.88,2,0.0,,,
1200,0.9040,-0.1168,0.0230,3.007,good,0.000,2.35,0,0,0,0,39.91,2,0.0,,,
1201,0.9040,-0.1170,-0.0806,2.962,good,0.004,1.55,0,0,0,0,41.02,2,0.0,,,
1195,0.9080,-0.1317,0.0664,2.133,good,0.002,7.47,0,0,0,0,75.00,2,0.0,,,
1196,0.9080,-0.1105,-0.1645,3.009,good,0.002,3.12,0,0,0,0,40.30,3,0.0,,,
1198,0.9080,-0.1101,0.0709,2.866,black,1.000,51.96,1,1,1,0,43.61,3,3.2,41|40,1190,
1207,0.9080,-0.1198,-0.0204,3.003,good,0.002,3.27,0,0,0,0,43.42,2,0.0,,,
1209,0.9080,-0.1192,0.0443,2.996,good,0.000,3.03,0,0,0,0,43.34,2,0.0,,,
1210,0.9080,-0.1185,-0.0931,3.049,faded,0.968,4.25,1,1,1,0,41.77,2,3.2,20|19,1233,1233
1204,0.9120,-0.1135,-0.1803,2.938,good,0.000,2.86,0,0,0,0,40.21,3,0.0,,,
1205,0.9120,-0.1099,0.0526,3.013,good,0.000,3.21,0,0,0,0,37.15,3,0.0,,,
1206,0.9120,-0.1082,0.1332,3.103,good,0.000,2.89,0,0,0,0,34.55,3,0.0,,,
1208,0.9120,-0.1084,-0.0738,3.002,good,0.000,3.91,0,0,0,0,36.83,3,0.0,,,
1217,0.9120,-0.1189,0.1170,2.990,good,0.000,2.32,0,0,0,0,40.54,2,0.0,,,
1218,0.9120,-0.1180,-0.1217,3.003,good,0.004,2.54,0,0,0,0,39.93,2,0.0,,,
1219,0.9120,-0.1145,0.0625,2.136,good,0.005,7.52,0,0,0,0,67.74,2,0.0,,,
1211,0.9160,-0.1145,-0.0052,2.991,good,0.000,2.30,0,0,0,0,41.35,3,0.0,,,
1212,0.9160,-0.1161,-0.0807,2.918,good,0.001,1.77,0,0,0,0,43.65,3,0.0,,,
1213,0.9160,-0.1129,-0.0371,2.994,good,0.000,3.04,0,0,0,0,40.64,3,0.0,,,
1214,0.9160,-0.1250,-0.2362,2.916,sour,1.000,21.13,1,1,1,0,42.63,2,3.2,1,,
1215,0.9160,-0.1112,0.1900,2.994,good,0.000,1.37,0,0,0,0,39.98,3,0.0,,,
1216,0.9160,-0.1075,0.1057,3.240,good,0.000,1.93,0,0,0,0,33.43,3,0.0,,,
1226,0.9160,-0.1128,0.0259,2.997,stick,1.000,69.97,1,1,1,0,40.38,2,2.4,35,1223,1223
1227,0.9160,-0.1174,-0.1733,3.000,good,0.000,2.61,0,0,0,0,41.79,2,0.0,,,
1228,0.9160,-0.1252,-0.0253,3.000,good,0.018,4.32,0,0,0,0,40.39,1,0.0,,,
1236,0.9160,-0.1133,-0.2300,3.000,sour,1.000,20.78,1,1,1,0,40.39,1,3.2,2,1226,
1237,0.9160,-0.1094,-0.0219,3.000,good,0.050,4.27,0,0,0,0,39.10,1,0.0,,,
1238,0.9160,-0.1060,-0.1257,3.000,good,0.016,2.62,0,0,0,0,37.94,1,0.0,,,
1239,0.9160,-0.1060,0.0591,3.000,good,0.001,7.18,0,0,0,0,37.94,1,0.0,,,
1220,0.9200,-0.1086,0.0713,3.450,good,0.232,6.94,0,0,0,0,30.67,3,0.0,,,
1221,0.9200,-0.1142,-0.0503,3.002,good,0.000,2.59,0,0,0,0,41.49,3,0.0,,,
1222,0.9200,-0.1131,-0.1768,3.000,good,0.000,3.58,0,0,0,0,41.13,3,0.0,,,
1223,0.9200,-0.1112,-0.0222,3.002,good,0.000,2.68,0,0,0,0,40.37,3,0.0,,,
1224,0.9200,-0.1104,0.0372,2.994,good,0.000,2.69,0,0,0,0,40.26,3,0.0,,,
1225,0.9200,-0.1092,0.1064,2.973,good,0.002,4.28,0,0,0,0,40.31,3,0.0,,,
1233,0.9200,-0.1194,-0.1463,2.763,good,0.000,2.73,0,0,0,0,49.31,2,0.0,,,
1234,0.9200,-0.1191,-0.0313,2.994,good,0.000,4.01,0,0,0,0,43.07,2,0.0,,,
1235,0.9200,-0.1180,0.2175,3.067,good,0.169,2.49,0,0,0,0,40.92,2,0.0,,,
1245,0.9200,-0.1016,-0.2251,3.000,sour,1.000,20.83,1,1,1,0,37.03,1,3.2,3|2,1226,
1229,0.9240,-0.1152,0.2159,3.009,good,0.000,2.81,0,0,0,0,42.18,3,0.0,,,
1230,0.9240,-0.1119,-0.0660,2.999,good,0.001,4.59,0,0,0,0,41.24,3,0.0,,,
1231,0.9240,-0.1114,0.2080,2.959,good,0.001,2.20,0,0,0,0,42.01,3,0.0,,,
1232,0.9240,-0.1131,0.1591,2.510,good,0.062,4.08,0,0,0,0,55.43,3,0.0,,,
1242,0.9240,-0.1199,0.0390,3.007,good,0.031,5.87,0,0,0,0,43.61,2,0.0,,,
1243,0.9240,-0.1151,-0.0746,3.450,good,0.020,4.29,0,0,0,0,32.79,2,0.0,,,
1244,0.9240,-0.1160,0.1802,2.993,good,0.090,2.90,0,0,0,0,42.54,2,0.0,,,
1240,0.9280,-0.1089,-0.1873,2.999,good,0.050,17.86,0,0,0,0,40.43,3,0.0,,,
1241,0.9280,-0.1120,0.1593,3.001,good,0.001,2.19,0,0,0,0,41.37,3,0.0,,,
1250,0.9280,-0.1192,0.1640,3.008,good,0.001,2.97,0,0,0,0,43.54,2,0.0,,,
1251,0.9280,-0.1179,-0.0290,3.012,good,0.001,3.07,0,0,0,0,42.97,2,0.0,,,
1259,0.9280,-0.1031,0.1619,3.000,good,0.010,4.18,0,0,0,0,38.32,1,0.0,,,
1246,0.9320,-0.1228,-0.1390,3.450,black,1.000,59.44,1,1,1,0,31.52,2,3.2,14,,
1247,0.9320,-0.1111,-0.0884,3.007,good,0.000,1.86,0,0,0,0,41.07,3,0.0,,,
1248,0.9320,-0.1113,-0.0728,2.883,good,0.018,2.59,0,0,0,0,44.14,3,0.0,,,
1249,0.9320,-0.1072,0.1778,3.230,good,0.086,2.58,0,0,0,0,34.94,3,0.0,,,
1258,0.9320,-0.1170,-0.1536,3.015,good,0.010,2.84,0,0,0,0,42.73,2,0.0,,,
1266,0.9320,-0.1083,-0.1353,3.000,black,1.000,59.44,1,1,1,0,40.18,1,3.2,14,1267,
1252,0.9360,-0.1293,-0.1441,2.618,good,0.007,2.21,0,0,0,0,53.94,2,0.0,,,
1253,0.9360,-0.1146,-0.1162,2.999,good,0.002,2.00,0,0,0,0,41.87,3,0.0,,,
1254,0.9360,-0.1137,-0.2328,2.989,good,0.001,2.83,0,0,0,0,41.76,3,0.0,,,
1255,0.9360,-0.1116,0.1028,2.996,good,0.001,2.32,0,0,0,0,40.88,3,0.0,,,
1256,0.9360,-0.1128,0.1988,2.882,good,0.000,2.70,0,0,0,0,44.02,3,0.0,,,
1257,0.9360,-0.1090,0.1387,3.003,good,0.023,3.54,0,0,0,0,39.73,3,0.0,,,
1264,0.9360,-0.1183,0.2281,3.015,faded,1.000,5.19,1,1,1,0,42.51,2,3.2,61|60,1244,1244
1265,0.9360,-0.1156,0.1189,2.939,good,0.001,2.15,0,0,0,0,43.43,2,0.0,,,
1273,0.9360,-0.1188,-0.1472,3.000,good,0.001,2.14,0,0,0,0,42.99,1,0.0,,,
1274,0.9360,-0.1050,-0.1569,3.000,good,0.007,2.98,0,0,0,0,38.38,1,0.0,,,
1260,0.9400,-0.1157,-0.0112,2.896,good,0.340,17.95,0,0,0,0,43.88,3,0.0,,,
1261,0.9400,-0.1128,0.0902,3.057,good,0.000,2.78,0,0,0,0,38.94,3,0.0,,,
1262,0.9400,-0.1088,-0.2099,2.883,good,0.029,5.24,0,0,0,0,41.74,3,0.0,,,
1263,0.9400,-0.1091,-0.1914,2.842,good,0.000,2.11,0,0,0,0,42.81,3,0.0,,,
1267,0.9400,-0.1182,-0.0464,3.105,good,0.031,19.39,1,1,1,0,39.49,2,9.0,26|25|27,1268|1279|1290|1294,1279|1290|1294
1271,0.9400,-0.1162,-0.1826,3.009,good,0.002,2.37,0,0,0,0,41.00,2,0.0,,,
1272,0.9400,-0.1273,-0.0829,3.000,shell,1.000,15.33,1,1,1,0,40.91,1,2.4,21,,
1287,0.9400,-0.1120,-0.0855,3.000,shell,1.000,15.27,1,1,1,0,39.80,1,2.4,21|20,1392,
1268,0.9440,-0.1124,0.0807,3.000,good,0.001,3.62,0,0,0,0,39.44,3,0.0,,,
1269,0.9440,-0.1087,-0.1260,3.144,good,0.000,2.78,0,0,0,0,34.98,3,0.0,,,
1270,0.9440,-0.1103,0.0201,3.013,good,0.002,3.25,0,0,0,0,38.33,3,0.0,,,
1280,0.9440,-0.1188,-0.1761,3.156,good,0.000,2.02,0,0,0,0,37.82,2,0.0,,,
1282,0.9440,-0.1195,0.0689,3.000,sour,1.000,18.23,1,1,1,0,41.61,2,3.2,40|41,1288,1288
1284,0.9440,-0.1178,-0.1657,3.155,good,0.003,1.96,0,0,0,0,37.44,2,0.0,,,
1285,0.9440,-0.1305,-0.0333,3.000,stone,0.998,12.06,1,1,1,0,41.21,1,9.0,27|28|26,,
1286,0.9440,-0.1168,-0.1521,3.011,good,0.000,2.20,0,0,0,0,40.36,2,0.0,,,
1299,0.9440,-0.1165,0.1992,3.000,good,0.000,1.85,0,0,0,0,40.49,1,0.0,,,
1275,0.9480,-0.1156,-0.1331,2.998,good,0.000,2.70,0,0,0,0,39.33,3,0.0,,,
1276,0.9480,-0.1142,0.2062,3.011,insect,1.000,4.21,1,1,1,0,38.49,3,3.1,58,1272,1272
1277,0.9480,-0.1101,0.1671,3.040,good,0.000,2.92,0,0,0,0,36.40,3,0.0,,,
1278,0.9480,-0.1321,0.1967,3.000,good,0.004,6.78,0,0,0,0,36.66,1,0.0,,,
1279,0.9480,-0.1102,-0.0987,3.006,good,0.000,2.36,0,0,0,0,37.15,3,0.0,,,
1281,0.9480,-0.1093,-0.0036,2.759,good,0.002,2.71,0,0,0,0,43.07,3,0.0,,,
1283,0.9480,-0.1079,0.0270,2.942,good,0.181,2.61,0,0,0,0,37.86,3,0.0,,,
1294,0.9480,-0.1181,0.1542,2.999,good,0.000,2.81,0,0,0,0,39.88,2,0.0,,,
1295,0.9480,-0.1180,-0.2214,3.018,good,0.000,2.21,0,0,0,0,39.32,2,0.0,,,
1296,0.9480,-0.1189,-0.1986,2.911,insect,0.693,5.33,1,1,1,0,42.27,2,3.2,6,1326,
1297,0.9480,-0.1138,0.1924,2.683,good,0.017,5.33,0,0,0,0,46.74,2,0.0,,,
1298,0.9480,-0.1221,-0.0296,3.000,stone,0.998,11.98,1,1,1,0,37.04,1,9.1,28|27|29,,
1315,0.9480,-0.1136,-0.0258,3.000,stone,0.998,12.20,1,1,1,0,38.21,1,8.9,28|29|27,1120,
1288,0.9520,-0.1137,0.0672,3.000,faded,0.524,3.49,1,1,1,0,39.56,3,3.2,40,1343,1343
1289,0.9520,-0.1123,0.1056,3.001,good,0.000,2.78,0,0,0,0,38.96,3,0.0,,,
1290,0.9520,-0.1237,-0.0776,3.141,broken,0.889,1.63,1,1,1,0,35.39,2,2.4,22|21,,
1291,0.9520,-0.1114,-0.0619,3.000,good,0.030,3.34,0,0,0,0,38.61,3,0.0,,,
1292,0.9520,-0.1095,0.1754,3.017,good,0.000,3.42,0,0,0,0,37.56,3,0.0,,,
1293,0.9520,-0.1073,0.1389,3.262,good,0.004,3.41,0,0,0,0,31.61,3,0.0,,,
1305,0.9520,-0.1189,0.1929,2.922,good,0.015,5.37,0,0,0,0,42.93,2,0.0,,,
1307,0.9520,-0.1194,0.0060,2.992,good,0.000,1.67,0,0,0,0,41.32,2,0.0,,,
1308,0.9520,-0.1306,-0.0259,3.000,black,1.000,46.88,1,1,1,0,40.85,1,3.2,28,,
1309,0.9520,-0.1174,-0.0958,2.991,good,0.000,3.19,0,0,0,0,40.56,2,0.0,,,
1310,0.9520,-0.1176,0.0974,3.017,good,0.002,2.31,0,0,0,0,40.00,2,0.0,,,
1311,0.9520,-0.1164,-0.1450,3.158,good,0.030,7.34,0,0,0,0,36.36,2,0.0,,,
1312,0.9520,-0.1165,0.0567,2.998,good,0.001,1.88,0,0,0,0,40.00,2,0.0,,,
1313,0.9520,-0.1159,0.2058,3.083,good,0.010,5.25,0,0,0,0,37.78,2,0.0,,,
1314,0.9520,-0.1163,0.0469,2.823,good,0.050,3.87,0,0,0,0,44.36,2,0.0,,,
1322,0.9520,-0.1192,-0.0301,3.000,black,1.000,54.22,1,1,1,0,40.79,1,3.2,28|27,1275|1298,1275
1323,0.9520,-0.1110,-0.0734,3.000,broken,0.751,1.62,1,1,1,0,38.04,1,2.4,22,1338,
1324,0.9520,-0.1073,-0.2017,3.000,insect,0.931,5.46,1,1,1,0,36.79,1,3.1,6|5,1326,
1325,0.9520,-0.1052,-0.0221,3.000,stone,0.999,12.22,1,1,1,0,36.08,1,9.0,29|28|30,1120,
1300,0.9560,-0.1161,0.2124,3.004,good,0.001,3.64,0,0,0,0,40.70,3,0.0,,,
1301,0.9560,-0.1152,0.1211,2.906,good,0.028,2.86,0,0,0,0,42.76,3,0.0,,,
1302,0.9560,-0.1141,-0.2444,2.999,good,0.001,2.17,0,0,0,0,40.07,3,0.0,,,
1303,0.9560,-0.1124,-0.0481,2.825,good,0.000,2.60,0,0,0,0,43.83,3,0.0,,,
1304,0.9560,-0.1095,0.0760,3.000,good,0.000,2.17,0,0,0,0,38.40,3,0.0,,,
1306,0.9560,-0.1075,-0.0342,3.087,black,1.000,111.75,1,1,1,0,35.76,2,3.2,27,1275,
1320,0.9560,-0.1144,0.1502,3.450,good,0.000,2.30,0,0,0,0,30.61,2,0.0,,,
1321,0.9560,-0.1120,-0.2115,3.450,good,0.008,2.84,0,0,0,0,29.89,2,0.0,,,
1333,0.9560,-0.1169,-0.1013,3.000,husk,1.000,9.84,1,1,1,0,40.72,1,2.4,19|18,1506,
1316,0.9600,-0.1150,0.2436,3.160,good,0.001,2.93,0,0,0,0,38.64,3,0.0,,,
1317,0.9600,-0.1144,0.0414,3.001,good,0.003,2.97,0,0,0,0,42.02,3,0.0,,,
1318,0.9600,-0.1103,-0.0151,2.989,good,0.001,3.49,0,0,0,0,40.91,3,0.0,,,
1319,0.9600,-0.1088,-0.1795,2.941,faded,0.999,4.12,1,1,1,0,41.50,3,3.2,9|8,1300,1300
1330,0.9600,-0.1168,0.1990,3.007,good,0.005,2.89,0,0,0,0,42.52,2,0.0,,,
1331,0.9600,-0.1168,0.2072,3.044,good,0.016,3.49,0,0,0,0,41.62,2,0.0,,,
1332,0.9600,-0.1166,-0.2291,3.003,broken,0.904,5.02,1,1,1,0,42.50,2,2.4,2,1303,1303
1326,0.9640,-0.1142,-0.1233,2.966,good,0.000,2.19,0,0,0,0,43.54,3,0.0,,,
1327,0.9640,-0.1148,-0.0277,2.770,good,0.000,2.96,0,0,0,0,48.81,3,0.0,,,
1328,0.9640,-0.1108,-0.0727,3.047,good,0.030,3.11,0,0,0,0,40.40,3,0.0,,,
1329,0.9640,-0.1106,-0.0988,2.699,good,0.000,3.07,0,0,0,0,49.19,3,0.0,,,
1340,0.9640,-0.1159,-0.0055,2.998,faded,0.981,3.64,1,1,1,0,43.15,2,3.2,31,1305,
1334,0.9680,-0.1142,0.1591,3.000,good,0.000,2.96,0,0,0,0,42.51,3,0.0,,,
1335,0.9680,-0.1126,0.2157,2.995,good,0.007,1.98,0,0,0,0,42.06,3,0.0,,,
1336,0.9680,-0.1079,0.1218,3.306,good,0.000,3.08,0,0,0,0,33.92,3,0.0,,,
1337,0.9680,-0.1100,-0.2361,3.000,good,0.000,2.49,0,0,0,0,40.98,3,0.0,,,
1338,0.9680,-0.1088,-0.1520,3.000,good,0.000,2.99,0,0,0,0,40.55,3,0.0,,,
1339,0.9680,-0.1089,0.0932,2.985,good,0.003,3.41,0,0,0,0,40.92,3,0.0,,,
1343,0.9680,-0.1127,0.0050,3.450,good,0.000,9.75,0,0,0,0,32.53,2,0.0,,,
1351,0.9680,-0.1039,-0.0021,3.000,faded,0.989,3.65,1,1,1,0,38.85,1,3.2,31,1305,
1341,0.9720,-0.1145,-0.1998,2.995,good,0.001,2.05,0,0,0,0,43.34,3,0.0,,,
1342,0.9720,-0.1113,-0.0469,3.001,good,0.000,6.21,0,0,0,0,42.08,3,0.0,,,
1349,0.9720,-0.1193,0.1039,2.998,good,0.014,2.70,0,0,0,0,44.76,2,0.0,,,
1350,0.9720,-0.1172,0.2170,3.032,good,0.002,4.67,0,0,0,0,43.23,2,0.0,,,
1344,0.9760,-0.1112,-0.1394,3.194,good,0.001,5.38,0,0,0,0,38.19,3,0.0,,,
1345,0.9760,-0.1154,0.0597,2.981,good,0.000,2.65,0,0,0,0,44.25,3,0.0,,,
1346,0.9760,-0.1122,0.2097,3.000,good,0.018,4.36,0,0,0,0,42.67,3,0.0,,,
1347,0.9760,-0.1103,0.0115,3.002,good,0.000,3.25,0,0,0,0,41.97,3,0.0,,,
1348,0.9760,-0.1079,0.1950,3.287,good,0.004,5.05,0,0,0,0,35.14,3,0.0,,,
1355,0.9760,-0.1187,-0.0448,3.450,good,0.370,5.19,0,0,0,0,35.23,2,0.0,,,
1357,0.9760,-0.1191,0.0709,3.094,good,0.000,2.55,0,0,0,0,42.64,2,0.0,,,
1358,0.9760,-0.1174,0.1344,3.001,good,0.005,2.64,0,0,0,0,44.23,2,0.0,,,
1352,0.9800,-0.1127,-0.1288,3.004,good,0.002,2.19,0,0,0,0,41.56,3,0.0,,,
1353,0.9800,-0.1104,0.0270,3.025,good,0.000,3.39,0,0,0,0,40.24,3,0.0,,,
1354,0.9800,-0.1101,0.0861,3.060,good,0.000,3.61,0,0,0,0,39.27,3,0.0,,,
1356,0.9800,-0.1157,-0.0182,2.018,good,0.006,2.73,0,0,0,0,77.47,3,0.0,,,
1359,0.9840,-0.1122,-0.1835,2.972,good,0.000,2.26,0,0,0,0,42.67,3,0.0,,,
1364,0.9840,-0.1174,-0.2138,2.794,good,0.002,3.36,0,0,0,0,49.01,2,0.0,,,
1365,0.9840,-0.1163,-0.0588,3.120,good,0.420,2.91,0,0,0,0,40.48,2,0.0,,,
1360,0.9880,-0.1149,-0.0564,2.996,good,0.000,2.60,0,0,0,0,42.07,3,0.0,,,
1361,0.9880,-0.1118,0.1331,2.993,sour,1.000,17.12,1,1,1,0,41.06,3,3.2,49|48,1336,1336
1362,0.9880,-0.1076,-0.0736,3.115,good,0.001,6.42,0,0,0,0,36.88,3,0.0,,,
1363,0.9880,-0.1132,0.0244,2.267,good,0.000,10.84,0,0,0,0,64.24,3,0.0,,,
1366,0.9880,-0.1187,-0.1774,2.852,black,0.900,21.61,1,1,1,0,46.83,2,3.2,9,1364|1406,1364
1370,0.9880,-0.1190,-0.2385,3.450,good,0.002,2.87,0,0,0,0,33.59,2,0.0,,,
1371,0.9880,-0.1194,0.0874,3.091,good,0.001,2.88,0,0,0,0,41.04,2,0.0,,,
1367,0.9920,-0.1086,-0.1412,2.955,husk,1.000,13.29,1,1,1,0,40.58,3,2.4,13|14,1378,
1368,0.9920,-0.1092,0.1139,2.998,good,0.000,1.82,0,0,0,0,39.66,3,0.0,,,
1369,0.9920,-0.1242,0.1847,2.116,good,0.000,3.69,0,0,0,0,71.83,2,0.0,,,
1377,0.9920,-0.1316,-0.0125,3.000,good,0.000,7.14,0,0,0,0,43.03,1,0.0,,,
1378,0.9920,-0.1191,0.1394,2.766,good,0.000,2.51,0,0,0,0,49.00,2,0.0,,,
1379,0.9920,-0.1176,0.2186,2.998,good,0.003,2.13,0,0,0,0,42.34,2,0.0,,,
1380,0.9920,-0.1165,0.0043,2.996,good,0.000,1.98,0,0,0,0,41.97,2,0.0,,,
1381,0.9920,-0.1169,0.2275,3.005,good,0.000,1.84,0,0,0,0,41.83,2,0.0,,,
1382,0.9920,-0.1168,-0.0425,2.982,shell,1.000,10.74,1,1,1,0,42.32,2,2.4,26,1419,1419
1389,0.9920,-0.1178,-0.0089,3.000,good,0.000,7.27,0,0,0,0,42.21,1,0.0,,,
1390,0.9920,-0.1158,0.1821,3.000,good,0.000,3.60,0,0,0,0,41.53,1,0.0,,,
1372,0.9960,-0.1147,-0.0738,3.028,good,0.000,1.85,0,0,0,0,41.04,3,0.0,,,
1373,0.9960,-0.1130,-0.1326,2.996,good,0.000,3.10,0,0,0,0,41.15,3,0.0,,,
1374,0.9960,-0.1138,0.0728,2.994,good,0.000,1.61,0,0,0,0,41.40,3,0.0,,,
1375,0.9960,-0.1110,-0.2111,2.971,good,0.004,3.52,0,0,0,0,40.98,3,0.0,,,
1376,0.9960,-0.1085,-0.1669,2.996,good,0.000,2.64,0,0,0,0,39.51,3,0.0,,,
1399,0.9960,-0.1039,-0.0052,3.000,good,0.000,7.13,0,0,0,0,37.88,1,0.0,,,
1383,1.0000,-0.1392,-0.1522,3.000,black,1.000,48.64,1,1,1,0,42.10,1,3.2,12,,
1384,1.0000,-0.1161,-0.1641,2.627,good,0.008,3.42,0,0,0,0,52.45,3,0.0,,,
1385,1.0000,-0.1120,0.1691,2.993,good,0.000,2.01,0,0,0,0,40.99,3,0.0,,,
1386,1.0000,-0.1106,-0.2066,2.864,good,0.000,2.74,0,0,0,0,43.64,3,0.0,,,
1387,1.0000,-0.1090,-0.0436,3.000,faded,0.999,6.59,1,1,1,0,39.71,3,3.2,26,1373,1373
1388,1.0000,-0.1086,0.0948,3.000,good,0.000,2.44,0,0,0,0,39.53,3,0.0,,,
1395,1.0000,-0.1311,-0.1563,3.000,black,1.000,48.83,1,1,1,0,43.04,1,3.2,11|12,,
1396,1.0000,-0.1180,-0.0996,2.993,broken,0.713,3.28,1,1,1,0,42.78,2,2.4,19,1386,1386
1397,1.0000,-0.1173,0.2061,3.450,good,0.006,4.40,0,0,0,0,32.89,2,0.0,,,
1398,1.0000,-0.1175,0.0041,2.989,good,0.000,1.81,0,0,0,0,42.66,2,0.0,,,
1391,1.0040,-0.1244,0.1818,3.275,good,0.001,3.28,0,0,0,0,34.48,2,0.0,,,
1392,1.0040,-0.1135,0.1927,2.994,good,0.000,2.25,0,0,0,0,41.20,3,0.0,,,
1393,1.0040,-0.1106,-0.0503,3.000,faded,0.999,4.34,1,1,1,0,40.07,3,3.2,25,1425,
1394,1.0040,-0.1091,0.1107,2.933,good,0.000,1.84,0,0,0,0,41.09,3,0.0,,,
1406,1.0040,-0.1175,-0.1796,2.976,good,0.000,2.20,0,0,0,0,42.84,2,0.0,,,
1407,1.0040,-0.1163,-0.2004,2.996,broken,0.988,2.36,1,1,1,0,41.90,2,2.4,6,1398,1398
1408,1.0040,-0.1168,0.2140,2.996,good,0.001,2.73,0,0,0,0,42.02,2,0.0,,,
1409,1.0040,-0.1231,-0.1604,3.000,black,1.000,49.22,1,1,1,0,40.00,1,3.2,11,,
1419,1.0040,-0.1149,-0.1645,3.000,black,1.000,49.45,1,1,1,0,41.29,1,3.2,10|11,1349,
1420,1.0040,-0.1113,0.1782,3.000,good,0.001,3.28,0,0,0,0,40.07,1,0.0,,,
1400,1.0080,-0.1138,-0.2062,3.147,good,0.010,3.22,0,0,0,0,38.32,3,0.0,,,
1401,1.0080,-0.1115,-0.0642,3.450,good,0.004,3.59,0,0,0,0,31.62,3,0.0,,,
1402,1.0080,-0.1136,-0.1907,2.970,good,0.032,3.28,0,0,0,0,42.22,3,0.0,,,
1403,1.0080,-0.1110,-0.1393,3.025,good,0.000,4.18,0,0,0,0,40.02,3,0.0,,,
1404,1.0080,-0.1099,-0.0155,3.003,good,0.024,3.00,0,0,0,0,40.10,3,0.0,,,
1405,1.0080,-0.1124,0.1243,2.810,good,0.001,5.84,0,0,0,0,45.72,3,0.0,,,
1413,1.0080,-0.1198,0.1044,3.188,good,0.000,2.20,0,0,0,0,39.05,2,0.0,,,
1414,1.0080,-0.1198,0.1726,3.005,good,0.004,2.88,0,0,0,0,43.21,2,0.0,,,
1415,1.0080,-0.1170,-0.2297,3.088,good,0.001,3.66,0,0,0,0,40.29,2,0.0,,,
1416,1.0080,-0.1168,-0.1115,2.999,good,0.001,1.81,0,0,0,0,42.28,2,0.0,,,
1417,1.0080,-0.1281,0.1297,3.000,good,0.004,4.59,0,0,0,0,42.02,1,0.0,,,
1418,1.0080,-0.1167,-0.2202,2.992,good,0.000,3.63,0,0,0,0,42.40,2,0.0,,,
1424,1.0080,-0.1069,-0.1686,3.000,black,1.000,49.84,1,1,1,0,38.91,1,3.2,10,1349,
1410,1.0120,-0.1129,-0.1000,3.240,good,0.000,2.42,0,0,0,0,36.23,3,0.0,,,
1411,1.0120,-0.1120,0.0098,3.080,good,0.014,7.69,0,0,0,0,39.26,3,0.0,,,
1412,1.0120,-0.1106,-0.0251,3.012,good,0.000,3.81,0,0,0,0,40.29,3,0.0,,,
1423,1.0120,-0.1185,0.1187,3.011,sour,1.000,21.41,1,1,1,0,42.90,2,3.2,47|46,1397,1397
1433,1.0120,-0.1178,0.0022,3.000,good,0.000,2.42,0,0,0,0,42.90,1,0.0,,,
1434,1.0120,-0.1013,-0.2100,3.000,good,0.020,3.45,0,0,0,0,37.40,1,0.0,,,
1421,1.0160,-0.1155,-0.0116,2.966,good,0.000,3.40,0,0,0,0,43.24,3,0.0,,,
1422,1.0160,-0.1082,-0.0765,3.300,good,0.001,3.73,0,0,0,0,33.62,3,0.0,,,
1427,1.0160,-0.1196,0.0971,2.986,good,0.002,7.21,0,0,0,0,44.03,2,0.0,,,
1430,1.0160,-0.1192,-0.0748,3.176,good,0.004,2.38,0,0,0,0,39.47,2,0.0,,,
1431,1.0160,-0.1190,0.2273,2.999,good,0.000,2.06,0,0,0,0,43.42,2,0.0,,,
1432,1.0160,-0.1061,-0.1207,3.450,good,0.000,2.57,0,0,0,0,30.10,2,0.0,,,
1425,1.0200,-0.1151,0.0909,2.999,good,0.000,2.50,0,0,0,0,42.38,3,0.0,,,
1426,1.0200,-0.1162,0.1851,2.970,black,1.000,49.36,1,1,1,0,43.41,3,3.2,55,1449,1449
1428,1.0200,-0.1121,0.1293,3.007,good,0.001,15.57,0,0,0,0,41.06,3,0.0,,,
1429,1.0200,-0.1089,-0.1686,2.998,good,0.070,4.26,0,0,0,0,40.19,3,0.0,,,
1441,1.0200,-0.1166,-0.1604,3.018,sour,1.000,19.57,1,1,1,0,42.25,2,3.2,11,1412,1412
1442,1.0200,-0.1165,-0.0542,3.039,good,0.028,2.74,0,0,0,0,41.66,2,0.0,,,
1443,1.0200,-0.1163,-0.1196,3.000,sour,1.000,12.76,1,1,1,0,42.49,2,3.2,16,1418,1418
1435,1.0240,-0.1179,-0.2356,2.750,good,0.001,3.47,0,0,0,0,48.71,3,0.0,,,
1436,1.0240,-0.1240,-0.0872,2.580,good,0.000,2.99,0,0,0,0,52.25,2,0.0,,,
1437,1.0240,-0.1105,0.0993,3.004,good,0.000,2.49,0,0,0,0,39.48,3,0.0,,,
1438,1.0240,-0.1109,0.1419,2.866,good,0.006,7.56,0,0,0,0,42.94,3,0.0,,,
1439,1.0240,-0.1126,0.0748,2.365,good,0.000,9.86,0,0,0,0,59.20,3,0.0,,,
1440,1.0240,-0.1108,0.1608,2.640,good,0.000,2.30,0,0,0,0,49.14,3,0.0,,,
1446,1.0240,-0.1191,0.1809,3.162,good,0.001,6.03,0,0,0,0,38.55,2,0.0,,,
1447,1.0240,-0.1174,0.1699,3.011,good,0.000,2.51,0,0,0,0,41.39,2,0.0,,,
1456,1.0240,-0.1137,-0.0903,3.000,good,0.000,2.99,0,0,0,0,40.43,1,0.0,,,
1444,1.0280,-0.1148,0.0739,2.998,good,0.130,3.03,0,0,0,0,42.35,3,0.0,,,
1445,1.0280,-0.1136,-0.1855,2.517,good,0.005,9.45,0,0,0,0,55.52,3,0.0,,,
1455,1.0280,-0.1163,-0.0579,3.056,good,0.006,3.11,0,0,0,0,41.38,2,0.0,,,
1462,1.0280,-0.1027,0.1667,3.000,good,0.003,7.03,0,0,0,0,38.19,1,0.0,,,
1448,1.0320,-0.1159,0.2069,2.908,good,0.001,2.56,0,0,0,0,45.40,3,0.0,,,
1449,1.0320,-0.1066,-0.1484,3.450,husk,1.000,36.69,1,1,1,0,30.96,3,2.4,13|12,1561,
1450,1.0320,-0.1384,0.2370,3.000,good,0.002,2.86,0,0,0,0,42.52,1,0.0,,,
1451,1.0320,-0.1131,0.1837,2.893,insect,0.994,8.24,1,1,1,0,44.70,3,3.1,55,1456,
1452,1.0320,-0.1113,-0.1263,2.939,good,0.009,6.47,0,0,0,0,42.82,3,0.0,,,
1453,1.0320,-0.1119,0.1540,2.998,good,0.002,2.04,0,0,0,0,41.57,3,0.0,,,
1454,1.0320,-0.1132,0.0794,2.794,good,0.006,5.97,0,0,0,0,47.16,3,0.0,,,
1459,1.0320,-0.1198,-0.2405,3.003,good,0.002,2.04,0,0,0,0,44.02,2,0.0,,,
1460,1.0320,-0.1302,0.2342,3.000,good,0.003,2.75,0,0,0,0,43.56,1,0.0,,,
1461,1.0320,-0.1174,-0.0553,3.065,good,0.000,2.94,0,0,0,0,41.73,2,0.0,,,
1457,1.0360,-0.1087,-0.1149,3.000,good,0.002,9.38,0,0,0,0,40.99,3,0.0,,,
1458,1.0360,-0.1231,0.1793,3.003,good,0.000,2.30,0,0,0,0,41.65,2,0.0,,,
1467,1.0360,-0.1171,-0.1454,3.158,good,0.000,2.70,0,0,0,0,40.07,2,0.0,,,
1468,1.0360,-0.1166,0.1584,2.995,good,0.000,1.59,0,0,0,0,43.59,2,0.0,,,
1469,1.0360,-0.1221,0.2315,3.000,good,0.005,2.74,0,0,0,0,41.29,1,0.0,,,
1475,1.0360,-0.1139,0.2287,3.000,good,0.002,2.64,0,0,0,0,42.56,1,0.0,,,
1476,1.0360,-0.1068,0.1815,3.000,good,0.194,9.68,0,0,0,0,40.20,1,0.0,,,
1463,1.0400,-0.1194,0.1492,2.530,good,0.038,3.83,0,0,0,0,57.36,3,0.0,,,
1464,1.0400,-0.1133,0.1262,2.999,good,0.000,3.37,0,0,0,0,41.72,3,0.0,,,
1465,1.0400,-0.1106,0.0401,2.762,good,0.000,5.27,0,0,0,0,46.78,3,0.0,,,
1466,1.0400,-0.1223,0.2368,2.128,good,0.002,3.24,0,0,0,0,70.95,2,0.0,,,
1474,1.0400,-0.1170,-0.2041,2.990,good,0.000,3.64,0,0,0,0,43.05,2,0.0,,,
1486,1.0400,-0.1138,0.2403,3.000,good,0.002,3.25,0,0,0,0,41.70,1,0.0,,,
1487,1.0400,-0.1057,0.2260,3.000,good,0.004,2.64,0,0,0,0,39.02,1,0.0,,,
1488,1.0400,-0.1045,-0.1420,3.000,good,0.000,2.36,0,0,0,0,38.61,1,0.0,,,
1470,1.0440,-0.1157,0.0538,3.004,good,0.000,3.15,0,0,0,0,40.99,3,0.0,,,
1471,1.0440,-0.1146,0.0344,3.000,good,0.000,3.98,0,0,0,0,40.66,3,0.0,,,
1472,1.0440,-0.1089,-0.1433,2.986,good,0.000,3.83,0,0,0,0,39.05,3,0.0,,,
1473,1.0440,-0.1085,-0.1020,2.999,good,0.000,2.56,0,0,0,0,38.59,3,0.0,,,
1483,1.0440,-0.1185,-0.0574,2.993,good,0.000,2.42,0,0,0,0,42.02,2,0.0,,,
1484,1.0440,-0.1170,0.0120,2.961,good,0.003,3.04,0,0,0,0,42.28,2,0.0,,,
1485,1.0440,-0.1159,-0.2039,2.963,good,0.000,2.21,0,0,0,0,41.80,2,0.0,,,
1477,1.0480,-0.1131,0.0582,3.006,good,0.000,2.96,0,0,0,0,39.84,3,0.0,,,
1478,1.0480,-0.1171,-0.2029,2.482,good,0.133,3.99,0,0,0,0,56.32,3,0.0,,,
1479,1.0480,-0.1132,-0.2389,2.760,insect,1.000,3.98,1,1,1,0,45.92,3,3.1,1,1510,
1480,1.0480,-0.1090,-0.1178,3.169,sour,1.000,14.62,1,1,1,0,34.55,3,3.2,16|17,1457,1457
1481,1.0480,-0.1086,-0.0187,3.196,insect,1.000,5.83,1,1,1,0,33.84,3,3.1,29,1525,
1482,1.0480,-0.1085,0.2387,3.002,good,0.000,3.43,0,0,0,0,37.96,3,0.0,,,
1495,1.0480,-0.1119,0.1658,3.170,good,0.038,11.43,0,0,0,0,35.31,2,0.0,,,
1496,1.0480,-0.1159,0.2270,2.945,good,0.008,5.66,0,0,0,0,41.77,2,0.0,,,
1497,1.0480,-0.1157,-0.0925,3.002,good,0.004,2.49,0,0,0,0,40.29,2,0.0,,,
1489,1.0520,-0.1152,-0.0407,2.941,good,0.001,3.82,0,0,0,0,43.02,3,0.0,,,
1490,1.0520,-0.1132,-0.2222,3.028,black,1.000,50.86,1,1,1,0,40.22,3,3.2,3,1508,
1491,1.0520,-0.1187,-0.1282,2.333,good,0.000,2.57,0,0,0,0,63.49,3,0.0,,,
1492,1.0520,-0.1112,-0.0606,3.011,good,0.000,3.91,0,0,0,0,39.83,3,0.0,,,
1493,1.0520,-0.1121,-0.1753,3.004,good,0.038,3.01,0,0,0,0,40.27,3,0.0,,,
1494,1.0520,-0.1123,-0.1565,2.681,good,0.024,2.94,0,0,0,0,48.80,3,0.0,,,
1500,1.0520,-0.1187,0.1057,3.450,good,0.001,7.09,0,0,0,0,32.97,2,0.0,,,
1504,1.0520,-0.1185,-0.0160,3.055,good,0.020,7.24,0,0,0,0,41.08,2,0.0,,,
1505,1.0520,-0.1191,0.0342,2.958,insect,1.000,6.53,1,1,1,0,43.61,2,3.1,36,1485,1485
1506,1.0520,-0.1198,-0.1128,2.660,good,0.000,3.06,0,0,0,0,52.09,2,0.0,,,
1507,1.0520,-0.1163,-0.0255,3.008,good,0.000,2.52,0,0,0,0,41.32,2,0.0,,,
1514,1.0520,-0.1071,-0.1996,3.000,good,0.022,4.17,0,0,0,0,38.46,1,0.0,,,
1498,1.0560,-0.1162,0.2020,2.968,good,0.044,2.66,0,0,0,0,42.61,3,0.0,,,
1499,1.0560,-0.1190,-0.2117,2.341,insect,1.000,4.92,1,1,1,0,63.28,3,3.1,4|5,1488,
1501,1.0560,-0.1179,-0.1297,2.228,good,0.002,2.99,0,0,0,0,67.47,3,0.0,,,
1502,1.0560,-0.1103,0.0751,3.009,good,0.000,2.22,0,0,0,0,39.52,3,0.0,,,
1503,1.0560,-0.1095,0.2229,2.995,good,0.000,2.06,0,0,0,0,39.54,3,0.0,,,
1511,1.0560,-0.1198,-0.0335,3.013,good,0.003,4.30,0,0,0,0,42.47,2,0.0,,,
1512,1.0560,-0.1283,0.0353,3.000,good,0.000,2.79,0,0,0,0,41.63,1,0.0,,,
1513,1.0560,-0.1166,0.0997,2.382,good,0.001,3.29,0,0,0,0,60.46,2,0.0,,,
1508,1.0600,-0.1158,-0.0617,2.972,good,0.000,2.47,0,0,0,0,42.97,3,0.0,,,
1510,1.0600,-0.1134,0.1695,3.013,good,0.006,2.75,0,0,0,0,41.12,3,0.0,,,
1520,1.0600,-0.1159,-0.0239,3.450,sour,1.000,13.81,1,1,1,0,32.85,2,3.2,28|29,1547,
1529,1.0600,-0.1090,-0.1265,3.000,good,0.001,2.98,0,0,0,0,39.89,1,0.0,,,
1530,1.0600,-0.1071,0.0967,3.000,good,0.000,3.27,0,0,0,0,39.26,1,0.0,,,
1509,1.0640,-0.1202,0.0361,2.491,good,0.001,2.67,0,0,0,0,54.05,3,0.0,,,
1515,1.0640,-0.1157,0.2442,2.820,good,0.015,7.85,0,0,0,0,46.12,3,0.0,,,
1516,1.0640,-0.1165,-0.1401,2.553,good,0.011,2.63,0,0,0,0,54.35,3,0.0,,,
1517,1.0640,-0.1119,0.1870,3.000,good,0.001,1.88,0,0,0,0,40.14,3,0.0,,,
1518,1.0640,-0.1098,0.0785,2.998,good,0.001,2.59,0,0,0,0,39.47,3,0.0,,,
1519,1.0640,-0.1092,0.2172,3.023,good,0.000,1.75,0,0,0,0,38.64,3,0.0,,,
1524,1.0640,-0.1197,0.1135,2.990,good,0.000,2.10,0,0,0,0,42.89,2,0.0,,,
1525,1.0640,-0.1177,-0.0664,3.333,good,0.000,2.68,0,0,0,0,34.70,2,0.0,,,
1526,1.0640,-0.1178,0.0008,3.017,good,0.000,2.62,0,0,0,0,41.54,2,0.0,,,
1527,1.0640,-0.1170,-0.2229,2.988,good,0.001,2.85,0,0,0,0,41.91,2,0.0,,,
1528,1.0640,-0.1161,-0.0256,2.794,black,1.000,51.11,1,1,1,0,46.60,2,3.2,28,1517,1517
1540,1.0640,-0.1101,0.0398,3.000,good,0.000,2.67,0,0,0,0,39.29,1,0.0,,,
1541,1.0640,-0.1020,-0.0209,3.000,sour,1.000,14.74,1,1,1,0,36.58,1,3.2,29,1547,
1521,1.0680,-0.1154,0.0933,3.005,good,0.000,2.17,0,0,0,0,27.33,3,0.0,,,
1522,1.0680,-0.1131,-0.1965,2.973,good,0.000,2.46,0,0,0,0,27.22,3,0.0,,,
1523,1.0680,-0.1134,-0.0952,3.000,good,0.000,3.47,0,0,0,0,26.64,3,0.0,,,
1537,1.0680,-0.1179,-0.1664,3.429,sour,1.000,19.72,1,1,1,0,19.01,2,3.2,10,1559,
1538,1.0680,-0.1184,-0.1763,3.004,good,0.009,2.18,0,0,0,0,28.14,2,0.0,,,
1539,1.0680,-0.1157,0.0160,3.015,good,0.166,3.05,0,0,0,0,26.92,2,0.0,,,
1553,1.0680,-0.1000,0.0439,3.000,good,0.004,2.75,0,0,0,0,22.04,1,0.0,,,
1531,1.0720,-0.1130,0.1335,3.000,good,0.000,3.26,0,0,0,0,39.19,3,0.0,,,
1532,1.0720,-0.1131,0.2269,3.000,good,0.000,1.85,0,0,0,0,39.15,3,0.0,,,
1533,1.0720,-0.1105,-0.0515,2.972,good,0.021,7.10,0,0,0,0,38.89,3,0.0,,,
1534,1.0720,-0.1100,0.0475,2.996,faded,1.000,6.19,1,1,1,0,38.14,3,3.2,38|37,1566,1566
1535,1.0720,-0.1100,0.0849,3.001,good,0.000,2.09,0,0,0,0,37.92,3,0.0,,,
1536,1.0720,-0.1086,0.1974,2.982,good,0.000,3.51,0,0,0,0,37.86,3,0.0,,,
1549,1.0720,-0.1189,-0.1545,3.306,good,0.162,4.27,0,0,0,0,34.07,2,0.0,,,
1550,1.0720,-0.1199,-0.1666,2.985,good,0.000,2.41,0,0,0,0,41.48,2,0.0,,,
1551,1.0720,-0.1189,-0.1339,2.999,good,0.000,2.25,0,0,0,0,40.79,2,0.0,,,
1552,1.0720,-0.1165,0.2421,2.885,good,0.000,2.51,0,0,0,0,42.81,2,0.0,,,
1542,1.0760,-0.1161,-0.2285,3.010,good,0.069,2.01,0,0,0,0,29.62,3,0.0,,,
1543,1.0760,-0.1148,-0.1448,2.998,good,0.000,2.40,0,0,0,0,29.40,3,0.0,,,
1545,1.0760,-0.1133,-0.0114,2.933,good,0.459,2.58,0,0,0,0,30.44,3,0.0,,,
1546,1.0760,-0.1118,0.1287,3.013,good,0.000,2.34,0,0,0,0,27.98,3,0.0,,,
1547,1.0760,-0.1089,0.0791,3.340,good,0.003,1.89,0,0,0,0,20.18,3,0.0,,,
1548,1.0760,-0.1087,0.1968,3.003,good,0.000,2.66,0,0,0,0,27.09,3,0.0,,,
1556,1.0760,-0.1199,0.2194,2.997,good,0.005,4.34,0,0,0,0,30.95,2,0.0,,,
1557,1.0760,-0.1192,-0.1012,2.905,good,0.355,3.90,0,0,0,0,32.98,2,0.0,,,
1558,1.0760,-0.1192,-0.0398,2.977,good,0.000,1.84,0,0,0,0,31.13,2,0.0,,,
1559,1.0760,-0.1183,-0.1300,2.954,good,0.022,2.24,0,0,0,0,31.38,2,0.0,,,
1560,1.0760,-0.1178,0.0613,3.023,good,0.000,2.64,0,0,0,0,29.48,2,0.0,,,
1544,1.0800,-0.1111,0.1427,2.280,good,0.001,4.95,0,0,0,0,52.08,4,0.0,,,
1554,1.0800,-0.1155,0.0792,2.799,good,0.000,3.18,0,0,0,0,36.43,3,0.0,,,
1555,1.0800,-0.1116,0.1282,2.968,good,0.000,2.55,0,0,0,0,30.69,3,0.0,,,
1565,1.0800,-0.1184,0.2098,3.114,husk,1.000,7.71,1,1,1,0,29.48,2,2.4,58|59,1590,1590
1566,1.0800,-0.1190,-0.0196,2.999,good,0.001,3.10,0,0,0,0,32.31,2,0.0,,,
1567,1.0800,-0.1123,-0.0910,3.450,broken,0.993,9.77,1,1,1,0,20.77,2,2.4,20,1583,
1573,1.0800,-0.1078,-0.0976,3.000,good,0.036,3.98,0,0,0,0,28.48,1,0.0,,,
1561,1.0840,-0.1144,0.1940,3.013,good,0.470,4.17,0,0,0,0,29.27,3,0.0,,,
1562,1.0840,-0.1136,-0.0291,3.010,good,0.006,3.00,0,0,0,0,29.00,3,0.0,,,
1563,1.0840,-0.1136,-0.1839,2.556,good,0.004,2.85,0,0,0,0,41.56,3,0.0,,,
1564,1.0840,-0.1105,-0.1740,2.820,good,0.004,4.09,0,0,0,0,32.60,3,0.0,,,
1570,1.0840,-0.1198,0.0842,3.094,good,0.014,5.50,0,0,0,0,28.97,2,0.0,,,
1568,1.0880,-0.1126,-0.1643,2.892,good,0.001,3.67,0,0,0,0,32.14,3,0.0,,,
1569,1.0880,-0.1108,-0.1769,3.105,good,0.009,4.20,0,0,0,0,26.43,3,0.0,,,
1571,1.0880,-0.1085,-0.1165,3.056,good,0.000,1.84,0,0,0,0,26.72,3,0.0,,,
1572,1.0880,-0.1112,0.0703,2.563,good,0.000,2.10,0,0,0,0,40.83,3,0.0,,,
1577,1.0880,-0.1167,0.1745,2.999,good,0.000,3.22,0,0,0,0,30.62,2,0.0,,,
1574,1.0920,-0.1120,0.0010,3.246,good,0.000,2.78,0,0,0,0,26.45,3,0.0,,,
1575,1.0920,-0.1107,0.0221,2.972,good,0.019,4.02,0,0,0,0,31.98,3,0.0,,,
1576,1.0920,-0.1100,-0.2103,2.507,good,0.082,6.11,0,0,0,0,44.79,3,0.0,,,
1582,1.0920,-0.1165,0.1304,3.033,good,0.000,3.25,0,0,0,0,32.40,2,0.0,,,
1578,1.0960,-0.1133,0.0303,3.012,faded,0.934,4.91,1,1,1,0,32.70,3,3.2,35|36,1608,1608
1579,1.0960,-0.1168,0.0078,2.608,good,0.000,2.43,0,0,0,0,44.91,3,0.0,,,
1580,1.0960,-0.1117,-0.0648,2.994,good,0.000,2.57,0,0,0,0,32.45,3,0.0,,,
1581,1.0960,-0.1112,0.0990,3.001,good,0.008,3.41,0,0,0,0,32.09,3,0.0,,,
1589,1.0960,-0.1191,0.2376,3.002,good,0.000,2.12,0,0,0,0,34.67,2,0.0,,,
1590,1.0960,-0.1181,0.1614,2.938,good,0.000,2.31,0,0,0,0,35.85,2,0.0,,,
1583,1.1000,-0.1153,0.2235,3.048,stick,1.000,32.79,1,1,1,0,30.79,3,2.4,60,1592,1592
1584,1.1000,-0.1124,-0.0509,3.002,sour,1.000,14.19,1,1,1,0,30.82,3,3.2,25,1637,1637
1585,1.1000,-0.1123,-0.1771,3.010,good,0.000,2.87,0,0,0,0,30.52,3,0.0,,,
1586,1.1000,-0.1082,-0.0913,3.316,good,0.105,3.13,0,0,0,0,22.74,3,0.0,,,
1587,1.1000,-0.1115,-0.1425,2.744,insect,0.718,7.09,1,1,1,0,37.01,3,3.2,13,1613|1686,
1588,1.1000,-0.1093,0.0383,2.961,sour,1.000,18.63,1,1,1,0,30.56,3,3.2,36|37,1582|1587,1582|1587
1592,1.1000,-0.1147,-0.2250,2.920,good,0.170,10.50,0,0,0,0,33.35,2,0.0,,,
1594,1.1000,-0.1188,0.2138,3.000,good,0.000,1.87,0,0,0,0,32.73,2,0.0,,,
1595,1.1000,-0.1284,-0.1381,3.000,good,0.001,3.21,0,0,0,0,31.90,1,0.0,,,
1591,1.1040,-0.1112,-0.0998,3.106,good,0.017,3.79,0,0,0,0,26.43,3,0.0,,,
1593,1.1040,-0.1079,0.2392,3.136,good,0.001,4.95,0,0,0,0,24.67,3,0.0,,,
1601,1.1040,-0.1194,0.1567,3.016,good,0.000,3.56,0,0,0,0,31.05,2,0.0,,,
1613,1.1040,-0.1002,-0.1738,3.000,good,0.000,2.67,0,0,0,0,25.02,1,0.0,,,
1596,1.1080,-0.1119,-0.1372,3.007,good,0.005,2.93,0,0,0,0,30.30,3,0.0,,,
1597,1.1080,-0.1111,0.2058,3.008,broken,0.781,6.62,1,1,1,0,29.96,3,2.4,58,1619,1619
1598,1.1080,-0.1053,-0.0885,3.450,good,0.000,4.46,0,0,0,0,19.20,3,0.0,,,
1599,1.1080,-0.1342,0.0336,3.000,good,0.001,3.55,0,0,0,0,29.77,1,0.0,,,
1600,1.1080,-0.1092,0.0146,2.824,good,0.000,5.28,0,0,0,0,33.72,3,0.0,,,
1609,1.1080,-0.1312,0.0267,3.000,good,0.000,1.96,0,0,0,0,32.70,1,0.0,,,
1610,1.1080,-0.1153,0.1799,2.972,good,0.000,2.52,0,0,0,0,32.07,2,0.0,,,
1611,1.1080,-0.1148,0.2144,3.197,good,0.299,5.62,0,0,0,0,26.75,2,0.0,,,
1612,1.1080,-0.1222,0.0383,3.000,good,0.001,3.58,0,0,0,0,29.65,1,0.0,,,
1622,1.1080,-0.1184,0.0307,3.000,good,0.000,2.36,0,0,0,0,32.36,1,0.0,,,
1623,1.1080,-0.1102,0.0429,3.000,good,0.001,3.54,0,0,0,0,29.64,1,0.0,,,
1602,1.1120,-0.1159,-0.2352,3.000,good,0.000,3.18,0,0,0,0,31.03,3,0.0,,,
1603,1.1120,-0.1139,0.1118,3.081,good,0.000,2.98,0,0,0,0,28.43,3,0.0,,,
1604,1.1120,-0.1078,-0.0592,3.309,good,0.001,5.94,0,0,0,0,21.75,3,0.0,,,
1605,1.1120,-0.1103,-0.0278,2.998,faded,0.512,3.81,1,1,1,0,29.08,3,3.2,28,1629,1629
1606,1.1120,-0.1095,-0.1912,2.986,good,0.000,2.84,0,0,0,0,29.00,3,0.0,,,
1607,1.1120,-0.1083,-0.2175,3.008,good,0.000,3.32,0,0,0,0,28.05,3,0.0,,,
1608,1.1120,-0.1090,-0.0463,3.000,good,0.001,3.06,0,0,0,0,28.44,3,0.0,,,
1618,1.1120,-0.1181,0.1510,2.972,stick,1.000,76.94,1,1,1,0,32.14,2,2.4,51,1601,1601
1619,1.1120,-0.1194,-0.1741,2.641,good,0.003,2.16,0,0,0,0,41.77,2,0.0,,,
1620,1.1120,-0.1168,0.0390,3.015,good,0.002,2.92,0,0,0,0,30.57,2,0.0,,,
1621,1.1120,-0.1171,0.1275,2.887,good,0.000,4.32,0,0,0,0,33.86,2,0.0,,,
1629,1.1120,-0.1056,0.0348,3.000,good,0.000,2.32,0,0,0,0,27.16,1,0.0,,,
1614,1.1160,-0.1149,0.1213,3.118,good,0.003,2.15,0,0,0,0,29.13,3,0.0,,,
1615,1.1160,-0.1121,-0.1626,3.233,good,0.000,2.45,0,0,0,0,25.77,3,0.0,,,
1616,1.1160,-0.1120,0.1563,3.031,good,0.001,3.38,0,0,0,0,30.06,3,0.0,,,
1617,1.1160,-0.1101,0.0772,3.041,good,0.000,2.55,0,0,0,0,29.18,3,0.0,,,
1625,1.1160,-0.1189,0.0298,2.938,good,0.000,2.90,0,0,0,0,34.54,2,0.0,,,
1626,1.1160,-0.1177,-0.2431,2.944,good,0.057,4.83,0,0,0,0,33.95,2,0.0,,,
1627,1.1160,-0.1292,-0.1981,3.000,good,0.001,1.78,0,0,0,0,32.40,1,0.0,,,
1628,1.1160,-0.1149,-0.1499,3.041,sour,0.999,16.24,1,1,1,0,30.59,2,3.2,12|13,1632|1647,1632
1636,1.1160,-0.1170,-0.2011,3.000,good,0.000,1.79,0,0,0,0,32.25,1,0.0,,,
1624,1.1200,-0.1150,0.2057,3.004,good,0.396,3.84,0,0,0,0,31.17,3,0.0,,,
1634,1.1200,-0.1162,-0.0876,3.078,good,0.001,2.50,0,0,0,0,29.79,2,0.0,,,
1635,1.1200,-0.1166,-0.0752,2.994,good,0.001,2.08,0,0,0,0,31.86,2,0.0,,,
1648,1.1200,-0.1049,-0.2041,3.000,good,0.001,2.20,0,0,0,0,27.79,1,0.0,,,
1630,1.1240,-0.1120,0.1639,2.924,good,0.000,2.71,0,0,0,0,33.02,3,0.0,,,
1631,1.1240,-0.1104,-0.0268,3.003,good,0.004,2.36,0,0,0,0,30.54,3,0.0,,,
1632,1.1240,-0.1084,0.1318,3.071,good,0.001,3.76,0,0,0,0,28.31,3,0.0,,,
1633,1.1240,-0.1085,0.0994,2.898,good,0.161,6.18,0,0,0,0,32.29,3,0.0,,,
1644,1.1240,-0.1196,-0.0175,2.996,good,0.000,2.55,0,0,0,0,33.62,2,0.0,,,
1645,1.1240,-0.1187,-0.0000,2.996,good,0.000,2.04,0,0,0,0,33.31,2,0.0,,,
1646,1.1240,-0.1170,-0.2175,2.985,good,0.004,2.59,0,0,0,0,32.96,2,0.0,,,
1647,1.1240,-0.1144,-0.1849,3.143,good,0.000,2.80,0,0,0,0,28.43,2,0.0,,,
1655,1.1240,-0.1039,-0.0842,3.000,good,0.001,2.50,0,0,0,0,28.18,1,0.0,,,
1637,1.1280,-0.1152,-0.2347,3.002,good,0.000,2.35,0,0,0,0,27.59,3,0.0,,,
1638,1.1280,-0.1154,-0.1377,2.931,good,0.000,3.33,0,0,0,0,29.33,3,0.0,,,
1639,1.1280,-0.1145,-0.0495,3.003,good,0.000,2.13,0,0,0,0,27.21,3,0.0,,,
1640,1.1280,-0.1124,0.0549,3.008,good,0.000,1.59,0,0,0,0,26.34,3,0.0,,,
1641,1.1280,-0.1126,-0.1539,2.967,good,0.116,3.32,0,0,0,0,27.37,3,0.0,,,
1642,1.1280,-0.1115,0.1636,3.000,good,0.000,6.91,0,0,0,0,26.17,3,0.0,,,
1643,1.1280,-0.1352,0.2367,3.000,good,0.418,7.36,0,0,0,0,26.05,1,0.0,,,
1652,1.1280,-0.1184,-0.0062,3.003,good,0.001,3.45,0,0,0,0,28.34,2,0.0,,,
1653,1.1280,-0.1189,0.0918,2.684,good,0.000,2.30,0,0,0,0,37.12,2,0.0,,,
1654,1.1280,-0.1234,0.2397,3.000,good,0.547,6.97,1,1,1,0,26.04,1,3.0,62,,
1661,1.1280,-0.1116,0.2428,3.000,insect,0.762,7.51,1,1,1,0,26.07,1,3.1,63|62,1656,
1650,1.1320,-0.1132,-0.0619,2.988,good,0.000,1.92,0,0,0,0,28.88,3,0.0,,,
1651,1.1320,-0.1105,0.1995,3.002,good,0.374,3.59,0,0,0,0,27.56,3,0.0,,,
1659,1.1320,-0.1310,-0.0260,3.000,good,0.014,7.03,0,0,0,0,30.46,1,0.0,,,
1660,1.1320,-0.1180,0.1627,2.998,insect,1.000,4.67,1,1,1,0,30.12,2,3.1,52|53,1621,
1672,1.1320,-0.1197,-0.0294,3.000,good,0.001,2.58,0,0,0,0,30.62,1,0.0,,,
1673,1.1320,-0.1194,-0.0210,3.000,good,0.014,3.35,0,0,0,0,30.49,1,0.0,,,
1649,1.1360,-0.1116,0.0150,2.280,good,0.014,5.77,0,0,0,0,52.70,4,0.0,,,
1656,1.1360,-0.1124,-0.0710,3.355,faded,1.000,4.27,1,1,1,0,23.15,3,3.2,22|23,1712,1712
1657,1.1360,-0.1142,-0.1629,3.001,good,0.000,3.00,0,0,0,0,31.18,3,0.0,,,
1658,1.1360,-0.1102,0.2076,2.994,good,0.012,8.08,0,0,0,0,29.95,3,0.0,,,
1668,1.1360,-0.1192,-0.1249,2.977,faded,0.711,3.82,1,1,1,0,33.34,2,3.2,16|15,1664,
1669,1.1360,-0.1192,0.2271,3.005,good,0.017,4.05,0,0,0,0,32.61,2,0.0,,,
1670,1.1360,-0.1184,-0.0130,3.000,good,0.001,1.88,0,0,0,0,32.42,2,0.0,,,
1671,1.1360,-0.1176,-0.0230,2.978,good,0.000,4.25,0,0,0,0,32.66,2,0.0,,,
1662,1.1400,-0.1195,-0.2162,2.479,good,0.006,2.80,0,0,0,0,49.95,3,0.0,,,
1663,1.1400,-0.1159,-0.0688,2.976,good,0.000,2.50,0,0,0,0,33.91,3,0.0,,,
1664,1.1400,-0.1145,-0.1823,2.765,good,0.066,6.86,0,0,0,0,38.88,3,0.0,,,
1665,1.1400,-0.1121,0.1398,3.125,good,0.003,3.00,0,0,0,0,29.14,3,0.0,,,
1666,1.1400,-0.1140,-0.1138,2.994,good,0.000,2.36,0,0,0,0,32.74,3,0.0,,,
1667,1.1400,-0.1083,-0.2365,3.010,good,0.003,6.41,0,0,0,0,30.42,3,0.0,,,
1674,1.1400,-0.1172,0.0746,3.220,good,0.000,2.11,0,0,0,0,28.61,2,0.0,,,
1686,1.1400,-0.1078,-0.1823,3.000,broken,1.000,4.60,1,1,1,0,30.43,1,2.4,8,1612,1612
1680,1.1440,-0.1191,-0.2099,2.992,good,0.000,2.06,0,0,0,0,31.58,2,0.0,,,
1681,1.1440,-0.1157,-0.1444,3.450,good,0.046,2.92,0,0,0,0,20.81,2,0.0,,,
1682,1.1440,-0.1174,-0.1868,3.000,good,0.000,2.14,0,0,0,0,30.70,2,0.0,,,
1683,1.1440,-0.1178,0.0137,2.997,good,0.000,2.27,0,0,0,0,30.89,2,0.0,,,
1684,1.1440,-0.1179,0.0957,2.996,good,0.000,8.77,0,0,0,0,30.91,2,0.0,,,
1685,1.1440,-0.1227,0.1465,3.000,good,0.006,8.40,0,0,0,0,28.41,1,0.0,,,
1675,1.1480,-0.1265,0.1533,3.325,sour,1.000,23.03,1,1,1,0,23.10,2,3.2,51,,
1676,1.1480,-0.1133,-0.0582,3.093,good,0.000,2.01,0,0,0,0,27.88,3,0.0,,,
1677,1.1480,-0.1077,-0.0705,3.450,black,1.000,48.79,1,1,1,0,19.07,3,3.2,22|23,1693,
1678,1.1480,-0.1107,0.0607,2.969,good,0.002,2.85,0,0,0,0,29.78,3,0.0,,,
1679,1.1480,-0.1089,-0.2245,3.003,broken,0.631,2.88,1,1,1,0,28.31,3,2.4,3,1729,1729
1691,1.1480,-0.1188,-0.2340,3.246,faded,0.989,7.57,1,1,1,0,26.15,2,3.2,2|1,1671,1671
1692,1.1480,-0.1192,-0.1253,2.996,good,0.000,2.70,0,0,0,0,31.84,2,0.0,,,
1698,1.1480,-0.1132,0.1499,3.000,sour,1.000,21.94,1,1,1,0,29.72,1,3.2,51|50,1706,
1687,1.1520,-0.1113,0.1223,2.874,good,0.000,3.10,0,0,0,0,33.05,3,0.0,,,
1688,1.1520,-0.1101,0.0705,2.999,good,0.003,3.04,0,0,0,0,29.52,3,0.0,,,
1689,1.1520,-0.1100,0.0044,2.888,good,0.001,1.97,0,0,0,0,32.15,3,0.0,,,
1690,1.1520,-0.1118,0.2022,2.767,good,0.012,4.09,0,0,0,0,35.92,3,0.0,,,
1695,1.1520,-0.1180,0.0481,3.050,faded,0.991,4.74,1,1,1,0,30.83,2,3.2,38|37,1733,
1696,1.1520,-0.1162,-0.2093,2.992,good,0.002,2.99,0,0,0,0,31.53,2,0.0,,,
1697,1.1520,-0.1154,-0.1752,3.000,good,0.002,7.06,0,0,0,0,31.04,2,0.0,,,
1693,1.1560,-0.1077,0.1983,3.450,good,0.002,2.60,0,0,0,0,16.46,3,0.0,,,
1694,1.1560,-0.1079,0.0154,3.124,good,0.000,2.89,0,0,0,0,22.73,3,0.0,,,
1703,1.1560,-0.1198,-0.0627,2.972,good,0.001,3.25,0,0,0,0,28.80,2,0.0,,,
1704,1.1560,-0.1314,0.0635,3.000,insect,0.917,8.57,1,1,1,0,27.96,1,3.1,40|39,,
1705,1.1560,-0.1168,0.1009,3.450,good,0.022,5.59,0,0,0,0,17.59,2,0.0,,,
1706,1.1560,-0.1163,0.0562,2.649,good,0.001,7.95,0,0,0,0,36.36,2,0.0,,,
1718,1.1560,-0.1058,0.0525,3.000,faded,0.970,4.90,1,1,1,0,23.30,1,3.2,38,1733,
1699,1.1600,-0.1093,0.1942,3.283,good,0.004,6.62,0,0,0,0,23.28,3,0.0,,,
1700,1.1600,-0.1113,-0.1910,2.835,good,0.001,2.84,0,0,0,0,33.99,3,0.0,,,
1701,1.1600,-0.1100,-0.1680,3.003,good,0.001,5.02,0,0,0,0,29.33,3,0.0,,,
1702,1.1600,-0.1151,-0.2205,2.289,good,0.005,3.74,0,0,0,0,53.37,3,0.0,,,
1712,1.1600,-0.1179,0.0389,3.170,good,0.516,6.45,1,1,1,0,28.08,2,2.7,36|37,1710|1745,
1713,1.1600,-0.1199,-0.1590,2.935,good,0.001,6.44,0,0,0,0,34.19,2,0.0,,,
1714,1.1600,-0.1183,-0.1096,3.062,good,0.000,2.99,0,0,0,0,30.50,2,0.0,,,
1715,1.1600,-0.1184,0.1409,3.006,good,0.001,1.89,0,0,0,0,31.86,2,0.0,,,
1716,1.1600,-0.1181,0.0922,3.005,good,0.000,2.66,0,0,0,0,31.75,2,0.0,,,
1717,1.1600,-0.1160,-0.0728,3.006,good,0.000,2.22,0,0,0,0,31.00,2,0.0,,,
1724,1.1600,-0.1018,0.1909,3.000,good,0.001,5.18,0,0,0,0,26.41,1,0.0,,,
1707,1.1640,-0.1290,0.0085,2.622,good,0.000,3.35,0,0,0,0,40.63,2,0.0,,,
1708,1.1640,-0.1244,0.2428,3.232,black,1.000,51.01,1,1,1,0,22.68,2,3.2,63|62,1771,
1709,1.1640,-0.1080,0.0201,3.450,insect,1.000,7.26,1,1,1,0,17.46,3,3.1,34,1782,
1710,1.1640,-0.1101,0.2093,3.062,sour,1.000,10.43,1,1,1,0,25.76,3,3.2,58,1715,1715
1711,1.1640,-0.1093,-0.1823,2.994,black,1.000,51.16,1,1,1,0,27.01,3,3.2,8,1716,1716
1722,1.1640,-0.1183,0.0657,3.086,good,0.000,2.10,0,0,0,0,27.78,2,0.0,,,
1723,1.1640,-0.1263,-0.1379,3.000,faded,0.649,12.34,1,1,1,0,28.46,1,3.1,14,,
1738,1.1640,-0.1193,-0.1753,3.000,good,0.005,4.75,0,0,0,0,30.10,1,0.0,,,
1739,1.1640,-0.1185,0.0133,3.000,good,0.000,3.38,0,0,0,0,29.84,1,0.0,,,
1740,1.1640,-0.1147,-0.1418,3.000,faded,0.911,10.22,1,1,1,0,28.57,1,3.2,13|14,1714|1732|1747,1732
1741,1.1640,-0.1141,-0.1309,3.000,good,0.000,2.59,0,0,0,0,28.36,1,0.0,,,
1719,1.1680,-0.1145,0.0965,3.012,broken,0.990,2.97,1,1,1,0,29.05,3,2.4,44,1802,1802
1720,1.1680,-0.1146,-0.0145,2.855,good,0.000,2.29,0,0,0,0,32.94,3,0.0,,,
1721,1.1680,-0.1339,-0.1712,3.000,good,0.004,4.66,0,0,0,0,27.73,1,0.0,,,
1731,1.1680,-0.1173,0.2002,2.867,good,0.006,7.46,0,0,0,0,33.53,2,0.0,,,
1733,1.1680,-0.1185,0.2413,3.084,good,0.013,5.06,0,0,0,0,28.51,2,0.0,,,
1734,1.1680,-0.1180,-0.0645,2.997,good,0.000,5.24,0,0,0,0,30.37,2,0.0,,,
1735,1.1680,-0.1189,0.0233,2.797,good,0.000,2.38,0,0,0,0,35.86,2,0.0,,,
1736,1.1680,-0.1177,0.1584,2.980,black,1.000,50.51,1,1,1,0,30.63,2,3.2,52,1749,
1737,1.1680,-0.1163,0.0615,3.043,good,0.000,2.61,0,0,0,0,28.62,2,0.0,,,
1725,1.1720,-0.1270,0.0078,3.001,good,0.001,1.61,0,0,0,0,27.95,2,0.0,,,
1726,1.1720,-0.1145,-0.1677,3.017,broken,0.801,2.53,1,1,1,0,27.33,3,2.4,10,1769,1769
1727,1.1720,-0.1082,-0.2379,3.262,good,0.075,5.22,0,0,0,0,19.98,3,0.0,,,
1728,1.1720,-0.1142,-0.0667,2.979,good,0.000,3.35,0,0,0,0,28.03,3,0.0,,,
1729,1.1720,-0.1121,-0.2175,3.051,faded,0.998,4.18,1,1,1,0,25.63,3,3.2,4|3,1739,1739
1730,1.1720,-0.1088,-0.0905,2.944,good,0.001,3.16,0,0,0,0,26.98,3,0.0,,,
1732,1.1720,-0.1081,-0.0008,2.965,good,0.000,2.23,0,0,0,0,26.22,3,0.0,,,
1742,1.1720,-0.1195,0.1993,3.003,good,0.002,2.53,0,0,0,0,29.06,2,0.0,,,
1743,1.1720,-0.1186,0.0751,3.002,good,0.206,3.90,0,0,0,0,28.76,2,0.0,,,
1744,1.1720,-0.1180,0.1688,2.948,good,0.003,2.61,0,0,0,0,29.85,2,0.0,,,
1754,1.1720,-0.1150,0.0121,3.000,good,0.001,1.68,0,0,0,0,27.55,1,0.0,,,
1751,1.1760,-0.1194,-0.2061,2.966,good,0.000,2.77,0,0,0,0,31.63,2,0.0,,,
1752,1.1760,-0.1173,0.0497,3.435,good,0.020,3.36,0,0,0,0,20.86,2,0.0,,,
1753,1.1760,-0.1168,-0.1832,2.989,good,0.006,4.82,0,0,0,0,30.11,2,0.0,,,
1745,1.1800,-0.1157,-0.1575,2.984,good,0.000,2.40,0,0,0,0,42.02,3,0.0,,,
1746,1.1800,-0.1147,-0.0521,2.999,good,0.014,11.73,0,0,0,0,41.26,3,0.0,,,
1747,1.1800,-0.1154,0.0840,2.742,insect,1.000,4.44,1,1,1,0,48.16,3,3.1,42,1746,1746
1748,1.1800,-0.1114,0.1147,2.988,good,0.009,6.76,0,0,0,0,40.30,3,0.0,,,
1749,1.1800,-0.1124,-0.0930,3.013,good,0.000,3.13,0,0,0,0,39.96,3,0.0,,,
1750,1.1800,-0.1095,-0.1376,3.052,faded,0.999,4.03,1,1,1,0,38.09,3,3.2,14,1735,1735
1757,1.1800,-0.1171,0.0010,3.008,good,0.009,3.54,0,0,0,0,41.57,2,0.0,,,
1758,1.1800,-0.1161,0.1965,3.000,good,0.003,2.24,0,0,0,0,41.41,2,0.0,,,
1766,1.1800,-0.1035,0.0540,3.000,good,0.009,3.39,0,0,0,0,37.20,1,0.0,,,
1755,1.1840,-0.1177,-0.2444,2.717,black,1.000,51.37,1,1,1,0,36.98,2,3.2,0,1808,
1756,1.1840,-0.1085,-0.1282,3.011,good,0.010,7.74,0,0,0,0,26.02,3,0.0,,,
1763,1.1840,-0.1197,-0.1532,2.825,good,0.413,2.63,0,0,0,0,34.50,2,0.0,,,
1764,1.1840,-0.1179,-0.0367,3.000,good,0.003,2.09,0,0,0,0,29.33,2,0.0,,,
1765,1.1840,-0.1280,0.1543,3.000,good,0.002,6.28,0,0,0,0,28.68,1,0.0,,,
1773,1.1840,-0.1184,0.1572,3.000,good,0.000,2.22,0,0,0,0,29.47,1,0.0,,,
1774,1.1840,-0.1137,0.1503,3.000,good,0.000,2.15,0,0,0,0,27.93,1,0.0,,,
1759,1.1880,-0.1133,0.1372,2.998,good,0.000,3.34,0,0,0,0,40.58,3,0.0,,,
1760,1.1880,-0.1137,-0.0285,3.006,insect,1.000,4.21,1,1,1,0,40.47,3,3.1,28,1806,1806
1761,1.1880,-0.1237,0.0517,3.062,good,0.001,7.16,0,0,0,0,38.36,2,0.0,,,
1770,1.1880,-0.1172,-0.0990,3.001,good,0.000,4.82,0,0,0,0,41.64,2,0.0,,,
1771,1.1880,-0.1154,0.2459,3.022,faded,0.997,5.15,1,1,1,0,40.46,2,3.2,63,1888,1888
1772,1.1880,-0.1092,0.1665,3.144,good,0.000,3.05,0,0,0,0,35.70,2,0.0,,,
1777,1.1880,-0.1114,0.0556,3.000,good,0.003,7.14,0,0,0,0,39.63,1,0.0,,,
1762,1.1920,-0.1206,-0.1172,2.019,good,0.006,1.88,0,0,0,0,62.70,3,0.0,,,
1767,1.1920,-0.1156,-0.2088,3.101,good,0.002,5.31,0,0,0,0,26.89,3,0.0,,,
1768,1.1920,-0.1147,-0.1105,3.001,shell,0.979,8.40,1,1,1,0,28.87,3,2.4,17|18,1790,1790
1769,1.1920,-0.1117,0.1631,2.772,good,0.014,6.20,0,0,0,0,33.63,3,0.0,,,
1784,1.1920,-0.1125,-0.1199,3.000,good,0.001,1.63,0,0,0,0,28.08,1,0.0,,,
1775,1.1960,-0.1114,0.1008,2.986,good,0.000,2.51,0,0,0,0,31.85,3,0.0,,,
1776,1.1960,-0.1110,-0.0968,3.000,good,0.000,2.18,0,0,0,0,31.32,3,0.0,,,
1781,1.1960,-0.1182,-0.0122,3.450,good,0.011,2.98,0,0,0,0,24.17,2,0.0,,,
1783,1.1960,-0.1152,0.0566,3.135,good,0.000,5.65,0,0,0,0,29.54,2,0.0,,,
1788,1.1960,-0.1154,-0.2199,3.000,shell,1.000,13.13,1,1,1,0,32.70,1,2.4,3|4,1821,
1778,1.2000,-0.1247,0.0159,2.455,sour,1.000,15.77,1,1,1,0,57.60,2,3.2,34|33,,
1779,1.2000,-0.1119,-0.2227,2.608,good,0.176,7.84,0,0,0,0,51.24,3,0.0,,,
1780,1.2000,-0.1089,-0.0621,2.998,sour,1.000,11.85,1,1,1,0,39.64,3,3.2,24|23,1777,1777
1782,1.2000,-0.1080,0.1549,3.200,good,0.001,2.22,0,0,0,0,34.91,3,0.0,,,
1786,1.2000,-0.1146,-0.1576,3.426,good,0.001,8.23,0,0,0,0,32.50,2,0.0,,,
1787,1.2000,-0.1147,0.1189,3.372,good,0.002,2.86,0,0,0,0,33.51,2,0.0,,,
1798,1.2000,-0.1148,0.0122,3.000,sour,1.000,15.74,1,1,1,0,41.43,1,3.2,33,1757,
1785,1.2040,-0.1168,0.1620,2.618,good,0.000,6.05,0,0,0,0,52.46,3,0.0,,,
1795,1.2040,-0.1174,0.1759,2.977,good,0.000,1.93,0,0,0,0,42.62,2,0.0,,,
1796,1.2040,-0.1179,0.2088,2.879,good,0.000,2.34,0,0,0,0,45.21,2,0.0,,,
1797,1.2040,-0.1286,-0.0164,3.000,husk,1.000,24.08,1,1,1,0,41.72,1,2.4,29|30,1778,1778
1807,1.2040,-0.1154,-0.0201,3.000,husk,1.000,19.99,1,1,1,0,41.32,1,2.4,29,1812,
1808,1.2040,-0.1012,0.1144,3.000,good,0.003,2.92,0,0,0,0,36.57,1,0.0,,,
1789,1.2080,-0.1132,-0.0243,2.989,good,0.000,3.47,0,0,0,0,28.05,3,0.0,,,
1790,1.2080,-0.1148,0.2067,2.998,good,0.000,2.52,0,0,0,0,28.31,3,0.0,,,
1791,1.2080,-0.1122,-0.1877,3.000,good,0.000,2.82,0,0,0,0,27.37,3,0.0,,,
1792,1.2080,-0.1146,0.0547,2.652,good,0.020,2.40,0,0,0,0,37.51,3,0.0,,,
1793,1.2080,-0.1095,-0.1557,3.015,good,0.000,2.97,0,0,0,0,26.03,3,0.0,,,
1794,1.2080,-0.1335,0.1585,3.000,good,0.014,3.54,0,0,0,0,26.37,1,0.0,,,
1802,1.2080,-0.1192,-0.2207,2.992,good,0.005,2.93,0,0,0,0,29.76,2,0.0,,,
1803,1.2080,-0.1188,0.0968,3.024,good,0.000,5.25,0,0,0,0,28.82,2,0.0,,,
1804,1.2080,-0.1195,-0.0972,2.708,good,0.000,2.98,0,0,0,0,37.49,2,0.0,,,
1805,1.2080,-0.1167,-0.0134,2.994,faded,0.995,5.09,1,1,1,0,28.76,2,3.2,30,1778,1778
1806,1.2080,-0.1151,0.0026,3.450,good,0.000,2.44,0,0,0,0,18.69,2,0.0,,,
1817,1.2080,-0.1024,-0.0238,3.000,husk,1.000,19.15,1,1,1,0,23.78,1,2.4,28|29,1812,
1799,1.2120,-0.1124,0.1890,2.973,good,0.003,5.29,0,0,0,0,28.64,3,0.0,,,
1800,1.2120,-0.1214,-0.1951,2.978,good,0.062,6.96,0,0,0,0,27.49,2,0.0,,,
1801,1.2120,-0.1110,-0.0359,2.812,good,0.000,4.27,0,0,0,0,32.12,3,0.0,,,
1815,1.2120,-0.1156,-0.0069,3.012,good,0.016,8.07,0,0,0,0,28.61,2,0.0,,,
1816,1.2120,-0.1154,-0.1138,2.998,faded,0.996,4.78,1,1,1,0,28.88,2,3.2,17,1839,1839
1828,1.2120,-0.1104,-0.1901,3.000,good,0.006,1.94,0,0,0,0,27.12,1,0.0,,,
1829,1.2120,-0.1088,-0.1984,3.000,good,0.000,2.81,0,0,0,0,26.56,1,0.0,,,
1830,1.2120,-0.1013,0.0062,3.000,good,0.000,2.26,0,0,0,0,24.06,1,0.0,,,
1809,1.2160,-0.1115,-0.1947,2.962,good,0.068,7.31,0,0,0,0,29.12,3,0.0,,,
1810,1.2160,-0.1143,-0.0902,3.019,good,0.002,2.96,0,0,0,0,28.66,3,0.0,,,
1811,1.2160,-0.1372,-0.1115,3.000,good,0.010,2.75,0,0,0,0,28.72,1,0.0,,,
1812,1.2160,-0.1108,0.0328,3.450,good,0.003,4.05,0,0,0,0,18.71,3,0.0,,,
1813,1.2160,-0.1261,0.1412,2.485,good,0.000,2.16,0,0,0,0,44.56,2,0.0,,,
1814,1.2160,-0.1094,-0.1799,3.004,good,0.042,3.09,0,0,0,0,27.25,3,0.0,,,
1822,1.2160,-0.1192,0.0163,3.004,good,0.003,4.99,0,0,0,0,30.45,2,0.0,,,
1823,1.2160,-0.1133,-0.1613,3.450,good,0.021,4.32,0,0,0,0,19.28,2,0.0,,,
1824,1.2160,-0.1172,0.1240,2.993,good,0.018,5.22,0,0,0,0,29.99,2,0.0,,,
1825,1.2160,-0.1178,0.1701,3.027,good,0.000,2.01,0,0,0,0,29.36,2,0.0,,,
1826,1.2160,-0.1138,-0.1146,3.268,good,0.001,5.46,0,0,0,0,22.79,2,0.0,,,
1827,1.2160,-0.1153,-0.0765,3.011,good,0.000,3.00,0,0,0,0,28.86,2,0.0,,,
1835,1.2160,-0.1174,-0.1552,3.000,good,0.003,3.41,0,0,0,0,29.80,1,0.0,,,
1836,1.2160,-0.1162,0.1383,3.000,good,0.000,2.17,0,0,0,0,29.38,1,0.0,,,
1818,1.2200,-0.1156,-0.2104,2.851,good,0.025,11.95,0,0,0,0,35.81,3,0.0,,,
1819,1.2200,-0.1137,0.1447,3.000,good,0.000,1.83,0,0,0,0,31.34,3,0.0,,,
1820,1.2200,-0.1109,0.1104,3.400,good,0.008,2.81,0,0,0,0,22.11,3,0.0,,,
1821,1.2200,-0.1153,-0.0506,2.459,good,0.001,2.34,0,0,0,0,47.59,3,0.0,,,
1833,1.2200,-0.1191,-0.1451,2.997,good,0.000,2.63,0,0,0,0,33.13,2,0.0,,,
1834,1.2200,-0.1169,0.1824,3.006,good,0.005,8.92,0,0,0,0,32.13,2,0.0,,,
1843,1.2200,-0.1044,-0.1507,3.000,good,0.005,3.42,0,0,0,0,28.09,1,0.0,,,
1831,1.2240,-0.1127,0.1144,3.024,good,0.007,3.10,0,0,0,0,27.77,3,0.0,,,
1832,1.2240,-0.1104,0.1708,3.325,good,0.047,5.32,0,0,0,0,20.64,3,0.0,,,
1841,1.2240,-0.1189,0.0773,2.815,good,0.000,1.94,0,0,0,0,35.08,2,0.0,,,
1842,1.2240,-0.1152,0.1441,3.270,good,0.019,1.69,0,0,0,0,23.11,2,0.0,,,
1837,1.2280,-0.1121,0.0469,3.126,good,0.001,4.27,0,0,0,0,27.59,3,0.0,,,
1838,1.2280,-0.1136,-0.2348,2.997,good,0.004,3.44,0,0,0,0,30.96,3,0.0,,,
1839,1.2280,-0.1115,-0.0845,3.062,good,0.000,2.10,0,0,0,0,28.68,3,0.0,,,
1840,1.2280,-0.1110,0.0222,3.225,good,0.005,3.44,0,0,0,0,25.01,3,0.0,,,
1844,1.2320,-0.1145,-0.1477,2.991,good,0.000,2.58,0,0,0,0,40.78,3,0.0,,,
1845,1.2320,-0.1135,0.2275,2.983,good,0.004,10.08,0,0,0,0,40.60,3,0.0,,,
1846,1.2320,-0.1226,-0.0838,3.087,good,0.000,3.02,0,0,0,0,37.06,2,0.0,,,
1847,1.2320,-0.1116,-0.0440,3.000,good,0.013,3.04,0,0,0,0,39.43,3,0.0,,,
1848,1.2320,-0.1107,0.2084,2.996,good,0.002,8.40,0,0,0,0,39.18,3,0.0,,,
1849,1.2320,-0.1087,0.1271,3.050,good,0.011,6.49,0,0,0,0,37.24,3,0.0,,,
1850,1.2320,-0.1081,0.2174,3.002,good,0.000,3.07,0,0,0,0,38.13,3,0.0,,,
1856,1.2320,-0.1178,0.0643,2.748,good,0.001,6.01,0,0,0,0,48.00,2,0.0,,,
1857,1.2320,-0.1160,-0.0707,3.024,good,0.000,1.79,0,0,0,0,40.15,2,0.0,,,
1865,1.2320,-0.1103,-0.0871,3.000,good,0.000,2.96,0,0,0,0,38.81,1,0.0,,,
1851,1.2360,-0.1242,-0.0739,3.450,stone,1.000,8.22,1,1,1,0,29.76,2,9.1,22|23|21,,
1853,1.2360,-0.1131,0.0735,2.995,good,0.001,2.80,0,0,0,0,39.86,3,0.0,,,
1854,1.2360,-0.1103,0.2288,3.169,good,0.000,3.40,0,0,0,0,35.01,3,0.0,,,
1855,1.2360,-0.1075,0.1561,3.250,good,0.000,7.37,0,0,0,0,32.46,3,0.0,,,
1862,1.2360,-0.1198,0.1541,2.991,good,0.000,2.02,0,0,0,0,42.04,2,0.0,,,
1864,1.2360,-0.1173,-0.0070,2.969,good,0.001,3.16,0,0,0,0,41.72,2,0.0,,,
1873,1.2360,-0.1195,0.1009,3.000,good,0.005,3.11,0,0,0,0,41.70,1,0.0,,,
1874,1.2360,-0.1017,0.0657,3.000,good,0.001,3.42,0,0,0,0,35.76,1,0.0,,,
1852,1.2400,-0.1127,0.0172,2.219,good,0.001,2.83,0,0,0,0,64.84,4,0.0,,,
1858,1.2400,-0.1153,-0.1952,3.008,good,0.000,3.01,0,0,0,0,40.46,3,0.0,,,
1859,1.2400,-0.1138,-0.2135,2.999,good,0.074,2.72,0,0,0,0,40.16,3,0.0,,,
1860,1.2400,-0.1341,0.0974,3.000,good,0.000,3.02,0,0,0,0,38.87,1,0.0,,,
1861,1.2400,-0.1127,0.1994,2.858,broken,0.999,10.01,1,1,1,0,43.22,3,2.4,57,1927,
1863,1.2400,-0.1084,0.0861,3.001,good,0.000,3.03,0,0,0,0,38.17,3,0.0,,,
1868,1.2400,-0.1196,-0.1682,3.279,good,0.000,2.60,0,0,0,0,35.68,2,0.0,,,
1870,1.2400,-0.1185,-0.0087,2.998,good,0.000,3.27,0,0,0,0,41.53,2,0.0,,,
1871,1.2400,-0.1169,-0.1383,2.987,good,0.003,4.08,0,0,0,0,41.24,2,0.0,,,
1872,1.2400,-0.1164,-0.0217,2.989,good,0.007,2.09,0,0,0,0,41.00,2,0.0,,,
1882,1.2400,-0.1050,0.1044,3.000,good,0.005,3.06,0,0,0,0,36.91,1,0.0,,,
1866,1.2440,-0.1137,-0.2278,3.010,good,0.323,2.95,0,0,0,0,28.65,3,0.0,,,
1867,1.2440,-0.1104,-0.0152,3.327,good,0.020,2.76,0,0,0,0,20.85,3,0.0,,,
1869,1.2440,-0.1082,0.0382,3.067,good,0.000,2.79,0,0,0,0,25.48,3,0.0,,,
1878,1.2440,-0.1199,-0.1819,2.996,insect,1.000,8.36,1,1,1,0,30.94,2,3.1,8,1885,1885
1879,1.2440,-0.1183,-0.0794,2.990,good,0.000,2.47,0,0,0,0,30.47,2,0.0,,,
1880,1.2440,-0.1161,0.1016,3.298,good,0.005,2.29,0,0,0,0,22.96,2,0.0,,,
1881,1.2440,-0.1163,-0.1964,3.001,good,0.000,2.80,0,0,0,0,29.48,2,0.0,,,
1875,1.2480,-0.1118,0.1493,3.253,good,0.009,4.17,0,0,0,0,24.61,3,0.0,,,
1876,1.2480,-0.1100,-0.1132,3.154,good,0.000,2.44,0,0,0,0,26.02,3,0.0,,,
1877,1.2480,-0.1086,-0.0493,2.996,good,0.001,2.63,0,0,0,0,29.01,3,0.0,,,
1886,1.2480,-0.1185,-0.0473,3.027,good,0.017,3.64,0,0,0,0,31.53,2,0.0,,,
1887,1.2480,-0.1280,-0.0841,3.000,good,0.015,3.64,0,0,0,0,31.35,1,0.0,,,
1890,1.2480,-0.1119,-0.0807,3.000,good,0.003,10.21,0,0,0,0,29.96,1,0.0,,,
1883,1.2520,-0.1135,-0.0860,2.998,good,0.000,3.36,0,0,0,0,31.98,3,0.0,,,
1884,1.2520,-0.1112,-0.2261,3.012,good,0.000,2.00,0,0,0,0,30.86,3,0.0,,,
1885,1.2520,-0.1085,-0.0137,3.003,insect,1.000,4.01,1,1,1,0,30.12,3,3.1,30,1882,1882
1889,1.2520,-0.1188,0.0020,3.007,good,0.000,2.45,0,0,0,0,33.38,2,0.0,,,
1888,1.2560,-0.1115,0.2321,2.772,black,1.000,54.30,1,1,1,0,41.42,3,3.2,61,1951,1951
1895,1.2560,-0.1193,0.0949,3.064,good,0.000,2.17,0,0,0,0,36.62,2,0.0,,,
1896,1.2560,-0.1177,-0.0209,3.007,good,0.000,2.16,0,0,0,0,37.40,2,0.0,,,
1897,1.2560,-0.1289,0.0224,3.000,faded,0.735,3.85,1,1,1,0,37.31,1,3.2,34|35,1934,1934
1898,1.2560,-0.1159,0.1591,3.010,good,0.000,2.15,0,0,0,0,36.69,2,0.0,,,
1891,1.2600,-0.1143,-0.1419,2.934,good,0.049,5.67,0,0,0,0,33.15,3,0.0,,,
1892,1.2600,-0.1136,-0.0435,2.976,good,0.000,2.97,0,0,0,0,31.86,3,0.0,,,
1893,1.2600,-0.1094,0.0195,3.369,good,0.191,5.45,0,0,0,0,22.17,3,0.0,,,
1894,1.2600,-0.1100,0.0500,2.980,good,0.092,2.78,0,0,0,0,30.46,3,0.0,,,
1902,1.2600,-0.1169,-0.1097,2.854,good,0.100,5.59,0,0,0,0,35.96,2,0.0,,,
1913,1.2600,-0.1071,-0.1480,3.000,good,0.000,6.91,0,0,0,0,28.99,1,0.0,,,
1899,1.2640,-0.1152,0.1255,2.995,broken,0.980,2.71,1,1,1,0,32.35,3,2.4,48|47,1902,1902
1900,1.2640,-0.1115,-0.0630,2.912,good,0.000,3.52,0,0,0,0,33.06,3,0.0,,,
1901,1.2640,-0.1128,0.0932,2.947,good,0.000,3.22,0,0,0,0,32.58,3,0.0,,,
1908,1.2640,-0.1196,-0.0537,2.924,good,0.000,3.41,0,0,0,0,35.43,2,0.0,,,
1909,1.2640,-0.1179,-0.1636,2.970,faded,0.829,3.46,1,1,1,0,33.66,2,3.2,11|10,1928,1928
1910,1.2640,-0.1152,0.0836,3.372,good,0.004,3.12,0,0,0,0,24.06,2,0.0,,,
1911,1.2640,-0.1129,0.1043,3.069,good,0.023,7.98,0,0,0,0,29.57,2,0.0,,,
1912,1.2640,-0.1165,-0.1335,2.999,good,0.001,1.98,0,0,0,0,32.34,2,0.0,,,
1903,1.2680,-0.1143,-0.0153,3.012,good,0.000,3.09,0,0,0,0,32.44,3,0.0,,,
1904,1.2680,-0.1144,-0.0825,3.002,broken,0.817,2.96,1,1,1,0,32.64,3,2.4,21,1909,1909
1905,1.2680,-0.1126,0.0267,3.099,good,0.000,3.35,0,0,0,0,29.72,3,0.0,,,
1906,1.2680,-0.1138,0.1210,2.987,good,0.001,3.81,0,0,0,0,32.67,3,0.0,,,
1907,1.2680,-0.1127,-0.1135,2.991,good,0.000,1.52,0,0,0,0,32.13,3,0.0,,,
1917,1.2680,-0.1194,-0.0499,3.068,good,0.003,7.88,0,0,0,0,32.50,2,0.0,,,
1914,1.2720,-0.1397,0.1398,3.000,good,0.000,2.69,0,0,0,0,34.97,1,0.0,,,
1915,1.2720,-0.1353,0.2145,3.000,good,0.129,3.55,0,0,0,0,33.51,1,0.0,,,
1916,1.2720,-0.1248,-0.1407,2.764,good,0.003,5.05,0,0,0,0,40.26,2,0.0,,,
1922,1.2720,-0.1185,-0.0928,3.450,good,0.001,2.96,0,0,0,0,26.21,2,0.0,,,
1925,1.2720,-0.1284,0.1449,3.000,good,0.000,2.64,0,0,0,0,34.98,1,0.0,,,
1926,1.2720,-0.1224,0.2178,3.000,good,0.135,3.50,0,0,0,0,33.00,1,0.0,,,
1930,1.2720,-0.1170,0.1500,3.000,good,0.000,2.72,0,0,0,0,35.20,1,0.0,,,
1931,1.2720,-0.1137,-0.1366,3.000,good,0.001,5.09,0,0,0,0,34.10,1,0.0,,,
1932,1.2720,-0.1095,0.2210,3.000,faded,0.654,3.46,1,1,1,0,32.67,1,3.2,60,1966,
1918,1.2760,-0.1157,0.1207,3.001,sour,1.000,17.23,1,1,1,0,31.86,3,3.2,47,1965,1965
1919,1.2760,-0.1139,-0.2097,3.066,good,0.001,2.71,0,0,0,0,29.65,3,0.0,,,
1920,1.2760,-0.1093,0.0678,3.050,good,0.074,5.69,0,0,0,0,28.44,3,0.0,,,
1921,1.2760,-0.1097,0.0976,3.011,good,0.000,7.58,0,0,0,0,29.47,3,0.0,,,
1923,1.2760,-0.1080,-0.0434,3.016,good,0.001,3.60,0,0,0,0,28.73,3,0.0,,,
1924,1.2760,-0.1099,0.1655,2.983,good,0.000,2.31,0,0,0,0,30.07,3,0.0,,,
1929,1.2760,-0.1182,0.1860,3.450,good,0.000,2.91,0,0,0,0,22.93,2,0.0,,,
1941,1.2760,-0.1058,0.1551,3.000,good,0.000,2.63,0,0,0,0,28.25,1,0.0,,,
1942,1.2760,-0.1037,-0.0901,3.000,good,0.000,2.15,0,0,0,0,27.56,1,0.0,,,
1927,1.2800,-0.1083,-0.1537,3.001,husk,0.683,8.35,1,1,1,0,29.32,3,2.4,12,1949|1956,1949|1956
1928,1.2800,-0.1102,0.0659,2.994,good,0.028,2.40,0,0,0,0,30.05,3,0.0,,,
1937,1.2800,-0.1180,-0.2239,3.008,good,0.024,2.22,0,0,0,0,32.25,2,0.0,,,
1938,1.2800,-0.1279,0.1439,3.000,good,0.180,3.43,0,0,0,0,31.72,1,0.0,,,
1939,1.2800,-0.1153,0.1205,3.423,good,0.000,7.11,0,0,0,0,22.63,2,0.0,,,
1940,1.2800,-0.1100,0.2180,3.450,good,0.040,7.03,0,0,0,0,20.55,2,0.0,,,
1933,1.2840,-0.1156,-0.0860,2.986,broken,0.998,2.64,1,1,1,0,34.49,3,2.4,20|21,1986,1986
1934,1.2840,-0.1385,0.1472,3.000,good,0.164,3.83,0,0,0,0,33.75,1,0.0,,,
1935,1.2840,-0.1158,-0.0644,2.864,good,0.000,1.90,0,0,0,0,37.55,3,0.0,,,
1936,1.2840,-0.1116,0.2182,3.006,good,0.000,5.70,0,0,0,0,32.54,3,0.0,,,
1947,1.2840,-0.1091,0.1456,3.020,good,0.001,10.58,0,0,0,0,31.34,2,0.0,,,
1943,1.2880,-0.1113,0.0484,2.996,good,0.000,2.78,0,0,0,0,28.64,3,0.0,,,
1944,1.2880,-0.1130,-0.1967,2.809,good,0.006,3.91,0,0,0,0,33.89,3,0.0,,,
1945,1.2880,-0.1242,0.0826,2.542,faded,1.000,5.29,1,1,1,0,42.19,2,3.2,42,1950,
1946,1.2880,-0.1094,0.1395,2.998,good,0.000,2.37,0,0,0,0,27.80,3,0.0,,,
1953,1.2880,-0.1169,0.0747,3.450,good,0.494,7.36,0,0,0,0,20.79,2,0.0,,,
1954,1.2880,-0.1146,0.0889,2.998,good,0.002,7.45,0,0,0,0,29.48,2,0.0,,,
1955,1.2880,-0.1194,0.1938,3.058,good,0.000,6.57,0,0,0,0,29.57,2,0.0,,,
1956,1.2880,-0.1186,-0.0307,2.999,good,0.000,2.77,0,0,0,0,30.70,2,0.0,,,
1948,1.2920,-0.1152,-0.1433,2.983,sour,1.000,12.29,1,1,1,0,31.13,3,3.2,13,1941,1941
1949,1.2920,-0.1091,0.0032,3.164,good,0.001,8.56,0,0,0,0,24.98,3,0.0,,,
1950,1.2920,-0.1111,-0.1865,3.255,good,0.010,2.51,0,0,0,0,23.69,3,0.0,,,
1951,1.2920,-0.1128,-0.0803,3.003,good,0.000,2.52,0,0,0,0,29.66,3,0.0,,,
1952,1.2920,-0.1232,0.2145,3.076,good,0.004,9.33,0,0,0,0,27.32,2,0.0,,,
1959,1.2920,-0.1189,-0.2116,3.124,good,0.000,2.68,0,0,0,0,28.79,2,0.0,,,
1960,1.2920,-0.1191,-0.0935,2.999,good,0.000,2.05,0,0,0,0,31.75,2,0.0,,,
1961,1.2920,-0.1150,-0.1676,2.995,good,0.002,5.97,0,0,0,0,30.47,2,0.0,,,
1962,1.2920,-0.1179,-0.1081,2.979,good,0.000,14.89,0,0,0,0,31.77,2,0.0,,,
1963,1.2920,-0.1158,-0.0452,3.181,good,0.005,2.56,0,0,0,0,26.43,2,0.0,,,
1974,1.2920,-0.1109,0.2179,3.000,good,0.000,8.16,0,0,0,0,28.89,1,0.0,,,
1957,1.2960,-0.1133,-0.0094,3.012,good,0.074,7.74,0,0,0,0,27.39,3,0.0,,,
1958,1.2960,-0.1082,0.0432,3.002,good,0.000,2.13,0,0,0,0,25.88,3,0.0,,,
1968,1.2960,-0.1193,-0.0405,3.450,good,0.020,2.61,0,0,0,0,20.06,2,0.0,,,
1970,1.2960,-0.1184,0.0834,3.438,good,0.000,1.45,0,0,0,0,19.96,2,0.0,,,
1971,1.2960,-0.1177,0.2059,3.012,good,0.000,2.78,0,0,0,0,28.68,2,0.0,,,
1972,1.2960,-0.1167,0.1969,3.006,good,0.000,2.41,0,0,0,0,28.46,2,0.0,,,
1973,1.2960,-0.1161,0.1204,2.971,good,0.000,4.38,0,0,0,0,29.05,2,0.0,,,
1964,1.3000,-0.1242,-0.1409,3.450,good,0.000,6.91,0,0,0,0,15.51,2,0.0,,,
1965,1.3000,-0.1167,0.2446,2.744,good,0.000,1.59,0,0,0,0,33.45,3,0.0,,,
1966,1.3000,-0.1268,0.2077,2.908,good,0.002,10.08,0,0,0,0,28.39,2,0.0,,,
1967,1.3000,-0.1101,0.1376,3.230,good,0.006,7.01,0,0,0,0,19.41,3,0.0,,,
1969,1.3000,-0.1101,0.1282,2.983,good,0.000,2.54,0,0,0,0,24.77,3,0.0,,,
1977,1.3000,-0.1195,0.2098,3.450,good,0.469,8.84,0,0,0,0,17.94,2,0.0,,,
1978,1.3000,-0.1176,0.0598,3.001,good,0.004,5.61,0,0,0,0,26.77,2,0.0,,,
1979,1.3000,-0.1172,0.0360,2.994,good,0.001,3.33,0,0,0,0,26.77,2,0.0,,,
1980,1.3000,-0.1170,-0.1674,3.060,good,0.058,8.61,0,0,0,0,25.12,2,0.0,,,
1981,1.3000,-0.1168,-0.0673,3.000,good,0.002,2.30,0,0,0,0,26.45,2,0.0,,,
1982,1.3000,-0.1140,-0.2239,3.389,good,0.001,2.16,0,0,0,0,17.27,2,0.0,,,
1983,1.3000,-0.1168,-0.1955,3.000,good,0.002,3.20,0,0,0,0,26.38,2,0.0,,,
1994,1.3000,-0.1086,-0.1445,3.000,good,0.000,5.09,0,0,0,0,23.62,1,0.0,,,
1995,1.3000,-0.1046,0.0803,3.000,good,0.000,1.42,0,0,0,0,22.30,1,0.0,,,
1975,1.3040,-0.1175,-0.2327,2.630,good,0.003,2.22,0,0,0,0,39.18,3,0.0,,,
1976,1.3040,-0.1120,-0.0477,2.995,good,0.000,2.17,0,0,0,0,27.23,3,0.0,,,
1992,1.3040,-0.1174,-0.1868,3.066,good,0.000,1.91,0,0,0,0,27.31,2,0.0,,,
1993,1.3040,-0.1161,-0.0744,2.986,good,0.002,2.14,0,0,0,0,28.74,2,0.0,,,
2002,1.3040,-0.1048,-0.1710,3.000,good,0.154,7.80,0,0,0,0,24.62,1,0.0,,,
1984,1.3080,-0.1146,-0.1310,2.999,good,0.000,1.88,0,0,0,0,37.58,3,0.0,,,
1985,1.3080,-0.1113,0.0793,2.945,sour,0.781,13.06,1,1,1,0,37.73,3,3.2,42|41,1996|2051,1996|2051
1986,1.3080,-0.1139,-0.0632,2.995,broken,1.000,2.58,1,1,1,0,37.30,3,2.4,23|24,1983,1983
1987,1.3080,-0.1114,0.2062,2.993,good,0.000,4.47,0,0,0,0,36.46,3,0.0,,,
1988,1.3080,-0.1087,0.1027,3.351,good,0.001,3.31,0,0,0,0,28.10,3,0.0,,,
1989,1.3080,-0.1095,-0.2382,3.127,good,0.001,3.51,0,0,0,0,32.77,3,0.0,,,
1990,1.3080,-0.1097,0.0446,2.920,good,0.000,3.00,0,0,0,0,37.57,3,0.0,,,
1991,1.3080,-0.1203,0.1855,2.643,good,0.099,3.56,0,0,0,0,45.08,2,0.0,,,
2001,1.3080,-0.1186,-0.1717,2.977,good,0.014,3.49,0,0,0,0,39.08,2,0.0,,,
2007,1.3080,-0.1098,0.1895,3.000,good,0.000,3.51,0,0,0,0,35.59,1,0.0,,,
2008,1.3080,-0.1042,-0.0712,3.000,good,0.000,1.97,0,0,0,0,33.71,1,0.0,,,
1996,1.3120,-0.1111,0.0039,3.004,good,0.051,7.83,0,0,0,0,25.97,3,0.0,,,
1997,1.3120,-0.1176,0.1713,2.709,good,0.007,3.53,0,0,0,0,35.97,3,0.0,,,
1998,1.3120,-0.1122,-0.0970,3.090,insect,1.000,3.37,1,1,1,0,24.28,3,3.1,19,2014,2014
1999,1.3120,-0.1116,0.0205,2.945,faded,0.980,3.82,1,1,1,0,27.40,3,3.2,34,2031,2031
2000,1.3120,-0.1090,0.0550,3.006,good,0.091,2.74,0,0,0,0,25.00,3,0.0,,,
2006,1.3120,-0.1166,-0.2312,3.024,black,1.000,52.42,1,1,1,0,27.06,2,3.2,2,2013,2013
2003,1.3160,-0.1198,-0.1950,2.378,good,0.030,2.66,0,0,0,0,52.08,3,0.0,,,
2004,1.3160,-0.1125,0.0496,2.982,good,0.009,3.19,0,0,0,0,30.84,3,0.0,,,
2005,1.3160,-0.1080,-0.0740,2.995,good,0.000,2.44,0,0,0,0,28.98,3,0.0,,,
2014,1.3160,-0.1189,0.0017,2.997,good,0.000,3.08,0,0,0,0,32.51,2,0.0,,,
2009,1.3200,-0.1161,-0.2331,2.818,good,0.000,3.50,0,0,0,0,35.54,3,0.0,,,
2010,1.3200,-0.1129,-0.1771,3.008,good,0.000,2.25,0,0,0,0,29.53,3,0.0,,,
2011,1.3200,-0.1115,-0.2107,2.997,good,0.000,2.66,0,0,0,0,29.30,3,0.0,,,
2012,1.3200,-0.1092,0.0675,3.064,faded,0.536,7.13,1,1,1,0,26.98,3,3.2,40,2042|2088,2042|2088
2013,1.3200,-0.1187,-0.0150,1.976,good,0.000,3.33,0,0,0,0,69.32,3,0.0,,,
2016,1.3200,-0.1196,-0.0553,3.008,good,0.000,4.05,0,0,0,0,31.61,2,0.0,,,
2017,1.3200,-0.1189,0.0454,3.027,good,0.000,8.84,0,0,0,0,30.88,2,0.0,,,
2018,1.3200,-0.1292,-0.1513,3.000,good,0.008,3.05,0,0,0,0,30.97,1,0.0,,,
2019,1.3200,-0.1149,0.0950,3.246,good,0.340,5.28,0,0,0,0,24.74,2,0.0,,,
2020,1.3200,-0.1283,0.1032,3.000,good,0.000,2.81,0,0,0,0,30.60,1,0.0,,,
2028,1.3200,-0.1171,-0.1546,3.000,good,0.108,3.22,0,0,0,0,30.88,1,0.0,,,
2029,1.3200,-0.1071,0.2445,3.000,good,0.010,3.32,0,0,0,0,27.55,1,0.0,,,
2015,1.3240,-0.1136,0.0050,3.000,good,0.000,2.63,0,0,0,0,32.54,3,0.0,,,
2037,1.3240,-0.1108,-0.0126,3.000,good,0.003,2.56,0,0,0,0,31.61,1,0.0,,,
2038,1.3240,-0.1050,-0.1579,3.000,good,0.001,3.08,0,0,0,0,29.66,1,0.0,,,
2021,1.3280,-0.1136,-0.1076,3.005,good,0.001,3.27,0,0,0,0,29.98,3,0.0,,,
2022,1.3280,-0.1130,-0.0901,2.963,good,0.002,3.17,0,0,0,0,30.73,3,0.0,,,
2023,1.3280,-0.1118,-0.0484,2.994,faded,0.998,4.13,1,1,1,0,29.55,3,3.2,25|26,2033,2033
2024,1.3280,-0.1114,0.0766,3.001,good,0.002,2.26,0,0,0,0,29.20,3,0.0,,,
2025,1.3280,-0.1067,-0.0103,3.450,good,0.017,7.96,0,0,0,0,18.63,3,0.0,,,
2026,1.3280,-0.1086,-0.1938,3.001,good,0.007,2.79,0,0,0,0,28.18,3,0.0,,,
2027,1.3280,-0.1090,0.0628,3.010,good,0.001,3.41,0,0,0,0,28.07,3,0.0,,,
2032,1.3280,-0.1195,-0.1773,2.759,good,0.001,2.06,0,0,0,0,38.16,2,0.0,,,
2033,1.3280,-0.1161,0.1810,3.008,good,0.010,7.68,0,0,0,0,30.40,2,0.0,,,
2034,1.3280,-0.1171,0.1909,2.989,good,0.000,1.36,0,0,0,0,31.17,2,0.0,,,
2035,1.3280,-0.1166,0.0099,3.006,good,0.000,3.21,0,0,0,0,30.56,2,0.0,,,
2036,1.3280,-0.1151,0.1712,3.001,good,0.000,3.05,0,0,0,0,30.12,2,0.0,,,
2030,1.3320,-0.1153,0.1438,3.001,faded,1.000,5.77,1,1,1,0,30.99,3,3.2,50,2035,2035
2031,1.3320,-0.1089,0.2137,2.952,good,0.000,1.73,0,0,0,0,29.93,3,0.0,,,
2045,1.3320,-0.1179,-0.0153,3.001,good,0.000,2.83,0,0,0,0,31.72,2,0.0,,,
2051,1.3320,-0.1045,0.1859,3.000,good,0.000,12.19,0,0,0,0,27.28,1,0.0,,,
2039,1.3360,-0.1173,-0.0354,2.697,sour,1.000,12.45,1,1,1,0,36.77,3,3.2,27,2059,
2040,1.3360,-0.1154,-0.1435,3.009,good,0.000,3.46,0,0,0,0,27.70,3,0.0,,,
2041,1.3360,-0.1077,-0.0633,3.289,good,0.000,2.61,0,0,0,0,19.22,3,0.0,,,
2042,1.3360,-0.1052,0.0979,3.450,good,0.003,3.04,0,0,0,0,15.52,3,0.0,,,
2043,1.3360,-0.1096,0.0807,2.998,good,0.000,2.98,0,0,0,0,25.91,3,0.0,,,
2044,1.3360,-0.1086,-0.1631,2.970,black,1.000,58.28,1,1,1,0,26.20,3,3.2,11|10,2082,2082
2049,1.3360,-0.1184,0.0717,2.996,good,0.000,4.46,0,0,0,0,28.81,2,0.0,,,
2050,1.3360,-0.1144,0.0058,3.197,good,0.026,5.03,0,0,0,0,22.93,2,0.0,,,
2046,1.3400,-0.1145,-0.0056,2.969,good,0.000,3.79,0,0,0,0,34.07,3,0.0,,,
2047,1.3400,-0.1087,-0.1680,3.003,good,0.000,1.74,0,0,0,0,31.27,3,0.0,,,
2048,1.3400,-0.1202,-0.2448,2.950,good,0.005,4.70,0,0,0,0,32.40,2,0.0,,,
2056,1.3400,-0.1191,0.2359,3.160,good,0.004,3.81,0,0,0,0,31.02,2,0.0,,,
2057,1.3400,-0.1166,0.0139,3.172,good,0.000,3.41,0,0,0,0,29.96,2,0.0,,,
2058,1.3400,-0.1169,-0.1337,3.002,good,0.388,10.80,0,0,0,0,33.88,2,0.0,,,
2059,1.3400,-0.1100,-0.1250,3.137,broken,0.507,8.13,1,1,1,0,28.53,2,2.4,16|15,2057|2110,
2052,1.3440,-0.1353,0.0867,3.000,good,0.054,3.62,0,0,0,0,28.63,1,0.0,,,
2053,1.3440,-0.1360,0.0960,3.000,good,0.133,2.60,0,0,0,0,28.86,1,0.0,,,
2054,1.3440,-0.1105,0.0258,2.995,sour,1.000,31.15,1,1,1,0,28.35,3,3.2,35,2112,2112
2055,1.3440,-0.1079,0.1351,3.015,black,1.000,50.26,1,1,1,0,26.96,3,3.2,49,2084,2084
2064,1.3440,-0.1183,0.1294,3.002,good,0.003,2.56,0,0,0,0,30.65,2,0.0,,,
2065,1.3440,-0.1126,0.0901,2.879,good,0.460,7.51,0,0,0,0,31.71,2,0.0,,,
2074,1.3440,-0.1188,0.1105,3.000,shell,0.996,11.53,1,1,1,0,30.78,1,2.4,46|45,2078,2078
2060,1.3480,-0.1143,-0.0154,2.986,good,0.000,2.45,0,0,0,0,32.81,3,0.0,,,
2061,1.3480,-0.1080,-0.1915,3.450,good,0.000,2.91,0,0,0,0,21.26,3,0.0,,,
2062,1.3480,-0.1112,0.1849,2.995,good,0.000,2.55,0,0,0,0,31.45,3,0.0,,,
2063,1.3480,-0.1086,-0.1508,2.994,good,0.042,4.81,0,0,0,0,30.55,3,0.0,,,
2069,1.3480,-0.1192,-0.0449,2.955,good,0.011,9.87,0,0,0,0,35.03,2,0.0,,,
2071,1.3480,-0.1165,-0.2193,2.965,good,0.000,5.20,0,0,0,0,33.84,2,0.0,,,
2072,1.3480,-0.1176,-0.0714,2.786,good,0.000,2.40,0,0,0,0,38.88,2,0.0,,,
2073,1.3480,-0.1165,-0.1773,3.009,good,0.000,2.20,0,0,0,0,32.71,2,0.0,,,
2066,1.3520,-0.1145,0.2334,2.995,good,0.000,2.33,0,0,0,0,32.39,3,0.0,,,
2067,1.3520,-0.1161,-0.1207,2.812,good,0.008,2.50,0,0,0,0,37.57,3,0.0,,,
2068,1.3520,-0.1111,0.1497,2.994,good,0.000,3.16,0,0,0,0,31.18,3,0.0,,,
2070,1.3520,-0.1092,0.1191,2.996,good,0.001,3.14,0,0,0,0,30.44,3,0.0,,,
2079,1.3520,-0.1194,0.1048,3.288,good,0.000,1.87,0,0,0,0,27.28,2,0.0,,,
2075,1.3560,-0.1126,0.1162,3.031,good,0.005,2.54,0,0,0,0,27.82,3,0.0,,,
2076,1.3560,-0.1125,-0.0769,2.936,good,0.003,3.25,0,0,0,0,29.97,3,0.0,,,
2077,1.3560,-0.1103,-0.2175,3.009,good,0.000,3.62,0,0,0,0,27.46,3,0.0,,,
2078,1.3560,-0.1080,-0.2046,3.038,good,0.000,4.10,0,0,0,0,26.01,3,0.0,,,
2080,1.3560,-0.1202,0.0874,2.813,faded,0.988,4.35,1,1,1,0,31.77,2,3.2,43|42,,
2094,1.3560,-0.1089,0.0908,3.000,faded,0.998,4.18,1,1,1,0,27.10,1,3.2,43,2098,
2081,1.3600,-0.1153,0.0510,3.010,good,0.002,3.17,0,0,0,0,30.06,3,0.0,,,
2082,1.3600,-0.1264,-0.1818,2.478,good,0.004,3.78,0,0,0,0,45.83,2,0.0,,,
2083,1.3600,-0.1100,-0.0195,3.058,good,0.000,2.74,0,0,0,0,27.06,3,0.0,,,
2091,1.3600,-0.1200,-0.1538,2.990,good,0.000,8.28,0,0,0,0,31.92,2,0.0,,,
2092,1.3600,-0.1179,0.1629,2.986,good,0.028,7.15,0,0,0,0,31.30,2,0.0,,,
2093,1.3600,-0.1157,-0.1075,3.201,good,0.008,2.17,0,0,0,0,25.69,2,0.0,,,
2102,1.3600,-0.1165,-0.1850,3.000,good,0.000,3.98,0,0,0,0,30.47,1,0.0,,,
2084,1.3640,-0.1157,-0.2161,3.002,good,0.000,2.63,0,0,0,0,30.59,3,0.0,,,
2085,1.3640,-0.1084,0.0783,3.039,good,0.011,13.30,0,0,0,0,27.29,3,0.0,,,
2086,1.3640,-0.1150,0.1271,2.869,good,0.001,3.20,0,0,0,0,33.61,3,0.0,,,
2087,1.3640,-0.1146,-0.0594,2.606,good,0.000,3.96,0,0,0,0,40.99,3,0.0,,,
2088,1.3640,-0.1096,0.1990,2.993,good,0.000,3.41,0,0,0,0,28.59,3,0.0,,,
2089,1.3640,-0.1075,-0.1712,3.273,good,0.012,2.55,0,0,0,0,21.93,3,0.0,,,
2090,1.3640,-0.1098,-0.1207,3.000,good,0.000,3.93,0,0,0,0,28.42,3,0.0,,,
2100,1.3640,-0.1189,0.2098,2.997,good,0.000,1.94,0,0,0,0,31.50,2,0.0,,,
2101,1.3640,-0.1167,-0.1151,3.001,good,0.000,2.91,0,0,0,0,30.64,2,0.0,,,
2095,1.3680,-0.1257,-0.0643,2.591,good,0.000,3.19,0,0,0,0,42.91,2,0.0,,,
2096,1.3680,-0.1123,0.2232,3.021,good,0.170,4.03,0,0,0,0,30.02,3,0.0,,,
2097,1.3680,-0.1109,-0.2046,3.115,good,0.000,1.98,0,0,0,0,27.40,3,0.0,,,
2098,1.3680,-0.1118,0.0770,2.950,good,0.004,5.38,0,0,0,0,31.43,3,0.0,,,
2099,1.3680,-0.1082,-0.0895,3.000,good,0.008,3.30,0,0,0,0,29.03,3,0.0,,,
2105,1.3680,-0.1194,-0.0389,3.079,good,0.341,2.45,0,0,0,0,30.84,2,0.0,,,
2110,1.3680,-0.1153,-0.0607,3.000,good,0.000,3.16,0,0,0,0,31.35,1,0.0,,,
2103,1.3720,-0.1142,-0.0844,3.000,faded,0.872,3.50,1,1,1,0,30.41,3,3.2,21|20,2127,2127
2104,1.3720,-0.1335,0.0048,3.000,good,0.000,2.12,0,0,0,0,28.83,1,0.0,,,
2107,1.3720,-0.1187,0.0635,2.697,good,0.000,2.94,0,0,0,0,40.02,2,0.0,,,
2108,1.3720,-0.1128,0.0077,2.998,good,0.000,7.33,0,0,0,0,29.90,2,0.0,,,
2109,1.3720,-0.1152,0.0993,3.348,broken,1.000,5.49,1,1,1,0,23.16,2,2.4,44,2207,
2106,1.3760,-0.1094,0.0307,3.120,good,0.000,4.33,0,0,0,0,25.84,3,0.0,,,
2114,1.3760,-0.1199,0.1726,2.992,insect,0.999,3.48,1,1,1,0,32.16,2,3.1,54|53,2209,2209
2115,1.3760,-0.1187,-0.2253,2.996,good,0.000,2.82,0,0,0,0,31.61,2,0.0,,,
2116,1.3760,-0.1154,-0.1592,3.003,good,0.000,2.95,0,0,0,0,30.29,2,0.0,,,
2117,1.3760,-0.1156,-0.1401,3.413,good,0.002,2.86,0,0,0,0,21.70,2,0.0,,,
2131,1.3760,-0.1021,-0.0878,3.000,faded,0.850,3.48,1,1,1,0,25.90,1,3.2,20,2127,2127
2111,1.3800,-0.1112,0.0630,2.988,good,0.002,4.91,0,0,0,0,27.86,3,0.0,,,
2112,1.3800,-0.1107,0.1280,2.900,good,0.004,2.89,0,0,0,0,29.77,3,0.0,,,
2113,1.3800,-0.1076,-0.0004,3.205,good,0.001,2.81,0,0,0,0,21.85,3,0.0,,,
2125,1.3800,-0.1197,0.1440,3.214,good,0.002,2.98,0,0,0,0,25.40,2,0.0,,,
2126,1.3800,-0.1318,-0.1585,3.000,good,0.001,2.97,0,0,0,0,30.30,1,0.0,,,
2127,1.3800,-0.1191,0.0217,2.809,good,0.000,4.24,0,0,0,0,34.99,2,0.0,,,
2128,1.3800,-0.1177,0.0447,3.002,good,0.000,2.28,0,0,0,0,29.46,2,0.0,,,
2129,1.3800,-0.1154,0.2385,2.995,good,0.001,6.66,0,0,0,0,28.81,2,0.0,,,
2130,1.3800,-0.1163,-0.1698,3.005,good,0.000,2.12,0,0,0,0,28.86,2,0.0,,,
2118,1.3840,-0.1284,0.1527,2.846,good,0.003,3.32,0,0,0,0,33.44,2,0.0,,,
2119,1.3840,-0.1140,0.2062,2.991,good,0.000,2.13,0,0,0,0,28.61,3,0.0,,,
2120,1.3840,-0.1108,-0.0975,3.039,good,0.217,10.59,0,0,0,0,26.39,3,0.0,,,
2121,1.3840,-0.1390,-0.0509,3.000,husk,1.000,112.77,1,1,1,0,28.71,1,2.4,25,2195,
2122,1.3840,-0.1107,0.1186,3.032,good,0.001,2.64,0,0,0,0,26.45,3,0.0,,,
2123,1.3840,-0.1106,-0.1972,2.893,good,0.004,7.98,0,0,0,0,29.72,3,0.0,,,
2124,1.3840,-0.1090,-0.0372,3.016,faded,1.000,6.05,1,1,1,0,26.19,3,3.2,27,2185,2185
2136,1.3840,-0.1191,0.0272,3.007,good,0.000,3.71,0,0,0,0,29.73,2,0.0,,,
2137,1.3840,-0.1177,-0.1226,3.025,good,0.000,2.54,0,0,0,0,28.77,2,0.0,,,
2138,1.3840,-0.1303,-0.0535,3.000,husk,1.000,114.12,1,1,1,0,29.58,1,2.4,25|24,,
2139,1.3840,-0.1205,-0.1622,3.000,good,0.002,2.73,0,0,0,0,26.29,1,0.0,,,
2149,1.3840,-0.1170,0.1484,3.000,good,0.015,3.36,0,0,0,0,29.11,1,0.0,,,
2132,1.3880,-0.1230,-0.1849,3.448,good,0.000,3.76,0,0,0,0,17.84,2,0.0,,,
2133,1.3880,-0.1122,-0.0939,2.996,good,0.000,2.55,0,0,0,0,27.93,3,0.0,,,
2134,1.3880,-0.1115,0.1134,3.069,good,0.002,2.43,0,0,0,0,25.97,3,0.0,,,
2135,1.3880,-0.1098,0.2003,3.014,faded,0.999,7.84,1,1,1,0,26.63,3,3.2,57,2218,
2145,1.3880,-0.1192,-0.0763,3.003,good,0.000,3.84,0,0,0,0,29.94,2,0.0,,,
2146,1.3880,-0.1200,0.0840,2.955,good,0.000,3.77,0,0,0,0,31.36,2,0.0,,,
2147,1.3880,-0.1168,0.1306,2.999,good,0.001,4.46,0,0,0,0,29.19,2,0.0,,,
2148,1.3880,-0.1216,-0.0561,3.000,husk,1.000,116.75,1,1,1,0,26.76,1,2.4,24|25,,
2157,1.3880,-0.1092,-0.1897,3.000,good,0.000,3.45,0,0,0,0,26.59,1,0.0,,,
2158,1.3880,-0.1129,-0.0588,3.000,husk,1.000,115.00,1,1,1,0,27.83,1,2.4,24,2233,
2140,1.3920,-0.1143,-0.0433,3.025,good,0.000,3.02,0,0,0,0,29.15,3,0.0,,,
2141,1.3920,-0.1104,-0.0960,3.393,good,0.001,2.93,0,0,0,0,20.25,3,0.0,,,
2142,1.3920,-0.1111,0.2192,2.995,good,0.000,2.40,0,0,0,0,28.68,3,0.0,,,
2143,1.3920,-0.1083,-0.1970,3.192,broken,0.671,3.17,1,1,1,0,23.41,3,2.4,6,2155,
2144,1.3920,-0.1093,-0.1436,2.960,sour,1.000,19.69,1,1,1,0,28.76,3,3.2,13,2169,2169
2155,1.3920,-0.1180,-0.1778,3.000,good,0.000,2.26,0,0,0,0,30.70,2,0.0,,,
2156,1.3920,-0.1142,0.1828,3.450,good,0.000,3.62,0,0,0,0,20.06,2,0.0,,,
2168,1.3920,-0.1042,-0.0615,3.000,husk,1.000,114.58,1,1,1,0,26.05,1,2.4,24|23,2233,
2150,1.3960,-0.1129,0.1023,3.003,good,0.024,2.83,0,0,0,0,40.07,3,0.0,,,
2151,1.3960,-0.1116,-0.2327,3.009,good,0.198,4.82,0,0,0,0,39.46,3,0.0,,,
2152,1.3960,-0.1117,-0.0060,3.017,good,0.159,6.00,0,0,0,0,39.26,3,0.0,,,
2153,1.3960,-0.1091,-0.0677,2.992,good,0.500,4.04,1,1,1,0,38.94,3,3.2,23,2171,2171
2154,1.3960,-0.1100,0.0708,3.004,good,0.077,2.76,0,0,0,0,38.90,3,0.0,,,
2164,1.3960,-0.1200,0.0922,2.999,faded,0.979,3.94,1,1,1,0,42.29,2,3.2,43|44,2231,2231
2165,1.3960,-0.1184,-0.2132,2.999,good,0.002,3.18,0,0,0,0,41.74,2,0.0,,,
2166,1.3960,-0.1189,0.1535,2.998,good,0.000,2.35,0,0,0,0,41.89,2,0.0,,,
2167,1.3960,-0.1150,0.1672,3.062,good,0.164,9.08,0,0,0,0,39.02,2,0.0,,,
2159,1.4000,-0.1130,0.1862,3.072,good,0.003,3.19,0,0,0,0,30.08,3,0.0,,,
2160,1.4000,-0.1125,0.2114,3.009,good,0.001,3.30,0,0,0,0,31.33,3,0.0,,,
2161,1.4000,-0.1109,-0.0316,2.969,good,0.000,2.87,0,0,0,0,31.71,3,0.0,,,
2162,1.4000,-0.1112,0.0276,2.910,good,0.000,3.69,0,0,0,0,33.18,3,0.0,,,
2163,1.4000,-0.1101,0.1223,2.999,insect,1.000,6.30,1,1,1,0,30.61,3,3.1,47,2168,2168
2173,1.4000,-0.1182,-0.1333,3.003,good,0.000,1.84,0,0,0,0,33.14,2,0.0,,,
2169,1.4040,-0.1122,-0.0772,2.864,good,0.014,2.90,0,0,0,0,33.93,3,0.0,,,
2170,1.4040,-0.1101,0.1670,2.963,good,0.000,4.00,0,0,0,0,30.68,3,0.0,,,
2171,1.4040,-0.1105,0.0257,3.024,good,0.000,2.66,0,0,0,0,29.32,3,0.0,,,
2172,1.4040,-0.1334,0.0006,3.000,good,0.001,2.06,0,0,0,0,29.51,1,0.0,,,
2175,1.4040,-0.1200,0.1050,3.012,insect,1.000,6.03,1,1,1,0,32.71,2,3.1,45,2199,2199
2176,1.4040,-0.1195,0.1903,2.718,good,0.066,7.65,0,0,0,0,40.37,2,0.0,,,
2177,1.4040,-0.1190,-0.2242,3.164,good,0.020,3.92,0,0,0,0,28.78,2,0.0,,,
2178,1.4040,-0.1171,-0.1960,2.945,good,0.000,3.24,0,0,0,0,33.25,2,0.0,,,
2179,1.4040,-0.1296,-0.1078,3.000,good,0.001,4.23,0,0,0,0,32.07,1,0.0,,,
2180,1.4040,-0.1162,-0.0243,3.167,good,0.001,2.92,0,0,0,0,27.79,2,0.0,,,
2181,1.4040,-0.1145,-0.0922,3.231,good,0.000,3.24,0,0,0,0,25.84,2,0.0,,,
2182,1.4040,-0.1219,0.0051,3.000,good,0.001,2.15,0,0,0,0,29.43,1,0.0,,,
2192,1.4040,-0.1173,-0.1108,3.000,good,0.000,4.44,0,0,0,0,31.88,1,0.0,,,
2193,1.4040,-0.1104,0.0097,3.000,good,0.000,2.04,0,0,0,0,29.59,1,0.0,,,
2174,1.4080,-0.1141,0.1349,3.002,good,0.002,4.78,0,0,0,0,29.70,3,0.0,,,
2185,1.4080,-0.1152,0.1525,3.068,good,0.003,11.87,0,0,0,0,28.47,2,0.0,,,
2186,1.4080,-0.1314,-0.1935,3.000,faded,0.825,6.43,1,1,1,0,31.48,1,3.2,7,2237,
2187,1.4080,-0.1191,-0.0159,3.065,good,0.000,2.64,0,0,0,0,29.74,2,0.0,,,
2188,1.4080,-0.1182,-0.1503,2.998,good,0.006,2.43,0,0,0,0,31.01,2,0.0,,,
2189,1.4080,-0.1177,-0.2220,3.254,sour,1.000,15.56,1,1,1,0,25.09,2,3.2,3,2236,
2190,1.4080,-0.1159,0.2113,3.060,good,0.000,1.78,0,0,0,0,28.69,2,0.0,,,
2191,1.4080,-0.1171,-0.1254,2.624,good,0.007,7.20,0,0,0,0,40.81,2,0.0,,,
2201,1.4080,-0.1155,-0.1969,3.000,faded,0.898,6.46,1,1,1,0,29.92,1,3.2,6,2255,
2202,1.4080,-0.1050,-0.1138,3.000,good,0.001,4.61,0,0,0,0,26.37,1,0.0,,,
2183,1.4120,-0.1393,0.0630,3.000,good,0.000,4.12,0,0,0,0,30.02,1,0.0,,,
2184,1.4120,-0.1358,0.0531,3.000,faded,1.000,6.18,1,1,1,0,28.85,1,3.2,38,,
2197,1.4120,-0.1197,-0.1089,2.981,good,0.000,3.29,0,0,0,0,31.81,2,0.0,,,
2198,1.4120,-0.1150,0.0564,2.822,faded,0.945,8.14,1,1,1,0,34.24,2,3.2,39,2190|2245,
2199,1.4120,-0.1156,-0.1561,3.149,good,0.058,2.88,0,0,0,0,26.48,2,0.0,,,
2200,1.4120,-0.1113,0.0026,3.450,good,0.165,3.40,0,0,0,0,19.22,2,0.0,,,
2213,1.4120,-0.1094,-0.1282,3.000,good,0.000,2.75,0,0,0,0,27.76,1,0.0,,,
2214,1.4120,-0.1030,-0.1224,3.000,good,0.002,1.87,0,0,0,0,25.62,1,0.0,,,
2194,1.4160,-0.1144,-0.0576,3.283,faded,1.000,5.74,1,1,1,0,23.02,3,3.2,24,2158,
2195,1.4160,-0.1159,0.1647,2.511,good,0.004,7.03,0,0,0,0,43.64,3,0.0,,,
2196,1.4160,-0.1117,-0.1939,3.018,good,0.001,2.37,0,0,0,0,27.71,3,0.0,,,
2209,1.4160,-0.1182,-0.1275,2.978,good,0.002,2.43,0,0,0,0,30.83,2,0.0,,,
2210,1.4160,-0.1177,-0.0277,3.179,good,0.001,3.98,0,0,0,0,25.97,2,0.0,,,
2211,1.4160,-0.1173,0.1171,3.015,faded,1.000,5.93,1,1,1,0,29.54,2,3.2,46|47,2208,2208
2212,1.4160,-0.1059,0.1117,3.450,good,0.033,3.26,0,0,0,0,17.10,2,0.0,,,
2203,1.4200,-0.1156,0.0193,2.998,good,0.001,3.11,0,0,0,0,29.82,3,0.0,,,
2204,1.4200,-0.1139,0.1272,2.991,good,0.002,2.52,0,0,0,0,29.35,3,0.0,,,
2205,1.4200,-0.1132,0.0854,2.995,faded,0.999,4.85,1,1,1,0,28.98,3,3.2,42|43,2191,
2206,1.4200,-0.1121,0.1010,2.997,good,0.000,2.31,0,0,0,0,28.49,3,0.0,,,
2207,1.4200,-0.1091,-0.0193,3.152,good,0.014,4.59,0,0,0,0,24.02,3,0.0,,,
2208,1.4200,-0.1097,-0.1557,3.014,good,0.000,2.36,0,0,0,0,27.22,3,0.0,,,
2222,1.4200,-0.1163,-0.1753,2.998,good,0.010,3.06,0,0,0,0,29.73,2,0.0,,,
2223,1.4200,-0.1167,0.2082,3.007,good,0.004,5.07,0,0,0,0,29.61,2,0.0,,,
2215,1.4240,-0.1141,0.1668,2.953,good,0.000,3.04,0,0,0,0,30.04,3,0.0,,,
2216,1.4240,-0.1138,-0.1622,2.809,good,0.000,1.70,0,0,0,0,33.57,3,0.0,,,
2217,1.4240,-0.1122,-0.0850,2.991,good,0.019,2.98,0,0,0,0,28.37,3,0.0,,,
2218,1.4240,-0.1095,0.0474,3.009,good,0.000,1.53,0,0,0,0,27.02,3,0.0,,,
2219,1.4240,-0.1087,0.0739,3.005,good,0.000,2.14,0,0,0,0,26.80,3,0.0,,,
2220,1.4240,-0.1095,0.1003,2.999,good,0.000,2.12,0,0,0,0,27.16,3,0.0,,,
2221,1.4240,-0.1097,0.0861,2.998,good,0.000,3.14,0,0,0,0,27.24,3,0.0,,,
2224,1.4280,-0.1142,0.0190,3.004,good,0.000,2.93,0,0,0,0,31.09,3,0.0,,,
2225,1.4280,-0.1141,0.0673,2.982,good,0.000,2.52,0,0,0,0,31.51,3,0.0,,,
2226,1.4280,-0.1152,-0.1612,3.007,good,0.000,2.91,0,0,0,0,31.23,3,0.0,,,
2227,1.4280,-0.1131,-0.0115,2.984,good,0.002,3.13,0,0,0,0,31.04,3,0.0,,,
2228,1.4280,-0.1121,0.1909,2.616,good,0.031,11.80,0,0,0,0,40.65,3,0.0,,,
2229,1.4280,-0.1091,0.0601,2.963,good,0.242,3.06,0,0,0,0,30.12,3,0.0,,,
2234,1.4280,-0.1199,0.1605,2.996,good,0.000,2.96,0,0,0,0,32.93,2,0.0,,,
2240,1.4280,-0.1058,0.1939,3.000,insect,1.000,6.94,1,1,1,0,28.13,1,3.1,56|57,2247,
2230,1.4320,-0.1146,-0.0745,2.997,good,0.000,3.03,0,0,0,0,29.81,3,0.0,,,
2231,1.4320,-0.1399,0.0955,3.000,stone,0.707,40.63,1,1,1,0,30.13,1,7.4,44,,
2232,1.4320,-0.1158,0.2230,2.816,good,0.011,4.76,0,0,0,0,34.73,3,0.0,,,
2233,1.4320,-0.1148,-0.2368,2.676,good,0.002,5.31,0,0,0,0,38.35,3,0.0,,,
2237,1.4320,-0.1178,0.1698,2.996,good,0.003,3.08,0,0,0,0,30.70,2,0.0,,,
2238,1.4320,-0.1260,-0.2434,3.000,good,0.002,2.55,0,0,0,0,29.36,1,0.0,,,
2239,1.4320,-0.1249,0.1048,3.000,stone,0.986,31.25,1,1,1,0,28.97,1,8.9,45|44|46,,
2247,1.4320,-0.1099,0.1141,3.000,stone,0.946,31.35,1,1,1,0,27.95,1,8.4,46|47|45,2271,
2235,1.4360,-0.1081,0.0454,3.408,good,0.000,2.76,0,0,0,0,19.72,3,0.0,,,
2236,1.4360,-0.1115,-0.1632,2.910,good,0.000,1.85,0,0,0,0,31.28,3,0.0,,,
2242,1.4360,-0.1220,-0.0082,3.000,good,0.057,33.07,1,1,1,0,28.57,1,9.0,30|31|29,,
2246,1.4360,-0.1171,0.1945,3.000,good,0.001,3.23,0,0,0,0,30.86,2,0.0,,,
2259,1.4360,-0.1135,-0.0136,3.000,stick,1.000,87.11,1,1,1,0,29.67,1,2.4,30,2264,
2260,1.4360,-0.1028,-0.0022,3.000,good,0.000,2.60,0,0,0,0,26.09,1,0.0,,,
2241,1.4400,-0.1155,0.0041,3.005,good,0.002,1.98,0,0,0,0,38.94,3,0.0,,,
2243,1.4400,-0.1112,0.1105,3.000,good,0.000,2.86,0,0,0,0,37.60,3,0.0,,,
2244,1.4400,-0.1103,-0.0931,2.988,good,0.000,2.76,0,0,0,0,37.52,3,0.0,,,
2245,1.4400,-0.1086,-0.1042,2.973,sour,1.000,17.90,1,1,1,0,37.26,3,3.2,18,2302,
2254,1.4400,-0.1200,-0.1301,3.106,good,0.003,3.35,0,0,0,0,37.87,2,0.0,,,
2256,1.4400,-0.1187,0.0625,3.012,good,0.009,2.44,0,0,0,0,39.60,2,0.0,,,
2257,1.4400,-0.1174,0.1788,2.896,good,0.002,4.75,0,0,0,0,42.03,2,0.0,,,
2258,1.4400,-0.1129,-0.0822,3.437,faded,1.000,4.69,1,1,1,0,28.89,2,3.2,21,2336,
2248,1.4440,-0.1147,-0.2285,2.863,good,0.000,2.97,0,0,0,0,32.07,3,0.0,,,
2249,1.4440,-0.1126,-0.0655,2.903,good,0.000,2.65,0,0,0,0,30.25,3,0.0,,,
2250,1.4440,-0.1121,0.0724,2.998,good,0.000,3.34,0,0,0,0,27.72,3,0.0,,,
2251,1.4440,-0.1121,-0.0983,2.630,good,0.004,7.24,0,0,0,0,37.58,3,0.0,,,
2252,1.4440,-0.1090,-0.1652,2.997,good,0.138,2.72,0,0,0,0,26.63,3,0.0,,,
2253,1.4440,-0.1085,0.2165,3.056,good,0.002,3.18,0,0,0,0,25.09,3,0.0,,,
2255,1.4440,-0.1321,-0.0333,3.000,good,0.001,3.28,0,0,0,0,26.22,1,0.0,,,
2267,1.4440,-0.1199,-0.1798,3.030,good,0.013,3.06,0,0,0,0,29.40,2,0.0,,,
2268,1.4440,-0.1181,-0.0423,3.016,good,0.001,2.12,0,0,0,0,29.10,2,0.0,,,
2269,1.4440,-0.1288,-0.1046,3.000,good,0.000,2.07,0,0,0,0,29.05,1,0.0,,,
2270,1.4440,-0.1173,0.1267,3.002,good,0.001,2.66,0,0,0,0,29.13,2,0.0,,,
2271,1.4440,-0.1164,0.2368,3.003,good,0.000,3.90,0,0,0,0,28.81,2,0.0,,,
2272,1.4440,-0.1210,-0.0371,3.000,good,0.002,3.48,0,0,0,0,26.38,1,0.0,,,
2280,1.4440,-0.1101,-0.0410,3.000,good,0.001,3.26,0,0,0,0,26.71,1,0.0,,,
2281,1.4440,-0.1075,-0.1340,3.000,good,0.003,3.24,0,0,0,0,25.87,1,0.0,,,
2261,1.4480,-0.1152,-0.1211,2.984,broken,0.996,3.01,1,1,1,0,29.45,3,2.4,16,2289,2289
2262,1.4480,-0.1162,-0.0573,2.999,good,0.000,3.87,0,0,0,0,29.32,3,0.0,,,
2263,1.4480,-0.1149,-0.0246,2.993,faded,0.998,4.85,1,1,1,0,28.98,3,3.2,28|29,2291,2291
2264,1.4480,-0.1155,-0.0671,3.003,good,0.003,5.47,0,0,0,0,28.86,3,0.0,,,
2265,1.4480,-0.1266,0.2300,3.024,good,0.009,9.69,0,0,0,0,28.00,2,0.0,,,
2266,1.4480,-0.1095,-0.1344,2.972,good,0.003,3.27,0,0,0,0,27.54,3,0.0,,,
2278,1.4480,-0.1191,-0.0367,2.999,good,0.000,1.50,0,0,0,0,30.04,2,0.0,,,
2279,1.4480,-0.1172,-0.2136,2.998,good,0.000,3.17,0,0,0,0,29.41,2,0.0,,,
2286,1.4480,-0.1145,0.2334,3.000,good,0.005,9.70,0,0,0,0,28.45,1,0.0,,,
2273,1.4520,-0.1145,0.1609,3.000,faded,1.000,4.77,1,1,1,0,28.35,3,3.2,52,2286,2286
2274,1.4520,-0.1150,-0.0734,2.997,good,0.000,3.62,0,0,0,0,28.48,3,0.0,,,
2275,1.4520,-0.1147,-0.0436,3.001,good,0.018,2.91,0,0,0,0,28.29,3,0.0,,,
2276,1.4520,-0.1136,0.1468,3.004,good,0.001,2.88,0,0,0,0,27.81,3,0.0,,,
2277,1.4520,-0.1091,0.1225,3.176,good,0.000,3.50,0,0,0,0,22.49,3,0.0,,,
2284,1.4520,-0.1162,0.2187,3.022,black,1.000,52.46,1,1,1,0,28.15,2,3.2,59|60,2316,2316
2285,1.4520,-0.1148,0.0479,3.013,good,0.000,2.66,0,0,0,0,27.83,2,0.0,,,
2282,1.4560,-0.1190,0.1285,2.321,good,0.000,1.93,0,0,0,0,51.45,3,0.0,,,
2283,1.4560,-0.1115,-0.1411,3.141,good,0.002,2.21,0,0,0,0,24.41,3,0.0,,,
2295,1.4560,-0.1198,0.0089,2.997,good,0.004,2.28,0,0,0,0,30.35,2,0.0,,,
2296,1.4560,-0.1199,-0.2267,2.759,faded,0.999,5.15,1,1,1,0,36.67,2,3.2,2|3,2278,
2297,1.4560,-0.1156,-0.2009,3.036,good,0.026,8.41,0,0,0,0,27.90,2,0.0,,,
2302,1.4560,-0.1134,-0.0634,3.000,good,0.061,2.42,0,0,0,0,28.02,1,0.0,,,
2287,1.4600,-0.1150,0.0234,2.982,good,0.000,3.41,0,0,0,0,29.79,3,0.0,,,
2288,1.4600,-0.1142,0.0972,3.007,good,0.036,2.56,0,0,0,0,28.86,3,0.0,,,
2289,1.4600,-0.1144,-0.1713,2.728,good,0.138,17.03,0,0,0,0,36.17,3,0.0,,,
2290,1.4600,-0.1116,-0.0648,2.525,good,0.002,8.62,0,0,0,0,41.33,3,0.0,,,
2291,1.4600,-0.1119,-0.2416,3.014,good,0.008,7.03,0,0,0,0,27.82,3,0.0,,,
2292,1.4600,-0.1099,-0.0054,2.844,good,0.000,4.27,0,0,0,0,31.28,3,0.0,,,
2293,1.4600,-0.1103,0.1766,2.993,good,0.000,2.65,0,0,0,0,27.69,3,0.0,,,
2294,1.4600,-0.1085,-0.1111,2.994,faded,1.000,5.81,1,1,1,0,27.05,3,3.2,17,2287,2287
2301,1.4600,-0.1189,-0.0001,3.375,good,0.001,4.14,0,0,0,0,22.21,2,0.0,,,
2298,1.4640,-0.1231,0.2260,3.450,black,1.000,48.79,1,1,1,0,19.00,2,3.2,60|61,,
2299,1.4640,-0.1165,0.1041,2.978,insect,0.949,22.29,1,1,1,0,30.95,3,3.5,45,2347,2347
2300,1.4640,-0.1115,-0.0197,2.966,good,0.001,8.85,0,0,0,0,29.49,3,0.0,,,
2307,1.4640,-0.1188,0.0980,3.023,good,0.164,3.25,0,0,0,0,30.49,2,0.0,,,
2308,1.4640,-0.1188,0.1279,3.001,good,0.000,2.39,0,0,0,0,31.01,2,0.0,,,
2309,1.4640,-0.1159,0.1078,3.015,good,0.002,18.55,1,1,1,0,29.67,2,9.0,45|46|44,2347,2347
2312,1.4640,-0.1099,0.2296,3.000,black,1.000,49.16,1,1,1,0,28.00,1,3.2,61,2358,2358
2303,1.4680,-0.1150,0.1641,2.865,good,0.000,2.46,0,0,0,0,34.83,3,0.0,,,
2304,1.4680,-0.1224,0.0526,2.959,good,0.150,12.42,0,0,0,0,30.91,2,0.0,,,
2305,1.4680,-0.1126,-0.0364,2.863,good,0.000,2.61,0,0,0,0,33.94,3,0.0,,,
2306,1.4680,-0.1090,0.0829,3.001,good,0.001,2.71,0,0,0,0,29.31,3,0.0,,,
2311,1.4680,-0.1147,0.1792,3.077,good,0.007,2.92,0,0,0,0,29.41,2,0.0,,,
2320,1.4680,-0.1141,0.0475,3.000,good,0.201,11.24,0,0,0,0,30.99,1,0.0,,,
2321,1.4680,-0.1085,0.0563,3.000,good,0.019,5.67,0,0,0,0,29.12,1,0.0,,,
2310,1.4720,-0.1090,0.2140,2.771,good,0.001,3.20,0,0,0,0,33.87,3,0.0,,,
2319,1.4720,-0.1191,-0.0653,3.074,good,0.000,2.34,0,0,0,0,29.68,2,0.0,,,
2313,1.4760,-0.1143,0.0678,3.003,good,0.000,2.75,0,0,0,0,30.55,3,0.0,,,
2314,1.4760,-0.1098,-0.1987,3.337,good,0.001,2.31,0,0,0,0,22.02,3,0.0,,,
2315,1.4760,-0.1118,-0.0413,2.992,good,0.002,2.65,0,0,0,0,29.88,3,0.0,,,
2316,1.4760,-0.1232,0.0345,2.856,good,0.005,4.04,0,0,0,0,33.18,2,0.0,,,
2317,1.4760,-0.1088,-0.1653,2.998,insect,0.999,3.03,1,1,1,0,28.66,3,3.1,10|11,2323,2323
2318,1.4760,-0.1160,0.2298,2.044,good,0.012,3.92,0,0,0,0,64.62,3,0.0,,,
2327,1.4760,-0.1184,-0.1940,2.994,good,0.000,2.58,0,0,0,0,31.87,2,0.0,,,
2328,1.4760,-0.1181,-0.1432,3.006,good,0.001,2.22,0,0,0,0,31.44,2,0.0,,,
2336,1.4760,-0.1118,0.0385,3.000,good,0.002,4.06,0,0,0,0,29.47,1,0.0,,,
2322,1.4800,-0.1154,-0.0294,2.992,good,0.000,3.08,0,0,0,0,28.99,3,0.0,,,
2323,1.4800,-0.1246,-0.0905,3.262,good,0.087,2.53,0,0,0,0,21.80,2,0.0,,,
2324,1.4800,-0.1154,0.0460,2.833,good,0.000,4.09,0,0,0,0,32.92,3,0.0,,,
2325,1.4800,-0.1258,-0.1152,2.641,broken,0.533,3.42,1,1,1,0,38.37,2,2.4,17,2337,
2326,1.4800,-0.1079,0.2304,3.171,good,0.017,3.34,0,0,0,0,22.32,2,0.0,,,
2332,1.4800,-0.1199,-0.1596,1.933,good,0.004,9.29,0,0,0,0,70.50,2,0.0,,,
2334,1.4800,-0.1171,0.1640,2.999,good,0.000,3.04,0,0,0,0,29.12,2,0.0,,,
2335,1.4800,-0.1245,0.2347,3.000,good,0.024,2.22,0,0,0,0,27.53,1,0.0,,,
2347,1.4800,-0.1157,0.2391,3.000,good,0.005,2.84,0,0,0,0,28.61,1,0.0,,,
2348,1.4800,-0.1153,-0.1183,3.000,broken,0.949,3.36,1,1,1,0,28.45,1,2.4,16|17,2325,
2349,1.4800,-0.1122,-0.2455,3.000,good,0.023,3.39,0,0,0,0,27.40,1,0.0,,,
2350,1.4800,-0.1113,-0.1573,3.000,good,0.030,3.22,0,0,0,0,27.10,1,0.0,,,
2351,1.4800,-0.1115,-0.0945,3.000,good,0.007,2.86,0,0,0,0,27.16,1,0.0,,,
2329,1.4840,-0.1144,-0.1146,2.999,good,0.006,3.57,0,0,0,0,27.79,3,0.0,,,
2330,1.4840,-0.1121,-0.1031,3.023,good,0.000,2.31,0,0,0,0,26.41,3,0.0,,,
2331,1.4840,-0.1061,0.1918,3.450,good,0.000,5.77,0,0,0,0,15.94,3,0.0,,,
2333,1.4840,-0.1092,-0.0473,2.984,good,0.007,2.82,0,0,0,0,26.30,3,0.0,,,
2342,1.4840,-0.1195,-0.0105,3.063,good,0.001,2.46,0,0,0,0,27.78,2,0.0,,,
2343,1.4840,-0.1194,-0.1888,3.008,good,0.001,2.61,0,0,0,0,29.02,2,0.0,,,
2344,1.4840,-0.1174,-0.0218,3.372,black,1.000,48.80,1,1,1,0,20.51,2,3.2,29,2399,
2345,1.4840,-0.1178,0.2159,3.001,good,0.000,2.67,0,0,0,0,28.52,2,0.0,,,
2346,1.4840,-0.1129,0.0107,3.438,good,0.044,2.46,0,0,0,0,17.85,2,0.0,,,
2361,1.4840,-0.1070,0.2435,3.000,good,0.006,2.78,0,0,0,0,24.91,1,0.0,,,
2337,1.4880,-0.1150,0.1548,2.943,good,0.004,3.69,0,0,0,0,27.20,3,0.0,,,
2338,1.4880,-0.1093,0.1429,3.187,black,0.998,24.29,1,1,1,0,19.78,3,3.2,50,2407|2457,2407
2339,1.4880,-0.1118,0.0894,2.936,good,0.114,3.17,0,0,0,0,26.18,3,0.0,,,
2340,1.4880,-0.1120,-0.0960,3.005,good,0.000,2.74,0,0,0,0,24.53,3,0.0,,,
2341,1.4880,-0.1103,0.1711,3.003,good,0.000,2.10,0,0,0,0,23.98,3,0.0,,,
2359,1.4880,-0.1156,-0.1475,3.450,black,1.000,50.88,1,1,1,0,16.38,2,3.2,13|12,2439,
2360,1.4880,-0.1171,0.1877,2.959,good,0.001,21.01,1,1,1,0,27.23,2,9.0,56|55|57,2300,2300
2368,1.4880,-0.1039,-0.0254,3.000,black,1.000,48.93,1,1,1,0,21.78,1,3.2,28,2399,
2352,1.4920,-0.1156,-0.0978,2.993,good,0.000,3.24,0,0,0,0,41.19,3,0.0,,,
2353,1.4920,-0.1253,-0.0759,3.437,faded,0.999,4.97,1,1,1,0,30.66,2,3.2,22,,
2354,1.4920,-0.1122,0.0217,2.998,good,0.233,4.42,0,0,0,0,39.81,3,0.0,,,
2355,1.4920,-0.1118,0.1433,3.007,good,0.000,2.80,0,0,0,0,39.43,3,0.0,,,
2356,1.4920,-0.1108,-0.1800,3.005,good,0.000,2.15,0,0,0,0,39.12,3,0.0,,,
2357,1.4920,-0.1093,-0.0032,2.967,good,0.305,3.09,0,0,0,0,39.46,3,0.0,,,
2358,1.4920,-0.1098,-0.0882,2.735,good,0.271,4.49,0,0,0,0,45.57,3,0.0,,,
2364,1.4920,-0.1188,-0.1513,2.980,good,0.000,4.85,0,0,0,0,42.26,2,0.0,,,
2365,1.4920,-0.1132,0.0678,3.004,stick,1.000,75.44,1,1,1,0,39.80,2,2.4,40,2363,2363
2366,1.4920,-0.1160,0.1785,3.007,good,0.000,2.25,0,0,0,0,40.59,2,0.0,,,
2367,1.4920,-0.1157,-0.0630,3.000,faded,0.999,4.93,1,1,1,0,40.63,2,3.2,23|24,2410,2410
2374,1.4920,-0.1116,-0.0789,3.000,faded,0.999,4.93,1,1,1,0,39.24,1,3.2,21|22,2366,
2362,1.4960,-0.1396,-0.1356,3.000,insect,1.000,4.25,1,1,1,0,29.98,1,3.1,14,,
2363,1.4960,-0.1138,0.2290,2.516,good,0.002,8.35,0,0,0,0,42.93,3,0.0,,,
2373,1.4960,-0.1189,-0.1387,2.664,good,0.095,7.50,0,0,0,0,40.04,2,0.0,,,
2369,1.5000,-0.1146,-0.0119,3.001,good,0.003,3.36,0,0,0,0,30.56,3,0.0,,,
2370,1.5000,-0.1083,-0.1127,3.015,good,0.000,3.01,0,0,0,0,28.05,3,0.0,,,
2371,1.5000,-0.1091,0.2096,2.945,good,0.019,5.57,0,0,0,0,29.94,3,0.0,,,
2372,1.5000,-0.1334,0.2303,3.000,good,0.003,4.72,0,0,0,0,28.74,1,0.0,,,
2381,1.5000,-0.1197,0.1992,2.963,good,0.085,12.49,0,0,0,0,33.01,2,0.0,,,
2383,1.5000,-0.1171,0.1777,2.999,good,0.004,10.25,0,0,0,0,31.23,2,0.0,,,
2384,1.5000,-0.1147,0.0359,3.450,good,0.003,5.13,0,0,0,0,21.06,2,0.0,,,
2375,1.5040,-0.1145,-0.0365,2.995,good,0.000,3.32,0,0,0,0,27.90,3,0.0,,,
2376,1.5040,-0.1175,0.0352,2.618,good,0.005,3.37,0,0,0,0,39.30,3,0.0,,,
2377,1.5040,-0.1117,-0.2353,3.200,good,0.161,5.57,0,0,0,0,22.34,3,0.0,,,
2378,1.5040,-0.1370,-0.0234,3.000,good,0.001,3.83,0,0,0,0,27.16,1,0.0,,,
2379,1.5040,-0.1111,-0.2079,3.019,good,0.000,2.91,0,0,0,0,26.05,3,0.0,,,
2380,1.5040,-0.1108,-0.0741,2.996,good,0.001,1.62,0,0,0,0,26.46,3,0.0,,,
2382,1.5040,-0.1095,-0.1920,2.988,good,0.074,2.90,0,0,0,0,26.18,3,0.0,,,
2390,1.5040,-0.1259,-0.0200,3.000,good,0.003,3.86,0,0,0,0,27.36,1,0.0,,,
2397,1.5040,-0.1149,-0.0167,3.000,good,0.001,3.63,0,0,0,0,27.68,1,0.0,,,
2385,1.5080,-0.1162,0.0671,2.920,good,0.000,2.28,0,0,0,0,31.31,3,0.0,,,
2386,1.5080,-0.1174,0.0900,2.610,husk,1.000,17.39,1,1,1,0,40.52,3,2.4,43,2384,
2387,1.5080,-0.1100,-0.0549,3.001,good,0.000,2.49,0,0,0,0,27.11,3,0.0,,,
2388,1.5080,-0.1100,-0.1291,2.959,good,0.000,2.80,0,0,0,0,28.05,3,0.0,,,
2389,1.5080,-0.1084,-0.2011,2.999,sour,1.000,17.30,1,1,1,0,26.54,3,3.2,6,2385,2385
2394,1.5080,-0.1192,-0.0687,3.023,good,0.000,1.91,0,0,0,0,29.52,2,0.0,,,
2395,1.5080,-0.1152,0.0073,3.002,faded,0.997,7.27,1,1,1,0,28.63,2,3.2,32|33,2406|2427,
2396,1.5080,-0.1182,-0.2258,2.935,good,0.001,1.63,0,0,0,0,31.27,2,0.0,,,
2407,1.5080,-0.1070,0.0319,3.000,good,0.311,3.42,0,0,0,0,25.92,1,0.0,,,
2408,1.5080,-0.1038,-0.0133,3.000,good,0.001,3.55,0,0,0,0,24.85,1,0.0,,,
2391,1.5120,-0.1122,-0.1254,3.011,good,0.000,2.21,0,0,0,0,29.42,3,0.0,,,
2392,1.5120,-0.1130,-0.2103,2.635,good,0.002,1.96,0,0,0,0,39.75,3,0.0,,,
2393,1.5120,-0.1095,-0.0930,3.005,good,0.000,2.90,0,0,0,0,28.59,3,0.0,,,
2401,1.5120,-0.1196,-0.1061,3.147,good,0.001,10.46,0,0,0,0,28.60,2,0.0,,,
2404,1.5120,-0.1193,0.1052,2.985,good,0.000,2.10,0,0,0,0,32.24,2,0.0,,,
2405,1.5120,-0.1186,-0.0389,3.077,good,0.004,3.01,0,0,0,0,29.77,2,0.0,,,
2406,1.5120,-0.1170,0.1200,2.915,good,0.000,3.16,0,0,0,0,33.16,2,0.0,,,
2398,1.5160,-0.1151,0.2222,3.001,good,0.008,1.94,0,0,0,0,30.44,3,0.0,,,
2399,1.5160,-0.1151,0.2366,2.995,good,0.001,3.73,0,0,0,0,30.52,3,0.0,,,
2400,1.5160,-0.1118,-0.2299,2.997,good,0.005,3.08,0,0,0,0,29.34,3,0.0,,,
2402,1.5160,-0.1081,0.2164,3.007,good,0.000,3.19,0,0,0,0,27.82,3,0.0,,,
2403,1.5160,-0.1086,0.0868,3.020,good,0.000,2.23,0,0,0,0,27.64,3,0.0,,,
2413,1.5160,-0.1106,-0.0521,3.450,good,0.001,11.68,0,0,0,0,19.58,2,0.0,,,
2417,1.5160,-0.1196,-0.1835,2.894,faded,0.981,3.19,1,1,1,0,34.39,2,3.2,8,2413,
2418,1.5160,-0.1155,0.1599,3.407,good,0.003,2.20,0,0,0,0,21.71,2,0.0,,,
2425,1.5160,-0.1025,-0.2141,3.000,good,0.001,2.00,0,0,0,0,25.92,1,0.0,,,
2409,1.5200,-0.1150,-0.1563,3.000,good,0.001,2.95,0,0,0,0,28.74,3,0.0,,,
2410,1.5200,-0.1150,0.1385,2.782,good,0.000,7.06,0,0,0,0,34.31,3,0.0,,,
2411,1.5200,-0.1132,-0.0752,3.002,good,0.000,2.13,0,0,0,0,28.02,3,0.0,,,
2412,1.5200,-0.1369,0.0472,3.000,good,0.040,2.56,0,0,0,0,27.94,1,0.0,,,
2414,1.5200,-0.1095,-0.2212,3.003,good,0.025,2.46,0,0,0,0,26.68,3,0.0,,,
2415,1.5200,-0.1333,0.0556,3.000,good,0.000,2.95,0,0,0,0,26.71,1,0.0,,,
2416,1.5200,-0.1084,0.1804,2.999,good,0.000,1.68,0,0,0,0,26.39,3,0.0,,,
2420,1.5200,-0.1200,0.2380,3.450,black,1.000,50.67,1,1,1,0,20.62,2,3.2,62,2463,
2422,1.5200,-0.1191,0.1079,2.994,faded,1.000,4.84,1,1,1,0,29.99,2,3.2,45|46,2474,2474
2423,1.5200,-0.1144,-0.0522,2.355,good,0.012,3.71,0,0,0,0,47.80,2,0.0,,,
2424,1.5200,-0.1107,0.0523,3.016,good,0.007,7.42,0,0,0,0,26.57,2,0.0,,,
2419,1.5240,-0.1125,0.1904,2.946,good,0.002,4.03,0,0,0,0,30.67,3,0.0,,,
2421,1.5240,-0.1081,0.1571,3.011,good,0.000,2.05,0,0,0,0,27.60,3,0.0,,,
2429,1.5240,-0.1193,-0.1859,3.042,good,0.006,6.69,0,0,0,0,30.54,2,0.0,,,
2432,1.5240,-0.1184,0.1308,2.995,good,0.000,3.19,0,0,0,0,31.32,2,0.0,,,
2433,1.5240,-0.1187,0.1817,2.872,good,0.000,3.61,0,0,0,0,34.52,2,0.0,,,
2426,1.5280,-0.1135,0.2215,2.963,good,0.005,3.34,0,0,0,0,37.96,3,0.0,,,
2427,1.5280,-0.1249,0.0303,3.275,insect,0.685,9.75,1,1,1,0,30.52,2,3.2,35|36,,
2428,1.5280,-0.1246,-0.1448,3.000,sour,1.000,20.70,1,1,1,0,36.61,2,3.2,13,,
2430,1.5280,-0.1102,0.0623,2.989,good,0.000,2.64,0,0,0,0,36.04,3,0.0,,,
2431,1.5280,-0.1089,-0.0643,3.004,good,0.000,2.58,0,0,0,0,35.24,3,0.0,,,
2437,1.5280,-0.1173,0.0525,3.389,good,0.001,2.82,0,0,0,0,29.75,2,0.0,,,
2444,1.5280,-0.1126,-0.1403,3.000,sour,1.000,20.61,1,1,1,0,36.47,1,3.2,14|13,2450,
2445,1.5280,-0.1119,0.0350,3.000,insect,0.643,9.88,1,1,1,0,36.20,1,3.2,36,2462,
2446,1.5280,-0.1093,-0.1901,3.000,good,0.153,2.50,0,0,0,0,35.33,1,0.0,,,
2447,1.5280,-0.1050,-0.1829,3.000,good,0.000,2.94,0,0,0,0,33.90,1,0.0,,,
2434,1.5320,-0.1143,0.0157,2.844,good,0.000,3.12,0,0,0,0,33.71,3,0.0,,,
2435,1.5320,-0.1148,0.1937,2.658,good,0.058,12.45,0,0,0,0,39.12,3,0.0,,,
2436,1.5320,-0.1109,0.1095,2.997,insect,1.000,7.78,1,1,1,0,28.64,3,3.1,46|45,2464,2464
2441,1.5320,-0.1177,-0.0133,2.966,good,0.000,1.49,0,0,0,0,31.59,2,0.0,,,
2442,1.5320,-0.1178,0.2295,2.983,good,0.006,5.23,0,0,0,0,31.17,2,0.0,,,
2443,1.5320,-0.1171,0.0025,2.998,good,0.000,2.49,0,0,0,0,30.55,2,0.0,,,
2438,1.5360,-0.1154,-0.1412,2.852,good,0.002,3.51,0,0,0,0,35.57,3,0.0,,,
2439,1.5360,-0.1113,-0.1944,2.994,black,1.000,48.22,1,1,1,0,30.59,3,3.2,7|6,2467,2467
2440,1.5360,-0.1225,-0.2404,2.324,good,0.317,5.41,0,0,0,0,51.62,2,0.0,,,
2451,1.5360,-0.1178,-0.0885,3.006,good,0.000,2.61,0,0,0,0,32.34,2,0.0,,,
2452,1.5360,-0.1175,-0.0250,2.991,good,0.000,2.29,0,0,0,0,32.56,2,0.0,,,
2453,1.5360,-0.1170,0.0544,2.884,good,0.210,2.95,0,0,0,0,35.05,2,0.0,,,
2454,1.5360,-0.1159,-0.0577,3.099,good,0.000,2.05,0,0,0,0,29.42,2,0.0,,,
2462,1.5360,-0.1131,-0.2431,3.000,good,0.076,7.18,0,0,0,0,30.80,1,0.0,,,
2448,1.5400,-0.1156,-0.0996,2.938,faded,0.989,3.83,1,1,1,0,33.92,3,3.2,19,2454,
2449,1.5400,-0.1137,-0.1615,3.088,good,0.009,3.18,0,0,0,0,29.66,3,0.0,,,
2450,1.5400,-0.1141,-0.1253,2.662,good,0.461,3.58,0,0,0,0,40.85,3,0.0,,,
2457,1.5400,-0.1194,-0.1560,2.990,good,0.001,2.09,0,0,0,0,33.73,2,0.0,,,
2458,1.5400,-0.1187,0.1146,3.102,faded,0.997,4.37,1,1,1,0,30.79,2,3.2,46,2488,2488
2459,1.5400,-0.1188,0.1236,3.038,broken,0.951,2.19,1,1,1,0,32.29,2,2.4,47|48,2453,2453
2460,1.5400,-0.1181,0.1655,3.056,sour,1.000,14.99,1,1,1,0,31.58,2,3.2,53|52,2485,2485
2461,1.5400,-0.1153,-0.0445,2.993,sour,1.000,20.03,1,1,1,0,32.11,2,3.2,26,2484,
2455,1.5440,-0.1100,-0.1929,3.001,good,0.001,4.09,0,0,0,0,26.01,3,0.0,,,
2456,1.5440,-0.1067,-0.0491,3.450,good,0.613,13.37,1,1,1,0,15.90,3,3.2,25,2477|2484,2484
2465,1.5440,-0.1188,0.1118,3.270,good,0.000,2.53,0,0,0,0,22.80,2,0.0,,,
2466,1.5440,-0.1159,0.1929,3.012,good,0.000,2.24,0,0,0,0,27.52,2,0.0,,,
2463,1.5480,-0.1132,-0.0686,3.112,good,0.000,1.73,0,0,0,0,29.85,3,0.0,,,
2464,1.5480,-0.1119,-0.1431,2.998,good,0.006,2.52,0,0,0,0,31.97,3,0.0,,,
2471,1.5480,-0.1149,-0.0581,3.244,good,0.259,2.90,0,0,0,0,27.48,2,0.0,,,
2467,1.5520,-0.1391,-0.1971,3.000,good,0.005,3.69,0,0,0,0,29.06,1,0.0,,,
2468,1.5520,-0.1144,0.1502,3.028,good,0.000,2.36,0,0,0,0,28.02,3,0.0,,,
2469,1.5520,-0.1351,-0.1896,3.000,good,0.010,4.38,0,0,0,0,27.59,1,0.0,,,
2470,1.5520,-0.1094,-0.2289,2.671,insect,1.000,3.90,1,1,1,0,35.57,3,3.1,2,2487,2487
2480,1.5520,-0.1198,0.2148,2.802,good,0.000,2.24,0,0,0,0,35.55,2,0.0,,,
2481,1.5520,-0.1184,0.1147,2.877,good,0.000,2.80,0,0,0,0,32.95,2,0.0,,,
2482,1.5520,-0.1145,0.2018,3.354,good,0.085,8.49,0,0,0,0,20.97,2,0.0,,,
2483,1.5520,-0.1134,-0.1940,2.977,good,0.010,8.10,0,0,0,0,28.68,2,0.0,,,
2484,1.5520,-0.1125,0.1225,3.004,good,0.000,1.64,0,0,0,0,27.70,2,0.0,,,
2472,1.5560,-0.1144,-0.0341,3.001,good,0.000,3.63,0,0,0,0,27.93,3,0.0,,,
2473,1.5560,-0.1179,-0.2090,2.831,shell,0.994,48.50,1,1,1,0,33.38,3,2.4,5,2499,
2474,1.5560,-0.1103,0.0820,3.137,good,0.000,2.78,0,0,0,0,23.38,3,0.0,,,
2475,1.5560,-0.1106,0.0208,2.826,good,0.002,6.42,0,0,0,0,30.86,3,0.0,,,
2476,1.5560,-0.1097,-0.0647,2.961,faded,0.968,3.34,1,1,1,0,27.09,3,3.2,23,2501,2501
2477,1.5560,-0.1084,0.1866,3.002,good,0.001,2.54,0,0,0,0,25.63,3,0.0,,,
2478,1.5560,-0.1093,0.0057,2.994,good,0.002,3.31,0,0,0,0,26.10,3,0.0,,,
2479,1.5560,-0.1136,0.1231,2.386,good,0.139,4.86,0,0,0,0,45.68,3,0.0,,,
2490,1.5560,-0.1194,-0.0553,3.005,good,0.001,2.26,0,0,0,0,29.11,2,0.0,,,
2491,1.5560,-0.1181,-0.0875,2.984,faded,1.000,6.16,1,1,1,0,29.17,2,3.2,20,2521,2521
2492,1.5560,-0.1287,0.2139,3.000,good,0.016,3.85,0,0,0,0,28.31,1,0.0,,,
2485,1.5600,-0.1395,0.0240,3.000,good,0.000,2.22,0,0,0,0,31.49,1,0.0,,,
2486,1.5600,-0.1125,-0.1528,2.838,good,0.001,8.38,0,0,0,0,34.40,3,0.0,,,
2487,1.5600,-0.1112,-0.2187,2.995,good,0.007,2.19,0,0,0,0,29.96,3,0.0,,,
2488,1.5600,-0.1076,-0.2371,3.344,sour,1.000,16.19,1,1,1,0,21.49,3,3.2,1,2357,
2489,1.5600,-0.1345,-0.0045,3.000,good,0.000,2.95,0,0,0,0,29.52,1,0.0,,,
2495,1.5600,-0.1172,0.0794,3.450,good,0.036,2.85,0,0,0,0,22.28,2,0.0,,,
2496,1.5600,-0.1189,0.0051,3.146,good,0.099,3.53,0,0,0,0,28.86,2,0.0,,,
2497,1.5600,-0.1173,-0.2070,3.023,good,0.000,3.91,0,0,0,0,31.12,2,0.0,,,
2498,1.5600,-0.1187,-0.0196,2.993,good,0.001,2.48,0,0,0,0,32.31,2,0.0,,,
2499,1.5600,-0.1159,0.1006,3.233,sour,1.000,12.46,1,1,1,0,25.97,2,3.2,44|45,2514,
2500,1.5600,-0.1269,0.0274,3.000,good,0.000,2.19,0,0,0,0,30.79,1,0.0,,,
2501,1.5600,-0.1264,-0.0006,3.000,good,0.000,2.90,0,0,0,0,30.63,1,0.0,,,
2507,1.5600,-0.1143,0.0309,3.000,good,0.000,2.33,0,0,0,0,30.57,1,0.0,,,
2493,1.5640,-0.1136,0.1443,2.998,good,0.000,1.60,0,0,0,0,35.02,3,0.0,,,
2494,1.5640,-0.1109,0.1267,2.999,good,0.001,10.50,0,0,0,0,34.05,3,0.0,,,
2505,1.5640,-0.1275,-0.0424,3.000,good,0.002,11.85,0,0,0,0,35.56,1,0.0,,,
2506,1.5640,-0.1169,0.1913,3.312,good,0.001,4.97,0,0,0,0,29.14,2,0.0,,,
2517,1.5640,-0.1177,-0.0394,3.000,good,0.032,6.55,0,0,0,0,36.23,1,0.0,,,
2518,1.5640,-0.1106,-0.0484,3.000,good,0.000,2.36,0,0,0,0,33.88,1,0.0,,,
2519,1.5640,-0.1016,0.0344,3.000,good,0.000,2.12,0,0,0,0,30.87,1,0.0,,,
2502,1.5680,-0.1147,0.2055,2.934,good,0.002,2.33,0,0,0,0,33.88,3,0.0,,,
2503,1.5680,-0.1116,-0.1312,3.013,good,0.006,3.65,0,0,0,0,30.88,3,0.0,,,
2504,1.5680,-0.1088,-0.1499,2.998,good,0.000,1.16,0,0,0,0,30.25,3,0.0,,,
2515,1.5680,-0.1186,-0.1087,2.975,good,0.001,2.94,0,0,0,0,34.05,2,0.0,,,
2516,1.5680,-0.1158,-0.0702,3.346,good,0.001,2.60,0,0,0,0,25.03,2,0.0,,,
2530,1.5680,-0.1023,0.0111,3.000,good,0.000,2.86,0,0,0,0,27.96,1,0.0,,,
2508,1.5720,-0.1144,0.0411,2.997,good,0.000,2.15,0,0,0,0,27.51,3,0.0,,,
2509,1.5720,-0.1096,-0.0762,3.300,good,0.156,2.46,0,0,0,0,19.46,3,0.0,,,
2510,1.5720,-0.1101,-0.0297,2.998,good,0.001,2.42,0,0,0,0,25.95,3,0.0,,,
2511,1.5720,-0.1091,-0.1957,3.086,insect,0.856,4.88,1,1,1,0,23.57,3,3.1,6|7,2518|2542,2542
2512,1.5720,-0.1108,0.2346,3.006,good,0.000,3.73,0,0,0,0,25.87,3,0.0,,,
2513,1.5720,-0.1327,-0.1817,3.000,good,0.410,3.83,0,0,0,0,25.31,1,0.0,,,
2514,1.5720,-0.1071,0.0509,3.320,good,0.013,3.45,0,0,0,0,18.08,3,0.0,,,
2527,1.5720,-0.1186,-0.1666,3.214,good,0.000,3.08,0,0,0,0,23.69,2,0.0,,,
2528,1.5720,-0.1127,-0.1829,3.308,good,0.003,8.70,0,0,0,0,19.93,2,0.0,,,
2529,1.5720,-0.1170,-0.0414,2.023,good,0.166,8.33,0,0,0,0,62.90,2,0.0,,,
2539,1.5720,-0.1021,-0.0733,3.000,good,0.440,4.07,0,0,0,0,22.96,1,0.0,,,
2520,1.5760,-0.1104,-0.0941,3.302,good,0.058,5.61,0,0,0,0,22.36,3,0.0,,,
2521,1.5760,-0.1082,-0.2231,3.450,good,0.000,2.90,0,0,0,0,18.93,3,0.0,,,
2522,1.5760,-0.1241,0.0865,2.759,good,0.005,2.36,0,0,0,0,35.78,2,0.0,,,
2523,1.5760,-0.1093,-0.1982,3.000,good,0.004,3.74,0,0,0,0,28.27,3,0.0,,,
2524,1.5760,-0.1064,-0.0345,3.447,broken,0.956,3.61,1,1,1,0,18.34,3,2.4,27,2601,
2525,1.5760,-0.1096,0.2213,3.003,good,0.009,2.84,0,0,0,0,28.19,3,0.0,,,
2526,1.5760,-0.1091,0.0655,3.002,good,0.000,2.99,0,0,0,0,28.02,3,0.0,,,
2538,1.5760,-0.1182,0.1658,3.450,good,0.000,3.73,0,0,0,0,21.59,2,0.0,,,
2547,1.5760,-0.1131,0.0835,3.000,good,0.002,2.33,0,0,0,0,29.35,1,0.0,,,
2548,1.5760,-0.1057,-0.1630,3.000,good,0.000,3.08,0,0,0,0,26.89,1,0.0,,,
2531,1.5800,-0.1250,0.0520,3.301,good,0.001,2.55,0,0,0,0,23.67,2,0.0,,,
2532,1.5800,-0.1134,0.0696,3.003,good,0.001,4.09,0,0,0,0,30.50,3,0.0,,,
2533,1.5800,-0.1240,0.2023,3.003,good,0.001,3.64,0,0,0,0,29.94,2,0.0,,,
2534,1.5800,-0.1211,0.0431,2.999,good,0.000,2.04,0,0,0,0,29.07,2,0.0,,,
2535,1.5800,-0.1211,0.1943,2.938,good,0.022,5.94,0,0,0,0,30.55,2,0.0,,,
2536,1.5800,-0.1093,0.2182,2.998,good,0.000,2.81,0,0,0,0,29.05,3,0.0,,,
2537,1.5800,-0.1081,-0.1210,2.998,good,0.001,5.81,0,0,0,0,28.64,3,0.0,,,
2545,1.5800,-0.1175,-0.1869,2.991,good,0.000,2.70,0,0,0,0,31.89,2,0.0,,,
2546,1.5800,-0.1120,-0.1743,3.037,good,0.001,13.18,0,0,0,0,28.95,2,0.0,,,
2558,1.5800,-0.1105,0.1979,3.000,good,0.001,7.87,0,0,0,0,29.31,1,0.0,,,
2559,1.5800,-0.1103,0.0464,3.000,good,0.002,7.70,0,0,0,0,29.24,1,0.0,,,
2560,1.5800,-0.1033,0.1699,3.000,good,0.001,3.80,0,0,0,0,26.89,1,0.0,,,
2540,1.5840,-0.1304,0.1351,2.292,good,0.071,7.38,0,0,0,0,53.12,2,0.0,,,
2541,1.5840,-0.1139,-0.0034,2.986,faded,0.999,4.24,1,1,1,0,28.22,3,3.2,31,2598,2598
2542,1.5840,-0.1353,0.0942,3.000,insect,1.000,5.29,1,1,1,0,26.98,1,3.1,44|43,,
2543,1.5840,-0.1205,-0.2182,2.661,black,0.982,19.35,1,1,1,0,35.35,2,3.2,4|3,,
2544,1.5840,-0.1105,0.1148,2.573,good,0.000,2.13,0,0,0,0,38.24,3,0.0,,,
2556,1.5840,-0.1173,0.0969,2.721,insect,0.999,9.08,1,1,1,0,36.28,2,3.1,44,2529|2549,
2557,1.5840,-0.1178,-0.0666,2.917,good,0.002,4.69,0,0,0,0,31.01,2,0.0,,,
2568,1.5840,-0.1124,-0.2234,3.000,good,0.032,4.75,0,0,0,0,27.16,1,0.0,,,
2569,1.5840,-0.1068,-0.2146,3.000,black,1.000,57.07,1,1,1,0,25.28,1,3.2,4,2574,2574
2549,1.5880,-0.1097,-0.1265,3.450,good,0.000,2.03,0,0,0,0,16.98,3,0.0,,,
2550,1.5880,-0.1147,0.0872,2.998,good,0.000,2.37,0,0,0,0,27.74,3,0.0,,,
2551,1.5880,-0.1143,-0.1816,3.008,good,0.000,1.84,0,0,0,0,27.32,3,0.0,,,
2552,1.5880,-0.1135,-0.1509,3.003,good,0.039,2.53,0,0,0,0,27.13,3,0.0,,,
2553,1.5880,-0.1347,-0.1372,3.000,good,0.000,1.94,0,0,0,0,26.27,1,0.0,,,
2554,1.5880,-0.1111,-0.0268,2.986,good,0.000,3.62,0,0,0,0,26.70,3,0.0,,,
2555,1.5880,-0.1103,-0.0891,2.993,good,0.000,2.44,0,0,0,0,26.22,3,0.0,,,
2565,1.5880,-0.1189,-0.1048,3.054,good,0.000,2.91,0,0,0,0,27.60,2,0.0,,,
2566,1.5880,-0.1120,0.1305,2.298,good,0.067,8.13,0,0,0,0,48.14,2,0.0,,,
2567,1.5880,-0.1203,-0.1400,3.000,good,0.017,1.92,0,0,0,0,25.33,1,0.0,,,
2574,1.5880,-0.1171,-0.2053,3.000,black,1.000,50.93,1,1,1,0,28.26,1,3.2,5,2587,
2575,1.5880,-0.1059,-0.1428,3.000,good,0.000,2.04,0,0,0,0,24.50,1,0.0,,,
2561,1.5920,-0.1129,0.1753,2.995,good,0.043,3.90,0,0,0,0,39.45,3,0.0,,,
2562,1.5920,-0.1094,-0.0658,3.427,good,0.000,2.26,0,0,0,0,29.41,3,0.0,,,
2563,1.5920,-0.1131,-0.2030,2.546,good,0.002,17.91,0,0,0,0,51.97,3,0.0,,,
2564,1.5920,-0.1213,-0.0495,3.450,good,0.002,4.78,0,0,0,0,28.36,2,0.0,,,
2572,1.5920,-0.1193,-0.1297,2.998,good,0.008,6.56,0,0,0,0,41.31,2,0.0,,,
2573,1.5920,-0.1165,-0.2408,3.071,good,0.000,1.91,0,0,0,0,38.65,2,0.0,,,
2584,1.5920,-0.1067,-0.0457,3.000,good,0.002,4.71,0,0,0,0,37.01,1,0.0,,,
2585,1.5920,-0.1028,0.1267,3.000,good,0.010,8.08,0,0,0,0,35.73,1,0.0,,,
2570,1.5960,-0.1132,0.0458,2.994,good,0.023,3.23,0,0,0,0,30.21,3,0.0,,,
2571,1.5960,-0.1092,-0.1106,3.200,good,0.000,2.00,0,0,0,0,24.33,3,0.0,,,
2578,1.5960,-0.1180,-0.0790,3.274,good,0.000,2.81,0,0,0,0,25.50,2,0.0,,,
2579,1.5960,-0.1184,0.1584,3.107,good,0.482,3.76,0,0,0,0,29.16,2,0.0,,,
2580,1.5960,-0.1196,0.1785,2.987,good,0.000,2.39,0,0,0,0,32.37,2,0.0,,,
2581,1.5960,-0.1152,-0.2146,3.450,good,0.009,3.30,0,0,0,0,21.16,2,0.0,,,
2582,1.5960,-0.1179,0.0675,2.787,good,0.000,3.31,0,0,0,0,36.95,2,0.0,,,
2583,1.5960,-0.1171,-0.1763,2.997,good,0.000,3.47,0,0,0,0,31.17,2,0.0,,,
2576,1.6000,-0.1119,0.0076,2.988,good,0.000,3.22,0,0,0,0,29.44,3,0.0,,,
2577,1.6000,-0.1094,-0.0556,2.989,husk,1.000,13.24,1,1,1,0,28.51,3,2.4,24|25,2615,2615
2590,1.6000,-0.1196,0.1049,3.450,good,0.001,2.86,0,0,0,0,22.05,2,0.0,,,
2592,1.6000,-0.1190,0.1205,3.000,good,0.000,3.94,0,0,0,0,31.37,2,0.0,,,
2593,1.6000,-0.1172,-0.2267,3.118,good,0.000,2.04,0,0,0,0,27.99,2,0.0,,,
2594,1.6000,-0.1174,0.0499,2.999,good,0.001,2.97,0,0,0,0,30.76,2,0.0,,,
2586,1.6040,-0.1145,0.2001,2.999,good,0.000,2.02,0,0,0,0,31.82,3,0.0,,,
2587,1.6040,-0.1144,-0.1635,2.996,good,0.000,2.96,0,0,0,0,31.81,3,0.0,,,
2588,1.6040,-0.1136,-0.1816,2.895,good,0.000,2.11,0,0,0,0,33.98,3,0.0,,,
2589,1.6040,-0.1093,-0.1958,2.996,good,0.003,2.79,0,0,0,0,30.04,3,0.0,,,
2591,1.6040,-0.1093,-0.0754,2.994,good,0.000,2.85,0,0,0,0,30.03,3,0.0,,,
2598,1.6040,-0.1180,-0.0363,3.012,black,1.000,52.73,1,1,1,0,32.46,2,3.2,27,2608,2608
2595,1.6080,-0.1147,0.2121,2.997,good,0.015,2.83,0,0,0,0,31.80,3,0.0,,,
2596,1.6080,-0.1162,0.1493,2.603,sour,1.000,14.27,1,1,1,0,43.13,3,3.2,51|50,2655,
2597,1.6080,-0.1117,0.0438,3.040,good,0.000,1.80,0,0,0,0,29.69,3,0.0,,,
2600,1.6080,-0.1193,0.0853,3.450,good,0.015,5.87,0,0,0,0,23.57,2,0.0,,,
2603,1.6080,-0.1173,0.1796,2.992,good,0.001,2.84,0,0,0,0,32.57,2,0.0,,,
2599,1.6120,-0.1155,0.0059,3.003,good,0.000,4.04,0,0,0,0,31.54,3,0.0,,,
2601,1.6120,-0.1160,-0.1548,2.607,black,0.668,51.34,1,1,1,0,42.58,3,3.2,12|11,2624,
2602,1.6120,-0.1092,-0.0543,3.010,good,0.008,3.17,0,0,0,0,29.16,3,0.0,,,
2608,1.6120,-0.1193,-0.1991,3.147,good,0.001,3.31,0,0,0,0,29.31,2,0.0,,,
2609,1.6120,-0.1192,0.1923,3.108,good,0.003,3.12,0,0,0,0,30.10,2,0.0,,,
2610,1.6120,-0.1146,-0.0780,3.450,faded,0.992,6.46,1,1,1,0,21.76,2,3.2,22|21,2764,
2611,1.6120,-0.1142,0.0883,2.953,good,0.086,4.29,0,0,0,0,32.04,2,0.0,,,
2612,1.6120,-0.1086,-0.1546,3.450,good,0.020,2.78,0,0,0,0,19.92,2,0.0,,,
2604,1.6160,-0.1153,0.1419,2.998,good,0.000,2.81,0,0,0,0,30.56,3,0.0,,,
2605,1.6160,-0.1161,-0.1209,2.911,stick,1.000,26.31,1,1,1,0,32.89,3,2.4,16,2552,2552
2606,1.6160,-0.1103,0.0921,2.923,good,0.000,5.38,0,0,0,0,30.57,3,0.0,,,
2607,1.6160,-0.1073,-0.0888,3.345,good,0.001,2.85,0,0,0,0,20.54,3,0.0,,,
2616,1.6160,-0.1189,-0.1062,3.001,good,0.000,3.52,0,0,0,0,31.48,2,0.0,,,
2617,1.6160,-0.1161,0.0540,3.103,good,0.000,3.61,0,0,0,0,28.13,2,0.0,,,
2618,1.6160,-0.1170,0.1752,3.018,good,0.003,3.17,0,0,0,0,30.36,2,0.0,,,
2613,1.6200,-0.1110,0.2405,3.001,good,0.150,3.34,0,0,0,0,28.73,3,0.0,,,
2614,1.6200,-0.1093,0.0016,2.991,good,0.002,2.59,0,0,0,0,28.34,3,0.0,,,
2615,1.6200,-0.1141,0.0455,2.222,good,0.000,3.50,0,0,0,0,54.67,3,0.0,,,
2625,1.6200,-0.1177,-0.0112,3.450,sour,1.000,13.51,1,1,1,0,21.38,2,3.2,30,2650,
2626,1.6200,-0.1184,0.1864,3.000,good,0.000,2.96,0,0,0,0,31.01,2,0.0,,,
2627,1.6200,-0.1171,-0.1420,3.067,good,0.002,1.98,0,0,0,0,28.94,2,0.0,,,
2619,1.6240,-0.1141,0.1130,2.999,good,0.002,3.31,0,0,0,0,36.09,3,0.0,,,
2620,1.6240,-0.1143,0.0494,3.009,good,0.000,3.14,0,0,0,0,35.86,3,0.0,,,
2621,1.6240,-0.1054,0.1946,3.450,good,0.001,2.57,0,0,0,0,24.12,3,0.0,,,
2622,1.6240,-0.1120,-0.2342,3.005,good,0.001,3.07,0,0,0,0,35.09,3,0.0,,,
2623,1.6240,-0.1111,-0.1518,3.013,good,0.024,2.58,0,0,0,0,34.56,3,0.0,,,
2624,1.6240,-0.1342,-0.0232,3.000,good,0.415,4.24,0,0,0,0,34.56,1,0.0,,,
2629,1.6240,-0.1195,0.1212,2.998,good,0.375,1.48,0,0,0,0,37.71,2,0.0,,,
2630,1.6240,-0.1144,-0.0702,3.450,good,0.152,3.31,0,0,0,0,26.56,2,0.0,,,
2631,1.6240,-0.1165,0.1350,3.071,black,1.000,47.13,1,1,1,0,34.87,2,3.2,49,2668,2668
2632,1.6240,-0.1172,-0.0306,2.997,faded,1.000,4.63,1,1,1,0,36.79,2,3.2,28|27,2653,2653
2633,1.6240,-0.1132,-0.0190,3.001,good,0.007,6.76,0,0,0,0,35.33,2,0.0,,,
2634,1.6240,-0.1170,-0.1439,3.027,good,0.000,2.10,0,0,0,0,35.91,2,0.0,,,
2642,1.6240,-0.1053,0.0425,3.000,good,0.000,3.46,0,0,0,0,32.65,1,0.0,,,
2643,1.6240,-0.1035,-0.0145,3.000,sour,1.000,14.14,1,1,1,0,32.08,1,3.2,30|29,2650,
2628,1.6280,-0.1120,0.0335,2.925,good,0.010,2.50,0,0,0,0,31.93,3,0.0,,,
2639,1.6280,-0.1197,0.0519,2.990,good,0.000,2.44,0,0,0,0,32.89,2,0.0,,,
2640,1.6280,-0.1182,-0.0729,3.042,good,0.000,2.61,0,0,0,0,31.10,2,0.0,,,
2641,1.6280,-0.1161,0.1629,3.026,good,0.000,2.14,0,0,0,0,30.76,2,0.0,,,
2635,1.6320,-0.1159,0.0173,2.702,good,0.001,3.87,0,0,0,0,41.91,3,0.0,,,
2636,1.6320,-0.1118,-0.2145,3.013,good,0.002,2.96,0,0,0,0,32.24,3,0.0,,,
2637,1.6320,-0.1125,0.1882,3.011,good,0.001,4.83,0,0,0,0,32.49,3,0.0,,,
2638,1.6320,-0.1161,-0.1115,2.395,good,0.000,2.29,0,0,0,0,52.13,3,0.0,,,
2650,1.6320,-0.1169,0.1800,2.975,good,0.020,3.70,0,0,0,0,34.75,2,0.0,,,
2651,1.6320,-0.1114,-0.1549,3.450,good,0.000,2.51,0,0,0,0,23.06,2,0.0,,,
2662,1.6320,-0.1182,-0.0374,3.000,good,0.009,2.88,0,0,0,0,34.54,1,0.0,,,
2644,1.6360,-0.1131,-0.0457,3.003,good,0.000,2.80,0,0,0,0,38.77,3,0.0,,,
2645,1.6360,-0.1127,0.0584,2.963,good,0.029,8.73,0,0,0,0,39.53,3,0.0,,,
2646,1.6360,-0.1117,0.2103,3.001,good,0.031,2.84,0,0,0,0,38.26,3,0.0,,,
2647,1.6360,-0.1084,0.0886,3.006,good,0.094,2.88,0,0,0,0,37.00,3,0.0,,,
2648,1.6360,-0.1320,-0.0339,3.000,good,0.011,2.76,0,0,0,0,37.01,1,0.0,,,
2649,1.6360,-0.1118,-0.1351,2.451,good,0.032,3.30,0,0,0,0,54.04,3,0.0,,,
2656,1.6360,-0.1187,-0.0960,2.964,faded,1.000,5.38,1,1,1,0,41.36,2,3.2,19,2691,2691
2657,1.6360,-0.1183,-0.0738,3.003,good,0.003,2.63,0,0,0,0,40.19,2,0.0,,,
2658,1.6360,-0.1187,-0.0865,2.986,good,0.000,1.55,0,0,0,0,40.71,2,0.0,,,
2659,1.6360,-0.1167,-0.0038,2.999,good,0.002,3.76,0,0,0,0,39.72,2,0.0,,,
2660,1.6360,-0.1167,0.0397,3.004,good,0.000,4.53,0,0,0,0,39.56,2,0.0,,,
2661,1.6360,-0.1167,-0.1212,2.951,good,0.003,1.69,0,0,0,0,40.79,2,0.0,,,
2670,1.6360,-0.1044,-0.0409,3.000,good,0.005,2.73,0,0,0,0,35.52,1,0.0,,,
2652,1.6400,-0.1154,-0.0928,2.999,good,0.000,2.06,0,0,0,0,24.89,3,0.0,,,
2653,1.6400,-0.1187,0.0103,2.530,good,0.007,3.04,0,0,0,0,39.45,3,0.0,,,
2654,1.6400,-0.1085,0.0966,3.003,good,0.021,3.72,0,0,0,0,22.41,3,0.0,,,
2655,1.6400,-0.1102,0.1136,2.702,black,1.000,49.49,1,1,1,0,30.68,3,3.2,46,2680,
2669,1.6400,-0.1300,0.0392,3.000,good,0.007,4.72,0,0,0,0,25.52,1,0.0,,,
2663,1.6440,-0.1158,0.1482,3.000,good,0.000,1.81,0,0,0,0,30.84,3,0.0,,,
2664,1.6440,-0.1152,-0.2103,3.001,good,0.016,3.31,0,0,0,0,30.55,3,0.0,,,
2665,1.6440,-0.1119,-0.1956,2.991,good,0.001,2.16,0,0,0,0,29.68,3,0.0,,,
2666,1.6440,-0.1118,0.2174,2.986,good,0.004,3.27,0,0,0,0,29.69,3,0.0,,,
2667,1.6440,-0.1093,-0.0652,3.225,good,0.000,2.28,0,0,0,0,23.64,3,0.0,,,
2668,1.6440,-0.1330,-0.2351,3.000,good,0.000,5.43,0,0,0,0,28.41,1,0.0,,,
2673,1.6440,-0.1176,-0.1544,2.920,good,0.000,2.38,0,0,0,0,33.18,2,0.0,,,
2674,1.6440,-0.1121,0.0138,3.450,good,0.001,4.78,0,0,0,0,20.11,2,0.0,,,
2675,1.6440,-0.1212,-0.2394,3.000,good,0.000,5.52,0,0,0,0,28.35,1,0.0,,,
2682,1.6440,-0.1094,-0.2435,3.000,good,0.000,7.13,0,0,0,0,28.40,1,0.0,,,
2671,1.6480,-0.1100,0.2166,2.989,good,0.010,5.02,0,0,0,0,28.67,3,0.0,,,
2672,1.6480,-0.1123,-0.0813,2.506,good,0.000,2.00,0,0,0,0,43.05,3,0.0,,,
2680,1.6480,-0.1174,0.0323,2.998,sour,1.000,14.11,1,1,1,0,30.82,2,3.2,36|35,2707,2707
2681,1.6480,-0.1151,-0.1527,3.004,good,0.001,7.61,0,0,0,0,29.82,2,0.0,,,
2692,1.6480,-0.1192,-0.2116,3.000,good,0.005,3.12,0,0,0,0,31.30,1,0.0,,,
2676,1.6520,-0.1168,0.2220,2.866,good,0.000,2.64,0,0,0,0,35.35,3,0.0,,,
2677,1.6520,-0.1125,-0.0341,3.043,good,0.156,6.07,0,0,0,0,29.46,3,0.0,,,
2678,1.6520,-0.1143,-0.2118,2.194,shell,0.665,37.93,1,1,1,0,57.28,3,2.4,4|5,2719,
2679,1.6520,-0.1087,-0.1430,2.985,good,0.017,4.37,0,0,0,0,29.46,3,0.0,,,
2688,1.6520,-0.1186,-0.0173,3.000,good,0.036,2.75,0,0,0,0,32.35,2,0.0,,,
2689,1.6520,-0.1165,0.1002,2.990,good,0.001,2.08,0,0,0,0,31.88,2,0.0,,,
2690,1.6520,-0.1131,0.1458,3.215,good,0.002,6.95,0,0,0,0,25.69,2,0.0,,,
2691,1.6520,-0.1169,-0.0472,3.016,good,0.000,4.11,0,0,0,0,31.28,2,0.0,,,
2683,1.6560,-0.1143,-0.0486,2.999,good,0.000,1.79,0,0,0,0,31.69,3,0.0,,,
2684,1.6560,-0.1211,-0.2082,3.162,good,0.002,3.58,0,0,0,0,26.12,2,0.0,,,
2685,1.6560,-0.1092,-0.2210,3.025,faded,1.000,5.23,1,1,1,0,29.31,3,3.2,3,2702,
2686,1.6560,-0.1352,0.1778,3.000,insect,0.982,13.50,1,1,1,0,30.52,1,2.7,54,,
2687,1.6560,-0.1081,-0.1037,2.998,sour,1.000,20.05,1,1,1,0,29.46,3,3.2,18,2687,2687
2696,1.6560,-0.1174,0.0136,2.983,good,0.002,3.35,0,0,0,0,32.89,2,0.0,,,
2705,1.6560,-0.1085,-0.2051,3.000,good,0.001,3.38,0,0,0,0,29.49,1,0.0,,,
2693,1.6600,-0.1095,0.2176,3.017,good,0.002,9.21,0,0,0,0,27.29,3,0.0,,,
2694,1.6600,-0.1133,0.0517,3.007,good,0.000,2.27,0,0,0,0,28.75,3,0.0,,,
2695,1.6600,-0.1108,-0.0717,2.983,good,0.002,1.83,0,0,0,0,28.42,3,0.0,,,
2697,1.6640,-0.1143,-0.1991,2.860,good,0.001,2.41,0,0,0,0,40.86,3,0.0,,,
2698,1.6640,-0.1123,-0.1776,3.038,black,1.000,51.23,1,1,1,0,35.76,3,3.2,9,2740,
2699,1.6640,-0.1126,0.0739,2.987,faded,1.000,5.60,1,1,1,0,36.95,3,3.2,41,2715,
2700,1.6640,-0.1259,0.1225,2.736,stone,0.957,14.09,1,1,1,0,44.32,2,8.9,47|48|46,,
2701,1.6640,-0.1106,-0.0801,3.062,good,0.000,2.17,0,0,0,0,34.47,3,0.0,,,
2702,1.6640,-0.1112,0.2336,3.004,good,0.001,1.46,0,0,0,0,35.96,3,0.0,,,
2703,1.6640,-0.1080,0.0922,3.019,faded,0.540,3.79,1,1,1,0,34.53,3,3.2,43,2690,2690
2704,1.6640,-0.1096,-0.2244,2.601,good,0.000,2.32,0,0,0,0,46.16,3,0.0,,,
2709,1.6640,-0.1175,-0.1412,3.450,good,0.000,4.91,0,0,0,0,28.58,2,0.0,,,
2710,1.6640,-0.1156,-0.0697,3.139,good,0.000,2.37,0,0,0,0,34.17,2,0.0,,,
2715,1.6640,-0.1149,0.1256,3.000,stone,0.939,14.70,1,1,1,0,37.15,1,8.7,48|47|49,2700,
2707,1.6680,-0.1122,0.0152,2.717,good,0.003,2.21,0,0,0,0,37.07,3,0.0,,,
2708,1.6680,-0.1095,0.1980,2.997,good,0.007,6.84,0,0,0,0,28.83,3,0.0,,,
2712,1.6680,-0.1178,0.0545,2.990,good,0.001,3.34,0,0,0,0,31.73,2,0.0,,,
2713,1.6680,-0.1178,-0.2231,3.037,good,0.000,2.88,0,0,0,0,30.54,2,0.0,,,
2714,1.6680,-0.1168,0.1535,2.998,good,0.000,2.05,0,0,0,0,31.08,2,0.0,,,
2706,1.6720,-0.1326,0.2250,1.880,good,0.009,2.72,0,0,0,0,72.59,2,0.0,,,
2711,1.6720,-0.1125,0.1765,3.138,black,1.000,51.36,1,1,1,0,24.53,3,3.2,54,2745,
2719,1.6720,-0.1200,0.0325,2.988,faded,0.922,9.75,1,1,1,0,30.37,2,3.2,36|35,2711|2761,
2720,1.6720,-0.1193,-0.0425,2.997,good,0.000,3.01,0,0,0,0,29.86,2,0.0,,,
2721,1.6720,-0.1178,0.2065,3.351,good,0.045,6.09,0,0,0,0,21.64,2,0.0,,,
2722,1.6720,-0.1165,-0.1613,2.999,good,0.016,6.52,0,0,0,0,28.81,2,0.0,,,
2723,1.6720,-0.1166,-0.1088,2.941,sour,1.000,12.90,1,1,1,0,30.24,2,3.2,18|17,2777,2777
2724,1.6720,-0.1176,0.2217,1.871,good,0.001,2.34,0,0,0,0,72.81,2,0.0,,,
2716,1.6760,-0.1142,0.1128,3.003,good,0.011,3.11,0,0,0,0,27.32,3,0.0,,,
2717,1.6760,-0.1130,0.0792,2.679,good,0.461,7.70,0,0,0,0,35.45,3,0.0,,,
2718,1.6760,-0.1107,0.1888,3.013,sour,1.000,19.44,1,1,1,0,25.82,3,3.2,56|55,2689,2689
2729,1.6760,-0.1199,-0.2130,2.989,good,0.000,2.58,0,0,0,0,29.36,2,0.0,,,
2730,1.6760,-0.1198,0.1422,2.937,shell,1.000,8.59,1,1,1,0,30.62,2,2.4,50,2788,
2731,1.6760,-0.1187,-0.0096,3.112,good,0.001,2.77,0,0,0,0,26.00,2,0.0,,,
2732,1.6760,-0.1187,0.2398,3.107,good,0.010,2.04,0,0,0,0,26.07,2,0.0,,,
2733,1.6760,-0.1169,0.1279,2.998,good,0.040,4.70,0,0,0,0,28.02,2,0.0,,,
2741,1.6760,-0.1101,0.2189,3.000,good,0.001,2.74,0,0,0,0,25.67,1,0.0,,,
2725,1.6800,-0.1135,0.2285,3.006,good,0.000,2.25,0,0,0,0,37.95,3,0.0,,,
2726,1.6800,-0.1053,0.0828,3.450,good,0.003,10.02,0,0,0,0,26.36,3,0.0,,,
2727,1.6800,-0.1177,-0.1412,2.148,good,0.040,2.59,0,0,0,0,68.18,3,0.0,,,
2728,1.6800,-0.1098,0.0089,3.070,good,0.000,3.14,0,0,0,0,35.09,3,0.0,,,
2738,1.6800,-0.1181,-0.0786,2.994,good,0.000,6.36,0,0,0,0,39.56,2,0.0,,,
2739,1.6800,-0.1171,-0.0709,2.996,good,0.000,3.19,0,0,0,0,39.16,2,0.0,,,
2740,1.6800,-0.1128,0.1276,2.691,stick,1.000,23.15,1,1,1,0,45.72,2,2.4,48,2725,
2734,1.6840,-0.1141,0.1705,3.046,faded,0.832,4.48,1,1,1,0,27.13,3,3.2,53|54,2775,
2735,1.6840,-0.1380,0.0188,3.000,shell,1.000,7.03,1,1,1,0,28.14,1,2.4,34,,
2736,1.6840,-0.1093,-0.0050,3.154,good,0.001,2.93,0,0,0,0,23.11,3,0.0,,,
2737,1.6840,-0.1103,0.1930,3.017,good,0.003,3.23,0,0,0,0,26.42,3,0.0,,,
2744,1.6840,-0.1194,0.0155,2.821,good,0.043,4.82,0,0,0,0,34.41,2,0.0,,,
2745,1.6840,-0.1187,-0.2065,3.242,good,0.011,4.67,0,0,0,0,24.08,2,0.0,,,
2746,1.6840,-0.1185,0.1202,2.981,good,0.017,4.44,0,0,0,0,29.86,2,0.0,,,
2747,1.6840,-0.1194,-0.1857,2.765,good,0.004,2.78,0,0,0,0,35.85,2,0.0,,,
2748,1.6840,-0.1178,-0.0246,3.000,good,0.000,3.40,0,0,0,0,29.09,2,0.0,,,
2742,1.6880,-0.1135,-0.1540,3.002,good,0.000,2.13,0,0,0,0,29.77,3,0.0,,,
2743,1.6880,-0.1090,0.1913,3.000,black,0.999,22.01,1,1,1,0,28.25,3,3.2,56,2755|2812,2755|2812
2750,1.6880,-0.1200,0.0471,3.171,good,0.000,3.47,0,0,0,0,27.88,2,0.0,,,
2751,1.6880,-0.1197,-0.2250,3.001,good,0.000,2.34,0,0,0,0,31.70,2,0.0,,,
2752,1.6880,-0.1193,-0.0606,3.001,good,0.000,2.09,0,0,0,0,31.54,2,0.0,,,
2753,1.6880,-0.1175,-0.1649,2.905,good,0.000,2.61,0,0,0,0,33.25,2,0.0,,,
2754,1.6880,-0.1140,0.1810,3.294,good,0.000,4.21,0,0,0,0,23.34,2,0.0,,,
2749,1.6920,-0.1126,0.1499,3.016,good,0.000,2.56,0,0,0,0,29.94,3,0.0,,,
2758,1.6920,-0.1173,0.0783,2.995,good,0.001,6.19,0,0,0,0,31.97,2,0.0,,,
2759,1.6920,-0.1168,-0.2051,3.000,good,0.000,2.30,0,0,0,0,31.63,2,0.0,,,
2755,1.6960,-0.1147,-0.2206,2.995,good,0.000,2.40,0,0,0,0,28.35,3,0.0,,,
2756,1.6960,-0.1382,-0.0864,3.000,good,0.000,1.84,0,0,0,0,28.03,1,0.0,,,
2757,1.6960,-0.1113,0.1184,3.130,good,0.000,3.23,0,0,0,0,24.11,3,0.0,,,
2762,1.6960,-0.1264,-0.0821,3.000,good,0.000,1.82,0,0,0,0,28.06,1,0.0,,,
2770,1.6960,-0.1147,-0.0779,3.000,good,0.000,1.59,0,0,0,0,28.14,1,0.0,,,
2760,1.7000,-0.1082,-0.1778,3.008,good,0.004,14.11,0,0,0,0,28.68,3,0.0,,,
2761,1.7000,-0.1081,0.1312,3.024,good,0.000,2.53,0,0,0,0,28.23,3,0.0,,,
2768,1.7000,-0.1188,-0.1119,2.991,black,1.000,47.43,1,1,1,0,32.52,2,3.2,17,2793,2793
2769,1.7000,-0.1181,0.1134,3.004,good,0.000,4.48,0,0,0,0,31.87,2,0.0,,,
2780,1.7000,-0.1029,-0.0736,3.000,good,0.000,1.62,0,0,0,0,26.91,1,0.0,,,
2763,1.7040,-0.1146,0.1559,2.993,good,0.021,3.35,0,0,0,0,30.08,3,0.0,,,
2764,1.7040,-0.1130,0.0861,3.004,good,0.003,4.07,0,0,0,0,29.21,3,0.0,,,
2765,1.7040,-0.1137,-0.0225,3.022,good,0.002,1.60,0,0,0,0,28.98,3,0.0,,,
2766,1.7040,-0.1125,0.1402,2.923,good,0.000,2.36,0,0,0,0,30.95,3,0.0,,,
2767,1.7040,-0.1099,0.1910,2.993,good,0.008,3.02,0,0,0,0,28.32,3,0.0,,,
2775,1.7040,-0.1200,-0.0095,2.991,good,0.000,2.16,0,0,0,0,31.70,2,0.0,,,
2776,1.7040,-0.1159,-0.0601,2.474,good,0.004,15.81,0,0,0,0,45.38,2,0.0,,,
2777,1.7040,-0.1193,-0.1271,3.001,good,0.000,2.64,0,0,0,0,31.17,2,0.0,,,
2778,1.7040,-0.1170,0.1056,3.002,good,0.000,2.69,0,0,0,0,30.32,2,0.0,,,
2779,1.7040,-0.1147,0.0657,3.004,good,0.000,3.73,0,0,0,0,29.47,2,0.0,,,
2786,1.7040,-0.1061,-0.0559,3.000,good,0.022,2.84,0,0,0,0,26.72,1,0.0,,,
2771,1.7080,-0.1134,0.2276,3.253,good,0.003,4.61,0,0,0,0,25.47,3,0.0,,,
2772,1.7080,-0.1153,-0.1137,2.965,good,0.000,2.33,0,0,0,0,32.42,3,0.0,,,
2773,1.7080,-0.1143,-0.0410,2.870,good,0.027,5.20,0,0,0,0,34.47,3,0.0,,,
2774,1.7080,-0.1127,0.1682,3.020,good,0.000,2.57,0,0,0,0,30.18,3,0.0,,,
2785,1.7080,-0.1187,0.0278,2.944,good,0.000,2.05,0,0,0,0,33.96,2,0.0,,,
2792,1.7080,-0.1112,-0.0503,3.000,good,0.000,2.43,0,0,0,0,30.07,1,0.0,,,
2781,1.7120,-0.1154,-0.0760,2.946,good,0.000,1.97,0,0,0,0,42.83,3,0.0,,,
2782,1.7120,-0.1145,0.1914,2.980,good,0.000,3.05,0,0,0,0,41.63,3,0.0,,,
2783,1.7120,-0.1120,-0.1075,2.917,good,0.001,1.88,0,0,0,0,42.26,3,0.0,,,
2784,1.7120,-0.1102,-0.2167,3.002,good,0.111,11.68,0,0,0,0,39.58,3,0.0,,,
2788,1.7120,-0.1187,-0.1272,3.163,faded,0.999,4.57,1,1,1,0,38.68,2,3.2,15,2801,2801
2789,1.7120,-0.1181,-0.0465,3.409,good,0.012,2.02,0,0,0,0,33.45,2,0.0,,,
2790,1.7120,-0.1171,-0.0334,3.104,good,0.001,4.42,0,0,0,0,39.38,2,0.0,,,
2791,1.7120,-0.1145,-0.0009,3.086,good,0.001,4.62,0,0,0,0,38.90,2,0.0,,,
2797,1.7120,-0.1003,0.2308,3.000,good,0.002,4.59,0,0,0,0,36.17,1,0.0,,,
2787,1.7160,-0.1086,0.0575,2.992,good,0.019,7.27,0,0,0,0,29.08,3,0.0,,,
2796,1.7160,-0.1191,0.2053,2.940,good,0.495,11.41,0,0,0,0,33.79,2,0.0,,,
2809,1.7160,-0.1047,-0.0380,3.000,good,0.002,4.39,0,0,0,0,27.51,1,0.0,,,
2793,1.7200,-0.1356,0.0094,3.000,good,0.003,2.17,0,0,0,0,29.42,1,0.0,,,
2794,1.7200,-0.1217,-0.0570,2.873,good,0.000,2.38,0,0,0,0,31.94,2,0.0,,,
2795,1.7200,-0.1113,0.1373,2.609,faded,0.927,4.71,1,1,1,0,39.69,3,3.2,49,2805,
2804,1.7200,-0.1168,-0.2204,3.002,good,0.000,2.86,0,0,0,0,30.87,2,0.0,,,
2805,1.7200,-0.1301,0.2179,3.000,good,0.000,4.26,0,0,0,0,31.33,1,0.0,,,
2806,1.7200,-0.1152,-0.1874,3.450,broken,1.000,6.67,1,1,1,0,20.97,2,2.4,8|7,2921,
2807,1.7200,-0.1111,-0.1112,3.266,good,0.000,3.54,0,0,0,0,23.17,2,0.0,,,
2808,1.7200,-0.1227,0.0128,3.000,good,0.001,2.20,0,0,0,0,28.76,1,0.0,,,
2819,1.7200,-0.1200,0.2144,3.000,good,0.001,5.43,0,0,0,0,31.86,1,0.0,,,
2820,1.7200,-0.1102,-0.0615,3.000,good,0.000,2.23,0,0,0,0,28.60,1,0.0,,,
2821,1.7200,-0.1098,0.0161,3.000,good,0.001,2.06,0,0,0,0,28.45,1,0.0,,,
2798,1.7240,-0.1140,0.0860,2.985,good,0.000,2.28,0,0,0,0,31.52,3,0.0,,,
2799,1.7240,-0.1129,0.2334,2.898,good,0.000,3.30,0,0,0,0,33.23,3,0.0,,,
2800,1.7240,-0.1109,-0.0896,2.971,good,0.000,1.92,0,0,0,0,30.68,3,0.0,,,
2801,1.7240,-0.1096,0.1302,3.004,good,0.000,3.75,0,0,0,0,29.44,3,0.0,,,
2802,1.7240,-0.1098,-0.1108,2.994,good,0.001,2.60,0,0,0,0,29.71,3,0.0,,,
2803,1.7240,-0.1080,0.0366,3.054,insect,1.000,6.28,1,1,1,0,27.69,3,3.1,36,2857,2857
2816,1.7240,-0.1185,-0.1880,3.000,black,1.000,51.83,1,1,1,0,32.34,2,3.2,7|8,2851,2851
2817,1.7240,-0.1308,0.0284,3.000,good,0.000,2.40,0,0,0,0,32.43,1,0.0,,,
2818,1.7240,-0.1149,0.1561,2.969,good,0.006,9.68,0,0,0,0,31.84,2,0.0,,,
2824,1.7240,-0.1184,0.0333,3.000,good,0.000,2.47,0,0,0,0,32.26,1,0.0,,,
2825,1.7240,-0.1099,0.2109,3.000,good,0.000,5.25,0,0,0,0,29.42,1,0.0,,,
2810,1.7280,-0.1143,-0.0920,3.207,good,0.000,2.54,0,0,0,0,35.53,3,0.0,,,
2811,1.7280,-0.1149,0.1674,3.000,good,0.000,3.59,0,0,0,0,40.27,3,0.0,,,
2812,1.7280,-0.1143,0.0160,2.856,good,0.033,2.89,0,0,0,0,43.64,3,0.0,,,
2813,1.7280,-0.1138,0.1162,2.727,faded,0.993,4.02,1,1,1,0,46.95,3,3.2,46|47,2822,
2814,1.7280,-0.1101,0.2451,2.999,good,0.001,2.00,0,0,0,0,38.57,3,0.0,,,
2815,1.7280,-0.1092,-0.2104,3.006,good,0.000,2.76,0,0,0,0,38.04,3,0.0,,,
2822,1.7280,-0.1179,0.0561,3.450,sour,0.564,13.98,1,1,1,0,31.59,2,3.2,39|38,2886,
2835,1.7280,-0.1060,0.0382,3.000,good,0.000,2.91,0,0,0,0,37.09,1,0.0,,,
2823,1.7320,-0.1083,-0.0263,2.992,good,0.000,1.78,0,0,0,0,27.60,3,0.0,,,
2832,1.7320,-0.1167,-0.0739,3.024,good,0.000,2.75,0,0,0,0,29.60,2,0.0,,,
2833,1.7320,-0.1152,0.0097,3.013,good,0.017,8.09,0,0,0,0,29.33,2,0.0,,,
2834,1.7320,-0.1109,0.0608,3.213,good,0.000,5.40,0,0,0,0,23.47,2,0.0,,,
2826,1.7360,-0.1136,0.1041,3.013,good,0.000,2.01,0,0,0,0,28.50,3,0.0,,,
2827,1.7360,-0.1138,0.2257,2.987,black,1.000,52.17,1,1,1,0,29.11,3,3.2,60|61,2888,2888
2828,1.7360,-0.1117,0.0222,2.997,black,1.000,50.36,1,1,1,0,28.12,3,3.2,34|35,2854,2854
2829,1.7360,-0.1104,0.1480,2.995,sour,1.000,13.64,1,1,1,0,27.67,3,3.2,50|51,2833,2833
2830,1.7360,-0.1132,-0.1809,2.557,good,0.000,3.45,0,0,0,0,40.76,3,0.0,,,
2831,1.7360,-0.1089,-0.2068,3.028,good,0.029,10.19,0,0,0,0,26.33,3,0.0,,,
2840,1.7360,-0.1179,-0.0289,3.002,good,0.000,3.64,0,0,0,0,29.88,2,0.0,,,
2841,1.7360,-0.1171,-0.1438,3.090,insect,1.000,3.19,1,1,1,0,27.51,2,3.1,13,2837,2837
2842,1.7360,-0.1160,-0.1945,3.182,good,0.001,1.85,0,0,0,0,25.08,2,0.0,,,
2843,1.7360,-0.1150,0.1790,3.232,good,0.000,3.55,0,0,0,0,23.71,2,0.0,,,
2844,1.7360,-0.1155,0.1321,2.950,good,0.000,2.26,0,0,0,0,30.21,2,0.0,,,
2836,1.7400,-0.1136,-0.1101,2.987,good,0.000,2.09,0,0,0,0,29.63,3,0.0,,,
2837,1.7400,-0.1139,0.0692,2.926,good,0.001,2.19,0,0,0,0,31.18,3,0.0,,,
2838,1.7400,-0.1112,-0.0557,2.999,good,0.006,2.74,0,0,0,0,28.45,3,0.0,,,
2839,1.7400,-0.1101,-0.1747,3.000,good,0.000,2.67,0,0,0,0,28.03,3,0.0,,,
2849,1.7400,-0.1147,-0.1200,3.061,good,0.004,5.31,0,0,0,0,28.06,2,0.0,,,
2850,1.7400,-0.1163,-0.0220,2.995,good,0.003,3.41,0,0,0,0,30.11,2,0.0,,,
2851,1.7400,-0.1148,0.1854,3.012,good,0.000,3.22,0,0,0,0,29.12,2,0.0,,,
2856,1.7400,-0.1030,-0.1838,3.000,good,0.000,3.46,0,0,0,0,25.47,1,0.0,,,
2845,1.7440,-0.1149,0.1978,2.924,broken,0.780,2.98,1,1,1,0,42.94,3,2.4,57,2969,
2846,1.7440,-0.1152,0.0146,2.699,good,0.010,3.68,0,0,0,0,49.09,3,0.0,,,
2847,1.7440,-0.1123,0.1665,3.063,black,1.000,51.16,1,1,1,0,38.60,3,3.2,53,2856,
2848,1.7440,-0.1231,-0.1301,3.233,good,0.004,2.30,0,0,0,0,34.25,2,0.0,,,
2854,1.7440,-0.1176,-0.2217,2.888,good,0.001,2.82,0,0,0,0,44.54,2,0.0,,,
2855,1.7440,-0.1175,0.0302,3.008,good,0.002,4.67,0,0,0,0,41.47,2,0.0,,,
2864,1.7440,-0.1054,-0.1242,3.000,good,0.055,10.61,0,0,0,0,37.62,1,0.0,,,
2852,1.7480,-0.1137,-0.1560,3.010,good,0.001,6.81,0,0,0,0,28.28,3,0.0,,,
2853,1.7480,-0.1093,0.2206,2.773,good,0.004,5.17,0,0,0,0,32.71,3,0.0,,,
2862,1.7480,-0.1164,0.1167,3.010,good,0.000,3.25,0,0,0,0,29.07,2,0.0,,,
2863,1.7480,-0.1144,-0.0561,3.232,good,0.000,3.01,0,0,0,0,23.47,2,0.0,,,
2857,1.7520,-0.1159,-0.1464,2.984,good,0.000,2.53,0,0,0,0,29.91,3,0.0,,,
2858,1.7520,-0.1142,-0.1302,2.682,good,0.000,1.66,0,0,0,0,37.37,3,0.0,,,
2859,1.7520,-0.1166,0.1891,2.364,good,0.004,7.16,0,0,0,0,49.08,3,0.0,,,
2860,1.7520,-0.1100,-0.0521,2.996,good,0.000,3.50,0,0,0,0,27.51,3,0.0,,,
2861,1.7520,-0.1095,-0.0125,3.000,sour,1.000,17.05,1,1,1,0,27.21,3,3.2,30,2872,2872
2869,1.7520,-0.1199,0.1730,3.046,good,0.000,1.72,0,0,0,0,29.50,2,0.0,,,
2871,1.7520,-0.1191,-0.0952,2.998,good,0.000,1.80,0,0,0,0,30.34,2,0.0,,,
2872,1.7520,-0.1186,-0.0316,3.003,good,0.000,2.19,0,0,0,0,30.04,2,0.0,,,
2873,1.7520,-0.1180,0.1469,2.998,good,0.000,1.89,0,0,0,0,29.93,2,0.0,,,
2874,1.7520,-0.1163,0.2218,2.997,good,0.000,2.04,0,0,0,0,29.36,2,0.0,,,
2884,1.7520,-0.1014,-0.0592,3.000,good,0.000,2.81,0,0,0,0,24.32,1,0.0,,,
2865,1.7560,-0.1403,0.1153,3.000,good,0.010,2.74,0,0,0,0,28.16,1,0.0,,,
2866,1.7560,-0.1123,0.0437,3.001,good,0.000,3.58,0,0,0,0,26.68,3,0.0,,,
2867,1.7560,-0.1095,-0.2217,2.990,good,0.115,3.63,0,0,0,0,25.96,3,0.0,,,
2868,1.7560,-0.1084,-0.1122,3.095,good,0.001,2.10,0,0,0,0,23.15,3,0.0,,,
2870,1.7560,-0.1082,0.0921,2.997,good,0.000,3.18,0,0,0,0,25.26,3,0.0,,,
2878,1.7560,-0.1189,-0.1475,2.994,good,0.011,1.46,0,0,0,0,28.87,2,0.0,,,
2879,1.7560,-0.1193,0.0224,3.013,black,1.000,50.62,1,1,1,0,28.49,2,3.2,34|35,2894,2894
2880,1.7560,-0.1186,-0.0733,2.999,good,0.001,2.48,0,0,0,0,28.55,2,0.0,,,
2881,1.7560,-0.1177,-0.0242,3.277,good,0.001,3.72,0,0,0,0,22.09,2,0.0,,,
2882,1.7560,-0.1154,0.2086,3.219,good,0.002,3.33,0,0,0,0,22.49,2,0.0,,,
2883,1.7560,-0.1279,0.1184,3.000,good,0.003,2.97,0,0,0,0,27.54,1,0.0,,,
2895,1.7560,-0.1155,0.1215,3.000,good,0.000,2.93,0,0,0,0,27.40,1,0.0,,,
2896,1.7560,-0.1035,-0.1336,3.000,good,0.000,2.03,0,0,0,0,23.39,1,0.0,,,
2875,1.7600,-0.1151,-0.0840,2.995,good,0.000,3.17,0,0,0,0,28.71,3,0.0,,,
2876,1.7600,-0.1249,-0.0343,2.984,good,0.000,3.72,0,0,0,0,28.21,2,0.0,,,
2877,1.7600,-0.1109,0.0586,3.004,good,0.000,3.07,0,0,0,0,27.03,3,0.0,,,
2888,1.7600,-0.1196,-0.0454,3.000,stick,1.000,81.36,1,1,1,0,29.95,2,2.4,26|25,2941,2941
2894,1.7600,-0.1177,0.1851,2.997,good,0.000,2.31,0,0,0,0,29.34,2,0.0,,,
2904,1.7600,-0.1129,-0.0380,3.000,good,0.001,3.85,0,0,0,0,27.67,1,0.0,,,
2905,1.7600,-0.1046,-0.0286,3.000,good,0.000,3.61,0,0,0,0,24.89,1,0.0,,,
2906,1.7600,-0.1031,0.1246,3.000,good,0.139,2.99,0,0,0,0,24.39,1,0.0,,,
2885,1.7640,-0.1165,0.2198,2.944,good,0.118,5.70,0,0,0,0,42.27,3,0.0,,,
2886,1.7640,-0.1153,-0.2275,3.001,good,0.000,1.95,0,0,0,0,40.43,3,0.0,,,
2887,1.7640,-0.1116,0.1121,3.309,good,0.007,5.68,0,0,0,0,32.58,3,0.0,,,
2889,1.7640,-0.1106,-0.0301,3.209,good,0.026,2.08,0,0,0,0,34.22,3,0.0,,,
2890,1.7640,-0.1108,-0.1271,2.999,good,0.000,2.56,0,0,0,0,38.86,3,0.0,,,
2891,1.7640,-0.1089,-0.1884,3.013,good,0.000,2.89,0,0,0,0,37.85,3,0.0,,,
2892,1.7640,-0.1085,-0.0685,3.044,faded,1.000,4.12,1,1,1,0,37.00,3,3.2,23,2959,
2893,1.7640,-0.1083,-0.1722,3.003,good,0.000,1.56,0,0,0,0,37.81,3,0.0,,,
2900,1.7640,-0.1176,-0.1800,3.009,good,0.001,2.53,0,0,0,0,40.70,2,0.0,,,
2901,1.7640,-0.1158,0.0767,2.974,good,0.001,2.04,0,0,0,0,40.93,2,0.0,,,
2902,1.7640,-0.1160,0.1417,3.000,good,0.001,3.43,0,0,0,0,40.33,2,0.0,,,
2903,1.7640,-0.1128,0.1267,3.450,good,0.027,4.03,0,0,0,0,29.98,2,0.0,,,
2897,1.7680,-0.1262,-0.2242,3.409,good,0.020,3.62,0,0,0,0,21.11,2,0.0,,,
2898,1.7680,-0.1122,0.0175,3.000,good,0.000,3.55,0,0,0,0,29.42,3,0.0,,,
2899,1.7680,-0.1083,0.0403,2.997,good,0.000,1.76,0,0,0,0,28.13,3,0.0,,,
2910,1.7680,-0.1177,-0.0405,2.272,good,0.224,11.12,0,0,0,0,54.45,2,0.0,,,
2911,1.7680,-0.1189,-0.1979,3.450,faded,0.953,4.05,1,1,1,0,22.03,2,3.2,6,3004,
2912,1.7680,-0.1171,-0.2140,2.997,black,1.000,46.89,1,1,1,0,30.91,2,3.2,4,2960,2960
2919,1.7680,-0.1126,-0.2273,3.000,good,0.020,3.57,0,0,0,0,29.34,1,0.0,,,
2920,1.7680,-0.1080,-0.0355,3.000,good,0.011,3.28,0,0,0,0,27.78,1,0.0,,,
2907,1.7720,-0.1138,0.1434,3.000,good,0.000,1.91,0,0,0,0,30.61,3,0.0,,,
2908,1.7720,-0.1140,0.1972,2.945,good,0.000,2.16,0,0,0,0,31.93,3,0.0,,,
2909,1.7720,-0.1132,0.0830,2.689,black,1.000,52.45,1,1,1,0,38.52,3,3.2,42,2865,
2918,1.7720,-0.1158,-0.1481,2.995,good,0.005,2.40,0,0,0,0,31.22,2,0.0,,,
2926,1.7720,-0.1050,-0.2019,3.000,faded,0.988,4.08,1,1,1,0,27.47,1,3.2,6|5,3004,
2913,1.7760,-0.1382,-0.1687,3.000,good,0.008,4.38,0,0,0,0,29.55,1,0.0,,,
2914,1.7760,-0.1135,0.2264,3.001,good,0.000,3.11,0,0,0,0,29.19,3,0.0,,,
2915,1.7760,-0.1121,-0.2112,3.001,good,0.194,2.88,0,0,0,0,28.67,3,0.0,,,
2916,1.7760,-0.1124,-0.0602,3.008,husk,0.999,44.87,1,1,1,0,28.52,3,2.4,24,2982,
2917,1.7760,-0.1082,-0.0426,3.001,good,0.000,4.09,0,0,0,0,27.22,3,0.0,,,
2924,1.7760,-0.1165,0.0744,2.985,good,0.000,2.38,0,0,0,0,30.31,2,0.0,,,
2925,1.7760,-0.1277,-0.1654,3.000,good,0.105,4.71,0,0,0,0,29.72,1,0.0,,,
2933,1.7760,-0.1173,-0.1621,3.000,good,0.016,4.60,0,0,0,0,30.24,1,0.0,,,
2922,1.7800,-0.1112,-0.0916,2.970,good,0.000,2.89,0,0,0,0,31.41,3,0.0,,,
2923,1.7800,-0.1230,-0.0365,2.432,good,0.001,1.84,0,0,0,0,47.92,2,0.0,,,
2930,1.7800,-0.1187,-0.0223,3.006,good,0.000,2.57,0,0,0,0,32.91,2,0.0,,,
2931,1.7800,-0.1291,0.0107,3.000,good,0.000,2.76,0,0,0,0,32.54,1,0.0,,,
2932,1.7800,-0.1290,0.0206,3.000,good,0.038,3.86,0,0,0,0,32.47,1,0.0,,,
2943,1.7800,-0.1160,0.0138,3.000,good,0.025,9.65,0,0,0,0,32.15,1,0.0,,,
2944,1.7800,-0.1133,-0.0326,3.000,good,0.001,1.81,0,0,0,0,31.23,1,0.0,,,
2945,1.7800,-0.1069,-0.1588,3.000,good,0.008,4.52,0,0,0,0,29.10,1,0.0,,,
2921,1.7840,-0.1253,-0.0114,1.849,good,0.006,2.98,0,0,0,0,75.79,3,0.0,,,
2927,1.7840,-0.1148,0.0703,3.008,good,0.000,2.48,0,0,0,0,29.25,3,0.0,,,
2928,1.7840,-0.1124,-0.1068,2.994,good,0.000,7.75,0,0,0,0,28.77,3,0.0,,,
2929,1.7840,-0.1097,0.1355,3.003,good,0.000,3.60,0,0,0,0,27.63,3,0.0,,,
2938,1.7840,-0.1197,-0.0155,3.380,good,0.005,3.99,0,0,0,0,22.75,2,0.0,,,
2939,1.7840,-0.1189,-0.1194,2.992,good,0.000,3.13,0,0,0,0,30.87,2,0.0,,,
2940,1.7840,-0.1172,0.0218,3.105,faded,1.000,5.55,1,1,1,0,27.64,2,3.2,34,2983,2983
2941,1.7840,-0.1180,-0.1745,3.004,good,0.001,2.52,0,0,0,0,30.21,2,0.0,,,
2942,1.7840,-0.1174,-0.1981,2.975,good,0.000,3.01,0,0,0,0,30.64,2,0.0,,,
2934,1.7880,-0.1141,-0.1661,3.002,good,0.000,3.51,0,0,0,0,30.31,3,0.0,,,
2935,1.7880,-0.1125,-0.0800,3.003,good,0.000,1.83,0,0,0,0,29.68,3,0.0,,,
2936,1.7880,-0.1127,0.0059,2.865,good,0.011,3.19,0,0,0,0,33.13,3,0.0,,,
2937,1.7880,-0.1118,0.0734,2.998,good,0.002,3.60,0,0,0,0,29.49,3,0.0,,,
2949,1.7880,-0.1196,0.0576,2.931,shell,1.000,8.85,1,1,1,0,33.73,2,2.4,39,3000,
2950,1.7880,-0.1290,-0.0919,3.000,good,0.002,3.10,0,0,0,0,31.11,1,0.0,,,
2959,1.7880,-0.1109,-0.0917,3.000,good,0.002,3.28,0,0,0,0,29.07,1,0.0,,,
2946,1.7920,-0.1126,-0.1869,3.266,good,0.000,6.75,0,0,0,0,22.94,3,0.0,,,
2947,1.7920,-0.1139,0.2097,3.003,good,0.087,5.08,0,0,0,0,29.02,3,0.0,,,
2948,1.7920,-0.1084,-0.0602,2.988,good,0.009,2.80,0,0,0,0,27.53,3,0.0,,,
2955,1.7920,-0.1199,0.1460,3.119,good,0.001,3.19,0,0,0,0,28.20,2,0.0,,,
2956,1.7920,-0.1137,-0.1042,3.038,good,0.006,7.13,0,0,0,0,28.01,2,0.0,,,
2957,1.7920,-0.1170,-0.1156,2.997,good,0.000,2.08,0,0,0,0,30.02,2,0.0,,,
2958,1.7920,-0.1162,0.1587,3.007,faded,0.659,3.59,1,1,1,0,29.50,2,3.2,52,2970,2970
2968,1.7920,-0.1081,0.0612,3.000,shell,1.000,11.82,1,1,1,0,26.91,1,2.4,39|40,3000,
2951,1.7960,-0.1128,-0.0369,2.991,good,0.002,2.40,0,0,0,0,32.09,3,0.0,,,
2952,1.7960,-0.1128,-0.0766,3.055,good,0.000,2.83,0,0,0,0,30.49,3,0.0,,,
2953,1.7960,-0.1117,0.0030,2.997,good,0.000,3.60,0,0,0,0,31.43,3,0.0,,,
2954,1.7960,-0.1106,-0.0637,3.008,good,0.001,2.69,0,0,0,0,30.77,3,0.0,,,
2966,1.7960,-0.1166,0.2250,2.978,good,0.001,3.00,0,0,0,0,33.47,2,0.0,,,
2967,1.7960,-0.1168,0.1604,2.877,good,0.002,4.11,0,0,0,0,36.04,2,0.0,,,
2960,1.8000,-0.1069,-0.0194,3.450,good,0.032,10.18,0,0,0,0,20.25,3,0.0,,,
2961,1.8000,-0.1145,0.1366,2.974,good,0.000,3.07,0,0,0,0,32.33,3,0.0,,,
2962,1.8000,-0.1107,-0.1020,2.994,good,0.000,3.00,0,0,0,0,30.54,3,0.0,,,
2963,1.8000,-0.1110,-0.1947,2.900,good,0.000,2.02,0,0,0,0,32.91,3,0.0,,,
2964,1.8000,-0.1221,-0.0725,2.909,good,0.006,2.41,0,0,0,0,32.46,2,0.0,,,
2965,1.8000,-0.1080,-0.0522,3.000,insect,1.000,8.53,1,1,1,0,29.39,3,3.1,25,2994,2994
2973,1.8000,-0.1170,0.1701,2.996,insect,1.000,6.91,1,1,1,0,32.43,2,3.1,53,2980,2980
2974,1.8000,-0.1162,-0.2173,2.992,good,0.000,1.71,0,0,0,0,32.23,2,0.0,,,
2975,1.8000,-0.1087,-0.2307,2.996,broken,0.505,4.68,1,1,1,0,29.58,2,2.4,2,3049,
2985,1.8000,-0.1118,-0.0151,3.000,good,0.003,3.76,0,0,0,0,30.50,1,0.0,,,
2986,1.8000,-0.1105,-0.0766,3.000,good,0.016,2.44,0,0,0,0,30.06,1,0.0,,,
2987,1.8000,-0.1005,-0.0732,3.000,good,0.000,2.93,0,0,0,0,26.74,1,0.0,,,
2969,1.8040,-0.1154,0.1616,3.012,good,0.000,2.57,0,0,0,0,29.92,3,0.0,,,
2970,1.8040,-0.1161,-0.1797,2.995,good,0.000,2.24,0,0,0,0,30.52,3,0.0,,,
2971,1.8040,-0.1103,0.1040,2.914,good,0.000,7.54,0,0,0,0,30.47,3,0.0,,,
2972,1.8040,-0.1080,0.2194,3.021,good,0.000,1.86,0,0,0,0,27.13,3,0.0,,,
2982,1.8040,-0.1183,-0.1107,3.011,insect,1.000,5.17,1,1,1,0,30.74,2,3.1,17|18,3040,3040
2983,1.8040,-0.1186,-0.0690,2.999,good,0.000,5.22,0,0,0,0,31.05,2,0.0,,,
2984,1.8040,-0.1171,0.0252,3.006,faded,1.000,5.64,1,1,1,0,30.36,2,3.2,35,2993,2993
2976,1.8080,-0.1154,-0.2271,3.087,good,0.000,2.44,0,0,0,0,27.65,3,0.0,,,
2977,1.8080,-0.1149,0.0192,3.002,good,0.000,4.50,0,0,0,0,29.42,3,0.0,,,
2978,1.8080,-0.1148,0.0942,3.005,good,0.002,3.06,0,0,0,0,29.26,3,0.0,,,
2979,1.8080,-0.1137,-0.1271,2.997,faded,0.996,3.21,1,1,1,0,29.06,3,3.2,15,2991,
2980,1.8080,-0.1149,0.2329,2.475,insect,0.998,7.37,1,1,1,0,44.50,3,3.1,61|62,2977,
2981,1.8080,-0.1091,-0.1989,2.902,good,0.001,3.85,0,0,0,0,29.66,3,0.0,,,
2990,1.8080,-0.1183,-0.2145,3.002,good,0.001,2.63,0,0,0,0,30.27,2,0.0,,,
2988,1.8120,-0.1116,0.1166,3.008,shell,1.000,8.84,1,0,0,1,-7.92,3,2.4,46|47,2998,
2989,1.8120,-0.1203,-0.1070,2.791,good,0.319,5.48,0,0,0,0,-3.43,2,0.0,,,
2997,1.8120,-0.1196,0.1454,3.327,good,0.000,4.25,0,0,0,0,-12.39,2,0.0,,,
2998,1.8120,-0.1187,0.1813,3.182,good,0.044,4.72,0,0,0,0,-9.70,2,0.0,,,
2999,1.8120,-0.1181,-0.0684,2.888,good,0.003,5.70,0,0,0,0,-2.98,2,0.0,,,
3000,1.8120,-0.1189,-0.0458,2.991,good,0.001,2.25,0,0,0,0,-5.34,2,0.0,,,
3001,1.8120,-0.1175,0.0050,3.416,shell,1.000,8.96,1,0,0,1,-14.89,2,2.4,32,3062,
3002,1.8120,-0.1188,-0.1366,2.908,good,0.001,1.72,0,0,0,0,-3.37,2,0.0,,,
3003,1.8120,-0.1128,-0.1059,3.450,faded,0.683,8.40,1,0,0,1,-16.94,2,3.1,18,3009|3030|3042,
2991,1.8160,-0.1145,0.1675,3.001,good,0.000,2.51,0,0,0,0,28.82,3,0.0,,,
2992,1.8160,-0.1166,-0.1546,2.620,good,0.058,4.22,0,0,0,0,39.94,3,0.0,,,
2993,1.8160,-0.1118,0.2055,2.990,good,0.002,2.15,0,0,0,0,28.08,3,0.0,,,
2994,1.8160,-0.1129,0.0821,2.908,good,0.000,1.55,0,0,0,0,30.41,3,0.0,,,
2995,1.8160,-0.1109,0.0405,2.810,good,0.000,2.75,0,0,0,0,32.23,3,0.0,,,
2996,1.8160,-0.1089,0.0549,2.988,sour,1.000,14.02,1,1,1,0,27.04,3,3.2,39|38,3048,3048
3007,1.8160,-0.1190,-0.0417,2.884,good,0.000,2.49,0,0,0,0,33.00,2,0.0,,,
3008,1.8160,-0.1117,-0.1692,3.450,good,0.000,3.94,0,0,0,0,18.39,2,0.0,,,
3004,1.8200,-0.1088,0.0269,3.450,good,0.000,1.66,0,0,0,0,18.48,3,0.0,,,
3005,1.8200,-0.1112,0.0647,3.000,good,0.000,3.27,0,0,0,0,28.31,3,0.0,,,
3006,1.8200,-0.1099,0.1497,2.992,good,0.005,2.22,0,0,0,0,28.00,3,0.0,,,
3015,1.8200,-0.1160,0.0891,3.450,broken,0.612,7.53,1,1,1,0,20.43,2,2.4,43,3067,
3018,1.8200,-0.1190,-0.0320,2.965,good,0.018,2.22,0,0,0,0,31.60,2,0.0,,,
3019,1.8200,-0.1169,0.0485,3.040,good,0.025,3.38,0,0,0,0,29.06,2,0.0,,,
3020,1.8200,-0.1167,-0.1231,3.002,good,0.000,2.01,0,0,0,0,29.86,2,0.0,,,
3009,1.8240,-0.1157,0.1607,2.996,good,0.000,1.87,0,0,0,0,28.72,3,0.0,,,
3010,1.8240,-0.1143,0.2353,3.025,black,1.000,55.37,1,1,1,0,27.53,3,3.2,62|61,3043,3043
3011,1.8240,-0.1127,0.1466,2.959,good,0.001,6.08,0,0,0,0,28.48,3,0.0,,,
3012,1.8240,-0.1116,-0.2178,2.953,good,0.003,4.61,0,0,0,0,28.22,3,0.0,,,
3013,1.8240,-0.1106,-0.1023,2.975,good,0.001,2.54,0,0,0,0,27.33,3,0.0,,,
3014,1.8240,-0.1232,-0.2317,3.044,good,0.026,4.47,0,0,0,0,25.84,2,0.0,,,
3016,1.8240,-0.1095,-0.0184,2.999,good,0.114,3.54,0,0,0,0,26.31,3,0.0,,,
3017,1.8240,-0.1103,-0.1991,2.799,good,0.000,2.49,0,0,0,0,31.57,3,0.0,,,
3026,1.8240,-0.1198,-0.1978,3.002,broken,0.928,2.92,1,1,1,0,29.62,2,2.4,6,3017,3017
3027,1.8240,-0.1155,0.0469,2.997,good,0.229,3.14,0,0,0,0,28.24,2,0.0,,,
3028,1.8240,-0.1141,0.0923,2.708,good,0.470,4.98,0,0,0,0,35.38,2,0.0,,,
3032,1.8240,-0.1111,-0.2349,3.000,good,0.015,4.48,0,0,0,0,26.65,1,0.0,,,
3021,1.8280,-0.1146,-0.0376,3.005,good,0.000,2.14,0,0,0,0,40.11,3,0.0,,,
3022,1.8280,-0.1155,0.0322,2.999,good,0.019,3.52,0,0,0,0,40.50,3,0.0,,,
3023,1.8280,-0.1129,-0.2110,2.996,good,0.101,3.23,0,0,0,0,39.65,3,0.0,,,
3024,1.8280,-0.1079,0.1104,3.450,sour,1.000,22.14,1,1,1,0,28.83,3,3.2,46|45,3044,3044
3025,1.8280,-0.1087,0.0885,3.015,good,0.001,1.96,0,0,0,0,37.74,3,0.0,,,
3030,1.8280,-0.1177,0.0095,2.991,good,0.000,1.48,0,0,0,0,41.25,2,0.0,,,
3031,1.8280,-0.1147,-0.0499,3.004,good,0.000,3.03,0,0,0,0,39.89,2,0.0,,,
3029,1.8320,-0.1126,-0.1824,3.008,good,0.023,3.52,0,0,0,0,26.68,3,0.0,,,
3038,1.8320,-0.1193,-0.1966,2.991,good,0.000,3.90,0,0,0,0,29.27,2,0.0,,,
3039,1.8320,-0.1183,-0.0637,2.998,good,0.000,2.03,0,0,0,0,28.73,2,0.0,,,
3040,1.8320,-0.1168,-0.0838,3.113,good,0.000,2.32,0,0,0,0,25.51,2,0.0,,,
3041,1.8320,-0.1181,-0.0193,3.101,good,0.004,3.07,0,0,0,0,26.15,2,0.0,,,
3033,1.8360,-0.1094,0.2071,3.136,good,0.015,9.67,0,0,0,0,26.01,3,0.0,,,
3034,1.8360,-0.1127,0.1970,2.956,good,0.000,4.57,0,0,0,0,31.13,3,0.0,,,
3035,1.8360,-0.1122,-0.0122,2.972,good,0.000,2.27,0,0,0,0,30.53,3,0.0,,,
3036,1.8360,-0.1122,-0.2336,3.004,broken,0.960,3.03,1,1,1,0,29.73,3,2.4,2|1,3031,3031
3037,1.8360,-0.1087,0.0156,2.894,good,0.022,4.26,0,0,0,0,31.15,3,0.0,,,
3047,1.8360,-0.1192,-0.1155,2.900,good,0.000,2.37,0,0,0,0,34.57,2,0.0,,,
3049,1.8360,-0.1167,-0.0547,2.998,good,0.000,1.86,0,0,0,0,31.23,2,0.0,,,
3059,1.8360,-0.1175,0.1258,3.000,good,0.028,6.13,0,0,0,0,31.46,1,0.0,,,
3042,1.8400,-0.1073,-0.2225,3.450,good,0.000,3.97,0,0,0,0,17.08,3,0.0,,,
3043,1.8400,-0.1144,0.1650,3.063,good,0.000,3.16,0,0,0,0,26.94,3,0.0,,,
3044,1.8400,-0.1092,0.0292,3.006,good,0.001,3.50,0,0,0,0,26.48,3,0.0,,,
3045,1.8400,-0.1234,-0.0709,2.704,good,0.002,3.43,0,0,0,0,35.51,2,0.0,,,
3046,1.8400,-0.1091,0.0374,3.007,good,0.003,2.90,0,0,0,0,26.38,3,0.0,,,
3048,1.8400,-0.1137,0.2148,2.036,good,0.001,7.18,0,0,0,0,61.75,3,0.0,,,
3054,1.8400,-0.1193,-0.0098,3.005,good,0.000,2.35,0,0,0,0,29.72,2,0.0,,,
3055,1.8400,-0.1299,0.1782,3.000,good,0.005,5.63,0,0,0,0,29.39,1,0.0,,,
3056,1.8400,-0.1171,0.2247,2.918,good,0.001,2.40,0,0,0,0,31.10,2,0.0,,,
3057,1.8400,-0.1168,0.1331,2.889,good,0.000,1.74,0,0,0,0,31.71,2,0.0,,,
3058,1.8400,-0.1144,0.0923,3.215,good,0.001,4.52,0,0,0,0,23.33,2,0.0,,,
3067,1.8400,-0.1187,0.1823,3.000,good,0.000,2.46,0,0,0,0,29.54,1,0.0,,,
3068,1.8400,-0.1169,0.1746,3.000,good,0.001,1.62,0,0,0,0,28.93,1,0.0,,,
3069,1.8400,-0.1126,-0.0746,3.000,good,0.003,3.39,0,0,0,0,27.48,1,0.0,,,
3070,1.8400,-0.1019,0.1252,3.000,good,0.000,2.15,0,0,0,0,23.93,1,0.0,,,
3050,1.8440,-0.1136,0.1192,2.961,good,0.000,2.64,0,0,0,0,30.11,3,0.0,,,
3051,1.8440,-0.1130,-0.0442,3.002,sour,1.000,18.12,1,1,1,0,28.85,3,3.2,26,3099,
3052,1.8440,-0.1119,-0.1351,2.995,good,0.032,2.76,0,0,0,0,28.60,3,0.0,,,
3053,1.8440,-0.1091,0.2115,3.249,good,0.000,8.85,0,0,0,0,22.14,3,0.0,,,
3064,1.8440,-0.1191,0.1611,2.929,faded,0.972,3.22,1,1,1,0,32.57,2,3.2,52,3127,
3065,1.8440,-0.1174,0.1031,3.004,good,0.007,5.49,0,0,0,0,30.07,2,0.0,,,
3066,1.8440,-0.1163,-0.0797,2.967,good,0.000,3.69,0,0,0,0,30.57,2,0.0,,,
3077,1.8440,-0.1190,-0.2021,3.000,good,0.001,2.93,0,0,0,0,30.68,1,0.0,,,
3060,1.8480,-0.1148,0.0366,3.018,good,0.000,2.34,0,0,0,0,27.74,3,0.0,,,
3061,1.8480,-0.1127,-0.0474,2.997,good,0.000,1.90,0,0,0,0,27.50,3,0.0,,,
3062,1.8480,-0.1081,-0.0217,2.978,good,0.000,2.76,0,0,0,0,26.35,3,0.0,,,
3063,1.8480,-0.1226,0.1779,2.367,sour,1.000,14.65,1,1,1,0,46.48,2,3.2,54,3119,
3071,1.8480,-0.1174,0.1849,3.450,broken,0.672,13.06,1,1,1,0,19.39,2,2.5,55,2976|3119,
3072,1.8480,-0.1195,0.1124,3.012,good,0.000,2.15,0,0,0,0,29.18,2,0.0,,,
3073,1.8480,-0.1190,0.0650,3.000,good,0.000,2.96,0,0,0,0,29.30,2,0.0,,,
3074,1.8480,-0.1185,-0.2036,2.876,good,0.014,3.25,0,0,0,0,32.24,2,0.0,,,
3075,1.8480,-0.1163,0.0244,3.007,good,0.000,2.10,0,0,0,0,28.14,2,0.0,,,
3076,1.8480,-0.1152,0.0149,2.956,good,0.001,2.91,0,0,0,0,28.97,2,0.0,,,
3079,1.8520,-0.1182,0.0375,2.908,good,0.234,3.53,0,0,0,0,34.15,2,0.0,,,
3080,1.8520,-0.1156,0.0469,3.025,good,0.000,2.70,0,0,0,0,30.32,2,0.0,,,
3081,1.8520,-0.1161,0.0915,3.002,good,0.293,4.28,0,0,0,0,31.00,2,0.0,,,
3092,1.8520,-0.1196,0.1468,3.000,broken,0.998,13.86,1,1,1,0,32.20,1,2.4,50,3189,
3078,1.8560,-0.1349,0.1437,3.000,broken,0.999,14.44,1,1,1,0,28.81,1,2.4,50,3100,
3089,1.8560,-0.1181,-0.0949,2.996,good,0.004,13.15,0,0,0,0,31.13,2,0.0,,,
3090,1.8560,-0.1183,-0.0688,3.450,good,0.001,3.33,0,0,0,0,21.54,2,0.0,,,
3100,1.8560,-0.1044,0.1498,3.000,broken,0.998,15.45,1,1,1,0,26.40,1,2.4,51|50,3189,
3082,1.8600,-0.1144,0.0589,3.092,good,0.000,1.60,0,0,0,0,27.89,3,0.0,,,
3083,1.8600,-0.1150,0.1889,2.998,sour,1.000,12.59,1,1,1,0,30.19,3,3.2,56|55,3147,3147
3084,1.8600,-0.1119,-0.0220,3.007,good,0.000,3.15,0,0,0,0,28.90,3,0.0,,,
3085,1.8600,-0.1123,0.0242,3.041,good,0.002,9.54,0,0,0,0,28.18,3,0.0,,,
3086,1.8600,-0.1127,-0.2130,2.928,good,0.113,5.53,0,0,0,0,30.99,3,0.0,,,
3087,1.8600,-0.1238,-0.0463,2.693,good,0.002,2.75,0,0,0,0,37.40,2,0.0,,,
3088,1.8600,-0.1133,-0.1642,2.632,good,0.000,2.03,0,0,0,0,39.34,3,0.0,,,
3091,1.8600,-0.1096,-0.1752,2.599,good,0.019,1.95,0,0,0,0,38.89,3,0.0,,,
3097,1.8600,-0.1197,0.1393,3.007,good,0.000,2.72,0,0,0,0,31.25,2,0.0,,,
3099,1.8600,-0.1175,-0.0137,2.951,good,0.000,1.92,0,0,0,0,31.87,2,0.0,,,
3107,1.8600,-0.1130,-0.0509,3.000,good,0.004,2.76,0,0,0,0,29.17,1,0.0,,,
3108,1.8600,-0.1061,-0.2146,3.000,good,0.003,3.70,0,0,0,0,26.86,1,0.0,,,
3109,1.8600,-0.1041,-0.0726,3.000,good,0.000,3.30,0,0,0,0,26.18,1,0.0,,,
3093,1.8640,-0.1156,-0.1005,3.022,good,0.000,2.42,0,0,0,0,26.67,3,0.0,,,
3094,1.8640,-0.1123,0.1880,3.436,good,0.002,2.67,0,0,0,0,17.06,3,0.0,,,
3095,1.8640,-0.1125,-0.1860,3.031,good,0.003,2.71,0,0,0,0,25.35,3,0.0,,,
3096,1.8640,-0.1087,0.1016,3.046,good,0.003,2.70,0,0,0,0,23.66,3,0.0,,,
3098,1.8640,-0.1104,-0.0845,2.642,good,0.031,2.89,0,0,0,0,34.73,3,0.0,,,
3103,1.8640,-0.1195,-0.2431,3.450,good,0.010,5.37,0,0,0,0,18.71,2,0.0,,,
3105,1.8640,-0.1180,0.1688,3.198,good,0.005,5.44,0,0,0,0,23.20,2,0.0,,,
3106,1.8640,-0.1167,-0.1991,2.998,good,0.000,2.69,0,0,0,0,27.28,2,0.0,,,
3101,1.8680,-0.1143,-0.1790,2.993,good,0.001,4.67,0,0,0,0,29.88,3,0.0,,,
3102,1.8680,-0.1132,-0.0866,2.994,good,0.001,2.21,0,0,0,0,29.47,3,0.0,,,
3104,1.8680,-0.1072,-0.0662,3.297,good,0.003,1.67,0,0,0,0,21.06,3,0.0,,,
3113,1.8680,-0.1199,0.2256,2.884,good,0.005,4.16,0,0,0,0,34.36,2,0.0,,,
3114,1.8680,-0.1190,-0.0488,3.004,good,0.000,3.00,0,0,0,0,31.01,2,0.0,,,
3115,1.8680,-0.1184,-0.1590,2.999,good,0.002,2.91,0,0,0,0,30.87,2,0.0,,,
3116,1.8680,-0.1156,0.0607,3.151,black,1.000,49.49,1,1,1,0,26.43,2,3.2,39,3172,
3110,1.8720,-0.1147,-0.0914,3.000,good,0.017,5.09,0,0,0,0,33.64,3,0.0,,,
3111,1.8720,-0.1124,-0.1620,3.100,good,0.000,2.37,0,0,0,0,30.50,3,0.0,,,
3112,1.8720,-0.1096,0.2134,3.063,good,0.004,4.58,0,0,0,0,30.37,3,0.0,,,
3119,1.8720,-0.1171,-0.2163,2.998,faded,1.000,5.59,1,1,1,0,34.30,2,3.2,4,3142,
3117,1.8760,-0.1161,0.0421,2.999,faded,0.546,2.92,1,1,1,0,31.47,3,3.2,37,3176,
3118,1.8760,-0.1102,0.0660,2.988,good,0.000,4.79,0,0,0,0,29.71,3,0.0,,,
3123,1.8760,-0.1199,-0.1586,3.007,good,0.000,2.70,0,0,0,0,32.40,2,0.0,,,
3124,1.8760,-0.1172,0.0583,2.953,good,0.000,2.63,0,0,0,0,32.80,2,0.0,,,
3120,1.8800,-0.1126,0.0284,2.976,good,0.000,3.45,0,0,0,0,29.24,3,0.0,,,
3121,1.8800,-0.1124,0.1687,3.000,good,0.000,2.02,0,0,0,0,28.57,3,0.0,,,
3122,1.8800,-0.1095,-0.2268,2.999,sour,1.000,25.88,1,1,1,0,27.57,3,3.2,2|3,3130,
3131,1.8800,-0.1169,0.2147,3.014,good,0.001,7.22,0,0,0,0,29.58,2,0.0,,,
3132,1.8800,-0.1190,0.0092,3.002,good,0.000,2.41,0,0,0,0,30.53,2,0.0,,,
3125,1.8840,-0.1154,0.0509,2.980,good,0.000,2.30,0,0,0,0,31.36,3,0.0,,,
3126,1.8840,-0.1126,-0.0637,3.132,good,0.012,4.90,0,0,0,0,26.89,3,0.0,,,
3127,1.8840,-0.1119,-0.0523,3.007,good,0.001,2.81,0,0,0,0,29.45,3,0.0,,,
3128,1.8840,-0.1105,-0.0434,2.982,good,0.000,3.07,0,0,0,0,29.53,3,0.0,,,
3129,1.8840,-0.1130,0.1370,2.912,good,0.000,2.80,0,0,0,0,32.04,3,0.0,,,
3130,1.8840,-0.1103,0.0894,3.002,good,0.002,3.05,0,0,0,0,28.93,3,0.0,,,
3138,1.8840,-0.1192,0.1659,3.037,good,0.001,3.24,0,0,0,0,31.00,2,0.0,,,
3139,1.8840,-0.1188,-0.1167,2.900,good,0.019,2.18,0,0,0,0,34.25,2,0.0,,,
3149,1.8840,-0.1054,-0.0688,3.000,good,0.009,2.49,0,0,0,0,27.25,1,0.0,,,
3133,1.8880,-0.1149,0.0297,3.064,good,0.004,3.09,0,0,0,0,28.98,3,0.0,,,
3134,1.8880,-0.1134,-0.0092,3.002,good,0.001,2.65,0,0,0,0,29.84,3,0.0,,,
3135,1.8880,-0.1134,-0.1636,2.997,good,0.000,2.77,0,0,0,0,29.89,3,0.0,,,
3136,1.8880,-0.1127,0.1812,3.083,good,0.026,4.33,0,0,0,0,27.68,3,0.0,,,
3137,1.8880,-0.1065,0.0649,3.391,good,0.020,2.91,0,0,0,0,19.52,3,0.0,,,
3147,1.8880,-0.1180,0.1326,3.014,broken,0.967,1.89,1,1,1,0,30.90,2,2.4,48|49,3153,3153
3148,1.8880,-0.1176,0.2343,3.023,good,0.000,1.53,0,0,0,0,30.52,2,0.0,,,
3140,1.8920,-0.1128,-0.1369,3.400,good,0.003,4.53,0,0,0,0,23.09,3,0.0,,,
3141,1.8920,-0.1141,-0.1009,3.015,good,0.000,2.35,0,0,0,0,31.45,3,0.0,,,
3142,1.8920,-0.1355,0.1125,3.000,good,0.001,3.81,0,0,0,0,30.92,1,0.0,,,
3143,1.8920,-0.1104,0.0094,2.956,good,0.025,8.62,0,0,0,0,31.58,3,0.0,,,
3144,1.8920,-0.1087,0.0915,2.997,broken,0.680,3.01,1,1,1,0,30.00,3,2.4,43,3167,3167
3145,1.8920,-0.1090,-0.1854,2.984,good,0.000,2.34,0,0,0,0,30.32,3,0.0,,,
3146,1.8920,-0.1115,0.1196,2.751,good,0.000,5.38,0,0,0,0,37.14,3,0.0,,,
3150,1.8960,-0.1177,0.0176,2.452,good,0.000,2.46,0,0,0,0,46.20,3,0.0,,,
3151,1.8960,-0.1135,0.2037,3.002,good,0.017,2.93,0,0,0,0,28.48,3,0.0,,,
3152,1.8960,-0.1121,0.0561,3.070,good,0.000,3.46,0,0,0,0,26.39,3,0.0,,,
3153,1.8960,-0.1096,0.0698,3.004,sour,1.000,15.27,1,1,1,0,27.06,3,3.2,40|41,3175,3175
3154,1.8960,-0.1093,0.1408,3.047,good,0.001,3.23,0,0,0,0,25.90,3,0.0,,,
3155,1.8960,-0.1163,-0.0818,2.295,good,0.000,3.11,0,0,0,0,51.43,3,0.0,,,
3156,1.8960,-0.1087,0.0987,3.204,good,0.001,3.57,0,0,0,0,22.29,3,0.0,,,
3157,1.9000,-0.1154,-0.1254,2.842,faded,0.980,4.77,1,1,1,0,32.28,3,3.2,15|16,3241,
3158,1.9000,-0.1149,0.1473,2.812,good,0.000,3.93,0,0,0,0,32.79,3,0.0,,,
3159,1.9000,-0.1120,-0.0491,2.986,good,0.000,4.23,0,0,0,0,27.31,3,0.0,,,
3160,1.9000,-0.1167,-0.0169,2.353,good,0.005,3.71,0,0,0,0,48.40,3,0.0,,,
3161,1.9000,-0.1112,0.0790,3.001,good,0.000,2.53,0,0,0,0,26.62,3,0.0,,,
3162,1.9000,-0.1091,-0.1816,2.999,good,0.000,2.48,0,0,0,0,25.94,3,0.0,,,
3169,1.9000,-0.1187,0.2256,3.069,good,0.000,2.39,0,0,0,0,27.44,2,0.0,,,
3180,1.9000,-0.1173,-0.2008,3.000,shell,0.986,22.13,1,1,1,0,28.61,1,2.4,6,3224,
3163,1.9040,-0.1131,0.1436,3.002,good,0.000,2.98,0,0,0,0,30.13,3,0.0,,,
3164,1.9040,-0.1122,-0.0890,3.040,faded,0.852,3.52,1,1,1,0,28.90,3,3.2,20,3185,
3165,1.9040,-0.1124,-0.2139,2.996,good,0.006,3.50,0,0,0,0,29.95,3,0.0,,,
3166,1.9040,-0.1125,0.0462,3.000,good,0.000,2.80,0,0,0,0,29.84,3,0.0,,,
3167,1.9040,-0.1110,0.0907,3.002,good,0.011,4.22,0,0,0,0,29.25,3,0.0,,,
3168,1.9040,-0.1090,-0.1375,2.998,good,0.443,2.57,0,0,0,0,28.62,3,0.0,,,
3178,1.9040,-0.1191,0.1191,2.989,good,0.000,9.06,0,0,0,0,32.18,2,0.0,,,
3179,1.9040,-0.1198,0.0333,2.996,good,0.000,4.36,0,0,0,0,32.20,2,0.0,,,
3186,1.9040,-0.1041,-0.1221,3.000,faded,0.983,4.75,1,1,1,0,26.87,1,3.2,16,3241,
3170,1.9080,-0.1118,-0.0873,3.428,good,0.003,5.48,0,0,0,0,19.75,3,0.0,,,
3171,1.9080,-0.1127,-0.1846,2.997,good,0.005,2.59,0,0,0,0,28.89,3,0.0,,,
3172,1.9080,-0.1366,-0.1418,3.000,good,0.085,3.23,0,0,0,0,28.77,1,0.0,,,
3173,1.9080,-0.1355,0.2144,3.000,good,0.001,2.34,0,0,0,0,28.39,1,0.0,,,
3174,1.9080,-0.1085,0.1322,3.131,good,0.008,3.75,0,0,0,0,24.43,3,0.0,,,
3175,1.9080,-0.1359,0.2227,3.000,good,0.005,5.14,0,0,0,0,28.47,1,0.0,,,
3176,1.9080,-0.1096,0.0601,2.999,good,0.001,2.36,0,0,0,0,27.69,3,0.0,,,
3177,1.9080,-0.1103,-0.0642,2.955,good,0.000,3.07,0,0,0,0,28.93,3,0.0,,,
3181,1.9080,-0.1181,0.1451,2.997,good,0.000,5.93,0,0,0,0,30.50,2,0.0,,,
3182,1.9080,-0.1180,0.1659,3.132,good,0.000,3.97,0,0,0,0,27.32,2,0.0,,,
3183,1.9080,-0.1299,-0.1452,3.000,good,0.102,3.26,0,0,0,0,30.33,1,0.0,,,
3184,1.9080,-0.1156,0.0254,2.993,good,0.000,2.53,0,0,0,0,29.70,2,0.0,,,
3185,1.9080,-0.1115,0.2182,3.033,good,0.178,7.38,0,0,0,0,27.36,2,0.0,,,
3196,1.9080,-0.1000,-0.0860,3.000,faded,0.831,3.48,1,1,1,0,24.31,1,3.2,20|21,3185,
3193,1.9120,-0.1169,0.0400,3.299,good,0.000,3.33,0,0,0,0,23.63,2,0.0,,,
3194,1.9120,-0.1155,-0.1040,3.058,good,0.000,2.85,0,0,0,0,28.32,2,0.0,,,
3195,1.9120,-0.1231,-0.1485,3.000,good,0.059,3.33,0,0,0,0,28.19,1,0.0,,,
3200,1.9120,-0.1164,-0.1518,3.000,good,0.058,3.35,0,0,0,0,29.94,1,0.0,,,
3187,1.9160,-0.1152,-0.0558,2.996,good,0.000,3.89,0,0,0,0,30.50,3,0.0,,,
3188,1.9160,-0.1254,-0.0734,2.483,good,0.000,3.90,0,0,0,0,45.38,2,0.0,,,
3189,1.9160,-0.1088,-0.2198,3.144,good,0.000,2.96,0,0,0,0,24.95,3,0.0,,,
3190,1.9160,-0.1089,-0.1307,3.111,good,0.000,3.02,0,0,0,0,25.66,3,0.0,,,
3191,1.9160,-0.1078,0.1472,3.075,good,0.017,2.90,0,0,0,0,26.06,3,0.0,,,
3192,1.9160,-0.1106,0.0928,2.718,good,0.014,5.67,0,0,0,0,35.94,3,0.0,,,
3198,1.9160,-0.1175,-0.0916,3.004,good,0.000,1.65,0,0,0,0,30.82,2,0.0,,,
3199,1.9160,-0.1171,0.0483,3.004,good,0.010,4.00,0,0,0,0,30.68,2,0.0,,,
3209,1.9160,-0.1154,-0.0704,3.000,good,0.000,3.95,0,0,0,0,30.19,1,0.0,,,
3210,1.9160,-0.1097,-0.1551,3.000,good,0.192,3.51,0,0,0,0,28.26,1,0.0,,,
3197,1.9200,-0.1090,-0.0200,2.943,faded,0.976,3.69,1,1,1,0,28.36,3,3.2,29,3217,3217
3203,1.9200,-0.1190,-0.0821,3.112,good,0.000,5.88,0,0,0,0,27.63,2,0.0,,,
3207,1.9200,-0.1188,0.1352,3.006,good,0.000,2.09,0,0,0,0,30.02,2,0.0,,,
3208,1.9200,-0.1162,-0.1473,3.317,good,0.003,2.40,0,0,0,0,22.36,2,0.0,,,
3216,1.9200,-0.1029,-0.1584,3.000,good,0.049,3.51,0,0,0,0,24.81,1,0.0,,,
3201,1.9240,-0.1145,0.0429,2.956,good,0.028,3.38,0,0,0,0,33.60,3,0.0,,,
3202,1.9240,-0.1114,0.0119,3.011,good,0.000,3.87,0,0,0,0,31.14,3,0.0,,,
3204,1.9240,-0.1098,-0.1188,3.000,good,0.011,2.88,0,0,0,0,30.84,3,0.0,,,
3205,1.9240,-0.1116,0.1868,2.756,good,0.000,3.65,0,0,0,0,37.64,3,0.0,,,
3206,1.9240,-0.1079,0.0835,3.012,good,0.000,3.33,0,0,0,0,29.87,3,0.0,,,
3223,1.9240,-0.1030,-0.1506,3.000,good,0.001,2.15,0,0,0,0,28.48,1,0.0,,,
3211,1.9280,-0.1153,0.0907,3.063,good,0.303,6.26,0,0,0,0,31.13,3,0.0,,,
3212,1.9280,-0.1369,0.1191,3.000,good,0.002,3.10,0,0,0,0,31.79,1,0.0,,,
3213,1.9280,-0.1129,-0.1653,3.008,good,0.004,3.17,0,0,0,0,31.54,3,0.0,,,
3214,1.9280,-0.1083,-0.0223,3.195,good,0.000,17.67,0,0,0,0,25.93,3,0.0,,,
3215,1.9280,-0.1084,0.1022,2.980,good,0.003,3.49,0,0,0,0,30.64,3,0.0,,,
3220,1.9280,-0.1167,-0.2370,2.998,good,0.030,2.77,0,0,0,0,32.94,2,0.0,,,
3221,1.9280,-0.1124,0.1982,3.419,good,0.005,7.51,0,0,0,0,22.77,2,0.0,,,
3222,1.9280,-0.1249,0.1155,3.000,good,0.003,2.84,0,0,0,0,31.59,1,0.0,,,
3231,1.9280,-0.1129,0.1119,3.000,good,0.002,3.12,0,0,0,0,31.60,1,0.0,,,
3217,1.9320,-0.1242,-0.0465,3.450,good,0.023,3.64,0,0,0,0,27.05,2,0.0,,,
3218,1.9320,-0.1116,0.0361,3.005,good,0.000,2.31,0,0,0,0,36.41,3,0.0,,,
3219,1.9320,-0.1082,0.1881,2.989,good,0.000,2.60,0,0,0,0,35.62,3,0.0,,,
3230,1.9320,-0.1171,-0.0080,3.036,good,0.019,3.79,0,0,0,0,37.44,2,0.0,,,
3240,1.9320,-0.1102,-0.0503,3.000,good,0.050,3.63,0,0,0,0,35.97,1,0.0,,,
3224,1.9360,-0.1162,-0.2136,3.014,good,0.002,2.55,0,0,0,0,30.54,3,0.0,,,
3225,1.9360,-0.1151,0.2447,2.907,good,0.174,3.34,0,0,0,0,32.75,3,0.0,,,
3226,1.9360,-0.1169,0.0951,2.866,good,0.006,1.97,0,0,0,0,34.41,3,0.0,,,
3227,1.9360,-0.1144,-0.0097,3.001,good,0.000,1.52,0,0,0,0,30.13,3,0.0,,,
3228,1.9360,-0.1121,0.1921,3.133,good,0.002,2.08,0,0,0,0,26.33,3,0.0,,,
3229,1.9360,-0.1103,0.0345,3.001,good,0.000,3.05,0,0,0,0,28.65,3,0.0,,,
3234,1.9360,-0.1199,0.0176,3.137,good,0.012,2.60,0,0,0,0,28.65,2,0.0,,,
3235,1.9360,-0.1196,0.1189,2.892,good,0.006,6.05,0,0,0,0,34.46,2,0.0,,,
3236,1.9360,-0.1184,0.1585,2.994,good,0.000,2.76,0,0,0,0,31.44,2,0.0,,,
3237,1.9360,-0.1174,-0.0512,3.046,good,0.000,3.41,0,0,0,0,29.83,2,0.0,,,
3238,1.9360,-0.1169,-0.1491,3.012,good,0.058,10.58,0,0,0,0,30.44,2,0.0,,,
3239,1.9360,-0.1089,0.1235,3.450,sour,1.000,30.18,1,1,1,0,18.95,2,3.2,47|48,3304,
3232,1.9400,-0.1131,-0.1908,3.024,good,0.000,2.33,0,0,0,0,31.17,3,0.0,,,
3233,1.9400,-0.1100,-0.0159,2.913,good,0.001,2.83,0,0,0,0,32.74,3,0.0,,,
3242,1.9400,-0.1194,0.0309,3.450,good,0.001,5.11,0,0,0,0,24.19,2,0.0,,,
3244,1.9400,-0.1200,0.0098,2.999,good,0.000,3.34,0,0,0,0,33.91,2,0.0,,,
3246,1.9400,-0.1184,-0.2240,2.997,good,0.009,2.28,0,0,0,0,33.37,2,0.0,,,
3247,1.9400,-0.1152,-0.2369,3.044,good,0.012,6.53,0,0,0,0,31.18,2,0.0,,,
3248,1.9400,-0.1173,-0.1128,3.000,good,0.000,4.22,0,0,0,0,32.89,2,0.0,,,
3249,1.9400,-0.1154,0.0734,3.003,sour,1.000,13.23,1,1,1,0,32.17,2,3.2,41,3287,3287
3258,1.9400,-0.1048,-0.1458,3.000,good,0.002,10.52,0,0,0,0,28.64,1,0.0,,,
3241,1.9440,-0.1135,-0.1442,2.979,good,0.001,1.94,0,0,0,0,31.39,3,0.0,,,
3243,1.9440,-0.1106,-0.0965,2.958,good,0.024,4.31,0,0,0,0,30.87,3,0.0,,,
3245,1.9440,-0.1085,0.1019,3.003,good,0.001,3.85,0,0,0,0,29.03,3,0.0,,,
3256,1.9440,-0.1194,0.2300,3.111,good,0.002,8.44,0,0,0,0,30.08,2,0.0,,,
3257,1.9440,-0.1183,-0.0543,3.000,good,0.001,2.05,0,0,0,0,32.28,2,0.0,,,
3265,1.9440,-0.1182,-0.0919,3.000,good,0.002,4.61,0,0,0,0,32.26,1,0.0,,,
3266,1.9440,-0.1065,-0.2397,3.000,good,0.001,2.39,0,0,0,0,28.34,1,0.0,,,
3250,1.9480,-0.1128,0.1863,3.001,good,0.000,5.34,0,0,0,0,29.45,3,0.0,,,
3251,1.9480,-0.1136,-0.1948,3.000,good,0.000,2.60,0,0,0,0,29.70,3,0.0,,,
3252,1.9480,-0.1121,-0.0291,3.002,black,1.000,54.09,1,1,1,0,29.09,3,3.2,28,3294,3294
3253,1.9480,-0.1362,-0.0700,3.000,good,0.006,2.76,0,0,0,0,29.14,1,0.0,,,
3254,1.9480,-0.1096,-0.0842,2.964,good,0.010,6.37,0,0,0,0,29.09,3,0.0,,,
3255,1.9480,-0.1077,0.0386,3.086,good,0.002,5.87,0,0,0,0,25.65,3,0.0,,,
3261,1.9480,-0.1173,-0.1856,2.985,black,1.000,54.36,1,1,1,0,31.09,2,3.2,8,3316,3316
3262,1.9480,-0.1168,0.0266,2.956,good,0.000,3.03,0,0,0,0,31.46,2,0.0,,,
3263,1.9480,-0.1125,-0.2421,3.450,good,0.001,4.16,0,0,0,0,19.68,2,0.0,,,
3264,1.9480,-0.1229,-0.0735,3.000,good,0.009,2.76,0,0,0,0,28.38,1,0.0,,,
3278,1.9480,-0.1096,-0.0770,3.000,good,0.006,2.75,0,0,0,0,27.95,1,0.0,,,
3259,1.9520,-0.1132,0.0468,3.011,good,0.000,3.00,0,0,0,0,36.04,3,0.0,,,
3260,1.9520,-0.1118,-0.2053,3.001,good,0.001,1.54,0,0,0,0,35.77,3,0.0,,,
3274,1.9520,-0.1183,0.0806,3.005,good,0.001,7.36,0,0,0,0,37.78,2,0.0,,,
3275,1.9520,-0.1199,0.0943,2.976,good,0.000,5.48,0,0,0,0,38.99,2,0.0,,,
3276,1.9520,-0.1168,-0.2151,2.988,good,0.000,2.21,0,0,0,0,37.65,2,0.0,,,
3277,1.9520,-0.1155,-0.1791,3.024,good,0.000,2.75,0,0,0,0,36.33,2,0.0,,,
3267,1.9560,-0.1139,-0.1482,2.996,good,0.000,2.85,0,0,0,0,30.14,3,0.0,,,
3268,1.9560,-0.1137,-0.0306,2.987,good,0.000,3.13,0,0,0,0,30.25,3,0.0,,,
3269,1.9560,-0.1131,0.1796,3.010,good,0.000,3.36,0,0,0,0,29.45,3,0.0,,,
3270,1.9560,-0.1260,0.1142,2.723,good,0.000,2.48,0,0,0,0,37.61,2,0.0,,,
3271,1.9560,-0.1373,0.1458,3.000,good,0.247,3.78,0,0,0,0,29.72,1,0.0,,,
3272,1.9560,-0.1167,-0.2004,2.416,broken,0.988,9.46,1,1,1,0,48.28,3,2.4,6,3240,
3273,1.9560,-0.1081,-0.0653,2.995,insect,1.000,4.49,1,1,1,0,28.00,3,3.1,23,3300,3300
3282,1.9560,-0.1171,-0.1334,3.000,faded,0.888,4.58,1,1,1,0,30.82,2,3.2,14|15,3282,3282
3283,1.9560,-0.1165,-0.0055,2.997,good,0.000,2.12,0,0,0,0,30.63,2,0.0,,,
3284,1.9560,-0.1239,0.1496,3.000,good,0.248,3.79,0,0,0,0,29.02,1,0.0,,,
3296,1.9560,-0.1151,0.1174,3.000,good,0.000,2.47,0,0,0,0,30.09,1,0.0,,,
3297,1.9560,-0.1105,0.1533,3.000,good,0.182,3.85,0,0,0,0,28.53,1,0.0,,,
3279,1.9600,-0.1148,-0.0775,3.000,good,0.008,2.20,0,0,0,0,30.80,3,0.0,,,
3280,1.9600,-0.1130,0.2151,2.989,good,0.000,2.10,0,0,0,0,30.39,3,0.0,,,
3281,1.9600,-0.1142,-0.1020,2.997,black,1.000,47.80,1,1,1,0,30.57,3,3.2,18|19,3288,
3291,1.9600,-0.1170,-0.1539,2.706,good,0.004,6.75,0,0,0,0,39.22,2,0.0,,,
3292,1.9600,-0.1185,0.2077,3.000,good,0.000,3.42,0,0,0,0,31.82,2,0.0,,,
3293,1.9600,-0.1192,0.1791,2.896,good,0.020,2.27,0,0,0,0,34.64,2,0.0,,,
3294,1.9600,-0.1150,-0.1842,2.799,good,0.242,5.76,0,0,0,0,35.73,2,0.0,,,
3295,1.9600,-0.1101,0.1899,3.450,good,0.001,5.23,0,0,0,0,19.79,2,0.0,,,
3285,1.9640,-0.1144,-0.0353,3.212,broken,0.999,4.62,1,1,1,0,22.69,3,2.4,27,3335,3335
3286,1.9640,-0.1148,0.1025,2.924,good,0.001,3.01,0,0,0,0,29.30,3,0.0,,,
3287,1.9640,-0.1115,0.1856,3.347,good,0.004,3.50,0,0,0,0,19.00,3,0.0,,,
3288,1.9640,-0.1087,-0.2239,3.360,good,0.001,1.91,0,0,0,0,17.87,3,0.0,,,
3289,1.9640,-0.1104,0.0226,3.081,good,0.000,2.16,0,0,0,0,24.04,3,0.0,,,
3290,1.9640,-0.1201,-0.0589,3.394,good,0.193,8.70,0,0,0,0,16.54,2,0.0,,,
3302,1.9640,-0.1197,-0.2133,2.998,good,0.000,2.95,0,0,0,0,28.91,2,0.0,,,
3303,1.9640,-0.1195,0.0679,2.738,good,0.000,2.31,0,0,0,0,35.76,2,0.0,,,
3304,1.9640,-0.1170,0.1689,3.090,good,0.001,1.80,0,0,0,0,25.80,2,0.0,,,
3315,1.9640,-0.1101,-0.1520,3.000,good,0.009,2.66,0,0,0,0,25.60,1,0.0,,,
3316,1.9640,-0.1085,-0.0643,3.000,good,0.005,2.10,0,0,0,0,25.06,1,0.0,,,
3317,1.9640,-0.1050,-0.0557,3.000,good,0.001,3.48,0,0,0,0,23.89,1,0.0,,,
3318,1.9640,-0.1002,-0.1520,3.000,good,0.002,2.66,0,0,0,0,22.30,1,0.0,,,
3298,1.9680,-0.1154,0.1665,2.976,good,0.009,2.26,0,0,0,0,37.26,3,0.0,,,
3299,1.9680,-0.1151,-0.2324,2.976,good,0.000,2.42,0,0,0,0,37.07,3,0.0,,,
3300,1.9680,-0.1118,-0.1432,2.982,good,0.000,2.30,0,0,0,0,35.80,3,0.0,,,
3301,1.9680,-0.1094,-0.0871,3.000,good,0.000,2.74,0,0,0,0,34.50,3,0.0,,,
3309,1.9680,-0.1306,0.1003,3.000,sour,0.964,15.97,1,1,1,0,37.56,1,3.2,44|45,3320,
3311,1.9680,-0.1191,-0.1911,3.247,good,0.001,2.25,0,0,0,0,32.10,2,0.0,,,
3312,1.9680,-0.1164,0.0582,3.450,good,0.001,10.41,0,0,0,0,27.31,2,0.0,,,
3313,1.9680,-0.1176,-0.2070,2.845,good,0.024,3.63,0,0,0,0,41.03,2,0.0,,,
3314,1.9680,-0.1162,0.1307,3.003,good,0.011,3.51,0,0,0,0,36.50,2,0.0,,,
3325,1.9680,-0.1189,0.1046,3.000,insect,0.784,15.61,1,1,1,0,37.48,1,3.2,45,3314|3337|3338,
3305,1.9720,-0.1132,-0.2211,3.009,good,0.000,3.42,0,0,0,0,29.69,3,0.0,,,
3306,1.9720,-0.1117,-0.1568,2.968,good,0.000,3.24,0,0,0,0,30.12,3,0.0,,,
3307,1.9720,-0.1116,0.1416,3.001,good,0.000,2.86,0,0,0,0,29.24,3,0.0,,,
3308,1.9720,-0.1097,-0.0973,3.218,good,0.014,3.27,0,0,0,0,23.84,3,0.0,,,
3310,1.9720,-0.1052,0.1101,3.407,good,0.000,2.63,0,0,0,0,18.87,2,0.0,,,
3322,1.9720,-0.1163,0.2173,3.008,good,0.000,3.62,0,0,0,0,30.53,2,0.0,,,
3323,1.9720,-0.1162,-0.0351,3.114,good,0.000,2.10,0,0,0,0,28.02,2,0.0,,,
3324,1.9720,-0.1165,0.1954,2.993,good,0.002,11.22,0,0,0,0,30.88,2,0.0,,,
3319,1.9760,-0.1122,-0.1617,3.003,good,0.008,1.80,0,0,0,0,31.85,3,0.0,,,
3320,1.9760,-0.1118,-0.0517,2.989,good,0.026,2.64,0,0,0,0,32.01,3,0.0,,,
3321,1.9760,-0.1104,0.1066,3.029,good,0.002,5.79,0,0,0,0,30.57,3,0.0,,,
3330,1.9760,-0.1200,0.1454,3.003,good,0.000,3.46,0,0,0,0,34.31,2,0.0,,,
3332,1.9760,-0.1291,0.1097,3.000,good,0.164,3.90,0,0,0,0,33.41,1,0.0,,,
3326,1.9800,-0.1156,0.2000,3.007,good,0.000,3.93,0,0,0,0,30.40,3,0.0,,,
3327,1.9800,-0.1117,0.0423,2.999,good,0.000,3.44,0,0,0,0,29.20,3,0.0,,,
3328,1.9800,-0.1094,0.2327,3.009,good,0.000,2.84,0,0,0,0,28.19,3,0.0,,,
3329,1.9800,-0.1073,0.1575,3.336,good,0.361,7.48,0,0,0,0,20.68,3,0.0,,,
3331,1.9800,-0.1081,-0.0479,3.015,good,0.002,3.16,0,0,0,0,27.54,3,0.0,,,
3337,1.9800,-0.1191,-0.1694,2.952,good,0.001,2.59,0,0,0,0,32.70,2,0.0,,,
3338,1.9800,-0.1196,-0.0489,2.945,good,0.018,3.67,0,0,0,0,33.00,2,0.0,,,
3340,1.9800,-0.1160,-0.1330,3.008,good,0.001,2.16,0,0,0,0,30.23,2,0.0,,,
3341,1.9800,-0.1162,-0.1197,3.004,good,0.000,2.04,0,0,0,0,30.32,2,0.0,,,
3342,1.9800,-0.1217,0.1121,3.000,good,0.005,4.20,0,0,0,0,28.25,1,0.0,,,
3343,1.9800,-0.1060,-0.2405,3.450,good,0.014,2.35,0,0,0,0,18.03,2,0.0,,,
3347,1.9800,-0.1143,0.1144,3.000,good,0.151,3.90,0,0,0,0,29.73,1,0.0,,,
3333,1.9840,-0.1155,-0.0395,3.001,good,0.000,2.33,0,0,0,0,35.84,3,0.0,,,
3334,1.9840,-0.1141,0.2304,3.011,black,1.000,55.59,1,1,1,0,35.09,3,3.2,61,3382,3382
3335,1.9840,-0.1104,-0.0961,2.986,good,0.000,2.21,0,0,0,0,34.37,3,0.0,,,
3336,1.9840,-0.1081,0.0300,3.242,good,0.049,3.61,0,0,0,0,28.08,3,0.0,,,
3339,1.9840,-0.1117,-0.2397,2.447,good,0.002,2.57,0,0,0,0,50.35,3,0.0,,,
3346,1.9840,-0.1164,0.1130,3.034,good,0.000,2.04,0,0,0,0,35.11,2,0.0,,,
3357,1.9840,-0.1069,0.1168,3.000,good,0.001,3.92,0,0,0,0,32.72,1,0.0,,,
3344,1.9880,-0.1174,-0.0647,2.730,good,0.000,2.52,0,0,0,0,38.97,3,0.0,,,
3345,1.9880,-0.1123,0.1820,2.997,insect,1.000,3.75,1,1,1,0,30.15,3,3.1,55,3342,3342
3353,1.9880,-0.1184,-0.0279,3.007,good,0.000,2.05,0,0,0,0,31.86,2,0.0,,,
3354,1.9880,-0.1194,-0.1045,3.008,husk,1.000,51.10,1,1,1,0,32.12,2,2.4,18,3360,3360
3355,1.9880,-0.1157,0.1583,3.003,good,0.004,2.37,0,0,0,0,30.98,2,0.0,,,
3356,1.9880,-0.1136,-0.1380,3.450,good,0.000,3.25,0,0,0,0,21.03,2,0.0,,,
3366,1.9880,-0.0994,0.1192,3.000,insect,0.862,4.05,1,1,1,0,25.58,1,3.1,47,3398,
3348,1.9920,-0.1162,0.0106,3.001,good,0.000,2.44,0,0,0,0,29.72,3,0.0,,,
3349,1.9920,-0.1126,0.1970,3.090,good,0.002,2.23,0,0,0,0,26.40,3,0.0,,,
3350,1.9920,-0.1097,-0.0204,3.001,good,0.001,2.72,0,0,0,0,27.45,3,0.0,,,
3351,1.9920,-0.1091,-0.1996,2.914,good,0.000,2.71,0,0,0,0,29.29,3,0.0,,,
3352,1.9920,-0.1081,-0.0941,2.997,good,0.000,3.48,0,0,0,0,26.94,3,0.0,,,
3359,1.9920,-0.1185,0.0755,3.209,good,0.000,7.24,0,0,0,0,25.56,2,0.0,,,
3361,1.9920,-0.1194,-0.1400,2.990,good,0.000,2.03,0,0,0,0,30.82,2,0.0,,,
3363,1.9920,-0.1194,-0.2355,2.984,good,0.000,2.15,0,0,0,0,30.92,2,0.0,,,
3365,1.9920,-0.1174,0.1206,3.015,good,0.018,5.10,0,0,0,0,29.48,2,0.0,,,
3358,1.9960,-0.1140,-0.1517,2.999,good,0.000,6.92,0,0,0,0,33.41,3,0.0,,,
3360,1.9960,-0.1120,-0.1782,2.796,good,0.276,3.34,0,0,0,0,37.84,3,0.0,,,
3362,1.9960,-0.1106,-0.0581,2.638,sour,1.000,24.82,1,1,1,0,41.80,3,3.2,24,3361,
3364,1.9960,-0.1085,-0.1146,2.992,good,0.009,4.10,0,0,0,0,31.56,3,0.0,,,
3373,1.9960,-0.1181,-0.0646,2.988,good,0.000,2.95,0,0,0,0,34.83,2,0.0,,,
3374,1.9960,-0.1185,0.1242,3.134,good,0.001,4.28,0,0,0,0,31.53,2,0.0,,,
3375,1.9960,-0.1175,-0.0740,2.959,good,0.000,3.40,0,0,0,0,35.25,2,0.0,,,
3382,1.9960,-0.1011,0.0722,3.000,good,0.000,2.53,0,0,0,0,28.79,1,0.0,,,
3367,2.0000,-0.1153,0.0413,2.984,black,1.000,52.54,1,1,1,0,31.58,3,3.2,37,3381,3381
3368,2.0000,-0.1142,-0.0128,2.976,good,0.005,2.90,0,0,0,0,31.34,3,0.0,,,
3369,2.0000,-0.1136,-0.0399,2.999,good,0.000,2.04,0,0,0,0,30.53,3,0.0,,,
3370,2.0000,-0.1106,-0.0964,3.005,good,0.000,2.88,0,0,0,0,29.34,3,0.0,,,
3371,2.0000,-0.1091,-0.1735,3.003,good,0.064,3.65,0,0,0,0,28.89,3,0.0,,,
3372,2.0000,-0.1088,0.0490,3.008,good,0.000,2.83,0,0,0,0,28.65,3,0.0,,,
3379,2.0000,-0.1194,0.2221,2.988,good,0.002,1.92,0,0,0,0,32.61,2,0.0,,,
3380,2.0000,-0.1187,0.0827,2.992,black,1.000,46.76,1,1,1,0,32.24,2,3.2,42,3420,3420
3381,2.0000,-0.1184,-0.0786,2.989,husk,1.000,12.97,1,1,1,0,32.16,2,2.4,21|22,3426,
3376,2.0040,-0.1121,-0.1831,3.219,good,0.002,2.19,0,0,0,0,32.10,3,0.0,,,
3377,2.0040,-0.1112,-0.0543,2.995,shell,0.998,12.50,1,1,1,0,36.67,3,2.4,25|24,3402,3402
3378,2.0040,-0.1116,0.1089,2.645,good,0.005,2.65,0,0,0,0,46.07,3,0.0,,,
3386,2.0040,-0.1174,0.1341,3.000,faded,0.986,3.79,1,1,1,0,38.51,2,3.2,49|48,3351,3351
3383,2.0080,-0.1127,0.1685,3.001,good,0.000,1.74,0,0,0,0,31.22,3,0.0,,,
3384,2.0080,-0.1135,-0.1324,2.518,good,0.011,5.98,0,0,0,0,45.07,3,0.0,,,
3385,2.0080,-0.1088,0.1091,2.993,good,0.001,2.66,0,0,0,0,30.00,3,0.0,,,
3390,2.0080,-0.1177,-0.1478,3.447,good,0.002,2.68,0,0,0,0,23.35,2,0.0,,,
3391,2.0080,-0.1189,-0.1181,2.961,good,0.000,2.67,0,0,0,0,34.09,2,0.0,,,
3397,2.0080,-0.1067,-0.1295,3.000,good,0.000,2.29,0,0,0,0,29.05,1,0.0,,,
3387,2.0120,-0.1137,-0.0188,2.924,good,0.003,4.12,0,0,0,0,32.08,3,0.0,,,
3388,2.0120,-0.1108,-0.1352,3.112,good,0.056,7.82,0,0,0,0,26.66,3,0.0,,,
3389,2.0120,-0.1107,0.2254,2.997,good,0.000,1.69,0,0,0,0,29.19,3,0.0,,,
3395,2.0120,-0.1182,-0.2363,3.298,good,0.081,3.11,0,0,0,0,25.02,2,0.0,,,
3396,2.0120,-0.1169,-0.1143,3.263,good,0.000,2.48,0,0,0,0,25.26,2,0.0,,,
3392,2.0160,-0.1151,-0.0965,2.995,good,0.000,3.44,0,0,0,0,30.66,3,0.0,,,
3393,2.0160,-0.1130,0.0241,3.127,good,0.050,2.98,0,0,0,0,26.89,3,0.0,,,
3394,2.0160,-0.1123,0.1050,2.997,faded,0.999,4.59,1,1,1,0,29.56,3,3.2,45,3417,3417
3403,2.0160,-0.1200,-0.2110,3.002,good,0.002,3.93,0,0,0,0,31.95,2,0.0,,,
3404,2.0160,-0.1159,-0.0417,3.060,good,0.000,2.89,0,0,0,0,29.17,2,0.0,,,
3405,2.0160,-0.1147,0.1655,3.051,good,0.000,3.38,0,0,0,0,28.95,2,0.0,,,
3406,2.0160,-0.1251,0.0607,3.000,good,0.002,2.82,0,0,0,0,29.62,1,0.0,,,
3417,2.0160,-0.1061,0.0608,3.000,good,0.000,2.70,0,0,0,0,27.29,1,0.0,,,
3418,2.0160,-0.1051,-0.2394,3.000,good,0.010,2.89,0,0,0,0,26.94,1,0.0,,,
3398,2.0200,-0.1121,-0.0156,3.245,good,0.000,3.07,0,0,0,0,21.20,3,0.0,,,
3399,2.0200,-0.1124,-0.1590,3.002,good,0.000,2.58,0,0,0,0,26.54,3,0.0,,,
3400,2.0200,-0.1125,0.0494,3.016,faded,1.000,4.74,1,1,1,0,26.19,3,3.2,38,3488,3488
3401,2.0200,-0.1126,-0.1371,2.816,good,0.046,3.55,0,0,0,0,31.19,3,0.0,,,
3402,2.0200,-0.1134,-0.2008,2.515,insect,0.999,6.97,1,1,1,0,40.49,3,3.1,6,3429,
3413,2.0200,-0.1198,-0.0292,2.995,faded,1.000,5.80,1,1,1,0,28.98,2,3.2,28,3411,
3414,2.0200,-0.1147,0.1201,3.085,good,0.111,14.34,0,0,0,0,25.11,2,0.0,,,
3415,2.0200,-0.1177,-0.1719,3.020,good,0.001,3.89,0,0,0,0,27.56,2,0.0,,,
3416,2.0200,-0.1174,0.1762,3.208,good,0.002,3.27,0,0,0,0,23.23,2,0.0,,,
3426,2.0200,-0.1037,-0.0384,3.000,good,0.000,2.86,0,0,0,0,23.33,1,0.0,,,
3407,2.0240,-0.1135,-0.0383,3.102,good,0.000,1.75,0,0,0,0,25.43,3,0.0,,,
3408,2.0240,-0.1112,0.0258,3.205,good,0.000,2.72,0,0,0,0,22.47,3,0.0,,,
3409,2.0240,-0.1119,0.1863,2.992,good,0.000,1.70,0,0,0,0,27.35,3,0.0,,,
3410,2.0240,-0.1099,-0.1309,3.016,good,0.000,2.61,0,0,0,0,26.06,3,0.0,,,
3411,2.0240,-0.1103,-0.1509,3.001,good,0.000,1.90,0,0,0,0,26.54,3,0.0,,,
3412,2.0240,-0.1099,-0.0038,2.974,good,0.002,2.71,0,0,0,0,26.99,3,0.0,,,
3423,2.0240,-0.1195,-0.0785,2.967,good,0.000,3.68,0,0,0,0,30.36,2,0.0,,,
3424,2.0240,-0.1186,-0.1120,2.993,good,0.000,2.30,0,0,0,0,29.38,2,0.0,,,
3425,2.0240,-0.1159,0.0115,3.195,shell,0.999,5.05,1,1,1,0,23.89,2,2.4,33,3458,
3434,2.0240,-0.1046,0.1807,3.000,good,0.023,3.25,0,0,0,0,24.49,1,0.0,,,
3435,2.0240,-0.1034,-0.2040,3.000,insect,1.000,6.80,1,1,1,0,24.07,1,3.1,5|6,3429,
3419,2.0280,-0.1106,0.1145,3.408,sour,0.998,18.32,1,1,1,0,24.69,3,3.2,46,3481|3500,
3420,2.0280,-0.1273,0.1494,2.909,good,0.055,2.84,0,0,0,0,36.96,2,0.0,,,
3421,2.0280,-0.1132,0.1578,2.796,good,0.015,5.28,0,0,0,0,39.03,3,0.0,,,
3422,2.0280,-0.1239,0.1417,3.043,good,0.017,17.05,0,0,0,0,32.28,2,0.0,,,
3432,2.0280,-0.1188,0.0706,3.000,good,0.024,4.15,0,0,0,0,35.59,2,0.0,,,
3433,2.0280,-0.1173,-0.0374,3.175,good,0.000,2.56,0,0,0,0,31.08,2,0.0,,,
3440,2.0280,-0.1150,0.1453,3.000,good,0.096,11.69,0,0,0,0,34.29,1,0.0,,,
3441,2.0280,-0.1031,0.0085,3.000,shell,0.999,5.11,1,1,1,0,30.33,1,2.4,33|32,3458,
3427,2.0320,-0.1182,-0.2006,2.554,good,0.003,2.72,0,0,0,0,46.87,3,0.0,,,
3428,2.0320,-0.1142,0.0273,3.001,good,0.001,2.82,0,0,0,0,32.76,3,0.0,,,
3429,2.0320,-0.1144,-0.1109,3.019,good,0.003,2.32,0,0,0,0,32.37,3,0.0,,,
3430,2.0320,-0.1146,-0.1587,3.001,good,0.000,2.98,0,0,0,0,32.81,3,0.0,,,
3431,2.0320,-0.1098,-0.1368,3.003,black,1.000,48.21,1,1,1,0,31.13,3,3.2,14,3451,3451
3439,2.0320,-0.1185,-0.1799,3.034,good,0.000,2.31,0,0,0,0,33.21,2,0.0,,,
3436,2.0360,-0.1153,-0.1360,2.988,good,0.000,1.91,0,0,0,0,37.42,3,0.0,,,
3437,2.0360,-0.1056,0.0017,3.450,good,0.003,2.68,0,0,0,0,24.89,3,0.0,,,
3438,2.0360,-0.1091,0.1666,3.007,good,0.002,2.76,0,0,0,0,34.81,3,0.0,,,
3445,2.0360,-0.1176,0.1157,2.749,good,0.241,8.65,0,0,0,0,44.35,2,0.0,,,
3446,2.0360,-0.1159,-0.2144,2.989,good,0.000,1.95,0,0,0,0,37.41,2,0.0,,,
3442,2.0400,-0.1137,-0.1566,2.994,good,0.001,2.86,0,0,0,0,29.41,3,0.0,,,
3443,2.0400,-0.1113,0.0673,3.170,good,0.000,4.45,0,0,0,0,24.63,3,0.0,,,
3444,2.0400,-0.1082,-0.1071,3.004,good,0.000,2.83,0,0,0,0,27.23,3,0.0,,,
3450,2.0400,-0.1181,-0.0127,2.274,good,0.007,4.52,0,0,0,0,53.81,2,0.0,,,
3451,2.0400,-0.1168,0.2139,2.966,good,0.014,8.35,0,0,0,0,30.95,2,0.0,,,
3452,2.0400,-0.1188,-0.2233,2.997,good,0.003,2.89,0,0,0,0,30.82,2,0.0,,,
3453,2.0400,-0.1190,0.0793,2.894,good,0.000,1.76,0,0,0,0,33.48,2,0.0,,,
3454,2.0400,-0.1169,0.2276,3.000,good,0.000,2.55,0,0,0,0,30.07,2,0.0,,,
3465,2.0400,-0.1107,-0.0101,3.000,good,0.008,2.83,0,0,0,0,28.00,1,0.0,,,
3447,2.0440,-0.1177,0.1112,2.493,good,0.001,10.73,0,0,0,0,53.39,3,0.0,,,
3448,2.0440,-0.1090,-0.0669,3.063,black,0.996,21.57,1,1,1,0,34.25,3,3.2,23,3459|3491,3459|3491
3449,2.0440,-0.1083,0.1303,2.991,good,0.000,2.27,0,0,0,0,35.58,3,0.0,,,
3462,2.0440,-0.1185,-0.0800,2.982,good,0.000,3.45,0,0,0,0,39.13,2,0.0,,,
3463,2.0440,-0.1172,0.0511,2.997,good,0.000,2.39,0,0,0,0,38.29,2,0.0,,,
3464,2.0440,-0.1154,-0.0142,3.023,good,0.000,2.17,0,0,0,0,37.05,2,0.0,,,
3455,2.0480,-0.1388,-0.1714,3.000,good,0.044,5.49,0,0,0,0,36.01,1,0.0,,,
3456,2.0480,-0.1267,0.2142,3.148,good,0.000,3.06,0,0,0,0,32.27,2,0.0,,,
3457,2.0480,-0.1139,0.2382,3.006,good,0.000,2.69,0,0,0,0,35.36,3,0.0,,,
3458,2.0480,-0.1227,0.1493,3.450,good,0.003,3.53,0,0,0,0,24.73,2,0.0,,,
3459,2.0480,-0.1119,-0.0277,3.001,good,0.000,2.72,0,0,0,0,34.72,3,0.0,,,
3460,2.0480,-0.1133,-0.2285,2.673,good,0.001,3.78,0,0,0,0,43.89,3,0.0,,,
3461,2.0480,-0.1343,0.1100,3.000,good,0.000,4.31,0,0,0,0,34.18,1,0.0,,,
3471,2.0480,-0.1177,-0.1687,2.919,good,0.001,8.74,0,0,0,0,38.63,2,0.0,,,
3472,2.0480,-0.1177,-0.1968,2.997,good,0.002,2.82,0,0,0,0,36.67,2,0.0,,,
3473,2.0480,-0.1159,-0.0080,3.286,good,0.000,3.26,0,0,0,0,29.69,2,0.0,,,
3474,2.0480,-0.1166,0.1641,3.353,good,0.001,2.21,0,0,0,0,28.54,2,0.0,,,
3480,2.0480,-0.1141,0.2182,3.000,good,0.000,3.08,0,0,0,0,35.31,1,0.0,,,
3481,2.0480,-0.1087,0.1458,3.000,good,0.001,4.90,0,0,0,0,33.51,1,0.0,,,
3466,2.0520,-0.1162,0.0411,2.983,good,0.001,2.69,0,0,0,0,32.15,3,0.0,,,
3467,2.0520,-0.1141,-0.0433,2.994,good,0.000,2.75,0,0,0,0,31.14,3,0.0,,,
3468,2.0520,-0.1126,-0.0895,2.986,good,0.300,3.66,0,0,0,0,30.79,3,0.0,,,
3469,2.0520,-0.1136,0.1081,2.496,good,0.001,3.13,0,0,0,0,45.09,3,0.0,,,
3470,2.0520,-0.1099,0.2386,3.001,sour,1.000,12.72,1,1,1,0,29.43,3,3.2,62,3480,3480
3476,2.0560,-0.1257,0.0605,3.450,good,0.444,3.63,0,0,0,0,20.56,2,0.0,,,
3477,2.0560,-0.1277,-0.0010,2.743,sour,1.000,18.41,1,1,1,0,38.10,2,3.2,31|32,,
3478,2.0560,-0.1233,-0.2390,2.784,good,0.486,4.51,0,0,0,0,35.23,2,0.0,,,
3479,2.0560,-0.1079,0.0100,3.023,good,0.000,2.57,0,0,0,0,27.75,3,0.0,,,
3486,2.0560,-0.1176,-0.1519,3.450,good,0.002,2.61,0,0,0,0,22.00,2,0.0,,,
3487,2.0560,-0.1153,-0.0424,3.072,good,0.000,2.63,0,0,0,0,29.00,2,0.0,,,
3496,2.0560,-0.1167,-0.0050,3.000,sour,1.000,18.12,1,1,1,0,31.13,1,3.2,31,3498,
3497,2.0560,-0.1114,0.0637,3.000,good,0.018,3.60,0,0,0,0,29.34,1,0.0,,,
3475,2.0600,-0.1136,0.0422,2.208,good,0.002,3.02,0,0,0,0,60.63,4,0.0,,,
3482,2.0600,-0.1137,-0.0604,2.931,good,0.005,4.06,0,0,0,0,36.73,3,0.0,,,
3483,2.0600,-0.1147,0.1374,2.956,good,0.001,2.43,0,0,0,0,36.41,3,0.0,,,
3484,2.0600,-0.1139,-0.0322,2.973,sour,1.000,13.21,1,1,1,0,35.71,3,3.2,27|28,3504,3504
3485,2.0600,-0.1395,-0.0835,3.000,faded,0.527,4.12,1,1,1,0,35.55,1,3.2,21,3549,
3495,2.0600,-0.1267,-0.0880,3.000,faded,0.549,4.15,1,1,1,0,35.29,1,3.2,20,,
3504,2.0600,-0.1140,-0.0925,3.000,faded,0.735,4.20,1,1,1,0,35.02,1,3.2,20|19,3547,
3488,2.0640,-0.1139,0.2114,3.068,good,0.000,2.04,0,0,0,0,29.14,3,0.0,,,
3489,2.0640,-0.1165,0.0138,2.728,good,0.172,3.24,0,0,0,0,38.72,3,0.0,,,
3490,2.0640,-0.1144,0.0851,3.015,good,0.004,4.22,0,0,0,0,30.43,3,0.0,,,
3491,2.0640,-0.1154,0.1434,2.770,sour,0.969,11.17,1,1,1,0,37.03,3,3.2,50,3513|3516,
3492,2.0640,-0.1090,-0.0136,3.347,good,0.000,3.21,0,0,0,0,21.67,3,0.0,,,
3493,2.0640,-0.1083,0.1933,3.010,good,0.001,2.63,0,0,0,0,28.40,3,0.0,,,
3494,2.0640,-0.1234,0.2360,2.305,husk,0.978,61.57,1,1,1,0,52.03,2,2.4,62,,
3502,2.0640,-0.1191,-0.0153,3.041,good,0.223,2.67,0,0,0,0,31.14,2,0.0,,,
3503,2.0640,-0.1176,0.0449,2.986,good,0.003,3.66,0,0,0,0,31.92,2,0.0,,,
3513,2.0640,-0.1142,0.2400,3.000,husk,0.976,59.80,1,1,1,0,30.44,1,2.4,62,3367,
3514,2.0640,-0.1048,0.0393,3.000,good,0.004,2.90,0,0,0,0,27.30,1,0.0,,,
3515,2.0640,-0.1012,-0.0970,3.000,good,0.354,4.20,0,0,0,0,26.10,1,0.0,,,
3498,2.0680,-0.1102,-0.0088,3.369,good,0.001,5.99,0,0,0,0,21.77,3,0.0,,,
3499,2.0680,-0.1106,-0.0247,2.988,good,0.001,1.80,0,0,0,0,29.82,3,0.0,,,
3500,2.0680,-0.1109,0.1171,3.002,good,0.000,4.85,0,0,0,0,29.51,3,0.0,,,
3501,2.0680,-0.1101,0.0647,2.870,good,0.023,4.74,0,0,0,0,32.44,3,0.0,,,
3511,2.0680,-0.1193,0.2072,3.004,good,0.000,2.01,0,0,0,0,32.20,2,0.0,,,
3512,2.0680,-0.1151,-0.0831,2.993,good,0.000,2.53,0,0,0,0,31.03,2,0.0,,,
3505,2.0720,-0.1399,-0.1835,3.000,good,0.004,4.79,0,0,0,0,29.97,1,0.0,,,
3506,2.0720,-0.1156,-0.0290,2.955,good,0.000,1.85,0,0,0,0,30.81,3,0.0,,,
3507,2.0720,-0.1131,0.2288,3.059,good,0.000,3.04,0,0,0,0,27.45,3,0.0,,,
3508,2.0720,-0.1139,0.0423,3.000,good,0.040,3.42,0,0,0,0,29.06,3,0.0,,,
3509,2.0720,-0.1098,0.1101,2.931,good,0.000,1.89,0,0,0,0,29.32,3,0.0,,,
3510,2.0720,-0.1088,-0.1341,3.005,good,0.000,2.13,0,0,0,0,27.17,3,0.0,,,
3522,2.0720,-0.1311,-0.1862,3.000,good,0.007,6.13,0,0,0,0,30.72,1,0.0,,,
3523,2.0720,-0.1172,-0.1268,3.253,good,0.051,6.35,0,0,0,0,24.41,2,0.0,,,
3516,2.0760,-0.1136,-0.0902,3.001,good,0.001,4.12,0,0,0,0,30.74,3,0.0,,,
3517,2.0760,-0.1165,-0.0444,2.627,faded,0.882,5.96,1,1,1,0,41.94,3,3.2,26,3565,
3518,2.0760,-0.1052,0.0578,3.450,sour,1.000,30.39,1,1,1,0,18.92,3,3.2,39,3701,
3519,2.0760,-0.1137,-0.2247,2.986,good,0.000,2.32,0,0,0,0,30.95,3,0.0,,,
3520,2.0760,-0.1092,0.2076,2.978,good,0.023,7.61,0,0,0,0,29.61,3,0.0,,,
3521,2.0760,-0.1080,-0.1564,3.196,good,0.001,2.20,0,0,0,0,24.38,3,0.0,,,
3529,2.0760,-0.1199,0.2238,3.216,good,0.002,2.54,0,0,0,0,27.65,2,0.0,,,
3530,2.0760,-0.1223,-0.1889,3.000,good,0.011,6.11,0,0,0,0,29.39,1,0.0,,,
3537,2.0760,-0.1135,-0.1917,3.000,good,0.016,6.28,0,0,0,0,30.45,1,0.0,,,
3524,2.0800,-0.1151,0.0259,2.942,good,0.007,8.26,0,0,0,0,39.81,3,0.0,,,
3525,2.0800,-0.1132,-0.0073,3.078,good,0.000,3.61,0,0,0,0,35.88,3,0.0,,,
3526,2.0800,-0.1118,0.1404,3.000,good,0.000,4.42,0,0,0,0,37.20,3,0.0,,,
3527,2.0800,-0.1120,0.1599,3.010,good,0.006,2.95,0,0,0,0,36.94,3,0.0,,,
3528,2.0800,-0.1089,0.1118,2.945,good,0.003,2.67,0,0,0,0,37.41,3,0.0,,,
3536,2.0800,-0.1170,-0.0228,3.040,insect,0.526,9.28,1,1,1,0,37.79,2,3.2,29|28,3552|3588,3552|3588
3542,2.0800,-0.1048,-0.1944,3.000,good,0.029,6.30,0,0,0,0,34.62,1,0.0,,,
3531,2.0840,-0.1161,0.1699,2.999,good,0.000,2.80,0,0,0,0,30.68,3,0.0,,,
3532,2.0840,-0.1162,-0.2001,2.806,good,0.002,3.49,0,0,0,0,35.62,3,0.0,,,
3533,2.0840,-0.1152,-0.1632,2.938,good,0.000,2.84,0,0,0,0,31.77,3,0.0,,,
3534,2.0840,-0.1238,-0.0089,2.945,good,0.001,2.43,0,0,0,0,30.48,2,0.0,,,
3535,2.0840,-0.1093,-0.1446,2.989,good,0.001,2.77,0,0,0,0,28.46,3,0.0,,,
3558,2.0840,-0.1120,-0.0048,3.000,good,0.001,2.27,0,0,0,0,29.11,1,0.0,,,
3559,2.0840,-0.1028,0.0171,3.000,broken,0.988,11.10,1,1,1,0,26.03,1,2.4,34|33,3530,
3538,2.0880,-0.1123,0.1080,2.798,good,0.000,2.70,0,0,0,0,30.43,3,0.0,,,
3539,2.0880,-0.1087,0.1177,2.999,good,0.000,3.37,0,0,0,0,24.10,3,0.0,,,
3540,2.0880,-0.1089,-0.1270,3.028,good,0.000,3.15,0,0,0,0,23.43,3,0.0,,,
3541,2.0880,-0.1086,0.2308,2.882,good,0.000,2.03,0,0,0,0,26.80,3,0.0,,,
3548,2.0880,-0.1192,0.1626,2.995,good,0.000,3.30,0,0,0,0,27.58,2,0.0,,,
3549,2.0880,-0.1160,-0.0026,3.019,good,0.006,6.23,0,0,0,0,25.90,2,0.0,,,
3550,2.0880,-0.1171,0.2430,3.016,good,0.000,2.25,0,0,0,0,26.30,2,0.0,,,
3551,2.0880,-0.1179,-0.2406,2.801,good,0.001,4.01,0,0,0,0,32.06,2,0.0,,,
3552,2.0880,-0.1166,-0.2118,2.995,good,0.001,2.57,0,0,0,0,26.56,2,0.0,,,
3553,2.0880,-0.1170,0.0292,3.008,insect,1.000,5.62,1,1,1,0,26.36,2,3.1,35,3572,3572
3554,2.0880,-0.1132,-0.0291,3.450,broken,0.798,3.54,1,1,1,0,15.96,2,2.4,28,3708,
3555,2.0880,-0.1165,-0.0644,2.985,good,0.045,3.37,0,0,0,0,26.64,2,0.0,,,
3556,2.0880,-0.1166,0.0415,3.003,good,0.001,2.37,0,0,0,0,26.20,2,0.0,,,
3557,2.0880,-0.1174,-0.2322,2.566,good,0.007,5.89,0,0,0,0,38.78,2,0.0,,,
3543,2.0920,-0.1138,0.2307,3.177,good,0.129,5.47,0,0,0,0,35.33,3,0.0,,,
3544,2.0920,-0.1182,-0.0179,2.628,good,0.076,1.98,0,0,0,0,51.03,3,0.0,,,
3545,2.0920,-0.1133,-0.1945,3.008,sour,1.000,18.79,1,1,1,0,38.83,3,3.2,7|6,3557,3557
3546,2.0920,-0.1120,0.1289,3.003,good,0.022,7.03,0,0,0,0,38.48,3,0.0,,,
3547,2.0920,-0.1050,-0.1156,3.450,good,0.038,3.40,0,0,0,0,27.23,3,0.0,,,
3565,2.0920,-0.1197,0.1978,3.000,good,0.001,3.99,0,0,0,0,41.00,2,0.0,,,
3566,2.0920,-0.1197,0.1357,3.160,good,0.000,1.88,0,0,0,0,37.27,2,0.0,,,
3567,2.0920,-0.1190,0.1015,2.981,good,0.000,2.93,0,0,0,0,41.17,2,0.0,,,
3560,2.0960,-0.1138,-0.1244,2.997,good,0.000,2.34,0,0,0,0,29.55,3,0.0,,,
3561,2.0960,-0.1117,-0.2167,3.270,good,0.000,1.70,0,0,0,0,22.87,3,0.0,,,
3562,2.0960,-0.1119,0.1607,2.988,good,0.000,3.76,0,0,0,0,29.02,3,0.0,,,
3563,2.0960,-0.1130,-0.0663,2.863,good,0.000,2.66,0,0,0,0,32.44,3,0.0,,,
3564,2.0960,-0.1094,0.1812,3.004,good,0.000,1.71,0,0,0,0,27.72,3,0.0,,,
3573,2.0960,-0.1193,0.0614,3.244,good,0.000,3.38,0,0,0,0,25.59,2,0.0,,,
3574,2.0960,-0.1195,0.0030,3.002,good,0.000,2.91,0,0,0,0,31.07,2,0.0,,,
3575,2.0960,-0.1189,0.1778,2.968,good,0.000,3.80,0,0,0,0,31.65,2,0.0,,,
3576,2.0960,-0.1162,-0.1726,3.131,good,0.000,2.51,0,0,0,0,26.94,2,0.0,,,
3587,2.0960,-0.1077,-0.0216,3.000,good,0.106,2.10,0,0,0,0,27.13,1,0.0,,,
3568,2.1000,-0.1267,0.1890,2.877,good,0.000,3.32,0,0,0,0,32.21,2,0.0,,,
3569,2.1000,-0.1180,-0.1532,2.404,good,0.002,3.79,0,0,0,0,48.02,3,0.0,,,
3570,2.1000,-0.1081,-0.0304,3.015,good,0.030,7.54,0,0,0,0,26.32,3,0.0,,,
3571,2.1000,-0.1119,0.0498,3.000,good,0.000,4.43,0,0,0,0,27.89,3,0.0,,,
3572,2.1000,-0.1101,-0.1263,2.999,good,0.000,1.51,0,0,0,0,27.29,3,0.0,,,
3578,2.1000,-0.1190,-0.1816,3.000,stick,1.000,78.93,1,1,1,0,30.20,2,2.4,8,3605,3605
3585,2.1000,-0.1177,-0.0372,3.450,good,0.001,2.76,0,0,0,0,20.24,2,0.0,,,
3586,2.1000,-0.1185,-0.1243,3.284,good,0.000,2.62,0,0,0,0,23.62,2,0.0,,,
3593,2.1000,-0.1152,0.1856,3.000,good,0.000,3.12,0,0,0,0,28.83,1,0.0,,,
3577,2.1040,-0.1159,-0.0122,2.889,good,0.002,2.45,0,0,0,0,36.37,3,0.0,,,
3579,2.1040,-0.1135,0.1136,3.052,good,0.000,2.13,0,0,0,0,31.49,3,0.0,,,
3580,2.1040,-0.1120,-0.2028,2.950,good,0.000,2.62,0,0,0,0,33.38,3,0.0,,,
3581,2.1040,-0.1123,-0.2248,2.995,insect,0.980,5.66,1,1,1,0,32.40,3,3.1,3,3655,3655
3582,2.1040,-0.1111,0.2096,3.003,good,0.006,1.77,0,0,0,0,31.72,3,0.0,,,
3583,2.1040,-0.1088,-0.1043,3.002,good,0.019,3.11,0,0,0,0,30.94,3,0.0,,,
3584,2.1040,-0.1089,0.0854,3.002,good,0.000,2.38,0,0,0,0,30.93,3,0.0,,,
3591,2.1040,-0.1193,0.1594,2.984,sour,0.973,11.73,1,1,1,0,34.81,2,3.2,52,3589|3625,3589|3625
3592,2.1040,-0.1160,0.0656,3.010,good,0.000,2.51,0,0,0,0,33.03,2,0.0,,,
3601,2.1040,-0.1075,-0.1565,3.000,good,0.004,3.52,0,0,0,0,30.41,1,0.0,,,
3589,2.1080,-0.1140,-0.1569,3.006,good,0.000,2.32,0,0,0,0,29.59,3,0.0,,,
3590,2.1080,-0.1104,-0.1084,3.001,good,0.000,3.88,0,0,0,0,28.46,3,0.0,,,
3600,2.1080,-0.1185,-0.0842,2.999,good,0.001,3.14,0,0,0,0,31.15,2,0.0,,,
3588,2.1120,-0.1110,-0.0519,2.334,good,0.001,3.73,0,0,0,0,51.37,4,0.0,,,
3594,2.1120,-0.1166,0.0811,2.823,good,0.000,3.10,0,0,0,0,37.64,3,0.0,,,
3595,2.1120,-0.1132,-0.1519,2.998,good,0.000,3.53,0,0,0,0,31.99,3,0.0,,,
3596,2.1120,-0.1132,-0.1986,2.994,good,0.000,2.41,0,0,0,0,32.04,3,0.0,,,
3597,2.1120,-0.1129,0.1146,3.000,good,0.001,3.35,0,0,0,0,31.77,3,0.0,,,
3598,2.1120,-0.1099,-0.0060,3.004,good,0.002,3.25,0,0,0,0,30.65,3,0.0,,,
3599,2.1120,-0.1096,-0.0622,2.968,good,0.001,3.35,0,0,0,0,31.36,3,0.0,,,
3605,2.1120,-0.1179,0.0928,3.003,good,0.006,2.57,0,0,0,0,33.25,2,0.0,,,
3606,2.1120,-0.1087,0.1305,3.450,broken,0.998,29.43,1,1,1,0,21.17,2,2.4,48,3761,
3602,2.1160,-0.1143,-0.0110,3.218,good,0.000,2.58,0,0,0,0,25.18,3,0.0,,,
3603,2.1160,-0.1096,-0.2139,3.003,good,0.012,19.82,1,1,1,0,28.31,3,9.0,4|5|3,3609,
3604,2.1160,-0.1104,-0.0719,3.005,good,0.033,4.26,0,0,0,0,28.47,3,0.0,,,
3611,2.1160,-0.1198,0.1136,2.998,good,0.000,1.74,0,0,0,0,31.74,2,0.0,,,
3612,2.1160,-0.1176,-0.1963,3.009,good,0.000,3.03,0,0,0,0,30.70,2,0.0,,,
3613,2.1160,-0.1194,0.1392,2.703,good,0.011,2.25,0,0,0,0,39.53,2,0.0,,,
3607,2.1200,-0.1156,0.0688,2.997,good,0.008,1.99,0,0,0,0,31.32,3,0.0,,,
3608,2.1200,-0.1100,0.0857,3.001,good,0.000,1.99,0,0,0,0,29.28,3,0.0,,,
3609,2.1200,-0.1099,0.0570,2.893,good,0.000,4.63,0,0,0,0,31.81,3,0.0,,,
3610,2.1200,-0.1083,-0.1102,3.001,good,0.002,2.97,0,0,0,0,28.64,3,0.0,,,
3619,2.1200,-0.1196,0.0271,2.998,good,0.018,3.17,0,0,0,0,32.42,2,0.0,,,
3620,2.1200,-0.1176,-0.1570,3.010,good,0.000,3.81,0,0,0,0,31.44,2,0.0,,,
3621,2.1200,-0.1190,0.1833,2.794,good,0.006,3.52,0,0,0,0,37.49,2,0.0,,,
3622,2.1200,-0.1169,0.2294,3.397,black,1.000,51.58,1,1,1,0,22.91,2,3.2,61,3725,
3614,2.1240,-0.1132,-0.1160,3.129,good,0.001,2.56,0,0,0,0,27.34,3,0.0,,,
3615,2.1240,-0.1118,-0.0303,3.013,good,0.030,3.67,0,0,0,0,29.44,3,0.0,,,
3616,2.1240,-0.1106,-0.0657,2.989,good,0.075,2.77,0,0,0,0,29.56,3,0.0,,,
3617,2.1240,-0.1098,-0.0427,3.003,good,0.000,3.16,0,0,0,0,28.92,3,0.0,,,
3618,2.1240,-0.1086,-0.1387,2.996,good,0.000,2.89,0,0,0,0,28.61,3,0.0,,,
3627,2.1240,-0.1172,-0.1612,2.988,good,0.001,1.67,0,0,0,0,31.64,2,0.0,,,
3628,2.1240,-0.1157,0.1360,3.002,good,0.000,3.02,0,0,0,0,30.75,2,0.0,,,
3629,2.1240,-0.1172,0.2200,2.865,shell,0.505,7.28,1,1,1,0,34.70,2,2.4,60|59,3652,
3635,2.1240,-0.1032,0.2334,3.000,black,1.000,51.56,1,1,1,0,26.60,1,3.2,61|62,3725,
3623,2.1280,-0.1129,-0.0903,3.014,good,0.001,2.98,0,0,0,0,30.05,3,0.0,,,
3624,2.1280,-0.1132,-0.0532,2.826,good,0.001,5.01,0,0,0,0,34.82,3,0.0,,,
3625,2.1280,-0.1242,0.0240,2.092,good,0.000,1.50,0,0,0,0,62.51,2,0.0,,,
3626,2.1280,-0.1091,0.0980,2.979,good,0.000,4.15,0,0,0,0,29.48,3,0.0,,,
3631,2.1280,-0.1182,-0.1111,3.008,faded,0.999,4.38,1,1,1,0,31.77,2,3.2,17,3671,3671
3632,2.1280,-0.1178,0.1433,2.984,good,0.000,3.45,0,0,0,0,32.19,2,0.0,,,
3633,2.1280,-0.1168,-0.1994,2.998,good,0.001,2.61,0,0,0,0,31.48,2,0.0,,,
3634,2.1280,-0.1154,0.2400,3.266,good,0.067,9.49,0,0,0,0,25.09,2,0.0,,,
3644,2.1280,-0.1158,0.0201,3.000,good,0.001,1.53,0,0,0,0,31.05,1,0.0,,,
3630,2.1320,-0.1094,-0.2218,2.995,good,0.005,7.45,0,0,0,0,28.22,3,0.0,,,
3640,2.1320,-0.1187,-0.2136,3.229,good,0.000,1.79,0,0,0,0,26.00,2,0.0,,,
3641,2.1320,-0.1179,-0.1914,2.989,good,0.000,2.25,0,0,0,0,31.12,2,0.0,,,
3642,2.1320,-0.1167,-0.0774,3.001,good,0.000,2.63,0,0,0,0,30.40,2,0.0,,,
3643,2.1320,-0.1269,0.1483,3.000,good,0.000,5.11,0,0,0,0,29.81,1,0.0,,,
3646,2.1320,-0.1112,0.1528,3.000,good,0.000,2.16,0,0,0,0,28.56,1,0.0,,,
3636,2.1360,-0.1159,-0.0846,3.007,shell,1.000,9.30,1,1,1,0,30.92,3,2.4,21|20,3656,3656
3637,2.1360,-0.1159,0.2231,2.995,good,0.002,3.26,0,0,0,0,31.10,3,0.0,,,
3638,2.1360,-0.1231,0.1932,3.107,good,0.038,7.69,0,0,0,0,26.77,2,0.0,,,
3639,2.1360,-0.1114,0.0299,2.715,good,0.000,3.65,0,0,0,0,36.80,3,0.0,,,
3645,2.1360,-0.1188,-0.0358,3.215,good,0.094,4.03,0,0,0,0,26.94,2,0.0,,,
3651,2.1360,-0.1106,0.1977,3.000,good,0.004,5.79,0,0,0,0,29.10,1,0.0,,,
3650,2.1400,-0.1160,0.1423,3.335,good,0.000,2.09,0,0,0,0,24.15,2,0.0,,,
3647,2.1440,-0.1137,-0.0690,3.003,good,0.000,1.60,0,0,0,0,31.97,3,0.0,,,
3648,2.1440,-0.1133,-0.0244,2.995,good,0.001,3.14,0,0,0,0,31.93,3,0.0,,,
3649,2.1440,-0.1214,0.0242,3.237,stone,0.932,37.61,1,1,1,0,25.09,2,8.7,35|34|36,,
3653,2.1440,-0.1177,0.1257,3.450,good,0.001,4.08,0,0,0,0,23.73,2,0.0,,,
3655,2.1440,-0.1191,-0.1509,2.985,good,0.000,2.36,0,0,0,0,33.98,2,0.0,,,
3656,2.1440,-0.1183,-0.0095,2.744,good,0.218,4.65,0,0,0,0,40.11,2,0.0,,,
3657,2.1440,-0.1163,0.0490,2.868,good,0.000,3.16,0,0,0,0,35.93,2,0.0,,,
3658,2.1440,-0.1134,-0.1094,3.059,good,0.005,3.95,0,0,0,0,30.20,2,0.0,,,
3659,2.1440,-0.1134,0.1869,3.389,good,0.001,4.24,0,0,0,0,23.40,2,0.0,,,
3652,2.1480,-0.1151,0.0786,3.000,faded,1.000,5.42,1,1,1,0,30.56,3,3.2,42|41,3694,3694
3654,2.1480,-0.1079,-0.1316,3.036,good,0.003,2.35,0,0,0,0,27.29,3,0.0,,,
3660,2.1520,-0.1275,-0.1883,2.994,good,0.006,2.59,0,0,0,0,31.07,2,0.0,,,
3661,2.1520,-0.1140,-0.0266,2.980,good,0.000,3.15,0,0,0,0,30.85,3,0.0,,,
3662,2.1520,-0.1233,-0.1986,2.671,sour,1.000,17.11,1,1,1,0,38.58,2,3.2,6,3703,
3663,2.1520,-0.1094,-0.1082,3.012,good,0.000,2.55,0,0,0,0,28.45,3,0.0,,,
3664,2.1520,-0.1335,0.0437,3.000,good,0.000,2.40,0,0,0,0,28.74,1,0.0,,,
3665,2.1520,-0.1096,0.1327,3.000,good,0.000,1.79,0,0,0,0,28.75,3,0.0,,,
3671,2.1520,-0.1189,0.1465,3.013,good,0.000,2.63,0,0,0,0,31.50,2,0.0,,,
3672,2.1520,-0.1155,0.0569,2.845,good,0.000,3.33,0,0,0,0,34.53,2,0.0,,,
3673,2.1520,-0.1116,-0.2297,3.450,good,0.000,1.90,0,0,0,0,20.08,2,0.0,,,
3674,2.1520,-0.1236,0.0466,3.000,good,0.000,2.30,0,0,0,0,29.29,1,0.0,,,
3684,2.1520,-0.1136,-0.1949,3.000,sour,0.789,14.48,1,1,1,0,29.94,1,3.2,7|6,3670|3681|3733|3740,3733
3685,2.1520,-0.1137,0.0496,3.000,good,0.000,2.21,0,0,0,0,29.97,1,0.0,,,
3666,2.1560,-0.1158,-0.0963,2.999,good,0.000,5.10,0,0,0,0,30.23,3,0.0,,,
3667,2.1560,-0.1126,-0.1574,2.992,good,0.000,2.90,0,0,0,0,29.27,3,0.0,,,
3668,2.1560,-0.1128,-0.2056,2.993,good,0.000,2.40,0,0,0,0,29.27,3,0.0,,,
3669,2.1560,-0.1130,0.2259,3.029,good,0.000,2.72,0,0,0,0,28.45,3,0.0,,,
3670,2.1560,-0.1116,-0.1150,2.983,good,0.001,3.55,0,0,0,0,29.01,3,0.0,,,
3681,2.1560,-0.1191,-0.0152,2.994,good,0.000,2.84,0,0,0,0,31.24,2,0.0,,,
3682,2.1560,-0.1174,0.0727,3.010,broken,0.995,3.99,1,1,1,0,30.22,2,2.4,41,3647,3647
3683,2.1560,-0.1264,-0.0249,3.000,good,0.001,3.76,0,0,0,0,29.47,1,0.0,,,
3693,2.1560,-0.1103,-0.0226,3.000,good,0.001,3.83,0,0,0,0,28.07,1,0.0,,,
3675,2.1600,-0.1153,0.0330,3.011,good,0.000,2.00,0,0,0,0,30.90,3,0.0,,,
3676,2.1600,-0.1128,-0.1897,2.943,good,0.000,4.51,0,0,0,0,31.67,3,0.0,,,
3677,2.1600,-0.1109,0.2247,3.092,good,0.013,3.36,0,0,0,0,27.50,3,0.0,,,
3678,2.1600,-0.1094,-0.2215,2.987,good,0.047,2.92,0,0,0,0,29.35,3,0.0,,,
3679,2.1600,-0.1087,-0.1771,2.954,good,0.000,3.01,0,0,0,0,29.87,3,0.0,,,
3680,2.1600,-0.1133,0.1429,2.562,good,0.014,8.55,0,0,0,0,42.40,3,0.0,,,
3691,2.1600,-0.1191,0.0947,3.042,good,0.000,1.91,0,0,0,0,31.13,2,0.0,,,
3692,2.1600,-0.1187,-0.1242,3.003,good,0.000,3.26,0,0,0,0,31.91,2,0.0,,,
3686,2.1640,-0.1150,-0.1729,2.993,good,0.000,2.16,0,0,0,0,27.48,3,0.0,,,
3687,2.1640,-0.1113,-0.1857,2.992,good,0.016,2.76,0,0,0,0,26.21,3,0.0,,,
3688,2.1640,-0.1124,-0.0326,2.987,good,0.000,2.19,0,0,0,0,26.63,3,0.0,,,
3689,2.1640,-0.1072,0.2135,3.439,good,0.002,4.65,0,0,0,0,15.75,3,0.0,,,
3690,2.1640,-0.1095,-0.1447,2.909,good,0.001,1.90,0,0,0,0,27.47,3,0.0,,,
3699,2.1640,-0.1186,-0.0002,3.001,faded,1.000,6.08,1,1,1,0,28.27,2,3.2,31|32,3717,3717
3700,2.1640,-0.1134,0.1064,3.450,good,0.000,4.05,0,0,0,0,17.23,2,0.0,,,
3701,2.1640,-0.1170,0.1260,3.026,good,0.008,7.82,0,0,0,0,27.05,2,0.0,,,
3702,2.1640,-0.1171,-0.0895,3.000,good,0.000,2.35,0,0,0,0,27.68,2,0.0,,,
3703,2.1640,-0.1168,-0.0671,3.001,broken,0.999,2.47,1,1,1,0,27.52,2,2.4,23,3698,3698
3713,2.1640,-0.1030,0.1399,3.000,good,0.020,8.23,0,0,0,0,22.93,1,0.0,,,
3694,2.1680,-0.1147,-0.1492,2.988,good,0.420,3.05,0,0,0,0,30.34,3,0.0,,,
3695,2.1680,-0.1133,-0.1779,3.092,broken,0.975,3.36,1,1,1,0,27.37,3,2.4,9,3750,3750
3696,2.1680,-0.1218,-0.2358,3.123,good,0.000,2.02,0,0,0,0,25.36,2,0.0,,,
3697,2.1680,-0.1119,0.0897,2.993,broken,0.891,2.69,1,1,1,0,29.08,3,2.4,43,3763,
3698,2.1680,-0.1084,0.0471,3.098,good,0.004,8.22,0,0,0,0,25.50,3,0.0,,,
3710,2.1680,-0.1192,0.2448,2.818,good,0.002,7.24,0,0,0,0,35.95,2,0.0,,,
3711,2.1680,-0.1177,0.1340,2.995,good,0.000,2.05,0,0,0,0,30.84,2,0.0,,,
3712,2.1680,-0.1143,0.0340,3.067,good,0.000,3.38,0,0,0,0,27.98,2,0.0,,,
3721,2.1680,-0.1176,-0.1634,3.000,good,0.001,4.10,0,0,0,0,30.65,1,0.0,,,
3722,2.1680,-0.1093,-0.2388,3.000,good,0.000,1.98,0,0,0,0,27.87,1,0.0,,,
3704,2.1720,-0.1135,0.1116,3.008,good,0.000,2.03,0,0,0,0,30.58,3,0.0,,,
3705,2.1720,-0.1147,-0.1759,2.731,sour,1.000,24.47,1,1,1,0,38.19,3,3.2,9,3754,
3706,2.1720,-0.1108,-0.0564,3.026,good,0.001,1.90,0,0,0,0,29.15,3,0.0,,,
3707,2.1720,-0.1346,-0.1601,3.000,good,0.006,3.96,0,0,0,0,29.69,1,0.0,,,
3708,2.1720,-0.1239,0.1515,2.830,sour,1.000,14.30,1,1,1,0,34.55,2,3.2,51,,
3709,2.1720,-0.1089,-0.1912,2.827,good,0.000,3.57,0,0,0,0,33.21,3,0.0,,,
3716,2.1720,-0.1167,-0.0113,2.973,good,0.002,5.46,0,0,0,0,32.16,2,0.0,,,
3717,2.1720,-0.1181,0.1807,2.996,good,0.239,7.60,0,0,0,0,32.02,2,0.0,,,
3718,2.1720,-0.1169,-0.1471,3.059,good,0.003,2.83,0,0,0,0,30.11,2,0.0,,,
3719,2.1720,-0.1158,-0.0904,3.007,good,0.000,2.14,0,0,0,0,30.96,2,0.0,,,
3720,2.1720,-0.1134,-0.0830,2.971,good,0.010,2.01,0,0,0,0,30.98,2,0.0,,,
3729,2.1720,-0.1135,0.1484,3.000,sour,1.000,19.33,1,1,1,0,30.31,1,3.2,50|51,3767,
3730,2.1720,-0.1006,-0.1667,3.000,good,0.000,3.92,0,0,0,0,25.99,1,0.0,,,
3714,2.1760,-0.1147,0.0011,3.151,faded,1.000,4.51,1,1,1,0,24.80,3,3.2,32|31,3746,
3715,2.1760,-0.1096,0.1295,3.013,good,0.002,7.62,0,0,0,0,26.15,3,0.0,,,
3728,2.1760,-0.1169,0.0412,2.996,good,0.000,2.45,0,0,0,0,28.94,2,0.0,,,
3723,2.1800,-0.1125,0.0133,3.004,sour,1.000,15.05,1,1,1,0,33.50,3,3.2,33,3795,3795
3724,2.1800,-0.1122,0.1370,3.006,good,0.002,7.29,0,0,0,0,33.31,3,0.0,,,
3725,2.1800,-0.1137,0.1942,3.002,good,0.000,2.57,0,0,0,0,33.80,3,0.0,,,
3726,2.1800,-0.1094,-0.2126,2.996,good,0.001,2.43,0,0,0,0,32.48,3,0.0,,,
3727,2.1800,-0.1209,0.0688,2.945,good,0.001,2.96,0,0,0,0,33.55,2,0.0,,,
3750,2.1800,-0.1091,0.0655,3.000,good,0.001,2.92,0,0,0,0,32.24,1,0.0,,,
3731,2.1840,-0.1154,-0.1673,3.076,good,0.003,2.64,0,0,0,0,29.02,3,0.0,,,
3733,2.1840,-0.1387,-0.2441,3.000,good,0.001,3.53,0,0,0,0,30.54,1,0.0,,,
3734,2.1840,-0.1098,-0.0453,3.001,faded,0.845,3.23,1,1,1,0,28.83,3,3.2,26,3781,3781
3735,2.1840,-0.1108,0.0262,2.992,good,0.033,3.30,0,0,0,0,29.29,3,0.0,,,
3736,2.1840,-0.1105,-0.1001,3.004,good,0.000,2.05,0,0,0,0,28.87,3,0.0,,,
3737,2.1840,-0.1080,0.1673,3.007,good,0.000,2.55,0,0,0,0,27.94,3,0.0,,,
3738,2.1840,-0.1088,-0.2023,2.994,good,0.000,3.47,0,0,0,0,28.49,3,0.0,,,
3739,2.1840,-0.1086,-0.0707,2.940,good,0.001,1.60,0,0,0,0,29.65,3,0.0,,,
3746,2.1840,-0.1171,-0.0315,3.450,good,0.000,1.97,0,0,0,0,21.57,2,0.0,,,
3747,2.1840,-0.1189,-0.0677,2.942,good,0.001,2.38,0,0,0,0,33.00,2,0.0,,,
3748,2.1840,-0.1176,0.0432,2.999,good,0.004,2.72,0,0,0,0,31.14,2,0.0,,,
3749,2.1840,-0.1162,0.0024,2.996,good,0.000,2.72,0,0,0,0,30.71,2,0.0,,,
3732,2.1880,-0.1117,-0.0823,2.368,good,0.004,7.50,0,0,0,0,54.21,4,0.0,,,
3740,2.1880,-0.1161,-0.0238,3.075,good,0.001,3.90,0,0,0,0,35.04,3,0.0,,,
3741,2.1880,-0.1153,-0.1087,2.986,good,0.000,4.87,0,0,0,0,36.80,3,0.0,,,
3742,2.1880,-0.1252,0.0013,3.229,good,0.001,2.56,0,0,0,0,30.43,2,0.0,,,
3743,2.1880,-0.1111,0.2188,3.114,good,0.005,2.70,0,0,0,0,32.45,3,0.0,,,
3744,2.1880,-0.1101,-0.1867,2.987,good,0.000,2.58,0,0,0,0,34.94,3,0.0,,,
3745,2.1880,-0.1079,-0.1297,3.082,good,0.000,2.05,0,0,0,0,32.02,3,0.0,,,
3753,2.1880,-0.1198,0.2454,3.151,good,0.044,7.83,0,0,0,0,34.27,2,0.0,,,
3754,2.1880,-0.1185,0.0404,3.000,good,0.000,1.70,0,0,0,0,37.31,2,0.0,,,
3751,2.1920,-0.1130,0.2148,2.880,faded,0.517,9.19,1,1,1,0,39.66,3,3.2,59,3702|3769,
3752,2.1920,-0.1103,0.0938,3.021,good,0.000,4.25,0,0,0,0,35.24,3,0.0,,,
3758,2.1920,-0.1187,-0.1324,3.009,good,0.001,2.00,0,0,0,0,38.26,2,0.0,,,
3759,2.1920,-0.1156,-0.1204,3.002,good,0.000,3.50,0,0,0,0,37.34,2,0.0,,,
3755,2.1960,-0.1107,-0.1936,3.048,good,0.005,4.51,0,0,0,0,28.66,3,0.0,,,
3756,2.1960,-0.1102,0.1062,2.999,good,0.000,2.80,0,0,0,0,29.56,3,0.0,,,
3757,2.1960,-0.1094,-0.2179,3.003,black,1.000,46.97,1,1,1,0,29.16,3,3.2,4|3,3778,3778
3764,2.1960,-0.1186,-0.0894,2.990,good,0.000,3.87,0,0,0,0,32.47,2,0.0,,,
3765,2.1960,-0.1179,0.2180,2.872,good,0.074,8.93,0,0,0,0,35.19,2,0.0,,,
3766,2.1960,-0.1157,0.0617,2.992,good,0.000,2.98,0,0,0,0,31.40,2,0.0,,,
3760,2.2000,-0.1140,-0.0735,3.000,good,0.002,2.37,0,0,0,0,25.24,3,0.0,,,
3761,2.2000,-0.1113,-0.1415,2.928,faded,0.989,3.46,1,1,1,0,26.03,3,3.2,13|14,3837,3837
3762,2.2000,-0.1108,-0.1140,2.989,good,0.028,3.07,0,0,0,0,24.34,3,0.0,,,
3763,2.2000,-0.1106,0.1971,2.796,good,0.081,4.28,0,0,0,0,29.09,3,0.0,,,
3769,2.2000,-0.1188,0.0144,3.004,good,0.000,3.37,0,0,0,0,26.57,2,0.0,,,
3770,2.2000,-0.1189,0.2132,2.927,good,0.079,4.56,0,0,0,0,28.47,2,0.0,,,
3771,2.2000,-0.1151,-0.0196,3.450,good,0.002,2.97,0,0,0,0,16.02,2,0.0,,,
3767,2.2040,-0.1144,-0.2055,3.000,good,0.072,4.41,0,0,0,0,29.83,3,0.0,,,
3768,2.2040,-0.1103,-0.1880,2.993,good,0.056,2.71,0,0,0,0,28.57,3,0.0,,,
3778,2.2040,-0.1155,-0.2251,3.022,insect,1.000,3.44,1,1,1,0,29.52,2,3.1,3|2,3800,3800
3772,2.2080,-0.1150,-0.0186,3.009,faded,0.678,4.02,1,1,1,0,35.61,3,3.2,29,3789,3789
3773,2.2080,-0.1078,-0.1207,3.131,good,0.026,5.99,0,0,0,0,30.45,3,0.0,,,
3774,2.2080,-0.1126,0.2045,2.999,good,0.002,2.67,0,0,0,0,34.92,3,0.0,,,
3775,2.2080,-0.1118,-0.1799,2.913,good,0.017,2.30,0,0,0,0,36.72,3,0.0,,,
3776,2.2080,-0.1105,-0.0511,3.007,good,0.001,2.96,0,0,0,0,33.96,3,0.0,,,
3777,2.2080,-0.1097,-0.0355,2.994,good,0.000,2.31,0,0,0,0,33.96,3,0.0,,,
3783,2.2080,-0.1193,-0.0366,3.003,good,0.000,2.22,0,0,0,0,36.92,2,0.0,,,
3784,2.2080,-0.1181,0.1598,3.008,good,0.002,2.64,0,0,0,0,36.36,2,0.0,,,
3785,2.2080,-0.1183,-0.1641,2.993,good,0.005,3.84,0,0,0,0,36.78,2,0.0,,,
3786,2.2080,-0.1177,-0.1484,3.151,good,0.007,8.84,0,0,0,0,32.90,2,0.0,,,
3787,2.2080,-0.1112,-0.0888,3.450,good,0.000,2.97,0,0,0,0,25.00,2,0.0,,,
3779,2.2120,-0.1122,-0.1250,3.428,good,0.000,1.95,0,0,0,0,21.20,3,0.0,,,
3780,2.2120,-0.1373,0.1756,3.000,good,0.003,2.79,0,0,0,0,30.37,1,0.0,,,
3781,2.2120,-0.1106,0.1174,3.001,good,0.001,3.96,0,0,0,0,29.42,3,0.0,,,
3782,2.2120,-0.1229,-0.0849,2.919,good,0.092,4.26,0,0,0,0,31.54,2,0.0,,,
3792,2.2120,-0.1191,-0.1852,2.996,good,0.023,2.82,0,0,0,0,32.25,2,0.0,,,
3793,2.2120,-0.1182,-0.1154,2.983,good,0.000,2.81,0,0,0,0,32.26,2,0.0,,,
3794,2.2120,-0.1187,0.0834,3.000,good,0.000,3.34,0,0,0,0,31.97,2,0.0,,,
3795,2.2120,-0.1191,0.2015,2.656,good,0.000,2.06,0,0,0,0,41.53,2,0.0,,,
3796,2.2120,-0.1289,0.1794,3.000,good,0.001,2.91,0,0,0,0,31.33,1,0.0,,,
3801,2.2120,-0.1112,-0.0885,3.000,good,0.072,4.28,0,0,0,0,29.43,1,0.0,,,
3788,2.2160,-0.1131,0.0010,3.000,good,0.018,3.89,0,0,0,0,36.57,3,0.0,,,
3789,2.2160,-0.1231,0.1235,2.792,good,0.005,3.97,0,0,0,0,41.42,2,0.0,,,
3790,2.2160,-0.1115,0.1864,2.906,good,0.007,5.81,0,0,0,0,38.21,3,0.0,,,
3791,2.2160,-0.1086,-0.0262,3.000,good,0.001,2.37,0,0,0,0,34.93,3,0.0,,,
3799,2.2160,-0.1187,0.2247,3.008,good,0.000,3.56,0,0,0,0,38.07,2,0.0,,,
3800,2.2160,-0.1188,-0.0612,2.802,good,0.025,2.63,0,0,0,0,43.43,2,0.0,,,
3809,2.2160,-0.1120,0.1198,3.000,good,0.071,3.83,0,0,0,0,35.99,1,0.0,,,
3797,2.2200,-0.1173,0.0380,2.599,insect,0.680,6.60,1,1,1,0,50.43,3,3.2,36|37,3806|3860,
3798,2.2200,-0.1243,-0.0955,3.450,good,0.003,2.47,0,0,0,0,27.72,2,0.0,,,
3807,2.2200,-0.1172,0.1950,3.000,good,0.005,2.18,0,0,0,0,39.07,2,0.0,,,
3808,2.2200,-0.1160,0.2216,3.006,good,0.000,2.81,0,0,0,0,38.50,2,0.0,,,
3818,2.2200,-0.1098,-0.0922,3.000,good,0.001,2.50,0,0,0,0,36.57,1,0.0,,,
3802,2.2240,-0.1114,0.1707,3.155,black,1.000,48.15,1,1,1,0,27.51,3,3.2,53|54,3866,
3803,2.2240,-0.1378,-0.2454,3.000,sour,1.000,24.66,1,1,1,0,31.71,1,3.2,0,,
3804,2.2240,-0.1103,0.0650,3.184,good,0.008,3.60,0,0,0,0,26.44,3,0.0,,,
3805,2.2240,-0.1342,0.0417,3.000,good,0.000,3.33,0,0,0,0,30.45,1,0.0,,,
3806,2.2240,-0.1087,0.0754,2.999,good,0.000,2.18,0,0,0,0,29.94,3,0.0,,,
3813,2.2240,-0.1162,-0.2205,3.035,good,0.000,6.42,0,0,0,0,31.54,2,0.0,,,
3815,2.2240,-0.1187,-0.2017,3.012,good,0.000,3.60,0,0,0,0,32.88,2,0.0,,,
3816,2.2240,-0.1160,0.0186,2.997,good,0.000,1.83,0,0,0,0,32.29,2,0.0,,,
3817,2.2240,-0.1166,0.1388,3.018,good,0.356,2.78,0,0,0,0,31.96,2,0.0,,,
3811,2.2280,-0.1132,0.1799,2.887,good,0.003,4.27,0,0,0,0,38.82,3,0.0,,,
3812,2.2280,-0.1104,0.1000,2.996,good,0.000,2.38,0,0,0,0,35.18,3,0.0,,,
3814,2.2280,-0.1087,-0.0370,2.999,good,0.000,3.79,0,0,0,0,34.48,3,0.0,,,
3810,2.2320,-0.1119,0.1120,2.330,good,0.000,2.75,0,0,0,0,43.75,4,0.0,,,
3819,2.2320,-0.1139,-0.2241,3.243,good,0.000,2.41,0,0,0,0,18.68,3,0.0,,,
3820,2.2320,-0.1134,0.2191,3.044,good,0.008,2.73,0,0,0,0,22.77,3,0.0,,,
3821,2.2320,-0.1073,0.0682,3.402,good,0.000,2.59,0,0,0,0,13.56,3,0.0,,,
3827,2.2320,-0.1183,0.0771,3.003,good,0.000,1.92,0,0,0,0,25.30,2,0.0,,,
3828,2.2320,-0.1165,-0.0634,3.007,insect,1.000,3.78,1,1,1,0,24.57,2,3.1,23|24,3870,3870
3829,2.2320,-0.1172,-0.0069,3.000,good,0.000,2.55,0,0,0,0,24.91,2,0.0,,,
3830,2.2320,-0.1164,-0.0529,3.000,good,0.000,1.97,0,0,0,0,24.61,2,0.0,,,
3822,2.2360,-0.1121,-0.1644,3.000,good,0.003,9.70,0,0,0,0,37.94,3,0.0,,,
3823,2.2360,-0.1117,0.2029,3.003,good,0.000,2.77,0,0,0,0,37.69,3,0.0,,,
3824,2.2360,-0.1143,-0.0417,2.568,good,0.002,2.07,0,0,0,0,50.61,3,0.0,,,
3825,2.2360,-0.1096,-0.2181,3.000,good,0.001,2.12,0,0,0,0,36.97,3,0.0,,,
3826,2.2360,-0.1119,-0.0687,2.618,good,0.005,3.97,0,0,0,0,48.00,3,0.0,,,
3835,2.2360,-0.1193,-0.0963,3.078,faded,0.982,6.59,1,1,1,0,38.26,2,3.2,19,3859|3939,3939
3837,2.2360,-0.1189,0.0942,3.003,black,1.000,50.81,1,1,1,0,39.86,2,3.2,44|43,3867,3867
3838,2.2360,-0.1157,0.0090,2.996,good,0.001,2.11,0,0,0,0,38.90,2,0.0,,,
3839,2.2360,-0.1164,0.1936,2.998,good,0.072,7.34,0,0,0,0,39.06,2,0.0,,,
3831,2.2400,-0.1149,0.2042,3.011,good,0.018,5.01,0,0,0,0,28.51,3,0.0,,,
3832,2.2400,-0.1057,0.0242,3.450,good,0.001,3.29,0,0,0,0,16.70,3,0.0,,,
3833,2.2400,-0.1252,-0.0170,2.947,good,0.000,3.21,0,0,0,0,29.45,2,0.0,,,
3834,2.2400,-0.1081,0.0820,3.450,good,0.043,4.37,0,0,0,0,17.30,3,0.0,,,
3836,2.2400,-0.1097,-0.0601,3.004,good,0.005,4.20,0,0,0,0,26.75,3,0.0,,,
3845,2.2400,-0.1190,-0.0431,3.016,good,0.000,3.43,0,0,0,0,29.53,2,0.0,,,
3846,2.2400,-0.1179,0.1244,2.848,good,0.027,7.08,0,0,0,0,33.37,2,0.0,,,
3847,2.2400,-0.1169,-0.0667,3.014,good,0.000,1.81,0,0,0,0,28.80,2,0.0,,,
3855,2.2400,-0.1135,-0.0126,3.000,good,0.000,3.25,0,0,0,0,27.99,1,0.0,,,
3840,2.2440,-0.1136,-0.2067,3.004,good,0.008,4.34,0,0,0,0,36.71,3,0.0,,,
3841,2.2440,-0.1149,-0.0542,3.004,good,0.000,3.96,0,0,0,0,37.06,3,0.0,,,
3842,2.2440,-0.1106,0.0988,3.450,faded,0.859,3.88,1,1,1,0,26.54,3,3.2,44,3887,
3843,2.2440,-0.1126,0.1127,2.994,good,0.003,2.70,0,0,0,0,36.44,3,0.0,,,
3844,2.2440,-0.1098,0.2280,3.014,good,0.009,2.09,0,0,0,0,34.99,3,0.0,,,
3854,2.2440,-0.1160,-0.1249,3.119,good,0.065,2.42,0,0,0,0,34.58,2,0.0,,,
3864,2.2440,-0.1085,0.1309,3.000,good,0.004,4.20,0,0,0,0,34.82,1,0.0,,,
3848,2.2480,-0.1128,0.0599,3.001,good,0.000,3.65,0,0,0,0,30.70,3,0.0,,,
3849,2.2480,-0.1165,0.1763,2.713,good,0.025,6.87,0,0,0,0,39.54,3,0.0,,,
3850,2.2480,-0.1138,-0.1407,3.001,sour,1.000,13.86,1,1,1,0,30.92,3,3.2,13|14,3920,3920
3851,2.2480,-0.1125,0.1601,3.220,good,0.002,2.62,0,0,0,0,25.62,3,0.0,,,
3852,2.2480,-0.1100,0.1199,3.275,good,0.000,2.14,0,0,0,0,23.71,3,0.0,,,
3853,2.2480,-0.1100,0.1686,2.721,broken,0.695,5.66,1,1,1,0,36.72,3,2.4,53,3898,
3861,2.2480,-0.1179,0.1120,2.995,good,0.000,2.05,0,0,0,0,32.22,2,0.0,,,
3862,2.2480,-0.1265,0.2155,3.000,good,0.029,7.01,0,0,0,0,30.98,1,0.0,,,
3863,2.2480,-0.1178,-0.0296,3.000,good,0.000,2.80,0,0,0,0,32.04,2,0.0,,,
3873,2.2480,-0.1175,0.2182,3.000,good,0.000,2.80,0,0,0,0,31.92,1,0.0,,,
3874,2.2480,-0.1072,0.2144,3.000,faded,0.950,6.44,1,1,1,0,28.49,1,3.2,59,3961,
3856,2.2520,-0.1139,-0.1324,3.040,good,0.000,2.08,0,0,0,0,31.03,3,0.0,,,
3857,2.2520,-0.1122,0.1021,3.002,good,0.000,1.75,0,0,0,0,31.28,3,0.0,,,
3858,2.2520,-0.1104,-0.1230,2.991,good,0.001,3.08,0,0,0,0,30.89,3,0.0,,,
3859,2.2520,-0.1078,-0.1511,3.137,broken,0.971,4.35,1,1,1,0,26.78,3,2.4,12,3899,
3860,2.2520,-0.1097,0.1932,3.002,good,0.000,2.48,0,0,0,0,30.29,3,0.0,,,
3871,2.2520,-0.1196,0.2054,3.000,good,0.003,2.10,0,0,0,0,33.62,2,0.0,,,
3872,2.2520,-0.1140,-0.1701,3.380,good,0.003,4.97,0,0,0,0,23.69,2,0.0,,,
3865,2.2560,-0.1115,0.1145,3.206,good,0.021,2.32,0,0,0,0,23.51,3,0.0,,,
3866,2.2560,-0.1155,0.0040,2.456,good,0.004,5.31,0,0,0,0,45.22,3,0.0,,,
3867,2.2560,-0.1220,0.1918,3.215,good,0.017,2.11,0,0,0,0,22.49,2,0.0,,,
3868,2.2560,-0.1088,-0.2150,3.011,good,0.000,3.57,0,0,0,0,26.78,3,0.0,,,
3869,2.2560,-0.1326,-0.1448,3.000,good,0.002,2.60,0,0,0,0,26.93,1,0.0,,,
3870,2.2560,-0.1088,0.0756,2.935,good,0.030,3.11,0,0,0,0,28.50,3,0.0,,,
3879,2.2560,-0.1147,-0.1488,2.864,good,0.036,8.56,0,0,0,0,32.30,2,0.0,,,
3880,2.2560,-0.1172,0.1451,3.016,good,0.000,2.79,0,0,0,0,29.32,2,0.0,,,
3881,2.2560,-0.1156,0.1562,2.961,good,0.001,3.92,0,0,0,0,30.08,2,0.0,,,
3893,2.2560,-0.1091,0.1953,3.000,good,0.004,2.42,0,0,0,0,26.97,1,0.0,,,
3894,2.2560,-0.1005,-0.1664,3.000,good,0.003,4.96,0,0,0,0,24.08,1,0.0,,,
3875,2.2600,-0.1122,-0.1959,3.002,good,0.000,2.45,0,0,0,0,35.56,3,0.0,,,
3876,2.2600,-0.1117,-0.0276,2.995,good,0.000,3.50,0,0,0,0,35.47,3,0.0,,,
3877,2.2600,-0.1111,0.1620,2.999,good,0.000,1.62,0,0,0,0,35.12,3,0.0,,,
3878,2.2600,-0.1099,-0.0899,3.001,good,0.000,1.90,0,0,0,0,34.63,3,0.0,,,
3890,2.2600,-0.1184,0.2050,3.450,faded,0.993,4.38,1,1,1,0,27.94,2,3.2,58,4007,
3891,2.2600,-0.1183,0.0805,2.991,good,0.018,2.21,0,0,0,0,37.60,2,0.0,,,
3892,2.2600,-0.1164,0.1195,2.978,good,0.136,7.01,0,0,0,0,37.20,2,0.0,,,
3900,2.2600,-0.1057,0.0068,3.000,good,0.001,4.86,0,0,0,0,33.11,1,0.0,,,
3882,2.2640,-0.1136,-0.2163,3.007,insect,1.000,9.71,1,1,1,0,25.49,3,3.1,4,3910,3910
3883,2.2640,-0.1162,-0.2025,2.536,good,0.132,3.54,0,0,0,0,39.65,3,0.0,,,
3884,2.2640,-0.1132,0.0370,2.993,good,0.000,1.62,0,0,0,0,25.56,3,0.0,,,
3885,2.2640,-0.1116,0.0644,3.189,faded,0.756,3.14,1,1,1,0,20.66,3,3.2,40,3914,
3886,2.2640,-0.1113,-0.0017,2.990,good,0.000,2.60,0,0,0,0,24.94,3,0.0,,,
3887,2.2640,-0.1109,0.0502,2.946,good,0.003,5.31,0,0,0,0,25.81,3,0.0,,,
3888,2.2640,-0.1093,-0.1699,3.000,good,0.000,3.60,0,0,0,0,23.95,3,0.0,,,
3889,2.2640,-0.1097,-0.0361,3.008,good,0.002,4.48,0,0,0,0,23.86,3,0.0,,,
3898,2.2640,-0.1197,-0.1773,2.860,good,0.001,4.56,0,0,0,0,30.91,2,0.0,,,
3899,2.2640,-0.1162,-0.1419,3.065,good,0.002,1.77,0,0,0,0,24.63,2,0.0,,,
3895,2.2680,-0.1154,-0.0316,2.999,good,0.000,3.02,0,0,0,0,34.49,3,0.0,,,
3896,2.2680,-0.1242,-0.2124,3.091,good,0.000,2.33,0,0,0,0,31.14,2,0.0,,,
3897,2.2680,-0.1097,0.0489,3.002,good,0.001,2.62,0,0,0,0,32.43,3,0.0,,,
3906,2.2680,-0.1197,0.0186,3.010,good,0.001,1.99,0,0,0,0,35.54,2,0.0,,,
3916,2.2680,-0.1097,-0.2094,3.000,good,0.065,6.98,0,0,0,0,32.42,1,0.0,,,
3901,2.2720,-0.1151,-0.0723,2.997,good,0.000,2.49,0,0,0,0,38.55,3,0.0,,,
3902,2.2720,-0.1152,-0.0218,2.724,good,0.000,6.07,0,0,0,0,45.74,3,0.0,,,
3903,2.2720,-0.1152,0.1644,2.996,good,0.000,2.99,0,0,0,0,38.51,3,0.0,,,
3904,2.2720,-0.1096,-0.0908,2.999,black,1.000,84.69,1,1,1,0,36.56,3,3.2,20,3957,3957
3905,2.2720,-0.1097,-0.0391,3.057,good,0.000,3.49,0,0,0,0,35.19,3,0.0,,,
3907,2.2720,-0.1102,0.1873,2.712,good,0.000,3.00,0,0,0,0,44.08,3,0.0,,,
3914,2.2720,-0.1171,0.0509,3.000,good,0.002,2.59,0,0,0,0,38.88,2,0.0,,,
3915,2.2720,-0.1164,0.1951,3.013,good,0.003,2.87,0,0,0,0,38.30,2,0.0,,,
3928,2.2720,-0.1066,-0.0244,3.000,shell,1.000,7.62,1,1,1,0,35.33,1,2.4,28|29,3987,
3908,2.2760,-0.1151,-0.1031,2.948,good,0.006,2.74,0,0,0,0,42.52,3,0.0,,,
3909,2.2760,-0.1149,0.0855,3.039,good,0.000,2.38,0,0,0,0,40.23,3,0.0,,,
3910,2.2760,-0.1135,0.1315,3.002,good,0.001,2.16,0,0,0,0,40.58,3,0.0,,,
3911,2.2760,-0.1113,-0.1623,2.761,black,1.000,57.22,1,1,1,0,45.93,3,3.2,11,3943,
3912,2.2760,-0.1131,-0.2381,2.377,good,0.094,4.12,0,0,0,0,59.03,3,0.0,,,
3913,2.2760,-0.1082,-0.1807,3.032,good,0.001,2.76,0,0,0,0,38.00,3,0.0,,,
3925,2.2760,-0.1195,0.2214,2.948,good,0.000,2.37,0,0,0,0,43.75,2,0.0,,,
3926,2.2760,-0.1172,-0.0642,3.002,sour,1.000,12.29,1,1,1,0,41.62,2,3.2,23,3972,3972
3927,2.2760,-0.1175,-0.0837,2.991,good,0.000,2.21,0,0,0,0,41.92,2,0.0,,,
3935,2.2760,-0.1193,-0.1896,3.000,good,0.001,2.54,0,0,0,0,42.29,1,0.0,,,
3917,2.2800,-0.1152,0.0683,3.002,good,0.000,1.49,0,0,0,0,30.56,3,0.0,,,
3918,2.2800,-0.1153,0.2340,2.987,good,0.015,3.29,0,0,0,0,30.90,3,0.0,,,
3919,2.2800,-0.1247,-0.0856,3.277,good,0.000,2.57,0,0,0,0,23.34,2,0.0,,,
3920,2.2800,-0.1063,-0.0457,3.450,good,0.005,2.84,0,0,0,0,18.54,3,0.0,,,
3921,2.2800,-0.1205,-0.1619,3.450,good,0.009,2.79,0,0,0,0,18.60,2,0.0,,,
3922,2.2800,-0.1094,0.1388,2.981,good,0.000,6.18,0,0,0,0,28.93,3,0.0,,,
3923,2.2800,-0.1100,-0.1342,2.837,good,0.009,2.30,0,0,0,0,32.64,3,0.0,,,
3924,2.2800,-0.1112,-0.1834,2.737,good,0.287,6.62,0,0,0,0,35.75,3,0.0,,,
3934,2.2800,-0.1200,0.1132,2.281,good,0.002,7.72,0,0,0,0,55.02,2,0.0,,,
3929,2.2840,-0.1146,-0.1905,2.972,good,0.000,1.36,0,0,0,0,42.17,3,0.0,,,
3930,2.2840,-0.1374,0.1137,3.000,good,0.001,2.84,0,0,0,0,41.07,1,0.0,,,
3931,2.2840,-0.1105,-0.2183,3.026,shell,1.000,6.53,1,1,1,0,39.45,3,2.4,4|3,3940,3940
3932,2.2840,-0.1107,-0.0304,2.875,good,0.000,2.60,0,0,0,0,43.12,3,0.0,,,
3933,2.2840,-0.1080,-0.0794,3.131,good,0.010,3.63,0,0,0,0,36.22,3,0.0,,,
3942,2.2840,-0.1189,0.2252,3.009,good,0.004,4.07,0,0,0,0,42.49,2,0.0,,,
3943,2.2840,-0.1283,0.0232,3.000,good,0.001,2.27,0,0,0,0,41.84,1,0.0,,,
3944,2.2840,-0.1165,0.2142,2.982,good,0.000,2.42,0,0,0,0,42.29,2,0.0,,,
3951,2.2840,-0.1159,0.0190,3.000,good,0.000,2.25,0,0,0,0,41.67,1,0.0,,,
3936,2.2880,-0.1170,0.1503,2.794,good,0.165,8.20,0,0,0,0,36.25,3,0.0,,,
3937,2.2880,-0.1122,0.0279,3.047,good,0.000,4.42,0,0,0,0,28.19,3,0.0,,,
3938,2.2880,-0.1120,0.0953,2.996,black,1.000,50.86,1,1,1,0,29.25,3,3.2,44|43,3963,3963
3939,2.2880,-0.1111,0.1065,2.995,good,0.003,3.36,0,0,0,0,28.92,3,0.0,,,
3940,2.2880,-0.1080,-0.0923,3.261,good,0.034,3.46,0,0,0,0,22.19,3,0.0,,,
3941,2.2880,-0.1106,-0.1176,2.709,good,0.002,3.28,0,0,0,0,36.10,3,0.0,,,
3949,2.2880,-0.1164,0.1264,3.198,good,0.000,7.62,0,0,0,0,25.99,2,0.0,,,
3958,2.2880,-0.1035,0.0148,3.000,good,0.001,2.43,0,0,0,0,26.14,1,0.0,,,
3945,2.2920,-0.1319,-0.0201,2.109,good,0.007,5.61,0,0,0,0,76.67,2,0.0,,,
3946,2.2920,-0.1137,0.0970,3.125,good,0.071,3.16,0,0,0,0,39.01,3,0.0,,,
3947,2.2920,-0.1158,0.0022,2.662,good,0.001,2.36,0,0,0,0,51.67,3,0.0,,,
3948,2.2920,-0.1124,-0.0988,3.006,good,0.000,8.28,0,0,0,0,41.22,3,0.0,,,
3950,2.2920,-0.1085,0.1750,3.056,husk,1.000,9.99,1,1,1,0,38.75,3,2.4,54,3978,
3957,2.2920,-0.1169,0.1556,3.450,good,0.006,5.97,0,0,0,0,33.32,2,0.0,,,
3952,2.2960,-0.1157,-0.2021,2.887,good,0.000,2.22,0,0,0,0,45.30,3,0.0,,,
3953,2.2960,-0.1155,0.0888,2.986,good,0.000,2.86,0,0,0,0,42.69,3,0.0,,,
3954,2.2960,-0.1108,-0.1151,2.929,good,0.001,5.02,0,0,0,0,42.44,3,0.0,,,
3955,2.2960,-0.1100,0.1982,2.992,good,0.000,2.41,0,0,0,0,40.59,3,0.0,,,
3956,2.2960,-0.1088,0.1180,2.993,good,0.004,2.94,0,0,0,0,40.14,3,0.0,,,
3962,2.2960,-0.1188,0.2286,3.007,good,0.001,9.71,0,0,0,0,43.13,2,0.0,,,
3963,2.2960,-0.1190,0.0060,2.752,good,0.001,3.35,0,0,0,0,49.87,2,0.0,,,
3964,2.2960,-0.1150,-0.0238,2.113,good,0.003,5.46,0,0,0,0,72.06,2,0.0,,,
3959,2.3000,-0.1136,-0.0867,3.053,shell,1.000,6.67,1,1,1,0,40.37,3,2.4,20|21,4022,
3960,2.3000,-0.1133,0.1070,3.055,good,0.601,4.77,1,1,1,0,40.13,3,3.2,45,4069,4069
3961,2.3000,-0.1112,0.0384,3.016,good,0.000,11.46,0,0,0,0,40.27,3,0.0,,,
3969,2.3000,-0.1177,-0.1643,3.006,insect,1.000,8.09,1,1,1,0,42.60,2,3.1,10|11,4025,4025
3970,2.3000,-0.1167,0.0219,3.070,good,0.000,2.69,0,0,0,0,40.73,2,0.0,,,
3978,2.3000,-0.1066,-0.0268,3.000,good,0.011,7.97,0,0,0,0,39.01,1,0.0,,,
3965,2.3040,-0.1190,0.1840,2.563,black,1.000,51.77,1,1,1,0,55.23,3,3.2,55,3981,
3966,2.3040,-0.1122,-0.2243,3.004,good,0.067,4.24,0,0,0,0,40.34,3,0.0,,,
3967,2.3040,-0.1089,0.0741,2.996,good,0.001,3.09,0,0,0,0,39.40,3,0.0,,,
3968,2.3040,-0.1122,-0.1427,2.529,good,0.001,2.00,0,0,0,0,53.53,3,0.0,,,
3975,2.3040,-0.1199,0.2151,3.084,good,0.003,4.85,0,0,0,0,40.90,2,0.0,,,
3976,2.3040,-0.1172,-0.0782,3.016,good,0.003,3.84,0,0,0,0,41.53,2,0.0,,,
3977,2.3040,-0.1174,-0.1297,2.999,shell,1.000,9.36,1,1,1,0,41.97,2,2.4,15,3996,3996
3971,2.3080,-0.1093,0.0035,3.320,good,0.002,5.01,0,0,0,0,30.51,3,0.0,,,
3972,2.3080,-0.1113,0.0628,2.976,good,0.000,1.88,0,0,0,0,38.40,3,0.0,,,
3973,2.3080,-0.1104,-0.1717,2.992,good,0.010,3.56,0,0,0,0,37.68,3,0.0,,,
3974,2.3080,-0.1101,0.1749,3.003,good,0.009,2.70,0,0,0,0,37.29,3,0.0,,,
3982,2.3080,-0.1141,-0.1483,2.957,stick,1.000,120.92,1,1,1,0,39.70,2,2.4,13|12,4026,4026
3985,2.3080,-0.1189,-0.1612,3.027,good,0.001,3.39,0,0,0,0,39.55,2,0.0,,,
3979,2.3120,-0.1158,0.1152,2.995,broken,1.000,2.45,1,1,1,0,33.74,3,2.4,46,4002,4002
3980,2.3120,-0.1145,-0.1823,3.020,good,0.007,3.25,0,0,0,0,32.60,3,0.0,,,
3981,2.3120,-0.1137,0.1678,3.008,good,0.000,1.71,0,0,0,0,32.58,3,0.0,,,
3983,2.3120,-0.1118,-0.1147,2.998,good,0.000,1.70,0,0,0,0,32.15,3,0.0,,,
3984,2.3120,-0.1234,-0.0551,2.519,good,0.003,3.92,0,0,0,0,46.14,2,0.0,,,
3993,2.3120,-0.1181,-0.0062,3.006,good,0.000,2.30,0,0,0,0,33.98,2,0.0,,,
3996,2.3120,-0.1133,-0.0518,3.000,good,0.001,3.93,0,0,0,0,32.52,1,0.0,,,
3986,2.3160,-0.1151,0.1963,3.002,insect,1.000,7.75,1,1,1,0,34.31,3,3.1,57|56,4059,4059
3987,2.3160,-0.1137,-0.2238,3.011,good,0.029,2.38,0,0,0,0,33.57,3,0.0,,,
3988,2.3160,-0.1250,-0.0621,2.689,good,0.005,4.27,0,0,0,0,42.19,2,0.0,,,
3989,2.3160,-0.1109,0.1711,3.052,good,0.005,8.75,0,0,0,0,31.59,3,0.0,,,
3990,2.3160,-0.1116,0.0886,3.000,good,0.000,2.23,0,0,0,0,32.95,3,0.0,,,
3991,2.3160,-0.1098,-0.1615,3.141,good,0.000,2.30,0,0,0,0,29.17,3,0.0,,,
3992,2.3160,-0.1222,0.1508,3.272,good,0.021,8.59,0,0,0,0,26.27,2,0.0,,,
3995,2.3160,-0.1189,0.2185,3.003,good,0.000,2.32,0,0,0,0,35.19,2,0.0,,,
4005,2.3160,-0.1138,-0.0669,3.000,good,0.003,5.32,0,0,0,0,33.58,1,0.0,,,
4006,2.3160,-0.1092,0.1467,3.000,good,0.010,9.31,0,0,0,0,32.02,1,0.0,,,
3994,2.3200,-0.1115,-0.2040,3.086,good,0.000,2.77,0,0,0,0,35.31,3,0.0,,,
4003,2.3200,-0.1182,-0.1595,2.999,good,0.013,3.21,0,0,0,0,39.45,2,0.0,,,
4004,2.3200,-0.1143,-0.0402,3.402,good,0.346,6.46,0,0,0,0,29.66,2,0.0,,,
4016,2.3200,-0.1010,-0.0741,3.000,good,0.001,3.31,0,0,0,0,33.65,1,0.0,,,
3997,2.3240,-0.1124,-0.1837,3.244,good,0.000,4.49,0,0,0,0,23.80,3,0.0,,,
3998,2.3240,-0.1144,0.2130,2.999,good,0.000,2.32,0,0,0,0,29.74,3,0.0,,,
3999,2.3240,-0.1255,-0.0078,3.178,faded,0.997,4.70,1,1,1,0,25.15,2,3.2,31|30,,
4000,2.3240,-0.1138,0.1589,2.916,insect,1.000,4.89,1,1,1,0,31.45,3,3.1,52,4031,
4001,2.3240,-0.1072,-0.0972,3.450,good,0.001,3.16,0,0,0,0,18.14,3,0.0,,,
4002,2.3240,-0.1212,-0.1759,2.869,good,0.001,3.25,0,0,0,0,31.17,2,0.0,,,
4012,2.3240,-0.1183,-0.0372,3.168,good,0.000,4.09,0,0,0,0,26.92,2,0.0,,,
4013,2.3240,-0.1192,-0.1339,2.745,good,0.000,2.63,0,0,0,0,37.86,2,0.0,,,
4014,2.3240,-0.1176,0.1434,3.006,good,0.000,3.62,0,0,0,0,30.34,2,0.0,,,
4015,2.3240,-0.1169,-0.0763,3.011,good,0.000,2.98,0,0,0,0,29.95,2,0.0,,,
4023,2.3240,-0.1128,-0.0109,3.000,faded,0.998,4.59,1,1,1,0,28.83,1,3.2,30,4084,
4007,2.3280,-0.1160,-0.2147,3.010,insect,1.000,3.66,1,1,1,0,32.49,3,3.1,4,4085,4085
4008,2.3280,-0.1137,-0.0739,2.994,good,0.001,2.70,0,0,0,0,31.99,3,0.0,,,
4009,2.3280,-0.1107,-0.2016,2.994,good,0.001,3.84,0,0,0,0,30.98,3,0.0,,,
4010,2.3280,-0.1099,0.0482,2.937,good,0.000,2.54,0,0,0,0,32.02,3,0.0,,,
4011,2.3280,-0.1094,-0.1508,3.000,good,0.000,2.29,0,0,0,0,30.30,3,0.0,,,
4021,2.3280,-0.1193,-0.0320,3.450,good,0.000,2.75,0,0,0,0,24.03,2,0.0,,,
4022,2.3280,-0.1117,0.1117,3.037,good,0.001,8.17,0,0,0,0,30.17,2,0.0,,,
4033,2.3280,-0.1161,-0.1033,3.000,black,1.000,51.94,1,1,1,0,32.46,1,3.2,18,4072,
4034,2.3280,-0.1021,0.1555,3.000,insect,1.000,4.75,1,1,1,0,27.79,1,3.1,51|52,4031,
4017,2.3320,-0.1153,0.1094,2.878,shell,1.000,10.50,1,1,1,0,43.94,3,2.4,46|45,4044,
4018,2.3320,-0.1114,-0.0641,3.010,good,0.000,3.41,0,0,0,0,39.28,3,0.0,,,
4019,2.3320,-0.1117,0.1498,2.816,good,0.000,3.23,0,0,0,0,44.21,3,0.0,,,
4020,2.3320,-0.1088,-0.1088,2.741,good,0.186,20.45,1,1,1,0,45.15,3,9.0,18|17|19,4028,
4030,2.3320,-0.1199,-0.0560,3.341,insect,1.000,8.24,1,1,1,0,34.71,2,3.1,24|25,4047,4047
4031,2.3320,-0.1170,-0.0009,3.220,good,0.002,2.55,0,0,0,0,36.23,2,0.0,,,
4032,2.3320,-0.1175,0.1820,3.003,good,0.001,3.93,0,0,0,0,41.24,2,0.0,,,
4024,2.3360,-0.1140,-0.1140,3.159,good,0.035,2.55,0,0,0,0,26.89,3,0.0,,,
4025,2.3360,-0.1135,0.0906,3.007,good,0.000,3.57,0,0,0,0,30.10,3,0.0,,,
4026,2.3360,-0.1130,0.1914,2.997,insect,1.000,8.03,1,1,1,0,30.10,3,3.1,56,4051,4051
4027,2.3360,-0.1094,-0.0476,3.088,good,0.000,2.50,0,0,0,0,26.76,3,0.0,,,
4028,2.3360,-0.1143,-0.0316,2.624,faded,0.928,6.58,1,1,1,0,40.58,3,3.1,27|28,4062|4095,
4029,2.3360,-0.1111,0.0133,2.922,good,0.000,1.76,0,0,0,0,31.12,3,0.0,,,
4038,2.3360,-0.1199,-0.1549,3.314,good,0.149,6.81,0,0,0,0,25.21,2,0.0,,,
4040,2.3360,-0.1196,0.1004,3.002,good,0.000,3.16,0,0,0,0,31.95,2,0.0,,,
4041,2.3360,-0.1177,-0.1776,2.998,good,0.001,2.41,0,0,0,0,31.37,2,0.0,,,
4042,2.3360,-0.1172,0.1091,2.990,good,0.001,2.37,0,0,0,0,31.37,2,0.0,,,
4035,2.3400,-0.1140,-0.2183,3.004,good,0.000,3.02,0,0,0,0,32.30,3,0.0,,,
4036,2.3400,-0.1172,0.1362,2.542,good,0.000,2.24,0,0,0,0,46.45,3,0.0,,,
4037,2.3400,-0.1120,-0.0229,3.008,faded,0.816,3.45,1,1,1,0,31.44,3,3.2,29|28,4126,4126
4039,2.3400,-0.1337,-0.0326,3.000,good,0.000,3.30,0,0,0,0,30.85,1,0.0,,,
4052,2.3400,-0.1079,-0.1505,3.000,good,0.118,4.71,0,0,0,0,30.26,1,0.0,,,
4053,2.3400,-0.1056,-0.1607,3.000,good,0.024,3.69,0,0,0,0,29.47,1,0.0,,,
4043,2.3440,-0.1153,0.0399,3.025,good,0.001,2.90,0,0,0,0,37.34,3,0.0,,,
4044,2.3440,-0.1104,0.0682,3.015,good,0.011,6.72,0,0,0,0,35.91,3,0.0,,,
4045,2.3440,-0.1074,0.1113,3.450,good,0.003,3.12,0,0,0,0,26.18,3,0.0,,,
4046,2.3440,-0.1124,-0.1374,3.027,good,0.000,2.77,0,0,0,0,36.19,3,0.0,,,
4047,2.3440,-0.1363,0.2067,3.000,good,0.002,3.08,0,0,0,0,36.78,1,0.0,,,
4048,2.3440,-0.1085,-0.0746,3.000,good,0.000,1.97,0,0,0,0,35.49,3,0.0,,,
4049,2.3440,-0.1179,0.2196,3.349,good,0.000,3.29,0,0,0,0,31.00,2,0.0,,,
4050,2.3440,-0.1197,-0.0967,3.000,good,0.000,2.94,0,0,0,0,39.14,2,0.0,,,
4051,2.3440,-0.1308,0.2067,3.000,good,0.001,3.02,0,0,0,0,38.84,1,0.0,,,
4060,2.3480,-0.1253,0.2067,3.000,good,0.001,2.72,0,0,0,0,32.48,1,0.0,,,
4054,2.3520,-0.1140,0.1764,3.025,good,0.000,3.59,0,0,0,0,42.25,3,0.0,,,
4055,2.3520,-0.1112,-0.1773,2.928,good,0.000,7.71,0,0,0,0,43.56,3,0.0,,,
4056,2.3520,-0.1103,-0.2326,3.003,good,0.003,2.96,0,0,0,0,41.42,3,0.0,,,
4057,2.3520,-0.1354,0.2141,3.000,insect,1.000,7.75,1,1,1,0,41.84,1,3.1,59,,
4058,2.3520,-0.1075,0.0612,3.246,good,0.003,2.91,0,0,0,0,35.24,3,0.0,,,
4059,2.3520,-0.1108,0.0857,2.717,good,0.000,2.13,0,0,0,0,48.86,3,0.0,,,
4067,2.3520,-0.1170,0.1261,3.018,good,0.000,2.51,0,0,0,0,43.12,2,0.0,,,
4068,2.3520,-0.1123,0.2099,2.303,insect,0.996,8.78,1,1,1,0,63.37,2,3.1,58|59,3692|4110,
4061,2.3560,-0.1257,-0.0969,3.450,good,0.008,3.77,0,0,0,0,20.05,2,0.0,,,
4062,2.3560,-0.1126,-0.1314,2.995,good,0.000,1.98,0,0,0,0,29.55,3,0.0,,,
4063,2.3560,-0.1084,0.1214,3.358,good,0.002,7.83,0,0,0,0,20.57,3,0.0,,,
4064,2.3560,-0.1113,-0.2188,3.007,good,0.108,3.26,0,0,0,0,28.73,3,0.0,,,
4065,2.3560,-0.1128,-0.0557,2.878,good,0.000,2.25,0,0,0,0,32.36,3,0.0,,,
4066,2.3560,-0.1079,0.0322,3.075,good,0.021,2.35,0,0,0,0,25.99,3,0.0,,,
4072,2.3560,-0.1191,0.1875,2.978,good,0.000,2.33,0,0,0,0,31.96,2,0.0,,,
4073,2.3560,-0.1173,-0.0744,3.049,good,0.000,3.53,0,0,0,0,29.62,2,0.0,,,
4077,2.3560,-0.1116,-0.1016,3.000,good,0.000,3.70,0,0,0,0,28.86,1,0.0,,,
4078,2.3560,-0.1089,0.2068,3.000,good,0.000,2.51,0,0,0,0,27.96,1,0.0,,,
4069,2.3600,-0.1121,-0.0275,3.021,good,0.000,3.84,0,0,0,0,29.12,3,0.0,,,
4070,2.3600,-0.1125,0.0674,3.081,good,0.138,5.64,0,0,0,0,27.83,3,0.0,,,
4071,2.3600,-0.1101,0.0376,2.917,shell,1.000,7.02,1,1,1,0,30.85,3,2.4,36|37,4098,
4089,2.3600,-0.1034,0.2068,3.000,good,0.000,2.78,0,0,0,0,26.60,1,0.0,,,
4074,2.3640,-0.1117,0.1300,2.978,good,0.000,4.11,0,0,0,0,32.81,3,0.0,,,
4075,2.3640,-0.1114,-0.1581,2.988,good,0.001,2.78,0,0,0,0,32.41,3,0.0,,,
4076,2.3640,-0.1121,0.0803,2.396,good,0.318,4.13,0,0,0,0,50.15,3,0.0,,,
4086,2.3640,-0.1195,-0.1909,3.233,black,1.000,51.33,1,1,1,0,29.47,2,3.2,7,4045,
4088,2.3640,-0.1185,-0.2159,3.000,good,0.000,2.41,0,0,0,0,34.34,2,0.0,,,
4079,2.3680,-0.1397,-0.1194,3.000,good,0.007,2.83,0,0,0,0,29.72,1,0.0,,,
4080,2.3680,-0.1144,0.1644,3.022,good,0.002,2.50,0,0,0,0,28.63,3,0.0,,,
4081,2.3680,-0.1146,-0.0341,2.861,good,0.000,2.85,0,0,0,0,32.67,3,0.0,,,
4082,2.3680,-0.1150,0.1543,2.906,good,0.000,1.81,0,0,0,0,31.58,3,0.0,,,
4083,2.3680,-0.1092,0.0297,2.954,good,0.360,19.45,1,1,1,0,28.40,3,9.0,35|36|34,4046|4120,4120
4084,2.3680,-0.1187,0.2413,2.183,good,0.000,6.69,0,0,0,0,57.66,3,0.0,,,
4085,2.3680,-0.1079,0.1787,3.025,faded,1.000,5.76,1,1,1,0,26.18,3,3.2,54|55,4118,4118
4087,2.3680,-0.1105,-0.1203,2.577,sour,0.976,16.61,1,1,1,0,39.10,3,3.2,16,4090|4114,
4091,2.3680,-0.1150,-0.2224,3.030,good,0.006,2.94,0,0,0,0,28.31,2,0.0,,,
4090,2.3720,-0.1105,-0.1821,3.007,good,0.308,2.49,0,0,0,0,30.31,3,0.0,,,
4097,2.3720,-0.1197,0.1879,3.450,good,0.005,2.75,0,0,0,0,23.95,2,0.0,,,
4099,2.3720,-0.1194,0.0210,3.000,good,0.000,2.56,0,0,0,0,33.36,2,0.0,,,
4100,2.3720,-0.1177,-0.1015,3.206,good,0.000,2.12,0,0,0,0,28.08,2,0.0,,,
4109,2.3720,-0.1100,0.2439,3.000,good,0.000,3.56,0,0,0,0,30.15,1,0.0,,,
4092,2.3760,-0.1155,0.0818,3.163,good,0.040,3.96,0,0,0,0,36.94,3,0.0,,,
4093,2.3760,-0.1114,0.2236,2.789,good,0.015,7.71,0,0,0,0,44.54,3,0.0,,,
4094,2.3760,-0.1255,0.2305,2.982,good,0.001,2.87,0,0,0,0,40.30,2,0.0,,,
4095,2.3760,-0.1118,0.1422,2.993,good,0.000,2.31,0,0,0,0,39.42,3,0.0,,,
4096,2.3760,-0.1097,0.0868,3.006,broken,1.000,3.02,1,1,1,0,38.39,3,2.4,43|42,4101,4101
4098,2.3760,-0.1098,-0.0459,2.982,good,0.000,3.56,0,0,0,0,38.91,3,0.0,,,
4106,2.3760,-0.1191,0.0198,3.046,good,0.000,2.51,0,0,0,0,40.46,2,0.0,,,
4108,2.3760,-0.1307,0.0690,3.000,good,0.000,2.00,0,0,0,0,41.40,1,0.0,,,
4119,2.3760,-0.1193,0.0643,3.000,good,0.002,8.66,0,0,0,0,41.61,1,0.0,,,
4120,2.3760,-0.1135,0.2337,3.000,good,0.003,2.35,0,0,0,0,39.68,1,0.0,,,
4101,2.3800,-0.1142,0.1545,2.831,good,0.001,8.96,0,0,0,0,32.91,3,0.0,,,
4102,2.3800,-0.1109,-0.1687,3.254,good,0.000,2.38,0,0,0,0,21.98,3,0.0,,,
4103,2.3800,-0.1118,0.2284,2.899,good,0.000,3.59,0,0,0,0,30.18,3,0.0,,,
4104,2.3800,-0.1098,-0.0938,3.000,good,0.001,2.06,0,0,0,0,27.01,3,0.0,,,
4105,2.3800,-0.1090,0.1294,3.089,good,0.016,2.96,0,0,0,0,24.71,3,0.0,,,
4107,2.3800,-0.1321,0.0600,3.000,good,0.000,2.27,0,0,0,0,26.43,1,0.0,,,
4115,2.3800,-0.1186,-0.0255,2.990,good,0.000,1.83,0,0,0,0,30.13,2,0.0,,,
4116,2.3800,-0.1143,-0.0119,3.011,good,0.026,7.22,0,0,0,0,28.15,2,0.0,,,
4117,2.3800,-0.1182,0.1702,3.004,good,0.002,2.34,0,0,0,0,29.59,2,0.0,,,
4118,2.3800,-0.1160,0.1903,3.001,good,0.000,4.94,0,0,0,0,28.91,2,0.0,,,
4110,2.3840,-0.1254,0.1632,3.429,good,0.000,1.91,0,0,0,0,21.24,2,0.0,,,
4111,2.3840,-0.1335,0.0437,3.000,good,0.022,12.10,0,0,0,0,29.35,1,0.0,,,
4112,2.3840,-0.1116,-0.1586,3.005,good,0.000,3.11,0,0,0,0,29.85,3,0.0,,,
4113,2.3840,-0.1099,-0.1401,3.001,black,1.000,48.62,1,1,1,0,29.34,3,3.2,14|13,4145,4145
4114,2.3840,-0.1085,0.2369,3.000,good,0.000,3.65,0,0,0,0,28.86,3,0.0,,,
4129,2.3840,-0.1187,-0.1818,3.132,good,0.006,2.41,0,0,0,0,29.10,2,0.0,,,
4131,2.3840,-0.1181,-0.1678,3.000,good,0.000,2.67,0,0,0,0,31.93,2,0.0,,,
4132,2.3840,-0.1097,0.0401,3.007,faded,0.681,8.37,1,1,1,0,28.93,2,3.2,37|36,4134|4136,4134|4136
4133,2.3840,-0.1085,0.0504,3.076,good,0.000,2.19,0,0,0,0,26.92,2,0.0,,,
4140,2.3840,-0.1094,0.1669,3.000,good,0.002,6.42,0,0,0,0,28.92,1,0.0,,,
4121,2.3880,-0.1403,-0.0420,3.000,good,0.002,2.36,0,0,0,0,30.33,1,0.0,,,
4122,2.3880,-0.1164,0.0319,2.849,good,0.000,3.49,0,0,0,0,34.04,3,0.0,,,
4123,2.3880,-0.1146,0.2321,2.996,good,0.001,7.64,0,0,0,0,29.67,3,0.0,,,
4124,2.3880,-0.1093,-0.2007,2.812,broken,0.528,9.06,1,1,1,0,32.43,3,2.4,6,4173|4196,4173|4196
4125,2.3880,-0.1091,-0.0874,3.007,good,0.120,3.95,0,0,0,0,27.46,3,0.0,,,
4126,2.3880,-0.1100,0.1007,3.002,good,0.000,2.65,0,0,0,0,27.85,3,0.0,,,
4127,2.3880,-0.1088,-0.1037,3.002,good,0.080,5.96,0,0,0,0,27.40,3,0.0,,,
4128,2.3880,-0.1101,0.1329,2.981,good,0.000,3.59,0,0,0,0,28.29,3,0.0,,,
4130,2.3880,-0.1096,0.0864,2.992,good,0.000,2.91,0,0,0,0,27.80,3,0.0,,,
4138,2.3880,-0.1180,0.0740,2.918,good,0.001,2.66,0,0,0,0,32.44,2,0.0,,,
4139,2.3880,-0.1156,-0.0448,3.242,black,0.920,18.89,1,1,1,0,24.20,2,3.2,26,4180|4247,
4145,2.3880,-0.1062,-0.1787,3.000,good,0.002,2.70,0,0,0,0,26.40,1,0.0,,,
4134,2.3920,-0.1085,-0.1665,3.056,sour,1.000,20.57,1,1,1,0,26.95,3,3.2,10,4183,4183
4135,2.3920,-0.1094,0.0511,3.004,broken,0.995,3.88,1,1,1,0,28.34,3,2.4,38,4170,4170
4136,2.3920,-0.1088,-0.1866,3.002,good,0.002,2.03,0,0,0,0,28.12,3,0.0,,,
4137,2.3920,-0.1092,-0.0040,3.001,black,1.000,47.58,1,1,1,0,28.22,3,3.2,31,4222,4222
4143,2.3920,-0.1177,-0.1478,2.938,black,1.000,51.88,1,1,1,0,32.57,2,3.2,13|12,4164,4164
4144,2.3920,-0.1152,0.1713,2.999,good,0.000,3.52,0,0,0,0,30.19,2,0.0,,,
4153,2.3920,-0.1185,-0.1412,3.000,good,0.353,9.32,0,0,0,0,31.26,1,0.0,,,
4141,2.3960,-0.1149,0.0098,2.890,good,0.029,2.87,0,0,0,0,28.55,3,0.0,,,
4142,2.3960,-0.1093,-0.1783,3.385,faded,0.848,7.01,1,1,1,0,15.97,3,3.1,9|8,4171,
4151,2.3960,-0.1164,-0.2362,2.837,good,0.001,2.52,0,0,0,0,30.33,2,0.0,,,
4152,2.3960,-0.1157,0.1117,3.002,good,0.000,2.15,0,0,0,0,25.87,2,0.0,,,
4146,2.4000,-0.1140,0.1551,3.000,good,0.004,2.50,0,0,0,0,30.11,3,0.0,,,
4147,2.4000,-0.1127,-0.0311,2.971,faded,0.984,5.22,1,1,1,0,30.34,3,3.2,28|27,4192,4192
4148,2.4000,-0.1095,-0.1070,3.450,stick,1.000,49.71,1,1,1,0,19.37,3,2.4,18,4232,
4149,2.4000,-0.1104,-0.0647,3.003,good,0.000,2.86,0,0,0,0,28.69,3,0.0,,,
4150,2.4000,-0.1345,-0.2428,3.000,good,0.000,3.48,0,0,0,0,28.77,1,0.0,,,
4161,2.4000,-0.1196,0.1752,3.000,good,0.001,2.33,0,0,0,0,31.76,2,0.0,,,
4162,2.4000,-0.1176,-0.0865,3.008,faded,0.999,4.00,1,1,1,0,30.86,2,3.2,20|21,4174,
4154,2.4040,-0.1158,0.0327,2.973,good,0.000,2.09,0,0,0,0,32.50,3,0.0,,,
4155,2.4040,-0.1140,0.0771,2.979,good,0.000,2.79,0,0,0,0,31.70,3,0.0,,,
4156,2.4040,-0.1129,-0.2132,3.002,good,0.000,2.29,0,0,0,0,30.71,3,0.0,,,
4157,2.4040,-0.1132,0.0141,2.793,good,0.000,3.32,0,0,0,0,36.12,3,0.0,,,
4158,2.4040,-0.1168,-0.1593,2.404,good,0.007,6.45,0,0,0,0,49.92,3,0.0,,,
4159,2.4040,-0.1117,-0.0017,2.992,faded,0.776,3.56,1,1,1,0,30.46,3,3.2,31,4210,4210
4160,2.4040,-0.1098,0.1306,3.053,good,0.000,2.12,0,0,0,0,28.37,3,0.0,,,
4165,2.4040,-0.1197,-0.1887,3.008,good,0.011,3.19,0,0,0,0,32.65,2,0.0,,,
4163,2.4080,-0.1126,0.1295,2.988,good,0.000,2.54,0,0,0,0,24.89,3,0.0,,,
4164,2.4080,-0.1112,0.2077,2.900,good,0.002,3.11,0,0,0,0,26.51,3,0.0,,,
4166,2.4080,-0.1090,-0.0894,2.999,good,0.030,3.05,0,0,0,0,23.31,3,0.0,,,
4168,2.4080,-0.1187,-0.0769,3.004,good,0.000,3.83,0,0,0,0,26.38,2,0.0,,,
4169,2.4080,-0.1167,-0.1739,3.303,good,0.003,3.55,0,0,0,0,19.15,2,0.0,,,
4170,2.4080,-0.1157,-0.1163,3.099,good,0.001,7.25,0,0,0,0,23.11,2,0.0,,,
4171,2.4080,-0.1286,-0.0085,3.000,good,0.001,2.35,0,0,0,0,25.71,1,0.0,,,
4184,2.4080,-0.1166,-0.0123,3.000,good,0.007,2.30,0,0,0,0,25.67,1,0.0,,,
4167,2.4120,-0.1123,-0.0151,2.986,good,0.007,3.26,0,0,0,0,30.32,3,0.0,,,
4179,2.4120,-0.1177,0.0057,3.008,good,0.007,9.19,0,0,0,0,31.53,2,0.0,,,
4183,2.4120,-0.1183,-0.0759,3.406,faded,0.999,4.01,1,1,1,0,23.19,2,3.2,22,4265,
4192,2.4120,-0.1045,-0.0161,3.000,good,0.000,2.18,0,0,0,0,27.23,1,0.0,,,
4172,2.4160,-0.1162,-0.0954,3.021,good,0.000,3.74,0,0,0,0,29.59,3,0.0,,,
4173,2.4160,-0.1163,0.0780,2.996,faded,1.000,5.96,1,1,1,0,30.11,3,3.2,41|42,4242,4242
4174,2.4160,-0.1123,0.0666,3.294,sour,1.000,18.67,1,1,1,0,22.30,3,3.2,40,4262,
4175,2.4160,-0.1206,-0.0625,3.052,black,0.901,15.84,1,1,1,0,26.07,2,3.2,23|24,,
4176,2.4160,-0.1122,-0.1100,2.998,good,0.002,2.35,0,0,0,0,28.54,3,0.0,,,
4177,2.4160,-0.1094,-0.1779,3.002,good,0.149,3.73,0,0,0,0,27.44,3,0.0,,,
4178,2.4160,-0.1111,0.0454,2.923,good,0.003,4.24,0,0,0,0,29.90,3,0.0,,,
4180,2.4160,-0.1114,0.1481,2.809,insect,1.000,3.99,1,1,1,0,32.89,3,3.1,50|51,4193,
4181,2.4160,-0.1216,-0.1400,2.833,insect,1.000,10.38,1,1,1,0,31.83,2,3.1,14|13,,
4182,2.4160,-0.1088,-0.0917,2.973,insect,1.000,3.85,1,1,1,0,27.78,3,3.1,20,4213,4213
4190,2.4160,-0.1163,0.1102,2.963,good,0.005,5.87,0,0,0,0,30.50,2,0.0,,,
4191,2.4160,-0.1193,0.1304,2.984,good,0.000,2.43,0,0,0,0,30.98,2,0.0,,,
4200,2.4160,-0.1119,-0.0599,3.000,good,0.000,2.41,0,0,0,0,28.09,1,0.0,,,
4201,2.4160,-0.1103,-0.1362,3.000,insect,1.000,10.27,1,1,1,0,27.56,1,3.1,14,4206,
4202,2.4160,-0.1061,-0.0654,3.000,black,1.000,50.19,1,1,1,0,26.17,1,3.2,23,4233,
4185,2.4200,-0.1111,-0.2215,3.450,good,0.000,2.76,0,0,0,0,20.55,3,0.0,,,
4186,2.4200,-0.1145,-0.0086,3.013,good,0.001,1.57,0,0,0,0,30.50,3,0.0,,,
4187,2.4200,-0.1110,-0.1719,3.100,good,0.000,2.37,0,0,0,0,27.35,3,0.0,,,
4188,2.4200,-0.1107,0.1473,3.000,good,0.005,2.38,0,0,0,0,29.46,3,0.0,,,
4189,2.4200,-0.1121,0.2175,2.902,good,0.000,3.42,0,0,0,0,32.31,3,0.0,,,
4198,2.4200,-0.1143,-0.1488,3.000,good,0.361,7.16,0,0,0,0,30.59,2,0.0,,,
4199,2.4200,-0.1171,0.1254,2.969,good,0.000,3.80,0,0,0,0,32.25,2,0.0,,,
4193,2.4240,-0.1421,0.0832,3.000,shell,1.000,41.35,1,1,1,0,33.16,1,2.4,42,,
4194,2.4240,-0.1138,-0.2002,2.864,good,0.029,2.25,0,0,0,0,34.97,3,0.0,,,
4195,2.4240,-0.1114,-0.0941,2.961,good,0.017,1.93,0,0,0,0,31.67,3,0.0,,,
4196,2.4240,-0.1107,0.1173,3.001,good,0.000,2.28,0,0,0,0,30.44,3,0.0,,,
4197,2.4240,-0.1117,0.1824,2.712,good,0.001,9.77,0,0,0,0,38.24,3,0.0,,,
4204,2.4240,-0.1193,0.0636,2.962,good,0.008,2.06,0,0,0,0,34.17,2,0.0,,,
4205,2.4240,-0.1174,0.1422,3.117,good,0.000,2.42,0,0,0,0,29.87,2,0.0,,,
4206,2.4240,-0.1171,0.0165,3.086,good,0.000,3.08,0,0,0,0,30.44,2,0.0,,,
4207,2.4240,-0.1318,0.0781,3.000,shell,1.000,41.81,1,1,1,0,33.34,1,2.4,42|41,4298,
4203,2.4280,-0.1115,0.2207,3.029,good,0.000,1.52,0,0,0,0,30.07,3,0.0,,,
4209,2.4280,-0.1188,0.0202,3.000,good,0.000,3.63,0,0,0,0,33.15,2,0.0,,,
4210,2.4280,-0.1185,0.0500,2.827,good,0.159,2.76,0,0,0,0,37.42,2,0.0,,,
4211,2.4280,-0.1160,0.0767,3.222,good,0.002,7.27,0,0,0,0,27.18,2,0.0,,,
4212,2.4280,-0.1215,0.0731,3.000,shell,1.000,41.54,1,1,1,0,29.95,1,2.4,41,4298,
4223,2.4280,-0.1049,0.1464,3.000,good,0.000,3.37,0,0,0,0,28.40,1,0.0,,,
4208,2.4320,-0.1126,0.0333,3.001,good,0.000,1.92,0,0,0,0,32.19,3,0.0,,,
4221,2.4320,-0.1196,0.2225,2.969,good,0.002,5.12,0,0,0,0,35.27,2,0.0,,,
4222,2.4320,-0.1178,-0.2298,3.002,good,0.002,2.91,0,0,0,0,33.78,2,0.0,,,
4229,2.4320,-0.1072,0.0542,3.000,broken,0.759,2.78,1,1,1,0,30.30,1,2.4,38|39,4256,
4213,2.4360,-0.1153,0.1992,3.000,good,0.001,2.74,0,0,0,0,30.02,3,0.0,,,
4214,2.4360,-0.1152,0.2079,2.990,good,0.018,5.25,0,0,0,0,30.16,3,0.0,,,
4215,2.4360,-0.1141,-0.0839,2.893,faded,0.999,4.85,1,1,1,0,32.11,3,3.2,21,4238,4238
4216,2.4360,-0.1112,0.0343,3.039,good,0.001,2.46,0,0,0,0,27.53,3,0.0,,,
4217,2.4360,-0.1105,-0.2185,2.995,good,0.004,5.67,0,0,0,0,28.30,3,0.0,,,
4218,2.4360,-0.1231,-0.0080,2.644,good,0.000,6.35,0,0,0,0,38.34,2,0.0,,,
4219,2.4360,-0.1086,-0.2098,3.000,good,0.000,2.92,0,0,0,0,27.46,3,0.0,,,
4220,2.4360,-0.1082,-0.0349,2.998,faded,0.999,6.28,1,1,1,0,27.33,3,3.2,27,4296,
4226,2.4360,-0.1162,0.1462,3.450,good,0.000,2.87,0,0,0,0,20.51,2,0.0,,,
4228,2.4360,-0.1161,-0.0566,2.984,good,0.000,3.04,0,0,0,0,30.24,2,0.0,,,
4239,2.4360,-0.1125,-0.0041,3.000,good,0.000,6.37,0,0,0,0,28.65,1,0.0,,,
4240,2.4360,-0.1078,0.2264,3.000,good,0.024,2.66,0,0,0,0,27.06,1,0.0,,,
4224,2.4400,-0.1159,-0.1153,2.928,good,0.000,2.28,0,0,0,0,41.52,3,0.0,,,
4225,2.4400,-0.1095,-0.0926,2.996,good,0.000,9.32,0,0,0,0,37.62,3,0.0,,,
4227,2.4400,-0.1088,-0.1539,2.920,good,0.000,1.75,0,0,0,0,39.17,3,0.0,,,
4236,2.4400,-0.1182,-0.1317,2.943,good,0.000,2.16,0,0,0,0,41.79,2,0.0,,,
4237,2.4400,-0.1164,-0.2131,3.001,good,0.000,2.45,0,0,0,0,39.67,2,0.0,,,
4238,2.4400,-0.1199,-0.0833,2.177,good,0.000,6.53,0,0,0,0,68.53,2,0.0,,,
4230,2.4440,-0.1106,0.0159,3.219,good,0.006,5.78,0,0,0,0,24.86,3,0.0,,,
4231,2.4440,-0.1364,-0.0894,3.000,good,0.000,2.96,0,0,0,0,30.23,1,0.0,,,
4232,2.4440,-0.1161,0.1273,2.814,sour,1.000,13.78,1,1,1,0,36.18,3,3.2,48,4251,
4233,2.4440,-0.1133,0.0014,2.573,good,0.001,7.80,0,0,0,0,42.19,3,0.0,,,
4234,2.4440,-0.1079,-0.0264,3.085,broken,0.955,2.12,1,1,1,0,26.66,3,2.4,28,4305,
4235,2.4440,-0.1081,-0.1872,2.998,stone,0.637,10.26,1,1,1,0,28.62,3,7.0,8|7,4212,
4243,2.4440,-0.1170,0.1754,3.030,good,0.000,3.93,0,0,0,0,30.78,2,0.0,,,
4255,2.4440,-0.1179,0.0131,3.000,good,0.000,1.99,0,0,0,0,31.80,1,0.0,,,
4256,2.4440,-0.1082,0.0073,3.000,good,0.000,3.13,0,0,0,0,28.55,1,0.0,,,
4241,2.4480,-0.1134,-0.0559,3.127,shell,1.000,8.54,1,1,1,0,25.20,3,2.4,24|25,4288,4288
4242,2.4480,-0.1250,0.0802,3.178,good,0.010,1.73,0,0,0,0,23.65,2,0.0,,,
4249,2.4480,-0.1197,-0.0757,2.954,good,0.000,3.08,0,0,0,0,31.15,2,0.0,,,
4250,2.4480,-0.1188,-0.0009,2.995,good,0.000,3.24,0,0,0,0,29.83,2,0.0,,,
4252,2.4480,-0.1168,0.1304,3.005,broken,0.993,3.01,1,1,1,0,28.88,2,2.4,48,4295,
4253,2.4480,-0.1172,-0.1420,3.001,good,0.000,2.18,0,0,0,0,29.04,2,0.0,,,
4254,2.4480,-0.1144,0.1225,3.055,good,0.001,2.88,0,0,0,0,26.82,2,0.0,,,
4264,2.4480,-0.1123,0.0833,3.000,good,0.008,1.94,0,0,0,0,27.41,1,0.0,,,
4244,2.4520,-0.1253,0.1998,3.357,good,0.003,9.95,0,0,0,0,21.85,2,0.0,,,
4245,2.4520,-0.1099,-0.1622,3.292,good,0.001,7.67,0,0,0,0,22.41,3,0.0,,,
4246,2.4520,-0.1362,-0.1530,3.000,good,0.002,1.30,0,0,0,0,29.36,1,0.0,,,
4247,2.4520,-0.1088,0.1797,3.051,insect,1.000,4.39,1,1,1,0,27.04,3,3.1,55|54,4329,4329
4248,2.4520,-0.1099,0.0215,3.006,good,0.024,2.87,0,0,0,0,28.35,3,0.0,,,
4251,2.4520,-0.1204,0.2071,2.755,good,0.033,2.40,0,0,0,0,34.48,2,0.0,,,
4261,2.4520,-0.1191,0.0150,3.032,sour,1.000,16.80,1,1,1,0,30.73,2,3.2,33|34,4344,4344
4262,2.4520,-0.1185,-0.2214,2.864,good,0.000,1.68,0,0,0,0,34.67,2,0.0,,,
4263,2.4520,-0.1165,-0.0293,2.963,good,0.001,2.89,0,0,0,0,31.42,2,0.0,,,
4273,2.4520,-0.1191,-0.1580,3.000,good,0.000,1.63,0,0,0,0,31.39,1,0.0,,,
4274,2.4520,-0.1108,0.2031,3.000,good,0.002,7.90,0,0,0,0,28.63,1,0.0,,,
4257,2.4560,-0.1162,-0.0581,3.000,good,0.000,1.57,0,0,0,0,29.23,3,0.0,,,
4258,2.4560,-0.1146,-0.1102,2.761,faded,0.989,8.08,1,1,1,0,34.84,3,3.1,17|18,4271|4284,
4259,2.4560,-0.1091,-0.1477,2.995,good,0.013,3.24,0,0,0,0,26.87,3,0.0,,,
4260,2.4560,-0.1106,0.0673,2.998,good,0.002,3.59,0,0,0,0,27.26,3,0.0,,,
4272,2.4560,-0.1189,0.1829,3.010,good,0.001,2.01,0,0,0,0,29.67,2,0.0,,,
4265,2.4600,-0.1138,0.0148,2.998,good,0.002,3.86,0,0,0,0,31.03,3,0.0,,,
4266,2.4600,-0.1138,0.2079,3.001,good,0.000,2.48,0,0,0,0,30.91,3,0.0,,,
4267,2.4600,-0.1129,-0.2243,3.064,good,0.000,4.37,0,0,0,0,29.08,3,0.0,,,
4268,2.4600,-0.1229,-0.1174,3.011,good,0.001,2.48,0,0,0,0,29.60,2,0.0,,,
4269,2.4600,-0.1098,-0.0730,2.996,good,0.000,3.40,0,0,0,0,29.55,3,0.0,,,
4270,2.4600,-0.1112,0.0452,2.980,good,0.016,2.96,0,0,0,0,30.37,3,0.0,,,
4271,2.4600,-0.1092,-0.1950,2.981,good,0.000,2.73,0,0,0,0,29.66,3,0.0,,,
4278,2.4600,-0.1191,0.0551,3.127,good,0.003,4.66,0,0,0,0,29.51,2,0.0,,,
4279,2.4600,-0.1167,-0.1842,3.084,good,0.001,3.22,0,0,0,0,29.66,2,0.0,,,
4283,2.4600,-0.1062,-0.1133,3.000,faded,0.971,9.69,1,1,1,0,28.11,1,3.2,17,4271|4284|4314,4314
4284,2.4600,-0.1020,-0.1629,3.000,good,0.000,1.33,0,0,0,0,26.70,1,0.0,,,
4275,2.4640,-0.1113,-0.0159,3.005,faded,1.000,4.45,1,1,1,0,39.95,3,3.2,29|30,4343,4343
4276,2.4640,-0.1097,0.0665,3.057,good,0.007,2.81,0,0,0,0,38.12,3,0.0,,,
4277,2.4640,-0.1092,-0.0042,3.023,broken,0.833,4.10,1,1,1,0,38.69,3,2.4,31,4302,4302
4282,2.4640,-0.1145,-0.0937,3.182,good,0.002,2.67,0,0,0,0,36.85,2,0.0,,,
4280,2.4680,-0.1151,-0.2315,3.044,good,0.001,2.52,0,0,0,0,29.31,3,0.0,,,
4281,2.4680,-0.1102,0.0863,2.740,good,0.000,1.60,0,0,0,0,35.30,3,0.0,,,
4291,2.4680,-0.1146,-0.1879,3.450,good,0.112,11.92,0,0,0,0,20.73,2,0.0,,,
4294,2.4680,-0.1147,-0.1394,3.450,good,0.005,3.68,0,0,0,0,20.73,2,0.0,,,
4295,2.4680,-0.1182,0.2413,2.991,good,0.018,3.16,0,0,0,0,31.42,2,0.0,,,
4296,2.4680,-0.1167,-0.0067,2.994,good,0.329,3.62,0,0,0,0,30.81,2,0.0,,,
4297,2.4680,-0.1161,0.1210,2.988,good,0.000,2.35,0,0,0,0,30.70,2,0.0,,,
4298,2.4680,-0.1149,0.1321,3.035,good,0.000,2.49,0,0,0,0,29.16,2,0.0,,,
4285,2.4720,-0.1141,0.0257,3.110,good,0.014,4.16,0,0,0,0,27.31,3,0.0,,,
4286,2.4720,-0.1145,-0.2235,3.008,good,0.000,2.55,0,0,0,0,29.70,3,0.0,,,
4287,2.4720,-0.1145,-0.0662,3.005,good,0.000,4.13,0,0,0,0,29.73,3,0.0,,,
4288,2.4720,-0.1136,-0.1473,2.985,good,0.000,2.17,0,0,0,0,29.89,3,0.0,,,
4289,2.4720,-0.1119,0.2060,3.091,good,0.000,2.95,0,0,0,0,26.83,3,0.0,,,
4290,2.4720,-0.1212,-0.0503,3.450,good,0.000,2.83,0,0,0,0,18.35,2,0.0,,,
4292,2.4720,-0.1089,0.0317,2.968,good,0.000,3.00,0,0,0,0,28.57,3,0.0,,,
4293,2.4720,-0.1084,0.2166,2.996,good,0.051,2.69,0,0,0,0,27.74,3,0.0,,,
4303,2.4720,-0.1197,0.1500,3.009,good,0.003,2.72,0,0,0,0,31.13,2,0.0,,,
4304,2.4720,-0.1093,-0.1931,3.002,faded,0.999,6.22,1,1,1,0,27.83,2,3.2,7,4304,
4313,2.4720,-0.1194,0.1746,3.000,good,0.008,3.40,0,0,0,0,31.20,1,0.0,,,
4314,2.4720,-0.1071,-0.0534,3.000,good,0.000,2.84,0,0,0,0,27.09,1,0.0,,,
4299,2.4760,-0.1340,0.1700,3.000,good,0.044,11.66,0,0,0,0,25.62,1,0.0,,,
4300,2.4760,-0.1117,0.2197,3.024,shell,1.000,7.42,1,1,1,0,25.53,3,2.4,60|59,4334,
4301,2.4760,-0.1079,-0.0804,3.437,black,1.000,51.81,1,1,1,0,15.90,3,3.2,21,4355,
4302,2.4760,-0.1092,-0.1996,3.108,good,0.000,2.52,0,0,0,0,22.69,3,0.0,,,
4307,2.4760,-0.1194,-0.1209,2.976,good,0.001,2.18,0,0,0,0,29.06,2,0.0,,,
4308,2.4760,-0.1199,0.0995,3.010,good,0.000,6.58,0,0,0,0,28.34,2,0.0,,,
4309,2.4760,-0.1180,-0.1656,3.018,good,0.030,2.65,0,0,0,0,27.48,2,0.0,,,
4310,2.4760,-0.1174,-0.0757,3.273,faded,0.996,3.66,1,1,1,0,21.63,2,3.2,22,4349,4349
4311,2.4760,-0.1182,-0.0071,3.010,sour,1.000,26.91,1,1,1,0,27.67,2,3.2,31|30,4328,4328
4312,2.4760,-0.1165,0.1664,1.896,good,0.004,14.17,0,0,0,0,69.29,2,0.0,,,
4325,2.4760,-0.1083,0.1654,3.000,good,0.002,7.04,0,0,0,0,24.57,1,0.0,,,
4305,2.4800,-0.1180,-0.1751,2.645,good,0.002,3.21,0,0,0,0,37.91,3,0.0,,,
4306,2.4800,-0.1142,-0.1833,3.005,good,0.003,3.14,0,0,0,0,26.74,3,0.0,,,
4318,2.4800,-0.1174,0.1329,3.299,good,0.001,8.00,0,0,0,0,21.33,2,0.0,,,
4324,2.4800,-0.1189,-0.1304,2.972,good,0.000,4.67,0,0,0,0,29.03,2,0.0,,,
4315,2.4840,-0.1397,0.0789,3.000,broken,0.611,3.51,1,1,1,0,31.22,1,2.4,42|41,,
4316,2.4840,-0.1148,-0.1506,3.079,good,0.382,9.50,0,0,0,0,28.91,3,0.0,,,
4317,2.4840,-0.1245,-0.1192,2.961,good,0.000,2.58,0,0,0,0,30.93,2,0.0,,,
4319,2.4840,-0.1089,-0.0982,3.014,good,0.014,2.15,0,0,0,0,28.38,3,0.0,,,
4320,2.4840,-0.1103,-0.0630,3.014,good,0.000,4.20,0,0,0,0,28.81,3,0.0,,,
4321,2.4840,-0.1109,0.0593,2.807,faded,0.776,3.53,1,1,1,0,34.13,3,3.2,39,4376,
4322,2.4840,-0.1097,0.2225,3.013,good,0.000,1.45,0,0,0,0,28.55,3,0.0,,,
4323,2.4840,-0.1092,0.1502,2.975,good,0.037,3.47,0,0,0,0,29.21,3,0.0,,,
4330,2.4840,-0.1298,-0.1127,3.000,black,1.000,46.82,1,1,1,0,31.51,1,3.2,17,,
4331,2.4840,-0.1174,0.0705,3.251,faded,0.998,4.57,1,1,1,0,25.73,2,3.2,41|40,4377,
4332,2.4840,-0.1169,0.1972,3.450,good,0.003,3.48,0,0,0,0,21.65,2,0.0,,,
4333,2.4840,-0.1176,0.1177,2.963,good,0.029,6.59,0,0,0,0,32.19,2,0.0,,,
4334,2.4840,-0.1168,-0.0504,2.978,good,0.000,2.79,0,0,0,0,31.55,2,0.0,,,
4335,2.4840,-0.1232,0.0826,3.000,broken,0.965,3.60,1,1,1,0,29.11,1,2.4,42,,
4340,2.4840,-0.1152,-0.1159,3.000,good,0.113,18.80,1,1,1,0,30.43,1,9.0,17|16|18,4348|4375,4348|4375
4341,2.4840,-0.1067,0.0862,3.000,good,0.015,3.57,0,0,0,0,27.58,1,0.0,,,
4326,2.4880,-0.1139,-0.0532,2.992,good,0.001,2.97,0,0,0,0,28.80,3,0.0,,,
4327,2.4880,-0.1160,0.0280,3.000,good,0.000,2.36,0,0,0,0,29.27,3,0.0,,,
4328,2.4880,-0.1152,0.0581,2.849,shell,0.999,16.50,1,1,1,0,32.73,3,2.4,39,4353,
4329,2.4880,-0.1081,0.2176,3.020,insect,0.774,13.75,1,1,1,0,26.03,3,3.2,59|60,4362|4425,4362|4425
4337,2.4880,-0.1195,0.0016,3.011,faded,0.996,4.76,1,1,1,0,29.98,2,3.2,32,4397,4397
4338,2.4880,-0.1172,-0.1031,3.001,faded,0.999,4.89,1,1,1,0,29.40,2,3.2,18,4392,4392
4339,2.4880,-0.1150,-0.1723,2.992,faded,0.982,4.95,1,1,1,0,28.83,2,3.2,9|10,4372,4372
4350,2.4880,-0.1057,0.1139,3.000,good,0.005,5.79,0,0,0,0,25.52,1,0.0,,,
4336,2.4920,-0.1108,0.1421,3.017,good,0.006,2.45,0,0,0,0,40.34,3,0.0,,,
4347,2.4920,-0.1191,-0.2076,2.995,good,0.037,3.42,0,0,0,0,43.60,2,0.0,,,
4348,2.4920,-0.1175,0.2090,2.894,good,0.049,6.22,0,0,0,0,45.54,2,0.0,,,
4349,2.4920,-0.1154,0.1710,3.450,good,0.000,2.30,0,0,0,0,32.78,2,0.0,,,
4342,2.4960,-0.1157,-0.1255,2.878,good,0.000,2.96,0,0,0,0,32.72,3,0.0,,,
4343,2.4960,-0.1121,-0.2198,2.993,good,0.006,2.66,0,0,0,0,28.58,3,0.0,,,
4344,2.4960,-0.1125,-0.0924,2.997,good,0.000,3.47,0,0,0,0,28.59,3,0.0,,,
4345,2.4960,-0.1124,0.1216,2.989,good,0.000,2.22,0,0,0,0,28.68,3,0.0,,,
4346,2.4960,-0.1084,0.0510,2.998,good,0.001,2.07,0,0,0,0,27.09,3,0.0,,,
4352,2.4960,-0.1199,-0.1492,2.993,good,0.000,2.68,0,0,0,0,31.04,2,0.0,,,
4353,2.4960,-0.1178,0.0479,2.896,good,0.001,1.89,0,0,0,0,32.73,2,0.0,,,
4354,2.4960,-0.1178,-0.0307,2.990,good,0.000,1.39,0,0,0,0,30.33,2,0.0,,,
4351,2.5000,-0.1260,0.0739,3.043,black,1.000,54.09,1,1,1,0,31.31,2,3.2,41,,
4356,2.5000,-0.1161,0.1175,3.137,good,0.000,3.59,0,0,0,0,29.83,2,0.0,,,
4357,2.5000,-0.1123,-0.2267,3.010,good,0.002,7.30,0,0,0,0,31.45,2,0.0,,,
4358,2.5000,-0.1157,0.1398,2.991,good,0.000,2.10,0,0,0,0,33.00,2,0.0,,,
4367,2.5000,-0.1137,0.0690,3.000,black,1.000,54.63,1,1,1,0,32.09,1,3.2,40|41,4380,
4355,2.5040,-0.1132,-0.0968,3.006,good,0.001,2.73,0,0,0,0,30.48,3,0.0,,,
4364,2.5040,-0.1185,0.1664,2.937,insect,1.000,5.38,1,1,1,0,33.86,2,3.1,53,4400,4400
4365,2.5040,-0.1174,0.0099,2.936,good,0.000,1.57,0,0,0,0,33.46,2,0.0,,,
4366,2.5040,-0.1167,0.1192,3.005,good,0.005,2.76,0,0,0,0,31.48,2,0.0,,,
4378,2.5040,-0.1013,0.0653,3.000,black,1.000,54.72,1,1,1,0,26.49,1,3.2,40,4380,
4359,2.5080,-0.1156,-0.1686,2.992,black,1.000,48.20,1,1,1,0,30.56,3,3.2,10,4410,
4360,2.5080,-0.1123,-0.0692,2.999,good,0.000,2.61,0,0,0,0,29.20,3,0.0,,,
4361,2.5080,-0.1223,-0.0955,3.206,good,0.000,2.34,0,0,0,0,23.70,2,0.0,,,
4362,2.5080,-0.1094,-0.1885,2.960,good,0.018,7.84,0,0,0,0,29.04,3,0.0,,,
4363,2.5080,-0.1092,-0.0618,3.000,good,0.000,2.82,0,0,0,0,28.01,3,0.0,,,
4374,2.5080,-0.1177,-0.0051,2.724,good,0.285,6.14,0,0,0,0,38.12,2,0.0,,,
4375,2.5080,-0.1168,-0.1423,3.008,good,0.000,3.00,0,0,0,0,30.27,2,0.0,,,
4376,2.5080,-0.1168,-0.0232,2.992,good,0.001,2.93,0,0,0,0,30.65,2,0.0,,,
4377,2.5080,-0.1139,0.0034,3.017,good,0.000,2.26,0,0,0,0,29.01,2,0.0,,,
4368,2.5120,-0.1140,-0.0800,3.003,good,0.000,2.32,0,0,0,0,28.30,3,0.0,,,
4369,2.5120,-0.1151,0.0341,3.037,good,0.001,2.52,0,0,0,0,27.79,3,0.0,,,
4370,2.5120,-0.1121,-0.2359,3.085,good,0.001,6.26,0,0,0,0,25.68,3,0.0,,,
4371,2.5120,-0.1121,0.0187,3.001,good,0.000,2.25,0,0,0,0,27.57,3,0.0,,,
4372,2.5120,-0.1124,0.1298,3.009,good,0.002,3.69,0,0,0,0,27.43,3,0.0,,,
4373,2.5120,-0.1116,-0.1116,2.871,good,0.001,5.14,0,0,0,0,30.50,3,0.0,,,
4383,2.5120,-0.1181,0.2194,3.002,good,0.000,2.45,0,0,0,0,29.43,2,0.0,,,
4384,2.5120,-0.1177,-0.1845,2.995,good,0.000,1.94,0,0,0,0,29.41,2,0.0,,,
4385,2.5120,-0.1160,-0.0329,3.000,good,0.000,2.03,0,0,0,0,28.71,2,0.0,,,
4396,2.5120,-0.1100,-0.0128,3.000,good,0.002,1.81,0,0,0,0,26.69,1,0.0,,,
4379,2.5160,-0.1268,-0.0615,2.938,good,0.008,2.78,0,0,0,0,28.65,2,0.0,,,
4380,2.5160,-0.1159,0.0912,3.030,good,0.208,4.16,0,0,0,0,26.66,3,0.0,,,
4381,2.5160,-0.1107,0.0010,3.450,good,0.032,3.16,0,0,0,0,16.44,3,0.0,,,
4382,2.5160,-0.1066,0.1538,3.450,sour,1.000,30.47,1,1,1,0,15.19,3,3.2,51,4519,
4391,2.5160,-0.1190,-0.1217,3.418,faded,0.922,4.98,1,1,1,0,19.29,2,3.2,16,4413|4466,
4392,2.5160,-0.1199,-0.2315,2.500,good,0.001,2.49,0,0,0,0,43.18,2,0.0,,,
4393,2.5160,-0.1177,0.0709,3.038,black,1.000,46.66,1,1,1,0,26.81,2,3.2,41|40,4445,
4394,2.5160,-0.1164,0.1682,3.450,good,0.003,7.50,0,0,0,0,17.84,2,0.0,,,
4395,2.5160,-0.1160,-0.0189,2.987,good,0.000,1.75,0,0,0,0,27.39,2,0.0,,,
4403,2.5160,-0.1150,-0.0651,3.000,good,0.001,2.84,0,0,0,0,26.75,1,0.0,,,
4404,2.5160,-0.1015,-0.0159,3.000,good,0.001,1.77,0,0,0,0,22.22,1,0.0,,,
4386,2.5200,-0.1107,-0.1112,3.317,good,0.020,2.64,0,0,0,0,24.52,3,0.0,,,
4387,2.5200,-0.1130,0.2076,2.952,good,0.228,5.74,0,0,0,0,33.09,3,0.0,,,
4388,2.5200,-0.1122,0.1582,3.000,good,0.014,2.58,0,0,0,0,31.62,3,0.0,,,
4389,2.5200,-0.1114,0.0345,2.858,good,0.002,2.82,0,0,0,0,34.77,3,0.0,,,
4390,2.5200,-0.1092,-0.1805,2.997,good,0.000,2.32,0,0,0,0,30.57,3,0.0,,,
4402,2.5200,-0.1151,-0.0942,3.132,good,0.000,3.35,0,0,0,0,29.41,2,0.0,,,
4397,2.5240,-0.1162,0.1974,2.907,sour,1.000,18.98,1,1,1,0,33.27,3,3.2,57,4441,
4398,2.5240,-0.1272,-0.0424,2.953,good,0.023,3.20,0,0,0,0,31.77,2,0.0,,,
4399,2.5240,-0.1145,0.0663,2.998,good,0.000,3.74,0,0,0,0,30.34,3,0.0,,,
4400,2.5240,-0.1113,0.1737,3.000,good,0.001,7.48,0,0,0,0,29.16,3,0.0,,,
4401,2.5240,-0.1355,0.1467,3.000,good,0.008,3.11,0,0,0,0,29.23,1,0.0,,,
4409,2.5240,-0.1196,-0.0011,3.062,good,0.285,3.97,0,0,0,0,30.40,2,0.0,,,
4410,2.5240,-0.1250,0.1499,3.000,good,0.020,3.15,0,0,0,0,29.70,1,0.0,,,
4417,2.5240,-0.1154,-0.0464,3.000,good,0.005,3.31,0,0,0,0,30.48,1,0.0,,,
4418,2.5240,-0.1146,0.1531,3.000,good,0.043,3.46,0,0,0,0,30.21,1,0.0,,,
4405,2.5280,-0.1135,-0.1012,3.004,good,0.003,1.87,0,0,0,0,29.47,3,0.0,,,
4406,2.5280,-0.1121,0.2355,3.000,faded,0.996,4.02,1,1,1,0,29.04,3,3.2,62|61,4429,4429
4407,2.5280,-0.1108,-0.2165,2.999,good,0.000,2.71,0,0,0,0,28.57,3,0.0,,,
4408,2.5280,-0.1085,-0.0218,3.053,good,0.000,2.57,0,0,0,0,26.49,3,0.0,,,
4428,2.5280,-0.1042,0.1563,3.000,good,0.013,3.10,0,0,0,0,26.27,1,0.0,,,
4411,2.5320,-0.1111,0.0006,3.211,good,0.000,1.72,0,0,0,0,26.95,3,0.0,,,
4412,2.5320,-0.1111,0.0593,3.238,good,0.000,1.79,0,0,0,0,26.33,3,0.0,,,
4413,2.5320,-0.1210,-0.0217,3.450,good,0.008,3.31,0,0,0,0,21.16,2,0.0,,,
4414,2.5320,-0.1112,0.0442,2.994,good,0.001,2.21,0,0,0,0,31.62,3,0.0,,,
4415,2.5320,-0.1091,-0.1910,2.994,good,0.000,3.53,0,0,0,0,30.87,3,0.0,,,
4416,2.5320,-0.1080,-0.1397,3.001,shell,1.000,8.67,1,1,1,0,30.32,3,2.4,14|13,4451,4451
4423,2.5320,-0.1193,0.0754,3.001,good,0.002,3.22,0,0,0,0,34.01,2,0.0,,,
4424,2.5320,-0.1172,-0.1292,2.997,good,0.000,2.29,0,0,0,0,33.36,2,0.0,,,
4425,2.5320,-0.1180,0.0089,2.939,good,0.000,2.61,0,0,0,0,35.04,2,0.0,,,
4426,2.5320,-0.1173,-0.1918,3.001,insect,1.000,7.85,1,1,1,0,33.23,2,3.1,7,4471,4471
4427,2.5320,-0.1164,-0.0121,2.979,good,0.000,9.01,0,0,0,0,33.43,2,0.0,,,
4434,2.5320,-0.1060,-0.0181,3.000,good,0.001,3.22,0,0,0,0,29.46,1,0.0,,,
4419,2.5360,-0.1135,-0.0481,3.015,good,0.016,3.16,0,0,0,0,40.68,3,0.0,,,
4420,2.5360,-0.1227,-0.0769,3.364,good,0.036,3.34,0,0,0,0,32.01,2,0.0,,,
4421,2.5360,-0.1089,0.1921,3.002,good,0.000,2.70,0,0,0,0,39.36,3,0.0,,,
4422,2.5360,-0.1091,-0.2258,3.000,good,0.000,2.33,0,0,0,0,39.43,3,0.0,,,
4432,2.5360,-0.1170,-0.1856,3.003,good,0.000,3.51,0,0,0,0,41.95,2,0.0,,,
4433,2.5360,-0.1148,0.0298,3.027,black,1.000,51.08,1,1,1,0,40.63,2,3.2,35|36,4492,
4441,2.5360,-0.1092,-0.0735,3.000,good,0.006,3.40,0,0,0,0,39.37,1,0.0,,,
4429,2.5400,-0.1122,0.1551,2.983,good,0.024,4.62,0,0,0,0,31.09,3,0.0,,,
4430,2.5400,-0.1120,-0.0418,3.001,good,0.000,5.29,0,0,0,0,30.54,3,0.0,,,
4431,2.5400,-0.1234,0.0429,1.800,good,0.008,7.47,0,0,0,0,79.99,2,0.0,,,
4439,2.5400,-0.1184,0.0685,2.993,insect,1.000,3.40,1,1,1,0,32.81,2,3.1,40,4518,4518
4440,2.5400,-0.1142,-0.0991,3.427,good,0.024,3.42,0,0,0,0,22.26,2,0.0,,,
4448,2.5400,-0.1135,0.0349,3.000,good,0.027,3.26,0,0,0,0,30.93,1,0.0,,,
4449,2.5400,-0.1103,0.0467,3.000,good,0.113,4.14,0,0,0,0,29.84,1,0.0,,,
4435,2.5440,-0.1129,0.2037,3.001,good,0.000,2.63,0,0,0,0,29.02,3,0.0,,,
4436,2.5440,-0.1119,-0.0638,3.000,good,0.023,3.08,0,0,0,0,28.65,3,0.0,,,
4437,2.5440,-0.1109,0.1290,3.004,good,0.000,2.32,0,0,0,0,28.19,3,0.0,,,
4438,2.5440,-0.1082,-0.2151,2.961,good,0.000,2.62,0,0,0,0,28.27,3,0.0,,,
4444,2.5440,-0.1194,0.0992,3.000,good,0.000,2.28,0,0,0,0,31.03,2,0.0,,,
4445,2.5440,-0.1192,-0.2144,2.997,good,0.001,6.65,0,0,0,0,30.99,2,0.0,,,
4446,2.5440,-0.1190,-0.0196,1.800,good,0.035,8.54,0,0,0,0,79.46,2,0.0,,,
4447,2.5440,-0.1164,-0.0857,3.004,good,0.001,3.69,0,0,0,0,29.82,2,0.0,,,
4459,2.5440,-0.1092,-0.0187,3.000,good,0.000,1.59,0,0,0,0,27.49,1,0.0,,,
4442,2.5480,-0.1150,0.1722,2.722,good,0.001,2.55,0,0,0,0,37.31,3,0.0,,,
4443,2.5480,-0.1095,0.2290,2.998,good,0.001,4.85,0,0,0,0,28.14,3,0.0,,,
4451,2.5480,-0.1314,0.1536,3.000,good,0.003,6.52,0,0,0,0,31.38,1,0.0,,,
4452,2.5480,-0.1192,0.1929,3.014,good,0.047,4.84,0,0,0,0,30.91,2,0.0,,,
4454,2.5480,-0.1194,-0.0852,2.997,good,0.000,1.66,0,0,0,0,31.38,2,0.0,,,
4455,2.5480,-0.1186,-0.0476,2.987,good,0.000,2.79,0,0,0,0,31.30,2,0.0,,,
4456,2.5480,-0.1182,-0.2044,2.951,good,0.000,3.44,0,0,0,0,32.05,2,0.0,,,
4457,2.5480,-0.1174,-0.1639,3.000,good,0.000,1.61,0,0,0,0,30.53,2,0.0,,,
4458,2.5480,-0.1155,0.0288,3.024,black,1.000,50.26,1,1,1,0,29.30,2,3.2,35,4486,4486
4467,2.5480,-0.1176,0.1574,3.000,good,0.000,2.34,0,0,0,0,30.53,1,0.0,,,
4450,2.5520,-0.1129,0.1191,2.823,good,0.013,5.19,0,0,0,0,33.25,3,0.0,,,
4453,2.5520,-0.1334,0.2349,3.000,sour,1.000,19.36,1,1,1,0,27.64,1,3.2,62|61,,
4463,2.5520,-0.1172,0.0539,3.055,good,0.365,8.26,0,0,0,0,28.85,2,0.0,,,
4464,2.5520,-0.1131,-0.1395,2.864,good,0.001,2.01,0,0,0,0,32.12,2,0.0,,,
4465,2.5520,-0.1233,0.2379,3.000,sour,1.000,19.73,1,1,1,0,28.13,1,3.2,62,,
4466,2.5520,-0.1089,0.1505,2.997,good,0.000,3.14,0,0,0,0,27.37,2,0.0,,,
4477,2.5520,-0.1131,0.2408,3.000,sour,1.000,20.18,1,1,1,0,28.69,1,3.2,62|63,4404,
4460,2.5560,-0.1127,0.2283,2.947,good,0.000,4.02,0,0,0,0,39.10,3,0.0,,,
4461,2.5560,-0.1118,0.1284,3.070,good,0.025,3.27,0,0,0,0,35.87,3,0.0,,,
4462,2.5560,-0.1346,-0.1348,3.000,good,0.000,3.94,0,0,0,0,37.05,1,0.0,,,
4472,2.5560,-0.1194,-0.1535,2.997,good,0.000,1.98,0,0,0,0,40.04,2,0.0,,,
4473,2.5560,-0.1188,0.1181,3.003,good,0.000,2.58,0,0,0,0,39.65,2,0.0,,,
4474,2.5560,-0.1149,-0.1703,3.227,good,0.074,2.19,0,0,0,0,33.35,2,0.0,,,
4475,2.5560,-0.1259,-0.1316,3.000,good,0.000,4.08,0,0,0,0,38.01,1,0.0,,,
4476,2.5560,-0.1122,0.0693,3.450,good,0.000,3.01,0,0,0,0,28.19,2,0.0,,,
4484,2.5560,-0.1172,-0.1284,3.000,good,0.000,4.06,0,0,0,0,39.06,1,0.0,,,
4485,2.5560,-0.1030,0.2437,3.000,sour,1.000,20.44,1,1,1,0,34.33,1,3.2,63|62,4404,
4468,2.5600,-0.1128,-0.0764,3.101,good,0.000,2.53,0,0,0,0,31.25,3,0.0,,,
4469,2.5600,-0.1126,-0.2296,3.006,good,0.025,3.63,0,0,0,0,33.27,3,0.0,,,
4470,2.5600,-0.1234,0.0959,3.040,insect,1.000,6.25,1,1,1,0,31.99,2,3.1,44,,
4471,2.5600,-0.1090,0.0396,3.094,good,0.003,3.96,0,0,0,0,30.01,3,0.0,,,
4482,2.5600,-0.1189,-0.2262,3.007,good,0.000,2.87,0,0,0,0,35.21,2,0.0,,,
4483,2.5600,-0.1178,-0.1762,3.048,sour,1.000,25.44,1,1,1,0,33.82,2,3.2,9,4530,4530
4494,2.5600,-0.1112,0.0992,3.000,insect,1.000,6.20,1,1,1,0,32.74,1,3.1,44,4502,
4495,2.5600,-0.1085,-0.1252,3.000,good,0.000,3.96,0,0,0,0,31.81,1,0.0,,,
4478,2.5640,-0.1130,-0.1251,2.996,good,0.000,2.06,0,0,0,0,28.76,3,0.0,,,
4479,2.5640,-0.1111,0.0821,3.050,good,0.000,2.88,0,0,0,0,26.83,3,0.0,,,
4480,2.5640,-0.1111,0.2045,2.997,broken,0.508,3.97,1,1,1,0,27.99,3,2.4,58|57,4501,4501
4481,2.5640,-0.1098,-0.1933,2.981,good,0.009,2.31,0,0,0,0,27.86,3,0.0,,,
4493,2.5640,-0.1183,-0.2050,2.999,good,0.000,2.06,0,0,0,0,30.23,2,0.0,,,
4486,2.5680,-0.1156,0.0926,3.040,good,0.000,1.95,0,0,0,0,31.85,3,0.0,,,
4487,2.5680,-0.1117,0.0195,3.024,good,0.000,2.69,0,0,0,0,30.90,3,0.0,,,
4488,2.5680,-0.1111,-0.1215,3.029,good,0.013,2.56,0,0,0,0,30.54,3,0.0,,,
4489,2.5680,-0.1100,-0.0221,3.009,good,0.000,2.21,0,0,0,0,30.60,3,0.0,,,
4490,2.5680,-0.1102,0.1593,3.004,good,0.026,5.34,0,0,0,0,30.77,3,0.0,,,
4491,2.5680,-0.1086,-0.1078,2.840,good,0.011,8.38,0,0,0,0,34.17,3,0.0,,,
4492,2.5680,-0.1102,0.0867,3.011,good,0.011,3.05,0,0,0,0,30.48,3,0.0,,,
4498,2.5680,-0.1198,-0.0412,3.065,good,0.002,2.54,0,0,0,0,32.33,2,0.0,,,
4500,2.5680,-0.1196,-0.0284,3.005,good,0.002,2.65,0,0,0,0,33.65,2,0.0,,,
4496,2.5720,-0.1167,0.0303,2.701,good,0.009,2.84,0,0,0,0,39.96,3,0.0,,,
4497,2.5720,-0.1127,-0.2306,2.988,good,0.001,1.68,0,0,0,0,30.85,3,0.0,,,
4499,2.5720,-0.1086,0.1544,3.014,good,0.000,1.91,0,0,0,0,28.81,3,0.0,,,
4504,2.5720,-0.1190,-0.0448,2.989,good,0.000,2.61,0,0,0,0,32.85,2,0.0,,,
4501,2.5760,-0.1113,-0.1247,2.977,broken,0.979,2.77,1,1,1,0,30.86,3,2.4,16|15,4574,4574
4502,2.5760,-0.1204,0.2044,3.450,good,0.022,3.97,0,0,0,0,19.66,2,0.0,,,
4503,2.5760,-0.1328,0.2383,3.000,good,0.001,4.88,0,0,0,0,29.36,1,0.0,,,
4511,2.5760,-0.1200,0.2146,2.993,good,0.005,3.94,0,0,0,0,33.23,2,0.0,,,
4512,2.5760,-0.1178,-0.1530,3.253,good,0.001,8.11,0,0,0,0,26.65,2,0.0,,,
4513,2.5760,-0.1200,0.0289,3.001,good,0.000,3.84,0,0,0,0,32.96,2,0.0,,,
4514,2.5760,-0.1163,-0.0100,3.087,good,0.001,2.50,0,0,0,0,29.69,2,0.0,,,
4515,2.5760,-0.1171,0.0947,3.001,good,0.003,2.44,0,0,0,0,31.93,2,0.0,,,
4516,2.5760,-0.1155,0.0391,3.207,good,0.028,4.78,0,0,0,0,26.76,2,0.0,,,
4517,2.5760,-0.1206,0.2420,3.000,good,0.002,5.77,0,0,0,0,29.10,1,0.0,,,
4525,2.5760,-0.1085,0.2457,3.000,good,0.001,4.77,0,0,0,0,29.05,1,0.0,,,
4526,2.5760,-0.1064,0.2009,3.000,good,0.040,3.96,0,0,0,0,28.33,1,0.0,,,
4505,2.5800,-0.1159,0.1406,3.019,good,0.000,4.78,0,0,0,0,34.69,3,0.0,,,
4506,2.5800,-0.1118,-0.1882,3.345,good,0.000,1.64,0,0,0,0,26.43,3,0.0,,,
4507,2.5800,-0.1128,-0.1354,3.265,good,0.054,3.02,0,0,0,0,28.22,3,0.0,,,
4508,2.5800,-0.1135,0.0729,2.928,good,0.000,2.39,0,0,0,0,35.89,3,0.0,,,
4509,2.5800,-0.1125,-0.0388,3.000,good,0.000,2.45,0,0,0,0,33.78,3,0.0,,,
4510,2.5800,-0.1109,-0.1796,2.826,good,0.020,2.57,0,0,0,0,37.56,3,0.0,,,
4521,2.5800,-0.1184,-0.0860,3.000,good,0.003,6.96,0,0,0,0,35.69,2,0.0,,,
4522,2.5800,-0.1188,0.0328,2.967,good,0.012,3.88,0,0,0,0,36.58,2,0.0,,,
4523,2.5800,-0.1164,-0.2111,3.018,good,0.000,3.39,0,0,0,0,34.53,2,0.0,,,
4524,2.5800,-0.1162,0.0621,3.015,good,0.000,2.25,0,0,0,0,34.48,2,0.0,,,
4518,2.5840,-0.1157,0.0973,2.998,sour,1.000,32.48,1,1,1,0,32.46,3,3.2,44,4595,4595
4519,2.5840,-0.1217,0.0106,2.908,good,0.005,3.22,0,0,0,0,32.66,2,0.0,,,
4520,2.5840,-0.1209,-0.0004,3.449,good,0.000,5.06,0,0,0,0,20.42,2,0.0,,,
4532,2.5840,-0.1170,-0.0133,3.029,good,0.000,2.70,0,0,0,0,31.98,2,0.0,,,
4533,2.5840,-0.1174,0.1356,3.311,good,0.000,2.26,0,0,0,0,25.96,2,0.0,,,
4534,2.5840,-0.1166,0.1680,3.017,good,0.220,3.78,0,0,0,0,32.05,2,0.0,,,
4540,2.5840,-0.1101,0.0149,3.000,good,0.005,3.05,0,0,0,0,30.28,1,0.0,,,
4541,2.5840,-0.1071,-0.0051,3.000,good,0.000,5.08,0,0,0,0,29.27,1,0.0,,,
4527,2.5880,-0.1144,0.1923,3.019,good,0.000,1.93,0,0,0,0,31.73,3,0.0,,,
4528,2.5880,-0.1132,0.1823,3.011,good,0.001,5.43,0,0,0,0,31.42,3,0.0,,,
4529,2.5880,-0.1136,-0.1306,2.931,good,0.001,3.50,0,0,0,0,33.46,3,0.0,,,
4530,2.5880,-0.1122,-0.0792,3.003,good,0.001,2.08,0,0,0,0,31.23,3,0.0,,,
4531,2.5880,-0.1090,0.1160,2.994,broken,0.902,2.65,1,1,1,0,30.31,3,2.4,46|47,4545,4545
4538,2.5880,-0.1170,-0.2002,2.996,black,1.000,56.81,1,1,1,0,32.88,2,3.2,6,4573,4573
4539,2.5880,-0.1164,0.1322,3.003,good,0.000,2.99,0,0,0,0,32.45,2,0.0,,,
4545,2.5880,-0.1042,0.1395,3.000,good,0.000,2.27,0,0,0,0,28.48,1,0.0,,,
4535,2.5920,-0.1163,0.1634,3.003,good,0.000,2.62,0,0,0,0,31.12,3,0.0,,,
4536,2.5920,-0.1152,-0.0439,2.998,good,0.171,3.50,0,0,0,0,30.78,3,0.0,,,
4537,2.5920,-0.1144,-0.0055,3.000,good,0.000,2.63,0,0,0,0,30.43,3,0.0,,,
4542,2.5960,-0.1159,0.2415,3.021,good,0.010,3.53,0,0,0,0,42.92,3,0.0,,,
4543,2.5960,-0.1116,0.1030,2.874,good,0.001,2.73,0,0,0,0,44.99,3,0.0,,,
4544,2.5960,-0.1082,-0.0365,2.990,good,0.000,4.70,0,0,0,0,40.97,3,0.0,,,
4552,2.5960,-0.1174,-0.0357,2.999,good,0.002,3.40,0,0,0,0,43.77,2,0.0,,,
4546,2.6000,-0.1144,-0.0892,3.001,good,0.001,2.57,0,0,0,0,34.14,3,0.0,,,
4547,2.6000,-0.1117,-0.1594,2.997,good,0.027,3.57,0,0,0,0,33.26,3,0.0,,,
4548,2.6000,-0.1105,0.1379,2.999,good,0.000,3.21,0,0,0,0,32.80,3,0.0,,,
4549,2.6000,-0.1096,-0.2312,3.022,broken,0.838,3.74,1,1,1,0,31.92,3,2.4,2,4617,4617
4550,2.6000,-0.1249,0.2086,2.557,good,0.009,17.08,0,0,0,0,46.43,2,0.0,,,
4551,2.6000,-0.1090,0.2010,2.995,good,0.000,1.99,0,0,0,0,32.23,3,0.0,,,
4555,2.6000,-0.1191,0.2103,3.450,good,0.025,8.32,0,0,0,0,25.91,2,0.0,,,
4557,2.6000,-0.1193,-0.2214,2.993,good,0.000,2.30,0,0,0,0,35.64,2,0.0,,,
4558,2.6000,-0.1177,0.0465,2.994,good,0.002,2.72,0,0,0,0,35.07,2,0.0,,,
4553,2.6040,-0.1135,-0.0327,2.998,good,0.000,4.19,0,0,0,0,30.55,3,0.0,,,
4554,2.6040,-0.1099,-0.1036,3.163,good,0.000,2.16,0,0,0,0,25.64,3,0.0,,,
4556,2.6040,-0.1131,0.0660,2.403,sour,0.999,23.83,1,1,1,0,47.91,3,3.2,40,4517|4536,
4564,2.6040,-0.1161,-0.1382,3.011,good,0.000,5.17,0,0,0,0,30.92,2,0.0,,,
4565,2.6040,-0.1154,0.1348,3.123,good,0.001,2.74,0,0,0,0,28.07,2,0.0,,,
4559,2.6080,-0.1147,-0.0308,2.744,black,1.000,52.96,1,1,1,0,36.91,3,3.2,28|27,4602,
4560,2.6080,-0.1109,0.1047,3.050,good,0.001,7.30,0,0,0,0,27.74,3,0.0,,,
4561,2.6080,-0.1103,-0.1607,3.002,good,0.009,4.10,0,0,0,0,28.61,3,0.0,,,
4562,2.6080,-0.1101,-0.0135,3.000,good,0.001,4.77,0,0,0,0,28.52,3,0.0,,,
4563,2.6080,-0.1080,0.1226,3.000,good,0.010,2.42,0,0,0,0,27.79,3,0.0,,,
4570,2.6080,-0.1190,0.1602,2.997,broken,0.844,2.93,1,1,1,0,31.47,2,2.4,52,4593,4593
4571,2.6080,-0.1176,-0.1045,2.996,good,0.000,2.27,0,0,0,0,30.99,2,0.0,,,
4566,2.6120,-0.1131,0.2004,3.194,good,0.001,3.55,0,0,0,0,25.13,3,0.0,,,
4567,2.6120,-0.1134,-0.1983,2.850,husk,0.721,6.80,1,1,1,0,33.17,3,2.4,6,4605|4613,
4568,2.6120,-0.1112,-0.0149,3.003,good,0.000,2.70,0,0,0,0,28.57,3,0.0,,,
4569,2.6120,-0.1103,-0.0675,3.000,good,0.000,2.52,0,0,0,0,28.32,3,0.0,,,
4574,2.6120,-0.1294,0.0794,3.000,good,0.001,12.53,0,0,0,0,30.65,1,0.0,,,
4576,2.6120,-0.1162,0.0550,3.000,good,0.000,3.01,0,0,0,0,30.24,2,0.0,,,
4582,2.6120,-0.1148,0.0830,3.000,good,0.077,9.44,0,0,0,0,29.75,1,0.0,,,
4583,2.6120,-0.1038,-0.0339,3.000,black,1.000,52.97,1,1,1,0,26.07,1,3.2,27,4602,
4572,2.6160,-0.1108,-0.0864,2.814,broken,0.629,17.84,1,1,1,0,34.97,3,2.4,20|21,4647|4670,4670
4573,2.6160,-0.1109,-0.1141,2.823,good,0.002,7.63,0,0,0,0,34.71,3,0.0,,,
4575,2.6160,-0.1100,0.2322,2.985,broken,0.647,4.78,1,1,1,0,30.29,3,2.4,61,4653,
4581,2.6160,-0.1091,0.0747,3.013,good,0.010,2.24,0,0,0,0,29.25,2,0.0,,,
4592,2.6160,-0.1065,-0.1211,3.000,good,0.000,2.28,0,0,0,0,28.68,1,0.0,,,
4577,2.6200,-0.1154,0.0355,2.817,good,0.020,5.23,0,0,0,0,39.97,3,0.0,,,
4578,2.6200,-0.1078,-0.1480,3.403,good,0.005,6.95,0,0,0,0,24.53,3,0.0,,,
4579,2.6200,-0.1059,-0.2091,3.255,good,0.001,7.05,0,0,0,0,26.66,3,0.0,,,
4580,2.6200,-0.1101,0.2153,2.894,good,0.001,3.28,0,0,0,0,35.96,3,0.0,,,
4591,2.6200,-0.1153,0.0515,3.406,good,0.130,3.12,0,0,0,0,26.55,2,0.0,,,
4601,2.6200,-0.1138,-0.1539,3.000,good,0.002,3.81,0,0,0,0,34.60,1,0.0,,,
4602,2.6200,-0.1111,-0.2035,3.000,good,0.000,2.98,0,0,0,0,33.68,1,0.0,,,
4584,2.6240,-0.1114,0.0893,3.192,good,0.006,4.15,0,0,0,0,21.61,3,0.0,,,
4585,2.6240,-0.1152,-0.0107,2.608,good,0.192,5.49,0,0,0,0,37.81,3,0.0,,,
4586,2.6240,-0.1221,0.0190,2.809,good,0.239,11.35,0,0,0,0,30.34,2,0.0,,,
4587,2.6240,-0.1098,0.2043,2.997,good,0.001,3.15,0,0,0,0,25.23,3,0.0,,,
4588,2.6240,-0.1148,-0.1137,2.390,good,0.005,4.91,0,0,0,0,45.06,3,0.0,,,
4589,2.6240,-0.1086,0.1240,3.007,good,0.427,4.30,0,0,0,0,24.51,3,0.0,,,
4590,2.6240,-0.1331,0.0096,3.000,good,0.041,2.29,0,0,0,0,24.86,1,0.0,,,
4598,2.6240,-0.1192,0.1224,3.024,black,1.000,54.76,1,1,1,0,27.59,2,3.2,47,4622,4622
4599,2.6240,-0.1187,-0.1975,3.030,good,0.003,3.16,0,0,0,0,27.23,2,0.0,,,
4600,2.6240,-0.1307,-0.0067,3.000,good,0.021,3.57,0,0,0,0,27.95,1,0.0,,,
4609,2.6240,-0.1148,0.0240,3.000,good,0.006,5.84,0,0,0,0,26.66,1,0.0,,,
4610,2.6240,-0.1086,0.0154,3.000,good,0.001,5.19,0,0,0,0,24.56,1,0.0,,,
4611,2.6240,-0.1018,-0.1569,3.000,good,0.000,3.85,0,0,0,0,22.29,1,0.0,,,
4612,2.6240,-0.1000,-0.2000,3.000,good,0.001,3.17,0,0,0,0,21.71,1,0.0,,,
4593,2.6280,-0.1125,0.0367,3.001,good,0.000,3.04,0,0,0,0,36.07,3,0.0,,,
4594,2.6280,-0.1110,0.0171,3.082,black,1.000,50.62,1,1,1,0,33.64,3,3.2,34|33,4637,
4595,2.6280,-0.1118,0.1951,2.989,good,0.000,2.27,0,0,0,0,35.98,3,0.0,,,
4596,2.6280,-0.1061,-0.0714,3.450,good,0.001,3.58,0,0,0,0,24.83,3,0.0,,,
4597,2.6280,-0.1099,0.2315,2.809,good,0.000,2.92,0,0,0,0,39.80,3,0.0,,,
4607,2.6280,-0.1162,-0.0650,3.450,good,0.000,3.22,0,0,0,0,27.68,2,0.0,,,
4608,2.6280,-0.1181,0.1640,2.992,good,0.000,1.37,0,0,0,0,37.89,2,0.0,,,
4603,2.6320,-0.1144,-0.0322,2.996,good,0.000,1.84,0,0,0,0,32.91,3,0.0,,,
4604,2.6320,-0.1115,0.0501,3.022,good,0.000,2.33,0,0,0,0,31.27,3,0.0,,,
4605,2.6320,-0.1116,0.1218,2.923,good,0.000,7.39,0,0,0,0,33.64,3,0.0,,,
4606,2.6320,-0.1082,-0.0102,2.982,good,0.000,2.09,0,0,0,0,31.00,3,0.0,,,
4616,2.6320,-0.1179,-0.1587,3.218,good,0.000,2.35,0,0,0,0,28.87,2,0.0,,,
4613,2.6360,-0.1141,-0.0851,3.003,good,0.000,2.03,0,0,0,0,42.87,3,0.0,,,
4614,2.6360,-0.1121,0.1764,2.983,good,0.013,3.08,0,0,0,0,42.60,3,0.0,,,
4615,2.6360,-0.1332,-0.2150,3.000,good,0.004,2.48,0,0,0,0,41.25,1,0.0,,,
4623,2.6360,-0.1244,-0.2118,3.000,good,0.007,2.41,0,0,0,0,42.32,1,0.0,,,
4631,2.6360,-0.1157,-0.2085,3.000,good,0.004,2.43,0,0,0,0,43.39,1,0.0,,,
4617,2.6400,-0.1134,-0.2206,3.006,broken,0.903,3.18,1,1,1,0,30.13,3,2.4,3,4664,4664
4618,2.6400,-0.1089,-0.1288,2.991,insect,1.000,6.07,1,1,1,0,28.91,3,3.1,15,4683,4683
4619,2.6400,-0.1097,0.1468,3.006,faded,0.593,3.89,1,1,1,0,28.74,3,3.2,50,4675,4675
4620,2.6400,-0.1088,-0.1751,2.998,sour,1.000,19.54,1,1,1,0,28.59,3,3.2,9,4654,4654
4621,2.6400,-0.1090,0.0373,3.014,good,0.000,3.04,0,0,0,0,28.27,3,0.0,,,
4622,2.6400,-0.1146,-0.0328,2.261,good,0.000,2.19,0,0,0,0,53.80,3,0.0,,,
4630,2.6400,-0.1185,0.2286,3.012,good,0.231,5.11,0,0,0,0,31.39,2,0.0,,,
4641,2.6400,-0.1069,-0.2053,3.000,good,0.005,2.85,0,0,0,0,27.81,1,0.0,,,
4624,2.6440,-0.1114,0.2077,3.450,good,0.001,6.94,0,0,0,0,20.22,3,0.0,,,
4625,2.6440,-0.1134,0.1023,2.978,faded,1.000,5.73,1,1,1,0,30.58,3,3.2,45|44,4650,4650
4626,2.6440,-0.1121,0.0076,2.978,good,0.040,5.63,0,0,0,0,30.06,3,0.0,,,
4627,2.6440,-0.1101,-0.0473,2.998,good,0.000,2.18,0,0,0,0,28.83,3,0.0,,,
4628,2.6440,-0.1105,-0.1553,3.000,good,0.001,2.53,0,0,0,0,28.89,3,0.0,,,
4629,2.6440,-0.1085,-0.0691,3.007,faded,0.792,3.18,1,1,1,0,28.03,3,3.2,23|22,4658,4658
4639,2.6440,-0.1195,-0.1907,2.950,good,0.000,2.89,0,0,0,0,33.06,2,0.0,,,
4640,2.6440,-0.1125,-0.1330,3.450,good,0.011,3.51,0,0,0,0,20.20,2,0.0,,,
4632,2.6480,-0.1147,-0.1757,3.218,good,0.004,3.46,0,0,0,0,31.00,3,0.0,,,
4633,2.6480,-0.1278,0.0885,2.822,good,0.252,8.62,0,0,0,0,40.93,2,0.0,,,
4634,2.6480,-0.1154,-0.0760,3.002,good,0.011,2.02,0,0,0,0,35.93,3,0.0,,,
4635,2.6480,-0.1144,-0.0531,3.007,good,0.001,2.86,0,0,0,0,35.44,3,0.0,,,
4636,2.6480,-0.1121,-0.2334,3.148,good,0.000,3.11,0,0,0,0,31.48,3,0.0,,,
4637,2.6480,-0.1126,0.1112,3.006,good,0.000,3.64,0,0,0,0,34.81,3,0.0,,,
4638,2.6480,-0.1278,0.2320,2.391,broken,0.985,9.68,1,1,1,0,55.30,2,2.4,61,,
4647,2.6480,-0.1166,-0.1059,2.997,good,0.000,2.78,0,0,0,0,36.24,2,0.0,,,
4648,2.6480,-0.1158,-0.1876,3.001,good,0.001,3.54,0,0,0,0,35.86,2,0.0,,,
4659,2.6480,-0.1189,0.0928,3.000,good,0.010,3.45,0,0,0,0,36.91,1,0.0,,,
4660,2.6480,-0.1182,0.2357,3.000,broken,0.980,9.61,1,1,1,0,36.64,1,2.4,62|61,4629,
4661,2.6480,-0.1143,0.0850,3.000,good,0.001,2.43,0,0,0,0,35.30,1,0.0,,,
4662,2.6480,-0.1100,0.1678,3.000,good,0.003,3.05,0,0,0,0,33.87,1,0.0,,,
4642,2.6520,-0.1133,0.1407,3.115,sour,1.000,29.78,1,1,1,0,23.90,3,3.2,50|49,4801,4801
4643,2.6520,-0.1140,-0.1895,3.005,good,0.006,8.09,0,0,0,0,26.56,3,0.0,,,
4644,2.6520,-0.1122,0.1104,3.008,good,0.001,18.29,0,0,0,0,25.85,3,0.0,,,
4645,2.6520,-0.1102,-0.1684,2.971,good,0.001,2.99,0,0,0,0,26.02,3,0.0,,,
4646,2.6520,-0.1090,0.1676,2.171,good,0.001,12.90,0,0,0,0,51.48,3,0.0,,,
4655,2.6520,-0.1200,-0.0586,3.135,good,0.000,4.68,0,0,0,0,25.34,2,0.0,,,
4656,2.6520,-0.1195,-0.1772,3.002,good,0.001,3.21,0,0,0,0,28.24,2,0.0,,,
4657,2.6520,-0.1289,0.0180,3.000,good,0.000,1.79,0,0,0,0,27.44,1,0.0,,,
4658,2.6520,-0.1286,0.0271,3.000,good,0.000,2.00,0,0,0,0,27.32,1,0.0,,,
4670,2.6520,-0.1168,0.0235,3.000,good,0.004,6.16,0,0,0,0,27.38,1,0.0,,,
4649,2.6560,-0.1396,0.0752,3.000,good,0.002,3.91,0,0,0,0,39.38,1,0.0,,,
4650,2.6560,-0.1141,-0.2196,3.077,good,0.008,3.46,0,0,0,0,36.97,3,0.0,,,
4651,2.6560,-0.1097,0.1290,3.011,good,0.000,5.82,0,0,0,0,36.99,3,0.0,,,
4652,2.6560,-0.1105,-0.0486,3.026,good,0.001,2.54,0,0,0,0,36.88,3,0.0,,,
4653,2.6560,-0.1123,-0.1191,2.759,good,0.000,2.04,0,0,0,0,44.20,3,0.0,,,
4654,2.6560,-0.1083,0.0092,3.017,good,0.001,2.45,0,0,0,0,36.26,3,0.0,,,
4665,2.6560,-0.1197,-0.1100,3.035,black,1.000,50.23,1,1,1,0,39.58,2,3.2,17|18,4719,4719
4667,2.6560,-0.1190,0.1000,2.994,good,0.000,2.86,0,0,0,0,40.27,2,0.0,,,
4668,2.6560,-0.1295,0.0781,3.000,good,0.001,3.96,0,0,0,0,39.61,1,0.0,,,
4669,2.6560,-0.1108,0.0637,3.450,good,0.000,3.11,0,0,0,0,28.18,2,0.0,,,
4682,2.6560,-0.1194,0.0810,3.000,good,0.001,3.69,0,0,0,0,40.21,1,0.0,,,
4683,2.6560,-0.0991,0.2401,3.000,broken,0.979,9.70,1,1,1,0,33.44,1,2.4,62,4629,
4663,2.6600,-0.1153,-0.1847,3.001,good,0.001,2.37,0,0,0,0,30.47,3,0.0,,,
4664,2.6600,-0.1085,-0.2125,2.963,good,0.000,3.40,0,0,0,0,29.04,3,0.0,,,
4666,2.6600,-0.1123,0.1516,2.366,good,0.097,1.83,0,0,0,0,48.35,3,0.0,,,
4677,2.6600,-0.1192,-0.2192,3.354,good,0.002,3.46,0,0,0,0,23.97,2,0.0,,,
4678,2.6600,-0.1199,0.0976,3.002,good,0.001,2.80,0,0,0,0,31.82,2,0.0,,,
4679,2.6600,-0.1178,0.2062,3.036,good,0.023,3.72,0,0,0,0,30.26,2,0.0,,,
4680,2.6600,-0.1292,-0.0021,3.000,good,0.017,3.98,0,0,0,0,30.93,1,0.0,,,
4681,2.6600,-0.1133,0.0463,3.004,good,0.002,6.95,0,0,0,0,29.48,2,0.0,,,
4692,2.6600,-0.1171,-0.0054,3.000,good,0.001,4.02,0,0,0,0,30.84,1,0.0,,,
4693,2.6600,-0.1093,0.0838,3.000,good,0.001,3.64,0,0,0,0,28.25,1,0.0,,,
4671,2.6640,-0.1151,0.1327,2.997,good,0.001,2.33,0,0,0,0,29.67,3,0.0,,,
4672,2.6640,-0.1113,-0.2400,3.009,insect,1.000,7.62,1,1,1,0,28.04,3,3.1,1,4755,4755
4673,2.6640,-0.1093,-0.2291,3.019,good,0.077,6.27,0,0,0,0,27.07,3,0.0,,,
4674,2.6640,-0.1209,0.0807,3.450,good,0.001,2.95,0,0,0,0,17.74,2,0.0,,,
4675,2.6640,-0.1101,-0.1135,2.995,broken,0.999,5.76,1,1,1,0,27.82,3,2.4,17,4759,4759
4676,2.6640,-0.1095,0.2190,2.985,good,0.008,7.66,0,0,0,0,27.81,3,0.0,,,
4688,2.6640,-0.1170,0.0805,3.450,good,0.000,4.06,0,0,0,0,20.48,2,0.0,,,
4690,2.6640,-0.1165,0.1991,3.246,good,0.006,6.22,0,0,0,0,24.23,2,0.0,,,
4691,2.6640,-0.1150,-0.1492,3.247,good,0.000,1.40,0,0,0,0,23.75,2,0.0,,,
4703,2.6640,-0.1067,0.0778,3.000,good,0.000,2.67,0,0,0,0,26.40,1,0.0,,,
4704,2.6640,-0.1050,-0.0088,3.000,good,0.017,3.99,0,0,0,0,25.84,1,0.0,,,
4705,2.6640,-0.0993,0.0867,3.000,good,0.002,4.03,0,0,0,0,23.93,1,0.0,,,
4684,2.6680,-0.1124,0.1202,2.991,good,0.000,3.57,0,0,0,0,29.43,3,0.0,,,
4685,2.6680,-0.1094,0.0170,3.089,good,0.049,5.75,0,0,0,0,26.13,3,0.0,,,
4686,2.6680,-0.1197,-0.1208,1.946,good,0.105,3.72,0,0,0,0,71.20,3,0.0,,,
4687,2.6680,-0.1095,0.0719,2.999,good,0.004,2.08,0,0,0,0,28.13,3,0.0,,,
4689,2.6680,-0.1153,-0.1302,1.956,good,0.000,3.62,0,0,0,0,68.33,3,0.0,,,
4701,2.6680,-0.1172,0.0006,3.114,good,0.008,18.89,1,1,1,0,27.96,2,9.0,32|31|33,4718,
4702,2.6680,-0.1183,0.1770,3.102,good,0.000,2.80,0,0,0,0,28.53,2,0.0,,,
4715,2.6680,-0.1034,0.2031,3.000,good,0.008,6.07,0,0,0,0,25.95,1,0.0,,,
4694,2.6720,-0.1177,-0.0446,2.757,good,0.033,5.15,0,0,0,0,40.14,3,0.0,,,
4695,2.6720,-0.1390,-0.1393,3.000,good,0.048,3.18,0,0,0,0,32.82,1,0.0,,,
4696,2.6720,-0.1379,-0.1498,3.000,good,0.000,2.12,0,0,0,0,32.46,1,0.0,,,
4697,2.6720,-0.1122,0.0182,3.006,good,0.000,3.81,0,0,0,0,31.70,3,0.0,,,
4698,2.6720,-0.1271,0.0586,2.257,good,0.000,4.05,0,0,0,0,57.68,2,0.0,,,
4699,2.6720,-0.1351,0.1283,3.000,broken,0.998,4.12,1,1,1,0,31.43,1,2.4,48,,
4700,2.6720,-0.1095,-0.2246,2.954,good,0.001,2.76,0,0,0,0,31.91,3,0.0,,,
4712,2.6720,-0.1164,0.2254,2.927,good,0.003,3.06,0,0,0,0,34.87,2,0.0,,,
4713,2.6720,-0.1144,-0.1469,3.001,good,0.026,7.90,0,0,0,0,32.34,2,0.0,,,
4714,2.6720,-0.1216,0.1324,3.000,broken,0.999,4.02,1,1,1,0,30.77,1,2.4,48|49,,
4722,2.6720,-0.1091,-0.1259,3.000,good,0.015,6.38,0,0,0,0,30.58,1,0.0,,,
4723,2.6720,-0.1081,0.1365,3.000,broken,0.999,4.25,1,1,1,0,30.25,1,2.4,49,4799,
4706,2.6760,-0.1116,0.0612,3.288,good,0.001,9.20,0,0,0,0,23.63,3,0.0,,,
4707,2.6760,-0.1132,0.1102,3.004,faded,1.000,4.48,1,1,1,0,30.17,3,3.2,46|45,4771,4771
4708,2.6760,-0.1114,0.2209,3.009,broken,0.604,3.06,1,1,1,0,29.32,3,2.4,60,4727,4727
4709,2.6760,-0.1055,-0.0643,3.450,good,0.003,2.65,0,0,0,0,18.61,3,0.0,,,
4710,2.6760,-0.1107,-0.0261,2.926,good,0.000,3.08,0,0,0,0,31.00,3,0.0,,,
4711,2.6760,-0.1085,-0.0884,2.998,good,0.000,8.37,0,0,0,0,28.49,3,0.0,,,
4719,2.6760,-0.1302,0.1776,3.000,good,0.000,8.30,0,0,0,0,31.68,1,0.0,,,
4720,2.6760,-0.1319,0.1681,3.000,good,0.000,4.93,0,0,0,0,32.24,1,0.0,,,
4721,2.6760,-0.1163,-0.1421,3.239,good,0.106,4.80,0,0,0,0,25.68,2,0.0,,,
4732,2.6760,-0.1194,0.1735,3.000,good,0.001,10.10,0,0,0,0,32.03,1,0.0,,,
4716,2.6800,-0.1170,-0.0073,2.682,good,0.003,2.58,0,0,0,0,51.74,3,0.0,,,
4717,2.6800,-0.1225,0.0041,3.412,good,0.000,4.05,0,0,0,0,31.98,2,0.0,,,
4718,2.6800,-0.1113,0.0293,3.135,good,0.000,2.48,0,0,0,0,38.13,3,0.0,,,
4727,2.6800,-0.1172,-0.1048,3.001,good,0.000,2.48,0,0,0,0,43.06,2,0.0,,,
4728,2.6800,-0.1161,-0.1607,3.006,good,0.001,2.34,0,0,0,0,42.57,2,0.0,,,
4729,2.6800,-0.1167,0.0799,3.000,good,0.000,2.30,0,0,0,0,42.88,2,0.0,,,
4730,2.6800,-0.1160,-0.1457,2.976,good,0.000,3.44,0,0,0,0,43.18,2,0.0,,,
4731,2.6800,-0.1162,0.0564,2.981,good,0.000,2.33,0,0,0,0,43.07,2,0.0,,,
4736,2.6800,-0.1088,0.0006,3.000,good,0.000,3.98,0,0,0,0,40.14,1,0.0,,,
4737,2.6800,-0.1016,-0.0456,3.000,good,0.001,2.70,0,0,0,0,37.76,1,0.0,,,
4724,2.6840,-0.1117,0.1795,2.959,good,0.000,2.62,0,0,0,0,31.67,3,0.0,,,
4725,2.6840,-0.1098,0.2255,3.002,good,0.006,4.10,0,0,0,0,29.97,3,0.0,,,
4726,2.6840,-0.1093,0.1302,3.000,good,0.000,2.53,0,0,0,0,29.80,3,0.0,,,
4735,2.6840,-0.1182,0.2063,3.141,good,0.002,2.79,0,0,0,0,29.45,2,0.0,,,
4746,2.6840,-0.1063,-0.0039,3.000,good,0.008,2.80,0,0,0,0,28.73,1,0.0,,,
4733,2.6880,-0.1131,0.1867,3.248,good,0.036,5.33,0,0,0,0,25.24,3,0.0,,,
4734,2.6880,-0.1104,0.1136,2.993,good,0.046,2.77,0,0,0,0,29.90,3,0.0,,,
4745,2.6880,-0.1180,0.2025,3.007,good,0.012,7.78,0,0,0,0,32.02,2,0.0,,,
4738,2.6920,-0.1153,0.0463,2.852,good,0.000,3.08,0,0,0,0,41.84,3,0.0,,,
4739,2.6920,-0.1295,0.2356,2.263,sour,1.000,16.30,1,1,1,0,63.69,2,3.2,62|61,,
4740,2.6920,-0.1131,-0.2298,3.002,good,0.112,2.75,0,0,0,0,37.18,3,0.0,,,
4741,2.6920,-0.1220,-0.0867,2.634,good,0.000,5.11,0,0,0,0,46.43,2,0.0,,,
4742,2.6920,-0.1115,0.1778,2.925,good,0.001,2.76,0,0,0,0,38.39,3,0.0,,,
4743,2.6920,-0.1104,-0.0037,3.110,good,0.005,4.14,0,0,0,0,33.71,3,0.0,,,
4744,2.6920,-0.1232,-0.1016,2.373,husk,1.000,54.58,1,1,1,0,56.10,2,2.4,18|19,4791,
4754,2.6920,-0.1167,0.0978,2.941,good,0.000,3.12,0,0,0,0,39.67,2,0.0,,,
4764,2.6920,-0.1114,-0.0831,3.000,good,0.001,4.37,0,0,0,0,36.44,1,0.0,,,
4765,2.6920,-0.1138,-0.1054,3.000,husk,1.000,54.28,1,1,1,0,37.22,1,2.4,18,4740,
4747,2.6960,-0.1272,-0.1724,3.090,good,0.023,4.54,0,0,0,0,29.99,2,0.0,,,
4748,2.6960,-0.1108,0.0116,3.450,good,0.010,3.41,0,0,0,0,21.49,3,0.0,,,
4749,2.6960,-0.1126,-0.0971,3.135,good,0.000,2.73,0,0,0,0,28.17,3,0.0,,,
4750,2.6960,-0.1113,-0.2246,3.027,good,0.008,4.58,0,0,0,0,30.10,3,0.0,,,
4751,2.6960,-0.1091,0.1322,3.245,good,0.000,2.48,0,0,0,0,24.72,3,0.0,,,
4752,2.6960,-0.1102,-0.0555,3.007,good,0.000,2.93,0,0,0,0,30.13,3,0.0,,,
4753,2.6960,-0.1121,0.0827,2.785,good,0.000,2.31,0,0,0,0,36.38,3,0.0,,,
4763,2.6960,-0.1114,0.2315,2.270,sour,1.000,16.20,1,1,1,0,53.29,2,3.2,61,4821,
4772,2.6960,-0.1174,-0.1692,3.000,good,0.000,1.78,0,0,0,0,32.62,1,0.0,,,
4773,2.6960,-0.1113,-0.1768,3.000,good,0.011,2.73,0,0,0,0,30.58,1,0.0,,,
4755,2.7000,-0.1153,-0.2077,3.003,good,0.000,4.00,0,0,0,0,30.91,3,0.0,,,
4756,2.7000,-0.1244,0.0175,3.116,good,0.038,6.05,0,0,0,0,27.15,2,0.0,,,
4757,2.7000,-0.1145,0.1663,2.662,good,0.168,4.05,0,0,0,0,39.67,3,0.0,,,
4758,2.7000,-0.1119,-0.1883,2.994,good,0.001,2.25,0,0,0,0,29.81,3,0.0,,,
4759,2.7000,-0.1201,0.0834,3.450,good,0.280,1.99,0,0,0,0,18.81,2,0.0,,,
4760,2.7000,-0.1092,-0.1350,3.020,good,0.002,2.25,0,0,0,0,28.27,3,0.0,,,
4761,2.7000,-0.1096,-0.0846,2.870,good,0.001,3.07,0,0,0,0,31.98,3,0.0,,,
4762,2.7000,-0.1116,0.0604,2.571,good,0.000,3.01,0,0,0,0,41.21,3,0.0,,,
4771,2.7000,-0.1262,-0.1630,3.000,good,0.000,2.09,0,0,0,0,30.32,1,0.0,,,
4779,2.7000,-0.1091,-0.1657,3.000,good,0.001,6.03,0,0,0,0,28.62,1,0.0,,,
4780,2.7000,-0.1119,0.0133,3.000,good,0.057,6.06,0,0,0,0,29.55,1,0.0,,,
4781,2.7000,-0.1024,0.2281,3.000,sour,1.000,16.41,1,1,1,0,26.36,1,3.2,61|60,4821,
4766,2.7040,-0.1167,0.1564,2.808,good,0.000,3.13,0,0,0,0,37.31,3,0.0,,,
4767,2.7040,-0.1117,-0.1955,3.001,good,0.008,2.28,0,0,0,0,30.62,3,0.0,,,
4768,2.7040,-0.1117,0.1000,3.008,good,0.003,3.97,0,0,0,0,30.44,3,0.0,,,
4769,2.7040,-0.1090,0.1453,3.001,good,0.001,4.73,0,0,0,0,29.65,3,0.0,,,
4770,2.7040,-0.1087,0.1341,2.996,good,0.000,2.05,0,0,0,0,29.63,3,0.0,,,
4776,2.7040,-0.1172,-0.1555,2.936,good,0.001,1.65,0,0,0,0,33.93,2,0.0,,,
4777,2.7040,-0.1142,0.0408,3.450,good,0.005,4.23,0,0,0,0,22.01,2,0.0,,,
4778,2.7040,-0.1145,0.1851,3.166,black,1.000,51.29,1,1,1,0,27.60,2,3.2,55,4797,4797
4774,2.7080,-0.1131,0.1751,3.001,good,0.000,2.23,0,0,0,0,31.94,3,0.0,,,
4775,2.7080,-0.1097,0.2078,3.174,good,0.004,4.26,0,0,0,0,26.94,3,0.0,,,
4785,2.7080,-0.1185,-0.1686,3.015,good,0.000,2.40,0,0,0,0,33.32,2,0.0,,,
4786,2.7080,-0.1162,-0.1183,2.917,good,0.005,6.59,0,0,0,0,34.92,2,0.0,,,
4792,2.7080,-0.1055,0.1598,3.000,good,0.000,3.00,0,0,0,0,29.28,1,0.0,,,
4782,2.7120,-0.1119,0.1779,3.450,good,0.066,2.98,0,0,0,0,31.85,3,0.0,,,
4783,2.7120,-0.1374,-0.0446,3.000,good,0.001,2.31,0,0,0,0,41.55,1,0.0,,,
4784,2.7120,-0.1350,0.1706,3.000,stone,0.998,32.54,1,1,1,0,40.76,1,9.1,53|54|52,,
4790,2.7120,-0.1128,-0.0530,3.010,good,0.006,16.37,0,0,0,0,41.01,2,0.0,,,
4791,2.7120,-0.1148,-0.1488,3.137,good,0.207,7.36,0,0,0,0,38.72,2,0.0,,,
4787,2.7160,-0.1135,-0.2188,3.005,good,0.000,2.90,0,0,0,0,30.84,3,0.0,,,
4788,2.7160,-0.1395,-0.0997,3.000,shell,1.000,51.08,1,1,1,0,31.61,1,2.4,19,,
4789,2.7160,-0.1363,-0.0752,3.000,good,0.000,3.02,0,0,0,0,30.52,1,0.0,,,
4798,2.7160,-0.1194,-0.0700,3.004,faded,0.998,4.23,1,1,1,0,32.72,2,3.2,23|22,4811,4811
4799,2.7160,-0.1157,-0.1474,3.168,good,0.024,5.63,0,0,0,0,27.74,2,0.0,,,
4800,2.7160,-0.1142,0.0546,3.110,good,0.003,4.77,0,0,0,0,28.47,2,0.0,,,
4801,2.7160,-0.1120,-0.0959,3.431,shell,1.000,52.56,1,1,1,0,21.36,2,2.4,19,4892,
4802,2.7160,-0.1080,-0.0716,3.450,good,0.000,3.00,0,0,0,0,19.81,2,0.0,,,
4793,2.7200,-0.1272,0.0623,3.117,good,0.001,2.65,0,0,0,0,28.74,2,0.0,,,
4794,2.7200,-0.1120,0.0329,3.054,insect,1.000,11.94,1,1,1,0,29.16,3,3.1,36,4809,
4795,2.7200,-0.1112,-0.2033,3.020,good,0.000,2.39,0,0,0,0,29.65,3,0.0,,,
4796,2.7200,-0.1349,-0.1718,3.000,good,0.000,3.60,0,0,0,0,30.01,1,0.0,,,
4797,2.7200,-0.1143,0.0537,2.567,black,0.919,46.99,1,1,1,0,43.14,3,3.2,38|39,4852|4854,
4809,2.7200,-0.1155,-0.1746,2.999,good,0.011,5.98,0,0,0,0,31.44,2,0.0,,,
4810,2.7200,-0.1172,-0.2250,3.450,good,0.001,2.77,0,0,0,0,22.49,2,0.0,,,
4821,2.7200,-0.1017,0.0579,3.000,good,0.001,2.89,0,0,0,0,26.77,1,0.0,,,
4822,2.7200,-0.0983,-0.0910,3.000,shell,1.000,49.89,1,1,1,0,25.61,1,2.4,20,4892,
4803,2.7240,-0.1135,-0.2318,3.016,good,0.000,2.22,0,0,0,0,28.04,3,0.0,,,
4804,2.7240,-0.1374,0.0603,3.000,good,0.005,2.82,0,0,0,0,28.39,1,0.0,,,
4805,2.7240,-0.1109,-0.2158,2.963,good,0.000,2.44,0,0,0,0,28.36,3,0.0,,,
4806,2.7240,-0.1107,-0.0070,2.621,black,0.594,17.84,1,1,1,0,37.55,3,3.2,31|30,4764|4899,
4807,2.7240,-0.1109,0.0994,2.965,good,0.000,2.70,0,0,0,0,28.08,3,0.0,,,
4808,2.7240,-0.1122,0.1926,2.688,faded,0.649,3.90,1,1,1,0,35.88,3,3.2,56,4775,4775
4816,2.7240,-0.1188,0.2105,2.987,good,0.000,3.76,0,0,0,0,30.13,2,0.0,,,
4817,2.7240,-0.1169,0.0171,3.185,good,0.030,3.07,0,0,0,0,24.95,2,0.0,,,
4818,2.7240,-0.1310,-0.1876,3.000,good,0.003,7.07,0,0,0,0,29.83,1,0.0,,,
4819,2.7240,-0.1186,0.0886,2.884,good,0.000,2.66,0,0,0,0,32.56,2,0.0,,,
4820,2.7240,-0.1258,0.0566,3.000,good,0.244,3.04,0,0,0,0,28.05,1,0.0,,,
4828,2.7240,-0.1142,0.0529,3.000,good,0.034,3.19,0,0,0,0,28.18,1,0.0,,,
4829,2.7240,-0.1095,-0.1881,3.000,good,0.008,5.31,0,0,0,0,26.58,1,0.0,,,
4811,2.7280,-0.1150,-0.0363,3.016,good,0.000,2.89,0,0,0,0,27.59,3,0.0,,,
4812,2.7280,-0.1134,-0.2084,3.011,good,0.056,2.06,0,0,0,0,27.14,3,0.0,,,
4813,2.7280,-0.1127,-0.0821,2.840,good,0.000,2.32,0,0,0,0,31.11,3,0.0,,,
4814,2.7280,-0.1115,-0.0044,2.979,good,0.000,3.50,0,0,0,0,27.18,3,0.0,,,
4815,2.7280,-0.1124,0.1041,3.005,good,0.000,3.50,0,0,0,0,26.84,3,0.0,,,
4825,2.7280,-0.1305,0.0141,3.000,faded,0.991,5.26,1,1,1,0,28.97,1,3.2,33,,
4826,2.7280,-0.1164,0.1919,3.004,good,0.296,3.62,0,0,0,0,28.13,2,0.0,,,
4827,2.7280,-0.1159,0.2341,2.993,good,0.000,2.23,0,0,0,0,28.17,2,0.0,,,
4838,2.7280,-0.1197,0.0108,3.000,faded,0.979,5.29,1,1,1,0,29.28,1,3.2,33,4855,
4839,2.7280,-0.1027,0.0491,3.000,good,0.011,3.27,0,0,0,0,23.57,1,0.0,,,
4823,2.7320,-0.1153,-0.0802,2.781,black,1.000,46.15,1,1,1,0,38.04,3,3.2,21,4845,
4824,2.7320,-0.1109,-0.1100,2.939,good,0.000,2.56,0,0,0,0,32.31,3,0.0,,,
4833,2.7320,-0.1178,0.0596,3.099,good,0.101,10.84,0,0,0,0,30.81,2,0.0,,,
4834,2.7320,-0.1194,-0.1876,3.324,sour,1.000,18.07,1,1,1,0,26.47,2,3.2,7|8,4851,
4836,2.7320,-0.1183,0.1211,3.025,good,0.000,3.45,0,0,0,0,32.58,2,0.0,,,
4837,2.7320,-0.1178,-0.2122,3.031,good,0.000,2.15,0,0,0,0,32.26,2,0.0,,,
4848,2.7320,-0.1090,0.0076,3.000,faded,0.970,5.32,1,1,1,0,30.03,1,3.2,32|33,4855,
4830,2.7360,-0.1254,-0.0132,3.450,good,0.005,1.87,0,0,0,0,17.63,2,0.0,,,
4831,2.7360,-0.1116,0.2147,3.152,good,0.009,4.02,0,0,0,0,23.35,3,0.0,,,
4832,2.7360,-0.1113,-0.0339,3.049,good,0.012,1.68,0,0,0,0,25.47,3,0.0,,,
4835,2.7360,-0.1099,0.0015,2.726,good,0.272,15.99,0,0,0,0,33.14,3,0.0,,,
4846,2.7360,-0.1196,0.2012,3.021,good,0.000,1.64,0,0,0,0,28.77,2,0.0,,,
4847,2.7360,-0.1169,-0.0534,3.024,good,0.000,3.63,0,0,0,0,27.79,2,0.0,,,
4858,2.7360,-0.1199,-0.2088,3.000,good,0.122,8.09,0,0,0,0,29.33,1,0.0,,,
4859,2.7360,-0.1110,-0.0162,3.000,good,0.004,2.08,0,0,0,0,26.36,1,0.0,,,
4840,2.7400,-0.1119,-0.0442,3.064,good,0.000,2.99,0,0,0,0,26.56,3,0.0,,,
4841,2.7400,-0.1099,-0.0007,3.006,good,0.000,2.19,0,0,0,0,27.18,3,0.0,,,
4842,2.7400,-0.1110,0.2321,2.996,good,0.000,3.23,0,0,0,0,27.73,3,0.0,,,
4843,2.7400,-0.1180,-0.2002,1.856,good,0.002,5.04,0,0,0,0,74.71,3,0.0,,,
4844,2.7400,-0.1088,0.1019,2.939,faded,0.996,4.95,1,1,1,0,28.27,3,3.2,45|44,4846,
4845,2.7400,-0.1324,-0.2139,3.000,good,0.001,4.24,0,0,0,0,26.66,1,0.0,,,
4856,2.7400,-0.1118,0.0053,3.024,stick,1.000,81.46,1,1,1,0,27.16,2,2.4,32,4834,4834
4857,2.7400,-0.1178,0.1448,3.450,broken,0.999,6.56,1,1,1,0,20.19,2,2.4,50,4973,
4849,2.7440,-0.1236,-0.0372,3.231,good,0.224,3.11,0,0,0,0,22.26,2,0.0,,,
4850,2.7440,-0.1123,0.0640,3.019,good,0.000,3.13,0,0,0,0,27.33,3,0.0,,,
4851,2.7440,-0.1159,0.1878,2.704,good,0.035,2.83,0,0,0,0,36.80,3,0.0,,,
4852,2.7440,-0.1094,0.0458,2.979,good,0.026,3.24,0,0,0,0,27.21,3,0.0,,,
4853,2.7440,-0.1090,0.1646,3.007,good,0.072,4.14,0,0,0,0,26.41,3,0.0,,,
4854,2.7440,-0.1116,-0.1620,2.584,good,0.205,8.55,0,0,0,0,38.74,3,0.0,,,
4855,2.7440,-0.1090,-0.0099,2.992,faded,1.000,5.84,1,1,1,0,26.67,3,3.2,30,4878,4878
4867,2.7440,-0.1186,-0.1295,3.001,good,0.002,3.22,0,0,0,0,29.61,2,0.0,,,
4879,2.7440,-0.1107,-0.0411,3.000,good,0.167,2.67,0,0,0,0,26.97,1,0.0,,,
4880,2.7440,-0.1111,-0.1703,3.000,good,0.002,3.91,0,0,0,0,27.12,1,0.0,,,
4860,2.7480,-0.1137,0.2119,3.003,good,0.012,3.08,0,0,0,0,27.24,3,0.0,,,
4861,2.7480,-0.1128,0.1581,2.989,good,0.000,3.19,0,0,0,0,27.24,3,0.0,,,
4862,2.7480,-0.1121,-0.1023,3.000,good,0.002,2.65,0,0,0,0,26.68,3,0.0,,,
4863,2.7480,-0.1122,-0.1666,2.934,sour,1.000,17.67,1,1,1,0,28.23,3,3.2,10,4882,
4864,2.7480,-0.1119,-0.0710,2.984,black,1.000,46.19,1,1,1,0,26.86,3,3.2,22|23,4883,
4865,2.7480,-0.1103,0.1124,2.911,good,0.008,4.46,0,0,0,0,28.04,3,0.0,,,
4866,2.7480,-0.1109,0.1941,2.999,good,0.000,8.21,0,0,0,0,26.07,3,0.0,,,
4876,2.7480,-0.1177,0.0901,3.020,good,0.153,3.21,0,0,0,0,27.79,2,0.0,,,
4877,2.7480,-0.1129,-0.2279,3.450,good,0.001,4.67,0,0,0,0,17.41,2,0.0,,,
4878,2.7480,-0.1104,0.0408,3.215,good,0.227,1.75,0,0,0,0,21.09,2,0.0,,,
4868,2.7520,-0.1181,-0.1690,2.680,good,0.000,3.93,0,0,0,0,42.12,3,0.0,,,
4869,2.7520,-0.1113,-0.2102,3.339,good,0.001,3.53,0,0,0,0,23.98,3,0.0,,,
4870,2.7520,-0.1105,0.1884,3.172,good,0.000,2.74,0,0,0,0,27.01,3,0.0,,,
4871,2.7520,-0.1136,-0.1239,2.939,good,0.000,2.95,0,0,0,0,33.29,3,0.0,,,
4872,2.7520,-0.1091,0.1140,3.193,good,0.000,3.53,0,0,0,0,26.07,3,0.0,,,
4873,2.7520,-0.1157,-0.0242,2.297,good,0.000,2.39,0,0,0,0,54.45,3,0.0,,,
4874,2.7520,-0.1145,0.0457,2.407,sour,1.000,21.00,1,1,1,0,49.65,3,3.2,37|38,4890,
4875,2.7520,-0.1091,-0.1477,3.005,black,1.000,53.32,1,1,1,0,30.01,3,3.2,13|12,4862,4862
4883,2.7520,-0.1194,0.2274,2.999,good,0.000,2.95,0,0,0,0,33.51,2,0.0,,,
4884,2.7520,-0.1150,-0.0349,3.399,good,0.019,3.66,0,0,0,0,23.59,2,0.0,,,
4881,2.7560,-0.1163,0.2154,3.001,good,0.000,2.67,0,0,0,0,32.09,3,0.0,,,
4882,2.7560,-0.1110,0.2004,3.073,insect,1.000,7.94,1,1,1,0,28.57,3,3.1,57,4944,4944
4886,2.7560,-0.1197,-0.0194,2.943,good,0.000,3.01,0,0,0,0,34.52,2,0.0,,,
4887,2.7560,-0.1184,-0.0908,2.982,good,0.001,3.06,0,0,0,0,33.07,2,0.0,,,
4894,2.7560,-0.1049,0.0488,3.000,sour,1.000,20.84,1,1,1,0,28.11,1,3.2,38,4890,
4895,2.7560,-0.1014,-0.0319,3.000,good,0.006,3.63,0,0,0,0,26.94,1,0.0,,,
4885,2.7600,-0.1092,-0.0043,3.000,good,0.000,2.19,0,0,0,0,28.62,3,0.0,,,
4888,2.7640,-0.1137,-0.2374,3.016,good,0.000,2.75,0,0,0,0,39.17,3,0.0,,,
4889,2.7640,-0.1257,-0.0741,3.376,good,0.000,3.32,0,0,0,0,31.11,2,0.0,,,
4890,2.7640,-0.1131,0.0128,3.003,good,0.002,3.84,0,0,0,0,39.16,3,0.0,,,
4891,2.7640,-0.1101,-0.0205,3.168,good,0.000,7.36,0,0,0,0,34.49,3,0.0,,,
4892,2.7640,-0.1224,-0.0844,2.962,good,0.000,2.26,0,0,0,0,39.23,2,0.0,,,
4893,2.7640,-0.1081,-0.1637,3.002,good,0.000,1.93,0,0,0,0,37.43,3,0.0,,,
4902,2.7640,-0.1287,0.0516,3.000,good,0.010,11.36,0,0,0,0,40.32,1,0.0,,,
4903,2.7640,-0.1160,-0.2277,2.968,good,0.010,4.88,0,0,0,0,40.82,2,0.0,,,
4910,2.7640,-0.1183,0.0472,3.000,good,0.001,3.02,0,0,0,0,40.81,1,0.0,,,
4911,2.7640,-0.1145,0.0559,3.000,good,0.094,7.93,0,0,0,0,39.53,1,0.0,,,
4912,2.7640,-0.1113,-0.0800,3.000,good,0.015,8.22,0,0,0,0,38.48,1,0.0,,,
4896,2.7680,-0.1138,-0.1008,3.163,good,0.011,3.47,0,0,0,0,37.27,3,0.0,,,
4897,2.7680,-0.1075,-0.0481,3.450,good,0.005,8.26,0,0,0,0,29.75,3,0.0,,,
4898,2.7680,-0.1138,0.1520,3.013,good,0.000,6.56,0,0,0,0,40.54,3,0.0,,,
4899,2.7680,-0.1116,-0.0855,3.008,black,1.000,46.07,1,1,1,0,39.91,3,3.2,21|20,4936,4936
4900,2.7680,-0.1112,0.1348,2.915,insect,1.000,8.21,1,1,1,0,41.93,3,3.1,49,4940,
4901,2.7680,-0.1347,0.0614,3.000,good,0.001,3.82,0,0,0,0,39.68,1,0.0,,,
4904,2.7680,-0.1132,0.2251,3.055,stick,1.000,32.14,1,1,1,0,39.20,2,2.4,60|61,4941|4946,4941|4946
4906,2.7680,-0.1197,-0.0198,3.394,faded,0.985,4.35,1,1,1,0,34.12,2,3.2,29,4916,
4907,2.7680,-0.1183,0.1006,3.030,good,0.000,3.31,0,0,0,0,41.38,2,0.0,,,
4908,2.7680,-0.1154,0.1832,3.143,faded,0.993,5.24,1,1,1,0,37.85,2,3.2,55,4927,
4909,2.7680,-0.1259,0.0581,3.000,good,0.002,4.24,0,0,0,0,40.57,1,0.0,,,
4919,2.7680,-0.1170,0.0548,3.000,good,0.001,4.18,0,0,0,0,41.63,1,0.0,,,
4905,2.7720,-0.1105,-0.0370,2.747,good,0.000,7.86,0,0,0,0,46.46,3,0.0,,,
4917,2.7720,-0.1197,0.0672,3.022,good,0.000,2.21,0,0,0,0,42.48,2,0.0,,,
4918,2.7720,-0.1187,0.0973,2.979,good,0.000,2.27,0,0,0,0,43.14,2,0.0,,,
4932,2.7720,-0.1082,0.0515,3.000,good,0.002,4.18,0,0,0,0,39.14,1,0.0,,,
4913,2.7760,-0.1130,-0.1006,3.000,good,0.001,2.34,0,0,0,0,32.86,3,0.0,,,
4914,2.7760,-0.1135,0.0072,2.760,good,0.012,6.48,0,0,0,0,39.12,3,0.0,,,
4915,2.7760,-0.1118,-0.0127,3.026,good,0.001,2.75,0,0,0,0,31.72,3,0.0,,,
4916,2.7760,-0.1088,0.1288,3.050,shell,1.000,10.10,1,1,1,0,30.14,3,2.4,48,4918,
4927,2.7760,-0.1177,0.0314,2.831,insect,1.000,6.36,1,1,1,0,38.48,2,3.1,36|35,4948,4948
4928,2.7760,-0.1154,-0.1792,3.450,good,0.001,3.43,0,0,0,0,23.98,2,0.0,,,
4929,2.7760,-0.1173,0.0808,2.933,good,0.002,2.63,0,0,0,0,35.57,2,0.0,,,
4930,2.7760,-0.1161,-0.1258,2.983,good,0.000,2.06,0,0,0,0,33.93,2,0.0,,,
4931,2.7760,-0.1129,-0.0002,2.825,good,0.002,3.28,0,0,0,0,36.76,2,0.0,,,
4920,2.7800,-0.1247,0.0588,3.450,good,0.001,2.85,0,0,0,0,20.64,2,0.0,,,
4921,2.7800,-0.1155,0.2073,3.002,good,0.001,4.63,0,0,0,0,31.19,3,0.0,,,
4922,2.7800,-0.1135,-0.1836,3.114,good,0.001,4.68,0,0,0,0,27.94,3,0.0,,,
4923,2.7800,-0.1155,-0.0466,2.629,good,0.002,2.55,0,0,0,0,41.33,3,0.0,,,
4924,2.7800,-0.1126,-0.0091,2.981,faded,1.000,5.50,1,1,1,0,30.61,3,3.2,30|31,4955,
4925,2.7800,-0.1093,-0.2188,3.002,faded,1.000,6.30,1,1,1,0,28.95,3,3.2,3|4,4950,4950
4926,2.7800,-0.1087,-0.0940,2.984,insect,1.000,3.75,1,1,1,0,29.10,3,3.1,19|20,4926,4926
4936,2.7800,-0.1188,-0.2355,3.015,good,0.000,1.87,0,0,0,0,31.71,2,0.0,,,
4937,2.7800,-0.1176,-0.0861,3.450,good,0.000,1.75,0,0,0,0,22.16,2,0.0,,,
4945,2.7800,-0.1106,0.0557,3.000,good,0.001,2.67,0,0,0,0,29.29,1,0.0,,,
4946,2.7800,-0.1008,-0.0060,3.000,good,0.008,5.10,0,0,0,0,26.00,1,0.0,,,
4933,2.7840,-0.1149,-0.1753,2.952,good,0.001,2.03,0,0,0,0,41.54,3,0.0,,,
4934,2.7840,-0.1116,-0.1447,2.985,good,0.000,2.29,0,0,0,0,39.57,3,0.0,,,
4935,2.7840,-0.1107,-0.2247,3.007,good,0.002,3.30,0,0,0,0,38.68,3,0.0,,,
4941,2.7840,-0.1194,-0.1111,2.999,sour,1.000,12.01,1,1,1,0,41.74,2,3.2,17,4995,4995
4943,2.7840,-0.1174,-0.1956,2.963,good,0.008,3.23,0,0,0,0,41.85,2,0.0,,,
4944,2.7840,-0.1157,0.1899,3.016,good,0.000,2.02,0,0,0,0,39.98,2,0.0,,,
4953,2.7840,-0.1006,-0.0054,3.000,faded,1.000,5.18,1,1,1,0,35.33,1,3.2,31,4955,
4938,2.7880,-0.1140,-0.1496,3.007,good,0.000,2.30,0,0,0,0,36.36,3,0.0,,,
4939,2.7880,-0.1126,0.0050,2.929,good,0.001,2.71,0,0,0,0,37.74,3,0.0,,,
4940,2.7880,-0.1090,0.1190,2.985,good,0.000,2.59,0,0,0,0,35.14,3,0.0,,,
4942,2.7880,-0.1081,-0.0558,3.022,good,0.007,3.05,0,0,0,0,33.95,3,0.0,,,
4947,2.7920,-0.1384,0.0507,3.000,good,0.005,2.50,0,0,0,0,30.46,1,0.0,,,
4948,2.7920,-0.1108,0.1295,2.997,black,0.650,20.89,1,1,1,0,29.20,3,3.2,48,4960|4970,4960|4970
4949,2.7920,-0.1106,-0.2153,3.080,good,0.009,5.40,0,0,0,0,27.15,3,0.0,,,
4950,2.7920,-0.1123,0.1885,2.984,good,0.003,1.86,0,0,0,0,29.90,3,0.0,,,
4951,2.7920,-0.1102,-0.0555,2.995,good,0.000,3.51,0,0,0,0,28.91,3,0.0,,,
4952,2.7920,-0.1092,0.0472,2.484,good,0.003,14.38,0,0,0,0,42.87,3,0.0,,,
4958,2.7920,-0.1184,0.0107,3.450,good,0.000,2.67,0,0,0,0,21.93,2,0.0,,,
4960,2.7920,-0.1189,0.1629,2.998,good,0.000,4.22,0,0,0,0,31.61,2,0.0,,,
4954,2.7960,-0.1116,0.2337,2.999,good,0.002,5.72,0,0,0,0,37.31,3,0.0,,,
4955,2.7960,-0.1115,-0.1331,2.888,black,1.000,59.70,1,1,1,0,39.93,3,3.2,14|15,4965,4965
4956,2.7960,-0.1091,-0.2251,3.017,good,0.000,4.45,0,0,0,0,35.93,3,0.0,,,
4957,2.7960,-0.1101,0.0926,3.011,good,0.003,3.16,0,0,0,0,36.37,3,0.0,,,
4959,2.7960,-0.1093,0.2220,2.952,good,0.003,5.44,0,0,0,0,37.47,3,0.0,,,
4963,2.7960,-0.1187,0.1377,3.000,good,0.000,9.11,0,0,0,0,39.41,2,0.0,,,
4964,2.7960,-0.1155,0.0014,3.066,good,0.000,2.06,0,0,0,0,36.78,2,0.0,,,
4965,2.7960,-0.1170,-0.1434,2.972,good,0.000,2.29,0,0,0,0,39.49,2,0.0,,,
4969,2.7960,-0.1015,0.1265,3.000,good,0.000,1.84,0,0,0,0,33.59,1,0.0,,,
4961,2.8000,-0.1290,0.1293,2.766,good,0.048,2.48,0,0,0,0,41.50,2,0.0,,,
4962,2.8000,-0.1092,-0.0255,3.450,good,0.001,1.91,0,0,0,0,23.32,3,0.0,,,
4968,2.8000,-0.1181,-0.2085,2.931,good,0.002,2.51,0,0,0,0,37.05,2,0.0,,,
4979,2.8000,-0.1179,0.1250,3.000,good,0.018,2.45,0,0,0,0,35.25,1,0.0,,,
4966,2.8040,-0.1137,-0.0813,3.001,good,0.000,2.23,0,0,0,0,30.00,3,0.0,,,
4967,2.8040,-0.1220,-0.0161,2.904,black,1.000,49.99,1,1,1,0,31.17,2,3.2,29|30,,
4977,2.8040,-0.1191,0.0867,3.052,good,0.000,2.21,0,0,0,0,30.46,2,0.0,,,
4978,2.8040,-0.1185,0.0280,2.951,good,0.003,5.27,0,0,0,0,32.67,2,0.0,,,
4988,2.8040,-0.1104,-0.0125,3.000,black,1.000,50.15,1,1,1,0,28.74,1,3.2,30,5030,
4970,2.8080,-0.1264,0.1252,3.056,good,0.000,1.99,0,0,0,0,28.33,2,0.0,,,
4971,2.8080,-0.1139,0.2369,3.021,good,0.014,3.74,0,0,0,0,28.98,3,0.0,,,
4972,2.8080,-0.1101,-0.1025,3.248,good,0.001,4.07,0,0,0,0,22.83,3,0.0,,,
4973,2.8080,-0.1124,0.2164,3.004,good,0.001,3.05,0,0,0,0,28.80,3,0.0,,,
4974,2.8080,-0.1351,-0.2376,3.000,good,0.009,3.79,0,0,0,0,28.46,1,0.0,,,
4975,2.8080,-0.1100,-0.0020,2.998,good,0.000,2.12,0,0,0,0,28.11,3,0.0,,,
4976,2.8080,-0.1094,0.0473,2.999,good,0.000,3.72,0,0,0,0,27.84,3,0.0,,,
4983,2.8080,-0.1188,-0.1457,2.880,good,0.004,7.54,0,0,0,0,33.96,2,0.0,,,
4987,2.8080,-0.1265,-0.2422,3.000,good,0.002,3.86,0,0,0,0,29.48,1,0.0,,,
4999,2.8080,-0.1142,0.1289,3.000,good,0.000,1.95,0,0,0,0,29.38,1,0.0,,,
4980,2.8120,-0.1131,-0.0242,3.000,good,0.000,2.49,0,0,0,0,38.05,3,0.0,,,
4981,2.8120,-0.1107,-0.0563,3.230,good,0.001,4.03,0,0,0,0,32.19,3,0.0,,,
4982,2.8120,-0.1121,0.1026,3.054,good,0.000,3.49,0,0,0,0,36.35,3,0.0,,,
4984,2.8120,-0.1095,-0.2278,3.009,good,0.018,2.98,0,0,0,0,36.47,3,0.0,,,
4985,2.8120,-0.1093,-0.1926,2.963,faded,1.000,5.33,1,1,1,0,37.43,3,3.2,7,5046,5046
4986,2.8120,-0.1107,-0.1334,2.842,good,0.000,1.91,0,0,0,0,40.89,3,0.0,,,
4995,2.8120,-0.1190,0.1453,3.120,good,0.000,2.16,0,0,0,0,36.90,2,0.0,,,
4996,2.8120,-0.1303,0.0261,3.000,good,0.000,2.41,0,0,0,0,39.47,1,0.0,,,
4997,2.8120,-0.1175,0.0551,3.205,good,0.000,3.24,0,0,0,0,34.53,2,0.0,,,
4998,2.8120,-0.1141,-0.0795,2.983,insect,1.000,3.45,1,1,1,0,38.39,2,3.1,21|22,5044,5044
5009,2.8120,-0.1183,0.0218,3.000,good,0.000,2.41,0,0,0,0,39.36,1,0.0,,,
5010,2.8120,-0.1184,0.0046,3.000,good,0.057,8.55,0,0,0,0,39.38,1,0.0,,,
4989,2.8160,-0.1120,0.2180,3.111,good,0.000,2.60,0,0,0,0,28.87,3,0.0,,,
4990,2.8160,-0.1186,-0.0352,2.362,broken,0.915,8.38,1,1,1,0,53.22,3,2.4,27,5035,5035
4991,2.8160,-0.1065,-0.0728,3.295,good,0.002,3.73,0,0,0,0,23.26,2,0.0,,,
4992,2.8160,-0.1112,-0.1984,2.859,good,0.000,3.27,0,0,0,0,34.41,3,0.0,,,
4993,2.8160,-0.1086,-0.1037,3.151,good,0.000,3.07,0,0,0,0,26.70,3,0.0,,,
4994,2.8160,-0.1085,-0.1861,2.974,good,0.022,3.16,0,0,0,0,30.56,3,0.0,,,
5004,2.8160,-0.1189,-0.2256,3.000,insect,1.000,5.68,1,1,1,0,33.40,2,3.1,3|2,5061,5061
5005,2.8160,-0.1177,-0.0788,2.986,good,0.000,3.81,0,0,0,0,33.29,2,0.0,,,
5006,2.8160,-0.1166,-0.2339,3.019,good,0.000,2.52,0,0,0,0,32.10,2,0.0,,,
5007,2.8160,-0.1162,-0.0694,2.074,insect,0.506,9.23,1,1,1,0,64.56,2,3.2,23|22,4951|4988,
5008,2.8160,-0.1161,0.0034,3.053,good,0.000,3.86,0,0,0,0,31.06,2,0.0,,,
5018,2.8160,-0.1062,0.0174,3.000,good,0.000,2.44,0,0,0,0,28.99,1,0.0,,,
5019,2.8160,-0.1048,0.0586,3.000,good,0.000,3.00,0,0,0,0,28.52,1,0.0,,,
5000,2.8200,-0.1173,-0.0825,2.688,good,0.293,10.14,0,0,0,0,38.83,3,0.0,,,
5001,2.8200,-0.1112,-0.1583,2.989,good,0.000,2.40,0,0,0,0,28.55,3,0.0,,,
5002,2.8200,-0.1098,0.1235,2.962,good,0.006,3.23,0,0,0,0,28.68,3,0.0,,,
5003,2.8200,-0.1081,-0.1369,3.002,good,0.000,1.66,0,0,0,0,27.14,3,0.0,,,
5015,2.8200,-0.1198,-0.0395,3.204,good,0.000,3.17,0,0,0,0,26.39,2,0.0,,,
5016,2.8200,-0.1185,0.1817,2.994,good,0.003,2.45,0,0,0,0,30.72,2,0.0,,,
5017,2.8200,-0.1186,0.1982,3.077,good,0.060,3.41,0,0,0,0,28.76,2,0.0,,,
5028,2.8200,-0.1058,-0.0665,3.000,insect,0.936,2.69,1,1,1,0,26.31,1,3.1,23,4951|4988,4988
5011,2.8240,-0.1154,-0.1039,3.001,good,0.000,3.62,0,0,0,0,30.66,3,0.0,,,
5012,2.8240,-0.1118,-0.0268,2.976,good,0.003,6.69,0,0,0,0,30.00,3,0.0,,,
5013,2.8240,-0.1104,-0.0616,3.450,good,0.000,2.53,0,0,0,0,19.78,3,0.0,,,
5014,2.8240,-0.1096,-0.1858,3.013,good,0.000,1.99,0,0,0,0,28.33,3,0.0,,,
5026,2.8240,-0.1183,-0.0712,2.898,good,0.001,2.34,0,0,0,0,34.05,2,0.0,,,
5027,2.8240,-0.1146,0.1143,3.004,good,0.000,6.91,0,0,0,0,30.10,2,0.0,,,
5020,2.8280,-0.1139,-0.1408,2.996,good,0.000,1.62,0,0,0,0,32.51,3,0.0,,,
5021,2.8280,-0.1108,-0.0042,3.150,good,0.159,3.22,0,0,0,0,27.97,3,0.0,,,
5022,2.8280,-0.1115,-0.1078,3.000,good,0.000,2.93,0,0,0,0,31.52,3,0.0,,,
5023,2.8280,-0.1110,0.1796,2.987,good,0.001,1.67,0,0,0,0,31.59,3,0.0,,,
5024,2.8280,-0.1075,-0.0361,3.216,good,0.037,2.48,0,0,0,0,25.45,3,0.0,,,
5025,2.8280,-0.1087,0.0867,2.999,good,0.000,2.40,0,0,0,0,30.46,3,0.0,,,
5033,2.8280,-0.1192,0.2321,2.936,good,0.038,7.04,0,0,0,0,35.50,2,0.0,,,
5034,2.8280,-0.1197,0.1953,2.614,good,0.290,8.62,0,0,0,0,44.84,2,0.0,,,
5029,2.8320,-0.1176,-0.1113,2.802,insect,1.000,3.74,1,1,1,0,38.10,3,3.1,17,5092,
5030,2.8320,-0.1153,0.0272,2.963,good,0.000,2.14,0,0,0,0,32.99,3,0.0,,,
5031,2.8320,-0.1131,-0.1468,3.049,good,0.004,3.96,0,0,0,0,30.20,3,0.0,,,
5032,2.8320,-0.1383,0.1923,3.000,shell,1.000,10.00,1,1,1,0,31.71,1,2.4,56,,
5039,2.8320,-0.1160,0.1581,2.998,good,0.000,2.79,0,0,0,0,32.27,2,0.0,,,
5040,2.8320,-0.1164,0.2305,2.986,good,0.009,5.74,0,0,0,0,32.66,2,0.0,,,
5041,2.8320,-0.1157,0.0123,2.994,good,0.000,2.10,0,0,0,0,32.21,2,0.0,,,
5046,2.8320,-0.1092,0.1895,3.000,shell,1.000,10.10,1,1,1,0,29.89,1,2.4,56,5069,
5035,2.8360,-0.1137,0.1722,3.228,good,0.018,2.61,0,0,0,0,24.85,3,0.0,,,
5036,2.8360,-0.1107,-0.1420,2.977,broken,0.960,3.57,1,1,1,0,29.35,3,2.4,13|14,5055,5055
5037,2.8360,-0.1096,-0.0223,2.971,black,1.000,48.09,1,1,1,0,29.05,3,3.2,29|28,5098,5098
5038,2.8360,-0.1075,0.1231,3.252,faded,0.999,5.34,1,1,1,0,22.25,3,3.2,47,5053,
5045,2.8360,-0.1186,-0.1000,2.916,good,0.000,1.91,0,0,0,0,33.35,2,0.0,,,
5042,2.8400,-0.1144,-0.1611,3.000,good,0.000,3.77,0,0,0,0,29.51,3,0.0,,,
5043,2.8400,-0.1142,-0.0897,2.980,good,0.000,1.97,0,0,0,0,29.87,3,0.0,,,
5044,2.8400,-0.1125,0.0578,3.000,good,0.000,1.99,0,0,0,0,28.79,3,0.0,,,
5053,2.8400,-0.1199,0.0874,3.000,good,0.000,3.40,0,0,0,0,31.20,2,0.0,,,
5054,2.8400,-0.1184,0.0314,3.002,good,0.000,2.20,0,0,0,0,30.63,2,0.0,,,
5062,2.8400,-0.1069,-0.0966,3.000,good,0.000,1.94,0,0,0,0,26.83,1,0.0,,,
5047,2.8440,-0.1380,-0.0257,3.000,good,0.006,4.84,0,0,0,0,30.62,1,0.0,,,
5048,2.8440,-0.1133,0.1822,2.987,good,0.468,5.42,0,0,0,0,30.57,3,0.0,,,
5049,2.8440,-0.1140,-0.1302,2.826,good,0.007,2.26,0,0,0,0,34.83,3,0.0,,,
5050,2.8440,-0.1278,0.0523,2.186,black,1.000,51.85,1,1,1,0,59.25,2,3.2,38,,
5051,2.8440,-0.1101,-0.1835,2.996,good,0.000,2.25,0,0,0,0,29.12,3,0.0,,,
5052,2.8440,-0.1105,0.2199,2.993,good,0.000,2.53,0,0,0,0,29.28,3,0.0,,,
5058,2.8440,-0.1182,-0.2137,3.030,good,0.090,8.65,0,0,0,0,30.91,2,0.0,,,
5059,2.8440,-0.1176,-0.1981,3.010,insect,1.000,4.87,1,1,1,0,31.16,2,3.1,6,5125,5125
5060,2.8440,-0.1177,0.1951,3.006,good,0.000,3.48,0,0,0,0,31.23,2,0.0,,,
5061,2.8440,-0.1146,-0.0565,3.123,faded,0.803,4.62,1,1,1,0,27.52,2,3.2,24,5090|5112,5090
5069,2.8440,-0.1190,0.0489,3.000,black,1.000,51.85,1,1,1,0,31.79,1,3.2,38,5003,
5070,2.8440,-0.1137,-0.0110,3.000,good,0.002,4.96,0,0,0,0,29.98,1,0.0,,,
5055,2.8480,-0.1148,0.1058,3.000,good,0.000,2.13,0,0,0,0,30.46,3,0.0,,,
5056,2.8480,-0.1104,-0.0170,2.773,good,0.096,9.97,0,0,0,0,34.65,3,0.0,,,
5057,2.8480,-0.1077,-0.0335,3.257,good,0.003,3.59,0,0,0,0,22.49,3,0.0,,,
5066,2.8480,-0.1189,0.0002,2.963,good,0.000,2.39,0,0,0,0,32.61,2,0.0,,,
5067,2.8480,-0.1190,0.0253,3.001,good,0.000,2.58,0,0,0,0,31.65,2,0.0,,,
5068,2.8480,-0.1154,0.2137,3.092,good,0.158,5.27,0,0,0,0,28.28,2,0.0,,,
5080,2.8480,-0.1168,-0.0426,3.000,good,0.000,1.46,0,0,0,0,30.89,1,0.0,,,
5081,2.8480,-0.1015,-0.0037,3.000,good,0.003,4.96,0,0,0,0,25.78,1,0.0,,,
5063,2.8520,-0.1152,-0.1395,2.993,good,0.002,3.77,0,0,0,0,32.26,3,0.0,,,
5064,2.8520,-0.1256,-0.2175,2.755,black,1.000,51.96,1,1,1,0,38.19,2,3.2,4|3,,
5065,2.8520,-0.1112,-0.0429,2.649,good,0.000,2.39,0,0,0,0,39.95,3,0.0,,,
5078,2.8520,-0.1196,-0.0155,2.408,faded,0.592,6.49,1,1,1,0,51.32,2,3.2,30|29,5097,
5079,2.8520,-0.1100,0.0980,3.450,husk,0.924,55.33,1,1,1,0,20.94,2,2.4,44,4996,
5089,2.8520,-0.1146,-0.2141,3.000,black,1.000,51.92,1,1,1,0,31.60,1,3.2,4,5079,
5090,2.8520,-0.1119,-0.0189,3.000,good,0.001,2.51,0,0,0,0,30.69,1,0.0,,,
5091,2.8520,-0.1016,0.0449,3.000,black,1.000,51.94,1,1,1,0,27.24,1,3.2,37,5003,
5071,2.8560,-0.1132,0.0278,3.072,good,0.001,2.31,0,0,0,0,30.45,3,0.0,,,
5072,2.8560,-0.1142,-0.0466,2.760,good,0.002,3.41,0,0,0,0,38.61,3,0.0,,,
5073,2.8560,-0.1110,-0.1001,2.996,good,0.027,3.73,0,0,0,0,31.38,3,0.0,,,
5074,2.8560,-0.1074,0.0613,3.339,good,0.000,2.22,0,0,0,0,23.01,3,0.0,,,
5075,2.8560,-0.1105,0.0925,2.995,good,0.000,1.73,0,0,0,0,31.10,3,0.0,,,
5076,2.8560,-0.1105,-0.0007,3.010,good,0.000,1.84,0,0,0,0,30.72,3,0.0,,,
5077,2.8560,-0.1225,-0.1426,2.954,good,0.034,5.28,0,0,0,0,32.10,2,0.0,,,
5087,2.8560,-0.1188,-0.1436,3.450,good,0.001,1.83,0,0,0,0,24.14,2,0.0,,,
5088,2.8560,-0.1184,0.1502,2.994,good,0.000,4.61,0,0,0,0,33.65,2,0.0,,,
5096,2.8560,-0.1107,-0.1384,3.000,good,0.003,7.14,0,0,0,0,30.92,1,0.0,,,
5082,2.8600,-0.1153,-0.2318,2.988,good,0.007,4.92,0,0,0,0,31.68,3,0.0,,,
5083,2.8600,-0.1107,-0.0560,2.968,good,0.000,3.44,0,0,0,0,30.54,3,0.0,,,
5084,2.8600,-0.1082,-0.1774,3.319,good,0.011,3.59,0,0,0,0,22.26,3,0.0,,,
5085,2.8600,-0.1102,0.2329,3.009,good,0.000,3.76,0,0,0,0,29.35,3,0.0,,,
5086,2.8600,-0.1091,0.1887,3.019,good,0.000,3.38,0,0,0,0,28.70,3,0.0,,,
5095,2.8600,-0.1100,-0.1570,3.450,good,0.000,3.28,0,0,0,0,20.29,2,0.0,,,
5092,2.8640,-0.1141,-0.1236,2.993,good,0.000,2.91,0,0,0,0,39.54,3,0.0,,,
5093,2.8640,-0.1124,-0.1609,2.870,faded,0.701,6.92,1,1,1,0,41.99,3,3.2,11,5136,5136
5094,2.8640,-0.1124,0.1564,2.920,good,0.000,3.85,0,0,0,0,40.61,3,0.0,,,
5100,2.8640,-0.1182,0.1427,3.450,good,0.000,3.45,0,0,0,0,31.10,2,0.0,,,
5101,2.8640,-0.1158,0.1831,3.450,sour,1.000,11.44,1,1,1,0,30.37,2,3.2,55,5204,
5102,2.8640,-0.1159,-0.0978,3.000,black,1.000,49.88,1,1,1,0,39.70,2,3.2,19,5147,5147
5097,2.8680,-0.1148,-0.1875,3.000,insect,1.000,8.50,1,1,1,0,30.32,3,3.1,8|7,5114,5114
5098,2.8680,-0.1095,0.0226,3.285,faded,1.000,5.84,1,1,1,0,22.42,3,3.2,34|35,5182,
5099,2.8680,-0.1086,-0.0134,3.000,good,0.000,2.84,0,0,0,0,28.11,3,0.0,,,
5109,2.8680,-0.1177,0.0632,3.050,good,0.002,4.08,0,0,0,0,29.92,2,0.0,,,
5110,2.8680,-0.1176,0.2313,2.992,good,0.112,4.37,0,0,0,0,31.21,2,0.0,,,
5111,2.8680,-0.1165,-0.1323,3.010,good,0.000,1.78,0,0,0,0,30.41,2,0.0,,,
5112,2.8680,-0.1160,0.1662,3.116,good,0.000,2.34,0,0,0,0,27.75,2,0.0,,,
5118,2.8680,-0.1005,0.1869,3.000,sour,1.000,11.08,1,1,1,0,25.26,1,3.2,55|56,5204,
5103,2.8720,-0.1145,0.0716,2.994,good,0.004,4.65,0,0,0,0,41.06,3,0.0,,,
5104,2.8720,-0.1120,-0.1181,3.005,good,0.002,10.28,0,0,0,0,39.92,3,0.0,,,
5105,2.8720,-0.1386,-0.0866,3.000,good,0.155,10.20,0,0,0,0,40.91,1,0.0,,,
5106,2.8720,-0.1142,0.1950,2.985,faded,0.884,3.39,1,1,1,0,41.08,3,3.2,56|57,5144,5144
5107,2.8720,-0.1233,0.1159,2.219,good,0.047,3.43,0,0,0,0,65.86,2,0.0,,,
5108,2.8720,-0.1082,0.1570,2.988,good,0.000,3.33,0,0,0,0,38.86,3,0.0,,,
5116,2.8720,-0.1173,-0.1801,3.093,good,0.004,5.57,0,0,0,0,39.38,2,0.0,,,
5117,2.8720,-0.1276,-0.0835,3.000,good,0.016,10.18,0,0,0,0,41.00,1,0.0,,,
5125,2.8720,-0.1166,-0.0803,3.000,good,0.003,10.08,0,0,0,0,41.33,1,0.0,,,
5126,2.8720,-0.1145,0.1131,3.000,good,0.078,3.44,0,0,0,0,40.60,1,0.0,,,
5113,2.8760,-0.1270,0.1342,3.450,good,0.227,9.96,0,0,0,0,23.96,2,0.0,,,
5114,2.8760,-0.1092,-0.0734,3.292,good,0.121,8.38,0,0,0,0,25.65,3,0.0,,,
5115,2.8760,-0.1095,-0.2074,3.005,good,0.000,2.16,0,0,0,0,31.76,3,0.0,,,
5122,2.8760,-0.1188,-0.0194,2.965,black,1.000,55.75,1,1,1,0,35.80,2,3.2,29,5178,5178
5123,2.8760,-0.1175,-0.2277,2.995,insect,1.000,2.99,1,1,1,0,34.59,2,3.1,2|3,5126,5126
5124,2.8760,-0.1171,0.2378,2.995,good,0.007,3.34,0,0,0,0,34.38,2,0.0,,,
5138,2.8760,-0.1125,0.1304,3.000,good,0.030,12.47,0,0,0,0,32.74,1,0.0,,,
5119,2.8800,-0.1099,-0.0788,3.277,husk,1.000,12.15,1,1,1,0,25.87,3,2.4,21|22,5146,
5120,2.8800,-0.1102,-0.1563,2.911,good,0.001,2.83,0,0,0,0,33.97,3,0.0,,,
5121,2.8800,-0.1080,0.1109,3.026,good,0.000,2.75,0,0,0,0,30.43,3,0.0,,,
5132,2.8800,-0.1180,-0.0373,2.999,good,0.005,3.57,0,0,0,0,34.37,2,0.0,,,
5133,2.8800,-0.1184,0.0794,2.768,sour,1.000,13.08,1,1,1,0,40.51,2,3.2,42|41,5180,
5134,2.8800,-0.1160,-0.1109,2.945,good,0.001,2.56,0,0,0,0,34.90,2,0.0,,,
5135,2.8800,-0.1173,0.0370,2.983,good,0.000,2.66,0,0,0,0,34.37,2,0.0,,,
5136,2.8800,-0.1161,0.2020,2.999,good,0.000,2.36,0,0,0,0,33.56,2,0.0,,,
5137,2.8800,-0.1162,0.0915,2.994,good,0.000,2.76,0,0,0,0,33.65,2,0.0,,,
5127,2.8840,-0.1138,-0.0981,2.996,good,0.004,2.60,0,0,0,0,33.04,3,0.0,,,
5128,2.8840,-0.1119,0.0446,2.984,sour,1.000,15.05,1,1,1,0,32.66,3,3.2,37,5157,
5129,2.8840,-0.1120,0.1081,3.000,good,0.000,2.99,0,0,0,0,32.24,3,0.0,,,
5130,2.8840,-0.1115,0.2149,2.986,good,0.019,3.90,0,0,0,0,32.39,3,0.0,,,
5131,2.8840,-0.1111,0.0135,2.966,faded,1.000,5.14,1,1,1,0,32.68,3,3.2,33,5148,5148
5142,2.8840,-0.1188,0.0646,3.004,good,0.000,2.81,0,0,0,0,34.28,2,0.0,,,
5143,2.8840,-0.1164,0.0836,2.991,good,0.005,8.42,0,0,0,0,33.77,2,0.0,,,
5154,2.8840,-0.1184,0.2079,3.000,good,0.004,6.77,0,0,0,0,34.20,1,0.0,,,
5139,2.8880,-0.1164,0.1284,2.835,good,0.002,2.44,0,0,0,0,37.58,3,0.0,,,
5140,2.8880,-0.1104,-0.1639,2.963,good,0.420,8.13,0,0,0,0,32.19,3,0.0,,,
5141,2.8880,-0.1078,0.2176,3.450,good,0.000,2.41,0,0,0,0,21.37,3,0.0,,,
5149,2.8880,-0.1186,0.0984,3.316,good,0.001,2.37,0,0,0,0,26.98,2,0.0,,,
5150,2.8880,-0.1183,-0.1711,2.995,insect,1.000,3.01,1,1,1,0,33.91,2,3.1,10|9,5217,5217
5151,2.8880,-0.1170,-0.1248,3.038,good,0.000,8.97,0,0,0,0,32.41,2,0.0,,,
5152,2.8880,-0.1180,-0.0925,3.066,good,0.003,2.84,0,0,0,0,32.06,2,0.0,,,
5153,2.8880,-0.1190,0.2038,2.523,good,0.000,3.05,0,0,0,0,47.73,2,0.0,,,
5144,2.8920,-0.1148,0.0226,2.852,good,0.000,3.86,0,0,0,0,45.33,3,0.0,,,
5145,2.8920,-0.1150,-0.0147,2.935,good,0.001,3.06,0,0,0,0,43.20,3,0.0,,,
5146,2.8920,-0.1130,-0.0857,3.002,good,0.002,2.36,0,0,0,0,40.84,3,0.0,,,
5147,2.8920,-0.1092,-0.0698,3.016,good,0.002,3.19,0,0,0,0,39.19,3,0.0,,,
5148,2.8920,-0.1081,-0.2022,3.041,good,0.000,4.74,0,0,0,0,38.21,3,0.0,,,
5155,2.8960,-0.1387,0.0378,3.000,good,0.538,10.48,1,1,1,0,31.14,1,4.5,36|37,,
5156,2.8960,-0.1135,-0.0208,2.995,good,0.000,2.15,0,0,0,0,30.68,3,0.0,,,
5157,2.8960,-0.1124,0.1598,3.031,good,0.000,2.41,0,0,0,0,29.44,3,0.0,,,
5158,2.8960,-0.1084,-0.2389,3.000,good,0.380,4.18,0,0,0,0,28.76,3,0.0,,,
5159,2.8960,-0.1085,0.1397,2.992,good,0.000,4.80,0,0,0,0,28.98,3,0.0,,,
5161,2.8960,-0.1183,-0.0446,3.400,good,0.001,6.47,0,0,0,0,23.44,2,0.0,,,
5162,2.8960,-0.1195,0.1709,3.050,good,0.006,3.99,0,0,0,0,31.15,2,0.0,,,
5163,2.8960,-0.1195,0.0969,2.924,good,0.001,2.19,0,0,0,0,34.22,2,0.0,,,
5164,2.8960,-0.1182,0.2063,2.986,good,0.000,2.25,0,0,0,0,32.20,2,0.0,,,
5165,2.8960,-0.1159,0.2230,3.001,insect,1.000,4.22,1,1,1,0,31.01,2,3.1,60,5211,5211
5166,2.8960,-0.1203,0.0388,3.000,stone,0.662,10.69,1,1,1,0,28.51,1,5.2,36|37,,
5172,2.8960,-0.1151,-0.2028,3.000,good,0.014,5.51,0,0,0,0,30.76,1,0.0,,,
5173,2.8960,-0.1019,0.0399,3.000,good,0.481,10.67,0,0,0,0,26.37,1,0.0,,,
5160,2.9000,-0.1121,-0.1993,2.697,good,0.003,6.86,0,0,0,0,38.57,3,0.0,,,
5169,2.9000,-0.1307,0.1072,3.000,stone,1.000,9.77,1,1,1,0,32.81,1,9.1,45|46|44,,
5170,2.9000,-0.1115,0.1508,3.450,good,0.000,2.90,0,0,0,0,21.13,2,0.0,,,
5171,2.9000,-0.1053,0.1096,3.450,good,0.006,3.51,0,0,0,0,19.32,2,0.0,,,
5167,2.9040,-0.1138,-0.0357,3.004,good,0.000,2.66,0,0,0,0,28.17,3,0.0,,,
5168,2.9040,-0.1114,0.0219,3.002,good,0.000,4.04,0,0,0,0,27.38,3,0.0,,,
5177,2.9040,-0.1195,-0.0650,3.086,sour,1.000,16.73,1,1,1,0,28.04,2,3.2,23,5193,5193
5178,2.9040,-0.1153,-0.2038,2.839,good,0.056,5.42,0,0,0,0,32.70,2,0.0,,,
5179,2.9040,-0.1165,0.0874,2.986,good,0.000,4.34,0,0,0,0,29.30,2,0.0,,,
5180,2.9040,-0.1202,0.1013,3.000,stone,1.000,9.70,1,1,1,0,26.21,1,9.1,44|45|43,,
5192,2.9040,-0.1097,0.0955,3.000,stone,1.000,9.62,1,1,1,0,26.70,1,9.1,44|43|45,5326,
5193,2.9040,-0.1003,-0.1961,3.000,good,0.000,1.85,0,0,0,0,23.55,1,0.0,,,
5174,2.9080,-0.1161,-0.1284,3.008,good,0.000,2.41,0,0,0,0,28.68,3,0.0,,,
5175,2.9080,-0.1150,0.1994,2.483,good,0.002,8.59,0,0,0,0,43.39,3,0.0,,,
5176,2.9080,-0.1183,0.0561,2.174,good,0.001,3.31,0,0,0,0,57.19,3,0.0,,,
5188,2.9080,-0.1193,-0.0874,3.156,good,0.001,1.87,0,0,0,0,26.20,2,0.0,,,
5189,2.9080,-0.1180,0.0891,2.979,good,0.000,3.98,0,0,0,0,29.88,2,0.0,,,
5190,2.9080,-0.1169,0.1263,3.294,good,0.000,2.61,0,0,0,0,22.52,2,0.0,,,
5191,2.9080,-0.1137,0.0467,3.450,good,0.013,3.57,0,0,0,0,18.57,2,0.0,,,
5201,2.9080,-0.1051,-0.2127,3.000,good,0.000,2.23,0,0,0,0,24.98,1,0.0,,,
5181,2.9120,-0.1357,0.2017,3.000,good,0.015,7.44,0,0,0,0,28.66,1,0.0,,,
5182,2.9120,-0.1142,0.0129,2.997,good,0.000,3.89,0,0,0,0,29.43,3,0.0,,,
5183,2.9120,-0.1131,-0.0052,2.993,good,0.000,3.22,0,0,0,0,29.11,3,0.0,,,
5184,2.9120,-0.1125,-0.1626,2.975,good,0.006,3.66,0,0,0,0,29.33,3,0.0,,,
5185,2.9120,-0.1102,0.1395,3.001,good,0.000,1.44,0,0,0,0,27.89,3,0.0,,,
5186,2.9120,-0.1111,0.1706,3.020,good,0.004,2.49,0,0,0,0,27.70,3,0.0,,,
5187,2.9120,-0.1105,-0.0602,3.001,good,0.003,2.62,0,0,0,0,27.89,3,0.0,,,
5197,2.9120,-0.1189,-0.1562,3.450,broken,1.000,14.20,1,1,1,0,21.15,2,2.4,12|11,5297,
5198,2.9120,-0.1185,-0.0436,3.011,good,0.002,3.09,0,0,0,0,30.20,2,0.0,,,
5199,2.9120,-0.1164,-0.1977,3.001,good,0.000,1.54,0,0,0,0,29.70,2,0.0,,,
5200,2.9120,-0.1172,0.1997,2.876,good,0.030,6.05,0,0,0,0,33.08,2,0.0,,,
5194,2.9160,-0.1138,-0.1472,3.214,good,0.001,1.98,0,0,0,0,22.90,3,0.0,,,
5195,2.9160,-0.1145,0.1174,3.002,good,0.379,3.44,0,0,0,0,27.77,3,0.0,,,
5196,2.9160,-0.1096,-0.2383,3.186,good,0.003,2.50,0,0,0,0,22.04,3,0.0,,,
5206,2.9160,-0.1182,-0.0450,3.001,good,0.000,2.08,0,0,0,0,28.93,2,0.0,,,
5207,2.9160,-0.1177,0.0024,3.116,good,0.025,9.46,0,0,0,0,26.07,2,0.0,,,
5208,2.9160,-0.1164,-0.1607,3.104,good,0.002,2.20,0,0,0,0,25.89,2,0.0,,,
5209,2.9160,-0.1170,-0.0780,2.971,good,0.216,3.04,0,0,0,0,29.16,2,0.0,,,
5202,2.9200,-0.1109,0.0692,3.022,good,0.003,5.97,0,0,0,0,29.38,3,0.0,,,
5203,2.9200,-0.1179,-0.1704,2.421,good,0.001,3.54,0,0,0,0,49.53,3,0.0,,,
5204,2.9200,-0.1101,0.0257,2.992,good,0.000,1.86,0,0,0,0,29.71,3,0.0,,,
5205,2.9200,-0.1100,0.1303,3.000,good,0.000,2.46,0,0,0,0,29.48,3,0.0,,,
5210,2.9200,-0.1195,0.2349,3.013,good,0.000,5.01,0,0,0,0,32.28,2,0.0,,,
5211,2.9200,-0.1193,0.0315,2.975,good,0.002,2.07,0,0,0,0,33.09,2,0.0,,,
5212,2.9200,-0.1187,-0.1411,2.940,insect,1.000,5.20,1,1,1,0,33.76,2,3.1,13|14,5260,5260
5213,2.9200,-0.1168,-0.0675,3.002,good,0.035,7.31,0,0,0,0,31.52,2,0.0,,,
5218,2.9240,-0.1199,-0.1394,3.450,good,0.003,7.68,0,0,0,0,24.35,2,0.0,,,
5214,2.9280,-0.1196,0.0322,2.304,good,0.001,3.86,0,0,0,0,54.19,3,0.0,,,
5215,2.9280,-0.1390,0.0818,3.000,good,0.004,3.25,0,0,0,0,30.49,1,0.0,,,
5216,2.9280,-0.1105,-0.0914,3.055,good,0.000,2.41,0,0,0,0,27.69,3,0.0,,,
5217,2.9280,-0.1112,-0.1252,2.904,good,0.039,3.71,0,0,0,0,31.46,3,0.0,,,
5219,2.9280,-0.1068,0.0852,2.982,good,0.001,4.95,0,0,0,0,28.03,3,0.0,,,
5221,2.9280,-0.1191,-0.0799,3.007,good,0.285,9.14,0,0,0,0,31.53,2,0.0,,,
5233,2.9280,-0.1060,-0.1435,3.000,good,0.004,9.84,0,0,0,0,27.30,1,0.0,,,
5220,2.9320,-0.1407,0.0142,3.000,good,0.004,9.50,0,0,0,0,32.81,1,0.0,,,
5222,2.9320,-0.1087,0.0547,3.029,good,0.000,2.88,0,0,0,0,29.37,3,0.0,,,
5223,2.9320,-0.1105,0.0191,2.738,good,0.476,11.72,0,0,0,0,37.28,3,0.0,,,
5230,2.9320,-0.1170,-0.2349,3.010,good,0.000,2.00,0,0,0,0,32.45,2,0.0,,,
5231,2.9320,-0.1163,-0.0070,3.023,good,0.008,2.13,0,0,0,0,31.89,2,0.0,,,
5232,2.9320,-0.1164,-0.0600,3.028,good,0.022,3.36,0,0,0,0,31.74,2,0.0,,,
5224,2.9360,-0.1139,-0.0562,2.998,good,0.072,3.02,0,0,0,0,29.70,3,0.0,,,
5225,2.9360,-0.1147,0.0308,3.018,good,0.057,2.95,0,0,0,0,29.41,3,0.0,,,
5226,2.9360,-0.1115,0.1926,3.025,good,0.002,2.47,0,0,0,0,28.15,3,0.0,,,
5227,2.9360,-0.1117,0.2397,2.997,good,0.001,2.70,0,0,0,0,28.81,3,0.0,,,
5228,2.9360,-0.1136,0.2145,2.630,good,0.005,4.24,0,0,0,0,39.37,3,0.0,,,
5229,2.9360,-0.1140,-0.1386,2.267,good,0.008,7.83,0,0,0,0,52.51,3,0.0,,,
5239,2.9360,-0.1190,-0.1755,3.008,good,0.001,3.25,0,0,0,0,30.89,2,0.0,,,
5240,2.9360,-0.1196,0.0875,3.004,good,0.001,4.01,0,0,0,0,31.15,2,0.0,,,
5241,2.9360,-0.1178,0.1085,3.420,good,0.001,3.40,0,0,0,0,21.71,2,0.0,,,
5242,2.9360,-0.1285,-0.1431,3.000,good,0.001,2.80,0,0,0,0,30.16,1,0.0,,,
5234,2.9400,-0.1112,0.1381,3.002,good,0.000,2.64,0,0,0,0,29.18,3,0.0,,,
5235,2.9400,-0.1095,0.0416,3.000,broken,0.977,3.37,1,1,1,0,28.60,3,2.4,37,5256,
5236,2.9400,-0.1328,0.1811,3.000,good,0.000,3.27,0,0,0,0,28.34,1,0.0,,,
5237,2.9400,-0.1325,0.1729,3.000,good,0.000,3.45,0,0,0,0,28.22,1,0.0,,,
5238,2.9400,-0.1083,-0.0121,2.991,good,0.000,3.49,0,0,0,0,28.31,3,0.0,,,
5248,2.9400,-0.1079,0.1764,3.087,good,0.007,8.49,0,0,0,0,25.99,2,0.0,,,
5256,2.9400,-0.1159,0.1838,3.000,good,0.001,2.57,0,0,0,0,30.61,1,0.0,,,
5257,2.9400,-0.1041,0.1053,3.000,good,0.000,3.39,0,0,0,0,26.67,1,0.0,,,
5258,2.9400,-0.1031,0.2179,3.000,good,0.003,4.13,0,0,0,0,26.33,1,0.0,,,
5243,2.9440,-0.1142,-0.0879,3.130,good,0.000,2.57,0,0,0,0,27.59,3,0.0,,,
5244,2.9440,-0.1143,0.0182,3.034,good,0.004,2.10,0,0,0,0,29.73,3,0.0,,,
5245,2.9440,-0.1131,-0.1630,2.994,good,0.000,2.63,0,0,0,0,30.20,3,0.0,,,
5246,2.9440,-0.1078,-0.0143,3.280,good,0.015,7.29,0,0,0,0,22.34,3,0.0,,,
5247,2.9440,-0.1321,0.1866,3.000,good,0.003,2.69,0,0,0,0,28.35,1,0.0,,,
5253,2.9440,-0.1200,-0.1171,3.002,good,0.004,2.93,0,0,0,0,32.22,2,0.0,,,
5254,2.9440,-0.1170,0.1288,3.009,good,0.001,3.01,0,0,0,0,31.02,2,0.0,,,
5255,2.9440,-0.1186,0.2012,3.067,good,0.003,3.53,0,0,0,0,30.15,2,0.0,,,
5269,2.9440,-0.1175,-0.0035,3.000,broken,0.998,8.99,1,1,1,0,31.38,1,2.4,31,5315,
5270,2.9440,-0.1144,-0.0236,3.000,good,0.004,2.93,0,0,0,0,30.33,1,0.0,,,
5249,2.9480,-0.1119,-0.0484,2.982,good,0.013,7.65,0,0,0,0,29.50,3,0.0,,,
5250,2.9480,-0.1369,-0.1487,3.000,good,0.004,2.59,0,0,0,0,29.41,1,0.0,,,
5251,2.9480,-0.1086,-0.1989,3.094,good,0.043,8.46,0,0,0,0,25.82,3,0.0,,,
5252,2.9480,-0.1123,0.0110,2.698,good,0.000,2.63,0,0,0,0,37.00,3,0.0,,,
5264,2.9480,-0.1178,-0.0966,2.028,good,0.005,6.80,0,0,0,0,65.71,2,0.0,,,
5265,2.9480,-0.1169,0.0556,3.219,good,0.001,2.94,0,0,0,0,25.61,2,0.0,,,
5266,2.9480,-0.1180,0.1214,2.996,good,0.000,3.08,0,0,0,0,30.97,2,0.0,,,
5267,2.9480,-0.1122,0.0633,3.223,sour,1.000,13.48,1,1,1,0,23.98,2,3.2,40|39,5313,
5268,2.9480,-0.1248,-0.1534,3.000,good,0.001,2.46,0,0,0,0,29.05,1,0.0,,,
5277,2.9480,-0.1186,-0.1993,3.000,good,0.002,5.82,0,0,0,0,30.99,1,0.0,,,
5278,2.9480,-0.1126,-0.1580,3.000,good,0.003,3.02,0,0,0,0,28.99,1,0.0,,,
5279,2.9480,-0.1063,0.1968,3.000,good,0.005,3.26,0,0,0,0,26.88,1,0.0,,,
5280,2.9480,-0.1033,-0.0283,3.000,good,0.005,2.90,0,0,0,0,25.87,1,0.0,,,
5259,2.9520,-0.1158,-0.1356,2.996,good,0.001,1.89,0,0,0,0,29.08,3,0.0,,,
5260,2.9520,-0.1133,0.1861,2.998,good,0.027,2.41,0,0,0,0,28.13,3,0.0,,,
5261,2.9520,-0.1146,0.0408,2.925,good,0.002,8.66,0,0,0,0,30.32,3,0.0,,,
5262,2.9520,-0.1119,-0.0768,3.101,good,0.003,2.67,0,0,0,0,25.21,3,0.0,,,
5263,2.9520,-0.1106,0.1095,3.007,good,0.000,1.76,0,0,0,0,26.89,3,0.0,,,
5275,2.9520,-0.1184,-0.0148,3.019,shell,1.000,10.34,1,1,1,0,29.15,2,2.4,30|29,5279,5279
5276,2.9520,-0.1176,-0.0599,3.003,good,0.000,2.21,0,0,0,0,29.20,2,0.0,,,
5292,2.9520,-0.1005,-0.1626,3.000,good,0.002,2.51,0,0,0,0,23.56,1,0.0,,,
5271,2.9560,-0.1149,-0.0060,3.033,good,0.000,2.77,0,0,0,0,30.35,3,0.0,,,
5272,2.9560,-0.1229,-0.1122,3.235,faded,0.999,6.94,1,1,1,0,24.32,2,3.2,17,,
5273,2.9560,-0.1118,-0.0715,2.998,good,0.012,2.52,0,0,0,0,29.99,3,0.0,,,
5274,2.9560,-0.1090,-0.0990,2.991,good,0.001,2.53,0,0,0,0,29.22,3,0.0,,,
5287,2.9560,-0.1178,0.0197,3.006,good,0.000,2.30,0,0,0,0,31.73,2,0.0,,,
5288,2.9560,-0.1159,-0.1761,2.995,good,0.011,11.45,0,0,0,0,31.32,2,0.0,,,
5289,2.9560,-0.1180,0.1268,2.791,good,0.001,15.39,0,0,0,0,37.29,2,0.0,,,
5290,2.9560,-0.1149,0.0707,3.450,good,0.000,2.59,0,0,0,0,21.43,2,0.0,,,
5291,2.9560,-0.1272,-0.2432,3.000,stone,1.000,9.10,1,1,1,0,30.89,1,9.1,0|1|-1,,
5296,2.9560,-0.1099,-0.1084,3.000,faded,0.999,6.83,1,1,1,0,29.10,1,3.2,18|17,5322,
5297,2.9560,-0.1074,-0.2443,3.000,stone,1.000,10.12,1,1,1,0,28.25,1,9.1,0|1|-1,5301,
5298,2.9560,-0.1029,0.0374,3.000,good,0.003,8.68,0,0,0,0,26.74,1,0.0,,,
5281,2.9600,-0.1162,0.1595,2.813,good,0.001,2.42,0,0,0,0,36.34,3,0.0,,,
5282,2.9600,-0.1148,0.2092,3.024,good,0.003,2.39,0,0,0,0,30.45,3,0.0,,,
5283,2.9600,-0.1232,0.1153,3.272,good,0.000,2.91,0,0,0,0,23.61,2,0.0,,,
5284,2.9600,-0.1112,0.0113,3.046,sour,1.000,23.58,1,1,1,0,28.67,3,3.2,33,5327,5327
5285,2.9600,-0.1095,-0.2034,3.083,good,0.000,2.90,0,0,0,0,27.24,3,0.0,,,
5286,2.9600,-0.1085,-0.0323,3.086,good,0.000,7.61,0,0,0,0,26.82,3,0.0,,,
5303,2.9600,-0.1102,0.1113,3.000,good,0.000,3.01,0,0,0,0,29.29,1,0.0,,,
5293,2.9640,-0.1129,-0.1649,2.764,good,0.000,2.03,0,0,0,0,36.98,3,0.0,,,
5294,2.9640,-0.1110,-0.0612,3.052,good,0.003,3.17,0,0,0,0,29.05,3,0.0,,,
5295,2.9640,-0.1091,-0.1323,2.999,good,0.000,2.90,0,0,0,0,29.61,3,0.0,,,
5299,2.9680,-0.1127,0.1942,3.067,good,0.037,6.48,0,0,0,0,38.61,3,0.0,,,
5300,2.9680,-0.1126,0.1282,2.992,good,0.034,2.32,0,0,0,0,40.20,3,0.0,,,
5301,2.9680,-0.1119,-0.2381,2.685,good,0.001,2.65,0,0,0,0,48.04,3,0.0,,,
5302,2.9680,-0.1081,-0.0381,2.994,good,0.001,4.33,0,0,0,0,38.59,3,0.0,,,
5304,2.9720,-0.1102,0.1507,3.013,black,1.000,48.68,1,1,1,0,28.18,3,3.2,51,5345,
5305,2.9720,-0.1082,-0.0327,3.000,good,0.000,1.45,0,0,0,0,27.72,3,0.0,,,
5310,2.9720,-0.1187,-0.1154,2.970,faded,0.591,13.36,1,1,1,0,31.90,2,3.1,17,5298|5337|5356,5298|5337
5311,2.9720,-0.1192,-0.2024,2.999,good,0.006,2.79,0,0,0,0,31.29,2,0.0,,,
5312,2.9720,-0.1197,0.0497,2.635,good,0.006,7.01,0,0,0,0,41.54,2,0.0,,,
5313,2.9720,-0.1180,-0.2166,3.002,good,0.001,3.47,0,0,0,0,30.77,2,0.0,,,
5306,2.9760,-0.1139,-0.0716,3.010,faded,1.000,5.17,1,1,1,0,41.32,3,3.2,22|23,5323,5323
5307,2.9760,-0.1122,0.2131,3.095,good,0.210,9.37,0,0,0,0,38.74,3,0.0,,,
5308,2.9760,-0.1122,-0.1958,2.987,good,0.000,2.29,0,0,0,0,41.19,3,0.0,,,
5309,2.9760,-0.1112,-0.1452,3.029,good,0.000,3.57,0,0,0,0,39.84,3,0.0,,,
5317,2.9760,-0.1195,-0.1289,3.007,good,0.000,2.33,0,0,0,0,43.05,2,0.0,,,
5318,2.9760,-0.1188,-0.0107,2.856,good,0.001,3.86,0,0,0,0,46.64,2,0.0,,,
5327,2.9760,-0.1098,-0.1114,3.000,good,0.000,2.55,0,0,0,0,39.95,1,0.0,,,
5328,2.9760,-0.1048,-0.1188,3.000,sour,0.990,11.10,1,1,1,0,38.27,1,3.2,16,5337|5356,5337
5314,2.9800,-0.1116,-0.1639,3.063,good,0.000,2.85,0,0,0,0,26.49,3,0.0,,,
5315,2.9800,-0.1098,-0.1741,3.223,good,0.000,4.52,0,0,0,0,22.44,3,0.0,,,
5316,2.9800,-0.1106,-0.1179,2.709,good,0.000,3.35,0,0,0,0,35.02,3,0.0,,,
5324,2.9800,-0.1136,0.1312,2.974,good,0.047,12.16,0,0,0,0,29.10,2,0.0,,,
5326,2.9800,-0.1165,-0.2150,3.000,good,0.001,2.37,0,0,0,0,29.40,2,0.0,,,
5335,2.9800,-0.1074,-0.0065,3.000,good,0.005,3.85,0,0,0,0,26.35,1,0.0,,,
5319,2.9840,-0.1167,0.0516,3.001,good,0.000,2.03,0,0,0,0,30.73,3,0.0,,,
5320,2.9840,-0.1147,0.2187,2.979,good,0.004,5.20,0,0,0,0,30.53,3,0.0,,,
5321,2.9840,-0.1145,0.1461,2.850,good,0.011,2.31,0,0,0,0,33.67,3,0.0,,,
5322,2.9840,-0.1113,0.2042,2.751,good,0.002,2.77,0,0,0,0,35.19,3,0.0,,,
5323,2.9840,-0.1097,-0.2035,2.986,good,0.001,5.02,0,0,0,0,28.55,3,0.0,,,
5325,2.9840,-0.1084,0.0066,2.993,sour,1.000,15.10,1,1,1,0,27.93,3,3.2,32|33,5392,5392
5332,2.9840,-0.1183,-0.0808,3.033,good,0.044,6.87,0,0,0,0,30.20,2,0.0,,,
5333,2.9840,-0.1170,-0.0369,3.450,good,0.000,1.86,0,0,0,0,21.10,2,0.0,,,
5334,2.9840,-0.1128,-0.1494,3.408,good,0.000,4.35,0,0,0,0,20.60,2,0.0,,,
5329,2.9880,-0.1267,0.1488,2.746,good,0.010,2.88,0,0,0,0,39.36,2,0.0,,,
5330,2.9880,-0.1128,0.2250,3.041,good,0.000,2.10,0,0,0,0,30.74,3,0.0,,,
5331,2.9880,-0.1109,0.0148,3.003,faded,1.000,6.31,1,1,1,0,30.96,3,3.2,33|34,5419,5419
5341,2.9880,-0.1154,-0.1217,3.001,good,0.000,2.32,0,0,0,0,32.41,2,0.0,,,
5342,2.9880,-0.1253,0.1843,3.000,good,0.001,7.02,0,0,0,0,31.74,1,0.0,,,
5346,2.9880,-0.1157,0.1520,3.000,good,0.015,2.90,0,0,0,0,32.54,1,0.0,,,
5347,2.9880,-0.1096,0.1885,3.000,good,0.001,7.69,0,0,0,0,30.51,1,0.0,,,
5336,2.9920,-0.1315,-0.1064,2.284,good,0.000,11.03,0,0,0,0,57.66,2,0.0,,,
5337,2.9920,-0.1164,-0.0260,3.025,good,0.000,5.67,0,0,0,0,31.75,3,0.0,,,
5338,2.9920,-0.1139,-0.0532,2.947,good,0.000,2.23,0,0,0,0,32.77,3,0.0,,,
5339,2.9920,-0.1132,-0.1601,2.942,good,0.204,2.92,0,0,0,0,32.60,3,0.0,,,
5340,2.9920,-0.1085,0.0741,3.000,good,0.000,2.78,0,0,0,0,29.59,3,0.0,,,
5345,2.9920,-0.1186,0.1321,2.981,good,0.000,3.17,0,0,0,0,33.34,2,0.0,,,
5343,2.9960,-0.1146,0.1133,2.997,good,0.000,6.99,0,0,0,0,31.08,3,0.0,,,
5344,2.9960,-0.1128,-0.1865,2.996,broken,0.645,3.07,1,1,1,0,30.45,3,2.4,8|7,5373,5373
5354,2.9960,-0.1159,0.0832,3.033,good,0.000,2.89,0,0,0,0,30.54,2,0.0,,,
5355,2.9960,-0.1084,-0.0012,3.450,good,0.002,3.02,0,0,0,0,19.71,2,0.0,,,
5356,2.9960,-0.1132,-0.1032,2.281,good,0.000,8.54,0,0,0,0,52.71,2,0.0,,,
5348,3.0000,-0.1144,-0.1230,2.995,black,1.000,46.63,1,1,1,0,42.17,3,3.2,16,5408,5408
5349,3.0000,-0.1140,0.0417,3.004,good,0.000,3.35,0,0,0,0,41.75,3,0.0,,,
5350,3.0000,-0.1129,0.0939,2.972,faded,0.580,3.51,1,1,1,0,42.09,3,3.2,44|43,5375,5375
5351,3.0000,-0.1228,0.1579,3.188,good,0.000,3.00,0,0,0,0,36.32,2,0.0,,,
5352,3.0000,-0.1260,0.1910,2.442,good,0.006,3.04,0,0,0,0,58.91,2,0.0,,,
5353,3.0000,-0.1102,-0.0024,3.000,good,0.001,4.42,0,0,0,0,40.39,3,0.0,,,
5358,3.0000,-0.1191,0.2331,3.005,broken,0.992,3.54,1,1,1,0,43.21,2,2.4,61|62,5382,5382
5359,3.0000,-0.1180,-0.0961,3.000,black,1.000,49.18,1,1,1,0,42.91,2,3.2,19,5367,
5360,3.0000,-0.1156,-0.2057,3.016,good,0.000,1.94,0,0,0,0,41.66,2,0.0,,,
5371,3.0000,-0.1162,0.1942,3.000,good,0.034,2.99,0,0,0,0,42.25,1,0.0,,,
5372,3.0000,-0.1101,0.1548,3.000,good,0.000,2.95,0,0,0,0,40.19,1,0.0,,,
5373,3.0000,-0.1038,0.0801,3.000,good,0.000,2.91,0,0,0,0,38.09,1,0.0,,,
5374,3.0000,-0.1040,-0.1005,3.000,good,0.001,6.98,0,0,0,0,38.17,1,0.0,,,
5357,3.0040,-0.1129,0.1458,2.823,good,0.001,3.23,0,0,0,0,35.12,3,0.0,,,
5369,3.0040,-0.1192,-0.1593,3.001,good,0.000,2.09,0,0,0,0,32.68,2,0.0,,,
5370,3.0040,-0.1146,-0.1312,3.450,good,0.002,4.06,0,0,0,0,21.80,2,0.0,,,
5361,3.0080,-0.1160,0.2061,2.957,good,0.001,2.88,0,0,0,0,32.24,3,0.0,,,
5362,3.0080,-0.1115,-0.0211,3.278,faded,0.994,3.63,1,1,1,0,23.66,3,3.2,29,5444,5444
5363,3.0080,-0.1138,-0.0883,3.014,good,0.000,2.64,0,0,0,0,30.00,3,0.0,,,
5364,3.0080,-0.1117,-0.0757,3.029,faded,1.000,4.15,1,1,1,0,28.90,3,3.2,22,5432,5432
5365,3.0080,-0.1098,0.0263,3.022,good,0.001,4.15,0,0,0,0,28.39,3,0.0,,,
5366,3.0080,-0.1107,0.0664,2.992,good,0.005,2.96,0,0,0,0,29.33,3,0.0,,,
5367,3.0080,-0.1087,-0.0306,3.002,good,0.000,7.25,0,0,0,0,28.35,3,0.0,,,
5368,3.0080,-0.1078,0.0434,3.179,good,0.000,3.20,0,0,0,0,24.18,3,0.0,,,
5378,3.0080,-0.1153,0.0414,3.450,good,0.056,3.63,0,0,0,0,21.18,2,0.0,,,
5375,3.0120,-0.1138,-0.2100,2.998,good,0.001,2.51,0,0,0,0,30.12,3,0.0,,,
5376,3.0120,-0.1119,0.1976,3.089,good,0.000,4.11,0,0,0,0,27.35,3,0.0,,,
5377,3.0120,-0.1102,0.0822,2.997,good,0.020,2.73,0,0,0,0,28.86,3,0.0,,,
5383,3.0120,-0.1146,0.0523,3.450,good,0.250,3.58,0,0,0,0,20.89,2,0.0,,,
5384,3.0120,-0.1174,-0.1055,3.032,good,0.012,3.41,0,0,0,0,30.36,2,0.0,,,
5385,3.0120,-0.1173,-0.1604,2.995,good,0.106,2.33,0,0,0,0,31.16,2,0.0,,,
5386,3.0120,-0.1169,-0.0569,2.914,good,0.005,5.89,0,0,0,0,32.99,2,0.0,,,
5379,3.0160,-0.1146,-0.2335,3.047,good,0.000,4.08,0,0,0,0,29.29,3,0.0,,,
5380,3.0160,-0.1122,-0.0925,3.001,good,0.000,3.12,0,0,0,0,29.49,3,0.0,,,
5381,3.0160,-0.1124,-0.1148,3.007,good,0.000,2.65,0,0,0,0,29.40,3,0.0,,,
5382,3.0160,-0.1349,0.0099,3.000,good,0.013,3.82,0,0,0,0,29.06,1,0.0,,,
5394,3.0160,-0.1197,0.2288,3.450,good,0.000,2.36,0,0,0,0,22.40,2,0.0,,,
5395,3.0160,-0.1176,0.1183,3.006,good,0.002,2.57,0,0,0,0,31.09,2,0.0,,,
5396,3.0160,-0.1156,-0.1430,3.227,good,0.003,2.55,0,0,0,0,25.44,2,0.0,,,
5397,3.0160,-0.1268,0.0123,3.000,good,0.009,5.08,0,0,0,0,30.23,1,0.0,,,
5403,3.0160,-0.1187,0.0146,3.000,good,0.029,7.09,0,0,0,0,31.52,1,0.0,,,
5404,3.0160,-0.1168,0.2057,3.000,good,0.000,2.55,0,0,0,0,30.87,1,0.0,,,
5387,3.0200,-0.1154,0.0731,3.030,good,0.000,3.62,0,0,0,0,29.72,3,0.0,,,
5388,3.0200,-0.1140,-0.0502,3.012,good,0.000,2.36,0,0,0,0,29.61,3,0.0,,,
5389,3.0200,-0.1131,-0.1511,3.098,good,0.000,2.74,0,0,0,0,27.31,3,0.0,,,
5390,3.0200,-0.1122,0.0218,3.102,good,0.003,5.91,0,0,0,0,26.89,3,0.0,,,
5391,3.0200,-0.1164,0.1299,2.631,good,0.302,4.78,0,0,0,0,40.69,3,0.0,,,
5392,3.0200,-0.1327,0.2092,3.000,good,0.177,16.69,0,0,0,0,28.01,1,0.0,,,
5393,3.0200,-0.1103,-0.0366,3.020,good,0.322,4.72,0,0,0,0,28.04,3,0.0,,,
5399,3.0200,-0.1197,0.0514,2.997,good,0.000,2.80,0,0,0,0,31.65,2,0.0,,,
5400,3.0200,-0.1179,-0.0130,3.003,good,0.000,1.91,0,0,0,0,30.88,2,0.0,,,
5401,3.0200,-0.1173,-0.0779,3.000,good,0.000,2.58,0,0,0,0,30.74,2,0.0,,,
5402,3.0200,-0.1115,0.2135,2.704,black,1.000,50.92,1,1,1,0,36.49,2,3.2,59,5458,
5412,3.0200,-0.1061,0.2243,3.000,good,0.000,9.50,0,0,0,0,26.92,1,0.0,,,
5413,3.0200,-0.1052,0.2328,3.000,good,0.000,2.32,0,0,0,0,26.64,1,0.0,,,
5398,3.0240,-0.1164,0.0992,2.742,good,0.001,2.73,0,0,0,0,34.65,3,0.0,,,
5411,3.0240,-0.1181,0.1459,3.252,good,0.000,2.66,0,0,0,0,22.72,2,0.0,,,
5428,3.0240,-0.1059,0.1331,3.000,good,0.000,4.68,0,0,0,0,24.27,1,0.0,,,
5405,3.0280,-0.1151,0.2115,3.069,good,0.002,4.15,0,0,0,0,28.29,3,0.0,,,
5406,3.0280,-0.1163,0.0272,2.910,good,0.000,3.67,0,0,0,0,32.46,3,0.0,,,
5407,3.0280,-0.1288,-0.2355,2.297,good,0.001,2.72,0,0,0,0,53.72,2,0.0,,,
5408,3.0280,-0.1128,0.0520,2.999,sour,1.000,21.74,1,1,1,0,29.01,3,3.2,38,5460,5460
5409,3.0280,-0.1339,-0.0484,3.000,good,0.003,1.75,0,0,0,0,27.98,1,0.0,,,
5410,3.0280,-0.1094,0.1191,3.016,good,0.000,2.96,0,0,0,0,27.40,3,0.0,,,
5422,3.0280,-0.1199,0.0847,3.002,good,0.000,3.51,0,0,0,0,31.18,2,0.0,,,
5423,3.0280,-0.1194,-0.0941,2.963,good,0.000,1.75,0,0,0,0,31.94,2,0.0,,,
5425,3.0280,-0.1158,-0.0801,2.957,good,0.091,6.15,0,0,0,0,30.80,2,0.0,,,
5426,3.0280,-0.1167,-0.0301,2.831,good,0.022,4.97,0,0,0,0,34.36,2,0.0,,,
5427,3.0280,-0.1109,-0.0440,2.896,good,0.009,8.17,0,0,0,0,30.61,2,0.0,,,
5434,3.0280,-0.1196,-0.2387,3.000,good,0.113,3.01,0,0,0,0,30.97,1,0.0,,,
5414,3.0320,-0.1152,0.0628,3.013,good,0.001,2.90,0,0,0,0,32.63,3,0.0,,,
5415,3.0320,-0.1122,-0.2224,3.012,good,0.007,4.97,0,0,0,0,31.61,3,0.0,,,
5416,3.0320,-0.1132,-0.0372,2.974,good,0.000,2.38,0,0,0,0,32.81,3,0.0,,,
5417,3.0320,-0.1110,-0.1473,3.031,good,0.005,2.59,0,0,0,0,30.71,3,0.0,,,
5418,3.0320,-0.1122,-0.1346,2.965,black,1.000,50.30,1,1,1,0,32.60,3,3.2,14,5433,
5419,3.0320,-0.1107,0.1710,2.998,good,0.003,3.39,0,0,0,0,31.25,3,0.0,,,
5420,3.0320,-0.1091,0.0482,2.941,good,0.000,2.52,0,0,0,0,32.03,3,0.0,,,
5421,3.0320,-0.1095,-0.2079,2.711,good,0.035,4.44,0,0,0,0,38.17,3,0.0,,,
5424,3.0320,-0.1083,-0.1827,2.947,broken,0.999,2.75,1,1,1,0,31.51,3,2.4,8,5421,
5432,3.0320,-0.1195,0.2375,3.000,good,0.000,2.79,0,0,0,0,33.95,2,0.0,,,
5433,3.0320,-0.1189,0.1430,2.980,insect,1.000,8.27,1,1,1,0,34.19,2,3.1,50,5427,5427
5429,3.0360,-0.1137,-0.0649,2.933,good,0.001,2.62,0,0,0,0,31.54,3,0.0,,,
5430,3.0360,-0.1126,0.1139,3.006,good,0.000,2.54,0,0,0,0,29.37,3,0.0,,,
5431,3.0360,-0.1081,-0.1135,3.027,good,0.000,2.02,0,0,0,0,27.35,3,0.0,,,
5437,3.0360,-0.1187,0.2364,2.997,black,1.000,53.79,1,1,1,0,31.50,2,3.2,62,5475,5475
5448,3.0360,-0.1012,-0.2424,3.000,good,0.058,3.22,0,0,0,0,25.57,1,0.0,,,
5435,3.0400,-0.1145,-0.0121,3.041,good,0.000,2.15,0,0,0,0,31.45,3,0.0,,,
5436,3.0400,-0.1093,-0.1093,2.754,good,0.001,1.86,0,0,0,0,36.87,3,0.0,,,
5441,3.0400,-0.1190,-0.0894,3.001,good,0.000,1.52,0,0,0,0,33.80,2,0.0,,,
5442,3.0400,-0.1310,0.2021,3.000,good,0.000,3.10,0,0,0,0,33.80,1,0.0,,,
5443,3.0400,-0.1193,-0.1285,3.061,good,0.001,2.38,0,0,0,0,32.44,2,0.0,,,
5444,3.0400,-0.1175,-0.2330,2.936,good,0.000,1.60,0,0,0,0,34.82,2,0.0,,,
5445,3.0400,-0.1161,-0.1983,3.006,good,0.002,2.36,0,0,0,0,32.59,2,0.0,,,
5446,3.0400,-0.1157,0.1612,3.004,good,0.000,1.80,0,0,0,0,32.46,2,0.0,,,
5447,3.0400,-0.1156,0.2303,3.028,good,0.000,2.87,0,0,0,0,31.84,2,0.0,,,
5452,3.0400,-0.1165,0.2056,3.000,good,0.000,3.25,0,0,0,0,32.80,1,0.0,,,
5438,3.0440,-0.1105,-0.0539,3.450,good,0.005,3.83,0,0,0,0,31.56,3,0.0,,,
5439,3.0440,-0.1120,-0.2177,3.003,good,0.000,2.32,0,0,0,0,41.10,3,0.0,,,
5440,3.0440,-0.1101,-0.1712,3.001,good,0.000,2.11,0,0,0,0,40.45,3,0.0,,,
5449,3.0440,-0.1192,-0.0985,3.450,good,0.000,2.02,0,0,0,0,33.96,2,0.0,,,
5462,3.0440,-0.1021,0.2092,3.000,good,0.000,3.39,0,0,0,0,37.77,1,0.0,,,
5450,3.0480,-0.1092,0.2116,3.003,good,0.009,5.99,0,0,0,0,29.44,3,0.0,,,
5451,3.0480,-0.1091,0.0720,2.899,good,0.005,1.84,0,0,0,0,31.84,3,0.0,,,
5459,3.0480,-0.1194,-0.0750,3.005,good,0.000,3.15,0,0,0,0,32.66,2,0.0,,,
5460,3.0480,-0.1192,-0.1963,2.950,sour,1.000,21.44,1,1,1,0,33.92,2,3.2,6|7,5429,5429
5461,3.0480,-0.1118,-0.1076,3.450,good,0.002,3.52,0,0,0,0,20.95,2,0.0,,,
5453,3.0520,-0.1188,-0.1157,2.470,good,0.001,2.91,0,0,0,0,49.55,3,0.0,,,
5454,3.0520,-0.1151,0.0673,3.006,good,0.340,3.85,0,0,0,0,32.42,3,0.0,,,
5455,3.0520,-0.1064,-0.0654,3.450,good,0.002,2.96,0,0,0,0,20.64,3,0.0,,,
5456,3.0520,-0.1085,0.0446,3.051,good,0.001,1.49,0,0,0,0,29.12,3,0.0,,,
5457,3.0520,-0.1084,0.1360,3.000,good,0.000,2.67,0,0,0,0,30.20,3,0.0,,,
5458,3.0520,-0.1093,-0.0977,3.013,good,0.009,2.34,0,0,0,0,30.19,3,0.0,,,
5466,3.0520,-0.1172,0.0512,2.956,good,0.002,2.45,0,0,0,0,34.13,2,0.0,,,
5463,3.0560,-0.1172,0.1627,2.845,good,0.001,4.96,0,0,0,0,36.96,3,0.0,,,
5464,3.0560,-0.1274,-0.0593,2.499,good,0.025,4.41,0,0,0,0,47.54,2,0.0,,,
5465,3.0560,-0.1123,-0.0192,3.044,good,0.001,2.32,0,0,0,0,30.26,3,0.0,,,
5471,3.0560,-0.1184,-0.0050,2.946,good,0.000,2.94,0,0,0,0,34.60,2,0.0,,,
5472,3.0560,-0.1144,0.0647,3.173,good,0.003,6.47,0,0,0,0,28.02,2,0.0,,,
5473,3.0560,-0.1094,0.1299,3.450,stone,1.000,12.36,1,1,1,0,21.11,2,9.1,48|49|47,5402,
5480,3.0560,-0.1171,-0.0631,3.000,good,0.012,6.05,0,0,0,0,32.76,1,0.0,,,
5467,3.0600,-0.1144,0.1414,3.007,good,0.000,3.05,0,0,0,0,29.50,3,0.0,,,
5468,3.0600,-0.1130,0.2173,3.120,good,0.253,5.53,0,0,0,0,26.41,3,0.0,,,
5469,3.0600,-0.1130,-0.0785,3.000,good,0.000,2.81,0,0,0,0,29.06,3,0.0,,,
5470,3.0600,-0.1142,-0.1289,2.830,good,0.030,2.69,0,0,0,0,33.71,3,0.0,,,
5478,3.0600,-0.1198,0.0925,2.883,husk,1.000,19.79,1,1,1,0,34.25,2,2.4,43|44,5471,5471
5489,3.0600,-0.1035,-0.0692,3.000,good,0.006,1.48,0,0,0,0,25.80,1,0.0,,,
5474,3.0640,-0.1151,0.1019,2.956,good,0.044,7.56,0,0,0,0,31.08,3,0.0,,,
5475,3.0640,-0.1107,-0.1672,3.364,good,0.001,1.77,0,0,0,0,20.89,3,0.0,,,
5476,3.0640,-0.1149,-0.1358,2.715,good,0.000,2.78,0,0,0,0,37.36,3,0.0,,,
5477,3.0640,-0.1094,0.2084,3.001,good,0.000,3.31,0,0,0,0,27.96,3,0.0,,,
5479,3.0640,-0.1094,0.1943,2.749,faded,0.999,6.47,1,1,1,0,34.31,3,3.2,56|57,5450,5450
5488,3.0640,-0.1180,0.0457,2.948,good,0.014,2.71,0,0,0,0,32.05,2,0.0,,,
5481,3.0680,-0.1126,-0.0124,3.283,good,0.019,3.89,0,0,0,0,23.94,3,0.0,,,
5482,3.0680,-0.1142,0.0134,2.988,good,0.000,3.50,0,0,0,0,30.83,3,0.0,,,
5483,3.0680,-0.1134,0.0861,2.975,black,1.000,46.73,1,1,1,0,30.80,3,3.2,43|42,5561,
5484,3.0680,-0.1114,0.1110,2.997,good,0.000,1.81,0,0,0,0,29.54,3,0.0,,,
5485,3.0680,-0.1123,-0.1307,2.942,good,0.000,3.22,0,0,0,0,31.14,3,0.0,,,
5486,3.0680,-0.1091,-0.0564,3.010,good,0.000,3.58,0,0,0,0,28.38,3,0.0,,,
5487,3.0680,-0.1093,0.0687,3.000,good,0.000,2.19,0,0,0,0,28.63,3,0.0,,,
5495,3.0680,-0.1155,-0.0302,3.450,good,0.000,2.82,0,0,0,0,21.31,2,0.0,,,
5501,3.0680,-0.1047,0.0963,3.000,faded,0.750,3.35,1,1,1,0,27.06,1,3.2,44,5549,
5502,3.0680,-0.1019,0.1051,3.000,good,0.000,2.60,0,0,0,0,26.10,1,0.0,,,
5490,3.0720,-0.1161,-0.0241,2.993,good,0.000,3.09,0,0,0,0,31.80,3,0.0,,,
5491,3.0720,-0.1143,0.0345,3.018,good,0.000,3.25,0,0,0,0,30.57,3,0.0,,,
5492,3.0720,-0.1127,-0.0072,3.070,good,0.000,1.97,0,0,0,0,28.80,3,0.0,,,
5493,3.0720,-0.1217,-0.1660,3.175,good,0.040,7.83,0,0,0,0,25.24,2,0.0,,,
5494,3.0720,-0.1092,0.1191,3.004,good,0.000,2.21,0,0,0,0,29.02,3,0.0,,,
5500,3.0720,-0.1154,-0.0769,2.994,good,0.000,2.98,0,0,0,0,31.28,2,0.0,,,
5509,3.0720,-0.1124,-0.1695,3.000,good,0.026,3.67,0,0,0,0,30.14,1,0.0,,,
5510,3.0720,-0.1055,-0.1628,3.000,good,0.001,2.08,0,0,0,0,27.85,1,0.0,,,
5496,3.0760,-0.1282,0.2361,2.311,good,0.001,10.20,0,0,0,0,54.55,2,0.0,,,
5497,3.0760,-0.1137,-0.0399,3.001,faded,0.993,4.57,1,1,1,0,30.94,3,3.2,26|27,5539,5539
5498,3.0760,-0.1096,-0.1465,3.014,good,0.129,2.56,0,0,0,0,29.21,3,0.0,,,
5499,3.0760,-0.1105,0.1779,2.993,good,0.000,2.38,0,0,0,0,29.97,3,0.0,,,
5507,3.0760,-0.1170,0.1504,2.927,good,0.001,8.26,0,0,0,0,33.74,2,0.0,,,
5508,3.0760,-0.1184,-0.0886,3.001,good,0.000,2.26,0,0,0,0,32.33,2,0.0,,,
5516,3.0760,-0.1137,0.2391,3.000,good,0.000,5.97,0,0,0,0,30.78,1,0.0,,,
5503,3.0800,-0.1062,0.0503,3.450,sour,1.000,19.57,1,1,1,0,20.31,3,3.2,38,5660,
5504,3.0800,-0.1084,-0.1499,2.995,good,0.001,1.78,0,0,0,0,30.04,3,0.0,,,
5505,3.0800,-0.1082,-0.0637,2.994,good,0.000,3.61,0,0,0,0,29.96,3,0.0,,,
5506,3.0800,-0.1083,0.1346,3.049,good,0.000,2.25,0,0,0,0,28.70,3,0.0,,,
5514,3.0800,-0.1190,-0.1082,3.147,good,0.000,3.82,0,0,0,0,29.91,2,0.0,,,
5515,3.0800,-0.1163,-0.1828,3.039,good,0.024,2.81,0,0,0,0,31.47,2,0.0,,,
5511,3.0840,-0.1102,-0.0708,3.085,sour,1.000,21.03,1,1,1,0,28.65,3,3.2,22|23,5545,5545
5512,3.0840,-0.1097,-0.0228,3.132,good,0.000,2.25,0,0,0,0,27.42,3,0.0,,,
5513,3.0840,-0.1087,0.1174,3.000,good,0.000,2.26,0,0,0,0,29.97,3,0.0,,,
5524,3.0840,-0.1191,-0.0061,2.998,good,0.000,4.44,0,0,0,0,33.46,2,0.0,,,
5525,3.0840,-0.1181,-0.2313,3.054,good,0.000,2.53,0,0,0,0,31.75,2,0.0,,,
5526,3.0840,-0.1164,-0.1703,3.310,faded,1.000,5.37,1,1,1,0,25.69,2,3.2,10|9,5556,5556
5527,3.0840,-0.1149,-0.1400,3.450,good,0.001,3.25,0,0,0,0,22.53,2,0.0,,,
5534,3.0840,-0.1042,-0.1861,3.000,good,0.091,2.88,0,0,0,0,28.31,1,0.0,,,
5517,3.0880,-0.1168,0.0876,2.980,good,0.119,3.51,0,0,0,0,30.45,3,0.0,,,
5518,3.0880,-0.1121,-0.1067,2.999,good,0.000,2.17,0,0,0,0,28.35,3,0.0,,,
5519,3.0880,-0.1138,-0.1814,2.826,good,0.002,2.03,0,0,0,0,33.24,3,0.0,,,
5520,3.0880,-0.1123,-0.2102,3.017,faded,0.999,5.17,1,1,1,0,27.90,3,3.2,5|4,5614,5614
5521,3.0880,-0.1129,0.0485,3.007,good,0.001,2.59,0,0,0,0,28.28,3,0.0,,,
5522,3.0880,-0.1111,0.2122,3.062,good,0.001,2.18,0,0,0,0,26.39,3,0.0,,,
5523,3.0880,-0.1093,0.1673,3.002,good,0.000,2.66,0,0,0,0,27.12,3,0.0,,,
5528,3.0920,-0.1166,-0.1563,2.992,black,1.000,48.19,1,1,1,0,32.54,3,3.2,11|12,5597,5597
5529,3.0920,-0.1141,0.1338,3.021,good,0.410,5.26,0,0,0,0,30.93,3,0.0,,,
5530,3.0920,-0.1068,0.2034,3.450,good,0.000,2.43,0,0,0,0,19.96,3,0.0,,,
5531,3.0920,-0.1376,-0.0897,3.000,good,0.005,3.31,0,0,0,0,31.20,1,0.0,,,
5532,3.0920,-0.1125,0.0707,2.955,good,0.000,2.38,0,0,0,0,31.88,3,0.0,,,
5533,3.0920,-0.1104,0.1736,2.988,good,0.018,3.75,0,0,0,0,30.35,3,0.0,,,
5538,3.0920,-0.1196,-0.1260,3.431,good,0.001,13.83,0,0,0,0,23.92,2,0.0,,,
5544,3.0920,-0.1195,-0.0877,2.734,good,0.020,4.55,0,0,0,0,40.18,2,0.0,,,
5545,3.0920,-0.1191,0.1835,2.990,good,0.000,3.01,0,0,0,0,33.07,2,0.0,,,
5546,3.0920,-0.1181,0.0524,3.009,black,1.000,48.80,1,1,1,0,32.24,2,3.2,38,5596,
5547,3.0920,-0.1171,0.0118,3.031,good,0.000,2.10,0,0,0,0,31.35,2,0.0,,,
5535,3.0960,-0.1141,0.0173,2.994,good,0.000,1.53,0,0,0,0,31.22,3,0.0,,,
5536,3.0960,-0.1145,-0.1887,3.003,good,0.000,4.01,0,0,0,0,31.06,3,0.0,,,
5537,3.0960,-0.1134,0.0832,3.006,good,0.006,6.08,0,0,0,0,30.59,3,0.0,,,
5539,3.0960,-0.1133,-0.0260,2.898,husk,1.000,8.00,1,1,1,0,33.18,3,2.4,28,5564,
5540,3.0960,-0.1125,0.1270,3.010,good,0.049,2.62,0,0,0,0,30.12,3,0.0,,,
5541,3.0960,-0.1111,0.0950,2.956,faded,0.776,4.04,1,1,1,0,30.88,3,3.2,44|43,5577,5577
5542,3.0960,-0.1063,0.2226,3.450,black,1.000,55.89,1,1,1,0,19.23,3,3.2,60,5587,5587
5543,3.0960,-0.1089,-0.1812,2.993,good,0.000,2.23,0,0,0,0,29.20,3,0.0,,,
5549,3.0960,-0.1192,-0.2137,3.206,good,0.381,2.96,0,0,0,0,27.71,2,0.0,,,
5550,3.0960,-0.1159,-0.1752,2.988,insect,1.000,8.41,1,1,1,0,31.57,2,3.1,9,5620,5620
5551,3.0960,-0.1151,-0.1340,2.701,good,0.000,1.87,0,0,0,0,38.89,2,0.0,,,
5548,3.1000,-0.1132,-0.0019,2.965,good,0.000,2.74,0,0,0,0,30.21,3,0.0,,,
5559,3.1000,-0.1177,0.0921,2.879,good,0.000,2.63,0,0,0,0,33.91,2,0.0,,,
5552,3.1040,-0.1160,0.0447,2.958,good,0.203,5.83,0,0,0,0,41.10,3,0.0,,,
5553,3.1040,-0.1173,0.2189,2.606,good,0.002,4.09,0,0,0,0,51.43,3,0.0,,,
5554,3.1040,-0.1156,-0.0989,2.631,good,0.000,2.25,0,0,0,0,49.93,3,0.0,,,
5555,3.1040,-0.1137,0.1370,2.762,good,0.000,1.91,0,0,0,0,45.30,3,0.0,,,
5556,3.1040,-0.1102,-0.1798,3.027,good,0.000,2.09,0,0,0,0,37.33,3,0.0,,,
5557,3.1040,-0.1122,0.2093,2.795,good,0.001,2.94,0,0,0,0,43.77,3,0.0,,,
5558,3.1040,-0.1111,-0.2021,2.999,good,0.000,2.36,0,0,0,0,38.21,3,0.0,,,
5564,3.1040,-0.1172,-0.0535,2.986,good,0.011,8.07,0,0,0,0,40.49,2,0.0,,,
5560,3.1080,-0.1143,0.1729,2.998,good,0.001,4.13,0,0,0,0,30.30,3,0.0,,,
5561,3.1080,-0.1139,-0.2064,3.001,good,0.000,2.86,0,0,0,0,30.03,3,0.0,,,
5562,3.1080,-0.1116,-0.1484,3.005,good,0.003,4.64,0,0,0,0,29.13,3,0.0,,,
5563,3.1080,-0.1116,0.1900,3.000,faded,1.000,7.25,1,1,1,0,29.22,3,3.2,56,5602,5602
5570,3.1080,-0.1198,0.0419,2.987,good,0.003,2.97,0,0,0,0,32.19,2,0.0,,,
5571,3.1080,-0.1180,0.0964,3.063,good,0.000,3.08,0,0,0,0,29.75,2,0.0,,,
5565,3.1120,-0.1155,-0.1385,2.996,good,0.000,2.42,0,0,0,0,36.11,3,0.0,,,
5566,3.1120,-0.1152,-0.0745,3.008,good,0.001,2.19,0,0,0,0,35.64,3,0.0,,,
5567,3.1120,-0.1378,-0.0129,3.000,good,0.001,7.18,0,0,0,0,35.36,1,0.0,,,
5568,3.1120,-0.1102,-0.1129,2.943,good,0.000,2.27,0,0,0,0,35.47,3,0.0,,,
5569,3.1120,-0.1116,0.1505,2.845,good,0.003,3.14,0,0,0,0,38.39,3,0.0,,,
5577,3.1120,-0.1168,-0.0355,3.002,good,0.023,2.65,0,0,0,0,36.18,2,0.0,,,
5578,3.1120,-0.1169,0.1190,3.000,good,0.001,3.40,0,0,0,0,36.24,2,0.0,,,
5579,3.1120,-0.1238,-0.0094,3.000,good,0.000,7.30,0,0,0,0,34.52,1,0.0,,,
5583,3.1120,-0.1098,-0.0059,3.000,good,0.001,5.93,0,0,0,0,33.85,1,0.0,,,
5572,3.1160,-0.1147,0.0338,3.000,faded,0.851,3.50,1,1,1,0,31.97,3,3.2,36,5641,5641
5573,3.1160,-0.1109,-0.2274,2.913,good,0.000,1.94,0,0,0,0,32.71,3,0.0,,,
5574,3.1160,-0.1107,-0.1444,3.024,good,0.001,2.14,0,0,0,0,29.96,3,0.0,,,
5575,3.1160,-0.1094,-0.2072,3.028,good,0.078,4.86,0,0,0,0,29.39,3,0.0,,,
5576,3.1160,-0.1080,-0.0461,3.162,good,0.037,2.58,0,0,0,0,26.00,3,0.0,,,
5582,3.1160,-0.1169,-0.2011,2.991,good,0.013,3.48,0,0,0,0,32.68,2,0.0,,,
5580,3.1200,-0.1136,0.0608,2.936,good,0.000,3.21,0,0,0,0,34.18,3,0.0,,,
5581,3.1200,-0.1263,0.2189,1.851,good,0.000,2.33,0,0,0,0,79.59,2,0.0,,,
5587,3.1200,-0.1189,-0.1075,3.450,faded,0.820,5.18,1,1,1,0,24.78,2,3.2,18,5771,
5589,3.1200,-0.1152,0.0312,3.004,good,0.001,2.53,0,0,0,0,32.85,2,0.0,,,
5590,3.1200,-0.1113,0.1897,3.450,good,0.146,10.61,0,0,0,0,22.41,2,0.0,,,
5599,3.1200,-0.1189,0.2159,3.000,good,0.002,2.26,0,0,0,0,34.12,1,0.0,,,
5584,3.1240,-0.1172,0.1814,2.730,good,0.007,5.05,0,0,0,0,37.83,3,0.0,,,
5585,3.1240,-0.1133,-0.0237,3.040,good,0.010,2.89,0,0,0,0,28.39,3,0.0,,,
5586,3.1240,-0.1098,0.0503,2.852,good,0.001,7.39,0,0,0,0,31.72,3,0.0,,,
5588,3.1240,-0.1082,-0.1717,2.999,good,0.000,2.47,0,0,0,0,27.55,3,0.0,,,
5593,3.1240,-0.1185,-0.1885,2.885,good,0.000,2.71,0,0,0,0,33.82,2,0.0,,,
5594,3.1240,-0.1191,0.2259,3.000,faded,0.557,2.95,1,1,1,0,31.08,2,3.2,60|61,5634,5634
5595,3.1240,-0.1191,0.0415,2.882,good,0.000,3.83,0,0,0,0,34.00,2,0.0,,,
5596,3.1240,-0.1173,0.0837,2.975,faded,0.570,3.45,1,1,1,0,31.00,2,3.2,42,5525,
5597,3.1240,-0.1153,-0.0471,3.077,good,0.000,2.89,0,0,0,0,27.88,2,0.0,,,
5598,3.1240,-0.1130,0.2436,3.450,good,0.001,3.29,0,0,0,0,19.63,2,0.0,,,
5591,3.1280,-0.1125,-0.0779,3.051,sour,1.000,13.94,1,1,1,0,27.31,3,3.2,22|21,5654,5654
5592,3.1280,-0.1083,0.1612,3.001,good,0.000,2.86,0,0,0,0,26.98,3,0.0,,,
5609,3.1280,-0.1188,-0.1821,2.801,good,0.000,1.98,0,0,0,0,35.62,2,0.0,,,
5610,3.1280,-0.1159,-0.0379,2.903,good,0.001,3.06,0,0,0,0,31.84,2,0.0,,,
5613,3.1280,-0.1063,0.1846,3.000,good,0.000,5.04,0,0,0,0,26.22,1,0.0,,,
5614,3.1280,-0.1040,0.2123,3.000,good,0.001,2.76,0,0,0,0,25.46,1,0.0,,,
5600,3.1320,-0.1158,-0.0139,3.037,good,0.000,3.58,0,0,0,0,31.21,3,0.0,,,
5601,3.1320,-0.1245,-0.1892,3.001,good,0.000,2.20,0,0,0,0,30.91,2,0.0,,,
5602,3.1320,-0.1097,0.0908,3.282,good,0.000,3.10,0,0,0,0,23.93,3,0.0,,,
5603,3.1320,-0.1135,0.0128,2.868,good,0.001,3.10,0,0,0,0,34.41,3,0.0,,,
5604,3.1320,-0.1131,0.0552,2.950,good,0.006,3.50,0,0,0,0,32.20,3,0.0,,,
5605,3.1320,-0.1263,0.1953,2.475,good,0.002,2.77,0,0,0,0,47.36,2,0.0,,,
5606,3.1320,-0.1114,-0.1291,2.988,good,0.000,2.57,0,0,0,0,30.66,3,0.0,,,
5607,3.1320,-0.1109,0.1531,3.000,good,0.001,2.38,0,0,0,0,30.12,3,0.0,,,
5608,3.1320,-0.1093,-0.0685,3.000,good,0.000,2.03,0,0,0,0,29.58,3,0.0,,,
5620,3.1320,-0.1164,0.1989,3.000,good,0.001,2.70,0,0,0,0,31.93,1,0.0,,,
5621,3.1320,-0.1100,-0.1856,3.000,good,0.000,7.44,0,0,0,0,29.77,1,0.0,,,
5611,3.1360,-0.1106,-0.0868,3.002,good,0.000,3.08,0,0,0,0,31.77,3,0.0,,,
5612,3.1360,-0.1106,0.2117,3.001,good,0.000,2.58,0,0,0,0,31.74,3,0.0,,,
5617,3.1360,-0.1178,0.0580,2.983,good,0.000,4.52,0,0,0,0,34.51,2,0.0,,,
5618,3.1360,-0.1172,0.2309,2.988,good,0.002,2.93,0,0,0,0,34.14,2,0.0,,,
5619,3.1360,-0.1162,0.1629,2.994,good,0.000,2.64,0,0,0,0,33.65,2,0.0,,,
5615,3.1400,-0.1133,0.1432,3.001,good,0.000,2.33,0,0,0,0,41.79,3,0.0,,,
5616,3.1400,-0.1090,0.1185,2.995,good,0.000,2.71,0,0,0,0,40.44,3,0.0,,,
5626,3.1400,-0.1194,-0.1604,2.659,good,0.036,8.41,0,0,0,0,53.15,2,0.0,,,
5622,3.1440,-0.1149,-0.0255,3.000,good,0.011,2.94,0,0,0,0,31.15,3,0.0,,,
5623,3.1440,-0.1146,0.0993,3.000,good,0.003,4.65,0,0,0,0,31.01,3,0.0,,,
5624,3.1440,-0.1117,-0.1802,2.991,good,0.110,4.03,0,0,0,0,30.22,3,0.0,,,
5625,3.1440,-0.1096,-0.1005,3.004,good,0.000,2.55,0,0,0,0,29.18,3,0.0,,,
5635,3.1440,-0.1174,0.0144,3.331,faded,0.998,3.94,1,1,1,0,24.62,2,3.2,33|34,5680,
5636,3.1440,-0.1173,-0.0085,3.063,good,0.000,3.08,0,0,0,0,30.25,2,0.0,,,
5637,3.1440,-0.1185,-0.2204,3.001,good,0.000,3.98,0,0,0,0,32.08,2,0.0,,,
5638,3.1440,-0.1170,0.0262,2.995,good,0.002,2.10,0,0,0,0,31.70,2,0.0,,,
5645,3.1440,-0.1139,-0.1620,3.000,good,0.003,3.87,0,0,0,0,30.52,1,0.0,,,
5627,3.1480,-0.1145,0.0683,3.005,good,0.043,3.70,0,0,0,0,30.08,3,0.0,,,
5628,3.1480,-0.1152,0.1963,3.007,good,0.001,2.45,0,0,0,0,30.22,3,0.0,,,
5629,3.1480,-0.1100,0.2441,3.356,good,0.149,6.30,0,0,0,0,21.18,3,0.0,,,
5630,3.1480,-0.1273,-0.0541,2.093,husk,1.000,9.67,1,1,1,0,63.20,2,2.4,25|24,,
5631,3.1480,-0.1116,-0.0989,2.983,good,0.004,2.70,0,0,0,0,29.44,3,0.0,,,
5632,3.1480,-0.1107,-0.0304,2.946,husk,1.000,11.82,1,1,1,0,30.01,3,2.4,28|27,5728,
5633,3.1480,-0.1108,0.1601,2.829,good,0.000,2.56,0,0,0,0,32.94,3,0.0,,,
5634,3.1480,-0.1114,-0.1374,2.638,good,0.030,5.45,0,0,0,0,38.54,3,0.0,,,
5644,3.1480,-0.1169,-0.1876,2.993,good,0.004,1.43,0,0,0,0,30.82,2,0.0,,,
5655,3.1480,-0.1189,-0.0571,3.000,husk,1.000,9.66,1,1,1,0,31.31,1,2.4,24,5590,
5639,3.1520,-0.1134,-0.2027,2.997,good,0.000,3.46,0,0,0,0,30.54,3,0.0,,,
5640,3.1520,-0.1110,-0.0774,3.026,good,0.004,3.44,0,0,0,0,29.03,3,0.0,,,
5641,3.1520,-0.1116,0.0168,3.000,good,0.000,2.84,0,0,0,0,29.78,3,0.0,,,
5642,3.1520,-0.1080,0.1070,3.396,good,0.000,2.85,0,0,0,0,20.43,3,0.0,,,
5643,3.1520,-0.1104,-0.1443,3.001,good,0.000,3.28,0,0,0,0,29.24,3,0.0,,,
5653,3.1520,-0.1194,-0.1426,2.989,good,0.001,2.80,0,0,0,0,32.48,2,0.0,,,
5654,3.1520,-0.1170,0.1672,2.942,good,0.000,2.60,0,0,0,0,32.84,2,0.0,,,
5663,3.1520,-0.1063,-0.1366,3.000,good,0.199,3.96,0,0,0,0,27.83,1,0.0,,,
5646,3.1560,-0.1080,-0.0657,3.172,good,0.042,10.18,0,0,0,0,24.96,3,0.0,,,
5647,3.1560,-0.1121,-0.1283,2.990,good,0.000,2.63,0,0,0,0,30.27,3,0.0,,,
5648,3.1560,-0.1107,0.1255,3.098,sour,1.000,11.21,1,1,1,0,27.29,3,3.2,48|47,5694,
5649,3.1560,-0.1114,-0.0823,3.002,good,0.005,2.92,0,0,0,0,29.66,3,0.0,,,
5650,3.1560,-0.1109,-0.1729,2.978,good,0.001,3.07,0,0,0,0,30.02,3,0.0,,,
5651,3.1560,-0.1107,0.2134,3.057,good,0.009,4.31,0,0,0,0,28.06,3,0.0,,,
5652,3.1560,-0.1091,0.2028,3.157,good,0.000,2.24,0,0,0,0,25.34,3,0.0,,,
5656,3.1600,-0.1136,0.0699,3.013,good,0.000,3.06,0,0,0,0,30.96,3,0.0,,,
5657,3.1600,-0.1229,-0.0064,3.450,good,0.000,2.61,0,0,0,0,20.64,2,0.0,,,
5658,3.1600,-0.1122,0.0439,3.005,good,0.022,4.03,0,0,0,0,30.60,3,0.0,,,
5659,3.1600,-0.1100,-0.0433,2.993,good,0.000,2.45,0,0,0,0,30.09,3,0.0,,,
5660,3.1600,-0.1093,0.2196,3.007,good,0.004,4.86,0,0,0,0,29.52,3,0.0,,,
5661,3.1600,-0.1084,-0.1770,2.997,good,0.000,2.50,0,0,0,0,29.41,3,0.0,,,
5662,3.1600,-0.1083,0.1134,2.994,good,0.000,3.34,0,0,0,0,29.39,3,0.0,,,
5668,3.1600,-0.1163,-0.1252,3.120,good,0.001,4.59,0,0,0,0,29.11,2,0.0,,,
5680,3.1600,-0.1073,-0.0039,3.000,good,0.000,2.53,0,0,0,0,28.88,1,0.0,,,
5664,3.1640,-0.1127,-0.1407,2.963,good,0.010,2.54,0,0,0,0,31.51,3,0.0,,,
5665,3.1640,-0.1109,0.0809,2.961,good,0.001,3.46,0,0,0,0,30.91,3,0.0,,,
5666,3.1640,-0.1099,0.1915,3.138,sour,1.000,11.83,1,1,1,0,26.51,3,3.2,56,5720,5720
5667,3.1640,-0.1070,0.2342,3.450,good,0.001,3.38,0,0,0,0,19.54,3,0.0,,,
5675,3.1640,-0.1181,-0.2157,2.985,good,0.000,2.59,0,0,0,0,32.55,2,0.0,,,
5676,3.1640,-0.1170,0.0495,3.430,good,0.000,2.24,0,0,0,0,22.74,2,0.0,,,
5677,3.1640,-0.1181,-0.2056,2.813,good,0.001,7.80,0,0,0,0,36.97,2,0.0,,,
5678,3.1640,-0.1162,-0.1696,3.011,good,0.001,3.04,0,0,0,0,31.19,2,0.0,,,
5679,3.1640,-0.1271,-0.0131,3.000,good,0.004,3.09,0,0,0,0,31.07,1,0.0,,,
5684,3.1640,-0.1084,-0.0136,3.000,good,0.001,3.58,0,0,0,0,28.82,1,0.0,,,
5669,3.1680,-0.1406,0.1188,3.000,good,0.011,3.91,0,0,0,0,33.18,1,0.0,,,
5670,3.1680,-0.1121,0.1994,3.006,good,0.000,2.20,0,0,0,0,31.38,3,0.0,,,
5671,3.1680,-0.1091,-0.1831,3.002,good,0.014,2.46,0,0,0,0,30.47,3,0.0,,,
5672,3.1680,-0.1086,0.1168,3.185,good,0.487,47.27,1,1,1,0,26.25,3,9.0,46|47|45,5710|5869,5710
5673,3.1680,-0.1213,0.0029,2.765,good,0.000,3.99,0,0,0,0,36.73,2,0.0,,,
5674,3.1680,-0.1093,-0.1390,2.973,good,0.000,1.73,0,0,0,0,31.04,3,0.0,,,
5683,3.1680,-0.1175,-0.2123,2.954,insect,1.000,5.06,1,1,1,0,34.24,2,3.1,4|5,5753,5753
5692,3.1680,-0.1103,-0.0012,3.000,good,0.000,4.10,0,0,0,0,30.69,1,0.0,,,
5693,3.1680,-0.1033,0.0454,3.000,good,0.000,2.26,0,0,0,0,28.34,1,0.0,,,
5681,3.1720,-0.1129,-0.1149,3.014,good,0.001,3.90,0,0,0,0,40.90,3,0.0,,,
5682,3.1720,-0.1099,0.1459,3.125,good,0.029,4.17,0,0,0,0,37.36,3,0.0,,,
5685,3.1760,-0.1387,0.1330,3.000,good,0.001,9.41,0,0,0,0,30.96,1,0.0,,,
5686,3.1760,-0.1112,0.0398,3.260,good,0.001,6.74,0,0,0,0,24.07,3,0.0,,,
5687,3.1760,-0.1146,-0.1451,2.975,black,1.000,50.07,1,1,1,0,31.36,3,3.2,13,5665,5665
5688,3.1760,-0.1140,0.1952,2.985,good,0.004,3.16,0,0,0,0,30.84,3,0.0,,,
5689,3.1760,-0.1103,0.0828,3.098,good,0.000,2.64,0,0,0,0,27.01,3,0.0,,,
5690,3.1760,-0.1113,0.0984,3.027,good,0.000,3.47,0,0,0,0,28.90,3,0.0,,,
5691,3.1760,-0.1078,0.2084,3.113,good,0.019,10.22,0,0,0,0,25.81,3,0.0,,,
5699,3.1760,-0.1200,0.1696,3.011,good,0.000,2.07,0,0,0,0,32.06,2,0.0,,,
5702,3.1760,-0.1187,-0.0180,3.003,good,0.006,3.77,0,0,0,0,31.83,2,0.0,,,
5703,3.1760,-0.1181,-0.1036,2.999,sour,0.998,17.56,1,1,1,0,31.69,2,3.2,18,5740|5742,5740
5704,3.1760,-0.1161,-0.0617,2.990,good,0.000,3.17,0,0,0,0,31.16,2,0.0,,,
5705,3.1760,-0.1163,0.1381,3.006,good,0.000,3.08,0,0,0,0,30.82,2,0.0,,,
5706,3.1760,-0.1118,-0.0511,3.054,insect,1.000,4.85,1,1,1,0,28.20,2,3.1,25,5746,5746
5712,3.1760,-0.1131,0.0471,3.000,good,0.001,2.17,0,0,0,0,29.87,1,0.0,,,
5694,3.1800,-0.1166,0.0340,2.888,good,0.001,1.62,0,0,0,0,34.71,3,0.0,,,
5695,3.1800,-0.1145,0.0043,3.033,good,0.000,3.92,0,0,0,0,30.37,3,0.0,,,
5696,3.1800,-0.1379,-0.0480,3.000,good,0.000,2.93,0,0,0,0,30.96,1,0.0,,,
5697,3.1800,-0.1095,0.0121,3.108,good,0.001,3.18,0,0,0,0,27.03,3,0.0,,,
5698,3.1800,-0.1098,0.1908,3.004,good,0.000,2.02,0,0,0,0,29.41,3,0.0,,,
5700,3.1800,-0.1099,-0.0508,2.756,good,0.000,7.60,0,0,0,0,35.71,3,0.0,,,
5701,3.1800,-0.1321,0.1280,3.000,good,0.000,3.50,0,0,0,0,28.90,1,0.0,,,
5709,3.1800,-0.1190,-0.1981,3.233,good,0.001,1.94,0,0,0,0,27.23,2,0.0,,,
5710,3.1800,-0.1159,0.2125,3.013,good,0.000,2.72,0,0,0,0,31.13,2,0.0,,,
5711,3.1800,-0.1270,0.1272,3.000,good,0.000,3.72,0,0,0,0,31.11,1,0.0,,,
5707,3.1840,-0.1150,-0.1799,2.997,good,0.025,2.88,0,0,0,0,33.10,3,0.0,,,
5708,3.1840,-0.1243,-0.2457,2.520,good,0.000,1.89,0,0,0,0,46.30,2,0.0,,,
5715,3.1840,-0.1193,-0.1856,3.004,good,0.005,6.62,0,0,0,0,34.28,2,0.0,,,
5716,3.1840,-0.1156,-0.2198,3.061,good,0.002,1.86,0,0,0,0,31.64,2,0.0,,,
5717,3.1840,-0.1141,0.0688,2.965,good,0.000,1.80,0,0,0,0,33.40,2,0.0,,,
5718,3.1840,-0.1218,0.1264,3.000,good,0.000,3.47,0,0,0,0,31.11,1,0.0,,,
5724,3.1840,-0.1167,0.1257,3.000,good,0.000,3.48,0,0,0,0,33.39,1,0.0,,,
5725,3.1840,-0.1155,-0.2425,3.000,good,0.000,1.65,0,0,0,0,33.01,1,0.0,,,
5713,3.1880,-0.1125,-0.2137,3.000,good,0.000,3.81,0,0,0,0,32.05,3,0.0,,,
5714,3.1880,-0.1232,0.0715,2.711,good,0.000,4.35,0,0,0,0,39.50,2,0.0,,,
5723,3.1880,-0.1158,0.0822,3.053,good,0.000,3.71,0,0,0,0,31.79,2,0.0,,,
5731,3.1880,-0.1123,0.0746,3.000,good,0.000,4.02,0,0,0,0,31.88,1,0.0,,,
5732,3.1880,-0.1115,0.1249,3.000,good,0.000,3.70,0,0,0,0,31.59,1,0.0,,,
5733,3.1880,-0.1067,-0.2398,3.000,good,0.000,1.65,0,0,0,0,29.98,1,0.0,,,
5719,3.1920,-0.1390,-0.1106,3.000,good,0.000,2.70,0,0,0,0,31.49,1,0.0,,,
5720,3.1920,-0.1384,-0.1030,3.000,good,0.000,2.40,0,0,0,0,31.29,1,0.0,,,
5721,3.1920,-0.1140,-0.0540,3.048,faded,1.000,5.67,1,1,1,0,29.91,3,3.2,25|24,5807,5807
5722,3.1920,-0.1174,0.0981,2.497,good,0.001,6.61,0,0,0,0,46.64,3,0.0,,,
5730,3.1920,-0.1144,-0.1066,3.013,good,0.037,7.42,0,0,0,0,30.71,2,0.0,,,
5742,3.1920,-0.1064,0.1242,3.000,good,0.000,3.46,0,0,0,0,28.31,1,0.0,,,
5726,3.1960,-0.1132,-0.1597,3.005,good,0.000,2.61,0,0,0,0,41.86,3,0.0,,,
5727,3.1960,-0.1151,-0.0032,2.996,good,0.000,3.61,0,0,0,0,42.65,3,0.0,,,
5728,3.1960,-0.1092,-0.1273,3.011,good,0.000,1.98,0,0,0,0,40.29,3,0.0,,,
5729,3.1960,-0.1340,0.0995,3.000,good,0.012,4.41,0,0,0,0,40.79,1,0.0,,,
5738,3.1960,-0.1291,-0.0163,3.000,good,0.000,3.10,0,0,0,0,43.15,1,0.0,,,
5739,3.1960,-0.1168,0.1246,2.642,good,0.000,4.42,0,0,0,0,52.81,2,0.0,,,
5740,3.1960,-0.1261,-0.0290,3.000,good,0.008,7.48,0,0,0,0,42.10,1,0.0,,,
5741,3.1960,-0.1099,0.0575,3.450,good,0.000,2.78,0,0,0,0,31.52,2,0.0,,,
5751,3.1960,-0.1148,-0.0253,3.000,good,0.012,15.79,0,0,0,0,42.29,1,0.0,,,
5752,3.1960,-0.1111,0.1289,3.000,good,0.000,2.05,0,0,0,0,41.04,1,0.0,,,
5753,3.1960,-0.1012,0.1234,3.000,good,0.000,3.57,0,0,0,0,37.74,1,0.0,,,
5735,3.2000,-0.1141,-0.0637,2.824,good,0.000,2.38,0,0,0,0,33.26,3,0.0,,,
5736,3.2000,-0.1367,0.0155,3.000,good,0.000,1.85,0,0,0,0,28.33,1,0.0,,,
5737,3.2000,-0.1124,0.0277,2.982,good,0.000,2.59,0,0,0,0,28.63,3,0.0,,,
5747,3.2000,-0.1185,0.0199,2.819,good,0.028,7.40,0,0,0,0,34.84,2,0.0,,,
5748,3.2000,-0.1194,0.1072,2.973,shell,1.000,8.71,1,1,1,0,31.09,2,2.4,45,5789,5789
5749,3.2000,-0.1173,-0.1572,3.026,good,0.000,2.38,0,0,0,0,29.05,2,0.0,,,
5750,3.2000,-0.1165,0.2462,2.999,good,0.010,2.86,0,0,0,0,29.39,2,0.0,,,
5734,3.2040,-0.1122,-0.1103,2.105,good,0.000,2.78,0,0,0,0,60.72,4,0.0,,,
5743,3.2040,-0.1276,0.1859,3.070,good,0.001,3.53,0,0,0,0,29.99,2,0.0,,,
5744,3.2040,-0.1120,-0.0281,3.219,good,0.000,2.82,0,0,0,0,25.69,3,0.0,,,
5745,3.2040,-0.1131,-0.1778,2.994,good,0.000,3.16,0,0,0,0,30.96,3,0.0,,,
5746,3.2040,-0.1113,-0.1247,3.191,good,0.000,2.23,0,0,0,0,25.95,3,0.0,,,
5758,3.2040,-0.1196,-0.1944,2.981,good,0.000,2.20,0,0,0,0,33.38,2,0.0,,,
5768,3.2040,-0.1153,0.1898,3.000,good,0.004,3.55,0,0,0,0,31.44,1,0.0,,,
5769,3.2040,-0.1125,0.0484,3.000,good,0.000,4.22,0,0,0,0,30.53,1,0.0,,,
5754,3.2080,-0.1078,0.0425,2.904,good,0.090,9.84,0,0,0,0,31.04,3,0.0,,,
5755,3.2080,-0.1126,-0.0744,3.002,good,0.000,2.33,0,0,0,0,30.26,3,0.0,,,
5756,3.2080,-0.1123,0.1747,2.947,good,0.000,2.21,0,0,0,0,31.45,3,0.0,,,
5757,3.2080,-0.1091,-0.0427,2.995,good,0.000,4.02,0,0,0,0,29.17,3,0.0,,,
5759,3.2120,-0.1156,0.0151,2.982,good,0.003,2.92,0,0,0,0,32.41,3,0.0,,,
5760,3.2120,-0.1153,0.1783,3.050,good,0.003,5.96,0,0,0,0,30.65,3,0.0,,,
5761,3.2120,-0.1138,-0.1833,2.989,good,0.000,2.24,0,0,0,0,31.55,3,0.0,,,
5762,3.2120,-0.1142,0.0835,2.997,good,0.000,6.31,0,0,0,0,31.44,3,0.0,,,
5763,3.2120,-0.1082,0.1210,3.254,sour,1.000,20.33,1,1,1,0,23.92,3,3.2,47,5814,5814
5764,3.2120,-0.1134,0.1498,2.844,good,0.011,3.45,0,0,0,0,34.90,3,0.0,,,
5765,3.2120,-0.1114,-0.1436,2.894,good,0.356,8.49,0,0,0,0,32.88,3,0.0,,,
5766,3.2120,-0.1090,0.1620,2.998,good,0.000,2.28,0,0,0,0,29.52,3,0.0,,,
5767,3.2120,-0.1089,-0.1190,3.001,good,0.000,2.59,0,0,0,0,29.38,3,0.0,,,
5774,3.2120,-0.1180,-0.1994,2.949,good,0.194,2.37,0,0,0,0,33.65,2,0.0,,,
5770,3.2160,-0.1136,0.0408,3.007,good,0.165,3.59,0,0,0,0,30.50,3,0.0,,,
5771,3.2160,-0.1146,0.0325,2.989,good,0.000,5.13,0,0,0,0,31.21,3,0.0,,,
5772,3.2160,-0.1209,-0.1916,3.450,good,0.000,4.77,0,0,0,0,19.37,2,0.0,,,
5773,3.2160,-0.1086,-0.1062,2.984,good,0.006,2.58,0,0,0,0,29.23,3,0.0,,,
5782,3.2160,-0.1183,-0.2205,2.997,good,0.056,2.62,0,0,0,0,32.11,2,0.0,,,
5783,3.2160,-0.1158,0.0823,2.957,good,0.000,2.74,0,0,0,0,32.21,2,0.0,,,
5775,3.2200,-0.1156,-0.0276,2.976,black,1.000,46.01,1,1,1,0,31.90,3,3.2,28,5828,5828
5776,3.2200,-0.1147,-0.0383,2.967,good,0.009,2.91,0,0,0,0,31.74,3,0.0,,,
5777,3.2200,-0.1137,0.1315,3.002,good,0.002,7.56,0,0,0,0,30.49,3,0.0,,,
5778,3.2200,-0.1107,-0.2291,3.311,shell,0.947,5.99,1,1,1,0,22.93,3,2.4,2,5874,
5779,3.2200,-0.1111,-0.0546,2.982,insect,1.000,5.46,1,1,1,0,30.04,3,3.1,25|24,5853,5853
5780,3.2200,-0.1108,0.1556,3.091,black,0.988,51.37,1,1,1,0,27.42,3,3.2,51|52,5850,5850
5781,3.2200,-0.1109,-0.0932,2.993,good,0.000,3.14,0,0,0,0,29.63,3,0.0,,,
5788,3.2200,-0.1152,-0.1377,3.247,husk,1.000,9.11,1,1,1,0,25.38,2,2.4,14,5877,
5789,3.2200,-0.1117,-0.2448,3.450,good,0.000,5.96,0,0,0,0,20.43,2,0.0,,,
5797,3.2200,-0.1186,0.1519,3.000,good,0.019,4.76,0,0,0,0,31.91,1,0.0,,,
5784,3.2240,-0.1154,-0.0508,3.002,good,0.000,1.97,0,0,0,0,31.65,3,0.0,,,
5785,3.2240,-0.1171,0.2004,2.730,good,0.000,2.86,0,0,0,0,39.35,3,0.0,,,
5786,3.2240,-0.1097,0.1762,3.009,good,0.011,10.33,0,0,0,0,29.47,3,0.0,,,
5787,3.2240,-0.1085,-0.1014,3.003,good,0.006,1.94,0,0,0,0,29.18,3,0.0,,,
5794,3.2240,-0.1171,-0.1263,3.000,good,0.001,2.48,0,0,0,0,32.09,2,0.0,,,
5795,3.2240,-0.1164,-0.2056,3.012,good,0.005,2.41,0,0,0,0,31.53,2,0.0,,,
5796,3.2240,-0.1134,0.1843,2.540,good,0.039,7.23,0,0,0,0,43.67,2,0.0,,,
5790,3.2280,-0.1133,-0.0649,2.998,good,0.000,3.05,0,0,0,0,41.66,3,0.0,,,
5791,3.2280,-0.1089,0.1658,3.009,good,0.001,2.24,0,0,0,0,39.86,3,0.0,,,
5792,3.2280,-0.1093,0.1132,2.996,good,0.016,2.92,0,0,0,0,40.28,3,0.0,,,
5793,3.2280,-0.1085,0.2275,2.971,good,0.000,2.04,0,0,0,0,40.54,3,0.0,,,
5802,3.2280,-0.1191,-0.1875,3.074,good,0.001,7.63,0,0,0,0,41.62,2,0.0,,,
5803,3.2280,-0.1175,-0.0442,3.125,good,0.000,2.71,0,0,0,0,39.91,2,0.0,,,
5804,3.2280,-0.1177,-0.0844,2.997,good,0.000,1.84,0,0,0,0,42.91,2,0.0,,,
5805,3.2280,-0.1163,0.1310,2.885,good,0.187,6.91,0,0,0,0,45.20,2,0.0,,,
5810,3.2280,-0.1033,0.1879,3.000,good,0.002,5.93,0,0,0,0,38.01,1,0.0,,,
5798,3.2320,-0.1142,0.1895,3.002,good,0.000,2.59,0,0,0,0,28.38,3,0.0,,,
5799,3.2320,-0.1129,-0.1033,2.979,good,0.002,2.52,0,0,0,0,28.44,3,0.0,,,
5800,3.2320,-0.1088,0.0974,2.992,good,0.000,1.86,0,0,0,0,26.72,3,0.0,,,
5801,3.2320,-0.1085,-0.1408,2.996,insect,1.000,3.42,1,1,1,0,26.49,3,3.1,13|14,5827,5827
5809,3.2320,-0.1165,-0.1142,2.876,good,0.001,3.40,0,0,0,0,32.10,2,0.0,,,
5817,3.2320,-0.1029,0.1247,3.000,good,0.002,5.20,0,0,0,0,24.43,1,0.0,,,
5806,3.2360,-0.1129,-0.0223,2.992,good,0.000,2.91,0,0,0,0,28.52,3,0.0,,,
5807,3.2360,-0.1105,-0.0451,2.999,black,1.000,49.10,1,1,1,0,27.47,3,3.2,26,5855,5855
5808,3.2360,-0.1085,-0.1540,3.063,good,0.000,2.33,0,0,0,0,25.27,3,0.0,,,
5814,3.2360,-0.1197,0.0415,2.856,good,0.122,3.11,0,0,0,0,34.08,2,0.0,,,
5815,3.2360,-0.1177,0.1852,3.086,good,0.002,3.12,0,0,0,0,27.64,2,0.0,,,
5816,3.2360,-0.1177,0.2307,3.000,good,0.000,2.14,0,0,0,0,29.64,2,0.0,,,
5811,3.2400,-0.1121,-0.1886,3.022,good,0.005,2.17,0,0,0,0,27.61,3,0.0,,,
5812,3.2400,-0.1089,0.1008,3.001,good,0.000,7.58,0,0,0,0,26.99,3,0.0,,,
5813,3.2400,-0.1100,-0.2136,2.844,good,0.000,2.94,0,0,0,0,31.16,3,0.0,,,
5828,3.2400,-0.1189,-0.0570,3.004,good,0.000,2.49,0,0,0,0,30.18,2,0.0,,,
5830,3.2400,-0.1151,-0.1637,2.987,good,0.019,3.64,0,0,0,0,29.27,2,0.0,,,
5818,3.2440,-0.1123,0.1964,2.915,good,0.000,7.03,0,0,0,0,31.14,3,0.0,,,
5819,3.2440,-0.1160,-0.0322,2.994,good,0.000,2.09,0,0,0,0,30.40,3,0.0,,,
5820,3.2440,-0.1151,-0.1159,3.008,good,0.000,2.35,0,0,0,0,29.74,3,0.0,,,
5821,3.2440,-0.1137,-0.1876,2.994,good,0.000,3.68,0,0,0,0,29.54,3,0.0,,,
5822,3.2440,-0.1247,-0.0052,3.326,good,0.000,2.35,0,0,0,0,21.72,2,0.0,,,
5823,3.2440,-0.1255,0.0231,2.842,good,0.000,5.08,0,0,0,0,33.47,2,0.0,,,
5824,3.2440,-0.1376,0.1253,3.000,good,0.000,3.01,0,0,0,0,29.31,1,0.0,,,
5825,3.2440,-0.1108,-0.1244,2.988,good,0.000,3.53,0,0,0,0,28.59,3,0.0,,,
5826,3.2440,-0.1119,0.0552,2.996,good,0.000,1.76,0,0,0,0,28.73,3,0.0,,,
5827,3.2440,-0.1217,-0.0984,2.985,good,0.276,5.02,0,0,0,0,28.25,2,0.0,,,
5829,3.2440,-0.1102,0.1303,2.507,good,0.002,8.81,0,0,0,0,41.78,3,0.0,,,
5837,3.2440,-0.1200,-0.2158,3.000,sour,1.000,20.97,1,1,1,0,31.24,2,3.2,4,5880,5880
5839,3.2440,-0.1164,0.0166,3.427,good,0.001,7.73,0,0,0,0,20.99,2,0.0,,,
5840,3.2440,-0.1277,-0.1053,3.000,good,0.363,5.56,0,0,0,0,29.76,1,0.0,,,
5848,3.2440,-0.1123,-0.1012,3.000,good,0.044,9.62,0,0,0,0,28.62,1,0.0,,,
5849,3.2440,-0.1114,-0.0022,3.000,good,0.000,2.33,0,0,0,0,28.32,1,0.0,,,
5831,3.2480,-0.1123,0.1711,3.450,good,0.006,3.34,0,0,0,0,21.57,3,0.0,,,
5832,3.2480,-0.1368,0.2086,3.000,good,0.001,4.65,0,0,0,0,30.95,1,0.0,,,
5833,3.2480,-0.1115,0.0442,3.065,good,0.075,5.72,0,0,0,0,28.97,3,0.0,,,
5834,3.2480,-0.1095,0.0755,3.284,good,0.000,5.12,0,0,0,0,23.73,3,0.0,,,
5835,3.2480,-0.1127,0.1149,2.766,good,0.000,2.79,0,0,0,0,36.80,3,0.0,,,
5836,3.2480,-0.1111,0.0035,2.813,good,0.001,2.29,0,0,0,0,34.89,3,0.0,,,
5838,3.2480,-0.1113,-0.0869,2.555,good,0.000,2.75,0,0,0,0,42.55,3,0.0,,,
5845,3.2480,-0.1191,0.0868,3.013,good,0.000,2.30,0,0,0,0,32.50,2,0.0,,,
5846,3.2480,-0.1176,-0.0381,3.450,good,0.002,5.09,0,0,0,0,22.82,2,0.0,,,
5847,3.2480,-0.1230,0.2126,3.000,good,0.002,6.96,0,0,0,0,30.10,1,0.0,,,
5852,3.2480,-0.1093,0.2166,3.000,good,0.001,4.57,0,0,0,0,29.52,1,0.0,,,
5841,3.2520,-0.1166,0.0335,3.004,good,0.000,2.53,0,0,0,0,31.27,3,0.0,,,
5842,3.2520,-0.1135,0.1220,3.005,good,0.000,1.96,0,0,0,0,30.15,3,0.0,,,
5843,3.2520,-0.1138,0.0561,2.995,good,0.006,3.49,0,0,0,0,30.46,3,0.0,,,
5844,3.2520,-0.1104,-0.2097,2.856,good,0.006,4.27,0,0,0,0,32.68,3,0.0,,,
5851,3.2520,-0.1192,-0.0021,3.004,good,0.092,4.35,0,0,0,0,31.95,2,0.0,,,
5850,3.2560,-0.1138,-0.1544,3.001,good,0.006,4.71,0,0,0,0,32.07,3,0.0,,,
5855,3.2560,-0.1182,-0.1677,3.013,broken,0.762,6.88,1,1,1,0,33.19,2,2.4,10,5903|5909,
5856,3.2560,-0.1169,0.1144,2.977,good,0.001,2.39,0,0,0,0,33.55,2,0.0,,,
5853,3.2600,-0.1141,0.1157,2.884,faded,1.000,6.93,1,1,1,0,33.66,3,3.2,46|47,5936,5936
5854,3.2600,-0.1110,0.0667,2.999,good,0.000,2.84,0,0,0,0,29.69,3,0.0,,,
5860,3.2600,-0.1185,-0.1999,3.345,good,0.000,3.66,0,0,0,0,24.63,2,0.0,,,
5862,3.2600,-0.1175,0.1909,3.009,good,0.001,2.87,0,0,0,0,31.55,2,0.0,,,
5863,3.2600,-0.1155,-0.1309,2.987,faded,1.000,5.06,1,1,1,0,31.36,2,3.2,15,5943,
5857,3.2640,-0.1150,0.1675,2.997,good,0.000,4.56,0,0,0,0,31.78,3,0.0,,,
5858,3.2640,-0.1104,-0.0440,3.006,black,0.920,20.59,1,1,1,0,29.96,3,3.2,26,5904|5923,5904|5923
5859,3.2640,-0.1101,0.0187,3.001,good,0.000,2.30,0,0,0,0,29.91,3,0.0,,,
5861,3.2640,-0.1109,0.2286,2.696,good,0.155,4.30,0,0,0,0,38.10,3,0.0,,,
5868,3.2640,-0.1197,0.0617,3.009,good,0.000,2.90,0,0,0,0,32.85,2,0.0,,,
5869,3.2640,-0.1188,-0.0854,2.998,good,0.000,2.77,0,0,0,0,32.79,2,0.0,,,
5870,3.2640,-0.1185,0.0384,3.016,good,0.000,2.31,0,0,0,0,32.20,2,0.0,,,
5871,3.2640,-0.1180,-0.1788,3.036,good,0.001,3.56,0,0,0,0,31.54,2,0.0,,,
5864,3.2680,-0.1159,0.1373,3.038,good,0.002,3.84,0,0,0,0,30.36,3,0.0,,,
5865,3.2680,-0.1158,-0.1479,2.981,good,0.010,7.10,0,0,0,0,31.62,3,0.0,,,
5866,3.2680,-0.1112,0.2115,3.005,faded,0.503,4.05,1,1,1,0,29.47,3,3.2,59|58,5924,5924
5867,3.2680,-0.1337,0.1146,3.000,good,0.000,2.51,0,0,0,0,29.04,1,0.0,,,
5875,3.2680,-0.1179,0.1581,3.021,good,0.000,2.68,0,0,0,0,31.24,2,0.0,,,
5876,3.2680,-0.1163,-0.0341,2.997,black,1.000,47.64,1,1,1,0,31.24,2,3.2,27,5917,5917
5877,3.2680,-0.1216,0.1110,3.000,good,0.000,2.52,0,0,0,0,28.91,1,0.0,,,
5887,3.2680,-0.1095,0.1073,3.000,good,0.000,2.63,0,0,0,0,28.88,1,0.0,,,
5872,3.2720,-0.1388,0.2429,3.000,good,0.004,3.30,0,0,0,0,29.03,1,0.0,,,
5873,3.2720,-0.1274,0.1234,2.814,good,0.002,3.29,0,0,0,0,34.10,2,0.0,,,
5874,3.2720,-0.1098,-0.1092,3.072,good,0.000,2.92,0,0,0,0,25.55,3,0.0,,,
5883,3.2720,-0.1188,-0.1868,2.976,good,0.102,3.00,0,0,0,0,30.76,2,0.0,,,
5884,3.2720,-0.1184,0.0264,3.019,good,0.002,2.82,0,0,0,0,29.53,2,0.0,,,
5885,3.2720,-0.1163,-0.0953,2.998,good,0.000,4.01,0,0,0,0,29.30,2,0.0,,,
5886,3.2720,-0.1170,0.0955,3.061,good,0.005,2.92,0,0,0,0,28.03,2,0.0,,,
5895,3.2720,-0.1161,0.1198,3.000,good,0.001,3.26,0,0,0,0,29.14,1,0.0,,,
5878,3.2760,-0.1123,-0.0135,2.995,good,0.000,1.97,0,0,0,0,28.84,3,0.0,,,
5879,3.2760,-0.1111,0.1554,3.012,faded,0.848,4.99,1,1,1,0,27.99,3,3.2,51|52,5939|5946,5939|5946
5880,3.2760,-0.1110,-0.1098,3.006,good,0.000,3.24,0,0,0,0,28.02,3,0.0,,,
5881,3.2760,-0.1100,0.0174,3.012,good,0.000,2.99,0,0,0,0,27.51,3,0.0,,,
5882,3.2760,-0.1120,0.2375,2.534,good,0.022,10.80,0,0,0,0,41.41,3,0.0,,,
5894,3.2760,-0.1197,0.1942,2.995,faded,0.580,5.10,1,1,1,0,31.08,2,3.2,56|57,5932,5932
5888,3.2800,-0.1140,-0.1640,2.988,good,0.000,2.75,0,0,0,0,41.16,3,0.0,,,
5889,3.2800,-0.1125,0.1833,2.998,good,0.206,5.27,0,0,0,0,40.38,3,0.0,,,
5890,3.2800,-0.1126,0.0507,3.002,good,0.002,2.25,0,0,0,0,40.28,3,0.0,,,
5891,3.2800,-0.1114,0.1154,3.117,good,0.000,2.01,0,0,0,0,37.26,3,0.0,,,
5892,3.2800,-0.1254,0.2190,3.002,good,0.025,3.90,0,0,0,0,40.46,2,0.0,,,
5893,3.2800,-0.1086,0.1016,3.050,good,0.000,2.59,0,0,0,0,37.71,3,0.0,,,
5901,3.2800,-0.1305,0.2118,3.000,good,0.000,2.73,0,0,0,0,42.14,1,0.0,,,
5902,3.2800,-0.1168,-0.0454,3.040,good,0.001,3.09,0,0,0,0,40.60,2,0.0,,,
5903,3.2800,-0.1170,-0.1175,3.008,good,0.116,3.49,0,0,0,0,41.35,2,0.0,,,
5912,3.2800,-0.1148,0.2157,3.000,good,0.006,6.97,0,0,0,0,40.82,1,0.0,,,
5913,3.2800,-0.1077,0.2370,3.000,good,0.037,3.13,0,0,0,0,38.46,1,0.0,,,
5914,3.2800,-0.1025,0.1832,3.000,good,0.012,3.01,0,0,0,0,36.71,1,0.0,,,
5896,3.2840,-0.1135,-0.0851,3.007,good,0.001,2.66,0,0,0,0,28.31,3,0.0,,,
5897,3.2840,-0.1117,0.1199,3.005,good,0.013,2.66,0,0,0,0,27.74,3,0.0,,,
5898,3.2840,-0.1181,0.2255,2.453,good,0.013,5.22,0,0,0,0,46.16,3,0.0,,,
5899,3.2840,-0.1129,0.0018,2.983,good,0.000,2.10,0,0,0,0,28.54,3,0.0,,,
5900,3.2840,-0.1100,-0.1394,3.022,good,0.000,2.51,0,0,0,0,26.64,3,0.0,,,
5907,3.2840,-0.1187,-0.0085,3.221,good,0.000,4.49,0,0,0,0,25.00,2,0.0,,,
5908,3.2840,-0.1175,-0.2182,3.039,good,0.015,3.78,0,0,0,0,28.63,2,0.0,,,
5909,3.2840,-0.1189,-0.2331,2.988,black,1.000,50.46,1,1,1,0,30.27,2,3.2,2|1,5985,5985
5910,3.2840,-0.1188,0.2060,3.000,good,0.001,1.80,0,0,0,0,29.87,2,0.0,,,
5911,3.2840,-0.1168,0.1865,3.094,good,0.000,2.04,0,0,0,0,26.99,2,0.0,,,
5904,3.2880,-0.1150,-0.0859,3.051,good,0.000,2.75,0,0,0,0,27.34,3,0.0,,,
5905,3.2880,-0.1122,-0.0418,3.153,good,0.002,4.04,0,0,0,0,24.13,3,0.0,,,
5906,3.2880,-0.1120,0.1463,3.075,good,0.000,1.81,0,0,0,0,25.73,3,0.0,,,
5918,3.2880,-0.1318,-0.0963,3.000,good,0.001,9.63,0,0,0,0,30.06,1,0.0,,,
5919,3.2880,-0.1175,-0.0185,3.421,good,0.288,4.78,0,0,0,0,20.33,2,0.0,,,
5920,3.2880,-0.1176,0.0608,3.002,good,0.000,2.43,0,0,0,0,29.21,2,0.0,,,
5921,3.2880,-0.1193,0.2404,3.014,sour,1.000,17.03,1,1,1,0,29.40,2,3.2,62,5973,
5932,3.2880,-0.1193,-0.0921,3.000,good,0.001,8.72,0,0,0,0,29.73,1,0.0,,,
5933,3.2880,-0.1059,-0.0120,3.000,good,0.000,4.17,0,0,0,0,25.25,1,0.0,,,
5915,3.2920,-0.1105,0.1324,3.052,good,0.009,5.91,0,0,0,0,28.80,3,0.0,,,
5916,3.2920,-0.1123,-0.0545,2.999,good,0.000,2.70,0,0,0,0,30.54,3,0.0,,,
5917,3.2920,-0.1105,-0.0787,2.999,good,0.000,1.79,0,0,0,0,29.93,3,0.0,,,
5926,3.2920,-0.1197,-0.2040,3.450,good,0.000,7.77,0,0,0,0,23.35,2,0.0,,,
5929,3.2920,-0.1170,-0.0409,2.985,good,0.003,9.39,0,0,0,0,32.32,2,0.0,,,
5930,3.2920,-0.1169,-0.1906,2.988,good,0.000,3.42,0,0,0,0,32.19,2,0.0,,,
5931,3.2920,-0.1103,-0.1023,2.945,good,0.011,2.80,0,0,0,0,30.96,2,0.0,,,
5945,3.2920,-0.1065,-0.0890,3.000,good,0.003,8.45,0,0,0,0,28.36,1,0.0,,,
5946,3.2920,-0.0996,-0.0456,3.000,good,0.009,3.99,0,0,0,0,26.05,1,0.0,,,
5922,3.2960,-0.1141,0.1983,3.069,broken,0.742,3.23,1,1,1,0,39.13,3,2.4,57,5993,
5923,3.2960,-0.1245,-0.0563,3.167,sour,1.000,14.56,1,1,1,0,36.21,2,3.2,24,,
5924,3.2960,-0.1110,-0.1586,3.133,good,0.000,1.90,0,0,0,0,36.58,3,0.0,,,
5925,3.2960,-0.1103,0.1790,3.132,good,0.001,2.12,0,0,0,0,36.31,3,0.0,,,
5927,3.2960,-0.1099,-0.0627,2.816,good,0.018,9.53,0,0,0,0,43.66,3,0.0,,,
5928,3.2960,-0.1086,0.0307,3.007,good,0.000,3.00,0,0,0,0,38.44,3,0.0,,,
5940,3.2960,-0.1197,-0.2443,2.998,good,0.015,3.35,0,0,0,0,42.31,2,0.0,,,
5941,3.2960,-0.1185,-0.0200,3.185,good,0.000,2.44,0,0,0,0,37.60,2,0.0,,,
5942,3.2960,-0.1180,0.0076,2.835,good,0.001,4.66,0,0,0,0,45.87,2,0.0,,,
5943,3.2960,-0.1161,-0.1943,2.995,good,0.000,3.31,0,0,0,0,41.10,2,0.0,,,
5944,3.2960,-0.1165,0.1567,2.975,faded,0.988,5.11,1,1,1,0,41.68,2,3.2,52|51,5975,5975
5955,3.2960,-0.1046,-0.2082,3.000,good,0.001,6.26,0,0,0,0,37.09,1,0.0,,,
5934,3.3000,-0.1273,-0.1949,2.614,good,0.079,20.94,1,1,1,0,40.08,2,9.0,7|6|8,,
5935,3.3000,-0.1359,0.0949,3.000,good,0.000,1.46,0,0,0,0,27.69,1,0.0,,,
5936,3.3000,-0.1130,0.1341,2.993,good,0.001,1.97,0,0,0,0,28.16,3,0.0,,,
5937,3.3000,-0.1121,-0.0820,2.965,good,0.371,2.96,0,0,0,0,28.48,3,0.0,,,
5938,3.3000,-0.1186,0.1566,2.152,good,0.001,7.90,0,0,0,0,58.48,3,0.0,,,
5939,3.3000,-0.1114,0.2154,2.976,good,0.000,2.15,0,0,0,0,27.92,3,0.0,,,
5950,3.3000,-0.1173,0.0919,2.919,good,0.001,13.79,0,0,0,0,31.29,2,0.0,,,
5952,3.3000,-0.1191,0.1125,2.988,good,0.000,2.43,0,0,0,0,30.15,2,0.0,,,
5953,3.3000,-0.1188,-0.1216,3.000,good,0.014,1.90,0,0,0,0,29.72,2,0.0,,,
5954,3.3000,-0.1155,0.0368,3.345,good,0.002,2.69,0,0,0,0,21.17,2,0.0,,,
5962,3.3000,-0.1067,0.0111,3.000,broken,0.654,7.31,1,1,1,0,25.64,1,2.4,33,5968,
5947,3.3040,-0.1236,0.1031,3.450,husk,1.000,139.04,1,1,1,0,20.01,2,2.4,45|44,,
5948,3.3040,-0.1259,0.1238,2.518,good,0.000,3.27,0,0,0,0,44.82,2,0.0,,,
5949,3.3040,-0.1103,0.0549,3.013,good,0.000,3.62,0,0,0,0,28.86,3,0.0,,,
5951,3.3040,-0.1081,0.2243,3.010,good,0.001,3.03,0,0,0,0,28.19,3,0.0,,,
5961,3.3040,-0.1135,-0.1611,3.242,good,0.328,18.72,1,1,1,0,24.86,2,9.0,11|10|12,5984|6033,5984
5966,3.3040,-0.1158,0.1277,3.000,good,0.000,3.18,0,0,0,0,30.91,1,0.0,,,
5967,3.3040,-0.1068,-0.1249,3.000,good,0.001,1.93,0,0,0,0,27.92,1,0.0,,,
5956,3.3080,-0.1149,0.1309,2.845,good,0.197,3.35,0,0,0,0,37.35,3,0.0,,,
5957,3.3080,-0.1135,-0.1812,3.014,black,1.000,50.22,1,1,1,0,32.62,3,3.2,8|9,6019,
5958,3.3080,-0.1136,-0.0315,2.568,good,0.003,7.09,0,0,0,0,44.91,3,0.0,,,
5959,3.3080,-0.1223,0.0313,2.959,good,0.000,2.35,0,0,0,0,32.80,2,0.0,,,
5960,3.3080,-0.1211,0.0432,3.202,good,0.081,9.33,0,0,0,0,26.70,2,0.0,,,
5965,3.3080,-0.1175,-0.0539,3.003,good,0.003,7.29,0,0,0,0,34.03,2,0.0,,,
5976,3.3080,-0.1093,0.0355,3.000,good,0.051,8.51,0,0,0,0,31.37,1,0.0,,,
5963,3.3120,-0.1381,-0.0672,3.000,good,0.000,3.29,0,0,0,0,31.49,1,0.0,,,
5964,3.3120,-0.1125,0.0696,3.004,insect,1.000,5.59,1,1,1,0,30.75,3,3.1,40|41,6004,6004
5973,3.3120,-0.1182,-0.0724,2.874,good,0.015,11.28,0,0,0,0,35.85,2,0.0,,,
5975,3.3120,-0.1187,-0.1614,3.338,good,0.000,2.47,0,0,0,0,25.39,2,0.0,,,
5983,3.3120,-0.1081,-0.0346,3.000,good,0.003,2.20,0,0,0,0,29.25,1,0.0,,,
5968,3.3160,-0.1137,-0.1996,3.190,good,0.001,1.68,0,0,0,0,27.25,3,0.0,,,
5969,3.3160,-0.1144,0.1525,2.983,good,0.000,2.46,0,0,0,0,32.06,3,0.0,,,
5970,3.3160,-0.1195,-0.0896,2.370,sour,1.000,16.70,1,1,1,0,52.75,3,3.2,20,6022,
5971,3.3160,-0.1098,0.0817,3.333,good,0.000,2.98,0,0,0,0,23.03,3,0.0,,,
5972,3.3160,-0.1126,-0.2077,3.009,good,0.008,2.63,0,0,0,0,30.70,3,0.0,,,
5974,3.3160,-0.1089,-0.1741,3.060,good,0.000,2.13,0,0,0,0,28.30,3,0.0,,,
5982,3.3160,-0.1104,-0.0099,3.450,sour,1.000,16.40,1,1,1,0,20.98,2,3.2,30,6045,
5977,3.3200,-0.1125,-0.1432,2.909,good,0.082,6.02,0,0,0,0,32.93,3,0.0,,,
5978,3.3200,-0.1125,0.0284,2.998,faded,1.000,6.37,1,1,1,0,30.69,3,3.2,35,6021,6021
5979,3.3200,-0.1126,-0.1219,2.855,good,0.001,2.11,0,0,0,0,34.22,3,0.0,,,
5980,3.3200,-0.1105,0.1419,3.011,faded,1.000,6.32,1,1,1,0,29.61,3,3.2,50|49,6037,6037
5981,3.3200,-0.1103,0.1778,3.001,good,0.000,2.95,0,0,0,0,29.74,3,0.0,,,
5989,3.3200,-0.1170,-0.0103,2.928,good,0.000,2.67,0,0,0,0,33.75,2,0.0,,,
5993,3.3200,-0.1009,-0.0772,3.000,faded,1.000,4.51,1,1,1,0,26.58,1,3.2,22|21,6035,6035
5984,3.3240,-0.1152,0.2100,2.988,good,0.000,3.20,0,0,0,0,29.67,3,0.0,,,
5985,3.3240,-0.1135,0.1518,2.983,good,0.000,1.54,0,0,0,0,29.09,3,0.0,,,
5986,3.3240,-0.1095,-0.0331,3.014,good,0.408,4.87,0,0,0,0,26.98,3,0.0,,,
5987,3.3240,-0.1084,0.0500,3.033,good,0.001,2.70,0,0,0,0,26.14,3,0.0,,,
5988,3.3240,-0.1105,0.1151,3.000,good,0.001,3.01,0,0,0,0,27.52,3,0.0,,,
5992,3.3240,-0.1193,0.0924,2.991,good,0.004,2.56,0,0,0,0,30.63,2,0.0,,,
5990,3.3280,-0.1149,0.1253,3.017,black,1.000,50.47,1,1,1,0,29.26,3,3.2,48|47,6043,6043
5991,3.3280,-0.1123,-0.2233,2.872,good,0.006,4.22,0,0,0,0,31.89,3,0.0,,,
5997,3.3280,-0.1174,-0.0812,2.994,good,0.007,3.65,0,0,0,0,30.53,2,0.0,,,
5998,3.3280,-0.1127,0.0428,3.204,good,0.002,4.47,0,0,0,0,24.25,2,0.0,,,
5994,3.3320,-0.1165,0.2147,3.000,insect,1.000,7.82,1,1,1,0,40.67,3,3.1,59,6028,6028
5995,3.3320,-0.1142,0.1845,2.999,good,0.044,3.58,0,0,0,0,39.84,3,0.0,,,
5996,3.3320,-0.1103,0.2188,3.002,good,0.000,2.16,0,0,0,0,38.44,3,0.0,,,
6004,3.3320,-0.1175,-0.1734,3.000,faded,0.919,3.45,1,1,1,0,40.85,2,3.2,9|10,6051,6051
6005,3.3320,-0.1170,-0.1364,3.308,good,0.001,3.23,0,0,0,0,33.88,2,0.0,,,
6006,3.3320,-0.1157,-0.2289,3.002,good,0.000,2.15,0,0,0,0,40.11,2,0.0,,,
6007,3.3320,-0.1174,-0.0633,2.914,good,0.002,2.82,0,0,0,0,42.82,2,0.0,,,
5999,3.3360,-0.1289,-0.1458,2.439,good,0.004,8.50,0,0,0,0,49.57,2,0.0,,,
6000,3.3360,-0.1132,-0.0491,2.971,good,0.015,3.70,0,0,0,0,31.41,3,0.0,,,
6001,3.3360,-0.1346,-0.1892,3.000,good,0.021,9.14,0,0,0,0,29.84,1,0.0,,,
6002,3.3360,-0.1099,0.1231,2.999,black,1.000,48.60,1,1,1,0,29.60,3,3.2,47,6064,6064
6003,3.3360,-0.1081,-0.0845,3.026,good,0.000,2.33,0,0,0,0,28.31,3,0.0,,,
6014,3.3360,-0.1194,0.0272,2.369,good,0.030,5.60,0,0,0,0,52.13,2,0.0,,,
6015,3.3360,-0.1248,0.1545,3.000,good,0.000,3.20,0,0,0,0,30.43,1,0.0,,,
6016,3.3360,-0.1106,-0.1853,2.996,good,0.021,9.17,0,0,0,0,29.77,2,0.0,,,
6022,3.3360,-0.1191,-0.1427,3.000,good,0.014,8.60,0,0,0,0,32.50,1,0.0,,,
6023,3.3360,-0.1056,0.1530,3.000,good,0.001,2.86,0,0,0,0,27.99,1,0.0,,,
6008,3.3400,-0.1147,-0.2058,3.000,good,0.001,2.25,0,0,0,0,30.96,3,0.0,,,
6010,3.3400,-0.1178,0.0484,2.724,good,0.000,3.81,0,0,0,0,39.24,3,0.0,,,
6011,3.3400,-0.1120,0.1975,3.000,good,0.001,9.17,0,0,0,0,29.94,3,0.0,,,
6012,3.3400,-0.1106,0.1153,2.894,good,0.001,5.14,0,0,0,0,32.02,3,0.0,,,
6013,3.3400,-0.1100,0.1496,2.745,good,0.003,4.20,0,0,0,0,35.68,3,0.0,,,
6020,3.3400,-0.1192,-0.1838,3.213,good,0.000,2.61,0,0,0,0,27.39,2,0.0,,,
6021,3.3400,-0.1163,-0.2223,3.022,good,0.044,4.69,0,0,0,0,30.71,2,0.0,,,
6030,3.3400,-0.1137,0.0239,3.000,good,0.008,2.82,0,0,0,0,30.33,1,0.0,,,
6009,3.3440,-0.1233,-0.1485,2.113,good,0.031,5.74,0,0,0,0,62.09,3,0.0,,,
6017,3.3440,-0.1145,-0.0398,3.005,good,0.000,2.45,0,0,0,0,31.74,3,0.0,,,
6018,3.3440,-0.1125,0.0684,3.000,good,0.000,2.33,0,0,0,0,31.16,3,0.0,,,
6019,3.3440,-0.1118,0.1260,2.997,good,0.023,2.73,0,0,0,0,30.92,3,0.0,,,
6025,3.3440,-0.1190,-0.1504,3.450,good,0.002,5.69,0,0,0,0,23.71,2,0.0,,,
6027,3.3440,-0.1191,0.1999,3.253,good,0.123,14.72,0,0,0,0,27.54,2,0.0,,,
6028,3.3440,-0.1197,0.0477,2.767,good,0.000,4.65,0,0,0,0,39.55,2,0.0,,,
6029,3.3440,-0.1191,0.2190,2.790,good,0.006,5.72,0,0,0,0,38.66,2,0.0,,,
6037,3.3440,-0.0997,-0.1390,3.000,good,0.003,7.84,0,0,0,0,26.68,1,0.0,,,
6024,3.3480,-0.1128,-0.1852,3.002,good,0.018,2.28,0,0,0,0,30.11,3,0.0,,,
6026,3.3480,-0.1088,-0.2081,2.980,black,1.000,50.80,1,1,1,0,29.22,3,3.2,5,6087,
6036,3.3480,-0.1110,-0.0392,3.450,faded,0.995,3.86,1,1,1,0,20.25,2,3.2,26|27,6202,6202
6031,3.3520,-0.1155,-0.1284,2.990,good,0.000,2.88,0,0,0,0,30.36,3,0.0,,,
6032,3.3520,-0.1374,-0.0856,3.000,good,0.000,2.52,0,0,0,0,29.41,1,0.0,,,
6033,3.3520,-0.1115,0.0842,3.012,faded,0.974,5.55,1,1,1,0,28.47,3,3.1,42,6086,6086
6034,3.3520,-0.1082,-0.1695,3.081,good,0.002,2.07,0,0,0,0,25.74,3,0.0,,,
6035,3.3520,-0.1097,-0.1216,2.996,sour,1.000,11.26,1,1,1,0,28.11,3,3.2,16,6096,6096
6041,3.3520,-0.1189,-0.0079,3.002,good,0.000,2.09,0,0,0,0,30.99,2,0.0,,,
6042,3.3520,-0.1191,0.1142,3.133,good,0.000,2.44,0,0,0,0,27.97,2,0.0,,,
6043,3.3520,-0.1177,-0.1726,3.095,good,0.000,2.45,0,0,0,0,28.36,2,0.0,,,
6044,3.3520,-0.1156,-0.0899,2.994,good,0.013,6.06,0,0,0,0,29.99,2,0.0,,,
6045,3.3520,-0.1174,0.2260,3.000,good,0.003,3.70,0,0,0,0,30.44,2,0.0,,,
6038,3.3560,-0.1149,0.1722,2.997,good,0.001,4.21,0,0,0,0,28.67,3,0.0,,,
6039,3.3560,-0.1088,-0.1228,3.152,faded,0.999,5.83,1,1,1,0,23.15,3,3.2,16,6110,
6040,3.3560,-0.1086,-0.1865,3.138,good,0.000,1.62,0,0,0,0,23.29,3,0.0,,,
6052,3.3560,-0.1186,-0.2079,3.000,good,0.000,2.59,0,0,0,0,29.64,2,0.0,,,
6053,3.3560,-0.1170,0.1442,2.840,good,0.001,6.96,0,0,0,0,33.15,2,0.0,,,
6054,3.3560,-0.1165,-0.0874,2.999,black,1.000,49.37,1,1,1,0,28.90,2,3.2,20|21,6118,6118
6063,3.3560,-0.1001,-0.0874,3.000,good,0.000,2.54,0,0,0,0,23.39,1,0.0,,,
6046,3.3600,-0.1392,-0.1415,3.000,good,0.082,3.24,0,0,0,0,29.79,1,0.0,,,
6047,3.3600,-0.1139,-0.0161,3.186,shell,0.997,9.32,1,1,1,0,25.05,3,2.4,29|30,6140,
6048,3.3600,-0.1148,0.0249,3.000,good,0.000,2.54,0,0,0,0,29.42,3,0.0,,,
6049,3.3600,-0.1103,-0.1179,3.006,faded,0.997,6.91,1,1,1,0,27.77,3,3.2,16|17,6103|6126,6103|6126
6050,3.3600,-0.1076,-0.2276,3.298,good,0.005,3.33,0,0,0,0,20.68,3,0.0,,,
6051,3.3600,-0.1090,0.0538,3.001,faded,0.592,4.02,1,1,1,0,27.35,3,3.2,38|39,6085,6085
6060,3.3600,-0.1184,-0.1647,3.050,broken,1.000,3.03,1,1,1,0,29.28,2,2.4,10|11,6113,6113
6061,3.3600,-0.1176,-0.0612,2.868,good,0.000,2.38,0,0,0,0,33.49,2,0.0,,,
6062,3.3600,-0.1243,-0.1450,3.000,good,0.204,3.54,0,0,0,0,28.39,1,0.0,,,
6070,3.3600,-0.1175,0.1264,3.000,good,0.004,2.95,0,0,0,0,30.10,1,0.0,,,
6071,3.3600,-0.1095,-0.1486,3.000,good,0.141,3.32,0,0,0,0,27.43,1,0.0,,,
6055,3.3640,-0.1118,0.2087,3.173,good,0.027,10.10,0,0,0,0,23.87,3,0.0,,,
6056,3.3640,-0.1140,0.0758,3.004,good,0.000,2.11,0,0,0,0,28.33,3,0.0,,,
6057,3.3640,-0.1146,-0.0937,3.000,faded,0.868,3.25,1,1,1,0,28.55,3,3.2,20|19,6121,
6058,3.3640,-0.1142,0.1243,2.548,good,0.006,7.10,0,0,0,0,41.03,3,0.0,,,
6059,3.3640,-0.1109,-0.0793,2.985,good,0.000,2.88,0,0,0,0,27.60,3,0.0,,,
6064,3.3680,-0.1100,0.0419,3.002,good,0.017,7.34,0,0,0,0,26.71,3,0.0,,,
6065,3.3680,-0.1125,0.1964,2.974,good,0.000,2.64,0,0,0,0,28.14,3,0.0,,,
6066,3.3680,-0.1104,0.1554,3.198,good,0.000,5.19,0,0,0,0,22.44,3,0.0,,,
6067,3.3680,-0.1323,0.1407,3.000,good,0.000,4.95,0,0,0,0,26.08,1,0.0,,,
6068,3.3680,-0.1085,0.0078,2.994,good,0.000,2.93,0,0,0,0,26.26,3,0.0,,,
6069,3.3680,-0.1104,0.0193,2.685,insect,1.000,4.19,1,1,1,0,34.96,3,3.1,34,6117,
6076,3.3680,-0.1195,0.1377,2.488,good,0.001,10.32,0,0,0,0,44.73,2,0.0,,,
6078,3.3680,-0.1179,-0.0794,3.152,good,0.001,2.36,0,0,0,0,25.60,2,0.0,,,
6079,3.3680,-0.1169,0.2351,2.999,good,0.000,2.60,0,0,0,0,28.77,2,0.0,,,
6072,3.3720,-0.1145,0.0446,3.004,insect,1.000,5.57,1,1,1,0,37.66,3,3.1,37,6134,6134
6073,3.3720,-0.1130,-0.0175,3.002,good,0.466,2.80,0,0,0,0,37.15,3,0.0,,,
6074,3.3720,-0.1108,-0.1231,3.002,good,0.001,2.98,0,0,0,0,36.38,3,0.0,,,
6075,3.3720,-0.1167,0.0809,2.493,good,0.106,5.70,0,0,0,0,53.02,3,0.0,,,
6077,3.3720,-0.1086,-0.0237,2.959,good,0.010,2.71,0,0,0,0,36.59,3,0.0,,,
6085,3.3720,-0.1313,-0.1742,3.000,good,0.013,5.23,0,0,0,0,39.14,1,0.0,,,
6086,3.3720,-0.1193,0.0576,3.012,good,0.000,2.05,0,0,0,0,38.84,2,0.0,,,
6087,3.3720,-0.1160,-0.2093,3.091,good,0.001,5.88,0,0,0,0,35.89,2,0.0,,,
6088,3.3720,-0.1171,-0.1064,3.118,good,0.000,2.38,0,0,0,0,35.57,2,0.0,,,
6089,3.3720,-0.1166,0.2131,3.014,good,0.001,2.88,0,0,0,0,37.74,2,0.0,,,
6096,3.3720,-0.1173,-0.1781,3.000,good,0.024,5.58,0,0,0,0,38.31,1,0.0,,,
6097,3.3720,-0.1100,0.1315,3.000,good,0.000,4.75,0,0,0,0,35.89,1,0.0,,,
6080,3.3760,-0.1115,0.0858,3.450,good,0.000,4.15,0,0,0,0,19.77,3,0.0,,,
6081,3.3760,-0.1133,0.0101,3.283,good,0.000,9.45,0,0,0,0,23.38,3,0.0,,,
6082,3.3760,-0.1166,-0.0311,2.691,good,0.000,3.60,0,0,0,0,38.84,3,0.0,,,
6083,3.3760,-0.1132,0.1538,2.792,good,0.000,1.44,0,0,0,0,34.70,3,0.0,,,
6084,3.3760,-0.1220,0.0701,2.926,faded,0.977,3.85,1,1,1,0,30.17,2,3.2,40|41,6168,6168
6095,3.3760,-0.1192,-0.0564,2.743,good,0.001,1.70,0,0,0,0,38.13,2,0.0,,,
6102,3.3760,-0.1089,0.0760,3.000,faded,0.950,7.86,1,1,1,0,27.83,1,3.2,41,6100|6136,
6103,3.3760,-0.1032,-0.1819,3.000,good,0.013,5.35,0,0,0,0,25.94,1,0.0,,,
6104,3.3760,-0.1026,0.1284,3.000,insect,0.748,4.41,1,1,1,0,25.70,1,3.1,48,6042,
6090,3.3800,-0.1164,0.0070,3.000,good,0.000,2.35,0,0,0,0,30.64,3,0.0,,,
6091,3.3800,-0.1149,-0.0127,2.996,good,0.000,2.57,0,0,0,0,30.16,3,0.0,,,
6092,3.3800,-0.1102,0.0719,3.006,good,0.000,1.81,0,0,0,0,28.32,3,0.0,,,
6093,3.3800,-0.1071,-0.1864,3.369,good,0.001,1.65,0,0,0,0,19.85,3,0.0,,,
6094,3.3800,-0.1084,0.1867,2.936,insect,0.595,8.57,1,1,1,0,29.29,3,3.2,55|56,6104,6104
6101,3.3800,-0.1184,-0.1837,3.011,good,0.001,3.64,0,0,0,0,30.82,2,0.0,,,
6110,3.3800,-0.1012,0.0134,3.000,good,0.003,3.04,0,0,0,0,25.33,1,0.0,,,
6098,3.3840,-0.1149,0.2305,2.932,good,0.000,1.79,0,0,0,0,33.73,3,0.0,,,
6099,3.3840,-0.1126,0.1954,2.854,good,0.000,1.59,0,0,0,0,34.87,3,0.0,,,
6100,3.3840,-0.1131,0.0759,2.647,good,0.000,4.49,0,0,0,0,40.82,3,0.0,,,
6107,3.3840,-0.1199,-0.0445,3.060,good,0.005,3.38,0,0,0,0,32.16,2,0.0,,,
6108,3.3840,-0.1195,0.0953,2.995,good,0.000,4.61,0,0,0,0,33.50,2,0.0,,,
6109,3.3840,-0.1169,-0.2004,2.998,good,0.066,9.12,0,0,0,0,32.52,2,0.0,,,
6105,3.3880,-0.1116,0.0780,3.036,faded,1.000,6.05,1,1,1,0,38.96,3,3.2,41|42,6152,6152
6106,3.3880,-0.1091,0.1296,2.988,sour,0.997,21.73,1,1,1,0,39.14,3,3.2,48,6150|6180,6180
6117,3.3880,-0.1198,0.0631,3.000,good,0.000,3.37,0,0,0,0,42.37,2,0.0,,,
6118,3.3880,-0.1195,0.1243,3.001,good,0.000,2.75,0,0,0,0,42.20,2,0.0,,,
6119,3.3880,-0.1148,-0.1928,3.000,good,0.001,2.79,0,0,0,0,40.64,2,0.0,,,
6111,3.3920,-0.1123,0.2011,3.157,good,0.020,3.24,0,0,0,0,23.28,3,0.0,,,
6112,3.3920,-0.1098,-0.2263,3.280,good,0.003,4.43,0,0,0,0,19.90,3,0.0,,,
6113,3.3920,-0.1234,0.2374,3.445,sour,1.000,15.33,1,1,1,0,16.74,2,3.2,62,,
6114,3.3920,-0.1117,0.1658,2.995,good,0.000,6.39,0,0,0,0,26.54,3,0.0,,,
6115,3.3920,-0.1109,-0.1791,2.952,good,0.000,2.20,0,0,0,0,27.24,3,0.0,,,
6116,3.3920,-0.1092,-0.1591,3.006,good,0.000,2.49,0,0,0,0,25.36,3,0.0,,,
6123,3.3920,-0.1196,-0.0341,3.007,good,0.000,3.21,0,0,0,0,28.74,2,0.0,,,
6124,3.3920,-0.1147,0.0869,3.001,good,0.001,7.16,0,0,0,0,27.24,2,0.0,,,
6134,3.3920,-0.1096,0.2408,3.000,sour,1.000,15.47,1,1,1,0,25.54,1,3.2,62|63,6183,
6120,3.3960,-0.1387,0.0859,3.000,good,0.000,3.17,0,0,0,0,40.45,1,0.0,,,
6121,3.3960,-0.1153,0.1079,2.897,good,0.014,5.14,0,0,0,0,43.04,3,0.0,,,
6122,3.3960,-0.1141,-0.0766,2.982,good,0.000,2.21,0,0,0,0,40.45,3,0.0,,,
6132,3.3960,-0.1196,-0.1469,2.983,good,0.001,2.50,0,0,0,0,42.21,2,0.0,,,
6133,3.3960,-0.1188,-0.2162,3.013,good,0.000,2.76,0,0,0,0,41.17,2,0.0,,,
6143,3.3960,-0.0997,0.1975,3.000,good,0.017,3.19,0,0,0,0,35.13,1,0.0,,,
6125,3.4000,-0.1146,0.1059,3.015,good,0.149,3.69,0,0,0,0,30.05,3,0.0,,,
6126,3.4000,-0.1129,0.1698,2.984,good,0.001,3.48,0,0,0,0,30.15,3,0.0,,,
6127,3.4000,-0.1110,-0.0753,3.086,good,0.012,2.42,0,0,0,0,27.15,3,0.0,,,
6128,3.4000,-0.1106,0.0149,2.972,good,0.020,6.38,0,0,0,0,29.61,3,0.0,,,
6129,3.4000,-0.1101,-0.0982,3.004,good,0.015,5.63,0,0,0,0,28.65,3,0.0,,,
6130,3.4000,-0.1066,0.1524,3.360,good,0.000,1.94,0,0,0,0,20.15,3,0.0,,,
6131,3.4000,-0.1093,-0.0504,3.000,sour,1.000,15.53,1,1,1,0,28.39,3,3.2,25,6214,6214
6140,3.4000,-0.1152,0.0913,3.450,black,0.936,46.79,1,1,1,0,20.94,2,2.4,43,6116|6185|6203,
6141,3.4000,-0.1155,0.0610,3.022,faded,0.963,3.75,1,1,1,0,29.85,2,3.2,39|40,6169,6169
6142,3.4000,-0.1215,0.0892,3.000,good,0.023,5.04,0,0,0,0,28.34,1,0.0,,,
6150,3.4000,-0.1026,0.1025,3.000,good,0.001,1.75,0,0,0,0,26.02,1,0.0,,,
6135,3.4040,-0.1135,-0.0158,3.026,good,0.000,3.70,0,0,0,0,29.32,3,0.0,,,
6136,3.4040,-0.1133,-0.0332,3.001,good,0.000,2.31,0,0,0,0,29.76,3,0.0,,,
6137,3.4040,-0.1132,-0.2215,2.910,broken,0.548,3.49,1,1,1,0,31.90,3,2.4,3,6205,6205
6138,3.4040,-0.1120,0.1135,3.060,good,0.000,2.38,0,0,0,0,27.85,3,0.0,,,
6139,3.4040,-0.1129,0.0774,2.810,good,0.000,7.25,0,0,0,0,34.24,3,0.0,,,
6148,3.4040,-0.1192,0.0865,3.001,good,0.000,2.95,0,0,0,0,31.48,2,0.0,,,
6149,3.4040,-0.1164,-0.1270,3.009,good,0.000,2.22,0,0,0,0,30.30,2,0.0,,,
6144,3.4080,-0.1152,-0.1579,3.004,good,0.000,1.87,0,0,0,0,27.49,3,0.0,,,
6145,3.4080,-0.1136,-0.1345,2.997,good,0.000,3.25,0,0,0,0,27.08,3,0.0,,,
6146,3.4080,-0.1171,0.2380,2.444,good,0.004,5.98,0,0,0,0,44.58,3,0.0,,,
6147,3.4080,-0.1107,0.1239,3.026,good,0.001,2.35,0,0,0,0,25.35,3,0.0,,,
6155,3.4080,-0.1193,0.0421,2.938,good,0.000,2.17,0,0,0,0,30.31,2,0.0,,,
6156,3.4080,-0.1158,0.2284,3.450,good,0.013,2.99,0,0,0,0,18.19,2,0.0,,,
6166,3.4080,-0.1044,0.0829,3.000,good,0.001,9.00,0,0,0,0,23.77,1,0.0,,,
6151,3.4120,-0.1141,-0.2030,3.001,good,0.008,3.24,0,0,0,0,29.22,3,0.0,,,
6152,3.4120,-0.1260,-0.1292,3.135,good,0.001,3.61,0,0,0,0,25.90,2,0.0,,,
6153,3.4120,-0.1168,0.0095,2.707,good,0.008,1.81,0,0,0,0,37.84,3,0.0,,,
6154,3.4120,-0.1137,-0.1425,2.999,good,0.002,2.62,0,0,0,0,28.98,3,0.0,,,
6162,3.4120,-0.1196,-0.0845,3.257,good,0.000,3.19,0,0,0,0,25.08,2,0.0,,,
6163,3.4120,-0.1175,-0.1617,3.016,good,0.001,3.50,0,0,0,0,29.71,2,0.0,,,
6164,3.4120,-0.1168,-0.0555,3.006,good,0.001,2.35,0,0,0,0,29.69,2,0.0,,,
6165,3.4120,-0.1104,0.0797,3.450,good,0.006,4.81,0,0,0,0,18.50,2,0.0,,,
6173,3.4120,-0.1135,-0.1256,3.000,good,0.001,3.61,0,0,0,0,28.67,1,0.0,,,
6174,3.4120,-0.1073,0.2410,3.000,good,0.002,4.98,0,0,0,0,26.62,1,0.0,,,
6157,3.4160,-0.1150,-0.0529,2.973,good,0.000,1.93,0,0,0,0,29.48,3,0.0,,,
6158,3.4160,-0.1150,-0.0658,2.788,good,0.000,2.04,0,0,0,0,34.22,3,0.0,,,
6159,3.4160,-0.1112,0.1274,3.162,sour,1.000,17.08,1,1,1,0,23.87,3,3.2,48,6229,
6160,3.4160,-0.1126,0.0752,2.901,good,0.000,4.57,0,0,0,0,30.29,3,0.0,,,
6161,3.4160,-0.1122,0.1821,2.668,good,0.001,2.14,0,0,0,0,36.50,3,0.0,,,
6172,3.4160,-0.1177,0.0534,3.003,good,0.003,2.87,0,0,0,0,29.42,2,0.0,,,
6167,3.4200,-0.1400,-0.0918,3.000,shell,1.000,6.74,1,1,1,0,29.58,1,2.4,20,,
6168,3.4200,-0.1119,-0.2339,2.997,good,0.002,3.24,0,0,0,0,28.15,3,0.0,,,
6169,3.4200,-0.1094,-0.1004,3.061,good,0.000,2.61,0,0,0,0,25.79,3,0.0,,,
6170,3.4200,-0.1102,-0.0838,2.928,good,0.014,6.15,0,0,0,0,29.13,3,0.0,,,
6171,3.4200,-0.1083,0.0855,3.016,good,0.000,2.73,0,0,0,0,26.40,3,0.0,,,
6179,3.4200,-0.1170,0.2137,3.021,good,0.039,10.15,0,0,0,0,29.09,2,0.0,,,
6181,3.4200,-0.1196,-0.2177,3.083,good,0.000,2.84,0,0,0,0,28.46,2,0.0,,,
6182,3.4200,-0.1194,-0.1228,2.924,insect,1.000,4.35,1,1,1,0,32.26,2,3.1,16,6273,
6183,3.4200,-0.1140,0.1121,3.345,good,0.000,2.54,0,0,0,0,21.16,2,0.0,,,
6188,3.4200,-0.1015,0.1856,3.000,good,0.001,2.87,0,0,0,0,24.32,1,0.0,,,
6175,3.4240,-0.1154,0.2045,3.007,black,1.000,50.70,1,1,1,0,29.81,3,3.2,58|57,6244,6244
6176,3.4240,-0.1119,-0.0839,3.412,good,0.004,6.05,0,0,0,0,20.20,3,0.0,,,
6177,3.4240,-0.1126,-0.0978,2.963,faded,0.968,4.37,1,1,1,0,29.79,3,3.2,19,6262,6262
6178,3.4240,-0.1358,0.0371,3.000,good,0.000,1.99,0,0,0,0,28.62,1,0.0,,,
6180,3.4240,-0.1121,0.1528,2.739,good,0.198,17.67,0,0,0,0,35.42,3,0.0,,,
6187,3.4240,-0.1226,0.0336,3.000,good,0.000,2.00,0,0,0,0,28.18,1,0.0,,,
6200,3.4240,-0.1094,0.0301,3.000,good,0.000,1.96,0,0,0,0,27.77,1,0.0,,,
6184,3.4280,-0.1161,0.1590,2.999,good,0.000,2.35,0,0,0,0,31.32,3,0.0,,,
6185,3.4280,-0.1151,0.0698,2.989,good,0.019,3.17,0,0,0,0,31.14,3,0.0,,,
6186,3.4280,-0.1095,0.1399,3.000,good,0.000,2.18,0,0,0,0,28.95,3,0.0,,,
6197,3.4280,-0.1189,-0.1741,3.157,good,0.001,1.89,0,0,0,0,28.40,2,0.0,,,
6198,3.4280,-0.1191,0.1909,2.993,good,0.000,2.24,0,0,0,0,32.24,2,0.0,,,
6199,3.4280,-0.1170,-0.2148,3.003,good,0.001,3.11,0,0,0,0,31.25,2,0.0,,,
6189,3.4320,-0.1153,-0.1966,3.001,good,0.002,3.03,0,0,0,0,30.81,3,0.0,,,
6190,3.4320,-0.1160,-0.1383,2.929,sour,1.000,26.13,1,1,1,0,32.77,3,3.2,14,6251,
6191,3.4320,-0.1112,-0.0718,3.118,good,0.000,3.10,0,0,0,0,26.69,3,0.0,,,
6192,3.4320,-0.1100,-0.1836,2.915,good,0.019,7.80,0,0,0,0,30.97,3,0.0,,,
6193,3.4320,-0.1116,-0.1498,2.998,sour,1.000,20.17,1,1,1,0,29.47,3,3.2,12|13,6264,6264
6194,3.4320,-0.1105,-0.0300,3.015,good,0.000,3.06,0,0,0,0,28.66,3,0.0,,,
6195,3.4320,-0.1112,0.2216,2.840,good,0.003,5.77,0,0,0,0,33.16,3,0.0,,,
6196,3.4320,-0.1234,0.1226,2.269,good,0.000,3.67,0,0,0,0,53.23,2,0.0,,,
6202,3.4320,-0.1319,0.1117,3.000,good,0.000,3.06,0,0,0,0,32.07,1,0.0,,,
6203,3.4320,-0.1193,-0.0420,2.992,good,0.019,3.54,0,0,0,0,32.03,2,0.0,,,
6204,3.4320,-0.1182,0.0137,3.013,good,0.000,2.56,0,0,0,0,31.11,2,0.0,,,
6216,3.4320,-0.1144,0.1195,3.000,good,0.000,3.46,0,0,0,0,30.14,1,0.0,,,
6201,3.4360,-0.1088,0.1021,3.071,good,0.001,6.34,0,0,0,0,23.22,3,0.0,,,
6212,3.4360,-0.1160,0.1322,3.450,good,0.000,3.39,0,0,0,0,17.77,2,0.0,,,
6213,3.4360,-0.1170,0.0361,2.892,good,0.001,2.27,0,0,0,0,30.14,2,0.0,,,
6214,3.4360,-0.1154,-0.0706,2.995,faded,0.591,3.11,1,1,1,0,26.99,2,3.2,22|23,6297,6297
6215,3.4360,-0.1167,0.1784,2.994,good,0.000,3.85,0,0,0,0,27.42,2,0.0,,,
6222,3.4360,-0.1021,-0.1876,3.000,good,0.000,2.75,0,0,0,0,22.38,1,0.0,,,
6205,3.4400,-0.1147,0.1488,2.917,faded,0.710,5.54,1,1,1,0,37.24,3,3.2,51|50,6249|6307,
6206,3.4400,-0.1139,0.0146,3.053,good,0.036,4.82,0,0,0,0,33.65,3,0.0,,,
6207,3.4400,-0.1125,0.1882,3.003,good,0.000,2.90,0,0,0,0,34.29,3,0.0,,,
6208,3.4400,-0.1113,-0.1868,3.101,good,0.000,2.13,0,0,0,0,31.65,3,0.0,,,
6209,3.4400,-0.1096,-0.2386,2.987,good,0.001,1.76,0,0,0,0,33.64,3,0.0,,,
6210,3.4400,-0.1105,-0.1457,2.966,good,0.000,2.60,0,0,0,0,34.39,3,0.0,,,
6211,3.4400,-0.1083,-0.0322,3.039,good,0.000,2.48,0,0,0,0,31.92,3,0.0,,,
6219,3.4400,-0.1200,0.0270,3.186,good,0.001,2.22,0,0,0,0,32.39,2,0.0,,,
6220,3.4400,-0.1291,-0.1126,3.000,good,0.001,1.93,0,0,0,0,35.69,1,0.0,,,
6221,3.4400,-0.1166,0.0473,2.952,good,0.000,2.01,0,0,0,0,36.65,2,0.0,,,
6226,3.4400,-0.1198,-0.1166,3.000,good,0.005,8.35,0,0,0,0,36.56,1,0.0,,,
6217,3.4440,-0.1356,-0.1204,3.000,good,0.000,2.32,0,0,0,0,26.60,1,0.0,,,
6218,3.4440,-0.1112,0.0795,3.001,good,0.000,4.01,0,0,0,0,26.24,3,0.0,,,
6223,3.4480,-0.1162,0.2172,3.004,good,0.000,3.04,0,0,0,0,31.19,3,0.0,,,
6224,3.4480,-0.1118,0.1449,3.450,faded,0.886,3.55,1,1,1,0,20.57,3,3.2,50,6313,
6225,3.4480,-0.1122,-0.1151,2.944,good,0.001,3.79,0,0,0,0,31.19,3,0.0,,,
6231,3.4480,-0.1194,0.0277,2.630,good,0.044,3.85,0,0,0,0,42.50,2,0.0,,,
6227,3.4520,-0.1128,0.0850,3.054,good,0.000,2.36,0,0,0,0,34.28,3,0.0,,,
6228,3.4520,-0.1117,-0.2348,3.000,good,0.002,3.49,0,0,0,0,35.10,3,0.0,,,
6229,3.4520,-0.1103,-0.1657,2.999,good,0.000,2.96,0,0,0,0,34.62,3,0.0,,,
6230,3.4520,-0.1111,-0.2138,2.935,good,0.001,2.63,0,0,0,0,36.37,3,0.0,,,
6233,3.4520,-0.1193,-0.1812,3.002,good,0.437,8.43,0,0,0,0,37.46,2,0.0,,,
6235,3.4520,-0.1186,0.1846,3.354,good,0.001,2.68,0,0,0,0,29.52,2,0.0,,,
6236,3.4520,-0.1181,-0.0166,3.100,good,0.001,1.92,0,0,0,0,34.67,2,0.0,,,
6237,3.4520,-0.1138,0.0011,2.992,good,0.002,7.80,0,0,0,0,35.73,2,0.0,,,
6232,3.4560,-0.1061,-0.0398,3.450,husk,1.000,29.57,1,1,1,0,29.78,3,2.4,26|27,6421,
6234,3.4560,-0.1230,0.2397,2.671,good,0.033,3.40,0,0,0,0,49.40,2,0.0,,,
6240,3.4560,-0.1200,0.2305,2.979,insect,1.000,5.10,1,1,1,0,43.72,2,3.1,61,6323,
6244,3.4560,-0.1195,0.1218,2.997,good,0.001,3.17,0,0,0,0,43.06,2,0.0,,,
6245,3.4560,-0.1186,-0.1424,3.233,good,0.000,2.92,0,0,0,0,37.39,2,0.0,,,
6246,3.4560,-0.1191,0.0574,3.003,good,0.000,3.25,0,0,0,0,42.71,2,0.0,,,
6247,3.4560,-0.1159,-0.0548,3.005,good,0.000,2.37,0,0,0,0,41.55,2,0.0,,,
6255,3.4560,-0.1123,0.2445,3.000,good,0.009,3.32,0,0,0,0,40.47,1,0.0,,,
6238,3.4600,-0.1099,0.0204,2.960,good,0.001,2.61,0,0,0,0,39.60,3,0.0,,,
6239,3.4600,-0.1123,-0.1310,2.751,good,0.000,3.07,0,0,0,0,45.80,3,0.0,,,
6241,3.4600,-0.1087,-0.1020,2.995,faded,1.000,5.17,1,1,1,0,38.28,3,3.2,18|19,6170|6291,6291
6242,3.4600,-0.1081,0.1333,2.996,good,0.027,7.44,0,0,0,0,37.89,3,0.0,,,
6243,3.4600,-0.1091,0.1890,2.907,good,0.001,3.22,0,0,0,0,40.32,3,0.0,,,
6252,3.4600,-0.1182,0.2195,3.450,good,0.184,3.94,0,0,0,0,31.60,2,0.0,,,
6254,3.4600,-0.1193,-0.1464,3.006,good,0.000,2.71,0,0,0,0,41.25,2,0.0,,,
6248,3.4640,-0.1226,-0.1347,3.450,good,0.028,5.80,0,0,0,0,20.21,2,0.0,,,
6249,3.4640,-0.1127,-0.2014,2.946,good,0.001,3.32,0,0,0,0,31.81,3,0.0,,,
6250,3.4640,-0.1106,0.0202,2.986,sour,1.000,18.67,1,1,1,0,30.11,3,3.2,34,6301,6301
6251,3.4640,-0.1079,0.0704,3.205,good,0.000,3.29,0,0,0,0,24.39,3,0.0,,,
6253,3.4640,-0.1090,0.0905,2.795,good,0.279,3.05,0,0,0,0,34.23,3,0.0,,,
6260,3.4640,-0.1311,0.2368,3.000,good,0.052,5.18,0,0,0,0,32.49,1,0.0,,,
6261,3.4640,-0.1168,-0.0515,3.076,good,0.004,2.88,0,0,0,0,29.90,2,0.0,,,
6271,3.4640,-0.1167,0.2396,3.000,good,0.019,4.94,0,0,0,0,31.66,1,0.0,,,
6272,3.4640,-0.1075,-0.1420,3.000,good,0.014,11.11,0,0,0,0,28.60,1,0.0,,,
6256,3.4680,-0.1153,0.1625,2.997,good,0.035,4.73,0,0,0,0,43.16,3,0.0,,,
6257,3.4680,-0.1371,0.0605,3.000,shell,1.000,6.96,1,1,1,0,42.34,1,2.4,39,,
6258,3.4680,-0.1105,-0.0675,2.873,good,0.000,2.26,0,0,0,0,44.49,3,0.0,,,
6259,3.4680,-0.1088,0.1355,2.993,good,0.000,2.29,0,0,0,0,40.93,3,0.0,,,
6266,3.4680,-0.1193,-0.1705,2.956,good,0.001,5.41,0,0,0,0,45.33,2,0.0,,,
6267,3.4680,-0.1302,-0.0114,3.000,good,0.000,7.70,0,0,0,0,43.87,1,0.0,,,
6269,3.4680,-0.1302,0.0648,3.000,shell,1.000,6.79,1,1,1,0,43.84,1,2.4,40,6346,
6270,3.4680,-0.1160,-0.1355,3.007,good,0.000,3.50,0,0,0,0,42.91,2,0.0,,,
6279,3.4680,-0.1152,-0.0144,3.000,good,0.000,2.74,0,0,0,0,42.80,1,0.0,,,
6280,3.4680,-0.1023,0.2424,3.000,good,0.040,5.91,0,0,0,0,38.49,1,0.0,,,
6262,3.4720,-0.1148,-0.0753,3.054,good,0.000,2.05,0,0,0,0,31.47,3,0.0,,,
6263,3.4720,-0.1155,0.0168,2.999,faded,0.644,4.26,1,1,1,0,32.93,3,3.2,34|33,6315,6315
6264,3.4720,-0.1121,0.1537,2.990,good,0.000,3.49,0,0,0,0,31.93,3,0.0,,,
6265,3.4720,-0.1142,-0.2231,2.642,husk,1.000,10.25,1,1,1,0,42.04,3,2.4,3,6261,
6268,3.4720,-0.1097,-0.0981,2.996,good,0.008,3.34,0,0,0,0,30.89,3,0.0,,,
6276,3.4720,-0.1189,-0.1813,2.815,good,0.000,1.76,0,0,0,0,38.62,2,0.0,,,
6277,3.4720,-0.1232,0.0691,3.000,shell,1.000,7.14,1,1,1,0,31.24,1,2.4,40|41,6346,6346
6278,3.4720,-0.1095,-0.0084,2.965,good,0.000,2.29,0,0,0,0,31.44,2,0.0,,,
6273,3.4760,-0.1140,0.0408,2.999,good,0.002,2.01,0,0,0,0,31.51,3,0.0,,,
6274,3.4760,-0.1203,0.0704,3.450,good,0.029,6.28,0,0,0,0,19.95,2,0.0,,,
6275,3.4760,-0.1105,-0.1311,3.011,good,0.000,1.99,0,0,0,0,29.97,3,0.0,,,
6288,3.4760,-0.1186,-0.1984,3.036,good,0.112,2.76,0,0,0,0,32.00,2,0.0,,,
6289,3.4760,-0.1179,-0.1268,3.030,good,0.000,2.89,0,0,0,0,31.90,2,0.0,,,
6290,3.4760,-0.1131,0.0873,3.450,good,0.000,2.04,0,0,0,0,21.73,2,0.0,,,
6298,3.4760,-0.1105,0.0733,3.000,good,0.038,6.55,0,0,0,0,30.10,1,0.0,,,
6299,3.4760,-0.1036,-0.2194,3.000,husk,1.000,10.06,1,1,1,0,27.81,1,2.4,3|4,6261,
6281,3.4800,-0.1159,0.1961,3.000,good,0.000,3.37,0,0,0,0,31.07,3,0.0,,,
6282,3.4800,-0.1138,0.1050,3.006,good,0.001,2.35,0,0,0,0,30.15,3,0.0,,,
6283,3.4800,-0.1138,-0.0776,2.997,good,0.010,1.81,0,0,0,0,30.32,3,0.0,,,
6284,3.4800,-0.1120,-0.2060,3.047,good,0.001,10.22,0,0,0,0,28.49,3,0.0,,,
6285,3.4800,-0.1155,0.0448,2.754,good,0.000,3.72,0,0,0,0,37.13,3,0.0,,,
6286,3.4800,-0.1107,0.0955,3.152,good,0.000,3.94,0,0,0,0,25.70,3,0.0,,,
6287,3.4800,-0.1086,0.1401,3.002,good,0.011,3.89,0,0,0,0,28.29,3,0.0,,,
6297,3.4800,-0.1176,-0.0202,2.981,insect,1.000,7.94,1,1,1,0,31.78,2,3.1,29,6363,
6291,3.4840,-0.1148,-0.1962,3.000,good,0.000,3.27,0,0,0,0,29.62,3,0.0,,,
6292,3.4840,-0.1153,0.0123,2.836,good,0.000,2.77,0,0,0,0,33.82,3,0.0,,,
6293,3.4840,-0.1113,-0.1412,3.148,good,0.000,2.79,0,0,0,0,25.00,3,0.0,,,
6294,3.4840,-0.1121,0.2236,3.000,good,0.007,3.94,0,0,0,0,28.54,3,0.0,,,
6295,3.4840,-0.1128,0.1165,3.003,good,0.000,3.40,0,0,0,0,28.67,3,0.0,,,
6296,3.4840,-0.1090,-0.0050,3.034,good,0.000,2.95,0,0,0,0,26.64,3,0.0,,,
6300,3.4880,-0.1147,-0.1609,2.947,good,0.000,2.97,0,0,0,0,31.65,3,0.0,,,
6301,3.4880,-0.1406,0.0870,3.000,good,0.003,5.98,0,0,0,0,30.99,1,0.0,,,
6302,3.4880,-0.1138,-0.0011,2.997,faded,1.000,6.90,1,1,1,0,30.06,3,3.2,31|32,6355,6355
6303,3.4880,-0.1133,-0.1378,2.998,good,0.031,2.13,0,0,0,0,29.80,3,0.0,,,
6304,3.4880,-0.1370,-0.2085,3.000,broken,0.907,5.26,1,1,1,0,29.62,1,2.4,5,6423,
6305,3.4880,-0.1222,0.0491,2.926,good,0.001,6.70,0,0,0,0,30.50,2,0.0,,,
6306,3.4880,-0.1103,0.1895,3.041,good,0.000,2.06,0,0,0,0,27.68,3,0.0,,,
6307,3.4880,-0.1106,0.0904,2.859,good,0.244,6.29,0,0,0,0,32.18,3,0.0,,,
6308,3.4880,-0.1124,0.2274,2.646,sour,1.000,36.34,1,1,1,0,38.74,3,3.2,61|60,6322,
6309,3.4880,-0.1085,0.2011,3.003,good,0.000,3.71,0,0,0,0,27.84,3,0.0,,,
6313,3.4880,-0.1189,0.0794,3.450,good,0.001,6.29,0,0,0,0,21.83,2,0.0,,,
6316,3.4880,-0.1306,-0.2326,3.000,good,0.022,4.79,0,0,0,0,31.23,1,0.0,,,
6317,3.4880,-0.1145,-0.1964,3.446,good,0.003,8.54,0,0,0,0,20.58,2,0.0,,,
6318,3.4880,-0.1250,-0.2052,3.000,husk,0.976,6.16,1,1,1,0,29.33,1,2.4,5,,
6326,3.4880,-0.1128,0.0523,3.000,good,0.000,2.51,0,0,0,0,29.26,1,0.0,,,
6327,3.4880,-0.1081,0.0455,3.000,good,0.000,2.62,0,0,0,0,27.69,1,0.0,,,
6310,3.4920,-0.1267,-0.0871,2.994,good,0.000,1.63,0,0,0,0,33.07,2,0.0,,,
6311,3.4920,-0.1138,-0.1238,3.000,good,0.001,2.29,0,0,0,0,32.59,3,0.0,,,
6312,3.4920,-0.1140,-0.1958,2.755,good,0.003,4.38,0,0,0,0,38.97,3,0.0,,,
6314,3.4920,-0.1092,0.1167,3.001,good,0.000,3.12,0,0,0,0,30.91,3,0.0,,,
6315,3.4920,-0.1130,0.0311,2.413,good,0.002,3.25,0,0,0,0,49.40,3,0.0,,,
6323,3.4920,-0.1188,-0.1460,3.070,good,0.000,2.19,0,0,0,0,32.39,2,0.0,,,
6324,3.4920,-0.1180,0.1779,2.748,good,0.000,2.12,0,0,0,0,40.39,2,0.0,,,
6325,3.4920,-0.1201,-0.2380,3.000,good,0.000,4.95,0,0,0,0,30.44,1,0.0,,,
6331,3.4920,-0.1148,-0.0837,3.000,good,0.000,1.58,0,0,0,0,32.65,1,0.0,,,
6332,3.4920,-0.1097,-0.2433,3.000,good,0.000,4.94,0,0,0,0,30.95,1,0.0,,,
6333,3.4920,-0.1023,0.0821,3.000,good,0.001,6.42,0,0,0,0,28.49,1,0.0,,,
6319,3.4960,-0.1189,-0.1046,2.502,good,0.000,2.20,0,0,0,0,55.59,3,0.0,,,
6320,3.4960,-0.1143,0.0775,2.993,good,0.000,4.37,0,0,0,0,39.64,3,0.0,,,
6321,3.4960,-0.1070,-0.2055,3.347,good,0.000,2.66,0,0,0,0,29.83,3,0.0,,,
6322,3.4960,-0.1202,0.2030,3.234,black,1.000,53.84,1,1,1,0,32.04,2,3.2,57|58,,
6330,3.4960,-0.1172,-0.0600,3.001,good,0.000,3.15,0,0,0,0,40.24,2,0.0,,,
6340,3.4960,-0.1073,0.1989,3.000,black,1.000,53.81,1,1,1,0,36.95,1,3.2,57,6387,
6341,3.4960,-0.1030,-0.1922,3.000,good,0.001,4.03,0,0,0,0,35.51,1,0.0,,,
6328,3.5000,-0.1108,0.0405,3.095,good,0.000,2.35,0,0,0,0,26.92,3,0.0,,,
6329,3.5000,-0.1097,0.1403,3.002,good,0.002,4.98,0,0,0,0,28.59,3,0.0,,,
6337,3.5000,-0.1137,-0.2132,2.993,good,0.006,4.93,0,0,0,0,30.09,2,0.0,,,
6338,3.5000,-0.1171,-0.0100,2.997,black,1.000,55.79,1,1,1,0,31.10,2,3.2,30,6375,6375
6339,3.5000,-0.1159,0.1983,3.023,good,0.005,3.24,0,0,0,0,30.03,2,0.0,,,
6334,3.5040,-0.1162,-0.1853,2.922,good,0.000,3.28,0,0,0,0,43.14,3,0.0,,,
6335,3.5040,-0.1147,-0.1479,3.030,good,0.000,3.00,0,0,0,0,39.93,3,0.0,,,
6336,3.5040,-0.1086,-0.1010,2.997,good,0.000,3.40,0,0,0,0,38.63,3,0.0,,,
6347,3.5040,-0.1196,-0.2392,3.026,good,0.001,3.61,0,0,0,0,41.57,2,0.0,,,
6350,3.5040,-0.1180,0.1117,2.985,good,0.000,3.69,0,0,0,0,41.97,2,0.0,,,
6351,3.5040,-0.1161,-0.1609,3.245,black,1.000,51.26,1,1,1,0,35.51,2,3.2,11,6455,
6352,3.5040,-0.1119,-0.2276,3.450,sour,1.000,19.37,1,1,1,0,30.27,2,3.2,2|3,6546,
6358,3.5040,-0.1074,0.0271,3.000,insect,0.750,12.35,1,1,1,0,37.98,1,2.4,35,6419,
6342,3.5080,-0.1129,0.1635,3.000,good,0.000,2.77,0,0,0,0,32.55,3,0.0,,,
6343,3.5080,-0.1123,-0.0246,3.007,good,0.519,2.42,1,1,1,0,32.12,3,2.5,28|29,6438,6438
6344,3.5080,-0.1113,0.0598,3.235,good,0.002,2.54,0,0,0,0,26.78,3,0.0,,,
6345,3.5080,-0.1085,-0.1843,3.450,insect,0.882,7.81,1,1,1,0,21.87,3,3.1,8,6386|6437,
6346,3.5080,-0.1106,-0.0075,3.007,good,0.002,4.67,0,0,0,0,31.41,3,0.0,,,
6348,3.5080,-0.1101,-0.0531,2.916,faded,0.869,3.50,1,1,1,0,33.38,3,3.2,25,6400,6400
6349,3.5080,-0.1085,0.1545,3.007,good,0.000,7.15,0,0,0,0,30.60,3,0.0,,,
6355,3.5080,-0.1197,0.1893,2.954,good,0.000,2.44,0,0,0,0,35.61,2,0.0,,,
6356,3.5080,-0.1192,0.2072,2.997,good,0.000,2.90,0,0,0,0,34.35,2,0.0,,,
6357,3.5080,-0.1193,-0.2380,2.930,good,0.001,3.36,0,0,0,0,36.02,2,0.0,,,
6353,3.5120,-0.1136,0.0735,2.603,good,0.002,6.41,0,0,0,0,36.84,3,0.0,,,
6354,3.5120,-0.1115,-0.2235,2.425,good,0.003,3.34,0,0,0,0,42.00,3,0.0,,,
6363,3.5120,-0.1185,-0.0382,3.123,shell,1.000,10.01,1,1,1,0,24.69,2,2.4,27|26,6413,
6364,3.5120,-0.1195,0.1883,2.956,good,0.001,2.12,0,0,0,0,28.90,2,0.0,,,
6365,3.5120,-0.1189,0.1747,2.998,good,0.000,2.35,0,0,0,0,27.60,2,0.0,,,
6366,3.5120,-0.1177,0.0560,3.018,good,0.018,2.44,0,0,0,0,26.71,2,0.0,,,
6367,3.5120,-0.1287,0.0693,3.000,good,0.152,3.61,0,0,0,0,26.81,1,0.0,,,
6368,3.5120,-0.1184,0.2300,2.931,good,0.002,5.17,0,0,0,0,29.04,2,0.0,,,
6375,3.5120,-0.1140,-0.0912,3.000,good,0.319,3.49,0,0,0,0,25.85,1,0.0,,,
6359,3.5160,-0.1133,-0.1320,3.025,good,0.001,2.85,0,0,0,0,30.46,3,0.0,,,
6360,3.5160,-0.1129,-0.2182,3.110,good,0.001,4.84,0,0,0,0,28.31,3,0.0,,,
6361,3.5160,-0.1113,-0.1811,3.000,good,0.000,2.35,0,0,0,0,30.24,3,0.0,,,
6362,3.5160,-0.1127,0.0888,2.604,good,0.001,2.40,0,0,0,0,41.42,3,0.0,,,
6373,3.5160,-0.1144,0.2284,3.450,good,0.001,6.99,0,0,0,0,21.84,2,0.0,,,
6374,3.5160,-0.1160,-0.0472,2.995,good,0.048,3.47,0,0,0,0,31.78,2,0.0,,,
6383,3.5160,-0.1067,0.2348,3.000,good,0.002,5.46,0,0,0,0,28.52,1,0.0,,,
6384,3.5160,-0.1019,-0.2264,3.000,good,0.021,3.39,0,0,0,0,26.91,1,0.0,,,
6369,3.5200,-0.1167,0.2223,2.920,good,0.000,2.54,0,0,0,0,34.75,3,0.0,,,
6370,3.5200,-0.1133,0.1906,3.190,good,0.021,4.26,0,0,0,0,27.30,3,0.0,,,
6371,3.5200,-0.1087,-0.2255,3.035,good,0.000,2.02,0,0,0,0,29.15,3,0.0,,,
6372,3.5200,-0.1084,-0.0971,2.996,good,0.003,2.88,0,0,0,0,29.91,3,0.0,,,
6379,3.5200,-0.1194,-0.2261,2.976,good,0.000,5.47,0,0,0,0,34.02,2,0.0,,,
6380,3.5200,-0.1194,-0.0180,2.751,black,1.000,46.12,1,1,1,0,40.00,2,3.2,29,6448,
6381,3.5200,-0.1170,-0.1491,3.025,good,0.000,2.13,0,0,0,0,31.89,2,0.0,,,
6382,3.5200,-0.1164,0.1451,3.011,good,0.002,2.17,0,0,0,0,31.97,2,0.0,,,
6376,3.5240,-0.1135,-0.0080,3.011,faded,1.000,6.05,1,1,1,0,41.53,3,3.2,30|31,6385,
6377,3.5240,-0.1116,0.0410,2.992,good,0.000,2.25,0,0,0,0,41.27,3,0.0,,,
6378,3.5240,-0.1094,-0.1123,2.790,good,0.000,1.96,0,0,0,0,45.58,3,0.0,,,
6387,3.5240,-0.1166,0.1717,2.983,good,0.000,3.08,0,0,0,0,43.09,2,0.0,,,
6388,3.5240,-0.1150,0.2015,3.043,good,0.000,2.99,0,0,0,0,41.08,2,0.0,,,
6389,3.5240,-0.1148,-0.1328,3.223,good,0.001,1.70,0,0,0,0,37.06,2,0.0,,,
6385,3.5280,-0.1167,-0.1993,2.759,good,0.002,4.69,0,0,0,0,50.15,3,0.0,,,
6386,3.5280,-0.1121,0.0878,2.897,good,0.051,4.27,0,0,0,0,44.75,3,0.0,,,
6393,3.5280,-0.1162,-0.0888,3.043,good,0.003,6.79,0,0,0,0,42.55,2,0.0,,,
6390,3.5320,-0.1089,-0.2147,2.999,good,0.000,2.79,0,0,0,0,40.92,3,0.0,,,
6391,3.5320,-0.1208,0.1316,3.023,good,0.000,2.64,0,0,0,0,40.25,2,0.0,,,
6392,3.5320,-0.1084,0.1474,3.020,good,0.000,2.20,0,0,0,0,40.18,3,0.0,,,
6394,3.5320,-0.1113,-0.1712,2.571,good,0.002,2.83,0,0,0,0,53.33,3,0.0,,,
6399,3.5320,-0.1178,0.1803,3.003,shell,0.997,7.62,1,1,1,0,43.60,2,2.4,55|54,6442,6442
6412,3.5320,-0.1152,-0.1601,3.000,good,0.001,4.20,0,0,0,0,42.80,1,0.0,,,
6413,3.5320,-0.1087,0.1365,3.000,good,0.000,2.73,0,0,0,0,40.61,1,0.0,,,
6395,3.5360,-0.1156,-0.2398,2.902,good,0.002,7.31,0,0,0,0,45.20,3,0.0,,,
6396,3.5360,-0.1137,-0.0926,3.005,good,0.001,2.85,0,0,0,0,41.97,3,0.0,,,
6397,3.5360,-0.1323,-0.1655,3.000,good,0.005,6.95,0,0,0,0,40.29,1,0.0,,,
6398,3.5360,-0.1100,0.0336,2.736,good,0.004,2.55,0,0,0,0,47.55,3,0.0,,,
6406,3.5360,-0.1198,-0.2231,2.943,good,0.000,2.02,0,0,0,0,45.44,2,0.0,,,
6407,3.5360,-0.1166,-0.2121,3.450,good,0.003,3.26,0,0,0,0,33.51,2,0.0,,,
6408,3.5360,-0.1176,-0.1577,3.159,good,0.008,3.06,0,0,0,0,39.59,2,0.0,,,
6410,3.5360,-0.1187,0.0556,2.996,good,0.018,3.10,0,0,0,0,43.66,2,0.0,,,
6411,3.5360,-0.1097,-0.1685,2.958,good,0.001,1.90,0,0,0,0,41.52,2,0.0,,,
6400,3.5400,-0.1168,0.1618,2.911,good,0.283,4.32,0,0,0,0,43.79,3,0.0,,,
6401,3.5400,-0.1130,-0.0596,3.023,good,0.003,3.54,0,0,0,0,39.73,3,0.0,,,
6402,3.5400,-0.1155,0.0699,2.625,good,0.025,5.32,0,0,0,0,51.31,3,0.0,,,
6403,3.5400,-0.1123,0.0132,2.897,good,0.012,3.61,0,0,0,0,42.46,3,0.0,,,
6404,3.5400,-0.1107,0.0025,3.005,good,0.003,2.67,0,0,0,0,39.25,3,0.0,,,
6405,3.5400,-0.1083,-0.1187,3.005,good,0.000,2.00,0,0,0,0,38.43,3,0.0,,,
6409,3.5400,-0.1102,0.1542,2.552,good,0.000,1.25,0,0,0,0,51.41,3,0.0,,,
6416,3.5400,-0.1185,0.0052,3.450,good,0.002,6.58,0,0,0,0,32.38,2,0.0,,,
6417,3.5400,-0.1195,0.1863,3.008,good,0.000,3.55,0,0,0,0,41.99,2,0.0,,,
6418,3.5400,-0.1198,-0.0133,3.041,good,0.000,3.19,0,0,0,0,41.24,2,0.0,,,
6432,3.5400,-0.1080,-0.2262,3.000,good,0.000,1.98,0,0,0,0,38.30,1,0.0,,,
6433,3.5400,-0.1023,-0.2160,3.000,good,0.008,3.21,0,0,0,0,36.39,1,0.0,,,
6414,3.5440,-0.1095,-0.2155,3.084,good,0.001,1.99,0,0,0,0,37.79,3,0.0,,,
6415,3.5440,-0.1107,0.1556,3.003,good,0.052,3.11,0,0,0,0,39.95,3,0.0,,,
6427,3.5440,-0.1173,0.0089,3.450,good,0.000,2.76,0,0,0,0,32.75,2,0.0,,,
6428,3.5440,-0.1184,0.2342,2.977,good,0.000,3.35,0,0,0,0,43.07,2,0.0,,,
6429,3.5440,-0.1168,0.1695,3.234,insect,1.000,3.37,1,1,1,0,36.71,2,3.1,53,6457,6457
6430,3.5440,-0.1166,0.0600,3.233,good,0.000,2.47,0,0,0,0,36.62,2,0.0,,,
6431,3.5440,-0.1162,-0.1658,2.966,good,0.109,4.66,0,0,0,0,42.48,2,0.0,,,
6419,3.5480,-0.1129,0.1363,3.083,good,0.001,5.59,0,0,0,0,39.52,3,0.0,,,
6420,3.5480,-0.1130,-0.0931,2.892,good,0.028,3.86,0,0,0,0,44.07,3,0.0,,,
6421,3.5480,-0.1282,-0.0170,2.566,good,0.001,4.56,0,0,0,0,55.29,2,0.0,,,
6422,3.5480,-0.1126,-0.0586,3.010,good,0.001,4.60,0,0,0,0,40.97,3,0.0,,,
6423,3.5480,-0.1120,-0.1253,2.992,good,0.001,1.93,0,0,0,0,41.13,3,0.0,,,
6424,3.5480,-0.1107,0.1974,2.980,good,0.000,2.88,0,0,0,0,40.96,3,0.0,,,
6425,3.5480,-0.1081,0.0793,3.133,good,0.021,7.29,0,0,0,0,36.62,3,0.0,,,
6426,3.5480,-0.1098,-0.0079,3.000,good,0.000,3.16,0,0,0,0,40.11,3,0.0,,,
6437,3.5480,-0.1183,0.1190,2.979,sour,1.000,13.28,1,1,1,0,43.43,2,3.2,47,6484,
6438,3.5480,-0.1148,0.0258,3.401,good,0.001,2.36,0,0,0,0,33.24,2,0.0,,,
6439,3.5480,-0.1167,0.0597,3.033,good,0.000,3.27,0,0,0,0,41.50,2,0.0,,,
6442,3.5480,-0.1171,-0.2380,3.000,broken,0.972,4.03,1,1,1,0,42.42,1,2.4,1,6476,
6443,3.5480,-0.1180,-0.0200,3.000,good,0.007,4.57,0,0,0,0,42.68,1,0.0,,,
6434,3.5520,-0.1176,0.0702,2.428,good,0.003,3.10,0,0,0,0,60.48,3,0.0,,,
6435,3.5520,-0.1129,0.1555,2.995,good,0.001,3.26,0,0,0,0,41.91,3,0.0,,,
6436,3.5520,-0.1090,-0.0692,2.896,good,0.000,2.27,0,0,0,0,42.97,3,0.0,,,
6441,3.5520,-0.1172,0.0343,3.006,good,0.008,4.42,0,0,0,0,43.00,2,0.0,,,
6440,3.5560,-0.1110,-0.1333,3.436,good,0.000,3.51,0,0,0,0,32.89,3,0.0,,,
6449,3.5560,-0.1179,-0.1463,2.997,good,0.008,2.99,0,0,0,0,44.15,2,0.0,,,
6450,3.5560,-0.1192,-0.1947,3.100,good,0.051,3.80,0,0,0,0,42.11,2,0.0,,,
6451,3.5560,-0.1188,0.0053,2.990,good,0.000,1.85,0,0,0,0,44.52,2,0.0,,,
6452,3.5560,-0.1156,0.0923,3.009,good,0.000,4.04,0,0,0,0,42.96,2,0.0,,,
6444,3.5600,-0.1143,-0.1422,3.022,good,0.000,2.05,0,0,0,0,42.42,3,0.0,,,
6445,3.5600,-0.1187,-0.0732,2.639,good,0.002,3.16,0,0,0,0,54.27,3,0.0,,,
6446,3.5600,-0.1139,-0.0343,2.987,good,0.000,3.74,0,0,0,0,42.99,3,0.0,,,
6447,3.5600,-0.1177,0.0471,2.648,good,0.023,2.66,0,0,0,0,53.53,3,0.0,,,
6448,3.5600,-0.1115,-0.1162,2.960,good,0.000,2.33,0,0,0,0,42.74,3,0.0,,,
6458,3.5600,-0.1173,-0.1658,2.960,good,0.003,4.05,0,0,0,0,44.67,2,0.0,,,
6453,3.5640,-0.1141,-0.1555,2.977,good,0.000,2.83,0,0,0,0,43.09,3,0.0,,,
6454,3.5640,-0.1127,0.1413,2.871,insect,1.000,3.61,1,1,1,0,45.21,3,3.1,50|49,6472,6472
6455,3.5640,-0.1245,0.0318,2.832,good,0.000,2.13,0,0,0,0,46.35,2,0.0,,,
6456,3.5640,-0.1109,0.1647,3.002,good,0.000,3.09,0,0,0,0,41.27,3,0.0,,,
6457,3.5640,-0.1088,-0.1811,3.013,good,0.017,2.94,0,0,0,0,40.26,3,0.0,,,
6460,3.5640,-0.1185,-0.0503,3.126,good,0.018,2.87,0,0,0,0,40.84,2,0.0,,,
6461,3.5640,-0.1171,-0.0056,2.997,faded,1.000,5.75,1,1,1,0,43.35,2,3.2,31,6537,6537
6462,3.5640,-0.1175,0.1108,2.977,good,0.000,2.32,0,0,0,0,43.90,2,0.0,,,
6468,3.5640,-0.1132,0.0287,3.000,good,0.000,2.22,0,0,0,0,41.91,1,0.0,,,
6469,3.5640,-0.1071,0.0438,3.000,good,0.024,2.44,0,0,0,0,39.88,1,0.0,,,
6459,3.5680,-0.1154,0.2153,2.993,good,0.001,5.69,0,0,0,0,43.15,3,0.0,,,
6465,3.5680,-0.1195,-0.0270,3.007,good,0.007,7.35,0,0,0,0,44.13,2,0.0,,,
6477,3.5680,-0.1147,0.1950,3.000,good,0.021,2.38,0,0,0,0,42.67,1,0.0,,,
6463,3.5720,-0.1160,0.1521,2.951,good,0.001,3.27,0,0,0,0,44.59,3,0.0,,,
6464,3.5720,-0.1139,0.0347,3.005,good,0.004,3.94,0,0,0,0,42.49,3,0.0,,,
6466,3.5720,-0.1104,0.2220,2.996,good,0.007,6.78,0,0,0,0,41.49,3,0.0,,,
6467,3.5720,-0.1101,0.1965,2.430,good,0.002,4.99,0,0,0,0,57.68,3,0.0,,,
6476,3.5720,-0.1172,-0.1406,2.994,good,0.011,4.69,0,0,0,0,43.74,2,0.0,,,
6470,3.5760,-0.1138,-0.2210,2.995,good,0.001,2.73,0,0,0,0,41.65,3,0.0,,,
6471,3.5760,-0.1271,-0.0570,2.530,faded,0.982,4.97,1,1,1,0,56.02,2,3.2,24,,
6472,3.5760,-0.1135,-0.0302,3.021,good,0.001,2.20,0,0,0,0,40.80,3,0.0,,,
6473,3.5760,-0.1152,0.0332,2.757,good,0.004,3.04,0,0,0,0,48.15,3,0.0,,,
6474,3.5760,-0.1110,-0.0465,3.001,good,0.000,3.78,0,0,0,0,40.34,3,0.0,,,
6475,3.5760,-0.1091,0.2224,2.977,faded,1.000,8.12,1,1,1,0,40.26,3,3.2,60,6533,6533
6481,3.5760,-0.1199,0.1133,3.000,good,0.000,3.28,0,0,0,0,43.25,2,0.0,,,
6482,3.5760,-0.1195,0.1331,2.745,good,0.000,2.16,0,0,0,0,49.88,2,0.0,,,
6489,3.5760,-0.1170,-0.0534,3.000,faded,0.990,4.99,1,1,1,0,42.25,1,3.2,25|24,6542,
6478,3.5800,-0.1131,-0.0070,2.982,good,0.000,2.03,0,0,0,0,41.76,3,0.0,,,
6479,3.5800,-0.1107,0.1834,2.997,good,0.007,2.58,0,0,0,0,40.52,3,0.0,,,
6480,3.5800,-0.1213,-0.0450,3.005,good,0.000,2.20,0,0,0,0,39.83,2,0.0,,,
6485,3.5800,-0.1177,0.0970,2.299,good,0.004,6.98,0,0,0,0,64.87,2,0.0,,,
6486,3.5800,-0.1125,0.0723,3.002,good,0.001,7.90,0,0,0,0,40.92,2,0.0,,,
6487,3.5800,-0.1176,0.1625,2.890,good,0.002,2.61,0,0,0,0,45.37,2,0.0,,,
6488,3.5800,-0.1158,0.2235,3.001,good,0.004,3.56,0,0,0,0,41.95,2,0.0,,,
6496,3.5800,-0.1104,0.0993,3.000,good,0.000,2.40,0,0,0,0,40.19,1,0.0,,,
6497,3.5800,-0.1081,-0.0481,3.000,good,0.537,5.30,1,1,1,0,39.39,1,2.9,25|26,6541|6542,6541
6483,3.5840,-0.1130,0.0050,3.063,good,0.000,4.27,0,0,0,0,39.67,3,0.0,,,
6484,3.5840,-0.1107,0.1904,3.055,good,0.000,1.87,0,0,0,0,39.06,3,0.0,,,
6491,3.5840,-0.1182,-0.0894,3.268,good,0.081,12.83,0,0,0,0,36.81,2,0.0,,,
6492,3.5840,-0.1309,-0.0814,3.000,sour,1.000,24.47,1,1,1,0,42.98,1,3.2,21,,
6493,3.5840,-0.1146,-0.1385,3.178,good,0.000,2.45,0,0,0,0,37.51,2,0.0,,,
6494,3.5840,-0.1167,0.0489,2.998,good,0.000,3.33,0,0,0,0,42.23,2,0.0,,,
6495,3.5840,-0.1139,0.2211,3.450,sour,1.000,23.22,1,1,1,0,31.91,2,3.2,60,6587,
6508,3.5840,-0.1198,-0.1806,3.000,good,0.432,2.95,0,0,0,0,43.14,1,0.0,,,
6490,3.5880,-0.1345,-0.1776,3.000,good,0.070,3.00,0,0,0,0,40.10,1,0.0,,,
6519,3.5880,-0.1200,0.0229,3.000,good,0.002,3.38,0,0,0,0,43.25,1,0.0,,,
6520,3.5880,-0.1051,-0.1837,3.000,good,0.005,3.02,0,0,0,0,38.29,1,0.0,,,
6498,3.5920,-0.1133,-0.1239,2.986,sour,1.000,22.56,1,1,1,0,41.33,3,3.2,16|15,6556,6556
6499,3.5920,-0.1117,-0.1662,2.998,insect,1.000,6.14,1,1,1,0,40.41,3,3.1,10,6544,
6500,3.5920,-0.1231,-0.2316,3.450,good,0.002,7.15,0,0,0,0,30.41,2,0.0,,,
6501,3.5920,-0.1118,0.1283,2.996,good,0.000,3.05,0,0,0,0,40.40,3,0.0,,,
6502,3.5920,-0.1106,0.1680,3.091,good,0.002,2.91,0,0,0,0,37.83,3,0.0,,,
6503,3.5920,-0.1105,-0.2114,3.028,good,0.000,2.15,0,0,0,0,39.16,3,0.0,,,
6504,3.5920,-0.1106,-0.0338,2.996,good,0.000,3.56,0,0,0,0,39.90,3,0.0,,,
6505,3.5920,-0.1082,0.1401,2.990,good,0.001,2.25,0,0,0,0,39.22,3,0.0,,,
6506,3.5920,-0.1075,0.2103,3.182,good,0.008,2.89,0,0,0,0,34.74,3,0.0,,,
6507,3.5920,-0.1322,0.0173,3.000,good,0.000,3.42,0,0,0,0,38.93,1,0.0,,,
6513,3.5920,-0.1199,-0.2101,2.999,good,0.000,1.60,0,0,0,0,42.79,2,0.0,,,
6514,3.5920,-0.1196,-0.1463,2.998,faded,1.000,5.10,1,1,1,0,42.67,2,3.2,13,6558,6558
6515,3.5920,-0.1283,0.0944,3.000,good,0.003,6.11,0,0,0,0,41.52,1,0.0,,,
6516,3.5920,-0.1177,0.2051,2.995,good,0.000,2.37,0,0,0,0,42.07,2,0.0,,,
6517,3.5920,-0.1165,0.0629,2.757,good,0.006,4.07,0,0,0,0,47.86,2,0.0,,,
6518,3.5920,-0.1279,0.1087,3.000,good,0.002,8.93,0,0,0,0,41.31,1,0.0,,,
6528,3.5920,-0.1163,0.1028,3.000,good,0.001,21.62,1,1,1,0,41.43,1,9.0,45|44|46,6572|6576|6582|6595|6603,6572|6582
6529,3.5920,-0.1134,0.0562,3.000,good,0.011,1.89,0,0,0,0,40.44,1,0.0,,,
6530,3.5920,-0.1089,-0.2344,3.000,good,0.001,5.30,0,0,0,0,38.96,1,0.0,,,
6531,3.5920,-0.1077,0.0284,3.000,good,0.000,3.43,0,0,0,0,38.55,1,0.0,,,
6509,3.5960,-0.1269,0.1678,2.995,good,0.000,3.66,0,0,0,0,41.43,2,0.0,,,
6510,3.5960,-0.1149,0.0191,2.735,sour,0.944,10.29,1,1,1,0,48.19,3,3.2,34,6585,
6511,3.5960,-0.1117,-0.2215,3.206,good,0.000,2.71,0,0,0,0,35.60,3,0.0,,,
6512,3.5960,-0.1122,-0.0065,3.008,good,0.000,3.17,0,0,0,0,40.07,3,0.0,,,
6525,3.5960,-0.1189,-0.0690,3.000,good,0.001,2.13,0,0,0,0,42.43,2,0.0,,,
6526,3.5960,-0.1185,-0.1093,2.803,good,0.000,2.21,0,0,0,0,47.39,2,0.0,,,
6527,3.5960,-0.1167,0.1487,3.000,good,0.003,2.77,0,0,0,0,41.64,2,0.0,,,
6540,3.5960,-0.1149,0.1724,3.000,good,0.000,2.60,0,0,0,0,41.03,1,0.0,,,
6541,3.5960,-0.1003,0.0531,3.000,good,0.000,1.88,0,0,0,0,36.15,1,0.0,,,
6521,3.6000,-0.1158,0.0483,3.000,good,0.000,3.01,0,0,0,0,41.41,3,0.0,,,
6522,3.6000,-0.1374,0.1002,3.000,faded,0.992,5.68,1,1,1,0,40.59,1,3.2,44|45,6589,
6523,3.6000,-0.1104,-0.2384,2.890,good,0.003,3.25,0,0,0,0,42.18,3,0.0,,,
6524,3.6000,-0.1093,-0.1553,2.991,good,0.001,2.90,0,0,0,0,39.33,3,0.0,,,
6535,3.6000,-0.1197,0.0995,2.924,good,0.336,14.21,0,0,0,0,44.42,2,0.0,,,
6532,3.6040,-0.1150,-0.0065,2.759,good,0.001,4.16,0,0,0,0,47.66,3,0.0,,,
6533,3.6040,-0.1107,-0.0165,3.238,good,0.001,3.18,0,0,0,0,34.72,3,0.0,,,
6534,3.6040,-0.1133,0.1431,3.001,good,0.000,3.03,0,0,0,0,40.69,3,0.0,,,
6536,3.6040,-0.1089,0.0797,3.133,good,0.000,3.48,0,0,0,0,36.25,3,0.0,,,
6537,3.6040,-0.1112,0.0031,2.852,good,0.000,3.24,0,0,0,0,43.60,3,0.0,,,
6538,3.6040,-0.1088,-0.0638,3.055,good,0.000,2.18,0,0,0,0,37.85,3,0.0,,,
6539,3.6040,-0.1220,0.0154,2.610,good,0.025,2.52,0,0,0,0,50.55,2,0.0,,,
6545,3.6040,-0.1191,0.0302,3.002,good,0.009,2.70,0,0,0,0,42.42,2,0.0,,,
6559,3.6040,-0.1156,0.1019,3.000,insect,0.620,7.04,1,1,1,0,41.29,1,3.2,45|44,6608,
6560,3.6040,-0.1115,0.0122,3.000,good,0.052,2.49,0,0,0,0,39.91,1,0.0,,,
6542,3.6080,-0.1176,0.1095,2.758,good,0.000,2.26,0,0,0,0,48.79,3,0.0,,,
6543,3.6080,-0.1306,0.1537,2.205,good,0.010,3.91,0,0,0,0,70.42,2,0.0,,,
6544,3.6080,-0.1092,-0.1278,3.272,good,0.000,2.50,0,0,0,0,33.68,3,0.0,,,
6553,3.6080,-0.1197,0.2068,2.999,good,0.013,2.47,0,0,0,0,42.96,2,0.0,,,
6554,3.6080,-0.1186,0.0264,3.001,good,0.000,2.52,0,0,0,0,42.52,2,0.0,,,
6555,3.6080,-0.1180,-0.0604,3.007,good,0.002,4.21,0,0,0,0,42.11,2,0.0,,,
6556,3.6080,-0.1174,0.0604,3.057,good,0.000,2.08,0,0,0,0,40.70,2,0.0,,,
6557,3.6080,-0.1162,-0.1583,3.000,good,0.001,2.57,0,0,0,0,41.63,2,0.0,,,
6558,3.6080,-0.1170,-0.0808,2.987,good,0.000,1.84,0,0,0,0,42.17,2,0.0,,,
6568,3.6080,-0.1053,0.1061,3.000,good,0.032,7.03,0,0,0,0,37.95,1,0.0,,,
6546,3.6120,-0.1143,-0.1750,3.054,good,0.000,2.59,0,0,0,0,39.98,3,0.0,,,
6547,3.6120,-0.1152,-0.1628,3.001,shell,1.000,8.92,1,1,1,0,41.50,3,2.4,11|10,6633,6633
6548,3.6120,-0.1148,-0.2220,3.005,good,0.000,3.27,0,0,0,0,41.17,3,0.0,,,
6549,3.6120,-0.1156,-0.1109,2.966,good,0.000,2.52,0,0,0,0,42.35,3,0.0,,,
6550,3.6120,-0.1230,0.0928,2.943,good,0.001,8.72,0,0,0,0,41.37,2,0.0,,,
6551,3.6120,-0.1102,-0.1255,3.003,good,0.001,2.28,0,0,0,0,39.59,3,0.0,,,
6552,3.6120,-0.1222,0.0821,2.818,good,0.000,9.02,0,0,0,0,44.42,2,0.0,,,
6564,3.6120,-0.1167,0.1034,2.931,good,0.375,4.76,0,0,0,0,43.48,2,0.0,,,
6565,3.6120,-0.1161,-0.0652,3.018,sour,1.000,18.74,1,1,1,0,41.08,2,3.2,23,6604,
6566,3.6120,-0.1164,-0.0322,3.001,sour,1.000,16.54,1,1,1,0,41.55,2,3.2,27|28,6600,6600
6567,3.6120,-0.1130,0.1495,2.200,good,0.023,3.90,0,0,0,0,66.25,2,0.0,,,
6573,3.6120,-0.1194,0.2172,3.000,good,0.002,17.66,0,0,0,0,42.52,1,0.0,,,
6574,3.6120,-0.1123,0.0864,3.000,good,0.003,9.85,0,0,0,0,40.16,1,0.0,,,
6575,3.6120,-0.1071,0.0973,3.000,good,0.001,2.13,0,0,0,0,38.42,1,0.0,,,
6561,3.6160,-0.1126,0.2252,3.001,good,0.013,4.17,0,0,0,0,40.73,3,0.0,,,
6562,3.6160,-0.1097,0.1617,3.003,good,0.000,2.47,0,0,0,0,39.65,3,0.0,,,
6563,3.6160,-0.1125,0.2104,2.542,good,0.076,7.35,0,0,0,0,53.35,3,0.0,,,
6571,3.6160,-0.1161,-0.0296,3.003,good,0.011,2.39,0,0,0,0,41.69,2,0.0,,,
6572,3.6160,-0.1283,0.0112,3.000,good,0.029,2.84,0,0,0,0,41.83,1,0.0,,,
6583,3.6160,-0.1157,0.0074,3.000,good,0.033,3.00,0,0,0,0,41.60,1,0.0,,,
6584,3.6160,-0.1042,0.1459,3.000,good,0.008,3.89,0,0,0,0,37.77,1,0.0,,,
6569,3.6200,-0.1102,-0.1715,3.450,good,0.001,2.30,0,0,0,0,31.57,3,0.0,,,
6570,3.6200,-0.1096,-0.0759,3.008,good,0.000,2.75,0,0,0,0,40.25,3,0.0,,,
6579,3.6200,-0.1313,0.0277,3.000,good,0.001,3.83,0,0,0,0,43.64,1,0.0,,,
6580,3.6200,-0.1193,-0.0375,2.860,sour,1.000,22.27,1,1,1,0,47.20,2,3.2,27|26,6654,
6581,3.6200,-0.1117,-0.1184,2.940,good,0.428,11.24,0,0,0,0,42.44,2,0.0,,,
6582,3.6200,-0.1274,0.0892,3.000,good,0.001,6.52,0,0,0,0,42.22,1,0.0,,,
6593,3.6200,-0.1173,0.0243,3.000,good,0.000,3.90,0,0,0,0,42.85,1,0.0,,,
6594,3.6200,-0.1145,0.0856,3.000,good,0.000,2.34,0,0,0,0,41.92,1,0.0,,,
6595,3.6200,-0.1154,0.0961,3.000,good,0.005,1.94,0,0,0,0,42.20,1,0.0,,,
6596,3.6200,-0.1031,0.0036,3.000,good,0.125,2.82,0,0,0,0,38.10,1,0.0,,,
6576,3.6240,-0.1148,0.1600,3.015,good,0.050,3.32,0,0,0,0,42.26,3,0.0,,,
6577,3.6240,-0.1100,-0.0115,3.450,good,0.002,2.66,0,0,0,0,31.83,3,0.0,,,
6578,3.6240,-0.1090,-0.0238,3.062,good,0.061,17.42,0,0,0,0,39.18,3,0.0,,,
6587,3.6240,-0.1168,-0.1155,3.010,good,0.029,9.03,0,0,0,0,42.92,2,0.0,,,
6589,3.6240,-0.1196,-0.0623,3.248,good,0.000,4.34,0,0,0,0,38.47,2,0.0,,,
6592,3.6240,-0.1184,0.0266,3.001,good,0.147,3.33,0,0,0,0,43.60,2,0.0,,,
6600,3.6240,-0.1033,0.0209,3.000,good,0.001,3.91,0,0,0,0,38.58,1,0.0,,,
6585,3.6280,-0.1152,-0.1341,3.081,good,0.036,2.52,0,0,0,0,40.82,3,0.0,,,
6586,3.6280,-0.1097,0.2208,3.421,good,0.007,4.16,0,0,0,0,32.23,3,0.0,,,
6588,3.6280,-0.1092,-0.1433,3.000,insect,1.000,5.38,1,1,1,0,40.60,3,3.1,13,6662,
6590,3.6280,-0.1087,0.0084,2.991,good,0.000,3.30,0,0,0,0,40.58,3,0.0,,,
6591,3.6280,-0.1081,-0.1911,2.998,good,0.001,2.50,0,0,0,0,40.16,3,0.0,,,
6599,3.6280,-0.1289,0.0180,3.000,good,0.000,3.77,0,0,0,0,43.04,1,0.0,,,
6610,3.6280,-0.1162,0.0128,3.000,good,0.000,3.72,0,0,0,0,42.80,1,0.0,,,
6597,3.6320,-0.1114,0.1848,3.000,black,1.000,50.63,1,1,1,0,41.60,3,3.2,55,6655,
6598,3.6320,-0.1100,-0.0520,2.980,good,0.000,3.62,0,0,0,0,41.52,3,0.0,,,
6605,3.6320,-0.1181,-0.0964,3.175,good,0.005,7.51,0,0,0,0,39.67,2,0.0,,,
6606,3.6320,-0.1193,0.1415,2.971,good,0.001,2.56,0,0,0,0,44.75,2,0.0,,,
6607,3.6320,-0.1166,-0.2347,3.000,good,0.001,2.02,0,0,0,0,43.07,2,0.0,,,
6608,3.6320,-0.1284,0.2145,3.000,good,0.007,4.06,0,0,0,0,43.00,1,0.0,,,
6609,3.6320,-0.1083,-0.1203,2.976,good,0.000,2.01,0,0,0,0,40.80,2,0.0,,,
6619,3.6320,-0.1161,0.2082,3.000,good,0.002,4.06,0,0,0,0,42.85,1,0.0,,,
6620,3.6320,-0.1035,0.0075,3.000,good,0.006,3.82,0,0,0,0,38.65,1,0.0,,,
6601,3.6360,-0.1120,0.0394,3.006,good,0.149,2.78,0,0,0,0,41.62,3,0.0,,,
6602,3.6360,-0.1121,0.2239,3.050,good,0.002,6.85,0,0,0,0,40.57,3,0.0,,,
6603,3.6360,-0.1116,-0.0160,3.016,good,0.000,3.42,0,0,0,0,41.15,3,0.0,,,
6604,3.6360,-0.1163,-0.1209,1.965,good,0.028,3.28,0,0,0,0,81.00,3,0.0,,,
6613,3.6360,-0.1197,0.0628,3.251,good,0.007,8.08,0,0,0,0,38.49,2,0.0,,,
6614,3.6360,-0.1147,0.1510,3.450,good,0.000,2.84,0,0,0,0,33.11,2,0.0,,,
6615,3.6360,-0.1172,-0.1350,3.110,good,0.000,1.86,0,0,0,0,40.68,2,0.0,,,
6616,3.6360,-0.1171,-0.0700,3.002,good,0.000,2.50,0,0,0,0,43.11,2,0.0,,,
6617,3.6360,-0.1167,0.0845,2.992,good,0.003,2.14,0,0,0,0,43.19,2,0.0,,,
6618,3.6360,-0.1145,0.0566,3.187,good,0.000,2.65,0,0,0,0,38.02,2,0.0,,,
6627,3.6360,-0.1038,0.2019,3.000,good,0.003,4.05,0,0,0,0,38.67,1,0.0,,,
6628,3.6360,-0.1029,-0.0916,3.000,good,0.002,3.98,0,0,0,0,38.34,1,0.0,,,
6611,3.6400,-0.1120,-0.2241,3.002,good,0.000,3.59,0,0,0,0,41.71,3,0.0,,,
6612,3.6400,-0.1121,-0.1820,2.996,insect,1.000,4.13,1,1,1,0,41.84,3,3.1,8,6670,6670
6626,3.6400,-0.1169,0.0313,3.002,good,0.000,2.46,0,0,0,0,43.24,2,0.0,,,
6635,3.6400,-0.1189,-0.2418,3.000,good,0.001,2.48,0,0,0,0,43.92,1,0.0,,,
6621,3.6440,-0.1137,-0.0270,2.991,good,0.000,3.32,0,0,0,0,43.16,3,0.0,,,
6622,3.6440,-0.1112,0.0637,3.012,good,0.000,2.61,0,0,0,0,41.82,3,0.0,,,
6623,3.6440,-0.1111,0.2011,2.930,good,0.000,3.06,0,0,0,0,43.70,3,0.0,,,
6624,3.6440,-0.1323,-0.2383,3.000,good,0.001,2.76,0,0,0,0,41.06,1,0.0,,,
6625,3.6440,-0.1112,-0.2185,2.652,good,0.014,4.29,0,0,0,0,51.24,3,0.0,,,
6641,3.6440,-0.1054,-0.2453,3.000,good,0.000,2.69,0,0,0,0,40.05,1,0.0,,,
6629,3.6480,-0.1151,-0.2273,3.022,good,0.000,2.34,0,0,0,0,42.01,3,0.0,,,
6630,3.6480,-0.1150,0.1811,3.005,black,1.000,50.37,1,1,1,0,42.31,3,3.2,55|54,6660,6660
6631,3.6480,-0.1130,0.2165,3.003,good,0.000,4.03,0,0,0,0,41.63,3,0.0,,,
6632,3.6480,-0.1131,-0.1051,3.006,good,0.002,4.10,0,0,0,0,41.58,3,0.0,,,
6633,3.6480,-0.1102,-0.0976,3.008,good,0.001,2.19,0,0,0,0,40.51,3,0.0,,,
6634,3.6480,-0.1095,-0.0544,2.984,good,0.000,3.62,0,0,0,0,40.80,3,0.0,,,
6639,3.6480,-0.1169,0.0229,2.983,good,0.003,2.34,0,0,0,0,43.26,2,0.0,,,
6640,3.6480,-0.1164,0.1317,3.006,good,0.031,6.71,0,0,0,0,42.51,2,0.0,,,
6650,3.6480,-0.1007,-0.2215,3.000,good,0.009,4.31,0,0,0,0,37.40,1,0.0,,,
6636,3.6520,-0.1158,0.1341,2.978,insect,1.000,7.16,1,1,1,0,43.76,3,3.1,49|48,6672,6672
6637,3.6520,-0.1284,0.1076,2.626,good,0.001,2.71,0,0,0,0,54.04,2,0.0,,,
6638,3.6520,-0.1139,0.1738,2.999,good,0.001,2.77,0,0,0,0,42.36,3,0.0,,,
6648,3.6520,-0.1134,-0.2102,3.230,good,0.003,6.52,0,0,0,0,37.06,2,0.0,,,
6649,3.6520,-0.1125,-0.1975,3.423,good,0.016,3.48,0,0,0,0,33.04,2,0.0,,,
6642,3.6560,-0.1132,-0.1391,2.995,good,0.000,2.13,0,0,0,0,43.02,3,0.0,,,
6643,3.6560,-0.1210,0.1014,3.450,good,0.006,8.19,0,0,0,0,31.82,2,0.0,,,
6644,3.6560,-0.1109,-0.1526,2.945,good,0.001,2.80,0,0,0,0,43.34,3,0.0,,,
6645,3.6560,-0.1349,-0.0347,3.000,good,0.005,3.84,0,0,0,0,42.01,1,0.0,,,
6646,3.6560,-0.1223,0.1142,2.992,good,0.001,2.11,0,0,0,0,41.99,2,0.0,,,
6647,3.6560,-0.1100,0.0688,2.911,good,0.000,2.48,0,0,0,0,43.78,3,0.0,,,
6655,3.6560,-0.1251,-0.0312,3.000,good,0.002,3.82,0,0,0,0,42.65,1,0.0,,,
6660,3.6560,-0.1153,-0.0277,3.000,good,0.003,3.93,0,0,0,0,43.37,1,0.0,,,
6661,3.6560,-0.1098,0.1059,3.000,good,0.003,10.73,0,0,0,0,41.56,1,0.0,,,
6652,3.6600,-0.1155,0.0630,2.863,sour,1.000,10.79,1,1,1,0,46.51,3,3.2,40|39,6751,6751
6653,3.6600,-0.1096,-0.1266,3.000,good,0.000,5.00,0,0,0,0,41.02,3,0.0,,,
6654,3.6600,-0.1212,0.1313,3.028,good,0.003,3.09,0,0,0,0,40.20,2,0.0,,,
6659,3.6600,-0.1193,-0.1313,2.989,good,0.000,2.70,0,0,0,0,44.46,2,0.0,,,
6670,3.6600,-0.1091,0.1280,3.000,good,0.000,3.06,0,0,0,0,40.79,1,0.0,,,
6671,3.6600,-0.1055,-0.0242,3.000,good,0.003,4.00,0,0,0,0,39.57,1,0.0,,,
6656,3.6640,-0.1149,-0.0279,2.998,good,0.000,2.14,0,0,0,0,42.58,3,0.0,,,
6657,3.6640,-0.1045,0.1970,3.450,good,0.014,4.14,0,0,0,0,30.11,3,0.0,,,
6658,3.6640,-0.1105,-0.2207,3.002,good,0.000,1.96,0,0,0,0,40.92,3,0.0,,,
6666,3.6640,-0.1190,-0.0961,3.020,good,0.018,3.26,0,0,0,0,43.26,2,0.0,,,
6667,3.6640,-0.1153,0.1663,2.990,faded,0.628,6.39,1,1,1,0,42.74,2,3.2,53,6689|6754,6689
6668,3.6640,-0.1164,0.0690,2.918,faded,0.978,3.81,1,1,1,0,44.84,2,3.2,40|41,6707,
6669,3.6640,-0.1154,-0.0183,3.004,good,0.000,2.17,0,0,0,0,42.29,2,0.0,,,
6651,3.6680,-0.1206,0.0129,1.800,good,0.003,2.63,0,0,0,0,89.15,4,0.0,,,
6662,3.6680,-0.1128,-0.1575,2.959,good,0.010,2.83,0,0,0,0,42.45,3,0.0,,,
6663,3.6680,-0.1143,-0.0152,2.959,good,0.000,2.12,0,0,0,0,42.87,3,0.0,,,
6664,3.6680,-0.1124,-0.2109,2.999,good,0.000,2.06,0,0,0,0,41.21,3,0.0,,,
6665,3.6680,-0.1210,0.1549,2.971,good,0.000,2.54,0,0,0,0,40.74,2,0.0,,,
6678,3.6680,-0.1179,0.0652,2.998,good,0.000,2.79,0,0,0,0,42.99,2,0.0,,,
6686,3.6680,-0.1091,0.1513,3.000,good,0.000,2.52,0,0,0,0,40.01,1,0.0,,,
6672,3.6720,-0.1131,-0.0437,3.000,good,0.002,2.92,0,0,0,0,41.09,3,0.0,,,
6673,3.6720,-0.1116,-0.1380,2.982,good,0.000,2.75,0,0,0,0,40.93,3,0.0,,,
6674,3.6720,-0.1090,0.1558,3.080,good,0.004,2.55,0,0,0,0,37.78,3,0.0,,,
6675,3.6720,-0.1090,0.2263,3.120,good,0.000,2.74,0,0,0,0,36.90,3,0.0,,,
6676,3.6720,-0.1082,0.1169,3.008,good,0.000,3.03,0,0,0,0,39.08,3,0.0,,,
6677,3.6720,-0.1091,0.1048,3.000,good,0.000,3.08,0,0,0,0,39.54,3,0.0,,,
6682,3.6720,-0.1195,0.1655,2.994,good,0.208,2.72,0,0,0,0,43.08,2,0.0,,,
6683,3.6720,-0.1177,0.2285,3.148,good,0.000,2.39,0,0,0,0,38.92,2,0.0,,,
6684,3.6720,-0.1129,0.0005,3.003,good,0.009,9.70,0,0,0,0,40.62,2,0.0,,,
6685,3.6720,-0.1165,0.0402,2.994,good,0.000,2.40,0,0,0,0,41.98,2,0.0,,,
6695,3.6720,-0.1145,0.0122,3.000,good,0.002,28.00,1,1,1,0,41.17,1,9.0,33|34|32,6673|6694|6729,6694
6679,3.6760,-0.1125,0.1436,3.252,good,0.000,2.71,0,0,0,0,35.67,3,0.0,,,
6680,3.6760,-0.1143,-0.0776,3.008,good,0.000,1.78,0,0,0,0,41.52,3,0.0,,,
6681,3.6760,-0.1085,-0.0895,3.209,husk,0.644,11.28,1,1,1,0,35.22,3,2.4,20,6712,
6690,3.6760,-0.1191,0.1639,3.071,good,0.000,2.60,0,0,0,0,41.51,2,0.0,,,
6691,3.6760,-0.1187,-0.1352,3.029,insect,1.000,3.59,1,1,1,0,42.33,2,3.1,14,6781,
6692,3.6760,-0.1179,0.1832,2.999,good,0.001,2.91,0,0,0,0,42.76,2,0.0,,,
6693,3.6760,-0.1156,-0.2182,3.278,good,0.001,1.88,0,0,0,0,35.82,2,0.0,,,
6694,3.6760,-0.1296,-0.1013,3.000,good,0.001,3.97,0,0,0,0,42.57,1,0.0,,,
6701,3.6760,-0.1154,-0.0981,3.000,good,0.027,7.53,0,0,0,0,41.84,1,0.0,,,
6687,3.6800,-0.1295,0.2249,2.758,good,0.000,4.08,0,0,0,0,50.25,2,0.0,,,
6688,3.6800,-0.1108,0.0125,2.880,good,0.013,3.49,0,0,0,0,44.16,3,0.0,,,
6689,3.6800,-0.1092,0.0960,2.927,black,1.000,51.06,1,1,1,0,42.39,3,3.2,44,6714,
6696,3.6800,-0.1185,0.1105,3.085,good,0.108,11.07,0,0,0,0,41.68,2,0.0,,,
6700,3.6800,-0.1200,0.2116,2.999,good,0.000,2.14,0,0,0,0,44.18,2,0.0,,,
6707,3.6800,-0.1185,0.2286,3.000,good,0.000,4.36,0,0,0,0,43.65,1,0.0,,,
6697,3.6840,-0.1105,0.0191,2.947,good,0.000,3.67,0,0,0,0,43.34,3,0.0,,,
6698,3.6840,-0.1090,-0.2183,3.018,good,0.007,4.54,0,0,0,0,41.08,3,0.0,,,
6699,3.6840,-0.1106,-0.1030,3.000,black,1.000,47.34,1,1,1,0,42.00,3,3.2,18|19,6742,6742
6704,3.6840,-0.1318,-0.2330,3.000,good,0.002,3.59,0,0,0,0,45.03,1,0.0,,,
6705,3.6840,-0.1306,0.2139,3.000,faded,0.707,7.29,1,1,1,0,44.62,1,3.2,59,,
6706,3.6840,-0.1170,-0.2435,3.049,good,0.024,2.94,0,0,0,0,42.88,2,0.0,,,
6712,3.6840,-0.1197,-0.2368,3.000,good,0.005,3.75,0,0,0,0,44.91,1,0.0,,,
6702,3.6880,-0.1151,-0.1153,2.975,good,0.000,4.46,0,0,0,0,44.00,3,0.0,,,
6703,3.6880,-0.1150,-0.0345,2.977,good,0.001,3.19,0,0,0,0,43.85,3,0.0,,,
6711,3.6880,-0.1153,0.1240,3.085,good,0.000,3.59,0,0,0,0,41.40,2,0.0,,,
6708,3.6920,-0.1160,-0.1781,2.990,good,0.003,4.53,0,0,0,0,43.41,3,0.0,,,
6709,3.6920,-0.1145,0.1736,2.998,good,0.000,2.64,0,0,0,0,42.65,3,0.0,,,
6710,3.6920,-0.1114,0.1454,2.995,good,0.014,4.56,0,0,0,0,41.65,3,0.0,,,
6718,3.6920,-0.1184,0.2113,3.002,good,0.003,8.01,0,0,0,0,43.76,2,0.0,,,
6719,3.6920,-0.1184,0.0473,2.913,good,0.001,2.09,0,0,0,0,45.97,2,0.0,,,
6720,3.6920,-0.1190,0.1144,2.589,good,0.001,3.95,0,0,0,0,55.55,2,0.0,,,
6713,3.6960,-0.1131,0.0270,2.995,good,0.000,3.18,0,0,0,0,42.15,3,0.0,,,
6714,3.6960,-0.1131,-0.0930,2.999,good,0.000,2.73,0,0,0,0,42.00,3,0.0,,,
6715,3.6960,-0.1124,-0.0372,2.957,good,0.001,2.88,0,0,0,0,42.74,3,0.0,,,
6716,3.6960,-0.1100,-0.0824,3.153,good,0.051,2.88,0,0,0,0,37.48,3,0.0,,,
6717,3.6960,-0.1091,-0.1323,2.983,good,0.029,5.92,0,0,0,0,40.92,3,0.0,,,
6726,3.6960,-0.1152,0.0035,3.225,good,0.010,4.08,0,0,0,0,37.52,2,0.0,,,
6733,3.6960,-0.1087,0.1174,3.000,good,0.000,3.94,0,0,0,0,40.36,1,0.0,,,
6721,3.7000,-0.1140,0.1763,3.097,good,0.001,3.18,0,0,0,0,40.05,3,0.0,,,
6722,3.7000,-0.1142,0.1190,2.981,good,0.000,2.27,0,0,0,0,42.74,3,0.0,,,
6723,3.7000,-0.1116,0.1620,3.013,good,0.001,2.93,0,0,0,0,41.08,3,0.0,,,
6724,3.7000,-0.1084,0.1900,3.002,good,0.000,3.22,0,0,0,0,40.21,3,0.0,,,
6725,3.7000,-0.1082,-0.0268,3.002,good,0.000,3.02,0,0,0,0,40.11,3,0.0,,,
6731,3.7000,-0.1191,-0.1636,3.014,good,0.071,4.45,0,0,0,0,43.38,2,0.0,,,
6732,3.7000,-0.1156,-0.2010,3.078,good,0.021,2.13,0,0,0,0,40.70,2,0.0,,,
6727,3.7040,-0.1096,0.1878,3.450,good,0.244,2.16,0,0,0,0,31.43,3,0.0,,,
6728,3.7040,-0.1131,-0.0911,3.099,good,0.000,2.71,0,0,0,0,39.37,3,0.0,,,
6729,3.7040,-0.1133,0.1724,2.992,good,0.000,2.13,0,0,0,0,41.85,3,0.0,,,
6730,3.7040,-0.1208,0.2062,2.865,good,0.010,7.61,0,0,0,0,43.59,2,0.0,,,
6738,3.7040,-0.1185,-0.1281,3.450,good,0.001,3.78,0,0,0,0,33.82,2,0.0,,,
6739,3.7040,-0.1197,-0.0127,2.999,good,0.001,2.09,0,0,0,0,43.71,2,0.0,,,
6740,3.7040,-0.1168,-0.1585,2.997,good,0.000,2.71,0,0,0,0,42.75,2,0.0,,,
6749,3.7040,-0.1096,0.2098,3.000,good,0.017,7.20,0,0,0,0,40.27,1,0.0,,,
6734,3.7080,-0.1146,-0.1418,2.911,good,0.157,4.20,0,0,0,0,43.11,3,0.0,,,
6735,3.7080,-0.1262,0.0248,2.865,good,0.007,1.80,0,0,0,0,44.26,2,0.0,,,
6736,3.7080,-0.1109,0.0011,3.006,good,0.424,3.10,0,0,0,0,39.43,3,0.0,,,
6737,3.7080,-0.1208,0.0151,3.065,good,0.000,1.96,0,0,0,0,37.30,2,0.0,,,
6763,3.7080,-0.1115,0.0186,3.000,good,0.001,8.30,0,0,0,0,39.74,1,0.0,,,
6764,3.7080,-0.1032,0.2144,3.000,good,0.001,6.77,0,0,0,0,36.98,1,0.0,,,
6741,3.7120,-0.1150,-0.1946,3.010,good,0.000,2.71,0,0,0,0,40.13,3,0.0,,,
6742,3.7120,-0.1110,0.1778,3.016,good,0.000,2.09,0,0,0,0,38.62,3,0.0,,,
6743,3.7120,-0.1079,-0.1247,3.396,good,0.004,1.41,0,0,0,0,29.84,3,0.0,,,
6744,3.7120,-0.1105,-0.0430,2.999,good,0.000,3.75,0,0,0,0,38.75,3,0.0,,,
6745,3.7120,-0.1153,-0.1732,2.273,good,0.030,3.78,0,0,0,0,63.27,3,0.0,,,
6746,3.7120,-0.1092,-0.0774,3.003,black,1.000,50.57,1,1,1,0,38.18,3,3.2,22|21,6822,
6747,3.7120,-0.1084,-0.1083,3.003,good,0.000,2.45,0,0,0,0,37.82,3,0.0,,,
6748,3.7120,-0.1096,0.1335,2.618,good,0.000,2.41,0,0,0,0,48.47,3,0.0,,,
6760,3.7120,-0.1194,0.1002,3.098,good,0.294,2.62,0,0,0,0,39.17,2,0.0,,,
6761,3.7120,-0.1185,0.0539,2.992,faded,0.990,3.90,1,1,1,0,41.38,2,3.2,38|39,6807,6807
6762,3.7120,-0.1166,-0.0109,3.000,good,0.000,3.11,0,0,0,0,40.50,2,0.0,,,
6750,3.7160,-0.1143,0.1391,3.014,sour,1.000,11.26,1,1,1,0,40.12,3,3.2,49|50,6863,
6751,3.7160,-0.1142,-0.0594,2.871,faded,0.942,7.26,1,1,1,0,43.54,3,3.2,24,6806,6806
6752,3.7160,-0.1283,-0.1704,2.246,good,0.000,2.43,0,0,0,0,66.52,2,0.0,,,
6753,3.7160,-0.1247,0.0613,3.017,good,0.000,4.73,0,0,0,0,39.29,2,0.0,,,
6754,3.7160,-0.1138,0.1626,2.866,good,0.425,5.29,0,0,0,0,43.41,3,0.0,,,
6755,3.7160,-0.1135,-0.1829,3.025,good,0.000,3.37,0,0,0,0,39.33,3,0.0,,,
6756,3.7160,-0.1085,0.1705,3.450,good,0.002,4.72,0,0,0,0,29.17,3,0.0,,,
6757,3.7160,-0.1117,-0.0321,3.026,good,0.000,2.58,0,0,0,0,38.67,3,0.0,,,
6758,3.7160,-0.1100,-0.2074,3.001,good,0.001,2.04,0,0,0,0,38.65,3,0.0,,,
6759,3.7160,-0.1133,-0.0436,2.609,good,0.011,2.64,0,0,0,0,50.38,3,0.0,,,
6771,3.7160,-0.1183,0.0896,3.037,good,0.000,2.82,0,0,0,0,40.48,2,0.0,,,
6772,3.7160,-0.1184,-0.0079,3.001,good,0.001,2.80,0,0,0,0,41.28,2,0.0,,,
6783,3.7160,-0.1194,-0.1670,3.000,good,0.000,2.26,0,0,0,0,41.63,1,0.0,,,
6784,3.7160,-0.1099,0.0580,3.000,good,0.106,9.53,0,0,0,0,38.48,1,0.0,,,
6765,3.7200,-0.1090,0.0572,3.450,good,0.000,2.53,0,0,0,0,29.69,3,0.0,,,
6766,3.7200,-0.1390,-0.1771,3.000,good,0.001,1.93,0,0,0,0,40.76,1,0.0,,,
6767,3.7200,-0.1148,0.2345,3.001,good,0.003,2.61,0,0,0,0,40.61,3,0.0,,,
6768,3.7200,-0.1101,-0.1424,3.321,good,0.000,1.89,0,0,0,0,32.23,3,0.0,,,
6769,3.7200,-0.1104,-0.1117,3.247,good,0.001,2.15,0,0,0,0,33.72,3,0.0,,,
6770,3.7200,-0.1132,0.0279,2.765,good,0.000,2.37,0,0,0,0,46.02,2,0.0,,,
6776,3.7200,-0.1181,-0.1728,2.994,good,0.029,5.78,0,0,0,0,41.71,2,0.0,,,
6778,3.7200,-0.1282,0.0298,3.000,good,0.001,7.28,0,0,0,0,40.92,1,0.0,,,
6779,3.7200,-0.1167,0.0951,3.005,insect,0.979,5.80,1,1,1,0,40.93,2,3.1,44|43,6838,6838
6780,3.7200,-0.1163,0.0716,2.998,good,0.001,3.49,0,0,0,0,40.89,2,0.0,,,
6781,3.7200,-0.1093,0.0412,3.450,good,0.002,4.01,0,0,0,0,29.37,2,0.0,,,
6782,3.7200,-0.1112,0.1255,3.450,good,0.002,4.71,0,0,0,0,29.90,2,0.0,,,
6792,3.7200,-0.1174,0.0353,3.000,good,0.000,2.78,0,0,0,0,41.15,1,0.0,,,
6793,3.7200,-0.1028,-0.0402,3.000,good,0.003,2.43,0,0,0,0,36.29,1,0.0,,,
6773,3.7240,-0.1178,0.1692,2.718,good,0.007,5.16,0,0,0,0,49.29,3,0.0,,,
6774,3.7240,-0.1107,0.1828,3.122,good,0.062,5.01,0,0,0,0,36.55,3,0.0,,,
6775,3.7240,-0.1107,-0.0291,3.016,good,0.000,2.72,0,0,0,0,38.90,3,0.0,,,
6777,3.7240,-0.1097,0.0488,2.997,good,0.000,4.17,0,0,0,0,38.96,3,0.0,,,
6787,3.7240,-0.1173,-0.0032,2.881,good,0.000,4.17,0,0,0,0,44.38,2,0.0,,,
6788,3.7240,-0.1169,0.1048,3.234,faded,0.620,3.77,1,1,1,0,35.99,2,3.2,45,6868,
6789,3.7240,-0.1156,0.1906,3.450,black,1.000,50.96,1,1,1,0,31.35,2,3.2,56,6895,
6790,3.7240,-0.1178,0.1534,3.005,good,0.000,2.44,0,0,0,0,41.29,2,0.0,,,
6791,3.7240,-0.1161,-0.1167,2.972,faded,0.848,3.28,1,1,1,0,41.47,2,3.2,17|16,6865,6865
6802,3.7240,-0.1031,0.0390,3.000,good,0.004,2.66,0,0,0,0,36.41,1,0.0,,,
6803,3.7240,-0.1014,-0.1629,3.000,good,0.000,2.23,0,0,0,0,35.84,1,0.0,,,
6785,3.7280,-0.1101,-0.0521,2.966,good,0.003,3.71,0,0,0,0,40.81,3,0.0,,,
6786,3.7280,-0.1072,-0.2094,3.329,good,0.010,3.40,0,0,0,0,32.18,3,0.0,,,
6799,3.7280,-0.1137,-0.1679,3.450,good,0.109,6.89,0,0,0,0,31.83,2,0.0,,,
6801,3.7280,-0.1180,-0.0323,3.009,good,0.002,18.39,0,0,0,0,42.32,2,0.0,,,
6812,3.7280,-0.1040,0.1080,3.000,faded,0.513,3.74,1,1,1,0,37.84,1,3.2,45|46,6868,
6794,3.7320,-0.1158,0.0181,2.957,good,0.000,2.34,0,0,0,0,43.57,3,0.0,,,
6795,3.7320,-0.1121,-0.1042,2.920,good,0.002,8.78,0,0,0,0,43.15,3,0.0,,,
6796,3.7320,-0.1140,-0.0167,2.999,good,0.000,2.17,0,0,0,0,41.83,3,0.0,,,
6797,3.7320,-0.1104,0.2180,3.239,good,0.271,6.53,0,0,0,0,35.40,3,0.0,,,
6798,3.7320,-0.1146,0.2392,2.438,good,0.002,5.09,0,0,0,0,58.44,3,0.0,,,
6800,3.7320,-0.1089,0.1008,2.987,good,0.000,3.88,0,0,0,0,40.32,3,0.0,,,
6807,3.7320,-0.1186,-0.1519,2.918,good,0.023,4.83,0,0,0,0,45.25,2,0.0,,,
6808,3.7320,-0.1310,-0.2061,3.000,good,0.004,4.13,0,0,0,0,43.32,1,0.0,,,
6809,3.7320,-0.1147,-0.1626,2.732,good,0.001,6.59,0,0,0,0,48.92,2,0.0,,,
6810,3.7320,-0.1160,-0.0567,2.999,good,0.000,2.41,0,0,0,0,42.31,2,0.0,,,
6811,3.7320,-0.1167,0.2070,2.999,good,0.018,1.96,0,0,0,0,42.49,2,0.0,,,
6804,3.7360,-0.1172,-0.1623,2.803,good,0.007,2.76,0,0,0,0,45.48,3,0.0,,,
6805,3.7360,-0.1155,-0.0005,2.837,insect,1.000,3.41,1,1,1,0,43.87,3,3.1,31|32,6834,
6806,3.7360,-0.1098,0.1297,3.000,good,0.006,1.99,0,0,0,0,37.78,3,0.0,,,
6815,3.7360,-0.1191,0.0599,3.180,good,0.004,4.96,0,0,0,0,36.72,2,0.0,,,
6817,3.7360,-0.1183,0.1526,3.032,good,0.049,4.42,0,0,0,0,39.79,2,0.0,,,
6818,3.7360,-0.1213,-0.2019,3.000,good,0.005,4.16,0,0,0,0,37.54,1,0.0,,,
6829,3.7360,-0.1116,-0.1978,3.000,good,0.008,4.11,0,0,0,0,38.31,1,0.0,,,
6830,3.7360,-0.1054,-0.1564,3.000,good,0.005,15.43,0,0,0,0,36.22,1,0.0,,,
6813,3.7400,-0.1105,0.1362,3.134,good,0.000,2.63,0,0,0,0,36.00,3,0.0,,,
6814,3.7400,-0.1118,0.2281,2.821,good,0.011,7.14,0,0,0,0,43.84,3,0.0,,,
6816,3.7400,-0.1212,-0.2394,2.854,black,1.000,51.22,1,1,1,0,42.22,2,3.2,1,,
6825,3.7400,-0.1190,0.1154,2.999,insect,1.000,6.56,1,1,1,0,41.67,2,3.1,46,6885,6885
6826,3.7400,-0.1177,0.0308,3.064,good,0.002,2.37,0,0,0,0,39.67,2,0.0,,,
6827,3.7400,-0.1138,-0.1725,3.450,black,1.000,51.27,1,1,1,0,30.51,2,3.2,9|10,6962,
6828,3.7400,-0.1154,-0.0080,3.013,faded,0.996,4.20,1,1,1,0,39.96,2,3.2,30|31,6866,
6839,3.7400,-0.1098,-0.2438,3.000,black,1.000,51.25,1,1,1,0,38.38,1,3.2,0,6835,
6840,3.7400,-0.1064,-0.1591,3.000,good,0.002,2.47,0,0,0,0,37.26,1,0.0,,,
6841,3.7400,-0.1020,-0.1937,3.000,good,0.009,4.08,0,0,0,0,35.76,1,0.0,,,
6819,3.7440,-0.1146,0.2376,3.115,good,0.035,3.33,0,0,0,0,40.20,3,0.0,,,
6820,3.7440,-0.1111,-0.1065,3.231,good,0.001,2.34,0,0,0,0,36.57,3,0.0,,,
6821,3.7440,-0.1129,-0.2266,3.000,good,0.006,2.70,0,0,0,0,42.15,3,0.0,,,
6822,3.7440,-0.1220,0.0670,3.106,good,0.019,2.47,0,0,0,0,38.63,2,0.0,,,
6823,3.7440,-0.1211,-0.0153,3.297,good,0.000,2.49,0,0,0,0,34.18,2,0.0,,,
6824,3.7440,-0.1204,0.0596,3.000,good,0.000,2.56,0,0,0,0,40.54,2,0.0,,,
6836,3.7440,-0.1196,-0.1510,2.992,good,0.024,5.36,0,0,0,0,44.44,2,0.0,,,
6838,3.7440,-0.1181,-0.0248,2.989,good,0.000,2.26,0,0,0,0,43.98,2,0.0,,,
6846,3.7440,-0.1090,0.0633,3.000,good,0.020,5.68,0,0,0,0,40.68,1,0.0,,,
6847,3.7440,-0.1054,-0.0109,3.000,faded,0.841,5.87,1,1,1,0,39.46,1,3.2,30,6866|6894,
6831,3.7480,-0.1169,-0.0654,2.978,good,0.000,2.77,0,0,0,0,44.58,3,0.0,,,
6832,3.7480,-0.1157,0.0054,2.582,faded,1.000,5.18,1,1,1,0,55.22,3,3.2,32,6813,
6833,3.7480,-0.1093,0.1050,2.983,good,0.000,2.20,0,0,0,0,41.74,3,0.0,,,
6834,3.7480,-0.1083,-0.2379,3.047,good,0.001,3.58,0,0,0,0,39.88,3,0.0,,,
6835,3.7480,-0.1085,-0.1817,2.915,good,0.003,1.88,0,0,0,0,43.03,3,0.0,,,
6837,3.7480,-0.1117,0.0350,2.367,good,0.002,2.16,0,0,0,0,60.90,3,0.0,,,
6845,3.7480,-0.1160,-0.1465,3.000,good,0.000,2.22,0,0,0,0,43.43,2,0.0,,,
6842,3.7520,-0.1149,-0.1422,2.998,good,0.000,3.92,0,0,0,0,43.06,3,0.0,,,
6843,3.7520,-0.1139,-0.1166,2.905,good,0.000,3.22,0,0,0,0,44.98,3,0.0,,,
6844,3.7520,-0.1117,0.1916,2.942,good,0.017,2.28,0,0,0,0,43.26,3,0.0,,,
6849,3.7520,-0.1162,-0.0520,3.007,good,0.000,2.93,0,0,0,0,43.13,2,0.0,,,
6848,3.7560,-0.1088,0.1601,3.012,black,1.000,53.00,1,1,1,0,40.50,3,3.2,52,6933,6933
6855,3.7560,-0.1179,-0.0585,3.084,good,0.001,2.17,0,0,0,0,41.76,2,0.0,,,
6856,3.7560,-0.1191,0.0436,3.094,good,0.010,2.02,0,0,0,0,41.88,2,0.0,,,
6857,3.7560,-0.1192,0.0873,2.945,good,0.001,3.55,0,0,0,0,45.48,2,0.0,,,
6858,3.7560,-0.1179,0.2380,3.027,good,0.016,4.08,0,0,0,0,42.97,2,0.0,,,
6850,3.7600,-0.1109,0.1121,2.927,good,0.000,1.71,0,0,0,0,42.59,3,0.0,,,
6851,3.7600,-0.1109,-0.1148,3.002,good,0.000,2.61,0,0,0,0,40.70,3,0.0,,,
6852,3.7600,-0.1099,-0.2354,2.999,good,0.007,3.19,0,0,0,0,40.42,3,0.0,,,
6853,3.7600,-0.1085,-0.0869,3.001,good,0.000,2.50,0,0,0,0,39.84,3,0.0,,,
6854,3.7600,-0.1086,-0.0256,3.000,good,0.002,7.09,0,0,0,0,39.87,3,0.0,,,
6860,3.7600,-0.1177,-0.1486,3.215,good,0.242,8.85,0,0,0,0,38.02,2,0.0,,,
6861,3.7600,-0.1164,-0.2096,3.051,good,0.054,2.58,0,0,0,0,41.20,2,0.0,,,
6862,3.7600,-0.1142,-0.0406,3.417,good,0.000,2.57,0,0,0,0,32.92,2,0.0,,,
6863,3.7600,-0.1128,0.1736,3.434,good,0.003,3.49,0,0,0,0,32.16,2,0.0,,,
6873,3.7600,-0.1067,0.0475,3.000,good,0.010,1.98,0,0,0,0,39.11,1,0.0,,,
6859,3.7640,-0.1097,-0.0571,2.774,good,0.000,3.86,0,0,0,0,46.80,3,0.0,,,
6871,3.7640,-0.1140,-0.2022,2.996,good,0.002,8.42,0,0,0,0,42.55,2,0.0,,,
6872,3.7640,-0.1161,0.2236,3.092,broken,0.743,3.31,1,1,1,0,40.94,2,2.4,60,6891,6891
6864,3.7680,-0.1277,0.0780,3.153,good,0.000,4.21,0,0,0,0,38.45,2,0.0,,,
6865,3.7680,-0.1134,-0.0240,3.070,good,0.000,4.60,0,0,0,0,39.70,3,0.0,,,
6866,3.7680,-0.1170,0.0270,2.677,good,0.007,3.74,0,0,0,0,51.18,3,0.0,,,
6867,3.7680,-0.1112,-0.0120,3.161,good,0.000,2.84,0,0,0,0,36.92,3,0.0,,,
6868,3.7680,-0.1084,0.0479,3.204,good,0.000,2.09,0,0,0,0,35.07,3,0.0,,,
6869,3.7680,-0.1092,-0.1042,2.994,good,0.006,2.30,0,0,0,0,39.81,3,0.0,,,
6870,3.7680,-0.1090,-0.0940,3.002,good,0.008,3.28,0,0,0,0,39.56,3,0.0,,,
6878,3.7680,-0.1189,0.2381,3.010,good,0.123,3.34,0,0,0,0,42.62,2,0.0,,,
6890,3.7680,-0.1151,0.0826,3.000,good,0.000,4.01,0,0,0,0,41.59,1,0.0,,,
6874,3.7720,-0.1144,-0.1118,3.044,good,0.000,2.29,0,0,0,0,41.39,3,0.0,,,
6875,3.7720,-0.1126,-0.2302,2.896,good,0.009,3.00,0,0,0,0,44.31,3,0.0,,,
6876,3.7720,-0.1107,0.1573,2.995,good,0.476,5.57,0,0,0,0,41.22,3,0.0,,,
6877,3.7720,-0.1349,0.0150,3.000,good,0.001,6.61,0,0,0,0,41.16,1,0.0,,,
6884,3.7720,-0.1196,0.2094,3.000,good,0.000,1.66,0,0,0,0,44.01,2,0.0,,,
6885,3.7720,-0.1190,-0.1446,2.806,good,0.000,2.17,0,0,0,0,48.82,2,0.0,,,
6886,3.7720,-0.1161,-0.0862,3.035,good,0.000,3.61,0,0,0,0,41.96,2,0.0,,,
6887,3.7720,-0.1169,0.0472,3.021,good,0.000,4.11,0,0,0,0,42.51,2,0.0,,,
6888,3.7720,-0.1160,-0.0365,3.188,good,0.002,1.67,0,0,0,0,38.43,2,0.0,,,
6889,3.7720,-0.1238,0.0119,3.000,good,0.001,8.16,0,0,0,0,41.27,1,0.0,,,
6896,3.7720,-0.1126,0.0088,3.000,good,0.001,6.50,0,0,0,0,41.54,1,0.0,,,
6879,3.7760,-0.1153,-0.0279,3.000,good,0.000,2.32,0,0,0,0,41.88,3,0.0,,,
6880,3.7760,-0.1142,0.0888,3.013,good,0.001,3.07,0,0,0,0,41.16,3,0.0,,,
6881,3.7760,-0.1107,0.0055,3.110,good,0.002,3.53,0,0,0,0,37.79,3,0.0,,,
6882,3.7760,-0.1107,0.1181,2.992,good,0.010,2.78,0,0,0,0,40.40,3,0.0,,,
6883,3.7760,-0.1128,-0.1779,2.773,good,0.001,4.76,0,0,0,0,46.65,3,0.0,,,
6906,3.7760,-0.1015,0.0057,3.000,good,0.001,7.33,0,0,0,0,37.04,1,0.0,,,
6891,3.7800,-0.1131,-0.1396,3.214,good,0.062,5.98,0,0,0,0,35.41,3,0.0,,,
6892,3.7800,-0.1129,-0.1153,3.030,good,0.000,3.99,0,0,0,0,39.29,3,0.0,,,
6893,3.7800,-0.1102,0.0957,3.101,faded,0.568,3.84,1,1,1,0,36.77,3,3.2,44,6935,
6894,3.7800,-0.1108,0.1219,2.947,good,0.000,8.93,0,0,0,0,40.45,3,0.0,,,
6895,3.7800,-0.1330,-0.1462,3.000,good,0.004,2.36,0,0,0,0,38.59,1,0.0,,,
6904,3.7800,-0.1199,-0.0322,3.000,good,0.000,2.40,0,0,0,0,42.17,2,0.0,,,
6905,3.7800,-0.1166,0.1335,2.776,good,0.000,3.23,0,0,0,0,46.87,2,0.0,,,
6897,3.7840,-0.1286,-0.1558,2.502,good,0.040,4.07,0,0,0,0,57.27,2,0.0,,,
6898,3.7840,-0.1157,-0.0552,2.886,good,0.000,2.12,0,0,0,0,44.58,3,0.0,,,
6899,3.7840,-0.1240,-0.0447,3.325,black,1.000,46.21,1,1,1,0,33.15,2,3.2,26,,
6900,3.7840,-0.1101,0.0321,3.237,broken,0.990,2.17,1,1,1,0,34.61,3,2.4,36|35,6995,6995
6901,3.7840,-0.1126,0.0122,2.950,good,0.001,2.33,0,0,0,0,41.74,3,0.0,,,
6902,3.7840,-0.1102,0.1049,3.059,good,0.264,4.32,0,0,0,0,38.35,3,0.0,,,
6903,3.7840,-0.1076,0.1238,3.203,good,0.002,2.41,0,0,0,0,34.41,3,0.0,,,
6913,3.7840,-0.1199,0.2326,3.002,good,0.067,3.32,0,0,0,0,42.84,2,0.0,,,
6914,3.7840,-0.1194,0.1213,3.057,black,1.000,51.79,1,1,1,0,41.29,2,3.2,47,6988,6988
6915,3.7840,-0.1173,-0.2352,3.011,good,0.000,3.55,0,0,0,0,41.67,2,0.0,,,
6922,3.7840,-0.1186,-0.1526,3.000,good,0.010,4.07,0,0,0,0,42.36,1,0.0,,,
6923,3.7840,-0.1107,-0.0484,3.000,black,1.000,46.36,1,1,1,0,39.72,1,3.2,25,6973,
6908,3.7880,-0.1147,-0.2337,2.995,good,0.004,2.35,0,0,0,0,41.39,3,0.0,,,
6909,3.7880,-0.1258,-0.0254,3.333,husk,1.000,31.54,1,1,1,0,33.39,2,2.4,28,,
6910,3.7880,-0.1153,0.1512,2.986,good,0.000,2.94,0,0,0,0,41.68,3,0.0,,,
6911,3.7880,-0.1132,0.1112,3.005,good,0.000,2.12,0,0,0,0,40.48,3,0.0,,,
6912,3.7880,-0.1081,-0.0133,3.007,good,0.001,2.28,0,0,0,0,38.71,3,0.0,,,
6919,3.7880,-0.1187,-0.1773,2.999,good,0.000,2.48,0,0,0,0,42.40,2,0.0,,,
6920,3.7880,-0.1157,-0.1582,3.001,good,0.003,2.37,0,0,0,0,41.31,2,0.0,,,
6921,3.7880,-0.1161,0.0051,3.030,good,0.000,1.82,0,0,0,0,40.70,2,0.0,,,
6934,3.7880,-0.1123,-0.0221,3.000,husk,1.000,30.89,1,1,1,0,40.17,1,2.4,29|28,7039,7039
6907,3.7920,-0.1147,-0.0108,2.167,good,0.002,3.84,0,0,0,0,69.17,4,0.0,,,
6916,3.7920,-0.1136,-0.1263,2.945,faded,1.000,4.94,1,1,1,0,42.52,3,3.2,15|16,7013,
6917,3.7920,-0.1118,0.1216,2.973,good,0.006,3.16,0,0,0,0,41.20,3,0.0,,,
6918,3.7920,-0.1096,0.1911,3.002,shell,1.000,7.83,1,1,1,0,39.72,3,2.4,56,6969,6969
6932,3.7920,-0.1199,0.0148,2.999,faded,0.842,4.77,1,1,1,0,43.16,2,3.2,33|34,7009,7009
6933,3.7920,-0.1261,0.1536,3.000,good,0.004,2.00,0,0,0,0,41.20,1,0.0,,,
6924,3.7960,-0.1144,0.0963,3.027,good,0.000,2.04,0,0,0,0,40.71,3,0.0,,,
6925,3.7960,-0.1142,-0.0723,3.000,insect,1.000,7.66,1,1,1,0,41.21,3,3.1,22,7011,7011
6926,3.7960,-0.1136,0.0443,2.999,good,0.000,1.90,0,0,0,0,40.95,3,0.0,,,
6927,3.7960,-0.1255,-0.0594,3.348,good,0.004,3.15,0,0,0,0,33.02,2,0.0,,,
6928,3.7960,-0.1142,-0.1983,2.993,good,0.002,8.69,0,0,0,0,41.18,3,0.0,,,
6929,3.7960,-0.1280,-0.0128,2.042,good,0.007,2.49,0,0,0,0,77.28,2,0.0,,,
6930,3.7960,-0.1111,-0.0022,3.003,good,0.122,3.39,0,0,0,0,39.87,3,0.0,,,
6931,3.7960,-0.1105,0.2287,2.985,good,0.040,7.05,0,0,0,0,40.06,3,0.0,,,
6939,3.7960,-0.1180,-0.1768,3.190,good,0.000,2.79,0,0,0,0,37.82,2,0.0,,,
6947,3.7960,-0.1199,-0.0154,3.000,good,0.002,2.49,0,0,0,0,42.79,1,0.0,,,
6948,3.7960,-0.1121,-0.0640,3.000,good,0.002,3.12,0,0,0,0,40.19,1,0.0,,,
6949,3.7960,-0.1000,0.1250,3.000,good,0.003,3.18,0,0,0,0,36.13,1,0.0,,,
6935,3.8000,-0.1143,-0.1162,3.010,good,0.000,2.11,0,0,0,0,41.71,3,0.0,,,
6936,3.8000,-0.1133,0.1241,2.999,good,0.000,3.58,0,0,0,0,41.58,3,0.0,,,
6937,3.8000,-0.1074,0.2161,3.450,good,0.003,2.50,0,0,0,0,30.49,3,0.0,,,
6938,3.8000,-0.1092,0.0099,3.014,broken,0.997,3.15,1,1,1,0,39.73,3,2.4,33,6956,6956
6944,3.8000,-0.1197,0.0946,3.237,black,1.000,46.57,1,1,1,0,38.12,2,3.2,44|43,7010,
6945,3.8000,-0.1190,-0.2176,2.949,good,0.001,3.24,0,0,0,0,44.48,2,0.0,,,
6946,3.8000,-0.1150,0.0466,3.158,good,0.000,4.03,0,0,0,0,38.27,2,0.0,,,
6940,3.8040,-0.1405,0.0006,3.000,good,0.022,3.61,0,0,0,0,42.14,1,0.0,,,
6941,3.8040,-0.1147,0.0710,2.969,black,1.000,62.15,1,1,1,0,42.15,3,3.2,41|40,6982,6982
6942,3.8040,-0.1167,0.2427,2.163,good,0.000,4.04,0,0,0,0,69.96,3,0.0,,,
6943,3.8040,-0.1200,0.0210,3.273,good,0.003,2.93,0,0,0,0,32.96,2,0.0,,,
6952,3.8040,-0.1152,-0.2048,2.964,stick,1.000,73.92,1,1,1,0,42.29,2,2.4,5,6985,
6953,3.8040,-0.1194,-0.1270,2.990,good,0.087,2.52,0,0,0,0,43.03,2,0.0,,,
6954,3.8040,-0.1138,-0.0300,3.450,good,0.111,3.89,0,0,0,0,31.60,2,0.0,,,
6955,3.8040,-0.1256,0.0036,3.000,good,0.011,3.61,0,0,0,0,40.81,1,0.0,,,
6966,3.8040,-0.1107,0.0066,3.000,good,0.019,3.82,0,0,0,0,39.85,1,0.0,,,
6967,3.8040,-0.1069,0.0180,3.000,good,0.006,2.87,0,0,0,0,38.57,1,0.0,,,
6968,3.8040,-0.1036,-0.0184,3.000,good,0.003,2.50,0,0,0,0,37.46,1,0.0,,,
6950,3.8080,-0.1147,0.0959,2.999,broken,0.997,2.90,1,1,1,0,40.69,3,2.4,44,7023,7023
6951,3.8080,-0.1095,0.2141,2.999,broken,0.562,4.24,1,1,1,0,38.87,3,2.4,59,7045,
6963,3.8080,-0.1158,0.0694,3.025,good,0.000,2.75,0,0,0,0,40.27,2,0.0,,,
6964,3.8080,-0.1170,0.0780,3.004,good,0.000,2.38,0,0,0,0,41.13,2,0.0,,,
6965,3.8080,-0.1152,-0.2212,2.999,good,0.004,2.40,0,0,0,0,40.62,2,0.0,,,
6956,3.8120,-0.1085,-0.2121,3.450,good,0.000,1.96,0,0,0,0,29.53,3,0.0,,,
6957,3.8120,-0.1373,-0.2446,3.000,good,0.002,3.04,0,0,0,0,40.19,1,0.0,,,
6958,3.8120,-0.1168,-0.1387,2.323,faded,0.956,4.43,1,1,1,0,62.39,3,3.2,14,6980,6980
6959,3.8120,-0.1350,-0.0069,3.000,good,0.000,2.28,0,0,0,0,39.35,1,0.0,,,
6960,3.8120,-0.1152,-0.0209,2.412,good,0.000,4.19,0,0,0,0,58.16,3,0.0,,,
6961,3.8120,-0.1347,0.0012,3.000,good,0.001,3.19,0,0,0,0,39.18,1,0.0,,,
6962,3.8120,-0.1092,0.2218,3.108,good,0.067,5.98,0,0,0,0,36.24,3,0.0,,,
6978,3.8120,-0.1169,0.0503,2.994,good,0.002,9.19,0,0,0,0,41.32,2,0.0,,,
6979,3.8120,-0.1180,-0.0887,3.369,good,0.000,2.74,0,0,0,0,33.55,2,0.0,,,
6980,3.8120,-0.1174,0.1344,3.001,good,0.000,3.48,0,0,0,0,41.26,2,0.0,,,
6981,3.8120,-0.1143,-0.1815,3.146,good,0.004,5.63,0,0,0,0,36.90,2,0.0,,,
6982,3.8120,-0.1178,0.0613,3.068,insect,1.000,3.83,1,1,1,0,39.74,2,3.1,39|40,7033,
6983,3.8120,-0.1169,0.1261,3.001,good,0.001,2.57,0,0,0,0,40.97,2,0.0,,,
6984,3.8120,-0.1109,-0.0026,3.000,good,0.010,6.47,0,0,0,0,38.95,2,0.0,,,
6993,3.8120,-0.1187,-0.0667,3.000,good,0.001,3.07,0,0,0,0,41.55,1,0.0,,,
6969,3.8160,-0.1150,-0.1690,2.993,faded,0.997,3.59,1,1,1,0,40.93,3,3.2,10,7095,
6970,3.8160,-0.1163,-0.1564,2.671,good,0.002,6.92,0,0,0,0,50.02,3,0.0,,,
6971,3.8160,-0.1134,0.2310,3.063,good,0.006,5.81,0,0,0,0,38.64,3,0.0,,,
6972,3.8160,-0.1174,-0.2318,2.683,good,0.000,5.86,0,0,0,0,49.96,3,0.0,,,
6973,3.8160,-0.1137,-0.1106,3.089,good,0.004,5.34,0,0,0,0,38.08,3,0.0,,,
6974,3.8160,-0.1143,0.1518,3.013,good,0.000,2.78,0,0,0,0,39.95,3,0.0,,,
6975,3.8160,-0.1370,-0.1421,3.000,good,0.004,4.06,0,0,0,0,39.82,1,0.0,,,
6976,3.8160,-0.1092,0.2011,3.271,good,0.008,2.57,0,0,0,0,32.73,3,0.0,,,
6977,3.8160,-0.1348,-0.0701,3.000,good,0.001,3.02,0,0,0,0,39.04,1,0.0,,,
6992,3.8160,-0.1266,-0.1476,3.000,good,0.004,4.12,0,0,0,0,40.29,1,0.0,,,
7002,3.8160,-0.1174,0.2086,3.000,good,0.001,9.45,0,0,0,0,41.22,1,0.0,,,
7003,3.8160,-0.1078,0.0553,3.000,good,0.139,7.23,0,0,0,0,38.02,1,0.0,,,
7004,3.8160,-0.1025,-0.0632,3.000,good,0.000,3.06,0,0,0,0,36.25,1,0.0,,,
6985,3.8200,-0.1112,-0.0435,3.450,good,0.001,3.40,0,0,0,0,31.19,3,0.0,,,
6986,3.8200,-0.1122,-0.0575,3.100,good,0.000,4.27,0,0,0,0,38.37,3,0.0,,,
6987,3.8200,-0.1138,0.0836,2.952,good,0.000,2.27,0,0,0,0,42.30,3,0.0,,,
6988,3.8200,-0.1118,-0.0865,2.994,good,0.000,1.96,0,0,0,0,40.57,3,0.0,,,
6989,3.8200,-0.1108,0.2019,2.997,good,0.000,3.66,0,0,0,0,40.09,3,0.0,,,
6990,3.8200,-0.1331,-0.2264,3.000,good,0.000,3.82,0,0,0,0,39.47,1,0.0,,,
6991,3.8200,-0.1331,0.2117,3.000,good,0.001,8.43,0,0,0,0,39.45,1,0.0,,,
6999,3.8200,-0.1197,0.1048,3.038,good,0.000,3.41,0,0,0,0,42.03,2,0.0,,,
7000,3.8200,-0.1190,-0.1432,3.003,good,0.004,4.77,0,0,0,0,42.61,2,0.0,,,
7001,3.8200,-0.1196,0.1410,2.655,black,1.000,48.22,1,1,1,0,52.34,2,3.2,50|49,7016,
6994,3.8240,-0.1142,-0.2253,2.984,good,0.004,2.66,0,0,0,0,39.06,3,0.0,,,
6995,3.8240,-0.1136,-0.0225,2.947,faded,0.963,7.13,1,1,1,0,39.69,3,3.2,29|28,7060|7116,7060|7116
6996,3.8240,-0.1126,0.1661,2.994,good,0.017,4.08,0,0,0,0,38.17,3,0.0,,,
6997,3.8240,-0.1102,-0.1012,3.197,good,0.000,1.86,0,0,0,0,32.85,3,0.0,,,
6998,3.8240,-0.1086,-0.1288,3.007,good,0.006,2.88,0,0,0,0,36.45,3,0.0,,,
7007,3.8240,-0.1192,0.1137,3.354,good,0.000,2.67,0,0,0,0,32.39,2,0.0,,,
7008,3.8240,-0.1167,-0.1686,3.450,black,1.000,51.20,1,1,1,0,29.79,2,3.2,10,7075,7075
7005,3.8280,-0.1106,-0.2048,2.985,good,0.005,4.90,0,0,0,0,41.36,3,0.0,,,
7006,3.8280,-0.1220,0.1976,2.924,good,0.010,2.88,0,0,0,0,42.66,2,0.0,,,
7014,3.8280,-0.1178,0.0556,2.918,good,0.000,3.56,0,0,0,0,45.33,2,0.0,,,
7015,3.8280,-0.1154,0.2358,2.999,good,0.001,2.78,0,0,0,0,42.50,2,0.0,,,
7016,3.8280,-0.1099,-0.0588,3.450,black,1.000,51.64,1,1,1,0,31.48,2,3.2,24,7188,
7022,3.8280,-0.1103,0.1934,3.000,good,0.101,3.03,0,0,0,0,40.70,1,0.0,,,
7009,3.8320,-0.1145,-0.0518,2.984,good,0.015,3.24,0,0,0,0,42.87,3,0.0,,,
7010,3.8320,-0.1082,0.1708,3.302,good,0.240,5.99,0,0,0,0,34.00,3,0.0,,,
7011,3.8320,-0.1120,-0.0257,2.890,good,0.000,2.36,0,0,0,0,44.26,3,0.0,,,
7012,3.8320,-0.1140,0.0946,2.361,good,0.019,3.40,0,0,0,0,61.51,3,0.0,,,
7013,3.8320,-0.1091,0.2151,2.865,good,0.004,3.23,0,0,0,0,43.81,3,0.0,,,
7017,3.8360,-0.1152,0.0488,3.008,good,0.000,2.72,0,0,0,0,42.72,3,0.0,,,
7018,3.8360,-0.1127,-0.2305,3.009,good,0.000,6.73,0,0,0,0,41.83,3,0.0,,,
7019,3.8360,-0.1112,-0.1185,3.195,good,0.000,2.48,0,0,0,0,37.19,3,0.0,,,
7020,3.8360,-0.1287,-0.0488,2.096,faded,0.785,19.93,1,1,1,0,76.17,2,4.3,25,6923,
7021,3.8360,-0.1099,0.0231,2.981,good,0.000,2.15,0,0,0,0,41.39,3,0.0,,,
7023,3.8400,-0.1135,0.0661,3.198,good,0.109,18.05,0,0,0,0,37.84,3,0.0,,,
7024,3.8400,-0.1136,0.0022,3.024,good,0.006,2.66,0,0,0,0,41.67,3,0.0,,,
7025,3.8400,-0.1148,-0.0064,3.000,good,0.000,1.70,0,0,0,0,42.59,3,0.0,,,
7026,3.8400,-0.1129,-0.0420,2.999,good,0.000,1.85,0,0,0,0,41.95,3,0.0,,,
7027,3.8400,-0.1109,-0.1376,2.998,good,0.001,2.94,0,0,0,0,41.26,3,0.0,,,
7028,3.8400,-0.1108,-0.2169,3.000,good,0.000,2.40,0,0,0,0,41.14,3,0.0,,,
7029,3.8400,-0.1095,0.0358,2.988,good,0.000,1.91,0,0,0,0,40.96,3,0.0,,,
7030,3.8400,-0.1207,0.1419,2.993,insect,1.000,3.13,1,1,1,0,40.54,2,3.1,50|49,,
7040,3.8400,-0.1131,0.1205,3.000,faded,0.977,5.73,1,1,1,0,41.80,1,3.2,47,7211,
7041,3.8400,-0.1088,0.1451,3.000,insect,1.000,3.20,1,1,1,0,40.34,1,3.1,50,7100,
7031,3.8440,-0.1134,-0.0764,3.252,good,0.000,2.68,0,0,0,0,36.28,3,0.0,,,
7032,3.8440,-0.1149,0.1137,2.994,good,0.092,2.13,0,0,0,0,42.38,3,0.0,,,
7033,3.8440,-0.1120,0.1565,2.903,good,0.001,2.91,0,0,0,0,43.59,3,0.0,,,
7034,3.8440,-0.1331,0.1207,3.000,faded,0.993,5.86,1,1,1,0,40.26,1,3.2,47,7106,
7039,3.8440,-0.1194,0.1616,2.963,good,0.000,3.52,0,0,0,0,44.52,2,0.0,,,
7052,3.8440,-0.1114,-0.1580,3.000,stone,1.000,22.35,1,1,1,0,40.94,1,9.1,11|12|10,7345,
7035,3.8480,-0.1158,0.2245,3.039,good,0.002,3.62,0,0,0,0,42.26,3,0.0,,,
7036,3.8480,-0.1137,-0.1009,3.000,faded,0.568,3.09,1,1,1,0,42.44,3,3.2,19|18,7079,7079
7037,3.8480,-0.1140,-0.2335,2.630,good,0.186,3.99,0,0,0,0,52.50,3,0.0,,,
7038,3.8480,-0.1344,-0.1575,3.000,stone,1.000,22.48,1,1,1,0,41.25,1,9.1,11|12|10,,
7046,3.8480,-0.1184,-0.1873,3.072,good,0.002,8.37,0,0,0,0,42.17,2,0.0,,,
7048,3.8480,-0.1197,0.1162,2.982,good,0.000,3.48,0,0,0,0,44.71,2,0.0,,,
7049,3.8480,-0.1195,-0.1688,2.680,good,0.097,2.73,0,0,0,0,52.87,2,0.0,,,
7050,3.8480,-0.1153,-0.0396,3.450,good,0.001,2.54,0,0,0,0,33.35,2,0.0,,,
7051,3.8480,-0.1138,0.0287,3.430,good,0.000,1.77,0,0,0,0,33.26,2,0.0,,,
7042,3.8520,-0.1115,0.0595,2.963,husk,1.000,19.23,1,1,1,0,42.19,3,2.4,39,7111,
7043,3.8520,-0.1140,-0.0353,2.997,good,0.000,3.07,0,0,0,0,42.13,3,0.0,,,
7044,3.8520,-0.1125,0.1422,2.992,good,0.000,2.14,0,0,0,0,41.70,3,0.0,,,
7045,3.8520,-0.1110,-0.0197,3.007,good,0.005,3.67,0,0,0,0,40.81,3,0.0,,,
7047,3.8520,-0.1108,-0.2145,2.927,good,0.000,2.05,0,0,0,0,42.63,3,0.0,,,
7056,3.8520,-0.1196,0.0096,2.830,good,0.000,2.14,0,0,0,0,48.16,2,0.0,,,
7057,3.8520,-0.1163,0.1079,2.948,good,0.000,2.16,0,0,0,0,43.91,2,0.0,,,
7058,3.8520,-0.1166,-0.1807,2.987,good,0.007,4.32,0,0,0,0,43.01,2,0.0,,,
7063,3.8520,-0.1171,-0.0052,3.000,good,0.000,2.45,0,0,0,0,42.87,1,0.0,,,
7053,3.8560,-0.1116,0.1208,2.973,good,0.000,4.27,0,0,0,0,42.34,3,0.0,,,
7054,3.8560,-0.1115,0.1698,2.939,good,0.016,2.21,0,0,0,0,43.06,3,0.0,,,
7055,3.8560,-0.1352,-0.0051,3.000,good,0.000,2.35,0,0,0,0,41.50,1,0.0,,,
7071,3.8560,-0.1020,-0.0316,3.000,good,0.000,3.03,0,0,0,0,38.43,1,0.0,,,
7059,3.8600,-0.1130,0.1749,3.073,sour,1.000,29.31,1,1,1,0,40.83,3,3.2,54,7118,7118
7060,3.8600,-0.1140,0.1502,3.002,broken,0.980,8.60,1,1,1,0,42.72,3,2.4,51,7135,7135
7061,3.8600,-0.1166,0.0109,2.443,good,0.000,2.59,0,0,0,0,60.06,3,0.0,,,
7062,3.8600,-0.1084,-0.1927,3.002,good,0.047,3.11,0,0,0,0,40.74,3,0.0,,,
7066,3.8600,-0.1191,-0.1860,3.207,good,0.000,2.43,0,0,0,0,39.64,2,0.0,,,
7068,3.8600,-0.1197,0.1566,2.906,good,0.015,2.81,0,0,0,0,46.86,2,0.0,,,
7069,3.8600,-0.1188,0.0397,3.025,good,0.001,2.07,0,0,0,0,43.56,2,0.0,,,
7070,3.8600,-0.1303,-0.0012,3.000,good,0.005,2.58,0,0,0,0,43.99,1,0.0,,,
7079,3.8600,-0.1171,-0.0045,3.000,good,0.003,2.70,0,0,0,0,43.58,1,0.0,,,
7064,3.8640,-0.1145,0.1344,2.876,good,0.001,5.22,0,0,0,0,44.53,3,0.0,,,
7065,3.8640,-0.1180,0.2183,2.931,shell,1.000,9.16,1,1,1,0,44.26,3,2.4,59|60,7113,
7067,3.8640,-0.1084,-0.0295,3.035,good,0.000,2.64,0,0,0,0,38.51,3,0.0,,,
7074,3.8640,-0.1181,-0.1548,3.450,husk,1.000,118.10,1,1,1,0,32.98,2,2.4,12|11,7228,
7075,3.8640,-0.1196,0.0706,3.000,good,0.000,1.81,0,0,0,0,42.91,2,0.0,,,
7076,3.8640,-0.1190,-0.2351,3.003,good,0.000,2.76,0,0,0,0,42.59,2,0.0,,,
7077,3.8640,-0.1171,0.0350,3.001,good,0.000,2.14,0,0,0,0,41.97,2,0.0,,,
7078,3.8640,-0.1120,-0.2431,3.450,sour,0.995,41.56,1,1,1,0,31.03,2,3.2,0|1,7219,
7088,3.8640,-0.1055,0.1533,3.000,good,0.010,7.49,0,0,0,0,38.06,1,0.0,,,
7089,3.8640,-0.1039,-0.0079,3.000,good,0.002,2.70,0,0,0,0,37.51,1,0.0,,,
7072,3.8680,-0.1148,0.1672,2.977,good,0.001,2.27,0,0,0,0,42.34,3,0.0,,,
7073,3.8680,-0.1092,-0.1786,3.048,good,0.026,2.50,0,0,0,0,38.76,3,0.0,,,
7087,3.8680,-0.1186,0.1174,2.981,good,0.013,2.80,0,0,0,0,43.40,2,0.0,,,
7080,3.8720,-0.1166,0.1558,3.020,good,0.000,3.47,0,0,0,0,41.33,3,0.0,,,
7081,3.8720,-0.1167,-0.0045,2.760,good,0.016,3.28,0,0,0,0,48.03,3,0.0,,,
7082,3.8720,-0.1131,-0.0630,2.984,good,0.000,5.26,0,0,0,0,40.90,3,0.0,,,
7083,3.8720,-0.1133,-0.1591,3.054,good,0.004,1.41,0,0,0,0,39.30,3,0.0,,,
7084,3.8720,-0.1129,0.2146,2.998,insect,1.000,8.16,1,1,1,0,40.43,3,3.1,59,7122,7122
7085,3.8720,-0.1107,0.0478,2.996,good,0.000,2.81,0,0,0,0,39.68,3,0.0,,,
7086,3.8720,-0.1093,0.1818,2.947,good,0.000,2.45,0,0,0,0,40.33,3,0.0,,,
7096,3.8720,-0.1199,-0.2286,3.023,good,0.054,2.49,0,0,0,0,42.01,2,0.0,,,
7097,3.8720,-0.1195,0.2026,3.084,good,0.003,3.20,0,0,0,0,40.41,2,0.0,,,
7099,3.8720,-0.1191,-0.0507,2.639,good,0.007,4.69,0,0,0,0,52.24,2,0.0,,,
7100,3.8720,-0.1179,0.0599,2.997,good,0.001,2.70,0,0,0,0,41.87,2,0.0,,,
7090,3.8760,-0.1148,-0.1829,2.971,good,0.002,2.66,0,0,0,0,41.54,3,0.0,,,
7091,3.8760,-0.1101,0.0010,3.232,good,0.009,9.98,0,0,0,0,34.20,3,0.0,,,
7092,3.8760,-0.1232,0.0975,3.303,good,0.002,3.39,0,0,0,0,32.72,2,0.0,,,
7093,3.8760,-0.1099,-0.1546,2.969,good,0.000,1.76,0,0,0,0,39.78,3,0.0,,,
7094,3.8760,-0.1222,-0.1136,2.579,good,0.193,5.79,0,0,0,0,51.22,2,0.0,,,
7095,3.8760,-0.1083,0.0790,3.000,good,0.000,3.78,0,0,0,0,38.45,3,0.0,,,
7098,3.8760,-0.1086,0.2279,2.999,good,0.004,2.11,0,0,0,0,38.55,3,0.0,,,
7104,3.8760,-0.1199,0.2128,3.006,good,0.003,4.47,0,0,0,0,42.12,2,0.0,,,
7106,3.8760,-0.1186,-0.0797,2.995,good,0.000,2.27,0,0,0,0,41.91,2,0.0,,,
7116,3.8760,-0.1117,-0.1106,3.000,good,0.229,6.03,0,0,0,0,39.47,1,0.0,,,
7117,3.8760,-0.1100,0.0935,3.000,good,0.001,3.34,0,0,0,0,38.92,1,0.0,,,
7101,3.8800,-0.1130,0.0806,3.156,good,0.000,3.50,0,0,0,0,37.85,3,0.0,,,
7102,3.8800,-0.1124,0.0379,3.004,good,0.000,3.16,0,0,0,0,41.02,3,0.0,,,
7103,3.8800,-0.1111,0.1279,3.000,good,0.000,3.57,0,0,0,0,40.61,3,0.0,,,
7105,3.8800,-0.1050,-0.1090,3.436,sour,0.893,13.25,1,1,1,0,29.83,3,3.2,18|17,7102|7191,
7111,3.8800,-0.1186,-0.0505,3.093,good,0.003,3.49,0,0,0,0,40.78,2,0.0,,,
7112,3.8800,-0.1180,0.0631,3.033,good,0.000,3.20,0,0,0,0,41.95,2,0.0,,,
7113,3.8800,-0.1171,0.0060,3.013,good,0.001,3.87,0,0,0,0,42.08,2,0.0,,,
7114,3.8800,-0.1174,-0.0150,3.003,good,0.001,2.32,0,0,0,0,42.40,2,0.0,,,
7115,3.8800,-0.1167,-0.1202,3.002,good,0.000,2.12,0,0,0,0,42.16,2,0.0,,,
7107,3.8840,-0.1133,0.1575,3.013,good,0.000,3.66,0,0,0,0,40.67,3,0.0,,,
7108,3.8840,-0.1103,0.0889,3.205,good,0.003,8.25,0,0,0,0,35.45,3,0.0,,,
7109,3.8840,-0.1147,-0.0408,2.307,good,0.001,2.21,0,0,0,0,62.85,3,0.0,,,
7110,3.8840,-0.1209,-0.1329,2.559,good,0.000,1.95,0,0,0,0,52.05,2,0.0,,,
7124,3.8840,-0.1176,0.2205,3.021,good,0.000,3.47,0,0,0,0,41.76,2,0.0,,,
7125,3.8840,-0.1153,-0.0908,2.994,good,0.000,2.71,0,0,0,0,41.58,2,0.0,,,
7132,3.8840,-0.1107,-0.1291,3.000,good,0.000,1.86,0,0,0,0,39.89,1,0.0,,,
7118,3.8880,-0.1150,-0.1476,3.005,good,0.000,2.18,0,0,0,0,41.75,3,0.0,,,
7119,3.8880,-0.1132,-0.0477,2.996,good,0.002,2.94,0,0,0,0,41.33,3,0.0,,,
7120,3.8880,-0.1125,-0.1071,3.000,good,0.001,2.64,0,0,0,0,40.95,3,0.0,,,
7121,3.8880,-0.1253,0.1197,2.878,good,0.004,1.72,0,0,0,0,44.37,2,0.0,,,
7122,3.8880,-0.1101,-0.0131,3.225,good,0.000,2.93,0,0,0,0,35.19,3,0.0,,,
7123,3.8880,-0.1114,0.1856,2.749,good,0.000,3.06,0,0,0,0,46.88,3,0.0,,,
7127,3.8880,-0.1198,0.0259,3.001,broken,0.979,2.75,1,1,1,0,43.19,2,2.4,35,7193,7193
7130,3.8880,-0.1164,0.1753,2.997,good,0.000,2.57,0,0,0,0,42.12,2,0.0,,,
7131,3.8880,-0.1176,0.0502,3.002,faded,1.000,5.42,1,1,1,0,42.37,2,3.2,38,7174,7174
7140,3.8880,-0.1138,0.1162,3.000,good,0.022,2.51,0,0,0,0,41.13,1,0.0,,,
7126,3.8920,-0.1136,0.1503,2.989,good,0.004,2.51,0,0,0,0,41.47,3,0.0,,,
7128,3.8920,-0.1079,0.1286,3.137,good,0.010,7.79,0,0,0,0,36.25,3,0.0,,,
7129,3.8920,-0.1084,-0.0858,2.974,good,0.001,2.06,0,0,0,0,39.99,3,0.0,,,
7136,3.8920,-0.1184,-0.1277,2.967,good,0.003,5.54,0,0,0,0,43.50,2,0.0,,,
7137,3.8920,-0.1180,-0.1605,2.999,good,0.000,3.02,0,0,0,0,42.55,2,0.0,,,
7138,3.8920,-0.1166,-0.0966,2.986,good,0.002,2.89,0,0,0,0,42.37,2,0.0,,,
7139,3.8920,-0.1162,-0.1826,3.007,good,0.000,2.97,0,0,0,0,41.71,2,0.0,,,
7133,3.8960,-0.1152,0.0629,3.015,good,0.000,2.00,0,0,0,0,42.55,3,0.0,,,
7134,3.8960,-0.1119,0.2243,3.002,faded,0.665,9.00,1,1,1,0,41.67,3,3.2,60,7177,7177
7135,3.8960,-0.1069,0.1410,3.450,good,0.000,2.00,0,0,0,0,30.97,3,0.0,,,
7145,3.8960,-0.1199,-0.0455,2.980,good,0.000,2.40,0,0,0,0,44.74,2,0.0,,,
7146,3.8960,-0.1308,0.1678,3.000,good,0.000,6.16,0,0,0,0,43.89,1,0.0,,,
7147,3.8960,-0.1176,-0.0010,2.998,good,0.000,3.80,0,0,0,0,43.50,2,0.0,,,
7153,3.8960,-0.1187,0.1624,3.000,good,0.000,1.76,0,0,0,0,43.79,1,0.0,,,
7154,3.8960,-0.1177,0.1709,3.000,good,0.000,2.78,0,0,0,0,43.45,1,0.0,,,
7141,3.9000,-0.1141,-0.1660,3.032,good,0.012,2.67,0,0,0,0,41.98,3,0.0,,,
7142,3.9000,-0.1112,0.0899,2.951,good,0.003,4.78,0,0,0,0,42.88,3,0.0,,,
7143,3.9000,-0.1293,-0.1831,1.800,good,0.014,3.71,0,0,0,0,94.65,2,0.0,,,
7144,3.9000,-0.1097,0.0231,3.038,good,0.000,2.20,0,0,0,0,40.24,3,0.0,,,
7152,3.9000,-0.1209,-0.0775,3.000,stick,1.000,121.64,1,1,1,0,40.86,1,2.4,22|21,,
7148,3.9040,-0.1147,-0.1476,2.999,sour,1.000,17.25,1,1,1,0,42.99,3,3.2,13|12,7178,7178
7149,3.9040,-0.1122,-0.0522,3.242,good,0.000,2.89,0,0,0,0,36.75,3,0.0,,,
7150,3.9040,-0.1162,-0.0695,2.480,good,0.002,4.10,0,0,0,0,58.40,3,0.0,,,
7151,3.9040,-0.1098,-0.1097,3.008,good,0.001,2.18,0,0,0,0,40.96,3,0.0,,,
7160,3.9040,-0.1162,0.1202,3.450,good,0.001,5.27,0,0,0,0,33.83,2,0.0,,,
7161,3.9040,-0.1150,-0.1809,1.800,good,0.010,3.88,0,0,0,0,90.55,2,0.0,,,
7155,3.9080,-0.1134,-0.0530,3.139,good,0.000,2.55,0,0,0,0,39.47,3,0.0,,,
7156,3.9080,-0.1121,-0.2143,2.990,good,0.003,2.71,0,0,0,0,42.35,3,0.0,,,
7157,3.9080,-0.1085,-0.1062,3.450,good,0.000,1.81,0,0,0,0,31.83,3,0.0,,,
7158,3.9080,-0.1099,-0.1886,3.024,good,0.000,1.83,0,0,0,0,40.76,3,0.0,,,
7159,3.9080,-0.1095,0.1816,2.928,good,0.011,3.42,0,0,0,0,42.83,3,0.0,,,
7171,3.9080,-0.1078,-0.1790,3.000,good,0.014,3.48,0,0,0,0,40.56,1,0.0,,,
7162,3.9120,-0.1129,-0.1207,3.000,good,0.001,2.26,0,0,0,0,42.69,3,0.0,,,
7163,3.9120,-0.1229,0.1401,3.450,black,1.000,48.51,1,1,1,0,32.29,2,3.2,49|50,7234,
7164,3.9120,-0.1240,-0.2042,2.567,good,0.000,2.05,0,0,0,0,54.84,2,0.0,,,
7165,3.9120,-0.1099,0.2194,3.017,good,0.027,5.34,0,0,0,0,41.11,3,0.0,,,
7168,3.9120,-0.1191,0.1336,2.912,good,0.002,5.45,0,0,0,0,46.74,2,0.0,,,
7169,3.9120,-0.1169,-0.1608,3.175,good,0.000,2.13,0,0,0,0,39.79,2,0.0,,,
7170,3.9120,-0.1154,0.1001,2.999,good,0.000,3.71,0,0,0,0,43.26,2,0.0,,,
7176,3.9120,-0.1137,-0.2072,3.000,good,0.000,1.36,0,0,0,0,42.67,1,0.0,,,
7177,3.9120,-0.1089,0.1439,3.000,black,1.000,48.43,1,1,1,0,41.06,1,3.2,50,7276,
7166,3.9160,-0.1127,0.0076,2.998,stone,0.721,47.03,1,1,1,0,41.63,3,7.5,32|33,7235,7235
7167,3.9160,-0.1099,0.2189,3.013,good,0.000,3.08,0,0,0,0,40.26,3,0.0,,,
7175,3.9160,-0.1179,-0.2134,3.077,good,0.008,3.34,0,0,0,0,41.36,2,0.0,,,
7172,3.9200,-0.1140,0.0364,2.985,good,0.031,2.74,0,0,0,0,41.64,3,0.0,,,
7173,3.9200,-0.1159,-0.0196,2.557,good,0.000,2.42,0,0,0,0,54.31,3,0.0,,,
7174,3.9200,-0.1221,-0.1186,2.840,good,0.000,5.14,0,0,0,0,44.06,2,0.0,,,
7187,3.9200,-0.1193,0.0121,2.996,black,1.000,46.84,1,1,1,0,42.91,2,3.2,33,7229,7229
7189,3.9200,-0.1155,0.2322,3.064,good,0.043,4.62,0,0,0,0,39.97,2,0.0,,,
7197,3.9200,-0.1107,-0.1149,3.000,good,0.005,4.95,0,0,0,0,39.89,1,0.0,,,
7178,3.9240,-0.1275,0.1385,2.994,good,0.000,6.87,0,0,0,0,41.61,2,0.0,,,
7179,3.9240,-0.1138,0.0836,3.003,good,0.000,2.16,0,0,0,0,40.74,3,0.0,,,
7180,3.9240,-0.1124,0.2060,2.985,good,0.002,3.17,0,0,0,0,40.65,3,0.0,,,
7181,3.9240,-0.1133,0.2320,3.002,good,0.001,4.90,0,0,0,0,40.50,3,0.0,,,
7182,3.9240,-0.1099,-0.1336,3.298,good,0.001,3.16,0,0,0,0,33.05,3,0.0,,,
7183,3.9240,-0.1099,0.0581,2.998,good,0.000,2.72,0,0,0,0,39.38,3,0.0,,,
7184,3.9240,-0.1117,0.1807,2.875,good,0.003,3.50,0,0,0,0,42.97,3,0.0,,,
7185,3.9240,-0.1090,-0.0604,2.999,good,0.000,2.61,0,0,0,0,39.00,3,0.0,,,
7186,3.9240,-0.1095,-0.2021,2.922,good,0.006,2.59,0,0,0,0,40.97,3,0.0,,,
7188,3.9240,-0.1107,-0.0287,2.545,good,0.000,4.14,0,0,0,0,52.01,3,0.0,,,
7195,3.9240,-0.1188,-0.1641,2.932,good,0.000,3.06,0,0,0,0,43.84,2,0.0,,,
7196,3.9240,-0.1188,-0.0685,3.045,good,0.000,1.60,0,0,0,0,41.04,2,0.0,,,
7209,3.9240,-0.1155,0.1343,3.000,good,0.000,6.85,0,0,0,0,41.01,1,0.0,,,
7190,3.9280,-0.1158,-0.1284,2.991,sour,1.000,13.68,1,1,0,0,41.09,3,3.2,15,7289,
7191,3.9280,-0.1144,0.0450,3.095,good,0.000,4.11,0,0,0,0,38.14,3,0.0,,,
7192,3.9280,-0.1114,0.1699,3.003,good,0.000,3.98,0,0,0,0,39.22,3,0.0,,,
7193,3.9280,-0.1106,-0.0464,3.007,good,0.002,3.74,0,0,0,0,38.83,3,0.0,,,
7194,3.9280,-0.1086,0.0231,2.993,good,0.000,1.88,0,0,0,0,38.45,3,0.0,,,
7202,3.9280,-0.1194,-0.0475,3.002,good,0.001,5.12,0,0,0,0,41.78,2,0.0,,,
7204,3.9280,-0.1178,-0.2072,2.997,good,0.000,3.12,0,0,0,0,41.35,2,0.0,,,
7206,3.9280,-0.1173,0.0837,3.032,broken,0.958,3.38,1,1,0,0,40.29,2,2.4,42,7278,
7207,3.9280,-0.1150,0.0938,3.149,good,0.078,11.24,0,0,0,0,36.85,2,0.0,,,
7208,3.9280,-0.1161,0.0676,3.000,good,0.000,2.47,0,0,0,0,40.58,2,0.0,,,
7198,3.9320,-0.1391,-0.2273,3.000,good,0.001,4.15,0,0,0,0,42.00,1,0.0,,,
7199,3.9320,-0.1123,0.2073,2.983,good,0.000,2.52,0,0,0,0,41.37,3,0.0,,,
7200,3.9320,-0.1099,-0.1449,3.000,good,0.000,1.79,0,0,0,0,40.10,3,0.0,,,
7201,3.9320,-0.1085,-0.1774,3.000,good,0.004,2.29,0,0,0,0,39.58,3,0.0,,,
7203,3.9320,-0.1087,-0.0284,3.006,good,0.000,3.03,0,0,0,0,39.50,3,0.0,,,
7205,3.9320,-0.1096,-0.1572,2.609,good,0.028,3.17,0,0,0,0,50.37,3,0.0,,,
7214,3.9320,-0.1254,-0.2307,3.000,good,0.001,4.19,0,0,0,0,41.14,1,0.0,,,
7224,3.9320,-0.1118,-0.2340,3.000,good,0.017,4.32,0,0,0,0,40.59,1,0.0,,,
7210,3.9360,-0.1393,-0.2174,3.000,good,0.487,11.50,0,0,0,0,41.91,1,0.0,,,
7211,3.9360,-0.1133,0.1563,2.995,good,0.000,3.39,0,0,0,0,41.25,3,0.0,,,
7212,3.9360,-0.1114,-0.0746,2.995,good,0.089,2.22,0,0,0,0,40.56,3,0.0,,,
7213,3.9360,-0.1110,0.1894,3.023,good,0.004,4.59,0,0,0,0,39.72,3,0.0,,,
7218,3.9360,-0.1171,0.0523,3.145,good,0.000,2.59,0,0,0,0,38.90,2,0.0,,,
7219,3.9360,-0.1191,0.2090,2.666,good,0.000,2.54,0,0,0,0,52.04,2,0.0,,,
7220,3.9360,-0.1153,-0.0328,3.438,good,0.000,1.87,0,0,0,0,32.44,2,0.0,,,
7221,3.9360,-0.1171,-0.1441,2.987,good,0.000,3.22,0,0,0,0,42.48,2,0.0,,,
7222,3.9360,-0.1154,-0.2290,3.021,good,0.005,2.69,0,0,0,0,41.06,2,0.0,,,
7223,3.9360,-0.1134,0.0341,3.450,good,0.000,2.39,0,0,0,0,31.57,2,0.0,,,
7215,3.9400,-0.1161,-0.0201,3.002,good,0.000,4.20,0,0,0,0,42.30,3,0.0,,,
7216,3.9400,-0.1137,0.1019,3.001,good,0.000,2.64,0,0,0,0,41.48,3,0.0,,,
7217,3.9400,-0.1103,-0.1521,3.000,good,0.000,2.23,0,0,0,0,40.30,3,0.0,,,
7235,3.9400,-0.1191,-0.2064,2.975,good,0.000,2.94,0,0,0,0,43.83,2,0.0,,,
7236,3.9400,-0.1184,0.0350,2.742,good,0.001,2.06,0,0,0,0,49.78,2,0.0,,,
7240,3.9400,-0.1045,0.0557,3.000,good,0.000,2.57,0,0,0,0,38.29,1,0.0,,,
7225,3.9440,-0.1153,-0.1511,3.002,faded,0.999,3.96,1,1,0,0,42.28,3,3.2,12,7291,
7226,3.9440,-0.1144,0.1607,3.001,good,0.004,2.31,0,0,0,0,41.94,3,0.0,,,
7227,3.9440,-0.1242,-0.1006,3.381,good,0.052,2.98,0,0,0,0,32.77,2,0.0,,,
7228,3.9440,-0.1143,-0.2013,3.009,good,0.007,1.90,0,0,0,0,41.62,3,0.0,,,
7229,3.9440,-0.1136,-0.0586,3.000,good,0.000,1.79,0,0,0,0,41.56,3,0.0,,,
7230,3.9440,-0.1134,0.2164,3.001,good,0.000,2.48,0,0,0,0,41.43,3,0.0,,,
7231,3.9440,-0.1102,0.1717,3.353,good,0.001,3.31,0,0,0,0,32.99,3,0.0,,,
7232,3.9440,-0.1071,0.0643,3.289,good,0.004,5.13,0,0,0,0,33.24,3,0.0,,,
7233,3.9440,-0.1116,-0.1161,3.021,good,0.003,2.25,0,0,0,0,40.28,3,0.0,,,
7234,3.9440,-0.1081,-0.1805,3.017,good,0.001,2.15,0,0,0,0,39.16,3,0.0,,,
7239,3.9440,-0.1128,0.1195,3.440,good,0.000,2.04,0,0,0,0,32.00,2,0.0,,,
7247,3.9440,-0.1107,-0.0977,3.000,good,0.084,2.89,0,0,0,0,40.38,1,0.0,,,
7248,3.9440,-0.1075,0.0317,3.000,good,0.002,1.97,0,0,0,0,39.28,1,0.0,,,
7237,3.9480,-0.1104,-0.0768,3.000,good,0.000,3.94,0,0,0,0,41.56,3,0.0,,,
7238,3.9480,-0.1094,-0.2073,3.001,black,1.000,48.82,1,1,0,0,41.10,3,3.2,5,7274,
7244,3.9480,-0.1179,0.1028,3.003,good,0.001,2.15,0,0,0,0,43.82,2,0.0,,,
7245,3.9480,-0.1189,0.1720,3.000,good,0.001,4.87,0,0,0,0,44.20,2,0.0,,,
7246,3.9480,-0.1165,-0.1763,2.999,good,0.005,2.50,0,0,0,0,43.39,2,0.0,,,
7241,3.9520,-0.1145,0.0767,3.033,good,0.000,9.38,0,0,0,0,41.95,3,0.0,,,
7242,3.9520,-0.1133,-0.2146,3.001,good,0.001,2.77,0,0,0,0,42.26,3,0.0,,,
7243,3.9520,-0.1119,-0.1183,3.008,good,0.000,2.17,0,0,0,0,41.58,3,0.0,,,
7253,3.9520,-0.1189,0.1043,2.725,good,0.168,3.77,0,0,0,0,51.42,2,0.0,,,
7249,3.9560,-0.1124,-0.2015,2.999,good,0.000,2.11,0,0,0,0,41.48,3,0.0,,,
7250,3.9560,-0.1102,0.0216,2.999,good,0.012,3.06,0,0,0,0,40.71,3,0.0,,,
7251,3.9560,-0.1102,-0.0400,2.998,good,0.001,3.79,0,0,0,0,40.66,3,0.0,,,
7252,3.9560,-0.1093,-0.0074,3.003,good,0.001,3.31,0,0,0,0,40.23,3,0.0,,,
7261,3.9560,-0.1183,-0.1129,3.450,good,0.006,3.23,0,0,0,0,33.77,2,0.0,,,
7262,3.9560,-0.1188,0.1850,3.116,good,0.002,3.06,0,0,0,0,40.67,2,0.0,,,
7263,3.9560,-0.1183,-0.0901,2.922,black,1.000,61.42,1,1,0,0,45.10,2,3.2,20,7275,
7254,3.9600,-0.1148,-0.0718,2.994,good,0.000,2.19,0,0,0,0,42.47,3,0.0,,,
7255,3.9600,-0.1148,0.0132,2.991,good,0.000,1.76,0,0,0,0,42.47,3,0.0,,,
7256,3.9600,-0.1171,0.1707,2.585,good,0.002,2.64,0,0,0,0,54.58,3,0.0,,,
7257,3.9600,-0.1131,0.1317,2.992,good,0.123,3.66,0,0,0,0,41.78,3,0.0,,,
7258,3.9600,-0.1248,-0.0006,2.997,faded,0.864,3.32,1,1,0,0,41.50,2,3.2,31|32,,
7259,3.9600,-0.1136,0.0745,2.998,good,0.000,2.13,0,0,0,0,41.68,3,0.0,,,
7260,3.9600,-0.1118,0.0886,2.919,good,0.000,2.38,0,0,0,0,42.99,3,0.0,,,
7267,3.9600,-0.1187,0.1203,3.450,good,0.000,2.59,0,0,0,0,33.78,2,0.0,,,
7268,3.9600,-0.1191,0.1521,3.001,good,0.000,2.33,0,0,0,0,43.35,2,0.0,,,
7269,3.9600,-0.1170,-0.1956,3.261,good,0.006,3.35,0,0,0,0,36.85,2,0.0,,,
7276,3.9600,-0.1128,0.0026,3.000,faded,0.848,3.23,1,1,0,0,41.23,1,3.2,32,7320,
7264,3.9640,-0.1131,-0.1381,3.003,good,0.005,8.05,0,0,0,0,41.97,3,0.0,,,
7265,3.9640,-0.1123,-0.2208,2.987,good,0.468,3.58,0,0,0,0,42.00,3,0.0,,,
7266,3.9640,-0.1107,0.0659,3.123,good,0.000,2.22,0,0,0,0,38.36,3,0.0,,,
7273,3.9640,-0.1199,-0.0888,3.000,good,0.001,2.64,0,0,0,0,44.14,2,0.0,,,
7274,3.9640,-0.1199,-0.0238,2.911,good,0.000,1.86,0,0,0,0,46.31,2,0.0,,,
7275,3.9640,-0.1185,0.0438,3.003,good,0.000,3.01,0,0,0,0,43.49,2,0.0,,,
7280,3.9640,-0.1068,0.1741,3.000,good,0.002,2.63,0,0,0,0,39.65,1,0.0,,,
7281,3.9640,-0.1018,0.0088,3.000,good,0.005,8.48,0,0,0,0,38.00,1,0.0,,,
7270,3.9680,-0.1124,-0.1107,3.004,good,0.000,3.50,0,0,0,0,41.29,3,0.0,,,
7271,3.9680,-0.1146,-0.0504,2.581,good,0.000,3.24,0,0,0,0,53.68,3,0.0,,,
7272,3.9680,-0.1091,0.2385,2.999,good,0.001,2.52,0,0,0,0,40.23,3,0.0,,,
7278,3.9680,-0.1193,-0.0929,3.093,good,0.012,2.61,0,0,0,0,41.37,2,0.0,,,
7279,3.9680,-0.1176,0.1250,2.859,good,0.491,5.36,0,0,0,0,46.49,2,0.0,,,
7277,3.9720,-0.1095,0.0947,3.041,good,0.001,2.07,0,0,0,0,39.39,3,0.0,,,
7300,3.9720,-0.1112,-0.1450,3.000,stone,1.000,6.89,1,1,0,0,40.89,1,9.1,13|12|14,7427,
7282,3.9760,-0.1148,0.0500,2.999,good,0.001,1.90,0,0,0,0,42.00,3,0.0,,,
7283,3.9760,-0.1118,0.0410,2.999,sour,1.000,14.64,1,1,0,0,40.91,3,3.2,37,7338,
7284,3.9760,-0.1267,0.2059,2.449,good,0.002,6.68,0,0,0,0,58.79,2,0.0,,,
7285,3.9760,-0.1120,-0.0183,2.913,good,0.000,2.60,0,0,0,0,42.97,3,0.0,,,
7286,3.9760,-0.1092,-0.0673,3.063,good,0.000,3.08,0,0,0,0,38.46,3,0.0,,,
7287,3.9760,-0.1099,0.2288,3.023,good,0.008,4.19,0,0,0,0,39.57,3,0.0,,,
7288,3.9760,-0.1088,0.0229,3.004,insect,1.000,3.53,1,1,0,0,39.54,3,3.1,34|35,7344,
7289,3.9760,-0.1320,-0.1433,3.000,stone,1.000,6.86,1,1,0,0,39.36,1,9.1,13|14|12,,
7290,3.9760,-0.1081,0.0800,3.087,good,0.000,2.38,0,0,0,0,37.38,3,0.0,,,
7291,3.9760,-0.1076,-0.1561,3.089,good,0.002,2.41,0,0,0,0,37.16,3,0.0,,,
7292,3.9760,-0.1096,-0.0558,2.961,good,0.386,4.23,0,0,0,0,40.71,3,0.0,,,
7297,3.9760,-0.1301,-0.1909,3.000,good,0.001,7.79,0,0,0,0,42.60,1,0.0,,,
7299,3.9760,-0.1200,0.0086,2.733,good,0.004,3.08,0,0,0,0,50.35,2,0.0,,,
7307,3.9760,-0.1169,0.2028,3.000,good,0.001,3.63,0,0,0,0,42.14,1,0.0,,,
7308,3.9760,-0.1145,-0.1883,3.000,good,0.000,3.19,0,0,0,0,41.35,1,0.0,,,
7293,3.9800,-0.1120,-0.1801,3.027,good,0.000,2.65,0,0,0,0,39.93,3,0.0,,,
7294,3.9800,-0.1133,0.1416,3.004,good,0.000,6.54,0,0,0,0,40.83,3,0.0,,,
7295,3.9800,-0.1361,0.1267,3.000,good,0.000,5.05,0,0,0,0,40.52,1,0.0,,,
7296,3.9800,-0.1132,0.0768,2.798,good,0.004,4.70,0,0,0,0,45.97,3,0.0,,,
7298,3.9800,-0.1081,-0.0936,3.000,good,0.000,2.19,0,0,0,0,39.09,3,0.0,,,
7304,3.9800,-0.1184,0.1144,2.984,broken,0.868,3.35,1,1,0,0,42.89,2,2.4,46,7352,
7305,3.9800,-0.1241,0.1298,3.000,good,0.000,4.46,0,0,0,0,40.37,1,0.0,,,
7306,3.9800,-0.1077,-0.1946,3.208,good,0.000,2.02,0,0,0,0,34.35,2,0.0,,,
7319,3.9800,-0.1121,0.1330,3.000,good,0.000,6.49,0,0,0,0,40.33,1,0.0,,,
7301,3.9840,-0.1117,0.2167,3.146,faded,0.990,3.70,1,1,0,0,37.94,3,3.2,59,7330,
7302,3.9840,-0.1365,-0.1501,3.000,broken,0.993,2.21,1,1,0,0,41.45,1,2.4,12,,
7303,3.9840,-0.1088,-0.1095,2.994,good,0.004,3.84,0,0,0,0,40.27,3,0.0,,,
7315,3.9840,-0.1181,-0.1232,3.012,good,0.000,3.01,0,0,0,0,42.92,2,0.0,,,
7316,3.9840,-0.1160,0.0068,3.020,faded,0.578,3.63,1,1,0,0,41.96,2,3.2,32|33,7401,
7317,3.9840,-0.1171,0.2252,3.180,good,0.002,5.80,0,0,0,0,38.69,2,0.0,,,
7318,3.9840,-0.1157,-0.0686,3.013,good,0.000,1.90,0,0,0,0,41.97,2,0.0,,,
7309,3.9880,-0.1158,-0.0085,3.000,good,0.000,2.25,0,0,0,0,41.79,3,0.0,,,
7310,3.9880,-0.1086,-0.0336,3.450,sour,1.000,17.56,1,1,0,0,30.26,3,3.2,27,7384,
7311,3.9880,-0.1126,0.1845,3.068,black,1.000,53.24,1,1,0,0,39.04,3,3.2,55,7403,
7312,3.9880,-0.1117,-0.0518,2.999,good,0.001,2.77,0,0,0,0,40.24,3,0.0,,,
7313,3.9880,-0.1107,0.1011,3.002,faded,0.976,3.47,1,1,0,0,39.85,3,3.2,44|45,7387,
7314,3.9880,-0.1085,-0.1539,3.031,good,0.002,3.53,0,0,0,0,38.38,3,0.0,,,
7322,3.9880,-0.1188,0.1556,3.000,good,0.000,2.17,0,0,0,0,42.51,2,0.0,,,
7323,3.9880,-0.1174,0.1224,3.000,good,0.000,2.33,0,0,0,0,41.97,2,0.0,,,
7324,3.9880,-0.1170,0.0088,2.998,good,0.000,3.55,0,0,0,0,41.86,2,0.0,,,
7320,3.9920,-0.1380,-0.1215,3.000,good,0.001,4.08,0,0,0,0,41.50,1,0.0,,,
7321,3.9920,-0.1083,0.0291,3.001,good,0.002,10.99,0,0,0,0,39.45,3,0.0,,,
7331,3.9920,-0.1185,0.0304,2.893,black,1.000,46.82,1,1,0,0,45.49,2,3.2,35|36,7370,
7332,3.9920,-0.1164,0.0144,3.450,good,0.002,2.34,0,0,0,0,32.62,2,0.0,,,
7333,3.9920,-0.1143,-0.1160,3.226,good,0.001,9.35,0,0,0,0,36.25,2,0.0,,,
7334,3.9920,-0.1153,0.1806,2.888,good,0.009,12.30,0,0,0,0,44.32,2,0.0,,,
7335,3.9920,-0.1177,0.2122,3.016,good,0.316,2.63,0,0,0,0,41.91,2,0.0,,,
7336,3.9920,-0.1179,0.0704,2.942,good,0.001,2.28,0,0,0,0,43.76,2,0.0,,,
7325,3.9960,-0.1115,0.0624,3.046,good,0.000,3.43,0,0,0,0,38.90,3,0.0,,,
7326,3.9960,-0.1082,0.0810,3.450,good,0.011,3.51,0,0,0,0,29.75,3,0.0,,,
7327,3.9960,-0.1098,-0.1554,2.998,good,0.001,2.67,0,0,0,0,39.35,3,0.0,,,
7328,3.9960,-0.1089,0.1684,2.999,good,0.000,3.21,0,0,0,0,38.97,3,0.0,,,
7329,3.9960,-0.1105,-0.0482,2.922,good,0.000,2.22,0,0,0,0,41.34,3,0.0,,,
7330,3.9960,-0.1082,0.1321,3.007,good,0.000,2.30,0,0,0,0,38.51,3,0.0,,,
