tid,t,x,y,v,cls,p_reject,anomaly,reject,scheduled,activated,late,headroom_ms,n_obs,pulse_ms,nozzles,target_uids,own_hit_uids
1,0.2920,-0.1197,0.0217,3.005,good,0.007,2.10,0,0,0,0,13.11,2,0.0,,,
2,0.2920,-0.1190,-0.0419,2.995,good,0.001,3.39,0,0,0,0,13.10,2,0.0,,,
0,0.2960,-0.1102,0.1076,3.042,good,0.000,3.49,0,0,0,0,9.10,3,0.0,,,
3,0.3000,-0.1110,0.2123,3.005,good,0.003,3.00,0,0,0,0,10.22,3,0.0,,,
4,0.3000,-0.1175,-0.1033,3.003,good,0.026,1.81,0,0,0,0,12.44,2,0.0,,,
6,0.3040,-0.1147,-0.2308,2.991,good,0.000,2.65,0,0,0,0,11.80,2,0.0,,,
5,0.3080,-0.1083,0.0027,2.992,good,0.001,6.24,0,0,0,0,9.63,3,0.0,,,
9,0.3080,-0.1153,-0.1030,3.007,insect,1.000,4.18,1,1,1,0,11.61,2,3.1,18|19,13,13
10,0.3080,-0.1162,0.2279,3.011,good,0.001,2.13,0,0,0,0,11.80,2,0.0,,,
7,0.3120,-0.1141,-0.1802,3.005,broken,0.999,3.24,1,1,1,0,11.25,3,2.4,8|9,15,
8,0.3120,-0.1129,-0.0180,2.972,good,0.171,6.20,0,0,0,0,11.63,3,0.0,,,
11,0.3120,-0.1189,0.1962,2.983,good,0.000,2.98,0,0,0,0,13.40,2,0.0,,,
12,0.3120,-0.1173,0.1405,2.990,good,0.028,2.01,0,0,0,0,12.66,2,0.0,,,
13,0.3120,-0.1178,-0.0357,3.001,good,0.065,2.91,0,0,0,0,12.57,2,0.0,,,
16,0.3160,-0.1196,-0.0454,2.997,good,0.001,3.91,0,0,0,0,13.27,2,0.0,,,
14,0.3200,-0.1119,0.1055,3.003,good,0.004,2.92,0,0,0,0,10.57,3,0.0,,,
15,0.3200,-0.1108,-0.1365,2.987,good,0.172,3.77,0,0,0,0,10.58,3,0.0,,,
20,0.3200,-0.1181,-0.2234,3.010,sour,1.000,20.27,1,1,1,0,12.45,2,3.2,3,29,29
21,0.3200,-0.1162,-0.1115,3.000,good,0.005,2.12,0,0,0,0,12.07,2,0.0,,,
22,0.3200,-0.1240,0.1837,3.000,good,0.000,7.37,0,0,0,0,10.65,1,0.0,,,
26,0.3200,-0.1138,0.1800,3.000,good,0.006,1.93,0,0,0,0,11.28,1,0.0,,,
27,0.3200,-0.1090,0.1871,3.000,good,0.135,2.07,0,0,0,0,9.65,1,0.0,,,
17,0.3240,-0.1104,-0.1579,3.003,good,0.033,3.66,0,0,0,0,10.07,3,0.0,,,
18,0.3240,-0.1095,0.1182,3.003,good,0.000,1.87,0,0,0,0,9.76,3,0.0,,,
19,0.3240,-0.1087,0.2154,3.012,good,0.001,7.14,0,0,0,0,9.30,3,0.0,,,
24,0.3240,-0.1196,-0.2033,3.094,good,0.001,4.02,0,0,0,0,10.97,2,0.0,,,
25,0.3240,-0.1166,0.2000,2.988,good,0.046,2.02,0,0,0,0,12.49,2,0.0,,,
23,0.3280,-0.1104,0.1844,2.980,good,0.050,2.16,0,0,0,0,10.59,3,0.0,,,
33,0.3280,-0.1199,0.0645,2.996,insect,1.000,4.05,1,1,1,0,13.39,2,3.1,40,42,42
28,0.3320,-0.1158,-0.1459,3.001,good,0.001,5.16,0,0,0,0,11.91,3,0.0,,,
29,0.3320,-0.1146,-0.2387,3.005,good,0.005,2.64,0,0,0,0,11.42,3,0.0,,,
30,0.3320,-0.1150,0.1525,2.945,good,0.001,2.91,0,0,0,0,12.99,3,0.0,,,
31,0.3320,-0.1116,0.0160,2.999,good,0.069,2.52,0,0,0,0,10.56,3,0.0,,,
32,0.3320,-0.1105,-0.0750,2.999,good,0.012,2.91,0,0,0,0,10.19,3,0.0,,,
34,0.3360,-0.1085,0.0661,2.997,broken,1.000,2.38,1,1,1,0,9.54,3,2.4,40,27,27
40,0.3360,-0.1192,-0.0275,2.988,good,0.000,4.30,0,0,0,0,13.36,2,0.0,,,
41,0.3360,-0.1170,-0.0879,3.000,good,0.008,7.98,0,0,0,0,12.33,2,0.0,,,
35,0.3400,-0.1138,-0.1192,2.996,good,0.001,2.63,0,0,0,0,11.37,3,0.0,,,
36,0.3400,-0.1134,-0.0608,3.000,good,0.001,5.65,0,0,0,0,11.14,3,0.0,,,
37,0.3400,-0.1144,0.1282,2.999,shell,1.000,7.60,1,1,1,0,11.48,3,2.4,48,56,56
38,0.3400,-0.1116,-0.1953,3.007,good,0.004,2.69,0,0,0,0,10.36,3,0.0,,,
39,0.3400,-0.1098,-0.0110,3.003,good,0.001,2.82,0,0,0,0,9.87,3,0.0,,,
44,0.3400,-0.1188,-0.0215,3.002,good,0.003,3.08,0,0,0,0,12.89,2,0.0,,,
45,0.3400,-0.1169,-0.1733,2.989,good,0.034,2.85,0,0,0,0,12.59,2,0.0,,,
42,0.3440,-0.1128,-0.1417,3.001,sour,1.000,17.67,1,1,1,0,10.91,3,3.2,13|14,44,44
43,0.3440,-0.1119,-0.0341,3.004,good,0.021,4.72,0,0,0,0,10.51,3,0.0,,,
46,0.3440,-0.1169,0.1081,3.023,good,0.002,1.86,0,0,0,0,11.75,2,0.0,,,
47,0.3440,-0.1164,-0.2407,2.998,good,0.002,5.17,0,0,0,0,12.17,2,0.0,,,
48,0.3440,-0.1156,0.1602,2.994,good,0.021,4.07,0,0,0,0,12.02,2,0.0,,,
53,0.3480,-0.1177,0.0017,2.994,faded,0.825,3.06,1,1,1,0,12.70,2,3.2,32,59,59
54,0.3480,-0.1147,0.1235,3.019,good,0.050,2.01,0,0,0,0,11.12,2,0.0,,,
49,0.3520,-0.1128,0.1947,2.997,black,1.000,50.32,1,1,1,0,10.99,3,3.2,56|57,58,58
50,0.3520,-0.1126,0.0680,2.986,good,0.001,2.80,0,0,0,0,11.18,3,0.0,,,
51,0.3520,-0.1102,-0.2009,3.001,good,0.074,2.41,0,0,0,0,10.05,3,0.0,,,
52,0.3520,-0.1099,-0.0450,2.989,good,0.003,3.53,0,0,0,0,10.22,3,0.0,,,
57,0.3520,-0.1181,0.1231,2.997,faded,0.784,2.87,1,1,1,0,12.79,2,3.2,47,46,46
55,0.3560,-0.1137,-0.0627,2.998,good,0.001,3.36,0,0,0,0,11.27,3,0.0,,,
56,0.3560,-0.1095,-0.0343,2.994,good,0.003,2.10,0,0,0,0,9.97,3,0.0,,,
58,0.3600,-0.1144,-0.1016,2.993,good,0.001,2.56,0,0,0,0,11.63,3,0.0,,,
59,0.3600,-0.1120,0.0318,3.003,good,0.006,4.51,0,0,0,0,10.60,3,0.0,,,
64,0.3640,-0.1198,-0.1639,3.000,good,0.001,2.11,0,0,0,0,13.26,2,0.0,,,
65,0.3640,-0.1196,-0.1394,2.983,good,0.024,3.33,0,0,0,0,13.60,2,0.0,,,
66,0.3640,-0.1154,-0.0658,3.154,good,0.306,3.31,0,0,0,0,8.30,2,0.0,,,
60,0.3680,-0.1154,0.0885,2.998,good,0.003,1.94,0,0,0,0,11.85,3,0.0,,,
61,0.3680,-0.1142,-0.1715,3.000,good,0.003,2.17,0,0,0,0,11.41,3,0.0,,,
62,0.3680,-0.1098,0.1375,3.000,good,0.179,3.25,0,0,0,0,9.93,3,0.0,,,
63,0.3680,-0.1084,-0.0951,2.997,good,0.025,3.10,0,0,0,0,9.55,3,0.0,,,
67,0.3720,-0.1130,-0.0848,2.956,good,0.005,5.58,0,0,0,0,12.06,3,0.0,,,
68,0.3720,-0.1134,-0.0540,2.980,good,0.000,4.53,0,0,0,0,11.62,3,0.0,,,
69,0.3720,-0.1120,-0.0313,2.997,faded,0.620,4.59,1,1,1,0,10.73,3,3.2,27|28,80,80
70,0.3720,-0.1094,0.1257,2.999,good,0.002,3.06,0,0,0,0,9.82,3,0.0,,,
73,0.3720,-0.1196,-0.0094,3.002,good,0.012,2.50,0,0,0,0,13.16,2,0.0,,,
74,0.3720,-0.1179,0.2254,3.011,good,0.016,2.25,0,0,0,0,12.36,2,0.0,,,
75,0.3720,-0.1159,0.0504,3.019,good,0.018,3.64,0,0,0,0,11.52,2,0.0,,,
71,0.3760,-0.1151,0.1623,2.996,good,0.002,6.03,0,0,0,0,11.80,3,0.0,,,
72,0.3760,-0.1130,0.0628,2.926,good,0.013,3.14,0,0,0,0,12.78,3,0.0,,,
77,0.3760,-0.1169,0.1106,2.988,good,0.048,2.22,0,0,0,0,12.60,2,0.0,,,
78,0.3760,-0.1166,-0.0508,2.995,good,0.000,4.31,0,0,0,0,12.31,2,0.0,,,
76,0.3800,-0.1155,0.0514,3.000,good,0.000,2.31,0,0,0,0,11.85,3,0.0,,,
80,0.3800,-0.1196,-0.1191,3.005,good,0.005,3.03,0,0,0,0,13.09,2,0.0,,,
81,0.3800,-0.1171,0.2159,2.997,good,0.053,3.25,0,0,0,0,12.44,2,0.0,,,
82,0.3800,-0.1214,0.1585,3.000,good,0.004,3.11,0,0,0,0,9.81,1,0.0,,,
79,0.3840,-0.1143,-0.0055,3.008,good,0.004,2.27,0,0,0,0,11.23,3,0.0,,,
84,0.3840,-0.1189,0.1449,3.007,good,0.000,3.04,0,0,0,0,12.78,2,0.0,,,
85,0.3840,-0.1168,-0.1026,3.004,good,0.004,2.00,0,0,0,0,12.17,2,0.0,,,
86,0.3840,-0.1164,0.2341,2.989,good,0.122,4.56,0,0,0,0,12.39,2,0.0,,,
83,0.3880,-0.1125,-0.0483,3.001,good,0.000,3.27,0,0,0,0,10.79,3,0.0,,,
87,0.3920,-0.1143,-0.0019,3.005,good,0.001,2.70,0,0,0,0,11.32,3,0.0,,,
88,0.3920,-0.1131,0.1269,3.000,good,0.014,3.57,0,0,0,0,11.02,3,0.0,,,
89,0.3920,-0.1141,-0.2188,2.954,good,0.001,4.30,0,0,0,0,12.48,3,0.0,,,
90,0.3920,-0.1128,0.0298,2.997,good,0.000,3.49,0,0,0,0,11.00,3,0.0,,,
91,0.3920,-0.1097,0.0586,3.000,good,0.001,1.94,0,0,0,0,9.91,3,0.0,,,
93,0.3920,-0.1162,0.1990,2.999,good,0.000,3.21,0,0,0,0,12.09,2,0.0,,,
92,0.3960,-0.1127,-0.0861,3.000,broken,0.538,3.69,1,1,1,0,10.91,3,2.4,20|21,82,82
94,0.4000,-0.1150,-0.0243,3.006,good,0.000,2.43,0,0,0,0,11.52,3,0.0,,,
95,0.4000,-0.1112,0.1614,2.994,good,0.047,1.85,0,0,0,0,10.55,3,0.0,,,
96,0.4040,-0.1114,0.0708,3.002,good,0.003,1.51,0,0,0,0,10.42,3,0.0,,,
97,0.4040,-0.1084,0.2178,3.000,good,0.000,2.27,0,0,0,0,9.45,3,0.0,,,
100,0.4040,-0.1191,0.2181,2.998,good,0.020,4.26,0,0,0,0,13.08,2,0.0,,,
101,0.4040,-0.1195,-0.1725,2.991,good,0.000,2.51,0,0,0,0,13.39,2,0.0,,,
102,0.4040,-0.1185,-0.1365,2.999,good,0.000,3.46,0,0,0,0,12.86,2,0.0,,,
98,0.4080,-0.1120,-0.2155,3.006,black,1.000,50.47,1,1,1,0,10.52,3,3.2,4,111,111
99,0.4080,-0.1104,0.0056,3.007,good,0.000,2.24,0,0,0,0,9.98,3,0.0,,,
107,0.4080,-0.1169,0.1009,2.994,good,0.008,3.20,0,0,0,0,12.45,2,0.0,,,
103,0.4120,-0.1125,-0.0842,2.938,good,0.001,3.04,0,0,0,0,12.35,3,0.0,,,
104,0.4120,-0.1107,-0.2064,3.008,good,0.004,3.47,0,0,0,0,10.06,3,0.0,,,
105,0.4120,-0.1110,0.0548,3.013,good,0.010,3.99,0,0,0,0,10.02,3,0.0,,,
106,0.4120,-0.1089,-0.1513,2.986,good,0.193,2.71,0,0,0,0,9.97,3,0.0,,,
108,0.4120,-0.1188,-0.1940,3.002,faded,0.999,4.80,1,1,1,0,12.89,2,3.2,7|6,109,109
109,0.4120,-0.1174,0.0289,2.989,good,0.013,3.38,0,0,0,0,12.73,2,0.0,,,
110,0.4120,-0.1184,0.0843,3.005,good,0.000,2.45,0,0,0,0,12.68,2,0.0,,,
114,0.4160,-0.1194,0.0443,2.996,good,0.190,2.79,0,0,0,0,13.24,2,0.0,,,
111,0.4200,-0.1106,-0.0240,3.000,good,0.011,2.66,0,0,0,0,10.19,3,0.0,,,
112,0.4200,-0.1107,-0.1512,3.029,faded,1.000,4.02,1,1,1,0,9.55,3,3.2,12,100,
113,0.4200,-0.1085,0.1957,2.993,good,0.151,5.04,0,0,0,0,9.65,3,0.0,,,
117,0.4200,-0.1199,-0.0356,2.993,good,0.006,2.63,0,0,0,0,13.49,2,0.0,,,
118,0.4200,-0.1191,0.1964,2.999,broken,0.688,3.03,1,1,1,0,13.07,2,2.4,57|56,116,116
119,0.4200,-0.1185,0.0847,2.940,good,0.029,3.76,0,0,0,0,14.31,2,0.0,,,
115,0.4240,-0.1137,-0.2359,3.002,good,0.033,3.65,0,0,0,0,11.17,3,0.0,,,
116,0.4240,-0.1095,-0.0683,3.001,good,0.022,2.12,0,0,0,0,9.82,3,0.0,,,
123,0.4240,-0.1184,0.1733,3.005,good,0.000,2.69,0,0,0,0,12.67,2,0.0,,,
124,0.4240,-0.1178,-0.2163,3.173,good,0.019,3.39,0,0,0,0,8.65,2,0.0,,,
125,0.4240,-0.1173,-0.1960,3.002,good,0.000,2.48,0,0,0,0,12.39,2,0.0,,,
120,0.4280,-0.1133,0.2195,2.996,good,0.001,3.43,0,0,0,0,11.18,3,0.0,,,
121,0.4280,-0.1124,-0.0525,3.006,good,0.004,1.71,0,0,0,0,10.66,3,0.0,,,
122,0.4280,-0.1109,0.2046,2.998,good,0.001,2.46,0,0,0,0,10.36,3,0.0,,,
126,0.4320,-0.1154,-0.0670,3.000,good,0.416,3.01,0,0,0,0,11.78,3,0.0,,,
131,0.4320,-0.1190,-0.1182,2.986,husk,1.000,75.01,1,1,1,0,13.34,2,2.4,16|17,108,108
127,0.4360,-0.1106,0.1640,3.139,good,0.024,2.03,0,0,0,0,7.09,3,0.0,,,
128,0.4360,-0.1101,0.0391,3.011,good,0.000,3.13,0,0,0,0,9.77,3,0.0,,,
129,0.4360,-0.1099,-0.2093,3.000,good,0.005,2.87,0,0,0,0,9.97,3,0.0,,,
130,0.4360,-0.1099,0.0069,3.006,good,0.003,2.48,0,0,0,0,9.83,3,0.0,,,
133,0.4360,-0.1169,-0.1843,2.995,good,0.478,4.05,0,0,0,0,12.43,2,0.0,,,
134,0.4360,-0.1169,0.1169,3.002,good,0.001,2.10,0,0,0,0,12.28,2,0.0,,,
135,0.4360,-0.1166,-0.1245,2.990,good,0.000,2.31,0,0,0,0,12.43,2,0.0,,,
132,0.4400,-0.1097,0.0387,3.007,good,0.133,4.52,0,0,0,0,9.75,3,0.0,,,
136,0.4440,-0.1123,0.1450,3.003,good,0.001,3.33,0,0,0,0,10.69,3,0.0,,,
137,0.4440,-0.1088,-0.2260,3.003,good,0.005,3.23,0,0,0,0,9.51,3,0.0,,,
138,0.4440,-0.1086,0.2251,3.000,insect,1.000,11.73,1,1,1,0,9.54,3,3.1,60|61,130,130
139,0.4440,-0.1166,-0.2159,3.006,good,0.001,3.13,0,0,0,0,12.06,2,0.0,,,
140,0.4440,-0.1157,0.0209,3.004,good,0.001,3.26,0,0,0,0,11.82,2,0.0,,,
141,0.4440,-0.1155,0.0936,3.015,good,0.001,3.14,0,0,0,0,11.48,2,0.0,,,
144,0.4480,-0.1190,-0.0960,3.000,good,0.007,1.95,0,0,0,0,12.99,2,0.0,,,
142,0.4520,-0.1131,-0.1667,3.001,good,0.000,3.29,0,0,0,0,11.01,3,0.0,,,
143,0.4520,-0.1120,0.0326,3.001,good,0.000,2.68,0,0,0,0,10.64,3,0.0,,,
150,0.4520,-0.1160,-0.2178,3.003,faded,1.000,6.02,1,1,1,0,11.93,2,3.2,4|3,141,141
151,0.4520,-0.1179,0.0240,3.000,good,0.001,3.58,0,0,0,0,12.63,2,0.0,,,
152,0.4520,-0.1155,-0.1758,3.000,good,0.000,3.67,0,0,0,0,11.83,2,0.0,,,
145,0.4560,-0.1155,-0.2050,3.006,good,0.086,2.74,0,0,0,0,11.71,3,0.0,,,
146,0.4560,-0.1127,0.1549,3.001,good,0.001,3.09,0,0,0,0,10.89,3,0.0,,,
147,0.4560,-0.1117,0.0664,2.986,faded,1.000,4.97,1,1,1,0,10.90,3,3.2,40,149,149
148,0.4560,-0.1094,0.2294,3.002,good,0.000,4.06,0,0,0,0,9.73,3,0.0,,,
149,0.4560,-0.1087,0.0152,2.997,good,0.000,3.29,0,0,0,0,9.63,3,0.0,,,
153,0.4600,-0.1164,0.1233,3.004,broken,0.988,4.44,1,1,1,0,12.02,3,2.4,47,181,181
154,0.4600,-0.1146,-0.0190,3.000,good,0.002,2.55,0,0,0,0,11.53,3,0.0,,,
155,0.4600,-0.1120,0.2242,3.004,good,0.005,2.06,0,0,0,0,10.58,3,0.0,,,
156,0.4600,-0.1111,0.1912,2.997,insect,1.000,8.11,1,1,1,0,10.42,3,3.1,56,154,154
157,0.4600,-0.1100,-0.0340,3.017,good,0.007,2.84,0,0,0,0,9.59,3,0.0,,,
158,0.4640,-0.1150,-0.1479,3.006,good,0.054,2.17,0,0,0,0,11.52,3,0.0,,,
159,0.4640,-0.1106,0.2070,3.001,good,0.309,4.72,0,0,0,0,10.18,3,0.0,,,
160,0.4640,-0.1109,0.1307,3.003,black,1.000,56.26,1,1,1,0,10.21,3,3.2,48,153,153
164,0.4640,-0.1191,-0.1249,3.006,good,0.009,2.07,0,0,0,0,12.89,2,0.0,,,
165,0.4640,-0.1193,-0.1109,3.030,good,0.004,1.95,0,0,0,0,12.38,2,0.0,,,
166,0.4640,-0.1196,0.0628,2.998,black,1.000,52.82,1,1,1,0,13.25,2,3.2,40|39,168,168
161,0.4680,-0.1125,-0.0255,3.006,good,0.005,3.31,0,0,0,0,10.70,3,0.0,,,
162,0.4680,-0.1093,-0.0055,2.996,good,0.002,2.39,0,0,0,0,9.86,3,0.0,,,
163,0.4680,-0.1083,0.0855,2.999,good,0.000,2.85,0,0,0,0,9.46,3,0.0,,,
168,0.4680,-0.1170,-0.1380,3.007,good,0.001,2.83,0,0,0,0,12.15,2,0.0,,,
169,0.4680,-0.1165,-0.0154,3.157,good,0.001,2.54,0,0,0,0,8.59,2,0.0,,,
170,0.4680,-0.1152,0.2259,2.996,good,0.179,4.38,0,0,0,0,11.82,2,0.0,,,
167,0.4720,-0.1127,-0.0797,2.993,good,0.000,4.06,0,0,0,0,11.07,3,0.0,,,
177,0.4720,-0.1180,-0.2171,3.005,good,0.000,7.92,0,0,0,0,12.54,2,0.0,,,
171,0.4760,-0.1118,-0.0955,2.996,good,0.029,2.37,0,0,0,0,10.68,3,0.0,,,
172,0.4760,-0.1107,-0.1203,3.230,good,0.001,1.62,0,0,0,0,5.24,3,0.0,,,
173,0.4760,-0.1134,0.0336,2.788,good,0.001,2.98,0,0,0,0,16.53,3,0.0,,,
174,0.4760,-0.1086,-0.2279,2.998,insect,1.000,3.16,1,1,1,0,9.58,3,3.1,2|3,179,179
175,0.4760,-0.1081,-0.1967,2.999,good,0.036,2.13,0,0,0,0,9.40,3,0.0,,,
176,0.4760,-0.1081,0.2114,3.013,broken,0.690,3.61,1,1,1,0,9.08,3,2.4,59|58,162,162
178,0.4800,-0.1142,-0.0262,3.002,good,0.005,3.20,0,0,0,0,11.34,3,0.0,,,
179,0.4800,-0.1115,-0.1456,3.000,good,0.060,2.13,0,0,0,0,10.51,3,0.0,,,
180,0.4800,-0.1084,-0.1352,3.000,good,0.000,2.63,0,0,0,0,9.45,3,0.0,,,
181,0.4800,-0.1200,-0.0735,3.007,good,0.000,4.58,0,0,0,0,13.14,2,0.0,,,
182,0.4800,-0.1180,0.0240,3.002,good,0.001,3.21,0,0,0,0,12.62,2,0.0,,,
186,0.4840,-0.1183,-0.1624,3.001,good,0.253,2.42,0,0,0,0,12.75,2,0.0,,,
183,0.4880,-0.1142,-0.1788,2.983,good,0.065,2.00,0,0,0,0,11.79,3,0.0,,,
184,0.4880,-0.1134,0.1454,3.000,good,0.001,1.91,0,0,0,0,11.12,3,0.0,,,
185,0.4880,-0.1097,0.0926,2.998,good,0.266,3.84,0,0,0,0,9.95,3,0.0,,,
187,0.4920,-0.1153,0.0015,2.991,good,0.004,3.80,0,0,0,0,11.97,3,0.0,,,
188,0.4920,-0.1135,0.1042,2.986,good,0.001,2.11,0,0,0,0,11.51,3,0.0,,,
189,0.4920,-0.1120,-0.1912,3.003,good,0.001,3.43,0,0,0,0,10.60,3,0.0,,,
190,0.4920,-0.1102,0.1183,2.996,good,0.000,3.67,0,0,0,0,10.15,3,0.0,,,
191,0.4960,-0.1149,0.2043,3.002,good,0.002,2.02,0,0,0,0,11.60,3,0.0,,,
192,0.4960,-0.1155,-0.0479,3.002,good,0.001,3.36,0,0,0,0,11.78,3,0.0,,,
193,0.4960,-0.1123,-0.0376,2.999,good,0.003,2.87,0,0,0,0,10.81,3,0.0,,,
194,0.4960,-0.1093,-0.1441,2.996,good,0.013,2.84,0,0,0,0,9.85,3,0.0,,,
195,0.4960,-0.1110,0.1972,3.072,good,0.004,4.18,0,0,0,0,8.69,3,0.0,,,
196,0.4960,-0.1082,-0.1169,3.009,good,0.421,2.45,0,0,0,0,9.20,3,0.0,,,
197,0.4960,-0.1195,-0.0617,3.251,good,0.005,3.76,0,0,0,0,7.52,2,0.0,,,
198,0.5000,-0.1155,-0.0632,3.182,good,0.004,3.19,0,0,0,0,7.72,2,0.0,,,
199,0.5080,-0.1152,0.1224,3.006,good,0.012,2.08,0,0,0,0,11.61,3,0.0,,,
200,0.5080,-0.1151,0.1612,3.011,good,0.031,5.18,0,0,0,0,11.45,3,0.0,,,
201,0.5080,-0.1152,0.0123,2.994,good,0.018,3.51,0,0,0,0,11.89,3,0.0,,,
202,0.5080,-0.1365,0.1969,3.000,good,0.001,8.15,0,0,0,0,10.83,1,0.0,,,
203,0.5080,-0.1107,0.1011,2.992,good,0.001,2.76,0,0,0,0,10.43,3,0.0,,,
204,0.5080,-0.1108,0.2180,2.998,good,0.001,2.42,0,0,0,0,10.32,3,0.0,,,
205,0.5080,-0.1105,-0.1846,2.999,broken,0.549,4.14,1,1,1,0,10.19,3,2.4,8,216,216
207,0.5080,-0.1186,-0.0157,2.995,good,0.006,1.93,0,0,0,0,12.98,2,0.0,,,
208,0.5080,-0.1141,0.1931,2.995,good,0.006,2.49,0,0,0,0,11.48,2,0.0,,,
209,0.5080,-0.1136,0.2020,2.644,good,0.003,3.66,0,0,0,0,20.80,2,0.0,,,
206,0.5120,-0.1131,0.0884,3.000,good,0.002,4.57,0,0,0,0,11.05,3,0.0,,,
210,0.5160,-0.1132,-0.0957,3.006,good,0.052,2.74,0,0,0,0,10.94,3,0.0,,,
211,0.5160,-0.1140,0.1493,2.999,good,0.033,4.29,0,0,0,0,11.35,3,0.0,,,
212,0.5160,-0.1128,-0.1622,3.004,insect,1.000,7.63,1,1,1,0,10.85,3,3.1,11,199,199
213,0.5160,-0.1111,-0.2298,2.997,good,0.002,1.88,0,0,0,0,10.43,3,0.0,,,
214,0.5160,-0.1111,0.2418,3.000,black,1.000,50.89,1,1,1,0,10.38,3,3.2,62|63,232,232
215,0.5200,-0.1157,0.1705,2.970,good,0.003,4.43,0,0,0,0,12.61,3,0.0,,,
217,0.5200,-0.1197,0.1361,3.003,good,0.473,3.30,0,0,0,0,13.16,2,0.0,,,
219,0.5200,-0.1187,0.1167,2.995,black,1.000,50.22,1,1,1,0,13.03,2,3.2,46|47,237,237
220,0.5200,-0.1184,0.0173,2.999,good,0.201,3.54,0,0,0,0,12.83,2,0.0,,,
229,0.5200,-0.1020,0.1456,3.000,good,0.047,4.14,0,0,0,0,7.33,1,0.0,,,
216,0.5240,-0.1096,-0.0055,2.996,good,0.222,2.71,0,0,0,0,9.98,3,0.0,,,
218,0.5240,-0.1084,-0.2280,2.991,good,0.028,4.20,0,0,0,0,9.68,3,0.0,,,
227,0.5240,-0.1178,-0.1974,2.996,good,0.024,2.45,0,0,0,0,12.68,2,0.0,,,
228,0.5240,-0.1152,-0.0334,3.010,good,0.003,1.91,0,0,0,0,11.52,2,0.0,,,
221,0.5280,-0.1146,-0.0845,3.022,faded,0.506,3.55,1,1,1,0,10.99,3,3.2,21|20,222,222
222,0.5280,-0.1136,0.0244,2.987,good,0.000,3.48,0,0,0,0,11.49,3,0.0,,,
223,0.5280,-0.1115,-0.1599,3.002,good,0.001,2.07,0,0,0,0,10.45,3,0.0,,,
224,0.5280,-0.1114,-0.0063,3.010,good,0.004,3.21,0,0,0,0,10.22,3,0.0,,,
225,0.5280,-0.1110,0.1218,3.004,good,0.000,2.68,0,0,0,0,10.26,3,0.0,,,
226,0.5280,-0.1087,-0.1747,3.007,good,0.004,2.73,0,0,0,0,9.39,3,0.0,,,
231,0.5280,-0.1161,0.0945,3.002,insect,1.000,8.20,1,1,1,0,12.01,2,3.1,44|43,228,228
232,0.5280,-0.1149,0.0807,2.998,good,0.400,5.91,0,0,0,0,11.66,2,0.0,,,
230,0.5320,-0.1124,-0.1333,2.997,good,0.075,2.88,0,0,0,0,10.86,3,0.0,,,
234,0.5320,-0.1200,-0.0871,3.001,good,0.002,2.50,0,0,0,0,13.29,2,0.0,,,
235,0.5320,-0.1187,0.0523,3.020,good,0.006,4.12,0,0,0,0,12.43,2,0.0,,,
233,0.5360,-0.1089,0.2191,3.002,good,0.038,3.32,0,0,0,0,9.59,3,0.0,,,
240,0.5360,-0.1190,-0.0628,2.998,good,0.003,2.72,0,0,0,0,13.06,2,0.0,,,
236,0.5400,-0.1121,-0.0093,3.009,good,0.000,2.19,0,0,0,0,10.48,3,0.0,,,
237,0.5400,-0.1103,0.0098,3.003,good,0.002,3.60,0,0,0,0,10.04,3,0.0,,,
238,0.5400,-0.1089,0.2047,2.998,good,0.001,2.75,0,0,0,0,9.66,3,0.0,,,
239,0.5400,-0.1081,-0.0543,3.005,good,0.000,2.16,0,0,0,0,9.25,3,0.0,,,
244,0.5400,-0.1170,-0.1316,2.996,good,0.006,2.28,0,0,0,0,12.42,2,0.0,,,
241,0.5440,-0.1159,-0.1147,2.894,good,0.001,3.51,0,0,0,0,14.58,3,0.0,,,
242,0.5440,-0.1118,-0.0313,2.997,good,0.004,3.57,0,0,0,0,10.68,3,0.0,,,
243,0.5440,-0.1128,0.1540,3.001,good,0.004,2.54,0,0,0,0,10.89,3,0.0,,,
252,0.5440,-0.1180,-0.1939,3.002,good,0.027,2.08,0,0,0,0,12.63,2,0.0,,,
253,0.5440,-0.1163,-0.1816,3.009,sour,1.000,26.78,1,1,1,0,11.89,2,3.2,8,242,242
245,0.5480,-0.1140,0.1763,2.995,good,0.000,2.73,0,0,0,0,11.45,3,0.0,,,
246,0.5480,-0.1141,0.2381,2.996,good,0.008,3.05,0,0,0,0,11.48,3,0.0,,,
247,0.5480,-0.1134,0.1565,2.991,good,0.005,3.94,0,0,0,0,11.34,3,0.0,,,
248,0.5480,-0.1101,0.0652,3.015,black,1.000,48.91,1,1,1,0,9.68,3,3.2,40,238,238
249,0.5480,-0.1106,0.0501,3.002,good,0.000,2.30,0,0,0,0,10.16,3,0.0,,,
250,0.5480,-0.1095,-0.2007,2.996,good,0.007,2.98,0,0,0,0,9.94,3,0.0,,,
251,0.5480,-0.1091,-0.0733,2.995,good,0.018,1.35,0,0,0,0,9.81,3,0.0,,,
257,0.5480,-0.1179,-0.0701,3.001,good,0.139,3.17,0,0,0,0,12.64,2,0.0,,,
254,0.5520,-0.1143,-0.1565,3.008,good,0.004,7.10,0,0,0,0,11.23,3,0.0,,,
255,0.5520,-0.1141,0.2112,3.001,faded,0.949,3.20,1,1,1,0,11.34,3,3.2,59|58,260,260
256,0.5520,-0.1108,0.1599,2.994,good,0.014,2.20,0,0,0,0,10.40,3,0.0,,,
261,0.5520,-0.1181,0.1962,2.997,shell,1.000,8.44,1,1,1,0,12.78,2,2.4,57|56,265,265
258,0.5560,-0.1146,-0.0593,3.003,good,0.006,1.98,0,0,0,0,11.44,3,0.0,,,
259,0.5560,-0.1116,0.0150,3.001,good,0.011,3.21,0,0,0,0,10.52,3,0.0,,,
260,0.5560,-0.1086,-0.1320,3.000,good,0.372,3.36,0,0,0,0,9.52,3,0.0,,,
264,0.5560,-0.1164,-0.0294,2.999,good,0.049,2.93,0,0,0,0,12.16,2,0.0,,,
262,0.5600,-0.1141,0.1923,2.994,good,0.002,5.36,0,0,0,0,11.50,3,0.0,,,
263,0.5600,-0.1123,-0.1622,2.999,good,0.010,2.81,0,0,0,0,10.80,3,0.0,,,
265,0.5640,-0.1138,0.1587,2.996,good,0.003,1.68,0,0,0,0,11.35,3,0.0,,,
266,0.5640,-0.1084,-0.0522,3.000,good,0.001,2.62,0,0,0,0,9.48,3,0.0,,,
273,0.5680,-0.1182,-0.2195,3.005,good,0.002,3.24,0,0,0,0,12.61,2,0.0,,,
274,0.5680,-0.1194,0.1495,3.003,good,0.241,3.23,0,0,0,0,13.08,2,0.0,,,
267,0.5720,-0.1154,-0.0696,3.001,good,0.000,4.06,0,0,0,0,11.78,3,0.0,,,
268,0.5720,-0.1106,-0.0193,3.008,good,0.002,3.17,0,0,0,0,10.01,3,0.0,,,
269,0.5720,-0.1116,-0.1960,3.000,good,0.034,2.33,0,0,0,0,10.53,3,0.0,,,
270,0.5720,-0.1117,0.1783,2.957,shell,0.997,14.93,1,1,1,0,11.58,3,2.4,54|55,280,
271,0.5720,-0.1087,0.2327,3.013,black,1.000,62.37,1,1,1,0,9.28,3,3.2,61,278,278
272,0.5720,-0.1081,-0.1589,2.998,good,0.026,2.82,0,0,0,0,9.41,3,0.0,,,
277,0.5720,-0.1183,-0.1509,2.994,good,0.004,2.92,0,0,0,0,12.89,2,0.0,,,
275,0.5760,-0.1137,0.1299,2.995,good,0.002,3.20,0,0,0,0,11.35,3,0.0,,,
276,0.5760,-0.1092,-0.0642,3.001,good,0.001,3.84,0,0,0,0,9.72,3,0.0,,,
278,0.5800,-0.1122,0.0525,3.006,good,0.003,2.78,0,0,0,0,10.59,3,0.0,,,
281,0.5800,-0.1198,-0.1083,2.994,good,0.335,3.01,0,0,0,0,13.43,2,0.0,,,
279,0.5840,-0.1141,0.2078,3.001,good,0.071,4.51,0,0,0,0,11.36,3,0.0,,,
280,0.5840,-0.1141,-0.1901,3.001,black,1.000,50.01,1,1,1,0,11.35,3,3.2,7,281,281
282,0.5840,-0.1105,0.0080,2.843,good,0.001,2.62,0,0,0,0,14.06,3,0.0,,,
286,0.5840,-0.1188,-0.2020,2.999,broken,0.543,3.28,1,1,1,0,12.96,2,2.4,6|5,301,301
287,0.5840,-0.1178,-0.1377,2.999,good,0.000,2.99,0,0,0,0,12.61,2,0.0,,,
283,0.5880,-0.1123,0.0904,3.323,husk,1.000,11.44,1,1,1,0,3.87,3,2.4,43,320,
284,0.5880,-0.1123,-0.0088,3.002,good,0.002,2.55,0,0,0,0,10.70,3,0.0,,,
285,0.5880,-0.1100,0.1531,2.998,good,0.001,3.29,0,0,0,0,10.04,3,0.0,,,
290,0.5880,-0.1195,0.2099,2.998,good,0.224,5.23,0,0,0,0,13.21,2,0.0,,,
291,0.5880,-0.1183,0.1721,2.829,good,0.017,5.10,0,0,0,0,17.16,2,0.0,,,
292,0.5880,-0.1185,-0.1187,3.059,broken,0.618,2.07,1,1,1,0,11.42,2,2.4,16|17,299,299
293,0.5880,-0.1178,0.0702,3.000,black,1.000,47.65,1,1,1,0,12.59,2,3.2,40|41,292,292
288,0.5920,-0.1159,0.1687,3.003,good,0.000,2.45,0,0,0,0,11.89,3,0.0,,,
289,0.5920,-0.1093,0.0093,3.001,good,0.511,2.57,1,1,1,0,9.75,3,3.2,33|32,277,277
294,0.5960,-0.1146,0.0216,2.964,good,0.025,2.56,0,0,0,0,12.40,3,0.0,,,
295,0.5960,-0.1134,0.1827,2.985,good,0.002,2.34,0,0,0,0,11.50,3,0.0,,,
296,0.5960,-0.1108,-0.0872,3.000,good,0.001,2.99,0,0,0,0,10.27,3,0.0,,,
299,0.5960,-0.1188,0.1099,2.946,good,0.000,2.11,0,0,0,0,14.25,2,0.0,,,
300,0.5960,-0.1177,-0.2080,2.999,broken,0.994,3.21,1,1,1,0,12.61,2,2.4,5,309,309
297,0.6000,-0.1133,-0.0096,3.006,good,0.000,3.03,0,0,0,0,10.97,3,0.0,,,
298,0.6000,-0.1081,-0.0999,2.996,faded,0.999,3.90,1,1,1,0,9.44,3,3.2,19,287,287
301,0.6040,-0.1153,-0.0679,3.001,good,0.000,2.57,0,0,0,0,11.75,3,0.0,,,
305,0.6040,-0.1182,0.0945,3.015,good,0.001,2.79,0,0,0,0,12.38,2,0.0,,,
306,0.6040,-0.1141,0.1335,2.982,good,0.007,7.36,0,0,0,0,11.78,2,0.0,,,
302,0.6080,-0.1152,-0.2191,3.000,faded,1.000,7.24,1,1,1,0,11.74,3,3.2,3|4,324,324
303,0.6080,-0.1129,0.2326,3.001,good,0.001,5.22,0,0,0,0,10.94,3,0.0,,,
304,0.6080,-0.1105,-0.0832,3.007,good,0.000,2.62,0,0,0,0,9.99,3,0.0,,,
307,0.6120,-0.1155,0.1957,2.999,broken,0.614,4.25,1,1,1,0,11.86,3,3.2,57|56,328,328
308,0.6120,-0.1106,-0.0615,3.022,good,0.383,3.11,0,0,0,0,9.67,3,0.0,,,
309,0.6120,-0.1092,0.1106,3.005,good,0.035,2.85,0,0,0,0,9.62,3,0.0,,,
314,0.6120,-0.1189,0.0892,3.003,good,0.000,2.66,0,0,0,0,12.90,2,0.0,,,
315,0.6120,-0.1190,0.1659,2.985,good,0.002,2.40,0,0,0,0,13.38,2,0.0,,,
316,0.6120,-0.1160,-0.0531,2.997,good,0.002,2.46,0,0,0,0,12.05,2,0.0,,,
310,0.6160,-0.1149,-0.1375,3.000,shell,1.000,9.92,1,1,1,0,11.64,3,2.4,14,322,322
311,0.6160,-0.1122,-0.1268,2.998,good,0.330,3.03,0,0,0,0,10.78,3,0.0,,,
312,0.6160,-0.1116,-0.0576,2.998,insect,1.000,5.15,1,1,1,0,10.59,3,3.1,24,308,308
313,0.6160,-0.1098,0.0966,2.995,faded,0.804,3.66,1,1,1,0,10.04,3,3.2,44,333,333
318,0.6160,-0.1200,-0.2090,2.989,good,0.035,2.13,0,0,0,0,13.61,2,0.0,,,
319,0.6160,-0.1174,0.0513,2.919,broken,0.579,1.92,1,1,1,0,14.47,2,2.4,38,318,318
320,0.6160,-0.1146,-0.2218,3.014,black,0.966,21.24,1,1,1,0,11.22,2,3.2,3,303|331,303|331
317,0.6200,-0.1103,0.1751,2.996,faded,0.966,4.38,1,1,1,0,10.20,3,3.2,54,304,304
321,0.6240,-0.1153,-0.1898,3.001,good,0.000,2.45,0,0,0,0,11.75,3,0.0,,,
323,0.6240,-0.1192,0.0820,2.998,good,0.001,3.93,0,0,0,0,13.14,2,0.0,,,
324,0.6240,-0.1166,-0.1664,3.001,good,0.073,2.81,0,0,0,0,12.19,2,0.0,,,
322,0.6280,-0.1092,-0.0219,3.023,good,0.002,2.62,0,0,0,0,9.21,3,0.0,,,
325,0.6280,-0.1187,0.1975,3.001,good,0.039,2.67,0,0,0,0,12.89,2,0.0,,,
326,0.6280,-0.1191,0.0775,3.002,faded,0.995,4.05,1,1,1,0,12.96,2,3.2,41|42,323,323
327,0.6280,-0.1171,0.1527,3.001,good,0.000,3.06,0,0,0,0,12.33,2,0.0,,,
328,0.6280,-0.1163,0.1616,2.999,good,0.000,3.31,0,0,0,0,12.12,2,0.0,,,
330,0.6320,-0.1178,-0.1851,2.999,good,0.002,1.40,0,0,0,0,12.63,2,0.0,,,
329,0.6360,-0.1128,0.0448,3.004,faded,1.000,4.99,1,1,1,0,10.83,3,3.2,37,321,321
331,0.6400,-0.1134,-0.2337,2.999,good,0.002,4.06,0,0,0,0,11.14,3,0.0,,,
332,0.6400,-0.1112,0.2122,2.999,faded,0.889,2.65,1,1,1,0,10.44,3,3.2,59|58,346,346
333,0.6400,-0.1092,0.1236,3.007,good,0.014,2.61,0,0,0,0,9.56,3,0.0,,,
334,0.6400,-0.1083,0.1708,3.002,good,0.000,2.57,0,0,0,0,9.40,3,0.0,,,
337,0.6400,-0.1186,0.1142,2.997,black,1.000,50.11,1,1,1,0,12.94,2,3.2,46,339,339
338,0.6400,-0.1182,0.1822,3.000,good,0.003,3.29,0,0,0,0,12.73,2,0.0,,,
339,0.6400,-0.1156,-0.1396,2.937,good,0.000,2.54,0,0,0,0,13.42,2,0.0,,,
335,0.6440,-0.1117,0.2249,2.999,good,0.001,3.55,0,0,0,0,10.60,3,0.0,,,
336,0.6440,-0.1088,-0.1494,3.001,good,0.029,2.99,0,0,0,0,9.58,3,0.0,,,
343,0.6440,-0.1187,-0.0776,2.924,good,0.014,2.09,0,0,0,0,14.78,2,0.0,,,
344,0.6440,-0.1166,0.2169,2.999,good,0.003,2.59,0,0,0,0,12.23,2,0.0,,,
340,0.6480,-0.1128,-0.1923,3.001,faded,0.998,3.65,1,1,1,0,10.91,3,3.2,7,345,345
341,0.6480,-0.1129,-0.1809,3.001,good,0.002,2.03,0,0,0,0,10.94,3,0.0,,,
342,0.6480,-0.1133,0.1263,3.007,good,0.023,2.30,0,0,0,0,10.96,3,0.0,,,
346,0.6480,-0.1194,0.1937,2.990,good,0.009,5.94,0,0,0,0,13.39,2,0.0,,,
345,0.6520,-0.1083,-0.1007,3.030,good,0.000,2.65,0,0,0,0,8.76,3,0.0,,,
347,0.6520,-0.1085,-0.1357,2.998,good,0.125,3.10,0,0,0,0,9.54,3,0.0,,,
352,0.6520,-0.1191,-0.0806,3.001,good,0.001,4.49,0,0,0,0,13.01,2,0.0,,,
353,0.6520,-0.1198,0.1574,2.999,sour,1.000,16.92,1,1,1,0,13.29,2,3.2,52|51,342,342
354,0.6520,-0.1170,0.1709,2.977,good,0.256,5.67,0,0,0,0,12.91,2,0.0,,,
348,0.6560,-0.1155,0.0631,2.999,good,0.001,4.94,0,0,0,0,11.85,3,0.0,,,
349,0.6560,-0.1132,-0.1684,2.989,good,0.002,2.48,0,0,0,0,11.33,3,0.0,,,
350,0.6560,-0.1103,-0.2117,3.001,good,0.088,3.62,0,0,0,0,10.07,3,0.0,,,
351,0.6560,-0.1086,0.1822,3.000,broken,0.735,2.67,1,1,1,0,9.55,3,2.4,55,359,359
356,0.6560,-0.1200,-0.2322,2.998,good,0.084,4.50,0,0,0,0,13.39,2,0.0,,,
355,0.6600,-0.1114,-0.0110,2.993,good,0.031,3.31,0,0,0,0,10.63,3,0.0,,,
360,0.6600,-0.1184,-0.1206,2.996,good,0.014,1.87,0,0,0,0,12.88,2,0.0,,,
357,0.6640,-0.1140,-0.2218,3.004,good,0.032,3.19,0,0,0,0,11.23,3,0.0,,,
358,0.6640,-0.1114,-0.0900,3.025,good,0.000,3.50,0,0,0,0,9.90,3,0.0,,,
359,0.6640,-0.1092,0.1447,2.998,good,0.004,3.07,0,0,0,0,9.78,3,0.0,,,
362,0.6640,-0.1186,0.0616,3.198,husk,1.000,51.18,1,1,1,0,8.35,2,2.4,39|40,374,
363,0.6640,-0.1158,0.1064,2.984,good,0.000,2.13,0,0,0,0,12.32,2,0.0,,,
361,0.6680,-0.1128,-0.0476,3.003,good,0.001,4.20,0,0,0,0,10.84,3,0.0,,,
364,0.6720,-0.1158,0.1186,3.009,good,0.014,2.01,0,0,0,0,11.71,3,0.0,,,
365,0.6720,-0.1138,-0.2221,2.999,faded,1.000,4.85,1,1,1,0,11.29,3,3.2,3,372,
366,0.6720,-0.1134,0.0796,3.003,good,0.000,3.57,0,0,0,0,11.06,3,0.0,,,
367,0.6720,-0.1116,0.0940,2.996,broken,0.596,2.15,1,1,1,0,10.62,3,2.4,44|43,367,367
370,0.6720,-0.1150,0.2109,2.997,good,0.001,2.70,0,0,0,0,11.76,2,0.0,,,
368,0.6760,-0.1141,-0.1010,3.001,good,0.001,2.87,0,0,0,0,11.33,3,0.0,,,
369,0.6760,-0.1129,0.0044,3.001,good,0.011,3.13,0,0,0,0,10.96,3,0.0,,,
371,0.6760,-0.1197,-0.1422,3.024,good,0.000,2.73,0,0,0,0,12.63,2,0.0,,,
372,0.6760,-0.1154,0.2053,3.099,faded,0.992,5.88,1,1,1,0,9.51,2,3.2,58,375,375
373,0.6760,-0.1170,0.0744,3.000,good,0.000,2.73,0,0,0,0,12.34,2,0.0,,,
377,0.6800,-0.1193,-0.2319,3.014,good,0.012,9.38,0,0,0,0,12.77,2,0.0,,,
374,0.6840,-0.1156,-0.0245,2.952,good,0.002,2.67,0,0,0,0,13.04,3,0.0,,,
375,0.6840,-0.1125,0.1323,2.962,good,0.001,3.41,0,0,0,0,11.75,3,0.0,,,
376,0.6840,-0.1083,-0.1359,3.022,good,0.031,2.35,0,0,0,0,8.93,3,0.0,,,
382,0.6840,-0.1155,-0.1839,3.009,good,0.021,2.67,0,0,0,0,11.64,2,0.0,,,
378,0.6880,-0.1129,0.0964,3.020,faded,1.000,4.13,1,1,1,0,10.48,3,3.2,44,386,386
379,0.6880,-0.1214,-0.1766,3.450,good,0.022,3.88,0,0,0,0,0.18,2,0.0,,,
380,0.6880,-0.1093,0.2177,3.001,good,0.004,2.98,0,0,0,0,9.73,3,0.0,,,
381,0.6880,-0.1097,-0.2140,3.007,good,0.179,3.78,0,0,0,0,9.75,3,0.0,,,
385,0.6880,-0.1193,-0.0792,2.994,good,0.000,3.61,0,0,0,0,13.26,2,0.0,,,
386,0.6880,-0.1182,0.1329,2.991,good,0.000,3.19,0,0,0,0,12.97,2,0.0,,,
387,0.6880,-0.1170,0.0497,3.028,good,0.000,3.34,0,0,0,0,11.65,2,0.0,,,
383,0.6920,-0.1142,0.1853,3.000,good,0.018,2.55,0,0,0,0,11.38,3,0.0,,,
384,0.6920,-0.1097,0.0738,3.014,good,0.003,3.17,0,0,0,0,9.58,3,0.0,,,
389,0.6920,-0.1189,-0.1805,3.002,good,0.006,2.59,0,0,0,0,12.93,2,0.0,,,
390,0.6920,-0.1184,0.2146,2.993,good,0.003,2.75,0,0,0,0,12.98,2,0.0,,,
388,0.6960,-0.1081,0.0027,3.017,good,0.001,1.82,0,0,0,0,8.99,3,0.0,,,
393,0.6960,-0.1195,0.2095,3.141,good,0.013,2.42,0,0,0,0,9.86,2,0.0,,,
394,0.6960,-0.1169,0.1768,2.949,good,0.288,3.21,0,0,0,0,13.55,2,0.0,,,
391,0.7000,-0.1144,0.1330,3.005,good,0.000,2.49,0,0,0,0,11.35,3,0.0,,,
392,0.7000,-0.1131,0.0440,2.999,black,1.000,42.78,1,1,1,0,11.07,3,3.2,37,402,402
399,0.7000,-0.1192,-0.1017,3.065,good,0.000,4.63,0,0,0,0,11.52,2,0.0,,,
400,0.7000,-0.1166,-0.1262,3.118,good,0.010,2.12,0,0,0,0,9.49,2,0.0,,,
401,0.7000,-0.1155,-0.0901,3.017,good,0.001,3.17,0,0,0,0,11.44,2,0.0,,,
395,0.7040,-0.1131,-0.1702,3.066,good,0.014,2.28,0,0,0,0,9.53,3,0.0,,,
396,0.7040,-0.1098,0.2361,3.021,good,0.130,4.42,0,0,0,0,9.45,3,0.0,,,
397,0.7040,-0.1097,-0.0228,2.992,black,1.000,46.18,1,1,1,0,10.07,3,3.2,29|28,395,395
398,0.7040,-0.1086,0.1749,3.001,faded,0.992,4.49,1,1,1,0,9.52,3,3.2,54,394,394
406,0.7040,-0.1198,-0.0793,3.001,good,0.001,4.13,0,0,0,0,13.26,2,0.0,,,
407,0.7040,-0.1178,-0.1973,3.118,good,0.010,1.92,0,0,0,0,9.85,2,0.0,,,
402,0.7080,-0.1142,0.1967,3.001,black,1.000,52.85,1,1,1,0,11.37,3,3.2,57|56,420,420
403,0.7080,-0.1105,0.1543,2.990,good,0.001,2.79,0,0,0,0,10.41,3,0.0,,,
404,0.7080,-0.1107,-0.0642,3.005,good,0.000,3.47,0,0,0,0,10.12,3,0.0,,,
405,0.7080,-0.1090,-0.1731,3.002,good,0.024,3.93,0,0,0,0,9.62,3,0.0,,,
408,0.7120,-0.1116,0.0455,3.072,good,0.022,2.42,0,0,0,0,8.87,3,0.0,,,
409,0.7120,-0.1092,-0.1429,3.007,good,0.010,2.90,0,0,0,0,9.59,3,0.0,,,
410,0.7120,-0.1096,0.0249,2.972,good,0.011,3.37,0,0,0,0,10.52,3,0.0,,,
411,0.7160,-0.1160,-0.2280,3.009,good,0.003,2.77,0,0,0,0,11.76,3,0.0,,,
412,0.7160,-0.1109,-0.1083,2.993,good,0.105,2.93,0,0,0,0,10.45,3,0.0,,,
413,0.7160,-0.1107,0.0068,2.999,good,0.047,3.31,0,0,0,0,10.26,3,0.0,,,
417,0.7160,-0.1131,-0.0989,3.039,black,0.974,21.96,1,1,1,0,10.14,2,3.2,19,407|426,407
414,0.7200,-0.1149,-0.2114,3.001,good,0.000,2.07,0,0,0,0,11.60,3,0.0,,,
415,0.7200,-0.1123,0.2019,3.000,good,0.000,3.41,0,0,0,0,10.76,3,0.0,,,
416,0.7200,-0.1093,0.2228,3.001,good,0.012,3.56,0,0,0,0,9.75,3,0.0,,,
424,0.7200,-0.1167,0.0630,2.987,good,0.002,2.60,0,0,0,0,12.53,2,0.0,,,
418,0.7240,-0.1153,-0.0023,3.002,good,0.005,2.83,0,0,0,0,11.73,3,0.0,,,
419,0.7240,-0.1157,0.0405,3.000,good,0.000,3.26,0,0,0,0,11.89,3,0.0,,,
420,0.7240,-0.1156,0.2023,2.948,good,0.183,2.81,0,0,0,0,13.15,3,0.0,,,
421,0.7240,-0.1122,-0.0913,3.000,good,0.004,2.36,0,0,0,0,10.74,3,0.0,,,
422,0.7240,-0.1165,0.0634,2.553,broken,0.845,2.77,1,1,1,0,24.80,3,2.4,40|39,389,
423,0.7240,-0.1082,-0.0234,2.985,good,0.012,2.13,0,0,0,0,9.74,3,0.0,,,
425,0.7280,-0.1149,0.0403,3.004,good,0.000,2.85,0,0,0,0,11.53,3,0.0,,,
426,0.7280,-0.1083,-0.1375,3.000,good,0.000,3.26,0,0,0,0,9.42,3,0.0,,,
429,0.7280,-0.1198,0.0286,2.958,good,0.001,2.66,0,0,0,0,14.29,2,0.0,,,
427,0.7320,-0.1137,-0.0464,2.992,good,0.001,2.56,0,0,0,0,11.40,3,0.0,,,
428,0.7320,-0.1132,-0.1365,2.661,good,0.039,2.99,0,0,0,0,20.12,3,0.0,,,
435,0.7320,-0.1166,-0.0866,2.990,good,0.015,2.24,0,0,0,0,12.44,2,0.0,,,
436,0.7320,-0.1163,0.2265,2.989,good,0.040,2.53,0,0,0,0,12.36,2,0.0,,,
430,0.7360,-0.1147,0.0626,2.999,good,0.007,1.71,0,0,0,0,11.57,3,0.0,,,
431,0.7360,-0.1143,-0.0125,3.005,good,0.010,2.95,0,0,0,0,11.32,3,0.0,,,
432,0.7360,-0.1171,0.0344,2.410,good,0.003,9.42,0,0,0,0,30.06,3,0.0,,,
433,0.7360,-0.1111,0.0477,2.990,faded,1.000,5.21,1,1,1,0,10.58,3,3.2,38|37,427,
434,0.7360,-0.1087,-0.2055,2.984,good,0.001,3.33,0,0,0,0,9.95,3,0.0,,,
439,0.7360,-0.1185,-0.0622,3.001,good,0.000,2.97,0,0,0,0,12.81,2,0.0,,,
437,0.7400,-0.1118,-0.1344,2.997,good,0.000,2.27,0,0,0,0,10.68,3,0.0,,,
438,0.7400,-0.1102,0.0726,3.001,black,1.000,50.89,1,1,1,0,10.04,3,3.2,41,453,453
440,0.7440,-0.1125,0.1095,2.997,good,0.279,2.61,0,0,0,0,10.90,3,0.0,,,
445,0.7440,-0.1178,-0.0760,2.979,good,0.004,3.76,0,0,0,0,13.10,2,0.0,,,
446,0.7440,-0.1168,0.2192,3.002,good,0.002,2.68,0,0,0,0,12.21,2,0.0,,,
441,0.7480,-0.1136,-0.0187,2.995,good,0.024,3.06,0,0,0,0,11.34,3,0.0,,,
442,0.7480,-0.1127,-0.0867,2.997,good,0.019,3.22,0,0,0,0,10.97,3,0.0,,,
443,0.7480,-0.1089,-0.0443,2.991,good,0.000,2.95,0,0,0,0,9.84,3,0.0,,,
444,0.7480,-0.1086,0.1962,3.013,good,0.002,6.26,0,0,0,0,9.24,3,0.0,,,
448,0.7480,-0.1180,0.1698,2.994,good,0.000,3.49,0,0,0,0,12.80,2,0.0,,,
449,0.7480,-0.1169,0.2202,2.998,good,0.000,3.76,0,0,0,0,12.36,2,0.0,,,
447,0.7520,-0.1136,-0.1232,3.001,faded,1.000,5.23,1,1,1,0,11.19,3,3.2,16,446,446
451,0.7520,-0.1169,0.0746,3.007,good,0.001,3.73,0,0,0,0,12.11,2,0.0,,,
450,0.7560,-0.1129,-0.2067,3.096,good,0.006,3.91,0,0,0,0,8.76,3,0.0,,,
454,0.7560,-0.1173,0.1820,3.011,good,0.000,2.60,0,0,0,0,12.15,2,0.0,,,
452,0.7600,-0.1141,-0.0895,2.977,good,0.001,3.39,0,0,0,0,11.92,3,0.0,,,
453,0.7600,-0.1121,-0.0182,3.000,good,0.000,2.26,0,0,0,0,10.70,3,0.0,,,
456,0.7600,-0.1193,-0.0608,3.014,good,0.000,4.42,0,0,0,0,12.77,2,0.0,,,
455,0.7640,-0.1145,0.0871,2.999,good,0.001,3.45,0,0,0,0,11.52,3,0.0,,,
460,0.7640,-0.1170,-0.0316,2.989,faded,1.000,5.20,1,1,1,0,12.60,2,3.2,27|28,466,466
457,0.7680,-0.1149,-0.0761,2.867,good,0.039,2.00,0,0,0,0,14.96,3,0.0,,,
458,0.7680,-0.1134,0.0957,2.998,good,0.000,3.45,0,0,0,0,11.20,3,0.0,,,
459,0.7680,-0.1095,0.1638,3.016,insect,1.000,3.88,1,1,1,0,9.47,3,3.1,52|53,473,473
466,0.7680,-0.1172,0.0296,3.004,shell,1.000,8.99,1,1,1,0,12.29,2,2.4,35,461,
467,0.7680,-0.1177,-0.2353,2.572,good,0.031,3.53,0,0,0,0,24.64,2,0.0,,,
468,0.7680,-0.1163,0.1362,2.996,good,0.000,2.38,0,0,0,0,12.18,2,0.0,,,
461,0.7720,-0.1124,-0.1481,2.996,good,0.001,2.16,0,0,0,0,10.89,3,0.0,,,
462,0.7720,-0.1159,-0.1255,2.619,good,0.000,2.37,0,0,0,0,22.42,3,0.0,,,
463,0.7720,-0.1108,0.2165,3.004,broken,0.986,3.14,1,1,1,0,10.18,3,2.4,59,474,474
464,0.7720,-0.1101,0.1105,2.988,good,0.001,2.91,0,0,0,0,10.29,3,0.0,,,
465,0.7720,-0.1111,0.2356,3.001,insect,1.000,7.65,1,1,1,0,10.36,3,3.1,62|61,480,480
472,0.7720,-0.1190,-0.1714,2.874,good,0.003,2.99,0,0,0,0,16.22,2,0.0,,,
469,0.7760,-0.1145,0.1529,2.812,good,0.019,2.57,0,0,0,0,16.26,3,0.0,,,
470,0.7760,-0.1136,-0.0922,3.002,good,0.000,2.96,0,0,0,0,11.15,3,0.0,,,
471,0.7760,-0.1095,0.2138,2.997,good,0.004,2.40,0,0,0,0,9.90,3,0.0,,,
476,0.7760,-0.1186,0.1986,3.004,good,0.007,2.46,0,0,0,0,12.75,2,0.0,,,
473,0.7800,-0.1131,0.0338,3.002,good,0.004,5.46,0,0,0,0,10.97,3,0.0,,,
474,0.7800,-0.1120,-0.0357,3.013,good,0.001,3.01,0,0,0,0,10.35,3,0.0,,,
475,0.7800,-0.1083,-0.2237,3.000,good,0.028,5.42,0,0,0,0,9.43,3,0.0,,,
477,0.7800,-0.1180,-0.1314,2.999,good,0.024,2.16,0,0,0,0,12.69,2,0.0,,,
479,0.7840,-0.1184,0.1305,3.002,faded,0.999,4.13,1,1,1,0,12.75,2,3.2,48,486,486
478,0.7880,-0.1106,0.0499,3.000,good,0.002,4.16,0,0,0,0,10.22,3,0.0,,,
481,0.7880,-0.1192,0.0516,2.990,good,0.005,2.29,0,0,0,0,13.34,2,0.0,,,
482,0.7880,-0.1173,-0.0274,2.957,good,0.000,3.47,0,0,0,0,13.50,2,0.0,,,
480,0.7920,-0.1156,-0.1680,2.846,sour,1.000,14.86,1,1,1,0,15.75,3,3.2,10,499,499
487,0.7920,-0.1189,-0.0170,2.956,good,0.005,2.14,0,0,0,0,14.05,2,0.0,,,
488,0.7920,-0.1156,0.2346,3.199,good,0.118,4.08,0,0,0,0,7.40,2,0.0,,,
483,0.7960,-0.1149,0.1529,3.017,good,0.020,2.74,0,0,0,0,11.24,3,0.0,,,
484,0.7960,-0.1151,-0.1134,3.001,broken,1.000,2.07,1,1,1,0,11.67,3,2.4,17,489,489
485,0.7960,-0.1095,0.0352,3.006,good,0.280,2.45,0,0,0,0,9.69,3,0.0,,,
486,0.7960,-0.1083,0.0643,3.003,good,0.001,2.36,0,0,0,0,9.39,3,0.0,,,
493,0.7960,-0.1191,-0.1711,3.001,good,0.008,3.00,0,0,0,0,13.02,2,0.0,,,
494,0.7960,-0.1180,0.1868,2.852,good,0.001,3.78,0,0,0,0,16.44,2,0.0,,,
489,0.8000,-0.1145,0.1505,3.035,good,0.000,3.12,0,0,0,0,10.68,3,0.0,,,
490,0.8000,-0.1157,-0.1137,2.962,good,0.001,4.17,0,0,0,0,12.80,3,0.0,,,
491,0.8000,-0.1113,-0.0776,3.009,good,0.000,2.95,0,0,0,0,10.21,3,0.0,,,
492,0.8000,-0.1094,-0.0402,3.036,good,0.001,2.58,0,0,0,0,8.97,3,0.0,,,
499,0.8000,-0.1198,0.2113,3.008,good,0.001,2.73,0,0,0,0,13.07,2,0.0,,,
500,0.8000,-0.1182,-0.2010,2.999,good,0.011,7.19,0,0,0,0,12.76,2,0.0,,,
495,0.8040,-0.1131,-0.2326,2.999,good,0.064,3.52,0,0,0,0,11.07,3,0.0,,,
496,0.8040,-0.1140,0.1837,3.006,good,0.002,3.68,0,0,0,0,11.18,3,0.0,,,
497,0.8040,-0.1135,0.1999,3.002,good,0.001,1.79,0,0,0,0,11.12,3,0.0,,,
498,0.8040,-0.1131,-0.0106,2.991,good,0.000,2.57,0,0,0,0,11.26,3,0.0,,,
503,0.8040,-0.1192,0.0611,2.951,good,0.051,2.62,0,0,0,0,14.27,2,0.0,,,
504,0.8040,-0.1168,-0.0254,3.000,good,0.025,2.32,0,0,0,0,12.26,2,0.0,,,
501,0.8080,-0.1111,-0.0051,2.971,good,0.000,2.82,0,0,0,0,11.05,3,0.0,,,
502,0.8080,-0.1092,0.1352,2.993,good,0.000,2.70,0,0,0,0,9.88,3,0.0,,,
507,0.8080,-0.1163,-0.2253,3.035,good,0.002,2.63,0,0,0,0,11.28,2,0.0,,,
505,0.8120,-0.1146,0.0695,2.980,good,0.092,2.35,0,0,0,0,12.03,3,0.0,,,
506,0.8120,-0.1095,-0.0017,2.980,good,0.318,3.02,0,0,0,0,10.29,3,0.0,,,
510,0.8120,-0.1156,0.0469,2.994,good,0.006,1.82,0,0,0,0,12.01,2,0.0,,,
508,0.8160,-0.1076,-0.1638,3.178,broken,0.827,2.90,1,1,1,0,5.33,3,2.4,11|10,524,524
509,0.8160,-0.1082,-0.1297,2.990,faded,0.660,3.58,1,1,1,0,9.64,3,3.2,15,529,529
511,0.8160,-0.1176,-0.1732,3.012,insect,1.000,4.04,1,1,1,0,12.25,2,3.1,9|10,504,504
512,0.8160,-0.1167,0.2379,2.996,good,0.064,3.23,0,0,0,0,12.33,2,0.0,,,
516,0.8240,-0.1187,-0.1432,3.006,good,0.152,13.16,0,0,0,0,12.74,2,0.0,,,
517,0.8240,-0.1172,0.1142,3.008,good,0.009,2.36,0,0,0,0,12.21,2,0.0,,,
518,0.8240,-0.1171,-0.0073,3.006,good,0.006,2.98,0,0,0,0,12.20,2,0.0,,,
513,0.8280,-0.1156,0.1546,2.984,insect,1.000,5.27,1,1,1,0,12.24,3,3.1,51,525,525
514,0.8280,-0.1145,-0.1709,2.997,insect,1.000,3.15,1,1,1,0,11.58,3,3.1,10|9,541,541
515,0.8280,-0.1135,0.0077,3.028,good,0.064,4.70,0,0,0,0,10.52,3,0.0,,,
523,0.8280,-0.1192,0.1314,2.998,good,0.000,1.89,0,0,0,0,13.11,2,0.0,,,
529,0.8280,-0.1113,-0.1374,3.000,good,0.009,3.04,0,0,0,0,10.44,1,0.0,,,
519,0.8320,-0.1136,0.1999,2.998,good,0.001,3.08,0,0,0,0,11.25,3,0.0,,,
520,0.8320,-0.1131,-0.0686,3.001,good,0.005,7.64,0,0,0,0,11.01,3,0.0,,,
521,0.8320,-0.1154,0.2245,2.769,good,0.010,3.29,0,0,0,0,17.77,3,0.0,,,
522,0.8320,-0.1108,-0.1969,2.980,good,0.000,3.77,0,0,0,0,10.74,3,0.0,,,
528,0.8320,-0.1178,-0.1877,3.005,good,0.006,2.78,0,0,0,0,12.50,2,0.0,,,
524,0.8360,-0.1133,-0.1914,2.997,good,0.012,2.81,0,0,0,0,11.16,3,0.0,,,
525,0.8360,-0.1116,0.2428,3.280,good,0.000,3.37,0,0,0,0,4.51,3,0.0,,,
526,0.8360,-0.1121,0.0390,3.043,faded,0.835,3.83,1,1,1,0,9.69,3,3.2,36|37,539,539
527,0.8360,-0.1126,0.1974,3.010,good,0.000,1.83,0,0,0,0,10.64,3,0.0,,,
530,0.8400,-0.1151,-0.0079,3.129,good,0.000,2.43,0,0,0,0,8.73,3,0.0,,,
534,0.8400,-0.1168,0.0680,2.992,good,0.267,2.95,0,0,0,0,12.44,2,0.0,,,
531,0.8440,-0.1125,0.1173,3.187,good,0.296,2.48,0,0,0,0,6.68,3,0.0,,,
532,0.8440,-0.1140,0.1505,2.919,good,0.009,2.51,0,0,0,0,13.33,3,0.0,,,
533,0.8440,-0.1134,0.0830,2.700,good,0.009,3.51,0,0,0,0,19.02,3,0.0,,,
538,0.8440,-0.1188,-0.1961,2.989,good,0.014,3.30,0,0,0,0,13.21,2,0.0,,,
539,0.8440,-0.1188,0.1409,3.000,good,0.000,2.24,0,0,0,0,12.94,2,0.0,,,
540,0.8440,-0.1179,-0.1809,2.958,good,0.001,2.41,0,0,0,0,13.67,2,0.0,,,
541,0.8440,-0.1167,0.2131,2.958,good,0.050,2.62,0,0,0,0,13.25,2,0.0,,,
535,0.8480,-0.1136,-0.2268,3.004,good,0.001,3.41,0,0,0,0,11.13,3,0.0,,,
536,0.8480,-0.1054,0.0799,3.450,good,0.155,6.12,0,0,0,0,-0.47,3,0.0,,,
537,0.8480,-0.1090,-0.1237,2.936,good,0.001,2.16,0,0,0,0,11.17,3,0.0,,,
544,0.8480,-0.1158,0.1324,2.950,good,0.001,5.67,0,0,0,0,13.16,2,0.0,,,
542,0.8520,-0.1135,0.0672,3.000,good,0.013,2.44,0,0,0,0,11.18,3,0.0,,,
543,0.8520,-0.1119,-0.0904,2.986,good,0.002,2.45,0,0,0,0,10.97,3,0.0,,,
546,0.8520,-0.1169,-0.1917,2.999,good,0.000,1.94,0,0,0,0,12.32,2,0.0,,,
545,0.8560,-0.1146,0.1800,3.010,good,0.010,6.89,0,0,0,0,11.30,3,0.0,,,
549,0.8560,-0.1189,-0.2276,3.208,good,0.004,4.72,0,0,0,0,8.24,2,0.0,,,
547,0.8600,-0.1141,-0.0115,3.023,good,0.030,2.33,0,0,0,0,10.83,3,0.0,,,
548,0.8600,-0.1113,-0.0997,3.001,good,0.002,2.15,0,0,0,0,10.43,3,0.0,,,
550,0.8640,-0.1148,0.1640,3.060,good,0.013,3.63,0,0,0,0,10.18,3,0.0,,,
551,0.8640,-0.1091,0.0595,2.981,faded,0.879,3.49,1,1,1,0,10.14,3,3.2,39,577,577
552,0.8640,-0.1081,0.2370,3.002,black,1.000,50.13,1,1,1,0,9.34,3,3.2,62,566,566
556,0.8640,-0.1189,-0.0206,2.998,good,0.000,2.46,0,0,0,0,13.01,2,0.0,,,
557,0.8640,-0.1163,0.1180,3.000,good,0.023,2.43,0,0,0,0,12.11,2,0.0,,,
553,0.8680,-0.1101,-0.0767,2.997,faded,1.000,5.70,1,1,1,0,10.12,3,3.2,22|21,558,558
554,0.8680,-0.1092,0.0112,2.971,good,0.003,2.61,0,0,0,0,10.41,3,0.0,,,
555,0.8680,-0.1093,-0.0506,2.996,sour,1.000,11.63,1,1,1,0,9.86,3,3.2,25,556,556
562,0.8680,-0.1173,0.1757,3.011,good,0.031,2.55,0,0,0,0,12.16,2,0.0,,,
558,0.8720,-0.1152,-0.1859,3.010,good,0.344,1.80,0,0,0,0,11.48,3,0.0,,,
559,0.8720,-0.1141,-0.0626,2.758,good,0.000,5.07,0,0,0,0,17.64,3,0.0,,,
560,0.8720,-0.1090,-0.0548,3.061,faded,1.000,5.78,1,1,1,0,8.28,3,3.2,24|25,573,
561,0.8720,-0.1110,0.0342,2.489,good,0.000,3.02,0,0,0,0,24.77,3,0.0,,,
564,0.8720,-0.1153,-0.1705,2.986,good,0.064,2.99,0,0,0,0,12.12,2,0.0,,,
563,0.8760,-0.1121,0.1134,2.950,sour,1.000,11.19,1,1,1,0,11.91,3,3.2,46,592,
568,0.8760,-0.1165,-0.1370,3.059,broken,0.980,2.62,1,1,1,0,10.77,2,2.4,14,575,
571,0.8760,-0.1010,0.0373,3.000,good,0.000,2.84,0,0,0,0,7.00,1,0.0,,,
565,0.8800,-0.1142,0.1857,3.058,good,0.000,5.84,0,0,0,0,10.06,3,0.0,,,
566,0.8800,-0.1124,-0.0778,2.553,good,0.055,8.17,0,0,0,0,23.18,3,0.0,,,
567,0.8800,-0.1085,-0.2199,2.876,good,0.055,2.69,0,0,0,0,12.49,3,0.0,,,
570,0.8800,-0.1191,0.0767,2.998,faded,0.908,3.15,1,1,1,0,13.09,2,3.2,41|42,582,
569,0.8840,-0.1128,-0.0100,2.999,good,0.001,2.84,0,0,0,0,10.97,3,0.0,,,
574,0.8840,-0.1188,-0.1643,2.991,good,0.007,2.86,0,0,0,0,13.16,2,0.0,,,
575,0.8840,-0.1179,-0.1086,3.041,faded,0.870,2.96,1,1,1,0,11.67,2,3.2,18|17,595,595
579,0.8840,-0.1022,-0.0815,3.000,good,0.049,8.16,0,0,0,0,7.39,1,0.0,,,
572,0.8880,-0.1135,-0.2390,2.916,good,0.032,8.18,0,0,0,0,13.21,3,0.0,,,
573,0.8880,-0.1099,0.0620,2.848,good,0.001,1.69,0,0,0,0,13.70,3,0.0,,,
578,0.8880,-0.1195,0.1142,2.946,faded,1.000,6.68,1,1,1,0,14.51,2,3.2,46,576,576
576,0.8920,-0.1131,0.0120,3.335,good,0.005,3.57,0,0,0,0,3.89,3,0.0,,,
577,0.8920,-0.1111,0.1575,3.000,good,0.002,1.89,0,0,0,0,10.38,3,0.0,,,
584,0.8920,-0.1179,0.0284,2.826,good,0.001,2.92,0,0,0,0,17.10,2,0.0,,,
585,0.8920,-0.1159,-0.1643,3.029,good,0.019,1.89,0,0,0,0,11.28,2,0.0,,,
580,0.8960,-0.1133,-0.0865,2.986,broken,0.976,3.27,1,1,1,0,11.43,3,2.4,20|21,585,585
581,0.8960,-0.1093,0.1811,3.004,good,0.001,2.77,0,0,0,0,9.68,3,0.0,,,
582,0.8960,-0.1110,0.1337,2.665,good,0.000,3.13,0,0,0,0,19.15,3,0.0,,,
583,0.8960,-0.1098,0.2155,2.991,good,0.000,4.93,0,0,0,0,10.14,3,0.0,,,
588,0.8960,-0.1188,-0.1271,3.019,good,0.010,4.09,0,0,0,0,12.49,2,0.0,,,
589,0.8960,-0.1184,-0.0126,3.001,sour,1.000,18.29,1,1,1,0,12.77,2,3.2,30,593,593
586,0.9000,-0.1137,-0.0186,2.994,good,0.014,4.98,0,0,0,0,11.38,3,0.0,,,
587,0.9000,-0.1081,-0.1906,3.002,good,0.090,3.89,0,0,0,0,9.33,3,0.0,,,
590,0.9040,-0.1095,0.1958,3.001,good,0.004,3.04,0,0,0,0,9.83,3,0.0,,,
591,0.9040,-0.1079,-0.1207,3.039,good,0.008,2.09,0,0,0,0,8.42,3,0.0,,,
596,0.9040,-0.1188,-0.1976,2.989,good,0.013,3.57,0,0,0,0,13.20,2,0.0,,,
592,0.9080,-0.1153,-0.1751,2.984,good,0.053,2.07,0,0,0,0,12.14,3,0.0,,,
593,0.9080,-0.1149,0.0936,3.009,good,0.015,2.47,0,0,0,0,11.41,3,0.0,,,
594,0.9080,-0.1066,-0.0818,3.450,good,0.010,3.03,0,0,0,0,-0.11,3,0.0,,,
595,0.9080,-0.1099,0.0077,3.004,good,0.017,2.40,0,0,0,0,9.88,3,0.0,,,
599,0.9080,-0.1199,-0.2291,3.252,good,0.024,2.28,0,0,0,0,7.63,2,0.0,,,
600,0.9080,-0.1198,0.0539,2.991,good,0.310,3.91,0,0,0,0,13.48,2,0.0,,,
597,0.9120,-0.1158,0.2254,2.998,good,0.014,4.48,0,0,0,0,11.97,3,0.0,,,
598,0.9120,-0.1134,0.1334,3.030,good,0.039,3.42,0,0,0,0,10.42,3,0.0,,,
601,0.9160,-0.1130,-0.1517,3.003,good,0.407,2.02,0,0,0,0,10.93,3,0.0,,,
606,0.9160,-0.1171,-0.0215,2.876,good,0.215,2.55,0,0,0,0,15.49,2,0.0,,,
602,0.9200,-0.1126,-0.1190,3.006,good,0.051,3.02,0,0,0,0,10.72,3,0.0,,,
603,0.9200,-0.1143,-0.2265,2.616,good,0.001,3.86,0,0,0,0,21.91,3,0.0,,,
604,0.9200,-0.1099,0.1711,3.003,good,0.001,1.89,0,0,0,0,9.91,3,0.0,,,
605,0.9200,-0.1104,0.2171,2.996,good,0.061,4.40,0,0,0,0,10.23,3,0.0,,,
607,0.9240,-0.1154,0.0491,2.994,good,0.043,2.84,0,0,0,0,11.96,3,0.0,,,
608,0.9240,-0.1141,-0.1431,2.758,good,0.000,3.05,0,0,0,0,17.64,3,0.0,,,
609,0.9240,-0.1123,0.0637,2.989,good,0.011,2.06,0,0,0,0,11.04,3,0.0,,,
610,0.9240,-0.1178,0.0341,2.299,good,0.027,2.70,0,0,0,0,34.73,3,0.0,,,
611,0.9240,-0.1225,-0.0596,2.684,good,0.010,3.59,0,0,0,0,18.89,2,0.0,,,
613,0.9240,-0.1151,-0.0737,2.996,faded,0.998,4.18,1,1,1,0,11.77,2,3.2,22,629,629
618,0.9240,-0.1118,-0.0638,3.000,good,0.000,3.54,0,0,0,0,10.59,1,0.0,,,
612,0.9280,-0.1104,-0.0570,2.999,good,0.110,2.04,0,0,0,0,10.17,3,0.0,,,
614,0.9320,-0.1125,-0.0194,3.001,good,0.001,3.12,0,0,0,0,10.83,3,0.0,,,
615,0.9320,-0.1131,-0.1464,3.006,good,0.000,3.54,0,0,0,0,10.89,3,0.0,,,
616,0.9320,-0.1114,0.0326,3.002,good,0.001,3.08,0,0,0,0,10.44,3,0.0,,,
617,0.9320,-0.1110,0.0462,2.993,good,0.001,2.43,0,0,0,0,10.48,3,0.0,,,
619,0.9360,-0.1149,0.1417,2.994,good,0.021,3.08,0,0,0,0,11.77,3,0.0,,,
620,0.9360,-0.1102,0.1330,3.002,good,0.001,2.92,0,0,0,0,10.04,3,0.0,,,
621,0.9360,-0.1089,-0.1273,3.023,faded,0.997,4.51,1,1,1,0,9.11,3,3.2,15,621,621
622,0.9360,-0.1082,0.1205,3.041,good,0.003,3.11,0,0,0,0,8.45,3,0.0,,,
623,0.9360,-0.1087,0.1738,2.914,faded,1.000,4.76,1,1,1,0,11.62,3,3.2,54,646,646
625,0.9360,-0.1196,0.0774,2.993,good,0.014,2.96,0,0,0,0,13.38,2,0.0,,,
626,0.9360,-0.1199,-0.1168,2.988,sour,1.000,13.38,1,1,1,0,13.58,2,3.2,17|16,626,626
627,0.9360,-0.1192,0.2301,2.957,good,0.065,3.99,0,0,0,0,14.14,2,0.0,,,
628,0.9360,-0.1186,0.1773,2.927,good,0.035,4.16,0,0,0,0,14.69,2,0.0,,,
624,0.9400,-0.1104,-0.0614,3.038,good,0.003,2.77,0,0,0,0,9.26,3,0.0,,,
631,0.9400,-0.1190,0.0601,3.014,good,0.004,1.96,0,0,0,0,12.64,2,0.0,,,
632,0.9400,-0.1197,-0.0059,2.998,good,0.004,3.41,0,0,0,0,13.30,2,0.0,,,
629,0.9440,-0.1137,-0.0480,3.003,faded,1.000,4.34,1,1,1,0,11.16,3,3.2,25|26,654,654
630,0.9440,-0.1121,0.0729,2.973,good,0.001,2.07,0,0,0,0,11.35,3,0.0,,,
635,0.9440,-0.1177,-0.1698,3.000,good,0.001,3.94,0,0,0,0,12.56,2,0.0,,,
633,0.9480,-0.1259,-0.1551,2.855,good,0.006,3.54,0,0,0,0,15.12,2,0.0,,,
634,0.9480,-0.1101,0.0143,2.980,good,0.000,2.27,0,0,0,0,10.51,3,0.0,,,
638,0.9480,-0.1198,0.0569,3.013,faded,1.000,6.34,1,1,1,0,12.96,2,3.2,39,649,649
639,0.9480,-0.1198,0.2127,2.998,good,0.029,1.78,0,0,0,0,13.31,2,0.0,,,
641,0.9480,-0.1145,-0.1591,3.000,good,0.004,3.46,0,0,0,0,11.51,1,0.0,,,
636,0.9520,-0.1143,0.1634,2.993,good,0.000,2.67,0,0,0,0,11.60,3,0.0,,,
637,0.9520,-0.1125,-0.1781,2.864,faded,0.752,3.28,1,1,1,0,14.19,3,3.2,9,632,632
640,0.9560,-0.1088,-0.1872,3.069,good,0.012,3.14,0,0,0,0,8.04,3,0.0,,,
644,0.9560,-0.1143,0.1518,3.176,good,0.004,2.46,0,0,0,0,7.47,2,0.0,,,
642,0.9600,-0.1147,0.0357,3.004,good,0.000,3.41,0,0,0,0,11.48,3,0.0,,,
643,0.9600,-0.1085,0.0439,2.885,good,0.001,4.03,0,0,0,0,12.28,3,0.0,,,
647,0.9600,-0.1193,0.0903,3.006,good,0.000,4.55,0,0,0,0,12.94,2,0.0,,,
648,0.9600,-0.1180,-0.1035,3.150,good,0.208,2.84,0,0,0,0,9.21,2,0.0,,,
645,0.9640,-0.1145,0.0195,2.999,good,0.006,3.13,0,0,0,0,11.52,3,0.0,,,
646,0.9640,-0.1143,0.1197,3.010,good,0.001,3.11,0,0,0,0,11.22,3,0.0,,,
649,0.9680,-0.1124,0.1480,3.005,good,0.008,1.79,0,0,0,0,10.69,3,0.0,,,
650,0.9680,-0.1110,0.0908,3.095,good,0.009,4.22,0,0,0,0,8.18,3,0.0,,,
651,0.9680,-0.1110,-0.1224,3.018,good,0.001,3.18,0,0,0,0,9.90,3,0.0,,,
652,0.9680,-0.1084,-0.1089,2.951,faded,0.796,5.63,1,1,1,0,10.62,3,3.2,18|17,652,652
658,0.9680,-0.1194,-0.1708,3.010,good,0.002,2.59,0,0,0,0,12.89,2,0.0,,,
659,0.9680,-0.1154,0.1670,3.078,good,0.001,3.33,0,0,0,0,10.00,2,0.0,,,
653,0.9720,-0.1145,0.0909,3.009,good,0.000,2.68,0,0,0,0,11.30,3,0.0,,,
654,0.9720,-0.1126,0.2066,3.068,good,0.360,21.84,1,1,1,0,9.29,3,9.0,58|57|59,661|675,661
655,0.9720,-0.1123,0.0381,3.001,good,0.018,3.06,0,0,0,0,10.73,3,0.0,,,
656,0.9720,-0.1081,-0.2188,2.998,good,0.035,3.58,0,0,0,0,9.41,3,0.0,,,
657,0.9720,-0.1083,0.0215,3.013,good,0.000,2.67,0,0,0,0,9.14,3,0.0,,,
661,0.9720,-0.1183,-0.2221,3.005,good,0.021,2.66,0,0,0,0,12.65,2,0.0,,,
662,0.9720,-0.1162,0.0174,2.999,good,0.008,2.15,0,0,0,0,12.10,2,0.0,,,
660,0.9760,-0.1095,0.0465,3.001,good,0.000,2.51,0,0,0,0,9.82,3,0.0,,,
664,0.9760,-0.1191,0.1016,3.001,sour,1.000,21.73,1,1,1,0,13.00,2,3.2,45|44,672,672
665,0.9760,-0.1176,0.0396,2.998,faded,1.000,5.01,1,1,1,0,12.59,2,3.2,37|36,658,658
666,0.9760,-0.1163,0.0828,3.216,black,1.000,47.67,1,1,1,0,7.25,2,3.2,42,684,
663,0.9800,-0.1118,0.0152,3.007,good,0.000,2.29,0,0,0,0,10.43,3,0.0,,,
669,0.9800,-0.1195,0.0605,2.997,stick,1.000,75.17,1,1,1,0,13.23,2,2.4,39,653,653
672,0.9800,-0.1192,-0.0673,3.000,good,0.364,2.19,0,0,0,0,13.08,2,0.0,,,
676,0.9800,-0.1172,-0.2257,3.000,good,0.017,3.96,0,0,0,0,12.40,1,0.0,,,
667,0.9840,-0.1159,-0.1157,3.053,good,0.000,4.76,0,0,0,0,10.70,3,0.0,,,
668,0.9840,-0.1159,-0.2338,2.999,good,0.052,2.66,0,0,0,0,12.00,3,0.0,,,
670,0.9840,-0.1354,-0.2223,3.000,good,0.005,6.42,0,0,0,0,10.48,1,0.0,,,
671,0.9840,-0.1128,0.1188,2.999,good,0.481,2.64,0,0,0,0,10.96,3,0.0,,,
675,0.9840,-0.1141,-0.2192,2.924,good,0.011,2.11,0,0,0,0,13.22,2,0.0,,,
673,0.9880,-0.1140,0.0336,3.001,good,0.250,2.40,0,0,0,0,11.32,3,0.0,,,
674,0.9880,-0.1146,-0.0545,2.719,good,0.000,5.29,0,0,0,0,18.94,3,0.0,,,
681,0.9880,-0.1195,0.2186,3.001,faded,0.998,4.67,1,1,1,0,13.14,2,3.2,59|60,685,
677,0.9920,-0.1082,-0.0560,3.450,good,0.003,8.16,0,0,0,0,0.36,3,0.0,,,
678,0.9920,-0.1102,-0.1503,3.008,good,0.042,2.54,0,0,0,0,9.90,3,0.0,,,
679,0.9920,-0.1086,-0.0848,3.023,good,0.009,2.20,0,0,0,0,9.01,3,0.0,,,
680,0.9920,-0.1095,-0.2094,2.999,good,0.001,3.93,0,0,0,0,9.86,3,0.0,,,
682,0.9920,-0.1179,-0.1194,2.992,stick,1.000,81.89,1,1,1,0,12.84,2,2.4,16,687,687
683,0.9960,-0.1098,0.2285,3.021,good,0.067,4.74,0,0,0,0,9.43,3,0.0,,,
685,0.9960,-0.1184,-0.1825,2.998,good,0.024,2.58,0,0,0,0,12.86,2,0.0,,,
686,0.9960,-0.1169,-0.1357,3.000,good,0.000,4.45,0,0,0,0,12.30,2,0.0,,,
687,0.9960,-0.1169,0.1596,2.973,good,0.001,3.35,0,0,0,0,12.97,2,0.0,,,
688,0.9960,-0.1154,0.0974,3.001,good,0.000,2.07,0,0,0,0,11.79,2,0.0,,,
684,1.0000,-0.1121,0.1859,3.000,good,0.002,3.61,0,0,0,0,10.68,3,0.0,,,
690,1.0000,-0.1193,0.1675,2.934,good,0.004,2.05,0,0,0,0,14.76,2,0.0,,,
689,1.0040,-0.1090,-0.2240,2.998,good,0.042,3.92,0,0,0,0,9.71,3,0.0,,,
694,1.0040,-0.1188,-0.2115,2.992,good,0.001,2.25,0,0,0,0,13.13,2,0.0,,,
695,1.0040,-0.1194,0.0568,3.005,good,0.000,3.50,0,0,0,0,13.01,2,0.0,,,
691,1.0080,-0.1127,-0.1517,3.001,good,0.061,2.44,0,0,0,0,10.90,3,0.0,,,
692,1.0080,-0.1110,-0.1143,3.031,good,0.061,2.40,0,0,0,0,9.62,3,0.0,,,
693,1.0080,-0.1083,-0.0539,2.976,good,0.001,2.93,0,0,0,0,10.01,3,0.0,,,
699,1.0080,-0.1178,0.0016,2.998,good,0.202,3.51,0,0,0,0,12.65,2,0.0,,,
696,1.0120,-0.1147,-0.0499,3.029,good,0.001,2.16,0,0,0,0,10.87,3,0.0,,,
697,1.0120,-0.1081,0.2247,3.212,good,0.170,2.37,0,0,0,0,4.79,3,0.0,,,
698,1.0120,-0.1084,-0.0404,2.968,good,0.006,3.76,0,0,0,0,10.24,3,0.0,,,
707,1.0120,-0.1130,-0.1401,3.000,good,0.009,1.80,0,0,0,0,10.99,1,0.0,,,
700,1.0160,-0.1112,-0.1718,3.003,good,0.203,3.02,0,0,0,0,10.33,3,0.0,,,
701,1.0160,-0.1103,-0.0195,3.001,good,0.001,2.70,0,0,0,0,10.09,3,0.0,,,
702,1.0160,-0.1106,-0.2217,2.915,good,0.026,3.39,0,0,0,0,12.27,3,0.0,,,
703,1.0160,-0.1088,-0.1406,2.685,good,0.087,6.41,0,0,0,0,17.76,3,0.0,,,
704,1.0160,-0.1083,0.0930,3.001,good,0.000,3.05,0,0,0,0,9.41,3,0.0,,,
706,1.0160,-0.1168,0.0647,3.387,broken,0.997,11.79,1,1,1,0,3.99,2,2.4,40,740,
705,1.0200,-0.1090,0.0744,2.998,good,0.000,3.52,0,0,0,0,9.69,3,0.0,,,
710,1.0200,-0.1191,-0.1211,3.153,good,0.000,2.54,0,0,0,0,9.49,2,0.0,,,
711,1.0200,-0.1194,0.2442,3.022,good,0.024,5.48,0,0,0,0,12.59,2,0.0,,,
712,1.0200,-0.1175,0.0578,2.930,good,0.002,3.12,0,0,0,0,14.24,2,0.0,,,
708,1.0240,-0.1151,0.0961,2.997,good,0.001,4.09,0,0,0,0,11.77,3,0.0,,,
709,1.0240,-0.1087,-0.2284,2.999,faded,0.841,3.07,1,1,1,0,9.59,3,3.2,2,733,
713,1.0280,-0.1161,-0.1302,3.000,good,0.003,4.47,0,0,0,0,12.06,3,0.0,,,
714,1.0280,-0.1142,-0.0320,3.138,good,0.304,3.06,0,0,0,0,8.24,3,0.0,,,
715,1.0280,-0.1154,0.2265,2.994,good,0.196,4.60,0,0,0,0,11.95,3,0.0,,,
719,1.0280,-0.1185,0.1600,2.998,sour,1.000,15.38,1,1,1,0,12.88,2,3.2,52,717,717
720,1.0280,-0.1189,-0.2194,2.748,good,0.028,3.08,0,0,0,0,19.65,2,0.0,,,
716,1.0320,-0.1139,0.1364,2.996,good,0.001,2.94,0,0,0,0,11.41,3,0.0,,,
717,1.0320,-0.1090,-0.0163,3.006,faded,0.921,3.47,1,1,1,0,9.53,3,3.2,29|30,730,730
718,1.0320,-0.1090,0.0560,2.928,good,0.153,3.12,0,0,0,0,11.38,3,0.0,,,
723,1.0320,-0.1200,-0.0721,3.000,good,0.005,2.43,0,0,0,0,13.31,2,0.0,,,
724,1.0320,-0.1183,0.0141,3.119,good,0.000,3.53,0,0,0,0,9.99,2,0.0,,,
725,1.0320,-0.1173,0.1600,3.068,good,0.001,4.38,0,0,0,0,10.84,2,0.0,,,
729,1.0320,-0.1079,-0.2226,3.000,good,0.019,2.86,0,0,0,0,9.29,1,0.0,,,
722,1.0360,-0.1145,0.0496,3.003,good,0.000,3.42,0,0,0,0,11.42,3,0.0,,,
728,1.0360,-0.1172,0.0608,2.987,good,0.003,2.39,0,0,0,0,12.72,2,0.0,,,
721,1.0400,-0.1123,-0.0556,2.200,sour,0.999,25.13,1,1,1,0,36.47,4,3.2,24|25,722|753,
726,1.0400,-0.1375,-0.0579,3.000,good,0.060,3.24,0,0,0,0,11.17,1,0.0,,,
727,1.0400,-0.1084,-0.1690,3.001,good,0.014,2.68,0,0,0,0,9.45,3,0.0,,,
730,1.0400,-0.1172,-0.1795,2.989,good,0.001,3.14,0,0,0,0,12.67,2,0.0,,,
734,1.0440,-0.1156,0.0667,3.325,good,0.001,2.22,0,0,0,0,4.84,2,0.0,,,
735,1.0440,-0.1131,-0.1023,3.385,good,0.003,2.50,0,0,0,0,2.96,2,0.0,,,
740,1.0440,-0.1032,-0.0496,3.000,sour,1.000,24.51,1,1,1,0,7.73,1,3.2,25,722,
731,1.0480,-0.1123,0.2002,2.992,sour,1.000,14.54,1,1,1,0,10.96,3,3.2,57,752,752
732,1.0480,-0.1124,-0.0328,3.000,good,0.000,2.04,0,0,0,0,10.78,3,0.0,,,
733,1.0480,-0.1111,-0.0755,2.595,good,0.011,2.09,0,0,0,0,21.35,3,0.0,,,
738,1.0480,-0.1171,0.0753,3.391,good,0.000,2.09,0,0,0,0,4.03,2,0.0,,,
739,1.0480,-0.1166,0.2205,2.914,good,0.009,3.16,0,0,0,0,14.34,2,0.0,,,
736,1.0520,-0.1160,0.1731,3.000,black,1.000,51.59,1,1,1,0,12.00,3,3.2,54|53,759,759
737,1.0520,-0.1102,-0.0316,3.001,good,0.000,2.99,0,0,0,0,10.06,3,0.0,,,
745,1.0520,-0.1198,-0.0674,3.001,good,0.004,3.36,0,0,0,0,13.24,2,0.0,,,
746,1.0520,-0.1194,0.0497,3.029,good,0.000,3.51,0,0,0,0,12.43,2,0.0,,,
741,1.0560,-0.1143,0.0032,3.002,good,0.001,4.03,0,0,0,0,11.39,3,0.0,,,
742,1.0560,-0.1132,-0.1778,2.997,faded,0.992,4.64,1,1,1,0,11.16,3,3.2,9,760,760
743,1.0560,-0.1127,-0.2099,2.936,good,0.387,3.19,0,0,0,0,12.45,3,0.0,,,
744,1.0560,-0.1089,0.2322,3.011,good,0.005,2.37,0,0,0,0,9.37,3,0.0,,,
749,1.0560,-0.1188,0.2232,2.998,shell,0.915,6.48,1,1,1,0,12.99,2,2.4,60,758,758
750,1.0560,-0.1188,-0.0091,2.886,good,0.013,2.23,0,0,0,0,15.81,2,0.0,,,
751,1.0560,-0.1182,0.2050,2.995,good,0.005,7.24,0,0,0,0,12.87,2,0.0,,,
747,1.0600,-0.1139,-0.1072,2.998,good,0.000,2.52,0,0,0,0,11.35,3,0.0,,,
748,1.0600,-0.1099,-0.0234,2.989,insect,1.000,9.02,1,1,1,0,10.23,3,3.1,29|28,766,766
753,1.0600,-0.1180,-0.0008,2.999,good,0.000,3.66,0,0,0,0,12.67,2,0.0,,,
752,1.0640,-0.1137,0.1252,2.957,good,0.013,2.54,0,0,0,0,12.28,3,0.0,,,
756,1.0640,-0.1184,0.1521,2.824,faded,0.946,4.91,1,1,1,0,17.35,2,3.2,51,743|755,
757,1.0640,-0.1179,0.1038,2.802,good,0.002,2.58,0,0,0,0,17.76,2,0.0,,,
754,1.0680,-0.1108,0.1924,2.922,insect,1.000,7.84,1,1,1,0,12.15,3,3.1,56,772,772
755,1.0680,-0.1089,0.0650,2.999,good,0.007,1.97,0,0,0,0,9.65,3,0.0,,,
759,1.0680,-0.1195,-0.2416,2.687,husk,1.000,10.58,1,1,1,0,21.69,2,2.4,1|0,776,
760,1.0680,-0.1177,-0.1924,3.000,faded,0.994,4.76,1,1,1,0,12.55,2,3.2,7,778,778
761,1.0680,-0.1147,-0.0624,3.174,good,0.002,1.76,0,0,0,0,7.65,2,0.0,,,
758,1.0720,-0.1143,0.1814,2.993,good,0.093,3.83,0,0,0,0,11.59,3,0.0,,,
763,1.0720,-0.1196,-0.0772,3.201,good,0.001,2.69,0,0,0,0,8.61,2,0.0,,,
762,1.0760,-0.1088,0.0909,2.940,good,0.000,3.13,0,0,0,0,11.01,3,0.0,,,
772,1.0760,-0.1068,-0.0735,3.000,good,0.002,2.68,0,0,0,0,8.92,1,0.0,,,
764,1.0800,-0.1132,-0.0326,2.999,sour,1.000,15.01,1,1,1,0,11.09,3,3.2,27|28,773,773
765,1.0800,-0.1099,-0.0501,3.000,good,0.096,6.19,0,0,0,0,9.98,3,0.0,,,
766,1.0800,-0.1090,-0.1729,3.008,good,0.005,2.72,0,0,0,0,9.47,3,0.0,,,
769,1.0800,-0.1184,0.0651,2.994,good,0.070,2.36,0,0,0,0,12.96,2,0.0,,,
770,1.0800,-0.1160,-0.1676,3.035,good,0.027,5.24,0,0,0,0,11.16,2,0.0,,,
771,1.0800,-0.1163,0.1130,3.093,good,0.001,2.37,0,0,0,0,9.91,2,0.0,,,
767,1.0840,-0.1128,0.0339,3.201,good,0.001,3.07,0,0,0,0,6.47,3,0.0,,,
768,1.0840,-0.1105,-0.0612,2.875,good,0.025,6.51,0,0,0,0,13.20,3,0.0,,,
779,1.0840,-0.1110,-0.0701,3.000,good,0.003,2.33,0,0,0,0,10.33,1,0.0,,,
773,1.0880,-0.1126,0.0408,2.886,good,0.000,4.08,0,0,0,0,13.66,3,0.0,,,
778,1.0880,-0.1164,-0.1520,3.000,good,0.006,4.72,0,0,0,0,12.12,2,0.0,,,
774,1.0920,-0.1277,0.1424,3.002,good,0.002,2.88,0,0,0,0,11.84,2,0.0,,,
775,1.0920,-0.1230,0.1320,3.045,faded,0.788,3.33,1,1,1,0,9.23,2,3.2,48|49,,
776,1.0920,-0.1099,0.0042,3.002,faded,0.963,3.41,1,1,1,0,9.93,3,3.2,32,781,781
777,1.0920,-0.1087,-0.0834,3.000,good,0.492,3.98,0,0,0,0,9.58,3,0.0,,,
785,1.0920,-0.1189,-0.0092,3.012,good,0.005,4.69,0,0,0,0,12.68,2,0.0,,,
787,1.0920,-0.1135,0.1389,3.000,good,0.009,10.15,0,0,0,0,11.16,1,0.0,,,
780,1.0960,-0.1139,-0.2257,3.106,good,0.013,7.27,0,0,0,0,8.89,3,0.0,,,
781,1.0960,-0.1137,0.1925,3.000,faded,0.885,3.11,1,1,1,0,11.24,3,3.2,56,782,782
782,1.0960,-0.1131,-0.0238,3.001,good,0.140,2.38,0,0,0,0,11.02,3,0.0,,,
783,1.0960,-0.1083,0.0526,3.002,faded,0.636,4.82,1,1,1,0,9.37,3,3.2,38,795,795
784,1.0960,-0.1082,-0.0843,3.004,good,0.042,8.83,0,0,0,0,9.30,3,0.0,,,
786,1.1000,-0.1143,-0.1261,3.000,good,0.000,3.12,0,0,0,0,11.43,3,0.0,,,
788,1.1040,-0.1120,-0.1957,3.003,good,0.001,2.37,0,0,0,0,10.60,3,0.0,,,
789,1.1040,-0.1098,0.1070,2.760,good,0.012,3.52,0,0,0,0,16.02,3,0.0,,,
790,1.1080,-0.1255,0.1337,2.999,good,0.243,3.29,0,0,0,0,11.19,2,0.0,,,
791,1.1080,-0.1100,0.1794,3.000,good,0.004,2.89,0,0,0,0,10.00,3,0.0,,,
792,1.1080,-0.1090,-0.1145,3.006,good,0.001,1.77,0,0,0,0,9.54,3,0.0,,,
797,1.1080,-0.1188,-0.0668,3.014,good,0.001,3.45,0,0,0,0,12.59,2,0.0,,,
798,1.1080,-0.1179,0.0106,3.110,good,0.000,2.68,0,0,0,0,10.07,2,0.0,,,
799,1.1080,-0.1171,0.0795,2.993,good,0.000,3.26,0,0,0,0,12.54,2,0.0,,,
807,1.1080,-0.1136,0.1376,3.000,good,0.005,3.49,0,0,0,0,11.20,1,0.0,,,
793,1.1120,-0.1144,0.1779,3.005,sour,1.000,18.50,1,1,1,0,11.35,3,3.2,54,820,820
794,1.1120,-0.1127,-0.0525,2.982,good,0.003,3.95,0,0,0,0,11.32,3,0.0,,,
795,1.1120,-0.1091,-0.1347,3.128,good,0.375,4.11,0,0,0,0,6.87,3,0.0,,,
796,1.1120,-0.1090,0.2169,3.069,faded,0.977,4.20,1,1,1,0,8.09,3,3.2,59,810,
803,1.1120,-0.1191,0.1439,3.450,good,0.003,3.20,0,0,0,0,3.51,2,0.0,,,
804,1.1120,-0.1168,0.0538,3.450,shell,0.999,7.16,1,1,1,0,2.83,2,2.4,38|39,826,826
805,1.1120,-0.1172,-0.0207,2.998,good,0.033,2.39,0,0,0,0,12.45,2,0.0,,,
806,1.1120,-0.1169,0.1266,2.921,good,0.000,2.33,0,0,0,0,14.25,2,0.0,,,
800,1.1160,-0.1142,-0.0556,2.999,good,0.002,2.48,0,0,0,0,11.43,3,0.0,,,
801,1.1160,-0.1127,-0.1153,2.984,good,0.464,5.14,0,0,0,0,11.28,3,0.0,,,
802,1.1160,-0.1099,-0.2211,3.003,good,0.001,3.21,0,0,0,0,9.90,3,0.0,,,
809,1.1160,-0.1193,0.0893,2.998,good,0.002,1.69,0,0,0,0,13.15,2,0.0,,,
808,1.1200,-0.1118,0.0582,2.975,good,0.001,2.59,0,0,0,0,11.19,3,0.0,,,
810,1.1240,-0.1150,-0.1945,2.995,good,0.001,2.42,0,0,0,0,11.76,3,0.0,,,
811,1.1240,-0.1101,0.1573,2.996,good,0.000,2.72,0,0,0,0,10.15,3,0.0,,,
814,1.1240,-0.1199,0.1347,3.003,good,0.085,3.49,0,0,0,0,13.23,2,0.0,,,
815,1.1240,-0.1173,-0.0050,2.894,good,0.001,3.59,0,0,0,0,15.09,2,0.0,,,
812,1.1280,-0.1281,-0.1934,2.796,broken,0.959,6.94,1,1,1,0,17.61,2,2.4,7,,
813,1.1280,-0.1097,-0.2127,3.008,good,0.000,2.70,0,0,0,0,9.71,3,0.0,,,
819,1.1280,-0.1171,-0.1273,3.006,good,0.002,4.54,0,0,0,0,12.24,2,0.0,,,
824,1.1280,-0.1170,-0.1972,3.000,broken,0.942,4.83,1,1,1,0,12.32,1,2.4,6,824,
816,1.1320,-0.1135,-0.1487,2.990,good,0.027,6.07,0,0,0,0,11.41,3,0.0,,,
817,1.1320,-0.1141,-0.0557,3.011,faded,1.000,4.18,1,1,1,0,11.10,3,3.2,24|25,827,827
818,1.1320,-0.1117,0.0356,2.988,good,0.001,2.73,0,0,0,0,10.84,3,0.0,,,
822,1.1320,-0.1196,0.0648,2.994,good,0.000,3.02,0,0,0,0,13.36,2,0.0,,,
823,1.1320,-0.1163,0.0795,3.003,good,0.000,2.82,0,0,0,0,12.05,2,0.0,,,
820,1.1360,-0.1165,-0.0331,2.998,good,0.000,2.91,0,0,0,0,12.22,3,0.0,,,
821,1.1360,-0.1104,0.1315,3.450,good,0.011,1.90,0,0,0,0,1.00,3,0.0,,,
825,1.1400,-0.1147,0.1751,3.012,good,0.005,1.84,0,0,0,0,11.29,3,0.0,,,
826,1.1400,-0.1143,0.1162,2.840,good,0.005,2.04,0,0,0,0,15.44,3,0.0,,,
833,1.1400,-0.1187,-0.1679,2.786,broken,0.532,4.79,1,1,1,0,18.51,2,2.4,10,830|850,850
827,1.1440,-0.1159,0.1559,2.761,good,0.004,4.14,0,0,0,0,18.18,3,0.0,,,
828,1.1440,-0.1141,-0.2023,2.738,good,0.030,3.25,0,0,0,0,18.20,3,0.0,,,
829,1.1440,-0.1096,-0.1211,3.001,good,0.010,2.57,0,0,0,0,9.85,3,0.0,,,
830,1.1440,-0.1110,0.1249,3.009,good,0.078,3.38,0,0,0,0,10.14,3,0.0,,,
831,1.1440,-0.1092,-0.2275,3.000,good,0.000,2.67,0,0,0,0,9.75,3,0.0,,,
832,1.1440,-0.1080,-0.1348,3.041,good,0.016,2.15,0,0,0,0,8.42,3,0.0,,,
834,1.1440,-0.1190,0.0858,3.003,broken,1.000,2.46,1,1,1,0,12.93,2,2.4,42|43,852,852
836,1.1480,-0.1177,-0.0615,3.073,good,0.008,6.01,0,0,0,0,10.85,2,0.0,,,
835,1.1520,-0.1149,-0.0915,2.996,good,0.000,2.33,0,0,0,0,11.72,3,0.0,,,
841,1.1520,-0.1141,0.1970,2.963,good,0.014,7.36,0,0,0,0,12.25,2,0.0,,,
837,1.1560,-0.1140,0.2336,3.108,good,0.004,2.84,0,0,0,0,8.85,3,0.0,,,
838,1.1560,-0.1147,0.1056,3.001,good,0.002,3.48,0,0,0,0,11.54,3,0.0,,,
839,1.1560,-0.1116,-0.0233,3.065,good,0.000,3.24,0,0,0,0,9.03,3,0.0,,,
840,1.1560,-0.1110,-0.0819,3.006,good,0.000,3.41,0,0,0,0,10.18,3,0.0,,,
847,1.1560,-0.1197,-0.0575,3.126,good,0.293,26.98,1,1,1,0,10.30,2,9.0,24|25|23,876,876
842,1.1600,-0.1154,-0.2092,3.000,good,0.011,2.56,0,0,0,0,11.80,3,0.0,,,
843,1.1600,-0.1227,-0.0544,3.450,good,0.194,28.35,1,1,1,0,0.55,2,9.0,25|24|26,,
844,1.1600,-0.1248,-0.0576,2.894,good,0.022,24.45,1,1,1,0,13.67,2,9.0,24|25|23,,
845,1.1600,-0.1080,-0.1692,3.000,good,0.000,2.20,0,0,0,0,9.34,3,0.0,,,
846,1.1600,-0.1086,0.0329,2.864,good,0.066,7.88,0,0,0,0,12.82,3,0.0,,,
848,1.1640,-0.1142,-0.1192,2.886,good,0.454,2.92,0,0,0,0,14.20,3,0.0,,,
849,1.1640,-0.1132,0.2058,3.005,good,0.000,2.46,0,0,0,0,10.95,3,0.0,,,
850,1.1640,-0.1123,0.2265,3.002,good,0.328,5.41,0,0,0,0,10.72,3,0.0,,,
851,1.1640,-0.1122,-0.2292,2.600,good,0.028,4.90,0,0,0,0,21.61,3,0.0,,,
854,1.1640,-0.1165,0.0476,3.029,good,0.000,1.99,0,0,0,0,11.48,2,0.0,,,
855,1.1640,-0.1168,0.1380,2.996,sour,1.000,21.71,1,1,1,0,12.37,2,3.2,49,858,858
856,1.1640,-0.1157,-0.0302,3.026,black,1.000,50.12,1,1,1,0,11.27,2,3.2,28|27,866,866
852,1.1680,-0.1164,-0.1417,2.983,shell,1.000,8.58,1,1,1,0,12.54,3,2.4,13|14,882,
853,1.1680,-0.1140,0.1895,2.960,good,0.002,2.11,0,0,0,0,12.31,3,0.0,,,
860,1.1680,-0.1196,0.0006,2.999,good,0.003,2.35,0,0,0,0,13.24,2,0.0,,,
861,1.1680,-0.1124,-0.0494,2.991,stick,1.000,58.50,1,1,1,0,11.02,2,2.4,25,851,851
857,1.1720,-0.1113,-0.1961,2.985,good,0.127,2.22,0,0,0,0,10.77,3,0.0,,,
858,1.1720,-0.1092,-0.2279,2.993,good,0.004,3.64,0,0,0,0,9.89,3,0.0,,,
859,1.1720,-0.1125,-0.0663,2.745,insect,1.000,3.58,1,1,1,0,17.40,3,3.1,23,862,862
862,1.1760,-0.1090,-0.1156,2.996,good,0.006,2.66,0,0,0,0,9.75,3,0.0,,,
865,1.1760,-0.1199,-0.1827,2.999,good,0.000,3.92,0,0,0,0,13.33,2,0.0,,,
863,1.1800,-0.1130,-0.0387,2.996,good,0.001,2.44,0,0,0,0,11.10,3,0.0,,,
864,1.1800,-0.1115,0.0538,2.993,good,0.101,2.68,0,0,0,0,10.66,3,0.0,,,
866,1.1840,-0.1167,0.1893,2.986,broken,0.851,5.50,1,1,1,0,12.57,3,3.4,56,875,875
870,1.1840,-0.1168,-0.0203,2.997,good,0.002,2.70,0,0,0,0,12.33,2,0.0,,,
867,1.1880,-0.1144,-0.1497,3.001,good,0.008,2.94,0,0,0,0,11.46,3,0.0,,,
868,1.1880,-0.1112,0.1330,3.244,good,0.001,3.68,0,0,0,0,5.10,3,0.0,,,
869,1.1880,-0.1104,-0.0002,2.999,good,0.000,5.58,0,0,0,0,10.16,3,0.0,,,
874,1.1880,-0.1181,0.0265,2.760,good,0.003,2.28,0,0,0,0,19.01,2,0.0,,,
871,1.1920,-0.1145,0.1634,2.997,good,0.004,2.83,0,0,0,0,11.59,3,0.0,,,
872,1.1920,-0.1115,-0.0995,2.984,good,0.001,2.42,0,0,0,0,10.88,3,0.0,,,
873,1.1920,-0.1085,0.0109,3.000,good,0.004,3.13,0,0,0,0,9.50,3,0.0,,,
877,1.1920,-0.1194,0.1831,2.997,good,0.136,2.40,0,0,0,0,13.21,2,0.0,,,
878,1.1920,-0.1178,0.1210,3.003,faded,0.571,2.83,1,1,1,0,12.54,2,3.2,47,902,902
879,1.1920,-0.1153,0.2015,3.015,good,0.000,3.55,0,0,0,0,11.41,2,0.0,,,
880,1.1920,-0.1160,0.1081,3.080,black,1.000,51.54,1,1,1,0,10.11,2,3.2,45|46,885,885
875,1.1960,-0.1107,-0.1955,2.731,broken,0.544,4.00,1,1,1,0,17.13,3,2.4,6|7,886,
876,1.1960,-0.1097,-0.1132,3.001,good,0.067,2.76,0,0,0,0,9.87,3,0.0,,,
884,1.1960,-0.1184,-0.0607,2.998,good,0.000,3.58,0,0,0,0,12.85,2,0.0,,,
885,1.1960,-0.1054,-0.0838,3.450,good,0.018,13.15,0,0,0,0,-0.47,2,0.0,,,
887,1.1960,-0.1167,-0.0855,3.000,good,0.047,1.50,0,0,0,0,12.25,1,0.0,,,
881,1.2000,-0.1134,-0.0025,2.999,good,0.000,3.44,0,0,0,0,11.16,3,0.0,,,
882,1.2000,-0.1122,-0.1346,2.991,good,0.001,3.59,0,0,0,0,10.93,3,0.0,,,
883,1.2000,-0.1218,0.2390,2.728,good,0.019,5.12,0,0,0,0,17.31,2,0.0,,,
892,1.2000,-0.1109,0.2427,3.000,good,0.011,5.17,0,0,0,0,10.30,1,0.0,,,
886,1.2040,-0.1116,0.0204,2.995,good,0.007,2.99,0,0,0,0,10.65,3,0.0,,,
891,1.2040,-0.1196,0.1048,3.128,good,0.001,2.72,0,0,0,0,10.18,2,0.0,,,
888,1.2080,-0.1142,0.2151,2.998,good,0.017,4.61,0,0,0,0,11.43,3,0.0,,,
889,1.2080,-0.1132,-0.1389,3.000,good,0.020,3.02,0,0,0,0,11.05,3,0.0,,,
890,1.2080,-0.1107,-0.0354,3.003,good,0.001,3.24,0,0,0,0,10.17,3,0.0,,,
896,1.2080,-0.1173,0.2334,2.993,good,0.070,3.11,0,0,0,0,12.61,2,0.0,,,
897,1.2080,-0.1164,-0.2181,2.953,good,0.090,4.04,0,0,0,0,13.26,2,0.0,,,
893,1.2120,-0.1138,-0.0901,3.029,good,0.000,2.75,0,0,0,0,10.59,3,0.0,,,
894,1.2120,-0.1113,0.0393,3.260,good,0.014,2.84,0,0,0,0,4.81,3,0.0,,,
895,1.2120,-0.1096,0.0759,2.998,good,0.003,2.72,0,0,0,0,9.91,3,0.0,,,
902,1.2120,-0.1188,-0.1095,2.994,good,0.005,4.04,0,0,0,0,13.08,2,0.0,,,
903,1.2120,-0.1198,-0.1988,2.883,good,0.030,3.16,0,0,0,0,16.26,2,0.0,,,
898,1.2160,-0.1164,-0.1984,2.996,good,0.000,2.93,0,0,0,0,12.23,3,0.0,,,
899,1.2160,-0.1107,0.0452,3.439,good,0.006,2.85,0,0,0,0,1.25,3,0.0,,,
900,1.2160,-0.1105,0.0885,2.771,good,0.001,3.94,0,0,0,0,15.96,3,0.0,,,
901,1.2160,-0.1081,-0.1692,3.002,good,0.047,2.40,0,0,0,0,9.33,3,0.0,,,
907,1.2160,-0.1180,-0.0274,2.997,good,0.007,7.21,0,0,0,0,12.75,2,0.0,,,
908,1.2160,-0.1166,-0.2091,2.965,faded,0.997,3.71,1,1,1,0,13.06,2,3.2,5,935,935
904,1.2200,-0.1122,0.0724,3.002,black,1.000,45.43,1,1,1,0,10.69,3,3.2,41,914,
905,1.2200,-0.1112,0.0225,2.912,good,0.635,3.29,1,1,1,0,12.52,3,2.6,34|35,929,929
906,1.2200,-0.1082,-0.1386,2.956,good,0.010,7.86,0,0,0,0,10.41,3,0.0,,,
911,1.2200,-0.1195,-0.2187,2.699,good,0.007,8.20,0,0,0,0,21.31,2,0.0,,,
909,1.2240,-0.1130,0.2186,2.984,good,0.014,5.37,0,0,0,0,11.37,3,0.0,,,
910,1.2240,-0.1103,0.1573,3.259,good,0.001,2.31,0,0,0,0,4.52,3,0.0,,,
912,1.2280,-0.1149,-0.1114,2.988,good,0.004,1.84,0,0,0,0,11.92,3,0.0,,,
915,1.2280,-0.1174,-0.1576,2.909,sour,1.000,14.04,1,1,1,0,14.76,2,3.2,11|12,919,919
913,1.2320,-0.1104,0.0175,2.999,good,0.006,3.46,0,0,0,0,10.16,3,0.0,,,
914,1.2320,-0.1080,-0.0686,3.005,faded,0.769,5.01,1,1,1,0,9.20,3,3.2,23,945,945
916,1.2360,-0.1156,0.1540,2.986,good,0.000,2.07,0,0,0,0,12.21,3,0.0,,,
917,1.2360,-0.1136,-0.1699,3.010,good,0.001,2.82,0,0,0,0,10.96,3,0.0,,,
919,1.2360,-0.1181,0.1143,3.222,good,0.051,4.19,0,0,0,0,7.69,2,0.0,,,
920,1.2360,-0.1185,-0.1318,2.682,faded,0.900,6.57,1,1,1,0,21.48,2,3.2,15|14,927,
918,1.2400,-0.1098,0.1307,3.001,good,0.010,2.39,0,0,0,0,9.91,3,0.0,,,
923,1.2400,-0.1192,0.1475,3.012,good,0.001,3.84,0,0,0,0,12.78,2,0.0,,,
924,1.2400,-0.1183,0.0319,2.982,good,0.002,1.77,0,0,0,0,13.20,2,0.0,,,
921,1.2440,-0.1119,0.2291,2.999,good,0.001,3.69,0,0,0,0,10.67,3,0.0,,,
922,1.2440,-0.1096,-0.0082,3.002,good,0.003,4.34,0,0,0,0,9.83,3,0.0,,,
928,1.2440,-0.1197,-0.0712,3.006,good,0.001,3.27,0,0,0,0,13.08,2,0.0,,,
925,1.2480,-0.1137,-0.1125,2.985,good,0.194,2.08,0,0,0,0,11.59,3,0.0,,,
926,1.2480,-0.1105,0.1760,3.184,good,0.004,3.38,0,0,0,0,6.11,3,0.0,,,
927,1.2480,-0.1105,-0.2248,2.997,good,0.000,2.45,0,0,0,0,10.22,3,0.0,,,
934,1.2480,-0.1196,-0.1881,3.000,good,0.000,1.85,0,0,0,0,13.20,2,0.0,,,
935,1.2480,-0.1192,-0.0818,3.006,good,0.006,2.85,0,0,0,0,12.94,2,0.0,,,
936,1.2480,-0.1178,-0.0688,3.022,good,0.001,3.61,0,0,0,0,12.09,2,0.0,,,
929,1.2520,-0.1154,0.1982,2.994,good,0.315,3.29,0,0,0,0,11.93,3,0.0,,,
930,1.2520,-0.1123,-0.1988,3.010,good,0.005,1.79,0,0,0,0,10.53,3,0.0,,,
931,1.2520,-0.1125,-0.1743,2.861,good,0.007,2.68,0,0,0,0,14.28,3,0.0,,,
932,1.2520,-0.1109,-0.1344,3.000,sour,1.000,11.06,1,1,1,0,10.30,3,3.2,14|15,963,963
933,1.2520,-0.1086,-0.0345,3.295,good,0.002,2.17,0,0,0,0,3.31,3,0.0,,,
939,1.2520,-0.1195,0.0771,3.008,good,0.001,1.90,0,0,0,0,12.97,2,0.0,,,
940,1.2520,-0.1197,-0.0216,3.014,good,0.006,2.06,0,0,0,0,12.90,2,0.0,,,
941,1.2520,-0.1185,0.1880,2.857,good,0.033,4.17,0,0,0,0,16.48,2,0.0,,,
937,1.2560,-0.1132,-0.2333,2.994,good,0.009,3.50,0,0,0,0,11.22,3,0.0,,,
938,1.2560,-0.1092,-0.0052,3.003,good,0.001,2.51,0,0,0,0,9.67,3,0.0,,,
943,1.2560,-0.1128,0.1443,2.999,good,0.001,7.93,0,0,0,0,10.95,2,0.0,,,
944,1.2560,-0.1175,0.1105,2.995,good,0.050,1.99,0,0,0,0,12.62,2,0.0,,,
942,1.2600,-0.1087,0.0699,2.996,good,0.004,3.05,0,0,0,0,9.66,3,0.0,,,
945,1.2640,-0.1149,-0.1762,3.020,black,1.000,51.52,1,1,1,0,11.16,3,3.2,9,973,973
946,1.2640,-0.1146,-0.0106,3.002,good,0.014,8.11,0,0,0,0,11.48,3,0.0,,,
950,1.2640,-0.1186,-0.0821,3.003,good,0.001,2.09,0,0,0,0,12.81,2,0.0,,,
947,1.2680,-0.1142,-0.0555,3.002,good,0.003,2.10,0,0,0,0,11.35,3,0.0,,,
948,1.2680,-0.1139,-0.0319,2.960,good,0.102,2.90,0,0,0,0,12.28,3,0.0,,,
949,1.2680,-0.1106,0.0989,2.978,good,0.005,3.23,0,0,0,0,10.73,3,0.0,,,
951,1.2720,-0.1152,0.1237,2.998,good,0.000,2.79,0,0,0,0,11.78,3,0.0,,,
952,1.2720,-0.1123,0.2166,3.000,good,0.001,2.85,0,0,0,0,10.76,3,0.0,,,
953,1.2720,-0.1122,0.2436,2.934,broken,0.522,4.84,1,1,1,0,12.34,3,2.4,63|62,964,
954,1.2720,-0.1094,0.1779,2.999,good,0.003,1.88,0,0,0,0,9.81,3,0.0,,,
956,1.2720,-0.1192,-0.2302,3.002,insect,1.000,5.02,1,1,1,0,13.04,2,3.1,2,982,982
957,1.2720,-0.1180,0.0078,2.976,good,0.000,3.12,0,0,0,0,13.25,2,0.0,,,
958,1.2720,-0.1165,-0.1538,2.999,good,0.066,2.97,0,0,0,0,12.19,2,0.0,,,
955,1.2760,-0.1163,-0.1344,3.001,good,0.000,2.39,0,0,0,0,12.10,3,0.0,,,
962,1.2760,-0.1178,0.0507,3.013,good,0.003,3.13,0,0,0,0,12.27,2,0.0,,,
963,1.2760,-0.1131,-0.0029,3.005,good,0.002,7.00,0,0,0,0,10.93,2,0.0,,,
959,1.2800,-0.1138,0.0250,3.000,good,0.001,2.29,0,0,0,0,11.28,3,0.0,,,
960,1.2800,-0.1126,0.0559,2.982,good,0.006,2.09,0,0,0,0,11.31,3,0.0,,,
961,1.2800,-0.1131,0.2170,2.987,good,0.023,2.59,0,0,0,0,11.36,3,0.0,,,
965,1.2800,-0.1191,-0.1986,2.924,good,0.014,2.17,0,0,0,0,14.91,2,0.0,,,
966,1.2800,-0.1199,0.2217,3.001,shell,1.000,9.03,1,1,1,0,13.28,2,2.4,60,974,974
964,1.2840,-0.1096,-0.2166,2.993,good,0.000,3.07,0,0,0,0,10.03,3,0.0,,,
971,1.2840,-0.1187,-0.0813,3.000,good,0.002,2.03,0,0,0,0,12.91,2,0.0,,,
967,1.2880,-0.1149,-0.1765,3.142,good,0.150,3.92,0,0,0,0,8.38,3,0.0,,,
968,1.2880,-0.1102,0.0720,2.983,good,0.000,2.94,0,0,0,0,10.48,3,0.0,,,
969,1.2880,-0.1099,-0.0081,2.999,good,0.012,3.06,0,0,0,0,9.99,3,0.0,,,
970,1.2880,-0.1096,0.1316,2.992,sour,1.000,18.32,1,1,1,0,10.04,3,3.2,48|49,1002,1002
974,1.2880,-0.1199,0.1043,3.001,good,0.000,2.45,0,0,0,0,13.27,2,0.0,,,
975,1.2880,-0.1175,-0.0257,3.005,good,0.164,2.61,0,0,0,0,12.38,2,0.0,,,
976,1.2880,-0.1163,-0.0637,2.986,good,0.002,3.01,0,0,0,0,12.43,2,0.0,,,
972,1.2920,-0.1133,-0.0692,3.013,good,0.002,2.05,0,0,0,0,10.80,3,0.0,,,
973,1.2920,-0.1133,-0.1843,3.040,good,0.001,2.72,0,0,0,0,10.15,3,0.0,,,
979,1.2920,-0.1174,-0.1320,2.975,good,0.009,2.37,0,0,0,0,13.07,2,0.0,,,
980,1.2920,-0.1155,-0.0354,3.013,good,0.010,2.11,0,0,0,0,11.51,2,0.0,,,
977,1.2960,-0.1385,0.0042,3.000,good,0.005,2.05,0,0,0,0,11.52,1,0.0,,,
978,1.2960,-0.1117,0.0071,2.583,good,0.001,5.48,0,0,0,0,21.95,3,0.0,,,
981,1.3000,-0.1153,0.0698,3.004,good,0.003,2.01,0,0,0,0,11.64,3,0.0,,,
982,1.3000,-0.1118,-0.0848,2.994,good,0.000,3.48,0,0,0,0,10.76,3,0.0,,,
986,1.3000,-0.1190,-0.2210,2.998,good,0.002,2.88,0,0,0,0,13.03,2,0.0,,,
983,1.3040,-0.1123,-0.0151,3.008,good,0.010,3.26,0,0,0,0,10.60,3,0.0,,,
984,1.3040,-0.1114,-0.2036,2.976,good,0.000,4.11,0,0,0,0,11.05,3,0.0,,,
985,1.3040,-0.1113,-0.1617,3.002,good,0.000,2.86,0,0,0,0,10.41,3,0.0,,,
988,1.3040,-0.1177,0.1275,2.998,black,1.000,60.66,1,1,1,0,12.59,2,3.2,48,1011,
989,1.3040,-0.1165,-0.0346,3.000,good,0.000,2.32,0,0,0,0,12.16,2,0.0,,,
987,1.3080,-0.1122,-0.1116,2.999,sour,1.000,11.68,1,1,1,0,10.74,3,3.2,17,1018,1018
990,1.3120,-0.1156,-0.0903,3.001,good,0.004,3.14,0,0,0,0,11.85,3,0.0,,,
991,1.3120,-0.1113,0.0557,2.987,good,0.000,2.64,0,0,0,0,10.76,3,0.0,,,
992,1.3120,-0.1085,-0.2236,2.992,black,1.000,50.72,1,1,1,0,9.68,3,3.2,3,1008,1008
998,1.3120,-0.1178,0.0051,3.014,good,0.001,3.03,0,0,0,0,12.25,2,0.0,,,
999,1.3120,-0.1183,0.0221,3.006,insect,1.000,5.20,1,1,1,0,12.63,2,3.1,34|35,1007,1007
993,1.3160,-0.1157,-0.0989,2.998,good,0.005,2.45,0,0,0,0,11.94,3,0.0,,,
994,1.3160,-0.1130,-0.0519,2.999,good,0.064,4.31,0,0,0,0,11.02,3,0.0,,,
995,1.3160,-0.1151,0.1487,2.889,sour,1.000,21.09,1,1,1,0,14.43,3,3.2,51|50,1024,
996,1.3160,-0.1115,0.2228,3.270,good,0.089,3.69,0,0,0,0,4.69,3,0.0,,,
997,1.3160,-0.1108,-0.0763,2.957,good,0.000,2.27,0,0,0,0,11.30,3,0.0,,,
1004,1.3160,-0.1159,-0.2068,3.004,good,0.017,2.25,0,0,0,0,11.86,2,0.0,,,
1000,1.3200,-0.1119,-0.1596,2.998,good,0.054,2.33,0,0,0,0,10.69,3,0.0,,,
1001,1.3200,-0.1362,-0.2223,3.000,good,0.006,1.66,0,0,0,0,10.74,1,0.0,,,
1002,1.3200,-0.1113,0.1872,3.012,good,0.473,2.65,0,0,0,0,10.14,3,0.0,,,
1003,1.3200,-0.1084,-0.2290,3.008,good,0.264,5.86,0,0,0,0,9.29,3,0.0,,,
1006,1.3200,-0.1181,-0.0683,3.069,good,0.001,2.28,0,0,0,0,11.05,2,0.0,,,
1005,1.3240,-0.1140,-0.0507,2.995,good,0.000,2.82,0,0,0,0,11.43,3,0.0,,,
1007,1.3240,-0.1089,0.0572,2.794,good,0.015,2.70,0,0,0,0,14.78,3,0.0,,,
1008,1.3280,-0.1127,0.1294,3.185,good,0.003,3.45,0,0,0,0,6.78,3,0.0,,,
1009,1.3280,-0.1149,-0.0056,2.996,good,0.001,4.01,0,0,0,0,11.74,3,0.0,,,
1010,1.3280,-0.1120,-0.1253,3.155,good,0.002,2.84,0,0,0,0,7.18,3,0.0,,,
1013,1.3280,-0.1151,0.2316,3.147,good,0.002,5.46,0,0,0,0,8.36,2,0.0,,,
1011,1.3320,-0.1266,0.2300,3.081,good,0.036,5.77,0,0,0,0,9.53,2,0.0,,,
1012,1.3320,-0.1114,-0.1827,2.995,good,0.031,2.37,0,0,0,0,10.59,3,0.0,,,
1014,1.3360,-0.1150,-0.1802,3.002,good,0.002,2.75,0,0,0,0,11.63,3,0.0,,,
1015,1.3360,-0.1128,-0.2123,3.008,good,0.044,2.81,0,0,0,0,10.76,3,0.0,,,
1016,1.3360,-0.1143,0.1214,2.404,good,0.001,2.16,0,0,0,0,29.18,3,0.0,,,
1018,1.3360,-0.1171,-0.1140,3.269,good,0.116,4.03,0,0,0,0,6.41,2,0.0,,,
1019,1.3360,-0.1173,-0.0664,2.809,good,0.028,1.81,0,0,0,0,17.35,2,0.0,,,
1017,1.3400,-0.1143,-0.1116,3.016,good,0.062,2.51,0,0,0,0,11.06,3,0.0,,,
1020,1.3440,-0.1163,-0.0669,2.871,shell,0.586,9.48,1,1,1,0,15.33,3,2.4,23,1029,1029
1024,1.3440,-0.1168,-0.0492,3.227,broken,0.946,3.59,1,1,1,0,7.19,2,2.4,25,1055,
1025,1.3440,-0.1168,-0.0089,3.009,good,0.269,3.52,0,0,0,0,12.04,2,0.0,,,
1021,1.3480,-0.1131,-0.0335,3.027,good,0.017,7.50,0,0,0,0,10.39,3,0.0,,,
1022,1.3480,-0.1135,0.1288,2.999,sour,1.000,15.98,1,1,1,0,11.17,3,3.2,48,1047,1047
1023,1.3480,-0.1098,0.0709,3.054,black,1.000,47.12,1,1,1,0,8.70,3,3.2,41|40,1038,
1029,1.3480,-0.1188,0.1898,2.997,good,0.523,21.91,1,1,1,0,13.03,2,3.2,56,1040|1046,1040|1046
1026,1.3520,-0.1163,-0.0949,3.026,good,0.001,3.69,0,0,0,0,11.48,3,0.0,,,
1027,1.3520,-0.1152,-0.2022,2.963,broken,0.981,3.89,1,1,1,0,12.61,3,2.4,6|5,1050,1050
1028,1.3520,-0.1154,0.0714,3.009,good,0.000,3.89,0,0,0,0,11.58,3,0.0,,,
1031,1.3520,-0.1188,-0.2307,3.165,black,1.000,50.65,1,1,1,0,9.13,2,3.2,2,1061,
1032,1.3520,-0.1176,0.0602,3.009,good,0.000,2.74,0,0,0,0,12.33,2,0.0,,,
1030,1.3560,-0.1154,0.0858,2.946,good,0.004,3.04,0,0,0,0,13.12,3,0.0,,,
1038,1.3560,-0.1183,-0.2207,3.002,good,0.021,2.76,0,0,0,0,12.74,2,0.0,,,
1033,1.3600,-0.1156,0.0763,2.947,black,1.000,50.52,1,1,1,0,13.17,3,3.2,41,1031,1031
1034,1.3600,-0.1143,0.1141,2.982,black,1.000,48.12,1,1,1,0,11.85,3,3.2,46,1070,1070
1035,1.3600,-0.1130,0.1656,2.998,good,0.000,3.66,0,0,0,0,11.05,3,0.0,,,
1036,1.3600,-0.1112,0.0318,3.003,good,0.012,4.15,0,0,0,0,10.34,3,0.0,,,
1037,1.3600,-0.1093,-0.1608,3.000,good,0.001,2.74,0,0,0,0,9.78,3,0.0,,,
1041,1.3600,-0.1167,-0.1567,3.001,good,0.395,3.23,0,0,0,0,12.20,2,0.0,,,
1039,1.3640,-0.1119,-0.2128,2.999,good,0.001,2.68,0,0,0,0,10.65,3,0.0,,,
1040,1.3640,-0.1081,-0.0856,3.004,good,0.007,3.13,0,0,0,0,9.26,3,0.0,,,
1046,1.3640,-0.1185,0.1676,3.004,good,0.253,2.69,0,0,0,0,12.74,2,0.0,,,
1047,1.3640,-0.1161,-0.1274,3.010,good,0.005,5.74,0,0,0,0,11.80,2,0.0,,,
1042,1.3680,-0.1095,0.2016,3.023,good,0.003,2.55,0,0,0,0,9.30,3,0.0,,,
1043,1.3680,-0.1109,-0.1755,3.037,good,0.000,3.60,0,0,0,0,9.44,3,0.0,,,
1044,1.3680,-0.1097,-0.0798,3.000,good,0.008,2.88,0,0,0,0,9.89,3,0.0,,,
1045,1.3680,-0.1210,-0.0599,3.004,good,0.012,2.57,0,0,0,0,9.56,2,0.0,,,
1054,1.3680,-0.1090,-0.0631,3.000,good,0.014,2.36,0,0,0,0,9.67,1,0.0,,,
1048,1.3720,-0.1156,0.2123,2.999,good,0.489,3.08,0,0,0,0,11.91,3,0.0,,,
1049,1.3720,-0.1080,-0.0950,3.023,good,0.013,3.26,0,0,0,0,8.79,3,0.0,,,
1053,1.3720,-0.1162,0.1273,2.996,good,0.001,2.16,0,0,0,0,12.14,2,0.0,,,
1050,1.3760,-0.1130,0.1790,2.986,sour,1.000,11.94,1,1,1,0,11.32,3,3.2,54|55,1077,1077
1051,1.3760,-0.1121,-0.0807,3.007,good,0.002,1.95,0,0,0,0,10.53,3,0.0,,,
1052,1.3760,-0.1108,-0.1425,3.006,broken,0.726,3.06,1,1,1,0,10.13,3,2.4,13,1086,1086
1058,1.3760,-0.1194,0.1932,2.996,good,0.001,2.81,0,0,0,0,13.24,2,0.0,,,
1059,1.3760,-0.1183,0.0822,2.774,insect,1.000,4.67,1,1,1,0,18.68,2,3.1,42,1085,
1055,1.3800,-0.1142,-0.0415,3.275,sour,1.000,14.72,1,1,1,0,5.41,3,3.2,26,1097,1097
1056,1.3800,-0.1121,-0.1472,2.941,good,0.002,1.83,0,0,0,0,12.10,3,0.0,,,
1057,1.3800,-0.1115,0.0952,3.011,good,0.000,2.12,0,0,0,0,10.24,3,0.0,,,
1062,1.3800,-0.1192,-0.1553,2.989,good,0.052,1.48,0,0,0,0,13.33,2,0.0,,,
1070,1.3800,-0.1072,0.0792,3.000,insect,1.000,4.82,1,1,1,0,9.06,1,3.1,42|41,1085,
1060,1.3840,-0.1140,0.1516,2.995,insect,0.928,6.78,1,1,1,0,11.44,3,3.1,51,1066,
1061,1.3840,-0.1140,0.0573,2.799,good,0.001,2.10,0,0,0,0,16.43,3,0.0,,,
1063,1.3840,-0.1080,0.0791,2.997,good,0.001,2.87,0,0,0,0,9.42,3,0.0,,,
1064,1.3880,-0.1158,-0.0204,2.829,good,0.016,5.55,0,0,0,0,16.30,3,0.0,,,
1065,1.3880,-0.1132,0.1085,2.999,good,0.000,2.24,0,0,0,0,11.09,3,0.0,,,
1066,1.3880,-0.1103,-0.1254,3.008,black,1.000,46.31,1,1,1,0,9.92,3,3.2,15|16,1112,1112
1067,1.3880,-0.1095,-0.1350,3.005,good,0.003,3.78,0,0,0,0,9.73,3,0.0,,,
1068,1.3880,-0.1090,-0.1019,3.023,good,0.001,2.19,0,0,0,0,9.12,3,0.0,,,
1069,1.3880,-0.1082,0.0259,2.968,good,0.000,3.33,0,0,0,0,10.14,3,0.0,,,
1073,1.3880,-0.1196,-0.1077,2.986,good,0.000,3.65,0,0,0,0,13.54,2,0.0,,,
1071,1.3920,-0.1134,0.1402,2.993,good,0.002,9.32,0,0,0,0,11.29,3,0.0,,,
1072,1.3920,-0.1117,-0.0102,3.007,good,0.000,2.76,0,0,0,0,10.40,3,0.0,,,
1076,1.3920,-0.1196,-0.2184,3.003,good,0.011,2.30,0,0,0,0,13.13,2,0.0,,,
1077,1.3920,-0.1189,-0.0036,3.003,good,0.004,2.75,0,0,0,0,12.91,2,0.0,,,
1078,1.3920,-0.1163,-0.0745,3.041,insect,1.000,5.41,1,1,1,0,11.12,2,3.1,22,1106,
1074,1.3960,-0.1160,0.1190,2.815,good,0.000,7.85,0,0,0,0,16.76,3,0.0,,,
1075,1.3960,-0.1155,-0.0912,2.966,faded,0.688,3.54,1,1,1,0,12.65,3,3.2,20,1102,
1079,1.4000,-0.1087,-0.1798,3.001,good,0.020,2.72,0,0,0,0,9.54,3,0.0,,,
1081,1.4000,-0.1191,0.0076,2.999,good,0.025,3.81,0,0,0,0,13.07,2,0.0,,,
1082,1.4000,-0.1193,0.2195,3.004,good,0.009,2.31,0,0,0,0,13.01,2,0.0,,,
1083,1.4000,-0.1181,0.1580,3.022,good,0.003,4.07,0,0,0,0,12.18,2,0.0,,,
1080,1.4040,-0.1154,-0.2015,3.031,good,0.000,3.10,0,0,0,0,11.05,3,0.0,,,
1084,1.4040,-0.1195,-0.0727,2.992,good,0.127,4.06,0,0,0,0,13.34,2,0.0,,,
1085,1.4040,-0.1164,-0.1626,3.008,good,0.000,3.70,0,0,0,0,11.94,2,0.0,,,
1089,1.4080,-0.1182,0.1185,3.001,good,0.000,2.81,0,0,0,0,12.72,2,0.0,,,
1086,1.4120,-0.1148,-0.1523,3.001,good,0.001,3.52,0,0,0,0,11.59,3,0.0,,,
1087,1.4120,-0.1126,0.1470,2.881,good,0.024,2.06,0,0,0,0,13.78,3,0.0,,,
1088,1.4120,-0.1084,0.1885,3.003,good,0.012,3.33,0,0,0,0,9.42,3,0.0,,,
1092,1.4120,-0.1184,-0.1884,2.992,good,0.052,3.15,0,0,0,0,12.99,2,0.0,,,
1093,1.4120,-0.1180,-0.1683,2.923,good,0.000,1.80,0,0,0,0,14.57,2,0.0,,,
1094,1.4120,-0.1173,-0.1422,2.995,good,0.025,3.89,0,0,0,0,12.56,2,0.0,,,
1090,1.4160,-0.1135,-0.0766,2.971,good,0.241,2.56,0,0,0,0,11.85,3,0.0,,,
1091,1.4160,-0.1142,0.1598,2.639,insect,1.000,7.60,1,1,1,0,21.16,3,3.1,52,1105,
1095,1.4200,-0.1281,0.2281,2.156,good,0.010,4.62,0,0,0,0,41.84,2,0.0,,,
1096,1.4200,-0.1096,-0.0494,2.970,good,0.003,3.47,0,0,0,0,10.58,3,0.0,,,
1097,1.4200,-0.1079,-0.1978,3.168,good,0.009,2.40,0,0,0,0,5.62,3,0.0,,,
1107,1.4200,-0.1195,0.2241,3.000,good,0.004,4.52,0,0,0,0,13.16,1,0.0,,,
1098,1.4240,-0.1152,-0.1248,3.002,good,0.006,2.00,0,0,0,0,11.67,3,0.0,,,
1099,1.4240,-0.1125,-0.1047,3.336,good,0.001,7.19,0,0,0,0,3.71,3,0.0,,,
1100,1.4240,-0.1146,0.0969,3.041,good,0.001,3.03,0,0,0,0,10.58,3,0.0,,,
1101,1.4240,-0.1137,-0.0643,2.921,good,0.005,2.66,0,0,0,0,13.16,3,0.0,,,
1102,1.4240,-0.1124,0.1375,2.999,good,0.061,3.48,0,0,0,0,10.81,3,0.0,,,
1103,1.4240,-0.1112,0.1988,2.990,good,0.169,3.24,0,0,0,0,10.63,3,0.0,,,
1104,1.4240,-0.1104,-0.1643,2.992,faded,0.897,4.43,1,1,1,0,10.32,3,3.2,10|11,1138,1138
1105,1.4240,-0.1081,0.1264,3.002,good,0.048,3.62,0,0,0,0,9.31,3,0.0,,,
1106,1.4240,-0.1175,-0.1790,3.049,good,0.008,3.06,0,0,0,0,11.34,2,0.0,,,
1115,1.4280,-0.1023,0.2192,3.000,good,0.085,4.53,0,0,0,0,7.43,1,0.0,,,
1108,1.4320,-0.1139,-0.0555,2.994,good,0.009,2.30,0,0,0,0,11.47,3,0.0,,,
1109,1.4320,-0.1115,-0.2251,3.094,good,0.006,3.34,0,0,0,0,8.37,3,0.0,,,
1113,1.4320,-0.1199,-0.0064,2.964,good,0.121,2.53,0,0,0,0,14.17,2,0.0,,,
1114,1.4320,-0.1184,0.1530,3.006,faded,0.998,4.51,1,1,1,0,12.65,2,3.2,51,1136,1136
1110,1.4360,-0.1162,-0.0226,3.000,good,0.484,2.96,0,0,0,0,12.08,3,0.0,,,
1111,1.4360,-0.1145,-0.1623,2.999,broken,1.000,2.50,1,1,1,0,11.51,3,2.4,11,1142,1142
1112,1.4360,-0.1125,0.2255,3.001,good,0.005,2.49,0,0,0,0,10.79,3,0.0,,,
1118,1.4360,-0.1136,-0.1397,3.450,good,0.001,3.88,0,0,0,0,1.92,2,0.0,,,
1119,1.4360,-0.1153,0.1997,3.004,good,0.000,7.65,0,0,0,0,11.67,2,0.0,,,
1116,1.4400,-0.1093,0.1730,3.012,broken,0.984,2.66,1,1,1,0,9.47,3,2.4,54|53,1145,1145
1117,1.4400,-0.1107,-0.0132,3.018,good,0.000,3.84,0,0,0,0,9.83,3,0.0,,,
1123,1.4400,-0.1159,0.0122,2.989,good,0.060,2.43,0,0,0,0,12.23,2,0.0,,,
1120,1.4440,-0.1099,0.0657,2.984,good,0.030,7.80,0,0,0,0,10.34,3,0.0,,,
1121,1.4440,-0.1145,0.2142,2.999,good,0.004,2.74,0,0,0,0,11.51,3,0.0,,,
1122,1.4440,-0.1085,-0.0688,3.040,good,0.126,2.62,0,0,0,0,8.59,3,0.0,,,
1127,1.4440,-0.1186,-0.1376,3.000,good,0.096,2.55,0,0,0,0,12.85,2,0.0,,,
1124,1.4480,-0.1136,-0.0230,2.962,good,0.002,2.22,0,0,0,0,12.11,3,0.0,,,
1125,1.4480,-0.1114,0.2167,3.002,good,0.332,3.93,0,0,0,0,10.42,3,0.0,,,
1126,1.4480,-0.1108,0.1212,2.996,insect,1.000,9.52,1,1,1,0,10.35,3,3.1,47,1134,1134
1128,1.4480,-0.1178,0.0344,3.003,good,0.001,2.87,0,0,0,0,12.53,2,0.0,,,
1129,1.4480,-0.1169,0.1065,3.005,good,0.006,2.87,0,0,0,0,12.20,2,0.0,,,
1130,1.4480,-0.1147,-0.0546,3.217,good,0.005,2.43,0,0,0,0,6.75,2,0.0,,,
1132,1.4520,-0.1193,0.0505,3.450,good,0.008,2.65,0,0,0,0,3.56,2,0.0,,,
1133,1.4520,-0.1174,-0.0123,2.999,good,0.027,2.79,0,0,0,0,12.48,2,0.0,,,
1134,1.4520,-0.1170,0.1402,3.000,good,0.003,2.16,0,0,0,0,12.34,2,0.0,,,
1131,1.4560,-0.1129,-0.1545,2.990,good,0.001,2.76,0,0,0,0,11.19,3,0.0,,,
1135,1.4600,-0.1134,0.0716,3.139,good,0.000,3.94,0,0,0,0,7.98,3,0.0,,,
1136,1.4600,-0.1128,-0.0005,2.994,good,0.074,2.46,0,0,0,0,11.09,3,0.0,,,
1139,1.4600,-0.1189,0.1326,2.962,good,0.012,2.42,0,0,0,0,13.89,2,0.0,,,
1140,1.4600,-0.1177,0.0118,3.024,faded,0.692,2.83,1,1,1,0,12.00,2,3.2,33,1161,
1137,1.4640,-0.1158,0.0483,2.949,good,0.005,3.00,0,0,0,0,13.16,3,0.0,,,
1138,1.4640,-0.1132,-0.0098,2.997,faded,0.983,3.59,1,1,1,0,11.13,3,3.2,30,1158,1158
1141,1.4640,-0.1197,0.1449,2.977,good,0.001,5.46,0,0,0,0,13.81,2,0.0,,,
1142,1.4640,-0.1195,0.0924,2.996,good,0.000,3.82,0,0,0,0,13.28,2,0.0,,,
1143,1.4640,-0.1160,-0.2154,3.026,good,0.006,5.22,0,0,0,0,11.38,2,0.0,,,
1148,1.4680,-0.1200,0.0089,3.002,good,0.000,1.83,0,0,0,0,13.29,2,0.0,,,
1149,1.4680,-0.1199,-0.2195,2.844,good,0.033,3.30,0,0,0,0,17.32,2,0.0,,,
1150,1.4680,-0.1157,0.0022,2.981,good,0.002,2.66,0,0,0,0,12.38,2,0.0,,,
1144,1.4720,-0.1157,-0.0937,2.994,good,0.004,3.41,0,0,0,0,12.04,3,0.0,,,
1145,1.4720,-0.1127,0.2130,3.011,good,0.003,2.96,0,0,0,0,10.62,3,0.0,,,
1146,1.4720,-0.1118,0.1802,2.944,good,0.003,3.07,0,0,0,0,11.95,3,0.0,,,
1147,1.4720,-0.1086,-0.2381,3.169,good,0.004,3.06,0,0,0,0,5.83,3,0.0,,,
1155,1.4720,-0.1158,-0.1556,2.995,good,0.002,2.21,0,0,0,0,12.04,2,0.0,,,
1151,1.4760,-0.1134,0.0741,2.800,good,0.000,1.65,0,0,0,0,16.23,3,0.0,,,
1152,1.4760,-0.1095,-0.1327,3.015,good,0.009,3.00,0,0,0,0,9.50,3,0.0,,,
1153,1.4760,-0.1213,-0.2022,3.003,good,0.109,3.48,0,0,0,0,9.68,2,0.0,,,
1154,1.4760,-0.1205,-0.2116,2.971,good,0.031,2.88,0,0,0,0,10.21,2,0.0,,,
1159,1.4760,-0.1195,-0.1284,3.450,faded,0.684,2.94,1,1,1,0,3.63,2,3.2,15,1182,
1160,1.4760,-0.1167,-0.0010,2.990,faded,1.000,6.53,1,1,1,0,12.49,2,3.2,31|32,1173,1173
1164,1.4760,-0.1090,-0.2063,3.000,good,0.009,10.13,0,0,0,0,9.66,1,0.0,,,
1156,1.4800,-0.1117,-0.1980,2.996,good,0.025,6.35,0,0,0,0,10.66,3,0.0,,,
1157,1.4800,-0.1131,0.0036,2.992,good,0.194,2.34,0,0,0,0,11.22,3,0.0,,,
1158,1.4800,-0.1116,0.0295,2.992,good,0.000,6.68,0,0,0,0,10.71,3,0.0,,,
1163,1.4800,-0.1184,-0.0113,3.112,good,0.003,3.21,0,0,0,0,10.18,2,0.0,,,
1161,1.4840,-0.1137,-0.0241,3.036,good,0.001,2.02,0,0,0,0,10.38,3,0.0,,,
1162,1.4840,-0.1114,0.2206,2.989,good,0.000,3.27,0,0,0,0,10.71,3,0.0,,,
1165,1.4840,-0.1181,-0.1257,3.002,good,0.002,3.48,0,0,0,0,12.63,2,0.0,,,
1168,1.4880,-0.1165,-0.0423,2.999,good,0.134,4.12,0,0,0,0,12.19,2,0.0,,,
1166,1.4920,-0.1111,0.1535,3.113,good,0.000,2.74,0,0,0,0,7.81,3,0.0,,,
1167,1.4920,-0.1088,0.0616,3.114,good,0.003,2.64,0,0,0,0,7.07,3,0.0,,,
1171,1.4920,-0.1176,-0.0306,3.057,good,0.005,1.97,0,0,0,0,11.16,2,0.0,,,
1169,1.4960,-0.1138,-0.1507,3.210,good,0.022,3.24,0,0,0,0,6.62,3,0.0,,,
1170,1.4960,-0.1100,-0.0862,2.990,good,0.011,2.51,0,0,0,0,10.24,3,0.0,,,
1175,1.5000,-0.1161,-0.0690,3.020,faded,0.831,3.24,1,1,1,0,11.57,2,3.2,23|22,1198,1198
1180,1.5000,-0.1113,0.0983,3.000,good,0.004,2.75,0,0,0,0,10.42,1,0.0,,,
1172,1.5040,-0.1139,0.1324,3.206,insect,1.000,5.84,1,1,1,0,6.70,3,3.1,48|49,1206,
1173,1.5040,-0.1122,-0.1971,2.982,good,0.001,2.93,0,0,0,0,11.16,3,0.0,,,
1174,1.5040,-0.1090,0.0989,2.399,good,0.075,12.61,0,0,0,0,27.11,3,0.0,,,
1177,1.5040,-0.1141,-0.2262,3.450,good,0.001,5.67,0,0,0,0,2.05,2,0.0,,,
1179,1.5040,-0.1196,0.1108,2.985,good,0.080,3.39,0,0,0,0,13.56,2,0.0,,,
1176,1.5080,-0.1152,0.0933,3.005,good,0.001,2.63,0,0,0,0,11.62,3,0.0,,,
1178,1.5080,-0.1096,0.1412,2.824,good,0.011,2.40,0,0,0,0,14.22,3,0.0,,,
1183,1.5080,-0.1188,-0.1793,3.273,faded,0.988,3.84,1,1,1,0,6.85,2,3.2,9|8,1208,1208
1184,1.5080,-0.1082,-0.2296,3.058,good,0.000,2.09,0,0,0,0,8.10,2,0.0,,,
1181,1.5120,-0.1148,0.0034,2.996,good,0.001,4.08,0,0,0,0,11.68,3,0.0,,,
1182,1.5120,-0.1144,-0.0129,2.998,good,0.009,2.73,0,0,0,0,11.51,3,0.0,,,
1187,1.5120,-0.1186,0.1213,3.015,good,0.003,3.21,0,0,0,0,12.50,2,0.0,,,
1188,1.5120,-0.1171,-0.1139,2.959,good,0.030,3.79,0,0,0,0,13.37,2,0.0,,,
1185,1.5160,-0.1122,0.2211,3.025,good,0.001,3.07,0,0,0,0,10.16,3,0.0,,,
1186,1.5160,-0.1119,0.2059,2.812,good,0.144,2.63,0,0,0,0,15.35,3,0.0,,,
1190,1.5160,-0.1188,-0.2011,3.015,good,0.010,3.01,0,0,0,0,12.59,2,0.0,,,
1189,1.5200,-0.1153,0.1842,2.995,good,0.028,2.10,0,0,0,0,11.89,3,0.0,,,
1191,1.5200,-0.1193,-0.0303,2.980,good,0.002,6.31,0,0,0,0,13.58,2,0.0,,,
1192,1.5200,-0.1193,0.0784,3.010,good,0.001,1.93,0,0,0,0,12.84,2,0.0,,,
1193,1.5200,-0.1187,-0.1003,3.074,good,0.006,1.96,0,0,0,0,11.16,2,0.0,,,
1194,1.5200,-0.1189,0.0053,2.992,good,0.121,2.48,0,0,0,0,13.15,2,0.0,,,
1195,1.5200,-0.1179,0.1408,3.003,good,0.004,3.77,0,0,0,0,12.56,2,0.0,,,
1196,1.5200,-0.1173,-0.2325,3.000,good,0.006,4.41,0,0,0,0,12.44,2,0.0,,,
1201,1.5240,-0.1183,-0.1439,3.001,good,0.001,3.45,0,0,0,0,12.75,2,0.0,,,
1197,1.5280,-0.1394,-0.2096,3.000,good,0.026,4.96,0,0,0,0,11.80,1,0.0,,,
1198,1.5280,-0.1107,-0.2171,3.089,good,0.022,8.04,0,0,0,0,8.21,3,0.0,,,
1199,1.5280,-0.1118,-0.0199,2.970,good,0.008,2.75,0,0,0,0,11.32,3,0.0,,,
1200,1.5280,-0.1116,-0.2281,2.695,good,0.119,2.98,0,0,0,0,18.51,3,0.0,,,
1205,1.5280,-0.1155,0.1028,3.021,good,0.000,3.07,0,0,0,0,11.33,2,0.0,,,
1202,1.5320,-0.1156,0.0813,2.498,good,0.029,7.36,0,0,0,0,26.33,3,0.0,,,
1203,1.5320,-0.1100,0.2121,3.000,good,0.000,2.64,0,0,0,0,10.02,3,0.0,,,
1204,1.5320,-0.1099,-0.1521,2.931,good,0.020,3.16,0,0,0,0,11.60,3,0.0,,,
1210,1.5320,-0.1162,0.1564,2.997,good,0.007,2.15,0,0,0,0,12.16,2,0.0,,,
1206,1.5360,-0.1143,0.1804,2.988,faded,0.925,3.78,1,1,1,0,11.73,3,3.2,55|54,1227,1227
1207,1.5360,-0.1102,-0.0562,2.874,good,0.337,3.73,0,0,0,0,13.11,3,0.0,,,
1208,1.5360,-0.1080,-0.0075,2.997,faded,1.000,4.45,1,1,1,0,9.41,3,3.2,31|30,1223,1223
1209,1.5360,-0.1321,0.0834,3.000,good,0.000,3.26,0,0,0,0,9.37,1,0.0,,,
1214,1.5360,-0.1187,-0.0549,2.987,good,0.002,2.29,0,0,0,0,13.21,2,0.0,,,
1215,1.5360,-0.1172,-0.1162,2.992,broken,0.996,2.85,1,1,1,0,12.58,2,2.4,17|16,1240,1240
1211,1.5400,-0.1131,0.1534,2.995,good,0.004,1.89,0,0,0,0,11.16,3,0.0,,,
1212,1.5400,-0.1129,0.2423,2.995,good,0.002,2.35,0,0,0,0,11.09,3,0.0,,,
1213,1.5400,-0.1106,-0.2347,2.989,good,0.000,3.29,0,0,0,0,10.48,3,0.0,,,
1216,1.5440,-0.1147,0.0421,3.030,good,0.004,2.48,0,0,0,0,10.87,3,0.0,,,
1217,1.5440,-0.1125,0.2231,2.987,good,0.162,2.55,0,0,0,0,11.17,3,0.0,,,
1218,1.5440,-0.1108,0.0937,2.884,good,0.002,7.90,0,0,0,0,13.09,3,0.0,,,
1219,1.5440,-0.1141,0.1892,2.709,good,0.006,3.41,0,0,0,0,19.04,3,0.0,,,
1220,1.5440,-0.1100,-0.0473,2.953,good,0.022,2.25,0,0,0,0,11.12,3,0.0,,,
1223,1.5440,-0.1185,-0.1681,2.998,good,0.004,2.06,0,0,0,0,12.86,2,0.0,,,
1221,1.5480,-0.1094,0.0129,3.014,good,0.001,2.87,0,0,0,0,9.49,3,0.0,,,
1222,1.5480,-0.1088,-0.0374,3.001,good,0.017,1.99,0,0,0,0,9.59,3,0.0,,,
1224,1.5520,-0.1153,-0.2001,2.917,broken,0.899,4.51,1,1,1,0,13.80,3,2.4,6,1249,
1225,1.5520,-0.1108,-0.1329,3.058,good,0.020,2.55,0,0,0,0,8.94,3,0.0,,,
1226,1.5520,-0.1107,0.1266,3.019,good,0.041,1.73,0,0,0,0,9.79,3,0.0,,,
1227,1.5560,-0.1126,0.1935,2.967,good,0.056,3.09,0,0,0,0,11.67,3,0.0,,,
1228,1.5560,-0.1122,-0.1723,2.999,good,0.016,1.91,0,0,0,0,10.78,3,0.0,,,
1229,1.5560,-0.1101,-0.0750,3.041,good,0.293,1.75,0,0,0,0,9.09,3,0.0,,,
1230,1.5560,-0.1101,-0.1188,2.964,good,0.001,2.58,0,0,0,0,10.88,3,0.0,,,
1232,1.5560,-0.1188,0.0204,3.063,sour,0.997,15.06,1,1,1,0,11.43,2,3.2,34,1238|1245,1245
1233,1.5560,-0.1179,-0.1869,2.995,black,1.000,51.32,1,1,1,0,12.75,2,3.2,8|7,1258,1258
1231,1.5600,-0.1105,-0.0980,3.016,broken,0.999,3.11,1,1,1,0,9.80,3,2.4,19,1230,1230
1238,1.5600,-0.1196,-0.1058,3.004,good,0.012,5.66,0,0,0,0,13.12,2,0.0,,,
1239,1.5600,-0.1196,0.0998,3.034,good,0.001,2.23,0,0,0,0,12.37,2,0.0,,,
1240,1.5600,-0.1181,0.0696,2.914,good,0.012,3.90,0,0,0,0,14.86,2,0.0,,,
1234,1.5640,-0.1118,0.2284,3.314,good,0.028,3.42,0,0,0,0,3.92,3,0.0,,,
1235,1.5640,-0.1132,0.1814,3.005,good,0.031,2.78,0,0,0,0,10.95,3,0.0,,,
1236,1.5640,-0.1135,0.2387,3.005,faded,0.855,3.54,1,1,1,0,11.04,3,3.2,62,1276,1276
1237,1.5640,-0.1102,0.0897,3.012,good,0.000,3.09,0,0,0,0,9.77,3,0.0,,,
1241,1.5680,-0.1110,-0.1151,2.977,good,0.001,2.72,0,0,0,0,10.89,3,0.0,,,
1242,1.5680,-0.1118,0.1657,3.005,good,0.007,2.61,0,0,0,0,10.50,3,0.0,,,
1243,1.5680,-0.1084,0.0203,3.272,good,0.000,2.94,0,0,0,0,3.68,3,0.0,,,
1247,1.5680,-0.1176,-0.1077,2.899,good,0.001,3.38,0,0,0,0,15.07,2,0.0,,,
1244,1.5720,-0.1111,0.0874,2.975,good,0.000,2.20,0,0,0,0,10.98,3,0.0,,,
1245,1.5720,-0.1086,0.1818,3.005,good,0.008,1.81,0,0,0,0,9.43,3,0.0,,,
1246,1.5720,-0.1141,-0.0418,2.416,good,0.003,2.36,0,0,0,0,28.65,3,0.0,,,
1252,1.5720,-0.1163,0.1199,3.054,good,0.058,4.91,0,0,0,0,10.81,2,0.0,,,
1248,1.5760,-0.1146,0.0395,2.856,good,0.006,1.90,0,0,0,0,15.13,3,0.0,,,
1249,1.5760,-0.1376,0.0860,3.000,good,0.001,2.88,0,0,0,0,11.20,1,0.0,,,
1250,1.5760,-0.1087,-0.2284,3.002,good,0.378,3.47,0,0,0,0,9.50,3,0.0,,,
1251,1.5760,-0.1087,0.0899,2.719,good,0.001,6.08,0,0,0,0,16.77,3,0.0,,,
1254,1.5760,-0.1167,0.1645,3.272,good,0.000,5.16,0,0,0,0,6.24,2,0.0,,,
1257,1.5760,-0.1040,0.1241,3.000,good,0.016,6.87,0,0,0,0,8.01,1,0.0,,,
1253,1.5800,-0.1085,-0.0789,3.017,good,0.069,3.19,0,0,0,0,9.11,3,0.0,,,
1256,1.5800,-0.1164,-0.2213,2.992,good,0.000,4.18,0,0,0,0,12.32,2,0.0,,,
1255,1.5840,-0.1122,0.0299,2.992,good,0.001,2.00,0,0,0,0,10.92,3,0.0,,,
1260,1.5840,-0.1187,0.0494,3.450,good,0.127,3.20,0,0,0,0,3.40,2,0.0,,,
1261,1.5840,-0.1176,0.1361,2.964,good,0.002,2.11,0,0,0,0,13.40,2,0.0,,,
1262,1.5840,-0.1167,0.1087,2.964,good,0.010,3.80,0,0,0,0,13.11,2,0.0,,,
1263,1.5840,-0.1291,0.0979,3.000,good,0.005,4.92,0,0,0,0,12.37,1,0.0,,,
1266,1.5840,-0.1167,0.0937,3.000,good,0.002,5.76,0,0,0,0,12.25,1,0.0,,,
1258,1.5880,-0.1269,-0.1209,2.778,good,0.020,4.32,0,0,0,0,17.68,2,0.0,,,
1259,1.5880,-0.1103,0.1480,2.995,good,0.008,1.94,0,0,0,0,10.20,3,0.0,,,
1265,1.5880,-0.1147,-0.2252,3.015,good,0.000,4.59,0,0,0,0,11.20,2,0.0,,,
1268,1.5880,-0.1158,-0.1241,3.000,good,0.013,4.31,0,0,0,0,11.94,1,0.0,,,
1269,1.5880,-0.1038,0.0535,3.000,good,0.122,3.29,0,0,0,0,7.93,1,0.0,,,
1270,1.5880,-0.1043,0.0894,3.000,good,0.003,4.94,0,0,0,0,8.11,1,0.0,,,
1264,1.5920,-0.1130,-0.2215,3.035,good,0.093,4.40,0,0,0,0,10.19,3,0.0,,,
1267,1.5960,-0.1127,-0.1974,2.995,good,0.001,2.87,0,0,0,0,11.01,3,0.0,,,
1276,1.5960,-0.1189,-0.0942,3.046,good,0.002,2.48,0,0,0,0,11.87,2,0.0,,,
1277,1.5960,-0.1180,0.1126,2.997,good,0.000,4.12,0,0,0,0,12.72,2,0.0,,,
1278,1.5960,-0.1169,-0.1788,3.006,good,0.017,1.84,0,0,0,0,12.13,2,0.0,,,
1279,1.5960,-0.1172,0.0997,2.969,good,0.034,2.93,0,0,0,0,13.17,2,0.0,,,
1280,1.5960,-0.1157,0.0891,3.450,broken,1.000,5.98,1,1,1,0,2.51,2,2.4,43,1316,
1281,1.5960,-0.1098,-0.0542,3.450,faded,0.786,5.10,1,1,1,0,0.81,2,3.2,25|24,1383,
1271,1.6000,-0.1134,0.1911,3.030,good,0.004,4.08,0,0,0,0,10.43,3,0.0,,,
1272,1.6000,-0.1142,-0.1093,2.914,good,0.008,1.99,0,0,0,0,13.50,3,0.0,,,
1273,1.6000,-0.1132,0.0516,2.988,good,0.000,2.73,0,0,0,0,11.36,3,0.0,,,
1274,1.6000,-0.1107,-0.0601,3.017,good,0.025,5.82,0,0,0,0,9.81,3,0.0,,,
1275,1.6000,-0.1217,-0.2235,3.173,good,0.005,5.25,0,0,0,0,5.87,2,0.0,,,
1284,1.6000,-0.1187,-0.1537,2.998,good,0.001,3.55,0,0,0,0,12.92,2,0.0,,,
1290,1.6000,-0.1090,-0.2199,3.000,good,0.015,5.07,0,0,0,0,9.68,1,0.0,,,
1291,1.6000,-0.1016,0.0928,3.000,broken,1.000,6.99,1,1,1,0,7.22,1,2.4,43|44,1316,
1282,1.6040,-0.1129,-0.0906,3.001,good,0.017,2.30,0,0,0,0,10.93,3,0.0,,,
1283,1.6040,-0.1109,0.1390,2.988,broken,0.997,1.88,1,1,1,0,10.58,3,2.4,49,1297,
1289,1.6040,-0.1179,0.2319,2.961,good,0.001,3.23,0,0,0,0,13.59,2,0.0,,,
1285,1.6080,-0.1141,-0.1718,2.971,good,0.002,2.13,0,0,0,0,12.06,3,0.0,,,
1286,1.6080,-0.1136,-0.1437,2.946,sour,1.000,18.49,1,1,1,0,12.53,3,3.2,13,1275,
1287,1.6080,-0.1368,0.0640,3.000,good,0.000,3.95,0,0,0,0,10.92,1,0.0,,,
1288,1.6080,-0.1329,0.0715,3.000,good,0.003,3.12,0,0,0,0,9.63,1,0.0,,,
1296,1.6080,-0.1167,-0.1566,3.036,good,0.002,2.12,0,0,0,0,11.39,2,0.0,,,
1297,1.6080,-0.1109,0.0668,3.010,good,0.003,6.35,0,0,0,0,10.07,2,0.0,,,
1292,1.6120,-0.1151,-0.1604,3.034,good,0.000,3.10,0,0,0,0,10.88,3,0.0,,,
1293,1.6120,-0.1141,-0.0143,2.998,good,0.000,2.16,0,0,0,0,11.42,3,0.0,,,
1294,1.6120,-0.1122,0.0206,3.005,good,0.029,3.69,0,0,0,0,10.62,3,0.0,,,
1295,1.6120,-0.1139,-0.1036,2.540,good,0.022,3.47,0,0,0,0,24.19,3,0.0,,,
1298,1.6160,-0.1094,0.1761,3.005,good,0.007,2.98,0,0,0,0,9.66,3,0.0,,,
1299,1.6160,-0.1091,0.1520,2.995,good,0.000,2.07,0,0,0,0,9.81,3,0.0,,,
1300,1.6200,-0.1090,-0.1641,2.998,faded,0.750,3.22,1,1,1,0,9.73,3,3.2,10|11,1310,1310
1302,1.6200,-0.1198,0.0730,3.020,faded,0.979,4.50,1,1,1,0,12.77,2,3.2,41,1322,1322
1303,1.6200,-0.1153,0.1385,3.024,good,0.000,2.51,0,0,0,0,11.21,2,0.0,,,
1301,1.6240,-0.1143,0.0522,2.739,good,0.098,3.35,0,0,0,0,18.24,3,0.0,,,
1308,1.6240,-0.1177,0.0899,2.951,good,0.002,3.02,0,0,0,0,13.78,2,0.0,,,
1309,1.6240,-0.1151,-0.0283,3.143,good,0.001,3.06,0,0,0,0,8.43,2,0.0,,,
1304,1.6280,-0.1154,-0.2071,2.999,good,0.006,2.03,0,0,0,0,11.81,3,0.0,,,
1305,1.6280,-0.1267,0.1990,3.007,good,0.006,4.09,0,0,0,0,11.41,2,0.0,,,
1306,1.6280,-0.1137,-0.0706,2.954,good,0.003,2.46,0,0,0,0,12.36,3,0.0,,,
1307,1.6280,-0.1085,0.1337,3.287,good,0.001,4.36,0,0,0,0,3.42,3,0.0,,,
1312,1.6280,-0.1187,-0.0942,2.924,good,0.003,1.74,0,0,0,0,14.79,2,0.0,,,
1315,1.6280,-0.1147,0.2022,3.000,good,0.001,5.36,0,0,0,0,11.56,1,0.0,,,
1310,1.6320,-0.1097,0.1908,3.038,good,0.044,2.34,0,0,0,0,9.01,3,0.0,,,
1311,1.6320,-0.1105,0.0199,2.899,good,0.017,2.18,0,0,0,0,12.62,3,0.0,,,
1313,1.6320,-0.1191,-0.2108,3.002,good,0.012,3.66,0,0,0,0,12.99,2,0.0,,,
1314,1.6320,-0.1184,-0.1321,3.048,good,0.002,3.22,0,0,0,0,11.65,2,0.0,,,
1316,1.6400,-0.1146,0.0427,2.945,good,0.002,3.33,0,0,0,0,12.88,3,0.0,,,
1317,1.6400,-0.1102,0.1678,3.007,good,0.069,3.27,0,0,0,0,9.89,3,0.0,,,
1318,1.6400,-0.1092,-0.2069,3.214,good,0.011,2.22,0,0,0,0,5.09,3,0.0,,,
1319,1.6400,-0.1101,0.1131,2.996,good,0.005,2.25,0,0,0,0,10.13,3,0.0,,,
1320,1.6400,-0.1090,0.1893,2.984,broken,0.507,2.42,1,1,1,0,10.05,3,2.4,56,1326,1326
1321,1.6440,-0.1145,0.0182,3.007,broken,1.000,2.38,1,1,1,0,11.31,3,2.4,34,1352,1352
1322,1.6440,-0.1133,-0.1873,2.990,good,0.000,3.05,0,0,0,0,11.36,3,0.0,,,
1323,1.6440,-0.1107,0.0378,2.997,good,0.000,2.12,0,0,0,0,10.30,3,0.0,,,
1324,1.6480,-0.1148,-0.1546,2.904,good,0.036,2.65,0,0,0,0,13.97,3,0.0,,,
1325,1.6480,-0.1072,-0.0861,3.317,good,0.000,3.17,0,0,0,0,2.46,3,0.0,,,
1326,1.6480,-0.1102,-0.0614,2.973,good,0.004,3.21,0,0,0,0,10.70,3,0.0,,,
1328,1.6480,-0.1194,0.0761,3.020,good,0.023,3.11,0,0,0,0,12.65,2,0.0,,,
1329,1.6480,-0.1169,-0.0215,2.998,sour,1.000,17.54,1,1,1,0,12.34,2,3.2,29,1348,1348
1327,1.6520,-0.1158,0.1455,2.995,good,0.000,2.56,0,0,0,0,12.05,3,0.0,,,
1332,1.6520,-0.1192,-0.0762,2.923,good,0.008,2.83,0,0,0,0,15.00,2,0.0,,,
1333,1.6520,-0.1176,0.0759,2.994,good,0.006,2.03,0,0,0,0,12.66,2,0.0,,,
1334,1.6520,-0.1152,-0.0672,3.007,good,0.008,2.77,0,0,0,0,11.55,2,0.0,,,
1330,1.6560,-0.1124,-0.1867,3.021,good,0.018,5.35,0,0,0,0,10.29,3,0.0,,,
1331,1.6560,-0.1102,0.1714,3.130,good,0.016,3.56,0,0,0,0,7.15,3,0.0,,,
1338,1.6560,-0.1190,-0.0054,2.989,good,0.001,3.17,0,0,0,0,13.29,2,0.0,,,
1339,1.6560,-0.1184,0.1548,2.985,insect,1.000,5.23,1,1,1,0,13.17,2,3.1,51|52,1380,1380
1340,1.6560,-0.1163,-0.1653,3.009,sour,1.000,18.95,1,1,1,0,11.89,2,3.2,10|11,1367,1367
1335,1.6600,-0.1129,-0.2084,2.996,sour,1.000,19.05,1,1,1,0,11.05,3,3.2,5,1361,1361
1336,1.6600,-0.1115,-0.2210,2.999,good,0.000,2.19,0,0,0,0,10.53,3,0.0,,,
1337,1.6600,-0.1095,-0.1039,3.000,good,0.004,3.34,0,0,0,0,9.83,3,0.0,,,
1342,1.6600,-0.1165,0.0199,2.988,good,0.444,2.60,0,0,0,0,12.47,2,0.0,,,
1341,1.6640,-0.1108,0.0813,3.008,good,0.009,1.51,0,0,0,0,10.09,3,0.0,,,
1345,1.6640,-0.1173,0.1746,3.068,good,0.004,1.74,0,0,0,0,10.81,2,0.0,,,
1343,1.6680,-0.1119,-0.1581,3.232,good,0.495,4.33,0,0,0,0,5.57,3,0.0,,,
1344,1.6680,-0.1125,-0.1084,2.999,faded,0.573,3.97,1,1,1,0,10.86,3,3.2,18|17,1366,1366
1347,1.6680,-0.1200,-0.0748,3.135,good,0.067,4.35,0,0,0,0,10.17,2,0.0,,,
1349,1.6680,-0.1170,-0.1208,2.977,good,0.000,2.77,0,0,0,0,12.87,2,0.0,,,
1346,1.6720,-0.1105,-0.2062,2.999,good,0.280,2.85,0,0,0,0,10.21,3,0.0,,,
1348,1.6720,-0.1101,0.0769,3.002,good,0.194,2.05,0,0,0,0,10.00,3,0.0,,,
1352,1.6720,-0.1199,-0.2448,3.006,good,0.101,2.71,0,0,0,0,13.13,2,0.0,,,
1350,1.6760,-0.1158,-0.0167,2.992,good,0.000,3.15,0,0,0,0,12.13,3,0.0,,,
1351,1.6760,-0.1102,-0.1550,2.964,good,0.000,4.18,0,0,0,0,10.91,3,0.0,,,
1355,1.6760,-0.1195,-0.1689,2.804,good,0.004,4.08,0,0,0,0,18.29,2,0.0,,,
1356,1.6760,-0.1186,-0.0620,2.997,black,1.000,49.29,1,1,1,0,12.96,2,3.2,24|23,1362,1362
1353,1.6800,-0.1268,0.0076,2.890,good,0.151,2.68,0,0,0,0,14.47,2,0.0,,,
1354,1.6800,-0.1081,0.0213,3.036,good,0.001,2.09,0,0,0,0,8.54,3,0.0,,,
1365,1.6800,-0.1152,0.0112,3.000,good,0.298,2.60,0,0,0,0,11.75,1,0.0,,,
1357,1.6840,-0.1130,-0.1763,3.002,good,0.027,3.28,0,0,0,0,10.96,3,0.0,,,
1363,1.6840,-0.1192,-0.1212,3.011,good,0.000,2.35,0,0,0,0,12.80,2,0.0,,,
1364,1.6840,-0.1137,0.0577,3.450,good,0.008,2.72,0,0,0,0,1.93,2,0.0,,,
1358,1.6880,-0.1119,0.1452,2.997,faded,1.000,6.40,1,1,1,0,10.68,3,3.2,50,1376,1376
1359,1.6880,-0.1110,0.2157,2.999,good,0.380,7.43,0,0,0,0,10.36,3,0.0,,,
1360,1.6880,-0.1093,0.2066,3.062,good,0.004,1.39,0,0,0,0,8.34,3,0.0,,,
1361,1.6880,-0.1087,-0.2307,2.998,insect,1.000,5.20,1,1,1,0,9.61,3,3.1,2,1377,
1362,1.6880,-0.1091,0.1739,3.002,sour,1.000,23.92,1,1,1,0,9.66,3,3.2,54,1387,1387
1366,1.6920,-0.1112,0.0963,3.000,good,0.006,2.51,0,0,0,0,10.39,3,0.0,,,
1367,1.6920,-0.1098,-0.0626,3.027,good,0.001,2.56,0,0,0,0,9.31,3,0.0,,,
1368,1.6920,-0.1110,-0.0496,3.002,good,0.014,2.68,0,0,0,0,10.27,3,0.0,,,
1370,1.6920,-0.1174,-0.1908,3.008,good,0.001,4.31,0,0,0,0,12.26,2,0.0,,,
1369,1.6960,-0.1090,-0.2033,2.971,good,0.050,3.41,0,0,0,0,10.33,3,0.0,,,
1371,1.7000,-0.1150,-0.0322,3.006,good,0.000,3.14,0,0,0,0,11.53,3,0.0,,,
1372,1.7000,-0.1142,-0.0556,2.999,good,0.001,4.36,0,0,0,0,11.41,3,0.0,,,
1376,1.7000,-0.1191,0.1170,2.897,good,0.001,1.92,0,0,0,0,15.63,2,0.0,,,
1377,1.7000,-0.1185,0.2099,3.000,good,0.487,2.11,0,0,0,0,12.83,2,0.0,,,
1378,1.7000,-0.1187,0.0293,3.003,good,0.494,3.49,0,0,0,0,12.82,2,0.0,,,
1379,1.7000,-0.1174,0.2404,2.988,good,0.129,5.05,0,0,0,0,12.76,2,0.0,,,
1373,1.7040,-0.1133,-0.2385,2.997,good,0.014,2.79,0,0,0,0,11.18,3,0.0,,,
1374,1.7040,-0.1132,0.1772,3.010,good,0.005,1.83,0,0,0,0,10.84,3,0.0,,,
1375,1.7040,-0.1119,-0.1500,2.745,good,0.041,2.58,0,0,0,0,17.20,3,0.0,,,
1383,1.7040,-0.1191,-0.0332,2.987,good,0.066,2.46,0,0,0,0,13.35,2,0.0,,,
1384,1.7040,-0.1157,-0.1323,3.062,good,0.001,2.53,0,0,0,0,10.46,2,0.0,,,
1380,1.7080,-0.1126,-0.1665,2.997,good,0.023,2.59,0,0,0,0,10.91,3,0.0,,,
1381,1.7080,-0.1124,-0.1480,3.004,good,0.230,2.98,0,0,0,0,10.72,3,0.0,,,
1382,1.7080,-0.1114,-0.1173,2.997,good,0.004,2.88,0,0,0,0,10.56,3,0.0,,,
1387,1.7080,-0.1184,0.1924,3.007,good,0.019,2.19,0,0,0,0,12.65,2,0.0,,,
1385,1.7120,-0.1394,0.0441,3.000,good,0.008,2.65,0,0,0,0,11.80,1,0.0,,,
1386,1.7120,-0.1086,0.0398,2.709,good,0.085,11.00,0,0,0,0,17.00,3,0.0,,,
1390,1.7120,-0.1283,-0.1614,3.000,faded,0.971,3.39,1,1,1,0,12.09,1,3.2,11,1409,1409
1391,1.7120,-0.1148,0.1461,3.247,good,0.015,2.14,0,0,0,0,6.15,2,0.0,,,
1396,1.7120,-0.1142,-0.1646,3.000,faded,0.977,3.36,1,1,1,0,11.41,1,3.2,10|11,1440,
1388,1.7160,-0.1118,0.1058,2.993,good,0.033,3.89,0,0,0,0,10.77,3,0.0,,,
1389,1.7160,-0.1099,-0.1123,2.997,good,0.000,2.59,0,0,0,0,10.03,3,0.0,,,
1393,1.7160,-0.1186,0.0270,3.120,good,0.011,4.99,0,0,0,0,10.05,2,0.0,,,
1394,1.7160,-0.1164,-0.0221,2.988,good,0.009,3.05,0,0,0,0,12.41,2,0.0,,,
1395,1.7160,-0.1143,-0.1579,3.129,good,0.004,2.33,0,0,0,0,8.49,2,0.0,,,
1392,1.7200,-0.1151,0.1475,2.694,good,0.004,3.44,0,0,0,0,19.85,3,0.0,,,
1403,1.7200,-0.1295,0.1816,3.000,shell,0.999,6.90,1,1,1,0,12.50,1,2.4,55,,
1407,1.7200,-0.1111,0.1734,3.000,shell,0.999,7.00,1,1,1,0,10.38,1,2.4,54|53,1476,
1397,1.7240,-0.1157,-0.0264,3.002,good,0.001,1.99,0,0,0,0,11.85,3,0.0,,,
1398,1.7240,-0.1151,0.2065,3.006,good,0.015,1.95,0,0,0,0,11.58,3,0.0,,,
1399,1.7240,-0.1116,-0.0969,3.003,good,0.003,3.34,0,0,0,0,10.46,3,0.0,,,
1400,1.7240,-0.1117,0.1685,2.995,good,0.001,3.03,0,0,0,0,10.69,3,0.0,,,
1401,1.7240,-0.1092,0.1159,3.160,good,0.001,2.67,0,0,0,0,6.21,3,0.0,,,
1402,1.7240,-0.1094,-0.1125,3.008,broken,0.603,2.26,1,1,1,0,9.62,3,2.4,17,1406,1406
1404,1.7280,-0.1140,0.2087,2.987,black,1.000,50.94,1,1,1,0,11.66,3,3.2,58,1434,1434
1405,1.7280,-0.1128,0.0016,3.093,good,0.002,2.19,0,0,0,0,8.80,3,0.0,,,
1406,1.7280,-0.1091,0.2166,3.011,good,0.031,6.50,0,0,0,0,9.45,3,0.0,,,
1410,1.7280,-0.1190,-0.0631,3.000,good,0.001,2.55,0,0,0,0,13.02,2,0.0,,,
1411,1.7280,-0.1116,0.1307,3.450,good,0.022,11.84,0,0,0,0,1.32,2,0.0,,,
1408,1.7320,-0.1150,-0.2255,2.402,good,0.036,5.24,0,0,0,0,29.52,3,0.0,,,
1409,1.7320,-0.1076,-0.2329,3.308,good,0.002,9.84,0,0,0,0,2.77,3,0.0,,,
1413,1.7320,-0.1122,0.1628,3.450,good,0.007,10.32,0,0,0,0,1.50,2,0.0,,,
1412,1.7360,-0.1122,0.1327,2.988,good,0.000,3.31,0,0,0,0,11.04,3,0.0,,,
1415,1.7360,-0.1175,-0.2095,2.944,good,0.002,2.93,0,0,0,0,13.89,2,0.0,,,
1416,1.7360,-0.1153,-0.0747,3.197,faded,0.999,4.78,1,1,1,0,7.35,2,3.2,22,1444,
1417,1.7360,-0.1261,0.1630,3.000,husk,1.000,21.10,1,1,1,0,11.38,1,2.4,52|53,,
1414,1.7400,-0.1155,-0.0887,2.377,good,0.041,3.33,0,0,0,0,30.64,3,0.0,,,
1420,1.7400,-0.1114,0.1855,3.450,good,0.002,2.33,0,0,0,0,1.29,2,0.0,,,
1418,1.7440,-0.1114,-0.1164,2.900,broken,0.992,2.97,1,1,1,0,12.92,3,2.4,17|16,1451,1451
1419,1.7440,-0.1096,-0.0088,3.017,good,0.134,3.15,0,0,0,0,9.47,3,0.0,,,
1421,1.7480,-0.1195,0.0662,2.540,good,0.050,2.73,0,0,0,0,26.43,3,0.0,,,
1422,1.7480,-0.1136,-0.0376,3.004,good,0.000,2.15,0,0,0,0,11.12,3,0.0,,,
1423,1.7480,-0.1112,0.2104,2.991,good,0.000,3.34,0,0,0,0,10.63,3,0.0,,,
1424,1.7480,-0.1080,-0.2335,3.000,good,0.000,3.97,0,0,0,0,9.33,3,0.0,,,
1425,1.7480,-0.1099,0.0879,2.749,faded,0.598,2.77,1,1,1,0,16.34,3,3.2,43,1455,1455
1426,1.7480,-0.1090,-0.0155,2.835,shell,0.822,10.93,1,1,1,0,13.73,3,2.4,30|29,1466,
1428,1.7480,-0.1186,-0.1629,3.381,good,0.023,3.55,0,0,0,0,4.68,2,0.0,,,
1429,1.7480,-0.1195,0.2230,2.996,good,0.009,2.64,0,0,0,0,13.26,2,0.0,,,
1427,1.7520,-0.1104,-0.2178,2.997,good,0.009,2.46,0,0,0,0,10.22,3,0.0,,,
1432,1.7520,-0.1162,-0.0919,3.332,good,0.004,3.93,0,0,0,0,4.87,2,0.0,,,
1433,1.7520,-0.1160,-0.0169,3.013,faded,0.977,4.85,1,1,1,0,11.67,2,3.2,29|30,1438,1438
1434,1.7520,-0.1161,0.2341,2.987,black,1.000,48.23,1,1,1,0,12.35,2,3.2,61|62,1445,1445
1430,1.7560,-0.1138,-0.1957,2.996,broken,0.977,5.09,1,1,1,0,11.36,3,2.4,6|7,1463,1463
1431,1.7560,-0.1116,0.0008,3.023,good,0.036,2.91,0,0,0,0,9.98,3,0.0,,,
1437,1.7560,-0.1200,-0.1363,3.000,good,0.003,6.86,0,0,0,0,13.32,2,0.0,,,
1438,1.7560,-0.1150,0.1136,3.235,good,0.001,2.77,0,0,0,0,6.47,2,0.0,,,
1435,1.7600,-0.1129,0.1385,3.087,good,0.000,2.63,0,0,0,0,8.97,3,0.0,,,
1436,1.7600,-0.1095,-0.2117,3.015,good,0.015,3.58,0,0,0,0,9.49,3,0.0,,,
1441,1.7600,-0.1157,-0.0937,3.211,good,0.001,6.52,0,0,0,0,7.19,2,0.0,,,
1439,1.7640,-0.1129,-0.1377,3.001,good,0.019,6.80,0,0,0,0,10.95,3,0.0,,,
1440,1.7640,-0.1101,-0.0787,2.981,good,0.001,2.03,0,0,0,0,10.49,3,0.0,,,
1444,1.7640,-0.1176,-0.0167,3.247,good,0.005,2.88,0,0,0,0,7.01,2,0.0,,,
1442,1.7680,-0.1142,-0.0518,3.000,good,0.030,2.75,0,0,0,0,11.37,3,0.0,,,
1443,1.7680,-0.1110,-0.1805,2.934,black,1.000,45.91,1,1,1,0,11.91,3,3.2,8|9,1481,1481
1447,1.7680,-0.1293,0.1057,3.000,good,0.038,2.53,0,0,0,0,12.42,1,0.0,,,
1448,1.7680,-0.1111,0.0992,3.129,good,0.046,2.44,0,0,0,0,7.46,2,0.0,,,
1452,1.7680,-0.1193,0.1091,3.000,good,0.065,2.41,0,0,0,0,13.11,1,0.0,,,
1445,1.7720,-0.1129,-0.1681,2.717,black,1.000,51.75,1,1,1,0,18.37,3,3.2,10,1468,
1446,1.7720,-0.1087,-0.0273,3.064,good,0.013,1.53,0,0,0,0,8.10,3,0.0,,,
1451,1.7720,-0.1189,0.0660,3.008,good,0.000,3.30,0,0,0,0,12.76,2,0.0,,,
1455,1.7720,-0.1089,0.1123,3.000,good,0.008,2.75,0,0,0,0,9.62,1,0.0,,,
1449,1.7760,-0.1113,0.1669,2.993,black,1.000,49.88,1,1,1,0,10.61,3,3.2,53,1482,1482
1450,1.7760,-0.1090,0.1090,2.993,faded,1.000,5.80,1,1,1,0,9.83,3,3.2,45|46,1460,1460
1453,1.7800,-0.1108,-0.1700,3.159,good,0.062,2.82,0,0,0,0,6.73,3,0.0,,,
1454,1.7800,-0.1082,0.0848,3.010,good,0.001,2.67,0,0,0,0,9.18,3,0.0,,,
1457,1.7800,-0.1192,0.1803,3.112,good,0.000,3.20,0,0,0,0,10.43,2,0.0,,,
1458,1.7800,-0.1173,0.0554,3.007,good,0.001,2.83,0,0,0,0,12.27,2,0.0,,,
1456,1.7840,-0.1108,0.1307,3.001,good,0.000,2.86,0,0,0,0,10.24,3,0.0,,,
1464,1.7840,-0.1198,-0.1499,2.969,good,0.002,2.32,0,0,0,0,14.05,2,0.0,,,
1465,1.7840,-0.1171,0.1508,3.011,good,0.001,2.04,0,0,0,0,12.10,2,0.0,,,
1459,1.7880,-0.1151,-0.2424,2.996,black,1.000,52.68,1,1,1,0,11.78,3,3.2,0|1,1475,1475
1460,1.7880,-0.1130,0.0474,2.899,black,1.000,49.60,1,1,1,0,13.47,3,3.2,38|37,1490,
1461,1.7880,-0.1115,0.2292,2.998,good,0.000,3.07,0,0,0,0,10.55,3,0.0,,,
1462,1.7880,-0.1106,0.1943,3.003,good,0.024,2.70,0,0,0,0,10.15,3,0.0,,,
1463,1.7880,-0.1143,-0.0321,2.516,good,0.001,4.10,0,0,0,0,25.17,3,0.0,,,
1468,1.7880,-0.1190,-0.1664,2.950,good,0.013,2.89,0,0,0,0,14.25,2,0.0,,,
1466,1.7920,-0.1100,-0.1401,3.001,good,0.000,3.05,0,0,0,0,9.98,3,0.0,,,
1467,1.7920,-0.1076,0.0707,3.197,good,0.001,2.41,0,0,0,0,4.94,3,0.0,,,
1473,1.7920,-0.1196,0.1973,2.746,good,0.032,3.27,0,0,0,0,19.97,2,0.0,,,
1469,1.7960,-0.1126,-0.0185,2.933,good,0.000,3.46,0,0,0,0,12.51,3,0.0,,,
1470,1.7960,-0.1106,0.1458,3.017,good,0.036,9.92,0,0,0,0,9.81,3,0.0,,,
1471,1.7960,-0.1090,-0.0874,3.007,good,0.025,2.59,0,0,0,0,9.49,3,0.0,,,
1472,1.7960,-0.1087,0.1142,2.991,good,0.007,4.61,0,0,0,0,9.79,3,0.0,,,
1476,1.7960,-0.1197,-0.1477,2.984,good,0.001,1.85,0,0,0,0,13.61,2,0.0,,,
1477,1.7960,-0.1144,0.1816,2.933,good,0.024,5.64,0,0,0,0,13.09,2,0.0,,,
1474,1.8000,-0.1140,0.1787,2.999,good,0.005,2.06,0,0,0,0,11.36,3,0.0,,,
1475,1.8000,-0.1086,0.1181,3.002,good,0.001,6.72,0,0,0,0,9.49,3,0.0,,,
1483,1.8000,-0.1191,0.1384,3.006,good,0.004,3.85,0,0,0,0,12.88,2,0.0,,,
1484,1.8000,-0.1193,0.0775,2.967,good,0.034,3.31,0,0,0,0,13.92,2,0.0,,,
1485,1.8000,-0.1170,-0.1063,3.034,good,0.001,4.87,0,0,0,0,11.53,2,0.0,,,
1478,1.8040,-0.1138,0.0082,3.211,good,0.001,3.96,0,0,0,0,6.57,3,0.0,,,
1479,1.8040,-0.1128,0.1910,3.006,good,0.000,3.96,0,0,0,0,10.79,3,0.0,,,
1480,1.8040,-0.1106,-0.0367,2.994,good,0.000,3.03,0,0,0,0,10.34,3,0.0,,,
1481,1.8040,-0.1114,-0.2317,3.001,good,0.042,3.08,0,0,0,0,10.44,3,0.0,,,
1482,1.8040,-0.1083,-0.1521,2.997,good,0.000,3.47,0,0,0,0,9.50,3,0.0,,,
1488,1.8040,-0.1189,0.0235,3.091,good,0.049,3.67,0,0,0,0,10.80,2,0.0,,,
1486,1.8080,-0.1125,-0.1332,3.005,good,0.001,3.07,0,0,0,0,10.71,3,0.0,,,
1487,1.8080,-0.1105,0.1999,3.012,good,0.115,6.05,0,0,0,0,9.89,3,0.0,,,
1490,1.8120,-0.1191,0.0481,2.989,good,0.004,1.51,0,0,0,0,13.30,2,0.0,,,
1491,1.8120,-0.1171,-0.0741,3.002,good,0.000,3.07,0,0,0,0,12.33,2,0.0,,,
1492,1.8120,-0.1172,-0.0130,2.998,good,0.000,3.12,0,0,0,0,12.46,2,0.0,,,
1493,1.8120,-0.1161,0.1180,3.089,black,1.000,50.05,1,1,1,0,9.96,2,3.2,47|46,1535,1535
1489,1.8160,-0.1135,0.1379,2.992,good,0.001,4.23,0,0,0,0,11.37,3,0.0,,,
1494,1.8200,-0.1158,-0.1120,2.959,good,0.001,2.30,0,0,0,0,12.93,3,0.0,,,
1495,1.8200,-0.1159,0.0794,3.000,good,0.001,1.44,0,0,0,0,11.98,3,0.0,,,
1496,1.8200,-0.1109,-0.1387,3.014,good,0.004,2.81,0,0,0,0,9.99,3,0.0,,,
1497,1.8200,-0.1085,0.1191,3.005,good,0.092,4.06,0,0,0,0,9.38,3,0.0,,,
1499,1.8200,-0.1162,-0.2193,1.878,good,0.046,8.58,0,0,0,0,55.12,2,0.0,,,
1500,1.8200,-0.1159,-0.0130,2.996,good,0.001,3.09,0,0,0,0,12.08,2,0.0,,,
1503,1.8200,-0.1074,-0.2186,3.000,good,0.005,2.42,0,0,0,0,9.15,1,0.0,,,
1498,1.8240,-0.1133,-0.0571,2.996,good,0.003,6.52,0,0,0,0,11.19,3,0.0,,,
1502,1.8240,-0.1188,-0.2407,2.883,broken,0.813,4.18,1,1,1,0,15.90,2,2.4,1|0,1523,1523
1501,1.8280,-0.1099,0.2251,2.998,good,0.047,2.03,0,0,0,0,10.02,3,0.0,,,
1506,1.8280,-0.1312,0.1273,3.000,good,0.000,1.87,0,0,0,0,13.06,1,0.0,,,
1504,1.8320,-0.1102,0.0608,3.003,good,0.172,2.37,0,0,0,0,10.01,3,0.0,,,
1505,1.8320,-0.1344,0.1196,3.000,good,0.000,1.82,0,0,0,0,10.13,1,0.0,,,
1508,1.8320,-0.1182,-0.0008,2.847,good,0.001,3.77,0,0,0,0,16.63,2,0.0,,,
1509,1.8320,-0.1170,-0.1942,2.989,insect,1.000,7.46,1,1,1,0,12.60,2,3.1,7|6,1539,1539
1510,1.8320,-0.1091,0.1233,2.952,good,0.000,6.62,0,0,0,0,10.84,2,0.0,,,
1507,1.8360,-0.1127,0.0261,2.994,good,0.001,2.44,0,0,0,0,11.05,3,0.0,,,
1512,1.8360,-0.1182,0.1697,3.036,good,0.008,2.43,0,0,0,0,11.86,2,0.0,,,
1513,1.8360,-0.1158,0.1784,2.997,good,0.003,3.24,0,0,0,0,12.00,2,0.0,,,
1511,1.8400,-0.1232,0.1848,2.839,good,0.006,3.19,0,0,0,0,14.60,2,0.0,,,
1515,1.8400,-0.1184,-0.0692,3.222,good,0.088,4.50,0,0,0,0,7.76,2,0.0,,,
1516,1.8400,-0.1161,-0.0183,3.006,good,0.007,3.32,0,0,0,0,11.88,2,0.0,,,
1517,1.8400,-0.1285,0.1505,3.000,good,0.003,3.47,0,0,0,0,12.17,1,0.0,,,
1522,1.8400,-0.1167,0.1545,3.000,good,0.004,3.63,0,0,0,0,12.22,1,0.0,,,
1523,1.8400,-0.1118,0.1879,3.000,good,0.008,3.20,0,0,0,0,10.59,1,0.0,,,
1514,1.8440,-0.1150,-0.1609,2.991,good,0.000,3.80,0,0,0,0,11.87,3,0.0,,,
1520,1.8440,-0.1200,-0.0489,2.742,good,0.067,1.86,0,0,0,0,20.24,2,0.0,,,
1521,1.8440,-0.1123,-0.0263,3.450,good,0.000,2.87,0,0,0,0,1.53,2,0.0,,,
1528,1.8440,-0.1048,0.1584,3.000,good,0.001,3.71,0,0,0,0,8.27,1,0.0,,,
1518,1.8480,-0.1128,0.0370,3.003,good,0.022,2.26,0,0,0,0,10.87,3,0.0,,,
1519,1.8480,-0.1079,0.1009,3.061,good,0.000,3.76,0,0,0,0,7.94,3,0.0,,,
1527,1.8480,-0.1169,-0.0816,2.933,broken,0.880,3.34,1,1,1,0,13.93,2,2.4,21,1553,1553
1524,1.8520,-0.1142,0.0523,2.987,good,0.007,2.96,0,0,0,0,11.71,3,0.0,,,
1525,1.8520,-0.1084,0.0321,3.384,good,0.001,2.65,0,0,0,0,1.59,3,0.0,,,
1526,1.8520,-0.1100,-0.1181,3.008,good,0.000,3.38,0,0,0,0,9.82,3,0.0,,,
1531,1.8520,-0.1196,-0.1433,2.969,good,0.041,4.08,0,0,0,0,13.95,2,0.0,,,
1532,1.8520,-0.1164,-0.2025,2.998,good,0.126,3.23,0,0,0,0,12.18,2,0.0,,,
1529,1.8560,-0.1087,-0.1640,3.093,good,0.002,4.16,0,0,0,0,7.47,3,0.0,,,
1530,1.8560,-0.1098,0.2316,3.014,good,0.001,2.60,0,0,0,0,9.60,3,0.0,,,
1536,1.8560,-0.1183,-0.1510,2.985,good,0.018,2.29,0,0,0,0,13.13,2,0.0,,,
1537,1.8560,-0.1165,0.1242,3.234,faded,0.827,3.51,1,1,1,0,6.94,2,3.2,47|48,1576,
1533,1.8600,-0.1106,-0.1383,3.283,good,0.120,5.61,0,0,0,0,4.16,3,0.0,,,
1534,1.8600,-0.1134,0.0180,2.996,good,0.012,4.68,0,0,0,0,11.22,3,0.0,,,
1535,1.8600,-0.1118,0.2287,2.994,good,0.023,2.62,0,0,0,0,10.73,3,0.0,,,
1538,1.8600,-0.1199,0.0450,2.990,good,0.005,2.15,0,0,0,0,13.54,2,0.0,,,
1539,1.8600,-0.1166,0.2132,2.742,good,0.007,3.98,0,0,0,0,18.98,2,0.0,,,
1543,1.8600,-0.1036,0.1278,3.000,faded,0.741,3.48,1,1,1,0,7.87,1,3.2,48,1576,
1540,1.8680,-0.1128,0.1106,3.053,insect,1.000,3.38,1,1,1,0,9.71,3,3.1,46|45,1562,1562
1541,1.8680,-0.1129,-0.1312,2.997,good,0.000,2.64,0,0,0,0,11.04,3,0.0,,,
1542,1.8680,-0.1095,-0.0198,2.988,sour,1.000,11.97,1,1,1,0,10.10,3,3.2,29,1556,1556
1547,1.8680,-0.1162,0.0891,3.003,good,0.001,4.45,0,0,0,0,12.00,2,0.0,,,
1544,1.8720,-0.1138,-0.2221,3.003,good,0.071,4.63,0,0,0,0,11.20,3,0.0,,,
1545,1.8720,-0.1094,0.2052,2.979,good,0.012,3.44,0,0,0,0,10.29,3,0.0,,,
1546,1.8720,-0.1086,-0.1008,2.993,good,0.008,3.46,0,0,0,0,9.70,3,0.0,,,
1551,1.8720,-0.1174,-0.2124,3.003,good,0.004,2.50,0,0,0,0,12.38,2,0.0,,,
1548,1.8760,-0.1270,0.1614,2.745,good,0.041,3.43,0,0,0,0,18.71,2,0.0,,,
1549,1.8760,-0.1111,0.2127,2.979,good,0.044,3.96,0,0,0,0,10.87,3,0.0,,,
1550,1.8760,-0.1088,0.0262,3.004,good,0.000,2.36,0,0,0,0,9.49,3,0.0,,,
1557,1.8760,-0.1161,0.1645,3.000,good,0.024,3.79,0,0,0,0,12.02,1,0.0,,,
1552,1.8800,-0.1148,-0.1874,3.058,good,0.001,2.82,0,0,0,0,10.23,3,0.0,,,
1553,1.8800,-0.1139,-0.2044,2.983,good,0.000,2.94,0,0,0,0,11.70,3,0.0,,,
1554,1.8800,-0.1105,0.0011,3.003,good,0.016,2.54,0,0,0,0,10.09,3,0.0,,,
1555,1.8800,-0.1157,-0.1661,3.002,good,0.001,3.57,0,0,0,0,11.86,2,0.0,,,
1556,1.8800,-0.1168,0.0678,3.008,good,0.001,1.92,0,0,0,0,12.09,2,0.0,,,
1560,1.8840,-0.1178,-0.1505,2.987,good,0.102,2.52,0,0,0,0,12.90,2,0.0,,,
1561,1.8840,-0.1180,-0.0855,2.934,good,0.028,4.17,0,0,0,0,14.30,2,0.0,,,
1562,1.8840,-0.1175,0.0722,2.998,good,0.004,1.89,0,0,0,0,12.57,2,0.0,,,
1558,1.8880,-0.1155,0.0871,3.000,good,0.001,1.76,0,0,0,0,11.82,3,0.0,,,
1559,1.8880,-0.1105,0.0191,3.004,good,0.005,2.92,0,0,0,0,10.06,3,0.0,,,
1563,1.8920,-0.1149,0.2067,2.935,good,0.014,2.37,0,0,0,0,13.22,3,0.0,,,
1564,1.8920,-0.1125,-0.0553,3.367,husk,1.000,54.76,1,1,1,0,3.12,3,2.4,24|25,1605,
1565,1.8920,-0.1150,0.0698,2.721,good,0.016,3.35,0,0,0,0,18.99,3,0.0,,,
1566,1.8920,-0.1119,-0.0727,2.991,good,0.000,3.02,0,0,0,0,10.85,3,0.0,,,
1567,1.8920,-0.1099,0.1092,2.939,broken,0.995,2.08,1,1,1,0,11.40,3,2.4,45|46,1600,1600
1568,1.8920,-0.1099,0.0268,2.995,good,0.003,3.09,0,0,0,0,10.09,3,0.0,,,
1569,1.8960,-0.1144,0.1422,3.001,good,0.001,2.93,0,0,0,0,11.45,3,0.0,,,
1570,1.8960,-0.1140,0.1615,2.569,sour,1.000,23.99,1,1,1,0,23.30,3,3.2,52,1603,
1571,1.8960,-0.1088,-0.1503,3.019,good,0.006,2.16,0,0,0,0,9.18,3,0.0,,,
1572,1.8960,-0.1116,-0.0170,2.726,good,0.019,5.96,0,0,0,0,17.63,3,0.0,,,
1574,1.8960,-0.1195,0.0865,2.999,good,0.006,2.26,0,0,0,0,13.20,2,0.0,,,
1573,1.9000,-0.1141,-0.1437,3.164,broken,0.958,2.89,1,1,1,0,7.67,3,2.4,13,1583,1583
1581,1.9000,-0.1199,-0.0299,2.903,good,0.102,6.65,0,0,0,0,15.75,2,0.0,,,
1582,1.9000,-0.1186,0.0425,2.982,good,0.003,2.47,0,0,0,0,13.32,2,0.0,,,
1575,1.9040,-0.1158,-0.0446,2.963,good,0.003,2.58,0,0,0,0,12.82,3,0.0,,,
1576,1.9040,-0.1158,-0.0206,2.953,faded,0.977,4.12,1,1,1,0,13.10,3,3.2,29,1606,
1577,1.9040,-0.1170,0.1947,2.755,good,0.000,2.76,0,0,0,0,18.77,3,0.0,,,
1578,1.9040,-0.1148,0.0753,2.988,good,0.002,3.19,0,0,0,0,11.88,3,0.0,,,
1579,1.9040,-0.1134,0.0164,3.003,good,0.001,2.54,0,0,0,0,11.05,3,0.0,,,
1580,1.9040,-0.1083,-0.1891,2.982,good,0.031,2.07,0,0,0,0,9.85,3,0.0,,,
1583,1.9080,-0.1153,-0.1035,2.999,faded,0.649,2.87,1,1,1,0,11.78,3,3.2,18,1595,1595
1584,1.9080,-0.1115,-0.1980,3.006,good,0.093,2.76,0,0,0,0,10.36,3,0.0,,,
1585,1.9120,-0.1119,0.2199,3.078,insect,0.665,8.38,1,1,1,0,8.85,3,3.1,60|59,1615,1615
1586,1.9120,-0.1105,-0.0837,3.021,good,0.007,2.35,0,0,0,0,9.70,3,0.0,,,
1591,1.9120,-0.1175,-0.1358,2.979,good,0.000,3.31,0,0,0,0,13.02,2,0.0,,,
1587,1.9160,-0.1123,0.0062,3.017,good,0.146,4.53,0,0,0,0,10.36,3,0.0,,,
1588,1.9160,-0.1118,0.1243,2.991,good,0.001,2.40,0,0,0,0,10.80,3,0.0,,,
1589,1.9160,-0.1092,-0.1091,2.994,good,0.000,2.32,0,0,0,0,9.88,3,0.0,,,
1590,1.9160,-0.1096,0.0416,2.792,good,0.000,3.23,0,0,0,0,15.08,3,0.0,,,
1594,1.9160,-0.1186,0.2004,3.006,good,0.009,2.25,0,0,0,0,12.70,2,0.0,,,
1595,1.9160,-0.1181,-0.1599,2.987,good,0.213,2.78,0,0,0,0,13.02,2,0.0,,,
1592,1.9200,-0.1158,-0.1430,2.999,good,0.001,2.23,0,0,0,0,11.97,3,0.0,,,
1593,1.9200,-0.1080,-0.1115,3.001,broken,1.000,3.07,1,1,1,0,9.33,3,2.4,17,1632,1632
1597,1.9200,-0.1154,-0.1205,3.000,insect,1.000,7.29,1,1,1,0,11.78,2,3.1,16,1608,1608
1596,1.9240,-0.1154,0.1087,3.000,faded,0.998,4.25,1,1,1,0,11.81,3,3.2,45|46,1621,1621
1600,1.9240,-0.1160,-0.1067,3.000,good,0.000,2.07,0,0,0,0,12.01,2,0.0,,,
1601,1.9240,-0.1155,-0.0474,3.067,good,0.016,2.77,0,0,0,0,10.25,2,0.0,,,
1598,1.9280,-0.1147,-0.0826,2.986,good,0.007,3.55,0,0,0,0,11.92,3,0.0,,,
1599,1.9280,-0.1130,0.1282,2.998,good,0.000,2.36,0,0,0,0,11.03,3,0.0,,,
1602,1.9320,-0.1107,-0.0971,2.998,good,0.002,9.13,0,0,0,0,10.29,3,0.0,,,
1603,1.9320,-0.1148,-0.0149,3.053,good,0.001,1.54,0,0,0,0,10.36,3,0.0,,,
1604,1.9320,-0.1117,0.2425,2.996,good,0.001,2.85,0,0,0,0,10.66,3,0.0,,,
1610,1.9320,-0.1200,-0.1720,2.988,good,0.004,2.92,0,0,0,0,13.63,2,0.0,,,
1605,1.9360,-0.1169,0.0086,2.708,good,0.006,3.31,0,0,0,0,20.09,3,0.0,,,
1606,1.9360,-0.1101,-0.0741,3.384,good,0.109,2.86,0,0,0,0,2.10,3,0.0,,,
1607,1.9360,-0.1130,0.0906,3.000,black,1.000,53.60,1,1,1,0,11.00,3,3.2,43,1630,1630
1608,1.9360,-0.1136,-0.1284,2.660,good,0.072,4.14,0,0,0,0,20.28,3,0.0,,,
1609,1.9360,-0.1101,0.1021,2.998,good,0.001,3.48,0,0,0,0,10.07,3,0.0,,,
1613,1.9360,-0.1173,-0.2229,3.011,good,0.093,3.07,0,0,0,0,12.17,2,0.0,,,
1614,1.9360,-0.1168,-0.1755,2.989,good,0.303,2.63,0,0,0,0,12.52,2,0.0,,,
1611,1.9400,-0.1119,-0.1981,2.995,good,0.023,2.42,0,0,0,0,10.76,3,0.0,,,
1612,1.9400,-0.1090,0.0604,2.995,good,0.000,2.09,0,0,0,0,9.77,3,0.0,,,
1617,1.9400,-0.1169,0.1576,2.994,good,0.002,2.23,0,0,0,0,12.46,2,0.0,,,
1615,1.9440,-0.1101,-0.0920,2.997,good,0.331,2.27,0,0,0,0,10.11,3,0.0,,,
1616,1.9440,-0.1101,-0.2269,2.998,good,0.001,3.56,0,0,0,0,10.07,3,0.0,,,
1619,1.9440,-0.1182,0.0876,2.996,good,0.000,5.65,0,0,0,0,12.82,2,0.0,,,
1618,1.9480,-0.1111,0.0728,3.012,faded,0.866,3.11,1,1,1,0,10.10,3,3.2,41,1664,1664
1626,1.9480,-0.1191,0.1361,2.960,good,0.002,3.18,0,0,0,0,14.04,2,0.0,,,
1620,1.9520,-0.1165,0.1319,2.979,faded,0.553,4.19,1,1,1,0,12.69,3,3.1,48|49,1663,1663
1621,1.9520,-0.1145,-0.0730,3.001,good,0.001,3.87,0,0,0,0,11.47,3,0.0,,,
1622,1.9520,-0.1133,0.1921,2.996,good,0.036,3.23,0,0,0,0,11.21,3,0.0,,,
1623,1.9520,-0.1082,-0.2361,3.000,black,0.904,18.53,1,1,1,0,9.41,3,3.2,1,1631|1638,1631
1624,1.9520,-0.1106,-0.2080,2.959,black,1.000,51.36,1,1,1,0,11.19,3,3.2,5,1647,1647
1625,1.9520,-0.1111,0.0145,3.020,good,0.016,3.47,0,0,0,0,9.90,3,0.0,,,
1627,1.9560,-0.1131,-0.1227,3.008,good,0.000,2.85,0,0,0,0,10.84,3,0.0,,,
1628,1.9560,-0.1112,-0.2298,3.013,good,0.058,2.47,0,0,0,0,10.12,3,0.0,,,
1629,1.9560,-0.1195,-0.0027,3.006,good,0.001,2.87,0,0,0,0,13.03,2,0.0,,,
1633,1.9600,-0.1191,-0.1573,3.036,good,0.002,2.92,0,0,0,0,12.18,2,0.0,,,
1634,1.9600,-0.1147,0.0571,3.002,good,0.000,3.21,0,0,0,0,11.50,2,0.0,,,
1630,1.9640,-0.1145,-0.1309,3.024,black,1.000,64.24,1,1,1,0,10.94,3,3.2,15,1668,1668
1631,1.9640,-0.1145,0.0301,2.709,good,0.000,3.75,0,0,0,0,19.17,3,0.0,,,
1632,1.9640,-0.1115,0.1151,2.997,good,0.000,2.87,0,0,0,0,10.56,3,0.0,,,
1635,1.9680,-0.1161,0.1154,2.995,good,0.000,2.54,0,0,0,0,12.15,3,0.0,,,
1636,1.9680,-0.1231,0.0331,2.998,faded,0.792,2.77,1,1,1,0,10.44,2,3.2,36,,
1637,1.9680,-0.1089,0.1152,2.999,black,1.000,45.50,1,1,1,0,9.66,3,3.2,46,1665,1665
1638,1.9680,-0.1082,0.1278,3.014,good,0.019,2.17,0,0,0,0,9.08,3,0.0,,,
1639,1.9720,-0.1160,-0.0620,2.979,good,0.001,2.90,0,0,0,0,12.52,3,0.0,,,
1640,1.9720,-0.1128,-0.1531,2.966,good,0.000,4.55,0,0,0,0,11.77,3,0.0,,,
1641,1.9720,-0.1097,0.1310,3.003,good,0.001,1.75,0,0,0,0,9.84,3,0.0,,,
1642,1.9720,-0.1105,0.1646,2.976,good,0.004,2.18,0,0,0,0,10.73,3,0.0,,,
1643,1.9720,-0.1096,0.1825,3.004,good,0.005,2.60,0,0,0,0,9.77,3,0.0,,,
1644,1.9720,-0.1083,0.0608,3.004,good,0.004,2.11,0,0,0,0,9.32,3,0.0,,,
1647,1.9720,-0.1167,-0.1057,2.997,good,0.051,2.13,0,0,0,0,12.31,2,0.0,,,
1645,1.9760,-0.1153,-0.0399,2.968,good,0.083,2.30,0,0,0,0,12.54,3,0.0,,,
1646,1.9760,-0.1136,-0.0075,2.627,good,0.007,3.54,0,0,0,0,21.30,3,0.0,,,
1650,1.9760,-0.1184,0.2339,3.014,good,0.001,5.10,0,0,0,0,12.47,2,0.0,,,
1648,1.9800,-0.1138,-0.1646,3.053,good,0.001,2.83,0,0,0,0,10.03,3,0.0,,,
1649,1.9800,-0.1092,-0.2317,2.988,good,0.029,4.51,0,0,0,0,10.03,3,0.0,,,
1654,1.9800,-0.1177,0.0590,2.998,insect,1.000,3.98,1,1,1,0,12.62,2,3.1,39,1685,1685
1655,1.9800,-0.1167,0.1785,3.010,good,0.004,3.43,0,0,0,0,12.00,2,0.0,,,
1651,1.9840,-0.1150,0.0428,2.999,sour,1.000,13.30,1,1,1,0,11.70,3,3.2,37,1692,1692
1652,1.9840,-0.1090,-0.0810,3.242,good,0.004,1.75,0,0,0,0,4.46,3,0.0,,,
1653,1.9840,-0.1100,-0.0628,2.970,good,0.002,3.66,0,0,0,0,10.71,3,0.0,,,
1657,1.9840,-0.1176,-0.0186,2.996,good,0.000,3.80,0,0,0,0,12.62,2,0.0,,,
1656,1.9880,-0.1160,-0.1927,2.897,good,0.002,3.74,0,0,0,0,14.54,3,0.0,,,
1660,1.9920,-0.1185,0.0851,3.001,good,0.001,7.14,0,0,0,0,12.79,2,0.0,,,
1661,1.9920,-0.1157,0.1728,3.004,sour,1.000,14.29,1,1,1,0,11.82,2,3.2,54|53,1705,1705
1658,1.9960,-0.1146,-0.1413,3.157,good,0.354,2.70,0,0,0,0,7.97,3,0.0,,,
1659,1.9960,-0.1135,-0.1636,3.066,broken,0.522,3.21,1,1,1,0,9.63,3,2.4,11|10,1689,
1668,1.9960,-0.1173,-0.2311,2.969,good,0.390,19.02,1,1,1,0,13.20,2,9.0,2|1|3,1679|1700,1679|1700
1662,2.0000,-0.1133,-0.1745,3.004,good,0.001,3.21,0,0,0,0,10.99,3,0.0,,,
1663,2.0000,-0.1107,0.0019,3.002,good,0.002,2.54,0,0,0,0,10.20,3,0.0,,,
1664,2.0000,-0.1089,-0.0285,3.124,good,0.001,1.88,0,0,0,0,6.87,3,0.0,,,
1665,2.0000,-0.1102,0.1300,2.995,good,0.023,2.36,0,0,0,0,10.20,3,0.0,,,
1666,2.0000,-0.1099,0.1117,2.997,good,0.000,2.35,0,0,0,0,10.04,3,0.0,,,
1667,2.0000,-0.1089,-0.1233,2.991,good,0.010,2.14,0,0,0,0,9.85,3,0.0,,,
1670,2.0000,-0.1163,0.1485,2.998,good,0.001,2.14,0,0,0,0,12.13,2,0.0,,,
1669,2.0040,-0.1134,0.1871,3.038,broken,0.916,4.44,1,1,1,0,10.22,3,2.4,55|56,1693,1693
1675,2.0040,-0.1184,-0.0942,3.001,good,0.000,3.22,0,0,0,0,12.78,2,0.0,,,
1676,2.0040,-0.1177,-0.0059,2.995,good,0.000,2.11,0,0,0,0,12.69,2,0.0,,,
1671,2.0080,-0.1145,0.0498,3.002,good,0.001,1.87,0,0,0,0,11.46,3,0.0,,,
1672,2.0080,-0.1135,0.0959,2.949,good,0.001,3.91,0,0,0,0,12.39,3,0.0,,,
1673,2.0080,-0.1115,0.2119,2.871,good,0.002,4.17,0,0,0,0,13.67,3,0.0,,,
1674,2.0080,-0.1092,0.2299,2.837,husk,1.000,11.04,1,1,1,0,13.73,3,2.4,61,1701,1701
1678,2.0080,-0.1177,-0.2084,3.008,good,0.021,3.30,0,0,0,0,12.38,2,0.0,,,
1679,2.0080,-0.1170,0.0703,3.047,good,0.012,3.16,0,0,0,0,11.22,2,0.0,,,
1677,2.0120,-0.1154,-0.1460,3.000,good,0.003,3.38,0,0,0,0,11.80,3,0.0,,,
1680,2.0160,-0.1092,0.0493,2.973,good,0.003,2.62,0,0,0,0,10.36,3,0.0,,,
1682,2.0160,-0.1190,0.1673,3.008,sour,1.000,25.05,1,1,1,0,12.81,2,3.2,53,1724,1724
1683,2.0160,-0.1162,-0.0355,2.997,good,0.021,2.02,0,0,0,0,12.16,2,0.0,,,
1684,2.0160,-0.1170,0.0058,2.856,good,0.000,2.44,0,0,0,0,15.98,2,0.0,,,
1681,2.0200,-0.1146,-0.2180,2.893,good,0.000,2.22,0,0,0,0,14.17,3,0.0,,,
1687,2.0200,-0.1175,0.1655,3.095,good,0.198,3.49,0,0,0,0,10.27,2,0.0,,,
1688,2.0200,-0.1172,-0.1789,3.023,good,0.005,1.85,0,0,0,0,11.83,2,0.0,,,
1685,2.0240,-0.1128,0.1864,3.003,good,0.000,2.94,0,0,0,0,10.87,3,0.0,,,
1686,2.0240,-0.1122,-0.1221,2.982,faded,1.000,4.97,1,1,1,0,11.15,3,3.2,16,1734,1734
1690,2.0240,-0.1157,0.0145,3.228,good,0.002,4.41,0,0,0,0,6.81,2,0.0,,,
1689,2.0280,-0.1122,-0.0613,3.058,good,0.000,3.58,0,0,0,0,9.39,3,0.0,,,
1695,2.0280,-0.1197,-0.1699,2.993,good,0.000,2.77,0,0,0,0,13.42,2,0.0,,,
1696,2.0280,-0.1198,0.1081,3.003,good,0.004,4.31,0,0,0,0,13.21,2,0.0,,,
1697,2.0280,-0.1171,-0.0834,3.104,good,0.001,2.33,0,0,0,0,9.96,2,0.0,,,
1691,2.0320,-0.1106,-0.1874,3.001,good,0.001,3.91,0,0,0,0,10.17,3,0.0,,,
1692,2.0320,-0.1091,-0.0244,3.008,good,0.003,3.77,0,0,0,0,9.51,3,0.0,,,
1693,2.0320,-0.1091,-0.0125,2.879,good,0.011,2.16,0,0,0,0,12.64,3,0.0,,,
1694,2.0320,-0.1084,-0.0346,3.000,good,0.001,3.75,0,0,0,0,9.46,3,0.0,,,
1699,2.0320,-0.1179,-0.1625,2.999,good,0.005,2.46,0,0,0,0,12.65,2,0.0,,,
1698,2.0360,-0.1138,-0.0393,3.041,good,0.001,3.69,0,0,0,0,10.30,3,0.0,,,
1701,2.0360,-0.1187,0.0310,3.017,good,0.038,2.78,0,0,0,0,12.49,2,0.0,,,
1702,2.0360,-0.1177,-0.0551,3.000,good,0.004,2.85,0,0,0,0,12.58,2,0.0,,,
1703,2.0360,-0.1166,-0.1998,2.932,good,0.006,3.22,0,0,0,0,13.89,2,0.0,,,
1700,2.0400,-0.1143,-0.0806,3.006,good,0.004,2.17,0,0,0,0,11.27,3,0.0,,,
1708,2.0400,-0.1171,0.1407,3.006,good,0.000,2.88,0,0,0,0,12.21,2,0.0,,,
1709,2.0400,-0.1156,0.2176,3.022,good,0.012,7.66,0,0,0,0,11.35,2,0.0,,,
1704,2.0440,-0.1128,-0.1557,3.015,good,0.003,1.93,0,0,0,0,10.58,3,0.0,,,
1705,2.0440,-0.1111,0.0487,2.999,good,0.005,1.74,0,0,0,0,10.37,3,0.0,,,
1706,2.0440,-0.1087,0.1769,3.013,good,0.016,2.25,0,0,0,0,9.28,3,0.0,,,
1707,2.0440,-0.1092,-0.0625,3.008,sour,1.000,32.44,1,1,1,0,9.55,3,3.2,23|24,1733,1733
1711,2.0440,-0.1200,-0.0353,2.846,faded,0.536,2.86,1,1,1,0,17.29,2,3.2,27,1748,1748
1710,2.0480,-0.1091,0.1250,2.999,good,0.011,2.98,0,0,0,0,9.72,3,0.0,,,
1714,2.0480,-0.1198,-0.1058,2.884,good,0.021,14.81,0,0,0,0,16.21,2,0.0,,,
1715,2.0480,-0.1189,-0.0565,3.378,good,0.065,2.26,0,0,0,0,4.81,2,0.0,,,
1716,2.0480,-0.1196,-0.1349,3.052,good,0.004,3.20,0,0,0,0,11.94,2,0.0,,,
1717,2.0480,-0.1174,0.0989,2.992,good,0.000,3.22,0,0,0,0,12.65,2,0.0,,,
1718,2.0480,-0.1097,-0.1029,3.100,faded,1.000,5.75,1,1,1,0,7.65,2,3.2,18|19,1755,1755
1712,2.0520,-0.1144,0.1012,3.000,good,0.001,1.75,0,0,0,0,11.47,3,0.0,,,
1713,2.0520,-0.1132,0.0532,3.040,good,0.001,2.53,0,0,0,0,10.13,3,0.0,,,
1722,2.0520,-0.1189,0.0063,2.996,good,0.002,2.83,0,0,0,0,13.08,2,0.0,,,
1723,2.0520,-0.1186,-0.1181,3.000,good,0.035,3.56,0,0,0,0,12.84,2,0.0,,,
1724,2.0520,-0.1177,0.1546,3.003,broken,0.998,2.18,1,1,1,0,12.50,2,2.4,51,1758,1758
1719,2.0560,-0.1137,0.0465,3.021,good,0.031,2.04,0,0,0,0,10.75,3,0.0,,,
1720,2.0560,-0.1155,-0.0041,2.906,black,1.000,50.02,1,1,1,0,14.16,3,3.2,31,1742,
1721,2.0560,-0.1089,-0.1756,2.995,good,0.001,3.26,0,0,0,0,9.74,3,0.0,,,
1725,2.0600,-0.1117,0.0429,3.000,faded,0.800,4.01,1,1,1,0,10.57,3,3.2,37,1757,1757
1726,2.0600,-0.1085,-0.1622,2.999,good,0.000,2.86,0,0,0,0,9.53,3,0.0,,,
1730,2.0600,-0.1191,0.2266,3.013,good,0.035,2.03,0,0,0,0,12.73,2,0.0,,,
1731,2.0600,-0.1182,0.0210,3.022,good,0.001,3.00,0,0,0,0,12.22,2,0.0,,,
1732,2.0600,-0.1167,-0.0924,2.984,good,0.207,2.49,0,0,0,0,12.61,2,0.0,,,
1727,2.0640,-0.1134,-0.0263,2.988,good,0.003,2.63,0,0,0,0,11.40,3,0.0,,,
1728,2.0640,-0.1135,0.1006,2.953,good,0.058,2.50,0,0,0,0,12.32,3,0.0,,,
1729,2.0640,-0.1325,0.1661,3.000,husk,1.000,10.34,1,1,1,0,9.51,1,2.4,53,,
1734,2.0640,-0.1210,0.1720,3.000,husk,1.000,10.76,1,1,1,0,9.66,1,2.4,54|53,,
1741,2.0640,-0.1094,0.1778,3.000,husk,1.000,10.61,1,1,1,0,9.80,1,2.4,54,1722,
1733,2.0680,-0.1124,0.2392,2.981,good,0.019,4.20,0,0,0,0,11.27,3,0.0,,,
1739,2.0680,-0.1170,0.0115,2.952,good,0.005,3.02,0,0,0,0,13.51,2,0.0,,,
1740,2.0680,-0.1168,-0.0594,2.988,good,0.034,2.83,0,0,0,0,12.57,2,0.0,,,
1735,2.0720,-0.1143,0.0260,3.082,good,0.167,2.43,0,0,0,0,9.52,3,0.0,,,
1736,2.0720,-0.1116,0.1754,2.944,good,0.001,2.37,0,0,0,0,11.86,3,0.0,,,
1737,2.0720,-0.1094,0.2278,3.080,good,0.014,3.88,0,0,0,0,7.99,3,0.0,,,
1738,2.0720,-0.1089,-0.1954,3.016,good,0.007,3.26,0,0,0,0,9.28,3,0.0,,,
1742,2.0720,-0.1177,-0.1821,3.450,stone,1.000,8.48,1,1,1,0,3.11,2,9.1,8|9|7,1803,
1743,2.0720,-0.1308,-0.1986,3.000,good,0.014,5.26,0,0,0,0,12.94,1,0.0,,,
1744,2.0720,-0.1190,0.1633,2.997,sour,1.000,14.45,1,1,1,0,13.09,2,3.2,52|53,1775,
1749,2.0720,-0.1174,-0.2020,3.000,good,0.010,6.00,0,0,0,0,12.47,1,0.0,,,
1746,2.0760,-0.1194,0.1632,3.060,good,0.000,2.45,0,0,0,0,11.68,2,0.0,,,
1747,2.0760,-0.1170,0.2149,3.007,good,0.000,2.39,0,0,0,0,12.17,2,0.0,,,
1748,2.0760,-0.1167,-0.1744,2.996,good,0.004,2.64,0,0,0,0,12.32,2,0.0,,,
1752,2.0760,-0.1040,-0.2053,3.000,good,0.027,5.62,0,0,0,0,8.02,1,0.0,,,
1753,2.0760,-0.1036,-0.1853,3.000,stone,1.000,8.26,1,1,1,0,7.87,1,9.1,8|7|9,1803,
1745,2.0800,-0.1142,0.0543,3.022,good,0.003,2.93,0,0,0,0,10.88,3,0.0,,,
1750,2.0840,-0.1086,-0.2050,3.004,good,0.013,3.18,0,0,0,0,9.46,3,0.0,,,
1751,2.0840,-0.1085,-0.1425,2.995,good,0.001,4.40,0,0,0,0,9.63,3,0.0,,,
1756,2.0840,-0.1193,0.1809,2.972,good,0.038,10.65,0,0,0,0,13.78,2,0.0,,,
1754,2.0880,-0.1085,0.2346,3.338,good,0.016,2.56,0,0,0,0,2.47,3,0.0,,,
1755,2.0880,-0.1099,0.0481,2.996,good,0.002,2.26,0,0,0,0,10.05,3,0.0,,,
1757,2.0920,-0.1145,-0.0931,2.998,good,0.000,3.41,0,0,0,0,11.55,3,0.0,,,
1760,2.0920,-0.1197,-0.0131,2.992,good,0.492,2.97,0,0,0,0,13.41,2,0.0,,,
1761,2.0920,-0.1175,0.1141,3.015,good,0.006,2.80,0,0,0,0,12.13,2,0.0,,,
1762,2.0920,-0.1169,-0.2044,2.973,good,0.013,6.15,0,0,0,0,12.98,2,0.0,,,
1758,2.0960,-0.1138,-0.0494,3.003,good,0.006,2.52,0,0,0,0,11.18,3,0.0,,,
1759,2.0960,-0.1111,-0.1305,2.997,good,0.001,1.90,0,0,0,0,10.46,3,0.0,,,
1763,2.1000,-0.1123,-0.1476,3.004,good,0.001,3.41,0,0,0,0,10.69,3,0.0,,,
1764,2.1000,-0.1083,-0.2085,3.008,good,0.363,3.94,0,0,0,0,9.26,3,0.0,,,
1766,2.1000,-0.1164,0.0944,3.000,good,0.002,2.38,0,0,0,0,12.13,2,0.0,,,
1765,2.1040,-0.1135,-0.1498,2.986,good,0.023,3.44,0,0,0,0,11.49,3,0.0,,,
1770,2.1040,-0.1176,-0.1932,2.979,good,0.010,2.66,0,0,0,0,13.03,2,0.0,,,
1771,2.1040,-0.1167,0.1857,3.069,good,0.008,2.55,0,0,0,0,10.61,2,0.0,,,
1767,2.1080,-0.1118,0.1508,3.005,good,0.013,2.61,0,0,0,0,10.49,3,0.0,,,
1768,2.1080,-0.1091,-0.0729,2.997,faded,1.000,4.84,1,1,1,0,9.76,3,3.2,22,1808,1808
1769,2.1080,-0.1089,-0.0211,3.039,good,0.003,3.82,0,0,0,0,8.73,3,0.0,,,
1775,2.1080,-0.1164,-0.0405,3.290,good,0.000,3.68,0,0,0,0,5.76,2,0.0,,,
1772,2.1120,-0.1152,-0.1602,3.002,good,0.012,2.20,0,0,0,0,11.67,3,0.0,,,
1773,2.1120,-0.1139,-0.1349,3.002,good,0.007,1.87,0,0,0,0,11.25,3,0.0,,,
1774,2.1120,-0.1083,0.1171,2.999,good,0.338,5.09,0,0,0,0,9.45,3,0.0,,,
1776,2.1160,-0.1161,0.0256,2.994,good,0.014,2.33,0,0,0,0,12.19,3,0.0,,,
1777,2.1160,-0.1276,-0.0381,2.856,stick,1.000,32.63,1,1,1,0,15.66,2,2.4,27|26,,
1778,2.1160,-0.1127,0.1391,2.877,good,0.000,4.92,0,0,0,0,13.91,3,0.0,,,
1779,2.1160,-0.1104,0.0555,2.997,good,0.034,3.22,0,0,0,0,10.21,3,0.0,,,
1785,2.1160,-0.1161,-0.0345,3.000,stick,1.000,32.52,1,1,1,0,12.05,1,2.4,27,1828,
1780,2.1200,-0.1085,0.0681,3.009,good,0.003,2.48,0,0,0,0,9.29,3,0.0,,,
1784,2.1200,-0.1157,0.0814,2.940,good,0.269,3.43,0,0,0,0,13.39,2,0.0,,,
1791,2.1200,-0.1010,0.1349,3.000,good,0.001,5.00,0,0,0,0,7.00,1,0.0,,,
1781,2.1240,-0.1157,0.0156,2.875,good,0.004,2.70,0,0,0,0,15.03,3,0.0,,,
1782,2.1240,-0.1132,0.0276,2.987,good,0.001,2.71,0,0,0,0,11.39,3,0.0,,,
1783,2.1240,-0.1074,0.1700,3.279,good,0.075,3.37,0,0,0,0,3.25,3,0.0,,,
1789,2.1240,-0.1189,0.0468,3.010,faded,0.845,3.09,1,1,1,0,12.73,2,3.2,37|38,1823,1823
1790,2.1240,-0.1146,0.1447,2.990,good,0.000,3.34,0,0,0,0,11.78,2,0.0,,,
1786,2.1280,-0.1153,-0.2148,3.001,black,1.000,47.98,1,1,1,0,11.76,3,3.2,4,1844,1844
1787,2.1280,-0.1089,-0.1432,2.999,good,0.008,2.69,0,0,0,0,9.65,3,0.0,,,
1788,2.1280,-0.1089,0.2015,3.004,good,0.005,2.68,0,0,0,0,9.54,3,0.0,,,
1794,2.1280,-0.1189,-0.1577,2.997,good,0.291,2.33,0,0,0,0,13.04,2,0.0,,,
1795,2.1280,-0.1189,0.0695,2.993,good,0.001,3.04,0,0,0,0,13.12,2,0.0,,,
1792,2.1320,-0.1111,-0.2339,3.008,good,0.174,3.56,0,0,0,0,10.19,3,0.0,,,
1793,2.1320,-0.1085,0.1254,2.975,good,0.000,2.76,0,0,0,0,10.09,3,0.0,,,
1801,2.1320,-0.1198,0.1418,2.985,good,0.001,1.69,0,0,0,0,13.64,2,0.0,,,
1802,2.1320,-0.1178,-0.0966,3.117,good,0.000,2.64,0,0,0,0,9.86,2,0.0,,,
1803,2.1320,-0.1152,-0.0887,2.994,good,0.008,2.62,0,0,0,0,11.89,2,0.0,,,
1796,2.1360,-0.1141,-0.0622,3.028,good,0.258,3.48,0,0,0,0,10.71,3,0.0,,,
1797,2.1360,-0.1375,0.1753,3.000,good,0.081,3.90,0,0,0,0,11.16,1,0.0,,,
1798,2.1360,-0.1377,0.1658,3.000,good,0.000,2.64,0,0,0,0,11.24,1,0.0,,,
1799,2.1360,-0.1083,-0.1922,3.259,good,0.008,3.24,0,0,0,0,3.89,3,0.0,,,
1800,2.1360,-0.1094,-0.0432,2.949,good,0.313,3.21,0,0,0,0,11.00,3,0.0,,,
1806,2.1360,-0.1136,0.1724,3.011,good,0.057,6.86,0,0,0,0,10.94,2,0.0,,,
1804,2.1400,-0.1159,0.1291,3.030,good,0.012,4.76,0,0,0,0,11.24,3,0.0,,,
1805,2.1400,-0.1273,-0.0257,2.856,faded,0.532,11.57,1,1,1,0,15.59,2,3.2,28,1833,1833
1810,2.1400,-0.1197,-0.0851,3.015,sour,1.000,11.48,1,1,1,0,12.87,2,3.2,21|20,1831,1831
1813,2.1400,-0.1165,-0.0307,3.000,good,0.023,3.60,0,0,0,0,12.16,1,0.0,,,
1814,2.1400,-0.1154,-0.0217,3.000,good,0.010,2.91,0,0,0,0,11.78,1,0.0,,,
1807,2.1440,-0.1116,0.2272,3.018,good,0.000,3.24,0,0,0,0,10.12,3,0.0,,,
1808,2.1440,-0.1121,0.1709,2.992,good,0.023,2.68,0,0,0,0,10.90,3,0.0,,,
1809,2.1440,-0.1083,0.1457,3.018,good,0.000,1.80,0,0,0,0,9.03,3,0.0,,,
1811,2.1440,-0.1196,-0.0249,2.986,good,0.052,3.58,0,0,0,0,13.53,2,0.0,,,
1812,2.1440,-0.1179,-0.1789,2.927,good,0.006,5.64,0,0,0,0,14.44,2,0.0,,,
1816,2.1480,-0.1181,0.0591,3.013,good,0.004,2.74,0,0,0,0,12.38,2,0.0,,,
1817,2.1480,-0.1161,-0.1374,3.170,good,0.001,2.57,0,0,0,0,8.16,2,0.0,,,
1818,2.1480,-0.1172,-0.1186,3.000,good,0.001,2.91,0,0,0,0,12.40,2,0.0,,,
1815,2.1520,-0.1127,-0.2172,2.774,black,1.000,51.96,1,1,1,0,16.68,3,3.2,4|3,1822,1822
1819,2.1560,-0.1124,-0.1440,3.004,good,0.115,6.72,0,0,0,0,10.73,3,0.0,,,
1820,2.1560,-0.1153,-0.1126,2.954,good,0.007,1.94,0,0,0,0,12.87,3,0.0,,,
1822,2.1560,-0.1183,0.0109,3.015,good,0.004,2.12,0,0,0,0,12.42,2,0.0,,,
1823,2.1560,-0.1176,-0.2347,2.999,good,0.037,2.83,0,0,0,0,12.57,2,0.0,,,
1821,2.1600,-0.1092,-0.1596,2.810,broken,0.839,5.15,1,1,1,0,14.44,3,2.4,11,1866,
1825,2.1600,-0.1186,0.0143,3.012,good,0.058,6.70,0,0,0,0,12.59,2,0.0,,,
1826,2.1600,-0.1186,0.1033,2.984,good,0.001,3.18,0,0,0,0,13.26,2,0.0,,,
1824,2.1640,-0.1136,-0.1867,3.054,good,0.002,3.32,0,0,0,0,9.94,3,0.0,,,
1832,2.1680,-0.1196,0.0588,2.665,good,0.045,2.40,0,0,0,0,22.41,2,0.0,,,
1833,2.1680,-0.1160,-0.2069,3.184,husk,1.000,10.29,1,1,1,0,7.82,2,2.4,5,1870,
1827,2.1720,-0.1163,0.0451,2.931,good,0.000,2.75,0,0,0,0,13.81,3,0.0,,,
1828,2.1720,-0.1127,-0.0250,3.076,good,0.001,3.92,0,0,0,0,9.13,3,0.0,,,
1829,2.1720,-0.1124,0.1360,3.082,good,0.000,2.52,0,0,0,0,8.91,3,0.0,,,
1830,2.1720,-0.1118,-0.0415,2.968,good,0.001,2.36,0,0,0,0,11.34,3,0.0,,,
1831,2.1720,-0.1100,0.1616,2.986,good,0.003,6.85,0,0,0,0,10.33,3,0.0,,,
1838,2.1720,-0.1181,-0.0985,3.319,good,0.066,2.61,0,0,0,0,5.69,2,0.0,,,
1834,2.1760,-0.1161,-0.2168,2.994,good,0.002,2.82,0,0,0,0,12.18,3,0.0,,,
1835,2.1760,-0.1124,0.1963,2.970,good,0.001,8.48,0,0,0,0,11.49,3,0.0,,,
1836,2.1760,-0.1122,-0.1651,2.973,good,0.001,6.41,0,0,0,0,11.37,3,0.0,,,
1837,2.1760,-0.1124,-0.0653,2.974,faded,0.874,3.14,1,1,1,0,11.41,3,3.2,23,1874,
1841,2.1760,-0.1193,-0.1481,2.995,broken,0.507,2.35,1,1,1,0,13.22,2,2.4,13|12,1879,1879
1842,2.1760,-0.1163,0.1805,2.936,insect,1.000,6.21,1,1,1,0,13.67,2,3.1,55|54,1856,1856
1843,2.1760,-0.1134,-0.2404,3.450,good,0.430,2.63,0,0,0,0,1.86,2,0.0,,,
1847,2.1760,-0.1048,-0.1024,3.000,good,0.056,2.40,0,0,0,0,8.27,1,0.0,,,
1839,2.1800,-0.1085,-0.0142,2.987,good,0.004,4.08,0,0,0,0,9.79,3,0.0,,,
1840,2.1800,-0.1080,0.1420,2.996,good,0.001,2.73,0,0,0,0,9.43,3,0.0,,,
1844,2.1840,-0.1399,0.0366,3.000,good,0.002,3.24,0,0,0,0,11.98,1,0.0,,,
1845,2.1840,-0.1148,0.0848,2.987,broken,0.998,4.16,1,1,1,0,11.92,3,2.4,42|43,1872,1872
1846,2.1840,-0.1120,0.1450,2.544,good,0.036,3.40,0,0,0,0,23.31,3,0.0,,,
1851,2.1840,-0.1177,0.0438,2.942,good,0.107,4.31,0,0,0,0,13.98,2,0.0,,,
1852,2.1840,-0.1164,-0.0605,3.382,good,0.001,2.84,0,0,0,0,3.99,2,0.0,,,
1848,2.1880,-0.1152,-0.2031,2.994,good,0.000,3.88,0,0,0,0,11.89,3,0.0,,,
1849,2.1880,-0.1148,-0.1265,2.992,good,0.084,1.85,0,0,0,0,11.78,3,0.0,,,
1850,2.1880,-0.1154,-0.1776,2.911,good,0.006,2.28,0,0,0,0,13.99,3,0.0,,,
1856,2.1880,-0.1195,-0.0106,3.094,good,0.004,3.54,0,0,0,0,10.92,2,0.0,,,
1861,2.1880,-0.1018,0.1416,3.000,good,0.053,3.33,0,0,0,0,7.26,1,0.0,,,
1853,2.1920,-0.1145,-0.1388,3.019,insect,1.000,4.22,1,1,1,0,11.04,3,3.1,14,1876,1876
1854,2.1920,-0.1108,0.1475,2.999,sour,1.000,23.64,1,1,1,0,10.29,3,3.2,50|51,1894,1894
1855,2.1920,-0.1088,0.2214,3.003,good,0.004,2.38,0,0,0,0,9.54,3,0.0,,,
1860,2.1920,-0.1163,-0.2293,3.023,good,0.012,5.55,0,0,0,0,11.56,2,0.0,,,
1866,2.1920,-0.1071,-0.0074,3.000,good,0.004,3.56,0,0,0,0,9.03,1,0.0,,,
1857,2.1960,-0.1098,-0.0741,3.170,good,0.072,5.43,0,0,0,0,6.20,3,0.0,,,
1858,2.1960,-0.1084,0.0926,3.001,good,0.000,3.80,0,0,0,0,9.46,3,0.0,,,
1859,2.1960,-0.1088,-0.1958,3.005,good,0.001,2.89,0,0,0,0,9.49,3,0.0,,,
1862,2.2000,-0.1129,0.2045,3.117,sour,1.000,11.59,1,1,1,0,8.31,3,3.2,58|57,1902,
1863,2.2000,-0.1143,-0.0258,3.112,good,0.001,1.78,0,0,0,0,8.86,3,0.0,,,
1864,2.2000,-0.1135,0.1650,3.005,husk,1.000,11.21,1,1,1,0,11.05,3,2.4,53|52,1889,1889
1865,2.2000,-0.1088,-0.0880,3.016,good,0.001,1.61,0,0,0,0,9.23,3,0.0,,,
1871,2.2000,-0.1139,0.0572,3.301,good,0.006,2.50,0,0,0,0,4.79,2,0.0,,,
1872,2.2000,-0.1313,0.0894,3.000,shell,0.954,67.24,1,1,1,0,13.09,1,2.4,43,1877,
1867,2.2040,-0.1149,-0.1884,3.045,good,0.176,4.17,0,0,0,0,10.59,3,0.0,,,
1868,2.2040,-0.1099,-0.1663,2.987,black,1.000,55.81,1,1,1,0,10.28,3,3.2,10,1912,1912
1869,2.2040,-0.1104,0.1664,2.999,good,0.015,2.87,0,0,0,0,10.18,3,0.0,,,
1870,2.2040,-0.1084,0.2364,3.004,good,0.007,5.66,0,0,0,0,9.37,3,0.0,,,
1873,2.2080,-0.1110,-0.1929,3.033,good,0.308,4.99,0,0,0,0,9.57,3,0.0,,,
1874,2.2080,-0.1085,-0.0651,2.969,broken,0.847,2.08,1,1,1,0,10.23,3,2.4,23,1915,1915
1875,2.2120,-0.1134,0.0136,3.002,good,0.000,3.52,0,0,0,0,11.09,3,0.0,,,
1876,2.2120,-0.1120,0.2019,3.001,good,0.008,2.54,0,0,0,0,10.65,3,0.0,,,
1877,2.2120,-0.1179,-0.1965,2.867,good,0.001,2.96,0,0,0,0,16.00,2,0.0,,,
1878,2.2120,-0.1163,0.0566,3.013,good,0.000,2.72,0,0,0,0,11.79,2,0.0,,,
1879,2.2120,-0.1170,0.1691,2.979,good,0.021,1.63,0,0,0,0,12.85,2,0.0,,,
1884,2.2160,-0.1168,0.1446,2.995,good,0.016,4.66,0,0,0,0,12.37,2,0.0,,,
1892,2.2160,-0.1063,-0.1919,3.000,good,0.014,2.92,0,0,0,0,8.78,1,0.0,,,
1880,2.2200,-0.1086,-0.1712,3.085,good,0.003,7.07,0,0,0,0,7.61,3,0.0,,,
1881,2.2200,-0.1216,0.1802,2.883,good,0.491,5.57,0,0,0,0,12.84,2,0.0,,,
1882,2.2200,-0.1105,0.0423,2.876,good,0.001,3.72,0,0,0,0,13.17,3,0.0,,,
1883,2.2200,-0.1083,-0.1224,2.949,good,0.001,3.69,0,0,0,0,10.65,3,0.0,,,
1890,2.2200,-0.1182,0.0083,3.037,good,0.007,3.09,0,0,0,0,11.83,2,0.0,,,
1891,2.2200,-0.1182,-0.2106,3.027,good,0.001,2.14,0,0,0,0,12.09,2,0.0,,,
1897,2.2200,-0.1100,0.1846,3.000,broken,0.968,4.48,1,1,1,0,10.00,1,2.4,55,1897,
1885,2.2240,-0.1148,0.2053,3.009,good,0.104,3.85,0,0,0,0,11.38,3,0.0,,,
1886,2.2240,-0.1145,0.2265,2.813,good,0.050,4.97,0,0,0,0,16.26,3,0.0,,,
1887,2.2240,-0.1110,0.2384,3.007,good,0.032,2.54,0,0,0,0,10.19,3,0.0,,,
1888,2.2240,-0.1114,0.0315,2.996,faded,1.000,5.31,1,1,1,0,10.56,3,3.2,36|35,1904,
1889,2.2240,-0.1098,0.1119,2.999,good,0.013,2.10,0,0,0,0,9.95,3,0.0,,,
1896,2.2240,-0.1200,0.1181,3.002,good,0.011,2.26,0,0,0,0,13.29,2,0.0,,,
1893,2.2280,-0.1141,-0.1624,3.006,good,0.351,2.25,0,0,0,0,11.21,3,0.0,,,
1894,2.2280,-0.1113,-0.0720,3.018,good,0.007,3.33,0,0,0,0,10.02,3,0.0,,,
1895,2.2280,-0.1082,-0.0342,2.996,sour,1.000,18.62,1,1,1,0,9.51,3,3.2,27,1940,1940
1900,2.2280,-0.1187,0.1986,3.004,good,0.021,3.07,0,0,0,0,12.78,2,0.0,,,
1898,2.2320,-0.1080,-0.1926,3.006,good,0.132,15.54,0,0,0,0,9.21,3,0.0,,,
1899,2.2320,-0.1087,0.0906,3.002,faded,0.619,2.31,1,1,1,0,9.52,3,3.2,43,1943,1943
1901,2.2360,-0.1143,0.0278,2.865,good,0.196,4.25,0,0,0,0,14.81,3,0.0,,,
1902,2.2360,-0.1094,0.1361,2.973,good,0.011,4.55,0,0,0,0,10.42,3,0.0,,,
1907,2.2360,-0.1165,0.0962,3.429,good,0.000,3.21,0,0,0,0,3.14,2,0.0,,,
1908,2.2360,-0.1149,-0.0294,3.022,good,0.001,3.33,0,0,0,0,11.12,2,0.0,,,
1903,2.2400,-0.1130,-0.0062,3.006,good,0.173,2.44,0,0,0,0,10.84,3,0.0,,,
1904,2.2400,-0.1098,0.2159,3.000,good,0.001,1.82,0,0,0,0,9.94,3,0.0,,,
1905,2.2400,-0.1093,0.1852,3.005,good,0.000,2.46,0,0,0,0,9.66,3,0.0,,,
1906,2.2400,-0.1094,-0.0685,2.999,good,0.402,3.94,0,0,0,0,9.84,3,0.0,,,
1911,2.2400,-0.1181,-0.2070,2.725,good,0.010,2.49,0,0,0,0,20.06,2,0.0,,,
1917,2.2400,-0.1028,0.0927,3.000,good,0.000,3.33,0,0,0,0,7.61,1,0.0,,,
1909,2.2440,-0.1148,-0.1852,2.996,good,0.014,2.10,0,0,0,0,11.71,3,0.0,,,
1910,2.2440,-0.1098,0.2039,2.977,good,0.017,2.80,0,0,0,0,10.48,3,0.0,,,
1913,2.2440,-0.1194,0.2242,3.177,good,0.003,2.79,0,0,0,0,9.06,2,0.0,,,
1914,2.2440,-0.1185,-0.1304,3.136,good,0.235,2.47,0,0,0,0,9.68,2,0.0,,,
1915,2.2440,-0.1172,0.1709,2.989,good,0.011,1.91,0,0,0,0,12.68,2,0.0,,,
1916,2.2440,-0.1171,0.0224,2.997,sour,1.000,19.26,1,1,1,0,12.42,2,3.2,34|35,1946,1946
1912,2.2480,-0.1140,0.2125,2.999,good,0.000,4.40,0,0,0,0,11.35,3,0.0,,,
1918,2.2480,-0.1178,-0.0250,3.033,good,0.000,2.41,0,0,0,0,11.79,2,0.0,,,
1919,2.2480,-0.1166,-0.0929,3.004,good,0.315,6.33,0,0,0,0,12.10,2,0.0,,,
1922,2.2520,-0.1172,0.1834,3.010,good,0.005,3.55,0,0,0,0,12.14,2,0.0,,,
1920,2.2560,-0.1106,-0.2345,2.934,good,0.001,2.92,0,0,0,0,11.79,3,0.0,,,
1921,2.2560,-0.1142,-0.1433,2.635,good,0.020,3.69,0,0,0,0,21.29,3,0.0,,,
1924,2.2560,-0.1167,0.0396,3.450,husk,1.000,12.81,1,1,1,0,2.80,2,2.4,37|36,1982,
1925,2.2560,-0.1175,0.1221,3.079,good,0.002,2.83,0,0,0,0,10.64,2,0.0,,,
1923,2.2600,-0.1102,0.1917,2.979,good,0.031,2.51,0,0,0,0,10.57,3,0.0,,,
1927,2.2600,-0.1193,0.1863,3.028,good,0.029,3.13,0,0,0,0,12.42,2,0.0,,,
1926,2.2640,-0.1099,0.1359,2.999,good,0.000,2.03,0,0,0,0,10.00,3,0.0,,,
1928,2.2680,-0.1111,-0.1976,3.450,good,0.001,2.69,0,0,0,0,1.19,3,0.0,,,
1929,2.2680,-0.1113,0.1690,3.000,good,0.005,4.80,0,0,0,0,10.44,3,0.0,,,
1930,2.2680,-0.1090,0.0636,3.076,good,0.014,3.42,0,0,0,0,7.94,3,0.0,,,
1935,2.2680,-0.1190,0.2357,2.902,good,0.000,5.46,0,0,0,0,15.49,2,0.0,,,
1931,2.2720,-0.1125,0.0311,3.018,black,1.000,49.90,1,1,1,0,10.41,3,3.2,35|36,1980,1980
1932,2.2720,-0.1121,0.0869,3.001,good,0.001,1.82,0,0,0,0,10.66,3,0.0,,,
1933,2.2720,-0.1107,-0.1497,3.013,insect,1.000,5.50,1,1,1,0,9.92,3,3.1,12|13,1976,1976
1934,2.2720,-0.1082,0.1925,2.973,good,0.008,4.75,0,0,0,0,10.05,3,0.0,,,
1936,2.2760,-0.1147,0.1343,2.965,good,0.005,3.59,0,0,0,0,12.42,3,0.0,,,
1937,2.2760,-0.1136,-0.0267,2.996,faded,0.870,2.90,1,1,1,0,11.29,3,3.2,28,1969,1969
1941,2.2760,-0.1172,0.0577,2.846,good,0.005,2.99,0,0,0,0,16.31,2,0.0,,,
1942,2.2760,-0.1151,-0.2041,3.004,good,0.000,2.22,0,0,0,0,11.62,2,0.0,,,
1938,2.2800,-0.1125,0.0665,3.131,good,0.000,2.17,0,0,0,0,7.85,3,0.0,,,
1939,2.2800,-0.1081,-0.1132,2.991,good,0.003,11.73,0,0,0,0,9.55,3,0.0,,,
1940,2.2800,-0.1088,-0.0423,2.985,good,0.004,3.03,0,0,0,0,9.93,3,0.0,,,
1945,2.2800,-0.1180,0.1154,2.996,good,0.002,2.43,0,0,0,0,12.78,2,0.0,,,
1951,2.2800,-0.1058,0.0535,3.000,good,0.002,3.01,0,0,0,0,8.61,1,0.0,,,
1943,2.2840,-0.1114,-0.0833,2.844,good,0.003,2.17,0,0,0,0,14.34,3,0.0,,,
1944,2.2840,-0.1114,-0.0605,2.996,good,0.008,3.12,0,0,0,0,10.57,3,0.0,,,
1946,2.2880,-0.1150,0.1304,2.992,good,0.000,3.45,0,0,0,0,11.86,3,0.0,,,
1947,2.2880,-0.1148,-0.1109,2.733,faded,0.912,4.28,1,1,1,0,18.59,3,3.2,17|18,2023,2023
1948,2.2880,-0.1118,-0.0020,3.028,good,0.015,2.35,0,0,0,0,9.96,3,0.0,,,
1949,2.2880,-0.1096,0.1499,3.001,good,0.083,2.57,0,0,0,0,9.85,3,0.0,,,
1950,2.2880,-0.1091,-0.0972,2.998,good,0.001,1.50,0,0,0,0,9.74,3,0.0,,,
1957,2.2880,-0.1197,-0.1873,2.999,good,0.001,3.42,0,0,0,0,13.28,2,0.0,,,
1958,2.2880,-0.1117,-0.1887,3.030,good,0.017,3.11,0,0,0,0,9.86,2,0.0,,,
1952,2.2920,-0.1147,0.1095,3.007,good,0.023,2.87,0,0,0,0,11.39,3,0.0,,,
1953,2.2920,-0.1121,0.2339,3.040,good,0.258,3.11,0,0,0,0,9.79,3,0.0,,,
1954,2.2920,-0.1116,0.0925,3.017,good,0.036,5.80,0,0,0,0,10.14,3,0.0,,,
1955,2.2920,-0.1104,0.1231,3.000,good,0.001,1.97,0,0,0,0,10.13,3,0.0,,,
1956,2.2920,-0.1345,0.0496,3.000,shell,1.000,6.22,1,1,1,0,10.18,1,2.4,38,2020,
1961,2.2920,-0.1199,0.0903,3.023,good,0.003,3.58,0,0,0,0,12.74,2,0.0,,,
1962,2.2920,-0.1181,0.0756,2.991,good,0.070,2.27,0,0,0,0,12.92,2,0.0,,,
1963,2.2920,-0.1204,0.0467,3.000,shell,0.999,5.90,1,1,1,0,9.48,1,2.4,37|38,,
1970,2.2920,-0.1062,0.0438,3.000,shell,1.000,5.78,1,1,1,0,8.75,1,2.4,37,2022,
1959,2.2960,-0.1131,-0.2173,3.053,good,0.000,3.92,0,0,0,0,9.79,3,0.0,,,
1960,2.2960,-0.1106,-0.1441,3.009,good,0.025,2.78,0,0,0,0,9.99,3,0.0,,,
1969,2.2960,-0.1146,0.0198,3.005,black,1.000,50.18,1,1,1,0,11.42,2,3.2,34,1989,1989
1964,2.3000,-0.1166,0.0281,3.026,good,0.027,3.53,0,0,0,0,11.58,3,0.0,,,
1965,2.3000,-0.1131,0.0930,3.081,good,0.004,2.73,0,0,0,0,9.16,3,0.0,,,
1966,2.3000,-0.1135,-0.0868,3.009,good,0.013,2.21,0,0,0,0,10.96,3,0.0,,,
1967,2.3000,-0.1161,0.0183,2.960,stick,1.000,18.77,1,1,1,0,13.01,3,2.4,34,1991,1991
1968,2.3000,-0.1110,-0.0978,2.993,faded,0.993,4.34,1,1,1,0,10.50,3,3.2,19,2001,2001
1973,2.3000,-0.1197,0.0010,2.969,good,0.003,1.93,0,0,0,0,14.01,2,0.0,,,
1974,2.3000,-0.1150,0.0521,3.077,good,0.001,2.44,0,0,0,0,9.87,2,0.0,,,
1971,2.3040,-0.1113,0.1874,2.980,good,0.002,2.74,0,0,0,0,10.88,3,0.0,,,
1972,2.3040,-0.1091,0.1728,2.998,good,0.006,2.98,0,0,0,0,9.75,3,0.0,,,
1977,2.3040,-0.1163,0.1376,2.997,good,0.002,2.13,0,0,0,0,12.17,2,0.0,,,
1975,2.3080,-0.1155,-0.1420,3.000,good,0.001,2.20,0,0,0,0,11.83,3,0.0,,,
1976,2.3080,-0.1124,0.0232,3.006,good,0.164,2.21,0,0,0,0,10.66,3,0.0,,,
1978,2.3120,-0.1124,-0.0258,2.939,sour,0.978,14.70,1,1,1,0,12.27,3,3.2,28,2002|2018,2018
1980,2.3120,-0.1197,0.0992,3.006,good,0.000,2.30,0,0,0,0,13.07,2,0.0,,,
1981,2.3120,-0.1118,0.0582,3.450,good,0.056,2.45,0,0,0,0,1.39,2,0.0,,,
1979,2.3160,-0.1098,0.1930,3.001,good,0.049,3.03,0,0,0,0,9.89,3,0.0,,,
1982,2.3160,-0.1168,-0.1290,3.088,sour,1.000,20.80,1,1,1,0,10.23,2,3.2,15,2029,2029
1983,2.3160,-0.1168,-0.1995,2.992,good,0.030,3.09,0,0,0,0,12.47,2,0.0,,,
1987,2.3200,-0.1156,-0.0865,2.993,faded,0.718,7.66,1,1,1,0,12.03,2,3.2,20|21,1996|2004,1996|2004
1984,2.3240,-0.1127,0.0832,3.009,black,1.000,44.96,1,1,1,0,10.69,3,3.2,42,2041,2041
1985,2.3240,-0.1096,-0.1946,3.075,good,0.150,3.39,0,0,0,0,8.15,3,0.0,,,
1986,2.3240,-0.1098,0.2264,2.782,good,0.004,3.07,0,0,0,0,15.41,3,0.0,,,
1991,2.3240,-0.1198,0.0957,2.995,good,0.001,5.72,0,0,0,0,13.38,2,0.0,,,
1992,2.3240,-0.1178,-0.0711,2.971,good,0.011,3.53,0,0,0,0,13.31,2,0.0,,,
1993,2.3240,-0.1137,0.1616,3.306,good,0.006,2.38,0,0,0,0,4.63,2,0.0,,,
1988,2.3280,-0.1135,0.1458,2.911,good,0.006,3.15,0,0,0,0,13.33,3,0.0,,,
1989,2.3280,-0.1093,0.1080,3.116,good,0.005,3.29,0,0,0,0,7.17,3,0.0,,,
1990,2.3280,-0.1084,0.0329,2.987,black,1.000,46.87,1,1,1,0,9.76,3,3.2,36,2031,2031
1997,2.3280,-0.1158,0.0717,3.190,good,0.044,8.28,0,0,0,0,7.65,2,0.0,,,
1999,2.3280,-0.1011,0.1650,3.000,good,0.001,1.80,0,0,0,0,7.03,1,0.0,,,
1994,2.3320,-0.1141,0.0405,3.027,good,0.003,2.19,0,0,0,0,10.72,3,0.0,,,
1995,2.3320,-0.1141,0.1433,3.001,good,0.029,1.98,0,0,0,0,11.36,3,0.0,,,
1996,2.3320,-0.1150,-0.1872,3.001,good,0.006,3.43,0,0,0,0,11.63,3,0.0,,,
1998,2.3360,-0.1150,-0.0258,3.040,faded,1.000,6.43,1,1,1,0,10.73,3,3.2,28,2038,2038
2003,2.3360,-0.1179,-0.0094,3.004,insect,1.000,4.38,1,1,1,0,12.54,2,3.1,30,2060,2060
2004,2.3360,-0.1174,-0.0816,3.003,faded,0.993,4.09,1,1,1,0,12.39,2,3.2,21,2032,2032
2000,2.3400,-0.1155,0.1202,2.994,good,0.025,3.73,0,0,0,0,12.00,3,0.0,,,
2001,2.3400,-0.1120,-0.0761,2.984,good,0.000,4.23,0,0,0,0,11.05,3,0.0,,,
2002,2.3400,-0.1082,-0.0332,3.059,black,1.000,50.28,1,1,1,0,8.06,3,3.2,27,2028,2028
2005,2.3440,-0.1118,-0.1194,3.001,good,0.001,2.43,0,0,0,0,10.58,3,0.0,,,
2006,2.3440,-0.1106,0.1319,3.032,good,0.004,2.54,0,0,0,0,9.45,3,0.0,,,
2007,2.3440,-0.1083,0.2003,3.052,good,0.000,2.05,0,0,0,0,8.25,3,0.0,,,
2008,2.3480,-0.1148,-0.1970,2.999,good,0.007,3.99,0,0,0,0,11.61,3,0.0,,,
2009,2.3480,-0.1138,0.1385,3.004,good,0.005,2.83,0,0,0,0,11.15,3,0.0,,,
2010,2.3480,-0.1126,-0.1583,3.001,broken,0.989,3.03,1,1,1,0,10.85,3,2.4,11,2048,2048
2011,2.3480,-0.1260,0.2003,2.292,good,0.093,4.27,0,0,0,0,34.62,2,0.0,,,
2014,2.3480,-0.1194,-0.0490,3.002,good,0.049,2.57,0,0,0,0,13.10,2,0.0,,,
2016,2.3480,-0.1196,-0.1752,2.944,good,0.001,3.74,0,0,0,0,14.59,2,0.0,,,
2019,2.3480,-0.1168,0.2040,3.000,good,0.049,4.19,0,0,0,0,12.28,1,0.0,,,
2012,2.3520,-0.1132,0.0056,2.977,faded,0.998,4.46,1,1,1,0,11.61,3,3.2,32,2035,2035
2013,2.3520,-0.1119,-0.0186,2.635,good,0.010,4.63,0,0,0,0,20.43,3,0.0,,,
2015,2.3520,-0.1091,0.1480,3.004,good,0.000,2.97,0,0,0,0,9.62,3,0.0,,,
2018,2.3520,-0.1164,-0.0836,3.010,good,0.024,2.51,0,0,0,0,11.88,2,0.0,,,
2017,2.3560,-0.1118,-0.1221,2.998,good,0.073,5.92,0,0,0,0,10.65,3,0.0,,,
2020,2.3600,-0.1159,0.0320,3.075,good,0.002,2.76,0,0,0,0,10.23,3,0.0,,,
2021,2.3600,-0.1255,0.0928,3.204,good,0.002,2.20,0,0,0,0,6.38,2,0.0,,,
2022,2.3600,-0.1132,-0.0290,2.996,good,0.003,2.72,0,0,0,0,11.18,3,0.0,,,
2026,2.3600,-0.1160,0.0040,2.998,good,0.001,3.38,0,0,0,0,12.05,2,0.0,,,
2032,2.3600,-0.1127,0.0896,3.000,good,0.001,2.06,0,0,0,0,10.89,1,0.0,,,
2023,2.3640,-0.1132,0.0695,3.031,good,0.000,1.83,0,0,0,0,10.35,3,0.0,,,
2024,2.3640,-0.1125,-0.1288,3.001,good,0.003,1.98,0,0,0,0,10.82,3,0.0,,,
2025,2.3640,-0.1098,0.2137,3.002,good,0.001,2.78,0,0,0,0,9.89,3,0.0,,,
2029,2.3640,-0.1174,-0.0912,3.450,good,0.011,2.15,0,0,0,0,3.03,2,0.0,,,
2030,2.3640,-0.1194,-0.0511,3.000,good,0.428,2.78,0,0,0,0,13.16,2,0.0,,,
2031,2.3640,-0.1179,-0.1494,2.863,black,1.000,47.44,1,1,1,0,16.12,2,3.2,12|13,2053,2053
2027,2.3680,-0.1150,0.1825,3.052,good,0.015,3.24,0,0,0,0,10.45,3,0.0,,,
2028,2.3680,-0.1110,0.1243,3.008,good,0.001,2.13,0,0,0,0,10.12,3,0.0,,,
2033,2.3680,-0.1188,-0.1580,3.000,good,0.001,3.01,0,0,0,0,12.94,2,0.0,,,
2039,2.3720,-0.1187,0.1301,2.978,insect,1.000,8.07,1,1,1,0,13.44,2,3.1,48,2073,2073
2034,2.3760,-0.1146,0.1184,3.021,good,0.003,1.66,0,0,0,0,11.03,3,0.0,,,
2035,2.3760,-0.1172,-0.1622,2.454,good,0.063,5.20,0,0,0,0,28.50,3,0.0,,,
2036,2.3760,-0.1109,-0.1827,3.000,good,0.001,1.87,0,0,0,0,10.30,3,0.0,,,
2037,2.3760,-0.1119,0.1738,2.997,black,1.000,52.25,1,1,1,0,10.69,3,3.2,54,2063,
2038,2.3760,-0.1094,0.0758,3.003,good,0.001,2.80,0,0,0,0,9.74,3,0.0,,,
2043,2.3760,-0.1174,0.1070,2.990,good,0.023,4.24,0,0,0,0,12.73,2,0.0,,,
2040,2.3800,-0.1154,0.1057,3.002,good,0.003,3.05,0,0,0,0,11.76,3,0.0,,,
2041,2.3800,-0.1090,-0.0080,2.997,good,0.082,2.06,0,0,0,0,9.72,3,0.0,,,
2042,2.3800,-0.1100,-0.1857,3.000,faded,0.995,3.54,1,1,1,0,10.00,3,3.2,8,2069,2069
2047,2.3800,-0.1194,-0.1912,2.956,good,0.004,4.28,0,0,0,0,14.24,2,0.0,,,
2053,2.3800,-0.1074,-0.1655,3.000,good,0.026,5.30,0,0,0,0,9.13,1,0.0,,,
2044,2.3840,-0.1102,-0.1497,2.995,good,0.002,2.47,0,0,0,0,10.19,3,0.0,,,
2045,2.3840,-0.1096,-0.2340,3.093,good,0.007,5.87,0,0,0,0,7.78,3,0.0,,,
2046,2.3840,-0.1098,0.1670,2.992,good,0.000,2.17,0,0,0,0,10.12,3,0.0,,,
2051,2.3840,-0.1189,0.0332,2.999,black,1.000,46.71,1,1,1,0,13.00,2,3.2,36,2071,2071
2052,2.3840,-0.1159,-0.2089,3.019,good,0.025,3.06,0,0,0,0,11.50,2,0.0,,,
2048,2.3880,-0.1121,0.2132,3.411,good,0.008,3.22,0,0,0,0,2.17,3,0.0,,,
2049,2.3880,-0.1237,-0.2253,3.193,broken,0.976,20.68,1,1,1,0,6.05,2,2.4,3|2,,
2050,2.3880,-0.1096,0.1024,2.907,good,0.017,2.54,0,0,0,0,12.10,3,0.0,,,
2059,2.3880,-0.1110,-0.2221,3.000,broken,0.980,19.47,1,1,1,0,10.32,1,2.4,3,2074,
2054,2.3920,-0.1114,-0.0335,3.002,good,0.003,1.97,0,0,0,0,10.43,3,0.0,,,
2056,2.3920,-0.1164,-0.2117,3.103,good,0.014,2.00,0,0,0,0,9.75,2,0.0,,,
2057,2.3920,-0.1157,-0.0903,2.998,good,0.037,1.95,0,0,0,0,11.94,2,0.0,,,
2058,2.3920,-0.1157,-0.0447,2.964,good,0.000,2.19,0,0,0,0,12.79,2,0.0,,,
2055,2.3960,-0.1099,0.1059,2.998,good,0.004,3.04,0,0,0,0,10.03,3,0.0,,,
2060,2.4000,-0.1142,0.1970,2.999,good,0.000,2.25,0,0,0,0,11.42,3,0.0,,,
2061,2.4000,-0.1152,-0.0583,2.813,good,0.133,2.64,0,0,0,0,16.50,3,0.0,,,
2062,2.4000,-0.1102,-0.1072,3.003,good,0.002,2.30,0,0,0,0,9.99,3,0.0,,,
2063,2.4000,-0.1092,-0.0178,2.998,good,0.022,5.10,0,0,0,0,9.76,3,0.0,,,
2064,2.4000,-0.1100,0.1730,2.997,faded,0.983,4.39,1,1,1,0,10.06,3,3.2,54|53,2091,2091
2065,2.4040,-0.1119,-0.1715,2.920,good,0.001,9.44,0,0,0,0,12.57,3,0.0,,,
2066,2.4040,-0.1149,0.0066,2.455,husk,0.994,41.89,1,1,1,0,27.54,3,2.4,32|33,2058,
2072,2.4040,-0.1180,-0.0475,2.994,good,0.002,1.77,0,0,0,0,12.80,2,0.0,,,
2073,2.4040,-0.1154,-0.0853,3.097,good,0.001,3.36,0,0,0,0,9.54,2,0.0,,,
2067,2.4080,-0.1152,-0.0746,3.001,faded,1.000,5.70,1,1,1,0,11.71,3,3.2,22,2098,2098
2068,2.4080,-0.1118,-0.0009,3.000,good,0.002,9.14,0,0,0,0,10.60,3,0.0,,,
2069,2.4080,-0.1364,0.2299,3.000,good,0.200,10.20,0,0,0,0,10.80,1,0.0,,,
2070,2.4080,-0.1113,0.1982,3.002,good,0.003,3.20,0,0,0,0,10.39,3,0.0,,,
2071,2.4080,-0.1096,-0.1550,3.006,good,0.001,2.54,0,0,0,0,9.74,3,0.0,,,
2076,2.4080,-0.1154,-0.1688,3.008,insect,1.000,4.53,1,1,1,0,11.61,2,3.1,10,2121,2121
2077,2.4080,-0.1253,0.2331,3.000,broken,0.716,11.80,1,1,1,0,11.10,1,2.4,61|62,,
2080,2.4080,-0.1141,0.2362,3.000,good,0.349,10.60,0,0,0,0,11.38,1,0.0,,,
2081,2.4080,-0.1052,0.0100,3.000,husk,0.980,42.49,1,1,1,0,8.40,1,2.4,33,2058,
2074,2.4120,-0.1156,-0.2348,3.002,good,0.201,2.36,0,0,0,0,11.82,3,0.0,,,
2075,2.4120,-0.1113,-0.0976,3.012,good,0.000,4.90,0,0,0,0,10.14,3,0.0,,,
2079,2.4120,-0.1185,-0.1139,2.900,good,0.004,2.85,0,0,0,0,15.34,2,0.0,,,
2088,2.4120,-0.1030,0.2394,3.000,good,0.027,10.61,0,0,0,0,7.66,1,0.0,,,
2078,2.4160,-0.1088,-0.1393,2.925,good,0.001,2.84,0,0,0,0,11.38,3,0.0,,,
2086,2.4160,-0.1195,0.1401,2.986,good,0.002,2.20,0,0,0,0,13.52,2,0.0,,,
2087,2.4160,-0.1164,0.1920,3.001,good,0.176,4.76,0,0,0,0,12.11,2,0.0,,,
2082,2.4200,-0.1145,0.1031,3.055,good,0.016,6.74,0,0,0,0,10.20,3,0.0,,,
2083,2.4200,-0.1157,0.0297,2.789,good,0.002,1.52,0,0,0,0,17.35,3,0.0,,,
2084,2.4200,-0.1102,-0.2145,3.145,good,0.010,2.64,0,0,0,0,6.84,3,0.0,,,
2085,2.4200,-0.1095,-0.1011,2.969,broken,0.818,4.33,1,1,1,0,10.56,3,2.4,19|18,2130,2130
2089,2.4240,-0.1116,-0.2153,3.007,good,0.003,3.18,0,0,0,0,10.39,3,0.0,,,
2090,2.4240,-0.1368,0.0015,3.000,good,0.007,3.93,0,0,0,0,10.95,1,0.0,,,
2091,2.4240,-0.1073,-0.1937,3.450,faded,0.572,4.29,1,1,1,0,0.09,3,3.2,7,2123,
2092,2.4240,-0.1091,-0.1081,3.033,good,0.036,3.27,0,0,0,0,8.95,3,0.0,,,
2094,2.4240,-0.1180,0.1515,3.134,good,0.031,7.58,0,0,0,0,9.57,2,0.0,,,
2095,2.4240,-0.1228,0.0050,3.000,good,0.049,4.28,0,0,0,0,10.28,1,0.0,,,
2098,2.4240,-0.1089,0.0086,3.000,good,0.001,3.96,0,0,0,0,9.62,1,0.0,,,
2093,2.4280,-0.1227,-0.0548,2.955,faded,0.656,3.88,1,1,1,0,11.36,2,3.2,24|25,,
2100,2.4280,-0.1109,-0.0580,3.000,good,0.463,3.79,0,0,0,0,10.29,1,0.0,,,
2096,2.4320,-0.1139,0.1465,3.009,good,0.005,2.40,0,0,0,0,11.09,3,0.0,,,
2097,2.4320,-0.1134,0.1207,3.001,good,0.001,2.78,0,0,0,0,11.11,3,0.0,,,
2099,2.4360,-0.1133,0.1746,3.203,good,0.042,2.93,0,0,0,0,6.59,3,0.0,,,
2103,2.4360,-0.1170,0.2302,3.121,good,0.001,7.27,0,0,0,0,9.54,2,0.0,,,
2104,2.4360,-0.1187,-0.0614,2.915,faded,0.994,4.33,1,1,1,0,15.02,2,3.2,24|23,2148,2148
2105,2.4360,-0.1187,0.0895,3.002,good,0.000,2.12,0,0,0,0,12.86,2,0.0,,,
2101,2.4400,-0.1104,0.0982,3.005,good,0.069,5.33,0,0,0,0,10.01,3,0.0,,,
2102,2.4400,-0.1135,0.0442,2.397,good,0.000,2.35,0,0,0,0,29.07,3,0.0,,,
2108,2.4400,-0.1166,0.0862,2.926,good,0.000,2.89,0,0,0,0,14.03,2,0.0,,,
2109,2.4400,-0.1150,-0.0995,2.997,good,0.135,6.51,0,0,0,0,11.73,2,0.0,,,
2114,2.4400,-0.1005,0.1714,3.000,good,0.086,2.88,0,0,0,0,6.83,1,0.0,,,
2106,2.4440,-0.1189,-0.1210,2.517,good,0.014,3.43,0,0,0,0,26.96,3,0.0,,,
2107,2.4440,-0.1108,-0.0651,3.020,good,0.000,2.80,0,0,0,0,9.79,3,0.0,,,
2117,2.4440,-0.1122,0.0346,3.000,good,0.005,2.48,0,0,0,0,10.73,1,0.0,,,
2110,2.4480,-0.1153,0.2216,2.999,good,0.000,3.07,0,0,0,0,11.77,3,0.0,,,
2111,2.4480,-0.1143,0.1219,3.001,good,0.004,1.98,0,0,0,0,11.40,3,0.0,,,
2112,2.4480,-0.1124,0.1104,3.025,good,0.000,2.17,0,0,0,0,10.19,3,0.0,,,
2113,2.4480,-0.1110,0.0354,2.376,good,0.004,11.32,0,0,0,0,28.81,3,0.0,,,
2115,2.4520,-0.1148,0.0095,2.983,good,0.001,2.06,0,0,0,0,12.03,3,0.0,,,
2116,2.4520,-0.1127,-0.1559,3.047,good,0.020,7.39,0,0,0,0,9.82,3,0.0,,,
2119,2.4520,-0.1186,0.0825,3.012,good,0.000,3.42,0,0,0,0,12.56,2,0.0,,,
2120,2.4520,-0.1147,-0.1686,3.011,good,0.003,8.83,0,0,0,0,11.29,2,0.0,,,
2121,2.4520,-0.1166,-0.0818,2.995,good,0.001,3.92,0,0,0,0,12.32,2,0.0,,,
2118,2.4560,-0.1146,-0.0339,2.973,good,0.006,2.86,0,0,0,0,12.18,3,0.0,,,
2125,2.4560,-0.1183,-0.0786,3.211,good,0.002,1.90,0,0,0,0,8.00,2,0.0,,,
2126,2.4560,-0.1190,0.1770,2.992,good,0.002,2.51,0,0,0,0,13.18,2,0.0,,,
2122,2.4600,-0.1137,-0.1922,3.009,good,0.006,1.70,0,0,0,0,11.03,3,0.0,,,
2123,2.4600,-0.1137,0.1435,2.997,good,0.001,6.13,0,0,0,0,11.32,3,0.0,,,
2124,2.4600,-0.1115,-0.0240,2.996,good,0.001,3.57,0,0,0,0,10.59,3,0.0,,,
2127,2.4640,-0.1130,0.0966,2.986,insect,1.000,5.66,1,1,1,0,11.35,3,3.1,44,2181,2181
2128,2.4640,-0.1091,0.1156,2.984,good,0.194,2.42,0,0,0,0,10.08,3,0.0,,,
2129,2.4640,-0.1091,0.0410,2.839,good,0.055,2.56,0,0,0,0,13.67,3,0.0,,,
2130,2.4640,-0.1091,-0.1077,3.050,good,0.019,3.04,0,0,0,0,8.55,3,0.0,,,
2132,2.4640,-0.1174,-0.1280,2.975,good,0.028,7.74,0,0,0,0,13.08,2,0.0,,,
2133,2.4640,-0.1176,-0.0063,3.000,good,0.006,2.59,0,0,0,0,12.54,2,0.0,,,
2131,2.4680,-0.1091,0.1835,2.993,good,0.002,2.37,0,0,0,0,9.86,3,0.0,,,
2137,2.4680,-0.1197,-0.0611,3.000,good,0.008,2.72,0,0,0,0,13.23,2,0.0,,,
2138,2.4680,-0.1191,0.1648,2.993,faded,1.000,4.76,1,1,1,0,13.21,2,3.2,53|52,2169,2169
2139,2.4680,-0.1188,0.1530,2.970,good,0.125,1.69,0,0,0,0,13.66,2,0.0,,,
2134,2.4720,-0.1116,-0.2048,2.998,good,0.001,2.73,0,0,0,0,10.60,3,0.0,,,
2135,2.4720,-0.1130,-0.2339,2.956,sour,1.000,38.91,1,1,1,0,12.06,3,3.2,2|1,2178,
2136,2.4720,-0.1096,-0.1777,2.999,good,0.078,3.76,0,0,0,0,9.91,3,0.0,,,
2142,2.4720,-0.1170,0.0406,3.011,good,0.001,2.31,0,0,0,0,12.06,2,0.0,,,
2143,2.4720,-0.1163,0.0668,2.994,good,0.005,2.43,0,0,0,0,12.26,2,0.0,,,
2140,2.4760,-0.1130,-0.1574,3.011,good,0.001,3.48,0,0,0,0,10.73,3,0.0,,,
2141,2.4760,-0.1138,-0.0168,3.042,good,0.001,2.12,0,0,0,0,10.28,3,0.0,,,
2148,2.4760,-0.1186,-0.0299,2.994,good,0.000,3.52,0,0,0,0,13.03,2,0.0,,,
2149,2.4760,-0.1151,0.1770,3.385,good,0.018,3.52,0,0,0,0,3.55,2,0.0,,,
2150,2.4760,-0.1165,0.1677,3.025,good,0.004,2.04,0,0,0,0,11.58,2,0.0,,,
2144,2.4800,-0.1134,0.2234,3.015,good,0.012,3.19,0,0,0,0,10.76,3,0.0,,,
2145,2.4800,-0.1115,0.0297,2.986,good,0.012,3.16,0,0,0,0,10.84,3,0.0,,,
2146,2.4800,-0.1112,-0.1110,2.994,good,0.016,1.89,0,0,0,0,10.53,3,0.0,,,
2147,2.4800,-0.1096,0.0452,3.011,insect,1.000,5.96,1,1,1,0,9.62,3,3.1,37,2188,2188
2152,2.4800,-0.1178,-0.1233,2.980,good,0.005,3.08,0,0,0,0,13.08,2,0.0,,,
2153,2.4800,-0.1191,0.0915,2.594,faded,1.000,5.08,1,1,1,0,24.46,2,3.2,43,2154,
2151,2.4840,-0.1084,0.1626,3.002,good,0.002,2.95,0,0,0,0,9.43,3,0.0,,,
2157,2.4840,-0.1196,-0.0219,2.999,faded,0.751,3.53,1,1,1,0,13.24,2,3.2,29|28,2199,2199
2158,2.4840,-0.1167,-0.2393,2.984,good,0.254,2.98,0,0,0,0,12.62,2,0.0,,,
2154,2.4880,-0.1132,-0.1618,3.003,good,0.008,3.66,0,0,0,0,10.97,3,0.0,,,
2155,2.4880,-0.1136,0.1564,2.981,good,0.006,2.94,0,0,0,0,11.64,3,0.0,,,
2156,2.4880,-0.1136,0.1032,3.000,good,0.001,3.01,0,0,0,0,11.20,3,0.0,,,
2162,2.4880,-0.1183,-0.0971,2.998,good,0.000,3.13,0,0,0,0,12.80,2,0.0,,,
2163,2.4880,-0.1186,-0.0151,2.762,good,0.423,3.50,0,0,0,0,19.13,2,0.0,,,
2159,2.4920,-0.1128,0.1987,3.006,good,0.035,4.77,0,0,0,0,10.79,3,0.0,,,
2160,2.4920,-0.1120,-0.1145,2.998,good,0.000,3.12,0,0,0,0,10.72,3,0.0,,,
2161,2.4920,-0.1084,-0.0700,3.034,faded,0.835,3.18,1,1,1,0,8.70,3,3.2,23|22,2190,2190
2164,2.4960,-0.1151,-0.1041,3.037,good,0.006,2.87,0,0,0,0,10.84,3,0.0,,,
2165,2.4960,-0.1117,-0.1345,2.978,faded,0.900,3.41,1,1,1,0,11.11,3,3.2,14,2179,2179
2167,2.4960,-0.1167,-0.1907,2.999,good,0.000,2.01,0,0,0,0,12.24,2,0.0,,,
2168,2.4960,-0.1163,0.0787,3.171,good,0.000,2.56,0,0,0,0,8.22,2,0.0,,,
2166,2.5000,-0.1174,-0.0261,2.662,good,0.001,2.51,0,0,0,0,21.69,3,0.0,,,
2172,2.5000,-0.1159,-0.1327,2.996,good,0.026,2.39,0,0,0,0,12.05,2,0.0,,,
2169,2.5040,-0.1156,0.1063,2.997,good,0.000,1.94,0,0,0,0,11.92,3,0.0,,,
2170,2.5040,-0.1335,-0.1103,3.000,stone,1.000,7.60,1,1,1,0,9.84,1,9.1,17|18|16,,
2171,2.5040,-0.1105,0.1739,2.698,black,1.000,46.55,1,1,1,0,18.03,3,3.2,54,2186,
2174,2.5040,-0.1163,-0.1898,3.022,faded,1.000,6.67,1,1,1,0,11.56,2,3.2,7,2215,2215
2175,2.5040,-0.1246,-0.1168,3.000,stone,1.000,7.48,1,1,1,0,10.86,1,9.1,17|16|18,,
2177,2.5040,-0.1157,-0.1232,3.000,stone,1.000,7.45,1,1,1,0,11.89,1,9.1,16|15|17,2295,
2173,2.5080,-0.1107,0.0551,2.971,good,0.102,2.66,0,0,0,0,10.93,3,0.0,,,
2176,2.5080,-0.1189,0.1675,3.024,good,0.004,5.59,0,0,0,0,12.40,2,0.0,,,
2184,2.5080,-0.1067,-0.1296,3.000,stone,1.000,8.23,1,1,1,0,8.91,1,9.1,15|14|16,2295,
2182,2.5120,-0.1179,-0.1737,2.995,good,0.056,3.33,0,0,0,0,12.75,2,0.0,,,
2183,2.5120,-0.1187,0.0467,2.994,good,0.002,3.92,0,0,0,0,13.03,2,0.0,,,
2178,2.5160,-0.1401,-0.1289,3.000,good,0.026,4.11,0,0,0,0,12.03,1,0.0,,,
2179,2.5160,-0.1138,0.0367,2.984,good,0.002,2.02,0,0,0,0,11.66,3,0.0,,,
2180,2.5160,-0.1149,0.0939,2.733,good,0.004,3.62,0,0,0,0,18.62,3,0.0,,,
2181,2.5160,-0.1123,0.2295,2.992,black,1.000,57.55,1,1,1,0,10.97,3,3.2,61,2206,2206
2186,2.5160,-0.1315,-0.1322,3.000,good,0.014,4.10,0,0,0,0,13.15,1,0.0,,,
2185,2.5200,-0.1098,0.0647,2.972,good,0.000,2.53,0,0,0,0,10.59,3,0.0,,,
2190,2.5200,-0.1192,-0.0388,3.054,good,0.001,2.33,0,0,0,0,11.79,2,0.0,,,
2191,2.5200,-0.1193,-0.1304,2.956,sour,1.000,11.42,1,1,1,0,14.18,2,3.2,15,2224,2224
2192,2.5200,-0.1156,0.1027,3.240,good,0.005,2.59,0,0,0,0,6.56,2,0.0,,,
2193,2.5200,-0.1188,-0.2062,2.760,good,0.003,2.21,0,0,0,0,19.29,2,0.0,,,
2194,2.5200,-0.1228,-0.1356,3.000,good,0.024,3.94,0,0,0,0,10.28,1,0.0,,,
2199,2.5200,-0.1142,-0.1390,3.000,good,0.072,4.06,0,0,0,0,11.39,1,0.0,,,
2187,2.5240,-0.1146,0.2080,3.008,good,0.315,3.04,0,0,0,0,11.33,3,0.0,,,
2188,2.5240,-0.1129,0.1207,2.983,good,0.001,2.95,0,0,0,0,11.36,3,0.0,,,
2189,2.5240,-0.1098,-0.1212,3.221,good,0.001,2.85,0,0,0,0,5.14,3,0.0,,,
2204,2.5240,-0.1056,-0.1423,3.000,good,0.040,4.03,0,0,0,0,8.52,1,0.0,,,
2195,2.5280,-0.1264,-0.2444,2.369,faded,1.000,7.96,1,1,1,0,31.59,2,3.2,0,,
2196,2.5280,-0.1100,-0.1586,2.976,insect,1.000,5.36,1,1,1,0,10.55,3,3.1,11,2212,2212
2197,2.5280,-0.1095,0.1580,3.000,good,0.347,2.29,0,0,0,0,9.85,3,0.0,,,
2198,2.5280,-0.1089,0.0051,2.997,good,0.364,2.51,0,0,0,0,9.71,3,0.0,,,
2202,2.5280,-0.1192,-0.0506,3.006,good,0.009,2.94,0,0,0,0,12.90,2,0.0,,,
2203,2.5280,-0.1169,-0.2341,3.023,good,0.003,5.01,0,0,0,0,11.74,2,0.0,,,
2200,2.5320,-0.1144,-0.1317,3.009,good,0.023,3.72,0,0,0,0,11.27,3,0.0,,,
2201,2.5320,-0.1187,0.1061,2.362,good,0.138,7.93,0,0,0,0,32.60,3,0.0,,,
2207,2.5320,-0.1161,0.0037,2.994,good,0.004,2.28,0,0,0,0,12.17,2,0.0,,,
2205,2.5360,-0.1346,0.1024,3.000,good,0.000,3.85,0,0,0,0,10.21,1,0.0,,,
2206,2.5360,-0.1204,0.0875,2.995,good,0.001,2.24,0,0,0,0,9.59,2,0.0,,,
2217,2.5360,-0.1084,0.0917,3.000,good,0.001,2.21,0,0,0,0,9.48,1,0.0,,,
2208,2.5400,-0.1126,-0.0115,2.999,good,0.012,2.56,0,0,0,0,10.91,3,0.0,,,
2209,2.5400,-0.1114,0.1299,3.027,good,0.001,3.48,0,0,0,0,9.82,3,0.0,,,
2214,2.5400,-0.1185,0.2363,3.011,good,0.385,4.89,0,0,0,0,12.58,2,0.0,,,
2215,2.5400,-0.1179,0.2076,3.128,good,0.002,2.64,0,0,0,0,9.66,2,0.0,,,
2216,2.5400,-0.1188,-0.0687,2.646,good,0.042,2.76,0,0,0,0,22.69,2,0.0,,,
2210,2.5440,-0.1159,0.0782,3.033,good,0.046,2.18,0,0,0,0,11.19,3,0.0,,,
2211,2.5440,-0.1165,-0.1975,2.755,good,0.027,2.34,0,0,0,0,18.60,3,0.0,,,
2212,2.5440,-0.1144,0.0435,2.956,good,0.003,2.25,0,0,0,0,12.55,3,0.0,,,
2213,2.5440,-0.1123,-0.1274,2.998,broken,0.507,3.54,1,1,1,0,10.82,3,2.4,15,2247,2247
2221,2.5440,-0.1199,0.1304,3.024,good,0.000,2.63,0,0,0,0,12.71,2,0.0,,,
2222,2.5440,-0.1193,-0.1197,3.015,good,0.002,2.53,0,0,0,0,12.74,2,0.0,,,
2218,2.5480,-0.1129,-0.0108,2.998,good,0.017,2.27,0,0,0,0,11.03,3,0.0,,,
2219,2.5480,-0.1133,0.0081,3.007,good,0.000,2.69,0,0,0,0,10.94,3,0.0,,,
2220,2.5480,-0.1105,-0.0474,2.998,good,0.082,2.34,0,0,0,0,10.21,3,0.0,,,
2228,2.5480,-0.1055,-0.2007,3.000,good,0.006,2.65,0,0,0,0,8.50,1,0.0,,,
2223,2.5520,-0.1094,0.0360,3.003,good,0.348,3.44,0,0,0,0,9.74,3,0.0,,,
2224,2.5520,-0.1089,-0.1141,2.994,insect,0.990,8.99,1,1,1,0,9.78,3,3.1,17,2242,2242
2227,2.5520,-0.1150,-0.0221,3.287,insect,1.000,3.73,1,1,1,0,5.41,2,3.1,29|28,2272,
2225,2.5560,-0.1136,-0.0205,3.298,good,0.009,2.04,0,0,0,0,4.76,3,0.0,,,
2226,2.5560,-0.1140,0.0430,3.001,good,0.000,4.29,0,0,0,0,11.32,3,0.0,,,
2232,2.5560,-0.1181,0.1172,3.007,good,0.063,4.17,0,0,0,0,12.52,2,0.0,,,
2233,2.5560,-0.1183,0.1653,3.003,good,0.000,2.01,0,0,0,0,12.67,2,0.0,,,
2240,2.5560,-0.1019,-0.0261,3.000,insect,1.000,3.66,1,1,1,0,7.30,1,3.1,28,2272,
2229,2.5600,-0.1121,-0.0438,3.149,faded,0.932,4.01,1,1,1,0,7.34,3,3.2,26,2258,2258
2230,2.5600,-0.1117,-0.1861,2.978,good,0.003,2.59,0,0,0,0,11.07,3,0.0,,,
2231,2.5600,-0.1087,-0.0113,2.992,good,0.000,3.14,0,0,0,0,9.74,3,0.0,,,
2238,2.5600,-0.1168,-0.0570,2.810,sour,1.000,17.34,1,1,1,0,17.14,2,3.2,24,2257,
2239,2.5600,-0.1165,0.1303,3.000,good,0.026,2.90,0,0,0,0,12.18,2,0.0,,,
2234,2.5640,-0.1143,-0.0225,2.985,good,0.017,3.35,0,0,0,0,11.80,3,0.0,,,
2235,2.5640,-0.1080,0.1675,3.042,good,0.001,7.73,0,0,0,0,8.37,3,0.0,,,
2236,2.5640,-0.1088,0.0744,2.997,good,0.038,1.43,0,0,0,0,9.69,3,0.0,,,
2237,2.5640,-0.1093,0.0453,2.998,good,0.000,4.12,0,0,0,0,9.82,3,0.0,,,
2242,2.5640,-0.1197,0.1191,3.005,good,0.000,4.77,0,0,0,0,13.13,2,0.0,,,
2243,2.5640,-0.1193,0.0582,3.023,good,0.002,3.20,0,0,0,0,12.55,2,0.0,,,
2241,2.5680,-0.1108,0.2351,3.014,good,0.021,1.96,0,0,0,0,9.94,3,0.0,,,
2247,2.5680,-0.1173,0.1311,3.028,good,0.003,2.48,0,0,0,0,11.75,2,0.0,,,
2248,2.5680,-0.1145,-0.0725,3.288,good,0.004,2.39,0,0,0,0,5.24,2,0.0,,,
2244,2.5720,-0.1146,-0.2427,3.031,good,0.189,2.48,0,0,0,0,10.82,3,0.0,,,
2245,2.5720,-0.1373,-0.0142,3.000,good,0.021,12.05,0,0,0,0,11.08,1,0.0,,,
2246,2.5720,-0.1105,-0.0572,3.001,good,0.000,2.42,0,0,0,0,10.14,3,0.0,,,
2253,2.5720,-0.1183,0.1870,2.755,good,0.090,6.63,0,0,0,0,19.23,2,0.0,,,
2254,2.5720,-0.1129,-0.0104,3.012,good,0.160,5.50,0,0,0,0,10.66,2,0.0,,,
2255,2.5720,-0.1137,-0.0212,3.011,good,0.001,2.68,0,0,0,0,10.98,2,0.0,,,
2258,2.5720,-0.1198,-0.1025,3.000,good,0.047,2.42,0,0,0,0,13.25,1,0.0,,,
2249,2.5760,-0.1141,-0.1951,3.082,good,0.004,3.81,0,0,0,0,9.46,3,0.0,,,
2250,2.5760,-0.1385,-0.1013,3.000,good,0.041,2.42,0,0,0,0,11.50,1,0.0,,,
2251,2.5760,-0.1133,0.0599,2.818,good,0.001,2.36,0,0,0,0,15.71,3,0.0,,,
2252,2.5760,-0.1112,0.1164,2.954,good,0.008,4.01,0,0,0,0,11.49,3,0.0,,,
2261,2.5760,-0.1010,-0.1037,3.000,good,0.053,2.46,0,0,0,0,7.01,1,0.0,,,
2256,2.5800,-0.1100,-0.1870,3.172,good,0.000,3.11,0,0,0,0,6.19,3,0.0,,,
2257,2.5800,-0.1116,-0.0762,2.999,good,0.018,3.02,0,0,0,0,10.55,3,0.0,,,
2259,2.5840,-0.1130,0.0377,2.998,good,0.005,2.31,0,0,0,0,11.03,3,0.0,,,
2260,2.5840,-0.1123,0.2080,3.003,good,0.007,3.43,0,0,0,0,10.68,3,0.0,,,
2264,2.5840,-0.1186,0.0211,3.007,good,0.011,2.48,0,0,0,0,12.72,2,0.0,,,
2265,2.5840,-0.1156,-0.1033,2.997,good,0.000,3.36,0,0,0,0,11.93,2,0.0,,,
2262,2.5880,-0.1117,-0.1623,3.168,good,0.003,3.10,0,0,0,0,6.83,3,0.0,,,
2263,2.5880,-0.1116,0.1704,2.829,good,0.051,1.97,0,0,0,0,14.78,3,0.0,,,
2266,2.5920,-0.1157,-0.1698,2.996,good,0.008,2.21,0,0,0,0,12.01,3,0.0,,,
2267,2.5920,-0.1087,0.0185,3.026,good,0.345,3.19,0,0,0,0,8.95,3,0.0,,,
2268,2.5960,-0.1124,0.1745,3.284,good,0.003,2.10,0,0,0,0,4.68,3,0.0,,,
2269,2.5960,-0.1149,0.0045,2.569,good,0.001,2.89,0,0,0,0,23.63,3,0.0,,,
2271,2.5960,-0.1173,0.1044,2.992,good,0.008,1.82,0,0,0,0,12.63,2,0.0,,,
2272,2.5960,-0.1162,0.0384,2.981,black,1.000,44.69,1,1,1,0,12.52,2,3.2,36|37,2300,2300
2273,2.5960,-0.1139,-0.2107,2.842,good,0.061,1.86,0,0,0,0,15.27,2,0.0,,,
2270,2.6000,-0.1162,-0.2093,2.240,good,0.080,5.51,0,0,0,0,36.51,3,0.0,,,
2276,2.6000,-0.1196,-0.1344,3.007,good,0.098,4.78,0,0,0,0,13.02,2,0.0,,,
2274,2.6040,-0.1147,-0.0649,3.001,faded,0.828,3.01,1,1,1,0,11.54,3,3.2,23,2304,
2275,2.6040,-0.1106,-0.1210,2.775,faded,0.678,3.12,1,1,1,0,15.90,3,3.2,16,2306,
2278,2.6040,-0.1191,-0.0563,2.966,good,0.002,2.69,0,0,0,0,13.86,2,0.0,,,
2279,2.6040,-0.1165,0.0909,3.025,good,0.001,2.59,0,0,0,0,11.55,2,0.0,,,
2280,2.6040,-0.1130,-0.1983,3.450,good,0.001,1.81,0,0,0,0,1.75,2,0.0,,,
2277,2.6080,-0.1144,-0.0007,2.916,good,0.001,2.00,0,0,0,0,13.52,3,0.0,,,
2284,2.6080,-0.1173,0.0830,2.830,good,0.003,2.62,0,0,0,0,16.78,2,0.0,,,
2281,2.6120,-0.1123,-0.1204,3.009,good,0.044,1.93,0,0,0,0,10.55,3,0.0,,,
2282,2.6120,-0.1094,0.1368,2.982,good,0.032,4.34,0,0,0,0,10.21,3,0.0,,,
2283,2.6120,-0.1098,0.2312,2.998,good,0.001,3.56,0,0,0,0,9.97,3,0.0,,,
2285,2.6120,-0.1176,0.1825,3.003,good,0.002,7.44,0,0,0,0,12.47,2,0.0,,,
2286,2.6160,-0.1105,-0.1399,2.997,good,0.003,2.70,0,0,0,0,10.25,3,0.0,,,
2287,2.6160,-0.1090,0.0437,2.982,good,0.000,2.63,0,0,0,0,10.09,3,0.0,,,
2288,2.6160,-0.1082,0.0999,3.012,good,0.032,3.15,0,0,0,0,9.12,3,0.0,,,
2289,2.6160,-0.1084,0.0590,3.001,good,0.026,2.44,0,0,0,0,9.44,3,0.0,,,
2290,2.6160,-0.1168,-0.1646,3.001,good,0.119,2.13,0,0,0,0,12.26,2,0.0,,,
2291,2.6200,-0.1175,-0.1959,3.002,good,0.009,4.82,0,0,0,0,12.45,2,0.0,,,
2292,2.6200,-0.1172,-0.1792,3.002,good,0.017,5.92,0,0,0,0,12.34,2,0.0,,,
2293,2.6200,-0.1165,-0.1248,3.001,good,0.001,3.02,0,0,0,0,12.15,2,0.0,,,
2296,2.6240,-0.1181,0.1470,3.004,good,0.002,2.40,0,0,0,0,12.60,2,0.0,,,
2297,2.6240,-0.1185,-0.0080,2.661,good,0.003,2.30,0,0,0,0,22.12,2,0.0,,,
2294,2.6280,-0.1370,0.2350,3.000,good,0.004,2.86,0,0,0,0,11.01,1,0.0,,,
2295,2.6280,-0.1116,0.1751,2.973,good,0.203,3.31,0,0,0,0,11.18,3,0.0,,,
2301,2.6280,-0.1197,-0.2199,3.011,broken,0.992,2.56,1,1,1,0,12.99,2,2.4,3|4,2315,2315
2298,2.6320,-0.1186,0.2319,2.008,good,0.046,7.74,0,0,0,0,48.87,3,0.0,,,
2299,2.6320,-0.1144,0.0719,2.997,good,0.014,3.00,0,0,0,0,11.52,3,0.0,,,
2300,2.6320,-0.1098,0.0474,3.065,faded,0.852,3.43,1,1,1,0,8.43,3,3.2,38|37,2319,2319
2302,2.6360,-0.1189,0.1030,2.956,stick,1.000,23.56,1,1,1,0,14.06,3,2.4,45|44,2344,2344
2303,2.6360,-0.1136,0.1448,3.003,good,0.003,1.86,0,0,0,0,11.13,3,0.0,,,
2304,2.6360,-0.1115,-0.1751,3.000,good,0.007,2.51,0,0,0,0,10.51,3,0.0,,,
2305,2.6360,-0.1113,0.1116,3.009,sour,1.000,12.03,1,1,1,0,10.23,3,3.2,46,2336,2336
2312,2.6360,-0.1170,0.2284,3.000,good,0.002,2.66,0,0,0,0,12.32,1,0.0,,,
2306,2.6400,-0.1143,0.1982,2.987,good,0.006,2.03,0,0,0,0,11.76,3,0.0,,,
2307,2.6400,-0.1128,-0.1828,3.000,good,0.013,2.46,0,0,0,0,10.94,3,0.0,,,
2308,2.6400,-0.1141,0.0352,2.965,good,0.000,2.47,0,0,0,0,12.23,3,0.0,,,
2310,2.6400,-0.1191,0.1315,3.167,good,0.003,2.51,0,0,0,0,9.19,2,0.0,,,
2311,2.6400,-0.1183,-0.0579,3.009,good,0.005,2.46,0,0,0,0,12.54,2,0.0,,,
2319,2.6400,-0.1119,0.2268,3.000,good,0.001,2.83,0,0,0,0,10.65,1,0.0,,,
2309,2.6440,-0.1202,0.0617,3.127,good,0.038,3.50,0,0,0,0,6.42,2,0.0,,,
2318,2.6440,-0.1166,0.1836,2.984,good,0.016,3.17,0,0,0,0,12.59,2,0.0,,,
2325,2.6440,-0.1069,0.2251,3.000,good,0.002,2.70,0,0,0,0,8.97,1,0.0,,,
2326,2.6440,-0.1077,0.0657,3.000,good,0.039,3.80,0,0,0,0,9.25,1,0.0,,,
2313,2.6480,-0.1147,0.1906,3.006,good,0.000,2.31,0,0,0,0,11.44,3,0.0,,,
2314,2.6480,-0.1127,0.2081,2.998,good,0.034,2.45,0,0,0,0,10.96,3,0.0,,,
2315,2.6480,-0.1136,0.1214,3.002,good,0.012,1.51,0,0,0,0,11.16,3,0.0,,,
2316,2.6480,-0.1109,-0.0889,3.004,good,0.000,3.01,0,0,0,0,10.19,3,0.0,,,
2317,2.6480,-0.1087,-0.1656,3.016,good,0.010,2.16,0,0,0,0,9.20,3,0.0,,,
2322,2.6480,-0.1184,-0.1906,2.997,good,0.106,4.30,0,0,0,0,12.87,2,0.0,,,
2323,2.6480,-0.1183,0.1414,3.001,good,0.000,3.27,0,0,0,0,12.73,2,0.0,,,
2324,2.6480,-0.1167,-0.1281,3.005,good,0.089,2.36,0,0,0,0,12.12,2,0.0,,,
2332,2.6480,-0.1019,0.2235,3.000,good,0.002,2.81,0,0,0,0,7.30,1,0.0,,,
2320,2.6520,-0.1117,0.0687,2.931,good,0.447,3.11,0,0,0,0,12.23,3,0.0,,,
2321,2.6520,-0.1103,0.2092,2.985,good,0.017,3.87,0,0,0,0,10.46,3,0.0,,,
2327,2.6560,-0.1251,0.0678,2.988,good,0.000,2.45,0,0,0,0,11.32,2,0.0,,,
2328,2.6560,-0.1114,-0.1329,2.994,good,0.001,2.12,0,0,0,0,10.63,3,0.0,,,
2329,2.6560,-0.1101,-0.0776,3.008,good,0.000,2.57,0,0,0,0,9.83,3,0.0,,,
2330,2.6560,-0.1133,-0.0588,2.516,good,0.015,2.78,0,0,0,0,24.79,3,0.0,,,
2331,2.6560,-0.1095,-0.0462,2.999,good,0.004,3.31,0,0,0,0,9.85,3,0.0,,,
2334,2.6560,-0.1179,-0.0236,3.038,faded,0.922,5.52,1,1,1,0,11.71,2,3.2,28|29,2374,2374
2335,2.6560,-0.1269,0.0554,3.000,good,0.198,9.19,0,0,0,0,11.62,1,0.0,,,
2337,2.6560,-0.1134,0.0626,3.000,good,0.002,8.99,0,0,0,0,11.13,1,0.0,,,
2333,2.6600,-0.1143,-0.1777,2.999,good,0.003,2.98,0,0,0,0,11.45,3,0.0,,,
2336,2.6640,-0.1183,-0.1930,2.301,good,0.041,3.64,0,0,0,0,34.88,3,0.0,,,
2338,2.6640,-0.1175,-0.0436,3.022,good,0.411,7.05,0,0,0,0,11.98,2,0.0,,,
2339,2.6640,-0.1173,0.0001,2.960,good,0.001,2.70,0,0,0,0,13.41,2,0.0,,,
2341,2.6680,-0.1169,0.0825,2.978,good,0.008,3.57,0,0,0,0,12.84,2,0.0,,,
2342,2.6680,-0.1169,-0.2239,3.235,good,0.013,3.95,0,0,0,0,7.05,2,0.0,,,
2343,2.6680,-0.1175,-0.0092,3.009,sour,1.000,29.58,1,1,1,0,12.28,2,3.2,30|31,2364,2364
2340,2.6720,-0.1090,-0.1753,3.014,faded,1.000,5.47,1,1,1,0,9.34,3,3.2,9,2352,2352
2347,2.6720,-0.1197,0.1843,2.965,good,0.035,3.18,0,0,0,0,14.11,2,0.0,,,
2348,2.6720,-0.1166,-0.0750,2.894,good,0.011,17.42,0,0,0,0,14.84,2,0.0,,,
2344,2.6760,-0.1155,-0.0466,2.999,faded,1.000,5.45,1,1,1,0,11.86,3,3.2,26|25,2380,
2345,2.6760,-0.1162,-0.0065,2.863,faded,1.000,6.19,1,1,1,0,15.54,3,3.2,31|30,2382,2382
2346,2.6760,-0.1130,0.1646,2.890,good,0.002,2.86,0,0,0,0,13.69,3,0.0,,,
2349,2.6800,-0.1156,-0.2341,3.013,good,0.001,2.94,0,0,0,0,11.56,3,0.0,,,
2350,2.6800,-0.1146,0.2235,3.003,good,0.389,2.61,0,0,0,0,11.45,3,0.0,,,
2351,2.6800,-0.1126,0.2345,2.997,good,0.042,3.59,0,0,0,0,10.94,3,0.0,,,
2352,2.6800,-0.1114,-0.0864,3.189,good,0.003,1.82,0,0,0,0,6.27,3,0.0,,,
2353,2.6800,-0.1102,0.0342,3.001,sour,1.000,24.51,1,1,1,0,10.05,3,3.2,36,2367,2367
2360,2.6800,-0.1186,-0.1076,3.001,good,0.004,2.44,0,0,0,0,12.84,2,0.0,,,
2354,2.6840,-0.1147,-0.1925,3.002,good,0.000,2.43,0,0,0,0,11.52,3,0.0,,,
2355,2.6840,-0.1137,-0.0245,3.215,good,0.068,1.64,0,0,0,0,6.47,3,0.0,,,
2356,2.6840,-0.1131,0.1790,3.003,good,0.001,5.86,0,0,0,0,10.95,3,0.0,,,
2357,2.6840,-0.1130,0.0564,3.007,good,0.007,2.96,0,0,0,0,10.85,3,0.0,,,
2358,2.6840,-0.1137,0.1377,3.008,good,0.195,3.72,0,0,0,0,11.06,3,0.0,,,
2359,2.6840,-0.1120,-0.1437,3.004,good,0.008,2.60,0,0,0,0,10.58,3,0.0,,,
2361,2.6880,-0.1132,-0.0454,3.000,good,0.001,3.07,0,0,0,0,11.06,3,0.0,,,
2362,2.6880,-0.1129,0.1229,3.001,good,0.001,2.49,0,0,0,0,10.96,3,0.0,,,
2363,2.6880,-0.1115,-0.1791,2.999,good,0.005,2.43,0,0,0,0,10.52,3,0.0,,,
2364,2.6880,-0.1087,0.2382,3.006,good,0.001,5.19,0,0,0,0,9.44,3,0.0,,,
2365,2.6880,-0.1081,0.1999,2.998,good,0.034,3.59,0,0,0,0,9.41,3,0.0,,,
2367,2.6880,-0.1156,-0.0113,3.101,good,0.003,2.39,0,0,0,0,9.54,2,0.0,,,
2366,2.6920,-0.1098,-0.0465,3.004,faded,1.000,6.72,1,1,1,0,9.85,3,3.2,26|25,2393,2393
2368,2.6920,-0.1193,0.0413,2.991,good,0.001,4.34,0,0,0,0,13.33,2,0.0,,,
2370,2.6960,-0.1179,0.1885,2.990,good,0.122,3.14,0,0,0,0,12.88,2,0.0,,,
2371,2.6960,-0.1188,0.2049,2.721,good,0.083,3.61,0,0,0,0,20.40,2,0.0,,,
2372,2.6960,-0.1174,0.1529,2.912,good,0.001,2.20,0,0,0,0,14.68,2,0.0,,,
2369,2.7000,-0.1086,0.2232,3.003,good,0.083,2.90,0,0,0,0,9.47,3,0.0,,,
2378,2.7000,-0.1196,-0.0267,2.995,good,0.004,2.52,0,0,0,0,13.31,2,0.0,,,
2373,2.7040,-0.1162,0.2102,3.007,good,0.012,2.72,0,0,0,0,11.90,3,0.0,,,
2374,2.7040,-0.1121,-0.1757,3.024,good,0.055,2.32,0,0,0,0,10.16,3,0.0,,,
2375,2.7040,-0.1104,-0.1982,3.010,good,0.388,6.05,0,0,0,0,9.91,3,0.0,,,
2376,2.7040,-0.1093,0.1281,3.006,good,0.000,3.16,0,0,0,0,9.62,3,0.0,,,
2377,2.7040,-0.1083,-0.1210,2.986,good,0.001,2.18,0,0,0,0,9.76,3,0.0,,,
2384,2.7040,-0.1185,-0.0191,3.000,faded,1.000,5.93,1,1,1,0,12.85,2,3.2,29,2408,2408
2385,2.7040,-0.1190,0.2247,2.972,broken,0.842,3.71,1,1,1,0,13.69,2,2.4,60,2419,
2386,2.7040,-0.1159,0.0040,2.946,good,0.029,2.83,0,0,0,0,13.28,2,0.0,,,
2379,2.7080,-0.1145,-0.1158,3.001,good,0.000,3.63,0,0,0,0,11.49,3,0.0,,,
2380,2.7080,-0.1119,-0.1467,3.054,faded,1.000,4.24,1,1,1,0,9.41,3,3.2,13,2420,2420
2381,2.7080,-0.1112,0.1901,3.037,good,0.005,1.62,0,0,0,0,9.55,3,0.0,,,
2382,2.7080,-0.1230,-0.1913,3.024,good,0.000,2.78,0,0,0,0,9.73,2,0.0,,,
2383,2.7080,-0.1086,-0.0300,2.930,sour,1.000,14.41,1,1,1,0,11.20,3,3.2,28|27,2392,2392
2387,2.7080,-0.1132,0.0215,3.438,good,0.027,4.00,0,0,0,0,2.01,2,0.0,,,
2392,2.7080,-0.1109,-0.1879,3.000,good,0.000,3.09,0,0,0,0,10.30,1,0.0,,,
2390,2.7120,-0.1183,0.0673,3.005,good,0.010,2.77,0,0,0,0,12.64,2,0.0,,,
2391,2.7120,-0.1165,-0.2181,3.323,good,0.073,2.91,0,0,0,0,5.16,2,0.0,,,
2388,2.7160,-0.1142,0.2153,3.002,good,0.006,3.27,0,0,0,0,11.34,3,0.0,,,
2389,2.7160,-0.1088,0.0451,3.000,good,0.014,2.37,0,0,0,0,9.60,3,0.0,,,
2397,2.7160,-0.1197,-0.1683,2.845,good,0.138,2.80,0,0,0,0,17.22,2,0.0,,,
2398,2.7160,-0.1187,0.0507,3.002,good,0.009,2.49,0,0,0,0,12.86,2,0.0,,,
2393,2.7200,-0.1142,-0.0042,2.998,good,0.001,3.11,0,0,0,0,11.43,3,0.0,,,
2394,2.7200,-0.1121,-0.0499,3.011,good,0.000,3.14,0,0,0,0,10.43,3,0.0,,,
2395,2.7200,-0.1126,0.1704,2.923,good,0.378,4.68,0,0,0,0,12.74,3,0.0,,,
2396,2.7200,-0.1114,-0.0742,2.837,good,0.030,3.05,0,0,0,0,14.51,3,0.0,,,
2399,2.7240,-0.1154,-0.1275,2.860,good,0.116,2.80,0,0,0,0,15.32,3,0.0,,,
2400,2.7240,-0.1127,0.2201,2.763,good,0.005,4.51,0,0,0,0,16.99,3,0.0,,,
2403,2.7240,-0.1165,0.1338,3.127,good,0.000,3.10,0,0,0,0,9.24,2,0.0,,,
2401,2.7280,-0.1080,-0.2388,2.996,good,0.007,2.29,0,0,0,0,9.45,3,0.0,,,
2402,2.7280,-0.1080,0.1439,3.006,good,0.002,5.06,0,0,0,0,9.22,3,0.0,,,
2406,2.7280,-0.1198,0.0353,2.988,good,0.000,3.68,0,0,0,0,13.56,2,0.0,,,
2408,2.7280,-0.1197,-0.0705,2.761,good,0.001,2.11,0,0,0,0,19.55,2,0.0,,,
2409,2.7280,-0.1172,0.1239,2.992,sour,1.000,14.14,1,1,1,0,12.58,2,3.2,47|48,2430,
2404,2.7320,-0.1158,0.2010,3.002,good,0.026,3.66,0,0,0,0,11.91,3,0.0,,,
2405,2.7320,-0.1250,-0.1556,2.942,sour,1.000,18.19,1,1,1,0,12.48,2,3.2,12|11,,
2407,2.7320,-0.1082,-0.0989,2.965,good,0.000,2.56,0,0,0,0,10.19,3,0.0,,,
2410,2.7320,-0.1175,-0.0102,3.006,good,0.000,3.04,0,0,0,0,12.35,2,0.0,,,
2411,2.7320,-0.1179,-0.1802,2.910,good,0.060,2.09,0,0,0,0,14.88,2,0.0,,,
2412,2.7320,-0.1169,0.2156,3.026,good,0.007,3.50,0,0,0,0,11.67,2,0.0,,,
2417,2.7320,-0.1132,-0.1517,3.000,sour,1.000,17.67,1,1,1,0,11.07,1,3.2,12,2410,
2413,2.7400,-0.1121,0.2279,3.004,faded,0.934,5.87,1,1,1,0,10.61,3,3.2,61|60,2427,2427
2414,2.7400,-0.1104,-0.0370,3.128,good,0.084,2.96,0,0,0,0,7.27,3,0.0,,,
2415,2.7400,-0.1115,-0.2007,2.941,good,0.138,7.96,0,0,0,0,11.91,3,0.0,,,
2416,2.7400,-0.1121,0.1778,2.857,good,0.009,3.51,0,0,0,0,14.26,3,0.0,,,
2418,2.7440,-0.1139,-0.1757,3.150,good,0.000,4.99,0,0,0,0,7.92,3,0.0,,,
2419,2.7440,-0.1129,0.2188,2.999,good,0.002,3.14,0,0,0,0,10.99,3,0.0,,,
2420,2.7480,-0.1169,-0.1303,2.876,good,0.000,2.79,0,0,0,0,15.40,3,0.0,,,
2421,2.7480,-0.1092,-0.1659,2.979,black,1.000,62.16,1,1,1,0,10.24,3,3.2,10,2455,2455
2422,2.7480,-0.1090,0.0141,2.764,good,0.075,3.02,0,0,0,0,15.61,3,0.0,,,
2426,2.7480,-0.1192,-0.2299,3.450,good,0.020,2.70,0,0,0,0,3.55,2,0.0,,,
2423,2.7520,-0.1130,-0.2079,3.204,black,1.000,48.59,1,1,1,0,6.48,3,3.2,5,2442,
2424,2.7520,-0.1136,-0.0805,2.971,good,0.202,2.76,0,0,0,0,11.90,3,0.0,,,
2425,2.7520,-0.1127,-0.1449,2.896,good,0.012,2.30,0,0,0,0,13.44,3,0.0,,,
2429,2.7520,-0.1177,0.1218,3.450,good,0.004,2.35,0,0,0,0,3.11,2,0.0,,,
2427,2.7560,-0.1117,-0.0243,3.104,good,0.015,3.55,0,0,0,0,8.22,3,0.0,,,
2428,2.7560,-0.1129,0.0240,2.999,good,0.009,2.56,0,0,0,0,10.97,3,0.0,,,
2431,2.7560,-0.1196,-0.1780,3.113,sour,1.000,11.68,1,1,1,0,10.56,2,3.2,9,2468,2468
2430,2.7600,-0.1095,0.0196,3.006,good,0.044,4.21,0,0,0,0,9.70,3,0.0,,,
2432,2.7600,-0.1169,0.1620,3.000,good,0.310,2.65,0,0,0,0,12.30,2,0.0,,,
2433,2.7600,-0.1168,0.1879,3.002,good,0.002,5.34,0,0,0,0,12.22,2,0.0,,,
2434,2.7680,-0.1145,0.2183,2.992,good,0.078,3.87,0,0,0,0,11.70,3,0.0,,,
2435,2.7680,-0.1093,0.0438,2.995,good,0.008,2.38,0,0,0,0,9.87,3,0.0,,,
2438,2.7680,-0.1196,0.1966,2.941,good,0.052,2.97,0,0,0,0,14.67,2,0.0,,,
2436,2.7720,-0.1095,0.1363,2.999,good,0.004,2.69,0,0,0,0,9.85,3,0.0,,,
2437,2.7720,-0.1106,0.0412,2.933,good,0.016,3.28,0,0,0,0,11.80,3,0.0,,,
2444,2.7720,-0.1182,-0.1096,3.019,sour,1.000,10.73,1,1,1,0,12.28,2,3.2,17|18,2476,2476
2445,2.7720,-0.1184,-0.0378,2.880,good,0.002,2.88,0,0,0,0,15.82,2,0.0,,,
2439,2.7760,-0.1167,-0.0857,2.915,good,0.009,2.44,0,0,0,0,14.36,3,0.0,,,
2440,2.7760,-0.1137,-0.2060,2.939,good,0.065,7.05,0,0,0,0,12.71,3,0.0,,,
2441,2.7760,-0.1115,0.1094,3.002,good,0.078,3.88,0,0,0,0,10.43,3,0.0,,,
2442,2.7760,-0.1106,0.2127,2.995,good,0.001,4.22,0,0,0,0,10.32,3,0.0,,,
2443,2.7760,-0.1082,-0.1274,2.975,good,0.001,2.24,0,0,0,0,9.98,3,0.0,,,
2449,2.7760,-0.1182,0.0733,3.009,good,0.042,2.40,0,0,0,0,12.52,2,0.0,,,
2450,2.7760,-0.1176,0.0835,2.994,good,0.049,2.25,0,0,0,0,12.67,2,0.0,,,
2451,2.7760,-0.1168,0.1844,2.996,good,0.005,2.18,0,0,0,0,12.36,2,0.0,,,
2446,2.7800,-0.1136,0.2007,2.995,good,0.023,11.79,0,0,0,0,11.32,3,0.0,,,
2447,2.7800,-0.1122,-0.1642,2.996,good,0.012,2.73,0,0,0,0,10.82,3,0.0,,,
2448,2.7800,-0.1089,0.2182,3.017,good,0.000,1.95,0,0,0,0,9.25,3,0.0,,,
2452,2.7840,-0.1154,-0.0189,3.024,good,0.008,2.89,0,0,0,0,11.25,3,0.0,,,
2453,2.7840,-0.1149,0.1329,3.061,good,0.002,2.85,0,0,0,0,10.22,3,0.0,,,
2454,2.7840,-0.1164,0.0662,2.649,good,0.111,2.35,0,0,0,0,21.68,3,0.0,,,
2455,2.7840,-0.1113,0.2134,2.986,good,0.008,1.47,0,0,0,0,10.76,3,0.0,,,
2458,2.7840,-0.1147,-0.1752,3.230,good,0.010,2.29,0,0,0,0,6.48,2,0.0,,,
2456,2.7880,-0.1159,-0.2181,2.996,good,0.008,2.33,0,0,0,0,12.08,3,0.0,,,
2457,2.7880,-0.1128,0.1051,3.000,faded,0.582,3.15,1,1,1,0,10.94,3,3.2,45,2479,2479
2468,2.7880,-0.1058,0.0691,3.000,good,0.185,2.22,0,0,0,0,8.59,1,0.0,,,
2459,2.7920,-0.1119,-0.2266,2.937,good,0.208,3.75,0,0,0,0,12.14,3,0.0,,,
2460,2.7920,-0.1080,-0.1512,3.000,good,0.001,2.96,0,0,0,0,9.32,3,0.0,,,
2464,2.7920,-0.1186,-0.0202,3.007,good,0.000,2.04,0,0,0,0,12.72,2,0.0,,,
2465,2.7920,-0.1184,0.0785,3.086,good,0.002,3.99,0,0,0,0,10.77,2,0.0,,,
2466,2.7920,-0.1167,0.0096,3.273,good,0.325,2.80,0,0,0,0,6.20,2,0.0,,,
2467,2.7920,-0.1159,0.1528,3.055,insect,1.000,10.17,1,1,1,0,10.68,2,3.1,51,2496,
2461,2.7960,-0.1254,-0.0778,3.105,good,0.000,1.58,0,0,0,0,8.60,2,0.0,,,
2462,2.7960,-0.1138,-0.0237,2.879,black,1.000,50.28,1,1,1,0,14.27,3,3.2,28|29,2489,
2463,2.7960,-0.1129,0.1907,2.997,good,0.002,3.06,0,0,0,0,11.06,3,0.0,,,
2471,2.7960,-0.1179,0.0546,3.003,good,0.000,3.21,0,0,0,0,12.58,2,0.0,,,
2473,2.7960,-0.1130,-0.0817,3.000,good,0.000,1.72,0,0,0,0,11.00,1,0.0,,,
2469,2.8000,-0.1159,0.1441,2.988,good,0.000,2.36,0,0,0,0,12.27,3,0.0,,,
2470,2.8000,-0.1081,0.1740,3.000,good,0.001,3.04,0,0,0,0,9.36,3,0.0,,,
2472,2.8040,-0.1136,-0.0815,3.001,good,0.003,4.06,0,0,0,0,11.20,3,0.0,,,
2477,2.8040,-0.1153,0.1122,3.010,faded,0.955,3.74,1,1,1,0,11.52,2,3.2,46,2505,2505
2474,2.8080,-0.1161,0.1468,2.705,good,0.311,11.10,0,0,0,0,19.86,3,0.0,,,
2475,2.8080,-0.1150,-0.1971,2.999,good,0.002,1.46,0,0,0,0,11.72,3,0.0,,,
2476,2.8080,-0.1098,-0.0044,3.139,good,0.008,5.16,0,0,0,0,6.85,3,0.0,,,
2478,2.8080,-0.1200,0.2387,2.987,sour,1.000,24.54,1,1,1,0,13.64,2,3.2,62,2503,2503
2479,2.8080,-0.1176,-0.1254,3.078,good,0.000,3.05,0,0,0,0,10.70,2,0.0,,,
2480,2.8080,-0.1173,0.0835,3.003,good,0.001,2.28,0,0,0,0,12.35,2,0.0,,,
2484,2.8080,-0.1041,0.1502,3.000,good,0.001,2.49,0,0,0,0,8.02,1,0.0,,,
2483,2.8120,-0.1194,0.2158,2.945,good,0.001,3.38,0,0,0,0,14.50,2,0.0,,,
2481,2.8160,-0.1128,-0.0546,2.991,good,0.007,2.18,0,0,0,0,11.15,3,0.0,,,
2482,2.8160,-0.1132,-0.1535,3.000,good,0.004,2.50,0,0,0,0,11.07,3,0.0,,,
2487,2.8160,-0.1189,-0.2192,2.922,broken,0.549,3.94,1,1,1,0,14.91,2,2.4,3|4,2533,2533
2488,2.8160,-0.1187,-0.0822,2.960,good,0.000,3.72,0,0,0,0,13.90,2,0.0,,,
2489,2.8160,-0.1172,0.1686,3.007,good,0.003,3.69,0,0,0,0,12.23,2,0.0,,,
2485,2.8200,-0.1154,0.0068,3.007,insect,1.000,3.84,1,1,1,0,11.63,3,3.1,32|33,2522,
2486,2.8200,-0.1139,0.2220,3.013,good,0.072,5.84,0,0,0,0,10.98,3,0.0,,,
2495,2.8200,-0.1176,0.2384,2.997,good,0.001,3.78,0,0,0,0,12.60,2,0.0,,,
2490,2.8240,-0.1119,0.0510,2.998,good,0.001,3.60,0,0,0,0,10.68,3,0.0,,,
2491,2.8240,-0.1125,0.0823,2.905,good,0.001,3.14,0,0,0,0,13.15,3,0.0,,,
2492,2.8240,-0.1108,0.1097,3.001,good,0.002,1.77,0,0,0,0,10.23,3,0.0,,,
2493,2.8240,-0.1122,-0.1024,2.784,good,0.011,2.77,0,0,0,0,16.21,3,0.0,,,
2494,2.8240,-0.1072,0.1398,3.253,good,0.001,2.29,0,0,0,0,3.71,3,0.0,,,
2499,2.8240,-0.1199,0.0535,3.166,good,0.000,3.04,0,0,0,0,9.48,2,0.0,,,
2500,2.8240,-0.1191,0.1101,3.015,good,0.000,3.13,0,0,0,0,12.68,2,0.0,,,
2501,2.8240,-0.1168,0.1291,3.003,good,0.000,2.35,0,0,0,0,12.20,2,0.0,,,
2505,2.8240,-0.1173,0.2115,3.000,good,0.002,3.61,0,0,0,0,12.43,1,0.0,,,
2506,2.8240,-0.1034,0.0035,3.000,insect,1.000,3.87,1,1,1,0,7.80,1,3.1,32,2522,
2496,2.8280,-0.1143,-0.0401,3.181,good,0.005,4.63,0,0,0,0,7.37,3,0.0,,,
2497,2.8280,-0.1115,0.2092,2.528,good,0.001,11.45,0,0,0,0,23.66,3,0.0,,,
2498,2.8280,-0.1323,-0.0370,3.000,good,0.010,1.70,0,0,0,0,9.42,1,0.0,,,
2504,2.8280,-0.1306,0.2059,3.000,good,0.012,3.54,0,0,0,0,12.86,1,0.0,,,
2509,2.8280,-0.1010,-0.0987,3.000,good,0.007,2.78,0,0,0,0,7.01,1,0.0,,,
2502,2.8320,-0.1116,0.1414,2.999,sour,1.000,17.70,1,1,1,0,10.57,3,3.2,50|49,2547,2547
2503,2.8320,-0.1092,0.1595,3.000,good,0.000,2.27,0,0,0,0,9.71,3,0.0,,,
2508,2.8320,-0.1186,0.1950,2.983,good,0.041,3.46,0,0,0,0,13.28,2,0.0,,,
2507,2.8360,-0.1129,0.1298,3.000,good,0.001,4.50,0,0,0,0,10.96,3,0.0,,,
2514,2.8360,-0.1185,-0.0772,2.987,good,0.035,1.23,0,0,0,0,13.17,2,0.0,,,
2510,2.8400,-0.1133,-0.1954,2.999,good,0.014,1.89,0,0,0,0,11.13,3,0.0,,,
2511,2.8400,-0.1099,-0.1317,3.006,good,0.029,3.10,0,0,0,0,9.83,3,0.0,,,
2512,2.8400,-0.1091,-0.1816,2.985,black,1.000,48.10,1,1,1,0,10.06,3,3.2,8,2537,2537
2513,2.8400,-0.1102,-0.0131,3.007,good,0.052,2.01,0,0,0,0,9.91,3,0.0,,,
2516,2.8400,-0.1197,0.0430,3.112,good,0.001,2.40,0,0,0,0,10.58,2,0.0,,,
2517,2.8400,-0.1198,0.0583,3.004,sour,1.000,11.53,1,1,1,0,13.15,2,3.2,39,2549,
2518,2.8400,-0.1154,0.2099,3.112,faded,0.994,5.07,1,1,1,0,9.22,2,3.2,58|59,2530,
2515,2.8440,-0.1097,-0.0565,2.982,good,0.001,2.56,0,0,0,0,10.32,3,0.0,,,
2519,2.8480,-0.1157,0.0149,2.894,stone,1.000,7.02,1,1,1,0,14.52,3,9.1,33|34|32,2626,
2520,2.8480,-0.1135,-0.2089,3.005,broken,0.556,3.30,1,1,1,0,11.04,3,2.4,5,2545,2545
2521,2.8480,-0.1258,0.1116,3.002,broken,0.570,3.17,1,1,1,0,11.20,2,2.4,46,,
2522,2.8480,-0.1108,0.0621,3.001,good,0.000,2.49,0,0,0,0,10.25,3,0.0,,,
2523,2.8480,-0.1072,0.1322,3.370,broken,0.950,16.32,1,1,1,0,1.48,2,2.4,48|49,2559,
2527,2.8480,-0.1183,-0.1728,2.753,shell,1.000,10.29,1,1,1,0,19.30,2,2.4,9|10,2556,
2534,2.8480,-0.1137,0.1146,3.000,good,0.469,3.24,0,0,0,0,11.25,1,0.0,,,
2524,2.8520,-0.1141,0.1543,3.056,good,0.000,3.78,0,0,0,0,10.06,3,0.0,,,
2525,2.8520,-0.1134,0.1413,2.986,good,0.017,4.05,0,0,0,0,11.48,3,0.0,,,
2526,2.8520,-0.1077,-0.1814,3.204,good,0.013,2.12,0,0,0,0,4.81,3,0.0,,,
2532,2.8520,-0.1187,-0.2402,3.023,good,0.348,3.67,0,0,0,0,12.36,2,0.0,,,
2533,2.8520,-0.1191,-0.1737,3.019,good,0.009,3.42,0,0,0,0,12.58,2,0.0,,,
2528,2.8560,-0.1140,0.0527,2.999,good,0.001,3.47,0,0,0,0,11.33,3,0.0,,,
2529,2.8560,-0.1137,-0.1621,2.845,good,0.001,4.41,0,0,0,0,15.11,3,0.0,,,
2530,2.8560,-0.1076,0.1676,3.125,broken,0.762,3.43,1,1,1,0,6.44,3,2.4,53,2550,2550
2531,2.8560,-0.1083,0.0223,3.170,husk,0.971,15.57,1,1,1,0,5.71,3,2.4,34|35,2568,2568
2538,2.8560,-0.1194,0.1106,3.015,good,0.000,2.73,0,0,0,0,12.79,2,0.0,,,
2539,2.8560,-0.1190,0.0907,3.017,good,0.000,2.87,0,0,0,0,12.59,2,0.0,,,
2540,2.8560,-0.1196,0.1241,2.868,faded,0.628,3.30,1,1,1,0,16.57,2,3.2,47|48,2554,2554
2541,2.8560,-0.1175,0.1897,2.856,good,0.001,2.98,0,0,0,0,16.18,2,0.0,,,
2542,2.8560,-0.1160,-0.1925,2.982,good,0.030,2.97,0,0,0,0,12.43,2,0.0,,,
2546,2.8560,-0.1019,0.1511,3.000,good,0.000,5.20,0,0,0,0,7.30,1,0.0,,,
2535,2.8600,-0.1269,0.1340,2.794,good,0.030,6.01,0,0,0,0,17.20,2,0.0,,,
2536,2.8600,-0.1124,0.0173,2.990,good,0.023,3.48,0,0,0,0,11.02,3,0.0,,,
2537,2.8600,-0.1085,-0.1322,3.004,faded,0.999,5.83,1,1,1,0,9.40,3,3.2,15|14,2577,
2544,2.8600,-0.1187,-0.0333,3.005,good,0.176,1.27,0,0,0,0,12.77,2,0.0,,,
2545,2.8600,-0.1118,0.1815,3.450,good,0.017,2.46,0,0,0,0,1.39,2,0.0,,,
2548,2.8600,-0.1157,0.1307,3.000,good,0.004,6.00,0,0,0,0,11.90,1,0.0,,,
2549,2.8600,-0.1023,-0.1657,3.000,good,0.000,4.40,0,0,0,0,7.43,1,0.0,,,
2543,2.8640,-0.1139,0.0568,2.845,good,0.002,2.73,0,0,0,0,15.20,3,0.0,,,
2547,2.8680,-0.1132,0.1459,2.999,good,0.039,3.37,0,0,0,0,11.09,3,0.0,,,
2550,2.8680,-0.1200,-0.2140,2.992,good,0.010,2.85,0,0,0,0,13.52,2,0.0,,,
2551,2.8680,-0.1188,0.0428,3.000,good,0.008,2.49,0,0,0,0,12.92,2,0.0,,,
2552,2.8680,-0.1174,-0.1397,3.032,good,0.142,3.94,0,0,0,0,11.71,2,0.0,,,
2554,2.8720,-0.1199,-0.0072,3.003,good,0.001,3.65,0,0,0,0,13.23,2,0.0,,,
2553,2.8760,-0.1155,0.1823,2.979,good,0.017,3.48,0,0,0,0,12.36,3,0.0,,,
2555,2.8800,-0.1083,-0.0695,3.001,good,0.008,2.37,0,0,0,0,9.43,3,0.0,,,
2556,2.8800,-0.1101,-0.0451,2.692,good,0.016,5.96,0,0,0,0,18.06,3,0.0,,,
2559,2.8800,-0.1180,-0.0076,3.003,faded,0.771,4.28,1,1,1,0,12.60,2,3.2,31|30,2579,2579
2560,2.8800,-0.1186,-0.0917,2.998,good,0.026,3.15,0,0,0,0,12.90,2,0.0,,,
2561,2.8800,-0.1158,0.0261,3.020,faded,1.000,6.20,1,1,1,0,11.45,2,3.2,35,2593,2593
2557,2.8840,-0.1125,0.1769,3.005,good,0.000,3.38,0,0,0,0,10.72,3,0.0,,,
2558,2.8840,-0.1100,-0.1167,2.879,good,0.036,3.11,0,0,0,0,12.96,3,0.0,,,
2568,2.8840,-0.1188,0.0086,2.991,good,0.373,2.48,0,0,0,0,13.14,2,0.0,,,
2562,2.8880,-0.1153,-0.0333,2.937,good,0.024,3.42,0,0,0,0,13.32,3,0.0,,,
2563,2.8880,-0.1151,-0.2112,3.007,good,0.047,4.05,0,0,0,0,11.54,3,0.0,,,
2564,2.8880,-0.1136,-0.0896,3.001,sour,1.000,11.09,1,1,1,0,11.18,3,3.2,20,2595,
2565,2.8880,-0.1058,-0.2400,3.450,black,1.000,51.59,1,1,1,0,-0.35,3,3.2,1,2614,
2566,2.8880,-0.1113,-0.1764,2.992,good,0.020,1.69,0,0,0,0,10.62,3,0.0,,,
2567,2.8880,-0.1112,0.0908,3.007,good,0.002,3.17,0,0,0,0,10.24,3,0.0,,,
2571,2.8880,-0.1197,0.0997,2.849,good,0.313,4.59,0,0,0,0,17.11,2,0.0,,,
2572,2.8880,-0.1169,0.0391,3.130,good,0.000,2.69,0,0,0,0,9.29,2,0.0,,,
2569,2.8920,-0.1125,0.1370,2.989,good,0.000,2.46,0,0,0,0,11.09,3,0.0,,,
2570,2.8920,-0.1104,-0.2306,3.002,broken,0.530,3.33,1,1,1,0,10.09,3,2.4,2,2590,2590
2577,2.8920,-0.1198,0.0977,2.731,faded,0.995,3.98,1,1,1,0,20.46,2,3.2,44,2610,
2573,2.8960,-0.1125,0.1691,3.137,sour,1.000,19.35,1,1,1,0,7.74,3,3.2,53,2585,
2574,2.8960,-0.1065,-0.1376,3.450,good,0.000,2.99,0,0,0,0,-0.15,3,0.0,,,
2575,2.8960,-0.1118,-0.0745,2.985,good,0.001,2.98,0,0,0,0,10.97,3,0.0,,,
2576,2.8960,-0.1100,0.1581,2.994,good,0.001,3.10,0,0,0,0,10.13,3,0.0,,,
2579,2.8960,-0.1179,0.2127,2.887,good,0.013,9.28,0,0,0,0,15.49,2,0.0,,,
2578,2.9000,-0.1126,-0.0899,3.003,black,1.000,46.81,1,1,1,0,10.80,3,3.2,20,2596,2596
2582,2.9000,-0.1177,-0.1439,3.308,husk,1.000,9.61,1,1,1,0,5.80,2,2.4,13,2598,
2583,2.9000,-0.1170,0.0758,3.206,good,0.000,2.35,0,0,0,0,7.68,2,0.0,,,
2580,2.9040,-0.1263,0.0029,2.953,good,0.002,2.83,0,0,0,0,12.63,2,0.0,,,
2581,2.9040,-0.1112,-0.0474,2.997,good,0.002,3.68,0,0,0,0,10.48,3,0.0,,,
2588,2.9040,-0.1145,0.0059,3.000,good,0.003,2.33,0,0,0,0,11.49,1,0.0,,,
2584,2.9080,-0.1109,0.1217,2.976,good,0.002,1.92,0,0,0,0,10.85,3,0.0,,,
2585,2.9080,-0.1100,-0.1696,2.994,sour,1.000,15.98,1,1,1,0,10.14,3,3.2,10,2606,2606
2587,2.9080,-0.1153,0.0704,2.975,good,0.102,2.85,0,0,0,0,12.36,2,0.0,,,
2586,2.9120,-0.1105,0.2353,2.930,good,0.006,2.62,0,0,0,0,11.85,3,0.0,,,
2590,2.9120,-0.1192,-0.0586,2.992,good,0.000,3.20,0,0,0,0,13.27,2,0.0,,,
2589,2.9160,-0.1132,0.0795,3.007,good,0.110,2.10,0,0,0,0,10.89,3,0.0,,,
2594,2.9160,-0.1173,0.0435,2.978,good,0.001,3.50,0,0,0,0,12.95,2,0.0,,,
2591,2.9200,-0.1165,-0.2360,2.998,good,0.028,3.21,0,0,0,0,12.21,3,0.0,,,
2592,2.9200,-0.1091,0.1522,2.963,good,0.005,1.70,0,0,0,0,10.59,3,0.0,,,
2593,2.9200,-0.1092,0.2403,2.699,good,0.007,7.18,0,0,0,0,17.53,3,0.0,,,
2595,2.9240,-0.1246,0.0274,3.410,sour,1.000,27.75,1,1,1,0,1.87,2,3.2,35,,
2596,2.9240,-0.1128,0.1996,2.990,good,0.004,3.03,0,0,0,0,11.18,3,0.0,,,
2597,2.9240,-0.1109,0.2098,2.975,good,0.000,2.97,0,0,0,0,10.91,3,0.0,,,
2598,2.9240,-0.1124,-0.1952,2.635,good,0.053,3.42,0,0,0,0,20.62,3,0.0,,,
2599,2.9240,-0.1098,0.2353,3.000,good,0.004,2.76,0,0,0,0,9.94,3,0.0,,,
2600,2.9240,-0.1199,0.0061,3.001,good,0.000,4.03,0,0,0,0,13.28,2,0.0,,,
2601,2.9240,-0.1193,-0.0628,3.093,good,0.000,1.50,0,0,0,0,10.90,2,0.0,,,
2602,2.9240,-0.1180,0.1072,2.998,good,0.497,4.23,0,0,0,0,12.71,2,0.0,,,
2603,2.9240,-0.1164,-0.1297,2.993,good,0.036,2.00,0,0,0,0,12.29,2,0.0,,,
2610,2.9240,-0.1110,0.0310,3.000,sour,1.000,27.84,1,1,1,0,10.32,1,3.2,35|36,2650,
2608,2.9280,-0.1192,-0.0956,3.401,good,0.012,2.85,0,0,0,0,4.45,2,0.0,,,
2609,2.9280,-0.1181,-0.0481,3.000,insect,1.000,3.97,1,1,1,0,12.70,2,3.1,25|26,2646,2646
2604,2.9320,-0.1155,0.1113,2.997,good,0.001,2.24,0,0,0,0,11.90,3,0.0,,,
2605,2.9320,-0.1162,-0.1496,2.926,black,1.000,48.06,1,1,1,0,13.89,3,3.2,12|13,2620,2620
2606,2.9320,-0.1145,-0.0688,3.004,good,0.027,1.69,0,0,0,0,11.42,3,0.0,,,
2607,2.9320,-0.1126,-0.1594,2.748,good,0.003,3.61,0,0,0,0,17.36,3,0.0,,,
2611,2.9360,-0.1169,0.1684,2.794,good,0.116,3.63,0,0,0,0,17.62,3,0.0,,,
2612,2.9360,-0.1081,0.0373,3.129,good,0.001,5.44,0,0,0,0,6.51,3,0.0,,,
2613,2.9360,-0.1326,-0.0285,3.000,good,0.176,5.37,0,0,0,0,9.54,1,0.0,,,
2616,2.9360,-0.1179,-0.2096,3.007,black,1.000,57.12,1,1,1,0,12.45,2,3.2,5|4,2649,2649
2617,2.9360,-0.1191,-0.1922,2.859,faded,1.000,5.30,1,1,1,0,16.63,2,3.2,7,2642,2642
2618,2.9360,-0.1184,-0.1813,3.000,good,0.011,2.65,0,0,0,0,12.82,2,0.0,,,
2619,2.9360,-0.1220,-0.0254,3.000,good,0.226,5.14,0,0,0,0,10.01,1,0.0,,,
2623,2.9360,-0.1115,-0.0223,3.000,good,0.176,5.35,0,0,0,0,10.50,1,0.0,,,
2614,2.9400,-0.1158,0.0084,2.972,good,0.005,3.18,0,0,0,0,12.62,3,0.0,,,
2615,2.9400,-0.1135,-0.2149,3.000,broken,0.708,3.35,1,1,1,0,11.16,3,2.4,4,2623,2623
2620,2.9400,-0.1189,-0.1831,3.117,good,0.002,8.71,0,0,0,0,10.24,2,0.0,,,
2622,2.9400,-0.1179,-0.1487,2.999,good,0.202,3.69,0,0,0,0,12.65,2,0.0,,,
2626,2.9400,-0.1010,-0.0192,3.000,good,0.217,5.44,0,0,0,0,6.99,1,0.0,,,
2621,2.9440,-0.1115,-0.0003,3.001,good,0.001,2.87,0,0,0,0,10.48,3,0.0,,,
2625,2.9440,-0.1183,0.1128,3.002,good,0.010,2.83,0,0,0,0,12.72,2,0.0,,,
2624,2.9480,-0.1086,-0.0821,3.009,shell,0.858,8.96,1,1,1,0,9.32,3,2.4,21,2647,2647
2630,2.9480,-0.1199,0.1851,3.027,good,0.001,2.88,0,0,0,0,12.64,2,0.0,,,
2631,2.9480,-0.1183,0.1351,2.997,good,0.488,3.86,0,0,0,0,12.86,2,0.0,,,
2632,2.9480,-0.1163,0.0783,3.014,good,0.016,2.31,0,0,0,0,11.76,2,0.0,,,
2627,2.9520,-0.1138,0.0393,2.866,black,1.000,45.26,1,1,1,0,14.59,3,3.2,37|36,2668,2668
2628,2.9520,-0.1224,0.0524,3.366,good,0.021,6.34,0,0,0,0,2.07,2,0.0,,,
2629,2.9520,-0.1084,0.1971,3.017,good,0.000,2.78,0,0,0,0,9.08,3,0.0,,,
2634,2.9520,-0.1195,-0.2063,2.995,good,0.006,2.18,0,0,0,0,13.29,2,0.0,,,
2635,2.9520,-0.1183,0.0866,3.000,good,0.001,2.13,0,0,0,0,12.75,2,0.0,,,
2640,2.9520,-0.1083,0.0555,3.000,good,0.001,8.02,0,0,0,0,9.45,1,0.0,,,
2633,2.9560,-0.1115,0.0160,2.996,good,0.003,3.19,0,0,0,0,10.59,3,0.0,,,
2639,2.9560,-0.1179,0.0059,2.521,good,0.012,6.16,0,0,0,0,26.45,2,0.0,,,
2636,2.9600,-0.1095,0.2174,3.008,good,0.267,5.63,0,0,0,0,9.63,3,0.0,,,
2637,2.9600,-0.1099,0.1909,3.006,good,0.000,3.89,0,0,0,0,9.84,3,0.0,,,
2638,2.9600,-0.1335,0.0139,3.000,good,0.011,4.49,0,0,0,0,9.84,1,0.0,,,
2642,2.9600,-0.1178,-0.1057,2.990,good,0.010,3.10,0,0,0,0,12.85,2,0.0,,,
2643,2.9600,-0.1165,0.1491,3.149,good,0.371,4.94,0,0,0,0,8.74,2,0.0,,,
2641,2.9640,-0.1094,-0.0817,3.034,good,0.006,2.84,0,0,0,0,9.02,3,0.0,,,
2648,2.9640,-0.1170,-0.2236,3.007,good,0.014,4.77,0,0,0,0,12.16,2,0.0,,,
2649,2.9640,-0.1179,0.1644,3.222,good,0.062,4.73,0,0,0,0,7.62,2,0.0,,,
2644,2.9680,-0.1144,-0.0525,2.982,good,0.000,3.34,0,0,0,0,11.89,3,0.0,,,
2645,2.9680,-0.1123,-0.0916,2.988,good,0.025,3.88,0,0,0,0,11.03,3,0.0,,,
2646,2.9680,-0.1118,0.2221,3.099,good,0.006,4.08,0,0,0,0,8.37,3,0.0,,,
2647,2.9680,-0.1088,0.0305,3.007,insect,1.000,4.33,1,1,1,0,9.44,3,3.1,35|36,2682,2682
2653,2.9680,-0.1190,0.1580,2.980,good,0.000,2.85,0,0,0,0,13.51,2,0.0,,,
2650,2.9720,-0.1146,0.2114,3.148,good,0.008,3.15,0,0,0,0,8.15,3,0.0,,,
2651,2.9720,-0.1129,0.0202,2.980,shell,1.000,7.63,1,1,1,0,11.44,3,2.4,34,2675,
2652,2.9720,-0.1091,0.1361,3.001,good,0.011,2.93,0,0,0,0,9.67,3,0.0,,,
2657,2.9720,-0.1182,-0.0330,3.327,good,0.001,2.63,0,0,0,0,5.59,2,0.0,,,
2658,2.9720,-0.1189,-0.0886,2.998,good,0.001,2.86,0,0,0,0,13.01,2,0.0,,,
2654,2.9760,-0.1117,-0.1238,3.074,good,0.001,2.82,0,0,0,0,8.86,3,0.0,,,
2655,2.9760,-0.1098,-0.1797,3.003,good,0.001,2.67,0,0,0,0,9.87,3,0.0,,,
2656,2.9760,-0.1094,-0.0467,2.995,good,0.001,4.29,0,0,0,0,9.91,3,0.0,,,
2659,2.9800,-0.1158,0.0891,3.008,good,0.001,3.11,0,0,0,0,11.72,3,0.0,,,
2660,2.9800,-0.1084,-0.1370,3.090,black,0.605,18.63,1,1,1,0,7.45,3,3.2,14,2684|2698,2698
2663,2.9800,-0.1174,0.0430,3.242,good,0.004,2.23,0,0,0,0,7.06,2,0.0,,,
2661,2.9840,-0.1119,0.1703,3.001,good,0.000,2.32,0,0,0,0,10.62,3,0.0,,,
2662,2.9840,-0.1105,0.2000,3.004,good,0.006,2.15,0,0,0,0,10.08,3,0.0,,,
2664,2.9880,-0.1085,0.0227,2.996,good,0.000,2.50,0,0,0,0,9.59,3,0.0,,,
2665,2.9920,-0.1121,-0.1894,3.014,good,0.036,6.49,0,0,0,0,10.37,3,0.0,,,
2668,2.9920,-0.1196,0.1624,3.279,good,0.003,2.52,0,0,0,0,6.97,2,0.0,,,
2669,2.9920,-0.1194,-0.2291,2.994,faded,0.996,4.04,1,1,1,0,13.27,2,3.2,2,2688,2688
2670,2.9920,-0.1183,0.1030,3.063,good,0.005,2.82,0,0,0,0,11.25,2,0.0,,,
2671,2.9920,-0.1175,-0.1553,3.003,good,0.045,2.93,0,0,0,0,12.43,2,0.0,,,
2666,2.9960,-0.1123,0.1291,3.002,good,0.021,2.37,0,0,0,0,10.72,3,0.0,,,
2667,2.9960,-0.1227,0.0212,3.066,good,0.019,2.86,0,0,0,0,8.62,2,0.0,,,
2674,2.9960,-0.1179,-0.0356,2.995,good,0.019,3.44,0,0,0,0,12.76,2,0.0,,,
2678,2.9960,-0.1104,0.0251,3.000,good,0.009,2.81,0,0,0,0,10.13,1,0.0,,,
2672,3.0000,-0.1121,-0.1721,2.978,good,0.040,8.36,0,0,0,0,11.24,3,0.0,,,
2673,3.0000,-0.1084,0.0650,3.004,good,0.008,3.71,0,0,0,0,9.37,3,0.0,,,
2677,3.0000,-0.1196,0.0095,3.020,good,0.020,1.80,0,0,0,0,12.74,2,0.0,,,
2675,3.0040,-0.1138,-0.0737,2.999,good,0.004,2.85,0,0,0,0,11.29,3,0.0,,,
2676,3.0040,-0.1106,-0.1892,3.002,good,0.002,2.18,0,0,0,0,10.17,3,0.0,,,
2681,3.0040,-0.1179,0.0295,2.952,good,0.000,3.51,0,0,0,0,13.81,2,0.0,,,
2682,3.0040,-0.1165,0.1299,3.236,good,0.011,2.40,0,0,0,0,6.91,2,0.0,,,
2683,3.0040,-0.1166,-0.0234,2.976,good,0.008,3.78,0,0,0,0,12.79,2,0.0,,,
2679,3.0080,-0.1132,0.0777,3.012,good,0.000,3.89,0,0,0,0,10.79,3,0.0,,,
2680,3.0080,-0.1102,-0.1553,2.995,good,0.134,2.96,0,0,0,0,10.19,3,0.0,,,
2684,3.0120,-0.1081,0.2006,3.004,shell,1.000,8.59,1,1,1,0,9.25,3,2.4,57,2701,2701
2686,3.0120,-0.1198,-0.1098,2.989,good,0.000,1.98,0,0,0,0,13.53,2,0.0,,,
2687,3.0120,-0.1193,-0.0061,3.001,good,0.004,2.98,0,0,0,0,13.07,2,0.0,,,
2685,3.0160,-0.1209,-0.1676,3.092,good,0.001,6.41,0,0,0,0,7.43,2,0.0,,,
2693,3.0160,-0.1156,0.1018,3.062,good,0.099,2.69,0,0,0,0,10.40,2,0.0,,,
2698,3.0160,-0.1101,-0.1713,3.000,good,0.001,1.75,0,0,0,0,10.02,1,0.0,,,
2699,3.0160,-0.1066,-0.1630,3.000,good,0.006,1.88,0,0,0,0,8.88,1,0.0,,,
2688,3.0200,-0.1142,-0.1653,3.056,good,0.072,2.49,0,0,0,0,10.09,3,0.0,,,
2689,3.0200,-0.1123,0.0281,2.994,broken,1.000,1.83,1,1,1,0,10.89,3,2.4,35,2729,2729
2690,3.0200,-0.1116,-0.0977,2.936,good,0.004,3.45,0,0,0,0,12.09,3,0.0,,,
2691,3.0200,-0.1080,-0.1896,3.099,good,0.063,5.28,0,0,0,0,7.12,3,0.0,,,
2692,3.0200,-0.1088,-0.1178,2.999,good,0.105,2.23,0,0,0,0,9.61,3,0.0,,,
2697,3.0200,-0.1183,-0.2168,2.991,black,1.000,50.52,1,1,1,0,13.00,2,3.2,4,2731,2731
2694,3.0240,-0.1152,0.0774,3.000,good,0.004,2.71,0,0,0,0,11.73,3,0.0,,,
2695,3.0240,-0.1109,0.1191,3.001,good,0.030,2.55,0,0,0,0,10.29,3,0.0,,,
2696,3.0240,-0.1118,-0.0377,2.568,faded,0.898,4.03,1,1,1,0,22.45,3,3.2,27|26,2718,2718
2702,3.0240,-0.1195,-0.2094,2.994,good,0.000,1.93,0,0,0,0,13.29,2,0.0,,,
2703,3.0240,-0.1200,0.0471,3.001,good,0.016,1.89,0,0,0,0,13.29,2,0.0,,,
2700,3.0280,-0.1135,0.1761,2.996,good,0.082,3.04,0,0,0,0,11.24,3,0.0,,,
2701,3.0280,-0.1120,-0.1504,2.952,good,0.000,3.24,0,0,0,0,11.81,3,0.0,,,
2705,3.0280,-0.1169,0.0895,2.997,good,0.000,2.02,0,0,0,0,12.38,2,0.0,,,
2704,3.0320,-0.1118,-0.0896,3.065,good,0.006,1.96,0,0,0,0,9.09,3,0.0,,,
2707,3.0320,-0.1189,-0.1763,3.060,good,0.001,2.57,0,0,0,0,11.54,2,0.0,,,
2706,3.0360,-0.1094,-0.2146,2.869,good,0.005,3.59,0,0,0,0,13.00,3,0.0,,,
2711,3.0360,-0.1197,-0.1802,3.002,good,0.220,2.88,0,0,0,0,13.19,2,0.0,,,
2712,3.0360,-0.1193,-0.0141,2.997,good,0.004,2.97,0,0,0,0,13.17,2,0.0,,,
2708,3.0400,-0.1140,-0.0532,3.046,insect,1.000,4.00,1,1,1,0,10.26,3,3.1,25|24,2747,
2709,3.0400,-0.1161,0.0042,2.502,good,0.070,4.37,0,0,0,0,26.38,3,0.0,,,
2710,3.0400,-0.1111,-0.0272,2.999,good,0.003,4.40,0,0,0,0,10.38,3,0.0,,,
2718,3.0400,-0.1189,-0.0606,2.996,good,0.054,4.26,0,0,0,0,13.06,2,0.0,,,
2713,3.0440,-0.1151,-0.1716,3.013,good,0.055,7.34,0,0,0,0,11.40,3,0.0,,,
2714,3.0440,-0.1135,0.0869,3.002,good,0.001,2.97,0,0,0,0,11.11,3,0.0,,,
2715,3.0440,-0.1133,0.1613,3.002,good,0.008,3.50,0,0,0,0,11.06,3,0.0,,,
2716,3.0440,-0.1073,0.0701,3.130,sour,1.000,13.71,1,1,1,0,6.21,3,3.2,40|41,2750,2750
2717,3.0440,-0.1099,-0.0082,3.000,good,0.002,3.86,0,0,0,0,9.96,3,0.0,,,
2719,3.0480,-0.1139,-0.1192,2.993,good,0.001,2.43,0,0,0,0,11.46,3,0.0,,,
2720,3.0480,-0.1131,-0.1952,2.990,good,0.036,1.69,0,0,0,0,11.27,3,0.0,,,
2721,3.0480,-0.1140,0.2209,3.033,shell,0.609,3.88,1,1,1,0,10.56,3,2.4,60,2738,2738
2722,3.0480,-0.1094,0.1436,3.064,good,0.011,2.95,0,0,0,0,8.36,3,0.0,,,
2723,3.0480,-0.1181,0.1779,3.021,good,0.004,1.98,0,0,0,0,12.18,2,0.0,,,
2725,3.0520,-0.1187,-0.1462,2.985,good,0.055,1.80,0,0,0,0,13.27,2,0.0,,,
2726,3.0520,-0.1178,0.2146,3.005,good,0.001,2.92,0,0,0,0,12.46,2,0.0,,,
2727,3.0520,-0.1156,0.1838,3.201,insect,1.000,7.11,1,1,1,0,7.35,2,3.1,55,2736,
2724,3.0560,-0.1102,0.2327,2.741,broken,0.714,4.86,1,1,1,0,16.69,3,2.4,61,2737,
2730,3.0560,-0.1198,0.1810,3.008,good,0.020,2.89,0,0,0,0,13.07,2,0.0,,,
2731,3.0560,-0.1162,0.1943,3.000,good,0.195,2.52,0,0,0,0,12.07,2,0.0,,,
2732,3.0560,-0.1161,0.0373,3.005,good,0.000,2.43,0,0,0,0,11.93,2,0.0,,,
2728,3.0600,-0.1325,-0.1602,3.000,good,0.006,1.77,0,0,0,0,9.50,1,0.0,,,
2729,3.0600,-0.1334,-0.1514,3.000,good,0.005,2.71,0,0,0,0,9.81,1,0.0,,,
2733,3.0600,-0.1197,-0.2113,2.887,good,0.001,3.07,0,0,0,0,16.12,2,0.0,,,
2734,3.0600,-0.1179,0.0354,2.990,good,0.001,3.48,0,0,0,0,12.89,2,0.0,,,
2735,3.0600,-0.1169,-0.0036,2.766,good,0.001,2.25,0,0,0,0,18.42,2,0.0,,,
2736,3.0600,-0.1169,-0.1924,3.001,good,0.140,3.17,0,0,0,0,12.28,2,0.0,,,
2737,3.0600,-0.1085,-0.1570,3.035,good,0.009,5.97,0,0,0,0,8.71,2,0.0,,,
2741,3.0640,-0.1166,-0.2084,2.996,good,0.015,2.79,0,0,0,0,12.28,2,0.0,,,
2742,3.0640,-0.1182,0.1807,2.994,good,0.067,1.91,0,0,0,0,12.88,2,0.0,,,
2738,3.0680,-0.1122,0.0928,3.294,sour,1.000,17.11,1,1,1,0,4.42,3,3.2,43|44,2786,
2739,3.0680,-0.1122,-0.0974,2.777,good,0.004,3.04,0,0,0,0,16.39,3,0.0,,,
2740,3.0680,-0.1100,0.0256,3.042,faded,0.705,3.01,1,1,1,0,9.03,3,3.2,35,2759,2759
2743,3.0720,-0.1132,0.1074,3.006,good,0.002,3.02,0,0,0,0,10.92,3,0.0,,,
2744,3.0720,-0.1144,-0.1200,2.748,good,0.109,2.08,0,0,0,0,18.04,3,0.0,,,
2745,3.0720,-0.1081,-0.0923,3.010,shell,1.000,11.39,1,1,1,0,9.12,3,2.4,20|19,2745,2745
2747,3.0720,-0.1159,-0.1311,2.997,faded,0.995,6.29,1,1,1,0,12.05,2,3.2,15,2775,2775
2752,3.0720,-0.1010,-0.0944,3.000,good,0.005,2.84,0,0,0,0,7.01,1,0.0,,,
2746,3.0760,-0.1121,-0.0895,3.004,good,0.001,2.06,0,0,0,0,10.61,3,0.0,,,
2749,3.0760,-0.1196,0.0480,2.999,good,0.002,3.23,0,0,0,0,13.23,2,0.0,,,
2750,3.0760,-0.1194,0.2006,3.003,good,0.005,1.87,0,0,0,0,13.06,2,0.0,,,
2751,3.0760,-0.1177,0.0005,2.971,husk,0.999,12.77,1,1,1,0,13.28,2,2.4,32|31,2785,2785
2748,3.0800,-0.1168,0.0892,2.999,good,0.005,4.24,0,0,0,0,12.29,3,0.0,,,
2754,3.0800,-0.1189,-0.1647,2.850,broken,0.748,3.34,1,1,1,0,16.81,2,2.4,10|11,2774,2774
2755,3.0800,-0.1175,-0.1505,2.949,good,0.013,3.11,0,0,0,0,13.76,2,0.0,,,
2756,3.0800,-0.1172,0.2091,3.213,good,0.001,2.56,0,0,0,0,7.60,2,0.0,,,
2757,3.0800,-0.1174,0.1057,3.027,good,0.034,1.52,0,0,0,0,11.82,2,0.0,,,
2753,3.0840,-0.1127,-0.0770,2.996,good,0.000,3.49,0,0,0,0,10.99,3,0.0,,,
2762,3.0840,-0.1170,0.2356,3.031,good,0.006,2.92,0,0,0,0,11.60,2,0.0,,,
2758,3.0880,-0.1370,-0.1383,3.000,good,0.023,7.79,0,0,0,0,11.01,1,0.0,,,
2759,3.0880,-0.1135,0.0170,2.967,good,0.084,2.00,0,0,0,0,11.95,3,0.0,,,
2760,3.0880,-0.1112,0.1988,3.002,good,0.001,1.97,0,0,0,0,10.35,3,0.0,,,
2761,3.0880,-0.1084,-0.1194,2.998,good,0.027,2.30,0,0,0,0,9.50,3,0.0,,,
2763,3.0880,-0.1191,-0.2149,3.063,good,0.000,3.52,0,0,0,0,11.53,2,0.0,,,
2764,3.0880,-0.1175,0.2248,3.205,black,1.000,50.90,1,1,1,0,7.88,2,3.2,60,2769,
2765,3.0880,-0.1137,-0.1348,3.206,good,0.021,10.88,0,0,0,0,6.66,2,0.0,,,
2766,3.0880,-0.1109,-0.1412,3.011,good,0.002,2.54,0,0,0,0,10.04,2,0.0,,,
2770,3.0920,-0.1194,0.1643,3.001,black,1.000,52.50,1,1,1,0,13.11,2,3.2,53|52,2788,2788
2771,3.0920,-0.1184,-0.0252,3.001,faded,0.866,2.91,1,1,1,0,12.77,2,3.2,28,2805,2805
2767,3.0960,-0.1124,-0.0321,3.018,good,0.113,2.09,0,0,0,0,10.38,3,0.0,,,
2768,3.0960,-0.1115,0.0807,3.001,good,0.000,3.00,0,0,0,0,10.49,3,0.0,,,
2769,3.0960,-0.1104,0.1969,2.999,insect,1.000,3.82,1,1,1,0,10.17,3,3.1,57,2787,2787
2773,3.0960,-0.1180,0.1215,3.094,shell,1.000,5.96,1,1,1,0,10.47,2,2.4,47,2797,2797
2772,3.1000,-0.1088,0.2171,3.005,good,0.453,4.35,0,0,0,0,9.50,3,0.0,,,
2777,3.1000,-0.1190,-0.0595,3.006,good,0.001,2.26,0,0,0,0,12.87,2,0.0,,,
2778,3.1000,-0.1185,-0.1642,2.883,good,0.000,4.68,0,0,0,0,15.79,2,0.0,,,
2774,3.1040,-0.1150,0.1230,2.992,good,0.013,2.31,0,0,0,0,11.86,3,0.0,,,
2775,3.1040,-0.1081,-0.2145,3.037,good,0.005,2.93,0,0,0,0,8.52,3,0.0,,,
2776,3.1040,-0.1081,0.0078,3.079,good,0.015,4.62,0,0,0,0,7.59,3,0.0,,,
2781,3.1040,-0.1166,0.0303,3.006,stick,1.000,65.15,1,1,1,0,12.06,2,2.4,35|36,2801,2801
2779,3.1080,-0.1156,-0.2219,2.999,good,0.002,2.74,0,0,0,0,11.89,3,0.0,,,
2780,3.1080,-0.1129,0.2000,3.091,good,0.006,2.73,0,0,0,0,8.86,3,0.0,,,
2782,3.1080,-0.1215,-0.1506,2.841,good,0.003,3.00,0,0,0,0,13.98,2,0.0,,,
2783,3.1080,-0.1093,-0.0380,3.003,good,0.062,2.50,0,0,0,0,9.68,3,0.0,,,
2788,3.1080,-0.1188,-0.0918,2.999,good,0.022,2.55,0,0,0,0,12.95,2,0.0,,,
2795,3.1080,-0.1101,-0.1457,3.000,good,0.004,2.52,0,0,0,0,10.05,1,0.0,,,
2784,3.1120,-0.1157,-0.1627,2.998,broken,0.971,3.00,1,1,1,0,11.95,3,2.4,11|10,2816,2816
2785,3.1120,-0.1144,-0.0737,2.989,good,0.000,2.30,0,0,0,0,11.73,3,0.0,,,
2786,3.1120,-0.1114,0.2071,2.999,good,0.001,2.07,0,0,0,0,10.48,3,0.0,,,
2787,3.1120,-0.1094,0.1636,2.967,good,0.009,3.19,0,0,0,0,10.58,3,0.0,,,
2792,3.1120,-0.1198,0.0508,2.946,good,0.002,2.11,0,0,0,0,14.63,2,0.0,,,
2793,3.1120,-0.1184,0.1500,2.990,faded,0.999,3.81,1,1,1,0,13.03,2,3.2,51|50,2826,2826
2794,3.1120,-0.1178,0.1088,2.879,good,0.006,1.71,0,0,0,0,15.67,2,0.0,,,
2801,3.1120,-0.1005,0.2032,3.000,good,0.003,2.47,0,0,0,0,6.84,1,0.0,,,
2789,3.1160,-0.1162,0.0219,3.003,insect,1.000,10.73,1,1,1,0,12.00,3,3.1,34|35,2810,2810
2790,3.1160,-0.1155,0.1878,3.003,good,0.000,2.24,0,0,0,0,11.77,3,0.0,,,
2791,3.1160,-0.1085,-0.0855,3.006,good,0.000,4.33,0,0,0,0,9.34,3,0.0,,,
2798,3.1160,-0.1184,-0.2302,3.202,good,0.002,3.00,0,0,0,0,8.19,2,0.0,,,
2799,3.1160,-0.1185,0.0423,2.987,sour,1.000,15.22,1,1,1,0,13.16,2,3.2,37,2829,
2800,3.1160,-0.1162,-0.1800,3.007,good,0.001,2.18,0,0,0,0,11.90,2,0.0,,,
2796,3.1200,-0.1131,-0.0483,2.998,good,0.000,1.92,0,0,0,0,11.08,3,0.0,,,
2797,3.1200,-0.1106,-0.0657,3.000,good,0.001,6.29,0,0,0,0,10.18,3,0.0,,,
2805,3.1200,-0.1195,-0.1525,2.990,faded,0.965,5.21,1,1,1,0,13.41,2,3.2,12,2818,2818
2802,3.1240,-0.1139,-0.1602,2.995,faded,1.000,4.93,1,1,1,0,11.42,3,3.2,11,2835,2835
2803,3.1240,-0.1115,0.0586,3.016,good,0.001,4.50,0,0,0,0,10.13,3,0.0,,,
2804,3.1240,-0.1121,-0.0756,2.997,good,0.008,1.82,0,0,0,0,10.78,3,0.0,,,
2806,3.1280,-0.1117,0.2280,2.866,good,0.002,9.40,0,0,0,0,13.85,3,0.0,,,
2807,3.1280,-0.1199,0.0093,2.997,black,1.000,47.24,1,1,1,0,13.39,2,3.2,33|32,2836,2836
2808,3.1280,-0.1190,-0.1917,3.064,good,0.067,2.61,0,0,0,0,11.49,2,0.0,,,
2811,3.1320,-0.1161,-0.1217,3.082,good,0.005,2.55,0,0,0,0,10.13,2,0.0,,,
2813,3.1320,-0.1002,0.2249,3.000,good,0.003,8.85,0,0,0,0,6.74,1,0.0,,,
2809,3.1360,-0.1142,0.0366,3.007,good,0.385,3.38,0,0,0,0,11.23,3,0.0,,,
2810,3.1360,-0.1126,-0.2128,2.994,good,0.002,3.41,0,0,0,0,11.00,3,0.0,,,
2812,3.1400,-0.1096,0.0140,2.997,faded,1.000,4.33,1,1,1,0,9.92,3,3.2,33,2840,2840
2817,3.1400,-0.1179,0.0651,3.002,good,0.002,3.54,0,0,0,0,12.58,2,0.0,,,
2814,3.1440,-0.1094,0.1720,3.001,good,0.010,5.34,0,0,0,0,9.78,3,0.0,,,
2815,3.1440,-0.1096,0.1966,3.002,good,0.001,2.44,0,0,0,0,9.81,3,0.0,,,
2816,3.1440,-0.1090,0.1600,2.918,good,0.002,2.81,0,0,0,0,11.63,3,0.0,,,
2818,3.1480,-0.1120,-0.0831,3.439,good,0.000,2.08,0,0,0,0,1.64,3,0.0,,,
2819,3.1480,-0.1149,0.0835,2.995,good,0.038,3.04,0,0,0,0,11.77,3,0.0,,,
2820,3.1480,-0.1149,0.1869,2.983,good,0.005,2.26,0,0,0,0,12.04,3,0.0,,,
2821,3.1480,-0.1117,-0.2328,3.008,good,0.003,2.98,0,0,0,0,10.39,3,0.0,,,
2822,3.1480,-0.1111,-0.1552,3.004,good,0.001,1.82,0,0,0,0,10.27,3,0.0,,,
2825,3.1480,-0.1189,-0.1098,3.015,good,0.025,1.21,0,0,0,0,12.60,2,0.0,,,
2823,3.1520,-0.1150,0.1933,2.999,good,0.030,3.28,0,0,0,0,11.69,3,0.0,,,
2824,3.1520,-0.1103,0.0163,3.004,good,0.008,2.97,0,0,0,0,9.99,3,0.0,,,
2830,3.1520,-0.1190,-0.0338,2.994,good,0.003,2.84,0,0,0,0,13.15,2,0.0,,,
2831,3.1520,-0.1190,0.1795,3.118,good,0.003,3.52,0,0,0,0,10.25,2,0.0,,,
2832,3.1520,-0.1155,0.2243,3.005,good,0.034,3.37,0,0,0,0,11.73,2,0.0,,,
2826,3.1560,-0.1141,0.1625,2.984,faded,0.986,4.33,1,1,1,0,11.76,3,3.2,52|53,2869,2869
2827,3.1560,-0.1116,-0.2017,2.988,good,0.001,2.68,0,0,0,0,10.82,3,0.0,,,
2828,3.1560,-0.1122,-0.1057,2.999,good,0.034,3.20,0,0,0,0,10.76,3,0.0,,,
2829,3.1560,-0.1122,0.0413,2.845,good,0.001,3.64,0,0,0,0,14.60,3,0.0,,,
2835,3.1560,-0.1188,0.1319,2.948,good,0.001,5.33,0,0,0,0,14.22,2,0.0,,,
2836,3.1560,-0.1174,-0.1622,3.000,good,0.013,2.33,0,0,0,0,12.47,2,0.0,,,
2833,3.1600,-0.1110,0.0548,3.152,good,0.003,2.47,0,0,0,0,6.93,3,0.0,,,
2834,3.1600,-0.1086,-0.2193,2.987,good,0.048,2.85,0,0,0,0,9.83,3,0.0,,,
2839,3.1600,-0.1189,0.2367,2.964,good,0.002,2.89,0,0,0,0,13.87,2,0.0,,,
2840,3.1600,-0.1186,0.1523,3.002,good,0.022,2.75,0,0,0,0,12.82,2,0.0,,,
2841,3.1600,-0.1159,0.1239,3.004,good,0.000,2.35,0,0,0,0,11.89,2,0.0,,,
2842,3.1600,-0.1143,0.1718,3.450,good,0.039,3.31,0,0,0,0,2.13,2,0.0,,,
2837,3.1640,-0.1144,0.1422,3.029,good,0.017,7.21,0,0,0,0,10.78,3,0.0,,,
2838,3.1640,-0.1131,-0.1393,2.946,good,0.004,3.17,0,0,0,0,12.34,3,0.0,,,
2843,3.1640,-0.1183,-0.0794,3.019,good,0.000,1.65,0,0,0,0,12.32,2,0.0,,,
2844,3.1680,-0.1190,0.0540,3.002,good,0.000,1.68,0,0,0,0,12.95,2,0.0,,,
2845,3.1680,-0.1160,0.1409,3.021,faded,0.995,4.16,1,1,1,0,11.51,2,3.2,50|49,2855,2855
2849,3.1720,-0.1190,0.0746,2.996,good,0.001,8.79,0,0,0,0,13.09,2,0.0,,,
2850,3.1720,-0.1194,-0.1255,2.994,good,0.003,3.67,0,0,0,0,13.27,2,0.0,,,
2851,3.1720,-0.1193,0.1211,2.996,good,0.128,2.96,0,0,0,0,13.21,2,0.0,,,
2846,3.1760,-0.1120,0.0280,3.003,good,0.010,3.27,0,0,0,0,10.60,3,0.0,,,
2847,3.1760,-0.1110,-0.2250,3.009,good,0.053,3.74,0,0,0,0,10.13,3,0.0,,,
2848,3.1760,-0.1098,-0.1661,2.979,good,0.006,2.54,0,0,0,0,10.41,3,0.0,,,
2853,3.1760,-0.1196,0.2421,2.896,black,1.000,49.79,1,1,1,0,15.82,2,3.2,62|63,2883,
2854,3.1760,-0.1181,-0.1180,2.964,good,0.009,2.20,0,0,0,0,13.57,2,0.0,,,
2852,3.1800,-0.1148,0.1123,3.002,good,0.031,2.60,0,0,0,0,11.57,3,0.0,,,
2855,3.1800,-0.1171,0.0438,2.998,good,0.000,2.30,0,0,0,0,12.42,2,0.0,,,
2856,3.1800,-0.1155,-0.2390,2.972,good,0.004,2.23,0,0,0,0,12.53,2,0.0,,,
2858,3.1880,-0.1134,0.0937,3.017,good,0.014,1.59,0,0,0,0,10.74,3,0.0,,,
2859,3.1880,-0.1130,0.1675,2.887,black,1.000,55.23,1,1,1,0,13.80,3,3.2,53,2893,2893
2860,3.1880,-0.1100,0.2176,3.020,broken,0.709,2.51,1,1,1,0,9.54,3,2.4,59|60,2890,2890
2861,3.1880,-0.1111,0.2273,2.985,good,0.001,2.52,0,0,0,0,10.72,3,0.0,,,
2866,3.1880,-0.1192,-0.1769,2.996,good,0.018,3.56,0,0,0,0,13.15,2,0.0,,,
2867,3.1880,-0.1178,0.1341,3.016,good,0.001,2.04,0,0,0,0,12.20,2,0.0,,,
2857,3.1920,-0.1123,-0.1619,2.451,shell,1.000,7.44,1,1,1,0,26.61,4,2.4,11,2861,2861
2862,3.1920,-0.1137,0.1654,2.963,good,0.005,2.41,0,0,0,0,12.11,3,0.0,,,
2863,3.1920,-0.1118,0.2072,3.000,good,0.001,3.21,0,0,0,0,10.61,3,0.0,,,
2864,3.1920,-0.1102,0.2358,3.016,good,0.008,2.48,0,0,0,0,9.72,3,0.0,,,
2865,3.1920,-0.1102,0.0268,2.998,good,0.000,2.95,0,0,0,0,10.10,3,0.0,,,
2868,3.1960,-0.1128,0.0152,3.002,good,0.007,2.76,0,0,0,0,10.87,3,0.0,,,
2869,3.1960,-0.1110,0.1146,3.064,black,1.000,48.13,1,1,1,0,8.86,3,3.2,46,2907,2907
2870,3.1960,-0.1103,-0.0433,2.984,sour,1.000,14.53,1,1,1,0,10.48,3,3.2,26,2885,2885
2872,3.1960,-0.1165,-0.0843,2.998,faded,0.932,3.16,1,1,1,0,12.21,2,3.2,21,2916,2916
2873,3.1960,-0.1173,0.0635,3.005,good,0.004,3.81,0,0,0,0,12.32,2,0.0,,,
2871,3.2000,-0.1089,-0.1298,2.999,good,0.005,3.15,0,0,0,0,9.66,3,0.0,,,
2874,3.2040,-0.1119,-0.0239,2.989,faded,0.991,3.70,1,1,1,0,10.89,3,3.2,28|29,2901,2901
2875,3.2040,-0.1090,0.0996,2.975,good,0.060,2.58,0,0,0,0,10.25,3,0.0,,,
2876,3.2080,-0.1146,-0.0553,2.986,good,0.010,1.95,0,0,0,0,11.86,3,0.0,,,
2879,3.2080,-0.1187,0.0174,2.991,good,0.081,1.88,0,0,0,0,13.12,2,0.0,,,
2880,3.2080,-0.1169,-0.0895,3.001,good,0.003,1.70,0,0,0,0,12.27,2,0.0,,,
2881,3.2080,-0.1170,-0.2024,3.001,black,1.000,49.90,1,1,1,0,12.30,2,3.2,6|5,2900,2900
2882,3.2080,-0.1167,-0.1658,2.997,good,0.039,2.37,0,0,0,0,12.31,2,0.0,,,
2877,3.2120,-0.1118,0.1368,2.995,good,0.000,2.75,0,0,0,0,10.71,3,0.0,,,
2878,3.2120,-0.1102,-0.1458,2.993,good,0.003,2.99,0,0,0,0,10.25,3,0.0,,,
2885,3.2120,-0.1199,-0.0522,3.238,stick,1.000,24.15,1,1,1,0,7.90,2,2.4,25,2910,
2883,3.2160,-0.1123,-0.1097,3.072,good,0.000,2.59,0,0,0,0,9.10,3,0.0,,,
2884,3.2160,-0.1159,0.0302,2.776,good,0.034,2.87,0,0,0,0,17.77,3,0.0,,,
2891,3.2160,-0.1187,0.0479,2.773,good,0.009,2.66,0,0,0,0,18.86,2,0.0,,,
2886,3.2200,-0.1084,-0.1759,3.074,good,0.003,6.22,0,0,0,0,7.79,3,0.0,,,
2887,3.2200,-0.1101,0.0609,2.991,good,0.039,2.03,0,0,0,0,10.24,3,0.0,,,
2888,3.2200,-0.1098,0.0948,3.056,good,0.004,2.15,0,0,0,0,8.66,3,0.0,,,
2889,3.2200,-0.1080,-0.2214,3.003,good,0.001,6.35,0,0,0,0,9.27,3,0.0,,,
2890,3.2200,-0.1088,0.2013,2.926,good,0.020,3.37,0,0,0,0,11.35,3,0.0,,,
2892,3.2240,-0.1146,-0.0623,3.035,good,0.000,4.11,0,0,0,0,10.70,3,0.0,,,
2893,3.2240,-0.1125,0.1574,2.964,good,0.060,3.69,0,0,0,0,11.67,3,0.0,,,
2894,3.2240,-0.1108,0.2216,2.999,good,0.000,3.74,0,0,0,0,10.28,3,0.0,,,
2895,3.2280,-0.1127,0.1088,2.996,good,0.021,2.57,0,0,0,0,11.01,3,0.0,,,
2896,3.2280,-0.1101,0.1873,2.996,good,0.000,2.62,0,0,0,0,10.12,3,0.0,,,
2897,3.2280,-0.1100,0.0640,2.976,good,0.005,4.90,0,0,0,0,10.57,3,0.0,,,
2898,3.2280,-0.1090,0.1415,3.003,good,0.327,3.54,0,0,0,0,9.61,3,0.0,,,
2899,3.2280,-0.1091,0.1697,2.998,good,0.080,3.58,0,0,0,0,9.73,3,0.0,,,
2900,3.2320,-0.1153,0.1979,3.007,good,0.168,9.94,0,0,0,0,11.58,3,0.0,,,
2901,3.2320,-0.1099,-0.2417,3.450,good,0.000,3.38,0,0,0,0,0.83,3,0.0,,,
2902,3.2320,-0.1105,0.0867,2.997,good,0.000,3.48,0,0,0,0,10.22,3,0.0,,,
2904,3.2320,-0.1179,0.2151,3.043,sour,1.000,19.40,1,1,1,0,11.63,2,3.2,59,2942,2942
2903,3.2360,-0.1147,-0.2301,2.916,good,0.013,2.50,0,0,0,0,13.64,3,0.0,,,
2905,3.2400,-0.1106,-0.1165,3.000,sour,0.666,16.67,1,1,1,0,10.18,3,3.2,17|16,2932|2933,2932|2933
2906,3.2400,-0.1085,0.0759,3.001,good,0.000,3.16,0,0,0,0,9.48,3,0.0,,,
2909,3.2400,-0.1197,-0.1940,3.009,sour,1.000,17.48,1,1,1,0,13.00,2,3.2,7|6,2943,2943
2907,3.2440,-0.1146,0.0456,2.995,good,0.000,3.43,0,0,0,0,11.64,3,0.0,,,
2908,3.2440,-0.1086,0.0302,3.053,good,0.002,4.16,0,0,0,0,8.34,3,0.0,,,
2912,3.2440,-0.1163,0.1658,3.001,good,0.001,3.18,0,0,0,0,12.07,2,0.0,,,
2913,3.2440,-0.1157,0.2228,2.981,good,0.005,10.15,0,0,0,0,12.36,2,0.0,,,
2910,3.2480,-0.1139,-0.0468,3.001,good,0.000,2.06,0,0,0,0,11.28,3,0.0,,,
2911,3.2480,-0.1135,-0.1000,3.027,good,0.000,3.74,0,0,0,0,10.55,3,0.0,,,
2917,3.2480,-0.1181,0.1851,3.009,good,0.002,2.96,0,0,0,0,12.49,2,0.0,,,
2914,3.2520,-0.1139,0.1773,3.003,good,0.000,2.99,0,0,0,0,11.23,3,0.0,,,
2915,3.2520,-0.1113,0.0599,3.016,black,1.000,50.25,1,1,1,0,10.07,3,3.2,39,2961,
2916,3.2520,-0.1082,-0.1812,3.003,good,0.003,2.89,0,0,0,0,9.32,3,0.0,,,
2920,3.2520,-0.1160,0.1619,2.998,good,0.001,4.82,0,0,0,0,12.06,2,0.0,,,
2918,3.2560,-0.1131,-0.1390,2.996,sour,1.000,16.44,1,1,1,0,11.14,3,3.2,14,2949,2949
2919,3.2560,-0.1149,0.1320,2.688,good,0.007,3.11,0,0,0,0,19.94,3,0.0,,,
2923,3.2560,-0.1158,0.2134,3.002,good,0.207,9.04,0,0,0,0,11.89,2,0.0,,,
2924,3.2560,-0.1191,0.0074,2.984,good,0.030,3.16,0,0,0,0,13.44,2,0.0,,,
2925,3.2560,-0.1185,0.0850,2.997,good,0.021,2.09,0,0,0,0,12.89,2,0.0,,,
2926,3.2560,-0.1158,0.0271,3.030,good,0.002,3.30,0,0,0,0,11.24,2,0.0,,,
2921,3.2600,-0.1132,0.1468,3.013,faded,0.727,2.56,1,1,1,0,10.77,3,3.1,50,2925,2925
2922,3.2600,-0.1118,-0.0343,3.009,good,0.001,2.83,0,0,0,0,10.37,3,0.0,,,
2932,3.2600,-0.1170,0.0278,2.999,sour,1.000,11.76,1,1,1,0,12.35,2,3.2,35,2972,
2927,3.2640,-0.1120,-0.1540,3.009,good,0.006,2.21,0,0,0,0,10.44,3,0.0,,,
2928,3.2640,-0.1139,0.0641,2.876,good,0.010,2.18,0,0,0,0,14.36,3,0.0,,,
2929,3.2640,-0.1129,0.1827,2.999,good,0.001,3.39,0,0,0,0,11.01,3,0.0,,,
2930,3.2640,-0.1112,-0.1810,2.996,insect,0.992,6.28,1,1,1,0,10.49,3,3.1,8|9,2963,2963
2931,3.2640,-0.1088,0.1982,2.991,good,0.016,1.98,0,0,0,0,9.82,3,0.0,,,
2933,3.2680,-0.1134,0.0122,2.992,good,0.003,2.62,0,0,0,0,11.31,3,0.0,,,
2934,3.2680,-0.1087,-0.1892,3.003,faded,0.998,4.54,1,1,1,0,9.50,3,3.2,7,2955,2955
2935,3.2680,-0.1097,-0.1088,3.000,good,0.001,2.18,0,0,0,0,9.88,3,0.0,,,
2936,3.2680,-0.1094,0.1951,2.945,good,0.029,3.04,0,0,0,0,11.10,3,0.0,,,
2939,3.2680,-0.1190,0.1385,3.048,good,0.003,2.44,0,0,0,0,11.84,2,0.0,,,
2940,3.2680,-0.1184,0.1177,2.880,good,0.001,1.56,0,0,0,0,15.83,2,0.0,,,
2937,3.2720,-0.1101,-0.2079,2.995,good,0.003,3.77,0,0,0,0,10.15,3,0.0,,,
2938,3.2720,-0.1085,-0.0178,3.003,good,0.009,1.63,0,0,0,0,9.43,3,0.0,,,
2942,3.2720,-0.1193,0.1345,3.000,good,0.005,2.33,0,0,0,0,13.08,2,0.0,,,
2943,3.2720,-0.1176,-0.1111,2.999,good,0.009,2.73,0,0,0,0,12.55,2,0.0,,,
2941,3.2760,-0.1102,-0.0465,3.002,faded,1.000,5.77,1,1,1,0,10.01,3,3.2,26|25,2984,2984
2944,3.2800,-0.1106,0.1553,2.997,good,0.010,3.56,0,0,0,0,10.27,3,0.0,,,
2945,3.2800,-0.1184,0.2340,2.990,good,0.185,2.79,0,0,0,0,13.02,2,0.0,,,
2946,3.2800,-0.1175,0.0794,3.025,good,0.012,2.62,0,0,0,0,11.91,2,0.0,,,
2952,3.2840,-0.1176,0.0066,3.113,good,0.012,3.29,0,0,0,0,9.89,2,0.0,,,
2953,3.2840,-0.1179,0.1013,3.003,good,0.002,2.87,0,0,0,0,12.58,2,0.0,,,
2954,3.2840,-0.1157,0.0465,3.018,good,0.000,3.00,0,0,0,0,11.48,2,0.0,,,
2947,3.2880,-0.1137,-0.1559,3.173,good,0.006,2.17,0,0,0,0,7.38,3,0.0,,,
2948,3.2880,-0.1139,-0.0138,3.053,faded,1.000,5.48,1,1,1,0,10.05,3,3.2,30,2967,2967
2949,3.2880,-0.1119,0.0885,3.003,good,0.066,3.22,0,0,0,0,10.54,3,0.0,,,
2950,3.2880,-0.1101,0.0159,3.073,sour,1.000,22.55,1,1,1,0,8.37,3,3.2,34|33,2982,2982
2951,3.2880,-0.1114,0.1737,3.014,good,0.005,3.13,0,0,0,0,10.15,3,0.0,,,
2961,3.2880,-0.1170,0.1913,3.402,good,0.037,3.32,0,0,0,0,3.79,2,0.0,,,
2962,3.2880,-0.1187,0.0968,3.007,good,0.001,3.63,0,0,0,0,12.73,2,0.0,,,
2955,3.2920,-0.1181,-0.0498,2.630,insect,1.000,3.37,1,1,1,0,22.93,3,3.1,25,2979,
2956,3.2920,-0.1134,-0.2302,2.940,good,0.022,2.74,0,0,0,0,12.58,3,0.0,,,
2957,3.2920,-0.1130,0.1760,3.003,good,0.002,13.36,0,0,0,0,10.92,3,0.0,,,
2958,3.2920,-0.1121,-0.0911,2.981,good,0.000,4.10,0,0,0,0,11.17,3,0.0,,,
2959,3.2920,-0.1095,-0.0175,3.013,good,0.025,6.16,0,0,0,0,9.54,3,0.0,,,
2960,3.2920,-0.1096,0.2057,2.995,broken,0.801,4.03,1,1,1,0,9.98,3,2.4,58,2974,2974
2965,3.2920,-0.1151,-0.1871,3.277,good,0.003,2.29,0,0,0,0,5.64,2,0.0,,,
2963,3.2960,-0.1163,-0.1646,2.616,good,0.429,2.71,0,0,0,0,22.70,3,0.0,,,
2964,3.2960,-0.1112,0.0708,2.987,good,0.001,3.05,0,0,0,0,10.72,3,0.0,,,
2966,3.3000,-0.1139,0.0339,3.005,good,0.001,2.09,0,0,0,0,11.20,3,0.0,,,
2967,3.3040,-0.1156,-0.0984,2.977,good,0.031,1.94,0,0,0,0,12.40,3,0.0,,,
2968,3.3040,-0.1148,0.0606,2.966,good,0.007,3.94,0,0,0,0,12.40,3,0.0,,,
2969,3.3040,-0.1144,-0.1099,3.002,good,0.000,3.48,0,0,0,0,11.42,3,0.0,,,
2970,3.3040,-0.1139,0.0203,3.001,good,0.268,2.44,0,0,0,0,11.28,3,0.0,,,
2971,3.3040,-0.1089,-0.1584,2.990,good,0.116,2.74,0,0,0,0,9.88,3,0.0,,,
2975,3.3040,-0.1174,-0.1246,2.968,good,0.027,2.53,0,0,0,0,13.24,2,0.0,,,
2972,3.3080,-0.1134,-0.1704,2.993,good,0.004,2.34,0,0,0,0,11.30,3,0.0,,,
2973,3.3080,-0.1114,0.1969,2.992,good,0.000,3.08,0,0,0,0,10.64,3,0.0,,,
2974,3.3080,-0.1120,-0.0350,2.998,good,0.006,1.95,0,0,0,0,10.72,3,0.0,,,
2977,3.3080,-0.1172,0.2066,2.892,good,0.158,4.48,0,0,0,0,15.09,2,0.0,,,
2976,3.3120,-0.1076,0.0524,3.450,good,0.000,4.19,0,0,0,0,0.19,3,0.0,,,
2983,3.3120,-0.1287,-0.1915,3.000,good,0.011,5.86,0,0,0,0,12.23,1,0.0,,,
2984,3.3120,-0.1158,-0.1506,3.002,good,0.052,2.68,0,0,0,0,11.89,2,0.0,,,
2986,3.3120,-0.1193,-0.1874,3.000,good,0.017,2.36,0,0,0,0,13.12,1,0.0,,,
2987,3.3120,-0.1155,-0.1950,3.000,good,0.002,4.72,0,0,0,0,11.85,1,0.0,,,
2978,3.3160,-0.1149,-0.1295,2.999,good,0.001,2.79,0,0,0,0,11.65,3,0.0,,,
2979,3.3160,-0.1153,0.2256,2.980,good,0.012,3.23,0,0,0,0,12.24,3,0.0,,,
2980,3.3160,-0.1169,-0.2045,2.434,good,0.002,3.09,0,0,0,0,29.10,3,0.0,,,
2981,3.3160,-0.1111,-0.1358,2.975,good,0.004,2.13,0,0,0,0,10.96,3,0.0,,,
2982,3.3160,-0.1094,0.1826,3.002,good,0.001,3.59,0,0,0,0,9.73,3,0.0,,,
2985,3.3200,-0.1102,-0.1650,2.998,good,0.007,2.60,0,0,0,0,10.10,3,0.0,,,
2988,3.3240,-0.1140,0.1645,2.992,good,0.026,3.63,0,0,0,0,11.51,3,0.0,,,
2989,3.3240,-0.1114,0.0058,2.958,black,1.000,43.74,1,1,1,0,11.47,3,3.2,32,3026,3026
2990,3.3280,-0.1144,0.1151,3.064,good,0.005,1.82,0,0,0,0,9.98,3,0.0,,,
2991,3.3280,-0.1092,-0.2253,2.995,good,0.058,11.04,0,0,0,0,9.84,3,0.0,,,
2992,3.3280,-0.1104,0.0222,2.994,faded,0.843,3.55,1,1,1,0,10.25,3,3.2,34|35,3014,3014
2993,3.3280,-0.1097,0.2299,2.998,good,0.009,4.55,0,0,0,0,9.94,3,0.0,,,
2998,3.3280,-0.1181,0.0568,2.866,good,0.008,2.49,0,0,0,0,16.08,2,0.0,,,
2999,3.3280,-0.1105,-0.1451,2.998,stick,1.000,55.84,1,1,1,0,10.21,2,2.4,13,3030,3030
2994,3.3320,-0.1120,-0.0913,3.012,good,0.000,3.46,0,0,0,0,10.39,3,0.0,,,
2995,3.3320,-0.1108,0.1777,3.011,insect,1.000,2.95,1,1,1,0,10.02,3,3.1,54,3033,3033
2996,3.3320,-0.1095,-0.0138,3.004,good,0.001,3.52,0,0,0,0,9.73,3,0.0,,,
2997,3.3320,-0.1080,-0.1545,3.002,good,0.072,2.53,0,0,0,0,9.27,3,0.0,,,
3003,3.3320,-0.1198,0.2109,3.031,good,0.009,2.52,0,0,0,0,12.52,2,0.0,,,
3004,3.3320,-0.1193,0.1480,3.031,good,0.011,2.80,0,0,0,0,12.35,2,0.0,,,
3000,3.3360,-0.1121,-0.1003,2.998,good,0.001,2.35,0,0,0,0,10.75,3,0.0,,,
3001,3.3360,-0.1117,0.1770,2.967,good,0.001,2.30,0,0,0,0,11.36,3,0.0,,,
3002,3.3360,-0.1103,-0.0853,2.937,good,0.091,2.10,0,0,0,0,11.61,3,0.0,,,
3005,3.3400,-0.1141,0.0652,2.876,good,0.131,3.44,0,0,0,0,14.44,3,0.0,,,
3006,3.3440,-0.1145,0.1042,2.962,good,0.003,2.35,0,0,0,0,12.43,3,0.0,,,
3007,3.3480,-0.1161,-0.1890,2.972,broken,0.620,2.98,1,1,1,0,12.71,3,2.4,7|8,3035,
3008,3.3480,-0.1144,0.1292,2.552,faded,0.566,2.61,1,1,1,0,24.02,3,3.2,48,3027,
3009,3.3480,-0.1082,-0.0100,3.063,good,0.025,1.93,0,0,0,0,7.97,3,0.0,,,
3012,3.3480,-0.1182,0.0132,2.999,good,0.000,3.78,0,0,0,0,12.75,2,0.0,,,
3010,3.3520,-0.1140,0.2379,2.995,sour,1.000,17.85,1,1,1,0,11.44,3,3.2,62,3029,3029
3011,3.3520,-0.1133,-0.0063,3.001,good,0.001,2.72,0,0,0,0,11.08,3,0.0,,,
3017,3.3520,-0.1182,-0.1588,2.983,good,0.034,3.22,0,0,0,0,13.16,2,0.0,,,
3018,3.3520,-0.1183,-0.0324,2.998,good,0.105,3.24,0,0,0,0,12.82,2,0.0,,,
3019,3.3520,-0.1177,0.1602,3.003,good,0.018,2.46,0,0,0,0,12.49,2,0.0,,,
3013,3.3560,-0.1142,-0.0740,3.006,good,0.000,4.34,0,0,0,0,11.24,3,0.0,,,
3014,3.3560,-0.1133,-0.1327,2.985,faded,0.999,5.11,1,1,1,0,11.44,3,3.2,15|14,3053,3053
3015,3.3560,-0.1124,0.0589,2.994,good,0.000,5.39,0,0,0,0,10.92,3,0.0,,,
3016,3.3560,-0.1119,-0.1973,2.981,good,0.249,3.16,0,0,0,0,11.09,3,0.0,,,
3023,3.3560,-0.1190,0.1152,3.178,good,0.003,2.25,0,0,0,0,8.93,2,0.0,,,
3024,3.3560,-0.1194,0.1314,3.005,good,0.000,3.27,0,0,0,0,13.02,2,0.0,,,
3020,3.3600,-0.1108,0.0161,3.005,faded,0.969,3.47,1,1,1,0,10.16,3,3.2,34|33,3049,
3021,3.3600,-0.1114,0.0816,3.011,good,0.000,3.78,0,0,0,0,10.21,3,0.0,,,
3022,3.3600,-0.1120,-0.0969,2.986,good,0.005,2.35,0,0,0,0,11.00,3,0.0,,,
3027,3.3600,-0.1192,-0.2340,3.017,good,0.007,2.49,0,0,0,0,12.67,2,0.0,,,
3028,3.3600,-0.1191,0.1017,3.111,broken,0.999,2.39,1,1,1,0,10.43,2,2.4,45|44,3047,3047
3025,3.3640,-0.1163,-0.0224,2.581,good,0.021,3.73,0,0,0,0,23.82,3,0.0,,,
3026,3.3640,-0.1114,0.0530,2.996,faded,0.810,2.98,1,1,1,0,10.57,3,3.2,38,3064,3064
3029,3.3680,-0.1135,0.0157,3.004,black,1.000,47.96,1,1,1,0,11.08,3,3.2,34|33,3052,3052
3034,3.3680,-0.1193,-0.0145,3.072,good,0.003,1.94,0,0,0,0,11.38,2,0.0,,,
3035,3.3680,-0.1175,0.1262,3.003,faded,1.000,4.67,1,1,1,0,12.41,2,3.2,48|47,3068,3068
3036,3.3680,-0.1163,0.0406,3.013,good,0.002,1.77,0,0,0,0,11.78,2,0.0,,,
3037,3.3680,-0.1118,0.0743,3.450,good,0.001,2.91,0,0,0,0,1.39,2,0.0,,,
3038,3.3680,-0.1119,0.1036,3.450,good,0.001,3.38,0,0,0,0,1.43,2,0.0,,,
3030,3.3720,-0.1150,-0.1508,3.064,good,0.001,2.68,0,0,0,0,10.17,3,0.0,,,
3031,3.3720,-0.1146,0.1762,3.013,good,0.000,2.99,0,0,0,0,11.23,3,0.0,,,
3032,3.3720,-0.1128,-0.1101,2.958,broken,0.820,2.65,1,1,1,0,11.93,3,2.4,17|18,3057,3057
3033,3.3720,-0.1093,0.1091,3.002,good,0.004,2.98,0,0,0,0,9.74,3,0.0,,,
3043,3.3720,-0.1190,0.1425,3.075,good,0.005,19.37,1,1,1,0,11.24,2,9.0,50|49|51,3070,3070
3044,3.3720,-0.1188,-0.0272,2.994,good,0.012,2.96,0,0,0,0,13.07,2,0.0,,,
3045,3.3720,-0.1193,0.1879,2.988,good,0.003,2.73,0,0,0,0,13.39,2,0.0,,,
3039,3.3760,-0.1159,0.1057,2.997,faded,0.807,4.47,1,1,1,0,12.04,3,3.2,45,3087,3087
3040,3.3760,-0.1143,-0.2121,3.018,good,0.000,3.82,0,0,0,0,11.01,3,0.0,,,
3041,3.3760,-0.1137,0.0849,3.013,good,0.021,3.46,0,0,0,0,10.94,3,0.0,,,
3042,3.3760,-0.1150,0.0085,2.472,good,0.013,1.79,0,0,0,0,26.94,3,0.0,,,
3048,3.3760,-0.1160,0.2415,3.337,good,0.021,2.23,0,0,0,0,4.73,2,0.0,,,
3046,3.3800,-0.1112,-0.0334,3.065,good,0.005,3.80,0,0,0,0,8.90,3,0.0,,,
3047,3.3800,-0.1105,-0.0844,3.041,good,0.085,3.63,0,0,0,0,9.22,3,0.0,,,
3055,3.3800,-0.1027,0.2446,3.000,good,0.004,2.14,0,0,0,0,7.56,1,0.0,,,
3049,3.3840,-0.1132,0.1579,3.197,good,0.012,2.97,0,0,0,0,6.68,3,0.0,,,
3050,3.3840,-0.1145,-0.1310,2.998,good,0.021,2.35,0,0,0,0,11.56,3,0.0,,,
3051,3.3840,-0.1130,0.1252,3.003,faded,0.836,3.65,1,1,1,0,10.93,3,3.2,48|47,3076,3076
3052,3.3840,-0.1116,-0.1078,3.012,good,0.003,2.55,0,0,0,0,10.26,3,0.0,,,
3053,3.3880,-0.1153,-0.2264,3.021,faded,0.999,3.93,1,1,1,0,11.25,3,3.2,3|2,3083,3083
3054,3.3880,-0.1100,0.0567,2.968,good,0.001,3.82,0,0,0,0,10.75,3,0.0,,,
3059,3.3880,-0.1175,-0.1214,2.987,good,0.001,2.16,0,0,0,0,12.82,2,0.0,,,
3060,3.3880,-0.1169,-0.1047,3.008,good,0.002,2.25,0,0,0,0,12.10,2,0.0,,,
3061,3.3880,-0.1168,0.1956,2.994,good,0.040,3.09,0,0,0,0,12.40,2,0.0,,,
3056,3.3920,-0.1155,-0.1952,3.000,good,0.000,2.31,0,0,0,0,11.82,3,0.0,,,
3057,3.3920,-0.1260,0.2395,2.917,good,0.255,3.12,0,0,0,0,13.46,2,0.0,,,
3058,3.3920,-0.1224,0.0646,2.663,good,0.032,3.61,0,0,0,0,19.50,2,0.0,,,
3064,3.3920,-0.1177,0.1058,2.986,good,0.000,3.91,0,0,0,0,12.91,2,0.0,,,
3070,3.3920,-0.1143,0.2438,3.000,good,0.293,3.08,0,0,0,0,11.44,1,0.0,,,
3071,3.3920,-0.1118,0.0617,3.000,good,0.050,3.64,0,0,0,0,10.58,1,0.0,,,
3062,3.3960,-0.1125,0.0691,3.025,good,0.000,2.96,0,0,0,0,10.23,3,0.0,,,
3063,3.3960,-0.1128,0.2083,2.999,good,0.023,4.50,0,0,0,0,10.96,3,0.0,,,
3068,3.3960,-0.1186,-0.1055,2.999,good,0.001,4.10,0,0,0,0,12.91,2,0.0,,,
3069,3.3960,-0.1159,0.0262,3.018,good,0.005,2.74,0,0,0,0,11.54,2,0.0,,,
3065,3.4000,-0.1155,-0.1803,2.713,good,0.145,3.11,0,0,0,0,19.42,3,0.0,,,
3066,3.4000,-0.1134,-0.0069,2.992,good,0.089,2.33,0,0,0,0,11.32,3,0.0,,,
3067,3.4000,-0.1081,0.1968,3.189,good,0.003,2.14,0,0,0,0,5.25,3,0.0,,,
3073,3.4000,-0.1164,0.1838,2.975,faded,0.819,3.24,1,1,1,0,12.74,2,3.2,55,3093,3093
3072,3.4040,-0.1133,0.1091,3.106,good,0.000,2.47,0,0,0,0,8.69,3,0.0,,,
3079,3.4040,-0.1184,-0.2243,2.995,good,0.000,4.82,0,0,0,0,12.92,2,0.0,,,
3074,3.4080,-0.1141,-0.0373,2.989,good,0.013,1.78,0,0,0,0,11.62,3,0.0,,,
3075,3.4080,-0.1138,0.0724,3.001,good,0.001,3.09,0,0,0,0,11.24,3,0.0,,,
3076,3.4080,-0.1124,0.2382,3.001,good,0.330,3.53,0,0,0,0,10.78,3,0.0,,,
3077,3.4080,-0.1091,0.1583,3.094,good,0.153,3.59,0,0,0,0,7.60,3,0.0,,,
3078,3.4080,-0.1084,-0.0567,2.917,good,0.029,3.51,0,0,0,0,11.47,3,0.0,,,
3080,3.4120,-0.1143,0.0510,3.012,good,0.012,3.94,0,0,0,0,11.13,3,0.0,,,
3081,3.4120,-0.1120,-0.2298,2.920,good,0.062,2.40,0,0,0,0,12.59,3,0.0,,,
3082,3.4120,-0.1090,0.1466,3.024,shell,1.000,9.61,1,1,1,0,9.12,3,2.4,50,3109,3109
3084,3.4120,-0.1196,-0.0130,3.007,good,0.006,3.00,0,0,0,0,13.04,2,0.0,,,
3083,3.4160,-0.1134,-0.1320,2.970,good,0.081,3.59,0,0,0,0,11.86,3,0.0,,,
3085,3.4200,-0.1088,-0.1145,3.007,good,0.012,4.63,0,0,0,0,9.42,3,0.0,,,
3086,3.4200,-0.1097,0.1083,3.002,good,0.001,2.04,0,0,0,0,9.86,3,0.0,,,
3087,3.4200,-0.1185,0.0414,2.991,good,0.023,2.39,0,0,0,0,13.04,2,0.0,,,
3088,3.4200,-0.1172,-0.0012,3.223,good,0.000,2.11,0,0,0,0,7.38,2,0.0,,,
3092,3.4240,-0.1186,-0.2157,3.003,black,1.000,50.60,1,1,1,0,12.79,2,3.2,4,3113,3113
3093,3.4240,-0.1186,-0.0256,2.762,good,0.004,1.73,0,0,0,0,19.14,2,0.0,,,
3094,3.4240,-0.1174,-0.1936,2.999,good,0.072,4.49,0,0,0,0,12.47,2,0.0,,,
3089,3.4280,-0.1138,-0.2062,2.995,good,0.071,2.20,0,0,0,0,11.40,3,0.0,,,
3090,3.4280,-0.1100,0.1501,3.140,good,0.001,6.74,0,0,0,0,6.86,3,0.0,,,
3091,3.4280,-0.1113,0.1407,2.988,good,0.001,2.76,0,0,0,0,10.72,3,0.0,,,
3096,3.4280,-0.1183,-0.0119,2.999,good,0.001,3.12,0,0,0,0,12.77,2,0.0,,,
3097,3.4280,-0.1170,-0.1030,3.042,sour,1.000,20.62,1,1,1,0,11.31,2,3.2,18|19,3126,3126
3098,3.4280,-0.1179,0.1749,2.962,good,0.002,3.19,0,0,0,0,13.56,2,0.0,,,
3099,3.4280,-0.1150,0.2095,3.090,good,0.021,4.93,0,0,0,0,9.56,2,0.0,,,
3095,3.4320,-0.1090,0.1580,3.045,black,1.000,51.24,1,1,1,0,8.63,3,3.2,52,3144,3144
3102,3.4320,-0.1198,-0.1151,2.998,good,0.007,2.12,0,0,0,0,13.31,2,0.0,,,
3103,3.4320,-0.1188,0.1243,3.002,good,0.012,2.40,0,0,0,0,12.88,2,0.0,,,
3104,3.4320,-0.1187,-0.1842,2.985,good,0.002,2.19,0,0,0,0,13.25,2,0.0,,,
3105,3.4320,-0.1177,0.0293,2.988,good,0.004,2.57,0,0,0,0,12.84,2,0.0,,,
3100,3.4360,-0.1136,-0.0075,3.000,faded,0.548,3.92,1,1,1,0,11.21,3,3.2,31|30,3138,3138
3101,3.4360,-0.1137,0.1547,3.012,good,0.000,2.11,0,0,0,0,10.96,3,0.0,,,
3109,3.4360,-0.1172,-0.1382,2.990,sour,1.000,14.87,1,1,1,0,12.63,2,3.2,14,3151,3151
3106,3.4400,-0.1156,0.1998,3.019,good,0.002,3.75,0,0,0,0,11.41,3,0.0,,,
3107,3.4400,-0.1119,-0.0346,3.029,faded,0.783,4.16,1,1,1,0,9.97,3,3.2,27,3156,3156
3108,3.4400,-0.1091,0.0447,3.138,good,0.000,3.78,0,0,0,0,6.64,3,0.0,,,
3112,3.4400,-0.1275,-0.1372,3.000,good,0.001,2.76,0,0,0,0,11.84,1,0.0,,,
3110,3.4440,-0.1144,-0.2193,2.743,good,0.045,4.01,0,0,0,0,18.17,3,0.0,,,
3111,3.4440,-0.1125,0.0857,2.886,good,0.000,3.45,0,0,0,0,13.65,3,0.0,,,
3113,3.4480,-0.1106,-0.1552,2.999,good,0.001,3.28,0,0,0,0,10.22,3,0.0,,,
3114,3.4480,-0.1095,0.0659,2.939,good,0.394,7.21,0,0,0,0,11.26,3,0.0,,,
3115,3.4480,-0.1087,0.1640,3.001,good,0.000,2.00,0,0,0,0,9.57,3,0.0,,,
3117,3.4480,-0.1191,-0.2043,2.991,good,0.042,2.55,0,0,0,0,13.28,2,0.0,,,
3116,3.4520,-0.1095,-0.0485,2.987,good,0.072,3.87,0,0,0,0,10.14,3,0.0,,,
3121,3.4520,-0.1178,0.0181,2.979,good,0.005,2.34,0,0,0,0,13.12,2,0.0,,,
3118,3.4560,-0.1142,-0.1825,3.003,good,0.003,3.41,0,0,0,0,11.34,3,0.0,,,
3119,3.4560,-0.1148,0.2351,2.741,good,0.001,3.69,0,0,0,0,18.38,3,0.0,,,
3120,3.4560,-0.1109,0.0614,2.975,good,0.000,2.40,0,0,0,0,10.90,3,0.0,,,
3122,3.4600,-0.1136,-0.1767,2.998,faded,0.998,4.34,1,1,1,0,11.27,3,3.2,9,3150,3150
3126,3.4600,-0.1171,-0.1161,3.020,good,0.028,2.01,0,0,0,0,11.89,2,0.0,,,
3127,3.4600,-0.1159,-0.2135,2.986,good,0.002,2.39,0,0,0,0,12.30,2,0.0,,,
3123,3.4640,-0.1124,0.0364,3.007,good,0.002,2.79,0,0,0,0,10.61,3,0.0,,,
3124,3.4640,-0.1109,-0.0019,2.962,good,0.002,2.66,0,0,0,0,11.18,3,0.0,,,
3125,3.4640,-0.1112,0.0943,2.940,good,0.001,3.84,0,0,0,0,11.84,3,0.0,,,
3136,3.4640,-0.1169,-0.0382,3.028,good,0.000,3.62,0,0,0,0,11.63,2,0.0,,,
3128,3.4680,-0.1253,-0.0282,2.417,good,0.004,9.34,0,0,0,0,29.22,2,0.0,,,
3129,3.4680,-0.1058,0.0588,3.450,good,0.001,3.56,0,0,0,0,-0.36,3,0.0,,,
3130,3.4680,-0.1100,0.0940,3.015,good,0.003,2.48,0,0,0,0,9.65,3,0.0,,,
3131,3.4680,-0.1108,0.1394,2.893,black,1.000,51.55,1,1,1,0,12.88,3,3.2,49|50,3155,
3132,3.4680,-0.1151,-0.0200,2.450,good,0.007,3.68,0,0,0,0,27.82,3,0.0,,,
3133,3.4680,-0.1091,-0.1226,3.070,good,0.033,2.41,0,0,0,0,8.10,3,0.0,,,
3134,3.4680,-0.1100,-0.2344,2.937,broken,0.595,2.41,1,1,1,0,11.50,3,2.4,2|1,3166,3166
3135,3.4680,-0.1087,0.1924,2.989,good,0.002,3.19,0,0,0,0,9.80,3,0.0,,,
3144,3.4680,-0.1156,-0.0321,3.000,good,0.002,5.44,0,0,0,0,11.88,1,0.0,,,
3137,3.4720,-0.1155,0.1238,2.999,black,1.000,47.73,1,1,1,0,11.87,3,3.2,47|48,3164,3164
3138,3.4720,-0.1103,-0.0945,2.997,good,0.008,4.50,0,0,0,0,10.17,3,0.0,,,
3142,3.4720,-0.1173,0.1993,2.999,broken,0.681,3.72,1,1,1,0,12.44,2,2.4,57,3186,3186
3143,3.4720,-0.1178,0.1870,2.791,good,0.044,3.78,0,0,0,0,18.05,2,0.0,,,
3139,3.4760,-0.1137,0.2261,2.982,good,0.019,2.44,0,0,0,0,11.67,3,0.0,,,
3140,3.4760,-0.1107,-0.0832,3.000,good,0.000,3.16,0,0,0,0,10.21,3,0.0,,,
3141,3.4760,-0.1088,-0.1375,3.027,good,0.069,5.30,0,0,0,0,8.97,3,0.0,,,
3149,3.4760,-0.1194,-0.1397,3.375,black,1.000,52.20,1,1,1,0,5.02,2,3.2,14|13,3176,3176
3145,3.4800,-0.1139,-0.0151,2.994,faded,1.000,5.12,1,1,1,0,11.46,3,3.2,30|29,3167,3167
3146,3.4800,-0.1130,-0.2129,3.009,good,0.001,2.96,0,0,0,0,10.78,3,0.0,,,
3147,3.4800,-0.1080,0.0255,3.450,shell,0.977,5.83,1,1,1,0,0.30,3,2.4,35,3192,
3148,3.4800,-0.1209,0.2137,3.441,good,0.003,3.01,0,0,0,0,0.22,2,0.0,,,
3153,3.4800,-0.1196,0.0176,3.003,good,0.000,3.03,0,0,0,0,13.12,2,0.0,,,
3154,3.4800,-0.1172,-0.2287,2.925,good,0.122,2.19,0,0,0,0,14.26,2,0.0,,,
3161,3.4800,-0.1072,0.2172,3.000,good,0.002,2.98,0,0,0,0,9.07,1,0.0,,,
3150,3.4840,-0.1181,0.1190,2.640,good,0.000,2.83,0,0,0,0,22.58,3,0.0,,,
3151,3.4840,-0.1122,-0.1447,2.990,faded,0.980,4.92,1,1,1,0,10.96,3,3.2,13,3177,
3152,3.4840,-0.1126,-0.0351,2.996,good,0.003,1.85,0,0,0,0,10.98,3,0.0,,,
3160,3.4840,-0.1154,-0.0632,3.143,good,0.005,3.58,0,0,0,0,8.53,2,0.0,,,
3155,3.4880,-0.1147,-0.2333,2.990,good,0.018,2.64,0,0,0,0,11.81,3,0.0,,,
3156,3.4880,-0.1129,-0.0869,3.154,good,0.010,1.89,0,0,0,0,7.48,3,0.0,,,
3157,3.4880,-0.1112,0.0526,3.055,good,0.095,4.58,0,0,0,0,9.15,3,0.0,,,
3158,3.4880,-0.1093,-0.1316,2.985,good,0.010,2.62,0,0,0,0,10.11,3,0.0,,,
3159,3.4880,-0.1100,0.2155,3.004,good,0.001,3.30,0,0,0,0,9.93,3,0.0,,,
3163,3.4880,-0.1157,-0.0375,3.171,insect,1.000,4.51,1,1,1,0,8.05,2,3.1,27,3190,3190
3162,3.4920,-0.1124,-0.0941,3.040,good,0.002,1.93,0,0,0,0,9.88,3,0.0,,,
3165,3.4960,-0.1144,0.0929,2.939,faded,1.000,5.72,1,1,1,0,12.95,3,3.2,43|44,3198,3198
3166,3.4960,-0.1100,-0.0629,2.996,faded,0.616,3.37,1,1,1,0,10.10,3,3.2,23|24,3206,3206
3167,3.4960,-0.1173,0.0269,2.971,good,0.000,2.48,0,0,0,0,13.13,2,0.0,,,
3164,3.5000,-0.1150,0.1261,2.131,good,0.006,4.78,0,0,0,0,40.89,4,0.0,,,
3169,3.5000,-0.1197,-0.0476,3.011,good,0.109,2.41,0,0,0,0,12.98,2,0.0,,,
3170,3.5000,-0.1156,0.2180,3.106,good,0.000,2.43,0,0,0,0,9.44,2,0.0,,,
3168,3.5040,-0.1149,0.0845,3.081,good,0.001,3.78,0,0,0,0,9.74,3,0.0,,,
3171,3.5080,-0.1154,0.0118,2.995,good,0.015,3.00,0,0,0,0,11.93,3,0.0,,,
3172,3.5080,-0.1133,0.1145,2.991,good,0.001,2.33,0,0,0,0,11.32,3,0.0,,,
3173,3.5080,-0.1115,0.0360,2.956,faded,1.000,5.83,1,1,1,0,11.55,3,3.2,36,3196,
3177,3.5080,-0.1158,-0.1716,3.239,black,1.000,50.39,1,1,1,0,6.63,2,3.2,10|9,3193,
3174,3.5120,-0.1193,-0.2359,2.244,good,0.107,3.57,0,0,0,0,37.72,3,0.0,,,
3175,3.5120,-0.1132,0.0152,3.048,good,0.001,2.79,0,0,0,0,9.93,3,0.0,,,
3176,3.5120,-0.1110,-0.2134,2.999,good,0.003,2.57,0,0,0,0,10.37,3,0.0,,,
3179,3.5120,-0.1199,0.1205,2.870,good,0.000,3.83,0,0,0,0,16.60,2,0.0,,,
3180,3.5120,-0.1159,-0.0644,3.133,good,0.001,2.48,0,0,0,0,8.92,2,0.0,,,
3186,3.5120,-0.1029,-0.1753,3.000,black,1.000,50.38,1,1,1,0,7.62,1,3.2,9,3193,
3178,3.5160,-0.1145,0.0339,3.133,good,0.012,3.74,0,0,0,0,8.45,3,0.0,,,
3185,3.5160,-0.1195,0.0962,3.087,good,0.001,2.91,0,0,0,0,11.09,2,0.0,,,
3190,3.5160,-0.1103,-0.2330,3.000,good,0.039,3.62,0,0,0,0,10.11,1,0.0,,,
3182,3.5200,-0.1251,0.1390,3.445,good,0.003,5.46,0,0,0,0,1.34,2,0.0,,,
3183,3.5200,-0.1107,-0.1218,2.995,good,0.034,2.78,0,0,0,0,10.35,3,0.0,,,
3184,3.5200,-0.1101,-0.0175,3.001,good,0.010,2.65,0,0,0,0,9.99,3,0.0,,,
3189,3.5200,-0.1196,-0.1796,3.195,good,0.002,2.70,0,0,0,0,8.74,2,0.0,,,
3195,3.5200,-0.1113,0.1421,3.000,good,0.000,5.13,0,0,0,0,10.43,1,0.0,,,
3181,3.5240,-0.1130,0.2028,2.263,broken,0.920,5.82,1,1,1,0,34.13,4,2.4,57|58,3214,3214
3187,3.5240,-0.1159,-0.2001,2.974,good,0.000,2.78,0,0,0,0,12.59,3,0.0,,,
3188,3.5240,-0.1134,-0.0151,3.034,good,0.072,2.33,0,0,0,0,10.32,3,0.0,,,
3194,3.5240,-0.1191,0.1478,3.041,good,0.010,2.36,0,0,0,0,12.04,2,0.0,,,
3191,3.5280,-0.1137,-0.0197,2.985,good,0.000,2.67,0,0,0,0,11.57,3,0.0,,,
3192,3.5280,-0.1121,0.1582,3.022,faded,1.000,4.51,1,1,1,0,10.20,3,3.2,52,3207,3207
3193,3.5280,-0.1102,-0.0750,2.913,good,0.133,3.34,0,0,0,0,12.15,3,0.0,,,
3196,3.5320,-0.1132,0.1771,2.988,good,0.009,8.93,0,0,0,0,11.36,3,0.0,,,
3197,3.5320,-0.1133,-0.0460,3.026,good,0.003,1.85,0,0,0,0,10.49,3,0.0,,,
3198,3.5320,-0.1106,0.2142,2.988,good,0.078,2.78,0,0,0,0,10.49,3,0.0,,,
3199,3.5320,-0.1255,-0.2276,1.862,good,0.011,5.49,0,0,0,0,57.09,2,0.0,,,
3200,3.5320,-0.1088,0.1210,2.821,good,0.004,3.81,0,0,0,0,14.02,3,0.0,,,
3209,3.5320,-0.1180,-0.2252,3.000,good,0.009,5.27,0,0,0,0,12.67,1,0.0,,,
3201,3.5360,-0.1111,-0.2121,3.001,good,0.005,2.24,0,0,0,0,10.36,3,0.0,,,
3204,3.5360,-0.1196,0.1951,2.923,good,0.128,4.65,0,0,0,0,15.13,2,0.0,,,
3205,3.5360,-0.1193,-0.0367,3.000,good,0.000,5.02,0,0,0,0,13.10,2,0.0,,,
3206,3.5360,-0.1181,0.0561,2.989,good,0.000,4.16,0,0,0,0,12.95,2,0.0,,,
3207,3.5360,-0.1172,0.1315,3.000,good,0.354,8.56,0,0,0,0,12.39,2,0.0,,,
3208,3.5360,-0.1168,-0.0760,3.008,good,0.025,2.69,0,0,0,0,12.05,2,0.0,,,
3202,3.5400,-0.1124,0.1519,2.991,good,0.022,9.06,0,0,0,0,11.02,3,0.0,,,
3203,3.5400,-0.1099,-0.0650,2.964,good,0.002,3.18,0,0,0,0,10.82,3,0.0,,,
3211,3.5400,-0.1190,0.0435,3.021,broken,0.744,3.15,1,1,1,0,12.49,2,2.4,37,3237,3237
3212,3.5400,-0.1199,-0.1546,2.941,good,0.002,2.70,0,0,0,0,14.75,2,0.0,,,
3214,3.5400,-0.1163,-0.0240,2.951,faded,0.683,4.37,1,1,1,0,13.27,2,3.2,28|29,3265,3265
3219,3.5400,-0.1117,0.1601,3.000,good,0.004,7.65,0,0,0,0,10.56,1,0.0,,,
3220,3.5400,-0.1032,-0.2223,3.000,good,0.006,5.30,0,0,0,0,7.73,1,0.0,,,
3210,3.5440,-0.1083,0.1989,3.070,good,0.060,2.69,0,0,0,0,7.85,3,0.0,,,
3213,3.5440,-0.1325,0.2364,3.000,good,0.004,4.40,0,0,0,0,9.49,1,0.0,,,
3218,3.5440,-0.1234,0.2415,3.000,good,0.056,4.64,0,0,0,0,10.46,1,0.0,,,
3227,3.5440,-0.1000,0.1635,3.000,good,0.004,9.53,0,0,0,0,6.67,1,0.0,,,
3215,3.5480,-0.1140,-0.1351,2.976,broken,0.693,1.85,1,1,1,0,11.90,3,2.4,14,3240,3240
3216,3.5480,-0.1130,-0.0220,2.982,good,0.000,2.64,0,0,0,0,11.44,3,0.0,,,
3217,3.5480,-0.1102,-0.1440,2.996,good,0.002,2.33,0,0,0,0,10.16,3,0.0,,,
3225,3.5480,-0.1189,-0.0032,2.990,good,0.000,3.02,0,0,0,0,13.19,2,0.0,,,
3226,3.5480,-0.1149,-0.0308,3.450,good,0.004,5.08,0,0,0,0,2.28,2,0.0,,,
3221,3.5520,-0.1146,0.0717,2.994,insect,1.000,8.18,1,1,1,0,11.68,3,3.1,41|40,3248,3248
3222,3.5520,-0.1145,-0.1943,2.996,good,0.053,3.52,0,0,0,0,11.59,3,0.0,,,
3223,3.5520,-0.1121,0.0134,3.309,good,0.094,10.09,0,0,0,0,4.10,3,0.0,,,
3224,3.5520,-0.1090,-0.1519,3.093,good,0.006,1.63,0,0,0,0,7.56,3,0.0,,,
3228,3.5560,-0.1133,0.2107,3.005,good,0.099,5.09,0,0,0,0,10.98,3,0.0,,,
3229,3.5560,-0.1092,0.1308,2.923,good,0.284,2.33,0,0,0,0,11.58,3,0.0,,,
3230,3.5600,-0.1121,0.1235,2.922,good,0.009,3.51,0,0,0,0,12.59,3,0.0,,,
3231,3.5600,-0.1105,0.0340,3.015,good,0.000,2.30,0,0,0,0,9.81,3,0.0,,,
3232,3.5600,-0.1095,0.1487,3.058,faded,0.999,4.29,1,1,1,0,8.52,3,3.2,51|50,3257,
3234,3.5600,-0.1140,0.1046,3.129,good,0.001,6.57,0,0,0,0,8.38,2,0.0,,,
3233,3.5640,-0.1125,0.0909,2.986,good,0.016,2.48,0,0,0,0,11.15,3,0.0,,,
3236,3.5640,-0.1157,-0.2314,3.235,good,0.066,4.15,0,0,0,0,6.69,2,0.0,,,
3235,3.5680,-0.1170,-0.0321,2.662,good,0.015,2.77,0,0,0,0,21.54,3,0.0,,,
3238,3.5680,-0.1178,0.0258,2.999,insect,1.000,8.60,1,1,1,0,12.63,2,3.1,35,3288,3288
3239,3.5680,-0.1176,0.1928,2.956,good,0.041,4.06,0,0,0,0,13.59,2,0.0,,,
3240,3.5680,-0.1144,0.2240,2.985,good,0.030,7.13,0,0,0,0,11.83,2,0.0,,,
3237,3.5720,-0.1109,-0.2236,3.341,good,0.108,2.61,0,0,0,0,3.13,3,0.0,,,
3244,3.5720,-0.1198,-0.2360,3.018,broken,0.984,5.11,1,1,1,0,12.83,2,2.4,1,3256,3256
3245,3.5720,-0.1140,-0.2088,3.076,good,0.004,8.18,0,0,0,0,9.55,2,0.0,,,
3241,3.5760,-0.1137,-0.0630,2.992,good,0.253,2.64,0,0,0,0,11.43,3,0.0,,,
3242,3.5760,-0.1144,-0.1571,2.998,insect,1.000,5.54,1,1,1,0,11.50,3,3.1,11|12,3267,3267
3243,3.5760,-0.1123,0.2216,3.011,good,0.108,3.46,0,0,0,0,10.52,3,0.0,,,
3246,3.5800,-0.1111,0.0434,3.001,faded,1.000,4.72,1,1,1,0,10.33,3,3.2,37,3282,3282
3247,3.5840,-0.1098,-0.1458,2.959,good,0.038,2.27,0,0,0,0,10.90,3,0.0,,,
3251,3.5840,-0.1197,-0.0600,3.450,faded,0.999,8.03,1,1,1,0,3.68,2,3.2,24,3314,
3252,3.5840,-0.1183,-0.1605,3.001,good,0.000,2.68,0,0,0,0,12.73,2,0.0,,,
3253,3.5840,-0.1179,-0.2343,3.043,good,0.090,2.45,0,0,0,0,11.59,2,0.0,,,
3254,3.5840,-0.1174,0.0438,3.003,good,0.001,1.74,0,0,0,0,12.41,2,0.0,,,
3255,3.5840,-0.1160,-0.0678,2.707,good,0.002,1.87,0,0,0,0,19.79,2,0.0,,,
3248,3.5880,-0.1366,0.0662,3.000,good,0.009,3.41,0,0,0,0,10.86,1,0.0,,,
3249,3.5880,-0.1122,-0.1305,2.999,good,0.011,2.12,0,0,0,0,10.75,3,0.0,,,
3250,3.5880,-0.1080,-0.0100,3.302,good,0.001,1.97,0,0,0,0,3.00,3,0.0,,,
3259,3.5880,-0.1252,0.0700,3.000,good,0.004,3.40,0,0,0,0,11.06,1,0.0,,,
3265,3.5880,-0.1138,0.0738,3.000,good,0.035,3.42,0,0,0,0,11.27,1,0.0,,,
3266,3.5880,-0.1057,-0.0559,3.000,faded,0.999,8.30,1,1,1,0,8.55,1,3.2,24|25,3314,
3256,3.5920,-0.1127,0.1693,3.276,good,0.059,5.14,0,0,0,0,4.93,3,0.0,,,
3257,3.5920,-0.1377,0.1454,3.000,shell,0.895,9.95,1,1,1,0,11.25,1,2.4,50,,
3258,3.5920,-0.1131,-0.1294,2.861,good,0.026,2.85,0,0,0,0,14.50,3,0.0,,,
3264,3.5920,-0.1130,-0.1430,2.959,stick,1.000,44.67,1,1,1,0,11.97,2,2.4,13,3289,3289
3271,3.5920,-0.1024,0.0776,3.000,good,0.016,3.46,0,0,0,0,7.46,1,0.0,,,
3260,3.5960,-0.1138,-0.2302,2.965,good,0.441,3.43,0,0,0,0,12.09,3,0.0,,,
3261,3.5960,-0.1151,0.0885,2.877,good,0.236,3.30,0,0,0,0,14.78,3,0.0,,,
3262,3.5960,-0.1125,-0.1152,3.098,good,0.000,2.80,0,0,0,0,8.59,3,0.0,,,
3263,3.5960,-0.1107,-0.0414,3.017,good,0.023,4.25,0,0,0,0,9.83,3,0.0,,,
3270,3.5960,-0.1184,0.1636,3.182,faded,0.612,3.47,1,1,1,0,8.63,2,3.2,52|53,3344,3344
3267,3.6000,-0.1152,0.1266,2.997,good,0.004,1.92,0,0,0,0,11.81,3,0.0,,,
3268,3.6000,-0.1070,0.2037,3.387,good,0.113,3.60,0,0,0,0,1.13,3,0.0,,,
3269,3.6000,-0.1088,0.2141,3.010,good,0.074,5.26,0,0,0,0,9.38,3,0.0,,,
3277,3.6000,-0.1170,0.2135,3.000,good,0.050,3.18,0,0,0,0,12.33,1,0.0,,,
3272,3.6040,-0.1105,-0.1745,3.029,good,0.421,20.54,1,1,1,0,9.51,3,9.0,9|10|8,3301|3320,3301|3320
3273,3.6040,-0.1136,0.2403,2.688,good,0.022,5.09,0,0,0,0,19.45,3,0.0,,,
3275,3.6040,-0.1179,0.2218,3.450,husk,1.000,8.80,1,1,1,0,3.15,2,2.4,60,3361,
3276,3.6040,-0.1194,0.1018,3.000,good,0.000,2.80,0,0,0,0,13.15,2,0.0,,,
3274,3.6080,-0.1108,-0.2238,3.364,good,0.007,3.25,0,0,0,0,2.66,3,0.0,,,
3279,3.6080,-0.1177,0.1317,3.006,good,0.000,5.34,0,0,0,0,12.40,2,0.0,,,
3284,3.6080,-0.1031,0.2254,3.000,husk,1.000,8.47,1,1,1,0,7.69,1,2.4,60|61,3361,
3285,3.6080,-0.1011,0.2107,3.000,good,0.211,3.27,0,0,0,0,7.05,1,0.0,,,
3278,3.6120,-0.1090,-0.1490,3.004,good,0.009,4.53,0,0,0,0,9.57,3,0.0,,,
3281,3.6120,-0.1181,0.2199,3.116,good,0.001,2.92,0,0,0,0,10.00,2,0.0,,,
3282,3.6120,-0.1166,0.1713,3.133,good,0.023,3.38,0,0,0,0,9.12,2,0.0,,,
3283,3.6120,-0.1164,-0.2276,2.997,good,0.199,3.17,0,0,0,0,12.21,2,0.0,,,
3280,3.6160,-0.1111,-0.1582,2.988,good,0.011,4.48,0,0,0,0,10.66,3,0.0,,,
3290,3.6160,-0.1176,-0.1679,2.881,good,0.014,2.86,0,0,0,0,15.52,2,0.0,,,
3291,3.6160,-0.1172,-0.0649,2.992,broken,0.999,2.61,1,1,1,0,12.59,2,2.4,23,3303,3303
3286,3.6200,-0.1160,0.0066,2.987,faded,0.788,2.74,1,1,1,0,12.30,3,3.2,32|33,3325,3325
3287,3.6200,-0.1126,-0.1212,3.029,good,0.025,2.07,0,0,0,0,10.20,3,0.0,,,
3288,3.6200,-0.1104,0.1915,3.110,good,0.004,3.79,0,0,0,0,7.64,3,0.0,,,
3289,3.6200,-0.1079,0.1111,3.242,good,0.001,3.13,0,0,0,0,4.13,3,0.0,,,
3292,3.6240,-0.1214,-0.1627,3.089,broken,0.997,5.37,1,1,1,0,7.67,2,2.4,11|10,,
3293,3.6240,-0.1084,0.0918,2.987,good,0.004,1.53,0,0,0,0,9.79,3,0.0,,,
3296,3.6240,-0.1169,-0.0727,3.313,good,0.147,19.23,1,1,1,0,5.47,2,9.0,22|23|21,3317,3317
3299,3.6240,-0.1090,-0.1579,3.000,broken,0.999,4.19,1,1,1,0,9.68,1,2.4,11,3316,
3294,3.6280,-0.1139,-0.2305,2.924,good,0.040,4.51,0,0,0,0,13.17,3,0.0,,,
3295,3.6280,-0.1104,0.1300,3.055,good,0.001,3.38,0,0,0,0,8.87,3,0.0,,,
3298,3.6280,-0.1191,-0.0687,2.604,good,0.208,2.10,0,0,0,0,24.13,2,0.0,,,
3304,3.6280,-0.1042,-0.0716,3.000,husk,0.587,28.26,1,1,1,0,8.07,1,2.4,22|23,3317,3317
3297,3.6320,-0.1113,0.1605,2.971,good,0.043,3.48,0,0,0,0,11.14,3,0.0,,,
3303,3.6320,-0.1170,0.1064,2.941,good,0.000,3.18,0,0,0,0,13.78,2,0.0,,,
3300,3.6360,-0.1144,-0.1766,3.125,good,0.097,2.88,0,0,0,0,8.62,3,0.0,,,
3301,3.6360,-0.1133,-0.0605,2.992,good,0.013,3.61,0,0,0,0,11.28,3,0.0,,,
3302,3.6360,-0.1097,-0.0727,3.436,good,0.119,2.20,0,0,0,0,1.02,3,0.0,,,
3306,3.6360,-0.1181,-0.1215,3.006,sour,1.000,20.68,1,1,1,0,12.54,2,3.2,16,3322,3322
3307,3.6360,-0.1144,-0.1616,3.321,good,0.505,9.81,1,1,1,0,4.55,2,2.4,11,3331,
3305,3.6400,-0.1100,-0.0209,3.049,good,0.003,2.18,0,0,0,0,8.87,3,0.0,,,
3309,3.6400,-0.1194,-0.2234,2.980,good,0.007,1.59,0,0,0,0,13.63,2,0.0,,,
3310,3.6400,-0.1197,-0.0751,3.001,faded,0.639,3.64,1,1,1,0,13.21,2,3.2,22,3341,3341
3308,3.6440,-0.1100,-0.1096,3.003,good,0.025,3.03,0,0,0,0,9.95,3,0.0,,,
3311,3.6440,-0.1187,0.0990,3.074,good,0.000,6.21,0,0,0,0,11.14,2,0.0,,,
3312,3.6440,-0.1179,0.2267,2.852,good,0.000,4.34,0,0,0,0,16.40,2,0.0,,,
3313,3.6520,-0.1147,-0.0234,3.011,good,0.000,3.56,0,0,0,0,11.28,3,0.0,,,
3314,3.6520,-0.1258,0.0108,2.871,good,0.000,3.11,0,0,0,0,14.67,2,0.0,,,
3315,3.6520,-0.1092,-0.0944,2.985,good,0.000,2.82,0,0,0,0,10.07,3,0.0,,,
3318,3.6520,-0.1193,-0.1913,2.997,good,0.000,3.28,0,0,0,0,13.17,2,0.0,,,
3319,3.6520,-0.1194,-0.1830,3.003,good,0.026,3.21,0,0,0,0,13.05,2,0.0,,,
3320,3.6520,-0.1194,-0.0943,3.001,good,0.001,2.12,0,0,0,0,13.10,2,0.0,,,
3323,3.6520,-0.1144,0.0070,3.000,good,0.001,2.94,0,0,0,0,11.45,1,0.0,,,
3316,3.6560,-0.1124,-0.1451,3.032,good,0.019,7.57,0,0,0,0,10.06,3,0.0,,,
3317,3.6560,-0.1086,-0.0647,3.017,good,0.000,2.08,0,0,0,0,9.15,3,0.0,,,
3322,3.6560,-0.1191,0.0401,2.998,good,0.004,3.13,0,0,0,0,13.09,2,0.0,,,
3321,3.6600,-0.1383,-0.2338,3.000,sour,1.000,16.70,1,1,1,0,11.44,1,3.2,2|1,,
3329,3.6600,-0.1294,-0.2376,3.000,sour,1.000,17.63,1,1,1,0,12.48,1,3.2,1,,
3330,3.6600,-0.1255,-0.1488,3.000,good,0.020,4.62,0,0,0,0,11.17,1,0.0,,,
3337,3.6600,-0.1194,-0.1494,3.000,good,0.011,4.55,0,0,0,0,13.14,1,0.0,,,
3324,3.6640,-0.1140,0.1414,2.927,good,0.007,4.96,0,0,0,0,13.12,3,0.0,,,
3325,3.6640,-0.1123,-0.1578,3.069,faded,0.649,3.19,1,1,1,0,9.18,3,3.2,11|12,3360,3360
3326,3.6640,-0.1125,0.1235,2.985,good,0.040,3.29,0,0,0,0,11.20,3,0.0,,,
3327,3.6640,-0.1111,0.1781,2.970,good,0.003,4.56,0,0,0,0,11.08,3,0.0,,,
3328,3.6640,-0.1096,-0.2125,3.027,good,0.007,3.48,0,0,0,0,9.26,3,0.0,,,
3335,3.6640,-0.1165,-0.1157,2.970,good,0.050,4.13,0,0,0,0,12.90,2,0.0,,,
3336,3.6640,-0.1206,-0.2413,3.000,sour,1.000,17.08,1,1,1,0,9.52,1,3.2,1|0,,
3340,3.6640,-0.1117,-0.2451,3.000,sour,1.000,17.56,1,1,1,0,10.57,1,3.2,0,3292,
3331,3.6680,-0.1132,0.1062,2.993,good,0.015,2.33,0,0,0,0,11.22,3,0.0,,,
3332,3.6680,-0.1109,0.2145,2.994,good,0.071,2.17,0,0,0,0,10.45,3,0.0,,,
3333,3.6680,-0.1105,-0.1242,3.096,good,0.028,2.12,0,0,0,0,8.00,3,0.0,,,
3334,3.6680,-0.1085,0.1505,2.994,good,0.290,2.76,0,0,0,0,9.64,3,0.0,,,
3338,3.6680,-0.1160,0.0539,2.965,good,0.002,5.40,0,0,0,0,12.86,2,0.0,,,
3339,3.6680,-0.1167,0.0973,3.002,good,0.002,3.97,0,0,0,0,12.20,2,0.0,,,
3344,3.6680,-0.1072,-0.1504,3.000,good,0.010,4.90,0,0,0,0,9.08,1,0.0,,,
3343,3.6720,-0.1174,-0.1154,3.379,good,0.056,3.58,0,0,0,0,4.34,2,0.0,,,
3347,3.6720,-0.1011,-0.1509,3.000,good,0.041,4.65,0,0,0,0,7.05,1,0.0,,,
3341,3.6760,-0.1144,-0.1925,2.989,good,0.000,2.39,0,0,0,0,11.73,3,0.0,,,
3342,3.6760,-0.1120,0.0771,3.068,good,0.001,2.05,0,0,0,0,9.09,3,0.0,,,
3346,3.6760,-0.1188,-0.1687,3.007,good,0.052,2.18,0,0,0,0,12.77,2,0.0,,,
3345,3.6800,-0.1110,0.1655,3.010,good,0.009,2.70,0,0,0,0,10.09,3,0.0,,,
3352,3.6800,-0.1200,-0.0623,2.989,good,0.001,2.53,0,0,0,0,13.60,2,0.0,,,
3348,3.6840,-0.1169,0.0371,2.686,good,0.002,3.20,0,0,0,0,20.76,3,0.0,,,
3349,3.6840,-0.1118,-0.0219,3.007,good,0.001,2.60,0,0,0,0,10.44,3,0.0,,,
3350,3.6840,-0.1115,-0.0964,2.792,good,0.083,2.55,0,0,0,0,15.76,3,0.0,,,
3351,3.6840,-0.1089,0.1882,2.931,faded,0.958,3.88,1,1,1,0,11.29,3,3.2,56|55,3369,3369
3353,3.6840,-0.1117,0.0222,2.512,good,0.002,3.20,0,0,0,0,24.26,3,0.0,,,
3356,3.6840,-0.1136,-0.1508,2.921,good,0.060,5.04,0,0,0,0,13.12,2,0.0,,,
3354,3.6880,-0.1154,0.2219,3.000,good,0.003,2.71,0,0,0,0,11.79,3,0.0,,,
3355,3.6880,-0.1135,-0.0987,2.989,good,0.063,2.03,0,0,0,0,11.44,3,0.0,,,
3360,3.6880,-0.1196,0.1925,2.993,broken,0.995,3.48,1,1,1,0,13.37,2,2.4,56,3401,3401
3366,3.6880,-0.1062,0.0408,3.000,good,0.002,3.18,0,0,0,0,8.72,1,0.0,,,
3357,3.6920,-0.1148,0.1665,3.008,good,0.002,2.29,0,0,0,0,11.42,3,0.0,,,
3358,3.6920,-0.1086,-0.2245,3.143,good,0.000,2.62,0,0,0,0,6.36,3,0.0,,,
3359,3.6920,-0.1208,-0.1250,2.380,good,0.002,3.01,0,0,0,0,28.79,2,0.0,,,
3370,3.6920,-0.1113,-0.1215,3.000,good,0.001,2.99,0,0,0,0,10.44,1,0.0,,,
3361,3.6960,-0.1180,-0.1094,2.485,faded,0.772,5.56,1,1,1,0,27.72,3,3.2,18|17,3391,
3362,3.6960,-0.1089,-0.1442,3.148,insect,0.870,6.51,1,1,1,0,6.37,3,3.1,13,3385|3423,3423
3363,3.6960,-0.1113,0.0172,2.978,good,0.002,2.48,0,0,0,0,10.96,3,0.0,,,
3364,3.6960,-0.1205,0.0703,3.004,good,0.002,2.74,0,0,0,0,9.41,2,0.0,,,
3365,3.6960,-0.1094,0.1382,2.849,good,0.332,2.51,0,0,0,0,13.53,3,0.0,,,
3376,3.6960,-0.1085,0.0671,3.000,good,0.001,2.41,0,0,0,0,9.49,1,0.0,,,
3367,3.7000,-0.1146,0.2145,2.869,good,0.017,4.59,0,0,0,0,14.80,3,0.0,,,
3368,3.7000,-0.1279,0.1267,2.255,good,0.225,2.59,0,0,0,0,37.09,2,0.0,,,
3369,3.7000,-0.1078,0.1992,3.370,good,0.011,3.15,0,0,0,0,1.67,3,0.0,,,
3374,3.7000,-0.1178,0.0800,3.031,faded,0.997,5.74,1,1,1,0,11.85,2,3.2,42,3419,3419
3375,3.7000,-0.1175,-0.1402,3.036,good,0.001,8.63,0,0,0,0,11.64,2,0.0,,,
3371,3.7040,-0.1144,-0.1591,2.989,good,0.038,2.68,0,0,0,0,11.73,3,0.0,,,
3372,3.7040,-0.1152,-0.0422,2.805,good,0.047,3.27,0,0,0,0,16.71,3,0.0,,,
3373,3.7040,-0.1263,-0.1296,2.392,good,0.059,4.33,0,0,0,0,30.61,2,0.0,,,
3381,3.7040,-0.1194,-0.1968,3.010,good,0.005,5.34,0,0,0,0,12.89,2,0.0,,,
3382,3.7040,-0.1117,0.1275,3.450,good,0.005,12.78,0,0,0,0,1.38,2,0.0,,,
3383,3.7040,-0.1181,-0.1402,3.104,good,0.003,4.56,0,0,0,0,10.28,2,0.0,,,
3386,3.7040,-0.1168,-0.1335,3.000,good,0.017,4.05,0,0,0,0,12.25,1,0.0,,,
3377,3.7080,-0.1148,-0.0531,2.876,faded,1.000,6.39,1,1,1,0,14.68,3,3.2,25,3392,
3378,3.7080,-0.1219,-0.1465,3.450,good,0.216,3.57,0,0,0,0,0.32,2,0.0,,,
3379,3.7080,-0.1119,0.2243,3.000,good,0.007,4.00,0,0,0,0,10.63,3,0.0,,,
3380,3.7080,-0.1095,0.1139,3.002,good,0.000,2.17,0,0,0,0,9.78,3,0.0,,,
3384,3.7120,-0.1117,-0.0665,3.024,good,0.000,2.41,0,0,0,0,10.00,3,0.0,,,
3385,3.7120,-0.1091,0.0658,2.979,stick,1.000,32.44,1,1,1,0,10.17,3,2.4,40,3415,
3391,3.7120,-0.1033,-0.0567,3.000,faded,1.000,6.33,1,1,1,0,7.77,1,3.2,24,3392,3392
3387,3.7160,-0.1161,0.0256,2.933,good,0.000,2.77,0,0,0,0,13.69,3,0.0,,,
3388,3.7160,-0.1164,-0.2100,3.000,black,1.000,50.71,1,1,1,0,12.13,3,3.2,5|4,3425,3425
3389,3.7160,-0.1119,-0.0454,3.004,good,0.026,3.15,0,0,0,0,10.54,3,0.0,,,
3390,3.7160,-0.1161,0.1629,2.994,good,0.073,2.68,0,0,0,0,12.17,2,0.0,,,
3393,3.7200,-0.1190,0.1331,3.007,good,0.014,10.88,0,0,0,0,12.83,2,0.0,,,
3394,3.7200,-0.1189,-0.0111,3.006,good,0.000,4.96,0,0,0,0,12.83,2,0.0,,,
3395,3.7200,-0.1194,-0.2175,2.720,good,0.001,4.13,0,0,0,0,20.67,2,0.0,,,
3396,3.7200,-0.1156,0.0518,3.035,good,0.007,3.37,0,0,0,0,11.05,2,0.0,,,
3392,3.7240,-0.1149,-0.0371,2.999,good,0.002,2.76,0,0,0,0,11.67,3,0.0,,,
3399,3.7240,-0.1312,0.0250,3.000,good,0.012,2.28,0,0,0,0,13.08,1,0.0,,,
3400,3.7240,-0.1198,0.1950,2.993,good,0.211,2.30,0,0,0,0,13.46,2,0.0,,,
3407,3.7240,-0.1085,-0.2223,3.000,good,0.001,4.11,0,0,0,0,9.51,1,0.0,,,
3397,3.7280,-0.1284,0.1466,3.333,shell,1.000,23.73,1,1,1,0,4.53,2,2.4,50,,
3398,3.7280,-0.1121,0.1035,2.989,good,0.005,2.80,0,0,0,0,10.96,3,0.0,,,
3405,3.7280,-0.1178,0.1999,3.017,sour,1.000,11.30,1,1,1,0,12.19,2,3.2,57,3448,3448
3406,3.7280,-0.1209,0.0281,3.000,good,0.042,2.41,0,0,0,0,9.65,1,0.0,,,
3410,3.7280,-0.1150,0.1496,3.000,shell,1.000,23.62,1,1,1,0,11.67,1,2.4,51|50,3424,
3411,3.7280,-0.1106,0.0312,3.000,good,0.053,2.42,0,0,0,0,10.21,1,0.0,,,
3401,3.7320,-0.1145,-0.0306,3.007,good,0.007,2.46,0,0,0,0,11.33,3,0.0,,,
3402,3.7320,-0.1123,0.0372,2.995,good,0.000,2.82,0,0,0,0,10.88,3,0.0,,,
3403,3.7320,-0.1119,-0.1015,3.080,faded,0.999,4.12,1,1,1,0,8.80,3,3.2,19|18,3439,
3404,3.7320,-0.1139,0.1005,2.650,black,1.000,50.51,1,1,1,0,20.72,3,3.2,44|45,3431,
3416,3.7320,-0.1003,0.0343,3.000,good,0.029,2.28,0,0,0,0,6.78,1,0.0,,,
3408,3.7360,-0.1142,-0.1490,3.002,insect,1.000,5.77,1,1,1,0,11.33,3,3.1,12|13,3417,3417
3409,3.7360,-0.1213,0.0526,3.450,good,0.058,3.62,0,0,0,0,0.16,2,0.0,,,
3421,3.7360,-0.1071,0.0498,3.000,good,0.052,3.60,0,0,0,0,9.04,1,0.0,,,
3412,3.7400,-0.1113,-0.0487,3.004,sour,1.000,24.15,1,1,1,0,10.32,3,3.2,25,3435,
3413,3.7400,-0.1108,0.0859,3.003,good,0.494,2.17,0,0,0,0,10.18,3,0.0,,,
3414,3.7400,-0.1088,0.0225,2.982,faded,1.000,5.97,1,1,1,0,10.01,3,3.2,34|35,3429,
3415,3.7400,-0.1084,-0.1801,2.962,good,0.122,2.79,0,0,0,0,10.35,3,0.0,,,
3417,3.7440,-0.1143,0.1332,3.001,faded,1.000,4.34,1,1,1,0,11.39,3,3.2,49|48,3437,3437
3418,3.7440,-0.1096,-0.2183,3.059,good,0.006,5.96,0,0,0,0,8.53,3,0.0,,,
3419,3.7440,-0.1164,-0.1211,2.073,black,1.000,49.16,1,1,1,0,44.38,3,3.2,16,3404,3404
3420,3.7440,-0.1091,0.0252,2.903,faded,1.000,4.00,1,1,1,0,12.03,3,3.2,35,3442,3442
3424,3.7440,-0.1178,-0.1983,2.904,good,0.044,5.29,0,0,0,0,15.02,2,0.0,,,
3425,3.7440,-0.1176,0.0141,3.001,good,0.013,3.19,0,0,0,0,12.51,2,0.0,,,
3426,3.7440,-0.1155,0.0639,3.114,good,0.001,2.05,0,0,0,0,9.20,2,0.0,,,
3422,3.7480,-0.1157,0.2338,2.938,good,0.004,4.76,0,0,0,0,13.41,3,0.0,,,
3423,3.7480,-0.1094,0.1684,3.450,good,0.028,3.95,0,0,0,0,0.71,3,0.0,,,
3430,3.7480,-0.1174,-0.2097,3.017,good,0.278,5.34,0,0,0,0,12.06,2,0.0,,,
3427,3.7520,-0.1162,-0.0259,2.867,good,0.016,3.51,0,0,0,0,15.42,3,0.0,,,
3428,3.7520,-0.1256,0.0517,3.265,good,0.012,2.42,0,0,0,0,5.10,2,0.0,,,
3429,3.7520,-0.1153,-0.1555,2.548,good,0.019,7.44,0,0,0,0,24.52,3,0.0,,,
3432,3.7520,-0.1195,0.2420,2.580,good,0.026,3.28,0,0,0,0,25.09,2,0.0,,,
3434,3.7520,-0.1125,0.0551,3.000,good,0.002,2.53,0,0,0,0,10.82,1,0.0,,,
3431,3.7560,-0.1141,-0.1726,2.997,good,0.001,2.82,0,0,0,0,11.45,3,0.0,,,
3433,3.7560,-0.1180,-0.0762,2.791,insect,1.000,4.42,1,1,1,0,18.12,2,3.1,22,3470,
3441,3.7560,-0.1051,-0.1586,3.000,good,0.016,9.35,0,0,0,0,8.38,1,0.0,,,
3435,3.7640,-0.1180,0.1096,2.779,good,0.404,7.86,0,0,0,0,18.46,3,0.0,,,
3436,3.7640,-0.1144,-0.2420,3.001,good,0.349,2.92,0,0,0,0,11.44,3,0.0,,,
3437,3.7640,-0.1111,0.1397,3.005,good,0.001,3.57,0,0,0,0,10.26,3,0.0,,,
3438,3.7640,-0.1124,-0.1411,2.889,good,0.004,2.25,0,0,0,0,13.52,3,0.0,,,
3439,3.7640,-0.1099,-0.0696,2.981,good,0.323,2.83,0,0,0,0,10.39,3,0.0,,,
3440,3.7640,-0.1079,0.0847,2.914,broken,0.547,14.96,1,1,1,0,11.36,3,2.4,42|43,3464,3464
3443,3.7640,-0.1188,-0.2190,3.183,good,0.007,2.69,0,0,0,0,8.73,2,0.0,,,
3444,3.7640,-0.1185,0.0501,3.019,good,0.038,2.00,0,0,0,0,12.37,2,0.0,,,
3442,3.7680,-0.1152,0.1686,2.999,good,0.003,1.95,0,0,0,0,11.75,3,0.0,,,
3450,3.7680,-0.1130,0.0656,3.450,good,0.001,2.95,0,0,0,0,1.75,2,0.0,,,
3445,3.7720,-0.1086,0.0166,3.313,good,0.000,2.30,0,0,0,0,2.96,3,0.0,,,
3446,3.7720,-0.1134,0.1561,2.769,good,0.311,6.63,0,0,0,0,17.07,3,0.0,,,
3447,3.7720,-0.1098,0.0451,2.990,good,0.000,3.59,0,0,0,0,10.17,3,0.0,,,
3448,3.7720,-0.1099,0.0620,2.991,black,1.000,49.92,1,1,1,0,10.19,3,3.2,39|40,3471,3471
3449,3.7720,-0.1085,-0.2366,3.012,good,0.004,2.60,0,0,0,0,9.21,3,0.0,,,
3453,3.7720,-0.1179,-0.2147,3.348,shell,0.992,40.32,1,1,1,0,5.10,2,2.4,4,3496,
3454,3.7720,-0.1178,-0.1828,2.992,good,0.000,3.00,0,0,0,0,12.78,2,0.0,,,
3451,3.7760,-0.1137,-0.0421,3.008,good,0.012,2.33,0,0,0,0,11.05,3,0.0,,,
3452,3.7760,-0.1117,-0.0998,3.001,faded,0.998,5.25,1,1,1,0,10.54,3,3.2,19,3491,3491
3460,3.7760,-0.1047,-0.2179,3.000,shell,0.992,37.41,1,1,1,0,8.22,1,2.4,4|3,3496,
3455,3.7800,-0.1173,0.0585,2.821,faded,1.000,4.45,1,1,1,0,17.02,3,3.2,39,3467,
3456,3.7800,-0.1158,0.2200,2.943,good,0.064,3.24,0,0,0,0,13.31,3,0.0,,,
3457,3.7800,-0.1091,0.0481,3.193,sour,1.000,10.93,1,1,1,0,5.47,3,3.2,38|37,3473,
3458,3.7840,-0.1113,-0.1993,3.450,sour,1.000,18.15,1,1,1,0,1.23,3,3.2,6,3493,
3459,3.7840,-0.1115,-0.0528,3.040,good,0.001,2.81,0,0,0,0,9.58,3,0.0,,,
3466,3.7840,-0.1152,0.1271,2.995,good,0.000,3.31,0,0,0,0,11.87,2,0.0,,,
3461,3.7880,-0.1142,-0.0199,3.007,good,0.271,3.68,0,0,0,0,11.23,3,0.0,,,
3462,3.7880,-0.1128,0.1350,2.999,good,0.009,2.74,0,0,0,0,10.94,3,0.0,,,
3463,3.7880,-0.1121,0.1552,2.881,good,0.000,3.42,0,0,0,0,13.61,3,0.0,,,
3464,3.7880,-0.1121,0.2057,2.844,insect,0.708,7.17,1,1,1,0,14.59,3,3.1,58,3484,3484
3465,3.7880,-0.1102,0.2344,3.006,good,0.006,4.01,0,0,0,0,9.94,3,0.0,,,
3469,3.7880,-0.1196,-0.1057,3.002,good,0.007,2.35,0,0,0,0,13.15,2,0.0,,,
3470,3.7880,-0.1186,0.0786,3.002,good,0.019,2.01,0,0,0,0,12.82,2,0.0,,,
3471,3.7880,-0.1154,-0.2067,3.010,good,0.156,3.15,0,0,0,0,11.55,2,0.0,,,
3472,3.7880,-0.1168,0.2135,2.993,faded,1.000,5.33,1,1,1,0,12.43,2,3.2,59,3478,3478
3467,3.7920,-0.1124,-0.1804,2.890,good,0.025,2.86,0,0,0,0,13.48,3,0.0,,,
3468,3.7920,-0.1103,0.0870,3.027,faded,1.000,6.50,1,1,1,0,9.46,3,3.2,43|42,3499,3499
3473,3.7920,-0.1179,0.0066,3.107,good,0.010,8.35,0,0,0,0,10.11,2,0.0,,,
3474,3.7920,-0.1177,-0.0649,3.208,good,0.020,22.15,1,1,1,0,7.88,2,9.0,23|24|22,3480,3480
3475,3.7920,-0.1153,0.2386,3.127,good,0.002,2.65,0,0,0,0,8.84,2,0.0,,,
3476,3.8000,-0.1140,0.0277,3.012,good,0.000,2.33,0,0,0,0,11.06,3,0.0,,,
3477,3.8000,-0.1117,0.1082,2.999,good,0.000,2.18,0,0,0,0,10.60,3,0.0,,,
3480,3.8000,-0.1191,0.2153,3.183,good,0.036,5.59,0,0,0,0,8.84,2,0.0,,,
3478,3.8040,-0.1134,-0.0281,3.006,good,0.003,2.93,0,0,0,0,10.97,3,0.0,,,
3479,3.8040,-0.1121,0.2283,2.633,faded,0.693,3.63,1,1,1,0,20.58,3,3.2,61,3487,
3482,3.8040,-0.1178,-0.2352,2.986,good,0.082,3.14,0,0,0,0,12.95,2,0.0,,,
3481,3.8080,-0.1146,-0.2090,2.944,good,0.150,3.40,0,0,0,0,12.89,3,0.0,,,
3483,3.8120,-0.1121,0.0213,2.962,good,0.028,9.22,0,0,0,0,11.62,3,0.0,,,
3484,3.8120,-0.1157,0.1500,2.994,insect,1.000,4.10,1,1,1,0,12.02,3,3.1,51,3508,3508
3485,3.8120,-0.1277,-0.0309,2.685,shell,1.000,17.61,1,1,1,0,20.80,2,2.4,28|27,,
3486,3.8120,-0.1127,0.1879,2.992,black,1.000,50.56,1,1,1,0,11.09,3,3.2,56|55,3534,
3487,3.8120,-0.1104,-0.1659,3.006,good,0.003,1.99,0,0,0,0,9.99,3,0.0,,,
3488,3.8120,-0.1099,-0.1817,2.902,good,0.015,3.05,0,0,0,0,12.34,3,0.0,,,
3491,3.8120,-0.1172,0.1027,3.395,good,0.001,4.48,0,0,0,0,3.96,2,0.0,,,
3492,3.8120,-0.1185,-0.0176,2.976,good,0.017,1.99,0,0,0,0,13.43,2,0.0,,,
3495,3.8120,-0.1169,-0.0271,3.000,shell,1.000,17.90,1,1,1,0,12.30,1,2.4,28,3501,
3489,3.8160,-0.1154,0.2081,2.994,good,0.000,2.98,0,0,0,0,11.94,3,0.0,,,
3490,3.8160,-0.1097,-0.0421,3.000,good,0.000,2.84,0,0,0,0,9.89,3,0.0,,,
3493,3.8200,-0.1095,0.0809,2.998,faded,0.992,5.69,1,1,1,0,9.88,3,3.2,42,3510,3510
3494,3.8200,-0.1085,-0.1668,2.998,good,0.004,3.39,0,0,0,0,9.54,3,0.0,,,
3496,3.8240,-0.1132,0.1529,3.001,good,0.008,3.27,0,0,0,0,11.04,3,0.0,,,
3497,3.8240,-0.1108,0.0304,3.004,good,0.001,2.19,0,0,0,0,10.17,3,0.0,,,
3499,3.8240,-0.1154,0.2164,3.137,good,0.003,10.85,0,0,0,0,8.66,2,0.0,,,
3500,3.8240,-0.1190,-0.1203,3.001,good,0.003,5.26,0,0,0,0,12.98,2,0.0,,,
3501,3.8240,-0.1170,-0.1115,2.951,faded,0.701,2.76,1,1,1,0,13.53,2,3.2,17,3509,3509
3498,3.8280,-0.1088,0.0576,3.000,good,0.001,3.09,0,0,0,0,9.59,3,0.0,,,
3505,3.8280,-0.1193,0.0133,2.896,good,0.003,2.51,0,0,0,0,15.71,2,0.0,,,
3506,3.8280,-0.1156,-0.0880,3.001,good,0.114,3.61,0,0,0,0,11.83,2,0.0,,,
3507,3.8280,-0.1083,0.2207,2.957,good,0.001,3.56,0,0,0,0,10.46,2,0.0,,,
3511,3.8280,-0.1097,0.2119,3.000,good,0.000,3.46,0,0,0,0,9.89,1,0.0,,,
3502,3.8320,-0.1143,0.2143,3.007,good,0.002,2.66,0,0,0,0,11.26,3,0.0,,,
3503,3.8320,-0.1121,0.1046,3.001,insect,1.000,3.20,1,1,1,0,10.68,3,3.1,45,3533,3533
3504,3.8320,-0.1076,-0.1723,3.133,good,0.070,7.53,0,0,0,0,6.25,3,0.0,,,
3509,3.8320,-0.1191,-0.1369,3.343,good,0.037,2.32,0,0,0,0,5.54,2,0.0,,,
3508,3.8360,-0.1164,-0.0394,2.957,good,0.006,2.02,0,0,0,0,13.17,3,0.0,,,
3510,3.8360,-0.1093,0.1515,2.941,good,0.004,3.23,0,0,0,0,11.16,3,0.0,,,
3514,3.8360,-0.1195,0.0725,2.994,good,0.017,3.27,0,0,0,0,13.32,2,0.0,,,
3515,3.8360,-0.1192,-0.1583,3.002,good,0.004,2.00,0,0,0,0,12.99,2,0.0,,,
3512,3.8400,-0.1133,-0.1929,3.194,good,0.001,3.93,0,0,0,0,6.80,3,0.0,,,
3513,3.8400,-0.1139,0.1942,3.001,good,0.002,3.05,0,0,0,0,11.26,3,0.0,,,
3519,3.8400,-0.1188,-0.1645,3.017,good,0.001,1.89,0,0,0,0,12.52,2,0.0,,,
3520,3.8400,-0.1170,0.1230,2.995,good,0.000,3.23,0,0,0,0,12.46,2,0.0,,,
3516,3.8440,-0.1137,-0.1549,3.020,good,0.003,2.43,0,0,0,0,10.76,3,0.0,,,
3517,3.8440,-0.1117,0.2022,2.997,good,0.001,3.07,0,0,0,0,10.64,3,0.0,,,
3518,3.8440,-0.1092,-0.2046,2.778,good,0.083,1.58,0,0,0,0,15.32,3,0.0,,,
3524,3.8440,-0.1139,0.2430,2.218,good,0.006,2.92,0,0,0,0,36.40,2,0.0,,,
3521,3.8480,-0.1131,-0.1407,2.837,good,0.022,3.21,0,0,0,0,15.12,3,0.0,,,
3522,3.8480,-0.1128,0.1761,2.985,good,0.025,2.95,0,0,0,0,11.29,3,0.0,,,
3523,3.8480,-0.1114,0.1949,2.992,good,0.000,2.90,0,0,0,0,10.68,3,0.0,,,
3526,3.8480,-0.1195,-0.2271,2.998,good,0.003,5.84,0,0,0,0,13.21,2,0.0,,,
3527,3.8480,-0.1188,-0.0485,3.099,good,0.007,4.57,0,0,0,0,10.60,2,0.0,,,
3528,3.8480,-0.1197,0.0937,2.990,shell,1.000,6.82,1,1,1,0,13.49,2,2.4,43|44,3564,3564
3529,3.8480,-0.1172,-0.0797,3.002,good,0.003,2.42,0,0,0,0,12.37,2,0.0,,,
3531,3.8480,-0.1050,0.2388,3.000,good,0.001,2.41,0,0,0,0,8.32,1,0.0,,,
3525,3.8520,-0.1106,0.1883,2.995,good,0.021,3.54,0,0,0,0,10.33,3,0.0,,,
3530,3.8520,-0.1170,-0.1172,3.184,good,0.074,3.93,0,0,0,0,8.16,2,0.0,,,
3534,3.8560,-0.1184,0.1545,2.750,good,0.153,6.52,0,0,0,0,19.44,2,0.0,,,
3535,3.8560,-0.1182,0.1054,3.009,good,0.001,2.15,0,0,0,0,12.51,2,0.0,,,
3532,3.8600,-0.1128,-0.1750,3.227,black,1.000,48.54,1,1,1,0,5.95,3,3.2,9,3549,
3533,3.8600,-0.1075,-0.0061,3.297,good,0.009,1.77,0,0,0,0,2.93,3,0.0,,,
3538,3.8600,-0.1304,0.1352,3.000,faded,1.000,5.08,1,1,1,0,12.81,1,3.2,49,,
3539,3.8600,-0.1172,0.0424,3.006,good,0.000,2.97,0,0,0,0,12.25,2,0.0,,,
3544,3.8600,-0.1041,0.1561,3.000,good,0.000,3.29,0,0,0,0,8.03,1,0.0,,,
3536,3.8640,-0.1104,-0.2158,3.000,good,0.270,4.57,0,0,0,0,10.14,3,0.0,,,
3537,3.8640,-0.1094,0.1595,3.002,good,0.003,4.98,0,0,0,0,9.75,3,0.0,,,
3543,3.8640,-0.1200,0.1383,3.000,faded,1.000,4.86,1,1,1,0,9.34,1,3.2,49,,
3545,3.8640,-0.1096,0.1414,3.000,faded,1.000,4.74,1,1,1,0,9.88,1,3.2,50|49,3547,
3546,3.8640,-0.1052,0.0393,3.000,good,0.000,2.72,0,0,0,0,8.39,1,0.0,,,
3540,3.8680,-0.1123,0.2306,3.000,good,0.031,3.78,0,0,0,0,10.78,3,0.0,,,
3541,3.8680,-0.1232,-0.0276,2.979,good,0.021,3.12,0,0,0,0,10.91,2,0.0,,,
3542,3.8680,-0.1082,0.0123,3.257,good,0.080,2.19,0,0,0,0,3.90,3,0.0,,,
3549,3.8680,-0.1112,-0.0312,3.000,good,0.020,3.13,0,0,0,0,10.41,1,0.0,,,
3548,3.8720,-0.1196,0.0054,3.333,broken,0.576,3.90,1,1,1,0,5.89,2,2.4,32,3589,
3547,3.8760,-0.1141,0.1563,3.007,good,0.000,2.49,0,0,0,0,11.20,3,0.0,,,
3552,3.8760,-0.1194,0.2039,3.066,good,0.084,3.84,0,0,0,0,11.55,2,0.0,,,
3553,3.8760,-0.1198,0.0975,2.611,good,0.000,2.95,0,0,0,0,24.17,2,0.0,,,
3554,3.8760,-0.1172,-0.2152,3.001,good,0.012,2.62,0,0,0,0,12.38,2,0.0,,,
3557,3.8760,-0.1063,0.0087,3.000,good,0.067,3.59,0,0,0,0,8.76,1,0.0,,,
3550,3.8800,-0.1114,0.0468,2.994,good,0.000,1.85,0,0,0,0,10.60,3,0.0,,,
3551,3.8800,-0.1091,-0.0264,3.010,good,0.253,3.50,0,0,0,0,9.47,3,0.0,,,
3555,3.8840,-0.1104,-0.0788,3.172,good,0.012,5.97,0,0,0,0,6.34,3,0.0,,,
3556,3.8840,-0.1049,0.2331,3.450,good,0.082,3.93,0,0,0,0,-0.61,3,0.0,,,
3562,3.8840,-0.1187,-0.0927,2.947,good,0.006,4.93,0,0,0,0,14.22,2,0.0,,,
3563,3.8840,-0.1165,0.1270,3.264,husk,1.000,9.84,1,1,1,0,6.33,2,2.4,48,3588,
3558,3.8880,-0.1121,-0.1245,3.238,good,0.000,2.60,0,0,0,0,5.52,3,0.0,,,
3559,3.8880,-0.1130,-0.0815,2.975,good,0.000,2.13,0,0,0,0,11.61,3,0.0,,,
3560,3.8880,-0.1126,0.1316,3.005,good,0.068,2.64,0,0,0,0,10.75,3,0.0,,,
3561,3.8880,-0.1118,-0.0570,3.005,good,0.114,2.50,0,0,0,0,10.48,3,0.0,,,
3568,3.8880,-0.1034,0.1306,3.000,husk,1.000,9.72,1,1,1,0,7.82,1,2.4,48,3588,
3564,3.8920,-0.1080,0.0273,3.021,good,0.001,3.09,0,0,0,0,8.86,3,0.0,,,
3567,3.8920,-0.1185,0.1504,3.004,good,0.001,2.35,0,0,0,0,12.73,2,0.0,,,
3575,3.8920,-0.0992,-0.1276,3.000,good,0.000,2.65,0,0,0,0,6.40,1,0.0,,,
3565,3.8960,-0.1129,0.1298,3.025,good,0.007,3.98,0,0,0,0,10.36,3,0.0,,,
3566,3.8960,-0.1116,-0.1365,3.017,good,0.001,3.55,0,0,0,0,10.15,3,0.0,,,
3573,3.8960,-0.1161,-0.0394,3.450,good,0.009,7.60,0,0,0,0,2.64,2,0.0,,,
3574,3.8960,-0.1195,-0.2417,3.162,good,0.004,5.23,0,0,0,0,9.40,2,0.0,,,
3569,3.9000,-0.1144,-0.1679,3.032,good,0.052,3.41,0,0,0,0,10.72,3,0.0,,,
3570,3.9000,-0.1118,0.1073,2.994,good,0.000,2.77,0,0,0,0,10.72,3,0.0,,,
3571,3.9000,-0.1099,-0.1388,2.999,good,0.104,2.39,0,0,0,0,9.97,3,0.0,,,
3572,3.9000,-0.1089,0.1537,3.006,shell,1.000,7.01,1,1,1,0,9.51,3,2.4,51,3592,3592
3579,3.9000,-0.1158,-0.1057,3.006,good,0.023,2.91,0,0,0,0,11.77,2,0.0,,,
3580,3.9000,-0.1125,-0.0354,2.617,good,0.003,5.92,0,0,0,0,21.20,2,0.0,,,
3576,3.9040,-0.1139,-0.0147,2.991,good,0.000,2.73,0,0,0,0,11.51,3,0.0,,,
3577,3.9040,-0.1137,0.1986,2.875,good,0.003,6.25,0,0,0,0,14.34,3,0.0,,,
3578,3.9040,-0.1091,0.0976,3.027,good,0.002,2.88,0,0,0,0,9.07,3,0.0,,,
3581,3.9040,-0.1192,0.2208,3.001,good,0.007,2.94,0,0,0,0,13.04,2,0.0,,,
3587,3.9040,-0.1064,0.1945,3.000,good,0.116,2.95,0,0,0,0,8.80,1,0.0,,,
3582,3.9080,-0.1080,0.1831,3.013,good,0.020,3.44,0,0,0,0,9.02,3,0.0,,,
3586,3.9080,-0.1167,-0.0978,3.109,good,0.002,2.81,0,0,0,0,9.70,2,0.0,,,
3583,3.9120,-0.1165,0.0014,2.996,good,0.190,3.93,0,0,0,0,12.27,3,0.0,,,
3584,3.9120,-0.1103,0.0674,2.973,good,0.010,4.86,0,0,0,0,10.72,3,0.0,,,
3585,3.9120,-0.1113,-0.1724,2.921,good,0.001,2.42,0,0,0,0,12.34,3,0.0,,,
3590,3.9120,-0.1314,-0.0428,3.000,good,0.001,2.22,0,0,0,0,13.14,1,0.0,,,
3588,3.9160,-0.1379,-0.0352,3.000,good,0.003,1.72,0,0,0,0,11.31,1,0.0,,,
3589,3.9160,-0.1116,0.0280,3.170,good,0.080,3.68,0,0,0,0,6.77,3,0.0,,,
3592,3.9160,-0.1185,-0.1472,3.449,good,0.016,4.29,0,0,0,0,3.36,2,0.0,,,
3593,3.9160,-0.1186,0.0937,2.992,black,1.000,49.93,1,1,1,0,13.06,2,3.2,43|44,3614,3614
3594,3.9160,-0.1197,0.2237,3.002,good,0.133,3.18,0,0,0,0,13.21,2,0.0,,,
3595,3.9160,-0.1186,-0.0955,2.924,good,0.001,7.48,0,0,0,0,14.74,2,0.0,,,
3596,3.9160,-0.1168,0.0637,3.000,black,1.000,52.36,1,1,1,0,12.28,2,3.2,40|39,3613,3613
3597,3.9160,-0.1124,-0.0391,2.792,good,0.001,6.86,0,0,0,0,16.10,2,0.0,,,
3591,3.9200,-0.1093,-0.0141,3.000,good,0.029,2.36,0,0,0,0,9.77,3,0.0,,,
3598,3.9240,-0.1132,0.2062,3.332,good,0.006,3.64,0,0,0,0,4.00,3,0.0,,,
3599,3.9240,-0.1149,0.0351,2.922,good,0.013,3.61,0,0,0,0,13.53,3,0.0,,,
3600,3.9240,-0.1127,0.1425,2.917,good,0.009,5.68,0,0,0,0,12.92,3,0.0,,,
3601,3.9280,-0.1149,-0.0875,2.988,good,0.000,2.73,0,0,0,0,11.90,3,0.0,,,
3602,3.9280,-0.1123,0.0724,3.000,good,0.004,3.66,0,0,0,0,10.78,3,0.0,,,
3604,3.9280,-0.1194,-0.2108,2.996,good,0.013,3.01,0,0,0,0,13.23,2,0.0,,,
3605,3.9280,-0.1187,0.0039,2.989,good,0.000,4.88,0,0,0,0,13.16,2,0.0,,,
3603,3.9320,-0.1127,-0.0653,3.009,good,0.021,2.95,0,0,0,0,10.70,3,0.0,,,
3606,3.9360,-0.1127,0.0112,3.284,faded,0.718,3.59,1,1,0,0,4.77,3,3.2,33,3643,
3607,3.9360,-0.1140,-0.1772,3.000,faded,1.000,4.62,1,1,0,0,11.31,3,3.2,9,3635,
3608,3.9400,-0.1171,0.2143,2.605,good,0.053,2.09,0,0,0,0,23.37,3,0.0,,,
3609,3.9400,-0.1135,0.1999,2.987,good,0.044,3.79,0,0,0,0,11.50,3,0.0,,,
3610,3.9400,-0.1152,0.0669,2.671,good,0.061,3.45,0,0,0,0,20.56,3,0.0,,,
3612,3.9400,-0.1186,0.0587,3.220,good,0.013,4.15,0,0,0,0,7.87,2,0.0,,,
3613,3.9400,-0.1180,-0.2313,3.053,broken,0.896,3.06,1,1,0,0,11.41,2,2.4,2,3653,
3611,3.9440,-0.1108,-0.0071,2.673,good,0.024,4.69,0,0,0,0,18.86,3,0.0,,,
3620,3.9440,-0.1152,0.0810,3.007,good,0.000,3.05,0,0,0,0,11.58,2,0.0,,,
3614,3.9480,-0.1116,0.0987,3.012,faded,0.712,3.01,1,1,0,0,10.24,3,3.2,44,3662,
3615,3.9480,-0.1148,0.1979,2.530,good,0.002,3.36,0,0,0,0,24.93,3,0.0,,,
3616,3.9480,-0.1107,-0.0185,2.964,good,0.018,2.72,0,0,0,0,11.10,3,0.0,,,
3617,3.9480,-0.1099,-0.1014,2.992,insect,1.000,3.41,1,1,0,0,10.16,3,3.1,19|18,3634,
3618,3.9480,-0.1091,0.0758,3.003,good,0.304,2.24,0,0,0,0,9.62,3,0.0,,,
3619,3.9480,-0.1116,0.0562,2.280,good,0.000,4.22,0,0,0,0,32.84,3,0.0,,,
3626,3.9480,-0.1146,-0.0645,3.004,good,0.009,2.58,0,0,0,0,11.44,2,0.0,,,
3621,3.9520,-0.1136,-0.0381,3.019,good,0.143,1.99,0,0,0,0,10.75,3,0.0,,,
3622,3.9520,-0.1149,0.0727,2.985,good,0.001,3.34,0,0,0,0,11.99,3,0.0,,,
3623,3.9520,-0.1110,-0.0209,2.991,good,0.098,2.27,0,0,0,0,10.57,3,0.0,,,
3624,3.9520,-0.1113,0.1013,3.000,good,0.036,2.58,0,0,0,0,10.45,3,0.0,,,
3625,3.9520,-0.1082,0.2208,3.020,good,0.002,2.63,0,0,0,0,8.94,3,0.0,,,
3627,3.9560,-0.1167,-0.1448,2.823,good,0.001,2.29,0,0,0,0,16.77,3,0.0,,,
3628,3.9560,-0.1131,0.0533,2.994,good,0.005,1.89,0,0,0,0,11.19,3,0.0,,,
3629,3.9560,-0.1094,-0.0451,2.999,good,0.001,2.46,0,0,0,0,9.83,3,0.0,,,
3630,3.9560,-0.1213,-0.1846,3.132,good,0.020,2.67,0,0,0,0,6.64,2,0.0,,,
3633,3.9560,-0.1124,-0.1861,3.450,good,0.098,8.64,0,0,0,0,1.56,2,0.0,,,
3634,3.9560,-0.1134,-0.1028,3.450,good,0.007,3.67,0,0,0,0,1.85,2,0.0,,,
3631,3.9600,-0.1118,0.0056,3.019,good,0.000,3.57,0,0,0,0,10.13,3,0.0,,,
3632,3.9600,-0.1097,-0.1270,3.015,good,0.004,2.02,0,0,0,0,9.56,3,0.0,,,
3637,3.9600,-0.1191,0.1989,3.094,insect,1.000,4.96,1,1,0,0,10.80,2,3.1,57,3667,
3638,3.9600,-0.1189,0.0856,3.000,good,0.000,2.71,0,0,0,0,12.97,2,0.0,,,
3639,3.9600,-0.1172,0.1249,3.103,good,0.000,2.35,0,0,0,0,10.02,2,0.0,,,
3640,3.9600,-0.1153,-0.0797,2.988,good,0.042,3.68,0,0,0,0,12.06,2,0.0,,,
3642,3.9600,-0.1054,-0.1416,3.000,good,0.002,2.18,0,0,0,0,8.47,1,0.0,,,
3635,3.9640,-0.1106,-0.2365,2.979,black,1.000,50.09,1,1,0,0,10.69,3,3.2,1,3664,
3636,3.9640,-0.1103,-0.1759,2.992,good,0.303,1.59,0,0,0,0,10.28,3,0.0,,,
3641,3.9680,-0.1081,-0.1384,2.996,good,0.004,3.16,0,0,0,0,9.44,3,0.0,,,
3648,3.9680,-0.1199,-0.0214,3.026,good,0.001,2.30,0,0,0,0,12.67,2,0.0,,,
3649,3.9680,-0.1168,-0.0719,3.064,good,0.059,3.26,0,0,0,0,10.74,2,0.0,,,
3650,3.9680,-0.1161,0.2073,2.999,good,0.003,2.45,0,0,0,0,12.07,2,0.0,,,
3651,3.9680,-0.1155,0.0441,3.227,good,0.001,4.25,0,0,0,0,6.78,2,0.0,,,
3643,3.9720,-0.1398,0.0046,3.000,good,0.001,3.55,0,0,0,0,11.92,1,0.0,,,
3644,3.9720,-0.1122,0.0768,3.292,good,0.035,3.39,0,0,0,0,4.45,3,0.0,,,
3645,3.9720,-0.1128,0.1151,3.003,good,0.000,3.21,0,0,0,0,10.86,3,0.0,,,
3646,3.9720,-0.1095,-0.2315,2.996,good,0.003,2.46,0,0,0,0,9.94,3,0.0,,,
3647,3.9720,-0.1095,-0.1084,3.077,good,0.039,3.20,0,0,0,0,8.10,3,0.0,,,
3652,3.9720,-0.1168,-0.1195,3.002,good,0.001,2.94,0,0,0,0,12.24,2,0.0,,,
3653,3.9720,-0.1124,-0.1364,3.450,good,0.070,2.93,0,0,0,0,1.56,2,0.0,,,
3654,3.9720,-0.1260,0.0078,3.000,good,0.007,3.46,0,0,0,0,11.34,1,0.0,,,
3659,3.9720,-0.1123,0.0109,3.000,good,0.002,3.39,0,0,0,0,10.76,1,0.0,,,
3657,3.9760,-0.1185,0.0022,3.000,good,0.001,2.13,0,0,0,0,12.83,2,0.0,,,
3658,3.9760,-0.1169,0.0863,2.991,good,0.001,2.33,0,0,0,0,12.53,2,0.0,,,
3655,3.9800,-0.1127,-0.0788,3.006,good,0.002,3.23,0,0,0,0,10.75,3,0.0,,,
3656,3.9800,-0.1095,0.0329,2.998,sour,1.000,21.39,1,1,0,0,9.87,3,3.2,36,3692,
3662,3.9800,-0.1177,0.2056,3.015,good,0.000,5.28,0,0,0,0,12.21,2,0.0,,,
3660,3.9840,-0.1148,0.0977,2.988,sour,1.000,15.05,1,1,0,0,11.88,3,3.2,44,3670,
3661,3.9840,-0.1133,0.2185,2.998,good,0.009,3.29,0,0,0,0,11.15,3,0.0,,,
3666,3.9840,-0.1174,0.0574,3.053,good,0.001,2.86,0,0,0,0,11.19,2,0.0,,,
3663,3.9880,-0.1152,-0.0565,2.998,good,0.000,2.05,0,0,0,0,11.79,3,0.0,,,
3664,3.9880,-0.1150,0.1933,2.966,good,0.000,3.20,0,0,0,0,12.48,3,0.0,,,
3665,3.9880,-0.1112,0.0188,3.014,broken,0.999,2.70,1,1,0,0,10.08,3,2.4,34,3686,
3669,3.9880,-0.1168,-0.0772,2.999,good,0.151,2.51,0,0,0,0,12.27,2,0.0,,,
3672,3.9880,-0.1051,0.0542,3.000,good,0.000,2.92,0,0,0,0,8.38,1,0.0,,,
3667,3.9920,-0.1146,-0.0804,2.953,good,0.002,3.25,0,0,0,0,12.67,3,0.0,,,
3668,3.9920,-0.1106,-0.0387,3.023,good,0.002,3.25,0,0,0,0,9.67,3,0.0,,,
3670,3.9960,-0.1149,-0.2308,2.654,good,0.166,3.05,0,0,0,0,20.96,3,0.0,,,
3671,3.9960,-0.1084,0.1270,3.034,good,0.001,2.24,0,0,0,0,8.67,3,0.0,,,
