tid,t,x,y,v,cls,p_reject,anomaly,reject,scheduled,activated,late,headroom_ms,n_obs,pulse_ms,nozzles,target_uids,own_hit_uids
1,0.2920,-0.1197,0.0217,3.002,good,0.006,1.93,0,0,0,0,13.19,2,0.0,,,
2,0.2920,-0.1189,-0.0419,2.997,good,0.000,3.26,0,0,0,0,13.04,2,0.0,,,
0,0.2960,-0.1102,0.1076,3.041,shell,0.856,4.82,1,1,1,0,9.13,3,2.4,45,12,12
3,0.3000,-0.1110,0.2123,3.006,good,0.001,2.99,0,0,0,0,10.17,3,0.0,,,
4,0.3000,-0.1175,-0.1033,3.007,good,0.481,2.76,0,0,0,0,12.35,2,0.0,,,
6,0.3040,-0.1148,-0.2309,2.985,good,0.005,2.58,0,0,0,0,11.95,2,0.0,,,
5,0.3080,-0.1083,0.0027,2.993,good,0.133,6.38,0,0,0,0,9.60,3,0.0,,,
9,0.3080,-0.1162,0.2279,3.015,good,0.023,2.83,0,0,0,0,11.69,2,0.0,,,
10,0.3080,-0.1153,-0.1030,3.009,insect,0.995,4.40,1,1,1,0,11.56,2,3.1,18|19,13,13
7,0.3120,-0.1141,-0.1802,3.007,broken,0.990,2.95,1,1,1,0,11.22,3,2.4,8|9,15,
8,0.3120,-0.1129,-0.0180,2.972,good,0.287,5.94,0,0,0,0,11.63,3,0.0,,,
11,0.3120,-0.1189,0.1962,2.983,good,0.009,3.03,0,0,0,0,13.40,2,0.0,,,
12,0.3120,-0.1173,0.1405,2.994,good,0.023,1.85,0,0,0,0,12.58,2,0.0,,,
13,0.3120,-0.1178,-0.0357,3.003,good,0.088,3.77,0,0,0,0,12.51,2,0.0,,,
16,0.3160,-0.1196,-0.0454,2.998,good,0.002,5.21,0,0,0,0,13.25,2,0.0,,,
14,0.3200,-0.1119,0.1055,3.003,good,0.009,3.69,0,0,0,0,10.58,3,0.0,,,
15,0.3200,-0.1108,-0.1364,2.983,good,0.051,3.81,0,0,0,0,10.67,3,0.0,,,
20,0.3200,-0.1181,-0.2235,3.007,sour,1.000,18.58,1,1,1,0,12.52,2,3.2,3,29,29
21,0.3200,-0.1162,-0.1115,2.997,good,0.030,2.56,0,0,0,0,12.13,2,0.0,,,
22,0.3200,-0.1240,0.1837,3.000,good,0.001,7.12,0,0,0,0,10.66,1,0.0,,,
26,0.3200,-0.1139,0.1800,3.000,good,0.051,2.60,0,0,0,0,11.29,1,0.0,,,
27,0.3200,-0.1090,0.1871,3.000,good,0.001,2.68,0,0,0,0,9.66,1,0.0,,,
17,0.3240,-0.1104,-0.1579,3.000,good,0.016,4.01,0,0,0,0,10.13,3,0.0,,,
18,0.3240,-0.1095,0.1182,3.003,good,0.003,2.15,0,0,0,0,9.75,3,0.0,,,
19,0.3240,-0.1087,0.2154,3.012,good,0.001,3.78,0,0,0,0,9.30,3,0.0,,,
24,0.3240,-0.1196,-0.2033,3.097,shell,0.988,5.51,1,1,1,0,10.91,2,2.4,5|6,18,18
25,0.3240,-0.1166,0.2000,2.993,broken,0.526,2.51,1,1,1,0,12.37,2,2.4,57,30,30
23,0.3280,-0.1103,0.1845,2.982,good,0.172,2.65,0,0,0,0,10.53,3,0.0,,,
33,0.3280,-0.1199,0.0645,2.993,good,0.001,2.96,0,0,0,0,13.48,2,0.0,,,
28,0.3320,-0.1158,-0.1459,2.999,shell,0.979,5.25,1,1,1,0,11.97,3,2.4,13,36,36
29,0.3320,-0.1146,-0.2387,3.003,shell,0.999,3.71,1,1,1,0,11.48,3,2.4,1,25,25
30,0.3320,-0.1150,0.1525,2.941,good,0.013,3.61,0,0,0,0,13.10,3,0.0,,,
31,0.3320,-0.1117,0.0160,2.998,broken,0.649,3.38,1,1,1,0,10.60,3,2.4,34|33,17,17
32,0.3320,-0.1105,-0.0750,2.999,good,0.001,3.13,0,0,0,0,10.18,3,0.0,,,
34,0.3360,-0.1085,0.0661,2.997,good,0.026,4.00,0,0,0,0,9.55,3,0.0,,,
40,0.3360,-0.1192,-0.0275,2.985,good,0.092,4.19,0,0,0,0,13.44,2,0.0,,,
41,0.3360,-0.1170,-0.0879,2.996,good,0.047,7.97,0,0,0,0,12.41,2,0.0,,,
35,0.3400,-0.1138,-0.1192,2.999,good,0.010,2.72,0,0,0,0,11.30,3,0.0,,,
36,0.3400,-0.1134,-0.0608,3.000,shell,0.524,6.79,1,1,1,0,11.15,3,2.4,24,51,51
37,0.3400,-0.1144,0.1282,3.003,shell,1.000,7.66,1,1,1,0,11.39,3,2.4,48,56,56
38,0.3400,-0.1116,-0.1953,3.006,good,0.129,3.45,0,0,0,0,10.40,3,0.0,,,
39,0.3400,-0.1098,-0.0110,3.004,good,0.028,3.06,0,0,0,0,9.84,3,0.0,,,
44,0.3400,-0.1188,-0.0215,2.999,good,0.000,3.30,0,0,0,0,12.97,2,0.0,,,
45,0.3400,-0.1169,-0.1733,2.984,good,0.054,3.75,0,0,0,0,12.71,2,0.0,,,
42,0.3440,-0.1128,-0.1417,2.999,sour,1.000,15.41,1,1,1,0,10.94,3,3.2,13|14,44,44
43,0.3440,-0.1119,-0.0341,3.004,good,0.002,5.25,0,0,0,0,10.54,3,0.0,,,
46,0.3440,-0.1169,0.1081,3.015,broken,0.947,2.97,1,1,1,0,11.96,2,2.4,45|46,40,40
47,0.3440,-0.1164,-0.2407,3.001,husk,0.881,6.31,1,1,1,0,12.11,2,2.4,1|0,37,37
48,0.3440,-0.1156,0.1602,2.994,good,0.022,4.52,0,0,0,0,12.02,2,0.0,,,
53,0.3480,-0.1177,0.0017,2.998,faded,0.985,4.12,1,1,1,0,12.60,2,3.2,32,59,59
54,0.3480,-0.1147,0.1235,3.021,good,0.000,2.18,0,0,0,0,11.06,2,0.0,,,
49,0.3520,-0.1128,0.1947,2.999,black,1.000,50.84,1,1,1,0,10.94,3,3.2,56|57,58,58
50,0.3520,-0.1126,0.0680,2.988,broken,0.817,3.39,1,1,1,0,11.13,3,2.4,40,39,39
51,0.3520,-0.1102,-0.2009,3.001,good,0.024,2.63,0,0,0,0,10.06,3,0.0,,,
52,0.3520,-0.1099,-0.0450,2.986,broken,0.845,4.23,1,1,1,0,10.28,3,2.4,26,65,65
57,0.3520,-0.1181,0.1231,2.998,faded,0.996,4.02,1,1,1,0,12.76,2,3.2,47,46,46
55,0.3560,-0.1137,-0.0627,2.995,good,0.003,3.27,0,0,0,0,11.36,3,0.0,,,
56,0.3560,-0.1095,-0.0343,2.994,good,0.007,2.20,0,0,0,0,9.99,3,0.0,,,
58,0.3600,-0.1144,-0.1016,2.993,good,0.032,2.62,0,0,0,0,11.64,3,0.0,,,
59,0.3600,-0.1120,0.0318,3.003,good,0.315,5.84,0,0,0,0,10.60,3,0.0,,,
64,0.3640,-0.1198,-0.1639,2.995,good,0.380,2.70,0,0,0,0,13.41,2,0.0,,,
65,0.3640,-0.1196,-0.1394,2.983,good,0.013,4.46,0,0,0,0,13.60,2,0.0,,,
66,0.3640,-0.1154,-0.0659,3.144,good,0.001,3.95,0,0,0,0,8.53,2,0.0,,,
60,0.3680,-0.1154,0.0885,2.999,good,0.079,2.71,0,0,0,0,11.81,3,0.0,,,
61,0.3680,-0.1143,-0.1716,2.998,good,0.016,3.05,0,0,0,0,11.45,3,0.0,,,
62,0.3680,-0.1098,0.1375,3.000,faded,0.786,3.75,1,1,1,0,9.93,3,3.0,49,62,62
63,0.3680,-0.1085,-0.0952,2.996,good,0.020,3.79,0,0,0,0,9.58,3,0.0,,,
67,0.3720,-0.1130,-0.0848,2.959,broken,0.903,6.32,1,1,1,0,11.97,3,2.4,21|20,72,72
68,0.3720,-0.1134,-0.0540,2.976,shell,0.902,6.51,1,1,1,0,11.71,3,2.4,25|24,76,76
69,0.3720,-0.1120,-0.0313,2.999,faded,0.983,4.82,1,1,1,0,10.69,3,3.1,27|28,80,80
70,0.3720,-0.1093,0.1258,3.002,good,0.134,3.32,0,0,0,0,9.73,3,0.0,,,
72,0.3720,-0.1196,-0.0094,3.001,good,0.290,2.62,0,0,0,0,13.18,2,0.0,,,
73,0.3720,-0.1179,0.2254,3.011,good,0.001,2.49,0,0,0,0,12.37,2,0.0,,,
74,0.3720,-0.1159,0.0504,3.014,good,0.341,3.99,0,0,0,0,11.64,2,0.0,,,
71,0.3760,-0.1129,0.0628,2.926,shell,0.983,4.30,1,1,1,0,12.78,3,2.4,40|39,85,85
77,0.3760,-0.1169,0.1106,2.989,good,0.005,3.15,0,0,0,0,12.57,2,0.0,,,
78,0.3760,-0.1166,-0.0508,2.994,good,0.111,4.25,0,0,0,0,12.34,2,0.0,,,
82,0.3760,-0.1152,0.1627,3.000,good,0.012,1.85,0,0,0,0,11.72,1,0.0,,,
75,0.3800,-0.1156,0.0513,3.001,good,0.171,2.58,0,0,0,0,11.82,3,0.0,,,
76,0.3800,-0.1059,0.1604,2.992,good,0.326,6.12,0,0,0,0,8.83,3,0.0,,,
80,0.3800,-0.1196,-0.1191,3.007,good,0.202,4.57,0,0,0,0,13.04,2,0.0,,,
81,0.3800,-0.1171,0.2159,2.996,good,0.027,3.30,0,0,0,0,12.47,2,0.0,,,
79,0.3840,-0.1143,-0.0055,3.009,good,0.218,2.80,0,0,0,0,11.22,3,0.0,,,
84,0.3840,-0.1188,0.1448,3.008,good,0.001,2.41,0,0,0,0,12.75,2,0.0,,,
85,0.3840,-0.1168,-0.1026,3.005,good,0.009,1.67,0,0,0,0,12.15,2,0.0,,,
86,0.3840,-0.1164,0.2341,2.990,good,0.375,5.04,0,0,0,0,12.38,2,0.0,,,
83,0.3880,-0.1125,-0.0483,3.001,good,0.001,3.21,0,0,0,0,10.81,3,0.0,,,
87,0.3920,-0.1143,-0.0019,3.005,good,0.001,2.77,0,0,0,0,11.32,3,0.0,,,
88,0.3920,-0.1131,0.1269,2.999,good,0.011,3.89,0,0,0,0,11.05,3,0.0,,,
89,0.3920,-0.1141,-0.2188,2.950,shell,0.924,5.81,1,1,1,0,12.59,3,2.4,3|4,105,105
90,0.3920,-0.1128,0.0298,2.998,shell,0.779,5.07,1,1,1,0,10.99,3,2.4,35|36,96,96
91,0.3920,-0.1097,0.0586,3.000,good,0.283,2.55,0,0,0,0,9.90,3,0.0,,,
93,0.3920,-0.1161,0.1990,2.999,good,0.000,2.89,0,0,0,0,12.07,2,0.0,,,
92,0.3960,-0.1127,-0.0861,3.001,shell,0.998,4.85,1,1,1,0,10.87,3,2.4,20|21,82,82
94,0.4000,-0.1150,-0.0243,3.007,broken,0.980,3.23,1,1,1,0,11.48,3,2.4,28|29,87,87
95,0.4000,-0.1112,0.1614,2.993,good,0.009,2.19,0,0,0,0,10.55,3,0.0,,,
96,0.4040,-0.1114,0.0708,3.004,good,0.067,1.88,0,0,0,0,10.37,3,0.0,,,
97,0.4040,-0.1084,0.2178,2.994,good,0.006,2.75,0,0,0,0,9.61,3,0.0,,,
100,0.4040,-0.1191,0.2181,2.996,good,0.021,4.94,0,0,0,0,13.11,2,0.0,,,
101,0.4040,-0.1195,-0.1725,2.991,good,0.000,2.87,0,0,0,0,13.39,2,0.0,,,
102,0.4040,-0.1185,-0.1365,3.001,good,0.084,4.18,0,0,0,0,12.81,2,0.0,,,
98,0.4080,-0.1120,-0.2155,3.011,black,1.000,50.96,1,1,1,0,10.42,3,3.2,4,111,111
99,0.4080,-0.1105,0.0056,3.007,good,0.006,3.65,0,0,0,0,10.00,3,0.0,,,
107,0.4080,-0.1169,0.1009,2.997,good,0.063,3.65,0,0,0,0,12.38,2,0.0,,,
103,0.4120,-0.1126,-0.0842,2.934,good,0.045,3.38,0,0,0,0,12.44,3,0.0,,,
104,0.4120,-0.1107,-0.2064,3.007,good,0.174,4.95,0,0,0,0,10.08,3,0.0,,,
105,0.4120,-0.1110,0.0548,3.012,shell,0.999,5.50,1,1,1,0,10.04,3,2.4,39|38,124,124
106,0.4120,-0.1089,-0.1513,2.992,broken,0.982,2.67,1,1,1,0,9.83,3,2.4,12,95,95
108,0.4120,-0.1188,-0.1941,2.997,faded,0.998,6.41,1,1,1,0,13.01,2,3.2,7|6,109,109
109,0.4120,-0.1174,0.0289,2.988,good,0.385,3.81,0,0,0,0,12.74,2,0.0,,,
110,0.4120,-0.1184,0.0843,3.002,shell,0.981,3.40,1,1,1,0,12.75,2,2.4,42,112,112
114,0.4160,-0.1194,0.0443,2.998,good,0.001,2.93,0,0,0,0,13.17,2,0.0,,,
111,0.4200,-0.1106,-0.0240,3.001,broken,0.880,2.65,1,1,1,0,10.18,3,2.4,28|29,137,
112,0.4200,-0.1106,-0.1512,3.029,faded,0.999,6.11,1,1,1,0,9.53,3,3.2,12,100,
113,0.4200,-0.1085,0.1957,2.995,good,0.372,5.91,0,0,0,0,9.60,3,0.0,,,
117,0.4200,-0.1199,-0.0356,2.999,good,0.012,2.71,0,0,0,0,13.34,2,0.0,,,
118,0.4200,-0.1191,0.1964,3.002,good,0.004,3.38,0,0,0,0,13.00,2,0.0,,,
119,0.4200,-0.1185,0.0847,2.946,broken,0.613,4.05,1,1,1,0,14.17,2,2.4,42|43,128,128
115,0.4240,-0.1137,-0.2358,3.001,good,0.033,3.76,0,0,0,0,11.22,3,0.0,,,
116,0.4240,-0.1095,-0.0683,3.000,good,0.006,3.50,0,0,0,0,9.85,3,0.0,,,
123,0.4240,-0.1184,0.1733,3.007,good,0.000,2.99,0,0,0,0,12.63,2,0.0,,,
124,0.4240,-0.1178,-0.2163,3.168,good,0.264,4.21,0,0,0,0,8.76,2,0.0,,,
125,0.4240,-0.1173,-0.1960,2.999,good,0.000,3.37,0,0,0,0,12.47,2,0.0,,,
120,0.4280,-0.1133,0.2195,2.998,good,0.001,3.89,0,0,0,0,11.13,3,0.0,,,
121,0.4280,-0.1124,-0.0525,3.005,broken,0.542,1.92,1,1,1,0,10.68,3,2.4,25,113,113
122,0.4280,-0.1109,0.2046,2.997,good,0.000,2.76,0,0,0,0,10.38,3,0.0,,,
126,0.4320,-0.1153,-0.0670,3.000,faded,0.986,4.09,1,1,1,0,11.78,3,3.2,23,121,
127,0.4360,-0.1106,0.1640,3.141,good,0.416,2.51,0,0,0,0,7.04,3,0.0,,,
128,0.4360,-0.1099,-0.2093,3.000,broken,0.672,2.59,1,1,1,0,9.96,3,2.4,5,144,144
129,0.4360,-0.1100,0.0391,3.012,good,0.000,3.60,0,0,0,0,9.75,3,0.0,,,
130,0.4360,-0.1099,0.0069,3.004,good,0.060,2.27,0,0,0,0,9.87,3,0.0,,,
132,0.4360,-0.1169,0.1169,3.002,good,0.003,1.68,0,0,0,0,12.25,2,0.0,,,
133,0.4360,-0.1169,-0.1843,2.996,good,0.345,6.40,0,0,0,0,12.40,2,0.0,,,
134,0.4360,-0.1166,-0.1245,2.995,good,0.013,2.54,0,0,0,0,12.31,2,0.0,,,
131,0.4400,-0.1097,0.0387,3.009,good,0.056,5.05,0,0,0,0,9.70,3,0.0,,,
135,0.4440,-0.1123,0.1450,3.005,good,0.003,4.23,0,0,0,0,10.65,3,0.0,,,
136,0.4440,-0.1088,-0.2260,3.003,good,0.137,3.46,0,0,0,0,9.53,3,0.0,,,
137,0.4440,-0.1086,0.2252,3.000,insect,0.990,9.61,1,1,1,0,9.53,3,3.1,60|61,130,130
138,0.4440,-0.1166,-0.2159,3.005,good,0.018,3.54,0,0,0,0,12.08,2,0.0,,,
139,0.4440,-0.1157,0.0209,3.006,good,0.002,2.70,0,0,0,0,11.76,2,0.0,,,
140,0.4440,-0.1155,0.0936,3.020,good,0.005,2.98,0,0,0,0,11.36,2,0.0,,,
143,0.4480,-0.1190,-0.0960,2.999,good,0.002,2.47,0,0,0,0,13.03,2,0.0,,,
141,0.4520,-0.1131,-0.1667,3.000,good,0.000,4.15,0,0,0,0,11.04,3,0.0,,,
142,0.4520,-0.1120,0.0326,3.001,good,0.002,2.65,0,0,0,0,10.64,3,0.0,,,
149,0.4520,-0.1179,0.0240,3.000,shell,1.000,5.36,1,1,1,0,12.65,2,2.4,35|34,152,152
150,0.4520,-0.1160,-0.2178,3.001,faded,0.999,6.13,1,1,1,0,12.00,2,3.2,4|3,141,141
151,0.4520,-0.1155,-0.1758,2.993,good,0.010,4.64,0,0,0,0,12.01,2,0.0,,,
144,0.4560,-0.1155,-0.2050,3.007,good,0.206,3.55,0,0,0,0,11.67,3,0.0,,,
145,0.4560,-0.1127,0.1549,2.999,good,0.237,3.18,0,0,0,0,10.93,3,0.0,,,
146,0.4560,-0.1117,0.0664,2.989,faded,1.000,6.49,1,1,1,0,10.81,3,3.2,40,149,149
147,0.4560,-0.1094,0.2295,3.001,shell,0.973,5.09,1,1,1,0,9.76,3,2.4,61,164,
148,0.4560,-0.1087,0.0152,2.998,good,0.021,3.41,0,0,0,0,9.61,3,0.0,,,
152,0.4600,-0.1146,-0.0190,3.000,good,0.007,3.30,0,0,0,0,11.53,3,0.0,,,
153,0.4600,-0.1120,0.2242,3.004,good,0.009,2.43,0,0,0,0,10.59,3,0.0,,,
154,0.4600,-0.1111,0.1911,2.998,good,0.338,5.60,0,0,0,0,10.41,3,0.0,,,
155,0.4600,-0.1100,-0.0340,3.017,good,0.078,3.38,0,0,0,0,9.59,3,0.0,,,
159,0.4600,-0.1164,0.1233,3.011,broken,1.000,5.46,1,1,1,0,11.86,2,2.4,47,181,181
156,0.4640,-0.1150,-0.1479,3.005,broken,0.988,3.08,1,1,1,0,11.54,3,2.4,13|12,178,178
157,0.4640,-0.1106,0.2070,3.002,good,0.028,4.91,0,0,0,0,10.17,3,0.0,,,
158,0.4640,-0.1109,0.1307,3.001,black,1.000,55.82,1,1,1,0,10.26,3,3.2,48,153,153
163,0.4640,-0.1191,-0.1249,3.003,good,0.365,2.62,0,0,0,0,12.97,2,0.0,,,
164,0.4640,-0.1193,-0.1109,3.030,good,0.024,2.41,0,0,0,0,12.40,2,0.0,,,
165,0.4640,-0.1196,0.0628,2.993,black,1.000,49.90,1,1,1,0,13.37,2,3.2,40|39,168,168
160,0.4680,-0.1125,-0.0255,3.004,good,0.016,4.70,0,0,0,0,10.76,3,0.0,,,
161,0.4680,-0.1093,-0.0055,2.997,broken,0.969,2.81,1,1,1,0,9.84,3,2.4,31,156,156
162,0.4680,-0.1084,0.0855,3.001,good,0.022,3.28,0,0,0,0,9.44,3,0.0,,,
167,0.4680,-0.1169,-0.1380,3.017,good,0.160,2.62,0,0,0,0,11.90,2,0.0,,,
168,0.4680,-0.1165,-0.0154,3.158,good,0.042,3.52,0,0,0,0,8.57,2,0.0,,,
169,0.4680,-0.1151,0.2259,2.999,broken,0.675,4.31,1,1,1,0,11.73,2,2.4,60|61,169,169
166,0.4720,-0.1127,-0.0797,2.994,good,0.000,3.94,0,0,0,0,11.07,3,0.0,,,
176,0.4720,-0.1180,-0.2171,3.004,good,0.043,6.00,0,0,0,0,12.56,2,0.0,,,
170,0.4760,-0.1118,-0.0955,2.999,good,0.293,2.64,0,0,0,0,10.62,3,0.0,,,
171,0.4760,-0.1107,-0.1203,3.230,broken,0.997,2.26,1,1,1,0,5.24,3,2.4,16,172,
172,0.4760,-0.1134,0.0336,2.785,good,0.016,3.32,0,0,0,0,16.61,3,0.0,,,
173,0.4760,-0.1086,-0.2279,3.001,broken,0.510,2.34,1,1,1,0,9.52,3,2.4,2|3,179,179
174,0.4760,-0.1082,0.2114,3.010,good,0.269,3.84,0,0,0,0,9.15,3,0.0,,,
175,0.4760,-0.1081,-0.1967,2.997,broken,0.979,3.14,1,1,1,0,9.44,3,2.4,6|7,167,167
177,0.4800,-0.1142,-0.0262,3.003,good,0.019,3.62,0,0,0,0,11.32,3,0.0,,,
178,0.4800,-0.1115,-0.1456,2.998,good,0.096,3.15,0,0,0,0,10.56,3,0.0,,,
179,0.4800,-0.1084,-0.1352,3.001,good,0.000,2.75,0,0,0,0,9.42,3,0.0,,,
180,0.4800,-0.1200,-0.0735,3.007,good,0.204,5.01,0,0,0,0,13.15,2,0.0,,,
181,0.4800,-0.1180,0.0240,3.001,good,0.002,2.53,0,0,0,0,12.64,2,0.0,,,
185,0.4840,-0.1183,-0.1624,2.999,good,0.308,3.47,0,0,0,0,12.77,2,0.0,,,
182,0.4880,-0.1142,-0.1788,2.987,good,0.029,3.03,0,0,0,0,11.69,3,0.0,,,
183,0.4880,-0.1134,0.1454,3.001,good,0.315,2.48,0,0,0,0,11.10,3,0.0,,,
184,0.4880,-0.1098,0.0925,2.997,faded,0.837,4.92,1,1,1,0,9.98,3,3.2,43|44,184,184
186,0.4920,-0.1153,0.0015,2.995,good,0.480,4.95,0,0,0,0,11.88,3,0.0,,,
187,0.4920,-0.1135,0.1041,2.987,good,0.164,2.08,0,0,0,0,11.48,3,0.0,,,
188,0.4920,-0.1120,-0.1912,3.002,good,0.006,4.45,0,0,0,0,10.62,3,0.0,,,
189,0.4920,-0.1102,0.1183,2.996,broken,0.810,4.55,1,1,1,0,10.16,3,2.4,47|46,202,202
190,0.4960,-0.1149,0.2043,3.002,broken,0.507,2.16,1,1,1,0,11.58,3,2.4,58|57,194,194
191,0.4960,-0.1155,-0.0479,3.000,broken,0.981,3.46,1,1,1,0,11.82,3,2.4,25|26,186,186
192,0.4960,-0.1123,-0.0376,2.998,good,0.006,3.48,0,0,0,0,10.81,3,0.0,,,
193,0.4960,-0.1093,-0.1441,2.996,good,0.015,3.35,0,0,0,0,9.87,3,0.0,,,
194,0.4960,-0.1110,0.1972,3.072,shell,0.959,4.85,1,1,1,0,8.68,3,2.4,57,206,206
195,0.4960,-0.1082,-0.1169,3.007,broken,0.870,2.50,1,1,1,0,9.23,3,2.4,17|16,204,204
196,0.4960,-0.1195,-0.0616,3.249,broken,0.802,3.64,1,1,1,0,7.56,2,2.4,24|23,191,191
197,0.5000,-0.1155,-0.0632,3.180,good,0.056,3.34,0,0,0,0,7.75,2,0.0,,,
198,0.5080,-0.1152,0.1225,3.006,broken,0.769,2.69,1,1,1,0,11.60,3,2.4,47,197,197
199,0.5080,-0.1151,0.1611,3.012,good,0.023,4.96,0,0,0,0,11.42,3,0.0,,,
200,0.5080,-0.1152,0.0123,2.994,good,0.233,5.16,0,0,0,0,11.89,3,0.0,,,
201,0.5080,-0.1365,0.1969,3.000,good,0.003,8.04,0,0,0,0,10.83,1,0.0,,,
202,0.5080,-0.1107,0.1011,2.994,good,0.001,2.81,0,0,0,0,10.37,3,0.0,,,
203,0.5080,-0.1108,0.2180,2.998,good,0.002,2.59,0,0,0,0,10.31,3,0.0,,,
204,0.5080,-0.1105,-0.1846,2.997,good,0.036,4.64,0,0,0,0,10.25,3,0.0,,,
206,0.5080,-0.1185,-0.0157,3.001,good,0.020,2.18,0,0,0,0,12.82,2,0.0,,,
207,0.5080,-0.1141,0.1931,2.996,broken,0.803,3.00,1,1,1,0,11.45,2,2.4,56,196,196
208,0.5080,-0.1136,0.2020,2.640,good,0.007,4.04,0,0,0,0,20.91,2,0.0,,,
205,0.5120,-0.1131,0.0884,3.000,good,0.004,5.10,0,0,0,0,11.03,3,0.0,,,
209,0.5160,-0.1132,-0.0957,3.005,good,0.235,3.13,0,0,0,0,10.95,3,0.0,,,
210,0.5160,-0.1140,0.1493,2.999,good,0.065,4.43,0,0,0,0,11.37,3,0.0,,,
211,0.5160,-0.1129,-0.1622,3.005,insect,1.000,4.90,1,1,1,0,10.84,3,3.1,11,199,199
212,0.5160,-0.1111,-0.2298,2.998,broken,0.915,2.68,1,1,1,0,10.40,3,2.4,2,209,209
213,0.5160,-0.1111,0.2418,3.001,black,1.000,51.30,1,1,1,0,10.34,3,3.2,62|63,232,232
214,0.5200,-0.1157,0.1705,2.969,good,0.107,4.38,0,0,0,0,12.64,3,0.0,,,
216,0.5200,-0.1197,0.1361,3.005,faded,0.956,4.47,1,1,1,0,13.13,2,2.8,49,210,210
218,0.5200,-0.1187,0.1167,2.996,black,1.000,50.90,1,1,1,0,13.02,2,3.2,46|47,237,237
219,0.5200,-0.1185,0.0173,2.998,shell,0.712,5.24,1,1,1,0,12.88,2,2.4,34,212,212
228,0.5200,-0.1020,0.1456,3.000,good,0.010,4.14,0,0,0,0,7.34,1,0.0,,,
215,0.5240,-0.1096,-0.0055,2.996,good,0.224,4.02,0,0,0,0,9.99,3,0.0,,,
217,0.5240,-0.1084,-0.2280,2.989,good,0.162,5.29,0,0,0,0,9.72,3,0.0,,,
226,0.5240,-0.1178,-0.1974,2.999,good,0.265,3.84,0,0,0,0,12.62,2,0.0,,,
227,0.5240,-0.1152,-0.0334,3.011,good,0.011,1.89,0,0,0,0,11.49,2,0.0,,,
220,0.5280,-0.1146,-0.0845,3.024,broken,0.984,5.22,1,1,1,0,10.96,3,2.4,21|20,222,222
221,0.5280,-0.1135,0.0244,2.993,good,0.019,3.32,0,0,0,0,11.34,3,0.0,,,
222,0.5280,-0.1115,-0.1600,3.002,broken,0.986,2.93,1,1,1,0,10.46,3,2.4,11,211,211
223,0.5280,-0.1113,-0.0063,3.016,good,0.135,4.35,0,0,0,0,10.08,3,0.0,,,
224,0.5280,-0.1110,0.1218,3.001,good,0.001,2.79,0,0,0,0,10.31,3,0.0,,,
225,0.5280,-0.1087,-0.1747,3.006,good,0.122,3.39,0,0,0,0,9.41,3,0.0,,,
230,0.5280,-0.1161,0.0945,2.999,insect,1.000,7.65,1,1,1,0,12.08,2,3.1,44|43,228,228
231,0.5280,-0.1148,0.0807,3.000,good,0.057,5.78,0,0,0,0,11.60,2,0.0,,,
229,0.5320,-0.1124,-0.1333,2.996,good,0.337,4.49,0,0,0,0,10.89,3,0.0,,,
233,0.5320,-0.1199,-0.0871,2.999,good,0.001,2.92,0,0,0,0,13.34,2,0.0,,,
234,0.5320,-0.1187,0.0523,3.021,good,0.021,4.95,0,0,0,0,12.39,2,0.0,,,
232,0.5360,-0.1089,0.2191,2.999,broken,0.517,4.17,1,1,1,0,9.65,3,2.4,60|59,231,231
239,0.5360,-0.1190,-0.0628,3.000,good,0.145,3.13,0,0,0,0,13.01,2,0.0,,,
235,0.5400,-0.1121,-0.0093,3.009,good,0.006,2.53,0,0,0,0,10.48,3,0.0,,,
236,0.5400,-0.1103,0.0098,3.001,good,0.001,3.14,0,0,0,0,10.10,3,0.0,,,
237,0.5400,-0.1089,0.2047,3.000,good,0.000,3.04,0,0,0,0,9.61,3,0.0,,,
238,0.5400,-0.1081,-0.0543,3.006,good,0.001,2.53,0,0,0,0,9.22,3,0.0,,,
243,0.5400,-0.1170,-0.1316,2.994,good,0.004,2.33,0,0,0,0,12.46,2,0.0,,,
240,0.5440,-0.1159,-0.1147,2.894,broken,0.959,3.24,1,1,1,0,14.59,3,2.4,17,253,253
241,0.5440,-0.1118,-0.0313,2.998,good,0.009,3.56,0,0,0,0,10.65,3,0.0,,,
242,0.5440,-0.1128,0.1540,2.999,broken,0.795,3.18,1,1,1,0,10.95,3,2.4,51,252,252
251,0.5440,-0.1180,-0.1940,3.002,broken,0.987,3.56,1,1,1,0,12.63,2,2.4,7|6,236,236
252,0.5440,-0.1163,-0.1816,3.005,sour,1.000,25.40,1,1,1,0,12.00,2,3.2,8,242,242
244,0.5480,-0.1141,0.1763,2.992,good,0.000,2.52,0,0,0,0,11.56,3,0.0,,,
245,0.5480,-0.1141,0.2381,2.998,broken,0.827,4.15,1,1,1,0,11.44,3,2.4,62,251,251
246,0.5480,-0.1134,0.1565,2.988,shell,1.000,5.31,1,1,1,0,11.40,3,2.4,52|51,233,233
247,0.5480,-0.1101,0.0652,3.014,black,1.000,49.00,1,1,1,0,9.70,3,3.2,40,238,238
248,0.5480,-0.1095,-0.2007,2.998,broken,0.822,4.50,1,1,1,0,9.89,3,2.4,6,240,240
249,0.5480,-0.1106,0.0501,3.002,broken,0.925,3.00,1,1,1,0,10.15,3,2.4,38,266,266
250,0.5480,-0.1091,-0.0733,2.995,good,0.043,1.95,0,0,0,0,9.81,3,0.0,,,
256,0.5480,-0.1179,-0.0701,3.000,broken,0.970,4.26,1,1,1,0,12.66,2,2.4,23|22,249,249
253,0.5520,-0.1143,-0.1565,3.007,good,0.013,7.53,0,0,0,0,11.26,3,0.0,,,
254,0.5520,-0.1142,0.2112,2.994,faded,0.905,4.60,1,1,1,0,11.53,3,3.1,59|58,260,260
255,0.5520,-0.1107,0.1599,3.002,good,0.233,2.45,0,0,0,0,10.18,3,0.0,,,
260,0.5520,-0.1181,0.1962,2.998,shell,0.999,8.56,1,1,1,0,12.75,2,2.4,57|56,265,265
257,0.5560,-0.1146,-0.0593,3.004,broken,0.909,3.32,1,1,1,0,11.44,3,2.4,24,263,263
258,0.5560,-0.1116,0.0150,3.000,good,0.007,3.53,0,0,0,0,10.52,3,0.0,,,
259,0.5560,-0.1086,-0.1320,3.002,good,0.452,4.57,0,0,0,0,9.46,3,0.0,,,
263,0.5560,-0.1164,-0.0294,3.001,good,0.011,3.17,0,0,0,0,12.10,2,0.0,,,
261,0.5600,-0.1138,0.1923,3.005,good,0.001,4.99,0,0,0,0,11.17,3,0.0,,,
262,0.5600,-0.1123,-0.1622,3.000,good,0.035,3.65,0,0,0,0,10.78,3,0.0,,,
264,0.5640,-0.1137,0.1587,3.005,good,0.036,2.13,0,0,0,0,11.14,3,0.0,,,
265,0.5640,-0.1085,-0.0522,2.999,good,0.321,2.92,0,0,0,0,9.52,3,0.0,,,
270,0.5680,-0.1200,-0.1589,3.000,good,0.125,3.71,0,0,0,0,13.33,2,0.0,,,
271,0.5680,-0.1183,-0.2195,2.999,good,0.000,3.43,0,0,0,0,12.80,2,0.0,,,
272,0.5680,-0.1196,0.1495,2.998,broken,0.669,4.28,1,1,1,0,13.25,2,2.4,51|50,275,275
266,0.5720,-0.1131,0.1767,3.003,shell,1.000,8.57,1,1,1,0,10.97,3,2.4,54,280,280
267,0.5720,-0.1115,-0.1960,3.006,broken,0.986,2.87,1,1,1,0,10.37,3,2.4,6|7,262,262
268,0.5720,-0.1106,-0.0193,3.000,good,0.002,3.53,0,0,0,0,10.20,3,0.0,,,
269,0.5720,-0.1090,0.2327,3.001,black,1.000,60.47,1,1,1,0,9.64,3,3.2,61,278,278
274,0.5720,-0.1185,-0.0669,2.994,good,0.004,6.82,0,0,0,0,12.96,2,0.0,,,
275,0.5720,-0.1184,-0.1506,3.001,good,0.298,2.96,0,0,0,0,12.79,2,0.0,,,
273,0.5760,-0.1137,0.1298,3.000,good,0.121,3.28,0,0,0,0,11.23,3,0.0,,,
276,0.5800,-0.1123,0.0524,2.990,good,0.001,3.18,0,0,0,0,11.01,3,0.0,,,
280,0.5800,-0.1198,-0.1083,3.004,faded,0.723,3.71,1,1,1,0,13.18,2,2.9,18|17,271,271
277,0.5840,-0.1141,0.2079,2.998,good,0.212,4.89,0,0,0,0,11.42,3,0.0,,,
278,0.5840,-0.1141,-0.1902,3.000,black,1.000,51.39,1,1,1,0,11.38,3,3.2,7,281,281
279,0.5840,-0.1105,0.0080,2.842,good,0.001,3.20,0,0,0,0,14.07,3,0.0,,,
284,0.5840,-0.1187,-0.2021,3.006,broken,0.957,3.45,1,1,1,0,12.77,2,2.4,6|5,301,301
285,0.5840,-0.1179,-0.1377,3.001,good,0.063,4.34,0,0,0,0,12.59,2,0.0,,,
281,0.5880,-0.1122,0.0904,3.321,husk,1.000,10.75,1,1,1,0,3.91,3,2.4,43,320,
282,0.5880,-0.1123,-0.0090,2.999,broken,0.801,1.88,1,1,1,0,10.79,3,2.4,30|31,276,276
283,0.5880,-0.1104,0.1538,2.980,good,0.101,4.62,0,0,0,0,10.59,3,0.0,,,
289,0.5880,-0.1196,0.2098,3.001,good,0.318,4.49,0,0,0,0,13.17,2,0.0,,,
290,0.5880,-0.1182,0.1720,2.833,broken,0.525,4.90,1,1,1,0,17.02,2,2.4,54|53,285|297,285|297
291,0.5880,-0.1177,0.0702,3.008,black,1.000,48.51,1,1,1,0,12.38,2,3.2,40|41,292,292
286,0.5920,-0.1159,0.1686,3.001,good,0.001,3.68,0,0,0,0,11.94,3,0.0,,,
287,0.5920,-0.1159,-0.1173,2.807,shell,0.995,3.35,1,1,1,0,16.93,3,2.4,16|17,299,299
288,0.5920,-0.1092,0.0094,3.000,faded,0.893,3.45,1,1,1,0,9.73,3,2.6,33|32,277,277
292,0.5960,-0.1144,0.0215,2.993,broken,0.999,3.93,1,1,1,0,11.63,3,2.4,34,291,291
293,0.5960,-0.1129,0.1828,3.004,good,0.000,2.61,0,0,0,0,10.89,3,0.0,,,
294,0.5960,-0.1108,-0.0875,3.000,shell,0.666,4.06,1,1,1,0,10.28,3,2.4,20|21,306,306
297,0.5960,-0.1186,0.1102,2.972,good,0.012,2.83,0,0,0,0,13.56,2,0.0,,,
298,0.5960,-0.1178,-0.2079,2.995,broken,0.698,4.12,1,1,1,0,12.71,2,2.4,5,309,309
295,0.6000,-0.1132,-0.0098,3.004,good,0.008,4.04,0,0,0,0,10.98,3,0.0,,,
296,0.6000,-0.1083,-0.1000,2.999,faded,0.999,5.02,1,1,1,0,9.46,3,3.2,19,287,287
299,0.6040,-0.1154,-0.0680,3.002,good,0.008,3.05,0,0,0,0,11.75,3,0.0,,,
303,0.6040,-0.1177,0.0940,2.994,broken,0.642,3.12,1,1,1,0,12.72,2,2.4,44|43,314,314
304,0.6040,-0.1140,0.1335,3.000,good,0.035,6.49,0,0,0,0,11.35,2,0.0,,,
300,0.6080,-0.1152,-0.2192,2.998,faded,0.998,7.48,1,1,1,0,11.79,3,3.2,3|4,324,324
301,0.6080,-0.1125,0.2328,2.996,good,0.096,4.07,0,0,0,0,10.94,3,0.0,,,
302,0.6080,-0.1106,-0.0832,3.002,good,0.001,2.59,0,0,0,0,10.16,3,0.0,,,
305,0.6120,-0.1154,0.1958,2.999,shell,0.658,5.34,1,1,1,0,11.81,3,2.4,57|56,328,328
306,0.6120,-0.1110,-0.0622,3.002,faded,0.999,4.51,1,1,1,0,10.27,3,3.2,24|23,316,316
307,0.6120,-0.1091,0.1107,3.000,broken,0.665,3.75,1,1,1,0,9.69,3,2.4,46|45,302,302
313,0.6120,-0.1189,0.0891,3.009,good,0.000,2.72,0,0,0,0,12.74,2,0.0,,,
314,0.6120,-0.1178,0.1651,3.057,broken,0.714,2.62,1,1,1,0,11.23,2,2.4,53|52,298,298
315,0.6120,-0.1165,-0.0529,2.989,good,0.000,2.78,0,0,0,0,12.45,2,0.0,,,
308,0.6160,-0.1153,-0.1377,3.002,shell,1.000,9.58,1,1,1,0,11.71,3,2.4,14,322,322
309,0.6160,-0.1120,-0.1269,3.006,faded,0.982,3.61,1,1,1,0,10.51,3,3.2,15,325,325
310,0.6160,-0.1114,-0.0576,2.999,insect,1.000,4.94,1,1,1,0,10.49,3,3.1,24,308,308
311,0.6160,-0.1093,-0.2175,3.002,good,0.005,2.66,0,0,0,0,9.70,3,0.0,,,
312,0.6160,-0.1097,0.0965,3.000,faded,0.948,4.51,1,1,1,0,9.93,3,2.5,44,333,333
317,0.6160,-0.1196,-0.2088,3.008,good,0.000,2.07,0,0,0,0,13.00,2,0.0,,,
318,0.6160,-0.1186,-0.2238,3.001,black,1.000,50.71,1,1,1,0,12.84,2,3.2,3,331,331
319,0.6160,-0.1169,0.0513,2.999,good,0.328,1.42,0,0,0,0,12.31,2,0.0,,,
316,0.6200,-0.1110,0.1755,3.007,faded,0.998,5.35,1,1,1,0,10.16,3,3.2,54,304,304
320,0.6240,-0.1150,-0.1896,3.006,broken,0.954,2.96,1,1,1,0,11.53,3,2.4,7,317,317
322,0.6240,-0.1193,0.0821,3.003,good,0.011,3.52,0,0,0,0,13.02,2,0.0,,,
323,0.6240,-0.1167,-0.1664,3.000,good,0.301,3.46,0,0,0,0,12.22,2,0.0,,,
321,0.6280,-0.1097,-0.0219,3.003,good,0.192,2.91,0,0,0,0,9.83,3,0.0,,,
324,0.6280,-0.1188,0.1974,3.007,good,0.409,4.24,0,0,0,0,12.78,2,0.0,,,
325,0.6280,-0.1175,0.1525,2.993,good,0.000,2.62,0,0,0,0,12.68,2,0.0,,,
326,0.6280,-0.1188,0.0779,2.995,faded,0.945,5.27,1,1,1,0,13.06,2,3.2,41|42,323,
327,0.6280,-0.1164,0.1616,3.000,shell,0.957,5.18,1,1,1,0,12.11,2,2.4,52,343,343
329,0.6320,-0.1176,-0.1854,2.999,good,0.435,2.09,0,0,0,0,12.56,2,0.0,,,
328,0.6360,-0.1125,0.0448,2.996,faded,0.999,6.43,1,1,1,0,10.93,3,3.2,37,321,321
330,0.6400,-0.1129,-0.2336,3.015,good,0.004,5.31,0,0,0,0,10.62,3,0.0,,,
331,0.6400,-0.1094,0.1234,2.997,good,0.164,2.32,0,0,0,0,9.85,3,0.0,,,
332,0.6400,-0.1107,0.2122,3.022,broken,0.985,4.57,1,1,1,0,9.73,3,2.4,59|58,346,346
333,0.6400,-0.1085,0.1705,3.005,shell,0.996,4.05,1,1,1,0,9.37,3,2.4,53|54,334,334
336,0.6400,-0.1185,0.1142,2.999,black,1.000,50.06,1,1,1,0,12.86,2,3.2,46,339,339
337,0.6400,-0.1179,0.1824,2.999,good,0.496,4.77,0,0,0,0,12.66,2,0.0,,,
338,0.6400,-0.1152,-0.1391,2.996,good,0.007,2.78,0,0,0,0,11.84,2,0.0,,,
334,0.6440,-0.1139,0.2208,2.998,good,0.001,6.55,0,0,0,0,11.35,3,0.0,,,
335,0.6440,-0.1088,-0.1499,2.998,good,0.069,4.56,0,0,0,0,9.64,3,0.0,,,
342,0.6440,-0.1163,-0.0753,2.998,broken,0.873,2.89,1,1,1,0,12.13,2,2.4,22,335,335
339,0.6480,-0.1136,-0.1923,2.999,faded,0.999,4.86,1,1,1,0,11.21,3,3.2,7,345,
340,0.6480,-0.1130,-0.1805,2.986,good,0.002,1.89,0,0,0,0,11.33,3,0.0,,,
341,0.6480,-0.1128,0.1266,2.998,good,0.210,3.49,0,0,0,0,10.98,3,0.0,,,
344,0.6480,-0.1199,0.1944,2.994,good,0.060,4.75,0,0,0,0,13.43,2,0.0,,,
343,0.6520,-0.1099,-0.1003,3.007,good,0.001,3.16,0,0,0,0,9.81,3,0.0,,,
345,0.6520,-0.1086,-0.1357,3.000,shell,0.996,4.36,1,1,1,0,9.51,3,2.4,14,354,354
349,0.6520,-0.1191,-0.0804,2.992,good,0.001,4.68,0,0,0,0,13.24,2,0.0,,,
351,0.6520,-0.1200,0.1557,2.986,sour,1.000,13.04,1,1,1,0,13.66,2,3.2,51|52,342,342
352,0.6520,-0.1177,0.1714,3.004,good,0.406,6.16,0,0,0,0,12.48,2,0.0,,,
346,0.6560,-0.1134,0.0618,3.084,good,0.429,6.12,0,0,0,0,9.20,3,0.0,,,
347,0.6560,-0.1130,-0.1684,2.987,good,0.010,3.33,0,0,0,0,11.30,3,0.0,,,
348,0.6560,-0.1103,-0.2117,3.003,broken,0.717,5.25,1,1,1,0,10.04,3,2.5,4|5,347,347
350,0.6560,-0.1088,0.1816,2.994,good,0.134,3.70,0,0,0,0,9.72,3,0.0,,,
354,0.6560,-0.1198,-0.2322,2.991,shell,0.857,5.29,1,1,1,0,13.48,2,2.4,2,352,352
353,0.6600,-0.1109,-0.0111,2.995,good,0.021,3.41,0,0,0,0,10.41,3,0.0,,,
357,0.6600,-0.1177,-0.0834,3.172,good,0.026,4.66,0,0,0,0,8.62,2,0.0,,,
358,0.6600,-0.1179,-0.1202,3.001,shell,0.857,2.88,1,1,1,0,12.59,2,2.4,16,364,364
355,0.6640,-0.1124,-0.2228,3.041,good,0.300,3.42,0,0,0,0,9.87,3,0.0,,,
356,0.6640,-0.1095,0.1448,3.014,broken,0.531,2.82,1,1,1,0,9.51,3,2.4,50,353,353
359,0.6640,-0.1169,0.1079,3.003,good,0.001,2.51,0,0,0,0,12.22,2,0.0,,,
360,0.6720,-0.1161,-0.2214,2.919,faded,1.000,6.57,1,1,1,0,14.04,3,3.2,3,372,372
361,0.6720,-0.1137,0.0794,3.029,shell,0.762,5.71,1,1,1,0,10.56,3,2.4,42|41,385,
362,0.6720,-0.1146,0.1156,3.000,good,0.179,2.42,0,0,0,0,11.53,3,0.0,,,
363,0.6720,-0.1126,0.2086,3.004,good,0.007,2.33,0,0,0,0,10.77,3,0.0,,,
364,0.6720,-0.1149,-0.0439,2.701,good,0.001,4.45,0,0,0,0,19.56,3,0.0,,,
365,0.6720,-0.1118,0.0967,2.939,good,0.008,2.58,0,0,0,0,12.07,3,0.0,,,
366,0.6760,-0.1160,0.0763,2.997,shell,0.984,3.41,1,1,1,0,12.05,3,2.4,41,369|374,369
367,0.6760,-0.1150,-0.1014,2.978,broken,0.697,4.45,1,1,1,0,12.19,3,2.4,19|18,362,362
368,0.6760,-0.1127,0.0047,3.000,good,0.045,3.69,0,0,0,0,10.89,3,0.0,,,
370,0.6760,-0.1172,0.2063,2.993,faded,0.999,7.13,1,1,1,0,12.59,2,3.2,58,375,375
369,0.6800,-0.1106,-0.1399,3.004,good,0.002,2.21,0,0,0,0,10.09,3,0.0,,,
371,0.6840,-0.1156,-0.0245,2.952,good,0.000,2.86,0,0,0,0,13.04,3,0.0,,,
372,0.6840,-0.1132,0.1312,2.994,shell,0.526,4.61,1,1,1,0,11.18,3,2.4,48,392,392
373,0.6840,-0.1085,-0.1350,2.995,good,0.004,2.34,0,0,0,0,9.62,3,0.0,,,
374,0.6840,-0.1086,-0.2318,3.001,good,0.384,9.27,0,0,0,0,9.52,3,0.0,,,
378,0.6840,-0.1163,-0.1837,2.997,good,0.066,1.81,0,0,0,0,12.16,2,0.0,,,
375,0.6880,-0.1133,0.0955,2.999,faded,0.998,5.35,1,1,1,0,11.12,3,3.2,44,386,386
376,0.6880,-0.1102,-0.2143,3.004,good,0.006,4.32,0,0,0,0,9.97,3,0.0,,,
377,0.6880,-0.1092,0.2172,3.005,good,0.001,2.96,0,0,0,0,9.62,3,0.0,,,
383,0.6880,-0.1176,0.0494,2.975,good,0.009,2.93,0,0,0,0,13.14,2,0.0,,,
384,0.6880,-0.1175,0.1319,3.079,good,0.036,3.70,0,0,0,0,10.65,2,0.0,,,
379,0.6920,-0.1140,0.1854,3.000,good,0.037,2.05,0,0,0,0,11.33,3,0.0,,,
380,0.6920,-0.1116,0.0727,2.959,good,0.300,3.67,0,0,0,0,11.51,3,0.0,,,
381,0.6920,-0.1087,-0.0768,2.990,good,0.003,4.38,0,0,0,0,9.79,3,0.0,,,
382,0.6920,-0.1084,-0.1716,3.002,good,0.010,3.84,0,0,0,0,9.41,3,0.0,,,
386,0.6920,-0.1197,0.0058,2.998,broken,0.875,2.43,1,1,1,0,13.29,2,2.4,32,399,399
387,0.6920,-0.1178,0.2171,2.990,good,0.011,3.57,0,0,0,0,12.82,2,0.0,,,
388,0.6920,-0.1140,-0.1802,3.272,good,0.122,2.82,0,0,0,0,5.41,2,0.0,,,
385,0.6960,-0.1119,0.0337,3.094,black,1.000,44.37,1,1,1,0,8.48,3,3.2,36,402,
389,0.7000,-0.1164,0.1294,2.833,good,0.003,2.20,0,0,0,0,16.39,3,0.0,,,
390,0.7000,-0.1163,0.1840,2.792,good,0.039,3.80,0,0,0,0,17.46,3,0.0,,,
397,0.7000,-0.1181,0.2185,2.993,good,0.015,2.39,0,0,0,0,12.87,2,0.0,,,
398,0.7000,-0.1156,-0.0896,2.979,good,0.000,3.03,0,0,0,0,12.38,2,0.0,,,
391,0.7040,-0.1168,-0.0900,2.972,good,0.011,5.46,0,0,0,0,12.97,3,0.0,,,
392,0.7040,-0.1132,-0.0216,2.994,black,1.000,46.59,1,1,1,0,11.19,3,3.2,29,395,395
393,0.7040,-0.1125,-0.1725,2.969,shell,0.690,3.96,1,1,1,0,11.58,3,2.4,9|10,417,417
394,0.7040,-0.1089,0.2327,3.107,good,0.010,4.04,0,0,0,0,7.24,3,0.0,,,
395,0.7040,-0.1094,0.1750,2.996,faded,0.997,5.94,1,1,1,0,9.89,3,3.2,54,394,394
396,0.7040,-0.1093,-0.1322,2.997,good,0.000,2.43,0,0,0,0,9.81,3,0.0,,,
405,0.7040,-0.1192,0.1532,3.003,good,0.002,2.25,0,0,0,0,12.98,2,0.0,,,
406,0.7040,-0.1187,-0.0770,3.018,good,0.010,4.18,0,0,0,0,12.48,2,0.0,,,
399,0.7080,-0.1148,0.0784,2.999,broken,0.999,2.54,1,1,1,0,11.64,3,2.4,42|41,389,389
400,0.7080,-0.1119,-0.1178,3.042,good,0.030,3.78,0,0,0,0,9.64,3,0.0,,,
401,0.7080,-0.1140,0.1966,2.972,black,1.000,52.81,1,1,1,0,12.00,3,3.2,57|56,420,420
402,0.7080,-0.1122,-0.2166,2.992,good,0.007,2.13,0,0,0,0,10.92,3,0.0,,,
403,0.7080,-0.1114,-0.0643,2.996,good,0.491,4.67,0,0,0,0,10.58,3,0.0,,,
404,0.7080,-0.1081,-0.1731,2.998,broken,0.900,4.12,1,1,1,0,9.42,3,2.4,9|10,400,400
408,0.7080,-0.1176,0.0242,3.022,good,0.003,3.46,0,0,0,0,12.00,2,0.0,,,
407,0.7120,-0.1133,0.0433,2.987,good,0.193,2.92,0,0,0,0,11.42,3,0.0,,,
411,0.7120,-0.1187,-0.2273,3.319,shell,0.997,4.09,1,1,1,0,5.89,2,2.4,2|3,432,432
412,0.7120,-0.1149,-0.1137,3.138,broken,0.991,4.46,1,1,1,0,8.48,2,2.4,17,426,
409,0.7160,-0.1116,-0.1083,3.000,good,0.001,3.25,0,0,0,0,10.54,3,0.0,,,
410,0.7160,-0.1097,0.0063,3.009,good,0.005,3.83,0,0,0,0,9.72,3,0.0,,,
417,0.7160,-0.1311,-0.0600,3.000,stone,0.998,14.06,1,1,1,0,13.04,1,8.7,24|23|25,,
424,0.7160,-0.1195,-0.0518,3.000,stone,0.998,14.06,1,1,1,0,13.17,1,8.7,25|24|26,459,
413,0.7200,-0.1158,-0.2106,2.957,good,0.003,2.12,0,0,0,0,12.96,3,0.0,,,
414,0.7200,-0.1125,0.2019,2.995,shell,0.826,4.56,1,1,1,0,10.95,3,2.4,57|58,418,418
415,0.7200,-0.1111,-0.0950,2.992,black,1.000,49.40,1,1,1,0,10.54,3,3.2,19|20,407,407
416,0.7200,-0.1101,0.2230,2.969,good,0.139,4.09,0,0,0,0,10.76,3,0.0,,,
422,0.7200,-0.1193,-0.0260,3.001,good,0.014,2.52,0,0,0,0,13.09,2,0.0,,,
423,0.7200,-0.1172,0.0636,2.994,good,0.346,2.87,0,0,0,0,12.52,2,0.0,,,
427,0.7200,-0.1079,-0.0437,3.000,stone,0.999,14.15,1,1,1,0,9.30,1,9.0,26|25|27,459,
418,0.7240,-0.1155,0.0424,2.989,good,0.009,4.78,0,0,0,0,12.09,3,0.0,,,
419,0.7240,-0.1122,-0.0914,2.999,good,0.001,2.42,0,0,0,0,10.77,3,0.0,,,
420,0.7240,-0.1136,0.2032,3.002,broken,0.921,2.80,1,1,1,0,11.15,3,2.4,58|57,423,423
421,0.7240,-0.1082,-0.0043,3.245,good,0.004,3.23,0,0,0,0,4.15,3,0.0,,,
425,0.7280,-0.1150,0.0399,3.012,good,0.004,3.31,0,0,0,0,11.38,3,0.0,,,
426,0.7280,-0.1082,-0.1367,2.997,good,0.201,3.90,0,0,0,0,9.47,3,0.0,,,
429,0.7280,-0.1170,0.0268,2.998,good,0.594,3.56,1,1,1,0,12.39,2,2.4,35,435,435
428,0.7320,-0.1136,-0.1385,3.013,broken,0.939,4.62,1,1,1,0,10.91,3,2.4,14,444,444
432,0.7320,-0.1178,-0.0444,2.997,good,0.424,2.23,0,0,0,0,12.69,2,0.0,,,
433,0.7320,-0.1159,-0.0864,3.012,good,0.001,2.21,0,0,0,0,11.70,2,0.0,,,
430,0.7360,-0.1118,0.0335,3.000,good,0.002,2.71,0,0,0,0,10.61,3,0.0,,,
431,0.7360,-0.1083,-0.2060,2.995,good,0.001,2.99,0,0,0,0,9.56,3,0.0,,,
437,0.7360,-0.1185,0.2437,3.082,good,0.034,6.31,0,0,0,0,10.89,2,0.0,,,
438,0.7360,-0.1164,0.0498,2.986,faded,0.890,8.36,1,1,1,0,12.47,2,2.4,38,427|431,427|431
439,0.7360,-0.1195,-0.0638,3.009,good,0.005,3.85,0,0,0,0,12.93,2,0.0,,,
440,0.7360,-0.1186,-0.0219,2.995,good,0.106,3.32,0,0,0,0,12.98,2,0.0,,,
434,0.7400,-0.1119,-0.1340,2.993,broken,0.656,2.55,1,1,1,0,10.81,3,2.4,14|15,430,430
435,0.7400,-0.1099,0.0638,2.998,good,0.160,2.17,0,0,0,0,10.03,3,0.0,,,
436,0.7400,-0.1093,0.0726,2.992,black,1.000,51.22,1,1,1,0,9.96,3,3.2,41,453,453
442,0.7400,-0.1152,-0.0726,2.998,good,0.006,3.35,0,0,0,0,11.78,2,0.0,,,
441,0.7440,-0.1139,0.1065,2.998,broken,0.677,3.72,1,1,1,0,11.35,3,2.4,45,458,
443,0.7480,-0.1161,-0.0421,2.937,good,0.002,2.99,0,0,0,0,13.57,3,0.0,,,
444,0.7480,-0.1116,-0.0187,3.000,good,0.146,3.44,0,0,0,0,10.55,3,0.0,,,
446,0.7480,-0.1199,-0.0864,2.996,broken,0.769,3.70,1,1,1,0,13.38,2,2.4,20|21,451,451
447,0.7480,-0.1171,0.1681,3.002,good,0.398,3.82,0,0,0,0,12.33,2,0.0,,,
448,0.7480,-0.1177,0.2186,2.910,good,0.456,4.79,0,0,0,0,14.80,2,0.0,,,
445,0.7520,-0.1141,-0.1248,3.000,faded,1.000,5.92,1,1,1,0,11.38,3,3.2,16|15,446,446
450,0.7520,-0.1167,0.0754,2.996,good,0.346,4.09,0,0,0,0,12.32,2,0.0,,,
449,0.7560,-0.1152,-0.2169,2.999,shell,0.994,5.22,1,1,1,0,11.77,3,2.4,4,439,439
454,0.7560,-0.1164,0.1830,3.066,broken,0.504,3.29,1,1,1,0,10.59,2,2.4,55,471,471
451,0.7600,-0.1136,-0.0742,3.000,shell,0.979,5.27,1,1,1,0,11.20,3,2.4,22,455,455
452,0.7600,-0.1079,-0.0929,3.079,broken,0.775,7.10,1,1,1,0,7.51,3,2.4,20|19,443|463,443
453,0.7600,-0.1103,-0.0184,2.997,good,0.039,2.43,0,0,0,0,10.18,3,0.0,,,
455,0.7640,-0.1158,-0.0307,2.999,faded,1.000,5.83,1,1,1,0,11.94,3,3.2,28|27,466,466
456,0.7640,-0.1141,0.0917,3.002,good,0.164,4.51,0,0,0,0,11.32,3,0.0,,,
457,0.7640,-0.1175,0.1718,2.542,shell,0.976,8.05,1,1,1,0,25.56,3,2.4,53|54,442,
458,0.7680,-0.1109,-0.0534,2.895,good,0.365,1.90,0,0,0,0,12.84,3,0.0,,,
459,0.7680,-0.1111,0.1002,3.001,good,0.001,4.21,0,0,0,0,10.33,3,0.0,,,
460,0.7680,-0.1096,0.1492,2.996,good,0.011,3.25,0,0,0,0,9.95,3,0.0,,,
465,0.7680,-0.1193,-0.2202,3.081,broken,0.703,4.34,1,1,1,0,11.20,2,2.6,3|4,469,469
467,0.7680,-0.1172,0.1557,3.317,good,0.028,3.66,0,0,0,0,5.49,2,0.0,,,
468,0.7680,-0.1175,0.0257,2.979,shell,1.000,7.91,1,1,1,0,13.02,2,2.4,35,461,
469,0.7680,-0.1171,0.1354,2.982,good,0.000,2.61,0,0,0,0,12.80,2,0.0,,,
461,0.7720,-0.1152,-0.1693,3.002,good,0.318,4.08,0,0,0,0,11.67,3,0.0,,,
462,0.7720,-0.1104,0.1110,2.995,good,0.001,2.90,0,0,0,0,10.25,3,0.0,,,
463,0.7720,-0.1097,0.2178,2.996,broken,0.616,3.42,1,1,1,0,9.97,3,2.4,59|60,474,474
464,0.7720,-0.1108,-0.1479,2.944,good,0.064,2.24,0,0,0,0,11.60,3,0.0,,,
466,0.7720,-0.1085,0.2334,3.033,insect,0.717,5.40,1,1,1,0,8.75,3,3.1,61|62,480,480
470,0.7760,-0.1135,-0.0922,3.005,good,0.009,4.00,0,0,0,0,11.04,3,0.0,,,
471,0.7760,-0.1091,0.2146,2.996,good,0.481,2.45,0,0,0,0,9.81,3,0.0,,,
476,0.7760,-0.1195,0.0395,3.003,shell,0.590,5.13,1,1,1,0,13.11,2,2.4,37|36,484,484
472,0.7800,-0.1141,0.0265,3.002,good,0.005,2.87,0,0,0,0,11.33,3,0.0,,,
473,0.7800,-0.1095,0.2020,3.000,good,0.004,2.72,0,0,0,0,9.84,3,0.0,,,
474,0.7800,-0.1089,-0.2238,2.998,good,0.211,6.11,0,0,0,0,9.68,3,0.0,,,
475,0.7800,-0.1080,-0.0385,3.006,good,0.005,3.66,0,0,0,0,9.19,3,0.0,,,
477,0.7840,-0.1135,-0.1282,2.990,good,0.006,2.30,0,0,0,0,11.39,3,0.0,,,
480,0.7840,-0.1167,0.1405,3.000,faded,1.000,5.26,1,1,1,0,12.22,2,3.2,49|50,486,
478,0.7880,-0.1151,-0.0318,2.999,good,0.002,3.44,0,0,0,0,11.72,3,0.0,,,
479,0.7880,-0.1129,0.0504,3.002,shell,1.000,6.57,1,1,1,0,10.90,3,2.4,38,496,496
481,0.7920,-0.1131,0.1865,2.988,good,0.000,3.82,0,0,0,0,11.33,3,0.0,,,
482,0.7920,-0.1105,-0.1754,3.008,sour,1.000,14.90,1,1,1,0,9.98,3,3.2,9,499,499
483,0.7920,-0.1090,0.0506,3.003,good,0.270,2.64,0,0,0,0,9.60,3,0.0,,,
487,0.7920,-0.1181,0.2029,3.450,good,0.097,2.96,0,0,0,0,3.20,2,0.0,,,
488,0.7920,-0.1192,0.0646,3.004,good,0.184,3.35,0,0,0,0,12.98,2,0.0,,,
489,0.7920,-0.1174,-0.0076,3.006,good,0.001,3.45,0,0,0,0,12.33,2,0.0,,,
490,0.7920,-0.1151,-0.0370,3.327,broken,0.554,3.17,1,1,1,0,4.67,2,2.4,27,501,
484,0.7960,-0.1095,0.0353,2.965,broken,0.744,2.21,1,1,1,0,10.66,3,2.4,36,500,500
485,0.7960,-0.1083,0.2455,2.989,broken,0.610,3.63,1,1,1,0,9.69,3,2.4,63,488,488
486,0.7960,-0.1081,-0.1100,3.001,good,0.008,3.95,0,0,0,0,9.35,3,0.0,,,
493,0.7960,-0.1165,0.1529,3.016,broken,0.843,2.94,1,1,1,0,11.79,2,2.4,51,494,494
494,0.7960,-0.1171,-0.1737,3.001,shell,0.999,4.08,1,1,1,0,12.33,2,2.4,9,482,482
491,0.8000,-0.1145,0.1413,3.029,good,0.000,3.30,0,0,0,0,10.80,3,0.0,,,
492,0.8000,-0.1153,-0.1142,2.998,shell,0.990,5.45,1,1,1,0,11.83,3,2.4,17,491,491
499,0.8000,-0.1186,0.2104,2.998,good,0.000,2.72,0,0,0,0,12.92,2,0.0,,,
500,0.8000,-0.1190,0.1825,2.999,good,0.001,2.35,0,0,0,0,13.02,2,0.0,,,
501,0.8000,-0.1191,-0.1990,3.003,good,0.040,7.87,0,0,0,0,12.96,2,0.0,,,
495,0.8040,-0.1149,-0.2368,3.013,good,0.057,3.44,0,0,0,0,11.31,3,0.0,,,
496,0.8040,-0.1147,-0.0811,2.984,good,0.016,2.45,0,0,0,0,11.95,3,0.0,,,
497,0.8040,-0.1128,0.0594,3.115,broken,0.983,3.15,1,1,1,0,8.32,3,2.4,39,519,
498,0.8040,-0.1119,0.0069,2.995,good,0.027,3.00,0,0,0,0,10.75,3,0.0,,,
502,0.8040,-0.1198,0.1365,2.732,broken,0.843,2.76,1,1,1,0,20.45,2,2.4,49,497,
503,0.8040,-0.1168,-0.0249,3.017,good,0.043,2.22,0,0,0,0,11.86,2,0.0,,,
504,0.8120,-0.1159,-0.0274,2.996,broken,0.911,3.44,1,1,1,0,12.04,3,2.4,28,511,511
505,0.8120,-0.1117,-0.0069,3.005,good,0.267,3.53,0,0,0,0,10.44,3,0.0,,,
506,0.8120,-0.1119,-0.1242,3.003,broken,0.946,5.17,1,1,1,0,10.57,3,2.4,16|15,529,529
510,0.8120,-0.1191,-0.2351,2.982,good,0.002,2.85,0,0,0,0,13.48,2,0.0,,,
511,0.8120,-0.1162,0.0478,2.997,good,0.005,1.78,0,0,0,0,12.13,2,0.0,,,
507,0.8160,-0.1128,0.0747,2.977,good,0.045,2.71,0,0,0,0,11.47,3,0.0,,,
508,0.8160,-0.1090,-0.1763,2.982,insect,1.000,3.95,1,1,1,0,10.08,3,3.1,9,504,504
509,0.8160,-0.1111,-0.1658,3.003,shell,1.000,5.08,1,1,1,0,10.28,3,2.4,10,524,524
512,0.8160,-0.1171,0.2375,2.969,good,0.178,3.85,0,0,0,0,13.13,2,0.0,,,
514,0.8200,-0.1183,-0.1424,3.450,good,0.276,5.59,0,0,0,0,3.27,2,0.0,,,
513,0.8240,-0.1101,-0.2071,3.000,broken,0.908,3.23,1,1,1,0,10.03,3,2.4,5,512,512
518,0.8240,-0.1199,0.1141,2.996,good,0.017,2.75,0,0,0,0,13.39,2,0.0,,,
519,0.8240,-0.1185,-0.1490,3.001,insect,1.000,5.92,1,1,1,0,12.79,2,3.1,12|13,526,526
515,0.8280,-0.1130,-0.0571,2.989,good,0.003,2.75,0,0,0,0,11.24,3,0.0,,,
516,0.8280,-0.1126,0.1990,3.000,good,0.044,3.86,0,0,0,0,10.88,3,0.0,,,
517,0.8280,-0.1098,0.2241,2.994,good,0.134,2.40,0,0,0,0,10.08,3,0.0,,,
521,0.8280,-0.1200,-0.0689,2.999,good,0.009,7.86,0,0,0,0,13.36,2,0.0,,,
523,0.8280,-0.1168,0.0061,3.011,good,0.062,5.28,0,0,0,0,12.01,2,0.0,,,
520,0.8320,-0.1116,-0.2002,3.004,good,0.000,4.10,0,0,0,0,10.43,3,0.0,,,
522,0.8320,-0.1090,-0.1626,2.787,good,0.243,3.90,0,0,0,0,15.00,3,0.0,,,
527,0.8320,-0.1171,0.0225,2.986,good,0.004,3.21,0,0,0,0,12.69,2,0.0,,,
524,0.8360,-0.1108,0.0543,3.028,faded,0.998,4.82,1,1,1,0,9.61,3,3.2,38|39,539,539
525,0.8360,-0.1104,0.2031,2.997,good,0.137,1.47,0,0,0,0,10.22,3,0.0,,,
526,0.8360,-0.1092,0.1686,3.005,good,0.436,2.68,0,0,0,0,9.61,3,0.0,,,
534,0.8360,-0.1157,-0.1900,3.004,good,0.052,2.76,0,0,0,0,11.83,2,0.0,,,
528,0.8400,-0.1149,0.0714,3.016,good,0.171,3.52,0,0,0,0,11.25,3,0.0,,,
529,0.8400,-0.1158,-0.0078,2.967,good,0.022,3.07,0,0,0,0,12.73,3,0.0,,,
530,0.8400,-0.1145,0.1292,3.001,good,0.000,2.71,0,0,0,0,11.46,3,0.0,,,
531,0.8400,-0.1131,-0.2352,3.000,good,0.032,4.57,0,0,0,0,11.02,3,0.0,,,
532,0.8400,-0.1094,0.2073,2.991,shell,0.782,4.25,1,1,1,0,10.01,3,2.4,58,549,549
533,0.8400,-0.1079,0.1492,2.975,broken,0.961,2.82,1,1,1,0,9.89,3,2.4,51|50,530,530
537,0.8400,-0.1195,0.0797,3.002,good,0.001,4.11,0,0,0,0,13.10,2,0.0,,,
535,0.8440,-0.1134,-0.1247,3.024,good,0.022,2.04,0,0,0,0,10.56,3,0.0,,,
536,0.8440,-0.1084,0.2160,2.976,good,0.001,3.27,0,0,0,0,10.04,3,0.0,,,
540,0.8440,-0.1145,0.1436,2.999,good,0.000,7.00,0,0,0,0,11.51,2,0.0,,,
541,0.8440,-0.1177,-0.1698,2.910,good,0.062,2.71,0,0,0,0,14.81,2,0.0,,,
538,0.8480,-0.1162,-0.2222,2.997,shell,0.617,4.72,1,1,1,0,12.16,3,2.4,3,546,546
539,0.8480,-0.1130,0.0862,3.114,good,0.078,2.79,0,0,0,0,8.40,3,0.0,,,
549,0.8480,-0.1061,-0.1666,3.000,good,0.025,2.46,0,0,0,0,8.71,1,0.0,,,
542,0.8520,-0.1148,0.1113,3.004,faded,0.954,3.55,1,1,1,0,11.52,3,3.2,46,565,565
543,0.8520,-0.1143,0.1227,2.993,broken,0.956,2.89,1,1,1,0,11.61,3,2.4,47,569,569
544,0.8520,-0.1120,-0.0032,2.931,good,0.006,2.82,0,0,0,0,12.32,3,0.0,,,
545,0.8520,-0.1089,-0.0867,3.000,good,0.167,2.07,0,0,0,0,9.63,3,0.0,,,
548,0.8520,-0.1187,-0.1919,3.018,shell,0.967,3.14,1,1,1,0,12.45,2,2.4,7,552,552
546,0.8560,-0.1142,0.1712,2.984,shell,0.995,4.91,1,1,1,0,11.79,3,2.4,53|54,572,572
547,0.8560,-0.1097,0.0842,2.925,broken,0.658,2.10,1,1,1,0,11.69,3,2.4,42,550,
550,0.8600,-0.1158,-0.0132,2.668,broken,0.959,3.49,1,1,1,0,20.90,3,2.4,30,571,571
551,0.8600,-0.1119,-0.0981,3.000,good,0.004,2.22,0,0,0,0,10.62,3,0.0,,,
554,0.8600,-0.1194,0.2400,3.008,black,1.000,50.86,1,1,1,0,12.93,2,3.2,62,566,566
555,0.8600,-0.1174,-0.2327,2.984,good,0.006,4.64,0,0,0,0,12.84,2,0.0,,,
556,0.8600,-0.1160,0.0869,2.992,good,0.117,3.70,0,0,0,0,12.20,2,0.0,,,
552,0.8640,-0.1148,-0.0473,3.004,good,0.013,6.47,0,0,0,0,11.50,3,0.0,,,
553,0.8640,-0.1142,0.1176,3.048,good,0.218,3.05,0,0,0,0,10.27,3,0.0,,,
559,0.8640,-0.1188,0.1692,3.002,good,0.002,3.77,0,0,0,0,12.88,2,0.0,,,
557,0.8680,-0.1099,-0.0534,3.001,sour,1.000,12.76,1,1,1,0,9.95,3,3.2,25|24,556,556
558,0.8680,-0.1083,-0.0214,2.946,good,0.000,2.84,0,0,0,0,10.70,3,0.0,,,
561,0.8680,-0.1164,-0.0791,3.012,faded,0.998,6.57,1,1,1,0,11.86,2,3.2,21|22,558,558
562,0.8680,-0.1171,0.1770,2.994,good,0.367,3.42,0,0,0,0,12.52,2,0.0,,,
560,0.8720,-0.1143,-0.1762,3.004,good,0.000,3.22,0,0,0,0,11.31,3,0.0,,,
567,0.8720,-0.1178,-0.1895,3.018,good,0.317,2.36,0,0,0,0,12.18,2,0.0,,,
568,0.8720,-0.1190,-0.0428,2.809,faded,1.000,6.33,1,1,1,0,17.95,2,3.2,26,573,
563,0.8760,-0.1114,-0.2254,3.214,broken,0.927,4.25,1,1,1,0,5.77,3,2.4,3|2,568,
564,0.8760,-0.1126,0.0135,2.907,good,0.473,2.96,0,0,0,0,13.14,3,0.0,,,
565,0.8760,-0.1117,0.1018,3.021,sour,1.000,11.86,1,1,1,0,10.07,3,3.2,45|44,592,
566,0.8760,-0.1075,-0.0783,3.078,good,0.649,14.22,1,1,1,0,7.40,3,2.4,21|22,564,564
577,0.8760,-0.1095,-0.0700,3.000,husk,0.991,16.52,1,1,1,0,9.83,1,2.4,23|22,586,
569,0.8800,-0.1129,-0.1346,2.998,broken,0.995,2.55,1,1,1,0,11.01,3,2.4,14,575,575
570,0.8800,-0.1132,-0.1245,2.999,faded,0.980,4.61,1,1,1,0,11.09,3,2.6,16|15,595,595
571,0.8800,-0.1141,0.1825,2.975,shell,0.760,7.62,1,1,1,0,11.95,3,2.4,55,570,570
572,0.8800,-0.1083,0.0866,3.000,good,0.463,3.86,0,0,0,0,9.45,3,0.0,,,
575,0.8800,-0.1189,0.1097,3.035,good,0.142,3.18,0,0,0,0,12.11,2,0.0,,,
576,0.8800,-0.1171,-0.0153,3.087,good,0.003,4.11,0,0,0,0,10.32,2,0.0,,,
573,0.8840,-0.1115,-0.1815,3.157,good,0.141,3.82,0,0,0,0,6.99,3,0.0,,,
574,0.8840,-0.1131,-0.1408,2.993,broken,0.972,3.68,1,1,1,0,11.21,3,2.4,13|14,581,581
580,0.8840,-0.1162,0.0495,2.995,good,0.002,2.29,0,0,0,0,12.20,2,0.0,,,
581,0.8840,-0.1160,-0.2350,3.000,good,0.041,5.24,0,0,0,0,12.01,2,0.0,,,
578,0.8880,-0.1122,0.2380,2.999,shell,0.808,4.42,1,1,1,0,10.74,3,2.4,62,587,587
579,0.8880,-0.1106,0.1708,3.014,good,0.001,3.04,0,0,0,0,9.89,3,0.0,,,
583,0.8880,-0.1186,0.1216,3.008,faded,1.000,6.92,1,1,1,0,12.68,2,3.2,47,576,576
584,0.8880,-0.1191,-0.2002,2.938,good,0.070,2.46,0,0,0,0,14.59,2,0.0,,,
582,0.8920,-0.1130,0.0290,3.016,good,0.000,3.35,0,0,0,0,10.61,3,0.0,,,
585,0.8960,-0.1129,0.1787,2.994,good,0.108,2.46,0,0,0,0,11.13,3,0.0,,,
588,0.8960,-0.1175,-0.0073,2.950,sour,0.999,17.40,1,1,1,0,13.73,2,3.2,31|30,593,593
589,0.8960,-0.1162,-0.1900,3.037,broken,0.863,5.15,1,1,1,0,11.20,2,2.4,7,615,615
586,0.9000,-0.1077,-0.1994,3.220,broken,0.746,4.35,1,1,1,0,4.48,3,2.4,6,594,
587,0.9000,-0.1094,-0.1225,2.958,good,0.004,3.05,0,0,0,0,10.77,3,0.0,,,
595,0.9000,-0.1174,-0.0975,3.001,good,0.087,4.49,0,0,0,0,12.46,2,0.0,,,
596,0.9000,-0.1166,-0.0396,3.021,broken,0.602,5.47,1,1,1,0,11.71,2,2.4,26|27,609,609
590,0.9040,-0.1149,0.0337,2.999,good,0.410,3.13,0,0,0,0,11.64,3,0.0,,,
591,0.9040,-0.1152,0.0058,2.999,good,0.324,4.08,0,0,0,0,11.75,3,0.0,,,
592,0.9040,-0.1073,-0.0054,3.450,good,0.112,3.23,0,0,0,0,0.08,3,0.0,,,
593,0.9040,-0.1102,0.1974,3.005,good,0.046,3.36,0,0,0,0,9.95,3,0.0,,,
594,0.9040,-0.1084,-0.2072,2.995,good,0.037,4.75,0,0,0,0,9.59,3,0.0,,,
597,0.9080,-0.1138,0.0042,2.932,good,0.326,2.78,0,0,0,0,12.91,3,0.0,,,
598,0.9080,-0.1129,0.1086,2.994,broken,0.997,4.07,1,1,1,0,11.11,3,2.4,45|46,602,602
599,0.9080,-0.1118,-0.2045,2.995,good,0.072,2.80,0,0,0,0,10.73,3,0.0,,,
600,0.9080,-0.1186,0.0527,3.000,faded,0.994,4.77,1,1,1,0,12.86,2,3.2,38,598,598
601,0.9160,-0.1130,-0.1641,3.000,broken,0.786,2.33,1,1,1,0,11.00,3,2.4,10|11,631,631
602,0.9160,-0.1088,-0.0597,3.000,good,0.100,3.93,0,0,0,0,9.60,3,0.0,,,
605,0.9160,-0.1177,0.1758,2.977,good,0.144,5.13,0,0,0,0,13.14,2,0.0,,,
606,0.9160,-0.1164,-0.1331,3.011,good,0.046,3.08,0,0,0,0,11.88,2,0.0,,,
603,0.9200,-0.1147,-0.1126,3.002,good,0.079,4.35,0,0,0,0,11.52,3,0.0,,,
604,0.9200,-0.1103,0.2211,2.998,good,0.014,5.00,0,0,0,0,10.15,3,0.0,,,
607,0.9240,-0.1152,-0.0458,2.999,good,0.003,2.40,0,0,0,0,11.76,3,0.0,,,
608,0.9240,-0.1119,0.1354,3.001,good,0.102,5.09,0,0,0,0,10.59,3,0.0,,,
609,0.9240,-0.1199,-0.0703,2.791,good,0.305,5.90,0,0,0,0,18.79,2,0.0,,,
611,0.9240,-0.1152,0.0643,3.000,good,0.010,6.46,0,0,0,0,11.71,2,0.0,,,
610,0.9280,-0.1098,-0.0574,3.000,good,0.150,3.61,0,0,0,0,9.92,3,0.0,,,
612,0.9320,-0.1095,-0.1459,2.986,good,0.001,3.52,0,0,0,0,10.18,3,0.0,,,
613,0.9320,-0.1087,0.0401,2.995,good,0.028,3.02,0,0,0,0,9.66,3,0.0,,,
617,0.9320,-0.1199,0.1430,3.073,good,0.002,3.51,0,0,0,0,11.54,2,0.0,,,
619,0.9320,-0.1195,0.1548,3.088,broken,0.870,5.34,1,1,1,0,11.10,2,2.4,51|52,635,635
620,0.9320,-0.1187,0.1721,2.998,faded,0.999,6.18,1,1,1,0,12.95,2,3.2,54|53,646,646
625,0.9320,-0.1026,-0.0672,3.000,broken,0.991,2.76,1,1,1,0,7.52,1,2.4,23,614,
614,0.9360,-0.1110,-0.0073,3.005,good,0.012,3.29,0,0,0,0,10.23,3,0.0,,,
615,0.9360,-0.1109,0.1319,3.006,good,0.001,2.97,0,0,0,0,10.15,3,0.0,,,
616,0.9360,-0.1120,0.2346,2.994,good,0.344,3.77,0,0,0,0,10.83,3,0.0,,,
618,0.9360,-0.1084,0.2251,3.000,good,0.006,3.21,0,0,0,0,9.47,3,0.0,,,
622,0.9360,-0.1194,0.0775,2.994,good,0.007,2.32,0,0,0,0,13.29,2,0.0,,,
623,0.9360,-0.1140,-0.1263,2.990,faded,0.787,11.49,1,1,1,0,11.55,2,3.2,15|16,621|626,621|626
624,0.9360,-0.1175,0.1407,2.959,good,0.062,4.13,0,0,0,0,13.49,2,0.0,,,
621,0.9400,-0.1097,-0.0596,3.001,good,0.006,3.73,0,0,0,0,9.87,3,0.0,,,
626,0.9440,-0.1141,-0.1887,2.972,good,0.001,4.16,0,0,0,0,12.06,3,0.0,,,
627,0.9440,-0.1149,-0.0057,2.994,shell,0.528,3.93,1,1,1,0,11.76,3,2.4,31,643,643
628,0.9440,-0.1086,0.0704,2.994,good,0.036,2.36,0,0,0,0,9.68,3,0.0,,,
629,0.9480,-0.1144,-0.1168,2.979,broken,0.992,3.53,1,1,1,0,11.96,3,2.4,17|16,628,628
630,0.9480,-0.1130,0.1885,3.055,good,0.000,2.68,0,0,0,0,9.71,3,0.0,,,
631,0.9480,-0.1109,0.0187,2.931,good,0.001,1.94,0,0,0,0,11.93,3,0.0,,,
639,0.9480,-0.1125,0.0577,2.997,good,0.001,2.24,0,0,0,0,10.92,2,0.0,,,
632,0.9520,-0.1145,0.2209,3.001,good,0.001,1.65,0,0,0,0,11.46,3,0.0,,,
633,0.9520,-0.1145,0.1632,2.986,good,0.189,2.87,0,0,0,0,11.83,3,0.0,,,
634,0.9520,-0.1140,-0.0182,2.943,faded,1.000,5.98,1,1,1,0,12.73,3,3.2,29,654,654
635,0.9520,-0.1103,-0.0817,2.996,good,0.000,5.26,0,0,0,0,10.19,3,0.0,,,
636,0.9520,-0.1100,0.0558,2.923,faded,1.000,6.40,1,1,1,0,11.86,3,3.2,39|38,649,649
637,0.9520,-0.1082,-0.1857,3.002,faded,0.998,4.37,1,1,1,0,9.36,3,3.2,8,632,632
638,0.9520,-0.1115,0.0231,2.531,good,0.494,2.98,0,0,0,0,23.56,3,0.0,,,
641,0.9520,-0.1173,0.0708,3.097,good,0.386,3.64,0,0,0,0,10.17,2,0.0,,,
640,0.9560,-0.1101,-0.1775,3.012,broken,0.524,3.61,1,1,1,0,9.76,3,2.4,9,645,645
642,0.9600,-0.1134,0.1618,3.001,good,0.318,2.92,0,0,0,0,11.12,3,0.0,,,
643,0.9600,-0.1197,0.0267,2.994,shell,0.548,4.68,1,1,1,0,13.36,2,2.4,35,648,648
646,0.9640,-0.1196,-0.1134,3.005,good,0.105,6.24,0,0,0,0,13.10,2,0.0,,,
644,0.9680,-0.1121,0.0305,3.291,good,0.075,2.37,0,0,0,0,4.45,3,0.0,,,
645,0.9680,-0.1106,-0.2369,3.000,good,0.001,2.89,0,0,0,0,10.22,3,0.0,,,
654,0.9680,-0.1191,-0.0980,3.004,good,0.001,2.47,0,0,0,0,12.94,2,0.0,,,
655,0.9680,-0.1197,-0.1594,2.981,broken,0.683,3.52,1,1,1,0,13.73,2,2.4,11,676,676
647,0.9720,-0.1144,0.0873,3.003,good,0.010,3.85,0,0,0,0,11.38,3,0.0,,,
648,0.9720,-0.1136,0.1309,2.996,black,1.000,50.24,1,1,1,0,11.32,3,3.2,48,684,684
649,0.9720,-0.1128,-0.2229,2.971,good,0.006,2.93,0,0,0,0,11.64,3,0.0,,,
650,0.9720,-0.1129,0.0757,2.998,broken,0.872,3.91,1,1,1,0,11.00,3,2.4,41,669,669
651,0.9720,-0.1107,0.1453,3.003,good,0.002,3.23,0,0,0,0,10.18,3,0.0,,,
652,0.9720,-0.1091,0.0578,3.005,good,0.030,3.20,0,0,0,0,9.59,3,0.0,,,
653,0.9720,-0.1085,0.2053,3.000,good,0.059,4.06,0,0,0,0,9.49,3,0.0,,,
656,0.9760,-0.1156,-0.1295,3.006,good,0.370,5.03,0,0,0,0,11.72,3,0.0,,,
657,0.9760,-0.1118,0.0123,2.957,good,0.207,6.34,0,0,0,0,11.64,3,0.0,,,
658,0.9760,-0.1147,0.1079,2.989,black,1.000,51.53,1,1,1,0,11.84,3,3.2,45|46,675,675
659,0.9760,-0.1142,0.0763,3.003,faded,0.999,5.50,1,1,1,0,11.32,3,3.2,41,658,658
660,0.9760,-0.1140,0.0352,3.011,shell,0.999,5.09,1,1,1,0,11.07,3,2.4,36,659,659
661,0.9800,-0.1264,0.0349,3.358,broken,0.663,4.17,1,1,1,0,3.40,2,2.4,36,,
662,0.9800,-0.1365,0.0398,3.000,husk,1.000,34.62,1,1,1,0,10.83,1,2.4,37|36,,
663,0.9800,-0.1113,-0.1001,2.995,shell,0.979,4.79,1,1,1,0,10.53,3,2.4,19|18,673,673
668,0.9800,-0.1185,0.0793,2.994,shell,0.643,5.07,1,1,1,0,12.97,2,2.4,42|41,688,688
675,0.9800,-0.1129,0.0313,3.000,broken,0.618,3.97,1,1,1,0,10.98,1,2.4,36|35,671,
664,0.9840,-0.1145,0.2214,3.011,good,0.010,5.52,0,0,0,0,11.24,3,0.0,,,
665,0.9840,-0.1155,-0.2120,3.001,shell,0.901,5.31,1,1,1,0,11.80,3,2.4,4|5,693,693
666,0.9840,-0.1116,-0.2417,2.983,sour,1.000,20.05,1,1,1,0,10.92,3,3.2,1|0,672,672
667,0.9840,-0.1080,-0.0765,3.003,good,0.002,2.81,0,0,0,0,9.27,3,0.0,,,
671,0.9840,-0.1170,0.0258,2.980,stick,1.000,80.29,1,1,1,0,12.82,2,2.4,35,653,
672,0.9840,-0.1184,0.1111,2.998,stick,1.000,66.39,1,1,1,0,12.83,2,2.4,46,687,687
669,0.9880,-0.1156,-0.1642,3.001,good,0.006,2.50,0,0,0,0,11.86,3,0.0,,,
670,0.9880,-0.1162,0.0304,2.952,faded,0.699,3.98,1,1,1,0,13.26,3,3.2,35|36,680,680
673,0.9880,-0.1089,0.1171,2.964,good,0.002,2.27,0,0,0,0,10.47,3,0.0,,,
674,0.9880,-0.1090,0.0628,3.000,faded,1.000,6.58,1,1,1,0,9.67,3,3.2,40|39,685,685
679,0.9880,-0.1178,0.2202,2.998,good,0.003,3.50,0,0,0,0,12.66,2,0.0,,,
676,0.9920,-0.1111,-0.1966,3.027,good,0.004,2.60,0,0,0,0,9.74,3,0.0,,,
677,0.9920,-0.1140,-0.0324,2.734,good,0.279,4.78,0,0,0,0,18.28,3,0.0,,,
678,0.9920,-0.1106,-0.1569,2.999,good,0.131,5.38,0,0,0,0,10.25,3,0.0,,,
680,0.9960,-0.1147,-0.0943,3.005,good,0.001,2.85,0,0,0,0,11.44,3,0.0,,,
681,0.9960,-0.1178,0.1640,2.635,good,0.112,5.64,0,0,0,0,22.67,3,0.0,,,
682,0.9960,-0.1127,-0.1445,3.002,good,0.022,3.09,0,0,0,0,10.87,3,0.0,,,
687,0.9960,-0.1192,-0.0575,2.999,good,0.079,4.24,0,0,0,0,13.08,2,0.0,,,
690,0.9960,-0.1031,-0.0288,3.000,good,0.176,4.71,0,0,0,0,7.69,1,0.0,,,
683,1.0000,-0.1136,0.1986,2.999,good,0.115,6.00,0,0,0,0,11.22,3,0.0,,,
684,1.0000,-0.1127,0.1527,2.996,good,0.345,4.89,0,0,0,0,11.00,3,0.0,,,
685,1.0000,-0.1105,-0.2161,2.994,good,0.003,3.53,0,0,0,0,10.29,3,0.0,,,
686,1.0000,-0.1354,0.1635,3.000,good,0.120,3.37,0,0,0,0,10.47,1,0.0,,,
689,1.0000,-0.1158,-0.1375,3.009,good,0.012,4.10,0,0,0,0,11.70,2,0.0,,,
688,1.0040,-0.1112,0.0065,3.001,black,1.000,72.16,1,1,1,0,10.38,3,3.2,32|33,715,715
695,1.0040,-0.1195,0.0188,2.997,good,0.041,1.85,0,0,0,0,13.22,2,0.0,,,
697,1.0040,-0.1171,0.1076,2.927,broken,0.819,3.11,1,1,1,0,14.18,2,2.4,45,708,708
691,1.0080,-0.1138,-0.0948,2.977,good,0.000,2.91,0,0,0,0,11.83,3,0.0,,,
692,1.0080,-0.1121,0.1737,3.001,good,0.000,4.32,0,0,0,0,10.67,3,0.0,,,
693,1.0080,-0.1103,-0.2004,3.029,good,0.000,3.28,0,0,0,0,9.41,3,0.0,,,
694,1.0080,-0.1089,-0.1446,3.224,good,0.015,2.69,0,0,0,0,4.78,3,0.0,,,
696,1.0080,-0.1091,0.1560,3.000,shell,0.994,5.19,1,1,1,0,9.71,3,2.4,51|52,697,697
698,1.0080,-0.1197,0.0505,3.002,good,0.359,3.67,0,0,0,0,13.18,2,0.0,,,
701,1.0120,-0.1157,-0.0013,3.042,good,0.012,2.75,0,0,0,0,10.91,2,0.0,,,
699,1.0160,-0.1149,-0.0923,3.065,good,0.001,2.19,0,0,0,0,10.10,3,0.0,,,
700,1.0160,-0.1082,-0.0152,2.953,broken,0.816,3.06,1,1,1,0,10.50,3,2.4,30|29,694|703,703
703,1.0160,-0.1195,-0.1457,3.011,good,0.016,2.04,0,0,0,0,12.90,2,0.0,,,
707,1.0160,-0.1035,0.0020,3.000,good,0.011,2.74,0,0,0,0,7.84,1,0.0,,,
702,1.0200,-0.1110,-0.1106,2.992,good,0.019,3.77,0,0,0,0,10.51,3,0.0,,,
704,1.0200,-0.1197,0.0337,2.937,sour,1.000,13.53,1,1,1,0,14.80,2,3.2,36,717,
706,1.0200,-0.1170,0.1856,3.097,shell,0.754,4.99,1,1,1,0,10.05,2,2.4,55,713,
705,1.0240,-0.1087,0.0661,2.979,shell,0.738,4.81,1,1,1,0,10.07,3,2.4,40,728,
709,1.0240,-0.1186,-0.2293,2.996,good,0.002,3.70,0,0,0,0,12.96,2,0.0,,,
710,1.0240,-0.1181,0.1500,2.997,good,0.001,2.29,0,0,0,0,12.76,2,0.0,,,
711,1.0240,-0.1169,0.0921,3.028,good,0.307,15.17,0,0,0,0,11.61,2,0.0,,,
708,1.0280,-0.1091,-0.1762,3.009,broken,0.974,4.22,1,1,1,0,9.49,3,2.4,9,711,711
714,1.0280,-0.1196,-0.1255,3.085,good,0.117,4.25,0,0,0,0,11.18,2,0.0,,,
715,1.0280,-0.1199,0.1479,2.864,good,0.407,2.14,0,0,0,0,16.76,2,0.0,,,
716,1.0280,-0.1179,-0.1614,3.025,broken,0.843,3.10,1,1,1,0,12.02,2,2.4,11,744,744
717,1.0280,-0.1181,0.0902,2.992,good,0.045,1.43,0,0,0,0,12.89,2,0.0,,,
712,1.0320,-0.1116,0.1956,2.999,good,0.001,4.38,0,0,0,0,10.56,3,0.0,,,
713,1.0320,-0.1088,0.2270,2.975,good,0.082,1.43,0,0,0,0,10.21,3,0.0,,,
718,1.0360,-0.1150,0.1440,3.079,good,0.026,4.23,0,0,0,0,9.83,3,0.0,,,
719,1.0360,-0.1117,-0.0734,3.304,broken,0.997,2.76,1,1,1,0,4.09,3,2.4,22,751,751
720,1.0360,-0.1139,0.1816,2.940,broken,0.522,4.74,1,1,1,0,12.78,3,2.4,55,719,719
721,1.0360,-0.1123,-0.1454,3.058,broken,0.613,3.93,1,1,1,0,9.42,3,2.4,13,737,737
723,1.0360,-0.1162,0.1555,2.978,broken,0.774,3.65,1,1,1,0,12.60,2,2.4,51|52,732,732
724,1.0360,-0.1164,-0.0066,2.995,good,0.033,2.89,0,0,0,0,12.27,2,0.0,,,
722,1.0400,-0.1081,0.0780,3.016,good,0.005,2.95,0,0,0,0,9.01,3,0.0,,,
725,1.0440,-0.1084,-0.0781,2.988,broken,0.621,4.29,1,1,1,0,9.74,3,2.4,21|22,731|733,731|733
726,1.0440,-0.1130,0.0634,3.005,faded,0.879,9.72,1,1,1,0,10.90,2,3.2,40|39,730|739|755,730|739|755
727,1.0440,-0.1164,-0.1831,3.000,broken,0.631,2.64,1,1,1,0,12.16,2,2.4,8,743,743
733,1.0480,-0.1192,-0.1046,2.998,faded,0.999,4.77,1,1,1,0,13.13,2,3.2,18,741,741
734,1.0480,-0.1173,0.0060,3.002,broken,0.645,2.22,1,1,1,0,12.38,2,2.4,32,748,
728,1.0520,-0.1149,-0.2230,3.021,good,0.014,4.54,0,0,0,0,11.13,3,0.0,,,
729,1.0520,-0.1140,0.1967,2.999,good,0.000,3.16,0,0,0,0,11.36,3,0.0,,,
730,1.0520,-0.1107,-0.1577,3.021,sour,1.000,12.82,1,1,1,0,9.75,3,3.2,11|12,752,752
731,1.0520,-0.1096,-0.0335,2.999,shell,0.999,3.97,1,1,1,0,9.87,3,2.4,27,740,740
732,1.0520,-0.1088,0.2422,3.017,shell,0.958,4.02,1,1,1,0,9.20,3,2.4,63|62,742,742
739,1.0520,-0.1187,0.2309,3.004,shell,0.817,4.75,1,1,1,0,12.81,2,2.4,61,756,756
735,1.0560,-0.1152,-0.0080,2.998,good,0.125,8.63,0,0,0,0,11.79,3,0.0,,,
736,1.0560,-0.1126,-0.2169,2.996,good,0.004,3.20,0,0,0,0,10.95,3,0.0,,,
737,1.0560,-0.1128,-0.0162,2.999,broken,0.563,4.04,1,1,1,0,10.96,3,2.4,29|30,735,735
738,1.0560,-0.1084,0.1560,3.006,shell,0.995,4.46,1,1,1,0,9.34,3,2.4,51|52,749,749
741,1.0560,-0.1196,-0.0247,3.001,faded,0.772,4.07,1,1,1,0,13.19,2,3.2,28|29,753,753
742,1.0560,-0.1170,0.0338,3.034,good,0.002,3.87,0,0,0,0,11.52,2,0.0,,,
740,1.0600,-0.1141,0.0439,3.073,broken,0.779,2.86,1,1,1,0,9.65,3,2.4,37,767,767
743,1.0640,-0.1130,-0.1072,2.974,good,0.201,2.64,0,0,0,0,11.63,3,0.0,,,
744,1.0640,-0.1087,-0.1873,2.995,broken,0.999,3.41,1,1,1,0,9.69,3,2.4,8|7,765,765
745,1.0640,-0.1087,0.2016,2.999,black,1.000,52.05,1,1,1,0,9.61,3,3.2,57|58,759,759
749,1.0640,-0.1183,0.0029,2.992,good,0.283,5.29,0,0,0,0,12.95,2,0.0,,,
750,1.0640,-0.1157,-0.1503,3.001,sour,1.000,12.12,1,1,1,0,11.88,2,3.2,12,773,773
746,1.0680,-0.1151,0.1620,2.712,good,0.012,2.22,0,0,0,0,19.33,3,0.0,,,
747,1.0680,-0.1119,0.1314,2.852,faded,0.999,5.83,1,1,1,0,14.31,3,3.2,48|49,760,760
748,1.0680,-0.1102,0.0694,3.001,good,0.001,3.21,0,0,0,0,10.03,3,0.0,,,
757,1.0680,-0.1196,-0.0203,2.993,faded,0.997,5.38,1,1,1,0,13.35,2,3.2,29,782,782
758,1.0680,-0.1197,0.1226,2.789,good,0.004,4.83,0,0,0,0,18.80,2,0.0,,,
759,1.0680,-0.1165,-0.2350,3.009,good,0.263,5.61,0,0,0,0,11.94,2,0.0,,,
760,1.0680,-0.1159,0.0589,2.997,good,0.020,2.38,0,0,0,0,12.02,2,0.0,,,
751,1.0720,-0.1161,0.2276,3.002,good,0.004,3.45,0,0,0,0,11.99,3,0.0,,,
752,1.0720,-0.1140,-0.2117,3.047,good,0.021,3.72,0,0,0,0,10.24,3,0.0,,,
753,1.0720,-0.1145,-0.0697,2.762,good,0.214,2.46,0,0,0,0,17.64,3,0.0,,,
754,1.0720,-0.1350,-0.1740,3.000,husk,1.000,92.06,1,1,1,0,10.33,1,2.4,9,,
755,1.0720,-0.1094,-0.0847,2.967,good,0.127,3.42,0,0,0,0,10.56,3,0.0,,,
756,1.0720,-0.1090,-0.0370,2.992,shell,0.997,5.38,1,1,1,0,9.87,3,2.4,27,771,771
761,1.0760,-0.1158,0.2061,3.006,good,0.357,4.36,0,0,0,0,11.80,3,0.0,,,
765,1.0760,-0.1181,0.1868,2.987,insect,1.000,3.59,1,1,1,0,13.01,2,3.1,55|56,766,
762,1.0800,-0.1133,0.0811,2.990,broken,0.659,3.49,1,1,1,0,11.36,3,2.4,42,797,797
763,1.0800,-0.1118,-0.0446,2.999,good,0.002,2.54,0,0,0,0,10.64,3,0.0,,,
764,1.0800,-0.1096,-0.0137,2.970,faded,0.600,4.56,1,1,1,0,10.56,3,3.2,30,780,780
766,1.0840,-0.1107,-0.1518,3.007,good,0.029,2.55,0,0,0,0,10.07,3,0.0,,,
768,1.0840,-0.1180,0.0659,3.097,good,0.373,3.86,0,0,0,0,10.37,2,0.0,,,
769,1.0840,-0.1195,-0.0805,3.000,shell,0.994,5.40,1,1,1,0,13.18,2,2.4,21,769,769
767,1.0880,-0.1171,0.0924,2.731,good,0.500,4.54,0,0,0,0,19.48,3,0.0,,,
774,1.0880,-0.1180,0.1313,2.990,shell,1.000,4.80,1,1,1,0,12.89,2,2.4,48|49,784,784
770,1.0920,-0.1123,-0.1714,2.999,good,0.002,3.43,0,0,0,0,10.78,3,0.0,,,
771,1.0920,-0.1131,-0.0105,2.996,good,0.090,4.84,0,0,0,0,11.13,3,0.0,,,
772,1.0920,-0.1073,0.1208,3.450,good,0.001,3.02,0,0,0,0,0.09,3,0.0,,,
773,1.0920,-0.1099,-0.0519,2.963,faded,0.999,5.98,1,1,1,0,10.85,3,3.2,25,778,
775,1.0920,-0.1178,0.0836,3.011,shell,0.980,3.75,1,1,1,0,12.34,2,2.4,42,800,800
776,1.0920,-0.1165,0.0290,2.987,good,0.444,1.97,0,0,0,0,12.47,2,0.0,,,
780,1.0960,-0.1173,-0.0781,2.993,good,0.093,3.33,0,0,0,0,12.61,2,0.0,,,
781,1.0960,-0.1118,-0.0854,2.988,faded,0.967,4.35,1,1,1,0,10.88,2,2.6,21|20,807,
777,1.1000,-0.1105,-0.1389,3.000,good,0.151,2.73,0,0,0,0,10.17,3,0.0,,,
778,1.1000,-0.1105,0.2002,3.001,good,0.006,2.69,0,0,0,0,10.14,3,0.0,,,
779,1.1000,-0.1106,-0.0225,2.992,good,0.241,3.93,0,0,0,0,10.39,3,0.0,,,
785,1.1000,-0.1174,0.2090,3.010,good,0.017,3.28,0,0,0,0,12.22,2,0.0,,,
782,1.1040,-0.1151,-0.2142,3.003,good,0.354,5.89,0,0,0,0,11.63,3,0.0,,,
783,1.1040,-0.1143,0.1095,2.935,good,0.014,2.97,0,0,0,0,13.03,3,0.0,,,
784,1.1040,-0.1085,0.0505,2.994,good,0.148,5.80,0,0,0,0,9.64,3,0.0,,,
786,1.1080,-0.1096,-0.0304,2.993,good,0.005,2.45,0,0,0,0,10.04,3,0.0,,,
790,1.1080,-0.1200,0.1012,2.904,good,0.000,3.91,0,0,0,0,15.74,2,0.0,,,
791,1.1080,-0.1195,0.1665,2.995,faded,1.000,5.00,1,1,1,0,13.26,2,3.2,53,827,827
787,1.1120,-0.1118,-0.0386,3.000,good,0.280,3.74,0,0,0,0,10.60,3,0.0,,,
788,1.1120,-0.1099,-0.0993,3.014,good,0.012,2.74,0,0,0,0,9.64,3,0.0,,,
789,1.1120,-0.1098,-0.0101,2.998,good,0.015,3.82,0,0,0,0,9.96,3,0.0,,,
796,1.1120,-0.1191,-0.0767,2.998,broken,0.950,4.02,1,1,1,0,13.07,2,2.4,22|21,831,831
797,1.1120,-0.1192,-0.1127,2.963,broken,0.924,4.21,1,1,1,0,13.99,2,2.4,17,815,815
798,1.1120,-0.1155,0.2036,3.024,good,0.007,3.67,0,0,0,0,11.28,2,0.0,,,
805,1.1120,-0.1083,0.1051,3.000,good,0.000,3.80,0,0,0,0,9.43,1,0.0,,,
792,1.1160,-0.1106,-0.1658,3.086,good,0.003,2.44,0,0,0,0,8.23,3,0.0,,,
793,1.1160,-0.1128,-0.1231,2.814,good,0.346,3.14,0,0,0,0,15.62,3,0.0,,,
794,1.1160,-0.1342,-0.1462,3.000,shell,0.999,6.92,1,1,1,0,10.07,1,2.4,13,,
795,1.1160,-0.1084,0.1298,3.006,good,0.000,3.46,0,0,0,0,9.34,3,0.0,,,
803,1.1160,-0.1181,0.2101,2.995,good,0.003,5.30,0,0,0,0,12.81,2,0.0,,,
804,1.1160,-0.1218,-0.1426,3.000,shell,1.000,7.27,1,1,1,0,9.95,1,2.4,13,803,
809,1.1160,-0.1095,-0.1391,3.000,shell,1.000,7.11,1,1,1,0,9.83,1,2.4,14|13,826,
799,1.1200,-0.1108,-0.0594,3.297,shell,0.971,6.01,1,1,1,0,3.93,3,2.4,24,822,
800,1.1200,-0.1114,0.1355,3.212,good,0.325,2.07,0,0,0,0,5.82,3,0.0,,,
801,1.1200,-0.1102,0.0768,3.010,good,0.043,4.74,0,0,0,0,9.83,3,0.0,,,
802,1.1200,-0.1105,-0.1366,3.006,broken,0.980,4.21,1,1,1,0,10.03,3,2.4,14,803,803
807,1.1200,-0.1193,-0.2170,3.009,good,0.104,2.79,0,0,0,0,12.88,2,0.0,,,
808,1.1200,-0.1193,-0.0242,3.020,good,0.071,3.74,0,0,0,0,12.63,2,0.0,,,
806,1.1240,-0.1102,0.0574,2.999,shell,0.999,4.74,1,1,1,0,10.09,3,2.4,39,833,833
811,1.1240,-0.1163,0.0896,3.086,broken,0.680,3.25,1,1,1,0,10.08,2,2.4,43,836,
810,1.1280,-0.1155,0.0382,3.004,faded,1.000,5.30,1,1,1,0,11.75,3,3.2,36|37,810,810
813,1.1280,-0.1192,-0.1531,2.998,good,0.012,3.04,0,0,0,0,13.12,2,0.0,,,
814,1.1280,-0.1163,0.0104,3.005,good,0.000,4.44,0,0,0,0,11.96,2,0.0,,,
812,1.1320,-0.1154,-0.1281,3.013,broken,0.768,2.54,1,1,1,0,11.50,3,2.4,15,829,829
820,1.1320,-0.1193,0.1302,2.992,good,0.005,2.70,0,0,0,0,13.29,2,0.0,,,
821,1.1320,-0.1169,0.1513,3.004,sour,1.000,16.79,1,1,1,0,12.22,2,3.2,51,820,820
815,1.1360,-0.1147,-0.2227,3.012,good,0.008,2.25,0,0,0,0,11.28,3,0.0,,,
816,1.1360,-0.1121,0.0306,2.994,good,0.000,3.17,0,0,0,0,10.83,3,0.0,,,
817,1.1360,-0.1118,0.0882,3.061,good,0.003,4.04,0,0,0,0,9.17,3,0.0,,,
818,1.1360,-0.1109,-0.2144,3.081,shell,0.925,5.20,1,1,1,0,8.47,3,2.4,4,842,842
819,1.1360,-0.1103,-0.0522,3.003,broken,0.556,2.18,1,1,1,0,10.06,3,2.4,25,834,834
824,1.1360,-0.1196,0.0844,3.000,good,0.063,3.00,0,0,0,0,13.19,2,0.0,,,
822,1.1400,-0.1134,-0.1999,3.004,good,0.116,2.74,0,0,0,0,11.05,3,0.0,,,
823,1.1400,-0.1084,0.0414,3.036,broken,0.875,3.92,1,1,1,0,8.65,3,2.4,37,830,830
825,1.1400,-0.1186,-0.1265,3.002,good,0.182,3.39,0,0,0,0,12.82,2,0.0,,,
827,1.1440,-0.1190,0.1224,2.998,good,0.025,5.07,0,0,0,0,13.04,2,0.0,,,
828,1.1440,-0.1180,-0.2081,3.022,broken,0.988,2.80,1,1,1,0,12.13,2,2.4,5,844,
829,1.1440,-0.1168,-0.1373,2.994,good,0.432,2.70,0,0,0,0,12.39,2,0.0,,,
830,1.1440,-0.1149,-0.1747,3.001,good,0.009,4.99,0,0,0,0,11.64,2,0.0,,,
826,1.1480,-0.1103,-0.0375,3.004,good,0.001,3.02,0,0,0,0,10.00,3,0.0,,,
831,1.1520,-0.1125,-0.0812,2.997,good,0.231,8.45,0,0,0,0,10.91,3,0.0,,,
832,1.1520,-0.1113,0.0959,3.015,sour,1.000,20.53,1,1,1,0,10.07,3,3.2,44,858,858
833,1.1520,-0.1111,0.1084,2.989,good,0.000,3.21,0,0,0,0,10.62,3,0.0,,,
834,1.1560,-0.1154,0.1875,3.006,broken,0.877,3.96,1,1,1,0,11.67,3,2.4,55|56,841,841
835,1.1560,-0.1133,-0.2216,3.135,good,0.014,3.85,0,0,0,0,8.01,3,0.0,,,
836,1.1560,-0.1101,-0.0610,3.013,good,0.270,5.62,0,0,0,0,9.73,3,0.0,,,
837,1.1560,-0.1122,0.2008,2.997,shell,1.000,4.96,1,1,1,0,10.82,3,2.4,57,852,852
839,1.1560,-0.1131,-0.1391,3.004,stick,1.000,61.52,1,1,1,0,10.95,2,2.4,14|13,851,851
840,1.1560,-0.1171,0.1082,3.005,good,0.000,1.77,0,0,0,0,12.24,2,0.0,,,
838,1.1600,-0.1114,-0.0826,3.002,good,0.076,2.22,0,0,0,0,10.41,3,0.0,,,
841,1.1640,-0.1130,-0.0939,2.935,good,0.004,3.25,0,0,0,0,12.56,3,0.0,,,
842,1.1640,-0.1109,0.2219,2.961,good,0.021,5.28,0,0,0,0,11.21,3,0.0,,,
843,1.1640,-0.1067,0.1632,3.450,faded,0.884,7.74,1,1,1,0,-0.08,3,2.4,52|53,916,
846,1.1640,-0.1177,0.0274,2.996,good,0.005,3.24,0,0,0,0,12.68,2,0.0,,,
844,1.1680,-0.1130,-0.0336,2.979,good,0.209,8.30,0,0,0,0,11.49,3,0.0,,,
845,1.1680,-0.1099,-0.2081,3.000,good,0.028,3.18,0,0,0,0,9.95,3,0.0,,,
847,1.1720,-0.1393,0.1212,3.000,broken,0.554,3.89,1,1,1,0,11.78,1,2.4,47,,
848,1.1720,-0.1155,0.1927,3.002,shell,0.984,3.79,1,1,1,0,11.79,3,2.4,56,874,
849,1.1720,-0.1139,-0.1129,3.008,shell,1.000,7.08,1,1,1,0,11.12,3,2.4,17,875,875
850,1.1720,-0.1105,-0.1988,3.001,black,1.000,51.87,1,1,1,0,10.14,3,3.2,6,885,885
851,1.1720,-0.1102,-0.0617,3.045,good,0.060,4.65,0,0,0,0,9.04,3,0.0,,,
852,1.1720,-0.1089,0.1995,2.994,broken,0.916,2.97,1,1,1,0,9.76,3,2.4,57,880,880
854,1.1720,-0.1188,-0.0648,3.052,broken,0.751,2.50,1,1,1,0,11.67,2,2.4,23,869,869
855,1.1720,-0.1314,0.1183,3.000,good,0.256,3.71,0,0,0,0,13.14,1,0.0,,,
853,1.1760,-0.1095,-0.1472,3.002,good,0.591,4.19,1,1,1,0,9.80,3,2.8,13|12,888,888
858,1.1760,-0.1235,0.1154,3.000,good,0.293,3.71,0,0,0,0,10.50,1,0.0,,,
861,1.1760,-0.1155,0.1125,3.000,good,0.092,3.66,0,0,0,0,11.85,1,0.0,,,
856,1.1800,-0.1086,-0.1811,3.032,good,0.001,4.06,0,0,0,0,8.80,3,0.0,,,
857,1.1800,-0.1082,0.2204,2.981,black,1.000,51.03,1,1,1,0,9.83,3,3.2,60,866,866
859,1.1800,-0.1182,0.0095,3.005,good,0.017,6.55,0,0,0,0,12.62,2,0.0,,,
860,1.1800,-0.1194,-0.1713,3.000,shell,0.886,5.07,1,1,1,0,13.13,2,2.4,10|9,863,863
867,1.1800,-0.1076,0.1097,3.000,good,0.111,3.99,0,0,0,0,9.21,1,0.0,,,
864,1.1840,-0.1190,-0.1188,3.006,good,0.016,2.90,0,0,0,0,12.85,2,0.0,,,
865,1.1840,-0.1183,-0.1394,2.998,broken,0.845,3.66,1,1,1,0,12.82,2,2.4,14|13,884,884
866,1.1840,-0.1185,-0.2140,2.886,insect,0.999,3.95,1,1,1,0,15.72,2,3.1,4,862,
862,1.1880,-0.1155,0.0583,3.005,good,0.116,4.13,0,0,0,0,11.72,3,0.0,,,
863,1.1880,-0.1149,-0.0419,2.954,broken,0.999,4.29,1,1,1,0,12.74,3,2.4,26,899,899
868,1.1920,-0.1160,0.1986,3.005,good,0.056,4.59,0,0,0,0,11.88,3,0.0,,,
869,1.1920,-0.1151,0.0266,3.000,faded,0.949,4.06,1,1,1,0,11.69,3,3.2,35,902,902
874,1.1920,-0.1163,-0.0684,3.166,good,0.043,3.54,0,0,0,0,8.32,2,0.0,,,
870,1.1960,-0.1125,0.0435,2.979,husk,1.000,8.65,1,1,1,0,11.31,3,2.4,37,882,
871,1.1960,-0.1110,-0.2073,3.001,good,0.002,3.80,0,0,0,0,10.31,3,0.0,,,
872,1.1960,-0.1083,0.1184,3.286,good,0.059,2.09,0,0,0,0,3.39,3,0.0,,,
873,1.1960,-0.1087,0.0172,3.050,shell,0.973,4.47,1,1,1,0,8.42,3,2.4,34|33,890,890
878,1.1960,-0.1195,0.1719,2.933,good,0.001,3.23,0,0,0,0,14.82,2,0.0,,,
879,1.1960,-0.1132,-0.0271,3.335,good,0.155,3.47,0,0,0,0,3.92,2,0.0,,,
875,1.2000,-0.1160,0.1961,2.983,good,0.535,5.20,1,1,1,0,12.42,3,2.4,57|56,881,
876,1.2000,-0.1115,-0.0797,3.001,good,0.004,3.18,0,0,0,0,10.48,3,0.0,,,
877,1.2000,-0.1104,-0.1363,3.052,good,0.106,2.09,0,0,0,0,8.97,3,0.0,,,
881,1.2000,-0.1192,0.0184,3.004,good,0.336,2.64,0,0,0,0,12.97,2,0.0,,,
880,1.2040,-0.1098,0.2087,2.952,good,0.017,7.90,0,0,0,0,11.07,3,0.0,,,
882,1.2040,-0.1081,0.1140,3.002,broken,0.887,3.93,1,1,1,0,9.33,3,2.4,46,891,891
886,1.2040,-0.1168,-0.0899,3.002,good,0.001,3.00,0,0,0,0,12.22,2,0.0,,,
887,1.2040,-0.1180,-0.1060,2.883,broken,0.922,3.68,1,1,1,0,15.62,2,2.4,18,895,895
883,1.2080,-0.1130,-0.2284,2.977,good,0.011,4.31,0,0,0,0,11.55,3,0.0,,,
884,1.2080,-0.1143,0.1225,3.005,good,0.005,2.19,0,0,0,0,11.33,3,0.0,,,
885,1.2080,-0.1100,-0.1294,3.176,good,0.337,2.47,0,0,0,0,6.14,3,0.0,,,
888,1.2080,-0.1171,0.0020,2.920,sour,1.000,12.33,1,1,1,0,14.36,2,3.2,32,919,
892,1.2120,-0.1180,0.0978,2.987,good,0.004,3.18,0,0,0,0,12.97,2,0.0,,,
889,1.2160,-0.1136,-0.0854,2.967,good,0.000,3.07,0,0,0,0,12.01,3,0.0,,,
890,1.2160,-0.1142,0.0070,2.999,good,0.011,1.68,0,0,0,0,11.41,3,0.0,,,
891,1.2160,-0.1113,-0.0387,2.996,good,0.008,3.71,0,0,0,0,10.53,3,0.0,,,
899,1.2160,-0.1169,0.2189,3.015,good,0.313,3.45,0,0,0,0,11.94,2,0.0,,,
893,1.2200,-0.1144,-0.0176,3.017,good,0.016,4.07,0,0,0,0,11.05,3,0.0,,,
894,1.2200,-0.1154,-0.1769,3.000,good,0.001,3.05,0,0,0,0,11.79,3,0.0,,,
895,1.2200,-0.1117,-0.1385,3.146,good,0.099,4.46,0,0,0,0,7.29,3,0.0,,,
896,1.2200,-0.1089,-0.1473,3.003,black,1.000,47.40,1,1,1,0,9.55,3,3.2,13|12,914,914
897,1.2200,-0.1200,-0.2299,2.928,good,0.096,3.38,0,0,0,0,11.14,2,0.0,,,
898,1.2200,-0.1081,0.2079,2.997,good,0.010,3.24,0,0,0,0,9.45,3,0.0,,,
903,1.2200,-0.1180,0.0800,3.025,good,0.449,3.33,0,0,0,0,12.08,2,0.0,,,
907,1.2200,-0.1163,-0.1442,3.000,broken,0.999,6.52,1,1,1,0,12.09,1,2.4,13,929,
908,1.2200,-0.1083,-0.2350,3.000,good,0.068,3.31,0,0,0,0,9.44,1,0.0,,,
900,1.2240,-0.1160,-0.1164,2.987,good,0.002,3.82,0,0,0,0,12.32,3,0.0,,,
901,1.2240,-0.1268,0.0541,2.994,faded,0.999,5.39,1,1,1,0,11.73,2,3.2,38|39,,
902,1.2240,-0.1086,-0.2133,3.010,good,0.327,3.95,0,0,0,0,9.32,3,0.0,,,
906,1.2240,-0.1169,0.1021,2.986,good,0.000,2.68,0,0,0,0,12.63,2,0.0,,,
912,1.2240,-0.1148,0.0584,3.000,faded,1.000,5.32,1,1,1,0,11.59,1,3.2,39,935,
904,1.2280,-0.1169,-0.2261,2.806,good,0.170,4.10,0,0,0,0,17.29,3,0.0,,,
905,1.2280,-0.1121,-0.1750,3.000,good,0.004,2.59,0,0,0,0,10.70,3,0.0,,,
911,1.2280,-0.1156,-0.0713,2.998,good,0.001,3.89,0,0,0,0,11.92,2,0.0,,,
909,1.2320,-0.1129,0.2209,3.001,good,0.000,2.41,0,0,0,0,10.94,3,0.0,,,
910,1.2320,-0.1113,-0.1478,2.979,good,0.317,7.17,0,0,0,0,10.93,3,0.0,,,
913,1.2360,-0.1140,-0.1471,2.998,good,0.096,3.68,0,0,0,0,11.39,3,0.0,,,
914,1.2360,-0.1110,0.0126,3.004,good,0.019,3.95,0,0,0,0,10.23,3,0.0,,,
915,1.2400,-0.1101,-0.1160,2.942,good,0.003,3.07,0,0,0,0,11.40,3,0.0,,,
916,1.2400,-0.1245,0.0656,2.629,broken,0.983,3.87,1,1,1,0,21.39,2,2.4,40,,
917,1.2400,-0.1090,0.0360,3.018,broken,0.850,3.32,1,1,1,0,9.24,3,2.4,36,936,936
920,1.2400,-0.1169,-0.1731,2.992,good,0.023,4.35,0,0,0,0,12.50,2,0.0,,,
926,1.2400,-0.1140,0.0695,3.000,broken,0.906,3.55,1,1,1,0,11.34,1,2.4,40|41,908,
918,1.2440,-0.1111,-0.0161,2.980,good,0.190,3.14,0,0,0,0,10.82,3,0.0,,,
919,1.2440,-0.1091,0.1280,2.997,good,0.080,3.49,0,0,0,0,9.75,3,0.0,,,
924,1.2440,-0.1183,0.1714,3.000,good,0.002,3.84,0,0,0,0,12.75,2,0.0,,,
925,1.2440,-0.1171,-0.0528,3.006,good,0.003,3.36,0,0,0,0,12.21,2,0.0,,,
921,1.2480,-0.1137,-0.1774,2.716,broken,0.955,2.80,1,1,1,0,18.69,3,2.4,9,930,
922,1.2480,-0.1110,0.1623,2.999,faded,0.996,6.72,1,1,1,0,10.37,3,3.2,52,927,927
923,1.2480,-0.1100,0.1409,3.009,broken,0.631,4.97,1,1,1,0,9.78,3,2.4,50|49,932,932
929,1.2480,-0.1181,0.0327,2.992,good,0.003,4.03,0,0,0,0,12.88,2,0.0,,,
930,1.2480,-0.1160,0.1210,3.012,good,0.007,5.39,0,0,0,0,11.73,2,0.0,,,
927,1.2520,-0.1116,0.1133,3.010,broken,0.989,3.16,1,1,1,0,10.31,3,2.4,46,937,937
928,1.2520,-0.1089,-0.0944,3.069,good,0.272,3.24,0,0,0,0,8.08,3,0.0,,,
931,1.2560,-0.1153,-0.1414,3.071,broken,0.918,4.65,1,1,1,0,10.11,3,2.4,13|14,968,968
932,1.2560,-0.1154,0.0818,2.996,good,0.104,3.18,0,0,0,0,11.89,3,0.0,,,
933,1.2560,-0.1152,0.2172,2.972,good,0.045,10.08,0,0,0,0,12.41,3,0.0,,,
934,1.2560,-0.1119,0.1663,2.992,good,0.107,5.24,0,0,0,0,10.81,3,0.0,,,
935,1.2560,-0.1106,-0.0864,2.995,good,0.286,4.09,0,0,0,0,10.33,3,0.0,,,
941,1.2560,-0.1190,0.0255,3.450,broken,0.932,2.67,1,1,1,0,3.48,2,2.4,35,1000,
942,1.2560,-0.1170,-0.0674,2.994,faded,0.979,5.07,1,1,1,0,12.49,2,3.2,23,955,955
943,1.2560,-0.1161,-0.2407,3.005,good,0.136,5.12,0,0,0,0,11.90,2,0.0,,,
936,1.2600,-0.1152,-0.2136,2.941,broken,0.992,5.18,1,1,1,0,13.17,3,2.4,4,952,952
937,1.2600,-0.1141,-0.1003,3.118,broken,0.875,3.86,1,1,1,0,8.68,3,2.4,19|18,980,980
938,1.2600,-0.1115,0.1235,3.016,good,0.049,2.42,0,0,0,0,10.15,3,0.0,,,
939,1.2600,-0.1105,0.2007,3.003,good,0.002,2.92,0,0,0,0,10.11,3,0.0,,,
940,1.2600,-0.1085,-0.1761,3.000,good,0.020,4.14,0,0,0,0,9.50,3,0.0,,,
947,1.2600,-0.1190,-0.2247,2.716,good,0.056,4.89,0,0,0,0,20.63,2,0.0,,,
949,1.2600,-0.1012,0.1724,3.000,broken,0.902,2.45,1,1,1,0,7.08,1,2.4,54|53,959,
944,1.2640,-0.1156,-0.1728,2.752,broken,0.809,3.55,1,1,1,0,18.32,3,2.4,9|10,967,
945,1.2640,-0.1124,0.0730,3.006,good,0.002,3.42,0,0,0,0,10.65,3,0.0,,,
946,1.2640,-0.1123,-0.0127,2.998,good,0.006,4.26,0,0,0,0,10.83,3,0.0,,,
948,1.2680,-0.1096,-0.1882,2.990,good,0.008,3.56,0,0,0,0,10.10,3,0.0,,,
954,1.2680,-0.1189,-0.0311,2.997,good,0.000,4.38,0,0,0,0,13.03,2,0.0,,,
950,1.2720,-0.1262,-0.0136,3.131,good,0.498,2.46,0,0,0,0,8.26,2,0.0,,,
951,1.2720,-0.1121,-0.0467,3.001,good,0.054,2.92,0,0,0,0,10.66,3,0.0,,,
952,1.2720,-0.1116,-0.0193,2.830,good,0.001,4.65,0,0,0,0,14.76,3,0.0,,,
953,1.2720,-0.1111,0.2311,3.002,good,0.002,3.62,0,0,0,0,10.33,3,0.0,,,
955,1.2760,-0.1155,0.1707,3.056,good,0.007,2.24,0,0,0,0,10.53,3,0.0,,,
956,1.2760,-0.1125,-0.1760,3.353,good,0.321,4.16,0,0,0,0,3.37,3,0.0,,,
957,1.2760,-0.1165,0.1881,2.812,black,1.000,51.66,1,1,1,0,16.99,3,3.2,56|55,973,
958,1.2760,-0.1149,-0.0771,2.814,broken,0.522,3.25,1,1,1,0,16.37,3,2.4,22|21,990,
962,1.2760,-0.1170,-0.1367,2.984,sour,1.000,11.33,1,1,1,0,12.71,2,3.2,14,963,963
959,1.2800,-0.1100,0.1133,3.301,faded,0.770,3.38,1,1,1,0,3.60,3,2.7,46,988,
960,1.2800,-0.1081,-0.2362,3.003,broken,0.742,3.33,1,1,1,0,9.29,3,2.4,1,987,987
961,1.2800,-0.1083,0.0696,2.991,shell,0.999,3.99,1,1,1,0,9.62,3,2.4,40|41,989,989
965,1.2800,-0.1170,0.0866,3.340,good,0.000,2.04,0,0,0,0,4.96,2,0.0,,,
963,1.2840,-0.1107,0.2193,3.016,good,0.001,7.59,0,0,0,0,9.87,3,0.0,,,
964,1.2840,-0.1112,0.0216,2.982,good,0.396,3.49,0,0,0,0,10.82,3,0.0,,,
966,1.2880,-0.1159,0.0546,3.008,broken,0.929,2.81,1,1,1,0,11.77,3,2.4,38|39,998,
967,1.2880,-0.1109,-0.0750,3.016,good,0.000,2.33,0,0,0,0,9.93,3,0.0,,,
968,1.2880,-0.1104,0.2334,2.874,good,0.060,3.23,0,0,0,0,13.19,3,0.0,,,
969,1.2880,-0.1171,-0.1933,3.003,good,0.030,6.58,0,0,0,0,12.29,2,0.0,,,
972,1.2920,-0.1191,-0.1926,3.224,good,0.009,3.17,0,0,0,0,7.97,2,0.0,,,
973,1.2920,-0.1189,0.0240,2.999,good,0.008,1.76,0,0,0,0,13.01,2,0.0,,,
970,1.2960,-0.1136,0.0048,3.005,good,0.003,3.77,0,0,0,0,11.08,3,0.0,,,
971,1.2960,-0.1137,-0.1076,2.924,good,0.025,2.17,0,0,0,0,13.09,3,0.0,,,
974,1.3000,-0.1165,-0.0201,2.923,broken,0.644,4.87,1,1,1,0,14.06,3,2.4,29,999,999
975,1.3000,-0.1169,0.1036,2.824,good,0.001,3.97,0,0,0,0,16.78,3,0.0,,,
976,1.3000,-0.1075,-0.1886,3.211,broken,0.963,5.37,1,1,1,0,4.63,3,2.4,7|8,1003,
979,1.3000,-0.1196,-0.1380,3.016,good,0.004,2.77,0,0,0,0,12.82,2,0.0,,,
977,1.3040,-0.1133,-0.1891,3.001,good,0.005,3.35,0,0,0,0,11.09,3,0.0,,,
978,1.3040,-0.1101,-0.0786,2.992,black,1.000,46.92,1,1,1,0,10.23,3,3.2,21|22,1008,1008
980,1.3040,-0.1082,-0.0667,3.067,broken,0.503,2.69,1,1,1,0,7.89,3,2.4,23,996,
981,1.3040,-0.1084,-0.0291,2.997,broken,0.661,3.56,1,1,1,0,9.53,3,2.4,28,992,992
986,1.3040,-0.1160,-0.1015,3.216,broken,0.999,2.74,1,1,1,0,7.14,2,2.4,19|18,1021,
982,1.3080,-0.1154,-0.2166,2.996,shell,0.973,5.27,1,1,1,0,11.88,3,2.4,4,1007,1007
983,1.3080,-0.1149,-0.1619,3.025,good,0.003,3.45,0,0,0,0,11.04,3,0.0,,,
984,1.3080,-0.1083,-0.0364,3.442,shell,0.994,3.71,1,1,1,0,0.51,3,2.4,27,995,995
985,1.3080,-0.1082,-0.0218,3.000,good,0.188,2.85,0,0,0,0,9.42,3,0.0,,,
987,1.3120,-0.1144,0.1359,2.990,good,0.001,2.57,0,0,0,0,11.72,3,0.0,,,
988,1.3120,-0.1090,-0.0209,2.998,good,0.001,2.30,0,0,0,0,9.71,3,0.0,,,
990,1.3120,-0.1163,-0.0836,3.006,sour,1.000,16.92,1,1,1,0,11.94,2,3.2,21,1002,
991,1.3120,-0.1144,0.0623,2.990,good,0.470,5.61,0,0,0,0,11.69,2,0.0,,,
989,1.3160,-0.1137,-0.2320,3.022,good,0.001,2.31,0,0,0,0,10.70,3,0.0,,,
996,1.3160,-0.1199,-0.1618,3.000,good,0.073,3.00,0,0,0,0,13.30,2,0.0,,,
997,1.3160,-0.1176,0.0062,2.988,sour,1.000,12.53,1,1,1,0,12.83,2,3.2,32,1018,1018
992,1.3200,-0.1123,-0.0898,3.008,shell,0.987,4.99,1,1,1,0,10.58,3,2.4,20,1027,1027
993,1.3200,-0.1113,-0.1537,2.912,good,0.448,2.19,0,0,0,0,12.57,3,0.0,,,
994,1.3200,-0.1101,-0.0612,3.003,broken,0.561,2.70,1,1,1,0,9.96,3,2.4,24|23,1035,1035
995,1.3200,-0.1097,0.2374,3.021,good,0.002,3.26,0,0,0,0,9.42,3,0.0,,,
1000,1.3200,-0.1186,-0.2142,3.016,good,0.003,2.72,0,0,0,0,12.49,2,0.0,,,
1001,1.3200,-0.1185,0.0968,3.072,good,0.008,2.28,0,0,0,0,11.15,2,0.0,,,
998,1.3240,-0.1094,-0.0401,3.102,good,0.106,4.85,0,0,0,0,7.49,3,0.0,,,
999,1.3240,-0.1107,0.0297,2.977,broken,0.877,4.38,1,1,1,0,10.77,3,2.4,35|36,1010,1010
1004,1.3240,-0.1151,-0.0890,3.004,good,0.070,2.48,0,0,0,0,11.61,2,0.0,,,
1002,1.3280,-0.1120,-0.1193,3.005,good,0.002,3.71,0,0,0,0,10.53,3,0.0,,,
1003,1.3280,-0.1129,0.1786,2.980,good,0.000,2.12,0,0,0,0,11.44,3,0.0,,,
1008,1.3280,-0.1197,-0.0631,2.814,good,0.001,2.77,0,0,0,0,18.06,2,0.0,,,
1005,1.3320,-0.1149,-0.2101,2.988,good,0.242,4.72,0,0,0,0,11.93,3,0.0,,,
1006,1.3320,-0.1140,0.1944,2.957,good,0.096,1.79,0,0,0,0,12.38,3,0.0,,,
1007,1.3320,-0.1120,0.0966,2.998,good,0.001,4.01,0,0,0,0,10.72,3,0.0,,,
1011,1.3320,-0.1167,0.2325,3.044,good,0.041,5.43,0,0,0,0,11.20,2,0.0,,,
1009,1.3360,-0.1128,0.1183,3.000,sour,1.000,17.91,1,1,1,0,10.94,3,3.2,47|46,1024,1024
1010,1.3360,-0.1101,-0.1749,2.871,black,1.000,52.97,1,1,1,0,13.17,3,3.2,9,1046,
1014,1.3360,-0.1175,0.2080,3.077,good,0.017,3.83,0,0,0,0,10.70,2,0.0,,,
1012,1.3400,-0.1119,-0.1146,3.005,good,0.002,2.91,0,0,0,0,10.51,3,0.0,,,
1013,1.3400,-0.1083,0.1188,2.949,broken,0.617,3.87,1,1,1,0,10.61,3,2.4,47,1036,1036
1019,1.3440,-0.1176,-0.0922,2.993,black,1.000,50.77,1,1,1,0,12.70,2,3.2,20,1031,1031
1015,1.3480,-0.1136,0.0790,2.994,black,1.000,47.42,1,1,1,0,11.35,3,3.2,42|41,1038,1038
1016,1.3480,-0.1137,0.1290,3.002,good,0.002,4.40,0,0,0,0,11.18,3,0.0,,,
1017,1.3480,-0.1097,-0.1265,2.967,good,0.011,3.26,0,0,0,0,10.68,3,0.0,,,
1018,1.3480,-0.1101,-0.0130,3.000,shell,1.000,4.82,1,1,1,0,10.04,3,2.4,30,1058,1058
1022,1.3480,-0.1284,-0.1003,3.000,good,0.308,6.30,0,0,0,0,12.12,1,0.0,,,
1029,1.3480,-0.1132,-0.1032,3.000,shell,0.985,4.31,1,1,1,0,11.07,1,2.4,18,1044,1044
1020,1.3520,-0.1106,0.1916,3.000,good,0.056,3.29,0,0,0,0,10.21,3,0.0,,,
1021,1.3520,-0.1110,-0.0421,3.008,shell,0.999,5.02,1,1,1,0,10.14,3,2.4,26,1050,1050
1027,1.3520,-0.1182,-0.2099,2.997,good,0.447,4.48,0,0,0,0,12.80,2,0.0,,,
1028,1.3520,-0.1121,-0.0982,2.331,good,0.145,3.37,0,0,0,0,30.99,2,0.0,,,
1023,1.3560,-0.1139,-0.1013,2.933,good,0.007,2.80,0,0,0,0,12.92,3,0.0,,,
1024,1.3560,-0.1134,-0.0869,2.989,good,0.000,2.89,0,0,0,0,11.40,3,0.0,,,
1025,1.3560,-0.1106,0.1853,3.116,broken,0.515,2.23,1,1,1,0,7.58,3,2.4,55,1048,1048
1026,1.3560,-0.1115,-0.0116,2.999,sour,1.000,15.46,1,1,1,0,10.53,3,3.2,30,1047,1047
1031,1.3560,-0.1189,-0.2025,3.003,broken,0.618,4.66,1,1,1,0,12.89,2,2.4,6|5,1053,
1032,1.3560,-0.1174,-0.0804,3.000,broken,0.973,3.72,1,1,1,0,12.47,2,2.4,21,1057,1057
1033,1.3560,-0.1170,0.0637,3.000,broken,0.998,2.59,1,1,1,0,12.34,2,2.4,40|39,1040,
1034,1.3560,-0.1164,0.1138,3.014,good,0.119,2.41,0,0,0,0,11.79,2,0.0,,,
1030,1.3600,-0.1119,0.1930,2.993,good,0.014,6.77,0,0,0,0,10.80,3,0.0,,,
1037,1.3600,-0.1198,-0.1608,3.099,broken,0.687,9.16,1,1,1,0,10.94,2,2.4,11,1066,
1038,1.3600,-0.1179,-0.1775,2.994,black,1.000,50.64,1,1,1,0,12.78,2,3.2,9,1061,1061
1039,1.3600,-0.1173,0.1011,3.017,shell,0.507,3.59,1,1,1,0,12.03,2,2.4,44|45,1062,1062
1040,1.3600,-0.1162,-0.1249,2.998,good,0.024,2.90,0,0,0,0,12.11,2,0.0,,,
1041,1.3600,-0.1167,-0.0730,3.006,good,0.374,5.13,0,0,0,0,12.07,2,0.0,,,
1035,1.3640,-0.1150,-0.2279,2.998,good,0.006,3.56,0,0,0,0,11.71,3,0.0,,,
1036,1.3640,-0.1095,0.0384,2.992,good,0.460,3.74,0,0,0,0,10.03,3,0.0,,,
1044,1.3640,-0.1195,-0.0285,2.988,broken,0.871,2.13,1,1,1,0,13.46,2,2.4,28,1065,1065
1050,1.3640,-0.1075,-0.1565,3.000,broken,0.521,9.16,1,1,1,0,9.15,1,2.4,11|12,1066,
1042,1.3680,-0.1076,0.1882,3.114,good,0.000,3.66,0,0,0,0,6.66,3,0.0,,,
1043,1.3680,-0.1088,0.0273,3.011,broken,0.986,3.57,1,1,1,0,9.35,3,2.4,35,1060,
1049,1.3680,-0.1184,0.2062,3.016,sour,1.000,12.20,1,1,1,0,12.40,2,3.2,58,1077,1077
1045,1.3720,-0.1391,-0.2169,3.000,good,0.003,3.13,0,0,0,0,11.70,1,0.0,,,
1046,1.3720,-0.1150,0.0863,2.990,good,0.183,2.66,0,0,0,0,11.88,3,0.0,,,
1047,1.3720,-0.1104,0.1661,2.992,broken,0.764,3.31,1,1,1,0,10.33,3,2.4,53,1051,1051
1048,1.3720,-0.1093,-0.1623,2.969,shell,0.998,5.17,1,1,1,0,10.50,3,2.4,11,1059,1059
1051,1.3720,-0.1308,-0.2143,3.000,good,0.005,3.07,0,0,0,0,12.92,1,0.0,,,
1054,1.3760,-0.1180,0.1223,2.991,broken,0.940,5.74,1,1,1,0,12.89,2,2.4,47,1067,1067
1055,1.3760,-0.1224,-0.2116,3.000,good,0.003,3.04,0,0,0,0,10.15,1,0.0,,,
1060,1.3760,-0.1141,-0.2090,3.000,good,0.264,3.27,0,0,0,0,11.36,1,0.0,,,
1052,1.3800,-0.1140,0.0790,3.044,good,0.010,3.20,0,0,0,0,10.30,3,0.0,,,
1053,1.3800,-0.1104,-0.0985,2.997,good,0.475,2.55,0,0,0,0,10.23,3,0.0,,,
1058,1.3800,-0.1194,-0.0881,3.008,broken,0.584,5.98,1,1,1,0,12.95,2,2.4,20,1081|1087,1081
1059,1.3800,-0.1190,0.1994,2.976,good,0.335,3.88,0,0,0,0,13.58,2,0.0,,,
1063,1.3800,-0.1058,-0.2064,3.000,good,0.003,3.00,0,0,0,0,8.59,1,0.0,,,
1056,1.3840,-0.1147,0.1573,2.988,good,0.002,2.18,0,0,0,0,11.84,3,0.0,,,
1057,1.3840,-0.1126,0.1751,2.989,good,0.003,2.09,0,0,0,0,11.14,3,0.0,,,
1062,1.3840,-0.1179,0.0611,3.072,good,0.088,3.27,0,0,0,0,10.94,2,0.0,,,
1061,1.3880,-0.1117,0.0077,3.050,black,1.000,50.99,1,1,1,0,9.41,3,3.2,32|33,1070,
1070,1.3880,-0.1159,0.1215,2.998,good,0.015,2.66,0,0,0,0,12.01,2,0.0,,,
1064,1.3920,-0.1158,-0.0258,2.987,good,0.002,4.64,0,0,0,0,12.25,3,0.0,,,
1065,1.3920,-0.1146,0.1282,3.004,good,0.002,3.78,0,0,0,0,11.43,3,0.0,,,
1066,1.3920,-0.1138,0.1361,2.996,insect,0.849,3.04,1,1,1,0,11.36,3,3.1,49,1106,1106
1067,1.3920,-0.1114,-0.1696,2.903,good,0.028,7.41,0,0,0,0,12.84,3,0.0,,,
1068,1.3920,-0.1111,-0.0429,3.003,good,0.000,3.03,0,0,0,0,10.29,3,0.0,,,
1069,1.3920,-0.1113,0.0931,3.003,good,0.004,1.77,0,0,0,0,10.37,3,0.0,,,
1074,1.3920,-0.1142,-0.1531,2.859,good,0.009,5.87,0,0,0,0,14.92,2,0.0,,,
1075,1.3920,-0.1150,0.1161,2.996,good,0.040,9.41,0,0,0,0,11.75,2,0.0,,,
1083,1.3920,-0.0996,0.0047,3.000,black,1.000,51.01,1,1,1,0,6.52,1,3.2,32,1070,
1071,1.3960,-0.1150,0.0329,3.083,broken,0.931,3.27,1,1,1,0,9.76,3,2.4,36,1117,
1072,1.3960,-0.1150,-0.0199,2.984,broken,0.999,3.43,1,1,1,0,12.05,3,2.4,29,1078,1078
1073,1.3960,-0.1103,-0.0667,2.956,good,0.423,4.45,0,0,0,0,11.13,3,0.0,,,
1082,1.3960,-0.1164,-0.0080,3.160,good,0.226,4.39,0,0,0,0,8.47,2,0.0,,,
1076,1.4000,-0.1151,-0.2254,3.000,good,0.003,2.64,0,0,0,0,11.70,3,0.0,,,
1077,1.4000,-0.1140,-0.1787,3.052,broken,0.706,2.15,1,1,1,0,10.12,3,2.4,9|8,1110,1110
1078,1.4000,-0.1141,-0.0969,3.002,good,0.033,1.96,0,0,0,0,11.32,3,0.0,,,
1079,1.4000,-0.1126,-0.1415,3.000,good,0.376,5.30,0,0,0,0,10.87,3,0.0,,,
1080,1.4000,-0.1164,-0.1096,2.455,good,0.216,2.14,0,0,0,0,28.18,3,0.0,,,
1081,1.4000,-0.1136,-0.0835,2.554,shell,0.983,4.39,1,1,1,0,23.61,3,2.4,21,1086,
1086,1.4000,-0.1180,0.1573,2.958,good,0.003,2.11,0,0,0,0,13.69,2,0.0,,,
1084,1.4040,-0.1115,-0.0049,3.001,broken,0.739,5.29,1,1,1,0,10.48,3,2.4,31,1082,1082
1085,1.4040,-0.1090,0.2253,3.007,good,0.024,2.80,0,0,0,0,9.51,3,0.0,,,
1090,1.4040,-0.1170,-0.2011,3.019,good,0.010,2.92,0,0,0,0,11.87,2,0.0,,,
1091,1.4040,-0.1170,-0.1341,3.113,good,0.083,3.30,0,0,0,0,9.72,2,0.0,,,
1087,1.4080,-0.1132,0.1555,2.994,good,0.023,3.79,0,0,0,0,11.19,3,0.0,,,
1088,1.4080,-0.1122,-0.1102,2.954,good,0.005,3.69,0,0,0,0,11.83,3,0.0,,,
1089,1.4080,-0.1126,-0.0696,3.012,sour,1.000,12.44,1,1,1,0,10.59,3,3.2,23|22,1097,1097
1094,1.4080,-0.1180,0.1831,2.977,good,0.001,3.82,0,0,0,0,13.23,2,0.0,,,
1099,1.4080,-0.1046,-0.1381,3.000,good,0.432,3.95,0,0,0,0,8.21,1,0.0,,,
1092,1.4120,-0.1142,0.1440,3.000,broken,0.981,4.01,1,1,1,0,11.41,3,2.4,50,1099,1099
1093,1.4120,-0.1159,0.2077,2.794,broken,0.700,4.87,1,1,1,0,17.26,3,2.4,58,1113,1113
1097,1.4120,-0.1179,-0.1603,3.371,good,0.176,4.03,0,0,0,0,4.65,2,0.0,,,
1098,1.4120,-0.1145,-0.0334,3.056,good,0.100,19.68,1,1,1,0,10.18,2,9.0,27|28|26,1112|1130,1130
1095,1.4160,-0.1126,-0.1724,3.012,good,0.007,7.49,0,0,0,0,10.58,3,0.0,,,
1096,1.4160,-0.1098,-0.1105,3.135,good,0.015,3.96,0,0,0,0,6.93,3,0.0,,,
1100,1.4160,-0.1153,0.1160,3.004,good,0.001,4.15,0,0,0,0,11.66,2,0.0,,,
1102,1.4200,-0.1153,-0.0705,2.903,good,0.389,6.89,0,0,0,0,14.18,2,0.0,,,
1103,1.4200,-0.1175,-0.1355,3.000,good,0.000,3.28,0,0,0,0,12.51,2,0.0,,,
1101,1.4240,-0.1089,0.1328,3.005,broken,0.551,3.97,1,1,1,0,9.51,3,2.4,48|49,1111,1111
1107,1.4240,-0.1188,0.1941,2.999,good,0.011,2.02,0,0,0,0,12.97,2,0.0,,,
1104,1.4280,-0.1150,-0.1810,2.978,faded,1.000,6.45,1,1,1,0,12.18,3,3.2,8|9,1136,1136
1105,1.4280,-0.1101,0.0175,3.436,good,0.386,3.24,0,0,0,0,1.16,3,0.0,,,
1106,1.4280,-0.1110,0.1447,3.016,good,0.358,4.03,0,0,0,0,9.94,3,0.0,,,
1111,1.4280,-0.1197,-0.0946,2.984,broken,0.736,2.02,1,1,1,0,13.62,2,2.4,19|20,1135,1135
1108,1.4320,-0.1118,-0.0853,3.079,good,0.002,2.86,0,0,0,0,8.80,3,0.0,,,
1109,1.4320,-0.1105,-0.0169,3.002,good,0.255,3.12,0,0,0,0,10.13,3,0.0,,,
1110,1.4320,-0.1091,0.1097,2.996,good,0.035,2.91,0,0,0,0,9.80,3,0.0,,,
1117,1.4320,-0.1182,-0.2065,3.000,good,0.004,3.78,0,0,0,0,12.74,2,0.0,,,
1112,1.4360,-0.1135,0.2271,3.027,good,0.002,3.41,0,0,0,0,10.52,3,0.0,,,
1113,1.4360,-0.1369,-0.0717,3.000,faded,0.914,4.88,1,1,1,0,10.97,1,3.0,22|23,,
1114,1.4360,-0.1114,0.0064,2.999,good,0.007,2.75,0,0,0,0,10.48,3,0.0,,,
1115,1.4360,-0.1092,0.2115,2.979,broken,0.834,3.31,1,1,1,0,10.20,3,2.4,59|58,1146,1146
1116,1.4360,-0.1088,-0.1211,3.001,insect,1.000,4.88,1,1,1,0,9.58,3,3.1,16,1134,1134
1118,1.4360,-0.1192,-0.1381,3.085,good,0.009,1.96,0,0,0,0,11.05,2,0.0,,,
1119,1.4360,-0.1165,-0.0289,3.144,broken,0.568,3.19,1,1,1,0,8.84,2,2.4,28,1142,
1120,1.4360,-0.1228,-0.0682,3.000,faded,0.934,4.90,1,1,1,0,10.27,1,2.9,23,,
1125,1.4360,-0.1087,-0.0647,3.000,faded,0.899,4.76,1,1,1,0,9.58,1,3.2,23,1133,
1124,1.4400,-0.1196,0.0569,2.999,good,0.002,3.67,0,0,0,0,13.25,2,0.0,,,
1121,1.4440,-0.1186,0.1915,2.652,good,0.278,3.02,0,0,0,0,22.41,3,0.0,,,
1122,1.4440,-0.1144,-0.0527,2.853,good,0.013,2.37,0,0,0,0,15.13,3,0.0,,,
1123,1.4440,-0.1092,-0.1623,2.998,broken,0.964,3.73,1,1,1,0,9.78,3,2.4,11,1145,1145
1129,1.4480,-0.1176,0.0036,3.003,good,0.108,3.55,0,0,0,0,12.46,2,0.0,,,
1130,1.4480,-0.1182,-0.1628,3.011,good,0.147,3.53,0,0,0,0,12.46,2,0.0,,,
1131,1.4480,-0.1127,-0.0091,3.189,good,0.076,4.83,0,0,0,0,6.69,2,0.0,,,
1126,1.4520,-0.1136,0.1079,2.996,faded,0.998,5.75,1,1,1,0,11.30,3,3.2,45|46,1138,1138
1127,1.4520,-0.1112,0.0123,3.134,good,0.005,2.84,0,0,0,0,7.37,3,0.0,,,
1128,1.4520,-0.1095,-0.0478,2.994,broken,0.541,3.74,1,1,1,0,9.98,3,2.4,25|26,1153,1153
1133,1.4520,-0.1194,0.1240,3.001,broken,0.995,4.09,1,1,1,0,13.12,2,2.4,47|48,1161,1161
1132,1.4560,-0.1141,0.2266,2.828,good,0.020,2.24,0,0,0,0,15.73,3,0.0,,,
1134,1.4560,-0.1095,0.2084,2.876,faded,0.802,5.28,1,1,1,0,12.83,3,2.6,58,1158,1158
1143,1.4600,-0.1028,0.2299,3.000,good,0.020,2.23,0,0,0,0,7.60,1,0.0,,,
1135,1.4640,-0.1269,0.0911,2.326,good,0.109,3.62,0,0,0,0,33.55,2,0.0,,,
1136,1.4640,-0.1084,0.1261,2.987,good,0.018,3.20,0,0,0,0,9.76,3,0.0,,,
1149,1.4640,-0.1176,0.0945,3.000,good,0.010,3.85,0,0,0,0,12.54,1,0.0,,,
1137,1.4680,-0.1394,0.0808,3.000,good,0.000,1.86,0,0,0,0,11.80,1,0.0,,,
1138,1.4680,-0.1154,-0.1426,3.003,good,0.075,6.34,0,0,0,0,11.73,3,0.0,,,
1139,1.4680,-0.1148,0.0220,2.816,good,0.156,2.12,0,0,0,0,16.30,3,0.0,,,
1140,1.4680,-0.1369,0.0899,3.000,good,0.002,2.67,0,0,0,0,10.96,1,0.0,,,
1141,1.4680,-0.1108,-0.0858,2.995,broken,0.651,2.21,1,1,1,0,10.37,3,2.4,21|20,1154,1154
1142,1.4680,-0.1085,0.0647,2.998,good,0.000,3.28,0,0,0,0,9.55,3,0.0,,,
1146,1.4680,-0.1130,0.0082,3.188,good,0.282,8.63,0,0,0,0,6.82,2,0.0,,,
1147,1.4680,-0.1175,0.0346,2.939,broken,0.663,2.80,1,1,1,0,14.02,2,2.4,36,1164,1164
1148,1.4680,-0.1159,0.0843,2.785,good,0.048,7.32,0,0,0,0,17.51,2,0.0,,,
1144,1.4720,-0.1150,0.0673,3.027,good,0.016,2.24,0,0,0,0,11.02,3,0.0,,,
1145,1.4720,-0.1108,0.1805,2.996,faded,0.996,5.77,1,1,1,0,10.35,3,3.2,55|54,1173,1173
1152,1.4720,-0.1167,0.1997,2.998,good,0.032,3.52,0,0,0,0,12.28,2,0.0,,,
1158,1.4720,-0.1035,0.0252,3.000,good,0.402,2.04,0,0,0,0,7.84,1,0.0,,,
1150,1.4760,-0.1144,-0.0123,3.003,good,0.005,4.99,0,0,0,0,11.40,3,0.0,,,
1151,1.4760,-0.1123,-0.2239,3.009,good,0.023,3.12,0,0,0,0,10.56,3,0.0,,,
1156,1.4760,-0.1193,0.2234,2.846,good,0.494,3.48,0,0,0,0,17.04,2,0.0,,,
1157,1.4760,-0.1183,-0.1030,3.056,good,0.002,2.39,0,0,0,0,11.43,2,0.0,,,
1153,1.4800,-0.1146,0.1194,3.003,good,0.155,4.31,0,0,0,0,11.48,3,0.0,,,
1154,1.4800,-0.1128,-0.1365,2.991,good,0.001,6.49,0,0,0,0,11.13,3,0.0,,,
1155,1.4800,-0.1147,0.1499,2.897,broken,0.981,4.21,1,1,1,0,14.12,3,2.4,51|50,1168,1168
1162,1.4800,-0.1186,-0.1847,3.020,good,0.017,2.40,0,0,0,0,12.41,2,0.0,,,
1163,1.4800,-0.1195,0.1299,2.967,good,0.012,2.27,0,0,0,0,14.00,2,0.0,,,
1164,1.4800,-0.1176,-0.0022,2.993,good,0.016,4.75,0,0,0,0,12.73,2,0.0,,,
1159,1.4840,-0.1376,-0.0199,3.000,broken,0.997,3.16,1,1,1,0,11.19,1,2.4,29,,
1160,1.4840,-0.1095,0.0097,3.201,broken,0.989,2.63,1,1,1,0,5.46,3,2.4,33,1170,
1161,1.4840,-0.1092,-0.2159,2.935,shell,0.999,4.60,1,1,1,0,11.29,3,2.4,4,1186,1186
1170,1.4840,-0.1199,-0.0170,2.699,broken,0.595,8.47,1,1,1,0,21.49,2,2.4,29|30,1159|1177,
1172,1.4840,-0.1152,-0.1984,2.290,good,0.005,10.71,0,0,0,0,33.97,2,0.0,,,
1165,1.4880,-0.1262,-0.1159,2.921,good,0.023,5.67,0,0,0,0,13.46,2,0.0,,,
1166,1.4880,-0.1173,0.0366,2.776,broken,0.982,3.65,1,1,1,0,18.27,3,2.4,36,1166,
1167,1.4880,-0.1112,0.1348,3.366,good,0.231,4.71,0,0,0,0,2.73,3,0.0,,,
1168,1.4880,-0.1126,0.0570,2.995,good,0.005,4.63,0,0,0,0,10.98,3,0.0,,,
1169,1.4880,-0.1117,0.2225,3.008,good,0.012,2.83,0,0,0,0,10.36,3,0.0,,,
1171,1.4880,-0.1327,-0.2035,3.000,broken,0.983,6.05,1,1,1,0,9.58,1,2.4,5|6,,
1173,1.4880,-0.1177,-0.0049,2.993,good,0.055,4.81,0,0,0,0,12.75,2,0.0,,,
1175,1.4880,-0.1161,-0.1114,3.000,good,0.017,2.75,0,0,0,0,12.05,1,0.0,,,
1176,1.4880,-0.1127,-0.1188,3.000,good,0.457,4.76,0,0,0,0,10.90,1,0.0,,,
1174,1.4960,-0.1152,-0.0237,2.870,good,0.414,2.50,0,0,0,0,14.96,3,0.0,,,
1178,1.5000,-0.1166,-0.1631,2.985,broken,0.826,3.87,1,1,1,0,12.58,2,2.4,11|10,1191,1191
1177,1.5040,-0.1094,0.0576,2.950,good,0.012,4.61,0,0,0,0,11.00,3,0.0,,,
1184,1.5040,-0.1170,-0.2347,3.000,good,0.052,3.14,0,0,0,0,12.32,2,0.0,,,
1179,1.5080,-0.1130,0.1201,3.007,good,0.000,3.44,0,0,0,0,10.82,3,0.0,,,
1180,1.5080,-0.1117,-0.0490,2.935,broken,0.998,3.18,1,1,1,0,12.12,3,2.4,25,1197,
1181,1.5080,-0.1112,-0.0890,3.001,good,0.005,4.59,0,0,0,0,10.37,3,0.0,,,
1182,1.5080,-0.1087,-0.2002,3.006,good,0.010,2.92,0,0,0,0,9.43,3,0.0,,,
1183,1.5080,-0.1086,0.0348,3.000,faded,1.000,5.61,1,1,1,0,9.55,3,3.2,36,1208,
1189,1.5080,-0.1161,0.1591,2.974,faded,0.994,3.86,1,1,1,0,12.67,2,3.2,52,1223,1223
1190,1.5080,-0.1156,-0.1298,3.004,good,0.270,3.62,0,0,0,0,11.78,2,0.0,,,
1185,1.5120,-0.1158,0.1507,3.010,broken,0.677,5.42,1,1,1,0,11.69,3,2.4,51,1207,1207
1186,1.5120,-0.1154,0.2036,2.993,good,0.004,3.72,0,0,0,0,11.96,3,0.0,,,
1187,1.5120,-0.1112,-0.0191,2.960,good,0.000,2.42,0,0,0,0,11.34,3,0.0,,,
1188,1.5120,-0.1076,-0.1797,3.164,good,0.062,3.45,0,0,0,0,5.62,3,0.0,,,
1191,1.5160,-0.1160,0.2125,3.002,broken,0.899,3.24,1,1,1,0,11.95,3,2.4,59,1205,1205
1192,1.5160,-0.1192,-0.2307,2.567,shell,0.999,3.46,1,1,1,0,25.41,3,2.4,2,1215,
1193,1.5160,-0.1138,0.1269,3.007,good,0.074,3.27,0,0,0,0,11.10,3,0.0,,,
1197,1.5160,-0.1178,-0.2096,3.050,good,0.004,3.87,0,0,0,0,11.41,2,0.0,,,
1198,1.5160,-0.1190,-0.1167,3.038,good,0.406,2.69,0,0,0,0,12.09,2,0.0,,,
1199,1.5160,-0.1169,-0.0759,2.996,shell,0.999,4.40,1,1,1,0,12.38,2,2.4,22,1203,1203
1194,1.5200,-0.1125,0.1128,2.998,good,0.001,4.44,0,0,0,0,10.88,3,0.0,,,
1195,1.5200,-0.1106,-0.0350,3.002,good,0.012,3.47,0,0,0,0,10.13,3,0.0,,,
1196,1.5200,-0.1093,0.0179,3.053,broken,0.939,3.77,1,1,1,0,8.56,3,2.4,34,1206,
1201,1.5240,-0.1185,0.1005,2.995,good,0.002,2.25,0,0,0,0,12.94,2,0.0,,,
1202,1.5240,-0.1188,0.1444,3.065,good,0.299,3.88,0,0,0,0,11.37,2,0.0,,,
1200,1.5280,-0.1105,-0.2251,3.001,good,0.059,5.95,0,0,0,0,10.15,3,0.0,,,
1207,1.5280,-0.1180,0.1822,2.861,good,0.033,4.37,0,0,0,0,16.19,2,0.0,,,
1203,1.5320,-0.1155,-0.0157,2.949,good,0.005,4.33,0,0,0,0,13.06,3,0.0,,,
1204,1.5320,-0.1146,0.1445,3.169,shell,0.890,4.50,1,1,1,0,7.72,3,2.4,50,1247,
1205,1.5320,-0.1130,-0.0283,3.010,good,0.110,2.32,0,0,0,0,10.78,3,0.0,,,
1206,1.5320,-0.1092,-0.1642,3.009,shell,0.963,5.87,1,1,1,0,9.53,3,2.4,10|11,1219,1219
1209,1.5320,-0.1160,-0.0473,3.013,good,0.004,1.94,0,0,0,0,11.70,2,0.0,,,
1208,1.5360,-0.1105,0.0933,3.044,good,0.001,3.69,0,0,0,0,9.17,3,0.0,,,
1211,1.5360,-0.1199,-0.1004,3.001,faded,0.996,4.84,1,1,1,0,13.30,2,3.2,19|18,1227,1227
1210,1.5400,-0.1258,-0.0085,2.766,good,0.397,2.88,0,0,0,0,17.63,2,0.0,,,
1212,1.5400,-0.1109,0.1358,2.895,broken,0.924,3.57,1,1,1,0,12.84,3,2.4,49,1228,
1213,1.5400,-0.1078,0.1921,3.250,good,0.004,4.20,0,0,0,0,3.94,3,0.0,,,
1214,1.5400,-0.1098,0.0958,2.960,broken,0.994,2.36,1,1,1,0,10.89,3,2.4,44,1226,1226
1217,1.5400,-0.1170,-0.1636,2.896,good,0.015,2.43,0,0,0,0,14.93,2,0.0,,,
1224,1.5400,-0.1147,-0.0041,3.000,good,0.445,2.54,0,0,0,0,11.58,1,0.0,,,
1215,1.5440,-0.1139,-0.1075,3.025,sour,1.000,16.66,1,1,1,0,10.72,3,3.2,18,1245,1245
1216,1.5440,-0.1080,0.0705,3.248,good,0.013,2.16,0,0,0,0,4.05,3,0.0,,,
1220,1.5440,-0.1195,-0.1182,3.138,good,0.245,2.69,0,0,0,0,9.97,2,0.0,,,
1222,1.5440,-0.1185,0.1532,3.010,good,0.006,2.23,0,0,0,0,12.61,2,0.0,,,
1223,1.5440,-0.1186,-0.0531,3.014,good,0.201,4.31,0,0,0,0,12.53,2,0.0,,,
1218,1.5480,-0.1143,0.0994,2.993,good,0.207,1.97,0,0,0,0,11.60,3,0.0,,,
1219,1.5480,-0.1113,0.2351,3.016,good,0.348,5.19,0,0,0,0,10.06,3,0.0,,,
1221,1.5480,-0.1086,-0.1916,2.991,shell,0.563,5.37,1,1,1,0,9.75,3,2.4,7,1251,1251
1225,1.5520,-0.1166,0.1749,2.804,good,0.023,3.24,0,0,0,0,17.26,3,0.0,,,
1226,1.5520,-0.1263,0.1219,3.233,broken,0.990,4.74,1,1,1,0,6.00,2,2.4,47,,
1227,1.5520,-0.1098,0.0177,2.995,good,0.074,2.10,0,0,0,0,10.05,3,0.0,,,
1228,1.5520,-0.1218,0.0862,3.153,good,0.026,3.66,0,0,0,0,6.35,2,0.0,,,
1229,1.5520,-0.1086,-0.0345,3.002,good,0.005,3.30,0,0,0,0,9.49,3,0.0,,,
1231,1.5520,-0.1184,0.0321,2.999,good,0.182,2.97,0,0,0,0,12.82,2,0.0,,,
1232,1.5520,-0.1171,-0.1902,3.306,broken,0.969,5.80,1,1,1,0,5.67,2,2.4,7,1249,
1239,1.5520,-0.1183,0.1075,3.000,broken,0.566,4.01,1,1,1,0,12.77,1,2.4,45,1300,
1240,1.5520,-0.1122,0.1183,3.000,good,0.284,4.00,0,0,0,0,10.74,1,0.0,,,
1241,1.5520,-0.1091,0.0903,3.000,good,0.004,3.57,0,0,0,0,9.72,1,0.0,,,
1230,1.5560,-0.1337,0.1050,3.000,broken,0.539,3.87,1,1,1,0,9.89,1,2.4,45,,
1236,1.5560,-0.1180,-0.1878,3.006,good,0.358,2.75,0,0,0,0,12.53,2,0.0,,,
1237,1.5560,-0.1161,0.1975,2.994,good,0.047,2.78,0,0,0,0,12.19,2,0.0,,,
1238,1.5560,-0.1166,-0.1196,2.991,good,0.116,2.13,0,0,0,0,12.43,2,0.0,,,
1247,1.5560,-0.1029,0.1102,3.000,broken,0.811,4.16,1,1,1,0,7.63,1,2.4,46|45,1300,
1233,1.5600,-0.1147,-0.1203,2.996,good,0.003,4.44,0,0,0,0,11.67,3,0.0,,,
1234,1.5600,-0.1099,-0.0075,2.974,broken,0.618,4.79,1,1,1,0,10.58,3,2.4,31|30,1259,
1235,1.5600,-0.1087,0.2085,3.003,good,0.031,2.37,0,0,0,0,9.52,3,0.0,,,
1246,1.5600,-0.1197,-0.0019,2.893,broken,0.948,3.85,1,1,1,0,15.94,2,2.4,31,1248,
1242,1.5640,-0.1138,0.0726,2.817,broken,0.749,2.54,1,1,1,0,15.87,3,2.4,41,1281,
1243,1.5640,-0.1233,-0.1515,2.953,broken,0.998,2.93,1,1,1,0,11.62,2,2.4,12,,
1244,1.5640,-0.1106,0.2218,3.001,good,0.006,3.84,0,0,0,0,10.18,3,0.0,,,
1245,1.5640,-0.1082,0.1836,2.975,good,0.016,3.21,0,0,0,0,9.96,3,0.0,,,
1250,1.5640,-0.1155,0.1387,3.194,black,1.000,51.78,1,1,1,0,7.46,2,3.2,49,1258,
1256,1.5640,-0.1115,-0.1553,3.000,broken,0.999,2.82,1,1,1,0,10.50,1,2.4,12|11,1256,
1248,1.5680,-0.1259,-0.0825,2.894,good,0.211,11.86,0,0,0,0,14.04,2,0.0,,,
1249,1.5680,-0.1122,0.1063,3.010,good,0.003,5.59,0,0,0,0,10.48,3,0.0,,,
1253,1.5680,-0.1192,-0.1712,2.975,good,0.000,3.24,0,0,0,0,13.68,2,0.0,,,
1254,1.5680,-0.1190,0.2237,3.047,good,0.007,3.37,0,0,0,0,11.88,2,0.0,,,
1255,1.5680,-0.1163,-0.0292,2.998,good,0.382,3.46,0,0,0,0,12.15,2,0.0,,,
1260,1.5680,-0.1131,-0.0856,3.000,good,0.030,6.26,0,0,0,0,11.04,1,0.0,,,
1261,1.5680,-0.1167,-0.0736,3.000,good,0.011,2.71,0,0,0,0,12.25,1,0.0,,,
1251,1.5720,-0.1152,0.1500,2.851,good,0.122,3.67,0,0,0,0,15.48,3,0.0,,,
1252,1.5720,-0.1093,0.0475,3.012,good,0.001,2.20,0,0,0,0,9.50,3,0.0,,,
1259,1.5720,-0.1156,0.0944,3.446,good,0.228,4.88,0,0,0,0,2.55,2,0.0,,,
1257,1.5760,-0.1083,0.1082,3.099,good,0.088,1.80,0,0,0,0,7.20,3,0.0,,,
1258,1.5760,-0.1088,0.0702,3.036,good,0.042,3.72,0,0,0,0,8.77,3,0.0,,,
1263,1.5760,-0.1183,-0.0670,2.993,good,0.000,3.43,0,0,0,0,12.94,2,0.0,,,
1267,1.5760,-0.1018,0.0899,3.000,good,0.031,4.30,0,0,0,0,7.26,1,0.0,,,
1262,1.5800,-0.1081,-0.2250,2.984,good,0.005,4.38,0,0,0,0,9.73,3,0.0,,,
1265,1.5800,-0.1195,-0.2197,3.071,good,0.015,7.59,0,0,0,0,11.48,2,0.0,,,
1266,1.5800,-0.1151,-0.0395,3.001,good,0.002,2.41,0,0,0,0,11.66,2,0.0,,,
1264,1.5840,-0.1117,-0.0288,2.966,good,0.028,1.83,0,0,0,0,11.39,3,0.0,,,
1280,1.5840,-0.1097,-0.2234,3.000,good,0.216,3.56,0,0,0,0,9.90,1,0.0,,,
1281,1.5840,-0.1048,-0.2160,3.000,good,0.004,2.79,0,0,0,0,8.28,1,0.0,,,
1268,1.5880,-0.1179,-0.1324,2.558,sour,1.000,16.32,1,1,1,0,25.18,3,3.2,15|14,1275,
1269,1.5880,-0.1173,0.1240,2.702,shell,0.999,3.70,1,1,1,0,20.45,3,2.4,47|48,1297,
1270,1.5880,-0.1122,0.0056,3.072,good,0.342,7.39,0,0,0,0,9.07,3,0.0,,,
1271,1.5880,-0.1087,0.1432,2.855,good,0.040,3.35,0,0,0,0,13.11,3,0.0,,,
1278,1.5880,-0.1181,-0.1072,3.209,shell,0.636,7.03,1,1,1,0,7.95,2,2.4,18,1277,
1279,1.5880,-0.1170,-0.2218,2.987,good,0.431,4.12,0,0,0,0,12.66,2,0.0,,,
1272,1.5920,-0.1169,0.1916,2.801,good,0.603,13.17,1,1,1,0,17.43,3,2.4,56,1308,
1273,1.5920,-0.1122,0.1524,3.012,good,0.029,3.40,0,0,0,0,10.46,3,0.0,,,
1274,1.5920,-0.1125,-0.0655,2.992,broken,0.681,2.18,1,1,1,0,11.03,3,2.4,23,1268,1268
1275,1.5920,-0.1092,-0.1003,3.011,broken,0.982,3.33,1,1,1,0,9.47,3,2.4,19|18,1295,1295
1276,1.5920,-0.1080,0.2170,3.004,good,0.364,4.84,0,0,0,0,9.25,3,0.0,,,
1277,1.5920,-0.1081,0.1832,3.000,shell,0.921,3.33,1,1,1,0,9.38,3,2.4,55,1306,1306
1289,1.5920,-0.1076,-0.1352,3.000,sour,0.999,16.52,1,1,1,0,9.21,1,3.2,14,1275,
1282,1.5960,-0.1254,0.1832,2.852,good,0.001,2.03,0,0,0,0,15.04,2,0.0,,,
1283,1.5960,-0.1098,0.0947,3.001,broken,0.758,2.78,1,1,1,0,9.91,3,2.4,44|43,1309,1309
1284,1.5960,-0.1081,-0.2133,3.006,good,0.002,2.75,0,0,0,0,9.24,3,0.0,,,
1287,1.5960,-0.1188,-0.1635,2.989,good,0.013,3.30,0,0,0,0,13.21,2,0.0,,,
1291,1.5960,-0.1108,0.1863,3.000,good,0.006,7.29,0,0,0,0,10.28,1,0.0,,,
1285,1.6000,-0.1275,-0.1484,2.744,broken,0.996,9.56,1,1,1,0,18.91,2,2.4,13|12,,
1286,1.6000,-0.1122,-0.1902,2.998,good,0.050,4.17,0,0,0,0,10.78,3,0.0,,,
1288,1.6000,-0.1089,-0.1375,2.940,faded,0.988,3.78,1,1,1,0,11.06,3,3.2,14,1310,1310
1290,1.6000,-0.1180,0.1194,2.968,good,0.016,2.80,0,0,0,0,13.43,2,0.0,,,
1302,1.6000,-0.1165,-0.1453,3.000,broken,0.995,9.34,1,1,1,0,12.16,1,2.4,13,1230,
1294,1.6040,-0.1197,0.2309,2.827,good,0.003,8.72,0,0,0,0,17.73,2,0.0,,,
1298,1.6040,-0.1196,0.0666,3.204,good,0.177,2.08,0,0,0,0,8.53,2,0.0,,,
1299,1.6040,-0.1193,0.1593,3.039,good,0.003,2.93,0,0,0,0,12.16,2,0.0,,,
1300,1.6040,-0.1168,-0.1374,3.450,good,0.193,3.02,0,0,0,0,2.85,2,0.0,,,
1301,1.6040,-0.1152,0.0829,3.009,good,0.027,2.01,0,0,0,0,11.53,2,0.0,,,
1292,1.6080,-0.1144,0.2080,3.007,good,0.086,6.48,0,0,0,0,11.31,3,0.0,,,
1293,1.6080,-0.1112,0.1097,3.007,good,0.001,3.19,0,0,0,0,10.24,3,0.0,,,
1295,1.6080,-0.1101,-0.1563,3.001,good,0.015,3.77,0,0,0,0,10.01,3,0.0,,,
1296,1.6080,-0.1113,-0.1160,3.014,broken,0.983,3.49,1,1,1,0,10.13,3,2.4,17|16,1314,
1297,1.6080,-0.1099,-0.2409,3.002,good,0.009,7.24,0,0,0,0,9.90,3,0.0,,,
1303,1.6080,-0.1190,0.0041,3.002,good,0.072,2.83,0,0,0,0,12.96,2,0.0,,,
1304,1.6080,-0.1146,0.0505,3.450,good,0.004,4.14,0,0,0,0,2.20,2,0.0,,,
1308,1.6080,-0.1140,0.2321,3.000,good,0.024,3.29,0,0,0,0,11.32,1,0.0,,,
1307,1.6120,-0.1158,0.1056,3.450,good,0.114,2.49,0,0,0,0,2.56,2,0.0,,,
1305,1.6160,-0.1154,0.2110,2.998,good,0.002,2.90,0,0,0,0,11.85,3,0.0,,,
1306,1.6160,-0.1116,0.1541,2.870,good,0.010,2.21,0,0,0,0,13.70,3,0.0,,,
1310,1.6160,-0.1197,0.0337,3.117,broken,0.996,3.36,1,1,1,0,10.49,2,2.4,36,1311,
1311,1.6160,-0.1171,-0.0817,3.000,good,0.421,2.73,0,0,0,0,12.37,2,0.0,,,
1309,1.6200,-0.1364,0.2165,3.000,husk,1.000,15.50,1,1,1,0,10.79,1,2.4,59,,
1313,1.6200,-0.1184,0.1596,3.001,good,0.005,3.27,0,0,0,0,12.76,2,0.0,,,
1314,1.6200,-0.1153,-0.1660,3.012,good,0.005,5.87,0,0,0,0,11.46,2,0.0,,,
1315,1.6200,-0.1216,0.2193,3.000,husk,1.000,15.73,1,1,1,0,9.88,1,2.4,60|59,,
1320,1.6200,-0.1069,0.2222,3.000,husk,1.000,15.60,1,1,1,0,8.98,1,2.4,60,1374,
1321,1.6200,-0.1041,-0.0864,3.000,good,0.117,2.63,0,0,0,0,8.02,1,0.0,,,
1312,1.6240,-0.1126,0.1858,2.761,good,0.003,3.86,0,0,0,0,16.99,3,0.0,,,
1318,1.6240,-0.1178,0.0022,2.987,good,0.003,3.69,0,0,0,0,12.91,2,0.0,,,
1319,1.6240,-0.1154,0.0481,3.007,good,0.025,3.41,0,0,0,0,11.64,2,0.0,,,
1316,1.6280,-0.1161,-0.1202,3.001,broken,0.767,2.92,1,1,1,0,12.01,3,2.4,16,1340,1340
1317,1.6280,-0.1142,-0.2022,2.994,good,0.023,3.74,0,0,0,0,11.54,3,0.0,,,
1326,1.6280,-0.1154,0.1576,2.994,good,0.001,2.37,0,0,0,0,11.95,2,0.0,,,
1322,1.6320,-0.1142,0.1923,2.991,good,0.011,3.01,0,0,0,0,11.61,3,0.0,,,
1323,1.6320,-0.1139,-0.0292,2.970,good,0.425,4.23,0,0,0,0,12.03,3,0.0,,,
1324,1.6320,-0.1228,-0.1316,3.225,good,0.001,4.49,0,0,0,0,5.11,2,0.0,,,
1325,1.6320,-0.1108,0.0650,3.007,good,0.005,3.64,0,0,0,0,10.08,3,0.0,,,
1333,1.6320,-0.1099,-0.1283,3.000,good,0.001,4.48,0,0,0,0,9.97,1,0.0,,,
1327,1.6360,-0.1102,0.0692,3.001,good,0.001,4.15,0,0,0,0,10.05,3,0.0,,,
1330,1.6360,-0.1196,0.0772,3.018,faded,0.907,5.17,1,1,1,0,12.75,2,3.2,41|42,1322,1322
1332,1.6360,-0.1192,-0.2111,3.000,good,0.000,2.49,0,0,0,0,13.07,2,0.0,,,
1328,1.6400,-0.1142,0.1502,2.961,good,0.117,2.68,0,0,0,0,12.34,3,0.0,,,
1329,1.6400,-0.1087,0.0446,3.015,good,0.039,2.21,0,0,0,0,9.20,3,0.0,,,
1331,1.6400,-0.1086,0.1766,2.999,good,0.051,2.65,0,0,0,0,9.56,3,0.0,,,
1340,1.6400,-0.1184,0.0269,3.011,good,0.343,2.80,0,0,0,0,12.55,2,0.0,,,
1334,1.6440,-0.1150,-0.0732,3.006,good,0.008,4.09,0,0,0,0,11.52,3,0.0,,,
1335,1.6440,-0.1117,0.0796,3.001,good,0.002,2.77,0,0,0,0,10.54,3,0.0,,,
1336,1.6440,-0.1112,-0.1651,2.929,good,0.206,5.43,0,0,0,0,12.11,3,0.0,,,
1337,1.6440,-0.1207,-0.2232,3.450,good,0.014,4.15,0,0,0,0,-0.02,2,0.0,,,
1338,1.6440,-0.1088,-0.1862,3.005,good,0.003,3.56,0,0,0,0,9.48,3,0.0,,,
1339,1.6440,-0.1098,0.2202,2.917,good,0.310,3.07,0,0,0,0,11.91,3,0.0,,,
1345,1.6440,-0.1069,-0.2262,3.000,good,0.015,4.32,0,0,0,0,8.97,1,0.0,,,
1341,1.6480,-0.1156,0.0443,2.998,faded,0.939,5.31,1,1,1,0,11.91,3,3.1,37,1366,1366
1342,1.6520,-0.1112,-0.0265,3.018,good,0.080,3.74,0,0,0,0,9.96,3,0.0,,,
1343,1.6520,-0.1091,0.0272,3.040,sour,1.000,11.53,1,1,1,0,8.80,3,3.2,35,1348,
1344,1.6520,-0.1086,0.1710,2.997,good,0.007,2.62,0,0,0,0,9.61,3,0.0,,,
1347,1.6520,-0.1198,-0.1768,3.021,good,0.060,2.30,0,0,0,0,12.74,2,0.0,,,
1348,1.6520,-0.1199,-0.1213,3.162,husk,0.999,30.00,1,1,1,0,9.56,2,2.4,16,1352,1352
1346,1.6560,-0.1139,0.0626,3.004,good,0.001,1.95,0,0,0,0,11.23,3,0.0,,,
1349,1.6600,-0.1109,-0.1556,3.087,good,0.365,2.45,0,0,0,0,8.31,3,0.0,,,
1353,1.6600,-0.1180,-0.2151,2.937,good,0.023,5.08,0,0,0,0,14.22,2,0.0,,,
1354,1.6600,-0.1160,-0.1448,3.065,sour,0.988,10.67,1,1,1,0,10.46,2,3.2,13,1361|1370,1361
1350,1.6640,-0.1130,-0.1916,2.990,shell,0.889,3.54,1,1,1,0,11.25,3,2.4,7,1360,1360
1351,1.6640,-0.1158,-0.0572,2.396,good,0.394,6.17,0,0,0,0,30.05,3,0.0,,,
1352,1.6640,-0.1088,-0.0460,2.815,good,0.015,1.91,0,0,0,0,14.18,3,0.0,,,
1355,1.6640,-0.1184,0.0365,3.072,good,0.115,4.05,0,0,0,0,11.09,2,0.0,,,
1359,1.6680,-0.1187,-0.1182,3.139,shell,0.895,4.90,1,1,1,0,9.66,2,2.4,16|17,1368,
1356,1.6720,-0.1150,-0.0645,2.996,good,0.220,3.38,0,0,0,0,11.74,3,0.0,,,
1357,1.6720,-0.1148,-0.1672,2.877,sour,1.000,19.80,1,1,1,0,14.66,3,3.2,10,1387,
1358,1.6720,-0.1088,0.0699,3.016,good,0.000,2.95,0,0,0,0,9.23,3,0.0,,,
1361,1.6720,-0.1184,-0.0148,3.002,good,0.131,2.11,0,0,0,0,12.74,2,0.0,,,
1360,1.6760,-0.1224,-0.1900,3.384,good,0.031,4.26,0,0,0,0,1.73,2,0.0,,,
1363,1.6760,-0.1170,-0.0746,3.008,good,0.216,8.41,0,0,0,0,12.15,2,0.0,,,
1367,1.6760,-0.1089,-0.1929,3.000,good,0.046,4.24,0,0,0,0,9.62,1,0.0,,,
1362,1.6800,-0.1135,-0.0411,3.002,sour,1.000,12.33,1,1,1,0,11.11,3,3.2,26,1367,1367
1366,1.6800,-0.1200,-0.1247,3.008,good,0.118,3.10,0,0,0,0,13.12,2,0.0,,,
1364,1.6840,-0.1132,-0.0740,2.978,good,0.327,3.59,0,0,0,0,11.58,3,0.0,,,
1365,1.6840,-0.1106,0.1330,2.995,good,0.007,2.09,0,0,0,0,10.33,3,0.0,,,
1368,1.6880,-0.1191,-0.2271,2.482,black,1.000,52.67,1,1,1,0,28.26,3,3.2,2|3,1362,
1369,1.6880,-0.1128,-0.1840,3.160,good,0.164,3.29,0,0,0,0,7.36,3,0.0,,,
1370,1.6880,-0.1088,0.1730,2.999,good,0.498,6.68,0,0,0,0,9.64,3,0.0,,,
1371,1.6880,-0.1127,0.1490,2.590,good,0.083,3.86,0,0,0,0,22.11,3,0.0,,,
1372,1.6880,-0.1101,-0.0418,2.903,good,0.000,3.00,0,0,0,0,12.36,3,0.0,,,
1375,1.6880,-0.1314,0.2135,3.000,good,0.048,6.15,0,0,0,0,13.14,1,0.0,,,
1382,1.6880,-0.1164,0.2103,3.000,good,0.087,6.26,0,0,0,0,12.14,1,0.0,,,
1374,1.6920,-0.1120,-0.0624,3.016,good,0.016,3.88,0,0,0,0,10.30,3,0.0,,,
1380,1.6920,-0.1196,-0.0711,3.213,good,0.004,2.76,0,0,0,0,8.37,2,0.0,,,
1381,1.6920,-0.1183,0.0608,2.933,good,0.002,4.11,0,0,0,0,14.41,2,0.0,,,
1385,1.6920,-0.1015,0.2071,3.000,husk,0.885,6.76,1,1,1,0,7.16,1,2.4,58,1371,
1373,1.6960,-0.1110,0.1357,2.315,broken,0.909,2.86,1,1,1,0,31.14,4,2.4,49,1375,
1376,1.6960,-0.1173,-0.0637,2.912,shell,1.000,6.05,1,1,1,0,14.60,3,2.4,23|24,1414,1414
1377,1.6960,-0.1125,-0.1058,3.037,good,0.001,3.12,0,0,0,0,9.96,3,0.0,,,
1378,1.6960,-0.1125,0.1004,2.876,broken,0.998,4.85,1,1,1,0,13.88,3,2.4,44|45,1383,
1379,1.6960,-0.1106,0.0046,2.986,good,0.390,4.84,0,0,0,0,10.54,3,0.0,,,
1383,1.7000,-0.1123,-0.2033,3.002,good,0.134,2.99,0,0,0,0,10.70,3,0.0,,,
1384,1.7000,-0.1152,-0.1937,2.626,broken,0.917,3.07,1,1,1,0,21.94,3,2.4,7,1378,
1386,1.7000,-0.1153,0.1986,3.144,good,0.006,4.64,0,0,0,0,8.46,2,0.0,,,
1390,1.7040,-0.1155,0.1898,3.237,good,0.007,3.58,0,0,0,0,6.56,2,0.0,,,
1394,1.7040,-0.1047,-0.1908,3.000,broken,0.976,3.15,1,1,1,0,8.24,1,2.4,7,1378,
1387,1.7080,-0.1145,-0.1360,2.982,good,0.022,6.20,0,0,0,0,11.91,3,0.0,,,
1388,1.7080,-0.1095,-0.0708,3.059,good,0.392,3.04,0,0,0,0,8.50,3,0.0,,,
1389,1.7080,-0.1090,0.0262,2.999,broken,0.931,4.20,1,1,1,0,9.70,3,2.4,35,1401,
1393,1.7080,-0.1183,0.2331,3.040,good,0.033,4.54,0,0,0,0,11.81,2,0.0,,,
1391,1.7120,-0.1101,0.1975,2.987,good,0.027,2.07,0,0,0,0,10.33,3,0.0,,,
1392,1.7120,-0.1087,-0.1075,2.987,good,0.546,4.43,1,1,1,0,9.86,3,2.4,18,1399,
1397,1.7120,-0.1195,-0.2254,3.048,good,0.019,2.63,0,0,0,0,12.03,2,0.0,,,
1398,1.7120,-0.1155,0.0194,3.048,broken,0.988,2.80,1,1,1,0,10.70,2,2.4,34,1424,1424
1395,1.7160,-0.1225,0.0631,3.320,good,0.023,2.65,0,0,0,0,3.02,2,0.0,,,
1396,1.7160,-0.1095,0.1017,3.028,faded,0.949,7.21,1,1,1,0,9.19,3,3.2,45|44,1403,1403
1403,1.7160,-0.1184,-0.1729,3.414,good,0.124,3.55,0,0,0,0,3.98,2,0.0,,,
1404,1.7160,-0.1173,-0.0289,3.235,good,0.023,4.55,0,0,0,0,7.17,2,0.0,,,
1410,1.7160,-0.1092,0.0676,3.000,good,0.006,3.03,0,0,0,0,9.74,1,0.0,,,
1399,1.7200,-0.1146,-0.1127,3.071,good,0.213,2.97,0,0,0,0,9.87,3,0.0,,,
1400,1.7200,-0.1123,0.1661,3.014,faded,0.998,7.36,1,1,1,0,10.42,3,3.2,53,1376,
1401,1.7200,-0.1123,0.0977,2.970,good,0.011,2.74,0,0,0,0,11.46,3,0.0,,,
1402,1.7200,-0.1119,-0.1040,2.953,broken,0.724,3.47,1,1,1,0,11.76,3,2.4,18,1423,1423
1408,1.7200,-0.1180,-0.0608,2.999,good,0.008,2.66,0,0,0,0,12.69,2,0.0,,,
1409,1.7200,-0.1177,0.0636,3.156,good,0.489,2.76,0,0,0,0,8.97,2,0.0,,,
1405,1.7240,-0.1157,0.1278,3.000,good,0.012,3.34,0,0,0,0,11.91,3,0.0,,,
1406,1.7240,-0.1136,-0.1479,3.022,broken,0.556,2.39,1,1,1,0,10.70,3,2.4,13|12,1411,1411
1407,1.7240,-0.1147,0.1481,2.996,broken,0.917,2.27,1,1,1,0,11.65,3,2.4,50|51,1425,1425
1413,1.7240,-0.1176,-0.0777,2.997,good,0.096,5.53,0,0,0,0,12.60,2,0.0,,,
1414,1.7240,-0.1184,0.2164,3.012,good,0.184,4.73,0,0,0,0,12.51,2,0.0,,,
1415,1.7240,-0.1181,-0.0928,2.999,good,0.444,2.76,0,0,0,0,12.72,2,0.0,,,
1411,1.7280,-0.1155,0.1744,3.024,broken,0.893,8.07,1,1,1,0,11.27,3,2.4,54,1448,1448
1412,1.7280,-0.1134,-0.0301,3.025,faded,0.992,4.54,1,1,1,0,10.55,3,2.5,28|27,1428,
1416,1.7320,-0.1122,-0.0109,2.870,faded,1.000,5.59,1,1,1,0,13.93,3,3.2,30,1444,1444
1417,1.7320,-0.1109,0.1475,2.999,good,0.151,4.80,0,0,0,0,10.32,3,0.0,,,
1424,1.7320,-0.1156,0.0538,3.450,shell,1.000,15.53,1,1,1,0,2.50,2,2.4,38|39,1499,
1425,1.7320,-0.1195,-0.2104,2.716,shell,1.000,4.05,1,1,1,0,20.83,2,2.4,5|4,1397,
1418,1.7360,-0.1143,0.1506,2.997,good,0.001,2.90,0,0,0,0,11.50,3,0.0,,,
1419,1.7360,-0.1130,0.0123,2.994,good,0.000,3.42,0,0,0,0,11.13,3,0.0,,,
1420,1.7360,-0.1096,0.1980,2.977,good,0.000,2.15,0,0,0,0,10.42,3,0.0,,,
1421,1.7360,-0.1092,-0.2338,2.998,faded,0.995,4.19,1,1,1,0,9.77,3,3.2,2|1,1440,1440
1422,1.7360,-0.1078,0.0008,3.055,faded,0.976,5.48,1,1,1,0,8.02,3,3.2,32|31,1438,1438
1423,1.7360,-0.1100,-0.0818,2.765,good,0.000,3.57,0,0,0,0,15.94,3,0.0,,,
1427,1.7360,-0.1186,-0.1511,2.997,good,0.003,3.27,0,0,0,0,12.96,2,0.0,,,
1426,1.7400,-0.1106,0.2096,3.238,good,0.009,2.46,0,0,0,0,5.02,3,0.0,,,
1430,1.7400,-0.1193,-0.2353,3.144,black,1.000,51.20,1,1,1,0,9.74,2,3.2,1|2,1434,
1431,1.7400,-0.1195,0.0332,3.282,broken,0.847,2.91,1,1,1,0,6.89,2,2.4,36,1447,
1432,1.7400,-0.1163,0.1866,2.741,good,0.003,2.50,0,0,0,0,18.91,2,0.0,,,
1428,1.7440,-0.1130,0.0793,2.997,good,0.003,3.79,0,0,0,0,11.06,3,0.0,,,
1429,1.7440,-0.1085,-0.1295,3.241,good,0.054,2.98,0,0,0,0,4.33,3,0.0,,,
1433,1.7440,-0.1160,0.1907,3.161,good,0.067,4.44,0,0,0,0,8.31,2,0.0,,,
1439,1.7440,-0.1064,0.0289,3.000,broken,0.836,2.80,1,1,1,0,8.78,1,2.4,35,1447,
1436,1.7480,-0.1197,-0.0391,2.999,good,0.040,2.44,0,0,0,0,13.25,2,0.0,,,
1437,1.7480,-0.1180,-0.0816,3.054,black,1.000,47.01,1,1,1,0,11.36,2,3.2,21,1445,1445
1438,1.7480,-0.1140,0.0829,3.397,good,0.002,2.58,0,0,0,0,3.01,2,0.0,,,
1434,1.7520,-0.1153,-0.0155,2.786,good,0.033,3.18,0,0,0,0,17.29,3,0.0,,,
1435,1.7520,-0.1119,-0.1135,3.001,faded,1.000,7.45,1,1,1,0,10.60,3,3.2,17,1460,1460
1442,1.7560,-0.1195,-0.1993,3.001,good,0.014,2.69,0,0,0,0,13.14,2,0.0,,,
1443,1.7560,-0.1176,0.2124,3.009,good,0.065,3.55,0,0,0,0,12.32,2,0.0,,,
1440,1.7600,-0.1134,-0.2109,3.051,shell,0.998,4.75,1,1,1,0,9.93,3,2.4,5|4,1472,1472
1441,1.7600,-0.1121,-0.1915,2.837,good,0.014,3.66,0,0,0,0,14.75,3,0.0,,,
1449,1.7600,-0.1187,-0.0031,3.150,good,0.001,2.22,0,0,0,0,9.44,2,0.0,,,
1450,1.7600,-0.1184,0.1061,3.004,good,0.185,3.42,0,0,0,0,12.70,2,0.0,,,
1444,1.7640,-0.1146,0.2317,3.000,black,1.000,53.17,1,1,1,0,11.54,3,3.2,61,1475,1475
1445,1.7640,-0.1127,0.0665,2.981,broken,0.685,3.66,1,1,1,0,11.36,3,2.4,40,1466,
1446,1.7640,-0.1110,-0.0448,2.998,broken,0.964,7.34,1,1,1,0,10.36,3,2.4,26,1461,1461
1447,1.7640,-0.1098,-0.0951,3.008,good,0.019,7.98,0,0,0,0,9.74,3,0.0,,,
1448,1.7640,-0.1089,-0.1716,2.999,good,0.180,7.48,0,0,0,0,9.66,3,0.0,,,
1452,1.7640,-0.1179,-0.1436,2.998,good,0.085,3.35,0,0,0,0,12.69,2,0.0,,,
1453,1.7640,-0.1176,-0.0838,3.000,broken,0.946,2.90,1,1,1,0,12.54,2,2.4,21,1464,1464
1451,1.7680,-0.1116,-0.0131,2.832,broken,0.963,3.46,1,1,1,0,14.72,3,2.4,30,1469,
1454,1.7720,-0.1154,0.1130,2.990,good,0.274,3.83,0,0,0,0,12.03,3,0.0,,,
1455,1.7720,-0.1118,-0.1680,2.973,good,0.551,6.07,1,1,1,0,11.24,3,2.4,10,1463,1463
1456,1.7720,-0.1108,0.0513,2.952,black,1.000,50.22,1,1,1,0,11.41,3,3.2,38,1468,1468
1457,1.7720,-0.1081,-0.1824,2.992,good,0.031,4.13,0,0,0,0,9.55,3,0.0,,,
1460,1.7720,-0.1194,0.1571,3.167,good,0.464,2.93,0,0,0,0,9.30,2,0.0,,,
1461,1.7720,-0.1163,-0.1396,3.450,good,0.495,3.84,0,0,0,0,2.70,2,0.0,,,
1458,1.7760,-0.1114,0.2177,3.000,black,1.000,47.30,1,1,1,0,10.48,3,3.2,59|60,1481,
1459,1.7760,-0.1103,0.0369,3.002,good,0.007,2.95,0,0,0,0,10.03,3,0.0,,,
1462,1.7800,-0.1168,0.1462,2.824,shell,0.983,8.08,1,1,1,0,16.77,3,2.4,50,1452,
1463,1.7800,-0.1134,0.2417,2.993,broken,0.643,4.27,1,1,1,0,11.29,3,2.4,62|63,1486,1486
1464,1.7800,-0.1083,0.0872,3.109,good,0.006,2.14,0,0,0,0,7.00,3,0.0,,,
1467,1.7800,-0.1159,0.2157,3.247,black,1.000,50.84,1,1,1,0,6.49,2,3.2,59,1490,
1465,1.7840,-0.1118,0.0911,3.001,broken,0.773,2.99,1,1,1,0,10.57,3,2.4,43,1473,1473
1466,1.7840,-0.1084,0.0321,3.006,good,0.000,2.94,0,0,0,0,9.34,3,0.0,,,
1472,1.7840,-0.1041,0.1426,3.000,broken,0.983,3.78,1,1,1,0,8.02,1,2.4,50,1452,
1470,1.7880,-0.1187,0.2372,2.990,good,0.049,2.86,0,0,0,0,13.15,2,0.0,,,
1471,1.7880,-0.1186,-0.1584,2.686,good,0.312,2.50,0,0,0,0,21.38,2,0.0,,,
1468,1.7920,-0.1149,0.1391,3.000,good,0.051,4.93,0,0,0,0,11.62,3,0.0,,,
1469,1.7920,-0.1102,-0.0028,2.958,good,0.000,5.16,0,0,0,0,11.07,3,0.0,,,
1476,1.7920,-0.1190,-0.2313,3.000,good,0.064,4.92,0,0,0,0,12.99,2,0.0,,,
1477,1.7920,-0.1180,-0.1455,3.117,good,0.192,4.95,0,0,0,0,9.94,2,0.0,,,
1473,1.7960,-0.1128,0.1876,3.005,good,0.001,1.83,0,0,0,0,10.80,3,0.0,,,
1474,1.7960,-0.1095,-0.0941,3.002,good,0.001,3.11,0,0,0,0,9.81,3,0.0,,,
1475,1.7960,-0.1087,-0.1596,2.962,black,1.000,50.09,1,1,1,0,10.45,3,3.2,11,1482,1482
1479,1.7960,-0.1185,0.2228,3.001,good,0.002,2.85,0,0,0,0,12.80,2,0.0,,,
1480,1.7960,-0.1177,-0.2394,2.964,broken,0.544,4.61,1,1,1,0,13.46,2,2.4,1,1517,1517
1487,1.7960,-0.1188,-0.0778,3.000,good,0.087,8.41,0,0,0,0,12.94,1,0.0,,,
1488,1.7960,-0.1056,-0.1492,3.000,broken,0.604,4.89,1,1,1,0,8.52,1,2.4,12|13,1484,
1478,1.8000,-0.1342,-0.0742,3.000,good,0.009,11.82,0,0,0,0,10.06,1,0.0,,,
1486,1.8000,-0.1135,-0.0682,3.002,good,0.032,2.40,0,0,0,0,11.13,2,0.0,,,
1481,1.8040,-0.1134,0.1554,3.008,good,0.018,3.06,0,0,0,0,10.94,3,0.0,,,
1482,1.8040,-0.1135,-0.0680,2.849,good,0.004,3.21,0,0,0,0,14.96,3,0.0,,,
1483,1.8040,-0.1131,-0.0028,2.980,good,0.003,2.41,0,0,0,0,11.51,3,0.0,,,
1484,1.8040,-0.1110,0.1965,3.000,good,0.313,4.03,0,0,0,0,10.33,3,0.0,,,
1485,1.8040,-0.1104,-0.2136,2.997,good,0.001,3.03,0,0,0,0,10.21,3,0.0,,,
1489,1.8080,-0.1084,-0.0769,3.450,good,0.091,2.54,0,0,0,0,0.40,3,0.0,,,
1490,1.8080,-0.1106,0.2281,3.402,good,0.033,4.67,0,0,0,0,1.91,3,0.0,,,
1491,1.8080,-0.1111,0.0542,3.200,good,0.085,4.13,0,0,0,0,5.96,3,0.0,,,
1492,1.8080,-0.1097,0.0744,2.987,good,0.241,6.49,0,0,0,0,10.20,3,0.0,,,
1493,1.8120,-0.1156,-0.1154,2.912,faded,0.998,6.59,1,1,1,0,14.03,3,3.2,17,1516,
1494,1.8120,-0.1107,0.0333,3.311,broken,0.982,2.81,1,1,1,0,3.64,3,2.4,36,1520,
1495,1.8120,-0.1101,0.1519,3.006,good,0.117,3.64,0,0,0,0,9.88,3,0.0,,,
1496,1.8120,-0.1114,0.2096,2.754,good,0.176,5.81,0,0,0,0,16.74,3,0.0,,,
1499,1.8120,-0.1191,0.1252,3.014,broken,0.602,3.87,1,1,1,0,12.71,2,2.4,48|47,1509,
1497,1.8160,-0.1144,0.1415,3.008,good,0.002,2.69,0,0,0,0,11.28,3,0.0,,,
1498,1.8160,-0.1103,-0.0501,3.050,faded,0.988,5.70,1,1,1,0,8.95,3,3.1,25,1513|1528,1513
1502,1.8160,-0.1188,-0.2157,3.000,good,0.211,4.46,0,0,0,0,12.93,2,0.0,,,
1503,1.8160,-0.1175,-0.0153,3.130,good,0.010,3.69,0,0,0,0,9.47,2,0.0,,,
1509,1.8160,-0.1070,0.1284,3.000,broken,0.881,3.71,1,1,1,0,9.01,1,2.4,48,1509,
1500,1.8200,-0.1081,0.1143,3.450,good,0.016,3.12,0,0,0,0,0.33,3,0.0,,,
1501,1.8200,-0.1095,0.0807,2.996,black,1.000,50.29,1,1,1,0,9.92,3,3.2,42,1535,1535
1506,1.8200,-0.1196,-0.1708,2.928,good,0.004,2.69,0,0,0,0,15.00,2,0.0,,,
1507,1.8200,-0.1187,-0.0564,2.961,good,0.008,3.54,0,0,0,0,13.86,2,0.0,,,
1508,1.8200,-0.1170,0.1521,3.002,good,0.005,3.48,0,0,0,0,12.30,2,0.0,,,
1504,1.8240,-0.1147,0.1987,3.097,good,0.180,3.67,0,0,0,0,9.32,3,0.0,,,
1505,1.8240,-0.1136,-0.0302,2.995,good,0.221,4.26,0,0,0,0,11.34,3,0.0,,,
1516,1.8240,-0.1050,0.1567,3.000,good,0.003,3.50,0,0,0,0,8.33,1,0.0,,,
1510,1.8280,-0.1098,-0.2192,2.967,good,0.004,2.20,0,0,0,0,10.71,3,0.0,,,
1511,1.8280,-0.1107,0.0256,3.015,good,0.457,7.32,0,0,0,0,9.90,3,0.0,,,
1512,1.8280,-0.1095,0.0835,2.991,good,0.001,2.99,0,0,0,0,10.03,3,0.0,,,
1515,1.8280,-0.1172,-0.2007,3.140,good,0.010,2.74,0,0,0,0,9.17,2,0.0,,,
1513,1.8320,-0.1142,-0.1476,3.038,good,0.098,2.48,0,0,0,0,10.51,3,0.0,,,
1514,1.8320,-0.1099,0.1924,2.995,good,0.005,3.17,0,0,0,0,10.08,3,0.0,,,
1520,1.8320,-0.1164,-0.1721,3.007,good,0.006,3.81,0,0,0,0,11.95,2,0.0,,,
1517,1.8360,-0.1129,0.1754,3.068,good,0.002,2.69,0,0,0,0,9.41,3,0.0,,,
1518,1.8360,-0.1128,-0.0925,3.011,broken,0.999,5.23,1,1,1,0,10.68,3,2.4,20|19,1527,1527
1519,1.8360,-0.1134,-0.1606,2.747,good,0.004,10.63,0,0,0,0,17.68,3,0.0,,,
1521,1.8400,-0.1104,-0.0269,3.009,broken,0.915,2.78,1,1,1,0,9.93,3,2.4,28,1545,1545
1522,1.8400,-0.1333,-0.1659,3.000,husk,1.000,19.02,1,1,1,0,9.76,1,2.4,10,,
1523,1.8400,-0.1160,0.0226,3.206,good,0.000,2.98,0,0,0,0,7.36,2,0.0,,,
1527,1.8440,-0.1177,-0.2143,3.005,good,0.000,3.22,0,0,0,0,12.45,2,0.0,,,
1528,1.8440,-0.1154,0.2291,3.318,good,0.002,2.73,0,0,0,0,4.91,2,0.0,,,
1524,1.8480,-0.1140,-0.0448,3.110,broken,0.961,2.38,1,1,1,0,8.80,3,2.4,26,1555,
1525,1.8480,-0.1130,0.0698,2.983,good,0.078,2.32,0,0,0,0,11.42,3,0.0,,,
1526,1.8480,-0.1081,0.0184,3.045,good,0.006,3.12,0,0,0,0,8.34,3,0.0,,,
1529,1.8520,-0.1092,-0.1462,3.002,good,0.539,3.61,1,1,1,0,9.70,3,2.6,13,1558,1558
1530,1.8520,-0.1095,-0.1266,2.951,broken,0.990,2.99,1,1,1,0,11.01,3,2.4,15,1549,1549
1531,1.8520,-0.1105,-0.0852,3.004,broken,0.948,2.82,1,1,1,0,10.06,3,2.4,21|20,1548,
1532,1.8560,-0.1109,0.1671,2.994,sour,1.000,12.55,1,1,1,0,10.45,3,3.2,53,1556,1556
1533,1.8560,-0.1107,-0.0187,3.013,good,0.117,5.65,0,0,0,0,9.95,3,0.0,,,
1534,1.8560,-0.1090,0.1459,2.986,good,0.000,3.75,0,0,0,0,10.00,3,0.0,,,
1535,1.8560,-0.1080,-0.1837,3.018,good,0.025,4.83,0,0,0,0,8.90,3,0.0,,,
1540,1.8560,-0.1168,0.0719,3.011,faded,0.980,3.54,1,1,1,0,11.99,2,3.2,41|40,1572,1572
1536,1.8600,-0.1134,0.0490,3.195,broken,0.724,3.40,1,1,1,0,6.79,3,2.4,38,1562|1588,
1537,1.8600,-0.1138,0.1460,3.080,good,0.065,2.96,0,0,0,0,9.43,3,0.0,,,
1538,1.8600,-0.1122,-0.1738,2.990,good,0.004,3.29,0,0,0,0,10.98,3,0.0,,,
1539,1.8600,-0.1117,0.0621,2.905,good,0.001,3.08,0,0,0,0,12.87,3,0.0,,,
1543,1.8600,-0.1150,-0.0190,3.450,good,0.171,6.10,0,0,0,0,2.33,2,0.0,,,
1544,1.8600,-0.1185,0.0908,2.998,broken,0.996,4.01,1,1,1,0,12.90,2,2.4,43,1570,1570
1541,1.8640,-0.1367,0.0700,3.000,good,0.038,6.87,0,0,0,0,10.91,1,0.0,,,
1542,1.8640,-0.1132,0.2215,3.027,good,0.050,2.70,0,0,0,0,10.41,3,0.0,,,
1549,1.8640,-0.1157,0.0658,2.973,broken,0.997,4.03,1,1,1,0,12.54,2,2.4,40,1564,
1550,1.8640,-0.1094,0.0737,3.078,good,0.273,3.45,0,0,0,0,8.03,2,0.0,,,
1551,1.8640,-0.1085,-0.0152,2.942,broken,0.988,4.06,1,1,1,0,10.86,2,2.4,30|29,1543,1543
1545,1.8680,-0.1131,0.2118,3.011,broken,0.686,4.03,1,1,1,0,10.78,3,2.4,59|58,1547,1547
1546,1.8680,-0.1102,0.1810,3.258,good,0.023,2.06,0,0,0,0,4.52,3,0.0,,,
1547,1.8680,-0.1086,0.0270,2.992,good,0.205,3.37,0,0,0,0,9.74,3,0.0,,,
1548,1.8680,-0.1081,-0.2300,3.001,good,0.003,2.67,0,0,0,0,9.34,3,0.0,,,
1555,1.8680,-0.1190,0.0044,3.013,good,0.001,3.67,0,0,0,0,12.68,2,0.0,,,
1552,1.8720,-0.1103,-0.1577,2.930,good,0.001,3.25,0,0,0,0,11.75,3,0.0,,,
1553,1.8720,-0.1094,0.1418,3.025,good,0.330,1.90,0,0,0,0,9.21,3,0.0,,,
1554,1.8720,-0.1098,-0.0990,3.000,good,0.040,4.64,0,0,0,0,9.93,3,0.0,,,
1558,1.8720,-0.1186,-0.1622,3.381,good,0.073,4.49,0,0,0,0,4.65,2,0.0,,,
1559,1.8720,-0.1177,-0.0244,3.006,faded,1.000,4.90,1,1,1,0,12.41,2,3.2,28|29,1554,1554
1556,1.8760,-0.1138,-0.0537,3.015,broken,0.988,3.06,1,1,1,0,10.90,3,2.4,25|24,1583,1583
1557,1.8760,-0.1169,0.2320,2.721,broken,0.618,5.81,1,1,1,0,19.71,3,2.4,61,1576,
1560,1.8800,-0.1135,-0.0868,2.975,good,0.044,2.77,0,0,0,0,11.76,3,0.0,,,
1561,1.8800,-0.1106,-0.2236,2.938,shell,0.950,6.20,1,1,1,0,11.68,3,2.4,3,1574,
1562,1.8800,-0.1092,-0.2322,2.936,good,0.063,3.99,0,0,0,0,11.24,3,0.0,,,
1563,1.8840,-0.1136,0.0577,3.161,sour,1.000,17.71,1,1,1,0,7.58,3,3.2,39,1603,1603
1567,1.8840,-0.1141,0.0324,3.130,good,0.328,3.33,0,0,0,0,8.42,2,0.0,,,
1564,1.8880,-0.1150,-0.0968,3.071,broken,0.967,3.12,1,1,1,0,10.01,3,2.4,19,1569,1569
1565,1.8880,-0.1112,-0.0847,2.990,broken,0.990,3.08,1,1,1,0,10.64,3,2.4,21|20,1571,1571
1566,1.8880,-0.1107,0.1219,3.008,good,0.058,1.61,0,0,0,0,10.04,3,0.0,,,
1572,1.8880,-0.1170,0.0885,3.010,good,0.004,3.02,0,0,0,0,12.10,2,0.0,,,
1573,1.8880,-0.1263,0.0570,3.000,good,0.051,8.45,0,0,0,0,11.45,1,0.0,,,
1576,1.8880,-0.1156,0.0521,3.000,broken,0.677,4.64,1,1,1,0,11.88,1,2.4,38,1586,
1577,1.8880,-0.1104,0.0611,3.000,broken,0.999,5.38,1,1,1,0,10.12,1,2.4,39|40,1639,
1568,1.8920,-0.1140,0.0471,3.044,good,0.108,3.12,0,0,0,0,10.29,3,0.0,,,
1569,1.8920,-0.1250,-0.1506,3.000,broken,0.847,2.40,1,1,1,0,11.01,2,2.4,12,,
1570,1.8920,-0.1154,-0.2213,2.629,shell,0.989,6.26,1,1,1,0,21.94,3,2.4,3,1587,
1571,1.8920,-0.1094,0.1411,3.009,good,0.007,1.77,0,0,0,0,9.58,3,0.0,,,
1575,1.8920,-0.1191,-0.0157,3.176,good,0.256,6.62,0,0,0,0,8.98,2,0.0,,,
1584,1.8920,-0.1130,-0.1540,3.000,broken,0.909,2.41,1,1,1,0,11.01,1,2.4,12,1590,
1585,1.8920,-0.1033,0.0489,3.000,good,0.007,4.46,0,0,0,0,7.76,1,0.0,,,
1574,1.8960,-0.1115,0.1440,3.344,faded,0.928,4.49,1,1,1,0,3.26,3,3.0,50,1595,
1582,1.8960,-0.1193,-0.1848,3.010,good,0.045,4.98,0,0,0,0,12.87,2,0.0,,,
1583,1.8960,-0.1198,-0.0116,3.000,good,0.100,4.44,0,0,0,0,13.28,2,0.0,,,
1578,1.9000,-0.1145,-0.1341,2.963,good,0.371,2.09,0,0,0,0,12.39,3,0.0,,,
1579,1.9000,-0.1147,-0.0335,2.977,good,0.041,3.29,0,0,0,0,12.12,3,0.0,,,
1580,1.9000,-0.1118,0.1927,2.994,good,0.009,7.10,0,0,0,0,10.72,3,0.0,,,
1581,1.9000,-0.1094,-0.1724,2.999,good,0.002,2.51,0,0,0,0,9.82,3,0.0,,,
1587,1.9000,-0.1192,0.2009,2.988,good,0.276,3.05,0,0,0,0,13.34,2,0.0,,,
1588,1.9000,-0.1184,0.0304,2.987,broken,0.999,2.90,1,1,1,0,13.14,2,2.4,35|36,1600,1600
1589,1.9000,-0.1176,-0.0511,2.998,good,0.003,4.36,0,0,0,0,12.57,2,0.0,,,
1586,1.9040,-0.1143,0.0841,3.002,good,0.005,2.18,0,0,0,0,11.38,3,0.0,,,
1592,1.9040,-0.1195,-0.1070,3.000,good,0.091,3.55,0,0,0,0,13.17,2,0.0,,,
1593,1.9040,-0.1196,-0.1431,2.995,good,0.195,9.43,0,0,0,0,13.30,2,0.0,,,
1594,1.9040,-0.1181,0.1909,3.121,good,0.031,3.37,0,0,0,0,9.87,2,0.0,,,
1595,1.9040,-0.1168,0.0409,2.995,good,0.008,2.92,0,0,0,0,12.39,2,0.0,,,
1590,1.9080,-0.1238,0.1814,3.450,good,0.000,3.47,0,0,0,0,0.88,2,0.0,,,
1591,1.9080,-0.1072,-0.0354,3.289,good,0.000,3.55,0,0,0,0,3.00,3,0.0,,,
1602,1.9080,-0.1196,0.0055,2.993,good,0.006,4.50,0,0,0,0,13.37,2,0.0,,,
1605,1.9080,-0.1074,0.1846,3.000,good,0.128,7.09,0,0,0,0,9.13,1,0.0,,,
1606,1.9080,-0.1076,-0.1464,3.000,good,0.227,9.52,0,0,0,0,9.19,1,0.0,,,
1596,1.9120,-0.1131,-0.1480,3.109,good,0.000,3.51,0,0,0,0,8.55,3,0.0,,,
1597,1.9120,-0.1152,0.1924,2.994,good,0.000,3.05,0,0,0,0,11.88,3,0.0,,,
1598,1.9120,-0.1153,0.1306,2.993,broken,0.914,2.65,1,1,1,0,11.95,3,2.4,48,1626,1626
1599,1.9120,-0.1132,0.0458,3.020,good,0.001,2.94,0,0,0,0,10.60,3,0.0,,,
1600,1.9120,-0.1123,-0.0979,2.577,good,0.049,8.23,0,0,0,0,22.39,3,0.0,,,
1601,1.9120,-0.1083,-0.1913,3.064,faded,0.990,5.63,1,1,1,0,7.99,3,2.9,7,1606,
1603,1.9160,-0.1147,-0.0866,2.954,broken,0.980,3.72,1,1,1,0,12.67,3,2.4,20|21,1628,1628
1604,1.9160,-0.1244,-0.1169,2.992,broken,0.957,4.06,1,1,1,0,11.00,2,2.4,17|16,,
1608,1.9160,-0.1198,-0.1006,3.030,broken,0.999,2.56,1,1,1,0,12.56,2,2.4,19|18,1635,
1609,1.9160,-0.1309,0.0773,3.000,good,0.009,5.71,0,0,0,0,12.96,1,0.0,,,
1615,1.9160,-0.1175,0.0735,3.000,insect,0.654,5.88,1,1,1,0,12.50,1,3.1,41,1617,
1616,1.9160,-0.1125,-0.1137,3.000,broken,0.987,3.95,1,1,1,0,10.82,1,2.4,17,1601,
1617,1.9160,-0.1054,-0.1036,3.000,broken,0.982,3.43,1,1,1,0,8.45,1,2.4,18,1633,
1618,1.9160,-0.1005,0.0424,3.000,good,0.016,2.51,0,0,0,0,6.83,1,0.0,,,
1607,1.9200,-0.1058,-0.1991,3.450,good,0.003,3.90,0,0,0,0,-0.34,3,0.0,,,
1620,1.9200,-0.1041,0.0696,3.000,good,0.010,5.59,0,0,0,0,8.03,1,0.0,,,
1610,1.9240,-0.1152,0.0916,3.038,good,0.032,2.50,0,0,0,0,10.83,3,0.0,,,
1611,1.9240,-0.1111,-0.0862,3.199,black,1.000,47.50,1,1,1,0,6.00,3,3.2,20|21,1631,
1612,1.9240,-0.1125,0.2063,2.999,broken,0.703,2.43,1,1,1,0,10.86,3,2.4,58,1616,1616
1613,1.9240,-0.1112,-0.0379,3.008,good,0.516,4.53,1,1,1,0,10.21,3,2.4,27|26,1638,1638
1614,1.9240,-0.1083,-0.2175,2.997,good,0.005,2.61,0,0,0,0,9.51,3,0.0,,,
1619,1.9280,-0.1090,-0.0735,2.992,broken,0.982,2.12,1,1,1,0,9.85,3,2.4,22,1643,1643
1621,1.9320,-0.1156,-0.1712,3.004,good,0.015,2.25,0,0,0,0,11.77,3,0.0,,,
1622,1.9320,-0.1167,0.0113,2.813,good,0.262,4.70,0,0,0,0,17.05,3,0.0,,,
1623,1.9320,-0.1132,-0.2111,2.992,good,0.001,2.55,0,0,0,0,11.24,3,0.0,,,
1624,1.9320,-0.1135,-0.1305,2.989,good,0.253,2.71,0,0,0,0,11.42,3,0.0,,,
1626,1.9320,-0.1167,-0.0660,3.342,broken,1.000,8.96,1,1,1,0,4.84,2,2.4,23,1621,
1625,1.9360,-0.1145,0.0958,2.998,good,0.500,3.09,1,1,1,0,11.54,3,2.4,44,1636,
1627,1.9400,-0.1146,0.0325,2.923,good,0.465,1.95,0,0,0,0,13.43,3,0.0,,,
1628,1.9400,-0.1135,0.0877,3.021,good,0.361,1.29,0,0,0,0,10.66,3,0.0,,,
1629,1.9400,-0.1254,0.1959,3.050,good,0.000,1.75,0,0,0,0,9.88,2,0.0,,,
1630,1.9400,-0.1112,-0.1186,2.998,good,0.002,1.98,0,0,0,0,10.43,3,0.0,,,
1631,1.9400,-0.1119,-0.0677,2.992,good,0.041,4.50,0,0,0,0,10.82,3,0.0,,,
1635,1.9400,-0.1193,-0.2346,2.998,good,0.064,3.94,0,0,0,0,13.14,2,0.0,,,
1636,1.9400,-0.1191,0.1352,3.001,good,0.001,3.07,0,0,0,0,13.02,2,0.0,,,
1640,1.9400,-0.1131,0.1997,3.000,good,0.000,1.77,0,0,0,0,11.04,1,0.0,,,
1632,1.9440,-0.1135,0.1874,2.999,good,0.076,5.41,0,0,0,0,11.19,3,0.0,,,
1633,1.9440,-0.1115,0.0756,2.859,black,1.000,45.58,1,1,1,0,14.00,3,3.2,41,1679,1679
1634,1.9440,-0.1079,-0.0342,3.031,good,0.078,4.09,0,0,0,0,8.61,3,0.0,,,
1639,1.9440,-0.1184,-0.2024,3.060,good,0.187,3.96,0,0,0,0,11.39,2,0.0,,,
1637,1.9480,-0.1153,0.0592,2.997,good,0.007,1.97,0,0,0,0,11.83,3,0.0,,,
1638,1.9480,-0.1152,-0.2350,2.987,husk,0.941,8.19,1,1,1,0,12.05,3,2.4,1|2,1632,
1643,1.9480,-0.1177,0.1311,2.995,good,0.001,3.32,0,0,0,0,12.69,2,0.0,,,
1641,1.9520,-0.1152,0.0934,2.695,broken,0.775,4.98,1,1,1,0,19.85,3,2.4,43|44,1655,
1642,1.9520,-0.1094,0.2392,3.091,black,1.000,54.10,1,1,1,0,7.73,3,3.2,62,1630,
1644,1.9560,-0.1119,-0.1305,3.084,faded,0.996,6.20,1,1,1,0,8.70,3,3.2,15,1663,1663
1645,1.9560,-0.1110,0.0557,3.082,good,0.002,5.11,0,0,0,0,8.47,3,0.0,,,
1648,1.9560,-0.1159,0.0422,2.993,good,0.009,2.32,0,0,0,0,12.12,2,0.0,,,
1649,1.9560,-0.1165,0.0038,2.997,good,0.000,4.05,0,0,0,0,12.22,2,0.0,,,
1646,1.9600,-0.1125,-0.1642,2.994,good,0.056,3.19,0,0,0,0,10.98,3,0.0,,,
1647,1.9600,-0.1108,-0.1136,3.014,good,0.001,3.40,0,0,0,0,9.94,3,0.0,,,
1650,1.9640,-0.1136,0.0977,3.001,good,0.006,3.62,0,0,0,0,11.17,3,0.0,,,
1651,1.9640,-0.1105,0.1699,3.280,good,0.322,3.80,0,0,0,0,4.18,3,0.0,,,
1652,1.9640,-0.1135,-0.0175,2.824,good,0.431,2.99,0,0,0,0,15.61,3,0.0,,,
1653,1.9640,-0.1127,-0.1496,2.910,black,1.000,49.16,1,1,1,0,13.08,3,3.2,12|13,1665,1665
1654,1.9640,-0.1118,0.0327,2.999,good,0.492,3.59,0,0,0,0,10.63,3,0.0,,,
1655,1.9640,-0.1095,-0.0821,2.939,black,1.000,63.04,1,1,1,0,11.28,3,3.2,21,1668,1668
1657,1.9640,-0.1194,0.0554,2.929,faded,0.997,4.60,1,1,1,0,14.91,2,3.2,39|38,1664,1664
1658,1.9640,-0.1154,0.1076,2.946,good,0.000,3.95,0,0,0,0,13.13,2,0.0,,,
1656,1.9680,-0.1125,0.1957,2.896,black,1.000,51.36,1,1,1,0,13.39,3,3.2,57|56,1647,1647
1659,1.9720,-0.1151,-0.1504,3.012,broken,0.721,3.62,1,1,1,0,11.41,3,2.4,12,1685,1685
1660,1.9720,-0.1159,0.1284,2.893,broken,0.637,3.11,1,1,1,0,14.64,3,2.4,48,1660,
1661,1.9720,-0.1135,-0.0908,2.908,broken,0.784,5.22,1,1,1,0,13.43,3,2.4,20,1667|1669,1669
1663,1.9720,-0.1197,-0.1785,3.119,good,0.310,2.30,0,0,0,0,10.45,2,0.0,,,
1664,1.9720,-0.1183,0.2416,3.002,good,0.168,2.98,0,0,0,0,12.74,2,0.0,,,
1662,1.9760,-0.1085,-0.2239,3.011,good,0.014,2.34,0,0,0,0,9.26,3,0.0,,,
1667,1.9760,-0.1168,-0.0352,2.992,broken,0.761,1.93,1,1,1,0,12.46,2,2.4,27,1672,
1665,1.9800,-0.1155,0.1873,3.005,sour,1.000,15.16,1,1,1,0,11.71,3,3.2,55|56,1692,1692
1666,1.9800,-0.1144,-0.0975,3.004,good,0.372,5.41,0,0,0,0,11.38,3,0.0,,,
1672,1.9800,-0.1186,-0.0503,3.365,broken,0.969,3.50,1,1,1,0,4.98,2,2.4,25,1690,
1673,1.9800,-0.1179,-0.0344,2.881,broken,0.793,4.18,1,1,1,0,15.61,2,2.4,27,1689,
1668,1.9840,-0.1211,-0.1841,3.158,good,0.065,4.12,0,0,0,0,6.02,2,0.0,,,
1669,1.9840,-0.1097,-0.2351,3.001,shell,0.858,4.02,1,1,1,0,9.89,3,2.4,1|2,1674,1674
1670,1.9840,-0.1084,0.2236,2.993,good,0.297,3.29,0,0,0,0,9.65,3,0.0,,,
1671,1.9840,-0.1086,0.0378,3.004,good,0.005,2.97,0,0,0,0,9.44,3,0.0,,,
1674,1.9840,-0.1197,0.1473,3.117,good,0.153,3.20,0,0,0,0,10.49,2,0.0,,,
1675,1.9840,-0.1164,-0.1345,2.988,good,0.001,2.99,0,0,0,0,12.43,2,0.0,,,
1681,1.9840,-0.1085,-0.1879,3.000,good,0.006,4.06,0,0,0,0,9.50,1,0.0,,,
1682,1.9840,-0.1064,-0.0307,3.000,broken,0.796,3.95,1,1,1,0,8.79,1,2.4,28|27,1689,
1680,1.9880,-0.1165,-0.0168,3.002,broken,0.907,2.87,1,1,1,0,12.10,2,2.4,29|30,1698,1698
1676,1.9920,-0.1124,0.1054,2.969,good,0.102,6.58,0,0,0,0,11.54,3,0.0,,,
1677,1.9920,-0.1139,0.1286,3.000,good,0.020,3.22,0,0,0,0,11.30,3,0.0,,,
1678,1.9920,-0.1108,-0.2354,3.000,good,0.001,3.44,0,0,0,0,10.28,3,0.0,,,
1679,1.9920,-0.1092,-0.0817,3.005,good,0.069,3.59,0,0,0,0,9.61,3,0.0,,,
1683,1.9960,-0.1147,0.0934,2.972,good,0.002,2.98,0,0,0,0,12.22,3,0.0,,,
1684,1.9960,-0.1135,0.1885,3.003,faded,1.000,7.90,1,1,1,0,11.11,3,3.2,56|55,1687,1687
1685,1.9960,-0.1128,0.0024,2.949,broken,0.675,3.89,1,1,1,0,12.18,3,2.4,32,1682,1682
1686,1.9960,-0.1085,-0.1708,3.015,sour,1.000,14.04,1,1,1,0,9.14,3,3.2,10|9,1705,1705
1687,2.0000,-0.1146,-0.2120,3.002,broken,0.567,4.25,1,1,1,0,11.50,3,2.4,4|5,1691,1691
1688,2.0000,-0.1186,-0.2014,2.996,good,0.009,5.32,0,0,0,0,12.96,2,0.0,,,
1689,2.0000,-0.1187,0.0794,3.014,broken,0.992,2.98,1,1,1,0,12.56,2,2.4,42|41,1717,1717
1693,2.0040,-0.1174,-0.1791,3.066,good,0.151,5.02,0,0,0,0,10.91,2,0.0,,,
1690,2.0080,-0.1117,0.1184,3.047,broken,0.892,3.89,1,1,1,0,9.46,3,2.4,47|46,1699,1699
1691,2.0080,-0.1085,0.0589,3.077,good,0.003,2.07,0,0,0,0,7.76,3,0.0,,,
1692,2.0080,-0.1096,0.2280,3.029,good,0.162,5.84,0,0,0,0,9.19,3,0.0,,,
1695,2.0080,-0.1189,-0.0534,3.001,good,0.014,2.72,0,0,0,0,12.95,2,0.0,,,
1696,2.0080,-0.1161,0.2200,3.045,broken,0.881,4.44,1,1,1,0,10.96,2,2.4,60|59,1696,1696
1694,2.0120,-0.1083,-0.1288,3.377,shell,0.548,3.72,1,1,1,0,1.67,3,2.4,15,1739,
1701,2.0120,-0.1197,0.2103,3.008,good,0.001,4.47,0,0,0,0,13.03,2,0.0,,,
1697,2.0160,-0.1091,-0.0280,2.996,good,0.051,11.03,0,0,0,0,9.77,3,0.0,,,
1698,2.0160,-0.1133,0.1815,2.947,shell,0.995,3.46,1,1,1,0,12.36,3,2.4,55,1720,
1699,2.0160,-0.1107,-0.1245,2.994,good,0.004,3.17,0,0,0,0,10.39,3,0.0,,,
1700,2.0160,-0.1086,-0.1492,2.999,good,0.142,3.00,0,0,0,0,9.53,3,0.0,,,
1702,2.0200,-0.1129,0.0920,2.943,good,0.006,2.15,0,0,0,0,12.35,3,0.0,,,
1703,2.0200,-0.1122,0.1953,3.001,shell,0.867,3.70,1,1,1,0,10.71,3,2.4,57|56,1726,1726
1704,2.0200,-0.1089,0.0145,3.021,good,0.244,4.78,0,0,0,0,9.15,3,0.0,,,
1705,2.0240,-0.1145,0.0081,3.000,good,0.072,3.79,0,0,0,0,11.51,3,0.0,,,
1706,2.0240,-0.1147,0.1624,3.001,sour,1.000,35.72,1,1,1,0,11.54,3,3.2,52,1733,1733
1707,2.0240,-0.1124,0.0461,3.005,good,0.010,2.12,0,0,0,0,10.69,3,0.0,,,
1708,2.0240,-0.1082,0.1168,3.191,broken,0.926,3.37,1,1,1,0,5.26,3,2.4,46|47,1748,1748
1709,2.0240,-0.1335,-0.0954,3.000,broken,0.976,3.38,1,1,1,0,9.83,1,2.4,19,,
1712,2.0240,-0.1196,-0.2226,2.946,good,0.024,3.27,0,0,0,0,14.55,2,0.0,,,
1713,2.0240,-0.1190,-0.2054,3.093,good,0.037,3.71,0,0,0,0,10.81,2,0.0,,,
1714,2.0240,-0.1182,-0.0196,3.003,good,0.001,3.68,0,0,0,0,12.68,2,0.0,,,
1715,2.0240,-0.1223,-0.0984,3.000,broken,0.961,3.30,1,1,1,0,10.10,1,2.4,19,,
1721,2.0240,-0.1112,-0.1014,3.000,broken,0.987,3.73,1,1,1,0,10.39,1,2.4,19|18,1716,
1710,2.0280,-0.1129,-0.1942,2.999,good,0.001,2.91,0,0,0,0,10.99,3,0.0,,,
1711,2.0280,-0.1115,-0.1122,3.003,good,0.234,4.60,0,0,0,0,10.43,3,0.0,,,
1719,2.0280,-0.1165,-0.1516,3.220,good,0.011,2.98,0,0,0,0,7.25,2,0.0,,,
1720,2.0280,-0.1141,0.1516,3.450,good,0.000,3.89,0,0,0,0,2.06,2,0.0,,,
1716,2.0320,-0.1254,-0.1253,2.635,good,0.293,3.07,0,0,0,0,21.55,2,0.0,,,
1717,2.0320,-0.1117,-0.0180,3.006,sour,1.000,21.73,1,1,1,0,10.44,3,3.2,29,1724,1724
1718,2.0320,-0.1103,0.0198,3.030,good,0.001,4.07,0,0,0,0,9.42,3,0.0,,,
1723,2.0320,-0.1190,-0.1484,3.208,broken,0.687,4.33,1,1,1,0,8.24,2,2.4,13|12,1737,1737
1724,2.0320,-0.1199,-0.1675,2.712,faded,0.999,5.60,1,1,1,0,21.08,2,3.2,10,1734,
1729,2.0320,-0.1149,-0.1293,3.000,good,0.486,2.85,0,0,0,0,11.63,1,0.0,,,
1722,2.0360,-0.1126,-0.0732,2.993,good,0.026,4.14,0,0,0,0,11.04,3,0.0,,,
1727,2.0360,-0.1161,-0.1075,3.000,good,0.001,2.36,0,0,0,0,12.04,2,0.0,,,
1728,2.0360,-0.1160,-0.0288,3.162,good,0.015,3.47,0,0,0,0,8.32,2,0.0,,,
1725,2.0400,-0.1139,-0.0440,3.001,good,0.000,2.24,0,0,0,0,11.28,3,0.0,,,
1726,2.0400,-0.1137,0.1203,3.000,good,0.127,3.58,0,0,0,0,11.26,3,0.0,,,
1732,2.0400,-0.1189,0.1850,3.002,good,0.027,2.13,0,0,0,0,12.92,2,0.0,,,
1733,2.0400,-0.1192,0.1019,3.016,faded,0.836,4.32,1,1,1,0,12.67,2,2.9,45|44,1757,
1734,2.0400,-0.1184,-0.0270,2.998,good,0.000,2.78,0,0,0,0,12.86,2,0.0,,,
1730,2.0440,-0.1132,0.2098,2.999,good,0.391,4.75,0,0,0,0,11.10,3,0.0,,,
1731,2.0440,-0.1085,-0.1381,3.045,broken,0.992,2.45,1,1,1,0,8.47,3,2.4,14,1749,1749
1737,2.0440,-0.1196,-0.0493,3.060,broken,0.846,3.50,1,1,1,0,11.77,2,2.4,25,1735,1735
1738,2.0440,-0.1171,-0.1755,3.071,good,0.111,3.23,0,0,0,0,10.70,2,0.0,,,
1739,2.0440,-0.1167,0.0106,3.174,good,0.000,2.86,0,0,0,0,8.27,2,0.0,,,
1740,2.0440,-0.1146,0.0502,2.992,good,0.000,3.36,0,0,0,0,11.73,2,0.0,,,
1735,2.0480,-0.1130,-0.0915,3.004,good,0.070,3.36,0,0,0,0,10.92,3,0.0,,,
1736,2.0480,-0.1080,0.1592,2.999,faded,0.999,6.32,1,1,1,0,9.35,3,3.2,52,1755,1755
1744,2.0480,-0.1195,0.0537,3.271,black,1.000,49.65,1,1,1,0,7.10,2,3.2,38|39,1742,
1745,2.0480,-0.1172,0.1007,3.002,good,0.004,2.35,0,0,0,0,12.35,2,0.0,,,
1741,2.0520,-0.1161,0.0973,3.003,broken,0.953,3.56,1,1,1,0,11.97,3,2.4,44,1756,1756
1742,2.0520,-0.1139,-0.1825,3.006,shell,0.883,4.21,1,1,1,0,11.15,3,2.4,8,1743,1743
1743,2.0520,-0.1139,-0.1082,2.995,shell,1.000,7.96,1,1,1,0,11.41,3,2.4,18|17,1763,1763
1748,2.0520,-0.1157,-0.0265,3.271,broken,0.836,3.14,1,1,1,0,5.96,2,2.4,28,1752,
1746,2.0560,-0.1147,0.2044,2.997,good,0.373,4.15,0,0,0,0,11.66,3,0.0,,,
1747,2.0560,-0.1129,-0.0475,3.158,good,0.002,3.15,0,0,0,0,7.41,3,0.0,,,
1750,2.0560,-0.1175,0.0298,2.998,good,0.000,3.56,0,0,0,0,12.56,2,0.0,,,
1749,2.0600,-0.1148,0.0253,3.005,shell,0.998,4.21,1,1,1,0,11.50,3,2.4,35,1769,1769
1752,2.0600,-0.1177,0.1920,3.000,good,0.024,3.30,0,0,0,0,12.57,2,0.0,,,
1751,2.0640,-0.1110,-0.1137,2.816,good,0.048,3.45,0,0,0,0,14.96,3,0.0,,,
1756,2.0640,-0.1188,-0.2204,2.989,good,0.201,2.99,0,0,0,0,13.21,2,0.0,,,
1757,2.0640,-0.1196,0.2383,2.966,good,0.000,2.69,0,0,0,0,14.04,2,0.0,,,
1753,2.0680,-0.1145,0.0061,3.000,good,0.298,2.20,0,0,0,0,11.48,3,0.0,,,
1754,2.0680,-0.1139,0.2303,2.916,broken,0.856,5.45,1,1,1,0,13.33,3,2.4,61,1784,1784
1755,2.0680,-0.1111,-0.1895,2.992,good,0.076,4.76,0,0,0,0,10.55,3,0.0,,,
1758,2.0720,-0.1085,0.1441,2.901,good,0.008,2.04,0,0,0,0,11.89,3,0.0,,,
1762,2.0720,-0.1177,-0.2191,2.977,broken,0.797,3.60,1,1,1,0,13.12,2,2.4,3|4,1777,
1759,2.0760,-0.1147,0.1779,2.985,good,0.346,2.86,0,0,0,0,11.92,3,0.0,,,
1760,2.0760,-0.1271,-0.1391,2.794,good,0.378,3.13,0,0,0,0,17.30,2,0.0,,,
1761,2.0760,-0.1081,0.0490,3.243,good,0.216,3.81,0,0,0,0,4.16,3,0.0,,,
1772,2.0760,-0.1160,-0.1429,3.000,good,0.416,3.13,0,0,0,0,11.99,1,0.0,,,
1763,2.0800,-0.1145,0.1896,3.003,sour,1.000,14.92,1,1,1,0,11.43,3,3.2,56,1775,1775
1764,2.0800,-0.1129,-0.1376,3.003,good,0.003,2.82,0,0,0,0,10.88,3,0.0,,,
1765,2.0800,-0.1103,-0.1667,2.987,good,0.009,3.91,0,0,0,0,10.40,3,0.0,,,
1771,2.0800,-0.1199,-0.0053,3.080,good,0.132,3.46,0,0,0,0,11.41,2,0.0,,,
1766,2.0840,-0.1144,-0.1937,2.989,broken,0.970,3.01,1,1,1,0,11.72,3,2.4,7,1782,
1767,2.0840,-0.1146,-0.1445,3.000,good,0.000,3.23,0,0,0,0,11.53,3,0.0,,,
1768,2.0840,-0.1121,0.0475,3.000,good,0.002,4.47,0,0,0,0,10.70,3,0.0,,,
1769,2.0840,-0.1124,0.2381,2.995,good,0.377,3.67,0,0,0,0,10.92,3,0.0,,,
1770,2.0840,-0.1112,-0.2094,2.966,good,0.641,3.24,1,1,1,0,11.21,3,2.4,5|4,1788,1788
1775,2.0840,-0.1176,-0.0897,3.000,good,0.436,4.23,0,0,0,0,12.54,2,0.0,,,
1773,2.0880,-0.1130,0.1828,3.214,good,0.050,1.81,0,0,0,0,6.28,3,0.0,,,
1774,2.0880,-0.1119,-0.2228,3.005,good,0.284,4.08,0,0,0,0,10.51,3,0.0,,,
1780,2.0880,-0.1184,-0.0169,3.042,broken,0.990,4.19,1,1,1,0,11.79,2,2.4,29|30,1798,1798
1776,2.0920,-0.1139,0.1168,2.996,shell,1.000,7.27,1,1,1,0,11.38,3,2.4,46|47,1778,1778
1777,2.0920,-0.1131,-0.0510,2.991,good,0.003,2.11,0,0,0,0,11.25,3,0.0,,,
1778,2.0920,-0.1117,0.0892,3.031,husk,0.667,22.25,1,1,1,0,9.85,3,2.4,43,1781,1781
1779,2.0920,-0.1111,0.0049,2.997,good,0.004,9.39,0,0,0,0,10.42,3,0.0,,,
1781,2.0960,-0.1082,0.1724,3.030,good,0.001,6.14,0,0,0,0,8.71,3,0.0,,,
1782,2.0960,-0.1183,-0.1337,3.007,good,0.019,7.43,0,0,0,0,12.59,2,0.0,,,
1783,2.1000,-0.1108,-0.2100,2.877,good,0.060,2.52,0,0,0,0,13.27,3,0.0,,,
1789,2.1000,-0.1194,0.0963,2.943,good,0.002,3.69,0,0,0,0,14.54,2,0.0,,,
1784,2.1040,-0.1115,0.0667,2.997,faded,0.999,5.91,1,1,1,0,10.56,3,3.2,40,1808,1808
1785,2.1040,-0.1122,0.1890,2.998,good,0.011,5.52,0,0,0,0,10.76,3,0.0,,,
1786,2.1040,-0.1104,-0.1914,3.020,good,0.047,3.08,0,0,0,0,9.68,3,0.0,,,
1787,2.1040,-0.1089,-0.1819,3.123,broken,0.640,2.65,1,1,1,0,6.88,3,2.4,8,1820,1820
1788,2.1040,-0.1094,0.0819,2.992,good,0.022,2.79,0,0,0,0,9.97,3,0.0,,,
1792,2.1040,-0.1188,-0.0455,2.989,faded,0.909,4.10,1,1,1,0,13.21,2,3.2,26|25,1823,1823
1790,2.1080,-0.1117,0.0480,3.010,good,0.147,3.98,0,0,0,0,10.34,3,0.0,,,
1791,2.1080,-0.1082,-0.1283,2.992,faded,0.773,4.67,1,1,1,0,9.60,3,2.7,15,1811,1811
1798,2.1080,-0.1165,0.0336,3.156,broken,0.808,2.68,1,1,1,0,8.61,2,2.4,36,1800,
1793,2.1120,-0.1136,0.1461,3.025,good,0.102,4.83,0,0,0,0,10.64,3,0.0,,,
1794,2.1120,-0.1118,0.1193,2.993,good,0.048,3.68,0,0,0,0,10.78,3,0.0,,,
1795,2.1120,-0.1088,-0.0702,2.993,broken,0.578,2.82,1,1,1,0,9.78,3,2.4,23|22,1804|1824,1804
1796,2.1120,-0.1086,0.1762,3.000,good,0.003,3.73,0,0,0,0,9.53,3,0.0,,,
1797,2.1120,-0.1083,0.0675,3.101,broken,0.919,3.25,1,1,1,0,7.18,3,2.4,40,1801,
1800,2.1120,-0.1169,0.0023,3.172,good,0.002,4.67,0,0,0,0,8.36,2,0.0,,,
1801,2.1120,-0.1138,-0.2348,3.450,good,0.058,3.28,0,0,0,0,1.98,2,0.0,,,
1799,2.1160,-0.1102,-0.1394,2.614,good,0.058,2.35,0,0,0,0,20.42,3,0.0,,,
1802,2.1200,-0.1095,-0.1441,2.999,good,0.029,6.62,0,0,0,0,9.86,3,0.0,,,
1803,2.1200,-0.1093,-0.0091,2.942,sour,1.000,13.60,1,1,1,0,11.12,3,3.2,30|31,1831,1831
1805,2.1200,-0.1191,0.1553,3.211,broken,0.977,2.61,1,1,1,0,8.24,2,2.4,51|52,1832,1832
1804,2.1240,-0.1159,0.0474,2.999,broken,0.992,2.51,1,1,1,0,11.98,3,2.4,38|37,1819,1819
1807,2.1240,-0.1179,0.1674,2.998,faded,0.779,4.21,1,1,1,0,12.69,2,3.2,53,1816,1816
1808,2.1240,-0.1158,0.0617,3.001,good,0.290,3.46,0,0,0,0,11.92,2,0.0,,,
1806,2.1280,-0.1107,0.1560,2.973,good,0.431,3.50,0,0,0,0,10.88,3,0.0,,,
1809,2.1320,-0.1151,-0.0528,3.065,broken,0.968,2.32,1,1,1,0,10.17,3,2.4,25,1836,
1810,2.1320,-0.1099,-0.2022,2.999,good,0.006,5.66,0,0,0,0,10.01,3,0.0,,,
1811,2.1320,-0.1110,0.1653,2.995,good,0.018,2.44,0,0,0,0,10.45,3,0.0,,,
1818,2.1320,-0.1214,0.0701,3.000,stick,1.000,106.54,1,1,1,0,9.79,1,2.4,40|41,,
1812,2.1360,-0.1155,0.0407,2.909,good,0.000,3.93,0,0,0,0,14.09,3,0.0,,,
1813,2.1360,-0.1160,0.1054,2.993,black,1.000,52.45,1,1,1,0,12.16,3,3.2,45,1822,1822
1814,2.1360,-0.1134,-0.1719,2.986,good,0.000,3.62,0,0,0,0,11.49,3,0.0,,,
1815,2.1360,-0.1091,0.1868,3.324,shell,0.790,4.82,1,1,1,0,2.93,3,2.4,55|56,1825,
1816,2.1360,-0.1107,-0.1315,3.005,shell,0.998,3.92,1,1,1,0,10.12,3,2.4,15|14,1845,1845
1817,2.1360,-0.1081,0.1037,2.998,good,0.014,4.38,0,0,0,0,9.41,3,0.0,,,
1822,2.1360,-0.1192,-0.1464,2.991,good,0.223,2.68,0,0,0,0,13.27,2,0.0,,,
1823,2.1360,-0.1157,-0.0720,3.450,good,0.373,7.43,0,0,0,0,2.53,2,0.0,,,
1819,2.1400,-0.1267,-0.0226,3.124,black,1.000,46.86,1,1,1,0,8.57,2,3.2,29|28,,
1820,2.1400,-0.1083,-0.0124,3.193,good,0.024,2.97,0,0,0,0,5.24,3,0.0,,,
1821,2.1400,-0.1086,0.2239,2.993,shell,0.959,5.18,1,1,1,0,9.71,3,2.4,60,1821,1821
1825,2.1400,-0.1178,-0.2079,3.156,good,0.004,2.54,0,0,0,0,9.02,2,0.0,,,
1826,2.1400,-0.1173,0.1410,3.000,good,0.475,4.11,0,0,0,0,12.45,2,0.0,,,
1827,2.1400,-0.1284,-0.1210,3.000,good,0.039,2.24,0,0,0,0,12.15,1,0.0,,,
1829,2.1400,-0.1169,-0.1178,3.000,good,0.033,2.21,0,0,0,0,12.31,1,0.0,,,
1830,2.1400,-0.1142,-0.0192,3.000,black,1.000,46.86,1,1,1,0,11.39,1,3.2,29,1844,
1824,2.1440,-0.1147,-0.1952,2.991,broken,0.880,3.40,1,1,1,0,11.78,3,2.4,7|6,1830,1830
1834,2.1440,-0.1054,-0.1145,3.000,good,0.013,2.20,0,0,0,0,8.47,1,0.0,,,
1828,2.1480,-0.1144,0.0047,3.007,good,0.003,3.77,0,0,0,0,11.30,3,0.0,,,
1833,2.1480,-0.1191,-0.0814,3.005,good,0.077,4.05,0,0,0,0,12.89,2,0.0,,,
1831,2.1520,-0.1103,0.1334,2.897,good,0.223,8.74,0,0,0,0,12.57,3,0.0,,,
1832,2.1520,-0.1102,-0.1171,2.907,good,0.299,5.25,0,0,0,0,12.30,3,0.0,,,
1837,2.1520,-0.1193,-0.1461,2.999,broken,0.991,2.21,1,1,1,0,13.13,2,2.4,13,1858,
1838,2.1520,-0.1166,0.0513,3.003,good,0.001,3.49,0,0,0,0,12.12,2,0.0,,,
1835,2.1560,-0.1232,0.2422,3.450,good,0.014,2.31,0,0,0,0,0.68,2,0.0,,,
1836,2.1560,-0.1336,-0.1667,3.000,shell,0.847,4.88,1,1,1,0,9.86,1,2.4,10,,
1841,2.1560,-0.1194,-0.0038,3.050,good,0.052,4.37,0,0,0,0,11.94,2,0.0,,,
1842,2.1560,-0.1179,0.2273,2.998,good,0.004,3.07,0,0,0,0,12.69,2,0.0,,,
1843,2.1560,-0.1153,0.1990,3.006,insect,1.000,5.26,1,1,1,0,11.62,2,3.1,57,1863,1863
1844,2.1560,-0.1262,-0.1629,3.000,shell,0.951,4.98,1,1,1,0,11.41,1,2.4,11|10,,
1850,2.1560,-0.1189,-0.1592,3.000,shell,0.804,4.88,1,1,1,0,12.95,1,2.4,11,1815,
1851,2.1560,-0.1008,-0.1220,3.000,good,0.009,3.25,0,0,0,0,6.94,1,0.0,,,
1839,2.1600,-0.1127,0.0251,2.998,good,0.034,3.72,0,0,0,0,10.94,3,0.0,,,
1840,2.1600,-0.1089,-0.1981,2.998,good,0.018,2.37,0,0,0,0,9.69,3,0.0,,,
1848,2.1600,-0.1197,-0.0712,2.962,broken,0.809,2.34,1,1,1,0,14.17,2,2.4,22|23,1848,1848
1849,2.1600,-0.1163,-0.1314,2.990,good,0.001,2.92,0,0,0,0,12.33,2,0.0,,,
1857,2.1600,-0.1115,-0.1555,3.000,shell,0.944,4.92,1,1,1,0,10.50,1,2.4,12|11,1815,
1845,2.1640,-0.1101,0.2322,3.001,good,0.007,3.30,0,0,0,0,10.01,3,0.0,,,
1846,2.1640,-0.1090,0.0008,3.006,good,0.235,2.56,0,0,0,0,9.52,3,0.0,,,
1847,2.1640,-0.1090,-0.0600,3.053,good,0.001,4.23,0,0,0,0,8.45,3,0.0,,,
1862,2.1640,-0.1041,-0.1518,3.000,shell,0.934,4.91,1,1,1,0,8.05,1,2.4,12,1815,
1852,2.1680,-0.1155,0.1537,2.995,good,0.000,4.91,0,0,0,0,11.97,3,0.0,,,
1853,2.1680,-0.1269,-0.1928,2.669,broken,0.564,3.96,1,1,1,0,21.01,2,2.4,7,1864,
1854,2.1680,-0.1130,-0.0339,3.014,insect,1.000,4.43,1,1,1,0,10.67,3,3.1,27,1856,1856
1855,2.1680,-0.1080,0.0310,3.373,broken,0.825,1.72,1,1,1,0,1.65,3,2.4,35|36,1860,
1856,2.1680,-0.1089,-0.1438,3.002,broken,0.725,4.04,1,1,1,0,9.59,3,2.4,13,1872,1872
1865,2.1680,-0.1188,-0.1897,3.000,good,0.009,6.83,0,0,0,0,12.95,1,0.0,,,
1858,2.1720,-0.1122,-0.1593,3.009,good,0.055,1.93,0,0,0,0,10.52,3,0.0,,,
1859,2.1720,-0.1129,0.1313,2.999,good,0.121,6.93,0,0,0,0,10.98,3,0.0,,,
1860,2.1720,-0.1349,-0.1872,3.000,good,0.183,5.37,0,0,0,0,10.29,1,0.0,,,
1861,2.1720,-0.1104,-0.0933,2.968,faded,0.839,3.39,1,1,1,0,10.89,3,3.2,20|19,1874,
1863,2.1760,-0.1128,-0.2328,3.006,good,0.004,4.16,0,0,0,0,10.78,3,0.0,,,
1864,2.1760,-0.1080,-0.0530,3.007,shell,0.999,5.57,1,1,1,0,9.19,3,2.4,25,1868,
1870,2.1760,-0.1165,0.0056,3.000,good,0.057,3.35,0,0,0,0,12.19,2,0.0,,,
1866,2.1800,-0.1132,-0.0596,2.993,broken,0.909,3.41,1,1,1,0,11.21,3,2.4,24,1882,1882
1867,2.1800,-0.1116,-0.2209,2.996,broken,0.996,3.27,1,1,1,0,10.63,3,2.4,3,1886,1886
1868,2.1800,-0.1089,-0.1860,3.007,good,0.166,2.85,0,0,0,0,9.49,3,0.0,,,
1869,2.1800,-0.1086,0.0897,3.000,broken,0.974,4.85,1,1,1,0,9.53,3,2.4,43,1866,1866
1871,2.1840,-0.1260,0.0203,2.984,good,0.067,3.34,0,0,0,0,11.73,2,0.0,,,
1872,2.1840,-0.1081,-0.1981,2.997,good,0.001,3.40,0,0,0,0,9.44,3,0.0,,,
1875,2.1840,-0.1183,0.1443,2.997,good,0.005,3.44,0,0,0,0,12.83,2,0.0,,,
1876,2.1840,-0.1160,-0.1703,3.422,broken,0.733,3.16,1,1,1,0,3.13,2,2.4,10,1906,1906
1880,2.1840,-0.1189,0.0221,3.000,good,0.079,6.99,0,0,0,0,12.95,1,0.0,,,
1873,2.1880,-0.1124,-0.0911,2.968,good,0.033,2.91,0,0,0,0,11.56,3,0.0,,,
1874,2.1880,-0.1350,0.0256,3.000,good,0.157,2.62,0,0,0,0,10.33,1,0.0,,,
1878,2.1880,-0.1170,-0.0991,3.004,faded,0.983,4.10,1,1,1,0,12.23,2,3.2,19,1878,
1879,2.1880,-0.1167,-0.0348,2.999,good,0.012,3.40,0,0,0,0,12.24,2,0.0,,,
1877,2.1920,-0.1082,-0.2197,3.450,broken,0.807,4.90,1,1,1,0,0.34,3,2.4,3|4,1925,
1882,2.1920,-0.1177,0.0777,3.006,broken,0.983,3.57,1,1,1,0,12.42,2,2.4,41|42,1887,
1881,2.1960,-0.1100,0.1572,3.322,good,0.164,2.07,0,0,0,0,3.20,3,0.0,,,
1883,2.1960,-0.1196,-0.1157,2.995,good,0.023,5.55,0,0,0,0,13.33,2,0.0,,,
1890,2.2000,-0.1163,0.0505,3.014,sour,1.000,18.24,1,1,1,0,11.79,2,3.2,38,1894,1894
1884,2.2040,-0.1171,0.0734,2.864,faded,1.000,6.44,1,1,1,0,15.80,3,3.2,41,1904,
1885,2.2040,-0.1103,-0.2043,3.048,good,0.044,6.03,0,0,0,0,9.01,3,0.0,,,
1886,2.2040,-0.1087,0.1525,3.103,good,0.355,3.88,0,0,0,0,7.25,3,0.0,,,
1887,2.2040,-0.1092,-0.0661,3.005,good,0.353,2.64,0,0,0,0,9.63,3,0.0,,,
1888,2.2040,-0.1232,-0.2333,2.334,broken,0.718,4.73,1,1,1,0,31.62,2,2.4,2|1,1918,
1889,2.2040,-0.1088,-0.0159,2.837,good,0.011,3.14,0,0,0,0,13.62,3,0.0,,,
1894,2.2040,-0.1178,-0.2339,3.450,good,0.459,6.32,0,0,0,0,3.12,2,0.0,,,
1896,2.2040,-0.1187,0.0224,2.995,broken,0.999,2.80,1,1,1,0,13.03,2,2.4,34|35,1916,1916
1891,2.2080,-0.1113,0.2282,3.003,good,0.000,6.44,0,0,0,0,10.36,3,0.0,,,
1892,2.2080,-0.1113,-0.2076,3.000,good,0.186,5.85,0,0,0,0,10.44,3,0.0,,,
1893,2.2080,-0.1100,0.1932,3.009,sour,1.000,11.93,1,1,1,0,9.79,3,3.2,56,1902,1902
1895,2.2080,-0.1090,0.1272,2.994,broken,0.842,3.94,1,1,1,0,9.82,3,2.4,48,1908,1908
1897,2.2120,-0.1148,0.1248,3.058,black,1.000,55.96,1,1,1,0,10.24,3,3.2,47|48,1912,
1898,2.2120,-0.1098,-0.0987,3.004,good,0.415,2.60,0,0,0,0,9.86,3,0.0,,,
1899,2.2120,-0.1091,-0.2081,2.953,good,0.039,2.97,0,0,0,0,10.80,3,0.0,,,
1902,2.2120,-0.1191,-0.2356,2.964,faded,0.570,4.09,1,1,1,0,13.93,2,3.2,1|2,1913,
1904,2.2120,-0.1174,-0.1555,2.998,good,0.037,6.61,0,0,0,0,12.51,2,0.0,,,
1900,2.2160,-0.1129,0.1145,2.975,good,0.373,2.99,0,0,0,0,11.54,3,0.0,,,
1901,2.2160,-0.1104,-0.2018,2.986,good,0.002,2.41,0,0,0,0,10.46,3,0.0,,,
1903,2.2160,-0.1083,0.2288,3.004,good,0.015,6.58,0,0,0,0,9.35,3,0.0,,,
1905,2.2160,-0.1181,-0.0007,3.001,shell,0.948,5.69,1,1,1,0,12.69,2,2.4,31|32,1935,1935
1908,2.2200,-0.1197,0.2287,2.986,shell,1.000,4.55,1,1,1,0,13.58,2,2.4,61,1915,1915
1909,2.2200,-0.1157,0.1931,3.012,sour,1.000,13.91,1,1,1,0,11.61,2,3.2,56,1930,1930
1910,2.2200,-0.1150,0.0248,3.078,good,0.152,4.41,0,0,0,0,9.84,2,0.0,,,
1906,2.2240,-0.1128,-0.0260,3.001,good,0.126,2.10,0,0,0,0,10.92,3,0.0,,,
1907,2.2240,-0.1124,0.1076,2.973,good,0.005,3.68,0,0,0,0,11.44,3,0.0,,,
1914,2.2240,-0.1181,-0.1602,2.964,good,0.313,3.39,0,0,0,0,13.57,2,0.0,,,
1911,2.2280,-0.1149,0.2094,3.017,good,0.039,4.82,0,0,0,0,11.24,3,0.0,,,
1912,2.2280,-0.1143,-0.1918,2.970,good,0.238,4.08,0,0,0,0,12.17,3,0.0,,,
1913,2.2280,-0.1092,-0.0781,2.999,broken,0.787,3.76,1,1,1,0,9.76,3,2.4,22|21,1919,1919
1915,2.2320,-0.1145,0.1577,2.998,good,0.148,2.78,0,0,0,0,11.54,3,0.0,,,
1916,2.2320,-0.1129,-0.0750,2.960,good,0.014,4.53,0,0,0,0,11.93,3,0.0,,,
1917,2.2320,-0.1119,0.1457,3.009,good,0.120,5.69,0,0,0,0,10.45,3,0.0,,,
1918,2.2320,-0.1110,0.0376,3.009,good,0.022,2.22,0,0,0,0,10.12,3,0.0,,,
1919,2.2320,-0.1124,-0.0324,2.684,good,0.008,4.57,0,0,0,0,19.13,3,0.0,,,
1920,2.2320,-0.1091,0.1669,2.964,good,0.005,3.39,0,0,0,0,10.55,3,0.0,,,
1924,2.2320,-0.1175,-0.1722,2.845,broken,0.888,4.68,1,1,1,0,16.45,2,2.4,9|10,1943,1943
1921,2.2360,-0.1149,0.1936,2.602,insect,0.651,2.85,1,1,1,0,22.58,3,3.2,56,1932,
1922,2.2360,-0.1110,-0.2105,2.927,good,0.148,3.32,0,0,0,0,12.07,3,0.0,,,
1923,2.2360,-0.1096,-0.0100,3.007,broken,0.972,4.58,1,1,1,0,9.69,3,2.4,30,1934,
1925,2.2400,-0.1196,0.0480,3.447,good,0.291,3.36,0,0,0,0,3.70,2,0.0,,,
1926,2.2400,-0.1175,0.0216,2.997,sour,1.000,16.08,1,1,1,0,12.58,2,3.2,34,1940,1940
1931,2.2440,-0.1149,-0.1641,3.014,good,0.001,2.71,0,0,0,0,11.28,2,0.0,,,
1934,2.2440,-0.1058,0.0510,3.000,good,0.201,3.08,0,0,0,0,8.60,1,0.0,,,
1927,2.2480,-0.1409,-0.1966,3.000,husk,0.998,10.79,1,1,1,0,12.29,1,2.4,6|7,,
1928,2.2480,-0.1099,-0.1457,2.938,good,0.004,2.63,0,0,0,0,11.45,3,0.0,,,
1929,2.2480,-0.1093,-0.1564,3.018,good,0.046,2.84,0,0,0,0,9.35,3,0.0,,,
1930,2.2480,-0.1101,0.1944,2.818,sour,1.000,16.00,1,1,1,0,14.53,3,3.2,56|57,1946,1946
1932,2.2520,-0.1351,-0.1974,3.000,husk,0.997,10.77,1,1,1,0,10.36,1,2.4,6,,
1933,2.2520,-0.1092,0.1779,3.004,broken,0.609,2.46,1,1,1,0,9.66,3,2.4,54,1959,1959
1936,2.2520,-0.1193,0.2005,3.045,broken,0.601,2.49,1,1,1,0,12.03,2,2.4,57,1951,
1937,2.2520,-0.1172,0.0611,2.994,good,0.049,1.58,0,0,0,0,12.54,2,0.0,,,
1938,2.2520,-0.1149,-0.0697,3.266,good,0.493,4.63,0,0,0,0,5.79,2,0.0,,,
1939,2.2520,-0.1293,-0.1982,3.000,husk,0.998,10.58,1,1,1,0,12.43,1,2.4,6,1870,
1940,2.2520,-0.1149,-0.1210,3.060,good,0.000,2.14,0,0,0,0,10.22,2,0.0,,,
1935,2.2560,-0.1082,0.1750,3.213,good,0.027,5.43,0,0,0,0,4.81,3,0.0,,,
1942,2.2560,-0.1176,0.2269,2.999,good,0.175,3.04,0,0,0,0,12.58,2,0.0,,,
1943,2.2560,-0.1234,-0.1990,3.000,husk,0.997,10.87,1,1,1,0,10.48,1,2.4,6,1870,
1951,2.2560,-0.1176,-0.1998,3.000,husk,0.996,10.76,1,1,1,0,12.55,1,2.4,6,1870,
1941,2.2600,-0.1141,0.1264,3.002,shell,0.998,7.07,1,1,1,0,11.32,3,2.4,48|47,1945,1945
1950,2.2600,-0.1189,0.1025,3.006,good,0.002,2.88,0,0,0,0,12.83,2,0.0,,,
1954,2.2600,-0.1118,-0.2006,3.000,husk,0.999,10.88,1,1,1,0,10.61,1,2.4,6,1870,
1944,2.2640,-0.1163,0.0611,2.999,good,0.128,4.37,0,0,0,0,12.10,3,0.0,,,
1945,2.2640,-0.1172,-0.2332,2.780,shell,0.958,4.73,1,1,1,0,18.16,3,2.4,2|1,1948,
1946,2.2640,-0.1125,-0.0382,3.031,good,0.248,8.47,0,0,0,0,10.09,3,0.0,,,
1947,2.2640,-0.1153,0.1942,2.730,good,0.415,2.46,0,0,0,0,18.84,3,0.0,,,
1948,2.2640,-0.1109,-0.1771,2.970,broken,0.635,2.55,1,1,1,0,11.00,3,2.4,9,1985,1985
1949,2.2640,-0.1239,0.0067,2.245,husk,0.993,16.24,1,1,1,0,35.74,2,2.4,32|33,,
1957,2.2640,-0.1149,0.0027,3.000,broken,0.992,15.98,1,1,1,0,11.65,1,2.4,32,1889,
1958,2.2640,-0.1060,-0.2014,3.000,husk,0.999,10.86,1,1,1,0,8.68,1,2.4,6,1870,
1952,2.2680,-0.1106,-0.1653,3.232,broken,0.737,3.85,1,1,1,0,5.17,3,2.4,10|11,1969,1969
1953,2.2680,-0.1107,0.0507,2.959,broken,0.563,1.62,1,1,1,0,11.18,3,2.4,38,1949,1949
1956,2.2680,-0.1163,0.1229,3.008,good,0.101,3.10,0,0,0,0,11.93,2,0.0,,,
1965,2.2680,-0.1002,-0.2021,3.000,husk,0.998,10.75,1,1,1,0,6.74,1,2.4,6|5,1870,
1955,2.2720,-0.1132,-0.0998,2.973,good,0.003,3.74,0,0,0,0,11.72,3,0.0,,,
1962,2.2720,-0.1176,-0.0251,2.988,good,0.000,4.96,0,0,0,0,12.83,2,0.0,,,
1963,2.2720,-0.1190,0.0985,2.993,good,0.037,2.24,0,0,0,0,13.16,2,0.0,,,
1964,2.2720,-0.1154,-0.0593,3.161,good,0.000,3.17,0,0,0,0,8.14,2,0.0,,,
1959,2.2760,-0.1148,-0.1850,2.965,good,0.001,2.19,0,0,0,0,12.45,3,0.0,,,
1960,2.2760,-0.1160,0.1536,3.003,broken,0.902,1.66,1,1,1,0,11.93,3,2.4,51,1967,1967
1961,2.2760,-0.1133,-0.1616,2.984,good,0.060,3.48,0,0,0,0,11.49,3,0.0,,,
1971,2.2760,-0.1173,0.1190,3.002,good,0.021,1.65,0,0,0,0,12.38,2,0.0,,,
1972,2.2760,-0.1160,0.1087,3.073,shell,0.755,4.70,1,1,1,0,10.27,2,2.4,45|46,1977,1977
1966,2.2800,-0.1107,0.1380,3.135,good,0.043,3.31,0,0,0,0,7.20,3,0.0,,,
1967,2.2800,-0.1088,-0.0025,3.005,good,0.133,3.95,0,0,0,0,9.48,3,0.0,,,
1968,2.2800,-0.1104,0.1885,2.791,good,0.398,3.65,0,0,0,0,15.37,3,0.0,,,
1969,2.2800,-0.1098,-0.2324,3.002,good,0.298,5.72,0,0,0,0,9.88,3,0.0,,,
1970,2.2800,-0.1091,0.0583,2.995,good,0.096,2.49,0,0,0,0,9.81,3,0.0,,,
1975,2.2800,-0.1131,0.2308,3.217,good,0.000,3.22,0,0,0,0,6.26,2,0.0,,,
1973,2.2840,-0.1099,0.0239,2.996,broken,0.794,3.27,1,1,1,0,10.06,3,2.4,35|34,1976,1976
1974,2.2840,-0.1090,0.0728,2.852,broken,0.706,2.84,1,1,1,0,13.26,3,2.4,41,1990,1990
1977,2.2840,-0.1165,-0.1116,3.000,good,0.001,2.57,0,0,0,0,12.17,2,0.0,,,
1976,2.2880,-0.1149,-0.1700,3.007,good,0.023,5.07,0,0,0,0,11.46,3,0.0,,,
1981,2.2880,-0.1196,0.1307,2.971,good,0.205,4.61,0,0,0,0,13.90,2,0.0,,,
1982,2.2880,-0.1163,0.1677,2.990,good,0.389,4.17,0,0,0,0,12.35,2,0.0,,,
1978,2.2920,-0.1199,-0.2417,2.492,black,1.000,51.33,1,1,1,0,28.24,3,3.2,1|0,1980,
1979,2.2920,-0.1144,-0.0891,2.996,good,0.586,2.90,1,1,1,0,11.56,3,2.6,20,1996,1996
1980,2.2920,-0.1103,0.0074,3.003,black,1.000,50.41,1,1,1,0,10.03,3,3.2,32|33,1989,1989
1985,2.2920,-0.1193,0.1145,3.028,good,0.478,3.55,0,0,0,0,12.42,2,0.0,,,
1983,2.2960,-0.1132,-0.0732,2.982,good,0.034,3.11,0,0,0,0,11.49,3,0.0,,,
1984,2.2960,-0.1103,0.1030,2.999,faded,0.740,4.97,1,1,1,0,10.11,3,2.9,45|44,1999|2001,1999|2001
1986,2.3000,-0.1121,0.1369,2.999,good,0.075,6.47,0,0,0,0,10.72,3,0.0,,,
1988,2.3000,-0.1174,0.0939,3.000,good,0.486,5.23,0,0,0,0,12.48,2,0.0,,,
1989,2.3000,-0.1163,0.2182,2.861,good,0.002,5.04,0,0,0,0,15.61,2,0.0,,,
1990,2.3000,-0.1180,-0.1812,2.725,broken,0.996,3.46,1,1,1,0,20.01,2,2.4,8|9,2008,2008
1987,2.3040,-0.1139,-0.0285,2.794,good,0.153,2.12,0,0,0,0,16.54,3,0.0,,,
1997,2.3040,-0.1184,0.0019,3.029,good,0.299,2.43,0,0,0,0,12.09,2,0.0,,,
1998,2.3040,-0.1184,0.0322,3.039,shell,0.614,4.54,1,1,1,0,11.85,2,2.4,36|35,2000,
1999,2.3040,-0.1169,0.0923,3.363,broken,0.628,2.89,1,1,1,0,4.50,2,2.4,43|44,1986,
1991,2.3080,-0.1144,-0.1081,3.022,good,0.058,2.34,0,0,0,0,10.93,3,0.0,,,
1992,2.3080,-0.1118,0.1378,3.376,good,0.004,18.88,1,1,1,0,2.74,3,9.0,49|50|48,2028|2037,2028|2037
1993,2.3080,-0.1249,-0.1964,2.939,good,0.324,2.12,0,0,0,0,12.53,2,0.0,,,
1994,2.3080,-0.1099,0.2397,3.060,broken,0.522,2.54,1,1,1,0,8.60,3,2.4,62,2016,
1995,2.3080,-0.1092,-0.0640,2.975,broken,0.994,3.04,1,1,1,0,10.32,3,2.4,23|24,2005,
1996,2.3080,-0.1090,-0.0362,3.004,broken,0.988,3.42,1,1,1,0,9.55,3,2.4,27,2010,2010
2009,2.3080,-0.1132,-0.1934,3.000,good,0.495,2.23,0,0,0,0,11.05,1,0.0,,,
2000,2.3120,-0.1143,-0.1264,2.964,faded,0.945,5.63,1,1,1,0,12.30,3,2.6,15|16,2021,2021
2001,2.3120,-0.1357,-0.0829,3.000,good,0.121,2.55,0,0,0,0,10.57,1,0.0,,,
2002,2.3120,-0.1116,0.1109,2.974,good,0.024,1.92,0,0,0,0,11.13,3,0.0,,,
2003,2.3120,-0.1118,0.1951,2.958,good,0.056,4.55,0,0,0,0,11.62,3,0.0,,,
2004,2.3120,-0.1221,-0.0952,2.993,broken,0.993,3.42,1,1,1,0,10.20,2,2.4,19|20,,
2005,2.3120,-0.1092,0.2105,2.983,good,0.062,2.48,0,0,0,0,10.12,3,0.0,,,
2006,2.3120,-0.1184,0.0892,3.382,broken,0.741,3.17,1,1,1,0,4.58,2,2.4,43,2033,
2007,2.3120,-0.1181,-0.1495,3.034,good,0.001,2.25,0,0,0,0,11.90,2,0.0,,,
2008,2.3120,-0.1250,-0.0859,3.000,good,0.055,2.51,0,0,0,0,10.99,1,0.0,,,
2011,2.3120,-0.1123,-0.0919,3.000,good,0.010,7.89,0,0,0,0,10.75,1,0.0,,,
2010,2.3160,-0.1178,0.0093,3.136,faded,1.000,6.34,1,1,1,0,9.45,2,3.2,33|32,2023,2023
2018,2.3200,-0.1303,-0.1379,3.000,husk,1.000,9.77,1,1,1,0,12.76,1,2.4,14,,
2013,2.3240,-0.1100,-0.1443,3.321,sour,0.877,17.18,1,1,1,0,3.23,3,3.2,13,1982|2029,
2014,2.3240,-0.1258,0.0031,2.437,husk,1.000,10.02,1,1,1,0,28.67,2,2.4,32,,
2015,2.3240,-0.1116,0.1968,3.008,good,0.041,4.31,0,0,0,0,10.34,3,0.0,,,
2016,2.3240,-0.1108,-0.1749,2.996,good,0.380,4.07,0,0,0,0,10.34,3,0.0,,,
2017,2.3240,-0.1084,0.1470,2.997,black,1.000,49.91,1,1,1,0,9.53,3,3.2,50|51,2031,2031
2020,2.3240,-0.1170,0.1654,2.995,sour,1.000,19.91,1,1,1,0,12.48,2,3.2,53|52,2018,
2024,2.3240,-0.1160,-0.0006,3.000,husk,1.000,9.92,1,1,1,0,12.00,1,2.4,31|32,2058,
2012,2.3280,-0.1116,0.0937,2.365,broken,0.959,1.94,1,1,1,0,29.46,4,2.4,43|44,2019,2019
2019,2.3280,-0.1063,-0.0484,3.450,insect,1.000,5.98,1,1,1,0,-0.21,3,3.1,25,2073,
2023,2.3280,-0.1169,-0.0771,3.000,broken,0.823,6.67,1,1,1,0,12.28,2,2.4,22|21,2044,2044
2021,2.3320,-0.1170,-0.0849,2.715,good,0.010,4.42,0,0,0,0,19.92,3,0.0,,,
2022,2.3320,-0.1073,0.0121,3.244,broken,0.995,4.49,1,1,1,0,3.89,3,2.4,33,2027,
2026,2.3320,-0.1200,0.1171,3.204,faded,0.995,5.81,1,1,1,0,8.66,2,3.2,46|47,2035|2042,2035
2027,2.3320,-0.1179,-0.0335,3.001,good,0.002,2.04,0,0,0,0,12.60,2,0.0,,,
2028,2.3320,-0.1310,-0.1695,3.000,broken,0.701,3.32,1,1,1,0,12.99,1,2.4,10,2041,
2029,2.3320,-0.1165,-0.0230,3.037,good,0.006,3.03,0,0,0,0,11.28,2,0.0,,,
2025,2.3360,-0.1123,-0.0123,2.975,good,0.026,3.59,0,0,0,0,11.34,3,0.0,,,
2033,2.3360,-0.1123,-0.1719,2.917,black,0.543,21.96,1,1,1,0,12.78,2,3.2,9|10,2025|2041,2041
2034,2.3360,-0.1163,0.1305,2.982,faded,0.991,5.04,1,1,1,0,12.52,2,3.2,48,2032,2032
2030,2.3400,-0.1094,-0.2028,3.131,good,0.002,2.41,0,0,0,0,6.87,3,0.0,,,
2031,2.3400,-0.1114,-0.0764,2.865,good,0.341,3.87,0,0,0,0,13.79,3,0.0,,,
2032,2.3400,-0.1091,0.1721,2.942,shell,0.750,5.34,1,1,1,0,11.07,3,2.4,54|53,2026,2026
2036,2.3400,-0.1192,-0.1318,2.997,good,0.049,3.19,0,0,0,0,13.12,2,0.0,,,
2037,2.3400,-0.1186,0.1321,3.000,faded,0.998,6.73,1,1,1,0,12.85,2,3.2,48|49,2038,2038
2038,2.3400,-0.1169,-0.1645,2.987,good,0.030,3.78,0,0,0,0,12.60,2,0.0,,,
2035,2.3440,-0.1264,0.2382,2.616,broken,0.633,3.73,1,1,1,0,22.54,2,2.4,62,,
2040,2.3440,-0.1190,-0.0679,2.909,broken,0.619,2.82,1,1,1,0,15.28,2,2.4,23,2034,
2041,2.3440,-0.1160,-0.0453,2.990,good,0.007,2.74,0,0,0,0,12.23,2,0.0,,,
2044,2.3440,-0.1159,0.2425,3.000,broken,0.815,3.26,1,1,1,0,11.97,1,2.4,63|62,2002,
2039,2.3480,-0.1125,-0.1193,3.021,broken,0.515,3.88,1,1,1,0,10.33,3,2.4,16,2036,2036
2043,2.3480,-0.1166,-0.0378,3.011,good,0.015,2.42,0,0,0,0,11.92,2,0.0,,,
2042,2.3520,-0.1251,0.0263,3.434,broken,0.914,4.07,1,1,1,0,1.55,2,2.4,35,,
2051,2.3520,-0.1114,0.0307,3.000,broken,0.828,3.83,1,1,1,0,10.46,1,2.4,35|36,2054,
2045,2.3560,-0.1160,0.1412,2.998,broken,0.999,6.44,1,1,1,0,12.03,3,2.4,50|49,2074,2074
2046,2.3560,-0.1119,0.1694,2.879,good,0.346,2.62,0,0,0,0,13.59,3,0.0,,,
2050,2.3560,-0.1135,-0.0007,2.963,broken,0.733,6.16,1,1,1,0,12.06,2,2.4,31|32,2051|2064,2064
2047,2.3600,-0.1134,-0.2162,3.098,broken,0.899,2.98,1,1,1,0,8.88,3,2.4,4,2077,2077
2048,2.3600,-0.1145,-0.1028,3.114,broken,0.664,2.99,1,1,1,0,8.89,3,2.4,18|19,2076,2076
2049,2.3600,-0.1127,0.0767,3.008,faded,0.997,5.04,1,1,1,0,10.70,3,3.2,41|42,2069,2069
2055,2.3600,-0.1174,0.1793,3.037,good,0.000,4.32,0,0,0,0,11.60,2,0.0,,,
2056,2.3600,-0.1174,0.1908,2.937,black,1.000,49.96,1,1,1,0,14.04,2,3.2,56,2053,2053
2057,2.3600,-0.1179,0.1097,2.998,broken,0.783,2.40,1,1,1,0,12.68,2,2.4,46|45,2062,2062
2058,2.3600,-0.1157,-0.0890,3.289,broken,0.738,2.67,1,1,1,0,5.59,2,2.4,20,2048,
2052,2.3640,-0.1144,-0.1738,3.000,good,0.186,2.53,0,0,0,0,11.48,3,0.0,,,
2053,2.3640,-0.1106,-0.1466,3.000,good,0.001,3.96,0,0,0,0,10.19,3,0.0,,,
2054,2.3640,-0.1103,0.1282,2.848,good,0.000,2.23,0,0,0,0,13.84,3,0.0,,,
2063,2.3640,-0.1182,0.1780,2.997,shell,0.789,4.40,1,1,1,0,12.82,2,2.4,54,2059,2059
2064,2.3640,-0.1171,-0.2281,3.158,good,0.029,6.98,0,0,0,0,8.73,2,0.0,,,
2059,2.3680,-0.1150,-0.0227,2.999,good,0.000,3.41,0,0,0,0,11.67,3,0.0,,,
2060,2.3680,-0.1146,0.0794,2.994,good,0.002,3.76,0,0,0,0,11.70,3,0.0,,,
2061,2.3680,-0.1110,0.1153,3.032,good,0.010,3.68,0,0,0,0,9.58,3,0.0,,,
2062,2.3680,-0.1089,-0.0606,3.003,shell,0.990,6.41,1,1,1,0,9.54,3,2.4,24,2050,2050
2067,2.3720,-0.1156,0.1475,3.091,good,0.400,4.19,0,0,0,0,9.76,2,0.0,,,
2065,2.3760,-0.1136,0.1292,2.997,good,0.111,3.40,0,0,0,0,11.26,3,0.0,,,
2066,2.3760,-0.1102,-0.1431,3.037,black,1.000,48.29,1,1,1,0,9.20,3,3.2,13,2071,2071
2068,2.3800,-0.1138,0.0779,2.903,good,0.068,3.63,0,0,0,0,13.66,3,0.0,,,
2071,2.3800,-0.1173,-0.1134,3.450,good,0.367,4.05,0,0,0,0,2.99,2,0.0,,,
2073,2.3800,-0.1193,0.0362,2.893,faded,0.998,5.95,1,1,1,0,15.83,2,3.2,36,2091,
2069,2.3840,-0.1095,0.0506,3.017,black,1.000,49.37,1,1,1,0,9.42,3,3.2,38,2063,2063
2070,2.3840,-0.1100,0.1429,2.915,good,0.090,4.20,0,0,0,0,12.03,3,0.0,,,
2072,2.3840,-0.1082,-0.1912,3.001,shell,0.996,5.39,1,1,1,0,9.38,3,2.4,7,2086,2086
2074,2.3880,-0.1154,-0.1686,3.000,faded,0.862,4.18,1,1,1,0,11.79,3,2.7,10,2082,2082
2075,2.3880,-0.1139,-0.0420,3.003,broken,0.960,3.23,1,1,1,0,11.24,3,2.4,26,2087,2087
2076,2.3880,-0.1101,-0.1960,2.976,shell,0.994,3.57,1,1,1,0,10.60,3,2.4,6|7,2097,2097
2079,2.3880,-0.1200,0.0431,3.075,good,0.006,3.37,0,0,0,0,11.53,2,0.0,,,
2080,2.3880,-0.1187,0.0087,3.197,good,0.212,4.50,0,0,0,0,8.41,2,0.0,,,
2077,2.3920,-0.1150,0.1968,3.010,broken,0.788,3.49,1,1,1,0,11.42,3,2.4,57|56,2083,2083
2078,2.3920,-0.1137,-0.0975,3.018,broken,0.994,3.35,1,1,1,0,10.82,3,2.4,19,2088,2088
2083,2.3920,-0.1197,0.1714,3.016,good,0.001,4.30,0,0,0,0,12.82,2,0.0,,,
2081,2.3960,-0.1125,0.0518,3.128,good,0.049,3.84,0,0,0,0,7.95,3,0.0,,,
2082,2.3960,-0.1103,-0.1617,2.988,good,0.028,2.24,0,0,0,0,10.38,3,0.0,,,
2087,2.3960,-0.1154,-0.1220,3.264,insect,1.000,4.52,1,1,1,0,6.00,2,3.1,16,2121,
2088,2.3960,-0.1103,-0.0084,3.001,good,0.034,2.87,0,0,0,0,10.06,2,0.0,,,
2084,2.4000,-0.1104,-0.1355,3.006,good,0.007,2.74,0,0,0,0,9.99,3,0.0,,,
2085,2.4000,-0.1110,-0.0127,2.811,good,0.000,3.15,0,0,0,0,15.05,3,0.0,,,
2086,2.4000,-0.1097,0.1865,2.981,good,0.033,3.30,0,0,0,0,10.36,3,0.0,,,
2091,2.4000,-0.1168,-0.2123,3.069,good,0.003,8.39,0,0,0,0,10.64,2,0.0,,,
2092,2.4000,-0.1199,-0.1587,2.997,good,0.003,5.64,0,0,0,0,13.37,2,0.0,,,
2093,2.4000,-0.1162,-0.0456,2.984,good,0.088,4.38,0,0,0,0,12.46,2,0.0,,,
2089,2.4040,-0.1159,-0.1778,3.001,good,0.051,2.33,0,0,0,0,11.95,3,0.0,,,
2090,2.4040,-0.1157,-0.0659,2.990,good,0.214,3.09,0,0,0,0,12.13,3,0.0,,,
2096,2.4040,-0.1197,-0.1072,2.996,good,0.002,3.96,0,0,0,0,13.33,2,0.0,,,
2102,2.4040,-0.1001,-0.2135,3.000,good,0.099,3.86,0,0,0,0,6.71,1,0.0,,,
2094,2.4080,-0.1144,0.1343,3.018,good,0.036,3.71,0,0,0,0,11.05,3,0.0,,,
2095,2.4080,-0.1092,-0.0763,3.013,good,0.005,2.93,0,0,0,0,9.43,3,0.0,,,
2100,2.4080,-0.1175,0.0957,3.217,broken,0.574,1.78,1,1,1,0,7.59,2,2.4,44,2106,
2101,2.4080,-0.1179,0.1897,3.018,good,0.118,3.03,0,0,0,0,12.20,2,0.0,,,
2097,2.4120,-0.1120,-0.0169,3.248,good,0.014,3.68,0,0,0,0,5.26,3,0.0,,,
2098,2.4120,-0.1114,0.1113,2.834,good,0.001,1.69,0,0,0,0,14.60,3,0.0,,,
2099,2.4120,-0.1109,0.0195,2.829,broken,0.984,4.14,1,1,1,0,14.56,3,2.4,34,2116,
2103,2.4160,-0.1141,0.1001,2.999,good,0.306,2.45,0,0,0,0,11.39,3,0.0,,,
2104,2.4160,-0.1101,-0.0706,2.998,good,0.000,3.05,0,0,0,0,10.07,3,0.0,,,
2105,2.4200,-0.1400,0.1608,3.000,broken,0.894,4.68,1,1,1,0,11.99,1,2.4,52,,
2106,2.4200,-0.1105,0.1388,3.007,good,0.002,3.43,0,0,0,0,10.00,3,0.0,,,
2109,2.4200,-0.1254,0.1579,3.000,broken,0.602,4.37,1,1,1,0,11.12,1,2.4,52,,
2113,2.4200,-0.1108,0.1551,3.000,good,0.484,4.37,0,0,0,0,10.26,1,0.0,,,
2107,2.4240,-0.1121,0.0656,3.078,good,0.000,4.87,0,0,0,0,8.93,3,0.0,,,
2108,2.4240,-0.1102,0.2250,3.001,shell,0.866,6.34,1,1,1,0,10.05,3,2.4,60,2109,2109
2112,2.4240,-0.1170,0.0107,3.002,good,0.011,3.59,0,0,0,0,12.29,2,0.0,,,
2110,2.4280,-0.1122,0.1266,3.351,good,0.000,2.95,0,0,0,0,3.33,3,0.0,,,
2111,2.4280,-0.1120,-0.0739,3.166,good,0.002,4.30,0,0,0,0,6.97,3,0.0,,,
2115,2.4280,-0.1193,-0.1729,2.936,broken,0.845,3.68,1,1,1,0,14.70,2,2.4,9|10,2115,2115
2116,2.4280,-0.1163,-0.2360,2.921,broken,0.600,3.43,1,1,1,0,14.05,2,2.4,1,2113,
2114,2.4320,-0.1089,-0.1103,2.963,good,0.003,3.13,0,0,0,0,10.51,3,0.0,,,
2120,2.4320,-0.1185,0.0690,2.982,broken,0.547,4.31,1,1,1,0,13.29,2,2.4,40|41,2130,2130
2124,2.4320,-0.1131,0.1345,3.000,good,0.015,2.43,0,0,0,0,11.05,1,0.0,,,
2117,2.4360,-0.1162,0.1783,2.830,good,0.343,3.31,0,0,0,0,16.38,3,0.0,,,
2118,2.4360,-0.1125,0.1365,2.197,good,0.138,7.86,0,0,0,0,36.73,3,0.0,,,
2119,2.4360,-0.1098,0.1915,3.032,broken,0.696,2.76,1,1,1,0,9.20,3,2.4,56,2127,2127
2121,2.4400,-0.1152,-0.1498,2.992,good,0.042,7.07,0,0,0,0,11.90,3,0.0,,,
2122,2.4400,-0.1106,0.1207,3.000,good,0.000,4.24,0,0,0,0,10.19,3,0.0,,,
2123,2.4400,-0.1093,-0.2331,2.842,faded,0.990,5.73,1,1,1,0,13.64,3,3.2,2|1,2098,
2130,2.4400,-0.1189,0.0348,2.977,good,0.018,3.58,0,0,0,0,13.54,2,0.0,,,
2131,2.4400,-0.1193,-0.0482,2.726,good,0.186,3.81,0,0,0,0,20.46,2,0.0,,,
2132,2.4400,-0.1173,0.1033,2.999,broken,0.883,2.68,1,1,1,0,12.46,2,2.4,45,2150,2150
2125,2.4440,-0.1131,0.0856,3.136,good,0.184,6.24,0,0,0,0,7.96,3,0.0,,,
2126,2.4440,-0.1142,0.1442,2.986,faded,0.925,5.71,1,1,1,0,11.74,3,3.2,50,2137,
2127,2.4440,-0.1115,-0.1634,3.030,broken,0.573,2.38,1,1,1,0,9.81,3,2.4,11|10,2133,2133
2128,2.4440,-0.1120,0.1001,2.996,faded,0.999,6.34,1,1,1,0,10.78,3,3.0,44|45,2123,2123
2129,2.4440,-0.1099,-0.1310,2.990,good,0.001,2.29,0,0,0,0,10.21,3,0.0,,,
2137,2.4440,-0.1184,-0.0030,2.996,good,0.203,8.28,0,0,0,0,12.90,2,0.0,,,
2138,2.4440,-0.1187,0.1607,2.998,good,0.310,2.56,0,0,0,0,12.95,2,0.0,,,
2142,2.4440,-0.1193,0.0887,3.000,shell,0.997,5.29,1,1,1,0,13.09,1,2.4,43,2151,
2143,2.4440,-0.1085,-0.0436,3.000,good,0.198,3.53,0,0,0,0,9.49,1,0.0,,,
2133,2.4480,-0.1143,0.1199,3.052,good,0.015,2.65,0,0,0,0,10.20,3,0.0,,,
2134,2.4480,-0.1106,-0.1790,2.992,good,0.011,3.26,0,0,0,0,10.37,3,0.0,,,
2135,2.4480,-0.1110,-0.1135,2.979,good,0.168,4.44,0,0,0,0,10.84,3,0.0,,,
2136,2.4480,-0.1099,-0.0325,2.996,good,0.003,3.95,0,0,0,0,10.08,3,0.0,,,
2140,2.4480,-0.1164,-0.0757,2.998,good,0.044,5.75,0,0,0,0,12.19,2,0.0,,,
2141,2.4480,-0.1183,0.0471,2.983,good,0.001,3.64,0,0,0,0,13.17,2,0.0,,,
2146,2.4480,-0.1088,0.0925,3.000,shell,0.994,4.78,1,1,1,0,9.59,1,2.4,43|44,2151,
2139,2.4520,-0.1137,0.2282,2.870,broken,0.948,2.58,1,1,1,0,14.47,3,2.4,61,2152,
2144,2.4560,-0.1140,0.1146,2.988,shell,0.972,5.45,1,1,1,0,11.61,3,2.4,46,2143,2143
2145,2.4560,-0.1083,0.0946,2.998,good,0.001,3.37,0,0,0,0,9.49,3,0.0,,,
2152,2.4560,-0.1170,0.0711,2.997,broken,0.799,4.51,1,1,1,0,12.39,2,2.4,41|40,2165,2165
2147,2.4600,-0.1287,0.1068,2.584,faded,0.999,4.87,1,1,1,0,24.51,2,3.2,45,,
2148,2.4600,-0.1142,0.1440,2.999,faded,0.999,6.06,1,1,1,0,11.44,3,3.2,50,2169,2169
2149,2.4600,-0.1103,-0.0507,3.005,good,0.001,2.19,0,0,0,0,10.00,3,0.0,,,
2150,2.4600,-0.1095,-0.2199,2.990,good,0.021,3.49,0,0,0,0,10.05,3,0.0,,,
2151,2.4600,-0.1096,0.1652,2.989,good,0.085,6.09,0,0,0,0,10.13,3,0.0,,,
2163,2.4600,-0.1184,0.1098,3.000,faded,1.000,4.80,1,1,1,0,12.78,1,3.2,46|45,2148,2148
2153,2.4640,-0.1147,0.1519,2.994,good,0.119,7.30,0,0,0,0,11.69,3,0.0,,,
2154,2.4640,-0.1141,-0.2005,3.001,good,0.009,3.45,0,0,0,0,11.36,3,0.0,,,
2155,2.4640,-0.1120,-0.1192,2.907,good,0.057,3.36,0,0,0,0,12.93,3,0.0,,,
2156,2.4640,-0.1100,0.0331,2.999,good,0.014,2.67,0,0,0,0,10.03,3,0.0,,,
2162,2.4640,-0.1180,0.0850,2.899,sour,1.000,27.77,1,1,1,0,15.21,2,3.2,42|43,2178,2178
2157,2.4680,-0.1107,0.1851,3.450,shell,0.999,3.71,1,1,1,0,1.06,3,2.4,55,2176,2176
2158,2.4680,-0.1107,-0.0283,3.006,faded,0.997,5.04,1,1,1,0,10.09,3,3.2,28,2179,2179
2159,2.4680,-0.1093,-0.0018,3.036,good,0.003,2.64,0,0,0,0,8.94,3,0.0,,,
2160,2.4680,-0.1106,-0.1975,3.000,good,0.006,2.51,0,0,0,0,10.22,3,0.0,,,
2161,2.4680,-0.1086,-0.1824,3.040,shell,0.989,5.25,1,1,1,0,8.60,3,2.4,8,2144,2144
2164,2.4720,-0.1139,-0.1762,3.038,good,0.003,2.42,0,0,0,0,10.41,3,0.0,,,
2165,2.4720,-0.1149,0.0393,3.001,good,0.005,2.15,0,0,0,0,11.60,3,0.0,,,
2166,2.4720,-0.1145,0.1802,2.998,black,1.000,47.44,1,1,1,0,11.54,3,3.2,55|54,2186,2186
2167,2.4720,-0.1124,0.1597,2.996,good,0.000,3.87,0,0,0,0,10.88,3,0.0,,,
2168,2.4720,-0.1099,-0.1136,3.002,good,0.107,4.30,0,0,0,0,9.90,3,0.0,,,
2169,2.4720,-0.1078,0.0691,3.322,broken,0.994,3.11,1,1,1,0,2.54,3,2.4,40|41,2185,
2173,2.4720,-0.1172,-0.0895,3.038,good,0.111,2.56,0,0,0,0,11.47,2,0.0,,,
2174,2.4720,-0.1170,0.1248,3.052,good,0.093,5.16,0,0,0,0,11.10,2,0.0,,,
2170,2.4760,-0.1256,0.1378,3.334,shell,0.999,5.13,1,1,1,0,3.66,2,2.4,49,,
2171,2.4760,-0.1129,-0.0152,2.564,good,0.014,2.31,0,0,0,0,23.05,3,0.0,,,
2172,2.4760,-0.1096,0.1720,2.991,good,0.346,2.08,0,0,0,0,10.08,3,0.0,,,
2177,2.4760,-0.1123,0.1334,3.000,shell,0.999,5.07,1,1,1,0,10.76,1,2.4,49|48,2173,
2178,2.4760,-0.1069,0.1166,3.000,broken,0.773,2.05,1,1,1,0,8.98,1,2.4,46|47,2175,
2175,2.4840,-0.1120,-0.1453,3.007,good,0.012,2.92,0,0,0,0,10.49,3,0.0,,,
2176,2.4840,-0.1097,-0.1796,3.004,faded,0.990,6.61,1,1,1,0,9.81,3,3.2,9|8,2154,2154
2181,2.4840,-0.1160,-0.1327,3.024,good,0.093,1.77,0,0,0,0,11.42,2,0.0,,,
2179,2.4880,-0.1137,-0.1070,2.934,good,0.001,3.72,0,0,0,0,12.83,3,0.0,,,
2180,2.4880,-0.1127,-0.0389,2.997,good,0.007,4.05,0,0,0,0,10.96,3,0.0,,,
2186,2.4880,-0.1189,0.0763,2.988,good,0.495,8.57,0,0,0,0,13.28,2,0.0,,,
2182,2.4920,-0.1259,-0.0860,3.272,good,0.043,3.03,0,0,0,0,5.02,2,0.0,,,
2183,2.4920,-0.1147,-0.0018,2.998,faded,0.837,4.05,1,1,1,0,11.62,3,3.2,31,2190,2190
2184,2.4920,-0.1111,0.0276,3.136,good,0.191,4.14,0,0,0,0,7.31,3,0.0,,,
2185,2.4920,-0.1120,-0.1671,3.019,good,0.034,2.55,0,0,0,0,10.22,3,0.0,,,
2187,2.4920,-0.1123,-0.1873,2.775,good,0.024,2.14,0,0,0,0,16.49,3,0.0,,,
2189,2.4920,-0.1187,-0.1751,2.990,good,0.008,2.49,0,0,0,0,13.15,2,0.0,,,
2193,2.4920,-0.1127,-0.0829,3.000,good,0.093,3.05,0,0,0,0,10.91,1,0.0,,,
2188,2.4960,-0.1095,0.0902,3.004,good,0.000,3.08,0,0,0,0,9.73,3,0.0,,,
2190,2.4960,-0.1195,0.0391,3.032,good,0.213,4.36,0,0,0,0,12.40,2,0.0,,,
2191,2.4960,-0.1175,-0.0871,3.028,good,0.050,4.40,0,0,0,0,11.82,2,0.0,,,
2192,2.4960,-0.1161,0.0729,3.007,good,0.369,3.14,0,0,0,0,11.86,2,0.0,,,
2194,2.5040,-0.1108,-0.1230,2.975,broken,0.894,3.45,1,1,1,0,10.85,3,2.4,16,2208,2208
2195,2.5040,-0.1080,0.2049,3.278,good,0.136,2.18,0,0,0,0,3.45,3,0.0,,,
2196,2.5080,-0.1161,0.0176,3.000,good,0.251,4.17,0,0,0,0,12.05,3,0.0,,,
2197,2.5080,-0.1126,-0.1458,3.042,good,0.206,2.83,0,0,0,0,9.88,3,0.0,,,
2198,2.5080,-0.1100,0.1446,2.980,good,0.001,3.07,0,0,0,0,10.47,3,0.0,,,
2202,2.5080,-0.1173,0.1147,3.008,good,0.062,2.82,0,0,0,0,12.23,2,0.0,,,
2203,2.5080,-0.1155,-0.1789,3.009,faded,1.000,7.35,1,1,1,0,11.62,2,3.2,9|8,2204,2204
2199,2.5120,-0.1154,-0.0422,2.998,shell,0.989,3.96,1,1,1,0,11.86,3,2.4,26,2213,2213
2200,2.5120,-0.1106,0.0704,2.990,broken,0.554,4.31,1,1,1,0,10.44,3,2.4,41|40,2225,2225
2201,2.5120,-0.1106,0.2189,3.002,broken,0.911,7.13,1,1,1,0,10.14,3,2.4,60|59,2217,2217
2205,2.5120,-0.1185,0.1142,2.954,good,0.005,2.61,0,0,0,0,13.97,2,0.0,,,
2204,2.5160,-0.1089,-0.1835,3.166,good,0.132,3.42,0,0,0,0,5.97,3,0.0,,,
2207,2.5160,-0.1155,-0.0523,2.998,good,0.043,3.21,0,0,0,0,11.89,2,0.0,,,
2206,2.5200,-0.1112,0.1273,3.014,good,0.003,2.88,0,0,0,0,10.08,3,0.0,,,
2208,2.5240,-0.1148,0.1204,2.990,good,0.184,2.06,0,0,0,0,11.84,3,0.0,,,
2209,2.5240,-0.1133,-0.1370,2.980,faded,0.999,7.59,1,1,1,0,11.58,3,3.2,14,2215,2215
2210,2.5240,-0.1116,-0.2219,2.934,good,0.486,4.55,0,0,0,0,12.11,3,0.0,,,
2211,2.5240,-0.1084,0.1796,2.975,good,0.404,4.51,0,0,0,0,10.06,3,0.0,,,
2215,2.5240,-0.1158,0.0878,3.036,good,0.012,3.51,0,0,0,0,11.07,2,0.0,,,
2212,2.5280,-0.1251,-0.1307,2.901,black,1.000,56.51,1,1,1,0,13.61,2,3.2,15,,
2213,2.5280,-0.1084,0.0563,3.006,faded,0.862,12.55,1,1,1,0,9.31,3,3.2,39,2224|2227,2224|2227
2214,2.5280,-0.1093,0.0213,2.993,broken,0.978,4.87,1,1,1,0,9.91,3,2.4,34,2229,
2217,2.5280,-0.1309,-0.1373,3.000,shell,1.000,6.40,1,1,1,0,12.97,1,2.4,14,,
2218,2.5280,-0.1152,0.1424,3.105,broken,0.519,2.40,1,1,1,0,9.32,2,2.4,50,2241,2241
2223,2.5280,-0.1152,-0.1345,3.000,black,1.000,30.18,1,1,1,0,11.74,1,3.2,14,2206|2221,2221
2216,2.5320,-0.1096,-0.1567,3.000,good,0.001,4.51,0,0,0,0,9.85,3,0.0,,,
2222,2.5320,-0.1161,0.2319,3.041,good,0.001,2.59,0,0,0,0,11.04,2,0.0,,,
2219,2.5360,-0.1151,0.2321,2.996,good,0.003,1.73,0,0,0,0,11.81,3,0.0,,,
2220,2.5360,-0.1126,-0.1195,2.913,good,0.028,3.00,0,0,0,0,12.97,3,0.0,,,
2221,2.5360,-0.1113,0.1387,3.005,good,0.013,2.09,0,0,0,0,10.34,3,0.0,,,
2228,2.5360,-0.1193,0.0420,2.990,good,0.001,3.19,0,0,0,0,13.34,2,0.0,,,
2229,2.5360,-0.1176,-0.1021,2.981,faded,0.986,4.51,1,1,1,0,13.00,2,3.2,18|19,2228,2228
2230,2.5360,-0.1187,-0.0176,2.863,broken,0.745,3.41,1,1,1,0,16.40,2,2.4,29,2237,2237
2224,2.5400,-0.1161,-0.0294,3.000,broken,0.999,3.22,1,1,1,0,12.02,3,2.4,28,2245,2245
2225,2.5400,-0.1133,-0.2322,2.949,good,0.092,3.08,0,0,0,0,12.34,3,0.0,,,
2226,2.5400,-0.1102,-0.0860,3.016,good,0.011,4.44,0,0,0,0,9.70,3,0.0,,,
2227,2.5400,-0.1089,0.0619,3.006,good,0.003,3.53,0,0,0,0,9.50,3,0.0,,,
2231,2.5440,-0.1158,-0.0200,2.974,broken,0.637,2.97,1,1,1,0,12.57,3,2.4,29,2253,
2232,2.5440,-0.1142,-0.1280,2.948,broken,0.998,3.10,1,1,1,0,12.64,3,2.4,15,2233,
2233,2.5440,-0.1116,0.0796,3.122,good,0.002,4.58,0,0,0,0,7.79,3,0.0,,,
2234,2.5440,-0.1109,-0.0643,3.013,broken,0.898,5.11,1,1,1,0,10.00,3,2.4,23,2249,2249
2235,2.5440,-0.1107,0.2091,2.822,good,0.035,3.00,0,0,0,0,14.68,3,0.0,,,
2239,2.5440,-0.1190,0.0956,2.992,good,0.015,2.35,0,0,0,0,13.21,2,0.0,,,
2240,2.5440,-0.1175,-0.0744,3.000,broken,0.789,3.73,1,1,1,0,12.49,2,2.4,22,2236,2236
2236,2.5480,-0.1121,-0.2157,3.051,good,0.008,3.24,0,0,0,0,9.53,3,0.0,,,
2237,2.5480,-0.1090,0.0350,3.004,good,0.002,2.74,0,0,0,0,9.57,3,0.0,,,
2238,2.5480,-0.1088,0.1918,3.030,insect,0.996,9.07,1,1,1,0,8.92,3,3.1,56,2242,2242
2243,2.5480,-0.1179,0.0196,3.001,good,0.019,3.27,0,0,0,0,12.61,2,0.0,,,
2244,2.5480,-0.1161,0.1690,3.041,broken,0.772,3.26,1,1,1,0,11.07,2,2.4,53,2252,2252
2245,2.5480,-0.1115,0.0736,3.395,sour,1.000,15.66,1,1,1,0,2.29,2,3.2,41,2257,
2251,2.5480,-0.1024,-0.1311,3.000,broken,0.998,2.71,1,1,1,0,7.46,1,2.4,15,2233,
2241,2.5520,-0.1142,0.0733,3.006,good,0.030,6.40,0,0,0,0,11.26,3,0.0,,,
2242,2.5520,-0.1108,0.0064,2.769,broken,0.862,7.96,1,1,1,0,16.12,3,2.4,32|33,2231,
2249,2.5520,-0.1172,0.1001,3.450,good,0.006,2.96,0,0,0,0,2.95,2,0.0,,,
2250,2.5520,-0.1189,-0.1113,2.728,good,0.002,4.29,0,0,0,0,20.26,2,0.0,,,
2246,2.5560,-0.1149,-0.0873,2.999,good,0.001,2.86,0,0,0,0,11.65,3,0.0,,,
2247,2.5560,-0.1344,0.1639,3.000,good,0.002,7.53,0,0,0,0,10.12,1,0.0,,,
2248,2.5560,-0.1126,0.1379,3.024,good,0.024,1.98,0,0,0,0,10.30,3,0.0,,,
2252,2.5560,-0.1121,0.1597,3.001,good,0.008,2.96,0,0,0,0,10.67,2,0.0,,,
2253,2.5560,-0.1085,0.1683,3.006,good,0.048,2.58,0,0,0,0,9.36,2,0.0,,,
2255,2.5560,-0.1080,-0.1152,3.000,good,0.001,4.32,0,0,0,0,9.34,1,0.0,,,
2254,2.5600,-0.1166,0.1478,3.001,good,0.111,3.59,0,0,0,0,12.18,2,0.0,,,
2259,2.5640,-0.1317,-0.0053,3.000,broken,0.820,12.14,1,1,1,0,13.24,1,2.4,31,,
2261,2.5640,-0.1179,-0.0580,3.033,broken,0.772,3.42,1,1,1,0,11.84,2,2.4,24,2247,2247
2262,2.5640,-0.1190,0.1489,3.001,good,0.016,4.18,0,0,0,0,12.97,2,0.0,,,
2263,2.5640,-0.1129,-0.1074,3.256,good,0.001,3.34,0,0,0,0,5.38,2,0.0,,,
2268,2.5640,-0.1192,-0.0014,3.000,good,0.118,5.62,0,0,0,0,13.07,1,0.0,,,
2256,2.5680,-0.1127,0.0369,3.011,good,0.045,1.53,0,0,0,0,10.64,3,0.0,,,
2257,2.5680,-0.1235,-0.1994,2.494,good,0.009,3.62,0,0,0,0,25.61,2,0.0,,,
2258,2.5680,-0.1109,0.0513,2.862,good,0.001,3.24,0,0,0,0,13.68,3,0.0,,,
2260,2.5680,-0.1200,0.1621,3.229,good,0.006,3.49,0,0,0,0,4.15,2,0.0,,,
2265,2.5680,-0.1184,-0.0989,3.003,broken,0.884,1.98,1,1,1,0,12.70,2,2.4,19,2267,2267
2266,2.5680,-0.1157,-0.0237,2.992,good,0.002,3.97,0,0,0,0,12.09,2,0.0,,,
2267,2.5680,-0.1096,-0.0116,2.938,broken,0.983,3.54,1,1,1,0,11.33,2,2.4,30,2268,
2274,2.5680,-0.1135,-0.1956,3.000,good,0.007,3.66,0,0,0,0,11.18,1,0.0,,,
2275,2.5680,-0.1071,0.1654,3.000,good,0.003,3.39,0,0,0,0,9.04,1,0.0,,,
2264,2.5720,-0.1130,0.2178,2.987,good,0.395,4.89,0,0,0,0,11.30,3,0.0,,,
2272,2.5720,-0.1179,-0.0502,3.091,good,0.099,3.08,0,0,0,0,10.49,2,0.0,,,
2273,2.5720,-0.1160,-0.1682,2.998,good,0.430,2.82,0,0,0,0,12.03,2,0.0,,,
2269,2.5760,-0.1120,-0.2219,3.364,good,0.088,3.83,0,0,0,0,3.01,3,0.0,,,
2270,2.5760,-0.1115,0.0005,2.998,good,0.012,3.66,0,0,0,0,10.55,3,0.0,,,
2271,2.5760,-0.1099,-0.1282,2.988,shell,0.997,4.12,1,1,1,0,10.25,3,2.4,15,2288,2288
2276,2.5760,-0.1179,0.0592,3.018,good,0.001,2.48,0,0,0,0,12.20,2,0.0,,,
2281,2.5800,-0.1160,-0.0728,2.998,good,0.002,3.13,0,0,0,0,12.04,2,0.0,,,
2277,2.5840,-0.1159,0.2153,2.999,good,0.001,3.17,0,0,0,0,11.98,3,0.0,,,
2278,2.5840,-0.1132,-0.2074,3.077,broken,0.933,4.98,1,1,1,0,9.29,3,2.4,5,2303,2303
2279,2.5840,-0.1101,0.2041,3.000,good,0.012,4.07,0,0,0,0,10.02,3,0.0,,,
2280,2.5840,-0.1147,0.1537,2.425,good,0.077,3.52,0,0,0,0,28.54,3,0.0,,,
2283,2.5840,-0.1193,-0.0027,3.450,good,0.287,2.75,0,0,0,0,3.58,2,0.0,,,
2284,2.5840,-0.1163,0.0141,2.994,good,0.065,4.97,0,0,0,0,12.24,2,0.0,,,
2282,2.5880,-0.1106,-0.0810,3.005,good,0.002,4.07,0,0,0,0,10.09,3,0.0,,,
2285,2.5880,-0.1195,-0.1232,3.017,good,0.428,4.76,0,0,0,0,12.76,2,0.0,,,
2286,2.5880,-0.1200,0.0394,2.998,good,0.008,2.45,0,0,0,0,13.36,2,0.0,,,
2287,2.5880,-0.1176,0.0206,2.996,good,0.003,2.68,0,0,0,0,12.62,2,0.0,,,
2290,2.5920,-0.1163,-0.0790,2.992,broken,0.536,2.61,1,1,1,0,12.31,2,2.4,21|22,2291,
2288,2.5960,-0.1146,-0.0688,2.833,broken,0.985,3.61,1,1,1,0,15.76,3,2.4,23|22,2296,
2289,2.5960,-0.1088,-0.1098,3.011,good,0.265,2.81,0,0,0,0,9.36,3,0.0,,,
2293,2.5960,-0.1185,0.0063,3.073,black,1.000,46.13,1,1,1,0,11.10,2,3.2,32|33,2300,2300
2294,2.5960,-0.1180,-0.0356,3.006,broken,0.602,2.25,1,1,1,0,12.54,2,2.4,27,2302,2302
2296,2.5960,-0.1044,-0.0834,3.000,good,0.296,2.14,0,0,0,0,8.12,1,0.0,,,
2291,2.6000,-0.1143,0.2075,3.001,good,0.032,4.90,0,0,0,0,11.38,3,0.0,,,
2292,2.6000,-0.1112,-0.0109,3.071,good,0.002,2.31,0,0,0,0,8.78,3,0.0,,,
2295,2.6040,-0.1115,0.1760,2.975,good,0.005,2.24,0,0,0,0,11.08,3,0.0,,,
2299,2.6040,-0.1197,0.0801,3.356,broken,0.639,4.98,1,1,1,0,5.46,2,2.4,42,2332,2332
2300,2.6040,-0.1199,-0.1800,3.002,good,0.013,2.49,0,0,0,0,13.24,2,0.0,,,
2301,2.6040,-0.1198,0.2332,3.140,good,0.001,3.48,0,0,0,0,10.01,2,0.0,,,
2302,2.6040,-0.1189,-0.1503,3.083,good,0.082,5.83,0,0,0,0,11.00,2,0.0,,,
2297,2.6080,-0.1110,-0.2035,2.986,good,0.004,5.03,0,0,0,0,10.66,3,0.0,,,
2298,2.6080,-0.1066,-0.0072,3.450,good,0.094,5.60,0,0,0,0,-0.11,3,0.0,,,
2305,2.6080,-0.1179,-0.1777,2.999,good,0.010,2.63,0,0,0,0,12.67,2,0.0,,,
2306,2.6080,-0.1178,0.1649,2.842,good,0.185,3.18,0,0,0,0,16.65,2,0.0,,,
2303,2.6120,-0.1085,-0.1337,2.892,good,0.000,3.41,0,0,0,0,12.09,3,0.0,,,
2304,2.6120,-0.1085,-0.1256,2.921,good,0.003,2.70,0,0,0,0,11.37,3,0.0,,,
2309,2.6120,-0.1146,-0.1746,3.185,good,0.175,4.41,0,0,0,0,7.38,2,0.0,,,
2307,2.6160,-0.1139,0.1003,2.978,good,0.005,2.33,0,0,0,0,11.83,3,0.0,,,
2308,2.6160,-0.1104,0.1486,2.896,good,0.111,5.63,0,0,0,0,12.65,3,0.0,,,
2311,2.6160,-0.1197,-0.2428,2.965,broken,0.959,5.19,1,1,1,0,14.10,2,2.4,0|1,2306,2306
2312,2.6160,-0.1199,-0.1794,2.992,broken,0.928,3.67,1,1,1,0,13.48,2,2.4,9|8,2316,2316
2310,2.6200,-0.1098,-0.1530,3.005,sour,1.000,13.71,1,1,1,0,9.82,3,3.2,12,2336,2336
2315,2.6200,-0.1146,-0.1896,3.450,good,0.050,4.79,0,0,0,0,2.21,2,0.0,,,
2313,2.6240,-0.1132,0.0678,3.088,good,0.371,3.46,0,0,0,0,9.03,3,0.0,,,
2314,2.6240,-0.1119,0.2103,2.998,shell,0.617,4.67,1,1,1,0,10.70,3,2.4,58|59,2285,
2316,2.6280,-0.1132,0.0401,3.000,shell,0.942,3.93,1,1,1,0,11.08,3,2.4,37|36,2318,
2317,2.6280,-0.1104,0.2090,2.864,good,0.007,4.54,0,0,0,0,13.45,3,0.0,,,
2321,2.6280,-0.1195,-0.0956,2.989,good,0.146,3.87,0,0,0,0,13.43,2,0.0,,,
2322,2.6280,-0.1168,-0.2016,2.997,broken,0.784,4.77,1,1,1,0,12.32,2,2.4,6,2334,2334
2318,2.6320,-0.1136,-0.1156,2.999,good,0.097,3.87,0,0,0,0,11.23,3,0.0,,,
2319,2.6320,-0.1146,0.0490,2.995,good,0.502,3.86,1,1,1,0,11.64,3,2.4,38,2321,
2320,2.6320,-0.1121,0.0691,3.101,good,0.000,2.37,0,0,0,0,8.39,3,0.0,,,
2325,2.6320,-0.1178,0.0595,2.990,good,0.131,3.86,0,0,0,0,12.84,2,0.0,,,
2326,2.6320,-0.1169,-0.1620,2.995,broken,0.975,3.76,1,1,1,0,12.44,2,2.4,11,2335,2335
2323,2.6360,-0.1100,0.1333,3.112,shell,1.000,3.70,1,1,1,0,7.48,3,2.4,49|48,2326,2326
2324,2.6360,-0.1096,-0.1816,3.001,good,0.001,3.82,0,0,0,0,9.85,3,0.0,,,
2328,2.6360,-0.1185,0.1187,2.993,good,0.002,1.97,0,0,0,0,12.99,2,0.0,,,
2329,2.6360,-0.1173,0.2162,2.994,good,0.153,5.08,0,0,0,0,12.59,2,0.0,,,
2327,2.6400,-0.1112,0.1725,2.845,good,0.002,3.62,0,0,0,0,14.23,3,0.0,,,
2331,2.6400,-0.1167,0.1393,2.809,broken,0.504,7.87,1,1,1,0,17.13,2,2.4,49|50,2262|2330|2339,
2330,2.6440,-0.1152,-0.0306,2.998,faded,1.000,6.80,1,1,1,0,11.78,3,3.2,28|27,2352,2352
2336,2.6440,-0.1199,0.0694,3.036,broken,0.872,2.53,1,1,1,0,12.42,2,2.4,40|41,2338,2338
2337,2.6440,-0.1163,0.2230,2.979,good,0.027,4.17,0,0,0,0,12.61,2,0.0,,,
2332,2.6480,-0.1168,0.0066,2.815,broken,0.516,3.97,1,1,1,0,16.99,3,2.4,32|33,2365,2365
2333,2.6480,-0.1126,-0.0977,2.938,broken,0.973,4.03,1,1,1,0,12.35,3,2.4,19,2331,2331
2334,2.6480,-0.1084,-0.1717,2.995,good,0.000,2.67,0,0,0,0,9.57,3,0.0,,,
2335,2.6480,-0.1090,0.1922,2.910,good,0.243,2.75,0,0,0,0,11.83,3,0.0,,,
2341,2.6480,-0.1178,-0.1309,3.000,broken,0.965,3.60,1,1,1,0,12.59,2,2.4,15,2346,
2342,2.6480,-0.1293,-0.1885,3.000,good,0.002,2.20,0,0,0,0,12.43,1,0.0,,,
2343,2.6480,-0.1129,0.0837,3.444,broken,0.535,3.25,1,1,1,0,1.82,2,2.4,42,2345,
2338,2.6520,-0.1159,-0.0266,3.001,shell,0.959,6.93,1,1,1,0,11.96,3,2.4,28,2368,2368
2339,2.6520,-0.1126,-0.0337,3.000,good,0.088,4.09,0,0,0,0,10.85,3,0.0,,,
2340,2.6520,-0.1357,-0.1806,3.000,broken,0.524,2.13,1,1,1,0,10.56,1,2.4,8|9,,
2345,2.6520,-0.1196,0.1822,2.998,insect,0.972,3.58,1,1,1,0,13.26,2,3.1,55,2354,2354
2346,2.6520,-0.1094,-0.1847,2.889,good,0.004,7.36,0,0,0,0,12.47,2,0.0,,,
2350,2.6520,-0.1058,-0.1352,3.000,broken,0.962,3.59,1,1,1,0,8.59,1,2.4,14,2346,
2344,2.6560,-0.1090,-0.0075,3.007,good,0.073,2.31,0,0,0,0,9.49,3,0.0,,,
2349,2.6560,-0.1174,0.0812,2.972,broken,0.886,4.34,1,1,1,0,13.15,2,2.4,42,2347,2347
2347,2.6600,-0.1274,0.0084,2.992,good,0.029,2.84,0,0,0,0,12.03,2,0.0,,,
2348,2.6600,-0.1086,-0.0273,3.076,good,0.005,4.35,0,0,0,0,7.83,3,0.0,,,
2351,2.6600,-0.1181,-0.1398,3.003,stick,1.000,87.43,1,1,1,0,12.62,2,2.4,14|13,2344,
2353,2.6600,-0.1162,-0.1579,2.977,good,0.000,2.66,0,0,0,0,12.61,2,0.0,,,
2357,2.6600,-0.1155,0.0116,3.000,good,0.029,2.84,0,0,0,0,11.82,1,0.0,,,
2352,2.6640,-0.1084,-0.0840,3.007,broken,0.649,3.26,1,1,1,0,9.28,3,2.4,21,2348,2348
2356,2.6640,-0.1184,-0.0511,3.008,faded,0.663,3.11,1,1,1,0,12.60,2,3.1,25,2370,2370
2354,2.6680,-0.1138,-0.2332,2.997,good,0.096,3.56,0,0,0,0,11.33,3,0.0,,,
2355,2.6680,-0.1108,0.2367,2.999,sour,1.000,25.12,1,1,1,0,10.28,3,3.2,62,2367,2367
2361,2.6680,-0.1179,0.0179,2.970,good,0.000,4.04,0,0,0,0,13.37,2,0.0,,,
2362,2.6680,-0.1146,-0.1670,3.208,faded,0.999,5.24,1,1,1,0,6.88,2,3.2,10,2374,
2358,2.6720,-0.1128,0.2270,2.999,good,0.001,3.49,0,0,0,0,10.94,3,0.0,,,
2359,2.6720,-0.1108,-0.2211,3.001,broken,0.710,5.45,1,1,1,0,10.23,3,2.4,3,2376,2376
2360,2.6720,-0.1214,-0.0581,2.991,faded,0.926,4.66,1,1,1,0,10.04,2,2.7,24,,
2368,2.6720,-0.1094,-0.0538,3.000,faded,0.915,4.66,1,1,1,0,9.82,1,2.7,25|24,2360,
2363,2.6760,-0.1185,0.1562,2.223,good,0.176,5.54,0,0,0,0,38.27,3,0.0,,,
2364,2.6760,-0.1092,-0.2339,2.993,black,1.000,51.03,1,1,1,0,9.89,3,3.2,2|1,2359,2359
2367,2.6760,-0.1175,-0.0280,2.994,good,0.002,2.40,0,0,0,0,12.66,2,0.0,,,
2376,2.6760,-0.1122,-0.0440,3.000,good,0.044,4.79,0,0,0,0,10.73,1,0.0,,,
2365,2.6800,-0.1092,-0.0397,2.662,good,0.016,5.41,0,0,0,0,18.58,3,0.0,,,
2366,2.6800,-0.1337,-0.1434,3.000,stone,1.000,10.79,1,1,1,0,9.89,1,9.1,13|14|12,,
2371,2.6800,-0.1182,0.0083,3.012,good,0.005,2.81,0,0,0,0,12.46,2,0.0,,,
2372,2.6800,-0.1166,-0.0335,3.000,faded,1.000,6.59,1,1,1,0,12.19,2,3.2,27,2393,2393
2373,2.6800,-0.1186,0.1452,2.783,good,0.005,2.57,0,0,0,0,18.56,2,0.0,,,
2374,2.6800,-0.1144,-0.1204,3.450,shell,1.000,5.32,1,1,1,0,2.14,2,2.4,16,2403,
2375,2.6800,-0.1251,-0.1471,3.000,stone,1.000,10.94,1,1,1,0,11.03,1,9.1,13|12|14,,
2383,2.6800,-0.1166,-0.1509,3.000,stone,1.000,10.71,1,1,1,0,12.19,1,9.1,12|13|11,2311,
2369,2.6840,-0.1129,0.1588,2.985,good,0.394,2.96,0,0,0,0,11.32,3,0.0,,,
2370,2.6840,-0.1115,-0.1362,3.033,good,0.257,3.49,0,0,0,0,9.73,3,0.0,,,
2381,2.6840,-0.1197,-0.0458,3.016,faded,1.000,5.67,1,1,1,0,12.85,2,3.2,26|25,2380,2380
2382,2.6840,-0.1157,0.1685,3.002,sour,1.000,29.30,1,1,1,0,11.86,2,3.2,53,2364,2364
2388,2.6840,-0.1080,-0.1546,3.000,stone,1.000,10.61,1,1,1,0,9.35,1,9.1,12|11|13,2311,
2377,2.6880,-0.1141,0.1367,3.003,shell,0.998,4.11,1,1,1,0,11.31,3,2.4,49,2385,2385
2378,2.6880,-0.1133,0.1546,2.652,good,0.078,3.70,0,0,0,0,20.42,3,0.0,,,
2379,2.6880,-0.1093,0.2022,2.994,faded,1.000,7.67,1,1,1,0,9.90,3,3.2,57|58,2382,2382
2380,2.6880,-0.1088,0.2439,3.077,good,0.238,2.83,0,0,0,0,7.87,3,0.0,,,
2386,2.6880,-0.1163,0.0082,3.001,good,0.002,3.41,0,0,0,0,12.07,2,0.0,,,
2387,2.6880,-0.1158,-0.0307,2.989,good,0.000,3.46,0,0,0,0,12.21,2,0.0,,,
2384,2.6920,-0.1125,0.2100,2.989,shell,0.714,3.87,1,1,1,0,11.10,3,2.4,58|59,2401,2401
2385,2.6920,-0.1241,0.1789,2.007,good,0.400,2.15,0,0,0,0,47.69,2,0.0,,,
2391,2.6920,-0.1197,0.2048,3.035,good,0.004,2.82,0,0,0,0,12.40,2,0.0,,,
2392,2.6920,-0.1160,-0.2056,3.072,shell,0.996,4.23,1,1,1,0,10.30,2,2.4,5,2377,2377
2400,2.6920,-0.1161,0.1815,3.000,broken,0.808,2.06,1,1,1,0,12.02,1,2.4,55,2394,
2389,2.6960,-0.1071,-0.1505,3.450,good,0.012,7.57,0,0,0,0,0.03,3,0.0,,,
2390,2.6960,-0.1124,0.2165,2.995,broken,0.891,3.24,1,1,1,0,10.93,3,2.4,59,2397,
2397,2.6960,-0.1184,0.0416,3.000,good,0.001,3.49,0,0,0,0,12.81,2,0.0,,,
2398,2.6960,-0.1180,-0.1126,2.996,good,0.082,3.40,0,0,0,0,12.76,2,0.0,,,
2399,2.6960,-0.1166,-0.1791,2.998,good,0.280,4.60,0,0,0,0,12.25,2,0.0,,,
2393,2.7000,-0.1149,-0.0609,2.998,good,0.043,2.81,0,0,0,0,11.66,3,0.0,,,
2394,2.7000,-0.1148,0.0470,3.001,good,0.001,3.59,0,0,0,0,11.58,3,0.0,,,
2395,2.7000,-0.1144,-0.2316,2.987,faded,0.994,6.33,1,1,1,0,11.79,3,3.2,2,2408,
2396,2.7000,-0.1098,-0.1330,3.007,broken,0.842,3.89,1,1,1,0,9.77,3,2.4,14|15,2418,2418
2403,2.7000,-0.1186,0.0234,3.002,broken,0.999,3.87,1,1,1,0,12.81,2,2.4,34|35,2419,2419
2406,2.7000,-0.1000,0.1846,3.000,good,0.103,2.65,0,0,0,0,6.66,1,0.0,,,
2401,2.7040,-0.1144,-0.0383,2.981,good,0.138,3.03,0,0,0,0,11.91,3,0.0,,,
2402,2.7040,-0.1096,0.2068,2.966,good,0.007,5.12,0,0,0,0,10.68,3,0.0,,,
2405,2.7040,-0.1180,0.0275,2.967,good,0.001,3.30,0,0,0,0,13.48,2,0.0,,,
2404,2.7080,-0.1156,0.0412,3.001,good,0.219,3.69,0,0,0,0,11.84,3,0.0,,,
2409,2.7080,-0.1188,0.2228,3.003,sour,1.000,18.41,1,1,1,0,12.84,2,3.2,60,2410,2410
2410,2.7080,-0.1177,-0.1774,3.015,broken,0.942,5.81,1,1,1,0,12.20,2,2.4,9,2424,
2407,2.7120,-0.1130,-0.1294,2.999,good,0.002,4.37,0,0,0,0,11.02,3,0.0,,,
2408,2.7120,-0.1132,0.2301,3.004,good,0.000,2.51,0,0,0,0,10.97,3,0.0,,,
2411,2.7160,-0.1111,-0.0466,3.003,good,0.001,2.55,0,0,0,0,10.28,3,0.0,,,
2412,2.7160,-0.1103,-0.0049,2.996,good,0.000,3.47,0,0,0,0,10.19,3,0.0,,,
2413,2.7160,-0.1104,0.1470,2.997,good,0.223,3.24,0,0,0,0,10.21,3,0.0,,,
2414,2.7160,-0.1089,0.1700,3.011,good,0.007,2.49,0,0,0,0,9.40,3,0.0,,,
2415,2.7160,-0.1080,0.1379,3.001,good,0.060,3.58,0,0,0,0,9.31,3,0.0,,,
2421,2.7160,-0.1176,0.0346,3.113,good,0.077,4.67,0,0,0,0,9.91,2,0.0,,,
2416,2.7200,-0.1156,-0.2159,2.823,broken,0.861,3.87,1,1,1,0,16.38,3,2.4,4,2415,
2418,2.7200,-0.1136,-0.2052,2.998,good,0.165,4.38,0,0,0,0,11.24,3,0.0,,,
2419,2.7200,-0.1125,-0.0546,3.004,broken,0.997,4.26,1,1,1,0,10.74,3,2.4,25|24,2432,2432
2420,2.7200,-0.1098,0.0127,2.997,good,0.499,1.98,0,0,0,0,9.98,3,0.0,,,
2417,2.7240,-0.1118,0.0240,2.271,shell,1.000,6.25,1,1,1,0,33.24,4,2.4,35|34,2391,
2422,2.7240,-0.1134,-0.2168,3.002,faded,0.945,4.65,1,1,1,0,11.09,3,3.2,4,2420,
2423,2.7240,-0.1128,0.1817,2.997,good,0.001,4.03,0,0,0,0,11.02,3,0.0,,,
2424,2.7240,-0.1232,0.1950,3.430,shell,0.694,7.88,1,1,1,0,1.08,2,2.4,56|57,,
2425,2.7240,-0.1082,-0.1604,3.014,broken,0.523,2.08,1,1,1,0,9.07,3,2.4,11,2434,2434
2428,2.7240,-0.1182,-0.0456,2.972,good,0.283,5.82,0,0,0,0,13.41,2,0.0,,,
2431,2.7240,-0.1095,0.1905,3.000,shell,0.793,8.20,1,1,1,0,9.84,1,2.4,56,2425,
2426,2.7280,-0.1133,-0.1838,3.002,faded,0.548,8.51,1,1,1,0,11.04,3,3.2,8,2435,2435
2427,2.7280,-0.1084,-0.1188,3.013,good,0.058,2.78,0,0,0,0,9.16,3,0.0,,,
2430,2.7280,-0.1182,-0.1520,3.008,good,0.002,4.22,0,0,0,0,12.54,2,0.0,,,
2435,2.7280,-0.1027,0.0267,3.000,shell,1.000,5.75,1,1,1,0,7.57,1,2.4,35,2391,
2429,2.7320,-0.1087,0.1626,3.429,good,0.019,2.36,0,0,0,0,0.87,3,0.0,,,
2433,2.7320,-0.1192,0.0596,3.450,stone,1.000,9.51,1,1,1,0,3.54,2,9.1,39|40|38,2464,
2432,2.7360,-0.1154,0.0216,3.015,faded,0.996,5.79,1,1,1,0,11.42,3,3.2,34,2427,2427
2434,2.7360,-0.1094,-0.2118,2.986,broken,0.637,4.52,1,1,1,0,10.11,3,2.4,4|5,2421,2421
2438,2.7360,-0.1155,0.1843,3.000,sour,1.000,14.66,1,1,1,0,11.83,2,3.2,55,2430,2430
2436,2.7400,-0.1127,0.0351,3.018,good,0.010,6.26,0,0,0,0,10.49,3,0.0,,,
2437,2.7400,-0.1114,-0.1842,2.985,good,0.027,3.49,0,0,0,0,10.81,3,0.0,,,
2442,2.7400,-0.1190,0.2087,3.216,good,0.065,3.91,0,0,0,0,8.08,2,0.0,,,
2443,2.7400,-0.1190,-0.2299,3.002,shell,1.000,7.56,1,1,1,0,12.96,2,2.4,2,2437,2437
2444,2.7400,-0.1165,-0.1942,2.976,good,0.007,5.23,0,0,0,0,12.75,2,0.0,,,
2439,2.7440,-0.1120,0.0367,3.020,black,1.000,47.68,1,1,1,0,10.19,3,3.2,36,2442,
2440,2.7440,-0.1112,0.1974,2.998,broken,0.619,1.77,1,1,1,0,10.44,3,2.4,57,2423,2423
2441,2.7440,-0.1094,0.1492,2.994,faded,0.648,4.77,1,1,1,0,9.93,3,3.2,51|50,2440,2440
2445,2.7480,-0.1142,-0.0568,2.998,broken,0.950,4.50,1,1,1,0,11.47,3,2.4,24,2457,2457
2446,2.7520,-0.1141,0.1071,2.999,broken,0.595,3.26,1,1,1,0,11.38,3,2.4,45,2438,2438
2447,2.7520,-0.1103,0.1344,3.003,broken,0.893,3.86,1,1,1,0,10.04,3,2.4,49|48,2444,2444
2448,2.7520,-0.1084,-0.1733,3.000,good,0.002,2.83,0,0,0,0,9.48,3,0.0,,,
2449,2.7560,-0.1149,0.2053,3.009,good,0.022,4.12,0,0,0,0,11.40,3,0.0,,,
2450,2.7560,-0.1101,0.1914,3.000,shell,0.769,3.82,1,1,1,0,10.03,3,2.4,56,2448,2448
2454,2.7560,-0.1193,0.1750,3.012,good,0.009,5.80,0,0,0,0,12.82,2,0.0,,,
2451,2.7600,-0.1128,-0.0800,3.001,good,0.000,2.03,0,0,0,0,10.92,3,0.0,,,
2452,2.7600,-0.1113,0.1071,3.000,good,0.008,2.00,0,0,0,0,10.43,3,0.0,,,
2453,2.7600,-0.1092,-0.1188,2.998,good,0.265,19.91,1,1,1,0,9.76,3,9.0,16|17|15,2455|2460,2460
2456,2.7600,-0.1182,-0.1732,3.180,sour,1.000,12.51,1,1,1,0,8.62,2,3.2,9|10,2468,
2455,2.7640,-0.1134,0.2058,3.058,good,0.034,3.47,0,0,0,0,9.81,3,0.0,,,
2458,2.7640,-0.1176,0.1243,2.988,good,0.024,2.45,0,0,0,0,12.82,2,0.0,,,
2459,2.7640,-0.1280,-0.1752,3.000,broken,0.971,10.94,1,1,1,0,11.99,1,2.4,9,,
2457,2.7680,-0.1107,0.0865,3.014,good,0.001,2.83,0,0,0,0,9.91,3,0.0,,,
2461,2.7680,-0.1175,0.1098,2.984,good,0.000,2.55,0,0,0,0,12.89,2,0.0,,,
2462,2.7680,-0.1161,0.0802,2.970,good,0.009,2.20,0,0,0,0,12.77,2,0.0,,,
2460,2.7720,-0.1099,0.0487,3.001,good,0.022,3.44,0,0,0,0,9.96,3,0.0,,,
2467,2.7720,-0.1193,0.0633,3.206,good,0.040,2.47,0,0,0,0,8.38,2,0.0,,,
2463,2.7760,-0.1126,0.1160,2.883,good,0.120,5.55,0,0,0,0,13.77,3,0.0,,,
2464,2.7760,-0.1120,0.2238,3.000,good,0.001,2.35,0,0,0,0,10.66,3,0.0,,,
2465,2.7760,-0.1083,0.1516,3.013,sour,1.000,11.96,1,1,1,0,9.15,3,3.2,51,2476,
2466,2.7760,-0.1095,-0.2089,3.010,broken,0.916,2.62,1,1,1,0,9.61,3,2.4,5,2467,2467
2468,2.7760,-0.1192,0.2298,2.997,broken,0.767,4.41,1,1,1,0,13.13,2,2.4,61,2454,2454
2469,2.7760,-0.1194,-0.0757,3.001,broken,0.740,4.58,1,1,1,0,13.12,2,2.4,22,2478,2478
2470,2.7760,-0.1187,-0.0489,2.651,broken,0.944,4.11,1,1,1,0,22.51,2,2.4,25,2469,2469
2473,2.7800,-0.1189,0.0074,3.018,good,0.020,3.75,0,0,0,0,12.53,2,0.0,,,
2474,2.7800,-0.1134,0.1851,2.999,good,0.034,17.61,0,0,0,0,11.18,2,0.0,,,
2471,2.7840,-0.1136,-0.0804,2.995,broken,0.708,3.12,1,1,1,0,11.31,3,2.4,21,2499,2499
2472,2.7840,-0.1100,-0.0067,3.020,good,0.001,3.11,0,0,0,0,9.54,3,0.0,,,
2477,2.7840,-0.1175,0.1729,3.013,good,0.000,2.76,0,0,0,0,12.21,2,0.0,,,
2475,2.7880,-0.1117,0.0095,2.998,good,0.484,3.23,0,0,0,0,10.61,3,0.0,,,
2476,2.7880,-0.1118,0.2351,3.016,good,0.001,3.10,0,0,0,0,10.23,3,0.0,,,
2480,2.7880,-0.1198,-0.0327,3.005,good,0.002,3.13,0,0,0,0,13.15,2,0.0,,,
2481,2.7880,-0.1184,0.1153,2.996,broken,0.672,3.14,1,1,1,0,12.90,2,2.4,46,2486,2486
2478,2.7920,-0.1125,-0.1963,3.157,good,0.050,5.02,0,0,0,0,7.30,3,0.0,,,
2479,2.7920,-0.1115,0.0977,2.995,good,0.007,2.24,0,0,0,0,10.61,3,0.0,,,
2482,2.7960,-0.1165,-0.1518,2.847,broken,0.839,4.33,1,1,1,0,16.03,3,2.4,12,2474|2482,
2483,2.7960,-0.1128,-0.0392,3.003,faded,0.971,4.08,1,1,1,0,10.88,3,2.7,26|27,2485,2485
2484,2.7960,-0.1092,0.2064,3.072,faded,0.797,5.07,1,1,1,0,8.10,3,3.1,58,2505,2505
2485,2.7960,-0.1090,0.2372,2.999,broken,0.617,2.08,1,1,1,0,9.71,3,2.4,62,2484,2484
2488,2.7960,-0.1174,-0.1104,2.981,insect,1.000,4.30,1,1,1,0,12.92,2,3.1,17|18,2496,2496
2489,2.7960,-0.1166,0.1846,2.987,good,0.160,5.24,0,0,0,0,12.51,2,0.0,,,
2486,2.8000,-0.1125,0.0117,3.018,sour,1.000,20.52,1,1,1,0,10.43,3,3.2,33,2503,2503
2487,2.8000,-0.1128,-0.1037,2.945,broken,0.673,3.71,1,1,1,0,12.28,3,2.4,18,2508,2508
2493,2.8000,-0.1195,0.1148,2.995,good,0.002,1.71,0,0,0,0,13.27,2,0.0,,,
2490,2.8040,-0.1107,-0.2128,3.013,shell,0.727,4.28,1,1,1,0,9.94,3,2.4,4,2513,2513
2491,2.8040,-0.1128,0.2011,2.660,good,0.011,4.34,0,0,0,0,20.01,3,0.0,,,
2492,2.8040,-0.1100,-0.1157,3.031,shell,0.999,3.94,1,1,1,0,9.29,3,2.4,17|16,2501,
2496,2.8040,-0.1171,0.2240,3.044,good,0.019,4.16,0,0,0,0,11.33,2,0.0,,,
2494,2.8080,-0.1153,0.0446,3.054,broken,0.592,4.55,1,1,1,0,10.49,3,2.4,37,2514,
2495,2.8080,-0.1093,0.0942,2.996,good,0.000,3.76,0,0,0,0,9.86,3,0.0,,,
2501,2.8080,-0.1170,0.1161,3.102,broken,0.985,2.17,1,1,1,0,9.94,2,2.4,46|47,2516,2516
2497,2.8120,-0.1122,-0.2048,2.992,shell,0.998,5.31,1,1,1,0,10.91,3,2.4,5,2519,
2498,2.8120,-0.1105,0.0722,2.998,broken,0.694,1.22,1,1,1,0,10.20,3,2.4,41,2521,2521
2499,2.8120,-0.1148,0.0629,2.356,good,0.021,6.37,0,0,0,0,31.19,3,0.0,,,
2500,2.8120,-0.1087,0.1053,3.003,good,0.011,1.87,0,0,0,0,9.49,3,0.0,,,
2502,2.8160,-0.1141,-0.0638,2.990,good,0.001,2.80,0,0,0,0,11.62,3,0.0,,,
2503,2.8160,-0.1340,0.2164,3.000,good,0.027,4.39,0,0,0,0,9.98,1,0.0,,,
2504,2.8160,-0.1101,0.1260,3.000,broken,1.000,3.78,1,1,1,0,10.02,3,2.4,48|47,2512,2512
2509,2.8160,-0.1181,0.1352,2.945,faded,0.999,5.44,1,1,1,0,14.06,2,3.2,49,2530,2530
2510,2.8160,-0.1136,0.2195,3.012,good,0.069,6.67,0,0,0,0,10.92,2,0.0,,,
2505,2.8200,-0.1195,0.1641,2.363,good,0.185,3.09,0,0,0,0,32.89,3,0.0,,,
2506,2.8200,-0.1159,-0.0631,2.826,good,0.000,3.46,0,0,0,0,16.39,3,0.0,,,
2507,2.8200,-0.1118,-0.1628,2.905,good,0.372,4.72,0,0,0,0,12.91,3,0.0,,,
2508,2.8200,-0.1110,0.1951,2.973,good,0.019,3.58,0,0,0,0,10.97,3,0.0,,,
2514,2.8200,-0.1315,-0.1286,3.000,good,0.085,1.70,0,0,0,0,13.16,1,0.0,,,
2515,2.8200,-0.1182,-0.0121,3.166,shell,1.000,5.21,1,1,1,0,8.91,2,2.4,30,2529,
2516,2.8200,-0.1175,0.2077,3.112,good,0.003,4.21,0,0,0,0,9.88,2,0.0,,,
2522,2.8200,-0.1194,-0.1253,3.000,good,0.015,1.53,0,0,0,0,13.13,1,0.0,,,
2511,2.8240,-0.1123,0.0702,3.090,broken,0.656,2.92,1,1,1,0,8.71,3,2.4,40|41,2526,
2512,2.8240,-0.1118,0.0545,3.000,shell,0.893,6.71,1,1,1,0,10.59,3,2.4,38|39,2532,2532
2513,2.8240,-0.1081,-0.2223,3.017,good,0.002,3.30,0,0,0,0,8.97,3,0.0,,,
2520,2.8240,-0.1197,0.0394,2.997,good,0.001,2.68,0,0,0,0,13.29,2,0.0,,,
2521,2.8240,-0.1193,0.1111,2.998,black,1.000,47.68,1,1,1,0,13.14,2,3.2,46,2537,2537
2525,2.8240,-0.1101,0.1668,3.000,broken,0.559,3.15,1,1,1,0,10.02,1,2.4,53,2527,
2526,2.8240,-0.1073,-0.1221,3.000,good,0.002,1.77,0,0,0,0,9.09,1,0.0,,,
2517,2.8280,-0.1116,0.1628,3.122,good,0.005,2.49,0,0,0,0,7.77,3,0.0,,,
2518,2.8280,-0.1164,0.1817,2.514,shell,0.555,3.93,1,1,1,0,26.08,3,2.4,55,2497,
2519,2.8280,-0.1060,-0.1790,3.450,good,0.072,2.75,0,0,0,0,-0.28,3,0.0,,,
2524,2.8280,-0.1169,0.1469,3.150,broken,0.615,4.52,1,1,1,0,8.87,2,2.4,50|51,2524,
2523,2.8320,-0.1095,0.1689,2.993,broken,0.816,3.06,1,1,1,0,9.99,3,2.4,53,2546,2546
2527,2.8360,-0.1123,0.0858,2.964,good,0.014,3.84,0,0,0,0,11.63,3,0.0,,,
2528,2.8360,-0.1093,-0.2031,2.998,good,0.011,2.99,0,0,0,0,9.82,3,0.0,,,
2529,2.8360,-0.1086,0.0733,3.008,good,0.003,4.28,0,0,0,0,9.37,3,0.0,,,
2533,2.8360,-0.1155,0.1979,3.043,good,0.144,8.08,0,0,0,0,10.81,2,0.0,,,
2534,2.8360,-0.1289,-0.1334,3.000,good,0.118,1.90,0,0,0,0,12.28,1,0.0,,,
2540,2.8360,-0.1154,-0.1304,3.000,good,0.063,1.90,0,0,0,0,11.81,1,0.0,,,
2530,2.8400,-0.1156,-0.2093,2.908,sour,1.000,12.38,1,1,1,0,14.14,3,3.2,5,2549,
2531,2.8400,-0.1150,-0.1804,3.031,broken,0.980,2.50,1,1,1,0,10.95,3,2.4,8|9,2540,2540
2532,2.8400,-0.1142,0.0678,3.035,good,0.006,3.13,0,0,0,0,10.58,3,0.0,,,
2536,2.8400,-0.1195,-0.1435,3.128,husk,0.709,4.72,1,1,1,0,10.17,2,2.4,13,2539,2539
2537,2.8400,-0.1192,0.0588,2.856,broken,0.693,4.85,1,1,1,0,16.74,2,2.4,39,2571,2571
2538,2.8400,-0.1166,-0.1540,3.066,good,0.000,2.94,0,0,0,0,10.66,2,0.0,,,
2544,2.8400,-0.1020,-0.1275,3.000,good,0.117,1.95,0,0,0,0,7.34,1,0.0,,,
2535,2.8440,-0.1101,-0.0299,3.068,good,0.131,3.23,0,0,0,0,8.48,3,0.0,,,
2539,2.8440,-0.1323,-0.0143,3.000,shell,0.999,15.59,1,1,1,0,9.44,1,2.4,30|29,,
2543,2.8440,-0.1177,0.0265,3.000,shell,0.837,4.59,1,1,1,0,12.57,2,2.4,35,2535,2535
2548,2.8440,-0.1040,-0.2056,3.000,sour,1.000,12.31,1,1,1,0,7.99,1,3.2,5,2549,
2541,2.8480,-0.1140,0.1491,3.007,sour,1.000,17.27,1,1,1,0,11.15,3,3.2,51|50,2547,2547
2542,2.8480,-0.1106,-0.1163,2.981,good,0.001,3.86,0,0,0,0,10.66,3,0.0,,,
2546,2.8480,-0.1199,-0.1780,2.974,good,0.006,3.85,0,0,0,0,13.94,2,0.0,,,
2547,2.8480,-0.1183,0.0349,2.998,black,1.000,46.49,1,1,1,0,12.81,2,3.2,36,2555,2555
2545,2.8520,-0.1122,0.0165,3.450,broken,0.622,3.36,1,1,1,0,1.50,3,2.4,34|33,2553,
2552,2.8520,-0.1081,-0.1739,3.000,good,0.006,3.78,0,0,0,0,9.36,1,0.0,,,
2549,2.8560,-0.1147,-0.1451,2.996,good,0.001,2.34,0,0,0,0,11.64,3,0.0,,,
2551,2.8560,-0.1151,-0.1040,3.179,good,0.163,3.72,0,0,0,0,7.66,2,0.0,,,
2550,2.8600,-0.1130,0.1127,3.010,good,0.101,5.93,0,0,0,0,10.78,3,0.0,,,
2558,2.8600,-0.1192,0.1226,3.004,faded,0.972,5.40,1,1,1,0,12.96,2,3.0,47,2554,
2564,2.8600,-0.1024,-0.1070,3.000,good,0.189,3.74,0,0,0,0,7.47,1,0.0,,,
2553,2.8640,-0.1141,-0.0611,3.021,faded,0.999,4.45,1,1,1,0,10.87,3,3.2,24|23,2566,2566
2554,2.8640,-0.1125,0.0505,3.178,good,0.024,3.84,0,0,0,0,6.85,3,0.0,,,
2555,2.8640,-0.1139,0.1674,2.998,broken,0.947,4.99,1,1,1,0,11.33,3,2.4,53,2552,2552
2556,2.8640,-0.1109,-0.0239,2.995,broken,0.776,4.22,1,1,1,0,10.43,3,2.4,28|29,2543,2543
2557,2.8640,-0.1200,0.0376,3.190,good,0.005,2.06,0,0,0,0,4.97,2,0.0,,,
2563,2.8640,-0.1164,0.1137,2.999,sour,1.000,11.79,1,1,1,0,12.15,2,3.2,46,2595,
2571,2.8640,-0.1073,0.0341,3.000,good,0.002,2.00,0,0,0,0,9.09,1,0.0,,,
2559,2.8680,-0.1117,0.0066,3.010,good,0.011,3.60,0,0,0,0,10.31,3,0.0,,,
2560,2.8680,-0.1108,0.0214,3.002,good,0.000,4.21,0,0,0,0,10.21,3,0.0,,,
2561,2.8680,-0.1111,-0.0294,2.973,broken,0.773,4.73,1,1,1,0,11.02,3,2.4,28,2569,2569
2562,2.8680,-0.1088,-0.0948,2.968,broken,0.881,2.27,1,1,1,0,10.34,3,2.4,19|20,2578,2578
2569,2.8680,-0.1177,-0.0213,2.998,good,0.090,2.03,0,0,0,0,12.63,2,0.0,,,
2570,2.8680,-0.1144,0.1383,2.870,good,0.048,10.33,0,0,0,0,14.70,2,0.0,,,
2565,2.8720,-0.1136,0.2264,2.983,good,0.019,2.56,0,0,0,0,11.60,3,0.0,,,
2566,2.8720,-0.1115,-0.1906,3.001,good,0.234,4.49,0,0,0,0,10.50,3,0.0,,,
2567,2.8720,-0.1105,-0.1313,2.964,good,0.006,3.50,0,0,0,0,11.02,3,0.0,,,
2568,2.8720,-0.1092,0.0236,2.999,good,0.000,3.91,0,0,0,0,9.75,3,0.0,,,
2576,2.8720,-0.1179,0.1872,3.117,good,0.211,3.02,0,0,0,0,9.92,2,0.0,,,
2577,2.8720,-0.1155,-0.2326,3.013,good,0.101,3.82,0,0,0,0,11.54,2,0.0,,,
2572,2.8760,-0.1172,-0.0145,2.775,broken,0.571,3.44,1,1,1,0,18.29,3,2.4,30|29,2562,
2573,2.8760,-0.1132,-0.2017,3.016,broken,0.678,4.45,1,1,1,0,10.70,3,2.4,6|5,2590,2590
2574,2.8760,-0.1259,-0.1618,3.224,good,0.364,4.60,0,0,0,0,6.08,2,0.0,,,
2575,2.8760,-0.1110,0.1330,2.589,good,0.001,3.53,0,0,0,0,21.50,3,0.0,,,
2583,2.8760,-0.1130,-0.1655,3.000,shell,0.731,4.57,1,1,1,0,11.02,1,2.4,10|11,2559,
2578,2.8800,-0.1119,0.1408,3.087,husk,1.000,13.05,1,1,1,0,8.64,3,2.4,50|49,2568,2568
2579,2.8800,-0.1138,0.1698,3.037,good,0.074,2.78,0,0,0,0,10.40,3,0.0,,,
2580,2.8800,-0.1098,-0.0931,3.032,good,0.063,4.14,0,0,0,0,9.19,3,0.0,,,
2581,2.8840,-0.1140,-0.2007,2.990,good,0.326,4.34,0,0,0,0,11.55,3,0.0,,,
2582,2.8840,-0.1104,0.1817,3.018,good,0.089,3.10,0,0,0,0,9.69,3,0.0,,,
2587,2.8840,-0.1197,-0.1920,3.001,shell,0.934,6.11,1,1,1,0,13.20,2,2.4,7,2570,
2584,2.8880,-0.1146,-0.1384,2.983,good,0.205,3.26,0,0,0,0,11.94,3,0.0,,,
2585,2.8880,-0.1130,-0.0532,3.010,shell,0.756,4.89,1,1,1,0,10.78,3,2.4,25|24,2575,2575
2586,2.8880,-0.1084,0.1200,3.008,good,0.006,3.25,0,0,0,0,9.28,3,0.0,,,
2589,2.8880,-0.1187,0.2157,2.997,good,0.017,3.33,0,0,0,0,12.97,2,0.0,,,
2590,2.8880,-0.1160,-0.2068,3.040,good,0.009,4.52,0,0,0,0,11.07,2,0.0,,,
2588,2.8920,-0.1075,-0.1799,3.173,broken,0.968,3.93,1,1,1,0,5.40,3,2.4,8|9,2591,2591
2591,2.8920,-0.1199,0.0729,3.012,faded,1.000,6.65,1,1,1,0,13.00,2,3.2,41,2593,2593
2593,2.8920,-0.1167,0.0627,3.208,husk,1.000,12.64,1,1,1,0,7.55,2,2.4,40|39,2598,
2594,2.8920,-0.1188,0.0348,2.938,good,0.067,2.38,0,0,0,0,14.50,2,0.0,,,
2592,2.8960,-0.1085,0.2072,3.000,shell,0.894,5.01,1,1,1,0,9.48,3,2.4,58,2613,2613
2597,2.8960,-0.1172,-0.1992,3.322,broken,0.717,7.48,1,1,1,0,5.37,2,2.4,6,2610,
2599,2.8960,-0.1028,0.0662,3.000,husk,1.000,14.17,1,1,1,0,7.61,1,2.4,40,2598,
2595,2.9000,-0.1135,0.0189,2.886,good,0.001,2.24,0,0,0,0,13.98,3,0.0,,,
2596,2.9000,-0.1098,-0.0696,3.010,black,1.000,46.79,1,1,1,0,9.70,3,3.2,23|22,2596,2596
2598,2.9000,-0.1173,0.2277,2.996,good,0.038,3.83,0,0,0,0,12.54,2,0.0,,,
2603,2.9040,-0.1197,-0.0137,3.043,shell,0.991,4.11,1,1,1,0,12.20,2,2.4,30,2631,
2600,2.9080,-0.1158,0.2136,2.999,shell,0.967,4.66,1,1,1,0,11.96,3,2.4,59,2622,2622
2601,2.9080,-0.1154,0.1534,2.565,good,0.284,3.51,0,0,0,0,24.00,3,0.0,,,
2602,2.9080,-0.1108,-0.1828,2.999,good,0.083,3.63,0,0,0,0,10.27,3,0.0,,,
2605,2.9080,-0.1167,0.1102,3.049,black,1.000,51.43,1,1,1,0,11.06,2,3.2,46|45,2614,
2606,2.9080,-0.1238,0.2447,3.000,good,0.009,3.26,0,0,0,0,10.60,1,0.0,,,
2609,2.9080,-0.1152,0.2420,3.000,good,0.005,3.65,0,0,0,0,11.73,1,0.0,,,
2604,2.9120,-0.1102,0.0317,3.136,good,0.152,9.40,0,0,0,0,7.04,3,0.0,,,
2608,2.9120,-0.1184,-0.1124,2.966,sour,1.000,14.30,1,1,1,0,13.63,2,3.2,17,2606,2606
2616,2.9120,-0.1066,0.2393,3.000,good,0.003,3.19,0,0,0,0,8.87,1,0.0,,,
2617,2.9120,-0.1052,0.1503,3.000,good,0.195,3.29,0,0,0,0,8.38,1,0.0,,,
2607,2.9160,-0.1151,-0.1476,2.992,good,0.004,3.48,0,0,0,0,11.88,3,0.0,,,
2613,2.9160,-0.1192,0.0258,3.002,good,0.045,1.64,0,0,0,0,13.03,2,0.0,,,
2614,2.9160,-0.1171,-0.2130,2.952,good,0.032,2.27,0,0,0,0,13.54,2,0.0,,,
2615,2.9160,-0.1158,-0.1198,3.016,good,0.000,3.34,0,0,0,0,11.54,2,0.0,,,
2623,2.9160,-0.1004,0.0252,3.000,good,0.136,3.57,0,0,0,0,6.81,1,0.0,,,
2611,2.9200,-0.1151,-0.0792,2.831,black,1.000,48.15,1,1,1,0,15.98,3,3.2,21|22,2620,
2612,2.9200,-0.1101,0.1317,3.002,broken,0.945,2.41,1,1,1,0,9.97,3,2.4,48|49,2609,2609
2622,2.9200,-0.1172,-0.0400,3.123,broken,0.817,2.19,1,1,1,0,9.54,2,2.4,26|27,2640,2640
2610,2.9240,-0.1202,-0.0226,2.336,good,0.240,3.24,0,0,0,0,30.27,3,0.0,,,
2618,2.9240,-0.1109,0.0315,3.014,broken,0.724,2.49,1,1,1,0,9.95,3,2.4,36|35,2623,2623
2619,2.9240,-0.1104,-0.0578,2.983,good,0.027,3.06,0,0,0,0,10.55,3,0.0,,,
2620,2.9240,-0.1093,-0.1618,2.987,good,0.002,4.13,0,0,0,0,10.07,3,0.0,,,
2621,2.9240,-0.1082,0.0566,2.961,good,0.001,3.17,0,0,0,0,10.32,3,0.0,,,
2627,2.9240,-0.1298,0.1485,3.000,stone,1.000,6.84,1,1,1,0,12.59,1,9.1,51|50|52,,
2633,2.9240,-0.1178,0.1437,3.000,stone,1.000,7.07,1,1,1,0,12.61,1,9.1,50|49|51,2626,
2634,2.9240,-0.1108,-0.0256,3.000,good,0.300,3.17,0,0,0,0,10.28,1,0.0,,,
2624,2.9280,-0.1151,0.0068,3.056,broken,0.864,3.61,1,1,1,0,10.40,3,2.4,32|33,2624,
2625,2.9280,-0.1142,-0.1946,2.998,good,0.048,3.75,0,0,0,0,11.43,3,0.0,,,
2626,2.9280,-0.1103,-0.2249,3.005,broken,0.600,4.12,1,1,1,0,10.00,3,2.4,3,2608,2608
2630,2.9280,-0.1195,-0.0502,3.027,good,0.000,4.84,0,0,0,0,12.51,2,0.0,,,
2631,2.9280,-0.1180,0.1336,2.930,good,0.161,8.62,0,0,0,0,14.39,2,0.0,,,
2632,2.9280,-0.1160,-0.1821,2.977,good,0.000,3.33,0,0,0,0,12.55,2,0.0,,,
2638,2.9280,-0.1059,0.1389,3.000,stone,1.000,7.15,1,1,1,0,8.64,1,9.1,49|50|48,2626,
2628,2.9320,-0.1143,-0.1793,3.019,faded,1.000,6.70,1,1,1,0,11.00,3,3.2,9|8,2642,2642
2629,2.9320,-0.1105,0.1918,2.969,broken,0.651,3.71,1,1,1,0,10.89,3,2.4,56,2637,
2635,2.9320,-0.1188,-0.1443,3.000,good,0.006,2.61,0,0,0,0,12.93,2,0.0,,,
2636,2.9320,-0.1160,0.0799,3.122,faded,0.993,4.79,1,1,1,0,9.18,2,3.2,42,2651,2651
2637,2.9320,-0.1174,0.0996,3.002,good,0.016,4.01,0,0,0,0,12.44,2,0.0,,,
2639,2.9400,-0.1156,-0.1846,2.996,broken,0.583,2.61,1,1,1,0,11.96,3,2.4,8,2630,
2640,2.9400,-0.1104,0.1923,3.006,good,0.008,3.11,0,0,0,0,10.00,3,0.0,,,
2642,2.9400,-0.1187,-0.2349,3.044,broken,0.921,3.58,1,1,1,0,11.86,2,2.4,1|2,2638,
2643,2.9400,-0.1188,0.1974,3.002,good,0.329,5.70,0,0,0,0,12.88,2,0.0,,,
2644,2.9400,-0.1154,0.0109,3.045,broken,0.813,7.10,1,1,1,0,10.75,2,2.4,33,2662,2662
2641,2.9440,-0.1082,0.2103,3.090,good,0.020,2.63,0,0,0,0,7.38,3,0.0,,,
2647,2.9440,-0.1171,0.1512,3.005,good,0.476,8.72,0,0,0,0,12.23,2,0.0,,,
2645,2.9480,-0.1106,-0.0502,2.992,good,0.155,2.21,0,0,0,0,10.39,3,0.0,,,
2646,2.9480,-0.1109,-0.0768,3.098,broken,0.953,4.45,1,1,1,0,8.07,3,2.4,22|21,2648,2648
2650,2.9480,-0.1159,0.0182,2.985,good,0.058,3.09,0,0,0,0,12.32,2,0.0,,,
2648,2.9520,-0.1157,-0.2245,3.004,broken,0.614,2.76,1,1,1,0,11.80,3,2.4,3,2639,2639
2649,2.9520,-0.1098,0.1709,2.729,good,0.428,3.74,0,0,0,0,16.87,3,0.0,,,
2651,2.9560,-0.1145,0.0082,3.033,good,0.045,3.32,0,0,0,0,10.71,3,0.0,,,
2652,2.9560,-0.1097,-0.1739,3.243,good,0.030,3.84,0,0,0,0,4.67,3,0.0,,,
2653,2.9560,-0.1097,-0.0200,2.962,good,0.000,3.27,0,0,0,0,10.80,3,0.0,,,
2654,2.9560,-0.1094,-0.1062,2.995,good,0.446,3.14,0,0,0,0,9.92,3,0.0,,,
2659,2.9560,-0.1169,0.1403,3.001,black,1.000,56.70,1,1,1,0,12.27,2,3.2,49|50,2649,2649
2655,2.9600,-0.1144,0.2383,3.004,good,0.526,3.32,1,1,1,0,11.39,3,2.4,62,2644,2644
2656,2.9600,-0.1128,0.1022,2.996,broken,0.811,3.31,1,1,1,0,11.02,3,2.4,45|44,2654,2654
2657,2.9600,-0.1233,-0.0554,3.426,shell,0.994,12.49,1,1,1,0,1.18,2,2.4,24|25,,
2658,2.9600,-0.1103,0.1664,2.952,good,0.117,3.56,0,0,0,0,11.22,3,0.0,,,
2669,2.9600,-0.1096,-0.0583,3.000,shell,0.987,13.21,1,1,1,0,9.87,1,2.4,24,2647,
2660,2.9640,-0.1149,-0.1244,3.001,faded,0.931,5.56,1,1,1,0,11.61,3,3.0,16|15,2659,
2661,2.9640,-0.1095,0.1693,3.000,good,0.002,6.91,0,0,0,0,9.83,3,0.0,,,
2666,2.9640,-0.1196,0.0731,3.038,good,0.383,3.78,0,0,0,0,12.27,2,0.0,,,
2667,2.9640,-0.1194,0.1179,2.997,good,0.000,3.21,0,0,0,0,13.22,2,0.0,,,
2668,2.9640,-0.1172,0.2053,2.835,good,0.347,5.03,0,0,0,0,16.62,2,0.0,,,
2662,2.9680,-0.1155,0.0938,2.998,good,0.383,5.65,0,0,0,0,11.87,3,0.0,,,
2663,2.9680,-0.1131,-0.0981,2.799,good,0.155,5.20,0,0,0,0,16.13,3,0.0,,,
2664,2.9680,-0.1143,0.2115,2.476,good,0.078,3.84,0,0,0,0,26.56,3,0.0,,,
2665,2.9680,-0.1104,-0.0314,3.000,good,0.001,3.67,0,0,0,0,10.14,3,0.0,,,
2672,2.9680,-0.1180,0.1901,3.016,good,0.001,3.13,0,0,0,0,12.27,2,0.0,,,
2673,2.9680,-0.1110,0.1415,3.450,good,0.096,3.00,0,0,0,0,1.15,2,0.0,,,
2675,2.9680,-0.1059,0.2021,3.000,faded,0.758,4.97,1,1,1,0,8.62,1,3.0,57|58,2656,
2670,2.9720,-0.1190,-0.1044,2.587,good,0.086,1.78,0,0,0,0,24.67,3,0.0,,,
2671,2.9720,-0.1118,-0.1865,3.073,black,1.000,47.32,1,1,1,0,8.93,3,3.2,8|7,2668,2668
2676,2.9720,-0.1019,-0.1011,3.000,good,0.189,5.37,0,0,0,0,7.30,1,0.0,,,
2674,2.9760,-0.1161,0.0752,2.965,broken,0.707,2.55,1,1,1,0,12.88,3,2.4,41,2678,2678
2680,2.9800,-0.1145,-0.1886,3.038,good,0.025,2.59,0,0,0,0,10.62,2,0.0,,,
2677,2.9840,-0.1151,0.0026,2.986,good,0.000,4.17,0,0,0,0,12.04,3,0.0,,,
2678,2.9840,-0.1097,-0.1224,3.024,good,0.009,4.55,0,0,0,0,9.33,3,0.0,,,
2679,2.9840,-0.1090,-0.1609,3.007,good,0.008,3.08,0,0,0,0,9.52,3,0.0,,,
2681,2.9880,-0.1146,-0.0387,2.490,good,0.056,6.11,0,0,0,0,26.17,3,0.0,,,
2682,2.9880,-0.1161,0.0218,2.850,good,0.262,3.51,0,0,0,0,15.80,3,0.0,,,
2683,2.9880,-0.1113,0.0848,3.003,good,0.200,3.10,0,0,0,0,10.39,3,0.0,,,
2686,2.9880,-0.1178,-0.1184,2.877,good,0.290,2.90,0,0,0,0,15.71,2,0.0,,,
2687,2.9880,-0.1173,-0.0081,3.001,faded,0.626,3.58,1,1,1,0,12.39,2,3.0,30|31,2685,2685
2695,2.9880,-0.1031,-0.0377,3.000,good,0.011,4.74,0,0,0,0,7.71,1,0.0,,,
2684,2.9920,-0.1126,0.0320,3.374,broken,0.646,2.01,1,1,1,0,3.01,3,2.4,36|35,2700,
2685,2.9920,-0.1107,0.0725,3.003,good,0.045,3.43,0,0,0,0,10.17,3,0.0,,,
2692,2.9920,-0.1192,0.1087,2.971,good,0.001,3.12,0,0,0,0,13.78,2,0.0,,,
2693,2.9920,-0.1156,-0.0636,3.303,black,1.000,55.24,1,1,1,0,5.29,2,3.2,23|24,2684,2684
2694,2.9920,-0.1153,0.1482,3.021,good,0.021,2.93,0,0,0,0,11.26,2,0.0,,,
2688,2.9960,-0.1144,-0.1359,3.004,good,0.409,3.46,0,0,0,0,11.38,3,0.0,,,
2689,2.9960,-0.1138,-0.1664,3.002,broken,0.733,3.34,1,1,1,0,11.22,3,2.4,10,2693,2693
2690,2.9960,-0.1147,-0.1561,2.614,shell,1.000,7.26,1,1,1,0,22.13,3,2.4,12|11,2675,
2691,2.9960,-0.1112,-0.2169,3.051,good,0.271,6.13,0,0,0,0,9.24,3,0.0,,,
2701,2.9960,-0.1181,0.0988,3.008,good,0.285,3.42,0,0,0,0,12.51,2,0.0,,,
2696,3.0000,-0.1157,-0.1095,2.971,good,0.001,2.55,0,0,0,0,12.60,3,0.0,,,
2697,3.0000,-0.1381,0.0210,3.000,broken,0.816,2.64,1,1,1,0,11.35,1,2.4,34,2719,
2698,3.0000,-0.1126,0.0651,2.979,good,0.000,3.21,0,0,0,0,11.37,3,0.0,,,
2699,3.0000,-0.1115,-0.1008,3.070,broken,0.539,4.84,1,1,1,0,8.90,3,2.4,19|18,2683,
2700,3.0000,-0.1098,0.0422,2.668,good,0.002,2.60,0,0,0,0,18.64,3,0.0,,,
2704,3.0000,-0.1274,0.0242,3.000,broken,0.793,2.31,1,1,1,0,11.80,1,2.4,35|34,2719,
2713,3.0000,-0.1167,0.0274,3.000,broken,0.696,2.30,1,1,1,0,12.24,1,2.4,35,2676,
2702,3.0040,-0.1114,-0.0174,3.422,shell,0.997,5.06,1,1,1,0,1.77,3,2.4,29,2705,2705
2703,3.0040,-0.1096,-0.0515,2.934,faded,1.000,5.21,1,1,1,0,11.43,3,3.2,25,2688,2688
2717,3.0040,-0.1060,0.0306,3.000,good,0.225,2.35,0,0,0,0,8.67,1,0.0,,,
2705,3.0080,-0.1179,-0.1944,2.765,broken,0.579,5.06,1,1,1,0,18.80,3,2.4,7|6,2717,
2706,3.0080,-0.1140,0.0747,2.992,good,0.000,3.91,0,0,0,0,11.52,3,0.0,,,
2707,3.0080,-0.1131,-0.1193,2.877,good,0.005,2.68,0,0,0,0,14.09,3,0.0,,,
2708,3.0080,-0.1102,-0.0575,2.940,good,0.002,3.44,0,0,0,0,11.51,3,0.0,,,
2709,3.0080,-0.1087,-0.1276,2.918,good,0.021,2.73,0,0,0,0,11.51,3,0.0,,,
2710,3.0080,-0.1100,0.0214,3.000,good,0.263,3.94,0,0,0,0,9.99,3,0.0,,,
2711,3.0080,-0.1088,0.1986,2.998,good,0.083,3.47,0,0,0,0,9.63,3,0.0,,,
2712,3.0080,-0.1086,-0.1760,2.989,shell,0.985,4.26,1,1,1,0,9.80,3,2.4,9,2696,
2715,3.0080,-0.1190,0.1044,3.003,broken,0.741,3.13,1,1,1,0,12.92,2,2.4,45,2725,2725
2716,3.0080,-0.1167,-0.1624,3.000,good,0.047,3.27,0,0,0,0,12.24,2,0.0,,,
2714,3.0120,-0.1131,-0.2111,2.991,good,0.014,3.71,0,0,0,0,11.24,3,0.0,,,
2719,3.0120,-0.1198,0.1018,3.074,broken,0.997,3.23,1,1,1,0,11.53,2,2.4,45|44,2720,
2718,3.0160,-0.1105,-0.1880,3.048,broken,0.548,3.44,1,1,1,0,9.06,3,2.4,7|8,2733,2733
2723,3.0160,-0.1153,-0.2082,3.024,broken,0.911,3.69,1,1,1,0,11.19,2,2.4,5,2711,2711
2727,3.0160,-0.1075,0.1050,3.000,broken,0.995,3.19,1,1,1,0,9.18,1,2.4,45,2720,
2720,3.0200,-0.1140,0.0030,3.068,black,1.000,46.83,1,1,1,0,9.73,3,3.2,32,2731,
2721,3.0200,-0.1149,0.0976,3.177,broken,0.666,3.57,1,1,1,0,7.63,3,2.4,44,2730,
2722,3.0200,-0.1138,0.1728,3.030,good,0.002,4.24,0,0,0,0,10.56,3,0.0,,,
2724,3.0240,-0.1148,0.1302,2.999,good,0.013,3.96,0,0,0,0,11.61,3,0.0,,,
2725,3.0240,-0.1136,-0.0729,2.907,faded,0.996,5.56,1,1,1,0,13.49,3,3.0,22,2718,2718
2726,3.0240,-0.1103,-0.1390,3.120,broken,0.824,1.76,1,1,1,0,7.40,3,2.4,14,2739,
2731,3.0240,-0.1199,-0.1937,2.994,good,0.002,5.10,0,0,0,0,13.46,2,0.0,,,
2728,3.0280,-0.1133,-0.1875,3.006,shell,0.757,4.57,1,1,1,0,10.96,3,2.4,8|7,2732,2732
2729,3.0280,-0.1097,-0.1007,3.000,good,0.102,3.06,0,0,0,0,9.92,3,0.0,,,
2730,3.0280,-0.1332,-0.1504,3.000,good,0.092,7.66,0,0,0,0,9.73,1,0.0,,,
2734,3.0280,-0.1169,-0.0262,2.983,good,0.001,2.40,0,0,0,0,12.72,2,0.0,,,
2735,3.0280,-0.1105,-0.0492,3.212,good,0.310,4.22,0,0,0,0,5.52,2,0.0,,,
2736,3.0280,-0.1098,-0.1557,2.901,good,0.017,2.59,0,0,0,0,12.32,2,0.0,,,
2737,3.0280,-0.1096,-0.1468,2.973,good,0.377,2.42,0,0,0,0,10.51,2,0.0,,,
2732,3.0320,-0.1134,-0.0845,3.009,good,0.244,3.38,0,0,0,0,10.92,3,0.0,,,
2733,3.0320,-0.1250,-0.1566,2.732,good,0.421,3.14,0,0,0,0,18.37,2,0.0,,,
2739,3.0320,-0.1196,-0.2022,2.889,good,0.249,3.66,0,0,0,0,16.01,2,0.0,,,
2742,3.0320,-0.1141,-0.1600,3.000,good,0.298,3.25,0,0,0,0,11.37,1,0.0,,,
2738,3.0360,-0.1104,0.1341,3.450,broken,0.549,2.26,1,1,1,0,1.00,3,2.4,49|48,2762,
2740,3.0400,-0.1116,-0.2422,3.331,shell,1.000,18.94,1,1,1,0,3.53,3,2.4,0|1,2745,
2741,3.0400,-0.1089,0.1041,3.015,good,0.331,2.64,0,0,0,0,9.27,3,0.0,,,
2744,3.0400,-0.1111,-0.1663,3.450,good,0.168,7.62,0,0,0,0,1.18,2,0.0,,,
2743,3.0440,-0.1085,0.2098,2.976,good,0.218,6.33,0,0,0,0,10.03,3,0.0,,,
2747,3.0440,-0.1177,0.0972,3.047,good,0.004,2.31,0,0,0,0,11.43,2,0.0,,,
2745,3.0480,-0.1347,-0.1139,3.000,broken,0.990,3.02,1,1,1,0,10.23,1,2.4,17,,
2746,3.0480,-0.1082,0.0346,3.005,good,0.009,2.18,0,0,0,0,9.27,3,0.0,,,
2749,3.0480,-0.1188,0.1181,3.450,good,0.464,3.40,0,0,0,0,3.42,2,0.0,,,
2750,3.0480,-0.1296,0.1546,3.000,good,0.006,7.68,0,0,0,0,12.53,1,0.0,,,
2751,3.0480,-0.1170,-0.0115,3.000,good,0.006,3.68,0,0,0,0,12.32,2,0.0,,,
2752,3.0480,-0.1222,-0.1109,3.000,broken,0.992,3.03,1,1,1,0,10.08,1,2.4,17|18,,
2757,3.0480,-0.1199,0.1611,3.000,good,0.108,7.33,0,0,0,0,13.30,1,0.0,,,
2758,3.0480,-0.1145,0.1511,3.000,good,0.039,1.41,0,0,0,0,11.51,1,0.0,,,
2759,3.0480,-0.1098,-0.1078,3.000,broken,0.959,3.04,1,1,1,0,9.92,1,2.4,18,2735,
2748,3.0520,-0.1136,0.2192,3.017,shell,0.995,5.02,1,1,1,0,10.80,3,2.4,60|59,2764,2764
2755,3.0520,-0.1198,0.1931,2.845,good,0.188,5.62,0,0,0,0,17.27,2,0.0,,,
2756,3.0520,-0.1183,-0.2126,3.007,insect,1.000,3.55,1,1,1,0,12.59,2,3.1,4,2747,2747
2753,3.0560,-0.1125,0.1831,3.022,good,0.004,4.60,0,0,0,0,10.33,3,0.0,,,
2754,3.0560,-0.1073,0.0299,3.414,good,0.061,2.94,0,0,0,0,0.72,3,0.0,,,
2760,3.0600,-0.1136,0.0672,3.002,good,0.449,3.13,0,0,0,0,11.17,3,0.0,,,
2761,3.0600,-0.1083,0.0252,3.000,broken,0.907,2.77,1,1,1,0,9.44,3,2.4,35,2773,2773
2764,3.0600,-0.1191,0.1829,2.723,faded,0.586,3.69,1,1,1,0,20.44,2,3.1,55,2759,
2765,3.0600,-0.1156,0.0323,3.222,broken,0.999,3.23,1,1,1,0,6.91,2,2.4,36|35,2754,2754
2762,3.0640,-0.1102,-0.0579,3.450,faded,0.937,6.36,1,1,1,0,0.92,3,3.2,24,2775,
2763,3.0640,-0.1144,0.2166,3.003,good,0.004,3.22,0,0,0,0,11.37,3,0.0,,,
2769,3.0640,-0.1184,0.0243,2.999,sour,1.000,13.64,1,1,1,0,12.84,2,3.2,35|34,2750,2750
2766,3.0680,-0.1125,0.0532,2.954,good,0.001,2.90,0,0,0,0,11.92,3,0.0,,,
2767,3.0680,-0.1112,-0.1467,3.025,good,0.011,3.99,0,0,0,0,9.83,3,0.0,,,
2768,3.0680,-0.1097,-0.0276,2.994,good,0.001,2.74,0,0,0,0,10.03,3,0.0,,,
2770,3.0680,-0.1206,0.2316,2.736,good,0.011,4.47,0,0,0,0,16.65,2,0.0,,,
2772,3.0680,-0.1178,0.2104,3.026,good,0.116,3.40,0,0,0,0,11.98,2,0.0,,,
2777,3.0680,-0.1097,0.2279,3.000,good,0.004,4.06,0,0,0,0,9.90,1,0.0,,,
2771,3.0720,-0.1115,-0.0899,2.850,shell,0.864,4.16,1,1,1,0,14.22,3,2.4,20,2751,
2773,3.0760,-0.1151,0.1201,3.122,broken,0.731,7.35,1,1,1,0,8.90,3,2.4,47,2758,
2774,3.0760,-0.1132,-0.1159,3.002,good,0.132,2.12,0,0,0,0,11.01,3,0.0,,,
2775,3.0760,-0.1116,-0.1505,3.166,good,0.281,3.30,0,0,0,0,6.84,3,0.0,,,
2776,3.0760,-0.1136,0.2372,2.259,good,0.033,3.30,0,0,0,0,34.56,3,0.0,,,
2780,3.0760,-0.1188,-0.2216,2.981,good,0.053,4.25,0,0,0,0,13.41,2,0.0,,,
2781,3.0760,-0.1158,0.2099,3.023,insect,1.000,3.31,1,1,1,0,11.41,2,3.1,58|59,2787,2787
2778,3.0800,-0.1142,-0.0888,2.990,black,1.000,47.75,1,1,1,0,11.62,3,3.2,20,2769,2769
2779,3.0800,-0.1138,0.0229,3.023,good,0.476,2.85,0,0,0,0,10.71,3,0.0,,,
2784,3.0800,-0.1185,-0.1346,3.450,good,0.081,2.77,0,0,0,0,3.34,2,0.0,,,
2786,3.0800,-0.1194,-0.1222,2.994,good,0.086,3.04,0,0,0,0,13.27,2,0.0,,,
2782,3.0840,-0.1137,-0.0359,3.062,good,0.046,3.15,0,0,0,0,9.79,3,0.0,,,
2783,3.0840,-0.1098,0.1036,3.002,good,0.004,2.72,0,0,0,0,9.91,3,0.0,,,
2785,3.0840,-0.1084,0.0811,3.063,husk,1.000,60.97,1,1,1,0,8.03,3,2.4,42,2791,
2790,3.0840,-0.1168,0.1979,3.107,good,0.107,2.79,0,0,0,0,9.78,2,0.0,,,
2795,3.0840,-0.1192,-0.1491,3.000,faded,0.988,16.61,1,1,1,0,13.05,1,3.2,12|13,2738|2785|2786,2786
2796,3.0840,-0.1043,-0.1317,3.000,good,0.061,2.38,0,0,0,0,8.11,1,0.0,,,
2787,3.0880,-0.1122,-0.1284,3.193,good,0.056,1.76,0,0,0,0,6.45,3,0.0,,,
2788,3.0880,-0.1135,0.0241,2.946,good,0.001,3.98,0,0,0,0,12.48,3,0.0,,,
2789,3.0880,-0.1092,-0.0640,2.997,broken,0.622,3.14,1,1,1,0,9.78,3,2.4,23|24,2799,2799
2794,3.0880,-0.1167,0.1762,3.450,good,0.020,3.37,0,0,0,0,2.82,2,0.0,,,
2791,3.0920,-0.1108,0.2229,2.997,black,1.000,52.39,1,1,1,0,10.32,3,3.2,60,2788,2788
2792,3.0920,-0.1146,-0.1452,2.429,broken,0.979,2.17,1,1,1,0,28.34,3,2.4,13,2771,
2793,3.0920,-0.1093,-0.1869,3.006,shell,0.995,6.17,1,1,1,0,9.64,3,2.4,8|7,2797,2797
2798,3.0920,-0.1182,0.1709,3.145,good,0.011,3.18,0,0,0,0,9.40,2,0.0,,,
2803,3.0920,-0.1011,-0.1547,3.000,good,0.294,4.66,0,0,0,0,7.03,1,0.0,,,
2797,3.0960,-0.1121,-0.2143,3.103,good,0.028,3.56,0,0,0,0,8.37,3,0.0,,,
2799,3.1000,-0.1144,-0.0190,3.001,good,0.123,3.31,0,0,0,0,11.45,3,0.0,,,
2800,3.1000,-0.1131,0.1882,3.011,broken,0.741,3.18,1,1,1,0,10.79,3,2.4,56|55,2803,2803
2801,3.1000,-0.1100,-0.0921,3.002,good,0.000,5.44,0,0,0,0,9.95,3,0.0,,,
2802,3.1000,-0.1104,0.1640,2.986,good,0.134,2.12,0,0,0,0,10.47,3,0.0,,,
2806,3.1000,-0.1186,0.0986,2.851,good,0.134,6.88,0,0,0,0,16.68,2,0.0,,,
2804,3.1040,-0.1139,0.1100,2.729,husk,0.997,19.77,1,1,1,0,18.36,3,2.4,46|45,2778,
2805,3.1040,-0.1221,0.2018,3.205,good,0.072,3.80,0,0,0,0,5.31,2,0.0,,,
2808,3.1040,-0.1178,-0.0683,3.022,stick,1.000,65.96,1,1,1,0,12.05,2,2.4,23,2801,2801
2810,3.1040,-0.1198,0.0234,3.322,sour,1.000,13.64,1,1,1,0,6.16,2,3.2,34|35,2829,2829
2812,3.1040,-0.1188,-0.1106,2.998,good,0.001,2.76,0,0,0,0,12.96,2,0.0,,,
2818,3.1040,-0.1072,0.0953,3.000,good,0.086,7.53,0,0,0,0,9.07,1,0.0,,,
2819,3.1040,-0.1093,0.2049,3.000,good,0.061,3.79,0,0,0,0,9.76,1,0.0,,,
2807,3.1080,-0.1145,-0.0803,3.046,broken,0.927,4.19,1,1,1,0,10.41,3,2.4,21,2796,2796
2809,3.1080,-0.1359,0.2076,3.000,good,0.007,3.91,0,0,0,0,10.62,1,0.0,,,
2811,3.1080,-0.1097,0.0594,3.003,good,0.002,4.58,0,0,0,0,9.83,3,0.0,,,
2816,3.1080,-0.1199,0.1358,3.318,good,0.228,3.04,0,0,0,0,6.27,2,0.0,,,
2817,3.1080,-0.1247,0.2038,3.000,good,0.022,4.10,0,0,0,0,10.91,1,0.0,,,
2826,3.1080,-0.1136,0.2001,3.000,good,0.036,4.23,0,0,0,0,11.21,1,0.0,,,
2827,3.1080,-0.1030,0.1069,3.000,husk,0.997,19.91,1,1,1,0,7.66,1,2.4,45,2778,
2813,3.1120,-0.1105,0.2292,2.992,good,0.205,3.23,0,0,0,0,10.34,3,0.0,,,
2814,3.1120,-0.1118,0.1779,2.880,good,0.465,5.20,0,0,0,0,13.54,3,0.0,,,
2815,3.1120,-0.1079,-0.0280,3.123,good,0.044,4.08,0,0,0,0,6.57,3,0.0,,,
2822,3.1120,-0.1186,-0.1602,2.996,good,0.004,6.33,0,0,0,0,12.97,2,0.0,,,
2823,3.1120,-0.1172,0.1943,2.994,faded,0.753,5.78,1,1,1,0,12.55,2,3.2,56|57,2818,2818
2824,3.1120,-0.1161,-0.2140,2.987,good,0.052,2.27,0,0,0,0,12.34,2,0.0,,,
2825,3.1120,-0.1189,0.0070,3.071,stick,1.000,30.06,1,1,1,0,11.25,2,2.4,32|33,2822,
2828,3.1120,-0.1025,0.1963,3.000,good,0.032,4.24,0,0,0,0,7.51,1,0.0,,,
2820,3.1160,-0.1132,-0.0775,2.995,good,0.005,1.79,0,0,0,0,11.17,3,0.0,,,
2821,3.1160,-0.1094,-0.0494,3.017,good,0.030,4.90,0,0,0,0,9.42,3,0.0,,,
2831,3.1200,-0.1186,-0.1802,2.990,shell,0.956,4.02,1,1,1,0,13.13,2,2.4,8|9,2804,2804
2829,3.1240,-0.1161,-0.2177,2.981,faded,1.000,7.16,1,1,1,0,12.48,3,3.2,4|3,2835,2835
2830,3.1240,-0.1248,0.0692,3.145,broken,0.998,5.90,1,1,1,0,7.48,2,2.4,40|41,,
2833,3.1240,-0.1185,-0.2025,2.983,broken,0.844,2.27,1,1,1,0,13.26,2,2.4,6|5,2832,2832
2834,3.1240,-0.1189,0.0386,2.971,faded,0.572,4.38,1,1,1,0,13.67,2,3.2,36|37,2839,2839
2835,3.1240,-0.1170,-0.1036,3.004,good,0.007,2.55,0,0,0,0,12.23,2,0.0,,,
2836,3.1240,-0.1289,0.1508,3.000,good,0.000,3.66,0,0,0,0,12.29,1,0.0,,,
2837,3.1240,-0.1169,-0.1860,2.963,insect,1.000,3.86,1,1,1,0,13.20,2,3.1,8|7,2810,2810
2838,3.1240,-0.1122,0.0731,3.000,broken,0.980,5.92,1,1,1,0,10.73,1,2.4,41,2816,
2832,3.1280,-0.1090,0.1571,3.450,good,0.057,7.53,0,0,0,0,0.57,3,0.0,,,
2840,3.1320,-0.1172,-0.2268,2.990,good,0.053,4.99,0,0,0,0,12.65,2,0.0,,,
2841,3.1320,-0.1173,0.0174,2.966,broken,0.931,2.92,1,1,1,0,13.27,2,2.4,34,2833,2833
2842,3.1320,-0.1158,0.1053,3.145,broken,0.960,5.21,1,1,1,0,8.60,2,2.4,45,2837,
2839,3.1360,-0.1137,0.0729,3.026,good,0.000,3.36,0,0,0,0,10.63,3,0.0,,,
2845,3.1360,-0.1180,0.1755,3.003,broken,0.720,2.95,1,1,1,0,12.59,2,2.4,54,2827,
2843,3.1400,-0.1092,0.1424,3.032,good,0.138,6.23,0,0,0,0,8.99,3,0.0,,,
2844,3.1400,-0.1098,-0.1001,3.033,good,0.040,3.74,0,0,0,0,9.18,3,0.0,,,
2846,3.1440,-0.1132,-0.2360,3.006,good,0.001,2.85,0,0,0,0,10.93,3,0.0,,,
2847,3.1440,-0.1131,0.2280,2.951,good,0.004,2.17,0,0,0,0,12.22,3,0.0,,,
2848,3.1440,-0.1088,0.2030,3.004,shell,0.591,7.55,1,1,1,0,9.51,3,2.4,57|58,2838,2838
2850,3.1440,-0.1171,-0.2048,3.169,good,0.234,3.61,0,0,0,0,8.51,2,0.0,,,
2849,3.1480,-0.1095,0.0517,3.008,faded,1.000,6.02,1,1,1,0,9.66,3,3.2,38,2840,2840
2855,3.1480,-0.1191,0.0084,2.993,broken,0.997,3.63,1,1,1,0,13.20,2,2.4,33|32,2850,2850
2856,3.1480,-0.1152,-0.1057,2.980,good,0.000,3.12,0,0,0,0,12.24,2,0.0,,,
2857,3.1480,-0.1140,0.1248,3.209,broken,0.995,2.73,1,1,1,0,6.68,2,2.4,47|48,2843,
2851,3.1520,-0.1130,0.2376,3.003,faded,0.985,5.92,1,1,1,0,10.91,3,3.2,62,2869,2869
2852,3.1520,-0.1104,0.1834,2.998,good,0.002,2.33,0,0,0,0,10.18,3,0.0,,,
2853,3.1520,-0.1337,0.0352,3.000,black,1.000,48.37,1,1,1,0,9.89,1,3.2,36,,
2854,3.1520,-0.1102,0.1655,3.006,shell,0.622,5.29,1,1,1,0,9.91,3,2.4,53|52,2862,2862
2858,3.1520,-0.1169,-0.0851,3.000,broken,0.987,4.17,1,1,1,0,12.30,2,2.4,21|20,2857,2857
2859,3.1520,-0.1132,0.0531,3.351,faded,1.000,5.42,1,1,1,0,3.63,2,3.2,38,2855,
2860,3.1520,-0.1225,0.0318,3.000,black,1.000,48.49,1,1,1,0,10.17,1,3.2,36|35,,
2864,3.1520,-0.1113,0.0285,3.000,black,1.000,48.47,1,1,1,0,10.43,1,3.2,35,2836,
2863,3.1560,-0.1175,-0.2240,2.999,good,0.084,2.97,0,0,0,0,12.51,2,0.0,,,
2861,3.1600,-0.1136,-0.1450,3.006,good,0.007,2.66,0,0,0,0,11.07,3,0.0,,,
2862,3.1600,-0.1089,-0.0536,3.001,broken,0.995,3.24,1,1,1,0,9.61,3,2.4,25|24,2834,
2867,3.1600,-0.1185,0.1387,3.450,broken,0.956,3.96,1,1,1,0,3.32,2,2.4,49,2847,
2868,3.1600,-0.1195,0.0789,2.950,good,0.392,3.38,0,0,0,0,14.43,2,0.0,,,
2869,3.1600,-0.1165,0.0588,3.003,good,0.002,3.44,0,0,0,0,12.11,2,0.0,,,
2865,3.1640,-0.1118,0.1504,2.899,good,0.059,3.04,0,0,0,0,13.06,3,0.0,,,
2866,3.1640,-0.1118,0.1920,2.938,broken,0.628,3.60,1,1,1,0,12.09,3,2.4,56,2875,
2875,3.1640,-0.1176,0.1265,3.322,good,0.012,1.51,0,0,0,0,5.50,2,0.0,,,
2882,3.1640,-0.1046,0.1420,3.000,broken,0.994,3.58,1,1,1,0,8.21,1,2.4,50|49,2847,
2870,3.1680,-0.1166,-0.1233,2.866,black,1.000,49.21,1,1,1,0,15.58,3,3.2,16,2883,2883
2871,3.1680,-0.1121,-0.1583,3.003,good,0.001,7.58,0,0,0,0,10.64,3,0.0,,,
2872,3.1680,-0.1156,0.1949,2.866,good,0.075,4.53,0,0,0,0,15.22,3,0.0,,,
2873,3.1680,-0.1118,0.1509,2.928,sour,1.000,13.45,1,1,1,0,12.33,3,3.2,51,2885,2885
2874,3.1680,-0.1085,0.0626,3.206,broken,0.740,2.22,1,1,1,0,5.02,3,2.4,40|39,2853,2853
2880,3.1680,-0.1199,0.0492,3.004,shell,1.000,8.28,1,1,1,0,13.19,2,2.4,38,2861,2861
2881,3.1680,-0.1174,-0.2366,3.042,good,0.009,2.93,0,0,0,0,11.48,2,0.0,,,
2876,3.1720,-0.1152,0.1803,3.105,good,0.515,3.64,1,1,1,0,9.32,3,2.4,55|54,2873,2873
2877,3.1720,-0.1153,0.1221,2.998,good,0.001,3.27,0,0,0,0,11.80,3,0.0,,,
2878,3.1720,-0.1188,0.0310,2.390,good,0.001,2.45,0,0,0,0,31.53,3,0.0,,,
2879,3.1720,-0.1145,0.0687,2.634,good,0.001,3.90,0,0,0,0,21.43,3,0.0,,,
2883,3.1760,-0.1136,-0.2214,2.998,good,0.001,2.56,0,0,0,0,11.25,3,0.0,,,
2884,3.1760,-0.1122,0.0788,3.048,good,0.074,1.98,0,0,0,0,9.61,3,0.0,,,
2885,3.1760,-0.1220,-0.0288,2.894,good,0.009,2.69,0,0,0,0,12.71,2,0.0,,,
2891,3.1760,-0.1104,-0.0319,3.000,good,0.010,2.72,0,0,0,0,10.14,1,0.0,,,
2886,3.1800,-0.1107,0.1824,3.005,good,0.018,2.17,0,0,0,0,10.10,3,0.0,,,
2889,3.1800,-0.1196,0.2240,2.793,good,0.000,3.32,0,0,0,0,18.63,2,0.0,,,
2890,3.1800,-0.1155,0.1361,2.998,good,0.001,2.25,0,0,0,0,11.89,2,0.0,,,
2887,3.1840,-0.1108,-0.0059,3.313,black,1.000,54.42,1,1,1,0,3.64,3,3.2,31,2893,
2888,3.1840,-0.1094,0.0204,2.999,good,0.020,3.04,0,0,0,0,9.83,3,0.0,,,
2894,3.1840,-0.1183,-0.0743,2.869,black,1.000,48.59,1,1,1,0,16.10,2,3.2,22,2907,2907
2892,3.1880,-0.1153,0.2151,2.946,good,0.016,3.13,0,0,0,0,13.10,3,0.0,,,
2893,3.1880,-0.1247,0.1742,2.904,good,0.084,3.69,0,0,0,0,13.38,2,0.0,,,
2897,3.1880,-0.1190,0.0627,2.887,good,0.014,2.24,0,0,0,0,15.85,2,0.0,,,
2898,3.1880,-0.1189,-0.1781,2.768,good,0.027,2.95,0,0,0,0,19.08,2,0.0,,,
2899,3.1880,-0.1170,-0.1381,3.093,shell,0.728,5.06,1,1,1,0,10.17,2,2.4,14,2887,2887
2903,3.1880,-0.1131,0.1775,3.000,broken,0.536,3.73,1,1,1,0,11.04,1,2.4,54,2881,
2895,3.1920,-0.1123,0.1139,2.961,good,0.010,2.64,0,0,0,0,11.70,3,0.0,,,
2896,3.1920,-0.1071,-0.1008,3.438,good,0.199,2.47,0,0,0,0,0.23,3,0.0,,,
2901,3.1920,-0.1183,0.1234,2.972,good,0.091,2.58,0,0,0,0,13.46,2,0.0,,,
2902,3.1920,-0.1130,-0.1868,3.450,black,1.000,51.11,1,1,1,0,1.75,2,3.2,8|7,2900,
2909,3.1920,-0.1035,0.2182,3.000,good,0.026,3.20,0,0,0,0,7.84,1,0.0,,,
2900,3.1960,-0.1161,0.0107,2.855,good,0.269,3.32,0,0,0,0,15.68,3,0.0,,,
2907,3.1960,-0.1197,0.0215,3.095,good,0.005,3.94,0,0,0,0,11.01,2,0.0,,,
2908,3.1960,-0.1185,-0.1558,3.208,good,0.192,2.61,0,0,0,0,8.11,2,0.0,,,
2904,3.2000,-0.1160,-0.0649,2.989,good,0.011,3.38,0,0,0,0,12.25,3,0.0,,,
2905,3.2000,-0.1142,-0.2027,2.993,good,0.207,2.46,0,0,0,0,11.56,3,0.0,,,
2906,3.2000,-0.1122,0.1527,2.872,good,0.273,4.93,0,0,0,0,13.88,3,0.0,,,
2911,3.2000,-0.1146,0.1265,3.248,good,0.008,4.98,0,0,0,0,6.06,2,0.0,,,
2910,3.2040,-0.1131,-0.2170,3.069,good,0.048,3.20,0,0,0,0,9.44,3,0.0,,,
2913,3.2040,-0.1174,-0.1765,3.000,shell,0.758,4.58,1,1,1,0,12.46,2,2.4,9,2897,2897
2912,3.2080,-0.1126,0.0301,3.021,good,0.031,2.95,0,0,0,0,10.38,3,0.0,,,
2917,3.2080,-0.1183,-0.2077,2.995,good,0.046,4.57,0,0,0,0,12.89,2,0.0,,,
2914,3.2120,-0.1154,0.0615,2.999,good,0.498,2.54,0,0,0,0,11.82,3,0.0,,,
2915,3.2120,-0.1148,0.1806,2.989,good,0.026,3.19,0,0,0,0,11.85,3,0.0,,,
2916,3.2120,-0.1101,-0.0429,2.620,broken,0.812,3.75,1,1,1,0,20.19,3,2.4,26,2877,
2918,3.2160,-0.1117,-0.0864,3.089,husk,0.978,6.09,1,1,1,0,8.53,3,2.4,20|21,2914,
2919,3.2160,-0.1113,0.0707,3.017,good,0.444,7.23,0,0,0,0,10.04,3,0.0,,,
2920,3.2160,-0.1107,0.1348,2.984,broken,0.628,3.17,1,1,1,0,10.63,3,2.4,49,2905,2905
2921,3.2160,-0.1093,0.0419,2.717,good,0.084,9.37,0,0,0,0,17.03,3,0.0,,,
2924,3.2160,-0.1156,0.1052,2.999,good,0.000,4.36,0,0,0,0,11.91,2,0.0,,,
2922,3.2200,-0.1152,-0.0222,3.001,broken,0.673,2.80,1,1,1,0,11.70,3,2.4,29|28,2913,2913
2923,3.2200,-0.1174,-0.0529,2.497,good,0.004,4.42,0,0,0,0,27.05,3,0.0,,,
2925,3.2200,-0.1187,0.0540,3.068,good,0.034,6.09,0,0,0,0,11.29,2,0.0,,,
2926,3.2200,-0.1158,0.1069,3.000,good,0.009,1.79,0,0,0,0,11.92,2,0.0,,,
2927,3.2200,-0.1173,0.1696,2.904,broken,0.689,4.39,1,1,1,0,14.84,2,2.4,53,2911,
2928,3.2200,-0.1154,0.2282,2.956,good,0.047,3.04,0,0,0,0,12.89,2,0.0,,,
2932,3.2200,-0.0993,-0.0896,3.000,husk,0.983,6.08,1,1,1,0,6.45,1,2.4,20,2914,
2930,3.2240,-0.1180,-0.2250,2.945,good,0.001,3.74,0,0,0,0,14.02,2,0.0,,,
2931,3.2240,-0.1167,0.2148,3.084,sour,1.000,22.35,1,1,1,0,10.29,2,3.2,59,2932,2932
2929,3.2280,-0.1088,0.1408,2.997,good,0.485,4.88,0,0,0,0,9.68,3,0.0,,,
2933,3.2280,-0.1179,-0.1157,3.047,good,0.077,4.70,0,0,0,0,11.52,2,0.0,,,
2936,3.2320,-0.1161,-0.0644,3.351,good,0.462,3.32,0,0,0,0,4.48,2,0.0,,,
2937,3.2320,-0.1164,-0.2384,2.926,good,0.001,3.74,0,0,0,0,13.98,2,0.0,,,
2934,3.2360,-0.1097,0.1657,2.995,good,0.369,4.14,0,0,0,0,10.04,3,0.0,,,
2935,3.2360,-0.1103,0.2247,2.803,good,0.075,5.50,0,0,0,0,15.00,3,0.0,,,
2944,3.2360,-0.1027,-0.0678,3.000,good,0.283,3.37,0,0,0,0,7.57,1,0.0,,,
2938,3.2400,-0.1115,-0.1830,3.026,broken,0.990,3.80,1,1,1,0,9.89,3,2.4,8,2938,2938
2939,3.2400,-0.1082,-0.0681,3.022,good,0.361,3.34,0,0,0,0,8.91,3,0.0,,,
2942,3.2400,-0.1156,0.0217,2.969,good,0.476,10.69,0,0,0,0,12.64,2,0.0,,,
2943,3.2400,-0.1122,0.2131,3.450,good,0.001,3.67,0,0,0,0,1.51,2,0.0,,,
2940,3.2440,-0.1119,0.0797,2.981,good,0.003,3.53,0,0,0,0,11.10,3,0.0,,,
2941,3.2440,-0.1093,0.1878,2.967,good,0.000,3.07,0,0,0,0,10.55,3,0.0,,,
2947,3.2440,-0.1193,0.0338,3.005,good,0.074,2.74,0,0,0,0,12.98,2,0.0,,,
2948,3.2440,-0.1176,-0.1312,3.094,good,0.028,3.23,0,0,0,0,10.33,2,0.0,,,
2949,3.2440,-0.1164,-0.1200,3.083,good,0.059,2.33,0,0,0,0,10.19,2,0.0,,,
2950,3.2440,-0.1158,0.2122,3.000,good,0.056,12.75,0,0,0,0,11.95,2,0.0,,,
2945,3.2480,-0.1152,0.1428,2.714,good,0.001,1.92,0,0,0,0,19.31,3,0.0,,,
2946,3.2480,-0.1093,0.0775,2.996,good,0.013,3.90,0,0,0,0,9.84,3,0.0,,,
2951,3.2480,-0.1187,0.1697,2.972,sour,1.000,18.13,1,1,1,0,13.59,2,3.2,53,2942,2942
2952,3.2480,-0.1171,-0.1619,3.034,faded,0.999,6.00,1,1,1,0,11.54,2,3.2,11,2955,
2953,3.2480,-0.1185,-0.0385,2.996,good,0.268,3.69,0,0,0,0,12.92,2,0.0,,,
2954,3.2480,-0.1110,-0.1675,3.313,good,0.224,3.38,0,0,0,0,3.69,2,0.0,,,
2960,3.2520,-0.1187,0.2112,2.723,good,0.424,4.37,0,0,0,0,20.32,2,0.0,,,
2955,3.2560,-0.1148,-0.1024,2.868,sour,1.000,13.05,1,1,1,0,14.90,3,3.2,18|19,2949,
2956,3.2560,-0.1154,0.1480,2.994,good,0.008,3.49,0,0,0,0,11.96,3,0.0,,,
2957,3.2560,-0.1145,0.1087,2.998,good,0.061,3.07,0,0,0,0,11.57,3,0.0,,,
2958,3.2560,-0.1115,-0.1994,2.995,good,0.016,4.18,0,0,0,0,10.61,3,0.0,,,
2959,3.2560,-0.1088,0.0520,2.998,good,0.002,2.33,0,0,0,0,9.63,3,0.0,,,
2963,3.2560,-0.1129,0.0715,3.450,faded,0.998,5.13,1,1,1,0,1.72,2,3.2,41|40,2980,
2961,3.2600,-0.1086,0.0861,3.450,good,0.058,2.05,0,0,0,0,0.45,3,0.0,,,
2962,3.2600,-0.1099,0.0222,2.997,good,0.001,2.43,0,0,0,0,10.03,3,0.0,,,
2964,3.2680,-0.1120,0.1385,3.185,good,0.435,5.99,0,0,0,0,6.58,3,0.0,,,
2965,3.2680,-0.1136,-0.0095,2.999,good,0.038,3.70,0,0,0,0,11.24,3,0.0,,,
2966,3.2680,-0.1131,-0.1644,3.004,good,0.001,2.88,0,0,0,0,10.95,3,0.0,,,
2967,3.2680,-0.1146,0.1476,2.644,good,0.003,2.30,0,0,0,0,21.17,3,0.0,,,
2968,3.2680,-0.1104,0.0059,2.765,black,1.000,50.93,1,1,1,0,16.09,3,3.2,32,2961,2961
2973,3.2680,-0.1180,0.1573,3.072,good,0.056,2.98,0,0,0,0,10.96,2,0.0,,,
2974,3.2680,-0.1178,0.0560,3.008,good,0.026,2.46,0,0,0,0,12.40,2,0.0,,,
2969,3.2720,-0.1154,0.1659,3.016,shell,0.972,4.94,1,1,1,0,11.41,3,2.4,53,2960,2960
2970,3.2720,-0.1126,-0.1209,2.939,good,0.001,2.77,0,0,0,0,12.31,3,0.0,,,
2971,3.2720,-0.1125,0.1891,2.786,good,0.203,2.74,0,0,0,0,16.26,3,0.0,,,
2972,3.2720,-0.1080,-0.0656,3.010,good,0.000,2.92,0,0,0,0,9.11,3,0.0,,,
2976,3.2720,-0.1184,-0.2174,3.450,good,0.005,3.73,0,0,0,0,3.32,2,0.0,,,
2977,3.2720,-0.1187,0.0478,2.861,insect,0.959,5.21,1,1,1,0,16.43,2,3.0,38|37,2963,
2978,3.2720,-0.1170,0.1033,3.007,good,0.361,2.91,0,0,0,0,12.15,2,0.0,,,
2979,3.2720,-0.1169,0.2368,3.035,faded,0.999,7.53,1,1,1,0,11.47,2,3.2,62,2967,2967
2975,3.2760,-0.1093,0.0241,2.915,good,0.262,3.41,0,0,0,0,11.81,3,0.0,,,
2983,3.2760,-0.1188,0.1876,3.100,good,0.032,2.47,0,0,0,0,10.58,2,0.0,,,
2984,3.2760,-0.1178,-0.2306,3.100,good,0.235,4.28,0,0,0,0,10.24,2,0.0,,,
2980,3.2800,-0.1157,-0.1038,2.948,broken,0.998,4.44,1,1,1,0,13.16,3,2.4,18,2987,2987
2981,3.2800,-0.1137,-0.0222,2.992,good,0.018,3.95,0,0,0,0,11.42,3,0.0,,,
2982,3.2800,-0.1110,0.0214,3.018,sour,1.000,12.51,1,1,1,0,9.91,3,3.2,34,2972,2972
2985,3.2800,-0.1195,-0.1750,3.087,good,0.027,16.25,0,0,0,0,11.12,2,0.0,,,
2987,3.2800,-0.1183,0.1680,2.986,good,0.259,3.32,0,0,0,0,13.10,2,0.0,,,
2986,3.2840,-0.1100,0.1585,2.978,shell,0.995,4.14,1,1,1,0,10.51,3,2.4,52,2974,2974
2990,3.2840,-0.1195,-0.0630,3.001,broken,0.865,2.91,1,1,1,0,13.12,2,2.4,23|24,2969,
2988,3.2880,-0.1147,0.1645,3.119,broken,0.722,2.73,1,1,1,0,8.83,3,2.4,53|52,3021,
2989,3.2880,-0.1092,-0.0085,2.987,good,0.019,1.79,0,0,0,0,10.04,3,0.0,,,
2991,3.2920,-0.1141,0.0289,3.027,good,0.001,4.01,0,0,0,0,10.72,3,0.0,,,
2992,3.2920,-0.1095,-0.1928,3.006,good,0.000,3.19,0,0,0,0,9.70,3,0.0,,,
2993,3.2920,-0.1080,-0.0339,3.111,faded,0.563,4.20,1,1,1,0,6.85,3,3.2,27,3008,
2997,3.2920,-0.1144,0.1263,3.405,faded,0.758,3.46,1,1,1,0,2.96,2,3.1,48|47,3014,3014
2994,3.2960,-0.1157,0.1972,2.979,good,0.020,2.64,0,0,0,0,12.40,3,0.0,,,
2995,3.2960,-0.1142,-0.0025,3.016,good,0.067,4.26,0,0,0,0,11.01,3,0.0,,,
2996,3.2960,-0.1117,0.2161,2.670,faded,1.000,8.38,1,1,1,0,19.29,3,3.2,59,2984,
3000,3.2960,-0.1199,0.0167,3.072,broken,0.949,3.45,1,1,1,0,11.61,2,2.4,34|33,3007,
3001,3.2960,-0.1194,-0.1410,3.046,good,0.346,3.80,0,0,0,0,12.05,2,0.0,,,
3002,3.2960,-0.1191,-0.1240,3.010,good,0.011,1.86,0,0,0,0,12.80,2,0.0,,,
2998,3.3000,-0.1238,0.1547,3.112,shell,0.972,3.44,1,1,1,0,7.91,2,2.4,51|52,,
2999,3.3000,-0.1102,-0.1027,2.862,broken,0.663,2.55,1,1,1,0,13.44,3,2.4,18|19,2989,2989
3005,3.3000,-0.1187,0.2388,3.060,good,0.058,6.52,0,0,0,0,11.49,2,0.0,,,
3006,3.3000,-0.1185,0.2155,3.074,good,0.007,10.67,0,0,0,0,11.07,2,0.0,,,
3007,3.3000,-0.1163,-0.0287,2.976,good,0.003,2.68,0,0,0,0,12.70,2,0.0,,,
3010,3.3000,-0.1114,0.1506,3.000,shell,0.897,3.34,1,1,1,0,10.47,1,2.4,51,2985,
3011,3.3000,-0.1077,0.0136,3.000,broken,0.927,3.13,1,1,1,0,9.22,1,2.4,33,3007,
3003,3.3040,-0.1147,-0.1515,3.030,broken,0.969,3.93,1,1,1,0,10.85,3,2.4,12,3006,3006
3004,3.3040,-0.1093,-0.1920,2.979,broken,0.760,4.01,1,1,1,0,10.27,3,2.4,7,2995,
3009,3.3040,-0.1169,-0.1733,2.999,good,0.010,8.26,0,0,0,0,12.32,2,0.0,,,
3008,3.3080,-0.1121,0.2060,2.999,good,0.005,2.31,0,0,0,0,10.72,3,0.0,,,
3012,3.3120,-0.1146,-0.1651,3.008,broken,0.991,3.10,1,1,1,0,11.34,3,2.4,10|11,3024,3024
3013,3.3120,-0.1116,0.0394,3.003,good,0.089,2.79,0,0,0,0,10.47,3,0.0,,,
3016,3.3120,-0.1195,-0.2417,3.003,broken,0.797,4.15,1,1,1,0,13.08,2,2.4,1|0,3027,
3017,3.3120,-0.1189,0.0208,3.023,broken,0.999,3.96,1,1,1,0,12.39,2,2.4,34,3005,
3018,3.3120,-0.1176,-0.1942,3.006,broken,0.884,4.81,1,1,1,0,12.37,2,2.4,7|6,3001,3001
3014,3.3160,-0.1128,-0.1612,2.894,good,0.374,5.79,0,0,0,0,13.53,3,0.0,,,
3015,3.3160,-0.1105,-0.0918,3.002,good,0.002,3.37,0,0,0,0,10.11,3,0.0,,,
3021,3.3160,-0.1179,-0.1306,2.918,broken,0.581,2.90,1,1,1,0,14.67,2,2.4,15,2997,2997
3019,3.3200,-0.1152,-0.0533,3.000,good,0.001,2.98,0,0,0,0,11.74,3,0.0,,,
3020,3.3200,-0.1138,0.1735,3.003,good,0.001,4.26,0,0,0,0,11.20,3,0.0,,,
3022,3.3240,-0.1159,0.2136,3.000,good,0.037,5.36,0,0,0,0,11.95,3,0.0,,,
3023,3.3240,-0.1118,0.1496,2.998,good,0.297,11.67,0,0,0,0,10.63,3,0.0,,,
3024,3.3240,-0.1094,-0.2035,3.029,good,0.006,2.82,0,0,0,0,9.14,3,0.0,,,
3026,3.3240,-0.1189,0.0912,3.058,good,0.001,4.10,0,0,0,0,11.59,2,0.0,,,
3027,3.3240,-0.1163,-0.0711,2.972,good,0.180,2.08,0,0,0,0,12.77,2,0.0,,,
3025,3.3280,-0.1120,-0.0092,3.356,good,0.002,3.00,0,0,0,0,3.17,3,0.0,,,
3028,3.3280,-0.1159,0.0628,3.062,good,0.352,5.18,0,0,0,0,10.51,2,0.0,,,
3031,3.3320,-0.1159,0.1768,3.005,good,0.071,4.31,0,0,0,0,11.84,2,0.0,,,
3029,3.3360,-0.1080,0.0759,3.009,stick,1.000,54.55,1,1,1,0,9.11,3,2.4,41,3030,3030
3030,3.3360,-0.1094,0.1563,2.992,good,0.001,3.21,0,0,0,0,9.96,3,0.0,,,
3035,3.3360,-0.1196,0.2308,3.098,good,0.001,2.55,0,0,0,0,10.90,2,0.0,,,
3032,3.3400,-0.1145,-0.0280,2.997,broken,0.953,3.85,1,1,1,0,11.57,3,2.4,28,3031,3031
3033,3.3400,-0.1119,-0.1723,3.052,black,1.000,46.47,1,1,1,0,9.43,3,3.2,9|10,3026,3026
3034,3.3400,-0.1083,-0.0040,3.011,good,0.002,2.49,0,0,0,0,9.20,3,0.0,,,
3039,3.3400,-0.1184,-0.2137,2.982,shell,0.977,3.53,1,1,1,0,13.23,2,2.4,4,3035,3035
3036,3.3440,-0.1134,0.2036,3.026,faded,0.980,7.01,1,1,1,0,10.50,3,3.2,58|57,3053,
3037,3.3440,-0.1102,-0.1539,3.000,insect,1.000,3.10,1,1,1,0,10.05,3,3.1,12,3033,3033
3038,3.3440,-0.1078,0.0094,3.051,good,0.063,2.27,0,0,0,0,8.11,3,0.0,,,
3042,3.3440,-0.1182,0.1151,3.005,good,0.211,2.97,0,0,0,0,12.60,2,0.0,,,
3043,3.3440,-0.1165,-0.0879,3.237,good,0.039,2.89,0,0,0,0,6.86,2,0.0,,,
3040,3.3480,-0.1142,0.0049,3.065,broken,0.999,2.61,1,1,1,0,9.88,3,2.4,32,3040,
3041,3.3480,-0.1223,-0.1179,3.450,shell,0.973,4.64,1,1,1,0,0.44,2,2.4,16|17,,
3050,3.3480,-0.1083,-0.1138,3.000,shell,0.989,4.07,1,1,1,0,9.43,1,2.4,17,3044,
3044,3.3520,-0.1156,0.1395,3.000,sour,1.000,16.03,1,1,1,0,11.86,3,3.2,49|50,3029,3029
3045,3.3520,-0.1155,0.0238,3.003,good,0.028,3.14,0,0,0,0,11.75,3,0.0,,,
3046,3.3520,-0.1115,-0.0044,3.246,good,0.040,2.56,0,0,0,0,5.18,3,0.0,,,
3047,3.3520,-0.1112,-0.0854,2.964,good,0.001,2.46,0,0,0,0,11.28,3,0.0,,,
3048,3.3520,-0.1083,0.0799,3.000,good,0.041,4.18,0,0,0,0,9.43,3,0.0,,,
3049,3.3560,-0.1089,-0.1511,2.965,good,0.035,2.59,0,0,0,0,10.47,3,0.0,,,
3051,3.3600,-0.1154,0.1871,2.999,good,0.000,3.47,0,0,0,0,11.83,3,0.0,,,
3052,3.3600,-0.1149,0.0654,2.993,broken,0.580,1.77,1,1,1,0,11.81,3,2.4,40,3054,3054
3053,3.3600,-0.1154,0.1151,3.024,black,1.000,49.41,1,1,1,0,11.24,3,3.2,46,3052,3052
3054,3.3600,-0.1170,0.0530,2.626,good,0.390,5.72,0,0,0,0,22.65,3,0.0,,,
3055,3.3600,-0.1087,-0.2277,2.961,good,0.017,4.48,0,0,0,0,10.50,3,0.0,,,
3056,3.3600,-0.1091,-0.0881,2.900,broken,0.964,5.38,1,1,1,0,12.12,3,2.4,20,3039,
3057,3.3640,-0.1162,0.0443,2.974,faded,0.844,4.01,1,1,1,0,12.69,3,3.0,37,3045,3045
3058,3.3640,-0.1096,-0.0126,2.998,good,0.345,2.72,0,0,0,0,9.91,3,0.0,,,
3063,3.3640,-0.1178,0.0844,2.999,good,0.001,2.57,0,0,0,0,12.61,2,0.0,,,
3064,3.3640,-0.1156,0.1482,2.993,good,0.000,2.89,0,0,0,0,12.01,2,0.0,,,
3065,3.3640,-0.1125,-0.0245,3.450,broken,0.940,3.41,1,1,1,0,1.59,2,2.4,28|29,3065,3065
3067,3.3640,-0.1065,0.0497,3.000,good,0.406,5.73,0,0,0,0,8.84,1,0.0,,,
3059,3.3680,-0.1133,-0.0924,3.010,good,0.003,3.08,0,0,0,0,10.89,3,0.0,,,
3060,3.3680,-0.1129,-0.2153,3.025,good,0.202,5.32,0,0,0,0,10.40,3,0.0,,,
3061,3.3680,-0.1218,-0.1560,3.077,broken,0.973,2.89,1,1,1,0,8.08,2,2.4,12|11,,
3062,3.3680,-0.1090,0.2042,2.998,faded,0.961,4.03,1,1,1,0,9.73,3,3.1,58|57,3049,3049
3073,3.3680,-0.1094,-0.1523,3.000,broken,0.996,3.07,1,1,1,0,9.82,1,2.4,12,3047,
3066,3.3720,-0.1091,-0.0820,2.992,good,0.012,3.47,0,0,0,0,9.90,3,0.0,,,
3071,3.3720,-0.1194,-0.0982,3.040,good,0.003,2.50,0,0,0,0,12.17,2,0.0,,,
3072,3.3720,-0.1192,0.1908,2.977,good,0.010,2.90,0,0,0,0,13.62,2,0.0,,,
3068,3.3760,-0.1136,-0.0520,2.986,broken,0.682,3.97,1,1,1,0,11.53,3,2.4,25,3069,3069
3069,3.3760,-0.1222,0.1471,3.375,good,0.001,3.76,0,0,0,0,1.83,2,0.0,,,
3070,3.3760,-0.1087,0.1190,2.896,good,0.215,6.68,0,0,0,0,12.06,3,0.0,,,
3077,3.3760,-0.1159,0.1299,3.009,faded,1.000,6.41,1,1,1,0,11.77,2,3.2,48,3068,3068
3081,3.3760,-0.1087,0.1509,3.000,good,0.002,3.15,0,0,0,0,9.56,1,0.0,,,
3074,3.3800,-0.1150,-0.2256,3.000,broken,0.629,4.62,1,1,1,0,11.66,3,2.4,3|2,3075,3075
3075,3.3800,-0.1124,-0.1167,3.157,good,0.002,2.69,0,0,0,0,7.29,3,0.0,,,
3076,3.3800,-0.1126,-0.1990,2.994,good,0.170,3.29,0,0,0,0,11.03,3,0.0,,,
3078,3.3840,-0.1156,0.2150,3.001,good,0.014,4.24,0,0,0,0,11.85,3,0.0,,,
3079,3.3840,-0.1152,0.0373,3.001,good,0.000,3.51,0,0,0,0,11.69,3,0.0,,,
3080,3.3840,-0.1153,0.0566,2.986,good,0.009,2.34,0,0,0,0,12.08,3,0.0,,,
3085,3.3840,-0.1181,0.1974,3.353,good,0.099,2.89,0,0,0,0,5.05,2,0.0,,,
3082,3.3880,-0.1155,-0.1350,2.937,good,0.149,2.51,0,0,0,0,13.36,3,0.0,,,
3083,3.3880,-0.1128,-0.2140,2.833,faded,0.999,5.53,1,1,1,0,15.11,3,3.2,4,3083,
3084,3.3880,-0.1326,-0.0742,3.000,good,0.058,3.47,0,0,0,0,9.53,1,0.0,,,
3089,3.3880,-0.1187,0.1994,3.062,broken,0.522,5.93,1,1,1,0,11.44,2,2.4,57,3076,
3090,3.3880,-0.1221,-0.0774,3.000,good,0.093,3.45,0,0,0,0,10.04,1,0.0,,,
3096,3.3880,-0.1116,-0.0806,3.000,good,0.044,3.45,0,0,0,0,10.54,1,0.0,,,
3086,3.3920,-0.1263,-0.0019,3.171,faded,0.996,4.78,1,1,1,0,7.37,2,3.2,31,,
3087,3.3920,-0.1116,-0.1262,3.002,good,0.001,2.87,0,0,0,0,10.48,3,0.0,,,
3088,3.3920,-0.1097,-0.2383,3.111,good,0.097,4.95,0,0,0,0,7.40,3,0.0,,,
3095,3.3920,-0.1184,0.1809,2.824,broken,0.973,5.17,1,1,1,0,17.35,2,2.4,55|54,3066,
3099,3.3920,-0.1136,-0.0053,3.000,faded,0.999,4.65,1,1,1,0,11.20,1,3.2,31,3093,
3100,3.3920,-0.1011,-0.0838,3.000,good,0.103,3.49,0,0,0,0,7.04,1,0.0,,,
3091,3.3960,-0.1143,-0.0360,2.983,good,0.135,4.00,0,0,0,0,11.84,3,0.0,,,
3092,3.3960,-0.1101,0.1044,3.159,broken,0.979,5.42,1,1,1,0,6.50,3,2.4,45,3111,
3093,3.3960,-0.1095,0.1169,3.263,broken,0.888,3.99,1,1,1,0,4.21,3,2.4,46|47,3100,
3094,3.3960,-0.1093,0.0936,2.773,good,0.006,6.66,0,0,0,0,15.48,3,0.0,,,
3098,3.3960,-0.1183,0.2163,2.998,good,0.231,3.36,0,0,0,0,12.81,2,0.0,,,
3097,3.4000,-0.1088,0.0312,3.018,good,0.096,4.46,0,0,0,0,9.18,3,0.0,,,
3102,3.4000,-0.1175,0.1368,2.875,good,0.016,1.72,0,0,0,0,15.65,2,0.0,,,
3103,3.4000,-0.1134,0.1549,3.425,good,0.125,3.46,0,0,0,0,2.30,2,0.0,,,
3106,3.4000,-0.1016,0.0904,3.000,good,0.285,3.12,0,0,0,0,7.19,1,0.0,,,
3101,3.4040,-0.1131,0.2163,3.093,good,0.002,3.02,0,0,0,0,8.91,3,0.0,,,
3114,3.4040,-0.1060,0.1409,3.000,good,0.035,1.86,0,0,0,0,8.67,1,0.0,,,
3104,3.4080,-0.1159,0.0361,2.902,good,0.203,2.79,0,0,0,0,14.39,3,0.0,,,
3105,3.4080,-0.1081,-0.0265,3.006,good,0.082,2.88,0,0,0,0,9.23,3,0.0,,,
3107,3.4120,-0.1150,0.1761,3.005,good,0.029,2.37,0,0,0,0,11.55,3,0.0,,,
3108,3.4120,-0.1147,0.1247,3.032,good,0.023,3.02,0,0,0,0,10.81,3,0.0,,,
3109,3.4120,-0.1119,0.1883,3.134,good,0.016,2.54,0,0,0,0,7.62,3,0.0,,,
3110,3.4120,-0.1146,-0.2058,2.912,shell,0.961,6.26,1,1,1,0,13.68,3,2.4,5,3105,
3111,3.4120,-0.1121,0.1082,2.999,broken,0.561,1.62,1,1,1,0,10.70,3,2.4,45|46,3110,
3112,3.4120,-0.1127,0.1649,2.876,good,0.001,2.44,0,0,0,0,13.96,3,0.0,,,
3113,3.4120,-0.1084,-0.1361,3.076,good,0.079,2.73,0,0,0,0,7.76,3,0.0,,,
3120,3.4120,-0.1171,0.0762,3.230,good,0.363,4.32,0,0,0,0,7.21,2,0.0,,,
3115,3.4160,-0.1161,-0.0563,2.886,good,0.013,1.97,0,0,0,0,14.87,3,0.0,,,
3116,3.4160,-0.1118,-0.0113,3.082,good,0.181,3.01,0,0,0,0,8.71,3,0.0,,,
3117,3.4160,-0.1120,0.1628,3.014,broken,0.958,8.92,1,1,1,0,10.34,3,2.4,52|53,3114,3114
3118,3.4160,-0.1131,-0.1470,2.598,good,0.297,3.84,0,0,0,0,22.02,3,0.0,,,
3119,3.4160,-0.1323,-0.1589,3.000,good,0.101,2.35,0,0,0,0,9.44,1,0.0,,,
3123,3.4160,-0.1160,-0.2007,3.003,good,0.000,9.14,0,0,0,0,11.90,2,0.0,,,
3124,3.4160,-0.1178,0.1060,2.994,good,0.486,4.07,0,0,0,0,12.75,2,0.0,,,
3125,3.4160,-0.1229,-0.1626,3.000,good,0.016,2.25,0,0,0,0,10.29,1,0.0,,,
3132,3.4160,-0.1134,-0.1664,3.000,good,0.045,2.19,0,0,0,0,11.15,1,0.0,,,
3121,3.4200,-0.1136,0.0210,2.958,shell,1.000,11.36,1,1,1,0,12.21,3,2.4,34,3109,3109
3122,3.4200,-0.1113,0.1809,2.998,broken,0.632,4.03,1,1,1,0,10.46,3,2.4,55|54,3136,
3131,3.4200,-0.1193,-0.1009,3.066,black,0.904,21.36,1,1,1,0,11.53,2,3.2,19|18,3113|3117,3117
3135,3.4200,-0.1040,-0.1702,3.000,good,0.083,2.23,0,0,0,0,8.00,1,0.0,,,
3126,3.4240,-0.1137,0.1695,3.061,good,0.405,4.47,0,0,0,0,9.81,3,0.0,,,
3127,3.4240,-0.1148,-0.0018,2.903,good,0.015,3.24,0,0,0,0,13.99,3,0.0,,,
3128,3.4240,-0.1130,-0.1351,2.992,black,1.000,50.83,1,1,1,0,11.20,3,3.2,14,3144,
3129,3.4240,-0.1113,0.1504,3.091,good,0.084,3.91,0,0,0,0,8.37,3,0.0,,,
3130,3.4240,-0.1104,0.0420,3.004,good,0.001,4.23,0,0,0,0,10.03,3,0.0,,,
3133,3.4280,-0.1132,-0.1910,3.051,good,0.090,3.55,0,0,0,0,9.89,3,0.0,,,
3134,3.4280,-0.1110,-0.0664,3.041,good,0.012,4.00,0,0,0,0,9.36,3,0.0,,,
3138,3.4280,-0.1160,-0.0408,3.150,good,0.007,3.89,0,0,0,0,8.57,2,0.0,,,
3136,3.4320,-0.1111,0.0418,3.242,black,0.559,48.69,1,1,1,0,5.12,3,3.2,37,3155|3160,3155
3137,3.4320,-0.1087,-0.0501,2.997,sour,1.000,16.07,1,1,1,0,9.65,3,3.2,25,3126,3126
3139,3.4320,-0.1193,0.1623,3.005,shell,0.848,3.49,1,1,1,0,12.98,2,2.4,52,3125,
3140,3.4320,-0.1176,-0.1467,3.007,good,0.039,2.31,0,0,0,0,12.36,2,0.0,,,
3141,3.4320,-0.1134,-0.1785,3.450,good,0.000,2.84,0,0,0,0,1.86,2,0.0,,,
3142,3.4320,-0.1158,-0.2313,2.990,good,0.001,3.30,0,0,0,0,12.20,2,0.0,,,
3144,3.4360,-0.1187,-0.2011,2.967,broken,0.658,2.48,1,1,1,0,13.70,2,2.4,6,3133,
3145,3.4360,-0.1157,0.2258,3.000,broken,0.542,3.49,1,1,1,0,11.90,2,2.4,60|61,3134,3134
3143,3.4400,-0.1150,-0.0473,3.090,broken,0.730,2.28,1,1,1,0,9.58,3,2.4,25|26,3148,3148
3150,3.4400,-0.1144,-0.0311,3.450,good,0.018,1.92,0,0,0,0,2.14,2,0.0,,,
3146,3.4440,-0.1128,0.1032,3.241,good,0.040,4.33,0,0,0,0,5.66,3,0.0,,,
3147,3.4440,-0.1130,-0.2121,3.135,good,0.002,3.01,0,0,0,0,7.92,3,0.0,,,
3148,3.4440,-0.1123,0.0688,3.056,faded,1.000,5.64,1,1,1,0,9.46,3,3.2,40|41,3150,3150
3149,3.4440,-0.1118,-0.0048,3.057,good,0.015,2.00,0,0,0,0,9.29,3,0.0,,,
3152,3.4440,-0.1186,-0.0495,2.999,good,0.057,2.79,0,0,0,0,12.87,2,0.0,,,
3153,3.4440,-0.1171,0.0544,2.982,broken,0.748,4.33,1,1,1,0,12.80,2,2.4,38|39,3153,
3151,3.4480,-0.1146,0.2120,2.880,good,0.282,4.30,0,0,0,0,14.51,3,0.0,,,
3155,3.4480,-0.1194,0.1594,3.008,good,0.000,2.79,0,0,0,0,12.94,2,0.0,,,
3154,3.4520,-0.1355,-0.1794,3.000,good,0.083,8.88,0,0,0,0,10.49,1,0.0,,,
3156,3.4520,-0.1088,-0.0327,2.809,broken,0.972,4.67,1,1,1,0,14.32,3,2.4,27|28,3129,3129
3158,3.4520,-0.1152,-0.1523,3.428,broken,0.924,3.29,1,1,1,0,2.77,2,2.4,12,3168,
3159,3.4520,-0.1130,-0.1840,2.826,shell,0.894,4.70,1,1,1,0,15.39,2,2.4,8,3158,3158
3160,3.4520,-0.1105,-0.1740,3.117,shell,0.980,4.46,1,1,1,0,7.54,2,2.4,9,3143,
3157,3.4560,-0.1083,-0.2234,3.006,good,0.018,3.53,0,0,0,0,9.30,3,0.0,,,
3161,3.4560,-0.1171,0.1916,3.014,faded,1.000,7.29,1,1,1,0,12.04,2,3.2,56,3167,3167
3162,3.4640,-0.1392,-0.1106,3.000,broken,0.795,5.67,1,1,1,0,11.75,1,2.4,17|18,,
3163,3.4640,-0.1158,-0.0280,2.780,good,0.498,2.53,0,0,0,0,17.61,3,0.0,,,
3164,3.4640,-0.1138,0.0159,2.913,sour,1.000,13.95,1,1,1,0,13.38,3,3.2,34|33,3151,
3167,3.4640,-0.1187,0.0550,2.741,good,0.026,2.14,0,0,0,0,19.80,2,0.0,,,
3168,3.4640,-0.1176,0.0961,3.004,broken,0.625,4.07,1,1,1,0,12.45,2,2.4,44,3173,3173
3169,3.4640,-0.1260,-0.1076,3.000,broken,0.681,5.68,1,1,1,0,11.33,1,2.4,18,3172,3172
3174,3.4640,-0.1127,-0.1045,3.000,shell,0.835,6.05,1,1,1,0,10.90,1,2.4,18,3152,
3165,3.4680,-0.1151,0.0477,2.892,good,0.071,3.25,0,0,0,0,14.36,3,0.0,,,
3166,3.4680,-0.1102,-0.1070,3.031,broken,0.892,2.53,1,1,1,0,9.36,3,2.4,18,3172,3172
3173,3.4680,-0.1154,0.0686,3.067,faded,0.897,4.58,1,1,1,0,10.24,2,2.8,40,3156,3156
3170,3.4720,-0.1118,-0.0973,2.999,broken,0.670,6.22,1,1,1,0,10.63,3,2.4,19,3157|3177,3157|3177
3171,3.4720,-0.1143,0.2376,2.836,black,1.000,48.50,1,1,1,0,15.58,3,3.2,62,3164,
3172,3.4720,-0.1109,0.1712,2.906,good,0.036,3.14,0,0,0,0,12.60,3,0.0,,,
3177,3.4720,-0.1170,-0.0125,2.999,good,0.014,1.95,0,0,0,0,12.34,2,0.0,,,
3178,3.4720,-0.1159,-0.0507,2.999,black,1.000,51.58,1,1,1,0,11.98,2,3.2,25,3176,3176
3179,3.4720,-0.1173,0.1301,3.000,good,0.334,3.14,0,0,0,0,12.43,2,0.0,,,
3175,3.4760,-0.1111,-0.2087,3.018,good,0.001,3.06,0,0,0,0,9.94,3,0.0,,,
3176,3.4760,-0.1082,-0.1314,3.001,good,0.190,3.19,0,0,0,0,9.38,3,0.0,,,
3184,3.4760,-0.1190,-0.0413,3.076,faded,1.000,6.74,1,1,1,0,11.19,2,3.2,26,3198,3198
3180,3.4800,-0.1252,-0.0183,2.965,good,0.074,5.51,0,0,0,0,11.97,2,0.0,,,
3181,3.4800,-0.1110,0.2182,3.003,good,0.004,2.20,0,0,0,0,10.28,3,0.0,,,
3182,3.4800,-0.1122,-0.1016,2.778,faded,0.709,3.90,1,1,1,0,16.38,3,2.8,18|19,3183,3183
3183,3.4800,-0.1094,-0.0906,3.005,good,0.008,4.15,0,0,0,0,9.68,3,0.0,,,
3187,3.4800,-0.1199,0.0357,2.807,good,0.011,4.62,0,0,0,0,18.34,2,0.0,,,
3190,3.4800,-0.1134,-0.0141,3.000,good,0.071,5.47,0,0,0,0,11.13,1,0.0,,,
3185,3.4840,-0.1086,-0.1612,3.045,good,0.011,2.88,0,0,0,0,8.49,3,0.0,,,
3186,3.4840,-0.1099,-0.1384,2.991,shell,0.962,4.23,1,1,1,0,10.15,3,2.4,14,3169,3169
3188,3.4840,-0.1087,-0.0561,3.009,shell,0.997,6.02,1,1,1,0,9.36,3,2.4,24|25,3200,3200
3189,3.4880,-0.1285,0.0081,3.010,broken,0.974,3.10,1,1,1,0,11.92,2,2.4,33|32,,
3197,3.4880,-0.1187,-0.1077,3.000,broken,0.704,4.23,1,1,1,0,12.89,1,2.4,18,3235,
3193,3.4920,-0.1075,0.0181,3.450,good,0.190,12.00,0,0,0,0,0.15,2,0.0,,,
3194,3.4920,-0.1169,0.1487,3.000,good,0.033,2.38,0,0,0,0,12.29,2,0.0,,,
3195,3.4920,-0.1164,0.0729,3.025,good,0.003,2.87,0,0,0,0,11.55,2,0.0,,,
3196,3.4920,-0.1142,0.2095,3.253,black,1.000,50.89,1,1,1,0,5.84,2,3.2,58|59,3193,3193
3201,3.4920,-0.1181,0.0239,3.000,broken,0.617,2.74,1,1,1,0,12.69,1,2.4,35|34,3203,
3191,3.4960,-0.1093,0.1049,3.000,good,0.063,2.20,0,0,0,0,9.76,3,0.0,,,
3192,3.4960,-0.1081,-0.2153,3.000,good,0.110,5.30,0,0,0,0,9.35,3,0.0,,,
3200,3.4960,-0.1176,-0.0039,2.987,faded,1.000,6.01,1,1,1,0,12.86,2,3.2,31,3196,3196
3198,3.5000,-0.1144,0.0164,2.997,good,0.290,9.17,0,0,0,0,11.56,3,0.0,,,
3199,3.5000,-0.1109,0.1104,3.010,broken,0.998,3.34,1,1,1,0,10.06,3,2.4,46|45,3208,
3202,3.5040,-0.1156,-0.1649,2.816,broken,0.705,2.23,1,1,1,0,16.57,3,2.4,10|11,3189,
3203,3.5040,-0.1114,0.0705,3.274,good,0.013,6.20,0,0,0,0,4.57,3,0.0,,,
3204,3.5040,-0.1166,-0.0153,3.035,good,0.006,3.38,0,0,0,0,11.35,2,0.0,,,
3210,3.5080,-0.1171,-0.0670,2.998,faded,1.000,5.72,1,1,1,0,12.43,2,3.2,23,3207,3207
3205,3.5120,-0.1149,-0.1117,3.001,good,0.003,3.16,0,0,0,0,11.59,3,0.0,,,
3206,3.5120,-0.1139,-0.0720,2.927,good,0.066,2.50,0,0,0,0,13.06,3,0.0,,,
3207,3.5120,-0.1136,-0.1793,3.000,good,0.038,4.53,0,0,0,0,11.21,3,0.0,,,
3208,3.5120,-0.1116,0.1310,3.154,good,0.079,4.72,0,0,0,0,7.11,3,0.0,,,
3209,3.5120,-0.1112,0.2038,2.985,good,0.000,2.37,0,0,0,0,10.77,3,0.0,,,
3216,3.5120,-0.1186,0.1655,2.995,good,0.001,3.95,0,0,0,0,12.97,2,0.0,,,
3211,3.5160,-0.1389,0.1620,3.000,good,0.097,3.22,0,0,0,0,11.63,1,0.0,,,
3212,3.5160,-0.1134,-0.2068,2.681,good,0.003,4.69,0,0,0,0,19.58,3,0.0,,,
3213,3.5160,-0.1124,0.1918,2.729,faded,0.756,3.50,1,1,1,0,17.83,3,3.2,56,3231,
3214,3.5160,-0.1101,0.1037,2.998,broken,0.924,3.00,1,1,1,0,10.10,3,2.4,45,3209,3209
3215,3.5160,-0.1089,-0.1736,3.000,shell,0.998,4.32,1,1,1,0,9.63,3,2.4,9,3210,
3217,3.5160,-0.1315,0.1641,3.000,good,0.244,2.75,0,0,0,0,13.18,1,0.0,,,
3218,3.5160,-0.1152,-0.1098,3.450,broken,0.644,2.79,1,1,1,0,2.38,2,2.4,17|18,3098,
3221,3.5200,-0.1196,-0.0351,3.035,good,0.013,3.46,0,0,0,0,12.35,2,0.0,,,
3222,3.5200,-0.1155,0.1700,2.573,good,0.115,5.15,0,0,0,0,23.75,2,0.0,,,
3223,3.5200,-0.1089,-0.1881,3.450,good,0.001,2.41,0,0,0,0,0.55,2,0.0,,,
3228,3.5200,-0.1027,-0.2105,3.000,good,0.002,4.81,0,0,0,0,7.55,1,0.0,,,
3219,3.5240,-0.1121,0.0598,3.168,broken,0.999,3.29,1,1,1,0,6.93,3,2.4,39,3227,3227
3220,3.5240,-0.1117,0.1537,3.007,good,0.001,3.15,0,0,0,0,10.41,3,0.0,,,
3226,3.5240,-0.1186,-0.0891,3.450,good,0.046,4.71,0,0,0,0,3.37,2,0.0,,,
3227,3.5240,-0.1199,-0.0463,2.882,good,0.001,2.51,0,0,0,0,16.31,2,0.0,,,
3224,3.5280,-0.1162,-0.0644,3.000,broken,0.953,2.05,1,1,1,0,12.05,3,2.4,23,3241,3241
3225,3.5280,-0.1128,0.0359,2.896,good,0.025,6.34,0,0,0,0,13.48,3,0.0,,,
3236,3.5280,-0.1022,0.1725,3.000,good,0.294,2.60,0,0,0,0,7.41,1,0.0,,,
3229,3.5320,-0.1146,-0.1743,2.980,good,0.000,3.32,0,0,0,0,12.00,3,0.0,,,
3230,3.5320,-0.1072,0.1388,3.223,broken,0.862,3.68,1,1,1,0,4.29,3,2.4,49,3221,
3231,3.5320,-0.1111,-0.0102,2.383,broken,0.583,5.04,1,1,1,0,28.61,3,2.4,30,3225,
3233,3.5320,-0.1172,0.0755,3.450,broken,0.587,2.62,1,1,1,0,2.97,2,2.4,41,3281,
3234,3.5320,-0.1173,-0.1218,3.242,broken,0.937,2.54,1,1,1,0,7.05,2,2.4,16,3245,
3235,3.5320,-0.1154,-0.0933,3.000,good,0.000,3.05,0,0,0,0,11.81,2,0.0,,,
3232,3.5360,-0.1105,0.0409,2.998,good,0.000,3.17,0,0,0,0,10.21,3,0.0,,,
3241,3.5360,-0.1165,0.1091,3.326,good,0.007,2.50,0,0,0,0,5.07,2,0.0,,,
3247,3.5360,-0.1029,0.0785,3.000,broken,0.619,2.72,1,1,1,0,7.62,1,2.4,42|41,3281,
3237,3.5400,-0.1099,-0.1602,3.091,good,0.333,3.72,0,0,0,0,7.89,3,0.0,,,
3238,3.5400,-0.1104,0.2205,3.072,good,0.318,2.46,0,0,0,0,8.49,3,0.0,,,
3239,3.5400,-0.1090,0.1829,3.034,good,0.078,5.61,0,0,0,0,8.89,3,0.0,,,
3240,3.5400,-0.1085,-0.1929,2.943,good,0.505,3.60,1,1,1,0,10.85,3,2.4,7,3250,
3245,3.5400,-0.1180,0.1331,3.149,good,0.359,4.28,0,0,0,0,9.24,2,0.0,,,
3246,3.5400,-0.1163,0.0974,3.067,good,0.110,2.55,0,0,0,0,10.53,2,0.0,,,
3252,3.5400,-0.1032,0.1054,3.000,good,0.004,2.17,0,0,0,0,7.72,1,0.0,,,
3242,3.5440,-0.1104,-0.1277,3.005,good,0.000,3.33,0,0,0,0,10.01,3,0.0,,,
3243,3.5440,-0.1110,-0.1626,2.822,good,0.182,4.46,0,0,0,0,14.76,3,0.0,,,
3244,3.5440,-0.1091,0.0890,3.156,broken,0.997,10.42,1,1,1,0,6.24,3,2.4,43,3256,
3250,3.5440,-0.1192,-0.0088,3.000,broken,0.920,4.03,1,1,1,0,13.07,2,2.4,30|31,3261,
3251,3.5440,-0.1190,-0.0623,3.005,good,0.011,4.08,0,0,0,0,12.88,2,0.0,,,
3248,3.5480,-0.1144,-0.2016,2.997,shell,0.888,4.21,1,1,1,0,11.52,3,2.4,6|5,3232,3232
3249,3.5480,-0.1139,-0.0326,3.000,good,0.114,2.29,0,0,0,0,11.32,3,0.0,,,
3255,3.5480,-0.1166,0.2145,2.999,good,0.000,3.09,0,0,0,0,12.21,2,0.0,,,
3253,3.5520,-0.1150,-0.0278,3.001,broken,0.817,3.37,1,1,1,0,11.65,3,2.4,28,3260,
3254,3.5520,-0.1129,-0.0074,3.003,good,0.002,3.22,0,0,0,0,10.90,3,0.0,,,
3260,3.5520,-0.1189,0.1937,3.253,broken,0.972,9.19,1,1,1,0,7.29,2,2.4,56,3237,
3263,3.5520,-0.1186,0.1243,3.000,good,0.258,5.30,0,0,0,0,12.87,1,0.0,,,
3256,3.5560,-0.1110,-0.0834,3.380,good,0.051,2.62,0,0,0,0,2.43,3,0.0,,,
3257,3.5560,-0.1099,0.1058,2.998,good,0.077,7.15,0,0,0,0,10.03,3,0.0,,,
3258,3.5560,-0.1336,0.1271,3.000,good,0.238,5.33,0,0,0,0,9.88,1,0.0,,,
3259,3.5560,-0.1082,-0.2211,3.000,good,0.009,2.32,0,0,0,0,9.40,3,0.0,,,
3262,3.5560,-0.1159,0.0915,2.999,good,0.281,2.13,0,0,0,0,12.00,2,0.0,,,
3266,3.5560,-0.1036,0.1215,3.000,good,0.002,5.10,0,0,0,0,7.86,1,0.0,,,
3261,3.5600,-0.1111,0.2162,3.008,good,0.002,3.40,0,0,0,0,10.19,3,0.0,,,
3264,3.5640,-0.1124,0.1887,3.023,good,0.077,3.71,0,0,0,0,10.27,3,0.0,,,
3265,3.5640,-0.1085,-0.2330,3.080,good,0.073,4.93,0,0,0,0,7.70,3,0.0,,,
3267,3.5680,-0.1366,0.1228,3.000,good,0.027,11.40,0,0,0,0,10.86,1,0.0,,,
3268,3.5680,-0.1155,0.0377,2.488,good,0.114,2.79,0,0,0,0,26.60,3,0.0,,,
3269,3.5680,-0.1184,-0.0596,2.744,faded,1.000,5.53,1,1,1,0,19.61,2,3.2,24,3257,
3270,3.5680,-0.1244,0.1261,3.000,broken,0.893,12.07,1,1,1,0,10.81,1,2.4,48|47,,
3278,3.5680,-0.1122,0.1293,3.000,good,0.075,12.08,0,0,0,0,10.74,1,0.0,,,
3275,3.5720,-0.1180,-0.2066,3.004,good,0.012,3.16,0,0,0,0,12.57,2,0.0,,,
3276,3.5720,-0.1160,-0.2432,3.430,broken,0.603,2.60,1,1,1,0,2.98,2,2.4,0|1,3313,
3277,3.5720,-0.1152,0.1469,3.367,shell,0.959,4.00,1,1,1,0,3.92,2,2.4,50|51,3283,
3285,3.5720,-0.1000,0.1326,3.000,good,0.097,13.31,0,0,0,0,6.67,1,0.0,,,
3271,3.5760,-0.1143,0.2156,3.010,good,0.097,5.27,0,0,0,0,11.19,3,0.0,,,
3272,3.5760,-0.1359,0.1811,3.000,good,0.007,7.24,0,0,0,0,10.65,1,0.0,,,
3273,3.5760,-0.1123,0.0264,3.008,shell,0.934,4.17,1,1,1,0,10.57,3,2.4,35,3293,3293
3274,3.5760,-0.1109,0.0747,2.885,good,0.121,3.50,0,0,0,0,13.11,3,0.0,,,
3281,3.5760,-0.1197,-0.1691,2.639,good,0.361,1.79,0,0,0,0,23.26,2,0.0,,,
3282,3.5760,-0.1169,0.1764,2.959,faded,0.905,9.89,1,1,1,0,13.31,2,3.2,54,3314,
3283,3.5760,-0.1154,-0.2187,3.028,sour,0.990,18.55,1,1,1,0,11.14,2,3.2,4|3,3274|3279|3288,3274|3288
3284,3.5760,-0.1289,-0.1028,3.000,good,0.266,3.84,0,0,0,0,12.31,1,0.0,,,
3290,3.5760,-0.1170,-0.1058,3.000,good,0.475,4.05,0,0,0,0,12.32,1,0.0,,,
3279,3.5800,-0.1152,-0.0408,3.015,shell,0.998,5.46,1,1,1,0,11.37,3,2.4,26,3290,3290
3280,3.5800,-0.1081,-0.1232,3.252,good,0.020,2.57,0,0,0,0,3.97,3,0.0,,,
3289,3.5800,-0.1167,0.0625,3.097,good,0.111,3.41,0,0,0,0,9.98,2,0.0,,,
3293,3.5800,-0.1092,-0.1721,3.000,good,0.056,1.89,0,0,0,0,9.72,1,0.0,,,
3294,3.5800,-0.1046,-0.2268,3.000,insect,1.000,5.32,1,1,1,0,8.20,1,3.1,2|3,3288,3288
3295,3.5800,-0.1051,-0.1088,3.000,good,0.055,3.98,0,0,0,0,8.35,1,0.0,,,
3296,3.5800,-0.1027,-0.2147,3.000,sour,0.973,14.39,1,1,1,0,7.56,1,3.2,4,3274|3279,3274
3286,3.5840,-0.1144,-0.2389,2.868,good,0.428,3.11,0,0,0,0,14.76,3,0.0,,,
3287,3.5840,-0.1122,-0.1454,2.999,good,0.257,2.22,0,0,0,0,10.75,3,0.0,,,
3288,3.5840,-0.1155,0.1114,2.494,good,0.151,3.54,0,0,0,0,26.40,3,0.0,,,
3292,3.5840,-0.1179,0.1563,3.001,good,0.006,1.54,0,0,0,0,12.61,2,0.0,,,
3291,3.5880,-0.1137,-0.1536,2.848,shell,0.920,3.90,1,1,1,0,15.03,3,2.4,12,3296,3296
3299,3.5880,-0.1178,-0.0612,3.037,broken,0.725,5.36,1,1,1,0,11.71,2,2.4,24|23,3306,3306
3300,3.5880,-0.1175,0.1563,2.928,broken,0.926,2.10,1,1,1,0,14.26,2,2.4,52|51,3286,3286
3297,3.5920,-0.1162,0.0087,2.764,good,0.001,2.53,0,0,0,0,18.21,3,0.0,,,
3298,3.5920,-0.1100,0.0634,3.064,good,0.170,3.28,0,0,0,0,8.53,3,0.0,,,
3302,3.5920,-0.1128,-0.1254,3.450,black,1.000,48.06,1,1,1,0,1.68,2,3.2,15|16,3301,
3301,3.5960,-0.1157,0.2036,3.229,broken,0.971,13.20,1,1,1,0,6.80,3,2.4,58|57,3316,
3305,3.5960,-0.1187,-0.1440,2.947,stick,1.000,48.04,1,1,1,0,14.22,2,2.4,13,3289,3289
3308,3.5960,-0.1182,-0.1355,2.997,faded,0.999,5.28,1,1,1,0,12.81,2,3.2,14,3282,3282
3309,3.5960,-0.1182,0.0011,3.014,good,0.404,3.76,0,0,0,0,12.39,2,0.0,,,
3312,3.5960,-0.1051,0.0121,3.000,good,0.000,2.44,0,0,0,0,8.36,1,0.0,,,
3303,3.6000,-0.1124,0.1938,2.979,good,0.180,5.18,0,0,0,0,11.30,3,0.0,,,
3304,3.6000,-0.1103,0.1219,3.184,good,0.046,4.89,0,0,0,0,6.04,3,0.0,,,
3306,3.6000,-0.1114,-0.1115,2.996,good,0.001,3.53,0,0,0,0,10.57,3,0.0,,,
3307,3.6000,-0.1339,0.2206,3.000,good,0.001,2.93,0,0,0,0,9.98,1,0.0,,,
3311,3.6000,-0.1229,0.2236,3.000,good,0.001,2.98,0,0,0,0,10.31,1,0.0,,,
3317,3.6000,-0.1119,0.2266,3.000,good,0.001,3.02,0,0,0,0,10.65,1,0.0,,,
3318,3.6000,-0.1028,0.2000,3.000,broken,0.984,12.54,1,1,1,0,7.61,1,2.4,57,3316,
3310,3.6040,-0.1171,0.1607,2.852,good,0.012,2.48,0,0,0,0,16.12,3,0.0,,,
3313,3.6040,-0.1200,-0.0445,2.975,good,0.280,2.06,0,0,0,0,13.95,2,0.0,,,
3314,3.6040,-0.1166,0.0907,2.996,sour,1.000,14.43,1,1,1,0,12.30,2,3.2,43,3292,3292
3315,3.6040,-0.1147,0.0371,3.161,good,0.002,3.36,0,0,0,0,7.93,2,0.0,,,
3316,3.6040,-0.1158,-0.1433,3.055,broken,0.669,2.60,1,1,1,0,10.64,2,2.4,13,3305,
3323,3.6080,-0.1185,-0.1281,3.151,broken,0.998,3.05,1,1,1,0,9.36,2,2.4,15,3321,
3325,3.6080,-0.1158,-0.2112,3.010,good,0.205,3.43,0,0,0,0,11.70,2,0.0,,,
3319,3.6120,-0.1388,-0.1676,3.000,faded,0.898,4.23,1,1,1,0,11.59,1,2.5,10,,
3320,3.6120,-0.1142,0.1919,3.076,good,0.344,19.84,1,1,1,0,9.64,3,9.0,56|57|55,3317,3317
3321,3.6120,-0.1107,0.0152,2.994,good,0.109,3.43,0,0,0,0,10.36,3,0.0,,,
3322,3.6120,-0.1081,0.1130,2.989,good,0.030,2.07,0,0,0,0,9.62,3,0.0,,,
3324,3.6120,-0.1077,-0.1636,2.901,good,0.291,6.19,0,0,0,0,11.61,3,0.0,,,
3327,3.6160,-0.1180,-0.0708,3.024,good,0.011,2.98,0,0,0,0,12.09,2,0.0,,,
3326,3.6200,-0.1146,-0.2048,2.957,faded,0.976,3.92,1,1,1,0,12.58,3,3.2,5,3308,3308
3329,3.6200,-0.1189,0.1228,2.955,good,0.001,3.86,0,0,0,0,14.10,2,0.0,,,
3330,3.6200,-0.1293,0.1377,3.000,good,0.010,6.95,0,0,0,0,12.44,1,0.0,,,
3331,3.6200,-0.1103,-0.0323,3.450,broken,0.942,3.24,1,1,1,0,0.97,2,2.4,27|28,3393,
3339,3.6200,-0.1196,0.1349,3.000,good,0.000,3.20,0,0,0,0,13.20,1,0.0,,,
3340,3.6200,-0.1145,0.1454,3.000,good,0.002,4.12,0,0,0,0,11.49,1,0.0,,,
3328,3.6240,-0.1128,0.0742,3.123,sour,1.000,16.54,1,1,1,0,8.14,3,3.2,41,3322,
3338,3.6240,-0.1182,-0.2217,3.000,shell,0.979,4.72,1,1,1,0,12.75,2,2.4,3,3310,
3343,3.6240,-0.1034,0.1503,3.000,good,0.315,4.30,0,0,0,0,7.81,1,0.0,,,
3332,3.6280,-0.1152,-0.0722,3.184,good,0.242,5.93,0,0,0,0,7.58,3,0.0,,,
3333,3.6280,-0.1152,-0.1121,3.026,shell,0.793,6.57,1,1,1,0,11.11,3,2.4,17,3315,
3334,3.6280,-0.1166,-0.1855,2.550,good,0.001,2.71,0,0,0,0,24.92,3,0.0,,,
3335,3.6280,-0.1137,-0.1722,2.735,good,0.007,3.79,0,0,0,0,18.12,3,0.0,,,
3336,3.6280,-0.1132,-0.0969,2.966,good,0.111,2.72,0,0,0,0,11.88,3,0.0,,,
3337,3.6280,-0.1116,-0.0603,2.732,faded,0.859,3.85,1,1,1,0,17.44,3,2.9,24,3320,
3341,3.6320,-0.1148,-0.1751,2.937,good,0.082,5.36,0,0,0,0,13.16,3,0.0,,,
3342,3.6320,-0.1102,-0.0155,3.450,broken,0.885,2.64,1,1,1,0,0.94,3,2.4,30|29,3340,3340
3350,3.6320,-0.1171,-0.1697,3.000,good,0.218,4.04,0,0,0,0,12.38,1,0.0,,,
3349,3.6360,-0.1167,-0.2227,2.999,good,0.144,7.71,0,0,0,0,12.27,2,0.0,,,
3344,3.6400,-0.1066,0.0201,3.450,good,0.001,3.30,0,0,0,0,-0.13,3,0.0,,,
3345,3.6400,-0.1137,0.1366,3.031,broken,0.590,2.83,1,1,1,0,10.51,3,2.4,49,3343,3343
3346,3.6400,-0.1134,-0.1504,3.002,broken,0.999,4.71,1,1,1,0,11.09,3,2.4,12,3325,3325
3347,3.6400,-0.1085,0.0831,2.976,good,0.009,2.59,0,0,0,0,10.06,3,0.0,,,
3348,3.6400,-0.1081,0.0979,3.013,broken,0.899,8.61,1,1,1,0,9.06,3,2.4,44,3327,
3355,3.6400,-0.1148,0.1231,3.089,good,0.001,2.32,0,0,0,0,9.54,2,0.0,,,
3351,3.6440,-0.1099,-0.0056,3.182,good,0.157,4.74,0,0,0,0,5.97,3,0.0,,,
3352,3.6440,-0.1114,-0.2346,2.908,shell,0.725,4.19,1,1,1,0,12.68,3,2.4,1|2,3367,
3353,3.6440,-0.1107,0.1677,3.001,broken,0.985,3.88,1,1,1,0,10.19,3,2.4,53,3359,3359
3354,3.6440,-0.1087,-0.1426,2.883,broken,0.995,2.93,1,1,1,0,12.38,3,2.4,13,3336,
3357,3.6440,-0.1180,-0.0947,2.971,good,0.000,3.09,0,0,0,0,13.39,2,0.0,,,
3356,3.6480,-0.1115,-0.0439,2.993,faded,1.000,5.46,1,1,1,0,10.68,3,3.2,26,3341,3341
3361,3.6480,-0.1196,0.0895,2.892,broken,0.970,3.12,1,1,1,0,15.93,2,2.4,43,3348,3348
3362,3.6480,-0.1173,0.1521,3.140,good,0.411,3.65,0,0,0,0,9.21,2,0.0,,,
3363,3.6480,-0.1280,-0.1942,3.000,good,0.230,7.73,0,0,0,0,11.99,1,0.0,,,
3364,3.6480,-0.1129,-0.1642,3.450,good,0.445,4.14,0,0,0,0,1.71,2,0.0,,,
3365,3.6480,-0.1097,0.1066,3.450,broken,0.976,3.69,1,1,1,0,0.80,2,2.4,45,3371,
3370,3.6480,-0.1133,-0.1970,3.000,shell,0.970,7.91,1,1,1,0,11.11,1,2.4,6,3395,
3358,3.6520,-0.1141,-0.1957,3.022,good,0.003,2.62,0,0,0,0,10.84,3,0.0,,,
3359,3.6520,-0.1092,-0.1883,3.083,faded,0.996,5.27,1,1,1,0,7.85,3,3.2,7|8,3344,
3360,3.6520,-0.1088,-0.1437,3.014,broken,0.548,4.11,1,1,1,0,9.27,3,2.4,13,3365,3365
3369,3.6520,-0.1188,0.1814,3.005,good,0.002,3.45,0,0,0,0,12.80,2,0.0,,,
3366,3.6560,-0.1114,0.2429,3.201,broken,0.987,5.39,1,1,1,0,6.03,3,2.4,63|62,3351,
3367,3.6560,-0.1127,-0.0641,2.899,good,0.004,2.63,0,0,0,0,13.35,3,0.0,,,
3368,3.6560,-0.1086,0.0294,2.996,good,0.005,2.12,0,0,0,0,9.63,3,0.0,,,
3371,3.6560,-0.1163,0.1514,3.000,good,0.001,3.71,0,0,0,0,12.09,2,0.0,,,
3373,3.6600,-0.1191,0.1769,2.833,good,0.314,6.12,0,0,0,0,17.32,2,0.0,,,
3374,3.6600,-0.1153,-0.1285,3.192,good,0.023,2.58,0,0,0,0,7.45,2,0.0,,,
3372,3.6640,-0.1129,-0.1189,2.992,good,0.364,3.04,0,0,0,0,11.17,3,0.0,,,
3375,3.6680,-0.1113,-0.1985,3.240,good,0.387,3.32,0,0,0,0,5.21,3,0.0,,,
3376,3.6680,-0.1119,-0.1325,3.009,good,0.014,3.78,0,0,0,0,10.44,3,0.0,,,
3378,3.6680,-0.1197,0.0810,3.034,good,0.009,7.23,0,0,0,0,12.41,2,0.0,,,
3381,3.6680,-0.1199,-0.1487,3.318,broken,0.538,5.59,1,1,1,0,6.28,2,2.4,12|13,3369|3388,3388
3377,3.6720,-0.1189,-0.0787,2.340,broken,0.774,2.59,1,1,1,0,33.58,3,2.4,21|22,3375,
3379,3.6720,-0.1070,0.1570,3.251,good,0.005,4.93,0,0,0,0,3.66,3,0.0,,,
3380,3.6720,-0.1104,0.2273,3.001,good,0.056,3.10,0,0,0,0,10.12,3,0.0,,,
3382,3.6720,-0.1091,-0.1882,2.857,faded,1.000,7.12,1,1,1,0,13.19,3,3.2,7|8,3392,3392
3385,3.6760,-0.1194,0.2220,3.034,good,0.011,2.84,0,0,0,0,12.31,2,0.0,,,
3386,3.6760,-0.1189,-0.0458,2.940,broken,0.934,4.25,1,1,1,0,14.45,2,2.4,26|25,3370,
3383,3.6800,-0.1156,0.1653,2.999,good,0.000,2.83,0,0,0,0,11.89,3,0.0,,,
3384,3.6800,-0.1112,0.1584,2.711,good,0.067,1.78,0,0,0,0,17.92,3,0.0,,,
3390,3.6800,-0.1153,-0.0078,3.305,good,0.285,3.14,0,0,0,0,5.13,2,0.0,,,
3396,3.6800,-0.1071,-0.0409,3.000,broken,0.836,4.14,1,1,1,0,9.04,1,2.4,26,3370,
3387,3.6840,-0.1396,-0.0378,3.000,good,0.116,2.27,0,0,0,0,11.87,1,0.0,,,
3388,3.6840,-0.1129,-0.0963,3.000,good,0.068,2.98,0,0,0,0,10.97,3,0.0,,,
3389,3.6840,-0.1154,0.0927,2.495,good,0.004,5.65,0,0,0,0,26.36,3,0.0,,,
3394,3.6840,-0.1171,0.1462,3.087,good,0.002,2.94,0,0,0,0,10.34,2,0.0,,,
3395,3.6840,-0.1275,-0.0323,3.000,good,0.018,2.07,0,0,0,0,11.82,1,0.0,,,
3399,3.6840,-0.1153,-0.0267,3.000,good,0.011,1.97,0,0,0,0,11.77,1,0.0,,,
3391,3.6880,-0.1154,-0.0880,3.031,good,0.000,3.35,0,0,0,0,11.06,3,0.0,,,
3392,3.6880,-0.1119,-0.0331,3.172,good,0.016,2.69,0,0,0,0,6.80,3,0.0,,,
3393,3.6880,-0.1042,-0.0099,3.450,broken,0.907,4.74,1,1,1,0,-0.81,3,2.4,30,3462,
3397,3.6880,-0.1192,-0.2360,3.012,good,0.004,3.07,0,0,0,0,12.79,2,0.0,,,
3398,3.6880,-0.1120,-0.1232,3.450,broken,0.892,4.27,1,1,1,0,1.46,2,2.4,16,3432,
3401,3.6880,-0.1032,-0.0212,3.000,good,0.016,2.04,0,0,0,0,7.73,1,0.0,,,
3400,3.6960,-0.1136,-0.1608,2.994,broken,0.589,2.39,1,1,1,0,11.35,3,2.4,11,3408,3408
3403,3.6960,-0.1189,0.0529,3.006,good,0.349,2.97,0,0,0,0,12.81,2,0.0,,,
3404,3.6960,-0.1186,0.1380,2.966,good,0.098,2.84,0,0,0,0,13.72,2,0.0,,,
3402,3.7000,-0.1113,0.1016,2.966,good,0.005,3.58,0,0,0,0,11.25,3,0.0,,,
3406,3.7000,-0.1180,0.0416,3.084,good,0.003,8.90,0,0,0,0,10.69,2,0.0,,,
3407,3.7000,-0.1174,-0.0114,3.011,good,0.016,3.58,0,0,0,0,12.22,2,0.0,,,
3405,3.7040,-0.1085,-0.1941,2.996,good,0.015,3.04,0,0,0,0,9.60,3,0.0,,,
3413,3.7040,-0.1183,0.1225,3.319,black,1.000,50.76,1,1,1,0,5.78,2,3.2,47,3404,
3414,3.7040,-0.1161,0.0453,3.311,good,0.125,17.83,0,0,0,0,5.28,2,0.0,,,
3408,3.7080,-0.1198,-0.0002,2.579,good,0.096,4.18,0,0,0,0,25.24,3,0.0,,,
3409,3.7080,-0.1389,-0.1310,3.000,good,0.171,8.75,0,0,0,0,11.63,1,0.0,,,
3410,3.7080,-0.1130,-0.2084,3.011,good,0.117,3.29,0,0,0,0,10.72,3,0.0,,,
3411,3.7080,-0.1236,0.2068,2.544,good,0.191,2.15,0,0,0,0,23.87,2,0.0,,,
3412,3.7080,-0.1119,-0.0879,2.742,broken,0.746,5.17,1,1,1,0,17.29,3,2.4,20,3402,
3417,3.7080,-0.1164,0.2147,2.988,good,0.266,3.19,0,0,0,0,12.45,2,0.0,,,
3418,3.7080,-0.1189,0.0849,3.008,stick,1.000,20.89,1,1,1,0,12.78,2,2.4,42|43,3415,3415
3419,3.7080,-0.1161,-0.1347,2.868,good,0.066,4.60,0,0,0,0,15.33,2,0.0,,,
3420,3.7080,-0.1140,-0.1264,3.102,broken,0.890,2.29,1,1,1,0,8.99,2,2.4,15|16,3400,3400
3425,3.7080,-0.1134,0.2037,3.000,good,0.086,2.22,0,0,0,0,11.15,1,0.0,,,
3415,3.7120,-0.1365,-0.0034,3.000,broken,0.742,3.00,1,1,1,0,10.84,1,2.4,31,,
3416,3.7120,-0.1099,0.2290,2.993,good,0.000,3.56,0,0,0,0,10.14,3,0.0,,,
3423,3.7120,-0.1194,-0.2358,3.000,good,0.045,6.04,0,0,0,0,13.13,2,0.0,,,
3424,3.7120,-0.1188,-0.1239,2.871,good,0.237,6.28,0,0,0,0,16.22,2,0.0,,,
3421,3.7160,-0.1160,0.2034,3.000,shell,0.999,5.09,1,1,1,0,11.99,3,2.4,58|57,3401,3401
3422,3.7160,-0.1202,-0.2022,3.320,good,0.030,4.64,0,0,0,0,2.31,2,0.0,,,
3428,3.7160,-0.1178,0.0020,2.894,good,0.001,10.72,0,0,0,0,15.27,2,0.0,,,
3429,3.7160,-0.1173,-0.2169,2.957,good,0.020,2.61,0,0,0,0,13.47,2,0.0,,,
3430,3.7160,-0.1176,0.1412,2.998,good,0.015,2.60,0,0,0,0,12.59,2,0.0,,,
3438,3.7160,-0.1069,-0.2062,3.000,good,0.049,4.74,0,0,0,0,8.95,1,0.0,,,
3426,3.7200,-0.1353,-0.1333,3.000,broken,0.822,2.41,1,1,1,0,10.43,1,2.4,14|15,,
3427,3.7200,-0.1203,-0.1712,2.993,broken,0.987,3.36,1,1,1,0,9.59,2,2.4,10|9,,
3434,3.7200,-0.1198,-0.0328,2.990,good,0.000,4.70,0,0,0,0,13.52,2,0.0,,,
3435,3.7200,-0.1170,0.1201,3.076,good,0.003,2.50,0,0,0,0,10.52,2,0.0,,,
3436,3.7200,-0.1177,0.1730,2.995,good,0.065,2.10,0,0,0,0,12.67,2,0.0,,,
3437,3.7200,-0.1233,-0.1368,3.000,broken,0.988,2.45,1,1,1,0,10.43,1,2.4,14,,
3441,3.7200,-0.1199,0.0058,3.000,broken,0.747,2.54,1,1,1,0,13.30,1,2.4,32,3436,
3442,3.7200,-0.1114,-0.1403,3.000,broken,0.981,2.77,1,1,1,0,10.46,1,2.4,14|13,3428,
3443,3.7200,-0.1083,-0.1667,3.000,broken,0.995,3.44,1,1,1,0,9.44,1,2.4,10,3405,
3444,3.7200,-0.1062,0.0054,3.000,good,0.004,10.74,0,0,0,0,8.75,1,0.0,,,
3431,3.7240,-0.1139,0.0885,2.982,broken,0.999,4.58,1,1,1,0,11.74,3,2.4,43,3426,
3432,3.7240,-0.1119,0.1856,3.013,insect,1.000,4.63,1,1,1,0,10.31,3,3.1,55,3417,3417
3433,3.7240,-0.1328,0.0090,3.000,good,0.031,2.41,0,0,0,0,9.59,1,0.0,,,
3447,3.7240,-0.1070,0.0026,3.000,good,0.070,2.34,0,0,0,0,9.00,1,0.0,,,
3439,3.7280,-0.1095,-0.1692,3.009,good,0.009,3.07,0,0,0,0,9.62,3,0.0,,,
3440,3.7280,-0.1080,0.1719,3.093,good,0.096,2.59,0,0,0,0,7.25,3,0.0,,,
3445,3.7320,-0.1143,-0.2316,2.977,good,0.029,4.59,0,0,0,0,12.00,3,0.0,,,
3446,3.7320,-0.1343,-0.1351,3.000,broken,0.512,5.73,1,1,1,0,10.09,1,2.4,14,,
3452,3.7320,-0.1121,-0.1385,2.842,good,0.002,4.59,0,0,0,0,14.65,2,0.0,,,
3453,3.7320,-0.1111,-0.1295,2.826,good,0.002,2.26,0,0,0,0,14.70,2,0.0,,,
3448,3.7360,-0.1152,-0.0388,2.997,black,1.000,50.90,1,1,1,0,11.79,3,3.2,27|26,3431,3431
3449,3.7360,-0.1123,0.0791,2.950,good,0.017,2.36,0,0,0,0,11.96,3,0.0,,,
3450,3.7360,-0.1094,-0.1232,2.967,sour,1.000,18.69,1,1,1,0,10.58,3,3.2,16,3435,3435
3451,3.7360,-0.1092,-0.2011,3.004,shell,0.927,4.24,1,1,1,0,9.64,3,2.4,6,3450,3450
3458,3.7360,-0.1184,-0.2092,3.379,shell,0.996,4.94,1,1,1,0,4.64,2,2.4,5,3430,
3459,3.7360,-0.1165,0.1578,3.152,sour,1.000,11.53,1,1,1,0,8.69,2,3.2,52,3448,3448
3454,3.7400,-0.1159,-0.1520,3.007,faded,0.999,5.50,1,1,1,0,11.79,3,3.2,12,3439,3439
3455,3.7400,-0.1111,-0.0246,3.343,good,0.000,4.32,0,0,0,0,3.14,3,0.0,,,
3456,3.7400,-0.1147,0.1452,2.997,broken,0.862,4.11,1,1,1,0,11.64,3,2.4,50,3433,
3457,3.7400,-0.1105,0.1106,3.193,good,0.002,2.73,0,0,0,0,5.92,3,0.0,,,
3462,3.7400,-0.1198,0.2287,2.957,good,0.338,6.60,0,0,0,0,14.34,2,0.0,,,
3460,3.7440,-0.1102,-0.0154,2.988,good,0.004,3.52,0,0,0,0,10.35,3,0.0,,,
3461,3.7440,-0.1082,0.0150,3.003,faded,1.000,7.07,1,1,1,0,9.32,3,3.2,33|34,3429,3429
3463,3.7440,-0.1199,0.1555,2.789,good,0.002,4.01,0,0,0,0,18.85,2,0.0,,,
3464,3.7440,-0.1199,0.0368,2.995,faded,1.000,5.81,1,1,1,0,13.41,2,3.2,36,3437,3437
3465,3.7440,-0.1302,0.2121,3.000,good,0.008,3.97,0,0,0,0,12.74,1,0.0,,,
3468,3.7440,-0.1166,0.2076,3.000,good,0.016,4.27,0,0,0,0,12.18,1,0.0,,,
3467,3.7480,-0.1177,0.0205,2.767,faded,0.998,4.53,1,1,1,0,18.66,2,3.2,34,3442,
3472,3.7480,-0.1088,0.1506,3.000,good,0.000,3.86,0,0,0,0,9.59,1,0.0,,,
3473,3.7480,-0.1029,0.2030,3.000,good,0.014,4.21,0,0,0,0,7.65,1,0.0,,,
3466,3.7520,-0.1062,-0.2043,3.450,shell,0.976,5.83,1,1,1,0,-0.22,3,2.4,5|6,3520,
3469,3.7560,-0.1114,0.0624,2.994,good,0.021,5.27,0,0,0,0,10.60,3,0.0,,,
3470,3.7560,-0.1111,-0.1056,2.972,good,0.206,4.45,0,0,0,0,11.04,3,0.0,,,
3471,3.7560,-0.1095,-0.0011,2.996,good,0.223,2.62,0,0,0,0,9.92,3,0.0,,,
3474,3.7560,-0.1165,0.0832,3.098,insect,1.000,4.32,1,1,1,0,9.89,2,3.1,42,3470,3470
3479,3.7600,-0.1169,0.0864,3.003,good,0.019,2.39,0,0,0,0,12.23,2,0.0,,,
3475,3.7640,-0.1105,0.0662,3.111,good,0.171,1.91,0,0,0,0,7.66,3,0.0,,,
3476,3.7640,-0.1097,0.0311,2.992,good,0.006,3.52,0,0,0,0,10.08,3,0.0,,,
3477,3.7640,-0.1105,-0.0898,2.784,faded,1.000,5.86,1,1,1,0,15.61,3,3.2,20,3467,
3478,3.7640,-0.1085,-0.1537,2.985,good,0.007,2.33,0,0,0,0,9.85,3,0.0,,,
3480,3.7680,-0.1154,-0.2357,2.900,broken,0.585,4.11,1,1,1,0,14.29,3,2.4,1|2,3457,3457
3481,3.7680,-0.1094,-0.1953,3.104,good,0.312,7.29,0,0,0,0,7.45,3,0.0,,,
3482,3.7680,-0.1099,0.0814,3.041,good,0.011,2.80,0,0,0,0,9.02,3,0.0,,,
3483,3.7680,-0.1231,0.1664,2.457,good,0.160,4.05,0,0,0,0,26.77,2,0.0,,,
3487,3.7680,-0.1177,0.1220,2.962,good,0.002,3.01,0,0,0,0,13.51,2,0.0,,,
3491,3.7680,-0.1132,0.1629,3.000,good,0.021,4.04,0,0,0,0,11.07,1,0.0,,,
3484,3.7720,-0.1166,-0.0366,2.843,broken,0.989,4.02,1,1,1,0,16.18,3,2.4,27,3469,
3485,3.7720,-0.1122,0.1585,3.052,good,0.394,2.94,0,0,0,0,9.53,3,0.0,,,
3486,3.7720,-0.1203,0.0522,3.409,good,0.135,2.84,0,0,0,0,0.64,2,0.0,,,
3490,3.7720,-0.1199,-0.1078,2.987,faded,0.998,4.45,1,1,1,0,13.64,2,3.2,18,3487,3487
3497,3.7720,-0.1067,0.0488,3.000,good,0.029,2.56,0,0,0,0,8.92,1,0.0,,,
3488,3.7760,-0.1161,0.1653,3.025,shell,0.998,4.37,1,1,1,0,11.45,3,2.4,53|52,3456,3456
3489,3.7760,-0.1150,-0.1877,2.988,broken,0.961,2.58,1,1,1,0,11.97,3,2.4,7|8,3477,
3496,3.7760,-0.1173,0.0006,2.998,broken,0.999,2.67,1,1,1,0,12.48,2,2.4,32|31,3485,3485
3492,3.7800,-0.1147,-0.0474,3.002,good,0.015,8.07,0,0,0,0,11.53,3,0.0,,,
3493,3.7800,-0.1121,0.0599,2.967,good,0.014,3.29,0,0,0,0,11.49,3,0.0,,,
3494,3.7800,-0.1224,0.0339,2.974,good,0.042,24.40,1,1,1,0,10.80,2,9.0,36|35|37,3515,
3495,3.7800,-0.1091,0.0985,2.965,good,0.000,3.65,0,0,0,0,10.52,3,0.0,,,
3502,3.7800,-0.1167,0.0362,3.450,good,0.107,12.83,0,0,0,0,2.82,2,0.0,,,
3503,3.7800,-0.1178,0.1111,3.000,black,1.000,50.70,1,1,1,0,12.60,2,3.2,46,3471,
3498,3.7840,-0.1158,-0.1078,3.000,broken,0.988,2.78,1,1,1,0,11.93,3,2.4,18|17,3494,3494
3499,3.7840,-0.1107,-0.1600,2.996,good,0.147,2.21,0,0,0,0,10.32,3,0.0,,,
3500,3.7840,-0.1098,0.0691,3.094,good,0.489,8.53,0,0,0,0,7.80,3,0.0,,,
3501,3.7840,-0.1109,-0.0687,3.000,good,0.226,1.39,0,0,0,0,10.29,3,0.0,,,
3504,3.7840,-0.1181,-0.0869,3.014,good,0.015,4.03,0,0,0,0,12.35,2,0.0,,,
3508,3.7840,-0.1039,0.0393,3.000,good,0.028,8.40,0,0,0,0,7.98,1,0.0,,,
3509,3.7840,-0.1003,0.0632,3.000,good,0.012,3.20,0,0,0,0,6.75,1,0.0,,,
3506,3.7880,-0.1195,-0.2237,2.990,broken,0.935,2.96,1,1,1,0,13.42,2,2.4,3,3472,
3507,3.7880,-0.1185,0.1169,2.998,faded,1.000,6.80,1,1,1,0,12.90,2,3.2,46|47,3499,
3505,3.7920,-0.1124,0.2155,2.883,good,0.052,18.38,0,0,0,0,13.66,3,0.0,,,
3512,3.7920,-0.1186,0.1785,2.827,good,0.104,3.66,0,0,0,0,17.33,2,0.0,,,
3510,3.7960,-0.1131,0.0102,3.007,shell,0.994,4.03,1,1,1,0,10.88,3,2.4,33,3484,
3511,3.7960,-0.1102,0.1500,3.036,good,0.393,3.31,0,0,0,0,9.24,3,0.0,,,
3519,3.7960,-0.1186,0.2336,2.994,good,0.000,3.02,0,0,0,0,13.01,2,0.0,,,
3520,3.7960,-0.1185,0.1002,3.013,broken,0.768,3.68,1,1,1,0,12.53,2,2.4,44|45,3513,3513
3521,3.7960,-0.1183,0.2041,2.976,shell,1.000,7.45,1,1,1,0,13.37,2,2.4,58|57,3501,
3522,3.7960,-0.1158,-0.1778,2.996,good,0.007,3.10,0,0,0,0,12.05,2,0.0,,,
3528,3.7960,-0.1073,0.1754,3.000,good,0.093,3.44,0,0,0,0,9.10,1,0.0,,,
3513,3.8000,-0.1151,-0.0459,2.998,sour,1.000,15.67,1,1,1,0,11.76,3,3.2,26|25,3493,3493
3514,3.8000,-0.1102,-0.0300,3.000,faded,0.961,5.85,1,1,1,0,10.08,3,3.2,28|27,3491,3491
3515,3.8000,-0.1331,-0.2436,3.000,good,0.142,2.80,0,0,0,0,9.70,1,0.0,,,
3516,3.8000,-0.1095,-0.0051,2.957,good,0.420,4.66,0,0,0,0,10.84,3,0.0,,,
3517,3.8000,-0.1089,0.1250,2.998,shell,0.967,4.07,1,1,1,0,9.69,3,2.4,47|48,3490,3490
3518,3.8000,-0.1082,-0.1266,3.006,good,0.003,4.64,0,0,0,0,9.28,3,0.0,,,
3525,3.8000,-0.1177,0.0009,2.984,good,0.000,2.96,0,0,0,0,12.94,2,0.0,,,
3526,3.8000,-0.1191,0.2084,2.677,good,0.263,4.79,0,0,0,0,21.84,2,0.0,,,
3527,3.8000,-0.1167,-0.2404,2.141,good,0.420,2.72,0,0,0,0,41.21,2,0.0,,,
3523,3.8040,-0.1134,0.0837,3.244,broken,0.555,1.87,1,1,1,0,5.79,3,2.4,42,3533,3533
3524,3.8040,-0.1128,-0.1684,2.953,good,0.010,3.81,0,0,0,0,12.07,3,0.0,,,
3531,3.8040,-0.1155,-0.0148,3.000,good,0.002,3.02,0,0,0,0,11.84,2,0.0,,,
3529,3.8080,-0.1146,-0.1717,3.030,insect,1.000,3.55,1,1,1,0,10.83,3,3.1,10|9,3496|3508,3508
3530,3.8080,-0.1100,-0.0992,2.997,good,0.312,5.19,0,0,0,0,10.07,3,0.0,,,
3533,3.8080,-0.1186,0.1341,3.028,good,0.004,3.31,0,0,0,0,12.22,2,0.0,,,
3532,3.8120,-0.1146,-0.1976,2.707,good,0.449,4.66,0,0,0,0,19.28,3,0.0,,,
3537,3.8120,-0.1176,0.1525,2.996,good,0.000,2.71,0,0,0,0,12.63,2,0.0,,,
3534,3.8160,-0.1297,0.1509,2.407,faded,0.997,6.77,1,1,1,0,31.43,2,3.2,51,3518,
3535,3.8160,-0.1122,0.0610,3.109,broken,0.690,3.19,1,1,1,0,8.24,3,2.4,39|40,3506,3506
3536,3.8160,-0.1101,0.2071,3.000,good,0.093,3.63,0,0,0,0,10.03,3,0.0,,,
3539,3.8160,-0.1185,0.0472,2.856,broken,0.584,3.08,1,1,1,0,16.53,2,2.4,38|37,3511,
3540,3.8160,-0.1129,0.0395,3.292,broken,0.982,2.28,1,1,1,0,4.68,2,2.4,37|36,3522|3535,3522
3538,3.8200,-0.1140,0.0515,3.005,good,0.143,2.29,0,0,0,0,11.21,3,0.0,,,
3543,3.8200,-0.1187,0.1968,3.005,good,0.156,2.42,0,0,0,0,12.80,2,0.0,,,
3544,3.8200,-0.1105,0.1544,2.392,faded,0.996,6.80,1,1,1,0,28.02,2,3.2,51,3510,
3546,3.8200,-0.1072,0.0439,3.000,good,0.384,3.03,0,0,0,0,9.06,1,0.0,,,
3541,3.8240,-0.1168,0.1971,2.877,good,0.396,4.05,0,0,0,0,15.34,3,0.0,,,
3542,3.8240,-0.1101,0.1568,2.993,good,0.013,3.72,0,0,0,0,10.19,3,0.0,,,
3550,3.8240,-0.1009,0.1573,3.000,faded,0.996,6.81,1,1,1,0,6.96,1,3.2,52|51,3510,
3545,3.8280,-0.1075,0.1292,3.180,black,1.000,50.79,1,1,1,0,5.24,3,3.2,48,3534,
3556,3.8280,-0.1053,0.1940,3.000,good,0.154,3.81,0,0,0,0,8.42,1,0.0,,,
3547,3.8320,-0.1147,-0.0782,2.802,broken,0.940,2.92,1,1,1,0,16.61,3,2.4,21|22,3527,
3548,3.8320,-0.1093,0.0601,2.967,good,0.002,2.91,0,0,0,0,10.55,3,0.0,,,
3549,3.8320,-0.1084,0.1952,3.002,good,0.002,3.28,0,0,0,0,9.43,3,0.0,,,
3551,3.8320,-0.1167,0.1253,3.073,good,0.009,15.32,0,0,0,0,10.54,2,0.0,,,
3553,3.8320,-0.1171,0.0510,3.036,broken,0.734,4.73,1,1,1,0,11.51,2,2.4,38,3540,3540
3554,3.8320,-0.1161,-0.0317,2.990,good,0.062,4.38,0,0,0,0,12.28,2,0.0,,,
3555,3.8320,-0.1132,-0.1399,3.389,good,0.237,4.01,0,0,0,0,2.91,2,0.0,,,
3552,3.8360,-0.1093,-0.1932,3.003,broken,0.980,7.31,1,1,1,0,9.67,3,2.4,7,3568,3568
3559,3.8360,-0.1199,0.1875,3.031,good,0.006,3.42,0,0,0,0,12.55,2,0.0,,,
3560,3.8360,-0.1177,0.1107,3.013,good,0.002,4.74,0,0,0,0,12.23,2,0.0,,,
3561,3.8360,-0.1193,0.2166,2.999,shell,0.644,3.86,1,1,1,0,13.12,2,2.4,59,3541,3541
3557,3.8400,-0.1117,-0.2206,3.113,broken,0.538,3.40,1,1,1,0,8.02,3,2.4,3,3552,
3558,3.8400,-0.1110,-0.1709,3.001,good,0.034,3.40,0,0,0,0,10.31,3,0.0,,,
3562,3.8440,-0.1149,-0.1569,2.995,faded,0.999,5.27,1,1,1,0,11.76,3,3.2,11|12,3551,
3563,3.8440,-0.1145,-0.0548,2.996,broken,0.792,2.67,1,1,1,0,11.60,3,2.4,24|25,3543,
3564,3.8440,-0.1117,-0.1395,3.040,good,0.011,3.90,0,0,0,0,9.64,3,0.0,,,
3565,3.8440,-0.1095,0.0198,2.999,good,0.085,4.15,0,0,0,0,9.86,3,0.0,,,
3568,3.8440,-0.1183,0.2225,2.995,good,0.230,2.61,0,0,0,0,12.90,2,0.0,,,
3569,3.8440,-0.1166,-0.0776,3.017,good,0.001,2.33,0,0,0,0,11.81,2,0.0,,,
3566,3.8480,-0.1138,0.1805,2.966,broken,0.569,4.07,1,1,1,0,12.07,3,2.4,55|54,3558,
3567,3.8480,-0.1174,0.1051,2.449,broken,0.536,1.73,1,1,1,0,28.79,3,2.4,45,3531,3531
3574,3.8480,-0.1195,0.0519,3.125,good,0.305,4.08,0,0,0,0,10.25,2,0.0,,,
3570,3.8520,-0.1143,0.1582,2.982,black,1.000,49.91,1,1,1,0,11.87,3,3.2,52,3549,3549
3571,3.8520,-0.1134,-0.1462,2.990,good,0.000,4.18,0,0,0,0,11.37,3,0.0,,,
3572,3.8520,-0.1095,-0.1375,3.259,good,0.143,1.93,0,0,0,0,4.30,3,0.0,,,
3573,3.8520,-0.1091,-0.0747,3.074,good,0.001,4.38,0,0,0,0,8.04,3,0.0,,,
3575,3.8520,-0.1130,-0.1672,2.309,broken,0.941,2.81,1,1,1,0,32.25,3,2.4,10,3546,
3577,3.8520,-0.1177,0.1205,3.061,good,0.004,3.42,0,0,0,0,11.12,2,0.0,,,
3576,3.8560,-0.1085,-0.1703,3.448,faded,0.976,9.01,1,1,1,0,0.45,3,2.9,10,3546|3547,
3578,3.8560,-0.1193,-0.0230,2.998,good,0.020,2.59,0,0,0,0,13.16,2,0.0,,,
3579,3.8560,-0.1177,-0.2220,3.000,broken,0.659,2.54,1,1,1,0,12.58,2,2.4,3,3565,
3582,3.8600,-0.1196,0.0350,3.105,broken,0.927,2.51,1,1,1,0,10.74,2,2.4,36,3569,
3583,3.8600,-0.1165,0.0728,2.985,good,0.001,2.92,0,0,0,0,12.54,2,0.0,,,
3580,3.8640,-0.1149,0.1250,2.997,good,0.002,2.62,0,0,0,0,11.69,3,0.0,,,
3581,3.8640,-0.1120,-0.0013,3.007,good,0.040,4.57,0,0,0,0,10.53,3,0.0,,,
3584,3.8680,-0.1099,-0.2077,3.165,good,0.489,3.85,0,0,0,0,6.32,3,0.0,,,
3585,3.8720,-0.1082,0.1305,2.996,good,0.011,2.65,0,0,0,0,9.50,3,0.0,,,
3589,3.8720,-0.1180,-0.0954,3.000,good,0.003,2.02,0,0,0,0,12.67,2,0.0,,,
3590,3.8720,-0.1162,0.1535,3.189,good,0.000,3.17,0,0,0,0,7.82,2,0.0,,,
3591,3.8720,-0.1159,-0.0417,3.051,good,0.001,3.94,0,0,0,0,10.77,2,0.0,,,
3592,3.8720,-0.1150,0.0120,3.178,broken,0.599,2.11,1,1,1,0,7.65,2,2.4,33,3600,
3586,3.8760,-0.1151,-0.1731,3.005,shell,0.944,2.93,1,1,1,0,11.58,3,2.4,9|10,3579,3579
3587,3.8760,-0.1148,-0.0749,3.005,broken,0.934,3.80,1,1,1,0,11.47,3,2.4,22,3567,
3588,3.8760,-0.1098,0.0372,2.999,shell,0.996,6.88,1,1,1,0,9.95,3,2.4,36,3571,3571
3599,3.8760,-0.1023,0.0085,3.000,broken,0.816,2.09,1,1,1,0,7.43,1,2.4,33|32,3600,
3593,3.8800,-0.1142,-0.0266,2.995,broken,0.969,4.22,1,1,1,0,11.53,3,2.4,28,3589,3589
3594,3.8800,-0.1143,-0.1409,3.009,good,0.004,3.28,0,0,0,0,11.22,3,0.0,,,
3595,3.8800,-0.1139,0.0105,2.873,good,0.174,3.77,0,0,0,0,14.46,3,0.0,,,
3596,3.8840,-0.1098,0.0165,3.090,broken,0.780,2.92,1,1,1,0,7.89,3,2.4,34|33,3597,
3597,3.8840,-0.1122,0.1398,2.855,husk,1.000,33.18,1,1,1,0,14.33,3,2.4,49|50,3588,
3598,3.8840,-0.1085,0.1579,2.999,good,0.004,4.30,0,0,0,0,9.50,3,0.0,,,
3601,3.8840,-0.1183,0.1788,3.426,good,0.311,3.78,0,0,0,0,3.72,2,0.0,,,
3600,3.8880,-0.1122,-0.1070,2.998,good,0.001,2.73,0,0,0,0,10.77,3,0.0,,,
3604,3.8880,-0.1168,0.1049,2.989,good,0.162,2.22,0,0,0,0,12.54,2,0.0,,,
3602,3.8920,-0.1286,0.1367,2.628,good,0.005,2.58,0,0,0,0,23.00,2,0.0,,,
3603,3.8920,-0.1091,-0.1323,2.993,broken,0.866,3.02,1,1,1,0,9.84,3,2.4,15|14,3578,
3609,3.8920,-0.1184,-0.2216,3.041,good,0.330,4.88,0,0,0,0,11.83,2,0.0,,,
3610,3.8920,-0.1162,0.1546,2.994,broken,0.924,3.40,1,1,1,0,12.22,2,2.4,51,3591,
3605,3.8960,-0.1098,0.1373,3.450,good,0.013,5.59,0,0,0,0,0.82,3,0.0,,,
3606,3.8960,-0.1190,-0.1729,2.716,shell,0.979,14.48,1,1,1,0,20.61,3,2.4,9|10,3601,
3607,3.8960,-0.1130,-0.1389,2.982,good,0.044,4.21,0,0,0,0,11.42,3,0.0,,,
3608,3.8960,-0.1094,-0.0725,2.849,good,0.366,4.82,0,0,0,0,13.48,3,0.0,,,
3613,3.8960,-0.1185,0.2039,3.012,good,0.002,5.18,0,0,0,0,12.55,2,0.0,,,
3614,3.8960,-0.1156,-0.0380,3.000,good,0.010,3.96,0,0,0,0,11.86,2,0.0,,,
3615,3.8960,-0.1132,-0.0782,2.601,broken,0.943,2.92,1,1,1,0,21.96,2,2.4,21|22,3575,
3611,3.9000,-0.1145,0.1115,3.000,broken,0.789,4.36,1,1,1,0,11.51,3,2.4,46,3594,3594
3612,3.9000,-0.1157,0.1937,2.632,good,0.005,2.32,0,0,0,0,21.95,3,0.0,,,
3616,3.9000,-0.1182,0.2250,3.001,black,1.000,51.49,1,1,1,0,12.70,2,3.2,60|61,3614,3614
3617,3.9080,-0.1127,-0.0113,3.002,good,0.012,4.17,0,0,0,0,10.86,3,0.0,,,
3618,3.9080,-0.1125,-0.0448,2.985,good,0.416,2.78,0,0,0,0,11.20,3,0.0,,,
3619,3.9080,-0.1126,0.1124,3.009,black,1.000,52.57,1,1,1,0,10.67,3,3.2,46,3613,
3620,3.9080,-0.1111,0.0872,2.758,good,0.174,5.97,0,0,0,0,16.56,3,0.0,,,
3623,3.9080,-0.1184,-0.1309,3.000,good,0.011,2.00,0,0,0,0,12.80,2,0.0,,,
3621,3.9120,-0.1144,-0.0720,3.041,good,0.004,3.45,0,0,0,0,10.52,3,0.0,,,
3622,3.9120,-0.1156,0.0220,2.686,broken,0.891,2.12,1,1,1,0,20.26,3,2.4,34|35,3616,
3625,3.9120,-0.1165,0.0626,3.095,good,0.157,4.19,0,0,0,0,9.97,2,0.0,,,
3624,3.9160,-0.1107,0.2191,2.786,good,0.001,13.19,0,0,0,0,15.63,3,0.0,,,
3629,3.9160,-0.1172,-0.0167,2.995,good,0.052,8.51,0,0,0,0,12.51,2,0.0,,,
3626,3.9200,-0.1154,-0.0353,3.041,shell,1.000,4.68,1,1,1,0,10.84,3,2.4,27,3615,
3627,3.9200,-0.1115,-0.0755,2.945,broken,0.999,5.01,1,1,1,0,11.82,3,2.4,22,3624,3624
3628,3.9200,-0.1106,0.0061,2.995,good,0.002,2.77,0,0,0,0,10.30,3,0.0,,,
3632,3.9200,-0.1146,0.0488,2.880,broken,0.533,4.12,1,1,1,0,14.50,2,2.4,38,3599|3607,3607
3635,3.9200,-0.1009,0.2237,3.000,good,0.010,5.09,0,0,0,0,6.96,1,0.0,,,
3630,3.9240,-0.1145,-0.0997,3.217,broken,0.952,4.44,1,1,1,0,6.66,3,2.4,19,3621,
3631,3.9240,-0.1104,-0.0909,2.682,broken,0.771,2.96,1,1,0,0,18.44,3,2.4,20,3617,
3633,3.9280,-0.1158,-0.0275,3.058,good,0.092,4.71,0,0,0,0,10.55,3,0.0,,,
3634,3.9280,-0.1095,-0.2152,2.862,shell,0.667,4.99,1,1,0,0,13.18,3,2.4,4,3639,
3639,3.9280,-0.1181,0.0425,3.001,faded,0.727,5.46,1,1,0,0,12.66,2,3.2,37,3647,
3636,3.9320,-0.1146,0.1998,3.096,good,0.001,2.76,0,0,0,0,9.29,3,0.0,,,
3637,3.9320,-0.1104,-0.2373,2.986,broken,0.993,3.00,1,1,0,0,10.44,3,2.4,1,3645,
3638,3.9320,-0.1090,-0.1622,3.096,broken,0.973,3.09,1,1,0,0,7.51,3,2.4,11,3627,
3640,3.9360,-0.1400,-0.0763,3.000,good,0.378,4.52,0,0,0,0,12.01,1,0.0,,,
3641,3.9360,-0.1151,0.0898,2.932,good,0.022,7.70,0,0,0,0,13.35,3,0.0,,,
3642,3.9360,-0.1091,0.1382,3.074,broken,0.986,2.76,1,1,0,0,8.02,3,2.4,49,3619,
3645,3.9360,-0.1187,0.1080,2.992,good,0.212,3.23,0,0,0,0,13.11,2,0.0,,,
3646,3.9360,-0.1259,-0.0731,3.000,broken,0.512,4.31,1,1,0,0,11.29,1,2.4,22,,
3649,3.9360,-0.1118,-0.0699,3.000,good,0.237,4.33,0,0,0,0,10.59,1,0.0,,,
3643,3.9400,-0.1112,0.0580,3.000,good,0.420,4.45,0,0,0,0,10.42,3,0.0,,,
3644,3.9400,-0.1101,0.2294,3.001,good,0.000,3.01,0,0,0,0,10.00,3,0.0,,,
3647,3.9440,-0.1145,-0.1161,2.972,good,0.044,3.55,0,0,0,0,12.17,3,0.0,,,
3648,3.9440,-0.1093,-0.1445,3.021,good,0.226,2.44,0,0,0,0,9.29,3,0.0,,,
3655,3.9440,-0.1174,0.0874,2.920,faded,0.615,11.35,1,1,0,0,14.46,2,3.1,43|42,3625|3635|3654,
3650,3.9480,-0.1162,0.1769,3.032,good,0.079,7.40,0,0,0,0,11.29,3,0.0,,,
3651,3.9480,-0.1122,-0.2317,3.201,good,0.036,2.58,0,0,0,0,6.29,3,0.0,,,
3652,3.9480,-0.1135,-0.1394,2.984,good,0.387,4.40,0,0,0,0,11.56,3,0.0,,,
3653,3.9480,-0.1137,0.1342,2.994,shell,0.953,6.43,1,1,0,0,11.36,3,2.4,49|48,3655,
3654,3.9480,-0.1124,-0.0268,3.001,good,0.317,3.17,0,0,0,0,10.78,3,0.0,,,
3656,3.9480,-0.1325,0.1149,3.000,good,0.275,2.44,0,0,0,0,9.48,1,0.0,,,
3660,3.9480,-0.1192,-0.0974,3.450,good,0.002,2.57,0,0,0,0,3.54,2,0.0,,,
3662,3.9480,-0.1191,-0.0554,3.039,faded,0.964,4.41,1,1,0,0,12.12,2,3.1,24|25,3680,
3663,3.9480,-0.1168,-0.1085,2.986,black,1.000,46.73,1,1,0,0,12.59,2,3.2,18|17,3664,
3664,3.9480,-0.1204,0.1187,3.000,good,0.078,2.05,0,0,0,0,9.48,1,0.0,,,
3670,3.9480,-0.1193,0.0534,3.000,good,0.015,5.54,0,0,0,0,13.09,1,0.0,,,
3671,3.9480,-0.1084,0.1226,3.000,broken,0.976,2.56,1,1,0,0,9.47,1,2.4,47,3638,
3657,3.9520,-0.1149,-0.0073,2.997,shell,0.968,4.10,1,1,0,0,11.72,3,2.4,31|30,3628,
3658,3.9520,-0.1145,-0.0888,2.961,faded,0.991,4.36,1,1,0,0,12.46,3,3.2,20,3643,
3659,3.9520,-0.1146,-0.0281,2.788,good,0.286,4.32,0,0,0,0,16.96,3,0.0,,,
3661,3.9520,-0.1329,0.0564,3.000,good,0.056,5.66,0,0,0,0,9.63,1,0.0,,,
3668,3.9520,-0.1179,-0.1693,3.205,good,0.005,3.49,0,0,0,0,7.99,2,0.0,,,
3669,3.9520,-0.1143,0.1552,3.450,husk,0.996,12.90,1,1,0,0,2.11,2,2.4,51|52,3696,
3675,3.9520,-0.1056,0.0503,3.000,good,0.010,5.64,0,0,0,0,8.54,1,0.0,,,
3665,3.9560,-0.1097,0.0657,3.046,good,0.005,3.33,0,0,0,0,8.84,3,0.0,,,
3666,3.9560,-0.1095,-0.1927,2.984,good,0.006,2.88,0,0,0,0,10.19,3,0.0,,,
3667,3.9560,-0.1131,0.1382,2.462,good,0.030,3.97,0,0,0,0,26.58,3,0.0,,,
3674,3.9560,-0.1178,-0.1014,2.998,good,0.484,6.46,0,0,0,0,12.65,2,0.0,,,
3680,3.9560,-0.0999,0.1594,3.000,husk,0.971,11.76,1,1,0,0,6.63,1,2.4,52,3696,
3672,3.9600,-0.1108,0.2106,3.001,good,0.003,3.69,0,0,0,0,10.24,3,0.0,,,
3673,3.9600,-0.1086,-0.1894,2.992,good,0.232,5.14,0,0,0,0,9.74,3,0.0,,,
3679,3.9600,-0.1170,0.1286,3.072,good,0.011,3.01,0,0,0,0,10.65,2,0.0,,,
3676,3.9640,-0.1152,0.1053,2.999,good,0.022,2.98,0,0,0,0,11.73,3,0.0,,,
3677,3.9640,-0.1139,-0.2183,3.014,good,0.006,2.74,0,0,0,0,10.97,3,0.0,,,
3678,3.9640,-0.1131,-0.2279,3.005,good,0.039,3.70,0,0,0,0,10.93,3,0.0,,,
3681,3.9640,-0.1197,0.1880,3.028,good,0.001,3.13,0,0,0,0,12.54,2,0.0,,,
3682,3.9640,-0.1172,0.2347,3.021,good,0.210,3.89,0,0,0,0,11.89,2,0.0,,,
3683,3.9720,-0.1148,-0.0528,2.999,broken,0.596,3.23,1,1,0,0,11.61,3,2.4,25,3675,
3684,3.9720,-0.1182,0.2027,2.531,good,0.023,4.06,0,0,0,0,26.21,3,0.0,,,
3685,3.9720,-0.1107,0.0277,3.014,good,0.020,2.99,0,0,0,0,9.92,3,0.0,,,
3688,3.9720,-0.1177,-0.1829,3.057,broken,0.594,4.32,1,1,0,0,11.22,2,2.4,8,3672,
3686,3.9760,-0.1134,-0.1526,2.983,broken,0.999,4.00,1,1,0,0,11.52,3,2.4,12,3688,
3687,3.9760,-0.1102,0.1326,2.778,good,0.003,1.90,0,0,0,0,15.66,3,0.0,,,
3692,3.9760,-0.1164,0.0666,3.002,faded,0.829,3.88,1,1,0,0,12.07,2,3.2,40,3662,
3689,3.9800,-0.1138,0.0384,3.000,good,0.090,2.95,0,0,0,0,11.29,3,0.0,,,
3690,3.9800,-0.1109,-0.1228,3.045,sour,1.000,11.96,1,1,0,0,9.27,3,3.2,16,3670,
3691,3.9800,-0.1105,0.0910,3.001,broken,0.850,4.43,1,1,0,0,10.13,3,2.4,43,3663,
3694,3.9800,-0.1200,-0.0359,3.002,broken,0.755,3.74,1,1,0,0,13.29,2,2.4,27,3676,
3695,3.9800,-0.1177,-0.0508,3.000,good,0.001,3.16,0,0,0,0,12.58,2,0.0,,,
3696,3.9800,-0.1197,-0.0734,2.775,broken,0.994,4.25,1,1,0,0,19.16,2,2.4,22,3673,
3693,3.9840,-0.1157,0.0765,2.997,good,0.267,3.38,0,0,0,0,11.99,3,0.0,,,
3700,3.9840,-0.1155,0.1471,3.019,good,0.008,2.18,0,0,0,0,11.37,2,0.0,,,
3704,3.9840,-0.1085,-0.0769,3.000,broken,0.995,4.13,1,1,0,0,9.51,1,2.4,22|21,3673,
3697,3.9880,-0.1139,0.1419,2.858,good,0.004,2.19,0,0,0,0,14.85,3,0.0,,,
3698,3.9880,-0.1133,-0.0461,2.947,good,0.211,2.40,0,0,0,0,12.36,3,0.0,,,
3699,3.9880,-0.1129,-0.1074,2.608,broken,0.975,3.99,1,1,0,0,21.65,3,2.4,18,3661,
3702,3.9880,-0.1175,0.1828,2.991,faded,1.000,5.66,1,1,0,0,12.72,2,3.2,55,3689,
3703,3.9880,-0.1150,-0.0701,3.226,broken,0.822,3.11,1,1,0,0,6.64,2,2.4,23|22,3699,
3705,3.9880,-0.1038,0.0733,3.000,good,0.048,3.57,0,0,0,0,7.92,1,0.0,,,
3701,3.9920,-0.1140,0.2239,2.823,good,0.034,4.20,0,0,0,0,15.81,3,0.0,,,
3708,3.9960,-0.1163,0.1637,2.977,broken,0.800,5.38,1,1,0,0,12.64,2,2.4,52|53,3690|3700,
3709,3.9960,-0.1152,-0.1015,2.962,good,0.002,2.45,0,0,0,0,12.66,2,0.0,,,
3710,3.9960,-0.1177,0.0231,2.971,good,0.039,4.31,0,0,0,0,13.27,2,0.0,,,
