tid,t,x,y,v,cls,p_reject,anomaly,reject,scheduled,activated,late,headroom_ms,n_obs,pulse_ms,nozzles,target_uids,own_hit_uids
0,0.2880,-0.1220,0.1245,3.000,husk,1.000,11.12,1,1,1,0,10.00,1,2.4,47|48,,
2,0.2880,-0.1021,0.1244,3.000,husk,1.000,11.14,1,1,1,0,7.38,1,2.4,47|48,84,
1,0.2920,-0.1172,-0.2004,3.009,insect,1.000,3.23,1,1,1,0,12.17,2,3.1,6,6,6
4,0.2960,-0.1168,0.0681,3.002,good,0.000,2.85,0,0,0,0,12.23,2,0.0,,,
3,0.3000,-0.1250,-0.0400,3.018,husk,0.904,12.29,1,1,1,0,10.54,2,2.4,26|27,,
11,0.3000,-0.1144,-0.0346,3.000,husk,1.000,11.87,1,1,1,0,11.47,1,2.4,27,23,
12,0.3000,-0.1107,-0.0463,3.000,good,0.025,4.63,0,0,0,0,10.22,1,0.0,,,
5,0.3040,-0.1149,-0.0865,2.842,good,0.004,4.47,0,0,0,0,15.59,3,0.0,,,
6,0.3040,-0.1138,0.2298,3.046,good,0.001,5.04,0,0,0,0,10.20,3,0.0,,,
7,0.3040,-0.1097,-0.1233,3.031,sour,1.000,16.41,1,1,1,0,9.17,3,3.2,16,5,
8,0.3040,-0.1199,-0.0016,3.015,good,0.000,4.71,0,0,0,0,12.93,2,0.0,,,
10,0.3040,-0.1200,0.0393,2.999,broken,0.991,2.82,1,1,1,0,13.34,2,2.4,37|36,10,10
9,0.3080,-0.1087,-0.1129,2.972,good,0.000,1.74,0,0,0,0,10.23,3,0.0,,,
18,0.3080,-0.1200,0.0007,3.025,good,0.000,2.38,0,0,0,0,12.72,2,0.0,,,
19,0.3080,-0.1172,0.1661,2.998,good,0.000,2.83,0,0,0,0,12.45,2,0.0,,,
13,0.3120,-0.1153,0.2409,2.948,good,0.017,4.65,0,0,0,0,13.02,3,0.0,,,
14,0.3120,-0.1132,-0.1771,3.012,good,0.124,7.19,0,0,0,0,10.80,3,0.0,,,
15,0.3120,-0.1146,-0.1646,2.932,good,0.000,2.59,0,0,0,0,13.20,3,0.0,,,
16,0.3120,-0.1164,0.0687,2.439,good,0.000,8.45,0,0,0,0,28.70,3,0.0,,,
17,0.3120,-0.1082,-0.0988,2.994,faded,0.816,6.57,1,1,1,0,9.53,3,3.2,19,17,17
23,0.3160,-0.1174,0.1651,3.119,good,0.000,2.37,0,0,0,0,9.70,2,0.0,,,
25,0.3160,-0.1066,0.0718,3.000,good,0.000,8.43,0,0,0,0,8.87,1,0.0,,,
20,0.3200,-0.1084,0.1873,3.338,good,0.001,5.35,0,0,0,0,2.43,3,0.0,,,
21,0.3200,-0.1103,0.2239,3.094,good,0.001,4.99,0,0,0,0,7.98,3,0.0,,,
22,0.3200,-0.1088,-0.1456,3.002,good,0.000,2.14,0,0,0,0,9.56,3,0.0,,,
24,0.3240,-0.1154,-0.0547,2.998,good,0.000,1.92,0,0,0,0,11.84,3,0.0,,,
30,0.3240,-0.1188,-0.1718,3.003,good,0.000,2.84,0,0,0,0,12.86,2,0.0,,,
31,0.3240,-0.1183,0.1453,3.043,good,0.009,3.21,0,0,0,0,11.74,2,0.0,,,
32,0.3240,-0.1177,0.0360,3.031,good,0.000,2.60,0,0,0,0,11.82,2,0.0,,,
33,0.3240,-0.1168,-0.0386,2.888,good,0.000,3.11,0,0,0,0,15.08,2,0.0,,,
26,0.3280,-0.1146,-0.1924,3.007,good,0.000,4.22,0,0,0,0,11.37,3,0.0,,,
27,0.3280,-0.1115,0.2136,3.057,good,0.000,3.19,0,0,0,0,9.18,3,0.0,,,
28,0.3280,-0.1120,-0.1123,2.941,good,0.000,2.19,0,0,0,0,12.07,3,0.0,,,
29,0.3280,-0.1093,-0.0623,2.999,good,0.000,2.60,0,0,0,0,9.80,3,0.0,,,
36,0.3280,-0.1165,0.0448,3.143,good,0.006,4.09,0,0,0,0,8.88,2,0.0,,,
34,0.3320,-0.1125,-0.1904,3.111,good,0.001,2.55,0,0,0,0,8.30,3,0.0,,,
35,0.3320,-0.1122,0.0063,3.002,good,0.000,2.93,0,0,0,0,10.67,3,0.0,,,
37,0.3360,-0.1161,0.1209,3.003,good,0.000,2.11,0,0,0,0,11.95,3,0.0,,,
38,0.3360,-0.1132,-0.0552,3.305,good,0.000,3.64,0,0,0,0,4.50,3,0.0,,,
39,0.3360,-0.1147,0.0978,3.102,good,0.004,7.02,0,0,0,0,9.23,3,0.0,,,
40,0.3360,-0.1111,0.0564,3.001,good,0.002,2.77,0,0,0,0,10.33,3,0.0,,,
43,0.3360,-0.1191,0.2158,2.840,good,0.000,2.59,0,0,0,0,17.15,2,0.0,,,
41,0.3400,-0.1120,-0.0499,3.001,insect,1.000,9.27,1,1,1,0,10.67,3,3.1,25,39,39
42,0.3400,-0.1084,-0.1687,3.085,good,0.002,2.12,0,0,0,0,7.56,3,0.0,,,
46,0.3400,-0.1186,-0.0085,3.012,good,0.000,1.42,0,0,0,0,12.58,2,0.0,,,
47,0.3400,-0.1000,-0.0582,3.000,good,0.000,3.59,0,0,0,0,6.66,1,0.0,,,
44,0.3440,-0.1105,-0.0497,2.988,good,0.000,2.95,0,0,0,0,10.45,3,0.0,,,
45,0.3440,-0.1087,0.1153,3.002,good,0.000,1.58,0,0,0,0,9.53,3,0.0,,,
50,0.3480,-0.1190,0.1483,3.005,good,0.000,2.95,0,0,0,0,12.89,2,0.0,,,
51,0.3480,-0.1194,-0.0566,3.027,good,0.010,3.34,0,0,0,0,12.49,2,0.0,,,
52,0.3480,-0.1165,-0.1995,2.995,good,0.000,1.68,0,0,0,0,12.31,2,0.0,,,
48,0.3520,-0.1174,-0.1005,2.842,good,0.001,3.02,0,0,0,0,16.49,3,0.0,,,
49,0.3520,-0.1100,0.2393,2.989,good,0.000,2.29,0,0,0,0,10.27,3,0.0,,,
55,0.3520,-0.1188,-0.0645,3.008,good,0.000,4.43,0,0,0,0,12.74,2,0.0,,,
56,0.3520,-0.1158,0.1787,3.006,good,0.000,2.44,0,0,0,0,11.77,2,0.0,,,
53,0.3560,-0.1172,-0.2031,2.807,good,0.001,3.38,0,0,0,0,17.38,3,0.0,,,
54,0.3560,-0.1087,0.1666,3.003,good,0.000,2.56,0,0,0,0,9.52,3,0.0,,,
58,0.3560,-0.1199,0.0826,2.997,good,0.000,3.04,0,0,0,0,13.36,2,0.0,,,
59,0.3560,-0.1193,0.1961,2.992,good,0.000,2.50,0,0,0,0,13.30,2,0.0,,,
57,0.3600,-0.1138,0.0767,3.146,good,0.000,2.50,0,0,0,0,7.98,3,0.0,,,
63,0.3600,-0.1196,0.0651,3.005,good,0.000,2.75,0,0,0,0,13.08,2,0.0,,,
64,0.3600,-0.1190,0.1438,3.002,good,0.000,2.25,0,0,0,0,12.96,2,0.0,,,
60,0.3640,-0.1154,0.2229,2.898,good,0.000,2.27,0,0,0,0,14.33,3,0.0,,,
61,0.3640,-0.1135,0.1927,3.008,good,0.004,4.38,0,0,0,0,10.99,3,0.0,,,
62,0.3640,-0.1103,-0.0670,3.003,good,0.011,3.19,0,0,0,0,10.02,3,0.0,,,
67,0.3640,-0.1179,0.0061,2.999,good,0.000,3.79,0,0,0,0,12.65,2,0.0,,,
65,0.3680,-0.1086,-0.1171,3.257,good,0.008,2.14,0,0,0,0,4.06,3,0.0,,,
66,0.3680,-0.1107,-0.0609,3.002,insect,1.000,8.02,1,1,1,0,10.17,3,3.1,24,69,69
69,0.3680,-0.1195,0.1957,3.008,good,0.000,2.86,0,0,0,0,12.98,2,0.0,,,
70,0.3680,-0.1181,-0.0545,3.017,good,0.001,1.86,0,0,0,0,12.30,2,0.0,,,
71,0.3680,-0.1158,0.0313,2.972,good,0.000,3.36,0,0,0,0,12.62,2,0.0,,,
68,0.3720,-0.1140,0.0050,2.998,good,0.000,2.69,0,0,0,0,11.37,3,0.0,,,
74,0.3720,-0.1187,0.1709,2.999,good,0.000,2.10,0,0,0,0,12.91,2,0.0,,,
72,0.3760,-0.1132,0.0846,3.275,good,0.000,3.21,0,0,0,0,5.09,3,0.0,,,
73,0.3760,-0.1140,0.0206,2.954,good,0.002,2.46,0,0,0,0,12.44,3,0.0,,,
78,0.3760,-0.1098,0.0948,3.019,stick,1.000,70.73,1,1,1,0,9.49,2,2.4,44|43,80,
75,0.3800,-0.1105,-0.1504,2.974,good,0.001,3.04,0,0,0,0,10.80,3,0.0,,,
76,0.3800,-0.1112,0.1072,2.997,good,0.000,2.09,0,0,0,0,10.47,3,0.0,,,
77,0.3800,-0.1108,0.1361,2.648,good,0.001,1.60,0,0,0,0,19.61,3,0.0,,,
82,0.3800,-0.1190,0.0331,3.001,good,0.000,3.10,0,0,0,0,12.97,2,0.0,,,
83,0.3800,-0.1182,0.2396,2.873,good,0.031,10.47,0,0,0,0,15.95,2,0.0,,,
84,0.3800,-0.1170,-0.0324,2.996,broken,1.000,2.20,1,1,1,0,12.44,2,2.4,27|28,79,79
79,0.3840,-0.1120,-0.1018,3.150,good,0.036,4.25,0,0,0,0,7.31,3,0.0,,,
80,0.3840,-0.1104,-0.0837,3.004,good,0.078,3.27,0,0,0,0,10.03,3,0.0,,,
81,0.3840,-0.1080,-0.2063,3.086,good,0.001,4.13,0,0,0,0,7.38,3,0.0,,,
88,0.3840,-0.1200,-0.0084,2.992,good,0.033,8.25,0,0,0,0,13.52,2,0.0,,,
89,0.3840,-0.1197,0.2052,3.001,good,0.001,5.25,0,0,0,0,13.19,2,0.0,,,
90,0.3840,-0.1168,-0.2223,2.849,good,0.000,2.23,0,0,0,0,16.11,2,0.0,,,
85,0.3880,-0.1275,-0.2011,2.801,faded,0.990,3.94,1,1,1,0,17.23,2,3.2,6,109,
86,0.3880,-0.1171,0.1708,2.699,good,0.000,2.93,0,0,0,0,20.45,3,0.0,,,
87,0.3880,-0.1094,-0.1295,3.349,good,0.000,3.49,0,0,0,0,2.53,3,0.0,,,
95,0.3880,-0.1163,-0.1975,3.000,faded,0.988,3.83,1,1,1,0,12.10,1,3.2,6,88,
91,0.3920,-0.1122,-0.1408,3.001,good,0.000,2.43,0,0,0,0,10.70,3,0.0,,,
92,0.3920,-0.1098,0.0376,3.168,good,0.000,4.03,0,0,0,0,6.21,3,0.0,,,
94,0.3920,-0.1181,-0.1992,3.331,good,0.005,3.22,0,0,0,0,5.48,2,0.0,,,
93,0.3960,-0.1128,-0.1735,3.007,good,0.000,2.00,0,0,0,0,10.77,3,0.0,,,
96,0.4000,-0.1152,0.0947,3.000,good,0.000,4.51,0,0,0,0,11.75,3,0.0,,,
97,0.4000,-0.1136,-0.0604,3.030,good,0.001,1.92,0,0,0,0,10.50,3,0.0,,,
98,0.4000,-0.1138,-0.1865,2.999,good,0.000,2.39,0,0,0,0,11.28,3,0.0,,,
99,0.4000,-0.1129,-0.0079,2.995,good,0.000,4.13,0,0,0,0,11.10,3,0.0,,,
100,0.4000,-0.1117,0.1450,3.007,good,0.129,4.34,0,0,0,0,10.41,3,0.0,,,
101,0.4000,-0.1086,-0.2300,3.007,good,0.000,3.55,0,0,0,0,9.36,3,0.0,,,
105,0.4000,-0.1192,0.1971,2.995,good,0.000,3.40,0,0,0,0,13.18,2,0.0,,,
102,0.4040,-0.1148,0.0741,2.922,faded,0.701,3.66,1,1,1,0,13.51,3,3.2,41,82,82
103,0.4040,-0.1128,-0.0749,2.994,good,0.000,2.43,0,0,0,0,11.06,3,0.0,,,
104,0.4040,-0.1125,0.0588,3.028,faded,0.989,3.83,1,1,1,0,10.18,3,3.2,39,107,
108,0.4040,-0.1195,-0.1243,2.974,good,0.000,2.95,0,0,0,0,13.78,2,0.0,,,
106,0.4080,-0.1139,-0.0718,3.014,faded,0.800,4.08,1,1,1,0,10.98,3,3.2,22|23,92,92
107,0.4080,-0.1122,-0.0907,2.989,insect,1.000,8.40,1,1,1,0,10.99,3,3.1,20,121,121
111,0.4080,-0.1187,0.1428,2.891,good,0.000,5.31,0,0,0,0,15.63,2,0.0,,,
112,0.4080,-0.1155,0.0149,2.999,good,0.001,3.37,0,0,0,0,11.85,2,0.0,,,
109,0.4120,-0.1104,0.1989,2.998,good,0.002,3.31,0,0,0,0,10.16,3,0.0,,,
110,0.4120,-0.1128,0.0510,2.722,good,0.002,2.82,0,0,0,0,18.17,3,0.0,,,
116,0.4120,-0.1199,-0.0652,3.048,good,0.003,4.00,0,0,0,0,12.13,2,0.0,,,
117,0.4120,-0.1181,-0.1078,3.013,good,0.000,4.68,0,0,0,0,12.38,2,0.0,,,
113,0.4160,-0.1139,-0.0314,2.870,husk,1.000,10.16,1,1,1,0,14.52,3,2.4,27|28,130,
114,0.4160,-0.1129,0.1541,3.000,good,0.018,2.57,0,0,0,0,10.98,3,0.0,,,
115,0.4160,-0.1098,-0.1359,3.005,good,0.020,2.13,0,0,0,0,9.82,3,0.0,,,
118,0.4160,-0.1190,0.0504,3.034,good,0.000,2.38,0,0,0,0,12.19,2,0.0,,,
119,0.4160,-0.1177,0.2046,3.048,good,0.000,3.11,0,0,0,0,11.43,2,0.0,,,
120,0.4160,-0.1171,0.1273,2.979,good,0.000,2.63,0,0,0,0,12.88,2,0.0,,,
121,0.4200,-0.1173,-0.0914,3.000,good,0.000,2.86,0,0,0,0,12.44,2,0.0,,,
124,0.4200,-0.1069,0.0459,3.000,good,0.000,1.99,0,0,0,0,8.96,1,0.0,,,
122,0.4280,-0.1135,0.2347,2.863,broken,0.528,3.62,1,1,1,0,14.56,3,2.4,62|61,122,122
123,0.4280,-0.1086,-0.0506,2.994,good,0.000,1.79,0,0,0,0,9.65,3,0.0,,,
128,0.4280,-0.1179,0.0509,3.048,good,0.000,2.83,0,0,0,0,11.50,2,0.0,,,
129,0.4280,-0.1164,-0.0952,3.001,good,0.000,1.77,0,0,0,0,12.11,2,0.0,,,
130,0.4280,-0.1159,0.1390,2.995,faded,0.674,2.87,1,1,1,0,12.10,2,3.2,49,136,136
131,0.4280,-0.1133,0.1675,3.450,husk,0.997,10.35,1,1,1,0,1.84,2,2.4,53,186,
125,0.4320,-0.1105,-0.2049,3.097,good,0.008,2.97,0,0,0,0,7.98,3,0.0,,,
126,0.4320,-0.1346,-0.0452,3.000,good,0.005,6.47,0,0,0,0,10.21,1,0.0,,,
127,0.4320,-0.1109,0.0828,3.001,good,0.000,4.61,0,0,0,0,10.27,3,0.0,,,
136,0.4320,-0.1196,-0.0917,3.006,good,0.000,2.90,0,0,0,0,13.04,2,0.0,,,
137,0.4320,-0.1138,-0.0392,2.687,good,0.000,2.80,0,0,0,0,19.60,2,0.0,,,
138,0.4320,-0.1116,-0.0490,2.801,good,0.000,2.80,0,0,0,0,15.53,2,0.0,,,
132,0.4360,-0.1149,-0.0053,2.924,good,0.007,3.20,0,0,0,0,13.50,3,0.0,,,
133,0.4360,-0.1143,0.0445,3.001,good,0.000,3.14,0,0,0,0,11.40,3,0.0,,,
134,0.4360,-0.1131,0.1346,3.003,good,0.000,4.26,0,0,0,0,10.96,3,0.0,,,
135,0.4360,-0.1145,0.1586,2.517,sour,1.000,15.26,1,1,1,0,25.22,3,3.2,52,135,
143,0.4360,-0.1161,-0.0486,2.991,good,0.007,2.49,0,0,0,0,12.24,2,0.0,,,
147,0.4360,-0.1031,-0.0362,3.000,good,0.000,2.82,0,0,0,0,7.71,1,0.0,,,
139,0.4400,-0.1141,-0.1675,3.001,sour,1.000,17.07,1,1,1,0,11.37,3,3.2,10,138,
140,0.4400,-0.1116,0.1853,2.848,stick,0.999,20.97,1,1,1,0,14.31,3,2.4,55,131|145,
141,0.4400,-0.1142,0.1590,3.002,sour,1.000,29.47,1,1,1,0,11.35,3,3.2,52,125,125
142,0.4400,-0.1100,-0.1487,2.981,good,0.002,2.78,0,0,0,0,10.44,3,0.0,,,
146,0.4400,-0.1159,-0.1943,2.997,good,0.172,3.36,0,0,0,0,12.05,2,0.0,,,
144,0.4440,-0.1173,0.1403,2.662,good,0.002,3.26,0,0,0,0,21.64,3,0.0,,,
145,0.4440,-0.1095,-0.2274,2.846,good,0.000,3.13,0,0,0,0,13.62,3,0.0,,,
148,0.4480,-0.1152,0.1636,2.993,good,0.047,2.83,0,0,0,0,11.92,3,0.0,,,
149,0.4480,-0.1182,0.1881,2.525,good,0.000,6.65,0,0,0,0,26.41,3,0.0,,,
154,0.4480,-0.1190,0.0561,2.807,good,0.001,2.41,0,0,0,0,18.00,2,0.0,,,
155,0.4480,-0.1162,0.1182,2.999,good,0.007,2.88,0,0,0,0,12.12,2,0.0,,,
156,0.4480,-0.1143,0.2311,3.411,good,0.001,9.20,0,0,0,0,2.84,2,0.0,,,
150,0.4520,-0.1123,0.1505,3.200,faded,0.609,3.97,1,1,1,0,6.34,3,3.2,51,154,154
151,0.4520,-0.1115,0.1637,3.003,good,0.000,2.06,0,0,0,0,10.42,3,0.0,,,
152,0.4520,-0.1352,0.1848,3.000,good,0.000,2.00,0,0,0,0,10.39,1,0.0,,,
153,0.4520,-0.1091,0.0006,2.757,sour,1.000,16.22,1,1,1,0,15.84,3,3.2,32|31,156,
160,0.4520,-0.1192,-0.1231,3.002,good,0.000,4.10,0,0,0,0,13.03,2,0.0,,,
161,0.4520,-0.1183,-0.1983,3.005,sour,1.000,18.41,1,1,1,0,12.64,2,3.2,6,140,140
157,0.4560,-0.1145,0.0314,2.999,good,0.000,2.38,0,0,0,0,11.54,3,0.0,,,
158,0.4560,-0.1136,0.1254,3.043,good,0.000,2.10,0,0,0,0,10.20,3,0.0,,,
159,0.4560,-0.1116,0.1945,3.009,good,0.000,2.41,0,0,0,0,10.32,3,0.0,,,
164,0.4560,-0.1188,0.0978,2.074,good,0.080,7.01,0,0,0,0,45.46,2,0.0,,,
165,0.4560,-0.1178,0.1894,2.998,good,0.000,2.62,0,0,0,0,12.64,2,0.0,,,
171,0.4560,-0.1101,0.0953,3.000,good,0.001,2.95,0,0,0,0,10.03,1,0.0,,,
162,0.4600,-0.1141,-0.0993,2.984,good,0.000,4.52,0,0,0,0,11.75,3,0.0,,,
163,0.4600,-0.1082,-0.0476,3.001,good,0.000,3.22,0,0,0,0,9.38,3,0.0,,,
170,0.4600,-0.1170,-0.1628,2.999,good,0.001,2.01,0,0,0,0,12.35,2,0.0,,,
166,0.4640,-0.1095,-0.0124,3.026,good,0.000,3.01,0,0,0,0,9.25,3,0.0,,,
167,0.4640,-0.1095,-0.1302,2.986,faded,1.000,6.92,1,1,1,0,10.17,3,3.2,15,178,178
168,0.4640,-0.1108,-0.0751,3.002,good,0.000,2.73,0,0,0,0,10.21,3,0.0,,,
169,0.4640,-0.1088,0.2043,2.996,good,0.001,9.01,0,0,0,0,9.68,3,0.0,,,
175,0.4640,-0.1189,-0.0214,3.300,stone,1.000,19.32,1,1,1,0,6.33,2,9.1,29|28|30,163,163
176,0.4640,-0.1156,0.0675,3.014,good,0.000,5.60,0,0,0,0,11.51,2,0.0,,,
172,0.4680,-0.1149,-0.1438,3.018,good,0.000,1.95,0,0,0,0,11.21,3,0.0,,,
173,0.4680,-0.1116,0.0553,2.998,broken,0.999,2.59,1,1,1,0,10.57,3,2.4,39|38,159,159
174,0.4680,-0.1095,-0.1647,2.996,good,0.001,2.22,0,0,0,0,9.92,3,0.0,,,
177,0.4720,-0.1142,0.2201,3.015,good,0.000,2.04,0,0,0,0,11.04,3,0.0,,,
178,0.4720,-0.1079,-0.0134,3.310,good,0.000,3.31,0,0,0,0,2.82,3,0.0,,,
180,0.4760,-0.1194,0.0428,2.998,good,0.000,2.49,0,0,0,0,13.20,2,0.0,,,
181,0.4760,-0.1173,-0.1963,2.971,good,0.001,2.15,0,0,0,0,13.14,2,0.0,,,
179,0.4800,-0.1149,-0.1102,3.000,good,0.000,2.27,0,0,0,0,11.64,3,0.0,,,
182,0.4840,-0.1208,-0.0513,2.515,broken,0.982,3.94,1,1,1,0,23.79,2,2.4,25,,
187,0.4840,-0.1179,-0.0749,3.016,good,0.005,3.11,0,0,0,0,12.27,2,0.0,,,
188,0.4840,-0.1197,-0.0153,3.000,good,0.000,2.87,0,0,0,0,13.24,2,0.0,,,
189,0.4840,-0.1195,0.0915,3.009,good,0.000,3.74,0,0,0,0,12.95,2,0.0,,,
193,0.4840,-0.1107,-0.0557,3.000,broken,0.999,3.90,1,1,1,0,10.24,1,2.4,24|25,174,
183,0.4880,-0.1140,-0.0390,3.000,good,0.000,2.21,0,0,0,0,11.34,3,0.0,,,
184,0.4880,-0.1099,-0.2401,2.987,good,0.001,3.02,0,0,0,0,10.26,3,0.0,,,
185,0.4880,-0.1095,0.1840,3.009,good,0.041,3.49,0,0,0,0,9.63,3,0.0,,,
186,0.4880,-0.1098,-0.1616,2.995,good,0.000,2.73,0,0,0,0,10.06,3,0.0,,,
192,0.4880,-0.1172,-0.1164,2.998,good,0.000,2.85,0,0,0,0,12.46,2,0.0,,,
190,0.4920,-0.1151,0.0854,2.996,good,0.001,2.55,0,0,0,0,11.79,3,0.0,,,
191,0.4920,-0.1116,0.2124,3.002,good,0.000,3.51,0,0,0,0,10.50,3,0.0,,,
197,0.4920,-0.1178,-0.0306,3.000,good,0.002,2.08,0,0,0,0,12.60,2,0.0,,,
198,0.4920,-0.1157,0.1721,3.182,good,0.000,2.58,0,0,0,0,7.78,2,0.0,,,
194,0.4960,-0.1114,0.1369,3.080,good,0.000,2.72,0,0,0,0,8.64,3,0.0,,,
195,0.4960,-0.1118,0.1050,2.891,good,0.000,3.01,0,0,0,0,13.28,3,0.0,,,
196,0.4960,-0.1083,-0.2068,3.001,good,0.191,3.39,0,0,0,0,9.42,3,0.0,,,
210,0.4960,-0.1029,0.1763,3.000,good,0.000,3.10,0,0,0,0,7.65,1,0.0,,,
199,0.5000,-0.1140,-0.0282,3.143,faded,0.999,4.29,1,1,1,0,8.08,3,3.2,28,195,195
200,0.5000,-0.1383,-0.1997,3.000,good,0.000,3.08,0,0,0,0,11.44,1,0.0,,,
201,0.5000,-0.1125,-0.1390,2.995,good,0.002,1.98,0,0,0,0,10.96,3,0.0,,,
202,0.5000,-0.1105,-0.0107,3.001,good,0.001,2.23,0,0,0,0,10.16,3,0.0,,,
203,0.5000,-0.1098,-0.0669,2.992,good,0.002,3.20,0,0,0,0,10.11,3,0.0,,,
204,0.5000,-0.1196,-0.1016,3.045,faded,0.693,5.78,1,1,1,0,12.13,2,3.2,18|19,196|204,196|204
205,0.5000,-0.1167,-0.2028,3.086,good,0.013,8.82,0,0,0,0,10.24,2,0.0,,,
206,0.5000,-0.1187,0.0189,2.990,good,0.002,5.89,0,0,0,0,13.12,2,0.0,,,
208,0.5000,-0.1188,0.0553,3.017,good,0.001,2.94,0,0,0,0,12.53,2,0.0,,,
209,0.5000,-0.1172,-0.1296,2.999,good,0.000,4.24,0,0,0,0,12.40,2,0.0,,,
207,0.5040,-0.1080,0.1079,3.014,good,0.000,2.32,0,0,0,0,9.01,3,0.0,,,
211,0.5080,-0.1138,0.1793,3.029,good,0.000,1.98,0,0,0,0,10.61,3,0.0,,,
212,0.5080,-0.1127,-0.0962,2.984,good,0.000,2.43,0,0,0,0,11.29,3,0.0,,,
213,0.5080,-0.1132,0.0485,2.999,good,0.000,3.29,0,0,0,0,11.08,3,0.0,,,
214,0.5080,-0.1100,0.0386,3.199,good,0.000,2.87,0,0,0,0,5.65,3,0.0,,,
215,0.5080,-0.1064,0.0599,3.440,good,0.000,2.10,0,0,0,0,-0.00,3,0.0,,,
218,0.5080,-0.1197,-0.2188,2.998,good,0.000,5.07,0,0,0,0,13.31,2,0.0,,,
216,0.5120,-0.1150,-0.0958,2.996,sour,1.000,17.39,1,1,1,0,11.77,3,3.2,19,226,226
217,0.5120,-0.1124,0.1108,3.018,good,0.001,2.90,0,0,0,0,10.37,3,0.0,,,
219,0.5120,-0.1184,-0.1989,2.998,good,0.006,2.91,0,0,0,0,12.85,2,0.0,,,
220,0.5160,-0.1194,0.1531,3.033,good,0.000,3.07,0,0,0,0,12.33,2,0.0,,,
222,0.5200,-0.1189,-0.1337,3.196,good,0.002,8.04,0,0,0,0,8.49,2,0.0,,,
223,0.5200,-0.1189,-0.2340,2.993,good,0.008,4.73,0,0,0,0,13.14,2,0.0,,,
224,0.5200,-0.1172,0.2066,2.995,good,0.000,2.62,0,0,0,0,12.53,2,0.0,,,
225,0.5200,-0.1173,-0.0138,3.009,faded,1.000,5.17,1,1,1,0,12.22,2,3.2,30,203,203
221,0.5240,-0.1123,0.1349,2.999,good,0.002,2.66,0,0,0,0,10.80,3,0.0,,,
228,0.5240,-0.1188,0.0928,2.996,good,0.000,4.32,0,0,0,0,13.02,2,0.0,,,
226,0.5280,-0.1173,-0.1282,2.811,good,0.000,2.73,0,0,0,0,17.30,3,0.0,,,
227,0.5280,-0.1127,0.1590,3.159,good,0.000,3.32,0,0,0,0,7.35,3,0.0,,,
232,0.5280,-0.1157,-0.0171,2.994,good,0.004,4.08,0,0,0,0,12.05,2,0.0,,,
229,0.5320,-0.1132,-0.2135,3.012,good,0.001,18.87,1,1,1,0,10.78,3,9.0,4|5|3,239,239
230,0.5320,-0.1108,0.0948,2.996,good,0.000,4.21,0,0,0,0,10.37,3,0.0,,,
231,0.5320,-0.1094,-0.0258,2.885,faded,1.000,6.58,1,1,1,0,12.57,3,3.2,28,246,246
234,0.5320,-0.1175,0.1985,2.985,good,0.001,4.12,0,0,0,0,12.85,2,0.0,,,
233,0.5360,-0.1114,0.1723,2.992,good,0.000,1.98,0,0,0,0,10.65,3,0.0,,,
236,0.5360,-0.1171,0.0794,2.993,broken,0.921,2.38,1,1,1,0,12.53,2,2.4,42|41,222,222
237,0.5360,-0.1183,-0.0900,3.003,good,0.000,2.17,0,0,0,0,12.70,2,0.0,,,
238,0.5360,-0.1176,0.1495,3.004,sour,1.000,14.52,1,1,1,0,12.44,2,3.2,51|50,229,229
239,0.5360,-0.1160,0.2274,3.002,good,0.000,2.83,0,0,0,0,11.96,2,0.0,,,
235,0.5400,-0.1116,-0.1066,2.994,good,0.000,3.10,0,0,0,0,10.67,3,0.0,,,
243,0.5400,-0.1178,-0.1872,3.000,good,0.003,1.72,0,0,0,0,12.59,2,0.0,,,
240,0.5440,-0.1144,0.0277,3.022,broken,0.998,2.86,1,1,1,0,10.93,3,2.4,35,241,241
241,0.5440,-0.1093,-0.0493,3.004,sour,1.000,20.13,1,1,1,0,9.68,3,3.2,25,257,257
242,0.5440,-0.1085,-0.0861,3.010,good,0.004,1.63,0,0,0,0,9.28,3,0.0,,,
244,0.5480,-0.1126,-0.1923,3.006,good,0.000,2.64,0,0,0,0,10.73,3,0.0,,,
245,0.5480,-0.1154,-0.0181,2.841,good,0.000,3.18,0,0,0,0,15.83,3,0.0,,,
246,0.5480,-0.1107,-0.0976,3.005,good,0.001,3.79,0,0,0,0,10.12,3,0.0,,,
250,0.5480,-0.1184,-0.0452,3.058,good,0.000,2.85,0,0,0,0,11.42,2,0.0,,,
251,0.5480,-0.1184,-0.1195,3.087,good,0.144,4.99,0,0,0,0,10.75,2,0.0,,,
247,0.5520,-0.1136,0.0268,3.014,good,0.000,4.06,0,0,0,0,10.86,3,0.0,,,
248,0.5520,-0.1113,-0.1317,3.002,good,0.000,2.54,0,0,0,0,10.37,3,0.0,,,
249,0.5520,-0.1110,-0.1510,3.004,good,0.000,2.27,0,0,0,0,10.25,3,0.0,,,
254,0.5520,-0.1184,0.2253,3.012,good,0.004,3.48,0,0,0,0,12.51,2,0.0,,,
262,0.5520,-0.1062,-0.0403,3.000,good,0.000,2.64,0,0,0,0,8.73,1,0.0,,,
252,0.5560,-0.1106,0.1198,3.001,good,0.023,1.38,0,0,0,0,10.19,3,0.0,,,
253,0.5560,-0.1100,-0.0625,3.005,good,0.000,2.46,0,0,0,0,9.90,3,0.0,,,
259,0.5560,-0.1190,0.0299,3.000,good,0.000,2.66,0,0,0,0,12.99,2,0.0,,,
260,0.5560,-0.1182,0.2366,2.992,faded,1.000,5.95,1,1,1,0,12.95,2,3.2,62,242,242
261,0.5560,-0.1147,0.0701,3.013,good,0.001,5.25,0,0,0,0,11.27,2,0.0,,,
255,0.5600,-0.1122,-0.0419,3.038,good,0.004,2.89,0,0,0,0,9.87,3,0.0,,,
256,0.5600,-0.1144,0.0921,2.747,good,0.000,3.57,0,0,0,0,18.07,3,0.0,,,
257,0.5600,-0.1119,-0.0642,3.002,good,0.000,2.06,0,0,0,0,10.57,3,0.0,,,
258,0.5600,-0.1115,-0.1692,2.999,good,0.000,3.26,0,0,0,0,10.52,3,0.0,,,
263,0.5640,-0.1088,-0.2063,3.003,good,0.000,2.03,0,0,0,0,9.51,3,0.0,,,
267,0.5640,-0.1194,0.1342,2.997,good,0.000,2.96,0,0,0,0,13.20,2,0.0,,,
268,0.5640,-0.1185,-0.1586,2.997,good,0.000,2.11,0,0,0,0,12.90,2,0.0,,,
264,0.5680,-0.1140,0.0474,3.018,good,0.000,1.79,0,0,0,0,10.93,3,0.0,,,
265,0.5680,-0.1122,-0.1210,3.004,good,0.001,2.37,0,0,0,0,10.64,3,0.0,,,
266,0.5680,-0.1088,-0.2183,2.997,sour,1.000,21.49,1,1,1,0,9.70,3,3.2,4|3,270,270
274,0.5680,-0.1188,0.1567,3.001,good,0.000,3.13,0,0,0,0,12.90,2,0.0,,,
275,0.5680,-0.1173,0.0187,2.992,good,0.000,2.89,0,0,0,0,12.64,2,0.0,,,
269,0.5720,-0.1141,-0.0459,3.004,black,1.000,48.39,1,1,1,0,11.28,3,3.2,26|25,273,273
270,0.5720,-0.1159,0.1848,3.004,good,0.000,2.67,0,0,0,0,11.88,3,0.0,,,
271,0.5720,-0.1105,-0.0825,3.000,good,0.000,1.83,0,0,0,0,10.18,3,0.0,,,
272,0.5720,-0.1082,-0.1451,3.000,insect,1.000,3.36,1,1,1,0,9.40,3,3.1,13,255,255
273,0.5720,-0.1092,-0.0183,2.997,good,0.002,5.18,0,0,0,0,9.82,3,0.0,,,
276,0.5720,-0.1183,-0.1138,3.001,faded,0.554,7.50,1,1,1,0,12.74,2,3.2,17,259|278,259|278
277,0.5760,-0.1099,-0.0220,2.998,good,0.000,2.69,0,0,0,0,10.02,3,0.0,,,
280,0.5760,-0.1191,-0.0073,2.988,good,0.000,8.86,0,0,0,0,13.31,2,0.0,,,
281,0.5760,-0.1197,-0.1028,3.005,good,0.008,2.97,0,0,0,0,13.13,2,0.0,,,
278,0.5800,-0.1127,-0.0704,2.974,good,0.001,3.39,0,0,0,0,11.51,3,0.0,,,
279,0.5800,-0.1120,0.0134,2.975,good,0.009,2.27,0,0,0,0,11.24,3,0.0,,,
282,0.5840,-0.1135,0.1764,3.070,good,0.000,2.18,0,0,0,0,9.54,3,0.0,,,
283,0.5840,-0.1119,0.1666,3.003,good,0.000,2.75,0,0,0,0,10.57,3,0.0,,,
284,0.5840,-0.1119,0.0540,2.998,good,0.000,2.59,0,0,0,0,10.68,3,0.0,,,
289,0.5840,-0.1176,-0.0341,3.044,good,0.000,5.08,0,0,0,0,11.48,2,0.0,,,
290,0.5840,-0.1172,0.2103,3.001,good,0.001,3.13,0,0,0,0,12.35,2,0.0,,,
285,0.5880,-0.1138,-0.0273,2.970,good,0.001,1.89,0,0,0,0,11.98,3,0.0,,,
286,0.5880,-0.1129,-0.0733,3.005,good,0.000,2.54,0,0,0,0,10.84,3,0.0,,,
287,0.5880,-0.1123,0.0518,2.996,good,0.015,3.70,0,0,0,0,10.86,3,0.0,,,
288,0.5880,-0.1107,0.0325,3.004,good,0.000,3.21,0,0,0,0,10.15,3,0.0,,,
296,0.5880,-0.1177,-0.1785,3.028,good,0.001,4.27,0,0,0,0,11.90,2,0.0,,,
291,0.5920,-0.1137,-0.0557,2.998,good,0.002,2.10,0,0,0,0,11.27,3,0.0,,,
292,0.5920,-0.1134,0.1928,3.008,good,0.000,3.66,0,0,0,0,10.95,3,0.0,,,
293,0.5920,-0.1116,-0.2392,3.207,good,0.000,2.82,0,0,0,0,5.99,3,0.0,,,
294,0.5920,-0.1099,-0.2014,3.012,good,0.000,2.04,0,0,0,0,9.68,3,0.0,,,
295,0.5920,-0.1085,-0.1511,3.001,good,0.000,2.16,0,0,0,0,9.47,3,0.0,,,
299,0.5920,-0.1181,0.1163,3.000,good,0.000,2.71,0,0,0,0,12.69,2,0.0,,,
297,0.5960,-0.1135,0.1292,3.003,good,0.000,3.32,0,0,0,0,11.10,3,0.0,,,
298,0.5960,-0.1123,-0.1016,3.001,good,0.023,2.52,0,0,0,0,10.75,3,0.0,,,
301,0.5960,-0.1194,0.0314,2.996,good,0.001,4.47,0,0,0,0,13.23,2,0.0,,,
300,0.6000,-0.1105,-0.0848,3.003,good,0.000,3.17,0,0,0,0,10.11,3,0.0,,,
303,0.6000,-0.1197,0.0590,3.450,good,0.000,2.41,0,0,0,0,3.69,2,0.0,,,
304,0.6000,-0.1199,-0.1225,2.979,faded,1.000,4.95,1,1,1,0,13.83,2,3.2,16,313,313
305,0.6000,-0.1163,-0.1867,3.002,good,0.001,2.18,0,0,0,0,12.06,2,0.0,,,
306,0.6000,-0.1171,0.0855,2.991,good,0.001,2.03,0,0,0,0,12.58,2,0.0,,,
302,0.6040,-0.1149,0.0972,3.037,good,0.000,1.95,0,0,0,0,10.76,3,0.0,,,
308,0.6040,-0.1191,0.1688,2.853,good,0.000,1.96,0,0,0,0,16.80,2,0.0,,,
309,0.6040,-0.1170,-0.2234,2.996,good,0.002,2.08,0,0,0,0,12.43,2,0.0,,,
307,0.6080,-0.1132,0.1072,3.150,good,0.000,3.43,0,0,0,0,7.67,3,0.0,,,
311,0.6080,-0.1199,-0.0995,2.978,good,0.496,2.97,0,0,0,0,13.82,2,0.0,,,
310,0.6120,-0.1157,0.2273,2.992,good,0.000,5.36,0,0,0,0,12.09,3,0.0,,,
314,0.6120,-0.1308,-0.1895,3.000,good,0.000,3.25,0,0,0,0,12.92,1,0.0,,,
315,0.6120,-0.1174,0.1455,2.987,good,0.001,3.61,0,0,0,0,12.78,2,0.0,,,
312,0.6160,-0.1107,-0.2088,2.957,good,0.000,4.17,0,0,0,0,11.27,3,0.0,,,
313,0.6160,-0.1081,-0.1793,2.997,good,0.000,2.28,0,0,0,0,9.43,3,0.0,,,
318,0.6160,-0.1113,-0.1920,2.973,good,0.000,10.77,0,0,0,0,11.05,2,0.0,,,
319,0.6160,-0.1169,0.1068,2.999,good,0.000,4.38,0,0,0,0,12.32,2,0.0,,,
320,0.6160,-0.1141,-0.0914,3.450,good,0.003,2.95,0,0,0,0,2.07,2,0.0,,,
316,0.6200,-0.1148,0.0283,2.848,good,0.000,2.00,0,0,0,0,15.43,3,0.0,,,
317,0.6200,-0.1092,-0.0576,3.001,insect,1.000,3.36,1,1,1,0,9.71,3,3.1,24,329,329
321,0.6240,-0.1132,-0.1999,2.653,good,0.004,7.53,0,0,0,0,20.34,3,0.0,,,
322,0.6240,-0.1105,0.0654,2.987,good,0.002,3.20,0,0,0,0,10.47,3,0.0,,,
323,0.6240,-0.1087,-0.0437,3.002,good,0.000,2.46,0,0,0,0,9.52,3,0.0,,,
325,0.6240,-0.1186,0.1546,2.998,sour,1.000,32.37,1,1,1,0,12.92,2,3.2,51,317,317
326,0.6240,-0.1199,0.0378,2.747,good,0.003,5.28,0,0,0,0,20.05,2,0.0,,,
327,0.6240,-0.1194,-0.0174,2.991,good,0.001,2.54,0,0,0,0,13.37,2,0.0,,,
328,0.6240,-0.1162,-0.0853,2.995,good,0.000,2.87,0,0,0,0,12.20,2,0.0,,,
330,0.6240,-0.1157,0.0423,3.000,shell,0.948,10.44,1,1,1,0,11.91,1,2.4,37,316,
324,0.6280,-0.1120,-0.2388,2.995,good,0.063,2.79,0,0,0,0,10.78,3,0.0,,,
329,0.6280,-0.1192,-0.1153,3.005,good,0.001,2.84,0,0,0,0,12.95,2,0.0,,,
335,0.6320,-0.1190,0.2245,2.986,good,0.000,5.22,0,0,0,0,13.33,2,0.0,,,
331,0.6360,-0.1147,-0.1069,2.995,good,0.000,2.27,0,0,0,0,11.67,3,0.0,,,
332,0.6360,-0.1149,-0.0005,3.117,shell,1.000,9.85,1,1,1,0,8.96,3,2.4,31|32,325,325
333,0.6360,-0.1122,-0.2390,3.008,good,0.004,3.96,0,0,0,0,10.53,3,0.0,,,
334,0.6360,-0.1084,0.1872,3.006,good,0.005,2.52,0,0,0,0,9.33,3,0.0,,,
338,0.6360,-0.1191,0.1948,2.999,good,0.000,2.44,0,0,0,0,13.07,2,0.0,,,
339,0.6360,-0.1184,-0.0729,2.998,good,0.000,4.25,0,0,0,0,12.84,2,0.0,,,
340,0.6360,-0.1193,0.0885,3.006,good,0.000,3.03,0,0,0,0,12.95,2,0.0,,,
336,0.6400,-0.1126,-0.1864,2.953,good,0.001,2.20,0,0,0,0,12.00,3,0.0,,,
337,0.6400,-0.1108,0.0314,2.990,good,0.000,2.70,0,0,0,0,10.49,3,0.0,,,
343,0.6400,-0.1200,0.2058,3.004,good,0.008,2.83,0,0,0,0,13.24,2,0.0,,,
341,0.6440,-0.1113,0.0860,3.002,good,0.000,2.31,0,0,0,0,10.39,3,0.0,,,
342,0.6440,-0.1084,-0.0844,3.004,good,0.001,2.19,0,0,0,0,9.38,3,0.0,,,
344,0.6480,-0.1113,0.0055,3.341,shell,1.000,42.15,1,1,1,0,3.24,3,2.4,32,366,
345,0.6480,-0.1111,0.0308,2.999,good,0.000,2.56,0,0,0,0,10.41,3,0.0,,,
346,0.6480,-0.1084,-0.1965,3.198,good,0.011,1.79,0,0,0,0,5.16,3,0.0,,,
347,0.6480,-0.1083,-0.1532,3.016,good,0.112,3.12,0,0,0,0,9.07,3,0.0,,,
348,0.6480,-0.1088,0.1379,3.000,good,0.000,3.37,0,0,0,0,9.60,3,0.0,,,
349,0.6520,-0.1136,-0.0164,3.002,sour,1.000,19.42,1,1,1,0,11.15,3,3.2,29|30,352,
350,0.6520,-0.1096,-0.0350,2.979,good,0.190,5.34,0,0,0,0,10.38,3,0.0,,,
351,0.6560,-0.1113,-0.1219,3.005,good,0.003,2.15,0,0,0,0,10.32,3,0.0,,,
352,0.6560,-0.1111,0.0021,3.021,good,0.000,2.88,0,0,0,0,9.88,3,0.0,,,
353,0.6560,-0.1083,-0.0434,3.000,good,0.001,2.06,0,0,0,0,9.43,3,0.0,,,
354,0.6600,-0.1138,0.1072,2.995,good,0.000,2.22,0,0,0,0,11.37,3,0.0,,,
355,0.6600,-0.1115,0.1537,3.004,good,0.001,3.70,0,0,0,0,10.39,3,0.0,,,
356,0.6600,-0.1105,-0.2020,2.985,faded,1.000,7.94,1,1,1,0,10.52,3,3.2,6|5,354,354
357,0.6600,-0.1097,0.1245,3.001,good,0.000,2.81,0,0,0,0,9.88,3,0.0,,,
362,0.6600,-0.1184,-0.0730,2.985,faded,0.999,4.76,1,1,1,0,13.18,2,3.2,22,344,344
358,0.6640,-0.1155,-0.1735,2.997,good,0.000,3.52,0,0,0,0,11.91,3,0.0,,,
359,0.6640,-0.1139,-0.1485,3.001,good,0.000,1.61,0,0,0,0,11.26,3,0.0,,,
360,0.6640,-0.1138,0.0339,2.976,insect,1.000,4.19,1,1,1,0,11.83,3,3.1,36,346,346
361,0.6640,-0.1089,-0.0628,3.031,good,0.002,2.61,0,0,0,0,8.92,3,0.0,,,
367,0.6640,-0.1157,0.0056,3.018,good,0.000,3.41,0,0,0,0,11.48,2,0.0,,,
363,0.6680,-0.1144,0.1807,2.998,black,1.000,48.96,1,1,1,0,11.53,3,3.2,55|54,355,355
364,0.6680,-0.1123,-0.0862,2.994,black,1.000,45.87,1,1,1,0,10.89,3,3.2,20|21,377,
365,0.6680,-0.1084,0.2218,3.369,good,0.000,1.97,0,0,0,0,1.85,3,0.0,,,
366,0.6680,-0.1106,-0.1133,2.999,good,0.000,3.10,0,0,0,0,10.23,3,0.0,,,
373,0.6680,-0.1184,-0.1406,2.994,good,0.000,2.07,0,0,0,0,12.96,2,0.0,,,
374,0.6680,-0.1173,-0.2245,2.998,good,0.000,2.63,0,0,0,0,12.46,2,0.0,,,
368,0.6720,-0.1157,0.0390,2.833,good,0.000,5.26,0,0,0,0,16.14,3,0.0,,,
369,0.6720,-0.1138,0.2119,3.026,good,0.002,3.71,0,0,0,0,10.66,3,0.0,,,
370,0.6720,-0.1123,-0.0040,2.997,good,0.000,2.48,0,0,0,0,10.84,3,0.0,,,
371,0.6720,-0.1236,0.1619,2.844,good,0.000,3.08,0,0,0,0,14.60,2,0.0,,,
372,0.6720,-0.1099,0.0693,3.001,good,0.000,1.82,0,0,0,0,9.95,3,0.0,,,
377,0.6720,-0.1314,0.0441,3.000,good,0.000,3.53,0,0,0,0,13.13,1,0.0,,,
380,0.6720,-0.1121,0.1655,3.000,good,0.000,2.97,0,0,0,0,10.71,1,0.0,,,
375,0.6760,-0.1114,-0.2079,2.998,good,0.000,1.98,0,0,0,0,10.50,3,0.0,,,
376,0.6760,-0.1096,0.1430,3.001,good,0.001,4.78,0,0,0,0,9.87,3,0.0,,,
378,0.6760,-0.1171,0.0811,2.997,good,0.000,2.91,0,0,0,0,12.45,2,0.0,,,
379,0.6760,-0.1185,0.1685,3.001,good,0.000,2.28,0,0,0,0,12.82,2,0.0,,,
381,0.6840,-0.1140,-0.2223,3.000,good,0.000,2.32,0,0,0,0,11.33,3,0.0,,,
382,0.6840,-0.1108,0.1514,2.902,good,0.001,9.76,0,0,0,0,12.65,3,0.0,,,
385,0.6840,-0.1163,0.1146,2.994,good,0.007,8.06,0,0,0,0,12.23,2,0.0,,,
383,0.6880,-0.1133,0.0741,3.011,broken,0.951,4.34,1,1,1,0,10.85,3,2.4,41,395,395
384,0.6880,-0.1091,0.0432,3.004,good,0.000,3.56,0,0,0,0,9.61,3,0.0,,,
390,0.6880,-0.1190,-0.0259,3.002,broken,0.955,3.77,1,1,1,0,12.97,2,2.4,28,412,412
391,0.6880,-0.1165,0.0610,3.000,faded,0.994,4.06,1,1,1,0,12.17,2,3.2,39|40,394,394
386,0.6920,-0.1129,0.1984,2.980,good,0.000,2.90,0,0,0,0,11.44,3,0.0,,,
387,0.6920,-0.1104,-0.1712,3.080,good,0.000,19.34,1,1,1,0,8.32,3,9.0,10|9|11,379,379
388,0.6920,-0.1125,0.0450,3.000,good,0.001,4.44,0,0,0,0,10.85,3,0.0,,,
389,0.6920,-0.1098,-0.2339,3.024,good,0.081,3.52,0,0,0,0,9.37,3,0.0,,,
392,0.6960,-0.1115,0.0155,3.004,faded,1.000,5.65,1,1,1,0,10.40,3,3.2,33|34,389,389
393,0.6960,-0.1130,0.1215,2.805,sour,1.000,14.54,1,1,1,0,15.94,3,3.2,47,396,396
394,0.6960,-0.1105,0.2059,2.997,good,0.001,3.71,0,0,0,0,10.26,3,0.0,,,
397,0.6960,-0.1197,-0.0582,3.085,good,0.000,2.09,0,0,0,0,11.20,2,0.0,,,
398,0.6960,-0.1190,-0.1096,3.006,good,0.000,2.11,0,0,0,0,12.85,2,0.0,,,
395,0.7000,-0.1152,0.0537,3.005,good,0.001,2.57,0,0,0,0,11.61,3,0.0,,,
396,0.7000,-0.1147,0.2105,3.000,good,0.001,2.11,0,0,0,0,11.57,3,0.0,,,
399,0.7040,-0.1140,-0.1810,3.001,good,0.001,1.47,0,0,0,0,11.30,3,0.0,,,
400,0.7040,-0.1133,-0.2156,3.013,broken,1.000,8.41,1,1,1,0,10.80,3,2.4,4,410,410
401,0.7040,-0.1095,0.1769,3.002,good,0.456,3.91,0,0,0,0,9.78,3,0.0,,,
402,0.7040,-0.1083,0.1959,2.961,good,0.000,5.16,0,0,0,0,10.36,3,0.0,,,
406,0.7040,-0.1184,0.0430,3.011,good,0.108,3.73,0,0,0,0,12.53,2,0.0,,,
403,0.7080,-0.1135,-0.0714,2.996,good,0.000,2.27,0,0,0,0,11.26,3,0.0,,,
404,0.7080,-0.1114,0.0197,2.996,good,0.000,4.84,0,0,0,0,10.56,3,0.0,,,
405,0.7080,-0.1081,0.1353,2.956,good,0.000,2.75,0,0,0,0,10.39,3,0.0,,,
410,0.7080,-0.1195,-0.0103,3.158,sour,1.000,26.79,1,1,1,0,9.50,2,3.2,30,403,
412,0.7080,-0.1171,-0.1040,3.021,good,0.000,1.79,0,0,0,0,11.87,2,0.0,,,
407,0.7120,-0.1137,0.1450,2.989,good,0.000,2.64,0,0,0,0,11.48,3,0.0,,,
408,0.7120,-0.1116,0.1143,3.006,good,0.000,2.26,0,0,0,0,10.39,3,0.0,,,
409,0.7120,-0.1096,0.0837,2.984,good,0.000,4.62,0,0,0,0,10.25,3,0.0,,,
411,0.7120,-0.1082,-0.1510,3.038,good,0.001,3.35,0,0,0,0,8.52,3,0.0,,,
414,0.7120,-0.1157,0.0452,3.326,good,0.001,2.62,0,0,0,0,4.84,2,0.0,,,
413,0.7160,-0.1259,-0.0516,3.053,good,0.001,5.31,0,0,0,0,10.01,2,0.0,,,
418,0.7160,-0.1163,0.0304,2.998,good,0.001,9.10,0,0,0,0,12.16,2,0.0,,,
422,0.7160,-0.1138,-0.0485,3.000,good,0.001,6.27,0,0,0,0,11.25,1,0.0,,,
415,0.7200,-0.1127,0.0933,2.988,good,0.000,1.99,0,0,0,0,11.16,3,0.0,,,
416,0.7200,-0.1093,-0.2194,3.362,good,0.006,4.64,0,0,0,0,2.24,3,0.0,,,
417,0.7200,-0.1107,-0.1934,3.003,good,0.000,2.01,0,0,0,0,10.18,3,0.0,,,
420,0.7200,-0.1174,0.1020,2.980,good,0.012,4.04,0,0,0,0,12.95,2,0.0,,,
421,0.7200,-0.1170,0.1576,2.919,faded,1.000,5.04,1,1,1,0,14.35,2,3.2,52|51,437,437
419,0.7240,-0.1158,-0.1341,2.997,good,0.000,2.80,0,0,0,0,12.01,3,0.0,,,
425,0.7240,-0.1168,0.1752,3.012,good,0.001,4.48,0,0,0,0,11.99,2,0.0,,,
423,0.7280,-0.1142,0.0867,2.879,good,0.000,2.42,0,0,0,0,14.42,3,0.0,,,
424,0.7280,-0.1082,-0.1955,3.003,good,0.000,3.59,0,0,0,0,9.34,3,0.0,,,
430,0.7280,-0.1180,0.2205,2.998,good,0.000,2.95,0,0,0,0,12.72,2,0.0,,,
426,0.7320,-0.1149,-0.1638,2.999,good,0.000,2.89,0,0,0,0,11.66,3,0.0,,,
427,0.7320,-0.1135,0.1321,3.071,good,0.000,6.12,0,0,0,0,9.51,3,0.0,,,
428,0.7320,-0.1095,-0.1320,2.997,good,0.009,1.91,0,0,0,0,9.90,3,0.0,,,
429,0.7320,-0.1087,0.1441,3.003,good,0.000,2.24,0,0,0,0,9.50,3,0.0,,,
432,0.7320,-0.1196,0.2138,3.006,good,0.001,3.05,0,0,0,0,13.05,2,0.0,,,
433,0.7320,-0.1195,-0.1059,3.000,good,0.000,2.61,0,0,0,0,13.15,2,0.0,,,
434,0.7320,-0.1159,0.0387,3.005,sour,1.000,22.06,1,1,1,0,11.83,2,3.2,36|37,418,418
431,0.7360,-0.1103,0.0822,3.004,good,0.004,3.77,0,0,0,0,10.00,3,0.0,,,
437,0.7360,-0.1165,-0.1508,3.000,good,0.001,2.41,0,0,0,0,12.18,2,0.0,,,
435,0.7400,-0.1137,0.1203,3.000,good,0.000,2.64,0,0,0,0,11.25,3,0.0,,,
436,0.7400,-0.1105,-0.0618,3.285,good,0.000,2.36,0,0,0,0,4.09,3,0.0,,,
440,0.7400,-0.1189,0.2335,3.009,good,0.320,4.53,0,0,0,0,12.75,2,0.0,,,
441,0.7400,-0.1175,0.0679,2.995,good,0.001,2.97,0,0,0,0,12.63,2,0.0,,,
442,0.7400,-0.1181,-0.1224,2.997,good,0.000,2.81,0,0,0,0,12.78,2,0.0,,,
443,0.7400,-0.1168,0.2125,3.000,good,0.042,3.55,0,0,0,0,12.27,2,0.0,,,
438,0.7440,-0.1137,-0.1142,3.014,good,0.166,2.88,0,0,0,0,10.92,3,0.0,,,
439,0.7440,-0.1104,0.0220,3.002,good,0.071,2.98,0,0,0,0,10.08,3,0.0,,,
446,0.7480,-0.1174,0.0980,3.000,good,0.000,2.11,0,0,0,0,12.48,2,0.0,,,
447,0.7480,-0.1184,0.1366,2.958,good,0.000,1.93,0,0,0,0,13.82,2,0.0,,,
444,0.7520,-0.1094,-0.0141,2.984,good,0.000,3.64,0,0,0,0,10.15,3,0.0,,,
445,0.7520,-0.1086,-0.1261,2.997,good,0.000,2.31,0,0,0,0,9.59,3,0.0,,,
450,0.7520,-0.1193,-0.2217,2.976,good,0.000,2.06,0,0,0,0,13.67,2,0.0,,,
451,0.7520,-0.1195,0.0918,3.006,good,0.000,2.51,0,0,0,0,13.01,2,0.0,,,
452,0.7520,-0.1189,0.1471,2.952,good,0.005,2.51,0,0,0,0,14.15,2,0.0,,,
453,0.7520,-0.1191,0.1887,3.000,black,1.000,48.85,1,1,1,0,13.03,2,3.2,56|55,466,466
454,0.7520,-0.1166,0.0733,3.004,good,0.000,2.04,0,0,0,0,12.11,2,0.0,,,
448,0.7560,-0.1115,0.1587,3.000,good,0.003,1.76,0,0,0,0,10.51,3,0.0,,,
449,0.7560,-0.1094,-0.1885,2.999,good,0.000,2.31,0,0,0,0,9.84,3,0.0,,,
455,0.7560,-0.1189,0.0328,3.099,good,0.013,3.41,0,0,0,0,10.64,2,0.0,,,
457,0.7560,-0.1194,-0.0278,2.989,good,0.000,2.78,0,0,0,0,13.43,2,0.0,,,
458,0.7560,-0.1174,-0.0912,2.999,good,0.000,2.52,0,0,0,0,12.48,2,0.0,,,
456,0.7600,-0.1082,-0.0446,2.995,good,0.019,2.46,0,0,0,0,9.53,3,0.0,,,
459,0.7640,-0.1168,-0.0157,2.810,good,0.000,2.57,0,0,0,0,17.18,3,0.0,,,
460,0.7640,-0.1143,0.1568,3.015,good,0.000,2.13,0,0,0,0,11.09,3,0.0,,,
461,0.7640,-0.1139,0.0815,3.013,good,0.005,2.64,0,0,0,0,10.99,3,0.0,,,
462,0.7640,-0.1127,-0.1769,2.959,good,0.000,2.24,0,0,0,0,11.86,3,0.0,,,
463,0.7640,-0.1140,0.0422,3.037,good,0.000,3.90,0,0,0,0,10.45,3,0.0,,,
467,0.7640,-0.1185,-0.0930,3.000,good,0.004,4.01,0,0,0,0,12.82,2,0.0,,,
464,0.7680,-0.1136,0.1839,3.000,good,0.005,3.56,0,0,0,0,11.21,3,0.0,,,
465,0.7680,-0.1213,0.2363,3.450,good,0.078,2.65,0,0,0,0,0.15,2,0.0,,,
466,0.7680,-0.1098,-0.1714,2.963,good,0.000,2.12,0,0,0,0,10.81,3,0.0,,,
469,0.7680,-0.1167,-0.1111,3.114,good,0.000,2.76,0,0,0,0,9.59,2,0.0,,,
470,0.7680,-0.1162,-0.1370,2.952,faded,0.986,4.47,1,1,1,0,13.24,2,3.2,14,476,476
471,0.7680,-0.1161,0.0537,2.976,good,0.000,2.85,0,0,0,0,12.61,2,0.0,,,
474,0.7680,-0.1075,0.2392,3.000,good,0.021,2.67,0,0,0,0,9.17,1,0.0,,,
468,0.7720,-0.1155,0.0688,2.999,good,0.001,3.18,0,0,0,0,11.87,3,0.0,,,
472,0.7760,-0.1103,-0.1742,2.999,good,0.001,2.72,0,0,0,0,10.12,3,0.0,,,
473,0.7760,-0.1207,0.1278,2.656,good,0.000,1.77,0,0,0,0,19.11,2,0.0,,,
476,0.7760,-0.1173,-0.0974,2.989,good,0.000,2.68,0,0,0,0,12.68,2,0.0,,,
477,0.7760,-0.1150,0.2182,3.250,good,0.003,2.95,0,0,0,0,6.15,2,0.0,,,
484,0.7760,-0.1101,0.1312,3.000,good,0.001,2.00,0,0,0,0,10.04,1,0.0,,,
475,0.7800,-0.1149,0.0973,3.017,good,0.000,3.85,0,0,0,0,11.25,3,0.0,,,
482,0.7800,-0.1175,0.0143,3.450,good,0.000,2.11,0,0,0,0,3.04,2,0.0,,,
483,0.7800,-0.1191,-0.1632,3.000,good,0.000,3.26,0,0,0,0,13.04,2,0.0,,,
478,0.7840,-0.1094,0.0507,2.999,good,0.002,13.48,0,0,0,0,9.83,3,0.0,,,
479,0.7840,-0.1114,0.0633,2.804,good,0.000,3.78,0,0,0,0,15.37,3,0.0,,,
480,0.7840,-0.1102,0.1273,2.971,good,0.000,2.33,0,0,0,0,10.75,3,0.0,,,
481,0.7840,-0.1093,-0.1877,3.004,good,0.000,2.19,0,0,0,0,9.69,3,0.0,,,
485,0.7880,-0.1142,-0.0279,3.073,sour,1.000,22.70,1,1,1,0,9.70,3,3.2,28,488,488
486,0.7880,-0.1061,0.0552,3.242,good,0.031,11.18,0,0,0,0,3.58,3,0.0,,,
487,0.7880,-0.1090,0.1303,2.897,black,1.000,55.76,1,1,1,0,12.14,3,3.2,48,472,
488,0.7880,-0.1094,0.2002,2.663,good,0.001,3.07,0,0,0,0,18.63,3,0.0,,,
492,0.7880,-0.1187,0.0211,2.996,good,0.000,3.39,0,0,0,0,13.00,2,0.0,,,
493,0.7880,-0.1166,-0.0421,3.002,good,0.000,3.62,0,0,0,0,12.13,2,0.0,,,
489,0.7920,-0.1132,0.0798,3.000,good,0.000,2.73,0,0,0,0,11.08,3,0.0,,,
490,0.7920,-0.1144,0.1207,2.779,good,0.009,3.10,0,0,0,0,17.17,3,0.0,,,
491,0.7920,-0.1144,0.2463,2.397,good,0.001,4.98,0,0,0,0,29.45,3,0.0,,,
497,0.7920,-0.1195,-0.2023,3.001,good,0.000,9.06,0,0,0,0,13.15,2,0.0,,,
498,0.7920,-0.1146,0.1307,3.012,sour,1.000,20.00,1,1,1,0,11.23,2,3.2,48,503,503
494,0.7960,-0.1125,-0.1431,2.999,good,0.000,3.19,0,0,0,0,10.87,3,0.0,,,
495,0.7960,-0.1106,-0.0939,3.008,good,0.001,2.60,0,0,0,0,10.01,3,0.0,,,
496,0.7960,-0.1105,0.0701,2.997,good,0.001,2.45,0,0,0,0,10.24,3,0.0,,,
502,0.7960,-0.1176,0.0964,3.026,black,1.000,50.25,1,1,1,0,11.92,2,3.2,44,501,
503,0.7960,-0.1169,-0.0337,3.017,good,0.000,2.83,0,0,0,0,11.91,2,0.0,,,
507,0.7960,-0.1033,0.1173,3.000,good,0.002,2.82,0,0,0,0,7.77,1,0.0,,,
499,0.8000,-0.1121,-0.0660,2.999,good,0.000,2.20,0,0,0,0,10.72,3,0.0,,,
500,0.8000,-0.1126,0.1149,3.000,good,0.000,2.58,0,0,0,0,10.88,3,0.0,,,
501,0.8000,-0.1093,0.1943,3.008,good,0.000,3.02,0,0,0,0,9.60,3,0.0,,,
506,0.8000,-0.1164,0.0907,2.986,insect,1.000,6.47,1,1,1,0,12.48,2,3.1,43,490,490
504,0.8040,-0.1108,0.1690,3.245,good,0.000,1.96,0,0,0,0,4.96,3,0.0,,,
505,0.8040,-0.1099,-0.1040,3.004,shell,1.000,9.77,1,1,1,0,9.87,3,2.4,18,493,493
508,0.8040,-0.1186,-0.1721,3.450,good,0.010,2.84,0,0,0,0,3.36,2,0.0,,,
509,0.8040,-0.1174,0.0700,3.015,faded,1.000,5.11,1,1,1,0,12.12,2,3.2,40|41,499,499
512,0.8080,-0.1189,-0.0734,3.001,good,0.000,2.53,0,0,0,0,12.93,2,0.0,,,
513,0.8080,-0.1166,0.1337,3.003,faded,1.000,4.67,1,1,1,0,12.13,2,3.2,49|48,502,502
510,0.8120,-0.1142,0.1059,3.012,good,0.000,2.51,0,0,0,0,11.14,3,0.0,,,
511,0.8120,-0.1112,-0.1237,3.007,good,0.001,2.34,0,0,0,0,10.25,3,0.0,,,
517,0.8120,-0.1193,0.1706,2.993,good,0.001,5.44,0,0,0,0,13.27,2,0.0,,,
514,0.8160,-0.1151,-0.1293,3.025,good,0.000,1.56,0,0,0,0,11.10,3,0.0,,,
515,0.8160,-0.1384,0.1870,3.000,good,0.001,6.37,0,0,0,0,11.46,1,0.0,,,
516,0.8160,-0.1129,0.2229,2.989,good,0.000,3.86,0,0,0,0,11.23,3,0.0,,,
521,0.8160,-0.1183,-0.2330,3.000,good,0.002,2.71,0,0,0,0,12.76,2,0.0,,,
522,0.8160,-0.1188,-0.0584,3.001,good,0.000,1.74,0,0,0,0,12.91,2,0.0,,,
523,0.8160,-0.1170,0.1834,2.849,good,0.000,2.46,0,0,0,0,16.16,2,0.0,,,
524,0.8160,-0.1129,0.1925,2.989,good,0.000,3.01,0,0,0,0,11.23,2,0.0,,,
518,0.8200,-0.1153,-0.1280,3.015,black,1.000,50.07,1,1,1,0,11.41,3,3.2,15,532,532
519,0.8200,-0.1134,-0.1513,3.117,good,0.017,2.58,0,0,0,0,8.46,3,0.0,,,
520,0.8200,-0.1088,0.1028,2.983,insect,0.725,8.93,1,1,1,0,9.99,3,3.2,45|44,509|522,509
532,0.8200,-0.1030,-0.1324,3.000,good,0.000,1.59,0,0,0,0,7.67,1,0.0,,,
525,0.8240,-0.1144,-0.1605,2.988,good,0.002,2.06,0,0,0,0,11.76,3,0.0,,,
526,0.8240,-0.1099,-0.1982,3.004,good,0.001,2.92,0,0,0,0,9.89,3,0.0,,,
527,0.8240,-0.1129,0.2093,2.722,good,0.022,8.91,0,0,0,0,18.20,3,0.0,,,
528,0.8240,-0.1093,0.2410,2.977,good,0.000,1.62,0,0,0,0,10.32,3,0.0,,,
530,0.8240,-0.1158,0.0502,2.986,good,0.000,2.59,0,0,0,0,12.27,2,0.0,,,
531,0.8240,-0.1168,-0.2294,3.017,good,0.003,3.22,0,0,0,0,11.86,2,0.0,,,
529,0.8280,-0.1151,-0.0982,3.002,good,0.000,3.26,0,0,0,0,11.64,3,0.0,,,
539,0.8280,-0.1020,0.2059,3.000,good,0.014,7.80,0,0,0,0,7.32,1,0.0,,,
533,0.8320,-0.1090,0.0559,3.001,good,0.000,2.10,0,0,0,0,9.65,3,0.0,,,
535,0.8320,-0.1197,0.1623,3.160,good,0.000,3.73,0,0,0,0,9.53,2,0.0,,,
536,0.8320,-0.1172,0.0756,3.028,good,0.002,3.51,0,0,0,0,11.72,2,0.0,,,
537,0.8320,-0.1172,0.0667,3.001,good,0.000,2.61,0,0,0,0,12.37,2,0.0,,,
538,0.8320,-0.1163,-0.2009,3.006,good,0.000,2.50,0,0,0,0,11.96,2,0.0,,,
534,0.8360,-0.1138,-0.1602,3.001,good,0.461,3.80,0,0,0,0,11.22,3,0.0,,,
541,0.8360,-0.1179,0.0906,3.000,good,0.000,2.02,0,0,0,0,12.64,2,0.0,,,
542,0.8360,-0.1158,-0.0559,2.998,good,0.000,2.80,0,0,0,0,11.98,2,0.0,,,
540,0.8400,-0.1109,0.0266,2.998,good,0.000,2.46,0,0,0,0,10.35,3,0.0,,,
543,0.8400,-0.1185,0.1073,3.006,good,0.000,3.15,0,0,0,0,12.67,2,0.0,,,
544,0.8400,-0.1177,0.1756,2.994,good,0.011,3.35,0,0,0,0,12.69,2,0.0,,,
545,0.8400,-0.1133,-0.1417,3.450,good,0.000,1.83,0,0,0,0,1.83,2,0.0,,,
547,0.8440,-0.1192,-0.1731,3.007,good,0.000,3.30,0,0,0,0,12.88,2,0.0,,,
548,0.8440,-0.1176,-0.1379,3.001,sour,1.000,19.73,1,1,1,0,12.50,2,3.2,14,540,540
546,0.8480,-0.1117,-0.1804,2.976,good,0.000,2.62,0,0,0,0,11.15,3,0.0,,,
549,0.8520,-0.1334,-0.2396,3.000,good,0.001,2.04,0,0,0,0,9.81,1,0.0,,,
550,0.8520,-0.1076,0.1113,3.134,good,0.000,3.75,0,0,0,0,6.26,3,0.0,,,
553,0.8520,-0.1194,0.1076,3.029,good,0.000,1.84,0,0,0,0,12.44,2,0.0,,,
554,0.8520,-0.1178,0.0769,2.981,good,0.000,2.35,0,0,0,0,13.08,2,0.0,,,
555,0.8520,-0.1235,-0.2367,3.000,good,0.000,2.05,0,0,0,0,10.51,1,0.0,,,
561,0.8520,-0.1136,-0.2337,3.000,good,0.002,1.96,0,0,0,0,11.21,1,0.0,,,
551,0.8560,-0.1124,0.1243,2.971,good,0.182,4.09,0,0,0,0,11.50,3,0.0,,,
552,0.8560,-0.1096,-0.1878,3.161,good,0.002,2.03,0,0,0,0,6.31,3,0.0,,,
560,0.8560,-0.1192,0.0257,3.000,good,0.000,3.40,0,0,0,0,13.06,2,0.0,,,
568,0.8560,-0.1037,-0.2307,3.000,good,0.001,1.96,0,0,0,0,7.92,1,0.0,,,
556,0.8600,-0.1108,0.2311,3.450,good,0.001,5.01,0,0,0,0,1.10,3,0.0,,,
557,0.8600,-0.1144,-0.2170,3.026,good,0.004,2.30,0,0,0,0,10.84,3,0.0,,,
558,0.8600,-0.1127,-0.0330,3.005,good,0.000,1.88,0,0,0,0,10.79,3,0.0,,,
559,0.8600,-0.1083,0.2193,2.999,good,0.000,4.95,0,0,0,0,9.48,3,0.0,,,
562,0.8640,-0.1134,0.1318,3.276,good,0.000,3.06,0,0,0,0,5.13,3,0.0,,,
563,0.8640,-0.1141,-0.1181,3.007,good,0.000,2.86,0,0,0,0,11.21,3,0.0,,,
564,0.8640,-0.1122,-0.1814,3.003,good,0.002,2.20,0,0,0,0,10.66,3,0.0,,,
565,0.8640,-0.1117,-0.1035,3.015,good,0.001,3.45,0,0,0,0,10.21,3,0.0,,,
566,0.8640,-0.1146,-0.2043,2.578,good,0.009,3.53,0,0,0,0,23.26,3,0.0,,,
567,0.8640,-0.1106,0.0541,3.030,good,0.000,2.45,0,0,0,0,9.52,3,0.0,,,
570,0.8640,-0.1185,-0.0675,2.995,good,0.000,2.51,0,0,0,0,12.95,2,0.0,,,
571,0.8640,-0.1155,0.1718,3.004,good,0.000,2.29,0,0,0,0,11.73,2,0.0,,,
569,0.8680,-0.1106,-0.0139,2.996,good,0.005,2.37,0,0,0,0,10.31,3,0.0,,,
575,0.8680,-0.1194,0.1925,3.000,insect,1.000,7.54,1,1,1,0,13.14,2,3.1,56,575,
576,0.8680,-0.1137,0.1466,3.220,black,1.000,50.66,1,1,1,0,6.37,2,3.2,50,587,
572,0.8720,-0.1151,0.1618,2.994,good,0.000,3.52,0,0,0,0,11.87,3,0.0,,,
573,0.8720,-0.1117,0.1290,2.965,good,0.002,3.69,0,0,0,0,11.41,3,0.0,,,
574,0.8720,-0.1101,-0.2250,3.002,good,0.000,2.90,0,0,0,0,9.96,3,0.0,,,
577,0.8760,-0.1146,-0.1646,3.181,good,0.003,3.40,0,0,0,0,7.46,3,0.0,,,
578,0.8760,-0.1119,-0.1327,2.998,good,0.000,2.66,0,0,0,0,10.68,3,0.0,,,
579,0.8760,-0.1167,0.1020,2.545,good,0.002,3.43,0,0,0,0,25.12,3,0.0,,,
580,0.8760,-0.1123,0.0154,2.878,good,0.000,4.15,0,0,0,0,13.75,3,0.0,,,
583,0.8760,-0.1196,0.0266,2.997,good,0.000,1.93,0,0,0,0,13.26,2,0.0,,,
581,0.8800,-0.1126,-0.0894,3.004,good,0.000,4.05,0,0,0,0,10.79,3,0.0,,,
582,0.8800,-0.1100,0.1477,2.995,shell,1.000,8.59,1,1,1,0,10.11,3,2.4,50|51,567,567
587,0.8800,-0.1199,0.1776,3.004,good,0.000,2.72,0,0,0,0,13.21,2,0.0,,,
588,0.8800,-0.1187,-0.2024,3.008,good,0.000,1.65,0,0,0,0,12.70,2,0.0,,,
594,0.8800,-0.1065,0.0984,3.000,good,0.001,3.42,0,0,0,0,8.83,1,0.0,,,
584,0.8840,-0.1152,-0.1302,3.000,good,0.000,2.49,0,0,0,0,11.72,3,0.0,,,
585,0.8840,-0.1155,0.1104,3.006,good,0.000,2.63,0,0,0,0,11.70,3,0.0,,,
586,0.8840,-0.1133,0.2407,2.996,good,0.024,2.43,0,0,0,0,11.21,3,0.0,,,
593,0.8840,-0.1177,-0.0551,3.012,good,0.000,1.99,0,0,0,0,12.30,2,0.0,,,
589,0.8880,-0.1131,0.2256,3.000,good,0.040,2.76,0,0,0,0,11.04,3,0.0,,,
590,0.8880,-0.1120,0.1282,2.995,good,0.001,4.36,0,0,0,0,10.79,3,0.0,,,
591,0.8880,-0.1101,-0.0964,2.999,good,0.000,3.41,0,0,0,0,10.05,3,0.0,,,
592,0.8880,-0.1102,0.0896,3.001,good,0.391,5.36,0,0,0,0,10.05,3,0.0,,,
595,0.8920,-0.1161,-0.0306,2.999,good,0.005,3.90,0,0,0,0,12.06,3,0.0,,,
599,0.8920,-0.1162,-0.1629,2.992,broken,0.561,3.28,1,1,1,0,12.24,2,2.4,11|10,588,588
596,0.8960,-0.1149,0.1165,2.666,good,0.000,2.72,0,0,0,0,20.60,3,0.0,,,
597,0.8960,-0.1113,-0.1862,2.979,good,0.000,2.87,0,0,0,0,10.92,3,0.0,,,
598,0.8960,-0.1088,0.0610,3.004,good,0.000,1.94,0,0,0,0,9.52,3,0.0,,,
600,0.9000,-0.1130,0.0515,3.016,good,0.000,4.86,0,0,0,0,10.61,3,0.0,,,
601,0.9000,-0.1087,0.1900,2.999,good,0.000,2.50,0,0,0,0,9.60,3,0.0,,,
606,0.9000,-0.1183,-0.2307,3.007,good,0.000,2.85,0,0,0,0,12.59,2,0.0,,,
607,0.9000,-0.1188,0.0839,2.983,good,0.035,8.37,0,0,0,0,13.35,2,0.0,,,
602,0.9040,-0.1149,0.0132,3.000,good,0.000,2.74,0,0,0,0,11.65,3,0.0,,,
603,0.9040,-0.1131,-0.0198,2.973,good,0.202,4.48,0,0,0,0,11.66,3,0.0,,,
604,0.9040,-0.1094,-0.0387,2.992,good,0.000,2.77,0,0,0,0,9.98,3,0.0,,,
605,0.9040,-0.1097,-0.0557,2.990,good,0.093,2.48,0,0,0,0,10.11,3,0.0,,,
612,0.9040,-0.1188,0.1992,2.995,good,0.000,3.70,0,0,0,0,13.06,2,0.0,,,
613,0.9040,-0.1141,-0.1577,3.304,good,0.000,2.68,0,0,0,0,4.80,2,0.0,,,
608,0.9080,-0.1150,0.0128,2.969,good,0.002,4.62,0,0,0,0,12.41,3,0.0,,,
609,0.9080,-0.1083,-0.1829,3.006,good,0.000,3.15,0,0,0,0,9.30,3,0.0,,,
610,0.9080,-0.1106,-0.1265,2.844,good,0.000,2.30,0,0,0,0,14.06,3,0.0,,,
611,0.9080,-0.1116,-0.1166,2.715,good,0.000,2.00,0,0,0,0,17.94,3,0.0,,,
618,0.9080,-0.1197,0.1592,3.266,good,0.010,2.82,0,0,0,0,7.25,2,0.0,,,
614,0.9120,-0.1390,-0.2274,3.000,good,0.005,3.66,0,0,0,0,11.67,1,0.0,,,
615,0.9120,-0.1157,0.2235,2.942,good,0.000,7.19,0,0,0,0,13.33,3,0.0,,,
616,0.9120,-0.1354,-0.2192,3.000,good,0.000,3.20,0,0,0,0,10.46,1,0.0,,,
617,0.9120,-0.1086,-0.0264,2.866,good,0.000,3.72,0,0,0,0,12.78,3,0.0,,,
621,0.9120,-0.1184,0.0906,3.183,good,0.000,2.09,0,0,0,0,8.61,2,0.0,,,
622,0.9120,-0.1190,-0.0016,3.014,good,0.000,3.75,0,0,0,0,12.67,2,0.0,,,
623,0.9120,-0.1177,0.1563,3.182,good,0.008,3.92,0,0,0,0,8.43,2,0.0,,,
624,0.9120,-0.1154,-0.2233,2.773,good,0.032,8.85,0,0,0,0,17.68,2,0.0,,,
625,0.9120,-0.1166,-0.0499,2.829,good,0.020,1.73,0,0,0,0,16.57,2,0.0,,,
619,0.9160,-0.1142,-0.1764,3.027,good,0.001,2.36,0,0,0,0,10.76,3,0.0,,,
620,0.9160,-0.1226,-0.0751,2.825,good,0.007,3.21,0,0,0,0,14.80,2,0.0,,,
628,0.9160,-0.1165,0.1962,3.017,good,0.002,2.59,0,0,0,0,11.75,2,0.0,,,
633,0.9160,-0.1113,-0.0720,3.000,good,0.004,3.03,0,0,0,0,10.44,1,0.0,,,
634,0.9160,-0.1053,-0.0464,3.000,good,0.138,1.73,0,0,0,0,8.42,1,0.0,,,
626,0.9200,-0.1160,0.0304,3.034,good,0.000,1.90,0,0,0,0,11.17,3,0.0,,,
627,0.9200,-0.1210,-0.0329,2.987,broken,1.000,5.54,1,1,1,0,9.98,2,2.4,27,,
631,0.9200,-0.1169,-0.2382,3.007,good,0.001,13.26,0,0,0,0,12.13,2,0.0,,,
632,0.9200,-0.1164,-0.1136,3.020,good,0.000,2.20,0,0,0,0,11.66,2,0.0,,,
641,0.9200,-0.1090,-0.0366,3.000,broken,1.000,5.54,1,1,1,0,9.67,1,2.4,27,631,
629,0.9240,-0.1158,0.1208,3.003,good,0.000,2.21,0,0,0,0,11.87,3,0.0,,,
630,0.9240,-0.1140,-0.1982,2.937,good,0.000,2.07,0,0,0,0,12.86,3,0.0,,,
640,0.9240,-0.1178,0.1743,2.984,good,0.000,1.85,0,0,0,0,12.98,2,0.0,,,
635,0.9280,-0.1152,0.1035,2.981,good,0.001,2.96,0,0,0,0,12.18,3,0.0,,,
636,0.9280,-0.1265,-0.0064,2.731,stone,0.789,11.24,1,1,1,0,18.96,2,5.9,31|30,,
637,0.9280,-0.1245,-0.0449,2.942,good,0.002,8.10,0,0,0,0,12.29,2,0.0,,,
638,0.9280,-0.1095,-0.0781,2.999,good,0.001,2.01,0,0,0,0,9.86,3,0.0,,,
639,0.9280,-0.1096,0.0543,2.986,good,0.001,3.19,0,0,0,0,10.20,3,0.0,,,
644,0.9280,-0.1192,-0.2122,3.004,good,0.002,3.68,0,0,0,0,12.96,2,0.0,,,
645,0.9280,-0.1158,-0.0095,2.911,broken,0.661,19.98,1,1,1,0,14.12,2,3.6,30,636,
649,0.9280,-0.1127,-0.0407,3.000,good,0.012,8.06,0,0,0,0,10.91,1,0.0,,,
642,0.9320,-0.1112,0.0383,2.980,good,0.004,2.91,0,0,0,0,10.86,3,0.0,,,
643,0.9320,-0.1080,0.2005,3.157,good,0.000,2.94,0,0,0,0,5.90,3,0.0,,,
648,0.9320,-0.1181,-0.1116,3.005,faded,0.995,4.28,1,1,1,0,12.57,2,3.2,17,621,621
646,0.9360,-0.1128,-0.0582,3.026,faded,0.620,3.37,1,1,1,0,10.33,3,3.2,24,651,651
647,0.9360,-0.1088,0.2080,2.979,good,0.008,4.17,0,0,0,0,10.09,3,0.0,,,
651,0.9360,-0.1175,0.1039,3.329,good,0.002,2.44,0,0,0,0,5.32,2,0.0,,,
650,0.9400,-0.1211,0.2362,2.854,good,0.000,5.39,0,0,0,0,13.46,2,0.0,,,
655,0.9400,-0.1109,0.2318,3.317,stick,0.998,73.18,1,1,1,0,3.58,2,2.4,61,617|653,
656,0.9400,-0.1166,0.0726,2.997,good,0.000,2.41,0,0,0,0,12.28,2,0.0,,,
660,0.9400,-0.1041,0.1082,3.000,good,0.090,2.15,0,0,0,0,8.03,1,0.0,,,
652,0.9440,-0.1156,0.0557,2.993,good,0.076,14.18,0,0,0,0,12.03,3,0.0,,,
653,0.9440,-0.1141,0.0714,3.125,good,0.000,2.95,0,0,0,0,8.49,3,0.0,,,
654,0.9440,-0.1134,0.0399,3.041,good,0.001,1.88,0,0,0,0,10.19,3,0.0,,,
659,0.9440,-0.1155,-0.1349,3.055,sour,1.000,15.65,1,1,1,0,10.55,2,3.2,14,635,635
657,0.9480,-0.1105,0.0161,2.999,good,0.000,2.17,0,0,0,0,10.18,3,0.0,,,
658,0.9480,-0.1069,-0.0801,3.273,good,0.001,6.66,0,0,0,0,3.23,3,0.0,,,
661,0.9520,-0.1130,-0.1113,3.012,good,0.000,3.18,0,0,0,0,10.72,3,0.0,,,
666,0.9520,-0.1101,0.2185,3.450,good,0.023,6.16,0,0,0,0,0.90,2,0.0,,,
662,0.9560,-0.1126,-0.1836,3.003,broken,0.807,2.36,1,1,1,0,10.80,3,2.4,8,647,647
663,0.9560,-0.1108,-0.0812,2.958,good,0.000,2.08,0,0,0,0,11.26,3,0.0,,,
664,0.9560,-0.1109,0.1902,2.788,good,0.007,6.70,0,0,0,0,15.64,3,0.0,,,
665,0.9560,-0.1120,-0.0297,2.475,good,0.003,2.45,0,0,0,0,25.66,3,0.0,,,
671,0.9560,-0.1179,0.0299,3.450,husk,0.999,11.37,1,1,1,0,3.17,2,2.4,35|36,685,
673,0.9560,-0.1179,-0.2204,2.995,good,0.002,2.47,0,0,0,0,12.74,2,0.0,,,
667,0.9600,-0.1147,-0.0099,3.001,faded,0.998,4.01,1,1,1,0,11.54,3,3.2,30,667,667
668,0.9600,-0.1139,-0.0824,2.950,good,0.001,2.17,0,0,0,0,12.50,3,0.0,,,
669,0.9600,-0.1136,-0.2151,2.830,good,0.000,2.37,0,0,0,0,15.47,3,0.0,,,
670,0.9600,-0.1112,0.1128,3.012,good,0.000,2.26,0,0,0,0,10.12,3,0.0,,,
672,0.9600,-0.1085,-0.1711,2.965,good,0.006,3.86,0,0,0,0,10.30,3,0.0,,,
674,0.9640,-0.1163,0.2192,3.007,good,0.000,2.83,0,0,0,0,11.92,3,0.0,,,
675,0.9640,-0.1137,0.2340,2.989,good,0.002,2.85,0,0,0,0,11.51,3,0.0,,,
676,0.9640,-0.1135,0.1320,3.004,good,0.000,2.22,0,0,0,0,11.08,3,0.0,,,
677,0.9640,-0.1114,0.0441,2.953,good,0.000,2.40,0,0,0,0,11.59,3,0.0,,,
678,0.9640,-0.1086,-0.1110,2.994,good,0.007,3.03,0,0,0,0,9.67,3,0.0,,,
679,0.9680,-0.1148,-0.0511,2.992,good,0.003,3.01,0,0,0,0,11.79,3,0.0,,,
680,0.9680,-0.1141,0.2010,2.986,good,0.072,4.00,0,0,0,0,11.71,3,0.0,,,
681,0.9680,-0.1069,0.1195,3.450,good,0.000,2.88,0,0,0,0,-0.02,3,0.0,,,
683,0.9680,-0.1196,-0.1118,3.018,good,0.000,1.39,0,0,0,0,12.75,2,0.0,,,
682,0.9720,-0.1095,0.0825,3.007,sour,1.000,18.52,1,1,1,0,9.67,3,3.2,42,660,
686,0.9720,-0.1176,0.0962,2.972,good,0.000,2.36,0,0,0,0,13.21,2,0.0,,,
684,0.9760,-0.1128,-0.2008,2.995,good,0.001,2.86,0,0,0,0,11.04,3,0.0,,,
685,0.9760,-0.1103,0.1634,2.885,good,0.305,2.77,0,0,0,0,12.89,3,0.0,,,
695,0.9760,-0.1057,0.0922,3.000,good,0.000,2.22,0,0,0,0,8.56,1,0.0,,,
687,0.9800,-0.1116,0.1792,2.910,good,0.002,2.17,0,0,0,0,12.70,3,0.0,,,
688,0.9800,-0.1094,0.1476,2.791,black,1.000,51.90,1,1,1,0,15.01,3,3.2,50|51,682,682
693,0.9800,-0.1188,0.0602,3.001,good,0.000,4.08,0,0,0,0,12.92,2,0.0,,,
694,0.9800,-0.1174,0.2327,2.992,good,0.419,6.36,0,0,0,0,12.65,2,0.0,,,
689,0.9840,-0.1124,0.1040,3.029,good,0.001,2.85,0,0,0,0,10.11,3,0.0,,,
690,0.9840,-0.1093,-0.1219,3.058,good,0.085,4.91,0,0,0,0,8.45,3,0.0,,,
691,0.9840,-0.1098,0.0445,3.061,good,0.003,4.79,0,0,0,0,8.54,3,0.0,,,
692,0.9840,-0.1082,0.1615,2.968,good,0.018,3.56,0,0,0,0,10.17,3,0.0,,,
697,0.9840,-0.1198,-0.0487,3.000,good,0.025,3.39,0,0,0,0,13.27,2,0.0,,,
698,0.9840,-0.1174,-0.0294,2.998,insect,0.982,7.26,1,1,1,0,12.53,2,3.1,28,670,670
703,0.9840,-0.1054,0.2378,3.000,insect,0.741,6.09,1,1,1,0,8.48,1,3.0,62,701,
696,0.9880,-0.1145,-0.0559,3.151,good,0.003,3.54,0,0,0,0,8.09,3,0.0,,,
702,0.9880,-0.1188,-0.1652,3.084,faded,1.000,6.75,1,1,1,0,10.95,2,3.2,10|11,696,696
699,0.9920,-0.1171,0.1308,2.693,good,0.002,7.98,0,0,0,0,20.62,3,0.0,,,
700,0.9920,-0.1128,0.0520,3.021,good,0.000,2.13,0,0,0,0,10.42,3,0.0,,,
701,0.9920,-0.1152,-0.0401,2.490,good,0.188,2.89,0,0,0,0,26.42,3,0.0,,,
706,0.9920,-0.1155,0.2132,3.002,good,0.000,1.96,0,0,0,0,11.79,2,0.0,,,
704,0.9960,-0.1149,-0.1851,2.993,good,0.000,2.48,0,0,0,0,11.81,3,0.0,,,
705,0.9960,-0.1098,0.0714,3.065,good,0.000,3.05,0,0,0,0,8.43,3,0.0,,,
710,0.9960,-0.1197,-0.0755,2.721,sour,1.000,21.96,1,1,1,0,20.74,2,3.2,22,678,
707,1.0000,-0.1138,0.2325,3.000,good,0.036,3.04,0,0,0,0,11.26,3,0.0,,,
708,1.0000,-0.1116,-0.0514,2.903,black,1.000,49.17,1,1,1,0,12.89,3,3.2,25,697,
709,1.0000,-0.1089,0.1380,2.997,good,0.000,2.65,0,0,0,0,9.70,3,0.0,,,
718,1.0000,-0.1188,0.1452,3.000,stone,0.992,9.21,1,1,1,0,12.93,1,9.1,50|51|49,705,
711,1.0040,-0.1111,0.2389,3.365,good,0.000,3.07,0,0,0,0,2.73,3,0.0,,,
712,1.0040,-0.1355,0.1479,3.000,stone,0.997,9.59,1,1,1,0,10.51,1,9.1,50|51|49,,
713,1.0040,-0.1126,0.1834,2.851,good,0.000,9.67,0,0,0,0,14.57,3,0.0,,,
716,1.0040,-0.1198,0.2053,2.986,insect,0.783,5.34,1,1,1,0,13.62,2,3.1,58,708,708
717,1.0040,-0.1185,-0.0210,2.977,good,0.000,2.23,0,0,0,0,13.37,2,0.0,,,
714,1.0080,-0.1078,0.0273,3.450,good,0.029,4.87,0,0,0,0,0.24,3,0.0,,,
715,1.0080,-0.1120,0.0043,2.997,broken,1.000,1.47,1,1,1,0,10.75,3,2.4,32,706,706
719,1.0120,-0.1368,-0.0783,3.000,good,0.000,2.03,0,0,0,0,10.92,1,0.0,,,
720,1.0120,-0.1100,-0.1026,3.314,good,0.000,1.76,0,0,0,0,3.38,3,0.0,,,
721,1.0120,-0.1345,-0.0703,3.000,good,0.000,1.87,0,0,0,0,10.18,1,0.0,,,
722,1.0120,-0.1092,-0.0508,2.846,good,0.001,2.88,0,0,0,0,13.51,3,0.0,,,
724,1.0120,-0.1170,-0.1309,3.007,good,0.009,1.82,0,0,0,0,12.19,2,0.0,,,
725,1.0120,-0.1173,0.1781,3.053,good,0.008,4.28,0,0,0,0,11.17,2,0.0,,,
726,1.0120,-0.1109,-0.0750,3.104,good,0.003,5.92,0,0,0,0,7.95,2,0.0,,,
723,1.0160,-0.1083,0.2078,2.993,good,0.000,2.42,0,0,0,0,9.58,3,0.0,,,
730,1.0160,-0.1198,-0.2408,3.183,good,0.005,2.20,0,0,0,0,9.07,2,0.0,,,
731,1.0160,-0.1167,-0.0045,3.001,good,0.135,4.99,0,0,0,0,12.19,2,0.0,,,
727,1.0200,-0.1150,-0.0304,3.007,good,0.006,3.06,0,0,0,0,11.49,3,0.0,,,
728,1.0200,-0.1133,0.2106,2.982,good,0.000,1.73,0,0,0,0,11.53,3,0.0,,,
729,1.0200,-0.1127,-0.0799,2.996,good,0.000,3.48,0,0,0,0,11.02,3,0.0,,,
733,1.0200,-0.1182,0.1803,3.229,good,0.243,3.04,0,0,0,0,7.57,2,0.0,,,
732,1.0240,-0.1097,0.0071,2.994,good,0.000,2.31,0,0,0,0,10.05,3,0.0,,,
734,1.0280,-0.1118,0.0235,2.999,good,0.000,2.98,0,0,0,0,10.61,3,0.0,,,
735,1.0280,-0.1106,0.1638,2.942,good,0.001,3.96,0,0,0,0,11.57,3,0.0,,,
736,1.0280,-0.1096,0.0545,2.999,good,0.000,2.14,0,0,0,0,9.89,3,0.0,,,
740,1.0280,-0.1191,0.1334,3.006,good,0.000,2.24,0,0,0,0,12.90,2,0.0,,,
737,1.0320,-0.1132,0.2424,3.011,good,0.004,3.27,0,0,0,0,10.79,3,0.0,,,
738,1.0320,-0.1127,0.1786,3.006,good,0.000,2.98,0,0,0,0,10.77,3,0.0,,,
739,1.0320,-0.1114,-0.2141,2.848,good,0.001,2.16,0,0,0,0,14.22,3,0.0,,,
747,1.0320,-0.1178,-0.0048,3.010,good,0.000,2.43,0,0,0,0,12.38,2,0.0,,,
741,1.0360,-0.1095,0.0943,3.450,good,0.000,2.56,0,0,0,0,0.71,3,0.0,,,
742,1.0360,-0.1125,-0.1767,2.991,broken,0.998,2.68,1,1,1,0,11.04,3,2.4,9,733,733
743,1.0360,-0.1361,-0.2009,3.000,good,0.000,3.47,0,0,0,0,10.69,1,0.0,,,
744,1.0360,-0.1087,0.1673,3.113,good,0.000,1.91,0,0,0,0,7.03,3,0.0,,,
745,1.0360,-0.1095,0.0706,2.998,good,0.000,2.53,0,0,0,0,9.87,3,0.0,,,
746,1.0360,-0.1094,0.2349,3.000,black,1.000,52.88,1,1,1,0,9.80,3,3.2,62|61,747,747
753,1.0360,-0.1179,-0.1967,2.612,good,0.062,5.82,0,0,0,0,23.43,2,0.0,,,
748,1.0400,-0.1136,-0.1110,2.995,sour,1.000,17.31,1,1,1,0,11.31,3,3.2,17,721,721
749,1.0400,-0.1141,0.1886,3.147,good,0.002,3.01,0,0,0,0,8.03,3,0.0,,,
750,1.0400,-0.1138,0.1558,3.055,good,0.015,8.30,0,0,0,0,10.01,3,0.0,,,
751,1.0400,-0.1114,-0.0766,3.010,good,0.000,3.66,0,0,0,0,10.23,3,0.0,,,
752,1.0400,-0.1082,-0.1541,3.001,good,0.000,3.30,0,0,0,0,9.39,3,0.0,,,
756,1.0400,-0.1194,0.0069,3.005,good,0.000,4.33,0,0,0,0,13.01,2,0.0,,,
757,1.0400,-0.1181,0.2357,3.006,good,0.000,2.11,0,0,0,0,12.56,2,0.0,,,
754,1.0440,-0.1112,-0.2162,2.873,good,0.001,2.59,0,0,0,0,13.50,3,0.0,,,
755,1.0440,-0.1095,-0.0854,3.006,insect,1.000,9.27,1,1,1,0,9.70,3,3.1,21|20,741,741
759,1.0440,-0.1149,-0.2322,3.005,good,0.126,2.70,0,0,0,0,11.52,2,0.0,,,
758,1.0480,-0.1157,0.0248,3.016,insect,0.746,13.54,1,1,1,0,11.53,3,2.7,35|34,724,724
762,1.0480,-0.1193,0.0467,2.992,good,0.002,3.24,0,0,0,0,13.29,2,0.0,,,
763,1.0480,-0.1130,-0.1569,3.450,good,0.483,2.42,0,0,0,0,1.74,2,0.0,,,
760,1.0520,-0.1120,0.0657,3.008,good,0.039,1.65,0,0,0,0,10.50,3,0.0,,,
761,1.0520,-0.1095,0.1512,2.985,good,0.001,1.77,0,0,0,0,10.20,3,0.0,,,
765,1.0520,-0.1183,-0.2335,2.989,good,0.000,4.37,0,0,0,0,13.04,2,0.0,,,
764,1.0560,-0.1120,0.1528,2.766,good,0.001,2.44,0,0,0,0,16.63,3,0.0,,,
768,1.0560,-0.1191,0.1901,2.949,good,0.001,7.85,0,0,0,0,14.32,2,0.0,,,
769,1.0560,-0.1165,0.0727,2.997,good,0.001,3.24,0,0,0,0,12.22,2,0.0,,,
766,1.0600,-0.1116,0.2045,3.003,good,0.009,2.26,0,0,0,0,10.45,3,0.0,,,
767,1.0600,-0.1095,-0.0696,2.716,good,0.309,3.37,0,0,0,0,17.15,3,0.0,,,
774,1.0600,-0.1165,0.0063,3.019,good,0.000,2.07,0,0,0,0,11.72,2,0.0,,,
780,1.0600,-0.1199,0.0405,3.000,good,0.000,1.97,0,0,0,0,13.32,1,0.0,,,
770,1.0640,-0.1152,-0.0463,2.999,good,0.001,2.61,0,0,0,0,11.77,3,0.0,,,
771,1.0640,-0.1125,0.1653,3.001,good,0.327,3.45,0,0,0,0,10.80,3,0.0,,,
772,1.0640,-0.1091,-0.0941,3.079,good,0.000,3.52,0,0,0,0,7.91,3,0.0,,,
773,1.0640,-0.1098,-0.1173,2.830,good,0.001,2.29,0,0,0,0,14.11,3,0.0,,,
778,1.0640,-0.1194,0.1470,3.011,good,0.000,1.72,0,0,0,0,12.86,2,0.0,,,
779,1.0640,-0.1151,0.0465,2.998,good,0.000,4.93,0,0,0,0,11.76,2,0.0,,,
775,1.0680,-0.1259,0.0559,2.919,good,0.000,3.06,0,0,0,0,13.39,2,0.0,,,
776,1.0680,-0.1111,-0.2206,3.001,good,0.000,2.82,0,0,0,0,10.36,3,0.0,,,
777,1.0680,-0.1106,0.1869,2.988,good,0.001,2.70,0,0,0,0,10.48,3,0.0,,,
792,1.0680,-0.1142,0.0501,3.000,good,0.000,2.82,0,0,0,0,11.41,1,0.0,,,
781,1.0720,-0.1143,0.2267,2.986,good,0.001,2.31,0,0,0,0,11.78,3,0.0,,,
782,1.0720,-0.1151,0.0440,2.995,good,0.000,3.55,0,0,0,0,11.83,3,0.0,,,
783,1.0720,-0.1157,0.1448,2.978,good,0.055,3.78,0,0,0,0,12.43,3,0.0,,,
784,1.0720,-0.1140,-0.2165,2.993,black,1.000,51.42,1,1,1,0,11.52,3,3.2,4,777,777
785,1.0720,-0.1124,0.2344,3.052,good,0.016,5.43,0,0,0,0,9.59,3,0.0,,,
786,1.0720,-0.1100,0.2069,3.005,good,0.018,4.23,0,0,0,0,9.88,3,0.0,,,
787,1.0720,-0.1116,-0.0155,2.840,black,1.000,52.06,1,1,1,0,14.52,3,3.2,30|29,775,
791,1.0720,-0.1193,-0.1903,3.000,good,0.382,3.86,0,0,0,0,13.10,2,0.0,,,
795,1.0720,-0.1025,0.0456,3.000,good,0.000,2.85,0,0,0,0,7.51,1,0.0,,,
788,1.0760,-0.1167,-0.1545,3.006,good,0.001,2.27,0,0,0,0,12.09,3,0.0,,,
789,1.0760,-0.1143,-0.0385,2.988,good,0.000,4.56,0,0,0,0,11.75,3,0.0,,,
790,1.0760,-0.1104,-0.1440,2.940,good,0.001,3.37,0,0,0,0,11.56,3,0.0,,,
793,1.0760,-0.1198,0.2353,2.992,good,0.001,3.04,0,0,0,0,13.45,2,0.0,,,
794,1.0760,-0.1182,-0.2075,3.003,good,0.000,2.58,0,0,0,0,12.67,2,0.0,,,
798,1.0800,-0.1193,-0.0064,2.895,good,0.000,2.13,0,0,0,0,15.78,2,0.0,,,
796,1.0840,-0.1095,0.0573,2.998,good,0.000,2.47,0,0,0,0,9.88,3,0.0,,,
797,1.0840,-0.1092,-0.1903,3.003,good,0.409,3.86,0,0,0,0,9.68,3,0.0,,,
801,1.0840,-0.1190,0.0091,3.003,good,0.000,3.20,0,0,0,0,12.93,2,0.0,,,
799,1.0880,-0.1135,-0.2216,2.995,good,0.001,2.39,0,0,0,0,11.28,3,0.0,,,
800,1.0880,-0.1145,0.0745,2.614,good,0.006,7.96,0,0,0,0,22.08,3,0.0,,,
802,1.0880,-0.1188,0.0132,3.098,stick,1.000,88.78,1,1,1,0,10.63,2,2.4,33,776,
803,1.0920,-0.1135,-0.2216,2.995,good,0.038,3.89,0,0,0,0,11.31,3,0.0,,,
804,1.0920,-0.1121,0.1731,2.677,good,0.000,3.29,0,0,0,0,19.23,3,0.0,,,
810,1.0920,-0.1171,0.0297,3.314,good,0.000,3.62,0,0,0,0,5.50,2,0.0,,,
811,1.0920,-0.1171,-0.0436,2.998,good,0.000,2.55,0,0,0,0,12.42,2,0.0,,,
805,1.0960,-0.1139,0.0053,3.103,sour,1.000,23.51,1,1,1,0,8.93,3,3.2,32,806,806
806,1.0960,-0.1128,0.2288,2.998,good,0.003,6.31,0,0,0,0,10.96,3,0.0,,,
807,1.0960,-0.1124,0.1383,3.007,good,0.000,1.84,0,0,0,0,10.64,3,0.0,,,
808,1.0960,-0.1101,-0.1443,3.005,insect,1.000,4.03,1,1,1,0,9.90,3,3.1,13,797,797
809,1.0960,-0.1111,0.0637,2.986,broken,0.996,3.48,1,1,1,0,10.70,3,2.4,40|39,796,796
813,1.0960,-0.1165,0.1051,3.204,good,0.000,2.37,0,0,0,0,7.58,2,0.0,,,
812,1.1000,-0.1155,0.2223,2.936,good,0.003,2.76,0,0,0,0,13.40,3,0.0,,,
814,1.1040,-0.1127,0.1319,2.987,good,0.000,1.63,0,0,0,0,11.20,3,0.0,,,
815,1.1040,-0.1102,-0.0232,3.009,good,0.077,2.44,0,0,0,0,9.87,3,0.0,,,
816,1.1040,-0.1095,-0.1567,2.639,good,0.000,2.48,0,0,0,0,19.38,3,0.0,,,
817,1.1080,-0.1176,0.1100,3.305,good,0.000,1.97,0,0,0,0,5.83,2,0.0,,,
818,1.1080,-0.1183,-0.0415,2.993,faded,0.565,2.79,1,1,1,0,12.95,2,3.2,26,812,812
820,1.1120,-0.1181,-0.0836,2.937,sour,1.000,17.53,1,1,1,0,14.28,2,3.2,21,805,805
819,1.1160,-0.1095,0.0519,3.391,faded,1.000,5.95,1,1,1,0,1.78,3,3.2,38,819,
821,1.1200,-0.1090,0.2433,2.999,stick,1.000,83.60,1,1,1,0,9.70,3,2.4,63|62,808,808
822,1.1200,-0.1120,0.0965,3.027,black,1.000,46.91,1,1,1,0,10.05,3,3.2,44,813,813
823,1.1200,-0.1126,-0.2072,2.826,good,0.082,3.57,0,0,0,0,15.20,3,0.0,,,
827,1.1200,-0.1194,0.0238,3.009,good,0.000,2.73,0,0,0,0,12.92,2,0.0,,,
828,1.1200,-0.1160,0.0554,3.450,good,0.033,3.69,0,0,0,0,2.60,2,0.0,,,
829,1.1200,-0.1197,-0.0830,2.831,good,0.000,2.37,0,0,0,0,17.62,2,0.0,,,
830,1.1200,-0.1158,-0.0639,3.005,good,0.000,2.87,0,0,0,0,11.83,2,0.0,,,
831,1.1200,-0.1150,-0.1584,3.142,good,0.004,1.96,0,0,0,0,8.41,2,0.0,,,
824,1.1240,-0.1406,-0.0534,3.000,good,0.006,3.39,0,0,0,0,12.21,1,0.0,,,
825,1.1240,-0.1149,0.1000,3.014,faded,0.878,3.30,1,1,1,0,11.30,3,3.2,44,815,815
826,1.1240,-0.1137,-0.1187,2.984,faded,0.870,5.60,1,1,1,0,11.62,3,3.2,16|17,822,822
834,1.1240,-0.1196,0.0421,3.004,faded,0.966,4.04,1,1,1,0,13.09,2,3.2,37,817,817
835,1.1240,-0.1229,-0.0524,3.000,good,0.004,3.39,0,0,0,0,10.30,1,0.0,,,
842,1.1240,-0.1052,-0.0514,3.000,good,0.004,3.38,0,0,0,0,8.39,1,0.0,,,
832,1.1280,-0.1107,0.0012,2.993,good,0.006,3.04,0,0,0,0,10.42,3,0.0,,,
833,1.1280,-0.1081,0.1101,3.327,good,0.032,2.75,0,0,0,0,2.54,3,0.0,,,
840,1.1280,-0.1187,-0.1069,2.949,good,0.000,1.92,0,0,0,0,14.17,2,0.0,,,
841,1.1280,-0.1174,-0.0179,2.997,good,0.003,3.14,0,0,0,0,12.55,2,0.0,,,
836,1.1320,-0.1308,0.2259,2.480,good,0.001,8.97,0,0,0,0,29.09,2,0.0,,,
837,1.1320,-0.1276,0.1660,2.585,good,0.000,2.38,0,0,0,0,24.06,2,0.0,,,
838,1.1320,-0.1131,0.1004,2.766,good,0.000,2.99,0,0,0,0,17.02,3,0.0,,,
839,1.1320,-0.1094,-0.0798,2.864,good,0.004,1.67,0,0,0,0,13.09,3,0.0,,,
846,1.1320,-0.1188,0.1863,3.007,good,0.000,2.79,0,0,0,0,12.75,2,0.0,,,
853,1.1320,-0.1173,0.1621,3.000,good,0.000,2.34,0,0,0,0,12.44,1,0.0,,,
843,1.1360,-0.1161,0.0070,2.994,good,0.003,3.15,0,0,0,0,12.18,3,0.0,,,
844,1.1360,-0.1105,0.0512,3.066,faded,1.000,6.35,1,1,1,0,8.66,3,3.2,38,834,834
845,1.1360,-0.1066,0.1392,3.418,good,0.023,4.86,0,0,0,0,0.43,3,0.0,,,
849,1.1360,-0.1190,0.1383,3.035,good,0.000,2.38,0,0,0,0,12.18,2,0.0,,,
850,1.1360,-0.1181,-0.1755,2.999,good,0.000,1.93,0,0,0,0,12.73,2,0.0,,,
851,1.1360,-0.1137,-0.2283,3.222,good,0.031,8.56,0,0,0,0,6.34,2,0.0,,,
852,1.1360,-0.1110,0.2307,2.483,good,0.000,8.61,0,0,0,0,24.99,2,0.0,,,
847,1.1400,-0.1141,0.1303,2.995,good,0.000,2.70,0,0,0,0,11.49,3,0.0,,,
848,1.1400,-0.1082,0.1027,2.988,good,0.003,9.15,0,0,0,0,9.67,3,0.0,,,
857,1.1400,-0.1184,-0.1094,3.108,good,0.000,2.83,0,0,0,0,10.26,2,0.0,,,
862,1.1400,-0.1011,0.2348,3.000,good,0.000,7.74,0,0,0,0,7.02,1,0.0,,,
854,1.1440,-0.1156,-0.0642,2.927,good,0.000,2.54,0,0,0,0,13.67,3,0.0,,,
855,1.1440,-0.1128,0.1328,3.001,good,0.000,2.69,0,0,0,0,10.92,3,0.0,,,
856,1.1440,-0.1099,-0.0946,3.127,good,0.001,2.40,0,0,0,0,7.14,3,0.0,,,
860,1.1440,-0.1200,-0.0410,3.029,good,0.001,3.31,0,0,0,0,12.62,2,0.0,,,
861,1.1440,-0.1164,-0.1840,3.002,good,0.007,4.96,0,0,0,0,12.09,2,0.0,,,
858,1.1480,-0.1136,0.1062,3.016,good,0.000,3.12,0,0,0,0,10.83,3,0.0,,,
859,1.1480,-0.1107,-0.0539,2.977,good,0.000,1.60,0,0,0,0,10.78,3,0.0,,,
867,1.1480,-0.1191,-0.0292,3.002,faded,1.000,6.88,1,1,1,0,13.00,2,3.2,28,843,
868,1.1480,-0.1181,-0.2033,2.964,good,0.002,2.35,0,0,0,0,13.59,2,0.0,,,
869,1.1480,-0.1170,0.1668,3.015,good,0.012,2.44,0,0,0,0,12.00,2,0.0,,,
863,1.1520,-0.1151,0.2022,3.018,good,0.000,2.09,0,0,0,0,11.25,3,0.0,,,
864,1.1520,-0.1136,0.0077,3.008,sour,1.000,16.03,1,1,1,0,11.03,3,3.2,32|33,852,852
865,1.1520,-0.1084,-0.1031,3.389,faded,0.636,6.08,1,1,1,0,1.50,3,3.2,18|19,840|893,
866,1.1520,-0.1083,-0.1925,3.000,good,0.000,1.99,0,0,0,0,9.42,3,0.0,,,
872,1.1520,-0.1168,0.1195,3.157,good,0.000,2.05,0,0,0,0,8.69,2,0.0,,,
873,1.1520,-0.1163,-0.2262,2.997,good,0.005,2.80,0,0,0,0,12.18,2,0.0,,,
870,1.1560,-0.1146,0.1048,3.032,good,0.004,3.57,0,0,0,0,10.75,3,0.0,,,
871,1.1560,-0.1148,0.0454,2.733,good,0.002,2.60,0,0,0,0,18.61,3,0.0,,,
877,1.1600,-0.1170,0.1563,2.986,good,0.001,2.60,0,0,0,0,12.69,2,0.0,,,
878,1.1600,-0.1144,-0.1787,3.007,good,0.000,1.35,0,0,0,0,11.32,2,0.0,,,
874,1.1640,-0.1149,0.0711,3.024,good,0.003,2.52,0,0,0,0,11.07,3,0.0,,,
875,1.1640,-0.1259,-0.1786,2.320,good,0.003,2.87,0,0,0,0,33.35,2,0.0,,,
876,1.1640,-0.1109,0.1308,3.002,good,0.000,2.87,0,0,0,0,10.24,3,0.0,,,
882,1.1640,-0.1191,-0.2091,2.965,good,0.000,2.53,0,0,0,0,13.89,2,0.0,,,
883,1.1640,-0.1187,0.2312,3.077,good,0.003,2.42,0,0,0,0,11.10,2,0.0,,,
886,1.1640,-0.1166,-0.1816,3.000,good,0.004,2.91,0,0,0,0,12.19,1,0.0,,,
879,1.1680,-0.1132,-0.0094,3.102,black,1.000,52.90,1,1,1,0,8.75,3,3.2,30,873,
880,1.1680,-0.1090,0.0147,2.995,faded,1.000,4.78,1,1,1,0,9.78,3,3.2,33|34,848,848
881,1.1680,-0.1088,0.1698,3.062,good,0.253,4.97,0,0,0,0,8.20,3,0.0,,,
885,1.1680,-0.1177,-0.2069,3.267,good,0.000,3.34,0,0,0,0,6.62,2,0.0,,,
884,1.1720,-0.1082,0.0002,3.021,good,0.055,7.00,0,0,0,0,8.90,3,0.0,,,
888,1.1720,-0.1187,-0.0472,3.000,good,0.000,3.44,0,0,0,0,12.88,2,0.0,,,
889,1.1720,-0.1178,0.0949,2.934,good,0.000,1.93,0,0,0,0,14.26,2,0.0,,,
887,1.1760,-0.1110,-0.0696,2.634,good,0.032,2.67,0,0,0,0,20.11,3,0.0,,,
890,1.1760,-0.1150,0.1098,3.450,good,0.016,3.53,0,0,0,0,2.33,2,0.0,,,
891,1.1760,-0.1159,-0.1512,3.006,insect,1.000,7.28,1,1,1,0,11.82,2,3.1,12,871,871
895,1.1800,-0.1199,0.1028,2.999,good,0.000,2.37,0,0,0,0,13.32,2,0.0,,,
896,1.1800,-0.1187,-0.0764,2.991,good,0.000,2.22,0,0,0,0,13.12,2,0.0,,,
897,1.1800,-0.1160,-0.0250,3.030,good,0.000,2.18,0,0,0,0,11.28,2,0.0,,,
892,1.1840,-0.1266,0.0262,3.318,good,0.003,3.47,0,0,0,0,4.30,2,0.0,,,
893,1.1840,-0.1097,-0.0410,2.999,good,0.001,3.56,0,0,0,0,9.94,3,0.0,,,
894,1.1840,-0.1084,-0.1539,2.997,good,0.000,2.49,0,0,0,0,9.53,3,0.0,,,
903,1.1840,-0.1134,0.0296,3.000,good,0.004,3.44,0,0,0,0,11.12,1,0.0,,,
898,1.1880,-0.1104,-0.0607,2.907,good,0.007,3.35,0,0,0,0,12.37,3,0.0,,,
899,1.1880,-0.1092,0.0699,3.003,good,0.000,4.26,0,0,0,0,9.66,3,0.0,,,
902,1.1880,-0.1178,-0.0227,2.970,good,0.000,2.78,0,0,0,0,13.34,2,0.0,,,
900,1.1920,-0.1088,0.1359,3.070,good,0.001,5.49,0,0,0,0,8.01,3,0.0,,,
901,1.1920,-0.1107,0.0766,2.996,good,0.001,7.84,0,0,0,0,10.31,3,0.0,,,
905,1.1920,-0.1192,-0.1727,3.084,good,0.004,3.00,0,0,0,0,11.05,2,0.0,,,
906,1.1920,-0.1160,-0.1614,2.986,good,0.004,7.77,0,0,0,0,12.33,2,0.0,,,
904,1.1960,-0.1147,0.1839,2.904,good,0.001,7.59,0,0,0,0,13.93,3,0.0,,,
908,1.1960,-0.1186,0.1418,2.998,good,0.000,2.54,0,0,0,0,12.92,2,0.0,,,
909,1.1960,-0.1170,0.1318,3.003,good,0.000,2.15,0,0,0,0,12.25,2,0.0,,,
907,1.2000,-0.1168,-0.0941,2.253,good,0.027,1.20,0,0,0,0,36.24,3,0.0,,,
910,1.2040,-0.1083,0.0257,3.033,good,0.000,2.92,0,0,0,0,8.68,3,0.0,,,
913,1.2040,-0.1196,0.0300,3.320,good,0.005,4.78,0,0,0,0,6.15,2,0.0,,,
914,1.2040,-0.1173,-0.1491,2.986,good,0.000,3.97,0,0,0,0,12.78,2,0.0,,,
911,1.2080,-0.1108,0.1563,3.079,good,0.000,3.22,0,0,0,0,8.46,3,0.0,,,
912,1.2080,-0.1122,0.2139,2.991,good,0.000,2.79,0,0,0,0,10.94,3,0.0,,,
916,1.2080,-0.1186,0.0978,3.450,stone,0.900,10.61,1,1,1,0,3.37,2,8.4,44|45|43,975,
918,1.2080,-0.1197,0.0349,3.051,good,0.000,1.82,0,0,0,0,11.99,2,0.0,,,
919,1.2080,-0.1171,-0.1484,2.985,good,0.024,6.77,0,0,0,0,12.73,2,0.0,,,
920,1.2080,-0.1192,-0.1031,3.007,sour,1.000,15.93,1,1,1,0,12.89,2,3.2,18,910,910
921,1.2080,-0.1173,-0.1714,3.004,good,0.000,1.75,0,0,0,0,12.35,2,0.0,,,
915,1.2120,-0.1121,0.0845,2.998,good,0.239,6.55,0,0,0,0,10.75,3,0.0,,,
917,1.2120,-0.1115,-0.1591,2.991,good,0.000,2.59,0,0,0,0,10.71,3,0.0,,,
924,1.2120,-0.1187,0.2220,3.006,good,0.001,6.82,0,0,0,0,12.76,2,0.0,,,
925,1.2120,-0.1182,-0.0109,2.892,good,0.000,2.46,0,0,0,0,15.47,2,0.0,,,
926,1.2120,-0.1157,0.2042,2.997,faded,0.999,5.00,1,1,1,0,11.97,2,3.2,58|57,929,929
929,1.2120,-0.1015,0.1002,3.000,stone,0.876,10.78,1,1,1,0,7.15,1,8.3,44|45|43,975,
922,1.2160,-0.1118,-0.0505,3.010,good,0.000,2.94,0,0,0,0,10.35,3,0.0,,,
923,1.2160,-0.1102,-0.1737,2.782,good,0.001,2.04,0,0,0,0,15.55,3,0.0,,,
928,1.2160,-0.1172,-0.1846,2.875,good,0.000,1.41,0,0,0,0,15.55,2,0.0,,,
927,1.2200,-0.1117,-0.0371,2.908,good,0.019,2.82,0,0,0,0,12.82,3,0.0,,,
934,1.2200,-0.1155,0.2055,3.005,good,0.005,6.33,0,0,0,0,11.73,2,0.0,,,
930,1.2240,-0.1142,0.0568,3.119,good,0.000,2.52,0,0,0,0,8.66,3,0.0,,,
931,1.2240,-0.1140,-0.0674,3.000,good,0.000,2.77,0,0,0,0,11.33,3,0.0,,,
932,1.2240,-0.1152,-0.0450,2.790,good,0.012,2.77,0,0,0,0,17.14,3,0.0,,,
933,1.2240,-0.1102,-0.0051,3.001,faded,0.959,3.88,1,1,1,0,10.05,3,3.2,31,919,
937,1.2240,-0.1160,0.0750,3.360,good,0.003,2.50,0,0,0,0,4.28,2,0.0,,,
938,1.2240,-0.1176,0.1541,2.970,good,0.000,2.02,0,0,0,0,13.26,2,0.0,,,
942,1.2240,-0.1001,-0.0406,3.000,good,0.023,2.85,0,0,0,0,6.70,1,0.0,,,
935,1.2280,-0.1127,0.1893,3.257,good,0.000,2.50,0,0,0,0,5.29,3,0.0,,,
936,1.2280,-0.1108,-0.0525,3.005,good,0.158,4.11,0,0,0,0,10.17,3,0.0,,,
941,1.2280,-0.1193,0.0809,2.998,good,0.000,2.21,0,0,0,0,13.14,2,0.0,,,
949,1.2280,-0.1026,0.0788,3.000,good,0.001,2.50,0,0,0,0,7.52,1,0.0,,,
939,1.2320,-0.1121,0.0292,3.027,sour,1.000,12.62,1,1,1,0,10.08,3,3.2,35,942,
940,1.2320,-0.1109,-0.0118,2.958,good,0.025,2.54,0,0,0,0,11.30,3,0.0,,,
943,1.2360,-0.1247,-0.1207,2.972,insect,1.000,8.34,1,1,1,0,11.61,2,3.1,16,,
944,1.2360,-0.1120,0.2023,3.001,good,0.000,2.19,0,0,0,0,10.64,3,0.0,,,
945,1.2360,-0.1118,0.0106,3.002,good,0.016,3.44,0,0,0,0,10.55,3,0.0,,,
946,1.2360,-0.1111,-0.0558,2.864,good,0.000,1.87,0,0,0,0,13.71,3,0.0,,,
947,1.2360,-0.1086,0.0512,3.034,good,0.000,2.29,0,0,0,0,8.76,3,0.0,,,
948,1.2360,-0.1100,0.0643,2.566,stone,1.000,11.79,1,1,1,0,21.81,3,9.1,40|39|41,907,
951,1.2360,-0.1156,0.1266,3.013,good,0.000,2.47,0,0,0,0,11.57,2,0.0,,,
954,1.2360,-0.1129,-0.1176,3.000,insect,1.000,8.28,1,1,1,0,10.95,1,3.1,16|17,918,918
950,1.2400,-0.1240,0.2340,3.440,shell,1.000,15.77,1,1,1,0,1.12,2,2.4,61|62,,
953,1.2400,-0.1151,0.2428,3.334,good,0.386,9.90,0,0,0,0,4.50,2,0.0,,,
952,1.2440,-0.1112,0.0787,2.999,good,0.000,2.82,0,0,0,0,10.44,3,0.0,,,
955,1.2480,-0.1143,0.1406,3.000,broken,0.931,3.44,1,1,1,0,11.45,3,2.4,49|50,950,950
956,1.2480,-0.1109,0.0137,3.014,good,0.000,3.59,0,0,0,0,9.99,3,0.0,,,
960,1.2480,-0.1181,-0.1813,3.082,insect,1.000,2.64,1,1,1,0,10.77,2,3.1,8,944,944
961,1.2480,-0.1221,-0.1243,3.000,stone,1.000,10.72,1,1,1,0,10.02,1,9.1,16|15|17,,
957,1.2520,-0.1108,0.1870,3.006,good,0.002,3.79,0,0,0,0,10.10,3,0.0,,,
958,1.2520,-0.1087,-0.0204,3.002,good,0.000,2.63,0,0,0,0,9.55,3,0.0,,,
959,1.2520,-0.1087,-0.1680,3.037,good,0.031,2.38,0,0,0,0,8.70,3,0.0,,,
962,1.2560,-0.1153,-0.2191,2.911,black,1.000,54.22,1,1,1,0,13.95,3,3.2,3|4,953,
963,1.2560,-0.1119,-0.0970,3.028,good,0.001,3.92,0,0,0,0,9.98,3,0.0,,,
967,1.2560,-0.1192,-0.1001,3.012,good,0.000,1.74,0,0,0,0,12.79,2,0.0,,,
964,1.2600,-0.1157,0.1357,2.844,good,0.007,2.71,0,0,0,0,15.85,3,0.0,,,
965,1.2600,-0.1349,-0.0475,3.000,good,0.002,13.40,0,0,0,0,10.29,1,0.0,,,
966,1.2600,-0.1131,0.0585,3.015,good,0.000,1.71,0,0,0,0,10.70,3,0.0,,,
969,1.2600,-0.1111,-0.0516,2.889,good,0.000,5.25,0,0,0,0,13.07,2,0.0,,,
970,1.2600,-0.1121,-0.0430,2.995,good,0.000,2.24,0,0,0,0,10.80,2,0.0,,,
968,1.2640,-0.1092,0.0160,3.020,good,0.003,2.75,0,0,0,0,9.26,3,0.0,,,
974,1.2640,-0.1287,0.1151,3.000,black,1.000,46.56,1,1,1,0,12.25,1,3.2,46,,
981,1.2640,-0.1173,0.1184,3.000,black,1.000,46.62,1,1,1,0,12.44,1,3.2,47|46,955,
971,1.2680,-0.1136,-0.2224,3.000,black,1.000,57.54,1,1,1,0,11.19,3,3.2,3,978,978
972,1.2680,-0.1125,0.0140,2.999,faded,0.756,2.94,1,1,1,0,10.86,3,2.8,33,973,973
973,1.2680,-0.1220,-0.1240,2.804,good,0.007,2.07,0,0,0,0,15.17,2,0.0,,,
989,1.2680,-0.1108,-0.1289,3.000,good,0.005,2.04,0,0,0,0,10.28,1,0.0,,,
990,1.2680,-0.1059,0.1218,3.000,black,1.000,46.62,1,1,1,0,8.64,1,3.2,47,955,
975,1.2720,-0.1146,0.0492,3.093,good,0.000,3.72,0,0,0,0,9.37,3,0.0,,,
976,1.2720,-0.1143,-0.1051,2.999,good,0.001,2.96,0,0,0,0,11.47,3,0.0,,,
977,1.2720,-0.1135,0.1518,2.998,good,0.000,2.98,0,0,0,0,11.22,3,0.0,,,
978,1.2720,-0.1121,0.0121,3.002,good,0.004,3.24,0,0,0,0,10.68,3,0.0,,,
979,1.2720,-0.1108,-0.0426,2.954,good,0.003,4.03,0,0,0,0,11.37,3,0.0,,,
980,1.2720,-0.1097,0.1024,3.006,good,0.000,2.65,0,0,0,0,9.77,3,0.0,,,
986,1.2720,-0.1191,-0.1644,3.084,good,0.000,4.32,0,0,0,0,11.05,2,0.0,,,
987,1.2720,-0.1191,-0.1958,3.126,good,0.000,2.06,0,0,0,0,10.10,2,0.0,,,
988,1.2720,-0.1199,0.0813,2.682,good,0.003,3.89,0,0,0,0,22.01,2,0.0,,,
982,1.2760,-0.1150,0.1660,3.020,good,0.003,2.11,0,0,0,0,11.19,3,0.0,,,
983,1.2760,-0.1121,-0.0253,3.012,good,0.000,2.64,0,0,0,0,10.44,3,0.0,,,
984,1.2760,-0.1069,-0.0340,3.450,good,0.004,3.34,0,0,0,0,-0.02,3,0.0,,,
985,1.2760,-0.1110,0.1238,3.001,good,0.000,3.35,0,0,0,0,10.29,3,0.0,,,
993,1.2760,-0.1196,0.0379,3.008,good,0.005,2.93,0,0,0,0,13.00,2,0.0,,,
994,1.2760,-0.1173,-0.0054,3.001,good,0.001,2.83,0,0,0,0,12.41,2,0.0,,,
991,1.2800,-0.1156,-0.0310,2.978,sour,1.000,24.25,1,1,1,0,12.38,3,3.2,28|27,969,
992,1.2800,-0.1144,0.1592,3.002,good,0.029,3.66,0,0,0,0,11.42,3,0.0,,,
995,1.2840,-0.1157,0.1185,3.007,good,0.000,3.08,0,0,0,0,11.73,3,0.0,,,
996,1.2840,-0.1082,0.0240,2.998,good,0.001,2.49,0,0,0,0,9.45,3,0.0,,,
997,1.2840,-0.1107,-0.0840,2.604,good,0.000,2.97,0,0,0,0,20.91,3,0.0,,,
998,1.2880,-0.1079,0.0693,3.392,good,0.000,2.84,0,0,0,0,1.27,3,0.0,,,
999,1.2880,-0.1086,-0.2199,3.157,good,0.000,2.11,0,0,0,0,6.07,3,0.0,,,
1000,1.2880,-0.1083,0.1283,3.033,good,0.000,3.36,0,0,0,0,8.69,3,0.0,,,
1007,1.2880,-0.1192,0.1968,3.033,good,0.000,3.79,0,0,0,0,12.26,2,0.0,,,
1009,1.2880,-0.1149,0.1767,3.126,good,0.016,5.69,0,0,0,0,8.74,2,0.0,,,
1013,1.2880,-0.1176,0.0765,3.000,shell,1.000,31.26,1,1,1,0,12.52,1,2.4,41,1001,
1001,1.2920,-0.1186,-0.1875,2.589,good,0.575,7.57,1,1,1,0,24.43,3,2.4,8|7,1031,1031
1002,1.2920,-0.1132,-0.0351,3.000,good,0.000,2.83,0,0,0,0,11.07,3,0.0,,,
1003,1.2920,-0.1194,0.0758,2.434,good,0.000,1.89,0,0,0,0,30.13,3,0.0,,,
1004,1.2920,-0.1139,-0.1597,2.971,good,0.003,2.29,0,0,0,0,11.99,3,0.0,,,
1005,1.2920,-0.1060,-0.0434,3.450,faded,0.999,4.60,1,1,1,0,-0.28,3,3.2,26,1044,
1006,1.2920,-0.1090,-0.1707,3.006,good,0.000,3.02,0,0,0,0,9.51,3,0.0,,,
1008,1.2920,-0.1327,0.0802,3.000,shell,1.000,36.26,1,1,1,0,9.58,1,2.4,42,,
1011,1.2920,-0.1196,0.0576,2.807,good,0.164,3.29,0,0,0,0,18.24,2,0.0,,,
1012,1.2920,-0.1191,0.2316,3.001,good,0.000,3.11,0,0,0,0,13.02,2,0.0,,,
1018,1.2920,-0.1024,0.0729,3.000,shell,1.000,30.23,1,1,1,0,7.47,1,2.4,41,1001,
1010,1.2960,-0.1085,-0.1530,2.994,good,0.000,3.00,0,0,0,0,9.64,3,0.0,,,
1014,1.3000,-0.1145,-0.1031,3.010,faded,0.767,3.62,1,1,1,0,11.27,3,3.2,18|19,1015,
1015,1.3000,-0.1149,0.0366,2.996,good,0.001,2.91,0,0,0,0,11.73,3,0.0,,,
1016,1.3000,-0.1105,-0.0168,3.008,good,0.000,3.00,0,0,0,0,10.00,3,0.0,,,
1017,1.3000,-0.1218,-0.0462,2.545,good,0.000,3.56,0,0,0,0,23.13,2,0.0,,,
1020,1.3000,-0.1180,0.1280,2.943,good,0.000,2.14,0,0,0,0,14.08,2,0.0,,,
1021,1.3000,-0.1184,0.0970,3.002,good,0.002,3.28,0,0,0,0,12.75,2,0.0,,,
1026,1.3000,-0.1116,-0.0420,3.000,good,0.000,3.37,0,0,0,0,10.54,1,0.0,,,
1019,1.3040,-0.1130,-0.0347,3.227,good,0.000,2.32,0,0,0,0,5.99,3,0.0,,,
1025,1.3040,-0.1193,0.2340,2.910,good,0.000,1.94,0,0,0,0,15.36,2,0.0,,,
1022,1.3080,-0.1109,-0.1984,3.134,good,0.001,2.36,0,0,0,0,7.29,3,0.0,,,
1023,1.3080,-0.1128,-0.0449,2.992,good,0.015,2.85,0,0,0,0,11.12,3,0.0,,,
1024,1.3080,-0.1107,0.0093,2.986,good,0.000,2.38,0,0,0,0,10.55,3,0.0,,,
1030,1.3120,-0.1200,0.1549,3.003,black,1.000,47.27,1,1,1,0,13.24,2,3.2,51|52,1007,
1031,1.3120,-0.1181,-0.0097,3.362,good,0.001,2.31,0,0,0,0,4.87,2,0.0,,,
1028,1.3160,-0.1127,-0.0330,2.885,good,0.002,5.14,0,0,0,0,13.75,3,0.0,,,
1029,1.3160,-0.1082,-0.1857,2.997,good,0.002,3.07,0,0,0,0,9.47,3,0.0,,,
1035,1.3160,-0.1157,-0.0118,3.368,good,0.004,3.21,0,0,0,0,4.06,2,0.0,,,
1036,1.3160,-0.1166,-0.1851,3.217,good,0.000,3.90,0,0,0,0,7.33,2,0.0,,,
1042,1.3160,-0.1047,-0.0132,3.000,good,0.000,2.23,0,0,0,0,8.22,1,0.0,,,
1027,1.3200,-0.1322,0.1663,2.234,shell,1.000,6.44,1,1,1,0,35.91,2,2.4,53,,
1032,1.3200,-0.1122,-0.0654,3.023,good,0.001,2.09,0,0,0,0,10.20,3,0.0,,,
1033,1.3200,-0.1123,0.1423,3.053,good,0.000,2.47,0,0,0,0,9.55,3,0.0,,,
1034,1.3200,-0.1092,0.0050,3.017,good,0.000,1.81,0,0,0,0,9.34,3,0.0,,,
1040,1.3200,-0.1199,-0.1736,3.004,good,0.000,2.73,0,0,0,0,13.18,2,0.0,,,
1041,1.3200,-0.1142,0.1698,2.244,shell,0.999,6.15,1,1,1,0,35.46,2,2.4,53,960,
1045,1.3200,-0.1012,-0.0364,3.000,good,0.001,4.03,0,0,0,0,7.06,1,0.0,,,
1037,1.3240,-0.1152,-0.0440,3.038,faded,1.000,6.43,1,1,1,0,10.83,3,3.2,26,1036,
1038,1.3240,-0.1147,0.0053,3.094,good,0.000,2.52,0,0,0,0,9.38,3,0.0,,,
1039,1.3240,-0.1103,0.0776,2.923,good,0.012,2.63,0,0,0,0,11.94,3,0.0,,,
1052,1.3240,-0.1053,0.1728,3.000,shell,0.999,6.09,1,1,1,0,8.42,1,2.4,54|53,960,
1043,1.3280,-0.1156,-0.0168,3.293,insect,0.606,19.44,1,1,1,0,5.46,3,2.9,29|30,1046,
1044,1.3280,-0.1123,-0.0091,3.009,good,0.001,1.40,0,0,0,0,10.55,3,0.0,,,
1048,1.3280,-0.1171,0.0648,3.007,good,0.000,2.16,0,0,0,0,12.21,2,0.0,,,
1049,1.3280,-0.1154,0.0762,3.089,good,0.000,3.44,0,0,0,0,9.74,2,0.0,,,
1050,1.3280,-0.1133,0.0440,3.004,good,0.003,6.15,0,0,0,0,11.00,2,0.0,,,
1051,1.3280,-0.1149,-0.0159,3.394,good,0.326,19.11,1,1,1,0,3.32,2,9.0,29|30|28,1046,1046
1046,1.3320,-0.1156,0.0027,3.014,good,0.000,3.59,0,0,0,0,11.52,3,0.0,,,
1047,1.3320,-0.1236,0.1331,3.345,good,0.000,2.39,0,0,0,0,2.85,2,0.0,,,
1055,1.3320,-0.1165,-0.0834,3.167,good,0.001,2.16,0,0,0,0,8.37,2,0.0,,,
1061,1.3320,-0.1103,0.1370,3.000,good,0.000,2.07,0,0,0,0,10.09,1,0.0,,,
1053,1.3360,-0.1142,0.1205,3.004,good,0.042,3.99,0,0,0,0,11.29,3,0.0,,,
1054,1.3360,-0.1132,-0.0791,2.999,good,0.066,3.17,0,0,0,0,11.10,3,0.0,,,
1060,1.3360,-0.1187,-0.0456,2.967,good,0.000,2.80,0,0,0,0,13.72,2,0.0,,,
1056,1.3400,-0.1144,0.1276,2.874,good,0.000,2.61,0,0,0,0,14.59,3,0.0,,,
1057,1.3400,-0.1106,-0.1853,2.991,good,0.001,2.90,0,0,0,0,10.41,3,0.0,,,
1058,1.3400,-0.1331,0.2216,3.000,good,0.001,8.48,0,0,0,0,9.71,1,0.0,,,
1059,1.3400,-0.1086,-0.1288,2.997,faded,0.948,3.40,1,1,1,0,9.59,3,3.2,15,1052,
1062,1.3400,-0.1173,0.0435,3.000,good,0.000,2.43,0,0,0,0,12.44,2,0.0,,,
1063,1.3400,-0.1225,0.2246,3.000,good,0.002,6.77,0,0,0,0,10.18,1,0.0,,,
1069,1.3400,-0.1119,0.2276,3.000,good,0.002,6.76,0,0,0,0,10.65,1,0.0,,,
1068,1.3440,-0.1175,-0.2021,3.005,good,0.000,2.44,0,0,0,0,12.40,2,0.0,,,
1075,1.3440,-0.1014,0.2306,3.000,good,0.004,6.73,0,0,0,0,7.12,1,0.0,,,
1064,1.3480,-0.1133,-0.1180,2.976,good,0.000,2.40,0,0,0,0,11.67,3,0.0,,,
1065,1.3480,-0.1126,0.0657,3.000,good,0.000,2.10,0,0,0,0,10.85,3,0.0,,,
1066,1.3480,-0.1106,-0.1825,3.036,good,0.005,3.21,0,0,0,0,9.37,3,0.0,,,
1067,1.3480,-0.1112,0.1889,3.000,good,0.001,2.55,0,0,0,0,10.41,3,0.0,,,
1074,1.3480,-0.1173,-0.0658,2.976,good,0.000,2.52,0,0,0,0,13.02,2,0.0,,,
1070,1.3520,-0.1143,-0.2131,3.005,good,0.000,2.47,0,0,0,0,11.33,3,0.0,,,
1071,1.3520,-0.1125,0.0818,3.002,sour,1.000,11.93,1,1,1,0,10.80,3,3.2,42,1054,1054
1072,1.3520,-0.1114,-0.1598,2.905,good,0.000,2.39,0,0,0,0,12.76,3,0.0,,,
1073,1.3520,-0.1119,0.1283,2.999,good,0.000,2.43,0,0,0,0,10.66,3,0.0,,,
1076,1.3520,-0.1185,0.0482,2.962,good,0.000,2.39,0,0,0,0,13.75,2,0.0,,,
1077,1.3520,-0.1178,0.2355,2.971,good,0.026,2.98,0,0,0,0,13.29,2,0.0,,,
1078,1.3520,-0.1178,-0.1047,2.958,good,0.004,3.01,0,0,0,0,13.65,2,0.0,,,
1079,1.3520,-0.1168,-0.0744,2.925,good,0.000,1.92,0,0,0,0,14.12,2,0.0,,,
1081,1.3560,-0.1191,-0.0395,2.987,good,0.002,2.51,0,0,0,0,13.35,2,0.0,,,
1080,1.3600,-0.1118,0.0713,3.030,stick,1.000,29.44,1,1,1,0,9.90,3,2.4,41|40,1060,1060
1084,1.3600,-0.1179,0.2273,3.002,good,0.013,3.25,0,0,0,0,12.60,2,0.0,,,
1082,1.3640,-0.1257,0.1385,2.617,good,0.010,3.12,0,0,0,0,22.23,2,0.0,,,
1083,1.3640,-0.1074,-0.2030,3.313,good,0.000,3.93,0,0,0,0,2.61,3,0.0,,,
1085,1.3640,-0.1177,-0.0751,3.145,good,0.413,8.32,0,0,0,0,9.23,2,0.0,,,
1089,1.3640,-0.1152,0.1353,3.000,good,0.019,3.24,0,0,0,0,11.75,1,0.0,,,
1088,1.3680,-0.1163,-0.1718,2.994,good,0.006,2.40,0,0,0,0,12.25,2,0.0,,,
1086,1.3720,-0.1168,0.1304,2.567,good,0.000,2.36,0,0,0,0,24.45,3,0.0,,,
1087,1.3720,-0.1124,-0.2201,3.057,good,0.010,2.11,0,0,0,0,9.47,3,0.0,,,
1094,1.3720,-0.1161,0.1100,3.353,good,0.117,3.42,0,0,0,0,4.43,2,0.0,,,
1095,1.3720,-0.1141,0.1751,3.073,good,0.006,4.19,0,0,0,0,9.70,2,0.0,,,
1090,1.3760,-0.1152,0.0255,3.056,good,0.000,1.82,0,0,0,0,10.43,3,0.0,,,
1091,1.3760,-0.1127,-0.0970,3.034,good,0.000,3.05,0,0,0,0,10.08,3,0.0,,,
1092,1.3760,-0.1102,-0.0359,2.945,good,0.000,2.88,0,0,0,0,11.35,3,0.0,,,
1093,1.3760,-0.1085,0.0344,3.060,good,0.004,1.90,0,0,0,0,8.14,3,0.0,,,
1098,1.3760,-0.1198,0.1998,2.995,good,0.000,3.32,0,0,0,0,13.39,2,0.0,,,
1099,1.3760,-0.1182,0.2422,3.016,good,0.002,5.59,0,0,0,0,12.34,2,0.0,,,
1105,1.3760,-0.1027,0.1135,3.000,good,0.005,2.89,0,0,0,0,7.56,1,0.0,,,
1096,1.3800,-0.1107,-0.0204,3.011,good,0.000,2.28,0,0,0,0,9.98,3,0.0,,,
1097,1.3800,-0.1089,0.1632,3.011,good,0.010,2.22,0,0,0,0,9.39,3,0.0,,,
1104,1.3800,-0.1173,0.1735,2.997,good,0.000,3.06,0,0,0,0,12.50,2,0.0,,,
1100,1.3840,-0.1158,0.1873,2.825,good,0.000,2.74,0,0,0,0,16.40,3,0.0,,,
1101,1.3840,-0.1129,0.0955,2.980,good,0.004,3.92,0,0,0,0,11.45,3,0.0,,,
1102,1.3840,-0.1106,-0.1885,2.994,good,0.000,2.59,0,0,0,0,10.36,3,0.0,,,
1103,1.3840,-0.1213,-0.2263,2.500,good,0.032,5.45,0,0,0,0,24.52,2,0.0,,,
1107,1.3840,-0.1162,0.0319,2.997,good,0.000,2.00,0,0,0,0,12.16,2,0.0,,,
1110,1.3840,-0.1113,-0.2297,3.000,good,0.019,5.50,0,0,0,0,10.43,1,0.0,,,
1106,1.3880,-0.1133,-0.0901,2.981,good,0.001,3.40,0,0,0,0,11.56,3,0.0,,,
1108,1.3920,-0.1123,-0.1744,3.021,good,0.002,3.53,0,0,0,0,10.25,3,0.0,,,
1109,1.3920,-0.1140,-0.0852,3.005,good,0.000,3.58,0,0,0,0,11.21,3,0.0,,,
1114,1.3920,-0.1194,0.1319,3.226,good,0.002,2.59,0,0,0,0,8.00,2,0.0,,,
1115,1.3920,-0.1175,-0.1028,2.998,good,0.001,3.39,0,0,0,0,12.56,2,0.0,,,
1111,1.3960,-0.1178,-0.1883,2.637,good,0.001,2.03,0,0,0,0,22.57,3,0.0,,,
1112,1.3960,-0.1144,0.1831,3.013,good,0.001,3.13,0,0,0,0,11.17,3,0.0,,,
1113,1.3960,-0.1215,0.1185,3.450,good,0.000,2.99,0,0,0,0,0.21,2,0.0,,,
1116,1.3960,-0.1194,0.0912,2.953,good,0.000,2.71,0,0,0,0,14.30,2,0.0,,,
1117,1.3960,-0.1178,0.1438,2.997,good,0.000,3.33,0,0,0,0,12.70,2,0.0,,,
1118,1.3960,-0.1160,0.0666,2.997,good,0.002,5.05,0,0,0,0,12.08,2,0.0,,,
1123,1.3960,-0.1068,0.1157,3.000,good,0.000,2.86,0,0,0,0,8.92,1,0.0,,,
1122,1.4000,-0.1162,0.1144,3.013,good,0.001,3.20,0,0,0,0,11.78,2,0.0,,,
1119,1.4040,-0.1142,-0.1339,2.998,good,0.002,2.50,0,0,0,0,11.44,3,0.0,,,
1120,1.4040,-0.1120,-0.2243,2.979,good,0.007,3.23,0,0,0,0,11.16,3,0.0,,,
1121,1.4040,-0.1074,0.1023,3.183,good,0.002,2.59,0,0,0,0,5.16,3,0.0,,,
1124,1.4080,-0.1159,-0.0981,3.002,good,0.000,1.97,0,0,0,0,11.92,3,0.0,,,
1125,1.4080,-0.1147,-0.2359,2.995,good,0.001,3.14,0,0,0,0,11.69,3,0.0,,,
1126,1.4080,-0.1081,0.2047,3.044,good,0.000,2.28,0,0,0,0,8.37,3,0.0,,,
1130,1.4080,-0.1187,-0.1323,3.006,black,1.000,46.65,1,1,1,0,12.75,2,3.2,15|14,1105,1105
1131,1.4080,-0.1170,0.0137,3.131,good,0.000,2.49,0,0,0,0,9.28,2,0.0,,,
1127,1.4120,-0.1107,0.2001,3.053,good,0.000,3.11,0,0,0,0,9.03,3,0.0,,,
1128,1.4120,-0.1098,0.0353,3.004,good,0.000,2.36,0,0,0,0,9.84,3,0.0,,,
1129,1.4120,-0.1087,0.0536,3.001,good,0.001,1.89,0,0,0,0,9.52,3,0.0,,,
1136,1.4120,-0.1178,-0.2277,3.001,good,0.000,2.32,0,0,0,0,12.56,2,0.0,,,
1137,1.4120,-0.1163,0.1653,3.006,good,0.001,2.86,0,0,0,0,11.94,2,0.0,,,
1138,1.4120,-0.1166,0.0242,3.019,insect,1.000,3.94,1,1,1,0,11.75,2,3.1,35|34,1094,1094
1132,1.4160,-0.1148,0.1803,3.134,good,0.003,2.44,0,0,0,0,8.54,3,0.0,,,
1133,1.4160,-0.1098,-0.1310,3.050,good,0.001,1.87,0,0,0,0,8.80,3,0.0,,,
1134,1.4160,-0.1112,0.0549,2.967,good,0.000,1.91,0,0,0,0,11.18,3,0.0,,,
1135,1.4160,-0.1090,-0.0993,3.009,good,0.001,2.27,0,0,0,0,9.45,3,0.0,,,
1140,1.4160,-0.1196,0.0114,3.007,good,0.000,1.86,0,0,0,0,13.04,2,0.0,,,
1141,1.4160,-0.1194,0.0824,3.237,good,0.007,2.49,0,0,0,0,7.79,2,0.0,,,
1139,1.4200,-0.1166,-0.0140,2.743,good,0.000,2.45,0,0,0,0,18.95,3,0.0,,,
1144,1.4200,-0.1182,0.0728,3.450,good,0.000,3.37,0,0,0,0,3.26,2,0.0,,,
1145,1.4200,-0.1168,0.2023,2.991,good,0.001,3.15,0,0,0,0,12.49,2,0.0,,,
1142,1.4240,-0.1102,0.2301,3.007,good,0.045,9.15,0,0,0,0,9.90,3,0.0,,,
1143,1.4240,-0.1104,-0.2307,2.844,good,0.001,2.30,0,0,0,0,14.00,3,0.0,,,
1146,1.4280,-0.1270,0.0780,3.013,good,0.000,2.53,0,0,0,0,11.33,2,0.0,,,
1147,1.4280,-0.1126,0.0654,3.174,sour,1.000,37.42,1,1,1,0,6.98,3,3.2,40,1128,1128
1148,1.4280,-0.1089,-0.0900,3.144,good,0.000,3.79,0,0,0,0,6.46,3,0.0,,,
1151,1.4280,-0.1160,0.0438,3.012,faded,0.999,3.93,1,1,1,0,11.70,2,3.2,37,1131,1131
1156,1.4280,-0.1149,0.0813,3.000,good,0.000,2.53,0,0,0,0,11.64,1,0.0,,,
1149,1.4320,-0.1276,0.2131,3.068,black,1.000,51.39,1,1,1,0,10.16,2,3.2,59,,
1150,1.4320,-0.1105,-0.2031,3.149,good,0.027,9.75,0,0,0,0,6.86,3,0.0,,,
1161,1.4320,-0.1153,0.2177,3.000,black,1.000,51.41,1,1,1,0,11.75,1,3.2,59|60,1102,
1152,1.4360,-0.1117,0.0993,2.990,good,0.007,3.27,0,0,0,0,10.80,3,0.0,,,
1153,1.4360,-0.1117,0.1978,2.925,good,0.000,3.22,0,0,0,0,12.37,3,0.0,,,
1154,1.4360,-0.1101,-0.1534,3.007,good,0.000,2.69,0,0,0,0,9.87,3,0.0,,,
1155,1.4360,-0.1090,-0.0643,3.002,good,0.000,1.92,0,0,0,0,9.61,3,0.0,,,
1160,1.4360,-0.1186,0.0746,3.011,good,0.002,5.53,0,0,0,0,12.62,2,0.0,,,
1157,1.4400,-0.1150,0.1037,2.987,good,0.115,3.19,0,0,0,0,11.96,3,0.0,,,
1158,1.4400,-0.1110,0.2457,3.013,good,0.000,2.89,0,0,0,0,10.01,3,0.0,,,
1159,1.4400,-0.1109,0.0360,3.004,faded,1.000,5.23,1,1,1,0,10.21,3,3.2,36,1147,
1162,1.4440,-0.1154,-0.1478,3.018,good,0.045,2.80,0,0,0,0,11.39,3,0.0,,,
1163,1.4440,-0.1124,0.1876,2.988,good,0.000,4.83,0,0,0,0,11.08,3,0.0,,,
1164,1.4440,-0.1088,-0.1122,2.940,good,0.001,2.62,0,0,0,0,11.01,3,0.0,,,
1165,1.4440,-0.1112,0.1978,2.518,shell,0.993,4.70,1,1,1,0,23.89,3,2.4,57,1148,
1172,1.4440,-0.1175,0.0655,3.110,good,0.000,2.42,0,0,0,0,9.91,2,0.0,,,
1173,1.4440,-0.1177,0.1676,2.912,good,0.000,2.34,0,0,0,0,14.77,2,0.0,,,
1166,1.4480,-0.1141,-0.1900,2.381,good,0.230,19.72,1,1,1,0,29.90,3,9.0,7|8|6,1127|1134,
1167,1.4480,-0.1118,-0.2296,2.932,good,0.005,8.07,0,0,0,0,12.25,3,0.0,,,
1168,1.4480,-0.1132,0.1110,3.146,good,0.000,1.95,0,0,0,0,7.76,3,0.0,,,
1169,1.4480,-0.1141,0.1816,2.991,good,0.012,3.26,0,0,0,0,11.57,3,0.0,,,
1170,1.4480,-0.1134,0.1596,3.001,good,0.000,2.13,0,0,0,0,11.11,3,0.0,,,
1171,1.4480,-0.1110,-0.1047,3.014,good,0.000,3.22,0,0,0,0,10.03,3,0.0,,,
1177,1.4480,-0.1054,-0.1856,3.000,good,0.000,2.14,0,0,0,0,8.46,1,0.0,,,
1176,1.4520,-0.1183,0.0352,3.229,good,0.000,3.84,0,0,0,0,7.61,2,0.0,,,
1182,1.4520,-0.1050,-0.1828,3.000,black,1.000,50.72,1,1,1,0,8.33,1,3.2,8,1127,
1183,1.4520,-0.1022,-0.1943,3.000,faded,0.891,3.76,1,1,1,0,7.41,1,3.2,7|6,1134,1134
1174,1.4560,-0.1113,0.1056,2.977,good,0.000,1.90,0,0,0,0,10.98,3,0.0,,,
1175,1.4560,-0.1109,-0.1449,2.965,good,0.007,1.80,0,0,0,0,11.13,3,0.0,,,
1178,1.4560,-0.1192,0.2300,3.244,good,0.012,11.35,0,0,0,0,7.55,2,0.0,,,
1181,1.4560,-0.1100,-0.1780,2.994,good,0.029,3.36,0,0,0,0,10.16,2,0.0,,,
1179,1.4600,-0.1107,-0.0201,2.729,good,0.120,3.20,0,0,0,0,17.20,3,0.0,,,
1180,1.4600,-0.1200,-0.1782,2.676,good,0.004,3.29,0,0,0,0,18.23,2,0.0,,,
1185,1.4600,-0.1198,-0.0702,3.021,good,0.092,3.70,0,0,0,0,12.76,2,0.0,,,
1186,1.4600,-0.1195,0.1831,2.808,good,0.000,2.40,0,0,0,0,18.16,2,0.0,,,
1187,1.4600,-0.1157,0.0894,3.021,good,0.000,3.36,0,0,0,0,11.39,2,0.0,,,
1188,1.4600,-0.1152,-0.1789,3.450,shell,1.000,37.53,1,1,1,0,2.37,2,2.4,9|8,1200,
1192,1.4600,-0.1093,-0.1813,3.000,good,0.003,3.52,0,0,0,0,9.78,1,0.0,,,
1184,1.4640,-0.1082,-0.0821,2.977,good,0.002,3.19,0,0,0,0,9.94,3,0.0,,,
1189,1.4680,-0.1170,0.1744,2.741,good,0.138,7.25,0,0,0,0,19.17,3,0.0,,,
1190,1.4680,-0.1124,-0.0035,3.000,good,0.000,1.94,0,0,0,0,10.82,3,0.0,,,
1191,1.4680,-0.1092,0.0892,3.000,good,0.001,2.67,0,0,0,0,9.72,3,0.0,,,
1193,1.4680,-0.1179,0.1860,3.003,good,0.000,2.94,0,0,0,0,12.56,2,0.0,,,
1194,1.4680,-0.1173,-0.1343,2.892,good,0.001,2.20,0,0,0,0,15.14,2,0.0,,,
1195,1.4680,-0.1183,0.0069,2.931,good,0.001,2.55,0,0,0,0,14.48,2,0.0,,,
1196,1.4720,-0.1188,0.0032,2.999,good,0.000,4.32,0,0,0,0,12.94,2,0.0,,,
1197,1.4720,-0.1180,0.2385,2.980,good,0.001,2.50,0,0,0,0,13.14,2,0.0,,,
1199,1.4760,-0.1196,0.0154,2.989,good,0.000,3.82,0,0,0,0,13.48,2,0.0,,,
1200,1.4760,-0.1172,-0.1192,3.002,good,0.001,2.16,0,0,0,0,12.34,2,0.0,,,
1198,1.4800,-0.1084,0.2153,2.952,good,0.014,2.90,0,0,0,0,10.61,3,0.0,,,
1203,1.4800,-0.1186,0.0027,3.010,good,0.007,5.32,0,0,0,0,12.62,2,0.0,,,
1205,1.4800,-0.1185,0.2295,3.007,good,0.002,3.08,0,0,0,0,12.66,2,0.0,,,
1206,1.4800,-0.1154,-0.1986,2.999,good,0.003,3.05,0,0,0,0,11.83,2,0.0,,,
1207,1.4800,-0.1164,-0.1024,2.994,black,1.000,56.73,1,1,1,0,12.29,2,3.2,18|19,1180,1180
1201,1.4840,-0.1089,-0.1637,2.844,good,0.004,6.89,0,0,0,0,13.46,3,0.0,,,
1202,1.4840,-0.1105,-0.1522,2.871,good,0.000,2.25,0,0,0,0,13.32,3,0.0,,,
1204,1.4840,-0.1107,0.1613,2.775,faded,1.000,5.29,1,1,1,0,15.91,3,3.2,52,1175,
1208,1.4920,-0.1165,0.0886,2.922,sour,1.000,22.49,1,1,1,0,14.10,3,3.2,43,1178,
1209,1.4960,-0.1174,0.1425,2.674,good,0.002,2.53,0,0,0,0,21.31,3,0.0,,,
1210,1.4960,-0.1148,0.2190,2.815,good,0.020,3.12,0,0,0,0,16.30,3,0.0,,,
1211,1.4960,-0.1109,-0.2192,3.019,good,0.008,2.61,0,0,0,0,9.87,3,0.0,,,
1216,1.4960,-0.1173,-0.1461,3.163,good,0.089,6.64,0,0,0,0,8.69,2,0.0,,,
1220,1.4960,-0.1037,0.0931,3.000,sour,1.000,21.99,1,1,1,0,7.89,1,3.2,43|44,1178,
1212,1.5000,-0.1144,-0.0231,3.016,good,0.334,3.71,0,0,0,0,11.11,3,0.0,,,
1213,1.5000,-0.1151,0.0498,2.889,faded,1.000,6.07,1,1,1,0,14.48,3,3.2,38,1203,1203
1214,1.5000,-0.1112,0.0757,3.000,good,0.000,2.02,0,0,0,0,10.40,3,0.0,,,
1215,1.5000,-0.1108,0.1795,2.981,good,0.003,4.00,0,0,0,0,10.71,3,0.0,,,
1219,1.5000,-0.1180,0.0278,2.859,good,0.000,2.02,0,0,0,0,16.25,2,0.0,,,
1227,1.5000,-0.1036,0.2157,3.000,good,0.022,3.06,0,0,0,0,7.85,1,0.0,,,
1217,1.5040,-0.1113,-0.0796,3.155,good,0.000,3.61,0,0,0,0,6.99,3,0.0,,,
1218,1.5040,-0.1136,0.2339,2.921,good,0.000,3.44,0,0,0,0,13.12,3,0.0,,,
1225,1.5040,-0.1180,0.0127,2.996,good,0.000,4.30,0,0,0,0,12.78,2,0.0,,,
1226,1.5040,-0.1164,-0.1223,2.988,good,0.000,1.98,0,0,0,0,12.40,2,0.0,,,
1221,1.5080,-0.1165,0.1634,2.900,good,0.000,2.82,0,0,0,0,14.64,3,0.0,,,
1222,1.5080,-0.1151,-0.1859,3.034,good,0.132,3.02,0,0,0,0,10.91,3,0.0,,,
1223,1.5080,-0.1120,-0.1299,2.923,sour,1.000,25.75,1,1,1,0,12.53,3,3.2,15,1227,1227
1224,1.5080,-0.1097,0.1859,3.001,good,0.123,5.05,0,0,0,0,9.87,3,0.0,,,
1228,1.5120,-0.1127,-0.0110,3.000,sour,1.000,14.72,1,1,1,0,10.91,3,3.2,30,1206,1206
1229,1.5120,-0.1104,0.1833,3.009,good,0.000,2.52,0,0,0,0,9.92,3,0.0,,,
1230,1.5120,-0.1112,0.0621,2.808,good,0.000,2.59,0,0,0,0,15.21,3,0.0,,,
1231,1.5160,-0.1141,0.0752,3.045,good,0.001,3.38,0,0,0,0,10.33,3,0.0,,,
1232,1.5160,-0.1104,0.1625,3.067,good,0.000,1.82,0,0,0,0,8.59,3,0.0,,,
1234,1.5160,-0.1166,0.1774,2.998,good,0.062,2.91,0,0,0,0,12.24,2,0.0,,,
1233,1.5200,-0.1084,-0.1565,3.007,good,0.000,1.35,0,0,0,0,9.31,3,0.0,,,
1236,1.5200,-0.1191,-0.0227,3.061,insect,1.000,5.46,1,1,1,0,11.57,2,3.1,29|28,1221,1221
1237,1.5200,-0.1189,0.2038,3.000,good,0.000,2.92,0,0,0,0,12.97,2,0.0,,,
1235,1.5240,-0.1116,-0.1349,3.023,good,0.001,4.39,0,0,0,0,9.98,3,0.0,,,
1240,1.5240,-0.1195,0.0580,2.996,good,0.000,2.37,0,0,0,0,13.25,2,0.0,,,
1241,1.5240,-0.1186,-0.2052,2.920,good,0.054,3.26,0,0,0,0,14.89,2,0.0,,,
1242,1.5240,-0.1177,-0.1601,3.022,good,0.000,1.92,0,0,0,0,12.03,2,0.0,,,
1243,1.5240,-0.1157,0.0736,3.371,good,0.000,2.12,0,0,0,0,4.00,2,0.0,,,
1238,1.5280,-0.1108,-0.2287,2.858,good,0.013,4.41,0,0,0,0,13.76,3,0.0,,,
1239,1.5280,-0.1084,-0.1366,3.238,good,0.085,3.43,0,0,0,0,4.36,3,0.0,,,
1248,1.5280,-0.1172,0.1307,2.997,good,0.000,2.43,0,0,0,0,12.46,2,0.0,,,
1244,1.5320,-0.1103,0.0042,3.015,good,0.000,3.08,0,0,0,0,9.75,3,0.0,,,
1245,1.5320,-0.1117,0.1060,2.995,good,0.000,3.08,0,0,0,0,10.69,3,0.0,,,
1246,1.5320,-0.1114,0.1521,2.810,good,0.000,3.43,0,0,0,0,15.25,3,0.0,,,
1247,1.5320,-0.1088,-0.0959,3.019,good,0.000,2.55,0,0,0,0,9.18,3,0.0,,,
1250,1.5320,-0.1180,0.1698,3.383,good,0.001,2.37,0,0,0,0,4.42,2,0.0,,,
1251,1.5320,-0.1176,-0.2161,3.132,good,0.002,2.72,0,0,0,0,9.47,2,0.0,,,
1249,1.5360,-0.1123,-0.1326,3.023,faded,0.998,4.67,1,1,1,0,10.23,3,3.2,15|14,1229,1229
1253,1.5360,-0.1193,0.2421,2.920,good,0.000,2.30,0,0,0,0,15.10,2,0.0,,,
1259,1.5360,-0.1051,-0.2207,3.000,good,0.003,2.44,0,0,0,0,8.35,1,0.0,,,
1252,1.5400,-0.1128,-0.0835,2.998,good,0.000,2.81,0,0,0,0,10.97,3,0.0,,,
1256,1.5400,-0.1161,-0.0392,2.973,good,0.000,3.05,0,0,0,0,12.67,2,0.0,,,
1257,1.5400,-0.1143,0.1463,3.077,good,0.007,5.73,0,0,0,0,9.65,2,0.0,,,
1258,1.5400,-0.1146,0.0889,3.157,good,0.000,2.31,0,0,0,0,7.97,2,0.0,,,
1254,1.5440,-0.1157,-0.1096,3.002,good,0.001,7.99,0,0,0,0,11.84,3,0.0,,,
1255,1.5440,-0.1147,0.1938,2.999,good,0.000,2.25,0,0,0,0,11.59,3,0.0,,,
1262,1.5440,-0.1191,-0.0595,2.895,good,0.089,3.65,0,0,0,0,15.66,2,0.0,,,
1260,1.5480,-0.1129,0.1525,3.007,good,0.033,3.61,0,0,0,0,10.80,3,0.0,,,
1261,1.5480,-0.1119,-0.0141,2.893,good,0.001,2.98,0,0,0,0,13.26,3,0.0,,,
1264,1.5480,-0.1186,-0.0982,2.982,good,0.000,2.84,0,0,0,0,13.33,2,0.0,,,
1265,1.5480,-0.1195,0.0733,3.018,good,0.001,2.67,0,0,0,0,12.74,2,0.0,,,
1266,1.5480,-0.1163,0.2274,3.005,good,0.002,3.28,0,0,0,0,11.99,2,0.0,,,
1267,1.5480,-0.1149,-0.0283,3.389,good,0.014,2.84,0,0,0,0,3.42,2,0.0,,,
1263,1.5520,-0.1099,0.1915,2.999,good,0.006,3.23,0,0,0,0,10.01,3,0.0,,,
1269,1.5520,-0.1175,0.1452,3.179,good,0.002,2.78,0,0,0,0,8.43,2,0.0,,,
1270,1.5520,-0.1164,-0.0102,2.999,good,0.000,2.59,0,0,0,0,12.16,2,0.0,,,
1268,1.5560,-0.1133,0.1361,3.004,good,0.000,1.96,0,0,0,0,10.99,3,0.0,,,
1271,1.5600,-0.1235,-0.0390,2.729,good,0.099,2.35,0,0,0,0,17.89,2,0.0,,,
1272,1.5600,-0.1100,0.0281,2.971,good,0.004,2.47,0,0,0,0,10.69,3,0.0,,,
1273,1.5600,-0.1100,0.1203,3.003,good,0.000,3.71,0,0,0,0,9.94,3,0.0,,,
1274,1.5600,-0.1105,0.1851,2.836,good,0.000,2.88,0,0,0,0,14.22,3,0.0,,,
1276,1.5600,-0.1162,-0.1395,2.984,good,0.000,5.89,0,0,0,0,12.47,2,0.0,,,
1280,1.5600,-0.1126,-0.0430,3.000,good,0.013,2.47,0,0,0,0,10.86,1,0.0,,,
1275,1.5640,-0.1155,0.0448,2.677,good,0.001,3.30,0,0,0,0,20.50,3,0.0,,,
1278,1.5640,-0.1176,-0.0955,2.998,good,0.000,3.35,0,0,0,0,12.58,2,0.0,,,
1279,1.5640,-0.1174,-0.0209,2.998,good,0.000,3.51,0,0,0,0,12.52,2,0.0,,,
1277,1.5680,-0.1131,0.2143,2.999,good,0.000,2.77,0,0,0,0,11.04,3,0.0,,,
1281,1.5720,-0.1168,0.1807,2.511,good,0.000,2.65,0,0,0,0,26.36,3,0.0,,,
1282,1.5720,-0.1118,0.0786,3.002,good,0.000,3.26,0,0,0,0,10.54,3,0.0,,,
1283,1.5760,-0.1107,0.1098,2.951,good,0.016,7.37,0,0,0,0,11.41,3,0.0,,,
1284,1.5760,-0.1134,-0.2057,2.769,good,0.011,2.69,0,0,0,0,17.06,3,0.0,,,
1285,1.5760,-0.1094,0.0815,3.007,good,0.004,3.44,0,0,0,0,9.63,3,0.0,,,
1287,1.5760,-0.1192,-0.0371,2.884,good,0.002,2.72,0,0,0,0,15.99,2,0.0,,,
1288,1.5760,-0.1170,0.2262,2.923,good,0.000,2.60,0,0,0,0,14.26,2,0.0,,,
1286,1.5800,-0.1096,-0.1767,3.010,good,0.000,3.89,0,0,0,0,9.66,3,0.0,,,
1291,1.5800,-0.1193,0.1262,3.013,good,0.000,2.18,0,0,0,0,12.79,2,0.0,,,
1293,1.5800,-0.1189,0.0600,3.015,good,0.000,2.93,0,0,0,0,12.60,2,0.0,,,
1294,1.5800,-0.1195,0.0677,2.717,sour,1.000,12.37,1,1,1,0,20.76,2,3.2,40,1281,
1295,1.5800,-0.1176,0.0302,3.000,good,0.000,2.90,0,0,0,0,12.54,2,0.0,,,
1289,1.5840,-0.1138,0.0194,2.987,good,0.018,2.53,0,0,0,0,11.60,3,0.0,,,
1290,1.5840,-0.1131,-0.0752,2.813,good,0.000,3.86,0,0,0,0,15.75,3,0.0,,,
1292,1.5840,-0.1085,-0.0005,2.963,good,0.013,3.46,0,0,0,0,10.36,3,0.0,,,
1298,1.5840,-0.1183,-0.0862,2.980,good,0.036,3.19,0,0,0,0,13.25,2,0.0,,,
1299,1.5840,-0.1189,-0.0187,2.938,good,0.002,4.91,0,0,0,0,14.50,2,0.0,,,
1296,1.5880,-0.1138,0.1384,3.018,insect,0.931,7.85,1,1,1,0,10.84,3,3.1,49,1283|1299,
1297,1.5880,-0.1121,-0.0284,2.998,good,0.000,2.58,0,0,0,0,10.75,3,0.0,,,
1303,1.5880,-0.1147,0.1979,3.450,good,0.001,5.64,0,0,0,0,2.24,2,0.0,,,
1300,1.5920,-0.1172,0.0591,2.576,good,0.009,2.57,0,0,0,0,24.32,3,0.0,,,
1301,1.5920,-0.1128,0.1539,2.890,good,0.000,3.01,0,0,0,0,13.64,3,0.0,,,
1302,1.5920,-0.1115,-0.0707,2.897,sour,1.000,15.84,1,1,1,0,12.99,3,3.2,22|23,1303,1303
1307,1.5920,-0.1177,0.1660,2.980,good,0.000,2.20,0,0,0,0,13.07,2,0.0,,,
1308,1.5920,-0.1164,0.1883,3.019,good,0.000,1.71,0,0,0,0,11.67,2,0.0,,,
1304,1.5960,-0.1148,-0.0482,3.004,good,0.000,3.02,0,0,0,0,11.52,3,0.0,,,
1305,1.5960,-0.1110,0.1232,2.981,good,0.000,2.33,0,0,0,0,10.76,3,0.0,,,
1306,1.5960,-0.1102,-0.1428,2.467,good,0.000,2.26,0,0,0,0,25.21,3,0.0,,,
1310,1.5960,-0.1176,-0.1502,2.861,good,0.008,2.26,0,0,0,0,16.04,2,0.0,,,
1311,1.5960,-0.1104,0.1312,3.450,black,1.000,57.54,1,1,1,0,0.98,2,3.2,48,1326,1326
1315,1.5960,-0.1013,0.1569,3.000,good,0.000,3.01,0,0,0,0,7.10,1,0.0,,,
1309,1.6000,-0.1092,-0.0832,2.814,good,0.035,5.67,0,0,0,0,14.33,3,0.0,,,
1313,1.6000,-0.1198,0.1711,3.007,good,0.002,2.77,0,0,0,0,13.09,2,0.0,,,
1314,1.6000,-0.1168,-0.0043,3.048,good,0.024,2.60,0,0,0,0,11.14,2,0.0,,,
1312,1.6040,-0.1109,-0.1032,3.000,good,0.023,3.37,0,0,0,0,10.28,3,0.0,,,
1317,1.6040,-0.1151,0.1550,3.150,good,0.004,3.10,0,0,0,0,8.31,2,0.0,,,
1323,1.6040,-0.1046,-0.0076,3.000,good,0.017,2.61,0,0,0,0,8.21,1,0.0,,,
1316,1.6080,-0.1231,0.2389,2.887,good,0.025,3.87,0,0,0,0,13.27,2,0.0,,,
1320,1.6080,-0.1171,-0.0177,3.012,good,0.007,7.83,0,0,0,0,12.07,2,0.0,,,
1321,1.6080,-0.1168,0.1782,3.000,good,0.017,2.93,0,0,0,0,12.27,2,0.0,,,
1322,1.6080,-0.1163,0.2057,3.013,good,0.000,2.75,0,0,0,0,11.78,2,0.0,,,
1326,1.6080,-0.1115,0.2430,3.000,good,0.007,3.19,0,0,0,0,10.50,1,0.0,,,
1318,1.6120,-0.1151,-0.1919,2.917,good,0.120,3.48,0,0,0,0,13.76,3,0.0,,,
1319,1.6120,-0.1079,0.1677,3.016,good,0.001,2.93,0,0,0,0,8.94,3,0.0,,,
1325,1.6120,-0.1167,-0.0638,3.004,good,0.000,2.86,0,0,0,0,12.11,2,0.0,,,
1324,1.6160,-0.1088,0.0904,3.026,good,0.000,2.18,0,0,0,0,9.00,3,0.0,,,
1327,1.6200,-0.1137,-0.0784,2.988,good,0.000,3.67,0,0,0,0,11.53,3,0.0,,,
1328,1.6200,-0.1148,0.0727,3.001,good,0.000,2.25,0,0,0,0,11.57,3,0.0,,,
1329,1.6200,-0.1170,0.0381,2.096,good,0.025,5.42,0,0,0,0,43.55,3,0.0,,,
1330,1.6200,-0.1215,-0.0122,2.515,good,0.001,4.66,0,0,0,0,24.07,2,0.0,,,
1335,1.6200,-0.1178,0.1306,3.353,good,0.000,3.73,0,0,0,0,4.95,2,0.0,,,
1336,1.6200,-0.1168,-0.0571,3.000,black,1.000,49.17,1,1,1,0,12.28,2,3.2,24,1304,1304
1341,1.6200,-0.1114,-0.0087,3.000,good,0.000,4.71,0,0,0,0,10.47,1,0.0,,,
1331,1.6240,-0.1152,-0.0574,3.002,good,0.000,2.20,0,0,0,0,11.69,3,0.0,,,
1333,1.6240,-0.1126,0.0620,3.002,good,0.061,3.30,0,0,0,0,10.83,3,0.0,,,
1334,1.6240,-0.1104,-0.2101,2.998,good,0.000,1.53,0,0,0,0,10.19,3,0.0,,,
1340,1.6240,-0.1164,-0.0362,3.014,sour,1.000,16.30,1,1,1,0,11.80,2,3.2,27,1343,1343
1332,1.6280,-0.1094,-0.1586,2.527,broken,1.000,17.49,1,1,1,0,22.86,4,2.4,11,1280,
1337,1.6280,-0.1134,-0.1714,3.093,good,0.000,2.44,0,0,0,0,9.00,3,0.0,,,
1338,1.6280,-0.1095,0.0997,3.372,good,0.000,2.34,0,0,0,0,2.15,3,0.0,,,
1339,1.6280,-0.1343,0.1290,3.000,good,0.124,1.97,0,0,0,0,10.11,1,0.0,,,
1344,1.6280,-0.1185,-0.0881,3.001,black,1.000,50.32,1,1,1,0,12.80,2,3.2,20,1339,
1345,1.6280,-0.1172,-0.1157,2.894,good,0.056,2.42,0,0,0,0,15.08,2,0.0,,,
1346,1.6280,-0.1266,0.1266,3.000,good,0.005,1.70,0,0,0,0,11.52,1,0.0,,,
1350,1.6280,-0.1188,0.1243,3.000,good,0.024,1.72,0,0,0,0,12.94,1,0.0,,,
1342,1.6320,-0.1152,0.1429,3.059,good,0.001,3.04,0,0,0,0,10.34,3,0.0,,,
1343,1.6320,-0.1102,0.1555,2.993,good,0.000,5.61,0,0,0,0,10.22,3,0.0,,,
1359,1.6320,-0.1111,0.1220,3.000,good,0.066,1.69,0,0,0,0,10.36,1,0.0,,,
1347,1.6360,-0.1105,-0.1722,3.215,good,0.002,3.24,0,0,0,0,5.46,3,0.0,,,
1348,1.6360,-0.1113,-0.1844,3.001,good,0.001,2.48,0,0,0,0,10.41,3,0.0,,,
1349,1.6360,-0.1117,-0.1126,2.391,good,0.002,2.11,0,0,0,0,28.55,3,0.0,,,
1352,1.6360,-0.1200,0.0483,3.129,good,0.000,2.67,0,0,0,0,10.31,2,0.0,,,
1353,1.6360,-0.1192,-0.2025,3.003,good,0.007,2.77,0,0,0,0,13.00,2,0.0,,,
1354,1.6360,-0.1194,0.0978,2.998,good,0.000,2.44,0,0,0,0,13.18,2,0.0,,,
1355,1.6360,-0.1179,-0.2183,3.073,good,0.011,2.14,0,0,0,0,10.92,2,0.0,,,
1356,1.6360,-0.1189,0.1432,3.008,good,0.006,4.38,0,0,0,0,12.76,2,0.0,,,
1357,1.6360,-0.1157,0.2068,2.991,good,0.000,2.48,0,0,0,0,12.13,2,0.0,,,
1358,1.6360,-0.1163,-0.0408,3.111,good,0.002,2.92,0,0,0,0,9.52,2,0.0,,,
1365,1.6360,-0.1033,0.1196,3.000,good,0.017,1.71,0,0,0,0,7.77,1,0.0,,,
1351,1.6400,-0.1106,-0.0961,3.001,good,0.000,2.46,0,0,0,0,10.16,3,0.0,,,
1364,1.6400,-0.1171,0.0280,3.094,good,0.001,2.94,0,0,0,0,10.16,2,0.0,,,
1371,1.6400,-0.1022,-0.1158,3.000,good,0.003,2.12,0,0,0,0,7.39,1,0.0,,,
1360,1.6440,-0.1148,-0.2323,2.918,good,0.010,3.57,0,0,0,0,13.60,3,0.0,,,
1361,1.6440,-0.1137,0.0952,2.874,good,0.003,2.43,0,0,0,0,14.37,3,0.0,,,
1362,1.6440,-0.1109,0.1232,3.032,good,0.000,3.11,0,0,0,0,9.54,3,0.0,,,
1363,1.6440,-0.1101,-0.1364,3.188,good,0.090,4.64,0,0,0,0,5.91,3,0.0,,,
1369,1.6440,-0.1160,-0.1842,3.011,good,0.006,6.09,0,0,0,0,11.73,2,0.0,,,
1370,1.6440,-0.1173,0.0290,2.821,good,0.019,3.08,0,0,0,0,17.02,2,0.0,,,
1366,1.6480,-0.1130,0.1441,3.263,good,0.001,2.57,0,0,0,0,5.28,3,0.0,,,
1367,1.6480,-0.1148,-0.0636,3.029,faded,0.691,3.22,1,1,1,0,10.92,3,3.2,23|24,1359,1359
1368,1.6480,-0.1380,0.2113,3.000,black,1.000,51.22,1,1,1,0,11.33,1,3.2,59|58,,
1373,1.6480,-0.1236,0.2145,3.000,black,1.000,51.27,1,1,1,0,10.54,1,3.2,59,,
1375,1.6480,-0.1093,0.2177,3.000,black,1.000,51.21,1,1,1,0,9.76,1,3.2,59|60,1375,
1372,1.6520,-0.1136,-0.0606,2.943,good,0.003,3.39,0,0,0,0,12.61,3,0.0,,,
1374,1.6560,-0.1113,0.0746,2.629,faded,1.000,5.14,1,1,1,0,20.38,3,3.2,41,1309,
1380,1.6560,-0.1176,0.1697,3.010,good,0.000,3.77,0,0,0,0,12.28,2,0.0,,,
1376,1.6600,-0.1147,-0.2213,3.003,good,0.022,3.11,0,0,0,0,11.51,3,0.0,,,
1377,1.6600,-0.1171,-0.0092,2.633,good,0.000,3.92,0,0,0,0,22.48,3,0.0,,,
1378,1.6600,-0.1169,0.1514,2.543,good,0.000,2.88,0,0,0,0,25.30,3,0.0,,,
1379,1.6600,-0.1091,0.0812,3.001,good,0.013,3.49,0,0,0,0,9.68,3,0.0,,,
1382,1.6600,-0.1148,-0.1840,3.105,faded,0.998,4.45,1,1,1,0,9.19,2,3.2,8,1345,
1383,1.6600,-0.1140,0.1196,2.816,good,0.002,7.90,0,0,0,0,15.98,2,0.0,,,
1381,1.6640,-0.1155,-0.0774,3.001,good,0.001,2.82,0,0,0,0,11.80,3,0.0,,,
1387,1.6640,-0.1175,-0.0012,3.000,good,0.001,3.51,0,0,0,0,12.49,2,0.0,,,
1388,1.6640,-0.1171,0.0710,2.999,good,0.000,1.92,0,0,0,0,12.39,2,0.0,,,
1389,1.6640,-0.1158,-0.0860,3.093,good,0.006,2.45,0,0,0,0,9.76,2,0.0,,,
1393,1.6640,-0.1066,-0.0126,3.000,good,0.000,3.83,0,0,0,0,8.87,1,0.0,,,
1394,1.6640,-0.1068,0.1550,3.000,good,0.000,2.68,0,0,0,0,8.92,1,0.0,,,
1384,1.6680,-0.1127,-0.1152,3.007,good,0.001,1.85,0,0,0,0,10.75,3,0.0,,,
1385,1.6680,-0.1143,-0.0813,2.803,good,0.001,2.08,0,0,0,0,16.46,3,0.0,,,
1386,1.6680,-0.1112,0.2231,2.997,good,0.000,2.78,0,0,0,0,10.45,3,0.0,,,
1390,1.6720,-0.1155,0.0206,3.003,faded,0.999,4.08,1,1,1,0,11.77,3,3.2,34,1382,
1391,1.6720,-0.1097,0.0673,3.029,good,0.001,3.44,0,0,0,0,9.21,3,0.0,,,
1392,1.6720,-0.1103,-0.2287,2.997,good,0.042,2.92,0,0,0,0,10.17,3,0.0,,,
1399,1.6720,-0.1031,-0.0782,3.000,good,0.002,2.03,0,0,0,0,7.69,1,0.0,,,
1395,1.6760,-0.1142,-0.0738,3.026,good,0.004,1.69,0,0,0,0,10.77,3,0.0,,,
1397,1.6760,-0.1181,0.2178,3.434,good,0.009,2.66,0,0,0,0,3.52,2,0.0,,,
1398,1.6760,-0.1154,-0.1082,3.010,good,0.003,3.17,0,0,0,0,11.56,2,0.0,,,
1396,1.6800,-0.1158,-0.0346,3.002,good,0.000,3.39,0,0,0,0,11.90,3,0.0,,,
1403,1.6800,-0.1172,0.2142,2.930,good,0.007,2.72,0,0,0,0,14.13,2,0.0,,,
1400,1.6840,-0.1150,-0.0103,3.007,sour,1.000,13.57,1,1,1,0,11.48,3,3.2,30,1393,1393
1401,1.6840,-0.1112,-0.0497,3.381,good,0.000,3.43,0,0,0,0,2.47,3,0.0,,,
1402,1.6840,-0.1214,0.0500,2.617,good,0.003,2.98,0,0,0,0,20.61,2,0.0,,,
1407,1.6840,-0.1181,-0.2156,3.141,good,0.000,2.70,0,0,0,0,9.45,2,0.0,,,
1408,1.6840,-0.1179,-0.1967,3.004,black,1.000,109.75,1,1,1,0,12.55,2,3.2,6|7,1362,1362
1413,1.6840,-0.1110,0.0533,3.000,good,0.004,3.09,0,0,0,0,10.32,1,0.0,,,
1404,1.6880,-0.1141,-0.1239,2.996,good,0.000,4.15,0,0,0,0,11.47,3,0.0,,,
1405,1.6880,-0.1133,0.0623,2.875,good,0.013,3.71,0,0,0,0,14.18,3,0.0,,,
1406,1.6880,-0.1102,-0.0220,3.098,good,0.161,3.27,0,0,0,0,7.86,3,0.0,,,
1412,1.6880,-0.1192,0.1488,2.999,good,0.000,1.74,0,0,0,0,13.08,2,0.0,,,
1409,1.6920,-0.1116,-0.0239,2.997,good,0.000,4.01,0,0,0,0,10.58,3,0.0,,,
1410,1.6920,-0.1268,0.0515,2.568,good,0.000,2.82,0,0,0,0,24.32,2,0.0,,,
1411,1.6920,-0.1093,0.0362,2.999,good,0.000,2.36,0,0,0,0,9.79,3,0.0,,,
1416,1.6920,-0.1181,-0.1588,3.202,good,0.000,2.52,0,0,0,0,8.11,2,0.0,,,
1418,1.6920,-0.1162,0.2266,2.988,good,0.001,2.49,0,0,0,0,12.35,2,0.0,,,
1420,1.6920,-0.1165,0.0469,3.000,good,0.000,2.67,0,0,0,0,12.18,1,0.0,,,
1414,1.6960,-0.1157,-0.1507,2.998,good,0.000,1.78,0,0,0,0,11.96,3,0.0,,,
1415,1.6960,-0.1212,0.1007,2.827,good,0.000,2.10,0,0,0,0,14.26,2,0.0,,,
1417,1.6960,-0.1082,-0.1210,2.999,good,0.000,2.15,0,0,0,0,9.40,3,0.0,,,
1419,1.6960,-0.1198,0.0998,3.004,good,0.000,2.97,0,0,0,0,13.19,2,0.0,,,
1425,1.6960,-0.1099,0.0963,3.000,good,0.000,1.88,0,0,0,0,9.97,1,0.0,,,
1424,1.7000,-0.1190,-0.1400,3.001,good,0.017,11.28,0,0,0,0,12.96,2,0.0,,,
1421,1.7040,-0.1114,0.0816,2.988,faded,0.654,6.56,1,1,1,0,10.72,3,3.1,42,1397|1399|1408,1397|1399
1422,1.7040,-0.1115,0.1954,2.909,good,0.000,2.02,0,0,0,0,12.70,3,0.0,,,
1423,1.7040,-0.1093,-0.2335,3.010,good,0.016,2.62,0,0,0,0,9.56,3,0.0,,,
1427,1.7040,-0.1177,0.0239,3.450,good,0.384,20.49,1,1,1,0,3.09,2,9.0,35|34|36,1398|1424,1398
1426,1.7080,-0.1161,-0.1892,2.931,good,0.011,3.01,0,0,0,0,13.73,3,0.0,,,
1431,1.7080,-0.1195,0.0366,2.968,good,0.001,3.10,0,0,0,0,13.95,2,0.0,,,
1432,1.7080,-0.1198,0.1313,2.998,faded,1.000,5.91,1,1,1,0,13.31,2,3.2,48|49,1419,1419
1433,1.7080,-0.1161,-0.0240,2.995,good,0.000,2.47,0,0,0,0,12.16,2,0.0,,,
1428,1.7120,-0.1144,-0.0073,3.000,good,0.000,3.07,0,0,0,0,11.46,3,0.0,,,
1429,1.7120,-0.1267,0.1790,2.760,good,0.005,3.51,0,0,0,0,18.16,2,0.0,,,
1430,1.7120,-0.1131,0.1186,2.805,good,0.001,3.06,0,0,0,0,15.98,3,0.0,,,
1435,1.7120,-0.1182,-0.1799,3.408,good,0.000,7.45,0,0,0,0,4.02,2,0.0,,,
1439,1.7120,-0.1157,0.1824,3.000,good,0.007,3.52,0,0,0,0,11.90,1,0.0,,,
1434,1.7160,-0.1117,-0.0430,3.030,good,0.000,2.61,0,0,0,0,9.87,3,0.0,,,
1437,1.7160,-0.1174,-0.1185,2.799,good,0.001,2.93,0,0,0,0,17.66,2,0.0,,,
1438,1.7160,-0.1176,-0.1056,2.989,good,0.001,2.39,0,0,0,0,12.79,2,0.0,,,
1444,1.7160,-0.1136,0.1921,3.000,husk,1.000,11.85,1,1,1,0,11.21,1,2.4,56,1455,
1436,1.7200,-0.1337,0.1916,3.000,husk,1.000,11.63,1,1,1,0,9.91,1,2.4,56,,
1442,1.7200,-0.1194,-0.0455,2.990,black,1.000,46.45,1,1,1,0,13.39,2,3.2,26|25,1411,1411
1440,1.7240,-0.1148,0.1274,2.999,good,0.000,2.41,0,0,0,0,11.62,3,0.0,,,
1441,1.7240,-0.1095,0.1678,2.813,good,0.001,3.08,0,0,0,0,14.49,3,0.0,,,
1443,1.7240,-0.1112,0.0618,2.481,good,0.000,7.46,0,0,0,0,25.12,3,0.0,,,
1445,1.7280,-0.1124,-0.1946,3.333,good,0.041,2.46,0,0,0,0,3.72,3,0.0,,,
1446,1.7280,-0.1131,0.1364,2.982,good,0.001,4.74,0,0,0,0,11.48,3,0.0,,,
1450,1.7280,-0.1198,0.0269,2.980,good,0.000,4.73,0,0,0,0,13.76,2,0.0,,,
1453,1.7280,-0.1162,-0.1809,3.049,good,0.000,1.64,0,0,0,0,10.93,2,0.0,,,
1456,1.7280,-0.1013,0.0651,3.000,good,0.000,7.14,0,0,0,0,7.09,1,0.0,,,
1447,1.7320,-0.1111,0.1408,3.085,good,0.003,2.95,0,0,0,0,8.42,3,0.0,,,
1448,1.7320,-0.1256,-0.0443,2.715,good,0.001,3.83,0,0,0,0,19.09,2,0.0,,,
1449,1.7320,-0.1106,0.2247,2.989,good,0.001,4.83,0,0,0,0,10.48,3,0.0,,,
1451,1.7320,-0.1217,-0.1027,2.537,good,0.000,3.00,0,0,0,0,23.38,2,0.0,,,
1452,1.7320,-0.1085,-0.0690,2.957,good,0.001,2.31,0,0,0,0,10.50,3,0.0,,,
1454,1.7320,-0.1181,0.0143,2.994,good,0.209,8.59,0,0,0,0,12.85,2,0.0,,,
1455,1.7320,-0.1158,-0.2055,3.000,good,0.000,3.78,0,0,0,0,11.92,2,0.0,,,
1462,1.7320,-0.1147,-0.0413,3.000,good,0.001,3.82,0,0,0,0,11.57,1,0.0,,,
1463,1.7320,-0.1115,-0.1062,3.000,good,0.000,2.73,0,0,0,0,10.51,1,0.0,,,
1458,1.7360,-0.1199,0.0070,2.826,good,0.000,2.81,0,0,0,0,17.81,2,0.0,,,
1459,1.7360,-0.1191,-0.1261,3.005,good,0.000,4.77,0,0,0,0,12.92,2,0.0,,,
1460,1.7360,-0.1162,0.0921,2.990,good,0.000,2.09,0,0,0,0,12.31,2,0.0,,,
1461,1.7360,-0.1168,-0.0779,3.015,good,0.000,2.25,0,0,0,0,11.90,2,0.0,,,
1457,1.7400,-0.1110,0.1947,2.974,good,0.001,3.01,0,0,0,0,10.93,3,0.0,,,
1469,1.7400,-0.1195,0.1547,2.911,good,0.000,2.63,0,0,0,0,15.39,2,0.0,,,
1464,1.7440,-0.1155,-0.2392,2.973,good,0.000,7.44,0,0,0,0,12.49,3,0.0,,,
1465,1.7440,-0.1146,0.2083,3.015,good,0.001,4.20,0,0,0,0,11.17,3,0.0,,,
1466,1.7440,-0.1127,0.1411,2.938,good,0.001,4.28,0,0,0,0,12.41,3,0.0,,,
1467,1.7440,-0.1097,-0.0034,3.139,good,0.001,2.21,0,0,0,0,6.81,3,0.0,,,
1468,1.7440,-0.1092,0.1328,3.011,good,0.277,2.70,0,0,0,0,9.48,3,0.0,,,
1470,1.7440,-0.1317,0.2271,3.000,good,0.000,4.54,0,0,0,0,13.25,1,0.0,,,
1471,1.7440,-0.1250,-0.2458,3.000,good,0.386,5.98,0,0,0,0,10.99,1,0.0,,,
1474,1.7480,-0.1195,-0.0878,2.902,good,0.000,2.07,0,0,0,0,15.65,2,0.0,,,
1475,1.7480,-0.1157,-0.0042,3.450,good,0.002,2.63,0,0,0,0,2.51,2,0.0,,,
1476,1.7480,-0.1186,0.1917,3.242,stick,1.000,39.76,1,1,1,0,7.43,2,2.4,56,1446,
1477,1.7480,-0.1213,0.2241,3.000,good,0.001,2.96,0,0,0,0,9.77,1,0.0,,,
1483,1.7480,-0.1109,0.2211,3.000,good,0.000,4.55,0,0,0,0,10.30,1,0.0,,,
1472,1.7520,-0.1166,0.0032,3.005,good,0.005,4.86,0,0,0,0,12.07,3,0.0,,,
1473,1.7520,-0.1083,-0.0293,3.002,good,0.000,4.02,0,0,0,0,9.39,3,0.0,,,
1482,1.7520,-0.1196,0.1074,2.968,good,0.000,2.42,0,0,0,0,14.00,2,0.0,,,
1487,1.7520,-0.1005,0.2181,3.000,good,0.002,4.65,0,0,0,0,6.82,1,0.0,,,
1478,1.7560,-0.1147,0.0571,3.029,good,0.009,16.08,0,0,0,0,10.90,3,0.0,,,
1479,1.7560,-0.1117,-0.0562,2.999,faded,0.999,4.36,1,1,1,0,10.58,3,3.2,24|25,1461,1461
1480,1.7560,-0.1114,0.1865,2.836,good,0.005,5.65,0,0,0,0,14.52,3,0.0,,,
1481,1.7560,-0.1093,-0.1380,3.005,good,0.000,2.37,0,0,0,0,9.66,3,0.0,,,
1484,1.7560,-0.1170,0.0714,3.004,good,0.000,2.53,0,0,0,0,12.25,2,0.0,,,
1485,1.7560,-0.1167,-0.0069,3.000,good,0.002,3.66,0,0,0,0,12.24,2,0.0,,,
1486,1.7560,-0.1167,0.1404,2.992,good,0.001,2.96,0,0,0,0,12.43,2,0.0,,,
1489,1.7600,-0.1123,-0.2044,3.065,good,0.038,6.24,0,0,0,0,9.26,2,0.0,,,
1490,1.7600,-0.1134,0.0064,3.450,good,0.007,3.64,0,0,0,0,1.86,2,0.0,,,
1488,1.7640,-0.1088,0.0777,2.984,good,0.004,2.96,0,0,0,0,9.98,3,0.0,,,
1495,1.7640,-0.1198,0.0213,3.245,sour,0.998,14.52,1,1,1,0,7.75,2,3.2,34,1448|1486,1486
1496,1.7640,-0.1177,0.1743,3.113,good,0.011,1.92,0,0,0,0,9.94,2,0.0,,,
1501,1.7640,-0.1018,-0.2091,3.000,good,0.038,4.34,0,0,0,0,7.26,1,0.0,,,
1502,1.7640,-0.0994,0.0021,3.000,broken,0.833,3.60,1,1,1,0,6.46,1,2.4,32,1482,
1491,1.7680,-0.1133,-0.0653,3.213,black,1.000,50.00,1,1,1,0,6.39,3,3.2,23,1460,1460
1492,1.7680,-0.1094,-0.1269,3.365,good,0.000,1.90,0,0,0,0,2.24,3,0.0,,,
1493,1.7680,-0.1119,-0.2007,3.047,good,0.002,3.15,0,0,0,0,9.54,3,0.0,,,
1494,1.7680,-0.1101,-0.0809,2.993,insect,1.000,3.19,1,1,1,0,10.22,3,3.1,21,1493,1493
1499,1.7680,-0.1200,0.2388,3.000,good,0.016,2.26,0,0,0,0,13.33,2,0.0,,,
1500,1.7680,-0.1189,-0.0372,2.746,good,0.004,2.41,0,0,0,0,19.69,2,0.0,,,
1497,1.7720,-0.1138,-0.2319,2.986,good,0.005,2.40,0,0,0,0,11.62,3,0.0,,,
1498,1.7720,-0.1119,0.1131,2.633,good,0.000,4.49,0,0,0,0,20.48,3,0.0,,,
1506,1.7760,-0.1193,0.0860,3.285,good,0.000,2.16,0,0,0,0,6.75,2,0.0,,,
1507,1.7760,-0.1149,0.1730,3.450,good,0.000,3.01,0,0,0,0,2.29,2,0.0,,,
1503,1.7800,-0.1123,-0.2331,3.001,good,0.185,4.81,0,0,0,0,10.73,3,0.0,,,
1504,1.7800,-0.1079,0.0279,3.181,good,0.030,3.05,0,0,0,0,5.36,3,0.0,,,
1505,1.7800,-0.1094,-0.0429,3.001,good,0.000,2.78,0,0,0,0,9.78,3,0.0,,,
1510,1.7800,-0.1185,-0.0334,2.921,good,0.003,2.22,0,0,0,0,14.80,2,0.0,,,
1508,1.7840,-0.1147,-0.1695,3.075,good,0.031,2.40,0,0,0,0,9.82,3,0.0,,,
1509,1.7840,-0.1099,-0.2390,2.992,good,0.002,2.39,0,0,0,0,10.15,3,0.0,,,
1512,1.7840,-0.1190,-0.1906,3.013,good,0.001,2.37,0,0,0,0,12.69,2,0.0,,,
1511,1.7880,-0.1117,-0.1371,3.120,good,0.000,2.22,0,0,0,0,7.87,3,0.0,,,
1517,1.7920,-0.1179,0.0052,2.982,good,0.024,3.05,0,0,0,0,13.05,2,0.0,,,
1513,1.7960,-0.1157,0.0251,2.999,good,0.042,3.85,0,0,0,0,11.94,3,0.0,,,
1514,1.7960,-0.1113,-0.1608,2.994,good,0.001,2.74,0,0,0,0,10.56,3,0.0,,,
1515,1.7960,-0.1121,-0.2368,3.000,good,0.154,3.30,0,0,0,0,10.71,3,0.0,,,
1516,1.7960,-0.1079,0.1680,3.147,good,0.001,7.32,0,0,0,0,6.06,3,0.0,,,
1520,1.7960,-0.1193,-0.1177,3.000,good,0.000,2.83,0,0,0,0,13.09,2,0.0,,,
1521,1.7960,-0.1185,-0.0258,3.009,faded,0.924,3.39,1,1,1,0,12.60,2,3.2,28,1529,1529
1518,1.8000,-0.1098,-0.0168,3.026,good,0.000,5.20,0,0,0,0,9.33,3,0.0,,,
1519,1.8000,-0.1082,0.2057,3.146,good,0.000,2.35,0,0,0,0,6.20,3,0.0,,,
1522,1.8040,-0.1154,-0.1402,3.001,insect,1.000,3.68,1,1,1,0,11.78,3,3.1,14|13,1522,1522
1523,1.8040,-0.1159,0.0554,2.870,good,0.000,2.18,0,0,0,0,15.23,3,0.0,,,
1524,1.8040,-0.1133,-0.1844,2.987,good,0.000,1.81,0,0,0,0,11.41,3,0.0,,,
1525,1.8040,-0.1125,0.0760,2.999,good,0.000,1.66,0,0,0,0,10.85,3,0.0,,,
1526,1.8040,-0.1121,0.0351,3.075,good,0.000,3.00,0,0,0,0,8.99,3,0.0,,,
1527,1.8040,-0.1107,0.0864,3.007,good,0.000,2.53,0,0,0,0,10.06,3,0.0,,,
1528,1.8040,-0.1091,-0.0980,2.988,good,0.000,3.50,0,0,0,0,9.99,3,0.0,,,
1531,1.8040,-0.1171,-0.0038,2.912,broken,0.999,2.25,1,1,1,0,14.54,2,2.4,31,1504,
1532,1.8040,-0.1156,-0.0740,3.003,good,0.001,1.87,0,0,0,0,11.81,2,0.0,,,
1529,1.8080,-0.1116,-0.0534,3.000,faded,0.984,3.75,1,1,1,0,10.52,3,3.2,25|24,1503,1503
1530,1.8080,-0.1099,-0.0386,3.000,good,0.000,3.14,0,0,0,0,9.97,3,0.0,,,
1533,1.8120,-0.1129,-0.2366,2.989,sour,1.000,16.88,1,1,1,0,11.23,3,3.2,1,1515,1515
1534,1.8120,-0.1135,0.0484,3.003,faded,0.633,4.11,1,1,1,0,11.09,3,3.2,38|37,1496,1496
1535,1.8120,-0.1090,-0.1054,2.992,good,0.003,2.23,0,0,0,0,9.83,3,0.0,,,
1540,1.8120,-0.1189,-0.0996,2.997,good,0.014,4.58,0,0,0,0,13.07,2,0.0,,,
1536,1.8160,-0.1137,0.0343,3.000,faded,0.976,3.63,1,1,1,0,11.24,3,3.2,36,1508,1508
1537,1.8160,-0.1117,0.2306,2.875,good,0.516,8.79,1,1,1,0,13.63,3,3.1,61,1513|1523,
1538,1.8160,-0.1103,-0.0645,2.934,good,0.000,2.50,0,0,0,0,11.66,3,0.0,,,
1539,1.8160,-0.1086,0.1919,3.000,good,0.000,1.65,0,0,0,0,9.53,3,0.0,,,
1545,1.8200,-0.1161,-0.2307,3.005,good,0.001,2.87,0,0,0,0,11.93,2,0.0,,,
1550,1.8200,-0.1044,0.2345,3.000,good,0.003,4.28,0,0,0,0,8.14,1,0.0,,,
1541,1.8240,-0.1142,-0.1065,2.763,good,0.010,2.60,0,0,0,0,17.54,3,0.0,,,
1542,1.8240,-0.1112,-0.1742,3.037,good,0.015,5.58,0,0,0,0,9.53,3,0.0,,,
1543,1.8240,-0.1252,0.2278,2.967,good,0.150,3.38,0,0,0,0,11.88,2,0.0,,,
1544,1.8240,-0.1090,0.1140,2.867,good,0.002,2.71,0,0,0,0,12.88,3,0.0,,,
1548,1.8240,-0.1172,-0.0614,2.995,good,0.002,9.57,0,0,0,0,12.53,2,0.0,,,
1554,1.8240,-0.1132,0.2311,3.000,good,0.159,3.64,0,0,0,0,11.08,1,0.0,,,
1546,1.8280,-0.1139,-0.1072,3.110,good,0.021,2.80,0,0,0,0,8.76,3,0.0,,,
1547,1.8280,-0.1107,0.1112,2.998,good,0.001,2.91,0,0,0,0,10.30,3,0.0,,,
1549,1.8280,-0.1089,0.0258,2.875,good,0.000,2.91,0,0,0,0,12.65,3,0.0,,,
1552,1.8280,-0.1183,-0.1700,3.129,good,0.005,2.36,0,0,0,0,9.77,2,0.0,,,
1553,1.8280,-0.1157,-0.0077,3.114,good,0.063,3.32,0,0,0,0,9.29,2,0.0,,,
1551,1.8320,-0.1240,0.1221,2.998,good,0.000,2.95,0,0,0,0,10.71,2,0.0,,,
1556,1.8320,-0.1163,0.1480,2.996,good,0.224,5.60,0,0,0,0,12.20,2,0.0,,,
1559,1.8320,-0.1119,0.1259,3.000,good,0.000,2.88,0,0,0,0,10.65,1,0.0,,,
1555,1.8360,-0.1105,-0.0104,3.024,good,0.000,2.44,0,0,0,0,9.64,3,0.0,,,
1557,1.8360,-0.1182,0.1167,2.949,black,1.000,50.83,1,1,1,0,13.99,2,3.2,46|47,1535,1535
1558,1.8360,-0.1172,0.1867,2.998,broken,0.503,4.42,1,1,1,0,12.46,2,2.4,55|56,1547,1547
1563,1.8400,-0.1198,-0.1903,3.450,good,0.003,4.80,0,0,0,0,3.71,2,0.0,,,
1564,1.8400,-0.1178,-0.0235,2.991,good,0.001,2.75,0,0,0,0,12.82,2,0.0,,,
1560,1.8440,-0.1155,0.0342,2.998,good,0.000,2.44,0,0,0,0,11.89,3,0.0,,,
1561,1.8440,-0.1157,0.1593,3.045,good,0.009,5.46,0,0,0,0,10.83,3,0.0,,,
1562,1.8440,-0.1119,0.1744,2.551,good,0.008,5.98,0,0,0,0,23.07,3,0.0,,,
1571,1.8440,-0.1049,0.1745,3.000,good,0.000,1.67,0,0,0,0,8.31,1,0.0,,,
1565,1.8480,-0.1136,-0.2100,2.905,faded,0.999,4.62,1,1,1,0,13.53,3,3.2,5|4,1545,1545
1566,1.8480,-0.1084,0.2094,3.182,good,0.009,5.17,0,0,0,0,5.51,3,0.0,,,
1567,1.8480,-0.1084,0.0593,2.969,good,0.000,2.18,0,0,0,0,10.20,3,0.0,,,
1580,1.8480,-0.1151,0.1880,3.000,broken,0.992,10.69,1,1,1,0,11.70,1,2.4,56|55,1561,
1568,1.8520,-0.1385,-0.1713,3.000,faded,1.000,5.10,1,1,1,0,11.50,1,3.2,10|9,,
1569,1.8520,-0.1138,0.1653,3.215,good,0.001,3.17,0,0,0,0,6.49,3,0.0,,,
1570,1.8520,-0.1129,0.0746,2.943,good,0.012,2.93,0,0,0,0,12.36,3,0.0,,,
1576,1.8520,-0.1189,-0.1765,2.793,faded,0.598,9.26,1,1,1,0,18.37,2,3.2,9,1524|1527,1527
1578,1.8520,-0.1193,0.1246,3.037,faded,0.577,3.33,1,1,1,0,12.22,2,3.2,47|48,1542,1542
1579,1.8520,-0.1148,-0.1484,3.014,good,0.001,5.60,0,0,0,0,11.26,2,0.0,,,
1572,1.8560,-0.1122,-0.0762,3.017,good,0.000,3.45,0,0,0,0,10.35,3,0.0,,,
1573,1.8560,-0.1129,-0.2299,2.999,good,0.000,1.93,0,0,0,0,10.98,3,0.0,,,
1574,1.8560,-0.1114,-0.0348,3.052,good,0.000,3.53,0,0,0,0,9.25,3,0.0,,,
1575,1.8560,-0.1102,0.0173,2.998,good,0.000,4.84,0,0,0,0,10.11,3,0.0,,,
1577,1.8560,-0.1083,-0.1646,3.019,sour,1.000,22.28,1,1,1,0,9.01,3,3.2,10|11,1570,1570
1582,1.8560,-0.1170,0.1855,3.027,good,0.000,1.95,0,0,0,0,11.70,2,0.0,,,
1581,1.8600,-0.1106,-0.1570,3.053,good,0.000,2.78,0,0,0,0,8.98,3,0.0,,,
1585,1.8600,-0.1179,0.0968,3.021,good,0.006,3.50,0,0,0,0,12.12,2,0.0,,,
1583,1.8640,-0.1102,-0.2266,2.996,good,0.000,3.22,0,0,0,0,10.17,3,0.0,,,
1584,1.8640,-0.1090,-0.0844,3.005,good,0.000,2.60,0,0,0,0,9.56,3,0.0,,,
1587,1.8640,-0.1185,0.1830,3.021,good,0.003,2.38,0,0,0,0,12.34,2,0.0,,,
1588,1.8640,-0.1167,-0.0949,3.224,good,0.010,3.03,0,0,0,0,7.22,2,0.0,,,
1586,1.8680,-0.1098,-0.1640,3.021,insect,1.000,7.85,1,1,1,0,9.45,3,3.1,11|10,1597,1597
1591,1.8680,-0.1190,-0.0275,3.450,good,0.000,2.19,0,0,0,0,3.49,2,0.0,,,
1592,1.8680,-0.1196,0.2154,3.006,good,0.006,4.10,0,0,0,0,13.05,2,0.0,,,
1589,1.8720,-0.1149,-0.1976,2.943,good,0.001,2.14,0,0,0,0,13.00,3,0.0,,,
1590,1.8720,-0.1114,0.0086,3.023,good,0.000,2.37,0,0,0,0,9.94,3,0.0,,,
1595,1.8720,-0.1173,-0.0603,3.017,good,0.000,3.05,0,0,0,0,12.04,2,0.0,,,
1596,1.8720,-0.1138,-0.1776,3.255,good,0.000,2.74,0,0,0,0,5.70,2,0.0,,,
1597,1.8720,-0.1158,0.0796,2.911,good,0.102,2.97,0,0,0,0,14.13,2,0.0,,,
1606,1.8720,-0.1039,-0.0243,3.000,good,0.000,2.11,0,0,0,0,7.98,1,0.0,,,
1593,1.8760,-0.1115,-0.0510,2.796,good,0.001,2.06,0,0,0,0,15.63,3,0.0,,,
1594,1.8760,-0.1086,0.0696,2.954,good,0.000,2.61,0,0,0,0,10.61,3,0.0,,,
1603,1.8760,-0.1186,-0.2232,2.992,good,0.000,2.17,0,0,0,0,13.08,2,0.0,,,
1604,1.8760,-0.1170,0.1965,3.044,good,0.005,2.64,0,0,0,0,11.28,2,0.0,,,
1605,1.8760,-0.1149,-0.0336,3.319,good,0.000,3.21,0,0,0,0,4.75,2,0.0,,,
1598,1.8800,-0.1137,0.0809,2.993,good,0.000,2.59,0,0,0,0,11.40,3,0.0,,,
1599,1.8800,-0.1064,-0.0833,3.450,good,0.001,2.31,0,0,0,0,-0.17,3,0.0,,,
1600,1.8800,-0.1116,-0.0228,2.997,good,0.000,3.27,0,0,0,0,10.60,3,0.0,,,
1601,1.8800,-0.1110,0.0976,2.996,good,0.000,2.60,0,0,0,0,10.42,3,0.0,,,
1602,1.8800,-0.1092,-0.0569,2.987,good,0.000,7.02,0,0,0,0,10.02,3,0.0,,,
1610,1.8800,-0.1155,0.0200,3.000,good,0.000,2.18,0,0,0,0,11.83,2,0.0,,,
1607,1.8840,-0.1140,0.0413,3.002,good,0.000,8.19,0,0,0,0,11.28,3,0.0,,,
1608,1.8840,-0.1130,0.2226,2.946,good,0.571,6.93,1,1,1,0,12.30,3,2.4,60,1579,
1609,1.8840,-0.1088,0.1590,3.079,good,0.000,3.24,0,0,0,0,7.82,3,0.0,,,
1611,1.8840,-0.1173,0.1209,3.000,black,1.000,51.08,1,1,1,0,12.42,2,3.2,47,1580,1580
1615,1.8880,-0.1195,-0.1855,3.142,good,0.386,3.99,0,0,0,0,9.85,2,0.0,,,
1612,1.8920,-0.1160,0.1841,2.844,good,0.001,2.66,0,0,0,0,15.92,3,0.0,,,
1613,1.8920,-0.1151,0.0096,2.858,shell,0.999,7.37,1,1,1,0,15.28,3,2.4,33,1635,
1614,1.8920,-0.1240,-0.1962,3.031,good,0.311,8.10,0,0,0,0,9.93,2,0.0,,,
1616,1.8920,-0.1088,-0.0088,3.015,good,0.000,2.96,0,0,0,0,9.25,3,0.0,,,
1618,1.8920,-0.1158,-0.2161,3.003,insect,1.000,4.31,1,1,1,0,11.86,2,3.1,4,1586,1586
1617,1.8960,-0.1116,0.1579,2.998,good,0.000,2.84,0,0,0,0,10.57,3,0.0,,,
1621,1.8960,-0.1318,0.1970,3.000,good,0.002,2.31,0,0,0,0,13.26,1,0.0,,,
1622,1.8960,-0.1200,0.0128,2.973,good,0.000,4.93,0,0,0,0,14.00,2,0.0,,,
1623,1.8960,-0.1188,0.1839,2.996,sour,1.000,17.86,1,1,1,0,13.01,2,3.2,55,1592,1592
1619,1.9000,-0.1147,0.1637,2.987,good,0.016,2.45,0,0,0,0,11.89,3,0.0,,,
1620,1.9000,-0.1332,0.2066,3.000,good,0.009,4.74,0,0,0,0,9.74,1,0.0,,,
1626,1.9000,-0.1198,-0.0504,2.777,good,0.000,2.56,0,0,0,0,19.15,2,0.0,,,
1627,1.9000,-0.1080,0.2014,3.048,good,0.004,8.65,0,0,0,0,8.22,2,0.0,,,
1624,1.9040,-0.1146,0.2353,3.006,good,0.000,2.37,0,0,0,0,11.39,3,0.0,,,
1625,1.9040,-0.1095,-0.1470,3.008,good,0.001,1.82,0,0,0,0,9.65,3,0.0,,,
1629,1.9040,-0.1170,0.1596,3.038,good,0.000,24.03,1,1,1,0,11.41,2,9.0,52|51|53,1602,1602
1630,1.9040,-0.1291,0.2007,3.000,broken,0.999,10.08,1,1,1,0,12.37,1,2.4,57,,
1635,1.9040,-0.1151,0.2040,3.000,broken,0.999,10.38,1,1,1,0,11.70,1,2.4,58|57,1624,
1628,1.9080,-0.1116,-0.1574,3.020,good,0.076,4.92,0,0,0,0,10.08,3,0.0,,,
1634,1.9080,-0.1190,0.0176,3.000,good,0.431,4.05,0,0,0,0,13.02,2,0.0,,,
1639,1.9080,-0.1010,0.2073,3.000,broken,0.999,10.58,1,1,1,0,7.01,1,2.4,58,1624,
1631,1.9120,-0.1142,0.2204,2.996,insect,1.000,4.97,1,1,1,0,11.48,3,3.1,60,1600,1600
1632,1.9120,-0.1147,-0.1702,2.998,good,0.003,3.98,0,0,0,0,11.61,3,0.0,,,
1633,1.9120,-0.1103,0.0071,3.009,good,0.000,2.91,0,0,0,0,9.89,3,0.0,,,
1636,1.9160,-0.1151,-0.0034,3.003,good,0.000,4.60,0,0,0,0,11.63,3,0.0,,,
1637,1.9160,-0.1134,-0.2200,2.944,good,0.000,4.46,0,0,0,0,12.47,3,0.0,,,
1638,1.9160,-0.1086,0.0851,2.935,good,0.041,2.65,0,0,0,0,11.06,3,0.0,,,
1642,1.9160,-0.1196,-0.0459,3.256,good,0.002,1.60,0,0,0,0,7.45,2,0.0,,,
1643,1.9160,-0.1179,0.1404,2.999,good,0.000,3.49,0,0,0,0,12.66,2,0.0,,,
1644,1.9160,-0.1164,0.2391,3.230,good,0.001,3.10,0,0,0,0,6.99,2,0.0,,,
1640,1.9200,-0.1143,-0.1433,2.997,good,0.001,2.35,0,0,0,0,11.50,3,0.0,,,
1641,1.9200,-0.1127,0.0015,2.975,good,0.000,2.89,0,0,0,0,11.49,3,0.0,,,
1645,1.9240,-0.1144,0.1949,3.001,good,0.000,3.03,0,0,0,0,11.45,3,0.0,,,
1646,1.9240,-0.1125,-0.1844,3.005,good,0.018,4.01,0,0,0,0,10.71,3,0.0,,,
1647,1.9240,-0.1141,-0.0146,2.865,good,0.000,1.94,0,0,0,0,14.73,3,0.0,,,
1648,1.9240,-0.1099,0.2043,3.003,good,0.040,3.53,0,0,0,0,9.89,3,0.0,,,
1649,1.9240,-0.1122,0.1448,2.628,good,0.000,2.00,0,0,0,0,20.73,3,0.0,,,
1650,1.9240,-0.1102,0.1008,2.820,good,0.000,2.20,0,0,0,0,14.53,3,0.0,,,
1651,1.9280,-0.1102,-0.0791,3.293,good,0.000,1.69,0,0,0,0,3.84,3,0.0,,,
1652,1.9280,-0.1098,-0.1062,3.185,good,0.004,2.88,0,0,0,0,5.88,3,0.0,,,
1653,1.9280,-0.1118,0.1285,3.022,good,0.001,3.18,0,0,0,0,10.07,3,0.0,,,
1654,1.9280,-0.1061,0.1413,3.429,good,0.002,8.97,0,0,0,0,0.11,3,0.0,,,
1655,1.9280,-0.1115,-0.1478,2.693,good,0.000,2.50,0,0,0,0,18.52,3,0.0,,,
1659,1.9280,-0.1173,-0.0081,3.009,good,0.000,2.48,0,0,0,0,12.20,2,0.0,,,
1656,1.9320,-0.1139,-0.0449,2.663,good,0.006,1.88,0,0,0,0,20.32,3,0.0,,,
1657,1.9320,-0.1115,-0.0934,2.950,good,0.002,3.01,0,0,0,0,11.71,3,0.0,,,
1658,1.9320,-0.1099,0.1687,2.999,good,0.001,1.68,0,0,0,0,9.98,3,0.0,,,
1660,1.9360,-0.1147,-0.1392,3.030,good,0.000,6.19,0,0,0,0,10.85,3,0.0,,,
1661,1.9360,-0.1137,0.1254,2.996,broken,0.681,3.67,1,1,1,0,11.32,3,2.4,48|47,1642,1642
1662,1.9360,-0.1112,-0.1680,2.977,good,0.001,3.26,0,0,0,0,10.95,3,0.0,,,
1664,1.9360,-0.1169,-0.1834,2.995,good,0.000,1.96,0,0,0,0,12.42,2,0.0,,,
1663,1.9400,-0.1138,0.0237,2.839,sour,1.000,14.80,1,1,1,0,15.33,3,3.2,35|34,1631,
1668,1.9400,-0.1188,-0.0895,2.841,good,0.000,1.78,0,0,0,0,17.01,2,0.0,,,
1665,1.9440,-0.1154,-0.0224,3.107,good,0.001,1.81,0,0,0,0,9.32,3,0.0,,,
1666,1.9440,-0.1150,0.0319,3.007,faded,0.995,8.12,1,1,1,0,11.50,3,3.2,36|35,1652,
1667,1.9440,-0.1106,0.1496,2.984,good,0.018,23.37,1,1,1,0,10.59,3,9.0,51|50|52,1623,1623
1670,1.9440,-0.1195,0.0520,3.450,good,0.000,3.02,0,0,0,0,3.62,2,0.0,,,
1669,1.9480,-0.1384,-0.1571,3.000,good,0.007,2.81,0,0,0,0,11.48,1,0.0,,,
1674,1.9480,-0.1257,-0.1603,3.000,good,0.015,2.83,0,0,0,0,11.23,1,0.0,,,
1679,1.9480,-0.1130,-0.1634,3.000,good,0.019,2.93,0,0,0,0,10.99,1,0.0,,,
1671,1.9520,-0.1100,0.1214,3.450,good,0.007,3.05,0,0,0,0,0.88,3,0.0,,,
1672,1.9520,-0.1136,-0.2245,3.002,sour,1.000,18.99,1,1,1,0,11.16,3,3.2,3,1664,1664
1673,1.9520,-0.1096,0.2192,3.078,good,0.086,3.60,0,0,0,0,8.11,3,0.0,,,
1682,1.9520,-0.1002,-0.1666,3.000,good,0.020,2.88,0,0,0,0,6.74,1,0.0,,,
1675,1.9560,-0.1115,0.1236,3.201,good,0.000,3.91,0,0,0,0,6.05,3,0.0,,,
1676,1.9560,-0.1119,-0.1297,2.948,good,0.000,2.08,0,0,0,0,11.88,3,0.0,,,
1677,1.9560,-0.1122,-0.0933,3.002,good,0.034,3.32,0,0,0,0,10.67,3,0.0,,,
1678,1.9560,-0.1122,0.2136,3.040,good,0.000,2.59,0,0,0,0,9.81,3,0.0,,,
1680,1.9560,-0.1295,0.0521,3.000,stone,1.000,11.62,1,1,1,0,12.51,1,9.1,38|39|37,,
1681,1.9560,-0.1164,-0.1687,3.050,good,0.003,2.02,0,0,0,0,10.96,2,0.0,,,
1688,1.9560,-0.1199,0.0562,3.000,stone,1.000,11.62,1,1,1,0,13.29,1,9.1,39|38|40,1628,
1685,1.9600,-0.1199,0.1428,2.982,good,0.000,2.56,0,0,0,0,13.76,2,0.0,,,
1686,1.9600,-0.1194,-0.1085,2.993,good,0.000,3.24,0,0,0,0,13.29,2,0.0,,,
1687,1.9600,-0.1168,0.0349,2.994,good,0.001,2.12,0,0,0,0,12.42,2,0.0,,,
1693,1.9600,-0.1102,0.0604,3.000,stone,1.000,11.63,1,1,1,0,10.08,1,9.1,39|40|38,1628,
1683,1.9640,-0.1159,0.2239,3.013,good,0.002,3.26,0,0,0,0,11.66,3,0.0,,,
1684,1.9640,-0.1085,0.1658,3.010,good,0.000,3.31,0,0,0,0,9.27,3,0.0,,,
1689,1.9640,-0.1198,0.1320,2.985,good,0.002,5.02,0,0,0,0,13.65,2,0.0,,,
1692,1.9640,-0.1167,-0.1203,3.122,good,0.001,2.24,0,0,0,0,9.42,2,0.0,,,
1690,1.9680,-0.1093,-0.2031,3.009,good,0.000,2.95,0,0,0,0,9.57,3,0.0,,,
1691,1.9680,-0.1087,-0.1695,3.013,good,0.001,3.13,0,0,0,0,9.26,3,0.0,,,
1694,1.9680,-0.1195,0.2016,3.177,good,0.018,2.72,0,0,0,0,9.09,2,0.0,,,
1697,1.9720,-0.1138,0.2115,3.450,insect,0.588,9.79,1,1,1,0,1.96,2,3.2,59|58,1675,
1695,1.9760,-0.1159,-0.0096,2.961,good,0.007,3.04,0,0,0,0,12.92,3,0.0,,,
1696,1.9760,-0.1153,-0.1454,2.919,good,0.012,3.20,0,0,0,0,13.76,3,0.0,,,
1700,1.9760,-0.1174,0.2385,3.117,sour,1.000,15.70,1,1,1,0,9.74,2,3.2,62,1682,1682
1701,1.9760,-0.1184,-0.0298,3.000,good,0.006,2.75,0,0,0,0,12.81,2,0.0,,,
1706,1.9760,-0.0997,0.2151,3.000,good,0.120,8.57,0,0,0,0,6.57,1,0.0,,,
1698,1.9800,-0.1144,0.1863,2.992,good,0.000,2.91,0,0,0,0,11.63,3,0.0,,,
1699,1.9800,-0.1110,-0.1023,2.923,sour,0.825,12.43,1,1,1,0,12.17,3,3.2,18|19,1666|1697,1666|1697
1702,1.9840,-0.1149,-0.1962,3.104,good,0.000,2.62,0,0,0,0,9.23,3,0.0,,,
1703,1.9840,-0.1127,-0.0908,3.061,good,0.153,3.87,0,0,0,0,9.48,3,0.0,,,
1704,1.9840,-0.1147,-0.1773,2.688,good,0.305,2.01,0,0,0,0,19.86,3,0.0,,,
1705,1.9840,-0.1146,-0.1056,2.730,good,0.002,2.42,0,0,0,0,18.63,3,0.0,,,
1710,1.9840,-0.1182,0.0518,3.026,good,0.001,1.51,0,0,0,0,12.12,2,0.0,,,
1711,1.9840,-0.1164,-0.0791,3.003,good,0.000,3.00,0,0,0,0,12.07,2,0.0,,,
1707,1.9880,-0.1220,0.0073,3.450,good,0.000,2.44,0,0,0,0,0.36,2,0.0,,,
1708,1.9880,-0.1102,0.0333,3.090,faded,0.734,4.11,1,1,1,0,8.02,3,3.2,36,1674,
1709,1.9880,-0.1118,-0.1295,2.667,faded,0.748,3.56,1,1,1,0,19.40,3,3.2,15,1683,
1715,1.9880,-0.1160,-0.2160,3.065,good,0.047,3.55,0,0,0,0,10.47,2,0.0,,,
1718,1.9880,-0.1080,0.0101,3.000,good,0.000,2.51,0,0,0,0,9.33,1,0.0,,,
1712,1.9920,-0.1161,-0.0489,2.393,good,0.004,1.97,0,0,0,0,30.28,3,0.0,,,
1713,1.9920,-0.1106,-0.0020,3.011,good,0.000,2.82,0,0,0,0,9.97,3,0.0,,,
1714,1.9920,-0.1088,-0.1998,3.000,good,0.000,2.99,0,0,0,0,9.60,3,0.0,,,
1716,1.9960,-0.1128,-0.2244,3.000,good,0.001,3.15,0,0,0,0,10.91,3,0.0,,,
1717,1.9960,-0.1093,-0.1452,3.222,good,0.000,2.88,0,0,0,0,4.96,3,0.0,,,
1720,1.9960,-0.1195,-0.1846,2.947,good,0.000,18.89,1,1,1,0,14.49,2,9.0,8|7|9,1695,1695
1721,1.9960,-0.1189,0.0083,2.969,good,0.000,2.16,0,0,0,0,13.74,2,0.0,,,
1719,2.0000,-0.1387,0.1776,3.000,shell,1.000,10.57,1,1,1,0,11.58,1,2.4,54,,
1724,2.0000,-0.1167,-0.1773,3.092,good,0.000,2.94,0,0,0,0,10.10,2,0.0,,,
1725,2.0000,-0.1221,0.1801,3.000,husk,1.000,10.92,1,1,1,0,10.02,1,2.4,55|54,,
1729,2.0000,-0.1054,0.1826,3.000,husk,1.000,10.88,1,1,1,0,8.48,1,2.4,55,1744,
1722,2.0040,-0.1142,0.0037,2.948,good,0.001,2.66,0,0,0,0,12.64,3,0.0,,,
1723,2.0040,-0.1104,0.0950,2.975,good,0.000,2.00,0,0,0,0,10.72,3,0.0,,,
1727,2.0040,-0.1175,-0.1938,3.001,faded,1.000,4.67,1,1,1,0,12.47,2,3.2,7|6,1702,1702
1728,2.0040,-0.1125,-0.2032,3.450,good,0.005,2.71,0,0,0,0,1.59,2,0.0,,,
1726,2.0080,-0.1156,-0.2357,3.036,sour,1.000,23.05,1,1,1,0,11.01,3,3.2,1|2,1698,1698
1732,2.0080,-0.1196,-0.0449,2.810,good,0.019,2.81,0,0,0,0,18.16,2,0.0,,,
1733,2.0080,-0.1177,-0.0535,2.991,good,0.000,2.84,0,0,0,0,12.79,2,0.0,,,
1734,2.0080,-0.1151,0.1947,3.015,good,0.000,3.38,0,0,0,0,11.34,2,0.0,,,
1730,2.0120,-0.1132,-0.1248,3.001,good,0.000,2.75,0,0,0,0,11.05,3,0.0,,,
1731,2.0120,-0.1104,-0.0911,2.996,good,0.014,11.14,0,0,0,0,10.23,3,0.0,,,
1738,2.0120,-0.1186,-0.1805,3.000,good,0.354,19.61,1,1,1,0,12.86,1,9.0,8|9|7,1701|1703|1705,1701|1703|1705
1735,2.0160,-0.1124,0.1870,3.005,good,0.000,4.55,0,0,0,0,10.69,3,0.0,,,
1740,2.0160,-0.1182,-0.2011,2.909,good,0.000,1.73,0,0,0,0,15.00,2,0.0,,,
1745,2.0160,-0.1117,-0.1872,3.000,stick,1.000,102.27,1,1,1,0,10.57,1,2.4,8|7,1703,1703
1746,2.0160,-0.1041,-0.1775,3.000,good,0.010,6.36,0,0,0,0,8.05,1,0.0,,,
1736,2.0200,-0.1102,-0.1304,3.252,faded,0.844,3.65,1,1,1,0,4.63,3,3.2,15,1709,
1737,2.0200,-0.1111,0.2053,2.987,good,0.114,5.43,0,0,0,0,10.66,3,0.0,,,
1739,2.0200,-0.1113,0.1772,2.585,good,0.005,3.39,0,0,0,0,21.76,3,0.0,,,
1744,2.0200,-0.1180,0.2110,2.996,good,0.003,3.06,0,0,0,0,12.75,2,0.0,,,
1741,2.0240,-0.1130,-0.0611,3.003,good,0.000,1.96,0,0,0,0,10.95,3,0.0,,,
1742,2.0240,-0.1133,-0.2213,2.998,broken,0.543,4.27,1,1,1,0,11.16,3,2.4,3,1704,1704
1743,2.0240,-0.1100,0.0354,3.000,good,0.000,4.15,0,0,0,0,10.00,3,0.0,,,
1750,2.0240,-0.1161,0.1915,2.990,good,0.000,2.87,0,0,0,0,12.28,2,0.0,,,
1747,2.0280,-0.1150,-0.1639,3.003,good,0.006,3.14,0,0,0,0,11.61,3,0.0,,,
1748,2.0280,-0.1241,0.0904,2.666,good,0.062,3.11,0,0,0,0,20.05,2,0.0,,,
1749,2.0280,-0.1083,-0.0415,3.061,good,0.000,3.53,0,0,0,0,8.05,3,0.0,,,
1754,2.0280,-0.1187,-0.1804,3.400,good,0.000,3.00,0,0,0,0,4.31,2,0.0,,,
1757,2.0280,-0.1134,0.0874,3.000,good,0.041,3.10,0,0,0,0,11.15,1,0.0,,,
1751,2.0320,-0.1141,0.2026,3.275,good,0.000,2.77,0,0,0,0,5.36,3,0.0,,,
1752,2.0320,-0.1117,0.0766,2.930,good,0.000,1.80,0,0,0,0,12.22,3,0.0,,,
1753,2.0320,-0.1104,-0.0147,3.004,good,0.000,1.69,0,0,0,0,10.04,3,0.0,,,
1756,2.0320,-0.1198,-0.2308,3.002,good,0.000,5.31,0,0,0,0,13.22,2,0.0,,,
1760,2.0320,-0.1051,-0.1844,3.000,good,0.000,2.92,0,0,0,0,8.36,1,0.0,,,
1755,2.0360,-0.1117,-0.2399,2.999,good,0.000,2.24,0,0,0,0,10.59,3,0.0,,,
1758,2.0360,-0.1161,0.0039,3.072,good,0.002,5.67,0,0,0,0,10.35,2,0.0,,,
1759,2.0360,-0.1159,-0.0710,2.998,good,0.000,3.42,0,0,0,0,12.02,2,0.0,,,
1766,2.0360,-0.1010,0.2061,3.000,good,0.000,2.41,0,0,0,0,7.00,1,0.0,,,
1761,2.0440,-0.1147,-0.1371,2.987,good,0.004,3.15,0,0,0,0,11.87,3,0.0,,,
1762,2.0440,-0.1126,-0.0398,3.070,good,0.000,2.25,0,0,0,0,9.25,3,0.0,,,
1763,2.0440,-0.1132,-0.1127,2.867,good,0.000,3.23,0,0,0,0,14.37,3,0.0,,,
1764,2.0440,-0.1146,-0.0862,2.603,good,0.000,1.72,0,0,0,0,22.46,3,0.0,,,
1765,2.0440,-0.1123,-0.0550,3.000,good,0.000,3.31,0,0,0,0,10.77,3,0.0,,,
1770,2.0440,-0.1200,-0.1932,2.996,good,0.000,2.94,0,0,0,0,13.41,2,0.0,,,
1771,2.0440,-0.1158,0.2209,3.232,good,0.001,7.22,0,0,0,0,6.77,2,0.0,,,
1767,2.0480,-0.1127,-0.1353,2.954,good,0.001,3.64,0,0,0,0,12.02,3,0.0,,,
1768,2.0480,-0.1117,-0.0535,3.008,faded,0.990,4.06,1,1,1,0,10.40,3,3.2,25|24,1739,
1769,2.0480,-0.1099,0.1666,2.976,good,0.000,1.79,0,0,0,0,10.53,3,0.0,,,
1773,2.0480,-0.1199,-0.1110,2.997,good,0.000,2.14,0,0,0,0,13.38,2,0.0,,,
1774,2.0480,-0.1177,0.1341,2.948,good,0.005,5.38,0,0,0,0,13.84,2,0.0,,,
1772,2.0520,-0.1139,-0.1358,3.014,good,0.010,2.79,0,0,0,0,10.97,3,0.0,,,
1778,2.0520,-0.1194,-0.0174,3.079,faded,0.999,4.88,1,1,1,0,11.28,2,3.2,29,1742,1742
1779,2.0520,-0.1173,0.0578,2.992,good,0.000,2.64,0,0,0,0,12.62,2,0.0,,,
1780,2.0520,-0.1039,0.1388,3.000,good,0.001,4.11,0,0,0,0,7.95,1,0.0,,,
1775,2.0560,-0.1135,-0.2218,3.001,good,0.000,2.55,0,0,0,0,11.14,3,0.0,,,
1776,2.0560,-0.1124,0.0334,3.019,good,0.000,2.37,0,0,0,0,10.36,3,0.0,,,
1777,2.0560,-0.1098,-0.1478,3.028,good,0.000,2.25,0,0,0,0,9.29,3,0.0,,,
1785,2.0600,-0.1180,0.0602,3.024,good,0.004,2.69,0,0,0,0,12.07,2,0.0,,,
1786,2.0600,-0.1168,-0.1431,3.178,good,0.020,2.12,0,0,0,0,8.24,2,0.0,,,
1781,2.0640,-0.1397,0.2003,3.000,good,0.008,6.86,0,0,0,0,11.89,1,0.0,,,
1782,2.0640,-0.1109,-0.0481,3.002,good,0.000,2.42,0,0,0,0,10.27,3,0.0,,,
1783,2.0640,-0.1104,0.1853,2.851,good,0.000,2.87,0,0,0,0,13.81,3,0.0,,,
1784,2.0640,-0.1088,0.1148,2.953,good,0.000,3.46,0,0,0,0,10.71,3,0.0,,,
1791,2.0640,-0.1199,0.2187,3.010,good,0.001,7.74,0,0,0,0,13.05,2,0.0,,,
1787,2.0680,-0.1147,0.0352,2.999,good,0.001,2.34,0,0,0,0,11.57,3,0.0,,,
1788,2.0680,-0.1103,-0.1894,3.012,good,0.000,3.00,0,0,0,0,9.83,3,0.0,,,
1789,2.0680,-0.1223,-0.1194,3.022,good,0.004,2.49,0,0,0,0,9.58,2,0.0,,,
1790,2.0680,-0.1099,0.2041,2.854,good,0.025,8.82,0,0,0,0,13.55,3,0.0,,,
1795,2.0680,-0.1181,-0.1991,3.295,good,0.015,2.47,0,0,0,0,6.19,2,0.0,,,
1796,2.0680,-0.1185,0.0866,2.989,good,0.000,2.28,0,0,0,0,13.08,2,0.0,,,
1801,2.0680,-0.1102,-0.1227,3.000,good,0.002,2.46,0,0,0,0,10.07,1,0.0,,,
1792,2.0720,-0.1134,0.1640,3.001,sour,1.000,19.60,1,1,1,0,11.10,3,3.2,52|53,1786,
1793,2.0720,-0.1099,-0.0167,2.998,good,0.000,3.27,0,0,0,0,10.00,3,0.0,,,
1794,2.0720,-0.1104,0.1389,2.903,good,0.000,8.66,0,0,0,0,12.49,3,0.0,,,
1798,2.0720,-0.1190,0.0311,2.868,faded,0.988,3.35,1,1,1,0,16.36,2,3.2,35|36,1763,1763
1799,2.0720,-0.1177,-0.0250,2.997,good,0.000,2.08,0,0,0,0,12.63,2,0.0,,,
1800,2.0720,-0.1156,0.1318,3.031,good,0.000,2.57,0,0,0,0,11.14,2,0.0,,,
1797,2.0760,-0.1130,0.1091,2.999,good,0.000,2.52,0,0,0,0,11.02,3,0.0,,,
1802,2.0800,-0.1274,-0.2314,2.797,good,0.001,3.14,0,0,0,0,17.33,2,0.0,,,
1803,2.0800,-0.1092,-0.1185,3.046,good,0.000,3.09,0,0,0,0,8.67,3,0.0,,,
1807,2.0800,-0.1186,0.1677,3.272,good,0.021,2.86,0,0,0,0,6.81,2,0.0,,,
1810,2.0800,-0.1163,-0.2348,3.000,good,0.001,2.85,0,0,0,0,12.09,1,0.0,,,
1804,2.0840,-0.1165,-0.2069,2.851,good,0.002,4.37,0,0,0,0,15.93,3,0.0,,,
1805,2.0840,-0.1140,-0.1068,2.999,good,0.001,8.77,0,0,0,0,11.34,3,0.0,,,
1806,2.0840,-0.1088,0.1140,3.022,good,0.000,2.70,0,0,0,0,9.11,3,0.0,,,
1809,2.0840,-0.1138,0.2341,3.450,good,0.002,2.80,0,0,0,0,1.97,2,0.0,,,
1808,2.0880,-0.1096,-0.1964,2.944,good,0.004,3.43,0,0,0,0,11.20,3,0.0,,,
1811,2.0920,-0.1126,-0.0146,3.002,good,0.082,3.88,0,0,0,0,10.81,3,0.0,,,
1812,2.0920,-0.1116,0.1057,3.000,good,0.001,3.35,0,0,0,0,10.52,3,0.0,,,
1813,2.0920,-0.1206,0.1190,3.450,shell,0.988,6.89,1,1,1,0,-0.07,2,2.4,47,,
1816,2.0920,-0.1188,-0.2153,2.785,broken,0.834,14.24,1,1,1,0,18.58,2,2.4,4,1791,
1823,2.0920,-0.1059,0.1148,3.000,shell,0.960,6.32,1,1,1,0,8.64,1,2.4,46,1818,
1814,2.0960,-0.1105,0.0544,2.994,good,0.009,4.95,0,0,0,0,10.30,3,0.0,,,
1815,2.0960,-0.1100,-0.1591,2.790,good,0.000,2.41,0,0,0,0,15.27,3,0.0,,,
1822,2.0960,-0.1198,0.2262,3.000,good,0.015,6.03,0,0,0,0,13.26,2,0.0,,,
1817,2.1000,-0.1091,0.1459,3.132,good,0.194,9.56,0,0,0,0,6.75,3,0.0,,,
1818,2.1000,-0.1374,0.1171,3.000,good,0.001,2.10,0,0,0,0,11.14,1,0.0,,,
1819,2.1000,-0.1109,-0.1810,2.966,good,0.000,3.23,0,0,0,0,11.11,3,0.0,,,
1820,2.1000,-0.1332,0.1998,3.000,good,0.000,7.69,0,0,0,0,9.72,1,0.0,,,
1821,2.1000,-0.1323,0.1247,3.000,good,0.000,1.48,0,0,0,0,9.42,1,0.0,,,
1827,2.1000,-0.1168,-0.1086,2.985,good,0.014,19.33,1,1,1,0,12.62,2,9.0,18|17|19,1784|1799,1784|1799
1828,2.1000,-0.1177,-0.0782,2.998,good,0.000,2.30,0,0,0,0,12.63,2,0.0,,,
1829,2.1000,-0.1247,0.1970,3.000,good,0.001,7.46,0,0,0,0,10.91,1,0.0,,,
1830,2.1000,-0.1096,0.1218,3.133,good,0.001,6.08,0,0,0,0,6.92,2,0.0,,,
1838,2.1000,-0.1162,0.1941,3.000,good,0.001,7.72,0,0,0,0,12.08,1,0.0,,,
1824,2.1040,-0.1348,0.1149,3.000,good,0.000,2.43,0,0,0,0,10.26,1,0.0,,,
1825,2.1040,-0.1085,0.1381,3.001,good,0.000,3.42,0,0,0,0,9.50,3,0.0,,,
1826,2.1040,-0.1078,0.1893,3.163,good,0.002,7.72,0,0,0,0,5.69,2,0.0,,,
1832,2.1040,-0.1154,0.1120,2.946,good,0.000,9.69,0,0,0,0,13.12,2,0.0,,,
1833,2.1040,-0.1197,0.2295,3.004,good,0.000,1.81,0,0,0,0,13.13,2,0.0,,,
1834,2.1040,-0.1200,-0.0990,2.939,good,0.000,2.72,0,0,0,0,14.84,2,0.0,,,
1835,2.1040,-0.1177,-0.1949,2.791,good,0.000,2.46,0,0,0,0,17.99,2,0.0,,,
1836,2.1040,-0.1127,-0.1307,3.450,good,0.000,4.41,0,0,0,0,1.66,2,0.0,,,
1837,2.1040,-0.1250,0.1835,3.000,good,0.003,3.04,0,0,0,0,11.01,1,0.0,,,
1842,2.1040,-0.1170,0.1786,3.000,good,0.002,3.27,0,0,0,0,12.33,1,0.0,,,
1831,2.1080,-0.1132,-0.1838,3.087,good,0.003,2.95,0,0,0,0,9.06,3,0.0,,,
1841,2.1080,-0.1197,0.0008,2.983,insect,1.000,8.29,1,1,1,0,13.64,2,3.1,32|31,1807,1807
1847,2.1080,-0.1089,0.1736,3.000,good,0.001,2.93,0,0,0,0,9.65,1,0.0,,,
1839,2.1120,-0.1123,0.1255,3.032,good,0.000,3.13,0,0,0,0,10.02,3,0.0,,,
1840,2.1120,-0.1131,-0.1035,2.666,good,0.001,2.79,0,0,0,0,19.94,3,0.0,,,
1846,2.1120,-0.1172,-0.0261,3.005,good,0.000,2.77,0,0,0,0,12.27,2,0.0,,,
1854,2.1120,-0.1009,0.1687,3.000,good,0.003,3.10,0,0,0,0,6.96,1,0.0,,,
1843,2.1160,-0.1158,-0.1445,3.005,black,1.000,64.99,1,1,1,0,11.80,3,3.2,13,1825,
1844,2.1160,-0.1091,-0.1149,3.001,good,0.000,3.65,0,0,0,0,9.67,3,0.0,,,
1845,2.1160,-0.1090,0.1875,3.002,good,0.004,2.59,0,0,0,0,9.64,3,0.0,,,
1850,2.1160,-0.1196,-0.0851,3.450,insect,1.000,4.39,1,1,1,0,3.66,2,3.1,21|20,1855,
1851,2.1160,-0.1172,0.0956,3.079,good,0.092,3.59,0,0,0,0,10.55,2,0.0,,,
1852,2.1160,-0.1188,0.2001,3.000,good,0.001,2.67,0,0,0,0,12.93,2,0.0,,,
1853,2.1160,-0.1168,-0.0296,2.981,good,0.000,2.21,0,0,0,0,12.75,2,0.0,,,
1848,2.1200,-0.1159,0.0128,2.996,good,0.029,1.90,0,0,0,0,12.07,3,0.0,,,
1849,2.1200,-0.1140,0.2163,2.999,good,0.001,2.33,0,0,0,0,11.37,3,0.0,,,
1855,2.1240,-0.1130,-0.2207,2.986,good,0.092,2.14,0,0,0,0,11.34,3,0.0,,,
1856,2.1240,-0.1099,0.1252,2.873,broken,0.999,14.58,1,1,1,0,13.07,3,2.4,48|47,1831,
1859,2.1240,-0.1190,0.0441,3.039,good,0.000,2.35,0,0,0,0,12.08,2,0.0,,,
1860,2.1240,-0.1178,-0.0072,2.999,good,0.000,2.37,0,0,0,0,12.61,2,0.0,,,
1857,2.1280,-0.1100,-0.0312,3.192,good,0.000,2.42,0,0,0,0,5.78,3,0.0,,,
1858,2.1280,-0.1084,0.1890,3.000,good,0.000,2.98,0,0,0,0,9.48,3,0.0,,,
1861,2.1320,-0.1104,0.0188,2.997,good,0.000,3.44,0,0,0,0,10.19,3,0.0,,,
1867,2.1320,-0.1182,-0.0545,3.000,good,0.001,3.04,0,0,0,0,12.73,1,0.0,,,
1862,2.1360,-0.1150,-0.0229,3.004,good,0.000,3.25,0,0,0,0,11.58,3,0.0,,,
1863,2.1360,-0.1137,-0.0585,2.596,good,0.041,6.56,0,0,0,0,22.30,3,0.0,,,
1864,2.1360,-0.1113,0.0989,3.099,good,0.000,1.62,0,0,0,0,8.19,3,0.0,,,
1866,2.1360,-0.1130,-0.2142,3.450,good,0.008,3.74,0,0,0,0,1.75,2,0.0,,,
1865,2.1400,-0.1109,-0.0138,2.996,faded,0.991,5.24,1,1,1,0,10.38,3,3.2,30,1826,
1871,2.1400,-0.1190,-0.0996,3.135,good,0.000,2.10,0,0,0,0,9.85,2,0.0,,,
1872,2.1400,-0.1192,0.1505,2.998,good,0.001,2.66,0,0,0,0,13.12,2,0.0,,,
1873,2.1400,-0.1180,0.1987,3.021,good,0.000,2.28,0,0,0,0,12.15,2,0.0,,,
1874,2.1400,-0.1168,-0.1654,3.000,black,1.000,48.96,1,1,1,0,12.28,2,3.2,10|11,1857,1857
1868,2.1440,-0.1137,0.1586,3.004,good,0.000,3.98,0,0,0,0,11.13,3,0.0,,,
1869,2.1440,-0.1095,-0.1368,2.988,good,0.000,2.84,0,0,0,0,10.11,3,0.0,,,
1870,2.1440,-0.1081,0.1092,3.039,good,0.000,2.43,0,0,0,0,8.48,3,0.0,,,
1880,2.1440,-0.1169,0.1799,3.107,good,0.000,2.95,0,0,0,0,9.81,2,0.0,,,
1881,2.1440,-0.1183,-0.0069,3.032,good,0.001,4.27,0,0,0,0,12.01,2,0.0,,,
1875,2.1480,-0.1130,-0.1390,3.004,good,0.000,7.26,0,0,0,0,10.92,3,0.0,,,
1876,2.1480,-0.1369,-0.2128,3.000,sour,1.000,12.99,1,1,1,0,10.98,1,3.2,4,,
1877,2.1480,-0.1121,-0.0447,3.218,good,0.011,1.92,0,0,0,0,5.92,3,0.0,,,
1878,2.1480,-0.1139,0.1858,3.009,good,0.002,3.50,0,0,0,0,11.09,3,0.0,,,
1879,2.1480,-0.1083,-0.1807,3.062,good,0.016,2.96,0,0,0,0,8.04,3,0.0,,,
1883,2.1480,-0.1226,-0.2157,3.000,sour,1.000,14.19,1,1,1,0,10.19,1,3.2,4,,
1891,2.1480,-0.1081,-0.2186,3.000,sour,1.000,14.45,1,1,1,0,9.38,1,3.2,4|3,1860,
1882,2.1520,-0.1142,-0.0880,2.975,good,0.285,5.07,0,0,0,0,12.02,3,0.0,,,
1889,2.1520,-0.1177,0.0390,2.762,good,0.000,4.59,0,0,0,0,18.83,2,0.0,,,
1890,2.1520,-0.1129,0.0452,2.991,faded,0.652,4.29,1,1,1,0,11.17,2,3.2,37,1834,1834
1884,2.1560,-0.1141,0.1130,2.956,good,0.056,2.86,0,0,0,0,12.41,3,0.0,,,
1885,2.1560,-0.1129,0.1940,3.007,good,0.000,3.38,0,0,0,0,10.80,3,0.0,,,
1886,2.1560,-0.1106,0.1543,3.085,good,0.000,7.95,0,0,0,0,8.27,3,0.0,,,
1887,2.1560,-0.1126,0.0833,2.958,good,0.000,8.58,0,0,0,0,11.87,3,0.0,,,
1888,2.1560,-0.1092,-0.0973,2.924,good,0.000,2.34,0,0,0,0,11.55,3,0.0,,,
1893,2.1560,-0.1172,0.0280,3.000,good,0.000,3.24,0,0,0,0,12.39,2,0.0,,,
1892,2.1600,-0.1142,-0.0594,3.000,good,0.000,2.16,0,0,0,0,11.42,3,0.0,,,
1894,2.1640,-0.1135,-0.2197,3.015,good,0.003,2.58,0,0,0,0,10.83,3,0.0,,,
1897,2.1640,-0.1195,0.0074,2.993,good,0.000,2.71,0,0,0,0,13.32,2,0.0,,,
1895,2.1680,-0.1276,0.0061,3.032,good,0.004,2.91,0,0,0,0,11.04,2,0.0,,,
1896,2.1680,-0.1099,0.0319,2.936,good,0.000,1.67,0,0,0,0,11.47,3,0.0,,,
1902,2.1680,-0.1155,0.0019,3.000,good,0.004,2.88,0,0,0,0,11.83,1,0.0,,,
1898,2.1720,-0.1105,-0.1053,3.000,good,0.003,10.57,0,0,0,0,10.15,3,0.0,,,
1899,2.1720,-0.1127,0.1977,2.989,good,0.000,2.09,0,0,0,0,11.14,3,0.0,,,
1901,2.1720,-0.1159,-0.0916,3.019,good,0.001,3.31,0,0,0,0,11.51,2,0.0,,,
1900,2.1760,-0.1128,-0.2391,3.041,sour,1.000,22.93,1,1,1,0,9.98,3,3.2,1,1872,1872
1907,2.1760,-0.1306,-0.1539,3.000,good,0.006,4.44,0,0,0,0,12.88,1,0.0,,,
1908,2.1760,-0.1127,0.1238,3.061,good,0.001,7.38,0,0,0,0,9.51,2,0.0,,,
1913,2.1760,-0.1192,-0.1569,3.000,good,0.003,4.51,0,0,0,0,13.06,1,0.0,,,
1903,2.1800,-0.1126,-0.1918,2.999,good,0.000,2.85,0,0,0,0,10.89,3,0.0,,,
1904,2.1800,-0.1101,-0.0370,3.039,good,0.001,3.96,0,0,0,0,9.14,3,0.0,,,
1905,2.1800,-0.1109,0.1269,2.903,good,0.000,3.58,0,0,0,0,12.64,3,0.0,,,
1906,2.1800,-0.1109,0.1479,2.677,good,0.000,4.39,0,0,0,0,18.80,3,0.0,,,
1917,2.1800,-0.1078,-0.1600,3.000,good,0.034,4.54,0,0,0,0,9.25,1,0.0,,,
1910,2.1840,-0.1100,-0.1202,3.149,good,0.000,2.89,0,0,0,0,6.68,3,0.0,,,
1911,2.1840,-0.1080,0.0489,3.119,good,0.008,7.31,0,0,0,0,6.70,3,0.0,,,
1912,2.1840,-0.1081,-0.1719,2.998,good,0.001,1.46,0,0,0,0,9.42,3,0.0,,,
1914,2.1840,-0.1196,-0.1920,3.002,good,0.000,4.70,0,0,0,0,13.15,2,0.0,,,
1915,2.1840,-0.1179,-0.2083,3.007,good,0.001,1.93,0,0,0,0,12.46,2,0.0,,,
1916,2.1840,-0.1165,0.2032,2.949,good,0.000,2.14,0,0,0,0,13.42,2,0.0,,,
1909,2.1880,-0.1143,0.0148,1.841,good,0.036,2.58,0,0,0,0,56.39,4,0.0,,,
1922,2.1880,-0.1197,0.1684,3.036,good,0.000,1.87,0,0,0,0,12.39,2,0.0,,,
1923,2.1880,-0.1178,0.0038,2.937,good,0.260,4.96,0,0,0,0,14.14,2,0.0,,,
1918,2.1920,-0.1151,0.0407,2.910,good,0.000,2.13,0,0,0,0,13.91,3,0.0,,,
1919,2.1920,-0.1138,0.0218,3.003,good,0.001,1.91,0,0,0,0,11.21,3,0.0,,,
1920,2.1920,-0.1125,0.1282,3.123,good,0.000,2.75,0,0,0,0,8.03,3,0.0,,,
1921,2.1920,-0.1110,-0.1403,3.008,good,0.000,3.22,0,0,0,0,10.15,3,0.0,,,
1924,2.1960,-0.1152,0.1848,2.986,good,0.001,3.33,0,0,0,0,12.08,3,0.0,,,
1925,2.1960,-0.1099,-0.2366,3.093,good,0.010,4.83,0,0,0,0,7.88,3,0.0,,,
1926,2.1960,-0.1065,0.0509,3.450,good,0.369,5.92,0,0,0,0,-0.16,3,0.0,,,
1927,2.1960,-0.1176,-0.1204,2.875,good,0.035,2.89,0,0,0,0,15.68,2,0.0,,,
1933,2.2000,-0.1159,0.0982,3.010,good,0.002,5.28,0,0,0,0,11.72,2,0.0,,,
1928,2.2040,-0.1137,0.0300,2.980,faded,0.997,4.91,1,1,1,0,11.69,3,3.2,35|36,1891,1891
1929,2.2040,-0.1376,0.0957,3.000,good,0.000,3.03,0,0,0,0,11.19,1,0.0,,,
1930,2.2040,-0.1126,0.2346,2.693,good,0.002,2.47,0,0,0,0,18.94,3,0.0,,,
1931,2.2040,-0.1094,-0.1951,3.001,good,0.014,3.27,0,0,0,0,9.80,3,0.0,,,
1932,2.2040,-0.1109,-0.1585,2.789,good,0.000,2.87,0,0,0,0,15.62,3,0.0,,,
1936,2.2040,-0.1198,-0.0414,3.450,good,0.001,6.72,0,0,0,0,3.72,2,0.0,,,
1938,2.2040,-0.1174,-0.2322,2.878,good,0.002,1.77,0,0,0,0,15.53,2,0.0,,,
1939,2.2040,-0.1163,-0.1448,3.006,good,0.000,2.27,0,0,0,0,11.96,2,0.0,,,
1940,2.2040,-0.1250,0.0912,3.000,good,0.000,3.17,0,0,0,0,11.02,1,0.0,,,
1947,2.2040,-0.1125,0.0866,3.000,good,0.001,3.01,0,0,0,0,10.84,1,0.0,,,
1934,2.2080,-0.1168,-0.2448,2.797,good,0.004,3.83,0,0,0,0,17.50,3,0.0,,,
1935,2.2080,-0.1130,-0.1869,2.988,faded,0.948,4.74,1,1,1,0,11.28,3,3.2,8|7,1921,1921
1937,2.2080,-0.1173,0.1750,2.431,good,0.000,3.51,0,0,0,0,29.39,3,0.0,,,
1944,2.2080,-0.1176,-0.0076,3.014,good,0.000,3.66,0,0,0,0,12.19,2,0.0,,,
1945,2.2080,-0.1141,-0.0748,3.450,good,0.000,2.84,0,0,0,0,2.05,2,0.0,,,
1946,2.2080,-0.1175,-0.0373,2.537,good,0.000,2.37,0,0,0,0,25.73,2,0.0,,,
1956,2.2080,-0.1000,0.0821,3.000,good,0.001,2.95,0,0,0,0,6.65,1,0.0,,,
1941,2.2120,-0.1143,-0.1617,3.007,good,0.000,3.06,0,0,0,0,11.29,3,0.0,,,
1942,2.2120,-0.1097,-0.1299,3.100,good,0.048,3.00,0,0,0,0,7.66,3,0.0,,,
1943,2.2120,-0.1081,-0.0637,3.004,good,0.012,1.41,0,0,0,0,9.30,3,0.0,,,
1951,2.2120,-0.1167,0.0877,3.020,good,0.000,21.86,1,1,1,0,11.74,2,9.0,43|42|44,1907|1918|1925|1937,1907|1918|1925|1937
1954,2.2120,-0.1198,0.0372,3.218,faded,0.707,4.05,1,1,1,0,8.30,2,3.2,36,1920,
1955,2.2120,-0.1169,0.1430,3.048,faded,0.801,3.51,1,1,1,0,11.16,2,3.2,50,1910,1910
1948,2.2160,-0.1127,-0.0295,2.984,good,0.042,6.24,0,0,0,0,11.30,3,0.0,,,
1949,2.2160,-0.1143,0.1447,3.137,good,0.000,2.47,0,0,0,0,8.33,3,0.0,,,
1950,2.2160,-0.1267,-0.0951,2.791,faded,0.999,6.92,1,1,1,0,17.23,2,3.2,19|20,,
1952,2.2160,-0.1127,0.1651,2.998,good,0.000,2.92,0,0,0,0,10.94,3,0.0,,,
1953,2.2160,-0.1114,-0.1941,3.003,good,0.000,2.68,0,0,0,0,10.38,3,0.0,,,
1957,2.2160,-0.1156,-0.0997,3.000,faded,1.000,6.62,1,1,1,0,11.85,1,3.2,19,1940,
1958,2.2160,-0.1070,0.0327,3.000,faded,0.907,4.03,1,1,1,0,8.98,1,3.2,36|35,1920,
1960,2.2240,-0.1188,0.0272,2.986,sour,1.000,16.08,1,1,1,0,13.30,2,3.2,35,1939,1939
1961,2.2240,-0.1177,0.1664,3.122,good,0.000,3.58,0,0,0,0,9.75,2,0.0,,,
1962,2.2240,-0.1164,0.1242,2.999,broken,0.983,2.70,1,1,1,0,12.16,2,2.4,47|48,1936,1936
1959,2.2280,-0.1133,-0.0151,3.385,good,0.000,5.07,0,0,0,0,3.02,3,0.0,,,
1966,2.2280,-0.1190,0.0468,3.021,good,0.011,2.55,0,0,0,0,12.50,2,0.0,,,
1967,2.2280,-0.1183,0.2403,3.000,good,0.019,2.22,0,0,0,0,12.76,2,0.0,,,
1968,2.2280,-0.1163,0.2237,3.037,good,0.005,7.19,0,0,0,0,11.23,2,0.0,,,
1963,2.2320,-0.1142,0.0160,2.987,good,0.026,2.73,0,0,0,0,11.72,3,0.0,,,
1964,2.2320,-0.1079,-0.0289,3.362,good,0.000,2.36,0,0,0,0,1.84,3,0.0,,,
1965,2.2320,-0.1098,0.1676,3.028,good,0.003,9.23,0,0,0,0,9.30,3,0.0,,,
1972,2.2320,-0.1192,0.0673,2.934,good,0.001,2.96,0,0,0,0,14.70,2,0.0,,,
1977,2.2320,-0.0998,-0.0184,3.000,good,0.000,4.87,0,0,0,0,6.60,1,0.0,,,
1969,2.2360,-0.1131,0.1363,2.994,good,0.000,1.67,0,0,0,0,11.19,3,0.0,,,
1970,2.2360,-0.1131,-0.0204,2.642,good,0.000,2.06,0,0,0,0,20.67,3,0.0,,,
1971,2.2360,-0.1083,-0.1048,2.991,good,0.001,3.41,0,0,0,0,9.64,3,0.0,,,
1976,2.2360,-0.1288,0.2035,3.000,good,0.004,8.37,0,0,0,0,12.26,1,0.0,,,
1979,2.2360,-0.1170,0.2068,3.000,good,0.002,3.76,0,0,0,0,12.32,1,0.0,,,
1980,2.2360,-0.1141,0.1993,3.000,good,0.024,4.51,0,0,0,0,11.38,1,0.0,,,
1973,2.2400,-0.1127,-0.1191,2.991,good,0.001,2.67,0,0,0,0,11.12,3,0.0,,,
1974,2.2400,-0.1120,-0.1393,3.000,insect,1.000,3.75,1,1,1,0,10.67,3,3.1,14|13,1932,1932
1975,2.2400,-0.1109,0.0700,2.971,good,0.000,2.09,0,0,0,0,10.98,3,0.0,,,
1978,2.2440,-0.1107,-0.1836,2.933,good,0.001,2.88,0,0,0,0,11.86,3,0.0,,,
1983,2.2440,-0.1188,-0.0651,3.013,good,0.017,4.29,0,0,0,0,12.61,2,0.0,,,
1984,2.2440,-0.1198,0.1023,3.037,good,0.000,2.91,0,0,0,0,12.38,2,0.0,,,
1985,2.2440,-0.1148,0.0267,3.266,good,0.000,3.28,0,0,0,0,5.78,2,0.0,,,
1981,2.2480,-0.1151,-0.1840,3.003,good,0.000,3.01,0,0,0,0,11.64,3,0.0,,,
1982,2.2480,-0.1100,0.0072,3.012,sour,1.000,23.06,1,1,1,0,9.71,3,3.2,32|33,1941,1941
1987,2.2480,-0.1193,0.1834,3.000,good,0.019,3.34,0,0,0,0,13.11,2,0.0,,,
1988,2.2480,-0.1187,-0.1943,3.003,good,0.261,1.99,0,0,0,0,12.84,2,0.0,,,
1989,2.2480,-0.1158,-0.2308,2.986,good,0.001,3.30,0,0,0,0,12.25,2,0.0,,,
1994,2.2480,-0.1077,0.1068,3.000,good,0.000,2.78,0,0,0,0,9.24,1,0.0,,,
1986,2.2520,-0.1101,0.2147,3.117,good,0.000,5.33,0,0,0,0,7.41,3,0.0,,,
1991,2.2520,-0.1188,-0.0207,3.000,good,0.000,1.67,0,0,0,0,12.93,2,0.0,,,
1992,2.2520,-0.1165,-0.1040,3.001,good,0.000,2.47,0,0,0,0,12.15,2,0.0,,,
1993,2.2520,-0.1165,-0.0832,3.450,husk,1.000,90.47,1,1,1,0,2.76,2,2.4,21,2004,
1990,2.2560,-0.1139,-0.1751,2.998,good,0.000,1.56,0,0,0,0,11.33,3,0.0,,,
1995,2.2600,-0.1149,0.0688,2.737,good,0.000,4.18,0,0,0,0,18.53,3,0.0,,,
1996,2.2600,-0.1102,0.1377,3.054,good,0.000,2.02,0,0,0,0,8.82,3,0.0,,,
1997,2.2600,-0.1084,-0.0343,3.198,good,0.000,2.80,0,0,0,0,5.16,3,0.0,,,
2001,2.2600,-0.1183,0.2182,3.038,good,0.017,3.06,0,0,0,0,11.86,2,0.0,,,
2002,2.2600,-0.1170,-0.0766,3.006,good,0.001,2.34,0,0,0,0,12.18,2,0.0,,,
1998,2.2640,-0.1142,-0.1907,3.000,good,0.000,2.44,0,0,0,0,11.39,3,0.0,,,
1999,2.2640,-0.1089,0.1443,3.006,good,0.186,4.56,0,0,0,0,9.51,3,0.0,,,
2000,2.2640,-0.1084,0.2052,3.001,good,0.000,3.73,0,0,0,0,9.46,3,0.0,,,
2003,2.2680,-0.1133,-0.1651,3.071,good,0.003,2.59,0,0,0,0,9.45,3,0.0,,,
2004,2.2680,-0.1123,0.2206,3.063,good,0.043,3.05,0,0,0,0,9.30,3,0.0,,,
2005,2.2680,-0.1095,-0.0876,3.034,good,0.000,2.77,0,0,0,0,9.05,3,0.0,,,
2006,2.2680,-0.1088,0.2008,3.000,good,0.000,3.76,0,0,0,0,9.61,3,0.0,,,
2007,2.2680,-0.1188,0.0780,3.000,good,0.000,2.42,0,0,0,0,12.95,2,0.0,,,
2008,2.2760,-0.1136,0.1307,3.000,good,0.202,3.41,0,0,0,0,11.20,3,0.0,,,
2009,2.2760,-0.1106,0.1217,2.986,good,0.000,2.11,0,0,0,0,10.53,3,0.0,,,
2010,2.2800,-0.1108,0.0114,2.981,good,0.007,2.31,0,0,0,0,10.72,3,0.0,,,
2011,2.2800,-0.1082,0.1653,2.995,good,0.000,2.46,0,0,0,0,9.51,3,0.0,,,
2012,2.2840,-0.1186,0.1814,2.644,good,0.127,5.44,0,0,0,0,22.67,3,0.0,,,
2013,2.2840,-0.1147,0.1191,2.997,good,0.006,2.32,0,0,0,0,11.64,3,0.0,,,
2014,2.2840,-0.1137,-0.0378,3.031,good,0.000,2.48,0,0,0,0,10.52,3,0.0,,,
2015,2.2840,-0.1110,-0.1727,2.946,good,0.001,3.32,0,0,0,0,11.64,3,0.0,,,
2016,2.2840,-0.1075,-0.0681,3.200,good,0.001,2.81,0,0,0,0,4.86,3,0.0,,,
2018,2.2840,-0.1191,-0.0482,2.819,broken,0.752,2.09,1,1,1,0,17.70,2,2.4,25|26,1991,1991
2017,2.2880,-0.1152,0.1259,3.112,good,0.000,2.47,0,0,0,0,9.15,3,0.0,,,
2019,2.2880,-0.1191,0.1004,2.995,good,0.000,3.42,0,0,0,0,13.16,2,0.0,,,
2020,2.2960,-0.1101,-0.0020,3.002,faded,0.729,3.25,1,1,1,0,10.01,3,3.2,31,1989,1989
2021,2.2960,-0.1101,-0.1011,2.999,good,0.000,3.60,0,0,0,0,10.05,3,0.0,,,
2025,2.2960,-0.1181,0.0282,3.075,good,0.000,2.77,0,0,0,0,10.95,2,0.0,,,
2022,2.3000,-0.1121,0.1240,2.990,good,0.012,4.24,0,0,0,0,10.92,3,0.0,,,
2023,2.3000,-0.1115,-0.1999,2.994,good,0.001,2.65,0,0,0,0,10.63,3,0.0,,,
2024,2.3000,-0.1121,0.0528,2.999,good,0.000,3.30,0,0,0,0,10.72,3,0.0,,,
2029,2.3000,-0.1168,0.0294,3.020,good,0.003,6.69,0,0,0,0,11.79,2,0.0,,,
2026,2.3040,-0.1150,0.1526,2.968,good,0.002,2.43,0,0,0,0,12.44,3,0.0,,,
2027,2.3040,-0.1095,-0.1182,2.954,good,0.001,2.48,0,0,0,0,10.93,3,0.0,,,
2028,2.3040,-0.1224,-0.1484,2.769,black,1.000,47.52,1,1,1,0,16.31,2,3.2,13|12,,
2033,2.3040,-0.1163,-0.1791,2.996,good,0.000,2.25,0,0,0,0,12.18,2,0.0,,,
2040,2.3040,-0.1114,-0.1516,3.000,black,1.000,47.51,1,1,1,0,10.46,1,3.2,12,2016,
2030,2.3080,-0.1152,0.0756,2.623,good,0.146,2.30,0,0,0,0,22.05,3,0.0,,,
2031,2.3080,-0.1109,0.1085,2.997,good,0.001,2.15,0,0,0,0,10.36,3,0.0,,,
2032,2.3080,-0.1170,-0.2368,2.353,good,0.108,9.94,0,0,0,0,32.23,3,0.0,,,
2039,2.3080,-0.1195,0.0290,3.007,good,0.002,1.75,0,0,0,0,12.99,2,0.0,,,
2034,2.3120,-0.1137,-0.0609,2.998,faded,0.939,4.55,1,1,1,0,11.30,3,3.2,24,1992,
2035,2.3120,-0.1119,0.1291,2.851,good,0.000,1.84,0,0,0,0,14.35,3,0.0,,,
2037,2.3120,-0.1129,-0.1348,2.711,good,0.001,9.29,0,0,0,0,18.54,3,0.0,,,
2038,2.3120,-0.1090,0.2026,3.000,good,0.000,1.82,0,0,0,0,9.65,3,0.0,,,
2043,2.3120,-0.1137,-0.2066,3.450,good,0.021,7.37,0,0,0,0,1.94,2,0.0,,,
2045,2.3120,-0.1172,0.1457,3.009,good,0.000,2.28,0,0,0,0,12.17,2,0.0,,,
2036,2.3160,-0.1218,0.2208,1.800,good,0.003,5.12,0,0,0,0,59.21,3,0.0,,,
2041,2.3160,-0.1140,0.0415,2.965,good,0.000,2.78,0,0,0,0,12.18,3,0.0,,,
2042,2.3160,-0.1128,0.1178,2.968,good,0.000,2.14,0,0,0,0,11.71,3,0.0,,,
2044,2.3160,-0.1086,-0.0716,2.911,good,0.000,2.07,0,0,0,0,11.65,3,0.0,,,
2048,2.3160,-0.1172,-0.0912,3.288,broken,0.771,3.25,1,1,1,0,6.06,2,2.4,20,2007,2007
2049,2.3160,-0.1102,-0.2024,2.662,good,0.004,3.67,0,0,0,0,18.97,2,0.0,,,
2052,2.3160,-0.1151,0.2191,3.000,good,0.006,3.43,0,0,0,0,11.71,1,0.0,,,
2053,2.3160,-0.1021,-0.1383,3.000,good,0.000,9.20,0,0,0,0,7.37,1,0.0,,,
2046,2.3200,-0.1148,-0.0800,3.101,good,0.009,3.11,0,0,0,0,9.27,3,0.0,,,
2047,2.3200,-0.1118,0.1874,2.989,good,0.000,2.33,0,0,0,0,10.88,3,0.0,,,
2050,2.3240,-0.1107,-0.0970,3.000,good,0.000,2.51,0,0,0,0,10.24,3,0.0,,,
2051,2.3240,-0.1093,-0.0469,2.841,good,0.000,3.26,0,0,0,0,13.70,3,0.0,,,
2057,2.3240,-0.1199,0.0151,2.997,good,0.000,3.59,0,0,0,0,13.38,2,0.0,,,
2059,2.3240,-0.1195,-0.1815,2.960,good,0.001,2.70,0,0,0,0,14.17,2,0.0,,,
2060,2.3240,-0.1197,-0.1203,2.997,good,0.002,3.39,0,0,0,0,13.31,2,0.0,,,
2054,2.3280,-0.1116,0.1956,3.004,good,0.039,2.93,0,0,0,0,10.45,3,0.0,,,
2055,2.3280,-0.1357,-0.1070,3.000,good,0.002,3.08,0,0,0,0,10.58,1,0.0,,,
2056,2.3280,-0.1236,0.0495,3.112,good,0.000,2.40,0,0,0,0,7.87,2,0.0,,,
2058,2.3280,-0.1099,0.0984,2.926,black,1.000,49.46,1,1,1,0,11.76,3,3.2,44,2006,2006
2063,2.3280,-0.1194,0.0202,3.003,good,0.000,3.40,0,0,0,0,13.05,2,0.0,,,
2064,2.3280,-0.1188,-0.0025,2.693,good,0.000,1.97,0,0,0,0,21.25,2,0.0,,,
2065,2.3280,-0.1229,-0.1035,3.000,good,0.002,3.11,0,0,0,0,10.30,1,0.0,,,
2068,2.3280,-0.1190,0.0495,3.000,broken,1.000,8.41,1,1,1,0,13.01,1,2.4,38,2030,
2069,2.3280,-0.1101,-0.0999,3.000,good,0.004,3.00,0,0,0,0,10.03,1,0.0,,,
2070,2.3280,-0.1112,0.0465,3.000,good,0.000,2.47,0,0,0,0,10.40,1,0.0,,,
2061,2.3320,-0.1127,-0.1967,2.820,good,0.000,1.84,0,0,0,0,15.40,3,0.0,,,
2062,2.3320,-0.1347,0.0531,3.000,broken,1.000,10.23,1,1,1,0,10.25,1,2.4,38|39,,
2067,2.3320,-0.1181,0.2049,3.006,good,0.000,2.45,0,0,0,0,12.56,2,0.0,,,
2066,2.3360,-0.1137,0.0078,3.014,faded,0.889,3.47,1,1,1,0,10.89,3,3.2,32|33,2024,2024
2074,2.3360,-0.1181,-0.0050,2.996,good,0.298,3.31,0,0,0,0,12.81,2,0.0,,,
2071,2.3400,-0.1150,-0.0047,3.000,good,0.010,2.03,0,0,0,0,11.67,3,0.0,,,
2072,2.3400,-0.1153,0.1824,2.826,insect,1.000,2.96,1,1,1,0,16.19,3,3.1,55,2036,
2073,2.3400,-0.1111,-0.2176,3.224,good,0.000,3.29,0,0,0,0,5.48,3,0.0,,,
2075,2.3440,-0.1118,-0.1679,3.015,good,0.000,2.08,0,0,0,0,10.25,3,0.0,,,
2076,2.3440,-0.1124,0.0330,2.938,good,0.000,1.51,0,0,0,0,12.31,3,0.0,,,
2080,2.3440,-0.1193,-0.0542,2.971,good,0.000,2.59,0,0,0,0,13.82,2,0.0,,,
2081,2.3440,-0.1174,0.1382,2.999,good,0.003,6.81,0,0,0,0,12.51,2,0.0,,,
2077,2.3480,-0.1161,-0.2142,2.794,good,0.013,2.97,0,0,0,0,17.35,3,0.0,,,
2078,2.3480,-0.1114,-0.1239,3.106,good,0.000,3.08,0,0,0,0,8.05,3,0.0,,,
2079,2.3480,-0.1103,-0.1778,2.998,good,0.000,2.03,0,0,0,0,10.16,3,0.0,,,
2085,2.3480,-0.1176,-0.2033,3.001,good,0.002,3.23,0,0,0,0,12.51,2,0.0,,,
2086,2.3480,-0.1128,0.1752,3.450,good,0.000,2.50,0,0,0,0,1.68,2,0.0,,,
2082,2.3520,-0.1159,0.1614,2.927,good,0.023,4.27,0,0,0,0,13.78,3,0.0,,,
2083,2.3520,-0.1091,-0.0961,3.004,good,0.029,4.09,0,0,0,0,9.60,3,0.0,,,
2084,2.3520,-0.1084,0.0989,3.019,faded,1.000,4.81,1,1,1,0,9.02,3,3.2,44,2038,2038
2090,2.3520,-0.1167,0.0750,2.982,sour,1.000,12.84,1,1,1,0,12.68,2,3.2,41,2048,2048
2087,2.3560,-0.1137,0.0518,3.009,good,0.001,1.95,0,0,0,0,11.02,3,0.0,,,
2088,2.3560,-0.1107,0.1555,3.080,good,0.018,5.49,0,0,0,0,8.40,3,0.0,,,
2089,2.3560,-0.1346,0.2413,3.000,good,0.014,9.01,0,0,0,0,10.21,1,0.0,,,
2094,2.3560,-0.1204,0.2449,3.000,good,0.018,8.63,0,0,0,0,9.46,1,0.0,,,
2091,2.3600,-0.1108,0.0001,3.004,good,0.171,3.03,0,0,0,0,10.18,3,0.0,,,
2092,2.3600,-0.1101,-0.0874,3.002,good,0.000,2.91,0,0,0,0,10.00,3,0.0,,,
2093,2.3600,-0.1140,0.2180,2.398,good,0.007,5.06,0,0,0,0,29.23,3,0.0,,,
2097,2.3600,-0.1131,-0.0436,2.923,good,0.002,7.66,0,0,0,0,12.90,2,0.0,,,
2095,2.3640,-0.1151,-0.2409,2.994,good,0.000,3.46,0,0,0,0,11.86,3,0.0,,,
2096,2.3640,-0.1262,-0.1050,2.950,good,0.009,7.68,0,0,0,0,12.69,2,0.0,,,
2104,2.3640,-0.1187,0.1195,3.002,good,0.008,3.32,0,0,0,0,12.86,2,0.0,,,
2105,2.3640,-0.1078,0.0749,3.418,husk,1.000,32.46,1,1,1,0,0.80,2,2.4,41,2119,
2108,2.3640,-0.1162,-0.1108,3.000,good,0.003,2.71,0,0,0,0,12.06,1,0.0,,,
2109,2.3640,-0.1129,-0.1013,3.000,faded,0.999,4.26,1,1,1,0,10.95,1,3.2,19|18,2054,2054
2110,2.3640,-0.1044,0.2214,3.000,good,0.012,2.94,0,0,0,0,8.12,1,0.0,,,
2098,2.3680,-0.1148,-0.1260,2.930,good,0.000,2.83,0,0,0,0,13.31,3,0.0,,,
2099,2.3680,-0.1131,-0.1695,2.709,good,0.001,2.46,0,0,0,0,18.65,3,0.0,,,
2100,2.3680,-0.1105,-0.2165,2.999,good,0.000,1.66,0,0,0,0,10.20,3,0.0,,,
2101,2.3680,-0.1114,-0.0384,2.716,good,0.004,2.55,0,0,0,0,17.85,3,0.0,,,
2102,2.3680,-0.1097,0.0036,3.001,good,0.000,3.05,0,0,0,0,9.87,3,0.0,,,
2103,2.3680,-0.1098,0.0904,2.759,good,0.011,2.00,0,0,0,0,16.04,3,0.0,,,
2107,2.3680,-0.1168,0.0205,3.140,good,0.018,4.85,0,0,0,0,9.04,2,0.0,,,
2106,2.3720,-0.1083,0.0619,2.974,good,0.000,8.36,0,0,0,0,10.03,3,0.0,,,
2116,2.3720,-0.1172,-0.1488,2.996,good,0.000,4.15,0,0,0,0,12.50,2,0.0,,,
2117,2.3720,-0.1169,0.0315,2.988,sour,1.000,15.85,1,1,1,0,12.58,2,3.2,36|35,2063,
2111,2.3760,-0.1152,-0.0780,2.989,good,0.000,2.72,0,0,0,0,12.01,3,0.0,,,
2112,2.3760,-0.1139,-0.2094,3.016,sour,1.000,25.10,1,1,1,0,10.91,3,3.2,5|4,2097,2097
2113,2.3760,-0.1184,-0.1484,2.460,good,0.000,2.61,0,0,0,0,28.76,3,0.0,,,
2114,2.3760,-0.1100,0.1916,2.998,good,0.006,2.37,0,0,0,0,10.06,3,0.0,,,
2115,2.3760,-0.1092,-0.0400,2.939,black,1.000,50.20,1,1,1,0,11.20,3,3.2,26|27,2088,2088
2118,2.3840,-0.1167,0.1217,3.004,good,0.000,3.82,0,0,0,0,12.12,3,0.0,,,
2119,2.3840,-0.1136,-0.1956,3.270,good,0.006,3.44,0,0,0,0,5.32,3,0.0,,,
2121,2.3840,-0.1150,-0.0233,2.815,good,0.000,2.37,0,0,0,0,16.38,3,0.0,,,
2122,2.3840,-0.1096,-0.0333,2.859,good,0.001,3.27,0,0,0,0,13.32,3,0.0,,,
2120,2.3880,-0.1205,0.0301,2.313,good,0.003,3.69,0,0,0,0,31.34,3,0.0,,,
2123,2.3880,-0.1084,0.0471,3.025,good,0.001,2.51,0,0,0,0,8.88,3,0.0,,,
2126,2.3880,-0.1191,-0.0131,3.011,good,0.038,3.03,0,0,0,0,12.76,2,0.0,,,
2133,2.3880,-0.1112,0.0272,3.000,good,0.001,3.55,0,0,0,0,10.41,1,0.0,,,
2124,2.3920,-0.1242,0.1167,2.984,good,0.003,2.91,0,0,0,0,11.11,2,0.0,,,
2125,2.3920,-0.1085,0.2157,3.048,good,0.032,3.16,0,0,0,0,8.41,3,0.0,,,
2130,2.3920,-0.1188,0.1452,3.062,good,0.000,3.46,0,0,0,0,11.46,2,0.0,,,
2131,2.3920,-0.1175,0.1725,3.134,good,0.003,3.36,0,0,0,0,9.41,2,0.0,,,
2132,2.3920,-0.1161,0.0147,3.020,good,0.000,2.80,0,0,0,0,11.55,2,0.0,,,
2139,2.3920,-0.1122,0.1212,3.000,good,0.001,2.93,0,0,0,0,10.74,1,0.0,,,
2127,2.3960,-0.1098,-0.0148,2.999,good,0.110,8.40,0,0,0,0,9.95,3,0.0,,,
2128,2.3960,-0.1089,0.0367,2.920,good,0.000,2.09,0,0,0,0,11.54,3,0.0,,,
2129,2.3960,-0.1084,-0.0451,3.020,good,0.000,2.44,0,0,0,0,9.01,3,0.0,,,
2137,2.3960,-0.1171,-0.0732,2.916,good,0.000,2.73,0,0,0,0,14.45,2,0.0,,,
2138,2.3960,-0.1169,0.0705,2.995,good,0.000,4.67,0,0,0,0,12.43,2,0.0,,,
2134,2.4000,-0.1143,0.0408,2.977,good,0.000,2.01,0,0,0,0,11.98,3,0.0,,,
2135,2.4000,-0.1108,0.1621,3.010,good,0.001,2.65,0,0,0,0,10.03,3,0.0,,,
2136,2.4000,-0.1078,0.2128,3.190,good,0.000,1.67,0,0,0,0,5.13,3,0.0,,,
2142,2.4000,-0.1150,-0.2303,3.021,sour,1.000,12.86,1,1,1,0,11.17,2,3.2,2,2102,2102
2140,2.4040,-0.1140,0.0275,3.000,good,0.002,2.14,0,0,0,0,11.33,3,0.0,,,
2141,2.4040,-0.1107,0.1235,3.012,good,0.000,2.15,0,0,0,0,9.94,3,0.0,,,
2146,2.4040,-0.1184,0.1712,3.130,faded,0.998,4.86,1,1,1,0,9.77,2,3.2,53|54,2092,2092
2143,2.4080,-0.1102,0.0430,2.989,insect,1.000,3.25,1,1,1,0,10.34,3,3.1,37,2116,2116
2144,2.4080,-0.1090,-0.0795,3.013,good,0.000,1.58,0,0,0,0,9.36,3,0.0,,,
2145,2.4080,-0.1082,-0.1017,3.007,good,0.000,2.77,0,0,0,0,9.22,3,0.0,,,
2147,2.4080,-0.1177,0.1040,3.107,good,0.000,8.17,0,0,0,0,10.07,2,0.0,,,
2148,2.4080,-0.1175,0.2244,2.977,good,0.001,2.05,0,0,0,0,13.05,2,0.0,,,
2149,2.4080,-0.1159,-0.0325,3.016,good,0.000,3.84,0,0,0,0,11.60,2,0.0,,,
2153,2.4120,-0.1157,-0.1236,2.972,good,0.001,3.25,0,0,0,0,12.58,2,0.0,,,
2150,2.4160,-0.1153,-0.1729,2.974,good,0.000,1.68,0,0,0,0,12.39,3,0.0,,,
2151,2.4160,-0.1118,0.1620,2.999,good,0.001,5.15,0,0,0,0,10.61,3,0.0,,,
2152,2.4160,-0.1111,0.1037,2.973,good,0.000,1.94,0,0,0,0,11.00,3,0.0,,,
2154,2.4160,-0.1195,-0.2127,3.091,good,0.000,2.79,0,0,0,0,11.02,2,0.0,,,
2155,2.4240,-0.1148,0.0489,2.858,good,0.000,3.42,0,0,0,0,15.14,3,0.0,,,
2156,2.4240,-0.1079,-0.0171,3.145,good,0.002,2.44,0,0,0,0,6.12,3,0.0,,,
2161,2.4240,-0.1196,-0.0869,2.845,good,0.001,2.84,0,0,0,0,17.20,2,0.0,,,
2157,2.4280,-0.1145,-0.1589,3.110,good,0.023,2.79,0,0,0,0,8.97,3,0.0,,,
2158,2.4280,-0.1121,-0.0033,2.980,insect,1.000,5.72,1,1,1,0,11.15,3,3.1,31,2122,2122
2159,2.4280,-0.1151,0.1156,2.682,good,0.001,2.63,0,0,0,0,20.21,3,0.0,,,
2160,2.4280,-0.1143,-0.2377,2.503,black,1.000,50.01,1,1,1,0,25.61,3,3.2,1,2118,
2162,2.4320,-0.1136,0.2111,2.888,good,0.025,5.92,0,0,0,0,13.96,3,0.0,,,
2163,2.4320,-0.1144,-0.2413,3.031,black,1.000,53.29,1,1,1,0,10.73,3,3.2,1|0,2117,2117
2164,2.4320,-0.1105,0.0377,2.996,good,0.000,2.77,0,0,0,0,10.27,3,0.0,,,
2166,2.4320,-0.1116,0.1865,3.450,good,0.000,2.53,0,0,0,0,1.33,2,0.0,,,
2165,2.4360,-0.1142,0.1024,2.998,good,0.000,2.66,0,0,0,0,11.47,3,0.0,,,
2171,2.4360,-0.1199,0.0420,2.992,good,0.084,3.80,0,0,0,0,13.49,2,0.0,,,
2173,2.4360,-0.1170,0.0022,2.992,good,0.000,2.70,0,0,0,0,12.52,2,0.0,,,
2167,2.4400,-0.1136,-0.0499,3.001,good,0.000,2.74,0,0,0,0,11.17,3,0.0,,,
2168,2.4400,-0.1123,-0.1777,3.163,good,0.006,4.79,0,0,0,0,7.13,3,0.0,,,
2169,2.4400,-0.1359,0.1210,3.000,good,0.000,2.45,0,0,0,0,10.63,1,0.0,,,
2170,2.4400,-0.1114,0.0869,2.999,good,0.017,2.77,0,0,0,0,10.48,3,0.0,,,
2172,2.4400,-0.1110,-0.0964,2.758,good,0.001,2.55,0,0,0,0,16.50,3,0.0,,,
2177,2.4400,-0.1182,-0.2231,3.019,good,0.000,2.60,0,0,0,0,12.27,2,0.0,,,
2178,2.4400,-0.1179,0.1584,3.002,good,0.001,1.97,0,0,0,0,12.57,2,0.0,,,
2179,2.4400,-0.1238,0.1245,3.000,good,0.000,2.59,0,0,0,0,10.61,1,0.0,,,
2187,2.4400,-0.1118,0.1279,3.000,good,0.000,2.94,0,0,0,0,10.60,1,0.0,,,
2174,2.4440,-0.1150,-0.0260,2.988,faded,0.968,4.59,1,1,1,0,11.95,3,3.2,28,2152,2152
2175,2.4440,-0.1078,0.0221,3.450,good,0.000,3.21,0,0,0,0,0.24,3,0.0,,,
2176,2.4440,-0.1100,0.1438,3.001,good,0.098,3.37,0,0,0,0,9.98,3,0.0,,,
2186,2.4440,-0.1196,-0.0174,2.999,good,0.000,2.69,0,0,0,0,13.21,2,0.0,,,
2180,2.4480,-0.1174,0.0004,2.845,good,0.317,4.79,0,0,0,0,16.40,3,0.0,,,
2181,2.4480,-0.1117,-0.1432,3.394,good,0.014,3.45,0,0,0,0,2.37,3,0.0,,,
2182,2.4480,-0.1123,-0.0691,3.000,good,0.002,2.43,0,0,0,0,10.79,3,0.0,,,
2183,2.4480,-0.1130,-0.0389,3.008,good,0.000,3.25,0,0,0,0,10.80,3,0.0,,,
2184,2.4480,-0.1145,-0.1560,2.571,good,0.001,1.89,0,0,0,0,23.41,3,0.0,,,
2185,2.4480,-0.1083,0.1526,3.022,good,0.000,2.42,0,0,0,0,8.94,3,0.0,,,
2190,2.4480,-0.1186,0.0411,2.924,good,0.000,3.37,0,0,0,0,14.76,2,0.0,,,
2188,2.4520,-0.1158,0.2132,3.015,good,0.001,2.45,0,0,0,0,11.57,3,0.0,,,
2189,2.4520,-0.1164,0.1153,2.992,good,0.009,5.26,0,0,0,0,12.32,3,0.0,,,
2191,2.4560,-0.1151,-0.0484,3.019,good,0.005,3.50,0,0,0,0,11.27,3,0.0,,,
2192,2.4560,-0.1117,-0.1424,3.005,good,0.000,2.80,0,0,0,0,10.47,3,0.0,,,
2193,2.4600,-0.1099,0.2103,2.988,good,0.025,4.07,0,0,0,0,10.25,3,0.0,,,
2194,2.4600,-0.1095,-0.0567,2.998,good,0.009,3.72,0,0,0,0,9.87,3,0.0,,,
2197,2.4600,-0.1187,-0.2139,2.652,good,0.011,2.47,0,0,0,0,22.48,2,0.0,,,
2198,2.4600,-0.1188,-0.1296,3.001,good,0.004,3.67,0,0,0,0,12.91,2,0.0,,,
2195,2.4640,-0.1151,-0.0229,2.996,faded,0.652,3.54,1,1,1,0,11.80,3,3.2,29|28,2169,2169
2196,2.4640,-0.1079,0.0878,3.450,good,0.024,5.75,0,0,0,0,0.26,3,0.0,,,
2200,2.4640,-0.1194,-0.1374,2.994,good,0.001,2.42,0,0,0,0,13.28,2,0.0,,,
2201,2.4640,-0.1185,0.0240,3.070,good,0.000,2.26,0,0,0,0,11.16,2,0.0,,,
2199,2.4680,-0.1128,0.1530,3.202,good,0.004,3.30,0,0,0,0,6.44,3,0.0,,,
2203,2.4680,-0.1176,0.0927,2.913,good,0.000,2.12,0,0,0,0,14.71,2,0.0,,,
2204,2.4680,-0.1167,0.1186,2.984,good,0.000,2.27,0,0,0,0,12.64,2,0.0,,,
2202,2.4720,-0.1119,-0.0660,3.001,good,0.001,2.66,0,0,0,0,10.62,3,0.0,,,
2209,2.4720,-0.1290,-0.2146,3.000,good,0.042,5.17,0,0,0,0,12.32,1,0.0,,,
2211,2.4720,-0.1186,-0.1172,2.999,good,0.002,2.09,0,0,0,0,12.92,2,0.0,,,
2212,2.4720,-0.1182,0.0539,3.054,good,0.000,4.46,0,0,0,0,11.44,2,0.0,,,
2215,2.4720,-0.1188,-0.2190,3.000,good,0.003,9.41,0,0,0,0,12.95,1,0.0,,,
2205,2.4760,-0.1149,-0.1205,2.918,good,0.000,2.32,0,0,0,0,13.65,3,0.0,,,
2206,2.4760,-0.1153,0.0871,2.714,good,0.008,3.58,0,0,0,0,19.34,3,0.0,,,
2207,2.4760,-0.1070,-0.1013,3.386,faded,0.999,4.69,1,1,1,0,1.13,3,3.2,19|18,2187,
2208,2.4760,-0.1086,-0.2234,3.050,good,0.134,2.43,0,0,0,0,8.39,2,0.0,,,
2210,2.4760,-0.1099,0.1522,2.841,good,0.002,3.16,0,0,0,0,13.87,3,0.0,,,
2213,2.4800,-0.1146,-0.0323,2.938,good,0.010,14.82,0,0,0,0,13.04,3,0.0,,,
2214,2.4800,-0.1222,-0.0283,2.958,good,0.489,15.09,0,0,0,0,11.12,2,0.0,,,
2218,2.4800,-0.1093,-0.0239,2.969,good,0.001,19.45,1,1,1,0,10.51,2,9.0,28|29|27,2189,
2222,2.4800,-0.1104,-0.0241,3.000,good,0.465,15.01,0,0,0,0,10.13,1,0.0,,,
2216,2.4840,-0.1151,0.0452,2.970,good,0.000,2.33,0,0,0,0,12.44,3,0.0,,,
2217,2.4840,-0.1089,0.1668,3.151,good,0.000,1.64,0,0,0,0,6.29,3,0.0,,,
2221,2.4840,-0.1198,0.1880,3.000,good,0.001,4.99,0,0,0,0,13.25,2,0.0,,,
2219,2.4880,-0.1163,-0.2044,2.994,good,0.000,2.18,0,0,0,0,12.24,3,0.0,,,
2220,2.4880,-0.1099,-0.1951,3.006,good,0.005,2.35,0,0,0,0,9.84,3,0.0,,,
2224,2.4880,-0.1197,-0.0890,2.999,good,0.000,2.29,0,0,0,0,13.26,2,0.0,,,
2226,2.4880,-0.1172,-0.0390,2.891,good,0.000,5.45,0,0,0,0,15.14,2,0.0,,,
2223,2.4920,-0.1124,-0.0072,3.005,broken,0.922,4.66,1,1,1,0,10.66,3,2.4,31|30,2203,2203
2225,2.4920,-0.1092,0.0906,2.703,good,0.002,3.62,0,0,0,0,17.38,3,0.0,,,
2229,2.4920,-0.1196,0.1854,3.372,good,0.004,2.37,0,0,0,0,5.14,2,0.0,,,
2230,2.4920,-0.1174,-0.2375,2.995,good,0.000,1.59,0,0,0,0,12.56,2,0.0,,,
2227,2.4960,-0.1167,0.0481,3.001,good,0.000,4.20,0,0,0,0,12.22,3,0.0,,,
2228,2.4960,-0.1132,-0.1062,2.846,good,0.000,2.19,0,0,0,0,14.93,3,0.0,,,
2234,2.4960,-0.1155,-0.2016,3.171,good,0.005,3.64,0,0,0,0,7.95,2,0.0,,,
2231,2.5000,-0.1108,0.1668,2.844,good,0.030,6.45,0,0,0,0,14.12,3,0.0,,,
2232,2.5000,-0.1342,-0.2410,3.000,good,0.006,3.04,0,0,0,0,10.07,1,0.0,,,
2233,2.5000,-0.1096,-0.0915,3.008,good,0.000,2.05,0,0,0,0,9.68,3,0.0,,,
2235,2.5000,-0.1191,-0.1424,3.438,good,0.288,3.25,0,0,0,0,3.72,2,0.0,,,
2236,2.5000,-0.1263,-0.2377,3.000,good,0.001,3.01,0,0,0,0,11.44,1,0.0,,,
2246,2.5000,-0.1184,-0.2345,3.000,good,0.001,3.16,0,0,0,0,12.81,1,0.0,,,
2239,2.5040,-0.1191,-0.2121,3.099,good,0.019,6.42,0,0,0,0,10.71,2,0.0,,,
2240,2.5040,-0.1199,0.0996,2.997,black,1.000,50.70,1,1,1,0,13.38,2,3.2,44,2210,
2241,2.5040,-0.1173,0.1518,3.001,good,0.000,3.20,0,0,0,0,12.41,2,0.0,,,
2242,2.5040,-0.1164,-0.1775,2.995,good,0.032,3.62,0,0,0,0,12.23,2,0.0,,,
2243,2.5040,-0.1168,-0.1279,2.971,good,0.001,2.46,0,0,0,0,12.97,2,0.0,,,
2244,2.5040,-0.1119,-0.1479,3.450,good,0.002,2.71,0,0,0,0,1.43,2,0.0,,,
2245,2.5040,-0.1260,0.1981,3.000,faded,0.999,6.25,1,1,1,0,11.35,1,3.2,57,,
2251,2.5040,-0.1119,0.1950,3.000,faded,0.999,6.29,1,1,1,0,10.64,1,3.2,56|57,2196,
2252,2.5040,-0.1106,-0.2313,3.000,good,0.001,3.00,0,0,0,0,10.19,1,0.0,,,
2237,2.5080,-0.1126,-0.1509,3.027,faded,1.000,4.14,1,1,1,0,10.22,3,3.2,12,2212,
2238,2.5080,-0.1121,-0.1667,3.001,good,0.000,1.89,0,0,0,0,10.66,3,0.0,,,
2250,2.5080,-0.1196,0.0224,2.999,good,0.085,2.54,0,0,0,0,13.24,2,0.0,,,
2255,2.5080,-0.1027,-0.2281,3.000,good,0.000,3.11,0,0,0,0,7.55,1,0.0,,,
2247,2.5120,-0.1121,-0.1209,3.229,good,0.000,2.04,0,0,0,0,5.69,3,0.0,,,
2248,2.5120,-0.1101,0.1058,2.934,good,0.116,20.35,1,1,1,0,11.60,3,9.0,45|46|44,2190|2200,
2249,2.5120,-0.1098,-0.1924,2.938,good,0.001,2.16,0,0,0,0,11.39,3,0.0,,,
2253,2.5120,-0.1182,-0.1318,3.450,good,0.017,3.25,0,0,0,0,3.25,2,0.0,,,
2254,2.5120,-0.1162,-0.1437,3.011,good,0.018,2.16,0,0,0,0,11.79,2,0.0,,,
2261,2.5160,-0.1193,0.1309,3.000,good,0.002,4.28,0,0,0,0,13.10,2,0.0,,,
2262,2.5160,-0.1152,0.1673,3.220,faded,0.895,4.07,1,1,1,0,6.85,2,3.2,53,2232,
2256,2.5200,-0.1125,0.1609,2.992,good,0.002,3.76,0,0,0,0,11.01,3,0.0,,,
2257,2.5200,-0.1137,-0.2108,2.840,good,0.044,4.07,0,0,0,0,15.24,3,0.0,,,
2258,2.5200,-0.1129,-0.1949,3.000,faded,1.000,5.03,1,1,1,0,10.97,3,3.2,7|6,2217,2217
2259,2.5200,-0.1092,0.0862,3.009,good,0.000,2.25,0,0,0,0,9.54,3,0.0,,,
2260,2.5200,-0.1088,0.1927,2.973,good,0.001,1.64,0,0,0,0,10.23,3,0.0,,,
2263,2.5200,-0.1200,-0.0347,2.997,good,0.000,2.91,0,0,0,0,13.39,2,0.0,,,
2266,2.5240,-0.1184,-0.1491,2.996,good,0.000,3.35,0,0,0,0,12.91,2,0.0,,,
2264,2.5280,-0.1152,0.0885,2.994,good,0.000,2.20,0,0,0,0,11.89,3,0.0,,,
2265,2.5280,-0.1121,0.2362,2.999,good,0.002,4.08,0,0,0,0,10.72,3,0.0,,,
2272,2.5280,-0.1182,-0.2432,2.999,good,0.014,6.13,0,0,0,0,12.76,2,0.0,,,
2273,2.5280,-0.1172,0.0691,2.914,good,0.000,3.91,0,0,0,0,14.54,2,0.0,,,
2267,2.5320,-0.1131,-0.1203,3.030,good,0.005,4.55,0,0,0,0,10.31,3,0.0,,,
2268,2.5320,-0.1130,-0.0853,3.000,good,0.000,2.73,0,0,0,0,11.01,3,0.0,,,
2269,2.5320,-0.1078,0.1603,3.149,husk,0.912,9.77,1,1,1,0,5.98,3,2.4,52,2237,
2270,2.5320,-0.1081,-0.1575,2.996,good,0.000,2.10,0,0,0,0,9.46,3,0.0,,,
2271,2.5320,-0.1212,-0.0140,2.808,good,0.000,2.65,0,0,0,0,14.79,2,0.0,,,
2275,2.5320,-0.1165,-0.1626,3.450,good,0.009,2.87,0,0,0,0,2.75,2,0.0,,,
2278,2.5320,-0.1100,-0.0092,3.000,good,0.000,2.64,0,0,0,0,9.98,1,0.0,,,
2274,2.5360,-0.1117,-0.1034,3.001,good,0.001,3.26,0,0,0,0,10.57,3,0.0,,,
2277,2.5360,-0.1199,0.0939,2.997,good,0.000,2.30,0,0,0,0,13.39,2,0.0,,,
2281,2.5360,-0.1024,-0.1661,3.000,good,0.001,2.41,0,0,0,0,7.46,1,0.0,,,
2276,2.5400,-0.1120,-0.0061,2.997,good,0.001,2.58,0,0,0,0,10.75,3,0.0,,,
2279,2.5440,-0.1146,-0.2367,3.020,good,0.074,3.50,0,0,0,0,11.08,3,0.0,,,
2280,2.5440,-0.1106,-0.2123,3.026,good,0.000,3.27,0,0,0,0,9.60,3,0.0,,,
2284,2.5440,-0.1193,0.1386,3.014,sour,1.000,28.33,1,1,1,0,12.75,2,3.2,49,2236,2236
2285,2.5440,-0.1156,-0.1849,3.246,good,0.027,3.25,0,0,0,0,6.41,2,0.0,,,
2282,2.5480,-0.1154,0.1704,2.999,good,0.004,2.75,0,0,0,0,11.83,3,0.0,,,
2283,2.5480,-0.1090,0.0994,3.006,good,0.000,3.70,0,0,0,0,9.53,3,0.0,,,
2286,2.5520,-0.1150,0.2192,3.015,good,0.000,2.36,0,0,0,0,11.30,3,0.0,,,
2287,2.5520,-0.1097,-0.2109,3.000,good,0.000,3.05,0,0,0,0,9.91,3,0.0,,,
2288,2.5520,-0.1095,0.0492,2.709,good,0.000,2.55,0,0,0,0,17.33,3,0.0,,,
2293,2.5520,-0.1194,0.1698,3.022,good,0.010,12.97,0,0,0,0,12.61,2,0.0,,,
2289,2.5560,-0.1148,-0.0919,2.903,good,0.000,2.03,0,0,0,0,13.99,3,0.0,,,
2290,2.5560,-0.1143,0.0035,2.955,good,0.252,3.18,0,0,0,0,12.52,3,0.0,,,
2291,2.5560,-0.1107,-0.0189,3.000,good,0.000,10.10,0,0,0,0,10.22,3,0.0,,,
2292,2.5560,-0.1107,-0.1070,3.007,good,0.000,3.38,0,0,0,0,10.07,3,0.0,,,
2298,2.5560,-0.1184,0.2274,2.988,black,1.000,50.52,1,1,1,0,13.09,2,3.2,61|60,2243,2243
2299,2.5560,-0.1188,0.1469,3.003,good,0.005,5.58,0,0,0,0,12.86,2,0.0,,,
2294,2.5600,-0.1131,-0.0017,3.000,good,0.000,2.70,0,0,0,0,11.05,3,0.0,,,
2295,2.5600,-0.1125,-0.1180,2.859,good,0.031,2.20,0,0,0,0,14.33,3,0.0,,,
2296,2.5600,-0.1118,-0.0657,2.981,faded,1.000,5.44,1,1,1,0,11.06,3,3.2,23,2274,2274
2297,2.5600,-0.1114,0.1775,2.955,black,1.000,49.93,1,1,1,0,11.55,3,3.2,54,2247,2247
2302,2.5600,-0.1192,0.0781,2.850,good,0.000,2.32,0,0,0,0,16.91,2,0.0,,,
2300,2.5640,-0.1382,0.0942,3.000,good,0.000,1.88,0,0,0,0,11.40,1,0.0,,,
2301,2.5640,-0.1089,-0.1568,2.999,faded,0.738,3.85,1,1,1,0,9.66,3,3.2,11|12,2252,2252
2306,2.5640,-0.1185,0.0989,2.779,good,0.001,9.50,0,0,0,0,18.60,2,0.0,,,
2307,2.5640,-0.1181,0.2339,3.025,good,0.005,2.65,0,0,0,0,12.08,2,0.0,,,
2310,2.5640,-0.1011,-0.1216,3.000,good,0.028,2.10,0,0,0,0,7.03,1,0.0,,,
2303,2.5680,-0.1367,0.0145,3.000,faded,0.997,4.01,1,1,1,0,10.91,1,3.2,33|34,2286,
2304,2.5680,-0.1142,0.1414,2.822,good,0.001,1.65,0,0,0,0,15.91,3,0.0,,,
2305,2.5680,-0.1089,0.0264,3.011,insect,1.000,5.80,1,1,1,0,9.36,3,3.1,35,2261,
2309,2.5680,-0.1241,0.0092,3.000,faded,0.994,3.93,1,1,1,0,10.69,1,3.2,33|32,,
2316,2.5680,-0.1114,0.0039,3.000,faded,0.993,4.03,1,1,1,0,10.46,1,3.2,32,2295,
2308,2.5720,-0.1135,-0.0030,3.094,good,0.003,2.48,0,0,0,0,9.00,3,0.0,,,
2314,2.5720,-0.1185,-0.0907,2.989,good,0.005,4.37,0,0,0,0,13.09,2,0.0,,,
2315,2.5720,-0.1174,-0.2357,3.010,broken,0.997,9.58,1,1,1,0,12.23,2,2.4,1|2,2273,2273
2324,2.5720,-0.1199,0.1594,3.000,good,0.324,18.74,1,1,1,0,13.30,1,9.0,52|51|53,2254|2283,2254|2283
2311,2.5760,-0.1266,0.1905,2.408,good,0.002,2.92,0,0,0,0,30.08,2,0.0,,,
2312,2.5760,-0.1097,-0.0812,3.305,good,0.020,2.57,0,0,0,0,3.46,3,0.0,,,
2313,2.5760,-0.1114,-0.1567,2.740,good,0.020,2.49,0,0,0,0,17.15,3,0.0,,,
2322,2.5760,-0.1189,0.0347,2.998,good,0.000,2.10,0,0,0,0,13.02,2,0.0,,,
2323,2.5760,-0.1165,0.0199,2.996,good,0.000,1.80,0,0,0,0,12.27,2,0.0,,,
2330,2.5760,-0.1165,0.1870,3.000,good,0.001,2.93,0,0,0,0,12.17,1,0.0,,,
2317,2.5800,-0.1134,-0.1210,2.990,good,0.000,3.69,0,0,0,0,11.38,3,0.0,,,
2318,2.5800,-0.1119,0.1417,3.104,good,0.000,3.46,0,0,0,0,8.27,3,0.0,,,
2319,2.5800,-0.1086,-0.0983,3.029,good,0.000,2.21,0,0,0,0,8.86,3,0.0,,,
2320,2.5800,-0.1097,-0.0781,2.956,good,0.000,2.63,0,0,0,0,10.94,3,0.0,,,
2321,2.5800,-0.1094,0.0506,3.000,good,0.001,2.56,0,0,0,0,9.79,3,0.0,,,
2327,2.5800,-0.1184,0.1255,2.995,good,0.000,2.33,0,0,0,0,12.91,2,0.0,,,
2328,2.5800,-0.1173,-0.0398,2.994,sour,1.000,13.55,1,1,1,0,12.58,2,3.2,26|27,2296,2296
2329,2.5800,-0.1151,0.0937,3.000,good,0.000,2.81,0,0,0,0,11.71,2,0.0,,,
2325,2.5840,-0.1100,0.2164,3.202,good,0.034,4.79,0,0,0,0,5.59,3,0.0,,,
2326,2.5840,-0.1105,-0.2195,2.734,faded,0.827,3.43,1,1,1,0,16.99,3,3.2,3|4,2278,
2335,2.5840,-0.1179,-0.0927,2.995,good,0.001,4.24,0,0,0,0,12.76,2,0.0,,,
2336,2.5840,-0.1123,0.0658,3.212,good,0.000,2.45,0,0,0,0,6.09,2,0.0,,,
2331,2.5880,-0.1143,-0.1250,2.951,good,0.000,2.91,0,0,0,0,12.62,3,0.0,,,
2332,2.5880,-0.1114,0.1644,2.995,good,0.003,2.65,0,0,0,0,10.58,3,0.0,,,
2333,2.5880,-0.1135,0.0630,2.645,good,0.000,2.09,0,0,0,0,20.75,3,0.0,,,
2334,2.5880,-0.1092,-0.0435,3.228,black,1.000,55.38,1,1,1,0,4.80,3,3.2,26,2174,
2337,2.5920,-0.1132,0.1982,2.981,good,0.008,4.38,0,0,0,0,11.50,3,0.0,,,
2341,2.5920,-0.1296,0.1582,3.000,good,0.019,5.69,0,0,0,0,12.54,1,0.0,,,
2342,2.5920,-0.1173,-0.2190,2.926,good,0.000,1.88,0,0,0,0,14.24,2,0.0,,,
2343,2.5920,-0.1109,0.0660,3.450,good,0.004,3.60,0,0,0,0,1.13,2,0.0,,,
2345,2.5920,-0.1176,0.1615,3.000,good,0.022,5.69,0,0,0,0,12.54,1,0.0,,,
2338,2.5960,-0.1152,-0.2167,2.997,good,0.000,1.55,0,0,0,0,11.80,3,0.0,,,
2339,2.5960,-0.1124,0.1151,3.010,good,0.000,3.22,0,0,0,0,10.57,3,0.0,,,
2340,2.5960,-0.1115,-0.2055,2.913,good,0.000,1.63,0,0,0,0,12.61,3,0.0,,,
2344,2.5960,-0.1177,0.1303,3.244,good,0.002,7.27,0,0,0,0,7.10,2,0.0,,,
2351,2.5960,-0.1056,0.1647,3.000,good,0.079,5.65,0,0,0,0,8.54,1,0.0,,,
2349,2.6000,-0.1178,-0.0667,3.111,good,0.000,2.33,0,0,0,0,10.01,2,0.0,,,
2350,2.6000,-0.1181,0.1107,3.001,faded,0.984,3.59,1,1,1,0,12.66,2,3.2,46|45,2315,2315
2346,2.6040,-0.1173,-0.1165,2.835,good,0.000,1.96,0,0,0,0,16.67,3,0.0,,,
2347,2.6040,-0.1137,0.0825,2.921,good,0.001,2.59,0,0,0,0,13.16,3,0.0,,,
2348,2.6040,-0.1098,-0.1426,3.005,good,0.000,2.59,0,0,0,0,9.83,3,0.0,,,
2352,2.6080,-0.1143,-0.0764,2.996,good,0.001,2.42,0,0,0,0,11.53,3,0.0,,,
2354,2.6080,-0.1178,0.2082,2.814,good,0.000,2.47,0,0,0,0,17.41,2,0.0,,,
2353,2.6120,-0.1105,-0.2018,2.955,good,0.000,1.60,0,0,0,0,11.23,3,0.0,,,
2361,2.6120,-0.1196,-0.0916,2.928,sour,1.000,21.60,1,1,1,0,14.98,2,3.2,20,2313,
2355,2.6160,-0.1279,0.1481,2.993,good,0.001,2.07,0,0,0,0,12.13,2,0.0,,,
2356,2.6160,-0.1112,0.1996,3.000,good,0.145,5.41,0,0,0,0,10.41,3,0.0,,,
2357,2.6160,-0.1106,-0.0841,3.074,good,0.001,2.49,0,0,0,0,8.53,3,0.0,,,
2358,2.6160,-0.1098,-0.0673,2.998,faded,0.993,3.50,1,1,1,0,9.97,3,3.2,23,2310,2310
2359,2.6160,-0.1113,-0.1949,2.704,good,0.002,2.73,0,0,0,0,18.14,3,0.0,,,
2360,2.6160,-0.1080,-0.0213,3.006,good,0.004,7.47,0,0,0,0,9.19,3,0.0,,,
2363,2.6160,-0.1199,0.0373,2.997,broken,0.998,2.36,1,1,1,0,13.35,2,2.4,36,2332,2332
2364,2.6160,-0.1180,-0.0176,3.000,good,0.004,1.77,0,0,0,0,12.67,2,0.0,,,
2365,2.6160,-0.1173,-0.1300,2.976,good,0.012,2.66,0,0,0,0,13.03,2,0.0,,,
2368,2.6160,-0.1159,0.1443,3.000,good,0.000,2.04,0,0,0,0,11.96,1,0.0,,,
2362,2.6200,-0.1244,0.1004,3.394,good,0.001,2.33,0,0,0,0,2.10,2,0.0,,,
2367,2.6200,-0.1182,0.0436,2.960,good,0.001,8.09,0,0,0,0,13.73,2,0.0,,,
2370,2.6200,-0.1093,0.1032,3.000,good,0.000,2.35,0,0,0,0,9.77,1,0.0,,,
2366,2.6240,-0.1119,-0.0538,3.033,good,0.002,2.34,0,0,0,0,9.87,3,0.0,,,
2369,2.6240,-0.1192,0.1888,3.235,good,0.012,2.04,0,0,0,0,7.75,2,0.0,,,
2371,2.6320,-0.1125,-0.0061,3.179,good,0.000,2.85,0,0,0,0,6.84,3,0.0,,,
2372,2.6320,-0.1112,0.0715,3.008,good,0.000,2.15,0,0,0,0,10.21,3,0.0,,,
2373,2.6320,-0.1127,0.1951,2.788,good,0.001,2.25,0,0,0,0,16.29,3,0.0,,,
2374,2.6320,-0.1083,-0.0621,3.305,good,0.312,3.54,0,0,0,0,3.03,3,0.0,,,
2375,2.6320,-0.1088,0.2213,3.115,good,0.006,2.97,0,0,0,0,7.02,3,0.0,,,
2376,2.6360,-0.1119,-0.0138,3.235,good,0.000,2.58,0,0,0,0,5.49,3,0.0,,,
2377,2.6360,-0.1127,0.0789,3.000,good,0.000,2.20,0,0,0,0,10.91,3,0.0,,,
2381,2.6360,-0.1153,0.0111,3.395,sour,1.000,16.47,1,1,1,0,3.42,2,3.2,33,2324,2324
2382,2.6360,-0.1137,-0.1263,3.224,good,0.501,5.94,1,1,1,0,6.28,2,2.4,15|16,2367,
2378,2.6400,-0.1131,0.0376,2.995,good,0.000,3.60,0,0,0,0,11.15,3,0.0,,,
2379,2.6400,-0.1130,-0.0979,2.906,good,0.005,2.37,0,0,0,0,13.30,3,0.0,,,
2380,2.6400,-0.1088,-0.2062,2.956,good,0.013,2.80,0,0,0,0,10.66,3,0.0,,,
2386,2.6400,-0.1197,0.1794,2.573,good,0.002,3.00,0,0,0,0,25.37,2,0.0,,,
2383,2.6440,-0.1150,0.2268,3.003,good,0.000,3.66,0,0,0,0,11.60,3,0.0,,,
2384,2.6440,-0.1154,-0.0756,2.977,sour,1.000,15.64,1,1,1,0,12.38,3,3.2,22,2330,2330
2385,2.6440,-0.1132,0.0357,2.943,good,0.000,2.73,0,0,0,0,12.46,3,0.0,,,
2389,2.6440,-0.1154,0.2342,2.955,stick,0.999,27.09,1,1,1,0,12.88,2,2.4,61|62,2329|2370,2329|2370
2392,2.6440,-0.1188,-0.1530,2.831,good,0.373,4.50,0,0,0,0,17.28,2,0.0,,,
2387,2.6480,-0.1138,-0.2339,2.991,good,0.000,3.01,0,0,0,0,11.48,3,0.0,,,
2388,2.6480,-0.1144,-0.0915,3.001,good,0.000,1.42,0,0,0,0,11.42,3,0.0,,,
2390,2.6480,-0.1123,0.0314,2.868,good,0.000,7.08,0,0,0,0,14.03,3,0.0,,,
2391,2.6480,-0.1091,0.1449,3.079,good,0.000,2.31,0,0,0,0,7.91,3,0.0,,,
2393,2.6520,-0.1238,0.1543,2.951,good,0.000,1.84,0,0,0,0,11.84,2,0.0,,,
2394,2.6520,-0.1128,0.2356,2.724,good,0.000,2.71,0,0,0,0,18.13,3,0.0,,,
2395,2.6520,-0.1089,0.2186,3.201,good,0.014,2.58,0,0,0,0,5.28,3,0.0,,,
2402,2.6520,-0.1120,0.1510,3.000,good,0.000,1.76,0,0,0,0,10.66,1,0.0,,,
2396,2.6560,-0.1125,0.1653,2.927,good,0.006,4.51,0,0,0,0,12.59,3,0.0,,,
2401,2.6560,-0.1173,-0.2012,3.000,good,0.000,1.97,0,0,0,0,12.43,2,0.0,,,
2397,2.6600,-0.1136,-0.0947,3.023,good,0.000,5.10,0,0,0,0,10.67,3,0.0,,,
2398,2.6600,-0.1134,0.1670,3.102,good,0.000,2.54,0,0,0,0,8.81,3,0.0,,,
2399,2.6600,-0.1142,-0.0579,2.988,good,0.000,3.10,0,0,0,0,11.68,3,0.0,,,
2400,2.6600,-0.1151,0.2064,2.981,good,0.004,2.11,0,0,0,0,12.17,3,0.0,,,
2405,2.6600,-0.1183,0.0981,3.450,good,0.155,3.47,0,0,0,0,3.28,2,0.0,,,
2406,2.6600,-0.1163,0.0168,3.110,good,0.002,7.52,0,0,0,0,9.57,2,0.0,,,
2403,2.6640,-0.1145,0.0469,2.995,good,0.001,2.96,0,0,0,0,11.63,3,0.0,,,
2404,2.6640,-0.1104,-0.1664,3.005,good,0.000,2.17,0,0,0,0,10.02,3,0.0,,,
2410,2.6680,-0.1184,-0.2362,2.986,good,0.000,1.97,0,0,0,0,13.15,2,0.0,,,
2407,2.6720,-0.1148,-0.2324,3.005,good,0.001,2.45,0,0,0,0,11.48,3,0.0,,,
2408,2.6720,-0.1104,0.0780,3.166,good,0.006,3.01,0,0,0,0,6.48,3,0.0,,,
2409,2.6720,-0.1106,-0.0083,2.999,good,0.000,2.67,0,0,0,0,10.22,3,0.0,,,
2411,2.6760,-0.1165,-0.1665,2.566,good,0.014,2.31,0,0,0,0,24.37,3,0.0,,,
2412,2.6760,-0.1081,-0.2234,3.001,good,0.008,4.45,0,0,0,0,9.34,3,0.0,,,
2413,2.6760,-0.1088,0.0067,2.997,good,0.000,2.37,0,0,0,0,9.68,3,0.0,,,
2414,2.6800,-0.1121,0.1820,3.000,good,0.000,2.58,0,0,0,0,10.71,3,0.0,,,
2415,2.6800,-0.1112,0.1584,3.051,good,0.000,3.11,0,0,0,0,9.23,3,0.0,,,
2416,2.6800,-0.1087,-0.1148,3.079,good,0.005,2.39,0,0,0,0,7.76,3,0.0,,,
2417,2.6800,-0.1094,0.1449,3.007,good,0.000,2.97,0,0,0,0,9.65,3,0.0,,,
2418,2.6800,-0.1198,0.1677,3.106,good,0.002,4.46,0,0,0,0,10.76,2,0.0,,,
2419,2.6800,-0.1179,-0.1812,3.190,good,0.002,2.75,0,0,0,0,8.29,2,0.0,,,
2426,2.6800,-0.1062,-0.1697,3.000,good,0.009,2.34,0,0,0,0,8.74,1,0.0,,,
2425,2.6840,-0.1150,0.0628,3.033,good,0.001,6.15,0,0,0,0,10.89,2,0.0,,,
2420,2.6880,-0.1217,-0.0513,3.450,black,1.000,54.86,1,1,1,0,0.26,2,3.2,25,,
2421,2.6880,-0.1129,0.1833,3.001,good,0.000,2.67,0,0,0,0,10.95,3,0.0,,,
2422,2.6880,-0.1116,-0.0384,3.018,sour,1.000,13.30,1,1,1,0,10.13,3,3.2,27|26,2404,
2423,2.6880,-0.1128,0.1107,2.904,good,0.005,2.88,0,0,0,0,13.28,3,0.0,,,
2424,2.6880,-0.1154,-0.1433,2.214,good,0.300,3.77,0,0,0,0,37.29,3,0.0,,,
2430,2.6880,-0.1188,-0.2134,2.993,faded,1.000,4.31,1,1,1,0,13.11,2,3.2,4,2384,2384
2431,2.6880,-0.1139,0.0377,3.446,good,0.001,3.90,0,0,0,0,2.08,2,0.0,,,
2434,2.6880,-0.1097,-0.0482,3.000,black,1.000,54.90,1,1,1,0,9.91,1,3.2,25|26,2400,
2435,2.6880,-0.1010,0.0672,3.000,good,0.001,3.05,0,0,0,0,6.98,1,0.0,,,
2427,2.6920,-0.1155,-0.0727,2.897,good,0.165,7.99,0,0,0,0,14.38,3,0.0,,,
2428,2.6920,-0.1244,0.0007,2.348,good,0.009,3.71,0,0,0,0,31.55,2,0.0,,,
2429,2.6920,-0.1325,-0.0566,3.000,good,0.001,5.31,0,0,0,0,9.49,1,0.0,,,
2432,2.6920,-0.1185,0.0868,2.679,good,0.014,2.80,0,0,0,0,21.57,2,0.0,,,
2433,2.6920,-0.1248,-0.0622,3.000,good,0.000,5.10,0,0,0,0,10.93,1,0.0,,,
2439,2.6920,-0.1150,0.0036,3.000,good,0.005,3.56,0,0,0,0,11.67,1,0.0,,,
2437,2.6960,-0.1195,0.1544,3.005,good,0.000,2.33,0,0,0,0,13.03,2,0.0,,,
2438,2.6960,-0.1167,0.1884,3.039,good,0.001,3.01,0,0,0,0,11.31,2,0.0,,,
2436,2.7000,-0.1100,-0.0403,2.949,good,0.000,2.04,0,0,0,0,11.21,3,0.0,,,
2447,2.7000,-0.1019,-0.0787,3.000,good,0.004,5.21,0,0,0,0,7.28,1,0.0,,,
2440,2.7040,-0.1154,0.0264,2.964,good,0.000,3.96,0,0,0,0,12.66,3,0.0,,,
2441,2.7040,-0.1139,0.1064,3.017,good,0.000,2.28,0,0,0,0,10.90,3,0.0,,,
2442,2.7040,-0.1341,-0.1675,3.000,good,0.002,2.06,0,0,0,0,10.04,1,0.0,,,
2446,2.7040,-0.1221,-0.1705,3.000,good,0.005,2.13,0,0,0,0,10.03,1,0.0,,,
2454,2.7040,-0.1101,-0.1735,3.000,good,0.002,2.03,0,0,0,0,10.03,1,0.0,,,
2443,2.7080,-0.1102,0.1502,2.971,good,0.003,3.42,0,0,0,0,10.76,3,0.0,,,
2444,2.7080,-0.1083,-0.2096,2.976,good,0.002,6.15,0,0,0,0,9.97,3,0.0,,,
2445,2.7080,-0.1082,-0.0985,3.056,good,0.000,2.98,0,0,0,0,8.14,3,0.0,,,
2453,2.7080,-0.1179,0.0654,3.004,good,0.000,2.38,0,0,0,0,12.54,2,0.0,,,
2448,2.7120,-0.1155,0.2096,3.045,good,0.000,1.44,0,0,0,0,10.76,3,0.0,,,
2449,2.7120,-0.1151,-0.0526,2.997,black,1.000,56.11,1,1,1,0,11.79,3,3.2,25,2408,
2450,2.7120,-0.1117,0.0426,3.000,good,0.001,4.14,0,0,0,0,10.56,3,0.0,,,
2451,2.7120,-0.1107,-0.0908,2.999,good,0.000,2.65,0,0,0,0,10.25,3,0.0,,,
2452,2.7120,-0.1112,-0.1473,2.988,good,0.006,2.17,0,0,0,0,10.67,3,0.0,,,
2456,2.7120,-0.1189,-0.0645,3.000,good,0.000,3.78,0,0,0,0,12.95,2,0.0,,,
2457,2.7120,-0.1179,-0.0025,3.001,good,0.000,2.29,0,0,0,0,12.61,2,0.0,,,
2455,2.7160,-0.1138,0.2260,3.024,good,0.007,2.93,0,0,0,0,10.69,3,0.0,,,
2458,2.7200,-0.1113,-0.0673,2.997,good,0.000,3.04,0,0,0,0,10.49,3,0.0,,,
2462,2.7200,-0.1164,0.1852,3.002,good,0.302,2.77,0,0,0,0,12.08,2,0.0,,,
2459,2.7240,-0.1117,-0.0621,2.885,good,0.000,3.15,0,0,0,0,13.39,3,0.0,,,
2460,2.7240,-0.1117,-0.1236,2.707,good,0.000,2.72,0,0,0,0,18.20,3,0.0,,,
2461,2.7240,-0.1087,0.0182,3.003,good,0.001,2.80,0,0,0,0,9.52,3,0.0,,,
2465,2.7240,-0.1167,0.0267,2.997,insect,1.000,3.96,1,1,1,0,12.32,2,3.1,35,2417,2417
2466,2.7240,-0.1150,-0.0925,3.124,good,0.000,1.96,0,0,0,0,8.81,2,0.0,,,
2463,2.7280,-0.1133,0.1131,2.981,good,0.000,2.21,0,0,0,0,11.55,3,0.0,,,
2464,2.7280,-0.1205,0.2272,3.390,black,1.000,50.75,1,1,1,0,1.05,2,3.2,61|60,,
2471,2.7280,-0.1195,0.1768,3.024,good,0.016,2.60,0,0,0,0,12.59,2,0.0,,,
2472,2.7280,-0.1184,0.2351,2.968,good,0.001,2.47,0,0,0,0,13.58,2,0.0,,,
2476,2.7280,-0.1070,0.2313,3.000,black,1.000,50.76,1,1,1,0,8.99,1,3.2,61,2437,
2467,2.7320,-0.1109,-0.0525,3.450,good,0.000,3.99,0,0,0,0,1.14,3,0.0,,,
2468,2.7320,-0.1132,-0.1600,3.000,good,0.001,2.73,0,0,0,0,11.06,3,0.0,,,
2469,2.7320,-0.1111,0.1208,2.930,good,0.000,2.98,0,0,0,0,12.04,3,0.0,,,
2470,2.7320,-0.1108,-0.0887,2.997,good,0.000,1.91,0,0,0,0,10.33,3,0.0,,,
2473,2.7360,-0.1175,0.0969,2.649,broken,0.612,13.17,1,1,1,0,22.11,3,2.4,44,2428,
2474,2.7360,-0.1151,0.1586,2.975,good,0.080,2.34,0,0,0,0,12.31,3,0.0,,,
2475,2.7360,-0.1112,-0.0914,2.975,good,0.000,2.27,0,0,0,0,11.00,3,0.0,,,
2480,2.7360,-0.1190,-0.2247,3.001,good,0.014,3.32,0,0,0,0,12.97,2,0.0,,,
2477,2.7400,-0.1117,-0.0678,2.931,good,0.002,3.65,0,0,0,0,12.21,3,0.0,,,
2478,2.7400,-0.1097,-0.2328,2.992,good,0.003,3.16,0,0,0,0,10.09,3,0.0,,,
2479,2.7400,-0.1098,-0.1876,2.972,broken,0.995,3.35,1,1,1,0,10.59,3,2.4,7|8,2463,
2481,2.7440,-0.1133,-0.1771,3.036,good,0.000,3.63,0,0,0,0,10.25,3,0.0,,,
2482,2.7440,-0.1233,-0.1028,3.001,good,0.001,2.02,0,0,0,0,10.40,2,0.0,,,
2483,2.7440,-0.1142,0.2057,2.384,good,0.011,7.55,0,0,0,0,29.83,3,0.0,,,
2484,2.7440,-0.1089,0.1791,2.999,broken,0.879,3.72,1,1,1,0,9.68,3,2.4,54|55,2440,2440
2487,2.7440,-0.1187,-0.0372,2.690,good,0.002,2.06,0,0,0,0,21.28,2,0.0,,,
2492,2.7440,-0.1113,-0.1063,3.000,good,0.000,2.03,0,0,0,0,10.43,1,0.0,,,
2493,2.7440,-0.1062,0.2075,3.000,broken,0.555,3.28,1,1,1,0,8.73,1,2.4,58,2441,2441
2485,2.7480,-0.1142,-0.1557,3.007,good,0.001,3.26,0,0,0,0,11.23,3,0.0,,,
2486,2.7480,-0.1099,-0.0976,3.073,good,0.000,2.66,0,0,0,0,8.29,3,0.0,,,
2490,2.7480,-0.1195,0.2227,2.809,good,0.001,3.23,0,0,0,0,18.15,2,0.0,,,
2491,2.7480,-0.1129,0.1069,3.435,good,0.001,1.96,0,0,0,0,1.97,2,0.0,,,
2488,2.7520,-0.1145,0.0402,2.923,good,0.000,1.69,0,0,0,0,13.38,3,0.0,,,
2489,2.7520,-0.1114,0.0494,3.000,good,0.000,2.73,0,0,0,0,10.47,3,0.0,,,
2495,2.7520,-0.1185,-0.1181,3.450,good,0.060,2.81,0,0,0,0,3.34,2,0.0,,,
2496,2.7520,-0.1199,-0.0050,2.994,good,0.092,2.44,0,0,0,0,13.46,2,0.0,,,
2497,2.7520,-0.1187,0.1624,2.978,good,0.002,3.02,0,0,0,0,13.44,2,0.0,,,
2498,2.7520,-0.1193,-0.1872,3.000,good,0.001,1.76,0,0,0,0,13.12,2,0.0,,,
2499,2.7520,-0.1165,0.1333,3.059,good,0.000,3.21,0,0,0,0,10.78,2,0.0,,,
2500,2.7520,-0.1169,-0.2145,2.967,good,0.000,2.06,0,0,0,0,13.12,2,0.0,,,
2494,2.7560,-0.1116,-0.0826,3.001,good,0.013,1.84,0,0,0,0,10.50,3,0.0,,,
2503,2.7560,-0.1188,-0.1896,2.992,good,0.000,2.68,0,0,0,0,13.11,2,0.0,,,
2501,2.7600,-0.1113,0.1255,3.000,good,0.000,2.69,0,0,0,0,10.43,3,0.0,,,
2502,2.7600,-0.1125,-0.0918,2.900,good,0.001,2.09,0,0,0,0,13.27,3,0.0,,,
2509,2.7600,-0.1168,-0.0017,3.090,faded,0.845,3.46,1,1,1,0,10.18,2,3.2,31,2458,
2504,2.7640,-0.1172,-0.1151,2.766,good,0.007,3.14,0,0,0,0,18.53,3,0.0,,,
2505,2.7640,-0.1132,0.2089,3.001,good,0.000,2.39,0,0,0,0,11.06,3,0.0,,,
2506,2.7640,-0.1124,-0.0427,2.973,good,0.000,2.37,0,0,0,0,11.45,3,0.0,,,
2507,2.7640,-0.1094,-0.1931,3.000,good,0.000,4.56,0,0,0,0,9.80,3,0.0,,,
2508,2.7640,-0.1087,-0.0682,2.908,good,0.177,2.82,0,0,0,0,11.79,3,0.0,,,
2510,2.7680,-0.1081,-0.1446,3.046,good,0.025,2.31,0,0,0,0,8.31,3,0.0,,,
2515,2.7680,-0.1148,-0.1184,3.000,stone,1.000,12.39,1,1,1,0,11.60,1,9.1,16|17|15,2605,
2511,2.7720,-0.1389,-0.1327,3.000,stone,1.000,12.82,1,1,1,0,11.64,1,9.1,15|14|16,2471,
2512,2.7720,-0.1156,0.1594,3.044,good,0.000,5.47,0,0,0,0,10.84,3,0.0,,,
2513,2.7720,-0.1136,-0.1648,2.707,good,0.000,2.61,0,0,0,0,18.90,3,0.0,,,
2514,2.7760,-0.1078,0.0452,3.294,faded,0.996,4.25,1,1,1,0,3.07,3,3.2,37,2457,
2518,2.7760,-0.1167,-0.0609,2.926,good,0.003,6.21,0,0,0,0,14.08,2,0.0,,,
2516,2.7800,-0.1125,0.0459,3.002,good,0.001,3.14,0,0,0,0,10.80,3,0.0,,,
2517,2.7800,-0.1091,0.1873,3.008,good,0.039,2.88,0,0,0,0,9.50,3,0.0,,,
2523,2.7800,-0.1169,-0.1308,3.191,good,0.001,2.64,0,0,0,0,7.97,2,0.0,,,
2524,2.7800,-0.1291,0.0116,3.000,good,0.000,5.69,0,0,0,0,12.38,1,0.0,,,
2526,2.7800,-0.1173,0.0071,3.000,good,0.000,7.41,0,0,0,0,12.44,1,0.0,,,
2519,2.7840,-0.1139,0.1151,3.010,good,0.000,2.26,0,0,0,0,11.07,3,0.0,,,
2520,2.7840,-0.1108,0.0909,2.995,black,1.000,51.17,1,1,1,0,10.37,3,3.2,43,2500,2500
2521,2.7840,-0.1120,0.1873,2.998,good,0.000,2.01,0,0,0,0,10.72,3,0.0,,,
2522,2.7840,-0.1082,0.2333,3.006,good,0.001,3.11,0,0,0,0,9.27,3,0.0,,,
2529,2.7840,-0.1055,0.0027,3.000,good,0.000,5.77,0,0,0,0,8.50,1,0.0,,,
2525,2.7880,-0.1136,0.1049,2.995,good,0.000,2.22,0,0,0,0,11.31,3,0.0,,,
2528,2.7880,-0.1147,-0.1873,3.124,good,0.001,12.98,0,0,0,0,8.73,2,0.0,,,
2527,2.7920,-0.1153,0.1965,3.000,good,0.000,3.10,0,0,0,0,11.76,3,0.0,,,
2533,2.7920,-0.1194,-0.1199,3.261,good,0.019,3.01,0,0,0,0,7.28,2,0.0,,,
2535,2.7920,-0.1179,-0.2098,3.072,good,0.002,4.67,0,0,0,0,10.94,2,0.0,,,
2530,2.7960,-0.1152,-0.2152,2.730,good,0.020,10.22,0,0,0,0,18.85,3,0.0,,,
2531,2.7960,-0.1173,-0.1318,2.612,good,0.000,1.85,0,0,0,0,23.18,3,0.0,,,
2532,2.7960,-0.1122,0.0396,3.000,good,0.001,2.79,0,0,0,0,10.74,3,0.0,,,
2534,2.7960,-0.1085,-0.0969,2.989,black,1.000,54.14,1,1,1,0,9.76,3,3.2,19,2490,2490
2538,2.7960,-0.1156,-0.0735,2.994,good,0.000,1.68,0,0,0,0,12.01,2,0.0,,,
2536,2.8000,-0.1161,0.2131,2.656,good,0.004,9.08,0,0,0,0,21.37,3,0.0,,,
2537,2.8000,-0.1127,-0.2328,2.881,sour,1.000,36.21,1,1,1,0,13.81,3,3.2,2|1,2503,2503
2542,2.8000,-0.1189,-0.0660,3.093,good,0.000,2.97,0,0,0,0,10.77,2,0.0,,,
2548,2.8000,-0.1092,-0.2175,3.000,good,0.002,11.76,0,0,0,0,9.73,1,0.0,,,
2539,2.8040,-0.1149,0.0906,3.000,good,0.001,2.86,0,0,0,0,11.63,3,0.0,,,
2540,2.8040,-0.1121,-0.1751,3.233,good,0.147,2.59,0,0,0,0,5.60,3,0.0,,,
2541,2.8040,-0.1084,0.1587,3.364,good,0.000,2.62,0,0,0,0,1.95,3,0.0,,,
2546,2.8040,-0.1192,0.0545,3.005,good,0.000,3.14,0,0,0,0,12.97,2,0.0,,,
2543,2.8080,-0.1153,0.2267,2.833,good,0.001,2.64,0,0,0,0,16.00,3,0.0,,,
2544,2.8080,-0.1102,-0.1053,3.417,good,0.002,4.36,0,0,0,0,1.51,3,0.0,,,
2545,2.8080,-0.1090,-0.0223,3.140,good,0.000,2.50,0,0,0,0,6.54,3,0.0,,,
2547,2.8080,-0.1088,0.1481,3.014,good,0.000,3.41,0,0,0,0,9.25,3,0.0,,,
2549,2.8120,-0.1118,-0.2337,3.388,good,0.019,4.94,0,0,0,0,2.53,3,0.0,,,
2550,2.8120,-0.1125,0.0922,3.009,insect,1.000,5.37,1,1,1,0,10.61,3,3.1,43,2525,2525
2551,2.8120,-0.1096,0.1080,3.018,good,0.000,2.45,0,0,0,0,9.45,3,0.0,,,
2552,2.8120,-0.1097,0.1816,3.000,good,0.000,2.46,0,0,0,0,9.90,3,0.0,,,
2555,2.8120,-0.1184,-0.0910,3.142,good,0.039,2.69,0,0,0,0,9.51,2,0.0,,,
2556,2.8120,-0.1163,0.1757,2.976,good,0.000,2.61,0,0,0,0,12.69,2,0.0,,,
2553,2.8160,-0.1150,0.0991,3.003,good,0.000,2.39,0,0,0,0,11.58,3,0.0,,,
2554,2.8160,-0.1124,0.1831,2.953,good,0.000,3.16,0,0,0,0,11.94,3,0.0,,,
2558,2.8160,-0.1199,0.1095,3.012,good,0.002,4.82,0,0,0,0,13.02,2,0.0,,,
2559,2.8160,-0.1165,-0.1660,3.098,good,0.003,3.37,0,0,0,0,9.90,2,0.0,,,
2557,2.8200,-0.1094,0.0465,3.411,good,0.000,2.43,0,0,0,0,1.39,3,0.0,,,
2561,2.8200,-0.1193,-0.1880,3.450,good,0.000,2.34,0,0,0,0,3.55,2,0.0,,,
2563,2.8200,-0.1190,-0.2073,3.003,good,0.005,6.55,0,0,0,0,12.93,2,0.0,,,
2564,2.8200,-0.1173,-0.2346,3.006,good,0.000,2.33,0,0,0,0,12.31,2,0.0,,,
2565,2.8200,-0.1288,-0.1691,3.000,faded,0.984,5.48,1,1,1,0,12.28,1,3.2,10,,
2568,2.8200,-0.1168,-0.1651,3.000,faded,0.968,5.49,1,1,1,0,12.28,1,3.2,10|11,2514,
2560,2.8240,-0.1123,0.0069,2.950,good,0.000,2.95,0,0,0,0,11.97,3,0.0,,,
2562,2.8240,-0.1118,-0.0441,2.769,good,0.001,2.16,0,0,0,0,16.48,3,0.0,,,
2567,2.8240,-0.1191,0.1340,3.017,good,0.001,2.30,0,0,0,0,12.60,2,0.0,,,
2574,2.8240,-0.1048,-0.1921,3.000,good,0.000,3.31,0,0,0,0,8.25,1,0.0,,,
2575,2.8240,-0.1048,-0.1611,3.000,faded,0.972,5.48,1,1,1,0,8.28,1,3.2,11,2514,
2566,2.8280,-0.1091,0.1489,3.450,good,0.002,3.06,0,0,0,0,0.62,3,0.0,,,
2572,2.8280,-0.1192,-0.2205,2.995,good,0.228,3.26,0,0,0,0,13.18,2,0.0,,,
2573,2.8280,-0.1183,-0.0315,2.930,good,0.213,6.67,0,0,0,0,14.52,2,0.0,,,
2569,2.8320,-0.1124,-0.0582,3.016,insect,1.000,7.59,1,1,1,0,10.44,3,3.1,24,2518|2540,2518|2540
2570,2.8320,-0.1128,0.0081,3.205,good,0.074,2.80,0,0,0,0,6.39,3,0.0,,,
2571,2.8320,-0.1081,-0.0111,2.971,good,0.000,2.87,0,0,0,0,10.04,3,0.0,,,
2577,2.8320,-0.1316,-0.2082,3.000,good,0.009,4.96,0,0,0,0,13.21,1,0.0,,,
2576,2.8360,-0.1134,-0.1812,2.956,good,0.007,4.11,0,0,0,0,12.20,3,0.0,,,
2578,2.8360,-0.1094,-0.1468,2.904,good,0.002,3.37,0,0,0,0,12.12,3,0.0,,,
2584,2.8360,-0.1213,-0.2005,3.000,good,0.026,5.04,0,0,0,0,9.76,1,0.0,,,
2588,2.8360,-0.1109,-0.1929,3.000,good,0.008,5.31,0,0,0,0,10.31,1,0.0,,,
2579,2.8400,-0.1149,0.0080,3.105,good,0.002,1.96,0,0,0,0,9.21,3,0.0,,,
2580,2.8400,-0.1129,-0.0556,3.303,good,0.000,3.53,0,0,0,0,4.44,3,0.0,,,
2581,2.8400,-0.1127,-0.0055,3.258,good,0.000,2.41,0,0,0,0,5.28,3,0.0,,,
2582,2.8400,-0.1102,0.1314,3.013,black,1.000,51.35,1,1,1,0,9.76,3,3.2,48|49,2530,2530
2583,2.8400,-0.1107,0.0990,3.004,good,0.000,2.88,0,0,0,0,10.12,3,0.0,,,
2587,2.8400,-0.1181,0.1777,3.030,good,0.000,2.78,0,0,0,0,11.99,2,0.0,,,
2585,2.8440,-0.1119,-0.1212,3.099,good,0.000,2.11,0,0,0,0,8.36,3,0.0,,,
2586,2.8440,-0.1097,0.0735,2.790,good,0.000,2.78,0,0,0,0,15.19,3,0.0,,,
2592,2.8440,-0.1178,0.0364,3.016,sour,1.000,17.38,1,1,1,0,12.23,2,3.2,36,2504,
2589,2.8480,-0.1124,0.1224,2.990,good,0.001,2.32,0,0,0,0,11.02,3,0.0,,,
2590,2.8480,-0.1101,-0.1591,3.000,good,0.000,3.85,0,0,0,0,10.03,3,0.0,,,
2591,2.8480,-0.1100,0.0791,3.002,good,0.000,2.83,0,0,0,0,9.96,3,0.0,,,
2595,2.8480,-0.1196,-0.2054,3.010,good,0.000,1.84,0,0,0,0,12.95,2,0.0,,,
2596,2.8480,-0.1192,0.2193,2.998,good,0.012,3.16,0,0,0,0,13.13,2,0.0,,,
2593,2.8520,-0.1147,0.2083,2.994,good,0.000,2.99,0,0,0,0,11.71,3,0.0,,,
2594,2.8520,-0.1105,-0.1821,2.998,good,0.161,4.38,0,0,0,0,10.20,3,0.0,,,
2597,2.8560,-0.1080,-0.2335,3.026,good,0.073,14.21,0,0,0,0,8.74,3,0.0,,,
2599,2.8560,-0.1160,-0.1348,3.450,good,0.000,2.44,0,0,0,0,2.61,2,0.0,,,
2600,2.8560,-0.1177,-0.0611,3.120,insect,1.000,5.67,1,1,1,0,9.78,2,3.1,24|23,2565,2565
2601,2.8560,-0.1180,0.1270,2.956,good,0.013,2.71,0,0,0,0,13.74,2,0.0,,,
2602,2.8560,-0.1165,-0.0176,2.999,good,0.000,2.76,0,0,0,0,12.19,2,0.0,,,
2603,2.8560,-0.1119,-0.0079,3.409,good,0.000,3.19,0,0,0,0,2.15,2,0.0,,,
2598,2.8600,-0.1112,0.1888,3.007,good,0.073,3.40,0,0,0,0,10.25,3,0.0,,,
2608,2.8600,-0.1184,-0.0593,2.786,husk,1.000,12.08,1,1,1,0,18.40,2,2.4,24,2546,
2604,2.8640,-0.1139,-0.0466,3.163,broken,0.864,3.18,1,1,1,0,7.63,3,2.4,26|25,2533,
2605,2.8640,-0.1134,-0.2138,3.001,good,0.003,2.66,0,0,0,0,11.11,3,0.0,,,
2606,2.8640,-0.1138,0.1934,3.010,good,0.051,10.51,0,0,0,0,11.02,3,0.0,,,
2607,2.8640,-0.1089,-0.0053,3.000,good,0.000,4.19,0,0,0,0,9.63,3,0.0,,,
2612,2.8640,-0.1193,-0.1591,3.000,good,0.090,8.68,0,0,0,0,13.09,2,0.0,,,
2613,2.8640,-0.1187,-0.1728,2.888,good,0.001,2.64,0,0,0,0,15.71,2,0.0,,,
2614,2.8640,-0.1193,0.1504,2.999,good,0.000,2.11,0,0,0,0,13.14,2,0.0,,,
2609,2.8680,-0.1152,-0.1777,2.929,good,0.023,3.31,0,0,0,0,13.46,3,0.0,,,
2610,2.8680,-0.1124,-0.1376,2.998,good,0.006,2.65,0,0,0,0,10.84,3,0.0,,,
2611,2.8680,-0.1105,0.1928,2.955,good,0.000,2.73,0,0,0,0,11.23,3,0.0,,,
2621,2.8680,-0.1012,-0.0497,3.000,good,0.248,3.15,0,0,0,0,7.08,1,0.0,,,
2615,2.8760,-0.1163,-0.2329,2.999,sour,1.000,14.53,1,1,1,0,12.14,3,3.2,2|1,2583,2583
2616,2.8760,-0.1087,0.0945,3.450,good,0.000,1.64,0,0,0,0,0.49,3,0.0,,,
2617,2.8760,-0.1121,-0.2139,3.000,good,0.000,3.02,0,0,0,0,10.70,3,0.0,,,
2618,2.8760,-0.1099,-0.0813,3.001,good,0.000,2.26,0,0,0,0,9.95,3,0.0,,,
2619,2.8760,-0.1091,0.1380,2.972,good,0.157,2.96,0,0,0,0,10.36,3,0.0,,,
2620,2.8760,-0.1086,-0.1975,2.994,good,0.000,2.42,0,0,0,0,9.68,3,0.0,,,
2623,2.8760,-0.1150,0.0182,2.995,good,0.000,2.46,0,0,0,0,11.77,2,0.0,,,
2622,2.8800,-0.1131,-0.0481,3.001,faded,0.706,2.47,1,1,1,0,11.01,3,3.2,25|26,2579,2579
2625,2.8800,-0.1179,-0.1325,3.400,good,0.004,3.44,0,0,0,0,4.07,2,0.0,,,
2626,2.8800,-0.1154,0.1045,3.020,good,0.000,2.08,0,0,0,0,11.33,2,0.0,,,
2624,2.8840,-0.1121,0.0088,2.999,good,0.004,2.52,0,0,0,0,10.72,3,0.0,,,
2629,2.8840,-0.1167,-0.1897,2.956,good,0.002,2.25,0,0,0,0,13.31,2,0.0,,,
2636,2.8840,-0.1042,-0.1370,3.000,good,0.005,3.30,0,0,0,0,8.08,1,0.0,,,
2627,2.8880,-0.1081,0.2151,3.450,good,0.005,2.35,0,0,0,0,0.32,3,0.0,,,
2628,2.8880,-0.1113,0.1215,2.836,good,0.017,2.88,0,0,0,0,14.49,3,0.0,,,
2633,2.8880,-0.1199,0.2344,2.997,good,0.025,3.45,0,0,0,0,13.37,2,0.0,,,
2634,2.8880,-0.1178,0.1735,2.827,insect,1.000,4.85,1,1,1,0,17.05,2,3.1,54,2557,
2635,2.8880,-0.1156,0.0733,3.001,good,0.000,3.80,0,0,0,0,11.84,2,0.0,,,
2630,2.8920,-0.1143,0.0130,3.010,good,0.009,3.86,0,0,0,0,11.20,3,0.0,,,
2631,2.8920,-0.1115,0.1996,3.018,good,0.004,3.75,0,0,0,0,10.10,3,0.0,,,
2632,2.8920,-0.1119,0.1913,3.004,good,0.003,2.48,0,0,0,0,10.53,3,0.0,,,
2638,2.8920,-0.1144,-0.0846,3.420,good,0.111,2.45,0,0,0,0,2.69,2,0.0,,,
2637,2.8960,-0.1104,0.0048,2.994,good,0.001,4.40,0,0,0,0,10.27,3,0.0,,,
2643,2.8960,-0.1185,0.1466,2.999,insect,1.000,4.58,1,1,1,0,12.86,2,3.1,50,2595,2595
2639,2.9000,-0.1142,-0.1391,2.937,faded,1.000,5.48,1,1,1,0,12.93,3,3.2,14|13,2589,2589
2640,2.9000,-0.1144,0.0726,3.002,shell,1.000,9.20,1,1,1,0,11.43,3,2.4,41,2597,2597
2641,2.9000,-0.1114,0.0920,3.014,good,0.042,3.09,0,0,0,0,10.12,3,0.0,,,
2642,2.9000,-0.1098,-0.1818,3.030,good,0.001,2.84,0,0,0,0,9.26,3,0.0,,,
2646,2.9000,-0.1145,0.1345,3.243,good,0.002,2.40,0,0,0,0,6.13,2,0.0,,,
2644,2.9040,-0.1134,-0.1686,3.000,good,0.000,1.97,0,0,0,0,11.12,3,0.0,,,
2645,2.9040,-0.1118,-0.0563,2.869,good,0.000,3.10,0,0,0,0,13.80,3,0.0,,,
2648,2.9040,-0.1174,-0.1419,2.983,good,0.000,2.97,0,0,0,0,12.86,2,0.0,,,
2649,2.9040,-0.1157,-0.0457,3.156,good,0.000,2.15,0,0,0,0,8.36,2,0.0,,,
2650,2.9040,-0.1160,0.0090,3.019,good,0.000,2.64,0,0,0,0,11.56,2,0.0,,,
2647,2.9080,-0.1106,0.1035,3.030,good,0.000,3.87,0,0,0,0,9.51,3,0.0,,,
2655,2.9080,-0.1196,-0.1516,2.998,good,0.000,2.31,0,0,0,0,13.25,2,0.0,,,
2656,2.9080,-0.1162,0.2245,3.244,good,0.234,7.37,0,0,0,0,6.65,2,0.0,,,
2651,2.9120,-0.1180,0.0137,2.707,good,0.001,2.30,0,0,0,0,20.54,3,0.0,,,
2652,2.9120,-0.1152,-0.1998,2.986,good,0.062,3.13,0,0,0,0,12.09,3,0.0,,,
2653,2.9120,-0.1143,-0.1741,2.979,good,0.000,2.16,0,0,0,0,11.96,3,0.0,,,
2654,2.9120,-0.1124,-0.0184,2.911,good,0.001,2.17,0,0,0,0,12.95,3,0.0,,,
2660,2.9120,-0.1180,-0.0091,3.059,good,0.001,2.52,0,0,0,0,11.29,2,0.0,,,
2657,2.9160,-0.1248,-0.0566,3.156,good,0.000,3.15,0,0,0,0,7.22,2,0.0,,,
2658,2.9160,-0.1105,-0.2063,2.992,good,0.011,4.31,0,0,0,0,10.34,3,0.0,,,
2659,2.9160,-0.1099,0.0832,2.812,good,0.000,1.40,0,0,0,0,14.65,3,0.0,,,
2661,2.9160,-0.1182,0.0420,2.928,good,0.000,3.31,0,0,0,0,14.52,2,0.0,,,
2662,2.9160,-0.1182,0.0794,2.982,good,0.001,3.43,0,0,0,0,13.16,2,0.0,,,
2666,2.9160,-0.1122,-0.0531,3.000,good,0.000,3.11,0,0,0,0,10.72,1,0.0,,,
2663,2.9240,-0.1144,0.1010,3.011,good,0.000,2.48,0,0,0,0,11.21,3,0.0,,,
2664,2.9240,-0.1140,0.0322,2.868,good,0.000,3.18,0,0,0,0,14.62,3,0.0,,,
2665,2.9240,-0.1109,-0.1320,3.051,good,0.000,2.49,0,0,0,0,9.13,3,0.0,,,
2669,2.9240,-0.1200,-0.0898,3.013,broken,0.989,2.69,1,1,1,0,13.01,2,2.4,20,2612,2612
2670,2.9240,-0.1187,0.0198,2.996,good,0.000,2.17,0,0,0,0,12.99,2,0.0,,,
2667,2.9280,-0.1262,-0.1293,2.958,good,0.475,2.92,0,0,0,0,12.48,2,0.0,,,
2668,2.9280,-0.1108,-0.1097,2.982,black,1.000,53.65,1,1,1,0,10.68,3,3.2,17|18,2636,2636
2673,2.9280,-0.1180,0.1446,3.020,good,0.000,2.57,0,0,0,0,12.20,2,0.0,,,
2678,2.9280,-0.1144,-0.1324,3.000,faded,0.850,3.02,1,1,1,0,11.47,1,3.2,15|14,2652,
2671,2.9320,-0.1088,0.0324,3.013,good,0.000,2.73,0,0,0,0,9.30,3,0.0,,,
2672,2.9320,-0.1070,0.2103,3.253,good,0.000,2.80,0,0,0,0,3.64,3,0.0,,,
2677,2.9320,-0.1194,0.0942,3.267,good,0.000,3.55,0,0,0,0,7.15,2,0.0,,,
2674,2.9360,-0.1141,-0.0115,3.000,good,0.000,4.43,0,0,0,0,11.37,3,0.0,,,
2675,2.9360,-0.1126,-0.1113,2.992,good,0.077,2.53,0,0,0,0,11.06,3,0.0,,,
2676,2.9360,-0.1112,-0.1545,3.074,good,0.000,3.44,0,0,0,0,8.71,3,0.0,,,
2679,2.9360,-0.1180,0.1560,3.430,good,0.003,3.34,0,0,0,0,3.56,2,0.0,,,
2680,2.9360,-0.1194,-0.2388,3.000,good,0.000,2.57,0,0,0,0,13.12,2,0.0,,,
2685,2.9400,-0.1175,-0.0175,2.993,good,0.005,3.96,0,0,0,0,12.68,2,0.0,,,
2686,2.9400,-0.1194,0.1778,1.800,good,0.000,11.07,0,0,0,0,61.88,2,0.0,,,
2690,2.9400,-0.1101,0.1776,3.000,good,0.000,2.85,0,0,0,0,10.02,1,0.0,,,
2682,2.9440,-0.1116,-0.0587,3.007,good,0.000,2.92,0,0,0,0,10.39,3,0.0,,,
2683,2.9440,-0.1111,-0.2240,3.035,good,0.151,2.29,0,0,0,0,9.56,3,0.0,,,
2684,2.9440,-0.1078,-0.0429,3.041,good,0.036,6.09,0,0,0,0,8.32,3,0.0,,,
2689,2.9440,-0.1182,-0.2162,2.999,good,0.003,2.75,0,0,0,0,12.76,2,0.0,,,
2681,2.9480,-0.1140,0.0476,2.175,good,0.000,1.96,0,0,0,0,38.40,4,0.0,,,
2687,2.9480,-0.1121,0.1508,2.994,good,0.001,1.64,0,0,0,0,10.84,3,0.0,,,
2688,2.9480,-0.1080,-0.1828,3.142,faded,0.620,4.64,1,1,1,0,6.19,3,3.2,8,2665,
2693,2.9480,-0.1162,0.1150,3.163,good,0.001,2.38,0,0,0,0,8.37,2,0.0,,,
2694,2.9480,-0.1154,-0.1246,2.995,good,0.000,2.58,0,0,0,0,11.94,2,0.0,,,
2698,2.9480,-0.1062,-0.2205,3.000,good,0.004,2.75,0,0,0,0,8.74,1,0.0,,,
2691,2.9520,-0.1127,-0.2374,3.000,good,0.001,2.21,0,0,0,0,10.90,3,0.0,,,
2692,2.9520,-0.1080,0.2201,3.122,good,0.000,2.52,0,0,0,0,6.60,3,0.0,,,
2697,2.9520,-0.1177,0.0416,2.997,insect,1.000,5.70,1,1,1,0,12.64,2,3.1,37,2668,2668
2695,2.9560,-0.1168,0.0822,2.736,good,0.018,8.69,0,0,0,0,19.26,3,0.0,,,
2696,2.9560,-0.1121,0.1695,3.001,good,0.001,2.29,0,0,0,0,10.67,3,0.0,,,
2699,2.9600,-0.1134,-0.0087,3.132,good,0.000,2.26,0,0,0,0,8.12,3,0.0,,,
2700,2.9600,-0.1107,0.1320,2.991,good,0.000,3.02,0,0,0,0,10.44,3,0.0,,,
2701,2.9600,-0.1096,-0.1699,2.952,faded,0.996,4.09,1,1,1,0,11.01,3,3.2,10,2673,2673
2705,2.9600,-0.1159,0.0939,3.157,good,0.000,2.72,0,0,0,0,8.39,2,0.0,,,
2702,2.9640,-0.1114,-0.1187,3.008,good,0.000,3.17,0,0,0,0,10.29,3,0.0,,,
2703,2.9640,-0.1123,-0.0970,3.158,good,0.182,2.73,0,0,0,0,7.21,3,0.0,,,
2704,2.9640,-0.1102,0.2219,3.000,good,0.002,4.40,0,0,0,0,10.07,3,0.0,,,
2709,2.9640,-0.1185,-0.2091,3.147,good,0.002,2.54,0,0,0,0,9.41,2,0.0,,,
2710,2.9640,-0.1168,0.0833,2.994,good,0.001,2.84,0,0,0,0,12.40,2,0.0,,,
2706,2.9680,-0.1151,0.0144,2.999,good,0.000,2.03,0,0,0,0,11.72,3,0.0,,,
2707,2.9680,-0.1147,-0.1726,2.998,good,0.000,2.51,0,0,0,0,11.60,3,0.0,,,
2708,2.9680,-0.1121,0.1921,2.992,good,0.001,3.47,0,0,0,0,10.90,3,0.0,,,
2712,2.9680,-0.1181,0.1098,3.002,good,0.002,2.76,0,0,0,0,12.65,2,0.0,,,
2713,2.9680,-0.1147,0.1178,2.976,good,0.000,2.59,0,0,0,0,12.15,2,0.0,,,
2719,2.9680,-0.1059,-0.2057,3.000,good,0.003,2.43,0,0,0,0,8.62,1,0.0,,,
2711,2.9720,-0.1164,-0.1368,2.918,good,0.001,2.12,0,0,0,0,14.18,3,0.0,,,
2717,2.9720,-0.1167,-0.0337,2.957,good,0.001,2.71,0,0,0,0,13.28,2,0.0,,,
2718,2.9720,-0.1166,0.1163,2.911,good,0.054,3.15,0,0,0,0,14.42,2,0.0,,,
2714,2.9760,-0.1263,-0.0088,3.129,good,0.002,2.76,0,0,0,0,8.33,2,0.0,,,
2715,2.9760,-0.1114,0.0172,2.999,good,0.006,2.50,0,0,0,0,10.49,3,0.0,,,
2716,2.9760,-0.1094,0.1413,2.985,good,0.018,3.10,0,0,0,0,10.13,3,0.0,,,
2725,2.9760,-0.1175,-0.0529,3.148,black,1.000,51.78,1,1,1,0,9.08,2,3.2,25,2683,
2726,2.9760,-0.1166,-0.1561,3.000,good,0.000,2.64,0,0,0,0,12.18,2,0.0,,,
2727,2.9760,-0.1160,0.2031,3.092,good,0.004,4.62,0,0,0,0,9.86,2,0.0,,,
2730,2.9760,-0.1138,-0.0050,3.000,good,0.005,2.73,0,0,0,0,11.26,1,0.0,,,
2720,2.9800,-0.1171,-0.0320,2.760,good,0.000,1.95,0,0,0,0,18.67,3,0.0,,,
2721,2.9800,-0.1145,-0.1035,2.842,good,0.000,3.68,0,0,0,0,15.48,3,0.0,,,
2722,2.9800,-0.1122,0.0150,3.133,good,0.000,2.27,0,0,0,0,7.75,3,0.0,,,
2723,2.9800,-0.1106,-0.1437,2.990,good,0.364,1.85,0,0,0,0,10.41,3,0.0,,,
2724,2.9800,-0.1097,-0.0674,3.031,good,0.000,2.83,0,0,0,0,9.18,3,0.0,,,
2729,2.9800,-0.1142,-0.1109,3.113,good,0.000,2.44,0,0,0,0,8.81,2,0.0,,,
2728,2.9840,-0.1083,-0.0095,3.001,good,0.001,3.57,0,0,0,0,9.42,3,0.0,,,
2733,2.9840,-0.1137,-0.0249,3.157,sour,0.973,11.66,1,1,1,0,7.70,2,3.2,28|29,2691|2727,2691
2736,2.9840,-0.1023,-0.1066,3.000,good,0.047,6.76,0,0,0,0,7.44,1,0.0,,,
2731,2.9880,-0.1121,0.0598,3.000,good,0.000,1.85,0,0,0,0,10.71,3,0.0,,,
2732,2.9880,-0.1093,0.1785,3.012,broken,0.939,3.52,1,1,1,0,9.49,3,2.4,54|55,2682,2682
2735,2.9920,-0.1107,0.2138,3.010,sour,1.000,16.87,1,1,1,0,9.99,3,3.2,59,2684,2684
2739,2.9920,-0.1197,-0.1629,2.963,good,0.000,2.59,0,0,0,0,14.14,2,0.0,,,
2740,2.9920,-0.1184,-0.0626,3.192,good,0.000,2.34,0,0,0,0,8.42,2,0.0,,,
2741,2.9920,-0.1173,0.1754,3.007,good,0.000,1.96,0,0,0,0,12.27,2,0.0,,,
2734,2.9960,-0.1177,0.2330,1.813,good,0.002,5.74,0,0,0,0,60.04,4,0.0,,,
2737,2.9960,-0.1147,0.1843,2.971,good,0.000,3.16,0,0,0,0,12.28,3,0.0,,,
2738,2.9960,-0.1130,-0.0411,2.973,good,0.003,3.33,0,0,0,0,11.67,3,0.0,,,
2746,2.9960,-0.1164,0.0798,3.003,good,0.000,2.48,0,0,0,0,12.07,2,0.0,,,
2742,3.0000,-0.1166,-0.1857,3.000,good,0.001,3.49,0,0,0,0,12.19,3,0.0,,,
2743,3.0000,-0.1114,-0.1254,2.999,black,1.000,49.60,1,1,1,0,10.50,3,3.2,15|16,2696,2696
2744,3.0000,-0.1105,0.1116,3.001,good,0.000,2.40,0,0,0,0,10.15,3,0.0,,,
2745,3.0000,-0.1080,-0.2286,2.999,good,0.017,8.25,0,0,0,0,9.37,3,0.0,,,
2754,3.0000,-0.1011,-0.0447,3.000,good,0.001,3.22,0,0,0,0,7.05,1,0.0,,,
2747,3.0040,-0.1130,0.1808,3.007,good,0.001,2.52,0,0,0,0,10.84,3,0.0,,,
2748,3.0040,-0.1126,-0.1515,2.993,good,0.000,2.43,0,0,0,0,11.06,3,0.0,,,
2753,3.0040,-0.1175,-0.0921,3.253,good,0.022,2.72,0,0,0,0,6.86,2,0.0,,,
2749,3.0080,-0.1153,0.1048,2.997,good,0.001,2.66,0,0,0,0,11.83,3,0.0,,,
2750,3.0080,-0.1114,-0.2058,3.026,good,0.003,3.23,0,0,0,0,9.87,3,0.0,,,
2751,3.0080,-0.1090,0.2027,2.997,good,0.001,4.09,0,0,0,0,9.71,3,0.0,,,
2752,3.0080,-0.1110,-0.0820,2.726,good,0.000,2.72,0,0,0,0,17.40,3,0.0,,,
2755,3.0080,-0.1199,-0.2230,3.000,good,0.011,3.00,0,0,0,0,13.29,2,0.0,,,
2756,3.0080,-0.1173,-0.1674,2.999,good,0.000,2.60,0,0,0,0,12.47,2,0.0,,,
2757,3.0120,-0.1194,0.0940,2.999,good,0.000,2.02,0,0,0,0,13.16,2,0.0,,,
2758,3.0120,-0.1194,0.1761,3.019,black,1.000,50.96,1,1,1,0,12.67,2,3.2,54,2724,
2759,3.0120,-0.1155,0.0572,2.757,good,0.056,8.14,0,0,0,0,18.15,2,0.0,,,
2762,3.0160,-0.1198,-0.0060,3.145,good,0.000,3.29,0,0,0,0,9.88,2,0.0,,,
2760,3.0200,-0.1339,-0.2260,3.000,good,0.008,2.66,0,0,0,0,9.96,1,0.0,,,
2761,3.0200,-0.1094,-0.0768,3.002,good,0.001,2.32,0,0,0,0,9.76,3,0.0,,,
2767,3.0200,-0.1220,-0.2230,3.000,good,0.005,2.78,0,0,0,0,10.00,1,0.0,,,
2773,3.0200,-0.1101,-0.2199,3.000,good,0.004,2.74,0,0,0,0,10.05,1,0.0,,,
2763,3.0240,-0.1258,-0.0442,2.849,good,0.001,3.38,0,0,0,0,15.27,2,0.0,,,
2764,3.0240,-0.1128,0.0651,3.000,good,0.064,3.24,0,0,0,0,10.93,3,0.0,,,
2765,3.0240,-0.1088,-0.1362,3.118,good,0.000,2.48,0,0,0,0,6.95,3,0.0,,,
2766,3.0240,-0.1108,-0.2125,2.794,good,0.273,6.90,0,0,0,0,15.45,3,0.0,,,
2772,3.0240,-0.1175,0.0715,2.993,good,0.000,4.49,0,0,0,0,12.68,2,0.0,,,
2776,3.0240,-0.1144,-0.0487,3.000,good,0.000,3.36,0,0,0,0,11.47,1,0.0,,,
2768,3.0280,-0.1166,-0.1387,2.911,good,0.073,4.28,0,0,0,0,14.41,3,0.0,,,
2769,3.0280,-0.1155,0.1615,2.728,black,1.000,50.71,1,1,1,0,19.01,3,3.2,52,2711,
2770,3.0280,-0.1358,-0.0886,3.000,good,0.000,1.95,0,0,0,0,10.60,1,0.0,,,
2771,3.0280,-0.1112,0.1964,2.989,good,0.000,2.47,0,0,0,0,10.67,3,0.0,,,
2775,3.0280,-0.1235,-0.0919,3.000,good,0.000,1.96,0,0,0,0,10.49,1,0.0,,,
2782,3.0280,-0.1111,-0.0951,3.000,good,0.000,2.08,0,0,0,0,10.38,1,0.0,,,
2783,3.0280,-0.0996,-0.2092,3.000,good,0.006,6.63,0,0,0,0,6.53,1,0.0,,,
2774,3.0320,-0.1153,-0.0742,3.052,good,0.002,1.84,0,0,0,0,10.53,3,0.0,,,
2778,3.0320,-0.1192,0.1819,3.409,good,0.037,8.25,0,0,0,0,4.30,2,0.0,,,
2780,3.0320,-0.1197,0.0090,3.077,good,0.001,5.23,0,0,0,0,11.42,2,0.0,,,
2781,3.0320,-0.1186,0.1185,2.987,good,0.023,2.99,0,0,0,0,13.18,2,0.0,,,
2777,3.0360,-0.1232,-0.2338,3.450,good,0.033,2.70,0,0,0,0,0.69,2,0.0,,,
2779,3.0360,-0.1091,-0.0200,2.985,broken,0.992,2.71,1,1,1,0,10.04,3,2.4,29,2715,2715
2785,3.0360,-0.1198,0.0297,2.998,good,0.096,9.71,0,0,0,0,13.32,2,0.0,,,
2786,3.0360,-0.1165,-0.2192,3.450,good,0.001,3.85,0,0,0,0,2.76,2,0.0,,,
2788,3.0360,-0.1070,-0.2364,3.000,good,0.010,2.93,0,0,0,0,9.00,1,0.0,,,
2784,3.0400,-0.1097,-0.0935,2.991,good,0.000,2.14,0,0,0,0,10.10,3,0.0,,,
2787,3.0400,-0.1159,0.2203,3.000,good,0.000,3.24,0,0,0,0,11.95,2,0.0,,,
2789,3.0440,-0.1195,-0.1694,3.007,faded,0.823,4.61,1,1,1,0,12.99,2,3.2,10,2760,2760
2790,3.0440,-0.1198,-0.1511,3.005,good,0.000,2.56,0,0,0,0,13.13,2,0.0,,,
2791,3.0520,-0.1159,-0.0321,2.968,good,0.000,3.28,0,0,0,0,12.75,3,0.0,,,
2792,3.0520,-0.1124,0.1829,3.000,good,0.000,1.94,0,0,0,0,10.80,3,0.0,,,
2793,3.0520,-0.1086,0.2349,3.138,good,0.014,4.58,0,0,0,0,6.48,3,0.0,,,
2794,3.0520,-0.1208,0.1929,3.157,good,0.081,3.78,0,0,0,0,5.92,2,0.0,,,
2795,3.0520,-0.1156,0.0249,3.272,good,0.002,3.05,0,0,0,0,5.89,2,0.0,,,
2796,3.0520,-0.1126,0.1283,3.450,good,0.000,2.68,0,0,0,0,1.63,2,0.0,,,
2804,3.0520,-0.1081,0.1961,3.000,good,0.004,5.18,0,0,0,0,9.38,1,0.0,,,
2798,3.0560,-0.1178,-0.1740,2.879,good,0.277,19.58,1,1,1,0,15.66,2,9.0,9|10|8,2730|2741,2741
2802,3.0560,-0.1167,0.0636,3.351,good,0.000,3.07,0,0,0,0,4.68,2,0.0,,,
2803,3.0560,-0.1149,0.1529,3.004,good,0.000,2.53,0,0,0,0,11.55,2,0.0,,,
2797,3.0600,-0.1141,0.2426,3.103,good,0.313,2.61,0,0,0,0,8.99,3,0.0,,,
2799,3.0600,-0.1094,-0.0578,2.983,good,0.001,3.49,0,0,0,0,10.21,3,0.0,,,
2800,3.0600,-0.1092,0.1793,2.995,good,0.006,5.73,0,0,0,0,9.87,3,0.0,,,
2801,3.0600,-0.1096,-0.2234,3.067,good,0.299,9.23,0,0,0,0,8.32,3,0.0,,,
2810,3.0600,-0.1169,0.0640,3.378,good,0.000,3.13,0,0,0,0,4.20,2,0.0,,,
2811,3.0600,-0.1164,0.2206,3.000,good,0.209,4.59,0,0,0,0,12.12,2,0.0,,,
2814,3.0600,-0.1045,-0.1688,3.000,good,0.000,1.96,0,0,0,0,8.16,1,0.0,,,
2805,3.0640,-0.1135,-0.0377,3.007,good,0.000,3.54,0,0,0,0,11.01,3,0.0,,,
2806,3.0640,-0.1133,-0.1544,3.004,good,0.000,3.95,0,0,0,0,10.99,3,0.0,,,
2807,3.0640,-0.1126,-0.0700,3.001,good,0.000,2.24,0,0,0,0,10.85,3,0.0,,,
2808,3.0640,-0.1124,0.1585,3.054,good,0.000,2.35,0,0,0,0,9.53,3,0.0,,,
2809,3.0640,-0.1089,-0.1377,3.155,good,0.213,8.38,0,0,0,0,6.19,3,0.0,,,
2813,3.0640,-0.1192,0.2347,3.047,good,0.243,7.90,0,0,0,0,11.95,2,0.0,,,
2812,3.0680,-0.1155,-0.1424,3.001,good,0.001,2.46,0,0,0,0,11.82,3,0.0,,,
2818,3.0680,-0.1164,0.0583,2.988,good,0.000,2.58,0,0,0,0,12.42,2,0.0,,,
2815,3.0720,-0.1103,-0.2336,3.000,good,0.084,3.09,0,0,0,0,10.13,3,0.0,,,
2816,3.0720,-0.1102,0.1219,3.010,good,0.000,3.72,0,0,0,0,9.83,3,0.0,,,
2817,3.0720,-0.1083,-0.1035,3.003,good,0.000,1.91,0,0,0,0,9.35,3,0.0,,,
2821,3.0720,-0.1169,-0.1310,3.021,good,0.000,1.93,0,0,0,0,11.80,2,0.0,,,
2819,3.0760,-0.1124,0.0827,3.011,good,0.000,3.01,0,0,0,0,10.54,3,0.0,,,
2820,3.0760,-0.1208,-0.1769,3.021,good,0.000,5.46,0,0,0,0,9.10,2,0.0,,,
2824,3.0760,-0.1179,-0.0983,3.118,good,0.000,2.95,0,0,0,0,9.87,2,0.0,,,
2830,3.0760,-0.1087,-0.1724,3.000,good,0.000,5.42,0,0,0,0,9.57,1,0.0,,,
2822,3.0800,-0.1168,-0.1475,2.788,good,0.001,2.85,0,0,0,0,17.79,3,0.0,,,
2823,3.0800,-0.1112,0.2434,3.268,good,0.005,3.75,0,0,0,0,4.63,3,0.0,,,
2828,3.0800,-0.1187,0.1891,2.959,good,0.000,2.33,0,0,0,0,13.91,2,0.0,,,
2829,3.0800,-0.1164,0.1478,3.166,good,0.006,2.58,0,0,0,0,8.33,2,0.0,,,
2825,3.0840,-0.1132,-0.0092,3.001,good,0.000,2.75,0,0,0,0,11.05,3,0.0,,,
2826,3.0840,-0.1143,-0.0786,2.695,good,0.001,2.15,0,0,0,0,19.53,3,0.0,,,
2827,3.0840,-0.1113,0.2077,2.813,sour,1.000,16.70,1,1,1,0,15.11,3,3.2,58,2768,
2834,3.0840,-0.1037,0.1524,3.000,good,0.002,3.17,0,0,0,0,7.90,1,0.0,,,
2831,3.0920,-0.1428,-0.0743,3.000,stick,0.973,35.56,1,1,1,0,12.93,1,2.4,22,,
2832,3.0920,-0.1134,-0.0220,3.080,good,0.026,2.88,0,0,0,0,9.29,3,0.0,,,
2833,3.0920,-0.1087,-0.0496,2.977,good,0.000,3.69,0,0,0,0,10.11,3,0.0,,,
2838,3.0920,-0.1172,0.1257,3.000,good,0.000,2.87,0,0,0,0,12.38,2,0.0,,,
2839,3.0920,-0.1141,0.2043,3.235,good,0.000,5.56,0,0,0,0,6.17,2,0.0,,,
2840,3.0920,-0.1167,-0.0592,2.998,faded,0.565,3.17,1,1,1,0,12.29,2,3.2,24,2791,2791
2835,3.0960,-0.1123,0.1363,3.001,good,0.000,2.74,0,0,0,0,10.74,3,0.0,,,
2836,3.0960,-0.1084,0.0660,2.992,good,0.029,3.23,0,0,0,0,9.68,3,0.0,,,
2837,3.0960,-0.1082,-0.0444,2.995,good,0.000,2.46,0,0,0,0,9.52,3,0.0,,,
2845,3.0960,-0.1185,0.1195,3.179,good,0.000,2.23,0,0,0,0,8.73,2,0.0,,,
2846,3.0960,-0.1182,0.1541,3.006,good,0.000,2.08,0,0,0,0,12.59,2,0.0,,,
2841,3.1000,-0.1149,0.0129,2.990,good,0.117,4.43,0,0,0,0,11.88,3,0.0,,,
2842,3.1000,-0.1145,-0.1836,2.997,good,0.004,3.12,0,0,0,0,11.57,3,0.0,,,
2843,3.1000,-0.1099,-0.1251,3.005,good,0.001,2.47,0,0,0,0,9.86,3,0.0,,,
2844,3.1000,-0.1088,0.0476,3.081,good,0.001,5.83,0,0,0,0,7.78,3,0.0,,,
2849,3.1000,-0.1193,-0.0443,3.450,good,0.000,2.71,0,0,0,0,3.56,2,0.0,,,
2850,3.1000,-0.1165,0.0843,3.029,good,0.317,3.72,0,0,0,0,11.49,2,0.0,,,
2851,3.1000,-0.1091,0.0557,3.174,good,0.005,3.22,0,0,0,0,5.89,2,0.0,,,
2847,3.1040,-0.1133,0.0288,3.254,faded,0.772,3.46,1,1,1,0,5.53,3,3.2,35,2802,
2848,3.1040,-0.1113,0.2372,3.001,sour,1.000,21.89,1,1,1,0,10.41,3,3.2,62,2799,2799
2854,3.1040,-0.1190,-0.0149,2.957,sour,1.000,17.12,1,1,1,0,14.06,2,3.2,30|29,2812,2812
2855,3.1040,-0.1162,-0.0905,2.881,good,0.071,5.84,0,0,0,0,15.03,2,0.0,,,
2852,3.1080,-0.1100,-0.1902,2.689,good,0.005,2.55,0,0,0,0,18.08,3,0.0,,,
2853,3.1080,-0.1082,0.1221,3.003,good,0.000,3.20,0,0,0,0,9.35,3,0.0,,,
2859,3.1080,-0.1169,0.0103,3.450,good,0.196,5.72,0,0,0,0,2.88,2,0.0,,,
2856,3.1120,-0.1267,-0.2444,2.854,good,0.064,2.85,0,0,0,0,15.42,2,0.0,,,
2857,3.1120,-0.1122,-0.1360,3.017,good,0.000,2.16,0,0,0,0,10.33,3,0.0,,,
2858,3.1120,-0.1106,0.1938,3.012,good,0.004,6.01,0,0,0,0,9.92,3,0.0,,,
2861,3.1120,-0.1189,0.1029,2.938,good,0.002,8.53,0,0,0,0,14.50,2,0.0,,,
2862,3.1120,-0.1155,0.0322,3.450,good,0.002,4.68,0,0,0,0,2.46,2,0.0,,,
2860,3.1160,-0.1130,0.1258,2.995,good,0.000,4.60,0,0,0,0,11.11,3,0.0,,,
2864,3.1160,-0.1197,0.2176,2.989,good,0.000,2.87,0,0,0,0,13.50,2,0.0,,,
2865,3.1160,-0.1174,0.0365,3.213,good,0.000,1.96,0,0,0,0,7.68,2,0.0,,,
2866,3.1160,-0.1117,-0.0142,3.450,good,0.000,4.01,0,0,0,0,1.37,2,0.0,,,
2863,3.1200,-0.1265,0.0177,2.325,black,1.000,50.64,1,1,1,0,33.44,2,3.2,34,,
2867,3.1200,-0.1194,-0.0770,2.998,good,0.214,3.46,0,0,0,0,13.17,2,0.0,,,
2868,3.1200,-0.1177,0.1260,2.986,good,0.000,2.36,0,0,0,0,12.89,2,0.0,,,
2869,3.1200,-0.1161,-0.1232,3.001,good,0.004,2.25,0,0,0,0,11.99,2,0.0,,,
2872,3.1200,-0.1172,0.0220,3.000,black,1.000,50.53,1,1,1,0,12.40,1,3.2,34|35,2782,
2870,3.1280,-0.1158,-0.2270,3.002,good,0.000,3.28,0,0,0,0,11.90,3,0.0,,,
2871,3.1280,-0.1148,-0.1203,3.027,black,1.000,51.48,1,1,1,0,10.96,3,3.2,16,2825,2825
2875,3.1280,-0.1175,0.1829,3.005,good,0.000,2.43,0,0,0,0,12.39,2,0.0,,,
2876,3.1280,-0.1161,-0.0882,3.003,good,0.005,3.89,0,0,0,0,11.98,2,0.0,,,
2873,3.1320,-0.1111,-0.1854,3.021,good,0.000,2.53,0,0,0,0,9.87,3,0.0,,,
2874,3.1320,-0.1096,0.0927,2.932,good,0.019,2.08,0,0,0,0,11.48,3,0.0,,,
2879,3.1320,-0.1189,0.1952,3.004,good,0.000,7.02,0,0,0,0,12.88,2,0.0,,,
2887,3.1320,-0.1026,-0.1239,3.000,black,1.000,51.93,1,1,1,0,7.52,1,3.2,16|15,2825,2825
2877,3.1360,-0.1138,0.1788,3.021,good,0.000,2.63,0,0,0,0,10.76,3,0.0,,,
2878,3.1360,-0.1091,-0.1268,2.999,good,0.000,1.96,0,0,0,0,9.73,3,0.0,,,
2885,3.1360,-0.1319,-0.1320,3.000,good,0.001,3.63,0,0,0,0,13.31,1,0.0,,,
2886,3.1360,-0.1188,-0.1045,2.998,good,0.000,2.06,0,0,0,0,12.99,2,0.0,,,
2880,3.1400,-0.1157,-0.1674,2.980,good,0.015,2.37,0,0,0,0,12.37,3,0.0,,,
2881,3.1400,-0.1158,0.1604,2.991,broken,0.998,3.52,1,1,1,0,12.16,3,2.4,52,2852,2852
2882,3.1400,-0.1163,-0.1362,2.669,good,0.002,5.06,0,0,0,0,21.03,3,0.0,,,
2883,3.1400,-0.1281,0.0356,2.362,good,0.042,3.15,0,0,0,0,32.56,2,0.0,,,
2884,3.1400,-0.1123,0.1119,2.996,husk,1.000,11.90,1,1,1,0,10.84,3,2.4,46,2842,2842
2890,3.1400,-0.1146,-0.0883,3.212,good,0.468,8.40,0,0,0,0,6.82,2,0.0,,,
2895,3.1400,-0.1187,0.0392,3.000,good,0.042,4.77,0,0,0,0,12.89,1,0.0,,,
2888,3.1440,-0.1113,-0.0026,2.946,good,0.005,2.57,0,0,0,0,11.72,3,0.0,,,
2889,3.1440,-0.1330,0.0443,3.000,good,0.000,1.50,0,0,0,0,9.67,1,0.0,,,
2894,3.1440,-0.1172,0.2349,2.978,good,0.002,5.10,0,0,0,0,12.96,2,0.0,,,
2891,3.1480,-0.1134,0.0459,2.997,good,0.017,2.47,0,0,0,0,11.21,3,0.0,,,
2892,3.1480,-0.1122,0.0943,2.967,good,0.013,3.85,0,0,0,0,11.53,3,0.0,,,
2893,3.1480,-0.1097,-0.1382,3.041,good,0.000,4.71,0,0,0,0,8.95,3,0.0,,,
2897,3.1480,-0.1162,0.0351,2.979,black,1.000,47.28,1,1,1,0,12.58,2,3.2,36,2835,2835
2898,3.1480,-0.1149,-0.1824,3.197,good,0.000,1.33,0,0,0,0,7.23,2,0.0,,,
2900,3.1480,-0.0997,0.0359,3.000,good,0.010,2.81,0,0,0,0,6.57,1,0.0,,,
2896,3.1520,-0.1136,-0.1305,3.062,good,0.000,2.14,0,0,0,0,9.74,3,0.0,,,
2899,3.1560,-0.1124,0.0893,3.022,black,1.000,48.66,1,1,1,0,10.29,3,3.2,43,2847,2847
2904,3.1560,-0.1130,-0.0261,3.038,good,0.001,5.64,0,0,0,0,10.11,2,0.0,,,
2901,3.1600,-0.1171,0.2134,2.783,good,0.000,2.83,0,0,0,0,17.99,3,0.0,,,
2902,3.1600,-0.1095,-0.1605,2.906,good,0.012,5.56,0,0,0,0,12.11,3,0.0,,,
2903,3.1600,-0.1110,0.1063,3.010,good,0.001,2.17,0,0,0,0,10.10,3,0.0,,,
2908,3.1600,-0.1175,-0.2365,3.002,good,0.000,1.99,0,0,0,0,12.48,2,0.0,,,
2909,3.1600,-0.1197,-0.1872,2.662,good,0.036,2.90,0,0,0,0,22.53,2,0.0,,,
2910,3.1600,-0.1168,0.1842,3.012,good,0.000,3.48,0,0,0,0,11.96,2,0.0,,,
2905,3.1640,-0.1088,-0.0456,3.423,good,0.001,2.45,0,0,0,0,1.01,3,0.0,,,
2906,3.1640,-0.1090,-0.2011,2.992,good,0.430,4.65,0,0,0,0,9.84,3,0.0,,,
2907,3.1640,-0.1111,0.2051,2.525,good,0.001,2.54,0,0,0,0,23.60,3,0.0,,,
2911,3.1680,-0.1145,0.0240,2.770,good,0.002,1.95,0,0,0,0,17.44,3,0.0,,,
2912,3.1680,-0.1112,0.0887,3.351,faded,0.985,7.53,1,1,1,0,3.04,3,3.2,43,2896,
2913,3.1720,-0.1271,-0.0063,2.928,good,0.002,6.93,0,0,0,0,13.57,2,0.0,,,
2914,3.1720,-0.1082,-0.1404,3.012,good,0.000,1.79,0,0,0,0,9.13,3,0.0,,,
2916,3.1720,-0.1193,-0.2063,3.450,black,1.000,53.49,1,1,1,0,3.56,2,3.2,5,2886,
2926,3.1720,-0.1180,-0.0097,3.000,good,0.001,10.46,0,0,0,0,12.67,1,0.0,,,
2927,3.1720,-0.1147,-0.0995,3.000,broken,1.000,4.07,1,1,1,0,11.58,1,2.4,19,2880,
2915,3.1760,-0.1115,0.0128,2.958,good,0.405,3.79,0,0,0,0,11.48,3,0.0,,,
2917,3.1760,-0.1334,-0.0142,3.000,good,0.004,2.57,0,0,0,0,9.79,1,0.0,,,
2918,3.1760,-0.1081,-0.0939,2.869,good,0.004,8.34,0,0,0,0,12.54,3,0.0,,,
2923,3.1760,-0.1191,-0.2298,3.000,good,0.011,3.42,0,0,0,0,13.04,2,0.0,,,
2924,3.1760,-0.1087,0.2112,3.450,good,0.030,8.03,0,0,0,0,0.51,2,0.0,,,
2925,3.1760,-0.1173,0.0557,2.951,good,0.001,2.07,0,0,0,0,13.64,2,0.0,,,
2932,3.1760,-0.1183,0.2132,3.000,good,0.001,2.03,0,0,0,0,12.76,1,0.0,,,
2919,3.1800,-0.1287,0.0651,2.382,good,0.018,3.52,0,0,0,0,32.03,2,0.0,,,
2920,3.1800,-0.1124,0.2341,2.996,good,0.381,3.21,0,0,0,0,10.91,3,0.0,,,
2921,3.1800,-0.1109,0.0920,2.999,good,0.000,2.12,0,0,0,0,10.31,3,0.0,,,
2922,3.1800,-0.1211,0.1654,3.337,good,0.001,5.83,0,0,0,0,2.25,2,0.0,,,
2931,3.1800,-0.1177,0.0171,3.411,good,0.014,2.73,0,0,0,0,3.82,2,0.0,,,
2935,3.1800,-0.1192,0.0619,3.000,good,0.006,3.45,0,0,0,0,13.07,1,0.0,,,
2936,3.1800,-0.1077,0.1619,3.000,good,0.000,5.72,0,0,0,0,9.25,1,0.0,,,
2928,3.1840,-0.1266,0.2257,2.997,black,1.000,52.33,1,1,1,0,11.58,2,3.2,60|61,,
2929,3.1840,-0.1113,-0.0909,3.000,faded,0.999,4.71,1,1,1,0,10.42,3,3.2,20,2900,2900
2930,3.1840,-0.1118,-0.0590,3.177,good,0.000,3.53,0,0,0,0,6.65,3,0.0,,,
2939,3.1840,-0.1146,0.2304,3.000,black,1.000,52.34,1,1,1,0,11.52,1,3.2,61,2871,
2933,3.1880,-0.1147,-0.0441,3.050,good,0.000,2.54,0,0,0,0,10.40,3,0.0,,,
2934,3.1880,-0.1155,0.1982,2.817,good,0.001,2.76,0,0,0,0,16.49,3,0.0,,,
2941,3.1880,-0.0999,0.0582,3.000,good,0.023,3.26,0,0,0,0,6.64,1,0.0,,,
2937,3.1920,-0.1123,-0.0297,3.029,good,0.000,3.20,0,0,0,0,10.10,3,0.0,,,
2938,3.1920,-0.1122,-0.2128,2.978,faded,1.000,6.04,1,1,1,0,11.26,3,3.2,4,2887,2887
2940,3.1960,-0.1114,0.0774,3.018,good,0.001,4.42,0,0,0,0,10.04,3,0.0,,,
2945,3.1960,-0.1197,0.1080,2.878,good,0.000,1.64,0,0,0,0,16.33,2,0.0,,,
2942,3.2000,-0.1274,-0.0004,2.958,good,0.002,3.70,0,0,0,0,12.85,2,0.0,,,
2943,3.2000,-0.1076,0.1467,3.450,good,0.000,2.39,0,0,0,0,0.18,3,0.0,,,
2944,3.2000,-0.1097,-0.1527,3.025,black,1.000,49.98,1,1,1,0,9.32,3,3.2,12,2892,2892
2950,3.2000,-0.1301,0.0096,3.000,good,0.001,1.95,0,0,0,0,12.71,1,0.0,,,
2951,3.2000,-0.1078,-0.1216,3.450,good,0.001,1.93,0,0,0,0,0.24,2,0.0,,,
2958,3.2000,-0.1170,0.0053,3.000,good,0.005,9.36,0,0,0,0,12.32,1,0.0,,,
2946,3.2040,-0.1139,-0.1559,2.978,good,0.000,2.19,0,0,0,0,11.83,3,0.0,,,
2947,3.2040,-0.1113,-0.1412,3.001,good,0.000,4.43,0,0,0,0,10.43,3,0.0,,,
2948,3.2040,-0.1146,0.1228,2.659,good,0.000,5.93,0,0,0,0,20.71,3,0.0,,,
2949,3.2040,-0.1089,-0.1331,2.998,good,0.002,2.96,0,0,0,0,9.68,3,0.0,,,
2957,3.2040,-0.1169,-0.1763,3.119,good,0.499,12.08,0,0,0,0,9.54,2,0.0,,,
2952,3.2080,-0.1167,0.0610,2.887,good,0.010,4.28,0,0,0,0,15.06,3,0.0,,,
2953,3.2080,-0.1119,-0.0541,3.012,good,0.000,2.08,0,0,0,0,10.35,3,0.0,,,
2954,3.2080,-0.1121,0.1331,2.997,faded,0.590,5.46,1,1,1,0,10.76,3,3.2,49|48,2921,2921
2955,3.2080,-0.1082,-0.0209,3.127,good,0.017,6.09,0,0,0,0,6.57,3,0.0,,,
2956,3.2080,-0.1105,0.1149,2.976,good,0.001,5.41,0,0,0,0,10.72,3,0.0,,,
2961,3.2080,-0.1189,0.1619,3.450,broken,0.997,17.27,1,1,1,0,3.45,2,2.4,52,2928,
2962,3.2080,-0.1177,-0.0442,2.848,good,0.000,3.41,0,0,0,0,16.44,2,0.0,,,
2959,3.2120,-0.1148,0.0315,3.002,good,0.000,2.48,0,0,0,0,11.57,3,0.0,,,
2960,3.2120,-0.1134,0.1521,2.912,good,0.009,2.79,0,0,0,0,13.28,3,0.0,,,
2967,3.2120,-0.1188,0.1892,3.005,good,0.004,2.45,0,0,0,0,12.83,2,0.0,,,
2968,3.2120,-0.1164,0.0584,3.093,good,0.001,3.13,0,0,0,0,9.95,2,0.0,,,
2969,3.2120,-0.1169,-0.2185,2.997,good,0.000,2.13,0,0,0,0,12.35,2,0.0,,,
2974,3.2120,-0.1039,0.1586,3.000,broken,0.998,17.10,1,1,1,0,7.95,1,2.4,52,2928,
2963,3.2160,-0.1120,-0.1973,3.000,good,0.001,2.86,0,0,0,0,10.67,3,0.0,,,
2964,3.2160,-0.1109,-0.1080,3.005,good,0.000,3.82,0,0,0,0,10.20,3,0.0,,,
2965,3.2160,-0.1237,0.0110,2.666,good,0.001,2.39,0,0,0,0,19.92,2,0.0,,,
2966,3.2160,-0.1090,-0.1523,3.003,good,0.074,3.14,0,0,0,0,9.62,3,0.0,,,
2972,3.2160,-0.1197,0.0957,3.428,good,0.000,3.34,0,0,0,0,4.07,2,0.0,,,
2973,3.2160,-0.1292,0.1875,3.000,good,0.077,2.86,0,0,0,0,12.40,1,0.0,,,
2977,3.2160,-0.1130,0.0158,3.000,good,0.001,2.02,0,0,0,0,11.01,1,0.0,,,
2970,3.2200,-0.1129,-0.1128,3.005,good,0.002,2.52,0,0,0,0,10.86,3,0.0,,,
2971,3.2200,-0.1123,0.0032,3.008,good,0.000,3.50,0,0,0,0,10.60,3,0.0,,,
2975,3.2200,-0.1186,0.1766,3.155,faded,0.998,4.39,1,1,1,0,9.30,2,3.2,54,2934,
2976,3.2240,-0.1105,0.2029,2.612,good,0.000,2.27,0,0,0,0,20.59,3,0.0,,,
2980,3.2240,-0.1156,0.0852,2.997,good,0.000,2.60,0,0,0,0,11.92,2,0.0,,,
2978,3.2280,-0.1137,-0.0960,3.167,good,0.000,3.28,0,0,0,0,7.48,3,0.0,,,
2979,3.2280,-0.1134,0.0761,3.002,good,0.000,1.59,0,0,0,0,11.07,3,0.0,,,
2981,3.2320,-0.1395,0.0864,3.000,good,0.002,2.55,0,0,0,0,11.82,1,0.0,,,
2982,3.2320,-0.1118,-0.0267,3.039,good,0.000,2.09,0,0,0,0,9.68,3,0.0,,,
2987,3.2320,-0.1274,0.0827,3.000,good,0.002,2.45,0,0,0,0,11.80,1,0.0,,,
2991,3.2320,-0.1153,0.0790,3.000,good,0.002,2.45,0,0,0,0,11.77,1,0.0,,,
2983,3.2360,-0.1143,-0.0432,3.143,good,0.000,2.71,0,0,0,0,8.20,3,0.0,,,
2984,3.2360,-0.1147,0.1836,3.071,good,0.000,1.96,0,0,0,0,9.90,3,0.0,,,
2985,3.2360,-0.1133,0.1992,3.248,good,0.000,2.60,0,0,0,0,5.68,3,0.0,,,
2986,3.2360,-0.1120,-0.1502,3.000,good,0.001,2.42,0,0,0,0,10.66,3,0.0,,,
2989,3.2360,-0.1194,0.0502,3.019,stick,1.000,63.60,1,1,1,0,12.66,2,2.4,38,2903,2903
2990,3.2360,-0.1139,-0.1243,3.317,good,0.000,2.65,0,0,0,0,4.47,2,0.0,,,
2996,3.2360,-0.1032,0.0753,3.000,good,0.001,2.47,0,0,0,0,7.75,1,0.0,,,
2988,3.2400,-0.1139,-0.2274,3.086,good,0.000,3.32,0,0,0,0,9.30,3,0.0,,,
2994,3.2400,-0.1188,-0.0585,2.985,good,0.000,1.94,0,0,0,0,13.31,2,0.0,,,
2995,3.2400,-0.1166,0.0265,3.000,good,0.002,4.51,0,0,0,0,12.19,2,0.0,,,
2992,3.2440,-0.1136,0.0044,2.999,good,0.000,2.50,0,0,0,0,11.22,3,0.0,,,
2993,3.2440,-0.1080,-0.1206,3.175,good,0.000,2.93,0,0,0,0,5.51,3,0.0,,,
2999,3.2440,-0.1165,0.2081,3.002,good,0.000,3.09,0,0,0,0,12.11,2,0.0,,,
2997,3.2480,-0.1111,-0.0694,2.973,good,0.017,5.88,0,0,0,0,10.99,3,0.0,,,
2998,3.2480,-0.1091,0.1780,3.012,good,0.001,5.84,0,0,0,0,9.43,3,0.0,,,
3002,3.2480,-0.1191,-0.0897,3.005,good,0.022,2.66,0,0,0,0,12.90,2,0.0,,,
3003,3.2480,-0.1172,0.1844,2.998,good,0.000,3.40,0,0,0,0,12.43,2,0.0,,,
3000,3.2520,-0.1121,-0.1387,2.991,good,0.000,2.23,0,0,0,0,10.90,3,0.0,,,
3001,3.2520,-0.1104,0.0499,2.999,good,0.000,3.54,0,0,0,0,10.16,3,0.0,,,
3004,3.2520,-0.1195,0.1918,3.069,good,0.000,3.15,0,0,0,0,11.51,2,0.0,,,
3005,3.2520,-0.1163,-0.2348,3.005,good,0.014,4.78,0,0,0,0,11.96,2,0.0,,,
3006,3.2520,-0.1170,0.2325,2.876,good,0.000,1.59,0,0,0,0,15.45,2,0.0,,,
3013,3.2560,-0.1055,0.2371,3.000,good,0.000,1.64,0,0,0,0,8.51,1,0.0,,,
3007,3.2600,-0.1125,-0.0301,3.291,good,0.057,3.40,0,0,0,0,4.56,3,0.0,,,
3008,3.2600,-0.1091,0.1244,3.041,good,0.000,1.97,0,0,0,0,8.76,3,0.0,,,
3009,3.2600,-0.1098,-0.1379,2.747,good,0.005,4.34,0,0,0,0,16.38,3,0.0,,,
3010,3.2640,-0.1138,-0.1762,2.838,good,0.001,2.87,0,0,0,0,15.34,3,0.0,,,
3011,3.2640,-0.1118,-0.1648,2.987,good,0.001,2.19,0,0,0,0,10.90,3,0.0,,,
3012,3.2640,-0.1137,0.0663,2.830,good,0.001,3.66,0,0,0,0,15.50,3,0.0,,,
3015,3.2640,-0.1180,0.0153,3.017,good,0.000,2.21,0,0,0,0,12.28,2,0.0,,,
3016,3.2640,-0.1170,-0.0911,2.697,black,1.000,50.31,1,1,1,0,20.44,2,3.2,20,2955,
3014,3.2680,-0.1096,-0.2177,3.037,good,0.000,3.38,0,0,0,0,9.01,3,0.0,,,
3018,3.2680,-0.1198,0.0912,2.998,faded,1.000,4.88,1,1,1,0,13.32,2,3.2,43,2980,
3019,3.2680,-0.1197,-0.1514,3.071,good,0.001,4.08,0,0,0,0,11.54,2,0.0,,,
3020,3.2680,-0.1164,0.1102,3.206,good,0.000,1.93,0,0,0,0,7.51,2,0.0,,,
3021,3.2680,-0.1158,-0.1819,3.270,good,0.000,2.38,0,0,0,0,5.98,2,0.0,,,
3017,3.2720,-0.1144,0.1799,2.994,good,0.000,1.40,0,0,0,0,11.60,3,0.0,,,
3022,3.2720,-0.1157,-0.0033,3.111,good,0.000,3.54,0,0,0,0,9.34,2,0.0,,,
3023,3.2800,-0.1197,-0.2325,2.490,good,0.035,3.96,0,0,0,0,28.21,3,0.0,,,
3024,3.2840,-0.1157,-0.0751,2.999,good,0.000,1.54,0,0,0,0,11.94,3,0.0,,,
3025,3.2840,-0.1143,-0.1425,2.998,good,0.003,2.36,0,0,0,0,11.49,3,0.0,,,
3026,3.2840,-0.1105,0.2432,3.081,good,0.006,3.35,0,0,0,0,8.31,3,0.0,,,
3030,3.2840,-0.1191,0.1963,3.082,good,0.004,2.62,0,0,0,0,11.10,2,0.0,,,
3031,3.2840,-0.1177,0.2168,2.950,good,0.000,2.06,0,0,0,0,13.79,2,0.0,,,
3038,3.2840,-0.1097,-0.2361,3.000,good,0.057,4.05,0,0,0,0,9.91,1,0.0,,,
3027,3.2880,-0.1163,0.0778,3.000,good,0.000,3.20,0,0,0,0,12.10,3,0.0,,,
3028,3.2880,-0.1177,0.1309,2.590,good,0.001,5.59,0,0,0,0,24.08,3,0.0,,,
3029,3.2880,-0.1086,-0.0118,3.032,good,0.001,7.51,0,0,0,0,8.80,3,0.0,,,
3037,3.2880,-0.1194,0.1876,3.124,good,0.008,6.68,0,0,0,0,10.22,2,0.0,,,
3032,3.2920,-0.1145,-0.0555,2.982,good,0.000,2.93,0,0,0,0,11.93,3,0.0,,,
3033,3.2920,-0.1143,0.0370,3.014,good,0.000,2.35,0,0,0,0,11.09,3,0.0,,,
3034,3.2920,-0.1119,-0.0937,3.132,good,0.000,1.97,0,0,0,0,7.67,3,0.0,,,
3035,3.2920,-0.1109,0.2273,3.290,good,0.032,5.03,0,0,0,0,4.09,3,0.0,,,
3036,3.2920,-0.1117,0.1711,2.628,stick,1.000,68.18,1,1,1,0,20.58,3,2.4,53|54,2923,2923
3039,3.2920,-0.1195,0.0743,2.994,good,0.000,3.88,0,0,0,0,13.30,2,0.0,,,
3045,3.2920,-0.1074,0.1280,3.000,good,0.001,5.69,0,0,0,0,9.13,1,0.0,,,
3044,3.2960,-0.1176,-0.1781,2.294,good,0.000,2.75,0,0,0,0,34.84,2,0.0,,,
3040,3.3000,-0.1144,-0.1545,3.024,good,0.002,2.82,0,0,0,0,10.88,3,0.0,,,
3041,3.3000,-0.1112,0.1446,3.213,good,0.000,2.17,0,0,0,0,5.72,3,0.0,,,
3042,3.3000,-0.1358,0.1257,3.000,husk,1.000,23.85,1,1,1,0,10.60,1,2.4,48|47,,
3043,3.3000,-0.1106,-0.0261,3.104,good,0.001,2.96,0,0,0,0,7.84,3,0.0,,,
3051,3.3000,-0.1191,-0.1048,2.980,good,0.002,3.81,0,0,0,0,13.52,2,0.0,,,
3052,3.3000,-0.1179,-0.1195,2.988,good,0.000,2.82,0,0,0,0,12.95,2,0.0,,,
3046,3.3040,-0.1179,0.0075,2.741,good,0.005,1.83,0,0,0,0,19.49,3,0.0,,,
3047,3.3040,-0.1268,-0.2146,3.001,good,0.000,2.05,0,0,0,0,11.58,2,0.0,,,
3048,3.3040,-0.1137,0.2385,2.976,good,0.006,3.90,0,0,0,0,11.80,3,0.0,,,
3049,3.3040,-0.1095,-0.0589,2.993,good,0.001,2.43,0,0,0,0,9.99,3,0.0,,,
3050,3.3040,-0.1086,-0.2011,3.011,good,0.000,1.41,0,0,0,0,9.30,3,0.0,,,
3057,3.3040,-0.1187,0.0805,3.011,good,0.000,3.04,0,0,0,0,12.63,2,0.0,,,
3058,3.3040,-0.1160,0.1125,3.035,good,0.000,2.91,0,0,0,0,11.17,2,0.0,,,
3053,3.3080,-0.1154,-0.1894,2.950,good,0.001,3.17,0,0,0,0,13.02,3,0.0,,,
3054,3.3080,-0.1171,-0.0619,2.841,black,1.000,62.28,1,1,1,0,16.44,3,3.2,24|23,2992,2992
3055,3.3080,-0.1082,-0.2171,3.450,good,0.002,9.89,0,0,0,0,0.34,3,0.0,,,
3056,3.3080,-0.1115,-0.0380,2.969,good,0.001,2.54,0,0,0,0,11.25,3,0.0,,,
3061,3.3080,-0.1154,-0.1004,2.999,good,0.001,3.91,0,0,0,0,11.82,2,0.0,,,
3059,3.3120,-0.1152,-0.1024,3.064,good,0.029,3.24,0,0,0,0,10.24,3,0.0,,,
3060,3.3120,-0.1156,0.0488,3.000,good,0.000,2.43,0,0,0,0,11.85,3,0.0,,,
3065,3.3120,-0.1123,-0.0280,3.450,good,0.000,1.87,0,0,0,0,1.54,2,0.0,,,
3062,3.3160,-0.1134,-0.0543,2.588,good,0.001,3.59,0,0,0,0,22.46,3,0.0,,,
3063,3.3160,-0.1121,0.0933,2.623,good,0.006,5.25,0,0,0,0,20.86,3,0.0,,,
3064,3.3160,-0.1068,0.1788,3.420,stick,1.000,40.46,1,1,1,0,0.48,3,2.4,54|55,3042,3042
3066,3.3160,-0.1182,-0.1827,2.827,good,0.001,2.53,0,0,0,0,17.20,2,0.0,,,
3070,3.3200,-0.1175,-0.0060,3.450,good,0.004,2.55,0,0,0,0,3.04,2,0.0,,,
3077,3.3200,-0.1016,0.0902,3.000,good,0.001,3.60,0,0,0,0,7.22,1,0.0,,,
3068,3.3240,-0.1102,0.1778,2.935,good,0.001,6.24,0,0,0,0,11.61,3,0.0,,,
3069,3.3240,-0.1106,-0.0234,2.741,good,0.000,8.43,0,0,0,0,16.85,3,0.0,,,
3080,3.3240,-0.1036,-0.0029,3.000,good,0.004,2.50,0,0,0,0,7.86,1,0.0,,,
3067,3.3280,-0.1136,-0.1293,2.180,faded,0.989,3.88,1,1,1,0,37.99,4,3.2,15,2968,
3071,3.3280,-0.1184,-0.0044,2.785,good,0.107,3.79,0,0,0,0,18.43,3,0.0,,,
3072,3.3280,-0.1151,0.1901,2.970,good,0.000,2.40,0,0,0,0,12.43,3,0.0,,,
3073,3.3280,-0.1127,0.1979,3.115,faded,0.986,3.86,1,1,1,0,8.28,3,3.2,57,3020,
3074,3.3280,-0.1118,-0.1946,3.000,good,0.018,5.49,0,0,0,0,10.61,3,0.0,,,
3075,3.3280,-0.1096,-0.2280,3.010,good,0.358,4.89,0,0,0,0,9.63,3,0.0,,,
3076,3.3280,-0.1092,0.0390,2.939,good,0.004,3.58,0,0,0,0,11.17,3,0.0,,,
3079,3.3280,-0.1190,-0.0505,2.929,good,0.006,2.70,0,0,0,0,14.77,2,0.0,,,
3078,3.3320,-0.1241,-0.0090,2.987,good,0.007,3.25,0,0,0,0,11.00,2,0.0,,,
3086,3.3320,-0.1183,0.1140,2.987,good,0.000,3.28,0,0,0,0,13.08,2,0.0,,,
3087,3.3320,-0.1167,-0.2275,2.997,good,0.001,2.14,0,0,0,0,12.30,2,0.0,,,
3081,3.3360,-0.1140,0.0630,3.019,good,0.001,3.98,0,0,0,0,10.90,3,0.0,,,
3082,3.3360,-0.1181,0.0752,2.639,good,0.001,6.11,0,0,0,0,22.65,3,0.0,,,
3083,3.3360,-0.1105,-0.0423,2.995,good,0.001,2.78,0,0,0,0,10.28,3,0.0,,,
3084,3.3360,-0.1108,0.2006,2.999,good,0.010,5.84,0,0,0,0,10.31,3,0.0,,,
3085,3.3360,-0.1102,-0.1324,3.003,good,0.000,4.81,0,0,0,0,9.98,3,0.0,,,
3091,3.3360,-0.1190,-0.1156,3.274,good,0.000,2.07,0,0,0,0,6.90,2,0.0,,,
3092,3.3360,-0.1166,-0.1412,3.141,good,0.001,2.38,0,0,0,0,8.95,2,0.0,,,
3093,3.3360,-0.1166,-0.0082,3.004,good,0.054,3.53,0,0,0,0,12.10,2,0.0,,,
3094,3.3360,-0.1162,-0.2089,3.022,faded,0.999,6.29,1,1,1,0,11.56,2,3.2,5,3027,
3088,3.3400,-0.1147,0.2286,2.985,good,0.001,5.60,0,0,0,0,11.92,3,0.0,,,
3089,3.3400,-0.1347,0.0503,3.000,good,0.004,4.25,0,0,0,0,10.25,1,0.0,,,
3090,3.3400,-0.1091,-0.0892,2.940,good,0.000,2.27,0,0,0,0,11.11,3,0.0,,,
3098,3.3400,-0.1176,0.1938,3.173,good,0.014,4.22,0,0,0,0,8.57,2,0.0,,,
3099,3.3400,-0.1221,0.0469,3.000,good,0.003,4.45,0,0,0,0,10.02,1,0.0,,,
3104,3.3400,-0.1094,0.0435,3.000,good,0.003,4.45,0,0,0,0,9.80,1,0.0,,,
3105,3.3400,-0.1075,0.0715,3.000,good,0.000,6.09,0,0,0,0,9.16,1,0.0,,,
3095,3.3440,-0.1137,0.1121,3.001,good,0.062,2.79,0,0,0,0,11.20,3,0.0,,,
3096,3.3440,-0.1104,-0.2162,3.099,good,0.042,6.16,0,0,0,0,7.88,3,0.0,,,
3097,3.3440,-0.1110,0.0641,2.989,good,0.000,3.06,0,0,0,0,10.58,3,0.0,,,
3103,3.3440,-0.1153,0.1294,3.175,good,0.006,1.56,0,0,0,0,7.80,2,0.0,,,
3100,3.3480,-0.1140,-0.1214,3.007,faded,1.000,4.82,1,1,1,0,11.17,3,3.2,16,3062,3062
3101,3.3480,-0.1168,0.0616,2.674,insect,1.000,8.09,1,1,1,0,21.08,3,3.1,39|40,3059,3059
3102,3.3480,-0.1118,-0.1390,2.996,black,1.000,53.11,1,1,1,0,10.67,3,3.2,14,3038,3038
3109,3.3480,-0.1162,0.0450,3.019,good,0.001,2.35,0,0,0,0,11.61,2,0.0,,,
3106,3.3520,-0.1117,0.1036,3.141,black,1.000,48.41,1,1,1,0,7.43,3,3.2,45,3048,3048
3107,3.3520,-0.1108,-0.0579,3.003,good,0.000,2.25,0,0,0,0,10.21,3,0.0,,,
3108,3.3520,-0.1113,0.1147,2.928,good,0.001,2.87,0,0,0,0,12.18,3,0.0,,,
3111,3.3520,-0.1199,-0.0721,3.000,good,0.009,1.95,0,0,0,0,13.30,2,0.0,,,
3112,3.3520,-0.1149,-0.1371,2.997,good,0.000,3.02,0,0,0,0,11.69,2,0.0,,,
3110,3.3560,-0.1141,-0.1427,2.835,good,0.000,2.22,0,0,0,0,15.52,3,0.0,,,
3114,3.3560,-0.1193,-0.1873,2.659,good,0.016,3.19,0,0,0,0,22.48,2,0.0,,,
3113,3.3600,-0.1132,0.0394,2.893,good,0.038,4.82,0,0,0,0,13.71,3,0.0,,,
3117,3.3600,-0.1181,0.1482,2.900,good,0.000,3.24,0,0,0,0,15.18,2,0.0,,,
3118,3.3600,-0.1171,-0.0858,2.998,good,0.000,2.38,0,0,0,0,12.40,2,0.0,,,
3115,3.3640,-0.1128,0.2135,3.032,good,0.015,4.48,0,0,0,0,10.17,3,0.0,,,
3116,3.3640,-0.1102,0.0981,3.002,good,0.002,4.09,0,0,0,0,10.03,3,0.0,,,
3124,3.3640,-0.1189,0.1345,3.004,good,0.000,2.25,0,0,0,0,12.87,2,0.0,,,
3119,3.3680,-0.1156,0.1679,2.803,good,0.002,4.25,0,0,0,0,16.89,3,0.0,,,
3120,3.3680,-0.1140,-0.1981,2.981,black,1.000,50.56,1,1,1,0,11.79,3,3.2,6,3070,3070
3121,3.3680,-0.1110,0.2069,3.337,good,0.001,2.58,0,0,0,0,3.24,3,0.0,,,
3122,3.3680,-0.1102,-0.1564,3.000,faded,0.638,7.03,1,1,1,0,10.08,3,3.2,11|12,3050|3069,3069
3123,3.3680,-0.1139,0.1026,2.912,good,0.005,2.62,0,0,0,0,13.45,3,0.0,,,
3127,3.3680,-0.1161,-0.0332,2.979,good,0.000,2.92,0,0,0,0,12.54,2,0.0,,,
3125,3.3720,-0.1123,0.0729,3.135,good,0.000,2.66,0,0,0,0,7.70,3,0.0,,,
3126,3.3720,-0.1136,0.1462,3.003,good,0.000,2.40,0,0,0,0,11.11,3,0.0,,,
3128,3.3760,-0.1125,0.1934,3.120,good,0.281,3.83,0,0,0,0,8.12,3,0.0,,,
3129,3.3760,-0.1091,0.0313,3.094,good,0.000,2.03,0,0,0,0,7.57,3,0.0,,,
3130,3.3760,-0.1123,-0.0716,2.627,good,0.145,2.44,0,0,0,0,20.82,3,0.0,,,
3131,3.3800,-0.1141,0.0231,3.022,good,0.001,1.91,0,0,0,0,10.85,3,0.0,,,
3132,3.3800,-0.1149,-0.0702,2.555,good,0.014,2.34,0,0,0,0,24.12,3,0.0,,,
3133,3.3800,-0.1063,-0.1557,3.443,good,0.002,2.91,0,0,0,0,-0.09,3,0.0,,,
3134,3.3800,-0.1076,0.2426,3.290,good,0.004,2.96,0,0,0,0,3.10,3,0.0,,,
3135,3.3800,-0.1082,-0.1014,2.976,good,0.008,4.98,0,0,0,0,9.97,3,0.0,,,
3136,3.3800,-0.1191,-0.0631,3.000,good,0.000,7.30,0,0,0,0,13.04,2,0.0,,,
3141,3.3840,-0.1185,0.0172,2.984,good,0.000,4.21,0,0,0,0,13.23,2,0.0,,,
3137,3.3880,-0.1137,-0.2041,3.036,good,0.001,2.31,0,0,0,0,10.41,3,0.0,,,
3138,3.3880,-0.1129,-0.1408,2.911,broken,0.913,3.73,1,1,1,0,13.13,3,2.4,13|14,3073,
3139,3.3880,-0.1117,-0.0444,3.034,good,0.026,3.27,0,0,0,0,9.77,3,0.0,,,
3140,3.3880,-0.1081,-0.1086,2.972,good,0.104,3.36,0,0,0,0,10.04,3,0.0,,,
3143,3.3880,-0.1173,-0.1893,3.015,good,0.385,4.17,0,0,0,0,12.06,2,0.0,,,
3144,3.3880,-0.1172,0.0225,2.985,good,0.000,2.58,0,0,0,0,12.77,2,0.0,,,
3150,3.3880,-0.1066,0.0211,3.000,good,0.000,4.08,0,0,0,0,8.85,1,0.0,,,
3142,3.3920,-0.1116,-0.0644,3.249,good,0.077,6.62,0,0,0,0,5.11,3,0.0,,,
3147,3.3920,-0.1198,-0.1602,2.999,good,0.000,2.10,0,0,0,0,13.29,2,0.0,,,
3148,3.3920,-0.1165,0.1792,2.991,good,0.069,6.11,0,0,0,0,12.38,2,0.0,,,
3149,3.3920,-0.1167,-0.0513,2.999,good,0.000,1.82,0,0,0,0,12.24,2,0.0,,,
3145,3.3960,-0.1119,-0.1210,2.977,good,0.000,2.77,0,0,0,0,11.20,3,0.0,,,
3146,3.3960,-0.1070,0.1255,3.279,good,0.000,2.20,0,0,0,0,3.12,3,0.0,,,
3153,3.3960,-0.1184,0.0339,3.196,good,0.018,3.15,0,0,0,0,8.35,2,0.0,,,
3154,3.3960,-0.1184,0.2253,3.384,good,0.004,3.58,0,0,0,0,4.55,2,0.0,,,
3155,3.3960,-0.1191,0.1827,2.868,good,0.000,2.72,0,0,0,0,16.38,2,0.0,,,
3158,3.3960,-0.1047,-0.0479,3.000,good,0.000,1.84,0,0,0,0,8.22,1,0.0,,,
3159,3.3960,-0.1013,-0.0694,3.000,good,0.000,3.07,0,0,0,0,7.09,1,0.0,,,
3151,3.4000,-0.1109,-0.0344,3.212,good,0.007,7.44,0,0,0,0,5.64,3,0.0,,,
3152,3.4000,-0.1081,0.2073,3.027,good,0.000,2.26,0,0,0,0,8.73,3,0.0,,,
3166,3.4000,-0.1076,0.1860,3.000,good,0.000,2.57,0,0,0,0,9.21,1,0.0,,,
3156,3.4040,-0.1113,-0.0854,2.993,good,0.000,1.97,0,0,0,0,10.61,3,0.0,,,
3157,3.4040,-0.1097,0.0008,2.997,good,0.000,1.73,0,0,0,0,9.98,3,0.0,,,
3163,3.4040,-0.1181,-0.0760,2.997,good,0.000,2.80,0,0,0,0,12.76,2,0.0,,,
3164,3.4040,-0.1145,-0.2093,3.450,good,0.001,3.20,0,0,0,0,2.19,2,0.0,,,
3165,3.4040,-0.1185,0.1402,2.927,good,0.000,3.23,0,0,0,0,14.66,2,0.0,,,
3160,3.4080,-0.1146,-0.0021,2.928,good,0.003,1.93,0,0,0,0,13.29,3,0.0,,,
3161,3.4080,-0.1225,0.1033,2.909,good,0.014,1.88,0,0,0,0,12.48,2,0.0,,,
3162,3.4080,-0.1098,0.2204,3.004,good,0.001,2.72,0,0,0,0,9.84,3,0.0,,,
3169,3.4080,-0.1183,-0.1315,2.987,good,0.003,2.51,0,0,0,0,13.09,2,0.0,,,
3170,3.4080,-0.1147,0.1039,3.450,good,0.000,6.64,0,0,0,0,2.24,2,0.0,,,
3171,3.4080,-0.1187,-0.2206,2.956,good,0.000,3.33,0,0,0,0,13.98,2,0.0,,,
3167,3.4120,-0.1147,-0.0291,3.080,good,0.000,3.07,0,0,0,0,9.70,3,0.0,,,
3168,3.4120,-0.1110,-0.0050,3.443,faded,0.978,5.60,1,1,1,0,1.29,3,3.2,31,3133,
3172,3.4160,-0.1158,0.1203,2.901,good,0.002,4.55,0,0,0,0,14.39,3,0.0,,,
3173,3.4160,-0.1071,0.0196,3.329,black,1.000,46.42,1,1,1,0,2.23,3,3.2,34,3113,
3177,3.4160,-0.1183,-0.0054,2.858,good,0.000,2.31,0,0,0,0,16.37,2,0.0,,,
3178,3.4160,-0.1173,0.1437,3.001,good,0.000,1.56,0,0,0,0,12.43,2,0.0,,,
3174,3.4200,-0.1137,0.0866,3.008,good,0.004,6.27,0,0,0,0,11.04,3,0.0,,,
3175,3.4200,-0.1133,-0.1099,3.002,good,0.000,3.11,0,0,0,0,11.05,3,0.0,,,
3176,3.4200,-0.1110,0.0400,2.925,good,0.000,4.48,0,0,0,0,12.13,3,0.0,,,
3179,3.4240,-0.1108,-0.2028,2.985,good,0.126,2.20,0,0,0,0,10.62,3,0.0,,,
3180,3.4240,-0.1144,0.1339,2.552,good,0.009,3.85,0,0,0,0,24.03,3,0.0,,,
3182,3.4240,-0.1194,-0.0791,3.061,good,0.000,2.48,0,0,0,0,11.66,2,0.0,,,
3181,3.4280,-0.1120,-0.1168,3.169,good,0.006,2.54,0,0,0,0,6.90,3,0.0,,,
3188,3.4280,-0.1197,0.0143,3.051,faded,0.997,4.33,1,1,1,0,12.01,2,3.2,33|34,3122,
3189,3.4280,-0.1192,-0.1578,3.244,good,0.001,1.78,0,0,0,0,7.57,2,0.0,,,
3195,3.4280,-0.1042,0.1302,3.000,good,0.005,3.72,0,0,0,0,8.07,1,0.0,,,
3183,3.4320,-0.1145,0.0513,2.999,sour,1.000,18.96,1,1,1,0,11.52,3,3.2,38,3150,3150
3184,3.4320,-0.1155,0.1314,2.781,good,0.000,5.16,0,0,0,0,17.51,3,0.0,,,
3185,3.4320,-0.1106,0.2172,3.285,good,0.012,6.16,0,0,0,0,4.09,3,0.0,,,
3186,3.4320,-0.1098,-0.0349,3.112,broken,0.521,2.88,1,1,1,0,7.43,3,2.4,27,3144,3144
3187,3.4320,-0.1096,0.0651,2.862,good,0.000,1.97,0,0,0,0,13.25,3,0.0,,,
3193,3.4320,-0.1184,0.1649,3.002,good,0.000,1.64,0,0,0,0,12.74,2,0.0,,,
3194,3.4320,-0.1166,0.0879,2.997,good,0.000,2.13,0,0,0,0,12.29,2,0.0,,,
3199,3.4320,-0.1075,0.0105,3.000,faded,0.997,4.26,1,1,1,0,9.16,1,3.2,33,3122,
3190,3.4360,-0.1152,0.1606,2.997,good,0.002,5.04,0,0,0,0,11.80,3,0.0,,,
3191,3.4360,-0.1131,0.0963,3.003,good,0.000,2.31,0,0,0,0,10.95,3,0.0,,,
3192,3.4360,-0.1103,0.1871,3.000,good,0.001,1.69,0,0,0,0,10.11,3,0.0,,,
3198,3.4360,-0.1194,-0.0096,2.998,good,0.152,2.89,0,0,0,0,13.17,2,0.0,,,
3196,3.4400,-0.1179,0.0030,2.472,good,0.418,54.95,1,1,1,0,28.13,3,9.0,32|31|33,3131|3158,
3197,3.4400,-0.1090,-0.0578,2.993,good,0.000,2.45,0,0,0,0,9.83,3,0.0,,,
3204,3.4400,-0.1192,0.0428,2.998,faded,0.917,3.28,1,1,1,0,13.12,2,3.2,37,3149,3149
3205,3.4400,-0.1287,0.0637,3.000,good,0.000,2.69,0,0,0,0,12.24,1,0.0,,,
3208,3.4400,-0.1134,0.0611,3.000,good,0.000,2.35,0,0,0,0,11.12,1,0.0,,,
3200,3.4440,-0.1244,0.1758,3.018,sour,0.975,14.92,1,1,1,0,10.37,2,3.2,54,,
3201,3.4440,-0.1164,-0.1530,2.714,good,0.000,2.98,0,0,0,0,19.74,3,0.0,,,
3202,3.4440,-0.1124,-0.1369,3.003,good,0.000,3.57,0,0,0,0,10.73,3,0.0,,,
3203,3.4440,-0.1088,-0.1941,2.998,good,0.000,2.89,0,0,0,0,9.66,3,0.0,,,
3207,3.4440,-0.1168,0.0985,2.979,sour,1.000,20.96,1,1,1,0,12.77,2,3.2,44,3135,3135
3210,3.4440,-0.1144,0.1717,3.000,sour,1.000,17.57,1,1,1,0,11.47,1,3.2,53|54,3132,
3211,3.4440,-0.1103,0.1791,3.000,good,0.000,5.40,0,0,0,0,10.10,1,0.0,,,
3206,3.4480,-0.1093,-0.0292,3.001,good,0.000,3.99,0,0,0,0,9.73,3,0.0,,,
3209,3.4480,-0.1196,0.1535,2.951,good,0.003,3.07,0,0,0,0,14.43,2,0.0,,,
3216,3.4480,-0.1056,-0.1565,3.000,good,0.000,2.53,0,0,0,0,8.52,1,0.0,,,
3212,3.4560,-0.1151,0.1566,2.999,good,0.000,2.00,0,0,0,0,11.70,3,0.0,,,
3213,3.4560,-0.1142,-0.0583,3.005,good,0.000,3.01,0,0,0,0,11.27,3,0.0,,,
3214,3.4560,-0.1096,-0.0397,2.995,good,0.001,2.14,0,0,0,0,9.98,3,0.0,,,
3215,3.4560,-0.1078,-0.2271,3.091,good,0.001,3.10,0,0,0,0,7.23,3,0.0,,,
3217,3.4600,-0.1146,0.2030,3.085,good,0.001,2.03,0,0,0,0,9.55,3,0.0,,,
3218,3.4600,-0.1091,-0.1297,3.426,good,0.002,3.68,0,0,0,0,1.04,3,0.0,,,
3219,3.4600,-0.1120,0.0437,2.993,shell,1.000,10.63,1,1,1,0,10.83,3,2.4,37,3155,3155
3222,3.4600,-0.1199,0.0636,3.450,good,0.000,5.42,0,0,0,0,3.74,2,0.0,,,
3220,3.4640,-0.1148,0.1434,2.835,good,0.029,4.19,0,0,0,0,15.77,3,0.0,,,
3221,3.4640,-0.1252,-0.0041,2.494,good,0.001,2.86,0,0,0,0,26.29,2,0.0,,,
3225,3.4640,-0.1178,-0.0564,2.959,good,0.002,2.93,0,0,0,0,13.62,2,0.0,,,
3229,3.4640,-0.1152,-0.0079,3.000,good,0.180,2.61,0,0,0,0,11.74,1,0.0,,,
3223,3.4680,-0.1135,0.1849,2.947,good,0.000,3.71,0,0,0,0,12.45,3,0.0,,,
3224,3.4680,-0.1263,-0.0891,2.473,good,0.000,2.55,0,0,0,0,27.48,2,0.0,,,
3227,3.4680,-0.1176,-0.0994,3.013,good,0.001,2.45,0,0,0,0,12.25,2,0.0,,,
3228,3.4680,-0.1158,0.2153,3.000,good,0.002,4.80,0,0,0,0,11.94,2,0.0,,,
3233,3.4680,-0.1163,-0.0854,3.000,good,0.000,2.07,0,0,0,0,12.12,1,0.0,,,
3226,3.4720,-0.1134,0.1718,3.022,good,0.000,1.84,0,0,0,0,10.61,3,0.0,,,
3231,3.4720,-0.1188,0.0117,3.040,good,0.001,4.78,0,0,0,0,11.99,2,0.0,,,
3232,3.4720,-0.1179,0.0900,2.996,good,0.001,3.79,0,0,0,0,12.74,2,0.0,,,
3230,3.4760,-0.1131,0.0548,3.020,good,0.024,6.80,0,0,0,0,10.58,3,0.0,,,
3234,3.4800,-0.1142,0.0579,3.059,good,0.001,3.28,0,0,0,0,10.02,3,0.0,,,
3242,3.4800,-0.1197,0.1989,2.717,good,0.000,2.33,0,0,0,0,20.86,2,0.0,,,
3235,3.4840,-0.1180,-0.1144,2.568,husk,1.000,11.42,1,1,1,0,24.89,3,2.4,17,3140,
3236,3.4840,-0.1277,0.0395,2.759,good,0.025,1.66,0,0,0,0,18.50,2,0.0,,,
3237,3.4840,-0.1109,-0.1408,3.054,good,0.001,1.93,0,0,0,0,9.07,3,0.0,,,
3238,3.4840,-0.1092,0.0789,3.201,good,0.001,1.77,0,0,0,0,5.36,3,0.0,,,
3239,3.4840,-0.1107,-0.1266,3.014,good,0.002,2.64,0,0,0,0,9.88,3,0.0,,,
3240,3.4840,-0.1103,-0.0053,2.762,faded,0.611,2.94,1,1,1,0,16.12,3,3.2,31,3183,
3241,3.4840,-0.1106,-0.0675,2.715,good,0.002,3.50,0,0,0,0,17.55,3,0.0,,,
3248,3.4840,-0.1184,-0.0975,3.380,good,0.017,2.67,0,0,0,0,4.62,2,0.0,,,
3243,3.4880,-0.1135,0.0785,3.052,insect,0.989,3.52,1,1,1,0,9.96,3,3.1,42|41,3178,
3244,3.4880,-0.1094,0.0324,3.395,black,0.984,52.82,1,1,1,0,1.69,3,3.2,36|35,3168|3202,
3245,3.4880,-0.1125,-0.0107,3.007,good,0.000,2.88,0,0,0,0,10.67,3,0.0,,,
3246,3.4880,-0.1133,-0.0287,3.011,good,0.000,2.85,0,0,0,0,10.83,3,0.0,,,
3247,3.4880,-0.1365,0.1308,3.000,good,0.135,11.68,0,0,0,0,10.85,1,0.0,,,
3259,3.4880,-0.1068,-0.1082,3.000,husk,0.990,10.72,1,1,1,0,8.92,1,2.4,18|17,3140|3195,
3249,3.4920,-0.1140,0.0329,3.008,good,0.000,3.42,0,0,0,0,11.13,3,0.0,,,
3250,3.4920,-0.1136,0.0789,3.106,good,0.000,3.34,0,0,0,0,8.78,3,0.0,,,
3251,3.4920,-0.1137,-0.0983,2.993,good,0.228,3.13,0,0,0,0,11.39,3,0.0,,,
3252,3.4920,-0.1103,0.1777,2.998,good,0.000,2.68,0,0,0,0,10.14,3,0.0,,,
3253,3.4920,-0.1109,-0.1982,2.565,good,0.002,2.25,0,0,0,0,22.23,3,0.0,,,
3256,3.4920,-0.1190,0.2337,2.986,good,0.000,2.07,0,0,0,0,13.33,2,0.0,,,
3257,3.4920,-0.1170,0.1690,3.108,sour,1.000,20.49,1,1,1,0,9.80,2,3.2,53,3209,3209
3258,3.4920,-0.1176,-0.0693,3.007,good,0.003,3.46,0,0,0,0,12.38,2,0.0,,,
3254,3.4960,-0.1152,-0.0009,3.036,good,0.009,2.83,0,0,0,0,10.88,3,0.0,,,
3255,3.4960,-0.1086,0.0677,2.978,good,0.000,2.06,0,0,0,0,10.04,3,0.0,,,
3260,3.4960,-0.1192,0.1214,2.751,good,0.000,2.11,0,0,0,0,19.68,2,0.0,,,
3261,3.4960,-0.1171,-0.1631,3.000,good,0.000,1.89,0,0,0,0,12.38,2,0.0,,,
3262,3.4960,-0.1150,0.0823,3.241,good,0.001,3.03,0,0,0,0,6.34,2,0.0,,,
3266,3.4960,-0.1006,-0.1953,3.000,good,0.004,2.20,0,0,0,0,6.87,1,0.0,,,
3265,3.5000,-0.1192,-0.1413,2.970,good,0.000,3.21,0,0,0,0,13.81,2,0.0,,,
3269,3.5000,-0.1030,-0.0046,3.000,good,0.010,2.86,0,0,0,0,7.66,1,0.0,,,
3263,3.5040,-0.1103,-0.2175,3.210,good,0.004,2.81,0,0,0,0,5.54,3,0.0,,,
3264,3.5040,-0.1115,-0.0389,2.871,good,0.351,3.14,0,0,0,0,13.66,3,0.0,,,
3267,3.5080,-0.1154,0.0459,3.033,good,0.011,5.93,0,0,0,0,11.03,3,0.0,,,
3268,3.5080,-0.1161,-0.1800,2.235,good,0.001,4.91,0,0,0,0,36.68,3,0.0,,,
3272,3.5080,-0.1197,-0.1328,3.015,good,0.002,4.04,0,0,0,0,12.87,2,0.0,,,
3273,3.5080,-0.1198,-0.0439,2.992,good,0.000,4.19,0,0,0,0,13.45,2,0.0,,,
3270,3.5120,-0.1149,0.0126,2.996,good,0.000,2.90,0,0,0,0,11.72,3,0.0,,,
3271,3.5120,-0.1137,0.0024,2.933,good,0.000,3.16,0,0,0,0,12.86,3,0.0,,,
3274,3.5160,-0.1117,-0.1788,3.006,good,0.000,1.89,0,0,0,0,10.41,3,0.0,,,
3275,3.5160,-0.1114,0.0547,2.968,good,0.000,3.03,0,0,0,0,11.22,3,0.0,,,
3276,3.5160,-0.1104,0.0900,2.999,good,0.000,2.95,0,0,0,0,10.15,3,0.0,,,
3277,3.5160,-0.1165,-0.0568,3.015,good,0.010,3.74,0,0,0,0,11.79,2,0.0,,,
3278,3.5160,-0.1165,0.1153,3.010,good,0.011,2.69,0,0,0,0,11.92,2,0.0,,,
3285,3.5160,-0.1024,0.0079,3.000,good,0.003,10.99,0,0,0,0,7.48,1,0.0,,,
3282,3.5200,-0.1190,0.2207,3.072,good,0.000,2.72,0,0,0,0,11.28,2,0.0,,,
3283,3.5200,-0.1185,-0.0188,2.966,good,0.000,2.39,0,0,0,0,13.67,2,0.0,,,
3279,3.5240,-0.1282,0.1766,2.885,black,1.000,58.78,1,1,1,0,15.09,2,3.2,54,,
3280,3.5240,-0.1249,0.1859,2.883,good,0.004,3.01,0,0,0,0,14.01,2,0.0,,,
3281,3.5240,-0.1114,0.0603,2.985,faded,0.983,3.67,1,1,1,0,10.82,3,3.2,39,3222,
3284,3.5240,-0.1110,0.1400,2.475,good,0.000,2.25,0,0,0,0,25.26,3,0.0,,,
3287,3.5240,-0.1191,0.0594,2.988,good,0.000,2.28,0,0,0,0,13.33,2,0.0,,,
3288,3.5240,-0.1175,-0.1101,3.036,faded,0.791,3.40,1,1,1,0,11.62,2,3.2,17|18,3235,
3289,3.5240,-0.1162,0.1669,3.101,good,0.006,2.63,0,0,0,0,9.72,2,0.0,,,
3295,3.5240,-0.1149,0.1799,3.000,black,0.620,17.32,1,1,1,0,11.63,1,3.2,55|54,3215|3219,3215
3286,3.5280,-0.1099,0.0032,2.877,good,0.090,2.47,0,0,0,0,12.93,3,0.0,,,
3293,3.5280,-0.1192,-0.0498,2.944,good,0.100,4.14,0,0,0,0,14.44,2,0.0,,,
3294,3.5280,-0.1181,-0.0119,2.934,good,0.000,2.84,0,0,0,0,14.35,2,0.0,,,
3290,3.5320,-0.1259,-0.1241,3.205,good,0.067,2.65,0,0,0,0,6.48,2,0.0,,,
3291,3.5320,-0.1144,0.0058,2.999,good,0.004,3.81,0,0,0,0,11.51,3,0.0,,,
3292,3.5320,-0.1331,0.0708,3.000,broken,0.871,2.51,1,1,1,0,9.72,1,2.4,41|40,,
3296,3.5320,-0.1195,-0.0877,3.003,good,0.000,5.65,0,0,0,0,13.10,2,0.0,,,
3298,3.5320,-0.1192,0.1419,3.231,good,0.008,4.31,0,0,0,0,7.87,2,0.0,,,
3299,3.5320,-0.1197,-0.1863,3.001,good,0.003,3.04,0,0,0,0,13.21,2,0.0,,,
3300,3.5320,-0.1174,0.0816,3.000,good,0.000,2.19,0,0,0,0,12.47,2,0.0,,,
3301,3.5320,-0.1164,-0.0617,3.001,good,0.000,2.17,0,0,0,0,12.09,2,0.0,,,
3302,3.5320,-0.1202,0.0672,3.000,broken,0.860,2.32,1,1,1,0,9.40,1,2.4,40,,
3305,3.5320,-0.1131,-0.1274,3.000,good,0.044,2.53,0,0,0,0,11.02,1,0.0,,,
3306,3.5320,-0.1072,0.0637,3.000,good,0.460,2.35,0,0,0,0,9.08,1,0.0,,,
3297,3.5360,-0.1073,0.2196,3.198,good,0.014,3.40,0,0,0,0,4.81,3,0.0,,,
3307,3.5360,-0.1063,0.1449,3.000,good,0.006,4.28,0,0,0,0,8.78,1,0.0,,,
3303,3.5400,-0.1154,-0.0809,3.038,good,0.000,2.77,0,0,0,0,10.89,3,0.0,,,
3304,3.5400,-0.1125,0.0861,3.000,good,0.001,2.77,0,0,0,0,10.85,3,0.0,,,
3311,3.5440,-0.1169,0.1656,3.033,good,0.011,1.99,0,0,0,0,11.50,2,0.0,,,
3308,3.5480,-0.1294,-0.0162,2.626,good,0.005,2.72,0,0,0,0,23.35,2,0.0,,,
3309,3.5480,-0.1125,-0.0495,2.998,good,0.000,2.91,0,0,0,0,10.87,3,0.0,,,
3310,3.5480,-0.1077,0.0016,3.098,good,0.000,2.17,0,0,0,0,7.05,3,0.0,,,
3318,3.5480,-0.1162,0.0899,3.085,good,0.000,3.83,0,0,0,0,10.10,2,0.0,,,
3321,3.5480,-0.1189,-0.0196,3.000,good,0.025,2.69,0,0,0,0,12.95,1,0.0,,,
3312,3.5520,-0.1142,-0.1569,3.000,good,0.001,2.07,0,0,0,0,11.41,3,0.0,,,
3313,3.5520,-0.1126,-0.1292,3.132,husk,0.988,10.64,1,1,1,0,7.88,3,2.4,15,3264,
3314,3.5520,-0.1124,0.0302,2.987,good,0.000,2.05,0,0,0,0,11.09,3,0.0,,,
3315,3.5520,-0.1089,-0.1457,3.005,good,0.000,2.21,0,0,0,0,9.52,3,0.0,,,
3316,3.5520,-0.1092,0.2053,2.988,good,0.001,2.64,0,0,0,0,10.00,3,0.0,,,
3317,3.5520,-0.1081,0.1815,2.998,sour,1.000,11.34,1,1,1,0,9.41,3,3.2,55,3233,
3320,3.5520,-0.1158,0.0885,3.174,good,0.008,3.77,0,0,0,0,7.98,2,0.0,,,
3319,3.5560,-0.1108,-0.2089,2.439,good,0.001,5.15,0,0,0,0,26.43,3,0.0,,,
3324,3.5560,-0.1154,0.1465,2.932,good,0.044,3.26,0,0,0,0,13.47,2,0.0,,,
3322,3.5600,-0.1126,0.0079,3.020,good,0.000,2.51,0,0,0,0,10.40,3,0.0,,,
3323,3.5600,-0.1208,-0.0572,3.311,good,0.007,2.15,0,0,0,0,2.70,2,0.0,,,
3327,3.5600,-0.1174,-0.0735,3.009,good,0.000,3.71,0,0,0,0,12.26,2,0.0,,,
3328,3.5600,-0.1151,0.1654,3.367,good,0.001,1.99,0,0,0,0,3.89,2,0.0,,,
3331,3.5600,-0.1076,-0.0602,3.000,good,0.004,2.11,0,0,0,0,9.20,1,0.0,,,
3325,3.5640,-0.1133,0.1629,3.168,good,0.002,2.27,0,0,0,0,7.32,3,0.0,,,
3326,3.5640,-0.1144,0.0451,2.902,good,0.000,2.44,0,0,0,0,13.87,3,0.0,,,
3329,3.5640,-0.1180,0.0713,3.158,good,0.000,2.54,0,0,0,0,9.03,2,0.0,,,
3330,3.5640,-0.1181,-0.2385,2.805,good,0.094,1.77,0,0,0,0,17.73,2,0.0,,,
3337,3.5680,-0.1183,-0.1741,2.978,good,0.000,3.06,0,0,0,0,13.29,2,0.0,,,
3338,3.5680,-0.1172,0.0105,2.946,good,0.000,3.47,0,0,0,0,13.73,2,0.0,,,
3332,3.5720,-0.1143,-0.0693,3.000,faded,0.972,3.67,1,1,1,0,11.45,3,3.2,23|22,3263,3263
3333,3.5720,-0.1150,0.0766,2.790,faded,0.802,3.85,1,1,1,0,17.06,3,3.2,41|42,3262,
3334,3.5720,-0.1151,0.1134,2.856,good,0.039,5.81,0,0,0,0,15.33,3,0.0,,,
3335,3.5720,-0.1244,0.2175,2.927,good,0.014,2.99,0,0,0,0,12.67,2,0.0,,,
3336,3.5720,-0.1096,-0.1475,2.989,good,0.017,1.86,0,0,0,0,10.14,3,0.0,,,
3340,3.5720,-0.1190,0.0060,2.999,good,0.020,2.76,0,0,0,0,13.02,2,0.0,,,
3341,3.5720,-0.1141,0.2096,3.431,good,0.048,8.48,0,0,0,0,2.40,2,0.0,,,
3339,3.5760,-0.1093,-0.1852,2.994,good,0.000,2.10,0,0,0,0,9.92,3,0.0,,,
3342,3.5760,-0.1188,-0.1426,3.004,good,0.002,2.65,0,0,0,0,12.83,2,0.0,,,
3343,3.5760,-0.1168,0.0891,3.093,good,0.000,1.67,0,0,0,0,10.11,2,0.0,,,
3346,3.5800,-0.1197,0.1453,2.968,good,0.001,1.58,0,0,0,0,14.02,2,0.0,,,
3347,3.5800,-0.1164,-0.0796,2.997,insect,1.000,4.68,1,1,1,0,12.21,2,3.1,21|22,3265,3265
3344,3.5840,-0.1145,-0.1468,2.999,good,0.000,1.26,0,0,0,0,11.52,3,0.0,,,
3345,3.5840,-0.1201,-0.0205,2.961,good,0.000,1.61,0,0,0,0,10.35,2,0.0,,,
3349,3.5840,-0.1175,-0.1147,3.316,good,0.004,2.80,0,0,0,0,5.59,2,0.0,,,
3350,3.5840,-0.1160,0.1258,3.005,good,0.000,2.42,0,0,0,0,11.89,2,0.0,,,
3355,3.5840,-0.1083,-0.0241,3.000,good,0.000,1.59,0,0,0,0,9.42,1,0.0,,,
3348,3.5880,-0.1106,0.0107,3.006,good,0.000,2.18,0,0,0,0,10.06,3,0.0,,,
3351,3.5920,-0.1270,-0.1391,3.166,good,0.005,3.76,0,0,0,0,7.70,2,0.0,,,
3352,3.5920,-0.1132,-0.0464,3.110,good,0.029,10.75,0,0,0,0,8.54,3,0.0,,,
3353,3.5920,-0.1117,-0.1073,2.897,good,0.000,2.12,0,0,0,0,13.08,3,0.0,,,
3354,3.5920,-0.1103,-0.1571,2.997,black,1.000,48.08,1,1,1,0,10.16,3,3.2,11|12,3288,3288
3360,3.5920,-0.1199,0.0052,3.000,good,0.000,3.06,0,0,0,0,13.29,2,0.0,,,
3362,3.5920,-0.1213,-0.0397,3.000,shell,1.000,6.78,1,1,1,0,9.78,1,2.4,26|27,,
3365,3.5920,-0.1144,-0.1353,3.000,good,0.006,3.72,0,0,0,0,11.45,1,0.0,,,
3366,3.5920,-0.1027,-0.0380,3.000,broken,0.999,7.01,1,1,1,0,7.57,1,2.4,27|26,3385,
3356,3.5960,-0.1157,0.2219,3.014,good,0.000,7.54,0,0,0,0,11.56,3,0.0,,,
3357,3.5960,-0.1147,0.1432,2.960,black,1.000,46.82,1,1,1,0,12.53,3,3.2,50,3284,3284
3358,3.5960,-0.1153,0.1885,2.993,husk,1.000,70.67,1,1,1,0,11.93,3,2.4,56|55,3298,3298
3359,3.5960,-0.1118,-0.0943,2.767,good,0.000,2.26,0,0,0,0,16.53,3,0.0,,,
3361,3.5960,-0.1201,-0.1199,2.902,good,0.000,8.92,0,0,0,0,11.87,2,0.0,,,
3363,3.5960,-0.1174,-0.1112,3.398,good,0.000,2.11,0,0,0,0,3.97,2,0.0,,,
3364,3.5960,-0.1183,-0.1703,3.450,good,0.001,4.99,0,0,0,0,3.29,2,0.0,,,
3371,3.5960,-0.1085,-0.1156,3.000,good,0.000,8.90,0,0,0,0,9.51,1,0.0,,,
3367,3.6000,-0.1147,-0.1918,3.450,good,0.187,11.52,0,0,0,0,2.23,2,0.0,,,
3368,3.6000,-0.1190,-0.1007,2.758,good,0.007,2.00,0,0,0,0,19.39,2,0.0,,,
3369,3.6000,-0.1171,-0.0586,2.999,good,0.029,3.95,0,0,0,0,12.39,2,0.0,,,
3370,3.6000,-0.1166,0.0615,3.002,good,0.000,2.68,0,0,0,0,12.16,2,0.0,,,
3375,3.6040,-0.1180,0.0112,3.005,good,0.065,3.29,0,0,0,0,12.54,2,0.0,,,
3376,3.6040,-0.1175,0.2046,3.000,good,0.015,2.94,0,0,0,0,12.49,2,0.0,,,
3372,3.6080,-0.1150,-0.2046,3.021,good,0.000,2.65,0,0,0,0,11.16,3,0.0,,,
3373,3.6080,-0.1158,-0.1143,3.004,good,0.000,2.46,0,0,0,0,11.83,3,0.0,,,
3374,3.6080,-0.1105,-0.2317,3.001,sour,1.000,24.36,1,1,1,0,10.15,3,3.2,2,3308,3308
3380,3.6080,-0.1197,0.1960,3.000,good,0.002,7.57,0,0,0,0,13.24,2,0.0,,,
3377,3.6120,-0.1145,0.0237,3.059,good,0.026,2.83,0,0,0,0,10.12,3,0.0,,,
3378,3.6120,-0.1123,-0.1042,3.058,good,0.000,2.60,0,0,0,0,9.41,3,0.0,,,
3379,3.6120,-0.1086,0.1616,3.004,good,0.000,2.17,0,0,0,0,9.45,3,0.0,,,
3385,3.6120,-0.1178,0.1253,3.041,good,0.192,3.84,0,0,0,0,11.64,2,0.0,,,
3381,3.6160,-0.1154,-0.1702,3.006,black,1.000,50.76,1,1,1,0,11.67,3,3.2,10,3339,3339
3382,3.6160,-0.1157,-0.0718,2.728,good,0.000,1.93,0,0,0,0,19.05,3,0.0,,,
3383,3.6160,-0.1092,-0.0825,3.020,faded,0.999,5.10,1,1,1,0,9.25,3,3.2,21,3318,3318
3384,3.6160,-0.1091,0.0926,3.002,good,0.001,2.49,0,0,0,0,9.64,3,0.0,,,
3388,3.6160,-0.1171,0.0476,2.811,good,0.003,2.99,0,0,0,0,17.25,2,0.0,,,
3386,3.6200,-0.1111,0.1744,3.105,good,0.000,2.67,0,0,0,0,7.99,3,0.0,,,
3387,3.6200,-0.1081,0.0352,2.988,good,0.002,4.04,0,0,0,0,9.63,3,0.0,,,
3389,3.6240,-0.1136,-0.0401,3.150,good,0.000,3.90,0,0,0,0,7.80,3,0.0,,,
3390,3.6240,-0.1126,-0.1848,3.273,good,0.000,3.25,0,0,0,0,4.95,3,0.0,,,
3394,3.6240,-0.1186,0.1486,2.783,good,0.003,7.52,0,0,0,0,18.57,2,0.0,,,
3391,3.6280,-0.1129,0.0074,3.327,good,0.000,2.51,0,0,0,0,3.99,3,0.0,,,
3392,3.6280,-0.1172,0.2066,2.649,good,0.017,4.08,0,0,0,0,22.00,3,0.0,,,
3393,3.6280,-0.1120,0.2336,3.000,good,0.054,9.76,0,0,0,0,10.65,3,0.0,,,
3396,3.6280,-0.1166,-0.1836,3.204,good,0.006,9.69,0,0,0,0,7.62,2,0.0,,,
3395,3.6320,-0.1125,-0.0032,3.174,good,0.002,2.40,0,0,0,0,6.94,3,0.0,,,
3397,3.6320,-0.1086,0.2155,2.999,good,0.000,1.56,0,0,0,0,9.53,3,0.0,,,
3403,3.6320,-0.1164,-0.2135,3.172,good,0.001,3.16,0,0,0,0,8.22,2,0.0,,,
3404,3.6320,-0.1153,0.0159,3.006,good,0.001,1.96,0,0,0,0,11.64,2,0.0,,,
3398,3.6360,-0.1152,0.1429,2.987,good,0.000,2.94,0,0,0,0,12.05,3,0.0,,,
3399,3.6360,-0.1130,-0.1372,2.967,good,0.120,2.97,0,0,0,0,11.78,3,0.0,,,
3400,3.6360,-0.1062,-0.1680,3.450,insect,1.000,4.37,1,1,1,0,-0.22,3,3.1,10,3399,
3401,3.6360,-0.1102,0.1335,2.996,good,0.000,5.44,0,0,0,0,10.13,3,0.0,,,
3402,3.6360,-0.1083,0.0815,2.992,good,0.000,1.56,0,0,0,0,9.62,3,0.0,,,
3407,3.6360,-0.1172,0.1520,2.979,good,0.001,1.83,0,0,0,0,12.92,2,0.0,,,
3405,3.6400,-0.1152,-0.0803,3.000,good,0.000,3.41,0,0,0,0,11.72,3,0.0,,,
3406,3.6400,-0.1106,-0.1960,2.877,good,0.000,3.26,0,0,0,0,13.21,3,0.0,,,
3410,3.6400,-0.1154,0.0248,3.406,good,0.000,3.75,0,0,0,0,3.23,2,0.0,,,
3408,3.6440,-0.1089,0.1273,3.390,good,0.000,2.46,0,0,0,0,1.63,3,0.0,,,
3409,3.6440,-0.1084,-0.1163,2.999,faded,1.000,5.26,1,1,1,0,9.48,3,3.2,17|16,3323,3323
3412,3.6440,-0.1188,-0.1207,3.347,good,0.003,3.59,0,0,0,0,5.36,2,0.0,,,
3415,3.6440,-0.1183,-0.0240,3.003,good,0.001,2.08,0,0,0,0,12.69,2,0.0,,,
3416,3.6440,-0.1181,0.0571,3.049,good,0.001,2.14,0,0,0,0,11.53,2,0.0,,,
3411,3.6480,-0.1133,-0.0812,2.915,good,0.005,2.95,0,0,0,0,13.20,3,0.0,,,
3413,3.6480,-0.1084,-0.1477,3.001,good,0.001,7.01,0,0,0,0,9.45,3,0.0,,,
3414,3.6480,-0.1096,0.1246,2.893,good,0.000,1.89,0,0,0,0,12.46,3,0.0,,,
3417,3.6520,-0.1151,-0.0416,2.867,good,0.001,2.02,0,0,0,0,15.02,3,0.0,,,
3418,3.6520,-0.1130,-0.2097,3.053,good,0.002,2.60,0,0,0,0,9.76,3,0.0,,,
3419,3.6560,-0.1150,-0.0765,3.020,good,0.032,3.56,0,0,0,0,11.17,3,0.0,,,
3420,3.6560,-0.1166,0.2158,2.751,good,0.000,2.81,0,0,0,0,18.75,3,0.0,,,
3421,3.6560,-0.1129,0.0417,3.019,good,0.007,2.29,0,0,0,0,10.53,3,0.0,,,
3422,3.6560,-0.1121,0.1583,3.139,good,0.001,2.54,0,0,0,0,7.57,3,0.0,,,
3423,3.6560,-0.1123,-0.0175,2.996,good,0.000,3.40,0,0,0,0,10.88,3,0.0,,,
3425,3.6560,-0.1199,-0.1692,2.922,good,0.001,2.40,0,0,0,0,15.25,2,0.0,,,
3428,3.6560,-0.1036,-0.0446,3.000,good,0.001,2.01,0,0,0,0,7.87,1,0.0,,,
3424,3.6600,-0.1096,0.0755,3.002,good,0.000,2.50,0,0,0,0,9.82,3,0.0,,,
3434,3.6600,-0.1085,-0.2401,3.000,good,0.080,3.95,0,0,0,0,9.51,1,0.0,,,
3435,3.6600,-0.1028,-0.0802,3.000,good,0.037,3.11,0,0,0,0,7.61,1,0.0,,,
3426,3.6640,-0.1148,-0.1344,3.057,good,0.000,2.36,0,0,0,0,10.27,3,0.0,,,
3427,3.6640,-0.1165,-0.1774,2.334,good,0.002,2.10,0,0,0,0,32.77,3,0.0,,,
3429,3.6680,-0.1387,-0.1939,3.000,good,0.000,7.39,0,0,0,0,11.56,1,0.0,,,
3430,3.6680,-0.1185,-0.1282,2.444,good,0.001,2.93,0,0,0,0,29.38,3,0.0,,,
3431,3.6680,-0.1120,0.1373,2.998,good,0.000,3.38,0,0,0,0,10.72,3,0.0,,,
3432,3.6680,-0.1097,0.0233,2.934,good,0.001,1.71,0,0,0,0,11.45,3,0.0,,,
3433,3.6680,-0.1201,-0.1884,2.591,good,0.000,2.14,0,0,0,0,20.95,2,0.0,,,
3438,3.6680,-0.1189,0.1474,3.000,good,0.000,3.65,0,0,0,0,12.98,2,0.0,,,
3439,3.6680,-0.1174,0.0647,2.811,good,0.000,2.65,0,0,0,0,17.35,2,0.0,,,
3440,3.6680,-0.1270,-0.1980,3.000,good,0.001,5.69,0,0,0,0,11.68,1,0.0,,,
3444,3.6680,-0.1154,-0.2020,3.000,good,0.001,7.39,0,0,0,0,11.80,1,0.0,,,
3445,3.6680,-0.1097,-0.1918,3.000,good,0.000,2.03,0,0,0,0,9.91,1,0.0,,,
3436,3.6720,-0.1141,-0.0034,3.030,good,0.002,2.34,0,0,0,0,10.66,3,0.0,,,
3437,3.6720,-0.1243,0.1792,2.738,faded,0.601,4.48,1,1,1,0,17.93,2,3.2,54|55,,
3443,3.6720,-0.1161,0.1731,3.450,good,0.003,6.63,0,0,0,0,2.64,2,0.0,,,
3451,3.6720,-0.1038,-0.2061,3.000,good,0.000,7.34,0,0,0,0,7.93,1,0.0,,,
3441,3.6760,-0.1118,-0.0778,2.866,insect,1.000,4.22,1,1,1,0,13.90,3,3.1,22|21,3396,3396
3442,3.6760,-0.1082,-0.0430,3.071,good,0.000,2.51,0,0,0,0,7.80,3,0.0,,,
3449,3.6760,-0.1160,-0.1155,3.450,good,0.000,2.55,0,0,0,0,2.61,2,0.0,,,
3450,3.6760,-0.1181,0.1471,2.993,good,0.003,2.81,0,0,0,0,12.88,2,0.0,,,
3446,3.6800,-0.1161,-0.1014,3.070,good,0.017,7.31,0,0,0,0,10.37,3,0.0,,,
3447,3.6800,-0.1164,-0.2247,2.780,good,0.013,2.75,0,0,0,0,17.83,3,0.0,,,
3448,3.6800,-0.1092,0.0075,2.993,good,0.001,1.70,0,0,0,0,9.89,3,0.0,,,
3452,3.6800,-0.1190,0.2290,3.450,black,1.000,50.91,1,1,1,0,3.47,2,3.2,61,3442,
3455,3.6840,-0.1162,-0.1037,3.039,good,0.000,2.08,0,0,0,0,11.13,2,0.0,,,
3456,3.6840,-0.1159,-0.0191,3.001,good,0.000,1.78,0,0,0,0,11.94,2,0.0,,,
3453,3.6880,-0.1129,0.1551,2.779,good,0.089,6.49,0,0,0,0,16.63,3,0.0,,,
3454,3.6880,-0.1118,0.0382,3.000,good,0.000,3.35,0,0,0,0,10.61,3,0.0,,,
3459,3.6880,-0.1170,0.1467,3.450,black,0.689,21.70,1,1,1,0,2.91,2,3.2,50,3365,
3457,3.6920,-0.1158,-0.0059,3.000,good,0.001,2.40,0,0,0,0,11.92,3,0.0,,,
3458,3.6920,-0.1133,0.1039,3.081,good,0.000,2.32,0,0,0,0,9.22,3,0.0,,,
3462,3.6920,-0.1199,0.2070,2.865,sour,1.000,21.94,1,1,1,0,16.75,2,3.2,58,3357,
3463,3.6920,-0.1161,0.2161,3.056,husk,1.000,10.55,1,1,1,0,10.74,2,2.4,59,3409,3409
3464,3.6920,-0.1159,-0.0582,3.000,good,0.000,2.04,0,0,0,0,11.96,2,0.0,,,
3465,3.6920,-0.1046,0.1516,3.450,black,0.710,50.84,1,1,1,0,-0.71,2,3.1,51,3365|3378|3380|3386,
3460,3.6960,-0.1132,0.1812,3.000,good,0.000,2.23,0,0,0,0,11.05,3,0.0,,,
3461,3.6960,-0.1116,0.0648,3.000,good,0.003,7.00,0,0,0,0,10.53,3,0.0,,,
3466,3.7000,-0.1132,-0.1323,2.969,good,0.000,2.09,0,0,0,0,11.81,3,0.0,,,
3467,3.7000,-0.1118,0.1458,3.094,sour,1.000,10.12,1,1,1,0,8.45,3,3.2,50,3403,
3468,3.7000,-0.1347,-0.0436,3.000,husk,1.000,77.03,1,1,1,0,10.23,1,2.4,26,,
3470,3.7000,-0.1227,-0.0368,3.000,husk,1.000,78.22,1,1,1,0,10.24,1,2.4,27,,
3477,3.7000,-0.1108,-0.0300,3.000,husk,1.000,77.81,1,1,1,0,10.27,1,2.4,28|27,3388,
3469,3.7040,-0.1119,0.1455,2.997,black,1.000,46.44,1,1,1,0,10.72,3,3.2,50,3405,3405
3474,3.7040,-0.1190,-0.0572,2.965,good,0.000,2.55,0,0,0,0,13.86,2,0.0,,,
3475,3.7040,-0.1167,-0.1660,2.979,good,0.001,6.09,0,0,0,0,12.76,2,0.0,,,
3476,3.7040,-0.1178,-0.0823,2.990,good,0.001,2.61,0,0,0,0,12.84,2,0.0,,,
3482,3.7040,-0.1013,-0.1286,3.000,good,0.000,2.46,0,0,0,0,7.11,1,0.0,,,
3471,3.7080,-0.1121,0.0222,3.309,good,0.000,2.54,0,0,0,0,4.08,3,0.0,,,
3472,3.7080,-0.1131,0.2335,2.998,good,0.122,3.73,0,0,0,0,11.09,3,0.0,,,
3473,3.7080,-0.1092,-0.2394,3.088,good,0.066,5.98,0,0,0,0,7.75,3,0.0,,,
3480,3.7080,-0.1195,0.1512,3.002,good,0.000,1.72,0,0,0,0,13.12,2,0.0,,,
3481,3.7080,-0.1261,-0.0875,3.000,faded,0.964,4.86,1,1,1,0,11.37,1,3.2,20,,
3478,3.7120,-0.1094,-0.0302,3.056,sour,1.000,35.25,1,1,1,0,8.52,3,3.2,28|27,3421,3421
3479,3.7120,-0.1085,-0.1421,3.084,good,0.000,2.80,0,0,0,0,7.62,3,0.0,,,
3487,3.7120,-0.1192,0.0585,3.085,good,0.000,2.16,0,0,0,0,11.06,2,0.0,,,
3483,3.7160,-0.1177,0.2026,2.567,sour,1.000,18.68,1,1,1,0,24.82,3,3.2,57|58,3390,3390
3484,3.7160,-0.1149,-0.1293,2.792,good,0.100,2.85,0,0,0,0,16.97,3,0.0,,,
3485,3.7160,-0.1091,0.0163,3.011,good,0.000,3.48,0,0,0,0,9.45,3,0.0,,,
3486,3.7160,-0.1213,-0.2098,3.125,good,0.000,2.19,0,0,0,0,6.82,2,0.0,,,
3491,3.7160,-0.1182,-0.0562,3.450,stone,1.000,20.53,1,1,1,0,3.24,2,9.1,24|25|23,3461,3461
3492,3.7160,-0.1187,0.0383,3.006,good,0.011,2.68,0,0,0,0,12.75,2,0.0,,,
3497,3.7160,-0.1088,-0.2130,3.000,good,0.000,2.16,0,0,0,0,9.60,1,0.0,,,
3498,3.7160,-0.1069,0.0629,3.000,good,0.000,2.01,0,0,0,0,8.97,1,0.0,,,
3489,3.7200,-0.1141,-0.1437,2.835,sour,1.000,26.07,1,1,1,0,15.52,3,3.2,13,3408,
3490,3.7200,-0.1110,0.0311,3.000,good,0.000,3.19,0,0,0,0,10.33,3,0.0,,,
3496,3.7200,-0.1173,-0.1942,2.999,good,0.000,1.74,0,0,0,0,12.47,2,0.0,,,
3488,3.7240,-0.1206,0.1932,2.334,good,0.000,1.91,0,0,0,0,30.54,3,0.0,,,
3493,3.7240,-0.1103,0.1197,2.999,good,0.011,2.79,0,0,0,0,10.12,3,0.0,,,
3494,3.7240,-0.1332,0.1520,3.000,good,0.029,3.59,0,0,0,0,9.73,1,0.0,,,
3495,3.7240,-0.1084,-0.0619,2.961,good,0.001,2.44,0,0,0,0,10.37,3,0.0,,,
3501,3.7240,-0.1185,0.2223,2.872,good,0.206,3.11,0,0,0,0,16.06,2,0.0,,,
3502,3.7240,-0.1209,0.1489,3.000,good,0.046,3.59,0,0,0,0,9.64,1,0.0,,,
3506,3.7240,-0.1113,0.1963,3.000,good,0.002,1.72,0,0,0,0,10.44,1,0.0,,,
3507,3.7240,-0.1087,0.1459,3.000,good,0.053,3.61,0,0,0,0,9.57,1,0.0,,,
3499,3.7280,-0.1173,-0.0224,2.727,good,0.000,4.08,0,0,0,0,19.69,3,0.0,,,
3500,3.7280,-0.1149,0.1821,3.012,good,0.000,3.06,0,0,0,0,11.36,3,0.0,,,
3504,3.7280,-0.1199,0.0152,3.020,good,0.000,3.57,0,0,0,0,12.80,2,0.0,,,
3505,3.7280,-0.1159,0.1609,2.994,good,0.000,2.48,0,0,0,0,12.10,2,0.0,,,
3503,3.7320,-0.1093,0.2218,3.000,good,0.000,2.25,0,0,0,0,9.78,3,0.0,,,
3510,3.7320,-0.1198,0.2314,3.011,good,0.000,2.35,0,0,0,0,13.01,2,0.0,,,
3508,3.7360,-0.1168,-0.2363,2.915,good,0.284,5.44,0,0,0,0,14.37,3,0.0,,,
3509,3.7360,-0.1112,0.0592,3.387,good,0.000,3.97,0,0,0,0,2.36,3,0.0,,,
3515,3.7360,-0.1077,0.2347,3.000,good,0.000,2.34,0,0,0,0,9.24,1,0.0,,,
3511,3.7400,-0.1112,0.0026,2.997,broken,0.986,4.65,1,1,1,0,10.46,3,2.4,32,3422,
3514,3.7400,-0.1150,-0.1060,3.024,good,0.013,3.65,0,0,0,0,11.09,2,0.0,,,
3512,3.7440,-0.1235,0.0247,2.880,good,0.000,2.83,0,0,0,0,13.62,2,0.0,,,
3513,3.7440,-0.1233,0.1331,2.998,good,0.000,3.10,0,0,0,0,10.50,2,0.0,,,
3519,3.7440,-0.1179,-0.0178,2.949,good,0.000,2.98,0,0,0,0,13.89,2,0.0,,,
3525,3.7440,-0.1120,0.0287,3.000,good,0.000,2.50,0,0,0,0,10.68,1,0.0,,,
3526,3.7440,-0.1113,0.1369,3.000,good,0.000,2.97,0,0,0,0,10.45,1,0.0,,,
3516,3.7480,-0.1107,-0.0093,3.109,good,0.138,3.93,0,0,0,0,7.79,3,0.0,,,
3517,3.7480,-0.1100,0.1289,2.926,good,0.000,2.00,0,0,0,0,11.76,3,0.0,,,
3518,3.7480,-0.1083,-0.1707,3.058,good,0.173,3.38,0,0,0,0,8.11,3,0.0,,,
3523,3.7480,-0.1197,0.1522,3.016,faded,1.000,4.71,1,1,1,0,12.82,2,3.2,51,3457,3457
3524,3.7480,-0.1188,-0.0112,3.085,black,1.000,56.85,1,1,1,0,10.92,2,3.2,30,3447,
3520,3.7520,-0.1268,-0.1624,2.969,good,0.479,11.68,0,0,0,0,12.38,2,0.0,,,
3521,3.7520,-0.1102,0.1320,2.994,good,0.000,2.17,0,0,0,0,10.19,3,0.0,,,
3522,3.7520,-0.1085,0.1834,3.115,good,0.002,3.05,0,0,0,0,6.93,3,0.0,,,
3527,3.7520,-0.1194,0.0851,3.147,good,0.000,2.37,0,0,0,0,9.73,2,0.0,,,
3528,3.7520,-0.1186,-0.0313,3.010,good,0.000,3.02,0,0,0,0,12.61,2,0.0,,,
3529,3.7520,-0.1177,0.1176,2.682,good,0.001,4.71,0,0,0,0,21.15,2,0.0,,,
3530,3.7520,-0.1157,0.2344,3.003,good,0.003,2.31,0,0,0,0,11.81,2,0.0,,,
3535,3.7520,-0.1064,-0.0155,3.000,black,1.000,56.37,1,1,1,0,8.80,1,3.2,30|29,3447,
3531,3.7600,-0.1149,-0.0628,2.999,good,0.000,1.82,0,0,0,0,11.66,3,0.0,,,
3532,3.7600,-0.1141,-0.0802,2.784,insect,1.000,5.47,1,1,1,0,16.93,3,3.1,21,3450,
3533,3.7600,-0.1126,-0.1360,2.802,black,1.000,50.53,1,1,1,0,15.87,3,3.2,14,3484,
3534,3.7600,-0.1104,-0.1144,3.010,black,1.000,52.43,1,1,1,0,9.91,3,3.2,17,3430,3430
3539,3.7600,-0.1178,0.0853,2.804,good,0.000,2.23,0,0,0,0,17.67,2,0.0,,,
3540,3.7600,-0.1161,0.1142,2.955,good,0.000,3.22,0,0,0,0,13.12,2,0.0,,,
3541,3.7600,-0.1149,0.1635,3.060,good,0.000,3.06,0,0,0,0,10.21,2,0.0,,,
3536,3.7640,-0.1108,0.1750,3.427,good,0.354,3.98,0,0,0,0,1.50,3,0.0,,,
3537,3.7640,-0.1144,0.2142,2.974,good,0.000,2.95,0,0,0,0,12.10,3,0.0,,,
3538,3.7640,-0.1113,0.2307,2.991,good,0.004,1.67,0,0,0,0,10.63,3,0.0,,,
3543,3.7640,-0.1161,-0.0534,2.964,good,0.000,2.82,0,0,0,0,12.90,2,0.0,,,
3544,3.7640,-0.1175,-0.0140,2.965,good,0.002,2.92,0,0,0,0,13.34,2,0.0,,,
3542,3.7680,-0.1148,0.2163,2.983,good,0.047,2.43,0,0,0,0,11.99,3,0.0,,,
3545,3.7720,-0.1153,-0.1834,2.999,good,0.006,2.19,0,0,0,0,11.77,3,0.0,,,
3546,3.7720,-0.1134,-0.0449,2.998,good,0.000,2.65,0,0,0,0,11.19,3,0.0,,,
3549,3.7720,-0.1194,0.2275,2.992,good,0.000,2.20,0,0,0,0,13.34,2,0.0,,,
3547,3.7760,-0.1144,-0.1243,2.655,good,0.009,2.16,0,0,0,0,20.76,3,0.0,,,
3548,3.7760,-0.1104,-0.0157,3.042,good,0.000,1.85,0,0,0,0,9.16,3,0.0,,,
3551,3.7760,-0.1184,0.1152,3.450,good,0.000,1.91,0,0,0,0,3.31,2,0.0,,,
3552,3.7760,-0.1163,-0.2019,3.450,good,0.000,2.16,0,0,0,0,2.69,2,0.0,,,
3550,3.7800,-0.1153,0.1036,3.097,good,0.000,2.99,0,0,0,0,9.52,3,0.0,,,
3558,3.7800,-0.1177,0.0486,2.998,good,0.002,2.56,0,0,0,0,12.59,2,0.0,,,
3559,3.7800,-0.1178,0.1271,3.060,good,0.004,3.86,0,0,0,0,11.19,2,0.0,,,
3565,3.7800,-0.1041,0.1119,3.000,good,0.001,2.83,0,0,0,0,8.02,1,0.0,,,
3554,3.7840,-0.1147,0.2124,3.000,good,0.000,2.67,0,0,0,0,11.57,3,0.0,,,
3555,3.7840,-0.1144,-0.1809,2.593,broken,0.855,3.31,1,1,1,0,22.67,3,2.4,8|9,3471,
3556,3.7840,-0.1209,-0.0395,3.252,good,0.000,4.35,0,0,0,0,3.94,2,0.0,,,
3557,3.7840,-0.1089,-0.2347,2.802,broken,0.606,3.13,1,1,1,0,14.55,3,2.4,1|2,3466,3466
3564,3.7840,-0.1143,-0.0773,3.450,black,1.000,50.58,1,1,1,0,2.11,2,3.2,22|21,3462,3462
3569,3.7840,-0.1079,-0.0429,3.000,good,0.000,4.52,0,0,0,0,9.29,1,0.0,,,
3553,3.7880,-0.1109,0.0358,2.320,good,0.008,2.75,0,0,0,0,30.88,4,0.0,,,
3560,3.7880,-0.1159,0.1769,2.791,good,0.102,2.60,0,0,0,0,17.37,3,0.0,,,
3561,3.7880,-0.1136,-0.0690,3.005,good,0.000,4.10,0,0,0,0,11.07,3,0.0,,,
3562,3.7880,-0.1093,0.1991,3.002,good,0.000,3.78,0,0,0,0,9.71,3,0.0,,,
3563,3.7880,-0.1202,0.1084,3.062,good,0.003,3.39,0,0,0,0,7.92,2,0.0,,,
3567,3.7880,-0.1198,0.2169,3.025,good,0.000,2.39,0,0,0,0,12.66,2,0.0,,,
3568,3.7880,-0.1166,0.0914,2.998,good,0.000,3.00,0,0,0,0,12.23,2,0.0,,,
3577,3.7880,-0.1080,0.1039,3.000,good,0.009,3.37,0,0,0,0,9.32,1,0.0,,,
3566,3.7920,-0.1094,0.1305,3.288,good,0.009,2.64,0,0,0,0,3.69,3,0.0,,,
3570,3.7960,-0.1091,-0.2058,3.450,good,0.000,2.74,0,0,0,0,0.62,3,0.0,,,
3571,3.7960,-0.1140,-0.0210,3.000,good,0.000,2.11,0,0,0,0,11.35,3,0.0,,,
3572,3.7960,-0.1129,0.0130,2.982,faded,0.989,3.68,1,1,1,0,11.37,3,3.2,33,3481,3481
3573,3.7960,-0.1119,0.2291,3.021,good,0.078,6.34,0,0,0,0,10.15,3,0.0,,,
3574,3.7960,-0.1123,0.1156,2.997,good,0.001,3.48,0,0,0,0,10.83,3,0.0,,,
3575,3.7960,-0.1088,0.0220,3.196,faded,0.630,3.29,1,1,1,0,5.33,3,3.2,34|35,3487,3487
3576,3.7960,-0.1085,0.0332,3.036,good,0.006,7.63,0,0,0,0,8.70,3,0.0,,,
3578,3.7960,-0.1196,-0.1224,2.997,good,0.000,6.46,0,0,0,0,13.26,2,0.0,,,
3583,3.7960,-0.1150,0.2357,3.000,good,0.013,3.93,0,0,0,0,11.66,1,0.0,,,
3581,3.8000,-0.1191,0.0624,2.639,good,0.000,1.33,0,0,0,0,23.03,2,0.0,,,
3582,3.8000,-0.1153,0.1104,3.141,good,0.000,3.06,0,0,0,0,8.54,2,0.0,,,
3579,3.8040,-0.1141,0.1456,2.865,insect,1.000,8.21,1,1,1,0,14.73,3,3.1,50,3482,
3580,3.8040,-0.1103,-0.1766,3.001,good,0.225,1.74,0,0,0,0,10.09,3,0.0,,,
3587,3.8080,-0.1180,-0.0543,3.000,good,0.000,2.85,0,0,0,0,12.69,2,0.0,,,
3588,3.8080,-0.1138,-0.1299,3.172,good,0.001,2.81,0,0,0,0,7.41,2,0.0,,,
3584,3.8120,-0.1139,0.0682,2.949,sour,1.000,19.17,1,1,1,0,12.52,3,3.2,40,3521,3521
3585,3.8120,-0.1133,0.0236,2.969,good,0.000,2.92,0,0,0,0,11.85,3,0.0,,,
3586,3.8120,-0.1099,0.0112,3.097,good,0.000,2.69,0,0,0,0,7.77,3,0.0,,,
3589,3.8160,-0.1114,0.2230,3.007,good,0.000,2.34,0,0,0,0,10.29,3,0.0,,,
3591,3.8160,-0.1176,-0.1850,3.020,good,0.000,1.77,0,0,0,0,12.03,2,0.0,,,
3592,3.8160,-0.1154,0.0074,3.210,insect,0.970,6.85,1,1,1,0,7.10,2,3.1,32|33,3514|3519,
3590,3.8200,-0.1114,-0.1486,3.020,good,0.000,2.39,0,0,0,0,10.01,3,0.0,,,
3595,3.8200,-0.1185,-0.1618,3.220,good,0.009,1.44,0,0,0,0,7.86,2,0.0,,,
3596,3.8200,-0.1151,-0.0549,3.384,good,0.001,3.42,0,0,0,0,3.57,2,0.0,,,
3593,3.8240,-0.1093,0.2213,2.996,good,0.000,2.52,0,0,0,0,9.86,3,0.0,,,
3594,3.8240,-0.1087,0.0654,2.985,good,0.000,2.13,0,0,0,0,9.93,3,0.0,,,
3601,3.8240,-0.1180,-0.1177,3.204,good,0.000,2.25,0,0,0,0,8.03,2,0.0,,,
3602,3.8240,-0.1104,0.0752,3.450,good,0.000,2.82,0,0,0,0,0.98,2,0.0,,,
3607,3.8240,-0.1016,-0.0513,3.000,good,0.000,3.43,0,0,0,0,7.19,1,0.0,,,
3597,3.8280,-0.1159,-0.0210,2.987,good,0.000,2.30,0,0,0,0,12.27,3,0.0,,,
3598,3.8280,-0.1180,-0.1475,2.463,good,0.037,3.79,0,0,0,0,28.51,3,0.0,,,
3599,3.8280,-0.1086,0.0752,3.128,good,0.000,3.09,0,0,0,0,6.67,3,0.0,,,
3600,3.8280,-0.1155,-0.0856,2.032,good,0.002,7.24,0,0,0,0,46.06,3,0.0,,,
3605,3.8280,-0.1175,-0.1011,2.892,good,0.001,1.75,0,0,0,0,15.19,2,0.0,,,
3606,3.8280,-0.1219,0.2424,3.000,good,0.000,2.62,0,0,0,0,9.97,1,0.0,,,
3609,3.8280,-0.1143,0.2400,3.000,good,0.000,2.60,0,0,0,0,11.42,1,0.0,,,
3603,3.8320,-0.1156,-0.1301,2.993,good,0.000,2.30,0,0,0,0,12.05,3,0.0,,,
3604,3.8320,-0.1134,0.1518,3.028,black,1.000,50.62,1,1,1,0,10.49,3,3.2,51,3523,
3608,3.8320,-0.1196,-0.0192,3.271,good,0.000,3.41,0,0,0,0,7.14,2,0.0,,,
3616,3.8320,-0.1082,-0.1508,3.000,good,0.050,3.57,0,0,0,0,9.39,1,0.0,,,
3617,3.8320,-0.1066,0.2376,3.000,good,0.000,2.72,0,0,0,0,8.86,1,0.0,,,
3618,3.8320,-0.1074,-0.0827,3.000,good,0.000,6.49,0,0,0,0,9.14,1,0.0,,,
3613,3.8360,-0.1165,-0.1396,3.450,insect,1.000,5.68,1,1,1,0,2.76,2,3.1,14|13,3557,
3614,3.8360,-0.1194,-0.2118,3.060,shell,1.000,10.87,1,1,1,0,11.71,2,2.4,4|5,3538,3538
3615,3.8360,-0.1181,0.1646,2.951,good,0.002,2.72,0,0,0,0,13.89,2,0.0,,,
3610,3.8400,-0.1158,-0.0993,3.003,good,0.002,2.72,0,0,0,0,11.87,3,0.0,,,
3611,3.8400,-0.1135,-0.0652,2.999,good,0.005,2.53,0,0,0,0,11.18,3,0.0,,,
3612,3.8400,-0.1089,0.1566,2.991,good,0.001,2.85,0,0,0,0,9.85,3,0.0,,,
3626,3.8400,-0.1122,-0.0438,3.000,insect,0.872,6.40,1,1,1,0,10.74,1,3.2,26,3622,
3619,3.8440,-0.1387,-0.0439,3.000,insect,0.879,6.18,1,1,1,0,11.55,1,3.2,26,,
3620,3.8440,-0.1094,-0.0776,3.081,good,0.000,2.25,0,0,0,0,7.96,3,0.0,,,
3621,3.8480,-0.1134,0.0657,3.198,good,0.000,2.66,0,0,0,0,6.74,3,0.0,,,
3622,3.8480,-0.1142,0.1088,2.990,good,0.000,2.46,0,0,0,0,11.64,3,0.0,,,
3623,3.8480,-0.1134,-0.2259,3.000,good,0.018,7.99,0,0,0,0,11.14,3,0.0,,,
3624,3.8480,-0.1130,-0.0268,2.702,good,0.001,2.69,0,0,0,0,18.84,3,0.0,,,
3625,3.8480,-0.1087,0.0091,3.015,good,0.000,2.66,0,0,0,0,9.21,3,0.0,,,
3627,3.8520,-0.1140,-0.0348,3.001,good,0.002,2.81,0,0,0,0,11.33,3,0.0,,,
3631,3.8520,-0.1191,0.1145,2.909,good,0.003,3.64,0,0,0,0,15.35,2,0.0,,,
3632,3.8520,-0.1162,0.0424,2.947,good,0.000,3.22,0,0,0,0,13.36,2,0.0,,,
3628,3.8560,-0.1284,0.1718,2.189,good,0.001,4.96,0,0,0,0,40.34,2,0.0,,,
3629,3.8560,-0.1106,0.0480,3.002,good,0.000,2.65,0,0,0,0,10.16,3,0.0,,,
3630,3.8560,-0.1091,0.2290,3.000,good,0.399,3.36,0,0,0,0,9.69,3,0.0,,,
3636,3.8560,-0.1154,-0.0214,3.450,good,0.000,1.67,0,0,0,0,2.45,2,0.0,,,
3637,3.8560,-0.1162,0.1518,3.009,good,0.000,3.04,0,0,0,0,11.86,2,0.0,,,
3640,3.8560,-0.1197,0.1682,3.000,good,0.001,3.37,0,0,0,0,13.22,1,0.0,,,
3633,3.8600,-0.1226,-0.1216,3.450,good,0.001,2.63,0,0,0,0,0.52,2,0.0,,,
3634,3.8600,-0.1128,0.0222,2.493,good,0.001,8.75,0,0,0,0,25.37,3,0.0,,,
3635,3.8600,-0.1124,0.1555,2.977,good,0.046,3.14,0,0,0,0,11.35,3,0.0,,,
3643,3.8600,-0.1073,-0.1246,3.000,good,0.017,3.14,0,0,0,0,9.11,1,0.0,,,
3644,3.8600,-0.1037,0.0207,3.000,good,0.000,2.42,0,0,0,0,7.88,1,0.0,,,
3638,3.8640,-0.1137,-0.2107,3.101,good,0.001,1.96,0,0,0,0,8.94,3,0.0,,,
3639,3.8640,-0.1093,0.0044,2.964,faded,0.998,3.85,1,1,1,0,10.61,3,3.2,32,3550,
3642,3.8640,-0.1154,0.1062,3.072,good,0.000,2.26,0,0,0,0,10.12,2,0.0,,,
3650,3.8640,-0.1021,0.1639,3.000,good,0.009,3.41,0,0,0,0,7.37,1,0.0,,,
3641,3.8680,-0.1153,-0.2198,3.031,good,0.000,2.83,0,0,0,0,11.04,3,0.0,,,
3648,3.8680,-0.1187,-0.0207,3.001,good,0.000,2.66,0,0,0,0,12.87,2,0.0,,,
3649,3.8680,-0.1192,-0.0781,2.839,good,0.020,2.20,0,0,0,0,17.19,2,0.0,,,
3645,3.8720,-0.1143,-0.2121,3.004,insect,1.000,4.55,1,1,1,0,11.35,3,3.1,4|5,3573,3573
3646,3.8720,-0.1251,0.0500,3.130,good,0.000,3.09,0,0,0,0,7.93,2,0.0,,,
3647,3.8720,-0.1245,0.0650,3.172,good,0.000,4.36,0,0,0,0,6.77,2,0.0,,,
3656,3.8720,-0.1126,0.0542,3.000,good,0.000,3.11,0,0,0,0,10.87,1,0.0,,,
3657,3.8720,-0.1119,0.0694,3.000,good,0.002,3.82,0,0,0,0,10.62,1,0.0,,,
3651,3.8760,-0.1139,0.0235,2.982,good,0.000,4.17,0,0,0,0,11.73,3,0.0,,,
3652,3.8760,-0.1105,0.0342,2.846,good,0.000,1.97,0,0,0,0,13.95,3,0.0,,,
3653,3.8800,-0.1225,0.1433,2.744,good,0.000,3.77,0,0,0,0,17.08,2,0.0,,,
3654,3.8800,-0.1090,0.1141,2.995,good,0.000,2.00,0,0,0,0,9.76,3,0.0,,,
3655,3.8800,-0.1109,-0.0069,2.794,good,0.002,3.06,0,0,0,0,15.47,3,0.0,,,
3663,3.8800,-0.1167,0.1648,3.050,good,0.000,3.50,0,0,0,0,11.04,2,0.0,,,
3669,3.8800,-0.1115,0.1385,3.000,good,0.000,4.16,0,0,0,0,10.51,1,0.0,,,
3658,3.8840,-0.1130,0.1404,3.195,good,0.000,2.42,0,0,0,0,6.65,3,0.0,,,
3659,3.8840,-0.1130,-0.0835,3.034,good,0.018,4.55,0,0,0,0,10.20,3,0.0,,,
3660,3.8840,-0.1129,-0.1713,3.057,husk,1.000,17.18,1,1,1,0,9.64,3,2.4,10|9,3587,
3661,3.8840,-0.1248,-0.1959,2.316,good,0.000,5.08,0,0,0,0,33.08,2,0.0,,,
3662,3.8840,-0.1103,0.0263,3.126,sour,1.000,26.28,1,1,1,0,7.26,3,3.2,35,3593,
3665,3.8840,-0.1185,-0.2012,3.450,black,0.791,46.86,1,1,1,0,3.32,2,3.2,6,3561|3570,
3666,3.8840,-0.1193,0.2002,2.969,black,0.971,20.44,1,1,1,0,13.84,2,3.2,57,3582|3598,3582|3598
3667,3.8840,-0.1169,0.2394,2.952,good,0.012,3.32,0,0,0,0,13.45,2,0.0,,,
3668,3.8840,-0.1186,-0.1785,2.923,good,0.000,2.80,0,0,0,0,14.79,2,0.0,,,
3664,3.8880,-0.1158,0.1366,3.004,good,0.000,2.33,0,0,0,0,11.83,3,0.0,,,
3670,3.8880,-0.1175,0.0490,3.143,good,0.210,6.03,0,0,0,0,9.20,2,0.0,,,
3671,3.8880,-0.1287,-0.1373,3.000,good,0.002,2.59,0,0,0,0,12.23,1,0.0,,,
3676,3.8880,-0.1154,-0.1412,3.000,good,0.004,2.64,0,0,0,0,11.82,1,0.0,,,
3675,3.8920,-0.1161,-0.0526,3.450,good,0.001,1.66,0,0,0,0,2.64,2,0.0,,,
3682,3.8920,-0.1022,-0.1451,3.000,good,0.003,2.72,0,0,0,0,7.41,1,0.0,,,
3672,3.8960,-0.1150,-0.1088,3.087,good,0.017,3.79,0,0,0,0,9.66,3,0.0,,,
3673,3.8960,-0.1145,0.0570,3.100,good,0.000,6.21,0,0,0,0,9.21,3,0.0,,,
3674,3.8960,-0.1088,-0.2145,3.000,good,0.001,2.75,0,0,0,0,9.59,3,0.0,,,
3680,3.8960,-0.1183,0.0242,3.450,good,0.024,3.59,0,0,0,0,3.29,2,0.0,,,
3677,3.9000,-0.1148,0.1246,3.050,good,0.000,1.58,0,0,0,0,10.42,3,0.0,,,
3678,3.9000,-0.1120,0.0548,2.919,good,0.000,2.61,0,0,0,0,12.64,3,0.0,,,
3679,3.9000,-0.1092,-0.1192,2.994,good,0.001,3.31,0,0,0,0,9.88,3,0.0,,,
3681,3.9000,-0.1114,0.0367,2.696,good,0.000,2.56,0,0,0,0,18.40,3,0.0,,,
3685,3.9000,-0.1193,0.1114,3.000,good,0.000,2.85,0,0,0,0,13.08,2,0.0,,,
3686,3.9000,-0.1161,-0.1656,3.027,good,0.001,1.60,0,0,0,0,11.37,2,0.0,,,
3683,3.9040,-0.1063,-0.1417,3.450,good,0.001,10.04,0,0,0,0,-0.22,3,0.0,,,
3684,3.9040,-0.1059,0.0653,3.450,good,0.051,5.18,0,0,0,0,-0.31,3,0.0,,,
3690,3.9040,-0.1186,-0.0408,2.975,good,0.003,2.24,0,0,0,0,13.48,2,0.0,,,
3691,3.9040,-0.1170,0.0940,3.255,good,0.000,2.86,0,0,0,0,6.65,2,0.0,,,
3694,3.9040,-0.1155,-0.1444,3.000,good,0.002,2.88,0,0,0,0,11.83,1,0.0,,,
3687,3.9080,-0.1127,0.0242,2.998,good,0.004,3.01,0,0,0,0,10.95,3,0.0,,,
3688,3.9080,-0.1127,0.0419,3.063,good,0.000,1.48,0,0,0,0,9.45,3,0.0,,,
3689,3.9080,-0.1078,-0.0793,3.071,good,0.000,2.09,0,0,0,0,7.66,3,0.0,,,
3693,3.9080,-0.1180,-0.1155,3.078,good,0.000,3.03,0,0,0,0,10.83,2,0.0,,,
3696,3.9080,-0.1190,-0.0036,3.000,good,0.001,2.74,0,0,0,0,13.01,1,0.0,,,
3692,3.9120,-0.1151,-0.0121,2.405,good,0.000,5.26,0,0,0,0,29.45,3,0.0,,,
3702,3.9120,-0.1071,0.0015,3.000,good,0.002,2.95,0,0,0,0,9.03,1,0.0,,,
3700,3.9160,-0.1311,-0.1740,3.000,good,0.003,3.19,0,0,0,0,13.05,1,0.0,,,
3701,3.9160,-0.1159,0.1781,3.005,good,0.000,3.97,0,0,0,0,11.86,2,0.0,,,
3695,3.9200,-0.1199,-0.0648,1.800,good,0.020,7.14,0,0,0,0,62.15,4,0.0,,,
3697,3.9200,-0.1131,0.0408,2.994,good,0.000,2.78,0,0,0,0,11.19,3,0.0,,,
3698,3.9200,-0.1114,-0.1107,2.986,insect,1.000,5.87,1,1,1,0,10.79,3,3.1,17|18,3642,3642
3699,3.9200,-0.1090,-0.0374,2.886,insect,1.000,7.61,1,1,1,0,12.41,3,3.1,27,3614,
3706,3.9200,-0.1159,0.1339,2.985,sour,1.000,15.23,1,1,1,0,12.33,2,3.2,49|48,3626,3626
3707,3.9200,-0.1204,-0.1770,3.000,good,0.003,3.22,0,0,0,0,9.45,1,0.0,,,
3711,3.9200,-0.1096,-0.1799,3.000,good,0.006,3.19,0,0,0,0,9.86,1,0.0,,,
3703,3.9240,-0.1137,-0.1267,3.042,good,0.117,3.47,0,0,0,0,10.24,3,0.0,,,
3704,3.9240,-0.1122,0.2239,2.908,good,0.015,4.62,0,0,0,0,12.99,3,0.0,,,
3705,3.9240,-0.1110,-0.0819,3.074,good,0.009,3.96,0,0,0,0,8.63,3,0.0,,,
3710,3.9240,-0.1200,-0.0510,3.002,good,0.001,3.00,0,0,0,0,13.28,2,0.0,,,
3708,3.9280,-0.1113,0.0464,2.830,good,0.001,2.93,0,0,0,0,14.67,3,0.0,,,
3709,3.9280,-0.1090,0.2339,2.771,good,0.000,4.01,0,0,0,0,15.43,3,0.0,,,
3713,3.9280,-0.1169,-0.0763,3.450,good,0.003,4.29,0,0,0,0,2.88,2,0.0,,,
3714,3.9280,-0.1181,0.0923,3.101,good,0.002,2.76,0,0,0,0,10.33,2,0.0,,,
3715,3.9280,-0.1158,0.0605,3.000,good,0.004,3.07,0,0,0,0,11.92,2,0.0,,,
3716,3.9280,-0.1157,-0.0188,3.058,good,0.345,3.08,0,0,0,0,10.55,2,0.0,,,
3712,3.9320,-0.1159,0.0879,2.921,good,0.000,2.25,0,0,0,0,13.89,3,0.0,,,
3718,3.9320,-0.1183,-0.1125,3.003,good,0.000,2.21,0,0,0,0,12.70,2,0.0,,,
3719,3.9320,-0.1192,0.0210,2.999,good,0.002,3.03,0,0,0,0,13.11,2,0.0,,,
3717,3.9360,-0.1087,-0.1576,2.968,good,0.000,2.97,0,0,0,0,10.32,3,0.0,,,
3724,3.9360,-0.1179,0.0052,2.959,good,0.000,2.34,0,0,0,0,13.62,2,0.0,,,
3720,3.9400,-0.1153,-0.0350,3.084,good,0.000,2.84,0,0,0,0,9.81,3,0.0,,,
3721,3.9400,-0.1117,-0.2057,3.450,good,0.013,3.70,0,0,0,0,1.36,3,0.0,,,
3722,3.9400,-0.1098,-0.1150,3.013,good,0.004,2.65,0,0,0,0,9.62,3,0.0,,,
3723,3.9400,-0.1102,0.1061,3.111,good,0.000,2.45,0,0,0,0,7.55,3,0.0,,,
3728,3.9400,-0.1157,-0.0468,2.887,good,0.189,7.16,0,0,0,0,14.73,2,0.0,,,
3725,3.9440,-0.1125,0.1725,2.993,insect,1.000,7.84,1,1,0,0,11.01,3,3.1,54|53,3649,
3726,3.9440,-0.1105,0.2162,3.002,good,0.087,6.33,0,0,0,0,10.12,3,0.0,,,
3727,3.9440,-0.1101,0.1188,2.932,good,0.000,2.32,0,0,0,0,11.65,3,0.0,,,
3729,3.9480,-0.1150,0.1923,2.997,good,0.000,1.82,0,0,0,0,11.75,3,0.0,,,
3730,3.9480,-0.1151,-0.1576,2.997,good,0.001,2.82,0,0,0,0,11.79,3,0.0,,,
3731,3.9480,-0.1121,-0.1271,2.999,faded,0.973,3.36,1,1,0,0,10.70,3,3.2,15,3646,
3732,3.9480,-0.1098,0.1431,2.712,good,0.000,3.12,0,0,0,0,17.35,3,0.0,,,
3735,3.9480,-0.1193,-0.1048,3.004,good,0.031,6.16,0,0,0,0,13.00,2,0.0,,,
3737,3.9480,-0.1147,0.1152,3.163,good,0.000,2.79,0,0,0,0,7.88,2,0.0,,,
3733,3.9520,-0.1153,0.1814,3.045,good,0.003,3.25,0,0,0,0,10.69,3,0.0,,,
3734,3.9520,-0.1112,-0.1354,3.450,broken,0.999,10.70,1,1,0,0,1.21,3,2.4,14,3695,
3736,3.9520,-0.1090,-0.0353,3.007,good,0.000,2.53,0,0,0,0,9.49,3,0.0,,,
3740,3.9520,-0.1182,0.0298,3.056,good,0.000,4.37,0,0,0,0,11.38,2,0.0,,,
3738,3.9560,-0.1103,-0.1490,2.871,good,0.006,3.08,0,0,0,0,13.26,3,0.0,,,
3739,3.9560,-0.1089,-0.0267,3.001,good,0.000,1.73,0,0,0,0,9.63,3,0.0,,,
3744,3.9560,-0.1141,-0.0877,3.326,good,0.002,3.15,0,0,0,0,4.38,2,0.0,,,
3752,3.9560,-0.1190,0.1881,3.000,insect,0.805,8.78,1,1,0,0,13.01,1,3.1,56|55,3657,
3741,3.9600,-0.1392,-0.1532,3.000,stone,1.000,5.29,1,1,0,0,11.72,1,9.1,12|11|13,,
3742,3.9600,-0.1323,0.1847,3.000,insect,0.775,7.54,1,1,0,0,9.43,1,3.1,55,,
3743,3.9600,-0.1100,-0.2180,2.652,good,0.004,3.46,0,0,0,0,19.18,3,0.0,,,
3748,3.9600,-0.1199,0.1956,2.996,good,0.000,2.02,0,0,0,0,13.41,2,0.0,,,
3749,3.9600,-0.1184,-0.0106,3.081,good,0.035,3.08,0,0,0,0,10.88,2,0.0,,,
3750,3.9600,-0.1159,-0.0668,3.090,good,0.000,3.04,0,0,0,0,9.87,2,0.0,,,
3751,3.9600,-0.1247,-0.1581,3.000,stone,1.000,5.29,1,1,0,0,10.89,1,9.1,11|12|10,,
3756,3.9600,-0.1102,-0.1630,3.000,stone,1.000,17.09,1,1,0,0,10.05,1,9.1,11|10|12,3686,
3757,3.9600,-0.1058,0.1914,3.000,good,0.312,8.52,0,0,0,0,8.59,1,0.0,,,
3745,3.9640,-0.1120,-0.1490,3.088,good,0.001,2.73,0,0,0,0,8.66,3,0.0,,,
3746,3.9640,-0.1140,0.0071,2.957,faded,0.898,3.80,1,1,0,0,12.38,3,3.2,32|33,3678,
3747,3.9640,-0.1138,-0.2161,2.791,good,0.000,3.32,0,0,0,0,16.62,3,0.0,,,
3755,3.9640,-0.1176,-0.1107,2.967,good,0.000,2.41,0,0,0,0,13.33,2,0.0,,,
3753,3.9680,-0.1272,-0.0223,3.064,insect,1.000,6.57,1,1,0,0,10.17,2,3.1,29|28,,
3754,3.9680,-0.1085,0.1675,3.006,good,0.000,3.52,0,0,0,0,9.37,3,0.0,,,
3759,3.9680,-0.1177,0.0435,3.001,good,0.000,2.73,0,0,0,0,12.54,2,0.0,,,
3760,3.9680,-0.1162,-0.0956,2.985,good,0.056,3.46,0,0,0,0,12.46,2,0.0,,,
3765,3.9680,-0.1150,-0.0254,3.000,insect,1.000,6.55,1,1,0,0,11.67,1,3.1,28,3682,
3766,3.9680,-0.1027,-0.2192,3.000,good,0.000,2.61,0,0,0,0,7.56,1,0.0,,,
3758,3.9720,-0.1343,0.0008,3.000,good,0.007,7.03,0,0,0,0,10.11,1,0.0,,,
3762,3.9720,-0.1164,-0.1321,2.933,good,0.004,2.50,0,0,0,0,13.79,2,0.0,,,
3763,3.9720,-0.1119,-0.0022,2.998,good,0.000,6.26,0,0,0,0,10.66,2,0.0,,,
3764,3.9720,-0.1126,0.0075,2.461,good,0.001,2.22,0,0,0,0,26.38,2,0.0,,,
3761,3.9760,-0.1156,-0.1038,3.102,good,0.017,1.80,0,0,0,0,9.51,3,0.0,,,
3768,3.9760,-0.1199,-0.0976,3.338,good,0.014,3.53,0,0,0,0,5.89,2,0.0,,,
3773,3.9760,-0.1027,0.0111,3.000,good,0.001,2.07,0,0,0,0,7.55,1,0.0,,,
3767,3.9800,-0.1107,0.0937,2.999,insect,1.000,5.58,1,1,0,0,10.25,3,3.1,43|44,3688,
3769,3.9800,-0.1086,-0.0650,3.083,good,0.024,2.93,0,0,0,0,7.66,3,0.0,,,
3770,3.9800,-0.1184,0.0009,3.003,good,0.002,5.62,0,0,0,0,12.72,2,0.0,,,
3771,3.9800,-0.1176,0.1373,2.967,good,0.003,7.75,0,0,0,0,13.34,2,0.0,,,
3772,3.9800,-0.1166,-0.1998,2.982,good,0.001,2.29,0,0,0,0,12.64,2,0.0,,,
3776,3.9840,-0.1155,-0.2421,3.126,good,0.000,3.05,0,0,0,0,8.96,2,0.0,,,
3777,3.9840,-0.1162,0.1300,2.977,good,0.000,2.31,0,0,0,0,12.61,2,0.0,,,
3774,3.9880,-0.1294,-0.0177,2.585,good,0.001,3.30,0,0,0,0,24.72,2,0.0,,,
3775,3.9880,-0.1130,0.1017,2.997,good,0.000,1.75,0,0,0,0,11.08,3,0.0,,,
3783,3.9880,-0.1190,-0.0225,3.000,good,0.006,3.26,0,0,0,0,13.00,1,0.0,,,
3778,3.9920,-0.1265,-0.0676,3.001,good,0.000,1.99,0,0,0,0,11.45,2,0.0,,,
3781,3.9920,-0.1192,0.0899,2.999,good,0.001,2.42,0,0,0,0,13.11,2,0.0,,,
3782,3.9920,-0.1177,0.0045,3.003,good,0.000,7.97,0,0,0,0,12.48,2,0.0,,,
3787,3.9920,-0.1145,-0.0636,3.000,good,0.000,2.00,0,0,0,0,11.49,1,0.0,,,
3779,3.9960,-0.1155,0.0859,2.993,good,0.048,3.39,0,0,0,0,12.01,3,0.0,,,
3780,3.9960,-0.1138,-0.0523,3.023,good,0.000,2.25,0,0,0,0,10.72,3,0.0,,,
