# Blender 4.5.4 LTS
# www.blender.org
o bean_broken
v -0.000012 0.000053 0.002005
v 0.000276 0.000053 0.002001
v 0.000275 0.000072 0.002011
v 0.000271 0.000090 0.001996
v 0.000266 0.000108 0.001995
v 0.000259 0.000125 0.002013
v 0.000249 0.000142 0.002020
v 0.000237 0.000158 0.002014
v 0.000223 0.000173 0.002018
v 0.000209 0.000188 0.002046
v 0.000191 0.000202 0.002046
v 0.000173 0.000214 0.002047
v 0.000153 0.000225 0.002054
v 0.000132 0.000235 0.002086
v 0.000110 0.000243 0.002075
v 0.000086 0.000250 0.002078
v 0.000062 0.000255 0.002085
v 0.000038 0.000260 0.002113
v 0.000013 0.000261 0.002092
v -0.000012 0.000262 0.002096
v -0.000037 0.000261 0.002099
v -0.000062 0.000259 0.002119
v -0.000086 0.000254 0.002089
v -0.000110 0.000249 0.002093
v -0.000134 0.000242 0.002092
v -0.000156 0.000234 0.002101
v -0.000177 0.000223 0.002066
v -0.000197 0.000213 0.002070
v -0.000216 0.000200 0.002068
v -0.000233 0.000187 0.002066
v -0.000247 0.000172 0.002033
v -0.000261 0.000157 0.002039
v -0.000273 0.000141 0.002038
v -0.000283 0.000124 0.002028
v -0.000290 0.000107 0.002004
v -0.000296 0.000089 0.002014
v -0.000299 0.000071 0.002017
v -0.000300 0.000053 0.002004
v -0.000298 0.000035 0.001994
v -0.000296 0.000017 0.002010
v -0.000290 -0.000001 0.002018
v -0.000282 -0.000018 0.002005
v -0.000273 -0.000034 0.002009
v -0.000261 -0.000051 0.002029
v -0.000248 -0.000066 0.002040
v -0.000232 -0.000080 0.002027
v -0.000215 -0.000094 0.002043
v -0.000197 -0.000106 0.002061
v -0.000177 -0.000117 0.002071
v -0.000156 -0.000126 0.002057
v -0.000134 -0.000136 0.002080
v -0.000111 -0.000143 0.002092
v -0.000087 -0.000148 0.002096
v -0.000062 -0.000151 0.002080
v -0.000037 -0.000155 0.002106
v -0.000012 -0.000156 0.002106
v 0.000013 -0.000155 0.002104
v 0.000038 -0.000152 0.002085
v 0.000062 -0.000149 0.002111
v 0.000086 -0.000143 0.002098
v 0.000110 -0.000136 0.002089
v 0.000132 -0.000128 0.002072
v 0.000153 -0.000119 0.002093
v 0.000173 -0.000107 0.002071
v 0.000191 -0.000095 0.002058
v 0.000208 -0.000081 0.002044
v 0.000224 -0.000067 0.002060
v 0.000237 -0.000052 0.002034
v 0.000249 -0.000035 0.002021
v 0.000258 -0.000018 0.002015
v 0.000266 -0.000001 0.002027
v 0.000271 0.000017 0.002004
v 0.000274 0.000035 0.001996
v 0.000563 0.000053 0.001993
v 0.000561 0.000090 0.001999
v 0.000553 0.000126 0.001984
v 0.000543 0.000162 0.001996
v 0.000528 0.000198 0.002023
v 0.000509 0.000232 0.002045
v 0.000485 0.000263 0.002054
v 0.000458 0.000294 0.002084
v 0.000429 0.000324 0.002128
v 0.000394 0.000351 0.002149
v 0.000357 0.000375 0.002166
v 0.000317 0.000397 0.002197
v 0.000276 0.000418 0.002240
v 0.000231 0.000433 0.002243
v 0.000184 0.000446 0.002257
v 0.000137 0.000457 0.002278
v 0.000088 0.000466 0.002309
v 0.000038 0.000468 0.002292
v -0.000012 0.000470 0.002301
v -0.000062 0.000468 0.002308
v -0.000112 0.000464 0.002322
v -0.000161 0.000454 0.002287
v -0.000209 0.000443 0.002291
v -0.000255 0.000429 0.002284
v -0.000300 0.000413 0.002279
v -0.000341 0.000391 0.002231
v -0.000381 0.000370 0.002228
v -0.000419 0.000346 0.002207
v -0.000453 0.000319 0.002185
v -0.000482 0.000289 0.002133
v -0.000510 0.000260 0.002125
v -0.000533 0.000228 0.002099
v -0.000552 0.000194 0.002071
v -0.000566 0.000160 0.002030
v -0.000578 0.000125 0.002030
v -0.000585 0.000089 0.002015
v -0.000587 0.000053 0.001998
v -0.000584 0.000017 0.001986
v -0.000579 -0.000018 0.002007
v -0.000568 -0.000054 0.002014
v -0.000552 -0.000087 0.002017
v -0.000532 -0.000121 0.002036
v -0.000510 -0.000153 0.002075
v -0.000483 -0.000184 0.002098
v -0.000452 -0.000212 0.002109
v -0.000418 -0.000239 0.002145
v -0.000382 -0.000264 0.002184
v -0.000342 -0.000286 0.002205
v -0.000299 -0.000304 0.002210
v -0.000255 -0.000323 0.002250
v -0.000209 -0.000337 0.002272
v -0.000161 -0.000348 0.002282
v -0.000112 -0.000355 0.002276
v -0.000062 -0.000362 0.002310
v -0.000012 -0.000364 0.002312
v 0.000038 -0.000362 0.002308
v 0.000088 -0.000357 0.002291
v 0.000137 -0.000352 0.002316
v 0.000184 -0.000340 0.002295
v 0.000231 -0.000326 0.002278
v 0.000275 -0.000309 0.002253
v 0.000318 -0.000292 0.002264
v 0.000357 -0.000269 0.002225
v 0.000394 -0.000244 0.002197
v 0.000428 -0.000217 0.002167
v 0.000460 -0.000189 0.002163
v 0.000485 -0.000157 0.002114
v 0.000508 -0.000125 0.002084
v 0.000528 -0.000091 0.002059
v 0.000544 -0.000056 0.002051
v 0.000553 -0.000020 0.002011
v 0.000560 0.000017 0.001995
v 0.000848 0.000053 0.001979
v 0.000846 0.000109 0.001981
v 0.000833 0.000163 0.001969
v 0.000818 0.000217 0.001998
v 0.000796 0.000270 0.002041
v 0.000768 0.000322 0.002085
v 0.000731 0.000369 0.002115
v 0.000692 0.000416 0.002175
v 0.000647 0.000461 0.002237
v 0.000596 0.000500 0.002275
v 0.000540 0.000535 0.002304
v 0.000481 0.000570 0.002354
v 0.000418 0.000600 0.002400
v 0.000351 0.000622 0.002408
v 0.000282 0.000642 0.002425
v 0.000210 0.000659 0.002453
v 0.000137 0.000671 0.002479
v 0.000063 0.000674 0.002461
v -0.000012 0.000676 0.002473
v -0.000087 0.000674 0.002484
v -0.000162 0.000667 0.002492
v -0.000234 0.000651 0.002457
v -0.000306 0.000636 0.002464
v -0.000376 0.000615 0.002456
v -0.000442 0.000590 0.002445
v -0.000504 0.000557 0.002393
v -0.000565 0.000526 0.002389
v -0.000620 0.000489 0.002358
v -0.000671 0.000449 0.002321
v -0.000715 0.000404 0.002253
v -0.000757 0.000361 0.002233
v -0.000792 0.000313 0.002181
v -0.000820 0.000263 0.002129
v -0.000841 0.000211 0.002066
v -0.000860 0.000160 0.002050
v -0.000869 0.000107 0.002013
v -0.000871 0.000053 0.001987
v -0.000867 0.000000 0.001972
v -0.000860 -0.000053 0.002000
v -0.000843 -0.000106 0.002013
v -0.000819 -0.000156 0.002036
v -0.000791 -0.000206 0.002075
v -0.000758 -0.000255 0.002140
v -0.000716 -0.000299 0.002179
v -0.000670 -0.000341 0.002215
v -0.000620 -0.000382 0.002270
v -0.000565 -0.000420 0.002326
v -0.000505 -0.000452 0.002351
v -0.000441 -0.000480 0.002370
v -0.000376 -0.000508 0.002416
v -0.000306 -0.000530 0.002443
v -0.000235 -0.000546 0.002448
v -0.000161 -0.000557 0.002448
v -0.000087 -0.000568 0.002484
v -0.000012 -0.000571 0.002484
v 0.000063 -0.000569 0.002476
v 0.000137 -0.000561 0.002464
v 0.000211 -0.000554 0.002490
v 0.000282 -0.000537 0.002465
v 0.000351 -0.000516 0.002447
v 0.000417 -0.000491 0.002424
v 0.000482 -0.000465 0.002432
v 0.000540 -0.000430 0.002382
v 0.000595 -0.000393 0.002348
v 0.000646 -0.000353 0.002308
v 0.000694 -0.000311 0.002290
v 0.000732 -0.000263 0.002216
v 0.000767 -0.000214 0.002168
v 0.000796 -0.000163 0.002120
v 0.000820 -0.000111 0.002088
v 0.000833 -0.000057 0.002022
v 0.000844 -0.000002 0.001994
v 0.001130 0.000053 0.001960
v 0.001127 0.000127 0.001957
v 0.001111 0.000200 0.001950
v 0.001091 0.000272 0.002003
v 0.001062 0.000343 0.002066
v 0.001024 0.000411 0.002134
v 0.000975 0.000474 0.002183
v 0.000924 0.000538 0.002269
v 0.000864 0.000596 0.002339
v 0.000796 0.000649 0.002383
v 0.000721 0.000696 0.002411
v 0.000643 0.000742 0.002466
v 0.000560 0.000781 0.002500
v 0.000470 0.000811 0.002503
v 0.000378 0.000837 0.002514
v 0.000284 0.000860 0.002543
v 0.000186 0.000875 0.002557
v 0.000087 0.000879 0.002539
v -0.000012 0.000881 0.002549
v -0.000112 0.000878 0.002563
v -0.000211 0.000867 0.002565
v -0.000307 0.000846 0.002536
v -0.000403 0.000826 0.002548
v -0.000495 0.000798 0.002546
v -0.000584 0.000763 0.002535
v -0.000666 0.000720 0.002491
v -0.000747 0.000679 0.002495
v -0.000820 0.000630 0.002465
v -0.000887 0.000577 0.002426
v -0.000946 0.000518 0.002357
v -0.001002 0.000460 0.002331
v -0.001048 0.000396 0.002261
v -0.001085 0.000331 0.002189
v -0.001113 0.000262 0.002105
v -0.001138 0.000194 0.002069
v -0.001150 0.000124 0.002007
v -0.001154 0.000053 0.001970
v -0.001148 -0.000017 0.001953
v -0.001139 -0.000088 0.001989
v -0.001115 -0.000156 0.002012
v -0.001084 -0.000224 0.002058
v -0.001046 -0.000289 0.002122
v -0.001003 -0.000354 0.002211
v -0.000947 -0.000413 0.002260
v -0.000886 -0.000469 0.002315
v -0.000820 -0.000523 0.002377
v -0.000747 -0.000574 0.002437
v -0.000667 -0.000616 0.002455
v -0.000582 -0.000654 0.002476
v -0.000495 -0.000691 0.002516
v -0.000403 -0.000720 0.002536
v -0.000307 -0.000741 0.002531
v -0.000210 -0.000757 0.002534
v -0.000112 -0.000772 0.002563
v -0.000012 -0.000776 0.002559
v 0.000087 -0.000773 0.002548
v 0.000186 -0.000765 0.002543
v 0.000284 -0.000755 0.002567
v 0.000378 -0.000732 0.002544
v 0.000470 -0.000704 0.002529
v 0.000558 -0.000672 0.002517
v 0.000644 -0.000637 0.002527
v 0.000721 -0.000590 0.002480
v 0.000795 -0.000542 0.002452
v 0.000862 -0.000488 0.002418
v 0.000925 -0.000433 0.002395
v 0.000976 -0.000368 0.002309
v 0.001022 -0.000304 0.002251
v 0.001061 -0.000236 0.002185
v 0.001093 -0.000167 0.002127
v 0.001111 -0.000093 0.002034
v 0.001125 -0.000021 0.001990
v 0.001409 0.000053 0.001934
v 0.001405 0.000146 0.001927
v 0.001384 0.000236 0.001931
v 0.001361 0.000327 0.002009
v 0.001324 0.000415 0.002093
v 0.001276 0.000500 0.002182
v 0.001216 0.000579 0.002246
v 0.001153 0.000659 0.002345
v 0.001077 0.000731 0.002407
v 0.000993 0.000797 0.002445
v 0.000900 0.000855 0.002464
v 0.000804 0.000913 0.002513
v 0.000699 0.000961 0.002529
v 0.000588 0.000998 0.002526
v 0.000473 0.001030 0.002530
v 0.000356 0.001059 0.002557
v 0.000235 0.001075 0.002558
v 0.000112 0.001081 0.002542
v -0.000012 0.001083 0.002552
v -0.000136 0.001080 0.002567
v -0.000259 0.001064 0.002563
v -0.000379 0.001038 0.002542
v -0.000498 0.001012 0.002558
v -0.000613 0.000977 0.002561
v -0.000723 0.000933 0.002551
v -0.000826 0.000881 0.002521
v -0.000926 0.000830 0.002534
v -0.001017 0.000768 0.002513
v -0.001101 0.000702 0.002479
v -0.001174 0.000629 0.002422
v -0.001244 0.000558 0.002400
v -0.001300 0.000478 0.002322
v -0.001347 0.000397 0.002238
v -0.001382 0.000312 0.002139
v -0.001414 0.000228 0.002082
v -0.001427 0.000141 0.001996
v -0.001432 0.000053 0.001946
v -0.001426 -0.000034 0.001929
v -0.001414 -0.000122 0.001974
v -0.001384 -0.000206 0.002011
v -0.001346 -0.000290 0.002083
v -0.001299 -0.000371 0.002169
v -0.001245 -0.000452 0.002275
v -0.001175 -0.000524 0.002326
v -0.001100 -0.000594 0.002388
v -0.001017 -0.000661 0.002445
v -0.000927 -0.000724 0.002497
v -0.000826 -0.000775 0.002498
v -0.000722 -0.000825 0.002518
v -0.000613 -0.000870 0.002544
v -0.000499 -0.000907 0.002556
v -0.000379 -0.000933 0.002541
v -0.000259 -0.000955 0.002547
v -0.000136 -0.000973 0.002567
v -0.000012 -0.000978 0.002560
v 0.000112 -0.000974 0.002545
v 0.000234 -0.000966 0.002549
v 0.000356 -0.000953 0.002568
v 0.000474 -0.000925 0.002547
v 0.000588 -0.000891 0.002536
v 0.000698 -0.000852 0.002536
v 0.000804 -0.000808 0.002548
v 0.000900 -0.000750 0.002510
v 0.000992 -0.000689 0.002494
v 0.001076 -0.000624 0.002473
v 0.001154 -0.000554 0.002454
v 0.001217 -0.000473 0.002371
v 0.001275 -0.000393 0.002315
v 0.001323 -0.000308 0.002239
v 0.001362 -0.000221 0.002160
v 0.001385 -0.000130 0.002042
v 0.001403 -0.000039 0.001980
v 0.001684 0.000053 0.001902
v 0.001678 0.000164 0.001891
v 0.001654 0.000272 0.001911
v 0.001626 0.000381 0.002016
v 0.001582 0.000487 0.002120
v 0.001525 0.000588 0.002222
v 0.001453 0.000683 0.002290
v 0.001378 0.000779 0.002389
v 0.001287 0.000864 0.002433
v 0.001186 0.000943 0.002459
v 0.001076 0.001013 0.002466
v 0.000961 0.001083 0.002508
v 0.000836 0.001138 0.002508
v 0.000704 0.001183 0.002502
v 0.000567 0.001221 0.002503
v 0.000427 0.001256 0.002529
v 0.000282 0.001273 0.002520
v 0.000135 0.001280 0.002509
v -0.000012 0.001282 0.002517
v -0.000160 0.001278 0.002535
v -0.000306 0.001257 0.002524
v -0.000450 0.001227 0.002511
v -0.000592 0.001196 0.002528
v -0.000729 0.001154 0.002534
v -0.000860 0.001100 0.002522
v -0.000983 0.001038 0.002506
v -0.001103 0.000977 0.002525
v -0.001211 0.000904 0.002512
v -0.001310 0.000824 0.002485
v -0.001398 0.000738 0.002446
v -0.001482 0.000653 0.002432
v -0.001549 0.000559 0.002357
v -0.001604 0.000461 0.002269
v -0.001647 0.000361 0.002163
v -0.001685 0.000261 0.002086
v -0.001700 0.000157 0.001978
v -0.001706 0.000053 0.001916
v -0.001699 -0.000051 0.001900
v -0.001685 -0.000155 0.001956
v -0.001648 -0.000255 0.002010
v -0.001604 -0.000355 0.002107
v -0.001548 -0.000451 0.002210
v -0.001483 -0.000547 0.002322
v -0.001399 -0.000632 0.002366
v -0.001310 -0.000717 0.002424
v -0.001211 -0.000796 0.002468
v -0.001103 -0.000871 0.002506
v -0.000983 -0.000932 0.002493
v -0.000859 -0.000992 0.002510
v -0.000729 -0.001046 0.002525
v -0.000592 -0.001091 0.002531
v -0.000450 -0.001120 0.002509
v -0.000306 -0.001150 0.002519
v -0.000160 -0.001171 0.002532
v -0.000012 -0.001177 0.002524
v 0.000135 -0.001173 0.002507
v 0.000282 -0.001165 0.002517
v 0.000427 -0.001149 0.002530
v 0.000567 -0.001116 0.002512
v 0.000704 -0.001076 0.002503
v 0.000836 -0.001030 0.002511
v 0.000962 -0.000977 0.002521
v 0.001076 -0.000907 0.002491
v 0.001186 -0.000836 0.002485
v 0.001287 -0.000757 0.002479
v 0.001379 -0.000673 0.002465
v 0.001454 -0.000577 0.002396
v 0.001524 -0.000481 0.002350
v 0.001582 -0.000380 0.002275
v 0.001627 -0.000275 0.002180
v 0.001654 -0.000166 0.002044
v 0.001677 -0.000057 0.001964
v 0.001953 0.000053 0.001863
v 0.001946 0.000182 0.001852
v 0.001918 0.000308 0.001891
v 0.001887 0.000435 0.002022
v 0.001834 0.000557 0.002140
v 0.001768 0.000674 0.002246
v 0.001686 0.000785 0.002310
v 0.001599 0.000897 0.002398
v 0.001493 0.000995 0.002421
v 0.001376 0.001087 0.002434
v 0.001248 0.001168 0.002434
v 0.001116 0.001250 0.002470
v 0.000970 0.001312 0.002459
v 0.000817 0.001365 0.002455
v 0.000659 0.001409 0.002454
v 0.000497 0.001449 0.002480
v 0.000329 0.001466 0.002465
v 0.000159 0.001475 0.002459
v -0.000012 0.001477 0.002467
v -0.000184 0.001472 0.002485
v -0.000353 0.001445 0.002469
v -0.000520 0.001412 0.002463
v -0.000684 0.001375 0.002479
v -0.000843 0.001326 0.002487
v -0.000994 0.001262 0.002471
v -0.001137 0.001192 0.002465
v -0.001276 0.001120 0.002485
v -0.001402 0.001036 0.002478
v -0.001516 0.000942 0.002457
v -0.001619 0.000845 0.002435
v -0.001716 0.000746 0.002430
v -0.001792 0.000637 0.002364
v -0.001856 0.000525 0.002279
v -0.001907 0.000410 0.002174
v -0.001950 0.000294 0.002080
v -0.001968 0.000173 0.001952
v -0.001975 0.000053 0.001879
v -0.001967 -0.000067 0.001868
v -0.001950 -0.000187 0.001937
v -0.001907 -0.000303 0.002009
v -0.001857 -0.000418 0.002127
v -0.001792 -0.000530 0.002239
v -0.001716 -0.000640 0.002345
v -0.001618 -0.000738 0.002375
v -0.001516 -0.000837 0.002425
v -0.001401 -0.000928 0.002454
v -0.001276 -0.001015 0.002479
v -0.001137 -0.001084 0.002455
v -0.000994 -0.001156 0.002473
v -0.000843 -0.001218 0.002481
v -0.000684 -0.001269 0.002483
v -0.000520 -0.001304 0.002457
v -0.000353 -0.001340 0.002474
v -0.000183 -0.001364 0.002480
v -0.000012 -0.001372 0.002472
v 0.000159 -0.001367 0.002454
v 0.000329 -0.001361 0.002470
v 0.000497 -0.001341 0.002476
v 0.000659 -0.001303 0.002460
v 0.000817 -0.001257 0.002451
v 0.000970 -0.001207 0.002465
v 0.001116 -0.001143 0.002470
v 0.001249 -0.001063 0.002446
v 0.001376 -0.000979 0.002445
v 0.001493 -0.000889 0.002450
v 0.001599 -0.000790 0.002440
v 0.001686 -0.000678 0.002387
v 0.001768 -0.000568 0.002354
v 0.001835 -0.000450 0.002287
v 0.001887 -0.000328 0.002184
v 0.001918 -0.000201 0.002037
v 0.001945 -0.000075 0.001939
v 0.002216 0.000053 0.001819
v 0.002207 0.000199 0.001810
v 0.002177 0.000342 0.001872
v 0.002142 0.000487 0.002025
v 0.002081 0.000625 0.002149
v 0.002006 0.000758 0.002248
v 0.001913 0.000884 0.002302
v 0.001815 0.001012 0.002373
v 0.001694 0.001123 0.002379
v 0.001562 0.001228 0.002384
v 0.001417 0.001321 0.002381
v 0.001268 0.001414 0.002414
v 0.001101 0.001483 0.002396
v 0.000928 0.001543 0.002394
v 0.000749 0.001593 0.002395
v 0.000565 0.001639 0.002421
v 0.000374 0.001655 0.002400
v 0.000182 0.001667 0.002399
v -0.000012 0.001668 0.002407
v -0.000206 0.001661 0.002425
v -0.000398 0.001629 0.002404
v -0.000588 0.001592 0.002405
v -0.000774 0.001549 0.002419
v -0.000954 0.001493 0.002427
v -0.001124 0.001419 0.002408
v -0.001288 0.001342 0.002411
v -0.001445 0.001260 0.002429
v -0.001588 0.001164 0.002424
v -0.001716 0.001058 0.002406
v -0.001835 0.000950 0.002400
v -0.001944 0.000837 0.002401
v -0.002030 0.000713 0.002346
v -0.002102 0.000586 0.002269
v -0.002162 0.000457 0.002171
v -0.002209 0.000325 0.002062
v -0.002229 0.000189 0.001918
v -0.002237 0.000053 0.001837
v -0.002230 -0.000083 0.001833
v -0.002209 -0.000219 0.001916
v -0.002160 -0.000350 0.002006
v -0.002104 -0.000480 0.002138
v -0.002030 -0.000607 0.002250
v -0.001944 -0.000731 0.002341
v -0.001833 -0.000841 0.002355
v -0.001718 -0.000954 0.002396
v -0.001587 -0.001057 0.002414
v -0.001445 -0.001154 0.002427
v -0.001287 -0.001233 0.002399
v -0.001126 -0.001316 0.002419
v -0.000954 -0.001385 0.002422
v -0.000774 -0.001443 0.002422
v -0.000587 -0.001483 0.002396
v -0.000399 -0.001527 0.002417
v -0.000206 -0.001552 0.002418
v -0.000012 -0.001563 0.002410
v 0.000182 -0.001558 0.002392
v 0.000375 -0.001554 0.002413
v 0.000565 -0.001529 0.002412
v 0.000749 -0.001487 0.002398
v 0.000928 -0.001435 0.002389
v 0.001102 -0.001380 0.002408
v 0.001266 -0.001305 0.002405
v 0.001418 -0.001215 0.002386
v 0.001561 -0.001120 0.002388
v 0.001696 -0.001019 0.002399
v 0.001813 -0.000904 0.002388
v 0.001913 -0.000778 0.002351
v 0.002006 -0.000652 0.002331
v 0.002082 -0.000519 0.002277
v 0.002140 -0.000379 0.002171
v 0.002177 -0.000236 0.002019
v 0.002208 -0.000093 0.001907
v 0.002472 0.000053 0.001771
v 0.002460 0.000216 0.001767
v 0.002428 0.000376 0.001853
v 0.002389 0.000537 0.002021
v 0.002321 0.000691 0.002142
v 0.002237 0.000840 0.002226
v 0.002135 0.000982 0.002268
v 0.002025 0.001125 0.002324
v 0.001889 0.001248 0.002317
v 0.001742 0.001365 0.002318
v 0.001582 0.001470 0.002316
v 0.001415 0.001574 0.002346
v 0.001228 0.001649 0.002324
v 0.001036 0.001718 0.002325
v 0.000836 0.001773 0.002328
v 0.000632 0.001823 0.002352
v 0.000419 0.001840 0.002327
v 0.000204 0.001854 0.002332
v -0.000012 0.001854 0.002340
v -0.000229 0.001845 0.002356
v -0.000443 0.001806 0.002332
v -0.000654 0.001768 0.002340
v -0.000862 0.001718 0.002352
v -0.001063 0.001655 0.002359
v -0.001252 0.001571 0.002337
v -0.001435 0.001488 0.002348
v -0.001609 0.001396 0.002362
v -0.001768 0.001289 0.002358
v -0.001911 0.001171 0.002340
v -0.002045 0.001052 0.002346
v -0.002165 0.000926 0.002350
v -0.002262 0.000788 0.002307
v -0.002342 0.000647 0.002239
v -0.002410 0.000503 0.002152
v -0.002461 0.000356 0.002033
v -0.002483 0.000205 0.001878
v -0.002492 0.000053 0.001791
v -0.002486 -0.000098 0.001797
v -0.002461 -0.000250 0.001893
v -0.002406 -0.000395 0.001999
v -0.002344 -0.000541 0.002137
v -0.002263 -0.000682 0.002242
v -0.002165 -0.000819 0.002311
v -0.002042 -0.000942 0.002313
v -0.001914 -0.001068 0.002346
v -0.001768 -0.001182 0.002355
v -0.001609 -0.001289 0.002361
v -0.001433 -0.001377 0.002332
v -0.001254 -0.001471 0.002355
v -0.001062 -0.001547 0.002354
v -0.000862 -0.001612 0.002352
v -0.000653 -0.001656 0.002327
v -0.000444 -0.001708 0.002352
v -0.000229 -0.001735 0.002347
v -0.000012 -0.001748 0.002340
v 0.000204 -0.001743 0.002323
v 0.000420 -0.001741 0.002348
v 0.000631 -0.001712 0.002339
v 0.000836 -0.001667 0.002328
v 0.001036 -0.001609 0.002320
v 0.001231 -0.001549 0.002342
v 0.001412 -0.001463 0.002332
v 0.001582 -0.001364 0.002317
v 0.001742 -0.001258 0.002320
v 0.001892 -0.001145 0.002335
v 0.002022 -0.001015 0.002321
v 0.002135 -0.000875 0.002296
v 0.002238 -0.000734 0.002287
v 0.002324 -0.000586 0.002245
v 0.002386 -0.000429 0.002141
v 0.002429 -0.000269 0.001992
v 0.002463 -0.000109 0.001867
v 0.002721 0.000053 0.001720
v 0.002706 0.000232 0.001724
v 0.002673 0.000408 0.001834
v 0.002629 0.000586 0.002007
v 0.002554 0.000755 0.002118
v 0.002461 0.000918 0.002182
v 0.002350 0.001076 0.002215
v 0.002229 0.001233 0.002256
v 0.002079 0.001368 0.002242
v 0.001917 0.001497 0.002242
v 0.001742 0.001615 0.002243
v 0.001557 0.001729 0.002269
v 0.001352 0.001810 0.002245
v 0.001141 0.001887 0.002249
v 0.000921 0.001949 0.002254
v 0.000696 0.002002 0.002275
v 0.000461 0.002018 0.002248
v 0.000226 0.002035 0.002258
v -0.000012 0.002035 0.002265
v -0.000250 0.002023 0.002279
v -0.000485 0.001978 0.002253
v -0.000719 0.001938 0.002267
v -0.000946 0.001882 0.002276
v -0.001167 0.001812 0.002282
v -0.001375 0.001719 0.002259
v -0.001578 0.001630 0.002276
v -0.001769 0.001527 0.002286
v -0.001944 0.001410 0.002283
v -0.002100 0.001280 0.002265
v -0.002249 0.001151 0.002280
v -0.002380 0.001012 0.002282
v -0.002486 0.000861 0.002250
v -0.002574 0.000705 0.002193
v -0.002651 0.000549 0.002119
v -0.002704 0.000386 0.001993
v -0.002729 0.000220 0.001832
v -0.002740 0.000053 0.001742
v -0.002734 -0.000114 0.001761
v -0.002705 -0.000280 0.001869
v -0.002645 -0.000440 0.001986
v -0.002577 -0.000600 0.002121
v -0.002488 -0.000756 0.002212
v -0.002379 -0.000905 0.002259
v -0.002244 -0.001040 0.002252
v -0.002104 -0.001178 0.002279
v -0.001944 -0.001304 0.002283
v -0.001768 -0.001420 0.002283
v -0.001575 -0.001516 0.002258
v -0.001378 -0.001621 0.002282
v -0.001167 -0.001703 0.002278
v -0.000946 -0.001774 0.002273
v -0.000717 -0.001825 0.002252
v -0.000487 -0.001883 0.002279
v -0.000250 -0.001912 0.002269
v -0.000012 -0.001927 0.002262
v 0.000225 -0.001924 0.002248
v 0.000463 -0.001924 0.002274
v 0.000695 -0.001889 0.002260
v 0.000921 -0.001841 0.002251
v 0.001140 -0.001779 0.002245
v 0.001355 -0.001713 0.002268
v 0.001554 -0.001616 0.002251
v 0.001741 -0.001508 0.002241
v 0.001918 -0.001391 0.002244
v 0.002083 -0.001267 0.002261
v 0.002224 -0.001121 0.002242
v 0.002349 -0.000969 0.002228
v 0.002463 -0.000814 0.002225
v 0.002557 -0.000650 0.002195
v 0.002624 -0.000477 0.002096
v 0.002673 -0.000302 0.001955
v 0.002711 -0.000126 0.001820
v 0.002960 0.000053 0.001668
v 0.002943 0.000247 0.001681
v 0.002909 0.000439 0.001810
v 0.002861 0.000632 0.001979
v 0.002779 0.000816 0.002074
v 0.002676 0.000994 0.002119
v 0.002558 0.001167 0.002146
v 0.002425 0.001337 0.002175
v 0.002261 0.001484 0.002158
v 0.002086 0.001625 0.002157
v 0.001896 0.001756 0.002163
v 0.001695 0.001879 0.002183
v 0.001471 0.001966 0.002159
v 0.001242 0.002051 0.002166
v 0.001004 0.002119 0.002173
v 0.000758 0.002175 0.002189
v 0.000503 0.002191 0.002163
v 0.000247 0.002210 0.002177
v -0.000012 0.002209 0.002183
v -0.000271 0.002194 0.002194
v -0.000527 0.002144 0.002168
v -0.000781 0.002102 0.002187
v -0.001028 0.002039 0.002193
v -0.001268 0.001962 0.002198
v -0.001494 0.001861 0.002175
v -0.001716 0.001767 0.002197
v -0.001923 0.001653 0.002202
v -0.002113 0.001527 0.002199
v -0.002283 0.001386 0.002182
v -0.002447 0.001248 0.002204
v -0.002586 0.001095 0.002202
v -0.002702 0.000931 0.002179
v -0.002798 0.000763 0.002133
v -0.002883 0.000593 0.002073
v -0.002939 0.000415 0.001942
v -0.002967 0.000234 0.001781
v -0.002979 0.000053 0.001692
v -0.002974 -0.000129 0.001725
v -0.002939 -0.000309 0.001840
v -0.002876 -0.000484 0.001963
v -0.002802 -0.000658 0.002087
v -0.002706 -0.000827 0.002162
v -0.002585 -0.000988 0.002188
v -0.002440 -0.001135 0.002177
v -0.002288 -0.001285 0.002201
v -0.002114 -0.001421 0.002203
v -0.001921 -0.001545 0.002197
v -0.001712 -0.001651 0.002177
v -0.001498 -0.001765 0.002201
v -0.001268 -0.001854 0.002194
v -0.001028 -0.001930 0.002188
v -0.000779 -0.001987 0.002171
v -0.000529 -0.002052 0.002198
v -0.000271 -0.002082 0.002184
v -0.000012 -0.002100 0.002177
v 0.000246 -0.002099 0.002166
v 0.000505 -0.002100 0.002192
v 0.000756 -0.002060 0.002173
v 0.001003 -0.002010 0.002167
v 0.001242 -0.001943 0.002163
v 0.001476 -0.001871 0.002185
v 0.001690 -0.001763 0.002163
v 0.001895 -0.001647 0.002159
v 0.002087 -0.001520 0.002161
v 0.002267 -0.001385 0.002178
v 0.002418 -0.001224 0.002154
v 0.002557 -0.001060 0.002150
v 0.002680 -0.000890 0.002151
v 0.002783 -0.000711 0.002130
v 0.002854 -0.000522 0.002037
v 0.002910 -0.000333 0.001908
v 0.002949 -0.000141 0.001768
v 0.003190 0.000053 0.001616
v 0.003170 0.000262 0.001638
v 0.003137 0.000469 0.001781
v 0.003082 0.000676 0.001936
v 0.002994 0.000874 0.002013
v 0.002883 0.001065 0.002041
v 0.002758 0.001254 0.002064
v 0.002613 0.001436 0.002084
v 0.002437 0.001595 0.002066
v 0.002248 0.001748 0.002066
v 0.002045 0.001891 0.002076
v 0.001827 0.002022 0.002090
v 0.001586 0.002117 0.002068
v 0.001339 0.002209 0.002076
v 0.001082 0.002283 0.002085
v 0.000817 0.002340 0.002096
v 0.000542 0.002357 0.002072
v 0.000267 0.002379 0.002088
v -0.000012 0.002377 0.002094
v -0.000291 0.002357 0.002102
v -0.000566 0.002303 0.002078
v -0.000840 0.002259 0.002100
v -0.001107 0.002190 0.002103
v -0.001365 0.002106 0.002106
v -0.001608 0.001997 0.002085
v -0.001849 0.001898 0.002111
v -0.002070 0.001775 0.002111
v -0.002275 0.001639 0.002108
v -0.002458 0.001488 0.002093
v -0.002636 0.001341 0.002119
v -0.002785 0.001175 0.002113
v -0.002910 0.001000 0.002096
v -0.003014 0.000818 0.002060
v -0.003106 0.000636 0.002015
v -0.003164 0.000443 0.001883
v -0.003195 0.000249 0.001727
v -0.003209 0.000053 0.001642
v -0.003204 -0.000143 0.001689
v -0.003164 -0.000337 0.001806
v -0.003098 -0.000526 0.001929
v -0.003018 -0.000714 0.002036
v -0.002915 -0.000897 0.002094
v -0.002783 -0.001067 0.002103
v -0.002628 -0.001227 0.002093
v -0.002465 -0.001389 0.002113
v -0.002276 -0.001534 0.002114
v -0.002068 -0.001665 0.002104
v -0.001843 -0.001781 0.002090
v -0.001614 -0.001903 0.002113
v -0.001365 -0.001998 0.002104
v -0.001106 -0.002079 0.002095
v -0.000839 -0.002144 0.002084
v -0.000569 -0.002214 0.002109
v -0.000291 -0.002245 0.002092
v -0.000012 -0.002266 0.002086
v 0.000266 -0.002267 0.002078
v 0.000545 -0.002269 0.002102
v 0.000816 -0.002225 0.002080
v 0.001081 -0.002172 0.002077
v 0.001339 -0.002101 0.002074
v 0.001591 -0.002024 0.002095
v 0.001821 -0.001904 0.002069
v 0.002043 -0.001781 0.002069
v 0.002250 -0.001644 0.002072
v 0.002444 -0.001497 0.002087
v 0.002605 -0.001321 0.002060
v 0.002757 -0.001146 0.002063
v 0.002889 -0.000962 0.002065
v 0.002999 -0.000770 0.002052
v 0.003074 -0.000566 0.001966
v 0.003137 -0.000363 0.001853
v 0.003179 -0.000156 0.001712
v 0.003409 0.000053 0.001564
v 0.003386 0.000275 0.001594
v 0.003354 0.000497 0.001744
v 0.003294 0.000717 0.001878
v 0.003200 0.000929 0.001936
v 0.003081 0.001133 0.001951
v 0.002950 0.001337 0.001974
v 0.002792 0.001529 0.001984
v 0.002604 0.001701 0.001969
v 0.002403 0.001865 0.001969
v 0.002187 0.002021 0.001982
v 0.001952 0.002158 0.001990
v 0.001695 0.002261 0.001970
v 0.001432 0.002360 0.001980
v 0.001158 0.002441 0.001990
v 0.000874 0.002498 0.001996
v 0.000580 0.002517 0.001975
v 0.000286 0.002541 0.001993
v -0.000012 0.002537 0.001999
v -0.000310 0.002512 0.002002
v -0.000604 0.002455 0.001981
v -0.000897 0.002409 0.002006
v -0.001182 0.002333 0.002006
v -0.001458 0.002243 0.002007
v -0.001718 0.002128 0.001989
v -0.001976 0.002025 0.002017
v -0.002211 0.001891 0.002013
v -0.002429 0.001746 0.002010
v -0.002626 0.001586 0.001997
v -0.002817 0.001431 0.002026
v -0.002974 0.001252 0.002015
v -0.003109 0.001066 0.002004
v -0.003219 0.000872 0.001976
v -0.003320 0.000677 0.001944
v -0.003378 0.000471 0.001817
v -0.003414 0.000262 0.001670
v -0.003428 0.000053 0.001593
v -0.003425 -0.000157 0.001652
v -0.003379 -0.000364 0.001764
v -0.003310 -0.000567 0.001880
v -0.003225 -0.000768 0.001967
v -0.003115 -0.000963 0.002012
v -0.002972 -0.001144 0.002007
v -0.002809 -0.001316 0.002001
v -0.002633 -0.001488 0.002018
v -0.002432 -0.001643 0.002018
v -0.002208 -0.001779 0.002004
v -0.001969 -0.001906 0.001996
v -0.001723 -0.002035 0.002016
v -0.001457 -0.002135 0.002007
v -0.001181 -0.002221 0.001996
v -0.000896 -0.002294 0.001990
v -0.000607 -0.002368 0.002012
v -0.000310 -0.002401 0.001994
v -0.000012 -0.002424 0.001988
v 0.000286 -0.002429 0.001985
v 0.000583 -0.002431 0.002005
v 0.000872 -0.002382 0.001981
v 0.001156 -0.002328 0.001980
v 0.001432 -0.002253 0.001980
v 0.001700 -0.002168 0.001997
v 0.001945 -0.002039 0.001970
v 0.002184 -0.001909 0.001974
v 0.002405 -0.001762 0.001977
v 0.002612 -0.001603 0.001989
v 0.002783 -0.001414 0.001961
v 0.002948 -0.001228 0.001970
v 0.003088 -0.001031 0.001972
v 0.003206 -0.000825 0.001963
v 0.003285 -0.000607 0.001886
v 0.003355 -0.000391 0.001791
v 0.003398 -0.000170 0.001652
v 0.003617 0.000053 0.001513
v 0.003592 0.000288 0.001548
v 0.003561 0.000524 0.001695
v 0.003494 0.000756 0.001804
v 0.003395 0.000980 0.001846
v 0.003269 0.001197 0.001852
v 0.003132 0.001415 0.001876
v 0.002962 0.001617 0.001878
v 0.002763 0.001800 0.001865
v 0.002550 0.001975 0.001866
v 0.002323 0.002144 0.001882
v 0.002072 0.002287 0.001883
v 0.001799 0.002398 0.001868
v 0.001520 0.002504 0.001878
v 0.001229 0.002590 0.001889
v 0.000927 0.002647 0.001889
v 0.000616 0.002669 0.001873
v 0.000304 0.002694 0.001891
v -0.000012 0.002689 0.001897
v -0.000328 0.002659 0.001896
v -0.000640 0.002599 0.001880
v -0.000951 0.002551 0.001904
v -0.001253 0.002469 0.001903
v -0.001546 0.002372 0.001901
v -0.001823 0.002253 0.001888
v -0.002097 0.002145 0.001916
v -0.002345 0.002001 0.001908
v -0.002576 0.001848 0.001905
v -0.002785 0.001680 0.001896
v -0.002989 0.001517 0.001925
v -0.003153 0.001326 0.001910
v -0.003297 0.001129 0.001903
v -0.003415 0.000923 0.001884
v -0.003522 0.000717 0.001863
v -0.003580 0.000497 0.001743
v -0.003621 0.000276 0.001612
v -0.003637 0.000053 0.001545
v -0.003634 -0.000171 0.001611
v -0.003583 -0.000390 0.001712
v -0.003513 -0.000607 0.001816
v -0.003421 -0.000820 0.001884
v -0.003305 -0.001027 0.001916
v -0.003150 -0.001217 0.001902
v -0.002980 -0.001402 0.001902
v -0.002793 -0.001583 0.001915
v -0.002579 -0.001746 0.001915
v -0.002340 -0.001888 0.001898
v -0.002089 -0.002025 0.001897
v -0.001827 -0.002160 0.001913
v -0.001545 -0.002266 0.001903
v -0.001251 -0.002355 0.001891
v -0.000950 -0.002437 0.001891
v -0.000643 -0.002514 0.001908
v -0.000328 -0.002549 0.001890
v -0.000012 -0.002574 0.001884
v 0.000304 -0.002584 0.001885
v 0.000619 -0.002584 0.001901
v 0.000926 -0.002532 0.001877
v 0.001228 -0.002476 0.001877
v 0.001520 -0.002398 0.001879
v 0.001804 -0.002305 0.001893
v 0.002064 -0.002166 0.001865
v 0.002318 -0.002030 0.001872
v 0.002553 -0.001873 0.001875
v 0.002772 -0.001703 0.001885
v 0.002953 -0.001501 0.001856
v 0.003129 -0.001306 0.001869
v 0.003277 -0.001096 0.001871
v 0.003402 -0.000877 0.001864
v 0.003485 -0.000645 0.001797
v 0.003563 -0.000417 0.001721
v 0.003605 -0.000183 0.001591
v 0.003812 0.000053 0.001462
v 0.003785 0.000300 0.001497
v 0.003755 0.000548 0.001635
v 0.003682 0.000791 0.001716
v 0.003578 0.001028 0.001745
v 0.003446 0.001256 0.001746
v 0.003303 0.001488 0.001770
v 0.003121 0.001698 0.001766
v 0.002913 0.001893 0.001757
v 0.002689 0.002079 0.001757
v 0.002451 0.002261 0.001776
v 0.002184 0.002407 0.001771
v 0.001898 0.002528 0.001760
v 0.001604 0.002640 0.001770
v 0.001297 0.002732 0.001782
v 0.000977 0.002786 0.001777
v 0.000650 0.002812 0.001766
v 0.000321 0.002838 0.001783
v -0.000012 0.002832 0.001788
v -0.000345 0.002796 0.001783
v -0.000674 0.002736 0.001773
v -0.001002 0.002684 0.001796
v -0.001320 0.002597 0.001794
v -0.001628 0.002494 0.001790
v -0.001922 0.002372 0.001781
v -0.002211 0.002258 0.001808
v -0.002471 0.002106 0.001798
v -0.002714 0.001945 0.001795
v -0.002936 0.001770 0.001789
v -0.003151 0.001599 0.001816
v -0.003322 0.001396 0.001799
v -0.003474 0.001189 0.001796
v -0.003599 0.000973 0.001783
v -0.003711 0.000755 0.001771
v -0.003770 0.000521 0.001662
v -0.003816 0.000288 0.001551
v -0.003834 0.000053 0.001497
v -0.003832 -0.000184 0.001565
v -0.003775 -0.000415 0.001648
v -0.003704 -0.000645 0.001739
v -0.003607 -0.000869 0.001788
v -0.003484 -0.001088 0.001811
v -0.003319 -0.001286 0.001791
v -0.003143 -0.001484 0.001796
v -0.002944 -0.001672 0.001806
v -0.002718 -0.001843 0.001805
v -0.002464 -0.001990 0.001786
v -0.002202 -0.002137 0.001792
v -0.001925 -0.002276 0.001803
v -0.001628 -0.002388 0.001793
v -0.001318 -0.002482 0.001780
v -0.001002 -0.002573 0.001786
v -0.000677 -0.002651 0.001797
v -0.000345 -0.002688 0.001780
v -0.000012 -0.002716 0.001774
v 0.000321 -0.002731 0.001779
v 0.000653 -0.002728 0.001790
v 0.000977 -0.002674 0.001767
v 0.001295 -0.002616 0.001769
v 0.001603 -0.002534 0.001773
v 0.001901 -0.002433 0.001781
v 0.002175 -0.002286 0.001755
v 0.002444 -0.002144 0.001765
v 0.002692 -0.001978 0.001768
v 0.002922 -0.001796 0.001773
v 0.003112 -0.001583 0.001746
v 0.003300 -0.001378 0.001763
v 0.003456 -0.001156 0.001763
v 0.003586 -0.000925 0.001757
v 0.003674 -0.000681 0.001701
v 0.003760 -0.000442 0.001643
v 0.003801 -0.000195 0.001527
v 0.003994 0.000053 0.001408
v 0.003966 0.000311 0.001441
v 0.003936 0.000571 0.001561
v 0.003857 0.000824 0.001616
v 0.003750 0.001072 0.001635
v 0.003612 0.001311 0.001633
v 0.003463 0.001555 0.001659
v 0.003269 0.001773 0.001649
v 0.003053 0.001980 0.001643
v 0.002819 0.002177 0.001644
v 0.002571 0.002369 0.001664
v 0.002289 0.002520 0.001653
v 0.001991 0.002650 0.001647
v 0.001681 0.002767 0.001656
v 0.001360 0.002864 0.001669
v 0.001024 0.002916 0.001659
v 0.000682 0.002947 0.001653
v 0.000337 0.002973 0.001669
v -0.000012 0.002966 0.001674
v -0.000361 0.002923 0.001666
v -0.000706 0.002863 0.001661
v -0.001050 0.002808 0.001681
v -0.001383 0.002717 0.001679
v -0.001706 0.002607 0.001672
v -0.002015 0.002484 0.001669
v -0.002318 0.002364 0.001693
v -0.002589 0.002204 0.001682
v -0.002843 0.002035 0.001678
v -0.003077 0.001855 0.001677
v -0.003302 0.001675 0.001701
v -0.003479 0.001461 0.001682
v -0.003640 0.001245 0.001682
v -0.003771 0.001019 0.001675
v -0.003887 0.000790 0.001669
v -0.003947 0.000544 0.001575
v -0.003998 0.000300 0.001487
v -0.004019 0.000053 0.001447
v -0.004017 -0.000196 0.001511
v -0.003955 -0.000439 0.001573
v -0.003883 -0.000681 0.001647
v -0.003780 -0.000916 0.001681
v -0.003651 -0.001145 0.001697
v -0.003476 -0.001352 0.001674
v -0.003295 -0.001561 0.001685
v -0.003085 -0.001757 0.001691
v -0.002847 -0.001934 0.001690
v -0.002579 -0.002085 0.001670
v -0.002307 -0.002242 0.001681
v -0.002016 -0.002385 0.001687
v -0.001705 -0.002502 0.001678
v -0.001381 -0.002600 0.001665
v -0.001050 -0.002700 0.001675
v -0.000709 -0.002778 0.001680
v -0.000361 -0.002818 0.001665
v -0.000012 -0.002848 0.001659
v 0.000338 -0.002869 0.001668
v 0.000685 -0.002863 0.001672
v 0.001024 -0.002808 0.001652
v 0.001358 -0.002746 0.001655
v 0.001681 -0.002662 0.001661
v 0.001991 -0.002551 0.001664
v 0.002278 -0.002397 0.001641
v 0.002561 -0.002250 0.001652
v 0.002823 -0.002076 0.001655
v 0.003061 -0.001882 0.001656
v 0.003262 -0.001659 0.001633
v 0.003460 -0.001446 0.001651
v 0.003623 -0.001212 0.001650
v 0.003758 -0.000969 0.001644
v 0.003853 -0.000714 0.001599
v 0.003944 -0.000465 0.001559
v 0.003985 -0.000206 0.001460
v 0.004162 0.000053 0.001350
v 0.004132 0.000321 0.001376
v 0.004103 0.000592 0.001474
v 0.004017 0.000854 0.001506
v 0.003907 0.001112 0.001518
v 0.003765 0.001362 0.001517
v 0.003611 0.001617 0.001541
v 0.003405 0.001841 0.001527
v 0.003183 0.002060 0.001524
v 0.002940 0.002266 0.001526
v 0.002683 0.002470 0.001545
v 0.002387 0.002625 0.001530
v 0.002077 0.002764 0.001529
v 0.001754 0.002885 0.001537
v 0.001418 0.002985 0.001550
v 0.001067 0.003034 0.001536
v 0.000712 0.003072 0.001536
v 0.000352 0.003098 0.001549
v -0.000012 0.003089 0.001554
v -0.000375 0.003039 0.001543
v -0.000735 0.002981 0.001544
v -0.001093 0.002921 0.001561
v -0.001441 0.002827 0.001558
v -0.001777 0.002712 0.001550
v -0.002103 0.002590 0.001553
v -0.002417 0.002463 0.001572
v -0.002699 0.002295 0.001560
v -0.002962 0.002119 0.001557
v -0.003208 0.001935 0.001560
v -0.003441 0.001746 0.001579
v -0.003625 0.001523 0.001561
v -0.003792 0.001298 0.001562
v -0.003930 0.001063 0.001561
v -0.004048 0.000822 0.001558
v -0.004109 0.000566 0.001480
v -0.004165 0.000312 0.001418
v -0.004190 0.000053 0.001393
v -0.004188 -0.000207 0.001447
v -0.004123 -0.000461 0.001485
v -0.004051 -0.000715 0.001544
v -0.003941 -0.000960 0.001566
v -0.003805 -0.001199 0.001576
v -0.003622 -0.001413 0.001552
v -0.003437 -0.001634 0.001567
v -0.003215 -0.001835 0.001570
v -0.002965 -0.002018 0.001568
v -0.002685 -0.002173 0.001548
v -0.002403 -0.002340 0.001564
v -0.002099 -0.002484 0.001565
v -0.001776 -0.002607 0.001557
v -0.001439 -0.002709 0.001544
v -0.001095 -0.002818 0.001558
v -0.000739 -0.002895 0.001558
v -0.000376 -0.002939 0.001545
v -0.000012 -0.002971 0.001540
v 0.000353 -0.002998 0.001551
v 0.000715 -0.002987 0.001549
v 0.001069 -0.002932 0.001533
v 0.001416 -0.002868 0.001536
v 0.001752 -0.002780 0.001544
v 0.002073 -0.002658 0.001541
v 0.002373 -0.002500 0.001523
v 0.002670 -0.002347 0.001534
v 0.002943 -0.002166 0.001537
v 0.003190 -0.001961 0.001534
v 0.003401 -0.001729 0.001515
v 0.003608 -0.001507 0.001533
v 0.003777 -0.001263 0.001531
v 0.003918 -0.001009 0.001524
v 0.004019 -0.000746 0.001490
v 0.004116 -0.000487 0.001467
v 0.004155 -0.000217 0.001389
v 0.004314 0.000053 0.001285
v 0.004284 0.000330 0.001302
v 0.004253 0.000610 0.001375
v 0.004162 0.000880 0.001388
v 0.004051 0.001148 0.001396
v 0.003905 0.001408 0.001395
v 0.003745 0.001672 0.001418
v 0.003528 0.001903 0.001400
v 0.003301 0.002132 0.001401
v 0.003051 0.002349 0.001404
v 0.002786 0.002562 0.001421
v 0.002478 0.002720 0.001404
v 0.002157 0.002870 0.001407
v 0.001820 0.002994 0.001414
v 0.001471 0.003096 0.001425
v 0.001105 0.003142 0.001409
v 0.000738 0.003187 0.001414
v 0.000365 0.003211 0.001425
v -0.000012 0.003200 0.001429
v -0.000388 0.003144 0.001416
v -0.000762 0.003089 0.001423
v -0.001132 0.003024 0.001435
v -0.001494 0.002927 0.001432
v -0.001843 0.002808 0.001423
v -0.002184 0.002688 0.001431
v -0.002509 0.002554 0.001445
v -0.002800 0.002379 0.001434
v -0.003071 0.002196 0.001431
v -0.003328 0.002008 0.001438
v -0.003567 0.001811 0.001452
v -0.003758 0.001579 0.001434
v -0.003932 0.001347 0.001436
v -0.004075 0.001104 0.001440
v -0.004192 0.000852 0.001438
v -0.004255 0.000585 0.001378
v -0.004318 0.000322 0.001342
v -0.004347 0.000053 0.001332
v -0.004345 -0.000218 0.001370
v -0.004277 -0.000482 0.001386
v -0.004204 -0.000746 0.001431
v -0.004088 -0.001001 0.001444
v -0.003945 -0.001248 0.001449
v -0.003756 -0.001470 0.001427
v -0.003567 -0.001702 0.001444
v -0.003334 -0.001908 0.001443
v -0.003073 -0.002095 0.001441
v -0.002781 -0.002253 0.001423
v -0.002490 -0.002428 0.001441
v -0.002173 -0.002573 0.001438
v -0.001841 -0.002702 0.001431
v -0.001492 -0.002810 0.001419
v -0.001136 -0.002928 0.001436
v -0.000766 -0.003002 0.001430
v -0.000390 -0.003050 0.001420
v -0.000012 -0.003084 0.001416
v 0.000367 -0.003117 0.001428
v 0.000742 -0.003100 0.001422
v 0.001109 -0.003047 0.001409
v 0.001469 -0.002979 0.001412
v 0.001817 -0.002887 0.001421
v 0.002147 -0.002753 0.001414
v 0.002460 -0.002593 0.001400
v 0.002768 -0.002435 0.001410
v 0.003053 -0.002248 0.001414
v 0.003307 -0.002031 0.001406
v 0.003528 -0.001793 0.001393
v 0.003743 -0.001563 0.001410
v 0.003918 -0.001309 0.001407
v 0.004064 -0.001046 0.001399
v 0.004174 -0.000774 0.001376
v 0.004275 -0.000506 0.001368
v 0.004311 -0.000226 0.001312
v 0.004450 0.000053 0.001209
v 0.004419 0.000338 0.001217
v 0.004385 0.000626 0.001265
v 0.004290 0.000903 0.001264
v 0.004178 0.001180 0.001269
v 0.004031 0.001449 0.001270
v 0.003864 0.001721 0.001289
v 0.003638 0.001956 0.001271
v 0.003406 0.002196 0.001274
v 0.003152 0.002423 0.001277
v 0.002880 0.002645 0.001292
v 0.002560 0.002808 0.001273
v 0.002230 0.002966 0.001280
v 0.001880 0.003092 0.001286
v 0.001517 0.003193 0.001295
v 0.001140 0.003237 0.001279
v 0.000762 0.003289 0.001288
v 0.000377 0.003312 0.001295
v -0.000012 0.003299 0.001299
v -0.000400 0.003237 0.001285
v -0.000785 0.003185 0.001296
v -0.001167 0.003114 0.001305
v -0.001541 0.003016 0.001302
v -0.001903 0.002896 0.001293
v -0.002258 0.002779 0.001304
v -0.002592 0.002637 0.001313
v -0.002891 0.002456 0.001304
v -0.003169 0.002266 0.001300
v -0.003436 0.002075 0.001311
v -0.003679 0.001868 0.001319
v -0.003877 0.001631 0.001304
v -0.004056 0.001391 0.001307
v -0.004204 0.001140 0.001314
v -0.004319 0.000878 0.001311
v -0.004384 0.000603 0.001268
v -0.004453 0.000331 0.001257
v -0.004489 0.000053 0.001262
v -0.004486 -0.000227 0.001281
v -0.004419 -0.000501 0.001277
v -0.004344 -0.000775 0.001308
v -0.004221 -0.001038 0.001315
v -0.004070 -0.001292 0.001316
v -0.003877 -0.001522 0.001297
v -0.003684 -0.001763 0.001316
v -0.003441 -0.001973 0.001312
v -0.003169 -0.002163 0.001309
v -0.002866 -0.002324 0.001294
v -0.002567 -0.002505 0.001313
v -0.002239 -0.002651 0.001306
v -0.001898 -0.002787 0.001300
v -0.001540 -0.002901 0.001291
v -0.001174 -0.003026 0.001308
v -0.000790 -0.003097 0.001298
v -0.000402 -0.003149 0.001291
v -0.000012 -0.003186 0.001287
v 0.000379 -0.003224 0.001301
v 0.000767 -0.003203 0.001290
v 0.001146 -0.003152 0.001282
v 0.001517 -0.003079 0.001284
v 0.001875 -0.002982 0.001293
v 0.002212 -0.002836 0.001282
v 0.002536 -0.002675 0.001274
v 0.002855 -0.002512 0.001282
v 0.003152 -0.002321 0.001286
v 0.003412 -0.002093 0.001275
v 0.003643 -0.001851 0.001267
v 0.003864 -0.001612 0.001282
v 0.004045 -0.001350 0.001279
v 0.004195 -0.001078 0.001269
v 0.004315 -0.000800 0.001256
v 0.004419 -0.000523 0.001260
v 0.004452 -0.000234 0.001227
v 0.004568 0.000053 0.001122
v 0.004535 0.000345 0.001120
v 0.004497 0.000639 0.001144
v 0.004400 0.000923 0.001134
v 0.004289 0.001207 0.001137
v 0.004141 0.001486 0.001141
v 0.003967 0.001763 0.001155
v 0.003733 0.002003 0.001138
v 0.003498 0.002252 0.001143
v 0.003241 0.002489 0.001147
v 0.002963 0.002719 0.001158
v 0.002635 0.002887 0.001140
v 0.002296 0.003053 0.001149
v 0.001932 0.003178 0.001154
v 0.001558 0.003278 0.001161
v 0.001169 0.003320 0.001145
v 0.000783 0.003379 0.001157
v 0.000388 0.003399 0.001162
v -0.000012 0.003385 0.001164
v -0.000410 0.003317 0.001152
v -0.000806 0.003267 0.001165
v -0.001197 0.003190 0.001170
v -0.001582 0.003094 0.001167
v -0.001956 0.002974 0.001159
v -0.002325 0.002862 0.001173
v -0.002666 0.002711 0.001177
v -0.002972 0.002524 0.001169
v -0.003255 0.002327 0.001166
v -0.003530 0.002135 0.001179
v -0.003776 0.001918 0.001182
v -0.003982 0.001676 0.001169
v -0.004165 0.001429 0.001173
v -0.004316 0.001172 0.001182
v -0.004425 0.000899 0.001178
v -0.004494 0.000618 0.001151
v -0.004570 0.000339 0.001160
v -0.004614 0.000053 0.001178
v -0.004612 -0.000236 0.001178
v -0.004546 -0.000518 0.001158
v -0.004469 -0.000802 0.001179
v -0.004339 -0.001071 0.001181
v -0.004180 -0.001330 0.001179
v -0.003985 -0.001569 0.001164
v -0.003789 -0.001818 0.001182
v -0.003536 -0.002031 0.001177
v -0.003251 -0.002222 0.001173
v -0.002939 -0.002385 0.001161
v -0.002631 -0.002571 0.001180
v -0.002295 -0.002717 0.001170
v -0.001948 -0.002860 0.001166
v -0.001583 -0.002982 0.001159
v -0.001207 -0.003114 0.001175
v -0.000811 -0.003181 0.001163
v -0.000413 -0.003237 0.001158
v -0.000012 -0.003277 0.001155
v 0.000390 -0.003320 0.001168
v 0.000789 -0.003294 0.001154
v 0.001180 -0.003245 0.001150
v 0.001559 -0.003167 0.001152
v 0.001924 -0.003063 0.001161
v 0.002266 -0.002906 0.001147
v 0.002601 -0.002745 0.001144
v 0.002930 -0.002579 0.001151
v 0.003238 -0.002384 0.001154
v 0.003504 -0.002147 0.001141
v 0.003745 -0.001903 0.001138
v 0.003970 -0.001655 0.001150
v 0.004157 -0.001386 0.001147
v 0.004312 -0.001106 0.001136
v 0.004444 -0.000824 0.001132
v 0.004549 -0.000539 0.001145
v 0.004577 -0.000241 0.001133
v 0.004667 0.000053 0.001000
v 0.004631 0.000351 0.001005
v 0.004586 0.000650 0.001015
v 0.004491 0.000939 0.001001
v 0.004381 0.001230 0.001003
v 0.004235 0.001516 0.001008
v 0.004052 0.001796 0.001018
v 0.003812 0.002041 0.001002
v 0.003576 0.002298 0.001008
v 0.003319 0.002546 0.001013
v 0.003036 0.002783 0.001020
v 0.002702 0.002957 0.001004
v 0.002354 0.003130 0.001015
v 0.001978 0.003253 0.001018
v 0.001591 0.003347 0.001023
v 0.001194 0.003388 0.001009
v 0.000800 0.003454 0.001022
v 0.000396 0.003472 0.001025
v -0.000012 0.003455 0.001026
v -0.000418 0.003384 0.001015
v -0.000822 0.003335 0.001030
v -0.001221 0.003253 0.001031
v -0.001617 0.003159 0.001029
v -0.002002 0.003042 0.001022
v -0.002385 0.002936 0.001037
v -0.002732 0.002776 0.001036
v -0.003043 0.002584 0.001031
v -0.003328 0.002380 0.001028
v -0.003610 0.002185 0.001043
v -0.003858 0.001960 0.001040
v -0.004071 0.001715 0.001032
v -0.004256 0.001462 0.001035
v -0.004408 0.001198 0.001045
v -0.004510 0.000917 0.001039
v -0.004583 0.000630 0.001025
v -0.004666 0.000346 0.001040
v -0.004721 0.000053 0.001046
v -0.004721 -0.000243 0.001041
v -0.004659 -0.000534 0.001030
v -0.004577 -0.000825 0.001043
v -0.004440 -0.001100 0.001043
v -0.004273 -0.001363 0.001038
v -0.004078 -0.001610 0.001028
v -0.003879 -0.001866 0.001044
v -0.003616 -0.002080 0.001038
v -0.003320 -0.002270 0.001033
v -0.002998 -0.002436 0.001026
v -0.002683 -0.002623 0.001042
v -0.002340 -0.002771 0.001031
v -0.001990 -0.002921 0.001028
v -0.001619 -0.003053 0.001023
v -0.001236 -0.003190 0.001037
v -0.000830 -0.003254 0.001024
v -0.000422 -0.003313 0.001021
v -0.000012 -0.003356 0.001020
v 0.000400 -0.003403 0.001031
v 0.000808 -0.003374 0.001016
v 0.001209 -0.003328 0.001015
v 0.001594 -0.003242 0.001017
v 0.001965 -0.003130 0.001024
v 0.002309 -0.002960 0.001009
v 0.002653 -0.002802 0.001010
v 0.002992 -0.002633 0.001015
v 0.003310 -0.002436 0.001017
v 0.003582 -0.002193 0.001004
v 0.003832 -0.001947 0.001006
v 0.004059 -0.001691 0.001014
v 0.004252 -0.001416 0.001011
v 0.004413 -0.001130 0.001000
v 0.004559 -0.000845 0.001003
v 0.004663 -0.000552 0.001015
v 0.004686 -0.000248 0.001006
v 0.004745 0.000053 0.000862
v 0.004705 0.000355 0.000870
v 0.004652 0.000657 0.000876
v 0.004559 0.000951 0.000864
v 0.004454 0.001247 0.000865
v 0.004310 0.001541 0.000872
v 0.004118 0.001822 0.000877
v 0.003873 0.002070 0.000864
v 0.003637 0.002335 0.000870
v 0.003383 0.002594 0.000875
v 0.003099 0.002837 0.000879
v 0.002761 0.003019 0.000866
v 0.002404 0.003196 0.000877
v 0.002015 0.003315 0.000879
v 0.001617 0.003400 0.000882
v 0.001213 0.003441 0.000871
v 0.000814 0.003512 0.000884
v 0.000403 0.003530 0.000884
v -0.000012 0.003510 0.000885
v -0.000424 0.003435 0.000876
v -0.000835 0.003387 0.000891
v -0.001240 0.003300 0.000889
v -0.001644 0.003210 0.000888
v -0.002042 0.003101 0.000882
v -0.002437 0.003000 0.000897
v -0.002788 0.002831 0.000893
v -0.003102 0.002635 0.000890
v -0.003388 0.002424 0.000888
v -0.003674 0.002226 0.000902
v -0.003922 0.001993 0.000896
v -0.004143 0.001747 0.000891
v -0.004329 0.001488 0.000894
v -0.004479 0.001219 0.000904
v -0.004570 0.000929 0.000895
v -0.004648 0.000639 0.000890
v -0.004740 0.000351 0.000899
v -0.004809 0.000053 0.000904
v -0.004813 -0.000249 0.000896
v -0.004757 -0.000548 0.000890
v -0.004669 -0.000844 0.000902
v -0.004524 -0.001124 0.000901
v -0.004349 -0.001389 0.000894
v -0.004156 -0.001645 0.000889
v -0.003953 -0.001906 0.000902
v -0.003682 -0.002121 0.000896
v -0.003373 -0.002308 0.000891
v -0.003042 -0.002475 0.000887
v -0.002719 -0.002661 0.000900
v -0.002373 -0.002810 0.000889
v -0.002022 -0.002969 0.000886
v -0.001650 -0.003112 0.000884
v -0.001260 -0.003253 0.000896
v -0.000845 -0.003313 0.000882
v -0.000430 -0.003375 0.000882
v -0.000012 -0.003422 0.000881
v 0.000408 -0.003471 0.000890
v 0.000824 -0.003442 0.000875
v 0.001233 -0.003398 0.000877
v 0.001624 -0.003304 0.000878
v 0.001995 -0.003180 0.000884
v 0.002340 -0.002999 0.000869
v 0.002692 -0.002845 0.000873
v 0.003039 -0.002675 0.000876
v 0.003367 -0.002478 0.000878
v 0.003645 -0.002229 0.000864
v 0.003904 -0.001983 0.000870
v 0.004131 -0.001720 0.000875
v 0.004330 -0.001441 0.000872
v 0.004499 -0.001150 0.000861
v 0.004659 -0.000864 0.000869
v 0.004761 -0.000563 0.000875
v 0.004777 -0.000253 0.000867
v 0.004801 0.000053 0.000721
v 0.004752 0.000358 0.000731
v 0.004689 0.000661 0.000733
v 0.004603 0.000959 0.000724
v 0.004504 0.001260 0.000725
v 0.004364 0.001559 0.000732
v 0.004163 0.001839 0.000734
v 0.003915 0.002091 0.000724
v 0.003681 0.002362 0.000730
v 0.003433 0.002631 0.000734
v 0.003151 0.002880 0.000735
v 0.002812 0.003073 0.000726
v 0.002446 0.003251 0.000735
v 0.002044 0.003362 0.000737
v 0.001635 0.003436 0.000738
v 0.001225 0.003476 0.000730
v 0.000823 0.003552 0.000742
v 0.000408 0.003570 0.000741
v -0.000012 0.003546 0.000741
v -0.000429 0.003470 0.000734
v -0.000843 0.003420 0.000748
v -0.001251 0.003329 0.000744
v -0.001664 0.003248 0.000743
v -0.002074 0.003149 0.000740
v -0.002482 0.003055 0.000753
v -0.002836 0.002878 0.000747
v -0.003150 0.002675 0.000746
v -0.003433 0.002457 0.000745
v -0.003720 0.002256 0.000757
v -0.003968 0.002016 0.000749
v -0.004196 0.001770 0.000747
v -0.004382 0.001508 0.000750
v -0.004526 0.001233 0.000759
v -0.004603 0.000935 0.000749
v -0.004687 0.000645 0.000747
v -0.004789 0.000354 0.000754
v -0.004876 0.000053 0.000759
v -0.004887 -0.000254 0.000749
v -0.004840 -0.000559 0.000748
v -0.004744 -0.000860 0.000757
v -0.004589 -0.001142 0.000756
v -0.004405 -0.001409 0.000748
v -0.004217 -0.001673 0.000747
v -0.004011 -0.001937 0.000757
v -0.003732 -0.002151 0.000750
v -0.003409 -0.002333 0.000745
v -0.003069 -0.002499 0.000745
v -0.002739 -0.002681 0.000755
v -0.002393 -0.002832 0.000744
v -0.002045 -0.003002 0.000742
v -0.001674 -0.003160 0.000743
v -0.001279 -0.003302 0.000751
v -0.000857 -0.003360 0.000738
v -0.000435 -0.003424 0.000739
v -0.000012 -0.003474 0.000740
v 0.000415 -0.003526 0.000746
v 0.000838 -0.003497 0.000733
v 0.001253 -0.003456 0.000736
v 0.001646 -0.003350 0.000737
v 0.002015 -0.003211 0.000740
v 0.002357 -0.003020 0.000727
v 0.002715 -0.002870 0.000733
v 0.003070 -0.002702 0.000734
v 0.003409 -0.002508 0.000735
v 0.003692 -0.002256 0.000723
v 0.003958 -0.002011 0.000731
v 0.004184 -0.001740 0.000733
v 0.004388 -0.001459 0.000730
v 0.004567 -0.001166 0.000721
v 0.004743 -0.000880 0.000730
v 0.004843 -0.000573 0.000732
v 0.004850 -0.000257 0.000726
v 0.004832 0.000053 0.000579
v 0.004771 0.000360 0.000589
v 0.004697 0.000662 0.000588
v 0.004621 0.000962 0.000582
v 0.004531 0.001266 0.000582
v 0.004396 0.001570 0.000590
v 0.004184 0.001846 0.000588
v 0.003936 0.002101 0.000582
v 0.003706 0.002377 0.000587
v 0.003469 0.002658 0.000591
v 0.003191 0.002914 0.000589
v 0.002854 0.003118 0.000584
v 0.002479 0.003295 0.000591
v 0.002064 0.003395 0.000593
v 0.001644 0.003453 0.000592
v 0.001231 0.003493 0.000587
v 0.000827 0.003572 0.000597
v 0.000410 0.003591 0.000595
v -0.000012 0.003564 0.000594
v -0.000431 0.003486 0.000591
v -0.000846 0.003432 0.000602
v -0.001256 0.003340 0.000598
v -0.001676 0.003269 0.000597
v -0.002099 0.003186 0.000595
v -0.002518 0.003100 0.000606
v -0.002874 0.002915 0.000600
v -0.003185 0.002705 0.000599
v -0.003463 0.002479 0.000599
v -0.003747 0.002273 0.000610
v -0.003994 0.002029 0.000601
v -0.004230 0.001785 0.000601
v -0.004413 0.001519 0.000603
v -0.004546 0.001239 0.000611
v -0.004607 0.000935 0.000600
v -0.004696 0.000646 0.000602
v -0.004811 0.000356 0.000606
v -0.004920 0.000053 0.000610
v -0.004943 -0.000258 0.000601
v -0.004906 -0.000569 0.000602
v -0.004799 -0.000872 0.000608
v -0.004633 -0.001155 0.000607
v -0.004442 -0.001421 0.000600
v -0.004261 -0.001693 0.000602
v -0.004052 -0.001958 0.000608
v -0.003764 -0.002172 0.000603
v -0.003427 -0.002345 0.000598
v -0.003078 -0.002508 0.000600
v -0.002740 -0.002681 0.000606
v -0.002397 -0.002837 0.000598
v -0.002057 -0.003019 0.000596
v -0.001691 -0.003194 0.000598
v -0.001293 -0.003337 0.000603
v -0.000866 -0.003394 0.000593
v -0.000439 -0.003457 0.000594
v -0.000012 -0.003511 0.000595
v 0.000419 -0.003564 0.000599
v 0.000848 -0.003540 0.000588
v 0.001268 -0.003499 0.000592
v 0.001660 -0.003380 0.000593
v 0.002022 -0.003222 0.000595
v 0.002359 -0.003022 0.000584
v 0.002720 -0.002877 0.000590
v 0.003083 -0.002714 0.000590
v 0.003433 -0.002524 0.000590
v 0.003723 -0.002274 0.000580
v 0.003994 -0.002029 0.000589
v 0.004216 -0.001752 0.000589
v 0.004425 -0.001470 0.000586
v 0.004617 -0.001178 0.000579
v 0.004812 -0.000892 0.000589
v 0.004908 -0.000580 0.000587
v 0.004903 -0.000260 0.000583
v 0.004837 0.000053 0.000436
v 0.004758 0.000359 0.000445
v 0.004672 0.000658 0.000441
v 0.004608 0.000960 0.000438
v 0.004531 0.001266 0.000439
v 0.004403 0.001573 0.000445
v 0.004181 0.001843 0.000441
v 0.003934 0.002101 0.000438
v 0.003710 0.002380 0.000442
v 0.003488 0.002672 0.000445
v 0.003219 0.002937 0.000442
v 0.002888 0.003155 0.000440
v 0.002503 0.003327 0.000445
v 0.002074 0.003412 0.000447
v 0.001643 0.003449 0.000444
v 0.001229 0.003489 0.000443
v 0.000827 0.003569 0.000449
v 0.000411 0.003592 0.000448
v -0.000012 0.003561 0.000447
v -0.000430 0.003482 0.000445
v -0.000843 0.003420 0.000453
v -0.001252 0.003329 0.000449
v -0.001678 0.003273 0.000449
v -0.002115 0.003211 0.000449
v -0.002545 0.003133 0.000457
v -0.002902 0.002943 0.000451
v -0.003208 0.002724 0.000451
v -0.003475 0.002489 0.000452
v -0.003753 0.002277 0.000459
v -0.003999 0.002030 0.000451
v -0.004241 0.001791 0.000453
v -0.004419 0.001522 0.000455
v -0.004537 0.001236 0.000460
v -0.004578 0.000929 0.000450
v -0.004672 0.000643 0.000454
v -0.004803 0.000355 0.000457
v -0.004939 0.000053 0.000460
v -0.004981 -0.000260 0.000451
v -0.004956 -0.000576 0.000455
v -0.004834 -0.000879 0.000458
v -0.004655 -0.001161 0.000457
v -0.004457 -0.001426 0.000450
v -0.004285 -0.001705 0.000454
v -0.004074 -0.001970 0.000458
v -0.003779 -0.002180 0.000454
v -0.003425 -0.002343 0.000450
v -0.003064 -0.002498 0.000453
v -0.002720 -0.002660 0.000456
v -0.002385 -0.002822 0.000450
v -0.002057 -0.003019 0.000449
v -0.001701 -0.003213 0.000451
v -0.001301 -0.003357 0.000453
v -0.000871 -0.003413 0.000446
v -0.000441 -0.003473 0.000447
v -0.000012 -0.003532 0.000449
v 0.000422 -0.003586 0.000450
v 0.000855 -0.003570 0.000443
v 0.001278 -0.003528 0.000446
v 0.001665 -0.003393 0.000446
v 0.002016 -0.003211 0.000447
v 0.002343 -0.003001 0.000439
v 0.002705 -0.002863 0.000445
v 0.003076 -0.002708 0.000444
v 0.003437 -0.002527 0.000444
v 0.003736 -0.002281 0.000437
v 0.004009 -0.002038 0.000444
v 0.004225 -0.001756 0.000443
v 0.004441 -0.001475 0.000441
v 0.004650 -0.001186 0.000435
v 0.004864 -0.000902 0.000444
v 0.004956 -0.000585 0.000441
v 0.004936 -0.000262 0.000439
v 0.004814 0.000053 0.000292
v 0.004708 0.000357 0.000298
v 0.004609 0.000651 0.000294
v 0.004563 0.000952 0.000293
v 0.004503 0.001260 0.000293
v 0.004382 0.001567 0.000298
v 0.004151 0.001830 0.000294
v 0.003906 0.002088 0.000293
v 0.003691 0.002369 0.000296
v 0.003489 0.002674 0.000298
v 0.003236 0.002949 0.000295
v 0.002913 0.003183 0.000295
v 0.002517 0.003346 0.000298
v 0.002073 0.003411 0.000299
v 0.001631 0.003423 0.000296
v 0.001219 0.003461 0.000296
v 0.000820 0.003542 0.000301
v 0.000408 0.003569 0.000299
v -0.000012 0.003536 0.000298
v -0.000426 0.003454 0.000298
v -0.000833 0.003383 0.000303
v -0.001239 0.003296 0.000300
v -0.001671 0.003259 0.000300
v -0.002123 0.003224 0.000301
v -0.002564 0.003156 0.000305
v -0.002921 0.002961 0.000301
v -0.003216 0.002731 0.000302
v -0.003469 0.002485 0.000302
v -0.003736 0.002266 0.000307
v -0.003981 0.002019 0.000301
v -0.004229 0.001786 0.000303
v -0.004399 0.001515 0.000304
v -0.004494 0.001224 0.000307
v -0.004513 0.000914 0.000300
v -0.004610 0.000635 0.000303
v -0.004761 0.000353 0.000305
v -0.004931 0.000053 0.000307
v -0.004999 -0.000261 0.000301
v -0.004987 -0.000581 0.000305
v -0.004849 -0.000882 0.000306
v -0.004654 -0.001161 0.000305
v -0.004450 -0.001423 0.000301
v -0.004288 -0.001708 0.000305
v -0.004076 -0.001970 0.000306
v -0.003774 -0.002177 0.000303
v -0.003401 -0.002325 0.000300
v -0.003027 -0.002468 0.000304
v -0.002676 -0.002615 0.000304
v -0.002355 -0.002785 0.000300
v -0.002045 -0.003001 0.000300
v -0.001701 -0.003217 0.000302
v -0.001303 -0.003361 0.000302
v -0.000872 -0.003416 0.000298
v -0.000441 -0.003472 0.000299
v -0.000012 -0.003534 0.000301
v 0.000423 -0.003592 0.000300
v 0.000859 -0.003587 0.000296
v 0.001283 -0.003541 0.000298
v 0.001662 -0.003386 0.000299
v 0.001995 -0.003176 0.000298
v 0.002309 -0.002956 0.000294
v 0.002668 -0.002824 0.000298
v 0.003048 -0.002683 0.000297
v 0.003421 -0.002514 0.000296
v 0.003729 -0.002277 0.000292
v 0.004001 -0.002035 0.000298
v 0.004210 -0.001749 0.000296
v 0.004432 -0.001471 0.000294
v 0.004662 -0.001189 0.000291
v 0.004899 -0.000909 0.000297
v 0.004987 -0.000588 0.000294
v 0.004946 -0.000262 0.000293
v 0.004758 0.000053 0.000146
v 0.004618 0.000352 0.000150
v 0.004506 0.000638 0.000146
v 0.004481 0.000937 0.000147
v 0.004443 0.001245 0.000147
v 0.004330 0.001551 0.000149
v 0.004091 0.001805 0.000147
v 0.003850 0.002061 0.000147
v 0.003647 0.002343 0.000148
v 0.003472 0.002662 0.000149
v 0.003242 0.002952 0.000147
v 0.002930 0.003203 0.000148
v 0.002522 0.003353 0.000149
v 0.002061 0.003391 0.000150
v 0.001608 0.003373 0.000148
v 0.001199 0.003407 0.000149
v 0.000807 0.003487 0.000150
v 0.000402 0.003522 0.000150
v -0.000012 0.003486 0.000149
v -0.000420 0.003401 0.000150
v -0.000817 0.003317 0.000152
v -0.001217 0.003237 0.000150
v -0.001653 0.003224 0.000150
v -0.002121 0.003223 0.000151
v -0.002574 0.003167 0.000153
v -0.002930 0.002969 0.000151
v -0.003209 0.002726 0.000151
v -0.003442 0.002467 0.000152
v -0.003693 0.002239 0.000153
v -0.003937 0.001996 0.000150
v -0.004190 0.001769 0.000152
v -0.004350 0.001498 0.000153
v -0.004416 0.001201 0.000154
v -0.004408 0.000892 0.000149
v -0.004506 0.000621 0.000150
v -0.004682 0.000347 0.000153
v -0.004894 0.000053 0.000154
v -0.004998 -0.000261 0.000150
v -0.005000 -0.000583 0.000153
v -0.004842 -0.000881 0.000153
v -0.004627 -0.001153 0.000153
v -0.004417 -0.001411 0.000150
v -0.004268 -0.001700 0.000153
v -0.004057 -0.001959 0.000153
v -0.003747 -0.002160 0.000152
v -0.003353 -0.002290 0.000150
v -0.002963 -0.002416 0.000152
v -0.002606 -0.002544 0.000152
v -0.002304 -0.002724 0.000150
v -0.002018 -0.002961 0.000150
v -0.001693 -0.003203 0.000152
v -0.001299 -0.003349 0.000151
v -0.000869 -0.003404 0.000149
v -0.000439 -0.003452 0.000150
v -0.000012 -0.003517 0.000151
v 0.000422 -0.003579 0.000150
v 0.000859 -0.003589 0.000148
v 0.001281 -0.003537 0.000150
v 0.001648 -0.003358 0.000150
v 0.001958 -0.003114 0.000149
v 0.002253 -0.002884 0.000147
v 0.002606 -0.002759 0.000149
v 0.002995 -0.002637 0.000149
v 0.003383 -0.002485 0.000148
v 0.003701 -0.002261 0.000146
v 0.003969 -0.002021 0.000149
v 0.004169 -0.001733 0.000148
v 0.004398 -0.001460 0.000147
v 0.004654 -0.001188 0.000146
v 0.004915 -0.000912 0.000149
v 0.005000 -0.000589 0.000147
v 0.004934 -0.000262 0.000147
v 0.004668 0.000053 0.000000
v 0.004483 0.000344 0.000000
v 0.004357 0.000620 0.000000
v 0.004359 0.000915 0.000000
v 0.004348 0.001222 0.000000
v 0.004246 0.001525 0.000000
v 0.003999 0.001767 0.000000
v 0.003762 0.002018 0.000000
v 0.003576 0.002301 0.000000
v 0.003435 0.002635 0.000000
v 0.003235 0.002945 0.000000
v 0.002938 0.003213 0.000000
v 0.002517 0.003347 0.000000
v 0.002036 0.003350 0.000000
v 0.001572 0.003296 0.000000
v 0.001168 0.003323 0.000000
v 0.000788 0.003403 0.000000
v 0.000394 0.003448 0.000000
v -0.000012 0.003409 0.000000
v -0.000409 0.003319 0.000000
v -0.000792 0.003219 0.000000
v -0.001184 0.003151 0.000000
v -0.001624 0.003168 0.000000
v -0.002109 0.003208 0.000000
v -0.002574 0.003167 0.000000
v -0.002930 0.002968 0.000000
v -0.003187 0.002707 0.000000
v -0.003394 0.002433 0.000000
v -0.003623 0.002195 0.000000
v -0.003867 0.001958 0.000000
v -0.004123 0.001740 0.000000
v -0.004269 0.001469 0.000000
v -0.004297 0.001167 0.000000
v -0.004259 0.000861 0.000000
v -0.004354 0.000600 0.000000
v -0.004562 0.000339 0.000000
v -0.004826 0.000053 0.000000
v -0.004976 -0.000260 0.000000
v -0.004993 -0.000583 0.000000
v -0.004812 -0.000874 0.000000
v -0.004574 -0.001137 0.000000
v -0.004359 -0.001389 0.000000
v -0.004223 -0.001681 0.000000
v -0.004015 -0.001937 0.000000
v -0.003697 -0.002128 0.000000
v -0.003278 -0.002236 0.000000
v -0.002868 -0.002337 0.000000
v -0.002508 -0.002443 0.000000
v -0.002230 -0.002635 0.000000
v -0.001976 -0.002899 0.000000
v -0.001675 -0.003170 0.000000
v -0.001289 -0.003320 0.000000
v -0.000861 -0.003374 0.000000
v -0.000434 -0.003412 0.000000
v -0.000012 -0.003480 0.000000
v 0.000418 -0.003548 0.000000
v 0.000856 -0.003577 0.000000
v 0.001274 -0.003516 0.000000
v 0.001623 -0.003307 0.000000
v 0.001903 -0.003022 0.000000
v 0.002173 -0.002780 0.000000
v 0.002516 -0.002663 0.000000
v 0.002915 -0.002567 0.000000
v 0.003320 -0.002438 0.000000
v 0.003650 -0.002232 0.000000
v 0.003910 -0.001992 0.000000
v 0.004100 -0.001705 0.000000
v 0.004336 -0.001440 0.000000
v 0.004625 -0.001181 0.000000
v 0.004912 -0.000912 0.000000
v 0.004996 -0.000589 0.000000
v 0.004896 -0.000259 0.000000
v 0.004196 0.000053 0.000070
v 0.004279 0.000326 0.000121
v 0.004256 0.000599 0.000134
v 0.004127 0.000858 0.000108
v 0.003952 0.001100 0.000074
v 0.003783 0.001337 0.000059
v 0.003614 0.001572 0.000061
v 0.003408 0.001791 0.000055
v 0.003155 0.001981 0.000034
v 0.002892 0.002160 0.000019
v 0.002652 0.002357 0.000037
v 0.002422 0.002575 0.000088
v 0.002154 0.002775 0.000134
v 0.001823 0.002908 0.000138
v 0.001449 0.002965 0.000101
v 0.001071 0.002985 0.000057
v 0.000708 0.003014 0.000037
v 0.000350 0.003056 0.000044
v -0.000012 0.003076 0.000051
v -0.000374 0.003056 0.000044
v -0.000732 0.003014 0.000037
v -0.001095 0.002985 0.000057
v -0.001473 0.002965 0.000101
v -0.001847 0.002908 0.000138
v -0.002178 0.002775 0.000134
v -0.002446 0.002575 0.000088
v -0.002676 0.002357 0.000037
v -0.002916 0.002160 0.000019
v -0.003179 0.001981 0.000034
v -0.003432 0.001791 0.000055
v -0.003638 0.001572 0.000061
v -0.003807 0.001337 0.000059
v -0.003976 0.001100 0.000074
v -0.004151 0.000858 0.000108
v -0.004280 0.000599 0.000134
v -0.004303 0.000326 0.000121
v -0.004220 0.000053 0.000070
v -0.004106 -0.000207 0.000020
v -0.004033 -0.000461 0.000006
v -0.004003 -0.000723 0.000033
v -0.003957 -0.000989 0.000067
v -0.003845 -0.001244 0.000082
v -0.003675 -0.001481 0.000080
v -0.003487 -0.001712 0.000086
v -0.003292 -0.001944 0.000107
v -0.003059 -0.002158 0.000122
v -0.002758 -0.002321 0.000104
v -0.002406 -0.002427 0.000053
v -0.002054 -0.002513 0.000007
v -0.001734 -0.002626 0.000002
v -0.001430 -0.002774 0.000040
v -0.001108 -0.002913 0.000084
v -0.000754 -0.002999 0.000103
v -0.000384 -0.003028 0.000097
v -0.000012 -0.003031 0.000090
v 0.000359 -0.003028 0.000097
v 0.000730 -0.002999 0.000103
v 0.001084 -0.002913 0.000084
v 0.001406 -0.002774 0.000040
v 0.001710 -0.002626 0.000002
v 0.002030 -0.002513 0.000007
v 0.002382 -0.002427 0.000053
v 0.002734 -0.002321 0.000104
v 0.003035 -0.002158 0.000122
v 0.003268 -0.001944 0.000107
v 0.003463 -0.001712 0.000086
v 0.003651 -0.001481 0.000080
v 0.003821 -0.001244 0.000082
v 0.003933 -0.000989 0.000067
v 0.003979 -0.000723 0.000033
v 0.004009 -0.000461 0.000006
v 0.004082 -0.000207 0.000020
v 0.003337 0.000159 0.000126
v 0.003352 0.000375 0.000149
v 0.003274 0.000582 0.000130
v 0.003122 0.000770 0.000076
v 0.002960 0.000946 0.000029
v 0.002829 0.001126 0.000021
v 0.002716 0.001314 0.000051
v 0.002580 0.001496 0.000085
v 0.002402 0.001658 0.000097
v 0.002202 0.001807 0.000095
v 0.002001 0.001957 0.000102
v 0.001791 0.002107 0.000123
v 0.001549 0.002229 0.000135
v 0.001267 0.002293 0.000112
v 0.000968 0.002308 0.000060
v 0.000679 0.002314 0.000018
v 0.000404 0.002348 0.000019
v 0.000129 0.002402 0.000060
v -0.000156 0.002439 0.000103
v -0.000444 0.002434 0.000119
v -0.000728 0.002396 0.000110
v -0.001010 0.002349 0.000104
v -0.001293 0.002297 0.000111
v -0.001562 0.002213 0.000116
v -0.001792 0.002081 0.000093
v -0.001981 0.001915 0.000047
v -0.002159 0.001753 0.000014
v -0.002364 0.001617 0.000025
v -0.002596 0.001492 0.000075
v -0.002814 0.001348 0.000123
v -0.002976 0.001173 0.000136
v -0.003086 0.000977 0.000118
v -0.003175 0.000777 0.000097
v -0.003258 0.000575 0.000093
v -0.003308 0.000368 0.000094
v -0.003294 0.000157 0.000077
v -0.003226 -0.000049 0.000042
v -0.003161 -0.000248 0.000020
v -0.003140 -0.000450 0.000039
v -0.003143 -0.000663 0.000092
v -0.003109 -0.000878 0.000140
v -0.002998 -0.001075 0.000147
v -0.002825 -0.001247 0.000117
v -0.002632 -0.001405 0.000084
v -0.002441 -0.001561 0.000071
v -0.002236 -0.001707 0.000074
v -0.001998 -0.001825 0.000067
v -0.001738 -0.001913 0.000046
v -0.001485 -0.001999 0.000034
v -0.001247 -0.002110 0.000057
v -0.001008 -0.002238 0.000109
v -0.000743 -0.002339 0.000151
v -0.000453 -0.002378 0.000150
v -0.000157 -0.002360 0.000109
v 0.000131 -0.002323 0.000065
v 0.000413 -0.002292 0.000050
v 0.000694 -0.002258 0.000058
v 0.000966 -0.002196 0.000065
v 0.001221 -0.002107 0.000057
v 0.001471 -0.002014 0.000053
v 0.001737 -0.001939 0.000076
v 0.002018 -0.001867 0.000121
v 0.002279 -0.001761 0.000154
v 0.002479 -0.001603 0.000143
v 0.002615 -0.001409 0.000094
v 0.002727 -0.001213 0.000046
v 0.002851 -0.001028 0.000032
v 0.002983 -0.000847 0.000050
v 0.003090 -0.000656 0.000071
v 0.003155 -0.000456 0.000075
v 0.003205 -0.000254 0.000075
v 0.003269 -0.000051 0.000092
v 0.002377 0.000053 0.000109
v 0.002385 0.000205 0.000106
v 0.002356 0.000356 0.000106
v 0.002272 0.000497 0.000086
v 0.002158 0.000626 0.000052
v 0.002055 0.000753 0.000034
v 0.001983 0.000889 0.000059
v 0.001919 0.001034 0.000114
v 0.001826 0.001172 0.000158
v 0.001688 0.001287 0.000159
v 0.001524 0.001381 0.000126
v 0.001354 0.001469 0.000094
v 0.001181 0.001553 0.000084
v 0.000994 0.001619 0.000087
v 0.000791 0.001653 0.000078
v 0.000584 0.001666 0.000057
v 0.000385 0.001686 0.000049
v 0.000190 0.001728 0.000077
v -0.000012 0.001778 0.000130
v -0.000223 0.001802 0.000168
v -0.000432 0.001781 0.000160
v -0.000631 0.001728 0.000116
v -0.000822 0.001667 0.000075
v -0.001011 0.001607 0.000063
v -0.001191 0.001535 0.000073
v -0.001352 0.001441 0.000079
v -0.001493 0.001334 0.000071
v -0.001637 0.001232 0.000069
v -0.001802 0.001143 0.000095
v -0.001976 0.001051 0.000141
v -0.002121 0.000937 0.000169
v -0.002208 0.000796 0.000152
v -0.002249 0.000644 0.000100
v -0.002278 0.000494 0.000055
v -0.002315 0.000348 0.000046
v -0.002345 0.000201 0.000067
v -0.002345 0.000053 0.000087
v -0.002319 -0.000093 0.000090
v -0.002294 -0.000239 0.000091
v -0.002288 -0.000389 0.000110
v -0.002279 -0.000545 0.000144
v -0.002224 -0.000695 0.000162
v -0.002106 -0.000824 0.000138
v -0.001949 -0.000931 0.000083
v -0.001791 -0.001030 0.000039
v -0.001650 -0.001135 0.000037
v -0.001511 -0.001243 0.000070
v -0.001354 -0.001337 0.000102
v -0.001179 -0.001414 0.000112
v -0.001001 -0.001486 0.000110
v -0.000824 -0.001566 0.000118
v -0.000638 -0.001643 0.000139
v -0.000435 -0.001688 0.000147
v -0.000222 -0.001685 0.000119
v -0.000012 -0.001647 0.000066
v 0.000189 -0.001610 0.000029
v 0.000388 -0.001592 0.000036
v 0.000591 -0.001581 0.000080
v 0.000793 -0.001552 0.000122
v 0.000985 -0.001498 0.000133
v 0.001169 -0.001431 0.000123
v 0.001357 -0.001365 0.000118
v 0.001542 -0.001291 0.000126
v 0.001702 -0.001190 0.000127
v 0.001815 -0.001059 0.000101
v 0.001892 -0.000914 0.000055
v 0.001968 -0.000776 0.000027
v 0.002071 -0.000651 0.000044
v 0.002188 -0.000528 0.000096
v 0.002283 -0.000393 0.000141
v 0.002335 -0.000247 0.000150
v 0.002359 -0.000097 0.000129
v 0.001474 0.000100 0.000064
v 0.001461 0.000194 0.000060
v 0.001435 0.000286 0.000083
v 0.001387 0.000373 0.000102
v 0.001328 0.000456 0.000104
v 0.001278 0.000540 0.000106
v 0.001240 0.000632 0.000127
v 0.001195 0.000725 0.000161
v 0.001121 0.000807 0.000174
v 0.001016 0.000867 0.000144
v 0.000896 0.000912 0.000088
v 0.000779 0.000955 0.000048
v 0.000667 0.001000 0.000053
v 0.000552 0.001042 0.000088
v 0.000430 0.001070 0.000119
v 0.000304 0.001088 0.000127
v 0.000179 0.001109 0.000124
v 0.000053 0.001138 0.000133
v -0.000079 0.001161 0.000154
v -0.000213 0.001160 0.000158
v -0.000340 0.001127 0.000126
v -0.000457 0.001077 0.000073
v -0.000570 0.001031 0.000040
v -0.000686 0.000993 0.000054
v -0.000803 0.000954 0.000100
v -0.000911 0.000903 0.000139
v -0.001008 0.000842 0.000147
v -0.001105 0.000780 0.000136
v -0.001206 0.000718 0.000131
v -0.001303 0.000650 0.000139
v -0.001372 0.000567 0.000138
v -0.001403 0.000471 0.000108
v -0.001411 0.000373 0.000063
v -0.001424 0.000280 0.000040
v -0.001454 0.000191 0.000063
v -0.001486 0.000100 0.000117
v -0.001499 0.000006 0.000159
v -0.001490 -0.000088 0.000162
v -0.001471 -0.000181 0.000139
v -0.001452 -0.000276 0.000120
v -0.001422 -0.000370 0.000118
v -0.001363 -0.000457 0.000117
v -0.001271 -0.000529 0.000095
v -0.001167 -0.000590 0.000062
v -0.001073 -0.000652 0.000049
v -0.000995 -0.000725 0.000079
v -0.000916 -0.000801 0.000135
v -0.000820 -0.000867 0.000174
v -0.000707 -0.000915 0.000170
v -0.000587 -0.000954 0.000135
v -0.000465 -0.000990 0.000104
v -0.000340 -0.001021 0.000096
v -0.000209 -0.001032 0.000099
v -0.000077 -0.001020 0.000089
v 0.000051 -0.000996 0.000069
v 0.000176 -0.000982 0.000065
v 0.000304 -0.000982 0.000097
v 0.000438 -0.000982 0.000150
v 0.000569 -0.000964 0.000183
v 0.000688 -0.000922 0.000169
v 0.000796 -0.000867 0.000123
v 0.000901 -0.000810 0.000084
v 0.001003 -0.000750 0.000076
v 0.001090 -0.000679 0.000087
v 0.001155 -0.000597 0.000092
v 0.001208 -0.000511 0.000084
v 0.001269 -0.000430 0.000085
v 0.001347 -0.000355 0.000114
v 0.001428 -0.000276 0.000159
v 0.001482 -0.000187 0.000183
v 0.001497 -0.000091 0.000159
v 0.001487 0.000006 0.000106
v 0.000596 0.000053 0.000071
v 0.000587 0.000091 0.000054
v 0.000584 0.000129 0.000082
v 0.000577 0.000168 0.000137
v 0.000563 0.000205 0.000175
v 0.000542 0.000241 0.000174
v 0.000521 0.000277 0.000149
v 0.000501 0.000314 0.000132
v 0.000474 0.000349 0.000131
v 0.000435 0.000377 0.000127
v 0.000385 0.000397 0.000104
v 0.000334 0.000412 0.000072
v 0.000287 0.000429 0.000064
v 0.000243 0.000450 0.000099
v 0.000198 0.000471 0.000155
v 0.000148 0.000486 0.000190
v 0.000095 0.000495 0.000180
v 0.000042 0.000501 0.000143
v -0.000012 0.000508 0.000113
v -0.000067 0.000510 0.000108
v -0.000121 0.000501 0.000111
v -0.000171 0.000483 0.000100
v -0.000217 0.000462 0.000081
v -0.000264 0.000445 0.000081
v -0.000315 0.000434 0.000117
v -0.000366 0.000420 0.000169
v -0.000413 0.000400 0.000197
v -0.000453 0.000373 0.000177
v -0.000489 0.000343 0.000129
v -0.000523 0.000313 0.000093
v -0.000554 0.000280 0.000089
v -0.000575 0.000244 0.000101
v -0.000584 0.000204 0.000105
v -0.000589 0.000165 0.000097
v -0.000600 0.000128 0.000101
v -0.000619 0.000092 0.000133
v -0.000635 0.000053 0.000177
v -0.000640 0.000013 0.000195
v -0.000629 -0.000026 0.000166
v -0.000612 -0.000063 0.000112
v -0.000594 -0.000101 0.000073
v -0.000574 -0.000137 0.000075
v -0.000545 -0.000170 0.000100
v -0.000508 -0.000199 0.000117
v -0.000470 -0.000225 0.000118
v -0.000436 -0.000255 0.000121
v -0.000407 -0.000288 0.000145
v -0.000373 -0.000320 0.000177
v -0.000329 -0.000345 0.000185
v -0.000277 -0.000360 0.000150
v -0.000224 -0.000368 0.000094
v -0.000171 -0.000377 0.000059
v -0.000119 -0.000385 0.000069
v -0.000065 -0.000389 0.000106
v -0.000012 -0.000386 0.000135
v 0.000040 -0.000381 0.000141
v 0.000093 -0.000379 0.000138
v 0.000148 -0.000380 0.000149
v 0.000204 -0.000378 0.000168
v 0.000257 -0.000365 0.000168
v 0.000301 -0.000340 0.000132
v 0.000340 -0.000312 0.000079
v 0.000378 -0.000284 0.000052
v 0.000418 -0.000259 0.000072
v 0.000455 -0.000231 0.000120
v 0.000486 -0.000200 0.000156
v 0.000512 -0.000166 0.000160
v 0.000541 -0.000134 0.000148
v 0.000574 -0.000101 0.000144
v 0.000601 -0.000066 0.000152
v 0.000613 -0.000027 0.000148
v 0.000608 0.000014 0.000116
v 0.000024 0.000027 0.000149
vn 0.0074 -0.0002 1.0000
vn 0.0204 -0.2808 0.9595
vn -0.0021 0.0971 0.9953
vn -0.0000 0.2704 0.9628
vn 0.0916 -0.3548 0.9304
vn 0.1100 -0.5351 0.8376
vn -0.0173 -0.1907 0.9815
vn -0.0233 -0.1715 0.9849
vn 0.1827 -0.5819 0.7925
vn 0.1198 -0.5914 0.7975
vn -0.0811 -0.3353 0.9386
vn 0.0124 -0.4390 0.8984
vn 0.2665 -0.6258 0.7330
vn 0.0522 -0.6060 0.7938
vn -0.1892 -0.4033 0.8953
vn 0.0691 -0.5441 0.8362
vn 0.3267 -0.5843 0.7429
vn -0.0041 -0.6334 0.7738
vn -0.2264 -0.4980 0.8371
vn 0.1256 -0.5592 0.8195
vn 0.3323 -0.5031 0.7978
vn -0.0206 -0.6543 0.7559
vn -0.1625 -0.5671 0.8074
vn 0.1643 -0.5172 0.8399
vn 0.2427 -0.4443 0.8624
vn -0.0474 -0.6633 0.7468
vn -0.0728 -0.5560 0.8280
vn 0.1783 -0.4145 0.8924
vn 0.0962 -0.4592 0.8831
vn -0.0895 -0.6787 0.7289
vn -0.0204 -0.4635 0.8859
vn 0.1517 -0.2078 0.9663
vn 0.0127 -0.4599 0.8879
vn -0.0784 -0.6670 0.7409
vn -0.0148 -0.2648 0.9642
vn 0.0631 0.1342 0.9889
vn 0.0047 -0.3079 0.9514
vn -0.0109 -0.4847 0.8746
vn -0.0447 0.0971 0.9943
vn -0.0575 0.4709 0.8803
vn 0.0258 0.0047 0.9997
vn 0.0287 -0.0317 0.9991
vn -0.1229 0.5056 0.8540
vn -0.1464 0.6192 0.7715
vn 0.0749 0.2715 0.9595
vn 0.0433 0.2734 0.9609
vn -0.2264 0.6543 0.7216
vn -0.1742 0.6309 0.7560
vn 0.1418 0.4285 0.8923
vn 0.0395 0.4209 0.9062
vn -0.2806 0.6459 0.7100
vn -0.1128 0.5952 0.7956
vn 0.1919 0.5258 0.8287
vn -0.0391 0.5005 0.8648
vn -0.2580 0.6049 0.7534
vn 0.0351 0.5798 0.8140
vn 0.2052 0.5988 0.7742
vn -0.1555 0.4797 0.8636
vn -0.2140 0.5736 0.7907
vn 0.1587 0.6227 0.7662
vn 0.1778 0.6479 0.7407
vn -0.2119 0.3739 0.9029
vn -0.1792 0.5224 0.8336
vn 0.1879 0.6820 0.7069
vn 0.1210 0.6440 0.7554
vn -0.1689 0.2468 0.9542
vn -0.1113 0.4408 0.8907
vn 0.1457 0.6976 0.7015
vn 0.0518 0.5119 0.8575
vn -0.0767 0.0687 0.9947
vn -0.0317 0.3156 0.9484
vn 0.0697 0.6000 0.7970
vn 0.0287 0.1216 0.9922
vn 0.0373 -0.0556 0.9978
vn 0.0325 0.1050 0.9939
vn 0.0418 0.0515 0.9978
vn 0.0932 -0.4476 0.8894
vn 0.1016 -0.5653 0.8186
vn 0.0230 -0.4174 0.9084
vn 0.0248 -0.4637 0.8857
vn 0.1447 -0.7000 0.6993
vn 0.0926 -0.6825 0.7250
vn -0.0294 -0.5791 0.8148
vn 0.0312 -0.6425 0.7656
vn 0.1859 -0.7302 0.6575
vn 0.0312 -0.6795 0.7330
vn -0.0961 -0.6148 0.7828
vn 0.0655 -0.6785 0.7317
vn 0.2149 -0.6922 0.6890
vn -0.0135 -0.6689 0.7432
vn -0.1137 -0.6497 0.7516
vn 0.1169 -0.6665 0.7363
vn 0.2094 -0.6449 0.7350
vn -0.0215 -0.6822 0.7308
vn -0.0666 -0.6863 0.7243
vn 0.1579 -0.6384 0.7534
vn 0.1530 -0.6326 0.7592
vn -0.0255 -0.7149 0.6988
vn 0.0008 -0.6894 0.7244
vn 0.1615 -0.6031 0.7811
vn 0.0703 -0.6540 0.7532
vn -0.0420 -0.7437 0.6672
vn 0.0324 -0.6291 0.7766
vn 0.1179 -0.5185 0.8469
vn 0.0067 -0.6355 0.7720
vn -0.0434 -0.7069 0.7060
vn 0.0074 -0.4235 0.9059
vn 0.0367 -0.2140 0.9761
vn -0.0200 -0.4180 0.9082
vn -0.0261 -0.3973 0.9173
vn -0.0518 0.0952 0.9941
vn -0.0613 0.3793 0.9233
vn -0.0235 0.1692 0.9853
vn -0.0228 0.2673 0.9633
vn -0.1046 0.6027 0.7911
vn -0.1026 0.6601 0.7442
vn 0.0168 0.5114 0.8592
vn -0.0093 0.5645 0.8254
vn -0.1490 0.7303 0.6666
vn -0.0896 0.7016 0.7069
vn 0.0820 0.6041 0.7927
vn -0.0164 0.6534 0.7569
vn -0.1674 0.7195 0.6740
vn -0.0384 0.6804 0.7318
vn 0.1162 0.6395 0.7600
vn -0.0725 0.6699 0.7389
vn -0.1631 0.6764 0.7182
vn 0.0289 0.6700 0.7418
vn 0.1018 0.6739 0.7318
vn -0.1493 0.6423 0.7518
vn -0.1549 0.6447 0.7485
vn 0.0772 0.6993 0.7107
vn 0.0595 0.7054 0.7063
vn -0.1886 0.5894 0.7855
vn -0.1346 0.6354 0.7603
vn 0.0876 0.7405 0.6663
vn 0.0213 0.7119 0.7019
vn -0.1480 0.5331 0.8330
vn -0.0762 0.6270 0.7752
vn 0.0739 0.7406 0.6678
vn 0.0040 0.6317 0.7752
vn -0.0563 0.4038 0.9131
vn -0.0061 0.5271 0.8498
vn 0.0532 0.5929 0.8035
vn 0.0252 0.2404 0.9704
vn 0.0552 0.1135 0.9920
vn 0.0566 0.0947 0.9939
vn 0.0755 -0.1249 0.9893
vn 0.1027 -0.5335 0.8395
vn 0.1005 -0.6121 0.7843
vn 0.0525 -0.5650 0.8234
vn 0.0677 -0.6230 0.7793
vn 0.1328 -0.7379 0.6617
vn 0.0849 -0.6948 0.7142
vn 0.0103 -0.6210 0.7838
vn 0.0712 -0.6541 0.7531
vn 0.1610 -0.6834 0.7121
vn 0.0320 -0.5912 0.8059
vn -0.0382 -0.5385 0.8418
vn 0.0960 -0.5723 0.8144
vn 0.1726 -0.5620 0.8089
vn -0.0242 -0.4978 0.8670
vn -0.0598 -0.4967 0.8659
vn 0.1233 -0.4977 0.8585
vn 0.1434 -0.4852 0.8625
vn -0.0545 -0.5079 0.8597
vn -0.0391 -0.5328 0.8454
vn 0.1355 -0.4853 0.8638
vn 0.0816 -0.5230 0.8484
vn -0.0569 -0.6069 0.7928
vn 0.0037 -0.6093 0.7929
vn 0.1201 -0.5489 0.8272
vn 0.0223 -0.6468 0.7623
vn -0.0449 -0.7220 0.6904
vn 0.0225 -0.6636 0.7478
vn 0.0722 -0.6182 0.7827
vn -0.0131 -0.7127 0.7014
vn -0.0355 -0.7354 0.6767
vn -0.0015 -0.5557 0.8314
vn 0.0084 -0.4492 0.8934
vn -0.0359 -0.5040 0.8630
vn -0.0432 -0.3584 0.9326
vn -0.0679 0.0992 0.9927
vn -0.0695 0.3520 0.9334
vn -0.0548 0.3172 0.9468
vn -0.0638 0.4894 0.8697
vn -0.1055 0.6765 0.7289
vn -0.0848 0.6920 0.7169
vn -0.0242 0.6204 0.7839
vn -0.0644 0.6750 0.7350
vn -0.1303 0.7284 0.6726
vn -0.0608 0.6662 0.7433
vn 0.0316 0.5858 0.8098
vn -0.0751 0.6286 0.7741
vn -0.1416 0.6282 0.7650
vn -0.0120 0.5527 0.8333
vn 0.0728 0.5087 0.8579
vn -0.1042 0.5379 0.8366
vn -0.1258 0.5114 0.8501
vn 0.0494 0.4954 0.8673
vn 0.0760 0.4988 0.8634
vn -0.1307 0.4798 0.8676
vn -0.0976 0.4760 0.8740
vn 0.0909 0.5512 0.8294
vn 0.0451 0.5587 0.8282
vn -0.1267 0.5000 0.8567
vn -0.0680 0.5456 0.8353
vn 0.0845 0.6704 0.7372
vn 0.0095 0.6503 0.7596
vn -0.0807 0.5907 0.8028
vn -0.0262 0.6646 0.7467
vn 0.0580 0.7445 0.6650
vn 0.0028 0.6803 0.7329
vn -0.0176 0.5989 0.8006
vn 0.0180 0.6540 0.7563
vn 0.0510 0.6196 0.7833
vn 0.0365 0.3560 0.9338
vn 0.0758 0.2086 0.9751
vn 0.0810 0.0657 0.9945
vn 0.0996 -0.2465 0.9640
vn 0.1109 -0.5986 0.7933
vn 0.1051 -0.6528 0.7502
vn 0.0722 -0.6265 0.7761
vn 0.0940 -0.6664 0.7397
vn 0.1350 -0.7126 0.6884
vn 0.0915 -0.6251 0.7752
vn 0.0364 -0.5186 0.8542
vn 0.1073 -0.5316 0.8402
vn 0.1618 -0.5071 0.8466
vn 0.0384 -0.3568 0.9334
vn -0.0112 -0.2806 0.9597
vn 0.1205 -0.3087 0.9435
vn 0.1482 -0.2737 0.9503
vn -0.0355 -0.1904 0.9811
vn -0.0420 -0.1756 0.9836
vn 0.1177 -0.1827 0.9761
vn 0.0912 -0.1719 0.9809
vn -0.0945 -0.2044 0.9743
vn -0.0413 -0.2111 0.9766
vn 0.0985 -0.1851 0.9778
vn 0.0181 -0.2487 0.9684
vn -0.1087 -0.3665 0.9240
vn -0.0213 -0.3672 0.9299
vn 0.0692 -0.3419 0.9372
vn -0.0328 -0.5019 0.8643
vn -0.0784 -0.6122 0.7868
vn -0.0068 -0.5904 0.8071
vn 0.0293 -0.5897 0.8071
vn -0.0424 -0.7152 0.6976
vn -0.0488 -0.7386 0.6724
vn -0.0223 -0.6251 0.7803
vn -0.0197 -0.5653 0.8246
vn -0.0550 -0.5603 0.8265
vn -0.0637 -0.3530 0.9334
vn -0.0866 0.1113 0.9900
vn -0.0843 0.3750 0.9232
vn -0.0779 0.4244 0.9021
vn -0.0859 0.5996 0.7957
vn -0.1112 0.7134 0.6919
vn -0.0843 0.6899 0.7190
vn -0.0507 0.6228 0.7808
vn -0.0935 0.6509 0.7534
vn -0.1378 0.6500 0.7473
vn -0.0563 0.5172 0.8540
vn -0.0013 0.4149 0.9098
vn -0.1088 0.4411 0.8908
vn -0.1404 0.3967 0.9071
vn 0.0005 0.2719 0.9623
vn 0.0475 0.2192 0.9745
vn -0.1173 0.2396 0.9638
vn -0.0959 0.2067 0.9737
vn 0.0742 0.1750 0.9818
vn 0.0688 0.1782 0.9816
vn -0.1105 0.1518 0.9822
vn -0.0323 0.1793 0.9833
vn 0.1262 0.2535 0.9591
vn 0.0601 0.2625 0.9631
vn -0.0787 0.2144 0.9736
vn 0.0125 0.3198 0.9474
vn 0.1239 0.4721 0.8728
vn 0.0349 0.4616 0.8864
vn -0.0270 0.4629 0.8860
vn 0.0297 0.5882 0.8081
vn 0.0786 0.6952 0.7145
vn 0.0232 0.6613 0.7498
vn 0.0174 0.6532 0.7569
vn 0.0438 0.7046 0.7083
vn 0.0623 0.6527 0.7551
vn 0.0539 0.4403 0.8962
vn 0.0978 0.2648 0.9593
vn 0.1046 0.0220 0.9943
vn 0.1175 -0.3456 0.9310
vn 0.1176 -0.6428 0.7569
vn 0.1121 -0.6710 0.7329
vn 0.0903 -0.6313 0.7703
vn 0.1195 -0.6445 0.7552
vn 0.1474 -0.6235 0.7678
vn 0.1074 -0.4697 0.8762
vn 0.0649 -0.3181 0.9458
vn 0.1404 -0.3135 0.9392
vn 0.1629 -0.2475 0.9551
vn 0.0440 -0.0721 0.9964
vn 0.0141 -0.0014 0.9999
vn 0.1291 -0.0320 0.9911
vn 0.1178 0.0035 0.9930
vn -0.0433 0.0810 0.9958
vn -0.0227 0.0894 0.9957
vn 0.0997 0.0785 0.9919
vn 0.0408 0.0834 0.9957
vn -0.1145 0.0560 0.9918
vn -0.0393 0.0684 0.9969
vn 0.0554 0.0791 0.9953
vn -0.0399 0.0123 0.9991
vn -0.1467 -0.1020 0.9839
vn -0.0455 -0.0685 0.9966
vn 0.0077 -0.0910 0.9958
vn -0.0923 -0.2800 0.9556
vn -0.1243 -0.4248 0.8967
vn -0.0465 -0.4253 0.9039
vn -0.0226 -0.4873 0.8729
vn -0.0816 -0.6698 0.7381
vn -0.0745 -0.7129 0.6973
vn -0.0499 -0.6496 0.7587
vn -0.0494 -0.6246 0.7794
vn -0.0766 -0.5943 0.8006
vn -0.0863 -0.3472 0.9338
vn -0.1055 0.1322 0.9856
vn -0.0988 0.4121 0.9058
vn -0.0949 0.5020 0.8596
vn -0.1009 0.6542 0.7496
vn -0.1200 0.7174 0.6862
vn -0.0918 0.6435 0.7599
vn -0.0769 0.5536 0.8292
vn -0.1224 0.5454 0.8292
vn -0.1547 0.4883 0.8589
vn -0.0646 0.2813 0.9575
vn -0.0309 0.1592 0.9868
vn -0.1308 0.1812 0.9747
vn -0.1336 0.1166 0.9842
vn 0.0033 -0.0147 0.9999
vn 0.0207 -0.0574 0.9981
vn -0.1146 -0.0305 0.9929
vn -0.0634 -0.0590 0.9962
vn 0.0828 -0.0873 0.9927
vn 0.0520 -0.0870 0.9948
vn -0.0820 -0.1048 0.9911
vn 0.0217 -0.0683 0.9974
vn 0.1409 -0.0158 0.9899
vn 0.0668 -0.0220 0.9975
vn -0.0293 -0.0578 0.9979
vn 0.0870 0.0801 0.9930
vn 0.1584 0.2033 0.9662
vn 0.0687 0.1959 0.9782
vn 0.0301 0.2396 0.9704
vn 0.0962 0.4378 0.8939
vn 0.1168 0.5818 0.8049
vn 0.0578 0.5831 0.8103
vn 0.0569 0.6427 0.7640
vn 0.0743 0.7149 0.6953
vn 0.0813 0.6712 0.7368
vn 0.0754 0.4958 0.8652
vn 0.1206 0.2936 0.9483
vn 0.1263 -0.0331 0.9914
vn 0.1306 -0.4282 0.8942
vn 0.1243 -0.6672 0.7344
vn 0.1227 -0.6638 0.7378
vn 0.1123 -0.5906 0.7991
vn 0.1499 -0.5686 0.8088
vn 0.1681 -0.4697 0.8667
vn 0.1267 -0.2527 0.9592
vn 0.0955 -0.0926 0.9911
vn 0.1650 -0.0863 0.9825
vn 0.1604 -0.0178 0.9869
vn 0.0472 0.1407 0.9889
vn 0.0399 0.1709 0.9845
vn 0.1319 0.1357 0.9819
vn 0.0920 0.1646 0.9821
vn -0.0428 0.2252 0.9734
vn -0.0031 0.2189 0.9757
vn 0.0833 0.2095 0.9742
vn 0.0050 0.2108 0.9775
vn -0.1158 0.1946 0.9740
vn -0.0343 0.2117 0.9767
vn 0.0210 0.2192 0.9755
vn -0.0805 0.1612 0.9836
vn -0.1600 0.0845 0.9835
vn -0.0626 0.1385 0.9884
vn -0.0452 0.1006 0.9939
vn -0.1414 -0.0714 0.9874
vn -0.1632 -0.2077 0.9645
vn -0.0872 -0.2074 0.9744
vn -0.0813 -0.3435 0.9356
vn -0.1282 -0.5835 0.8019
vn -0.1091 -0.6594 0.7438
vn -0.0826 -0.6431 0.7613
vn -0.0809 -0.6515 0.7543
vn -0.1002 -0.6113 0.7851
vn -0.1099 -0.3330 0.9365
vn -0.1232 0.1624 0.9790
vn -0.1115 0.4517 0.8852
vn -0.1084 0.5555 0.8244
vn -0.1147 0.6731 0.7306
vn -0.1336 0.6908 0.7106
vn -0.1082 0.5491 0.8287
vn -0.1073 0.4221 0.9002
vn -0.1534 0.3778 0.9131
vn -0.1708 0.2697 0.9477
vn -0.0799 0.0415 0.9959
vn -0.0600 -0.0675 0.9959
vn -0.1449 -0.0292 0.9890
vn -0.1217 -0.0931 0.9882
vn -0.0010 -0.1935 0.9811
vn -0.0080 -0.2102 0.9776
vn -0.1103 -0.1761 0.9782
vn -0.0381 -0.2020 0.9786
vn 0.0785 -0.2184 0.9727
vn 0.0323 -0.2186 0.9753
vn -0.0593 -0.2258 0.9724
vn 0.0551 -0.1949 0.9793
vn 0.1402 -0.1612 0.9769
vn 0.0658 -0.1825 0.9810
vn 0.0104 -0.2040 0.9789
vn 0.1339 -0.0825 0.9876
vn 0.1750 -0.0124 0.9845
vn 0.0953 -0.0337 0.9949
vn 0.0829 0.0265 0.9962
vn 0.1594 0.2613 0.9520
vn 0.1598 0.4105 0.8977
vn 0.1015 0.4550 0.8847
vn 0.1021 0.5893 0.8014
vn 0.1097 0.6992 0.7064
vn 0.1057 0.6742 0.7310
vn 0.0998 0.5284 0.8431
vn 0.1430 0.3010 0.9428
vn 0.1452 -0.0943 0.9849
vn 0.1403 -0.4942 0.8579
vn 0.1331 -0.6724 0.7282
vn 0.1392 -0.6287 0.7651
vn 0.1417 -0.5084 0.8494
vn 0.1855 -0.4444 0.8764
vn 0.1928 -0.2805 0.9403
vn 0.1451 -0.0360 0.9888
vn 0.1253 0.0835 0.9886
vn 0.1843 0.0729 0.9802
vn 0.1576 0.1309 0.9788
vn 0.0556 0.2554 0.9652
vn 0.0655 0.2525 0.9654
vn 0.1351 0.2193 0.9663
vn 0.0746 0.2478 0.9659
vn -0.0356 0.2953 0.9547
vn 0.0142 0.2807 0.9597
vn 0.0700 0.2749 0.9589
vn -0.0205 0.2748 0.9613
vn -0.1115 0.2667 0.9573
vn -0.0307 0.2823 0.9588
vn -0.0073 0.2861 0.9582
vn -0.1097 0.2344 0.9659
vn -0.1636 0.1909 0.9679
vn -0.0758 0.2479 0.9658
vn -0.0865 0.2097 0.9739
vn -0.1771 0.0715 0.9816
vn -0.1886 -0.0195 0.9819
vn -0.1224 -0.0083 0.9924
vn -0.1388 -0.1941 0.9711
vn -0.1775 -0.4656 0.8670
vn -0.1497 -0.5794 0.8011
vn -0.1194 -0.6131 0.7809
vn -0.1139 -0.6583 0.7440
vn -0.1248 -0.6149 0.7786
vn -0.1333 -0.3082 0.9419
vn -0.1388 0.2000 0.9699
vn -0.1226 0.4869 0.8648
vn -0.1211 0.5874 0.8002
vn -0.1312 0.6641 0.7360
vn -0.1543 0.6303 0.7609
vn -0.1341 0.4110 0.9017
vn -0.1411 0.2483 0.9584
vn -0.1838 0.1902 0.9644
vn -0.1825 0.0578 0.9815
vn -0.0959 -0.1397 0.9855
vn -0.0901 -0.2054 0.9745
vn -0.1569 -0.1547 0.9754
vn -0.1142 -0.2142 0.9701
vn -0.0116 -0.2848 0.9585
vn -0.0357 -0.2827 0.9586
vn -0.1081 -0.2492 0.9624
vn -0.0225 -0.2756 0.9610
vn 0.0688 -0.2839 0.9564
vn 0.0147 -0.2838 0.9588
vn -0.0413 -0.2834 0.9581
vn 0.0772 -0.2572 0.9633
vn 0.1353 -0.2347 0.9626
vn 0.0650 -0.2612 0.9631
vn 0.0424 -0.2682 0.9624
vn 0.1633 -0.1689 0.9720
vn 0.1822 -0.1384 0.9735
vn 0.1155 -0.1737 0.9780
vn 0.1267 -0.1136 0.9854
vn 0.2079 0.1033 0.9727
vn 0.1968 0.2188 0.9557
vn 0.1474 0.3007 0.9423
vn 0.1512 0.5051 0.8497
vn 0.1491 0.6639 0.7328
vn 0.1338 0.6633 0.7363
vn 0.1256 0.5436 0.8299
vn 0.1641 0.2917 0.9423
vn 0.1607 -0.1558 0.9746
vn 0.1485 -0.5424 0.8269
vn 0.1467 -0.6577 0.7389
vn 0.1638 -0.5626 0.8103
vn 0.1785 -0.3922 0.9024
vn 0.2227 -0.2907 0.9305
vn 0.2172 -0.1004 0.9710
vn 0.1638 0.1276 0.9782
vn 0.1548 0.1904 0.9694
vn 0.2020 0.1647 0.9654
vn 0.1581 0.2194 0.9627
vn 0.0696 0.3161 0.9462
vn 0.0902 0.2958 0.9510
vn 0.1386 0.2708 0.9526
vn 0.0630 0.3031 0.9509
vn -0.0253 0.3416 0.9395
vn 0.0280 0.3230 0.9460
vn 0.0572 0.3215 0.9452
vn -0.0404 0.3210 0.9462
vn -0.1064 0.3182 0.9420
vn -0.0307 0.3300 0.9435
vn -0.0334 0.3289 0.9438
vn -0.1336 0.2804 0.9505
vn -0.1661 0.2585 0.9516
vn -0.0897 0.3086 0.9470
vn -0.1220 0.2676 0.9558
vn -0.2048 0.1580 0.9660
vn -0.2058 0.1144 0.9719
vn -0.1524 0.1330 0.9793
vn -0.1893 -0.0639 0.9798
vn -0.2243 -0.3323 0.9161
vn -0.1929 -0.4774 0.8572
vn -0.1593 -0.5641 0.8102
vn -0.1479 -0.6513 0.7442
vn -0.1498 -0.6074 0.7801
vn -0.1553 -0.2730 0.9494
vn -0.1515 0.2417 0.9584
vn -0.1330 0.5131 0.8480
vn -0.1357 0.5984 0.7896
vn -0.1537 0.6287 0.7623
vn -0.1829 0.5316 0.8270
vn -0.1671 0.2484 0.9541
vn -0.1758 0.0719 0.9818
vn -0.2114 0.0272 0.9770
vn -0.1925 -0.1026 0.9759
vn -0.1132 -0.2541 0.9605
vn -0.1203 -0.2783 0.9529
vn -0.1692 -0.2279 0.9589
vn -0.1127 -0.2875 0.9511
vn -0.0267 -0.3389 0.9404
vn -0.0612 -0.3267 0.9431
vn -0.1069 -0.2990 0.9483
vn -0.0134 -0.3273 0.9448
vn 0.0568 -0.3305 0.9421
vn 0.0005 -0.3296 0.9441
vn -0.0247 -0.3241 0.9457
vn 0.0935 -0.3013 0.9489
vn 0.1304 -0.2851 0.9496
vn 0.0671 -0.3103 0.9483
vn 0.0717 -0.3028 0.9503
vn 0.1860 -0.2192 0.9578
vn 0.1880 -0.2112 0.9592
vn 0.1347 -0.2492 0.9590
vn 0.1642 -0.1895 0.9681
vn 0.2427 -0.0152 0.9700
vn 0.2249 0.0520 0.9730
vn 0.1902 0.1508 0.9701
vn 0.2010 0.4040 0.8924
vn 0.1912 0.6128 0.7668
vn 0.1643 0.6402 0.7504
vn 0.1517 0.5452 0.8245
vn 0.1830 0.2691 0.9456
vn 0.1732 -0.2124 0.9617
vn 0.1577 -0.5714 0.8054
vn 0.1674 -0.6214 0.7654
vn 0.1970 -0.4652 0.8630
vn 0.2200 -0.2580 0.9407
vn 0.2582 -0.1386 0.9561
vn 0.2395 0.0442 0.9699
vn 0.1852 0.2304 0.9553
vn 0.1849 0.2493 0.9506
vn 0.2194 0.2204 0.9504
vn 0.1623 0.2795 0.9463
vn 0.0871 0.3565 0.9302
vn 0.1133 0.3284 0.9377
vn 0.1413 0.3143 0.9388
vn 0.0553 0.3510 0.9348
vn -0.0139 0.3820 0.9241
vn 0.0384 0.3621 0.9313
vn 0.0439 0.3648 0.9301
vn -0.0569 0.3642 0.9296
vn -0.1016 0.3648 0.9255
vn -0.0344 0.3723 0.9275
vn -0.0588 0.3666 0.9285
vn -0.1545 0.3205 0.9346
vn -0.1694 0.3124 0.9347
vn -0.1061 0.3508 0.9304
vn -0.1552 0.3041 0.9399
vn -0.2291 0.2145 0.9495
vn -0.2208 0.2041 0.9537
vn -0.1806 0.2222 0.9581
vn -0.2327 0.0376 0.9718
vn -0.2656 -0.2017 0.9427
vn -0.2357 -0.3616 0.9021
vn -0.2011 -0.5004 0.8421
vn -0.1825 -0.6335 0.7519
vn -0.1744 -0.5899 0.7884
vn -0.1747 -0.2291 0.9576
vn -0.1616 0.2828 0.9455
vn -0.1446 0.5270 0.8375
vn -0.1553 0.5879 0.7939
vn -0.1846 0.5659 0.8036
vn -0.2182 0.3976 0.8912
vn -0.2023 0.0852 0.9756
vn -0.2100 -0.0713 0.9751
vn -0.2366 -0.0935 0.9671
vn -0.2039 -0.2105 0.9561
vn -0.1333 -0.3239 0.9367
vn -0.1497 -0.3210 0.9352
vn -0.1816 -0.2802 0.9426
vn -0.1153 -0.3428 0.9323
vn -0.0446 -0.3813 0.9234
vn -0.0842 -0.3640 0.9276
vn -0.1057 -0.3442 0.9329
vn -0.0085 -0.3738 0.9275
vn 0.0437 -0.3733 0.9267
vn -0.0107 -0.3714 0.9284
vn -0.0087 -0.3624 0.9320
vn 0.1058 -0.3425 0.9335
vn 0.1261 -0.3301 0.9355
vn 0.0723 -0.3513 0.9335
vn 0.1002 -0.3308 0.9384
vn 0.2055 -0.2589 0.9438
vn 0.1951 -0.2625 0.9450
vn 0.1557 -0.2942 0.9430
vn 0.1994 -0.2303 0.9525
vn 0.2704 -0.0970 0.9578
vn 0.2475 -0.0712 0.9663
vn 0.2286 0.0260 0.9732
vn 0.2485 0.3007 0.9208
vn 0.2343 0.5488 0.8024
vn 0.1963 0.6058 0.7710
vn 0.1772 0.5356 0.8257
vn 0.1995 0.2371 0.9508
vn 0.1839 -0.2598 0.9480
vn 0.1709 -0.5800 0.7965
vn 0.1973 -0.5620 0.8033
vn 0.2372 -0.3435 0.9087
vn 0.2626 -0.1253 0.9567
vn 0.2908 -0.0125 0.9567
vn 0.2611 0.1494 0.9537
vn 0.2099 0.2919 0.9331
vn 0.2155 0.2845 0.9341
vn 0.2366 0.2625 0.9355
vn 0.1695 0.3288 0.9291
vn 0.1066 0.3905 0.9144
vn 0.1345 0.3601 0.9232
vn 0.1430 0.3572 0.9230
vn 0.0503 0.3971 0.9164
vn -0.0018 0.4212 0.9070
vn 0.0456 0.4017 0.9146
vn 0.0300 0.4080 0.9125
vn -0.0706 0.4077 0.9104
vn -0.0973 0.4102 0.9068
vn -0.0414 0.4135 0.9095
vn -0.0836 0.4040 0.9109
vn -0.1729 0.3607 0.9165
vn -0.1737 0.3618 0.9159
vn -0.1253 0.3868 0.9136
vn -0.1872 0.3341 0.9237
vn -0.2517 0.2589 0.9325
vn -0.2362 0.2680 0.9340
vn -0.2095 0.2779 0.9375
vn -0.2714 0.1123 0.9559
vn -0.3016 -0.0854 0.9496
vn -0.2759 -0.2419 0.9302
vn -0.2439 -0.4267 0.8709
vn -0.2176 -0.6061 0.7651
vn -0.1982 -0.5625 0.8026
vn -0.1910 -0.1795 0.9650
vn -0.1702 0.3180 0.9327
vn -0.1600 0.5257 0.8355
vn -0.1823 0.5545 0.8119
vn -0.2241 0.4765 0.8501
vn -0.2566 0.2439 0.9353
vn -0.2367 -0.0593 0.9698
vn -0.2435 -0.1708 0.9547
vn -0.2605 -0.1779 0.9490
vn -0.2175 -0.2845 0.9337
vn -0.1560 -0.3712 0.9154
vn -0.1781 -0.3532 0.9185
vn -0.1936 -0.3267 0.9251
vn -0.1209 -0.3920 0.9120
vn -0.0641 -0.4205 0.9050
vn -0.1049 -0.4006 0.9102
vn -0.1044 -0.3896 0.9151
vn -0.0070 -0.4192 0.9079
vn 0.0299 -0.4156 0.9091
vn -0.0192 -0.4124 0.9108
vn 0.0068 -0.4015 0.9158
vn 0.1149 -0.3841 0.9161
vn 0.1226 -0.3741 0.9193
vn 0.0804 -0.3899 0.9173
vn 0.1280 -0.3591 0.9245
vn 0.2229 -0.2975 0.9283
vn 0.2042 -0.3064 0.9297
vn 0.1792 -0.3271 0.9278
vn 0.2339 -0.2564 0.9378
vn 0.2953 -0.1555 0.9427
vn 0.2689 -0.1569 0.9503
vn 0.2642 -0.0682 0.9621
vn 0.2929 0.2055 0.9338
vn 0.2770 0.4749 0.8353
vn 0.2293 0.5608 0.7956
vn 0.2017 0.5162 0.8324
vn 0.2139 0.1993 0.9563
vn 0.1949 -0.2948 0.9355
vn 0.1909 -0.5672 0.8012
vn 0.2367 -0.4799 0.8448
vn 0.2815 -0.2119 0.9359
vn 0.3042 -0.0101 0.9525
vn 0.3215 0.0818 0.9434
vn 0.2834 0.2242 0.9324
vn 0.2374 0.3316 0.9131
vn 0.2463 0.3110 0.9179
vn 0.2534 0.3013 0.9192
vn 0.1793 0.3744 0.9098
vn 0.1276 0.4228 0.8972
vn 0.1540 0.3933 0.9064
vn 0.1439 0.4010 0.9047
vn 0.0478 0.4428 0.8954
vn 0.0103 0.4602 0.8878
vn 0.0500 0.4424 0.8954
vn 0.0158 0.4517 0.8920
vn -0.0821 0.4517 0.8884
vn -0.0939 0.4551 0.8855
vn -0.0511 0.4549 0.8891
vn -0.1076 0.4422 0.8904
vn -0.1892 0.4024 0.8957
vn -0.1790 0.4092 0.8947
vn -0.1467 0.4209 0.8952
vn -0.2181 0.3636 0.9057
vn -0.2732 0.2997 0.9141
vn -0.2529 0.3187 0.9135
vn -0.2403 0.3150 0.9182
vn -0.3077 0.1670 0.9367
vn -0.3336 0.0125 0.9426
vn -0.3132 -0.1276 0.9411
vn -0.2870 -0.3481 0.8924
vn -0.2534 -0.5690 0.7823
vn -0.2214 -0.5252 0.8217
vn -0.2045 -0.1277 0.9705
vn -0.1795 0.3420 0.9224
vn -0.1816 0.5069 0.8427
vn -0.2186 0.4973 0.8396
vn -0.2705 0.3659 0.8905
vn -0.2948 0.0923 0.9511
vn -0.2696 -0.1732 0.9473
vn -0.2767 -0.2357 0.9316
vn -0.2839 -0.2393 0.9285
vn -0.2331 -0.3409 0.9108
vn -0.1806 -0.4088 0.8946
vn -0.2051 -0.3833 0.9006
vn -0.2053 -0.3727 0.9050
vn -0.1287 -0.4389 0.8893
vn -0.0848 -0.4590 0.8844
vn -0.1234 -0.4382 0.8903
vn -0.1032 -0.4357 0.8941
vn -0.0084 -0.4640 0.8858
vn 0.0157 -0.4579 0.8889
vn -0.0252 -0.4535 0.8909
vn 0.0214 -0.4417 0.8969
vn 0.1214 -0.4264 0.8964
vn 0.1201 -0.4179 0.9005
vn 0.0912 -0.4278 0.8992
vn 0.1553 -0.3893 0.9079
vn 0.2387 -0.3373 0.9106
vn 0.2154 -0.3478 0.9125
vn 0.2049 -0.3560 0.9117
vn 0.2682 -0.2784 0.9222
vn 0.3194 -0.2020 0.9258
vn 0.2915 -0.2174 0.9315
vn 0.2989 -0.1359 0.9445
vn 0.3343 0.1224 0.9345
vn 0.3186 0.3935 0.8624
vn 0.2630 0.5055 0.8218
vn 0.2252 0.4876 0.8435
vn 0.2275 0.1597 0.9606
vn 0.2089 -0.3147 0.9259
vn 0.2202 -0.5317 0.8178
vn 0.2840 -0.3792 0.8807
vn 0.3268 -0.0860 0.9412
vn 0.3445 0.0796 0.9354
vn 0.3515 0.1506 0.9240
vn 0.3076 0.2802 0.9093
vn 0.2671 0.3613 0.8934
vn 0.2769 0.3359 0.9003
vn 0.2702 0.3405 0.9006
vn 0.1915 0.4182 0.8879
vn 0.1496 0.4547 0.8780
vn 0.1717 0.4287 0.8870
vn 0.1442 0.4460 0.8833
vn 0.0476 0.4880 0.8715
vn 0.0224 0.4993 0.8661
vn 0.0518 0.4843 0.8734
vn 0.0014 0.4960 0.8683
vn -0.0915 0.4963 0.8633
vn -0.0915 0.4996 0.8614
vn -0.0632 0.4965 0.8657
vn -0.1307 0.4814 0.8667
vn -0.2035 0.4455 0.8719
vn -0.1853 0.4552 0.8709
vn -0.1700 0.4544 0.8744
vn -0.2478 0.3944 0.8849
vn -0.2939 0.3403 0.8932
vn -0.2711 0.3627 0.8916
vn -0.2731 0.3429 0.8988
vn -0.3431 0.2095 0.9156
vn -0.3637 0.0932 0.9268
vn -0.3484 -0.0249 0.9370
vn -0.3304 -0.2691 0.9046
vn -0.2905 -0.5215 0.8023
vn -0.2446 -0.4772 0.8441
vn -0.2167 -0.0774 0.9732
vn -0.1925 0.3500 0.9167
vn -0.2119 0.4684 0.8577
vn -0.2643 0.4175 0.8694
vn -0.3202 0.2443 0.9153
vn -0.3313 -0.0403 0.9427
vn -0.3023 -0.2549 0.9185
vn -0.3098 -0.2791 0.9089
vn -0.3072 -0.2892 0.9067
vn -0.2503 -0.3890 0.8866
vn -0.2066 -0.4425 0.8726
vn -0.2307 -0.4145 0.8803
vn -0.2165 -0.4196 0.8815
vn -0.1386 -0.4844 0.8638
vn -0.1062 -0.4971 0.8612
vn -0.1398 -0.4770 0.8677
vn -0.1023 -0.4826 0.8698
vn -0.0124 -0.5085 0.8610
vn 0.0014 -0.5004 0.8658
vn -0.0290 -0.4948 0.8685
vn 0.0352 -0.4831 0.8749
vn 0.1258 -0.4694 0.8740
vn 0.1189 -0.4616 0.8791
vn 0.1045 -0.4656 0.8788
vn 0.1819 -0.4217 0.8883
vn 0.2535 -0.3786 0.8902
vn 0.2287 -0.3882 0.8927
vn 0.2328 -0.3837 0.8936
vn 0.3024 -0.3008 0.9045
vn 0.3436 -0.2433 0.9070
vn 0.3164 -0.2629 0.9115
vn 0.3345 -0.1842 0.9242
vn 0.3738 0.0514 0.9261
vn 0.3588 0.3069 0.8815
vn 0.2973 0.4407 0.8470
vn 0.2484 0.4499 0.8579
vn 0.2426 0.1219 0.9624
vn 0.2290 -0.3175 0.9202
vn 0.2603 -0.4732 0.8416
vn 0.3365 -0.2672 0.9030
vn 0.3718 0.0225 0.9280
vn 0.3841 0.1451 0.9118
vn 0.3817 0.2035 0.9016
vn 0.3339 0.3257 0.8845
vn 0.2988 0.3869 0.8724
vn 0.3073 0.3619 0.8801
vn 0.2871 0.3812 0.8788
vn 0.2059 0.4608 0.8633
vn 0.1724 0.4869 0.8563
vn 0.1878 0.4663 0.8645
vn 0.1444 0.4922 0.8584
vn 0.0495 0.5331 0.8446
vn 0.0341 0.5389 0.8417
vn 0.0514 0.5275 0.8480
vn -0.0129 0.5408 0.8411
vn -0.0991 0.5413 0.8349
vn -0.0903 0.5440 0.8342
vn -0.0772 0.5387 0.8390
vn -0.1526 0.5215 0.8395
vn -0.2158 0.4898 0.8447
vn -0.1927 0.4999 0.8444
vn -0.1947 0.4879 0.8509
vn -0.2764 0.4269 0.8610
vn -0.3139 0.3817 0.8693
vn -0.2910 0.4031 0.8677
vn -0.3079 0.3666 0.8780
vn -0.3783 0.2453 0.8926
vn -0.3933 0.1602 0.9053
vn -0.3828 0.0632 0.9217
vn -0.3746 -0.1923 0.9070
vn -0.3300 -0.4623 0.8230
vn -0.2690 -0.4177 0.8679
vn -0.2301 -0.0319 0.9726
vn -0.2126 0.3385 0.9166
vn -0.2524 0.4093 0.8768
vn -0.3175 0.3206 0.8924
vn -0.3700 0.1232 0.9208
vn -0.3662 -0.1467 0.9189
vn -0.3361 -0.3111 0.8889
vn -0.3429 -0.3116 0.8862
vn -0.3302 -0.3345 0.8826
vn -0.2689 -0.4333 0.8602
vn -0.2335 -0.4751 0.8484
vn -0.2551 -0.4480 0.8569
vn -0.2276 -0.4676 0.8542
vn -0.1504 -0.5287 0.8354
vn -0.1281 -0.5351 0.8350
vn -0.1543 -0.5171 0.8419
vn -0.1019 -0.5300 0.8419
vn -0.0185 -0.5526 0.8333
vn -0.0128 -0.5430 0.8397
vn -0.0309 -0.5366 0.8433
vn 0.0478 -0.5255 0.8495
vn 0.1284 -0.5129 0.8488
vn 0.1191 -0.5053 0.8547
vn 0.1202 -0.5035 0.8556
vn 0.2079 -0.4566 0.8650
vn 0.2676 -0.4214 0.8665
vn 0.2443 -0.4283 0.8700
vn 0.2627 -0.4116 0.8727
vn 0.3365 -0.3254 0.8837
vn 0.3681 -0.2830 0.8857
vn 0.3441 -0.2997 0.8898
vn 0.3716 -0.2200 0.9020
vn 0.4123 -0.0096 0.9110
vn 0.3977 0.2174 0.8914
vn 0.3325 0.3673 0.8686
vn 0.2726 0.4032 0.8736
vn 0.2623 0.0891 0.9609
vn 0.2582 -0.3020 0.9177
vn 0.3113 -0.3936 0.8650
vn 0.3915 -0.1522 0.9075
vn 0.4164 0.1088 0.9027
vn 0.4238 0.1925 0.8850
vn 0.4127 0.2481 0.8764
vn 0.3625 0.3658 0.8572
vn 0.3324 0.4112 0.8488
vn 0.3377 0.3900 0.8567
vn 0.3045 0.4231 0.8533
vn 0.2225 0.5023 0.8356
vn 0.1957 0.5196 0.8317
vn 0.2022 0.5062 0.8384
vn 0.1446 0.5394 0.8295
vn 0.0535 0.5780 0.8143
vn 0.0454 0.5792 0.8139
vn 0.0490 0.5720 0.8188
vn -0.0268 0.5861 0.8098
vn -0.1051 0.5868 0.8029
vn -0.0905 0.5884 0.8035
vn -0.0927 0.5814 0.8083
vn -0.1730 0.5627 0.8084
vn -0.2262 0.5349 0.8141
vn -0.2012 0.5435 0.8149
vn -0.2206 0.5217 0.8241
vn -0.3038 0.4612 0.8337
vn -0.3335 0.4240 0.8420
vn -0.3127 0.4414 0.8411
vn -0.3443 0.3893 0.8543
vn -0.4135 0.2784 0.8669
vn -0.4236 0.2167 0.8795
vn -0.4181 0.1366 0.8981
vn -0.4201 -0.1191 0.8996
vn -0.3730 -0.3903 0.8418
vn -0.2970 -0.3463 0.8899
vn -0.2481 0.0062 0.9687
vn -0.2429 0.3053 0.9207
vn -0.3032 0.3305 0.8938
vn -0.3748 0.2158 0.9016
vn -0.4180 0.0123 0.9084
vn -0.4006 -0.2284 0.8873
vn -0.3715 -0.3504 0.8598
vn -0.3761 -0.3398 0.8620
vn -0.3532 -0.3788 0.8554
vn -0.2889 -0.4760 0.8307
vn -0.2611 -0.5078 0.8209
vn -0.2783 -0.4843 0.8294
vn -0.2388 -0.5163 0.8224
vn -0.1642 -0.5721 0.8036
vn -0.1500 -0.5732 0.8055
vn -0.1670 -0.5584 0.8126
vn -0.1022 -0.5775 0.8100
vn -0.0266 -0.5963 0.8023
vn -0.0266 -0.5857 0.8101
vn -0.0312 -0.5790 0.8148
vn 0.0590 -0.5688 0.8204
vn 0.1297 -0.5569 0.8204
vn 0.1211 -0.5491 0.8269
vn 0.1382 -0.5420 0.8289
vn 0.2333 -0.4939 0.8376
vn 0.2814 -0.4657 0.8390
vn 0.2622 -0.4684 0.8437
vn 0.2943 -0.4402 0.8483
vn 0.3705 -0.3529 0.8592
vn 0.3933 -0.3222 0.8611
vn 0.3747 -0.3315 0.8659
vn 0.4104 -0.2482 0.8775
vn 0.4507 -0.0633 0.8904
vn 0.4357 0.1276 0.8910
vn 0.3694 0.2869 0.8839
vn 0.3000 0.3480 0.8882
vn 0.2906 0.0635 0.9547
vn 0.2995 -0.2678 0.9157
vn 0.3715 -0.2982 0.8792
vn 0.4472 -0.0425 0.8934
vn 0.4612 0.1737 0.8701
vn 0.4643 0.2287 0.8557
vn 0.4451 0.2892 0.8475
vn 0.3935 0.4032 0.8262
vn 0.3678 0.4355 0.8216
vn 0.3684 0.4203 0.8292
vn 0.3229 0.4661 0.8237
vn 0.2411 0.5426 0.8046
vn 0.2190 0.5532 0.8037
vn 0.2151 0.5484 0.8081
vn 0.1452 0.5876 0.7961
vn 0.0594 0.6230 0.7800
vn 0.0560 0.6206 0.7821
vn 0.0450 0.6178 0.7851
vn -0.0401 0.6320 0.7739
vn -0.1098 0.6326 0.7666
vn -0.0923 0.6330 0.7686
vn -0.1092 0.6249 0.7730
vn -0.1916 0.6049 0.7729
vn -0.2348 0.5807 0.7795
vn -0.2110 0.5860 0.7824
vn -0.2473 0.5557 0.7937
vn -0.3301 0.4969 0.8025
vn -0.3530 0.4671 0.8107
vn -0.3366 0.4782 0.8112
vn -0.3823 0.4127 0.8268
vn -0.4488 0.3111 0.8377
vn -0.4554 0.2658 0.8497
vn -0.4558 0.1965 0.8682
vn -0.4681 -0.0500 0.8822
vn -0.4207 -0.3053 0.8543
vn -0.3312 -0.2638 0.9059
vn -0.2748 0.0352 0.9608
vn -0.2859 0.2508 0.9248
vn -0.3625 0.2361 0.9016
vn -0.4334 0.1126 0.8942
vn -0.4637 -0.0827 0.8821
vn -0.4355 -0.2906 0.8520
vn -0.4086 -0.3798 0.8299
vn -0.4094 -0.3677 0.8350
vn -0.3762 -0.4236 0.8240
vn -0.3102 -0.5178 0.7973
vn -0.2892 -0.5415 0.7894
vn -0.3006 -0.5236 0.7972
vn -0.2504 -0.5656 0.7857
vn -0.1799 -0.6145 0.7681
vn -0.1720 -0.6114 0.7724
vn -0.1780 -0.6008 0.7793
vn -0.1033 -0.6249 0.7738
vn -0.0363 -0.6397 0.7677
vn -0.0397 -0.6285 0.7768
vn -0.0300 -0.6219 0.7826
vn 0.0687 -0.6127 0.7873
vn 0.1302 -0.6012 0.7884
vn 0.1252 -0.5930 0.7954
vn 0.1586 -0.5814 0.7980
vn 0.2580 -0.5339 0.8052
vn 0.2953 -0.5115 0.8069
vn 0.2824 -0.5089 0.8132
vn 0.3274 -0.4701 0.8197
vn 0.4043 -0.3834 0.8304
vn 0.4196 -0.3615 0.8326
vn 0.4082 -0.3607 0.8386
vn 0.4510 -0.2726 0.8498
vn 0.4893 -0.1119 0.8649
vn 0.4732 0.0400 0.8800
vn 0.4088 0.2021 0.8900
vn 0.3332 0.2858 0.8985
vn 0.3315 0.0468 0.9423
vn 0.3550 -0.2162 0.9095
vn 0.4388 -0.1949 0.8772
vn 0.5030 0.0549 0.8626
vn 0.5073 0.2213 0.8329
vn 0.5059 0.2592 0.8227
vn 0.4791 0.3297 0.8135
vn 0.4269 0.4391 0.7905
vn 0.4051 0.4604 0.7899
vn 0.3995 0.4528 0.7971
vn 0.3423 0.5094 0.7895
vn 0.2616 0.5818 0.7701
vn 0.2419 0.5881 0.7717
vn 0.2263 0.5929 0.7728
vn 0.1460 0.6367 0.7572
vn 0.0670 0.6682 0.7410
vn 0.0659 0.6633 0.7454
vn 0.0396 0.6647 0.7460
vn -0.0527 0.6783 0.7329
vn -0.1135 0.6788 0.7255
vn -0.0958 0.6781 0.7287
vn -0.1264 0.6693 0.7322
vn -0.2082 0.6482 0.7324
vn -0.2416 0.6269 0.7407
vn -0.2221 0.6274 0.7464
vn -0.2745 0.5901 0.7592
vn -0.3556 0.5340 0.7671
vn -0.3728 0.5105 0.7749
vn -0.3630 0.5141 0.7771
vn -0.4216 0.4376 0.7942
vn -0.4846 0.3447 0.8040
vn -0.4894 0.3094 0.8153
vn -0.4970 0.2448 0.8325
vn -0.5194 0.0145 0.8544
vn -0.4742 -0.2091 0.8553
vn -0.3750 -0.1722 0.9109
vn -0.3150 0.0543 0.9475
vn -0.3424 0.1791 0.9223
vn -0.4276 0.1340 0.8940
vn -0.4910 0.0186 0.8709
vn -0.5077 -0.1610 0.8464
vn -0.4719 -0.3393 0.8138
vn -0.4474 -0.4042 0.7978
vn -0.4428 -0.3974 0.8037
vn -0.3992 -0.4696 0.7875
vn -0.3325 -0.5596 0.7591
vn -0.3174 -0.5768 0.7527
vn -0.3220 -0.5661 0.7588
vn -0.2630 -0.6152 0.7432
vn -0.1978 -0.6562 0.7282
vn -0.1938 -0.6497 0.7350
vn -0.1875 -0.6443 0.7415
vn -0.1052 -0.6718 0.7332
vn -0.0473 -0.6828 0.7291
vn -0.0522 -0.6714 0.7392
vn -0.0277 -0.6653 0.7460
vn 0.0767 -0.6570 0.7499
vn 0.1303 -0.6456 0.7525
vn 0.1318 -0.6371 0.7594
vn 0.1814 -0.6219 0.7618
vn 0.2823 -0.5766 0.7667
vn 0.3097 -0.5590 0.7691
vn 0.3048 -0.5504 0.7772
vn 0.3618 -0.5018 0.7857
vn 0.4379 -0.4171 0.7964
vn 0.4472 -0.4011 0.7995
vn 0.4446 -0.3886 0.8070
vn 0.4934 -0.2957 0.8180
vn 0.5285 -0.1575 0.8342
vn 0.5109 -0.0427 0.8586
vn 0.4517 0.1160 0.8846
vn 0.3754 0.2192 0.9006
vn 0.3890 0.0393 0.9204
vn 0.4256 -0.1507 0.8923
vn 0.5112 -0.0919 0.8545
vn 0.5591 0.1354 0.8180
vn 0.5557 0.2565 0.7908
vn 0.5493 0.2880 0.7844
vn 0.5150 0.3709 0.7728
vn 0.4630 0.4742 0.7488
vn 0.4444 0.4863 0.7523
vn 0.4314 0.4871 0.7594
vn 0.3633 0.5524 0.7502
vn 0.2837 0.6198 0.7317
vn 0.2640 0.6244 0.7351
vn 0.2356 0.6396 0.7317
vn 0.1473 0.6866 0.7119
vn 0.0762 0.7138 0.6962
vn 0.0749 0.7076 0.7027
vn 0.0331 0.7127 0.7006
vn -0.0645 0.7250 0.6857
vn -0.1167 0.7254 0.6784
vn -0.1012 0.7238 0.6825
vn -0.1437 0.7144 0.6848
vn -0.2222 0.6925 0.6863
vn -0.2465 0.6732 0.6972
vn -0.2343 0.6677 0.7066
vn -0.3020 0.6246 0.7202
vn -0.3806 0.5718 0.7268
vn -0.3933 0.5539 0.7338
vn -0.3921 0.5495 0.7378
vn -0.4621 0.4648 0.7553
vn -0.5210 0.3798 0.7644
vn -0.5262 0.3491 0.7754
vn -0.5430 0.2834 0.7905
vn -0.5748 0.0737 0.8150
vn -0.5342 -0.1060 0.8387
vn -0.4315 -0.0761 0.8989
vn -0.3726 0.0644 0.9258
vn -0.4116 0.0980 0.9061
vn -0.4955 0.0341 0.8680
vn -0.5470 -0.0624 0.8348
vn -0.5509 -0.2253 0.8036
vn -0.5102 -0.3791 0.7720
vn -0.4880 -0.4265 0.7616
vn -0.4765 -0.4298 0.7670
vn -0.4221 -0.5168 0.7448
vn -0.3557 -0.6019 0.7150
vn -0.3455 -0.6145 0.7092
vn -0.3429 -0.6119 0.7128
vn -0.2769 -0.6647 0.6939
vn -0.2179 -0.6970 0.6831
vn -0.2155 -0.6882 0.6928
vn -0.1956 -0.6884 0.6985
vn -0.1080 -0.7180 0.6876
vn -0.0594 -0.7253 0.6858
vn -0.0638 -0.7144 0.6969
vn -0.0248 -0.7092 0.7046
vn 0.0830 -0.7016 0.7078
vn 0.1305 -0.6900 0.7119
vn 0.1413 -0.6814 0.7181
vn 0.2066 -0.6637 0.7189
vn 0.3062 -0.6220 0.7207
vn 0.3248 -0.6083 0.7242
vn 0.3292 -0.5933 0.7346
vn 0.3970 -0.5358 0.7452
vn 0.4713 -0.4539 0.7562
vn 0.4765 -0.4409 0.7606
vn 0.4841 -0.4160 0.7698
vn 0.5373 -0.3193 0.7806
vn 0.5684 -0.2014 0.7977
vn 0.5496 -0.1183 0.8270
vn 0.4995 0.0326 0.8657
vn 0.4293 0.1525 0.8902
vn 0.4655 0.0407 0.8841
vn 0.5105 -0.0778 0.8563
vn 0.5874 0.0040 0.8093
vn 0.6170 0.1980 0.7616
vn 0.6072 0.2834 0.7423
vn 0.5948 0.3174 0.7386
vn 0.5530 0.4134 0.7234
vn 0.5017 0.5089 0.6995
vn 0.4860 0.5133 0.7074
vn 0.4645 0.5226 0.7149
vn 0.3860 0.5946 0.7054
vn 0.3072 0.6564 0.6891
vn 0.2846 0.6623 0.6930
vn 0.2427 0.6883 0.6836
vn 0.1487 0.7373 0.6590
vn 0.0865 0.7600 0.6441
vn 0.0831 0.7534 0.6522
vn 0.0259 0.7616 0.6475
vn -0.0754 0.7720 0.6312
vn -0.1197 0.7721 0.6241
vn -0.1085 0.7702 0.6285
vn -0.1605 0.7603 0.6294
vn -0.2332 0.7378 0.6335
vn -0.2492 0.7193 0.6485
vn -0.2475 0.7070 0.6625
vn -0.3296 0.6589 0.6761
vn -0.4053 0.6098 0.6811
vn -0.4152 0.5969 0.6865
vn -0.4242 0.5846 0.6916
vn -0.5035 0.4948 0.7083
vn -0.5583 0.4167 0.7174
vn -0.5666 0.3856 0.7282
vn -0.5944 0.3139 0.7404
vn -0.6349 0.1267 0.7621
vn -0.6009 -0.0030 0.7993
vn -0.5027 0.0186 0.8643
vn -0.4502 0.0678 0.8903
vn -0.4914 0.0176 0.8708
vn -0.5635 -0.0539 0.8244
vn -0.6013 -0.1303 0.7883
vn -0.5942 -0.2796 0.7542
vn -0.5508 -0.4135 0.7250
vn -0.5303 -0.4483 0.7196
vn -0.5104 -0.4652 0.7233
vn -0.4449 -0.5651 0.6948
vn -0.3794 -0.6451 0.6632
vn -0.3732 -0.6551 0.6569
vn -0.3634 -0.6607 0.6569
vn -0.2929 -0.7137 0.6362
vn -0.2407 -0.7370 0.6316
vn -0.2372 -0.7267 0.6448
vn -0.2027 -0.7327 0.6496
vn -0.1116 -0.7631 0.6365
vn -0.0720 -0.7674 0.6372
vn -0.0745 -0.7572 0.6489
vn -0.0216 -0.7532 0.6574
vn 0.0874 -0.7458 0.6604
vn 0.1314 -0.7341 0.6662
vn 0.1543 -0.7257 0.6704
vn 0.2344 -0.7068 0.6675
vn 0.3298 -0.6700 0.6651
vn 0.3407 -0.6596 0.6700
vn 0.3551 -0.6381 0.6832
vn 0.4326 -0.5725 0.6965
vn 0.5044 -0.4937 0.7084
vn 0.5078 -0.4807 0.7149
vn 0.5264 -0.4437 0.7253
vn 0.5825 -0.3447 0.7361
vn 0.6089 -0.2451 0.7545
vn 0.5896 -0.1854 0.7861
vn 0.5530 -0.0431 0.8321
vn 0.4967 0.0912 0.8631
vn 0.5601 0.0503 0.8269
vn 0.6070 -0.0051 0.7947
vn 0.6665 0.0872 0.7404
vn 0.6781 0.2441 0.6933
vn 0.6623 0.3049 0.6843
vn 0.6425 0.3487 0.6824
vn 0.5928 0.4574 0.6629
vn 0.5432 0.5432 0.6403
vn 0.5298 0.5412 0.6530
vn 0.4992 0.5585 0.6625
vn 0.4107 0.6349 0.6544
vn 0.3315 0.6916 0.6417
vn 0.3029 0.7018 0.6447
vn 0.2468 0.7387 0.6273
vn 0.1498 0.7883 0.5968
vn 0.0978 0.8067 0.5828
vn 0.0905 0.8007 0.5922
vn 0.0183 0.8108 0.5851
vn -0.0855 0.8187 0.5678
vn -0.1230 0.8187 0.5608
vn -0.1176 0.8169 0.5647
vn -0.1761 0.8066 0.5643
vn -0.2404 0.7836 0.5728
vn -0.2495 0.7648 0.5939
vn -0.2614 0.7450 0.6137
vn -0.3571 0.6927 0.6266
vn -0.4303 0.6474 0.6290
vn -0.4391 0.6389 0.6317
vn -0.4592 0.6195 0.6367
vn -0.5453 0.5276 0.6514
vn -0.5965 0.4553 0.6610
vn -0.6109 0.4193 0.6716
vn -0.6519 0.3374 0.6791
vn -0.7000 0.1724 0.6930
vn -0.6737 0.0922 0.7333
vn -0.5883 0.1058 0.8017
vn -0.5467 0.0692 0.8345
vn -0.5785 -0.0518 0.8140
vn -0.6303 -0.1239 0.7664
vn -0.6541 -0.1871 0.7329
vn -0.6377 -0.3275 0.6972
vn -0.5937 -0.4446 0.6707
vn -0.5743 -0.4705 0.6699
vn -0.5444 -0.5035 0.6710
vn -0.4671 -0.6144 0.6358
vn -0.4027 -0.6897 0.6018
vn -0.3997 -0.6991 0.5929
vn -0.3834 -0.7120 0.5883
vn -0.3114 -0.7617 0.5682
vn -0.2665 -0.7758 0.5720
vn -0.2591 -0.7647 0.5900
vn -0.2089 -0.7767 0.5942
vn -0.1159 -0.8067 0.5795
vn -0.0848 -0.8086 0.5823
vn -0.0843 -0.7997 0.5945
vn -0.0188 -0.7969 0.6038
vn 0.0899 -0.7894 0.6072
vn 0.1336 -0.7776 0.6144
vn 0.1713 -0.7698 0.6149
vn 0.2651 -0.7506 0.6052
vn 0.3534 -0.7201 0.5971
vn 0.3571 -0.7127 0.6037
vn 0.3817 -0.6850 0.6205
vn 0.4677 -0.6122 0.6375
vn 0.5368 -0.5361 0.6515
vn 0.5414 -0.5203 0.6605
vn 0.5713 -0.4719 0.6715
vn 0.6285 -0.3729 0.6826
vn 0.6494 -0.2894 0.7033
vn 0.6314 -0.2434 0.7363
vn 0.6122 -0.1064 0.7835
vn 0.5774 0.0420 0.8154
vn 0.6942 0.0639 0.7169
vn 0.7213 0.0561 0.6904
vn 0.7490 0.1530 0.6447
vn 0.7430 0.2757 0.6099
vn 0.7213 0.3230 0.6128
vn 0.6921 0.3824 0.6121
vn 0.6339 0.5023 0.5881
vn 0.5868 0.5769 0.5682
vn 0.5760 0.5693 0.5866
vn 0.5362 0.5934 0.6003
vn 0.4379 0.6724 0.5968
vn 0.3563 0.7251 0.5893
vn 0.3179 0.7427 0.5893
vn 0.2470 0.7900 0.5612
vn 0.1499 0.8389 0.5233
vn 0.1094 0.8533 0.5098
vn 0.0973 0.8486 0.5200
vn 0.0109 0.8593 0.5113
vn -0.0947 0.8644 0.4937
vn -0.1271 0.8644 0.4865
vn -0.1283 0.8631 0.4885
vn -0.1894 0.8524 0.4873
vn -0.2429 0.8296 0.5028
vn -0.2468 0.8094 0.5328
vn -0.2755 0.7817 0.5595
vn -0.3845 0.7253 0.5711
vn -0.4562 0.6835 0.5698
vn -0.4655 0.6789 0.5678
vn -0.4969 0.6540 0.5704
vn -0.5869 0.5630 0.5818
vn -0.6354 0.4950 0.5926
vn -0.6595 0.4499 0.6022
vn -0.7154 0.3542 0.6022
vn -0.7692 0.2096 0.6036
vn -0.7535 0.1714 0.6347
vn -0.7039 0.1742 0.6886
vn -0.6926 0.0726 0.7177
vn -0.6985 -0.0937 0.7095
vn -0.7047 -0.1697 0.6889
vn -0.7062 -0.2356 0.6676
vn -0.6811 -0.3719 0.6307
vn -0.6386 -0.4733 0.6068
vn -0.6197 -0.4933 0.6104
vn -0.5779 -0.5441 0.6083
vn -0.4879 -0.6644 0.5662
vn -0.4242 -0.7357 0.5280
vn -0.4237 -0.7460 0.5137
vn -0.4026 -0.7644 0.5036
vn -0.3330 -0.8074 0.4871
vn -0.2958 -0.8125 0.5023
vn -0.2814 -0.8019 0.5271
vn -0.2145 -0.8195 0.5314
vn -0.1206 -0.8482 0.5158
vn -0.0974 -0.8485 0.5201
vn -0.0932 -0.8413 0.5325
vn -0.0168 -0.8397 0.5427
vn 0.0906 -0.8317 0.5477
vn 0.1378 -0.8200 0.5556
vn 0.1933 -0.8128 0.5495
vn 0.2990 -0.7942 0.5290
vn 0.3767 -0.7711 0.5133
vn 0.3736 -0.7669 0.5218
vn 0.4077 -0.7338 0.5434
vn 0.5012 -0.6547 0.5658
vn 0.5681 -0.5805 0.5833
vn 0.5771 -0.5591 0.5953
vn 0.6181 -0.5009 0.6058
vn 0.6743 -0.4047 0.6177
vn 0.6891 -0.3352 0.6425
vn 0.6769 -0.2915 0.6759
vn 0.6895 -0.1487 0.7088
vn 0.6952 0.0141 0.7187
vn 0.8180 0.0809 0.5695
vn 0.8319 0.0990 0.5460
vn 0.8326 0.1974 0.5174
vn 0.8114 0.2939 0.5052
vn 0.7830 0.3377 0.5224
vn 0.7425 0.4178 0.5236
vn 0.6746 0.5472 0.4956
vn 0.6317 0.6092 0.4794
vn 0.6242 0.5963 0.5047
vn 0.5757 0.6255 0.5266
vn 0.4678 0.7058 0.5319
vn 0.3810 0.7566 0.5314
vn 0.3285 0.7845 0.5259
vn 0.2422 0.8410 0.4838
vn 0.1480 0.8875 0.4363
vn 0.1208 0.8984 0.4221
vn 0.1036 0.8954 0.4330
vn 0.0040 0.9056 0.4240
vn -0.1032 0.9076 0.4069
vn -0.1324 0.9076 0.3984
vn -0.1403 0.9070 0.3972
vn -0.1993 0.8962 0.3963
vn -0.2394 0.8744 0.4220
vn -0.2404 0.8524 0.4644
vn -0.2892 0.8166 0.4995
vn -0.4116 0.7558 0.5092
vn -0.4836 0.7169 0.5023
vn -0.4949 0.7158 0.4927
vn -0.5364 0.6874 0.4896
vn -0.6268 0.6003 0.4968
vn -0.6744 0.5347 0.5091
vn -0.7120 0.4761 0.5162
vn -0.7834 0.3635 0.5041
vn -0.8400 0.2370 0.4881
vn -0.8337 0.2282 0.5029
vn -0.8129 0.2178 0.5401
vn -0.8173 0.0836 0.5701
vn -0.8011 -0.0987 0.5903
vn -0.7762 -0.1894 0.6013
vn -0.7576 -0.2780 0.5906
vn -0.7236 -0.4144 0.5520
vn -0.6845 -0.5000 0.5305
vn -0.6661 -0.5163 0.5383
vn -0.6102 -0.5861 0.5329
vn -0.5059 -0.7140 0.4839
vn -0.4418 -0.7823 0.4391
vn -0.4431 -0.7944 0.4155
vn -0.4200 -0.8152 0.3988
vn -0.3581 -0.8485 0.3896
vn -0.3291 -0.8457 0.4201
vn -0.3047 -0.8369 0.4547
vn -0.2194 -0.8602 0.4603
vn -0.1254 -0.8869 0.4446
vn -0.1092 -0.8866 0.4495
vn -0.1014 -0.8811 0.4618
vn -0.0164 -0.8807 0.4735
vn 0.0894 -0.8720 0.4813
vn 0.1448 -0.8604 0.4887
vn 0.2209 -0.8535 0.4720
vn 0.3362 -0.8351 0.4353
vn 0.3993 -0.8203 0.4094
vn 0.3885 -0.8202 0.4199
vn 0.4307 -0.7834 0.4481
vn 0.5311 -0.6993 0.4785
vn 0.5974 -0.6258 0.5016
vn 0.6145 -0.5963 0.5166
vn 0.6657 -0.5302 0.5252
vn 0.7183 -0.4402 0.5387
vn 0.7268 -0.3832 0.5701
vn 0.7251 -0.3286 0.6051
vn 0.7684 -0.1622 0.6191
vn 0.8034 0.0148 0.5952
vn 0.8913 0.1090 0.4402
vn 0.9093 0.1338 0.3941
vn 0.9035 0.2231 0.3659
vn 0.8782 0.2983 0.3739
vn 0.8445 0.3479 0.4072
vn 0.7907 0.4529 0.4119
vn 0.7118 0.5898 0.3813
vn 0.6755 0.6379 0.3699
vn 0.6732 0.6195 0.4038
vn 0.6180 0.6520 0.4392
vn 0.5008 0.7337 0.4593
vn 0.4051 0.7857 0.4675
vn 0.3332 0.8264 0.4539
vn 0.2307 0.8897 0.3939
vn 0.1427 0.9317 0.3339
vn 0.1311 0.9393 0.3170
vn 0.1095 0.9382 0.3282
vn -0.0018 0.9471 0.3210
vn -0.1109 0.9458 0.3052
vn -0.1392 0.9455 0.2942
vn -0.1528 0.9454 0.2880
vn -0.2041 0.9353 0.2892
vn -0.2284 0.9163 0.3291
vn -0.2292 0.8927 0.3881
vn -0.3016 0.8492 0.4334
vn -0.4385 0.7832 0.4408
vn -0.5132 0.7455 0.4252
vn -0.5275 0.7474 0.4039
vn -0.5760 0.7178 0.3911
vn -0.6627 0.6374 0.3931
vn -0.7118 0.5724 0.4071
vn -0.7666 0.4953 0.4085
vn -0.8516 0.3628 0.3784
vn -0.9054 0.2527 0.3411
vn -0.8981 0.2687 0.3483
vn -0.8815 0.2560 0.3967
vn -0.8828 0.1094 0.4568
vn -0.8617 -0.0822 0.5008
vn -0.8315 -0.1965 0.5196
vn -0.8036 -0.3174 0.5034
vn -0.7627 -0.4558 0.4588
vn -0.7298 -0.5242 0.4389
vn -0.7119 -0.5383 0.4510
vn -0.6399 -0.6279 0.4429
vn -0.5192 -0.7619 0.3872
vn -0.4525 -0.8276 0.3323
vn -0.4547 -0.8405 0.2947
vn -0.4336 -0.8596 0.2705
vn -0.3864 -0.8812 0.2725
vn -0.3667 -0.8726 0.3227
vn -0.3292 -0.8683 0.3712
vn -0.2240 -0.8973 0.3803
vn -0.1297 -0.9219 0.3651
vn -0.1197 -0.9215 0.3695
vn -0.1091 -0.9180 0.3813
vn -0.0182 -0.9184 0.3952
vn 0.0865 -0.9091 0.4074
vn 0.1555 -0.8976 0.4125
vn 0.2553 -0.8891 0.3799
vn 0.3763 -0.8693 0.3206
vn 0.4198 -0.8629 0.2814
vn 0.3991 -0.8684 0.2943
vn 0.4474 -0.8307 0.3314
vn 0.5546 -0.7439 0.3728
vn 0.6230 -0.6699 0.4038
vn 0.6523 -0.6301 0.4213
vn 0.7116 -0.5586 0.4262
vn 0.7578 -0.4793 0.4428
vn 0.7600 -0.4333 0.4845
vn 0.7699 -0.3577 0.5285
vn 0.8290 -0.1565 0.5370
vn 0.8686 0.0379 0.4941
vn 0.9408 0.1526 0.3028
vn 0.9583 0.1731 0.2275
vn 0.9528 0.2378 0.1888
vn 0.9339 0.2886 0.2113
vn 0.8992 0.3504 0.2622
vn 0.8312 0.4841 0.2735
vn 0.7407 0.6265 0.2428
vn 0.7139 0.6593 0.2361
vn 0.7203 0.6345 0.2805
vn 0.6626 0.6694 0.3359
vn 0.5372 0.7539 0.3781
vn 0.4279 0.8117 0.3976
vn 0.3305 0.8671 0.3728
vn 0.2107 0.9332 0.2910
vn 0.1322 0.9676 0.2149
vn 0.1393 0.9714 0.1923
vn 0.1151 0.9722 0.2039
vn -0.0060 0.9796 0.2010
vn -0.1178 0.9752 0.1873
vn -0.1477 0.9739 0.1722
vn -0.1647 0.9734 0.1596
vn -0.2020 0.9654 0.1649
vn -0.2080 0.9522 0.2235
vn -0.2119 0.9289 0.3036
vn -0.3118 0.8789 0.3609
vn -0.4655 0.8061 0.3655
vn -0.5457 0.7671 0.3373
vn -0.5629 0.7705 0.2990
vn -0.6127 0.7419 0.2722
vn -0.6909 0.6712 0.2685
vn -0.7443 0.6046 0.2837
vn -0.8191 0.5035 0.2750
vn -0.9111 0.3481 0.2206
vn -0.9532 0.2556 0.1615
vn -0.9375 0.3036 0.1701
vn -0.9219 0.3031 0.2415
vn -0.9306 0.1510 0.3335
vn -0.9128 -0.0558 0.4047
vn -0.8782 -0.2036 0.4329
vn -0.8409 -0.3587 0.4052
vn -0.7950 -0.4961 0.3491
vn -0.7715 -0.5444 0.3292
vn -0.7550 -0.5572 0.3458
vn -0.6648 -0.6669 0.3366
vn -0.5251 -0.8054 0.2751
vn -0.4520 -0.8677 0.2068
vn -0.4540 -0.8782 0.1506
vn -0.4401 -0.8902 0.1176
vn -0.4165 -0.8993 0.1335
vn -0.4083 -0.8889 0.2078
vn -0.3552 -0.8934 0.2752
vn -0.2281 -0.9292 0.2908
vn -0.1328 -0.9517 0.2768
vn -0.1283 -0.9517 0.2790
vn -0.1163 -0.9499 0.2900
vn -0.0229 -0.9513 0.3076
vn 0.0819 -0.9420 0.3256
vn 0.1706 -0.9299 0.3258
vn 0.2967 -0.9157 0.2709
vn 0.4179 -0.8900 0.1825
vn 0.4355 -0.8911 0.1274
vn 0.4013 -0.9047 0.1432
vn 0.4530 -0.8707 0.1916
vn 0.5678 -0.7852 0.2473
vn 0.6426 -0.7099 0.2882
vn 0.6878 -0.6580 0.3066
vn 0.7520 -0.5838 0.3061
vn 0.7885 -0.5205 0.3278
vn 0.7849 -0.4856 0.3849
vn 0.8091 -0.3845 0.4445
vn 0.8809 -0.1440 0.4509
vn 0.9185 0.0741 0.3884
vn 0.9677 0.2115 0.1372
vn 0.9756 0.2176 0.0283
vn 0.9701 0.2419 -0.0204
vn 0.9649 0.2622 0.0169
vn 0.9363 0.3403 0.0867
vn 0.8558 0.5059 0.1083
vn 0.7541 0.6518 0.0810
vn 0.7403 0.6678 0.0780
vn 0.7609 0.6350 0.1336
vn 0.7081 0.6724 0.2156
vn 0.5772 0.7641 0.2880
vn 0.4488 0.8338 0.3214
vn 0.3186 0.9046 0.2830
vn 0.1803 0.9677 0.1762
vn 0.1149 0.9901 0.0804
vn 0.1438 0.9884 0.0486
vn 0.1201 0.9909 0.0606
vn -0.0081 0.9979 0.0644
vn -0.1239 0.9908 0.0539
vn -0.1576 0.9869 0.0332
vn -0.1745 0.9846 0.0131
vn -0.1910 0.9813 0.0250
vn -0.1766 0.9785 0.1063
vn -0.1873 0.9592 0.2116
vn -0.3187 0.9048 0.2823
vn -0.4926 0.8229 0.2832
vn -0.5813 0.7782 0.2376
vn -0.5997 0.7806 0.1763
vn -0.6423 0.7550 0.1320
vn -0.7067 0.6967 0.1233
vn -0.7670 0.6266 0.1383
vn -0.8615 0.4948 0.1143
vn -0.9488 0.3142 0.0328
vn -0.9687 0.2438 -0.0465
vn -0.9422 0.3332 -0.0341
vn -0.9322 0.3568 0.0608
vn -0.9601 0.2070 0.1881
vn -0.9561 -0.0180 0.2926
vn -0.9189 -0.2120 0.3327
vn -0.8671 -0.4039 0.2916
vn -0.8157 -0.5341 0.2223
vn -0.8052 -0.5581 0.2003
vn -0.7915 -0.5698 0.2212
vn -0.6817 -0.6998 0.2134
vn -0.5202 -0.8410 0.1486
vn -0.4363 -0.8974 0.0652
vn -0.4365 -0.8996 -0.0125
vn -0.4359 -0.8983 -0.0553
vn -0.4460 -0.8947 -0.0258
vn -0.4529 -0.8884 0.0753
vn -0.3827 -0.9088 0.1662
vn -0.2318 -0.9537 0.1918
vn -0.1340 -0.9746 0.1794
vn -0.1342 -0.9749 0.1776
vn -0.1234 -0.9745 0.1875
vn -0.0312 -0.9771 0.2105
vn 0.0757 -0.9689 0.2358
vn 0.1908 -0.9548 0.2280
vn 0.3450 -0.9275 0.1443
vn 0.4587 -0.8883 0.0227
vn 0.4428 -0.8953 -0.0491
vn 0.3905 -0.9202 -0.0293
vn 0.4423 -0.8963 0.0320
vn 0.5659 -0.8180 0.1032
vn 0.6528 -0.7416 0.1547
vn 0.7169 -0.6759 0.1712
vn 0.7814 -0.6020 0.1640
vn 0.8047 -0.5612 0.1935
vn 0.7972 -0.5394 0.2711
vn 0.8421 -0.4112 0.3490
vn 0.9276 -0.1259 0.3516
vn 0.9568 0.1232 0.2635
vn 0.9582 0.2823 -0.0462
vn 0.9469 0.2623 -0.1861
vn 0.9419 0.2316 -0.2434
vn 0.9566 0.2168 -0.1948
vn 0.9432 0.3134 -0.1102
vn 0.8553 0.5125 -0.0764
vn 0.7452 0.6598 -0.0967
vn 0.7473 0.6572 -0.0987
vn 0.7886 0.6140 -0.0333
vn 0.7513 0.6551 0.0793
vn 0.6205 0.7611 0.1890
vn 0.4669 0.8513 0.2394
vn 0.2959 0.9370 0.1859
vn 0.1384 0.9890 0.0528
vn 0.0893 0.9939 -0.0650
vn 0.1436 0.9836 -0.1091
vn 0.1245 0.9875 -0.0970
vn -0.0077 0.9964 -0.0849
vn -0.1287 0.9875 -0.0915
vn -0.1681 0.9786 -0.1186
vn -0.1807 0.9727 -0.1458
vn -0.1696 0.9775 -0.1254
vn -0.1331 0.9909 -0.0192
vn -0.1543 0.9815 0.1134
vn -0.3214 0.9260 0.1980
vn -0.5201 0.8317 0.1943
vn -0.6198 0.7746 0.1258
vn -0.6350 0.7716 0.0363
vn -0.6595 0.7512 -0.0262
vn -0.7046 0.7086 -0.0380
vn -0.7737 0.6331 -0.0254
vn -0.8834 0.4637 -0.0678
vn -0.9508 0.2579 -0.1715
vn -0.9400 0.2150 -0.2648
vn -0.9025 0.3524 -0.2474
vn -0.9019 0.4114 -0.1318
vn -0.9609 0.2756 0.0271
vn -0.9857 0.0319 0.1656
vn -0.9504 -0.2211 0.2188
vn -0.8771 -0.4514 0.1639
vn -0.8194 -0.5676 0.0805
vn -0.8253 -0.5621 0.0535
vn -0.8164 -0.5721 0.0782
vn -0.6872 -0.7225 0.0754
vn -0.5018 -0.8649 0.0116
vn -0.4026 -0.9114 -0.0853
vn -0.3997 -0.8981 -0.1834
vn -0.4188 -0.8767 -0.2367
vn -0.4712 -0.8596 -0.1979
vn -0.4978 -0.8643 -0.0718
vn -0.4111 -0.9105 0.0450
vn -0.2347 -0.9684 0.0840
vn -0.1323 -0.9885 0.0735
vn -0.1365 -0.9884 0.0659
vn -0.1303 -0.9887 0.0745
vn -0.0436 -0.9935 0.1048
vn 0.0682 -0.9880 0.1383
vn 0.2167 -0.9690 0.1190
vn 0.3984 -0.9172 0.0024
vn 0.4949 -0.8557 -0.1510
vn 0.4385 -0.8671 -0.2364
vn 0.3631 -0.9075 -0.2113
vn 0.4116 -0.9008 -0.1380
vn 0.5449 -0.8368 -0.0537
vn 0.6498 -0.7601 0.0061
vn 0.7339 -0.6790 0.0171
vn 0.7933 -0.6089 0.0032
vn 0.8004 -0.5979 0.0437
vn 0.7924 -0.5925 0.1452
vn 0.8662 -0.4374 0.2418
vn 0.9657 -0.1008 0.2392
vn 0.9749 0.1857 0.1226
vn 0.9058 0.3578 -0.2270
vn 0.8712 0.3020 -0.3871
vn 0.8687 0.2075 -0.4497
vn 0.9044 0.1552 -0.3975
vn 0.9124 0.2686 -0.3089
vn 0.8240 0.5005 -0.2656
vn 0.7104 0.6472 -0.2765
vn 0.7296 0.6236 -0.2807
vn 0.7973 0.5660 -0.2099
vn 0.7881 0.6117 -0.0683
vn 0.6661 0.7414 0.0818
vn 0.4817 0.8631 0.1519
vn 0.2615 0.9616 0.0839
vn 0.0848 0.9937 -0.0734
vn 0.0554 0.9755 -0.2130
vn 0.1376 0.9527 -0.2711
vn 0.1280 0.9572 -0.2595
vn -0.0048 0.9709 -0.2393
vn -0.1322 0.9613 -0.2417
vn -0.1786 0.9449 -0.2743
vn -0.1823 0.9341 -0.3069
vn -0.1376 0.9508 -0.2774
vn -0.0775 0.9861 -0.1469
vn -0.1125 0.9936 0.0120
vn -0.3187 0.9415 0.1094
vn -0.5481 0.8305 0.0993
vn -0.6598 0.7515 0.0035
vn -0.6650 0.7377 -0.1167
vn -0.6601 0.7257 -0.1940
vn -0.6815 0.7024 -0.2054
vn -0.7592 0.6201 -0.1976
vn -0.8760 0.4083 -0.2566
vn -0.9118 0.1806 -0.3689
vn -0.8684 0.1717 -0.4651
vn -0.8215 0.3596 -0.4426
vn -0.8302 0.4611 -0.3132
vn -0.9258 0.3526 -0.1360
vn -0.9953 0.0929 0.0282
vn -0.9687 -0.2300 0.0930
vn -0.8664 -0.4986 0.0266
vn -0.8015 -0.5939 -0.0701
vn -0.8263 -0.5533 -0.1053
vn -0.8246 -0.5603 -0.0781
vn -0.6782 -0.7313 -0.0725
vn -0.4684 -0.8741 -0.1290
vn -0.3511 -0.9069 -0.2331
vn -0.3451 -0.8723 -0.3465
vn -0.3892 -0.8248 -0.4102
vn -0.4886 -0.7905 -0.3692
vn -0.5397 -0.8112 -0.2252
vn -0.4392 -0.8943 -0.0854
vn -0.2368 -0.9711 -0.0310
vn -0.1269 -0.9911 -0.0394
vn -0.1347 -0.9894 -0.0542
vn -0.1372 -0.9894 -0.0466
vn -0.0607 -0.9981 -0.0074
vn 0.0595 -0.9976 0.0343
vn 0.2479 -0.9688 0.0005
vn 0.4537 -0.8789 -0.1475
vn 0.5234 -0.7880 -0.3241
vn 0.4217 -0.8054 -0.4166
vn 0.3198 -0.8655 -0.3854
vn 0.3610 -0.8817 -0.3039
vn 0.5031 -0.8376 -0.2129
vn 0.6307 -0.7613 -0.1507
vn 0.7335 -0.6633 -0.1486
vn 0.7821 -0.6002 -0.1674
vn 0.7712 -0.6264 -0.1134
vn 0.7671 -0.6415 0.0128
vn 0.8780 -0.4620 0.1250
vn 0.9910 -0.0680 0.1157
vn 0.9655 0.2591 -0.0257
vn 0.8176 0.4296 -0.3834
vn 0.7641 0.3343 -0.5517
vn 0.7659 0.1750 -0.6187
vn 0.8186 0.0843 -0.5681
vn 0.8477 0.2099 -0.4871
vn 0.7642 0.4712 -0.4405
vn 0.6527 0.6154 -0.4420
vn 0.6881 0.5684 -0.4509
vn 0.7840 0.4904 -0.3805
vn 0.8138 0.5387 -0.2180
vn 0.7119 0.7016 -0.0312
vn 0.4926 0.8682 0.0600
vn 0.2151 0.9764 -0.0192
vn 0.0209 0.9806 -0.1949
vn 0.0144 0.9354 -0.3534
vn 0.1264 0.8964 -0.4249
vn 0.1308 0.9005 -0.4148
vn 0.0006 0.9214 -0.3887
vn -0.1343 0.9122 -0.3872
vn -0.1883 0.8865 -0.4227
vn -0.1791 0.8706 -0.4582
vn -0.0962 0.9023 -0.4201
vn -0.0118 0.9631 -0.2690
vn -0.0622 0.9941 -0.0888
vn -0.3101 0.9505 0.0178
vn -0.5764 0.8172 -0.0005
vn -0.6989 0.7041 -0.1254
vn -0.6855 0.6747 -0.2738
vn -0.6426 0.6770 -0.3588
vn -0.6378 0.6778 -0.3658
vn -0.7227 0.5872 -0.3646
vn -0.8382 0.3322 -0.4325
vn -0.8391 0.0889 -0.5367
vn -0.7690 0.1197 -0.6279
vn -0.7139 0.3576 -0.6021
vn -0.7292 0.5027 -0.4643
vn -0.8559 0.4318 -0.2846
vn -0.9805 0.1617 -0.1115
vn -0.9705 -0.2376 -0.0408
vn -0.8322 -0.5429 -0.1124
vn -0.7606 -0.6110 -0.2197
vn -0.8052 -0.5299 -0.2662
vn -0.8124 -0.5322 -0.2383
vn -0.6531 -0.7240 -0.2221
vn -0.4205 -0.8679 -0.2643
vn -0.2859 -0.8855 -0.3664
vn -0.2781 -0.8277 -0.4874
vn -0.3507 -0.7498 -0.5610
vn -0.4971 -0.6918 -0.5237
vn -0.5750 -0.7283 -0.3729
vn -0.4654 -0.8575 -0.2192
vn -0.2377 -0.9597 -0.1502
vn -0.1171 -0.9807 -0.1564
vn -0.1282 -0.9755 -0.1790
vn -0.1442 -0.9745 -0.1722
vn -0.0826 -0.9890 -0.1229
vn 0.0498 -0.9960 -0.0743
vn 0.2837 -0.9509 -0.1241
vn 0.5069 -0.8102 -0.2944
vn 0.5426 -0.6893 -0.4800
vn 0.3955 -0.7182 -0.5726
vn 0.2653 -0.8015 -0.5359
vn 0.2948 -0.8424 -0.4510
vn 0.4424 -0.8205 -0.3620
vn 0.5950 -0.7435 -0.3054
vn 0.7128 -0.6270 -0.3143
vn 0.7467 -0.5747 -0.3349
vn 0.7170 -0.6444 -0.2658
vn 0.7205 -0.6834 -0.1178
vn 0.8750 -0.4842 0.0025
vn 0.9995 -0.0281 -0.0142
vn 0.9256 0.3387 -0.1688
vn 0.7563 0.4495 -0.4753
vn 0.6998 0.3326 -0.6322
vn 0.7127 0.1514 -0.6849
vn 0.7634 0.0458 -0.6443
vn 0.8031 0.1734 -0.5701
vn 0.7144 0.4639 -0.5238
vn 0.6172 0.5907 -0.5197
vn 0.6644 0.5303 -0.5266
vn 0.7681 0.4460 -0.4595
vn 0.8206 0.4891 -0.2954
vn 0.7332 0.6741 -0.0892
vn 0.4969 0.8677 0.0133
vn 0.1839 0.9802 -0.0735
vn -0.0212 0.9635 -0.2667
vn 0.0060 0.9029 -0.4298
vn 0.1238 0.8594 -0.4960
vn 0.1308 0.8629 -0.4882
vn 0.0007 0.8875 -0.4609
vn -0.1373 0.8784 -0.4577
vn -0.1927 0.8482 -0.4934
vn -0.1762 0.8310 -0.5277
vn -0.0838 0.8671 -0.4910
vn 0.0199 0.9392 -0.3427
vn -0.0293 0.9891 -0.1446
vn -0.3026 0.9527 -0.0287
vn -0.5892 0.8063 -0.0512
vn -0.7159 0.6718 -0.1904
vn -0.6917 0.6330 -0.3476
vn -0.6284 0.6443 -0.4358
vn -0.6111 0.6562 -0.4427
vn -0.6877 0.5737 -0.4449
vn -0.8072 0.2839 -0.5175
vn -0.7866 0.0283 -0.6168
vn -0.7151 0.1017 -0.6916
vn -0.6592 0.3307 -0.6753
vn -0.6647 0.5025 -0.5529
vn -0.7913 0.4875 -0.3690
vn -0.9613 0.2044 -0.1846
vn -0.9638 -0.2429 -0.1100
vn -0.8023 -0.5671 -0.1861
vn -0.7318 -0.6131 -0.2977
vn -0.7913 -0.5065 -0.3426
vn -0.7958 -0.5155 -0.3178
vn -0.6244 -0.7222 -0.2974
vn -0.3718 -0.8658 -0.3349
vn -0.2469 -0.8612 -0.4443
vn -0.2440 -0.7893 -0.5634
vn -0.3458 -0.6971 -0.6281
vn -0.4972 -0.6355 -0.5906
vn -0.5880 -0.6738 -0.4476
vn -0.4779 -0.8299 -0.2878
vn -0.2355 -0.9488 -0.2107
vn -0.1105 -0.9702 -0.2155
vn -0.1234 -0.9626 -0.2412
vn -0.1474 -0.9606 -0.2355
vn -0.0963 -0.9785 -0.1826
vn 0.0430 -0.9906 -0.1297
vn 0.3019 -0.9347 -0.1879
vn 0.5348 -0.7586 -0.3721
vn 0.5432 -0.6291 -0.5561
vn 0.3886 -0.6669 -0.6357
vn 0.2412 -0.7556 -0.6090
vn 0.2493 -0.8114 -0.5287
vn 0.3885 -0.8100 -0.4392
vn 0.5635 -0.7325 -0.3819
vn 0.6898 -0.6073 -0.3943
vn 0.7241 -0.5514 -0.4143
vn 0.6844 -0.6409 -0.3477
vn 0.6884 -0.6999 -0.1902
vn 0.8651 -0.4979 -0.0608
vn 0.9967 -0.0043 -0.0809
vn 0.8856 0.3925 -0.2485
vn -0.1438 0.2233 -0.9641
vn -0.4679 -0.2992 -0.8316
vn -0.4841 -0.2193 -0.8471
vn -0.7951 -0.0366 -0.6054
vn -0.6973 -0.4088 -0.5888
vn -0.4229 0.0018 -0.9062
vn -0.4194 -0.0149 -0.9077
vn -0.1129 -0.2191 -0.9691
vn -0.1342 -0.1560 -0.9786
vn -0.1116 -0.0378 -0.9930
vn -0.0898 -0.0912 -0.9918
vn -0.1168 -0.0774 -0.9901
vn -0.0968 -0.1166 -0.9885
vn -0.0960 -0.0906 -0.9913
vn -0.1083 -0.0714 -0.9915
vn 0.0016 -0.1079 -0.9942
vn -0.0077 -0.0959 -0.9954
vn -0.0253 -0.0107 -0.9996
vn -0.0221 -0.0143 -0.9997
vn -0.0709 0.0071 -0.9975
vn -0.1418 0.0780 -0.9868
vn -0.0714 -0.0788 -0.9943
vn -0.0345 -0.1086 -0.9935
vn -0.2281 -0.0819 -0.9702
vn -0.0847 -0.1756 -0.9808
vn -0.0023 -0.2979 -0.9546
vn 0.0367 -0.3148 -0.9485
vn 0.0479 -0.3081 -0.9501
vn 0.0939 -0.3227 -0.9418
vn -0.0107 -0.1622 -0.9867
vn -0.0328 -0.1559 -0.9872
vn 0.0440 -0.1047 -0.9935
vn -0.0282 -0.0901 -0.9955
vn -0.0125 -0.1096 -0.9939
vn 0.0108 -0.1122 -0.9936
vn -0.0278 -0.1511 -0.9881
vn 0.0278 -0.1511 -0.9881
vn 0.0360 -0.1593 -0.9866
vn 0.0413 -0.1585 -0.9865
vn 0.0371 -0.1688 -0.9850
vn -0.0365 -0.1899 -0.9811
vn 0.0524 -0.2979 -0.9532
vn -0.0130 -0.3299 -0.9439
vn -0.0763 -0.4898 -0.8685
vn -0.0193 -0.4576 -0.8889
vn -0.0369 -0.4455 -0.8945
vn 0.0347 -0.3939 -0.9185
vn 0.1043 -0.2250 -0.9687
vn 0.2353 -0.0921 -0.9675
vn 0.0730 -0.1305 -0.9888
vn 0.0995 -0.0982 -0.9902
vn 0.1324 0.0881 -0.9873
vn 0.0746 0.0027 -0.9972
vn 0.0276 -0.0207 -0.9994
vn 0.0254 -0.0245 -0.9994
vn 0.0209 -0.1150 -0.9931
vn 0.0142 -0.1286 -0.9916
vn 0.0898 -0.0928 -0.9916
vn 0.0865 -0.1012 -0.9911
vn 0.0869 -0.1074 -0.9904
vn 0.1014 -0.0663 -0.9926
vn 0.1101 -0.0595 -0.9921
vn 0.1238 -0.0116 -0.9922
vn 0.1821 -0.1892 -0.9649
vn 0.1655 -0.2548 -0.9527
vn 0.7068 0.0890 -0.7018
vn 0.6821 -0.2502 -0.6871
vn 0.7862 -0.4379 -0.4361
vn 0.8747 -0.0491 -0.4822
vn 0.3901 -0.3097 -0.8671
vn 0.3817 -0.3532 -0.8541
vn 0.1128 0.2150 -0.9701
vn 0.1122 0.2379 -0.9648
vn 0.0233 -0.0111 -0.9997
vn 0.0227 -0.0012 -0.9997
vn 0.0002 0.0518 -0.9987
vn 0.0191 -0.0975 -0.9951
vn 0.0361 0.0224 -0.9991
vn 0.0345 0.0312 -0.9989
vn 0.1324 -0.1045 -0.9857
vn 0.1102 -0.0088 -0.9939
vn 0.1262 0.1076 -0.9862
vn 0.1387 0.0647 -0.9882
vn 0.1129 0.0873 -0.9898
vn 0.1184 0.0726 -0.9903
vn 0.1191 0.0968 -0.9881
vn 0.0935 0.1553 -0.9834
vn 0.2149 0.0917 -0.9723
vn 0.1923 0.1406 -0.9712
vn 0.1701 0.6621 -0.7298
vn 0.1651 0.6686 -0.7251
vn 0.3806 0.7615 -0.5246
vn 0.2185 0.9015 -0.3735
vn 0.2172 0.7373 -0.6397
vn 0.3401 0.4942 -0.8000
vn -0.0843 0.1797 -0.9801
vn 0.0040 0.0535 -0.9986
vn 0.0048 0.0047 -1.0000
vn 0.0045 0.0050 -1.0000
vn 0.1303 0.0186 -0.9913
vn 0.1419 0.0112 -0.9898
vn 0.0674 0.1737 -0.9825
vn 0.0244 0.1926 -0.9810
vn 0.1096 0.2354 -0.9657
vn 0.0036 0.2652 -0.9642
vn 0.0215 0.2422 -0.9700
vn 0.0385 0.2400 -0.9700
vn -0.0172 0.1964 -0.9804
vn 0.0172 0.1964 -0.9804
vn 0.0296 0.1865 -0.9820
vn 0.0121 0.1847 -0.9827
vn 0.0035 0.1771 -0.9842
vn -0.0913 0.1562 -0.9835
vn -0.0192 0.1325 -0.9910
vn -0.0697 0.1165 -0.9907
vn -0.1435 0.0150 -0.9895
vn -0.1311 0.0202 -0.9912
vn -0.0042 0.0041 -1.0000
vn -0.0038 0.0043 -1.0000
vn 0.0045 0.0294 -0.9996
vn 0.1088 0.0851 -0.9904
vn -0.0635 0.1855 -0.9806
vn -0.0467 0.1949 -0.9797
vn 0.0119 0.3960 -0.9182
vn -0.1126 0.3142 -0.9426
vn -0.0988 0.3110 -0.9453
vn -0.1584 0.2543 -0.9541
vn -0.1784 0.1252 -0.9760
vn -0.2079 0.0856 -0.9744
vn -0.1127 0.1219 -0.9861
vn -0.1339 0.0883 -0.9871
vn -0.1339 0.0853 -0.9873
vn -0.1276 0.0978 -0.9870
vn -0.1169 0.1044 -0.9876
vn -0.1098 0.1225 -0.9864
vn -0.1001 -0.0133 -0.9949
vn -0.1251 -0.1059 -0.9865
vn -0.0287 0.0307 -0.9991
vn -0.0332 0.0086 -0.9994
vn -0.0191 -0.0975 -0.9951
vn 0.0001 0.0517 -0.9987
vn -0.0246 -0.0074 -0.9997
vn -0.0253 -0.0185 -0.9995
vn -0.1429 0.2500 -0.9576
vn -0.0398 0.1947 -0.9801
vn -0.0239 0.1041 -0.9943
vn -0.0349 -0.1039 -0.9940
vn 0.0040 0.0485 -0.9988
vn 0.0065 -0.0975 -0.9952
vn 0.0511 -0.2332 -0.9711
vn 0.0498 -0.2177 -0.9747
vn 0.0602 -0.0974 -0.9934
vn 0.0495 -0.0267 -0.9984
vn 0.0418 -0.0104 -0.9991
vn 0.0039 0.1587 -0.9873
vn 0.0072 0.0117 -0.9999
vn 0.0140 -0.0121 -0.9998
vn -0.0794 0.1235 -0.9892
vn -0.0452 0.0263 -0.9986
vn -0.0230 -0.1399 -0.9899
vn -0.0288 -0.1266 -0.9915
vn -0.0604 -0.0961 -0.9935
vn -0.0789 -0.0604 -0.9951
vn -0.0892 -0.0154 -0.9959
vn -0.1442 0.0755 -0.9867
vn -0.0788 0.0308 -0.9964
vn -0.0517 -0.0058 -0.9986
vn -0.0940 0.1018 -0.9904
vn -0.0106 0.0095 -0.9999
vn 0.0763 -0.0256 -0.9968
vn 0.1652 -0.1067 -0.9805
vn 0.0976 -0.0085 -0.9952
vn 0.1161 -0.0222 -0.9930
vn 0.1438 -0.0264 -0.9893
vn 0.0013 0.0574 -0.9984
vn 0.0530 0.0034 -0.9986
vn -0.0140 0.0339 -0.9993
vn -0.1422 0.0237 -0.9896
vn -0.1470 0.0253 -0.9888
vn -0.0238 -0.0765 -0.9968
vn 0.0244 -0.0873 -0.9959
vn -0.0511 -0.1136 -0.9922
vn 0.0460 -0.1244 -0.9912
vn 0.0312 -0.1167 -0.9927
vn -0.0429 -0.1171 -0.9922
vn 0.0341 -0.0695 -0.9970
vn -0.0125 -0.0758 -0.9970
vn -0.1148 -0.0460 -0.9923
vn -0.0928 -0.0401 -0.9949
vn -0.0227 0.0235 -0.9995
vn 0.0643 0.0592 -0.9962
vn -0.0075 0.0545 -0.9985
vn 0.0894 0.1079 -0.9901
vn 0.1137 0.1401 -0.9836
vn 0.0786 0.1157 -0.9902
vn 0.0996 0.1228 -0.9874
vn 0.0269 0.0609 -0.9978
vn -0.0274 -0.0399 -0.9988
vn -0.1302 -0.1442 -0.9809
vn -0.0007 -0.0836 -0.9965
vn -0.0110 -0.0956 -0.9954
vn -0.0607 -0.2333 -0.9705
vn 0.0324 -0.1067 -0.9938
vn 0.0627 -0.0845 -0.9945
vn 0.0821 -0.0525 -0.9952
vn 0.0996 0.0366 -0.9943
vn 0.1083 0.0542 -0.9926
vn 0.0035 -0.0644 -0.9979
vn -0.0213 -0.1253 -0.9919
vn -0.0090 0.0248 -0.9997
vn -0.0166 0.0007 -0.9999
vn -0.0585 -0.0715 -0.9957
vn -0.0296 0.0506 -0.9983
vn -0.0307 0.0785 -0.9964
vn -0.0166 0.1605 -0.9869
vn -0.0094 0.1805 -0.9835
vn -0.0086 0.1881 -0.9821
vn 0.0053 0.1124 -0.9936
vn -0.0037 -0.0936 -0.9956
vn 0.0355 0.0619 -0.9974
vn 0.0374 -0.0954 -0.9947
vn 0.0837 -0.2426 -0.9665
vn 0.0817 -0.2039 -0.9756
vn 0.0994 -0.1106 -0.9889
vn 0.0880 -0.0187 -0.9959
vn 0.0760 0.0056 -0.9971
vn 0.0349 0.2042 -0.9783
vn 0.0351 0.0316 -0.9989
vn 0.0412 0.0095 -0.9991
vn -0.0540 0.1442 -0.9881
vn -0.0212 0.0527 -0.9984
vn -0.0004 -0.0911 -0.9958
vn -0.0064 -0.0779 -0.9969
vn -0.0286 -0.0550 -0.9981
vn -0.0430 -0.0287 -0.9987
vn -0.0554 0.0107 -0.9984
vn -0.1119 0.0981 -0.9889
vn -0.0600 0.0631 -0.9962
vn -0.0359 0.0317 -0.9989
vn -0.0915 0.1522 -0.9841
vn 0.0024 0.0489 -0.9988
vn 0.1017 0.0091 -0.9948
vn 0.1785 -0.0648 -0.9818
vn 0.1326 0.0235 -0.9909
vn 0.1435 0.0148 -0.9895
vn 0.1619 0.0120 -0.9867
vn 0.0094 0.1097 -0.9939
vn 0.0644 0.0428 -0.9970
vn -0.0112 0.0793 -0.9968
vn -0.1402 0.0648 -0.9880
vn -0.1572 0.0705 -0.9851
vn -0.0192 -0.0307 -0.9993
vn 0.0193 -0.0385 -0.9991
vn -0.0480 -0.0602 -0.9970
vn 0.0379 -0.0665 -0.9971
vn 0.0218 -0.0596 -0.9980
vn -0.0388 -0.0625 -0.9973
vn 0.0287 -0.0225 -0.9993
vn -0.0189 -0.0303 -0.9994
vn -0.1326 -0.0106 -0.9911
vn -0.1183 -0.0066 -0.9930
vn -0.0411 0.0665 -0.9969
vn 0.0555 0.1038 -0.9930
vn -0.0230 0.1071 -0.9940
vn 0.0888 0.1627 -0.9827
vn 0.1090 0.1891 -0.9759
vn 0.0605 0.1588 -0.9855
vn 0.0914 0.1631 -0.9824
vn 0.0084 0.0969 -0.9953
vn -0.0476 -0.0096 -0.9988
vn -0.1675 -0.1306 -0.9772
vn -0.0203 -0.0488 -0.9986
vn -0.0325 -0.0637 -0.9974
vn -0.0790 -0.1945 -0.9777
vn 0.0030 -0.0752 -0.9972
vn 0.0317 -0.0497 -0.9983
vn 0.0451 -0.0259 -0.9986
vn 0.0628 0.0542 -0.9966
vn 0.0698 0.0690 -0.9952
vn -0.0235 -0.0473 -0.9986
vn -0.0518 -0.1192 -0.9915
vn -0.0407 0.0345 -0.9986
vn -0.0490 0.0086 -0.9988
vn -0.1065 -0.0872 -0.9905
vn -0.0663 0.0707 -0.9953
vn -0.0680 0.1049 -0.9922
vn -0.0529 0.1788 -0.9825
vn -0.0380 0.2077 -0.9775
vn 0.0202 -0.0212 -0.9996
vn 0.0260 0.1006 -0.9946
vn 0.0559 -0.0700 -0.9960
vn 0.0254 0.0024 -0.9997
vn 0.0517 -0.1055 -0.9931
vn 0.0609 -0.2256 -0.9723
vn 0.0565 -0.2119 -0.9757
vn 0.0556 -0.2106 -0.9760
vn 0.0202 -0.1231 -0.9922
vn 0.0022 -0.0392 -0.9992
vn -0.0716 0.1139 -0.9909
vn -0.0867 0.1316 -0.9875
vn -0.1731 0.2812 -0.9439
vn -0.1125 0.0987 -0.9887
vn -0.0549 0.0157 -0.9984
vn -0.2289 0.1514 -0.9616
vn -0.0577 -0.0560 -0.9968
vn -0.0465 -0.0774 -0.9959
vn -0.0724 -0.0517 -0.9960
vn 0.1166 -0.1389 -0.9834
vn 0.1168 -0.1390 -0.9834
vn -0.0458 0.0768 -0.9960
vn -0.0193 0.0587 -0.9981
vn 0.0738 0.0348 -0.9967
vn 0.0107 0.0692 -0.9975
vn 0.0830 0.0034 -0.9965
vn 0.1696 -0.0320 -0.9850
vn 0.0338 -0.0378 -0.9987
vn 0.0974 -0.0548 -0.9937
vn 0.1422 -0.0817 -0.9865
vn -0.0129 -0.0596 -0.9981
vn 0.0366 -0.0466 -0.9982
vn -0.1500 -0.0406 -0.9878
vn -0.1542 -0.0391 -0.9873
vn -0.1552 -0.0392 -0.9871
vn -0.2750 -0.0985 -0.9564
vn -0.1846 -0.0798 -0.9796
vn -0.0515 -0.0953 -0.9941
vn 0.0381 -0.0642 -0.9972
vn 0.0434 -0.0597 -0.9973
vn 0.2100 0.0221 -0.9775
vn 0.0236 -0.0052 -0.9997
vn -0.0206 -0.0322 -0.9993
vn 0.1556 0.1732 -0.9725
vn 0.0349 0.0842 -0.9958
vn -0.0330 0.0566 -0.9979
vn 0.0318 0.1151 -0.9928
vn -0.0487 -0.0174 -0.9987
vn -0.0342 -0.0014 -0.9994
vn 0.1356 0.1153 -0.9840
vn 0.1102 0.0810 -0.9906
vn 0.0713 -0.0211 -0.9972
vn 0.0502 -0.0546 -0.9972
vn 0.0095 -0.0952 -0.9954
vn -0.0722 -0.2463 -0.9665
vn -0.0557 -0.1848 -0.9812
vn -0.0999 -0.2839 -0.9536
vn -0.0614 -0.2323 -0.9707
vn -0.0043 -0.0730 -0.9973
vn -0.0217 -0.2148 -0.9764
vn 0.0615 0.0838 -0.9946
vn 0.0516 0.0637 -0.9966
vn 0.0546 0.0785 -0.9954
vn 0.0474 0.3100 -0.9495
vn 0.0433 0.2811 -0.9587
vn -0.0360 0.0359 -0.9987
vn -0.0385 0.0060 -0.9992
vn -0.0462 0.0703 -0.9965
vn -0.0500 -0.1305 -0.9902
vn -0.0138 0.0797 -0.9967
vn -0.0174 0.1602 -0.9869
vn 0.0658 -0.1333 -0.9889
vn 0.0522 -0.0115 -0.9986
vn 0.0587 0.1295 -0.9898
vn 0.0977 -0.0825 -0.9918
vn 0.0591 0.0072 -0.9982
vn 0.0911 -0.1233 -0.9882
vn 0.0977 -0.2425 -0.9652
vn 0.0853 -0.2032 -0.9754
vn 0.0887 -0.2089 -0.9739
vn 0.0457 -0.1012 -0.9938
vn 0.0293 -0.0208 -0.9994
vn -0.0435 0.1274 -0.9909
vn -0.0540 0.1386 -0.9889
vn -0.1400 0.2828 -0.9489
vn -0.0802 0.1128 -0.9904
vn -0.0306 0.0413 -0.9987
vn -0.1748 0.1533 -0.9726
vn -0.0298 -0.0255 -0.9992
vn -0.0202 -0.0432 -0.9989
vn -0.0401 -0.0228 -0.9989
vn 0.1432 -0.1146 -0.9830
vn 0.1378 -0.1101 -0.9843
vn -0.0390 0.1240 -0.9915
vn -0.0107 0.1054 -0.9944
vn 0.0933 0.0846 -0.9920
vn 0.0327 0.1163 -0.9927
vn 0.1152 0.0386 -0.9926
vn 0.2117 -0.0007 -0.9773
vn 0.0466 0.0007 -0.9989
vn 0.1059 -0.0156 -0.9943
vn 0.1428 -0.0387 -0.9890
vn -0.0076 -0.0163 -0.9998
vn 0.0393 -0.0045 -0.9992
vn -0.1292 -0.0001 -0.9916
vn -0.1368 0.0025 -0.9906
vn -0.1488 0.0013 -0.9889
vn -0.2362 -0.0486 -0.9705
vn -0.1785 -0.0364 -0.9833
vn -0.0494 -0.0475 -0.9976
vn 0.0324 -0.0206 -0.9993
vn 0.0405 -0.0142 -0.9991
vn 0.2067 0.0630 -0.9764
vn 0.0158 0.0348 -0.9993
vn -0.0316 0.0060 -0.9995
vn 0.1627 0.2369 -0.9578
vn 0.0229 0.1329 -0.9909
vn -0.0545 0.1032 -0.9932
vn 0.0322 0.1832 -0.9826
vn -0.0628 0.0232 -0.9978
vn -0.0452 0.0429 -0.9981
vn 0.1196 0.1510 -0.9813
vn 0.0836 0.1034 -0.9911
vn 0.0408 0.0030 -0.9992
vn 0.0245 -0.0225 -0.9994
vn -0.0099 -0.0573 -0.9983
vn -0.0815 -0.1914 -0.9781
vn -0.0689 -0.1375 -0.9881
vn -0.1145 -0.2421 -0.9635
vn -0.0806 -0.1937 -0.9778
vn -0.0304 -0.0528 -0.9981
vn -0.0449 -0.1777 -0.9831
vn 0.0364 0.1072 -0.9936
vn 0.0244 0.0823 -0.9963
vn 0.0267 0.0931 -0.9953
vn 0.0263 0.3644 -0.9309
vn 0.0176 0.3076 -0.9514
vn -0.0722 0.0447 -0.9964
vn -0.0744 0.0148 -0.9971
vn -0.0852 0.0892 -0.9924
vn -0.0866 -0.1237 -0.9885
vn -0.0459 0.0981 -0.9941
vn -0.0495 0.1778 -0.9828
vn 0.0326 -0.1351 -0.9903
vn 0.0490 -0.0227 -0.9985
vn 0.0501 -0.0320 -0.9982
vn 0.0449 0.2545 -0.9660
vn 0.0243 0.0022 -0.9997
vn 0.0332 -0.1164 -0.9927
vn -0.0439 0.1887 -0.9811
vn -0.0192 0.0101 -0.9998
vn -0.0066 -0.2629 -0.9648
vn -0.0286 -0.1621 -0.9864
vn -0.0833 -0.0303 -0.9961
vn -0.1366 0.1718 -0.9756
vn -0.1285 0.1092 -0.9857
vn -0.1826 0.2768 -0.9434
vn -0.1724 0.2593 -0.9503
vn -0.0953 0.0724 -0.9928
vn -0.1347 0.2170 -0.9668
vn -0.0183 -0.0088 -0.9998
vn 0.1529 -0.2098 -0.9657
vn 0.2652 -0.3929 -0.8805
vn 0.1375 -0.1032 -0.9851
vn 0.1364 -0.1017 -0.9854
vn 0.2505 -0.1959 -0.9481
vn -0.0015 0.0899 -0.9959
vn 0.0582 0.0026 -0.9983
vn 0.0048 0.0524 -0.9986
vn -0.2313 0.1748 -0.9570
vn -0.2082 0.1571 -0.9654
vn 0.0257 -0.0851 -0.9960
vn 0.0924 -0.1258 -0.9877
vn -0.0714 -0.0842 -0.9939
vn 0.0016 -0.1194 -0.9928
vn 0.0274 -0.1378 -0.9901
vn -0.1564 -0.0717 -0.9851
vn -0.0914 -0.0734 -0.9931
vn -0.1624 -0.0562 -0.9851
vn -0.2555 -0.0096 -0.9668
vn -0.1784 -0.0186 -0.9838
vn -0.0320 0.0147 -0.9994
vn 0.2404 0.0186 -0.9705
vn 0.0317 0.0565 -0.9979
vn 0.1949 0.0783 -0.9777
vn 0.3530 0.1556 -0.9226
vn 0.2292 0.1254 -0.9653
vn 0.1730 0.1219 -0.9773
vn 0.0394 0.0702 -0.9968
vn -0.1061 -0.0412 -0.9935
vn -0.3192 -0.1546 -0.9350
vn -0.0294 -0.0661 -0.9974
vn -0.0056 -0.0502 -0.9987
vn -0.2090 -0.2766 -0.9380
vn -0.0074 -0.1176 -0.9930
vn 0.0985 -0.0571 -0.9935
vn 0.0710 -0.0841 -0.9939
vn 0.1207 -0.0038 -0.9927
vn 0.0785 -0.0538 -0.9955
vn -0.0633 -0.1712 -0.9832
vn -0.1202 -0.2491 -0.9610
vn -0.0388 -0.0598 -0.9975
vn 0.0028 0.0101 -0.9999
vn -0.1001 -0.1184 -0.9879
vn 0.0140 0.1133 -0.9935
vn 0.0590 0.2753 -0.9596
vn 0.1155 0.4080 -0.9056
vn 0.0573 0.3075 -0.9498
vn 0.0481 0.2802 -0.9587
vn 0.0422 0.2374 -0.9705
vn -0.0739 -0.2272 -0.9710
vn 0.0288 0.0515 -0.9983
vn -0.0061 -0.1395 -0.9902
vn -0.0098 -0.5049 -0.8631
vn 0.0044 -0.4089 -0.9125
vn 0.0763 -0.1333 -0.9881
vn 0.0841 -0.0058 -0.9964
vn 0.0869 -0.0296 -0.9958
vn 0.0823 0.2543 -0.9636
vn 0.0586 0.0071 -0.9983
vn 0.0673 -0.1245 -0.9899
vn -0.0139 0.1934 -0.9810
vn 0.0093 0.0238 -0.9997
vn 0.0142 -0.2140 -0.9767
vn -0.0055 -0.1197 -0.9928
vn -0.0485 -0.0142 -0.9987
vn -0.0980 0.1679 -0.9809
vn -0.0881 0.1076 -0.9903
vn -0.1454 0.2755 -0.9503
vn -0.1454 0.2754 -0.9503
vn -0.0704 0.1010 -0.9924
vn -0.1148 0.2440 -0.9630
vn 0.0039 0.0194 -0.9998
vn 0.1840 -0.1966 -0.9631
vn 0.2822 -0.3608 -0.8889
vn 0.1679 -0.0824 -0.9824
vn 0.1605 -0.0722 -0.9844
vn 0.2760 -0.1689 -0.9462
vn 0.0185 0.1304 -0.9913
vn 0.0755 0.0436 -0.9962
vn 0.0233 0.0930 -0.9954
vn -0.2138 0.2110 -0.9538
vn -0.1885 0.1917 -0.9632
vn 0.0273 -0.0420 -0.9987
vn 0.0811 -0.0754 -0.9939
vn -0.0683 -0.0359 -0.9970
vn 0.0140 -0.0754 -0.9971
vn 0.0220 -0.0810 -0.9965
vn -0.1287 -0.0286 -0.9913
vn -0.0688 -0.0300 -0.9972
vn -0.1559 -0.0106 -0.9877
vn -0.2492 0.0279 -0.9680
vn -0.1890 0.0221 -0.9817
vn -0.0408 0.0563 -0.9976
vn 0.2424 0.0604 -0.9683
vn 0.0298 0.1023 -0.9943
vn 0.2023 0.1237 -0.9715
vn 0.3624 0.1988 -0.9106
vn 0.2184 0.1678 -0.9613
vn 0.1752 0.1676 -0.9702
vn 0.0284 0.1140 -0.9931
vn -0.1168 0.0008 -0.9932
vn -0.3390 -0.1175 -0.9334
vn -0.0436 -0.0303 -0.9986
vn -0.0239 -0.0172 -0.9996
vn -0.2212 -0.2400 -0.9452
vn -0.0281 -0.0845 -0.9960
vn 0.0564 -0.0360 -0.9978
vn 0.0420 -0.0504 -0.9978
vn 0.0984 0.0396 -0.9944
vn 0.0681 0.0030 -0.9977
vn -0.0773 -0.1303 -0.9884
vn -0.1448 -0.2261 -0.9633
vn -0.0698 -0.0483 -0.9964
vn -0.0234 0.0307 -0.9993
vn -0.1422 -0.1235 -0.9821
vn -0.0101 0.1449 -0.9894
vn 0.0418 0.3250 -0.9448
vn 0.0871 0.4254 -0.9008
vn 0.0392 0.3537 -0.9345
vn 0.0216 0.3050 -0.9521
vn 0.0132 0.2454 -0.9693
vn -0.1058 -0.2174 -0.9703
vn -0.0003 0.0589 -0.9983
vn -0.0358 -0.1320 -0.9906
vn -0.0343 -0.4875 -0.8724
vn -0.0238 -0.4083 -0.9125
vn 0.0427 -0.1362 -0.9898
vn 0.0148 -0.4218 -0.9066
vn 0.0120 -0.0372 -0.9992
vn -0.0205 0.2373 -0.9712
vn -0.1082 0.5930 -0.7979
vn -0.1469 0.8022 -0.5787
vn -0.0847 0.1665 -0.9824
vn -0.0417 -0.0060 -0.9991
vn -0.2750 0.6335 -0.7233
vn -0.0685 -0.0734 -0.9949
vn -0.0808 -0.0288 -0.9963
vn -0.1569 0.1630 -0.9741
vn 0.2072 -0.4721 -0.8568
vn 0.1486 -0.3577 -0.9219
vn -0.1267 0.2815 -0.9511
vn -0.0338 0.1277 -0.9912
vn 0.0568 0.0142 -0.9983
vn 0.0727 -0.0084 -0.9973
vn 0.1744 -0.1741 -0.9692
vn 0.2989 -0.3243 -0.8975
vn 0.2975 -0.3231 -0.8984
vn 0.3947 -0.4170 -0.8187
vn 0.2351 -0.2337 -0.9435
vn -0.0418 -0.0088 -0.9991
vn 0.1290 -0.1051 -0.9861
vn -0.4931 0.3126 -0.8119
vn -0.2536 0.1154 -0.9604
vn -0.2226 0.0991 -0.9699
vn -0.7118 0.2362 -0.6614
vn -0.5346 0.1573 -0.8304
vn -0.0717 -0.0861 -0.9937
vn 0.0039 -0.1058 -0.9944
vn 0.1665 -0.1125 -0.9796
vn 0.5557 -0.1510 -0.8175
vn -0.0780 -0.0131 -0.9969
vn -0.1549 -0.0116 -0.9879
vn 0.4810 0.1027 -0.8707
vn 0.0956 0.0709 -0.9929
vn -0.0326 0.0689 -0.9971
vn 0.2134 0.1219 -0.9693
vn -0.0506 0.0060 -0.9987
vn 0.1796 0.0862 -0.9800
vn 0.3629 0.1321 -0.9224
vn 0.2497 0.0756 -0.9654
vn 0.3299 0.1375 -0.9340
vn 0.0230 -0.0576 -0.9981
vn -0.0826 -0.1122 -0.9902
vn -0.2793 -0.2606 -0.9241
vn -0.4492 -0.4463 -0.7740
vn -0.5376 -0.5256 -0.6593
vn -0.2030 -0.2878 -0.9359
vn -0.0247 -0.0904 -0.9956
vn -0.2836 -0.4759 -0.8325
vn 0.2781 0.2704 -0.9217
vn 0.0904 0.0434 -0.9950
vn 0.0547 -0.0142 -0.9984
vn 0.3441 0.6623 -0.6655
vn 0.2968 0.5722 -0.7645
vn -0.0672 -0.0196 -0.9975
vn -0.0393 0.0451 -0.9982
vn -0.0106 0.1398 -0.9901
vn -0.1440 -0.2465 -0.9584
vn 0.0666 0.2729 -0.9597
vn 0.1045 0.4093 -0.9064
vn 0.0296 -0.0998 -0.9946
vn 0.0864 0.1818 -0.9795
vn 0.0979 0.2289 -0.9685
vn 0.0302 -0.2604 -0.9650
vn 0.0356 -0.1158 -0.9926
vn -0.0145 -0.6556 -0.7549
vn 0.0116 -0.5105 -0.8598
vn 0.0135 -0.4100 -0.9120
vn 0.0555 -0.7627 -0.6443
vn 0.0422 -0.4122 -0.9101
vn 0.0427 -0.0343 -0.9985
vn 0.0088 0.2410 -0.9705
vn -0.0808 0.5780 -0.8120
vn -0.1286 0.7977 -0.5892
vn -0.0571 0.1847 -0.9811
vn -0.0146 0.0163 -0.9998
vn -0.2466 0.6341 -0.7328
vn -0.0366 -0.0540 -0.9979
vn -0.0477 -0.0137 -0.9988
vn -0.1129 0.1492 -0.9823
vn 0.2271 -0.4495 -0.8639
vn 0.1750 -0.3433 -0.9228
vn -0.1132 0.3242 -0.9392
vn -0.0202 0.1740 -0.9845
vn 0.0700 0.0632 -0.9955
vn 0.1045 0.0143 -0.9944
vn 0.2130 -0.1653 -0.9630
vn 0.3307 -0.3117 -0.8908
vn 0.3386 -0.3184 -0.8854
vn 0.4107 -0.3912 -0.8236
vn 0.2531 -0.2023 -0.9461
vn -0.0264 0.0268 -0.9993
vn 0.1421 -0.0681 -0.9875
vn -0.4626 0.3284 -0.8235
vn -0.2358 0.1482 -0.9604
vn -0.2073 0.1336 -0.9691
vn -0.6799 0.2537 -0.6881
vn -0.5208 0.1896 -0.8324
vn -0.0691 -0.0394 -0.9968
vn 0.0153 -0.0617 -0.9980
vn 0.1753 -0.0700 -0.9820
vn 0.5657 -0.1169 -0.8163
vn -0.0742 0.0281 -0.9968
vn -0.1630 0.0294 -0.9862
vn 0.4683 0.1434 -0.8719
vn 0.0860 0.1167 -0.9894
vn -0.0476 0.1146 -0.9923
vn 0.2392 0.1746 -0.9551
vn -0.0523 0.0496 -0.9974
vn 0.1930 0.1339 -0.9720
vn 0.3641 0.1734 -0.9151
vn 0.2283 0.1078 -0.9676
vn 0.3155 0.1727 -0.9331
vn 0.0077 -0.0203 -0.9998
vn -0.0913 -0.0717 -0.9932
vn -0.2854 -0.2219 -0.9324
vn -0.4374 -0.3964 -0.8072
vn -0.5440 -0.4990 -0.6746
vn -0.2153 -0.2500 -0.9440
vn -0.0440 -0.0578 -0.9974
vn -0.2963 -0.4403 -0.8475
vn 0.2625 0.3052 -0.9154
vn 0.0697 0.0752 -0.9947
vn 0.0390 0.0260 -0.9989
vn 0.3312 0.6844 -0.6495
vn 0.2800 0.5943 -0.7540
vn -0.1096 -0.0239 -0.9937
vn -0.0708 0.0666 -0.9953
vn -0.0422 0.1607 -0.9861
vn -0.1718 -0.2179 -0.9607
vn 0.0482 0.3190 -0.9465
vn 0.0809 0.4307 -0.8989
vn -0.0043 -0.1087 -0.9941
vn 0.0527 0.1712 -0.9838
vn 0.0640 0.2160 -0.9743
vn 0.0020 -0.2349 -0.9720
vn 0.0059 -0.1009 -0.9949
vn -0.0349 -0.6237 -0.7809
vn -0.0141 -0.4863 -0.8737
vn -0.0138 -0.4072 -0.9132
vn 0.0340 -0.7408 -0.6708
vn -0.1010 -0.4416 -0.8915
vn -0.1996 0.5784 -0.7910
vn -0.2125 0.7888 -0.5767
vn -0.1847 0.6670 -0.7218
vn 0.0503 -0.0049 -0.9987
vn 0.2305 -0.4592 -0.8579
vn 0.1730 -0.3445 -0.9227
vn -0.0132 -0.0390 -0.9992
vn 0.0185 -0.0833 -0.9964
vn 0.2720 -0.3740 -0.8866
vn 0.3726 -0.4624 -0.8046
vn 0.0717 -0.2520 -0.9651
vn -0.5529 0.1898 -0.8113
vn -0.6938 0.2805 -0.6634
vn -0.5168 0.2134 -0.8291
vn 0.1911 0.0356 -0.9809
vn 0.5717 -0.0331 -0.8198
vn 0.4713 -0.0302 -0.8814
vn 0.0910 -0.0669 -0.9936
vn -0.0353 -0.0909 -0.9952
vn 0.2154 -0.0128 -0.9764
vn 0.3651 0.0562 -0.9293
vn 0.0480 -0.1292 -0.9905
vn -0.4525 -0.4389 -0.7763
vn -0.5472 -0.5090 -0.6645
vn -0.3715 -0.3239 -0.8701
vn 0.2090 0.3618 -0.9085
vn 0.4043 0.6125 -0.6793
vn 0.3525 0.5224 -0.7764
vn 0.1135 0.0218 -0.9933
vn -0.0342 -0.3058 -0.9515
vn 0.0426 -0.1026 -0.9938
vn 0.1226 0.1767 -0.9766
vn 0.0566 -0.1219 -0.9909
vn -0.0459 -0.6458 -0.7621
vn -0.0578 -0.7411 -0.6689
vn -0.0550 -0.4036 -0.9133
vn -0.0687 0.5806 -0.8113
vn -0.0812 0.8090 -0.5822
vn -0.0583 0.7016 -0.7102
vn 0.1149 0.0316 -0.9929
vn 0.2304 -0.4470 -0.8643
vn 0.1927 -0.3228 -0.9266
vn 0.0471 0.0299 -0.9984
vn 0.0734 -0.0216 -0.9971
vn 0.2804 -0.3705 -0.8855
vn 0.3435 -0.4576 -0.8201
vn 0.0820 -0.1724 -0.9816
vn -0.4535 0.3506 -0.8194
vn -0.6023 0.4670 -0.6474
vn -0.4609 0.3988 -0.7928
vn 0.2032 0.1189 -0.9719
vn 0.5728 -0.0386 -0.8188
vn 0.4797 -0.0126 -0.8773
vn 0.0958 0.0247 -0.9951
vn -0.0513 0.0188 -0.9985
vn 0.1924 0.0598 -0.9795
vn 0.3215 0.0990 -0.9417
vn 0.0130 -0.0409 -0.9991
vn -0.4816 -0.3255 -0.8137
vn -0.6028 -0.4232 -0.6765
vn -0.4476 -0.2405 -0.8613
vn 0.1527 0.4483 -0.8807
vn 0.3545 0.6657 -0.6567
vn 0.2972 0.5815 -0.7573
vn 0.0557 0.0831 -0.9950
vn -0.0919 -0.2866 -0.9536
vn -0.0290 -0.0845 -0.9960
vn 0.0343 0.1851 -0.9821
vn -0.0110 -0.0958 -0.9953
vn -0.0591 -0.6247 -0.7786
vn -0.0551 -0.7523 -0.6565
s 1
f 1//1 2//2 3//3
f 1//1 3//3 4//4
f 1//1 4//4 5//5
f 1//1 5//5 6//6
f 1//1 6//6 7//7
f 1//1 7//7 8//8
f 1//1 8//8 9//9
f 1//1 9//9 10//10
f 1//1 10//10 11//11
f 1//1 11//11 12//12
f 1//1 12//12 13//13
f 1//1 13//13 14//14
f 1//1 14//14 15//15
f 1//1 15//15 16//16
f 1//1 16//16 17//17
f 1//1 17//17 18//18
f 1//1 18//18 19//19
f 1//1 19//19 20//20
f 1//1 20//20 21//21
f 1//1 21//21 22//22
f 1//1 22//22 23//23
f 1//1 23//23 24//24
f 1//1 24//24 25//25
f 1//1 25//25 26//26
f 1//1 26//26 27//27
f 1//1 27//27 28//28
f 1//1 28//28 29//29
f 1//1 29//29 30//30
f 1//1 30//30 31//31
f 1//1 31//31 32//32
f 1//1 32//32 33//33
f 1//1 33//33 34//34
f 1//1 34//34 35//35
f 1//1 35//35 36//36
f 1//1 36//36 37//37
f 1//1 37//37 38//38
f 1//1 38//38 39//39
f 1//1 39//39 40//40
f 1//1 40//40 41//41
f 1//1 41//41 42//42
f 1//1 42//42 43//43
f 1//1 43//43 44//44
f 1//1 44//44 45//45
f 1//1 45//45 46//46
f 1//1 46//46 47//47
f 1//1 47//47 48//48
f 1//1 48//48 49//49
f 1//1 49//49 50//50
f 1//1 50//50 51//51
f 1//1 51//51 52//52
f 1//1 52//52 53//53
f 1//1 53//53 54//54
f 1//1 54//54 55//55
f 1//1 55//55 56//56
f 1//1 56//56 57//57
f 1//1 57//57 58//58
f 1//1 58//58 59//59
f 1//1 59//59 60//60
f 1//1 60//60 61//61
f 1//1 61//61 62//62
f 1//1 62//62 63//63
f 1//1 63//63 64//64
f 1//1 64//64 65//65
f 1//1 65//65 66//66
f 1//1 66//66 67//67
f 1//1 67//67 68//68
f 1//1 68//68 69//69
f 1//1 69//69 70//70
f 1//1 70//70 71//71
f 1//1 71//71 72//72
f 1//1 72//72 73//73
f 1//1 73//73 2//2
f 2//2 74//74 75//75 3//3
f 3//3 75//75 76//76 4//4
f 4//4 76//76 77//77 5//5
f 5//5 77//77 78//78 6//6
f 6//6 78//78 79//79 7//7
f 7//7 79//79 80//80 8//8
f 8//8 80//80 81//81 9//9
f 9//9 81//81 82//82 10//10
f 10//10 82//82 83//83 11//11
f 11//11 83//83 84//84 12//12
f 12//12 84//84 85//85 13//13
f 13//13 85//85 86//86 14//14
f 14//14 86//86 87//87 15//15
f 15//15 87//87 88//88 16//16
f 16//16 88//88 89//89 17//17
f 17//17 89//89 90//90 18//18
f 18//18 90//90 91//91 19//19
f 19//19 91//91 92//92 20//20
f 20//20 92//92 93//93 21//21
f 21//21 93//93 94//94 22//22
f 22//22 94//94 95//95 23//23
f 23//23 95//95 96//96 24//24
f 24//24 96//96 97//97 25//25
f 25//25 97//97 98//98 26//26
f 26//26 98//98 99//99 27//27
f 27//27 99//99 100//100 28//28
f 28//28 100//100 101//101 29//29
f 29//29 101//101 102//102 30//30
f 30//30 102//102 103//103 31//31
f 31//31 103//103 104//104 32//32
f 32//32 104//104 105//105 33//33
f 33//33 105//105 106//106 34//34
f 34//34 106//106 107//107 35//35
f 35//35 107//107 108//108 36//36
f 36//36 108//108 109//109 37//37
f 37//37 109//109 110//110 38//38
f 38//38 110//110 111//111 39//39
f 39//39 111//111 112//112 40//40
f 40//40 112//112 113//113 41//41
f 41//41 113//113 114//114 42//42
f 42//42 114//114 115//115 43//43
f 43//43 115//115 116//116 44//44
f 44//44 116//116 117//117 45//45
f 45//45 117//117 118//118 46//46
f 46//46 118//118 119//119 47//47
f 47//47 119//119 120//120 48//48
f 48//48 120//120 121//121 49//49
f 49//49 121//121 122//122 50//50
f 50//50 122//122 123//123 51//51
f 51//51 123//123 124//124 52//52
f 52//52 124//124 125//125 53//53
f 53//53 125//125 126//126 54//54
f 54//54 126//126 127//127 55//55
f 55//55 127//127 128//128 56//56
f 56//56 128//128 129//129 57//57
f 57//57 129//129 130//130 58//58
f 58//58 130//130 131//131 59//59
f 59//59 131//131 132//132 60//60
f 60//60 132//132 133//133 61//61
f 61//61 133//133 134//134 62//62
f 62//62 134//134 135//135 63//63
f 63//63 135//135 136//136 64//64
f 64//64 136//136 137//137 65//65
f 65//65 137//137 138//138 66//66
f 66//66 138//138 139//139 67//67
f 67//67 139//139 140//140 68//68
f 68//68 140//140 141//141 69//69
f 69//69 141//141 142//142 70//70
f 70//70 142//142 143//143 71//71
f 71//71 143//143 144//144 72//72
f 72//72 144//144 145//145 73//73
f 73//73 145//145 74//74 2//2
f 74//74 146//146 147//147 75//75
f 75//75 147//147 148//148 76//76
f 76//76 148//148 149//149 77//77
f 77//77 149//149 150//150 78//78
f 78//78 150//150 151//151 79//79
f 79//79 151//151 152//152 80//80
f 80//80 152//152 153//153 81//81
f 81//81 153//153 154//154 82//82
f 82//82 154//154 155//155 83//83
f 83//83 155//155 156//156 84//84
f 84//84 156//156 157//157 85//85
f 85//85 157//157 158//158 86//86
f 86//86 158//158 159//159 87//87
f 87//87 159//159 160//160 88//88
f 88//88 160//160 161//161 89//89
f 89//89 161//161 162//162 90//90
f 90//90 162//162 163//163 91//91
f 91//91 163//163 164//164 92//92
f 92//92 164//164 165//165 93//93
f 93//93 165//165 166//166 94//94
f 94//94 166//166 167//167 95//95
f 95//95 167//167 168//168 96//96
f 96//96 168//168 169//169 97//97
f 97//97 169//169 170//170 98//98
f 98//98 170//170 171//171 99//99
f 99//99 171//171 172//172 100//100
f 100//100 172//172 173//173 101//101
f 101//101 173//173 174//174 102//102
f 102//102 174//174 175//175 103//103
f 103//103 175//175 176//176 104//104
f 104//104 176//176 177//177 105//105
f 105//105 177//177 178//178 106//106
f 106//106 178//178 179//179 107//107
f 107//107 179//179 180//180 108//108
f 108//108 180//180 181//181 109//109
f 109//109 181//181 182//182 110//110
f 110//110 182//182 183//183 111//111
f 111//111 183//183 184//184 112//112
f 112//112 184//184 185//185 113//113
f 113//113 185//185 186//186 114//114
f 114//114 186//186 187//187 115//115
f 115//115 187//187 188//188 116//116
f 116//116 188//188 189//189 117//117
f 117//117 189//189 190//190 118//118
f 118//118 190//190 191//191 119//119
f 119//119 191//191 192//192 120//120
f 120//120 192//192 193//193 121//121
f 121//121 193//193 194//194 122//122
f 122//122 194//194 195//195 123//123
f 123//123 195//195 196//196 124//124
f 124//124 196//196 197//197 125//125
f 125//125 197//197 198//198 126//126
f 126//126 198//198 199//199 127//127
f 127//127 199//199 200//200 128//128
f 128//128 200//200 201//201 129//129
f 129//129 201//201 202//202 130//130
f 130//130 202//202 203//203 131//131
f 131//131 203//203 204//204 132//132
f 132//132 204//204 205//205 133//133
f 133//133 205//205 206//206 134//134
f 134//134 206//206 207//207 135//135
f 135//135 207//207 208//208 136//136
f 136//136 208//208 209//209 137//137
f 137//137 209//209 210//210 138//138
f 138//138 210//210 211//211 139//139
f 139//139 211//211 212//212 140//140
f 140//140 212//212 213//213 141//141
f 141//141 213//213 214//214 142//142
f 142//142 214//214 215//215 143//143
f 143//143 215//215 216//216 144//144
f 144//144 216//216 217//217 145//145
f 145//145 217//217 146//146 74//74
f 146//146 218//218 219//219 147//147
f 147//147 219//219 220//220 148//148
f 148//148 220//220 221//221 149//149
f 149//149 221//221 222//222 150//150
f 150//150 222//222 223//223 151//151
f 151//151 223//223 224//224 152//152
f 152//152 224//224 225//225 153//153
f 153//153 225//225 226//226 154//154
f 154//154 226//226 227//227 155//155
f 155//155 227//227 228//228 156//156
f 156//156 228//228 229//229 157//157
f 157//157 229//229 230//230 158//158
f 158//158 230//230 231//231 159//159
f 159//159 231//231 232//232 160//160
f 160//160 232//232 233//233 161//161
f 161//161 233//233 234//234 162//162
f 162//162 234//234 235//235 163//163
f 163//163 235//235 236//236 164//164
f 164//164 236//236 237//237 165//165
f 165//165 237//237 238//238 166//166
f 166//166 238//238 239//239 167//167
f 167//167 239//239 240//240 168//168
f 168//168 240//240 241//241 169//169
f 169//169 241//241 242//242 170//170
f 170//170 242//242 243//243 171//171
f 171//171 243//243 244//244 172//172
f 172//172 244//244 245//245 173//173
f 173//173 245//245 246//246 174//174
f 174//174 246//246 247//247 175//175
f 175//175 247//247 248//248 176//176
f 176//176 248//248 249//249 177//177
f 177//177 249//249 250//250 178//178
f 178//178 250//250 251//251 179//179
f 179//179 251//251 252//252 180//180
f 180//180 252//252 253//253 181//181
f 181//181 253//253 254//254 182//182
f 182//182 254//254 255//255 183//183
f 183//183 255//255 256//256 184//184
f 184//184 256//256 257//257 185//185
f 185//185 257//257 258//258 186//186
f 186//186 258//258 259//259 187//187
f 187//187 259//259 260//260 188//188
f 188//188 260//260 261//261 189//189
f 189//189 261//261 262//262 190//190
f 190//190 262//262 263//263 191//191
f 191//191 263//263 264//264 192//192
f 192//192 264//264 265//265 193//193
f 193//193 265//265 266//266 194//194
f 194//194 266//266 267//267 195//195
f 195//195 267//267 268//268 196//196
f 196//196 268//268 269//269 197//197
f 197//197 269//269 270//270 198//198
f 198//198 270//270 271//271 199//199
f 199//199 271//271 272//272 200//200
f 200//200 272//272 273//273 201//201
f 201//201 273//273 274//274 202//202
f 202//202 274//274 275//275 203//203
f 203//203 275//275 276//276 204//204
f 204//204 276//276 277//277 205//205
f 205//205 277//277 278//278 206//206
f 206//206 278//278 279//279 207//207
f 207//207 279//279 280//280 208//208
f 208//208 280//280 281//281 209//209
f 209//209 281//281 282//282 210//210
f 210//210 282//282 283//283 211//211
f 211//211 283//283 284//284 212//212
f 212//212 284//284 285//285 213//213
f 213//213 285//285 286//286 214//214
f 214//214 286//286 287//287 215//215
f 215//215 287//287 288//288 216//216
f 216//216 288//288 289//289 217//217
f 217//217 289//289 218//218 146//146
f 218//218 290//290 291//291 219//219
f 219//219 291//291 292//292 220//220
f 220//220 292//292 293//293 221//221
f 221//221 293//293 294//294 222//222
f 222//222 294//294 295//295 223//223
f 223//223 295//295 296//296 224//224
f 224//224 296//296 297//297 225//225
f 225//225 297//297 298//298 226//226
f 226//226 298//298 299//299 227//227
f 227//227 299//299 300//300 228//228
f 228//228 300//300 301//301 229//229
f 229//229 301//301 302//302 230//230
f 230//230 302//302 303//303 231//231
f 231//231 303//303 304//304 232//232
f 232//232 304//304 305//305 233//233
f 233//233 305//305 306//306 234//234
f 234//234 306//306 307//307 235//235
f 235//235 307//307 308//308 236//236
f 236//236 308//308 309//309 237//237
f 237//237 309//309 310//310 238//238
f 238//238 310//310 311//311 239//239
f 239//239 311//311 312//312 240//240
f 240//240 312//312 313//313 241//241
f 241//241 313//313 314//314 242//242
f 242//242 314//314 315//315 243//243
f 243//243 315//315 316//316 244//244
f 244//244 316//316 317//317 245//245
f 245//245 317//317 318//318 246//246
f 246//246 318//318 319//319 247//247
f 247//247 319//319 320//320 248//248
f 248//248 320//320 321//321 249//249
f 249//249 321//321 322//322 250//250
f 250//250 322//322 323//323 251//251
f 251//251 323//323 324//324 252//252
f 252//252 324//324 325//325 253//253
f 253//253 325//325 326//326 254//254
f 254//254 326//326 327//327 255//255
f 255//255 327//327 328//328 256//256
f 256//256 328//328 329//329 257//257
f 257//257 329//329 330//330 258//258
f 258//258 330//330 331//331 259//259
f 259//259 331//331 332//332 260//260
f 260//260 332//332 333//333 261//261
f 261//261 333//333 334//334 262//262
f 262//262 334//334 335//335 263//263
f 263//263 335//335 336//336 264//264
f 264//264 336//336 337//337 265//265
f 265//265 337//337 338//338 266//266
f 266//266 338//338 339//339 267//267
f 267//267 339//339 340//340 268//268
f 268//268 340//340 341//341 269//269
f 269//269 341//341 342//342 270//270
f 270//270 342//342 343//343 271//271
f 271//271 343//343 344//344 272//272
f 272//272 344//344 345//345 273//273
f 273//273 345//345 346//346 274//274
f 274//274 346//346 347//347 275//275
f 275//275 347//347 348//348 276//276
f 276//276 348//348 349//349 277//277
f 277//277 349//349 350//350 278//278
f 278//278 350//350 351//351 279//279
f 279//279 351//351 352//352 280//280
f 280//280 352//352 353//353 281//281
f 281//281 353//353 354//354 282//282
f 282//282 354//354 355//355 283//283
f 283//283 355//355 356//356 284//284
f 284//284 356//356 357//357 285//285
f 285//285 357//357 358//358 286//286
f 286//286 358//358 359//359 287//287
f 287//287 359//359 360//360 288//288
f 288//288 360//360 361//361 289//289
f 289//289 361//361 290//290 218//218
f 290//290 362//362 363//363 291//291
f 291//291 363//363 364//364 292//292
f 292//292 364//364 365//365 293//293
f 293//293 365//365 366//366 294//294
f 294//294 366//366 367//367 295//295
f 295//295 367//367 368//368 296//296
f 296//296 368//368 369//369 297//297
f 297//297 369//369 370//370 298//298
f 298//298 370//370 371//371 299//299
f 299//299 371//371 372//372 300//300
f 300//300 372//372 373//373 301//301
f 301//301 373//373 374//374 302//302
f 302//302 374//374 375//375 303//303
f 303//303 375//375 376//376 304//304
f 304//304 376//376 377//377 305//305
f 305//305 377//377 378//378 306//306
f 306//306 378//378 379//379 307//307
f 307//307 379//379 380//380 308//308
f 308//308 380//380 381//381 309//309
f 309//309 381//381 382//382 310//310
f 310//310 382//382 383//383 311//311
f 311//311 383//383 384//384 312//312
f 312//312 384//384 385//385 313//313
f 313//313 385//385 386//386 314//314
f 314//314 386//386 387//387 315//315
f 315//315 387//387 388//388 316//316
f 316//316 388//388 389//389 317//317
f 317//317 389//389 390//390 318//318
f 318//318 390//390 391//391 319//319
f 319//319 391//391 392//392 320//320
f 320//320 392//392 393//393 321//321
f 321//321 393//393 394//394 322//322
f 322//322 394//394 395//395 323//323
f 323//323 395//395 396//396 324//324
f 324//324 396//396 397//397 325//325
f 325//325 397//397 398//398 326//326
f 326//326 398//398 399//399 327//327
f 327//327 399//399 400//400 328//328
f 328//328 400//400 401//401 329//329
f 329//329 401//401 402//402 330//330
f 330//330 402//402 403//403 331//331
f 331//331 403//403 404//404 332//332
f 332//332 404//404 405//405 333//333
f 333//333 405//405 406//406 334//334
f 334//334 406//406 407//407 335//335
f 335//335 407//407 408//408 336//336
f 336//336 408//408 409//409 337//337
f 337//337 409//409 410//410 338//338
f 338//338 410//410 411//411 339//339
f 339//339 411//411 412//412 340//340
f 340//340 412//412 413//413 341//341
f 341//341 413//413 414//414 342//342
f 342//342 414//414 415//415 343//343
f 343//343 415//415 416//416 344//344
f 344//344 416//416 417//417 345//345
f 345//345 417//417 418//418 346//346
f 346//346 418//418 419//419 347//347
f 347//347 419//419 420//420 348//348
f 348//348 420//420 421//421 349//349
f 349//349 421//421 422//422 350//350
f 350//350 422//422 423//423 351//351
f 351//351 423//423 424//424 352//352
f 352//352 424//424 425//425 353//353
f 353//353 425//425 426//426 354//354
f 354//354 426//426 427//427 355//355
f 355//355 427//427 428//428 356//356
f 356//356 428//428 429//429 357//357
f 357//357 429//429 430//430 358//358
f 358//358 430//430 431//431 359//359
f 359//359 431//431 432//432 360//360
f 360//360 432//432 433//433 361//361
f 361//361 433//433 362//362 290//290
f 362//362 434//434 435//435 363//363
f 363//363 435//435 436//436 364//364
f 364//364 436//436 437//437 365//365
f 365//365 437//437 438//438 366//366
f 366//366 438//438 439//439 367//367
f 367//367 439//439 440//440 368//368
f 368//368 440//440 441//441 369//369
f 369//369 441//441 442//442 370//370
f 370//370 442//442 443//443 371//371
f 371//371 443//443 444//444 372//372
f 372//372 444//444 445//445 373//373
f 373//373 445//445 446//446 374//374
f 374//374 446//446 447//447 375//375
f 375//375 447//447 448//448 376//376
f 376//376 448//448 449//449 377//377
f 377//377 449//449 450//450 378//378
f 378//378 450//450 451//451 379//379
f 379//379 451//451 452//452 380//380
f 380//380 452//452 453//453 381//381
f 381//381 453//453 454//454 382//382
f 382//382 454//454 455//455 383//383
f 383//383 455//455 456//456 384//384
f 384//384 456//456 457//457 385//385
f 385//385 457//457 458//458 386//386
f 386//386 458//458 459//459 387//387
f 387//387 459//459 460//460 388//388
f 388//388 460//460 461//461 389//389
f 389//389 461//461 462//462 390//390
f 390//390 462//462 463//463 391//391
f 391//391 463//463 464//464 392//392
f 392//392 464//464 465//465 393//393
f 393//393 465//465 466//466 394//394
f 394//394 466//466 467//467 395//395
f 395//395 467//467 468//468 396//396
f 396//396 468//468 469//469 397//397
f 397//397 469//469 470//470 398//398
f 398//398 470//470 471//471 399//399
f 399//399 471//471 472//472 400//400
f 400//400 472//472 473//473 401//401
f 401//401 473//473 474//474 402//402
f 402//402 474//474 475//475 403//403
f 403//403 475//475 476//476 404//404
f 404//404 476//476 477//477 405//405
f 405//405 477//477 478//478 406//406
f 406//406 478//478 479//479 407//407
f 407//407 479//479 480//480 408//408
f 408//408 480//480 481//481 409//409
f 409//409 481//481 482//482 410//410
f 410//410 482//482 483//483 411//411
f 411//411 483//483 484//484 412//412
f 412//412 484//484 485//485 413//413
f 413//413 485//485 486//486 414//414
f 414//414 486//486 487//487 415//415
f 415//415 487//487 488//488 416//416
f 416//416 488//488 489//489 417//417
f 417//417 489//489 490//490 418//418
f 418//418 490//490 491//491 419//419
f 419//419 491//491 492//492 420//420
f 420//420 492//492 493//493 421//421
f 421//421 493//493 494//494 422//422
f 422//422 494//494 495//495 423//423
f 423//423 495//495 496//496 424//424
f 424//424 496//496 497//497 425//425
f 425//425 497//497 498//498 426//426
f 426//426 498//498 499//499 427//427
f 427//427 499//499 500//500 428//428
f 428//428 500//500 501//501 429//429
f 429//429 501//501 502//502 430//430
f 430//430 502//502 503//503 431//431
f 431//431 503//503 504//504 432//432
f 432//432 504//504 505//505 433//433
f 433//433 505//505 434//434 362//362
f 434//434 506//506 507//507 435//435
f 435//435 507//507 508//508 436//436
f 436//436 508//508 509//509 437//437
f 437//437 509//509 510//510 438//438
f 438//438 510//510 511//511 439//439
f 439//439 511//511 512//512 440//440
f 440//440 512//512 513//513 441//441
f 441//441 513//513 514//514 442//442
f 442//442 514//514 515//515 443//443
f 443//443 515//515 516//516 444//444
f 444//444 516//516 517//517 445//445
f 445//445 517//517 518//518 446//446
f 446//446 518//518 519//519 447//447
f 447//447 519//519 520//520 448//448
f 448//448 520//520 521//521 449//449
f 449//449 521//521 522//522 450//450
f 450//450 522//522 523//523 451//451
f 451//451 523//523 524//524 452//452
f 452//452 524//524 525//525 453//453
f 453//453 525//525 526//526 454//454
f 454//454 526//526 527//527 455//455
f 455//455 527//527 528//528 456//456
f 456//456 528//528 529//529 457//457
f 457//457 529//529 530//530 458//458
f 458//458 530//530 531//531 459//459
f 459//459 531//531 532//532 460//460
f 460//460 532//532 533//533 461//461
f 461//461 533//533 534//534 462//462
f 462//462 534//534 535//535 463//463
f 463//463 535//535 536//536 464//464
f 464//464 536//536 537//537 465//465
f 465//465 537//537 538//538 466//466
f 466//466 538//538 539//539 467//467
f 467//467 539//539 540//540 468//468
f 468//468 540//540 541//541 469//469
f 469//469 541//541 542//542 470//470
f 470//470 542//542 543//543 471//471
f 471//471 543//543 544//544 472//472
f 472//472 544//544 545//545 473//473
f 473//473 545//545 546//546 474//474
f 474//474 546//546 547//547 475//475
f 475//475 547//547 548//548 476//476
f 476//476 548//548 549//549 477//477
f 477//477 549//549 550//550 478//478
f 478//478 550//550 551//551 479//479
f 479//479 551//551 552//552 480//480
f 480//480 552//552 553//553 481//481
f 481//481 553//553 554//554 482//482
f 482//482 554//554 555//555 483//483
f 483//483 555//555 556//556 484//484
f 484//484 556//556 557//557 485//485
f 485//485 557//557 558//558 486//486
f 486//486 558//558 559//559 487//487
f 487//487 559//559 560//560 488//488
f 488//488 560//560 561//561 489//489
f 489//489 561//561 562//562 490//490
f 490//490 562//562 563//563 491//491
f 491//491 563//563 564//564 492//492
f 492//492 564//564 565//565 493//493
f 493//493 565//565 566//566 494//494
f 494//494 566//566 567//567 495//495
f 495//495 567//567 568//568 496//496
f 496//496 568//568 569//569 497//497
f 497//497 569//569 570//570 498//498
f 498//498 570//570 571//571 499//499
f 499//499 571//571 572//572 500//500
f 500//500 572//572 573//573 501//501
f 501//501 573//573 574//574 502//502
f 502//502 574//574 575//575 503//503
f 503//503 575//575 576//576 504//504
f 504//504 576//576 577//577 505//505
f 505//505 577//577 506//506 434//434
f 506//506 578//578 579//579 507//507
f 507//507 579//579 580//580 508//508
f 508//508 580//580 581//581 509//509
f 509//509 581//581 582//582 510//510
f 510//510 582//582 583//583 511//511
f 511//511 583//583 584//584 512//512
f 512//512 584//584 585//585 513//513
f 513//513 585//585 586//586 514//514
f 514//514 586//586 587//587 515//515
f 515//515 587//587 588//588 516//516
f 516//516 588//588 589//589 517//517
f 517//517 589//589 590//590 518//518
f 518//518 590//590 591//591 519//519
f 519//519 591//591 592//592 520//520
f 520//520 592//592 593//593 521//521
f 521//521 593//593 594//594 522//522
f 522//522 594//594 595//595 523//523
f 523//523 595//595 596//596 524//524
f 524//524 596//596 597//597 525//525
f 525//525 597//597 598//598 526//526
f 526//526 598//598 599//599 527//527
f 527//527 599//599 600//600 528//528
f 528//528 600//600 601//601 529//529
f 529//529 601//601 602//602 530//530
f 530//530 602//602 603//603 531//531
f 531//531 603//603 604//604 532//532
f 532//532 604//604 605//605 533//533
f 533//533 605//605 606//606 534//534
f 534//534 606//606 607//607 535//535
f 535//535 607//607 608//608 536//536
f 536//536 608//608 609//609 537//537
f 537//537 609//609 610//610 538//538
f 538//538 610//610 611//611 539//539
f 539//539 611//611 612//612 540//540
f 540//540 612//612 613//613 541//541
f 541//541 613//613 614//614 542//542
f 542//542 614//614 615//615 543//543
f 543//543 615//615 616//616 544//544
f 544//544 616//616 617//617 545//545
f 545//545 617//617 618//618 546//546
f 546//546 618//618 619//619 547//547
f 547//547 619//619 620//620 548//548
f 548//548 620//620 621//621 549//549
f 549//549 621//621 622//622 550//550
f 550//550 622//622 623//623 551//551
f 551//551 623//623 624//624 552//552
f 552//552 624//624 625//625 553//553
f 553//553 625//625 626//626 554//554
f 554//554 626//626 627//627 555//555
f 555//555 627//627 628//628 556//556
f 556//556 628//628 629//629 557//557
f 557//557 629//629 630//630 558//558
f 558//558 630//630 631//631 559//559
f 559//559 631//631 632//632 560//560
f 560//560 632//632 633//633 561//561
f 561//561 633//633 634//634 562//562
f 562//562 634//634 635//635 563//563
f 563//563 635//635 636//636 564//564
f 564//564 636//636 637//637 565//565
f 565//565 637//637 638//638 566//566
f 566//566 638//638 639//639 567//567
f 567//567 639//639 640//640 568//568
f 568//568 640//640 641//641 569//569
f 569//569 641//641 642//642 570//570
f 570//570 642//642 643//643 571//571
f 571//571 643//643 644//644 572//572
f 572//572 644//644 645//645 573//573
f 573//573 645//645 646//646 574//574
f 574//574 646//646 647//647 575//575
f 575//575 647//647 648//648 576//576
f 576//576 648//648 649//649 577//577
f 577//577 649//649 578//578 506//506
f 578//578 650//650 651//651 579//579
f 579//579 651//651 652//652 580//580
f 580//580 652//652 653//653 581//581
f 581//581 653//653 654//654 582//582
f 582//582 654//654 655//655 583//583
f 583//583 655//655 656//656 584//584
f 584//584 656//656 657//657 585//585
f 585//585 657//657 658//658 586//586
f 586//586 658//658 659//659 587//587
f 587//587 659//659 660//660 588//588
f 588//588 660//660 661//661 589//589
f 589//589 661//661 662//662 590//590
f 590//590 662//662 663//663 591//591
f 591//591 663//663 664//664 592//592
f 592//592 664//664 665//665 593//593
f 593//593 665//665 666//666 594//594
f 594//594 666//666 667//667 595//595
f 595//595 667//667 668//668 596//596
f 596//596 668//668 669//669 597//597
f 597//597 669//669 670//670 598//598
f 598//598 670//670 671//671 599//599
f 599//599 671//671 672//672 600//600
f 600//600 672//672 673//673 601//601
f 601//601 673//673 674//674 602//602
f 602//602 674//674 675//675 603//603
f 603//603 675//675 676//676 604//604
f 604//604 676//676 677//677 605//605
f 605//605 677//677 678//678 606//606
f 606//606 678//678 679//679 607//607
f 607//607 679//679 680//680 608//608
f 608//608 680//680 681//681 609//609
f 609//609 681//681 682//682 610//610
f 610//610 682//682 683//683 611//611
f 611//611 683//683 684//684 612//612
f 612//612 684//684 685//685 613//613
f 613//613 685//685 686//686 614//614
f 614//614 686//686 687//687 615//615
f 615//615 687//687 688//688 616//616
f 616//616 688//688 689//689 617//617
f 617//617 689//689 690//690 618//618
f 618//618 690//690 691//691 619//619
f 619//619 691//691 692//692 620//620
f 620//620 692//692 693//693 621//621
f 621//621 693//693 694//694 622//622
f 622//622 694//694 695//695 623//623
f 623//623 695//695 696//696 624//624
f 624//624 696//696 697//697 625//625
f 625//625 697//697 698//698 626//626
f 626//626 698//698 699//699 627//627
f 627//627 699//699 700//700 628//628
f 628//628 700//700 701//701 629//629
f 629//629 701//701 702//702 630//630
f 630//630 702//702 703//703 631//631
f 631//631 703//703 704//704 632//632
f 632//632 704//704 705//705 633//633
f 633//633 705//705 706//706 634//634
f 634//634 706//706 707//707 635//635
f 635//635 707//707 708//708 636//636
f 636//636 708//708 709//709 637//637
f 637//637 709//709 710//710 638//638
f 638//638 710//710 711//711 639//639
f 639//639 711//711 712//712 640//640
f 640//640 712//712 713//713 641//641
f 641//641 713//713 714//714 642//642
f 642//642 714//714 715//715 643//643
f 643//643 715//715 716//716 644//644
f 644//644 716//716 717//717 645//645
f 645//645 717//717 718//718 646//646
f 646//646 718//718 719//719 647//647
f 647//647 719//719 720//720 648//648
f 648//648 720//720 721//721 649//649
f 649//649 721//721 650//650 578//578
f 650//650 722//722 723//723 651//651
f 651//651 723//723 724//724 652//652
f 652//652 724//724 725//725 653//653
f 653//653 725//725 726//726 654//654
f 654//654 726//726 727//727 655//655
f 655//655 727//727 728//728 656//656
f 656//656 728//728 729//729 657//657
f 657//657 729//729 730//730 658//658
f 658//658 730//730 731//731 659//659
f 659//659 731//731 732//732 660//660
f 660//660 732//732 733//733 661//661
f 661//661 733//733 734//734 662//662
f 662//662 734//734 735//735 663//663
f 663//663 735//735 736//736 664//664
f 664//664 736//736 737//737 665//665
f 665//665 737//737 738//738 666//666
f 666//666 738//738 739//739 667//667
f 667//667 739//739 740//740 668//668
f 668//668 740//740 741//741 669//669
f 669//669 741//741 742//742 670//670
f 670//670 742//742 743//743 671//671
f 671//671 743//743 744//744 672//672
f 672//672 744//744 745//745 673//673
f 673//673 745//745 746//746 674//674
f 674//674 746//746 747//747 675//675
f 675//675 747//747 748//748 676//676
f 676//676 748//748 749//749 677//677
f 677//677 749//749 750//750 678//678
f 678//678 750//750 751//751 679//679
f 679//679 751//751 752//752 680//680
f 680//680 752//752 753//753 681//681
f 681//681 753//753 754//754 682//682
f 682//682 754//754 755//755 683//683
f 683//683 755//755 756//756 684//684
f 684//684 756//756 757//757 685//685
f 685//685 757//757 758//758 686//686
f 686//686 758//758 759//759 687//687
f 687//687 759//759 760//760 688//688
f 688//688 760//760 761//761 689//689
f 689//689 761//761 762//762 690//690
f 690//690 762//762 763//763 691//691
f 691//691 763//763 764//764 692//692
f 692//692 764//764 765//765 693//693
f 693//693 765//765 766//766 694//694
f 694//694 766//766 767//767 695//695
f 695//695 767//767 768//768 696//696
f 696//696 768//768 769//769 697//697
f 697//697 769//769 770//770 698//698
f 698//698 770//770 771//771 699//699
f 699//699 771//771 772//772 700//700
f 700//700 772//772 773//773 701//701
f 701//701 773//773 774//774 702//702
f 702//702 774//774 775//775 703//703
f 703//703 775//775 776//776 704//704
f 704//704 776//776 777//777 705//705
f 705//705 777//777 778//778 706//706
f 706//706 778//778 779//779 707//707
f 707//707 779//779 780//780 708//708
f 708//708 780//780 781//781 709//709
f 709//709 781//781 782//782 710//710
f 710//710 782//782 783//783 711//711
f 711//711 783//783 784//784 712//712
f 712//712 784//784 785//785 713//713
f 713//713 785//785 786//786 714//714
f 714//714 786//786 787//787 715//715
f 715//715 787//787 788//788 716//716
f 716//716 788//788 789//789 717//717
f 717//717 789//789 790//790 718//718
f 718//718 790//790 791//791 719//719
f 719//719 791//791 792//792 720//720
f 720//720 792//792 793//793 721//721
f 721//721 793//793 722//722 650//650
f 722//722 794//794 795//795 723//723
f 723//723 795//795 796//796 724//724
f 724//724 796//796 797//797 725//725
f 725//725 797//797 798//798 726//726
f 726//726 798//798 799//799 727//727
f 727//727 799//799 800//800 728//728
f 728//728 800//800 801//801 729//729
f 729//729 801//801 802//802 730//730
f 730//730 802//802 803//803 731//731
f 731//731 803//803 804//804 732//732
f 732//732 804//804 805//805 733//733
f 733//733 805//805 806//806 734//734
f 734//734 806//806 807//807 735//735
f 735//735 807//807 808//808 736//736
f 736//736 808//808 809//809 737//737
f 737//737 809//809 810//810 738//738
f 738//738 810//810 811//811 739//739
f 739//739 811//811 812//812 740//740
f 740//740 812//812 813//813 741//741
f 741//741 813//813 814//814 742//742
f 742//742 814//814 815//815 743//743
f 743//743 815//815 816//816 744//744
f 744//744 816//816 817//817 745//745
f 745//745 817//817 818//818 746//746
f 746//746 818//818 819//819 747//747
f 747//747 819//819 820//820 748//748
f 748//748 820//820 821//821 749//749
f 749//749 821//821 822//822 750//750
f 750//750 822//822 823//823 751//751
f 751//751 823//823 824//824 752//752
f 752//752 824//824 825//825 753//753
f 753//753 825//825 826//826 754//754
f 754//754 826//826 827//827 755//755
f 755//755 827//827 828//828 756//756
f 756//756 828//828 829//829 757//757
f 757//757 829//829 830//830 758//758
f 758//758 830//830 831//831 759//759
f 759//759 831//831 832//832 760//760
f 760//760 832//832 833//833 761//761
f 761//761 833//833 834//834 762//762
f 762//762 834//834 835//835 763//763
f 763//763 835//835 836//836 764//764
f 764//764 836//836 837//837 765//765
f 765//765 837//837 838//838 766//766
f 766//766 838//838 839//839 767//767
f 767//767 839//839 840//840 768//768
f 768//768 840//840 841//841 769//769
f 769//769 841//841 842//842 770//770
f 770//770 842//842 843//843 771//771
f 771//771 843//843 844//844 772//772
f 772//772 844//844 845//845 773//773
f 773//773 845//845 846//846 774//774
f 774//774 846//846 847//847 775//775
f 775//775 847//847 848//848 776//776
f 776//776 848//848 849//849 777//777
f 777//777 849//849 850//850 778//778
f 778//778 850//850 851//851 779//779
f 779//779 851//851 852//852 780//780
f 780//780 852//852 853//853 781//781
f 781//781 853//853 854//854 782//782
f 782//782 854//854 855//855 783//783
f 783//783 855//855 856//856 784//784
f 784//784 856//856 857//857 785//785
f 785//785 857//857 858//858 786//786
f 786//786 858//858 859//859 787//787
f 787//787 859//859 860//860 788//788
f 788//788 860//860 861//861 789//789
f 789//789 861//861 862//862 790//790
f 790//790 862//862 863//863 791//791
f 791//791 863//863 864//864 792//792
f 792//792 864//864 865//865 793//793
f 793//793 865//865 794//794 722//722
f 794//794 866//866 867//867 795//795
f 795//795 867//867 868//868 796//796
f 796//796 868//868 869//869 797//797
f 797//797 869//869 870//870 798//798
f 798//798 870//870 871//871 799//799
f 799//799 871//871 872//872 800//800
f 800//800 872//872 873//873 801//801
f 801//801 873//873 874//874 802//802
f 802//802 874//874 875//875 803//803
f 803//803 875//875 876//876 804//804
f 804//804 876//876 877//877 805//805
f 805//805 877//877 878//878 806//806
f 806//806 878//878 879//879 807//807
f 807//807 879//879 880//880 808//808
f 808//808 880//880 881//881 809//809
f 809//809 881//881 882//882 810//810
f 810//810 882//882 883//883 811//811
f 811//811 883//883 884//884 812//812
f 812//812 884//884 885//885 813//813
f 813//813 885//885 886//886 814//814
f 814//814 886//886 887//887 815//815
f 815//815 887//887 888//888 816//816
f 816//816 888//888 889//889 817//817
f 817//817 889//889 890//890 818//818
f 818//818 890//890 891//891 819//819
f 819//819 891//891 892//892 820//820
f 820//820 892//892 893//893 821//821
f 821//821 893//893 894//894 822//822
f 822//822 894//894 895//895 823//823
f 823//823 895//895 896//896 824//824
f 824//824 896//896 897//897 825//825
f 825//825 897//897 898//898 826//826
f 826//826 898//898 899//899 827//827
f 827//827 899//899 900//900 828//828
f 828//828 900//900 901//901 829//829
f 829//829 901//901 902//902 830//830
f 830//830 902//902 903//903 831//831
f 831//831 903//903 904//904 832//832
f 832//832 904//904 905//905 833//833
f 833//833 905//905 906//906 834//834
f 834//834 906//906 907//907 835//835
f 835//835 907//907 908//908 836//836
f 836//836 908//908 909//909 837//837
f 837//837 909//909 910//910 838//838
f 838//838 910//910 911//911 839//839
f 839//839 911//911 912//912 840//840
f 840//840 912//912 913//913 841//841
f 841//841 913//913 914//914 842//842
f 842//842 914//914 915//915 843//843
f 843//843 915//915 916//916 844//844
f 844//844 916//916 917//917 845//845
f 845//845 917//917 918//918 846//846
f 846//846 918//918 919//919 847//847
f 847//847 919//919 920//920 848//848
f 848//848 920//920 921//921 849//849
f 849//849 921//921 922//922 850//850
f 850//850 922//922 923//923 851//851
f 851//851 923//923 924//924 852//852
f 852//852 924//924 925//925 853//853
f 853//853 925//925 926//926 854//854
f 854//854 926//926 927//927 855//855
f 855//855 927//927 928//928 856//856
f 856//856 928//928 929//929 857//857
f 857//857 929//929 930//930 858//858
f 858//858 930//930 931//931 859//859
f 859//859 931//931 932//932 860//860
f 860//860 932//932 933//933 861//861
f 861//861 933//933 934//934 862//862
f 862//862 934//934 935//935 863//863
f 863//863 935//935 936//936 864//864
f 864//864 936//936 937//937 865//865
f 865//865 937//937 866//866 794//794
f 866//866 938//938 939//939 867//867
f 867//867 939//939 940//940 868//868
f 868//868 940//940 941//941 869//869
f 869//869 941//941 942//942 870//870
f 870//870 942//942 943//943 871//871
f 871//871 943//943 944//944 872//872
f 872//872 944//944 945//945 873//873
f 873//873 945//945 946//946 874//874
f 874//874 946//946 947//947 875//875
f 875//875 947//947 948//948 876//876
f 876//876 948//948 949//949 877//877
f 877//877 949//949 950//950 878//878
f 878//878 950//950 951//951 879//879
f 879//879 951//951 952//952 880//880
f 880//880 952//952 953//953 881//881
f 881//881 953//953 954//954 882//882
f 882//882 954//954 955//955 883//883
f 883//883 955//955 956//956 884//884
f 884//884 956//956 957//957 885//885
f 885//885 957//957 958//958 886//886
f 886//886 958//958 959//959 887//887
f 887//887 959//959 960//960 888//888
f 888//888 960//960 961//961 889//889
f 889//889 961//961 962//962 890//890
f 890//890 962//962 963//963 891//891
f 891//891 963//963 964//964 892//892
f 892//892 964//964 965//965 893//893
f 893//893 965//965 966//966 894//894
f 894//894 966//966 967//967 895//895
f 895//895 967//967 968//968 896//896
f 896//896 968//968 969//969 897//897
f 897//897 969//969 970//970 898//898
f 898//898 970//970 971//971 899//899
f 899//899 971//971 972//972 900//900
f 900//900 972//972 973//973 901//901
f 901//901 973//973 974//974 902//902
f 902//902 974//974 975//975 903//903
f 903//903 975//975 976//976 904//904
f 904//904 976//976 977//977 905//905
f 905//905 977//977 978//978 906//906
f 906//906 978//978 979//979 907//907
f 907//907 979//979 980//980 908//908
f 908//908 980//980 981//981 909//909
f 909//909 981//981 982//982 910//910
f 910//910 982//982 983//983 911//911
f 911//911 983//983 984//984 912//912
f 912//912 984//984 985//985 913//913
f 913//913 985//985 986//986 914//914
f 914//914 986//986 987//987 915//915
f 915//915 987//987 988//988 916//916
f 916//916 988//988 989//989 917//917
f 917//917 989//989 990//990 918//918
f 918//918 990//990 991//991 919//919
f 919//919 991//991 992//992 920//920
f 920//920 992//992 993//993 921//921
f 921//921 993//993 994//994 922//922
f 922//922 994//994 995//995 923//923
f 923//923 995//995 996//996 924//924
f 924//924 996//996 997//997 925//925
f 925//925 997//997 998//998 926//926
f 926//926 998//998 999//999 927//927
f 927//927 999//999 1000//1000 928//928
f 928//928 1000//1000 1001//1001 929//929
f 929//929 1001//1001 1002//1002 930//930
f 930//930 1002//1002 1003//1003 931//931
f 931//931 1003//1003 1004//1004 932//932
f 932//932 1004//1004 1005//1005 933//933
f 933//933 1005//1005 1006//1006 934//934
f 934//934 1006//1006 1007//1007 935//935
f 935//935 1007//1007 1008//1008 936//936
f 936//936 1008//1008 1009//1009 937//937
f 937//937 1009//1009 938//938 866//866
f 938//938 1010//1010 1011//1011 939//939
f 939//939 1011//1011 1012//1012 940//940
f 940//940 1012//1012 1013//1013 941//941
f 941//941 1013//1013 1014//1014 942//942
f 942//942 1014//1014 1015//1015 943//943
f 943//943 1015//1015 1016//1016 944//944
f 944//944 1016//1016 1017//1017 945//945
f 945//945 1017//1017 1018//1018 946//946
f 946//946 1018//1018 1019//1019 947//947
f 947//947 1019//1019 1020//1020 948//948
f 948//948 1020//1020 1021//1021 949//949
f 949//949 1021//1021 1022//1022 950//950
f 950//950 1022//1022 1023//1023 951//951
f 951//951 1023//1023 1024//1024 952//952
f 952//952 1024//1024 1025//1025 953//953
f 953//953 1025//1025 1026//1026 954//954
f 954//954 1026//1026 1027//1027 955//955
f 955//955 1027//1027 1028//1028 956//956
f 956//956 1028//1028 1029//1029 957//957
f 957//957 1029//1029 1030//1030 958//958
f 958//958 1030//1030 1031//1031 959//959
f 959//959 1031//1031 1032//1032 960//960
f 960//960 1032//1032 1033//1033 961//961
f 961//961 1033//1033 1034//1034 962//962
f 962//962 1034//1034 1035//1035 963//963
f 963//963 1035//1035 1036//1036 964//964
f 964//964 1036//1036 1037//1037 965//965
f 965//965 1037//1037 1038//1038 966//966
f 966//966 1038//1038 1039//1039 967//967
f 967//967 1039//1039 1040//1040 968//968
f 968//968 1040//1040 1041//1041 969//969
f 969//969 1041//1041 1042//1042 970//970
f 970//970 1042//1042 1043//1043 971//971
f 971//971 1043//1043 1044//1044 972//972
f 972//972 1044//1044 1045//1045 973//973
f 973//973 1045//1045 1046//1046 974//974
f 974//974 1046//1046 1047//1047 975//975
f 975//975 1047//1047 1048//1048 976//976
f 976//976 1048//1048 1049//1049 977//977
f 977//977 1049//1049 1050//1050 978//978
f 978//978 1050//1050 1051//1051 979//979
f 979//979 1051//1051 1052//1052 980//980
f 980//980 1052//1052 1053//1053 981//981
f 981//981 1053//1053 1054//1054 982//982
f 982//982 1054//1054 1055//1055 983//983
f 983//983 1055//1055 1056//1056 984//984
f 984//984 1056//1056 1057//1057 985//985
f 985//985 1057//1057 1058//1058 986//986
f 986//986 1058//1058 1059//1059 987//987
f 987//987 1059//1059 1060//1060 988//988
f 988//988 1060//1060 1061//1061 989//989
f 989//989 1061//1061 1062//1062 990//990
f 990//990 1062//1062 1063//1063 991//991
f 991//991 1063//1063 1064//1064 992//992
f 992//992 1064//1064 1065//1065 993//993
f 993//993 1065//1065 1066//1066 994//994
f 994//994 1066//1066 1067//1067 995//995
f 995//995 1067//1067 1068//1068 996//996
f 996//996 1068//1068 1069//1069 997//997
f 997//997 1069//1069 1070//1070 998//998
f 998//998 1070//1070 1071//1071 999//999
f 999//999 1071//1071 1072//1072 1000//1000
f 1000//1000 1072//1072 1073//1073 1001//1001
f 1001//1001 1073//1073 1074//1074 1002//1002
f 1002//1002 1074//1074 1075//1075 1003//1003
f 1003//1003 1075//1075 1076//1076 1004//1004
f 1004//1004 1076//1076 1077//1077 1005//1005
f 1005//1005 1077//1077 1078//1078 1006//1006
f 1006//1006 1078//1078 1079//1079 1007//1007
f 1007//1007 1079//1079 1080//1080 1008//1008
f 1008//1008 1080//1080 1081//1081 1009//1009
f 1009//1009 1081//1081 1010//1010 938//938
f 1010//1010 1082//1082 1083//1083 1011//1011
f 1011//1011 1083//1083 1084//1084 1012//1012
f 1012//1012 1084//1084 1085//1085 1013//1013
f 1013//1013 1085//1085 1086//1086 1014//1014
f 1014//1014 1086//1086 1087//1087 1015//1015
f 1015//1015 1087//1087 1088//1088 1016//1016
f 1016//1016 1088//1088 1089//1089 1017//1017
f 1017//1017 1089//1089 1090//1090 1018//1018
f 1018//1018 1090//1090 1091//1091 1019//1019
f 1019//1019 1091//1091 1092//1092 1020//1020
f 1020//1020 1092//1092 1093//1093 1021//1021
f 1021//1021 1093//1093 1094//1094 1022//1022
f 1022//1022 1094//1094 1095//1095 1023//1023
f 1023//1023 1095//1095 1096//1096 1024//1024
f 1024//1024 1096//1096 1097//1097 1025//1025
f 1025//1025 1097//1097 1098//1098 1026//1026
f 1026//1026 1098//1098 1099//1099 1027//1027
f 1027//1027 1099//1099 1100//1100 1028//1028
f 1028//1028 1100//1100 1101//1101 1029//1029
f 1029//1029 1101//1101 1102//1102 1030//1030
f 1030//1030 1102//1102 1103//1103 1031//1031
f 1031//1031 1103//1103 1104//1104 1032//1032
f 1032//1032 1104//1104 1105//1105 1033//1033
f 1033//1033 1105//1105 1106//1106 1034//1034
f 1034//1034 1106//1106 1107//1107 1035//1035
f 1035//1035 1107//1107 1108//1108 1036//1036
f 1036//1036 1108//1108 1109//1109 1037//1037
f 1037//1037 1109//1109 1110//1110 1038//1038
f 1038//1038 1110//1110 1111//1111 1039//1039
f 1039//1039 1111//1111 1112//1112 1040//1040
f 1040//1040 1112//1112 1113//1113 1041//1041
f 1041//1041 1113//1113 1114//1114 1042//1042
f 1042//1042 1114//1114 1115//1115 1043//1043
f 1043//1043 1115//1115 1116//1116 1044//1044
f 1044//1044 1116//1116 1117//1117 1045//1045
f 1045//1045 1117//1117 1118//1118 1046//1046
f 1046//1046 1118//1118 1119//1119 1047//1047
f 1047//1047 1119//1119 1120//1120 1048//1048
f 1048//1048 1120//1120 1121//1121 1049//1049
f 1049//1049 1121//1121 1122//1122 1050//1050
f 1050//1050 1122//1122 1123//1123 1051//1051
f 1051//1051 1123//1123 1124//1124 1052//1052
f 1052//1052 1124//1124 1125//1125 1053//1053
f 1053//1053 1125//1125 1126//1126 1054//1054
f 1054//1054 1126//1126 1127//1127 1055//1055
f 1055//1055 1127//1127 1128//1128 1056//1056
f 1056//1056 1128//1128 1129//1129 1057//1057
f 1057//1057 1129//1129 1130//1130 1058//1058
f 1058//1058 1130//1130 1131//1131 1059//1059
f 1059//1059 1131//1131 1132//1132 1060//1060
f 1060//1060 1132//1132 1133//1133 1061//1061
f 1061//1061 1133//1133 1134//1134 1062//1062
f 1062//1062 1134//1134 1135//1135 1063//1063
f 1063//1063 1135//1135 1136//1136 1064//1064
f 1064//1064 1136//1136 1137//1137 1065//1065
f 1065//1065 1137//1137 1138//1138 1066//1066
f 1066//1066 1138//1138 1139//1139 1067//1067
f 1067//1067 1139//1139 1140//1140 1068//1068
f 1068//1068 1140//1140 1141//1141 1069//1069
f 1069//1069 1141//1141 1142//1142 1070//1070
f 1070//1070 1142//1142 1143//1143 1071//1071
f 1071//1071 1143//1143 1144//1144 1072//1072
f 1072//1072 1144//1144 1145//1145 1073//1073
f 1073//1073 1145//1145 1146//1146 1074//1074
f 1074//1074 1146//1146 1147//1147 1075//1075
f 1075//1075 1147//1147 1148//1148 1076//1076
f 1076//1076 1148//1148 1149//1149 1077//1077
f 1077//1077 1149//1149 1150//1150 1078//1078
f 1078//1078 1150//1150 1151//1151 1079//1079
f 1079//1079 1151//1151 1152//1152 1080//1080
f 1080//1080 1152//1152 1153//1153 1081//1081
f 1081//1081 1153//1153 1082//1082 1010//1010
f 1082//1082 1154//1154 1155//1155 1083//1083
f 1083//1083 1155//1155 1156//1156 1084//1084
f 1084//1084 1156//1156 1157//1157 1085//1085
f 1085//1085 1157//1157 1158//1158 1086//1086
f 1086//1086 1158//1158 1159//1159 1087//1087
f 1087//1087 1159//1159 1160//1160 1088//1088
f 1088//1088 1160//1160 1161//1161 1089//1089
f 1089//1089 1161//1161 1162//1162 1090//1090
f 1090//1090 1162//1162 1163//1163 1091//1091
f 1091//1091 1163//1163 1164//1164 1092//1092
f 1092//1092 1164//1164 1165//1165 1093//1093
f 1093//1093 1165//1165 1166//1166 1094//1094
f 1094//1094 1166//1166 1167//1167 1095//1095
f 1095//1095 1167//1167 1168//1168 1096//1096
f 1096//1096 1168//1168 1169//1169 1097//1097
f 1097//1097 1169//1169 1170//1170 1098//1098
f 1098//1098 1170//1170 1171//1171 1099//1099
f 1099//1099 1171//1171 1172//1172 1100//1100
f 1100//1100 1172//1172 1173//1173 1101//1101
f 1101//1101 1173//1173 1174//1174 1102//1102
f 1102//1102 1174//1174 1175//1175 1103//1103
f 1103//1103 1175//1175 1176//1176 1104//1104
f 1104//1104 1176//1176 1177//1177 1105//1105
f 1105//1105 1177//1177 1178//1178 1106//1106
f 1106//1106 1178//1178 1179//1179 1107//1107
f 1107//1107 1179//1179 1180//1180 1108//1108
f 1108//1108 1180//1180 1181//1181 1109//1109
f 1109//1109 1181//1181 1182//1182 1110//1110
f 1110//1110 1182//1182 1183//1183 1111//1111
f 1111//1111 1183//1183 1184//1184 1112//1112
f 1112//1112 1184//1184 1185//1185 1113//1113
f 1113//1113 1185//1185 1186//1186 1114//1114
f 1114//1114 1186//1186 1187//1187 1115//1115
f 1115//1115 1187//1187 1188//1188 1116//1116
f 1116//1116 1188//1188 1189//1189 1117//1117
f 1117//1117 1189//1189 1190//1190 1118//1118
f 1118//1118 1190//1190 1191//1191 1119//1119
f 1119//1119 1191//1191 1192//1192 1120//1120
f 1120//1120 1192//1192 1193//1193 1121//1121
f 1121//1121 1193//1193 1194//1194 1122//1122
f 1122//1122 1194//1194 1195//1195 1123//1123
f 1123//1123 1195//1195 1196//1196 1124//1124
f 1124//1124 1196//1196 1197//1197 1125//1125
f 1125//1125 1197//1197 1198//1198 1126//1126
f 1126//1126 1198//1198 1199//1199 1127//1127
f 1127//1127 1199//1199 1200//1200 1128//1128
f 1128//1128 1200//1200 1201//1201 1129//1129
f 1129//1129 1201//1201 1202//1202 1130//1130
f 1130//1130 1202//1202 1203//1203 1131//1131
f 1131//1131 1203//1203 1204//1204 1132//1132
f 1132//1132 1204//1204 1205//1205 1133//1133
f 1133//1133 1205//1205 1206//1206 1134//1134
f 1134//1134 1206//1206 1207//1207 1135//1135
f 1135//1135 1207//1207 1208//1208 1136//1136
f 1136//1136 1208//1208 1209//1209 1137//1137
f 1137//1137 1209//1209 1210//1210 1138//1138
f 1138//1138 1210//1210 1211//1211 1139//1139
f 1139//1139 1211//1211 1212//1212 1140//1140
f 1140//1140 1212//1212 1213//1213 1141//1141
f 1141//1141 1213//1213 1214//1214 1142//1142
f 1142//1142 1214//1214 1215//1215 1143//1143
f 1143//1143 1215//1215 1216//1216 1144//1144
f 1144//1144 1216//1216 1217//1217 1145//1145
f 1145//1145 1217//1217 1218//1218 1146//1146
f 1146//1146 1218//1218 1219//1219 1147//1147
f 1147//1147 1219//1219 1220//1220 1148//1148
f 1148//1148 1220//1220 1221//1221 1149//1149
f 1149//1149 1221//1221 1222//1222 1150//1150
f 1150//1150 1222//1222 1223//1223 1151//1151
f 1151//1151 1223//1223 1224//1224 1152//1152
f 1152//1152 1224//1224 1225//1225 1153//1153
f 1153//1153 1225//1225 1154//1154 1082//1082
f 1154//1154 1226//1226 1227//1227 1155//1155
f 1155//1155 1227//1227 1228//1228 1156//1156
f 1156//1156 1228//1228 1229//1229 1157//1157
f 1157//1157 1229//1229 1230//1230 1158//1158
f 1158//1158 1230//1230 1231//1231 1159//1159
f 1159//1159 1231//1231 1232//1232 1160//1160
f 1160//1160 1232//1232 1233//1233 1161//1161
f 1161//1161 1233//1233 1234//1234 1162//1162
f 1162//1162 1234//1234 1235//1235 1163//1163
f 1163//1163 1235//1235 1236//1236 1164//1164
f 1164//1164 1236//1236 1237//1237 1165//1165
f 1165//1165 1237//1237 1238//1238 1166//1166
f 1166//1166 1238//1238 1239//1239 1167//1167
f 1167//1167 1239//1239 1240//1240 1168//1168
f 1168//1168 1240//1240 1241//1241 1169//1169
f 1169//1169 1241//1241 1242//1242 1170//1170
f 1170//1170 1242//1242 1243//1243 1171//1171
f 1171//1171 1243//1243 1244//1244 1172//1172
f 1172//1172 1244//1244 1245//1245 1173//1173
f 1173//1173 1245//1245 1246//1246 1174//1174
f 1174//1174 1246//1246 1247//1247 1175//1175
f 1175//1175 1247//1247 1248//1248 1176//1176
f 1176//1176 1248//1248 1249//1249 1177//1177
f 1177//1177 1249//1249 1250//1250 1178//1178
f 1178//1178 1250//1250 1251//1251 1179//1179
f 1179//1179 1251//1251 1252//1252 1180//1180
f 1180//1180 1252//1252 1253//1253 1181//1181
f 1181//1181 1253//1253 1254//1254 1182//1182
f 1182//1182 1254//1254 1255//1255 1183//1183
f 1183//1183 1255//1255 1256//1256 1184//1184
f 1184//1184 1256//1256 1257//1257 1185//1185
f 1185//1185 1257//1257 1258//1258 1186//1186
f 1186//1186 1258//1258 1259//1259 1187//1187
f 1187//1187 1259//1259 1260//1260 1188//1188
f 1188//1188 1260//1260 1261//1261 1189//1189
f 1189//1189 1261//1261 1262//1262 1190//1190
f 1190//1190 1262//1262 1263//1263 1191//1191
f 1191//1191 1263//1263 1264//1264 1192//1192
f 1192//1192 1264//1264 1265//1265 1193//1193
f 1193//1193 1265//1265 1266//1266 1194//1194
f 1194//1194 1266//1266 1267//1267 1195//1195
f 1195//1195 1267//1267 1268//1268 1196//1196
f 1196//1196 1268//1268 1269//1269 1197//1197
f 1197//1197 1269//1269 1270//1270 1198//1198
f 1198//1198 1270//1270 1271//1271 1199//1199
f 1199//1199 1271//1271 1272//1272 1200//1200
f 1200//1200 1272//1272 1273//1273 1201//1201
f 1201//1201 1273//1273 1274//1274 1202//1202
f 1202//1202 1274//1274 1275//1275 1203//1203
f 1203//1203 1275//1275 1276//1276 1204//1204
f 1204//1204 1276//1276 1277//1277 1205//1205
f 1205//1205 1277//1277 1278//1278 1206//1206
f 1206//1206 1278//1278 1279//1279 1207//1207
f 1207//1207 1279//1279 1280//1280 1208//1208
f 1208//1208 1280//1280 1281//1281 1209//1209
f 1209//1209 1281//1281 1282//1282 1210//1210
f 1210//1210 1282//1282 1283//1283 1211//1211
f 1211//1211 1283//1283 1284//1284 1212//1212
f 1212//1212 1284//1284 1285//1285 1213//1213
f 1213//1213 1285//1285 1286//1286 1214//1214
f 1214//1214 1286//1286 1287//1287 1215//1215
f 1215//1215 1287//1287 1288//1288 1216//1216
f 1216//1216 1288//1288 1289//1289 1217//1217
f 1217//1217 1289//1289 1290//1290 1218//1218
f 1218//1218 1290//1290 1291//1291 1219//1219
f 1219//1219 1291//1291 1292//1292 1220//1220
f 1220//1220 1292//1292 1293//1293 1221//1221
f 1221//1221 1293//1293 1294//1294 1222//1222
f 1222//1222 1294//1294 1295//1295 1223//1223
f 1223//1223 1295//1295 1296//1296 1224//1224
f 1224//1224 1296//1296 1297//1297 1225//1225
f 1225//1225 1297//1297 1226//1226 1154//1154
f 1226//1226 1298//1298 1299//1299 1227//1227
f 1227//1227 1299//1299 1300//1300 1228//1228
f 1228//1228 1300//1300 1301//1301 1229//1229
f 1229//1229 1301//1301 1302//1302 1230//1230
f 1230//1230 1302//1302 1303//1303 1231//1231
f 1231//1231 1303//1303 1304//1304 1232//1232
f 1232//1232 1304//1304 1305//1305 1233//1233
f 1233//1233 1305//1305 1306//1306 1234//1234
f 1234//1234 1306//1306 1307//1307 1235//1235
f 1235//1235 1307//1307 1308//1308 1236//1236
f 1236//1236 1308//1308 1309//1309 1237//1237
f 1237//1237 1309//1309 1310//1310 1238//1238
f 1238//1238 1310//1310 1311//1311 1239//1239
f 1239//1239 1311//1311 1312//1312 1240//1240
f 1240//1240 1312//1312 1313//1313 1241//1241
f 1241//1241 1313//1313 1314//1314 1242//1242
f 1242//1242 1314//1314 1315//1315 1243//1243
f 1243//1243 1315//1315 1316//1316 1244//1244
f 1244//1244 1316//1316 1317//1317 1245//1245
f 1245//1245 1317//1317 1318//1318 1246//1246
f 1246//1246 1318//1318 1319//1319 1247//1247
f 1247//1247 1319//1319 1320//1320 1248//1248
f 1248//1248 1320//1320 1321//1321 1249//1249
f 1249//1249 1321//1321 1322//1322 1250//1250
f 1250//1250 1322//1322 1323//1323 1251//1251
f 1251//1251 1323//1323 1324//1324 1252//1252
f 1252//1252 1324//1324 1325//1325 1253//1253
f 1253//1253 1325//1325 1326//1326 1254//1254
f 1254//1254 1326//1326 1327//1327 1255//1255
f 1255//1255 1327//1327 1328//1328 1256//1256
f 1256//1256 1328//1328 1329//1329 1257//1257
f 1257//1257 1329//1329 1330//1330 1258//1258
f 1258//1258 1330//1330 1331//1331 1259//1259
f 1259//1259 1331//1331 1332//1332 1260//1260
f 1260//1260 1332//1332 1333//1333 1261//1261
f 1261//1261 1333//1333 1334//1334 1262//1262
f 1262//1262 1334//1334 1335//1335 1263//1263
f 1263//1263 1335//1335 1336//1336 1264//1264
f 1264//1264 1336//1336 1337//1337 1265//1265
f 1265//1265 1337//1337 1338//1338 1266//1266
f 1266//1266 1338//1338 1339//1339 1267//1267
f 1267//1267 1339//1339 1340//1340 1268//1268
f 1268//1268 1340//1340 1341//1341 1269//1269
f 1269//1269 1341//1341 1342//1342 1270//1270
f 1270//1270 1342//1342 1343//1343 1271//1271
f 1271//1271 1343//1343 1344//1344 1272//1272
f 1272//1272 1344//1344 1345//1345 1273//1273
f 1273//1273 1345//1345 1346//1346 1274//1274
f 1274//1274 1346//1346 1347//1347 1275//1275
f 1275//1275 1347//1347 1348//1348 1276//1276
f 1276//1276 1348//1348 1349//1349 1277//1277
f 1277//1277 1349//1349 1350//1350 1278//1278
f 1278//1278 1350//1350 1351//1351 1279//1279
f 1279//1279 1351//1351 1352//1352 1280//1280
f 1280//1280 1352//1352 1353//1353 1281//1281
f 1281//1281 1353//1353 1354//1354 1282//1282
f 1282//1282 1354//1354 1355//1355 1283//1283
f 1283//1283 1355//1355 1356//1356 1284//1284
f 1284//1284 1356//1356 1357//1357 1285//1285
f 1285//1285 1357//1357 1358//1358 1286//1286
f 1286//1286 1358//1358 1359//1359 1287//1287
f 1287//1287 1359//1359 1360//1360 1288//1288
f 1288//1288 1360//1360 1361//1361 1289//1289
f 1289//1289 1361//1361 1362//1362 1290//1290
f 1290//1290 1362//1362 1363//1363 1291//1291
f 1291//1291 1363//1363 1364//1364 1292//1292
f 1292//1292 1364//1364 1365//1365 1293//1293
f 1293//1293 1365//1365 1366//1366 1294//1294
f 1294//1294 1366//1366 1367//1367 1295//1295
f 1295//1295 1367//1367 1368//1368 1296//1296
f 1296//1296 1368//1368 1369//1369 1297//1297
f 1297//1297 1369//1369 1298//1298 1226//1226
f 1298//1298 1370//1370 1371//1371 1299//1299
f 1299//1299 1371//1371 1372//1372 1300//1300
f 1300//1300 1372//1372 1373//1373 1301//1301
f 1301//1301 1373//1373 1374//1374 1302//1302
f 1302//1302 1374//1374 1375//1375 1303//1303
f 1303//1303 1375//1375 1376//1376 1304//1304
f 1304//1304 1376//1376 1377//1377 1305//1305
f 1305//1305 1377//1377 1378//1378 1306//1306
f 1306//1306 1378//1378 1379//1379 1307//1307
f 1307//1307 1379//1379 1380//1380 1308//1308
f 1308//1308 1380//1380 1381//1381 1309//1309
f 1309//1309 1381//1381 1382//1382 1310//1310
f 1310//1310 1382//1382 1383//1383 1311//1311
f 1311//1311 1383//1383 1384//1384 1312//1312
f 1312//1312 1384//1384 1385//1385 1313//1313
f 1313//1313 1385//1385 1386//1386 1314//1314
f 1314//1314 1386//1386 1387//1387 1315//1315
f 1315//1315 1387//1387 1388//1388 1316//1316
f 1316//1316 1388//1388 1389//1389 1317//1317
f 1317//1317 1389//1389 1390//1390 1318//1318
f 1318//1318 1390//1390 1391//1391 1319//1319
f 1319//1319 1391//1391 1392//1392 1320//1320
f 1320//1320 1392//1392 1393//1393 1321//1321
f 1321//1321 1393//1393 1394//1394 1322//1322
f 1322//1322 1394//1394 1395//1395 1323//1323
f 1323//1323 1395//1395 1396//1396 1324//1324
f 1324//1324 1396//1396 1397//1397 1325//1325
f 1325//1325 1397//1397 1398//1398 1326//1326
f 1326//1326 1398//1398 1399//1399 1327//1327
f 1327//1327 1399//1399 1400//1400 1328//1328
f 1328//1328 1400//1400 1401//1401 1329//1329
f 1329//1329 1401//1401 1402//1402 1330//1330
f 1330//1330 1402//1402 1403//1403 1331//1331
f 1331//1331 1403//1403 1404//1404 1332//1332
f 1332//1332 1404//1404 1405//1405 1333//1333
f 1333//1333 1405//1405 1406//1406 1334//1334
f 1334//1334 1406//1406 1407//1407 1335//1335
f 1335//1335 1407//1407 1408//1408 1336//1336
f 1336//1336 1408//1408 1409//1409 1337//1337
f 1337//1337 1409//1409 1410//1410 1338//1338
f 1338//1338 1410//1410 1411//1411 1339//1339
f 1339//1339 1411//1411 1412//1412 1340//1340
f 1340//1340 1412//1412 1413//1413 1341//1341
f 1341//1341 1413//1413 1414//1414 1342//1342
f 1342//1342 1414//1414 1415//1415 1343//1343
f 1343//1343 1415//1415 1416//1416 1344//1344
f 1344//1344 1416//1416 1417//1417 1345//1345
f 1345//1345 1417//1417 1418//1418 1346//1346
f 1346//1346 1418//1418 1419//1419 1347//1347
f 1347//1347 1419//1419 1420//1420 1348//1348
f 1348//1348 1420//1420 1421//1421 1349//1349
f 1349//1349 1421//1421 1422//1422 1350//1350
f 1350//1350 1422//1422 1423//1423 1351//1351
f 1351//1351 1423//1423 1424//1424 1352//1352
f 1352//1352 1424//1424 1425//1425 1353//1353
f 1353//1353 1425//1425 1426//1426 1354//1354
f 1354//1354 1426//1426 1427//1427 1355//1355
f 1355//1355 1427//1427 1428//1428 1356//1356
f 1356//1356 1428//1428 1429//1429 1357//1357
f 1357//1357 1429//1429 1430//1430 1358//1358
f 1358//1358 1430//1430 1431//1431 1359//1359
f 1359//1359 1431//1431 1432//1432 1360//1360
f 1360//1360 1432//1432 1433//1433 1361//1361
f 1361//1361 1433//1433 1434//1434 1362//1362
f 1362//1362 1434//1434 1435//1435 1363//1363
f 1363//1363 1435//1435 1436//1436 1364//1364
f 1364//1364 1436//1436 1437//1437 1365//1365
f 1365//1365 1437//1437 1438//1438 1366//1366
f 1366//1366 1438//1438 1439//1439 1367//1367
f 1367//1367 1439//1439 1440//1440 1368//1368
f 1368//1368 1440//1440 1441//1441 1369//1369
f 1369//1369 1441//1441 1370//1370 1298//1298
f 1370//1370 1442//1442 1443//1443 1371//1371
f 1371//1371 1443//1443 1444//1444 1372//1372
f 1372//1372 1444//1444 1445//1445 1373//1373
f 1373//1373 1445//1445 1446//1446 1374//1374
f 1374//1374 1446//1446 1447//1447 1375//1375
f 1375//1375 1447//1447 1448//1448 1376//1376
f 1376//1376 1448//1448 1449//1449 1377//1377
f 1377//1377 1449//1449 1450//1450 1378//1378
f 1378//1378 1450//1450 1451//1451 1379//1379
f 1379//1379 1451//1451 1452//1452 1380//1380
f 1380//1380 1452//1452 1453//1453 1381//1381
f 1381//1381 1453//1453 1454//1454 1382//1382
f 1382//1382 1454//1454 1455//1455 1383//1383
f 1383//1383 1455//1455 1456//1456 1384//1384
f 1384//1384 1456//1456 1457//1457 1385//1385
f 1385//1385 1457//1457 1458//1458 1386//1386
f 1386//1386 1458//1458 1459//1459 1387//1387
f 1387//1387 1459//1459 1460//1460 1388//1388
f 1388//1388 1460//1460 1461//1461 1389//1389
f 1389//1389 1461//1461 1462//1462 1390//1390
f 1390//1390 1462//1462 1463//1463 1391//1391
f 1391//1391 1463//1463 1464//1464 1392//1392
f 1392//1392 1464//1464 1465//1465 1393//1393
f 1393//1393 1465//1465 1466//1466 1394//1394
f 1394//1394 1466//1466 1467//1467 1395//1395
f 1395//1395 1467//1467 1468//1468 1396//1396
f 1396//1396 1468//1468 1469//1469 1397//1397
f 1397//1397 1469//1469 1470//1470 1398//1398
f 1398//1398 1470//1470 1471//1471 1399//1399
f 1399//1399 1471//1471 1472//1472 1400//1400
f 1400//1400 1472//1472 1473//1473 1401//1401
f 1401//1401 1473//1473 1474//1474 1402//1402
f 1402//1402 1474//1474 1475//1475 1403//1403
f 1403//1403 1475//1475 1476//1476 1404//1404
f 1404//1404 1476//1476 1477//1477 1405//1405
f 1405//1405 1477//1477 1478//1478 1406//1406
f 1406//1406 1478//1478 1479//1479 1407//1407
f 1407//1407 1479//1479 1480//1480 1408//1408
f 1408//1408 1480//1480 1481//1481 1409//1409
f 1409//1409 1481//1481 1482//1482 1410//1410
f 1410//1410 1482//1482 1483//1483 1411//1411
f 1411//1411 1483//1483 1484//1484 1412//1412
f 1412//1412 1484//1484 1485//1485 1413//1413
f 1413//1413 1485//1485 1486//1486 1414//1414
f 1414//1414 1486//1486 1487//1487 1415//1415
f 1415//1415 1487//1487 1488//1488 1416//1416
f 1416//1416 1488//1488 1489//1489 1417//1417
f 1417//1417 1489//1489 1490//1490 1418//1418
f 1418//1418 1490//1490 1491//1491 1419//1419
f 1419//1419 1491//1491 1492//1492 1420//1420
f 1420//1420 1492//1492 1493//1493 1421//1421
f 1421//1421 1493//1493 1494//1494 1422//1422
f 1422//1422 1494//1494 1495//1495 1423//1423
f 1423//1423 1495//1495 1496//1496 1424//1424
f 1424//1424 1496//1496 1497//1497 1425//1425
f 1425//1425 1497//1497 1498//1498 1426//1426
f 1426//1426 1498//1498 1499//1499 1427//1427
f 1427//1427 1499//1499 1500//1500 1428//1428
f 1428//1428 1500//1500 1501//1501 1429//1429
f 1429//1429 1501//1501 1502//1502 1430//1430
f 1430//1430 1502//1502 1503//1503 1431//1431
f 1431//1431 1503//1503 1504//1504 1432//1432
f 1432//1432 1504//1504 1505//1505 1433//1433
f 1433//1433 1505//1505 1506//1506 1434//1434
f 1434//1434 1506//1506 1507//1507 1435//1435
f 1435//1435 1507//1507 1508//1508 1436//1436
f 1436//1436 1508//1508 1509//1509 1437//1437
f 1437//1437 1509//1509 1510//1510 1438//1438
f 1438//1438 1510//1510 1511//1511 1439//1439
f 1439//1439 1511//1511 1512//1512 1440//1440
f 1440//1440 1512//1512 1513//1513 1441//1441
f 1441//1441 1513//1513 1442//1442 1370//1370
f 1442//1442 1514//1514 1515//1515 1443//1443
f 1443//1443 1515//1515 1516//1516 1444//1444
f 1444//1444 1516//1516 1517//1517 1445//1445
f 1445//1445 1517//1517 1518//1518 1446//1446
f 1446//1446 1518//1518 1519//1519 1447//1447
f 1447//1447 1519//1519 1520//1520 1448//1448
f 1448//1448 1520//1520 1521//1521 1449//1449
f 1449//1449 1521//1521 1522//1522 1450//1450
f 1450//1450 1522//1522 1523//1523 1451//1451
f 1451//1451 1523//1523 1524//1524 1452//1452
f 1452//1452 1524//1524 1525//1525 1453//1453
f 1453//1453 1525//1525 1526//1526 1454//1454
f 1454//1454 1526//1526 1527//1527 1455//1455
f 1455//1455 1527//1527 1528//1528 1456//1456
f 1456//1456 1528//1528 1529//1529 1457//1457
f 1457//1457 1529//1529 1530//1530 1458//1458
f 1458//1458 1530//1530 1531//1531 1459//1459
f 1459//1459 1531//1531 1532//1532 1460//1460
f 1460//1460 1532//1532 1533//1533 1461//1461
f 1461//1461 1533//1533 1534//1534 1462//1462
f 1462//1462 1534//1534 1535//1535 1463//1463
f 1463//1463 1535//1535 1536//1536 1464//1464
f 1464//1464 1536//1536 1537//1537 1465//1465
f 1465//1465 1537//1537 1538//1538 1466//1466
f 1466//1466 1538//1538 1539//1539 1467//1467
f 1467//1467 1539//1539 1540//1540 1468//1468
f 1468//1468 1540//1540 1541//1541 1469//1469
f 1469//1469 1541//1541 1542//1542 1470//1470
f 1470//1470 1542//1542 1543//1543 1471//1471
f 1471//1471 1543//1543 1544//1544 1472//1472
f 1472//1472 1544//1544 1545//1545 1473//1473
f 1473//1473 1545//1545 1546//1546 1474//1474
f 1474//1474 1546//1546 1547//1547 1475//1475
f 1475//1475 1547//1547 1548//1548 1476//1476
f 1476//1476 1548//1548 1549//1549 1477//1477
f 1477//1477 1549//1549 1550//1550 1478//1478
f 1478//1478 1550//1550 1551//1551 1479//1479
f 1479//1479 1551//1551 1552//1552 1480//1480
f 1480//1480 1552//1552 1553//1553 1481//1481
f 1481//1481 1553//1553 1554//1554 1482//1482
f 1482//1482 1554//1554 1555//1555 1483//1483
f 1483//1483 1555//1555 1556//1556 1484//1484
f 1484//1484 1556//1556 1557//1557 1485//1485
f 1485//1485 1557//1557 1558//1558 1486//1486
f 1486//1486 1558//1558 1559//1559 1487//1487
f 1487//1487 1559//1559 1560//1560 1488//1488
f 1488//1488 1560//1560 1561//1561 1489//1489
f 1489//1489 1561//1561 1562//1562 1490//1490
f 1490//1490 1562//1562 1563//1563 1491//1491
f 1491//1491 1563//1563 1564//1564 1492//1492
f 1492//1492 1564//1564 1565//1565 1493//1493
f 1493//1493 1565//1565 1566//1566 1494//1494
f 1494//1494 1566//1566 1567//1567 1495//1495
f 1495//1495 1567//1567 1568//1568 1496//1496
f 1496//1496 1568//1568 1569//1569 1497//1497
f 1497//1497 1569//1569 1570//1570 1498//1498
f 1498//1498 1570//1570 1571//1571 1499//1499
f 1499//1499 1571//1571 1572//1572 1500//1500
f 1500//1500 1572//1572 1573//1573 1501//1501
f 1501//1501 1573//1573 1574//1574 1502//1502
f 1502//1502 1574//1574 1575//1575 1503//1503
f 1503//1503 1575//1575 1576//1576 1504//1504
f 1504//1504 1576//1576 1577//1577 1505//1505
f 1505//1505 1577//1577 1578//1578 1506//1506
f 1506//1506 1578//1578 1579//1579 1507//1507
f 1507//1507 1579//1579 1580//1580 1508//1508
f 1508//1508 1580//1580 1581//1581 1509//1509
f 1509//1509 1581//1581 1582//1582 1510//1510
f 1510//1510 1582//1582 1583//1583 1511//1511
f 1511//1511 1583//1583 1584//1584 1512//1512
f 1512//1512 1584//1584 1585//1585 1513//1513
f 1513//1513 1585//1585 1514//1514 1442//1442
f 1514//1514 1586//1586 1587//1587 1515//1515
f 1515//1515 1587//1587 1588//1588 1516//1516
f 1516//1516 1588//1588 1589//1589 1517//1517
f 1517//1517 1589//1589 1590//1590 1518//1518
f 1518//1518 1590//1590 1591//1591 1519//1519
f 1519//1519 1591//1591 1592//1592 1520//1520
f 1520//1520 1592//1592 1593//1593 1521//1521
f 1521//1521 1593//1593 1594//1594 1522//1522
f 1522//1522 1594//1594 1595//1595 1523//1523
f 1523//1523 1595//1595 1596//1596 1524//1524
f 1524//1524 1596//1596 1597//1597 1525//1525
f 1525//1525 1597//1597 1598//1598 1526//1526
f 1526//1526 1598//1598 1599//1599 1527//1527
f 1527//1527 1599//1599 1600//1600 1528//1528
f 1528//1528 1600//1600 1601//1601 1529//1529
f 1529//1529 1601//1601 1602//1602 1530//1530
f 1530//1530 1602//1602 1603//1603 1531//1531
f 1531//1531 1603//1603 1604//1604 1532//1532
f 1532//1532 1604//1604 1605//1605 1533//1533
f 1533//1533 1605//1605 1606//1606 1534//1534
f 1534//1534 1606//1606 1607//1607 1535//1535
f 1535//1535 1607//1607 1608//1608 1536//1536
f 1536//1536 1608//1608 1609//1609 1537//1537
f 1537//1537 1609//1609 1610//1610 1538//1538
f 1538//1538 1610//1610 1611//1611 1539//1539
f 1539//1539 1611//1611 1612//1612 1540//1540
f 1540//1540 1612//1612 1613//1613 1541//1541
f 1541//1541 1613//1613 1614//1614 1542//1542
f 1542//1542 1614//1614 1615//1615 1543//1543
f 1543//1543 1615//1615 1616//1616 1544//1544
f 1544//1544 1616//1616 1617//1617 1545//1545
f 1545//1545 1617//1617 1618//1618 1546//1546
f 1546//1546 1618//1618 1619//1619 1547//1547
f 1547//1547 1619//1619 1620//1620 1548//1548
f 1548//1548 1620//1620 1621//1621 1549//1549
f 1549//1549 1621//1621 1622//1622 1550//1550
f 1550//1550 1622//1622 1623//1623 1551//1551
f 1551//1551 1623//1623 1624//1624 1552//1552
f 1552//1552 1624//1624 1625//1625 1553//1553
f 1553//1553 1625//1625 1626//1626 1554//1554
f 1554//1554 1626//1626 1627//1627 1555//1555
f 1555//1555 1627//1627 1628//1628 1556//1556
f 1556//1556 1628//1628 1629//1629 1557//1557
f 1557//1557 1629//1629 1630//1630 1558//1558
f 1558//1558 1630//1630 1631//1631 1559//1559
f 1559//1559 1631//1631 1632//1632 1560//1560
f 1560//1560 1632//1632 1633//1633 1561//1561
f 1561//1561 1633//1633 1634//1634 1562//1562
f 1562//1562 1634//1634 1635//1635 1563//1563
f 1563//1563 1635//1635 1636//1636 1564//1564
f 1564//1564 1636//1636 1637//1637 1565//1565
f 1565//1565 1637//1637 1638//1638 1566//1566
f 1566//1566 1638//1638 1639//1639 1567//1567
f 1567//1567 1639//1639 1640//1640 1568//1568
f 1568//1568 1640//1640 1641//1641 1569//1569
f 1569//1569 1641//1641 1642//1642 1570//1570
f 1570//1570 1642//1642 1643//1643 1571//1571
f 1571//1571 1643//1643 1644//1644 1572//1572
f 1572//1572 1644//1644 1645//1645 1573//1573
f 1573//1573 1645//1645 1646//1646 1574//1574
f 1574//1574 1646//1646 1647//1647 1575//1575
f 1575//1575 1647//1647 1648//1648 1576//1576
f 1576//1576 1648//1648 1649//1649 1577//1577
f 1577//1577 1649//1649 1650//1650 1578//1578
f 1578//1578 1650//1650 1651//1651 1579//1579
f 1579//1579 1651//1651 1652//1652 1580//1580
f 1580//1580 1652//1652 1653//1653 1581//1581
f 1581//1581 1653//1653 1654//1654 1582//1582
f 1582//1582 1654//1654 1655//1655 1583//1583
f 1583//1583 1655//1655 1656//1656 1584//1584
f 1584//1584 1656//1656 1657//1657 1585//1585
f 1585//1585 1657//1657 1586//1586 1514//1514
f 1586//1586 1658//1658 1659//1659 1587//1587
f 1587//1587 1659//1659 1660//1660 1588//1588
f 1588//1588 1660//1660 1661//1661 1589//1589
f 1589//1589 1661//1661 1662//1662 1590//1590
f 1590//1590 1662//1662 1663//1663 1591//1591
f 1591//1591 1663//1663 1664//1664 1592//1592
f 1592//1592 1664//1664 1665//1665 1593//1593
f 1593//1593 1665//1665 1666//1666 1594//1594
f 1594//1594 1666//1666 1667//1667 1595//1595
f 1595//1595 1667//1667 1668//1668 1596//1596
f 1596//1596 1668//1668 1669//1669 1597//1597
f 1597//1597 1669//1669 1670//1670 1598//1598
f 1598//1598 1670//1670 1671//1671 1599//1599
f 1599//1599 1671//1671 1672//1672 1600//1600
f 1600//1600 1672//1672 1673//1673 1601//1601
f 1601//1601 1673//1673 1674//1674 1602//1602
f 1602//1602 1674//1674 1675//1675 1603//1603
f 1603//1603 1675//1675 1676//1676 1604//1604
f 1604//1604 1676//1676 1677//1677 1605//1605
f 1605//1605 1677//1677 1678//1678 1606//1606
f 1606//1606 1678//1678 1679//1679 1607//1607
f 1607//1607 1679//1679 1680//1680 1608//1608
f 1608//1608 1680//1680 1681//1681 1609//1609
f 1609//1609 1681//1681 1682//1682 1610//1610
f 1610//1610 1682//1682 1683//1683 1611//1611
f 1611//1611 1683//1683 1684//1684 1612//1612
f 1612//1612 1684//1684 1685//1685 1613//1613
f 1613//1613 1685//1685 1686//1686 1614//1614
f 1614//1614 1686//1686 1687//1687 1615//1615
f 1615//1615 1687//1687 1688//1688 1616//1616
f 1616//1616 1688//1688 1689//1689 1617//1617
f 1617//1617 1689//1689 1690//1690 1618//1618
f 1618//1618 1690//1690 1691//1691 1619//1619
f 1619//1619 1691//1691 1692//1692 1620//1620
f 1620//1620 1692//1692 1693//1693 1621//1621
f 1621//1621 1693//1693 1694//1694 1622//1622
f 1622//1622 1694//1694 1695//1695 1623//1623
f 1623//1623 1695//1695 1696//1696 1624//1624
f 1624//1624 1696//1696 1697//1697 1625//1625
f 1625//1625 1697//1697 1698//1698 1626//1626
f 1626//1626 1698//1698 1699//1699 1627//1627
f 1627//1627 1699//1699 1700//1700 1628//1628
f 1628//1628 1700//1700 1701//1701 1629//1629
f 1629//1629 1701//1701 1702//1702 1630//1630
f 1630//1630 1702//1702 1703//1703 1631//1631
f 1631//1631 1703//1703 1704//1704 1632//1632
f 1632//1632 1704//1704 1705//1705 1633//1633
f 1633//1633 1705//1705 1706//1706 1634//1634
f 1634//1634 1706//1706 1707//1707 1635//1635
f 1635//1635 1707//1707 1708//1708 1636//1636
f 1636//1636 1708//1708 1709//1709 1637//1637
f 1637//1637 1709//1709 1710//1710 1638//1638
f 1638//1638 1710//1710 1711//1711 1639//1639
f 1639//1639 1711//1711 1712//1712 1640//1640
f 1640//1640 1712//1712 1713//1713 1641//1641
f 1641//1641 1713//1713 1714//1714 1642//1642
f 1642//1642 1714//1714 1715//1715 1643//1643
f 1643//1643 1715//1715 1716//1716 1644//1644
f 1644//1644 1716//1716 1717//1717 1645//1645
f 1645//1645 1717//1717 1718//1718 1646//1646
f 1646//1646 1718//1718 1719//1719 1647//1647
f 1647//1647 1719//1719 1720//1720 1648//1648
f 1648//1648 1720//1720 1721//1721 1649//1649
f 1649//1649 1721//1721 1722//1722 1650//1650
f 1650//1650 1722//1722 1723//1723 1651//1651
f 1651//1651 1723//1723 1724//1724 1652//1652
f 1652//1652 1724//1724 1725//1725 1653//1653
f 1653//1653 1725//1725 1726//1726 1654//1654
f 1654//1654 1726//1726 1727//1727 1655//1655
f 1655//1655 1727//1727 1728//1728 1656//1656
f 1656//1656 1728//1728 1729//1729 1657//1657
f 1657//1657 1729//1729 1658//1658 1586//1586
f 1658//1658 1730//1730 1731//1731 1659//1659
f 1659//1659 1731//1731 1732//1732 1660//1660
f 1660//1660 1732//1732 1733//1733 1661//1661
f 1661//1661 1733//1733 1734//1734 1662//1662
f 1662//1662 1734//1734 1735//1735 1663//1663
f 1663//1663 1735//1735 1736//1736 1664//1664
f 1664//1664 1736//1736 1737//1737 1665//1665
f 1665//1665 1737//1737 1738//1738 1666//1666
f 1666//1666 1738//1738 1739//1739 1667//1667
f 1667//1667 1739//1739 1740//1740 1668//1668
f 1668//1668 1740//1740 1741//1741 1669//1669
f 1669//1669 1741//1741 1742//1742 1670//1670
f 1670//1670 1742//1742 1743//1743 1671//1671
f 1671//1671 1743//1743 1744//1744 1672//1672
f 1672//1672 1744//1744 1745//1745 1673//1673
f 1673//1673 1745//1745 1746//1746 1674//1674
f 1674//1674 1746//1746 1747//1747 1675//1675
f 1675//1675 1747//1747 1748//1748 1676//1676
f 1676//1676 1748//1748 1749//1749 1677//1677
f 1677//1677 1749//1749 1750//1750 1678//1678
f 1678//1678 1750//1750 1751//1751 1679//1679
f 1679//1679 1751//1751 1752//1752 1680//1680
f 1680//1680 1752//1752 1753//1753 1681//1681
f 1681//1681 1753//1753 1754//1754 1682//1682
f 1682//1682 1754//1754 1755//1755 1683//1683
f 1683//1683 1755//1755 1756//1756 1684//1684
f 1684//1684 1756//1756 1757//1757 1685//1685
f 1685//1685 1757//1757 1758//1758 1686//1686
f 1686//1686 1758//1758 1759//1759 1687//1687
f 1687//1687 1759//1759 1760//1760 1688//1688
f 1688//1688 1760//1760 1761//1761 1689//1689
f 1689//1689 1761//1761 1762//1762 1690//1690
f 1690//1690 1762//1762 1763//1763 1691//1691
f 1691//1691 1763//1763 1764//1764 1692//1692
f 1692//1692 1764//1764 1765//1765 1693//1693
f 1693//1693 1765//1765 1766//1766 1694//1694
f 1694//1694 1766//1766 1767//1767 1695//1695
f 1695//1695 1767//1767 1768//1768 1696//1696
f 1696//1696 1768//1768 1769//1769 1697//1697
f 1697//1697 1769//1769 1770//1770 1698//1698
f 1698//1698 1770//1770 1771//1771 1699//1699
f 1699//1699 1771//1771 1772//1772 1700//1700
f 1700//1700 1772//1772 1773//1773 1701//1701
f 1701//1701 1773//1773 1774//1774 1702//1702
f 1702//1702 1774//1774 1775//1775 1703//1703
f 1703//1703 1775//1775 1776//1776 1704//1704
f 1704//1704 1776//1776 1777//1777 1705//1705
f 1705//1705 1777//1777 1778//1778 1706//1706
f 1706//1706 1778//1778 1779//1779 1707//1707
f 1707//1707 1779//1779 1780//1780 1708//1708
f 1708//1708 1780//1780 1781//1781 1709//1709
f 1709//1709 1781//1781 1782//1782 1710//1710
f 1710//1710 1782//1782 1783//1783 1711//1711
f 1711//1711 1783//1783 1784//1784 1712//1712
f 1712//1712 1784//1784 1785//1785 1713//1713
f 1713//1713 1785//1785 1786//1786 1714//1714
f 1714//1714 1786//1786 1787//1787 1715//1715
f 1715//1715 1787//1787 1788//1788 1716//1716
f 1716//1716 1788//1788 1789//1789 1717//1717
f 1717//1717 1789//1789 1790//1790 1718//1718
f 1718//1718 1790//1790 1791//1791 1719//1719
f 1719//1719 1791//1791 1792//1792 1720//1720
f 1720//1720 1792//1792 1793//1793 1721//1721
f 1721//1721 1793//1793 1794//1794 1722//1722
f 1722//1722 1794//1794 1795//1795 1723//1723
f 1723//1723 1795//1795 1796//1796 1724//1724
f 1724//1724 1796//1796 1797//1797 1725//1725
f 1725//1725 1797//1797 1798//1798 1726//1726
f 1726//1726 1798//1798 1799//1799 1727//1727
f 1727//1727 1799//1799 1800//1800 1728//1728
f 1728//1728 1800//1800 1801//1801 1729//1729
f 1729//1729 1801//1801 1730//1730 1658//1658
f 1730//1730 1802//1802 1803//1803 1731//1731
f 1731//1731 1803//1803 1804//1804 1732//1732
f 1732//1732 1804//1804 1805//1805 1733//1733
f 1733//1733 1805//1805 1806//1806 1734//1734
f 1734//1734 1806//1806 1807//1807 1735//1735
f 1735//1735 1807//1807 1808//1808 1736//1736
f 1736//1736 1808//1808 1809//1809 1737//1737
f 1737//1737 1809//1809 1810//1810 1738//1738
f 1738//1738 1810//1810 1811//1811 1739//1739
f 1739//1739 1811//1811 1812//1812 1740//1740
f 1740//1740 1812//1812 1813//1813 1741//1741
f 1741//1741 1813//1813 1814//1814 1742//1742
f 1742//1742 1814//1814 1815//1815 1743//1743
f 1743//1743 1815//1815 1816//1816 1744//1744
f 1744//1744 1816//1816 1817//1817 1745//1745
f 1745//1745 1817//1817 1818//1818 1746//1746
f 1746//1746 1818//1818 1819//1819 1747//1747
f 1747//1747 1819//1819 1820//1820 1748//1748
f 1748//1748 1820//1820 1821//1821 1749//1749
f 1749//1749 1821//1821 1822//1822 1750//1750
f 1750//1750 1822//1822 1823//1823 1751//1751
f 1751//1751 1823//1823 1824//1824 1752//1752
f 1752//1752 1824//1824 1825//1825 1753//1753
f 1753//1753 1825//1825 1826//1826 1754//1754
f 1754//1754 1826//1826 1827//1827 1755//1755
f 1755//1755 1827//1827 1828//1828 1756//1756
f 1756//1756 1828//1828 1829//1829 1757//1757
f 1757//1757 1829//1829 1830//1830 1758//1758
f 1758//1758 1830//1830 1831//1831 1759//1759
f 1759//1759 1831//1831 1832//1832 1760//1760
f 1760//1760 1832//1832 1833//1833 1761//1761
f 1761//1761 1833//1833 1834//1834 1762//1762
f 1762//1762 1834//1834 1835//1835 1763//1763
f 1763//1763 1835//1835 1836//1836 1764//1764
f 1764//1764 1836//1836 1837//1837 1765//1765
f 1765//1765 1837//1837 1838//1838 1766//1766
f 1766//1766 1838//1838 1839//1839 1767//1767
f 1767//1767 1839//1839 1840//1840 1768//1768
f 1768//1768 1840//1840 1841//1841 1769//1769
f 1769//1769 1841//1841 1842//1842 1770//1770
f 1770//1770 1842//1842 1843//1843 1771//1771
f 1771//1771 1843//1843 1844//1844 1772//1772
f 1772//1772 1844//1844 1845//1845 1773//1773
f 1773//1773 1845//1845 1846//1846 1774//1774
f 1774//1774 1846//1846 1847//1847 1775//1775
f 1775//1775 1847//1847 1848//1848 1776//1776
f 1776//1776 1848//1848 1849//1849 1777//1777
f 1777//1777 1849//1849 1850//1850 1778//1778
f 1778//1778 1850//1850 1851//1851 1779//1779
f 1779//1779 1851//1851 1852//1852 1780//1780
f 1780//1780 1852//1852 1853//1853 1781//1781
f 1781//1781 1853//1853 1854//1854 1782//1782
f 1782//1782 1854//1854 1855//1855 1783//1783
f 1783//1783 1855//1855 1856//1856 1784//1784
f 1784//1784 1856//1856 1857//1857 1785//1785
f 1785//1785 1857//1857 1858//1858 1786//1786
f 1786//1786 1858//1858 1859//1859 1787//1787
f 1787//1787 1859//1859 1860//1860 1788//1788
f 1788//1788 1860//1860 1861//1861 1789//1789
f 1789//1789 1861//1861 1862//1862 1790//1790
f 1790//1790 1862//1862 1863//1863 1791//1791
f 1791//1791 1863//1863 1864//1864 1792//1792
f 1792//1792 1864//1864 1865//1865 1793//1793
f 1793//1793 1865//1865 1866//1866 1794//1794
f 1794//1794 1866//1866 1867//1867 1795//1795
f 1795//1795 1867//1867 1868//1868 1796//1796
f 1796//1796 1868//1868 1869//1869 1797//1797
f 1797//1797 1869//1869 1870//1870 1798//1798
f 1798//1798 1870//1870 1871//1871 1799//1799
f 1799//1799 1871//1871 1872//1872 1800//1800
f 1800//1800 1872//1872 1873//1873 1801//1801
f 1801//1801 1873//1873 1802//1802 1730//1730
f 1802//1802 1874//1874 1875//1875 1803//1803
f 1803//1803 1875//1875 1876//1876 1804//1804
f 1804//1804 1876//1876 1877//1877 1805//1805
f 1805//1805 1877//1877 1878//1878 1806//1806
f 1806//1806 1878//1878 1879//1879 1807//1807
f 1807//1807 1879//1879 1880//1880 1808//1808
f 1808//1808 1880//1880 1881//1881 1809//1809
f 1809//1809 1881//1881 1882//1882 1810//1810
f 1810//1810 1882//1882 1883//1883 1811//1811
f 1811//1811 1883//1883 1884//1884 1812//1812
f 1812//1812 1884//1884 1885//1885 1813//1813
f 1813//1813 1885//1885 1886//1886 1814//1814
f 1814//1814 1886//1886 1887//1887 1815//1815
f 1815//1815 1887//1887 1888//1888 1816//1816
f 1816//1816 1888//1888 1889//1889 1817//1817
f 1817//1817 1889//1889 1890//1890 1818//1818
f 1818//1818 1890//1890 1891//1891 1819//1819
f 1819//1819 1891//1891 1892//1892 1820//1820
f 1820//1820 1892//1892 1893//1893 1821//1821
f 1821//1821 1893//1893 1894//1894 1822//1822
f 1822//1822 1894//1894 1895//1895 1823//1823
f 1823//1823 1895//1895 1896//1896 1824//1824
f 1824//1824 1896//1896 1897//1897 1825//1825
f 1825//1825 1897//1897 1898//1898 1826//1826
f 1826//1826 1898//1898 1899//1899 1827//1827
f 1827//1827 1899//1899 1900//1900 1828//1828
f 1828//1828 1900//1900 1901//1901 1829//1829
f 1829//1829 1901//1901 1902//1902 1830//1830
f 1830//1830 1902//1902 1903//1903 1831//1831
f 1831//1831 1903//1903 1904//1904 1832//1832
f 1832//1832 1904//1904 1905//1905 1833//1833
f 1833//1833 1905//1905 1906//1906 1834//1834
f 1834//1834 1906//1906 1907//1907 1835//1835
f 1835//1835 1907//1907 1908//1908 1836//1836
f 1836//1836 1908//1908 1909//1909 1837//1837
f 1837//1837 1909//1909 1910//1910 1838//1838
f 1838//1838 1910//1910 1911//1911 1839//1839
f 1839//1839 1911//1911 1912//1912 1840//1840
f 1840//1840 1912//1912 1913//1913 1841//1841
f 1841//1841 1913//1913 1914//1914 1842//1842
f 1842//1842 1914//1914 1915//1915 1843//1843
f 1843//1843 1915//1915 1916//1916 1844//1844
f 1844//1844 1916//1916 1917//1917 1845//1845
f 1845//1845 1917//1917 1918//1918 1846//1846
f 1846//1846 1918//1918 1919//1919 1847//1847
f 1847//1847 1919//1919 1920//1920 1848//1848
f 1848//1848 1920//1920 1921//1921 1849//1849
f 1849//1849 1921//1921 1922//1922 1850//1850
f 1850//1850 1922//1922 1923//1923 1851//1851
f 1851//1851 1923//1923 1924//1924 1852//1852
f 1852//1852 1924//1924 1925//1925 1853//1853
f 1853//1853 1925//1925 1926//1926 1854//1854
f 1854//1854 1926//1926 1927//1927 1855//1855
f 1855//1855 1927//1927 1928//1928 1856//1856
f 1856//1856 1928//1928 1929//1929 1857//1857
f 1857//1857 1929//1929 1930//1930 1858//1858
f 1858//1858 1930//1930 1931//1931 1859//1859
f 1859//1859 1931//1931 1932//1932 1860//1860
f 1860//1860 1932//1932 1933//1933 1861//1861
f 1861//1861 1933//1933 1934//1934 1862//1862
f 1862//1862 1934//1934 1935//1935 1863//1863
f 1863//1863 1935//1935 1936//1936 1864//1864
f 1864//1864 1936//1936 1937//1937 1865//1865
f 1865//1865 1937//1937 1938//1938 1866//1866
f 1866//1866 1938//1938 1939//1939 1867//1867
f 1867//1867 1939//1939 1940//1940 1868//1868
f 1868//1868 1940//1940 1941//1941 1869//1869
f 1869//1869 1941//1941 1942//1942 1870//1870
f 1870//1870 1942//1942 1943//1943 1871//1871
f 1871//1871 1943//1943 1944//1944 1872//1872
f 1872//1872 1944//1944 1945//1945 1873//1873
f 1873//1873 1945//1945 1874//1874 1802//1802
f 1874//1874 1946//1946 1947//1947 1875//1875
f 1875//1875 1947//1947 1948//1948 1876//1876
f 1876//1876 1948//1948 1949//1949 1877//1877
f 1877//1877 1949//1949 1950//1950 1878//1878
f 1878//1878 1950//1950 1951//1951 1879//1879
f 1879//1879 1951//1951 1952//1952 1880//1880
f 1880//1880 1952//1952 1953//1953 1881//1881
f 1881//1881 1953//1953 1954//1954 1882//1882
f 1882//1882 1954//1954 1955//1955 1883//1883
f 1883//1883 1955//1955 1956//1956 1884//1884
f 1884//1884 1956//1956 1957//1957 1885//1885
f 1885//1885 1957//1957 1958//1958 1886//1886
f 1886//1886 1958//1958 1959//1959 1887//1887
f 1887//1887 1959//1959 1960//1960 1888//1888
f 1888//1888 1960//1960 1961//1961 1889//1889
f 1889//1889 1961//1961 1962//1962 1890//1890
f 1890//1890 1962//1962 1963//1963 1891//1891
f 1891//1891 1963//1963 1964//1964 1892//1892
f 1892//1892 1964//1964 1965//1965 1893//1893
f 1893//1893 1965//1965 1966//1966 1894//1894
f 1894//1894 1966//1966 1967//1967 1895//1895
f 1895//1895 1967//1967 1968//1968 1896//1896
f 1896//1896 1968//1968 1969//1969 1897//1897
f 1897//1897 1969//1969 1970//1970 1898//1898
f 1898//1898 1970//1970 1971//1971 1899//1899
f 1899//1899 1971//1971 1972//1972 1900//1900
f 1900//1900 1972//1972 1973//1973 1901//1901
f 1901//1901 1973//1973 1974//1974 1902//1902
f 1902//1902 1974//1974 1975//1975 1903//1903
f 1903//1903 1975//1975 1976//1976 1904//1904
f 1904//1904 1976//1976 1977//1977 1905//1905
f 1905//1905 1977//1977 1978//1978 1906//1906
f 1906//1906 1978//1978 1979//1979 1907//1907
f 1907//1907 1979//1979 1980//1980 1908//1908
f 1908//1908 1980//1980 1981//1981 1909//1909
f 1909//1909 1981//1981 1982//1982 1910//1910
f 1910//1910 1982//1982 1983//1983 1911//1911
f 1911//1911 1983//1983 1984//1984 1912//1912
f 1912//1912 1984//1984 1985//1985 1913//1913
f 1913//1913 1985//1985 1986//1986 1914//1914
f 1914//1914 1986//1986 1987//1987 1915//1915
f 1915//1915 1987//1987 1988//1988 1916//1916
f 1916//1916 1988//1988 1989//1989 1917//1917
f 1917//1917 1989//1989 1990//1990 1918//1918
f 1918//1918 1990//1990 1991//1991 1919//1919
f 1919//1919 1991//1991 1992//1992 1920//1920
f 1920//1920 1992//1992 1993//1993 1921//1921
f 1921//1921 1993//1993 1994//1994 1922//1922
f 1922//1922 1994//1994 1995//1995 1923//1923
f 1923//1923 1995//1995 1996//1996 1924//1924
f 1924//1924 1996//1996 1997//1997 1925//1925
f 1925//1925 1997//1997 1998//1998 1926//1926
f 1926//1926 1998//1998 1999//1999 1927//1927
f 1927//1927 1999//1999 2000//2000 1928//1928
f 1928//1928 2000//2000 2001//2001 1929//1929
f 1929//1929 2001//2001 2002//2002 1930//1930
f 1930//1930 2002//2002 2003//2003 1931//1931
f 1931//1931 2003//2003 2004//2004 1932//1932
f 1932//1932 2004//2004 2005//2005 1933//1933
f 1933//1933 2005//2005 2006//2006 1934//1934
f 1934//1934 2006//2006 2007//2007 1935//1935
f 1935//1935 2007//2007 2008//2008 1936//1936
f 1936//1936 2008//2008 2009//2009 1937//1937
f 1937//1937 2009//2009 2010//2010 1938//1938
f 1938//1938 2010//2010 2011//2011 1939//1939
f 1939//1939 2011//2011 2012//2012 1940//1940
f 1940//1940 2012//2012 2013//2013 1941//1941
f 1941//1941 2013//2013 2014//2014 1942//1942
f 1942//1942 2014//2014 2015//2015 1943//1943
f 1943//1943 2015//2015 2016//2016 1944//1944
f 1944//1944 2016//2016 2017//2017 1945//1945
f 1945//1945 2017//2017 1946//1946 1874//1874
s 0
f 1946//2018 2018//2018 2019//2018
f 1946//2019 2019//2019 1947//2019
f 1947//2020 2019//2020 1948//2020
f 1948//2021 2019//2021 2020//2021
f 1948//2022 2020//2022 2021//2022
f 1948//2023 2021//2023 1949//2023
f 1949//2024 2021//2024 1950//2024
f 1950//2025 2021//2025 2022//2025
f 1950//2026 2022//2026 2023//2026
f 1950//2027 2023//2027 1951//2027
f 1951//2028 2023//2028 1952//2028
f 1952//2029 2023//2029 2024//2029
f 1952//2030 2024//2030 2025//2030
f 1952//2031 2025//2031 1953//2031
f 1953//2032 2025//2032 1954//2032
f 1954//2033 2025//2033 2026//2033
f 1954//2034 2026//2034 2027//2034
f 1954//2035 2027//2035 1955//2035
f 1955//2036 2027//2036 1956//2036
f 1956//2037 2027//2037 2028//2037
f 1956//2038 2028//2038 2029//2038
f 1956//2039 2029//2039 1957//2039
f 1957//2040 2029//2040 1958//2040
f 1958//2041 2029//2041 2030//2041
f 1958//2042 2030//2042 2031//2042
f 1958//2043 2031//2043 1959//2043
f 1959//2044 2031//2044 1960//2044
f 1960//2045 2031//2045 2032//2045
f 1960//2046 2032//2046 2033//2046
f 1960//2047 2033//2047 1961//2047
f 1961//2048 2033//2048 1962//2048
f 1962//2049 2033//2049 2034//2049
f 1962//2050 2034//2050 2035//2050
f 1962//2051 2035//2051 1963//2051
f 1963//2052 2035//2052 1964//2052
f 1964//2053 2035//2053 2036//2053
f 1964//2054 2036//2054 2037//2054
f 1964//2055 2037//2055 1965//2055
f 1965//2056 2037//2056 1966//2056
f 1966//2057 2037//2057 2038//2057
f 1966//2058 2038//2058 2039//2058
f 1966//2059 2039//2059 1967//2059
f 1967//2060 2039//2060 1968//2060
f 1968//2061 2039//2061 2040//2061
f 1968//2062 2040//2062 2041//2062
f 1968//2063 2041//2063 1969//2063
f 1969//2064 2041//2064 1970//2064
f 1970//2065 2041//2065 2042//2065
f 1970//2066 2042//2066 2043//2066
f 1970//2067 2043//2067 1971//2067
f 1971//2068 2043//2068 1972//2068
f 1972//2069 2043//2069 2044//2069
f 1972//2070 2044//2070 2045//2070
f 1972//2071 2045//2071 1973//2071
f 1973//2072 2045//2072 1974//2072
f 1974//2073 2045//2073 2046//2073
f 1974//2074 2046//2074 2047//2074
f 1974//2075 2047//2075 1975//2075
f 1975//2076 2047//2076 1976//2076
f 1976//2077 2047//2077 2048//2077
f 1976//2078 2048//2078 2049//2078
f 1976//2079 2049//2079 1977//2079
f 1977//2080 2049//2080 1978//2080
f 1978//2081 2049//2081 2050//2081
f 1978//2082 2050//2082 2051//2082
f 1978//2083 2051//2083 1979//2083
f 1979//2084 2051//2084 1980//2084
f 1980//2085 2051//2085 2052//2085
f 1980//2086 2052//2086 2053//2086
f 1980//2087 2053//2087 1981//2087
f 1981//2088 2053//2088 1982//2088
f 1982//2089 2053//2089 2054//2089
f 1982//2090 2054//2090 2055//2090
f 1982//2091 2055//2091 1983//2091
f 1983//2092 2055//2092 1984//2092
f 1984//2093 2055//2093 2056//2093
f 1984//2094 2056//2094 2057//2094
f 1984//2095 2057//2095 1985//2095
f 1985//2096 2057//2096 1986//2096
f 1986//2097 2057//2097 2058//2097
f 1986//2098 2058//2098 2059//2098
f 1986//2099 2059//2099 1987//2099
f 1987//2100 2059//2100 1988//2100
f 1988//2101 2059//2101 2060//2101
f 1988//2102 2060//2102 2061//2102
f 1988//2103 2061//2103 1989//2103
f 1989//2104 2061//2104 1990//2104
f 1990//2105 2061//2105 2062//2105
f 1990//2106 2062//2106 2063//2106
f 1990//2107 2063//2107 1991//2107
f 1991//2108 2063//2108 1992//2108
f 1992//2109 2063//2109 2064//2109
f 1992//2110 2064//2110 2065//2110
f 1992//2111 2065//2111 1993//2111
f 1993//2112 2065//2112 1994//2112
f 1994//2113 2065//2113 2066//2113
f 1994//2114 2066//2114 2067//2114
f 1994//2115 2067//2115 1995//2115
f 1995//2116 2067//2116 1996//2116
f 1996//2117 2067//2117 2068//2117
f 1996//2118 2068//2118 2069//2118
f 1996//2119 2069//2119 1997//2119
f 1997//2120 2069//2120 1998//2120
f 1998//2121 2069//2121 2070//2121
f 1998//2122 2070//2122 2071//2122
f 1998//2123 2071//2123 1999//2123
f 1999//2124 2071//2124 2000//2124
f 2000//2125 2071//2125 2072//2125
f 2000//2126 2072//2126 2073//2126
f 2000//2127 2073//2127 2001//2127
f 2001//2128 2073//2128 2002//2128
f 2002//2129 2073//2129 2074//2129
f 2002//2130 2074//2130 2075//2130
f 2002//2131 2075//2131 2003//2131
f 2003//2132 2075//2132 2004//2132
f 2004//2133 2075//2133 2076//2133
f 2004//2134 2076//2134 2077//2134
f 2004//2135 2077//2135 2005//2135
f 2005//2136 2077//2136 2006//2136
f 2006//2137 2077//2137 2078//2137
f 2006//2138 2078//2138 2079//2138
f 2006//2139 2079//2139 2007//2139
f 2007//2140 2079//2140 2008//2140
f 2008//2141 2079//2141 2080//2141
f 2008//2142 2080//2142 2081//2142
f 2008//2143 2081//2143 2009//2143
f 2009//2144 2081//2144 2010//2144
f 2010//2145 2081//2145 2082//2145
f 2010//2146 2082//2146 2083//2146
f 2010//2147 2083//2147 2011//2147
f 2011//2148 2083//2148 2012//2148
f 2012//2149 2083//2149 2084//2149
f 2012//2150 2084//2150 2085//2150
f 2012//2151 2085//2151 2013//2151
f 2013//2152 2085//2152 2014//2152
f 2014//2153 2085//2153 2086//2153
f 2014//2154 2086//2154 2087//2154
f 2014//2155 2087//2155 2015//2155
f 2015//2156 2087//2156 2016//2156
f 2016//2157 2087//2157 2088//2157
f 2016//2158 2088//2158 2089//2158
f 2016//2159 2089//2159 2017//2159
f 2017//2160 2089//2160 1946//2160
f 1946//2161 2089//2161 2018//2161
f 2018//2162 2090//2162 2019//2162
f 2019//2163 2090//2163 2091//2163
f 2019//2164 2091//2164 2092//2164
f 2019//2165 2092//2165 2020//2165
f 2020//2166 2092//2166 2021//2166
f 2021//2167 2092//2167 2093//2167
f 2021//2168 2093//2168 2094//2168
f 2021//2169 2094//2169 2022//2169
f 2022//2170 2094//2170 2023//2170
f 2023//2171 2094//2171 2095//2171
f 2023//2172 2095//2172 2096//2172
f 2023//2173 2096//2173 2024//2173
f 2024//2174 2096//2174 2025//2174
f 2025//2175 2096//2175 2097//2175
f 2025//2176 2097//2176 2098//2176
f 2025//2177 2098//2177 2026//2177
f 2026//2178 2098//2178 2027//2178
f 2027//2179 2098//2179 2099//2179
f 2027//2180 2099//2180 2100//2180
f 2027//2181 2100//2181 2028//2181
f 2028//2182 2100//2182 2029//2182
f 2029//2183 2100//2183 2101//2183
f 2029//2184 2101//2184 2102//2184
f 2029//2185 2102//2185 2030//2185
f 2030//2186 2102//2186 2031//2186
f 2031//2187 2102//2187 2103//2187
f 2031//2188 2103//2188 2104//2188
f 2031//2189 2104//2189 2032//2189
f 2032//2190 2104//2190 2033//2190
f 2033//2191 2104//2191 2105//2191
f 2033//2192 2105//2192 2106//2192
f 2033//2193 2106//2193 2034//2193
f 2034//2194 2106//2194 2035//2194
f 2035//2195 2106//2195 2107//2195
f 2035//2196 2107//2196 2108//2196
f 2035//2197 2108//2197 2036//2197
f 2036//2198 2108//2198 2037//2198
f 2037//2199 2108//2199 2109//2199
f 2037//2200 2109//2200 2110//2200
f 2037//2201 2110//2201 2038//2201
f 2038//2202 2110//2202 2039//2202
f 2039//2203 2110//2203 2111//2203
f 2039//2204 2111//2204 2112//2204
f 2039//2205 2112//2205 2040//2205
f 2040//2206 2112//2206 2041//2206
f 2041//2207 2112//2207 2113//2207
f 2041//2208 2113//2208 2114//2208
f 2041//2209 2114//2209 2042//2209
f 2042//2210 2114//2210 2043//2210
f 2043//2211 2114//2211 2115//2211
f 2043//2212 2115//2212 2116//2212
f 2043//2213 2116//2213 2044//2213
f 2044//2214 2116//2214 2045//2214
f 2045//2215 2116//2215 2117//2215
f 2045//2216 2117//2216 2118//2216
f 2045//2217 2118//2217 2046//2217
f 2046//2218 2118//2218 2047//2218
f 2047//2219 2118//2219 2119//2219
f 2047//2220 2119//2220 2120//2220
f 2047//2221 2120//2221 2048//2221
f 2048//2222 2120//2222 2049//2222
f 2049//2223 2120//2223 2121//2223
f 2049//2224 2121//2224 2122//2224
f 2049//2225 2122//2225 2050//2225
f 2050//2226 2122//2226 2051//2226
f 2051//2227 2122//2227 2123//2227
f 2051//2228 2123//2228 2124//2228
f 2051//2229 2124//2229 2052//2229
f 2052//2230 2124//2230 2053//2230
f 2053//2231 2124//2231 2125//2231
f 2053//2232 2125//2232 2126//2232
f 2053//2233 2126//2233 2054//2233
f 2054//2234 2126//2234 2055//2234
f 2055//2235 2126//2235 2127//2235
f 2055//2236 2127//2236 2128//2236
f 2055//2237 2128//2237 2056//2237
f 2056//2238 2128//2238 2057//2238
f 2057//2239 2128//2239 2129//2239
f 2057//2240 2129//2240 2130//2240
f 2057//2241 2130//2241 2058//2241
f 2058//2242 2130//2242 2059//2242
f 2059//2243 2130//2243 2131//2243
f 2059//2244 2131//2244 2132//2244
f 2059//2245 2132//2245 2060//2245
f 2060//2246 2132//2246 2061//2246
f 2061//2247 2132//2247 2133//2247
f 2061//2248 2133//2248 2134//2248
f 2061//2249 2134//2249 2062//2249
f 2062//2250 2134//2250 2063//2250
f 2063//2251 2134//2251 2135//2251
f 2063//2252 2135//2252 2136//2252
f 2063//2253 2136//2253 2064//2253
f 2064//2254 2136//2254 2065//2254
f 2065//2255 2136//2255 2137//2255
f 2065//2256 2137//2256 2138//2256
f 2065//2257 2138//2257 2066//2257
f 2066//2258 2138//2258 2067//2258
f 2067//2259 2138//2259 2139//2259
f 2067//2260 2139//2260 2140//2260
f 2067//2261 2140//2261 2068//2261
f 2068//2262 2140//2262 2069//2262
f 2069//2263 2140//2263 2141//2263
f 2069//2264 2141//2264 2142//2264
f 2069//2265 2142//2265 2070//2265
f 2070//2266 2142//2266 2071//2266
f 2071//2267 2142//2267 2143//2267
f 2071//2268 2143//2268 2144//2268
f 2071//2269 2144//2269 2072//2269
f 2072//2270 2144//2270 2073//2270
f 2073//2271 2144//2271 2145//2271
f 2073//2272 2145//2272 2146//2272
f 2073//2273 2146//2273 2074//2273
f 2074//2274 2146//2274 2075//2274
f 2075//2275 2146//2275 2147//2275
f 2075//2276 2147//2276 2148//2276
f 2075//2277 2148//2277 2076//2277
f 2076//2278 2148//2278 2077//2278
f 2077//2279 2148//2279 2149//2279
f 2077//2280 2149//2280 2150//2280
f 2077//2281 2150//2281 2078//2281
f 2078//2282 2150//2282 2079//2282
f 2079//2283 2150//2283 2151//2283
f 2079//2284 2151//2284 2152//2284
f 2079//2285 2152//2285 2080//2285
f 2080//2286 2152//2286 2081//2286
f 2081//2287 2152//2287 2153//2287
f 2081//2288 2153//2288 2154//2288
f 2081//2289 2154//2289 2082//2289
f 2082//2290 2154//2290 2083//2290
f 2083//2291 2154//2291 2155//2291
f 2083//2292 2155//2292 2156//2292
f 2083//2293 2156//2293 2084//2293
f 2084//2294 2156//2294 2085//2294
f 2085//2295 2156//2295 2157//2295
f 2085//2296 2157//2296 2158//2296
f 2085//2297 2158//2297 2086//2297
f 2086//2298 2158//2298 2087//2298
f 2087//2299 2158//2299 2159//2299
f 2087//2300 2159//2300 2160//2300
f 2087//2301 2160//2301 2088//2301
f 2088//2302 2160//2302 2089//2302
f 2089//2303 2160//2303 2161//2303
f 2089//2304 2161//2304 2090//2304
f 2089//2305 2090//2305 2018//2305
f 2090//2306 2162//2306 2163//2306
f 2090//2307 2163//2307 2091//2307
f 2091//2308 2163//2308 2092//2308
f 2092//2309 2163//2309 2164//2309
f 2092//2310 2164//2310 2165//2310
f 2092//2311 2165//2311 2093//2311
f 2093//2312 2165//2312 2094//2312
f 2094//2313 2165//2313 2166//2313
f 2094//2314 2166//2314 2167//2314
f 2094//2315 2167//2315 2095//2315
f 2095//2316 2167//2316 2096//2316
f 2096//2317 2167//2317 2168//2317
f 2096//2318 2168//2318 2169//2318
f 2096//2319 2169//2319 2097//2319
f 2097//2320 2169//2320 2098//2320
f 2098//2321 2169//2321 2170//2321
f 2098//2322 2170//2322 2171//2322
f 2098//2323 2171//2323 2099//2323
f 2099//2324 2171//2324 2100//2324
f 2100//2325 2171//2325 2172//2325
f 2100//2326 2172//2326 2173//2326
f 2100//2327 2173//2327 2101//2327
f 2101//2328 2173//2328 2102//2328
f 2102//2329 2173//2329 2174//2329
f 2102//2330 2174//2330 2175//2330
f 2102//2331 2175//2331 2103//2331
f 2103//2332 2175//2332 2104//2332
f 2104//2333 2175//2333 2176//2333
f 2104//2334 2176//2334 2177//2334
f 2104//2335 2177//2335 2105//2335
f 2105//2336 2177//2336 2106//2336
f 2106//2337 2177//2337 2178//2337
f 2106//2338 2178//2338 2179//2338
f 2106//2339 2179//2339 2107//2339
f 2107//2340 2179//2340 2108//2340
f 2108//2341 2179//2341 2180//2341
f 2108//2342 2180//2342 2181//2342
f 2108//2343 2181//2343 2109//2343
f 2109//2344 2181//2344 2110//2344
f 2110//2345 2181//2345 2182//2345
f 2110//2346 2182//2346 2183//2346
f 2110//2347 2183//2347 2111//2347
f 2111//2348 2183//2348 2112//2348
f 2112//2349 2183//2349 2184//2349
f 2112//2350 2184//2350 2185//2350
f 2112//2351 2185//2351 2113//2351
f 2113//2352 2185//2352 2114//2352
f 2114//2353 2185//2353 2186//2353
f 2114//2354 2186//2354 2187//2354
f 2114//2355 2187//2355 2115//2355
f 2115//2356 2187//2356 2116//2356
f 2116//2357 2187//2357 2188//2357
f 2116//2358 2188//2358 2189//2358
f 2116//2359 2189//2359 2117//2359
f 2117//2360 2189//2360 2118//2360
f 2118//2361 2189//2361 2190//2361
f 2118//2362 2190//2362 2191//2362
f 2118//2363 2191//2363 2119//2363
f 2119//2364 2191//2364 2120//2364
f 2120//2365 2191//2365 2192//2365
f 2120//2366 2192//2366 2193//2366
f 2120//2367 2193//2367 2121//2367
f 2121//2368 2193//2368 2122//2368
f 2122//2369 2193//2369 2194//2369
f 2122//2370 2194//2370 2195//2370
f 2122//2371 2195//2371 2123//2371
f 2123//2372 2195//2372 2124//2372
f 2124//2373 2195//2373 2196//2373
f 2124//2374 2196//2374 2197//2374
f 2124//2375 2197//2375 2125//2375
f 2125//2376 2197//2376 2126//2376
f 2126//2377 2197//2377 2198//2377
f 2126//2378 2198//2378 2199//2378
f 2126//2379 2199//2379 2127//2379
f 2127//2380 2199//2380 2128//2380
f 2128//2381 2199//2381 2200//2381
f 2128//2382 2200//2382 2201//2382
f 2128//2383 2201//2383 2129//2383
f 2129//2384 2201//2384 2130//2384
f 2130//2385 2201//2385 2202//2385
f 2130//2386 2202//2386 2203//2386
f 2130//2387 2203//2387 2131//2387
f 2131//2388 2203//2388 2132//2388
f 2132//2389 2203//2389 2204//2389
f 2132//2390 2204//2390 2205//2390
f 2132//2391 2205//2391 2133//2391
f 2133//2392 2205//2392 2134//2392
f 2134//2393 2205//2393 2206//2393
f 2134//2394 2206//2394 2207//2394
f 2134//2395 2207//2395 2135//2395
f 2135//2396 2207//2396 2136//2396
f 2136//2397 2207//2397 2208//2397
f 2136//2398 2208//2398 2209//2398
f 2136//2399 2209//2399 2137//2399
f 2137//2400 2209//2400 2138//2400
f 2138//2401 2209//2401 2210//2401
f 2138//2402 2210//2402 2211//2402
f 2138//2403 2211//2403 2139//2403
f 2139//2404 2211//2404 2140//2404
f 2140//2405 2211//2405 2212//2405
f 2140//2406 2212//2406 2213//2406
f 2140//2407 2213//2407 2141//2407
f 2141//2408 2213//2408 2142//2408
f 2142//2409 2213//2409 2214//2409
f 2142//2410 2214//2410 2215//2410
f 2142//2411 2215//2411 2143//2411
f 2143//2412 2215//2412 2144//2412
f 2144//2413 2215//2413 2216//2413
f 2144//2414 2216//2414 2217//2414
f 2144//2415 2217//2415 2145//2415
f 2145//2416 2217//2416 2146//2416
f 2146//2417 2217//2417 2218//2417
f 2146//2418 2218//2418 2219//2418
f 2146//2419 2219//2419 2147//2419
f 2147//2420 2219//2420 2148//2420
f 2148//2421 2219//2421 2220//2421
f 2148//2422 2220//2422 2221//2422
f 2148//2423 2221//2423 2149//2423
f 2149//2424 2221//2424 2150//2424
f 2150//2425 2221//2425 2222//2425
f 2150//2426 2222//2426 2223//2426
f 2150//2427 2223//2427 2151//2427
f 2151//2428 2223//2428 2152//2428
f 2152//2429 2223//2429 2224//2429
f 2152//2430 2224//2430 2225//2430
f 2152//2431 2225//2431 2153//2431
f 2153//2432 2225//2432 2154//2432
f 2154//2433 2225//2433 2226//2433
f 2154//2434 2226//2434 2227//2434
f 2154//2435 2227//2435 2155//2435
f 2155//2436 2227//2436 2156//2436
f 2156//2437 2227//2437 2228//2437
f 2156//2438 2228//2438 2229//2438
f 2156//2439 2229//2439 2157//2439
f 2157//2440 2229//2440 2158//2440
f 2158//2441 2229//2441 2230//2441
f 2158//2442 2230//2442 2231//2442
f 2158//2443 2231//2443 2159//2443
f 2159//2444 2231//2444 2160//2444
f 2160//2445 2231//2445 2232//2445
f 2160//2446 2232//2446 2233//2446
f 2160//2447 2233//2447 2161//2447
f 2161//2448 2233//2448 2090//2448
f 2090//2449 2233//2449 2162//2449
f 2162//2450 2234//2450 2163//2450
f 2163//2451 2234//2451 2235//2451
f 2163//2452 2235//2452 2236//2452
f 2163//2453 2236//2453 2164//2453
f 2164//2454 2236//2454 2165//2454
f 2165//2455 2236//2455 2237//2455
f 2165//2456 2237//2456 2238//2456
f 2165//2457 2238//2457 2166//2457
f 2166//2458 2238//2458 2167//2458
f 2167//2459 2238//2459 2239//2459
f 2167//2460 2239//2460 2240//2460
f 2167//2461 2240//2461 2168//2461
f 2168//2462 2240//2462 2169//2462
f 2169//2463 2240//2463 2241//2463
f 2169//2464 2241//2464 2242//2464
f 2169//2465 2242//2465 2170//2465
f 2170//2466 2242//2466 2171//2466
f 2171//2467 2242//2467 2243//2467
f 2171//2468 2243//2468 2244//2468
f 2171//2469 2244//2469 2172//2469
f 2172//2470 2244//2470 2173//2470
f 2173//2471 2244//2471 2245//2471
f 2173//2472 2245//2472 2246//2472
f 2173//2473 2246//2473 2174//2473
f 2174//2474 2246//2474 2175//2474
f 2175//2475 2246//2475 2247//2475
f 2175//2476 2247//2476 2248//2476
f 2175//2477 2248//2477 2176//2477
f 2176//2478 2248//2478 2177//2478
f 2177//2479 2248//2479 2249//2479
f 2177//2480 2249//2480 2250//2480
f 2177//2481 2250//2481 2178//2481
f 2178//2482 2250//2482 2179//2482
f 2179//2483 2250//2483 2251//2483
f 2179//2484 2251//2484 2252//2484
f 2179//2485 2252//2485 2180//2485
f 2180//2486 2252//2486 2181//2486
f 2181//2487 2252//2487 2253//2487
f 2181//2488 2253//2488 2254//2488
f 2181//2489 2254//2489 2182//2489
f 2182//2490 2254//2490 2183//2490
f 2183//2491 2254//2491 2255//2491
f 2183//2492 2255//2492 2256//2492
f 2183//2493 2256//2493 2184//2493
f 2184//2494 2256//2494 2185//2494
f 2185//2495 2256//2495 2257//2495
f 2185//2496 2257//2496 2258//2496
f 2185//2497 2258//2497 2186//2497
f 2186//2498 2258//2498 2187//2498
f 2187//2499 2258//2499 2259//2499
f 2187//2500 2259//2500 2260//2500
f 2187//2501 2260//2501 2188//2501
f 2188//2502 2260//2502 2189//2502
f 2189//2503 2260//2503 2261//2503
f 2189//2504 2261//2504 2262//2504
f 2189//2505 2262//2505 2190//2505
f 2190//2506 2262//2506 2191//2506
f 2191//2507 2262//2507 2263//2507
f 2191//2508 2263//2508 2264//2508
f 2191//2509 2264//2509 2192//2509
f 2192//2510 2264//2510 2193//2510
f 2193//2511 2264//2511 2265//2511
f 2193//2512 2265//2512 2266//2512
f 2193//2513 2266//2513 2194//2513
f 2194//2514 2266//2514 2195//2514
f 2195//2515 2266//2515 2267//2515
f 2195//2516 2267//2516 2268//2516
f 2195//2517 2268//2517 2196//2517
f 2196//2518 2268//2518 2197//2518
f 2197//2519 2268//2519 2269//2519
f 2197//2520 2269//2520 2270//2520
f 2197//2521 2270//2521 2198//2521
f 2198//2522 2270//2522 2199//2522
f 2199//2523 2270//2523 2271//2523
f 2199//2524 2271//2524 2272//2524
f 2199//2525 2272//2525 2200//2525
f 2200//2526 2272//2526 2201//2526
f 2201//2527 2272//2527 2273//2527
f 2201//2528 2273//2528 2274//2528
f 2201//2529 2274//2529 2202//2529
f 2202//2530 2274//2530 2203//2530
f 2203//2531 2274//2531 2275//2531
f 2203//2532 2275//2532 2276//2532
f 2203//2533 2276//2533 2204//2533
f 2204//2534 2276//2534 2205//2534
f 2205//2535 2276//2535 2277//2535
f 2205//2536 2277//2536 2278//2536
f 2205//2537 2278//2537 2206//2537
f 2206//2538 2278//2538 2207//2538
f 2207//2539 2278//2539 2279//2539
f 2207//2540 2279//2540 2280//2540
f 2207//2541 2280//2541 2208//2541
f 2208//2542 2280//2542 2209//2542
f 2209//2543 2280//2543 2281//2543
f 2209//2544 2281//2544 2282//2544
f 2209//2545 2282//2545 2210//2545
f 2210//2546 2282//2546 2211//2546
f 2211//2547 2282//2547 2283//2547
f 2211//2548 2283//2548 2284//2548
f 2211//2549 2284//2549 2212//2549
f 2212//2550 2284//2550 2213//2550
f 2213//2551 2284//2551 2285//2551
f 2213//2552 2285//2552 2286//2552
f 2213//2553 2286//2553 2214//2553
f 2214//2554 2286//2554 2215//2554
f 2215//2555 2286//2555 2287//2555
f 2215//2556 2287//2556 2288//2556
f 2215//2557 2288//2557 2216//2557
f 2216//2558 2288//2558 2217//2558
f 2217//2559 2288//2559 2289//2559
f 2217//2560 2289//2560 2290//2560
f 2217//2561 2290//2561 2218//2561
f 2218//2562 2290//2562 2219//2562
f 2219//2563 2290//2563 2291//2563
f 2219//2564 2291//2564 2292//2564
f 2219//2565 2292//2565 2220//2565
f 2220//2566 2292//2566 2221//2566
f 2221//2567 2292//2567 2293//2567
f 2221//2568 2293//2568 2294//2568
f 2221//2569 2294//2569 2222//2569
f 2222//2570 2294//2570 2223//2570
f 2223//2571 2294//2571 2295//2571
f 2223//2572 2295//2572 2296//2572
f 2223//2573 2296//2573 2224//2573
f 2224//2574 2296//2574 2225//2574
f 2225//2575 2296//2575 2297//2575
f 2225//2576 2297//2576 2298//2576
f 2225//2577 2298//2577 2226//2577
f 2226//2578 2298//2578 2227//2578
f 2227//2579 2298//2579 2299//2579
f 2227//2580 2299//2580 2300//2580
f 2227//2581 2300//2581 2228//2581
f 2228//2582 2300//2582 2229//2582
f 2229//2583 2300//2583 2301//2583
f 2229//2584 2301//2584 2302//2584
f 2229//2585 2302//2585 2230//2585
f 2230//2586 2302//2586 2231//2586
f 2231//2587 2302//2587 2303//2587
f 2231//2588 2303//2588 2304//2588
f 2231//2589 2304//2589 2232//2589
f 2232//2590 2304//2590 2233//2590
f 2233//2591 2304//2591 2305//2591
f 2233//2592 2305//2592 2234//2592
f 2233//2593 2234//2593 2162//2593
f 2234//2594 2306//2594 2307//2594
f 2234//2595 2307//2595 2235//2595
f 2235//2596 2307//2596 2236//2596
f 2236//2597 2307//2597 2308//2597
f 2236//2598 2308//2598 2309//2598
f 2236//2599 2309//2599 2237//2599
f 2237//2600 2309//2600 2238//2600
f 2238//2601 2309//2601 2310//2601
f 2238//2602 2310//2602 2311//2602
f 2238//2603 2311//2603 2239//2603
f 2239//2604 2311//2604 2240//2604
f 2240//2605 2311//2605 2312//2605
f 2240//2606 2312//2606 2313//2606
f 2240//2607 2313//2607 2241//2607
f 2241//2608 2313//2608 2242//2608
f 2242//2609 2313//2609 2314//2609
f 2242//2610 2314//2610 2315//2610
f 2242//2611 2315//2611 2243//2611
f 2243//2612 2315//2612 2244//2612
f 2244//2613 2315//2613 2316//2613
f 2244//2614 2316//2614 2317//2614
f 2244//2615 2317//2615 2245//2615
f 2245//2616 2317//2616 2246//2616
f 2246//2617 2317//2617 2318//2617
f 2246//2618 2318//2618 2319//2618
f 2246//2619 2319//2619 2247//2619
f 2247//2620 2319//2620 2248//2620
f 2248//2621 2319//2621 2320//2621
f 2248//2622 2320//2622 2321//2622
f 2248//2623 2321//2623 2249//2623
f 2249//2624 2321//2624 2250//2624
f 2250//2625 2321//2625 2322//2625
f 2250//2626 2322//2626 2323//2626
f 2250//2627 2323//2627 2251//2627
f 2251//2628 2323//2628 2252//2628
f 2252//2629 2323//2629 2324//2629
f 2252//2630 2324//2630 2325//2630
f 2252//2631 2325//2631 2253//2631
f 2253//2632 2325//2632 2254//2632
f 2254//2633 2325//2633 2326//2633
f 2254//2634 2326//2634 2327//2634
f 2254//2635 2327//2635 2255//2635
f 2255//2636 2327//2636 2256//2636
f 2256//2637 2327//2637 2328//2637
f 2256//2638 2328//2638 2329//2638
f 2256//2639 2329//2639 2257//2639
f 2257//2640 2329//2640 2258//2640
f 2258//2641 2329//2641 2330//2641
f 2258//2642 2330//2642 2331//2642
f 2258//2643 2331//2643 2259//2643
f 2259//2644 2331//2644 2260//2644
f 2260//2645 2331//2645 2332//2645
f 2260//2646 2332//2646 2333//2646
f 2260//2647 2333//2647 2261//2647
f 2261//2648 2333//2648 2262//2648
f 2262//2649 2333//2649 2334//2649
f 2262//2650 2334//2650 2335//2650
f 2262//2651 2335//2651 2263//2651
f 2263//2652 2335//2652 2264//2652
f 2264//2653 2335//2653 2336//2653
f 2264//2654 2336//2654 2337//2654
f 2264//2655 2337//2655 2265//2655
f 2265//2656 2337//2656 2266//2656
f 2266//2657 2337//2657 2338//2657
f 2266//2658 2338//2658 2339//2658
f 2266//2659 2339//2659 2267//2659
f 2267//2660 2339//2660 2268//2660
f 2268//2661 2339//2661 2340//2661
f 2268//2662 2340//2662 2341//2662
f 2268//2663 2341//2663 2269//2663
f 2269//2664 2341//2664 2270//2664
f 2270//2665 2341//2665 2342//2665
f 2270//2666 2342//2666 2343//2666
f 2270//2667 2343//2667 2271//2667
f 2271//2668 2343//2668 2272//2668
f 2272//2669 2343//2669 2344//2669
f 2272//2670 2344//2670 2345//2670
f 2272//2671 2345//2671 2273//2671
f 2273//2672 2345//2672 2274//2672
f 2274//2673 2345//2673 2346//2673
f 2274//2674 2346//2674 2347//2674
f 2274//2675 2347//2675 2275//2675
f 2275//2676 2347//2676 2276//2676
f 2276//2677 2347//2677 2348//2677
f 2276//2678 2348//2678 2349//2678
f 2276//2679 2349//2679 2277//2679
f 2277//2680 2349//2680 2278//2680
f 2278//2681 2349//2681 2350//2681
f 2278//2682 2350//2682 2351//2682
f 2278//2683 2351//2683 2279//2683
f 2279//2684 2351//2684 2280//2684
f 2280//2685 2351//2685 2352//2685
f 2280//2686 2352//2686 2353//2686
f 2280//2687 2353//2687 2281//2687
f 2281//2688 2353//2688 2282//2688
f 2282//2689 2353//2689 2354//2689
f 2282//2690 2354//2690 2355//2690
f 2282//2691 2355//2691 2283//2691
f 2283//2692 2355//2692 2284//2692
f 2284//2693 2355//2693 2356//2693
f 2284//2694 2356//2694 2357//2694
f 2284//2695 2357//2695 2285//2695
f 2285//2696 2357//2696 2286//2696
f 2286//2697 2357//2697 2358//2697
f 2286//2698 2358//2698 2359//2698
f 2286//2699 2359//2699 2287//2699
f 2287//2700 2359//2700 2288//2700
f 2288//2701 2359//2701 2360//2701
f 2288//2702 2360//2702 2361//2702
f 2288//2703 2361//2703 2289//2703
f 2289//2704 2361//2704 2290//2704
f 2290//2705 2361//2705 2362//2705
f 2290//2706 2362//2706 2363//2706
f 2290//2707 2363//2707 2291//2707
f 2291//2708 2363//2708 2292//2708
f 2292//2709 2363//2709 2364//2709
f 2292//2710 2364//2710 2365//2710
f 2292//2711 2365//2711 2293//2711
f 2293//2712 2365//2712 2294//2712
f 2294//2713 2365//2713 2366//2713
f 2294//2714 2366//2714 2367//2714
f 2294//2715 2367//2715 2295//2715
f 2295//2716 2367//2716 2296//2716
f 2296//2717 2367//2717 2368//2717
f 2296//2718 2368//2718 2369//2718
f 2296//2719 2369//2719 2297//2719
f 2297//2720 2369//2720 2298//2720
f 2298//2721 2369//2721 2370//2721
f 2298//2722 2370//2722 2371//2722
f 2298//2723 2371//2723 2299//2723
f 2299//2724 2371//2724 2300//2724
f 2300//2725 2371//2725 2372//2725
f 2300//2726 2372//2726 2373//2726
f 2300//2727 2373//2727 2301//2727
f 2301//2728 2373//2728 2302//2728
f 2302//2729 2373//2729 2374//2729
f 2302//2730 2374//2730 2375//2730
f 2302//2731 2375//2731 2303//2731
f 2303//2732 2375//2732 2304//2732
f 2304//2733 2375//2733 2376//2733
f 2304//2734 2376//2734 2377//2734
f 2304//2735 2377//2735 2305//2735
f 2305//2736 2377//2736 2234//2736
f 2234//2737 2377//2737 2306//2737
f 2306//2738 2378//2738 2307//2738
f 2307//2739 2378//2739 2308//2739
f 2308//2740 2378//2740 2309//2740
f 2309//2741 2378//2741 2310//2741
f 2310//2742 2378//2742 2311//2742
f 2311//2743 2378//2743 2312//2743
f 2312//2744 2378//2744 2313//2744
f 2313//2745 2378//2745 2314//2745
f 2314//2746 2378//2746 2315//2746
f 2315//2747 2378//2747 2316//2747
f 2316//2748 2378//2748 2317//2748
f 2317//2749 2378//2749 2318//2749
f 2318//2750 2378//2750 2319//2750
f 2319//2751 2378//2751 2320//2751
f 2320//2752 2378//2752 2321//2752
f 2321//2753 2378//2753 2322//2753
f 2322//2754 2378//2754 2323//2754
f 2323//2755 2378//2755 2324//2755
f 2324//2756 2378//2756 2325//2756
f 2325//2757 2378//2757 2326//2757
f 2326//2758 2378//2758 2327//2758
f 2327//2759 2378//2759 2328//2759
f 2328//2760 2378//2760 2329//2760
f 2329//2761 2378//2761 2330//2761
f 2330//2762 2378//2762 2331//2762
f 2331//2763 2378//2763 2332//2763
f 2332//2764 2378//2764 2333//2764
f 2333//2765 2378//2765 2334//2765
f 2334//2766 2378//2766 2335//2766
f 2335//2767 2378//2767 2336//2767
f 2336//2768 2378//2768 2337//2768
f 2337//2769 2378//2769 2338//2769
f 2338//2770 2378//2770 2339//2770
f 2339//2771 2378//2771 2340//2771
f 2340//2772 2378//2772 2341//2772
f 2341//2773 2378//2773 2342//2773
f 2342//2774 2378//2774 2343//2774
f 2343//2775 2378//2775 2344//2775
f 2344//2776 2378//2776 2345//2776
f 2345//2777 2378//2777 2346//2777
f 2346//2778 2378//2778 2347//2778
f 2347//2779 2378//2779 2348//2779
f 2348//2780 2378//2780 2349//2780
f 2349//2781 2378//2781 2350//2781
f 2350//2782 2378//2782 2351//2782
f 2351//2783 2378//2783 2352//2783
f 2352//2784 2378//2784 2353//2784
f 2353//2785 2378//2785 2354//2785
f 2354//2786 2378//2786 2355//2786
f 2355//2787 2378//2787 2356//2787
f 2356//2788 2378//2788 2357//2788
f 2357//2789 2378//2789 2358//2789
f 2358//2790 2378//2790 2359//2790
f 2359//2791 2378//2791 2360//2791
f 2360//2792 2378//2792 2361//2792
f 2361//2793 2378//2793 2362//2793
f 2362//2794 2378//2794 2363//2794
f 2363//2795 2378//2795 2364//2795
f 2364//2796 2378//2796 2365//2796
f 2365//2797 2378//2797 2366//2797
f 2366//2798 2378//2798 2367//2798
f 2367//2799 2378//2799 2368//2799
f 2368//2800 2378//2800 2369//2800
f 2369//2801 2378//2801 2370//2801
f 2370//2802 2378//2802 2371//2802
f 2371//2803 2378//2803 2372//2803
f 2372//2804 2378//2804 2373//2804
f 2373//2805 2378//2805 2374//2805
f 2374//2806 2378//2806 2375//2806
f 2375//2807 2378//2807 2376//2807
f 2376//2808 2378//2808 2377//2808
f 2377//2809 2378//2809 2306//2809
