# Blender 4.5.4 LTS
# www.blender.org
o bean_black
v -0.000012 0.000051 0.001813
v 0.000228 0.000051 0.001812
v 0.000228 0.000062 0.001825
v 0.000226 0.000073 0.001804
v 0.000223 0.000084 0.001807
v 0.000219 0.000095 0.001807
v 0.000215 0.000107 0.001830
v 0.000210 0.000117 0.001817
v 0.000203 0.000127 0.001812
v 0.000196 0.000138 0.001827
v 0.000187 0.000147 0.001835
v 0.000178 0.000157 0.001849
v 0.000168 0.000165 0.001831
v 0.000157 0.000173 0.001849
v 0.000146 0.000180 0.001864
v 0.000134 0.000187 0.001867
v 0.000121 0.000193 0.001866
v 0.000108 0.000198 0.001862
v 0.000094 0.000203 0.001895
v 0.000080 0.000207 0.001888
v 0.000065 0.000210 0.001887
v 0.000050 0.000212 0.001884
v 0.000035 0.000215 0.001899
v 0.000019 0.000217 0.001917
v 0.000003 0.000216 0.001894
v -0.000012 0.000217 0.001900
v -0.000028 0.000216 0.001902
v -0.000044 0.000216 0.001922
v -0.000059 0.000214 0.001905
v -0.000074 0.000211 0.001892
v -0.000089 0.000209 0.001907
v -0.000104 0.000206 0.001905
v -0.000119 0.000202 0.001908
v -0.000132 0.000196 0.001881
v -0.000146 0.000191 0.001890
v -0.000159 0.000185 0.001897
v -0.000171 0.000178 0.001882
v -0.000182 0.000171 0.001871
v -0.000192 0.000163 0.001858
v -0.000203 0.000155 0.001880
v -0.000212 0.000146 0.001858
v -0.000220 0.000136 0.001845
v -0.000227 0.000126 0.001837
v -0.000234 0.000116 0.001841
v -0.000240 0.000106 0.001849
v -0.000244 0.000094 0.001817
v -0.000248 0.000084 0.001820
v -0.000250 0.000073 0.001819
v -0.000252 0.000062 0.001830
v -0.000252 0.000051 0.001813
v -0.000251 0.000040 0.001801
v -0.000250 0.000029 0.001821
v -0.000248 0.000018 0.001818
v -0.000244 0.000008 0.001821
v -0.000239 -0.000002 0.001804
v -0.000234 -0.000012 0.001819
v -0.000228 -0.000022 0.001837
v -0.000220 -0.000032 0.001826
v -0.000212 -0.000041 0.001828
v -0.000202 -0.000050 0.001828
v -0.000193 -0.000059 0.001861
v -0.000182 -0.000067 0.001850
v -0.000170 -0.000074 0.001849
v -0.000158 -0.000082 0.001857
v -0.000146 -0.000089 0.001872
v -0.000132 -0.000096 0.001891
v -0.000118 -0.000100 0.001869
v -0.000104 -0.000106 0.001884
v -0.000089 -0.000111 0.001895
v -0.000074 -0.000115 0.001909
v -0.000059 -0.000117 0.001900
v -0.000044 -0.000119 0.001892
v -0.000028 -0.000122 0.001919
v -0.000012 -0.000122 0.001914
v 0.000003 -0.000122 0.001915
v 0.000019 -0.000120 0.001899
v 0.000035 -0.000118 0.001912
v 0.000050 -0.000116 0.001924
v 0.000065 -0.000112 0.001903
v 0.000080 -0.000107 0.001899
v 0.000094 -0.000102 0.001891
v 0.000108 -0.000097 0.001912
v 0.000121 -0.000091 0.001890
v 0.000134 -0.000083 0.001875
v 0.000146 -0.000076 0.001876
v 0.000158 -0.000069 0.001875
v 0.000169 -0.000061 0.001879
v 0.000178 -0.000051 0.001846
v 0.000187 -0.000043 0.001850
v 0.000196 -0.000033 0.001850
v 0.000203 -0.000024 0.001847
v 0.000209 -0.000014 0.001832
v 0.000215 -0.000003 0.001817
v 0.000220 0.000007 0.001836
v 0.000223 0.000018 0.001823
v 0.000226 0.000028 0.001816
v 0.000227 0.000040 0.001803
v 0.000467 0.000051 0.001810
v 0.000467 0.000073 0.001814
v 0.000463 0.000096 0.001793
v 0.000458 0.000119 0.001801
v 0.000451 0.000141 0.001808
v 0.000443 0.000164 0.001833
v 0.000431 0.000185 0.001833
v 0.000417 0.000206 0.001839
v 0.000403 0.000226 0.001872
v 0.000387 0.000246 0.001892
v 0.000369 0.000264 0.001917
v 0.000348 0.000280 0.001917
v 0.000327 0.000297 0.001953
v 0.000304 0.000312 0.001984
v 0.000280 0.000325 0.001997
v 0.000254 0.000336 0.002010
v 0.000227 0.000346 0.002021
v 0.000200 0.000357 0.002066
v 0.000171 0.000364 0.002066
v 0.000142 0.000370 0.002072
v 0.000112 0.000375 0.002081
v 0.000081 0.000379 0.002102
v 0.000050 0.000383 0.002122
v 0.000019 0.000382 0.002099
v -0.000012 0.000383 0.002113
v -0.000044 0.000382 0.002119
v -0.000075 0.000380 0.002134
v -0.000106 0.000376 0.002117
v -0.000136 0.000370 0.002102
v -0.000167 0.000366 0.002120
v -0.000196 0.000359 0.002110
v -0.000224 0.000350 0.002103
v -0.000252 0.000339 0.002071
v -0.000279 0.000329 0.002075
v -0.000305 0.000318 0.002073
v -0.000328 0.000304 0.002042
v -0.000351 0.000289 0.002021
v -0.000372 0.000273 0.001996
v -0.000393 0.000257 0.002004
v -0.000411 0.000238 0.001966
v -0.000427 0.000219 0.001936
v -0.000442 0.000200 0.001917
v -0.000455 0.000180 0.001904
v -0.000467 0.000159 0.001894
v -0.000475 0.000137 0.001850
v -0.000482 0.000116 0.001844
v -0.000488 0.000094 0.001834
v -0.000491 0.000072 0.001831
v -0.000492 0.000051 0.001811
v -0.000490 0.000029 0.001797
v -0.000488 0.000008 0.001817
v -0.000483 -0.000013 0.001813
v -0.000476 -0.000034 0.001817
v -0.000466 -0.000054 0.001811
v -0.000455 -0.000074 0.001835
v -0.000443 -0.000094 0.001860
v -0.000427 -0.000112 0.001859
v -0.000411 -0.000130 0.001877
v -0.000392 -0.000148 0.001892
v -0.000373 -0.000166 0.001937
v -0.000351 -0.000182 0.001941
v -0.000328 -0.000197 0.001953
v -0.000304 -0.000212 0.001983
v -0.000279 -0.000226 0.002010
v -0.000252 -0.000240 0.002040
v -0.000224 -0.000250 0.002031
v -0.000196 -0.000261 0.002063
v -0.000166 -0.000271 0.002087
v -0.000136 -0.000279 0.002105
v -0.000106 -0.000284 0.002106
v -0.000075 -0.000288 0.002106
v -0.000044 -0.000293 0.002142
v -0.000012 -0.000294 0.002138
v 0.000019 -0.000293 0.002138
v 0.000050 -0.000290 0.002125
v 0.000081 -0.000288 0.002140
v 0.000112 -0.000283 0.002148
v 0.000142 -0.000275 0.002118
v 0.000171 -0.000266 0.002113
v 0.000200 -0.000256 0.002100
v 0.000228 -0.000247 0.002109
v 0.000254 -0.000233 0.002077
v 0.000279 -0.000219 0.002049
v 0.000304 -0.000205 0.002044
v 0.000327 -0.000190 0.002028
v 0.000349 -0.000173 0.002013
v 0.000367 -0.000155 0.001966
v 0.000386 -0.000137 0.001959
v 0.000403 -0.000119 0.001945
v 0.000418 -0.000100 0.001921
v 0.000431 -0.000079 0.001892
v 0.000441 -0.000058 0.001864
v 0.000452 -0.000038 0.001869
v 0.000458 -0.000016 0.001843
v 0.000463 0.000006 0.001825
v 0.000466 0.000028 0.001807
v 0.000706 0.000051 0.001804
v 0.000705 0.000085 0.001802
v 0.000698 0.000119 0.001779
v 0.000692 0.000154 0.001794
v 0.000681 0.000188 0.001811
v 0.000669 0.000222 0.001845
v 0.000651 0.000254 0.001860
v 0.000631 0.000285 0.001885
v 0.000610 0.000316 0.001943
v 0.000585 0.000345 0.001980
v 0.000558 0.000373 0.002022
v 0.000526 0.000397 0.002040
v 0.000495 0.000422 0.002096
v 0.000462 0.000445 0.002143
v 0.000425 0.000463 0.002162
v 0.000386 0.000481 0.002189
v 0.000346 0.000496 0.002210
v 0.000306 0.000512 0.002263
v 0.000262 0.000521 0.002266
v 0.000218 0.000530 0.002274
v 0.000173 0.000537 0.002292
v 0.000128 0.000544 0.002316
v 0.000082 0.000548 0.002335
v 0.000035 0.000547 0.002310
v -0.000012 0.000548 0.002330
v -0.000059 0.000546 0.002338
v -0.000106 0.000543 0.002348
v -0.000152 0.000536 0.002330
v -0.000198 0.000528 0.002314
v -0.000243 0.000521 0.002337
v -0.000287 0.000510 0.002320
v -0.000330 0.000497 0.002308
v -0.000371 0.000480 0.002274
v -0.000411 0.000465 0.002276
v -0.000450 0.000448 0.002267
v -0.000485 0.000426 0.002224
v -0.000520 0.000404 0.002197
v -0.000551 0.000380 0.002163
v -0.000583 0.000357 0.002156
v -0.000609 0.000329 0.002102
v -0.000633 0.000300 0.002055
v -0.000656 0.000272 0.002024
v -0.000676 0.000242 0.001991
v -0.000693 0.000211 0.001958
v -0.000704 0.000179 0.001897
v -0.000716 0.000147 0.001877
v -0.000724 0.000115 0.001854
v -0.000729 0.000083 0.001833
v -0.000730 0.000051 0.001807
v -0.000727 0.000019 0.001790
v -0.000725 -0.000013 0.001809
v -0.000717 -0.000044 0.001805
v -0.000706 -0.000075 0.001815
v -0.000691 -0.000104 0.001822
v -0.000676 -0.000134 0.001859
v -0.000657 -0.000163 0.001896
v -0.000633 -0.000190 0.001909
v -0.000609 -0.000218 0.001947
v -0.000581 -0.000244 0.001982
v -0.000553 -0.000271 0.002041
v -0.000520 -0.000294 0.002062
v -0.000485 -0.000317 0.002090
v -0.000449 -0.000340 0.002140
v -0.000411 -0.000361 0.002179
v -0.000372 -0.000381 0.002217
v -0.000329 -0.000397 0.002217
v -0.000287 -0.000414 0.002262
v -0.000243 -0.000429 0.002294
v -0.000198 -0.000441 0.002311
v -0.000152 -0.000450 0.002317
v -0.000106 -0.000456 0.002321
v -0.000059 -0.000464 0.002364
v -0.000012 -0.000465 0.002356
v 0.000035 -0.000464 0.002355
v 0.000081 -0.000461 0.002347
v 0.000128 -0.000457 0.002362
v 0.000174 -0.000451 0.002369
v 0.000218 -0.000438 0.002333
v 0.000262 -0.000426 0.002330
v 0.000305 -0.000412 0.002317
v 0.000347 -0.000397 0.002320
v 0.000386 -0.000377 0.002281
v 0.000424 -0.000355 0.002246
v 0.000461 -0.000335 0.002240
v 0.000496 -0.000312 0.002211
v 0.000528 -0.000287 0.002182
v 0.000556 -0.000260 0.002121
v 0.000585 -0.000234 0.002103
v 0.000610 -0.000206 0.002074
v 0.000632 -0.000176 0.002025
v 0.000651 -0.000146 0.001979
v 0.000667 -0.000114 0.001934
v 0.000682 -0.000083 0.001921
v 0.000692 -0.000050 0.001874
v 0.000699 -0.000017 0.001838
v 0.000703 0.000017 0.001812
v 0.000943 0.000051 0.001795
v 0.000942 0.000097 0.001785
v 0.000932 0.000143 0.001761
v 0.000924 0.000189 0.001786
v 0.000910 0.000235 0.001817
v 0.000893 0.000280 0.001864
v 0.000869 0.000323 0.001900
v 0.000842 0.000364 0.001947
v 0.000815 0.000407 0.002030
v 0.000782 0.000445 0.002082
v 0.000745 0.000482 0.002138
v 0.000704 0.000514 0.002172
v 0.000663 0.000548 0.002240
v 0.000618 0.000578 0.002293
v 0.000568 0.000602 0.002310
v 0.000518 0.000626 0.002342
v 0.000465 0.000646 0.002366
v 0.000411 0.000667 0.002417
v 0.000353 0.000679 0.002414
v 0.000294 0.000690 0.002419
v 0.000235 0.000700 0.002442
v 0.000174 0.000708 0.002460
v 0.000113 0.000713 0.002474
v 0.000050 0.000710 0.002447
v -0.000012 0.000712 0.002470
v -0.000075 0.000709 0.002479
v -0.000137 0.000704 0.002482
v -0.000198 0.000694 0.002466
v -0.000259 0.000683 0.002453
v -0.000320 0.000674 0.002479
v -0.000378 0.000658 0.002460
v -0.000434 0.000640 0.002447
v -0.000489 0.000619 0.002419
v -0.000543 0.000599 0.002424
v -0.000594 0.000576 0.002415
v -0.000641 0.000546 0.002367
v -0.000687 0.000517 0.002343
v -0.000729 0.000486 0.002309
v -0.000771 0.000455 0.002295
v -0.000806 0.000417 0.002230
v -0.000838 0.000380 0.002172
v -0.000868 0.000342 0.002134
v -0.000895 0.000303 0.002082
v -0.000917 0.000262 0.002029
v -0.000932 0.000219 0.001949
v -0.000948 0.000178 0.001914
v -0.000959 0.000136 0.001874
v -0.000965 0.000093 0.001834
v -0.000966 0.000051 0.001799
v -0.000963 0.000009 0.001778
v -0.000960 -0.000033 0.001797
v -0.000949 -0.000074 0.001795
v -0.000934 -0.000114 0.001812
v -0.000915 -0.000153 0.001836
v -0.000895 -0.000193 0.001888
v -0.000870 -0.000231 0.001942
v -0.000838 -0.000266 0.001969
v -0.000805 -0.000303 0.002028
v -0.000769 -0.000338 0.002083
v -0.000731 -0.000373 0.002154
v -0.000687 -0.000404 0.002185
v -0.000641 -0.000434 0.002222
v -0.000594 -0.000466 0.002286
v -0.000543 -0.000494 0.002325
v -0.000490 -0.000520 0.002363
v -0.000434 -0.000541 0.002364
v -0.000378 -0.000565 0.002412
v -0.000319 -0.000585 0.002443
v -0.000259 -0.000600 0.002450
v -0.000198 -0.000613 0.002456
v -0.000137 -0.000622 0.002460
v -0.000075 -0.000634 0.002501
v -0.000012 -0.000635 0.002487
v 0.000050 -0.000634 0.002484
v 0.000112 -0.000631 0.002482
v 0.000174 -0.000626 0.002496
v 0.000235 -0.000618 0.002502
v 0.000294 -0.000601 0.002465
v 0.000353 -0.000586 0.002469
v 0.000410 -0.000567 0.002462
v 0.000466 -0.000547 0.002463
v 0.000518 -0.000521 0.002426
v 0.000568 -0.000493 0.002395
v 0.000618 -0.000466 0.002395
v 0.000663 -0.000435 0.002361
v 0.000706 -0.000402 0.002328
v 0.000743 -0.000365 0.002265
v 0.000782 -0.000331 0.002242
v 0.000815 -0.000294 0.002203
v 0.000844 -0.000253 0.002135
v 0.000869 -0.000213 0.002076
v 0.000890 -0.000171 0.002013
v 0.000912 -0.000129 0.001981
v 0.000924 -0.000085 0.001910
v 0.000933 -0.000040 0.001854
v 0.000940 0.000005 0.001816
v 0.001177 0.000051 0.001781
v 0.001175 0.000109 0.001762
v 0.001164 0.000166 0.001741
v 0.001154 0.000224 0.001779
v 0.001137 0.000282 0.001828
v 0.001114 0.000338 0.001891
v 0.001085 0.000392 0.001950
v 0.001052 0.000445 0.002019
v 0.001019 0.000498 0.002123
v 0.000976 0.000546 0.002182
v 0.000931 0.000591 0.002243
v 0.000880 0.000633 0.002284
v 0.000829 0.000675 0.002353
v 0.000773 0.000712 0.002401
v 0.000711 0.000742 0.002407
v 0.000648 0.000771 0.002437
v 0.000582 0.000796 0.002457
v 0.000515 0.000822 0.002497
v 0.000442 0.000836 0.002486
v 0.000369 0.000849 0.002487
v 0.000296 0.000863 0.002510
v 0.000220 0.000871 0.002520
v 0.000143 0.000876 0.002529
v 0.000065 0.000873 0.002502
v -0.000012 0.000874 0.002526
v -0.000090 0.000871 0.002534
v -0.000167 0.000863 0.002531
v -0.000244 0.000851 0.002518
v -0.000319 0.000836 0.002510
v -0.000395 0.000825 0.002539
v -0.000467 0.000804 0.002518
v -0.000538 0.000781 0.002508
v -0.000606 0.000755 0.002491
v -0.000673 0.000730 0.002500
v -0.000737 0.000700 0.002495
v -0.000795 0.000663 0.002448
v -0.000852 0.000628 0.002435
v -0.000906 0.000589 0.002408
v -0.000957 0.000550 0.002393
v -0.001000 0.000504 0.002327
v -0.001040 0.000457 0.002268
v -0.001079 0.000411 0.002229
v -0.001111 0.000362 0.002163
v -0.001139 0.000311 0.002094
v -0.001158 0.000259 0.001999
v -0.001178 0.000208 0.001948
v -0.001192 0.000155 0.001891
v -0.001199 0.000103 0.001831
v -0.001200 0.000051 0.001787
v -0.001197 -0.000001 0.001762
v -0.001193 -0.000053 0.001781
v -0.001178 -0.000103 0.001783
v -0.001160 -0.000152 0.001810
v -0.001137 -0.000201 0.001854
v -0.001111 -0.000250 0.001922
v -0.001080 -0.000297 0.001992
v -0.001040 -0.000341 0.002032
v -0.001000 -0.000386 0.002111
v -0.000955 -0.000430 0.002179
v -0.000907 -0.000473 0.002253
v -0.000852 -0.000511 0.002287
v -0.000795 -0.000549 0.002326
v -0.000737 -0.000589 0.002393
v -0.000673 -0.000623 0.002422
v -0.000607 -0.000656 0.002451
v -0.000537 -0.000683 0.002450
v -0.000467 -0.000713 0.002491
v -0.000395 -0.000739 0.002514
v -0.000320 -0.000757 0.002510
v -0.000244 -0.000774 0.002514
v -0.000167 -0.000787 0.002516
v -0.000090 -0.000801 0.002550
v -0.000012 -0.000803 0.002531
v 0.000065 -0.000803 0.002525
v 0.000143 -0.000800 0.002529
v 0.000220 -0.000794 0.002540
v 0.000296 -0.000784 0.002545
v 0.000369 -0.000763 0.002510
v 0.000443 -0.000746 0.002522
v 0.000514 -0.000723 0.002521
v 0.000583 -0.000698 0.002522
v 0.000648 -0.000665 0.002492
v 0.000710 -0.000630 0.002470
v 0.000773 -0.000598 0.002481
v 0.000829 -0.000558 0.002450
v 0.000882 -0.000517 0.002421
v 0.000929 -0.000471 0.002367
v 0.000977 -0.000428 0.002347
v 0.001019 -0.000382 0.002307
v 0.001053 -0.000331 0.002228
v 0.001085 -0.000280 0.002164
v 0.001112 -0.000228 0.002090
v 0.001138 -0.000175 0.002039
v 0.001153 -0.000120 0.001945
v 0.001165 -0.000063 0.001869
v 0.001174 -0.000007 0.001818
v 0.001409 0.000051 0.001760
v 0.001406 0.000120 0.001735
v 0.001393 0.000189 0.001720
v 0.001381 0.000260 0.001773
v 0.001361 0.000329 0.001843
v 0.001333 0.000396 0.001924
v 0.001299 0.000461 0.002005
v 0.001260 0.000525 0.002091
v 0.001220 0.000589 0.002206
v 0.001169 0.000646 0.002263
v 0.001114 0.000701 0.002320
v 0.001054 0.000751 0.002361
v 0.000993 0.000801 0.002418
v 0.000926 0.000846 0.002454
v 0.000851 0.000880 0.002447
v 0.000776 0.000916 0.002473
v 0.000698 0.000947 0.002487
v 0.000617 0.000976 0.002515
v 0.000531 0.000993 0.002498
v 0.000444 0.001008 0.002496
v 0.000356 0.001024 0.002520
v 0.000265 0.001033 0.002522
v 0.000173 0.001038 0.002526
v 0.000080 0.001033 0.002501
v -0.000012 0.001035 0.002525
v -0.000105 0.001030 0.002533
v -0.000198 0.001019 0.002525
v -0.000289 0.001004 0.002517
v -0.000379 0.000987 0.002512
v -0.000470 0.000973 0.002542
v -0.000556 0.000946 0.002521
v -0.000640 0.000919 0.002513
v -0.000722 0.000888 0.002507
v -0.000802 0.000858 0.002518
v -0.000878 0.000822 0.002517
v -0.000947 0.000777 0.002476
v -0.001016 0.000736 0.002475
v -0.001080 0.000690 0.002457
v -0.001141 0.000642 0.002444
v -0.001192 0.000588 0.002386
v -0.001240 0.000533 0.002332
v -0.001287 0.000478 0.002299
v -0.001325 0.000419 0.002224
v -0.001358 0.000359 0.002146
v -0.001381 0.000297 0.002040
v -0.001406 0.000237 0.001975
v -0.001422 0.000175 0.001901
v -0.001429 0.000113 0.001821
v -0.001431 0.000051 0.001769
v -0.001428 -0.000011 0.001742
v -0.001423 -0.000072 0.001762
v -0.001405 -0.000131 0.001770
v -0.001383 -0.000190 0.001811
v -0.001356 -0.000248 0.001876
v -0.001325 -0.000305 0.001960
v -0.001288 -0.000361 0.002044
v -0.001240 -0.000413 0.002094
v -0.001193 -0.000467 0.002185
v -0.001139 -0.000519 0.002258
v -0.001081 -0.000570 0.002326
v -0.001016 -0.000616 0.002357
v -0.000947 -0.000661 0.002390
v -0.000878 -0.000709 0.002452
v -0.000802 -0.000750 0.002467
v -0.000722 -0.000789 0.002484
v -0.000639 -0.000822 0.002479
v -0.000556 -0.000859 0.002512
v -0.000469 -0.000890 0.002527
v -0.000380 -0.000911 0.002512
v -0.000289 -0.000932 0.002516
v -0.000197 -0.000949 0.002516
v -0.000105 -0.000966 0.002544
v -0.000012 -0.000968 0.002522
v 0.000081 -0.000969 0.002515
v 0.000173 -0.000968 0.002524
v 0.000265 -0.000961 0.002531
v 0.000356 -0.000949 0.002534
v 0.000443 -0.000924 0.002502
v 0.000531 -0.000905 0.002519
v 0.000616 -0.000879 0.002522
v 0.000698 -0.000847 0.002520
v 0.000776 -0.000808 0.002499
v 0.000851 -0.000768 0.002486
v 0.000926 -0.000730 0.002506
v 0.000992 -0.000681 0.002479
v 0.001055 -0.000631 0.002458
v 0.001113 -0.000577 0.002419
v 0.001169 -0.000526 0.002408
v 0.001220 -0.000469 0.002372
v 0.001260 -0.000408 0.002293
v 0.001299 -0.000347 0.002232
v 0.001332 -0.000285 0.002153
v 0.001362 -0.000221 0.002086
v 0.001380 -0.000154 0.001973
v 0.001394 -0.000087 0.001879
v 0.001405 -0.000019 0.001813
v 0.001637 0.000051 0.001734
v 0.001634 0.000132 0.001704
v 0.001618 0.000213 0.001699
v 0.001605 0.000295 0.001771
v 0.001582 0.000375 0.001863
v 0.001549 0.000454 0.001959
v 0.001509 0.000530 0.002059
v 0.001464 0.000604 0.002155
v 0.001418 0.000680 0.002270
v 0.001358 0.000745 0.002316
v 0.001294 0.000809 0.002361
v 0.001226 0.000868 0.002396
v 0.001154 0.000927 0.002439
v 0.001076 0.000978 0.002461
v 0.000989 0.001018 0.002444
v 0.000903 0.001061 0.002467
v 0.000812 0.001096 0.002475
v 0.000718 0.001128 0.002493
v 0.000618 0.001148 0.002474
v 0.000517 0.001165 0.002471
v 0.000415 0.001185 0.002496
v 0.000309 0.001193 0.002492
v 0.000203 0.001197 0.002493
v 0.000095 0.001192 0.002472
v -0.000012 0.001194 0.002497
v -0.000120 0.001187 0.002504
v -0.000227 0.001172 0.002491
v -0.000334 0.001155 0.002488
v -0.000438 0.001135 0.002486
v -0.000543 0.001117 0.002515
v -0.000643 0.001085 0.002492
v -0.000741 0.001053 0.002487
v -0.000836 0.001019 0.002489
v -0.000929 0.000982 0.002500
v -0.001017 0.000940 0.002501
v -0.001097 0.000888 0.002465
v -0.001178 0.000841 0.002475
v -0.001252 0.000788 0.002466
v -0.001321 0.000732 0.002456
v -0.001381 0.000670 0.002408
v -0.001437 0.000606 0.002364
v -0.001493 0.000544 0.002340
v -0.001535 0.000476 0.002263
v -0.001573 0.000407 0.002180
v -0.001601 0.000335 0.002070
v -0.001630 0.000265 0.001993
v -0.001649 0.000194 0.001902
v -0.001656 0.000122 0.001804
v -0.001659 0.000051 0.001746
v -0.001656 -0.000020 0.001717
v -0.001650 -0.000091 0.001740
v -0.001628 -0.000159 0.001758
v -0.001602 -0.000227 0.001815
v -0.001573 -0.000294 0.001901
v -0.001536 -0.000360 0.001998
v -0.001492 -0.000424 0.002091
v -0.001437 -0.000483 0.002147
v -0.001383 -0.000547 0.002244
v -0.001321 -0.000607 0.002313
v -0.001253 -0.000665 0.002368
v -0.001177 -0.000718 0.002391
v -0.001097 -0.000770 0.002416
v -0.001017 -0.000827 0.002468
v -0.000928 -0.000873 0.002469
v -0.000836 -0.000918 0.002477
v -0.000740 -0.000957 0.002470
v -0.000643 -0.001001 0.002497
v -0.000543 -0.001037 0.002505
v -0.000438 -0.001062 0.002483
v -0.000334 -0.001088 0.002489
v -0.000227 -0.001108 0.002489
v -0.000120 -0.001129 0.002512
v -0.000012 -0.001132 0.002487
v 0.000095 -0.001133 0.002480
v 0.000203 -0.001134 0.002494
v 0.000310 -0.001126 0.002497
v 0.000415 -0.001112 0.002498
v 0.000516 -0.001084 0.002468
v 0.000619 -0.001063 0.002490
v 0.000717 -0.001033 0.002493
v 0.000812 -0.000995 0.002488
v 0.000903 -0.000951 0.002473
v 0.000990 -0.000905 0.002466
v 0.001077 -0.000860 0.002491
v 0.001153 -0.000803 0.002466
v 0.001226 -0.000745 0.002452
v 0.001294 -0.000683 0.002429
v 0.001359 -0.000622 0.002426
v 0.001417 -0.000557 0.002399
v 0.001464 -0.000484 0.002325
v 0.001510 -0.000414 0.002274
v 0.001548 -0.000341 0.002197
v 0.001583 -0.000267 0.002119
v 0.001603 -0.000188 0.001992
v 0.001619 -0.000109 0.001881
v 0.001634 -0.000030 0.001802
v 0.001861 0.000051 0.001701
v 0.001857 0.000143 0.001670
v 0.001840 0.000236 0.001679
v 0.001825 0.000329 0.001773
v 0.001798 0.000421 0.001886
v 0.001760 0.000510 0.001994
v 0.001716 0.000598 0.002105
v 0.001665 0.000683 0.002202
v 0.001613 0.000769 0.002306
v 0.001544 0.000843 0.002335
v 0.001472 0.000916 0.002367
v 0.001395 0.000985 0.002395
v 0.001313 0.001051 0.002423
v 0.001224 0.001109 0.002435
v 0.001125 0.001154 0.002412
v 0.001028 0.001204 0.002435
v 0.000924 0.001244 0.002441
v 0.000817 0.001279 0.002450
v 0.000704 0.001301 0.002432
v 0.000589 0.001321 0.002430
v 0.000473 0.001343 0.002457
v 0.000353 0.001350 0.002448
v 0.000232 0.001354 0.002447
v 0.000110 0.001349 0.002431
v -0.000012 0.001350 0.002456
v -0.000135 0.001341 0.002461
v -0.000256 0.001321 0.002444
v -0.000377 0.001303 0.002446
v -0.000496 0.001279 0.002447
v -0.000615 0.001258 0.002472
v -0.000728 0.001221 0.002449
v -0.000839 0.001184 0.002445
v -0.000948 0.001146 0.002454
v -0.001053 0.001103 0.002463
v -0.001153 0.001055 0.002464
v -0.001244 0.000997 0.002433
v -0.001336 0.000944 0.002450
v -0.001421 0.000884 0.002448
v -0.001499 0.000820 0.002438
v -0.001567 0.000750 0.002402
v -0.001631 0.000679 0.002369
v -0.001694 0.000608 0.002355
v -0.001742 0.000531 0.002279
v -0.001785 0.000453 0.002196
v -0.001818 0.000372 0.002087
v -0.001850 0.000293 0.001999
v -0.001871 0.000213 0.001894
v -0.001878 0.000131 0.001781
v -0.001883 0.000051 0.001718
v -0.001880 -0.000029 0.001689
v -0.001872 -0.000109 0.001717
v -0.001847 -0.000186 0.001748
v -0.001818 -0.000263 0.001822
v -0.001786 -0.000339 0.001929
v -0.001743 -0.000413 0.002034
v -0.001693 -0.000485 0.002131
v -0.001630 -0.000553 0.002187
v -0.001570 -0.000624 0.002282
v -0.001499 -0.000692 0.002341
v -0.001421 -0.000757 0.002378
v -0.001335 -0.000817 0.002394
v -0.001245 -0.000877 0.002411
v -0.001154 -0.000941 0.002454
v -0.001052 -0.000993 0.002443
v -0.000948 -0.001044 0.002445
v -0.000839 -0.001090 0.002439
v -0.000729 -0.001140 0.002461
v -0.000615 -0.001180 0.002465
v -0.000496 -0.001208 0.002439
v -0.000377 -0.001241 0.002448
v -0.000257 -0.001265 0.002449
v -0.000135 -0.001288 0.002466
v -0.000012 -0.001292 0.002441
v 0.000110 -0.001295 0.002436
v 0.000232 -0.001298 0.002453
v 0.000353 -0.001288 0.002451
v 0.000473 -0.001272 0.002450
v 0.000588 -0.001243 0.002424
v 0.000705 -0.001220 0.002447
v 0.000817 -0.001186 0.002451
v 0.000924 -0.001142 0.002440
v 0.001027 -0.001093 0.002431
v 0.001126 -0.001040 0.002427
v 0.001225 -0.000990 0.002454
v 0.001311 -0.000924 0.002429
v 0.001394 -0.000857 0.002420
v 0.001472 -0.000788 0.002409
v 0.001546 -0.000718 0.002412
v 0.001611 -0.000642 0.002393
v 0.001664 -0.000560 0.002329
v 0.001717 -0.000480 0.002291
v 0.001761 -0.000397 0.002219
v 0.001799 -0.000311 0.002135
v 0.001822 -0.000222 0.001999
v 0.001841 -0.000132 0.001875
v 0.001858 -0.000042 0.001784
v 0.002080 0.000051 0.001663
v 0.002075 0.000155 0.001635
v 0.002058 0.000258 0.001663
v 0.002041 0.000363 0.001778
v 0.002011 0.000466 0.001909
v 0.001967 0.000565 0.002022
v 0.001919 0.000664 0.002138
v 0.001863 0.000760 0.002226
v 0.001803 0.000856 0.002313
v 0.001726 0.000939 0.002325
v 0.001645 0.001021 0.002345
v 0.001560 0.001100 0.002368
v 0.001468 0.001173 0.002385
v 0.001368 0.001238 0.002390
v 0.001258 0.001288 0.002365
v 0.001150 0.001345 0.002389
v 0.001034 0.001390 0.002393
v 0.000914 0.001427 0.002397
v 0.000787 0.001452 0.002381
v 0.000659 0.001474 0.002380
v 0.000530 0.001499 0.002408
v 0.000396 0.001505 0.002394
v 0.000261 0.001508 0.002393
v 0.000124 0.001502 0.002382
v -0.000012 0.001503 0.002406
v -0.000149 0.001491 0.002410
v -0.000285 0.001467 0.002389
v -0.000420 0.001447 0.002397
v -0.000553 0.001421 0.002399
v -0.000686 0.001395 0.002421
v -0.000812 0.001352 0.002397
v -0.000936 0.001311 0.002394
v -0.001059 0.001270 0.002409
v -0.001175 0.001221 0.002414
v -0.001287 0.001167 0.002414
v -0.001388 0.001102 0.002387
v -0.001492 0.001045 0.002410
v -0.001586 0.000978 0.002410
v -0.001673 0.000906 0.002400
v -0.001750 0.000828 0.002375
v -0.001822 0.000749 0.002353
v -0.001892 0.000672 0.002347
v -0.001944 0.000585 0.002274
v -0.001992 0.000498 0.002196
v -0.002030 0.000409 0.002090
v -0.002066 0.000321 0.001994
v -0.002089 0.000231 0.001876
v -0.002096 0.000140 0.001750
v -0.002103 0.000051 0.001685
v -0.002099 -0.000038 0.001659
v -0.002090 -0.000127 0.001694
v -0.002062 -0.000213 0.001741
v -0.002030 -0.000298 0.001832
v -0.001995 -0.000383 0.001957
v -0.001946 -0.000465 0.002063
v -0.001889 -0.000545 0.002158
v -0.001820 -0.000620 0.002210
v -0.001753 -0.000700 0.002296
v -0.001674 -0.000775 0.002343
v -0.001585 -0.000846 0.002362
v -0.001490 -0.000914 0.002372
v -0.001390 -0.000981 0.002383
v -0.001288 -0.001053 0.002418
v -0.001174 -0.001109 0.002399
v -0.001057 -0.001166 0.002397
v -0.000937 -0.001220 0.002396
v -0.000814 -0.001274 0.002413
v -0.000685 -0.001320 0.002414
v -0.000553 -0.001352 0.002386
v -0.000420 -0.001390 0.002400
v -0.000285 -0.001418 0.002401
v -0.000149 -0.001443 0.002412
v -0.000012 -0.001449 0.002388
v 0.000124 -0.001454 0.002385
v 0.000261 -0.001459 0.002405
v 0.000396 -0.001448 0.002398
v 0.000529 -0.001430 0.002396
v 0.000659 -0.001399 0.002374
v 0.000789 -0.001375 0.002398
v 0.000914 -0.001336 0.002400
v 0.001033 -0.001286 0.002385
v 0.001149 -0.001232 0.002380
v 0.001260 -0.001174 0.002379
v 0.001370 -0.001117 0.002404
v 0.001466 -0.001042 0.002378
v 0.001559 -0.000968 0.002372
v 0.001646 -0.000891 0.002371
v 0.001729 -0.000812 0.002377
v 0.001801 -0.000726 0.002363
v 0.001860 -0.000633 0.002309
v 0.001921 -0.000545 0.002285
v 0.001969 -0.000451 0.002221
v 0.002011 -0.000355 0.002134
v 0.002037 -0.000255 0.001994
v 0.002059 -0.000154 0.001861
v 0.002078 -0.000053 0.001758
v 0.002294 0.000051 0.001622
v 0.002289 0.000165 0.001601
v 0.002270 0.000280 0.001649
v 0.002252 0.000396 0.001786
v 0.002218 0.000510 0.001929
v 0.002169 0.000619 0.002040
v 0.002117 0.000729 0.002152
v 0.002056 0.000835 0.002226
v 0.001989 0.000941 0.002292
v 0.001903 0.001033 0.002291
v 0.001815 0.001124 0.002303
v 0.001722 0.001213 0.002323
v 0.001620 0.001293 0.002331
v 0.001509 0.001364 0.002332
v 0.001389 0.001420 0.002309
v 0.001270 0.001484 0.002334
v 0.001142 0.001533 0.002338
v 0.001008 0.001573 0.002335
v 0.000869 0.001601 0.002324
v 0.000728 0.001626 0.002325
v 0.000586 0.001653 0.002353
v 0.000438 0.001656 0.002335
v 0.000289 0.001659 0.002334
v 0.000138 0.001653 0.002328
v -0.000012 0.001652 0.002350
v -0.000163 0.001638 0.002352
v -0.000313 0.001609 0.002329
v -0.000462 0.001588 0.002342
v -0.000609 0.001558 0.002345
v -0.000755 0.001528 0.002362
v -0.000894 0.001480 0.002339
v -0.001031 0.001435 0.002338
v -0.001166 0.001391 0.002357
v -0.001294 0.001335 0.002356
v -0.001417 0.001276 0.002356
v -0.001529 0.001205 0.002333
v -0.001644 0.001143 0.002359
v -0.001748 0.001069 0.002360
v -0.001842 0.000989 0.002348
v -0.001928 0.000905 0.002332
v -0.002008 0.000819 0.002319
v -0.002085 0.000733 0.002320
v -0.002142 0.000637 0.002252
v -0.002195 0.000542 0.002180
v -0.002238 0.000445 0.002081
v -0.002277 0.000348 0.001978
v -0.002301 0.000249 0.001849
v -0.002309 0.000149 0.001714
v -0.002318 0.000051 0.001650
v -0.002314 -0.000047 0.001629
v -0.002302 -0.000145 0.001674
v -0.002272 -0.000239 0.001737
v -0.002237 -0.000333 0.001844
v -0.002199 -0.000427 0.001981
v -0.002144 -0.000516 0.002082
v -0.002081 -0.000604 0.002169
v -0.002005 -0.000687 0.002214
v -0.001932 -0.000775 0.002288
v -0.001844 -0.000857 0.002321
v -0.001745 -0.000933 0.002326
v -0.001642 -0.001009 0.002333
v -0.001532 -0.001083 0.002339
v -0.001419 -0.001161 0.002368
v -0.001293 -0.001221 0.002344
v -0.001164 -0.001285 0.002341
v -0.001032 -0.001346 0.002344
v -0.000896 -0.001405 0.002357
v -0.000754 -0.001456 0.002355
v -0.000608 -0.001491 0.002328
v -0.000462 -0.001535 0.002346
v -0.000313 -0.001567 0.002347
v -0.000163 -0.001594 0.002352
v -0.000012 -0.001602 0.002330
v 0.000138 -0.001609 0.002328
v 0.000289 -0.001617 0.002351
v 0.000438 -0.001604 0.002339
v 0.000585 -0.001585 0.002335
v 0.000728 -0.001553 0.002318
v 0.000871 -0.001527 0.002342
v 0.001009 -0.001484 0.002342
v 0.001140 -0.001427 0.002323
v 0.001268 -0.001370 0.002324
v 0.001391 -0.001306 0.002324
v 0.001512 -0.001242 0.002346
v 0.001617 -0.001158 0.002319
v 0.001720 -0.001076 0.002316
v 0.001817 -0.000992 0.002322
v 0.001907 -0.000903 0.002326
v 0.001987 -0.000808 0.002316
v 0.002051 -0.000705 0.002271
v 0.002119 -0.000608 0.002260
v 0.002173 -0.000504 0.002205
v 0.002217 -0.000397 0.002117
v 0.002247 -0.000286 0.001978
v 0.002271 -0.000176 0.001837
v 0.002293 -0.000064 0.001725
v 0.002502 0.000051 0.001580
v 0.002496 0.000176 0.001569
v 0.002478 0.000301 0.001640
v 0.002458 0.000427 0.001792
v 0.002420 0.000551 0.001941
v 0.002365 0.000670 0.002043
v 0.002311 0.000791 0.002146
v 0.002244 0.000908 0.002204
v 0.002170 0.001023 0.002250
v 0.002077 0.001123 0.002239
v 0.001981 0.001224 0.002246
v 0.001880 0.001322 0.002267
v 0.001767 0.001409 0.002268
v 0.001647 0.001487 0.002267
v 0.001515 0.001549 0.002246
v 0.001386 0.001620 0.002273
v 0.001247 0.001674 0.002276
v 0.001100 0.001715 0.002268
v 0.000949 0.001747 0.002261
v 0.000796 0.001774 0.002264
v 0.000640 0.001802 0.002291
v 0.000478 0.001804 0.002269
v 0.000316 0.001806 0.002269
v 0.000152 0.001801 0.002269
v -0.000012 0.001797 0.002288
v -0.000177 0.001780 0.002288
v -0.000340 0.001747 0.002265
v -0.000503 0.001724 0.002282
v -0.000663 0.001691 0.002285
v -0.000822 0.001656 0.002297
v -0.000974 0.001604 0.002275
v -0.001123 0.001555 0.002277
v -0.001271 0.001508 0.002298
v -0.001410 0.001446 0.002293
v -0.001544 0.001381 0.002292
v -0.001667 0.001305 0.002273
v -0.001793 0.001238 0.002300
v -0.001905 0.001158 0.002301
v -0.002007 0.001070 0.002287
v -0.002102 0.000980 0.002279
v -0.002189 0.000887 0.002272
v -0.002273 0.000794 0.002278
v -0.002334 0.000689 0.002215
v -0.002392 0.000586 0.002151
v -0.002441 0.000481 0.002061
v -0.002482 0.000375 0.001952
v -0.002508 0.000267 0.001816
v -0.002517 0.000158 0.001674
v -0.002528 0.000051 0.001613
v -0.002523 -0.000056 0.001600
v -0.002509 -0.000163 0.001656
v -0.002476 -0.000265 0.001735
v -0.002439 -0.000367 0.001855
v -0.002398 -0.000470 0.001998
v -0.002336 -0.000567 0.002087
v -0.002268 -0.000662 0.002162
v -0.002186 -0.000752 0.002198
v -0.002106 -0.000848 0.002260
v -0.002010 -0.000936 0.002280
v -0.001902 -0.001018 0.002273
v -0.001789 -0.001101 0.002280
v -0.001670 -0.001181 0.002284
v -0.001547 -0.001265 0.002307
v -0.001408 -0.001331 0.002281
v -0.001269 -0.001400 0.002279
v -0.001125 -0.001468 0.002287
v -0.000976 -0.001532 0.002294
v -0.000821 -0.001586 0.002291
v -0.000662 -0.001626 0.002264
v -0.000503 -0.001677 0.002286
v -0.000341 -0.001712 0.002286
v -0.000177 -0.001740 0.002286
v -0.000012 -0.001751 0.002267
v 0.000152 -0.001761 0.002267
v 0.000317 -0.001772 0.002290
v 0.000478 -0.001756 0.002273
v 0.000639 -0.001736 0.002270
v 0.000795 -0.001703 0.002258
v 0.000951 -0.001675 0.002280
v 0.001102 -0.001628 0.002278
v 0.001244 -0.001565 0.002257
v 0.001384 -0.001505 0.002262
v 0.001519 -0.001435 0.002263
v 0.001650 -0.001363 0.002281
v 0.001764 -0.001271 0.002254
v 0.001877 -0.001181 0.002252
v 0.001984 -0.001090 0.002264
v 0.002081 -0.000992 0.002265
v 0.002167 -0.000887 0.002258
v 0.002238 -0.000775 0.002220
v 0.002313 -0.000669 0.002220
v 0.002372 -0.000555 0.002173
v 0.002418 -0.000438 0.002086
v 0.002452 -0.000317 0.001952
v 0.002479 -0.000196 0.001807
v 0.002503 -0.000074 0.001687
v 0.002704 0.000051 0.001537
v 0.002698 0.000186 0.001540
v 0.002680 0.000321 0.001632
v 0.002657 0.000457 0.001795
v 0.002616 0.000591 0.001941
v 0.002556 0.000720 0.002029
v 0.002499 0.000852 0.002120
v 0.002426 0.000978 0.002161
v 0.002346 0.001102 0.002192
v 0.002245 0.001211 0.002176
v 0.002142 0.001321 0.002182
v 0.002034 0.001429 0.002203
v 0.001911 0.001521 0.002198
v 0.001780 0.001606 0.002197
v 0.001639 0.001675 0.002180
v 0.001500 0.001753 0.002207
v 0.001348 0.001810 0.002207
v 0.001189 0.001853 0.002196
v 0.001027 0.001889 0.002194
v 0.000861 0.001919 0.002198
v 0.000693 0.001948 0.002222
v 0.000518 0.001947 0.002199
v 0.000342 0.001949 0.002200
v 0.000165 0.001945 0.002205
v -0.000012 0.001938 0.002219
v -0.000190 0.001917 0.002218
v -0.000366 0.001880 0.002195
v -0.000543 0.001857 0.002216
v -0.000716 0.001820 0.002219
v -0.000887 0.001780 0.002227
v -0.001051 0.001723 0.002207
v -0.001213 0.001671 0.002210
v -0.001374 0.001621 0.002234
v -0.001523 0.001553 0.002223
v -0.001667 0.001483 0.002222
v -0.001801 0.001403 0.002208
v -0.001937 0.001331 0.002235
v -0.002058 0.001245 0.002234
v -0.002167 0.001149 0.002217
v -0.002271 0.001054 0.002217
v -0.002365 0.000954 0.002214
v -0.002456 0.000854 0.002223
v -0.002521 0.000740 0.002165
v -0.002583 0.000629 0.002111
v -0.002638 0.000516 0.002031
v -0.002681 0.000401 0.001918
v -0.002709 0.000284 0.001776
v -0.002718 0.000167 0.001632
v -0.002732 0.000051 0.001576
v -0.002726 -0.000065 0.001573
v -0.002709 -0.000180 0.001640
v -0.002674 -0.000291 0.001735
v -0.002635 -0.000401 0.001862
v -0.002591 -0.000513 0.002003
v -0.002523 -0.000616 0.002076
v -0.002449 -0.000718 0.002137
v -0.002362 -0.000816 0.002165
v -0.002275 -0.000919 0.002214
v -0.002171 -0.001014 0.002224
v -0.002053 -0.001100 0.002209
v -0.001933 -0.001191 0.002218
v -0.001804 -0.001277 0.002221
v -0.001670 -0.001366 0.002239
v -0.001520 -0.001436 0.002212
v -0.001370 -0.001511 0.002212
v -0.001215 -0.001587 0.002223
v -0.001053 -0.001654 0.002225
v -0.000886 -0.001713 0.002221
v -0.000714 -0.001756 0.002197
v -0.000543 -0.001814 0.002220
v -0.000367 -0.001853 0.002219
v -0.000190 -0.001882 0.002214
v -0.000012 -0.001897 0.002200
v 0.000165 -0.001909 0.002201
v 0.000343 -0.001922 0.002224
v 0.000518 -0.001904 0.002203
v 0.000691 -0.001884 0.002200
v 0.000860 -0.001851 0.002193
v 0.001029 -0.001820 0.002212
v 0.001191 -0.001769 0.002209
v 0.001345 -0.001700 0.002186
v 0.001497 -0.001636 0.002196
v 0.001642 -0.001560 0.002197
v 0.001783 -0.001481 0.002211
v 0.001907 -0.001380 0.002184
v 0.002029 -0.001283 0.002184
v 0.002146 -0.001185 0.002200
v 0.002249 -0.001077 0.002196
v 0.002343 -0.000963 0.002190
v 0.002420 -0.000842 0.002160
v 0.002502 -0.000727 0.002168
v 0.002564 -0.000604 0.002127
v 0.002613 -0.000476 0.002043
v 0.002650 -0.000347 0.001916
v 0.002680 -0.000216 0.001770
v 0.002706 -0.000084 0.001646
v 0.002899 0.000051 0.001497
v 0.002893 0.000195 0.001514
v 0.002876 0.000340 0.001626
v 0.002850 0.000486 0.001791
v 0.002805 0.000629 0.001926
v 0.002741 0.000767 0.001998
v 0.002681 0.000910 0.002076
v 0.002603 0.001045 0.002104
v 0.002515 0.001177 0.002121
v 0.002407 0.001295 0.002104
v 0.002297 0.001414 0.002110
v 0.002183 0.001532 0.002133
v 0.002049 0.001629 0.002122
v 0.001909 0.001721 0.002121
v 0.001758 0.001798 0.002108
v 0.001609 0.001882 0.002135
v 0.001446 0.001943 0.002133
v 0.001276 0.001986 0.002119
v 0.001102 0.002028 0.002122
v 0.000924 0.002060 0.002127
v 0.000744 0.002089 0.002148
v 0.000556 0.002087 0.002123
v 0.000368 0.002088 0.002126
v 0.000178 0.002085 0.002135
v -0.000012 0.002074 0.002145
v -0.000203 0.002050 0.002143
v -0.000392 0.002010 0.002122
v -0.000581 0.001985 0.002146
v -0.000767 0.001944 0.002147
v -0.000950 0.001898 0.002150
v -0.001126 0.001839 0.002134
v -0.001300 0.001783 0.002139
v -0.001472 0.001730 0.002163
v -0.001631 0.001655 0.002148
v -0.001786 0.001581 0.002147
v -0.001931 0.001498 0.002138
v -0.002076 0.001421 0.002164
v -0.002206 0.001329 0.002161
v -0.002321 0.001226 0.002143
v -0.002434 0.001126 0.002149
v -0.002536 0.001020 0.002149
v -0.002632 0.000912 0.002157
v -0.002701 0.000790 0.002106
v -0.002769 0.000672 0.002061
v -0.002829 0.000551 0.001992
v -0.002873 0.000427 0.001876
v -0.002903 0.000302 0.001733
v -0.002913 0.000175 0.001590
v -0.002929 0.000051 0.001541
v -0.002923 -0.000074 0.001549
v -0.002903 -0.000197 0.001625
v -0.002867 -0.000316 0.001733
v -0.002825 -0.000435 0.001862
v -0.002778 -0.000554 0.001994
v -0.002704 -0.000664 0.002048
v -0.002625 -0.000774 0.002095
v -0.002533 -0.000880 0.002117
v -0.002439 -0.000989 0.002154
v -0.002327 -0.001089 0.002156
v -0.002200 -0.001180 0.002137
v -0.002073 -0.001278 0.002150
v -0.001934 -0.001371 0.002152
v -0.001790 -0.001464 0.002165
v -0.001629 -0.001538 0.002138
v -0.001468 -0.001619 0.002139
v -0.001302 -0.001701 0.002154
v -0.001128 -0.001771 0.002150
v -0.000949 -0.001834 0.002146
v -0.000765 -0.001883 0.002125
v -0.000581 -0.001946 0.002149
v -0.000393 -0.001988 0.002147
v -0.000203 -0.002018 0.002137
v -0.000012 -0.002038 0.002128
v 0.000178 -0.002053 0.002130
v 0.000369 -0.002068 0.002151
v 0.000556 -0.002047 0.002127
v 0.000742 -0.002027 0.002125
v 0.000924 -0.001995 0.002123
v 0.001105 -0.001961 0.002139
v 0.001278 -0.001905 0.002134
v 0.001442 -0.001830 0.002110
v 0.001607 -0.001764 0.002125
v 0.001762 -0.001681 0.002125
v 0.001912 -0.001594 0.002134
v 0.002045 -0.001486 0.002109
v 0.002176 -0.001382 0.002111
v 0.002303 -0.001277 0.002129
v 0.002412 -0.001158 0.002121
v 0.002512 -0.001036 0.002116
v 0.002596 -0.000906 0.002092
v 0.002684 -0.000783 0.002106
v 0.002750 -0.000650 0.002070
v 0.002801 -0.000513 0.001989
v 0.002843 -0.000375 0.001873
v 0.002876 -0.000235 0.001728
v 0.002903 -0.000094 0.001602
v 0.003087 0.000051 0.001459
v 0.003082 0.000204 0.001491
v 0.003065 0.000358 0.001617
v 0.003036 0.000513 0.001776
v 0.002987 0.000665 0.001896
v 0.002919 0.000812 0.001952
v 0.002857 0.000964 0.002018
v 0.002773 0.001109 0.002035
v 0.002678 0.001248 0.002042
v 0.002564 0.001376 0.002027
v 0.002448 0.001503 0.002033
v 0.002326 0.001630 0.002056
v 0.002182 0.001733 0.002041
v 0.002033 0.001831 0.002040
v 0.001874 0.001916 0.002032
v 0.001715 0.002006 0.002057
v 0.001541 0.002070 0.002054
v 0.001359 0.002116 0.002038
v 0.001175 0.002163 0.002046
v 0.000985 0.002196 0.002051
v 0.000793 0.002226 0.002068
v 0.000592 0.002221 0.002043
v 0.000392 0.002223 0.002048
v 0.000191 0.002221 0.002061
v -0.000012 0.002205 0.002065
v -0.000215 0.002177 0.002063
v -0.000416 0.002134 0.002044
v -0.000618 0.002109 0.002070
v -0.000816 0.002064 0.002070
v -0.001010 0.002012 0.002068
v -0.001198 0.001950 0.002057
v -0.001384 0.001891 0.002063
v -0.001568 0.001835 0.002086
v -0.001736 0.001754 0.002067
v -0.001901 0.001676 0.002068
v -0.002056 0.001590 0.002064
v -0.002210 0.001508 0.002086
v -0.002348 0.001410 0.002082
v -0.002470 0.001302 0.002063
v -0.002592 0.001197 0.002075
v -0.002701 0.001084 0.002076
v -0.002801 0.000969 0.002083
v -0.002875 0.000840 0.002038
v -0.002948 0.000714 0.002002
v -0.003013 0.000586 0.001944
v -0.003059 0.000453 0.001828
v -0.003090 0.000319 0.001687
v -0.003102 0.000184 0.001549
v -0.003120 0.000051 0.001508
v -0.003112 -0.000082 0.001527
v -0.003089 -0.000213 0.001611
v -0.003052 -0.000342 0.001726
v -0.003008 -0.000468 0.001850
v -0.002958 -0.000595 0.001968
v -0.002877 -0.000712 0.002003
v -0.002794 -0.000829 0.002039
v -0.002698 -0.000942 0.002056
v -0.002597 -0.001057 0.002082
v -0.002477 -0.001162 0.002080
v -0.002341 -0.001258 0.002059
v -0.002207 -0.001364 0.002075
v -0.002059 -0.001461 0.002076
v -0.001905 -0.001557 0.002084
v -0.001734 -0.001636 0.002059
v -0.001562 -0.001723 0.002062
v -0.001387 -0.001811 0.002079
v -0.001200 -0.001883 0.002070
v -0.001010 -0.001951 0.002066
v -0.000814 -0.002005 0.002048
v -0.000619 -0.002074 0.002073
v -0.000418 -0.002118 0.002068
v -0.000215 -0.002149 0.002056
v -0.000012 -0.002174 0.002051
v 0.000191 -0.002192 0.002054
v 0.000394 -0.002208 0.002072
v 0.000593 -0.002186 0.002046
v 0.000790 -0.002166 0.002046
v 0.000985 -0.002135 0.002048
v 0.001177 -0.002097 0.002059
v 0.001361 -0.002036 0.002053
v 0.001536 -0.001956 0.002030
v 0.001713 -0.001887 0.002049
v 0.001878 -0.001798 0.002048
v 0.002037 -0.001703 0.002052
v 0.002179 -0.001587 0.002030
v 0.002319 -0.001477 0.002034
v 0.002454 -0.001365 0.002053
v 0.002569 -0.001236 0.002040
v 0.002675 -0.001105 0.002036
v 0.002766 -0.000968 0.002019
v 0.002860 -0.000837 0.002035
v 0.002930 -0.000694 0.002003
v 0.002982 -0.000547 0.001927
v 0.003029 -0.000401 0.001823
v 0.003064 -0.000253 0.001683
v 0.003092 -0.000103 0.001557
v 0.003268 0.000051 0.001425
v 0.003263 0.000212 0.001470
v 0.003247 0.000375 0.001604
v 0.003214 0.000538 0.001749
v 0.003162 0.000699 0.001851
v 0.003091 0.000854 0.001892
v 0.003027 0.001016 0.001948
v 0.002937 0.001169 0.001956
v 0.002834 0.001315 0.001956
v 0.002715 0.001452 0.001945
v 0.002593 0.001589 0.001952
v 0.002464 0.001724 0.001974
v 0.002310 0.001831 0.001955
v 0.002153 0.001937 0.001956
v 0.001985 0.002030 0.001952
v 0.001816 0.002124 0.001974
v 0.001632 0.002192 0.001969
v 0.001438 0.002240 0.001953
v 0.001245 0.002293 0.001966
v 0.001044 0.002328 0.001969
v 0.000840 0.002356 0.001982
v 0.000628 0.002351 0.001959
v 0.000416 0.002353 0.001966
v 0.000203 0.002351 0.001981
v -0.000012 0.002330 0.001980
v -0.000227 0.002299 0.001978
v -0.000440 0.002254 0.001962
v -0.000654 0.002227 0.001989
v -0.000863 0.002177 0.001987
v -0.001068 0.002120 0.001982
v -0.001268 0.002056 0.001975
v -0.001465 0.001995 0.001982
v -0.001659 0.001936 0.002004
v -0.001836 0.001848 0.001982
v -0.002011 0.001768 0.001984
v -0.002177 0.001680 0.001985
v -0.002339 0.001593 0.002003
v -0.002484 0.001489 0.001998
v -0.002613 0.001375 0.001978
v -0.002745 0.001267 0.001996
v -0.002859 0.001147 0.001996
v -0.002964 0.001024 0.002001
v -0.003042 0.000888 0.001963
v -0.003120 0.000755 0.001936
v -0.003190 0.000620 0.001888
v -0.003236 0.000478 0.001774
v -0.003269 0.000336 0.001639
v -0.003283 0.000192 0.001509
v -0.003303 0.000051 0.001479
v -0.003294 -0.000091 0.001507
v -0.003268 -0.000230 0.001593
v -0.003231 -0.000366 0.001712
v -0.003185 -0.000501 0.001826
v -0.003131 -0.000636 0.001925
v -0.003044 -0.000758 0.001943
v -0.002956 -0.000882 0.001970
v -0.002856 -0.001003 0.001984
v -0.002748 -0.001123 0.002002
v -0.002620 -0.001233 0.001997
v -0.002477 -0.001334 0.001976
v -0.002337 -0.001446 0.001995
v -0.002180 -0.001548 0.001994
v -0.002015 -0.001647 0.001998
v -0.001834 -0.001731 0.001976
v -0.001654 -0.001823 0.001981
v -0.001468 -0.001917 0.001998
v -0.001270 -0.001990 0.001985
v -0.001068 -0.002062 0.001981
v -0.000861 -0.002122 0.001968
v -0.000654 -0.002195 0.001991
v -0.000441 -0.002243 0.001985
v -0.000227 -0.002275 0.001969
v -0.000012 -0.002306 0.001970
v 0.000203 -0.002326 0.001973
v 0.000418 -0.002343 0.001988
v 0.000628 -0.002319 0.001961
v 0.000837 -0.002300 0.001963
v 0.001044 -0.002270 0.001969
v 0.001247 -0.002227 0.001975
v 0.001442 -0.002163 0.001968
v 0.001627 -0.002078 0.001947
v 0.001815 -0.002006 0.001968
v 0.001989 -0.001910 0.001966
v 0.002156 -0.001806 0.001966
v 0.002307 -0.001685 0.001947
v 0.002456 -0.001567 0.001952
v 0.002600 -0.001448 0.001972
v 0.002719 -0.001309 0.001954
v 0.002832 -0.001170 0.001952
v 0.002929 -0.001026 0.001940
v 0.003029 -0.000887 0.001957
v 0.003102 -0.000736 0.001929
v 0.003156 -0.000580 0.001858
v 0.003209 -0.000426 0.001768
v 0.003245 -0.000269 0.001634
v 0.003274 -0.000111 0.001514
v 0.003441 0.000051 0.001394
v 0.003437 0.000220 0.001449
v 0.003421 0.000391 0.001584
v 0.003383 0.000562 0.001709
v 0.003329 0.000730 0.001793
v 0.003255 0.000894 0.001822
v 0.003189 0.001065 0.001869
v 0.003093 0.001225 0.001870
v 0.002983 0.001378 0.001866
v 0.002860 0.001524 0.001859
v 0.002731 0.001669 0.001866
v 0.002595 0.001812 0.001886
v 0.002432 0.001924 0.001865
v 0.002267 0.002038 0.001867
v 0.002092 0.002139 0.001868
v 0.001913 0.002238 0.001886
v 0.001719 0.002309 0.001880
v 0.001515 0.002359 0.001863
v 0.001312 0.002418 0.001880
v 0.001100 0.002454 0.001883
v 0.000885 0.002481 0.001892
v 0.000661 0.002476 0.001871
v 0.000439 0.002478 0.001879
v 0.000214 0.002476 0.001896
v -0.000012 0.002449 0.001890
v -0.000238 0.002416 0.001888
v -0.000463 0.002369 0.001876
v -0.000688 0.002340 0.001903
v -0.000908 0.002286 0.001899
v -0.001124 0.002222 0.001891
v -0.001335 0.002158 0.001889
v -0.001542 0.002094 0.001896
v -0.001746 0.002031 0.001916
v -0.001932 0.001939 0.001892
v -0.002116 0.001856 0.001896
v -0.002292 0.001766 0.001901
v -0.002462 0.001674 0.001915
v -0.002615 0.001565 0.001909
v -0.002750 0.001445 0.001890
v -0.002890 0.001334 0.001911
v -0.003010 0.001208 0.001911
v -0.003119 0.001078 0.001913
v -0.003202 0.000935 0.001881
v -0.003285 0.000795 0.001862
v -0.003360 0.000653 0.001824
v -0.003405 0.000502 0.001715
v -0.003441 0.000352 0.001590
v -0.003457 0.000201 0.001473
v -0.003478 0.000051 0.001453
v -0.003467 -0.000099 0.001486
v -0.003438 -0.000246 0.001571
v -0.003402 -0.000391 0.001687
v -0.003354 -0.000533 0.001786
v -0.003296 -0.000675 0.001866
v -0.003203 -0.000803 0.001871
v -0.003112 -0.000934 0.001891
v -0.003009 -0.001062 0.001905
v -0.002893 -0.001187 0.001915
v -0.002758 -0.001302 0.001908
v -0.002607 -0.001407 0.001888
v -0.002461 -0.001527 0.001911
v -0.002295 -0.001631 0.001908
v -0.002120 -0.001733 0.001907
v -0.001931 -0.001822 0.001889
v -0.001741 -0.001918 0.001895
v -0.001545 -0.002018 0.001912
v -0.001336 -0.002091 0.001894
v -0.001124 -0.002168 0.001892
v -0.000906 -0.002234 0.001883
v -0.000688 -0.002311 0.001904
v -0.000464 -0.002361 0.001896
v -0.000238 -0.002394 0.001879
v -0.000012 -0.002432 0.001885
v 0.000214 -0.002455 0.001887
v 0.000440 -0.002471 0.001899
v 0.000662 -0.002447 0.001872
v 0.000882 -0.002429 0.001876
v 0.001100 -0.002400 0.001884
v 0.001313 -0.002351 0.001886
v 0.001518 -0.002283 0.001879
v 0.001713 -0.002195 0.001860
v 0.001912 -0.002120 0.001883
v 0.002095 -0.002017 0.001879
v 0.002269 -0.001904 0.001874
v 0.002430 -0.001777 0.001860
v 0.002587 -0.001653 0.001866
v 0.002739 -0.001527 0.001885
v 0.002862 -0.001377 0.001864
v 0.002982 -0.001232 0.001863
v 0.003086 -0.001081 0.001857
v 0.003190 -0.000933 0.001872
v 0.003266 -0.000774 0.001847
v 0.003323 -0.000610 0.001783
v 0.003380 -0.000450 0.001708
v 0.003419 -0.000285 0.001583
v 0.003447 -0.000119 0.001471
v 0.003605 0.000051 0.001365
v 0.003602 0.000227 0.001426
v 0.003588 0.000406 0.001554
v 0.003545 0.000583 0.001656
v 0.003488 0.000759 0.001722
v 0.003412 0.000931 0.001742
v 0.003343 0.001111 0.001782
v 0.003242 0.001277 0.001779
v 0.003125 0.001437 0.001771
v 0.002998 0.001593 0.001769
v 0.002863 0.001745 0.001776
v 0.002720 0.001895 0.001794
v 0.002548 0.002012 0.001770
v 0.002376 0.002134 0.001775
v 0.002194 0.002243 0.001779
v 0.002005 0.002345 0.001793
v 0.001801 0.002420 0.001786
v 0.001587 0.002473 0.001771
v 0.001376 0.002538 0.001791
v 0.001154 0.002574 0.001792
v 0.000927 0.002600 0.001797
v 0.000694 0.002595 0.001779
v 0.000461 0.002598 0.001788
v 0.000225 0.002595 0.001805
v -0.000012 0.002562 0.001796
v -0.000249 0.002527 0.001795
v -0.000484 0.002478 0.001786
v -0.000721 0.002447 0.001812
v -0.000951 0.002388 0.001806
v -0.001176 0.002320 0.001796
v -0.001398 0.002256 0.001799
v -0.001616 0.002189 0.001806
v -0.001829 0.002122 0.001822
v -0.002023 0.002025 0.001798
v -0.002217 0.001940 0.001804
v -0.002403 0.001849 0.001812
v -0.002579 0.001751 0.001821
v -0.002738 0.001638 0.001815
v -0.002881 0.001514 0.001798
v -0.003030 0.001400 0.001822
v -0.003154 0.001267 0.001820
v -0.003266 0.001130 0.001819
v -0.003355 0.000981 0.001794
v -0.003443 0.000834 0.001782
v -0.003522 0.000685 0.001754
v -0.003566 0.000526 0.001651
v -0.003604 0.000368 0.001541
v -0.003623 0.000209 0.001438
v -0.003645 0.000051 0.001428
v -0.003632 -0.000107 0.001464
v -0.003600 -0.000261 0.001542
v -0.003566 -0.000415 0.001651
v -0.003514 -0.000564 0.001733
v -0.003453 -0.000713 0.001794
v -0.003355 -0.000847 0.001788
v -0.003261 -0.000985 0.001805
v -0.003154 -0.001120 0.001818
v -0.003030 -0.001248 0.001822
v -0.002888 -0.001368 0.001814
v -0.002731 -0.001478 0.001797
v -0.002579 -0.001604 0.001821
v -0.002404 -0.001711 0.001816
v -0.002220 -0.001815 0.001811
v -0.002023 -0.001909 0.001798
v -0.001824 -0.002010 0.001804
v -0.001619 -0.002113 0.001821
v -0.001398 -0.002187 0.001800
v -0.001177 -0.002269 0.001799
v -0.000949 -0.002341 0.001794
v -0.000721 -0.002421 0.001812
v -0.000486 -0.002473 0.001803
v -0.000249 -0.002508 0.001785
v -0.000012 -0.002553 0.001795
v 0.000225 -0.002577 0.001796
v 0.000462 -0.002593 0.001804
v 0.000694 -0.002568 0.001779
v 0.000925 -0.002552 0.001785
v 0.001154 -0.002524 0.001795
v 0.001376 -0.002470 0.001791
v 0.001591 -0.002398 0.001785
v 0.001796 -0.002306 0.001769
v 0.002005 -0.002228 0.001793
v 0.002196 -0.002118 0.001786
v 0.002377 -0.001996 0.001779
v 0.002547 -0.001865 0.001770
v 0.002712 -0.001734 0.001776
v 0.002871 -0.001600 0.001793
v 0.002999 -0.001441 0.001769
v 0.003125 -0.001290 0.001771
v 0.003236 -0.001132 0.001769
v 0.003343 -0.000977 0.001782
v 0.003422 -0.000810 0.001759
v 0.003481 -0.000638 0.001703
v 0.003544 -0.000472 0.001643
v 0.003584 -0.000300 0.001531
v 0.003611 -0.000126 0.001430
v 0.003761 0.000051 0.001338
v 0.003759 0.000234 0.001400
v 0.003745 0.000420 0.001515
v 0.003697 0.000603 0.001590
v 0.003639 0.000786 0.001641
v 0.003561 0.000965 0.001655
v 0.003489 0.001153 0.001689
v 0.003382 0.001326 0.001683
v 0.003259 0.001492 0.001672
v 0.003130 0.001657 0.001675
v 0.002988 0.001816 0.001682
v 0.002838 0.001972 0.001696
v 0.002657 0.002094 0.001673
v 0.002479 0.002224 0.001680
v 0.002290 0.002341 0.001687
v 0.002092 0.002446 0.001695
v 0.001879 0.002524 0.001689
v 0.001656 0.002581 0.001675
v 0.001437 0.002652 0.001697
v 0.001204 0.002688 0.001696
v 0.000967 0.002712 0.001698
v 0.000724 0.002708 0.001684
v 0.000481 0.002712 0.001694
v 0.000236 0.002708 0.001710
v -0.000012 0.002669 0.001697
v -0.000259 0.002632 0.001698
v -0.000505 0.002583 0.001693
v -0.000752 0.002548 0.001716
v -0.000992 0.002484 0.001709
v -0.001226 0.002412 0.001697
v -0.001459 0.002349 0.001706
v -0.001685 0.002278 0.001711
v -0.001907 0.002208 0.001724
v -0.002109 0.002107 0.001700
v -0.002313 0.002021 0.001709
v -0.002508 0.001929 0.001719
v -0.002689 0.001825 0.001723
v -0.002856 0.001708 0.001716
v -0.003005 0.001580 0.001702
v -0.003161 0.001463 0.001727
v -0.003290 0.001324 0.001723
v -0.003405 0.001179 0.001720
v -0.003500 0.001025 0.001702
v -0.003592 0.000873 0.001696
v -0.003674 0.000716 0.001675
v -0.003718 0.000549 0.001583
v -0.003759 0.000383 0.001490
v -0.003781 0.000217 0.001405
v -0.003802 0.000051 0.001403
v -0.003788 -0.000115 0.001437
v -0.003754 -0.000276 0.001504
v -0.003721 -0.000438 0.001603
v -0.003667 -0.000595 0.001666
v -0.003601 -0.000749 0.001709
v -0.003499 -0.000890 0.001698
v -0.003402 -0.001034 0.001712
v -0.003291 -0.001176 0.001725
v -0.003159 -0.001307 0.001723
v -0.003012 -0.001432 0.001716
v -0.002849 -0.001547 0.001701
v -0.002691 -0.001678 0.001726
v -0.002508 -0.001787 0.001719
v -0.002314 -0.001892 0.001712
v -0.002110 -0.001992 0.001703
v -0.001903 -0.002097 0.001710
v -0.001689 -0.002203 0.001724
v -0.001458 -0.002278 0.001701
v -0.001227 -0.002364 0.001702
v -0.000990 -0.002442 0.001701
v -0.000751 -0.002525 0.001715
v -0.000506 -0.002579 0.001705
v -0.000259 -0.002616 0.001688
v -0.000012 -0.002667 0.001702
v 0.000235 -0.002693 0.001701
v 0.000482 -0.002708 0.001705
v 0.000724 -0.002685 0.001683
v 0.000966 -0.002670 0.001690
v 0.001205 -0.002642 0.001701
v 0.001436 -0.002581 0.001693
v 0.001660 -0.002507 0.001687
v 0.001875 -0.002412 0.001675
v 0.002093 -0.002331 0.001698
v 0.002292 -0.002213 0.001690
v 0.002480 -0.002083 0.001680
v 0.002659 -0.001947 0.001676
v 0.002831 -0.001810 0.001682
v 0.002996 -0.001669 0.001696
v 0.003127 -0.001501 0.001671
v 0.003260 -0.001343 0.001675
v 0.003379 -0.001181 0.001676
v 0.003488 -0.001017 0.001686
v 0.003570 -0.000843 0.001666
v 0.003631 -0.000665 0.001618
v 0.003700 -0.000492 0.001574
v 0.003740 -0.000313 0.001476
v 0.003766 -0.000132 0.001389
v 0.003909 0.000051 0.001310
v 0.003908 0.000240 0.001368
v 0.003893 0.000433 0.001464
v 0.003840 0.000621 0.001514
v 0.003781 0.000811 0.001553
v 0.003702 0.000998 0.001562
v 0.003627 0.001192 0.001590
v 0.003514 0.001371 0.001582
v 0.003385 0.001542 0.001570
v 0.003254 0.001717 0.001578
v 0.003106 0.001883 0.001583
v 0.002949 0.002044 0.001595
v 0.002761 0.002171 0.001572
v 0.002577 0.002309 0.001581
v 0.002382 0.002433 0.001589
v 0.002173 0.002540 0.001593
v 0.001952 0.002622 0.001587
v 0.001722 0.002684 0.001576
v 0.001494 0.002760 0.001599
v 0.001252 0.002796 0.001596
v 0.001005 0.002817 0.001594
v 0.000753 0.002816 0.001585
v 0.000501 0.002819 0.001595
v 0.000245 0.002814 0.001610
v -0.000012 0.002769 0.001594
v -0.000269 0.002731 0.001597
v -0.000525 0.002681 0.001595
v -0.000780 0.002643 0.001615
v -0.001030 0.002574 0.001607
v -0.001273 0.002498 0.001595
v -0.001516 0.002436 0.001608
v -0.001751 0.002363 0.001612
v -0.001981 0.002288 0.001621
v -0.002191 0.002184 0.001599
v -0.002403 0.002098 0.001609
v -0.002606 0.002005 0.001621
v -0.002793 0.001895 0.001619
v -0.002966 0.001775 0.001614
v -0.003122 0.001644 0.001603
v -0.003286 0.001524 0.001629
v -0.003418 0.001379 0.001622
v -0.003536 0.001227 0.001616
v -0.003637 0.001068 0.001606
v -0.003733 0.000909 0.001603
v -0.003818 0.000746 0.001590
v -0.003861 0.000570 0.001509
v -0.003905 0.000398 0.001436
v -0.003930 0.000224 0.001373
v -0.003950 0.000051 0.001376
v -0.003935 -0.000122 0.001404
v -0.003899 -0.000291 0.001457
v -0.003868 -0.000460 0.001541
v -0.003810 -0.000624 0.001586
v -0.003739 -0.000784 0.001615
v -0.003634 -0.000931 0.001601
v -0.003535 -0.001082 0.001614
v -0.003421 -0.001230 0.001627
v -0.003281 -0.001364 0.001620
v -0.003129 -0.001493 0.001614
v -0.002960 -0.001613 0.001603
v -0.002797 -0.001748 0.001627
v -0.002605 -0.001860 0.001618
v -0.002403 -0.001966 0.001608
v -0.002193 -0.002071 0.001605
v -0.001977 -0.002179 0.001611
v -0.001754 -0.002288 0.001623
v -0.001514 -0.002363 0.001599
v -0.001274 -0.002455 0.001602
v -0.001029 -0.002538 0.001603
v -0.000780 -0.002621 0.001613
v -0.000525 -0.002678 0.001603
v -0.000269 -0.002718 0.001588
v -0.000012 -0.002776 0.001604
v 0.000245 -0.002802 0.001601
v 0.000501 -0.002816 0.001602
v 0.000753 -0.002794 0.001583
v 0.001004 -0.002781 0.001591
v 0.001253 -0.002753 0.001602
v 0.001491 -0.002686 0.001590
v 0.001725 -0.002610 0.001587
v 0.001949 -0.002513 0.001577
v 0.002175 -0.002426 0.001598
v 0.002381 -0.002301 0.001589
v 0.002576 -0.002163 0.001578
v 0.002764 -0.002025 0.001579
v 0.002943 -0.001881 0.001584
v 0.003113 -0.001732 0.001595
v 0.003249 -0.001556 0.001570
v 0.003388 -0.001393 0.001575
v 0.003513 -0.001225 0.001580
v 0.003624 -0.001054 0.001585
v 0.003709 -0.000873 0.001568
v 0.003773 -0.000689 0.001528
v 0.003847 -0.000511 0.001500
v 0.003887 -0.000325 0.001419
v 0.003912 -0.000138 0.001348
v 0.004047 0.000051 0.001279
v 0.004047 0.000246 0.001328
v 0.004031 0.000445 0.001402
v 0.003973 0.000638 0.001428
v 0.003914 0.000834 0.001457
v 0.003835 0.001027 0.001465
v 0.003755 0.001227 0.001487
v 0.003637 0.001411 0.001477
v 0.003503 0.001588 0.001466
v 0.003370 0.001772 0.001478
v 0.003217 0.001944 0.001481
v 0.003052 0.002110 0.001489
v 0.002858 0.002243 0.001468
v 0.002668 0.002388 0.001478
v 0.002467 0.002519 0.001488
v 0.002249 0.002627 0.001487
v 0.002021 0.002714 0.001483
v 0.001783 0.002780 0.001474
v 0.001547 0.002861 0.001497
v 0.001296 0.002896 0.001491
v 0.001040 0.002916 0.001488
v 0.000780 0.002918 0.001483
v 0.000519 0.002920 0.001493
v 0.000254 0.002913 0.001506
v -0.000012 0.002862 0.001488
v -0.000278 0.002824 0.001493
v -0.000543 0.002774 0.001494
v -0.000807 0.002731 0.001510
v -0.001065 0.002658 0.001502
v -0.001317 0.002579 0.001490
v -0.001570 0.002519 0.001506
v -0.001812 0.002442 0.001508
v -0.002049 0.002363 0.001514
v -0.002267 0.002258 0.001494
v -0.002487 0.002171 0.001506
v -0.002699 0.002076 0.001518
v -0.002890 0.001961 0.001512
v -0.003069 0.001838 0.001509
v -0.003232 0.001705 0.001500
v -0.003402 0.001581 0.001525
v -0.003537 0.001430 0.001517
v -0.003658 0.001272 0.001509
v -0.003766 0.001110 0.001505
v -0.003865 0.000944 0.001505
v -0.003952 0.000774 0.001498
v -0.003995 0.000591 0.001430
v -0.004042 0.000413 0.001380
v -0.004070 0.000232 0.001338
v -0.004088 0.000051 0.001344
v -0.004072 -0.000129 0.001363
v -0.004035 -0.000305 0.001399
v -0.004006 -0.000482 0.001468
v -0.003944 -0.000651 0.001496
v -0.003869 -0.000817 0.001513
v -0.003761 -0.000970 0.001499
v -0.003659 -0.001127 0.001512
v -0.003542 -0.001281 0.001525
v -0.003394 -0.001417 0.001512
v -0.003238 -0.001551 0.001509
v -0.003065 -0.001676 0.001501
v -0.002895 -0.001815 0.001523
v -0.002696 -0.001927 0.001512
v -0.002485 -0.002035 0.001502
v -0.002270 -0.002146 0.001503
v -0.002047 -0.002256 0.001508
v -0.001816 -0.002366 0.001517
v -0.001566 -0.002442 0.001493
v -0.001319 -0.002539 0.001499
v -0.001065 -0.002628 0.001502
v -0.000807 -0.002711 0.001507
v -0.000543 -0.002770 0.001497
v -0.000278 -0.002814 0.001484
v -0.000012 -0.002878 0.001502
v 0.000254 -0.002904 0.001497
v 0.000519 -0.002917 0.001496
v 0.000780 -0.002898 0.001481
v 0.001040 -0.002886 0.001489
v 0.001298 -0.002857 0.001499
v 0.001544 -0.002783 0.001484
v 0.001786 -0.002706 0.001482
v 0.002019 -0.002607 0.001477
v 0.002253 -0.002516 0.001495
v 0.002465 -0.002383 0.001484
v 0.002666 -0.002238 0.001472
v 0.002863 -0.002098 0.001478
v 0.003047 -0.001946 0.001481
v 0.003222 -0.001790 0.001490
v 0.003362 -0.001607 0.001465
v 0.003508 -0.001439 0.001473
v 0.003639 -0.001266 0.001480
v 0.003751 -0.001087 0.001481
v 0.003839 -0.000900 0.001466
v 0.003906 -0.000711 0.001435
v 0.003985 -0.000529 0.001421
v 0.004024 -0.000337 0.001358
v 0.004048 -0.000144 0.001305
v 0.004176 0.000051 0.001244
v 0.004176 0.000251 0.001280
v 0.004160 0.000455 0.001330
v 0.004097 0.000653 0.001335
v 0.004038 0.000855 0.001356
v 0.003959 0.001055 0.001363
v 0.003874 0.001259 0.001380
v 0.003751 0.001448 0.001369
v 0.003613 0.001631 0.001359
v 0.003479 0.001823 0.001374
v 0.003319 0.001999 0.001375
v 0.003147 0.002169 0.001380
v 0.002948 0.002308 0.001361
v 0.002754 0.002461 0.001373
v 0.002546 0.002599 0.001383
v 0.002320 0.002707 0.001378
v 0.002085 0.002799 0.001375
v 0.001840 0.002871 0.001369
v 0.001597 0.002955 0.001390
v 0.001337 0.002989 0.001383
v 0.001073 0.003007 0.001379
v 0.000805 0.003013 0.001378
v 0.000536 0.003015 0.001387
v 0.000263 0.003004 0.001398
v -0.000012 0.002948 0.001379
v -0.000287 0.002910 0.001386
v -0.000560 0.002860 0.001390
v -0.000832 0.002811 0.001401
v -0.001098 0.002736 0.001393
v -0.001358 0.002654 0.001383
v -0.001620 0.002596 0.001401
v -0.001869 0.002515 0.001400
v -0.002113 0.002432 0.001403
v -0.002338 0.002326 0.001387
v -0.002566 0.002239 0.001399
v -0.002785 0.002143 0.001411
v -0.002979 0.002022 0.001402
v -0.003165 0.001898 0.001400
v -0.003335 0.001762 0.001394
v -0.003510 0.001635 0.001417
v -0.003648 0.001478 0.001408
v -0.003771 0.001315 0.001399
v -0.003886 0.001149 0.001400
v -0.003988 0.000978 0.001402
v -0.004076 0.000801 0.001399
v -0.004118 0.000611 0.001345
v -0.004170 0.000426 0.001318
v -0.004201 0.000239 0.001298
v -0.004216 0.000051 0.001306
v -0.004198 -0.000136 0.001313
v -0.004161 -0.000318 0.001330
v -0.004134 -0.000502 0.001384
v -0.004068 -0.000677 0.001397
v -0.003989 -0.000848 0.001406
v -0.003880 -0.001007 0.001393
v -0.003776 -0.001170 0.001405
v -0.003655 -0.001329 0.001417
v -0.003499 -0.001466 0.001402
v -0.003339 -0.001605 0.001401
v -0.003162 -0.001735 0.001395
v -0.002987 -0.001877 0.001415
v -0.002780 -0.001991 0.001403
v -0.002562 -0.002099 0.001392
v -0.002343 -0.002217 0.001397
v -0.002111 -0.002328 0.001401
v -0.001872 -0.002439 0.001407
v -0.001614 -0.002516 0.001384
v -0.001360 -0.002618 0.001392
v -0.001099 -0.002712 0.001397
v -0.000832 -0.002793 0.001398
v -0.000560 -0.002856 0.001389
v -0.000286 -0.002904 0.001378
v -0.000012 -0.002973 0.001396
v 0.000262 -0.002998 0.001389
v 0.000536 -0.003010 0.001386
v 0.000805 -0.002995 0.001375
v 0.001074 -0.002983 0.001383
v 0.001340 -0.002953 0.001392
v 0.001592 -0.002874 0.001375
v 0.001843 -0.002795 0.001375
v 0.002084 -0.002695 0.001372
v 0.002324 -0.002598 0.001387
v 0.002543 -0.002458 0.001376
v 0.002749 -0.002307 0.001365
v 0.002955 -0.002165 0.001374
v 0.003145 -0.002006 0.001375
v 0.003323 -0.001842 0.001381
v 0.003468 -0.001653 0.001358
v 0.003620 -0.001482 0.001368
v 0.003756 -0.001304 0.001376
v 0.003868 -0.001117 0.001372
v 0.003959 -0.000925 0.001361
v 0.004031 -0.000731 0.001338
v 0.004113 -0.000544 0.001337
v 0.004151 -0.000347 0.001292
v 0.004173 -0.000148 0.001257
v 0.004296 0.000051 0.001201
v 0.004295 0.000256 0.001222
v 0.004277 0.000464 0.001247
v 0.004210 0.000666 0.001235
v 0.004153 0.000874 0.001251
v 0.004073 0.001080 0.001257
v 0.003983 0.001288 0.001269
v 0.003856 0.001482 0.001259
v 0.003715 0.001669 0.001249
v 0.003579 0.001870 0.001266
v 0.003413 0.002050 0.001265
v 0.003235 0.002223 0.001267
v 0.003031 0.002369 0.001252
v 0.002832 0.002528 0.001264
v 0.002619 0.002672 0.001274
v 0.002384 0.002779 0.001266
v 0.002144 0.002878 0.001265
v 0.001893 0.002954 0.001261
v 0.001643 0.003041 0.001280
v 0.001375 0.003074 0.001272
v 0.001103 0.003091 0.001267
v 0.000829 0.003102 0.001270
v 0.000551 0.003101 0.001277
v 0.000271 0.003088 0.001286
v -0.000012 0.003028 0.001268
v -0.000294 0.002991 0.001276
v -0.000576 0.002940 0.001281
v -0.000855 0.002885 0.001288
v -0.001129 0.002807 0.001281
v -0.001396 0.002724 0.001272
v -0.001666 0.002667 0.001292
v -0.001922 0.002582 0.001289
v -0.002171 0.002495 0.001290
v -0.002404 0.002390 0.001277
v -0.002639 0.002303 0.001289
v -0.002864 0.002205 0.001300
v -0.003061 0.002078 0.001288
v -0.003254 0.001954 0.001288
v -0.003430 0.001817 0.001285
v -0.003609 0.001686 0.001306
v -0.003749 0.001523 0.001295
v -0.003875 0.001355 0.001286
v -0.003997 0.001186 0.001292
v -0.004101 0.001009 0.001294
v -0.004190 0.000825 0.001294
v -0.004233 0.000629 0.001254
v -0.004288 0.000439 0.001250
v -0.004322 0.000245 0.001252
v -0.004333 0.000051 0.001257
v -0.004315 -0.000142 0.001252
v -0.004278 -0.000330 0.001252
v -0.004253 -0.000521 0.001290
v -0.004183 -0.000702 0.001291
v -0.004098 -0.000877 0.001293
v -0.003990 -0.001042 0.001284
v -0.003883 -0.001211 0.001295
v -0.003758 -0.001374 0.001306
v -0.003595 -0.001513 0.001288
v -0.003433 -0.001657 0.001289
v -0.003253 -0.001791 0.001287
v -0.003071 -0.001935 0.001303
v -0.002857 -0.002049 0.001290
v -0.002633 -0.002159 0.001280
v -0.002410 -0.002282 0.001289
v -0.002171 -0.002394 0.001290
v -0.001924 -0.002505 0.001294
v -0.001659 -0.002584 0.001273
v -0.001399 -0.002691 0.001282
v -0.001130 -0.002789 0.001288
v -0.000855 -0.002868 0.001284
v -0.000575 -0.002934 0.001277
v -0.000294 -0.002987 0.001269
v -0.000012 -0.003060 0.001286
v 0.000270 -0.003084 0.001278
v 0.000551 -0.003095 0.001273
v 0.000828 -0.003085 0.001266
v 0.001105 -0.003074 0.001273
v 0.001378 -0.003042 0.001281
v 0.001637 -0.002957 0.001263
v 0.001895 -0.002878 0.001266
v 0.002144 -0.002777 0.001265
v 0.002390 -0.002672 0.001276
v 0.002614 -0.002527 0.001265
v 0.002826 -0.002371 0.001255
v 0.003041 -0.002227 0.001266
v 0.003234 -0.002060 0.001266
v 0.003416 -0.001890 0.001268
v 0.003566 -0.001696 0.001249
v 0.003724 -0.001520 0.001259
v 0.003864 -0.001338 0.001268
v 0.003975 -0.001144 0.001260
v 0.004071 -0.000948 0.001252
v 0.004146 -0.000750 0.001237
v 0.004231 -0.000559 0.001247
v 0.004267 -0.000356 0.001220
v 0.004289 -0.000153 0.001203
v 0.004406 0.000051 0.001142
v 0.004404 0.000260 0.001149
v 0.004384 0.000473 0.001155
v 0.004314 0.000678 0.001130
v 0.004257 0.000891 0.001142
v 0.004177 0.001102 0.001148
v 0.004081 0.001313 0.001154
v 0.003952 0.001511 0.001145
v 0.003808 0.001704 0.001137
v 0.003671 0.001912 0.001156
v 0.003499 0.002095 0.001152
v 0.003315 0.002271 0.001152
v 0.003108 0.002424 0.001141
v 0.002904 0.002589 0.001153
v 0.002686 0.002737 0.001161
v 0.002443 0.002845 0.001151
v 0.002198 0.002949 0.001152
v 0.001941 0.003031 0.001150
v 0.001684 0.003119 0.001167
v 0.001409 0.003151 0.001158
v 0.001131 0.003168 0.001153
v 0.000850 0.003184 0.001159
v 0.000565 0.003181 0.001164
v 0.000278 0.003164 0.001170
v -0.000012 0.003101 0.001154
v -0.000301 0.003064 0.001163
v -0.000590 0.003013 0.001169
v -0.000876 0.002951 0.001172
v -0.001156 0.002871 0.001166
v -0.001430 0.002788 0.001160
v -0.001708 0.002732 0.001179
v -0.001969 0.002642 0.001174
v -0.002224 0.002553 0.001173
v -0.002464 0.002450 0.001165
v -0.002706 0.002361 0.001176
v -0.002935 0.002262 0.001186
v -0.003135 0.002130 0.001171
v -0.003335 0.002006 0.001174
v -0.003517 0.001867 0.001173
v -0.003700 0.001732 0.001190
v -0.003842 0.001565 0.001179
v -0.003970 0.001391 0.001171
v -0.004099 0.001221 0.001181
v -0.004204 0.001037 0.001181
v -0.004293 0.000848 0.001183
v -0.004337 0.000646 0.001157
v -0.004396 0.000451 0.001174
v -0.004432 0.000251 0.001188
v -0.004439 0.000051 0.001185
v -0.004422 -0.000148 0.001178
v -0.004386 -0.000342 0.001164
v -0.004361 -0.000539 0.001188
v -0.004286 -0.000724 0.001180
v -0.004198 -0.000904 0.001177
v -0.004090 -0.001075 0.001172
v -0.003981 -0.001248 0.001182
v -0.003852 -0.001415 0.001190
v -0.003683 -0.001555 0.001171
v -0.003518 -0.001704 0.001175
v -0.003335 -0.001843 0.001175
v -0.003147 -0.001987 0.001187
v -0.002928 -0.002103 0.001174
v -0.002698 -0.002214 0.001165
v -0.002471 -0.002343 0.001177
v -0.002225 -0.002455 0.001176
v -0.001971 -0.002565 0.001177
v -0.001700 -0.002647 0.001160
v -0.001434 -0.002758 0.001169
v -0.001159 -0.002859 0.001175
v -0.000875 -0.002936 0.001168
v -0.000589 -0.003006 0.001163
v -0.000301 -0.003063 0.001157
v -0.000012 -0.003140 0.001173
v 0.000277 -0.003163 0.001164
v 0.000565 -0.003173 0.001158
v 0.000850 -0.003169 0.001155
v 0.001133 -0.003156 0.001161
v 0.001412 -0.003122 0.001167
v 0.001677 -0.003032 0.001149
v 0.001943 -0.002954 0.001153
v 0.002199 -0.002851 0.001154
v 0.002450 -0.002739 0.001162
v 0.002679 -0.002589 0.001151
v 0.002897 -0.002429 0.001142
v 0.003119 -0.002283 0.001156
v 0.003315 -0.002109 0.001153
v 0.003500 -0.001932 0.001153
v 0.003655 -0.001734 0.001138
v 0.003818 -0.001555 0.001148
v 0.003963 -0.001369 0.001156
v 0.004073 -0.001167 0.001146
v 0.004172 -0.000968 0.001141
v 0.004251 -0.000767 0.001132
v 0.004338 -0.000571 0.001151
v 0.004373 -0.000364 0.001141
v 0.004394 -0.000157 0.001140
v 0.004506 0.000051 0.001030
v 0.004502 0.000264 0.001034
v 0.004479 0.000480 0.001039
v 0.004407 0.000689 0.001020
v 0.004352 0.000907 0.001030
v 0.004272 0.001122 0.001035
v 0.004170 0.001335 0.001037
v 0.004038 0.001538 0.001030
v 0.003892 0.001736 0.001024
v 0.003754 0.001950 0.001042
v 0.003575 0.002134 0.001036
v 0.003386 0.002314 0.001035
v 0.003177 0.002474 0.001028
v 0.002969 0.002644 0.001038
v 0.002745 0.002796 0.001045
v 0.002496 0.002903 0.001034
v 0.002246 0.003014 0.001037
v 0.001985 0.003101 0.001037
v 0.001722 0.003189 0.001050
v 0.001440 0.003221 0.001041
v 0.001155 0.003238 0.001036
v 0.000870 0.003259 0.001045
v 0.000578 0.003252 0.001048
v 0.000284 0.003231 0.001052
v -0.000012 0.003166 0.001038
v -0.000308 0.003131 0.001048
v -0.000603 0.003079 0.001054
v -0.000895 0.003010 0.001053
v -0.001181 0.002930 0.001049
v -0.001462 0.002846 0.001044
v -0.001746 0.002791 0.001063
v -0.002012 0.002697 0.001056
v -0.002271 0.002604 0.001054
v -0.002519 0.002504 0.001050
v -0.002766 0.002415 0.001060
v -0.003000 0.002313 0.001067
v -0.003202 0.002177 0.001052
v -0.003408 0.002053 0.001057
v -0.003596 0.001914 0.001058
v -0.003780 0.001774 0.001071
v -0.003925 0.001602 0.001060
v -0.004056 0.001425 0.001053
v -0.004192 0.001253 0.001066
v -0.004296 0.001063 0.001065
v -0.004385 0.000868 0.001068
v -0.004431 0.000662 0.001052
v -0.004494 0.000462 0.001064
v -0.004531 0.000257 0.001071
v -0.004534 0.000051 0.001065
v -0.004518 -0.000153 0.001060
v -0.004483 -0.000353 0.001055
v -0.004459 -0.000555 0.001075
v -0.004379 -0.000744 0.001063
v -0.004288 -0.000928 0.001059
v -0.004182 -0.001105 0.001057
v -0.004069 -0.001283 0.001065
v -0.003937 -0.001452 0.001071
v -0.003762 -0.001594 0.001052
v -0.003596 -0.001748 0.001058
v -0.003410 -0.001891 0.001060
v -0.003216 -0.002034 0.001067
v -0.002991 -0.002151 0.001056
v -0.002757 -0.002265 0.001048
v -0.002527 -0.002399 0.001061
v -0.002274 -0.002509 0.001058
v -0.002013 -0.002618 0.001058
v -0.001737 -0.002704 0.001044
v -0.001465 -0.002818 0.001054
v -0.001184 -0.002922 0.001059
v -0.000894 -0.002996 0.001050
v -0.000602 -0.003071 0.001047
v -0.000307 -0.003133 0.001043
v -0.000012 -0.003211 0.001057
v 0.000283 -0.003233 0.001046
v 0.000577 -0.003244 0.001041
v 0.000869 -0.003245 0.001041
v 0.001158 -0.003231 0.001046
v 0.001444 -0.003193 0.001049
v 0.001714 -0.003100 0.001033
v 0.001986 -0.003023 0.001039
v 0.002249 -0.002919 0.001041
v 0.002503 -0.002799 0.001044
v 0.002738 -0.002645 0.001035
v 0.002961 -0.002481 0.001028
v 0.003189 -0.002333 0.001042
v 0.003388 -0.002152 0.001037
v 0.003575 -0.001969 0.001036
v 0.003736 -0.001769 0.001024
v 0.003904 -0.001587 0.001035
v 0.004051 -0.001396 0.001041
v 0.004160 -0.001188 0.001029
v 0.004264 -0.000987 0.001028
v 0.004347 -0.000782 0.001024
v 0.004435 -0.000583 0.001043
v 0.004469 -0.000371 0.001031
v 0.004489 -0.000160 0.001024
v 0.004596 0.000051 0.000915
v 0.004589 0.000267 0.000917
v 0.004564 0.000486 0.000920
v 0.004490 0.000698 0.000904
v 0.004437 0.000920 0.000915
v 0.004356 0.001140 0.000919
v 0.004247 0.001354 0.000918
v 0.004115 0.001561 0.000912
v 0.003968 0.001764 0.000908
v 0.003828 0.001983 0.000925
v 0.003643 0.002169 0.000918
v 0.003449 0.002351 0.000916
v 0.003239 0.002519 0.000913
v 0.003027 0.002692 0.000921
v 0.002798 0.002847 0.000927
v 0.002542 0.002955 0.000915
v 0.002290 0.003072 0.000920
v 0.002024 0.003164 0.000921
v 0.001755 0.003250 0.000930
v 0.001468 0.003282 0.000922
v 0.001178 0.003300 0.000919
v 0.000887 0.003326 0.000928
v 0.000589 0.003315 0.000929
v 0.000289 0.003290 0.000932
v -0.000012 0.003226 0.000920
v -0.000314 0.003191 0.000930
v -0.000614 0.003137 0.000936
v -0.000911 0.003061 0.000932
v -0.001203 0.002982 0.000930
v -0.001490 0.002899 0.000927
v -0.001780 0.002843 0.000943
v -0.002050 0.002744 0.000936
v -0.002313 0.002650 0.000933
v -0.002568 0.002554 0.000933
v -0.002819 0.002462 0.000941
v -0.003057 0.002359 0.000946
v -0.003262 0.002218 0.000932
v -0.003474 0.002096 0.000938
v -0.003667 0.001956 0.000941
v -0.003851 0.001811 0.000949
v -0.003998 0.001636 0.000939
v -0.004133 0.001456 0.000934
v -0.004275 0.001281 0.000947
v -0.004378 0.001086 0.000945
v -0.004466 0.000886 0.000946
v -0.004516 0.000676 0.000933
v -0.004581 0.000472 0.000945
v -0.004619 0.000262 0.000951
v -0.004617 0.000051 0.000942
v -0.004604 -0.000158 0.000940
v -0.004570 -0.000362 0.000937
v -0.004545 -0.000570 0.000954
v -0.004461 -0.000762 0.000943
v -0.004367 -0.000949 0.000938
v -0.004264 -0.001133 0.000939
v -0.004148 -0.001313 0.000945
v -0.004011 -0.001485 0.000949
v -0.003832 -0.001628 0.000932
v -0.003665 -0.001788 0.000939
v -0.003477 -0.001934 0.000942
v -0.003276 -0.002076 0.000945
v -0.003047 -0.002194 0.000936
v -0.002809 -0.002310 0.000930
v -0.002576 -0.002449 0.000943
v -0.002317 -0.002556 0.000938
v -0.002050 -0.002665 0.000937
v -0.001771 -0.002755 0.000926
v -0.001494 -0.002872 0.000935
v -0.001207 -0.002977 0.000939
v -0.000910 -0.003049 0.000929
v -0.000613 -0.003129 0.000928
v -0.000313 -0.003195 0.000926
v -0.000012 -0.003274 0.000937
v 0.000289 -0.003295 0.000927
v 0.000588 -0.003306 0.000922
v 0.000886 -0.003313 0.000925
v 0.001181 -0.003296 0.000927
v 0.001471 -0.003256 0.000930
v 0.001746 -0.003161 0.000915
v 0.002025 -0.003085 0.000922
v 0.002293 -0.002979 0.000924
v 0.002550 -0.002851 0.000925
v 0.002790 -0.002694 0.000917
v 0.003018 -0.002527 0.000912
v 0.003252 -0.002378 0.000925
v 0.003453 -0.002190 0.000919
v 0.003642 -0.002001 0.000917
v 0.003809 -0.001800 0.000909
v 0.003980 -0.001614 0.000918
v 0.004130 -0.001419 0.000924
v 0.004237 -0.001206 0.000910
v 0.004346 -0.001003 0.000912
v 0.004432 -0.000796 0.000911
v 0.004520 -0.000592 0.000924
v 0.004553 -0.000377 0.000913
v 0.004573 -0.000163 0.000907
v 0.004675 0.000051 0.000798
v 0.004664 0.000270 0.000798
v 0.004636 0.000491 0.000799
v 0.004563 0.000706 0.000786
v 0.004512 0.000932 0.000797
v 0.004429 0.001155 0.000801
v 0.004314 0.001370 0.000797
v 0.004182 0.001581 0.000793
v 0.004034 0.001788 0.000791
v 0.003892 0.002012 0.000806
v 0.003702 0.002198 0.000798
v 0.003504 0.002383 0.000796
v 0.003294 0.002558 0.000795
v 0.003078 0.002734 0.000802
v 0.002844 0.002891 0.000806
v 0.002583 0.002999 0.000795
v 0.002328 0.003123 0.000801
v 0.002058 0.003218 0.000802
v 0.001783 0.003303 0.000809
v 0.001491 0.003335 0.000802
v 0.001197 0.003355 0.000799
v 0.000902 0.003384 0.000809
v 0.000599 0.003369 0.000808
v 0.000294 0.003341 0.000809
v -0.000012 0.003278 0.000801
v -0.000319 0.003243 0.000810
v -0.000624 0.003188 0.000815
v -0.000925 0.003105 0.000810
v -0.001223 0.003027 0.000809
v -0.001515 0.002945 0.000808
v -0.001809 0.002888 0.000821
v -0.002082 0.002786 0.000813
v -0.002350 0.002690 0.000811
v -0.002611 0.002598 0.000813
v -0.002865 0.002504 0.000819
v -0.003106 0.002398 0.000823
v -0.003313 0.002255 0.000809
v -0.003531 0.002134 0.000817
v -0.003728 0.001993 0.000820
v -0.003913 0.001842 0.000824
v -0.004062 0.001665 0.000816
v -0.004200 0.001483 0.000812
v -0.004347 0.001307 0.000826
v -0.004448 0.001106 0.000822
v -0.004536 0.000902 0.000822
v -0.004590 0.000688 0.000812
v -0.004658 0.000480 0.000823
v -0.004696 0.000266 0.000828
v -0.004689 0.000051 0.000818
v -0.004679 -0.000162 0.000818
v -0.004647 -0.000371 0.000817
v -0.004620 -0.000582 0.000831
v -0.004532 -0.000777 0.000819
v -0.004437 -0.000968 0.000815
v -0.004336 -0.001158 0.000819
v -0.004216 -0.001340 0.000823
v -0.004075 -0.001514 0.000825
v -0.003893 -0.001659 0.000810
v -0.003726 -0.001823 0.000818
v -0.003536 -0.001972 0.000821
v -0.003327 -0.002112 0.000821
v -0.003096 -0.002232 0.000814
v -0.002855 -0.002351 0.000809
v -0.002620 -0.002493 0.000822
v -0.002354 -0.002598 0.000816
v -0.002083 -0.002706 0.000814
v -0.001800 -0.002801 0.000807
v -0.001518 -0.002920 0.000814
v -0.001227 -0.003025 0.000818
v -0.000924 -0.003094 0.000807
v -0.000623 -0.003180 0.000808
v -0.000318 -0.003250 0.000807
v -0.000012 -0.003328 0.000815
v 0.000294 -0.003348 0.000806
v 0.000598 -0.003361 0.000802
v 0.000901 -0.003374 0.000806
v 0.001200 -0.003353 0.000807
v 0.001495 -0.003310 0.000808
v 0.001775 -0.003214 0.000796
v 0.002059 -0.003139 0.000803
v 0.002331 -0.003031 0.000805
v 0.002591 -0.002895 0.000803
v 0.002835 -0.002736 0.000798
v 0.003068 -0.002568 0.000794
v 0.003307 -0.002416 0.000806
v 0.003508 -0.002221 0.000799
v 0.003700 -0.002028 0.000796
v 0.003873 -0.001827 0.000792
v 0.004046 -0.001638 0.000800
v 0.004197 -0.001439 0.000804
v 0.004303 -0.001221 0.000790
v 0.004418 -0.001017 0.000794
v 0.004508 -0.000808 0.000794
v 0.004593 -0.000600 0.000804
v 0.004625 -0.000382 0.000793
v 0.004647 -0.000166 0.000788
v 0.004742 0.000051 0.000679
v 0.004727 0.000272 0.000677
v 0.004697 0.000495 0.000677
v 0.004626 0.000713 0.000667
v 0.004576 0.000942 0.000677
v 0.004492 0.001168 0.000680
v 0.004370 0.001383 0.000674
v 0.004239 0.001598 0.000673
v 0.004091 0.001810 0.000672
v 0.003946 0.002035 0.000684
v 0.003752 0.002223 0.000676
v 0.003551 0.002409 0.000674
v 0.003341 0.002593 0.000676
v 0.003120 0.002770 0.000681
v 0.002882 0.002927 0.000683
v 0.002618 0.003037 0.000674
v 0.002360 0.003167 0.000680
v 0.002088 0.003265 0.000682
v 0.001807 0.003346 0.000685
v 0.001512 0.003381 0.000680
v 0.001214 0.003402 0.000678
v 0.000915 0.003435 0.000688
v 0.000608 0.003414 0.000685
v 0.000298 0.003384 0.000686
v -0.000012 0.003323 0.000680
v -0.000323 0.003288 0.000688
v -0.000633 0.003231 0.000692
v -0.000937 0.003141 0.000685
v -0.001239 0.003066 0.000686
v -0.001536 0.002985 0.000686
v -0.001834 0.002926 0.000697
v -0.002110 0.002820 0.000689
v -0.002381 0.002724 0.000687
v -0.002648 0.002636 0.000691
v -0.002904 0.002539 0.000695
v -0.003147 0.002431 0.000697
v -0.003357 0.002287 0.000686
v -0.003581 0.002167 0.000694
v -0.003781 0.002025 0.000697
v -0.003964 0.001869 0.000698
v -0.004117 0.001690 0.000692
v -0.004258 0.001507 0.000690
v -0.004409 0.001329 0.000702
v -0.004508 0.001123 0.000697
v -0.004596 0.000915 0.000696
v -0.004654 0.000700 0.000690
v -0.004723 0.000488 0.000699
v -0.004760 0.000270 0.000703
v -0.004749 0.000051 0.000692
v -0.004744 -0.000166 0.000694
v -0.004713 -0.000379 0.000694
v -0.004683 -0.000593 0.000704
v -0.004592 -0.000791 0.000694
v -0.004496 -0.000985 0.000691
v -0.004399 -0.001180 0.000697
v -0.004273 -0.001363 0.000698
v -0.004129 -0.001538 0.000699
v -0.003945 -0.001686 0.000687
v -0.003779 -0.001854 0.000695
v -0.003585 -0.002005 0.000697
v -0.003371 -0.002142 0.000695
v -0.003138 -0.002265 0.000690
v -0.002895 -0.002386 0.000687
v -0.002656 -0.002530 0.000698
v -0.002385 -0.002632 0.000691
v -0.002110 -0.002740 0.000689
v -0.001825 -0.002840 0.000685
v -0.001539 -0.002960 0.000692
v -0.001243 -0.003065 0.000693
v -0.000936 -0.003132 0.000683
v -0.000631 -0.003224 0.000686
v -0.000323 -0.003298 0.000686
v -0.000012 -0.003373 0.000691
v 0.000298 -0.003394 0.000683
v 0.000606 -0.003408 0.000680
v 0.000914 -0.003426 0.000685
v 0.001217 -0.003402 0.000685
v 0.001515 -0.003355 0.000684
v 0.001799 -0.003260 0.000675
v 0.002088 -0.003185 0.000682
v 0.002364 -0.003075 0.000684
v 0.002625 -0.002931 0.000680
v 0.002874 -0.002773 0.000676
v 0.003111 -0.002603 0.000674
v 0.003353 -0.002449 0.000685
v 0.003555 -0.002248 0.000677
v 0.003749 -0.002051 0.000675
v 0.003928 -0.001851 0.000673
v 0.004103 -0.001658 0.000679
v 0.004254 -0.001455 0.000681
v 0.004360 -0.001233 0.000669
v 0.004480 -0.001029 0.000674
v 0.004572 -0.000818 0.000675
v 0.004655 -0.000607 0.000681
v 0.004687 -0.000386 0.000672
v 0.004711 -0.000168 0.000668
v 0.004798 0.000051 0.000557
v 0.004779 0.000274 0.000554
v 0.004747 0.000499 0.000553
v 0.004679 0.000719 0.000547
v 0.004628 0.000951 0.000555
v 0.004542 0.001178 0.000558
v 0.004415 0.001393 0.000551
v 0.004287 0.001613 0.000552
v 0.004138 0.001828 0.000552
v 0.003991 0.002054 0.000560
v 0.003792 0.002242 0.000553
v 0.003589 0.002431 0.000552
v 0.003380 0.002621 0.000555
v 0.003155 0.002798 0.000558
v 0.002914 0.002956 0.000559
v 0.002646 0.003068 0.000551
v 0.002387 0.003203 0.000557
v 0.002112 0.003304 0.000559
v 0.001826 0.003381 0.000560
v 0.001528 0.003418 0.000557
v 0.001227 0.003442 0.000556
v 0.000926 0.003477 0.000564
v 0.000614 0.003451 0.000561
v 0.000302 0.003419 0.000561
v -0.000012 0.003361 0.000558
v -0.000326 0.003325 0.000564
v -0.000640 0.003265 0.000567
v -0.000947 0.003171 0.000560
v -0.001253 0.003099 0.000563
v -0.001554 0.003019 0.000563
v -0.001854 0.002956 0.000571
v -0.002133 0.002849 0.000564
v -0.002407 0.002752 0.000562
v -0.002679 0.002669 0.000567
v -0.002936 0.002568 0.000569
v -0.003181 0.002457 0.000570
v -0.003394 0.002313 0.000562
v -0.003622 0.002195 0.000569
v -0.003824 0.002052 0.000571
v -0.004005 0.001890 0.000571
v -0.004162 0.001711 0.000567
v -0.004306 0.001527 0.000565
v -0.004460 0.001347 0.000576
v -0.004556 0.001137 0.000570
v -0.004644 0.000926 0.000569
v -0.004708 0.000709 0.000566
v -0.004776 0.000494 0.000573
v -0.004813 0.000273 0.000575
v -0.004798 0.000051 0.000566
v -0.004797 -0.000169 0.000569
v -0.004768 -0.000385 0.000570
v -0.004733 -0.000601 0.000576
v -0.004641 -0.000802 0.000568
v -0.004545 -0.000998 0.000565
v -0.004451 -0.001198 0.000572
v -0.004320 -0.001381 0.000572
v -0.004173 -0.001557 0.000572
v -0.003988 -0.001708 0.000562
v -0.003822 -0.001879 0.000570
v -0.003626 -0.002032 0.000572
v -0.003406 -0.002166 0.000568
v -0.003172 -0.002292 0.000565
v -0.002928 -0.002416 0.000564
v -0.002686 -0.002561 0.000572
v -0.002411 -0.002660 0.000566
v -0.002132 -0.002768 0.000564
v -0.001846 -0.002874 0.000562
v -0.001556 -0.002993 0.000567
v -0.001257 -0.003097 0.000568
v -0.000946 -0.003164 0.000559
v -0.000638 -0.003261 0.000562
v -0.000326 -0.003337 0.000562
v -0.000012 -0.003409 0.000565
v 0.000301 -0.003431 0.000559
v 0.000613 -0.003447 0.000557
v 0.000925 -0.003469 0.000562
v 0.001230 -0.003440 0.000560
v 0.001531 -0.003392 0.000560
v 0.001819 -0.003298 0.000553
v 0.002112 -0.003224 0.000559
v 0.002391 -0.003111 0.000560
v 0.002652 -0.002961 0.000556
v 0.002906 -0.002803 0.000554
v 0.003147 -0.002633 0.000553
v 0.003391 -0.002475 0.000561
v 0.003594 -0.002269 0.000554
v 0.003789 -0.002069 0.000552
v 0.003974 -0.001871 0.000553
v 0.004149 -0.001674 0.000556
v 0.004301 -0.001468 0.000558
v 0.004406 -0.001243 0.000547
v 0.004531 -0.001039 0.000553
v 0.004626 -0.000826 0.000554
v 0.004704 -0.000612 0.000557
v 0.004738 -0.000390 0.000550
v 0.004763 -0.000170 0.000548
v 0.004843 0.000051 0.000434
v 0.004818 0.000276 0.000430
v 0.004784 0.000501 0.000429
v 0.004721 0.000724 0.000426
v 0.004669 0.000957 0.000432
v 0.004581 0.001186 0.000433
v 0.004450 0.001400 0.000427
v 0.004324 0.001624 0.000429
v 0.004176 0.001842 0.000430
v 0.004024 0.002068 0.000435
v 0.003823 0.002257 0.000429
v 0.003619 0.002449 0.000429
v 0.003411 0.002645 0.000432
v 0.003182 0.002820 0.000433
v 0.002937 0.002978 0.000434
v 0.002668 0.003092 0.000428
v 0.002409 0.003232 0.000434
v 0.002131 0.003335 0.000435
v 0.001841 0.003407 0.000435
v 0.001541 0.003447 0.000432
v 0.001238 0.003474 0.000432
v 0.000934 0.003509 0.000439
v 0.000619 0.003479 0.000435
v 0.000304 0.003445 0.000435
v -0.000012 0.003392 0.000434
v -0.000329 0.003354 0.000439
v -0.000645 0.003291 0.000440
v -0.000954 0.003193 0.000435
v -0.001264 0.003125 0.000437
v -0.001567 0.003046 0.000438
v -0.001869 0.002979 0.000443
v -0.002150 0.002870 0.000438
v -0.002427 0.002775 0.000437
v -0.002704 0.002695 0.000442
v -0.002961 0.002590 0.000442
v -0.003206 0.002477 0.000442
v -0.003423 0.002334 0.000436
v -0.003654 0.002217 0.000443
v -0.003858 0.002073 0.000444
v -0.004036 0.001906 0.000442
v -0.004197 0.001728 0.000440
v -0.004344 0.001543 0.000440
v -0.004499 0.001362 0.000448
v -0.004593 0.001147 0.000442
v -0.004681 0.000934 0.000441
v -0.004751 0.000717 0.000441
v -0.004818 0.000499 0.000445
v -0.004853 0.000275 0.000447
v -0.004836 0.000051 0.000439
v -0.004840 -0.000171 0.000443
v -0.004811 -0.000390 0.000443
v -0.004772 -0.000608 0.000447
v -0.004679 -0.000810 0.000441
v -0.004583 -0.001009 0.000439
v -0.004492 -0.001213 0.000445
v -0.004356 -0.001396 0.000444
v -0.004206 -0.001572 0.000443
v -0.004022 -0.001726 0.000437
v -0.003856 -0.001900 0.000443
v -0.003658 -0.002053 0.000444
v -0.003432 -0.002184 0.000440
v -0.003199 -0.002314 0.000439
v -0.002954 -0.002440 0.000438
v -0.002710 -0.002584 0.000445
v -0.002430 -0.002681 0.000439
v -0.002150 -0.002790 0.000437
v -0.001863 -0.002902 0.000438
v -0.001570 -0.003018 0.000440
v -0.001267 -0.003122 0.000441
v -0.000954 -0.003188 0.000434
v -0.000644 -0.003291 0.000437
v -0.000329 -0.003368 0.000438
v -0.000012 -0.003436 0.000439
v 0.000304 -0.003460 0.000434
v 0.000618 -0.003478 0.000433
v 0.000934 -0.003504 0.000438
v 0.001241 -0.003470 0.000435
v 0.001544 -0.003420 0.000434
v 0.001835 -0.003329 0.000430
v 0.002130 -0.003254 0.000435
v 0.002412 -0.003139 0.000435
v 0.002674 -0.002982 0.000431
v 0.002931 -0.002827 0.000431
v 0.003175 -0.002656 0.000431
v 0.003420 -0.002495 0.000436
v 0.003623 -0.002285 0.000430
v 0.003820 -0.002084 0.000429
v 0.004011 -0.001887 0.000431
v 0.004185 -0.001686 0.000432
v 0.004336 -0.001477 0.000433
v 0.004443 -0.001251 0.000425
v 0.004572 -0.001047 0.000430
v 0.004668 -0.000833 0.000431
v 0.004742 -0.000615 0.000432
v 0.004778 -0.000392 0.000427
v 0.004805 -0.000171 0.000426
v 0.004874 0.000051 0.000309
v 0.004845 0.000276 0.000305
v 0.004811 0.000503 0.000305
v 0.004752 0.000728 0.000304
v 0.004699 0.000962 0.000307
v 0.004609 0.001191 0.000308
v 0.004474 0.001405 0.000304
v 0.004352 0.001633 0.000306
v 0.004204 0.001853 0.000306
v 0.004048 0.002078 0.000309
v 0.003845 0.002267 0.000305
v 0.003641 0.002461 0.000305
v 0.003434 0.002662 0.000308
v 0.003201 0.002835 0.000308
v 0.002954 0.002992 0.000308
v 0.002685 0.003111 0.000305
v 0.002424 0.003254 0.000309
v 0.002144 0.003356 0.000309
v 0.001851 0.003424 0.000308
v 0.001551 0.003469 0.000308
v 0.001246 0.003497 0.000308
v 0.000940 0.003532 0.000312
v 0.000623 0.003498 0.000309
v 0.000306 0.003464 0.000309
v -0.000012 0.003416 0.000309
v -0.000331 0.003374 0.000312
v -0.000649 0.003309 0.000312
v -0.000960 0.003209 0.000309
v -0.001272 0.003145 0.000311
v -0.001578 0.003066 0.000312
v -0.001880 0.002994 0.000314
v -0.002162 0.002885 0.000311
v -0.002442 0.002791 0.000310
v -0.002722 0.002714 0.000314
v -0.002978 0.002605 0.000314
v -0.003224 0.002491 0.000314
v -0.003444 0.002350 0.000310
v -0.003677 0.002234 0.000315
v -0.003882 0.002088 0.000316
v -0.004058 0.001917 0.000313
v -0.004223 0.001741 0.000313
v -0.004373 0.001555 0.000313
v -0.004527 0.001372 0.000318
v -0.004619 0.001155 0.000314
v -0.004708 0.000940 0.000313
v -0.004783 0.000723 0.000314
v -0.004848 0.000502 0.000316
v -0.004881 0.000277 0.000317
v -0.004863 0.000051 0.000311
v -0.004871 -0.000173 0.000315
v -0.004843 -0.000394 0.000315
v -0.004798 -0.000612 0.000317
v -0.004706 -0.000816 0.000313
v -0.004612 -0.001017 0.000312
v -0.004522 -0.001224 0.000317
v -0.004381 -0.001405 0.000315
v -0.004229 -0.001582 0.000314
v -0.004048 -0.001739 0.000311
v -0.003881 -0.001915 0.000315
v -0.003680 -0.002068 0.000316
v -0.003451 -0.002196 0.000312
v -0.003219 -0.002330 0.000312
v -0.002973 -0.002458 0.000312
v -0.002726 -0.002601 0.000316
v -0.002444 -0.002696 0.000311
v -0.002162 -0.002805 0.000311
v -0.001875 -0.002923 0.000312
v -0.001579 -0.003036 0.000313
v -0.001274 -0.003138 0.000313
v -0.000959 -0.003205 0.000308
v -0.000648 -0.003313 0.000311
v -0.000331 -0.003391 0.000311
v -0.000012 -0.003454 0.000311
v 0.000306 -0.003481 0.000309
v 0.000622 -0.003502 0.000308
v 0.000940 -0.003529 0.000311
v 0.001248 -0.003490 0.000309
v 0.001552 -0.003439 0.000308
v 0.001847 -0.003353 0.000306
v 0.002144 -0.003276 0.000309
v 0.002427 -0.003158 0.000310
v 0.002688 -0.002997 0.000306
v 0.002950 -0.002845 0.000307
v 0.003196 -0.002674 0.000307
v 0.003441 -0.002508 0.000310
v 0.003644 -0.002295 0.000306
v 0.003843 -0.002094 0.000305
v 0.004038 -0.001900 0.000307
v 0.004210 -0.001694 0.000307
v 0.004360 -0.001483 0.000307
v 0.004469 -0.001257 0.000302
v 0.004602 -0.001054 0.000307
v 0.004698 -0.000838 0.000307
v 0.004767 -0.000618 0.000306
v 0.004806 -0.000394 0.000304
v 0.004836 -0.000173 0.000304
v 0.004894 0.000051 0.000183
v 0.004860 0.000277 0.000181
v 0.004826 0.000504 0.000181
v 0.004773 0.000731 0.000180
v 0.004717 0.000965 0.000182
v 0.004625 0.001194 0.000182
v 0.004488 0.001407 0.000180
v 0.004370 0.001639 0.000181
v 0.004221 0.001860 0.000182
v 0.004061 0.002082 0.000183
v 0.003858 0.002273 0.000181
v 0.003654 0.002469 0.000181
v 0.003449 0.002674 0.000183
v 0.003212 0.002843 0.000182
v 0.002964 0.003000 0.000182
v 0.002695 0.003122 0.000181
v 0.002434 0.003267 0.000183
v 0.002152 0.003369 0.000183
v 0.001857 0.003433 0.000182
v 0.001557 0.003482 0.000182
v 0.001251 0.003513 0.000182
v 0.000944 0.003546 0.000184
v 0.000625 0.003509 0.000183
v 0.000307 0.003475 0.000183
v -0.000012 0.003432 0.000183
v -0.000332 0.003386 0.000184
v -0.000651 0.003319 0.000184
v -0.000963 0.003218 0.000182
v -0.001277 0.003158 0.000184
v -0.001584 0.003079 0.000184
v -0.001886 0.003001 0.000185
v -0.002170 0.002894 0.000184
v -0.002451 0.002802 0.000184
v -0.002733 0.002727 0.000186
v -0.002988 0.002613 0.000185
v -0.003234 0.002498 0.000185
v -0.003457 0.002361 0.000184
v -0.003692 0.002244 0.000186
v -0.003897 0.002096 0.000186
v -0.004070 0.001922 0.000185
v -0.004239 0.001749 0.000185
v -0.004391 0.001563 0.000185
v -0.004544 0.001377 0.000187
v -0.004633 0.001158 0.000185
v -0.004723 0.000944 0.000185
v -0.004804 0.000727 0.000186
v -0.004865 0.000504 0.000186
v -0.004897 0.000277 0.000186
v -0.004879 0.000051 0.000184
v -0.004892 -0.000174 0.000186
v -0.004863 -0.000396 0.000186
v -0.004812 -0.000614 0.000186
v -0.004723 -0.000820 0.000185
v -0.004629 -0.001022 0.000185
v -0.004541 -0.001231 0.000187
v -0.004395 -0.001411 0.000185
v -0.004243 -0.001588 0.000185
v -0.004064 -0.001749 0.000184
v -0.003896 -0.001924 0.000186
v -0.003694 -0.002076 0.000186
v -0.003461 -0.002202 0.000184
v -0.003232 -0.002341 0.000185
v -0.002986 -0.002470 0.000185
v -0.002736 -0.002610 0.000186
v -0.002452 -0.002704 0.000184
v -0.002170 -0.002814 0.000184
v -0.001883 -0.002937 0.000185
v -0.001585 -0.003046 0.000185
v -0.001278 -0.003147 0.000184
v -0.000963 -0.003216 0.000182
v -0.000651 -0.003327 0.000184
v -0.000332 -0.003405 0.000184
v -0.000012 -0.003463 0.000184
v 0.000307 -0.003493 0.000183
v 0.000625 -0.003516 0.000182
v 0.000944 -0.003544 0.000184
v 0.001252 -0.003501 0.000183
v 0.001558 -0.003450 0.000182
v 0.001855 -0.003368 0.000182
v 0.002152 -0.003289 0.000183
v 0.002435 -0.003169 0.000183
v 0.002697 -0.003005 0.000181
v 0.002961 -0.002857 0.000182
v 0.003209 -0.002686 0.000182
v 0.003452 -0.002515 0.000183
v 0.003656 -0.002301 0.000181
v 0.003857 -0.002100 0.000181
v 0.004056 -0.001909 0.000182
v 0.004224 -0.001699 0.000182
v 0.004374 -0.001486 0.000182
v 0.004485 -0.001261 0.000180
v 0.004621 -0.001058 0.000182
v 0.004716 -0.000841 0.000182
v 0.004780 -0.000618 0.000181
v 0.004824 -0.000396 0.000180
v 0.004855 -0.000173 0.000180
v 0.004900 0.000051 0.000056
v 0.004864 0.000277 0.000056
v 0.004831 0.000504 0.000056
v 0.004782 0.000733 0.000056
v 0.004723 0.000966 0.000056
v 0.004628 0.001194 0.000056
v 0.004492 0.001408 0.000056
v 0.004377 0.001642 0.000056
v 0.004228 0.001863 0.000056
v 0.004063 0.002082 0.000056
v 0.003862 0.002274 0.000056
v 0.003659 0.002472 0.000056
v 0.003455 0.002679 0.000056
v 0.003215 0.002844 0.000056
v 0.002966 0.003001 0.000056
v 0.002699 0.003128 0.000056
v 0.002438 0.003273 0.000056
v 0.002155 0.003373 0.000056
v 0.001858 0.003433 0.000056
v 0.001559 0.003488 0.000056
v 0.001253 0.003520 0.000056
v 0.000945 0.003550 0.000056
v 0.000626 0.003511 0.000056
v 0.000307 0.003478 0.000056
v -0.000012 0.003440 0.000056
v -0.000333 0.003390 0.000056
v -0.000652 0.003321 0.000056
v -0.000964 0.003220 0.000056
v -0.001279 0.003164 0.000056
v -0.001586 0.003084 0.000056
v -0.001887 0.003001 0.000056
v -0.002172 0.002897 0.000056
v -0.002454 0.002807 0.000056
v -0.002738 0.002733 0.000056
v -0.002990 0.002614 0.000056
v -0.003237 0.002499 0.000056
v -0.003463 0.002366 0.000056
v -0.003697 0.002248 0.000056
v -0.003901 0.002099 0.000056
v -0.004072 0.001922 0.000056
v -0.004246 0.001752 0.000056
v -0.004398 0.001567 0.000056
v -0.004548 0.001379 0.000056
v -0.004637 0.001159 0.000056
v -0.004728 0.000945 0.000056
v -0.004814 0.000729 0.000056
v -0.004870 0.000505 0.000056
v -0.004900 0.000278 0.000056
v -0.004885 0.000051 0.000056
v -0.004900 -0.000175 0.000056
v -0.004870 -0.000397 0.000056
v -0.004814 -0.000614 0.000056
v -0.004728 -0.000821 0.000056
v -0.004637 -0.001025 0.000056
v -0.004548 -0.001233 0.000056
v -0.004398 -0.001411 0.000056
v -0.004246 -0.001589 0.000056
v -0.004072 -0.001753 0.000056
v -0.003901 -0.001928 0.000056
v -0.003697 -0.002079 0.000056
v -0.003463 -0.002202 0.000056
v -0.003237 -0.002346 0.000056
v -0.002990 -0.002475 0.000056
v -0.002738 -0.002611 0.000056
v -0.002454 -0.002705 0.000056
v -0.002172 -0.002818 0.000056
v -0.001887 -0.002944 0.000056
v -0.001586 -0.003048 0.000056
v -0.001279 -0.003148 0.000056
v -0.000964 -0.003220 0.000056
v -0.000652 -0.003333 0.000056
v -0.000333 -0.003410 0.000056
v -0.000012 -0.003463 0.000056
v 0.000307 -0.003498 0.000056
v 0.000626 -0.003523 0.000056
v 0.000945 -0.003550 0.000056
v 0.001253 -0.003503 0.000056
v 0.001559 -0.003452 0.000056
v 0.001858 -0.003376 0.000056
v 0.002155 -0.003294 0.000056
v 0.002438 -0.003172 0.000056
v 0.002699 -0.003006 0.000056
v 0.002966 -0.002862 0.000056
v 0.003215 -0.002691 0.000056
v 0.003455 -0.002516 0.000056
v 0.003659 -0.002303 0.000056
v 0.003862 -0.002103 0.000056
v 0.004064 -0.001913 0.000056
v 0.004228 -0.001699 0.000056
v 0.004377 -0.001486 0.000056
v 0.004492 -0.001263 0.000056
v 0.004629 -0.001060 0.000056
v 0.004723 -0.000842 0.000056
v 0.004782 -0.000618 0.000056
v 0.004831 -0.000396 0.000056
v 0.004864 -0.000174 0.000056
v 0.004894 0.000051 -0.000070
v 0.004855 0.000276 -0.000068
v 0.004824 0.000503 -0.000068
v 0.004780 0.000733 -0.000069
v 0.004716 0.000965 -0.000069
v 0.004621 0.001192 -0.000069
v 0.004485 0.001406 -0.000067
v 0.004374 0.001642 -0.000069
v 0.004224 0.001862 -0.000069
v 0.004056 0.002078 -0.000069
v 0.003857 0.002271 -0.000068
v 0.003656 0.002471 -0.000068
v 0.003452 0.002678 -0.000070
v 0.003209 0.002839 -0.000069
v 0.002961 0.002996 -0.000069
v 0.002697 0.003126 -0.000069
v 0.002435 0.003270 -0.000070
v 0.002152 0.003369 -0.000070
v 0.001855 0.003426 -0.000069
v 0.001558 0.003486 -0.000070
v 0.001252 0.003518 -0.000070
v 0.000944 0.003544 -0.000072
v 0.000625 0.003504 -0.000070
v 0.000307 0.003473 -0.000070
v -0.000012 0.003440 -0.000071
v -0.000332 0.003385 -0.000071
v -0.000651 0.003315 -0.000071
v -0.000963 0.003216 -0.000070
v -0.001278 0.003163 -0.000072
v -0.001585 0.003082 -0.000072
v -0.001883 0.002994 -0.000072
v -0.002170 0.002894 -0.000071
v -0.002452 0.002805 -0.000071
v -0.002735 0.002731 -0.000074
v -0.002986 0.002609 -0.000072
v -0.003232 0.002494 -0.000072
v -0.003461 0.002365 -0.000071
v -0.003693 0.002246 -0.000073
v -0.003896 0.002095 -0.000073
v -0.004065 0.001917 -0.000071
v -0.004243 0.001751 -0.000073
v -0.004395 0.001566 -0.000073
v -0.004541 0.001376 -0.000074
v -0.004630 0.001157 -0.000072
v -0.004723 0.000943 -0.000072
v -0.004812 0.000729 -0.000074
v -0.004863 0.000504 -0.000074
v -0.004892 0.000277 -0.000073
v -0.004879 0.000051 -0.000071
v -0.004897 -0.000175 -0.000074
v -0.004865 -0.000397 -0.000074
v -0.004804 -0.000612 -0.000073
v -0.004723 -0.000820 -0.000072
v -0.004633 -0.001024 -0.000072
v -0.004544 -0.001232 -0.000075
v -0.004391 -0.001408 -0.000072
v -0.004239 -0.001585 -0.000072
v -0.004070 -0.001753 -0.000072
v -0.003897 -0.001925 -0.000074
v -0.003692 -0.002075 -0.000073
v -0.003457 -0.002197 -0.000071
v -0.003234 -0.002345 -0.000072
v -0.002988 -0.002474 -0.000072
v -0.002733 -0.002606 -0.000073
v -0.002451 -0.002701 -0.000071
v -0.002170 -0.002815 -0.000071
v -0.001886 -0.002944 -0.000072
v -0.001584 -0.003043 -0.000072
v -0.001277 -0.003142 -0.000071
v -0.000963 -0.003218 -0.000070
v -0.000651 -0.003331 -0.000072
v -0.000332 -0.003407 -0.000072
v -0.000012 -0.003455 -0.000070
v 0.000307 -0.003495 -0.000070
v 0.000625 -0.003521 -0.000070
v 0.000944 -0.003546 -0.000072
v 0.001251 -0.003496 -0.000070
v 0.001557 -0.003446 -0.000070
v 0.001857 -0.003375 -0.000070
v 0.002152 -0.003290 -0.000070
v 0.002434 -0.003166 -0.000070
v 0.002695 -0.003001 -0.000068
v 0.002964 -0.002861 -0.000070
v 0.003212 -0.002689 -0.000070
v 0.003449 -0.002510 -0.000070
v 0.003654 -0.002300 -0.000068
v 0.003858 -0.002102 -0.000068
v 0.004061 -0.001913 -0.000070
v 0.004221 -0.001696 -0.000069
v 0.004370 -0.001484 -0.000069
v 0.004488 -0.001262 -0.000067
v 0.004625 -0.001059 -0.000070
v 0.004717 -0.000841 -0.000069
v 0.004773 -0.000616 -0.000068
v 0.004826 -0.000396 -0.000068
v 0.004860 -0.000174 -0.000068
v 0.004874 0.000051 -0.000196
v 0.004836 0.000276 -0.000191
v 0.004806 0.000502 -0.000191
v 0.004767 0.000732 -0.000194
v 0.004698 0.000962 -0.000195
v 0.004602 0.001188 -0.000194
v 0.004469 0.001402 -0.000190
v 0.004360 0.001639 -0.000195
v 0.004210 0.001858 -0.000195
v 0.004038 0.002069 -0.000194
v 0.003843 0.002265 -0.000192
v 0.003644 0.002465 -0.000193
v 0.003441 0.002671 -0.000197
v 0.003196 0.002827 -0.000194
v 0.002950 0.002984 -0.000194
v 0.002688 0.003118 -0.000194
v 0.002427 0.003259 -0.000197
v 0.002144 0.003356 -0.000197
v 0.001847 0.003410 -0.000194
v 0.001552 0.003475 -0.000196
v 0.001248 0.003507 -0.000196
v 0.000940 0.003529 -0.000199
v 0.000622 0.003490 -0.000195
v 0.000306 0.003461 -0.000196
v -0.000012 0.003431 -0.000199
v -0.000331 0.003371 -0.000199
v -0.000648 0.003301 -0.000199
v -0.000959 0.003206 -0.000196
v -0.001274 0.003155 -0.000200
v -0.001579 0.003072 -0.000200
v -0.001875 0.002980 -0.000199
v -0.002162 0.002885 -0.000198
v -0.002444 0.002797 -0.000199
v -0.002726 0.002722 -0.000203
v -0.002973 0.002597 -0.000199
v -0.003219 0.002483 -0.000200
v -0.003451 0.002359 -0.000200
v -0.003680 0.002237 -0.000203
v -0.003881 0.002086 -0.000203
v -0.004048 0.001908 -0.000198
v -0.004229 0.001745 -0.000202
v -0.004381 0.001560 -0.000202
v -0.004522 0.001369 -0.000204
v -0.004612 0.001151 -0.000200
v -0.004706 0.000940 -0.000200
v -0.004798 0.000727 -0.000204
v -0.004843 0.000501 -0.000203
v -0.004871 0.000276 -0.000202
v -0.004863 0.000051 -0.000199
v -0.004881 -0.000174 -0.000204
v -0.004848 -0.000395 -0.000204
v -0.004783 -0.000608 -0.000201
v -0.004708 -0.000816 -0.000200
v -0.004619 -0.001020 -0.000201
v -0.004527 -0.001226 -0.000205
v -0.004373 -0.001400 -0.000200
v -0.004223 -0.001577 -0.000200
v -0.004058 -0.001748 -0.000201
v -0.003883 -0.001917 -0.000203
v -0.003677 -0.002065 -0.000202
v -0.003444 -0.002187 -0.000198
v -0.003224 -0.002338 -0.000201
v -0.002978 -0.002466 -0.000201
v -0.002722 -0.002593 -0.000202
v -0.002442 -0.002690 -0.000198
v -0.002162 -0.002806 -0.000198
v -0.001880 -0.002936 -0.000201
v -0.001578 -0.003030 -0.000199
v -0.001272 -0.003128 -0.000199
v -0.000960 -0.003208 -0.000196
v -0.000649 -0.003321 -0.000200
v -0.000331 -0.003394 -0.000199
v -0.000012 -0.003438 -0.000196
v 0.000306 -0.003484 -0.000196
v 0.000623 -0.003510 -0.000197
v 0.000940 -0.003532 -0.000199
v 0.001246 -0.003481 -0.000195
v 0.001551 -0.003433 -0.000195
v 0.001851 -0.003366 -0.000196
v 0.002144 -0.003277 -0.000197
v 0.002424 -0.003152 -0.000196
v 0.002685 -0.002989 -0.000192
v 0.002954 -0.002853 -0.000196
v 0.003201 -0.002682 -0.000195
v 0.003434 -0.002499 -0.000195
v 0.003641 -0.002292 -0.000192
v 0.003845 -0.002096 -0.000193
v 0.004048 -0.001909 -0.000196
v 0.004204 -0.001689 -0.000193
v 0.004352 -0.001478 -0.000193
v 0.004474 -0.001260 -0.000191
v 0.004609 -0.001057 -0.000195
v 0.004699 -0.000838 -0.000195
v 0.004752 -0.000614 -0.000191
v 0.004811 -0.000395 -0.000192
v 0.004845 -0.000173 -0.000193
v 0.004843 0.000051 -0.000321
v 0.004805 0.000274 -0.000314
v 0.004778 0.000500 -0.000315
v 0.004742 0.000730 -0.000319
v 0.004668 0.000957 -0.000319
v 0.004572 0.001182 -0.000318
v 0.004443 0.001396 -0.000312
v 0.004336 0.001632 -0.000320
v 0.004185 0.001849 -0.000320
v 0.004011 0.002056 -0.000318
v 0.003821 0.002254 -0.000316
v 0.003623 0.002453 -0.000317
v 0.003420 0.002658 -0.000323
v 0.003176 0.002809 -0.000318
v 0.002931 0.002966 -0.000318
v 0.002674 0.003104 -0.000318
v 0.002412 0.003240 -0.000323
v 0.002130 0.003334 -0.000322
v 0.001835 0.003387 -0.000318
v 0.001544 0.003456 -0.000322
v 0.001241 0.003487 -0.000323
v 0.000934 0.003505 -0.000325
v 0.000618 0.003467 -0.000320
v 0.000304 0.003441 -0.000321
v -0.000012 0.003414 -0.000326
v -0.000329 0.003349 -0.000325
v -0.000644 0.003279 -0.000325
v -0.000954 0.003189 -0.000321
v -0.001267 0.003139 -0.000328
v -0.001570 0.003055 -0.000328
v -0.001863 0.002959 -0.000325
v -0.002150 0.002869 -0.000325
v -0.002430 0.002782 -0.000326
v -0.002710 0.002706 -0.000332
v -0.002954 0.002578 -0.000326
v -0.003199 0.002467 -0.000326
v -0.003432 0.002346 -0.000328
v -0.003658 0.002222 -0.000332
v -0.003856 0.002070 -0.000331
v -0.004023 0.001894 -0.000325
v -0.004206 0.001735 -0.000330
v -0.004356 0.001550 -0.000331
v -0.004492 0.001358 -0.000333
v -0.004583 0.001143 -0.000327
v -0.004679 0.000934 -0.000328
v -0.004772 0.000722 -0.000334
v -0.004811 0.000498 -0.000331
v -0.004840 0.000274 -0.000330
v -0.004836 0.000051 -0.000326
v -0.004853 -0.000172 -0.000334
v -0.004818 -0.000391 -0.000333
v -0.004751 -0.000602 -0.000328
v -0.004681 -0.000811 -0.000329
v -0.004593 -0.001013 -0.000330
v -0.004499 -0.001217 -0.000335
v -0.004344 -0.001388 -0.000327
v -0.004197 -0.001565 -0.000327
v -0.004036 -0.001738 -0.000329
v -0.003858 -0.001902 -0.000332
v -0.003654 -0.002049 -0.000330
v -0.003422 -0.002172 -0.000324
v -0.003206 -0.002324 -0.000330
v -0.002961 -0.002451 -0.000329
v -0.002704 -0.002573 -0.000329
v -0.002427 -0.002674 -0.000324
v -0.002150 -0.002790 -0.000325
v -0.001869 -0.002921 -0.000330
v -0.001567 -0.003009 -0.000326
v -0.001264 -0.003108 -0.000325
v -0.000954 -0.003192 -0.000322
v -0.000645 -0.003303 -0.000327
v -0.000329 -0.003373 -0.000326
v -0.000012 -0.003414 -0.000321
v 0.000304 -0.003464 -0.000322
v 0.000619 -0.003490 -0.000323
v 0.000934 -0.003508 -0.000326
v 0.001238 -0.003456 -0.000320
v 0.001541 -0.003411 -0.000320
v 0.001841 -0.003349 -0.000322
v 0.002131 -0.003255 -0.000322
v 0.002409 -0.003131 -0.000321
v 0.002668 -0.002971 -0.000316
v 0.002937 -0.002839 -0.000321
v 0.003182 -0.002667 -0.000321
v 0.003411 -0.002482 -0.000320
v 0.003619 -0.002280 -0.000316
v 0.003823 -0.002086 -0.000317
v 0.004025 -0.001900 -0.000323
v 0.004176 -0.001679 -0.000317
v 0.004324 -0.001470 -0.000316
v 0.004450 -0.001255 -0.000315
v 0.004582 -0.001052 -0.000321
v 0.004669 -0.000834 -0.000319
v 0.004721 -0.000610 -0.000313
v 0.004784 -0.000394 -0.000317
v 0.004818 -0.000173 -0.000317
v 0.004798 0.000051 -0.000445
v 0.004763 0.000273 -0.000435
v 0.004738 0.000497 -0.000437
v 0.004704 0.000726 -0.000444
v 0.004626 0.000950 -0.000442
v 0.004531 0.001173 -0.000440
v 0.004406 0.001388 -0.000435
v 0.004301 0.001622 -0.000445
v 0.004149 0.001836 -0.000444
v 0.003974 0.002039 -0.000440
v 0.003789 0.002239 -0.000439
v 0.003594 0.002437 -0.000441
v 0.003391 0.002637 -0.000448
v 0.003147 0.002785 -0.000440
v 0.002906 0.002941 -0.000442
v 0.002652 0.003082 -0.000443
v 0.002391 0.003212 -0.000448
v 0.002112 0.003304 -0.000446
v 0.001819 0.003357 -0.000441
v 0.001531 0.003429 -0.000447
v 0.001230 0.003458 -0.000448
v 0.000925 0.003471 -0.000450
v 0.000613 0.003437 -0.000444
v 0.000301 0.003413 -0.000446
v -0.000012 0.003388 -0.000453
v -0.000326 0.003319 -0.000450
v -0.000638 0.003251 -0.000450
v -0.000946 0.003166 -0.000446
v -0.001257 0.003115 -0.000455
v -0.001557 0.003030 -0.000454
v -0.001846 0.002932 -0.000450
v -0.002132 0.002848 -0.000451
v -0.002411 0.002761 -0.000453
v -0.002686 0.002682 -0.000460
v -0.002928 0.002554 -0.000451
v -0.003172 0.002445 -0.000452
v -0.003406 0.002328 -0.000456
v -0.003626 0.002200 -0.000459
v -0.003822 0.002049 -0.000457
v -0.003988 0.001875 -0.000450
v -0.004173 0.001720 -0.000459
v -0.004320 0.001536 -0.000459
v -0.004451 0.001342 -0.000459
v -0.004545 0.001132 -0.000453
v -0.004641 0.000925 -0.000455
v -0.004733 0.000716 -0.000464
v -0.004768 0.000492 -0.000457
v -0.004797 0.000271 -0.000457
v -0.004798 0.000051 -0.000453
v -0.004813 -0.000170 -0.000463
v -0.004776 -0.000386 -0.000461
v -0.004708 -0.000594 -0.000453
v -0.004644 -0.000802 -0.000456
v -0.004556 -0.001003 -0.000457
v -0.004460 -0.001203 -0.000463
v -0.004306 -0.001373 -0.000453
v -0.004162 -0.001549 -0.000454
v -0.004005 -0.001722 -0.000458
v -0.003825 -0.001882 -0.000459
v -0.003622 -0.002027 -0.000457
v -0.003394 -0.002151 -0.000449
v -0.003181 -0.002305 -0.000458
v -0.002936 -0.002430 -0.000456
v -0.002679 -0.002547 -0.000455
v -0.002407 -0.002651 -0.000450
v -0.002133 -0.002768 -0.000451
v -0.001854 -0.002898 -0.000458
v -0.001554 -0.002982 -0.000451
v -0.001253 -0.003081 -0.000450
v -0.000947 -0.003169 -0.000448
v -0.000640 -0.003275 -0.000454
v -0.000326 -0.003343 -0.000451
v -0.000012 -0.003382 -0.000445
v 0.000302 -0.003437 -0.000448
v 0.000614 -0.003461 -0.000448
v 0.000926 -0.003475 -0.000451
v 0.001227 -0.003424 -0.000443
v 0.001528 -0.003381 -0.000444
v 0.001826 -0.003323 -0.000448
v 0.002112 -0.003224 -0.000447
v 0.002387 -0.003102 -0.000445
v 0.002646 -0.002947 -0.000439
v 0.002914 -0.002817 -0.000446
v 0.003155 -0.002646 -0.000445
v 0.003380 -0.002459 -0.000442
v 0.003589 -0.002263 -0.000439
v 0.003792 -0.002072 -0.000441
v 0.003991 -0.001886 -0.000448
v 0.004138 -0.001665 -0.000439
v 0.004287 -0.001459 -0.000439
v 0.004415 -0.001248 -0.000438
v 0.004542 -0.001044 -0.000445
v 0.004628 -0.000827 -0.000443
v 0.004679 -0.000605 -0.000434
v 0.004747 -0.000391 -0.000441
v 0.004779 -0.000171 -0.000441
v 0.004742 0.000051 -0.000566
v 0.004711 0.000271 -0.000556
v 0.004687 0.000494 -0.000559
v 0.004655 0.000721 -0.000568
v 0.004572 0.000941 -0.000563
v 0.004480 0.001163 -0.000562
v 0.004360 0.001377 -0.000556
v 0.004254 0.001609 -0.000569
v 0.004103 0.001819 -0.000566
v 0.003928 0.002018 -0.000561
v 0.003749 0.002220 -0.000562
v 0.003555 0.002415 -0.000564
v 0.003353 0.002610 -0.000572
v 0.003111 0.002755 -0.000562
v 0.002874 0.002911 -0.000564
v 0.002625 0.003052 -0.000567
v 0.002364 0.003176 -0.000571
v 0.002088 0.003265 -0.000569
v 0.001799 0.003319 -0.000562
v 0.001515 0.003393 -0.000572
v 0.001217 0.003421 -0.000572
v 0.000914 0.003429 -0.000573
v 0.000606 0.003399 -0.000567
v 0.000298 0.003377 -0.000570
v -0.000012 0.003354 -0.000579
v -0.000323 0.003281 -0.000573
v -0.000631 0.003215 -0.000573
v -0.000936 0.003136 -0.000570
v -0.001243 0.003084 -0.000581
v -0.001539 0.002998 -0.000579
v -0.001825 0.002899 -0.000573
v -0.002110 0.002820 -0.000576
v -0.002385 0.002734 -0.000579
v -0.002656 0.002651 -0.000586
v -0.002895 0.002524 -0.000575
v -0.003138 0.002417 -0.000577
v -0.003371 0.002304 -0.000583
v -0.003585 0.002173 -0.000585
v -0.003778 0.002023 -0.000582
v -0.003945 0.001852 -0.000574
v -0.004129 0.001700 -0.000586
v -0.004273 0.001517 -0.000585
v -0.004399 0.001324 -0.000584
v -0.004496 0.001118 -0.000578
v -0.004592 0.000914 -0.000582
v -0.004683 0.000707 -0.000592
v -0.004713 0.000486 -0.000582
v -0.004744 0.000268 -0.000582
v -0.004749 0.000051 -0.000580
v -0.004760 -0.000167 -0.000590
v -0.004723 -0.000380 -0.000587
v -0.004654 -0.000585 -0.000577
v -0.004596 -0.000792 -0.000583
v -0.004508 -0.000990 -0.000584
v -0.004409 -0.001185 -0.000590
v -0.004258 -0.001353 -0.000577
v -0.004117 -0.001529 -0.000579
v -0.003964 -0.001702 -0.000586
v -0.003781 -0.001856 -0.000584
v -0.003581 -0.002000 -0.000581
v -0.003357 -0.002125 -0.000573
v -0.003147 -0.002279 -0.000585
v -0.002904 -0.002401 -0.000582
v -0.002648 -0.002515 -0.000579
v -0.002381 -0.002623 -0.000574
v -0.002110 -0.002740 -0.000577
v -0.001834 -0.002867 -0.000584
v -0.001536 -0.002947 -0.000574
v -0.001239 -0.003047 -0.000574
v -0.000937 -0.003138 -0.000573
v -0.000633 -0.003240 -0.000579
v -0.000323 -0.003305 -0.000575
v -0.000012 -0.003342 -0.000567
v 0.000298 -0.003401 -0.000573
v 0.000607 -0.003423 -0.000573
v 0.000915 -0.003432 -0.000575
v 0.001214 -0.003383 -0.000565
v 0.001512 -0.003343 -0.000567
v 0.001807 -0.003287 -0.000573
v 0.002088 -0.003185 -0.000569
v 0.002360 -0.003065 -0.000567
v 0.002618 -0.002916 -0.000561
v 0.002882 -0.002789 -0.000571
v 0.003120 -0.002618 -0.000568
v 0.003341 -0.002431 -0.000563
v 0.003551 -0.002242 -0.000561
v 0.003751 -0.002053 -0.000563
v 0.003947 -0.001868 -0.000571
v 0.004091 -0.001648 -0.000560
v 0.004239 -0.001445 -0.000560
v 0.004370 -0.001239 -0.000562
v 0.004492 -0.001034 -0.000568
v 0.004576 -0.000819 -0.000564
v 0.004626 -0.000599 -0.000554
v 0.004697 -0.000388 -0.000564
v 0.004727 -0.000170 -0.000564
v 0.004675 0.000051 -0.000686
v 0.004647 0.000269 -0.000675
v 0.004625 0.000489 -0.000680
v 0.004593 0.000715 -0.000691
v 0.004508 0.000931 -0.000682
v 0.004418 0.001150 -0.000681
v 0.004304 0.001364 -0.000677
v 0.004197 0.001592 -0.000691
v 0.004046 0.001799 -0.000687
v 0.003873 0.001993 -0.000679
v 0.003700 0.002196 -0.000684
v 0.003508 0.002388 -0.000686
v 0.003307 0.002577 -0.000693
v 0.003068 0.002719 -0.000681
v 0.002835 0.002874 -0.000685
v 0.002591 0.003016 -0.000690
v 0.002331 0.003132 -0.000692
v 0.002059 0.003219 -0.000690
v 0.001775 0.003273 -0.000683
v 0.001495 0.003349 -0.000695
v 0.001200 0.003374 -0.000694
v 0.000901 0.003378 -0.000694
v 0.000598 0.003353 -0.000689
v 0.000294 0.003333 -0.000693
v -0.000012 0.003310 -0.000703
v -0.000318 0.003235 -0.000694
v -0.000623 0.003173 -0.000695
v -0.000924 0.003099 -0.000694
v -0.001227 0.003045 -0.000705
v -0.001518 0.002958 -0.000702
v -0.001800 0.002860 -0.000694
v -0.002083 0.002786 -0.000701
v -0.002354 0.002699 -0.000703
v -0.002619 0.002613 -0.000709
v -0.002856 0.002488 -0.000697
v -0.003096 0.002383 -0.000701
v -0.003327 0.002273 -0.000709
v -0.003536 0.002139 -0.000708
v -0.003726 0.001991 -0.000706
v -0.003893 0.001825 -0.000697
v -0.004075 0.001675 -0.000713
v -0.004216 0.001493 -0.000710
v -0.004336 0.001301 -0.000707
v -0.004437 0.001101 -0.000702
v -0.004532 0.000901 -0.000707
v -0.004620 0.000696 -0.000718
v -0.004647 0.000478 -0.000704
v -0.004679 0.000265 -0.000706
v -0.004689 0.000051 -0.000705
v -0.004696 -0.000163 -0.000716
v -0.004658 -0.000373 -0.000711
v -0.004590 -0.000574 -0.000700
v -0.004536 -0.000779 -0.000709
v -0.004448 -0.000973 -0.000710
v -0.004347 -0.001164 -0.000714
v -0.004200 -0.001330 -0.000700
v -0.004062 -0.001504 -0.000704
v -0.003913 -0.001676 -0.000712
v -0.003728 -0.001825 -0.000707
v -0.003531 -0.001968 -0.000705
v -0.003313 -0.002094 -0.000697
v -0.003106 -0.002247 -0.000710
v -0.002865 -0.002366 -0.000706
v -0.002611 -0.002477 -0.000700
v -0.002350 -0.002589 -0.000698
v -0.002082 -0.002705 -0.000701
v -0.001809 -0.002829 -0.000709
v -0.001515 -0.002906 -0.000695
v -0.001223 -0.003007 -0.000696
v -0.000925 -0.003101 -0.000697
v -0.000624 -0.003196 -0.000702
v -0.000319 -0.003258 -0.000698
v -0.000012 -0.003295 -0.000688
v 0.000294 -0.003356 -0.000697
v 0.000599 -0.003376 -0.000696
v 0.000902 -0.003380 -0.000696
v 0.001197 -0.003335 -0.000686
v 0.001492 -0.003296 -0.000689
v 0.001783 -0.003243 -0.000696
v 0.002058 -0.003138 -0.000690
v 0.002328 -0.003021 -0.000688
v 0.002583 -0.002878 -0.000682
v 0.002844 -0.002753 -0.000693
v 0.003078 -0.002583 -0.000690
v 0.003294 -0.002398 -0.000683
v 0.003504 -0.002216 -0.000683
v 0.003702 -0.002030 -0.000685
v 0.003892 -0.001845 -0.000693
v 0.004034 -0.001628 -0.000679
v 0.004182 -0.001428 -0.000681
v 0.004314 -0.001227 -0.000684
v 0.004430 -0.001022 -0.000688
v 0.004512 -0.000809 -0.000684
v 0.004563 -0.000592 -0.000673
v 0.004636 -0.000384 -0.000687
v 0.004664 -0.000167 -0.000685
v 0.004596 0.000051 -0.000803
v 0.004573 0.000266 -0.000794
v 0.004553 0.000484 -0.000800
v 0.004520 0.000706 -0.000812
v 0.004432 0.000918 -0.000799
v 0.004346 0.001135 -0.000800
v 0.004237 0.001348 -0.000798
v 0.004130 0.001571 -0.000811
v 0.003980 0.001774 -0.000806
v 0.003809 0.001965 -0.000796
v 0.003642 0.002168 -0.000804
v 0.003453 0.002355 -0.000806
v 0.003252 0.002538 -0.000813
v 0.003018 0.002677 -0.000799
v 0.002790 0.002830 -0.000805
v 0.002550 0.002971 -0.000812
v 0.002293 0.003080 -0.000811
v 0.002025 0.003165 -0.000809
v 0.001746 0.003221 -0.000802
v 0.001471 0.003296 -0.000817
v 0.001181 0.003318 -0.000815
v 0.000886 0.003319 -0.000813
v 0.000588 0.003300 -0.000809
v 0.000289 0.003282 -0.000814
v -0.000012 0.003258 -0.000825
v -0.000313 0.003182 -0.000813
v -0.000613 0.003123 -0.000816
v -0.000910 0.003055 -0.000816
v -0.001207 0.002999 -0.000827
v -0.001494 0.002912 -0.000823
v -0.001771 0.002815 -0.000814
v -0.002050 0.002746 -0.000824
v -0.002317 0.002658 -0.000825
v -0.002576 0.002569 -0.000831
v -0.002810 0.002447 -0.000817
v -0.003047 0.002345 -0.000823
v -0.003276 0.002236 -0.000833
v -0.003477 0.002100 -0.000829
v -0.003665 0.001955 -0.000827
v -0.003832 0.001793 -0.000819
v -0.004011 0.001645 -0.000837
v -0.004148 0.001465 -0.000833
v -0.004264 0.001276 -0.000827
v -0.004368 0.001082 -0.000825
v -0.004461 0.000885 -0.000830
v -0.004545 0.000684 -0.000841
v -0.004570 0.000470 -0.000824
v -0.004604 0.000261 -0.000828
v -0.004617 0.000051 -0.000830
v -0.004619 -0.000159 -0.000838
v -0.004581 -0.000364 -0.000832
v -0.004516 -0.000562 -0.000820
v -0.004466 -0.000764 -0.000834
v -0.004378 -0.000954 -0.000833
v -0.004275 -0.001139 -0.000835
v -0.004133 -0.001304 -0.000821
v -0.003998 -0.001476 -0.000826
v -0.003851 -0.001645 -0.000836
v -0.003667 -0.001789 -0.000828
v -0.003474 -0.001930 -0.000826
v -0.003262 -0.002059 -0.000819
v -0.003057 -0.002208 -0.000834
v -0.002819 -0.002325 -0.000828
v -0.002568 -0.002433 -0.000820
v -0.002313 -0.002549 -0.000820
v -0.002050 -0.002664 -0.000823
v -0.001780 -0.002783 -0.000831
v -0.001490 -0.002859 -0.000815
v -0.001203 -0.002960 -0.000817
v -0.000911 -0.003055 -0.000820
v -0.000614 -0.003143 -0.000823
v -0.000314 -0.003204 -0.000818
v -0.000012 -0.003241 -0.000808
v 0.000289 -0.003304 -0.000819
v 0.000589 -0.003320 -0.000817
v 0.000887 -0.003320 -0.000816
v 0.001178 -0.003279 -0.000806
v 0.001468 -0.003242 -0.000810
v 0.001755 -0.003190 -0.000818
v 0.002024 -0.003083 -0.000808
v 0.002290 -0.002971 -0.000807
v 0.002542 -0.002834 -0.000802
v 0.002798 -0.002710 -0.000814
v 0.003027 -0.002542 -0.000809
v 0.003239 -0.002359 -0.000800
v 0.003449 -0.002185 -0.000803
v 0.003643 -0.002002 -0.000805
v 0.003828 -0.001818 -0.000812
v 0.003967 -0.001604 -0.000796
v 0.004115 -0.001409 -0.000800
v 0.004247 -0.001211 -0.000805
v 0.004356 -0.001007 -0.000807
v 0.004437 -0.000797 -0.000802
v 0.004490 -0.000584 -0.000791
v 0.004564 -0.000379 -0.000808
v 0.004589 -0.000165 -0.000805
v 0.004506 0.000051 -0.000917
v 0.004489 0.000263 -0.000911
v 0.004469 0.000478 -0.000918
v 0.004435 0.000696 -0.000930
v 0.004347 0.000904 -0.000913
v 0.004264 0.001119 -0.000916
v 0.004160 0.001330 -0.000916
v 0.004051 0.001547 -0.000929
v 0.003904 0.001745 -0.000922
v 0.003736 0.001933 -0.000912
v 0.003575 0.002134 -0.000924
v 0.003388 0.002316 -0.000925
v 0.003189 0.002492 -0.000929
v 0.002961 0.002630 -0.000915
v 0.002738 0.002781 -0.000922
v 0.002503 0.002919 -0.000932
v 0.002249 0.003020 -0.000928
v 0.001986 0.003104 -0.000926
v 0.001714 0.003161 -0.000920
v 0.001444 0.003234 -0.000937
v 0.001158 0.003253 -0.000933
v 0.000869 0.003253 -0.000929
v 0.000577 0.003240 -0.000928
v 0.000283 0.003222 -0.000934
v -0.000012 0.003197 -0.000944
v -0.000307 0.003122 -0.000930
v -0.000602 0.003067 -0.000934
v -0.000894 0.003004 -0.000937
v -0.001184 0.002945 -0.000946
v -0.001465 0.002859 -0.000941
v -0.001737 0.002765 -0.000931
v -0.002013 0.002700 -0.000946
v -0.002274 0.002610 -0.000946
v -0.002527 0.002519 -0.000949
v -0.002757 0.002401 -0.000936
v -0.002991 0.002300 -0.000944
v -0.003215 0.002193 -0.000955
v -0.003410 0.002055 -0.000947
v -0.003596 0.001914 -0.000946
v -0.003762 0.001758 -0.000940
v -0.003937 0.001611 -0.000959
v -0.004069 0.001434 -0.000952
v -0.004182 0.001247 -0.000945
v -0.004288 0.001060 -0.000947
v -0.004379 0.000866 -0.000952
v -0.004459 0.000669 -0.000962
v -0.004483 0.000460 -0.000942
v -0.004518 0.000256 -0.000948
v -0.004534 0.000051 -0.000952
v -0.004531 -0.000154 -0.000958
v -0.004494 -0.000355 -0.000951
v -0.004431 -0.000548 -0.000939
v -0.004385 -0.000746 -0.000956
v -0.004296 -0.000931 -0.000954
v -0.004192 -0.001111 -0.000953
v -0.004056 -0.001274 -0.000940
v -0.003925 -0.001443 -0.000947
v -0.003780 -0.001610 -0.000958
v -0.003596 -0.001748 -0.000946
v -0.003408 -0.001889 -0.000945
v -0.003202 -0.002018 -0.000939
v -0.003000 -0.002164 -0.000955
v -0.002766 -0.002278 -0.000947
v -0.002519 -0.002384 -0.000937
v -0.002271 -0.002503 -0.000941
v -0.002012 -0.002615 -0.000943
v -0.001746 -0.002730 -0.000950
v -0.001462 -0.002805 -0.000932
v -0.001181 -0.002907 -0.000936
v -0.000895 -0.003002 -0.000941
v -0.000603 -0.003083 -0.000941
v -0.000308 -0.003142 -0.000936
v -0.000012 -0.003180 -0.000925
v 0.000284 -0.003242 -0.000939
v 0.000578 -0.003256 -0.000935
v 0.000870 -0.003251 -0.000932
v 0.001156 -0.003215 -0.000924
v 0.001440 -0.003180 -0.000929
v 0.001722 -0.003128 -0.000937
v 0.001985 -0.003020 -0.000924
v 0.002246 -0.002913 -0.000924
v 0.002496 -0.002783 -0.000921
v 0.002746 -0.002659 -0.000933
v 0.002969 -0.002495 -0.000926
v 0.003177 -0.002315 -0.000915
v 0.003386 -0.002150 -0.000922
v 0.003576 -0.001969 -0.000924
v 0.003754 -0.001786 -0.000929
v 0.003892 -0.001577 -0.000911
v 0.004038 -0.001387 -0.000917
v 0.004170 -0.001193 -0.000925
v 0.004272 -0.000990 -0.000923
v 0.004352 -0.000784 -0.000918
v 0.004407 -0.000575 -0.000908
v 0.004479 -0.000373 -0.000927
v 0.004502 -0.000161 -0.000922
v 0.004406 0.000051 -0.001029
v 0.004394 0.000259 -0.001027
v 0.004373 0.000471 -0.001034
v 0.004338 0.000685 -0.001045
v 0.004251 0.000889 -0.001025
v 0.004172 0.001100 -0.001031
v 0.004073 0.001308 -0.001033
v 0.003963 0.001519 -0.001043
v 0.003818 0.001713 -0.001036
v 0.003655 0.001897 -0.001025
v 0.003500 0.002096 -0.001041
v 0.003315 0.002272 -0.001040
v 0.003119 0.002440 -0.001043
v 0.002897 0.002577 -0.001030
v 0.002679 0.002725 -0.001038
v 0.002450 0.002859 -0.001049
v 0.002199 0.002953 -0.001042
v 0.001943 0.003036 -0.001041
v 0.001677 0.003094 -0.001036
v 0.001413 0.003164 -0.001054
v 0.001133 0.003181 -0.001048
v 0.000850 0.003179 -0.001043
v 0.000565 0.003172 -0.001045
v 0.000277 0.003154 -0.001051
v -0.000012 0.003129 -0.001061
v -0.000301 0.003055 -0.001044
v -0.000589 0.003005 -0.001050
v -0.000875 0.002946 -0.001056
v -0.001159 0.002883 -0.001062
v -0.001434 0.002800 -0.001057
v -0.001700 0.002708 -0.001047
v -0.001971 0.002647 -0.001065
v -0.002225 0.002556 -0.001063
v -0.002471 0.002463 -0.001064
v -0.002698 0.002350 -0.001052
v -0.002928 0.002251 -0.001062
v -0.003147 0.002145 -0.001074
v -0.003335 0.002006 -0.001062
v -0.003519 0.001869 -0.001062
v -0.003683 0.001718 -0.001059
v -0.003852 0.001573 -0.001077
v -0.003981 0.001398 -0.001069
v -0.004090 0.001216 -0.001060
v -0.004198 0.001035 -0.001066
v -0.004286 0.000846 -0.001070
v -0.004361 0.000653 -0.001079
v -0.004386 0.000449 -0.001058
v -0.004422 0.000251 -0.001066
v -0.004439 0.000051 -0.001073
v -0.004432 -0.000149 -0.001075
v -0.004396 -0.000344 -0.001068
v -0.004337 -0.000533 -0.001056
v -0.004293 -0.000726 -0.001077
v -0.004204 -0.000906 -0.001071
v -0.004099 -0.001080 -0.001069
v -0.003970 -0.001242 -0.001058
v -0.003842 -0.001407 -0.001066
v -0.003700 -0.001569 -0.001077
v -0.003517 -0.001703 -0.001061
v -0.003335 -0.001843 -0.001061
v -0.003135 -0.001973 -0.001058
v -0.002935 -0.002114 -0.001073
v -0.002706 -0.002226 -0.001063
v -0.002464 -0.002330 -0.001052
v -0.002224 -0.002451 -0.001060
v -0.001969 -0.002561 -0.001061
v -0.001708 -0.002671 -0.001066
v -0.001430 -0.002745 -0.001047
v -0.001156 -0.002847 -0.001053
v -0.000876 -0.002941 -0.001059
v -0.000590 -0.003015 -0.001057
v -0.000301 -0.003073 -0.001051
v -0.000012 -0.003111 -0.001041
v 0.000278 -0.003172 -0.001057
v 0.000565 -0.003182 -0.001051
v 0.000850 -0.003174 -0.001046
v 0.001131 -0.003144 -0.001040
v 0.001409 -0.003109 -0.001045
v 0.001684 -0.003057 -0.001054
v 0.001941 -0.002949 -0.001038
v 0.002198 -0.002848 -0.001039
v 0.002443 -0.002725 -0.001038
v 0.002686 -0.002602 -0.001049
v 0.002904 -0.002441 -0.001040
v 0.003108 -0.002267 -0.001029
v 0.003315 -0.002108 -0.001040
v 0.003499 -0.001930 -0.001039
v 0.003671 -0.001750 -0.001043
v 0.003808 -0.001547 -0.001025
v 0.003952 -0.001361 -0.001033
v 0.004081 -0.001172 -0.001042
v 0.004177 -0.000971 -0.001036
v 0.004257 -0.000769 -0.001031
v 0.004314 -0.000565 -0.001023
v 0.004384 -0.000366 -0.001044
v 0.004404 -0.000158 -0.001036
v 0.004296 0.000051 -0.001139
v 0.004289 0.000256 -0.001141
v 0.004267 0.000463 -0.001147
v 0.004231 0.000672 -0.001157
v 0.004146 0.000871 -0.001135
v 0.004071 0.001079 -0.001143
v 0.003975 0.001284 -0.001148
v 0.003864 0.001487 -0.001155
v 0.003724 0.001677 -0.001147
v 0.003566 0.001857 -0.001137
v 0.003416 0.002053 -0.001156
v 0.003234 0.002222 -0.001153
v 0.003041 0.002383 -0.001154
v 0.002826 0.002518 -0.001142
v 0.002614 0.002662 -0.001152
v 0.002390 0.002791 -0.001163
v 0.002144 0.002878 -0.001152
v 0.001895 0.002960 -0.001153
v 0.001636 0.003019 -0.001151
v 0.001378 0.003085 -0.001168
v 0.001105 0.003100 -0.001161
v 0.000828 0.003097 -0.001154
v 0.000551 0.003096 -0.001160
v 0.000270 0.003078 -0.001165
v -0.000012 0.003052 -0.001174
v -0.000294 0.002981 -0.001156
v -0.000575 0.002935 -0.001165
v -0.000855 0.002880 -0.001172
v -0.001130 0.002815 -0.001175
v -0.001399 0.002735 -0.001169
v -0.001659 0.002647 -0.001160
v -0.001924 0.002587 -0.001181
v -0.002171 0.002496 -0.001177
v -0.002410 0.002402 -0.001176
v -0.002633 0.002294 -0.001167
v -0.002857 0.002196 -0.001177
v -0.003071 0.002091 -0.001190
v -0.003253 0.001952 -0.001174
v -0.003433 0.001820 -0.001177
v -0.003595 0.001674 -0.001175
v -0.003758 0.001530 -0.001193
v -0.003883 0.001360 -0.001183
v -0.003990 0.001182 -0.001172
v -0.004098 0.001008 -0.001183
v -0.004183 0.000823 -0.001186
v -0.004253 0.000634 -0.001193
v -0.004278 0.000437 -0.001171
v -0.004315 0.000245 -0.001181
v -0.004333 0.000051 -0.001190
v -0.004322 -0.000143 -0.001188
v -0.004288 -0.000332 -0.001182
v -0.004233 -0.000516 -0.001171
v -0.004190 -0.000704 -0.001194
v -0.004101 -0.000878 -0.001186
v -0.003997 -0.001046 -0.001181
v -0.003875 -0.001206 -0.001174
v -0.003749 -0.001367 -0.001182
v -0.003609 -0.001524 -0.001193
v -0.003430 -0.001654 -0.001173
v -0.003254 -0.001792 -0.001176
v -0.003061 -0.001922 -0.001175
v -0.002864 -0.002058 -0.001188
v -0.002639 -0.002168 -0.001177
v -0.002404 -0.002271 -0.001165
v -0.002171 -0.002394 -0.001177
v -0.001922 -0.002499 -0.001176
v -0.001666 -0.002605 -0.001179
v -0.001396 -0.002680 -0.001160
v -0.001129 -0.002780 -0.001168
v -0.000855 -0.002873 -0.001175
v -0.000576 -0.002939 -0.001169
v -0.000294 -0.002996 -0.001164
v -0.000012 -0.003036 -0.001155
v 0.000271 -0.003094 -0.001173
v 0.000551 -0.003100 -0.001164
v 0.000829 -0.003090 -0.001157
v 0.001103 -0.003065 -0.001154
v 0.001375 -0.003030 -0.001159
v 0.001643 -0.002978 -0.001167
v 0.001893 -0.002872 -0.001148
v 0.002144 -0.002776 -0.001152
v 0.002384 -0.002660 -0.001153
v 0.002619 -0.002537 -0.001161
v 0.002832 -0.002381 -0.001151
v 0.003031 -0.002213 -0.001140
v 0.003235 -0.002062 -0.001155
v 0.003413 -0.001887 -0.001152
v 0.003580 -0.001709 -0.001154
v 0.003715 -0.001513 -0.001136
v 0.003856 -0.001333 -0.001146
v 0.003983 -0.001148 -0.001156
v 0.004073 -0.000949 -0.001146
v 0.004153 -0.000753 -0.001143
v 0.004210 -0.000553 -0.001136
v 0.004277 -0.000357 -0.001157
v 0.004295 -0.000153 -0.001147
v 0.004176 0.000051 -0.001246
v 0.004173 0.000251 -0.001253
v 0.004151 0.000453 -0.001258
v 0.004113 0.000657 -0.001266
v 0.004031 0.000852 -0.001243
v 0.003959 0.001055 -0.001253
v 0.003868 0.001256 -0.001260
v 0.003756 0.001452 -0.001263
v 0.003620 0.001636 -0.001255
v 0.003468 0.001813 -0.001246
v 0.003323 0.002004 -0.001268
v 0.003145 0.002166 -0.001263
v 0.002955 0.002319 -0.001261
v 0.002749 0.002453 -0.001252
v 0.002543 0.002592 -0.001263
v 0.002324 0.002716 -0.001275
v 0.002084 0.002796 -0.001260
v 0.001843 0.002878 -0.001263
v 0.001592 0.002937 -0.001262
v 0.001340 0.002999 -0.001279
v 0.001074 0.003012 -0.001270
v 0.000805 0.003010 -0.001262
v 0.000536 0.003014 -0.001273
v 0.000262 0.002995 -0.001277
v -0.000012 0.002967 -0.001284
v -0.000286 0.002901 -0.001265
v -0.000560 0.002859 -0.001276
v -0.000832 0.002808 -0.001285
v -0.001099 0.002740 -0.001284
v -0.001360 0.002663 -0.001279
v -0.001614 0.002580 -0.001272
v -0.001872 0.002521 -0.001295
v -0.002111 0.002429 -0.001288
v -0.002343 0.002335 -0.001285
v -0.002562 0.002233 -0.001279
v -0.002780 0.002136 -0.001290
v -0.002987 0.002032 -0.001302
v -0.003162 0.001895 -0.001283
v -0.003339 0.001767 -0.001288
v -0.003499 0.001626 -0.001289
v -0.003655 0.001484 -0.001305
v -0.003776 0.001318 -0.001293
v -0.003880 0.001146 -0.001282
v -0.003989 0.000978 -0.001298
v -0.004068 0.000798 -0.001299
v -0.004134 0.000615 -0.001303
v -0.004161 0.000425 -0.001282
v -0.004198 0.000239 -0.001294
v -0.004216 0.000051 -0.001305
v -0.004201 -0.000136 -0.001297
v -0.004170 -0.000319 -0.001292
v -0.004118 -0.000498 -0.001284
v -0.004076 -0.000680 -0.001308
v -0.003988 -0.000848 -0.001297
v -0.003886 -0.001010 -0.001290
v -0.003771 -0.001167 -0.001287
v -0.003648 -0.001324 -0.001295
v -0.003510 -0.001476 -0.001305
v -0.003335 -0.001601 -0.001282
v -0.003165 -0.001738 -0.001287
v -0.002979 -0.001867 -0.001289
v -0.002785 -0.001997 -0.001299
v -0.002566 -0.002105 -0.001287
v -0.002338 -0.002208 -0.001275
v -0.002113 -0.002331 -0.001291
v -0.001869 -0.002432 -0.001287
v -0.001620 -0.002532 -0.001288
v -0.001358 -0.002609 -0.001270
v -0.001098 -0.002707 -0.001280
v -0.000832 -0.002797 -0.001288
v -0.000560 -0.002857 -0.001277
v -0.000287 -0.002913 -0.001273
v -0.000012 -0.002953 -0.001267
v 0.000263 -0.003008 -0.001285
v 0.000536 -0.003011 -0.001274
v 0.000805 -0.002999 -0.001265
v 0.001073 -0.002979 -0.001266
v 0.001337 -0.002943 -0.001271
v 0.001597 -0.002891 -0.001278
v 0.001840 -0.002788 -0.001256
v 0.002085 -0.002698 -0.001262
v 0.002320 -0.002588 -0.001265
v 0.002546 -0.002465 -0.001270
v 0.002754 -0.002315 -0.001260
v 0.002948 -0.002154 -0.001249
v 0.003147 -0.002009 -0.001267
v 0.003319 -0.001838 -0.001262
v 0.003479 -0.001664 -0.001261
v 0.003613 -0.001476 -0.001246
v 0.003751 -0.001301 -0.001257
v 0.003874 -0.001120 -0.001268
v 0.003959 -0.000925 -0.001252
v 0.004038 -0.000734 -0.001252
v 0.004097 -0.000540 -0.001247
v 0.004160 -0.000348 -0.001268
v 0.004176 -0.000149 -0.001256
v 0.004047 0.000051 -0.001350
v 0.004048 0.000246 -0.001362
v 0.004024 0.000443 -0.001365
v 0.003985 0.000641 -0.001371
v 0.003906 0.000831 -0.001348
v 0.003839 0.001029 -0.001361
v 0.003751 0.001225 -0.001369
v 0.003639 0.001413 -0.001367
v 0.003508 0.001592 -0.001361
v 0.003362 0.001764 -0.001353
v 0.003222 0.001950 -0.001377
v 0.003047 0.002104 -0.001369
v 0.002863 0.002251 -0.001365
v 0.002666 0.002383 -0.001360
v 0.002465 0.002516 -0.001371
v 0.002253 0.002634 -0.001382
v 0.002019 0.002708 -0.001364
v 0.001786 0.002789 -0.001370
v 0.001544 0.002848 -0.001372
v 0.001298 0.002904 -0.001386
v 0.001040 0.002916 -0.001376
v 0.000780 0.002915 -0.001368
v 0.000519 0.002923 -0.001383
v 0.000254 0.002904 -0.001384
v -0.000012 0.002876 -0.001389
v -0.000278 0.002815 -0.001371
v -0.000543 0.002777 -0.001385
v -0.000807 0.002728 -0.001395
v -0.001065 0.002659 -0.001390
v -0.001319 0.002586 -0.001386
v -0.001566 0.002507 -0.001380
v -0.001816 0.002450 -0.001405
v -0.002047 0.002358 -0.001395
v -0.002270 0.002264 -0.001390
v -0.002485 0.002167 -0.001389
v -0.002696 0.002072 -0.001399
v -0.002895 0.001968 -0.001410
v -0.003065 0.001833 -0.001388
v -0.003238 0.001710 -0.001396
v -0.003394 0.001574 -0.001400
v -0.003542 0.001434 -0.001412
v -0.003659 0.001273 -0.001400
v -0.003761 0.001107 -0.001389
v -0.003869 0.000946 -0.001409
v -0.003944 0.000772 -0.001407
v -0.004006 0.000594 -0.001409
v -0.004035 0.000411 -0.001390
v -0.004072 0.000232 -0.001404
v -0.004088 0.000051 -0.001415
v -0.004070 -0.000129 -0.001403
v -0.004042 -0.000306 -0.001400
v -0.003995 -0.000479 -0.001394
v -0.003952 -0.000654 -0.001418
v -0.003865 -0.000815 -0.001404
v -0.003765 -0.000972 -0.001395
v -0.003658 -0.001126 -0.001397
v -0.003537 -0.001277 -0.001404
v -0.003402 -0.001423 -0.001413
v -0.003232 -0.001545 -0.001387
v -0.003069 -0.001681 -0.001396
v -0.002890 -0.001808 -0.001400
v -0.002699 -0.001932 -0.001406
v -0.002487 -0.002038 -0.001393
v -0.002267 -0.002140 -0.001382
v -0.002049 -0.002261 -0.001401
v -0.001812 -0.002358 -0.001395
v -0.001570 -0.002454 -0.001393
v -0.001317 -0.002532 -0.001378
v -0.001065 -0.002627 -0.001389
v -0.000807 -0.002714 -0.001397
v -0.000543 -0.002767 -0.001382
v -0.000278 -0.002823 -0.001380
v -0.000012 -0.002864 -0.001376
v 0.000254 -0.002913 -0.001393
v 0.000519 -0.002914 -0.001380
v 0.000780 -0.002901 -0.001370
v 0.001040 -0.002885 -0.001375
v 0.001296 -0.002849 -0.001379
v 0.001547 -0.002796 -0.001384
v 0.001783 -0.002697 -0.001361
v 0.002021 -0.002613 -0.001370
v 0.002249 -0.002508 -0.001375
v 0.002467 -0.002387 -0.001376
v 0.002668 -0.002243 -0.001366
v 0.002858 -0.002090 -0.001355
v 0.003052 -0.001952 -0.001376
v 0.003217 -0.001784 -0.001368
v 0.003370 -0.001614 -0.001365
v 0.003503 -0.001435 -0.001353
v 0.003637 -0.001265 -0.001365
v 0.003755 -0.001089 -0.001375
v 0.003835 -0.000899 -0.001356
v 0.003914 -0.000714 -0.001358
v 0.003973 -0.000525 -0.001356
v 0.004031 -0.000338 -0.001375
v 0.004047 -0.000144 -0.001361
v 0.003909 0.000051 -0.001452
v 0.003912 0.000241 -0.001468
v 0.003887 0.000432 -0.001468
v 0.003847 0.000623 -0.001472
v 0.003773 0.000808 -0.001450
v 0.003709 0.001001 -0.001465
v 0.003624 0.001190 -0.001475
v 0.003513 0.001370 -0.001468
v 0.003388 0.001545 -0.001463
v 0.003249 0.001712 -0.001457
v 0.003113 0.001890 -0.001482
v 0.002943 0.002037 -0.001471
v 0.002764 0.002176 -0.001466
v 0.002576 0.002306 -0.001465
v 0.002381 0.002433 -0.001476
v 0.002175 0.002544 -0.001486
v 0.001949 0.002614 -0.001465
v 0.001725 0.002693 -0.001474
v 0.001491 0.002752 -0.001478
v 0.001253 0.002802 -0.001490
v 0.001004 0.002814 -0.001478
v 0.000753 0.002815 -0.001470
v 0.000501 0.002826 -0.001490
v 0.000245 0.002805 -0.001488
v -0.000012 0.002777 -0.001491
v -0.000269 0.002722 -0.001475
v -0.000525 0.002688 -0.001490
v -0.000780 0.002641 -0.001501
v -0.001029 0.002571 -0.001491
v -0.001274 0.002503 -0.001489
v -0.001514 0.002429 -0.001486
v -0.001754 0.002372 -0.001510
v -0.001977 0.002280 -0.001498
v -0.002193 0.002188 -0.001492
v -0.002403 0.002097 -0.001496
v -0.002605 0.002003 -0.001505
v -0.002797 0.001899 -0.001514
v -0.002960 0.001769 -0.001490
v -0.003129 0.001650 -0.001502
v -0.003281 0.001519 -0.001507
v -0.003421 0.001381 -0.001515
v -0.003535 0.001226 -0.001503
v -0.003634 0.001067 -0.001494
v -0.003739 0.000912 -0.001517
v -0.003810 0.000743 -0.001511
v -0.003868 0.000572 -0.001511
v -0.003899 0.000397 -0.001495
v -0.003935 0.000225 -0.001511
v -0.003950 0.000051 -0.001521
v -0.003930 -0.000122 -0.001504
v -0.003905 -0.000292 -0.001504
v -0.003861 -0.000458 -0.001500
v -0.003818 -0.000626 -0.001523
v -0.003733 -0.000781 -0.001507
v -0.003637 -0.000932 -0.001498
v -0.003536 -0.001082 -0.001505
v -0.003418 -0.001227 -0.001510
v -0.003286 -0.001368 -0.001516
v -0.003122 -0.001487 -0.001490
v -0.002966 -0.001619 -0.001502
v -0.002793 -0.001744 -0.001507
v -0.002606 -0.001861 -0.001508
v -0.002403 -0.001966 -0.001496
v -0.002191 -0.002067 -0.001486
v -0.001981 -0.002187 -0.001508
v -0.001751 -0.002279 -0.001499
v -0.001516 -0.002370 -0.001495
v -0.001273 -0.002449 -0.001483
v -0.001030 -0.002541 -0.001494
v -0.000780 -0.002623 -0.001502
v -0.000525 -0.002671 -0.001483
v -0.000269 -0.002727 -0.001484
v -0.000012 -0.002767 -0.001482
v 0.000245 -0.002811 -0.001498
v 0.000501 -0.002809 -0.001482
v 0.000753 -0.002796 -0.001472
v 0.001005 -0.002784 -0.001482
v 0.001252 -0.002747 -0.001483
v 0.001494 -0.002694 -0.001486
v 0.001722 -0.002600 -0.001463
v 0.001952 -0.002521 -0.001475
v 0.002173 -0.002422 -0.001480
v 0.002382 -0.002302 -0.001477
v 0.002577 -0.002166 -0.001468
v 0.002761 -0.002020 -0.001459
v 0.002949 -0.001888 -0.001482
v 0.003106 -0.001725 -0.001471
v 0.003254 -0.001561 -0.001466
v 0.003385 -0.001391 -0.001458
v 0.003514 -0.001226 -0.001469
v 0.003627 -0.001055 -0.001479
v 0.003702 -0.000870 -0.001456
v 0.003781 -0.000692 -0.001461
v 0.003840 -0.000509 -0.001462
v 0.003893 -0.000327 -0.001478
v 0.003908 -0.000138 -0.001462
v 0.003761 0.000051 -0.001550
v 0.003766 0.000235 -0.001571
v 0.003740 0.000419 -0.001568
v 0.003700 0.000604 -0.001569
v 0.003631 0.000783 -0.001549
v 0.003570 0.000970 -0.001567
v 0.003488 0.001152 -0.001576
v 0.003379 0.001324 -0.001564
v 0.003260 0.001493 -0.001562
v 0.003127 0.001655 -0.001558
v 0.002996 0.001824 -0.001583
v 0.002831 0.001964 -0.001569
v 0.002659 0.002097 -0.001564
v 0.002480 0.002224 -0.001567
v 0.002292 0.002343 -0.001577
v 0.002093 0.002448 -0.001585
v 0.001875 0.002514 -0.001562
v 0.001660 0.002592 -0.001575
v 0.001436 0.002649 -0.001580
v 0.001205 0.002693 -0.001588
v 0.000966 0.002705 -0.001577
v 0.000724 0.002708 -0.001570
v 0.000482 0.002721 -0.001593
v 0.000235 0.002700 -0.001588
v -0.000012 0.002673 -0.001589
v -0.000259 0.002624 -0.001575
v -0.000506 0.002592 -0.001592
v -0.000751 0.002548 -0.001602
v -0.000990 0.002478 -0.001588
v -0.001227 0.002415 -0.001590
v -0.001458 0.002345 -0.001588
v -0.001689 0.002288 -0.001612
v -0.001903 0.002198 -0.001597
v -0.002110 0.002109 -0.001590
v -0.002314 0.002023 -0.001599
v -0.002508 0.001929 -0.001606
v -0.002691 0.001827 -0.001613
v -0.002849 0.001701 -0.001589
v -0.003012 0.001587 -0.001604
v -0.003159 0.001461 -0.001611
v -0.003291 0.001325 -0.001614
v -0.003402 0.001177 -0.001603
v -0.003499 0.001025 -0.001595
v -0.003601 0.000876 -0.001621
v -0.003667 0.000714 -0.001611
v -0.003721 0.000549 -0.001609
v -0.003754 0.000383 -0.001597
v -0.003788 0.000217 -0.001613
v -0.003802 0.000051 -0.001623
v -0.003781 -0.000114 -0.001602
v -0.003759 -0.000277 -0.001605
v -0.003718 -0.000437 -0.001604
v -0.003674 -0.000597 -0.001624
v -0.003592 -0.000746 -0.001606
v -0.003500 -0.000890 -0.001597
v -0.003405 -0.001036 -0.001609
v -0.003290 -0.001175 -0.001611
v -0.003161 -0.001309 -0.001615
v -0.003005 -0.001425 -0.001589
v -0.002856 -0.001554 -0.001604
v -0.002690 -0.001676 -0.001610
v -0.002508 -0.001787 -0.001606
v -0.002313 -0.001891 -0.001596
v -0.002109 -0.001990 -0.001587
v -0.001907 -0.002106 -0.001611
v -0.001685 -0.002194 -0.001598
v -0.001459 -0.002281 -0.001593
v -0.001226 -0.002361 -0.001585
v -0.000992 -0.002448 -0.001596
v -0.000752 -0.002525 -0.001603
v -0.000505 -0.002569 -0.001580
v -0.000259 -0.002624 -0.001585
v -0.000012 -0.002663 -0.001584
v 0.000236 -0.002701 -0.001598
v 0.000481 -0.002698 -0.001581
v 0.000724 -0.002685 -0.001571
v 0.000967 -0.002676 -0.001585
v 0.001204 -0.002638 -0.001583
v 0.001437 -0.002585 -0.001584
v 0.001656 -0.002497 -0.001562
v 0.001879 -0.002423 -0.001576
v 0.002092 -0.002329 -0.001582
v 0.002290 -0.002210 -0.001574
v 0.002479 -0.002082 -0.001567
v 0.002657 -0.001945 -0.001560
v 0.002838 -0.001818 -0.001584
v 0.002988 -0.001661 -0.001569
v 0.003130 -0.001503 -0.001563
v 0.003259 -0.001342 -0.001560
v 0.003382 -0.001183 -0.001570
v 0.003489 -0.001018 -0.001578
v 0.003561 -0.000839 -0.001553
v 0.003639 -0.000667 -0.001562
v 0.003697 -0.000492 -0.001564
v 0.003745 -0.000314 -0.001576
v 0.003759 -0.000132 -0.001560
v 0.003605 0.000051 -0.001646
v 0.003611 0.000228 -0.001671
v 0.003584 0.000406 -0.001663
v 0.003544 0.000583 -0.001662
v 0.003481 0.000757 -0.001646
v 0.003422 0.000936 -0.001664
v 0.003343 0.001111 -0.001673
v 0.003236 0.001274 -0.001657
v 0.003125 0.001437 -0.001658
v 0.002999 0.001593 -0.001657
v 0.002871 0.001754 -0.001680
v 0.002712 0.001886 -0.001664
v 0.002547 0.002012 -0.001657
v 0.002377 0.002136 -0.001666
v 0.002196 0.002247 -0.001674
v 0.002005 0.002345 -0.001680
v 0.001796 0.002408 -0.001657
v 0.001591 0.002483 -0.001672
v 0.001376 0.002538 -0.001679
v 0.001154 0.002577 -0.001682
v 0.000925 0.002591 -0.001672
v 0.000694 0.002595 -0.001667
v 0.000462 0.002610 -0.001692
v 0.000225 0.002588 -0.001683
v -0.000012 0.002562 -0.001683
v -0.000249 0.002520 -0.001673
v -0.000486 0.002490 -0.001690
v -0.000721 0.002447 -0.001699
v -0.000949 0.002379 -0.001681
v -0.001177 0.002322 -0.001686
v -0.001398 0.002256 -0.001687
v -0.001619 0.002198 -0.001708
v -0.001824 0.002111 -0.001692
v -0.002023 0.002025 -0.001685
v -0.002220 0.001944 -0.001699
v -0.002404 0.001851 -0.001703
v -0.002579 0.001751 -0.001708
v -0.002731 0.001630 -0.001684
v -0.002888 0.001521 -0.001702
v -0.003030 0.001400 -0.001710
v -0.003154 0.001267 -0.001707
v -0.003261 0.001126 -0.001698
v -0.003355 0.000981 -0.001692
v -0.003453 0.000839 -0.001720
v -0.003514 0.000683 -0.001707
v -0.003566 0.000526 -0.001703
v -0.003600 0.000367 -0.001695
v -0.003632 0.000210 -0.001711
v -0.003645 0.000051 -0.001719
v -0.003623 -0.000106 -0.001695
v -0.003604 -0.000262 -0.001702
v -0.003566 -0.000415 -0.001703
v -0.003522 -0.000567 -0.001720
v -0.003443 -0.000709 -0.001701
v -0.003355 -0.000847 -0.001692
v -0.003266 -0.000988 -0.001709
v -0.003154 -0.001120 -0.001708
v -0.003030 -0.001248 -0.001709
v -0.002881 -0.001361 -0.001685
v -0.002738 -0.001487 -0.001702
v -0.002579 -0.001604 -0.001708
v -0.002403 -0.001709 -0.001699
v -0.002217 -0.001811 -0.001692
v -0.002023 -0.001909 -0.001685
v -0.001829 -0.002021 -0.001710
v -0.001616 -0.002104 -0.001693
v -0.001398 -0.002187 -0.001687
v -0.001176 -0.002267 -0.001683
v -0.000951 -0.002349 -0.001694
v -0.000721 -0.002421 -0.001699
v -0.000485 -0.002461 -0.001674
v -0.000249 -0.002516 -0.001682
v -0.000012 -0.002553 -0.001683
v 0.000225 -0.002584 -0.001693
v 0.000461 -0.002581 -0.001676
v 0.000694 -0.002568 -0.001667
v 0.000927 -0.002562 -0.001684
v 0.001154 -0.002522 -0.001679
v 0.001376 -0.002469 -0.001678
v 0.001587 -0.002388 -0.001658
v 0.001801 -0.002318 -0.001674
v 0.002005 -0.002229 -0.001680
v 0.002194 -0.002113 -0.001667
v 0.002376 -0.001994 -0.001663
v 0.002547 -0.001865 -0.001658
v 0.002720 -0.001743 -0.001681
v 0.002863 -0.001592 -0.001664
v 0.002998 -0.001441 -0.001656
v 0.003125 -0.001290 -0.001658
v 0.003242 -0.001136 -0.001667
v 0.003343 -0.000977 -0.001673
v 0.003412 -0.000805 -0.001646
v 0.003488 -0.000641 -0.001659
v 0.003545 -0.000472 -0.001663
v 0.003588 -0.000300 -0.001670
v 0.003602 -0.000125 -0.001655
v 0.003441 0.000051 -0.001739
v 0.003447 0.000221 -0.001765
v 0.003419 0.000391 -0.001754
v 0.003380 0.000561 -0.001751
v 0.003323 0.000728 -0.001739
v 0.003266 0.000899 -0.001758
v 0.003190 0.001066 -0.001766
v 0.003086 0.001220 -0.001745
v 0.002982 0.001377 -0.001751
v 0.002862 0.001526 -0.001751
v 0.002739 0.001678 -0.001772
v 0.002587 0.001802 -0.001754
v 0.002430 0.001922 -0.001748
v 0.002269 0.002042 -0.001762
v 0.002095 0.002145 -0.001766
v 0.001912 0.002236 -0.001770
v 0.001713 0.002296 -0.001747
v 0.001518 0.002369 -0.001766
v 0.001313 0.002422 -0.001773
v 0.001100 0.002455 -0.001771
v 0.000882 0.002470 -0.001763
v 0.000662 0.002476 -0.001759
v 0.000440 0.002492 -0.001786
v 0.000214 0.002470 -0.001774
v -0.000012 0.002445 -0.001772
v -0.000238 0.002410 -0.001767
v -0.000464 0.002382 -0.001783
v -0.000688 0.002341 -0.001792
v -0.000906 0.002275 -0.001770
v -0.001124 0.002223 -0.001779
v -0.001336 0.002162 -0.001782
v -0.001545 0.002103 -0.001799
v -0.001741 0.002020 -0.001782
v -0.001931 0.001937 -0.001776
v -0.002120 0.001861 -0.001794
v -0.002295 0.001769 -0.001795
v -0.002461 0.001672 -0.001798
v -0.002607 0.001557 -0.001776
v -0.002758 0.001453 -0.001796
v -0.002893 0.001336 -0.001804
v -0.003009 0.001207 -0.001796
v -0.003112 0.001074 -0.001790
v -0.003203 0.000935 -0.001786
v -0.003296 0.000800 -0.001814
v -0.003354 0.000651 -0.001797
v -0.003402 0.000502 -0.001792
v -0.003438 0.000351 -0.001790
v -0.003467 0.000202 -0.001804
v -0.003478 0.000051 -0.001811
v -0.003457 -0.000098 -0.001784
v -0.003441 -0.000246 -0.001796
v -0.003405 -0.000391 -0.001798
v -0.003360 -0.000535 -0.001810
v -0.003285 -0.000670 -0.001792
v -0.003202 -0.000803 -0.001784
v -0.003119 -0.000938 -0.001804
v -0.003010 -0.001063 -0.001799
v -0.002890 -0.001185 -0.001799
v -0.002750 -0.001295 -0.001777
v -0.002615 -0.001416 -0.001796
v -0.002462 -0.001528 -0.001802
v -0.002292 -0.001628 -0.001788
v -0.002116 -0.001728 -0.001784
v -0.001932 -0.001823 -0.001779
v -0.001746 -0.001930 -0.001803
v -0.001542 -0.002008 -0.001784
v -0.001335 -0.002088 -0.001777
v -0.001124 -0.002167 -0.001778
v -0.000908 -0.002244 -0.001787
v -0.000688 -0.002311 -0.001790
v -0.000463 -0.002348 -0.001764
v -0.000238 -0.002401 -0.001776
v -0.000012 -0.002436 -0.001778
v 0.000214 -0.002461 -0.001783
v 0.000439 -0.002457 -0.001766
v 0.000661 -0.002446 -0.001758
v 0.000884 -0.002440 -0.001779
v 0.001100 -0.002399 -0.001770
v 0.001312 -0.002348 -0.001768
v 0.001515 -0.002273 -0.001751
v 0.001719 -0.002208 -0.001767
v 0.001913 -0.002122 -0.001773
v 0.002092 -0.002011 -0.001755
v 0.002267 -0.001900 -0.001755
v 0.002432 -0.001779 -0.001752
v 0.002595 -0.001662 -0.001774
v 0.002731 -0.001519 -0.001754
v 0.002860 -0.001375 -0.001746
v 0.002983 -0.001233 -0.001754
v 0.003093 -0.001085 -0.001760
v 0.003189 -0.000933 -0.001764
v 0.003255 -0.000769 -0.001736
v 0.003329 -0.000613 -0.001753
v 0.003383 -0.000451 -0.001757
v 0.003421 -0.000286 -0.001759
v 0.003437 -0.000118 -0.001745
v 0.003268 0.000051 -0.001828
v 0.003274 0.000213 -0.001856
v 0.003245 0.000375 -0.001840
v 0.003209 0.000537 -0.001836
v 0.003156 0.000696 -0.001829
v 0.003102 0.000859 -0.001847
v 0.003029 0.001017 -0.001854
v 0.002929 0.001163 -0.001830
v 0.002832 0.001314 -0.001839
v 0.002719 0.001455 -0.001842
v 0.002600 0.001597 -0.001859
v 0.002456 0.001714 -0.001840
v 0.002307 0.001827 -0.001835
v 0.002156 0.001942 -0.001853
v 0.001989 0.002037 -0.001853
v 0.001815 0.002121 -0.001856
v 0.001627 0.002179 -0.001834
v 0.001442 0.002249 -0.001856
v 0.001247 0.002299 -0.001862
v 0.001044 0.002327 -0.001856
v 0.000837 0.002344 -0.001850
v 0.000628 0.002352 -0.001849
v 0.000418 0.002367 -0.001876
v 0.000203 0.002346 -0.001860
v -0.000012 0.002324 -0.001857
v -0.000227 0.002294 -0.001857
v -0.000441 0.002267 -0.001872
v -0.000654 0.002228 -0.001879
v -0.000861 0.002166 -0.001855
v -0.001068 0.002119 -0.001868
v -0.001270 0.002062 -0.001872
v -0.001468 0.002004 -0.001886
v -0.001654 0.001924 -0.001868
v -0.001834 0.001846 -0.001863
v -0.002015 0.001774 -0.001885
v -0.002180 0.001684 -0.001882
v -0.002337 0.001590 -0.001883
v -0.002477 0.001481 -0.001863
v -0.002620 0.001381 -0.001885
v -0.002748 0.001270 -0.001893
v -0.002856 0.001146 -0.001880
v -0.002956 0.001019 -0.001877
v -0.003044 0.000889 -0.001876
v -0.003131 0.000759 -0.001902
v -0.003185 0.000618 -0.001883
v -0.003231 0.000477 -0.001878
v -0.003268 0.000335 -0.001881
v -0.003294 0.000193 -0.001893
v -0.003303 0.000051 -0.001897
v -0.003283 -0.000090 -0.001869
v -0.003269 -0.000230 -0.001885
v -0.003236 -0.000368 -0.001889
v -0.003190 -0.000503 -0.001896
v -0.003120 -0.000631 -0.001878
v -0.003042 -0.000757 -0.001871
v -0.002964 -0.000886 -0.001895
v -0.002859 -0.001004 -0.001886
v -0.002745 -0.001120 -0.001883
v -0.002613 -0.001226 -0.001866
v -0.002484 -0.001342 -0.001885
v -0.002339 -0.001450 -0.001891
v -0.002177 -0.001543 -0.001872
v -0.002011 -0.001641 -0.001872
v -0.001836 -0.001734 -0.001869
v -0.001659 -0.001834 -0.001891
v -0.001465 -0.001908 -0.001869
v -0.001268 -0.001984 -0.001862
v -0.001068 -0.002062 -0.001869
v -0.000863 -0.002133 -0.001875
v -0.000654 -0.002194 -0.001876
v -0.000440 -0.002229 -0.001849
v -0.000227 -0.002280 -0.001865
v -0.000012 -0.002312 -0.001868
v 0.000203 -0.002331 -0.001868
v 0.000416 -0.002328 -0.001853
v 0.000628 -0.002318 -0.001847
v 0.000840 -0.002312 -0.001870
v 0.001044 -0.002270 -0.001857
v 0.001245 -0.002221 -0.001853
v 0.001438 -0.002153 -0.001840
v 0.001632 -0.002091 -0.001857
v 0.001816 -0.002010 -0.001861
v 0.001985 -0.001903 -0.001840
v 0.002153 -0.001801 -0.001843
v 0.002310 -0.001688 -0.001842
v 0.002464 -0.001576 -0.001861
v 0.002593 -0.001440 -0.001840
v 0.002715 -0.001305 -0.001833
v 0.002834 -0.001172 -0.001845
v 0.002937 -0.001031 -0.001848
v 0.003027 -0.000885 -0.001849
v 0.003091 -0.000730 -0.001823
v 0.003162 -0.000582 -0.001842
v 0.003214 -0.000428 -0.001847
v 0.003247 -0.000270 -0.001844
v 0.003263 -0.000110 -0.001832
v 0.003087 0.000051 -0.001913
v 0.003092 0.000205 -0.001941
v 0.003064 0.000358 -0.001921
v 0.003029 0.000511 -0.001917
v 0.002982 0.000663 -0.001916
v 0.002930 0.000817 -0.001932
v 0.002860 0.000966 -0.001936
v 0.002766 0.001103 -0.001910
v 0.002675 0.001246 -0.001924
v 0.002569 0.001380 -0.001928
v 0.002454 0.001511 -0.001940
v 0.002319 0.001621 -0.001921
v 0.002179 0.001728 -0.001918
v 0.002037 0.001837 -0.001940
v 0.001878 0.001924 -0.001936
v 0.001713 0.002001 -0.001936
v 0.001536 0.002058 -0.001918
v 0.001361 0.002124 -0.001941
v 0.001177 0.002170 -0.001947
v 0.000985 0.002195 -0.001935
v 0.000790 0.002214 -0.001934
v 0.000593 0.002223 -0.001934
v 0.000394 0.002237 -0.001960
v 0.000191 0.002217 -0.001941
v -0.000012 0.002197 -0.001938
v -0.000215 0.002173 -0.001943
v -0.000418 0.002147 -0.001956
v -0.000619 0.002110 -0.001960
v -0.000814 0.002052 -0.001935
v -0.001010 0.002010 -0.001953
v -0.001200 0.001956 -0.001958
v -0.001387 0.001899 -0.001966
v -0.001562 0.001824 -0.001950
v -0.001734 0.001750 -0.001946
v -0.001905 0.001683 -0.001972
v -0.002059 0.001595 -0.001963
v -0.002207 0.001504 -0.001963
v -0.002341 0.001403 -0.001947
v -0.002477 0.001308 -0.001970
v -0.002597 0.001201 -0.001976
v -0.002698 0.001082 -0.001959
v -0.002794 0.000964 -0.001961
v -0.002877 0.000841 -0.001961
v -0.002958 0.000718 -0.001985
v -0.003008 0.000584 -0.001963
v -0.003052 0.000451 -0.001958
v -0.003089 0.000319 -0.001967
v -0.003112 0.000185 -0.001975
v -0.003120 0.000051 -0.001978
v -0.003102 -0.000082 -0.001950
v -0.003090 -0.000214 -0.001970
v -0.003059 -0.000343 -0.001974
v -0.003013 -0.000470 -0.001975
v -0.002948 -0.000591 -0.001959
v -0.002875 -0.000710 -0.001955
v -0.002801 -0.000833 -0.001981
v -0.002701 -0.000944 -0.001967
v -0.002592 -0.001053 -0.001963
v -0.002470 -0.001156 -0.001950
v -0.002348 -0.001266 -0.001970
v -0.002210 -0.001368 -0.001974
v -0.002056 -0.001456 -0.001951
v -0.001901 -0.001551 -0.001955
v -0.001736 -0.001640 -0.001955
v -0.001568 -0.001734 -0.001974
v -0.001384 -0.001804 -0.001950
v -0.001198 -0.001876 -0.001944
v -0.001010 -0.001952 -0.001956
v -0.000816 -0.002016 -0.001957
v -0.000618 -0.002072 -0.001957
v -0.000416 -0.002105 -0.001931
v -0.000215 -0.002153 -0.001950
v -0.000012 -0.002182 -0.001953
v 0.000191 -0.002196 -0.001948
v 0.000392 -0.002194 -0.001935
v 0.000592 -0.002184 -0.001931
v 0.000793 -0.002178 -0.001955
v 0.000985 -0.002136 -0.001938
v 0.001175 -0.002089 -0.001934
v 0.001359 -0.002028 -0.001925
v 0.001541 -0.001969 -0.001941
v 0.001715 -0.001891 -0.001944
v 0.001874 -0.001791 -0.001920
v 0.002033 -0.001697 -0.001928
v 0.002182 -0.001592 -0.001928
v 0.002326 -0.001485 -0.001943
v 0.002448 -0.001358 -0.001921
v 0.002564 -0.001231 -0.001915
v 0.002678 -0.001107 -0.001932
v 0.002773 -0.000973 -0.001930
v 0.002857 -0.000835 -0.001930
v 0.002919 -0.000689 -0.001906
v 0.002987 -0.000549 -0.001928
v 0.003036 -0.000403 -0.001933
v 0.003065 -0.000253 -0.001924
v 0.003082 -0.000102 -0.001916
v 0.002899 0.000051 -0.001994
v 0.002903 0.000196 -0.002020
v 0.002876 0.000340 -0.001998
v 0.002843 0.000484 -0.001994
v 0.002801 0.000628 -0.001998
v 0.002750 0.000771 -0.002011
v 0.002684 0.000911 -0.002013
v 0.002596 0.001040 -0.001987
v 0.002512 0.001174 -0.002005
v 0.002412 0.001300 -0.002009
v 0.002303 0.001420 -0.002017
v 0.002176 0.001524 -0.001999
v 0.002045 0.001624 -0.001997
v 0.001912 0.001726 -0.002021
v 0.001762 0.001805 -0.002013
v 0.001607 0.001877 -0.002012
v 0.001442 0.001932 -0.001997
v 0.001278 0.001993 -0.002021
v 0.001105 0.002036 -0.002026
v 0.000924 0.002058 -0.002010
v 0.000742 0.002078 -0.002013
v 0.000556 0.002088 -0.002014
v 0.000369 0.002101 -0.002038
v 0.000178 0.002082 -0.002017
v -0.000012 0.002065 -0.002015
v -0.000203 0.002047 -0.002025
v -0.000393 0.002022 -0.002034
v -0.000581 0.001987 -0.002037
v -0.000765 0.001934 -0.002012
v -0.000949 0.001896 -0.002033
v -0.001128 0.001846 -0.002038
v -0.001302 0.001789 -0.002041
v -0.001468 0.001720 -0.002027
v -0.001629 0.001651 -0.002025
v -0.001790 0.001588 -0.002052
v -0.001934 0.001503 -0.002039
v -0.002073 0.001417 -0.002038
v -0.002200 0.001322 -0.002027
v -0.002327 0.001232 -0.002049
v -0.002439 0.001131 -0.002054
v -0.002533 0.001018 -0.002033
v -0.002625 0.000907 -0.002040
v -0.002704 0.000792 -0.002041
v -0.002778 0.000676 -0.002062
v -0.002825 0.000550 -0.002039
v -0.002867 0.000426 -0.002035
v -0.002903 0.000302 -0.002049
v -0.002923 0.000176 -0.002053
v -0.002929 0.000051 -0.002053
v -0.002913 -0.000073 -0.002027
v -0.002903 -0.000197 -0.002050
v -0.002873 -0.000318 -0.002053
v -0.002829 -0.000436 -0.002049
v -0.002769 -0.000551 -0.002037
v -0.002701 -0.000663 -0.002034
v -0.002632 -0.000778 -0.002061
v -0.002536 -0.000882 -0.002042
v -0.002434 -0.000985 -0.002039
v -0.002321 -0.001084 -0.002031
v -0.002206 -0.001187 -0.002049
v -0.002076 -0.001283 -0.002051
v -0.001931 -0.001366 -0.002026
v -0.001786 -0.001457 -0.002035
v -0.001631 -0.001542 -0.002035
v -0.001472 -0.001629 -0.002050
v -0.001300 -0.001695 -0.002026
v -0.001126 -0.001763 -0.002021
v -0.000950 -0.001836 -0.002037
v -0.000767 -0.001894 -0.002035
v -0.000581 -0.001945 -0.002033
v -0.000392 -0.001976 -0.002009
v -0.000203 -0.002021 -0.002030
v -0.000012 -0.002047 -0.002032
v 0.000178 -0.002056 -0.002023
v 0.000368 -0.002055 -0.002014
v 0.000556 -0.002046 -0.002011
v 0.000744 -0.002039 -0.002035
v 0.000924 -0.001997 -0.002014
v 0.001102 -0.001953 -0.002010
v 0.001276 -0.001898 -0.002007
v 0.001446 -0.001841 -0.002021
v 0.001609 -0.001768 -0.002022
v 0.001758 -0.001674 -0.001995
v 0.001909 -0.001589 -0.002008
v 0.002049 -0.001491 -0.002009
v 0.002183 -0.001390 -0.002020
v 0.002297 -0.001271 -0.001998
v 0.002407 -0.001154 -0.001994
v 0.002515 -0.001039 -0.002014
v 0.002603 -0.000911 -0.002008
v 0.002681 -0.000782 -0.002006
v 0.002741 -0.000646 -0.001985
v 0.002805 -0.000514 -0.002009
v 0.002850 -0.000377 -0.002012
v 0.002876 -0.000235 -0.001998
v 0.002893 -0.000093 -0.001995
v 0.002704 0.000051 -0.002071
v 0.002706 0.000186 -0.002094
v 0.002680 0.000321 -0.002069
v 0.002650 0.000455 -0.002067
v 0.002613 0.000590 -0.002076
v 0.002564 0.000724 -0.002085
v 0.002502 0.000853 -0.002085
v 0.002420 0.000973 -0.002059
v 0.002343 0.001099 -0.002081
v 0.002249 0.001216 -0.002085
v 0.002146 0.001326 -0.002087
v 0.002029 0.001423 -0.002072
v 0.001907 0.001516 -0.002071
v 0.001783 0.001611 -0.002098
v 0.001642 0.001682 -0.002084
v 0.001497 0.001749 -0.002083
v 0.001345 0.001801 -0.002073
v 0.001191 0.001858 -0.002096
v 0.001029 0.001897 -0.002099
v 0.000860 0.001916 -0.002080
v 0.000691 0.001938 -0.002087
v 0.000518 0.001949 -0.002090
v 0.000343 0.001960 -0.002111
v 0.000165 0.001943 -0.002088
v -0.000012 0.001929 -0.002087
v -0.000190 0.001915 -0.002102
v -0.000367 0.001891 -0.002107
v -0.000543 0.001859 -0.002108
v -0.000714 0.001811 -0.002084
v -0.000886 0.001778 -0.002108
v -0.001053 0.001731 -0.002113
v -0.001215 0.001676 -0.002110
v -0.001370 0.001613 -0.002099
v -0.001520 0.001549 -0.002099
v -0.001670 0.001489 -0.002127
v -0.001804 0.001408 -0.002110
v -0.001933 0.001327 -0.002108
v -0.002053 0.001239 -0.002102
v -0.002171 0.001154 -0.002123
v -0.002275 0.001058 -0.002126
v -0.002362 0.000952 -0.002102
v -0.002449 0.000850 -0.002114
v -0.002523 0.000742 -0.002116
v -0.002591 0.000632 -0.002133
v -0.002635 0.000515 -0.002109
v -0.002674 0.000400 -0.002107
v -0.002709 0.000285 -0.002125
v -0.002726 0.000167 -0.002124
v -0.002732 0.000051 -0.002123
v -0.002718 -0.000065 -0.002100
v -0.002709 -0.000180 -0.002125
v -0.002681 -0.000293 -0.002127
v -0.002638 -0.000402 -0.002118
v -0.002583 -0.000509 -0.002109
v -0.002521 -0.000615 -0.002108
v -0.002456 -0.000722 -0.002135
v -0.002365 -0.000818 -0.002112
v -0.002271 -0.000915 -0.002109
v -0.002167 -0.001009 -0.002106
v -0.002058 -0.001106 -0.002122
v -0.001937 -0.001195 -0.002123
v -0.001801 -0.001273 -0.002096
v -0.001667 -0.001360 -0.002109
v -0.001523 -0.001440 -0.002111
v -0.001374 -0.001520 -0.002121
v -0.001213 -0.001582 -0.002098
v -0.001051 -0.001646 -0.002094
v -0.000887 -0.001715 -0.002114
v -0.000716 -0.001766 -0.002106
v -0.000543 -0.001812 -0.002104
v -0.000366 -0.001842 -0.002083
v -0.000190 -0.001883 -0.002105
v -0.000012 -0.001906 -0.002107
v 0.000165 -0.001911 -0.002092
v 0.000342 -0.001911 -0.002087
v 0.000518 -0.001902 -0.002086
v 0.000693 -0.001894 -0.002110
v 0.000861 -0.001854 -0.002085
v 0.001027 -0.001812 -0.002081
v 0.001189 -0.001763 -0.002084
v 0.001348 -0.001709 -0.002095
v 0.001500 -0.001640 -0.002094
v 0.001639 -0.001553 -0.002067
v 0.001780 -0.001476 -0.002084
v 0.001911 -0.001385 -0.002085
v 0.002034 -0.001290 -0.002091
v 0.002142 -0.001181 -0.002071
v 0.002245 -0.001072 -0.002068
v 0.002346 -0.000966 -0.002091
v 0.002426 -0.000847 -0.002080
v 0.002499 -0.000726 -0.002078
v 0.002556 -0.000600 -0.002061
v 0.002616 -0.000477 -0.002085
v 0.002657 -0.000349 -0.002087
v 0.002680 -0.000216 -0.002069
v 0.002698 -0.000083 -0.002070
v 0.002502 0.000051 -0.002142
v 0.002503 0.000176 -0.002162
v 0.002479 0.000301 -0.002136
v 0.002452 0.000425 -0.002135
v 0.002418 0.000551 -0.002149
v 0.002372 0.000673 -0.002153
v 0.002313 0.000793 -0.002152
v 0.002238 0.000904 -0.002127
v 0.002167 0.001021 -0.002153
v 0.002081 0.001128 -0.002155
v 0.001984 0.001227 -0.002152
v 0.001877 0.001318 -0.002140
v 0.001764 0.001404 -0.002142
v 0.001650 0.001491 -0.002169
v 0.001519 0.001555 -0.002151
v 0.001384 0.001616 -0.002150
v 0.001244 0.001667 -0.002144
v 0.001102 0.001718 -0.002166
v 0.000951 0.001754 -0.002167
v 0.000795 0.001771 -0.002145
v 0.000639 0.001794 -0.002158
v 0.000478 0.001805 -0.002161
v 0.000317 0.001815 -0.002178
v 0.000152 0.001800 -0.002154
v -0.000012 0.001789 -0.002155
v -0.000177 0.001779 -0.002173
v -0.000341 0.001755 -0.002173
v -0.000503 0.001726 -0.002173
v -0.000662 0.001684 -0.002152
v -0.000821 0.001654 -0.002178
v -0.000976 0.001611 -0.002181
v -0.001125 0.001558 -0.002174
v -0.001269 0.001501 -0.002167
v -0.001408 0.001442 -0.002169
v -0.001547 0.001386 -0.002196
v -0.001670 0.001309 -0.002175
v -0.001789 0.001234 -0.002174
v -0.001902 0.001154 -0.002173
v -0.002010 0.001074 -0.002191
v -0.002106 0.000984 -0.002192
v -0.002186 0.000885 -0.002167
v -0.002268 0.000791 -0.002183
v -0.002336 0.000691 -0.002186
v -0.002398 0.000589 -0.002198
v -0.002439 0.000480 -0.002175
v -0.002476 0.000374 -0.002174
v -0.002509 0.000267 -0.002196
v -0.002523 0.000159 -0.002189
v -0.002528 0.000051 -0.002188
v -0.002517 -0.000056 -0.002167
v -0.002508 -0.000162 -0.002194
v -0.002482 -0.000267 -0.002195
v -0.002441 -0.000368 -0.002181
v -0.002392 -0.000468 -0.002177
v -0.002334 -0.000565 -0.002178
v -0.002273 -0.000665 -0.002203
v -0.002189 -0.000754 -0.002177
v -0.002102 -0.000844 -0.002175
v -0.002007 -0.000933 -0.002177
v -0.001905 -0.001022 -0.002190
v -0.001793 -0.001105 -0.002188
v -0.001667 -0.001177 -0.002161
v -0.001544 -0.001260 -0.002179
v -0.001410 -0.001334 -0.002180
v -0.001271 -0.001406 -0.002186
v -0.001123 -0.001465 -0.002164
v -0.000974 -0.001525 -0.002163
v -0.000822 -0.001589 -0.002185
v -0.000663 -0.001634 -0.002172
v -0.000503 -0.001675 -0.002169
v -0.000340 -0.001704 -0.002152
v -0.000177 -0.001741 -0.002175
v -0.000012 -0.001760 -0.002175
v 0.000152 -0.001762 -0.002157
v 0.000316 -0.001763 -0.002157
v 0.000478 -0.001754 -0.002157
v 0.000640 -0.001745 -0.002178
v 0.000796 -0.001706 -0.002151
v 0.000949 -0.001668 -0.002149
v 0.001100 -0.001624 -0.002156
v 0.001247 -0.001572 -0.002163
v 0.001386 -0.001509 -0.002161
v 0.001515 -0.001429 -0.002134
v 0.001647 -0.001359 -0.002155
v 0.001767 -0.001275 -0.002156
v 0.001880 -0.001186 -0.002157
v 0.001981 -0.001087 -0.002139
v 0.002076 -0.000987 -0.002138
v 0.002170 -0.000890 -0.002163
v 0.002244 -0.000779 -0.002147
v 0.002311 -0.000668 -0.002144
v 0.002365 -0.000552 -0.002132
v 0.002420 -0.000438 -0.002155
v 0.002458 -0.000319 -0.002155
v 0.002478 -0.000196 -0.002134
v 0.002496 -0.000074 -0.002140
v 0.002294 0.000051 -0.002208
v 0.002293 0.000166 -0.002224
v 0.002271 0.000280 -0.002198
v 0.002247 0.000394 -0.002199
v 0.002217 0.000509 -0.002216
v 0.002173 0.000621 -0.002215
v 0.002119 0.000730 -0.002213
v 0.002051 0.000832 -0.002191
v 0.001987 0.000939 -0.002219
v 0.001907 0.001036 -0.002220
v 0.001817 0.001126 -0.002212
v 0.001720 0.001209 -0.002204
v 0.001617 0.001289 -0.002207
v 0.001512 0.001368 -0.002234
v 0.001391 0.001425 -0.002211
v 0.001268 0.001481 -0.002211
v 0.001140 0.001529 -0.002211
v 0.001009 0.001575 -0.002229
v 0.000871 0.001607 -0.002229
v 0.000728 0.001623 -0.002205
v 0.000585 0.001646 -0.002223
v 0.000438 0.001657 -0.002226
v 0.000289 0.001665 -0.002238
v 0.000138 0.001653 -0.002216
v -0.000012 0.001645 -0.002218
v -0.000163 0.001638 -0.002240
v -0.000313 0.001615 -0.002234
v -0.000462 0.001589 -0.002233
v -0.000608 0.001552 -0.002215
v -0.000754 0.001526 -0.002243
v -0.000896 0.001486 -0.002244
v -0.001032 0.001437 -0.002232
v -0.001164 0.001386 -0.002230
v -0.001293 0.001332 -0.002233
v -0.001419 0.001280 -0.002259
v -0.001532 0.001208 -0.002234
v -0.001642 0.001139 -0.002234
v -0.001745 0.001066 -0.002239
v -0.001844 0.000991 -0.002253
v -0.001932 0.000908 -0.002252
v -0.002005 0.000817 -0.002226
v -0.002081 0.000731 -0.002247
v -0.002144 0.000638 -0.002250
v -0.002199 0.000544 -0.002257
v -0.002237 0.000445 -0.002235
v -0.002272 0.000347 -0.002237
v -0.002302 0.000249 -0.002261
v -0.002314 0.000150 -0.002249
v -0.002318 0.000051 -0.002247
v -0.002309 -0.000047 -0.002231
v -0.002301 -0.000145 -0.002257
v -0.002277 -0.000241 -0.002257
v -0.002238 -0.000333 -0.002239
v -0.002195 -0.000425 -0.002240
v -0.002142 -0.000515 -0.002242
v -0.002085 -0.000607 -0.002264
v -0.002008 -0.000688 -0.002236
v -0.001928 -0.000772 -0.002235
v -0.001842 -0.000855 -0.002243
v -0.001748 -0.000936 -0.002251
v -0.001644 -0.001012 -0.002248
v -0.001529 -0.001079 -0.002221
v -0.001417 -0.001156 -0.002244
v -0.001294 -0.001225 -0.002244
v -0.001166 -0.001289 -0.002244
v -0.001031 -0.001344 -0.002226
v -0.000894 -0.001399 -0.002226
v -0.000755 -0.001458 -0.002250
v -0.000609 -0.001497 -0.002232
v -0.000462 -0.001534 -0.002229
v -0.000313 -0.001561 -0.002217
v -0.000163 -0.001594 -0.002239
v -0.000012 -0.001609 -0.002237
v 0.000138 -0.001609 -0.002216
v 0.000289 -0.001611 -0.002221
v 0.000438 -0.001602 -0.002222
v 0.000586 -0.001591 -0.002240
v 0.000728 -0.001555 -0.002212
v 0.000869 -0.001520 -0.002211
v 0.001008 -0.001482 -0.002223
v 0.001142 -0.001432 -0.002225
v 0.001270 -0.001373 -0.002222
v 0.001388 -0.001301 -0.002197
v 0.001509 -0.001238 -0.002221
v 0.001620 -0.001162 -0.002221
v 0.001722 -0.001079 -0.002217
v 0.001815 -0.000989 -0.002202
v 0.001903 -0.000899 -0.002203
v 0.001989 -0.000810 -0.002229
v 0.002056 -0.000708 -0.002208
v 0.002117 -0.000607 -0.002206
v 0.002169 -0.000502 -0.002199
v 0.002218 -0.000397 -0.002220
v 0.002252 -0.000288 -0.002218
v 0.002270 -0.000175 -0.002194
v 0.002289 -0.000063 -0.002206
v 0.002080 0.000051 -0.002269
v 0.002078 0.000155 -0.002280
v 0.002059 0.000258 -0.002255
v 0.002037 0.000362 -0.002258
v 0.002011 0.000466 -0.002279
v 0.001969 0.000567 -0.002272
v 0.001921 0.000665 -0.002269
v 0.001860 0.000758 -0.002251
v 0.001801 0.000854 -0.002279
v 0.001729 0.000942 -0.002279
v 0.001646 0.001022 -0.002266
v 0.001559 0.001098 -0.002263
v 0.001466 0.001170 -0.002267
v 0.001370 0.001241 -0.002292
v 0.001260 0.001292 -0.002267
v 0.001149 0.001342 -0.002268
v 0.001033 0.001387 -0.002272
v 0.000914 0.001428 -0.002287
v 0.000789 0.001457 -0.002285
v 0.000659 0.001472 -0.002261
v 0.000529 0.001495 -0.002283
v 0.000396 0.001506 -0.002285
v 0.000261 0.001512 -0.002293
v 0.000124 0.001503 -0.002272
v -0.000012 0.001497 -0.002276
v -0.000149 0.001492 -0.002300
v -0.000285 0.001471 -0.002289
v -0.000420 0.001448 -0.002288
v -0.000553 0.001417 -0.002274
v -0.000685 0.001393 -0.002302
v -0.000814 0.001357 -0.002301
v -0.000937 0.001312 -0.002285
v -0.001057 0.001267 -0.002288
v -0.001174 0.001219 -0.002292
v -0.001288 0.001170 -0.002315
v -0.001390 0.001105 -0.002288
v -0.001490 0.001042 -0.002289
v -0.001585 0.000976 -0.002299
v -0.001673 0.000907 -0.002308
v -0.001753 0.000831 -0.002306
v -0.001820 0.000748 -0.002281
v -0.001889 0.000670 -0.002306
v -0.001946 0.000585 -0.002307
v -0.001995 0.000499 -0.002309
v -0.002030 0.000409 -0.002291
v -0.002062 0.000320 -0.002294
v -0.002090 0.000231 -0.002319
v -0.002099 0.000140 -0.002302
v -0.002103 0.000051 -0.002300
v -0.002096 -0.000038 -0.002289
v -0.002089 -0.000127 -0.002314
v -0.002066 -0.000214 -0.002312
v -0.002030 -0.000298 -0.002291
v -0.001992 -0.000382 -0.002298
v -0.001944 -0.000464 -0.002300
v -0.001892 -0.000547 -0.002319
v -0.001822 -0.000622 -0.002290
v -0.001750 -0.000698 -0.002291
v -0.001673 -0.000775 -0.002303
v -0.001586 -0.000847 -0.002306
v -0.001492 -0.000917 -0.002302
v -0.001388 -0.000979 -0.002277
v -0.001287 -0.001050 -0.002303
v -0.001175 -0.001111 -0.002302
v -0.001059 -0.001169 -0.002297
v -0.000936 -0.001219 -0.002282
v -0.000812 -0.001270 -0.002284
v -0.000686 -0.001322 -0.002308
v -0.000553 -0.001356 -0.002286
v -0.000420 -0.001389 -0.002284
v -0.000285 -0.001414 -0.002277
v -0.000149 -0.001442 -0.002297
v -0.000012 -0.001454 -0.002294
v 0.000124 -0.001453 -0.002270
v 0.000261 -0.001455 -0.002281
v 0.000396 -0.001447 -0.002282
v 0.000530 -0.001434 -0.002296
v 0.000659 -0.001401 -0.002268
v 0.000787 -0.001369 -0.002269
v 0.000914 -0.001335 -0.002284
v 0.001034 -0.001289 -0.002282
v 0.001150 -0.001235 -0.002278
v 0.001258 -0.001171 -0.002255
v 0.001368 -0.001114 -0.002282
v 0.001468 -0.001045 -0.002280
v 0.001560 -0.000969 -0.002271
v 0.001645 -0.000890 -0.002261
v 0.001726 -0.000809 -0.002264
v 0.001803 -0.000728 -0.002288
v 0.001863 -0.000635 -0.002263
v 0.001919 -0.000544 -0.002262
v 0.001967 -0.000450 -0.002261
v 0.002011 -0.000355 -0.002279
v 0.002041 -0.000256 -0.002275
v 0.002058 -0.000154 -0.002250
v 0.002075 -0.000053 -0.002267
v 0.001861 0.000051 -0.002324
v 0.001858 0.000144 -0.002330
v 0.001841 0.000236 -0.002307
v 0.001822 0.000328 -0.002312
v 0.001799 0.000422 -0.002335
v 0.001761 0.000511 -0.002322
v 0.001717 0.000598 -0.002320
v 0.001664 0.000682 -0.002306
v 0.001611 0.000768 -0.002334
v 0.001546 0.000845 -0.002331
v 0.001472 0.000916 -0.002315
v 0.001394 0.000985 -0.002318
v 0.001311 0.001049 -0.002322
v 0.001225 0.001111 -0.002344
v 0.001126 0.001156 -0.002317
v 0.001027 0.001202 -0.002319
v 0.000924 0.001243 -0.002329
v 0.000817 0.001279 -0.002339
v 0.000705 0.001305 -0.002335
v 0.000588 0.001319 -0.002312
v 0.000473 0.001341 -0.002338
v 0.000353 0.001351 -0.002339
v 0.000232 0.001356 -0.002341
v 0.000110 0.001350 -0.002323
v -0.000012 0.001346 -0.002329
v -0.000135 0.001342 -0.002354
v -0.000257 0.001323 -0.002337
v -0.000377 0.001303 -0.002337
v -0.000496 0.001277 -0.002327
v -0.000615 0.001257 -0.002354
v -0.000729 0.001224 -0.002351
v -0.000839 0.001183 -0.002332
v -0.000948 0.001145 -0.002341
v -0.001052 0.001102 -0.002345
v -0.001154 0.001057 -0.002364
v -0.001245 0.000998 -0.002336
v -0.001335 0.000942 -0.002339
v -0.001421 0.000884 -0.002353
v -0.001499 0.000820 -0.002357
v -0.001570 0.000752 -0.002354
v -0.001630 0.000678 -0.002331
v -0.001693 0.000607 -0.002359
v -0.001743 0.000531 -0.002358
v -0.001786 0.000453 -0.002355
v -0.001818 0.000373 -0.002341
v -0.001847 0.000293 -0.002346
v -0.001872 0.000213 -0.002371
v -0.001880 0.000131 -0.002349
v -0.001883 0.000051 -0.002348
v -0.001878 -0.000029 -0.002342
v -0.001871 -0.000109 -0.002365
v -0.001850 -0.000187 -0.002361
v -0.001818 -0.000262 -0.002338
v -0.001785 -0.000339 -0.002350
v -0.001742 -0.000413 -0.002353
v -0.001694 -0.000486 -0.002367
v -0.001631 -0.000554 -0.002338
v -0.001567 -0.000623 -0.002341
v -0.001499 -0.000692 -0.002357
v -0.001421 -0.000757 -0.002355
v -0.001336 -0.000819 -0.002350
v -0.001244 -0.000876 -0.002328
v -0.001153 -0.000939 -0.002356
v -0.001053 -0.000994 -0.002353
v -0.000948 -0.001045 -0.002344
v -0.000839 -0.001091 -0.002334
v -0.000728 -0.001136 -0.002337
v -0.000615 -0.001182 -0.002361
v -0.000496 -0.001210 -0.002335
v -0.000377 -0.001240 -0.002334
v -0.000256 -0.001263 -0.002332
v -0.000135 -0.001286 -0.002349
v -0.000012 -0.001296 -0.002344
v 0.000110 -0.001294 -0.002319
v 0.000232 -0.001296 -0.002335
v 0.000353 -0.001288 -0.002336
v 0.000473 -0.001274 -0.002345
v 0.000589 -0.001244 -0.002319
v 0.000704 -0.001216 -0.002321
v 0.000817 -0.001186 -0.002340
v 0.000924 -0.001143 -0.002332
v 0.001028 -0.001095 -0.002328
v 0.001125 -0.001038 -0.002309
v 0.001224 -0.000988 -0.002336
v 0.001313 -0.000926 -0.002333
v 0.001395 -0.000858 -0.002319
v 0.001472 -0.000788 -0.002315
v 0.001544 -0.000716 -0.002319
v 0.001613 -0.000644 -0.002342
v 0.001665 -0.000561 -0.002314
v 0.001716 -0.000480 -0.002314
v 0.001760 -0.000396 -0.002317
v 0.001798 -0.000311 -0.002331
v 0.001825 -0.000223 -0.002327
v 0.001840 -0.000132 -0.002301
v 0.001857 -0.000042 -0.002323
v 0.001637 0.000051 -0.002373
v 0.001634 0.000132 -0.002374
v 0.001619 0.000213 -0.002355
v 0.001603 0.000294 -0.002361
v 0.001583 0.000376 -0.002384
v 0.001548 0.000453 -0.002366
v 0.001510 0.000530 -0.002365
v 0.001464 0.000604 -0.002355
v 0.001417 0.000679 -0.002382
v 0.001359 0.000747 -0.002378
v 0.001294 0.000808 -0.002359
v 0.001226 0.000869 -0.002367
v 0.001153 0.000925 -0.002372
v 0.001077 0.000979 -0.002390
v 0.000990 0.001019 -0.002361
v 0.000903 0.001059 -0.002366
v 0.000812 0.001097 -0.002379
v 0.000717 0.001127 -0.002384
v 0.000619 0.001150 -0.002379
v 0.000516 0.001164 -0.002358
v 0.000415 0.001184 -0.002387
v 0.000310 0.001193 -0.002386
v 0.000203 0.001197 -0.002383
v 0.000095 0.001194 -0.002369
v -0.000012 0.001191 -0.002376
v -0.000120 0.001189 -0.002401
v -0.000227 0.001171 -0.002380
v -0.000334 0.001155 -0.002380
v -0.000438 0.001134 -0.002376
v -0.000543 0.001116 -0.002400
v -0.000643 0.001087 -0.002395
v -0.000740 0.001052 -0.002374
v -0.000836 0.001019 -0.002388
v -0.000928 0.000981 -0.002392
v -0.001017 0.000941 -0.002407
v -0.001097 0.000889 -0.002379
v -0.001177 0.000840 -0.002384
v -0.001253 0.000789 -0.002401
v -0.001321 0.000732 -0.002400
v -0.001383 0.000671 -0.002396
v -0.001437 0.000606 -0.002376
v -0.001492 0.000544 -0.002406
v -0.001536 0.000476 -0.002403
v -0.001573 0.000406 -0.002395
v -0.001602 0.000336 -0.002386
v -0.001628 0.000265 -0.002392
v -0.001650 0.000194 -0.002416
v -0.001656 0.000122 -0.002390
v -0.001659 0.000051 -0.002391
v -0.001656 -0.000020 -0.002390
v -0.001649 -0.000091 -0.002409
v -0.001630 -0.000160 -0.002403
v -0.001601 -0.000226 -0.002379
v -0.001573 -0.000294 -0.002398
v -0.001535 -0.000359 -0.002399
v -0.001493 -0.000424 -0.002408
v -0.001437 -0.000484 -0.002381
v -0.001381 -0.000546 -0.002386
v -0.001321 -0.000607 -0.002405
v -0.001252 -0.000664 -0.002397
v -0.001178 -0.000719 -0.002392
v -0.001097 -0.000770 -0.002374
v -0.001017 -0.000826 -0.002403
v -0.000929 -0.000874 -0.002398
v -0.000836 -0.000917 -0.002385
v -0.000741 -0.000959 -0.002380
v -0.000643 -0.000999 -0.002385
v -0.000543 -0.001038 -0.002406
v -0.000438 -0.001062 -0.002377
v -0.000334 -0.001088 -0.002378
v -0.000227 -0.001109 -0.002381
v -0.000120 -0.001127 -0.002394
v -0.000012 -0.001134 -0.002388
v 0.000095 -0.001132 -0.002363
v 0.000203 -0.001134 -0.002384
v 0.000309 -0.001125 -0.002384
v 0.000415 -0.001112 -0.002388
v 0.000517 -0.001086 -0.002364
v 0.000618 -0.001061 -0.002369
v 0.000718 -0.001034 -0.002390
v 0.000812 -0.000995 -0.002376
v 0.000903 -0.000953 -0.002372
v 0.000989 -0.000904 -0.002357
v 0.001076 -0.000859 -0.002385
v 0.001154 -0.000804 -0.002380
v 0.001226 -0.000744 -0.002363
v 0.001294 -0.000684 -0.002364
v 0.001358 -0.000621 -0.002368
v 0.001418 -0.000557 -0.002388
v 0.001464 -0.000485 -0.002358
v 0.001509 -0.000414 -0.002361
v 0.001549 -0.000341 -0.002369
v 0.001582 -0.000266 -0.002378
v 0.001605 -0.000189 -0.002372
v 0.001618 -0.000109 -0.002348
v 0.001634 -0.000030 -0.002374
v 0.001409 0.000051 -0.002415
v 0.001405 0.000120 -0.002412
v 0.001394 0.000190 -0.002397
v 0.001380 0.000259 -0.002404
v 0.001362 0.000329 -0.002428
v 0.001332 0.000396 -0.002405
v 0.001299 0.000462 -0.002405
v 0.001260 0.000525 -0.002400
v 0.001220 0.000589 -0.002425
v 0.001169 0.000647 -0.002418
v 0.001113 0.000699 -0.002397
v 0.001055 0.000752 -0.002411
v 0.000992 0.000800 -0.002415
v 0.000926 0.000846 -0.002429
v 0.000851 0.000880 -0.002400
v 0.000776 0.000916 -0.002407
v 0.000698 0.000949 -0.002424
v 0.000616 0.000974 -0.002422
v 0.000531 0.000994 -0.002418
v 0.000443 0.001007 -0.002399
v 0.000356 0.001025 -0.002430
v 0.000265 0.001033 -0.002426
v 0.000173 0.001036 -0.002419
v 0.000081 0.001035 -0.002411
v -0.000012 0.001034 -0.002418
v -0.000105 0.001032 -0.002442
v -0.000197 0.001017 -0.002416
v -0.000289 0.001004 -0.002419
v -0.000380 0.000988 -0.002419
v -0.000469 0.000972 -0.002439
v -0.000556 0.000947 -0.002433
v -0.000639 0.000917 -0.002411
v -0.000722 0.000890 -0.002430
v -0.000802 0.000857 -0.002432
v -0.000878 0.000822 -0.002443
v -0.000947 0.000777 -0.002416
v -0.001016 0.000735 -0.002424
v -0.001081 0.000691 -0.002443
v -0.001139 0.000641 -0.002436
v -0.001193 0.000588 -0.002432
v -0.001240 0.000532 -0.002415
v -0.001288 0.000478 -0.002446
v -0.001325 0.000420 -0.002441
v -0.001356 0.000359 -0.002429
v -0.001383 0.000298 -0.002426
v -0.001405 0.000237 -0.002432
v -0.001423 0.000175 -0.002454
v -0.001428 0.000112 -0.002425
v -0.001431 0.000051 -0.002428
v -0.001429 -0.000011 -0.002432
v -0.001422 -0.000072 -0.002447
v -0.001406 -0.000132 -0.002439
v -0.001381 -0.000189 -0.002416
v -0.001358 -0.000248 -0.002439
v -0.001325 -0.000305 -0.002438
v -0.001287 -0.000361 -0.002443
v -0.001240 -0.000413 -0.002419
v -0.001192 -0.000467 -0.002426
v -0.001141 -0.000521 -0.002447
v -0.001080 -0.000569 -0.002432
v -0.001016 -0.000617 -0.002429
v -0.000947 -0.000661 -0.002415
v -0.000878 -0.000709 -0.002443
v -0.000802 -0.000750 -0.002436
v -0.000722 -0.000787 -0.002420
v -0.000640 -0.000823 -0.002421
v -0.000556 -0.000857 -0.002426
v -0.000470 -0.000891 -0.002445
v -0.000379 -0.000910 -0.002414
v -0.000289 -0.000932 -0.002417
v -0.000198 -0.000951 -0.002425
v -0.000105 -0.000964 -0.002433
v -0.000012 -0.000970 -0.002425
v 0.000080 -0.000967 -0.002402
v 0.000173 -0.000970 -0.002427
v 0.000265 -0.000961 -0.002425
v 0.000356 -0.000948 -0.002425
v 0.000444 -0.000925 -0.002404
v 0.000531 -0.000904 -0.002411
v 0.000617 -0.000881 -0.002433
v 0.000698 -0.000845 -0.002413
v 0.000776 -0.000809 -0.002411
v 0.000851 -0.000768 -0.002401
v 0.000926 -0.000729 -0.002427
v 0.000993 -0.000682 -0.002420
v 0.001054 -0.000630 -0.002400
v 0.001114 -0.000579 -0.002408
v 0.001169 -0.000525 -0.002412
v 0.001220 -0.000470 -0.002428
v 0.001260 -0.000408 -0.002397
v 0.001299 -0.000347 -0.002403
v 0.001333 -0.000285 -0.002414
v 0.001361 -0.000221 -0.002418
v 0.001381 -0.000154 -0.002411
v 0.001393 -0.000086 -0.002389
v 0.001406 -0.000019 -0.002418
v 0.001177 0.000051 -0.002451
v 0.001174 0.000109 -0.002443
v 0.001165 0.000166 -0.002434
v 0.001153 0.000224 -0.002442
v 0.001138 0.000282 -0.002464
v 0.001112 0.000337 -0.002437
v 0.001085 0.000392 -0.002440
v 0.001053 0.000445 -0.002440
v 0.001019 0.000498 -0.002460
v 0.000977 0.000546 -0.002451
v 0.000929 0.000590 -0.002430
v 0.000882 0.000635 -0.002450
v 0.000829 0.000675 -0.002452
v 0.000773 0.000712 -0.002461
v 0.000710 0.000741 -0.002434
v 0.000648 0.000771 -0.002443
v 0.000583 0.000799 -0.002462
v 0.000514 0.000819 -0.002454
v 0.000443 0.000837 -0.002450
v 0.000369 0.000848 -0.002435
v 0.000296 0.000865 -0.002466
v 0.000220 0.000871 -0.002460
v 0.000143 0.000874 -0.002449
v 0.000065 0.000874 -0.002446
v -0.000012 0.000874 -0.002454
v -0.000090 0.000873 -0.002476
v -0.000167 0.000860 -0.002447
v -0.000244 0.000851 -0.002452
v -0.000320 0.000838 -0.002456
v -0.000395 0.000824 -0.002472
v -0.000467 0.000804 -0.002464
v -0.000537 0.000779 -0.002442
v -0.000607 0.000757 -0.002466
v -0.000673 0.000730 -0.002467
v -0.000737 0.000699 -0.002472
v -0.000795 0.000663 -0.002448
v -0.000852 0.000628 -0.002458
v -0.000907 0.000591 -0.002479
v -0.000955 0.000548 -0.002465
v -0.001000 0.000504 -0.002462
v -0.001040 0.000457 -0.002450
v -0.001080 0.000412 -0.002480
v -0.001111 0.000362 -0.002473
v -0.001137 0.000310 -0.002458
v -0.001160 0.000259 -0.002460
v -0.001178 0.000208 -0.002466
v -0.001193 0.000156 -0.002485
v -0.001197 0.000103 -0.002455
v -0.001200 0.000051 -0.002460
v -0.001199 -0.000001 -0.002468
v -0.001192 -0.000053 -0.002477
v -0.001178 -0.000103 -0.002469
v -0.001158 -0.000152 -0.002447
v -0.001139 -0.000202 -0.002474
v -0.001111 -0.000250 -0.002471
v -0.001079 -0.000297 -0.002472
v -0.001040 -0.000341 -0.002451
v -0.001000 -0.000386 -0.002460
v -0.000957 -0.000431 -0.002481
v -0.000906 -0.000471 -0.002462
v -0.000852 -0.000512 -0.002460
v -0.000795 -0.000549 -0.002450
v -0.000737 -0.000590 -0.002477
v -0.000673 -0.000624 -0.002468
v -0.000606 -0.000654 -0.002449
v -0.000538 -0.000685 -0.002457
v -0.000467 -0.000713 -0.002461
v -0.000395 -0.000740 -0.002477
v -0.000319 -0.000756 -0.002445
v -0.000244 -0.000774 -0.002451
v -0.000167 -0.000789 -0.002462
v -0.000090 -0.000799 -0.002465
v -0.000012 -0.000803 -0.002457
v 0.000065 -0.000801 -0.002436
v 0.000143 -0.000803 -0.002464
v 0.000220 -0.000794 -0.002460
v 0.000296 -0.000782 -0.002455
v 0.000369 -0.000764 -0.002440
v 0.000442 -0.000746 -0.002448
v 0.000515 -0.000726 -0.002469
v 0.000582 -0.000695 -0.002445
v 0.000648 -0.000665 -0.002445
v 0.000711 -0.000631 -0.002439
v 0.000773 -0.000598 -0.002463
v 0.000829 -0.000558 -0.002454
v 0.000880 -0.000515 -0.002433
v 0.000931 -0.000473 -0.002447
v 0.000976 -0.000428 -0.002449
v 0.001019 -0.000382 -0.002462
v 0.001052 -0.000330 -0.002431
v 0.001085 -0.000280 -0.002439
v 0.001114 -0.000229 -0.002454
v 0.001137 -0.000175 -0.002451
v 0.001154 -0.000120 -0.002445
v 0.001164 -0.000063 -0.002426
v 0.001175 -0.000007 -0.002457
v 0.000943 0.000051 -0.002481
v 0.000940 0.000097 -0.002469
v 0.000933 0.000143 -0.002466
v 0.000924 0.000189 -0.002474
v 0.000912 0.000235 -0.002494
v 0.000890 0.000279 -0.002464
v 0.000869 0.000323 -0.002469
v 0.000844 0.000365 -0.002473
v 0.000815 0.000407 -0.002489
v 0.000782 0.000445 -0.002479
v 0.000743 0.000480 -0.002458
v 0.000706 0.000517 -0.002483
v 0.000663 0.000548 -0.002482
v 0.000618 0.000578 -0.002487
v 0.000568 0.000601 -0.002463
v 0.000518 0.000626 -0.002474
v 0.000466 0.000649 -0.002494
v 0.000410 0.000665 -0.002480
v 0.000353 0.000679 -0.002477
v 0.000294 0.000689 -0.002466
v 0.000235 0.000702 -0.002496
v 0.000174 0.000708 -0.002488
v 0.000112 0.000710 -0.002474
v 0.000050 0.000712 -0.002477
v -0.000012 0.000712 -0.002484
v -0.000075 0.000711 -0.002503
v -0.000137 0.000701 -0.002472
v -0.000198 0.000694 -0.002479
v -0.000259 0.000685 -0.002487
v -0.000319 0.000674 -0.002498
v -0.000378 0.000658 -0.002489
v -0.000434 0.000638 -0.002469
v -0.000490 0.000622 -0.002496
v -0.000543 0.000599 -0.002494
v -0.000594 0.000575 -0.002495
v -0.000641 0.000546 -0.002475
v -0.000687 0.000517 -0.002486
v -0.000731 0.000488 -0.002507
v -0.000769 0.000453 -0.002488
v -0.000805 0.000417 -0.002487
v -0.000838 0.000380 -0.002479
v -0.000870 0.000343 -0.002507
v -0.000895 0.000303 -0.002497
v -0.000915 0.000261 -0.002480
v -0.000934 0.000220 -0.002489
v -0.000949 0.000178 -0.002494
v -0.000960 0.000136 -0.002510
v -0.000963 0.000093 -0.002478
v -0.000966 0.000051 -0.002486
v -0.000965 0.000009 -0.002498
v -0.000959 -0.000033 -0.002501
v -0.000948 -0.000074 -0.002493
v -0.000932 -0.000113 -0.002473
v -0.000917 -0.000154 -0.002503
v -0.000895 -0.000193 -0.002498
v -0.000868 -0.000230 -0.002494
v -0.000838 -0.000266 -0.002478
v -0.000806 -0.000303 -0.002488
v -0.000771 -0.000339 -0.002509
v -0.000729 -0.000371 -0.002485
v -0.000687 -0.000404 -0.002485
v -0.000641 -0.000435 -0.002480
v -0.000594 -0.000467 -0.002504
v -0.000543 -0.000494 -0.002493
v -0.000489 -0.000518 -0.002473
v -0.000434 -0.000543 -0.002487
v -0.000378 -0.000565 -0.002490
v -0.000320 -0.000586 -0.002501
v -0.000259 -0.000598 -0.002471
v -0.000198 -0.000613 -0.002479
v -0.000137 -0.000625 -0.002493
v -0.000075 -0.000632 -0.002490
v -0.000012 -0.000635 -0.002483
v 0.000050 -0.000633 -0.002465
v 0.000113 -0.000634 -0.002495
v 0.000174 -0.000626 -0.002488
v 0.000235 -0.000615 -0.002480
v 0.000294 -0.000601 -0.002470
v 0.000353 -0.000586 -0.002478
v 0.000411 -0.000570 -0.002499
v 0.000465 -0.000545 -0.002471
v 0.000518 -0.000521 -0.002473
v 0.000568 -0.000494 -0.002472
v 0.000618 -0.000467 -0.002492
v 0.000663 -0.000435 -0.002481
v 0.000704 -0.000400 -0.002460
v 0.000745 -0.000367 -0.002479
v 0.000782 -0.000331 -0.002480
v 0.000815 -0.000294 -0.002488
v 0.000842 -0.000253 -0.002460
v 0.000869 -0.000213 -0.002470
v 0.000893 -0.000172 -0.002487
v 0.000910 -0.000129 -0.002478
v 0.000924 -0.000085 -0.002473
v 0.000932 -0.000040 -0.002458
v 0.000942 0.000005 -0.002489
v 0.000706 0.000051 -0.002504
v 0.000703 0.000085 -0.002490
v 0.000699 0.000119 -0.002493
v 0.000692 0.000154 -0.002500
v 0.000682 0.000188 -0.002517
v 0.000667 0.000221 -0.002485
v 0.000651 0.000253 -0.002493
v 0.000632 0.000285 -0.002501
v 0.000610 0.000316 -0.002511
v 0.000585 0.000345 -0.002501
v 0.000556 0.000371 -0.002481
v 0.000528 0.000399 -0.002509
v 0.000496 0.000422 -0.002506
v 0.000461 0.000444 -0.002506
v 0.000424 0.000462 -0.002486
v 0.000386 0.000481 -0.002499
v 0.000347 0.000498 -0.002519
v 0.000305 0.000510 -0.002499
v 0.000262 0.000521 -0.002499
v 0.000218 0.000530 -0.002491
v 0.000174 0.000540 -0.002520
v 0.000128 0.000544 -0.002509
v 0.000081 0.000545 -0.002493
v 0.000035 0.000548 -0.002502
v -0.000012 0.000548 -0.002508
v -0.000059 0.000548 -0.002522
v -0.000106 0.000541 -0.002491
v -0.000152 0.000536 -0.002501
v -0.000198 0.000530 -0.002512
v -0.000243 0.000521 -0.002516
v -0.000287 0.000509 -0.002508
v -0.000329 0.000495 -0.002490
v -0.000372 0.000483 -0.002520
v -0.000411 0.000466 -0.002515
v -0.000449 0.000447 -0.002511
v -0.000485 0.000426 -0.002496
v -0.000520 0.000405 -0.002508
v -0.000553 0.000382 -0.002528
v -0.000581 0.000355 -0.002504
v -0.000609 0.000329 -0.002506
v -0.000633 0.000301 -0.002502
v -0.000657 0.000273 -0.002527
v -0.000676 0.000242 -0.002515
v -0.000691 0.000210 -0.002497
v -0.000706 0.000179 -0.002512
v -0.000717 0.000147 -0.002515
v -0.000725 0.000115 -0.002527
v -0.000727 0.000083 -0.002496
v -0.000730 0.000051 -0.002507
v -0.000729 0.000019 -0.002521
v -0.000724 -0.000013 -0.002518
v -0.000716 -0.000044 -0.002511
v -0.000704 -0.000074 -0.002494
v -0.000693 -0.000105 -0.002525
v -0.000676 -0.000134 -0.002517
v -0.000656 -0.000163 -0.002510
v -0.000633 -0.000190 -0.002500
v -0.000609 -0.000218 -0.002510
v -0.000583 -0.000245 -0.002529
v -0.000551 -0.000269 -0.002501
v -0.000520 -0.000294 -0.002505
v -0.000485 -0.000317 -0.002504
v -0.000450 -0.000341 -0.002524
v -0.000411 -0.000361 -0.002512
v -0.000371 -0.000379 -0.002492
v -0.000330 -0.000399 -0.002512
v -0.000287 -0.000415 -0.002512
v -0.000243 -0.000430 -0.002520
v -0.000198 -0.000439 -0.002491
v -0.000152 -0.000450 -0.002502
v -0.000106 -0.000459 -0.002518
v -0.000059 -0.000463 -0.002509
v -0.000012 -0.000465 -0.002503
v 0.000035 -0.000463 -0.002488
v 0.000082 -0.000464 -0.002519
v 0.000128 -0.000457 -0.002509
v 0.000173 -0.000449 -0.002498
v 0.000218 -0.000438 -0.002494
v 0.000262 -0.000427 -0.002503
v 0.000306 -0.000414 -0.002521
v 0.000346 -0.000394 -0.002490
v 0.000386 -0.000376 -0.002496
v 0.000425 -0.000357 -0.002499
v 0.000462 -0.000336 -0.002514
v 0.000495 -0.000312 -0.002503
v 0.000526 -0.000286 -0.002482
v 0.000558 -0.000261 -0.002506
v 0.000585 -0.000234 -0.002504
v 0.000610 -0.000206 -0.002508
v 0.000631 -0.000175 -0.002483
v 0.000651 -0.000146 -0.002495
v 0.000669 -0.000115 -0.002513
v 0.000681 -0.000083 -0.002499
v 0.000692 -0.000050 -0.002495
v 0.000698 -0.000017 -0.002484
v 0.000705 0.000016 -0.002514
v 0.000467 0.000051 -0.002520
v 0.000466 0.000073 -0.002504
v 0.000463 0.000096 -0.002514
v 0.000458 0.000119 -0.002519
v 0.000452 0.000142 -0.002533
v 0.000441 0.000163 -0.002501
v 0.000431 0.000185 -0.002512
v 0.000418 0.000206 -0.002522
v 0.000403 0.000227 -0.002526
v 0.000386 0.000245 -0.002516
v 0.000367 0.000263 -0.002499
v 0.000349 0.000281 -0.002530
v 0.000327 0.000297 -0.002523
v 0.000304 0.000311 -0.002520
v 0.000279 0.000324 -0.002504
v 0.000254 0.000336 -0.002517
v 0.000228 0.000348 -0.002536
v 0.000200 0.000356 -0.002512
v 0.000171 0.000364 -0.002514
v 0.000142 0.000370 -0.002511
v 0.000112 0.000376 -0.002536
v 0.000081 0.000379 -0.002523
v 0.000050 0.000381 -0.002506
v 0.000019 0.000383 -0.002521
v -0.000012 0.000383 -0.002525
v -0.000044 0.000383 -0.002535
v -0.000075 0.000378 -0.002505
v -0.000106 0.000376 -0.002517
v -0.000136 0.000372 -0.002531
v -0.000166 0.000366 -0.002528
v -0.000196 0.000358 -0.002521
v -0.000224 0.000349 -0.002505
v -0.000252 0.000341 -0.002537
v -0.000279 0.000330 -0.002529
v -0.000304 0.000317 -0.002522
v -0.000328 0.000303 -0.002512
v -0.000351 0.000289 -0.002524
v -0.000373 0.000274 -0.002543
v -0.000392 0.000256 -0.002515
v -0.000411 0.000238 -0.002520
v -0.000427 0.000219 -0.002520
v -0.000443 0.000200 -0.002540
v -0.000455 0.000180 -0.002527
v -0.000466 0.000158 -0.002509
v -0.000476 0.000137 -0.002529
v -0.000483 0.000116 -0.002530
v -0.000488 0.000094 -0.002537
v -0.000490 0.000072 -0.002509
v -0.000492 0.000051 -0.002522
v -0.000491 0.000029 -0.002537
v -0.000488 0.000008 -0.002528
v -0.000482 -0.000013 -0.002522
v -0.000475 -0.000034 -0.002509
v -0.000467 -0.000054 -0.002541
v -0.000455 -0.000074 -0.002530
v -0.000442 -0.000093 -0.002519
v -0.000427 -0.000112 -0.002516
v -0.000411 -0.000130 -0.002526
v -0.000393 -0.000149 -0.002543
v -0.000372 -0.000165 -0.002512
v -0.000351 -0.000181 -0.002519
v -0.000328 -0.000197 -0.002522
v -0.000305 -0.000213 -0.002537
v -0.000279 -0.000226 -0.002524
v -0.000252 -0.000238 -0.002505
v -0.000224 -0.000251 -0.002530
v -0.000196 -0.000262 -0.002527
v -0.000167 -0.000271 -0.002531
v -0.000136 -0.000277 -0.002506
v -0.000106 -0.000284 -0.002519
v -0.000075 -0.000290 -0.002536
v -0.000044 -0.000292 -0.002521
v -0.000012 -0.000293 -0.002517
v 0.000019 -0.000292 -0.002506
v 0.000050 -0.000292 -0.002537
v 0.000081 -0.000288 -0.002524
v 0.000112 -0.000282 -0.002511
v 0.000142 -0.000275 -0.002513
v 0.000171 -0.000267 -0.002521
v 0.000200 -0.000258 -0.002537
v 0.000227 -0.000245 -0.002504
v 0.000254 -0.000233 -0.002513
v 0.000280 -0.000220 -0.002520
v 0.000304 -0.000206 -0.002529
v 0.000327 -0.000189 -0.002518
v 0.000348 -0.000172 -0.002499
v 0.000369 -0.000156 -0.002527
v 0.000387 -0.000138 -0.002522
v 0.000403 -0.000119 -0.002522
v 0.000417 -0.000099 -0.002502
v 0.000431 -0.000079 -0.002515
v 0.000443 -0.000059 -0.002533
v 0.000451 -0.000038 -0.002513
v 0.000458 -0.000016 -0.002512
v 0.000463 0.000006 -0.002505
v 0.000467 0.000028 -0.002533
v 0.000228 0.000051 -0.002530
v 0.000227 0.000062 -0.002514
v 0.000226 0.000073 -0.002529
v 0.000223 0.000084 -0.002532
v 0.000220 0.000096 -0.002542
v 0.000215 0.000106 -0.002511
v 0.000209 0.000117 -0.002525
v 0.000203 0.000128 -0.002537
v 0.000196 0.000138 -0.002534
v 0.000187 0.000147 -0.002526
v 0.000178 0.000156 -0.002511
v 0.000169 0.000165 -0.002543
v 0.000158 0.000173 -0.002533
v 0.000146 0.000180 -0.002526
v 0.000134 0.000187 -0.002517
v 0.000121 0.000193 -0.002530
v 0.000108 0.000199 -0.002547
v 0.000094 0.000202 -0.002519
v 0.000080 0.000207 -0.002524
v 0.000065 0.000210 -0.002525
v 0.000050 0.000213 -0.002545
v 0.000035 0.000215 -0.002531
v 0.000019 0.000215 -0.002514
v 0.000003 0.000217 -0.002534
v -0.000012 0.000217 -0.002535
v -0.000028 0.000217 -0.002542
v -0.000044 0.000215 -0.002513
v -0.000059 0.000214 -0.002528
v -0.000074 0.000212 -0.002543
v -0.000089 0.000209 -0.002534
v -0.000104 0.000205 -0.002528
v -0.000118 0.000201 -0.002515
v -0.000132 0.000197 -0.002548
v -0.000146 0.000191 -0.002536
v -0.000158 0.000185 -0.002526
v -0.000170 0.000178 -0.002523
v -0.000182 0.000171 -0.002534
v -0.000193 0.000163 -0.002550
v -0.000202 0.000154 -0.002519
v -0.000212 0.000145 -0.002527
v -0.000220 0.000136 -0.002531
v -0.000228 0.000126 -0.002546
v -0.000234 0.000116 -0.002532
v -0.000239 0.000105 -0.002515
v -0.000244 0.000095 -0.002540
v -0.000248 0.000084 -0.002537
v -0.000250 0.000073 -0.002541
v -0.000251 0.000062 -0.002516
v -0.000252 0.000051 -0.002531
v -0.000252 0.000040 -0.002547
v -0.000250 0.000029 -0.002532
v -0.000248 0.000018 -0.002528
v -0.000244 0.000008 -0.002519
v -0.000240 -0.000003 -0.002549
v -0.000234 -0.000012 -0.002536
v -0.000227 -0.000022 -0.002523
v -0.000220 -0.000032 -0.002526
v -0.000212 -0.000041 -0.002535
v -0.000203 -0.000050 -0.002549
v -0.000192 -0.000058 -0.002517
v -0.000182 -0.000066 -0.002527
v -0.000171 -0.000074 -0.002534
v -0.000159 -0.000082 -0.002543
v -0.000146 -0.000089 -0.002531
v -0.000132 -0.000095 -0.002513
v -0.000119 -0.000101 -0.002541
v -0.000104 -0.000106 -0.002536
v -0.000089 -0.000111 -0.002536
v -0.000074 -0.000114 -0.002515
v -0.000059 -0.000118 -0.002530
v -0.000044 -0.000120 -0.002547
v -0.000028 -0.000121 -0.002526
v -0.000012 -0.000122 -0.002526
v 0.000003 -0.000121 -0.002519
v 0.000019 -0.000121 -0.002547
v 0.000035 -0.000118 -0.002533
v 0.000050 -0.000115 -0.002518
v 0.000065 -0.000112 -0.002527
v 0.000080 -0.000108 -0.002533
v 0.000094 -0.000103 -0.002545
v 0.000108 -0.000096 -0.002513
v 0.000121 -0.000090 -0.002525
v 0.000134 -0.000084 -0.002535
v 0.000146 -0.000077 -0.002538
v 0.000157 -0.000068 -0.002527
v 0.000168 -0.000060 -0.002510
v 0.000178 -0.000052 -0.002541
v 0.000187 -0.000043 -0.002533
v 0.000196 -0.000033 -0.002530
v 0.000203 -0.000023 -0.002514
v 0.000210 -0.000014 -0.002528
v 0.000215 -0.000004 -0.002546
v 0.000219 0.000007 -0.002521
v 0.000223 0.000018 -0.002523
v 0.000226 0.000028 -0.002520
v 0.000228 0.000039 -0.002545
v -0.000012 0.000051 -0.002533
vn 0.0073 0.0029 1.0000
vn 0.0077 -0.5517 0.8340
vn -0.0191 0.1696 0.9853
vn 0.0115 0.3492 0.9370
vn 0.0494 -0.1807 0.9823
vn 0.1169 -0.5060 0.8546
vn 0.0079 -0.2536 0.9673
vn -0.1479 0.3460 0.9265
vn 0.0741 -0.3325 0.9402
vn 0.1905 -0.6903 0.6980
vn 0.1802 -0.6565 0.7325
vn -0.1562 -0.2653 0.9514
vn -0.1061 -0.2282 0.9678
vn 0.3206 -0.7603 0.5650
vn 0.1586 -0.6756 0.7200
vn -0.0588 -0.5077 0.8595
vn -0.1661 -0.4316 0.8867
vn 0.1886 -0.5975 0.7793
vn 0.1305 -0.7188 0.6829
vn -0.2528 -0.4764 0.8421
vn -0.0979 -0.5795 0.8091
vn 0.1507 -0.6026 0.7837
vn 0.4736 -0.6456 0.5990
vn -0.1034 -0.7126 0.6939
vn -0.2454 -0.5566 0.7937
vn 0.2041 -0.6408 0.7401
vn 0.4031 -0.5586 0.7249
vn 0.0843 -0.7291 0.6792
vn -0.3985 -0.6735 0.6225
vn 0.1869 -0.5393 0.8211
vn 0.3280 -0.5801 0.7456
vn 0.1237 -0.6139 0.7796
vn -0.1366 -0.7608 0.6345
vn 0.0381 -0.5646 0.8245
vn 0.4841 -0.2953 0.8237
vn 0.0910 -0.6725 0.7345
vn -0.1839 -0.7674 0.6142
vn -0.1523 -0.7605 0.6313
vn 0.3000 -0.2100 0.9305
vn 0.2878 -0.4058 0.8675
vn -0.1743 -0.8112 0.5582
vn -0.0863 -0.7078 0.7012
vn 0.0820 -0.3581 0.9301
vn 0.2189 0.0441 0.9747
vn 0.0476 -0.5324 0.8452
vn -0.0418 -0.5292 0.8475
vn 0.0536 -0.1053 0.9930
vn 0.0526 0.1459 0.9879
vn 0.0371 -0.2248 0.9737
vn -0.0042 -0.7414 0.6711
vn -0.0468 0.1083 0.9930
vn -0.0215 0.3541 0.9350
vn -0.0066 0.0249 0.9997
vn 0.0612 -0.2357 0.9699
vn -0.0234 0.0408 0.9989
vn -0.1887 0.7772 0.6003
vn 0.0288 0.2728 0.9616
vn 0.1192 -0.0184 0.9927
vn -0.0056 0.3448 0.9387
vn -0.1797 0.5992 0.7801
vn -0.0004 0.5539 0.8326
vn 0.2916 0.0997 0.9513
vn -0.0262 0.4805 0.8766
vn -0.2549 0.6901 0.6773
vn -0.3298 0.7325 0.5956
vn 0.2071 0.5553 0.8055
vn 0.2287 0.3920 0.8911
vn -0.3331 0.6933 0.6390
vn -0.3210 0.6836 0.6555
vn 0.0120 0.6899 0.7239
vn 0.3709 0.5308 0.7620
vn -0.2035 0.5917 0.7800
vn -0.2569 0.7024 0.6638
vn 0.0903 0.6502 0.7544
vn 0.1962 0.6919 0.6948
vn -0.0399 0.5931 0.8041
vn -0.5318 0.4938 0.6881
vn -0.0128 0.7412 0.6712
vn 0.2427 0.6913 0.6806
vn 0.0479 0.6872 0.7249
vn -0.3768 0.4049 0.8331
vn -0.2114 0.6586 0.7222
vn 0.3053 0.7797 0.5466
vn -0.0014 0.6027 0.7980
vn -0.1918 0.4916 0.8494
vn -0.2199 0.4162 0.8823
vn 0.0406 0.7345 0.6774
vn 0.0186 0.5504 0.8347
vn -0.2243 0.2513 0.9416
vn -0.0936 0.4460 0.8901
vn 0.0556 0.6958 0.7161
vn 0.1276 0.7959 0.5918
vn -0.0869 0.0652 0.9941
vn -0.1259 0.0819 0.9886
vn 0.0489 0.6597 0.7499
vn 0.0372 0.6384 0.7688
vn 0.0273 0.1463 0.9889
vn 0.0168 -0.1836 0.9828
vn 0.0132 0.2632 0.9646
vn 0.0371 0.2217 0.9744
vn 0.0680 -0.3064 0.9495
vn 0.1080 -0.5264 0.8434
vn 0.0555 -0.4360 0.8982
vn -0.0478 -0.1395 0.9891
vn 0.0869 -0.5708 0.8165
vn 0.1451 -0.7536 0.6411
vn 0.1189 -0.7240 0.6794
vn -0.0605 -0.5895 0.8055
vn -0.0599 -0.5711 0.8187
vn 0.2200 -0.8211 0.5268
vn 0.0855 -0.7729 0.6287
vn -0.0253 -0.7172 0.6964
vn -0.0357 -0.7290 0.6835
vn 0.1821 -0.7944 0.5794
vn 0.0988 -0.8001 0.5917
vn -0.1297 -0.7264 0.6750
vn -0.0114 -0.7692 0.6389
vn 0.1512 -0.7896 0.5947
vn 0.2757 -0.7826 0.5582
vn -0.0724 -0.7848 0.6155
vn -0.1247 -0.7669 0.6295
vn 0.1803 -0.7797 0.5996
vn 0.2478 -0.7593 0.6017
vn 0.0569 -0.7953 0.6035
vn -0.1804 -0.8015 0.5702
vn 0.1855 -0.7533 0.6310
vn 0.2422 -0.7435 0.6233
vn 0.0649 -0.7898 0.6100
vn -0.0524 -0.8230 0.5656
vn 0.0710 -0.7767 0.6258
vn 0.3281 -0.6482 0.6872
vn 0.0798 -0.7891 0.6091
vn -0.0590 -0.8329 0.5502
vn -0.0094 -0.8180 0.5752
vn 0.2998 -0.5398 0.7866
vn 0.1996 -0.6725 0.7127
vn -0.0787 -0.8509 0.5193
vn 0.0080 -0.7759 0.6308
vn 0.0984 -0.6421 0.7603
vn 0.1399 -0.4953 0.8574
vn 0.0200 -0.7217 0.6919
vn -0.0028 -0.6516 0.7585
vn 0.0641 -0.3780 0.9236
vn 0.0383 -0.2640 0.9638
vn 0.0071 -0.4418 0.8971
vn -0.0110 -0.6342 0.7731
vn -0.0428 0.0735 0.9964
vn -0.0391 0.2789 0.9595
vn -0.0318 0.0300 0.9990
vn 0.0004 0.0088 1.0000
vn -0.0421 0.2620 0.9642
vn -0.1499 0.7508 0.6433
vn -0.0153 0.4813 0.8764
vn 0.0441 0.3454 0.9374
vn -0.0570 0.6379 0.7680
vn -0.1511 0.7565 0.6363
vn -0.0454 0.7212 0.6912
vn 0.1450 0.5331 0.8335
vn -0.0542 0.7285 0.6829
vn -0.1689 0.8041 0.5700
vn -0.1846 0.8074 0.5604
vn 0.1206 0.7213 0.6820
vn 0.1379 0.6923 0.7083
vn -0.2159 0.8059 0.5513
vn -0.1597 0.7995 0.5791
vn 0.0194 0.7806 0.6247
vn 0.1504 0.7560 0.6371
vn -0.1944 0.7787 0.5965
vn -0.1739 0.7892 0.5890
vn 0.0535 0.7878 0.6136
vn 0.0754 0.7921 0.6057
vn -0.0851 0.7819 0.6176
vn -0.3269 0.7202 0.6119
vn -0.0086 0.8020 0.5972
vn 0.0976 0.8080 0.5810
vn -0.0730 0.7871 0.6125
vn -0.2856 0.6920 0.6630
vn -0.1466 0.7661 0.6258
vn 0.1453 0.8422 0.5193
vn -0.0857 0.7652 0.6381
vn -0.1827 0.7184 0.6712
vn -0.1245 0.7346 0.6670
vn 0.0173 0.8206 0.5713
vn -0.0342 0.7558 0.6539
vn -0.1952 0.6073 0.7701
vn -0.0718 0.7159 0.6945
vn 0.0217 0.7910 0.6115
vn 0.0475 0.8105 0.5838
vn -0.1221 0.3640 0.9233
vn -0.1069 0.4282 0.8973
vn 0.0311 0.7177 0.6957
vn 0.0204 0.6483 0.7611
vn 0.0096 0.2849 0.9585
vn 0.0277 0.1415 0.9896
vn 0.0300 0.3218 0.9463
vn 0.0610 0.0987 0.9933
vn 0.0892 -0.4156 0.9051
vn 0.1053 -0.5678 0.8164
vn 0.0762 -0.5708 0.8175
vn 0.0315 -0.5086 0.8604
vn 0.1094 -0.7261 0.6788
vn 0.1244 -0.7983 0.5892
vn 0.0906 -0.7718 0.6293
vn 0.0081 -0.7272 0.6864
vn 0.0507 -0.7588 0.6493
vn 0.1796 -0.8343 0.5213
vn 0.0555 -0.7822 0.6206
vn 0.0035 -0.7516 0.6596
vn 0.0400 -0.7663 0.6413
vn 0.1785 -0.7964 0.5778
vn 0.0834 -0.7647 0.6390
vn -0.0840 -0.7127 0.6965
vn 0.0464 -0.7440 0.6666
vn 0.1612 -0.7513 0.6399
vn 0.1948 -0.7386 0.6454
vn -0.0768 -0.7032 0.7068
vn -0.0460 -0.7272 0.6849
vn 0.1957 -0.7089 0.6776
vn 0.1654 -0.7097 0.6848
vn 0.0211 -0.7163 0.6975
vn -0.1102 -0.7398 0.6638
vn 0.1776 -0.7032 0.6884
vn 0.2034 -0.6772 0.7071
vn 0.0091 -0.7515 0.6596
vn -0.0409 -0.7687 0.6383
vn 0.0742 -0.7497 0.6576
vn 0.2401 -0.6624 0.7097
vn 0.0392 -0.7760 0.6295
vn -0.0327 -0.8153 0.5781
vn 0.0338 -0.7947 0.6061
vn 0.1703 -0.7046 0.6888
vn 0.1212 -0.7475 0.6531
vn -0.0457 -0.8563 0.5144
vn 0.0324 -0.7991 0.6003
vn 0.0765 -0.7505 0.6564
vn 0.0648 -0.7355 0.6744
vn 0.0014 -0.8094 0.5873
vn 0.0051 -0.7356 0.6774
vn 0.0483 -0.5689 0.8210
vn 0.0170 -0.5586 0.8292
vn -0.0086 -0.5899 0.8074
vn -0.0200 -0.5655 0.8245
vn -0.0507 0.0207 0.9985
vn -0.0516 0.2156 0.9751
vn -0.0481 0.0872 0.9950
vn -0.0461 0.2596 0.9646
vn -0.0757 0.4954 0.8653
vn -0.1261 0.7537 0.6450
vn -0.0414 0.6242 0.7802
vn -0.0253 0.6085 0.7931
vn -0.0914 0.7660 0.6363
vn -0.1358 0.8135 0.5655
vn -0.0650 0.7832 0.6184
vn 0.0313 0.7134 0.7000
vn -0.0910 0.7949 0.5999
vn -0.1426 0.8190 0.5558
vn -0.1205 0.8025 0.5844
vn 0.0654 0.7289 0.6815
vn 0.0134 0.7464 0.6654
vn -0.1972 0.7835 0.5893
vn -0.0962 0.7559 0.6476
vn 0.0185 0.7222 0.6914
vn 0.0605 0.7110 0.7006
vn -0.1900 0.7268 0.6601
vn -0.1397 0.7018 0.6985
vn 0.0732 0.7048 0.7057
vn 0.0373 0.7018 0.7114
vn -0.1076 0.7011 0.7049
vn -0.2409 0.6561 0.7152
vn 0.0321 0.7093 0.7042
vn 0.0649 0.7407 0.6687
vn -0.1064 0.6985 0.7077
vn -0.1813 0.6831 0.7075
vn -0.0779 0.7201 0.6895
vn 0.1064 0.8010 0.5891
vn -0.0959 0.7394 0.6664
vn -0.1528 0.7125 0.6849
vn -0.0536 0.7766 0.6277
vn 0.0250 0.8248 0.5648
vn -0.0311 0.7938 0.6074
vn -0.1443 0.7111 0.6881
vn -0.0390 0.7968 0.6030
vn 0.0166 0.8310 0.5560
vn 0.0135 0.8229 0.5680
vn -0.0812 0.6330 0.7699
vn -0.0659 0.6496 0.7574
vn 0.0247 0.7742 0.6325
vn 0.0159 0.6772 0.7356
vn 0.0120 0.4298 0.9028
vn 0.0444 0.3183 0.9469
vn 0.0507 0.3358 0.9406
vn 0.0828 -0.0005 0.9966
vn 0.1029 -0.5040 0.8576
vn 0.1060 -0.6253 0.7731
vn 0.0871 -0.6608 0.7455
vn 0.0646 -0.6674 0.7419
vn 0.1175 -0.7909 0.6006
vn 0.1144 -0.8150 0.5680
vn 0.0822 -0.7812 0.6188
vn 0.0433 -0.7504 0.6595
vn 0.0917 -0.7731 0.6277
vn 0.1730 -0.8005 0.5738
vn 0.0383 -0.7034 0.7097
vn 0.0177 -0.6696 0.7425
vn 0.0813 -0.6774 0.7311
vn 0.1905 -0.6964 0.6919
vn 0.0676 -0.6019 0.7957
vn -0.0900 -0.5245 0.8466
vn 0.0841 -0.5729 0.8153
vn 0.1726 -0.5665 0.8058
vn 0.1568 -0.5342 0.8307
vn -0.0969 -0.4665 0.8792
vn -0.0289 -0.4989 0.8662
vn 0.2114 -0.4784 0.8523
vn 0.1132 -0.4773 0.8714
vn -0.0291 -0.4831 0.8751
vn -0.1100 -0.5148 0.8502
vn 0.1764 -0.4647 0.8677
vn 0.1606 -0.4531 0.8769
vn -0.0586 -0.5672 0.8215
vn -0.0626 -0.5858 0.8080
vn 0.0615 -0.5711 0.8185
vn 0.1883 -0.4953 0.8481
vn -0.0126 -0.6536 0.7567
vn -0.0561 -0.7211 0.6906
vn 0.0353 -0.6877 0.7252
vn 0.1061 -0.6637 0.7404
vn 0.0596 -0.7196 0.6918
vn -0.0549 -0.8303 0.5547
vn 0.0247 -0.7802 0.6250
vn 0.0532 -0.7632 0.6440
vn 0.0234 -0.7906 0.6119
vn -0.0141 -0.8340 0.5516
vn -0.0033 -0.7786 0.6276
vn 0.0262 -0.6692 0.7426
vn -0.0031 -0.6812 0.7321
vn -0.0244 -0.6598 0.7511
vn -0.0340 -0.5485 0.8355
vn -0.0640 -0.0234 0.9977
vn -0.0666 0.1883 0.9799
vn -0.0668 0.1655 0.9839
vn -0.0758 0.4334 0.8980
vn -0.0935 0.6357 0.7663
vn -0.1152 0.7762 0.6199
vn -0.0545 0.7010 0.7111
vn -0.0552 0.7131 0.6989
vn -0.1050 0.8069 0.5812
vn -0.1264 0.8230 0.5538
vn -0.0692 0.7794 0.6227
vn -0.0072 0.7216 0.6923
vn -0.1153 0.7773 0.6184
vn -0.1383 0.7696 0.6234
vn -0.1003 0.7212 0.6854
vn 0.0386 0.6161 0.7867
vn -0.0389 0.6406 0.7669
vn -0.2099 0.6549 0.7260
vn -0.0614 0.5695 0.8197
vn 0.0286 0.5115 0.8588
vn 0.0244 0.4932 0.8695
vn -0.2057 0.5079 0.8365
vn -0.1068 0.4539 0.8846
vn 0.1225 0.4409 0.8891
vn 0.0273 0.4382 0.8985
vn -0.1153 0.4281 0.8963
vn -0.1856 0.3960 0.8993
vn 0.0914 0.4597 0.8833
vn 0.0907 0.5042 0.8588
vn -0.1113 0.4378 0.8922
vn -0.1175 0.4622 0.8789
vn -0.0004 0.5296 0.8482
vn 0.1380 0.6476 0.7493
vn -0.0803 0.5712 0.8169
vn -0.1196 0.5584 0.8209
vn 0.0099 0.6939 0.7200
vn 0.0541 0.7517 0.6572
vn -0.0107 0.7416 0.6708
vn -0.1046 0.6814 0.7244
vn -0.0042 0.7908 0.6120
vn 0.0324 0.8283 0.5593
vn 0.0129 0.8192 0.5734
vn -0.0407 0.7331 0.6789
vn -0.0264 0.7472 0.6641
vn 0.0327 0.8098 0.5858
vn 0.0230 0.7119 0.7019
vn 0.0233 0.5348 0.8447
vn 0.0640 0.4196 0.9054
vn 0.0729 0.3192 0.9449
vn 0.1014 -0.0998 0.9898
vn 0.1103 -0.5791 0.8078
vn 0.1048 -0.6774 0.7281
vn 0.0916 -0.7173 0.6907
vn 0.0803 -0.7387 0.6692
vn 0.1221 -0.8122 0.5704
vn 0.1101 -0.8018 0.5874
vn 0.0812 -0.7465 0.6604
vn 0.0698 -0.7052 0.7056
vn 0.1219 -0.7122 0.6914
vn 0.1817 -0.7009 0.6897
vn 0.0280 -0.5138 0.8574
vn 0.0315 -0.4695 0.8824
vn 0.1189 -0.4769 0.8709
vn 0.1991 -0.4748 0.8573
vn 0.0626 -0.3235 0.9442
vn -0.0978 -0.2016 0.9746
vn 0.1099 -0.2779 0.9543
vn 0.1653 -0.2655 0.9498
vn 0.1034 -0.2080 0.9726
vn -0.1063 -0.1410 0.9843
vn -0.0194 -0.1495 0.9886
vn 0.1999 -0.1571 0.9672
vn 0.0467 -0.1483 0.9878
vn -0.0790 -0.1566 0.9845
vn -0.1058 -0.1821 0.9776
vn 0.1511 -0.1148 0.9818
vn 0.0880 -0.1527 0.9844
vn -0.1270 -0.2731 0.9536
vn -0.0878 -0.2879 0.9536
vn 0.0396 -0.2528 0.9667
vn 0.1173 -0.2201 0.9684
vn -0.0835 -0.4358 0.8961
vn -0.0971 -0.5243 0.8460
vn 0.0176 -0.4689 0.8831
vn 0.0471 -0.5091 0.8594
vn -0.0065 -0.6159 0.7878
vn -0.0864 -0.7631 0.6405
vn 0.0009 -0.7151 0.6990
vn 0.0222 -0.7263 0.6870
vn -0.0161 -0.7938 0.6080
vn -0.0362 -0.8328 0.5524
vn -0.0220 -0.7948 0.6065
vn -0.0006 -0.7202 0.6937
vn -0.0257 -0.7409 0.6711
vn -0.0434 -0.6958 0.7169
vn -0.0524 -0.5411 0.8394
vn -0.0809 -0.0498 0.9955
vn -0.0828 0.1909 0.9781
vn -0.0828 0.2518 0.9642
vn -0.0916 0.5522 0.8287
vn -0.0997 0.7151 0.6918
vn -0.1088 0.7938 0.5984
vn -0.0622 0.7356 0.6745
vn -0.0715 0.7494 0.6582
vn -0.1146 0.8100 0.5751
vn -0.1244 0.7999 0.5870
vn -0.0750 0.7255 0.6841
vn -0.0318 0.6504 0.7589
vn -0.1426 0.6997 0.7001
vn -0.1419 0.6405 0.7547
vn -0.0896 0.5350 0.8401
vn 0.0103 0.3946 0.9188
vn -0.0779 0.4095 0.9090
vn -0.2215 0.4149 0.8825
vn -0.0317 0.2631 0.9643
vn 0.0360 0.1865 0.9818
vn -0.0098 0.1770 0.9842
vn -0.1954 0.1835 0.9634
vn -0.0718 0.1346 0.9883
vn 0.1529 0.0976 0.9834
vn 0.0122 0.0966 0.9952
vn -0.1023 0.0852 0.9911
vn -0.1098 0.0716 0.9914
vn 0.1471 0.1495 0.9778
vn 0.1059 0.1565 0.9820
vn -0.0929 0.0972 0.9909
vn -0.0418 0.1456 0.9885
vn 0.0856 0.2521 0.9639
vn 0.1752 0.3736 0.9109
vn -0.0499 0.2586 0.9647
vn -0.0577 0.3001 0.9521
vn 0.0872 0.5085 0.8566
vn 0.1028 0.5881 0.8022
vn 0.0251 0.5974 0.8015
vn -0.0560 0.5597 0.8268
vn 0.0426 0.7296 0.6825
vn 0.0631 0.7905 0.6092
vn 0.0299 0.7879 0.6151
vn -0.0027 0.7558 0.6548
vn 0.0103 0.7818 0.6234
vn 0.0488 0.8259 0.5617
vn 0.0383 0.7361 0.6758
vn 0.0406 0.6028 0.7969
vn 0.0855 0.4740 0.8763
vn 0.0957 0.2746 0.9568
vn 0.1155 -0.2031 0.9723
vn 0.1123 -0.6415 0.7589
vn 0.1016 -0.7172 0.6895
vn 0.0935 -0.7485 0.6565
vn 0.0904 -0.7647 0.6380
vn 0.1287 -0.8054 0.5786
vn 0.1122 -0.7523 0.6492
vn 0.0876 -0.6566 0.7491
vn 0.1006 -0.5948 0.7976
vn 0.1534 -0.5758 0.8030
vn 0.1955 -0.5151 0.8345
vn 0.0320 -0.2452 0.9689
vn 0.0473 -0.1858 0.9814
vn 0.1505 -0.2224 0.9633
vn 0.1845 -0.1859 0.9651
vn 0.0593 -0.0409 0.9974
vn -0.0847 0.0864 0.9927
vn 0.1231 -0.0056 0.9924
vn 0.1431 0.0008 0.9897
vn 0.0452 0.0702 0.9965
vn -0.1014 0.1119 0.9885
vn -0.0040 0.1082 0.9941
vn 0.1687 0.0871 0.9818
vn -0.0121 0.0977 0.9951
vn -0.1044 0.0944 0.9900
vn -0.0845 0.0799 0.9932
vn 0.1106 0.1387 0.9841
vn 0.0196 0.0832 0.9963
vn -0.1678 -0.0139 0.9857
vn -0.0921 -0.0014 0.9958
vn 0.0138 0.0413 0.9991
vn 0.0388 0.0337 0.9987
vn -0.1498 -0.2000 0.9683
vn -0.1315 -0.2511 0.9590
vn -0.0107 -0.1861 0.9825
vn -0.0183 -0.2851 0.9583
vn -0.0801 -0.4577 0.8855
vn -0.1288 -0.6418 0.7560
vn -0.0342 -0.5942 0.8036
vn -0.0182 -0.6460 0.7631
vn -0.0595 -0.7691 0.6364
vn -0.0647 -0.8143 0.5768
vn -0.0469 -0.7931 0.6073
vn -0.0307 -0.7443 0.6672
vn -0.0504 -0.7717 0.6340
vn -0.0648 -0.7126 0.6985
vn -0.0737 -0.5290 0.8454
vn -0.0990 -0.0568 0.9935
vn -0.0977 0.2204 0.9705
vn -0.0944 0.3437 0.9343
vn -0.0983 0.6360 0.7654
vn -0.1000 0.7603 0.6418
vn -0.1042 0.8008 0.5898
vn -0.0684 0.7421 0.6668
vn -0.0850 0.7504 0.6555
vn -0.1261 0.7850 0.6065
vn -0.1282 0.7382 0.6623
vn -0.0877 0.6151 0.7835
vn -0.0583 0.5069 0.8600
vn -0.1733 0.5547 0.8138
vn -0.1495 0.4277 0.8915
vn -0.0783 0.2567 0.9633
vn -0.0241 0.1302 0.9912
vn -0.1076 0.1344 0.9851
vn -0.2158 0.1469 0.9653
vn -0.0122 -0.0235 0.9997
vn 0.0295 -0.0882 0.9957
vn -0.0446 -0.0691 0.9966
vn -0.1657 -0.0651 0.9840
vn -0.0388 -0.0991 0.9943
vn 0.1495 -0.1324 0.9799
vn -0.0106 -0.1316 0.9912
vn -0.0827 -0.1327 0.9877
vn -0.0409 -0.1374 0.9897
vn 0.1690 -0.0679 0.9833
vn 0.0997 -0.0917 0.9908
vn -0.0698 -0.1401 0.9877
vn 0.0263 -0.0806 0.9964
vn 0.1421 0.0165 0.9897
vn 0.1838 0.0940 0.9785
vn -0.0146 -0.0400 0.9991
vn 0.0158 0.0534 0.9984
vn 0.1576 0.2716 0.9494
vn 0.1493 0.3519 0.9240
vn 0.0664 0.3594 0.9308
vn 0.0056 0.3672 0.9301
vn 0.1014 0.6143 0.7825
vn 0.1050 0.7123 0.6940
vn 0.0590 0.7219 0.6895
vn 0.0382 0.7398 0.6717
vn 0.0481 0.7859 0.6165
vn 0.0706 0.8286 0.5554
vn 0.0592 0.7488 0.6602
vn 0.0620 0.6443 0.7622
vn 0.1078 0.4966 0.8613
vn 0.1172 0.2040 0.9719
vn 0.1239 -0.3084 0.9432
vn 0.1103 -0.6905 0.7149
vn 0.0980 -0.7422 0.6630
vn 0.0963 -0.7591 0.6438
vn 0.1017 -0.7604 0.6414
vn 0.1413 -0.7708 0.6212
vn 0.1235 -0.6532 0.7470
vn 0.1028 -0.4973 0.8615
vn 0.1379 -0.4240 0.8951
vn 0.1828 -0.3735 0.9094
vn 0.2030 -0.2743 0.9400
vn 0.0449 0.0084 0.9990
vn 0.0694 0.0547 0.9961
vn 0.1724 -0.0165 0.9849
vn 0.1588 0.0429 0.9864
vn 0.0485 0.1554 0.9867
vn -0.0576 0.2414 0.9687
vn 0.1329 0.1481 0.9800
vn 0.1199 0.1554 0.9806
vn 0.0035 0.2226 0.9749
vn -0.0855 0.2416 0.9666
vn 0.0124 0.2320 0.9726
vn 0.1372 0.2137 0.9672
vn -0.0524 0.2227 0.9735
vn -0.1098 0.2249 0.9682
vn -0.0598 0.2187 0.9740
vn 0.0758 0.2618 0.9622
vn -0.0289 0.2105 0.9772
vn -0.1848 0.1375 0.9731
vn -0.0833 0.1797 0.9802
vn -0.0092 0.2112 0.9774
vn -0.0257 0.1866 0.9821
vn -0.1912 -0.0168 0.9814
vn -0.1507 -0.0093 0.9885
vn -0.0390 0.0567 0.9976
vn -0.0805 -0.0750 0.9939
vn -0.1471 -0.2808 0.9484
vn -0.1714 -0.4671 0.8674
vn -0.0756 -0.4187 0.9050
vn -0.0674 -0.5294 0.8457
vn -0.1070 -0.7217 0.6839
vn -0.0984 -0.7798 0.6182
vn -0.0764 -0.7779 0.6237
vn -0.0630 -0.7524 0.6557
vn -0.0764 -0.7863 0.6131
vn -0.0878 -0.7163 0.6922
vn -0.0964 -0.5075 0.8563
vn -0.1164 -0.0430 0.9923
vn -0.1092 0.2713 0.9563
vn -0.1006 0.4341 0.8952
vn -0.0998 0.6954 0.7117
vn -0.0984 0.7839 0.6130
vn -0.1020 0.7955 0.5972
vn -0.0765 0.7244 0.6851
vn -0.1010 0.7227 0.6837
vn -0.1434 0.7286 0.6698
vn -0.1383 0.6219 0.7708
vn -0.1080 0.4447 0.8891
vn -0.0896 0.3067 0.9476
vn -0.2011 0.3538 0.9134
vn -0.1589 0.1883 0.9692
vn -0.0695 -0.0173 0.9974
vn -0.0578 -0.0843 0.9948
vn -0.1306 -0.0681 0.9891
vn -0.1991 -0.0539 0.9785
vn -0.0031 -0.2022 0.9793
vn 0.0091 -0.2356 0.9718
vn -0.0764 -0.1959 0.9776
vn -0.1396 -0.1944 0.9709
vn -0.0147 -0.2204 0.9753
vn 0.1305 -0.2408 0.9618
vn -0.0340 -0.2373 0.9708
vn -0.0670 -0.2313 0.9706
vn 0.0078 -0.2312 0.9729
vn 0.1666 -0.1779 0.9698
vn 0.0851 -0.2100 0.9740
vn -0.0511 -0.2500 0.9669
vn 0.0753 -0.1849 0.9799
vn 0.1676 -0.1185 0.9787
vn 0.1729 -0.0870 0.9811
vn 0.0147 -0.2068 0.9783
vn 0.0735 -0.1065 0.9916
vn 0.2049 0.0757 0.9759
vn 0.1752 0.1159 0.9777
vn 0.1011 0.1058 0.9892
vn 0.0700 0.1622 0.9843
vn 0.1636 0.4609 0.8722
vn 0.1521 0.5880 0.7945
vn 0.0967 0.6150 0.7826
vn 0.0836 0.6963 0.7129
vn 0.0884 0.7713 0.6304
vn 0.0964 0.8210 0.5627
vn 0.0836 0.7520 0.6538
vn 0.0855 0.6676 0.7396
vn 0.1295 0.4952 0.8591
vn 0.1351 0.1124 0.9844
vn 0.1262 -0.4097 0.9035
vn 0.1065 -0.7257 0.6797
vn 0.0962 -0.7519 0.6522
vn 0.1033 -0.7505 0.6528
vn 0.1188 -0.7284 0.6748
vn 0.1626 -0.7013 0.6941
vn 0.1463 -0.4992 0.8540
vn 0.1248 -0.2820 0.9512
vn 0.1762 -0.2284 0.9575
vn 0.2056 -0.1623 0.9651
vn 0.2016 -0.0517 0.9781
vn 0.0596 0.1845 0.9810
vn 0.0965 0.1907 0.9769
vn 0.1880 0.1064 0.9764
vn 0.1365 0.1786 0.9744
vn 0.0409 0.2636 0.9638
vn -0.0268 0.3098 0.9504
vn 0.1413 0.2232 0.9645
vn 0.1002 0.2380 0.9661
vn -0.0226 0.3008 0.9534
vn -0.0646 0.3052 0.9501
vn 0.0259 0.2920 0.9561
vn 0.1086 0.2802 0.9538
vn -0.0800 0.2877 0.9544
vn -0.1069 0.2940 0.9498
vn -0.0396 0.2919 0.9556
vn 0.0455 0.3216 0.9458
vn -0.0651 0.2760 0.9590
vn -0.1907 0.2210 0.9564
vn -0.0742 0.2798 0.9572
vn -0.0303 0.2960 0.9547
vn -0.0764 0.2616 0.9622
vn -0.2125 0.1031 0.9717
vn -0.1592 0.1479 0.9761
vn -0.0633 0.2134 0.9749
vn -0.1325 0.0700 0.9887
vn -0.1973 -0.1188 0.9731
vn -0.2047 -0.2680 0.9414
vn -0.1165 -0.2193 0.9687
vn -0.1212 -0.3957 0.9104
vn -0.1571 -0.6540 0.7400
vn -0.1362 -0.7287 0.6712
vn -0.1094 -0.7513 0.6508
vn -0.0964 -0.7503 0.6541
vn -0.1027 -0.7905 0.6038
vn -0.1113 -0.7097 0.6957
vn -0.1188 -0.4743 0.8723
vn -0.1311 -0.0092 0.9913
vn -0.1160 0.3355 0.9349
vn -0.1020 0.5159 0.8506
vn -0.0988 0.7355 0.6703
vn -0.0977 0.7909 0.6041
vn -0.1044 0.7753 0.6229
vn -0.0905 0.6810 0.7267
vn -0.1233 0.6642 0.7373
vn -0.1686 0.6323 0.7561
vn -0.1535 0.4427 0.8835
vn -0.1323 0.2350 0.9629
vn -0.1236 0.0997 0.9873
vn -0.2215 0.1465 0.9641
vn -0.1664 -0.0147 0.9860
vn -0.0699 -0.2077 0.9757
vn -0.0910 -0.2133 0.9727
vn -0.1500 -0.1834 0.9715
vn -0.1832 -0.1779 0.9669
vn -0.0044 -0.2981 0.9545
vn -0.0173 -0.3067 0.9517
vn -0.1041 -0.2584 0.9604
vn -0.1195 -0.2636 0.9572
vn -0.0007 -0.2861 0.9582
vn 0.1061 -0.2971 0.9489
vn -0.0541 -0.2913 0.9551
vn -0.0530 -0.2816 0.9581
vn 0.0424 -0.2785 0.9595
vn 0.1553 -0.2391 0.9585
vn 0.0702 -0.2704 0.9602
vn -0.0328 -0.3003 0.9533
vn 0.1124 -0.2304 0.9666
vn 0.1795 -0.1891 0.9654
vn 0.1585 -0.1865 0.9696
vn 0.0393 -0.2817 0.9587
vn 0.1162 -0.1869 0.9755
vn 0.2337 -0.0453 0.9713
vn 0.1839 -0.0597 0.9811
vn 0.1270 -0.0778 0.9888
vn 0.1261 0.0001 0.9920
vn 0.2177 0.3022 0.9280
vn 0.1966 0.4256 0.8833
vn 0.1384 0.4728 0.8703
vn 0.1326 0.6304 0.7649
vn 0.1307 0.7427 0.6567
vn 0.1249 0.8050 0.5800
vn 0.1099 0.7477 0.6549
vn 0.1096 0.6778 0.7270
vn 0.1492 0.4739 0.8678
vn 0.1473 0.0076 0.9891
vn 0.1233 -0.4997 0.8574
vn 0.1032 -0.7474 0.6563
vn 0.0990 -0.7452 0.6595
vn 0.1178 -0.7211 0.6828
vn 0.1452 -0.6656 0.7321
vn 0.1933 -0.5881 0.7854
vn 0.1777 -0.3125 0.9332
vn 0.1508 -0.0647 0.9864
vn 0.2114 -0.0591 0.9756
vn 0.2225 0.0017 0.9749
vn 0.1976 0.1086 0.9742
vn 0.0780 0.2826 0.9561
vn 0.1247 0.2556 0.9587
vn 0.2007 0.1749 0.9639
vn 0.1206 0.2592 0.9583
vn 0.0409 0.3244 0.9450
vn 0.0041 0.3433 0.9392
vn 0.1469 0.2683 0.9521
vn 0.0831 0.2928 0.9525
vn -0.0388 0.3511 0.9355
vn -0.0428 0.3457 0.9374
vn 0.0350 0.3317 0.9427
vn 0.0808 0.3271 0.9415
vn -0.1001 0.3333 0.9375
vn -0.1012 0.3421 0.9342
vn -0.0257 0.3416 0.9395
vn 0.0156 0.3602 0.9327
vn -0.0950 0.3194 0.9429
vn -0.1918 0.2783 0.9412
vn -0.0687 0.3430 0.9368
vn -0.0525 0.3433 0.9378
vn -0.1189 0.3007 0.9463
vn -0.2243 0.1829 0.9572
vn -0.1636 0.2444 0.9558
vn -0.0864 0.3025 0.9492
vn -0.1756 0.1557 0.9721
vn -0.2318 0.0107 0.9727
vn -0.2262 -0.0846 0.9704
vn -0.1524 -0.0404 0.9875
vn -0.1741 -0.2669 0.9479
vn -0.2073 -0.5690 0.7958
vn -0.1763 -0.6604 0.7299
vn -0.1447 -0.7142 0.6848
vn -0.1300 -0.7411 0.6587
vn -0.1286 -0.7873 0.6030
vn -0.1341 -0.6941 0.7073
vn -0.1390 -0.4284 0.8928
vn -0.1412 0.0416 0.9891
vn -0.1179 0.4037 0.9073
vn -0.1003 0.5836 0.8058
vn -0.0984 0.7593 0.6432
vn -0.1007 0.7820 0.6151
vn -0.1139 0.7352 0.6682
vn -0.1135 0.6078 0.7859
vn -0.1543 0.5697 0.8073
vn -0.2008 0.4937 0.8461
vn -0.1710 0.2246 0.9593
vn -0.1558 0.0268 0.9874
vn -0.1576 -0.0655 0.9853
vn -0.2356 -0.0207 0.9716
vn -0.1717 -0.1613 0.9719
vn -0.0798 -0.3185 0.9446
vn -0.1247 -0.2819 0.9513
vn -0.1673 -0.2496 0.9538
vn -0.1718 -0.2580 0.9507
vn -0.0138 -0.3556 0.9345
vn -0.0456 -0.3483 0.9363
vn -0.1272 -0.2988 0.9458
vn -0.1032 -0.3130 0.9441
vn 0.0055 -0.3337 0.9427
vn 0.0794 -0.3378 0.9379
vn -0.0698 -0.3302 0.9413
vn -0.0389 -0.3190 0.9470
vn 0.0681 -0.3140 0.9470
vn 0.1406 -0.2858 0.9479
vn 0.0582 -0.3125 0.9481
vn -0.0124 -0.3319 0.9432
vn 0.1430 -0.2585 0.9554
vn 0.1859 -0.2359 0.9538
vn 0.1471 -0.2485 0.9574
vn 0.0643 -0.3169 0.9463
vn 0.1521 -0.2258 0.9622
vn 0.2531 -0.1159 0.9605
vn 0.1872 -0.1707 0.9674
vn 0.1494 -0.1850 0.9713
vn 0.1730 -0.1032 0.9795
vn 0.2590 0.1638 0.9519
vn 0.2328 0.2522 0.9393
vn 0.1790 0.3170 0.9314
vn 0.1828 0.5490 0.8156
vn 0.1740 0.7030 0.6896
vn 0.1550 0.7812 0.6047
vn 0.1367 0.7373 0.6616
vn 0.1329 0.6781 0.7228
vn 0.1657 0.4354 0.8849
vn 0.1528 -0.1004 0.9831
vn 0.1176 -0.5721 0.8117
vn 0.1031 -0.7554 0.6471
vn 0.1093 -0.7198 0.6855
vn 0.1424 -0.6678 0.7306
vn 0.1821 -0.5698 0.8014
vn 0.2299 -0.4333 0.8714
vn 0.2111 -0.1284 0.9690
vn 0.1795 0.1018 0.9785
vn 0.2433 0.0572 0.9683
vn 0.2370 0.1101 0.9652
vn 0.1968 0.2117 0.9573
vn 0.1013 0.3334 0.9373
vn 0.1524 0.2884 0.9453
vn 0.2111 0.2207 0.9522
vn 0.1096 0.3163 0.9423
vn 0.0471 0.3659 0.9295
vn 0.0337 0.3665 0.9298
vn 0.1489 0.3062 0.9403
vn 0.0674 0.3395 0.9382
vn -0.0483 0.3925 0.9185
vn -0.0221 0.3799 0.9248
vn 0.0389 0.3671 0.9294
vn 0.0529 0.3692 0.9278
vn -0.1150 0.3741 0.9202
vn -0.0946 0.3843 0.9184
vn -0.0182 0.3838 0.9232
vn -0.0150 0.3935 0.9192
vn -0.1204 0.3576 0.9261
vn -0.1903 0.3276 0.9254
vn -0.0675 0.3917 0.9176
vn -0.0768 0.3769 0.9230
vn -0.1560 0.3282 0.9316
vn -0.2315 0.2443 0.9417
vn -0.1678 0.3098 0.9359
vn -0.1107 0.3538 0.9287
vn -0.2134 0.2055 0.9551
vn -0.2564 0.1072 0.9606
vn -0.2396 0.0612 0.9689
vn -0.1838 0.0943 0.9784
vn -0.2226 -0.1552 0.9625
vn -0.2550 -0.4715 0.8442
vn -0.2172 -0.5756 0.7884
vn -0.1815 -0.6673 0.7224
vn -0.1632 -0.7264 0.6676
vn -0.1534 -0.7781 0.6092
vn -0.1552 -0.6701 0.7259
vn -0.1553 -0.3698 0.9160
vn -0.1458 0.1041 0.9838
vn -0.1160 0.4671 0.8766
vn -0.0981 0.6338 0.7672
vn -0.1013 0.7684 0.6319
vn -0.1105 0.7543 0.6471
vn -0.1334 0.6677 0.7324
vn -0.1475 0.5025 0.8519
vn -0.1933 0.4380 0.8780
vn -0.2358 0.3260 0.9155
vn -0.1882 0.0133 0.9820
vn -0.1786 -0.1405 0.9738
vn -0.1903 -0.1760 0.9658
vn -0.2464 -0.1396 0.9591
vn -0.1775 -0.2617 0.9487
vn -0.0963 -0.3830 0.9187
vn -0.1577 -0.3212 0.9338
vn -0.1824 -0.2961 0.9376
vn -0.1644 -0.3193 0.9333
vn -0.0289 -0.3983 0.9168
vn -0.0738 -0.3807 0.9218
vn -0.1455 -0.3345 0.9311
vn -0.0896 -0.3575 0.9296
vn 0.0057 -0.3761 0.9266
vn 0.0519 -0.3745 0.9258
vn -0.0808 -0.3657 0.9272
vn -0.0244 -0.3543 0.9348
vn 0.0867 -0.3482 0.9334
vn 0.1241 -0.3289 0.9362
vn 0.0500 -0.3494 0.9357
vn 0.0103 -0.3590 0.9333
vn 0.1685 -0.2848 0.9437
vn 0.1893 -0.2765 0.9422
vn 0.1402 -0.2959 0.9449
vn 0.0919 -0.3380 0.9366
vn 0.1851 -0.2496 0.9505
vn 0.2683 -0.1639 0.9493
vn 0.1918 -0.2414 0.9513
vn 0.1729 -0.2436 0.9544
vn 0.2143 -0.1613 0.9634
vn 0.2895 0.0542 0.9556
vn 0.2600 0.0977 0.9606
vn 0.2160 0.1724 0.9610
vn 0.2318 0.4611 0.8565
vn 0.2170 0.6540 0.7247
vn 0.1860 0.7500 0.6347
vn 0.1628 0.7218 0.6727
vn 0.1544 0.6703 0.7259
vn 0.1778 0.3824 0.9067
vn 0.1523 -0.2025 0.9674
vn 0.1123 -0.6238 0.7734
vn 0.1090 -0.7491 0.6534
vn 0.1302 -0.6726 0.7285
vn 0.1784 -0.5877 0.7892
vn 0.2271 -0.4470 0.8652
vn 0.2666 -0.2587 0.9284
vn 0.2420 0.0273 0.9699
vn 0.2104 0.2057 0.9557
vn 0.2731 0.1276 0.9535
vn 0.2510 0.1812 0.9509
vn 0.2006 0.2802 0.9387
vn 0.1286 0.3618 0.9233
vn 0.1790 0.3102 0.9337
vn 0.2193 0.2606 0.9402
vn 0.1029 0.3644 0.9255
vn 0.0579 0.4001 0.9146
vn 0.0612 0.3880 0.9196
vn 0.1471 0.3440 0.9274
vn 0.0531 0.3840 0.9218
vn -0.0526 0.4305 0.9011
vn -0.0035 0.4128 0.9108
vn 0.0381 0.4025 0.9146
vn 0.0251 0.4106 0.9115
vn -0.1256 0.4140 0.9016
vn -0.0881 0.4245 0.9011
vn -0.0166 0.4237 0.9057
vn -0.0460 0.4260 0.9035
vn -0.1420 0.3956 0.9074
vn -0.1873 0.3749 0.9079
vn -0.0706 0.4342 0.8981
vn -0.1029 0.4063 0.9079
vn -0.1886 0.3543 0.9159
vn -0.2361 0.2989 0.9246
vn -0.1735 0.3602 0.9166
vn -0.1372 0.3866 0.9120
vn -0.2477 0.2380 0.9391
vn -0.2758 0.1800 0.9442
vn -0.2498 0.1696 0.9533
vn -0.2133 0.1862 0.9591
vn -0.2660 -0.0633 0.9619
vn -0.2983 -0.3670 0.8811
vn -0.2570 -0.4769 0.8406
vn -0.2192 -0.6112 0.7605
vn -0.1954 -0.7070 0.6797
vn -0.1768 -0.7631 0.6216
vn -0.1734 -0.6377 0.7505
vn -0.1662 -0.2997 0.9394
vn -0.1452 0.1713 0.9745
vn -0.1128 0.5193 0.8471
vn -0.0987 0.6654 0.7399
vn -0.1105 0.7626 0.6374
vn -0.1305 0.7022 0.6999
vn -0.1648 0.5650 0.8084
vn -0.1909 0.3702 0.9091
vn -0.2361 0.2814 0.9301
vn -0.2684 0.1536 0.9510
vn -0.2044 -0.1581 0.9660
vn -0.2026 -0.2537 0.9458
vn -0.2216 -0.2448 0.9439
vn -0.2559 -0.2243 0.9403
vn -0.1851 -0.3333 0.9245
vn -0.1170 -0.4250 0.8976
vn -0.1889 -0.3495 0.9177
vn -0.1953 -0.3370 0.9210
vn -0.1601 -0.3733 0.9138
vn -0.0482 -0.4354 0.8990
vn -0.1010 -0.4108 0.9061
vn -0.1595 -0.3707 0.9149
vn -0.0786 -0.4010 0.9127
vn 0.0007 -0.4168 0.9090
vn 0.0244 -0.4102 0.9117
vn -0.0875 -0.4008 0.9120
vn -0.0102 -0.3901 0.9207
vn 0.0994 -0.3833 0.9183
vn 0.1070 -0.3708 0.9225
vn 0.0458 -0.3843 0.9221
vn 0.0349 -0.3857 0.9220
vn 0.1898 -0.3131 0.9306
vn 0.1911 -0.3161 0.9293
vn 0.1380 -0.3371 0.9313
vn 0.1221 -0.3550 0.9269
vn 0.2160 -0.2703 0.9382
vn 0.2812 -0.2045 0.9376
vn 0.1996 -0.2913 0.9356
vn 0.1994 -0.2767 0.9400
vn 0.2529 -0.1933 0.9480
vn 0.3134 -0.0300 0.9491
vn 0.2815 -0.0238 0.9593
vn 0.2497 0.0533 0.9668
vn 0.2780 0.3750 0.8844
vn 0.2588 0.5973 0.7591
vn 0.2172 0.7115 0.6683
vn 0.1875 0.7018 0.6873
vn 0.1732 0.6550 0.7355
vn 0.1850 0.3188 0.9296
vn 0.1477 -0.2919 0.9450
vn 0.1105 -0.6544 0.7480
vn 0.1235 -0.7269 0.6755
vn 0.1635 -0.6007 0.7826
vn 0.2244 -0.4821 0.8469
vn 0.2752 -0.3127 0.9091
vn 0.2995 -0.0945 0.9494
vn 0.2703 0.1435 0.9520
vn 0.2432 0.2633 0.9336
vn 0.3013 0.1708 0.9381
vn 0.2653 0.2332 0.9355
vn 0.2090 0.3311 0.9202
vn 0.1587 0.3811 0.9108
vn 0.2040 0.3302 0.9216
vn 0.2257 0.3008 0.9266
vn 0.1000 0.4085 0.9073
vn 0.0721 0.4311 0.8994
vn 0.0863 0.4108 0.9076
vn 0.1420 0.3837 0.9125
vn 0.0402 0.4277 0.9030
vn -0.0528 0.4668 0.8828
vn 0.0126 0.4456 0.8951
vn 0.0328 0.4389 0.8979
vn -0.0021 0.4517 0.8921
vn -0.1324 0.4537 0.8813
vn -0.0825 0.4638 0.8821
vn -0.0202 0.4625 0.8864
vn -0.0767 0.4591 0.8851
vn -0.1597 0.4346 0.8863
vn -0.1834 0.4214 0.8881
vn -0.0776 0.4732 0.8775
vn -0.1300 0.4349 0.8910
vn -0.2168 0.3826 0.8981
vn -0.2388 0.3510 0.9054
vn -0.1812 0.4030 0.8971
vn -0.1657 0.4108 0.8965
vn -0.2793 0.2645 0.9231
vn -0.2922 0.2386 0.9261
vn -0.2601 0.2496 0.9328
vn -0.2430 0.2463 0.9382
vn -0.3050 0.0112 0.9523
vn -0.3365 -0.2610 0.9048
vn -0.2943 -0.3687 0.8817
vn -0.2570 -0.5473 0.7965
vn -0.2269 -0.6825 0.6948
vn -0.1988 -0.7421 0.6402
vn -0.1882 -0.5967 0.7801
vn -0.1709 -0.2218 0.9600
vn -0.1408 0.2354 0.9616
vn -0.1111 0.5564 0.8235
vn -0.1051 0.6784 0.7272
vn -0.1288 0.7400 0.6601
vn -0.1636 0.6186 0.7685
vn -0.2070 0.4249 0.8813
vn -0.2394 0.2248 0.9446
vn -0.2774 0.1238 0.9527
vn -0.2957 -0.0018 0.9553
vn -0.2208 -0.2813 0.9339
vn -0.2284 -0.3238 0.9181
vn -0.2512 -0.2891 0.9238
vn -0.2644 -0.2902 0.9197
vn -0.1947 -0.3890 0.9004
vn -0.1404 -0.4565 0.8786
vn -0.2174 -0.3754 0.9010
vn -0.2060 -0.3777 0.9027
vn -0.1586 -0.4237 0.8918
vn -0.0705 -0.4696 0.8800
vn -0.1267 -0.4407 0.8886
vn -0.1699 -0.4086 0.8968
vn -0.0704 -0.4441 0.8932
vn -0.0086 -0.4564 0.8897
vn -0.0024 -0.4454 0.8953
vn -0.0904 -0.4363 0.8953
vn 0.0031 -0.4267 0.9044
vn 0.1067 -0.4193 0.9015
vn 0.0902 -0.4120 0.9067
vn 0.0456 -0.4183 0.9072
vn 0.0605 -0.4128 0.9088
vn 0.2072 -0.3441 0.9158
vn 0.1920 -0.3557 0.9147
vn 0.1406 -0.3748 0.9164
vn 0.1543 -0.3712 0.9156
vn 0.2449 -0.2924 0.9244
vn 0.2927 -0.2437 0.9246
vn 0.2112 -0.3309 0.9197
vn 0.2289 -0.2978 0.9268
vn 0.2900 -0.2131 0.9330
vn 0.3341 -0.0964 0.9376
vn 0.3009 -0.1144 0.9468
vn 0.2819 -0.0379 0.9587
vn 0.3209 0.2956 0.8998
vn 0.2990 0.5338 0.7910
vn 0.2484 0.6651 0.7042
vn 0.2106 0.6770 0.7052
vn 0.1889 0.6323 0.7513
vn 0.1875 0.2499 0.9499
vn 0.1421 -0.3639 0.9205
vn 0.1154 -0.6644 0.7384
vn 0.1492 -0.6861 0.7120
vn 0.2088 -0.5051 0.8374
vn 0.2764 -0.3596 0.8912
vn 0.3219 -0.1849 0.9285
vn 0.3284 0.0399 0.9437
vn 0.2982 0.2228 0.9281
vn 0.2773 0.2937 0.9148
vn 0.3281 0.2018 0.9228
vn 0.2803 0.2773 0.9190
vn 0.2214 0.3730 0.9010
vn 0.1906 0.3970 0.8978
vn 0.2273 0.3521 0.9079
vn 0.2307 0.3427 0.9107
vn 0.1010 0.4499 0.8874
vn 0.0889 0.4603 0.8833
vn 0.1085 0.4356 0.8936
vn 0.1344 0.4251 0.8951
vn 0.0292 0.4706 0.8819
vn -0.0496 0.5017 0.8636
vn 0.0256 0.4788 0.8776
vn 0.0237 0.4764 0.8789
vn -0.0281 0.4926 0.8698
vn -0.1361 0.4931 0.8593
vn -0.0782 0.5023 0.8611
vn -0.0284 0.5007 0.8651
vn -0.1064 0.4928 0.8636
vn -0.1737 0.4745 0.8629
vn -0.1792 0.4669 0.8659
vn -0.0883 0.5098 0.8558
vn -0.1573 0.4638 0.8718
vn -0.2408 0.4137 0.8780
vn -0.2402 0.4018 0.8837
vn -0.1913 0.4410 0.8769
vn -0.1957 0.4315 0.8806
vn -0.3082 0.2905 0.9059
vn -0.3069 0.2893 0.9067
vn -0.2720 0.3101 0.9109
vn -0.2744 0.2852 0.9184
vn -0.3408 0.0722 0.9374
vn -0.3697 -0.1581 0.9156
vn -0.3284 -0.2568 0.9090
vn -0.2949 -0.4772 0.8278
vn -0.2580 -0.6521 0.7129
vn -0.2194 -0.7140 0.6649
vn -0.1990 -0.5470 0.8131
vn -0.1702 -0.1416 0.9752
vn -0.1355 0.2891 0.9477
vn -0.1142 0.5764 0.8091
vn -0.1203 0.6725 0.7303
vn -0.1591 0.6970 0.6992
vn -0.2098 0.5014 0.8394
vn -0.2553 0.2574 0.9320
vn -0.2878 0.0849 0.9539
vn -0.3141 -0.0131 0.9493
vn -0.3179 -0.1294 0.9392
vn -0.2386 -0.3646 0.9001
vn -0.2556 -0.3673 0.8943
vn -0.2788 -0.3218 0.9048
vn -0.2721 -0.3470 0.8975
vn -0.2063 -0.4362 0.8759
vn -0.1653 -0.4830 0.8599
vn -0.2430 -0.4022 0.8827
vn -0.2150 -0.4197 0.8818
vn -0.1596 -0.4715 0.8673
vn -0.0951 -0.5020 0.8596
vn -0.1504 -0.4712 0.8691
vn -0.1772 -0.4481 0.8762
vn -0.0652 -0.4868 0.8711
vn -0.0217 -0.4950 0.8686
vn -0.0279 -0.4803 0.8766
vn -0.0901 -0.4723 0.8769
vn 0.0150 -0.4641 0.8856
vn 0.1093 -0.4563 0.8831
vn 0.0742 -0.4523 0.8888
vn 0.0492 -0.4517 0.8908
vn 0.0864 -0.4409 0.8934
vn 0.2210 -0.3777 0.8992
vn 0.1929 -0.3950 0.8982
vn 0.1478 -0.4100 0.9001
vn 0.1880 -0.3881 0.9022
vn 0.2717 -0.3173 0.9085
vn 0.3035 -0.2832 0.9098
vn 0.2267 -0.3646 0.9032
vn 0.2611 -0.3138 0.9129
vn 0.3256 -0.2290 0.9173
vn 0.3534 -0.1519 0.9230
vn 0.3209 -0.1814 0.9296
vn 0.3142 -0.1050 0.9435
vn 0.3608 0.2244 0.9052
vn 0.3373 0.4640 0.8191
vn 0.2796 0.6104 0.7411
vn 0.2320 0.6469 0.7264
vn 0.2017 0.6018 0.7728
vn 0.1870 0.1811 0.9655
vn 0.1389 -0.4157 0.8988
vn 0.1295 -0.6540 0.7453
vn 0.1874 -0.6238 0.7587
vn 0.2629 -0.3926 0.8813
vn 0.3296 -0.2347 0.9145
vn 0.3648 -0.0749 0.9281
vn 0.3550 0.1414 0.9241
vn 0.3273 0.2747 0.9041
vn 0.3123 0.3104 0.8978
vn 0.3538 0.2296 0.9067
vn 0.2964 0.3186 0.9004
vn 0.2376 0.4097 0.8807
vn 0.2236 0.4121 0.8833
vn 0.2489 0.3769 0.8922
vn 0.2351 0.3864 0.8919
vn 0.1058 0.4889 0.8659
vn 0.1076 0.4885 0.8659
vn 0.1278 0.4627 0.8772
vn 0.1248 0.4680 0.8749
vn 0.0204 0.5125 0.8584
vn -0.0438 0.5358 0.8432
vn 0.0354 0.5126 0.8579
vn 0.0116 0.5148 0.8572
vn -0.0522 0.5330 0.8445
vn -0.1370 0.5322 0.8355
vn -0.0757 0.5401 0.8382
vn -0.0406 0.5385 0.8417
vn -0.1344 0.5270 0.8392
vn -0.1843 0.5150 0.8372
vn -0.1754 0.5113 0.8413
vn -0.1021 0.5445 0.8325
vn -0.1841 0.4936 0.8500
vn -0.2607 0.4477 0.8553
vn -0.2407 0.4512 0.8593
vn -0.2040 0.4757 0.8556
vn -0.2267 0.4510 0.8633
vn -0.3343 0.3187 0.8869
vn -0.3203 0.3357 0.8858
vn -0.2865 0.3575 0.8889
vn -0.3076 0.3108 0.8993
vn -0.3742 0.1235 0.9191
vn -0.3986 -0.0615 0.9151
vn -0.3595 -0.1470 0.9215
vn -0.3329 -0.4029 0.8526
vn -0.2895 -0.6144 0.7340
vn -0.2394 -0.6770 0.6960
vn -0.2062 -0.4891 0.8475
vn -0.1659 -0.0656 0.9840
vn -0.1328 0.3262 0.9359
vn -0.1251 0.5783 0.8062
vn -0.1469 0.6466 0.7486
vn -0.2031 0.6287 0.7506
vn -0.2652 0.3589 0.8949
vn -0.3036 0.0857 0.9490
vn -0.3330 -0.0335 0.9423
vn -0.3458 -0.1209 0.9305
vn -0.3366 -0.2290 0.9134
vn -0.2584 -0.4208 0.8696
vn -0.2834 -0.3965 0.8732
vn -0.3043 -0.3510 0.8856
vn -0.2793 -0.3996 0.8731
vn -0.2195 -0.4780 0.8505
vn -0.1911 -0.5072 0.8403
vn -0.2654 -0.4315 0.8622
vn -0.2225 -0.4629 0.8580
vn -0.1632 -0.5169 0.8404
vn -0.1213 -0.5330 0.8374
vn -0.1719 -0.5025 0.8473
vn -0.1823 -0.4890 0.8530
vn -0.0634 -0.5288 0.8464
vn -0.0376 -0.5326 0.8456
vn -0.0514 -0.5151 0.8556
vn -0.0870 -0.5089 0.8564
vn 0.0249 -0.5022 0.8644
vn 0.1079 -0.4939 0.8628
vn 0.0600 -0.4917 0.8687
vn 0.0565 -0.4849 0.8728
vn 0.1120 -0.4700 0.8755
vn 0.2316 -0.4134 0.8806
vn 0.1945 -0.4338 0.8798
vn 0.1594 -0.4431 0.8822
vn 0.2223 -0.4062 0.8863
vn 0.2965 -0.3452 0.8905
vn 0.3142 -0.3231 0.8927
vn 0.2460 -0.3944 0.8854
vn 0.2953 -0.3281 0.8973
vn 0.3598 -0.2454 0.9002
vn 0.3724 -0.2010 0.9060
vn 0.3427 -0.2320 0.9104
vn 0.3476 -0.1536 0.9250
vn 0.3986 0.1604 0.9030
vn 0.3740 0.3881 0.8423
vn 0.3107 0.5467 0.7775
vn 0.2524 0.6105 0.7507
vn 0.2120 0.5629 0.7989
vn 0.1857 0.1169 0.9756
vn 0.1414 -0.4459 0.8839
vn 0.1552 -0.6219 0.7676
vn 0.2378 -0.5388 0.8082
vn 0.3211 -0.2741 0.9065
vn 0.3803 -0.1218 0.9168
vn 0.4038 0.0139 0.9147
vn 0.3809 0.2165 0.8989
vn 0.3582 0.3092 0.8810
vn 0.3477 0.3215 0.8808
vn 0.3785 0.2586 0.8888
vn 0.3139 0.3587 0.8791
vn 0.2573 0.4426 0.8590
vn 0.2570 0.4276 0.8667
vn 0.2687 0.4052 0.8739
vn 0.2394 0.4311 0.8700
vn 0.1144 0.5258 0.8429
vn 0.1275 0.5164 0.8468
vn 0.1441 0.4925 0.8583
vn 0.1142 0.5117 0.8515
vn 0.0141 0.5533 0.8329
vn -0.0359 0.5691 0.8215
vn 0.0417 0.5472 0.8360
vn -0.0029 0.5539 0.8326
vn -0.0741 0.5726 0.8165
vn -0.1357 0.5707 0.8098
vn -0.0754 0.5771 0.8132
vn -0.0561 0.5757 0.8157
vn -0.1602 0.5617 0.8117
vn -0.1918 0.5556 0.8090
vn -0.1724 0.5541 0.8144
vn -0.1189 0.5776 0.8076
vn -0.2096 0.5243 0.8253
vn -0.2766 0.4841 0.8302
vn -0.2411 0.4986 0.8326
vn -0.2192 0.5077 0.8332
vn -0.2579 0.4708 0.8437
vn -0.3576 0.3501 0.8658
vn -0.3330 0.3793 0.8632
vn -0.3038 0.3958 0.8666
vn -0.3427 0.3287 0.8801
vn -0.4060 0.1684 0.8982
vn -0.4242 0.0266 0.9052
vn -0.3884 -0.0446 0.9204
vn -0.3712 -0.3261 0.8694
vn -0.3224 -0.5673 0.7578
vn -0.2597 -0.6287 0.7330
vn -0.2109 -0.4238 0.8808
vn -0.1614 -0.0001 0.9869
vn -0.1364 0.3427 0.9295
vn -0.1465 0.5610 0.8148
vn -0.1870 0.5986 0.7789
vn -0.2601 0.5318 0.8059
vn -0.3233 0.2077 0.9232
vn -0.3479 -0.0646 0.9353
vn -0.3743 -0.1236 0.9190
vn -0.3737 -0.2029 0.9051
vn -0.3536 -0.3065 0.8837
vn -0.2804 -0.4600 0.8425
vn -0.3111 -0.4191 0.8530
vn -0.3274 -0.3807 0.8648
vn -0.2859 -0.4498 0.8461
vn -0.2344 -0.5160 0.8239
vn -0.2173 -0.5304 0.8195
vn -0.2847 -0.4634 0.8392
vn -0.2291 -0.5068 0.8311
vn -0.1694 -0.5595 0.8113
vn -0.1483 -0.5628 0.8132
vn -0.1910 -0.5349 0.8231
vn -0.1856 -0.5308 0.8269
vn -0.0649 -0.5698 0.8192
vn -0.0558 -0.5690 0.8204
vn -0.0726 -0.5498 0.8321
vn -0.0819 -0.5461 0.8337
vn 0.0325 -0.5408 0.8405
vn 0.1030 -0.5319 0.8405
vn 0.0479 -0.5302 0.8465
vn 0.0669 -0.5181 0.8527
vn 0.1367 -0.5004 0.8550
vn 0.2393 -0.4510 0.8598
vn 0.1973 -0.4720 0.8592
vn 0.1753 -0.4748 0.8624
vn 0.2567 -0.4260 0.8675
vn 0.3192 -0.3760 0.8699
vn 0.3254 -0.3632 0.8731
vn 0.2690 -0.4213 0.8661
vn 0.3309 -0.3426 0.8793
vn 0.3925 -0.2643 0.8809
vn 0.3916 -0.2464 0.8865
vn 0.3671 -0.2710 0.8898
vn 0.3828 -0.1889 0.9043
vn 0.4348 0.1021 0.8947
vn 0.4093 0.3063 0.8595
vn 0.3422 0.4735 0.8116
vn 0.2728 0.5662 0.7778
vn 0.2210 0.5152 0.8281
vn 0.1868 0.0609 0.9805
vn 0.1528 -0.4538 0.8779
vn 0.1943 -0.5658 0.8013
vn 0.2976 -0.4330 0.8508
vn 0.3792 -0.1606 0.9113
vn 0.4270 -0.0292 0.9038
vn 0.4400 0.0842 0.8940
vn 0.4075 0.2732 0.8714
vn 0.3908 0.3334 0.8580
vn 0.3832 0.3312 0.8623
vn 0.4025 0.2903 0.8682
vn 0.3330 0.3981 0.8548
vn 0.2801 0.4725 0.8356
vn 0.2904 0.4443 0.8475
vn 0.2870 0.4367 0.8526
vn 0.2442 0.4763 0.8447
vn 0.1268 0.5606 0.8183
vn 0.1480 0.5442 0.8258
vn 0.1575 0.5248 0.8366
vn 0.1031 0.5558 0.8249
vn 0.0105 0.5927 0.8053
vn -0.0268 0.6020 0.7981
vn 0.0444 0.5827 0.8115
vn -0.0190 0.5932 0.8048
vn -0.0933 0.6113 0.7859
vn -0.1329 0.6086 0.7822
vn -0.0775 0.6134 0.7860
vn -0.0741 0.6125 0.7870
vn -0.1832 0.5967 0.7813
vn -0.1967 0.5959 0.7786
vn -0.1707 0.5953 0.7852
vn -0.1380 0.6095 0.7807
vn -0.2333 0.5561 0.7977
vn -0.2888 0.5222 0.8024
vn -0.2417 0.5438 0.8037
vn -0.2370 0.5376 0.8092
vn -0.2888 0.4915 0.8216
vn -0.3780 0.3847 0.8421
vn -0.3454 0.4209 0.8388
vn -0.3242 0.4279 0.8437
vn -0.3792 0.3425 0.8596
vn -0.4363 0.2094 0.8751
vn -0.4478 0.1056 0.8879
vn -0.4165 0.0468 0.9079
vn -0.4103 -0.2487 0.8774
vn -0.3579 -0.5086 0.7831
vn -0.2817 -0.5659 0.7748
vn -0.2155 -0.3528 0.9105
vn -0.1605 0.0498 0.9858
vn -0.1498 0.3358 0.9299
vn -0.1806 0.5232 0.8329
vn -0.2406 0.5270 0.8151
vn -0.3259 0.4083 0.8527
vn -0.3788 0.0631 0.9233
vn -0.3879 -0.1790 0.9041
vn -0.4125 -0.1879 0.8914
vn -0.3992 -0.2666 0.8772
vn -0.3701 -0.3686 0.8527
vn -0.3047 -0.4890 0.8173
vn -0.3384 -0.4395 0.8321
vn -0.3484 -0.4128 0.8416
vn -0.2924 -0.4981 0.8163
vn -0.2509 -0.5508 0.7961
vn -0.2432 -0.5532 0.7968
vn -0.3009 -0.4980 0.8133
vn -0.2350 -0.5507 0.8009
vn -0.1780 -0.5995 0.7803
vn -0.1754 -0.5917 0.7869
vn -0.2075 -0.5682 0.7963
vn -0.1878 -0.5730 0.7978
vn -0.0697 -0.6096 0.7896
vn -0.0754 -0.6044 0.7931
vn -0.0912 -0.5847 0.8061
vn -0.0753 -0.5840 0.8083
vn 0.0375 -0.5796 0.8140
vn 0.0955 -0.5701 0.8160
vn 0.0386 -0.5680 0.8221
vn 0.0800 -0.5517 0.8302
vn 0.1600 -0.5319 0.8315
vn 0.2447 -0.4901 0.8366
vn 0.2019 -0.5095 0.8365
vn 0.1950 -0.5055 0.8405
vn 0.2906 -0.4477 0.8457
vn 0.3401 -0.4091 0.8467
vn 0.3375 -0.4029 0.8507
vn 0.2957 -0.4458 0.8449
vn 0.3673 -0.3580 0.8584
vn 0.4238 -0.2864 0.8593
vn 0.4113 -0.2893 0.8644
vn 0.3944 -0.3020 0.8679
vn 0.4196 -0.2153 0.8818
vn 0.4700 0.0474 0.8814
vn 0.4432 0.2197 0.8691
vn 0.3744 0.3908 0.8409
vn 0.2948 0.5124 0.8066
vn 0.2308 0.4585 0.8582
vn 0.1937 0.0151 0.9809
vn 0.1756 -0.4392 0.8810
vn 0.2470 -0.4843 0.8393
vn 0.3626 -0.3124 0.8780
vn 0.4345 -0.0608 0.8986
vn 0.4702 0.0427 0.8816
vn 0.4745 0.1410 0.8689
vn 0.4354 0.3178 0.8423
vn 0.4250 0.3517 0.8341
vn 0.4186 0.3420 0.8413
vn 0.4261 0.3252 0.8442
vn 0.3538 0.4364 0.8273
vn 0.3057 0.4999 0.8103
vn 0.3231 0.4628 0.8255
vn 0.3040 0.4712 0.8280
vn 0.2500 0.5213 0.8160
vn 0.1425 0.5936 0.7920
vn 0.1685 0.5725 0.8024
vn 0.1680 0.5595 0.8116
vn 0.0923 0.5996 0.7950
vn 0.0097 0.6309 0.7758
vn -0.0169 0.6345 0.7727
vn 0.0436 0.6189 0.7842
vn -0.0360 0.6325 0.7737
vn -0.1097 0.6489 0.7530
vn -0.1290 0.6457 0.7526
vn -0.0822 0.6490 0.7563
vn -0.0940 0.6487 0.7552
vn -0.2032 0.6317 0.7481
vn -0.1993 0.6354 0.7460
vn -0.1706 0.6346 0.7538
vn -0.1589 0.6404 0.7515
vn -0.2547 0.5889 0.7670
vn -0.2977 0.5615 0.7720
vn -0.2433 0.5864 0.7727
vn -0.2570 0.5660 0.7834
vn -0.3189 0.5137 0.7965
vn -0.3955 0.4222 0.8157
vn -0.3580 0.4605 0.8123
vn -0.3475 0.4554 0.8197
vn -0.4165 0.3548 0.8371
vn -0.4655 0.2481 0.8496
vn -0.4703 0.1752 0.8649
vn -0.4451 0.1252 0.8867
vn -0.4506 -0.1720 0.8760
vn -0.3968 -0.4363 0.8076
vn -0.3071 -0.4856 0.8185
vn -0.2231 -0.2777 0.9344
vn -0.1678 0.0811 0.9825
vn -0.1760 0.3043 0.9362
vn -0.2284 0.4638 0.8560
vn -0.3058 0.4334 0.8477
vn -0.3940 0.2678 0.8792
vn -0.4287 -0.0640 0.9012
vn -0.4253 -0.2580 0.8675
vn -0.4486 -0.2336 0.8627
vn -0.4233 -0.3189 0.8480
vn -0.3870 -0.4203 0.8207
vn -0.3310 -0.5119 0.7927
vn -0.3649 -0.4602 0.8094
vn -0.3671 -0.4479 0.8153
vn -0.2991 -0.5443 0.7837
vn -0.2688 -0.5827 0.7669
vn -0.2684 -0.5763 0.7719
vn -0.3142 -0.5350 0.7843
vn -0.2407 -0.5940 0.7677
vn -0.1887 -0.6368 0.7476
vn -0.2019 -0.6199 0.7583
vn -0.2215 -0.6026 0.7667
vn -0.1893 -0.6151 0.7654
vn -0.0778 -0.6480 0.7577
vn -0.0956 -0.6386 0.7635
vn -0.1069 -0.6197 0.7776
vn -0.0678 -0.6221 0.7800
vn 0.0396 -0.6185 0.7848
vn 0.0858 -0.6081 0.7892
vn 0.0322 -0.6052 0.7955
vn 0.0952 -0.5856 0.8050
vn 0.1813 -0.5647 0.8051
vn 0.2482 -0.5301 0.8108
vn 0.2088 -0.5460 0.8113
vn 0.2181 -0.5354 0.8160
vn 0.3234 -0.4715 0.8205
vn 0.3594 -0.4443 0.8206
vn 0.3511 -0.4417 0.8256
vn 0.3257 -0.4686 0.8212
vn 0.4040 -0.3751 0.8343
vn 0.4535 -0.3118 0.8349
vn 0.4320 -0.3301 0.8393
vn 0.4246 -0.3271 0.8443
vn 0.4580 -0.2360 0.8571
vn 0.5044 -0.0049 0.8634
vn 0.4761 0.1302 0.8697
vn 0.4076 0.2997 0.8626
vn 0.3203 0.4476 0.8349
vn 0.2440 0.3933 0.8864
vn 0.2100 -0.0191 0.9775
vn 0.2122 -0.4018 0.8908
vn 0.3111 -0.3793 0.8714
vn 0.4282 -0.1860 0.8843
vn 0.4861 0.0203 0.8737
vn 0.5107 0.0979 0.8542
vn 0.5082 0.1889 0.8403
vn 0.4647 0.3542 0.8115
vn 0.4604 0.3668 0.8084
vn 0.4536 0.3552 0.8174
vn 0.4493 0.3628 0.8164
vn 0.3763 0.4732 0.7965
vn 0.3336 0.5252 0.7829
vn 0.3549 0.4834 0.8002
vn 0.3198 0.5083 0.7996
vn 0.2571 0.5653 0.7838
vn 0.1613 0.6250 0.7638
vn 0.1885 0.6015 0.7763
vn 0.1760 0.5964 0.7832
vn 0.0824 0.6427 0.7617
vn 0.0115 0.6678 0.7443
vn -0.0069 0.6669 0.7451
vn 0.0394 0.6559 0.7539
vn -0.0533 0.6713 0.7393
vn -0.1230 0.6852 0.7178
vn -0.1247 0.6819 0.7207
vn -0.0896 0.6839 0.7240
vn -0.1151 0.6840 0.7203
vn -0.2199 0.6665 0.7123
vn -0.2004 0.6738 0.7112
vn -0.1725 0.6721 0.7201
vn -0.1810 0.6704 0.7196
vn -0.2734 0.6226 0.7332
vn -0.3037 0.6013 0.7391
vn -0.2461 0.6263 0.7397
vn -0.2789 0.5932 0.7552
vn -0.3475 0.5377 0.7682
vn -0.4104 0.4620 0.7862
vn -0.3713 0.4980 0.7837
vn -0.3738 0.4797 0.7938
vn -0.4540 0.3675 0.8117
vn -0.4935 0.2858 0.8215
vn -0.4929 0.2359 0.8375
vn -0.4754 0.1901 0.8590
vn -0.4922 -0.0973 0.8650
vn -0.4396 -0.3493 0.8275
vn -0.3375 -0.3855 0.8588
vn -0.2378 -0.2003 0.9504
vn -0.1875 0.0928 0.9779
vn -0.2170 0.2489 0.9439
vn -0.2894 0.3834 0.8771
vn -0.3776 0.3239 0.8675
vn -0.4581 0.1252 0.8800
vn -0.4729 -0.1673 0.8651
vn -0.4618 -0.3096 0.8312
vn -0.4834 -0.2680 0.8334
vn -0.4465 -0.3649 0.8170
vn -0.4048 -0.4650 0.7874
vn -0.3591 -0.5310 0.7675
vn -0.3903 -0.4824 0.7842
vn -0.3838 -0.4857 0.7854
vn -0.3064 -0.5880 0.7486
vn -0.2879 -0.6123 0.7363
vn -0.2926 -0.6000 0.7445
vn -0.3246 -0.5738 0.7519
vn -0.2464 -0.6359 0.7314
vn -0.2015 -0.6714 0.7132
vn -0.2272 -0.6478 0.7272
vn -0.2329 -0.6379 0.7341
vn -0.1907 -0.6565 0.7298
vn -0.0889 -0.6846 0.7234
vn -0.1159 -0.6718 0.7316
vn -0.1197 -0.6549 0.7462
vn -0.0600 -0.6604 0.7485
vn 0.0389 -0.6572 0.7527
vn 0.0747 -0.6459 0.7597
vn 0.0290 -0.6418 0.7663
vn 0.1118 -0.6200 0.7766
vn 0.2005 -0.5986 0.7755
vn 0.2504 -0.5706 0.7821
vn 0.2183 -0.5817 0.7836
vn 0.2440 -0.5648 0.7883
vn 0.3547 -0.4973 0.7917
vn 0.3773 -0.4809 0.7915
vn 0.3665 -0.4794 0.7974
vn 0.3585 -0.4899 0.7947
vn 0.4404 -0.3942 0.8066
vn 0.4819 -0.3403 0.8074
vn 0.4538 -0.3687 0.8112
vn 0.4575 -0.3479 0.8183
vn 0.4974 -0.2534 0.8297
vn 0.5384 -0.0557 0.8409
vn 0.5081 0.0407 0.8603
vn 0.4426 0.2029 0.8735
vn 0.3515 0.3714 0.8594
vn 0.2639 0.3209 0.9096
vn 0.2393 -0.0414 0.9701
vn 0.2640 -0.3417 0.9020
vn 0.3824 -0.2578 0.8873
vn 0.4907 -0.0650 0.8689
vn 0.5344 0.0821 0.8412
vn 0.5496 0.1416 0.8233
vn 0.5417 0.2313 0.8081
vn 0.4956 0.3849 0.7786
vn 0.4966 0.3803 0.7803
vn 0.4881 0.3714 0.7899
vn 0.4722 0.4023 0.7843
vn 0.4005 0.5081 0.7625
vn 0.3633 0.5487 0.7530
vn 0.3854 0.5064 0.7714
vn 0.3347 0.5473 0.7671
vn 0.2658 0.6080 0.7482
vn 0.1828 0.6549 0.7333
vn 0.2075 0.6315 0.7471
vn 0.1816 0.6350 0.7509
vn 0.0739 0.6847 0.7251
vn 0.0158 0.7033 0.7107
vn 0.0027 0.6993 0.7148
vn 0.0321 0.6932 0.7200
vn -0.0702 0.7092 0.7015
vn -0.1335 0.7203 0.6807
vn -0.1205 0.7170 0.6866
vn -0.0994 0.7180 0.6890
vn -0.1366 0.7183 0.6822
vn -0.2333 0.7009 0.6740
vn -0.2003 0.7108 0.6743
vn -0.1765 0.7077 0.6841
vn -0.2037 0.6997 0.6848
vn -0.2890 0.6569 0.6964
vn -0.3072 0.6409 0.7034
vn -0.2508 0.6636 0.7048
vn -0.3023 0.6197 0.7243
vn -0.3742 0.5635 0.7365
vn -0.4228 0.5033 0.7536
vn -0.3858 0.5334 0.7528
vn -0.4028 0.5019 0.7655
vn -0.4913 0.3817 0.7829
vn -0.5205 0.3229 0.7905
vn -0.5163 0.2884 0.8064
vn -0.5085 0.2420 0.8264
vn -0.5352 -0.0260 0.8443
vn -0.4860 -0.2487 0.8378
vn -0.3743 -0.2665 0.8882
vn -0.2640 -0.1231 0.9566
vn -0.2236 0.0856 0.9709
vn -0.2733 0.1731 0.9462
vn -0.3609 0.2859 0.8877
vn -0.4506 0.2084 0.8680
vn -0.5147 -0.0056 0.8573
vn -0.5129 -0.2454 0.8226
vn -0.4985 -0.3428 0.7962
vn -0.5171 -0.2971 0.8027
vn -0.4692 -0.4074 0.7835
vn -0.4237 -0.5043 0.7524
vn -0.3887 -0.5480 0.7407
vn -0.4145 -0.5069 0.7558
vn -0.3985 -0.5255 0.7516
vn -0.3144 -0.6289 0.7111
vn -0.3080 -0.6398 0.7041
vn -0.3153 -0.6248 0.7143
vn -0.3324 -0.6140 0.7159
vn -0.2523 -0.6761 0.6922
vn -0.2158 -0.7035 0.6771
vn -0.2509 -0.6754 0.6934
vn -0.2419 -0.6737 0.6983
vn -0.1923 -0.6967 0.6911
vn -0.1027 -0.7195 0.6869
vn -0.1357 -0.7040 0.6971
vn -0.1298 -0.6902 0.7119
vn -0.0526 -0.6985 0.7137
vn 0.0354 -0.6954 0.7178
vn 0.0630 -0.6832 0.7275
vn 0.0290 -0.6780 0.7345
vn 0.1291 -0.6548 0.7447
vn 0.2172 -0.6334 0.7427
vn 0.2518 -0.6112 0.7504
vn 0.2305 -0.6164 0.7530
vn 0.2720 -0.5939 0.7571
vn 0.3841 -0.5252 0.7594
vn 0.3940 -0.5183 0.7590
vn 0.3840 -0.5155 0.7660
vn 0.3936 -0.5101 0.7648
vn 0.4762 -0.4155 0.7750
vn 0.5090 -0.3713 0.7765
vn 0.4770 -0.4050 0.7800
vn 0.4930 -0.3656 0.7895
vn 0.5375 -0.2693 0.7991
vn 0.5718 -0.1056 0.8136
vn 0.5398 -0.0451 0.8406
vn 0.4798 0.1041 0.8712
vn 0.3904 0.2847 0.8755
vn 0.2943 0.2430 0.9243
vn 0.2848 -0.0521 0.9572
vn 0.3308 -0.2616 0.9067
vn 0.4559 -0.1307 0.8804
vn 0.5482 0.0407 0.8354
vn 0.5804 0.1272 0.8044
vn 0.5877 0.1783 0.7892
vn 0.5751 0.2703 0.7721
vn 0.5280 0.4109 0.7432
vn 0.5332 0.3932 0.7491
vn 0.5219 0.3908 0.7582
vn 0.4949 0.4431 0.7475
vn 0.4264 0.5408 0.7251
vn 0.3943 0.5709 0.7202
vn 0.4143 0.5319 0.7385
vn 0.3489 0.5874 0.7302
vn 0.2763 0.6487 0.7092
vn 0.2063 0.6834 0.7003
vn 0.2252 0.6625 0.7144
vn 0.1854 0.6747 0.7144
vn 0.0673 0.7251 0.6854
vn 0.0224 0.7375 0.6750
vn 0.0113 0.7317 0.6815
vn 0.0221 0.7306 0.6825
vn -0.0862 0.7458 0.6605
vn -0.1412 0.7540 0.6416
vn -0.1170 0.7510 0.6499
vn -0.1116 0.7510 0.6508
vn -0.1578 0.7512 0.6410
vn -0.2433 0.7346 0.6334
vn -0.1997 0.7461 0.6352
vn -0.1826 0.7414 0.6457
vn -0.2263 0.7282 0.6469
vn -0.3014 0.6914 0.6566
vn -0.3087 0.6798 0.6652
vn -0.2574 0.6984 0.6678
vn -0.3266 0.6458 0.6902
vn -0.3985 0.5912 0.7012
vn -0.4331 0.5453 0.7177
vn -0.4019 0.5666 0.7193
vn -0.4340 0.5225 0.7339
vn -0.5277 0.3982 0.7503
vn -0.5464 0.3598 0.7563
vn -0.5411 0.3336 0.7719
vn -0.5446 0.2823 0.7898
vn -0.5792 0.0404 0.8142
vn -0.5347 -0.1391 0.8335
vn -0.4181 -0.1347 0.8984
vn -0.3057 -0.0495 0.9508
vn -0.2789 0.0627 0.9583
vn -0.3432 0.0846 0.9354
vn -0.4384 0.1793 0.8807
vn -0.5203 0.0972 0.8484
vn -0.5636 -0.1161 0.8178
vn -0.5511 -0.3015 0.7781
vn -0.5358 -0.3645 0.7616
vn -0.5498 -0.3247 0.7696
vn -0.4917 -0.4480 0.7467
vn -0.4442 -0.5392 0.7155
vn -0.4194 -0.5638 0.7114
vn -0.4372 -0.5339 0.7237
vn -0.4115 -0.5667 0.7138
vn -0.3237 -0.6666 0.6714
vn -0.3288 -0.6657 0.6699
vn -0.3362 -0.6508 0.6807
vn -0.3379 -0.6547 0.6762
vn -0.2589 -0.7140 0.6505
vn -0.2315 -0.7333 0.6393
vn -0.2726 -0.7030 0.6569
vn -0.2487 -0.7097 0.6592
vn -0.1944 -0.7352 0.6493
vn -0.1188 -0.7523 0.6480
vn -0.1543 -0.7352 0.6601
vn -0.1373 -0.7255 0.6744
vn -0.0460 -0.7360 0.6754
vn 0.0293 -0.7327 0.6799
vn 0.0512 -0.7197 0.6924
vn 0.0321 -0.7138 0.6996
vn 0.1466 -0.6898 0.7090
vn 0.2314 -0.6687 0.7066
vn 0.2530 -0.6514 0.7154
vn 0.2456 -0.6501 0.7191
vn 0.3015 -0.6228 0.7220
vn 0.4113 -0.5549 0.7232
vn 0.4099 -0.5558 0.7232
vn 0.4036 -0.5499 0.7312
vn 0.4304 -0.5295 0.7310
vn 0.5106 -0.4389 0.7394
vn 0.5349 -0.4042 0.7420
vn 0.5018 -0.4388 0.7454
vn 0.5306 -0.3810 0.7572
vn 0.5777 -0.2851 0.7648
vn 0.6047 -0.1543 0.7814
vn 0.5715 -0.1240 0.8112
vn 0.5201 0.0082 0.8541
vn 0.4385 0.1912 0.8782
vn 0.3382 0.1622 0.9270
vn 0.3484 -0.0529 0.9359
vn 0.4102 -0.1676 0.8965
vn 0.5277 -0.0094 0.8494
vn 0.6007 0.1249 0.7896
vn 0.6249 0.1593 0.7643
vn 0.6252 0.2113 0.7513
vn 0.6085 0.3069 0.7318
vn 0.5617 0.4331 0.7049
vn 0.5699 0.4063 0.7143
vn 0.5549 0.4135 0.7219
vn 0.5173 0.4840 0.7058
vn 0.4536 0.5709 0.6844
vn 0.4260 0.5920 0.6842
vn 0.4414 0.5599 0.7012
vn 0.3626 0.6278 0.6887
vn 0.2886 0.6870 0.6669
vn 0.2313 0.7108 0.6642
vn 0.2412 0.6946 0.6777
vn 0.1875 0.7149 0.6736
vn 0.0629 0.7635 0.6427
vn 0.0307 0.7704 0.6368
vn 0.0186 0.7640 0.6449
vn 0.0098 0.7674 0.6411
vn -0.1007 0.7809 0.6165
vn -0.1463 0.7861 0.6005
vn -0.1145 0.7836 0.6106
vn -0.1257 0.7827 0.6095
vn -0.1780 0.7825 0.5967
vn -0.2501 0.7672 0.5906
vn -0.1990 0.7793 0.5942
vn -0.1908 0.7732 0.6048
vn -0.2482 0.7559 0.6058
vn -0.3105 0.7258 0.6138
vn -0.3089 0.7174 0.6244
vn -0.2663 0.7307 0.6286
vn -0.3511 0.6717 0.6523
vn -0.4203 0.6205 0.6621
vn -0.4417 0.5872 0.6783
vn -0.4200 0.5975 0.6831
vn -0.4669 0.5422 0.6986
vn -0.5628 0.4174 0.7134
vn -0.5715 0.3962 0.7186
vn -0.5678 0.3721 0.7342
vn -0.5837 0.3124 0.7495
vn -0.6235 0.1005 0.7753
vn -0.5842 -0.0283 0.8111
vn -0.4687 -0.0014 0.8834
vn -0.3659 0.0159 0.9305
vn -0.3543 0.0291 0.9347
vn -0.4235 -0.0056 0.9059
vn -0.5167 0.0749 0.8529
vn -0.5844 -0.0020 0.8115
vn -0.6065 -0.2039 0.7685
vn -0.5891 -0.3401 0.7330
vn -0.5736 -0.3797 0.7258
vn -0.5816 -0.3530 0.7329
vn -0.5141 -0.4869 0.7061
vn -0.4661 -0.5703 0.6764
vn -0.4508 -0.5793 0.6791
vn -0.4582 -0.5633 0.6875
vn -0.4229 -0.6083 0.6717
vn -0.3343 -0.7013 0.6297
vn -0.3498 -0.6903 0.6334
vn -0.3549 -0.6781 0.6436
vn -0.3412 -0.6952 0.6327
vn -0.2662 -0.7493 0.6063
vn -0.2480 -0.7608 0.5997
vn -0.2917 -0.7305 0.6175
vn -0.2536 -0.7453 0.6166
vn -0.1973 -0.7716 0.6048
vn -0.1366 -0.7830 0.6069
vn -0.1713 -0.7654 0.6204
vn -0.1424 -0.7605 0.6335
vn -0.0407 -0.7726 0.6336
vn 0.0209 -0.7689 0.6391
vn 0.0400 -0.7553 0.6541
vn 0.0381 -0.7491 0.6614
vn 0.1636 -0.7248 0.6692
vn 0.2430 -0.7043 0.6670
vn 0.2543 -0.6907 0.6769
vn 0.2633 -0.6827 0.6816
vn 0.3316 -0.6513 0.6825
vn 0.4360 -0.5859 0.6831
vn 0.4253 -0.5929 0.6838
vn 0.4254 -0.5823 0.6928
vn 0.4682 -0.5484 0.6929
vn 0.5434 -0.4643 0.6994
vn 0.5595 -0.4381 0.7036
vn 0.5282 -0.4698 0.7073
vn 0.5697 -0.3949 0.7207
vn 0.6175 -0.3016 0.7264
vn 0.6370 -0.2015 0.7441
vn 0.6040 -0.1932 0.7732
vn 0.5637 -0.0797 0.8221
vn 0.4958 0.0966 0.8630
vn 0.3975 0.0818 0.9139
vn 0.4482 -0.0449 0.8928
vn 0.5107 -0.0728 0.8567
vn 0.5985 0.0944 0.7956
vn 0.6496 0.1867 0.7370
vn 0.6684 0.1825 0.7211
vn 0.6622 0.2425 0.7090
vn 0.6417 0.3413 0.6869
vn 0.5964 0.4519 0.6634
vn 0.6062 0.4200 0.6754
vn 0.5867 0.4389 0.6805
vn 0.5392 0.5240 0.6592
vn 0.4820 0.5982 0.6402
vn 0.4578 0.6124 0.6445
vn 0.4664 0.5899 0.6592
vn 0.3759 0.6677 0.6426
vn 0.3027 0.7227 0.6214
vn 0.2572 0.7372 0.6249
vn 0.2553 0.7275 0.6368
vn 0.1884 0.7549 0.6282
vn 0.0609 0.7998 0.5971
vn 0.0403 0.8020 0.5960
vn 0.0242 0.7962 0.6046
vn -0.0042 0.8032 0.5956
vn -0.1134 0.8140 0.5696
vn -0.1493 0.8166 0.5576
vn -0.1134 0.8148 0.5686
vn -0.1414 0.8129 0.5650
vn -0.1966 0.8120 0.5495
vn -0.2540 0.7985 0.5458
vn -0.1987 0.8105 0.5511
vn -0.2007 0.8030 0.5611
vn -0.2687 0.7827 0.5614
vn -0.3164 0.7595 0.5683
vn -0.3082 0.7533 0.5810
vn -0.2774 0.7607 0.5869
vn -0.3752 0.6976 0.6105
vn -0.4391 0.6511 0.6191
vn -0.4492 0.6282 0.6353
vn -0.4403 0.6261 0.6435
vn -0.5009 0.5614 0.6587
vn -0.5961 0.4393 0.6721
vn -0.5958 0.4319 0.6771
vn -0.5966 0.4049 0.6929
vn -0.6253 0.3343 0.7052
vn -0.6676 0.1533 0.7285
vn -0.6329 0.0744 0.7706
vn -0.5316 0.1163 0.8390
vn -0.4685 0.0630 0.8812
vn -0.4761 -0.0057 0.8794
vn -0.5227 -0.0798 0.8488
vn -0.5933 -0.0159 0.8049
vn -0.6424 -0.0853 0.7616
vn -0.6457 -0.2711 0.7138
vn -0.6276 -0.3660 0.6871
vn -0.6118 -0.3917 0.6872
vn -0.6122 -0.3832 0.6916
vn -0.5366 -0.5241 0.6613
vn -0.4897 -0.5979 0.6346
vn -0.4824 -0.5949 0.6430
vn -0.4773 -0.5950 0.6467
vn -0.4329 -0.6493 0.6253
vn -0.3464 -0.7326 0.5859
vn -0.3707 -0.7139 0.5941
vn -0.3714 -0.7064 0.6026
vn -0.3428 -0.7347 0.5855
vn -0.2745 -0.7817 0.5600
vn -0.2651 -0.7863 0.5580
vn -0.3082 -0.7580 0.5749
vn -0.2567 -0.7800 0.5707
vn -0.2013 -0.8053 0.5576
vn -0.1556 -0.8114 0.5634
vn -0.1863 -0.7946 0.5779
vn -0.1455 -0.7949 0.5891
vn -0.0370 -0.8077 0.5884
vn 0.0106 -0.8034 0.5953
vn 0.0298 -0.7899 0.6126
vn 0.0466 -0.7837 0.6194
vn 0.1795 -0.7595 0.6252
vn 0.2520 -0.7397 0.6239
vn 0.2564 -0.7288 0.6349
vn 0.2835 -0.7141 0.6401
vn 0.3615 -0.6794 0.6386
vn 0.4580 -0.6180 0.6390
vn 0.4404 -0.6289 0.6407
vn 0.4492 -0.6126 0.6503
vn 0.5060 -0.5670 0.6500
vn 0.5740 -0.4915 0.6550
vn 0.5830 -0.4723 0.6611
vn 0.5562 -0.4979 0.6654
vn 0.6097 -0.4079 0.6796
vn 0.6564 -0.3193 0.6835
vn 0.6685 -0.2467 0.7016
vn 0.6379 -0.2511 0.7281
vn 0.6109 -0.1546 0.7765
vn 0.5623 0.0089 0.8269
vn 0.4807 0.0097 0.8769
vn 0.6427 -0.0378 0.7652
vn 0.6692 -0.0004 0.7431
vn 0.6921 0.1635 0.7030
vn 0.7033 0.2247 0.6745
vn 0.7115 0.1996 0.6738
vn 0.6985 0.2731 0.6615
vn 0.6744 0.3734 0.6370
vn 0.6318 0.4676 0.6182
vn 0.6417 0.4347 0.6319
vn 0.6171 0.4667 0.6336
vn 0.5606 0.5624 0.6078
vn 0.5110 0.6226 0.5927
vn 0.4891 0.6323 0.6008
vn 0.4891 0.6215 0.6120
vn 0.3889 0.7061 0.5918
vn 0.3184 0.7554 0.5728
vn 0.2831 0.7625 0.5817
vn 0.2672 0.7609 0.5913
vn 0.1883 0.7938 0.5784
vn 0.0614 0.8337 0.5488
vn 0.0507 0.8322 0.5522
vn 0.0280 0.8278 0.5603
vn -0.0194 0.8374 0.5463
vn -0.1239 0.8450 0.5202
vn -0.1504 0.8454 0.5126
vn -0.1140 0.8443 0.5236
vn -0.1580 0.8412 0.5171
vn -0.2132 0.8394 0.4999
vn -0.2551 0.8281 0.4991
vn -0.1992 0.8393 0.5059
vn -0.2122 0.8308 0.5146
vn -0.2873 0.8083 0.5138
vn -0.3192 0.7922 0.5202
vn -0.3074 0.7869 0.5351
vn -0.2907 0.7884 0.5422
vn -0.3981 0.7232 0.5643
vn -0.4549 0.6823 0.5723
vn -0.4559 0.6675 0.5888
vn -0.4628 0.6525 0.6001
vn -0.5353 0.5802 0.6139
vn -0.6270 0.4638 0.6259
vn -0.6193 0.4665 0.6315
vn -0.6274 0.4326 0.6475
vn -0.6685 0.3495 0.6564
vn -0.7117 0.1977 0.6741
vn -0.6942 0.1539 0.7031
vn -0.6485 0.1927 0.7364
vn -0.6544 0.0835 0.7516
vn -0.6732 -0.0299 0.7389
vn -0.6761 -0.1170 0.7275
vn -0.6933 -0.0759 0.7166
vn -0.7033 -0.1485 0.6952
vn -0.6841 -0.3206 0.6551
vn -0.6667 -0.3829 0.6394
vn -0.6498 -0.4028 0.6446
vn -0.6413 -0.4154 0.6451
vn -0.5591 -0.5591 0.6122
vn -0.5145 -0.6223 0.5899
vn -0.5134 -0.6111 0.6024
vn -0.4943 -0.6282 0.6008
vn -0.4418 -0.6888 0.5748
vn -0.3601 -0.7608 0.5399
vn -0.3909 -0.7367 0.5517
vn -0.3853 -0.7354 0.5574
vn -0.3429 -0.7723 0.5348
vn -0.2837 -0.8109 0.5117
vn -0.2821 -0.8099 0.5143
vn -0.3217 -0.7852 0.5292
vn -0.2586 -0.8132 0.5214
vn -0.2064 -0.8362 0.5081
vn -0.1752 -0.8375 0.5177
vn -0.1990 -0.8227 0.5325
vn -0.1469 -0.8281 0.5411
vn -0.0353 -0.8410 0.5398
vn -0.0011 -0.8361 0.5485
vn 0.0213 -0.8231 0.5675
vn 0.0573 -0.8174 0.5733
vn 0.1939 -0.7934 0.5770
vn 0.2588 -0.7745 0.5772
vn 0.2594 -0.7653 0.5891
vn 0.3056 -0.7440 0.5942
vn 0.3905 -0.7068 0.5899
vn 0.4772 -0.6505 0.5909
vn 0.4554 -0.6632 0.5940
vn 0.4746 -0.6407 0.6035
vn 0.5430 -0.5852 0.6023
vn 0.6019 -0.5200 0.6061
vn 0.6054 -0.5060 0.6144
vn 0.5857 -0.5229 0.6193
vn 0.6498 -0.4204 0.6332
vn 0.6936 -0.3386 0.6358
vn 0.6990 -0.2892 0.6540
vn 0.6759 -0.2957 0.6750
vn 0.6775 -0.2073 0.7057
vn 0.6805 -0.0542 0.7307
vn 0.6534 -0.0438 0.7558
vn 0.7770 -0.0389 0.6283
vn 0.7806 0.0355 0.6240
vn 0.7694 0.1915 0.6094
vn 0.7569 0.2385 0.6084
vn 0.7550 0.2124 0.6203
vn 0.7338 0.3032 0.6080
vn 0.7063 0.4028 0.5821
vn 0.6674 0.4804 0.5691
vn 0.6758 0.4506 0.5833
vn 0.6455 0.4959 0.5808
vn 0.5813 0.5980 0.5518
vn 0.5403 0.6441 0.5415
vn 0.5192 0.6519 0.5527
vn 0.5091 0.6539 0.5596
vn 0.4016 0.7422 0.5365
vn 0.3354 0.7849 0.5210
vn 0.3084 0.7869 0.5345
vn 0.2767 0.7942 0.5410
vn 0.1876 0.8307 0.5241
vn 0.0644 0.8649 0.4978
vn 0.0613 0.8608 0.5053
vn 0.0297 0.8585 0.5119
vn -0.0350 0.8693 0.4931
vn -0.1319 0.8735 0.4685
vn -0.1500 0.8722 0.4656
vn -0.1164 0.8719 0.4757
vn -0.1750 0.8673 0.4661
vn -0.2273 0.8646 0.4482
vn -0.2539 0.8558 0.4507
vn -0.2008 0.8657 0.4586
vn -0.2247 0.8563 0.4651
vn -0.3035 0.8327 0.4632
vn -0.3192 0.8231 0.4697
vn -0.3068 0.8180 0.4866
vn -0.3058 0.8138 0.4942
vn -0.4193 0.7486 0.5137
vn -0.4676 0.7137 0.5216
vn -0.4623 0.7044 0.5386
vn -0.4873 0.6764 0.5523
vn -0.5690 0.5989 0.5635
vn -0.6552 0.4903 0.5748
vn -0.6423 0.4994 0.5814
vn -0.6599 0.4557 0.5974
vn -0.7131 0.3595 0.6019
vn -0.7585 0.2313 0.6092
vn -0.7597 0.1985 0.6192
vn -0.7518 0.2183 0.6222
vn -0.7839 0.0786 0.6159
vn -0.7978 -0.0402 0.6015
vn -0.7860 -0.1150 0.6075
vn -0.7771 -0.0958 0.6221
vn -0.7612 -0.1876 0.6208
vn -0.7229 -0.3546 0.5930
vn -0.7063 -0.3935 0.5885
vn -0.6870 -0.4142 0.5970
vn -0.6686 -0.4491 0.5927
vn -0.5815 -0.5914 0.5586
vn -0.5404 -0.6438 0.5418
vn -0.5434 -0.6282 0.5569
vn -0.5090 -0.6623 0.5498
vn -0.4498 -0.7259 0.5203
vn -0.3753 -0.7858 0.4917
vn -0.4100 -0.7589 0.5059
vn -0.3965 -0.7647 0.5080
vn -0.3421 -0.8073 0.4809
vn -0.2941 -0.8369 0.4616
vn -0.2987 -0.8316 0.4682
vn -0.3322 -0.8118 0.4802
vn -0.2595 -0.8442 0.4691
vn -0.2127 -0.8638 0.4567
vn -0.1948 -0.8611 0.4696
vn -0.2092 -0.8496 0.4841
vn -0.1470 -0.8596 0.4894
vn -0.0355 -0.8721 0.4881
vn -0.0136 -0.8666 0.4988
vn 0.0147 -0.8548 0.5188
vn 0.0696 -0.8496 0.5228
vn 0.2061 -0.8261 0.5245
vn 0.2635 -0.8080 0.5270
vn 0.2638 -0.7997 0.5394
vn 0.3290 -0.7722 0.5436
vn 0.4176 -0.7332 0.5366
vn 0.4934 -0.6827 0.5389
vn 0.4704 -0.6953 0.5434
vn 0.5012 -0.6663 0.5522
vn 0.5783 -0.6030 0.5495
vn 0.6267 -0.5493 0.5527
vn 0.6267 -0.5384 0.5634
vn 0.6162 -0.5448 0.5687
vn 0.6892 -0.4328 0.5812
vn 0.7287 -0.3593 0.5831
vn 0.7289 -0.3283 0.6007
vn 0.7191 -0.3244 0.6145
vn 0.7485 -0.2281 0.6227
vn 0.7829 -0.0765 0.6174
vn 0.7828 -0.0710 0.6182
vn 0.8179 -0.0430 0.5738
vn 0.8229 0.0545 0.5656
vn 0.8116 0.2003 0.5488
vn 0.8001 0.2400 0.5498
vn 0.7965 0.2221 0.5624
vn 0.7675 0.3324 0.5482
vn 0.7370 0.4290 0.5223
vn 0.7025 0.4906 0.5155
vn 0.7080 0.4675 0.5292
vn 0.6716 0.5257 0.5222
vn 0.6010 0.6302 0.4916
vn 0.5692 0.6626 0.4868
vn 0.5476 0.6710 0.4999
vn 0.5262 0.6864 0.5019
vn 0.4140 0.7752 0.4772
vn 0.3533 0.8110 0.4663
vn 0.3323 0.8101 0.4830
vn 0.2837 0.8267 0.4858
vn 0.1866 0.8650 0.4658
vn 0.0696 0.8932 0.4441
vn 0.0716 0.8876 0.4550
vn 0.0294 0.8878 0.4593
vn -0.0505 0.8983 0.4365
vn -0.1373 0.8995 0.4148
vn -0.1486 0.8970 0.4164
vn -0.1206 0.8972 0.4248
vn -0.1917 0.8907 0.4121
vn -0.2386 0.8873 0.3946
vn -0.2507 0.8813 0.4006
vn -0.2037 0.8894 0.4092
vn -0.2379 0.8793 0.4127
vn -0.3169 0.8553 0.4099
vn -0.3170 0.8518 0.4170
vn -0.3070 0.8462 0.4355
vn -0.3223 0.8367 0.4427
vn -0.4379 0.7732 0.4587
vn -0.4773 0.7443 0.4672
vn -0.4689 0.7384 0.4847
vn -0.5132 0.6978 0.4997
vn -0.6013 0.6172 0.5075
vn -0.6801 0.5183 0.5185
vn -0.6646 0.5300 0.5266
vn -0.6937 0.4746 0.5418
vn -0.7572 0.3650 0.5417
vn -0.8014 0.2537 0.5416
vn -0.8053 0.2227 0.5494
vn -0.8000 0.2232 0.5570
vn -0.8292 0.0661 0.5551
vn -0.8384 -0.0439 0.5433
vn -0.8286 -0.0999 0.5508
vn -0.8223 -0.1001 0.5602
vn -0.8047 -0.2119 0.5546
vn -0.7593 -0.3771 0.5303
vn -0.7456 -0.3995 0.5334
vn -0.7228 -0.4267 0.5436
vn -0.6936 -0.4834 0.5341
vn -0.6038 -0.6203 0.5006
vn -0.5668 -0.6624 0.4899
vn -0.5715 -0.6460 0.5060
vn -0.5212 -0.6963 0.4935
vn -0.4572 -0.7598 0.4622
vn -0.3917 -0.8075 0.4410
vn -0.4275 -0.7804 0.4563
vn -0.4050 -0.7935 0.4543
vn -0.3407 -0.8390 0.4243
vn -0.3054 -0.8596 0.4097
vn -0.3144 -0.8515 0.4197
vn -0.3396 -0.8375 0.4280
vn -0.2597 -0.8725 0.4139
vn -0.2201 -0.8881 0.4035
vn -0.2138 -0.8823 0.4193
vn -0.2167 -0.8751 0.4327
vn -0.1461 -0.8888 0.4343
vn -0.0378 -0.9004 0.4335
vn -0.0263 -0.8945 0.4463
vn 0.0102 -0.8845 0.4663
vn 0.0830 -0.8798 0.4680
vn 0.2159 -0.8570 0.4679
vn 0.2662 -0.8398 0.4731
vn 0.2695 -0.8316 0.4856
vn 0.3529 -0.7982 0.4881
vn 0.4422 -0.7583 0.4789
vn 0.5067 -0.7141 0.4830
vn 0.4856 -0.7247 0.4890
vn 0.5282 -0.6892 0.4961
vn 0.6110 -0.6204 0.4918
vn 0.6482 -0.5786 0.4951
vn 0.6469 -0.5687 0.5080
vn 0.6474 -0.5635 0.5132
vn 0.7267 -0.4450 0.5233
vn 0.7609 -0.3811 0.5252
vn 0.7580 -0.3628 0.5420
vn 0.7612 -0.3395 0.5526
vn 0.7995 -0.2297 0.5549
vn 0.8292 -0.0813 0.5530
vn 0.8228 -0.0868 0.5617
vn 0.8578 -0.0439 0.5121
vn 0.8626 0.0742 0.5004
vn 0.8496 0.2069 0.4852
vn 0.8380 0.2396 0.4903
vn 0.8339 0.2320 0.5007
vn 0.7984 0.3604 0.4824
vn 0.7659 0.4515 0.4577
vn 0.7366 0.4984 0.4573
vn 0.7376 0.4854 0.4694
vn 0.6947 0.5549 0.4577
vn 0.6196 0.6583 0.4276
vn 0.5972 0.6782 0.4283
vn 0.5734 0.6896 0.4423
vn 0.5401 0.7179 0.4391
vn 0.4259 0.8044 0.4142
vn 0.3716 0.8337 0.4085
vn 0.3542 0.8320 0.4271
vn 0.2882 0.8577 0.4258
vn 0.1856 0.8959 0.4037
vn 0.0770 0.9185 0.3880
vn 0.0810 0.9124 0.4011
vn 0.0272 0.9150 0.4025
vn -0.0652 0.9240 0.3769
vn -0.1401 0.9226 0.3593
vn -0.1465 0.9194 0.3650
vn -0.1267 0.9200 0.3709
vn -0.2077 0.9113 0.3555
vn -0.2470 0.9075 0.3397
vn -0.2462 0.9042 0.3489
vn -0.2082 0.9104 0.3575
vn -0.2511 0.8996 0.3574
vn -0.3272 0.8761 0.3541
vn -0.3129 0.8779 0.3625
vn -0.3083 0.8713 0.3819
vn -0.3396 0.8571 0.3874
vn -0.4536 0.7966 0.3997
vn -0.4841 0.7735 0.4092
vn -0.4758 0.7689 0.4271
vn -0.5399 0.7165 0.4417
vn -0.6310 0.6349 0.4458
vn -0.7015 0.5468 0.4571
vn -0.6862 0.5578 0.4669
vn -0.7277 0.4897 0.4803
vn -0.7983 0.3680 0.4767
vn -0.8357 0.2722 0.4770
vn -0.8381 0.2430 0.4884
vn -0.8386 0.2274 0.4951
vn -0.8699 0.0564 0.4899
vn -0.8765 -0.0445 0.4794
vn -0.8671 -0.0867 0.4906
vn -0.8600 -0.1081 0.4987
vn -0.8405 -0.2337 0.4888
vn -0.7924 -0.3934 0.4662
vn -0.7831 -0.4026 0.4739
vn -0.7563 -0.4404 0.4838
vn -0.7156 -0.5173 0.4693
vn -0.6256 -0.6453 0.4383
vn -0.5930 -0.6783 0.4338
vn -0.5971 -0.6644 0.4495
vn -0.5308 -0.7291 0.4320
vn -0.4641 -0.7899 0.4008
vn -0.4090 -0.8261 0.3875
vn -0.4429 -0.8010 0.4028
vn -0.4108 -0.8210 0.3964
vn -0.3392 -0.8669 0.3653
vn -0.3176 -0.8788 0.3562
vn -0.3288 -0.8695 0.3686
vn -0.3441 -0.8618 0.3726
vn -0.2596 -0.8976 0.3564
vn -0.2284 -0.9089 0.3488
vn -0.2315 -0.9010 0.3668
vn -0.2214 -0.8989 0.3782
vn -0.1445 -0.9153 0.3761
vn -0.0421 -0.9256 0.3762
vn -0.0387 -0.9196 0.3909
vn 0.0080 -0.9120 0.4100
vn 0.0968 -0.9075 0.4087
vn 0.2230 -0.8855 0.4076
vn 0.2674 -0.8693 0.4158
vn 0.2767 -0.8605 0.4278
vn 0.3766 -0.8217 0.4277
vn 0.4636 -0.7817 0.4170
vn 0.5170 -0.7439 0.4234
vn 0.5008 -0.7508 0.4307
vn 0.5548 -0.7091 0.4351
vn 0.6403 -0.6370 0.4293
vn 0.6660 -0.6072 0.4334
vn 0.6660 -0.5962 0.4484
vn 0.6784 -0.5787 0.4526
vn 0.7614 -0.4572 0.4596
vn 0.7897 -0.4035 0.4622
vn 0.7849 -0.3926 0.4793
vn 0.7994 -0.3478 0.4899
vn 0.8411 -0.2294 0.4899
vn 0.8670 -0.0908 0.4899
vn 0.8592 -0.1037 0.5010
vn 0.8956 -0.0419 0.4428
vn 0.8990 0.0931 0.4280
vn 0.8849 0.2099 0.4157
vn 0.8734 0.2384 0.4247
vn 0.8680 0.2442 0.4324
vn 0.8258 0.3866 0.4106
vn 0.7927 0.4697 0.3887
vn 0.7686 0.5040 0.3940
vn 0.7636 0.5038 0.4038
vn 0.7143 0.5825 0.3879
vn 0.6369 0.6817 0.3602
vn 0.6235 0.6908 0.3662
vn 0.5960 0.7074 0.3798
vn 0.5506 0.7475 0.3716
vn 0.4374 0.8292 0.3480
vn 0.3897 0.8528 0.3477
vn 0.3733 0.8522 0.3666
vn 0.2902 0.8862 0.3612
vn 0.1848 0.9226 0.3385
vn 0.0861 0.9403 0.3293
vn 0.0892 0.9348 0.3437
vn 0.0232 0.9395 0.3417
vn -0.0785 0.9459 0.3148
vn -0.1402 0.9429 0.3022
vn -0.1441 0.9393 0.3113
vn -0.1343 0.9398 0.3142
vn -0.2222 0.9287 0.2968
vn -0.2524 0.9251 0.2837
vn -0.2407 0.9244 0.2958
vn -0.2142 0.9284 0.3035
vn -0.2639 0.9168 0.2996
vn -0.3343 0.8946 0.2965
vn -0.3075 0.9009 0.3065
vn -0.3110 0.8930 0.3255
vn -0.3572 0.8744 0.3284
vn -0.4657 0.8184 0.3368
vn -0.4881 0.8004 0.3480
vn -0.4833 0.7954 0.3657
vn -0.5665 0.7322 0.3781
vn -0.6572 0.6517 0.3786
vn -0.7188 0.5749 0.3908
vn -0.7068 0.5820 0.4021
vn -0.7608 0.5010 0.4126
vn -0.8352 0.3706 0.4064
vn -0.8650 0.2920 0.4080
vn -0.8680 0.2619 0.4220
vn -0.8753 0.2280 0.4264
vn -0.9072 0.0476 0.4181
vn -0.9111 -0.0421 0.4099
vn -0.9026 -0.0739 0.4241
vn -0.8949 -0.1188 0.4302
vn -0.8727 -0.2547 0.4166
vn -0.8232 -0.4052 0.3977
vn -0.8180 -0.4043 0.4091
vn -0.7865 -0.4552 0.4175
vn -0.7342 -0.5496 0.3987
vn -0.6468 -0.6659 0.3718
vn -0.6184 -0.6915 0.3734
vn -0.6193 -0.6831 0.3872
vn -0.5378 -0.7596 0.3658
vn -0.4708 -0.8155 0.3367
vn -0.4268 -0.8415 0.3312
vn -0.4557 -0.8204 0.3453
vn -0.4138 -0.8465 0.3348
vn -0.3378 -0.8906 0.3045
vn -0.3303 -0.8946 0.3010
vn -0.3414 -0.8856 0.3149
vn -0.3456 -0.8841 0.3144
vn -0.2594 -0.9190 0.2970
vn -0.2375 -0.9262 0.2929
vn -0.2475 -0.9172 0.3121
vn -0.2234 -0.9205 0.3207
vn -0.1426 -0.9383 0.3149
vn -0.0482 -0.9473 0.3167
vn -0.0503 -0.9416 0.3330
vn 0.0081 -0.9368 0.3498
vn 0.1105 -0.9320 0.3453
vn 0.2272 -0.9111 0.3439
vn 0.2673 -0.8958 0.3551
vn 0.2851 -0.8859 0.3658
vn 0.3992 -0.8421 0.3626
vn 0.4813 -0.8030 0.3515
vn 0.5244 -0.7714 0.3605
vn 0.5160 -0.7733 0.3685
vn 0.5802 -0.7259 0.3695
vn 0.6654 -0.6525 0.3626
vn 0.6800 -0.6341 0.3682
vn 0.6837 -0.6202 0.3845
vn 0.7084 -0.5905 0.3867
vn 0.7922 -0.4692 0.3902
vn 0.8144 -0.4257 0.3944
vn 0.8092 -0.4186 0.4123
vn 0.8352 -0.3527 0.4220
vn 0.8787 -0.2295 0.4186
vn 0.9014 -0.1030 0.4206
vn 0.8931 -0.1191 0.4338
vn 0.9299 -0.0371 0.3659
vn 0.9307 0.1104 0.3487
vn 0.9166 0.2094 0.3406
vn 0.9053 0.2367 0.3528
vn 0.8977 0.2581 0.3570
vn 0.8490 0.4102 0.3330
vn 0.8165 0.4835 0.3155
vn 0.7977 0.5074 0.3258
vn 0.7854 0.5221 0.3325
vn 0.7300 0.6074 0.3134
vn 0.6526 0.7000 0.2901
vn 0.6474 0.7004 0.3005
vn 0.6148 0.7240 0.3127
vn 0.5576 0.7740 0.3000
vn 0.4483 0.8492 0.2792
vn 0.4070 0.8681 0.2841
vn 0.3892 0.8703 0.3019
vn 0.2897 0.9113 0.2927
vn 0.1845 0.9448 0.2708
vn 0.0965 0.9585 0.2682
vn 0.0957 0.9544 0.2828
vn 0.0178 0.9606 0.2773
vn -0.0901 0.9638 0.2509
vn -0.1379 0.9600 0.2438
vn -0.1417 0.9564 0.2554
vn -0.1431 0.9563 0.2549
vn -0.2348 0.9429 0.2363
vn -0.2548 0.9400 0.2269
vn -0.2347 0.9416 0.2413
vn -0.2215 0.9433 0.2474
vn -0.2757 0.9309 0.2396
vn -0.3381 0.9107 0.2373
vn -0.3013 0.9204 0.2490
vn -0.3150 0.9109 0.2664
vn -0.3743 0.8884 0.2657
vn -0.4739 0.8379 0.2709
vn -0.4897 0.8243 0.2840
vn -0.4913 0.8175 0.3005
vn -0.5917 0.7445 0.3091
vn -0.6789 0.6671 0.3066
vn -0.7318 0.6017 0.3200
vn -0.7260 0.6021 0.3323
vn -0.7915 0.5089 0.3386
vn -0.8668 0.3734 0.3303
vn -0.8893 0.3123 0.3341
vn -0.8947 0.2781 0.3496
vn -0.9089 0.2252 0.3510
vn -0.9396 0.0404 0.3400
vn -0.9414 -0.0370 0.3353
vn -0.9341 -0.0620 0.3515
vn -0.9256 -0.1317 0.3548
vn -0.9003 -0.2738 0.3384
vn -0.8512 -0.4125 0.3246
vn -0.8493 -0.4050 0.3388
vn -0.8122 -0.4706 0.3447
vn -0.7488 -0.5789 0.3227
vn -0.6667 -0.6816 0.3016
vn -0.6420 -0.7020 0.3084
vn -0.6375 -0.7012 0.3193
vn -0.5419 -0.7868 0.2954
vn -0.4774 -0.8361 0.2702
vn -0.4445 -0.8535 0.2720
vn -0.4656 -0.8382 0.2840
vn -0.4144 -0.8691 0.2700
vn -0.3370 -0.9098 0.2425
vn -0.3431 -0.9069 0.2444
vn -0.3519 -0.8996 0.2586
vn -0.3444 -0.9039 0.2536
vn -0.2596 -0.9364 0.2361
vn -0.2470 -0.9398 0.2361
vn -0.2612 -0.9309 0.2554
vn -0.2227 -0.9394 0.2604
vn -0.1406 -0.9576 0.2515
vn -0.0558 -0.9652 0.2553
vn -0.0605 -0.9602 0.2726
vn 0.0103 -0.9582 0.2859
vn 0.1233 -0.9526 0.2782
vn 0.2284 -0.9332 0.2774
vn 0.2662 -0.9188 0.2913
vn 0.2945 -0.9074 0.2998
vn 0.4197 -0.8590 0.2932
vn 0.4948 -0.8216 0.2830
vn 0.5290 -0.7959 0.2946
vn 0.5308 -0.7916 0.3026
vn 0.6033 -0.7391 0.2994
vn 0.6857 -0.6667 0.2922
vn 0.6901 -0.6587 0.2998
vn 0.7000 -0.6402 0.3164
vn 0.7363 -0.5985 0.3156
vn 0.8180 -0.4808 0.3159
vn 0.8344 -0.4471 0.3224
vn 0.8306 -0.4408 0.3404
vn 0.8682 -0.3542 0.3475
vn 0.9116 -0.2300 0.3407
vn 0.9311 -0.1172 0.3455
vn 0.9235 -0.1323 0.3600
vn 0.9590 -0.0301 0.2819
vn 0.9565 0.1254 0.2635
vn 0.9435 0.2053 0.2602
vn 0.9324 0.2345 0.2749
vn 0.9219 0.2730 0.2750
vn 0.8672 0.4302 0.2507
vn 0.8369 0.4925 0.2388
vn 0.8229 0.5088 0.2528
vn 0.8020 0.5396 0.2562
vn 0.7413 0.6287 0.2351
vn 0.6665 0.7130 0.2177
vn 0.6682 0.7071 0.2314
vn 0.6292 0.7389 0.2413
vn 0.5608 0.7967 0.2252
vn 0.4585 0.8639 0.2084
vn 0.4230 0.8795 0.2179
vn 0.4013 0.8857 0.2333
vn 0.2870 0.9321 0.2209
vn 0.1846 0.9620 0.2013
vn 0.1079 0.9728 0.2048
vn 0.1002 0.9706 0.2187
vn 0.0112 0.9777 0.2099
vn -0.0995 0.9776 0.1857
vn -0.1334 0.9738 0.1842
vn -0.1395 0.9703 0.1974
vn -0.1529 0.9691 0.1934
vn -0.2451 0.9536 0.1747
vn -0.2546 0.9520 0.1698
vn -0.2287 0.9557 0.1856
vn -0.2301 0.9546 0.1891
vn -0.2861 0.9416 0.1779
vn -0.3387 0.9241 0.1771
vn -0.2950 0.9363 0.1905
vn -0.3203 0.9249 0.2048
vn -0.3901 0.8988 0.1998
vn -0.4780 0.8547 0.2025
vn -0.4892 0.8446 0.2175
vn -0.4996 0.8346 0.2318
vn -0.6145 0.7530 0.2351
vn -0.6954 0.6807 0.2304
vn -0.7402 0.6260 0.2452
vn -0.7434 0.6173 0.2576
vn -0.8184 0.5131 0.2588
vn -0.8923 0.3764 0.2492
vn -0.9079 0.3322 0.2555
vn -0.9173 0.2911 0.2717
vn -0.9378 0.2193 0.2692
vn -0.9659 0.0350 0.2566
vn -0.9662 -0.0297 0.2561
vn -0.9606 -0.0517 0.2731
vn -0.9508 -0.1461 0.2731
vn -0.9224 -0.2903 0.2550
vn -0.8755 -0.4152 0.2472
vn -0.8757 -0.4049 0.2630
vn -0.8326 -0.4859 0.2659
vn -0.7590 -0.6042 0.2425
vn -0.6850 -0.6920 0.2279
vn -0.6629 -0.7095 0.2391
vn -0.6509 -0.7181 0.2463
vn -0.5434 -0.8096 0.2217
vn -0.4839 -0.8515 0.2018
vn -0.4614 -0.8620 0.2097
vn -0.4720 -0.8539 0.2192
vn -0.4126 -0.8881 0.2025
vn -0.3369 -0.9242 0.1796
vn -0.3557 -0.9159 0.1863
vn -0.3598 -0.9114 0.1998
vn -0.3407 -0.9206 0.1908
vn -0.2602 -0.9497 0.1744
vn -0.2566 -0.9499 0.1784
vn -0.2723 -0.9419 0.1968
vn -0.2197 -0.9553 0.1977
vn -0.1388 -0.9726 0.1864
vn -0.0646 -0.9792 0.1925
vn -0.0690 -0.9753 0.2100
vn 0.0143 -0.9757 0.2186
vn 0.1348 -0.9688 0.2080
vn 0.2267 -0.9514 0.2086
vn 0.2644 -0.9379 0.2246
vn 0.3045 -0.9243 0.2302
vn 0.4373 -0.8719 0.2203
vn 0.5039 -0.8373 0.2120
vn 0.5309 -0.8167 0.2261
vn 0.5450 -0.8054 0.2332
vn 0.6234 -0.7486 0.2256
vn 0.7007 -0.6791 0.2190
vn 0.6964 -0.6802 0.2289
vn 0.7145 -0.6555 0.2446
vn 0.7610 -0.6028 0.2399
vn 0.8379 -0.4915 0.2373
vn 0.8492 -0.4669 0.2466
vn 0.8487 -0.4584 0.2637
vn 0.8971 -0.3523 0.2666
vn 0.9384 -0.2308 0.2572
vn 0.9551 -0.1329 0.2649
vn 0.9493 -0.1427 0.2802
vn 0.9812 -0.0213 0.1917
vn 0.9752 0.1374 0.1737
vn 0.9644 0.1980 0.1755
vn 0.9536 0.2322 0.1914
vn 0.9391 0.2880 0.1877
vn 0.8799 0.4457 0.1648
vn 0.8532 0.4966 0.1591
vn 0.8432 0.5082 0.1754
vn 0.8127 0.5556 0.1756
vn 0.7481 0.6455 0.1541
vn 0.6784 0.7205 0.1436
vn 0.6852 0.7107 0.1594
vn 0.6386 0.7514 0.1663
vn 0.5606 0.8148 0.1481
vn 0.4677 0.8733 0.1362
vn 0.4370 0.8870 0.1494
vn 0.4092 0.8981 0.1613
vn 0.2822 0.9481 0.1466
vn 0.1855 0.9739 0.1305
vn 0.1195 0.9830 0.1394
vn 0.1025 0.9831 0.1517
vn 0.0038 0.9901 0.1403
vn -0.1063 0.9871 0.1199
vn -0.1270 0.9842 0.1236
vn -0.1378 0.9809 0.1374
vn -0.1632 0.9780 0.1300
vn -0.2528 0.9610 0.1125
vn -0.2519 0.9612 0.1124
vn -0.2230 0.9663 0.1286
vn -0.2395 0.9623 0.1288
vn -0.2945 0.9487 0.1150
vn -0.3364 0.9345 0.1164
vn -0.2889 0.9483 0.1311
vn -0.3267 0.9346 0.1407
vn -0.4041 0.9052 0.1314
vn -0.4780 0.8683 0.1326
vn -0.4869 0.8607 0.1492
vn -0.5079 0.8464 0.1599
vn -0.6338 0.7574 0.1569
vn -0.7060 0.6918 0.1513
vn -0.7439 0.6470 0.1674
vn -0.7582 0.6271 0.1786
vn -0.8402 0.5137 0.1739
vn -0.9105 0.3794 0.1642
vn -0.9203 0.3508 0.1734
vn -0.9350 0.3003 0.1888
vn -0.9605 0.2106 0.1821
vn -0.9851 0.0317 0.1690
vn -0.9847 -0.0207 0.1730
vn -0.9809 -0.0433 0.1896
vn -0.9692 -0.1615 0.1860
vn -0.9381 -0.3032 0.1676
vn -0.8953 -0.4132 0.1661
vn -0.8963 -0.4042 0.1824
vn -0.8465 -0.5003 0.1820
vn -0.7646 -0.6246 0.1592
vn -0.7010 -0.6968 0.1515
vn -0.6802 -0.7141 0.1658
vn -0.6589 -0.7330 0.1692
vn -0.5424 -0.8274 0.1458
vn -0.4902 -0.8615 0.1322
vn -0.4769 -0.8670 0.1447
vn -0.4749 -0.8669 0.1513
vn -0.4089 -0.9028 0.1333
vn -0.3378 -0.9340 0.1163
vn -0.3675 -0.9213 0.1269
vn -0.3650 -0.9206 0.1388
vn -0.3349 -0.9337 0.1265
vn -0.2616 -0.9586 0.1122
vn -0.2659 -0.9565 0.1201
vn -0.2805 -0.9501 0.1365
vn -0.2143 -0.9677 0.1329
vn -0.1374 -0.9832 0.1203
vn -0.0742 -0.9889 0.1286
vn -0.0753 -0.9865 0.1454
vn 0.0198 -0.9887 0.1485
vn 0.1445 -0.9802 0.1357
vn 0.2222 -0.9651 0.1383
vn 0.2622 -0.9524 0.1555
vn 0.3146 -0.9361 0.1573
vn 0.4514 -0.8805 0.1447
vn 0.5085 -0.8497 0.1395
vn 0.5303 -0.8335 0.1555
vn 0.5580 -0.8142 0.1606
vn 0.6396 -0.7542 0.1489
vn 0.7101 -0.6893 0.1437
vn 0.6990 -0.6979 0.1561
vn 0.7267 -0.6658 0.1692
vn 0.7814 -0.6031 0.1601
vn 0.8512 -0.5012 0.1557
vn 0.8587 -0.4842 0.1678
vn 0.8631 -0.4708 0.1827
vn 0.9204 -0.3471 0.1802
vn 0.9578 -0.2321 0.1693
vn 0.9723 -0.1490 0.1799
vn 0.9693 -0.1498 0.1948
vn 0.9952 -0.0112 0.0970
vn 0.9860 0.1459 0.0810
vn 0.9783 0.1877 0.0875
vn 0.9677 0.2299 0.1036
vn 0.9483 0.3023 0.0963
vn 0.8866 0.4560 0.0769
vn 0.8649 0.4959 0.0775
vn 0.8576 0.5056 0.0945
vn 0.8170 0.5693 0.0920
vn 0.7503 0.6572 0.0718
vn 0.6879 0.7226 0.0684
vn 0.6977 0.7114 0.0850
vn 0.6427 0.7610 0.0885
vn 0.5569 0.8276 0.0700
vn 0.4759 0.8772 0.0632
vn 0.4484 0.8904 0.0789
vn 0.4126 0.9068 0.0866
vn 0.2757 0.9586 0.0710
vn 0.1871 0.9806 0.0593
vn 0.1310 0.9887 0.0724
vn 0.1024 0.9913 0.0825
vn -0.0040 0.9976 0.0693
vn -0.1105 0.9924 0.0539
vn -0.1190 0.9909 0.0623
vn -0.1367 0.9877 0.0756
vn -0.1734 0.9827 0.0655
vn -0.2574 0.9650 0.0502
vn -0.2472 0.9674 0.0550
vn -0.2180 0.9734 0.0706
vn -0.2494 0.9661 0.0670
vn -0.3008 0.9523 0.0516
vn -0.3313 0.9419 0.0556
vn -0.2836 0.9563 0.0709
vn -0.3338 0.9397 0.0745
vn -0.4155 0.9075 0.0612
vn -0.4740 0.8783 0.0622
vn -0.4831 0.8719 0.0794
vn -0.5158 0.8525 0.0852
vn -0.6484 0.7575 0.0756
vn -0.7105 0.7001 0.0706
vn -0.7429 0.6637 0.0875
vn -0.7697 0.6311 0.0960
vn -0.8556 0.5106 0.0854
vn -0.9209 0.3821 0.0769
vn -0.9259 0.3673 0.0887
vn -0.9468 0.3051 0.1020
vn -0.9757 0.1995 0.0911
vn -0.9964 0.0307 0.0789
vn -0.9961 -0.0105 0.0872
vn -0.9941 -0.0371 0.1021
vn -0.9796 -0.1769 0.0950
vn -0.9469 -0.3121 0.0779
vn -0.9098 -0.4069 0.0824
vn -0.9100 -0.4029 0.0981
vn -0.8533 -0.5128 0.0945
vn -0.7654 -0.6392 0.0743
vn -0.7143 -0.6961 0.0731
vn -0.6930 -0.7154 0.0893
vn -0.6612 -0.7450 0.0890
vn -0.5390 -0.8395 0.0686
vn -0.4961 -0.8661 0.0618
vn -0.4903 -0.8681 0.0773
vn -0.4740 -0.8767 0.0813
vn -0.4036 -0.9128 0.0632
vn -0.3398 -0.9390 0.0529
vn -0.3782 -0.9234 0.0663
vn -0.3672 -0.9270 0.0759
vn -0.3273 -0.9429 0.0613
vn -0.2637 -0.9633 0.0501
vn -0.2746 -0.9596 0.0614
vn -0.2855 -0.9555 0.0746
vn -0.2072 -0.9760 0.0666
vn -0.1365 -0.9892 0.0537
vn -0.0840 -0.9944 0.0642
vn -0.0792 -0.9937 0.0792
vn 0.0265 -0.9968 0.0761
vn 0.1520 -0.9864 0.0621
vn 0.2153 -0.9742 0.0671
vn 0.2597 -0.9620 0.0844
vn 0.3243 -0.9424 0.0820
vn 0.4614 -0.8846 0.0674
vn 0.5086 -0.8584 0.0663
vn 0.5274 -0.8455 0.0833
vn 0.5692 -0.8177 0.0853
vn 0.6512 -0.7557 0.0703
vn 0.7137 -0.6972 0.0675
vn 0.6982 -0.7112 0.0821
vn 0.7361 -0.6707 0.0910
vn 0.7966 -0.5995 0.0774
vn 0.8574 -0.5095 0.0724
vn 0.8627 -0.4982 0.0870
vn 0.8731 -0.4776 0.0983
vn 0.9366 -0.3387 0.0898
vn 0.9691 -0.2338 0.0786
vn 0.9820 -0.1649 0.0918
vn 0.9826 -0.1531 0.1051
vn 1.0000 -0.0005 -0.0000
vn 0.9885 0.1505 -0.0126
vn 0.9846 0.1751 -0.0021
vn 0.9736 0.2277 0.0130
vn 0.9490 0.3151 0.0030
vn 0.8874 0.4608 -0.0116
vn 0.8715 0.4904 -0.0052
vn 0.8654 0.5010 0.0112
vn 0.8146 0.5800 0.0067
vn 0.7482 0.6634 -0.0107
vn 0.6947 0.7192 -0.0074
vn 0.7051 0.7090 0.0088
vn 0.6414 0.7671 0.0091
vn 0.5502 0.8350 -0.0082
vn 0.4828 0.8757 -0.0101
vn 0.4565 0.8897 0.0070
vn 0.4115 0.9113 0.0104
vn 0.2678 0.9635 -0.0049
vn 0.1894 0.9818 -0.0118
vn 0.1418 0.9899 0.0041
vn 0.0999 0.9949 0.0118
vn -0.0117 0.9999 -0.0022
vn -0.1119 0.9936 -0.0117
vn -0.1099 0.9939 0.0004
vn -0.1363 0.9906 0.0126
vn -0.1832 0.9831 0.0004
vn -0.2589 0.9658 -0.0117
vn -0.2408 0.9706 -0.0024
vn -0.2140 0.9768 0.0117
vn -0.2594 0.9658 0.0041
vn -0.3044 0.9525 -0.0117
vn -0.3240 0.9460 -0.0049
vn -0.2793 0.9601 0.0101
vn -0.3411 0.9400 0.0067
vn -0.4240 0.9056 -0.0098
vn -0.4664 0.8845 -0.0080
vn -0.4783 0.8781 0.0089
vn -0.5226 0.8525 0.0085
vn -0.6578 0.7532 -0.0072
vn -0.7088 0.7053 -0.0105
vn -0.7374 0.6755 0.0065
vn -0.7774 0.6289 0.0109
vn -0.8637 0.5040 -0.0049
vn -0.9231 0.3844 -0.0113
vn -0.9246 0.3810 0.0028
vn -0.9521 0.3055 0.0125
vn -0.9825 0.1865 -0.0020
vn -0.9994 0.0321 -0.0121
vn -1.0000 0.0002 -0.0000
vn -0.9994 -0.0332 0.0121
vn -0.9815 -0.1916 0.0020
vn -0.9485 -0.3164 -0.0124
vn -0.9180 -0.3965 -0.0028
vn -0.9160 -0.4010 0.0113
vn -0.8525 -0.5228 0.0050
vn -0.7618 -0.6477 -0.0108
vn -0.7241 -0.6897 -0.0065
vn -0.7007 -0.7134 0.0105
vn -0.6576 -0.7534 0.0072
vn -0.5337 -0.8457 -0.0085
vn -0.5015 -0.8651 -0.0089
vn -0.5009 -0.8655 0.0080
vn -0.4694 -0.8829 0.0098
vn -0.3971 -0.9178 -0.0068
vn -0.3428 -0.9394 -0.0102
vn -0.3871 -0.9220 0.0048
vn -0.3665 -0.9304 0.0117
vn -0.3185 -0.9479 -0.0041
vn -0.2667 -0.9637 -0.0117
vn -0.2823 -0.9593 0.0023
vn -0.2873 -0.9578 0.0116
vn -0.1985 -0.9801 -0.0005
vn -0.1362 -0.9906 -0.0126
vn -0.0938 -0.9956 -0.0004
vn -0.0806 -0.9967 0.0117
vn 0.0338 -0.9994 0.0023
vn 0.1570 -0.9875 -0.0118
vn 0.2062 -0.9785 -0.0041
vn 0.2571 -0.9663 0.0119
vn 0.3330 -0.9429 0.0049
vn 0.4669 -0.8842 -0.0103
vn 0.5045 -0.8634 -0.0070
vn 0.5225 -0.8526 0.0100
vn 0.5783 -0.8158 0.0082
vn 0.6576 -0.7533 -0.0091
vn 0.7118 -0.7024 -0.0088
vn 0.6942 -0.7197 0.0074
vn 0.7422 -0.6701 0.0107
vn 0.8058 -0.5922 -0.0068
vn 0.8565 -0.5161 -0.0112
vn 0.8612 -0.5082 0.0052
vn 0.8780 -0.4785 0.0116
vn 0.9448 -0.3277 -0.0030
vn 0.9717 -0.2358 -0.0130
vn 0.9837 -0.1798 0.0021
vn 0.9882 -0.1525 0.0126
vn 0.9952 0.0102 -0.0970
vn 0.9829 0.1512 -0.1051
vn 0.9827 0.1606 -0.0919
vn 0.9710 0.2258 -0.0788
vn 0.9411 0.3258 -0.0901
vn 0.8824 0.4599 -0.0992
vn 0.8725 0.4806 -0.0879
vn 0.8660 0.4946 -0.0733
vn 0.8056 0.5873 -0.0785
vn 0.7422 0.6639 -0.0921
vn 0.6986 0.7106 -0.0830
vn 0.7071 0.7038 -0.0682
vn 0.6348 0.7695 -0.0707
vn 0.5410 0.8367 -0.0853
vn 0.4882 0.8688 -0.0829
vn 0.4611 0.8849 -0.0656
vn 0.4059 0.9115 -0.0664
vn 0.2589 0.9626 -0.0801
vn 0.1922 0.9779 -0.0822
vn 0.1513 0.9864 -0.0649
vn 0.0950 0.9937 -0.0597
vn -0.0189 0.9971 -0.0733
vn -0.1105 0.9909 -0.0764
vn -0.1002 0.9930 -0.0617
vn -0.1367 0.9893 -0.0514
vn -0.1920 0.9793 -0.0646
vn -0.2572 0.9636 -0.0728
vn -0.2331 0.9706 -0.0594
vn -0.2111 0.9763 -0.0480
vn -0.2688 0.9614 -0.0594
vn -0.3054 0.9493 -0.0742
vn -0.3148 0.9469 -0.0646
vn -0.2764 0.9597 -0.0512
vn -0.3481 0.9354 -0.0620
vn -0.4291 0.8997 -0.0805
vn -0.4556 0.8869 -0.0769
vn -0.4728 0.8790 -0.0619
vn -0.5281 0.8464 -0.0693
vn -0.6613 0.7447 -0.0899
vn -0.7012 0.7072 -0.0905
vn -0.7277 0.6819 -0.0744
vn -0.7806 0.6205 -0.0755
vn -0.8641 0.4942 -0.0952
vn -0.9171 0.3862 -0.0985
vn -0.9166 0.3911 -0.0829
vn -0.9503 0.3013 -0.0781
vn -0.9805 0.1721 -0.0951
vn -0.9941 0.0360 -0.1021
vn -0.9961 0.0110 -0.0872
vn -0.9964 -0.0319 -0.0789
vn -0.9745 -0.2050 -0.0910
vn -0.9433 -0.3160 -0.1017
vn -0.9198 -0.3824 -0.0883
vn -0.9139 -0.3986 -0.0764
vn -0.8441 -0.5295 -0.0845
vn -0.7540 -0.6500 -0.0947
vn -0.7300 -0.6780 -0.0862
vn -0.7026 -0.7082 -0.0694
vn -0.6482 -0.7578 -0.0747
vn -0.5268 -0.8457 -0.0846
vn -0.5060 -0.8589 -0.0793
vn -0.5081 -0.8590 -0.0624
vn -0.4612 -0.8851 -0.0619
vn -0.3899 -0.9177 -0.0760
vn -0.3467 -0.9352 -0.0728
vn -0.3939 -0.9174 -0.0572
vn -0.3627 -0.9304 -0.0534
vn -0.3087 -0.9486 -0.0690
vn -0.2704 -0.9600 -0.0726
vn -0.2884 -0.9558 -0.0569
vn -0.2857 -0.9569 -0.0522
vn -0.1887 -0.9797 -0.0677
vn -0.1366 -0.9876 -0.0779
vn -0.1029 -0.9926 -0.0647
vn -0.0792 -0.9953 -0.0565
vn 0.0414 -0.9966 -0.0719
vn 0.1593 -0.9836 -0.0850
vn 0.1955 -0.9778 -0.0748
vn 0.2547 -0.9651 -0.0614
vn 0.3404 -0.9375 -0.0727
vn 0.4677 -0.8796 -0.0875
vn 0.4965 -0.8644 -0.0796
vn 0.5158 -0.8543 -0.0636
vn 0.5845 -0.8084 -0.0699
vn 0.6587 -0.7472 -0.0881
vn 0.7044 -0.7048 -0.0842
vn 0.6874 -0.7231 -0.0674
vn 0.7446 -0.6638 -0.0707
vn 0.8085 -0.5814 -0.0910
vn 0.8485 -0.5208 -0.0936
vn 0.8545 -0.5138 -0.0765
vn 0.8775 -0.4736 -0.0761
vn 0.9444 -0.3144 -0.0960
vn 0.9657 -0.2380 -0.1035
vn 0.9773 -0.1928 -0.0874
vn 0.9857 -0.1478 -0.0810
vn 0.9812 0.0203 -0.1917
vn 0.9696 0.1479 -0.1949
vn 0.9729 0.1452 -0.1800
vn 0.9597 0.2241 -0.1696
vn 0.9251 0.3338 -0.1811
vn 0.8721 0.4532 -0.1843
vn 0.8679 0.4670 -0.1695
vn 0.8594 0.4865 -0.1574
vn 0.7904 0.5907 -0.1623
vn 0.7326 0.6588 -0.1714
vn 0.6992 0.6972 -0.1580
vn 0.7034 0.6958 -0.1451
vn 0.6230 0.7677 -0.1497
vn 0.5297 0.8329 -0.1605
vn 0.4919 0.8568 -0.1548
vn 0.4616 0.8762 -0.1383
vn 0.3960 0.9071 -0.1427
vn 0.2496 0.9561 -0.1537
vn 0.1955 0.9690 -0.1513
vn 0.1590 0.9781 -0.1339
vn 0.0879 0.9875 -0.1309
vn -0.0253 0.9894 -0.1431
vn -0.1065 0.9844 -0.1401
vn -0.0904 0.9882 -0.1238
vn -0.1377 0.9837 -0.1157
vn -0.1994 0.9714 -0.1288
vn -0.2524 0.9585 -0.1327
vn -0.2245 0.9675 -0.1162
vn -0.2094 0.9718 -0.1081
vn -0.2772 0.9529 -0.1229
vn -0.3036 0.9431 -0.1353
vn -0.3042 0.9446 -0.1234
vn -0.2749 0.9548 -0.1127
vn -0.3544 0.9259 -0.1309
vn -0.4307 0.8900 -0.1499
vn -0.4421 0.8853 -0.1440
vn -0.4669 0.8743 -0.1324
vn -0.5316 0.8342 -0.1470
vn -0.6589 0.7326 -0.1710
vn -0.6882 0.7058 -0.1682
vn -0.7143 0.6827 -0.1541
vn -0.7789 0.6059 -0.1615
vn -0.8569 0.4818 -0.1834
vn -0.9035 0.3875 -0.1833
vn -0.9024 0.3972 -0.1671
vn -0.9413 0.2927 -0.1680
vn -0.9699 0.1571 -0.1861
vn -0.9810 0.0422 -0.1896
vn -0.9847 0.0211 -0.1730
vn -0.9851 -0.0329 -0.1690
vn -0.9592 -0.2164 -0.1820
vn -0.9316 -0.3109 -0.1884
vn -0.9147 -0.3654 -0.1727
vn -0.9037 -0.3958 -0.1634
vn -0.8286 -0.5327 -0.1722
vn -0.7427 -0.6460 -0.1760
vn -0.7317 -0.6613 -0.1650
vn -0.6985 -0.6999 -0.1491
vn -0.6337 -0.7579 -0.1550
vn -0.5190 -0.8399 -0.1587
vn -0.5093 -0.8476 -0.1489
vn -0.5115 -0.8489 -0.1331
vn -0.4497 -0.8832 -0.1330
vn -0.3826 -0.9127 -0.1435
vn -0.3512 -0.9266 -0.1346
vn -0.3981 -0.9095 -0.1195
vn -0.3562 -0.9269 -0.1185
vn -0.2987 -0.9451 -0.1327
vn -0.2748 -0.9523 -0.1326
vn -0.2927 -0.9491 -0.1162
vn -0.2809 -0.9527 -0.1163
vn -0.1784 -0.9748 -0.1343
vn -0.1377 -0.9803 -0.1419
vn -0.1109 -0.9855 -0.1285
vn -0.0751 -0.9893 -0.1251
vn 0.0488 -0.9882 -0.1454
vn 0.1589 -0.9748 -0.1565
vn 0.1837 -0.9723 -0.1443
vn 0.2524 -0.9582 -0.1347
vn 0.3460 -0.9262 -0.1498
vn 0.4637 -0.8709 -0.1630
vn 0.4852 -0.8613 -0.1507
vn 0.5075 -0.8507 -0.1371
vn 0.5876 -0.7955 -0.1480
vn 0.6544 -0.7378 -0.1654
vn 0.6921 -0.7043 -0.1580
vn 0.6781 -0.7212 -0.1417
vn 0.7428 -0.6521 -0.1521
vn 0.8047 -0.5677 -0.1737
vn 0.8341 -0.5236 -0.1736
vn 0.8429 -0.5146 -0.1572
vn 0.8712 -0.4629 -0.1633
vn 0.9355 -0.2996 -0.1871
vn 0.9517 -0.2403 -0.1911
vn 0.9633 -0.2033 -0.1753
vn 0.9749 -0.1393 -0.1736
vn 0.9590 0.0292 -0.2819
vn 0.9495 0.1410 -0.2802
vn 0.9555 0.1294 -0.2650
vn 0.9402 0.2228 -0.2577
vn 0.9019 0.3388 -0.2679
vn 0.8572 0.4410 -0.2659
vn 0.8576 0.4501 -0.2490
vn 0.8456 0.4770 -0.2397
vn 0.7697 0.5903 -0.2430
vn 0.7201 0.6482 -0.2477
vn 0.6963 0.6794 -0.2316
vn 0.6940 0.6853 -0.2210
vn 0.6068 0.7618 -0.2268
vn 0.5169 0.8237 -0.2331
vn 0.4935 0.8401 -0.2252
vn 0.4578 0.8638 -0.2103
vn 0.3823 0.8981 -0.2174
vn 0.2404 0.9443 -0.2249
vn 0.1990 0.9553 -0.2186
vn 0.1647 0.9654 -0.2024
vn 0.0789 0.9764 -0.2009
vn -0.0303 0.9771 -0.2108
vn -0.0999 0.9742 -0.2023
vn -0.0808 0.9793 -0.1854
vn -0.1392 0.9738 -0.1798
vn -0.2050 0.9598 -0.1917
vn -0.2445 0.9506 -0.1913
vn -0.2155 0.9611 -0.1726
vn -0.2088 0.9633 -0.1685
vn -0.2842 0.9406 -0.1857
vn -0.2991 0.9341 -0.1947
vn -0.2928 0.9389 -0.1811
vn -0.2748 0.9455 -0.1744
vn -0.3593 0.9117 -0.1990
vn -0.4287 0.8770 -0.2171
vn -0.4268 0.8800 -0.2086
vn -0.4609 0.8641 -0.2022
vn -0.5328 0.8162 -0.2235
vn -0.6506 0.7174 -0.2490
vn -0.6706 0.7011 -0.2425
vn -0.6978 0.6778 -0.2317
vn -0.7723 0.5858 -0.2457
vn -0.8424 0.4676 -0.2679
vn -0.8829 0.3881 -0.2644
vn -0.8826 0.3991 -0.2486
vn -0.9254 0.2801 -0.2555
vn -0.9514 0.1423 -0.2732
vn -0.9607 0.0505 -0.2731
vn -0.9662 0.0301 -0.2561
vn -0.9658 -0.0363 -0.2566
vn -0.9364 -0.2254 -0.2689
vn -0.9141 -0.3015 -0.2711
vn -0.9030 -0.3461 -0.2546
vn -0.8856 -0.3928 -0.2480
vn -0.8069 -0.5322 -0.2562
vn -0.7286 -0.6362 -0.2539
vn -0.7289 -0.6404 -0.2419
vn -0.6883 -0.6889 -0.2273
vn -0.6146 -0.7538 -0.2324
vn -0.5107 -0.8284 -0.2301
vn -0.5111 -0.8317 -0.2170
vn -0.5108 -0.8354 -0.2032
vn -0.4354 -0.8772 -0.2023
vn -0.3756 -0.9029 -0.2089
vn -0.3561 -0.9138 -0.1955
vn -0.3994 -0.8986 -0.1816
vn -0.3471 -0.9198 -0.1831
vn -0.2887 -0.9374 -0.1949
vn -0.2796 -0.9409 -0.1913
vn -0.2948 -0.9394 -0.1753
vn -0.2730 -0.9450 -0.1803
vn -0.1679 -0.9654 -0.1996
vn -0.1393 -0.9690 -0.2040
vn -0.1175 -0.9745 -0.1913
vn -0.0685 -0.9787 -0.1934
vn 0.0557 -0.9745 -0.2172
vn 0.1558 -0.9617 -0.2256
vn 0.1713 -0.9622 -0.2119
vn 0.2504 -0.9457 -0.2074
vn 0.3494 -0.9095 -0.2253
vn 0.4550 -0.8587 -0.2358
vn 0.4709 -0.8543 -0.2200
vn 0.4978 -0.8416 -0.2097
vn 0.5871 -0.7777 -0.2249
vn 0.6448 -0.7257 -0.2400
vn 0.6753 -0.7009 -0.2294
vn 0.6665 -0.7139 -0.2149
vn 0.7365 -0.6353 -0.2322
vn 0.7946 -0.5517 -0.2535
vn 0.8139 -0.5244 -0.2500
vn 0.8269 -0.5104 -0.2360
vn 0.8593 -0.4470 -0.2486
vn 0.9187 -0.2841 -0.2743
vn 0.9305 -0.2426 -0.2744
vn 0.9423 -0.2109 -0.2599
vn 0.9563 -0.1272 -0.2634
vn 0.9299 0.0363 -0.3659
vn 0.9237 0.1307 -0.3601
vn 0.9314 0.1142 -0.3456
vn 0.9134 0.2219 -0.3413
vn 0.8730 0.3407 -0.3491
vn 0.8382 0.4239 -0.3431
vn 0.8418 0.4308 -0.3252
vn 0.8251 0.4664 -0.3188
vn 0.7446 0.5859 -0.3197
vn 0.7051 0.6326 -0.3204
vn 0.6897 0.6577 -0.3031
vn 0.6788 0.6725 -0.2948
vn 0.5866 0.7519 -0.3008
vn 0.5032 0.8095 -0.3025
vn 0.4928 0.8191 -0.2937
vn 0.4497 0.8479 -0.2808
vn 0.3653 0.8848 -0.2893
vn 0.2317 0.9276 -0.2931
vn 0.2025 0.9373 -0.2838
vn 0.1679 0.9482 -0.2696
vn 0.0685 0.9607 -0.2690
vn -0.0336 0.9606 -0.2759
vn -0.0911 0.9605 -0.2628
vn -0.0719 0.9665 -0.2463
vn -0.1412 0.9597 -0.2431
vn -0.2085 0.9448 -0.2528
vn -0.2337 0.9401 -0.2482
vn -0.2064 0.9514 -0.2285
vn -0.2091 0.9508 -0.2286
vn -0.2893 0.9247 -0.2472
vn -0.2921 0.9226 -0.2520
vn -0.2810 0.9299 -0.2376
vn -0.2762 0.9317 -0.2359
vn -0.3626 0.8933 -0.2656
vn -0.4232 0.8612 -0.2815
vn -0.4101 0.8710 -0.2704
vn -0.4548 0.8485 -0.2706
vn -0.5315 0.7930 -0.2976
vn -0.6370 0.7001 -0.3226
vn -0.6492 0.6933 -0.3128
vn -0.6788 0.6674 -0.3064
vn -0.7609 0.5607 -0.3266
vn -0.8215 0.4524 -0.3472
vn -0.8564 0.3881 -0.3406
vn -0.8580 0.3965 -0.3264
vn -0.9030 0.2641 -0.3390
vn -0.9261 0.1282 -0.3549
vn -0.9342 0.0608 -0.3515
vn -0.9414 0.0373 -0.3353
vn -0.9395 -0.0417 -0.3400
vn -0.9075 -0.2314 -0.3506
vn -0.8918 -0.2880 -0.3489
vn -0.8850 -0.3255 -0.3330
vn -0.8603 -0.3897 -0.3287
vn -0.7803 -0.5280 -0.3353
vn -0.7121 -0.6209 -0.3276
vn -0.7215 -0.6161 -0.3160
vn -0.6724 -0.6755 -0.3026
vn -0.5921 -0.7457 -0.3056
vn -0.5023 -0.8116 -0.2984
vn -0.5110 -0.8116 -0.2833
vn -0.5058 -0.8187 -0.2717
vn -0.4190 -0.8672 -0.2691
vn -0.3692 -0.8887 -0.2718
vn -0.3609 -0.8970 -0.2553
vn -0.3975 -0.8848 -0.2430
vn -0.3358 -0.9091 -0.2464
vn -0.2792 -0.9258 -0.2550
vn -0.2845 -0.9259 -0.2486
vn -0.2942 -0.9267 -0.2339
vn -0.2623 -0.9338 -0.2435
vn -0.1578 -0.9518 -0.2629
vn -0.1414 -0.9541 -0.2639
vn -0.1222 -0.9597 -0.2530
vn -0.0594 -0.9636 -0.2606
vn 0.0615 -0.9561 -0.2865
vn 0.1502 -0.9447 -0.2916
vn 0.1589 -0.9475 -0.2774
vn 0.2486 -0.9277 -0.2785
vn 0.3504 -0.8879 -0.2982
vn 0.4421 -0.8435 -0.3052
vn 0.4544 -0.8433 -0.2870
vn 0.4869 -0.8271 -0.2809
vn 0.5829 -0.7553 -0.2995
vn 0.6303 -0.7113 -0.3111
vn 0.6547 -0.6946 -0.2980
vn 0.6529 -0.7011 -0.2866
vn 0.7259 -0.6141 -0.3099
vn 0.7787 -0.5341 -0.3292
vn 0.7889 -0.5232 -0.3222
vn 0.8071 -0.5013 -0.3120
vn 0.8419 -0.4265 -0.3306
vn 0.8950 -0.2687 -0.3561
vn 0.9034 -0.2447 -0.3522
vn 0.9155 -0.2151 -0.3401
vn 0.9305 -0.1121 -0.3486
vn 0.8957 0.0411 -0.4428
vn 0.8933 0.1177 -0.4338
vn 0.9016 0.1003 -0.4208
vn 0.8804 0.2215 -0.4193
vn 0.8398 0.3392 -0.4240
vn 0.8159 0.4023 -0.4153
vn 0.8210 0.4099 -0.3975
vn 0.7987 0.4550 -0.3936
vn 0.7162 0.5777 -0.3915
vn 0.6882 0.6124 -0.3890
vn 0.6791 0.6328 -0.3719
vn 0.6584 0.6580 -0.3655
vn 0.5635 0.7381 -0.3710
vn 0.4889 0.7907 -0.3684
vn 0.4896 0.7944 -0.3596
vn 0.4373 0.8288 -0.3490
vn 0.3457 0.8675 -0.3578
vn 0.2239 0.9065 -0.3578
vn 0.2055 0.9152 -0.3466
vn 0.1684 0.9271 -0.3348
vn 0.0569 0.9408 -0.3342
vn -0.0349 0.9405 -0.3380
vn -0.0804 0.9435 -0.3214
vn -0.0642 0.9499 -0.3060
vn -0.1434 0.9415 -0.3049
vn -0.2096 0.9268 -0.3116
vn -0.2204 0.9270 -0.3034
vn -0.1977 0.9383 -0.2838
vn -0.2103 0.9342 -0.2880
vn -0.2921 0.9058 -0.3069
vn -0.2828 0.9088 -0.3069
vn -0.2692 0.9175 -0.2927
vn -0.2788 0.9134 -0.2968
vn -0.3637 0.8711 -0.3299
vn -0.4145 0.8432 -0.3423
vn -0.3929 0.8586 -0.3292
vn -0.4488 0.8276 -0.3371
vn -0.5276 0.7655 -0.3684
vn -0.6185 0.6816 -0.3910
vn -0.6251 0.6826 -0.3786
vn -0.6579 0.6517 -0.3774
vn -0.7450 0.5318 -0.4028
vn -0.7951 0.4372 -0.4204
vn -0.8251 0.3873 -0.4114
vn -0.8297 0.3894 -0.3999
vn -0.8750 0.2455 -0.4173
vn -0.8953 0.1158 -0.4303
vn -0.9027 0.0725 -0.4241
vn -0.9111 0.0422 -0.4099
vn -0.9071 -0.0491 -0.4181
vn -0.8739 -0.2343 -0.4259
vn -0.8655 -0.2712 -0.4212
vn -0.8612 -0.3045 -0.4069
vn -0.8287 -0.3869 -0.4044
vn -0.7500 -0.5202 -0.4086
vn -0.6939 -0.6009 -0.3968
vn -0.7096 -0.5893 -0.3863
vn -0.6514 -0.6602 -0.3740
vn -0.5671 -0.7338 -0.3740
vn -0.4942 -0.7899 -0.3631
vn -0.5087 -0.7879 -0.3471
vn -0.4967 -0.7995 -0.3378
vn -0.4011 -0.8535 -0.3325
vn -0.3638 -0.8704 -0.3318
vn -0.3652 -0.8765 -0.3136
vn -0.3923 -0.8684 -0.3033
vn -0.3228 -0.8950 -0.3079
vn -0.2706 -0.9105 -0.3128
vn -0.2892 -0.9076 -0.3043
vn -0.2908 -0.9111 -0.2920
vn -0.2491 -0.9190 -0.3054
vn -0.1484 -0.9344 -0.3238
vn -0.1436 -0.9360 -0.3214
vn -0.1247 -0.9415 -0.3132
vn -0.0483 -0.9440 -0.3263
vn 0.0660 -0.9335 -0.3525
vn 0.1425 -0.9243 -0.3542
vn 0.1470 -0.9287 -0.3403
vn 0.2469 -0.9046 -0.3474
vn 0.3488 -0.8621 -0.3675
vn 0.4252 -0.8257 -0.3707
vn 0.4363 -0.8284 -0.3512
vn 0.4750 -0.8074 -0.3499
vn 0.5751 -0.7292 -0.3709
vn 0.6113 -0.6953 -0.3780
vn 0.6311 -0.6854 -0.3633
vn 0.6376 -0.6831 -0.3561
vn 0.7109 -0.5892 -0.3840
vn 0.7576 -0.5158 -0.4000
vn 0.7602 -0.5199 -0.3897
vn 0.7840 -0.4872 -0.3847
vn 0.8196 -0.4023 -0.4079
vn 0.8656 -0.2543 -0.4314
vn 0.8715 -0.2465 -0.4239
vn 0.8838 -0.2157 -0.4152
vn 0.8989 -0.0945 -0.4279
vn 0.8578 0.0433 -0.5121
vn 0.8593 0.1024 -0.5010
vn 0.8672 0.0885 -0.4900
vn 0.8427 0.2213 -0.4908
vn 0.8038 0.3344 -0.4920
vn 0.7909 0.3770 -0.4820
vn 0.7955 0.3884 -0.4651
vn 0.7674 0.4432 -0.4633
vn 0.6856 0.5659 -0.4580
vn 0.6698 0.5882 -0.4533
vn 0.6647 0.6056 -0.4375
vn 0.6331 0.6419 -0.4326
vn 0.5382 0.7208 -0.4368
vn 0.4745 0.7678 -0.4305
vn 0.4836 0.7665 -0.4226
vn 0.4208 0.8071 -0.4142
vn 0.3243 0.8466 -0.4221
vn 0.2175 0.8816 -0.4189
vn 0.2078 0.8897 -0.4065
vn 0.1662 0.9024 -0.3975
vn 0.0448 0.9171 -0.3961
vn -0.0339 0.9173 -0.3967
vn -0.0683 0.9233 -0.3780
vn -0.0579 0.9295 -0.3641
vn -0.1455 0.9197 -0.3647
vn -0.2081 0.9063 -0.3678
vn -0.2050 0.9115 -0.3567
vn -0.1896 0.9217 -0.3383
vn -0.2119 0.9139 -0.3463
vn -0.2923 0.8842 -0.3643
vn -0.2715 0.8928 -0.3594
vn -0.2580 0.9019 -0.3465
vn -0.2822 0.8906 -0.3567
vn -0.3625 0.8460 -0.3910
vn -0.4029 0.8235 -0.3994
vn -0.3758 0.8429 -0.3851
vn -0.4428 0.8018 -0.4014
vn -0.5209 0.7345 -0.4350
vn -0.5960 0.6625 -0.4538
vn -0.5992 0.6691 -0.4397
vn -0.6357 0.6311 -0.4444
vn -0.7250 0.5001 -0.4736
vn -0.7644 0.4227 -0.4869
vn -0.7901 0.3857 -0.4764
vn -0.7985 0.3779 -0.4686
vn -0.8425 0.2251 -0.4894
vn -0.8603 0.1054 -0.4988
vn -0.8672 0.0852 -0.4906
vn -0.8765 0.0445 -0.4794
vn -0.8698 -0.0579 -0.4899
vn -0.8372 -0.2336 -0.4945
vn -0.8360 -0.2516 -0.4876
vn -0.8325 -0.2839 -0.4758
vn -0.7922 -0.3842 -0.4741
vn -0.7176 -0.5089 -0.4755
vn -0.6746 -0.5765 -0.4611
vn -0.6933 -0.5610 -0.4523
vn -0.6259 -0.6435 -0.4406
vn -0.5410 -0.7186 -0.4370
vn -0.4865 -0.7638 -0.4242
vn -0.5038 -0.7613 -0.4081
vn -0.4837 -0.7781 -0.4007
vn -0.3825 -0.8365 -0.3923
vn -0.3594 -0.8483 -0.3889
vn -0.3685 -0.8527 -0.3703
vn -0.3837 -0.8496 -0.3619
vn -0.3086 -0.8775 -0.3671
vn -0.2632 -0.8918 -0.3681
vn -0.2931 -0.8864 -0.3584
vn -0.2844 -0.8929 -0.3491
vn -0.2340 -0.9009 -0.3655
vn -0.1403 -0.9135 -0.3819
vn -0.1459 -0.9149 -0.3765
vn -0.1247 -0.9199 -0.3717
vn -0.0356 -0.9203 -0.3897
vn 0.0689 -0.9074 -0.4146
vn 0.1329 -0.9010 -0.4130
vn 0.1362 -0.9061 -0.4006
vn 0.2454 -0.8769 -0.4134
vn 0.3446 -0.8332 -0.4325
vn 0.4049 -0.8060 -0.4318
vn 0.4172 -0.8098 -0.4125
vn 0.4623 -0.7829 -0.4163
vn 0.5635 -0.7002 -0.4383
vn 0.5885 -0.6781 -0.4402
vn 0.6050 -0.6732 -0.4251
vn 0.6207 -0.6600 -0.4231
vn 0.6920 -0.5617 -0.4535
vn 0.7322 -0.4974 -0.4653
vn 0.7286 -0.5144 -0.4523
vn 0.7582 -0.4685 -0.4534
vn 0.7932 -0.3753 -0.4797
vn 0.8318 -0.2417 -0.4997
vn 0.8362 -0.2476 -0.4894
vn 0.8485 -0.2126 -0.4846
vn 0.8625 -0.0754 -0.5004
vn 0.8179 0.0425 -0.5738
vn 0.8229 0.0858 -0.5617
vn 0.8294 0.0792 -0.5531
vn 0.8017 0.2213 -0.5553
vn 0.7664 0.3264 -0.5532
vn 0.7637 0.3488 -0.5433
vn 0.7660 0.3671 -0.5278
vn 0.7322 0.4312 -0.5272
vn 0.6538 0.5506 -0.5190
vn 0.6500 0.5605 -0.5131
vn 0.6465 0.5769 -0.4993
vn 0.6036 0.6248 -0.4952
vn 0.5118 0.7002 -0.4978
vn 0.4602 0.7411 -0.4889
vn 0.4748 0.7362 -0.4823
vn 0.4006 0.7830 -0.4758
vn 0.3020 0.8226 -0.4818
vn 0.2126 0.8533 -0.4762
vn 0.2089 0.8612 -0.4634
vn 0.1612 0.8747 -0.4571
vn 0.0327 0.8903 -0.4542
vn -0.0306 0.8915 -0.4520
vn -0.0552 0.9000 -0.4323
vn -0.0533 0.9058 -0.4204
vn -0.1472 0.8945 -0.4220
vn -0.2039 0.8837 -0.4214
vn -0.1880 0.8934 -0.4080
vn -0.1824 0.9017 -0.3919
vn -0.2138 0.8899 -0.4031
vn -0.2897 0.8606 -0.4189
vn -0.2586 0.8749 -0.4094
vn -0.2476 0.8829 -0.3990
vn -0.2862 0.8635 -0.4152
vn -0.3587 0.8186 -0.4485
vn -0.3888 0.8025 -0.4525
vn -0.3594 0.8239 -0.4382
vn -0.4367 0.7714 -0.4628
vn -0.5116 0.7011 -0.4966
vn -0.5701 0.6436 -0.5106
vn -0.5722 0.6529 -0.4962
vn -0.6128 0.6062 -0.5070
vn -0.7016 0.4669 -0.5383
vn -0.7304 0.4095 -0.5467
vn -0.7526 0.3829 -0.5356
vn -0.7654 0.3620 -0.5321
vn -0.8066 0.2039 -0.5549
vn -0.8225 0.0977 -0.5603
vn -0.8288 0.0982 -0.5509
vn -0.8384 0.0439 -0.5433
vn -0.8291 -0.0677 -0.5550
vn -0.7987 -0.2294 -0.5563
vn -0.8040 -0.2302 -0.5482
vn -0.7996 -0.2646 -0.5391
vn -0.7519 -0.3819 -0.5374
vn -0.6842 -0.4943 -0.5362
vn -0.6542 -0.5486 -0.5206
vn -0.6730 -0.5323 -0.5136
vn -0.5969 -0.6259 -0.5020
vn -0.5146 -0.7004 -0.4946
vn -0.4793 -0.7337 -0.4816
vn -0.4963 -0.7325 -0.4659
vn -0.4671 -0.7552 -0.4600
vn -0.3639 -0.8165 -0.4482
vn -0.3561 -0.8228 -0.4430
vn -0.3702 -0.8259 -0.4252
vn -0.3717 -0.8287 -0.4184
vn -0.2938 -0.8570 -0.4234
vn -0.2570 -0.8700 -0.4208
vn -0.2959 -0.8624 -0.4108
vn -0.2749 -0.8720 -0.4050
vn -0.2173 -0.8796 -0.4231
vn -0.1337 -0.8896 -0.4368
vn -0.1478 -0.8912 -0.4290
vn -0.1223 -0.8953 -0.4283
vn -0.0216 -0.8927 -0.4502
vn 0.0700 -0.8787 -0.4723
vn 0.1218 -0.8753 -0.4679
vn 0.1269 -0.8799 -0.4579
vn 0.2438 -0.8451 -0.4759
vn 0.3377 -0.8019 -0.4928
vn 0.3817 -0.7847 -0.4884
vn 0.3976 -0.7876 -0.4708
vn 0.4489 -0.7541 -0.4793
vn 0.5486 -0.6694 -0.5009
vn 0.5625 -0.6602 -0.4977
vn 0.5773 -0.6581 -0.4833
vn 0.6025 -0.6323 -0.4870
vn 0.6695 -0.5326 -0.5178
vn 0.7033 -0.4794 -0.5249
vn 0.6951 -0.5066 -0.5101
vn 0.7303 -0.4456 -0.5179
vn 0.7633 -0.3466 -0.5452
vn 0.7949 -0.2314 -0.5608
vn 0.7985 -0.2479 -0.5486
vn 0.8106 -0.2059 -0.5482
vn 0.8228 -0.0555 -0.5656
vn 0.7770 0.0386 -0.6283
vn 0.7847 0.0684 -0.6161
vn 0.7890 0.0730 -0.6100
vn 0.7587 0.2211 -0.6128
vn 0.7287 0.3151 -0.6080
vn 0.7347 0.3187 -0.5989
vn 0.7330 0.3469 -0.5851
vn 0.6942 0.4192 -0.5852
vn 0.6219 0.5320 -0.5747
vn 0.6291 0.5302 -0.5685
vn 0.6247 0.5474 -0.5569
vn 0.5708 0.6070 -0.5530
vn 0.4851 0.6767 -0.5539
vn 0.4461 0.7111 -0.5434
vn 0.4631 0.7041 -0.5383
vn 0.3774 0.7572 -0.5332
vn 0.2796 0.7961 -0.5367
vn 0.2093 0.8219 -0.5298
vn 0.2087 0.8301 -0.5171
vn 0.1535 0.8444 -0.5132
vn 0.0211 0.8610 -0.5082
vn -0.0248 0.8634 -0.5039
vn -0.0417 0.8739 -0.4843
vn -0.0507 0.8789 -0.4743
vn -0.1483 0.8666 -0.4765
vn -0.1970 0.8592 -0.4721
vn -0.1698 0.8729 -0.4574
vn -0.1764 0.8783 -0.4444
vn -0.2154 0.8626 -0.4577
vn -0.2841 0.8353 -0.4707
vn -0.2446 0.8552 -0.4569
vn -0.2383 0.8606 -0.4501
vn -0.2903 0.8326 -0.4718
vn -0.3523 0.7899 -0.5020
vn -0.3726 0.7807 -0.5018
vn -0.3440 0.8018 -0.4887
vn -0.4303 0.7371 -0.5211
vn -0.4998 0.6666 -0.5531
vn -0.5416 0.6254 -0.5617
vn -0.5452 0.6341 -0.5484
vn -0.5893 0.5774 -0.5651
vn -0.6755 0.4334 -0.5965
vn -0.6941 0.3980 -0.5998
vn -0.7137 0.3788 -0.5892
vn -0.7310 0.3421 -0.5904
vn -0.7683 0.1827 -0.6135
vn -0.7829 0.0929 -0.6152
vn -0.7884 0.1110 -0.6051
vn -0.7979 0.0400 -0.6015
vn -0.7860 -0.0781 -0.6133
vn -0.7595 -0.2214 -0.6117
vn -0.7702 -0.2077 -0.6030
vn -0.7634 -0.2474 -0.5967
vn -0.7092 -0.3797 -0.5940
vn -0.6512 -0.4765 -0.5907
vn -0.6332 -0.5179 -0.5753
vn -0.6490 -0.5041 -0.5699
vn -0.5654 -0.6077 -0.5578
vn -0.4890 -0.6794 -0.5470
vn -0.4724 -0.7001 -0.5354
vn -0.4858 -0.7024 -0.5203
vn -0.4474 -0.7311 -0.5151
vn -0.3460 -0.7937 -0.5002
vn -0.3536 -0.7942 -0.4942
vn -0.3700 -0.7967 -0.4779
vn -0.3565 -0.8061 -0.4724
vn -0.2788 -0.8337 -0.4767
vn -0.2520 -0.8454 -0.4710
vn -0.2972 -0.8360 -0.4613
vn -0.2624 -0.8486 -0.4593
vn -0.1997 -0.8554 -0.4779
vn -0.1288 -0.8631 -0.4884
vn -0.1490 -0.8651 -0.4789
vn -0.1172 -0.8679 -0.4828
vn -0.0070 -0.8618 -0.5072
vn 0.0690 -0.8480 -0.5255
vn 0.1098 -0.8477 -0.5191
vn 0.1195 -0.8505 -0.5122
vn 0.2420 -0.8099 -0.5343
vn 0.3283 -0.7693 -0.5481
vn 0.3565 -0.7621 -0.5405
vn 0.3782 -0.7618 -0.5259
vn 0.4349 -0.7216 -0.5386
vn 0.5305 -0.6377 -0.5585
vn 0.5340 -0.6417 -0.5505
vn 0.5486 -0.6400 -0.5380
vn 0.5832 -0.6004 -0.5472
vn 0.6440 -0.5029 -0.5765
vn 0.6717 -0.4624 -0.5788
vn 0.6605 -0.4963 -0.5634
vn 0.7006 -0.4189 -0.5777
vn 0.7309 -0.3175 -0.6042
vn 0.7560 -0.2238 -0.6151
vn 0.7595 -0.2468 -0.6019
vn 0.7710 -0.1957 -0.6060
vn 0.7810 -0.0358 -0.6235
vn 0.7361 0.0317 -0.6761
vn 0.7455 0.0511 -0.6646
vn 0.7471 0.0701 -0.6610
vn 0.7148 0.2205 -0.6636
vn 0.6915 0.3008 -0.6568
vn 0.7042 0.2876 -0.6491
vn 0.6972 0.3285 -0.6371
vn 0.6543 0.4073 -0.6372
vn 0.5906 0.5102 -0.6252
vn 0.6071 0.4978 -0.6193
vn 0.5995 0.5180 -0.6102
vn 0.5353 0.5886 -0.6058
vn 0.4589 0.6504 -0.6052
vn 0.4322 0.6784 -0.5941
vn 0.4483 0.6710 -0.5905
vn 0.3516 0.7299 -0.5862
vn 0.2581 0.7674 -0.5869
vn 0.2075 0.7880 -0.5796
vn 0.2066 0.7971 -0.5675
vn 0.1435 0.8122 -0.5654
vn 0.0108 0.8297 -0.5580
vn -0.0168 0.8334 -0.5524
vn -0.0283 0.8451 -0.5338
vn -0.0500 0.8492 -0.5257
vn -0.1484 0.8364 -0.5277
vn -0.1874 0.8334 -0.5200
vn -0.1511 0.8499 -0.5048
vn -0.1717 0.8515 -0.4954
vn -0.2165 0.8325 -0.5099
vn -0.2754 0.8090 -0.5193
vn -0.2298 0.8336 -0.5023
vn -0.2303 0.8350 -0.4998
vn -0.2940 0.7982 -0.5259
vn -0.3430 0.7605 -0.5514
vn -0.3548 0.7580 -0.5473
vn -0.3300 0.7766 -0.5367
vn -0.4233 0.6996 -0.5757
vn -0.4854 0.6319 -0.6042
vn -0.5114 0.6080 -0.6073
vn -0.5186 0.6125 -0.5966
vn -0.5658 0.5454 -0.6184
vn -0.6471 0.4010 -0.6484
vn -0.6564 0.3883 -0.6468
vn -0.6741 0.3729 -0.6376
vn -0.6959 0.3185 -0.6436
vn -0.7286 0.1626 -0.6654
vn -0.7423 0.0910 -0.6639
vn -0.7468 0.1227 -0.6536
vn -0.7556 0.0329 -0.6542
vn -0.7418 -0.0883 -0.6648
vn -0.7205 -0.2095 -0.6611
vn -0.7350 -0.1850 -0.6523
vn -0.7246 -0.2326 -0.6487
vn -0.6652 -0.3775 -0.6442
vn -0.6191 -0.4555 -0.6397
vn -0.6114 -0.4850 -0.6254
vn -0.6216 -0.4774 -0.6211
vn -0.5322 -0.5892 -0.6080
vn -0.4649 -0.6559 -0.5947
vn -0.4656 -0.6636 -0.5855
vn -0.4723 -0.6716 -0.5709
vn -0.4253 -0.7064 -0.5658
vn -0.3294 -0.7685 -0.5485
vn -0.3517 -0.7628 -0.5426
vn -0.3673 -0.7655 -0.5283
vn -0.3384 -0.7819 -0.5236
vn -0.2643 -0.8078 -0.5268
vn -0.2483 -0.8182 -0.5186
vn -0.2965 -0.8075 -0.5100
vn -0.2470 -0.8230 -0.5116
vn -0.1818 -0.8286 -0.5295
vn -0.1257 -0.8343 -0.5368
vn -0.1492 -0.8370 -0.5264
vn -0.1095 -0.8378 -0.5348
vn 0.0076 -0.8282 -0.5604
vn 0.0658 -0.8160 -0.5743
vn 0.0974 -0.8183 -0.5665
vn 0.1143 -0.8182 -0.5635
vn 0.2398 -0.7723 -0.5883
vn 0.3163 -0.7361 -0.5984
vn 0.3298 -0.7384 -0.5883
vn 0.3595 -0.7328 -0.5778
vn 0.4205 -0.6861 -0.5937
vn 0.5095 -0.6061 -0.6108
vn 0.5037 -0.6229 -0.5986
vn 0.5194 -0.6189 -0.5892
vn 0.5629 -0.5650 -0.6033
vn 0.6161 -0.4737 -0.6294
vn 0.6381 -0.4464 -0.6274
vn 0.6256 -0.4834 -0.6123
vn 0.6697 -0.3891 -0.6326
vn 0.6966 -0.2890 -0.6566
vn 0.7160 -0.2191 -0.6629
vn 0.7198 -0.2440 -0.6498
vn 0.7306 -0.1823 -0.6580
vn 0.7383 -0.0171 -0.6742
vn 0.6957 0.0220 -0.7180
vn 0.7058 0.0348 -0.7076
vn 0.7043 0.0705 -0.7064
vn 0.6711 0.2189 -0.7083
vn 0.6552 0.2836 -0.7003
vn 0.6726 0.2565 -0.6941
vn 0.6593 0.3123 -0.6840
vn 0.6137 0.3953 -0.6834
vn 0.5603 0.4854 -0.6711
vn 0.5842 0.4643 -0.6657
vn 0.5713 0.4894 -0.6589
vn 0.4982 0.5699 -0.6534
vn 0.4340 0.6218 -0.6519
vn 0.4185 0.6435 -0.6410
vn 0.4306 0.6377 -0.6387
vn 0.3241 0.7016 -0.6346
vn 0.2379 0.7370 -0.6326
vn 0.2072 0.7519 -0.6259
vn 0.2024 0.7626 -0.6144
vn 0.1315 0.7786 -0.6136
vn 0.0021 0.7970 -0.6039
vn -0.0067 0.8018 -0.5976
vn -0.0156 0.8139 -0.5807
vn -0.0514 0.8171 -0.5742
vn -0.1471 0.8044 -0.5756
vn -0.1753 0.8062 -0.5651
vn -0.1325 0.8246 -0.5501
vn -0.1683 0.8215 -0.5448
vn -0.2167 0.8002 -0.5593
vn -0.2638 0.7820 -0.5648
vn -0.2147 0.8102 -0.5455
vn -0.2236 0.8061 -0.5480
vn -0.2968 0.7609 -0.5770
vn -0.3311 0.7311 -0.5965
vn -0.3359 0.7347 -0.5894
vn -0.3176 0.7481 -0.5826
vn -0.4155 0.6597 -0.6263
vn -0.4688 0.5981 -0.6500
vn -0.4800 0.5915 -0.6479
vn -0.4930 0.5880 -0.6412
vn -0.5422 0.5109 -0.6671
vn -0.6170 0.3705 -0.6942
vn -0.6180 0.3802 -0.6881
vn -0.6348 0.3647 -0.6812
vn -0.6607 0.2917 -0.6917
vn -0.6882 0.1443 -0.7110
vn -0.7013 0.0920 -0.7069
vn -0.7048 0.1326 -0.6969
vn -0.7124 0.0228 -0.7014
vn -0.6975 -0.0977 -0.7099
vn -0.6822 -0.1940 -0.7050
vn -0.6988 -0.1629 -0.6965
vn -0.6839 -0.2208 -0.6953
vn -0.6212 -0.3749 -0.6881
vn -0.5887 -0.4314 -0.6836
vn -0.5888 -0.4507 -0.6710
vn -0.5913 -0.4528 -0.6673
vn -0.4985 -0.5704 -0.6528
vn -0.4427 -0.6300 -0.6381
vn -0.4585 -0.6247 -0.6321
vn -0.4557 -0.6409 -0.6178
vn -0.4013 -0.6813 -0.6122
vn -0.3144 -0.7410 -0.5933
vn -0.3500 -0.7291 -0.5882
vn -0.3618 -0.7329 -0.5762
vn -0.3179 -0.7565 -0.5716
vn -0.2508 -0.7797 -0.5737
vn -0.2456 -0.7885 -0.5638
vn -0.2935 -0.7772 -0.5566
vn -0.2290 -0.7951 -0.5616
vn -0.1642 -0.7995 -0.5777
vn -0.1244 -0.8037 -0.5819
vn -0.1480 -0.8071 -0.5716
vn -0.0995 -0.8054 -0.5843
vn 0.0217 -0.7924 -0.6096
vn 0.0606 -0.7833 -0.6186
vn 0.0851 -0.7874 -0.6106
vn 0.1113 -0.7832 -0.6117
vn 0.2370 -0.7330 -0.6376
vn 0.3020 -0.7031 -0.6438
vn 0.3023 -0.7137 -0.6319
vn 0.3419 -0.7006 -0.6263
vn 0.4057 -0.6484 -0.6442
vn 0.4860 -0.5753 -0.6579
vn 0.4722 -0.6036 -0.6424
vn 0.4904 -0.5949 -0.6368
vn 0.5417 -0.5269 -0.6549
vn 0.5861 -0.4460 -0.6765
vn 0.6030 -0.4316 -0.6709
vn 0.5909 -0.4676 -0.6574
vn 0.6379 -0.3570 -0.6824
vn 0.6614 -0.2622 -0.7028
vn 0.6754 -0.2171 -0.7048
vn 0.6802 -0.2391 -0.6930
vn 0.6899 -0.1661 -0.7046
vn 0.6956 -0.0004 -0.7184
vn 0.6562 0.0098 -0.7545
vn 0.6659 0.0202 -0.7457
vn 0.6612 0.0741 -0.7465
vn 0.6285 0.2159 -0.7473
vn 0.6201 0.2637 -0.7389
vn 0.6402 0.2263 -0.7342
vn 0.6197 0.2986 -0.7258
vn 0.5732 0.3831 -0.7243
vn 0.5316 0.4578 -0.7126
vn 0.5602 0.4303 -0.7078
vn 0.5405 0.4621 -0.7031
vn 0.4604 0.5509 -0.6961
vn 0.4108 0.5909 -0.6944
vn 0.4046 0.6068 -0.6842
vn 0.4099 0.6047 -0.6829
vn 0.2957 0.6727 -0.6783
vn 0.2199 0.7052 -0.6741
vn 0.2081 0.7139 -0.6686
vn 0.1959 0.7272 -0.6579
vn 0.1178 0.7441 -0.6576
vn -0.0044 0.7633 -0.6461
vn 0.0050 0.7686 -0.6397
vn -0.0042 0.7807 -0.6250
vn -0.0545 0.7830 -0.6196
vn -0.1441 0.7711 -0.6202
vn -0.1609 0.7778 -0.6076
vn -0.1145 0.7968 -0.5933
vn -0.1661 0.7885 -0.5922
vn -0.2155 0.7661 -0.6055
vn -0.2491 0.7545 -0.6071
vn -0.1997 0.7848 -0.5868
vn -0.2180 0.7739 -0.5945
vn -0.2983 0.7215 -0.6249
vn -0.3166 0.7024 -0.6375
vn -0.3164 0.7106 -0.6285
vn -0.3069 0.7165 -0.6265
vn -0.4066 0.6182 -0.6727
vn -0.4501 0.5659 -0.6907
vn -0.4482 0.5756 -0.6840
vn -0.4687 0.5605 -0.6827
vn -0.5187 0.4746 -0.7111
vn -0.5856 0.3430 -0.7344
vn -0.5794 0.3736 -0.7244
vn -0.5962 0.3540 -0.7206
vn -0.6256 0.2622 -0.7348
vn -0.6478 0.1287 -0.7508
vn -0.6605 0.0957 -0.7447
vn -0.6628 0.1401 -0.7356
vn -0.6688 0.0100 -0.7434
vn -0.6538 -0.1057 -0.7493
vn -0.6448 -0.1749 -0.7441
vn -0.6618 -0.1423 -0.7360
vn -0.6421 -0.2120 -0.7367
vn -0.5781 -0.3714 -0.7265
vn -0.5601 -0.4042 -0.7232
vn -0.5653 -0.4158 -0.7124
vn -0.5586 -0.4310 -0.7086
vn -0.4650 -0.5514 -0.6926
vn -0.4226 -0.6017 -0.6778
vn -0.4506 -0.5842 -0.6751
vn -0.4362 -0.6109 -0.6608
vn -0.3762 -0.6561 -0.6543
vn -0.3014 -0.7112 -0.6351
vn -0.3479 -0.6933 -0.6311
vn -0.3533 -0.6993 -0.6214
vn -0.2953 -0.7300 -0.6163
vn -0.2386 -0.7495 -0.6175
vn -0.2435 -0.7567 -0.6067
vn -0.2877 -0.7455 -0.6012
vn -0.2089 -0.7653 -0.6088
vn -0.1475 -0.7687 -0.6224
vn -0.1248 -0.7715 -0.6238
vn -0.1449 -0.7755 -0.6145
vn -0.0873 -0.7710 -0.6308
vn 0.0346 -0.7553 -0.6545
vn 0.0535 -0.7504 -0.6589
vn 0.0735 -0.7552 -0.6514
vn 0.1107 -0.7460 -0.6567
vn 0.2333 -0.6928 -0.6824
vn 0.2856 -0.6706 -0.6846
vn 0.2748 -0.6880 -0.6716
vn 0.3257 -0.6655 -0.6716
vn 0.3906 -0.6093 -0.6901
vn 0.4601 -0.5462 -0.7000
vn 0.4401 -0.5838 -0.6823
vn 0.4621 -0.5679 -0.6811
vn 0.5199 -0.4869 -0.7019
vn 0.5546 -0.4205 -0.7181
vn 0.5671 -0.4178 -0.7098
vn 0.5568 -0.4488 -0.6990
vn 0.6056 -0.3234 -0.7271
vn 0.6256 -0.2379 -0.7430
vn 0.6348 -0.2175 -0.7414
vn 0.6410 -0.2316 -0.7318
vn 0.6494 -0.1476 -0.7460
vn 0.6536 0.0137 -0.7567
vn 0.6178 -0.0041 -0.7864
vn 0.6263 0.0080 -0.7795
vn 0.6184 0.0806 -0.7818
vn 0.5873 0.2111 -0.7813
vn 0.5863 0.2416 -0.7732
vn 0.6070 0.1979 -0.7697
vn 0.5790 0.2876 -0.7629
vn 0.5336 0.3705 -0.7603
vn 0.5045 0.4274 -0.7502
vn 0.5352 0.3967 -0.7458
vn 0.5076 0.4366 -0.7428
vn 0.4226 0.5316 -0.7340
vn 0.3897 0.5578 -0.7328
vn 0.3905 0.5689 -0.7237
vn 0.3865 0.5726 -0.7230
vn 0.2671 0.6433 -0.7176
vn 0.2044 0.6721 -0.7117
vn 0.2097 0.6745 -0.7079
vn 0.1869 0.6914 -0.6979
vn 0.1030 0.7091 -0.6976
vn -0.0083 0.7288 -0.6847
vn 0.0179 0.7342 -0.6787
vn 0.0054 0.7456 -0.6664
vn -0.0593 0.7474 -0.6617
vn -0.1390 0.7370 -0.6614
vn -0.1445 0.7483 -0.6474
vn -0.0978 0.7667 -0.6345
vn -0.1650 0.7528 -0.6372
vn -0.2127 0.7309 -0.6485
vn -0.2318 0.7268 -0.6465
vn -0.1853 0.7572 -0.6263
vn -0.2136 0.7388 -0.6392
vn -0.2980 0.6807 -0.6692
vn -0.2997 0.6746 -0.6746
vn -0.2968 0.6855 -0.6649
vn -0.2979 0.6815 -0.6684
vn -0.3963 0.5761 -0.7149
vn -0.4294 0.5360 -0.7268
vn -0.4165 0.5600 -0.7162
vn -0.4460 0.5298 -0.7214
vn -0.4953 0.4372 -0.7506
vn -0.5533 0.3192 -0.7694
vn -0.5413 0.3677 -0.7562
vn -0.5588 0.3403 -0.7562
vn -0.5909 0.2306 -0.7731
vn -0.6079 0.1165 -0.7854
vn -0.6200 0.1015 -0.7780
vn -0.6213 0.1445 -0.7701
vn -0.6253 -0.0051 -0.7804
vn -0.6113 -0.1113 -0.7835
vn -0.6086 -0.1525 -0.7787
vn -0.6243 -0.1240 -0.7713
vn -0.5997 -0.2061 -0.7732
vn -0.5367 -0.3665 -0.7600
vn -0.5332 -0.3742 -0.7587
vn -0.5408 -0.3812 -0.7498
vn -0.5240 -0.4122 -0.7454
vn -0.4325 -0.5319 -0.7280
vn -0.4047 -0.5710 -0.7143
vn -0.4415 -0.5426 -0.7146
vn -0.4138 -0.5821 -0.7000
vn -0.3507 -0.6307 -0.6923
vn -0.2906 -0.6791 -0.6741
vn -0.3451 -0.6560 -0.6712
vn -0.3416 -0.6654 -0.6637
vn -0.2714 -0.7027 -0.6577
vn -0.2281 -0.7175 -0.6582
vn -0.2418 -0.7230 -0.6472
vn -0.2790 -0.7127 -0.6436
vn -0.1871 -0.7337 -0.6531
vn -0.1322 -0.7363 -0.6636
vn -0.1266 -0.7380 -0.6628
vn -0.1396 -0.7424 -0.6552
vn -0.0733 -0.7348 -0.6743
vn 0.0457 -0.7173 -0.6952
vn 0.0446 -0.7174 -0.6953
vn 0.0630 -0.7217 -0.6893
vn 0.1125 -0.7067 -0.6986
vn 0.2284 -0.6526 -0.7225
vn 0.2674 -0.6392 -0.7211
vn 0.2481 -0.6613 -0.7079
vn 0.3111 -0.6278 -0.7135
vn 0.3750 -0.5697 -0.7313
vn 0.4323 -0.5191 -0.7374
vn 0.4081 -0.5632 -0.7185
vn 0.4347 -0.5381 -0.7221
vn 0.4976 -0.4460 -0.7439
vn 0.5218 -0.3979 -0.7546
vn 0.5308 -0.4047 -0.7447
vn 0.5237 -0.4267 -0.7373
vn 0.5731 -0.2892 -0.7668
vn 0.5898 -0.2168 -0.7779
vn 0.5945 -0.2198 -0.7735
vn 0.6025 -0.2212 -0.7668
vn 0.6095 -0.1274 -0.7825
vn 0.6129 0.0245 -0.7898
vn 0.5804 -0.0193 -0.8141
vn 0.5871 -0.0012 -0.8095
vn 0.5760 0.0895 -0.8125
vn 0.5482 0.2039 -0.8111
vn 0.5538 0.2176 -0.8037
vn 0.5733 0.1721 -0.8011
vn 0.5377 0.2790 -0.7956
vn 0.4954 0.3570 -0.7919
vn 0.4791 0.3946 -0.7841
vn 0.5090 0.3643 -0.7798
vn 0.4729 0.4132 -0.7782
vn 0.3859 0.5118 -0.7676
vn 0.3709 0.5228 -0.7675
vn 0.3759 0.5306 -0.7597
vn 0.3605 0.5420 -0.7591
vn 0.2391 0.6136 -0.7526
vn 0.1917 0.6379 -0.7459
vn 0.2115 0.6340 -0.7438
vn 0.1753 0.6556 -0.7345
vn 0.0877 0.6740 -0.7335
vn -0.0093 0.6937 -0.7202
vn 0.0315 0.6986 -0.7148
vn 0.0128 0.7091 -0.7050
vn -0.0652 0.7106 -0.7005
vn -0.1315 0.7025 -0.6994
vn -0.1264 0.7177 -0.6847
vn -0.0829 0.7344 -0.6737
vn -0.1648 0.7147 -0.6797
vn -0.2080 0.6951 -0.6882
vn -0.2119 0.6990 -0.6830
vn -0.1719 0.7275 -0.6643
vn -0.2100 0.7009 -0.6817
vn -0.2956 0.6395 -0.7097
vn -0.2806 0.6480 -0.7081
vn -0.2775 0.6591 -0.6990
vn -0.2904 0.6433 -0.7084
vn -0.3844 0.5344 -0.7528
vn -0.4070 0.5086 -0.7587
vn -0.3855 0.5442 -0.7452
vn -0.4249 0.4958 -0.7574
vn -0.4720 0.3996 -0.7858
vn -0.5201 0.2994 -0.7999
vn -0.5039 0.3622 -0.7842
vn -0.5229 0.3234 -0.7886
vn -0.5567 0.1979 -0.8068
vn -0.5687 0.1083 -0.8154
vn -0.5800 0.1091 -0.8073
vn -0.5807 0.1452 -0.8011
vn -0.5823 -0.0217 -0.8127
vn -0.5706 -0.1141 -0.8132
vn -0.5733 -0.1274 -0.8094
vn -0.5864 -0.1087 -0.8027
vn -0.5573 -0.2031 -0.8051
vn -0.4976 -0.3595 -0.7894
vn -0.5079 -0.3416 -0.7908
vn -0.5152 -0.3477 -0.7834
vn -0.4878 -0.3966 -0.7777
vn -0.4017 -0.5115 -0.7596
vn -0.3886 -0.5380 -0.7480
vn -0.4306 -0.5010 -0.7507
vn -0.3888 -0.5549 -0.7355
vn -0.3253 -0.6052 -0.7266
vn -0.2819 -0.6446 -0.7106
vn -0.3408 -0.6177 -0.7087
vn -0.3266 -0.6316 -0.7032
vn -0.2467 -0.6746 -0.6957
vn -0.2195 -0.6836 -0.6961
vn -0.2400 -0.6874 -0.6855
vn -0.2670 -0.6790 -0.6838
vn -0.1644 -0.7007 -0.6943
vn -0.1189 -0.7028 -0.7014
vn -0.1295 -0.7034 -0.6989
vn -0.1319 -0.7080 -0.6938
vn -0.0579 -0.6972 -0.7146
vn 0.0545 -0.6792 -0.7319
vn 0.0343 -0.6845 -0.7282
vn 0.0543 -0.6871 -0.7246
vn 0.1163 -0.6657 -0.7371
vn 0.2220 -0.6131 -0.7582
vn 0.2475 -0.6088 -0.7537
vn 0.2227 -0.6334 -0.7411
vn 0.2982 -0.5879 -0.7520
vn 0.3590 -0.5305 -0.7679
vn 0.4027 -0.4943 -0.7704
vn 0.3768 -0.5416 -0.7515
vn 0.4087 -0.5058 -0.7597
vn 0.4749 -0.4053 -0.7811
vn 0.4881 -0.3785 -0.7864
vn 0.4945 -0.3918 -0.7759
vn 0.4920 -0.4015 -0.7725
vn 0.5406 -0.2554 -0.8015
vn 0.5543 -0.1994 -0.8081
vn 0.5548 -0.2233 -0.8015
vn 0.5650 -0.2076 -0.7985
vn 0.5705 -0.1061 -0.8144
vn 0.5737 0.0315 -0.8185
vn 0.5441 -0.0348 -0.8383
vn 0.5484 -0.0070 -0.8362
vn 0.5345 0.1003 -0.8392
vn 0.5113 0.1938 -0.8373
vn 0.5224 0.1923 -0.8308
vn 0.5391 0.1497 -0.8288
vn 0.4964 0.2727 -0.8242
vn 0.4593 0.3421 -0.8198
vn 0.4552 0.3597 -0.8145
vn 0.4817 0.3339 -0.8102
vn 0.4371 0.3919 -0.8095
vn 0.3508 0.4913 -0.7972
vn 0.3543 0.4861 -0.7989
vn 0.3604 0.4924 -0.7923
vn 0.3322 0.5132 -0.7914
vn 0.2126 0.5837 -0.7837
vn 0.1819 0.6026 -0.7771
vn 0.2131 0.5929 -0.7766
vn 0.1610 0.6202 -0.7677
vn 0.0724 0.6390 -0.7658
vn -0.0071 0.6580 -0.7530
vn 0.0451 0.6620 -0.7481
vn 0.0177 0.6714 -0.7409
vn -0.0720 0.6731 -0.7361
vn -0.1214 0.6677 -0.7344
vn -0.1073 0.6860 -0.7197
vn -0.0703 0.6999 -0.7108
vn -0.1651 0.6747 -0.7194
vn -0.2009 0.6592 -0.7246
vn -0.1900 0.6709 -0.7167
vn -0.1599 0.6952 -0.7008
vn -0.2069 0.6605 -0.7218
vn -0.2906 0.5985 -0.7465
vn -0.2595 0.6225 -0.7384
vn -0.2589 0.6310 -0.7313
vn -0.2841 0.6020 -0.7462
vn -0.3707 0.4939 -0.7865
vn -0.3831 0.4839 -0.7868
vn -0.3556 0.5275 -0.7715
vn -0.4052 0.4585 -0.7909
vn -0.4486 0.3627 -0.8168
vn -0.4864 0.2840 -0.8263
vn -0.4676 0.3562 -0.8090
vn -0.4885 0.3033 -0.8181
vn -0.5231 0.1649 -0.8362
vn -0.5303 0.1044 -0.8414
vn -0.5407 0.1175 -0.8329
vn -0.5411 0.1417 -0.8289
vn -0.5403 -0.0391 -0.8406
vn -0.5318 -0.1135 -0.8392
vn -0.5389 -0.1001 -0.8364
vn -0.5482 -0.0971 -0.8307
vn -0.5152 -0.2025 -0.8328
vn -0.4613 -0.3499 -0.8154
vn -0.4838 -0.3068 -0.8196
vn -0.4882 -0.3163 -0.8134
vn -0.4505 -0.3841 -0.8059
vn -0.3731 -0.4898 -0.7880
vn -0.3742 -0.5028 -0.7792
vn -0.4177 -0.4600 -0.7836
vn -0.3615 -0.5296 -0.7674
vn -0.3009 -0.5793 -0.7576
vn -0.2751 -0.6077 -0.7450
vn -0.3347 -0.5788 -0.7436
vn -0.3086 -0.5981 -0.7396
vn -0.2218 -0.6459 -0.7305
vn -0.2130 -0.6479 -0.7313
vn -0.2375 -0.6504 -0.7215
vn -0.2518 -0.6449 -0.7216
vn -0.1414 -0.6664 -0.7320
vn -0.1079 -0.6684 -0.7360
vn -0.1331 -0.6677 -0.7324
vn -0.1214 -0.6723 -0.7302
vn -0.0416 -0.6585 -0.7514
vn 0.0606 -0.6413 -0.7649
vn 0.0232 -0.6518 -0.7580
vn 0.0477 -0.6512 -0.7574
vn 0.1219 -0.6234 -0.7724
vn 0.2138 -0.5749 -0.7898
vn 0.2265 -0.5796 -0.7828
vn 0.1993 -0.6042 -0.7715
vn 0.2871 -0.5462 -0.7870
vn 0.3423 -0.4925 -0.8002
vn 0.3716 -0.4720 -0.7995
vn 0.3467 -0.5185 -0.7816
vn 0.3841 -0.4711 -0.7941
vn 0.4519 -0.3657 -0.8137
vn 0.4537 -0.3624 -0.8141
vn 0.4586 -0.3787 -0.8039
vn 0.4617 -0.3730 -0.8048
vn 0.5085 -0.2229 -0.8317
vn 0.5192 -0.1859 -0.8342
vn 0.5158 -0.2273 -0.8260
vn 0.5287 -0.1906 -0.8272
vn 0.5327 -0.0845 -0.8421
vn 0.5361 0.0344 -0.8434
vn 0.5088 -0.0501 -0.8594
vn 0.5104 -0.0091 -0.8599
vn 0.4942 0.1123 -0.8621
vn 0.4767 0.1807 -0.8603
vn 0.4919 0.1661 -0.8546
vn 0.5047 0.1311 -0.8533
vn 0.4553 0.2681 -0.8490
vn 0.4255 0.3256 -0.8443
vn 0.4328 0.3231 -0.8416
vn 0.4531 0.3060 -0.8373
vn 0.4006 0.3728 -0.8369
vn 0.3182 0.4697 -0.8235
vn 0.3398 0.4478 -0.8270
vn 0.3437 0.4550 -0.8215
vn 0.3019 0.4864 -0.8199
vn 0.1883 0.5535 -0.8113
vn 0.1749 0.5662 -0.8055
vn 0.2138 0.5515 -0.8063
vn 0.1442 0.5856 -0.7976
vn 0.0580 0.6044 -0.7946
vn -0.0017 0.6218 -0.7832
vn 0.0580 0.6246 -0.7788
vn 0.0198 0.6330 -0.7739
vn -0.0791 0.6352 -0.7683
vn -0.1085 0.6330 -0.7665
vn -0.0875 0.6531 -0.7522
vn -0.0604 0.6635 -0.7458
vn -0.1656 0.6333 -0.7560
vn -0.1915 0.6237 -0.7578
vn -0.1664 0.6426 -0.7479
vn -0.1496 0.6604 -0.7359
vn -0.2042 0.6181 -0.7591
vn -0.2829 0.5587 -0.7797
vn -0.2370 0.5979 -0.7657
vn -0.2415 0.6008 -0.7620
vn -0.2788 0.5577 -0.7818
vn -0.3551 0.4556 -0.8163
vn -0.3578 0.4618 -0.8116
vn -0.3272 0.5095 -0.7959
vn -0.3868 0.4182 -0.8219
vn -0.4249 0.3273 -0.8440
vn -0.4521 0.2730 -0.8492
vn -0.4327 0.3490 -0.8312
vn -0.4558 0.2799 -0.8450
vn -0.4901 0.1326 -0.8615
vn -0.4927 0.1050 -0.8638
vn -0.5022 0.1262 -0.8555
vn -0.5027 0.1337 -0.8541
vn -0.4994 -0.0565 -0.8645
vn -0.4951 -0.1090 -0.8620
vn -0.5052 -0.0714 -0.8600
vn -0.5099 -0.0899 -0.8555
vn -0.4740 -0.2039 -0.8566
vn -0.4278 -0.3370 -0.8387
vn -0.4605 -0.2704 -0.8455
vn -0.4597 -0.2875 -0.8402
vn -0.4127 -0.3745 -0.8303
vn -0.3470 -0.4663 -0.8137
vn -0.3609 -0.4655 -0.8081
vn -0.4024 -0.4205 -0.8132
vn -0.3324 -0.5061 -0.7959
vn -0.2778 -0.5527 -0.7857
vn -0.2700 -0.5683 -0.7772
vn -0.3263 -0.5399 -0.7759
vn -0.2877 -0.5654 -0.7730
vn -0.1975 -0.6164 -0.7622
vn -0.2084 -0.6106 -0.7640
vn -0.2339 -0.6122 -0.7553
vn -0.2332 -0.6105 -0.7569
vn -0.1188 -0.6312 -0.7665
vn -0.0994 -0.6332 -0.7675
vn -0.1368 -0.6312 -0.7634
vn -0.1081 -0.6355 -0.7645
vn -0.0250 -0.6192 -0.7848
vn 0.0635 -0.6041 -0.7944
vn 0.0115 -0.6192 -0.7851
vn 0.0435 -0.6142 -0.7879
vn 0.1290 -0.5802 -0.8042
vn 0.2035 -0.5386 -0.8176
vn 0.2045 -0.5514 -0.8088
vn 0.1784 -0.5736 -0.7995
vn 0.2775 -0.5031 -0.8185
vn 0.3248 -0.4565 -0.8283
vn 0.3392 -0.4521 -0.8250
vn 0.3183 -0.4937 -0.8092
vn 0.3612 -0.4345 -0.8251
vn 0.4286 -0.3281 -0.8418
vn 0.4188 -0.3496 -0.8381
vn 0.4235 -0.3648 -0.8292
vn 0.4330 -0.3414 -0.8343
vn 0.4769 -0.1924 -0.8576
vn 0.4846 -0.1762 -0.8568
vn 0.4777 -0.2309 -0.8476
vn 0.4935 -0.1702 -0.8530
vn 0.4962 -0.0633 -0.8659
vn 0.5002 0.0329 -0.8653
vn 0.4745 -0.0642 -0.8779
vn 0.4731 -0.0075 -0.8810
vn 0.4552 0.1245 -0.8816
vn 0.4445 0.1640 -0.8807
vn 0.4622 0.1399 -0.8756
vn 0.4699 0.1168 -0.8750
vn 0.4151 0.2648 -0.8704
vn 0.3943 0.3071 -0.8661
vn 0.4116 0.2853 -0.8656
vn 0.4232 0.2814 -0.8612
vn 0.3640 0.3557 -0.8608
vn 0.2884 0.4467 -0.8469
vn 0.3273 0.4083 -0.8522
vn 0.3256 0.4191 -0.8476
vn 0.2701 0.4618 -0.8449
vn 0.1668 0.5228 -0.8360
vn 0.1706 0.5289 -0.8314
vn 0.2131 0.5105 -0.8330
vn 0.1251 0.5520 -0.8244
vn 0.0449 0.5701 -0.8203
vn 0.0068 0.5848 -0.8111
vn 0.0695 0.5867 -0.8068
vn 0.0190 0.5942 -0.8041
vn -0.0859 0.5972 -0.7975
vn -0.0927 0.5982 -0.7960
vn -0.0678 0.6189 -0.7825
vn -0.0534 0.6252 -0.7786
vn -0.1659 0.5910 -0.7894
vn -0.1794 0.5889 -0.7881
vn -0.1418 0.6137 -0.7767
vn -0.1415 0.6227 -0.7696
vn -0.2015 0.5742 -0.7936
vn -0.2721 0.5206 -0.8093
vn -0.2133 0.5741 -0.7905
vn -0.2253 0.5682 -0.7915
vn -0.2740 0.5109 -0.8148
vn -0.3372 0.4204 -0.8424
vn -0.3315 0.4419 -0.8336
vn -0.3005 0.4893 -0.8187
vn -0.3692 0.3751 -0.8503
vn -0.4009 0.2943 -0.8676
vn -0.4175 0.2661 -0.8689
vn -0.3995 0.3398 -0.8514
vn -0.4245 0.2534 -0.8693
vn -0.4577 0.1019 -0.8832
vn -0.4560 0.1102 -0.8831
vn -0.4646 0.1341 -0.8753
vn -0.4655 0.1210 -0.8768
vn -0.4600 -0.0729 -0.8849
vn -0.4602 -0.1004 -0.8821
vn -0.4720 -0.0424 -0.8806
vn -0.4714 -0.0875 -0.8776
vn -0.4340 -0.2065 -0.8769
vn -0.3972 -0.3203 -0.8600
vn -0.4375 -0.2332 -0.8685
vn -0.4299 -0.2623 -0.8640
vn -0.3750 -0.3672 -0.8512
vn -0.3236 -0.4403 -0.8375
vn -0.3482 -0.4264 -0.8348
vn -0.3843 -0.3833 -0.8399
vn -0.3019 -0.4843 -0.8212
vn -0.2566 -0.5250 -0.8115
vn -0.2662 -0.5265 -0.8075
vn -0.3150 -0.5017 -0.8056
vn -0.2642 -0.5336 -0.8034
vn -0.1744 -0.5862 -0.7912
vn -0.2058 -0.5717 -0.7943
vn -0.2287 -0.5732 -0.7868
vn -0.2115 -0.5760 -0.7896
vn -0.0973 -0.5952 -0.7976
vn -0.0936 -0.5975 -0.7964
vn -0.1401 -0.5940 -0.7922
vn -0.0918 -0.5977 -0.7965
vn -0.0086 -0.5797 -0.8148
vn 0.0631 -0.5678 -0.8208
vn -0.0000 -0.5866 -0.8099
vn 0.0419 -0.5761 -0.8163
vn 0.1369 -0.5366 -0.8327
vn 0.1908 -0.5046 -0.8420
vn 0.1822 -0.5239 -0.8321
vn 0.1606 -0.5412 -0.8254
vn 0.2692 -0.4593 -0.8465
vn 0.3063 -0.4230 -0.8528
vn 0.3060 -0.4342 -0.8473
vn 0.2922 -0.4668 -0.8347
vn 0.3400 -0.3964 -0.8528
vn 0.4048 -0.2934 -0.8660
vn 0.3835 -0.3398 -0.8588
vn 0.3895 -0.3495 -0.8521
vn 0.4059 -0.3070 -0.8608
vn 0.4458 -0.1650 -0.8798
vn 0.4505 -0.1702 -0.8764
vn 0.4407 -0.2334 -0.8668
vn 0.4595 -0.1464 -0.8760
vn 0.4612 -0.0434 -0.8863
vn 0.4658 0.0270 -0.8845
vn 0.4410 -0.0764 -0.8942
vn 0.4365 -0.0023 -0.8997
vn 0.4179 0.1363 -0.8982
vn 0.4144 0.1438 -0.8987
vn 0.4331 0.1142 -0.8941
vn 0.4349 0.1070 -0.8941
vn 0.3760 0.2620 -0.8888
vn 0.3659 0.2862 -0.8856
vn 0.3912 0.2469 -0.8866
vn 0.3918 0.2606 -0.8824
vn 0.3276 0.3404 -0.8814
vn 0.2620 0.4220 -0.8679
vn 0.3161 0.3680 -0.8744
vn 0.3058 0.3851 -0.8707
vn 0.2371 0.4393 -0.8665
vn 0.1487 0.4914 -0.8581
vn 0.1685 0.4905 -0.8550
vn 0.2105 0.4704 -0.8570
vn 0.1040 0.5196 -0.8481
vn 0.0339 0.5362 -0.8434
vn 0.0184 0.5471 -0.8369
vn 0.0789 0.5484 -0.8325
vn 0.0153 0.5552 -0.8316
vn -0.0918 0.5594 -0.8238
vn -0.0741 0.5635 -0.8228
vn -0.0487 0.5835 -0.8106
vn -0.0498 0.5854 -0.8092
vn -0.1655 0.5484 -0.8197
vn -0.1646 0.5549 -0.8155
vn -0.1166 0.5841 -0.8032
vn -0.1356 0.5822 -0.8017
vn -0.1984 0.5294 -0.8249
vn -0.2581 0.4848 -0.8357
vn -0.1889 0.5505 -0.8132
vn -0.2107 0.5327 -0.8196
vn -0.2694 0.4621 -0.8449
vn -0.3171 0.3888 -0.8651
vn -0.3043 0.4238 -0.8531
vn -0.2758 0.4665 -0.8404
vn -0.3522 0.3299 -0.8758
vn -0.3763 0.2645 -0.8879
vn -0.3825 0.2629 -0.8858
vn -0.3679 0.3277 -0.8702
vn -0.3945 0.2242 -0.8911
vn -0.4259 0.0741 -0.9017
vn -0.4201 0.1195 -0.8996
vn -0.4280 0.1402 -0.8929
vn -0.4294 0.1035 -0.8972
vn -0.4222 -0.0874 -0.9023
vn -0.4270 -0.0878 -0.9000
vn -0.4391 -0.0140 -0.8983
vn -0.4328 -0.0901 -0.8970
vn -0.3956 -0.2095 -0.8942
vn -0.3694 -0.2992 -0.8798
vn -0.4143 -0.1959 -0.8888
vn -0.3986 -0.2409 -0.8849
vn -0.3377 -0.3616 -0.8690
vn -0.3030 -0.4112 -0.8597
vn -0.3355 -0.3857 -0.8594
vn -0.3635 -0.3492 -0.8637
vn -0.2705 -0.4641 -0.8435
vn -0.2375 -0.4958 -0.8353
vn -0.2631 -0.4822 -0.8356
vn -0.3006 -0.4648 -0.8328
vn -0.2385 -0.5028 -0.8309
vn -0.1531 -0.5550 -0.8177
vn -0.2047 -0.5312 -0.8222
vn -0.2213 -0.5338 -0.8162
vn -0.1868 -0.5417 -0.8195
vn -0.0778 -0.5588 -0.8257
vn -0.0904 -0.5612 -0.8227
vn -0.1424 -0.5562 -0.8188
vn -0.0726 -0.5589 -0.8260
vn 0.0069 -0.5402 -0.8415
vn 0.0592 -0.5324 -0.8444
vn -0.0109 -0.5539 -0.8325
vn 0.0430 -0.5368 -0.8426
vn 0.1451 -0.4930 -0.8578
vn 0.1754 -0.4731 -0.8634
vn 0.1598 -0.4969 -0.8530
vn 0.1460 -0.5071 -0.8494
vn 0.2619 -0.4153 -0.8711
vn 0.2866 -0.3925 -0.8740
vn 0.2722 -0.4180 -0.8667
vn 0.2687 -0.4373 -0.8582
vn 0.3204 -0.3574 -0.8773
vn 0.3806 -0.2623 -0.8868
vn 0.3480 -0.3324 -0.8766
vn 0.3571 -0.3322 -0.8730
vn 0.3807 -0.2701 -0.8844
vn 0.4153 -0.1414 -0.8986
vn 0.4169 -0.1675 -0.8934
vn 0.4049 -0.2340 -0.8839
vn 0.4267 -0.1196 -0.8964
vn 0.4276 -0.0256 -0.9036
vn 0.4327 0.0168 -0.9014
vn 0.4084 -0.0859 -0.9088
vn 0.4008 0.0063 -0.9162
vn 0.3822 0.1466 -0.9124
vn 0.3864 0.1200 -0.9145
vn 0.4043 0.0899 -0.9102
vn 0.3996 0.1019 -0.9110
vn 0.3386 0.2589 -0.9046
vn 0.3402 0.2627 -0.9029
vn 0.3713 0.2087 -0.9047
vn 0.3589 0.2439 -0.9010
vn 0.2920 0.3264 -0.8990
vn 0.2393 0.3950 -0.8869
vn 0.3060 0.3274 -0.8940
vn 0.2840 0.3537 -0.8912
vn 0.2035 0.4188 -0.8850
vn 0.1346 0.4589 -0.8782
vn 0.1682 0.4513 -0.8764
vn 0.2053 0.4315 -0.8784
vn 0.0814 0.4883 -0.8689
vn 0.0257 0.5025 -0.8642
vn 0.0328 0.5083 -0.8606
vn 0.0856 0.5100 -0.8559
vn 0.0090 0.5163 -0.8563
vn -0.0962 0.5220 -0.8475
vn -0.0528 0.5287 -0.8472
vn -0.0311 0.5469 -0.8366
vn -0.0494 0.5441 -0.8375
vn -0.1638 0.5060 -0.8469
vn -0.1473 0.5218 -0.8402
vn -0.0915 0.5536 -0.8278
vn -0.1323 0.5386 -0.8321
vn -0.1946 0.4844 -0.8530
vn -0.2408 0.4517 -0.8591
vn -0.1643 0.5266 -0.8341
vn -0.1978 0.4942 -0.8465
vn -0.2647 0.4119 -0.8719
vn -0.2944 0.3614 -0.8847
vn -0.2764 0.4070 -0.8706
vn -0.2531 0.4404 -0.8614
vn -0.3355 0.2833 -0.8984
vn -0.3510 0.2388 -0.9054
vn -0.3473 0.2629 -0.9002
vn -0.3382 0.3119 -0.8879
vn -0.3657 0.1927 -0.9105
vn -0.3948 0.0499 -0.9174
vn -0.3848 0.1325 -0.9134
vn -0.3923 0.1434 -0.9086
vn -0.3946 0.0812 -0.9153
vn -0.3861 -0.0989 -0.9171
vn -0.3953 -0.0712 -0.9158
vn -0.4065 0.0125 -0.9135
vn -0.3943 -0.0979 -0.9137
vn -0.3590 -0.2120 -0.9089
vn -0.3440 -0.2733 -0.8983
vn -0.3907 -0.1597 -0.9066
vn -0.3660 -0.2239 -0.9033
vn -0.3014 -0.3570 -0.8842
vn -0.2852 -0.3784 -0.8806
vn -0.3225 -0.3440 -0.8819
vn -0.3397 -0.3189 -0.8848
vn -0.2387 -0.4449 -0.8632
vn -0.2209 -0.4646 -0.8575
vn -0.2604 -0.4360 -0.8615
vn -0.2826 -0.4297 -0.8576
vn -0.2112 -0.4731 -0.8553
vn -0.1341 -0.5226 -0.8420
vn -0.2049 -0.4893 -0.8477
vn -0.2113 -0.4942 -0.8433
vn -0.1594 -0.5078 -0.8466
vn -0.0608 -0.5219 -0.8508
vn -0.0896 -0.5244 -0.8467
vn -0.1432 -0.5178 -0.8434
vn -0.0509 -0.5195 -0.8530
vn 0.0207 -0.5013 -0.8650
vn 0.0517 -0.4981 -0.8656
vn -0.0204 -0.5207 -0.8535
vn 0.0468 -0.4964 -0.8668
vn 0.1530 -0.4500 -0.8798
vn 0.1573 -0.4442 -0.8820
vn 0.1381 -0.4699 -0.8719
vn 0.1351 -0.4710 -0.8717
vn 0.2552 -0.3719 -0.8925
vn 0.2654 -0.3652 -0.8923
vn 0.2384 -0.4030 -0.8836
vn 0.2483 -0.4050 -0.8800
vn 0.3023 -0.3181 -0.8986
vn 0.3557 -0.2353 -0.9045
vn 0.3127 -0.3269 -0.8919
vn 0.3266 -0.3122 -0.8921
vn 0.3571 -0.2312 -0.9050
vn 0.3851 -0.1222 -0.9147
vn 0.3836 -0.1676 -0.9082
vn 0.3704 -0.2319 -0.8995
vn 0.3952 -0.0902 -0.9141
vn 0.3955 -0.0109 -0.9184
vn 0.4006 0.0025 -0.9162
vn 0.3764 -0.0919 -0.9219
vn 0.3658 0.0181 -0.9305
vn 0.3484 0.1548 -0.9245
vn 0.3601 0.0927 -0.9283
vn 0.3755 0.0678 -0.9243
vn 0.3640 0.1016 -0.9259
vn 0.3032 0.2550 -0.9182
vn 0.3170 0.2366 -0.9184
vn 0.3517 0.1714 -0.9203
vn 0.3243 0.2318 -0.9171
vn 0.2578 0.3133 -0.9140
vn 0.2204 0.3655 -0.9043
vn 0.2963 0.2870 -0.9110
vn 0.2601 0.3252 -0.9092
vn 0.1699 0.4001 -0.9006
vn 0.1248 0.4249 -0.8966
vn 0.1692 0.4112 -0.8957
vn 0.1971 0.3945 -0.8975
vn 0.0579 0.4583 -0.8869
vn 0.0206 0.4687 -0.8831
vn 0.0495 0.4684 -0.8821
vn 0.0889 0.4718 -0.8772
vn 0.0004 0.4778 -0.8785
vn -0.0985 0.4851 -0.8689
vn -0.0291 0.4937 -0.8692
vn -0.0157 0.5090 -0.8606
vn -0.0524 0.5017 -0.8635
vn -0.1603 0.4643 -0.8710
vn -0.1274 0.4897 -0.8625
vn -0.0673 0.5217 -0.8504
vn -0.1317 0.4922 -0.8604
vn -0.1896 0.4399 -0.8778
vn -0.2201 0.4214 -0.8798
vn -0.1399 0.5021 -0.8534
vn -0.1864 0.4526 -0.8720
vn -0.2593 0.3613 -0.8957
vn -0.2692 0.3387 -0.9015
vn -0.2483 0.3907 -0.8864
vn -0.2325 0.4105 -0.8817
vn -0.3186 0.2362 -0.9180
vn -0.3248 0.2176 -0.9204
vn -0.3120 0.2652 -0.9123
vn -0.3104 0.2915 -0.9048
vn -0.3380 0.1596 -0.9275
vn -0.3641 0.0304 -0.9309
vn -0.3501 0.1485 -0.9249
vn -0.3578 0.1428 -0.9228
vn -0.3608 0.0546 -0.9310
vn -0.3519 -0.1063 -0.9300
vn -0.3648 -0.0511 -0.9297
vn -0.3742 0.0359 -0.9267
vn -0.3560 -0.1105 -0.9279
vn -0.3246 -0.2128 -0.9216
vn -0.3207 -0.2422 -0.9157
vn -0.3663 -0.1256 -0.9220
vn -0.3323 -0.2113 -0.9192
vn -0.2666 -0.3523 -0.8971
vn -0.2700 -0.3412 -0.9004
vn -0.3084 -0.3020 -0.9020
vn -0.3130 -0.2928 -0.9035
vn -0.2073 -0.4264 -0.8805
vn -0.2067 -0.4310 -0.8783
vn -0.2574 -0.3881 -0.8849
vn -0.2610 -0.3970 -0.8799
vn -0.1828 -0.4444 -0.8770
vn -0.1179 -0.4888 -0.8644
vn -0.2058 -0.4462 -0.8710
vn -0.1982 -0.4550 -0.8681
vn -0.1299 -0.4745 -0.8706
vn -0.0472 -0.4847 -0.8734
vn -0.0910 -0.4871 -0.8686
vn -0.1418 -0.4792 -0.8662
vn -0.0269 -0.4794 -0.8772
vn 0.0322 -0.4632 -0.8857
vn 0.0408 -0.4647 -0.8845
vn -0.0279 -0.4870 -0.8729
vn 0.0531 -0.4551 -0.8888
vn 0.1598 -0.4082 -0.8988
vn 0.1362 -0.4178 -0.8983
vn 0.1175 -0.4425 -0.8890
vn 0.1278 -0.4329 -0.8923
vn 0.2485 -0.3297 -0.9108
vn 0.2427 -0.3414 -0.9081
vn 0.2049 -0.3886 -0.8983
vn 0.2312 -0.3694 -0.9001
vn 0.2854 -0.2791 -0.9169
vn 0.3299 -0.2130 -0.9197
vn 0.2777 -0.3225 -0.9049
vn 0.2981 -0.2891 -0.9097
vn 0.3351 -0.1910 -0.9226
vn 0.3552 -0.1083 -0.9285
vn 0.3506 -0.1700 -0.9210
vn 0.3375 -0.2264 -0.9137
vn 0.3649 -0.0587 -0.9292
vn 0.3648 0.0001 -0.9311
vn 0.3693 -0.0156 -0.9292
vn 0.3451 -0.0935 -0.9339
vn 0.3317 0.0324 -0.9428
vn 0.3166 0.1600 -0.9350
vn 0.3353 0.0622 -0.9401
vn 0.3465 0.0489 -0.9368
vn 0.3281 0.1060 -0.9387
vn 0.2702 0.2492 -0.9300
vn 0.2962 0.2079 -0.9322
vn 0.3318 0.1359 -0.9335
vn 0.2881 0.2242 -0.9310
vn 0.2255 0.3004 -0.9268
vn 0.2054 0.3329 -0.9203
vn 0.2865 0.2474 -0.9256
vn 0.2340 0.2999 -0.9248
vn 0.1370 0.3827 -0.9137
vn 0.1195 0.3889 -0.9135
vn 0.1709 0.3706 -0.9129
vn 0.1854 0.3597 -0.9145
vn 0.0339 0.4293 -0.9025
vn 0.0191 0.4347 -0.9004
vn 0.0679 0.4274 -0.9015
vn 0.0880 0.4341 -0.8966
vn -0.0103 0.4398 -0.8980
vn -0.0982 0.4488 -0.8882
vn -0.0036 0.4583 -0.8888
vn -0.0032 0.4699 -0.8827
vn -0.0586 0.4584 -0.8868
vn -0.1544 0.4239 -0.8925
vn -0.1053 0.4583 -0.8825
vn -0.0447 0.4884 -0.8715
vn -0.1337 0.4431 -0.8864
vn -0.1831 0.3968 -0.8994
vn -0.1960 0.3941 -0.8979
vn -0.1164 0.4761 -0.8717
vn -0.1766 0.4079 -0.8958
vn -0.2529 0.3112 -0.9161
vn -0.2413 0.3209 -0.9158
vn -0.2202 0.3742 -0.9008
vn -0.2140 0.3764 -0.9014
vn -0.3014 0.1897 -0.9344
vn -0.2977 0.2013 -0.9332
vn -0.2769 0.2689 -0.9225
vn -0.2845 0.2656 -0.9211
vn -0.3112 0.1254 -0.9420
vn -0.3338 0.0163 -0.9425
vn -0.3160 0.1665 -0.9340
vn -0.3244 0.1372 -0.9359
vn -0.3280 0.0242 -0.9444
vn -0.3194 -0.1086 -0.9414
vn -0.3351 -0.0280 -0.9418
vn -0.3420 0.0552 -0.9381
vn -0.3179 -0.1277 -0.9395
vn -0.2925 -0.2106 -0.9328
vn -0.2991 -0.2059 -0.9318
vn -0.3408 -0.0947 -0.9354
vn -0.2977 -0.2030 -0.9328
vn -0.2337 -0.3467 -0.9084
vn -0.2570 -0.2994 -0.9189
vn -0.2930 -0.2605 -0.9200
vn -0.2835 -0.2713 -0.9198
vn -0.1766 -0.4079 -0.8958
vn -0.1950 -0.3947 -0.8979
vn -0.2537 -0.3392 -0.9059
vn -0.2354 -0.3672 -0.8999
vn -0.1539 -0.4165 -0.8960
vn -0.1050 -0.4533 -0.8852
vn -0.2071 -0.4021 -0.8919
vn -0.1818 -0.4165 -0.8908
vn -0.0986 -0.4418 -0.8917
vn -0.0375 -0.4471 -0.8937
vn -0.0943 -0.4492 -0.8884
vn -0.1377 -0.4403 -0.8872
vn -0.0011 -0.4391 -0.8984
vn 0.0406 -0.4261 -0.9037
vn 0.0266 -0.4321 -0.9014
vn -0.0328 -0.4525 -0.8912
vn 0.0616 -0.4130 -0.9086
vn 0.1648 -0.3679 -0.9152
vn 0.1124 -0.3939 -0.9123
vn 0.0986 -0.4143 -0.9048
vn 0.1243 -0.3927 -0.9112
vn 0.2413 -0.2893 -0.9263
vn 0.2183 -0.3208 -0.9216
vn 0.1725 -0.3741 -0.9112
vn 0.2176 -0.3303 -0.9184
vn 0.2695 -0.2411 -0.9323
vn 0.3028 -0.1955 -0.9328
vn 0.2434 -0.3185 -0.9162
vn 0.2721 -0.2626 -0.9258
vn 0.3146 -0.1501 -0.9373
vn 0.3251 -0.1001 -0.9404
vn 0.3178 -0.1739 -0.9321
vn 0.3062 -0.2169 -0.9270
vn 0.3358 -0.0258 -0.9416
vn 0.3354 0.0066 -0.9421
vn 0.3384 -0.0370 -0.9403
vn 0.3144 -0.0898 -0.9450
vn 0.2984 0.0490 -0.9532
vn 0.2868 0.1613 -0.9443
vn 0.3116 0.0288 -0.9498
vn 0.3172 0.0339 -0.9478
vn 0.2919 0.1149 -0.9495
vn 0.2399 0.2406 -0.9405
vn 0.2775 0.1765 -0.9444
vn 0.3114 0.1029 -0.9447
vn 0.2502 0.2213 -0.9426
vn 0.1957 0.2871 -0.9377
vn 0.1942 0.2970 -0.9349
vn 0.2759 0.2093 -0.9381
vn 0.2058 0.2779 -0.9383
vn 0.1054 0.3661 -0.9246
vn 0.1191 0.3503 -0.9290
vn 0.1725 0.3297 -0.9282
vn 0.1700 0.3274 -0.9294
vn 0.0102 0.4013 -0.9159
vn 0.0216 0.3999 -0.9163
vn 0.0873 0.3853 -0.9187
vn 0.0824 0.3971 -0.9141
vn -0.0224 0.4025 -0.9152
vn -0.0945 0.4129 -0.9059
vn 0.0233 0.4226 -0.9060
vn 0.0056 0.4296 -0.9030
vn -0.0679 0.4145 -0.9075
vn -0.1454 0.3850 -0.9114
vn -0.0812 0.4275 -0.9004
vn -0.0245 0.4534 -0.8910
vn -0.1383 0.3916 -0.9097
vn -0.1745 0.3558 -0.9181
vn -0.1686 0.3696 -0.9138
vn -0.0943 0.4481 -0.8890
vn -0.1684 0.3604 -0.9175
vn -0.2453 0.2628 -0.9332
vn -0.2106 0.3081 -0.9278
vn -0.1925 0.3564 -0.9143
vn -0.1975 0.3378 -0.9203
vn -0.2837 0.1448 -0.9479
vn -0.2695 0.1901 -0.9440
vn -0.2420 0.2730 -0.9311
vn -0.2605 0.2335 -0.9368
vn -0.2851 0.0911 -0.9541
vn -0.3037 0.0083 -0.9527
vn -0.2825 0.1855 -0.9412
vn -0.2921 0.1261 -0.9481
vn -0.2963 -0.0093 -0.9550
vn -0.2886 -0.1046 -0.9517
vn -0.3061 -0.0024 -0.9520
vn -0.3100 0.0693 -0.9482
vn -0.2802 -0.1487 -0.9483
vn -0.2630 -0.2042 -0.9430
vn -0.2787 -0.1643 -0.9462
vn -0.3141 -0.0682 -0.9469
vn -0.2623 -0.1988 -0.9443
vn -0.2031 -0.3390 -0.9186
vn -0.2460 -0.2526 -0.9358
vn -0.2757 -0.2205 -0.9356
vn -0.2512 -0.2549 -0.9338
vn -0.1474 -0.3886 -0.9095
vn -0.1856 -0.3554 -0.9161
vn -0.2486 -0.2900 -0.9242
vn -0.2058 -0.3408 -0.9174
vn -0.1253 -0.3893 -0.9126
vn -0.0955 -0.4156 -0.9045
vn -0.2082 -0.3575 -0.9104
vn -0.1618 -0.3791 -0.9111
vn -0.0664 -0.4098 -0.9098
vn -0.0325 -0.4091 -0.9119
vn -0.0989 -0.4107 -0.9064
vn -0.1304 -0.4014 -0.9066
vn 0.0260 -0.3986 -0.9167
vn 0.0452 -0.3903 -0.9196
vn 0.0093 -0.4000 -0.9165
vn -0.0343 -0.4168 -0.9083
vn 0.0721 -0.3704 -0.9261
vn 0.1673 -0.3296 -0.9292
vn 0.0858 -0.3721 -0.9242
vn 0.0822 -0.3846 -0.9194
vn 0.1245 -0.3503 -0.9283
vn 0.2328 -0.2515 -0.9394
vn 0.1923 -0.3033 -0.9333
vn 0.1416 -0.3588 -0.9226
vn 0.2077 -0.2875 -0.9350
vn 0.2541 -0.2051 -0.9452
vn 0.2742 -0.1830 -0.9441
vn 0.2102 -0.3140 -0.9259
vn 0.2485 -0.2324 -0.9404
vn 0.2954 -0.1095 -0.9491
vn 0.2944 -0.0983 -0.9506
vn 0.2853 -0.1787 -0.9416
vn 0.2767 -0.2027 -0.9393
vn 0.3079 0.0077 -0.9514
vn 0.3070 0.0079 -0.9517
vn 0.3079 -0.0611 -0.9495
vn 0.2841 -0.0799 -0.9554
vn 0.2662 0.0673 -0.9616
vn 0.2589 0.1581 -0.9529
vn 0.2888 -0.0069 -0.9574
vn 0.2871 0.0238 -0.9576
vn 0.2556 0.1282 -0.9582
vn 0.2126 0.2284 -0.9501
vn 0.2605 0.1427 -0.9549
vn 0.2899 0.0733 -0.9542
vn 0.2108 0.2231 -0.9517
vn 0.1690 0.2723 -0.9473
vn 0.1867 0.2571 -0.9482
vn 0.2638 0.1735 -0.9488
vn 0.1754 0.2593 -0.9497
vn 0.0761 0.3499 -0.9337
vn 0.1236 0.3086 -0.9431
vn 0.1732 0.2890 -0.9415
vn 0.1504 0.2982 -0.9426
vn -0.0125 0.3739 -0.9274
vn 0.0282 0.3642 -0.9309
vn 0.1070 0.3421 -0.9335
vn 0.0714 0.3611 -0.9298
vn -0.0355 0.3660 -0.9299
vn -0.0871 0.3772 -0.9220
vn 0.0510 0.3864 -0.9209
vn 0.0101 0.3882 -0.9215
vn -0.0799 0.3703 -0.9255
vn -0.1326 0.3482 -0.9280
vn -0.0554 0.3970 -0.9161
vn -0.0073 0.4163 -0.9092
vn -0.1454 0.3379 -0.9299
vn -0.1633 0.3178 -0.9340
vn -0.1379 0.3479 -0.9274
vn -0.0743 0.4174 -0.9057
vn -0.1616 0.3105 -0.9367
vn -0.2359 0.2171 -0.9472
vn -0.1771 0.3001 -0.9373
vn -0.1658 0.3364 -0.9270
vn -0.1833 0.2943 -0.9380
vn -0.2653 0.1027 -0.9587
vn -0.2403 0.1838 -0.9531
vn -0.2077 0.2764 -0.9383
vn -0.2383 0.1945 -0.9515
vn -0.2598 0.0577 -0.9639
vn -0.2737 0.0069 -0.9618
vn -0.2497 0.2045 -0.9465
vn -0.2608 0.1088 -0.9593
vn -0.2656 -0.0448 -0.9630
vn -0.2593 -0.0932 -0.9613
vn -0.2775 0.0250 -0.9604
vn -0.2781 0.0772 -0.9574
vn -0.2432 -0.1726 -0.9545
vn -0.2360 -0.1921 -0.9526
vn -0.2591 -0.1178 -0.9586
vn -0.2860 -0.0476 -0.9570
vn -0.2265 -0.1986 -0.9536
vn -0.1749 -0.3283 -0.9282
vn -0.2366 -0.2008 -0.9506
vn -0.2562 -0.1832 -0.9491
vn -0.2163 -0.2437 -0.9454
vn -0.1201 -0.3679 -0.9221
vn -0.1782 -0.3130 -0.9329
vn -0.2417 -0.2415 -0.9398
vn -0.1720 -0.3181 -0.9323
vn -0.0978 -0.3623 -0.9269
vn -0.0899 -0.3755 -0.9225
vn -0.2084 -0.3128 -0.9267
vn -0.1381 -0.3430 -0.9291
vn -0.0339 -0.3786 -0.9250
vn -0.0327 -0.3704 -0.9283
vn -0.1043 -0.3715 -0.9225
vn -0.1194 -0.3626 -0.9243
vn 0.0536 -0.3583 -0.9321
vn 0.0454 -0.3558 -0.9334
vn -0.0105 -0.3681 -0.9297
vn -0.0317 -0.3798 -0.9245
vn 0.0841 -0.3274 -0.9411
vn 0.1667 -0.2936 -0.9413
vn 0.0567 -0.3522 -0.9342
vn 0.0690 -0.3529 -0.9331
vn 0.1283 -0.3058 -0.9434
vn 0.2224 -0.2169 -0.9505
vn 0.1645 -0.2886 -0.9432
vn 0.1129 -0.3419 -0.9329
vn 0.2015 -0.2407 -0.9495
vn 0.2385 -0.1719 -0.9558
vn 0.2436 -0.1757 -0.9538
vn 0.1785 -0.3082 -0.9344
vn 0.2274 -0.1982 -0.9534
vn 0.2771 -0.0701 -0.9583
vn 0.2629 -0.1034 -0.9593
vn 0.2532 -0.1835 -0.9498
vn 0.2490 -0.1834 -0.9510
vn 0.2810 0.0411 -0.9588
vn 0.2793 0.0036 -0.9602
vn 0.2774 -0.0871 -0.9568
vn 0.2543 -0.0627 -0.9651
vn 0.2351 0.0867 -0.9681
vn 0.2328 0.1495 -0.9610
vn 0.2667 -0.0445 -0.9628
vn 0.2561 0.0195 -0.9664
vn 0.2192 0.1455 -0.9648
vn 0.1886 0.2111 -0.9591
vn 0.2450 0.1065 -0.9637
vn 0.2670 0.0477 -0.9625
vn 0.1699 0.2293 -0.9584
vn 0.1459 0.2550 -0.9559
vn 0.1826 0.2129 -0.9598
vn 0.2495 0.1409 -0.9581
vn 0.1429 0.2442 -0.9591
vn 0.0495 0.3332 -0.9416
vn 0.1330 0.2631 -0.9556
vn 0.1721 0.2489 -0.9531
vn 0.1263 0.2724 -0.9539
vn -0.0334 0.3469 -0.9373
vn 0.0389 0.3270 -0.9442
vn 0.1261 0.2982 -0.9461
vn 0.0544 0.3265 -0.9436
vn -0.0489 0.3304 -0.9426
vn -0.0753 0.3416 -0.9368
vn 0.0787 0.3496 -0.9336
vn 0.0094 0.3458 -0.9383
vn -0.0943 0.3261 -0.9406
vn -0.1151 0.3135 -0.9426
vn -0.0284 0.3666 -0.9299
vn 0.0062 0.3772 -0.9261
vn -0.1549 0.2828 -0.9466
vn -0.1487 0.2833 -0.9474
vn -0.1040 0.3286 -0.9387
vn -0.0573 0.3831 -0.9219
vn -0.1563 0.2584 -0.9533
vn -0.2245 0.1751 -0.9586
vn -0.1406 0.2968 -0.9445
vn -0.1406 0.3129 -0.9393
vn -0.1713 0.2457 -0.9541
vn -0.2459 0.0647 -0.9671
vn -0.2098 0.1824 -0.9606
vn -0.1743 0.2777 -0.9447
vn -0.2180 0.1480 -0.9647
vn -0.2351 0.0263 -0.9716
vn -0.2434 0.0126 -0.9698
vn -0.2175 0.2223 -0.9504
vn -0.2304 0.0851 -0.9694
vn -0.2360 -0.0808 -0.9684
vn -0.2313 -0.0730 -0.9701
vn -0.2491 0.0534 -0.9670
vn -0.2464 0.0780 -0.9660
vn -0.2070 -0.1987 -0.9580
vn -0.2115 -0.1734 -0.9619
vn -0.2400 -0.0670 -0.9685
vn -0.2563 -0.0342 -0.9660
vn -0.1904 -0.2018 -0.9608
vn -0.1494 -0.3136 -0.9377
vn -0.2285 -0.1444 -0.9628
vn -0.2339 -0.1501 -0.9606
vn -0.1788 -0.2379 -0.9547
vn -0.0955 -0.3447 -0.9338
vn -0.1729 -0.2675 -0.9479
vn -0.2326 -0.1946 -0.9529
vn -0.1340 -0.2995 -0.9446
vn -0.0722 -0.3351 -0.9394
vn -0.0884 -0.3323 -0.9390
vn -0.2072 -0.2685 -0.9407
vn -0.1106 -0.3087 -0.9447
vn -0.0020 -0.3481 -0.9375
vn -0.0388 -0.3308 -0.9429
vn -0.1099 -0.3318 -0.9369
vn -0.1042 -0.3241 -0.9403
vn 0.0812 -0.3184 -0.9445
vn 0.0406 -0.3227 -0.9456
vn -0.0326 -0.3363 -0.9412
vn -0.0242 -0.3411 -0.9397
vn 0.0972 -0.2843 -0.9538
vn 0.1623 -0.2603 -0.9518
vn 0.0253 -0.3339 -0.9423
vn 0.0596 -0.3185 -0.9460
vn 0.1354 -0.2593 -0.9563
vn 0.2091 -0.1863 -0.9600
vn 0.1352 -0.2763 -0.9515
vn 0.0869 -0.3228 -0.9425
vn 0.1988 -0.1899 -0.9615
vn 0.2220 -0.1426 -0.9646
vn 0.2108 -0.1736 -0.9620
vn 0.1488 -0.3001 -0.9422
vn 0.2088 -0.1602 -0.9647
vn 0.2593 -0.0329 -0.9652
vn 0.2299 -0.1159 -0.9663
vn 0.2217 -0.1872 -0.9570
vn 0.2234 -0.1582 -0.9618
vn 0.2551 0.0736 -0.9641
vn 0.2522 -0.0068 -0.9676
vn 0.2471 -0.1142 -0.9623
vn 0.2248 -0.0367 -0.9737
vn 0.2051 0.1066 -0.9729
vn 0.2083 0.1346 -0.9688
vn 0.2449 -0.0834 -0.9660
vn 0.2239 0.0217 -0.9744
vn 0.1830 0.1664 -0.9689
vn 0.1682 0.1874 -0.9678
vn 0.2304 0.0680 -0.9707
vn 0.2423 0.0272 -0.9698
vn 0.1278 0.2399 -0.9623
vn 0.1271 0.2341 -0.9639
vn 0.1819 0.1640 -0.9695
vn 0.2322 0.1124 -0.9662
vn 0.1086 0.2324 -0.9665
vn 0.0265 0.3153 -0.9486
vn 0.1472 0.2132 -0.9659
vn 0.1682 0.2102 -0.9631
vn 0.0972 0.2503 -0.9633
vn -0.0517 0.3197 -0.9461
vn 0.0538 0.2880 -0.9561
vn 0.1437 0.2538 -0.9565
vn 0.0305 0.2935 -0.9555
vn -0.0617 0.2957 -0.9533
vn -0.0586 0.3058 -0.9503
vn 0.1058 0.3123 -0.9441
vn 0.0032 0.3023 -0.9532
vn -0.1106 0.2824 -0.9529
vn -0.0918 0.2814 -0.9552
vn -0.0005 0.3361 -0.9418
vn 0.0151 0.3356 -0.9419
vn -0.1668 0.2265 -0.9596
vn -0.1302 0.2532 -0.9586
vn -0.0670 0.3114 -0.9479
vn -0.0441 0.3445 -0.9378
vn -0.1527 0.2047 -0.9668
vn -0.2107 0.1380 -0.9678
vn -0.1011 0.2981 -0.9492
vn -0.1176 0.2845 -0.9514
vn -0.1619 0.1919 -0.9680
vn -0.2253 0.0319 -0.9738
vn -0.1779 0.1856 -0.9664
vn -0.1420 0.2759 -0.9507
vn -0.1997 0.0936 -0.9754
vn -0.2108 -0.0015 -0.9775
vn -0.2125 0.0262 -0.9768
vn -0.1860 0.2378 -0.9533
vn -0.2010 0.0552 -0.9780
vn -0.2076 -0.1159 -0.9713
vn -0.2042 -0.0427 -0.9780
vn -0.2209 0.0818 -0.9719
vn -0.2147 0.0709 -0.9741
vn -0.1717 -0.2259 -0.9589
vn -0.1893 -0.1471 -0.9708
vn -0.2211 -0.0129 -0.9752
vn -0.2245 -0.0296 -0.9740
vn -0.1542 -0.2082 -0.9659
vn -0.1267 -0.2938 -0.9474
vn -0.2216 -0.0837 -0.9716
vn -0.2086 -0.1224 -0.9703
vn -0.1389 -0.2377 -0.9614
vn -0.0742 -0.3179 -0.9452
vn -0.1694 -0.2188 -0.9610
vn -0.2208 -0.1503 -0.9637
vn -0.0917 -0.2855 -0.9540
vn -0.0495 -0.3071 -0.9504
vn -0.0916 -0.2857 -0.9539
vn -0.2039 -0.2252 -0.9527
vn -0.0794 -0.2762 -0.9578
vn 0.0285 -0.3183 -0.9476
vn -0.0516 -0.2897 -0.9557
vn -0.1149 -0.2916 -0.9496
vn -0.0842 -0.2860 -0.9545
vn 0.1080 -0.2792 -0.9541
vn 0.0303 -0.2909 -0.9563
vn -0.0563 -0.3042 -0.9509
vn -0.0108 -0.3005 -0.9537
vn 0.1110 -0.2416 -0.9640
vn 0.1532 -0.2298 -0.9611
vn -0.0081 -0.3167 -0.9485
vn 0.0547 -0.2809 -0.9582
vn 0.1455 -0.2109 -0.9666
vn 0.1920 -0.1605 -0.9682
vn 0.1043 -0.2662 -0.9583
vn 0.0643 -0.3006 -0.9516
vn 0.1997 -0.1349 -0.9705
vn 0.2038 -0.1184 -0.9718
vn 0.1753 -0.1770 -0.9685
vn 0.1217 -0.2886 -0.9497
vn 0.1927 -0.1182 -0.9741
vn 0.2416 0.0010 -0.9704
vn 0.1950 -0.1365 -0.9713
vn 0.1909 -0.1885 -0.9633
vn 0.2000 -0.1264 -0.9716
vn 0.2301 0.1042 -0.9676
vn 0.2253 -0.0233 -0.9740
vn 0.2167 -0.1412 -0.9660
vn 0.1954 -0.0002 -0.9807
vn 0.1765 0.1261 -0.9762
vn 0.1854 0.1121 -0.9763
vn 0.2233 -0.1233 -0.9669
vn 0.1903 0.0312 -0.9812
vn 0.1473 0.1903 -0.9706
vn 0.1517 0.1552 -0.9762
vn 0.2167 0.0271 -0.9759
vn 0.2153 0.0125 -0.9765
vn 0.0846 0.2549 -0.9632
vn 0.1132 0.2080 -0.9715
vn 0.1842 0.1097 -0.9767
vn 0.2107 0.0894 -0.9735
vn 0.0723 0.2242 -0.9719
vn 0.0076 0.2955 -0.9553
vn 0.1665 0.1582 -0.9733
vn 0.1602 0.1737 -0.9717
vn 0.0623 0.2327 -0.9705
vn -0.0665 0.2918 -0.9542
vn 0.0728 0.2468 -0.9663
vn 0.1587 0.2093 -0.9649
vn -0.0013 0.2624 -0.9650
vn -0.0729 0.2619 -0.9623
vn -0.0359 0.2692 -0.9624
vn 0.1315 0.2746 -0.9525
vn -0.0093 0.2580 -0.9661
vn -0.1283 0.2396 -0.9624
vn -0.0614 0.2519 -0.9658
vn 0.0276 0.3051 -0.9519
vn 0.0185 0.2914 -0.9564
vn -0.1809 0.1696 -0.9688
vn -0.1068 0.2280 -0.9678
vn -0.0272 0.2959 -0.9548
vn -0.0362 0.3003 -0.9532
vn -0.1510 0.1497 -0.9771
vn -0.1940 0.1064 -0.9752
vn -0.0584 0.3039 -0.9509
vn -0.0978 0.2497 -0.9634
vn -0.1556 0.1325 -0.9789
vn -0.2031 0.0059 -0.9791
vn -0.1446 0.1932 -0.9704
vn -0.1110 0.2696 -0.9566
vn -0.1837 0.0304 -0.9825
vn -0.1867 -0.0236 -0.9821
vn -0.1805 0.0484 -0.9824
vn -0.1554 0.2500 -0.9557
vn -0.1723 0.0192 -0.9849
vn -0.1804 -0.1482 -0.9724
vn -0.1777 -0.0006 -0.9841
vn -0.1927 0.1091 -0.9752
vn -0.1829 0.0546 -0.9816
vn -0.1375 -0.2534 -0.9575
vn -0.1694 -0.1126 -0.9791
vn -0.2021 0.0430 -0.9784
vn -0.1904 -0.0359 -0.9811
vn -0.1181 -0.2175 -0.9689
vn -0.1069 -0.2679 -0.9575
vn -0.2158 -0.0190 -0.9763
vn -0.1796 -0.1017 -0.9785
vn -0.0967 -0.2431 -0.9652
vn -0.0571 -0.2859 -0.9565
vn -0.1678 -0.1669 -0.9716
vn -0.2059 -0.1095 -0.9724
vn -0.0449 -0.2764 -0.9600
vn -0.0309 -0.2775 -0.9602
vn -0.1000 -0.2350 -0.9668
vn -0.1977 -0.1837 -0.9629
vn -0.0443 -0.2459 -0.9683
vn 0.0566 -0.2891 -0.9556
vn -0.0722 -0.2468 -0.9664
vn -0.1183 -0.2510 -0.9607
vn -0.0586 -0.2486 -0.9668
vn 0.1333 -0.2408 -0.9614
vn 0.0138 -0.2602 -0.9655
vn -0.0811 -0.2716 -0.9590
vn 0.0098 -0.2574 -0.9663
vn 0.1249 -0.1994 -0.9719
vn 0.1388 -0.2024 -0.9694
vn -0.0434 -0.3005 -0.9528
vn 0.0550 -0.2392 -0.9694
vn 0.1585 -0.1608 -0.9742
vn 0.1697 -0.1404 -0.9754
vn 0.0717 -0.2580 -0.9635
vn 0.0456 -0.2745 -0.9605
vn 0.2041 -0.0755 -0.9760
vn 0.1828 -0.1009 -0.9780
vn 0.1367 -0.1859 -0.9730
vn 0.0977 -0.2723 -0.9572
vn 0.1789 -0.0721 -0.9812
vn 0.2236 0.0304 -0.9742
vn 0.1576 -0.1659 -0.9735
vn 0.1614 -0.1855 -0.9693
vn 0.1788 -0.0866 -0.9801
vn 0.2058 0.1320 -0.9696
vn 0.1983 -0.0462 -0.9790
vn 0.1863 -0.1668 -0.9682
vn 0.1661 0.0496 -0.9849
vn 0.1493 0.1442 -0.9782
vn 0.1637 0.0799 -0.9833
vn 0.2017 -0.1637 -0.9657
vn 0.1551 0.0486 -0.9867
vn 0.1125 0.2163 -0.9698
vn 0.1397 0.1114 -0.9839
vn 0.2033 -0.0161 -0.9790
vn 0.1853 0.0049 -0.9827
vn 0.0403 0.2747 -0.9607
vn 0.1047 0.1754 -0.9789
vn 0.1893 0.0497 -0.9807
vn 0.1835 0.0738 -0.9802
vn 0.0338 0.2200 -0.9749
vn -0.0065 0.2726 -0.9621
vn 0.1913 0.0970 -0.9767
vn 0.1464 0.1405 -0.9792
vn 0.0208 0.2205 -0.9752
vn -0.0766 0.2622 -0.9620
vn 0.0962 0.2030 -0.9745
vn 0.1702 0.1651 -0.9715
vn -0.0427 0.2339 -0.9713
vn -0.0814 0.2289 -0.9700
vn -0.0060 0.2315 -0.9728
vn 0.1552 0.2364 -0.9592
vn -0.0287 0.2127 -0.9767
vn -0.1465 0.1979 -0.9692
vn -0.0219 0.2255 -0.9740
vn 0.0554 0.2734 -0.9603
vn 0.0152 0.2441 -0.9696
vn -0.1975 0.1124 -0.9738
vn -0.0777 0.2084 -0.9749
vn 0.0149 0.2818 -0.9594
vn -0.0354 0.2488 -0.9679
vn -0.1516 0.0936 -0.9840
vn -0.1737 0.0815 -0.9814
vn -0.0120 0.3146 -0.9492
vn -0.0821 0.2067 -0.9749
vn -0.1529 0.0673 -0.9860
vn -0.1785 -0.0115 -0.9839
vn -0.1095 0.2056 -0.9725
vn -0.0818 0.2576 -0.9628
vn -0.1705 -0.0425 -0.9844
vn -0.1624 -0.0376 -0.9860
vn -0.1468 0.0807 -0.9859
vn -0.1257 0.2576 -0.9581
vn -0.1446 -0.0229 -0.9892
vn -0.1547 -0.1757 -0.9722
vn -0.1515 0.0556 -0.9869
vn -0.1643 0.1336 -0.9773
vn -0.1509 0.0274 -0.9882
vn -0.1044 -0.2807 -0.9541
vn -0.1514 -0.0699 -0.9860
vn -0.1828 0.0986 -0.9782
vn -0.1529 -0.0558 -0.9867
vn -0.0821 -0.2298 -0.9698
vn -0.0904 -0.2343 -0.9679
vn -0.2114 0.0494 -0.9761
vn -0.1463 -0.0891 -0.9852
vn -0.0522 -0.2543 -0.9657
vn -0.0455 -0.2469 -0.9680
vn -0.1684 -0.1115 -0.9794
vn -0.1873 -0.0732 -0.9796
vn 0.0072 -0.2731 -0.9620
vn -0.0179 -0.2451 -0.9693
vn -0.1147 -0.1791 -0.9771
vn -0.1875 -0.1447 -0.9716
vn -0.0049 -0.2183 -0.9759
vn 0.0813 -0.2602 -0.9621
vn -0.1020 -0.2013 -0.9742
vn -0.1190 -0.2102 -0.9704
vn -0.0259 -0.2122 -0.9769
vn 0.1567 -0.2033 -0.9665
vn -0.0094 -0.2305 -0.9730
vn -0.1062 -0.2382 -0.9654
vn 0.0395 -0.2112 -0.9766
vn 0.1384 -0.1583 -0.9777
vn 0.1177 -0.1783 -0.9769
vn -0.0806 -0.2852 -0.9551
vn 0.0613 -0.1927 -0.9794
vn 0.1738 -0.1095 -0.9787
vn 0.1404 -0.1275 -0.9819
vn 0.0373 -0.2517 -0.9671
vn 0.0314 -0.2434 -0.9694
vn 0.2122 -0.0109 -0.9772
vn 0.1578 -0.0917 -0.9832
vn 0.0946 -0.2007 -0.9751
vn 0.0778 -0.2492 -0.9653
vn 0.1676 -0.0213 -0.9856
vn 0.2045 0.0540 -0.9774
vn 0.1172 -0.2057 -0.9716
vn 0.1335 -0.1758 -0.9753
vn 0.1603 -0.0370 -0.9864
vn 0.1819 0.1560 -0.9709
vn 0.1710 -0.0759 -0.9823
vn 0.1561 -0.1896 -0.9694
vn 0.1368 0.1171 -0.9836
vn 0.1238 0.1587 -0.9795
vn 0.1433 0.0343 -0.9891
vn 0.1800 -0.2049 -0.9621
vn 0.1181 0.0747 -0.9902
vn 0.0794 0.2428 -0.9668
vn 0.1331 0.0513 -0.9898
vn 0.1903 -0.0624 -0.9797
vn 0.1514 0.0066 -0.9884
vn -0.0055 0.3002 -0.9539
vn 0.1023 0.1344 -0.9856
vn 0.1967 -0.0164 -0.9803
vn 0.1485 0.0686 -0.9865
vn -0.0076 0.2208 -0.9753
vn -0.0150 0.2456 -0.9693
vn 0.2228 0.0279 -0.9745
vn 0.1249 0.1119 -0.9858
vn -0.0291 0.2150 -0.9762
vn -0.0802 0.2297 -0.9700
vn 0.1248 0.1558 -0.9799
vn 0.1772 0.1214 -0.9767
vn -0.0964 0.2087 -0.9732
vn -0.0850 0.1966 -0.9768
vn 0.0336 0.1920 -0.9808
vn 0.1763 0.1981 -0.9642
vn -0.0562 0.1664 -0.9845
vn -0.1646 0.1581 -0.9736
vn 0.0303 0.2028 -0.9787
vn 0.0820 0.2404 -0.9672
vn 0.0030 0.1930 -0.9812
vn -0.2172 0.0548 -0.9746
vn -0.0418 0.1951 -0.9799
vn 0.0590 0.2682 -0.9616
vn -0.0447 0.1873 -0.9813
vn -0.1554 0.0361 -0.9872
vn -0.1487 0.0644 -0.9868
vn 0.0391 0.3314 -0.9427
vn -0.0717 0.1537 -0.9855
vn -0.1545 -0.0039 -0.9880
vn -0.1500 -0.0176 -0.9885
vn -0.0718 0.2237 -0.9720
vn -0.0546 0.2385 -0.9696
vn -0.1610 -0.1271 -0.9787
vn -0.1372 -0.0397 -0.9897
vn -0.1103 0.1257 -0.9859
vn -0.0971 0.2589 -0.9610
vn -0.1178 -0.0714 -0.9905
vn -0.1304 -0.1964 -0.9718
vn -0.1250 0.1297 -0.9836
vn -0.1357 0.1527 -0.9789
vn -0.1183 -0.0143 -0.9929
vn -0.0725 -0.3076 -0.9488
vn -0.1354 -0.0191 -0.9906
vn -0.1629 0.1514 -0.9749
vn -0.1106 -0.0940 -0.9894
vn -0.0463 -0.2452 -0.9684
vn -0.0778 -0.1909 -0.9785
vn -0.2092 0.1222 -0.9702
vn -0.1080 -0.0860 -0.9904
vn -0.0057 -0.2711 -0.9625
vn -0.0414 -0.1973 -0.9795
vn -0.1720 -0.0517 -0.9837
vn -0.1644 -0.0424 -0.9855
vn 0.0659 -0.2771 -0.9586
vn -0.0125 -0.2085 -0.9779
vn -0.1373 -0.1167 -0.9836
vn -0.1716 -0.1095 -0.9791
vn 0.0395 -0.1938 -0.9802
vn 0.1017 -0.2315 -0.9675
vn -0.1441 -0.1521 -0.9778
vn -0.1149 -0.1693 -0.9788
vn 0.0163 -0.1773 -0.9840
vn 0.1774 -0.1668 -0.9699
vn -0.0407 -0.2019 -0.9786
vn -0.1307 -0.2036 -0.9703
vn 0.0817 -0.1611 -0.9836
vn 0.1507 -0.1186 -0.9814
vn 0.0879 -0.1582 -0.9835
vn -0.1203 -0.2711 -0.9550
vn 0.0743 -0.1403 -0.9873
vn 0.1910 -0.0575 -0.9799
vn 0.1012 -0.1241 -0.9871
vn 0.0004 -0.2475 -0.9689
vn 0.0226 -0.2058 -0.9783
vn 0.2247 0.0600 -0.9726
vn 0.1276 -0.0930 -0.9875
vn 0.0485 -0.2220 -0.9738
vn 0.0631 -0.2162 -0.9743
vn 0.1591 0.0353 -0.9866
vn 0.1839 0.0702 -0.9804
vn 0.0727 -0.2585 -0.9633
vn 0.1082 -0.1554 -0.9819
vn 0.1450 0.0257 -0.9891
vn 0.1581 0.1744 -0.9719
vn 0.1431 -0.1131 -0.9832
vn 0.1260 -0.2073 -0.9701
vn 0.1073 0.2103 -0.9717
vn 0.1005 0.1658 -0.9810
vn 0.1241 -0.0322 -0.9917
vn 0.1585 -0.2475 -0.9558
vn 0.0791 0.1099 -0.9908
vn 0.0491 0.2674 -0.9623
vn 0.1338 -0.0343 -0.9904
vn 0.1776 -0.1127 -0.9776
vn 0.1120 0.0218 -0.9935
vn -0.0540 0.3341 -0.9410
vn 0.1063 0.0838 -0.9908
vn 0.2054 -0.0879 -0.9747
vn 0.1011 0.0799 -0.9917
vn -0.0537 0.2291 -0.9719
vn -0.0168 0.2126 -0.9770
vn 0.2639 -0.0523 -0.9631
vn 0.0931 0.0897 -0.9916
vn -0.0898 0.2186 -0.9717
vn -0.0743 0.1920 -0.9786
vn 0.1608 0.1039 -0.9815
vn 0.1782 0.0786 -0.9808
vn -0.1681 0.1886 -0.9676
vn -0.0809 0.1647 -0.9830
vn 0.0880 0.1495 -0.9848
vn 0.1942 0.1595 -0.9679
vn -0.0939 0.1188 -0.9885
vn -0.1812 0.1208 -0.9760
vn 0.1016 0.1854 -0.9774
vn 0.1060 0.2054 -0.9729
vn -0.0223 0.1363 -0.9904
vn -0.2419 -0.0040 -0.9703
vn 0.0020 0.1890 -0.9820
vn 0.1037 0.2537 -0.9617
vn -0.0699 0.1105 -0.9914
vn -0.1637 -0.0237 -0.9862
vn -0.1170 0.0575 -0.9915
vn 0.0971 0.3572 -0.9290
vn -0.0676 0.0888 -0.9938
vn -0.1612 -0.0806 -0.9836
vn -0.1150 -0.0070 -0.9933
vn -0.0304 0.2504 -0.9677
vn -0.0302 0.2101 -0.9772
vn -0.1571 -0.2281 -0.9609
vn -0.1103 -0.0254 -0.9936
vn -0.0700 0.1870 -0.9799
vn -0.0699 0.2517 -0.9653
vn -0.0922 -0.1280 -0.9875
vn -0.1077 -0.2072 -0.9724
vn -0.0981 0.2284 -0.9686
vn -0.1063 0.1620 -0.9811
vn -0.0844 -0.0778 -0.9934
vn -0.0415 -0.3347 -0.9414
vn -0.1215 0.0396 -0.9918
vn -0.1417 0.1978 -0.9700
vn -0.0610 -0.1590 -0.9854
vn -0.0105 -0.2646 -0.9643
vn -0.0706 -0.1332 -0.9886
vn -0.2105 0.2016 -0.9566
vn -0.0640 -0.0930 -0.9936
vn 0.0418 -0.2929 -0.9552
vn -0.0489 -0.1311 -0.9902
vn -0.1807 0.0147 -0.9834
vn -0.1358 -0.0185 -0.9906
vn 0.1343 -0.2914 -0.9471
vn -0.0174 -0.1659 -0.9860
vn -0.1704 -0.0457 -0.9843
vn -0.1471 -0.0800 -0.9859
vn 0.0914 -0.1737 -0.9805
vn 0.1163 -0.2027 -0.9723
vn -0.2041 -0.0974 -0.9741
vn -0.1030 -0.1286 -0.9863
vn 0.0729 -0.1448 -0.9868
vn 0.1950 -0.1312 -0.9720
vn -0.0820 -0.1745 -0.9812
vn -0.1537 -0.1674 -0.9738
vn 0.1426 -0.1051 -0.9842
vn 0.1607 -0.0814 -0.9836
vn 0.0452 -0.1435 -0.9886
vn -0.1642 -0.2591 -0.9518
vn 0.0951 -0.0810 -0.9922
vn 0.2091 -0.0062 -0.9779
vn 0.0465 -0.1349 -0.9898
vn -0.0401 -0.2463 -0.9684
vn 0.0210 -0.1591 -0.9870
vn 0.2437 0.1405 -0.9596
vn 0.0910 -0.1070 -0.9901
vn -0.0018 -0.2495 -0.9684
vn 0.0560 -0.1678 -0.9842
vn 0.1544 0.1008 -0.9829
vn 0.1608 0.0766 -0.9840
vn 0.0225 -0.3293 -0.9439
vn 0.0860 -0.1191 -0.9892
vn 0.1336 0.1061 -0.9853
vn 0.1338 0.1849 -0.9736
vn 0.1144 -0.1598 -0.9805
vn 0.0960 -0.2171 -0.9714
vn 0.0775 0.3440 -0.9358
vn 0.0805 0.1573 -0.9843
vn 0.1070 -0.1359 -0.9849
vn 0.1375 -0.2944 -0.9457
vn 0.0381 0.1545 -0.9873
vn 0.0240 0.2839 -0.9585
vn 0.1463 -0.1638 -0.9756
vn 0.1654 -0.1690 -0.9716
vn 0.0625 0.0614 -0.9962
vn -0.1085 0.3833 -0.9172
vn 0.1167 0.0239 -0.9929
vn 0.2125 -0.1614 -0.9637
vn 0.0316 0.1212 -0.9921
vn -0.1096 0.2511 -0.9617
vn -0.0089 0.1704 -0.9853
vn 0.3217 -0.1510 -0.9347
vn 0.0479 0.0750 -0.9960
vn -0.1636 0.2341 -0.9583
vn -0.0514 0.1442 -0.9882
vn 0.2100 0.0445 -0.9767
vn 0.1707 0.0371 -0.9846
vn -0.2704 0.1773 -0.9463
vn -0.0635 0.1333 -0.9890
vn 0.1672 0.1022 -0.9806
vn 0.2083 0.1212 -0.9705
vn -0.1457 0.0695 -0.9869
vn -0.1937 0.0878 -0.9771
vn 0.2064 0.1767 -0.9624
vn 0.1239 0.1663 -0.9783
vn -0.0710 0.0694 -0.9951
vn -0.2762 -0.0668 -0.9588
vn 0.0546 0.1913 -0.9800
vn 0.1455 0.2347 -0.9611
vn -0.1235 0.0067 -0.9923
vn -0.1798 -0.0886 -0.9797
vn -0.0739 0.0664 -0.9951
vn 0.1671 0.3991 -0.9016
vn -0.0697 0.0123 -0.9975
vn -0.1722 -0.1585 -0.9722
vn -0.0672 0.0324 -0.9972
vn 0.0180 0.2927 -0.9560
vn -0.0095 0.1682 -0.9857
vn -0.1624 -0.3553 -0.9205
vn -0.0812 0.0096 -0.9967
vn -0.0244 0.2687 -0.9629
vn -0.0449 0.2308 -0.9720
vn -0.0683 -0.1966 -0.9781
vn -0.0869 -0.2035 -0.9752
vn -0.0705 0.3649 -0.9284
vn -0.0752 0.1525 -0.9854
vn -0.0480 -0.1790 -0.9827
vn -0.0108 -0.3650 -0.9310
vn -0.1099 0.1049 -0.9884
vn -0.1173 0.2309 -0.9659
vn 0.0013 -0.2681 -0.9634
vn 0.0255 -0.2898 -0.9568
vn -0.0731 -0.0497 -0.9961
vn -0.2189 0.2942 -0.9303
vn -0.0140 -0.1091 -0.9939
vn 0.0875 -0.3163 -0.9446
vn -0.0773 -0.0342 -0.9964
vn -0.1992 0.0939 -0.9755
vn -0.0986 -0.0044 -0.9951
vn 0.2198 -0.3232 -0.9204
vn -0.0362 -0.1157 -0.9926
vn -0.2171 0.0364 -0.9755
vn -0.1069 -0.0606 -0.9924
vn 0.1562 -0.1608 -0.9745
vn 0.1224 -0.1735 -0.9772
vn -0.2945 -0.0333 -0.9551
vn -0.0779 -0.0881 -0.9931
vn 0.1542 -0.1162 -0.9812
vn 0.2089 -0.0963 -0.9732
vn -0.1375 -0.1489 -0.9792
vn -0.1722 -0.1281 -0.9767
vn 0.2363 -0.0394 -0.9709
vn 0.1654 -0.0484 -0.9850
vn -0.0206 -0.1384 -0.9902
vn -0.2169 -0.2519 -0.9431
vn 0.1245 -0.0133 -0.9921
vn 0.2253 0.0409 -0.9734
vn -0.0357 -0.1709 -0.9846
vn -0.0873 -0.2510 -0.9641
vn 0.0307 -0.0973 -0.9948
vn 0.2740 0.2379 -0.9318
vn 0.0484 -0.1347 -0.9897
vn -0.0548 -0.2798 -0.9585
vn 0.0624 -0.0907 -0.9939
vn 0.1564 0.1824 -0.9707
vn 0.1341 0.0684 -0.9886
vn -0.0365 -0.4288 -0.9027
vn 0.0675 -0.0612 -0.9958
vn 0.1274 0.2095 -0.9695
vn 0.1081 0.1821 -0.9773
vn 0.0846 -0.2201 -0.9718
vn 0.0658 -0.2133 -0.9748
vn 0.0473 0.5450 -0.8371
vn 0.0667 0.1176 -0.9908
vn 0.0934 -0.3090 -0.9465
vn 0.1187 -0.3550 -0.9273
vn -0.0047 0.2035 -0.9791
vn 0.0107 0.2772 -0.9608
vn 0.1806 -0.3771 -0.9084
vn 0.1527 -0.2318 -0.9607
vn -0.0118 0.1616 -0.9868
vn -0.1784 0.4673 -0.8659
vn 0.1307 -0.0365 -0.9907
vn 0.2070 -0.2216 -0.9529
vn -0.0878 0.2311 -0.9690
vn -0.1912 0.3073 -0.9322
vn 0.0154 0.1123 -0.9936
vn 0.4147 -0.2865 -0.8637
vn -0.0099 0.0644 -0.9979
vn -0.2442 0.2605 -0.9341
vn 0.0124 0.0709 -0.9974
vn 0.2892 -0.0308 -0.9568
vn 0.1487 -0.0031 -0.9889
vn -0.4340 0.1838 -0.8820
vn -0.0250 0.1045 -0.9942
vn 0.2898 0.0470 -0.9559
vn 0.2176 0.0836 -0.9725
vn -0.2184 0.0170 -0.9757
vn -0.1929 0.0645 -0.9791
vn 0.3801 0.1862 -0.9060
vn 0.1236 0.1160 -0.9855
vn -0.1749 -0.0222 -0.9843
vn -0.3352 -0.1428 -0.9313
vn 0.1120 0.2018 -0.9730
vn 0.1721 0.1982 -0.9649
vn -0.2390 -0.1554 -0.9585
vn -0.2123 -0.1660 -0.9630
vn -0.0051 0.1083 -0.9941
vn 0.2624 0.4757 -0.8395
vn -0.0718 -0.0679 -0.9951
vn -0.1803 -0.2177 -0.9592
vn 0.0124 0.1381 -0.9903
vn 0.0829 0.3724 -0.9244
vn 0.0056 0.1045 -0.9945
vn -0.1843 -0.5303 -0.8276
vn -0.0531 0.0602 -0.9968
vn 0.0257 0.3629 -0.9315
vn -0.0247 0.1799 -0.9834
vn -0.0469 -0.2863 -0.9570
vn -0.0697 -0.1754 -0.9820
vn -0.0421 0.5631 -0.8253
vn -0.0399 0.1100 -0.9931
vn -0.0071 -0.3474 -0.9377
vn 0.0212 -0.4079 -0.9128
vn -0.1015 0.1712 -0.9800
vn -0.0843 0.2358 -0.9681
vn 0.0866 -0.4572 -0.8851
vn 0.0599 -0.3204 -0.9454
vn -0.0997 0.0983 -0.9901
vn -0.2437 0.4196 -0.8744
vn 0.0396 -0.1257 -0.9913
vn 0.1201 -0.3276 -0.9371
vn -0.1533 0.1324 -0.9793
vn -0.2429 0.2059 -0.9479
vn -0.0455 -0.0067 -0.9989
vn 0.3413 -0.3910 -0.8548
vn -0.0696 -0.0614 -0.9957
vn -0.2733 0.1272 -0.9535
vn -0.0280 -0.0652 -0.9975
vn 0.2509 -0.1630 -0.9542
vn 0.1135 -0.1443 -0.9830
vn -0.4466 0.0493 -0.8934
vn -0.0316 -0.0466 -0.9984
vn 0.2795 -0.0950 -0.9554
vn 0.2181 -0.0614 -0.9740
vn -0.2141 -0.1271 -0.9685
vn -0.1777 -0.0816 -0.9807
vn 0.3984 0.0459 -0.9161
vn 0.1544 -0.0268 -0.9876
vn -0.1410 -0.1562 -0.9776
vn -0.2934 -0.2585 -0.9204
vn 0.1592 0.0623 -0.9853
vn 0.2292 0.0707 -0.9708
vn -0.1783 -0.2618 -0.9485
vn -0.1495 -0.2688 -0.9515
vn 0.0652 -0.0028 -0.9979
vn 0.3287 0.3715 -0.8683
vn 0.0069 -0.1698 -0.9854
vn -0.1013 -0.2944 -0.9503
vn 0.0998 0.0549 -0.9935
vn 0.1739 0.3024 -0.9372
vn 0.1020 0.0362 -0.9941
vn -0.1106 -0.5783 -0.8083
vn 0.0490 0.0131 -0.9987
vn 0.1259 0.3276 -0.9364
vn 0.0779 0.1489 -0.9858
vn 0.0532 -0.3030 -0.9515
vn 0.0341 -0.1849 -0.9822
vn 0.0202 0.7394 -0.6730
vn 0.0696 0.0559 -0.9960
vn 0.0792 -0.4897 -0.8683
vn 0.0913 -0.4292 -0.8986
vn -0.0536 0.2332 -0.9710
vn 0.0251 0.2309 -0.9726
vn 0.2218 -0.6051 -0.7646
vn 0.1164 -0.2683 -0.9563
vn -0.1132 0.3100 -0.9440
vn -0.2480 0.5739 -0.7805
vn 0.1504 -0.0751 -0.9858
vn 0.1546 -0.2388 -0.9587
vn -0.2442 0.3774 -0.8933
vn -0.2815 0.3909 -0.8763
vn 0.0629 0.0493 -0.9968
vn 0.5118 -0.4311 -0.7431
vn -0.0837 0.0371 -0.9958
vn -0.2778 0.2724 -0.9212
vn 0.1177 -0.0099 -0.9930
vn 0.3870 -0.1170 -0.9146
vn 0.0980 -0.0555 -0.9936
vn -0.6144 0.1994 -0.7634
vn 0.0287 0.0974 -0.9948
vn 0.4079 -0.0137 -0.9129
vn 0.2220 0.0287 -0.9746
vn -0.2854 -0.0416 -0.9575
vn -0.1761 0.0705 -0.9818
vn 0.5781 0.2048 -0.7899
vn 0.1163 0.0400 -0.9924
vn -0.3264 -0.1366 -0.9353
vn -0.4152 -0.2117 -0.8847
vn 0.1395 0.2072 -0.9683
vn 0.1958 0.1285 -0.9722
vn -0.3862 -0.3474 -0.8545
vn -0.2666 -0.2409 -0.9332
vn 0.0767 0.1794 -0.9808
vn 0.3715 0.5595 -0.7409
vn -0.0417 -0.1239 -0.9914
vn -0.1876 -0.2309 -0.9547
vn 0.1149 0.3076 -0.9445
vn 0.1646 0.4776 -0.8630
vn 0.0336 0.0367 -0.9988
vn -0.2149 -0.6987 -0.6824
vn -0.0463 0.0905 -0.9948
vn 0.0792 0.4214 -0.9034
vn 0.0022 0.0917 -0.9958
vn -0.0247 -0.3757 -0.9264
vn -0.0682 -0.1287 -0.9893
vn -0.0170 0.7498 -0.6615
vn 0.0132 0.0475 -0.9988
vn 0.0315 -0.5173 -0.8552
vn 0.0440 -0.4644 -0.8845
vn -0.1008 0.2151 -0.9714
vn -0.0238 0.2002 -0.9795
vn 0.1774 -0.6543 -0.7352
vn 0.0683 -0.3187 -0.9454
vn -0.1544 0.2918 -0.9439
vn -0.2726 0.5599 -0.7825
vn 0.1033 -0.1232 -0.9870
vn 0.1075 -0.2964 -0.9490
vn -0.2669 0.3304 -0.9053
vn -0.2972 0.3399 -0.8923
vn 0.0320 -0.0130 -0.9994
vn 0.4698 -0.4744 -0.7444
vn -0.1154 -0.0259 -0.9930
vn -0.2878 0.2009 -0.9364
vn 0.0939 -0.0766 -0.9926
vn 0.3640 -0.1767 -0.9145
vn 0.0796 -0.1280 -0.9886
vn -0.6171 0.1362 -0.7750
vn 0.0255 0.0168 -0.9995
vn 0.4051 -0.0821 -0.9106
vn 0.2217 -0.0435 -0.9741
vn -0.2861 -0.1124 -0.9516
vn -0.1689 -0.0073 -0.9856
vn 0.5844 0.1374 -0.7997
vn 0.1344 -0.0320 -0.9904
vn -0.3068 -0.1965 -0.9313
vn -0.3917 -0.2634 -0.8816
vn 0.1635 0.1338 -0.9774
vn 0.2255 0.0637 -0.9722
vn -0.3516 -0.3885 -0.8517
vn -0.2311 -0.2858 -0.9300
vn 0.1100 0.1208 -0.9866
vn 0.3966 0.5088 -0.7641
vn -0.0026 -0.1837 -0.9830
vn -0.1459 -0.2678 -0.9524
vn 0.1569 0.2688 -0.9503
vn 0.2071 0.4462 -0.8707
vn 0.0822 -0.0029 -0.9966
vn -0.1840 -0.7261 -0.6625
vn 0.0070 0.0652 -0.9978
vn 0.1280 0.4070 -0.9044
vn 0.0541 0.0769 -0.9956
vn 0.0245 -0.3867 -0.9219
vn -0.0137 -0.1364 -0.9906
vn 0.0095 0.0001 -1.0000
s 1
f 1//1 2//2 3//3
f 1//1 3//3 4//4
f 1//1 4//4 5//5
f 1//1 5//5 6//6
f 1//1 6//6 7//7
f 1//1 7//7 8//8
f 1//1 8//8 9//9
f 1//1 9//9 10//10
f 1//1 10//10 11//11
f 1//1 11//11 12//12
f 1//1 12//12 13//13
f 1//1 13//13 14//14
f 1//1 14//14 15//15
f 1//1 15//15 16//16
f 1//1 16//16 17//17
f 1//1 17//17 18//18
f 1//1 18//18 19//19
f 1//1 19//19 20//20
f 1//1 20//20 21//21
f 1//1 21//21 22//22
f 1//1 22//22 23//23
f 1//1 23//23 24//24
f 1//1 24//24 25//25
f 1//1 25//25 26//26
f 1//1 26//26 27//27
f 1//1 27//27 28//28
f 1//1 28//28 29//29
f 1//1 29//29 30//30
f 1//1 30//30 31//31
f 1//1 31//31 32//32
f 1//1 32//32 33//33
f 1//1 33//33 34//34
f 1//1 34//34 35//35
f 1//1 35//35 36//36
f 1//1 36//36 37//37
f 1//1 37//37 38//38
f 1//1 38//38 39//39
f 1//1 39//39 40//40
f 1//1 40//40 41//41
f 1//1 41//41 42//42
f 1//1 42//42 43//43
f 1//1 43//43 44//44
f 1//1 44//44 45//45
f 1//1 45//45 46//46
f 1//1 46//46 47//47
f 1//1 47//47 48//48
f 1//1 48//48 49//49
f 1//1 49//49 50//50
f 1//1 50//50 51//51
f 1//1 51//51 52//52
f 1//1 52//52 53//53
f 1//1 53//53 54//54
f 1//1 54//54 55//55
f 1//1 55//55 56//56
f 1//1 56//56 57//57
f 1//1 57//57 58//58
f 1//1 58//58 59//59
f 1//1 59//59 60//60
f 1//1 60//60 61//61
f 1//1 61//61 62//62
f 1//1 62//62 63//63
f 1//1 63//63 64//64
f 1//1 64//64 65//65
f 1//1 65//65 66//66
f 1//1 66//66 67//67
f 1//1 67//67 68//68
f 1//1 68//68 69//69
f 1//1 69//69 70//70
f 1//1 70//70 71//71
f 1//1 71//71 72//72
f 1//1 72//72 73//73
f 1//1 73//73 74//74
f 1//1 74//74 75//75
f 1//1 75//75 76//76
f 1//1 76//76 77//77
f 1//1 77//77 78//78
f 1//1 78//78 79//79
f 1//1 79//79 80//80
f 1//1 80//80 81//81
f 1//1 81//81 82//82
f 1//1 82//82 83//83
f 1//1 83//83 84//84
f 1//1 84//84 85//85
f 1//1 85//85 86//86
f 1//1 86//86 87//87
f 1//1 87//87 88//88
f 1//1 88//88 89//89
f 1//1 89//89 90//90
f 1//1 90//90 91//91
f 1//1 91//91 92//92
f 1//1 92//92 93//93
f 1//1 93//93 94//94
f 1//1 94//94 95//95
f 1//1 95//95 96//96
f 1//1 96//96 97//97
f 1//1 97//97 2//2
f 2//2 98//98 99//99 3//3
f 3//3 99//99 100//100 4//4
f 4//4 100//100 101//101 5//5
f 5//5 101//101 102//102 6//6
f 6//6 102//102 103//103 7//7
f 7//7 103//103 104//104 8//8
f 8//8 104//104 105//105 9//9
f 9//9 105//105 106//106 10//10
f 10//10 106//106 107//107 11//11
f 11//11 107//107 108//108 12//12
f 12//12 108//108 109//109 13//13
f 13//13 109//109 110//110 14//14
f 14//14 110//110 111//111 15//15
f 15//15 111//111 112//112 16//16
f 16//16 112//112 113//113 17//17
f 17//17 113//113 114//114 18//18
f 18//18 114//114 115//115 19//19
f 19//19 115//115 116//116 20//20
f 20//20 116//116 117//117 21//21
f 21//21 117//117 118//118 22//22
f 22//22 118//118 119//119 23//23
f 23//23 119//119 120//120 24//24
f 24//24 120//120 121//121 25//25
f 25//25 121//121 122//122 26//26
f 26//26 122//122 123//123 27//27
f 27//27 123//123 124//124 28//28
f 28//28 124//124 125//125 29//29
f 29//29 125//125 126//126 30//30
f 30//30 126//126 127//127 31//31
f 31//31 127//127 128//128 32//32
f 32//32 128//128 129//129 33//33
f 33//33 129//129 130//130 34//34
f 34//34 130//130 131//131 35//35
f 35//35 131//131 132//132 36//36
f 36//36 132//132 133//133 37//37
f 37//37 133//133 134//134 38//38
f 38//38 134//134 135//135 39//39
f 39//39 135//135 136//136 40//40
f 40//40 136//136 137//137 41//41
f 41//41 137//137 138//138 42//42
f 42//42 138//138 139//139 43//43
f 43//43 139//139 140//140 44//44
f 44//44 140//140 141//141 45//45
f 45//45 141//141 142//142 46//46
f 46//46 142//142 143//143 47//47
f 47//47 143//143 144//144 48//48
f 48//48 144//144 145//145 49//49
f 49//49 145//145 146//146 50//50
f 50//50 146//146 147//147 51//51
f 51//51 147//147 148//148 52//52
f 52//52 148//148 149//149 53//53
f 53//53 149//149 150//150 54//54
f 54//54 150//150 151//151 55//55
f 55//55 151//151 152//152 56//56
f 56//56 152//152 153//153 57//57
f 57//57 153//153 154//154 58//58
f 58//58 154//154 155//155 59//59
f 59//59 155//155 156//156 60//60
f 60//60 156//156 157//157 61//61
f 61//61 157//157 158//158 62//62
f 62//62 158//158 159//159 63//63
f 63//63 159//159 160//160 64//64
f 64//64 160//160 161//161 65//65
f 65//65 161//161 162//162 66//66
f 66//66 162//162 163//163 67//67
f 67//67 163//163 164//164 68//68
f 68//68 164//164 165//165 69//69
f 69//69 165//165 166//166 70//70
f 70//70 166//166 167//167 71//71
f 71//71 167//167 168//168 72//72
f 72//72 168//168 169//169 73//73
f 73//73 169//169 170//170 74//74
f 74//74 170//170 171//171 75//75
f 75//75 171//171 172//172 76//76
f 76//76 172//172 173//173 77//77
f 77//77 173//173 174//174 78//78
f 78//78 174//174 175//175 79//79
f 79//79 175//175 176//176 80//80
f 80//80 176//176 177//177 81//81
f 81//81 177//177 178//178 82//82
f 82//82 178//178 179//179 83//83
f 83//83 179//179 180//180 84//84
f 84//84 180//180 181//181 85//85
f 85//85 181//181 182//182 86//86
f 86//86 182//182 183//183 87//87
f 87//87 183//183 184//184 88//88
f 88//88 184//184 185//185 89//89
f 89//89 185//185 186//186 90//90
f 90//90 186//186 187//187 91//91
f 91//91 187//187 188//188 92//92
f 92//92 188//188 189//189 93//93
f 93//93 189//189 190//190 94//94
f 94//94 190//190 191//191 95//95
f 95//95 191//191 192//192 96//96
f 96//96 192//192 193//193 97//97
f 97//97 193//193 98//98 2//2
f 98//98 194//194 195//195 99//99
f 99//99 195//195 196//196 100//100
f 100//100 196//196 197//197 101//101
f 101//101 197//197 198//198 102//102
f 102//102 198//198 199//199 103//103
f 103//103 199//199 200//200 104//104
f 104//104 200//200 201//201 105//105
f 105//105 201//201 202//202 106//106
f 106//106 202//202 203//203 107//107
f 107//107 203//203 204//204 108//108
f 108//108 204//204 205//205 109//109
f 109//109 205//205 206//206 110//110
f 110//110 206//206 207//207 111//111
f 111//111 207//207 208//208 112//112
f 112//112 208//208 209//209 113//113
f 113//113 209//209 210//210 114//114
f 114//114 210//210 211//211 115//115
f 115//115 211//211 212//212 116//116
f 116//116 212//212 213//213 117//117
f 117//117 213//213 214//214 118//118
f 118//118 214//214 215//215 119//119
f 119//119 215//215 216//216 120//120
f 120//120 216//216 217//217 121//121
f 121//121 217//217 218//218 122//122
f 122//122 218//218 219//219 123//123
f 123//123 219//219 220//220 124//124
f 124//124 220//220 221//221 125//125
f 125//125 221//221 222//222 126//126
f 126//126 222//222 223//223 127//127
f 127//127 223//223 224//224 128//128
f 128//128 224//224 225//225 129//129
f 129//129 225//225 226//226 130//130
f 130//130 226//226 227//227 131//131
f 131//131 227//227 228//228 132//132
f 132//132 228//228 229//229 133//133
f 133//133 229//229 230//230 134//134
f 134//134 230//230 231//231 135//135
f 135//135 231//231 232//232 136//136
f 136//136 232//232 233//233 137//137
f 137//137 233//233 234//234 138//138
f 138//138 234//234 235//235 139//139
f 139//139 235//235 236//236 140//140
f 140//140 236//236 237//237 141//141
f 141//141 237//237 238//238 142//142
f 142//142 238//238 239//239 143//143
f 143//143 239//239 240//240 144//144
f 144//144 240//240 241//241 145//145
f 145//145 241//241 242//242 146//146
f 146//146 242//242 243//243 147//147
f 147//147 243//243 244//244 148//148
f 148//148 244//244 245//245 149//149
f 149//149 245//245 246//246 150//150
f 150//150 246//246 247//247 151//151
f 151//151 247//247 248//248 152//152
f 152//152 248//248 249//249 153//153
f 153//153 249//249 250//250 154//154
f 154//154 250//250 251//251 155//155
f 155//155 251//251 252//252 156//156
f 156//156 252//252 253//253 157//157
f 157//157 253//253 254//254 158//158
f 158//158 254//254 255//255 159//159
f 159//159 255//255 256//256 160//160
f 160//160 256//256 257//257 161//161
f 161//161 257//257 258//258 162//162
f 162//162 258//258 259//259 163//163
f 163//163 259//259 260//260 164//164
f 164//164 260//260 261//261 165//165
f 165//165 261//261 262//262 166//166
f 166//166 262//262 263//263 167//167
f 167//167 263//263 264//264 168//168
f 168//168 264//264 265//265 169//169
f 169//169 265//265 266//266 170//170
f 170//170 266//266 267//267 171//171
f 171//171 267//267 268//268 172//172
f 172//172 268//268 269//269 173//173
f 173//173 269//269 270//270 174//174
f 174//174 270//270 271//271 175//175
f 175//175 271//271 272//272 176//176
f 176//176 272//272 273//273 177//177
f 177//177 273//273 274//274 178//178
f 178//178 274//274 275//275 179//179
f 179//179 275//275 276//276 180//180
f 180//180 276//276 277//277 181//181
f 181//181 277//277 278//278 182//182
f 182//182 278//278 279//279 183//183
f 183//183 279//279 280//280 184//184
f 184//184 280//280 281//281 185//185
f 185//185 281//281 282//282 186//186
f 186//186 282//282 283//283 187//187
f 187//187 283//283 284//284 188//188
f 188//188 284//284 285//285 189//189
f 189//189 285//285 286//286 190//190
f 190//190 286//286 287//287 191//191
f 191//191 287//287 288//288 192//192
f 192//192 288//288 289//289 193//193
f 193//193 289//289 194//194 98//98
f 194//194 290//290 291//291 195//195
f 195//195 291//291 292//292 196//196
f 196//196 292//292 293//293 197//197
f 197//197 293//293 294//294 198//198
f 198//198 294//294 295//295 199//199
f 199//199 295//295 296//296 200//200
f 200//200 296//296 297//297 201//201
f 201//201 297//297 298//298 202//202
f 202//202 298//298 299//299 203//203
f 203//203 299//299 300//300 204//204
f 204//204 300//300 301//301 205//205
f 205//205 301//301 302//302 206//206
f 206//206 302//302 303//303 207//207
f 207//207 303//303 304//304 208//208
f 208//208 304//304 305//305 209//209
f 209//209 305//305 306//306 210//210
f 210//210 306//306 307//307 211//211
f 211//211 307//307 308//308 212//212
f 212//212 308//308 309//309 213//213
f 213//213 309//309 310//310 214//214
f 214//214 310//310 311//311 215//215
f 215//215 311//311 312//312 216//216
f 216//216 312//312 313//313 217//217
f 217//217 313//313 314//314 218//218
f 218//218 314//314 315//315 219//219
f 219//219 315//315 316//316 220//220
f 220//220 316//316 317//317 221//221
f 221//221 317//317 318//318 222//222
f 222//222 318//318 319//319 223//223
f 223//223 319//319 320//320 224//224
f 224//224 320//320 321//321 225//225
f 225//225 321//321 322//322 226//226
f 226//226 322//322 323//323 227//227
f 227//227 323//323 324//324 228//228
f 228//228 324//324 325//325 229//229
f 229//229 325//325 326//326 230//230
f 230//230 326//326 327//327 231//231
f 231//231 327//327 328//328 232//232
f 232//232 328//328 329//329 233//233
f 233//233 329//329 330//330 234//234
f 234//234 330//330 331//331 235//235
f 235//235 331//331 332//332 236//236
f 236//236 332//332 333//333 237//237
f 237//237 333//333 334//334 238//238
f 238//238 334//334 335//335 239//239
f 239//239 335//335 336//336 240//240
f 240//240 336//336 337//337 241//241
f 241//241 337//337 338//338 242//242
f 242//242 338//338 339//339 243//243
f 243//243 339//339 340//340 244//244
f 244//244 340//340 341//341 245//245
f 245//245 341//341 342//342 246//246
f 246//246 342//342 343//343 247//247
f 247//247 343//343 344//344 248//248
f 248//248 344//344 345//345 249//249
f 249//249 345//345 346//346 250//250
f 250//250 346//346 347//347 251//251
f 251//251 347//347 348//348 252//252
f 252//252 348//348 349//349 253//253
f 253//253 349//349 350//350 254//254
f 254//254 350//350 351//351 255//255
f 255//255 351//351 352//352 256//256
f 256//256 352//352 353//353 257//257
f 257//257 353//353 354//354 258//258
f 258//258 354//354 355//355 259//259
f 259//259 355//355 356//356 260//260
f 260//260 356//356 357//357 261//261
f 261//261 357//357 358//358 262//262
f 262//262 358//358 359//359 263//263
f 263//263 359//359 360//360 264//264
f 264//264 360//360 361//361 265//265
f 265//265 361//361 362//362 266//266
f 266//266 362//362 363//363 267//267
f 267//267 363//363 364//364 268//268
f 268//268 364//364 365//365 269//269
f 269//269 365//365 366//366 270//270
f 270//270 366//366 367//367 271//271
f 271//271 367//367 368//368 272//272
f 272//272 368//368 369//369 273//273
f 273//273 369//369 370//370 274//274
f 274//274 370//370 371//371 275//275
f 275//275 371//371 372//372 276//276
f 276//276 372//372 373//373 277//277
f 277//277 373//373 374//374 278//278
f 278//278 374//374 375//375 279//279
f 279//279 375//375 376//376 280//280
f 280//280 376//376 377//377 281//281
f 281//281 377//377 378//378 282//282
f 282//282 378//378 379//379 283//283
f 283//283 379//379 380//380 284//284
f 284//284 380//380 381//381 285//285
f 285//285 381//381 382//382 286//286
f 286//286 382//382 383//383 287//287
f 287//287 383//383 384//384 288//288
f 288//288 384//384 385//385 289//289
f 289//289 385//385 290//290 194//194
f 290//290 386//386 387//387 291//291
f 291//291 387//387 388//388 292//292
f 292//292 388//388 389//389 293//293
f 293//293 389//389 390//390 294//294
f 294//294 390//390 391//391 295//295
f 295//295 391//391 392//392 296//296
f 296//296 392//392 393//393 297//297
f 297//297 393//393 394//394 298//298
f 298//298 394//394 395//395 299//299
f 299//299 395//395 396//396 300//300
f 300//300 396//396 397//397 301//301
f 301//301 397//397 398//398 302//302
f 302//302 398//398 399//399 303//303
f 303//303 399//399 400//400 304//304
f 304//304 400//400 401//401 305//305
f 305//305 401//401 402//402 306//306
f 306//306 402//402 403//403 307//307
f 307//307 403//403 404//404 308//308
f 308//308 404//404 405//405 309//309
f 309//309 405//405 406//406 310//310
f 310//310 406//406 407//407 311//311
f 311//311 407//407 408//408 312//312
f 312//312 408//408 409//409 313//313
f 313//313 409//409 410//410 314//314
f 314//314 410//410 411//411 315//315
f 315//315 411//411 412//412 316//316
f 316//316 412//412 413//413 317//317
f 317//317 413//413 414//414 318//318
f 318//318 414//414 415//415 319//319
f 319//319 415//415 416//416 320//320
f 320//320 416//416 417//417 321//321
f 321//321 417//417 418//418 322//322
f 322//322 418//418 419//419 323//323
f 323//323 419//419 420//420 324//324
f 324//324 420//420 421//421 325//325
f 325//325 421//421 422//422 326//326
f 326//326 422//422 423//423 327//327
f 327//327 423//423 424//424 328//328
f 328//328 424//424 425//425 329//329
f 329//329 425//425 426//426 330//330
f 330//330 426//426 427//427 331//331
f 331//331 427//427 428//428 332//332
f 332//332 428//428 429//429 333//333
f 333//333 429//429 430//430 334//334
f 334//334 430//430 431//431 335//335
f 335//335 431//431 432//432 336//336
f 336//336 432//432 433//433 337//337
f 337//337 433//433 434//434 338//338
f 338//338 434//434 435//435 339//339
f 339//339 435//435 436//436 340//340
f 340//340 436//436 437//437 341//341
f 341//341 437//437 438//438 342//342
f 342//342 438//438 439//439 343//343
f 343//343 439//439 440//440 344//344
f 344//344 440//440 441//441 345//345
f 345//345 441//441 442//442 346//346
f 346//346 442//442 443//443 347//347
f 347//347 443//443 444//444 348//348
f 348//348 444//444 445//445 349//349
f 349//349 445//445 446//446 350//350
f 350//350 446//446 447//447 351//351
f 351//351 447//447 448//448 352//352
f 352//352 448//448 449//449 353//353
f 353//353 449//449 450//450 354//354
f 354//354 450//450 451//451 355//355
f 355//355 451//451 452//452 356//356
f 356//356 452//452 453//453 357//357
f 357//357 453//453 454//454 358//358
f 358//358 454//454 455//455 359//359
f 359//359 455//455 456//456 360//360
f 360//360 456//456 457//457 361//361
f 361//361 457//457 458//458 362//362
f 362//362 458//458 459//459 363//363
f 363//363 459//459 460//460 364//364
f 364//364 460//460 461//461 365//365
f 365//365 461//461 462//462 366//366
f 366//366 462//462 463//463 367//367
f 367//367 463//463 464//464 368//368
f 368//368 464//464 465//465 369//369
f 369//369 465//465 466//466 370//370
f 370//370 466//466 467//467 371//371
f 371//371 467//467 468//468 372//372
f 372//372 468//468 469//469 373//373
f 373//373 469//469 470//470 374//374
f 374//374 470//470 471//471 375//375
f 375//375 471//471 472//472 376//376
f 376//376 472//472 473//473 377//377
f 377//377 473//473 474//474 378//378
f 378//378 474//474 475//475 379//379
f 379//379 475//475 476//476 380//380
f 380//380 476//476 477//477 381//381
f 381//381 477//477 478//478 382//382
f 382//382 478//478 479//479 383//383
f 383//383 479//479 480//480 384//384
f 384//384 480//480 481//481 385//385
f 385//385 481//481 386//386 290//290
f 386//386 482//482 483//483 387//387
f 387//387 483//483 484//484 388//388
f 388//388 484//484 485//485 389//389
f 389//389 485//485 486//486 390//390
f 390//390 486//486 487//487 391//391
f 391//391 487//487 488//488 392//392
f 392//392 488//488 489//489 393//393
f 393//393 489//489 490//490 394//394
f 394//394 490//490 491//491 395//395
f 395//395 491//491 492//492 396//396
f 396//396 492//492 493//493 397//397
f 397//397 493//493 494//494 398//398
f 398//398 494//494 495//495 399//399
f 399//399 495//495 496//496 400//400
f 400//400 496//496 497//497 401//401
f 401//401 497//497 498//498 402//402
f 402//402 498//498 499//499 403//403
f 403//403 499//499 500//500 404//404
f 404//404 500//500 501//501 405//405
f 405//405 501//501 502//502 406//406
f 406//406 502//502 503//503 407//407
f 407//407 503//503 504//504 408//408
f 408//408 504//504 505//505 409//409
f 409//409 505//505 506//506 410//410
f 410//410 506//506 507//507 411//411
f 411//411 507//507 508//508 412//412
f 412//412 508//508 509//509 413//413
f 413//413 509//509 510//510 414//414
f 414//414 510//510 511//511 415//415
f 415//415 511//511 512//512 416//416
f 416//416 512//512 513//513 417//417
f 417//417 513//513 514//514 418//418
f 418//418 514//514 515//515 419//419
f 419//419 515//515 516//516 420//420
f 420//420 516//516 517//517 421//421
f 421//421 517//517 518//518 422//422
f 422//422 518//518 519//519 423//423
f 423//423 519//519 520//520 424//424
f 424//424 520//520 521//521 425//425
f 425//425 521//521 522//522 426//426
f 426//426 522//522 523//523 427//427
f 427//427 523//523 524//524 428//428
f 428//428 524//524 525//525 429//429
f 429//429 525//525 526//526 430//430
f 430//430 526//526 527//527 431//431
f 431//431 527//527 528//528 432//432
f 432//432 528//528 529//529 433//433
f 433//433 529//529 530//530 434//434
f 434//434 530//530 531//531 435//435
f 435//435 531//531 532//532 436//436
f 436//436 532//532 533//533 437//437
f 437//437 533//533 534//534 438//438
f 438//438 534//534 535//535 439//439
f 439//439 535//535 536//536 440//440
f 440//440 536//536 537//537 441//441
f 441//441 537//537 538//538 442//442
f 442//442 538//538 539//539 443//443
f 443//443 539//539 540//540 444//444
f 444//444 540//540 541//541 445//445
f 445//445 541//541 542//542 446//446
f 446//446 542//542 543//543 447//447
f 447//447 543//543 544//544 448//448
f 448//448 544//544 545//545 449//449
f 449//449 545//545 546//546 450//450
f 450//450 546//546 547//547 451//451
f 451//451 547//547 548//548 452//452
f 452//452 548//548 549//549 453//453
f 453//453 549//549 550//550 454//454
f 454//454 550//550 551//551 455//455
f 455//455 551//551 552//552 456//456
f 456//456 552//552 553//553 457//457
f 457//457 553//553 554//554 458//458
f 458//458 554//554 555//555 459//459
f 459//459 555//555 556//556 460//460
f 460//460 556//556 557//557 461//461
f 461//461 557//557 558//558 462//462
f 462//462 558//558 559//559 463//463
f 463//463 559//559 560//560 464//464
f 464//464 560//560 561//561 465//465
f 465//465 561//561 562//562 466//466
f 466//466 562//562 563//563 467//467
f 467//467 563//563 564//564 468//468
f 468//468 564//564 565//565 469//469
f 469//469 565//565 566//566 470//470
f 470//470 566//566 567//567 471//471
f 471//471 567//567 568//568 472//472
f 472//472 568//568 569//569 473//473
f 473//473 569//569 570//570 474//474
f 474//474 570//570 571//571 475//475
f 475//475 571//571 572//572 476//476
f 476//476 572//572 573//573 477//477
f 477//477 573//573 574//574 478//478
f 478//478 574//574 575//575 479//479
f 479//479 575//575 576//576 480//480
f 480//480 576//576 577//577 481//481
f 481//481 577//577 482//482 386//386
f 482//482 578//578 579//579 483//483
f 483//483 579//579 580//580 484//484
f 484//484 580//580 581//581 485//485
f 485//485 581//581 582//582 486//486
f 486//486 582//582 583//583 487//487
f 487//487 583//583 584//584 488//488
f 488//488 584//584 585//585 489//489
f 489//489 585//585 586//586 490//490
f 490//490 586//586 587//587 491//491
f 491//491 587//587 588//588 492//492
f 492//492 588//588 589//589 493//493
f 493//493 589//589 590//590 494//494
f 494//494 590//590 591//591 495//495
f 495//495 591//591 592//592 496//496
f 496//496 592//592 593//593 497//497
f 497//497 593//593 594//594 498//498
f 498//498 594//594 595//595 499//499
f 499//499 595//595 596//596 500//500
f 500//500 596//596 597//597 501//501
f 501//501 597//597 598//598 502//502
f 502//502 598//598 599//599 503//503
f 503//503 599//599 600//600 504//504
f 504//504 600//600 601//601 505//505
f 505//505 601//601 602//602 506//506
f 506//506 602//602 603//603 507//507
f 507//507 603//603 604//604 508//508
f 508//508 604//604 605//605 509//509
f 509//509 605//605 606//606 510//510
f 510//510 606//606 607//607 511//511
f 511//511 607//607 608//608 512//512
f 512//512 608//608 609//609 513//513
f 513//513 609//609 610//610 514//514
f 514//514 610//610 611//611 515//515
f 515//515 611//611 612//612 516//516
f 516//516 612//612 613//613 517//517
f 517//517 613//613 614//614 518//518
f 518//518 614//614 615//615 519//519
f 519//519 615//615 616//616 520//520
f 520//520 616//616 617//617 521//521
f 521//521 617//617 618//618 522//522
f 522//522 618//618 619//619 523//523
f 523//523 619//619 620//620 524//524
f 524//524 620//620 621//621 525//525
f 525//525 621//621 622//622 526//526
f 526//526 622//622 623//623 527//527
f 527//527 623//623 624//624 528//528
f 528//528 624//624 625//625 529//529
f 529//529 625//625 626//626 530//530
f 530//530 626//626 627//627 531//531
f 531//531 627//627 628//628 532//532
f 532//532 628//628 629//629 533//533
f 533//533 629//629 630//630 534//534
f 534//534 630//630 631//631 535//535
f 535//535 631//631 632//632 536//536
f 536//536 632//632 633//633 537//537
f 537//537 633//633 634//634 538//538
f 538//538 634//634 635//635 539//539
f 539//539 635//635 636//636 540//540
f 540//540 636//636 637//637 541//541
f 541//541 637//637 638//638 542//542
f 542//542 638//638 639//639 543//543
f 543//543 639//639 640//640 544//544
f 544//544 640//640 641//641 545//545
f 545//545 641//641 642//642 546//546
f 546//546 642//642 643//643 547//547
f 547//547 643//643 644//644 548//548
f 548//548 644//644 645//645 549//549
f 549//549 645//645 646//646 550//550
f 550//550 646//646 647//647 551//551
f 551//551 647//647 648//648 552//552
f 552//552 648//648 649//649 553//553
f 553//553 649//649 650//650 554//554
f 554//554 650//650 651//651 555//555
f 555//555 651//651 652//652 556//556
f 556//556 652//652 653//653 557//557
f 557//557 653//653 654//654 558//558
f 558//558 654//654 655//655 559//559
f 559//559 655//655 656//656 560//560
f 560//560 656//656 657//657 561//561
f 561//561 657//657 658//658 562//562
f 562//562 658//658 659//659 563//563
f 563//563 659//659 660//660 564//564
f 564//564 660//660 661//661 565//565
f 565//565 661//661 662//662 566//566
f 566//566 662//662 663//663 567//567
f 567//567 663//663 664//664 568//568
f 568//568 664//664 665//665 569//569
f 569//569 665//665 666//666 570//570
f 570//570 666//666 667//667 571//571
f 571//571 667//667 668//668 572//572
f 572//572 668//668 669//669 573//573
f 573//573 669//669 670//670 574//574
f 574//574 670//670 671//671 575//575
f 575//575 671//671 672//672 576//576
f 576//576 672//672 673//673 577//577
f 577//577 673//673 578//578 482//482
f 578//578 674//674 675//675 579//579
f 579//579 675//675 676//676 580//580
f 580//580 676//676 677//677 581//581
f 581//581 677//677 678//678 582//582
f 582//582 678//678 679//679 583//583
f 583//583 679//679 680//680 584//584
f 584//584 680//680 681//681 585//585
f 585//585 681//681 682//682 586//586
f 586//586 682//682 683//683 587//587
f 587//587 683//683 684//684 588//588
f 588//588 684//684 685//685 589//589
f 589//589 685//685 686//686 590//590
f 590//590 686//686 687//687 591//591
f 591//591 687//687 688//688 592//592
f 592//592 688//688 689//689 593//593
f 593//593 689//689 690//690 594//594
f 594//594 690//690 691//691 595//595
f 595//595 691//691 692//692 596//596
f 596//596 692//692 693//693 597//597
f 597//597 693//693 694//694 598//598
f 598//598 694//694 695//695 599//599
f 599//599 695//695 696//696 600//600
f 600//600 696//696 697//697 601//601
f 601//601 697//697 698//698 602//602
f 602//602 698//698 699//699 603//603
f 603//603 699//699 700//700 604//604
f 604//604 700//700 701//701 605//605
f 605//605 701//701 702//702 606//606
f 606//606 702//702 703//703 607//607
f 607//607 703//703 704//704 608//608
f 608//608 704//704 705//705 609//609
f 609//609 705//705 706//706 610//610
f 610//610 706//706 707//707 611//611
f 611//611 707//707 708//708 612//612
f 612//612 708//708 709//709 613//613
f 613//613 709//709 710//710 614//614
f 614//614 710//710 711//711 615//615
f 615//615 711//711 712//712 616//616
f 616//616 712//712 713//713 617//617
f 617//617 713//713 714//714 618//618
f 618//618 714//714 715//715 619//619
f 619//619 715//715 716//716 620//620
f 620//620 716//716 717//717 621//621
f 621//621 717//717 718//718 622//622
f 622//622 718//718 719//719 623//623
f 623//623 719//719 720//720 624//624
f 624//624 720//720 721//721 625//625
f 625//625 721//721 722//722 626//626
f 626//626 722//722 723//723 627//627
f 627//627 723//723 724//724 628//628
f 628//628 724//724 725//725 629//629
f 629//629 725//725 726//726 630//630
f 630//630 726//726 727//727 631//631
f 631//631 727//727 728//728 632//632
f 632//632 728//728 729//729 633//633
f 633//633 729//729 730//730 634//634
f 634//634 730//730 731//731 635//635
f 635//635 731//731 732//732 636//636
f 636//636 732//732 733//733 637//637
f 637//637 733//733 734//734 638//638
f 638//638 734//734 735//735 639//639
f 639//639 735//735 736//736 640//640
f 640//640 736//736 737//737 641//641
f 641//641 737//737 738//738 642//642
f 642//642 738//738 739//739 643//643
f 643//643 739//739 740//740 644//644
f 644//644 740//740 741//741 645//645
f 645//645 741//741 742//742 646//646
f 646//646 742//742 743//743 647//647
f 647//647 743//743 744//744 648//648
f 648//648 744//744 745//745 649//649
f 649//649 745//745 746//746 650//650
f 650//650 746//746 747//747 651//651
f 651//651 747//747 748//748 652//652
f 652//652 748//748 749//749 653//653
f 653//653 749//749 750//750 654//654
f 654//654 750//750 751//751 655//655
f 655//655 751//751 752//752 656//656
f 656//656 752//752 753//753 657//657
f 657//657 753//753 754//754 658//658
f 658//658 754//754 755//755 659//659
f 659//659 755//755 756//756 660//660
f 660//660 756//756 757//757 661//661
f 661//661 757//757 758//758 662//662
f 662//662 758//758 759//759 663//663
f 663//663 759//759 760//760 664//664
f 664//664 760//760 761//761 665//665
f 665//665 761//761 762//762 666//666
f 666//666 762//762 763//763 667//667
f 667//667 763//763 764//764 668//668
f 668//668 764//764 765//765 669//669
f 669//669 765//765 766//766 670//670
f 670//670 766//766 767//767 671//671
f 671//671 767//767 768//768 672//672
f 672//672 768//768 769//769 673//673
f 673//673 769//769 674//674 578//578
f 674//674 770//770 771//771 675//675
f 675//675 771//771 772//772 676//676
f 676//676 772//772 773//773 677//677
f 677//677 773//773 774//774 678//678
f 678//678 774//774 775//775 679//679
f 679//679 775//775 776//776 680//680
f 680//680 776//776 777//777 681//681
f 681//681 777//777 778//778 682//682
f 682//682 778//778 779//779 683//683
f 683//683 779//779 780//780 684//684
f 684//684 780//780 781//781 685//685
f 685//685 781//781 782//782 686//686
f 686//686 782//782 783//783 687//687
f 687//687 783//783 784//784 688//688
f 688//688 784//784 785//785 689//689
f 689//689 785//785 786//786 690//690
f 690//690 786//786 787//787 691//691
f 691//691 787//787 788//788 692//692
f 692//692 788//788 789//789 693//693
f 693//693 789//789 790//790 694//694
f 694//694 790//790 791//791 695//695
f 695//695 791//791 792//792 696//696
f 696//696 792//792 793//793 697//697
f 697//697 793//793 794//794 698//698
f 698//698 794//794 795//795 699//699
f 699//699 795//795 796//796 700//700
f 700//700 796//796 797//797 701//701
f 701//701 797//797 798//798 702//702
f 702//702 798//798 799//799 703//703
f 703//703 799//799 800//800 704//704
f 704//704 800//800 801//801 705//705
f 705//705 801//801 802//802 706//706
f 706//706 802//802 803//803 707//707
f 707//707 803//803 804//804 708//708
f 708//708 804//804 805//805 709//709
f 709//709 805//805 806//806 710//710
f 710//710 806//806 807//807 711//711
f 711//711 807//807 808//808 712//712
f 712//712 808//808 809//809 713//713
f 713//713 809//809 810//810 714//714
f 714//714 810//810 811//811 715//715
f 715//715 811//811 812//812 716//716
f 716//716 812//812 813//813 717//717
f 717//717 813//813 814//814 718//718
f 718//718 814//814 815//815 719//719
f 719//719 815//815 816//816 720//720
f 720//720 816//816 817//817 721//721
f 721//721 817//817 818//818 722//722
f 722//722 818//818 819//819 723//723
f 723//723 819//819 820//820 724//724
f 724//724 820//820 821//821 725//725
f 725//725 821//821 822//822 726//726
f 726//726 822//822 823//823 727//727
f 727//727 823//823 824//824 728//728
f 728//728 824//824 825//825 729//729
f 729//729 825//825 826//826 730//730
f 730//730 826//826 827//827 731//731
f 731//731 827//827 828//828 732//732
f 732//732 828//828 829//829 733//733
f 733//733 829//829 830//830 734//734
f 734//734 830//830 831//831 735//735
f 735//735 831//831 832//832 736//736
f 736//736 832//832 833//833 737//737
f 737//737 833//833 834//834 738//738
f 738//738 834//834 835//835 739//739
f 739//739 835//835 836//836 740//740
f 740//740 836//836 837//837 741//741
f 741//741 837//837 838//838 742//742
f 742//742 838//838 839//839 743//743
f 743//743 839//839 840//840 744//744
f 744//744 840//840 841//841 745//745
f 745//745 841//841 842//842 746//746
f 746//746 842//842 843//843 747//747
f 747//747 843//843 844//844 748//748
f 748//748 844//844 845//845 749//749
f 749//749 845//845 846//846 750//750
f 750//750 846//846 847//847 751//751
f 751//751 847//847 848//848 752//752
f 752//752 848//848 849//849 753//753
f 753//753 849//849 850//850 754//754
f 754//754 850//850 851//851 755//755
f 755//755 851//851 852//852 756//756
f 756//756 852//852 853//853 757//757
f 757//757 853//853 854//854 758//758
f 758//758 854//854 855//855 759//759
f 759//759 855//855 856//856 760//760
f 760//760 856//856 857//857 761//761
f 761//761 857//857 858//858 762//762
f 762//762 858//858 859//859 763//763
f 763//763 859//859 860//860 764//764
f 764//764 860//860 861//861 765//765
f 765//765 861//861 862//862 766//766
f 766//766 862//862 863//863 767//767
f 767//767 863//863 864//864 768//768
f 768//768 864//864 865//865 769//769
f 769//769 865//865 770//770 674//674
f 770//770 866//866 867//867 771//771
f 771//771 867//867 868//868 772//772
f 772//772 868//868 869//869 773//773
f 773//773 869//869 870//870 774//774
f 774//774 870//870 871//871 775//775
f 775//775 871//871 872//872 776//776
f 776//776 872//872 873//873 777//777
f 777//777 873//873 874//874 778//778
f 778//778 874//874 875//875 779//779
f 779//779 875//875 876//876 780//780
f 780//780 876//876 877//877 781//781
f 781//781 877//877 878//878 782//782
f 782//782 878//878 879//879 783//783
f 783//783 879//879 880//880 784//784
f 784//784 880//880 881//881 785//785
f 785//785 881//881 882//882 786//786
f 786//786 882//882 883//883 787//787
f 787//787 883//883 884//884 788//788
f 788//788 884//884 885//885 789//789
f 789//789 885//885 886//886 790//790
f 790//790 886//886 887//887 791//791
f 791//791 887//887 888//888 792//792
f 792//792 888//888 889//889 793//793
f 793//793 889//889 890//890 794//794
f 794//794 890//890 891//891 795//795
f 795//795 891//891 892//892 796//796
f 796//796 892//892 893//893 797//797
f 797//797 893//893 894//894 798//798
f 798//798 894//894 895//895 799//799
f 799//799 895//895 896//896 800//800
f 800//800 896//896 897//897 801//801
f 801//801 897//897 898//898 802//802
f 802//802 898//898 899//899 803//803
f 803//803 899//899 900//900 804//804
f 804//804 900//900 901//901 805//805
f 805//805 901//901 902//902 806//806
f 806//806 902//902 903//903 807//807
f 807//807 903//903 904//904 808//808
f 808//808 904//904 905//905 809//809
f 809//809 905//905 906//906 810//810
f 810//810 906//906 907//907 811//811
f 811//811 907//907 908//908 812//812
f 812//812 908//908 909//909 813//813
f 813//813 909//909 910//910 814//814
f 814//814 910//910 911//911 815//815
f 815//815 911//911 912//912 816//816
f 816//816 912//912 913//913 817//817
f 817//817 913//913 914//914 818//818
f 818//818 914//914 915//915 819//819
f 819//819 915//915 916//916 820//820
f 820//820 916//916 917//917 821//821
f 821//821 917//917 918//918 822//822
f 822//822 918//918 919//919 823//823
f 823//823 919//919 920//920 824//824
f 824//824 920//920 921//921 825//825
f 825//825 921//921 922//922 826//826
f 826//826 922//922 923//923 827//827
f 827//827 923//923 924//924 828//828
f 828//828 924//924 925//925 829//829
f 829//829 925//925 926//926 830//830
f 830//830 926//926 927//927 831//831
f 831//831 927//927 928//928 832//832
f 832//832 928//928 929//929 833//833
f 833//833 929//929 930//930 834//834
f 834//834 930//930 931//931 835//835
f 835//835 931//931 932//932 836//836
f 836//836 932//932 933//933 837//837
f 837//837 933//933 934//934 838//838
f 838//838 934//934 935//935 839//839
f 839//839 935//935 936//936 840//840
f 840//840 936//936 937//937 841//841
f 841//841 937//937 938//938 842//842
f 842//842 938//938 939//939 843//843
f 843//843 939//939 940//940 844//844
f 844//844 940//940 941//941 845//845
f 845//845 941//941 942//942 846//846
f 846//846 942//942 943//943 847//847
f 847//847 943//943 944//944 848//848
f 848//848 944//944 945//945 849//849
f 849//849 945//945 946//946 850//850
f 850//850 946//946 947//947 851//851
f 851//851 947//947 948//948 852//852
f 852//852 948//948 949//949 853//853
f 853//853 949//949 950//950 854//854
f 854//854 950//950 951//951 855//855
f 855//855 951//951 952//952 856//856
f 856//856 952//952 953//953 857//857
f 857//857 953//953 954//954 858//858
f 858//858 954//954 955//955 859//859
f 859//859 955//955 956//956 860//860
f 860//860 956//956 957//957 861//861
f 861//861 957//957 958//958 862//862
f 862//862 958//958 959//959 863//863
f 863//863 959//959 960//960 864//864
f 864//864 960//960 961//961 865//865
f 865//865 961//961 866//866 770//770
f 866//866 962//962 963//963 867//867
f 867//867 963//963 964//964 868//868
f 868//868 964//964 965//965 869//869
f 869//869 965//965 966//966 870//870
f 870//870 966//966 967//967 871//871
f 871//871 967//967 968//968 872//872
f 872//872 968//968 969//969 873//873
f 873//873 969//969 970//970 874//874
f 874//874 970//970 971//971 875//875
f 875//875 971//971 972//972 876//876
f 876//876 972//972 973//973 877//877
f 877//877 973//973 974//974 878//878
f 878//878 974//974 975//975 879//879
f 879//879 975//975 976//976 880//880
f 880//880 976//976 977//977 881//881
f 881//881 977//977 978//978 882//882
f 882//882 978//978 979//979 883//883
f 883//883 979//979 980//980 884//884
f 884//884 980//980 981//981 885//885
f 885//885 981//981 982//982 886//886
f 886//886 982//982 983//983 887//887
f 887//887 983//983 984//984 888//888
f 888//888 984//984 985//985 889//889
f 889//889 985//985 986//986 890//890
f 890//890 986//986 987//987 891//891
f 891//891 987//987 988//988 892//892
f 892//892 988//988 989//989 893//893
f 893//893 989//989 990//990 894//894
f 894//894 990//990 991//991 895//895
f 895//895 991//991 992//992 896//896
f 896//896 992//992 993//993 897//897
f 897//897 993//993 994//994 898//898
f 898//898 994//994 995//995 899//899
f 899//899 995//995 996//996 900//900
f 900//900 996//996 997//997 901//901
f 901//901 997//997 998//998 902//902
f 902//902 998//998 999//999 903//903
f 903//903 999//999 1000//1000 904//904
f 904//904 1000//1000 1001//1001 905//905
f 905//905 1001//1001 1002//1002 906//906
f 906//906 1002//1002 1003//1003 907//907
f 907//907 1003//1003 1004//1004 908//908
f 908//908 1004//1004 1005//1005 909//909
f 909//909 1005//1005 1006//1006 910//910
f 910//910 1006//1006 1007//1007 911//911
f 911//911 1007//1007 1008//1008 912//912
f 912//912 1008//1008 1009//1009 913//913
f 913//913 1009//1009 1010//1010 914//914
f 914//914 1010//1010 1011//1011 915//915
f 915//915 1011//1011 1012//1012 916//916
f 916//916 1012//1012 1013//1013 917//917
f 917//917 1013//1013 1014//1014 918//918
f 918//918 1014//1014 1015//1015 919//919
f 919//919 1015//1015 1016//1016 920//920
f 920//920 1016//1016 1017//1017 921//921
f 921//921 1017//1017 1018//1018 922//922
f 922//922 1018//1018 1019//1019 923//923
f 923//923 1019//1019 1020//1020 924//924
f 924//924 1020//1020 1021//1021 925//925
f 925//925 1021//1021 1022//1022 926//926
f 926//926 1022//1022 1023//1023 927//927
f 927//927 1023//1023 1024//1024 928//928
f 928//928 1024//1024 1025//1025 929//929
f 929//929 1025//1025 1026//1026 930//930
f 930//930 1026//1026 1027//1027 931//931
f 931//931 1027//1027 1028//1028 932//932
f 932//932 1028//1028 1029//1029 933//933
f 933//933 1029//1029 1030//1030 934//934
f 934//934 1030//1030 1031//1031 935//935
f 935//935 1031//1031 1032//1032 936//936
f 936//936 1032//1032 1033//1033 937//937
f 937//937 1033//1033 1034//1034 938//938
f 938//938 1034//1034 1035//1035 939//939
f 939//939 1035//1035 1036//1036 940//940
f 940//940 1036//1036 1037//1037 941//941
f 941//941 1037//1037 1038//1038 942//942
f 942//942 1038//1038 1039//1039 943//943
f 943//943 1039//1039 1040//1040 944//944
f 944//944 1040//1040 1041//1041 945//945
f 945//945 1041//1041 1042//1042 946//946
f 946//946 1042//1042 1043//1043 947//947
f 947//947 1043//1043 1044//1044 948//948
f 948//948 1044//1044 1045//1045 949//949
f 949//949 1045//1045 1046//1046 950//950
f 950//950 1046//1046 1047//1047 951//951
f 951//951 1047//1047 1048//1048 952//952
f 952//952 1048//1048 1049//1049 953//953
f 953//953 1049//1049 1050//1050 954//954
f 954//954 1050//1050 1051//1051 955//955
f 955//955 1051//1051 1052//1052 956//956
f 956//956 1052//1052 1053//1053 957//957
f 957//957 1053//1053 1054//1054 958//958
f 958//958 1054//1054 1055//1055 959//959
f 959//959 1055//1055 1056//1056 960//960
f 960//960 1056//1056 1057//1057 961//961
f 961//961 1057//1057 962//962 866//866
f 962//962 1058//1058 1059//1059 963//963
f 963//963 1059//1059 1060//1060 964//964
f 964//964 1060//1060 1061//1061 965//965
f 965//965 1061//1061 1062//1062 966//966
f 966//966 1062//1062 1063//1063 967//967
f 967//967 1063//1063 1064//1064 968//968
f 968//968 1064//1064 1065//1065 969//969
f 969//969 1065//1065 1066//1066 970//970
f 970//970 1066//1066 1067//1067 971//971
f 971//971 1067//1067 1068//1068 972//972
f 972//972 1068//1068 1069//1069 973//973
f 973//973 1069//1069 1070//1070 974//974
f 974//974 1070//1070 1071//1071 975//975
f 975//975 1071//1071 1072//1072 976//976
f 976//976 1072//1072 1073//1073 977//977
f 977//977 1073//1073 1074//1074 978//978
f 978//978 1074//1074 1075//1075 979//979
f 979//979 1075//1075 1076//1076 980//980
f 980//980 1076//1076 1077//1077 981//981
f 981//981 1077//1077 1078//1078 982//982
f 982//982 1078//1078 1079//1079 983//983
f 983//983 1079//1079 1080//1080 984//984
f 984//984 1080//1080 1081//1081 985//985
f 985//985 1081//1081 1082//1082 986//986
f 986//986 1082//1082 1083//1083 987//987
f 987//987 1083//1083 1084//1084 988//988
f 988//988 1084//1084 1085//1085 989//989
f 989//989 1085//1085 1086//1086 990//990
f 990//990 1086//1086 1087//1087 991//991
f 991//991 1087//1087 1088//1088 992//992
f 992//992 1088//1088 1089//1089 993//993
f 993//993 1089//1089 1090//1090 994//994
f 994//994 1090//1090 1091//1091 995//995
f 995//995 1091//1091 1092//1092 996//996
f 996//996 1092//1092 1093//1093 997//997
f 997//997 1093//1093 1094//1094 998//998
f 998//998 1094//1094 1095//1095 999//999
f 999//999 1095//1095 1096//1096 1000//1000
f 1000//1000 1096//1096 1097//1097 1001//1001
f 1001//1001 1097//1097 1098//1098 1002//1002
f 1002//1002 1098//1098 1099//1099 1003//1003
f 1003//1003 1099//1099 1100//1100 1004//1004
f 1004//1004 1100//1100 1101//1101 1005//1005
f 1005//1005 1101//1101 1102//1102 1006//1006
f 1006//1006 1102//1102 1103//1103 1007//1007
f 1007//1007 1103//1103 1104//1104 1008//1008
f 1008//1008 1104//1104 1105//1105 1009//1009
f 1009//1009 1105//1105 1106//1106 1010//1010
f 1010//1010 1106//1106 1107//1107 1011//1011
f 1011//1011 1107//1107 1108//1108 1012//1012
f 1012//1012 1108//1108 1109//1109 1013//1013
f 1013//1013 1109//1109 1110//1110 1014//1014
f 1014//1014 1110//1110 1111//1111 1015//1015
f 1015//1015 1111//1111 1112//1112 1016//1016
f 1016//1016 1112//1112 1113//1113 1017//1017
f 1017//1017 1113//1113 1114//1114 1018//1018
f 1018//1018 1114//1114 1115//1115 1019//1019
f 1019//1019 1115//1115 1116//1116 1020//1020
f 1020//1020 1116//1116 1117//1117 1021//1021
f 1021//1021 1117//1117 1118//1118 1022//1022
f 1022//1022 1118//1118 1119//1119 1023//1023
f 1023//1023 1119//1119 1120//1120 1024//1024
f 1024//1024 1120//1120 1121//1121 1025//1025
f 1025//1025 1121//1121 1122//1122 1026//1026
f 1026//1026 1122//1122 1123//1123 1027//1027
f 1027//1027 1123//1123 1124//1124 1028//1028
f 1028//1028 1124//1124 1125//1125 1029//1029
f 1029//1029 1125//1125 1126//1126 1030//1030
f 1030//1030 1126//1126 1127//1127 1031//1031
f 1031//1031 1127//1127 1128//1128 1032//1032
f 1032//1032 1128//1128 1129//1129 1033//1033
f 1033//1033 1129//1129 1130//1130 1034//1034
f 1034//1034 1130//1130 1131//1131 1035//1035
f 1035//1035 1131//1131 1132//1132 1036//1036
f 1036//1036 1132//1132 1133//1133 1037//1037
f 1037//1037 1133//1133 1134//1134 1038//1038
f 1038//1038 1134//1134 1135//1135 1039//1039
f 1039//1039 1135//1135 1136//1136 1040//1040
f 1040//1040 1136//1136 1137//1137 1041//1041
f 1041//1041 1137//1137 1138//1138 1042//1042
f 1042//1042 1138//1138 1139//1139 1043//1043
f 1043//1043 1139//1139 1140//1140 1044//1044
f 1044//1044 1140//1140 1141//1141 1045//1045
f 1045//1045 1141//1141 1142//1142 1046//1046
f 1046//1046 1142//1142 1143//1143 1047//1047
f 1047//1047 1143//1143 1144//1144 1048//1048
f 1048//1048 1144//1144 1145//1145 1049//1049
f 1049//1049 1145//1145 1146//1146 1050//1050
f 1050//1050 1146//1146 1147//1147 1051//1051
f 1051//1051 1147//1147 1148//1148 1052//1052
f 1052//1052 1148//1148 1149//1149 1053//1053
f 1053//1053 1149//1149 1150//1150 1054//1054
f 1054//1054 1150//1150 1151//1151 1055//1055
f 1055//1055 1151//1151 1152//1152 1056//1056
f 1056//1056 1152//1152 1153//1153 1057//1057
f 1057//1057 1153//1153 1058//1058 962//962
f 1058//1058 1154//1154 1155//1155 1059//1059
f 1059//1059 1155//1155 1156//1156 1060//1060
f 1060//1060 1156//1156 1157//1157 1061//1061
f 1061//1061 1157//1157 1158//1158 1062//1062
f 1062//1062 1158//1158 1159//1159 1063//1063
f 1063//1063 1159//1159 1160//1160 1064//1064
f 1064//1064 1160//1160 1161//1161 1065//1065
f 1065//1065 1161//1161 1162//1162 1066//1066
f 1066//1066 1162//1162 1163//1163 1067//1067
f 1067//1067 1163//1163 1164//1164 1068//1068
f 1068//1068 1164//1164 1165//1165 1069//1069
f 1069//1069 1165//1165 1166//1166 1070//1070
f 1070//1070 1166//1166 1167//1167 1071//1071
f 1071//1071 1167//1167 1168//1168 1072//1072
f 1072//1072 1168//1168 1169//1169 1073//1073
f 1073//1073 1169//1169 1170//1170 1074//1074
f 1074//1074 1170//1170 1171//1171 1075//1075
f 1075//1075 1171//1171 1172//1172 1076//1076
f 1076//1076 1172//1172 1173//1173 1077//1077
f 1077//1077 1173//1173 1174//1174 1078//1078
f 1078//1078 1174//1174 1175//1175 1079//1079
f 1079//1079 1175//1175 1176//1176 1080//1080
f 1080//1080 1176//1176 1177//1177 1081//1081
f 1081//1081 1177//1177 1178//1178 1082//1082
f 1082//1082 1178//1178 1179//1179 1083//1083
f 1083//1083 1179//1179 1180//1180 1084//1084
f 1084//1084 1180//1180 1181//1181 1085//1085
f 1085//1085 1181//1181 1182//1182 1086//1086
f 1086//1086 1182//1182 1183//1183 1087//1087
f 1087//1087 1183//1183 1184//1184 1088//1088
f 1088//1088 1184//1184 1185//1185 1089//1089
f 1089//1089 1185//1185 1186//1186 1090//1090
f 1090//1090 1186//1186 1187//1187 1091//1091
f 1091//1091 1187//1187 1188//1188 1092//1092
f 1092//1092 1188//1188 1189//1189 1093//1093
f 1093//1093 1189//1189 1190//1190 1094//1094
f 1094//1094 1190//1190 1191//1191 1095//1095
f 1095//1095 1191//1191 1192//1192 1096//1096
f 1096//1096 1192//1192 1193//1193 1097//1097
f 1097//1097 1193//1193 1194//1194 1098//1098
f 1098//1098 1194//1194 1195//1195 1099//1099
f 1099//1099 1195//1195 1196//1196 1100//1100
f 1100//1100 1196//1196 1197//1197 1101//1101
f 1101//1101 1197//1197 1198//1198 1102//1102
f 1102//1102 1198//1198 1199//1199 1103//1103
f 1103//1103 1199//1199 1200//1200 1104//1104
f 1104//1104 1200//1200 1201//1201 1105//1105
f 1105//1105 1201//1201 1202//1202 1106//1106
f 1106//1106 1202//1202 1203//1203 1107//1107
f 1107//1107 1203//1203 1204//1204 1108//1108
f 1108//1108 1204//1204 1205//1205 1109//1109
f 1109//1109 1205//1205 1206//1206 1110//1110
f 1110//1110 1206//1206 1207//1207 1111//1111
f 1111//1111 1207//1207 1208//1208 1112//1112
f 1112//1112 1208//1208 1209//1209 1113//1113
f 1113//1113 1209//1209 1210//1210 1114//1114
f 1114//1114 1210//1210 1211//1211 1115//1115
f 1115//1115 1211//1211 1212//1212 1116//1116
f 1116//1116 1212//1212 1213//1213 1117//1117
f 1117//1117 1213//1213 1214//1214 1118//1118
f 1118//1118 1214//1214 1215//1215 1119//1119
f 1119//1119 1215//1215 1216//1216 1120//1120
f 1120//1120 1216//1216 1217//1217 1121//1121
f 1121//1121 1217//1217 1218//1218 1122//1122
f 1122//1122 1218//1218 1219//1219 1123//1123
f 1123//1123 1219//1219 1220//1220 1124//1124
f 1124//1124 1220//1220 1221//1221 1125//1125
f 1125//1125 1221//1221 1222//1222 1126//1126
f 1126//1126 1222//1222 1223//1223 1127//1127
f 1127//1127 1223//1223 1224//1224 1128//1128
f 1128//1128 1224//1224 1225//1225 1129//1129
f 1129//1129 1225//1225 1226//1226 1130//1130
f 1130//1130 1226//1226 1227//1227 1131//1131
f 1131//1131 1227//1227 1228//1228 1132//1132
f 1132//1132 1228//1228 1229//1229 1133//1133
f 1133//1133 1229//1229 1230//1230 1134//1134
f 1134//1134 1230//1230 1231//1231 1135//1135
f 1135//1135 1231//1231 1232//1232 1136//1136
f 1136//1136 1232//1232 1233//1233 1137//1137
f 1137//1137 1233//1233 1234//1234 1138//1138
f 1138//1138 1234//1234 1235//1235 1139//1139
f 1139//1139 1235//1235 1236//1236 1140//1140
f 1140//1140 1236//1236 1237//1237 1141//1141
f 1141//1141 1237//1237 1238//1238 1142//1142
f 1142//1142 1238//1238 1239//1239 1143//1143
f 1143//1143 1239//1239 1240//1240 1144//1144
f 1144//1144 1240//1240 1241//1241 1145//1145
f 1145//1145 1241//1241 1242//1242 1146//1146
f 1146//1146 1242//1242 1243//1243 1147//1147
f 1147//1147 1243//1243 1244//1244 1148//1148
f 1148//1148 1244//1244 1245//1245 1149//1149
f 1149//1149 1245//1245 1246//1246 1150//1150
f 1150//1150 1246//1246 1247//1247 1151//1151
f 1151//1151 1247//1247 1248//1248 1152//1152
f 1152//1152 1248//1248 1249//1249 1153//1153
f 1153//1153 1249//1249 1154//1154 1058//1058
f 1154//1154 1250//1250 1251//1251 1155//1155
f 1155//1155 1251//1251 1252//1252 1156//1156
f 1156//1156 1252//1252 1253//1253 1157//1157
f 1157//1157 1253//1253 1254//1254 1158//1158
f 1158//1158 1254//1254 1255//1255 1159//1159
f 1159//1159 1255//1255 1256//1256 1160//1160
f 1160//1160 1256//1256 1257//1257 1161//1161
f 1161//1161 1257//1257 1258//1258 1162//1162
f 1162//1162 1258//1258 1259//1259 1163//1163
f 1163//1163 1259//1259 1260//1260 1164//1164
f 1164//1164 1260//1260 1261//1261 1165//1165
f 1165//1165 1261//1261 1262//1262 1166//1166
f 1166//1166 1262//1262 1263//1263 1167//1167
f 1167//1167 1263//1263 1264//1264 1168//1168
f 1168//1168 1264//1264 1265//1265 1169//1169
f 1169//1169 1265//1265 1266//1266 1170//1170
f 1170//1170 1266//1266 1267//1267 1171//1171
f 1171//1171 1267//1267 1268//1268 1172//1172
f 1172//1172 1268//1268 1269//1269 1173//1173
f 1173//1173 1269//1269 1270//1270 1174//1174
f 1174//1174 1270//1270 1271//1271 1175//1175
f 1175//1175 1271//1271 1272//1272 1176//1176
f 1176//1176 1272//1272 1273//1273 1177//1177
f 1177//1177 1273//1273 1274//1274 1178//1178
f 1178//1178 1274//1274 1275//1275 1179//1179
f 1179//1179 1275//1275 1276//1276 1180//1180
f 1180//1180 1276//1276 1277//1277 1181//1181
f 1181//1181 1277//1277 1278//1278 1182//1182
f 1182//1182 1278//1278 1279//1279 1183//1183
f 1183//1183 1279//1279 1280//1280 1184//1184
f 1184//1184 1280//1280 1281//1281 1185//1185
f 1185//1185 1281//1281 1282//1282 1186//1186
f 1186//1186 1282//1282 1283//1283 1187//1187
f 1187//1187 1283//1283 1284//1284 1188//1188
f 1188//1188 1284//1284 1285//1285 1189//1189
f 1189//1189 1285//1285 1286//1286 1190//1190
f 1190//1190 1286//1286 1287//1287 1191//1191
f 1191//1191 1287//1287 1288//1288 1192//1192
f 1192//1192 1288//1288 1289//1289 1193//1193
f 1193//1193 1289//1289 1290//1290 1194//1194
f 1194//1194 1290//1290 1291//1291 1195//1195
f 1195//1195 1291//1291 1292//1292 1196//1196
f 1196//1196 1292//1292 1293//1293 1197//1197
f 1197//1197 1293//1293 1294//1294 1198//1198
f 1198//1198 1294//1294 1295//1295 1199//1199
f 1199//1199 1295//1295 1296//1296 1200//1200
f 1200//1200 1296//1296 1297//1297 1201//1201
f 1201//1201 1297//1297 1298//1298 1202//1202
f 1202//1202 1298//1298 1299//1299 1203//1203
f 1203//1203 1299//1299 1300//1300 1204//1204
f 1204//1204 1300//1300 1301//1301 1205//1205
f 1205//1205 1301//1301 1302//1302 1206//1206
f 1206//1206 1302//1302 1303//1303 1207//1207
f 1207//1207 1303//1303 1304//1304 1208//1208
f 1208//1208 1304//1304 1305//1305 1209//1209
f 1209//1209 1305//1305 1306//1306 1210//1210
f 1210//1210 1306//1306 1307//1307 1211//1211
f 1211//1211 1307//1307 1308//1308 1212//1212
f 1212//1212 1308//1308 1309//1309 1213//1213
f 1213//1213 1309//1309 1310//1310 1214//1214
f 1214//1214 1310//1310 1311//1311 1215//1215
f 1215//1215 1311//1311 1312//1312 1216//1216
f 1216//1216 1312//1312 1313//1313 1217//1217
f 1217//1217 1313//1313 1314//1314 1218//1218
f 1218//1218 1314//1314 1315//1315 1219//1219
f 1219//1219 1315//1315 1316//1316 1220//1220
f 1220//1220 1316//1316 1317//1317 1221//1221
f 1221//1221 1317//1317 1318//1318 1222//1222
f 1222//1222 1318//1318 1319//1319 1223//1223
f 1223//1223 1319//1319 1320//1320 1224//1224
f 1224//1224 1320//1320 1321//1321 1225//1225
f 1225//1225 1321//1321 1322//1322 1226//1226
f 1226//1226 1322//1322 1323//1323 1227//1227
f 1227//1227 1323//1323 1324//1324 1228//1228
f 1228//1228 1324//1324 1325//1325 1229//1229
f 1229//1229 1325//1325 1326//1326 1230//1230
f 1230//1230 1326//1326 1327//1327 1231//1231
f 1231//1231 1327//1327 1328//1328 1232//1232
f 1232//1232 1328//1328 1329//1329 1233//1233
f 1233//1233 1329//1329 1330//1330 1234//1234
f 1234//1234 1330//1330 1331//1331 1235//1235
f 1235//1235 1331//1331 1332//1332 1236//1236
f 1236//1236 1332//1332 1333//1333 1237//1237
f 1237//1237 1333//1333 1334//1334 1238//1238
f 1238//1238 1334//1334 1335//1335 1239//1239
f 1239//1239 1335//1335 1336//1336 1240//1240
f 1240//1240 1336//1336 1337//1337 1241//1241
f 1241//1241 1337//1337 1338//1338 1242//1242
f 1242//1242 1338//1338 1339//1339 1243//1243
f 1243//1243 1339//1339 1340//1340 1244//1244
f 1244//1244 1340//1340 1341//1341 1245//1245
f 1245//1245 1341//1341 1342//1342 1246//1246
f 1246//1246 1342//1342 1343//1343 1247//1247
f 1247//1247 1343//1343 1344//1344 1248//1248
f 1248//1248 1344//1344 1345//1345 1249//1249
f 1249//1249 1345//1345 1250//1250 1154//1154
f 1250//1250 1346//1346 1347//1347 1251//1251
f 1251//1251 1347//1347 1348//1348 1252//1252
f 1252//1252 1348//1348 1349//1349 1253//1253
f 1253//1253 1349//1349 1350//1350 1254//1254
f 1254//1254 1350//1350 1351//1351 1255//1255
f 1255//1255 1351//1351 1352//1352 1256//1256
f 1256//1256 1352//1352 1353//1353 1257//1257
f 1257//1257 1353//1353 1354//1354 1258//1258
f 1258//1258 1354//1354 1355//1355 1259//1259
f 1259//1259 1355//1355 1356//1356 1260//1260
f 1260//1260 1356//1356 1357//1357 1261//1261
f 1261//1261 1357//1357 1358//1358 1262//1262
f 1262//1262 1358//1358 1359//1359 1263//1263
f 1263//1263 1359//1359 1360//1360 1264//1264
f 1264//1264 1360//1360 1361//1361 1265//1265
f 1265//1265 1361//1361 1362//1362 1266//1266
f 1266//1266 1362//1362 1363//1363 1267//1267
f 1267//1267 1363//1363 1364//1364 1268//1268
f 1268//1268 1364//1364 1365//1365 1269//1269
f 1269//1269 1365//1365 1366//1366 1270//1270
f 1270//1270 1366//1366 1367//1367 1271//1271
f 1271//1271 1367//1367 1368//1368 1272//1272
f 1272//1272 1368//1368 1369//1369 1273//1273
f 1273//1273 1369//1369 1370//1370 1274//1274
f 1274//1274 1370//1370 1371//1371 1275//1275
f 1275//1275 1371//1371 1372//1372 1276//1276
f 1276//1276 1372//1372 1373//1373 1277//1277
f 1277//1277 1373//1373 1374//1374 1278//1278
f 1278//1278 1374//1374 1375//1375 1279//1279
f 1279//1279 1375//1375 1376//1376 1280//1280
f 1280//1280 1376//1376 1377//1377 1281//1281
f 1281//1281 1377//1377 1378//1378 1282//1282
f 1282//1282 1378//1378 1379//1379 1283//1283
f 1283//1283 1379//1379 1380//1380 1284//1284
f 1284//1284 1380//1380 1381//1381 1285//1285
f 1285//1285 1381//1381 1382//1382 1286//1286
f 1286//1286 1382//1382 1383//1383 1287//1287
f 1287//1287 1383//1383 1384//1384 1288//1288
f 1288//1288 1384//1384 1385//1385 1289//1289
f 1289//1289 1385//1385 1386//1386 1290//1290
f 1290//1290 1386//1386 1387//1387 1291//1291
f 1291//1291 1387//1387 1388//1388 1292//1292
f 1292//1292 1388//1388 1389//1389 1293//1293
f 1293//1293 1389//1389 1390//1390 1294//1294
f 1294//1294 1390//1390 1391//1391 1295//1295
f 1295//1295 1391//1391 1392//1392 1296//1296
f 1296//1296 1392//1392 1393//1393 1297//1297
f 1297//1297 1393//1393 1394//1394 1298//1298
f 1298//1298 1394//1394 1395//1395 1299//1299
f 1299//1299 1395//1395 1396//1396 1300//1300
f 1300//1300 1396//1396 1397//1397 1301//1301
f 1301//1301 1397//1397 1398//1398 1302//1302
f 1302//1302 1398//1398 1399//1399 1303//1303
f 1303//1303 1399//1399 1400//1400 1304//1304
f 1304//1304 1400//1400 1401//1401 1305//1305
f 1305//1305 1401//1401 1402//1402 1306//1306
f 1306//1306 1402//1402 1403//1403 1307//1307
f 1307//1307 1403//1403 1404//1404 1308//1308
f 1308//1308 1404//1404 1405//1405 1309//1309
f 1309//1309 1405//1405 1406//1406 1310//1310
f 1310//1310 1406//1406 1407//1407 1311//1311
f 1311//1311 1407//1407 1408//1408 1312//1312
f 1312//1312 1408//1408 1409//1409 1313//1313
f 1313//1313 1409//1409 1410//1410 1314//1314
f 1314//1314 1410//1410 1411//1411 1315//1315
f 1315//1315 1411//1411 1412//1412 1316//1316
f 1316//1316 1412//1412 1413//1413 1317//1317
f 1317//1317 1413//1413 1414//1414 1318//1318
f 1318//1318 1414//1414 1415//1415 1319//1319
f 1319//1319 1415//1415 1416//1416 1320//1320
f 1320//1320 1416//1416 1417//1417 1321//1321
f 1321//1321 1417//1417 1418//1418 1322//1322
f 1322//1322 1418//1418 1419//1419 1323//1323
f 1323//1323 1419//1419 1420//1420 1324//1324
f 1324//1324 1420//1420 1421//1421 1325//1325
f 1325//1325 1421//1421 1422//1422 1326//1326
f 1326//1326 1422//1422 1423//1423 1327//1327
f 1327//1327 1423//1423 1424//1424 1328//1328
f 1328//1328 1424//1424 1425//1425 1329//1329
f 1329//1329 1425//1425 1426//1426 1330//1330
f 1330//1330 1426//1426 1427//1427 1331//1331
f 1331//1331 1427//1427 1428//1428 1332//1332
f 1332//1332 1428//1428 1429//1429 1333//1333
f 1333//1333 1429//1429 1430//1430 1334//1334
f 1334//1334 1430//1430 1431//1431 1335//1335
f 1335//1335 1431//1431 1432//1432 1336//1336
f 1336//1336 1432//1432 1433//1433 1337//1337
f 1337//1337 1433//1433 1434//1434 1338//1338
f 1338//1338 1434//1434 1435//1435 1339//1339
f 1339//1339 1435//1435 1436//1436 1340//1340
f 1340//1340 1436//1436 1437//1437 1341//1341
f 1341//1341 1437//1437 1438//1438 1342//1342
f 1342//1342 1438//1438 1439//1439 1343//1343
f 1343//1343 1439//1439 1440//1440 1344//1344
f 1344//1344 1440//1440 1441//1441 1345//1345
f 1345//1345 1441//1441 1346//1346 1250//1250
f 1346//1346 1442//1442 1443//1443 1347//1347
f 1347//1347 1443//1443 1444//1444 1348//1348
f 1348//1348 1444//1444 1445//1445 1349//1349
f 1349//1349 1445//1445 1446//1446 1350//1350
f 1350//1350 1446//1446 1447//1447 1351//1351
f 1351//1351 1447//1447 1448//1448 1352//1352
f 1352//1352 1448//1448 1449//1449 1353//1353
f 1353//1353 1449//1449 1450//1450 1354//1354
f 1354//1354 1450//1450 1451//1451 1355//1355
f 1355//1355 1451//1451 1452//1452 1356//1356
f 1356//1356 1452//1452 1453//1453 1357//1357
f 1357//1357 1453//1453 1454//1454 1358//1358
f 1358//1358 1454//1454 1455//1455 1359//1359
f 1359//1359 1455//1455 1456//1456 1360//1360
f 1360//1360 1456//1456 1457//1457 1361//1361
f 1361//1361 1457//1457 1458//1458 1362//1362
f 1362//1362 1458//1458 1459//1459 1363//1363
f 1363//1363 1459//1459 1460//1460 1364//1364
f 1364//1364 1460//1460 1461//1461 1365//1365
f 1365//1365 1461//1461 1462//1462 1366//1366
f 1366//1366 1462//1462 1463//1463 1367//1367
f 1367//1367 1463//1463 1464//1464 1368//1368
f 1368//1368 1464//1464 1465//1465 1369//1369
f 1369//1369 1465//1465 1466//1466 1370//1370
f 1370//1370 1466//1466 1467//1467 1371//1371
f 1371//1371 1467//1467 1468//1468 1372//1372
f 1372//1372 1468//1468 1469//1469 1373//1373
f 1373//1373 1469//1469 1470//1470 1374//1374
f 1374//1374 1470//1470 1471//1471 1375//1375
f 1375//1375 1471//1471 1472//1472 1376//1376
f 1376//1376 1472//1472 1473//1473 1377//1377
f 1377//1377 1473//1473 1474//1474 1378//1378
f 1378//1378 1474//1474 1475//1475 1379//1379
f 1379//1379 1475//1475 1476//1476 1380//1380
f 1380//1380 1476//1476 1477//1477 1381//1381
f 1381//1381 1477//1477 1478//1478 1382//1382
f 1382//1382 1478//1478 1479//1479 1383//1383
f 1383//1383 1479//1479 1480//1480 1384//1384
f 1384//1384 1480//1480 1481//1481 1385//1385
f 1385//1385 1481//1481 1482//1482 1386//1386
f 1386//1386 1482//1482 1483//1483 1387//1387
f 1387//1387 1483//1483 1484//1484 1388//1388
f 1388//1388 1484//1484 1485//1485 1389//1389
f 1389//1389 1485//1485 1486//1486 1390//1390
f 1390//1390 1486//1486 1487//1487 1391//1391
f 1391//1391 1487//1487 1488//1488 1392//1392
f 1392//1392 1488//1488 1489//1489 1393//1393
f 1393//1393 1489//1489 1490//1490 1394//1394
f 1394//1394 1490//1490 1491//1491 1395//1395
f 1395//1395 1491//1491 1492//1492 1396//1396
f 1396//1396 1492//1492 1493//1493 1397//1397
f 1397//1397 1493//1493 1494//1494 1398//1398
f 1398//1398 1494//1494 1495//1495 1399//1399
f 1399//1399 1495//1495 1496//1496 1400//1400
f 1400//1400 1496//1496 1497//1497 1401//1401
f 1401//1401 1497//1497 1498//1498 1402//1402
f 1402//1402 1498//1498 1499//1499 1403//1403
f 1403//1403 1499//1499 1500//1500 1404//1404
f 1404//1404 1500//1500 1501//1501 1405//1405
f 1405//1405 1501//1501 1502//1502 1406//1406
f 1406//1406 1502//1502 1503//1503 1407//1407
f 1407//1407 1503//1503 1504//1504 1408//1408
f 1408//1408 1504//1504 1505//1505 1409//1409
f 1409//1409 1505//1505 1506//1506 1410//1410
f 1410//1410 1506//1506 1507//1507 1411//1411
f 1411//1411 1507//1507 1508//1508 1412//1412
f 1412//1412 1508//1508 1509//1509 1413//1413
f 1413//1413 1509//1509 1510//1510 1414//1414
f 1414//1414 1510//1510 1511//1511 1415//1415
f 1415//1415 1511//1511 1512//1512 1416//1416
f 1416//1416 1512//1512 1513//1513 1417//1417
f 1417//1417 1513//1513 1514//1514 1418//1418
f 1418//1418 1514//1514 1515//1515 1419//1419
f 1419//1419 1515//1515 1516//1516 1420//1420
f 1420//1420 1516//1516 1517//1517 1421//1421
f 1421//1421 1517//1517 1518//1518 1422//1422
f 1422//1422 1518//1518 1519//1519 1423//1423
f 1423//1423 1519//1519 1520//1520 1424//1424
f 1424//1424 1520//1520 1521//1521 1425//1425
f 1425//1425 1521//1521 1522//1522 1426//1426
f 1426//1426 1522//1522 1523//1523 1427//1427
f 1427//1427 1523//1523 1524//1524 1428//1428
f 1428//1428 1524//1524 1525//1525 1429//1429
f 1429//1429 1525//1525 1526//1526 1430//1430
f 1430//1430 1526//1526 1527//1527 1431//1431
f 1431//1431 1527//1527 1528//1528 1432//1432
f 1432//1432 1528//1528 1529//1529 1433//1433
f 1433//1433 1529//1529 1530//1530 1434//1434
f 1434//1434 1530//1530 1531//1531 1435//1435
f 1435//1435 1531//1531 1532//1532 1436//1436
f 1436//1436 1532//1532 1533//1533 1437//1437
f 1437//1437 1533//1533 1534//1534 1438//1438
f 1438//1438 1534//1534 1535//1535 1439//1439
f 1439//1439 1535//1535 1536//1536 1440//1440
f 1440//1440 1536//1536 1537//1537 1441//1441
f 1441//1441 1537//1537 1442//1442 1346//1346
f 1442//1442 1538//1538 1539//1539 1443//1443
f 1443//1443 1539//1539 1540//1540 1444//1444
f 1444//1444 1540//1540 1541//1541 1445//1445
f 1445//1445 1541//1541 1542//1542 1446//1446
f 1446//1446 1542//1542 1543//1543 1447//1447
f 1447//1447 1543//1543 1544//1544 1448//1448
f 1448//1448 1544//1544 1545//1545 1449//1449
f 1449//1449 1545//1545 1546//1546 1450//1450
f 1450//1450 1546//1546 1547//1547 1451//1451
f 1451//1451 1547//1547 1548//1548 1452//1452
f 1452//1452 1548//1548 1549//1549 1453//1453
f 1453//1453 1549//1549 1550//1550 1454//1454
f 1454//1454 1550//1550 1551//1551 1455//1455
f 1455//1455 1551//1551 1552//1552 1456//1456
f 1456//1456 1552//1552 1553//1553 1457//1457
f 1457//1457 1553//1553 1554//1554 1458//1458
f 1458//1458 1554//1554 1555//1555 1459//1459
f 1459//1459 1555//1555 1556//1556 1460//1460
f 1460//1460 1556//1556 1557//1557 1461//1461
f 1461//1461 1557//1557 1558//1558 1462//1462
f 1462//1462 1558//1558 1559//1559 1463//1463
f 1463//1463 1559//1559 1560//1560 1464//1464
f 1464//1464 1560//1560 1561//1561 1465//1465
f 1465//1465 1561//1561 1562//1562 1466//1466
f 1466//1466 1562//1562 1563//1563 1467//1467
f 1467//1467 1563//1563 1564//1564 1468//1468
f 1468//1468 1564//1564 1565//1565 1469//1469
f 1469//1469 1565//1565 1566//1566 1470//1470
f 1470//1470 1566//1566 1567//1567 1471//1471
f 1471//1471 1567//1567 1568//1568 1472//1472
f 1472//1472 1568//1568 1569//1569 1473//1473
f 1473//1473 1569//1569 1570//1570 1474//1474
f 1474//1474 1570//1570 1571//1571 1475//1475
f 1475//1475 1571//1571 1572//1572 1476//1476
f 1476//1476 1572//1572 1573//1573 1477//1477
f 1477//1477 1573//1573 1574//1574 1478//1478
f 1478//1478 1574//1574 1575//1575 1479//1479
f 1479//1479 1575//1575 1576//1576 1480//1480
f 1480//1480 1576//1576 1577//1577 1481//1481
f 1481//1481 1577//1577 1578//1578 1482//1482
f 1482//1482 1578//1578 1579//1579 1483//1483
f 1483//1483 1579//1579 1580//1580 1484//1484
f 1484//1484 1580//1580 1581//1581 1485//1485
f 1485//1485 1581//1581 1582//1582 1486//1486
f 1486//1486 1582//1582 1583//1583 1487//1487
f 1487//1487 1583//1583 1584//1584 1488//1488
f 1488//1488 1584//1584 1585//1585 1489//1489
f 1489//1489 1585//1585 1586//1586 1490//1490
f 1490//1490 1586//1586 1587//1587 1491//1491
f 1491//1491 1587//1587 1588//1588 1492//1492
f 1492//1492 1588//1588 1589//1589 1493//1493
f 1493//1493 1589//1589 1590//1590 1494//1494
f 1494//1494 1590//1590 1591//1591 1495//1495
f 1495//1495 1591//1591 1592//1592 1496//1496
f 1496//1496 1592//1592 1593//1593 1497//1497
f 1497//1497 1593//1593 1594//1594 1498//1498
f 1498//1498 1594//1594 1595//1595 1499//1499
f 1499//1499 1595//1595 1596//1596 1500//1500
f 1500//1500 1596//1596 1597//1597 1501//1501
f 1501//1501 1597//1597 1598//1598 1502//1502
f 1502//1502 1598//1598 1599//1599 1503//1503
f 1503//1503 1599//1599 1600//1600 1504//1504
f 1504//1504 1600//1600 1601//1601 1505//1505
f 1505//1505 1601//1601 1602//1602 1506//1506
f 1506//1506 1602//1602 1603//1603 1507//1507
f 1507//1507 1603//1603 1604//1604 1508//1508
f 1508//1508 1604//1604 1605//1605 1509//1509
f 1509//1509 1605//1605 1606//1606 1510//1510
f 1510//1510 1606//1606 1607//1607 1511//1511
f 1511//1511 1607//1607 1608//1608 1512//1512
f 1512//1512 1608//1608 1609//1609 1513//1513
f 1513//1513 1609//1609 1610//1610 1514//1514
f 1514//1514 1610//1610 1611//1611 1515//1515
f 1515//1515 1611//1611 1612//1612 1516//1516
f 1516//1516 1612//1612 1613//1613 1517//1517
f 1517//1517 1613//1613 1614//1614 1518//1518
f 1518//1518 1614//1614 1615//1615 1519//1519
f 1519//1519 1615//1615 1616//1616 1520//1520
f 1520//1520 1616//1616 1617//1617 1521//1521
f 1521//1521 1617//1617 1618//1618 1522//1522
f 1522//1522 1618//1618 1619//1619 1523//1523
f 1523//1523 1619//1619 1620//1620 1524//1524
f 1524//1524 1620//1620 1621//1621 1525//1525
f 1525//1525 1621//1621 1622//1622 1526//1526
f 1526//1526 1622//1622 1623//1623 1527//1527
f 1527//1527 1623//1623 1624//1624 1528//1528
f 1528//1528 1624//1624 1625//1625 1529//1529
f 1529//1529 1625//1625 1626//1626 1530//1530
f 1530//1530 1626//1626 1627//1627 1531//1531
f 1531//1531 1627//1627 1628//1628 1532//1532
f 1532//1532 1628//1628 1629//1629 1533//1533
f 1533//1533 1629//1629 1630//1630 1534//1534
f 1534//1534 1630//1630 1631//1631 1535//1535
f 1535//1535 1631//1631 1632//1632 1536//1536
f 1536//1536 1632//1632 1633//1633 1537//1537
f 1537//1537 1633//1633 1538//1538 1442//1442
f 1538//1538 1634//1634 1635//1635 1539//1539
f 1539//1539 1635//1635 1636//1636 1540//1540
f 1540//1540 1636//1636 1637//1637 1541//1541
f 1541//1541 1637//1637 1638//1638 1542//1542
f 1542//1542 1638//1638 1639//1639 1543//1543
f 1543//1543 1639//1639 1640//1640 1544//1544
f 1544//1544 1640//1640 1641//1641 1545//1545
f 1545//1545 1641//1641 1642//1642 1546//1546
f 1546//1546 1642//1642 1643//1643 1547//1547
f 1547//1547 1643//1643 1644//1644 1548//1548
f 1548//1548 1644//1644 1645//1645 1549//1549
f 1549//1549 1645//1645 1646//1646 1550//1550
f 1550//1550 1646//1646 1647//1647 1551//1551
f 1551//1551 1647//1647 1648//1648 1552//1552
f 1552//1552 1648//1648 1649//1649 1553//1553
f 1553//1553 1649//1649 1650//1650 1554//1554
f 1554//1554 1650//1650 1651//1651 1555//1555
f 1555//1555 1651//1651 1652//1652 1556//1556
f 1556//1556 1652//1652 1653//1653 1557//1557
f 1557//1557 1653//1653 1654//1654 1558//1558
f 1558//1558 1654//1654 1655//1655 1559//1559
f 1559//1559 1655//1655 1656//1656 1560//1560
f 1560//1560 1656//1656 1657//1657 1561//1561
f 1561//1561 1657//1657 1658//1658 1562//1562
f 1562//1562 1658//1658 1659//1659 1563//1563
f 1563//1563 1659//1659 1660//1660 1564//1564
f 1564//1564 1660//1660 1661//1661 1565//1565
f 1565//1565 1661//1661 1662//1662 1566//1566
f 1566//1566 1662//1662 1663//1663 1567//1567
f 1567//1567 1663//1663 1664//1664 1568//1568
f 1568//1568 1664//1664 1665//1665 1569//1569
f 1569//1569 1665//1665 1666//1666 1570//1570
f 1570//1570 1666//1666 1667//1667 1571//1571
f 1571//1571 1667//1667 1668//1668 1572//1572
f 1572//1572 1668//1668 1669//1669 1573//1573
f 1573//1573 1669//1669 1670//1670 1574//1574
f 1574//1574 1670//1670 1671//1671 1575//1575
f 1575//1575 1671//1671 1672//1672 1576//1576
f 1576//1576 1672//1672 1673//1673 1577//1577
f 1577//1577 1673//1673 1674//1674 1578//1578
f 1578//1578 1674//1674 1675//1675 1579//1579
f 1579//1579 1675//1675 1676//1676 1580//1580
f 1580//1580 1676//1676 1677//1677 1581//1581
f 1581//1581 1677//1677 1678//1678 1582//1582
f 1582//1582 1678//1678 1679//1679 1583//1583
f 1583//1583 1679//1679 1680//1680 1584//1584
f 1584//1584 1680//1680 1681//1681 1585//1585
f 1585//1585 1681//1681 1682//1682 1586//1586
f 1586//1586 1682//1682 1683//1683 1587//1587
f 1587//1587 1683//1683 1684//1684 1588//1588
f 1588//1588 1684//1684 1685//1685 1589//1589
f 1589//1589 1685//1685 1686//1686 1590//1590
f 1590//1590 1686//1686 1687//1687 1591//1591
f 1591//1591 1687//1687 1688//1688 1592//1592
f 1592//1592 1688//1688 1689//1689 1593//1593
f 1593//1593 1689//1689 1690//1690 1594//1594
f 1594//1594 1690//1690 1691//1691 1595//1595
f 1595//1595 1691//1691 1692//1692 1596//1596
f 1596//1596 1692//1692 1693//1693 1597//1597
f 1597//1597 1693//1693 1694//1694 1598//1598
f 1598//1598 1694//1694 1695//1695 1599//1599
f 1599//1599 1695//1695 1696//1696 1600//1600
f 1600//1600 1696//1696 1697//1697 1601//1601
f 1601//1601 1697//1697 1698//1698 1602//1602
f 1602//1602 1698//1698 1699//1699 1603//1603
f 1603//1603 1699//1699 1700//1700 1604//1604
f 1604//1604 1700//1700 1701//1701 1605//1605
f 1605//1605 1701//1701 1702//1702 1606//1606
f 1606//1606 1702//1702 1703//1703 1607//1607
f 1607//1607 1703//1703 1704//1704 1608//1608
f 1608//1608 1704//1704 1705//1705 1609//1609
f 1609//1609 1705//1705 1706//1706 1610//1610
f 1610//1610 1706//1706 1707//1707 1611//1611
f 1611//1611 1707//1707 1708//1708 1612//1612
f 1612//1612 1708//1708 1709//1709 1613//1613
f 1613//1613 1709//1709 1710//1710 1614//1614
f 1614//1614 1710//1710 1711//1711 1615//1615
f 1615//1615 1711//1711 1712//1712 1616//1616
f 1616//1616 1712//1712 1713//1713 1617//1617
f 1617//1617 1713//1713 1714//1714 1618//1618
f 1618//1618 1714//1714 1715//1715 1619//1619
f 1619//1619 1715//1715 1716//1716 1620//1620
f 1620//1620 1716//1716 1717//1717 1621//1621
f 1621//1621 1717//1717 1718//1718 1622//1622
f 1622//1622 1718//1718 1719//1719 1623//1623
f 1623//1623 1719//1719 1720//1720 1624//1624
f 1624//1624 1720//1720 1721//1721 1625//1625
f 1625//1625 1721//1721 1722//1722 1626//1626
f 1626//1626 1722//1722 1723//1723 1627//1627
f 1627//1627 1723//1723 1724//1724 1628//1628
f 1628//1628 1724//1724 1725//1725 1629//1629
f 1629//1629 1725//1725 1726//1726 1630//1630
f 1630//1630 1726//1726 1727//1727 1631//1631
f 1631//1631 1727//1727 1728//1728 1632//1632
f 1632//1632 1728//1728 1729//1729 1633//1633
f 1633//1633 1729//1729 1634//1634 1538//1538
f 1634//1634 1730//1730 1731//1731 1635//1635
f 1635//1635 1731//1731 1732//1732 1636//1636
f 1636//1636 1732//1732 1733//1733 1637//1637
f 1637//1637 1733//1733 1734//1734 1638//1638
f 1638//1638 1734//1734 1735//1735 1639//1639
f 1639//1639 1735//1735 1736//1736 1640//1640
f 1640//1640 1736//1736 1737//1737 1641//1641
f 1641//1641 1737//1737 1738//1738 1642//1642
f 1642//1642 1738//1738 1739//1739 1643//1643
f 1643//1643 1739//1739 1740//1740 1644//1644
f 1644//1644 1740//1740 1741//1741 1645//1645
f 1645//1645 1741//1741 1742//1742 1646//1646
f 1646//1646 1742//1742 1743//1743 1647//1647
f 1647//1647 1743//1743 1744//1744 1648//1648
f 1648//1648 1744//1744 1745//1745 1649//1649
f 1649//1649 1745//1745 1746//1746 1650//1650
f 1650//1650 1746//1746 1747//1747 1651//1651
f 1651//1651 1747//1747 1748//1748 1652//1652
f 1652//1652 1748//1748 1749//1749 1653//1653
f 1653//1653 1749//1749 1750//1750 1654//1654
f 1654//1654 1750//1750 1751//1751 1655//1655
f 1655//1655 1751//1751 1752//1752 1656//1656
f 1656//1656 1752//1752 1753//1753 1657//1657
f 1657//1657 1753//1753 1754//1754 1658//1658
f 1658//1658 1754//1754 1755//1755 1659//1659
f 1659//1659 1755//1755 1756//1756 1660//1660
f 1660//1660 1756//1756 1757//1757 1661//1661
f 1661//1661 1757//1757 1758//1758 1662//1662
f 1662//1662 1758//1758 1759//1759 1663//1663
f 1663//1663 1759//1759 1760//1760 1664//1664
f 1664//1664 1760//1760 1761//1761 1665//1665
f 1665//1665 1761//1761 1762//1762 1666//1666
f 1666//1666 1762//1762 1763//1763 1667//1667
f 1667//1667 1763//1763 1764//1764 1668//1668
f 1668//1668 1764//1764 1765//1765 1669//1669
f 1669//1669 1765//1765 1766//1766 1670//1670
f 1670//1670 1766//1766 1767//1767 1671//1671
f 1671//1671 1767//1767 1768//1768 1672//1672
f 1672//1672 1768//1768 1769//1769 1673//1673
f 1673//1673 1769//1769 1770//1770 1674//1674
f 1674//1674 1770//1770 1771//1771 1675//1675
f 1675//1675 1771//1771 1772//1772 1676//1676
f 1676//1676 1772//1772 1773//1773 1677//1677
f 1677//1677 1773//1773 1774//1774 1678//1678
f 1678//1678 1774//1774 1775//1775 1679//1679
f 1679//1679 1775//1775 1776//1776 1680//1680
f 1680//1680 1776//1776 1777//1777 1681//1681
f 1681//1681 1777//1777 1778//1778 1682//1682
f 1682//1682 1778//1778 1779//1779 1683//1683
f 1683//1683 1779//1779 1780//1780 1684//1684
f 1684//1684 1780//1780 1781//1781 1685//1685
f 1685//1685 1781//1781 1782//1782 1686//1686
f 1686//1686 1782//1782 1783//1783 1687//1687
f 1687//1687 1783//1783 1784//1784 1688//1688
f 1688//1688 1784//1784 1785//1785 1689//1689
f 1689//1689 1785//1785 1786//1786 1690//1690
f 1690//1690 1786//1786 1787//1787 1691//1691
f 1691//1691 1787//1787 1788//1788 1692//1692
f 1692//1692 1788//1788 1789//1789 1693//1693
f 1693//1693 1789//1789 1790//1790 1694//1694
f 1694//1694 1790//1790 1791//1791 1695//1695
f 1695//1695 1791//1791 1792//1792 1696//1696
f 1696//1696 1792//1792 1793//1793 1697//1697
f 1697//1697 1793//1793 1794//1794 1698//1698
f 1698//1698 1794//1794 1795//1795 1699//1699
f 1699//1699 1795//1795 1796//1796 1700//1700
f 1700//1700 1796//1796 1797//1797 1701//1701
f 1701//1701 1797//1797 1798//1798 1702//1702
f 1702//1702 1798//1798 1799//1799 1703//1703
f 1703//1703 1799//1799 1800//1800 1704//1704
f 1704//1704 1800//1800 1801//1801 1705//1705
f 1705//1705 1801//1801 1802//1802 1706//1706
f 1706//1706 1802//1802 1803//1803 1707//1707
f 1707//1707 1803//1803 1804//1804 1708//1708
f 1708//1708 1804//1804 1805//1805 1709//1709
f 1709//1709 1805//1805 1806//1806 1710//1710
f 1710//1710 1806//1806 1807//1807 1711//1711
f 1711//1711 1807//1807 1808//1808 1712//1712
f 1712//1712 1808//1808 1809//1809 1713//1713
f 1713//1713 1809//1809 1810//1810 1714//1714
f 1714//1714 1810//1810 1811//1811 1715//1715
f 1715//1715 1811//1811 1812//1812 1716//1716
f 1716//1716 1812//1812 1813//1813 1717//1717
f 1717//1717 1813//1813 1814//1814 1718//1718
f 1718//1718 1814//1814 1815//1815 1719//1719
f 1719//1719 1815//1815 1816//1816 1720//1720
f 1720//1720 1816//1816 1817//1817 1721//1721
f 1721//1721 1817//1817 1818//1818 1722//1722
f 1722//1722 1818//1818 1819//1819 1723//1723
f 1723//1723 1819//1819 1820//1820 1724//1724
f 1724//1724 1820//1820 1821//1821 1725//1725
f 1725//1725 1821//1821 1822//1822 1726//1726
f 1726//1726 1822//1822 1823//1823 1727//1727
f 1727//1727 1823//1823 1824//1824 1728//1728
f 1728//1728 1824//1824 1825//1825 1729//1729
f 1729//1729 1825//1825 1730//1730 1634//1634
f 1730//1730 1826//1826 1827//1827 1731//1731
f 1731//1731 1827//1827 1828//1828 1732//1732
f 1732//1732 1828//1828 1829//1829 1733//1733
f 1733//1733 1829//1829 1830//1830 1734//1734
f 1734//1734 1830//1830 1831//1831 1735//1735
f 1735//1735 1831//1831 1832//1832 1736//1736
f 1736//1736 1832//1832 1833//1833 1737//1737
f 1737//1737 1833//1833 1834//1834 1738//1738
f 1738//1738 1834//1834 1835//1835 1739//1739
f 1739//1739 1835//1835 1836//1836 1740//1740
f 1740//1740 1836//1836 1837//1837 1741//1741
f 1741//1741 1837//1837 1838//1838 1742//1742
f 1742//1742 1838//1838 1839//1839 1743//1743
f 1743//1743 1839//1839 1840//1840 1744//1744
f 1744//1744 1840//1840 1841//1841 1745//1745
f 1745//1745 1841//1841 1842//1842 1746//1746
f 1746//1746 1842//1842 1843//1843 1747//1747
f 1747//1747 1843//1843 1844//1844 1748//1748
f 1748//1748 1844//1844 1845//1845 1749//1749
f 1749//1749 1845//1845 1846//1846 1750//1750
f 1750//1750 1846//1846 1847//1847 1751//1751
f 1751//1751 1847//1847 1848//1848 1752//1752
f 1752//1752 1848//1848 1849//1849 1753//1753
f 1753//1753 1849//1849 1850//1850 1754//1754
f 1754//1754 1850//1850 1851//1851 1755//1755
f 1755//1755 1851//1851 1852//1852 1756//1756
f 1756//1756 1852//1852 1853//1853 1757//1757
f 1757//1757 1853//1853 1854//1854 1758//1758
f 1758//1758 1854//1854 1855//1855 1759//1759
f 1759//1759 1855//1855 1856//1856 1760//1760
f 1760//1760 1856//1856 1857//1857 1761//1761
f 1761//1761 1857//1857 1858//1858 1762//1762
f 1762//1762 1858//1858 1859//1859 1763//1763
f 1763//1763 1859//1859 1860//1860 1764//1764
f 1764//1764 1860//1860 1861//1861 1765//1765
f 1765//1765 1861//1861 1862//1862 1766//1766
f 1766//1766 1862//1862 1863//1863 1767//1767
f 1767//1767 1863//1863 1864//1864 1768//1768
f 1768//1768 1864//1864 1865//1865 1769//1769
f 1769//1769 1865//1865 1866//1866 1770//1770
f 1770//1770 1866//1866 1867//1867 1771//1771
f 1771//1771 1867//1867 1868//1868 1772//1772
f 1772//1772 1868//1868 1869//1869 1773//1773
f 1773//1773 1869//1869 1870//1870 1774//1774
f 1774//1774 1870//1870 1871//1871 1775//1775
f 1775//1775 1871//1871 1872//1872 1776//1776
f 1776//1776 1872//1872 1873//1873 1777//1777
f 1777//1777 1873//1873 1874//1874 1778//1778
f 1778//1778 1874//1874 1875//1875 1779//1779
f 1779//1779 1875//1875 1876//1876 1780//1780
f 1780//1780 1876//1876 1877//1877 1781//1781
f 1781//1781 1877//1877 1878//1878 1782//1782
f 1782//1782 1878//1878 1879//1879 1783//1783
f 1783//1783 1879//1879 1880//1880 1784//1784
f 1784//1784 1880//1880 1881//1881 1785//1785
f 1785//1785 1881//1881 1882//1882 1786//1786
f 1786//1786 1882//1882 1883//1883 1787//1787
f 1787//1787 1883//1883 1884//1884 1788//1788
f 1788//1788 1884//1884 1885//1885 1789//1789
f 1789//1789 1885//1885 1886//1886 1790//1790
f 1790//1790 1886//1886 1887//1887 1791//1791
f 1791//1791 1887//1887 1888//1888 1792//1792
f 1792//1792 1888//1888 1889//1889 1793//1793
f 1793//1793 1889//1889 1890//1890 1794//1794
f 1794//1794 1890//1890 1891//1891 1795//1795
f 1795//1795 1891//1891 1892//1892 1796//1796
f 1796//1796 1892//1892 1893//1893 1797//1797
f 1797//1797 1893//1893 1894//1894 1798//1798
f 1798//1798 1894//1894 1895//1895 1799//1799
f 1799//1799 1895//1895 1896//1896 1800//1800
f 1800//1800 1896//1896 1897//1897 1801//1801
f 1801//1801 1897//1897 1898//1898 1802//1802
f 1802//1802 1898//1898 1899//1899 1803//1803
f 1803//1803 1899//1899 1900//1900 1804//1804
f 1804//1804 1900//1900 1901//1901 1805//1805
f 1805//1805 1901//1901 1902//1902 1806//1806
f 1806//1806 1902//1902 1903//1903 1807//1807
f 1807//1807 1903//1903 1904//1904 1808//1808
f 1808//1808 1904//1904 1905//1905 1809//1809
f 1809//1809 1905//1905 1906//1906 1810//1810
f 1810//1810 1906//1906 1907//1907 1811//1811
f 1811//1811 1907//1907 1908//1908 1812//1812
f 1812//1812 1908//1908 1909//1909 1813//1813
f 1813//1813 1909//1909 1910//1910 1814//1814
f 1814//1814 1910//1910 1911//1911 1815//1815
f 1815//1815 1911//1911 1912//1912 1816//1816
f 1816//1816 1912//1912 1913//1913 1817//1817
f 1817//1817 1913//1913 1914//1914 1818//1818
f 1818//1818 1914//1914 1915//1915 1819//1819
f 1819//1819 1915//1915 1916//1916 1820//1820
f 1820//1820 1916//1916 1917//1917 1821//1821
f 1821//1821 1917//1917 1918//1918 1822//1822
f 1822//1822 1918//1918 1919//1919 1823//1823
f 1823//1823 1919//1919 1920//1920 1824//1824
f 1824//1824 1920//1920 1921//1921 1825//1825
f 1825//1825 1921//1921 1826//1826 1730//1730
f 1826//1826 1922//1922 1923//1923 1827//1827
f 1827//1827 1923//1923 1924//1924 1828//1828
f 1828//1828 1924//1924 1925//1925 1829//1829
f 1829//1829 1925//1925 1926//1926 1830//1830
f 1830//1830 1926//1926 1927//1927 1831//1831
f 1831//1831 1927//1927 1928//1928 1832//1832
f 1832//1832 1928//1928 1929//1929 1833//1833
f 1833//1833 1929//1929 1930//1930 1834//1834
f 1834//1834 1930//1930 1931//1931 1835//1835
f 1835//1835 1931//1931 1932//1932 1836//1836
f 1836//1836 1932//1932 1933//1933 1837//1837
f 1837//1837 1933//1933 1934//1934 1838//1838
f 1838//1838 1934//1934 1935//1935 1839//1839
f 1839//1839 1935//1935 1936//1936 1840//1840
f 1840//1840 1936//1936 1937//1937 1841//1841
f 1841//1841 1937//1937 1938//1938 1842//1842
f 1842//1842 1938//1938 1939//1939 1843//1843
f 1843//1843 1939//1939 1940//1940 1844//1844
f 1844//1844 1940//1940 1941//1941 1845//1845
f 1845//1845 1941//1941 1942//1942 1846//1846
f 1846//1846 1942//1942 1943//1943 1847//1847
f 1847//1847 1943//1943 1944//1944 1848//1848
f 1848//1848 1944//1944 1945//1945 1849//1849
f 1849//1849 1945//1945 1946//1946 1850//1850
f 1850//1850 1946//1946 1947//1947 1851//1851
f 1851//1851 1947//1947 1948//1948 1852//1852
f 1852//1852 1948//1948 1949//1949 1853//1853
f 1853//1853 1949//1949 1950//1950 1854//1854
f 1854//1854 1950//1950 1951//1951 1855//1855
f 1855//1855 1951//1951 1952//1952 1856//1856
f 1856//1856 1952//1952 1953//1953 1857//1857
f 1857//1857 1953//1953 1954//1954 1858//1858
f 1858//1858 1954//1954 1955//1955 1859//1859
f 1859//1859 1955//1955 1956//1956 1860//1860
f 1860//1860 1956//1956 1957//1957 1861//1861
f 1861//1861 1957//1957 1958//1958 1862//1862
f 1862//1862 1958//1958 1959//1959 1863//1863
f 1863//1863 1959//1959 1960//1960 1864//1864
f 1864//1864 1960//1960 1961//1961 1865//1865
f 1865//1865 1961//1961 1962//1962 1866//1866
f 1866//1866 1962//1962 1963//1963 1867//1867
f 1867//1867 1963//1963 1964//1964 1868//1868
f 1868//1868 1964//1964 1965//1965 1869//1869
f 1869//1869 1965//1965 1966//1966 1870//1870
f 1870//1870 1966//1966 1967//1967 1871//1871
f 1871//1871 1967//1967 1968//1968 1872//1872
f 1872//1872 1968//1968 1969//1969 1873//1873
f 1873//1873 1969//1969 1970//1970 1874//1874
f 1874//1874 1970//1970 1971//1971 1875//1875
f 1875//1875 1971//1971 1972//1972 1876//1876
f 1876//1876 1972//1972 1973//1973 1877//1877
f 1877//1877 1973//1973 1974//1974 1878//1878
f 1878//1878 1974//1974 1975//1975 1879//1879
f 1879//1879 1975//1975 1976//1976 1880//1880
f 1880//1880 1976//1976 1977//1977 1881//1881
f 1881//1881 1977//1977 1978//1978 1882//1882
f 1882//1882 1978//1978 1979//1979 1883//1883
f 1883//1883 1979//1979 1980//1980 1884//1884
f 1884//1884 1980//1980 1981//1981 1885//1885
f 1885//1885 1981//1981 1982//1982 1886//1886
f 1886//1886 1982//1982 1983//1983 1887//1887
f 1887//1887 1983//1983 1984//1984 1888//1888
f 1888//1888 1984//1984 1985//1985 1889//1889
f 1889//1889 1985//1985 1986//1986 1890//1890
f 1890//1890 1986//1986 1987//1987 1891//1891
f 1891//1891 1987//1987 1988//1988 1892//1892
f 1892//1892 1988//1988 1989//1989 1893//1893
f 1893//1893 1989//1989 1990//1990 1894//1894
f 1894//1894 1990//1990 1991//1991 1895//1895
f 1895//1895 1991//1991 1992//1992 1896//1896
f 1896//1896 1992//1992 1993//1993 1897//1897
f 1897//1897 1993//1993 1994//1994 1898//1898
f 1898//1898 1994//1994 1995//1995 1899//1899
f 1899//1899 1995//1995 1996//1996 1900//1900
f 1900//1900 1996//1996 1997//1997 1901//1901
f 1901//1901 1997//1997 1998//1998 1902//1902
f 1902//1902 1998//1998 1999//1999 1903//1903
f 1903//1903 1999//1999 2000//2000 1904//1904
f 1904//1904 2000//2000 2001//2001 1905//1905
f 1905//1905 2001//2001 2002//2002 1906//1906
f 1906//1906 2002//2002 2003//2003 1907//1907
f 1907//1907 2003//2003 2004//2004 1908//1908
f 1908//1908 2004//2004 2005//2005 1909//1909
f 1909//1909 2005//2005 2006//2006 1910//1910
f 1910//1910 2006//2006 2007//2007 1911//1911
f 1911//1911 2007//2007 2008//2008 1912//1912
f 1912//1912 2008//2008 2009//2009 1913//1913
f 1913//1913 2009//2009 2010//2010 1914//1914
f 1914//1914 2010//2010 2011//2011 1915//1915
f 1915//1915 2011//2011 2012//2012 1916//1916
f 1916//1916 2012//2012 2013//2013 1917//1917
f 1917//1917 2013//2013 2014//2014 1918//1918
f 1918//1918 2014//2014 2015//2015 1919//1919
f 1919//1919 2015//2015 2016//2016 1920//1920
f 1920//1920 2016//2016 2017//2017 1921//1921
f 1921//1921 2017//2017 1922//1922 1826//1826
f 1922//1922 2018//2018 2019//2019 1923//1923
f 1923//1923 2019//2019 2020//2020 1924//1924
f 1924//1924 2020//2020 2021//2021 1925//1925
f 1925//1925 2021//2021 2022//2022 1926//1926
f 1926//1926 2022//2022 2023//2023 1927//1927
f 1927//1927 2023//2023 2024//2024 1928//1928
f 1928//1928 2024//2024 2025//2025 1929//1929
f 1929//1929 2025//2025 2026//2026 1930//1930
f 1930//1930 2026//2026 2027//2027 1931//1931
f 1931//1931 2027//2027 2028//2028 1932//1932
f 1932//1932 2028//2028 2029//2029 1933//1933
f 1933//1933 2029//2029 2030//2030 1934//1934
f 1934//1934 2030//2030 2031//2031 1935//1935
f 1935//1935 2031//2031 2032//2032 1936//1936
f 1936//1936 2032//2032 2033//2033 1937//1937
f 1937//1937 2033//2033 2034//2034 1938//1938
f 1938//1938 2034//2034 2035//2035 1939//1939
f 1939//1939 2035//2035 2036//2036 1940//1940
f 1940//1940 2036//2036 2037//2037 1941//1941
f 1941//1941 2037//2037 2038//2038 1942//1942
f 1942//1942 2038//2038 2039//2039 1943//1943
f 1943//1943 2039//2039 2040//2040 1944//1944
f 1944//1944 2040//2040 2041//2041 1945//1945
f 1945//1945 2041//2041 2042//2042 1946//1946
f 1946//1946 2042//2042 2043//2043 1947//1947
f 1947//1947 2043//2043 2044//2044 1948//1948
f 1948//1948 2044//2044 2045//2045 1949//1949
f 1949//1949 2045//2045 2046//2046 1950//1950
f 1950//1950 2046//2046 2047//2047 1951//1951
f 1951//1951 2047//2047 2048//2048 1952//1952
f 1952//1952 2048//2048 2049//2049 1953//1953
f 1953//1953 2049//2049 2050//2050 1954//1954
f 1954//1954 2050//2050 2051//2051 1955//1955
f 1955//1955 2051//2051 2052//2052 1956//1956
f 1956//1956 2052//2052 2053//2053 1957//1957
f 1957//1957 2053//2053 2054//2054 1958//1958
f 1958//1958 2054//2054 2055//2055 1959//1959
f 1959//1959 2055//2055 2056//2056 1960//1960
f 1960//1960 2056//2056 2057//2057 1961//1961
f 1961//1961 2057//2057 2058//2058 1962//1962
f 1962//1962 2058//2058 2059//2059 1963//1963
f 1963//1963 2059//2059 2060//2060 1964//1964
f 1964//1964 2060//2060 2061//2061 1965//1965
f 1965//1965 2061//2061 2062//2062 1966//1966
f 1966//1966 2062//2062 2063//2063 1967//1967
f 1967//1967 2063//2063 2064//2064 1968//1968
f 1968//1968 2064//2064 2065//2065 1969//1969
f 1969//1969 2065//2065 2066//2066 1970//1970
f 1970//1970 2066//2066 2067//2067 1971//1971
f 1971//1971 2067//2067 2068//2068 1972//1972
f 1972//1972 2068//2068 2069//2069 1973//1973
f 1973//1973 2069//2069 2070//2070 1974//1974
f 1974//1974 2070//2070 2071//2071 1975//1975
f 1975//1975 2071//2071 2072//2072 1976//1976
f 1976//1976 2072//2072 2073//2073 1977//1977
f 1977//1977 2073//2073 2074//2074 1978//1978
f 1978//1978 2074//2074 2075//2075 1979//1979
f 1979//1979 2075//2075 2076//2076 1980//1980
f 1980//1980 2076//2076 2077//2077 1981//1981
f 1981//1981 2077//2077 2078//2078 1982//1982
f 1982//1982 2078//2078 2079//2079 1983//1983
f 1983//1983 2079//2079 2080//2080 1984//1984
f 1984//1984 2080//2080 2081//2081 1985//1985
f 1985//1985 2081//2081 2082//2082 1986//1986
f 1986//1986 2082//2082 2083//2083 1987//1987
f 1987//1987 2083//2083 2084//2084 1988//1988
f 1988//1988 2084//2084 2085//2085 1989//1989
f 1989//1989 2085//2085 2086//2086 1990//1990
f 1990//1990 2086//2086 2087//2087 1991//1991
f 1991//1991 2087//2087 2088//2088 1992//1992
f 1992//1992 2088//2088 2089//2089 1993//1993
f 1993//1993 2089//2089 2090//2090 1994//1994
f 1994//1994 2090//2090 2091//2091 1995//1995
f 1995//1995 2091//2091 2092//2092 1996//1996
f 1996//1996 2092//2092 2093//2093 1997//1997
f 1997//1997 2093//2093 2094//2094 1998//1998
f 1998//1998 2094//2094 2095//2095 1999//1999
f 1999//1999 2095//2095 2096//2096 2000//2000
f 2000//2000 2096//2096 2097//2097 2001//2001
f 2001//2001 2097//2097 2098//2098 2002//2002
f 2002//2002 2098//2098 2099//2099 2003//2003
f 2003//2003 2099//2099 2100//2100 2004//2004
f 2004//2004 2100//2100 2101//2101 2005//2005
f 2005//2005 2101//2101 2102//2102 2006//2006
f 2006//2006 2102//2102 2103//2103 2007//2007
f 2007//2007 2103//2103 2104//2104 2008//2008
f 2008//2008 2104//2104 2105//2105 2009//2009
f 2009//2009 2105//2105 2106//2106 2010//2010
f 2010//2010 2106//2106 2107//2107 2011//2011
f 2011//2011 2107//2107 2108//2108 2012//2012
f 2012//2012 2108//2108 2109//2109 2013//2013
f 2013//2013 2109//2109 2110//2110 2014//2014
f 2014//2014 2110//2110 2111//2111 2015//2015
f 2015//2015 2111//2111 2112//2112 2016//2016
f 2016//2016 2112//2112 2113//2113 2017//2017
f 2017//2017 2113//2113 2018//2018 1922//1922
f 2018//2018 2114//2114 2115//2115 2019//2019
f 2019//2019 2115//2115 2116//2116 2020//2020
f 2020//2020 2116//2116 2117//2117 2021//2021
f 2021//2021 2117//2117 2118//2118 2022//2022
f 2022//2022 2118//2118 2119//2119 2023//2023
f 2023//2023 2119//2119 2120//2120 2024//2024
f 2024//2024 2120//2120 2121//2121 2025//2025
f 2025//2025 2121//2121 2122//2122 2026//2026
f 2026//2026 2122//2122 2123//2123 2027//2027
f 2027//2027 2123//2123 2124//2124 2028//2028
f 2028//2028 2124//2124 2125//2125 2029//2029
f 2029//2029 2125//2125 2126//2126 2030//2030
f 2030//2030 2126//2126 2127//2127 2031//2031
f 2031//2031 2127//2127 2128//2128 2032//2032
f 2032//2032 2128//2128 2129//2129 2033//2033
f 2033//2033 2129//2129 2130//2130 2034//2034
f 2034//2034 2130//2130 2131//2131 2035//2035
f 2035//2035 2131//2131 2132//2132 2036//2036
f 2036//2036 2132//2132 2133//2133 2037//2037
f 2037//2037 2133//2133 2134//2134 2038//2038
f 2038//2038 2134//2134 2135//2135 2039//2039
f 2039//2039 2135//2135 2136//2136 2040//2040
f 2040//2040 2136//2136 2137//2137 2041//2041
f 2041//2041 2137//2137 2138//2138 2042//2042
f 2042//2042 2138//2138 2139//2139 2043//2043
f 2043//2043 2139//2139 2140//2140 2044//2044
f 2044//2044 2140//2140 2141//2141 2045//2045
f 2045//2045 2141//2141 2142//2142 2046//2046
f 2046//2046 2142//2142 2143//2143 2047//2047
f 2047//2047 2143//2143 2144//2144 2048//2048
f 2048//2048 2144//2144 2145//2145 2049//2049
f 2049//2049 2145//2145 2146//2146 2050//2050
f 2050//2050 2146//2146 2147//2147 2051//2051
f 2051//2051 2147//2147 2148//2148 2052//2052
f 2052//2052 2148//2148 2149//2149 2053//2053
f 2053//2053 2149//2149 2150//2150 2054//2054
f 2054//2054 2150//2150 2151//2151 2055//2055
f 2055//2055 2151//2151 2152//2152 2056//2056
f 2056//2056 2152//2152 2153//2153 2057//2057
f 2057//2057 2153//2153 2154//2154 2058//2058
f 2058//2058 2154//2154 2155//2155 2059//2059
f 2059//2059 2155//2155 2156//2156 2060//2060
f 2060//2060 2156//2156 2157//2157 2061//2061
f 2061//2061 2157//2157 2158//2158 2062//2062
f 2062//2062 2158//2158 2159//2159 2063//2063
f 2063//2063 2159//2159 2160//2160 2064//2064
f 2064//2064 2160//2160 2161//2161 2065//2065
f 2065//2065 2161//2161 2162//2162 2066//2066
f 2066//2066 2162//2162 2163//2163 2067//2067
f 2067//2067 2163//2163 2164//2164 2068//2068
f 2068//2068 2164//2164 2165//2165 2069//2069
f 2069//2069 2165//2165 2166//2166 2070//2070
f 2070//2070 2166//2166 2167//2167 2071//2071
f 2071//2071 2167//2167 2168//2168 2072//2072
f 2072//2072 2168//2168 2169//2169 2073//2073
f 2073//2073 2169//2169 2170//2170 2074//2074
f 2074//2074 2170//2170 2171//2171 2075//2075
f 2075//2075 2171//2171 2172//2172 2076//2076
f 2076//2076 2172//2172 2173//2173 2077//2077
f 2077//2077 2173//2173 2174//2174 2078//2078
f 2078//2078 2174//2174 2175//2175 2079//2079
f 2079//2079 2175//2175 2176//2176 2080//2080
f 2080//2080 2176//2176 2177//2177 2081//2081
f 2081//2081 2177//2177 2178//2178 2082//2082
f 2082//2082 2178//2178 2179//2179 2083//2083
f 2083//2083 2179//2179 2180//2180 2084//2084
f 2084//2084 2180//2180 2181//2181 2085//2085
f 2085//2085 2181//2181 2182//2182 2086//2086
f 2086//2086 2182//2182 2183//2183 2087//2087
f 2087//2087 2183//2183 2184//2184 2088//2088
f 2088//2088 2184//2184 2185//2185 2089//2089
f 2089//2089 2185//2185 2186//2186 2090//2090
f 2090//2090 2186//2186 2187//2187 2091//2091
f 2091//2091 2187//2187 2188//2188 2092//2092
f 2092//2092 2188//2188 2189//2189 2093//2093
f 2093//2093 2189//2189 2190//2190 2094//2094
f 2094//2094 2190//2190 2191//2191 2095//2095
f 2095//2095 2191//2191 2192//2192 2096//2096
f 2096//2096 2192//2192 2193//2193 2097//2097
f 2097//2097 2193//2193 2194//2194 2098//2098
f 2098//2098 2194//2194 2195//2195 2099//2099
f 2099//2099 2195//2195 2196//2196 2100//2100
f 2100//2100 2196//2196 2197//2197 2101//2101
f 2101//2101 2197//2197 2198//2198 2102//2102
f 2102//2102 2198//2198 2199//2199 2103//2103
f 2103//2103 2199//2199 2200//2200 2104//2104
f 2104//2104 2200//2200 2201//2201 2105//2105
f 2105//2105 2201//2201 2202//2202 2106//2106
f 2106//2106 2202//2202 2203//2203 2107//2107
f 2107//2107 2203//2203 2204//2204 2108//2108
f 2108//2108 2204//2204 2205//2205 2109//2109
f 2109//2109 2205//2205 2206//2206 2110//2110
f 2110//2110 2206//2206 2207//2207 2111//2111
f 2111//2111 2207//2207 2208//2208 2112//2112
f 2112//2112 2208//2208 2209//2209 2113//2113
f 2113//2113 2209//2209 2114//2114 2018//2018
f 2114//2114 2210//2210 2211//2211 2115//2115
f 2115//2115 2211//2211 2212//2212 2116//2116
f 2116//2116 2212//2212 2213//2213 2117//2117
f 2117//2117 2213//2213 2214//2214 2118//2118
f 2118//2118 2214//2214 2215//2215 2119//2119
f 2119//2119 2215//2215 2216//2216 2120//2120
f 2120//2120 2216//2216 2217//2217 2121//2121
f 2121//2121 2217//2217 2218//2218 2122//2122
f 2122//2122 2218//2218 2219//2219 2123//2123
f 2123//2123 2219//2219 2220//2220 2124//2124
f 2124//2124 2220//2220 2221//2221 2125//2125
f 2125//2125 2221//2221 2222//2222 2126//2126
f 2126//2126 2222//2222 2223//2223 2127//2127
f 2127//2127 2223//2223 2224//2224 2128//2128
f 2128//2128 2224//2224 2225//2225 2129//2129
f 2129//2129 2225//2225 2226//2226 2130//2130
f 2130//2130 2226//2226 2227//2227 2131//2131
f 2131//2131 2227//2227 2228//2228 2132//2132
f 2132//2132 2228//2228 2229//2229 2133//2133
f 2133//2133 2229//2229 2230//2230 2134//2134
f 2134//2134 2230//2230 2231//2231 2135//2135
f 2135//2135 2231//2231 2232//2232 2136//2136
f 2136//2136 2232//2232 2233//2233 2137//2137
f 2137//2137 2233//2233 2234//2234 2138//2138
f 2138//2138 2234//2234 2235//2235 2139//2139
f 2139//2139 2235//2235 2236//2236 2140//2140
f 2140//2140 2236//2236 2237//2237 2141//2141
f 2141//2141 2237//2237 2238//2238 2142//2142
f 2142//2142 2238//2238 2239//2239 2143//2143
f 2143//2143 2239//2239 2240//2240 2144//2144
f 2144//2144 2240//2240 2241//2241 2145//2145
f 2145//2145 2241//2241 2242//2242 2146//2146
f 2146//2146 2242//2242 2243//2243 2147//2147
f 2147//2147 2243//2243 2244//2244 2148//2148
f 2148//2148 2244//2244 2245//2245 2149//2149
f 2149//2149 2245//2245 2246//2246 2150//2150
f 2150//2150 2246//2246 2247//2247 2151//2151
f 2151//2151 2247//2247 2248//2248 2152//2152
f 2152//2152 2248//2248 2249//2249 2153//2153
f 2153//2153 2249//2249 2250//2250 2154//2154
f 2154//2154 2250//2250 2251//2251 2155//2155
f 2155//2155 2251//2251 2252//2252 2156//2156
f 2156//2156 2252//2252 2253//2253 2157//2157
f 2157//2157 2253//2253 2254//2254 2158//2158
f 2158//2158 2254//2254 2255//2255 2159//2159
f 2159//2159 2255//2255 2256//2256 2160//2160
f 2160//2160 2256//2256 2257//2257 2161//2161
f 2161//2161 2257//2257 2258//2258 2162//2162
f 2162//2162 2258//2258 2259//2259 2163//2163
f 2163//2163 2259//2259 2260//2260 2164//2164
f 2164//2164 2260//2260 2261//2261 2165//2165
f 2165//2165 2261//2261 2262//2262 2166//2166
f 2166//2166 2262//2262 2263//2263 2167//2167
f 2167//2167 2263//2263 2264//2264 2168//2168
f 2168//2168 2264//2264 2265//2265 2169//2169
f 2169//2169 2265//2265 2266//2266 2170//2170
f 2170//2170 2266//2266 2267//2267 2171//2171
f 2171//2171 2267//2267 2268//2268 2172//2172
f 2172//2172 2268//2268 2269//2269 2173//2173
f 2173//2173 2269//2269 2270//2270 2174//2174
f 2174//2174 2270//2270 2271//2271 2175//2175
f 2175//2175 2271//2271 2272//2272 2176//2176
f 2176//2176 2272//2272 2273//2273 2177//2177
f 2177//2177 2273//2273 2274//2274 2178//2178
f 2178//2178 2274//2274 2275//2275 2179//2179
f 2179//2179 2275//2275 2276//2276 2180//2180
f 2180//2180 2276//2276 2277//2277 2181//2181
f 2181//2181 2277//2277 2278//2278 2182//2182
f 2182//2182 2278//2278 2279//2279 2183//2183
f 2183//2183 2279//2279 2280//2280 2184//2184
f 2184//2184 2280//2280 2281//2281 2185//2185
f 2185//2185 2281//2281 2282//2282 2186//2186
f 2186//2186 2282//2282 2283//2283 2187//2187
f 2187//2187 2283//2283 2284//2284 2188//2188
f 2188//2188 2284//2284 2285//2285 2189//2189
f 2189//2189 2285//2285 2286//2286 2190//2190
f 2190//2190 2286//2286 2287//2287 2191//2191
f 2191//2191 2287//2287 2288//2288 2192//2192
f 2192//2192 2288//2288 2289//2289 2193//2193
f 2193//2193 2289//2289 2290//2290 2194//2194
f 2194//2194 2290//2290 2291//2291 2195//2195
f 2195//2195 2291//2291 2292//2292 2196//2196
f 2196//2196 2292//2292 2293//2293 2197//2197
f 2197//2197 2293//2293 2294//2294 2198//2198
f 2198//2198 2294//2294 2295//2295 2199//2199
f 2199//2199 2295//2295 2296//2296 2200//2200
f 2200//2200 2296//2296 2297//2297 2201//2201
f 2201//2201 2297//2297 2298//2298 2202//2202
f 2202//2202 2298//2298 2299//2299 2203//2203
f 2203//2203 2299//2299 2300//2300 2204//2204
f 2204//2204 2300//2300 2301//2301 2205//2205
f 2205//2205 2301//2301 2302//2302 2206//2206
f 2206//2206 2302//2302 2303//2303 2207//2207
f 2207//2207 2303//2303 2304//2304 2208//2208
f 2208//2208 2304//2304 2305//2305 2209//2209
f 2209//2209 2305//2305 2210//2210 2114//2114
f 2210//2210 2306//2306 2307//2307 2211//2211
f 2211//2211 2307//2307 2308//2308 2212//2212
f 2212//2212 2308//2308 2309//2309 2213//2213
f 2213//2213 2309//2309 2310//2310 2214//2214
f 2214//2214 2310//2310 2311//2311 2215//2215
f 2215//2215 2311//2311 2312//2312 2216//2216
f 2216//2216 2312//2312 2313//2313 2217//2217
f 2217//2217 2313//2313 2314//2314 2218//2218
f 2218//2218 2314//2314 2315//2315 2219//2219
f 2219//2219 2315//2315 2316//2316 2220//2220
f 2220//2220 2316//2316 2317//2317 2221//2221
f 2221//2221 2317//2317 2318//2318 2222//2222
f 2222//2222 2318//2318 2319//2319 2223//2223
f 2223//2223 2319//2319 2320//2320 2224//2224
f 2224//2224 2320//2320 2321//2321 2225//2225
f 2225//2225 2321//2321 2322//2322 2226//2226
f 2226//2226 2322//2322 2323//2323 2227//2227
f 2227//2227 2323//2323 2324//2324 2228//2228
f 2228//2228 2324//2324 2325//2325 2229//2229
f 2229//2229 2325//2325 2326//2326 2230//2230
f 2230//2230 2326//2326 2327//2327 2231//2231
f 2231//2231 2327//2327 2328//2328 2232//2232
f 2232//2232 2328//2328 2329//2329 2233//2233
f 2233//2233 2329//2329 2330//2330 2234//2234
f 2234//2234 2330//2330 2331//2331 2235//2235
f 2235//2235 2331//2331 2332//2332 2236//2236
f 2236//2236 2332//2332 2333//2333 2237//2237
f 2237//2237 2333//2333 2334//2334 2238//2238
f 2238//2238 2334//2334 2335//2335 2239//2239
f 2239//2239 2335//2335 2336//2336 2240//2240
f 2240//2240 2336//2336 2337//2337 2241//2241
f 2241//2241 2337//2337 2338//2338 2242//2242
f 2242//2242 2338//2338 2339//2339 2243//2243
f 2243//2243 2339//2339 2340//2340 2244//2244
f 2244//2244 2340//2340 2341//2341 2245//2245
f 2245//2245 2341//2341 2342//2342 2246//2246
f 2246//2246 2342//2342 2343//2343 2247//2247
f 2247//2247 2343//2343 2344//2344 2248//2248
f 2248//2248 2344//2344 2345//2345 2249//2249
f 2249//2249 2345//2345 2346//2346 2250//2250
f 2250//2250 2346//2346 2347//2347 2251//2251
f 2251//2251 2347//2347 2348//2348 2252//2252
f 2252//2252 2348//2348 2349//2349 2253//2253
f 2253//2253 2349//2349 2350//2350 2254//2254
f 2254//2254 2350//2350 2351//2351 2255//2255
f 2255//2255 2351//2351 2352//2352 2256//2256
f 2256//2256 2352//2352 2353//2353 2257//2257
f 2257//2257 2353//2353 2354//2354 2258//2258
f 2258//2258 2354//2354 2355//2355 2259//2259
f 2259//2259 2355//2355 2356//2356 2260//2260
f 2260//2260 2356//2356 2357//2357 2261//2261
f 2261//2261 2357//2357 2358//2358 2262//2262
f 2262//2262 2358//2358 2359//2359 2263//2263
f 2263//2263 2359//2359 2360//2360 2264//2264
f 2264//2264 2360//2360 2361//2361 2265//2265
f 2265//2265 2361//2361 2362//2362 2266//2266
f 2266//2266 2362//2362 2363//2363 2267//2267
f 2267//2267 2363//2363 2364//2364 2268//2268
f 2268//2268 2364//2364 2365//2365 2269//2269
f 2269//2269 2365//2365 2366//2366 2270//2270
f 2270//2270 2366//2366 2367//2367 2271//2271
f 2271//2271 2367//2367 2368//2368 2272//2272
f 2272//2272 2368//2368 2369//2369 2273//2273
f 2273//2273 2369//2369 2370//2370 2274//2274
f 2274//2274 2370//2370 2371//2371 2275//2275
f 2275//2275 2371//2371 2372//2372 2276//2276
f 2276//2276 2372//2372 2373//2373 2277//2277
f 2277//2277 2373//2373 2374//2374 2278//2278
f 2278//2278 2374//2374 2375//2375 2279//2279
f 2279//2279 2375//2375 2376//2376 2280//2280
f 2280//2280 2376//2376 2377//2377 2281//2281
f 2281//2281 2377//2377 2378//2378 2282//2282
f 2282//2282 2378//2378 2379//2379 2283//2283
f 2283//2283 2379//2379 2380//2380 2284//2284
f 2284//2284 2380//2380 2381//2381 2285//2285
f 2285//2285 2381//2381 2382//2382 2286//2286
f 2286//2286 2382//2382 2383//2383 2287//2287
f 2287//2287 2383//2383 2384//2384 2288//2288
f 2288//2288 2384//2384 2385//2385 2289//2289
f 2289//2289 2385//2385 2386//2386 2290//2290
f 2290//2290 2386//2386 2387//2387 2291//2291
f 2291//2291 2387//2387 2388//2388 2292//2292
f 2292//2292 2388//2388 2389//2389 2293//2293
f 2293//2293 2389//2389 2390//2390 2294//2294
f 2294//2294 2390//2390 2391//2391 2295//2295
f 2295//2295 2391//2391 2392//2392 2296//2296
f 2296//2296 2392//2392 2393//2393 2297//2297
f 2297//2297 2393//2393 2394//2394 2298//2298
f 2298//2298 2394//2394 2395//2395 2299//2299
f 2299//2299 2395//2395 2396//2396 2300//2300
f 2300//2300 2396//2396 2397//2397 2301//2301
f 2301//2301 2397//2397 2398//2398 2302//2302
f 2302//2302 2398//2398 2399//2399 2303//2303
f 2303//2303 2399//2399 2400//2400 2304//2304
f 2304//2304 2400//2400 2401//2401 2305//2305
f 2305//2305 2401//2401 2306//2306 2210//2210
f 2306//2306 2402//2402 2403//2403 2307//2307
f 2307//2307 2403//2403 2404//2404 2308//2308
f 2308//2308 2404//2404 2405//2405 2309//2309
f 2309//2309 2405//2405 2406//2406 2310//2310
f 2310//2310 2406//2406 2407//2407 2311//2311
f 2311//2311 2407//2407 2408//2408 2312//2312
f 2312//2312 2408//2408 2409//2409 2313//2313
f 2313//2313 2409//2409 2410//2410 2314//2314
f 2314//2314 2410//2410 2411//2411 2315//2315
f 2315//2315 2411//2411 2412//2412 2316//2316
f 2316//2316 2412//2412 2413//2413 2317//2317
f 2317//2317 2413//2413 2414//2414 2318//2318
f 2318//2318 2414//2414 2415//2415 2319//2319
f 2319//2319 2415//2415 2416//2416 2320//2320
f 2320//2320 2416//2416 2417//2417 2321//2321
f 2321//2321 2417//2417 2418//2418 2322//2322
f 2322//2322 2418//2418 2419//2419 2323//2323
f 2323//2323 2419//2419 2420//2420 2324//2324
f 2324//2324 2420//2420 2421//2421 2325//2325
f 2325//2325 2421//2421 2422//2422 2326//2326
f 2326//2326 2422//2422 2423//2423 2327//2327
f 2327//2327 2423//2423 2424//2424 2328//2328
f 2328//2328 2424//2424 2425//2425 2329//2329
f 2329//2329 2425//2425 2426//2426 2330//2330
f 2330//2330 2426//2426 2427//2427 2331//2331
f 2331//2331 2427//2427 2428//2428 2332//2332
f 2332//2332 2428//2428 2429//2429 2333//2333
f 2333//2333 2429//2429 2430//2430 2334//2334
f 2334//2334 2430//2430 2431//2431 2335//2335
f 2335//2335 2431//2431 2432//2432 2336//2336
f 2336//2336 2432//2432 2433//2433 2337//2337
f 2337//2337 2433//2433 2434//2434 2338//2338
f 2338//2338 2434//2434 2435//2435 2339//2339
f 2339//2339 2435//2435 2436//2436 2340//2340
f 2340//2340 2436//2436 2437//2437 2341//2341
f 2341//2341 2437//2437 2438//2438 2342//2342
f 2342//2342 2438//2438 2439//2439 2343//2343
f 2343//2343 2439//2439 2440//2440 2344//2344
f 2344//2344 2440//2440 2441//2441 2345//2345
f 2345//2345 2441//2441 2442//2442 2346//2346
f 2346//2346 2442//2442 2443//2443 2347//2347
f 2347//2347 2443//2443 2444//2444 2348//2348
f 2348//2348 2444//2444 2445//2445 2349//2349
f 2349//2349 2445//2445 2446//2446 2350//2350
f 2350//2350 2446//2446 2447//2447 2351//2351
f 2351//2351 2447//2447 2448//2448 2352//2352
f 2352//2352 2448//2448 2449//2449 2353//2353
f 2353//2353 2449//2449 2450//2450 2354//2354
f 2354//2354 2450//2450 2451//2451 2355//2355
f 2355//2355 2451//2451 2452//2452 2356//2356
f 2356//2356 2452//2452 2453//2453 2357//2357
f 2357//2357 2453//2453 2454//2454 2358//2358
f 2358//2358 2454//2454 2455//2455 2359//2359
f 2359//2359 2455//2455 2456//2456 2360//2360
f 2360//2360 2456//2456 2457//2457 2361//2361
f 2361//2361 2457//2457 2458//2458 2362//2362
f 2362//2362 2458//2458 2459//2459 2363//2363
f 2363//2363 2459//2459 2460//2460 2364//2364
f 2364//2364 2460//2460 2461//2461 2365//2365
f 2365//2365 2461//2461 2462//2462 2366//2366
f 2366//2366 2462//2462 2463//2463 2367//2367
f 2367//2367 2463//2463 2464//2464 2368//2368
f 2368//2368 2464//2464 2465//2465 2369//2369
f 2369//2369 2465//2465 2466//2466 2370//2370
f 2370//2370 2466//2466 2467//2467 2371//2371
f 2371//2371 2467//2467 2468//2468 2372//2372
f 2372//2372 2468//2468 2469//2469 2373//2373
f 2373//2373 2469//2469 2470//2470 2374//2374
f 2374//2374 2470//2470 2471//2471 2375//2375
f 2375//2375 2471//2471 2472//2472 2376//2376
f 2376//2376 2472//2472 2473//2473 2377//2377
f 2377//2377 2473//2473 2474//2474 2378//2378
f 2378//2378 2474//2474 2475//2475 2379//2379
f 2379//2379 2475//2475 2476//2476 2380//2380
f 2380//2380 2476//2476 2477//2477 2381//2381
f 2381//2381 2477//2477 2478//2478 2382//2382
f 2382//2382 2478//2478 2479//2479 2383//2383
f 2383//2383 2479//2479 2480//2480 2384//2384
f 2384//2384 2480//2480 2481//2481 2385//2385
f 2385//2385 2481//2481 2482//2482 2386//2386
f 2386//2386 2482//2482 2483//2483 2387//2387
f 2387//2387 2483//2483 2484//2484 2388//2388
f 2388//2388 2484//2484 2485//2485 2389//2389
f 2389//2389 2485//2485 2486//2486 2390//2390
f 2390//2390 2486//2486 2487//2487 2391//2391
f 2391//2391 2487//2487 2488//2488 2392//2392
f 2392//2392 2488//2488 2489//2489 2393//2393
f 2393//2393 2489//2489 2490//2490 2394//2394
f 2394//2394 2490//2490 2491//2491 2395//2395
f 2395//2395 2491//2491 2492//2492 2396//2396
f 2396//2396 2492//2492 2493//2493 2397//2397
f 2397//2397 2493//2493 2494//2494 2398//2398
f 2398//2398 2494//2494 2495//2495 2399//2399
f 2399//2399 2495//2495 2496//2496 2400//2400
f 2400//2400 2496//2496 2497//2497 2401//2401
f 2401//2401 2497//2497 2402//2402 2306//2306
f 2402//2402 2498//2498 2499//2499 2403//2403
f 2403//2403 2499//2499 2500//2500 2404//2404
f 2404//2404 2500//2500 2501//2501 2405//2405
f 2405//2405 2501//2501 2502//2502 2406//2406
f 2406//2406 2502//2502 2503//2503 2407//2407
f 2407//2407 2503//2503 2504//2504 2408//2408
f 2408//2408 2504//2504 2505//2505 2409//2409
f 2409//2409 2505//2505 2506//2506 2410//2410
f 2410//2410 2506//2506 2507//2507 2411//2411
f 2411//2411 2507//2507 2508//2508 2412//2412
f 2412//2412 2508//2508 2509//2509 2413//2413
f 2413//2413 2509//2509 2510//2510 2414//2414
f 2414//2414 2510//2510 2511//2511 2415//2415
f 2415//2415 2511//2511 2512//2512 2416//2416
f 2416//2416 2512//2512 2513//2513 2417//2417
f 2417//2417 2513//2513 2514//2514 2418//2418
f 2418//2418 2514//2514 2515//2515 2419//2419
f 2419//2419 2515//2515 2516//2516 2420//2420
f 2420//2420 2516//2516 2517//2517 2421//2421
f 2421//2421 2517//2517 2518//2518 2422//2422
f 2422//2422 2518//2518 2519//2519 2423//2423
f 2423//2423 2519//2519 2520//2520 2424//2424
f 2424//2424 2520//2520 2521//2521 2425//2425
f 2425//2425 2521//2521 2522//2522 2426//2426
f 2426//2426 2522//2522 2523//2523 2427//2427
f 2427//2427 2523//2523 2524//2524 2428//2428
f 2428//2428 2524//2524 2525//2525 2429//2429
f 2429//2429 2525//2525 2526//2526 2430//2430
f 2430//2430 2526//2526 2527//2527 2431//2431
f 2431//2431 2527//2527 2528//2528 2432//2432
f 2432//2432 2528//2528 2529//2529 2433//2433
f 2433//2433 2529//2529 2530//2530 2434//2434
f 2434//2434 2530//2530 2531//2531 2435//2435
f 2435//2435 2531//2531 2532//2532 2436//2436
f 2436//2436 2532//2532 2533//2533 2437//2437
f 2437//2437 2533//2533 2534//2534 2438//2438
f 2438//2438 2534//2534 2535//2535 2439//2439
f 2439//2439 2535//2535 2536//2536 2440//2440
f 2440//2440 2536//2536 2537//2537 2441//2441
f 2441//2441 2537//2537 2538//2538 2442//2442
f 2442//2442 2538//2538 2539//2539 2443//2443
f 2443//2443 2539//2539 2540//2540 2444//2444
f 2444//2444 2540//2540 2541//2541 2445//2445
f 2445//2445 2541//2541 2542//2542 2446//2446
f 2446//2446 2542//2542 2543//2543 2447//2447
f 2447//2447 2543//2543 2544//2544 2448//2448
f 2448//2448 2544//2544 2545//2545 2449//2449
f 2449//2449 2545//2545 2546//2546 2450//2450
f 2450//2450 2546//2546 2547//2547 2451//2451
f 2451//2451 2547//2547 2548//2548 2452//2452
f 2452//2452 2548//2548 2549//2549 2453//2453
f 2453//2453 2549//2549 2550//2550 2454//2454
f 2454//2454 2550//2550 2551//2551 2455//2455
f 2455//2455 2551//2551 2552//2552 2456//2456
f 2456//2456 2552//2552 2553//2553 2457//2457
f 2457//2457 2553//2553 2554//2554 2458//2458
f 2458//2458 2554//2554 2555//2555 2459//2459
f 2459//2459 2555//2555 2556//2556 2460//2460
f 2460//2460 2556//2556 2557//2557 2461//2461
f 2461//2461 2557//2557 2558//2558 2462//2462
f 2462//2462 2558//2558 2559//2559 2463//2463
f 2463//2463 2559//2559 2560//2560 2464//2464
f 2464//2464 2560//2560 2561//2561 2465//2465
f 2465//2465 2561//2561 2562//2562 2466//2466
f 2466//2466 2562//2562 2563//2563 2467//2467
f 2467//2467 2563//2563 2564//2564 2468//2468
f 2468//2468 2564//2564 2565//2565 2469//2469
f 2469//2469 2565//2565 2566//2566 2470//2470
f 2470//2470 2566//2566 2567//2567 2471//2471
f 2471//2471 2567//2567 2568//2568 2472//2472
f 2472//2472 2568//2568 2569//2569 2473//2473
f 2473//2473 2569//2569 2570//2570 2474//2474
f 2474//2474 2570//2570 2571//2571 2475//2475
f 2475//2475 2571//2571 2572//2572 2476//2476
f 2476//2476 2572//2572 2573//2573 2477//2477
f 2477//2477 2573//2573 2574//2574 2478//2478
f 2478//2478 2574//2574 2575//2575 2479//2479
f 2479//2479 2575//2575 2576//2576 2480//2480
f 2480//2480 2576//2576 2577//2577 2481//2481
f 2481//2481 2577//2577 2578//2578 2482//2482
f 2482//2482 2578//2578 2579//2579 2483//2483
f 2483//2483 2579//2579 2580//2580 2484//2484
f 2484//2484 2580//2580 2581//2581 2485//2485
f 2485//2485 2581//2581 2582//2582 2486//2486
f 2486//2486 2582//2582 2583//2583 2487//2487
f 2487//2487 2583//2583 2584//2584 2488//2488
f 2488//2488 2584//2584 2585//2585 2489//2489
f 2489//2489 2585//2585 2586//2586 2490//2490
f 2490//2490 2586//2586 2587//2587 2491//2491
f 2491//2491 2587//2587 2588//2588 2492//2492
f 2492//2492 2588//2588 2589//2589 2493//2493
f 2493//2493 2589//2589 2590//2590 2494//2494
f 2494//2494 2590//2590 2591//2591 2495//2495
f 2495//2495 2591//2591 2592//2592 2496//2496
f 2496//2496 2592//2592 2593//2593 2497//2497
f 2497//2497 2593//2593 2498//2498 2402//2402
f 2498//2498 2594//2594 2595//2595 2499//2499
f 2499//2499 2595//2595 2596//2596 2500//2500
f 2500//2500 2596//2596 2597//2597 2501//2501
f 2501//2501 2597//2597 2598//2598 2502//2502
f 2502//2502 2598//2598 2599//2599 2503//2503
f 2503//2503 2599//2599 2600//2600 2504//2504
f 2504//2504 2600//2600 2601//2601 2505//2505
f 2505//2505 2601//2601 2602//2602 2506//2506
f 2506//2506 2602//2602 2603//2603 2507//2507
f 2507//2507 2603//2603 2604//2604 2508//2508
f 2508//2508 2604//2604 2605//2605 2509//2509
f 2509//2509 2605//2605 2606//2606 2510//2510
f 2510//2510 2606//2606 2607//2607 2511//2511
f 2511//2511 2607//2607 2608//2608 2512//2512
f 2512//2512 2608//2608 2609//2609 2513//2513
f 2513//2513 2609//2609 2610//2610 2514//2514
f 2514//2514 2610//2610 2611//2611 2515//2515
f 2515//2515 2611//2611 2612//2612 2516//2516
f 2516//2516 2612//2612 2613//2613 2517//2517
f 2517//2517 2613//2613 2614//2614 2518//2518
f 2518//2518 2614//2614 2615//2615 2519//2519
f 2519//2519 2615//2615 2616//2616 2520//2520
f 2520//2520 2616//2616 2617//2617 2521//2521
f 2521//2521 2617//2617 2618//2618 2522//2522
f 2522//2522 2618//2618 2619//2619 2523//2523
f 2523//2523 2619//2619 2620//2620 2524//2524
f 2524//2524 2620//2620 2621//2621 2525//2525
f 2525//2525 2621//2621 2622//2622 2526//2526
f 2526//2526 2622//2622 2623//2623 2527//2527
f 2527//2527 2623//2623 2624//2624 2528//2528
f 2528//2528 2624//2624 2625//2625 2529//2529
f 2529//2529 2625//2625 2626//2626 2530//2530
f 2530//2530 2626//2626 2627//2627 2531//2531
f 2531//2531 2627//2627 2628//2628 2532//2532
f 2532//2532 2628//2628 2629//2629 2533//2533
f 2533//2533 2629//2629 2630//2630 2534//2534
f 2534//2534 2630//2630 2631//2631 2535//2535
f 2535//2535 2631//2631 2632//2632 2536//2536
f 2536//2536 2632//2632 2633//2633 2537//2537
f 2537//2537 2633//2633 2634//2634 2538//2538
f 2538//2538 2634//2634 2635//2635 2539//2539
f 2539//2539 2635//2635 2636//2636 2540//2540
f 2540//2540 2636//2636 2637//2637 2541//2541
f 2541//2541 2637//2637 2638//2638 2542//2542
f 2542//2542 2638//2638 2639//2639 2543//2543
f 2543//2543 2639//2639 2640//2640 2544//2544
f 2544//2544 2640//2640 2641//2641 2545//2545
f 2545//2545 2641//2641 2642//2642 2546//2546
f 2546//2546 2642//2642 2643//2643 2547//2547
f 2547//2547 2643//2643 2644//2644 2548//2548
f 2548//2548 2644//2644 2645//2645 2549//2549
f 2549//2549 2645//2645 2646//2646 2550//2550
f 2550//2550 2646//2646 2647//2647 2551//2551
f 2551//2551 2647//2647 2648//2648 2552//2552
f 2552//2552 2648//2648 2649//2649 2553//2553
f 2553//2553 2649//2649 2650//2650 2554//2554
f 2554//2554 2650//2650 2651//2651 2555//2555
f 2555//2555 2651//2651 2652//2652 2556//2556
f 2556//2556 2652//2652 2653//2653 2557//2557
f 2557//2557 2653//2653 2654//2654 2558//2558
f 2558//2558 2654//2654 2655//2655 2559//2559
f 2559//2559 2655//2655 2656//2656 2560//2560
f 2560//2560 2656//2656 2657//2657 2561//2561
f 2561//2561 2657//2657 2658//2658 2562//2562
f 2562//2562 2658//2658 2659//2659 2563//2563
f 2563//2563 2659//2659 2660//2660 2564//2564
f 2564//2564 2660//2660 2661//2661 2565//2565
f 2565//2565 2661//2661 2662//2662 2566//2566
f 2566//2566 2662//2662 2663//2663 2567//2567
f 2567//2567 2663//2663 2664//2664 2568//2568
f 2568//2568 2664//2664 2665//2665 2569//2569
f 2569//2569 2665//2665 2666//2666 2570//2570
f 2570//2570 2666//2666 2667//2667 2571//2571
f 2571//2571 2667//2667 2668//2668 2572//2572
f 2572//2572 2668//2668 2669//2669 2573//2573
f 2573//2573 2669//2669 2670//2670 2574//2574
f 2574//2574 2670//2670 2671//2671 2575//2575
f 2575//2575 2671//2671 2672//2672 2576//2576
f 2576//2576 2672//2672 2673//2673 2577//2577
f 2577//2577 2673//2673 2674//2674 2578//2578
f 2578//2578 2674//2674 2675//2675 2579//2579
f 2579//2579 2675//2675 2676//2676 2580//2580
f 2580//2580 2676//2676 2677//2677 2581//2581
f 2581//2581 2677//2677 2678//2678 2582//2582
f 2582//2582 2678//2678 2679//2679 2583//2583
f 2583//2583 2679//2679 2680//2680 2584//2584
f 2584//2584 2680//2680 2681//2681 2585//2585
f 2585//2585 2681//2681 2682//2682 2586//2586
f 2586//2586 2682//2682 2683//2683 2587//2587
f 2587//2587 2683//2683 2684//2684 2588//2588
f 2588//2588 2684//2684 2685//2685 2589//2589
f 2589//2589 2685//2685 2686//2686 2590//2590
f 2590//2590 2686//2686 2687//2687 2591//2591
f 2591//2591 2687//2687 2688//2688 2592//2592
f 2592//2592 2688//2688 2689//2689 2593//2593
f 2593//2593 2689//2689 2594//2594 2498//2498
f 2594//2594 2690//2690 2691//2691 2595//2595
f 2595//2595 2691//2691 2692//2692 2596//2596
f 2596//2596 2692//2692 2693//2693 2597//2597
f 2597//2597 2693//2693 2694//2694 2598//2598
f 2598//2598 2694//2694 2695//2695 2599//2599
f 2599//2599 2695//2695 2696//2696 2600//2600
f 2600//2600 2696//2696 2697//2697 2601//2601
f 2601//2601 2697//2697 2698//2698 2602//2602
f 2602//2602 2698//2698 2699//2699 2603//2603
f 2603//2603 2699//2699 2700//2700 2604//2604
f 2604//2604 2700//2700 2701//2701 2605//2605
f 2605//2605 2701//2701 2702//2702 2606//2606
f 2606//2606 2702//2702 2703//2703 2607//2607
f 2607//2607 2703//2703 2704//2704 2608//2608
f 2608//2608 2704//2704 2705//2705 2609//2609
f 2609//2609 2705//2705 2706//2706 2610//2610
f 2610//2610 2706//2706 2707//2707 2611//2611
f 2611//2611 2707//2707 2708//2708 2612//2612
f 2612//2612 2708//2708 2709//2709 2613//2613
f 2613//2613 2709//2709 2710//2710 2614//2614
f 2614//2614 2710//2710 2711//2711 2615//2615
f 2615//2615 2711//2711 2712//2712 2616//2616
f 2616//2616 2712//2712 2713//2713 2617//2617
f 2617//2617 2713//2713 2714//2714 2618//2618
f 2618//2618 2714//2714 2715//2715 2619//2619
f 2619//2619 2715//2715 2716//2716 2620//2620
f 2620//2620 2716//2716 2717//2717 2621//2621
f 2621//2621 2717//2717 2718//2718 2622//2622
f 2622//2622 2718//2718 2719//2719 2623//2623
f 2623//2623 2719//2719 2720//2720 2624//2624
f 2624//2624 2720//2720 2721//2721 2625//2625
f 2625//2625 2721//2721 2722//2722 2626//2626
f 2626//2626 2722//2722 2723//2723 2627//2627
f 2627//2627 2723//2723 2724//2724 2628//2628
f 2628//2628 2724//2724 2725//2725 2629//2629
f 2629//2629 2725//2725 2726//2726 2630//2630
f 2630//2630 2726//2726 2727//2727 2631//2631
f 2631//2631 2727//2727 2728//2728 2632//2632
f 2632//2632 2728//2728 2729//2729 2633//2633
f 2633//2633 2729//2729 2730//2730 2634//2634
f 2634//2634 2730//2730 2731//2731 2635//2635
f 2635//2635 2731//2731 2732//2732 2636//2636
f 2636//2636 2732//2732 2733//2733 2637//2637
f 2637//2637 2733//2733 2734//2734 2638//2638
f 2638//2638 2734//2734 2735//2735 2639//2639
f 2639//2639 2735//2735 2736//2736 2640//2640
f 2640//2640 2736//2736 2737//2737 2641//2641
f 2641//2641 2737//2737 2738//2738 2642//2642
f 2642//2642 2738//2738 2739//2739 2643//2643
f 2643//2643 2739//2739 2740//2740 2644//2644
f 2644//2644 2740//2740 2741//2741 2645//2645
f 2645//2645 2741//2741 2742//2742 2646//2646
f 2646//2646 2742//2742 2743//2743 2647//2647
f 2647//2647 2743//2743 2744//2744 2648//2648
f 2648//2648 2744//2744 2745//2745 2649//2649
f 2649//2649 2745//2745 2746//2746 2650//2650
f 2650//2650 2746//2746 2747//2747 2651//2651
f 2651//2651 2747//2747 2748//2748 2652//2652
f 2652//2652 2748//2748 2749//2749 2653//2653
f 2653//2653 2749//2749 2750//2750 2654//2654
f 2654//2654 2750//2750 2751//2751 2655//2655
f 2655//2655 2751//2751 2752//2752 2656//2656
f 2656//2656 2752//2752 2753//2753 2657//2657
f 2657//2657 2753//2753 2754//2754 2658//2658
f 2658//2658 2754//2754 2755//2755 2659//2659
f 2659//2659 2755//2755 2756//2756 2660//2660
f 2660//2660 2756//2756 2757//2757 2661//2661
f 2661//2661 2757//2757 2758//2758 2662//2662
f 2662//2662 2758//2758 2759//2759 2663//2663
f 2663//2663 2759//2759 2760//2760 2664//2664
f 2664//2664 2760//2760 2761//2761 2665//2665
f 2665//2665 2761//2761 2762//2762 2666//2666
f 2666//2666 2762//2762 2763//2763 2667//2667
f 2667//2667 2763//2763 2764//2764 2668//2668
f 2668//2668 2764//2764 2765//2765 2669//2669
f 2669//2669 2765//2765 2766//2766 2670//2670
f 2670//2670 2766//2766 2767//2767 2671//2671
f 2671//2671 2767//2767 2768//2768 2672//2672
f 2672//2672 2768//2768 2769//2769 2673//2673
f 2673//2673 2769//2769 2770//2770 2674//2674
f 2674//2674 2770//2770 2771//2771 2675//2675
f 2675//2675 2771//2771 2772//2772 2676//2676
f 2676//2676 2772//2772 2773//2773 2677//2677
f 2677//2677 2773//2773 2774//2774 2678//2678
f 2678//2678 2774//2774 2775//2775 2679//2679
f 2679//2679 2775//2775 2776//2776 2680//2680
f 2680//2680 2776//2776 2777//2777 2681//2681
f 2681//2681 2777//2777 2778//2778 2682//2682
f 2682//2682 2778//2778 2779//2779 2683//2683
f 2683//2683 2779//2779 2780//2780 2684//2684
f 2684//2684 2780//2780 2781//2781 2685//2685
f 2685//2685 2781//2781 2782//2782 2686//2686
f 2686//2686 2782//2782 2783//2783 2687//2687
f 2687//2687 2783//2783 2784//2784 2688//2688
f 2688//2688 2784//2784 2785//2785 2689//2689
f 2689//2689 2785//2785 2690//2690 2594//2594
f 2690//2690 2786//2786 2787//2787 2691//2691
f 2691//2691 2787//2787 2788//2788 2692//2692
f 2692//2692 2788//2788 2789//2789 2693//2693
f 2693//2693 2789//2789 2790//2790 2694//2694
f 2694//2694 2790//2790 2791//2791 2695//2695
f 2695//2695 2791//2791 2792//2792 2696//2696
f 2696//2696 2792//2792 2793//2793 2697//2697
f 2697//2697 2793//2793 2794//2794 2698//2698
f 2698//2698 2794//2794 2795//2795 2699//2699
f 2699//2699 2795//2795 2796//2796 2700//2700
f 2700//2700 2796//2796 2797//2797 2701//2701
f 2701//2701 2797//2797 2798//2798 2702//2702
f 2702//2702 2798//2798 2799//2799 2703//2703
f 2703//2703 2799//2799 2800//2800 2704//2704
f 2704//2704 2800//2800 2801//2801 2705//2705
f 2705//2705 2801//2801 2802//2802 2706//2706
f 2706//2706 2802//2802 2803//2803 2707//2707
f 2707//2707 2803//2803 2804//2804 2708//2708
f 2708//2708 2804//2804 2805//2805 2709//2709
f 2709//2709 2805//2805 2806//2806 2710//2710
f 2710//2710 2806//2806 2807//2807 2711//2711
f 2711//2711 2807//2807 2808//2808 2712//2712
f 2712//2712 2808//2808 2809//2809 2713//2713
f 2713//2713 2809//2809 2810//2810 2714//2714
f 2714//2714 2810//2810 2811//2811 2715//2715
f 2715//2715 2811//2811 2812//2812 2716//2716
f 2716//2716 2812//2812 2813//2813 2717//2717
f 2717//2717 2813//2813 2814//2814 2718//2718
f 2718//2718 2814//2814 2815//2815 2719//2719
f 2719//2719 2815//2815 2816//2816 2720//2720
f 2720//2720 2816//2816 2817//2817 2721//2721
f 2721//2721 2817//2817 2818//2818 2722//2722
f 2722//2722 2818//2818 2819//2819 2723//2723
f 2723//2723 2819//2819 2820//2820 2724//2724
f 2724//2724 2820//2820 2821//2821 2725//2725
f 2725//2725 2821//2821 2822//2822 2726//2726
f 2726//2726 2822//2822 2823//2823 2727//2727
f 2727//2727 2823//2823 2824//2824 2728//2728
f 2728//2728 2824//2824 2825//2825 2729//2729
f 2729//2729 2825//2825 2826//2826 2730//2730
f 2730//2730 2826//2826 2827//2827 2731//2731
f 2731//2731 2827//2827 2828//2828 2732//2732
f 2732//2732 2828//2828 2829//2829 2733//2733
f 2733//2733 2829//2829 2830//2830 2734//2734
f 2734//2734 2830//2830 2831//2831 2735//2735
f 2735//2735 2831//2831 2832//2832 2736//2736
f 2736//2736 2832//2832 2833//2833 2737//2737
f 2737//2737 2833//2833 2834//2834 2738//2738
f 2738//2738 2834//2834 2835//2835 2739//2739
f 2739//2739 2835//2835 2836//2836 2740//2740
f 2740//2740 2836//2836 2837//2837 2741//2741
f 2741//2741 2837//2837 2838//2838 2742//2742
f 2742//2742 2838//2838 2839//2839 2743//2743
f 2743//2743 2839//2839 2840//2840 2744//2744
f 2744//2744 2840//2840 2841//2841 2745//2745
f 2745//2745 2841//2841 2842//2842 2746//2746
f 2746//2746 2842//2842 2843//2843 2747//2747
f 2747//2747 2843//2843 2844//2844 2748//2748
f 2748//2748 2844//2844 2845//2845 2749//2749
f 2749//2749 2845//2845 2846//2846 2750//2750
f 2750//2750 2846//2846 2847//2847 2751//2751
f 2751//2751 2847//2847 2848//2848 2752//2752
f 2752//2752 2848//2848 2849//2849 2753//2753
f 2753//2753 2849//2849 2850//2850 2754//2754
f 2754//2754 2850//2850 2851//2851 2755//2755
f 2755//2755 2851//2851 2852//2852 2756//2756
f 2756//2756 2852//2852 2853//2853 2757//2757
f 2757//2757 2853//2853 2854//2854 2758//2758
f 2758//2758 2854//2854 2855//2855 2759//2759
f 2759//2759 2855//2855 2856//2856 2760//2760
f 2760//2760 2856//2856 2857//2857 2761//2761
f 2761//2761 2857//2857 2858//2858 2762//2762
f 2762//2762 2858//2858 2859//2859 2763//2763
f 2763//2763 2859//2859 2860//2860 2764//2764
f 2764//2764 2860//2860 2861//2861 2765//2765
f 2765//2765 2861//2861 2862//2862 2766//2766
f 2766//2766 2862//2862 2863//2863 2767//2767
f 2767//2767 2863//2863 2864//2864 2768//2768
f 2768//2768 2864//2864 2865//2865 2769//2769
f 2769//2769 2865//2865 2866//2866 2770//2770
f 2770//2770 2866//2866 2867//2867 2771//2771
f 2771//2771 2867//2867 2868//2868 2772//2772
f 2772//2772 2868//2868 2869//2869 2773//2773
f 2773//2773 2869//2869 2870//2870 2774//2774
f 2774//2774 2870//2870 2871//2871 2775//2775
f 2775//2775 2871//2871 2872//2872 2776//2776
f 2776//2776 2872//2872 2873//2873 2777//2777
f 2777//2777 2873//2873 2874//2874 2778//2778
f 2778//2778 2874//2874 2875//2875 2779//2779
f 2779//2779 2875//2875 2876//2876 2780//2780
f 2780//2780 2876//2876 2877//2877 2781//2781
f 2781//2781 2877//2877 2878//2878 2782//2782
f 2782//2782 2878//2878 2879//2879 2783//2783
f 2783//2783 2879//2879 2880//2880 2784//2784
f 2784//2784 2880//2880 2881//2881 2785//2785
f 2785//2785 2881//2881 2786//2786 2690//2690
f 2786//2786 2882//2882 2883//2883 2787//2787
f 2787//2787 2883//2883 2884//2884 2788//2788
f 2788//2788 2884//2884 2885//2885 2789//2789
f 2789//2789 2885//2885 2886//2886 2790//2790
f 2790//2790 2886//2886 2887//2887 2791//2791
f 2791//2791 2887//2887 2888//2888 2792//2792
f 2792//2792 2888//2888 2889//2889 2793//2793
f 2793//2793 2889//2889 2890//2890 2794//2794
f 2794//2794 2890//2890 2891//2891 2795//2795
f 2795//2795 2891//2891 2892//2892 2796//2796
f 2796//2796 2892//2892 2893//2893 2797//2797
f 2797//2797 2893//2893 2894//2894 2798//2798
f 2798//2798 2894//2894 2895//2895 2799//2799
f 2799//2799 2895//2895 2896//2896 2800//2800
f 2800//2800 2896//2896 2897//2897 2801//2801
f 2801//2801 2897//2897 2898//2898 2802//2802
f 2802//2802 2898//2898 2899//2899 2803//2803
f 2803//2803 2899//2899 2900//2900 2804//2804
f 2804//2804 2900//2900 2901//2901 2805//2805
f 2805//2805 2901//2901 2902//2902 2806//2806
f 2806//2806 2902//2902 2903//2903 2807//2807
f 2807//2807 2903//2903 2904//2904 2808//2808
f 2808//2808 2904//2904 2905//2905 2809//2809
f 2809//2809 2905//2905 2906//2906 2810//2810
f 2810//2810 2906//2906 2907//2907 2811//2811
f 2811//2811 2907//2907 2908//2908 2812//2812
f 2812//2812 2908//2908 2909//2909 2813//2813
f 2813//2813 2909//2909 2910//2910 2814//2814
f 2814//2814 2910//2910 2911//2911 2815//2815
f 2815//2815 2911//2911 2912//2912 2816//2816
f 2816//2816 2912//2912 2913//2913 2817//2817
f 2817//2817 2913//2913 2914//2914 2818//2818
f 2818//2818 2914//2914 2915//2915 2819//2819
f 2819//2819 2915//2915 2916//2916 2820//2820
f 2820//2820 2916//2916 2917//2917 2821//2821
f 2821//2821 2917//2917 2918//2918 2822//2822
f 2822//2822 2918//2918 2919//2919 2823//2823
f 2823//2823 2919//2919 2920//2920 2824//2824
f 2824//2824 2920//2920 2921//2921 2825//2825
f 2825//2825 2921//2921 2922//2922 2826//2826
f 2826//2826 2922//2922 2923//2923 2827//2827
f 2827//2827 2923//2923 2924//2924 2828//2828
f 2828//2828 2924//2924 2925//2925 2829//2829
f 2829//2829 2925//2925 2926//2926 2830//2830
f 2830//2830 2926//2926 2927//2927 2831//2831
f 2831//2831 2927//2927 2928//2928 2832//2832
f 2832//2832 2928//2928 2929//2929 2833//2833
f 2833//2833 2929//2929 2930//2930 2834//2834
f 2834//2834 2930//2930 2931//2931 2835//2835
f 2835//2835 2931//2931 2932//2932 2836//2836
f 2836//2836 2932//2932 2933//2933 2837//2837
f 2837//2837 2933//2933 2934//2934 2838//2838
f 2838//2838 2934//2934 2935//2935 2839//2839
f 2839//2839 2935//2935 2936//2936 2840//2840
f 2840//2840 2936//2936 2937//2937 2841//2841
f 2841//2841 2937//2937 2938//2938 2842//2842
f 2842//2842 2938//2938 2939//2939 2843//2843
f 2843//2843 2939//2939 2940//2940 2844//2844
f 2844//2844 2940//2940 2941//2941 2845//2845
f 2845//2845 2941//2941 2942//2942 2846//2846
f 2846//2846 2942//2942 2943//2943 2847//2847
f 2847//2847 2943//2943 2944//2944 2848//2848
f 2848//2848 2944//2944 2945//2945 2849//2849
f 2849//2849 2945//2945 2946//2946 2850//2850
f 2850//2850 2946//2946 2947//2947 2851//2851
f 2851//2851 2947//2947 2948//2948 2852//2852
f 2852//2852 2948//2948 2949//2949 2853//2853
f 2853//2853 2949//2949 2950//2950 2854//2854
f 2854//2854 2950//2950 2951//2951 2855//2855
f 2855//2855 2951//2951 2952//2952 2856//2856
f 2856//2856 2952//2952 2953//2953 2857//2857
f 2857//2857 2953//2953 2954//2954 2858//2858
f 2858//2858 2954//2954 2955//2955 2859//2859
f 2859//2859 2955//2955 2956//2956 2860//2860
f 2860//2860 2956//2956 2957//2957 2861//2861
f 2861//2861 2957//2957 2958//2958 2862//2862
f 2862//2862 2958//2958 2959//2959 2863//2863
f 2863//2863 2959//2959 2960//2960 2864//2864
f 2864//2864 2960//2960 2961//2961 2865//2865
f 2865//2865 2961//2961 2962//2962 2866//2866
f 2866//2866 2962//2962 2963//2963 2867//2867
f 2867//2867 2963//2963 2964//2964 2868//2868
f 2868//2868 2964//2964 2965//2965 2869//2869
f 2869//2869 2965//2965 2966//2966 2870//2870
f 2870//2870 2966//2966 2967//2967 2871//2871
f 2871//2871 2967//2967 2968//2968 2872//2872
f 2872//2872 2968//2968 2969//2969 2873//2873
f 2873//2873 2969//2969 2970//2970 2874//2874
f 2874//2874 2970//2970 2971//2971 2875//2875
f 2875//2875 2971//2971 2972//2972 2876//2876
f 2876//2876 2972//2972 2973//2973 2877//2877
f 2877//2877 2973//2973 2974//2974 2878//2878
f 2878//2878 2974//2974 2975//2975 2879//2879
f 2879//2879 2975//2975 2976//2976 2880//2880
f 2880//2880 2976//2976 2977//2977 2881//2881
f 2881//2881 2977//2977 2882//2882 2786//2786
f 2882//2882 2978//2978 2979//2979 2883//2883
f 2883//2883 2979//2979 2980//2980 2884//2884
f 2884//2884 2980//2980 2981//2981 2885//2885
f 2885//2885 2981//2981 2982//2982 2886//2886
f 2886//2886 2982//2982 2983//2983 2887//2887
f 2887//2887 2983//2983 2984//2984 2888//2888
f 2888//2888 2984//2984 2985//2985 2889//2889
f 2889//2889 2985//2985 2986//2986 2890//2890
f 2890//2890 2986//2986 2987//2987 2891//2891
f 2891//2891 2987//2987 2988//2988 2892//2892
f 2892//2892 2988//2988 2989//2989 2893//2893
f 2893//2893 2989//2989 2990//2990 2894//2894
f 2894//2894 2990//2990 2991//2991 2895//2895
f 2895//2895 2991//2991 2992//2992 2896//2896
f 2896//2896 2992//2992 2993//2993 2897//2897
f 2897//2897 2993//2993 2994//2994 2898//2898
f 2898//2898 2994//2994 2995//2995 2899//2899
f 2899//2899 2995//2995 2996//2996 2900//2900
f 2900//2900 2996//2996 2997//2997 2901//2901
f 2901//2901 2997//2997 2998//2998 2902//2902
f 2902//2902 2998//2998 2999//2999 2903//2903
f 2903//2903 2999//2999 3000//3000 2904//2904
f 2904//2904 3000//3000 3001//3001 2905//2905
f 2905//2905 3001//3001 3002//3002 2906//2906
f 2906//2906 3002//3002 3003//3003 2907//2907
f 2907//2907 3003//3003 3004//3004 2908//2908
f 2908//2908 3004//3004 3005//3005 2909//2909
f 2909//2909 3005//3005 3006//3006 2910//2910
f 2910//2910 3006//3006 3007//3007 2911//2911
f 2911//2911 3007//3007 3008//3008 2912//2912
f 2912//2912 3008//3008 3009//3009 2913//2913
f 2913//2913 3009//3009 3010//3010 2914//2914
f 2914//2914 3010//3010 3011//3011 2915//2915
f 2915//2915 3011//3011 3012//3012 2916//2916
f 2916//2916 3012//3012 3013//3013 2917//2917
f 2917//2917 3013//3013 3014//3014 2918//2918
f 2918//2918 3014//3014 3015//3015 2919//2919
f 2919//2919 3015//3015 3016//3016 2920//2920
f 2920//2920 3016//3016 3017//3017 2921//2921
f 2921//2921 3017//3017 3018//3018 2922//2922
f 2922//2922 3018//3018 3019//3019 2923//2923
f 2923//2923 3019//3019 3020//3020 2924//2924
f 2924//2924 3020//3020 3021//3021 2925//2925
f 2925//2925 3021//3021 3022//3022 2926//2926
f 2926//2926 3022//3022 3023//3023 2927//2927
f 2927//2927 3023//3023 3024//3024 2928//2928
f 2928//2928 3024//3024 3025//3025 2929//2929
f 2929//2929 3025//3025 3026//3026 2930//2930
f 2930//2930 3026//3026 3027//3027 2931//2931
f 2931//2931 3027//3027 3028//3028 2932//2932
f 2932//2932 3028//3028 3029//3029 2933//2933
f 2933//2933 3029//3029 3030//3030 2934//2934
f 2934//2934 3030//3030 3031//3031 2935//2935
f 2935//2935 3031//3031 3032//3032 2936//2936
f 2936//2936 3032//3032 3033//3033 2937//2937
f 2937//2937 3033//3033 3034//3034 2938//2938
f 2938//2938 3034//3034 3035//3035 2939//2939
f 2939//2939 3035//3035 3036//3036 2940//2940
f 2940//2940 3036//3036 3037//3037 2941//2941
f 2941//2941 3037//3037 3038//3038 2942//2942
f 2942//2942 3038//3038 3039//3039 2943//2943
f 2943//2943 3039//3039 3040//3040 2944//2944
f 2944//2944 3040//3040 3041//3041 2945//2945
f 2945//2945 3041//3041 3042//3042 2946//2946
f 2946//2946 3042//3042 3043//3043 2947//2947
f 2947//2947 3043//3043 3044//3044 2948//2948
f 2948//2948 3044//3044 3045//3045 2949//2949
f 2949//2949 3045//3045 3046//3046 2950//2950
f 2950//2950 3046//3046 3047//3047 2951//2951
f 2951//2951 3047//3047 3048//3048 2952//2952
f 2952//2952 3048//3048 3049//3049 2953//2953
f 2953//2953 3049//3049 3050//3050 2954//2954
f 2954//2954 3050//3050 3051//3051 2955//2955
f 2955//2955 3051//3051 3052//3052 2956//2956
f 2956//2956 3052//3052 3053//3053 2957//2957
f 2957//2957 3053//3053 3054//3054 2958//2958
f 2958//2958 3054//3054 3055//3055 2959//2959
f 2959//2959 3055//3055 3056//3056 2960//2960
f 2960//2960 3056//3056 3057//3057 2961//2961
f 2961//2961 3057//3057 3058//3058 2962//2962
f 2962//2962 3058//3058 3059//3059 2963//2963
f 2963//2963 3059//3059 3060//3060 2964//2964
f 2964//2964 3060//3060 3061//3061 2965//2965
f 2965//2965 3061//3061 3062//3062 2966//2966
f 2966//2966 3062//3062 3063//3063 2967//2967
f 2967//2967 3063//3063 3064//3064 2968//2968
f 2968//2968 3064//3064 3065//3065 2969//2969
f 2969//2969 3065//3065 3066//3066 2970//2970
f 2970//2970 3066//3066 3067//3067 2971//2971
f 2971//2971 3067//3067 3068//3068 2972//2972
f 2972//2972 3068//3068 3069//3069 2973//2973
f 2973//2973 3069//3069 3070//3070 2974//2974
f 2974//2974 3070//3070 3071//3071 2975//2975
f 2975//2975 3071//3071 3072//3072 2976//2976
f 2976//2976 3072//3072 3073//3073 2977//2977
f 2977//2977 3073//3073 2978//2978 2882//2882
f 2978//2978 3074//3074 3075//3075 2979//2979
f 2979//2979 3075//3075 3076//3076 2980//2980
f 2980//2980 3076//3076 3077//3077 2981//2981
f 2981//2981 3077//3077 3078//3078 2982//2982
f 2982//2982 3078//3078 3079//3079 2983//2983
f 2983//2983 3079//3079 3080//3080 2984//2984
f 2984//2984 3080//3080 3081//3081 2985//2985
f 2985//2985 3081//3081 3082//3082 2986//2986
f 2986//2986 3082//3082 3083//3083 2987//2987
f 2987//2987 3083//3083 3084//3084 2988//2988
f 2988//2988 3084//3084 3085//3085 2989//2989
f 2989//2989 3085//3085 3086//3086 2990//2990
f 2990//2990 3086//3086 3087//3087 2991//2991
f 2991//2991 3087//3087 3088//3088 2992//2992
f 2992//2992 3088//3088 3089//3089 2993//2993
f 2993//2993 3089//3089 3090//3090 2994//2994
f 2994//2994 3090//3090 3091//3091 2995//2995
f 2995//2995 3091//3091 3092//3092 2996//2996
f 2996//2996 3092//3092 3093//3093 2997//2997
f 2997//2997 3093//3093 3094//3094 2998//2998
f 2998//2998 3094//3094 3095//3095 2999//2999
f 2999//2999 3095//3095 3096//3096 3000//3000
f 3000//3000 3096//3096 3097//3097 3001//3001
f 3001//3001 3097//3097 3098//3098 3002//3002
f 3002//3002 3098//3098 3099//3099 3003//3003
f 3003//3003 3099//3099 3100//3100 3004//3004
f 3004//3004 3100//3100 3101//3101 3005//3005
f 3005//3005 3101//3101 3102//3102 3006//3006
f 3006//3006 3102//3102 3103//3103 3007//3007
f 3007//3007 3103//3103 3104//3104 3008//3008
f 3008//3008 3104//3104 3105//3105 3009//3009
f 3009//3009 3105//3105 3106//3106 3010//3010
f 3010//3010 3106//3106 3107//3107 3011//3011
f 3011//3011 3107//3107 3108//3108 3012//3012
f 3012//3012 3108//3108 3109//3109 3013//3013
f 3013//3013 3109//3109 3110//3110 3014//3014
f 3014//3014 3110//3110 3111//3111 3015//3015
f 3015//3015 3111//3111 3112//3112 3016//3016
f 3016//3016 3112//3112 3113//3113 3017//3017
f 3017//3017 3113//3113 3114//3114 3018//3018
f 3018//3018 3114//3114 3115//3115 3019//3019
f 3019//3019 3115//3115 3116//3116 3020//3020
f 3020//3020 3116//3116 3117//3117 3021//3021
f 3021//3021 3117//3117 3118//3118 3022//3022
f 3022//3022 3118//3118 3119//3119 3023//3023
f 3023//3023 3119//3119 3120//3120 3024//3024
f 3024//3024 3120//3120 3121//3121 3025//3025
f 3025//3025 3121//3121 3122//3122 3026//3026
f 3026//3026 3122//3122 3123//3123 3027//3027
f 3027//3027 3123//3123 3124//3124 3028//3028
f 3028//3028 3124//3124 3125//3125 3029//3029
f 3029//3029 3125//3125 3126//3126 3030//3030
f 3030//3030 3126//3126 3127//3127 3031//3031
f 3031//3031 3127//3127 3128//3128 3032//3032
f 3032//3032 3128//3128 3129//3129 3033//3033
f 3033//3033 3129//3129 3130//3130 3034//3034
f 3034//3034 3130//3130 3131//3131 3035//3035
f 3035//3035 3131//3131 3132//3132 3036//3036
f 3036//3036 3132//3132 3133//3133 3037//3037
f 3037//3037 3133//3133 3134//3134 3038//3038
f 3038//3038 3134//3134 3135//3135 3039//3039
f 3039//3039 3135//3135 3136//3136 3040//3040
f 3040//3040 3136//3136 3137//3137 3041//3041
f 3041//3041 3137//3137 3138//3138 3042//3042
f 3042//3042 3138//3138 3139//3139 3043//3043
f 3043//3043 3139//3139 3140//3140 3044//3044
f 3044//3044 3140//3140 3141//3141 3045//3045
f 3045//3045 3141//3141 3142//3142 3046//3046
f 3046//3046 3142//3142 3143//3143 3047//3047
f 3047//3047 3143//3143 3144//3144 3048//3048
f 3048//3048 3144//3144 3145//3145 3049//3049
f 3049//3049 3145//3145 3146//3146 3050//3050
f 3050//3050 3146//3146 3147//3147 3051//3051
f 3051//3051 3147//3147 3148//3148 3052//3052
f 3052//3052 3148//3148 3149//3149 3053//3053
f 3053//3053 3149//3149 3150//3150 3054//3054
f 3054//3054 3150//3150 3151//3151 3055//3055
f 3055//3055 3151//3151 3152//3152 3056//3056
f 3056//3056 3152//3152 3153//3153 3057//3057
f 3057//3057 3153//3153 3154//3154 3058//3058
f 3058//3058 3154//3154 3155//3155 3059//3059
f 3059//3059 3155//3155 3156//3156 3060//3060
f 3060//3060 3156//3156 3157//3157 3061//3061
f 3061//3061 3157//3157 3158//3158 3062//3062
f 3062//3062 3158//3158 3159//3159 3063//3063
f 3063//3063 3159//3159 3160//3160 3064//3064
f 3064//3064 3160//3160 3161//3161 3065//3065
f 3065//3065 3161//3161 3162//3162 3066//3066
f 3066//3066 3162//3162 3163//3163 3067//3067
f 3067//3067 3163//3163 3164//3164 3068//3068
f 3068//3068 3164//3164 3165//3165 3069//3069
f 3069//3069 3165//3165 3166//3166 3070//3070
f 3070//3070 3166//3166 3167//3167 3071//3071
f 3071//3071 3167//3167 3168//3168 3072//3072
f 3072//3072 3168//3168 3169//3169 3073//3073
f 3073//3073 3169//3169 3074//3074 2978//2978
f 3074//3074 3170//3170 3171//3171 3075//3075
f 3075//3075 3171//3171 3172//3172 3076//3076
f 3076//3076 3172//3172 3173//3173 3077//3077
f 3077//3077 3173//3173 3174//3174 3078//3078
f 3078//3078 3174//3174 3175//3175 3079//3079
f 3079//3079 3175//3175 3176//3176 3080//3080
f 3080//3080 3176//3176 3177//3177 3081//3081
f 3081//3081 3177//3177 3178//3178 3082//3082
f 3082//3082 3178//3178 3179//3179 3083//3083
f 3083//3083 3179//3179 3180//3180 3084//3084
f 3084//3084 3180//3180 3181//3181 3085//3085
f 3085//3085 3181//3181 3182//3182 3086//3086
f 3086//3086 3182//3182 3183//3183 3087//3087
f 3087//3087 3183//3183 3184//3184 3088//3088
f 3088//3088 3184//3184 3185//3185 3089//3089
f 3089//3089 3185//3185 3186//3186 3090//3090
f 3090//3090 3186//3186 3187//3187 3091//3091
f 3091//3091 3187//3187 3188//3188 3092//3092
f 3092//3092 3188//3188 3189//3189 3093//3093
f 3093//3093 3189//3189 3190//3190 3094//3094
f 3094//3094 3190//3190 3191//3191 3095//3095
f 3095//3095 3191//3191 3192//3192 3096//3096
f 3096//3096 3192//3192 3193//3193 3097//3097
f 3097//3097 3193//3193 3194//3194 3098//3098
f 3098//3098 3194//3194 3195//3195 3099//3099
f 3099//3099 3195//3195 3196//3196 3100//3100
f 3100//3100 3196//3196 3197//3197 3101//3101
f 3101//3101 3197//3197 3198//3198 3102//3102
f 3102//3102 3198//3198 3199//3199 3103//3103
f 3103//3103 3199//3199 3200//3200 3104//3104
f 3104//3104 3200//3200 3201//3201 3105//3105
f 3105//3105 3201//3201 3202//3202 3106//3106
f 3106//3106 3202//3202 3203//3203 3107//3107
f 3107//3107 3203//3203 3204//3204 3108//3108
f 3108//3108 3204//3204 3205//3205 3109//3109
f 3109//3109 3205//3205 3206//3206 3110//3110
f 3110//3110 3206//3206 3207//3207 3111//3111
f 3111//3111 3207//3207 3208//3208 3112//3112
f 3112//3112 3208//3208 3209//3209 3113//3113
f 3113//3113 3209//3209 3210//3210 3114//3114
f 3114//3114 3210//3210 3211//3211 3115//3115
f 3115//3115 3211//3211 3212//3212 3116//3116
f 3116//3116 3212//3212 3213//3213 3117//3117
f 3117//3117 3213//3213 3214//3214 3118//3118
f 3118//3118 3214//3214 3215//3215 3119//3119
f 3119//3119 3215//3215 3216//3216 3120//3120
f 3120//3120 3216//3216 3217//3217 3121//3121
f 3121//3121 3217//3217 3218//3218 3122//3122
f 3122//3122 3218//3218 3219//3219 3123//3123
f 3123//3123 3219//3219 3220//3220 3124//3124
f 3124//3124 3220//3220 3221//3221 3125//3125
f 3125//3125 3221//3221 3222//3222 3126//3126
f 3126//3126 3222//3222 3223//3223 3127//3127
f 3127//3127 3223//3223 3224//3224 3128//3128
f 3128//3128 3224//3224 3225//3225 3129//3129
f 3129//3129 3225//3225 3226//3226 3130//3130
f 3130//3130 3226//3226 3227//3227 3131//3131
f 3131//3131 3227//3227 3228//3228 3132//3132
f 3132//3132 3228//3228 3229//3229 3133//3133
f 3133//3133 3229//3229 3230//3230 3134//3134
f 3134//3134 3230//3230 3231//3231 3135//3135
f 3135//3135 3231//3231 3232//3232 3136//3136
f 3136//3136 3232//3232 3233//3233 3137//3137
f 3137//3137 3233//3233 3234//3234 3138//3138
f 3138//3138 3234//3234 3235//3235 3139//3139
f 3139//3139 3235//3235 3236//3236 3140//3140
f 3140//3140 3236//3236 3237//3237 3141//3141
f 3141//3141 3237//3237 3238//3238 3142//3142
f 3142//3142 3238//3238 3239//3239 3143//3143
f 3143//3143 3239//3239 3240//3240 3144//3144
f 3144//3144 3240//3240 3241//3241 3145//3145
f 3145//3145 3241//3241 3242//3242 3146//3146
f 3146//3146 3242//3242 3243//3243 3147//3147
f 3147//3147 3243//3243 3244//3244 3148//3148
f 3148//3148 3244//3244 3245//3245 3149//3149
f 3149//3149 3245//3245 3246//3246 3150//3150
f 3150//3150 3246//3246 3247//3247 3151//3151
f 3151//3151 3247//3247 3248//3248 3152//3152
f 3152//3152 3248//3248 3249//3249 3153//3153
f 3153//3153 3249//3249 3250//3250 3154//3154
f 3154//3154 3250//3250 3251//3251 3155//3155
f 3155//3155 3251//3251 3252//3252 3156//3156
f 3156//3156 3252//3252 3253//3253 3157//3157
f 3157//3157 3253//3253 3254//3254 3158//3158
f 3158//3158 3254//3254 3255//3255 3159//3159
f 3159//3159 3255//3255 3256//3256 3160//3160
f 3160//3160 3256//3256 3257//3257 3161//3161
f 3161//3161 3257//3257 3258//3258 3162//3162
f 3162//3162 3258//3258 3259//3259 3163//3163
f 3163//3163 3259//3259 3260//3260 3164//3164
f 3164//3164 3260//3260 3261//3261 3165//3165
f 3165//3165 3261//3261 3262//3262 3166//3166
f 3166//3166 3262//3262 3263//3263 3167//3167
f 3167//3167 3263//3263 3264//3264 3168//3168
f 3168//3168 3264//3264 3265//3265 3169//3169
f 3169//3169 3265//3265 3170//3170 3074//3074
f 3170//3170 3266//3266 3267//3267 3171//3171
f 3171//3171 3267//3267 3268//3268 3172//3172
f 3172//3172 3268//3268 3269//3269 3173//3173
f 3173//3173 3269//3269 3270//3270 3174//3174
f 3174//3174 3270//3270 3271//3271 3175//3175
f 3175//3175 3271//3271 3272//3272 3176//3176
f 3176//3176 3272//3272 3273//3273 3177//3177
f 3177//3177 3273//3273 3274//3274 3178//3178
f 3178//3178 3274//3274 3275//3275 3179//3179
f 3179//3179 3275//3275 3276//3276 3180//3180
f 3180//3180 3276//3276 3277//3277 3181//3181
f 3181//3181 3277//3277 3278//3278 3182//3182
f 3182//3182 3278//3278 3279//3279 3183//3183
f 3183//3183 3279//3279 3280//3280 3184//3184
f 3184//3184 3280//3280 3281//3281 3185//3185
f 3185//3185 3281//3281 3282//3282 3186//3186
f 3186//3186 3282//3282 3283//3283 3187//3187
f 3187//3187 3283//3283 3284//3284 3188//3188
f 3188//3188 3284//3284 3285//3285 3189//3189
f 3189//3189 3285//3285 3286//3286 3190//3190
f 3190//3190 3286//3286 3287//3287 3191//3191
f 3191//3191 3287//3287 3288//3288 3192//3192
f 3192//3192 3288//3288 3289//3289 3193//3193
f 3193//3193 3289//3289 3290//3290 3194//3194
f 3194//3194 3290//3290 3291//3291 3195//3195
f 3195//3195 3291//3291 3292//3292 3196//3196
f 3196//3196 3292//3292 3293//3293 3197//3197
f 3197//3197 3293//3293 3294//3294 3198//3198
f 3198//3198 3294//3294 3295//3295 3199//3199
f 3199//3199 3295//3295 3296//3296 3200//3200
f 3200//3200 3296//3296 3297//3297 3201//3201
f 3201//3201 3297//3297 3298//3298 3202//3202
f 3202//3202 3298//3298 3299//3299 3203//3203
f 3203//3203 3299//3299 3300//3300 3204//3204
f 3204//3204 3300//3300 3301//3301 3205//3205
f 3205//3205 3301//3301 3302//3302 3206//3206
f 3206//3206 3302//3302 3303//3303 3207//3207
f 3207//3207 3303//3303 3304//3304 3208//3208
f 3208//3208 3304//3304 3305//3305 3209//3209
f 3209//3209 3305//3305 3306//3306 3210//3210
f 3210//3210 3306//3306 3307//3307 3211//3211
f 3211//3211 3307//3307 3308//3308 3212//3212
f 3212//3212 3308//3308 3309//3309 3213//3213
f 3213//3213 3309//3309 3310//3310 3214//3214
f 3214//3214 3310//3310 3311//3311 3215//3215
f 3215//3215 3311//3311 3312//3312 3216//3216
f 3216//3216 3312//3312 3313//3313 3217//3217
f 3217//3217 3313//3313 3314//3314 3218//3218
f 3218//3218 3314//3314 3315//3315 3219//3219
f 3219//3219 3315//3315 3316//3316 3220//3220
f 3220//3220 3316//3316 3317//3317 3221//3221
f 3221//3221 3317//3317 3318//3318 3222//3222
f 3222//3222 3318//3318 3319//3319 3223//3223
f 3223//3223 3319//3319 3320//3320 3224//3224
f 3224//3224 3320//3320 3321//3321 3225//3225
f 3225//3225 3321//3321 3322//3322 3226//3226
f 3226//3226 3322//3322 3323//3323 3227//3227
f 3227//3227 3323//3323 3324//3324 3228//3228
f 3228//3228 3324//3324 3325//3325 3229//3229
f 3229//3229 3325//3325 3326//3326 3230//3230
f 3230//3230 3326//3326 3327//3327 3231//3231
f 3231//3231 3327//3327 3328//3328 3232//3232
f 3232//3232 3328//3328 3329//3329 3233//3233
f 3233//3233 3329//3329 3330//3330 3234//3234
f 3234//3234 3330//3330 3331//3331 3235//3235
f 3235//3235 3331//3331 3332//3332 3236//3236
f 3236//3236 3332//3332 3333//3333 3237//3237
f 3237//3237 3333//3333 3334//3334 3238//3238
f 3238//3238 3334//3334 3335//3335 3239//3239
f 3239//3239 3335//3335 3336//3336 3240//3240
f 3240//3240 3336//3336 3337//3337 3241//3241
f 3241//3241 3337//3337 3338//3338 3242//3242
f 3242//3242 3338//3338 3339//3339 3243//3243
f 3243//3243 3339//3339 3340//3340 3244//3244
f 3244//3244 3340//3340 3341//3341 3245//3245
f 3245//3245 3341//3341 3342//3342 3246//3246
f 3246//3246 3342//3342 3343//3343 3247//3247
f 3247//3247 3343//3343 3344//3344 3248//3248
f 3248//3248 3344//3344 3345//3345 3249//3249
f 3249//3249 3345//3345 3346//3346 3250//3250
f 3250//3250 3346//3346 3347//3347 3251//3251
f 3251//3251 3347//3347 3348//3348 3252//3252
f 3252//3252 3348//3348 3349//3349 3253//3253
f 3253//3253 3349//3349 3350//3350 3254//3254
f 3254//3254 3350//3350 3351//3351 3255//3255
f 3255//3255 3351//3351 3352//3352 3256//3256
f 3256//3256 3352//3352 3353//3353 3257//3257
f 3257//3257 3353//3353 3354//3354 3258//3258
f 3258//3258 3354//3354 3355//3355 3259//3259
f 3259//3259 3355//3355 3356//3356 3260//3260
f 3260//3260 3356//3356 3357//3357 3261//3261
f 3261//3261 3357//3357 3358//3358 3262//3262
f 3262//3262 3358//3358 3359//3359 3263//3263
f 3263//3263 3359//3359 3360//3360 3264//3264
f 3264//3264 3360//3360 3361//3361 3265//3265
f 3265//3265 3361//3361 3266//3266 3170//3170
f 3266//3266 3362//3362 3363//3363 3267//3267
f 3267//3267 3363//3363 3364//3364 3268//3268
f 3268//3268 3364//3364 3365//3365 3269//3269
f 3269//3269 3365//3365 3366//3366 3270//3270
f 3270//3270 3366//3366 3367//3367 3271//3271
f 3271//3271 3367//3367 3368//3368 3272//3272
f 3272//3272 3368//3368 3369//3369 3273//3273
f 3273//3273 3369//3369 3370//3370 3274//3274
f 3274//3274 3370//3370 3371//3371 3275//3275
f 3275//3275 3371//3371 3372//3372 3276//3276
f 3276//3276 3372//3372 3373//3373 3277//3277
f 3277//3277 3373//3373 3374//3374 3278//3278
f 3278//3278 3374//3374 3375//3375 3279//3279
f 3279//3279 3375//3375 3376//3376 3280//3280
f 3280//3280 3376//3376 3377//3377 3281//3281
f 3281//3281 3377//3377 3378//3378 3282//3282
f 3282//3282 3378//3378 3379//3379 3283//3283
f 3283//3283 3379//3379 3380//3380 3284//3284
f 3284//3284 3380//3380 3381//3381 3285//3285
f 3285//3285 3381//3381 3382//3382 3286//3286
f 3286//3286 3382//3382 3383//3383 3287//3287
f 3287//3287 3383//3383 3384//3384 3288//3288
f 3288//3288 3384//3384 3385//3385 3289//3289
f 3289//3289 3385//3385 3386//3386 3290//3290
f 3290//3290 3386//3386 3387//3387 3291//3291
f 3291//3291 3387//3387 3388//3388 3292//3292
f 3292//3292 3388//3388 3389//3389 3293//3293
f 3293//3293 3389//3389 3390//3390 3294//3294
f 3294//3294 3390//3390 3391//3391 3295//3295
f 3295//3295 3391//3391 3392//3392 3296//3296
f 3296//3296 3392//3392 3393//3393 3297//3297
f 3297//3297 3393//3393 3394//3394 3298//3298
f 3298//3298 3394//3394 3395//3395 3299//3299
f 3299//3299 3395//3395 3396//3396 3300//3300
f 3300//3300 3396//3396 3397//3397 3301//3301
f 3301//3301 3397//3397 3398//3398 3302//3302
f 3302//3302 3398//3398 3399//3399 3303//3303
f 3303//3303 3399//3399 3400//3400 3304//3304
f 3304//3304 3400//3400 3401//3401 3305//3305
f 3305//3305 3401//3401 3402//3402 3306//3306
f 3306//3306 3402//3402 3403//3403 3307//3307
f 3307//3307 3403//3403 3404//3404 3308//3308
f 3308//3308 3404//3404 3405//3405 3309//3309
f 3309//3309 3405//3405 3406//3406 3310//3310
f 3310//3310 3406//3406 3407//3407 3311//3311
f 3311//3311 3407//3407 3408//3408 3312//3312
f 3312//3312 3408//3408 3409//3409 3313//3313
f 3313//3313 3409//3409 3410//3410 3314//3314
f 3314//3314 3410//3410 3411//3411 3315//3315
f 3315//3315 3411//3411 3412//3412 3316//3316
f 3316//3316 3412//3412 3413//3413 3317//3317
f 3317//3317 3413//3413 3414//3414 3318//3318
f 3318//3318 3414//3414 3415//3415 3319//3319
f 3319//3319 3415//3415 3416//3416 3320//3320
f 3320//3320 3416//3416 3417//3417 3321//3321
f 3321//3321 3417//3417 3418//3418 3322//3322
f 3322//3322 3418//3418 3419//3419 3323//3323
f 3323//3323 3419//3419 3420//3420 3324//3324
f 3324//3324 3420//3420 3421//3421 3325//3325
f 3325//3325 3421//3421 3422//3422 3326//3326
f 3326//3326 3422//3422 3423//3423 3327//3327
f 3327//3327 3423//3423 3424//3424 3328//3328
f 3328//3328 3424//3424 3425//3425 3329//3329
f 3329//3329 3425//3425 3426//3426 3330//3330
f 3330//3330 3426//3426 3427//3427 3331//3331
f 3331//3331 3427//3427 3428//3428 3332//3332
f 3332//3332 3428//3428 3429//3429 3333//3333
f 3333//3333 3429//3429 3430//3430 3334//3334
f 3334//3334 3430//3430 3431//3431 3335//3335
f 3335//3335 3431//3431 3432//3432 3336//3336
f 3336//3336 3432//3432 3433//3433 3337//3337
f 3337//3337 3433//3433 3434//3434 3338//3338
f 3338//3338 3434//3434 3435//3435 3339//3339
f 3339//3339 3435//3435 3436//3436 3340//3340
f 3340//3340 3436//3436 3437//3437 3341//3341
f 3341//3341 3437//3437 3438//3438 3342//3342
f 3342//3342 3438//3438 3439//3439 3343//3343
f 3343//3343 3439//3439 3440//3440 3344//3344
f 3344//3344 3440//3440 3441//3441 3345//3345
f 3345//3345 3441//3441 3442//3442 3346//3346
f 3346//3346 3442//3442 3443//3443 3347//3347
f 3347//3347 3443//3443 3444//3444 3348//3348
f 3348//3348 3444//3444 3445//3445 3349//3349
f 3349//3349 3445//3445 3446//3446 3350//3350
f 3350//3350 3446//3446 3447//3447 3351//3351
f 3351//3351 3447//3447 3448//3448 3352//3352
f 3352//3352 3448//3448 3449//3449 3353//3353
f 3353//3353 3449//3449 3450//3450 3354//3354
f 3354//3354 3450//3450 3451//3451 3355//3355
f 3355//3355 3451//3451 3452//3452 3356//3356
f 3356//3356 3452//3452 3453//3453 3357//3357
f 3357//3357 3453//3453 3454//3454 3358//3358
f 3358//3358 3454//3454 3455//3455 3359//3359
f 3359//3359 3455//3455 3456//3456 3360//3360
f 3360//3360 3456//3456 3457//3457 3361//3361
f 3361//3361 3457//3457 3362//3362 3266//3266
f 3362//3362 3458//3458 3459//3459 3363//3363
f 3363//3363 3459//3459 3460//3460 3364//3364
f 3364//3364 3460//3460 3461//3461 3365//3365
f 3365//3365 3461//3461 3462//3462 3366//3366
f 3366//3366 3462//3462 3463//3463 3367//3367
f 3367//3367 3463//3463 3464//3464 3368//3368
f 3368//3368 3464//3464 3465//3465 3369//3369
f 3369//3369 3465//3465 3466//3466 3370//3370
f 3370//3370 3466//3466 3467//3467 3371//3371
f 3371//3371 3467//3467 3468//3468 3372//3372
f 3372//3372 3468//3468 3469//3469 3373//3373
f 3373//3373 3469//3469 3470//3470 3374//3374
f 3374//3374 3470//3470 3471//3471 3375//3375
f 3375//3375 3471//3471 3472//3472 3376//3376
f 3376//3376 3472//3472 3473//3473 3377//3377
f 3377//3377 3473//3473 3474//3474 3378//3378
f 3378//3378 3474//3474 3475//3475 3379//3379
f 3379//3379 3475//3475 3476//3476 3380//3380
f 3380//3380 3476//3476 3477//3477 3381//3381
f 3381//3381 3477//3477 3478//3478 3382//3382
f 3382//3382 3478//3478 3479//3479 3383//3383
f 3383//3383 3479//3479 3480//3480 3384//3384
f 3384//3384 3480//3480 3481//3481 3385//3385
f 3385//3385 3481//3481 3482//3482 3386//3386
f 3386//3386 3482//3482 3483//3483 3387//3387
f 3387//3387 3483//3483 3484//3484 3388//3388
f 3388//3388 3484//3484 3485//3485 3389//3389
f 3389//3389 3485//3485 3486//3486 3390//3390
f 3390//3390 3486//3486 3487//3487 3391//3391
f 3391//3391 3487//3487 3488//3488 3392//3392
f 3392//3392 3488//3488 3489//3489 3393//3393
f 3393//3393 3489//3489 3490//3490 3394//3394
f 3394//3394 3490//3490 3491//3491 3395//3395
f 3395//3395 3491//3491 3492//3492 3396//3396
f 3396//3396 3492//3492 3493//3493 3397//3397
f 3397//3397 3493//3493 3494//3494 3398//3398
f 3398//3398 3494//3494 3495//3495 3399//3399
f 3399//3399 3495//3495 3496//3496 3400//3400
f 3400//3400 3496//3496 3497//3497 3401//3401
f 3401//3401 3497//3497 3498//3498 3402//3402
f 3402//3402 3498//3498 3499//3499 3403//3403
f 3403//3403 3499//3499 3500//3500 3404//3404
f 3404//3404 3500//3500 3501//3501 3405//3405
f 3405//3405 3501//3501 3502//3502 3406//3406
f 3406//3406 3502//3502 3503//3503 3407//3407
f 3407//3407 3503//3503 3504//3504 3408//3408
f 3408//3408 3504//3504 3505//3505 3409//3409
f 3409//3409 3505//3505 3506//3506 3410//3410
f 3410//3410 3506//3506 3507//3507 3411//3411
f 3411//3411 3507//3507 3508//3508 3412//3412
f 3412//3412 3508//3508 3509//3509 3413//3413
f 3413//3413 3509//3509 3510//3510 3414//3414
f 3414//3414 3510//3510 3511//3511 3415//3415
f 3415//3415 3511//3511 3512//3512 3416//3416
f 3416//3416 3512//3512 3513//3513 3417//3417
f 3417//3417 3513//3513 3514//3514 3418//3418
f 3418//3418 3514//3514 3515//3515 3419//3419
f 3419//3419 3515//3515 3516//3516 3420//3420
f 3420//3420 3516//3516 3517//3517 3421//3421
f 3421//3421 3517//3517 3518//3518 3422//3422
f 3422//3422 3518//3518 3519//3519 3423//3423
f 3423//3423 3519//3519 3520//3520 3424//3424
f 3424//3424 3520//3520 3521//3521 3425//3425
f 3425//3425 3521//3521 3522//3522 3426//3426
f 3426//3426 3522//3522 3523//3523 3427//3427
f 3427//3427 3523//3523 3524//3524 3428//3428
f 3428//3428 3524//3524 3525//3525 3429//3429
f 3429//3429 3525//3525 3526//3526 3430//3430
f 3430//3430 3526//3526 3527//3527 3431//3431
f 3431//3431 3527//3527 3528//3528 3432//3432
f 3432//3432 3528//3528 3529//3529 3433//3433
f 3433//3433 3529//3529 3530//3530 3434//3434
f 3434//3434 3530//3530 3531//3531 3435//3435
f 3435//3435 3531//3531 3532//3532 3436//3436
f 3436//3436 3532//3532 3533//3533 3437//3437
f 3437//3437 3533//3533 3534//3534 3438//3438
f 3438//3438 3534//3534 3535//3535 3439//3439
f 3439//3439 3535//3535 3536//3536 3440//3440
f 3440//3440 3536//3536 3537//3537 3441//3441
f 3441//3441 3537//3537 3538//3538 3442//3442
f 3442//3442 3538//3538 3539//3539 3443//3443
f 3443//3443 3539//3539 3540//3540 3444//3444
f 3444//3444 3540//3540 3541//3541 3445//3445
f 3445//3445 3541//3541 3542//3542 3446//3446
f 3446//3446 3542//3542 3543//3543 3447//3447
f 3447//3447 3543//3543 3544//3544 3448//3448
f 3448//3448 3544//3544 3545//3545 3449//3449
f 3449//3449 3545//3545 3546//3546 3450//3450
f 3450//3450 3546//3546 3547//3547 3451//3451
f 3451//3451 3547//3547 3548//3548 3452//3452
f 3452//3452 3548//3548 3549//3549 3453//3453
f 3453//3453 3549//3549 3550//3550 3454//3454
f 3454//3454 3550//3550 3551//3551 3455//3455
f 3455//3455 3551//3551 3552//3552 3456//3456
f 3456//3456 3552//3552 3553//3553 3457//3457
f 3457//3457 3553//3553 3458//3458 3362//3362
f 3458//3458 3554//3554 3555//3555 3459//3459
f 3459//3459 3555//3555 3556//3556 3460//3460
f 3460//3460 3556//3556 3557//3557 3461//3461
f 3461//3461 3557//3557 3558//3558 3462//3462
f 3462//3462 3558//3558 3559//3559 3463//3463
f 3463//3463 3559//3559 3560//3560 3464//3464
f 3464//3464 3560//3560 3561//3561 3465//3465
f 3465//3465 3561//3561 3562//3562 3466//3466
f 3466//3466 3562//3562 3563//3563 3467//3467
f 3467//3467 3563//3563 3564//3564 3468//3468
f 3468//3468 3564//3564 3565//3565 3469//3469
f 3469//3469 3565//3565 3566//3566 3470//3470
f 3470//3470 3566//3566 3567//3567 3471//3471
f 3471//3471 3567//3567 3568//3568 3472//3472
f 3472//3472 3568//3568 3569//3569 3473//3473
f 3473//3473 3569//3569 3570//3570 3474//3474
f 3474//3474 3570//3570 3571//3571 3475//3475
f 3475//3475 3571//3571 3572//3572 3476//3476
f 3476//3476 3572//3572 3573//3573 3477//3477
f 3477//3477 3573//3573 3574//3574 3478//3478
f 3478//3478 3574//3574 3575//3575 3479//3479
f 3479//3479 3575//3575 3576//3576 3480//3480
f 3480//3480 3576//3576 3577//3577 3481//3481
f 3481//3481 3577//3577 3578//3578 3482//3482
f 3482//3482 3578//3578 3579//3579 3483//3483
f 3483//3483 3579//3579 3580//3580 3484//3484
f 3484//3484 3580//3580 3581//3581 3485//3485
f 3485//3485 3581//3581 3582//3582 3486//3486
f 3486//3486 3582//3582 3583//3583 3487//3487
f 3487//3487 3583//3583 3584//3584 3488//3488
f 3488//3488 3584//3584 3585//3585 3489//3489
f 3489//3489 3585//3585 3586//3586 3490//3490
f 3490//3490 3586//3586 3587//3587 3491//3491
f 3491//3491 3587//3587 3588//3588 3492//3492
f 3492//3492 3588//3588 3589//3589 3493//3493
f 3493//3493 3589//3589 3590//3590 3494//3494
f 3494//3494 3590//3590 3591//3591 3495//3495
f 3495//3495 3591//3591 3592//3592 3496//3496
f 3496//3496 3592//3592 3593//3593 3497//3497
f 3497//3497 3593//3593 3594//3594 3498//3498
f 3498//3498 3594//3594 3595//3595 3499//3499
f 3499//3499 3595//3595 3596//3596 3500//3500
f 3500//3500 3596//3596 3597//3597 3501//3501
f 3501//3501 3597//3597 3598//3598 3502//3502
f 3502//3502 3598//3598 3599//3599 3503//3503
f 3503//3503 3599//3599 3600//3600 3504//3504
f 3504//3504 3600//3600 3601//3601 3505//3505
f 3505//3505 3601//3601 3602//3602 3506//3506
f 3506//3506 3602//3602 3603//3603 3507//3507
f 3507//3507 3603//3603 3604//3604 3508//3508
f 3508//3508 3604//3604 3605//3605 3509//3509
f 3509//3509 3605//3605 3606//3606 3510//3510
f 3510//3510 3606//3606 3607//3607 3511//3511
f 3511//3511 3607//3607 3608//3608 3512//3512
f 3512//3512 3608//3608 3609//3609 3513//3513
f 3513//3513 3609//3609 3610//3610 3514//3514
f 3514//3514 3610//3610 3611//3611 3515//3515
f 3515//3515 3611//3611 3612//3612 3516//3516
f 3516//3516 3612//3612 3613//3613 3517//3517
f 3517//3517 3613//3613 3614//3614 3518//3518
f 3518//3518 3614//3614 3615//3615 3519//3519
f 3519//3519 3615//3615 3616//3616 3520//3520
f 3520//3520 3616//3616 3617//3617 3521//3521
f 3521//3521 3617//3617 3618//3618 3522//3522
f 3522//3522 3618//3618 3619//3619 3523//3523
f 3523//3523 3619//3619 3620//3620 3524//3524
f 3524//3524 3620//3620 3621//3621 3525//3525
f 3525//3525 3621//3621 3622//3622 3526//3526
f 3526//3526 3622//3622 3623//3623 3527//3527
f 3527//3527 3623//3623 3624//3624 3528//3528
f 3528//3528 3624//3624 3625//3625 3529//3529
f 3529//3529 3625//3625 3626//3626 3530//3530
f 3530//3530 3626//3626 3627//3627 3531//3531
f 3531//3531 3627//3627 3628//3628 3532//3532
f 3532//3532 3628//3628 3629//3629 3533//3533
f 3533//3533 3629//3629 3630//3630 3534//3534
f 3534//3534 3630//3630 3631//3631 3535//3535
f 3535//3535 3631//3631 3632//3632 3536//3536
f 3536//3536 3632//3632 3633//3633 3537//3537
f 3537//3537 3633//3633 3634//3634 3538//3538
f 3538//3538 3634//3634 3635//3635 3539//3539
f 3539//3539 3635//3635 3636//3636 3540//3540
f 3540//3540 3636//3636 3637//3637 3541//3541
f 3541//3541 3637//3637 3638//3638 3542//3542
f 3542//3542 3638//3638 3639//3639 3543//3543
f 3543//3543 3639//3639 3640//3640 3544//3544
f 3544//3544 3640//3640 3641//3641 3545//3545
f 3545//3545 3641//3641 3642//3642 3546//3546
f 3546//3546 3642//3642 3643//3643 3547//3547
f 3547//3547 3643//3643 3644//3644 3548//3548
f 3548//3548 3644//3644 3645//3645 3549//3549
f 3549//3549 3645//3645 3646//3646 3550//3550
f 3550//3550 3646//3646 3647//3647 3551//3551
f 3551//3551 3647//3647 3648//3648 3552//3552
f 3552//3552 3648//3648 3649//3649 3553//3553
f 3553//3553 3649//3649 3554//3554 3458//3458
f 3554//3554 3650//3650 3651//3651 3555//3555
f 3555//3555 3651//3651 3652//3652 3556//3556
f 3556//3556 3652//3652 3653//3653 3557//3557
f 3557//3557 3653//3653 3654//3654 3558//3558
f 3558//3558 3654//3654 3655//3655 3559//3559
f 3559//3559 3655//3655 3656//3656 3560//3560
f 3560//3560 3656//3656 3657//3657 3561//3561
f 3561//3561 3657//3657 3658//3658 3562//3562
f 3562//3562 3658//3658 3659//3659 3563//3563
f 3563//3563 3659//3659 3660//3660 3564//3564
f 3564//3564 3660//3660 3661//3661 3565//3565
f 3565//3565 3661//3661 3662//3662 3566//3566
f 3566//3566 3662//3662 3663//3663 3567//3567
f 3567//3567 3663//3663 3664//3664 3568//3568
f 3568//3568 3664//3664 3665//3665 3569//3569
f 3569//3569 3665//3665 3666//3666 3570//3570
f 3570//3570 3666//3666 3667//3667 3571//3571
f 3571//3571 3667//3667 3668//3668 3572//3572
f 3572//3572 3668//3668 3669//3669 3573//3573
f 3573//3573 3669//3669 3670//3670 3574//3574
f 3574//3574 3670//3670 3671//3671 3575//3575
f 3575//3575 3671//3671 3672//3672 3576//3576
f 3576//3576 3672//3672 3673//3673 3577//3577
f 3577//3577 3673//3673 3674//3674 3578//3578
f 3578//3578 3674//3674 3675//3675 3579//3579
f 3579//3579 3675//3675 3676//3676 3580//3580
f 3580//3580 3676//3676 3677//3677 3581//3581
f 3581//3581 3677//3677 3678//3678 3582//3582
f 3582//3582 3678//3678 3679//3679 3583//3583
f 3583//3583 3679//3679 3680//3680 3584//3584
f 3584//3584 3680//3680 3681//3681 3585//3585
f 3585//3585 3681//3681 3682//3682 3586//3586
f 3586//3586 3682//3682 3683//3683 3587//3587
f 3587//3587 3683//3683 3684//3684 3588//3588
f 3588//3588 3684//3684 3685//3685 3589//3589
f 3589//3589 3685//3685 3686//3686 3590//3590
f 3590//3590 3686//3686 3687//3687 3591//3591
f 3591//3591 3687//3687 3688//3688 3592//3592
f 3592//3592 3688//3688 3689//3689 3593//3593
f 3593//3593 3689//3689 3690//3690 3594//3594
f 3594//3594 3690//3690 3691//3691 3595//3595
f 3595//3595 3691//3691 3692//3692 3596//3596
f 3596//3596 3692//3692 3693//3693 3597//3597
f 3597//3597 3693//3693 3694//3694 3598//3598
f 3598//3598 3694//3694 3695//3695 3599//3599
f 3599//3599 3695//3695 3696//3696 3600//3600
f 3600//3600 3696//3696 3697//3697 3601//3601
f 3601//3601 3697//3697 3698//3698 3602//3602
f 3602//3602 3698//3698 3699//3699 3603//3603
f 3603//3603 3699//3699 3700//3700 3604//3604
f 3604//3604 3700//3700 3701//3701 3605//3605
f 3605//3605 3701//3701 3702//3702 3606//3606
f 3606//3606 3702//3702 3703//3703 3607//3607
f 3607//3607 3703//3703 3704//3704 3608//3608
f 3608//3608 3704//3704 3705//3705 3609//3609
f 3609//3609 3705//3705 3706//3706 3610//3610
f 3610//3610 3706//3706 3707//3707 3611//3611
f 3611//3611 3707//3707 3708//3708 3612//3612
f 3612//3612 3708//3708 3709//3709 3613//3613
f 3613//3613 3709//3709 3710//3710 3614//3614
f 3614//3614 3710//3710 3711//3711 3615//3615
f 3615//3615 3711//3711 3712//3712 3616//3616
f 3616//3616 3712//3712 3713//3713 3617//3617
f 3617//3617 3713//3713 3714//3714 3618//3618
f 3618//3618 3714//3714 3715//3715 3619//3619
f 3619//3619 3715//3715 3716//3716 3620//3620
f 3620//3620 3716//3716 3717//3717 3621//3621
f 3621//3621 3717//3717 3718//3718 3622//3622
f 3622//3622 3718//3718 3719//3719 3623//3623
f 3623//3623 3719//3719 3720//3720 3624//3624
f 3624//3624 3720//3720 3721//3721 3625//3625
f 3625//3625 3721//3721 3722//3722 3626//3626
f 3626//3626 3722//3722 3723//3723 3627//3627
f 3627//3627 3723//3723 3724//3724 3628//3628
f 3628//3628 3724//3724 3725//3725 3629//3629
f 3629//3629 3725//3725 3726//3726 3630//3630
f 3630//3630 3726//3726 3727//3727 3631//3631
f 3631//3631 3727//3727 3728//3728 3632//3632
f 3632//3632 3728//3728 3729//3729 3633//3633
f 3633//3633 3729//3729 3730//3730 3634//3634
f 3634//3634 3730//3730 3731//3731 3635//3635
f 3635//3635 3731//3731 3732//3732 3636//3636
f 3636//3636 3732//3732 3733//3733 3637//3637
f 3637//3637 3733//3733 3734//3734 3638//3638
f 3638//3638 3734//3734 3735//3735 3639//3639
f 3639//3639 3735//3735 3736//3736 3640//3640
f 3640//3640 3736//3736 3737//3737 3641//3641
f 3641//3641 3737//3737 3738//3738 3642//3642
f 3642//3642 3738//3738 3739//3739 3643//3643
f 3643//3643 3739//3739 3740//3740 3644//3644
f 3644//3644 3740//3740 3741//3741 3645//3645
f 3645//3645 3741//3741 3742//3742 3646//3646
f 3646//3646 3742//3742 3743//3743 3647//3647
f 3647//3647 3743//3743 3744//3744 3648//3648
f 3648//3648 3744//3744 3745//3745 3649//3649
f 3649//3649 3745//3745 3650//3650 3554//3554
f 3650//3650 3746//3746 3747//3747 3651//3651
f 3651//3651 3747//3747 3748//3748 3652//3652
f 3652//3652 3748//3748 3749//3749 3653//3653
f 3653//3653 3749//3749 3750//3750 3654//3654
f 3654//3654 3750//3750 3751//3751 3655//3655
f 3655//3655 3751//3751 3752//3752 3656//3656
f 3656//3656 3752//3752 3753//3753 3657//3657
f 3657//3657 3753//3753 3754//3754 3658//3658
f 3658//3658 3754//3754 3755//3755 3659//3659
f 3659//3659 3755//3755 3756//3756 3660//3660
f 3660//3660 3756//3756 3757//3757 3661//3661
f 3661//3661 3757//3757 3758//3758 3662//3662
f 3662//3662 3758//3758 3759//3759 3663//3663
f 3663//3663 3759//3759 3760//3760 3664//3664
f 3664//3664 3760//3760 3761//3761 3665//3665
f 3665//3665 3761//3761 3762//3762 3666//3666
f 3666//3666 3762//3762 3763//3763 3667//3667
f 3667//3667 3763//3763 3764//3764 3668//3668
f 3668//3668 3764//3764 3765//3765 3669//3669
f 3669//3669 3765//3765 3766//3766 3670//3670
f 3670//3670 3766//3766 3767//3767 3671//3671
f 3671//3671 3767//3767 3768//3768 3672//3672
f 3672//3672 3768//3768 3769//3769 3673//3673
f 3673//3673 3769//3769 3770//3770 3674//3674
f 3674//3674 3770//3770 3771//3771 3675//3675
f 3675//3675 3771//3771 3772//3772 3676//3676
f 3676//3676 3772//3772 3773//3773 3677//3677
f 3677//3677 3773//3773 3774//3774 3678//3678
f 3678//3678 3774//3774 3775//3775 3679//3679
f 3679//3679 3775//3775 3776//3776 3680//3680
f 3680//3680 3776//3776 3777//3777 3681//3681
f 3681//3681 3777//3777 3778//3778 3682//3682
f 3682//3682 3778//3778 3779//3779 3683//3683
f 3683//3683 3779//3779 3780//3780 3684//3684
f 3684//3684 3780//3780 3781//3781 3685//3685
f 3685//3685 3781//3781 3782//3782 3686//3686
f 3686//3686 3782//3782 3783//3783 3687//3687
f 3687//3687 3783//3783 3784//3784 3688//3688
f 3688//3688 3784//3784 3785//3785 3689//3689
f 3689//3689 3785//3785 3786//3786 3690//3690
f 3690//3690 3786//3786 3787//3787 3691//3691
f 3691//3691 3787//3787 3788//3788 3692//3692
f 3692//3692 3788//3788 3789//3789 3693//3693
f 3693//3693 3789//3789 3790//3790 3694//3694
f 3694//3694 3790//3790 3791//3791 3695//3695
f 3695//3695 3791//3791 3792//3792 3696//3696
f 3696//3696 3792//3792 3793//3793 3697//3697
f 3697//3697 3793//3793 3794//3794 3698//3698
f 3698//3698 3794//3794 3795//3795 3699//3699
f 3699//3699 3795//3795 3796//3796 3700//3700
f 3700//3700 3796//3796 3797//3797 3701//3701
f 3701//3701 3797//3797 3798//3798 3702//3702
f 3702//3702 3798//3798 3799//3799 3703//3703
f 3703//3703 3799//3799 3800//3800 3704//3704
f 3704//3704 3800//3800 3801//3801 3705//3705
f 3705//3705 3801//3801 3802//3802 3706//3706
f 3706//3706 3802//3802 3803//3803 3707//3707
f 3707//3707 3803//3803 3804//3804 3708//3708
f 3708//3708 3804//3804 3805//3805 3709//3709
f 3709//3709 3805//3805 3806//3806 3710//3710
f 3710//3710 3806//3806 3807//3807 3711//3711
f 3711//3711 3807//3807 3808//3808 3712//3712
f 3712//3712 3808//3808 3809//3809 3713//3713
f 3713//3713 3809//3809 3810//3810 3714//3714
f 3714//3714 3810//3810 3811//3811 3715//3715
f 3715//3715 3811//3811 3812//3812 3716//3716
f 3716//3716 3812//3812 3813//3813 3717//3717
f 3717//3717 3813//3813 3814//3814 3718//3718
f 3718//3718 3814//3814 3815//3815 3719//3719
f 3719//3719 3815//3815 3816//3816 3720//3720
f 3720//3720 3816//3816 3817//3817 3721//3721
f 3721//3721 3817//3817 3818//3818 3722//3722
f 3722//3722 3818//3818 3819//3819 3723//3723
f 3723//3723 3819//3819 3820//3820 3724//3724
f 3724//3724 3820//3820 3821//3821 3725//3725
f 3725//3725 3821//3821 3822//3822 3726//3726
f 3726//3726 3822//3822 3823//3823 3727//3727
f 3727//3727 3823//3823 3824//3824 3728//3728
f 3728//3728 3824//3824 3825//3825 3729//3729
f 3729//3729 3825//3825 3826//3826 3730//3730
f 3730//3730 3826//3826 3827//3827 3731//3731
f 3731//3731 3827//3827 3828//3828 3732//3732
f 3732//3732 3828//3828 3829//3829 3733//3733
f 3733//3733 3829//3829 3830//3830 3734//3734
f 3734//3734 3830//3830 3831//3831 3735//3735
f 3735//3735 3831//3831 3832//3832 3736//3736
f 3736//3736 3832//3832 3833//3833 3737//3737
f 3737//3737 3833//3833 3834//3834 3738//3738
f 3738//3738 3834//3834 3835//3835 3739//3739
f 3739//3739 3835//3835 3836//3836 3740//3740
f 3740//3740 3836//3836 3837//3837 3741//3741
f 3741//3741 3837//3837 3838//3838 3742//3742
f 3742//3742 3838//3838 3839//3839 3743//3743
f 3743//3743 3839//3839 3840//3840 3744//3744
f 3744//3744 3840//3840 3841//3841 3745//3745
f 3745//3745 3841//3841 3746//3746 3650//3650
f 3746//3746 3842//3842 3843//3843 3747//3747
f 3747//3747 3843//3843 3844//3844 3748//3748
f 3748//3748 3844//3844 3845//3845 3749//3749
f 3749//3749 3845//3845 3846//3846 3750//3750
f 3750//3750 3846//3846 3847//3847 3751//3751
f 3751//3751 3847//3847 3848//3848 3752//3752
f 3752//3752 3848//3848 3849//3849 3753//3753
f 3753//3753 3849//3849 3850//3850 3754//3754
f 3754//3754 3850//3850 3851//3851 3755//3755
f 3755//3755 3851//3851 3852//3852 3756//3756
f 3756//3756 3852//3852 3853//3853 3757//3757
f 3757//3757 3853//3853 3854//3854 3758//3758
f 3758//3758 3854//3854 3855//3855 3759//3759
f 3759//3759 3855//3855 3856//3856 3760//3760
f 3760//3760 3856//3856 3857//3857 3761//3761
f 3761//3761 3857//3857 3858//3858 3762//3762
f 3762//3762 3858//3858 3859//3859 3763//3763
f 3763//3763 3859//3859 3860//3860 3764//3764
f 3764//3764 3860//3860 3861//3861 3765//3765
f 3765//3765 3861//3861 3862//3862 3766//3766
f 3766//3766 3862//3862 3863//3863 3767//3767
f 3767//3767 3863//3863 3864//3864 3768//3768
f 3768//3768 3864//3864 3865//3865 3769//3769
f 3769//3769 3865//3865 3866//3866 3770//3770
f 3770//3770 3866//3866 3867//3867 3771//3771
f 3771//3771 3867//3867 3868//3868 3772//3772
f 3772//3772 3868//3868 3869//3869 3773//3773
f 3773//3773 3869//3869 3870//3870 3774//3774
f 3774//3774 3870//3870 3871//3871 3775//3775
f 3775//3775 3871//3871 3872//3872 3776//3776
f 3776//3776 3872//3872 3873//3873 3777//3777
f 3777//3777 3873//3873 3874//3874 3778//3778
f 3778//3778 3874//3874 3875//3875 3779//3779
f 3779//3779 3875//3875 3876//3876 3780//3780
f 3780//3780 3876//3876 3877//3877 3781//3781
f 3781//3781 3877//3877 3878//3878 3782//3782
f 3782//3782 3878//3878 3879//3879 3783//3783
f 3783//3783 3879//3879 3880//3880 3784//3784
f 3784//3784 3880//3880 3881//3881 3785//3785
f 3785//3785 3881//3881 3882//3882 3786//3786
f 3786//3786 3882//3882 3883//3883 3787//3787
f 3787//3787 3883//3883 3884//3884 3788//3788
f 3788//3788 3884//3884 3885//3885 3789//3789
f 3789//3789 3885//3885 3886//3886 3790//3790
f 3790//3790 3886//3886 3887//3887 3791//3791
f 3791//3791 3887//3887 3888//3888 3792//3792
f 3792//3792 3888//3888 3889//3889 3793//3793
f 3793//3793 3889//3889 3890//3890 3794//3794
f 3794//3794 3890//3890 3891//3891 3795//3795
f 3795//3795 3891//3891 3892//3892 3796//3796
f 3796//3796 3892//3892 3893//3893 3797//3797
f 3797//3797 3893//3893 3894//3894 3798//3798
f 3798//3798 3894//3894 3895//3895 3799//3799
f 3799//3799 3895//3895 3896//3896 3800//3800
f 3800//3800 3896//3896 3897//3897 3801//3801
f 3801//3801 3897//3897 3898//3898 3802//3802
f 3802//3802 3898//3898 3899//3899 3803//3803
f 3803//3803 3899//3899 3900//3900 3804//3804
f 3804//3804 3900//3900 3901//3901 3805//3805
f 3805//3805 3901//3901 3902//3902 3806//3806
f 3806//3806 3902//3902 3903//3903 3807//3807
f 3807//3807 3903//3903 3904//3904 3808//3808
f 3808//3808 3904//3904 3905//3905 3809//3809
f 3809//3809 3905//3905 3906//3906 3810//3810
f 3810//3810 3906//3906 3907//3907 3811//3811
f 3811//3811 3907//3907 3908//3908 3812//3812
f 3812//3812 3908//3908 3909//3909 3813//3813
f 3813//3813 3909//3909 3910//3910 3814//3814
f 3814//3814 3910//3910 3911//3911 3815//3815
f 3815//3815 3911//3911 3912//3912 3816//3816
f 3816//3816 3912//3912 3913//3913 3817//3817
f 3817//3817 3913//3913 3914//3914 3818//3818
f 3818//3818 3914//3914 3915//3915 3819//3819
f 3819//3819 3915//3915 3916//3916 3820//3820
f 3820//3820 3916//3916 3917//3917 3821//3821
f 3821//3821 3917//3917 3918//3918 3822//3822
f 3822//3822 3918//3918 3919//3919 3823//3823
f 3823//3823 3919//3919 3920//3920 3824//3824
f 3824//3824 3920//3920 3921//3921 3825//3825
f 3825//3825 3921//3921 3922//3922 3826//3826
f 3826//3826 3922//3922 3923//3923 3827//3827
f 3827//3827 3923//3923 3924//3924 3828//3828
f 3828//3828 3924//3924 3925//3925 3829//3829
f 3829//3829 3925//3925 3926//3926 3830//3830
f 3830//3830 3926//3926 3927//3927 3831//3831
f 3831//3831 3927//3927 3928//3928 3832//3832
f 3832//3832 3928//3928 3929//3929 3833//3833
f 3833//3833 3929//3929 3930//3930 3834//3834
f 3834//3834 3930//3930 3931//3931 3835//3835
f 3835//3835 3931//3931 3932//3932 3836//3836
f 3836//3836 3932//3932 3933//3933 3837//3837
f 3837//3837 3933//3933 3934//3934 3838//3838
f 3838//3838 3934//3934 3935//3935 3839//3839
f 3839//3839 3935//3935 3936//3936 3840//3840
f 3840//3840 3936//3936 3937//3937 3841//3841
f 3841//3841 3937//3937 3842//3842 3746//3746
f 3842//3842 3938//3938 3939//3939 3843//3843
f 3843//3843 3939//3939 3940//3940 3844//3844
f 3844//3844 3940//3940 3941//3941 3845//3845
f 3845//3845 3941//3941 3942//3942 3846//3846
f 3846//3846 3942//3942 3943//3943 3847//3847
f 3847//3847 3943//3943 3944//3944 3848//3848
f 3848//3848 3944//3944 3945//3945 3849//3849
f 3849//3849 3945//3945 3946//3946 3850//3850
f 3850//3850 3946//3946 3947//3947 3851//3851
f 3851//3851 3947//3947 3948//3948 3852//3852
f 3852//3852 3948//3948 3949//3949 3853//3853
f 3853//3853 3949//3949 3950//3950 3854//3854
f 3854//3854 3950//3950 3951//3951 3855//3855
f 3855//3855 3951//3951 3952//3952 3856//3856
f 3856//3856 3952//3952 3953//3953 3857//3857
f 3857//3857 3953//3953 3954//3954 3858//3858
f 3858//3858 3954//3954 3955//3955 3859//3859
f 3859//3859 3955//3955 3956//3956 3860//3860
f 3860//3860 3956//3956 3957//3957 3861//3861
f 3861//3861 3957//3957 3958//3958 3862//3862
f 3862//3862 3958//3958 3959//3959 3863//3863
f 3863//3863 3959//3959 3960//3960 3864//3864
f 3864//3864 3960//3960 3961//3961 3865//3865
f 3865//3865 3961//3961 3962//3962 3866//3866
f 3866//3866 3962//3962 3963//3963 3867//3867
f 3867//3867 3963//3963 3964//3964 3868//3868
f 3868//3868 3964//3964 3965//3965 3869//3869
f 3869//3869 3965//3965 3966//3966 3870//3870
f 3870//3870 3966//3966 3967//3967 3871//3871
f 3871//3871 3967//3967 3968//3968 3872//3872
f 3872//3872 3968//3968 3969//3969 3873//3873
f 3873//3873 3969//3969 3970//3970 3874//3874
f 3874//3874 3970//3970 3971//3971 3875//3875
f 3875//3875 3971//3971 3972//3972 3876//3876
f 3876//3876 3972//3972 3973//3973 3877//3877
f 3877//3877 3973//3973 3974//3974 3878//3878
f 3878//3878 3974//3974 3975//3975 3879//3879
f 3879//3879 3975//3975 3976//3976 3880//3880
f 3880//3880 3976//3976 3977//3977 3881//3881
f 3881//3881 3977//3977 3978//3978 3882//3882
f 3882//3882 3978//3978 3979//3979 3883//3883
f 3883//3883 3979//3979 3980//3980 3884//3884
f 3884//3884 3980//3980 3981//3981 3885//3885
f 3885//3885 3981//3981 3982//3982 3886//3886
f 3886//3886 3982//3982 3983//3983 3887//3887
f 3887//3887 3983//3983 3984//3984 3888//3888
f 3888//3888 3984//3984 3985//3985 3889//3889
f 3889//3889 3985//3985 3986//3986 3890//3890
f 3890//3890 3986//3986 3987//3987 3891//3891
f 3891//3891 3987//3987 3988//3988 3892//3892
f 3892//3892 3988//3988 3989//3989 3893//3893
f 3893//3893 3989//3989 3990//3990 3894//3894
f 3894//3894 3990//3990 3991//3991 3895//3895
f 3895//3895 3991//3991 3992//3992 3896//3896
f 3896//3896 3992//3992 3993//3993 3897//3897
f 3897//3897 3993//3993 3994//3994 3898//3898
f 3898//3898 3994//3994 3995//3995 3899//3899
f 3899//3899 3995//3995 3996//3996 3900//3900
f 3900//3900 3996//3996 3997//3997 3901//3901
f 3901//3901 3997//3997 3998//3998 3902//3902
f 3902//3902 3998//3998 3999//3999 3903//3903
f 3903//3903 3999//3999 4000//4000 3904//3904
f 3904//3904 4000//4000 4001//4001 3905//3905
f 3905//3905 4001//4001 4002//4002 3906//3906
f 3906//3906 4002//4002 4003//4003 3907//3907
f 3907//3907 4003//4003 4004//4004 3908//3908
f 3908//3908 4004//4004 4005//4005 3909//3909
f 3909//3909 4005//4005 4006//4006 3910//3910
f 3910//3910 4006//4006 4007//4007 3911//3911
f 3911//3911 4007//4007 4008//4008 3912//3912
f 3912//3912 4008//4008 4009//4009 3913//3913
f 3913//3913 4009//4009 4010//4010 3914//3914
f 3914//3914 4010//4010 4011//4011 3915//3915
f 3915//3915 4011//4011 4012//4012 3916//3916
f 3916//3916 4012//4012 4013//4013 3917//3917
f 3917//3917 4013//4013 4014//4014 3918//3918
f 3918//3918 4014//4014 4015//4015 3919//3919
f 3919//3919 4015//4015 4016//4016 3920//3920
f 3920//3920 4016//4016 4017//4017 3921//3921
f 3921//3921 4017//4017 4018//4018 3922//3922
f 3922//3922 4018//4018 4019//4019 3923//3923
f 3923//3923 4019//4019 4020//4020 3924//3924
f 3924//3924 4020//4020 4021//4021 3925//3925
f 3925//3925 4021//4021 4022//4022 3926//3926
f 3926//3926 4022//4022 4023//4023 3927//3927
f 3927//3927 4023//4023 4024//4024 3928//3928
f 3928//3928 4024//4024 4025//4025 3929//3929
f 3929//3929 4025//4025 4026//4026 3930//3930
f 3930//3930 4026//4026 4027//4027 3931//3931
f 3931//3931 4027//4027 4028//4028 3932//3932
f 3932//3932 4028//4028 4029//4029 3933//3933
f 3933//3933 4029//4029 4030//4030 3934//3934
f 3934//3934 4030//4030 4031//4031 3935//3935
f 3935//3935 4031//4031 4032//4032 3936//3936
f 3936//3936 4032//4032 4033//4033 3937//3937
f 3937//3937 4033//4033 3938//3938 3842//3842
f 3938//3938 4034//4034 4035//4035 3939//3939
f 3939//3939 4035//4035 4036//4036 3940//3940
f 3940//3940 4036//4036 4037//4037 3941//3941
f 3941//3941 4037//4037 4038//4038 3942//3942
f 3942//3942 4038//4038 4039//4039 3943//3943
f 3943//3943 4039//4039 4040//4040 3944//3944
f 3944//3944 4040//4040 4041//4041 3945//3945
f 3945//3945 4041//4041 4042//4042 3946//3946
f 3946//3946 4042//4042 4043//4043 3947//3947
f 3947//3947 4043//4043 4044//4044 3948//3948
f 3948//3948 4044//4044 4045//4045 3949//3949
f 3949//3949 4045//4045 4046//4046 3950//3950
f 3950//3950 4046//4046 4047//4047 3951//3951
f 3951//3951 4047//4047 4048//4048 3952//3952
f 3952//3952 4048//4048 4049//4049 3953//3953
f 3953//3953 4049//4049 4050//4050 3954//3954
f 3954//3954 4050//4050 4051//4051 3955//3955
f 3955//3955 4051//4051 4052//4052 3956//3956
f 3956//3956 4052//4052 4053//4053 3957//3957
f 3957//3957 4053//4053 4054//4054 3958//3958
f 3958//3958 4054//4054 4055//4055 3959//3959
f 3959//3959 4055//4055 4056//4056 3960//3960
f 3960//3960 4056//4056 4057//4057 3961//3961
f 3961//3961 4057//4057 4058//4058 3962//3962
f 3962//3962 4058//4058 4059//4059 3963//3963
f 3963//3963 4059//4059 4060//4060 3964//3964
f 3964//3964 4060//4060 4061//4061 3965//3965
f 3965//3965 4061//4061 4062//4062 3966//3966
f 3966//3966 4062//4062 4063//4063 3967//3967
f 3967//3967 4063//4063 4064//4064 3968//3968
f 3968//3968 4064//4064 4065//4065 3969//3969
f 3969//3969 4065//4065 4066//4066 3970//3970
f 3970//3970 4066//4066 4067//4067 3971//3971
f 3971//3971 4067//4067 4068//4068 3972//3972
f 3972//3972 4068//4068 4069//4069 3973//3973
f 3973//3973 4069//4069 4070//4070 3974//3974
f 3974//3974 4070//4070 4071//4071 3975//3975
f 3975//3975 4071//4071 4072//4072 3976//3976
f 3976//3976 4072//4072 4073//4073 3977//3977
f 3977//3977 4073//4073 4074//4074 3978//3978
f 3978//3978 4074//4074 4075//4075 3979//3979
f 3979//3979 4075//4075 4076//4076 3980//3980
f 3980//3980 4076//4076 4077//4077 3981//3981
f 3981//3981 4077//4077 4078//4078 3982//3982
f 3982//3982 4078//4078 4079//4079 3983//3983
f 3983//3983 4079//4079 4080//4080 3984//3984
f 3984//3984 4080//4080 4081//4081 3985//3985
f 3985//3985 4081//4081 4082//4082 3986//3986
f 3986//3986 4082//4082 4083//4083 3987//3987
f 3987//3987 4083//4083 4084//4084 3988//3988
f 3988//3988 4084//4084 4085//4085 3989//3989
f 3989//3989 4085//4085 4086//4086 3990//3990
f 3990//3990 4086//4086 4087//4087 3991//3991
f 3991//3991 4087//4087 4088//4088 3992//3992
f 3992//3992 4088//4088 4089//4089 3993//3993
f 3993//3993 4089//4089 4090//4090 3994//3994
f 3994//3994 4090//4090 4091//4091 3995//3995
f 3995//3995 4091//4091 4092//4092 3996//3996
f 3996//3996 4092//4092 4093//4093 3997//3997
f 3997//3997 4093//4093 4094//4094 3998//3998
f 3998//3998 4094//4094 4095//4095 3999//3999
f 3999//3999 4095//4095 4096//4096 4000//4000
f 4000//4000 4096//4096 4097//4097 4001//4001
f 4001//4001 4097//4097 4098//4098 4002//4002
f 4002//4002 4098//4098 4099//4099 4003//4003
f 4003//4003 4099//4099 4100//4100 4004//4004
f 4004//4004 4100//4100 4101//4101 4005//4005
f 4005//4005 4101//4101 4102//4102 4006//4006
f 4006//4006 4102//4102 4103//4103 4007//4007
f 4007//4007 4103//4103 4104//4104 4008//4008
f 4008//4008 4104//4104 4105//4105 4009//4009
f 4009//4009 4105//4105 4106//4106 4010//4010
f 4010//4010 4106//4106 4107//4107 4011//4011
f 4011//4011 4107//4107 4108//4108 4012//4012
f 4012//4012 4108//4108 4109//4109 4013//4013
f 4013//4013 4109//4109 4110//4110 4014//4014
f 4014//4014 4110//4110 4111//4111 4015//4015
f 4015//4015 4111//4111 4112//4112 4016//4016
f 4016//4016 4112//4112 4113//4113 4017//4017
f 4017//4017 4113//4113 4114//4114 4018//4018
f 4018//4018 4114//4114 4115//4115 4019//4019
f 4019//4019 4115//4115 4116//4116 4020//4020
f 4020//4020 4116//4116 4117//4117 4021//4021
f 4021//4021 4117//4117 4118//4118 4022//4022
f 4022//4022 4118//4118 4119//4119 4023//4023
f 4023//4023 4119//4119 4120//4120 4024//4024
f 4024//4024 4120//4120 4121//4121 4025//4025
f 4025//4025 4121//4121 4122//4122 4026//4026
f 4026//4026 4122//4122 4123//4123 4027//4027
f 4027//4027 4123//4123 4124//4124 4028//4028
f 4028//4028 4124//4124 4125//4125 4029//4029
f 4029//4029 4125//4125 4126//4126 4030//4030
f 4030//4030 4126//4126 4127//4127 4031//4031
f 4031//4031 4127//4127 4128//4128 4032//4032
f 4032//4032 4128//4128 4129//4129 4033//4033
f 4033//4033 4129//4129 4034//4034 3938//3938
f 4034//4034 4130//4130 4131//4131 4035//4035
f 4035//4035 4131//4131 4132//4132 4036//4036
f 4036//4036 4132//4132 4133//4133 4037//4037
f 4037//4037 4133//4133 4134//4134 4038//4038
f 4038//4038 4134//4134 4135//4135 4039//4039
f 4039//4039 4135//4135 4136//4136 4040//4040
f 4040//4040 4136//4136 4137//4137 4041//4041
f 4041//4041 4137//4137 4138//4138 4042//4042
f 4042//4042 4138//4138 4139//4139 4043//4043
f 4043//4043 4139//4139 4140//4140 4044//4044
f 4044//4044 4140//4140 4141//4141 4045//4045
f 4045//4045 4141//4141 4142//4142 4046//4046
f 4046//4046 4142//4142 4143//4143 4047//4047
f 4047//4047 4143//4143 4144//4144 4048//4048
f 4048//4048 4144//4144 4145//4145 4049//4049
f 4049//4049 4145//4145 4146//4146 4050//4050
f 4050//4050 4146//4146 4147//4147 4051//4051
f 4051//4051 4147//4147 4148//4148 4052//4052
f 4052//4052 4148//4148 4149//4149 4053//4053
f 4053//4053 4149//4149 4150//4150 4054//4054
f 4054//4054 4150//4150 4151//4151 4055//4055
f 4055//4055 4151//4151 4152//4152 4056//4056
f 4056//4056 4152//4152 4153//4153 4057//4057
f 4057//4057 4153//4153 4154//4154 4058//4058
f 4058//4058 4154//4154 4155//4155 4059//4059
f 4059//4059 4155//4155 4156//4156 4060//4060
f 4060//4060 4156//4156 4157//4157 4061//4061
f 4061//4061 4157//4157 4158//4158 4062//4062
f 4062//4062 4158//4158 4159//4159 4063//4063
f 4063//4063 4159//4159 4160//4160 4064//4064
f 4064//4064 4160//4160 4161//4161 4065//4065
f 4065//4065 4161//4161 4162//4162 4066//4066
f 4066//4066 4162//4162 4163//4163 4067//4067
f 4067//4067 4163//4163 4164//4164 4068//4068
f 4068//4068 4164//4164 4165//4165 4069//4069
f 4069//4069 4165//4165 4166//4166 4070//4070
f 4070//4070 4166//4166 4167//4167 4071//4071
f 4071//4071 4167//4167 4168//4168 4072//4072
f 4072//4072 4168//4168 4169//4169 4073//4073
f 4073//4073 4169//4169 4170//4170 4074//4074
f 4074//4074 4170//4170 4171//4171 4075//4075
f 4075//4075 4171//4171 4172//4172 4076//4076
f 4076//4076 4172//4172 4173//4173 4077//4077
f 4077//4077 4173//4173 4174//4174 4078//4078
f 4078//4078 4174//4174 4175//4175 4079//4079
f 4079//4079 4175//4175 4176//4176 4080//4080
f 4080//4080 4176//4176 4177//4177 4081//4081
f 4081//4081 4177//4177 4178//4178 4082//4082
f 4082//4082 4178//4178 4179//4179 4083//4083
f 4083//4083 4179//4179 4180//4180 4084//4084
f 4084//4084 4180//4180 4181//4181 4085//4085
f 4085//4085 4181//4181 4182//4182 4086//4086
f 4086//4086 4182//4182 4183//4183 4087//4087
f 4087//4087 4183//4183 4184//4184 4088//4088
f 4088//4088 4184//4184 4185//4185 4089//4089
f 4089//4089 4185//4185 4186//4186 4090//4090
f 4090//4090 4186//4186 4187//4187 4091//4091
f 4091//4091 4187//4187 4188//4188 4092//4092
f 4092//4092 4188//4188 4189//4189 4093//4093
f 4093//4093 4189//4189 4190//4190 4094//4094
f 4094//4094 4190//4190 4191//4191 4095//4095
f 4095//4095 4191//4191 4192//4192 4096//4096
f 4096//4096 4192//4192 4193//4193 4097//4097
f 4097//4097 4193//4193 4194//4194 4098//4098
f 4098//4098 4194//4194 4195//4195 4099//4099
f 4099//4099 4195//4195 4196//4196 4100//4100
f 4100//4100 4196//4196 4197//4197 4101//4101
f 4101//4101 4197//4197 4198//4198 4102//4102
f 4102//4102 4198//4198 4199//4199 4103//4103
f 4103//4103 4199//4199 4200//4200 4104//4104
f 4104//4104 4200//4200 4201//4201 4105//4105
f 4105//4105 4201//4201 4202//4202 4106//4106
f 4106//4106 4202//4202 4203//4203 4107//4107
f 4107//4107 4203//4203 4204//4204 4108//4108
f 4108//4108 4204//4204 4205//4205 4109//4109
f 4109//4109 4205//4205 4206//4206 4110//4110
f 4110//4110 4206//4206 4207//4207 4111//4111
f 4111//4111 4207//4207 4208//4208 4112//4112
f 4112//4112 4208//4208 4209//4209 4113//4113
f 4113//4113 4209//4209 4210//4210 4114//4114
f 4114//4114 4210//4210 4211//4211 4115//4115
f 4115//4115 4211//4211 4212//4212 4116//4116
f 4116//4116 4212//4212 4213//4213 4117//4117
f 4117//4117 4213//4213 4214//4214 4118//4118
f 4118//4118 4214//4214 4215//4215 4119//4119
f 4119//4119 4215//4215 4216//4216 4120//4120
f 4120//4120 4216//4216 4217//4217 4121//4121
f 4121//4121 4217//4217 4218//4218 4122//4122
f 4122//4122 4218//4218 4219//4219 4123//4123
f 4123//4123 4219//4219 4220//4220 4124//4124
f 4124//4124 4220//4220 4221//4221 4125//4125
f 4125//4125 4221//4221 4222//4222 4126//4126
f 4126//4126 4222//4222 4223//4223 4127//4127
f 4127//4127 4223//4223 4224//4224 4128//4128
f 4128//4128 4224//4224 4225//4225 4129//4129
f 4129//4129 4225//4225 4130//4130 4034//4034
f 4130//4130 4226//4226 4227//4227 4131//4131
f 4131//4131 4227//4227 4228//4228 4132//4132
f 4132//4132 4228//4228 4229//4229 4133//4133
f 4133//4133 4229//4229 4230//4230 4134//4134
f 4134//4134 4230//4230 4231//4231 4135//4135
f 4135//4135 4231//4231 4232//4232 4136//4136
f 4136//4136 4232//4232 4233//4233 4137//4137
f 4137//4137 4233//4233 4234//4234 4138//4138
f 4138//4138 4234//4234 4235//4235 4139//4139
f 4139//4139 4235//4235 4236//4236 4140//4140
f 4140//4140 4236//4236 4237//4237 4141//4141
f 4141//4141 4237//4237 4238//4238 4142//4142
f 4142//4142 4238//4238 4239//4239 4143//4143
f 4143//4143 4239//4239 4240//4240 4144//4144
f 4144//4144 4240//4240 4241//4241 4145//4145
f 4145//4145 4241//4241 4242//4242 4146//4146
f 4146//4146 4242//4242 4243//4243 4147//4147
f 4147//4147 4243//4243 4244//4244 4148//4148
f 4148//4148 4244//4244 4245//4245 4149//4149
f 4149//4149 4245//4245 4246//4246 4150//4150
f 4150//4150 4246//4246 4247//4247 4151//4151
f 4151//4151 4247//4247 4248//4248 4152//4152
f 4152//4152 4248//4248 4249//4249 4153//4153
f 4153//4153 4249//4249 4250//4250 4154//4154
f 4154//4154 4250//4250 4251//4251 4155//4155
f 4155//4155 4251//4251 4252//4252 4156//4156
f 4156//4156 4252//4252 4253//4253 4157//4157
f 4157//4157 4253//4253 4254//4254 4158//4158
f 4158//4158 4254//4254 4255//4255 4159//4159
f 4159//4159 4255//4255 4256//4256 4160//4160
f 4160//4160 4256//4256 4257//4257 4161//4161
f 4161//4161 4257//4257 4258//4258 4162//4162
f 4162//4162 4258//4258 4259//4259 4163//4163
f 4163//4163 4259//4259 4260//4260 4164//4164
f 4164//4164 4260//4260 4261//4261 4165//4165
f 4165//4165 4261//4261 4262//4262 4166//4166
f 4166//4166 4262//4262 4263//4263 4167//4167
f 4167//4167 4263//4263 4264//4264 4168//4168
f 4168//4168 4264//4264 4265//4265 4169//4169
f 4169//4169 4265//4265 4266//4266 4170//4170
f 4170//4170 4266//4266 4267//4267 4171//4171
f 4171//4171 4267//4267 4268//4268 4172//4172
f 4172//4172 4268//4268 4269//4269 4173//4173
f 4173//4173 4269//4269 4270//4270 4174//4174
f 4174//4174 4270//4270 4271//4271 4175//4175
f 4175//4175 4271//4271 4272//4272 4176//4176
f 4176//4176 4272//4272 4273//4273 4177//4177
f 4177//4177 4273//4273 4274//4274 4178//4178
f 4178//4178 4274//4274 4275//4275 4179//4179
f 4179//4179 4275//4275 4276//4276 4180//4180
f 4180//4180 4276//4276 4277//4277 4181//4181
f 4181//4181 4277//4277 4278//4278 4182//4182
f 4182//4182 4278//4278 4279//4279 4183//4183
f 4183//4183 4279//4279 4280//4280 4184//4184
f 4184//4184 4280//4280 4281//4281 4185//4185
f 4185//4185 4281//4281 4282//4282 4186//4186
f 4186//4186 4282//4282 4283//4283 4187//4187
f 4187//4187 4283//4283 4284//4284 4188//4188
f 4188//4188 4284//4284 4285//4285 4189//4189
f 4189//4189 4285//4285 4286//4286 4190//4190
f 4190//4190 4286//4286 4287//4287 4191//4191
f 4191//4191 4287//4287 4288//4288 4192//4192
f 4192//4192 4288//4288 4289//4289 4193//4193
f 4193//4193 4289//4289 4290//4290 4194//4194
f 4194//4194 4290//4290 4291//4291 4195//4195
f 4195//4195 4291//4291 4292//4292 4196//4196
f 4196//4196 4292//4292 4293//4293 4197//4197
f 4197//4197 4293//4293 4294//4294 4198//4198
f 4198//4198 4294//4294 4295//4295 4199//4199
f 4199//4199 4295//4295 4296//4296 4200//4200
f 4200//4200 4296//4296 4297//4297 4201//4201
f 4201//4201 4297//4297 4298//4298 4202//4202
f 4202//4202 4298//4298 4299//4299 4203//4203
f 4203//4203 4299//4299 4300//4300 4204//4204
f 4204//4204 4300//4300 4301//4301 4205//4205
f 4205//4205 4301//4301 4302//4302 4206//4206
f 4206//4206 4302//4302 4303//4303 4207//4207
f 4207//4207 4303//4303 4304//4304 4208//4208
f 4208//4208 4304//4304 4305//4305 4209//4209
f 4209//4209 4305//4305 4306//4306 4210//4210
f 4210//4210 4306//4306 4307//4307 4211//4211
f 4211//4211 4307//4307 4308//4308 4212//4212
f 4212//4212 4308//4308 4309//4309 4213//4213
f 4213//4213 4309//4309 4310//4310 4214//4214
f 4214//4214 4310//4310 4311//4311 4215//4215
f 4215//4215 4311//4311 4312//4312 4216//4216
f 4216//4216 4312//4312 4313//4313 4217//4217
f 4217//4217 4313//4313 4314//4314 4218//4218
f 4218//4218 4314//4314 4315//4315 4219//4219
f 4219//4219 4315//4315 4316//4316 4220//4220
f 4220//4220 4316//4316 4317//4317 4221//4221
f 4221//4221 4317//4317 4318//4318 4222//4222
f 4222//4222 4318//4318 4319//4319 4223//4223
f 4223//4223 4319//4319 4320//4320 4224//4224
f 4224//4224 4320//4320 4321//4321 4225//4225
f 4225//4225 4321//4321 4226//4226 4130//4130
f 4226//4226 4322//4322 4323//4323 4227//4227
f 4227//4227 4323//4323 4324//4324 4228//4228
f 4228//4228 4324//4324 4325//4325 4229//4229
f 4229//4229 4325//4325 4326//4326 4230//4230
f 4230//4230 4326//4326 4327//4327 4231//4231
f 4231//4231 4327//4327 4328//4328 4232//4232
f 4232//4232 4328//4328 4329//4329 4233//4233
f 4233//4233 4329//4329 4330//4330 4234//4234
f 4234//4234 4330//4330 4331//4331 4235//4235
f 4235//4235 4331//4331 4332//4332 4236//4236
f 4236//4236 4332//4332 4333//4333 4237//4237
f 4237//4237 4333//4333 4334//4334 4238//4238
f 4238//4238 4334//4334 4335//4335 4239//4239
f 4239//4239 4335//4335 4336//4336 4240//4240
f 4240//4240 4336//4336 4337//4337 4241//4241
f 4241//4241 4337//4337 4338//4338 4242//4242
f 4242//4242 4338//4338 4339//4339 4243//4243
f 4243//4243 4339//4339 4340//4340 4244//4244
f 4244//4244 4340//4340 4341//4341 4245//4245
f 4245//4245 4341//4341 4342//4342 4246//4246
f 4246//4246 4342//4342 4343//4343 4247//4247
f 4247//4247 4343//4343 4344//4344 4248//4248
f 4248//4248 4344//4344 4345//4345 4249//4249
f 4249//4249 4345//4345 4346//4346 4250//4250
f 4250//4250 4346//4346 4347//4347 4251//4251
f 4251//4251 4347//4347 4348//4348 4252//4252
f 4252//4252 4348//4348 4349//4349 4253//4253
f 4253//4253 4349//4349 4350//4350 4254//4254
f 4254//4254 4350//4350 4351//4351 4255//4255
f 4255//4255 4351//4351 4352//4352 4256//4256
f 4256//4256 4352//4352 4353//4353 4257//4257
f 4257//4257 4353//4353 4354//4354 4258//4258
f 4258//4258 4354//4354 4355//4355 4259//4259
f 4259//4259 4355//4355 4356//4356 4260//4260
f 4260//4260 4356//4356 4357//4357 4261//4261
f 4261//4261 4357//4357 4358//4358 4262//4262
f 4262//4262 4358//4358 4359//4359 4263//4263
f 4263//4263 4359//4359 4360//4360 4264//4264
f 4264//4264 4360//4360 4361//4361 4265//4265
f 4265//4265 4361//4361 4362//4362 4266//4266
f 4266//4266 4362//4362 4363//4363 4267//4267
f 4267//4267 4363//4363 4364//4364 4268//4268
f 4268//4268 4364//4364 4365//4365 4269//4269
f 4269//4269 4365//4365 4366//4366 4270//4270
f 4270//4270 4366//4366 4367//4367 4271//4271
f 4271//4271 4367//4367 4368//4368 4272//4272
f 4272//4272 4368//4368 4369//4369 4273//4273
f 4273//4273 4369//4369 4370//4370 4274//4274
f 4274//4274 4370//4370 4371//4371 4275//4275
f 4275//4275 4371//4371 4372//4372 4276//4276
f 4276//4276 4372//4372 4373//4373 4277//4277
f 4277//4277 4373//4373 4374//4374 4278//4278
f 4278//4278 4374//4374 4375//4375 4279//4279
f 4279//4279 4375//4375 4376//4376 4280//4280
f 4280//4280 4376//4376 4377//4377 4281//4281
f 4281//4281 4377//4377 4378//4378 4282//4282
f 4282//4282 4378//4378 4379//4379 4283//4283
f 4283//4283 4379//4379 4380//4380 4284//4284
f 4284//4284 4380//4380 4381//4381 4285//4285
f 4285//4285 4381//4381 4382//4382 4286//4286
f 4286//4286 4382//4382 4383//4383 4287//4287
f 4287//4287 4383//4383 4384//4384 4288//4288
f 4288//4288 4384//4384 4385//4385 4289//4289
f 4289//4289 4385//4385 4386//4386 4290//4290
f 4290//4290 4386//4386 4387//4387 4291//4291
f 4291//4291 4387//4387 4388//4388 4292//4292
f 4292//4292 4388//4388 4389//4389 4293//4293
f 4293//4293 4389//4389 4390//4390 4294//4294
f 4294//4294 4390//4390 4391//4391 4295//4295
f 4295//4295 4391//4391 4392//4392 4296//4296
f 4296//4296 4392//4392 4393//4393 4297//4297
f 4297//4297 4393//4393 4394//4394 4298//4298
f 4298//4298 4394//4394 4395//4395 4299//4299
f 4299//4299 4395//4395 4396//4396 4300//4300
f 4300//4300 4396//4396 4397//4397 4301//4301
f 4301//4301 4397//4397 4398//4398 4302//4302
f 4302//4302 4398//4398 4399//4399 4303//4303
f 4303//4303 4399//4399 4400//4400 4304//4304
f 4304//4304 4400//4400 4401//4401 4305//4305
f 4305//4305 4401//4401 4402//4402 4306//4306
f 4306//4306 4402//4402 4403//4403 4307//4307
f 4307//4307 4403//4403 4404//4404 4308//4308
f 4308//4308 4404//4404 4405//4405 4309//4309
f 4309//4309 4405//4405 4406//4406 4310//4310
f 4310//4310 4406//4406 4407//4407 4311//4311
f 4311//4311 4407//4407 4408//4408 4312//4312
f 4312//4312 4408//4408 4409//4409 4313//4313
f 4313//4313 4409//4409 4410//4410 4314//4314
f 4314//4314 4410//4410 4411//4411 4315//4315
f 4315//4315 4411//4411 4412//4412 4316//4316
f 4316//4316 4412//4412 4413//4413 4317//4317
f 4317//4317 4413//4413 4414//4414 4318//4318
f 4318//4318 4414//4414 4415//4415 4319//4319
f 4319//4319 4415//4415 4416//4416 4320//4320
f 4320//4320 4416//4416 4417//4417 4321//4321
f 4321//4321 4417//4417 4322//4322 4226//4226
f 4322//4322 4418//4418 4419//4419 4323//4323
f 4323//4323 4419//4419 4420//4420 4324//4324
f 4324//4324 4420//4420 4421//4421 4325//4325
f 4325//4325 4421//4421 4422//4422 4326//4326
f 4326//4326 4422//4422 4423//4423 4327//4327
f 4327//4327 4423//4423 4424//4424 4328//4328
f 4328//4328 4424//4424 4425//4425 4329//4329
f 4329//4329 4425//4425 4426//4426 4330//4330
f 4330//4330 4426//4426 4427//4427 4331//4331
f 4331//4331 4427//4427 4428//4428 4332//4332
f 4332//4332 4428//4428 4429//4429 4333//4333
f 4333//4333 4429//4429 4430//4430 4334//4334
f 4334//4334 4430//4430 4431//4431 4335//4335
f 4335//4335 4431//4431 4432//4432 4336//4336
f 4336//4336 4432//4432 4433//4433 4337//4337
f 4337//4337 4433//4433 4434//4434 4338//4338
f 4338//4338 4434//4434 4435//4435 4339//4339
f 4339//4339 4435//4435 4436//4436 4340//4340
f 4340//4340 4436//4436 4437//4437 4341//4341
f 4341//4341 4437//4437 4438//4438 4342//4342
f 4342//4342 4438//4438 4439//4439 4343//4343
f 4343//4343 4439//4439 4440//4440 4344//4344
f 4344//4344 4440//4440 4441//4441 4345//4345
f 4345//4345 4441//4441 4442//4442 4346//4346
f 4346//4346 4442//4442 4443//4443 4347//4347
f 4347//4347 4443//4443 4444//4444 4348//4348
f 4348//4348 4444//4444 4445//4445 4349//4349
f 4349//4349 4445//4445 4446//4446 4350//4350
f 4350//4350 4446//4446 4447//4447 4351//4351
f 4351//4351 4447//4447 4448//4448 4352//4352
f 4352//4352 4448//4448 4449//4449 4353//4353
f 4353//4353 4449//4449 4450//4450 4354//4354
f 4354//4354 4450//4450 4451//4451 4355//4355
f 4355//4355 4451//4451 4452//4452 4356//4356
f 4356//4356 4452//4452 4453//4453 4357//4357
f 4357//4357 4453//4453 4454//4454 4358//4358
f 4358//4358 4454//4454 4455//4455 4359//4359
f 4359//4359 4455//4455 4456//4456 4360//4360
f 4360//4360 4456//4456 4457//4457 4361//4361
f 4361//4361 4457//4457 4458//4458 4362//4362
f 4362//4362 4458//4458 4459//4459 4363//4363
f 4363//4363 4459//4459 4460//4460 4364//4364
f 4364//4364 4460//4460 4461//4461 4365//4365
f 4365//4365 4461//4461 4462//4462 4366//4366
f 4366//4366 4462//4462 4463//4463 4367//4367
f 4367//4367 4463//4463 4464//4464 4368//4368
f 4368//4368 4464//4464 4465//4465 4369//4369
f 4369//4369 4465//4465 4466//4466 4370//4370
f 4370//4370 4466//4466 4467//4467 4371//4371
f 4371//4371 4467//4467 4468//4468 4372//4372
f 4372//4372 4468//4468 4469//4469 4373//4373
f 4373//4373 4469//4469 4470//4470 4374//4374
f 4374//4374 4470//4470 4471//4471 4375//4375
f 4375//4375 4471//4471 4472//4472 4376//4376
f 4376//4376 4472//4472 4473//4473 4377//4377
f 4377//4377 4473//4473 4474//4474 4378//4378
f 4378//4378 4474//4474 4475//4475 4379//4379
f 4379//4379 4475//4475 4476//4476 4380//4380
f 4380//4380 4476//4476 4477//4477 4381//4381
f 4381//4381 4477//4477 4478//4478 4382//4382
f 4382//4382 4478//4478 4479//4479 4383//4383
f 4383//4383 4479//4479 4480//4480 4384//4384
f 4384//4384 4480//4480 4481//4481 4385//4385
f 4385//4385 4481//4481 4482//4482 4386//4386
f 4386//4386 4482//4482 4483//4483 4387//4387
f 4387//4387 4483//4483 4484//4484 4388//4388
f 4388//4388 4484//4484 4485//4485 4389//4389
f 4389//4389 4485//4485 4486//4486 4390//4390
f 4390//4390 4486//4486 4487//4487 4391//4391
f 4391//4391 4487//4487 4488//4488 4392//4392
f 4392//4392 4488//4488 4489//4489 4393//4393
f 4393//4393 4489//4489 4490//4490 4394//4394
f 4394//4394 4490//4490 4491//4491 4395//4395
f 4395//4395 4491//4491 4492//4492 4396//4396
f 4396//4396 4492//4492 4493//4493 4397//4397
f 4397//4397 4493//4493 4494//4494 4398//4398
f 4398//4398 4494//4494 4495//4495 4399//4399
f 4399//4399 4495//4495 4496//4496 4400//4400
f 4400//4400 4496//4496 4497//4497 4401//4401
f 4401//4401 4497//4497 4498//4498 4402//4402
f 4402//4402 4498//4498 4499//4499 4403//4403
f 4403//4403 4499//4499 4500//4500 4404//4404
f 4404//4404 4500//4500 4501//4501 4405//4405
f 4405//4405 4501//4501 4502//4502 4406//4406
f 4406//4406 4502//4502 4503//4503 4407//4407
f 4407//4407 4503//4503 4504//4504 4408//4408
f 4408//4408 4504//4504 4505//4505 4409//4409
f 4409//4409 4505//4505 4506//4506 4410//4410
f 4410//4410 4506//4506 4507//4507 4411//4411
f 4411//4411 4507//4507 4508//4508 4412//4412
f 4412//4412 4508//4508 4509//4509 4413//4413
f 4413//4413 4509//4509 4510//4510 4414//4414
f 4414//4414 4510//4510 4511//4511 4415//4415
f 4415//4415 4511//4511 4512//4512 4416//4416
f 4416//4416 4512//4512 4513//4513 4417//4417
f 4417//4417 4513//4513 4418//4418 4322//4322
f 4418//4418 4514//4514 4515//4515 4419//4419
f 4419//4419 4515//4515 4516//4516 4420//4420
f 4420//4420 4516//4516 4517//4517 4421//4421
f 4421//4421 4517//4517 4518//4518 4422//4422
f 4422//4422 4518//4518 4519//4519 4423//4423
f 4423//4423 4519//4519 4520//4520 4424//4424
f 4424//4424 4520//4520 4521//4521 4425//4425
f 4425//4425 4521//4521 4522//4522 4426//4426
f 4426//4426 4522//4522 4523//4523 4427//4427
f 4427//4427 4523//4523 4524//4524 4428//4428
f 4428//4428 4524//4524 4525//4525 4429//4429
f 4429//4429 4525//4525 4526//4526 4430//4430
f 4430//4430 4526//4526 4527//4527 4431//4431
f 4431//4431 4527//4527 4528//4528 4432//4432
f 4432//4432 4528//4528 4529//4529 4433//4433
f 4433//4433 4529//4529 4530//4530 4434//4434
f 4434//4434 4530//4530 4531//4531 4435//4435
f 4435//4435 4531//4531 4532//4532 4436//4436
f 4436//4436 4532//4532 4533//4533 4437//4437
f 4437//4437 4533//4533 4534//4534 4438//4438
f 4438//4438 4534//4534 4535//4535 4439//4439
f 4439//4439 4535//4535 4536//4536 4440//4440
f 4440//4440 4536//4536 4537//4537 4441//4441
f 4441//4441 4537//4537 4538//4538 4442//4442
f 4442//4442 4538//4538 4539//4539 4443//4443
f 4443//4443 4539//4539 4540//4540 4444//4444
f 4444//4444 4540//4540 4541//4541 4445//4445
f 4445//4445 4541//4541 4542//4542 4446//4446
f 4446//4446 4542//4542 4543//4543 4447//4447
f 4447//4447 4543//4543 4544//4544 4448//4448
f 4448//4448 4544//4544 4545//4545 4449//4449
f 4449//4449 4545//4545 4546//4546 4450//4450
f 4450//4450 4546//4546 4547//4547 4451//4451
f 4451//4451 4547//4547 4548//4548 4452//4452
f 4452//4452 4548//4548 4549//4549 4453//4453
f 4453//4453 4549//4549 4550//4550 4454//4454
f 4454//4454 4550//4550 4551//4551 4455//4455
f 4455//4455 4551//4551 4552//4552 4456//4456
f 4456//4456 4552//4552 4553//4553 4457//4457
f 4457//4457 4553//4553 4554//4554 4458//4458
f 4458//4458 4554//4554 4555//4555 4459//4459
f 4459//4459 4555//4555 4556//4556 4460//4460
f 4460//4460 4556//4556 4557//4557 4461//4461
f 4461//4461 4557//4557 4558//4558 4462//4462
f 4462//4462 4558//4558 4559//4559 4463//4463
f 4463//4463 4559//4559 4560//4560 4464//4464
f 4464//4464 4560//4560 4561//4561 4465//4465
f 4465//4465 4561//4561 4562//4562 4466//4466
f 4466//4466 4562//4562 4563//4563 4467//4467
f 4467//4467 4563//4563 4564//4564 4468//4468
f 4468//4468 4564//4564 4565//4565 4469//4469
f 4469//4469 4565//4565 4566//4566 4470//4470
f 4470//4470 4566//4566 4567//4567 4471//4471
f 4471//4471 4567//4567 4568//4568 4472//4472
f 4472//4472 4568//4568 4569//4569 4473//4473
f 4473//4473 4569//4569 4570//4570 4474//4474
f 4474//4474 4570//4570 4571//4571 4475//4475
f 4475//4475 4571//4571 4572//4572 4476//4476
f 4476//4476 4572//4572 4573//4573 4477//4477
f 4477//4477 4573//4573 4574//4574 4478//4478
f 4478//4478 4574//4574 4575//4575 4479//4479
f 4479//4479 4575//4575 4576//4576 4480//4480
f 4480//4480 4576//4576 4577//4577 4481//4481
f 4481//4481 4577//4577 4578//4578 4482//4482
f 4482//4482 4578//4578 4579//4579 4483//4483
f 4483//4483 4579//4579 4580//4580 4484//4484
f 4484//4484 4580//4580 4581//4581 4485//4485
f 4485//4485 4581//4581 4582//4582 4486//4486
f 4486//4486 4582//4582 4583//4583 4487//4487
f 4487//4487 4583//4583 4584//4584 4488//4488
f 4488//4488 4584//4584 4585//4585 4489//4489
f 4489//4489 4585//4585 4586//4586 4490//4490
f 4490//4490 4586//4586 4587//4587 4491//4491
f 4491//4491 4587//4587 4588//4588 4492//4492
f 4492//4492 4588//4588 4589//4589 4493//4493
f 4493//4493 4589//4589 4590//4590 4494//4494
f 4494//4494 4590//4590 4591//4591 4495//4495
f 4495//4495 4591//4591 4592//4592 4496//4496
f 4496//4496 4592//4592 4593//4593 4497//4497
f 4497//4497 4593//4593 4594//4594 4498//4498
f 4498//4498 4594//4594 4595//4595 4499//4499
f 4499//4499 4595//4595 4596//4596 4500//4500
f 4500//4500 4596//4596 4597//4597 4501//4501
f 4501//4501 4597//4597 4598//4598 4502//4502
f 4502//4502 4598//4598 4599//4599 4503//4503
f 4503//4503 4599//4599 4600//4600 4504//4504
f 4504//4504 4600//4600 4601//4601 4505//4505
f 4505//4505 4601//4601 4602//4602 4506//4506
f 4506//4506 4602//4602 4603//4603 4507//4507
f 4507//4507 4603//4603 4604//4604 4508//4508
f 4508//4508 4604//4604 4605//4605 4509//4509
f 4509//4509 4605//4605 4606//4606 4510//4510
f 4510//4510 4606//4606 4607//4607 4511//4511
f 4511//4511 4607//4607 4608//4608 4512//4512
f 4512//4512 4608//4608 4609//4609 4513//4513
f 4513//4513 4609//4609 4514//4514 4418//4418
f 4514//4514 4610//4610 4611//4611 4515//4515
f 4515//4515 4611//4611 4612//4612 4516//4516
f 4516//4516 4612//4612 4613//4613 4517//4517
f 4517//4517 4613//4613 4614//4614 4518//4518
f 4518//4518 4614//4614 4615//4615 4519//4519
f 4519//4519 4615//4615 4616//4616 4520//4520
f 4520//4520 4616//4616 4617//4617 4521//4521
f 4521//4521 4617//4617 4618//4618 4522//4522
f 4522//4522 4618//4618 4619//4619 4523//4523
f 4523//4523 4619//4619 4620//4620 4524//4524
f 4524//4524 4620//4620 4621//4621 4525//4525
f 4525//4525 4621//4621 4622//4622 4526//4526
f 4526//4526 4622//4622 4623//4623 4527//4527
f 4527//4527 4623//4623 4624//4624 4528//4528
f 4528//4528 4624//4624 4625//4625 4529//4529
f 4529//4529 4625//4625 4626//4626 4530//4530
f 4530//4530 4626//4626 4627//4627 4531//4531
f 4531//4531 4627//4627 4628//4628 4532//4532
f 4532//4532 4628//4628 4629//4629 4533//4533
f 4533//4533 4629//4629 4630//4630 4534//4534
f 4534//4534 4630//4630 4631//4631 4535//4535
f 4535//4535 4631//4631 4632//4632 4536//4536
f 4536//4536 4632//4632 4633//4633 4537//4537
f 4537//4537 4633//4633 4634//4634 4538//4538
f 4538//4538 4634//4634 4635//4635 4539//4539
f 4539//4539 4635//4635 4636//4636 4540//4540
f 4540//4540 4636//4636 4637//4637 4541//4541
f 4541//4541 4637//4637 4638//4638 4542//4542
f 4542//4542 4638//4638 4639//4639 4543//4543
f 4543//4543 4639//4639 4640//4640 4544//4544
f 4544//4544 4640//4640 4641//4641 4545//4545
f 4545//4545 4641//4641 4642//4642 4546//4546
f 4546//4546 4642//4642 4643//4643 4547//4547
f 4547//4547 4643//4643 4644//4644 4548//4548
f 4548//4548 4644//4644 4645//4645 4549//4549
f 4549//4549 4645//4645 4646//4646 4550//4550
f 4550//4550 4646//4646 4647//4647 4551//4551
f 4551//4551 4647//4647 4648//4648 4552//4552
f 4552//4552 4648//4648 4649//4649 4553//4553
f 4553//4553 4649//4649 4650//4650 4554//4554
f 4554//4554 4650//4650 4651//4651 4555//4555
f 4555//4555 4651//4651 4652//4652 4556//4556
f 4556//4556 4652//4652 4653//4653 4557//4557
f 4557//4557 4653//4653 4654//4654 4558//4558
f 4558//4558 4654//4654 4655//4655 4559//4559
f 4559//4559 4655//4655 4656//4656 4560//4560
f 4560//4560 4656//4656 4657//4657 4561//4561
f 4561//4561 4657//4657 4658//4658 4562//4562
f 4562//4562 4658//4658 4659//4659 4563//4563
f 4563//4563 4659//4659 4660//4660 4564//4564
f 4564//4564 4660//4660 4661//4661 4565//4565
f 4565//4565 4661//4661 4662//4662 4566//4566
f 4566//4566 4662//4662 4663//4663 4567//4567
f 4567//4567 4663//4663 4664//4664 4568//4568
f 4568//4568 4664//4664 4665//4665 4569//4569
f 4569//4569 4665//4665 4666//4666 4570//4570
f 4570//4570 4666//4666 4667//4667 4571//4571
f 4571//4571 4667//4667 4668//4668 4572//4572
f 4572//4572 4668//4668 4669//4669 4573//4573
f 4573//4573 4669//4669 4670//4670 4574//4574
f 4574//4574 4670//4670 4671//4671 4575//4575
f 4575//4575 4671//4671 4672//4672 4576//4576
f 4576//4576 4672//4672 4673//4673 4577//4577
f 4577//4577 4673//4673 4674//4674 4578//4578
f 4578//4578 4674//4674 4675//4675 4579//4579
f 4579//4579 4675//4675 4676//4676 4580//4580
f 4580//4580 4676//4676 4677//4677 4581//4581
f 4581//4581 4677//4677 4678//4678 4582//4582
f 4582//4582 4678//4678 4679//4679 4583//4583
f 4583//4583 4679//4679 4680//4680 4584//4584
f 4584//4584 4680//4680 4681//4681 4585//4585
f 4585//4585 4681//4681 4682//4682 4586//4586
f 4586//4586 4682//4682 4683//4683 4587//4587
f 4587//4587 4683//4683 4684//4684 4588//4588
f 4588//4588 4684//4684 4685//4685 4589//4589
f 4589//4589 4685//4685 4686//4686 4590//4590
f 4590//4590 4686//4686 4687//4687 4591//4591
f 4591//4591 4687//4687 4688//4688 4592//4592
f 4592//4592 4688//4688 4689//4689 4593//4593
f 4593//4593 4689//4689 4690//4690 4594//4594
f 4594//4594 4690//4690 4691//4691 4595//4595
f 4595//4595 4691//4691 4692//4692 4596//4596
f 4596//4596 4692//4692 4693//4693 4597//4597
f 4597//4597 4693//4693 4694//4694 4598//4598
f 4598//4598 4694//4694 4695//4695 4599//4599
f 4599//4599 4695//4695 4696//4696 4600//4600
f 4600//4600 4696//4696 4697//4697 4601//4601
f 4601//4601 4697//4697 4698//4698 4602//4602
f 4602//4602 4698//4698 4699//4699 4603//4603
f 4603//4603 4699//4699 4700//4700 4604//4604
f 4604//4604 4700//4700 4701//4701 4605//4605
f 4605//4605 4701//4701 4702//4702 4606//4606
f 4606//4606 4702//4702 4703//4703 4607//4607
f 4607//4607 4703//4703 4704//4704 4608//4608
f 4608//4608 4704//4704 4705//4705 4609//4609
f 4609//4609 4705//4705 4610//4610 4514//4514
f 4610//4610 4706//4706 4707//4707 4611//4611
f 4611//4611 4707//4707 4708//4708 4612//4612
f 4612//4612 4708//4708 4709//4709 4613//4613
f 4613//4613 4709//4709 4710//4710 4614//4614
f 4614//4614 4710//4710 4711//4711 4615//4615
f 4615//4615 4711//4711 4712//4712 4616//4616
f 4616//4616 4712//4712 4713//4713 4617//4617
f 4617//4617 4713//4713 4714//4714 4618//4618
f 4618//4618 4714//4714 4715//4715 4619//4619
f 4619//4619 4715//4715 4716//4716 4620//4620
f 4620//4620 4716//4716 4717//4717 4621//4621
f 4621//4621 4717//4717 4718//4718 4622//4622
f 4622//4622 4718//4718 4719//4719 4623//4623
f 4623//4623 4719//4719 4720//4720 4624//4624
f 4624//4624 4720//4720 4721//4721 4625//4625
f 4625//4625 4721//4721 4722//4722 4626//4626
f 4626//4626 4722//4722 4723//4723 4627//4627
f 4627//4627 4723//4723 4724//4724 4628//4628
f 4628//4628 4724//4724 4725//4725 4629//4629
f 4629//4629 4725//4725 4726//4726 4630//4630
f 4630//4630 4726//4726 4727//4727 4631//4631
f 4631//4631 4727//4727 4728//4728 4632//4632
f 4632//4632 4728//4728 4729//4729 4633//4633
f 4633//4633 4729//4729 4730//4730 4634//4634
f 4634//4634 4730//4730 4731//4731 4635//4635
f 4635//4635 4731//4731 4732//4732 4636//4636
f 4636//4636 4732//4732 4733//4733 4637//4637
f 4637//4637 4733//4733 4734//4734 4638//4638
f 4638//4638 4734//4734 4735//4735 4639//4639
f 4639//4639 4735//4735 4736//4736 4640//4640
f 4640//4640 4736//4736 4737//4737 4641//4641
f 4641//4641 4737//4737 4738//4738 4642//4642
f 4642//4642 4738//4738 4739//4739 4643//4643
f 4643//4643 4739//4739 4740//4740 4644//4644
f 4644//4644 4740//4740 4741//4741 4645//4645
f 4645//4645 4741//4741 4742//4742 4646//4646
f 4646//4646 4742//4742 4743//4743 4647//4647
f 4647//4647 4743//4743 4744//4744 4648//4648
f 4648//4648 4744//4744 4745//4745 4649//4649
f 4649//4649 4745//4745 4746//4746 4650//4650
f 4650//4650 4746//4746 4747//4747 4651//4651
f 4651//4651 4747//4747 4748//4748 4652//4652
f 4652//4652 4748//4748 4749//4749 4653//4653
f 4653//4653 4749//4749 4750//4750 4654//4654
f 4654//4654 4750//4750 4751//4751 4655//4655
f 4655//4655 4751//4751 4752//4752 4656//4656
f 4656//4656 4752//4752 4753//4753 4657//4657
f 4657//4657 4753//4753 4754//4754 4658//4658
f 4658//4658 4754//4754 4755//4755 4659//4659
f 4659//4659 4755//4755 4756//4756 4660//4660
f 4660//4660 4756//4756 4757//4757 4661//4661
f 4661//4661 4757//4757 4758//4758 4662//4662
f 4662//4662 4758//4758 4759//4759 4663//4663
f 4663//4663 4759//4759 4760//4760 4664//4664
f 4664//4664 4760//4760 4761//4761 4665//4665
f 4665//4665 4761//4761 4762//4762 4666//4666
f 4666//4666 4762//4762 4763//4763 4667//4667
f 4667//4667 4763//4763 4764//4764 4668//4668
f 4668//4668 4764//4764 4765//4765 4669//4669
f 4669//4669 4765//4765 4766//4766 4670//4670
f 4670//4670 4766//4766 4767//4767 4671//4671
f 4671//4671 4767//4767 4768//4768 4672//4672
f 4672//4672 4768//4768 4769//4769 4673//4673
f 4673//4673 4769//4769 4770//4770 4674//4674
f 4674//4674 4770//4770 4771//4771 4675//4675
f 4675//4675 4771//4771 4772//4772 4676//4676
f 4676//4676 4772//4772 4773//4773 4677//4677
f 4677//4677 4773//4773 4774//4774 4678//4678
f 4678//4678 4774//4774 4775//4775 4679//4679
f 4679//4679 4775//4775 4776//4776 4680//4680
f 4680//4680 4776//4776 4777//4777 4681//4681
f 4681//4681 4777//4777 4778//4778 4682//4682
f 4682//4682 4778//4778 4779//4779 4683//4683
f 4683//4683 4779//4779 4780//4780 4684//4684
f 4684//4684 4780//4780 4781//4781 4685//4685
f 4685//4685 4781//4781 4782//4782 4686//4686
f 4686//4686 4782//4782 4783//4783 4687//4687
f 4687//4687 4783//4783 4784//4784 4688//4688
f 4688//4688 4784//4784 4785//4785 4689//4689
f 4689//4689 4785//4785 4786//4786 4690//4690
f 4690//4690 4786//4786 4787//4787 4691//4691
f 4691//4691 4787//4787 4788//4788 4692//4692
f 4692//4692 4788//4788 4789//4789 4693//4693
f 4693//4693 4789//4789 4790//4790 4694//4694
f 4694//4694 4790//4790 4791//4791 4695//4695
f 4695//4695 4791//4791 4792//4792 4696//4696
f 4696//4696 4792//4792 4793//4793 4697//4697
f 4697//4697 4793//4793 4794//4794 4698//4698
f 4698//4698 4794//4794 4795//4795 4699//4699
f 4699//4699 4795//4795 4796//4796 4700//4700
f 4700//4700 4796//4796 4797//4797 4701//4701
f 4701//4701 4797//4797 4798//4798 4702//4702
f 4702//4702 4798//4798 4799//4799 4703//4703
f 4703//4703 4799//4799 4800//4800 4704//4704
f 4704//4704 4800//4800 4801//4801 4705//4705
f 4705//4705 4801//4801 4706//4706 4610//4610
f 4706//4706 4802//4802 4803//4803 4707//4707
f 4707//4707 4803//4803 4804//4804 4708//4708
f 4708//4708 4804//4804 4805//4805 4709//4709
f 4709//4709 4805//4805 4806//4806 4710//4710
f 4710//4710 4806//4806 4807//4807 4711//4711
f 4711//4711 4807//4807 4808//4808 4712//4712
f 4712//4712 4808//4808 4809//4809 4713//4713
f 4713//4713 4809//4809 4810//4810 4714//4714
f 4714//4714 4810//4810 4811//4811 4715//4715
f 4715//4715 4811//4811 4812//4812 4716//4716
f 4716//4716 4812//4812 4813//4813 4717//4717
f 4717//4717 4813//4813 4814//4814 4718//4718
f 4718//4718 4814//4814 4815//4815 4719//4719
f 4719//4719 4815//4815 4816//4816 4720//4720
f 4720//4720 4816//4816 4817//4817 4721//4721
f 4721//4721 4817//4817 4818//4818 4722//4722
f 4722//4722 4818//4818 4819//4819 4723//4723
f 4723//4723 4819//4819 4820//4820 4724//4724
f 4724//4724 4820//4820 4821//4821 4725//4725
f 4725//4725 4821//4821 4822//4822 4726//4726
f 4726//4726 4822//4822 4823//4823 4727//4727
f 4727//4727 4823//4823 4824//4824 4728//4728
f 4728//4728 4824//4824 4825//4825 4729//4729
f 4729//4729 4825//4825 4826//4826 4730//4730
f 4730//4730 4826//4826 4827//4827 4731//4731
f 4731//4731 4827//4827 4828//4828 4732//4732
f 4732//4732 4828//4828 4829//4829 4733//4733
f 4733//4733 4829//4829 4830//4830 4734//4734
f 4734//4734 4830//4830 4831//4831 4735//4735
f 4735//4735 4831//4831 4832//4832 4736//4736
f 4736//4736 4832//4832 4833//4833 4737//4737
f 4737//4737 4833//4833 4834//4834 4738//4738
f 4738//4738 4834//4834 4835//4835 4739//4739
f 4739//4739 4835//4835 4836//4836 4740//4740
f 4740//4740 4836//4836 4837//4837 4741//4741
f 4741//4741 4837//4837 4838//4838 4742//4742
f 4742//4742 4838//4838 4839//4839 4743//4743
f 4743//4743 4839//4839 4840//4840 4744//4744
f 4744//4744 4840//4840 4841//4841 4745//4745
f 4745//4745 4841//4841 4842//4842 4746//4746
f 4746//4746 4842//4842 4843//4843 4747//4747
f 4747//4747 4843//4843 4844//4844 4748//4748
f 4748//4748 4844//4844 4845//4845 4749//4749
f 4749//4749 4845//4845 4846//4846 4750//4750
f 4750//4750 4846//4846 4847//4847 4751//4751
f 4751//4751 4847//4847 4848//4848 4752//4752
f 4752//4752 4848//4848 4849//4849 4753//4753
f 4753//4753 4849//4849 4850//4850 4754//4754
f 4754//4754 4850//4850 4851//4851 4755//4755
f 4755//4755 4851//4851 4852//4852 4756//4756
f 4756//4756 4852//4852 4853//4853 4757//4757
f 4757//4757 4853//4853 4854//4854 4758//4758
f 4758//4758 4854//4854 4855//4855 4759//4759
f 4759//4759 4855//4855 4856//4856 4760//4760
f 4760//4760 4856//4856 4857//4857 4761//4761
f 4761//4761 4857//4857 4858//4858 4762//4762
f 4762//4762 4858//4858 4859//4859 4763//4763
f 4763//4763 4859//4859 4860//4860 4764//4764
f 4764//4764 4860//4860 4861//4861 4765//4765
f 4765//4765 4861//4861 4862//4862 4766//4766
f 4766//4766 4862//4862 4863//4863 4767//4767
f 4767//4767 4863//4863 4864//4864 4768//4768
f 4768//4768 4864//4864 4865//4865 4769//4769
f 4769//4769 4865//4865 4866//4866 4770//4770
f 4770//4770 4866//4866 4867//4867 4771//4771
f 4771//4771 4867//4867 4868//4868 4772//4772
f 4772//4772 4868//4868 4869//4869 4773//4773
f 4773//4773 4869//4869 4870//4870 4774//4774
f 4774//4774 4870//4870 4871//4871 4775//4775
f 4775//4775 4871//4871 4872//4872 4776//4776
f 4776//4776 4872//4872 4873//4873 4777//4777
f 4777//4777 4873//4873 4874//4874 4778//4778
f 4778//4778 4874//4874 4875//4875 4779//4779
f 4779//4779 4875//4875 4876//4876 4780//4780
f 4780//4780 4876//4876 4877//4877 4781//4781
f 4781//4781 4877//4877 4878//4878 4782//4782
f 4782//4782 4878//4878 4879//4879 4783//4783
f 4783//4783 4879//4879 4880//4880 4784//4784
f 4784//4784 4880//4880 4881//4881 4785//4785
f 4785//4785 4881//4881 4882//4882 4786//4786
f 4786//4786 4882//4882 4883//4883 4787//4787
f 4787//4787 4883//4883 4884//4884 4788//4788
f 4788//4788 4884//4884 4885//4885 4789//4789
f 4789//4789 4885//4885 4886//4886 4790//4790
f 4790//4790 4886//4886 4887//4887 4791//4791
f 4791//4791 4887//4887 4888//4888 4792//4792
f 4792//4792 4888//4888 4889//4889 4793//4793
f 4793//4793 4889//4889 4890//4890 4794//4794
f 4794//4794 4890//4890 4891//4891 4795//4795
f 4795//4795 4891//4891 4892//4892 4796//4796
f 4796//4796 4892//4892 4893//4893 4797//4797
f 4797//4797 4893//4893 4894//4894 4798//4798
f 4798//4798 4894//4894 4895//4895 4799//4799
f 4799//4799 4895//4895 4896//4896 4800//4800
f 4800//4800 4896//4896 4897//4897 4801//4801
f 4801//4801 4897//4897 4802//4802 4706//4706
f 4802//4802 4898//4898 4899//4899 4803//4803
f 4803//4803 4899//4899 4900//4900 4804//4804
f 4804//4804 4900//4900 4901//4901 4805//4805
f 4805//4805 4901//4901 4902//4902 4806//4806
f 4806//4806 4902//4902 4903//4903 4807//4807
f 4807//4807 4903//4903 4904//4904 4808//4808
f 4808//4808 4904//4904 4905//4905 4809//4809
f 4809//4809 4905//4905 4906//4906 4810//4810
f 4810//4810 4906//4906 4907//4907 4811//4811
f 4811//4811 4907//4907 4908//4908 4812//4812
f 4812//4812 4908//4908 4909//4909 4813//4813
f 4813//4813 4909//4909 4910//4910 4814//4814
f 4814//4814 4910//4910 4911//4911 4815//4815
f 4815//4815 4911//4911 4912//4912 4816//4816
f 4816//4816 4912//4912 4913//4913 4817//4817
f 4817//4817 4913//4913 4914//4914 4818//4818
f 4818//4818 4914//4914 4915//4915 4819//4819
f 4819//4819 4915//4915 4916//4916 4820//4820
f 4820//4820 4916//4916 4917//4917 4821//4821
f 4821//4821 4917//4917 4918//4918 4822//4822
f 4822//4822 4918//4918 4919//4919 4823//4823
f 4823//4823 4919//4919 4920//4920 4824//4824
f 4824//4824 4920//4920 4921//4921 4825//4825
f 4825//4825 4921//4921 4922//4922 4826//4826
f 4826//4826 4922//4922 4923//4923 4827//4827
f 4827//4827 4923//4923 4924//4924 4828//4828
f 4828//4828 4924//4924 4925//4925 4829//4829
f 4829//4829 4925//4925 4926//4926 4830//4830
f 4830//4830 4926//4926 4927//4927 4831//4831
f 4831//4831 4927//4927 4928//4928 4832//4832
f 4832//4832 4928//4928 4929//4929 4833//4833
f 4833//4833 4929//4929 4930//4930 4834//4834
f 4834//4834 4930//4930 4931//4931 4835//4835
f 4835//4835 4931//4931 4932//4932 4836//4836
f 4836//4836 4932//4932 4933//4933 4837//4837
f 4837//4837 4933//4933 4934//4934 4838//4838
f 4838//4838 4934//4934 4935//4935 4839//4839
f 4839//4839 4935//4935 4936//4936 4840//4840
f 4840//4840 4936//4936 4937//4937 4841//4841
f 4841//4841 4937//4937 4938//4938 4842//4842
f 4842//4842 4938//4938 4939//4939 4843//4843
f 4843//4843 4939//4939 4940//4940 4844//4844
f 4844//4844 4940//4940 4941//4941 4845//4845
f 4845//4845 4941//4941 4942//4942 4846//4846
f 4846//4846 4942//4942 4943//4943 4847//4847
f 4847//4847 4943//4943 4944//4944 4848//4848
f 4848//4848 4944//4944 4945//4945 4849//4849
f 4849//4849 4945//4945 4946//4946 4850//4850
f 4850//4850 4946//4946 4947//4947 4851//4851
f 4851//4851 4947//4947 4948//4948 4852//4852
f 4852//4852 4948//4948 4949//4949 4853//4853
f 4853//4853 4949//4949 4950//4950 4854//4854
f 4854//4854 4950//4950 4951//4951 4855//4855
f 4855//4855 4951//4951 4952//4952 4856//4856
f 4856//4856 4952//4952 4953//4953 4857//4857
f 4857//4857 4953//4953 4954//4954 4858//4858
f 4858//4858 4954//4954 4955//4955 4859//4859
f 4859//4859 4955//4955 4956//4956 4860//4860
f 4860//4860 4956//4956 4957//4957 4861//4861
f 4861//4861 4957//4957 4958//4958 4862//4862
f 4862//4862 4958//4958 4959//4959 4863//4863
f 4863//4863 4959//4959 4960//4960 4864//4864
f 4864//4864 4960//4960 4961//4961 4865//4865
f 4865//4865 4961//4961 4962//4962 4866//4866
f 4866//4866 4962//4962 4963//4963 4867//4867
f 4867//4867 4963//4963 4964//4964 4868//4868
f 4868//4868 4964//4964 4965//4965 4869//4869
f 4869//4869 4965//4965 4966//4966 4870//4870
f 4870//4870 4966//4966 4967//4967 4871//4871
f 4871//4871 4967//4967 4968//4968 4872//4872
f 4872//4872 4968//4968 4969//4969 4873//4873
f 4873//4873 4969//4969 4970//4970 4874//4874
f 4874//4874 4970//4970 4971//4971 4875//4875
f 4875//4875 4971//4971 4972//4972 4876//4876
f 4876//4876 4972//4972 4973//4973 4877//4877
f 4877//4877 4973//4973 4974//4974 4878//4878
f 4878//4878 4974//4974 4975//4975 4879//4879
f 4879//4879 4975//4975 4976//4976 4880//4880
f 4880//4880 4976//4976 4977//4977 4881//4881
f 4881//4881 4977//4977 4978//4978 4882//4882
f 4882//4882 4978//4978 4979//4979 4883//4883
f 4883//4883 4979//4979 4980//4980 4884//4884
f 4884//4884 4980//4980 4981//4981 4885//4885
f 4885//4885 4981//4981 4982//4982 4886//4886
f 4886//4886 4982//4982 4983//4983 4887//4887
f 4887//4887 4983//4983 4984//4984 4888//4888
f 4888//4888 4984//4984 4985//4985 4889//4889
f 4889//4889 4985//4985 4986//4986 4890//4890
f 4890//4890 4986//4986 4987//4987 4891//4891
f 4891//4891 4987//4987 4988//4988 4892//4892
f 4892//4892 4988//4988 4989//4989 4893//4893
f 4893//4893 4989//4989 4990//4990 4894//4894
f 4894//4894 4990//4990 4991//4991 4895//4895
f 4895//4895 4991//4991 4992//4992 4896//4896
f 4896//4896 4992//4992 4993//4993 4897//4897
f 4897//4897 4993//4993 4898//4898 4802//4802
f 4898//4898 4994//4994 4995//4995 4899//4899
f 4899//4899 4995//4995 4996//4996 4900//4900
f 4900//4900 4996//4996 4997//4997 4901//4901
f 4901//4901 4997//4997 4998//4998 4902//4902
f 4902//4902 4998//4998 4999//4999 4903//4903
f 4903//4903 4999//4999 5000//5000 4904//4904
f 4904//4904 5000//5000 5001//5001 4905//4905
f 4905//4905 5001//5001 5002//5002 4906//4906
f 4906//4906 5002//5002 5003//5003 4907//4907
f 4907//4907 5003//5003 5004//5004 4908//4908
f 4908//4908 5004//5004 5005//5005 4909//4909
f 4909//4909 5005//5005 5006//5006 4910//4910
f 4910//4910 5006//5006 5007//5007 4911//4911
f 4911//4911 5007//5007 5008//5008 4912//4912
f 4912//4912 5008//5008 5009//5009 4913//4913
f 4913//4913 5009//5009 5010//5010 4914//4914
f 4914//4914 5010//5010 5011//5011 4915//4915
f 4915//4915 5011//5011 5012//5012 4916//4916
f 4916//4916 5012//5012 5013//5013 4917//4917
f 4917//4917 5013//5013 5014//5014 4918//4918
f 4918//4918 5014//5014 5015//5015 4919//4919
f 4919//4919 5015//5015 5016//5016 4920//4920
f 4920//4920 5016//5016 5017//5017 4921//4921
f 4921//4921 5017//5017 5018//5018 4922//4922
f 4922//4922 5018//5018 5019//5019 4923//4923
f 4923//4923 5019//5019 5020//5020 4924//4924
f 4924//4924 5020//5020 5021//5021 4925//4925
f 4925//4925 5021//5021 5022//5022 4926//4926
f 4926//4926 5022//5022 5023//5023 4927//4927
f 4927//4927 5023//5023 5024//5024 4928//4928
f 4928//4928 5024//5024 5025//5025 4929//4929
f 4929//4929 5025//5025 5026//5026 4930//4930
f 4930//4930 5026//5026 5027//5027 4931//4931
f 4931//4931 5027//5027 5028//5028 4932//4932
f 4932//4932 5028//5028 5029//5029 4933//4933
f 4933//4933 5029//5029 5030//5030 4934//4934
f 4934//4934 5030//5030 5031//5031 4935//4935
f 4935//4935 5031//5031 5032//5032 4936//4936
f 4936//4936 5032//5032 5033//5033 4937//4937
f 4937//4937 5033//5033 5034//5034 4938//4938
f 4938//4938 5034//5034 5035//5035 4939//4939
f 4939//4939 5035//5035 5036//5036 4940//4940
f 4940//4940 5036//5036 5037//5037 4941//4941
f 4941//4941 5037//5037 5038//5038 4942//4942
f 4942//4942 5038//5038 5039//5039 4943//4943
f 4943//4943 5039//5039 5040//5040 4944//4944
f 4944//4944 5040//5040 5041//5041 4945//4945
f 4945//4945 5041//5041 5042//5042 4946//4946
f 4946//4946 5042//5042 5043//5043 4947//4947
f 4947//4947 5043//5043 5044//5044 4948//4948
f 4948//4948 5044//5044 5045//5045 4949//4949
f 4949//4949 5045//5045 5046//5046 4950//4950
f 4950//4950 5046//5046 5047//5047 4951//4951
f 4951//4951 5047//5047 5048//5048 4952//4952
f 4952//4952 5048//5048 5049//5049 4953//4953
f 4953//4953 5049//5049 5050//5050 4954//4954
f 4954//4954 5050//5050 5051//5051 4955//4955
f 4955//4955 5051//5051 5052//5052 4956//4956
f 4956//4956 5052//5052 5053//5053 4957//4957
f 4957//4957 5053//5053 5054//5054 4958//4958
f 4958//4958 5054//5054 5055//5055 4959//4959
f 4959//4959 5055//5055 5056//5056 4960//4960
f 4960//4960 5056//5056 5057//5057 4961//4961
f 4961//4961 5057//5057 5058//5058 4962//4962
f 4962//4962 5058//5058 5059//5059 4963//4963
f 4963//4963 5059//5059 5060//5060 4964//4964
f 4964//4964 5060//5060 5061//5061 4965//4965
f 4965//4965 5061//5061 5062//5062 4966//4966
f 4966//4966 5062//5062 5063//5063 4967//4967
f 4967//4967 5063//5063 5064//5064 4968//4968
f 4968//4968 5064//5064 5065//5065 4969//4969
f 4969//4969 5065//5065 5066//5066 4970//4970
f 4970//4970 5066//5066 5067//5067 4971//4971
f 4971//4971 5067//5067 5068//5068 4972//4972
f 4972//4972 5068//5068 5069//5069 4973//4973
f 4973//4973 5069//5069 5070//5070 4974//4974
f 4974//4974 5070//5070 5071//5071 4975//4975
f 4975//4975 5071//5071 5072//5072 4976//4976
f 4976//4976 5072//5072 5073//5073 4977//4977
f 4977//4977 5073//5073 5074//5074 4978//4978
f 4978//4978 5074//5074 5075//5075 4979//4979
f 4979//4979 5075//5075 5076//5076 4980//4980
f 4980//4980 5076//5076 5077//5077 4981//4981
f 4981//4981 5077//5077 5078//5078 4982//4982
f 4982//4982 5078//5078 5079//5079 4983//4983
f 4983//4983 5079//5079 5080//5080 4984//4984
f 4984//4984 5080//5080 5081//5081 4985//4985
f 4985//4985 5081//5081 5082//5082 4986//4986
f 4986//4986 5082//5082 5083//5083 4987//4987
f 4987//4987 5083//5083 5084//5084 4988//4988
f 4988//4988 5084//5084 5085//5085 4989//4989
f 4989//4989 5085//5085 5086//5086 4990//4990
f 4990//4990 5086//5086 5087//5087 4991//4991
f 4991//4991 5087//5087 5088//5088 4992//4992
f 4992//4992 5088//5088 5089//5089 4993//4993
f 4993//4993 5089//5089 4994//4994 4898//4898
f 4994//4994 5090//5090 5091//5091 4995//4995
f 4995//4995 5091//5091 5092//5092 4996//4996
f 4996//4996 5092//5092 5093//5093 4997//4997
f 4997//4997 5093//5093 5094//5094 4998//4998
f 4998//4998 5094//5094 5095//5095 4999//4999
f 4999//4999 5095//5095 5096//5096 5000//5000
f 5000//5000 5096//5096 5097//5097 5001//5001
f 5001//5001 5097//5097 5098//5098 5002//5002
f 5002//5002 5098//5098 5099//5099 5003//5003
f 5003//5003 5099//5099 5100//5100 5004//5004
f 5004//5004 5100//5100 5101//5101 5005//5005
f 5005//5005 5101//5101 5102//5102 5006//5006
f 5006//5006 5102//5102 5103//5103 5007//5007
f 5007//5007 5103//5103 5104//5104 5008//5008
f 5008//5008 5104//5104 5105//5105 5009//5009
f 5009//5009 5105//5105 5106//5106 5010//5010
f 5010//5010 5106//5106 5107//5107 5011//5011
f 5011//5011 5107//5107 5108//5108 5012//5012
f 5012//5012 5108//5108 5109//5109 5013//5013
f 5013//5013 5109//5109 5110//5110 5014//5014
f 5014//5014 5110//5110 5111//5111 5015//5015
f 5015//5015 5111//5111 5112//5112 5016//5016
f 5016//5016 5112//5112 5113//5113 5017//5017
f 5017//5017 5113//5113 5114//5114 5018//5018
f 5018//5018 5114//5114 5115//5115 5019//5019
f 5019//5019 5115//5115 5116//5116 5020//5020
f 5020//5020 5116//5116 5117//5117 5021//5021
f 5021//5021 5117//5117 5118//5118 5022//5022
f 5022//5022 5118//5118 5119//5119 5023//5023
f 5023//5023 5119//5119 5120//5120 5024//5024
f 5024//5024 5120//5120 5121//5121 5025//5025
f 5025//5025 5121//5121 5122//5122 5026//5026
f 5026//5026 5122//5122 5123//5123 5027//5027
f 5027//5027 5123//5123 5124//5124 5028//5028
f 5028//5028 5124//5124 5125//5125 5029//5029
f 5029//5029 5125//5125 5126//5126 5030//5030
f 5030//5030 5126//5126 5127//5127 5031//5031
f 5031//5031 5127//5127 5128//5128 5032//5032
f 5032//5032 5128//5128 5129//5129 5033//5033
f 5033//5033 5129//5129 5130//5130 5034//5034
f 5034//5034 5130//5130 5131//5131 5035//5035
f 5035//5035 5131//5131 5132//5132 5036//5036
f 5036//5036 5132//5132 5133//5133 5037//5037
f 5037//5037 5133//5133 5134//5134 5038//5038
f 5038//5038 5134//5134 5135//5135 5039//5039
f 5039//5039 5135//5135 5136//5136 5040//5040
f 5040//5040 5136//5136 5137//5137 5041//5041
f 5041//5041 5137//5137 5138//5138 5042//5042
f 5042//5042 5138//5138 5139//5139 5043//5043
f 5043//5043 5139//5139 5140//5140 5044//5044
f 5044//5044 5140//5140 5141//5141 5045//5045
f 5045//5045 5141//5141 5142//5142 5046//5046
f 5046//5046 5142//5142 5143//5143 5047//5047
f 5047//5047 5143//5143 5144//5144 5048//5048
f 5048//5048 5144//5144 5145//5145 5049//5049
f 5049//5049 5145//5145 5146//5146 5050//5050
f 5050//5050 5146//5146 5147//5147 5051//5051
f 5051//5051 5147//5147 5148//5148 5052//5052
f 5052//5052 5148//5148 5149//5149 5053//5053
f 5053//5053 5149//5149 5150//5150 5054//5054
f 5054//5054 5150//5150 5151//5151 5055//5055
f 5055//5055 5151//5151 5152//5152 5056//5056
f 5056//5056 5152//5152 5153//5153 5057//5057
f 5057//5057 5153//5153 5154//5154 5058//5058
f 5058//5058 5154//5154 5155//5155 5059//5059
f 5059//5059 5155//5155 5156//5156 5060//5060
f 5060//5060 5156//5156 5157//5157 5061//5061
f 5061//5061 5157//5157 5158//5158 5062//5062
f 5062//5062 5158//5158 5159//5159 5063//5063
f 5063//5063 5159//5159 5160//5160 5064//5064
f 5064//5064 5160//5160 5161//5161 5065//5065
f 5065//5065 5161//5161 5162//5162 5066//5066
f 5066//5066 5162//5162 5163//5163 5067//5067
f 5067//5067 5163//5163 5164//5164 5068//5068
f 5068//5068 5164//5164 5165//5165 5069//5069
f 5069//5069 5165//5165 5166//5166 5070//5070
f 5070//5070 5166//5166 5167//5167 5071//5071
f 5071//5071 5167//5167 5168//5168 5072//5072
f 5072//5072 5168//5168 5169//5169 5073//5073
f 5073//5073 5169//5169 5170//5170 5074//5074
f 5074//5074 5170//5170 5171//5171 5075//5075
f 5075//5075 5171//5171 5172//5172 5076//5076
f 5076//5076 5172//5172 5173//5173 5077//5077
f 5077//5077 5173//5173 5174//5174 5078//5078
f 5078//5078 5174//5174 5175//5175 5079//5079
f 5079//5079 5175//5175 5176//5176 5080//5080
f 5080//5080 5176//5176 5177//5177 5081//5081
f 5081//5081 5177//5177 5178//5178 5082//5082
f 5082//5082 5178//5178 5179//5179 5083//5083
f 5083//5083 5179//5179 5180//5180 5084//5084
f 5084//5084 5180//5180 5181//5181 5085//5085
f 5085//5085 5181//5181 5182//5182 5086//5086
f 5086//5086 5182//5182 5183//5183 5087//5087
f 5087//5087 5183//5183 5184//5184 5088//5088
f 5088//5088 5184//5184 5185//5185 5089//5089
f 5089//5089 5185//5185 5090//5090 4994//4994
f 5090//5090 5186//5186 5187//5187 5091//5091
f 5091//5091 5187//5187 5188//5188 5092//5092
f 5092//5092 5188//5188 5189//5189 5093//5093
f 5093//5093 5189//5189 5190//5190 5094//5094
f 5094//5094 5190//5190 5191//5191 5095//5095
f 5095//5095 5191//5191 5192//5192 5096//5096
f 5096//5096 5192//5192 5193//5193 5097//5097
f 5097//5097 5193//5193 5194//5194 5098//5098
f 5098//5098 5194//5194 5195//5195 5099//5099
f 5099//5099 5195//5195 5196//5196 5100//5100
f 5100//5100 5196//5196 5197//5197 5101//5101
f 5101//5101 5197//5197 5198//5198 5102//5102
f 5102//5102 5198//5198 5199//5199 5103//5103
f 5103//5103 5199//5199 5200//5200 5104//5104
f 5104//5104 5200//5200 5201//5201 5105//5105
f 5105//5105 5201//5201 5202//5202 5106//5106
f 5106//5106 5202//5202 5203//5203 5107//5107
f 5107//5107 5203//5203 5204//5204 5108//5108
f 5108//5108 5204//5204 5205//5205 5109//5109
f 5109//5109 5205//5205 5206//5206 5110//5110
f 5110//5110 5206//5206 5207//5207 5111//5111
f 5111//5111 5207//5207 5208//5208 5112//5112
f 5112//5112 5208//5208 5209//5209 5113//5113
f 5113//5113 5209//5209 5210//5210 5114//5114
f 5114//5114 5210//5210 5211//5211 5115//5115
f 5115//5115 5211//5211 5212//5212 5116//5116
f 5116//5116 5212//5212 5213//5213 5117//5117
f 5117//5117 5213//5213 5214//5214 5118//5118
f 5118//5118 5214//5214 5215//5215 5119//5119
f 5119//5119 5215//5215 5216//5216 5120//5120
f 5120//5120 5216//5216 5217//5217 5121//5121
f 5121//5121 5217//5217 5218//5218 5122//5122
f 5122//5122 5218//5218 5219//5219 5123//5123
f 5123//5123 5219//5219 5220//5220 5124//5124
f 5124//5124 5220//5220 5221//5221 5125//5125
f 5125//5125 5221//5221 5222//5222 5126//5126
f 5126//5126 5222//5222 5223//5223 5127//5127
f 5127//5127 5223//5223 5224//5224 5128//5128
f 5128//5128 5224//5224 5225//5225 5129//5129
f 5129//5129 5225//5225 5226//5226 5130//5130
f 5130//5130 5226//5226 5227//5227 5131//5131
f 5131//5131 5227//5227 5228//5228 5132//5132
f 5132//5132 5228//5228 5229//5229 5133//5133
f 5133//5133 5229//5229 5230//5230 5134//5134
f 5134//5134 5230//5230 5231//5231 5135//5135
f 5135//5135 5231//5231 5232//5232 5136//5136
f 5136//5136 5232//5232 5233//5233 5137//5137
f 5137//5137 5233//5233 5234//5234 5138//5138
f 5138//5138 5234//5234 5235//5235 5139//5139
f 5139//5139 5235//5235 5236//5236 5140//5140
f 5140//5140 5236//5236 5237//5237 5141//5141
f 5141//5141 5237//5237 5238//5238 5142//5142
f 5142//5142 5238//5238 5239//5239 5143//5143
f 5143//5143 5239//5239 5240//5240 5144//5144
f 5144//5144 5240//5240 5241//5241 5145//5145
f 5145//5145 5241//5241 5242//5242 5146//5146
f 5146//5146 5242//5242 5243//5243 5147//5147
f 5147//5147 5243//5243 5244//5244 5148//5148
f 5148//5148 5244//5244 5245//5245 5149//5149
f 5149//5149 5245//5245 5246//5246 5150//5150
f 5150//5150 5246//5246 5247//5247 5151//5151
f 5151//5151 5247//5247 5248//5248 5152//5152
f 5152//5152 5248//5248 5249//5249 5153//5153
f 5153//5153 5249//5249 5250//5250 5154//5154
f 5154//5154 5250//5250 5251//5251 5155//5155
f 5155//5155 5251//5251 5252//5252 5156//5156
f 5156//5156 5252//5252 5253//5253 5157//5157
f 5157//5157 5253//5253 5254//5254 5158//5158
f 5158//5158 5254//5254 5255//5255 5159//5159
f 5159//5159 5255//5255 5256//5256 5160//5160
f 5160//5160 5256//5256 5257//5257 5161//5161
f 5161//5161 5257//5257 5258//5258 5162//5162
f 5162//5162 5258//5258 5259//5259 5163//5163
f 5163//5163 5259//5259 5260//5260 5164//5164
f 5164//5164 5260//5260 5261//5261 5165//5165
f 5165//5165 5261//5261 5262//5262 5166//5166
f 5166//5166 5262//5262 5263//5263 5167//5167
f 5167//5167 5263//5263 5264//5264 5168//5168
f 5168//5168 5264//5264 5265//5265 5169//5169
f 5169//5169 5265//5265 5266//5266 5170//5170
f 5170//5170 5266//5266 5267//5267 5171//5171
f 5171//5171 5267//5267 5268//5268 5172//5172
f 5172//5172 5268//5268 5269//5269 5173//5173
f 5173//5173 5269//5269 5270//5270 5174//5174
f 5174//5174 5270//5270 5271//5271 5175//5175
f 5175//5175 5271//5271 5272//5272 5176//5176
f 5176//5176 5272//5272 5273//5273 5177//5177
f 5177//5177 5273//5273 5274//5274 5178//5178
f 5178//5178 5274//5274 5275//5275 5179//5179
f 5179//5179 5275//5275 5276//5276 5180//5180
f 5180//5180 5276//5276 5277//5277 5181//5181
f 5181//5181 5277//5277 5278//5278 5182//5182
f 5182//5182 5278//5278 5279//5279 5183//5183
f 5183//5183 5279//5279 5280//5280 5184//5184
f 5184//5184 5280//5280 5281//5281 5185//5185
f 5185//5185 5281//5281 5186//5186 5090//5090
f 5186//5186 5282//5282 5283//5283 5187//5187
f 5187//5187 5283//5283 5284//5284 5188//5188
f 5188//5188 5284//5284 5285//5285 5189//5189
f 5189//5189 5285//5285 5286//5286 5190//5190
f 5190//5190 5286//5286 5287//5287 5191//5191
f 5191//5191 5287//5287 5288//5288 5192//5192
f 5192//5192 5288//5288 5289//5289 5193//5193
f 5193//5193 5289//5289 5290//5290 5194//5194
f 5194//5194 5290//5290 5291//5291 5195//5195
f 5195//5195 5291//5291 5292//5292 5196//5196
f 5196//5196 5292//5292 5293//5293 5197//5197
f 5197//5197 5293//5293 5294//5294 5198//5198
f 5198//5198 5294//5294 5295//5295 5199//5199
f 5199//5199 5295//5295 5296//5296 5200//5200
f 5200//5200 5296//5296 5297//5297 5201//5201
f 5201//5201 5297//5297 5298//5298 5202//5202
f 5202//5202 5298//5298 5299//5299 5203//5203
f 5203//5203 5299//5299 5300//5300 5204//5204
f 5204//5204 5300//5300 5301//5301 5205//5205
f 5205//5205 5301//5301 5302//5302 5206//5206
f 5206//5206 5302//5302 5303//5303 5207//5207
f 5207//5207 5303//5303 5304//5304 5208//5208
f 5208//5208 5304//5304 5305//5305 5209//5209
f 5209//5209 5305//5305 5306//5306 5210//5210
f 5210//5210 5306//5306 5307//5307 5211//5211
f 5211//5211 5307//5307 5308//5308 5212//5212
f 5212//5212 5308//5308 5309//5309 5213//5213
f 5213//5213 5309//5309 5310//5310 5214//5214
f 5214//5214 5310//5310 5311//5311 5215//5215
f 5215//5215 5311//5311 5312//5312 5216//5216
f 5216//5216 5312//5312 5313//5313 5217//5217
f 5217//5217 5313//5313 5314//5314 5218//5218
f 5218//5218 5314//5314 5315//5315 5219//5219
f 5219//5219 5315//5315 5316//5316 5220//5220
f 5220//5220 5316//5316 5317//5317 5221//5221
f 5221//5221 5317//5317 5318//5318 5222//5222
f 5222//5222 5318//5318 5319//5319 5223//5223
f 5223//5223 5319//5319 5320//5320 5224//5224
f 5224//5224 5320//5320 5321//5321 5225//5225
f 5225//5225 5321//5321 5322//5322 5226//5226
f 5226//5226 5322//5322 5323//5323 5227//5227
f 5227//5227 5323//5323 5324//5324 5228//5228
f 5228//5228 5324//5324 5325//5325 5229//5229
f 5229//5229 5325//5325 5326//5326 5230//5230
f 5230//5230 5326//5326 5327//5327 5231//5231
f 5231//5231 5327//5327 5328//5328 5232//5232
f 5232//5232 5328//5328 5329//5329 5233//5233
f 5233//5233 5329//5329 5330//5330 5234//5234
f 5234//5234 5330//5330 5331//5331 5235//5235
f 5235//5235 5331//5331 5332//5332 5236//5236
f 5236//5236 5332//5332 5333//5333 5237//5237
f 5237//5237 5333//5333 5334//5334 5238//5238
f 5238//5238 5334//5334 5335//5335 5239//5239
f 5239//5239 5335//5335 5336//5336 5240//5240
f 5240//5240 5336//5336 5337//5337 5241//5241
f 5241//5241 5337//5337 5338//5338 5242//5242
f 5242//5242 5338//5338 5339//5339 5243//5243
f 5243//5243 5339//5339 5340//5340 5244//5244
f 5244//5244 5340//5340 5341//5341 5245//5245
f 5245//5245 5341//5341 5342//5342 5246//5246
f 5246//5246 5342//5342 5343//5343 5247//5247
f 5247//5247 5343//5343 5344//5344 5248//5248
f 5248//5248 5344//5344 5345//5345 5249//5249
f 5249//5249 5345//5345 5346//5346 5250//5250
f 5250//5250 5346//5346 5347//5347 5251//5251
f 5251//5251 5347//5347 5348//5348 5252//5252
f 5252//5252 5348//5348 5349//5349 5253//5253
f 5253//5253 5349//5349 5350//5350 5254//5254
f 5254//5254 5350//5350 5351//5351 5255//5255
f 5255//5255 5351//5351 5352//5352 5256//5256
f 5256//5256 5352//5352 5353//5353 5257//5257
f 5257//5257 5353//5353 5354//5354 5258//5258
f 5258//5258 5354//5354 5355//5355 5259//5259
f 5259//5259 5355//5355 5356//5356 5260//5260
f 5260//5260 5356//5356 5357//5357 5261//5261
f 5261//5261 5357//5357 5358//5358 5262//5262
f 5262//5262 5358//5358 5359//5359 5263//5263
f 5263//5263 5359//5359 5360//5360 5264//5264
f 5264//5264 5360//5360 5361//5361 5265//5265
f 5265//5265 5361//5361 5362//5362 5266//5266
f 5266//5266 5362//5362 5363//5363 5267//5267
f 5267//5267 5363//5363 5364//5364 5268//5268
f 5268//5268 5364//5364 5365//5365 5269//5269
f 5269//5269 5365//5365 5366//5366 5270//5270
f 5270//5270 5366//5366 5367//5367 5271//5271
f 5271//5271 5367//5367 5368//5368 5272//5272
f 5272//5272 5368//5368 5369//5369 5273//5273
f 5273//5273 5369//5369 5370//5370 5274//5274
f 5274//5274 5370//5370 5371//5371 5275//5275
f 5275//5275 5371//5371 5372//5372 5276//5276
f 5276//5276 5372//5372 5373//5373 5277//5277
f 5277//5277 5373//5373 5374//5374 5278//5278
f 5278//5278 5374//5374 5375//5375 5279//5279
f 5279//5279 5375//5375 5376//5376 5280//5280
f 5280//5280 5376//5376 5377//5377 5281//5281
f 5281//5281 5377//5377 5282//5282 5186//5186
f 5282//5282 5378//5378 5379//5379 5283//5283
f 5283//5283 5379//5379 5380//5380 5284//5284
f 5284//5284 5380//5380 5381//5381 5285//5285
f 5285//5285 5381//5381 5382//5382 5286//5286
f 5286//5286 5382//5382 5383//5383 5287//5287
f 5287//5287 5383//5383 5384//5384 5288//5288
f 5288//5288 5384//5384 5385//5385 5289//5289
f 5289//5289 5385//5385 5386//5386 5290//5290
f 5290//5290 5386//5386 5387//5387 5291//5291
f 5291//5291 5387//5387 5388//5388 5292//5292
f 5292//5292 5388//5388 5389//5389 5293//5293
f 5293//5293 5389//5389 5390//5390 5294//5294
f 5294//5294 5390//5390 5391//5391 5295//5295
f 5295//5295 5391//5391 5392//5392 5296//5296
f 5296//5296 5392//5392 5393//5393 5297//5297
f 5297//5297 5393//5393 5394//5394 5298//5298
f 5298//5298 5394//5394 5395//5395 5299//5299
f 5299//5299 5395//5395 5396//5396 5300//5300
f 5300//5300 5396//5396 5397//5397 5301//5301
f 5301//5301 5397//5397 5398//5398 5302//5302
f 5302//5302 5398//5398 5399//5399 5303//5303
f 5303//5303 5399//5399 5400//5400 5304//5304
f 5304//5304 5400//5400 5401//5401 5305//5305
f 5305//5305 5401//5401 5402//5402 5306//5306
f 5306//5306 5402//5402 5403//5403 5307//5307
f 5307//5307 5403//5403 5404//5404 5308//5308
f 5308//5308 5404//5404 5405//5405 5309//5309
f 5309//5309 5405//5405 5406//5406 5310//5310
f 5310//5310 5406//5406 5407//5407 5311//5311
f 5311//5311 5407//5407 5408//5408 5312//5312
f 5312//5312 5408//5408 5409//5409 5313//5313
f 5313//5313 5409//5409 5410//5410 5314//5314
f 5314//5314 5410//5410 5411//5411 5315//5315
f 5315//5315 5411//5411 5412//5412 5316//5316
f 5316//5316 5412//5412 5413//5413 5317//5317
f 5317//5317 5413//5413 5414//5414 5318//5318
f 5318//5318 5414//5414 5415//5415 5319//5319
f 5319//5319 5415//5415 5416//5416 5320//5320
f 5320//5320 5416//5416 5417//5417 5321//5321
f 5321//5321 5417//5417 5418//5418 5322//5322
f 5322//5322 5418//5418 5419//5419 5323//5323
f 5323//5323 5419//5419 5420//5420 5324//5324
f 5324//5324 5420//5420 5421//5421 5325//5325
f 5325//5325 5421//5421 5422//5422 5326//5326
f 5326//5326 5422//5422 5423//5423 5327//5327
f 5327//5327 5423//5423 5424//5424 5328//5328
f 5328//5328 5424//5424 5425//5425 5329//5329
f 5329//5329 5425//5425 5426//5426 5330//5330
f 5330//5330 5426//5426 5427//5427 5331//5331
f 5331//5331 5427//5427 5428//5428 5332//5332
f 5332//5332 5428//5428 5429//5429 5333//5333
f 5333//5333 5429//5429 5430//5430 5334//5334
f 5334//5334 5430//5430 5431//5431 5335//5335
f 5335//5335 5431//5431 5432//5432 5336//5336
f 5336//5336 5432//5432 5433//5433 5337//5337
f 5337//5337 5433//5433 5434//5434 5338//5338
f 5338//5338 5434//5434 5435//5435 5339//5339
f 5339//5339 5435//5435 5436//5436 5340//5340
f 5340//5340 5436//5436 5437//5437 5341//5341
f 5341//5341 5437//5437 5438//5438 5342//5342
f 5342//5342 5438//5438 5439//5439 5343//5343
f 5343//5343 5439//5439 5440//5440 5344//5344
f 5344//5344 5440//5440 5441//5441 5345//5345
f 5345//5345 5441//5441 5442//5442 5346//5346
f 5346//5346 5442//5442 5443//5443 5347//5347
f 5347//5347 5443//5443 5444//5444 5348//5348
f 5348//5348 5444//5444 5445//5445 5349//5349
f 5349//5349 5445//5445 5446//5446 5350//5350
f 5350//5350 5446//5446 5447//5447 5351//5351
f 5351//5351 5447//5447 5448//5448 5352//5352
f 5352//5352 5448//5448 5449//5449 5353//5353
f 5353//5353 5449//5449 5450//5450 5354//5354
f 5354//5354 5450//5450 5451//5451 5355//5355
f 5355//5355 5451//5451 5452//5452 5356//5356
f 5356//5356 5452//5452 5453//5453 5357//5357
f 5357//5357 5453//5453 5454//5454 5358//5358
f 5358//5358 5454//5454 5455//5455 5359//5359
f 5359//5359 5455//5455 5456//5456 5360//5360
f 5360//5360 5456//5456 5457//5457 5361//5361
f 5361//5361 5457//5457 5458//5458 5362//5362
f 5362//5362 5458//5458 5459//5459 5363//5363
f 5363//5363 5459//5459 5460//5460 5364//5364
f 5364//5364 5460//5460 5461//5461 5365//5365
f 5365//5365 5461//5461 5462//5462 5366//5366
f 5366//5366 5462//5462 5463//5463 5367//5367
f 5367//5367 5463//5463 5464//5464 5368//5368
f 5368//5368 5464//5464 5465//5465 5369//5369
f 5369//5369 5465//5465 5466//5466 5370//5370
f 5370//5370 5466//5466 5467//5467 5371//5371
f 5371//5371 5467//5467 5468//5468 5372//5372
f 5372//5372 5468//5468 5469//5469 5373//5373
f 5373//5373 5469//5469 5470//5470 5374//5374
f 5374//5374 5470//5470 5471//5471 5375//5375
f 5375//5375 5471//5471 5472//5472 5376//5376
f 5376//5376 5472//5472 5473//5473 5377//5377
f 5377//5377 5473//5473 5378//5378 5282//5282
f 5378//5378 5474//5474 5475//5475 5379//5379
f 5379//5379 5475//5475 5476//5476 5380//5380
f 5380//5380 5476//5476 5477//5477 5381//5381
f 5381//5381 5477//5477 5478//5478 5382//5382
f 5382//5382 5478//5478 5479//5479 5383//5383
f 5383//5383 5479//5479 5480//5480 5384//5384
f 5384//5384 5480//5480 5481//5481 5385//5385
f 5385//5385 5481//5481 5482//5482 5386//5386
f 5386//5386 5482//5482 5483//5483 5387//5387
f 5387//5387 5483//5483 5484//5484 5388//5388
f 5388//5388 5484//5484 5485//5485 5389//5389
f 5389//5389 5485//5485 5486//5486 5390//5390
f 5390//5390 5486//5486 5487//5487 5391//5391
f 5391//5391 5487//5487 5488//5488 5392//5392
f 5392//5392 5488//5488 5489//5489 5393//5393
f 5393//5393 5489//5489 5490//5490 5394//5394
f 5394//5394 5490//5490 5491//5491 5395//5395
f 5395//5395 5491//5491 5492//5492 5396//5396
f 5396//5396 5492//5492 5493//5493 5397//5397
f 5397//5397 5493//5493 5494//5494 5398//5398
f 5398//5398 5494//5494 5495//5495 5399//5399
f 5399//5399 5495//5495 5496//5496 5400//5400
f 5400//5400 5496//5496 5497//5497 5401//5401
f 5401//5401 5497//5497 5498//5498 5402//5402
f 5402//5402 5498//5498 5499//5499 5403//5403
f 5403//5403 5499//5499 5500//5500 5404//5404
f 5404//5404 5500//5500 5501//5501 5405//5405
f 5405//5405 5501//5501 5502//5502 5406//5406
f 5406//5406 5502//5502 5503//5503 5407//5407
f 5407//5407 5503//5503 5504//5504 5408//5408
f 5408//5408 5504//5504 5505//5505 5409//5409
f 5409//5409 5505//5505 5506//5506 5410//5410
f 5410//5410 5506//5506 5507//5507 5411//5411
f 5411//5411 5507//5507 5508//5508 5412//5412
f 5412//5412 5508//5508 5509//5509 5413//5413
f 5413//5413 5509//5509 5510//5510 5414//5414
f 5414//5414 5510//5510 5511//5511 5415//5415
f 5415//5415 5511//5511 5512//5512 5416//5416
f 5416//5416 5512//5512 5513//5513 5417//5417
f 5417//5417 5513//5513 5514//5514 5418//5418
f 5418//5418 5514//5514 5515//5515 5419//5419
f 5419//5419 5515//5515 5516//5516 5420//5420
f 5420//5420 5516//5516 5517//5517 5421//5421
f 5421//5421 5517//5517 5518//5518 5422//5422
f 5422//5422 5518//5518 5519//5519 5423//5423
f 5423//5423 5519//5519 5520//5520 5424//5424
f 5424//5424 5520//5520 5521//5521 5425//5425
f 5425//5425 5521//5521 5522//5522 5426//5426
f 5426//5426 5522//5522 5523//5523 5427//5427
f 5427//5427 5523//5523 5524//5524 5428//5428
f 5428//5428 5524//5524 5525//5525 5429//5429
f 5429//5429 5525//5525 5526//5526 5430//5430
f 5430//5430 5526//5526 5527//5527 5431//5431
f 5431//5431 5527//5527 5528//5528 5432//5432
f 5432//5432 5528//5528 5529//5529 5433//5433
f 5433//5433 5529//5529 5530//5530 5434//5434
f 5434//5434 5530//5530 5531//5531 5435//5435
f 5435//5435 5531//5531 5532//5532 5436//5436
f 5436//5436 5532//5532 5533//5533 5437//5437
f 5437//5437 5533//5533 5534//5534 5438//5438
f 5438//5438 5534//5534 5535//5535 5439//5439
f 5439//5439 5535//5535 5536//5536 5440//5440
f 5440//5440 5536//5536 5537//5537 5441//5441
f 5441//5441 5537//5537 5538//5538 5442//5442
f 5442//5442 5538//5538 5539//5539 5443//5443
f 5443//5443 5539//5539 5540//5540 5444//5444
f 5444//5444 5540//5540 5541//5541 5445//5445
f 5445//5445 5541//5541 5542//5542 5446//5446
f 5446//5446 5542//5542 5543//5543 5447//5447
f 5447//5447 5543//5543 5544//5544 5448//5448
f 5448//5448 5544//5544 5545//5545 5449//5449
f 5449//5449 5545//5545 5546//5546 5450//5450
f 5450//5450 5546//5546 5547//5547 5451//5451
f 5451//5451 5547//5547 5548//5548 5452//5452
f 5452//5452 5548//5548 5549//5549 5453//5453
f 5453//5453 5549//5549 5550//5550 5454//5454
f 5454//5454 5550//5550 5551//5551 5455//5455
f 5455//5455 5551//5551 5552//5552 5456//5456
f 5456//5456 5552//5552 5553//5553 5457//5457
f 5457//5457 5553//5553 5554//5554 5458//5458
f 5458//5458 5554//5554 5555//5555 5459//5459
f 5459//5459 5555//5555 5556//5556 5460//5460
f 5460//5460 5556//5556 5557//5557 5461//5461
f 5461//5461 5557//5557 5558//5558 5462//5462
f 5462//5462 5558//5558 5559//5559 5463//5463
f 5463//5463 5559//5559 5560//5560 5464//5464
f 5464//5464 5560//5560 5561//5561 5465//5465
f 5465//5465 5561//5561 5562//5562 5466//5466
f 5466//5466 5562//5562 5563//5563 5467//5467
f 5467//5467 5563//5563 5564//5564 5468//5468
f 5468//5468 5564//5564 5565//5565 5469//5469
f 5469//5469 5565//5565 5566//5566 5470//5470
f 5470//5470 5566//5566 5567//5567 5471//5471
f 5471//5471 5567//5567 5568//5568 5472//5472
f 5472//5472 5568//5568 5569//5569 5473//5473
f 5473//5473 5569//5569 5474//5474 5378//5378
f 5474//5474 5570//5570 5571//5571 5475//5475
f 5475//5475 5571//5571 5572//5572 5476//5476
f 5476//5476 5572//5572 5573//5573 5477//5477
f 5477//5477 5573//5573 5574//5574 5478//5478
f 5478//5478 5574//5574 5575//5575 5479//5479
f 5479//5479 5575//5575 5576//5576 5480//5480
f 5480//5480 5576//5576 5577//5577 5481//5481
f 5481//5481 5577//5577 5578//5578 5482//5482
f 5482//5482 5578//5578 5579//5579 5483//5483
f 5483//5483 5579//5579 5580//5580 5484//5484
f 5484//5484 5580//5580 5581//5581 5485//5485
f 5485//5485 5581//5581 5582//5582 5486//5486
f 5486//5486 5582//5582 5583//5583 5487//5487
f 5487//5487 5583//5583 5584//5584 5488//5488
f 5488//5488 5584//5584 5585//5585 5489//5489
f 5489//5489 5585//5585 5586//5586 5490//5490
f 5490//5490 5586//5586 5587//5587 5491//5491
f 5491//5491 5587//5587 5588//5588 5492//5492
f 5492//5492 5588//5588 5589//5589 5493//5493
f 5493//5493 5589//5589 5590//5590 5494//5494
f 5494//5494 5590//5590 5591//5591 5495//5495
f 5495//5495 5591//5591 5592//5592 5496//5496
f 5496//5496 5592//5592 5593//5593 5497//5497
f 5497//5497 5593//5593 5594//5594 5498//5498
f 5498//5498 5594//5594 5595//5595 5499//5499
f 5499//5499 5595//5595 5596//5596 5500//5500
f 5500//5500 5596//5596 5597//5597 5501//5501
f 5501//5501 5597//5597 5598//5598 5502//5502
f 5502//5502 5598//5598 5599//5599 5503//5503
f 5503//5503 5599//5599 5600//5600 5504//5504
f 5504//5504 5600//5600 5601//5601 5505//5505
f 5505//5505 5601//5601 5602//5602 5506//5506
f 5506//5506 5602//5602 5603//5603 5507//5507
f 5507//5507 5603//5603 5604//5604 5508//5508
f 5508//5508 5604//5604 5605//5605 5509//5509
f 5509//5509 5605//5605 5606//5606 5510//5510
f 5510//5510 5606//5606 5607//5607 5511//5511
f 5511//5511 5607//5607 5608//5608 5512//5512
f 5512//5512 5608//5608 5609//5609 5513//5513
f 5513//5513 5609//5609 5610//5610 5514//5514
f 5514//5514 5610//5610 5611//5611 5515//5515
f 5515//5515 5611//5611 5612//5612 5516//5516
f 5516//5516 5612//5612 5613//5613 5517//5517
f 5517//5517 5613//5613 5614//5614 5518//5518
f 5518//5518 5614//5614 5615//5615 5519//5519
f 5519//5519 5615//5615 5616//5616 5520//5520
f 5520//5520 5616//5616 5617//5617 5521//5521
f 5521//5521 5617//5617 5618//5618 5522//5522
f 5522//5522 5618//5618 5619//5619 5523//5523
f 5523//5523 5619//5619 5620//5620 5524//5524
f 5524//5524 5620//5620 5621//5621 5525//5525
f 5525//5525 5621//5621 5622//5622 5526//5526
f 5526//5526 5622//5622 5623//5623 5527//5527
f 5527//5527 5623//5623 5624//5624 5528//5528
f 5528//5528 5624//5624 5625//5625 5529//5529
f 5529//5529 5625//5625 5626//5626 5530//5530
f 5530//5530 5626//5626 5627//5627 5531//5531
f 5531//5531 5627//5627 5628//5628 5532//5532
f 5532//5532 5628//5628 5629//5629 5533//5533
f 5533//5533 5629//5629 5630//5630 5534//5534
f 5534//5534 5630//5630 5631//5631 5535//5535
f 5535//5535 5631//5631 5632//5632 5536//5536
f 5536//5536 5632//5632 5633//5633 5537//5537
f 5537//5537 5633//5633 5634//5634 5538//5538
f 5538//5538 5634//5634 5635//5635 5539//5539
f 5539//5539 5635//5635 5636//5636 5540//5540
f 5540//5540 5636//5636 5637//5637 5541//5541
f 5541//5541 5637//5637 5638//5638 5542//5542
f 5542//5542 5638//5638 5639//5639 5543//5543
f 5543//5543 5639//5639 5640//5640 5544//5544
f 5544//5544 5640//5640 5641//5641 5545//5545
f 5545//5545 5641//5641 5642//5642 5546//5546
f 5546//5546 5642//5642 5643//5643 5547//5547
f 5547//5547 5643//5643 5644//5644 5548//5548
f 5548//5548 5644//5644 5645//5645 5549//5549
f 5549//5549 5645//5645 5646//5646 5550//5550
f 5550//5550 5646//5646 5647//5647 5551//5551
f 5551//5551 5647//5647 5648//5648 5552//5552
f 5552//5552 5648//5648 5649//5649 5553//5553
f 5553//5553 5649//5649 5650//5650 5554//5554
f 5554//5554 5650//5650 5651//5651 5555//5555
f 5555//5555 5651//5651 5652//5652 5556//5556
f 5556//5556 5652//5652 5653//5653 5557//5557
f 5557//5557 5653//5653 5654//5654 5558//5558
f 5558//5558 5654//5654 5655//5655 5559//5559
f 5559//5559 5655//5655 5656//5656 5560//5560
f 5560//5560 5656//5656 5657//5657 5561//5561
f 5561//5561 5657//5657 5658//5658 5562//5562
f 5562//5562 5658//5658 5659//5659 5563//5563
f 5563//5563 5659//5659 5660//5660 5564//5564
f 5564//5564 5660//5660 5661//5661 5565//5565
f 5565//5565 5661//5661 5662//5662 5566//5566
f 5566//5566 5662//5662 5663//5663 5567//5567
f 5567//5567 5663//5663 5664//5664 5568//5568
f 5568//5568 5664//5664 5665//5665 5569//5569
f 5569//5569 5665//5665 5570//5570 5474//5474
f 5570//5570 5666//5666 5667//5667 5571//5571
f 5571//5571 5667//5667 5668//5668 5572//5572
f 5572//5572 5668//5668 5669//5669 5573//5573
f 5573//5573 5669//5669 5670//5670 5574//5574
f 5574//5574 5670//5670 5671//5671 5575//5575
f 5575//5575 5671//5671 5672//5672 5576//5576
f 5576//5576 5672//5672 5673//5673 5577//5577
f 5577//5577 5673//5673 5674//5674 5578//5578
f 5578//5578 5674//5674 5675//5675 5579//5579
f 5579//5579 5675//5675 5676//5676 5580//5580
f 5580//5580 5676//5676 5677//5677 5581//5581
f 5581//5581 5677//5677 5678//5678 5582//5582
f 5582//5582 5678//5678 5679//5679 5583//5583
f 5583//5583 5679//5679 5680//5680 5584//5584
f 5584//5584 5680//5680 5681//5681 5585//5585
f 5585//5585 5681//5681 5682//5682 5586//5586
f 5586//5586 5682//5682 5683//5683 5587//5587
f 5587//5587 5683//5683 5684//5684 5588//5588
f 5588//5588 5684//5684 5685//5685 5589//5589
f 5589//5589 5685//5685 5686//5686 5590//5590
f 5590//5590 5686//5686 5687//5687 5591//5591
f 5591//5591 5687//5687 5688//5688 5592//5592
f 5592//5592 5688//5688 5689//5689 5593//5593
f 5593//5593 5689//5689 5690//5690 5594//5594
f 5594//5594 5690//5690 5691//5691 5595//5595
f 5595//5595 5691//5691 5692//5692 5596//5596
f 5596//5596 5692//5692 5693//5693 5597//5597
f 5597//5597 5693//5693 5694//5694 5598//5598
f 5598//5598 5694//5694 5695//5695 5599//5599
f 5599//5599 5695//5695 5696//5696 5600//5600
f 5600//5600 5696//5696 5697//5697 5601//5601
f 5601//5601 5697//5697 5698//5698 5602//5602
f 5602//5602 5698//5698 5699//5699 5603//5603
f 5603//5603 5699//5699 5700//5700 5604//5604
f 5604//5604 5700//5700 5701//5701 5605//5605
f 5605//5605 5701//5701 5702//5702 5606//5606
f 5606//5606 5702//5702 5703//5703 5607//5607
f 5607//5607 5703//5703 5704//5704 5608//5608
f 5608//5608 5704//5704 5705//5705 5609//5609
f 5609//5609 5705//5705 5706//5706 5610//5610
f 5610//5610 5706//5706 5707//5707 5611//5611
f 5611//5611 5707//5707 5708//5708 5612//5612
f 5612//5612 5708//5708 5709//5709 5613//5613
f 5613//5613 5709//5709 5710//5710 5614//5614
f 5614//5614 5710//5710 5711//5711 5615//5615
f 5615//5615 5711//5711 5712//5712 5616//5616
f 5616//5616 5712//5712 5713//5713 5617//5617
f 5617//5617 5713//5713 5714//5714 5618//5618
f 5618//5618 5714//5714 5715//5715 5619//5619
f 5619//5619 5715//5715 5716//5716 5620//5620
f 5620//5620 5716//5716 5717//5717 5621//5621
f 5621//5621 5717//5717 5718//5718 5622//5622
f 5622//5622 5718//5718 5719//5719 5623//5623
f 5623//5623 5719//5719 5720//5720 5624//5624
f 5624//5624 5720//5720 5721//5721 5625//5625
f 5625//5625 5721//5721 5722//5722 5626//5626
f 5626//5626 5722//5722 5723//5723 5627//5627
f 5627//5627 5723//5723 5724//5724 5628//5628
f 5628//5628 5724//5724 5725//5725 5629//5629
f 5629//5629 5725//5725 5726//5726 5630//5630
f 5630//5630 5726//5726 5727//5727 5631//5631
f 5631//5631 5727//5727 5728//5728 5632//5632
f 5632//5632 5728//5728 5729//5729 5633//5633
f 5633//5633 5729//5729 5730//5730 5634//5634
f 5634//5634 5730//5730 5731//5731 5635//5635
f 5635//5635 5731//5731 5732//5732 5636//5636
f 5636//5636 5732//5732 5733//5733 5637//5637
f 5637//5637 5733//5733 5734//5734 5638//5638
f 5638//5638 5734//5734 5735//5735 5639//5639
f 5639//5639 5735//5735 5736//5736 5640//5640
f 5640//5640 5736//5736 5737//5737 5641//5641
f 5641//5641 5737//5737 5738//5738 5642//5642
f 5642//5642 5738//5738 5739//5739 5643//5643
f 5643//5643 5739//5739 5740//5740 5644//5644
f 5644//5644 5740//5740 5741//5741 5645//5645
f 5645//5645 5741//5741 5742//5742 5646//5646
f 5646//5646 5742//5742 5743//5743 5647//5647
f 5647//5647 5743//5743 5744//5744 5648//5648
f 5648//5648 5744//5744 5745//5745 5649//5649
f 5649//5649 5745//5745 5746//5746 5650//5650
f 5650//5650 5746//5746 5747//5747 5651//5651
f 5651//5651 5747//5747 5748//5748 5652//5652
f 5652//5652 5748//5748 5749//5749 5653//5653
f 5653//5653 5749//5749 5750//5750 5654//5654
f 5654//5654 5750//5750 5751//5751 5655//5655
f 5655//5655 5751//5751 5752//5752 5656//5656
f 5656//5656 5752//5752 5753//5753 5657//5657
f 5657//5657 5753//5753 5754//5754 5658//5658
f 5658//5658 5754//5754 5755//5755 5659//5659
f 5659//5659 5755//5755 5756//5756 5660//5660
f 5660//5660 5756//5756 5757//5757 5661//5661
f 5661//5661 5757//5757 5758//5758 5662//5662
f 5662//5662 5758//5758 5759//5759 5663//5663
f 5663//5663 5759//5759 5760//5760 5664//5664
f 5664//5664 5760//5760 5761//5761 5665//5665
f 5665//5665 5761//5761 5666//5666 5570//5570
f 5666//5666 5762//5762 5763//5763 5667//5667
f 5667//5667 5763//5763 5764//5764 5668//5668
f 5668//5668 5764//5764 5765//5765 5669//5669
f 5669//5669 5765//5765 5766//5766 5670//5670
f 5670//5670 5766//5766 5767//5767 5671//5671
f 5671//5671 5767//5767 5768//5768 5672//5672
f 5672//5672 5768//5768 5769//5769 5673//5673
f 5673//5673 5769//5769 5770//5770 5674//5674
f 5674//5674 5770//5770 5771//5771 5675//5675
f 5675//5675 5771//5771 5772//5772 5676//5676
f 5676//5676 5772//5772 5773//5773 5677//5677
f 5677//5677 5773//5773 5774//5774 5678//5678
f 5678//5678 5774//5774 5775//5775 5679//5679
f 5679//5679 5775//5775 5776//5776 5680//5680
f 5680//5680 5776//5776 5777//5777 5681//5681
f 5681//5681 5777//5777 5778//5778 5682//5682
f 5682//5682 5778//5778 5779//5779 5683//5683
f 5683//5683 5779//5779 5780//5780 5684//5684
f 5684//5684 5780//5780 5781//5781 5685//5685
f 5685//5685 5781//5781 5782//5782 5686//5686
f 5686//5686 5782//5782 5783//5783 5687//5687
f 5687//5687 5783//5783 5784//5784 5688//5688
f 5688//5688 5784//5784 5785//5785 5689//5689
f 5689//5689 5785//5785 5786//5786 5690//5690
f 5690//5690 5786//5786 5787//5787 5691//5691
f 5691//5691 5787//5787 5788//5788 5692//5692
f 5692//5692 5788//5788 5789//5789 5693//5693
f 5693//5693 5789//5789 5790//5790 5694//5694
f 5694//5694 5790//5790 5791//5791 5695//5695
f 5695//5695 5791//5791 5792//5792 5696//5696
f 5696//5696 5792//5792 5793//5793 5697//5697
f 5697//5697 5793//5793 5794//5794 5698//5698
f 5698//5698 5794//5794 5795//5795 5699//5699
f 5699//5699 5795//5795 5796//5796 5700//5700
f 5700//5700 5796//5796 5797//5797 5701//5701
f 5701//5701 5797//5797 5798//5798 5702//5702
f 5702//5702 5798//5798 5799//5799 5703//5703
f 5703//5703 5799//5799 5800//5800 5704//5704
f 5704//5704 5800//5800 5801//5801 5705//5705
f 5705//5705 5801//5801 5802//5802 5706//5706
f 5706//5706 5802//5802 5803//5803 5707//5707
f 5707//5707 5803//5803 5804//5804 5708//5708
f 5708//5708 5804//5804 5805//5805 5709//5709
f 5709//5709 5805//5805 5806//5806 5710//5710
f 5710//5710 5806//5806 5807//5807 5711//5711
f 5711//5711 5807//5807 5808//5808 5712//5712
f 5712//5712 5808//5808 5809//5809 5713//5713
f 5713//5713 5809//5809 5810//5810 5714//5714
f 5714//5714 5810//5810 5811//5811 5715//5715
f 5715//5715 5811//5811 5812//5812 5716//5716
f 5716//5716 5812//5812 5813//5813 5717//5717
f 5717//5717 5813//5813 5814//5814 5718//5718
f 5718//5718 5814//5814 5815//5815 5719//5719
f 5719//5719 5815//5815 5816//5816 5720//5720
f 5720//5720 5816//5816 5817//5817 5721//5721
f 5721//5721 5817//5817 5818//5818 5722//5722
f 5722//5722 5818//5818 5819//5819 5723//5723
f 5723//5723 5819//5819 5820//5820 5724//5724
f 5724//5724 5820//5820 5821//5821 5725//5725
f 5725//5725 5821//5821 5822//5822 5726//5726
f 5726//5726 5822//5822 5823//5823 5727//5727
f 5727//5727 5823//5823 5824//5824 5728//5728
f 5728//5728 5824//5824 5825//5825 5729//5729
f 5729//5729 5825//5825 5826//5826 5730//5730
f 5730//5730 5826//5826 5827//5827 5731//5731
f 5731//5731 5827//5827 5828//5828 5732//5732
f 5732//5732 5828//5828 5829//5829 5733//5733
f 5733//5733 5829//5829 5830//5830 5734//5734
f 5734//5734 5830//5830 5831//5831 5735//5735
f 5735//5735 5831//5831 5832//5832 5736//5736
f 5736//5736 5832//5832 5833//5833 5737//5737
f 5737//5737 5833//5833 5834//5834 5738//5738
f 5738//5738 5834//5834 5835//5835 5739//5739
f 5739//5739 5835//5835 5836//5836 5740//5740
f 5740//5740 5836//5836 5837//5837 5741//5741
f 5741//5741 5837//5837 5838//5838 5742//5742
f 5742//5742 5838//5838 5839//5839 5743//5743
f 5743//5743 5839//5839 5840//5840 5744//5744
f 5744//5744 5840//5840 5841//5841 5745//5745
f 5745//5745 5841//5841 5842//5842 5746//5746
f 5746//5746 5842//5842 5843//5843 5747//5747
f 5747//5747 5843//5843 5844//5844 5748//5748
f 5748//5748 5844//5844 5845//5845 5749//5749
f 5749//5749 5845//5845 5846//5846 5750//5750
f 5750//5750 5846//5846 5847//5847 5751//5751
f 5751//5751 5847//5847 5848//5848 5752//5752
f 5752//5752 5848//5848 5849//5849 5753//5753
f 5753//5753 5849//5849 5850//5850 5754//5754
f 5754//5754 5850//5850 5851//5851 5755//5755
f 5755//5755 5851//5851 5852//5852 5756//5756
f 5756//5756 5852//5852 5853//5853 5757//5757
f 5757//5757 5853//5853 5854//5854 5758//5758
f 5758//5758 5854//5854 5855//5855 5759//5759
f 5759//5759 5855//5855 5856//5856 5760//5760
f 5760//5760 5856//5856 5857//5857 5761//5761
f 5761//5761 5857//5857 5762//5762 5666//5666
f 5762//5762 5858//5858 5859//5859 5763//5763
f 5763//5763 5859//5859 5860//5860 5764//5764
f 5764//5764 5860//5860 5861//5861 5765//5765
f 5765//5765 5861//5861 5862//5862 5766//5766
f 5766//5766 5862//5862 5863//5863 5767//5767
f 5767//5767 5863//5863 5864//5864 5768//5768
f 5768//5768 5864//5864 5865//5865 5769//5769
f 5769//5769 5865//5865 5866//5866 5770//5770
f 5770//5770 5866//5866 5867//5867 5771//5771
f 5771//5771 5867//5867 5868//5868 5772//5772
f 5772//5772 5868//5868 5869//5869 5773//5773
f 5773//5773 5869//5869 5870//5870 5774//5774
f 5774//5774 5870//5870 5871//5871 5775//5775
f 5775//5775 5871//5871 5872//5872 5776//5776
f 5776//5776 5872//5872 5873//5873 5777//5777
f 5777//5777 5873//5873 5874//5874 5778//5778
f 5778//5778 5874//5874 5875//5875 5779//5779
f 5779//5779 5875//5875 5876//5876 5780//5780
f 5780//5780 5876//5876 5877//5877 5781//5781
f 5781//5781 5877//5877 5878//5878 5782//5782
f 5782//5782 5878//5878 5879//5879 5783//5783
f 5783//5783 5879//5879 5880//5880 5784//5784
f 5784//5784 5880//5880 5881//5881 5785//5785
f 5785//5785 5881//5881 5882//5882 5786//5786
f 5786//5786 5882//5882 5883//5883 5787//5787
f 5787//5787 5883//5883 5884//5884 5788//5788
f 5788//5788 5884//5884 5885//5885 5789//5789
f 5789//5789 5885//5885 5886//5886 5790//5790
f 5790//5790 5886//5886 5887//5887 5791//5791
f 5791//5791 5887//5887 5888//5888 5792//5792
f 5792//5792 5888//5888 5889//5889 5793//5793
f 5793//5793 5889//5889 5890//5890 5794//5794
f 5794//5794 5890//5890 5891//5891 5795//5795
f 5795//5795 5891//5891 5892//5892 5796//5796
f 5796//5796 5892//5892 5893//5893 5797//5797
f 5797//5797 5893//5893 5894//5894 5798//5798
f 5798//5798 5894//5894 5895//5895 5799//5799
f 5799//5799 5895//5895 5896//5896 5800//5800
f 5800//5800 5896//5896 5897//5897 5801//5801
f 5801//5801 5897//5897 5898//5898 5802//5802
f 5802//5802 5898//5898 5899//5899 5803//5803
f 5803//5803 5899//5899 5900//5900 5804//5804
f 5804//5804 5900//5900 5901//5901 5805//5805
f 5805//5805 5901//5901 5902//5902 5806//5806
f 5806//5806 5902//5902 5903//5903 5807//5807
f 5807//5807 5903//5903 5904//5904 5808//5808
f 5808//5808 5904//5904 5905//5905 5809//5809
f 5809//5809 5905//5905 5906//5906 5810//5810
f 5810//5810 5906//5906 5907//5907 5811//5811
f 5811//5811 5907//5907 5908//5908 5812//5812
f 5812//5812 5908//5908 5909//5909 5813//5813
f 5813//5813 5909//5909 5910//5910 5814//5814
f 5814//5814 5910//5910 5911//5911 5815//5815
f 5815//5815 5911//5911 5912//5912 5816//5816
f 5816//5816 5912//5912 5913//5913 5817//5817
f 5817//5817 5913//5913 5914//5914 5818//5818
f 5818//5818 5914//5914 5915//5915 5819//5819
f 5819//5819 5915//5915 5916//5916 5820//5820
f 5820//5820 5916//5916 5917//5917 5821//5821
f 5821//5821 5917//5917 5918//5918 5822//5822
f 5822//5822 5918//5918 5919//5919 5823//5823
f 5823//5823 5919//5919 5920//5920 5824//5824
f 5824//5824 5920//5920 5921//5921 5825//5825
f 5825//5825 5921//5921 5922//5922 5826//5826
f 5826//5826 5922//5922 5923//5923 5827//5827
f 5827//5827 5923//5923 5924//5924 5828//5828
f 5828//5828 5924//5924 5925//5925 5829//5829
f 5829//5829 5925//5925 5926//5926 5830//5830
f 5830//5830 5926//5926 5927//5927 5831//5831
f 5831//5831 5927//5927 5928//5928 5832//5832
f 5832//5832 5928//5928 5929//5929 5833//5833
f 5833//5833 5929//5929 5930//5930 5834//5834
f 5834//5834 5930//5930 5931//5931 5835//5835
f 5835//5835 5931//5931 5932//5932 5836//5836
f 5836//5836 5932//5932 5933//5933 5837//5837
f 5837//5837 5933//5933 5934//5934 5838//5838
f 5838//5838 5934//5934 5935//5935 5839//5839
f 5839//5839 5935//5935 5936//5936 5840//5840
f 5840//5840 5936//5936 5937//5937 5841//5841
f 5841//5841 5937//5937 5938//5938 5842//5842
f 5842//5842 5938//5938 5939//5939 5843//5843
f 5843//5843 5939//5939 5940//5940 5844//5844
f 5844//5844 5940//5940 5941//5941 5845//5845
f 5845//5845 5941//5941 5942//5942 5846//5846
f 5846//5846 5942//5942 5943//5943 5847//5847
f 5847//5847 5943//5943 5944//5944 5848//5848
f 5848//5848 5944//5944 5945//5945 5849//5849
f 5849//5849 5945//5945 5946//5946 5850//5850
f 5850//5850 5946//5946 5947//5947 5851//5851
f 5851//5851 5947//5947 5948//5948 5852//5852
f 5852//5852 5948//5948 5949//5949 5853//5853
f 5853//5853 5949//5949 5950//5950 5854//5854
f 5854//5854 5950//5950 5951//5951 5855//5855
f 5855//5855 5951//5951 5952//5952 5856//5856
f 5856//5856 5952//5952 5953//5953 5857//5857
f 5857//5857 5953//5953 5858//5858 5762//5762
f 5858//5858 5954//5954 5955//5955 5859//5859
f 5859//5859 5955//5955 5956//5956 5860//5860
f 5860//5860 5956//5956 5957//5957 5861//5861
f 5861//5861 5957//5957 5958//5958 5862//5862
f 5862//5862 5958//5958 5959//5959 5863//5863
f 5863//5863 5959//5959 5960//5960 5864//5864
f 5864//5864 5960//5960 5961//5961 5865//5865
f 5865//5865 5961//5961 5962//5962 5866//5866
f 5866//5866 5962//5962 5963//5963 5867//5867
f 5867//5867 5963//5963 5964//5964 5868//5868
f 5868//5868 5964//5964 5965//5965 5869//5869
f 5869//5869 5965//5965 5966//5966 5870//5870
f 5870//5870 5966//5966 5967//5967 5871//5871
f 5871//5871 5967//5967 5968//5968 5872//5872
f 5872//5872 5968//5968 5969//5969 5873//5873
f 5873//5873 5969//5969 5970//5970 5874//5874
f 5874//5874 5970//5970 5971//5971 5875//5875
f 5875//5875 5971//5971 5972//5972 5876//5876
f 5876//5876 5972//5972 5973//5973 5877//5877
f 5877//5877 5973//5973 5974//5974 5878//5878
f 5878//5878 5974//5974 5975//5975 5879//5879
f 5879//5879 5975//5975 5976//5976 5880//5880
f 5880//5880 5976//5976 5977//5977 5881//5881
f 5881//5881 5977//5977 5978//5978 5882//5882
f 5882//5882 5978//5978 5979//5979 5883//5883
f 5883//5883 5979//5979 5980//5980 5884//5884
f 5884//5884 5980//5980 5981//5981 5885//5885
f 5885//5885 5981//5981 5982//5982 5886//5886
f 5886//5886 5982//5982 5983//5983 5887//5887
f 5887//5887 5983//5983 5984//5984 5888//5888
f 5888//5888 5984//5984 5985//5985 5889//5889
f 5889//5889 5985//5985 5986//5986 5890//5890
f 5890//5890 5986//5986 5987//5987 5891//5891
f 5891//5891 5987//5987 5988//5988 5892//5892
f 5892//5892 5988//5988 5989//5989 5893//5893
f 5893//5893 5989//5989 5990//5990 5894//5894
f 5894//5894 5990//5990 5991//5991 5895//5895
f 5895//5895 5991//5991 5992//5992 5896//5896
f 5896//5896 5992//5992 5993//5993 5897//5897
f 5897//5897 5993//5993 5994//5994 5898//5898
f 5898//5898 5994//5994 5995//5995 5899//5899
f 5899//5899 5995//5995 5996//5996 5900//5900
f 5900//5900 5996//5996 5997//5997 5901//5901
f 5901//5901 5997//5997 5998//5998 5902//5902
f 5902//5902 5998//5998 5999//5999 5903//5903
f 5903//5903 5999//5999 6000//6000 5904//5904
f 5904//5904 6000//6000 6001//6001 5905//5905
f 5905//5905 6001//6001 6002//6002 5906//5906
f 5906//5906 6002//6002 6003//6003 5907//5907
f 5907//5907 6003//6003 6004//6004 5908//5908
f 5908//5908 6004//6004 6005//6005 5909//5909
f 5909//5909 6005//6005 6006//6006 5910//5910
f 5910//5910 6006//6006 6007//6007 5911//5911
f 5911//5911 6007//6007 6008//6008 5912//5912
f 5912//5912 6008//6008 6009//6009 5913//5913
f 5913//5913 6009//6009 6010//6010 5914//5914
f 5914//5914 6010//6010 6011//6011 5915//5915
f 5915//5915 6011//6011 6012//6012 5916//5916
f 5916//5916 6012//6012 6013//6013 5917//5917
f 5917//5917 6013//6013 6014//6014 5918//5918
f 5918//5918 6014//6014 6015//6015 5919//5919
f 5919//5919 6015//6015 6016//6016 5920//5920
f 5920//5920 6016//6016 6017//6017 5921//5921
f 5921//5921 6017//6017 6018//6018 5922//5922
f 5922//5922 6018//6018 6019//6019 5923//5923
f 5923//5923 6019//6019 6020//6020 5924//5924
f 5924//5924 6020//6020 6021//6021 5925//5925
f 5925//5925 6021//6021 6022//6022 5926//5926
f 5926//5926 6022//6022 6023//6023 5927//5927
f 5927//5927 6023//6023 6024//6024 5928//5928
f 5928//5928 6024//6024 6025//6025 5929//5929
f 5929//5929 6025//6025 6026//6026 5930//5930
f 5930//5930 6026//6026 6027//6027 5931//5931
f 5931//5931 6027//6027 6028//6028 5932//5932
f 5932//5932 6028//6028 6029//6029 5933//5933
f 5933//5933 6029//6029 6030//6030 5934//5934
f 5934//5934 6030//6030 6031//6031 5935//5935
f 5935//5935 6031//6031 6032//6032 5936//5936
f 5936//5936 6032//6032 6033//6033 5937//5937
f 5937//5937 6033//6033 6034//6034 5938//5938
f 5938//5938 6034//6034 6035//6035 5939//5939
f 5939//5939 6035//6035 6036//6036 5940//5940
f 5940//5940 6036//6036 6037//6037 5941//5941
f 5941//5941 6037//6037 6038//6038 5942//5942
f 5942//5942 6038//6038 6039//6039 5943//5943
f 5943//5943 6039//6039 6040//6040 5944//5944
f 5944//5944 6040//6040 6041//6041 5945//5945
f 5945//5945 6041//6041 6042//6042 5946//5946
f 5946//5946 6042//6042 6043//6043 5947//5947
f 5947//5947 6043//6043 6044//6044 5948//5948
f 5948//5948 6044//6044 6045//6045 5949//5949
f 5949//5949 6045//6045 6046//6046 5950//5950
f 5950//5950 6046//6046 6047//6047 5951//5951
f 5951//5951 6047//6047 6048//6048 5952//5952
f 5952//5952 6048//6048 6049//6049 5953//5953
f 5953//5953 6049//6049 5954//5954 5858//5858
f 5954//5954 6050//6050 5955//5955
f 5955//5955 6050//6050 5956//5956
f 5956//5956 6050//6050 5957//5957
f 5957//5957 6050//6050 5958//5958
f 5958//5958 6050//6050 5959//5959
f 5959//5959 6050//6050 5960//5960
f 5960//5960 6050//6050 5961//5961
f 5961//5961 6050//6050 5962//5962
f 5962//5962 6050//6050 5963//5963
f 5963//5963 6050//6050 5964//5964
f 5964//5964 6050//6050 5965//5965
f 5965//5965 6050//6050 5966//5966
f 5966//5966 6050//6050 5967//5967
f 5967//5967 6050//6050 5968//5968
f 5968//5968 6050//6050 5969//5969
f 5969//5969 6050//6050 5970//5970
f 5970//5970 6050//6050 5971//5971
f 5971//5971 6050//6050 5972//5972
f 5972//5972 6050//6050 5973//5973
f 5973//5973 6050//6050 5974//5974
f 5974//5974 6050//6050 5975//5975
f 5975//5975 6050//6050 5976//5976
f 5976//5976 6050//6050 5977//5977
f 5977//5977 6050//6050 5978//5978
f 5978//5978 6050//6050 5979//5979
f 5979//5979 6050//6050 5980//5980
f 5980//5980 6050//6050 5981//5981
f 5981//5981 6050//6050 5982//5982
f 5982//5982 6050//6050 5983//5983
f 5983//5983 6050//6050 5984//5984
f 5984//5984 6050//6050 5985//5985
f 5985//5985 6050//6050 5986//5986
f 5986//5986 6050//6050 5987//5987
f 5987//5987 6050//6050 5988//5988
f 5988//5988 6050//6050 5989//5989
f 5989//5989 6050//6050 5990//5990
f 5990//5990 6050//6050 5991//5991
f 5991//5991 6050//6050 5992//5992
f 5992//5992 6050//6050 5993//5993
f 5993//5993 6050//6050 5994//5994
f 5994//5994 6050//6050 5995//5995
f 5995//5995 6050//6050 5996//5996
f 5996//5996 6050//6050 5997//5997
f 5997//5997 6050//6050 5998//5998
f 5998//5998 6050//6050 5999//5999
f 5999//5999 6050//6050 6000//6000
f 6000//6000 6050//6050 6001//6001
f 6001//6001 6050//6050 6002//6002
f 6002//6002 6050//6050 6003//6003
f 6003//6003 6050//6050 6004//6004
f 6004//6004 6050//6050 6005//6005
f 6005//6005 6050//6050 6006//6006
f 6006//6006 6050//6050 6007//6007
f 6007//6007 6050//6050 6008//6008
f 6008//6008 6050//6050 6009//6009
f 6009//6009 6050//6050 6010//6010
f 6010//6010 6050//6050 6011//6011
f 6011//6011 6050//6050 6012//6012
f 6012//6012 6050//6050 6013//6013
f 6013//6013 6050//6050 6014//6014
f 6014//6014 6050//6050 6015//6015
f 6015//6015 6050//6050 6016//6016
f 6016//6016 6050//6050 6017//6017
f 6017//6017 6050//6050 6018//6018
f 6018//6018 6050//6050 6019//6019
f 6019//6019 6050//6050 6020//6020
f 6020//6020 6050//6050 6021//6021
f 6021//6021 6050//6050 6022//6022
f 6022//6022 6050//6050 6023//6023
f 6023//6023 6050//6050 6024//6024
f 6024//6024 6050//6050 6025//6025
f 6025//6025 6050//6050 6026//6026
f 6026//6026 6050//6050 6027//6027
f 6027//6027 6050//6050 6028//6028
f 6028//6028 6050//6050 6029//6029
f 6029//6029 6050//6050 6030//6030
f 6030//6030 6050//6050 6031//6031
f 6031//6031 6050//6050 6032//6032
f 6032//6032 6050//6050 6033//6033
f 6033//6033 6050//6050 6034//6034
f 6034//6034 6050//6050 6035//6035
f 6035//6035 6050//6050 6036//6036
f 6036//6036 6050//6050 6037//6037
f 6037//6037 6050//6050 6038//6038
f 6038//6038 6050//6050 6039//6039
f 6039//6039 6050//6050 6040//6040
f 6040//6040 6050//6050 6041//6041
f 6041//6041 6050//6050 6042//6042
f 6042//6042 6050//6050 6043//6043
f 6043//6043 6050//6050 6044//6044
f 6044//6044 6050//6050 6045//6045
f 6045//6045 6050//6050 6046//6046
f 6046//6046 6050//6050 6047//6047
f 6047//6047 6050//6050 6048//6048
f 6048//6048 6050//6050 6049//6049
f 6049//6049 6050//6050 5954//5954
