# Blender 4.5.4 LTS
# www.blender.org
o bean_insect
v -0.000837 0.000854 0.001549
v 0.001376 -0.000669 0.001521
v -0.000012 0.000051 0.001813
v 0.001401 -0.000593 0.001505
v 0.000228 0.000051 0.001812
v 0.001364 -0.000525 0.001499
v -0.000807 0.000945 0.001566
v 0.001307 -0.000474 0.001499
v 0.000228 0.000062 0.001825
v 0.001259 -0.000424 0.001498
v -0.000851 0.001027 0.001568
v 0.001201 -0.000389 0.001501
v -0.000918 0.001088 0.001564
v 0.001141 -0.000360 0.001504
v 0.000226 0.000073 0.001804
v 0.001083 -0.000308 0.001504
v 0.001011 -0.000274 0.001509
v 0.000223 0.000084 0.001807
v -0.000976 0.001147 0.001562
v 0.000939 -0.000308 0.001524
v 0.000885 -0.000360 0.001540
v 0.000219 0.000095 0.001807
v 0.000826 -0.000389 0.001553
v -0.001045 0.001190 0.001555
v 0.000215 0.000107 0.001830
v 0.000769 -0.000424 0.001567
v -0.001116 0.001224 0.001546
v 0.000723 -0.000474 0.001581
v -0.001184 0.001287 0.001542
v 0.000668 -0.000525 0.001597
v 0.000210 0.000117 0.001817
v 0.000634 -0.000593 0.001613
v 0.000663 -0.000669 0.001621
v 0.000203 0.000127 0.001812
v 0.000705 -0.000731 0.001625
v -0.001271 0.001328 0.001532
v 0.000711 -0.000797 0.001635
v -0.001355 0.001287 0.001512
v 0.000196 0.000138 0.001827
v 0.000723 -0.000869 0.001645
v 0.000766 -0.000927 0.001648
v -0.001420 0.001224 0.001493
v 0.000818 -0.000980 0.001649
v 0.000187 0.000147 0.001835
v -0.001490 0.001190 0.001476
v 0.000882 -0.001017 0.001646
v 0.000178 0.000157 0.001849
v 0.000960 -0.001005 0.001633
v 0.001026 -0.000985 0.001620
v 0.000168 0.000165 0.001831
v -0.001558 0.001147 0.001459
v 0.001094 -0.001005 0.001614
v 0.001172 -0.001017 0.001605
v 0.000157 0.000173 0.001849
v -0.001612 0.001088 0.001442
v 0.001235 -0.000980 0.001590
v 0.001284 -0.000927 0.001575
v 0.000146 0.000180 0.001864
v 0.001325 -0.000869 0.001560
v -0.001677 0.001027 0.001423
v 0.000134 0.000187 0.001867
v 0.001333 -0.000797 0.001547
v -0.001718 0.000945 0.001406
v 0.001337 -0.000731 0.001536
v 0.001488 -0.000556 0.002225
v 0.000121 0.000193 0.001866
v 0.001505 -0.000479 0.002210
v -0.001684 0.000854 0.001400
v 0.001456 -0.000415 0.002207
v -0.001634 0.000779 0.001400
v 0.001390 -0.000372 0.002209
v 0.000108 0.000198 0.001862
v 0.000094 0.000203 0.001895
v -0.001626 0.000700 0.001391
v 0.000080 0.000207 0.001888
v -0.001612 0.000614 0.001383
v 0.000065 0.000210 0.001887
v -0.001562 0.000544 0.001383
v 0.000050 0.000212 0.001884
v -0.001500 0.000480 0.001386
v 0.000035 0.000215 0.001899
v -0.001423 0.000436 0.001394
v 0.000019 0.000217 0.001917
v 0.000771 -0.000413 0.002303
v -0.001332 0.000450 0.001412
v 0.000750 -0.000483 0.002317
v 0.000003 0.000216 0.001894
v 0.000775 -0.000556 0.002325
v -0.001252 0.000474 0.001429
v 0.000808 -0.000617 0.002330
v -0.000012 0.000217 0.001900
v 0.000804 -0.000687 0.002342
v 0.000806 -0.000767 0.002355
v -0.001172 0.000450 0.001440
v -0.000028 0.000216 0.001902
v 0.000857 -0.000823 0.002356
v -0.001080 0.000436 0.001455
v 0.000924 -0.000857 0.002353
v -0.000044 0.000216 0.001922
v 0.000989 -0.000885 0.002348
v -0.001004 0.000480 0.001473
v 0.001060 -0.000886 0.002338
v -0.000946 0.000544 0.001492
v 0.001126 -0.000879 0.002328
v -0.000059 0.000214 0.001905
v 0.001196 -0.000905 0.002322
v -0.000898 0.000614 0.001509
v 0.001277 -0.000918 0.002313
v 0.001335 -0.000869 0.002297
v -0.000074 0.000211 0.001892
v 0.001370 -0.000801 0.002281
v -0.000089 0.000209 0.001907
v -0.000888 0.000700 0.001521
v 0.001408 -0.000745 0.002267
v 0.001436 -0.000685 0.002253
v -0.000884 0.000779 0.001532
v -0.000104 0.000206 0.001905
v 0.001452 -0.000622 0.002241
v -0.000966 0.000752 0.002369
v -0.000119 0.000202 0.001908
v -0.000132 0.000196 0.001881
v -0.000946 0.000844 0.002384
v -0.000146 0.000191 0.001890
v -0.001003 0.000921 0.002384
v -0.000159 0.000185 0.001897
v -0.001082 0.000973 0.002376
v -0.001130 0.001035 0.002376
v -0.000171 0.000178 0.001882
v -0.001181 0.001101 0.002375
v -0.000182 0.000171 0.001871
v -0.001251 0.001146 0.002368
v -0.000192 0.000163 0.001858
v -0.001327 0.001193 0.002361
v -0.000203 0.000155 0.001880
v -0.001414 0.001217 0.002348
v -0.000212 0.000146 0.001858
v -0.001496 0.001170 0.002328
v -0.000220 0.000136 0.001845
v -0.001558 0.001106 0.002309
v -0.000227 0.000126 0.001837
v -0.001633 0.001086 0.002293
v -0.000234 0.000116 0.001841
v -0.001718 0.001062 0.002275
v -0.000240 0.000106 0.001849
v -0.001776 0.000999 0.002257
v -0.000244 0.000094 0.001817
v -0.000248 0.000084 0.001820
v -0.001818 0.000923 0.002240
v -0.001842 0.000840 0.002226
v -0.000250 0.000073 0.001819
v -0.001813 0.000752 0.002220
v -0.000252 0.000062 0.001830
v -0.001773 0.000678 0.002218
v -0.000252 0.000051 0.001813
v -0.001779 0.000595 0.002206
v -0.000251 0.000040 0.001801
v -0.001776 0.000498 0.002195
v -0.000250 0.000029 0.001821
v -0.000248 0.000018 0.001818
v -0.000244 0.000008 0.001821
v -0.000239 -0.000002 0.001804
v -0.000234 -0.000012 0.001819
v -0.000228 -0.000022 0.001837
v -0.000220 -0.000032 0.001826
v -0.000212 -0.000041 0.001828
v -0.000202 -0.000050 0.001828
v -0.000193 -0.000059 0.001861
v -0.001061 0.000524 0.002324
v -0.000182 -0.000067 0.001850
v -0.000170 -0.000074 0.001849
v -0.001028 0.000596 0.002339
v -0.001008 0.000673 0.002352
v -0.000158 -0.000082 0.001857
v -0.000146 -0.000089 0.001872
v -0.000132 -0.000096 0.001891
v -0.000118 -0.000100 0.001869
v -0.000104 -0.000106 0.001884
v -0.000089 -0.000111 0.001895
v -0.000074 -0.000115 0.001909
v -0.000059 -0.000117 0.001900
v -0.000044 -0.000119 0.001892
v -0.000028 -0.000122 0.001919
v -0.000012 -0.000122 0.001914
v 0.000003 -0.000122 0.001915
v 0.000019 -0.000120 0.001899
v 0.000035 -0.000118 0.001912
v 0.000050 -0.000116 0.001924
v 0.000065 -0.000112 0.001903
v 0.000080 -0.000107 0.001899
v 0.000094 -0.000102 0.001891
v 0.000108 -0.000097 0.001912
v 0.000121 -0.000091 0.001890
v 0.000134 -0.000083 0.001875
v 0.000146 -0.000076 0.001876
v 0.000158 -0.000069 0.001875
v 0.000169 -0.000061 0.001879
v 0.000178 -0.000051 0.001846
v 0.000187 -0.000043 0.001850
v 0.000196 -0.000033 0.001850
v 0.000203 -0.000024 0.001847
v 0.000209 -0.000014 0.001832
v 0.000215 -0.000003 0.001817
v 0.000220 0.000007 0.001836
v 0.000223 0.000018 0.001823
v 0.000226 0.000028 0.001816
v 0.000227 0.000040 0.001803
v 0.000467 0.000051 0.001810
v 0.000467 0.000073 0.001814
v 0.000463 0.000096 0.001793
v 0.000458 0.000119 0.001801
v 0.000451 0.000141 0.001808
v 0.000443 0.000164 0.001833
v 0.000431 0.000185 0.001833
v 0.000417 0.000206 0.001839
v 0.000403 0.000226 0.001872
v 0.000387 0.000246 0.001892
v 0.000369 0.000264 0.001917
v 0.000348 0.000280 0.001917
v 0.000327 0.000297 0.001953
v 0.000304 0.000312 0.001984
v 0.000280 0.000325 0.001997
v 0.000254 0.000336 0.002010
v 0.000227 0.000346 0.002021
v 0.000200 0.000357 0.002066
v 0.000171 0.000364 0.002066
v 0.000142 0.000370 0.002072
v 0.000112 0.000375 0.002081
v 0.000081 0.000379 0.002102
v 0.000050 0.000383 0.002122
v 0.000019 0.000382 0.002099
v -0.000012 0.000383 0.002113
v -0.000044 0.000382 0.002119
v -0.000075 0.000380 0.002134
v -0.000106 0.000376 0.002117
v -0.000136 0.000370 0.002102
v -0.000167 0.000366 0.002120
v -0.000196 0.000359 0.002110
v -0.000224 0.000350 0.002103
v -0.000252 0.000339 0.002071
v -0.000279 0.000329 0.002075
v -0.000305 0.000318 0.002073
v -0.000328 0.000304 0.002042
v -0.000351 0.000289 0.002021
v -0.000372 0.000273 0.001996
v -0.000393 0.000257 0.002004
v -0.000411 0.000238 0.001966
v -0.000427 0.000219 0.001936
v -0.000442 0.000200 0.001917
v -0.000455 0.000180 0.001904
v -0.000467 0.000159 0.001894
v -0.000475 0.000137 0.001850
v -0.000482 0.000116 0.001844
v -0.000488 0.000094 0.001834
v -0.000491 0.000072 0.001831
v -0.000492 0.000051 0.001811
v -0.000490 0.000029 0.001797
v -0.000488 0.000008 0.001817
v -0.000483 -0.000013 0.001813
v -0.000476 -0.000034 0.001817
v -0.000466 -0.000054 0.001811
v -0.000455 -0.000074 0.001835
v -0.000443 -0.000094 0.001860
v -0.000427 -0.000112 0.001859
v -0.000411 -0.000130 0.001877
v -0.000392 -0.000148 0.001892
v -0.000373 -0.000166 0.001937
v -0.000351 -0.000182 0.001941
v -0.000328 -0.000197 0.001953
v -0.000304 -0.000212 0.001983
v -0.000279 -0.000226 0.002010
v -0.000252 -0.000240 0.002040
v -0.000224 -0.000250 0.002031
v -0.000196 -0.000261 0.002063
v -0.000166 -0.000271 0.002087
v -0.000136 -0.000279 0.002105
v -0.000106 -0.000284 0.002106
v -0.000075 -0.000288 0.002106
v -0.000044 -0.000293 0.002142
v -0.000012 -0.000294 0.002138
v 0.000019 -0.000293 0.002138
v 0.000050 -0.000290 0.002125
v 0.000081 -0.000288 0.002140
v 0.000112 -0.000283 0.002148
v 0.000142 -0.000275 0.002118
v 0.000171 -0.000266 0.002113
v 0.000200 -0.000256 0.002100
v 0.000228 -0.000247 0.002109
v 0.000254 -0.000233 0.002077
v 0.000279 -0.000219 0.002049
v 0.000304 -0.000205 0.002044
v 0.000327 -0.000190 0.002028
v 0.000349 -0.000173 0.002013
v 0.000367 -0.000155 0.001966
v 0.000386 -0.000137 0.001959
v 0.000403 -0.000119 0.001945
v 0.000418 -0.000100 0.001921
v 0.000431 -0.000079 0.001892
v 0.000441 -0.000058 0.001864
v 0.000452 -0.000038 0.001869
v 0.000458 -0.000016 0.001843
v 0.000463 0.000006 0.001825
v 0.000466 0.000028 0.001807
v 0.000706 0.000051 0.001804
v 0.000705 0.000085 0.001802
v 0.000698 0.000119 0.001779
v 0.000692 0.000154 0.001794
v 0.000681 0.000188 0.001811
v 0.000669 0.000222 0.001845
v 0.000651 0.000254 0.001860
v 0.000631 0.000285 0.001885
v 0.000610 0.000316 0.001943
v 0.000585 0.000345 0.001980
v 0.000558 0.000373 0.002022
v 0.000526 0.000397 0.002040
v 0.000495 0.000422 0.002096
v 0.000462 0.000445 0.002143
v 0.000425 0.000463 0.002162
v 0.000386 0.000481 0.002189
v 0.000346 0.000496 0.002210
v 0.000306 0.000512 0.002263
v 0.000262 0.000521 0.002266
v 0.000218 0.000530 0.002274
v 0.000173 0.000537 0.002292
v 0.000128 0.000544 0.002316
v 0.000082 0.000548 0.002335
v 0.000035 0.000547 0.002310
v -0.000012 0.000548 0.002330
v -0.000059 0.000546 0.002338
v -0.000106 0.000543 0.002348
v -0.000152 0.000536 0.002330
v -0.000198 0.000528 0.002314
v -0.000243 0.000521 0.002337
v -0.000287 0.000510 0.002320
v -0.000330 0.000497 0.002308
v -0.000371 0.000480 0.002274
v -0.000411 0.000465 0.002276
v -0.000450 0.000448 0.002267
v -0.000485 0.000426 0.002224
v -0.000520 0.000404 0.002197
v -0.000551 0.000380 0.002163
v -0.000583 0.000357 0.002156
v -0.000609 0.000329 0.002102
v -0.000633 0.000300 0.002055
v -0.000656 0.000272 0.002024
v -0.000676 0.000242 0.001991
v -0.000693 0.000211 0.001958
v -0.000704 0.000179 0.001897
v -0.000716 0.000147 0.001877
v -0.000724 0.000115 0.001854
v -0.000729 0.000083 0.001833
v -0.000730 0.000051 0.001807
v -0.000727 0.000019 0.001790
v -0.000725 -0.000013 0.001809
v -0.000717 -0.000044 0.001805
v -0.000706 -0.000075 0.001815
v -0.000691 -0.000104 0.001822
v -0.000676 -0.000134 0.001859
v -0.000657 -0.000163 0.001896
v -0.000633 -0.000190 0.001909
v -0.000609 -0.000218 0.001947
v -0.000581 -0.000244 0.001982
v -0.000553 -0.000271 0.002041
v -0.000520 -0.000294 0.002062
v -0.000485 -0.000317 0.002090
v -0.000449 -0.000340 0.002140
v -0.000411 -0.000361 0.002179
v -0.000372 -0.000381 0.002217
v -0.000329 -0.000397 0.002217
v -0.000287 -0.000414 0.002262
v -0.000243 -0.000429 0.002294
v -0.000198 -0.000441 0.002311
v -0.000152 -0.000450 0.002317
v -0.000106 -0.000456 0.002321
v -0.000059 -0.000464 0.002364
v -0.000012 -0.000465 0.002356
v 0.000035 -0.000464 0.002355
v 0.000081 -0.000461 0.002347
v 0.000128 -0.000457 0.002362
v 0.000174 -0.000451 0.002369
v 0.000218 -0.000438 0.002333
v 0.000262 -0.000426 0.002330
v 0.000305 -0.000412 0.002317
v 0.000347 -0.000397 0.002320
v 0.000386 -0.000377 0.002281
v 0.000424 -0.000355 0.002246
v 0.000461 -0.000335 0.002240
v 0.000496 -0.000312 0.002211
v 0.000528 -0.000287 0.002182
v 0.000556 -0.000260 0.002121
v 0.000585 -0.000234 0.002103
v 0.000610 -0.000206 0.002074
v 0.000632 -0.000176 0.002025
v 0.000651 -0.000146 0.001979
v 0.000667 -0.000114 0.001934
v 0.000682 -0.000083 0.001921
v 0.000692 -0.000050 0.001874
v 0.000699 -0.000017 0.001838
v 0.000703 0.000017 0.001812
v 0.000943 0.000051 0.001795
v 0.000942 0.000097 0.001785
v 0.000932 0.000143 0.001761
v 0.000924 0.000189 0.001786
v 0.000910 0.000235 0.001817
v 0.000893 0.000280 0.001864
v 0.000869 0.000323 0.001900
v 0.000842 0.000364 0.001947
v 0.000815 0.000407 0.002030
v 0.000782 0.000445 0.002082
v 0.000745 0.000482 0.002138
v 0.000704 0.000514 0.002172
v 0.000663 0.000548 0.002240
v 0.000618 0.000578 0.002293
v 0.000568 0.000602 0.002310
v 0.000518 0.000626 0.002342
v 0.000465 0.000646 0.002366
v 0.000411 0.000667 0.002417
v 0.000353 0.000679 0.002414
v 0.000294 0.000690 0.002419
v 0.000235 0.000700 0.002442
v 0.000174 0.000708 0.002460
v 0.000113 0.000713 0.002474
v 0.000050 0.000710 0.002447
v -0.000012 0.000712 0.002470
v -0.000075 0.000709 0.002479
v -0.000137 0.000704 0.002482
v -0.000198 0.000694 0.002466
v -0.000259 0.000683 0.002453
v -0.000320 0.000674 0.002479
v -0.000378 0.000658 0.002460
v -0.000434 0.000640 0.002447
v -0.000489 0.000619 0.002419
v -0.000543 0.000599 0.002424
v -0.000594 0.000576 0.002415
v -0.000641 0.000546 0.002367
v -0.000687 0.000517 0.002343
v -0.000729 0.000486 0.002309
v -0.000771 0.000455 0.002295
v -0.000806 0.000417 0.002230
v -0.000838 0.000380 0.002172
v -0.000868 0.000342 0.002134
v -0.000895 0.000303 0.002082
v -0.000917 0.000262 0.002029
v -0.000932 0.000219 0.001949
v -0.000948 0.000178 0.001914
v -0.000959 0.000136 0.001874
v -0.000965 0.000093 0.001834
v -0.000966 0.000051 0.001799
v -0.000963 0.000009 0.001778
v -0.000960 -0.000033 0.001797
v -0.000949 -0.000074 0.001795
v -0.000934 -0.000114 0.001812
v -0.000915 -0.000153 0.001836
v -0.000895 -0.000193 0.001888
v -0.000870 -0.000231 0.001942
v -0.000838 -0.000266 0.001969
v -0.000805 -0.000303 0.002028
v -0.000769 -0.000338 0.002083
v -0.000731 -0.000373 0.002154
v -0.000687 -0.000404 0.002185
v -0.000641 -0.000434 0.002222
v -0.000594 -0.000466 0.002286
v -0.000543 -0.000494 0.002325
v -0.000490 -0.000520 0.002363
v -0.000434 -0.000541 0.002364
v -0.000378 -0.000565 0.002412
v -0.000319 -0.000585 0.002443
v -0.000259 -0.000600 0.002450
v -0.000198 -0.000613 0.002456
v -0.000137 -0.000622 0.002460
v -0.000075 -0.000634 0.002501
v -0.000012 -0.000635 0.002487
v 0.000050 -0.000634 0.002484
v 0.000112 -0.000631 0.002482
v 0.000174 -0.000626 0.002496
v 0.000235 -0.000618 0.002502
v 0.000294 -0.000601 0.002465
v 0.000353 -0.000586 0.002469
v 0.000410 -0.000567 0.002462
v 0.000466 -0.000547 0.002463
v 0.000518 -0.000521 0.002426
v 0.000568 -0.000493 0.002395
v 0.000618 -0.000466 0.002395
v 0.000663 -0.000435 0.002361
v 0.000706 -0.000402 0.002328
v 0.000743 -0.000365 0.002265
v 0.000782 -0.000331 0.002242
v 0.000815 -0.000294 0.002203
v 0.000844 -0.000253 0.002135
v 0.000869 -0.000213 0.002076
v 0.000890 -0.000171 0.002013
v 0.000912 -0.000129 0.001981
v 0.000924 -0.000085 0.001910
v 0.000933 -0.000040 0.001854
v 0.000940 0.000005 0.001816
v 0.001177 0.000051 0.001781
v 0.001175 0.000109 0.001762
v 0.001164 0.000166 0.001741
v 0.001154 0.000224 0.001779
v 0.001137 0.000282 0.001828
v 0.001114 0.000338 0.001891
v 0.001085 0.000392 0.001950
v 0.001052 0.000445 0.002019
v 0.001019 0.000498 0.002123
v 0.000976 0.000546 0.002182
v 0.000931 0.000591 0.002243
v 0.000880 0.000633 0.002284
v 0.000829 0.000675 0.002353
v 0.000773 0.000712 0.002401
v 0.000711 0.000742 0.002407
v 0.000648 0.000771 0.002437
v 0.000582 0.000796 0.002457
v 0.000515 0.000822 0.002497
v 0.000442 0.000836 0.002486
v 0.000369 0.000849 0.002487
v 0.000296 0.000863 0.002510
v 0.000220 0.000871 0.002520
v 0.000143 0.000876 0.002529
v 0.000065 0.000873 0.002502
v -0.000012 0.000874 0.002526
v -0.000090 0.000871 0.002534
v -0.000167 0.000863 0.002531
v -0.000244 0.000851 0.002518
v -0.000319 0.000836 0.002510
v -0.000395 0.000825 0.002539
v -0.000467 0.000804 0.002518
v -0.000538 0.000781 0.002508
v -0.000606 0.000755 0.002491
v -0.000673 0.000730 0.002500
v -0.000737 0.000700 0.002495
v -0.000795 0.000663 0.002448
v -0.000852 0.000628 0.002435
v -0.000906 0.000589 0.002408
v -0.000957 0.000550 0.002393
v -0.001000 0.000504 0.002327
v -0.001040 0.000457 0.002268
v -0.001079 0.000411 0.002229
v -0.001111 0.000362 0.002163
v -0.001139 0.000311 0.002094
v -0.001158 0.000259 0.001999
v -0.001178 0.000208 0.001948
v -0.001192 0.000155 0.001891
v -0.001199 0.000103 0.001831
v -0.001200 0.000051 0.001787
v -0.001197 -0.000001 0.001762
v -0.001193 -0.000053 0.001781
v -0.001178 -0.000103 0.001783
v -0.001160 -0.000152 0.001810
v -0.001137 -0.000201 0.001854
v -0.001111 -0.000250 0.001922
v -0.001080 -0.000297 0.001992
v -0.001040 -0.000341 0.002032
v -0.001000 -0.000386 0.002111
v -0.000955 -0.000430 0.002179
v -0.000907 -0.000473 0.002253
v -0.000852 -0.000511 0.002287
v -0.000795 -0.000549 0.002326
v -0.000737 -0.000589 0.002393
v -0.000673 -0.000623 0.002422
v -0.000607 -0.000656 0.002451
v -0.000537 -0.000683 0.002450
v -0.000467 -0.000713 0.002491
v -0.000395 -0.000739 0.002514
v -0.000320 -0.000757 0.002510
v -0.000244 -0.000774 0.002514
v -0.000167 -0.000787 0.002516
v -0.000090 -0.000801 0.002550
v -0.000012 -0.000803 0.002531
v 0.000065 -0.000803 0.002525
v 0.000143 -0.000800 0.002529
v 0.000220 -0.000794 0.002540
v 0.000296 -0.000784 0.002545
v 0.000369 -0.000763 0.002510
v 0.000443 -0.000746 0.002522
v 0.000514 -0.000723 0.002521
v 0.000583 -0.000698 0.002522
v 0.000648 -0.000665 0.002492
v 0.000710 -0.000630 0.002470
v 0.000773 -0.000598 0.002481
v 0.001138 -0.000175 0.002039
v 0.001153 -0.000120 0.001945
v 0.001165 -0.000063 0.001869
v 0.001174 -0.000007 0.001818
v 0.001409 0.000051 0.001760
v 0.001406 0.000120 0.001735
v 0.001393 0.000189 0.001720
v 0.001381 0.000260 0.001773
v 0.001361 0.000329 0.001843
v 0.001333 0.000396 0.001924
v 0.001299 0.000461 0.002005
v 0.001260 0.000525 0.002091
v 0.001220 0.000589 0.002206
v 0.001169 0.000646 0.002263
v 0.001114 0.000701 0.002320
v 0.001054 0.000751 0.002361
v 0.000993 0.000801 0.002418
v 0.000926 0.000846 0.002454
v 0.000851 0.000880 0.002447
v 0.000776 0.000916 0.002473
v 0.000698 0.000947 0.002487
v 0.000617 0.000976 0.002515
v 0.000531 0.000993 0.002498
v 0.000444 0.001008 0.002496
v 0.000356 0.001024 0.002520
v 0.000265 0.001033 0.002522
v 0.000173 0.001038 0.002526
v 0.000080 0.001033 0.002501
v -0.000012 0.001035 0.002525
v -0.000105 0.001030 0.002533
v -0.000198 0.001019 0.002525
v -0.000289 0.001004 0.002517
v -0.000379 0.000987 0.002512
v -0.000470 0.000973 0.002542
v -0.000556 0.000946 0.002521
v -0.000640 0.000919 0.002513
v -0.000722 0.000888 0.002507
v -0.000802 0.000858 0.002518
v -0.000878 0.000822 0.002517
v -0.000947 0.000777 0.002476
v -0.001358 0.000359 0.002146
v -0.001381 0.000297 0.002040
v -0.001406 0.000237 0.001975
v -0.001422 0.000175 0.001901
v -0.001429 0.000113 0.001821
v -0.001431 0.000051 0.001769
v -0.001428 -0.000011 0.001742
v -0.001423 -0.000072 0.001762
v -0.001405 -0.000131 0.001770
v -0.001383 -0.000190 0.001811
v -0.001356 -0.000248 0.001876
v -0.001325 -0.000305 0.001960
v -0.001288 -0.000361 0.002044
v -0.001240 -0.000413 0.002094
v -0.001193 -0.000467 0.002185
v -0.001139 -0.000519 0.002258
v -0.001081 -0.000570 0.002326
v -0.001016 -0.000616 0.002357
v -0.000947 -0.000661 0.002390
v -0.000878 -0.000709 0.002452
v -0.000802 -0.000750 0.002467
v -0.000722 -0.000789 0.002484
v -0.000639 -0.000822 0.002479
v -0.000556 -0.000859 0.002512
v -0.000469 -0.000890 0.002527
v -0.000380 -0.000911 0.002512
v -0.000289 -0.000932 0.002516
v -0.000197 -0.000949 0.002516
v -0.000105 -0.000966 0.002544
v -0.000012 -0.000968 0.002522
v 0.000081 -0.000969 0.002515
v 0.000173 -0.000968 0.002524
v 0.000265 -0.000961 0.002531
v 0.000356 -0.000949 0.002534
v 0.000443 -0.000924 0.002502
v 0.000531 -0.000905 0.002519
v 0.000616 -0.000879 0.002522
v 0.000698 -0.000847 0.002520
v 0.000776 -0.000808 0.002499
v 0.001332 -0.000285 0.002153
v 0.001362 -0.000221 0.002086
v 0.001380 -0.000154 0.001973
v 0.001394 -0.000087 0.001879
v 0.001405 -0.000019 0.001813
v 0.001637 0.000051 0.001734
v 0.001634 0.000132 0.001704
v 0.001618 0.000213 0.001699
v 0.001605 0.000295 0.001771
v 0.001582 0.000375 0.001863
v 0.001549 0.000454 0.001959
v 0.001509 0.000530 0.002059
v 0.001464 0.000604 0.002155
v 0.001418 0.000680 0.002270
v 0.001358 0.000745 0.002316
v 0.001294 0.000809 0.002361
v 0.001226 0.000868 0.002396
v 0.001154 0.000927 0.002439
v 0.001076 0.000978 0.002461
v 0.000989 0.001018 0.002444
v 0.000903 0.001061 0.002467
v 0.000812 0.001096 0.002475
v 0.000718 0.001128 0.002493
v 0.000618 0.001148 0.002474
v 0.000517 0.001165 0.002471
v 0.000415 0.001185 0.002496
v 0.000309 0.001193 0.002492
v 0.000203 0.001197 0.002493
v 0.000095 0.001192 0.002472
v -0.000012 0.001194 0.002497
v -0.000120 0.001187 0.002504
v -0.000227 0.001172 0.002491
v -0.000334 0.001155 0.002488
v -0.000438 0.001135 0.002486
v -0.000543 0.001117 0.002515
v -0.000643 0.001085 0.002492
v -0.000741 0.001053 0.002487
v -0.000836 0.001019 0.002489
v -0.000929 0.000982 0.002500
v -0.001017 0.000940 0.002501
v -0.001601 0.000335 0.002070
v -0.001630 0.000265 0.001993
v -0.001649 0.000194 0.001902
v -0.001656 0.000122 0.001804
v -0.001659 0.000051 0.001746
v -0.001656 -0.000020 0.001717
v -0.001650 -0.000091 0.001740
v -0.001628 -0.000159 0.001758
v -0.001602 -0.000227 0.001815
v -0.001573 -0.000294 0.001901
v -0.001536 -0.000360 0.001998
v -0.001492 -0.000424 0.002091
v -0.001437 -0.000483 0.002147
v -0.001383 -0.000547 0.002244
v -0.001321 -0.000607 0.002313
v -0.001253 -0.000665 0.002368
v -0.001177 -0.000718 0.002391
v -0.001097 -0.000770 0.002416
v -0.001017 -0.000827 0.002468
v -0.000928 -0.000873 0.002469
v -0.000836 -0.000918 0.002477
v -0.000740 -0.000957 0.002470
v -0.000643 -0.001001 0.002497
v -0.000543 -0.001037 0.002505
v -0.000438 -0.001062 0.002483
v -0.000334 -0.001088 0.002489
v -0.000227 -0.001108 0.002489
v -0.000120 -0.001129 0.002512
v -0.000012 -0.001132 0.002487
v 0.000095 -0.001133 0.002480
v 0.000203 -0.001134 0.002494
v 0.000310 -0.001126 0.002497
v 0.000415 -0.001112 0.002498
v 0.000516 -0.001084 0.002468
v 0.000619 -0.001063 0.002490
v 0.000717 -0.001033 0.002493
v 0.000812 -0.000995 0.002488
v 0.000903 -0.000951 0.002473
v 0.000990 -0.000905 0.002466
v 0.001510 -0.000414 0.002274
v 0.001548 -0.000341 0.002197
v 0.001583 -0.000267 0.002119
v 0.001603 -0.000188 0.001992
v 0.001619 -0.000109 0.001881
v 0.001634 -0.000030 0.001802
v 0.001861 0.000051 0.001701
v 0.001857 0.000143 0.001670
v 0.001840 0.000236 0.001679
v 0.001825 0.000329 0.001773
v 0.001798 0.000421 0.001886
v 0.001760 0.000510 0.001994
v 0.001716 0.000598 0.002105
v 0.001665 0.000683 0.002202
v 0.001613 0.000769 0.002306
v 0.001544 0.000843 0.002335
v 0.001472 0.000916 0.002367
v 0.001395 0.000985 0.002395
v 0.001313 0.001051 0.002423
v 0.001224 0.001109 0.002435
v 0.001125 0.001154 0.002412
v 0.001028 0.001204 0.002435
v 0.000924 0.001244 0.002441
v 0.000817 0.001279 0.002450
v 0.000704 0.001301 0.002432
v 0.000589 0.001321 0.002430
v 0.000473 0.001343 0.002457
v 0.000353 0.001350 0.002448
v 0.000232 0.001354 0.002447
v 0.000110 0.001349 0.002431
v -0.000012 0.001350 0.002456
v -0.000135 0.001341 0.002461
v -0.000256 0.001321 0.002444
v -0.000377 0.001303 0.002446
v -0.000496 0.001279 0.002447
v -0.000615 0.001258 0.002472
v -0.000728 0.001221 0.002449
v -0.000839 0.001184 0.002445
v -0.000948 0.001146 0.002454
v -0.001053 0.001103 0.002463
v -0.001153 0.001055 0.002464
v -0.001785 0.000453 0.002196
v -0.001818 0.000372 0.002087
v -0.001850 0.000293 0.001999
v -0.001871 0.000213 0.001894
v -0.001878 0.000131 0.001781
v -0.001883 0.000051 0.001718
v -0.001880 -0.000029 0.001689
v -0.001872 -0.000109 0.001717
v -0.001847 -0.000186 0.001748
v -0.001818 -0.000263 0.001822
v -0.001786 -0.000339 0.001929
v -0.001743 -0.000413 0.002034
v -0.001693 -0.000485 0.002131
v -0.001630 -0.000553 0.002187
v -0.001570 -0.000624 0.002282
v -0.001499 -0.000692 0.002341
v -0.001421 -0.000757 0.002378
v -0.001335 -0.000817 0.002394
v -0.001245 -0.000877 0.002411
v -0.001154 -0.000941 0.002454
v -0.001052 -0.000993 0.002443
v -0.000948 -0.001044 0.002445
v -0.000839 -0.001090 0.002439
v -0.000729 -0.001140 0.002461
v -0.000615 -0.001180 0.002465
v -0.000496 -0.001208 0.002439
v -0.000377 -0.001241 0.002448
v -0.000257 -0.001265 0.002449
v -0.000135 -0.001288 0.002466
v -0.000012 -0.001292 0.002441
v 0.000110 -0.001295 0.002436
v 0.000232 -0.001298 0.002453
v 0.000353 -0.001288 0.002451
v 0.000473 -0.001272 0.002450
v 0.000588 -0.001243 0.002424
v 0.000705 -0.001220 0.002447
v 0.000817 -0.001186 0.002451
v 0.000924 -0.001142 0.002440
v 0.001027 -0.001093 0.002431
v 0.001126 -0.001040 0.002427
v 0.001225 -0.000990 0.002454
v 0.001311 -0.000924 0.002429
v 0.001394 -0.000857 0.002420
v 0.001472 -0.000788 0.002409
v 0.001546 -0.000718 0.002412
v 0.001611 -0.000642 0.002393
v 0.001664 -0.000560 0.002329
v 0.001717 -0.000480 0.002291
v 0.001761 -0.000397 0.002219
v 0.001799 -0.000311 0.002135
v 0.001822 -0.000222 0.001999
v 0.001841 -0.000132 0.001875
v 0.001858 -0.000042 0.001784
v 0.002080 0.000051 0.001663
v 0.002075 0.000155 0.001635
v 0.002058 0.000258 0.001663
v 0.002041 0.000363 0.001778
v 0.002011 0.000466 0.001909
v 0.001967 0.000565 0.002022
v 0.001919 0.000664 0.002138
v 0.001863 0.000760 0.002226
v 0.001803 0.000856 0.002313
v 0.001726 0.000939 0.002325
v 0.001645 0.001021 0.002345
v 0.001560 0.001100 0.002368
v 0.001468 0.001173 0.002385
v 0.001368 0.001238 0.002390
v 0.001258 0.001288 0.002365
v 0.001150 0.001345 0.002389
v 0.001034 0.001390 0.002393
v 0.000914 0.001427 0.002397
v 0.000787 0.001452 0.002381
v 0.000659 0.001474 0.002380
v 0.000530 0.001499 0.002408
v 0.000396 0.001505 0.002394
v 0.000261 0.001508 0.002393
v 0.000124 0.001502 0.002382
v -0.000012 0.001503 0.002406
v -0.000149 0.001491 0.002410
v -0.000285 0.001467 0.002389
v -0.000420 0.001447 0.002397
v -0.000553 0.001421 0.002399
v -0.000686 0.001395 0.002421
v -0.000812 0.001352 0.002397
v -0.000936 0.001311 0.002394
v -0.001059 0.001270 0.002409
v -0.001175 0.001221 0.002414
v -0.001287 0.001167 0.002414
v -0.001892 0.000672 0.002347
v -0.001944 0.000585 0.002274
v -0.001992 0.000498 0.002196
v -0.002030 0.000409 0.002090
v -0.002066 0.000321 0.001994
v -0.002089 0.000231 0.001876
v -0.002096 0.000140 0.001750
v -0.002103 0.000051 0.001685
v -0.002099 -0.000038 0.001659
v -0.002090 -0.000127 0.001694
v -0.002062 -0.000213 0.001741
v -0.002030 -0.000298 0.001832
v -0.001995 -0.000383 0.001957
v -0.001946 -0.000465 0.002063
v -0.001889 -0.000545 0.002158
v -0.001820 -0.000620 0.002210
v -0.001753 -0.000700 0.002296
v -0.001674 -0.000775 0.002343
v -0.001585 -0.000846 0.002362
v -0.001490 -0.000914 0.002372
v -0.001390 -0.000981 0.002383
v -0.001288 -0.001053 0.002418
v -0.001174 -0.001109 0.002399
v -0.001057 -0.001166 0.002397
v -0.000937 -0.001220 0.002396
v -0.000814 -0.001274 0.002413
v -0.000685 -0.001320 0.002414
v -0.000553 -0.001352 0.002386
v -0.000420 -0.001390 0.002400
v -0.000285 -0.001418 0.002401
v -0.000149 -0.001443 0.002412
v -0.000012 -0.001449 0.002388
v 0.000124 -0.001454 0.002385
v 0.000261 -0.001459 0.002405
v 0.000396 -0.001448 0.002398
v 0.000529 -0.001430 0.002396
v 0.000659 -0.001399 0.002374
v 0.000789 -0.001375 0.002398
v 0.000914 -0.001336 0.002400
v 0.001033 -0.001286 0.002385
v 0.001149 -0.001232 0.002380
v 0.001260 -0.001174 0.002379
v 0.001370 -0.001117 0.002404
v 0.001466 -0.001042 0.002378
v 0.001559 -0.000968 0.002372
v 0.001646 -0.000891 0.002371
v 0.001729 -0.000812 0.002377
v 0.001801 -0.000726 0.002363
v 0.001860 -0.000633 0.002309
v 0.001921 -0.000545 0.002285
v 0.001969 -0.000451 0.002221
v 0.002011 -0.000355 0.002134
v 0.002037 -0.000255 0.001994
v 0.002059 -0.000154 0.001861
v 0.002078 -0.000053 0.001758
v 0.002294 0.000051 0.001622
v 0.002289 0.000165 0.001601
v 0.002270 0.000280 0.001649
v 0.002252 0.000396 0.001786
v 0.002218 0.000510 0.001929
v 0.002169 0.000619 0.002040
v 0.002117 0.000729 0.002152
v 0.002056 0.000835 0.002226
v 0.001989 0.000941 0.002292
v 0.001903 0.001033 0.002291
v 0.001815 0.001124 0.002303
v 0.001722 0.001213 0.002323
v 0.001620 0.001293 0.002331
v 0.001509 0.001364 0.002332
v 0.001389 0.001420 0.002309
v 0.001270 0.001484 0.002334
v 0.001142 0.001533 0.002338
v 0.001008 0.001573 0.002335
v 0.000869 0.001601 0.002324
v 0.000728 0.001626 0.002325
v 0.000586 0.001653 0.002353
v 0.000438 0.001656 0.002335
v 0.000289 0.001659 0.002334
v 0.000138 0.001653 0.002328
v -0.000012 0.001652 0.002350
v -0.000163 0.001638 0.002352
v -0.000313 0.001609 0.002329
v -0.000462 0.001588 0.002342
v -0.000609 0.001558 0.002345
v -0.000755 0.001528 0.002362
v -0.000894 0.001480 0.002339
v -0.001031 0.001435 0.002338
v -0.001166 0.001391 0.002357
v -0.001294 0.001335 0.002356
v -0.001417 0.001276 0.002356
v -0.001529 0.001205 0.002333
v -0.001644 0.001143 0.002359
v -0.001748 0.001069 0.002360
v -0.001842 0.000989 0.002348
v -0.001928 0.000905 0.002332
v -0.002008 0.000819 0.002319
v -0.002085 0.000733 0.002320
v -0.002142 0.000637 0.002252
v -0.002195 0.000542 0.002180
v -0.002238 0.000445 0.002081
v -0.002277 0.000348 0.001978
v -0.002301 0.000249 0.001849
v -0.002309 0.000149 0.001714
v -0.002318 0.000051 0.001650
v -0.002314 -0.000047 0.001629
v -0.002302 -0.000145 0.001674
v -0.002272 -0.000239 0.001737
v -0.002237 -0.000333 0.001844
v -0.002199 -0.000427 0.001981
v -0.002144 -0.000516 0.002082
v -0.002081 -0.000604 0.002169
v -0.002005 -0.000687 0.002214
v -0.001932 -0.000775 0.002288
v -0.001844 -0.000857 0.002321
v -0.001745 -0.000933 0.002326
v -0.001642 -0.001009 0.002333
v -0.001532 -0.001083 0.002339
v -0.001419 -0.001161 0.002368
v -0.001293 -0.001221 0.002344
v -0.001164 -0.001285 0.002341
v -0.001032 -0.001346 0.002344
v -0.000896 -0.001405 0.002357
v -0.000754 -0.001456 0.002355
v -0.000608 -0.001491 0.002328
v -0.000462 -0.001535 0.002346
v -0.000313 -0.001567 0.002347
v -0.000163 -0.001594 0.002352
v -0.000012 -0.001602 0.002330
v 0.000138 -0.001609 0.002328
v 0.000289 -0.001617 0.002351
v 0.000438 -0.001604 0.002339
v 0.000585 -0.001585 0.002335
v 0.000728 -0.001553 0.002318
v 0.000871 -0.001527 0.002342
v 0.001009 -0.001484 0.002342
v 0.001140 -0.001427 0.002323
v 0.001268 -0.001370 0.002324
v 0.001391 -0.001306 0.002324
v 0.001512 -0.001242 0.002346
v 0.001617 -0.001158 0.002319
v 0.001720 -0.001076 0.002316
v 0.001817 -0.000992 0.002322
v 0.001907 -0.000903 0.002326
v 0.001987 -0.000808 0.002316
v 0.002051 -0.000705 0.002271
v 0.002119 -0.000608 0.002260
v 0.002173 -0.000504 0.002205
v 0.002217 -0.000397 0.002117
v 0.002247 -0.000286 0.001978
v 0.002271 -0.000176 0.001837
v 0.002293 -0.000064 0.001725
v 0.002502 0.000051 0.001580
v 0.002496 0.000176 0.001569
v 0.002478 0.000301 0.001640
v 0.002458 0.000427 0.001792
v 0.002420 0.000551 0.001941
v 0.002365 0.000670 0.002043
v 0.002311 0.000791 0.002146
v 0.002244 0.000908 0.002204
v 0.002170 0.001023 0.002250
v 0.002077 0.001123 0.002239
v 0.001981 0.001224 0.002246
v 0.001880 0.001322 0.002267
v 0.001767 0.001409 0.002268
v 0.001647 0.001487 0.002267
v 0.001515 0.001549 0.002246
v 0.001386 0.001620 0.002273
v 0.001247 0.001674 0.002276
v 0.001100 0.001715 0.002268
v 0.000949 0.001747 0.002261
v 0.000796 0.001774 0.002264
v 0.000640 0.001802 0.002291
v 0.000478 0.001804 0.002269
v 0.000316 0.001806 0.002269
v 0.000152 0.001801 0.002269
v -0.000012 0.001797 0.002288
v -0.000177 0.001780 0.002288
v -0.000340 0.001747 0.002265
v -0.000503 0.001724 0.002282
v -0.000663 0.001691 0.002285
v -0.000822 0.001656 0.002297
v -0.000974 0.001604 0.002275
v -0.001123 0.001555 0.002277
v -0.001271 0.001508 0.002298
v -0.001410 0.001446 0.002293
v -0.001544 0.001381 0.002292
v -0.001667 0.001305 0.002273
v -0.001793 0.001238 0.002300
v -0.001905 0.001158 0.002301
v -0.002007 0.001070 0.002287
v -0.002102 0.000980 0.002279
v -0.002189 0.000887 0.002272
v -0.002273 0.000794 0.002278
v -0.002334 0.000689 0.002215
v -0.002392 0.000586 0.002151
v -0.002441 0.000481 0.002061
v -0.002482 0.000375 0.001952
v -0.002508 0.000267 0.001816
v -0.002517 0.000158 0.001674
v -0.002528 0.000051 0.001613
v -0.002523 -0.000056 0.001600
v -0.002509 -0.000163 0.001656
v -0.002476 -0.000265 0.001735
v -0.002439 -0.000367 0.001855
v -0.002398 -0.000470 0.001998
v -0.002336 -0.000567 0.002087
v -0.002268 -0.000662 0.002162
v -0.002186 -0.000752 0.002198
v -0.002106 -0.000848 0.002260
v -0.002010 -0.000936 0.002280
v -0.001902 -0.001018 0.002273
v -0.001789 -0.001101 0.002280
v -0.001670 -0.001181 0.002284
v -0.001547 -0.001265 0.002307
v -0.001408 -0.001331 0.002281
v -0.001269 -0.001400 0.002279
v -0.001125 -0.001468 0.002287
v -0.000976 -0.001532 0.002294
v -0.000821 -0.001586 0.002291
v -0.000662 -0.001626 0.002264
v -0.000503 -0.001677 0.002286
v -0.000341 -0.001712 0.002286
v -0.000177 -0.001740 0.002286
v -0.000012 -0.001751 0.002267
v 0.000152 -0.001761 0.002267
v 0.000317 -0.001772 0.002290
v 0.000478 -0.001756 0.002273
v 0.000639 -0.001736 0.002270
v 0.000795 -0.001703 0.002258
v 0.000951 -0.001675 0.002280
v 0.001102 -0.001628 0.002278
v 0.001244 -0.001565 0.002257
v 0.001384 -0.001505 0.002262
v 0.001519 -0.001435 0.002263
v 0.001650 -0.001363 0.002281
v 0.001764 -0.001271 0.002254
v 0.001877 -0.001181 0.002252
v 0.001984 -0.001090 0.002264
v 0.002081 -0.000992 0.002265
v 0.002167 -0.000887 0.002258
v 0.002238 -0.000775 0.002220
v 0.002313 -0.000669 0.002220
v 0.002372 -0.000555 0.002173
v 0.002418 -0.000438 0.002086
v 0.002452 -0.000317 0.001952
v 0.002479 -0.000196 0.001807
v 0.002503 -0.000074 0.001687
v 0.002704 0.000051 0.001537
v 0.002698 0.000186 0.001540
v 0.002680 0.000321 0.001632
v 0.002657 0.000457 0.001795
v 0.002616 0.000591 0.001941
v 0.002556 0.000720 0.002029
v 0.002499 0.000852 0.002120
v 0.002426 0.000978 0.002161
v 0.002346 0.001102 0.002192
v 0.002245 0.001211 0.002176
v 0.002142 0.001321 0.002182
v 0.002034 0.001429 0.002203
v 0.001911 0.001521 0.002198
v 0.001780 0.001606 0.002197
v 0.001639 0.001675 0.002180
v 0.001500 0.001753 0.002207
v 0.001348 0.001810 0.002207
v 0.001189 0.001853 0.002196
v 0.001027 0.001889 0.002194
v 0.000861 0.001919 0.002198
v 0.000693 0.001948 0.002222
v 0.000518 0.001947 0.002199
v 0.000342 0.001949 0.002200
v 0.000165 0.001945 0.002205
v -0.000012 0.001938 0.002219
v -0.000190 0.001917 0.002218
v -0.000366 0.001880 0.002195
v -0.000543 0.001857 0.002216
v -0.000716 0.001820 0.002219
v -0.000887 0.001780 0.002227
v -0.001051 0.001723 0.002207
v -0.001213 0.001671 0.002210
v -0.001374 0.001621 0.002234
v -0.001523 0.001553 0.002223
v -0.001667 0.001483 0.002222
v -0.001801 0.001403 0.002208
v -0.001937 0.001331 0.002235
v -0.002058 0.001245 0.002234
v -0.002167 0.001149 0.002217
v -0.002271 0.001054 0.002217
v -0.002365 0.000954 0.002214
v -0.002456 0.000854 0.002223
v -0.002521 0.000740 0.002165
v -0.002583 0.000629 0.002111
v -0.002638 0.000516 0.002031
v -0.002681 0.000401 0.001918
v -0.002709 0.000284 0.001776
v -0.002718 0.000167 0.001632
v -0.002732 0.000051 0.001576
v -0.002726 -0.000065 0.001573
v -0.002709 -0.000180 0.001640
v -0.002674 -0.000291 0.001735
v -0.002635 -0.000401 0.001862
v -0.002591 -0.000513 0.002003
v -0.002523 -0.000616 0.002076
v -0.002449 -0.000718 0.002137
v -0.002362 -0.000816 0.002165
v -0.002275 -0.000919 0.002214
v -0.002171 -0.001014 0.002224
v -0.002053 -0.001100 0.002209
v -0.001933 -0.001191 0.002218
v -0.001804 -0.001277 0.002221
v -0.001670 -0.001366 0.002239
v -0.001520 -0.001436 0.002212
v -0.001370 -0.001511 0.002212
v -0.001215 -0.001587 0.002223
v -0.001053 -0.001654 0.002225
v -0.000886 -0.001713 0.002221
v -0.000714 -0.001756 0.002197
v -0.000543 -0.001814 0.002220
v -0.000367 -0.001853 0.002219
v -0.000190 -0.001882 0.002214
v -0.000012 -0.001897 0.002200
v 0.000165 -0.001909 0.002201
v 0.000343 -0.001922 0.002224
v 0.000518 -0.001904 0.002203
v 0.000691 -0.001884 0.002200
v 0.000860 -0.001851 0.002193
v 0.001029 -0.001820 0.002212
v 0.001191 -0.001769 0.002209
v 0.001345 -0.001700 0.002186
v 0.001497 -0.001636 0.002196
v 0.001642 -0.001560 0.002197
v 0.001783 -0.001481 0.002211
v 0.001907 -0.001380 0.002184
v 0.002029 -0.001283 0.002184
v 0.002146 -0.001185 0.002200
v 0.002249 -0.001077 0.002196
v 0.002343 -0.000963 0.002190
v 0.002420 -0.000842 0.002160
v 0.002502 -0.000727 0.002168
v 0.002564 -0.000604 0.002127
v 0.002613 -0.000476 0.002043
v 0.002650 -0.000347 0.001916
v 0.002680 -0.000216 0.001770
v 0.002706 -0.000084 0.001646
v 0.002899 0.000051 0.001497
v 0.002893 0.000195 0.001514
v 0.002876 0.000340 0.001626
v 0.002850 0.000486 0.001791
v 0.002805 0.000629 0.001926
v 0.002741 0.000767 0.001998
v 0.002681 0.000910 0.002076
v 0.002603 0.001045 0.002104
v 0.002515 0.001177 0.002121
v 0.002407 0.001295 0.002104
v 0.002297 0.001414 0.002110
v 0.002183 0.001532 0.002133
v 0.002049 0.001629 0.002122
v 0.001909 0.001721 0.002121
v 0.001758 0.001798 0.002108
v 0.001609 0.001882 0.002135
v 0.001446 0.001943 0.002133
v 0.001276 0.001986 0.002119
v 0.001102 0.002028 0.002122
v 0.000924 0.002060 0.002127
v 0.000744 0.002089 0.002148
v 0.000556 0.002087 0.002123
v 0.000368 0.002088 0.002126
v 0.000178 0.002085 0.002135
v -0.000012 0.002074 0.002145
v -0.000203 0.002050 0.002143
v -0.000392 0.002010 0.002122
v -0.000581 0.001985 0.002146
v -0.000767 0.001944 0.002147
v -0.000950 0.001898 0.002150
v -0.001126 0.001839 0.002134
v -0.001300 0.001783 0.002139
v -0.001472 0.001730 0.002163
v -0.001631 0.001655 0.002148
v -0.001786 0.001581 0.002147
v -0.001931 0.001498 0.002138
v -0.002076 0.001421 0.002164
v -0.002206 0.001329 0.002161
v -0.002321 0.001226 0.002143
v -0.002434 0.001126 0.002149
v -0.002536 0.001020 0.002149
v -0.002632 0.000912 0.002157
v -0.002701 0.000790 0.002106
v -0.002769 0.000672 0.002061
v -0.002829 0.000551 0.001992
v -0.002873 0.000427 0.001876
v -0.002903 0.000302 0.001733
v -0.002913 0.000175 0.001590
v -0.002929 0.000051 0.001541
v -0.002923 -0.000074 0.001549
v -0.002903 -0.000197 0.001625
v -0.002867 -0.000316 0.001733
v -0.002825 -0.000435 0.001862
v -0.002778 -0.000554 0.001994
v -0.002704 -0.000664 0.002048
v -0.002625 -0.000774 0.002095
v -0.002533 -0.000880 0.002117
v -0.002439 -0.000989 0.002154
v -0.002327 -0.001089 0.002156
v -0.002200 -0.001180 0.002137
v -0.002073 -0.001278 0.002150
v -0.001934 -0.001371 0.002152
v -0.001790 -0.001464 0.002165
v -0.001629 -0.001538 0.002138
v -0.001468 -0.001619 0.002139
v -0.001302 -0.001701 0.002154
v -0.001128 -0.001771 0.002150
v -0.000949 -0.001834 0.002146
v -0.000765 -0.001883 0.002125
v -0.000581 -0.001946 0.002149
v -0.000393 -0.001988 0.002147
v -0.000203 -0.002018 0.002137
v -0.000012 -0.002038 0.002128
v 0.000178 -0.002053 0.002130
v 0.000369 -0.002068 0.002151
v 0.000556 -0.002047 0.002127
v 0.000742 -0.002027 0.002125
v 0.000924 -0.001995 0.002123
v 0.001105 -0.001961 0.002139
v 0.001278 -0.001905 0.002134
v 0.001442 -0.001830 0.002110
v 0.001607 -0.001764 0.002125
v 0.001762 -0.001681 0.002125
v 0.001912 -0.001594 0.002134
v 0.002045 -0.001486 0.002109
v 0.002176 -0.001382 0.002111
v 0.002303 -0.001277 0.002129
v 0.002412 -0.001158 0.002121
v 0.002512 -0.001036 0.002116
v 0.002596 -0.000906 0.002092
v 0.002684 -0.000783 0.002106
v 0.002750 -0.000650 0.002070
v 0.002801 -0.000513 0.001989
v 0.002843 -0.000375 0.001873
v 0.002876 -0.000235 0.001728
v 0.002903 -0.000094 0.001602
v 0.003087 0.000051 0.001459
v 0.003082 0.000204 0.001491
v 0.003065 0.000358 0.001617
v 0.003036 0.000513 0.001776
v 0.002987 0.000665 0.001896
v 0.002919 0.000812 0.001952
v 0.002857 0.000964 0.002018
v 0.002773 0.001109 0.002035
v 0.002678 0.001248 0.002042
v 0.002564 0.001376 0.002027
v 0.002448 0.001503 0.002033
v 0.002326 0.001630 0.002056
v 0.002182 0.001733 0.002041
v 0.002033 0.001831 0.002040
v 0.001874 0.001916 0.002032
v 0.001715 0.002006 0.002057
v 0.001541 0.002070 0.002054
v 0.001359 0.002116 0.002038
v 0.001175 0.002163 0.002046
v 0.000985 0.002196 0.002051
v 0.000793 0.002226 0.002068
v 0.000592 0.002221 0.002043
v 0.000392 0.002223 0.002048
v 0.000191 0.002221 0.002061
v -0.000012 0.002205 0.002065
v -0.000215 0.002177 0.002063
v -0.000416 0.002134 0.002044
v -0.000618 0.002109 0.002070
v -0.000816 0.002064 0.002070
v -0.001010 0.002012 0.002068
v -0.001198 0.001950 0.002057
v -0.001384 0.001891 0.002063
v -0.001568 0.001835 0.002086
v -0.001736 0.001754 0.002067
v -0.001901 0.001676 0.002068
v -0.002056 0.001590 0.002064
v -0.002210 0.001508 0.002086
v -0.002348 0.001410 0.002082
v -0.002470 0.001302 0.002063
v -0.002592 0.001197 0.002075
v -0.002701 0.001084 0.002076
v -0.002801 0.000969 0.002083
v -0.002875 0.000840 0.002038
v -0.002948 0.000714 0.002002
v -0.003013 0.000586 0.001944
v -0.003059 0.000453 0.001828
v -0.003090 0.000319 0.001687
v -0.003102 0.000184 0.001549
v -0.003120 0.000051 0.001508
v -0.003112 -0.000082 0.001527
v -0.003089 -0.000213 0.001611
v -0.003052 -0.000342 0.001726
v -0.003008 -0.000468 0.001850
v -0.002958 -0.000595 0.001968
v -0.002877 -0.000712 0.002003
v -0.002794 -0.000829 0.002039
v -0.002698 -0.000942 0.002056
v -0.002597 -0.001057 0.002082
v -0.002477 -0.001162 0.002080
v -0.002341 -0.001258 0.002059
v -0.002207 -0.001364 0.002075
v -0.002059 -0.001461 0.002076
v -0.001905 -0.001557 0.002084
v -0.001734 -0.001636 0.002059
v -0.001562 -0.001723 0.002062
v -0.001387 -0.001811 0.002079
v -0.001200 -0.001883 0.002070
v -0.001010 -0.001951 0.002066
v -0.000814 -0.002005 0.002048
v -0.000619 -0.002074 0.002073
v -0.000418 -0.002118 0.002068
v -0.000215 -0.002149 0.002056
v -0.000012 -0.002174 0.002051
v 0.000191 -0.002192 0.002054
v 0.000394 -0.002208 0.002072
v 0.000593 -0.002186 0.002046
v 0.000790 -0.002166 0.002046
v 0.000985 -0.002135 0.002048
v 0.001177 -0.002097 0.002059
v 0.001361 -0.002036 0.002053
v 0.001536 -0.001956 0.002030
v 0.001713 -0.001887 0.002049
v 0.001878 -0.001798 0.002048
v 0.002037 -0.001703 0.002052
v 0.002179 -0.001587 0.002030
v 0.002319 -0.001477 0.002034
v 0.002454 -0.001365 0.002053
v 0.002569 -0.001236 0.002040
v 0.002675 -0.001105 0.002036
v 0.002766 -0.000968 0.002019
v 0.002860 -0.000837 0.002035
v 0.002930 -0.000694 0.002003
v 0.002982 -0.000547 0.001927
v 0.003029 -0.000401 0.001823
v 0.003064 -0.000253 0.001683
v 0.003092 -0.000103 0.001557
v 0.003268 0.000051 0.001425
v 0.003263 0.000212 0.001470
v 0.003247 0.000375 0.001604
v 0.003214 0.000538 0.001749
v 0.003162 0.000699 0.001851
v 0.003091 0.000854 0.001892
v 0.003027 0.001016 0.001948
v 0.002937 0.001169 0.001956
v 0.002834 0.001315 0.001956
v 0.002715 0.001452 0.001945
v 0.002593 0.001589 0.001952
v 0.002464 0.001724 0.001974
v 0.002310 0.001831 0.001955
v 0.002153 0.001937 0.001956
v 0.001985 0.002030 0.001952
v 0.001816 0.002124 0.001974
v 0.001632 0.002192 0.001969
v 0.001438 0.002240 0.001953
v 0.001245 0.002293 0.001966
v 0.001044 0.002328 0.001969
v 0.000840 0.002356 0.001982
v 0.000628 0.002351 0.001959
v 0.000416 0.002353 0.001966
v 0.000203 0.002351 0.001981
v -0.000012 0.002330 0.001980
v -0.000227 0.002299 0.001978
v -0.000440 0.002254 0.001962
v -0.000654 0.002227 0.001989
v -0.000863 0.002177 0.001987
v -0.001068 0.002120 0.001982
v -0.001268 0.002056 0.001975
v -0.001465 0.001995 0.001982
v -0.001659 0.001936 0.002004
v -0.001836 0.001848 0.001982
v -0.002011 0.001768 0.001984
v -0.002177 0.001680 0.001985
v -0.002339 0.001593 0.002003
v -0.002484 0.001489 0.001998
v -0.002613 0.001375 0.001978
v -0.002745 0.001267 0.001996
v -0.002859 0.001147 0.001996
v -0.002964 0.001024 0.002001
v -0.003042 0.000888 0.001963
v -0.003120 0.000755 0.001936
v -0.003190 0.000620 0.001888
v -0.003236 0.000478 0.001774
v -0.003269 0.000336 0.001639
v -0.003283 0.000192 0.001509
v -0.003303 0.000051 0.001479
v -0.003294 -0.000091 0.001507
v -0.003268 -0.000230 0.001593
v -0.003231 -0.000366 0.001712
v -0.003185 -0.000501 0.001826
v -0.003131 -0.000636 0.001925
v -0.003044 -0.000758 0.001943
v -0.002956 -0.000882 0.001970
v -0.002856 -0.001003 0.001984
v -0.002748 -0.001123 0.002002
v -0.002620 -0.001233 0.001997
v -0.002477 -0.001334 0.001976
v -0.002337 -0.001446 0.001995
v -0.002180 -0.001548 0.001994
v -0.002015 -0.001647 0.001998
v -0.001834 -0.001731 0.001976
v -0.001654 -0.001823 0.001981
v -0.001468 -0.001917 0.001998
v -0.001270 -0.001990 0.001985
v -0.001068 -0.002062 0.001981
v -0.000861 -0.002122 0.001968
v -0.000654 -0.002195 0.001991
v -0.000441 -0.002243 0.001985
v -0.000227 -0.002275 0.001969
v -0.000012 -0.002306 0.001970
v 0.000203 -0.002326 0.001973
v 0.000418 -0.002343 0.001988
v 0.000628 -0.002319 0.001961
v 0.000837 -0.002300 0.001963
v 0.001044 -0.002270 0.001969
v 0.001247 -0.002227 0.001975
v 0.001442 -0.002163 0.001968
v 0.001627 -0.002078 0.001947
v 0.001815 -0.002006 0.001968
v 0.001989 -0.001910 0.001966
v 0.002156 -0.001806 0.001966
v 0.002307 -0.001685 0.001947
v 0.002456 -0.001567 0.001952
v 0.002600 -0.001448 0.001972
v 0.002719 -0.001309 0.001954
v 0.002832 -0.001170 0.001952
v 0.002929 -0.001026 0.001940
v 0.003029 -0.000887 0.001957
v 0.003102 -0.000736 0.001929
v 0.003156 -0.000580 0.001858
v 0.003209 -0.000426 0.001768
v 0.003245 -0.000269 0.001634
v 0.003274 -0.000111 0.001514
v 0.003441 0.000051 0.001394
v 0.003437 0.000220 0.001449
v 0.003421 0.000391 0.001584
v 0.003383 0.000562 0.001709
v 0.003329 0.000730 0.001793
v 0.003255 0.000894 0.001822
v 0.003189 0.001065 0.001869
v 0.003093 0.001225 0.001870
v 0.002983 0.001378 0.001866
v 0.002860 0.001524 0.001859
v 0.002731 0.001669 0.001866
v 0.002595 0.001812 0.001886
v 0.002432 0.001924 0.001865
v 0.002267 0.002038 0.001867
v 0.002092 0.002139 0.001868
v 0.001913 0.002238 0.001886
v 0.001719 0.002309 0.001880
v 0.001515 0.002359 0.001863
v 0.001312 0.002418 0.001880
v 0.001100 0.002454 0.001883
v 0.000885 0.002481 0.001892
v 0.000661 0.002476 0.001871
v 0.000439 0.002478 0.001879
v 0.000214 0.002476 0.001896
v -0.000012 0.002449 0.001890
v -0.000238 0.002416 0.001888
v -0.000463 0.002369 0.001876
v -0.000688 0.002340 0.001903
v -0.000908 0.002286 0.001899
v -0.001124 0.002222 0.001891
v -0.001335 0.002158 0.001889
v -0.001542 0.002094 0.001896
v -0.001746 0.002031 0.001916
v -0.001932 0.001939 0.001892
v -0.002116 0.001856 0.001896
v -0.002292 0.001766 0.001901
v -0.002462 0.001674 0.001915
v -0.002615 0.001565 0.001909
v -0.002750 0.001445 0.001890
v -0.002890 0.001334 0.001911
v -0.003010 0.001208 0.001911
v -0.003119 0.001078 0.001913
v -0.003202 0.000935 0.001881
v -0.003285 0.000795 0.001862
v -0.003360 0.000653 0.001824
v -0.003405 0.000502 0.001715
v -0.003441 0.000352 0.001590
v -0.003457 0.000201 0.001473
v -0.003478 0.000051 0.001453
v -0.003467 -0.000099 0.001486
v -0.003438 -0.000246 0.001571
v -0.003402 -0.000391 0.001687
v -0.003354 -0.000533 0.001786
v -0.003296 -0.000675 0.001866
v -0.003203 -0.000803 0.001871
v -0.003112 -0.000934 0.001891
v -0.003009 -0.001062 0.001905
v -0.002893 -0.001187 0.001915
v -0.002758 -0.001302 0.001908
v -0.002607 -0.001407 0.001888
v -0.002461 -0.001527 0.001911
v -0.002295 -0.001631 0.001908
v -0.002120 -0.001733 0.001907
v -0.001931 -0.001822 0.001889
v -0.001741 -0.001918 0.001895
v -0.001545 -0.002018 0.001912
v -0.001336 -0.002091 0.001894
v -0.001124 -0.002168 0.001892
v -0.000906 -0.002234 0.001883
v -0.000688 -0.002311 0.001904
v -0.000464 -0.002361 0.001896
v -0.000238 -0.002394 0.001879
v -0.000012 -0.002432 0.001885
v 0.000214 -0.002455 0.001887
v 0.000440 -0.002471 0.001899
v 0.000662 -0.002447 0.001872
v 0.000882 -0.002429 0.001876
v 0.001100 -0.002400 0.001884
v 0.001313 -0.002351 0.001886
v 0.001518 -0.002283 0.001879
v 0.001713 -0.002195 0.001860
v 0.001912 -0.002120 0.001883
v 0.002095 -0.002017 0.001879
v 0.002269 -0.001904 0.001874
v 0.002430 -0.001777 0.001860
v 0.002587 -0.001653 0.001866
v 0.002739 -0.001527 0.001885
v 0.002862 -0.001377 0.001864
v 0.002982 -0.001232 0.001863
v 0.003086 -0.001081 0.001857
v 0.003190 -0.000933 0.001872
v 0.003266 -0.000774 0.001847
v 0.003323 -0.000610 0.001783
v 0.003380 -0.000450 0.001708
v 0.003419 -0.000285 0.001583
v 0.003447 -0.000119 0.001471
v 0.003605 0.000051 0.001365
v 0.003602 0.000227 0.001426
v 0.003588 0.000406 0.001554
v 0.003545 0.000583 0.001656
v 0.003488 0.000759 0.001722
v 0.003412 0.000931 0.001742
v 0.003343 0.001111 0.001782
v 0.003242 0.001277 0.001779
v 0.003125 0.001437 0.001771
v 0.002998 0.001593 0.001769
v 0.002863 0.001745 0.001776
v 0.002720 0.001895 0.001794
v 0.002548 0.002012 0.001770
v 0.002376 0.002134 0.001775
v 0.002194 0.002243 0.001779
v 0.002005 0.002345 0.001793
v 0.001801 0.002420 0.001786
v 0.001587 0.002473 0.001771
v 0.001376 0.002538 0.001791
v 0.001154 0.002574 0.001792
v 0.000927 0.002600 0.001797
v 0.000694 0.002595 0.001779
v 0.000461 0.002598 0.001788
v 0.000225 0.002595 0.001805
v -0.000012 0.002562 0.001796
v -0.000249 0.002527 0.001795
v -0.000484 0.002478 0.001786
v -0.000721 0.002447 0.001812
v -0.000951 0.002388 0.001806
v -0.001176 0.002320 0.001796
v -0.001398 0.002256 0.001799
v -0.001616 0.002189 0.001806
v -0.001829 0.002122 0.001822
v -0.002023 0.002025 0.001798
v -0.002217 0.001940 0.001804
v -0.002403 0.001849 0.001812
v -0.002579 0.001751 0.001821
v -0.002738 0.001638 0.001815
v -0.002881 0.001514 0.001798
v -0.003030 0.001400 0.001822
v -0.003154 0.001267 0.001820
v -0.003266 0.001130 0.001819
v -0.003355 0.000981 0.001794
v -0.003443 0.000834 0.001782
v -0.003522 0.000685 0.001754
v -0.003566 0.000526 0.001651
v -0.003604 0.000368 0.001541
v -0.003623 0.000209 0.001438
v -0.003645 0.000051 0.001428
v -0.003632 -0.000107 0.001464
v -0.003600 -0.000261 0.001542
v -0.003566 -0.000415 0.001651
v -0.003514 -0.000564 0.001733
v -0.003453 -0.000713 0.001794
v -0.003355 -0.000847 0.001788
v -0.003261 -0.000985 0.001805
v -0.003154 -0.001120 0.001818
v -0.003030 -0.001248 0.001822
v -0.002888 -0.001368 0.001814
v -0.002731 -0.001478 0.001797
v -0.002579 -0.001604 0.001821
v -0.002404 -0.001711 0.001816
v -0.002220 -0.001815 0.001811
v -0.002023 -0.001909 0.001798
v -0.001824 -0.002010 0.001804
v -0.001619 -0.002113 0.001821
v -0.001398 -0.002187 0.001800
v -0.001177 -0.002269 0.001799
v -0.000949 -0.002341 0.001794
v -0.000721 -0.002421 0.001812
v -0.000486 -0.002473 0.001803
v -0.000249 -0.002508 0.001785
v -0.000012 -0.002553 0.001795
v 0.000225 -0.002577 0.001796
v 0.000462 -0.002593 0.001804
v 0.000694 -0.002568 0.001779
v 0.000925 -0.002552 0.001785
v 0.001154 -0.002524 0.001795
v 0.001376 -0.002470 0.001791
v 0.001591 -0.002398 0.001785
v 0.001796 -0.002306 0.001769
v 0.002005 -0.002228 0.001793
v 0.002196 -0.002118 0.001786
v 0.002377 -0.001996 0.001779
v 0.002547 -0.001865 0.001770
v 0.002712 -0.001734 0.001776
v 0.002871 -0.001600 0.001793
v 0.002999 -0.001441 0.001769
v 0.003125 -0.001290 0.001771
v 0.003236 -0.001132 0.001769
v 0.003343 -0.000977 0.001782
v 0.003422 -0.000810 0.001759
v 0.003481 -0.000638 0.001703
v 0.003544 -0.000472 0.001643
v 0.003584 -0.000300 0.001531
v 0.003611 -0.000126 0.001430
v 0.003761 0.000051 0.001338
v 0.003759 0.000234 0.001400
v 0.003745 0.000420 0.001515
v 0.003697 0.000603 0.001590
v 0.003639 0.000786 0.001641
v 0.003561 0.000965 0.001655
v 0.003489 0.001153 0.001689
v 0.003382 0.001326 0.001683
v 0.003259 0.001492 0.001672
v 0.003130 0.001657 0.001675
v 0.002988 0.001816 0.001682
v 0.002838 0.001972 0.001696
v 0.002657 0.002094 0.001673
v 0.002479 0.002224 0.001680
v 0.002290 0.002341 0.001687
v 0.002092 0.002446 0.001695
v 0.001879 0.002524 0.001689
v 0.001656 0.002581 0.001675
v 0.001437 0.002652 0.001697
v 0.001204 0.002688 0.001696
v 0.000967 0.002712 0.001698
v 0.000724 0.002708 0.001684
v 0.000481 0.002712 0.001694
v 0.000236 0.002708 0.001710
v -0.000012 0.002669 0.001697
v -0.000259 0.002632 0.001698
v -0.000505 0.002583 0.001693
v -0.000752 0.002548 0.001716
v -0.000992 0.002484 0.001709
v -0.001226 0.002412 0.001697
v -0.001459 0.002349 0.001706
v -0.001685 0.002278 0.001711
v -0.001907 0.002208 0.001724
v -0.002109 0.002107 0.001700
v -0.002313 0.002021 0.001709
v -0.002508 0.001929 0.001719
v -0.002689 0.001825 0.001723
v -0.002856 0.001708 0.001716
v -0.003005 0.001580 0.001702
v -0.003161 0.001463 0.001727
v -0.003290 0.001324 0.001723
v -0.003405 0.001179 0.001720
v -0.003500 0.001025 0.001702
v -0.003592 0.000873 0.001696
v -0.003674 0.000716 0.001675
v -0.003718 0.000549 0.001583
v -0.003759 0.000383 0.001490
v -0.003781 0.000217 0.001405
v -0.003802 0.000051 0.001403
v -0.003788 -0.000115 0.001437
v -0.003754 -0.000276 0.001504
v -0.003721 -0.000438 0.001603
v -0.003667 -0.000595 0.001666
v -0.003601 -0.000749 0.001709
v -0.003499 -0.000890 0.001698
v -0.003402 -0.001034 0.001712
v -0.003291 -0.001176 0.001725
v -0.003159 -0.001307 0.001723
v -0.003012 -0.001432 0.001716
v -0.002849 -0.001547 0.001701
v -0.002691 -0.001678 0.001726
v -0.002508 -0.001787 0.001719
v -0.002314 -0.001892 0.001712
v -0.002110 -0.001992 0.001703
v -0.001903 -0.002097 0.001710
v -0.001689 -0.002203 0.001724
v -0.001458 -0.002278 0.001701
v -0.001227 -0.002364 0.001702
v -0.000990 -0.002442 0.001701
v -0.000751 -0.002525 0.001715
v -0.000506 -0.002579 0.001705
v -0.000259 -0.002616 0.001688
v -0.000012 -0.002667 0.001702
v 0.000235 -0.002693 0.001701
v 0.000482 -0.002708 0.001705
v 0.000724 -0.002685 0.001683
v 0.000966 -0.002670 0.001690
v 0.001205 -0.002642 0.001701
v 0.001436 -0.002581 0.001693
v 0.001660 -0.002507 0.001687
v 0.001875 -0.002412 0.001675
v 0.002093 -0.002331 0.001698
v 0.002292 -0.002213 0.001690
v 0.002480 -0.002083 0.001680
v 0.002659 -0.001947 0.001676
v 0.002831 -0.001810 0.001682
v 0.002996 -0.001669 0.001696
v 0.003127 -0.001501 0.001671
v 0.003260 -0.001343 0.001675
v 0.003379 -0.001181 0.001676
v 0.003488 -0.001017 0.001686
v 0.003570 -0.000843 0.001666
v 0.003631 -0.000665 0.001618
v 0.003700 -0.000492 0.001574
v 0.003740 -0.000313 0.001476
v 0.003766 -0.000132 0.001389
v 0.003909 0.000051 0.001310
v 0.003908 0.000240 0.001368
v 0.003893 0.000433 0.001464
v 0.003840 0.000621 0.001514
v 0.003781 0.000811 0.001553
v 0.003702 0.000998 0.001562
v 0.003627 0.001192 0.001590
v 0.003514 0.001371 0.001582
v 0.003385 0.001542 0.001570
v 0.003254 0.001717 0.001578
v 0.003106 0.001883 0.001583
v 0.002949 0.002044 0.001595
v 0.002761 0.002171 0.001572
v 0.002577 0.002309 0.001581
v 0.002382 0.002433 0.001589
v 0.002173 0.002540 0.001593
v 0.001952 0.002622 0.001587
v 0.001722 0.002684 0.001576
v 0.001494 0.002760 0.001599
v 0.001252 0.002796 0.001596
v 0.001005 0.002817 0.001594
v 0.000753 0.002816 0.001585
v 0.000501 0.002819 0.001595
v 0.000245 0.002814 0.001610
v -0.000012 0.002769 0.001594
v -0.000269 0.002731 0.001597
v -0.000525 0.002681 0.001595
v -0.000780 0.002643 0.001615
v -0.001030 0.002574 0.001607
v -0.001273 0.002498 0.001595
v -0.001516 0.002436 0.001608
v -0.001751 0.002363 0.001612
v -0.001981 0.002288 0.001621
v -0.002191 0.002184 0.001599
v -0.002403 0.002098 0.001609
v -0.002606 0.002005 0.001621
v -0.002793 0.001895 0.001619
v -0.002966 0.001775 0.001614
v -0.003122 0.001644 0.001603
v -0.003286 0.001524 0.001629
v -0.003418 0.001379 0.001622
v -0.003536 0.001227 0.001616
v -0.003637 0.001068 0.001606
v -0.003733 0.000909 0.001603
v -0.003818 0.000746 0.001590
v -0.003861 0.000570 0.001509
v -0.003905 0.000398 0.001436
v -0.003930 0.000224 0.001373
v -0.003950 0.000051 0.001376
v -0.003935 -0.000122 0.001404
v -0.003899 -0.000291 0.001457
v -0.003868 -0.000460 0.001541
v -0.003810 -0.000624 0.001586
v -0.003739 -0.000784 0.001615
v -0.003634 -0.000931 0.001601
v -0.003535 -0.001082 0.001614
v -0.003421 -0.001230 0.001627
v -0.003281 -0.001364 0.001620
v -0.003129 -0.001493 0.001614
v -0.002960 -0.001613 0.001603
v -0.002797 -0.001748 0.001627
v -0.002605 -0.001860 0.001618
v -0.002403 -0.001966 0.001608
v -0.002193 -0.002071 0.001605
v -0.001977 -0.002179 0.001611
v -0.001754 -0.002288 0.001623
v -0.001514 -0.002363 0.001599
v -0.001274 -0.002455 0.001602
v -0.001029 -0.002538 0.001603
v -0.000780 -0.002621 0.001613
v -0.000525 -0.002678 0.001603
v -0.000269 -0.002718 0.001588
v -0.000012 -0.002776 0.001604
v 0.000245 -0.002802 0.001601
v 0.000501 -0.002816 0.001602
v 0.000753 -0.002794 0.001583
v 0.001004 -0.002781 0.001591
v 0.001253 -0.002753 0.001602
v 0.001491 -0.002686 0.001590
v 0.001725 -0.002610 0.001587
v 0.001949 -0.002513 0.001577
v 0.002175 -0.002426 0.001598
v 0.002381 -0.002301 0.001589
v 0.002576 -0.002163 0.001578
v 0.002764 -0.002025 0.001579
v 0.002943 -0.001881 0.001584
v 0.003113 -0.001732 0.001595
v 0.003249 -0.001556 0.001570
v 0.003388 -0.001393 0.001575
v 0.003513 -0.001225 0.001580
v 0.003624 -0.001054 0.001585
v 0.003709 -0.000873 0.001568
v 0.003773 -0.000689 0.001528
v 0.003847 -0.000511 0.001500
v 0.003887 -0.000325 0.001419
v 0.003912 -0.000138 0.001348
v 0.004047 0.000051 0.001279
v 0.004047 0.000246 0.001328
v 0.004031 0.000445 0.001402
v 0.003973 0.000638 0.001428
v 0.003914 0.000834 0.001457
v 0.003835 0.001027 0.001465
v 0.003755 0.001227 0.001487
v 0.003637 0.001411 0.001477
v 0.003503 0.001588 0.001466
v 0.003370 0.001772 0.001478
v 0.003217 0.001944 0.001481
v 0.003052 0.002110 0.001489
v 0.002858 0.002243 0.001468
v 0.002668 0.002388 0.001478
v 0.002467 0.002519 0.001488
v 0.002249 0.002627 0.001487
v 0.002021 0.002714 0.001483
v 0.001783 0.002780 0.001474
v 0.001547 0.002861 0.001497
v 0.001296 0.002896 0.001491
v 0.001040 0.002916 0.001488
v 0.000780 0.002918 0.001483
v 0.000519 0.002920 0.001493
v 0.000254 0.002913 0.001506
v -0.000012 0.002862 0.001488
v -0.000278 0.002824 0.001493
v -0.000543 0.002774 0.001494
v -0.000807 0.002731 0.001510
v -0.001065 0.002658 0.001502
v -0.001317 0.002579 0.001490
v -0.001570 0.002519 0.001506
v -0.001812 0.002442 0.001508
v -0.002049 0.002363 0.001514
v -0.002267 0.002258 0.001494
v -0.002487 0.002171 0.001506
v -0.002699 0.002076 0.001518
v -0.002890 0.001961 0.001512
v -0.003069 0.001838 0.001509
v -0.003232 0.001705 0.001500
v -0.003402 0.001581 0.001525
v -0.003537 0.001430 0.001517
v -0.003658 0.001272 0.001509
v -0.003766 0.001110 0.001505
v -0.003865 0.000944 0.001505
v -0.003952 0.000774 0.001498
v -0.003995 0.000591 0.001430
v -0.004042 0.000413 0.001380
v -0.004070 0.000232 0.001338
v -0.004088 0.000051 0.001344
v -0.004072 -0.000129 0.001363
v -0.004035 -0.000305 0.001399
v -0.004006 -0.000482 0.001468
v -0.003944 -0.000651 0.001496
v -0.003869 -0.000817 0.001513
v -0.003761 -0.000970 0.001499
v -0.003659 -0.001127 0.001512
v -0.003542 -0.001281 0.001525
v -0.003394 -0.001417 0.001512
v -0.003238 -0.001551 0.001509
v -0.003065 -0.001676 0.001501
v -0.002895 -0.001815 0.001523
v -0.002696 -0.001927 0.001512
v -0.002485 -0.002035 0.001502
v -0.002270 -0.002146 0.001503
v -0.002047 -0.002256 0.001508
v -0.001816 -0.002366 0.001517
v -0.001566 -0.002442 0.001493
v -0.001319 -0.002539 0.001499
v -0.001065 -0.002628 0.001502
v -0.000807 -0.002711 0.001507
v -0.000543 -0.002770 0.001497
v -0.000278 -0.002814 0.001484
v -0.000012 -0.002878 0.001502
v 0.000254 -0.002904 0.001497
v 0.000519 -0.002917 0.001496
v 0.000780 -0.002898 0.001481
v 0.001040 -0.002886 0.001489
v 0.001298 -0.002857 0.001499
v 0.001544 -0.002783 0.001484
v 0.001786 -0.002706 0.001482
v 0.002019 -0.002607 0.001477
v 0.002253 -0.002516 0.001495
v 0.002465 -0.002383 0.001484
v 0.002666 -0.002238 0.001472
v 0.002863 -0.002098 0.001478
v 0.003047 -0.001946 0.001481
v 0.003222 -0.001790 0.001490
v 0.003362 -0.001607 0.001465
v 0.003508 -0.001439 0.001473
v 0.003639 -0.001266 0.001480
v 0.003751 -0.001087 0.001481
v 0.003839 -0.000900 0.001466
v 0.003906 -0.000711 0.001435
v 0.003985 -0.000529 0.001421
v 0.004024 -0.000337 0.001358
v 0.004048 -0.000144 0.001305
v 0.004176 0.000051 0.001244
v 0.004176 0.000251 0.001280
v 0.004160 0.000455 0.001330
v 0.004097 0.000653 0.001335
v 0.004038 0.000855 0.001356
v 0.003959 0.001055 0.001363
v 0.003874 0.001259 0.001380
v 0.003751 0.001448 0.001369
v 0.003613 0.001631 0.001359
v 0.003479 0.001823 0.001374
v 0.003319 0.001999 0.001375
v 0.003147 0.002169 0.001380
v 0.002948 0.002308 0.001361
v 0.002754 0.002461 0.001373
v 0.002546 0.002599 0.001383
v 0.002320 0.002707 0.001378
v 0.002085 0.002799 0.001375
v 0.001840 0.002871 0.001369
v 0.001597 0.002955 0.001390
v 0.001337 0.002989 0.001383
v 0.001073 0.003007 0.001379
v 0.000805 0.003013 0.001378
v 0.000536 0.003015 0.001387
v 0.000263 0.003004 0.001398
v -0.000012 0.002948 0.001379
v -0.000287 0.002910 0.001386
v -0.000560 0.002860 0.001390
v -0.000832 0.002811 0.001401
v -0.001098 0.002736 0.001393
v -0.001358 0.002654 0.001383
v -0.001620 0.002596 0.001401
v -0.001869 0.002515 0.001400
v -0.002113 0.002432 0.001403
v -0.002338 0.002326 0.001387
v -0.002566 0.002239 0.001399
v -0.002785 0.002143 0.001411
v -0.002979 0.002022 0.001402
v -0.003165 0.001898 0.001400
v -0.003335 0.001762 0.001394
v -0.003510 0.001635 0.001417
v -0.003648 0.001478 0.001408
v -0.003771 0.001315 0.001399
v -0.003886 0.001149 0.001400
v -0.003988 0.000978 0.001402
v -0.004076 0.000801 0.001399
v -0.004118 0.000611 0.001345
v -0.004170 0.000426 0.001318
v -0.004201 0.000239 0.001298
v -0.004216 0.000051 0.001306
v -0.004198 -0.000136 0.001313
v -0.004161 -0.000318 0.001330
v -0.004134 -0.000502 0.001384
v -0.004068 -0.000677 0.001397
v -0.003989 -0.000848 0.001406
v -0.003880 -0.001007 0.001393
v -0.003776 -0.001170 0.001405
v -0.003655 -0.001329 0.001417
v -0.003499 -0.001466 0.001402
v -0.003339 -0.001605 0.001401
v -0.003162 -0.001735 0.001395
v -0.002987 -0.001877 0.001415
v -0.002780 -0.001991 0.001403
v -0.002562 -0.002099 0.001392
v -0.002343 -0.002217 0.001397
v -0.002111 -0.002328 0.001401
v -0.001872 -0.002439 0.001407
v -0.001614 -0.002516 0.001384
v -0.001360 -0.002618 0.001392
v -0.001099 -0.002712 0.001397
v -0.000832 -0.002793 0.001398
v -0.000560 -0.002856 0.001389
v -0.000286 -0.002904 0.001378
v -0.000012 -0.002973 0.001396
v 0.000262 -0.002998 0.001389
v 0.000536 -0.003010 0.001386
v 0.000805 -0.002995 0.001375
v 0.001074 -0.002983 0.001383
v 0.001340 -0.002953 0.001392
v 0.001592 -0.002874 0.001375
v 0.001843 -0.002795 0.001375
v 0.002084 -0.002695 0.001372
v 0.002324 -0.002598 0.001387
v 0.002543 -0.002458 0.001376
v 0.002749 -0.002307 0.001365
v 0.002955 -0.002165 0.001374
v 0.003145 -0.002006 0.001375
v 0.003323 -0.001842 0.001381
v 0.003468 -0.001653 0.001358
v 0.003620 -0.001482 0.001368
v 0.003756 -0.001304 0.001376
v 0.003868 -0.001117 0.001372
v 0.003959 -0.000925 0.001361
v 0.004031 -0.000731 0.001338
v 0.004113 -0.000544 0.001337
v 0.004151 -0.000347 0.001292
v 0.004173 -0.000148 0.001257
v 0.004296 0.000051 0.001201
v 0.004295 0.000256 0.001222
v 0.004277 0.000464 0.001247
v 0.004210 0.000666 0.001235
v 0.004153 0.000874 0.001251
v 0.004073 0.001080 0.001257
v 0.003983 0.001288 0.001269
v 0.003856 0.001482 0.001259
v 0.003715 0.001669 0.001249
v 0.003579 0.001870 0.001266
v 0.003413 0.002050 0.001265
v 0.003235 0.002223 0.001267
v 0.003031 0.002369 0.001252
v 0.002832 0.002528 0.001264
v 0.002619 0.002672 0.001274
v 0.002384 0.002779 0.001266
v 0.002144 0.002878 0.001265
v 0.001893 0.002954 0.001261
v 0.001643 0.003041 0.001280
v 0.001375 0.003074 0.001272
v 0.001103 0.003091 0.001267
v 0.000829 0.003102 0.001270
v 0.000551 0.003101 0.001277
v 0.000271 0.003088 0.001286
v -0.000012 0.003028 0.001268
v -0.000294 0.002991 0.001276
v -0.000576 0.002940 0.001281
v -0.000855 0.002885 0.001288
v -0.001129 0.002807 0.001281
v -0.001396 0.002724 0.001272
v -0.001666 0.002667 0.001292
v -0.001922 0.002582 0.001289
v -0.002171 0.002495 0.001290
v -0.002404 0.002390 0.001277
v -0.002639 0.002303 0.001289
v -0.002864 0.002205 0.001300
v -0.003061 0.002078 0.001288
v -0.003254 0.001954 0.001288
v -0.003430 0.001817 0.001285
v -0.003609 0.001686 0.001306
v -0.003749 0.001523 0.001295
v -0.003875 0.001355 0.001286
v -0.003997 0.001186 0.001292
v -0.004101 0.001009 0.001294
v -0.004190 0.000825 0.001294
v -0.004233 0.000629 0.001254
v -0.004288 0.000439 0.001250
v -0.004322 0.000245 0.001252
v -0.004333 0.000051 0.001257
v -0.004315 -0.000142 0.001252
v -0.004278 -0.000330 0.001252
v -0.004253 -0.000521 0.001290
v -0.004183 -0.000702 0.001291
v -0.004098 -0.000877 0.001293
v -0.003990 -0.001042 0.001284
v -0.003883 -0.001211 0.001295
v -0.003758 -0.001374 0.001306
v -0.003595 -0.001513 0.001288
v -0.003433 -0.001657 0.001289
v -0.003253 -0.001791 0.001287
v -0.003071 -0.001935 0.001303
v -0.002857 -0.002049 0.001290
v -0.002633 -0.002159 0.001280
v -0.002410 -0.002282 0.001289
v -0.002171 -0.002394 0.001290
v -0.001924 -0.002505 0.001294
v -0.001659 -0.002584 0.001273
v -0.001399 -0.002691 0.001282
v -0.001130 -0.002789 0.001288
v -0.000855 -0.002868 0.001284
v -0.000575 -0.002934 0.001277
v -0.000294 -0.002987 0.001269
v -0.000012 -0.003060 0.001286
v 0.000270 -0.003084 0.001278
v 0.000551 -0.003095 0.001273
v 0.000828 -0.003085 0.001266
v 0.001105 -0.003074 0.001273
v 0.001378 -0.003042 0.001281
v 0.001637 -0.002957 0.001263
v 0.001895 -0.002878 0.001266
v 0.002144 -0.002777 0.001265
v 0.002390 -0.002672 0.001276
v 0.002614 -0.002527 0.001265
v 0.002826 -0.002371 0.001255
v 0.003041 -0.002227 0.001266
v 0.003234 -0.002060 0.001266
v 0.003416 -0.001890 0.001268
v 0.003566 -0.001696 0.001249
v 0.003724 -0.001520 0.001259
v 0.003864 -0.001338 0.001268
v 0.003975 -0.001144 0.001260
v 0.004071 -0.000948 0.001252
v 0.004146 -0.000750 0.001237
v 0.004231 -0.000559 0.001247
v 0.004267 -0.000356 0.001220
v 0.004289 -0.000153 0.001203
v 0.004406 0.000051 0.001142
v 0.004404 0.000260 0.001149
v 0.004384 0.000473 0.001155
v 0.004314 0.000678 0.001130
v 0.004257 0.000891 0.001142
v 0.004177 0.001102 0.001148
v 0.004081 0.001313 0.001154
v 0.003952 0.001511 0.001145
v 0.003808 0.001704 0.001137
v 0.003671 0.001912 0.001156
v 0.003499 0.002095 0.001152
v 0.003315 0.002271 0.001152
v 0.003108 0.002424 0.001141
v 0.002904 0.002589 0.001153
v 0.002686 0.002737 0.001161
v 0.002443 0.002845 0.001151
v 0.002198 0.002949 0.001152
v 0.001941 0.003031 0.001150
v 0.001684 0.003119 0.001167
v 0.001409 0.003151 0.001158
v 0.001131 0.003168 0.001153
v 0.000850 0.003184 0.001159
v 0.000565 0.003181 0.001164
v 0.000278 0.003164 0.001170
v -0.000012 0.003101 0.001154
v -0.000301 0.003064 0.001163
v -0.000590 0.003013 0.001169
v -0.000876 0.002951 0.001172
v -0.001156 0.002871 0.001166
v -0.001430 0.002788 0.001160
v -0.001708 0.002732 0.001179
v -0.001969 0.002642 0.001174
v -0.002224 0.002553 0.001173
v -0.002464 0.002450 0.001165
v -0.002706 0.002361 0.001176
v -0.002935 0.002262 0.001186
v -0.003135 0.002130 0.001171
v -0.003335 0.002006 0.001174
v -0.003517 0.001867 0.001173
v -0.003700 0.001732 0.001190
v -0.003842 0.001565 0.001179
v -0.003970 0.001391 0.001171
v -0.004099 0.001221 0.001181
v -0.004204 0.001037 0.001181
v -0.004293 0.000848 0.001183
v -0.004337 0.000646 0.001157
v -0.004396 0.000451 0.001174
v -0.004432 0.000251 0.001188
v -0.004439 0.000051 0.001185
v -0.004422 -0.000148 0.001178
v -0.004386 -0.000342 0.001164
v -0.004361 -0.000539 0.001188
v -0.004286 -0.000724 0.001180
v -0.004198 -0.000904 0.001177
v -0.004090 -0.001075 0.001172
v -0.003981 -0.001248 0.001182
v -0.003852 -0.001415 0.001190
v -0.003683 -0.001555 0.001171
v -0.003518 -0.001704 0.001175
v -0.003335 -0.001843 0.001175
v -0.003147 -0.001987 0.001187
v -0.002928 -0.002103 0.001174
v -0.002698 -0.002214 0.001165
v -0.002471 -0.002343 0.001177
v -0.002225 -0.002455 0.001176
v -0.001971 -0.002565 0.001177
v -0.001700 -0.002647 0.001160
v -0.001434 -0.002758 0.001169
v -0.001159 -0.002859 0.001175
v -0.000875 -0.002936 0.001168
v -0.000589 -0.003006 0.001163
v -0.000301 -0.003063 0.001157
v -0.000012 -0.003140 0.001173
v 0.000277 -0.003163 0.001164
v 0.000565 -0.003173 0.001158
v 0.000850 -0.003169 0.001155
v 0.001133 -0.003156 0.001161
v 0.001412 -0.003122 0.001167
v 0.001677 -0.003032 0.001149
v 0.001943 -0.002954 0.001153
v 0.002199 -0.002851 0.001154
v 0.002450 -0.002739 0.001162
v 0.002679 -0.002589 0.001151
v 0.002897 -0.002429 0.001142
v 0.003119 -0.002283 0.001156
v 0.003315 -0.002109 0.001153
v 0.003500 -0.001932 0.001153
v 0.003655 -0.001734 0.001138
v 0.003818 -0.001555 0.001148
v 0.003963 -0.001369 0.001156
v 0.004073 -0.001167 0.001146
v 0.004172 -0.000968 0.001141
v 0.004251 -0.000767 0.001132
v 0.004338 -0.000571 0.001151
v 0.004373 -0.000364 0.001141
v 0.004394 -0.000157 0.001140
v 0.004506 0.000051 0.001030
v 0.004502 0.000264 0.001034
v 0.004479 0.000480 0.001039
v 0.004407 0.000689 0.001020
v 0.004352 0.000907 0.001030
v 0.004272 0.001122 0.001035
v 0.004170 0.001335 0.001037
v 0.004038 0.001538 0.001030
v 0.003892 0.001736 0.001024
v 0.003754 0.001950 0.001042
v 0.003575 0.002134 0.001036
v 0.003386 0.002314 0.001035
v 0.003177 0.002474 0.001028
v 0.002969 0.002644 0.001038
v 0.002745 0.002796 0.001045
v 0.002496 0.002903 0.001034
v 0.002246 0.003014 0.001037
v 0.001985 0.003101 0.001037
v 0.001722 0.003189 0.001050
v 0.001440 0.003221 0.001041
v 0.001155 0.003238 0.001036
v 0.000870 0.003259 0.001045
v 0.000578 0.003252 0.001048
v 0.000284 0.003231 0.001052
v -0.000012 0.003166 0.001038
v -0.000308 0.003131 0.001048
v -0.000603 0.003079 0.001054
v -0.000895 0.003010 0.001053
v -0.001181 0.002930 0.001049
v -0.001462 0.002846 0.001044
v -0.001746 0.002791 0.001063
v -0.002012 0.002697 0.001056
v -0.002271 0.002604 0.001054
v -0.002519 0.002504 0.001050
v -0.002766 0.002415 0.001060
v -0.003000 0.002313 0.001067
v -0.003202 0.002177 0.001052
v -0.003408 0.002053 0.001057
v -0.003596 0.001914 0.001058
v -0.003780 0.001774 0.001071
v -0.003925 0.001602 0.001060
v -0.004056 0.001425 0.001053
v -0.004192 0.001253 0.001066
v -0.004296 0.001063 0.001065
v -0.004385 0.000868 0.001068
v -0.004431 0.000662 0.001052
v -0.004494 0.000462 0.001064
v -0.004531 0.000257 0.001071
v -0.004534 0.000051 0.001065
v -0.004518 -0.000153 0.001060
v -0.004483 -0.000353 0.001055
v -0.004459 -0.000555 0.001075
v -0.004379 -0.000744 0.001063
v -0.004288 -0.000928 0.001059
v -0.004182 -0.001105 0.001057
v -0.004069 -0.001283 0.001065
v -0.003937 -0.001452 0.001071
v -0.003762 -0.001594 0.001052
v -0.003596 -0.001748 0.001058
v -0.003410 -0.001891 0.001060
v -0.003216 -0.002034 0.001067
v -0.002991 -0.002151 0.001056
v -0.002757 -0.002265 0.001048
v -0.002527 -0.002399 0.001061
v -0.002274 -0.002509 0.001058
v -0.002013 -0.002618 0.001058
v -0.001737 -0.002704 0.001044
v -0.001465 -0.002818 0.001054
v -0.001184 -0.002922 0.001059
v -0.000894 -0.002996 0.001050
v -0.000602 -0.003071 0.001047
v -0.000307 -0.003133 0.001043
v -0.000012 -0.003211 0.001057
v 0.000283 -0.003233 0.001046
v 0.000577 -0.003244 0.001041
v 0.000869 -0.003245 0.001041
v 0.001158 -0.003231 0.001046
v 0.001444 -0.003193 0.001049
v 0.001714 -0.003100 0.001033
v 0.001986 -0.003023 0.001039
v 0.002249 -0.002919 0.001041
v 0.002503 -0.002799 0.001044
v 0.002738 -0.002645 0.001035
v 0.002961 -0.002481 0.001028
v 0.003189 -0.002333 0.001042
v 0.003388 -0.002152 0.001037
v 0.003575 -0.001969 0.001036
v 0.003736 -0.001769 0.001024
v 0.003904 -0.001587 0.001035
v 0.004051 -0.001396 0.001041
v 0.004160 -0.001188 0.001029
v 0.004264 -0.000987 0.001028
v 0.004347 -0.000782 0.001024
v 0.004435 -0.000583 0.001043
v 0.004469 -0.000371 0.001031
v 0.004489 -0.000160 0.001024
v 0.004596 0.000051 0.000915
v 0.004589 0.000267 0.000917
v 0.004564 0.000486 0.000920
v 0.004490 0.000698 0.000904
v 0.004437 0.000920 0.000915
v 0.004356 0.001140 0.000919
v 0.004247 0.001354 0.000918
v 0.004115 0.001561 0.000912
v 0.003968 0.001764 0.000908
v 0.003828 0.001983 0.000925
v 0.003643 0.002169 0.000918
v 0.003449 0.002351 0.000916
v 0.003239 0.002519 0.000913
v 0.003027 0.002692 0.000921
v 0.002798 0.002847 0.000927
v 0.002542 0.002955 0.000915
v 0.002290 0.003072 0.000920
v 0.002024 0.003164 0.000921
v 0.001755 0.003250 0.000930
v 0.001468 0.003282 0.000922
v 0.001178 0.003300 0.000919
v 0.000887 0.003326 0.000928
v 0.000589 0.003315 0.000929
v 0.000289 0.003290 0.000932
v -0.000012 0.003226 0.000920
v -0.000314 0.003191 0.000930
v -0.000614 0.003137 0.000936
v -0.000911 0.003061 0.000932
v -0.001203 0.002982 0.000930
v -0.001490 0.002899 0.000927
v -0.001780 0.002843 0.000943
v -0.002050 0.002744 0.000936
v -0.002313 0.002650 0.000933
v -0.002568 0.002554 0.000933
v -0.002819 0.002462 0.000941
v -0.003057 0.002359 0.000946
v -0.003262 0.002218 0.000932
v -0.003474 0.002096 0.000938
v -0.003667 0.001956 0.000941
v -0.003851 0.001811 0.000949
v -0.003998 0.001636 0.000939
v -0.004133 0.001456 0.000934
v -0.004275 0.001281 0.000947
v -0.004378 0.001086 0.000945
v -0.004466 0.000886 0.000946
v -0.004516 0.000676 0.000933
v -0.004581 0.000472 0.000945
v -0.004619 0.000262 0.000951
v -0.004617 0.000051 0.000942
v -0.004604 -0.000158 0.000940
v -0.004570 -0.000362 0.000937
v -0.004545 -0.000570 0.000954
v -0.004461 -0.000762 0.000943
v -0.004367 -0.000949 0.000938
v -0.004264 -0.001133 0.000939
v -0.004148 -0.001313 0.000945
v -0.004011 -0.001485 0.000949
v -0.003832 -0.001628 0.000932
v -0.003665 -0.001788 0.000939
v -0.003477 -0.001934 0.000942
v -0.003276 -0.002076 0.000945
v -0.003047 -0.002194 0.000936
v -0.002809 -0.002310 0.000930
v -0.002576 -0.002449 0.000943
v -0.002317 -0.002556 0.000938
v -0.002050 -0.002665 0.000937
v -0.001771 -0.002755 0.000926
v -0.001494 -0.002872 0.000935
v -0.001207 -0.002977 0.000939
v -0.000910 -0.003049 0.000929
v -0.000613 -0.003129 0.000928
v -0.000313 -0.003195 0.000926
v -0.000012 -0.003274 0.000937
v 0.000289 -0.003295 0.000927
v 0.000588 -0.003306 0.000922
v 0.000886 -0.003313 0.000925
v 0.001181 -0.003296 0.000927
v 0.001471 -0.003256 0.000930
v 0.001746 -0.003161 0.000915
v 0.002025 -0.003085 0.000922
v 0.002293 -0.002979 0.000924
v 0.002550 -0.002851 0.000925
v 0.002790 -0.002694 0.000917
v 0.003018 -0.002527 0.000912
v 0.003252 -0.002378 0.000925
v 0.003453 -0.002190 0.000919
v 0.003642 -0.002001 0.000917
v 0.003809 -0.001800 0.000909
v 0.003980 -0.001614 0.000918
v 0.004130 -0.001419 0.000924
v 0.004237 -0.001206 0.000910
v 0.004346 -0.001003 0.000912
v 0.004432 -0.000796 0.000911
v 0.004520 -0.000592 0.000924
v 0.004553 -0.000377 0.000913
v 0.004573 -0.000163 0.000907
v 0.004675 0.000051 0.000798
v 0.004664 0.000270 0.000798
v 0.004636 0.000491 0.000799
v 0.004563 0.000706 0.000786
v 0.004512 0.000932 0.000797
v 0.004429 0.001155 0.000801
v 0.004314 0.001370 0.000797
v 0.004182 0.001581 0.000793
v 0.004034 0.001788 0.000791
v 0.003892 0.002012 0.000806
v 0.003702 0.002198 0.000798
v 0.003504 0.002383 0.000796
v 0.003294 0.002558 0.000795
v 0.003078 0.002734 0.000802
v 0.002844 0.002891 0.000806
v 0.002583 0.002999 0.000795
v 0.002328 0.003123 0.000801
v 0.002058 0.003218 0.000802
v 0.001783 0.003303 0.000809
v 0.001491 0.003335 0.000802
v 0.001197 0.003355 0.000799
v 0.000902 0.003384 0.000809
v 0.000599 0.003369 0.000808
v 0.000294 0.003341 0.000809
v -0.000012 0.003278 0.000801
v -0.000319 0.003243 0.000810
v -0.000624 0.003188 0.000815
v -0.000925 0.003105 0.000810
v -0.001223 0.003027 0.000809
v -0.001515 0.002945 0.000808
v -0.001809 0.002888 0.000821
v -0.002082 0.002786 0.000813
v -0.002350 0.002690 0.000811
v -0.002611 0.002598 0.000813
v -0.002865 0.002504 0.000819
v -0.003106 0.002398 0.000823
v -0.003313 0.002255 0.000809
v -0.003531 0.002134 0.000817
v -0.003728 0.001993 0.000820
v -0.003913 0.001842 0.000824
v -0.004062 0.001665 0.000816
v -0.004200 0.001483 0.000812
v -0.004347 0.001307 0.000826
v -0.004448 0.001106 0.000822
v -0.004536 0.000902 0.000822
v -0.004590 0.000688 0.000812
v -0.004658 0.000480 0.000823
v -0.004696 0.000266 0.000828
v -0.004689 0.000051 0.000818
v -0.004679 -0.000162 0.000818
v -0.004647 -0.000371 0.000817
v -0.004620 -0.000582 0.000831
v -0.004532 -0.000777 0.000819
v -0.004437 -0.000968 0.000815
v -0.004336 -0.001158 0.000819
v -0.004216 -0.001340 0.000823
v -0.004075 -0.001514 0.000825
v -0.003893 -0.001659 0.000810
v -0.003726 -0.001823 0.000818
v -0.003536 -0.001972 0.000821
v -0.003327 -0.002112 0.000821
v -0.003096 -0.002232 0.000814
v -0.002855 -0.002351 0.000809
v -0.002620 -0.002493 0.000822
v -0.002354 -0.002598 0.000816
v -0.002083 -0.002706 0.000814
v -0.001800 -0.002801 0.000807
v -0.001518 -0.002920 0.000814
v -0.001227 -0.003025 0.000818
v -0.000924 -0.003094 0.000807
v -0.000623 -0.003180 0.000808
v -0.000318 -0.003250 0.000807
v -0.000012 -0.003328 0.000815
v 0.000294 -0.003348 0.000806
v 0.000598 -0.003361 0.000802
v 0.000901 -0.003374 0.000806
v 0.001200 -0.003353 0.000807
v 0.001495 -0.003310 0.000808
v 0.001775 -0.003214 0.000796
v 0.002059 -0.003139 0.000803
v 0.002331 -0.003031 0.000805
v 0.002591 -0.002895 0.000803
v 0.002835 -0.002736 0.000798
v 0.003068 -0.002568 0.000794
v 0.003307 -0.002416 0.000806
v 0.003508 -0.002221 0.000799
v 0.003700 -0.002028 0.000796
v 0.003873 -0.001827 0.000792
v 0.004046 -0.001638 0.000800
v 0.004197 -0.001439 0.000804
v 0.004303 -0.001221 0.000790
v 0.004418 -0.001017 0.000794
v 0.004508 -0.000808 0.000794
v 0.004593 -0.000600 0.000804
v 0.004625 -0.000382 0.000793
v 0.004647 -0.000166 0.000788
v 0.004742 0.000051 0.000679
v 0.004727 0.000272 0.000677
v 0.004697 0.000495 0.000677
v 0.004626 0.000713 0.000667
v 0.004576 0.000942 0.000677
v 0.004492 0.001168 0.000680
v 0.004370 0.001383 0.000674
v 0.004239 0.001598 0.000673
v 0.004091 0.001810 0.000672
v 0.003946 0.002035 0.000684
v 0.003752 0.002223 0.000676
v 0.003551 0.002409 0.000674
v 0.003341 0.002593 0.000676
v 0.003120 0.002770 0.000681
v 0.002882 0.002927 0.000683
v 0.002618 0.003037 0.000674
v 0.002360 0.003167 0.000680
v 0.002088 0.003265 0.000682
v 0.001807 0.003346 0.000685
v 0.001512 0.003381 0.000680
v 0.001214 0.003402 0.000678
v 0.000915 0.003435 0.000688
v 0.000608 0.003414 0.000685
v 0.000298 0.003384 0.000686
v -0.000012 0.003323 0.000680
v -0.000323 0.003288 0.000688
v -0.000633 0.003231 0.000692
v -0.000937 0.003141 0.000685
v -0.001239 0.003066 0.000686
v -0.001536 0.002985 0.000686
v -0.001834 0.002926 0.000697
v -0.002110 0.002820 0.000689
v -0.002381 0.002724 0.000687
v -0.002648 0.002636 0.000691
v -0.002904 0.002539 0.000695
v -0.003147 0.002431 0.000697
v -0.003357 0.002287 0.000686
v -0.003581 0.002167 0.000694
v -0.003781 0.002025 0.000697
v -0.003964 0.001869 0.000698
v -0.004117 0.001690 0.000692
v -0.004258 0.001507 0.000690
v -0.004409 0.001329 0.000702
v -0.004508 0.001123 0.000697
v -0.004596 0.000915 0.000696
v -0.004654 0.000700 0.000690
v -0.004723 0.000488 0.000699
v -0.004760 0.000270 0.000703
v -0.004749 0.000051 0.000692
v -0.004744 -0.000166 0.000694
v -0.004713 -0.000379 0.000694
v -0.004683 -0.000593 0.000704
v -0.004592 -0.000791 0.000694
v -0.004496 -0.000985 0.000691
v -0.004399 -0.001180 0.000697
v -0.004273 -0.001363 0.000698
v -0.004129 -0.001538 0.000699
v -0.003945 -0.001686 0.000687
v -0.003779 -0.001854 0.000695
v -0.003585 -0.002005 0.000697
v -0.003371 -0.002142 0.000695
v -0.003138 -0.002265 0.000690
v -0.002895 -0.002386 0.000687
v -0.002656 -0.002530 0.000698
v -0.002385 -0.002632 0.000691
v -0.002110 -0.002740 0.000689
v -0.001825 -0.002840 0.000685
v -0.001539 -0.002960 0.000692
v -0.001243 -0.003065 0.000693
v -0.000936 -0.003132 0.000683
v -0.000631 -0.003224 0.000686
v -0.000323 -0.003298 0.000686
v -0.000012 -0.003373 0.000691
v 0.000298 -0.003394 0.000683
v 0.000606 -0.003408 0.000680
v 0.000914 -0.003426 0.000685
v 0.001217 -0.003402 0.000685
v 0.001515 -0.003355 0.000684
v 0.001799 -0.003260 0.000675
v 0.002088 -0.003185 0.000682
v 0.002364 -0.003075 0.000684
v 0.002625 -0.002931 0.000680
v 0.002874 -0.002773 0.000676
v 0.003111 -0.002603 0.000674
v 0.003353 -0.002449 0.000685
v 0.003555 -0.002248 0.000677
v 0.003749 -0.002051 0.000675
v 0.003928 -0.001851 0.000673
v 0.004103 -0.001658 0.000679
v 0.004254 -0.001455 0.000681
v 0.004360 -0.001233 0.000669
v 0.004480 -0.001029 0.000674
v 0.004572 -0.000818 0.000675
v 0.004655 -0.000607 0.000681
v 0.004687 -0.000386 0.000672
v 0.004711 -0.000168 0.000668
v 0.004798 0.000051 0.000557
v 0.004779 0.000274 0.000554
v 0.004747 0.000499 0.000553
v 0.004679 0.000719 0.000547
v 0.004628 0.000951 0.000555
v 0.004542 0.001178 0.000558
v 0.004415 0.001393 0.000551
v 0.004287 0.001613 0.000552
v 0.004138 0.001828 0.000552
v 0.003991 0.002054 0.000560
v 0.003792 0.002242 0.000553
v 0.003589 0.002431 0.000552
v 0.003380 0.002621 0.000555
v 0.003155 0.002798 0.000558
v 0.002914 0.002956 0.000559
v 0.002646 0.003068 0.000551
v 0.002387 0.003203 0.000557
v 0.002112 0.003304 0.000559
v 0.001826 0.003381 0.000560
v 0.001528 0.003418 0.000557
v 0.001227 0.003442 0.000556
v 0.000926 0.003477 0.000564
v 0.000614 0.003451 0.000561
v 0.000302 0.003419 0.000561
v -0.000012 0.003361 0.000558
v -0.000326 0.003325 0.000564
v -0.000640 0.003265 0.000567
v -0.000947 0.003171 0.000560
v -0.001253 0.003099 0.000563
v -0.001554 0.003019 0.000563
v -0.001854 0.002956 0.000571
v -0.002133 0.002849 0.000564
v -0.002407 0.002752 0.000562
v -0.002679 0.002669 0.000567
v -0.002936 0.002568 0.000569
v -0.003181 0.002457 0.000570
v -0.003394 0.002313 0.000562
v -0.003622 0.002195 0.000569
v -0.003824 0.002052 0.000571
v -0.004005 0.001890 0.000571
v -0.004162 0.001711 0.000567
v -0.004306 0.001527 0.000565
v -0.004460 0.001347 0.000576
v -0.004556 0.001137 0.000570
v -0.004644 0.000926 0.000569
v -0.004708 0.000709 0.000566
v -0.004776 0.000494 0.000573
v -0.004813 0.000273 0.000575
v -0.004798 0.000051 0.000566
v -0.004797 -0.000169 0.000569
v -0.004768 -0.000385 0.000570
v -0.004733 -0.000601 0.000576
v -0.004641 -0.000802 0.000568
v -0.004545 -0.000998 0.000565
v -0.004451 -0.001198 0.000572
v -0.004320 -0.001381 0.000572
v -0.004173 -0.001557 0.000572
v -0.003988 -0.001708 0.000562
v -0.003822 -0.001879 0.000570
v -0.003626 -0.002032 0.000572
v -0.003406 -0.002166 0.000568
v -0.003172 -0.002292 0.000565
v -0.002928 -0.002416 0.000564
v -0.002686 -0.002561 0.000572
v -0.002411 -0.002660 0.000566
v -0.002132 -0.002768 0.000564
v -0.001846 -0.002874 0.000562
v -0.001556 -0.002993 0.000567
v -0.001257 -0.003097 0.000568
v -0.000946 -0.003164 0.000559
v -0.000638 -0.003261 0.000562
v -0.000326 -0.003337 0.000562
v -0.000012 -0.003409 0.000565
v 0.000301 -0.003431 0.000559
v 0.000613 -0.003447 0.000557
v 0.000925 -0.003469 0.000562
v 0.001230 -0.003440 0.000560
v 0.001531 -0.003392 0.000560
v 0.001819 -0.003298 0.000553
v 0.002112 -0.003224 0.000559
v 0.002391 -0.003111 0.000560
v 0.002652 -0.002961 0.000556
v 0.002906 -0.002803 0.000554
v 0.003147 -0.002633 0.000553
v 0.003391 -0.002475 0.000561
v 0.003594 -0.002269 0.000554
v 0.003789 -0.002069 0.000552
v 0.003974 -0.001871 0.000553
v 0.004149 -0.001674 0.000556
v 0.004301 -0.001468 0.000558
v 0.004406 -0.001243 0.000547
v 0.004531 -0.001039 0.000553
v 0.004626 -0.000826 0.000554
v 0.004704 -0.000612 0.000557
v 0.004738 -0.000390 0.000550
v 0.004763 -0.000170 0.000548
v 0.004843 0.000051 0.000434
v 0.004818 0.000276 0.000430
v 0.004784 0.000501 0.000429
v 0.004721 0.000724 0.000426
v 0.004669 0.000957 0.000432
v 0.004581 0.001186 0.000433
v 0.004450 0.001400 0.000427
v 0.004324 0.001624 0.000429
v 0.004176 0.001842 0.000430
v 0.004024 0.002068 0.000435
v 0.003823 0.002257 0.000429
v 0.003619 0.002449 0.000429
v 0.003411 0.002645 0.000432
v 0.003182 0.002820 0.000433
v 0.002937 0.002978 0.000434
v 0.002668 0.003092 0.000428
v 0.002409 0.003232 0.000434
v 0.002131 0.003335 0.000435
v 0.001841 0.003407 0.000435
v 0.001541 0.003447 0.000432
v 0.001238 0.003474 0.000432
v 0.000934 0.003509 0.000439
v 0.000619 0.003479 0.000435
v 0.000304 0.003445 0.000435
v -0.000012 0.003392 0.000434
v -0.000329 0.003354 0.000439
v -0.000645 0.003291 0.000440
v -0.000954 0.003193 0.000435
v -0.001264 0.003125 0.000437
v -0.001567 0.003046 0.000438
v -0.001869 0.002979 0.000443
v -0.002150 0.002870 0.000438
v -0.002427 0.002775 0.000437
v -0.002704 0.002695 0.000442
v -0.002961 0.002590 0.000442
v -0.003206 0.002477 0.000442
v -0.003423 0.002334 0.000436
v -0.003654 0.002217 0.000443
v -0.003858 0.002073 0.000444
v -0.004036 0.001906 0.000442
v -0.004197 0.001728 0.000440
v -0.004344 0.001543 0.000440
v -0.004499 0.001362 0.000448
v -0.004593 0.001147 0.000442
v -0.004681 0.000934 0.000441
v -0.004751 0.000717 0.000441
v -0.004818 0.000499 0.000445
v -0.004853 0.000275 0.000447
v -0.004836 0.000051 0.000439
v -0.004840 -0.000171 0.000443
v -0.004811 -0.000390 0.000443
v -0.004772 -0.000608 0.000447
v -0.004679 -0.000810 0.000441
v -0.004583 -0.001009 0.000439
v -0.004492 -0.001213 0.000445
v -0.004356 -0.001396 0.000444
v -0.004206 -0.001572 0.000443
v -0.004022 -0.001726 0.000437
v -0.003856 -0.001900 0.000443
v -0.003658 -0.002053 0.000444
v -0.003432 -0.002184 0.000440
v -0.003199 -0.002314 0.000439
v -0.002954 -0.002440 0.000438
v -0.002710 -0.002584 0.000445
v -0.002430 -0.002681 0.000439
v -0.002150 -0.002790 0.000437
v -0.001863 -0.002902 0.000438
v -0.001570 -0.003018 0.000440
v -0.001267 -0.003122 0.000441
v -0.000954 -0.003188 0.000434
v -0.000644 -0.003291 0.000437
v -0.000329 -0.003368 0.000438
v -0.000012 -0.003436 0.000439
v 0.000304 -0.003460 0.000434
v 0.000618 -0.003478 0.000433
v 0.000934 -0.003504 0.000438
v 0.001241 -0.003470 0.000435
v 0.001544 -0.003420 0.000434
v 0.001835 -0.003329 0.000430
v 0.002130 -0.003254 0.000435
v 0.002412 -0.003139 0.000435
v 0.002674 -0.002982 0.000431
v 0.002931 -0.002827 0.000431
v 0.003175 -0.002656 0.000431
v 0.003420 -0.002495 0.000436
v 0.003623 -0.002285 0.000430
v 0.003820 -0.002084 0.000429
v 0.004011 -0.001887 0.000431
v 0.004185 -0.001686 0.000432
v 0.004336 -0.001477 0.000433
v 0.004443 -0.001251 0.000425
v 0.004572 -0.001047 0.000430
v 0.004668 -0.000833 0.000431
v 0.004742 -0.000615 0.000432
v 0.004778 -0.000392 0.000427
v 0.004805 -0.000171 0.000426
v 0.004874 0.000051 0.000309
v 0.004845 0.000276 0.000305
v 0.004811 0.000503 0.000305
v 0.004752 0.000728 0.000304
v 0.004699 0.000962 0.000307
v 0.004609 0.001191 0.000308
v 0.004474 0.001405 0.000304
v 0.004352 0.001633 0.000306
v 0.004204 0.001853 0.000306
v 0.004048 0.002078 0.000309
v 0.003845 0.002267 0.000305
v 0.003641 0.002461 0.000305
v 0.003434 0.002662 0.000308
v 0.003201 0.002835 0.000308
v 0.002954 0.002992 0.000308
v 0.002685 0.003111 0.000305
v 0.002424 0.003254 0.000309
v 0.002144 0.003356 0.000309
v 0.001851 0.003424 0.000308
v 0.001551 0.003469 0.000308
v 0.001246 0.003497 0.000308
v 0.000940 0.003532 0.000312
v 0.000623 0.003498 0.000309
v 0.000306 0.003464 0.000309
v -0.000012 0.003416 0.000309
v -0.000331 0.003374 0.000312
v -0.000649 0.003309 0.000312
v -0.000960 0.003209 0.000309
v -0.001272 0.003145 0.000311
v -0.001578 0.003066 0.000312
v -0.001880 0.002994 0.000314
v -0.002162 0.002885 0.000311
v -0.002442 0.002791 0.000310
v -0.002722 0.002714 0.000314
v -0.002978 0.002605 0.000314
v -0.003224 0.002491 0.000314
v -0.003444 0.002350 0.000310
v -0.003677 0.002234 0.000315
v -0.003882 0.002088 0.000316
v -0.004058 0.001917 0.000313
v -0.004223 0.001741 0.000313
v -0.004373 0.001555 0.000313
v -0.004527 0.001372 0.000318
v -0.004619 0.001155 0.000314
v -0.004708 0.000940 0.000313
v -0.004783 0.000723 0.000314
v -0.004848 0.000502 0.000316
v -0.004881 0.000277 0.000317
v -0.004863 0.000051 0.000311
v -0.004871 -0.000173 0.000315
v -0.004843 -0.000394 0.000315
v -0.004798 -0.000612 0.000317
v -0.004706 -0.000816 0.000313
v -0.004612 -0.001017 0.000312
v -0.004522 -0.001224 0.000317
v -0.004381 -0.001405 0.000315
v -0.004229 -0.001582 0.000314
v -0.004048 -0.001739 0.000311
v -0.003881 -0.001915 0.000315
v -0.003680 -0.002068 0.000316
v -0.003451 -0.002196 0.000312
v -0.003219 -0.002330 0.000312
v -0.002973 -0.002458 0.000312
v -0.002726 -0.002601 0.000316
v -0.002444 -0.002696 0.000311
v -0.002162 -0.002805 0.000311
v -0.001875 -0.002923 0.000312
v -0.001579 -0.003036 0.000313
v -0.001274 -0.003138 0.000313
v -0.000959 -0.003205 0.000308
v -0.000648 -0.003313 0.000311
v -0.000331 -0.003391 0.000311
v -0.000012 -0.003454 0.000311
v 0.000306 -0.003481 0.000309
v 0.000622 -0.003502 0.000308
v 0.000940 -0.003529 0.000311
v 0.001248 -0.003490 0.000309
v 0.001552 -0.003439 0.000308
v 0.001847 -0.003353 0.000306
v 0.002144 -0.003276 0.000309
v 0.002427 -0.003158 0.000310
v 0.002688 -0.002997 0.000306
v 0.002950 -0.002845 0.000307
v 0.003196 -0.002674 0.000307
v 0.003441 -0.002508 0.000310
v 0.003644 -0.002295 0.000306
v 0.003843 -0.002094 0.000305
v 0.004038 -0.001900 0.000307
v 0.004210 -0.001694 0.000307
v 0.004360 -0.001483 0.000307
v 0.004469 -0.001257 0.000302
v 0.004602 -0.001054 0.000307
v 0.004698 -0.000838 0.000307
v 0.004767 -0.000618 0.000306
v 0.004806 -0.000394 0.000304
v 0.004836 -0.000173 0.000304
v 0.004894 0.000051 0.000183
v 0.004860 0.000277 0.000181
v 0.004826 0.000504 0.000181
v 0.004773 0.000731 0.000180
v 0.004717 0.000965 0.000182
v 0.004625 0.001194 0.000182
v 0.004488 0.001407 0.000180
v 0.004370 0.001639 0.000181
v 0.004221 0.001860 0.000182
v 0.004061 0.002082 0.000183
v 0.003858 0.002273 0.000181
v 0.003654 0.002469 0.000181
v 0.003449 0.002674 0.000183
v 0.003212 0.002843 0.000182
v 0.002964 0.003000 0.000182
v 0.002695 0.003122 0.000181
v 0.002434 0.003267 0.000183
v 0.002152 0.003369 0.000183
v 0.001857 0.003433 0.000182
v 0.001557 0.003482 0.000182
v 0.001251 0.003513 0.000182
v 0.000944 0.003546 0.000184
v 0.000625 0.003509 0.000183
v 0.000307 0.003475 0.000183
v -0.000012 0.003432 0.000183
v -0.000332 0.003386 0.000184
v -0.000651 0.003319 0.000184
v -0.000963 0.003218 0.000182
v -0.001277 0.003158 0.000184
v -0.001584 0.003079 0.000184
v -0.001886 0.003001 0.000185
v -0.002170 0.002894 0.000184
v -0.002451 0.002802 0.000184
v -0.002733 0.002727 0.000186
v -0.002988 0.002613 0.000185
v -0.003234 0.002498 0.000185
v -0.003457 0.002361 0.000184
v -0.003692 0.002244 0.000186
v -0.003897 0.002096 0.000186
v -0.004070 0.001922 0.000185
v -0.004239 0.001749 0.000185
v -0.004391 0.001563 0.000185
v -0.004544 0.001377 0.000187
v -0.004633 0.001158 0.000185
v -0.004723 0.000944 0.000185
v -0.004804 0.000727 0.000186
v -0.004865 0.000504 0.000186
v -0.004897 0.000277 0.000186
v -0.004879 0.000051 0.000184
v -0.004892 -0.000174 0.000186
v -0.004863 -0.000396 0.000186
v -0.004812 -0.000614 0.000186
v -0.004723 -0.000820 0.000185
v -0.004629 -0.001022 0.000185
v -0.004541 -0.001231 0.000187
v -0.004395 -0.001411 0.000185
v -0.004243 -0.001588 0.000185
v -0.004064 -0.001749 0.000184
v -0.003896 -0.001924 0.000186
v -0.003694 -0.002076 0.000186
v -0.003461 -0.002202 0.000184
v -0.003232 -0.002341 0.000185
v -0.002986 -0.002470 0.000185
v -0.002736 -0.002610 0.000186
v -0.002452 -0.002704 0.000184
v -0.002170 -0.002814 0.000184
v -0.001883 -0.002937 0.000185
v -0.001585 -0.003046 0.000185
v -0.001278 -0.003147 0.000184
v -0.000963 -0.003216 0.000182
v -0.000651 -0.003327 0.000184
v -0.000332 -0.003405 0.000184
v -0.000012 -0.003463 0.000184
v 0.000307 -0.003493 0.000183
v 0.000625 -0.003516 0.000182
v 0.000944 -0.003544 0.000184
v 0.001252 -0.003501 0.000183
v 0.001558 -0.003450 0.000182
v 0.001855 -0.003368 0.000182
v 0.002152 -0.003289 0.000183
v 0.002435 -0.003169 0.000183
v 0.002697 -0.003005 0.000181
v 0.002961 -0.002857 0.000182
v 0.003209 -0.002686 0.000182
v 0.003452 -0.002515 0.000183
v 0.003656 -0.002301 0.000181
v 0.003857 -0.002100 0.000181
v 0.004056 -0.001909 0.000182
v 0.004224 -0.001699 0.000182
v 0.004374 -0.001486 0.000182
v 0.004485 -0.001261 0.000180
v 0.004621 -0.001058 0.000182
v 0.004716 -0.000841 0.000182
v 0.004780 -0.000618 0.000181
v 0.004824 -0.000396 0.000180
v 0.004855 -0.000173 0.000180
v 0.004900 0.000051 0.000056
v 0.004864 0.000277 0.000056
v 0.004831 0.000504 0.000056
v 0.004782 0.000733 0.000056
v 0.004723 0.000966 0.000056
v 0.004628 0.001194 0.000056
v 0.004492 0.001408 0.000056
v 0.004377 0.001642 0.000056
v 0.004228 0.001863 0.000056
v 0.004063 0.002082 0.000056
v 0.003862 0.002274 0.000056
v 0.003659 0.002472 0.000056
v 0.003455 0.002679 0.000056
v 0.003215 0.002844 0.000056
v 0.002966 0.003001 0.000056
v 0.002699 0.003128 0.000056
v 0.002438 0.003273 0.000056
v 0.002155 0.003373 0.000056
v 0.001858 0.003433 0.000056
v 0.001559 0.003488 0.000056
v 0.001253 0.003520 0.000056
v 0.000945 0.003550 0.000056
v 0.000626 0.003511 0.000056
v 0.000307 0.003478 0.000056
v -0.000012 0.003440 0.000056
v -0.000333 0.003390 0.000056
v -0.000652 0.003321 0.000056
v -0.000964 0.003220 0.000056
v -0.001279 0.003164 0.000056
v -0.001586 0.003084 0.000056
v -0.001887 0.003001 0.000056
v -0.002172 0.002897 0.000056
v -0.002454 0.002807 0.000056
v -0.002738 0.002733 0.000056
v -0.002990 0.002614 0.000056
v -0.003237 0.002499 0.000056
v -0.003463 0.002366 0.000056
v -0.003697 0.002248 0.000056
v -0.003901 0.002099 0.000056
v -0.004072 0.001922 0.000056
v -0.004246 0.001752 0.000056
v -0.004398 0.001567 0.000056
v -0.004548 0.001379 0.000056
v -0.004637 0.001159 0.000056
v -0.004728 0.000945 0.000056
v -0.004814 0.000729 0.000056
v -0.004870 0.000505 0.000056
v -0.004900 0.000278 0.000056
v -0.004885 0.000051 0.000056
v -0.004900 -0.000175 0.000056
v -0.004870 -0.000397 0.000056
v -0.004814 -0.000614 0.000056
v -0.004728 -0.000821 0.000056
v -0.004637 -0.001025 0.000056
v -0.004548 -0.001233 0.000056
v -0.004398 -0.001411 0.000056
v -0.004246 -0.001589 0.000056
v -0.004072 -0.001753 0.000056
v -0.003901 -0.001928 0.000056
v -0.003697 -0.002079 0.000056
v -0.003463 -0.002202 0.000056
v -0.003237 -0.002346 0.000056
v -0.002990 -0.002475 0.000056
v -0.002738 -0.002611 0.000056
v -0.002454 -0.002705 0.000056
v -0.002172 -0.002818 0.000056
v -0.001887 -0.002944 0.000056
v -0.001586 -0.003048 0.000056
v -0.001279 -0.003148 0.000056
v -0.000964 -0.003220 0.000056
v -0.000652 -0.003333 0.000056
v -0.000333 -0.003410 0.000056
v -0.000012 -0.003463 0.000056
v 0.000307 -0.003498 0.000056
v 0.000626 -0.003523 0.000056
v 0.000945 -0.003550 0.000056
v 0.001253 -0.003503 0.000056
v 0.001559 -0.003452 0.000056
v 0.001858 -0.003376 0.000056
v 0.002155 -0.003294 0.000056
v 0.002438 -0.003172 0.000056
v 0.002699 -0.003006 0.000056
v 0.002966 -0.002862 0.000056
v 0.003215 -0.002691 0.000056
v 0.003455 -0.002516 0.000056
v 0.003659 -0.002303 0.000056
v 0.003862 -0.002103 0.000056
v 0.004064 -0.001913 0.000056
v 0.004228 -0.001699 0.000056
v 0.004377 -0.001486 0.000056
v 0.004492 -0.001263 0.000056
v 0.004629 -0.001060 0.000056
v 0.004723 -0.000842 0.000056
v 0.004782 -0.000618 0.000056
v 0.004831 -0.000396 0.000056
v 0.004864 -0.000174 0.000056
v 0.004894 0.000051 -0.000070
v 0.004855 0.000276 -0.000068
v 0.004824 0.000503 -0.000068
v 0.004780 0.000733 -0.000069
v 0.004716 0.000965 -0.000069
v 0.004621 0.001192 -0.000069
v 0.004485 0.001406 -0.000067
v 0.004374 0.001642 -0.000069
v 0.004224 0.001862 -0.000069
v 0.004056 0.002078 -0.000069
v 0.003857 0.002271 -0.000068
v 0.003656 0.002471 -0.000068
v 0.003452 0.002678 -0.000070
v 0.003209 0.002839 -0.000069
v 0.002961 0.002996 -0.000069
v 0.002697 0.003126 -0.000069
v 0.002435 0.003270 -0.000070
v 0.002152 0.003369 -0.000070
v 0.001855 0.003426 -0.000069
v 0.001558 0.003486 -0.000070
v 0.001252 0.003518 -0.000070
v 0.000944 0.003544 -0.000072
v 0.000625 0.003504 -0.000070
v 0.000307 0.003473 -0.000070
v -0.000012 0.003440 -0.000071
v -0.000332 0.003385 -0.000071
v -0.000651 0.003315 -0.000071
v -0.000963 0.003216 -0.000070
v -0.001278 0.003163 -0.000072
v -0.001585 0.003082 -0.000072
v -0.001883 0.002994 -0.000072
v -0.002170 0.002894 -0.000071
v -0.002452 0.002805 -0.000071
v -0.002735 0.002731 -0.000074
v -0.002986 0.002609 -0.000072
v -0.003232 0.002494 -0.000072
v -0.003461 0.002365 -0.000071
v -0.003693 0.002246 -0.000073
v -0.003896 0.002095 -0.000073
v -0.004065 0.001917 -0.000071
v -0.004243 0.001751 -0.000073
v -0.004395 0.001566 -0.000073
v -0.004541 0.001376 -0.000074
v -0.004630 0.001157 -0.000072
v -0.004723 0.000943 -0.000072
v -0.004812 0.000729 -0.000074
v -0.004863 0.000504 -0.000074
v -0.004892 0.000277 -0.000073
v -0.004879 0.000051 -0.000071
v -0.004897 -0.000175 -0.000074
v -0.004865 -0.000397 -0.000074
v -0.004804 -0.000612 -0.000073
v -0.004723 -0.000820 -0.000072
v -0.004633 -0.001024 -0.000072
v -0.004544 -0.001232 -0.000075
v -0.004391 -0.001408 -0.000072
v -0.004239 -0.001585 -0.000072
v -0.004070 -0.001753 -0.000072
v -0.003897 -0.001925 -0.000074
v -0.003692 -0.002075 -0.000073
v -0.003457 -0.002197 -0.000071
v -0.003234 -0.002345 -0.000072
v -0.002988 -0.002474 -0.000072
v -0.002733 -0.002606 -0.000073
v -0.002451 -0.002701 -0.000071
v -0.002170 -0.002815 -0.000071
v -0.001886 -0.002944 -0.000072
v -0.001584 -0.003043 -0.000072
v -0.001277 -0.003142 -0.000071
v -0.000963 -0.003218 -0.000070
v -0.000651 -0.003331 -0.000072
v -0.000332 -0.003407 -0.000072
v -0.000012 -0.003455 -0.000070
v 0.000307 -0.003495 -0.000070
v 0.000625 -0.003521 -0.000070
v 0.000944 -0.003546 -0.000072
v 0.001251 -0.003496 -0.000070
v 0.001557 -0.003446 -0.000070
v 0.001857 -0.003375 -0.000070
v 0.002152 -0.003290 -0.000070
v 0.002434 -0.003166 -0.000070
v 0.002695 -0.003001 -0.000068
v 0.002964 -0.002861 -0.000070
v 0.003212 -0.002689 -0.000070
v 0.003449 -0.002510 -0.000070
v 0.003654 -0.002300 -0.000068
v 0.003858 -0.002102 -0.000068
v 0.004061 -0.001913 -0.000070
v 0.004221 -0.001696 -0.000069
v 0.004370 -0.001484 -0.000069
v 0.004488 -0.001262 -0.000067
v 0.004625 -0.001059 -0.000070
v 0.004717 -0.000841 -0.000069
v 0.004773 -0.000616 -0.000068
v 0.004826 -0.000396 -0.000068
v 0.004860 -0.000174 -0.000068
v 0.004874 0.000051 -0.000196
v 0.004836 0.000276 -0.000191
v 0.004806 0.000502 -0.000191
v 0.004767 0.000732 -0.000194
v 0.004698 0.000962 -0.000195
v 0.004602 0.001188 -0.000194
v 0.004469 0.001402 -0.000190
v 0.004360 0.001639 -0.000195
v 0.004210 0.001858 -0.000195
v 0.004038 0.002069 -0.000194
v 0.003843 0.002265 -0.000192
v 0.003644 0.002465 -0.000193
v 0.003441 0.002671 -0.000197
v 0.003196 0.002827 -0.000194
v 0.002950 0.002984 -0.000194
v 0.002688 0.003118 -0.000194
v 0.002427 0.003259 -0.000197
v 0.002144 0.003356 -0.000197
v 0.001847 0.003410 -0.000194
v 0.001552 0.003475 -0.000196
v 0.001248 0.003507 -0.000196
v 0.000940 0.003529 -0.000199
v 0.000622 0.003490 -0.000195
v 0.000306 0.003461 -0.000196
v -0.000012 0.003431 -0.000199
v -0.000331 0.003371 -0.000199
v -0.000648 0.003301 -0.000199
v -0.000959 0.003206 -0.000196
v -0.001274 0.003155 -0.000200
v -0.001579 0.003072 -0.000200
v -0.001875 0.002980 -0.000199
v -0.002162 0.002885 -0.000198
v -0.002444 0.002797 -0.000199
v -0.002726 0.002722 -0.000203
v -0.002973 0.002597 -0.000199
v -0.003219 0.002483 -0.000200
v -0.003451 0.002359 -0.000200
v -0.003680 0.002237 -0.000203
v -0.003881 0.002086 -0.000203
v -0.004048 0.001908 -0.000198
v -0.004229 0.001745 -0.000202
v -0.004381 0.001560 -0.000202
v -0.004522 0.001369 -0.000204
v -0.004612 0.001151 -0.000200
v -0.004706 0.000940 -0.000200
v -0.004798 0.000727 -0.000204
v -0.004843 0.000501 -0.000203
v -0.004871 0.000276 -0.000202
v -0.004863 0.000051 -0.000199
v -0.004881 -0.000174 -0.000204
v -0.004848 -0.000395 -0.000204
v -0.004783 -0.000608 -0.000201
v -0.004708 -0.000816 -0.000200
v -0.004619 -0.001020 -0.000201
v -0.004527 -0.001226 -0.000205
v -0.004373 -0.001400 -0.000200
v -0.004223 -0.001577 -0.000200
v -0.004058 -0.001748 -0.000201
v -0.003883 -0.001917 -0.000203
v -0.003677 -0.002065 -0.000202
v -0.003444 -0.002187 -0.000198
v -0.003224 -0.002338 -0.000201
v -0.002978 -0.002466 -0.000201
v -0.002722 -0.002593 -0.000202
v -0.002442 -0.002690 -0.000198
v -0.002162 -0.002806 -0.000198
v -0.001880 -0.002936 -0.000201
v -0.001578 -0.003030 -0.000199
v -0.001272 -0.003128 -0.000199
v -0.000960 -0.003208 -0.000196
v -0.000649 -0.003321 -0.000200
v -0.000331 -0.003394 -0.000199
v -0.000012 -0.003438 -0.000196
v 0.000306 -0.003484 -0.000196
v 0.000623 -0.003510 -0.000197
v 0.000940 -0.003532 -0.000199
v 0.001246 -0.003481 -0.000195
v 0.001551 -0.003433 -0.000195
v 0.001851 -0.003366 -0.000196
v 0.002144 -0.003277 -0.000197
v 0.002424 -0.003152 -0.000196
v 0.002685 -0.002989 -0.000192
v 0.002954 -0.002853 -0.000196
v 0.003201 -0.002682 -0.000195
v 0.003434 -0.002499 -0.000195
v 0.003641 -0.002292 -0.000192
v 0.003845 -0.002096 -0.000193
v 0.004048 -0.001909 -0.000196
v 0.004204 -0.001689 -0.000193
v 0.004352 -0.001478 -0.000193
v 0.004474 -0.001260 -0.000191
v 0.004609 -0.001057 -0.000195
v 0.004699 -0.000838 -0.000195
v 0.004752 -0.000614 -0.000191
v 0.004811 -0.000395 -0.000192
v 0.004845 -0.000173 -0.000193
v 0.004843 0.000051 -0.000321
v 0.004805 0.000274 -0.000314
v 0.004778 0.000500 -0.000315
v 0.004742 0.000730 -0.000319
v 0.004668 0.000957 -0.000319
v 0.004572 0.001182 -0.000318
v 0.004443 0.001396 -0.000312
v 0.004336 0.001632 -0.000320
v 0.004185 0.001849 -0.000320
v 0.004011 0.002056 -0.000318
v 0.003821 0.002254 -0.000316
v 0.003623 0.002453 -0.000317
v 0.003420 0.002658 -0.000323
v 0.003176 0.002809 -0.000318
v 0.002931 0.002966 -0.000318
v 0.002674 0.003104 -0.000318
v 0.002412 0.003240 -0.000323
v 0.002130 0.003334 -0.000322
v 0.001835 0.003387 -0.000318
v 0.001544 0.003456 -0.000322
v 0.001241 0.003487 -0.000323
v 0.000934 0.003505 -0.000325
v 0.000618 0.003467 -0.000320
v 0.000304 0.003441 -0.000321
v -0.000012 0.003414 -0.000326
v -0.000329 0.003349 -0.000325
v -0.000644 0.003279 -0.000325
v -0.000954 0.003189 -0.000321
v -0.001267 0.003139 -0.000328
v -0.001570 0.003055 -0.000328
v -0.001863 0.002959 -0.000325
v -0.002150 0.002869 -0.000325
v -0.002430 0.002782 -0.000326
v -0.002710 0.002706 -0.000332
v -0.002954 0.002578 -0.000326
v -0.003199 0.002467 -0.000326
v -0.003432 0.002346 -0.000328
v -0.003658 0.002222 -0.000332
v -0.003856 0.002070 -0.000331
v -0.004023 0.001894 -0.000325
v -0.004206 0.001735 -0.000330
v -0.004356 0.001550 -0.000331
v -0.004492 0.001358 -0.000333
v -0.004583 0.001143 -0.000327
v -0.004679 0.000934 -0.000328
v -0.004772 0.000722 -0.000334
v -0.004811 0.000498 -0.000331
v -0.004840 0.000274 -0.000330
v -0.004836 0.000051 -0.000326
v -0.004853 -0.000172 -0.000334
v -0.004818 -0.000391 -0.000333
v -0.004751 -0.000602 -0.000328
v -0.004681 -0.000811 -0.000329
v -0.004593 -0.001013 -0.000330
v -0.004499 -0.001217 -0.000335
v -0.004344 -0.001388 -0.000327
v -0.004197 -0.001565 -0.000327
v -0.004036 -0.001738 -0.000329
v -0.003858 -0.001902 -0.000332
v -0.003654 -0.002049 -0.000330
v -0.003422 -0.002172 -0.000324
v -0.003206 -0.002324 -0.000330
v -0.002961 -0.002451 -0.000329
v -0.002704 -0.002573 -0.000329
v -0.002427 -0.002674 -0.000324
v -0.002150 -0.002790 -0.000325
v -0.001869 -0.002921 -0.000330
v -0.001567 -0.003009 -0.000326
v -0.001264 -0.003108 -0.000325
v -0.000954 -0.003192 -0.000322
v -0.000645 -0.003303 -0.000327
v -0.000329 -0.003373 -0.000326
v -0.000012 -0.003414 -0.000321
v 0.000304 -0.003464 -0.000322
v 0.000619 -0.003490 -0.000323
v 0.000934 -0.003508 -0.000326
v 0.001238 -0.003456 -0.000320
v 0.001541 -0.003411 -0.000320
v 0.001841 -0.003349 -0.000322
v 0.002131 -0.003255 -0.000322
v 0.002409 -0.003131 -0.000321
v 0.002668 -0.002971 -0.000316
v 0.002937 -0.002839 -0.000321
v 0.003182 -0.002667 -0.000321
v 0.003411 -0.002482 -0.000320
v 0.003619 -0.002280 -0.000316
v 0.003823 -0.002086 -0.000317
v 0.004025 -0.001900 -0.000323
v 0.004176 -0.001679 -0.000317
v 0.004324 -0.001470 -0.000316
v 0.004450 -0.001255 -0.000315
v 0.004582 -0.001052 -0.000321
v 0.004669 -0.000834 -0.000319
v 0.004721 -0.000610 -0.000313
v 0.004784 -0.000394 -0.000317
v 0.004818 -0.000173 -0.000317
v 0.004798 0.000051 -0.000445
v 0.004763 0.000273 -0.000435
v 0.004738 0.000497 -0.000437
v 0.004704 0.000726 -0.000444
v 0.004626 0.000950 -0.000442
v 0.004531 0.001173 -0.000440
v 0.004406 0.001388 -0.000435
v 0.004301 0.001622 -0.000445
v 0.004149 0.001836 -0.000444
v 0.003974 0.002039 -0.000440
v 0.003789 0.002239 -0.000439
v 0.003594 0.002437 -0.000441
v 0.003391 0.002637 -0.000448
v 0.003147 0.002785 -0.000440
v 0.002906 0.002941 -0.000442
v 0.002652 0.003082 -0.000443
v 0.002391 0.003212 -0.000448
v 0.002112 0.003304 -0.000446
v 0.001819 0.003357 -0.000441
v 0.001531 0.003429 -0.000447
v 0.001230 0.003458 -0.000448
v 0.000925 0.003471 -0.000450
v 0.000613 0.003437 -0.000444
v 0.000301 0.003413 -0.000446
v -0.000012 0.003388 -0.000453
v -0.000326 0.003319 -0.000450
v -0.000638 0.003251 -0.000450
v -0.000946 0.003166 -0.000446
v -0.001257 0.003115 -0.000455
v -0.001557 0.003030 -0.000454
v -0.001846 0.002932 -0.000450
v -0.002132 0.002848 -0.000451
v -0.002411 0.002761 -0.000453
v -0.002686 0.002682 -0.000460
v -0.002928 0.002554 -0.000451
v -0.003172 0.002445 -0.000452
v -0.003406 0.002328 -0.000456
v -0.003626 0.002200 -0.000459
v -0.003822 0.002049 -0.000457
v -0.003988 0.001875 -0.000450
v -0.004173 0.001720 -0.000459
v -0.004320 0.001536 -0.000459
v -0.004451 0.001342 -0.000459
v -0.004545 0.001132 -0.000453
v -0.004641 0.000925 -0.000455
v -0.004733 0.000716 -0.000464
v -0.004768 0.000492 -0.000457
v -0.004797 0.000271 -0.000457
v -0.004798 0.000051 -0.000453
v -0.004813 -0.000170 -0.000463
v -0.004776 -0.000386 -0.000461
v -0.004708 -0.000594 -0.000453
v -0.004644 -0.000802 -0.000456
v -0.004556 -0.001003 -0.000457
v -0.004460 -0.001203 -0.000463
v -0.004306 -0.001373 -0.000453
v -0.004162 -0.001549 -0.000454
v -0.004005 -0.001722 -0.000458
v -0.003825 -0.001882 -0.000459
v -0.003622 -0.002027 -0.000457
v -0.003394 -0.002151 -0.000449
v -0.003181 -0.002305 -0.000458
v -0.002936 -0.002430 -0.000456
v -0.002679 -0.002547 -0.000455
v -0.002407 -0.002651 -0.000450
v -0.002133 -0.002768 -0.000451
v -0.001854 -0.002898 -0.000458
v -0.001554 -0.002982 -0.000451
v -0.001253 -0.003081 -0.000450
v -0.000947 -0.003169 -0.000448
v -0.000640 -0.003275 -0.000454
v -0.000326 -0.003343 -0.000451
v -0.000012 -0.003382 -0.000445
v 0.000302 -0.003437 -0.000448
v 0.000614 -0.003461 -0.000448
v 0.000926 -0.003475 -0.000451
v 0.001227 -0.003424 -0.000443
v 0.001528 -0.003381 -0.000444
v 0.001826 -0.003323 -0.000448
v 0.002112 -0.003224 -0.000447
v 0.002387 -0.003102 -0.000445
v 0.002646 -0.002947 -0.000439
v 0.002914 -0.002817 -0.000446
v 0.003155 -0.002646 -0.000445
v 0.003380 -0.002459 -0.000442
v 0.003589 -0.002263 -0.000439
v 0.003792 -0.002072 -0.000441
v 0.003991 -0.001886 -0.000448
v 0.004138 -0.001665 -0.000439
v 0.004287 -0.001459 -0.000439
v 0.004415 -0.001248 -0.000438
v 0.004542 -0.001044 -0.000445
v 0.004628 -0.000827 -0.000443
v 0.004679 -0.000605 -0.000434
v 0.004747 -0.000391 -0.000441
v 0.004779 -0.000171 -0.000441
v 0.004742 0.000051 -0.000566
v 0.004711 0.000271 -0.000556
v 0.004687 0.000494 -0.000559
v 0.004655 0.000721 -0.000568
v 0.004572 0.000941 -0.000563
v 0.004480 0.001163 -0.000562
v 0.004360 0.001377 -0.000556
v 0.004254 0.001609 -0.000569
v 0.004103 0.001819 -0.000566
v 0.003928 0.002018 -0.000561
v 0.003749 0.002220 -0.000562
v 0.003555 0.002415 -0.000564
v 0.003353 0.002610 -0.000572
v 0.003111 0.002755 -0.000562
v 0.002874 0.002911 -0.000564
v 0.002625 0.003052 -0.000567
v 0.002364 0.003176 -0.000571
v 0.002088 0.003265 -0.000569
v 0.001799 0.003319 -0.000562
v 0.001515 0.003393 -0.000572
v 0.001217 0.003421 -0.000572
v 0.000914 0.003429 -0.000573
v 0.000606 0.003399 -0.000567
v 0.000298 0.003377 -0.000570
v -0.000012 0.003354 -0.000579
v -0.000323 0.003281 -0.000573
v -0.000631 0.003215 -0.000573
v -0.000936 0.003136 -0.000570
v -0.001243 0.003084 -0.000581
v -0.001539 0.002998 -0.000579
v -0.001825 0.002899 -0.000573
v -0.002110 0.002820 -0.000576
v -0.002385 0.002734 -0.000579
v -0.002656 0.002651 -0.000586
v -0.002895 0.002524 -0.000575
v -0.003138 0.002417 -0.000577
v -0.003371 0.002304 -0.000583
v -0.003585 0.002173 -0.000585
v -0.003778 0.002023 -0.000582
v -0.003945 0.001852 -0.000574
v -0.004129 0.001700 -0.000586
v -0.004273 0.001517 -0.000585
v -0.004399 0.001324 -0.000584
v -0.004496 0.001118 -0.000578
v -0.004592 0.000914 -0.000582
v -0.004683 0.000707 -0.000592
v -0.004713 0.000486 -0.000582
v -0.004744 0.000268 -0.000582
v -0.004749 0.000051 -0.000580
v -0.004760 -0.000167 -0.000590
v -0.004723 -0.000380 -0.000587
v -0.004654 -0.000585 -0.000577
v -0.004596 -0.000792 -0.000583
v -0.004508 -0.000990 -0.000584
v -0.004409 -0.001185 -0.000590
v -0.004258 -0.001353 -0.000577
v -0.004117 -0.001529 -0.000579
v -0.003964 -0.001702 -0.000586
v -0.003781 -0.001856 -0.000584
v -0.003581 -0.002000 -0.000581
v -0.003357 -0.002125 -0.000573
v -0.003147 -0.002279 -0.000585
v -0.002904 -0.002401 -0.000582
v -0.002648 -0.002515 -0.000579
v -0.002381 -0.002623 -0.000574
v -0.002110 -0.002740 -0.000577
v -0.001834 -0.002867 -0.000584
v -0.001536 -0.002947 -0.000574
v -0.001239 -0.003047 -0.000574
v -0.000937 -0.003138 -0.000573
v -0.000633 -0.003240 -0.000579
v -0.000323 -0.003305 -0.000575
v -0.000012 -0.003342 -0.000567
v 0.000298 -0.003401 -0.000573
v 0.000607 -0.003423 -0.000573
v 0.000915 -0.003432 -0.000575
v 0.001214 -0.003383 -0.000565
v 0.001512 -0.003343 -0.000567
v 0.001807 -0.003287 -0.000573
v 0.002088 -0.003185 -0.000569
v 0.002360 -0.003065 -0.000567
v 0.002618 -0.002916 -0.000561
v 0.002882 -0.002789 -0.000571
v 0.003120 -0.002618 -0.000568
v 0.003341 -0.002431 -0.000563
v 0.003551 -0.002242 -0.000561
v 0.003751 -0.002053 -0.000563
v 0.003947 -0.001868 -0.000571
v 0.004091 -0.001648 -0.000560
v 0.004239 -0.001445 -0.000560
v 0.004370 -0.001239 -0.000562
v 0.004492 -0.001034 -0.000568
v 0.004576 -0.000819 -0.000564
v 0.004626 -0.000599 -0.000554
v 0.004697 -0.000388 -0.000564
v 0.004727 -0.000170 -0.000564
v 0.004675 0.000051 -0.000686
v 0.004647 0.000269 -0.000675
v 0.004625 0.000489 -0.000680
v 0.004593 0.000715 -0.000691
v 0.004508 0.000931 -0.000682
v 0.004418 0.001150 -0.000681
v 0.004304 0.001364 -0.000677
v 0.004197 0.001592 -0.000691
v 0.004046 0.001799 -0.000687
v 0.003873 0.001993 -0.000679
v 0.003700 0.002196 -0.000684
v 0.003508 0.002388 -0.000686
v 0.003307 0.002577 -0.000693
v 0.003068 0.002719 -0.000681
v 0.002835 0.002874 -0.000685
v 0.002591 0.003016 -0.000690
v 0.002331 0.003132 -0.000692
v 0.002059 0.003219 -0.000690
v 0.001775 0.003273 -0.000683
v 0.001495 0.003349 -0.000695
v 0.001200 0.003374 -0.000694
v 0.000901 0.003378 -0.000694
v 0.000598 0.003353 -0.000689
v 0.000294 0.003333 -0.000693
v -0.000012 0.003310 -0.000703
v -0.000318 0.003235 -0.000694
v -0.000623 0.003173 -0.000695
v -0.000924 0.003099 -0.000694
v -0.001227 0.003045 -0.000705
v -0.001518 0.002958 -0.000702
v -0.001800 0.002860 -0.000694
v -0.002083 0.002786 -0.000701
v -0.002354 0.002699 -0.000703
v -0.002619 0.002613 -0.000709
v -0.002856 0.002488 -0.000697
v -0.003096 0.002383 -0.000701
v -0.003327 0.002273 -0.000709
v -0.003536 0.002139 -0.000708
v -0.003726 0.001991 -0.000706
v -0.003893 0.001825 -0.000697
v -0.004075 0.001675 -0.000713
v -0.004216 0.001493 -0.000710
v -0.004336 0.001301 -0.000707
v -0.004437 0.001101 -0.000702
v -0.004532 0.000901 -0.000707
v -0.004620 0.000696 -0.000718
v -0.004647 0.000478 -0.000704
v -0.004679 0.000265 -0.000706
v -0.004689 0.000051 -0.000705
v -0.004696 -0.000163 -0.000716
v -0.004658 -0.000373 -0.000711
v -0.004590 -0.000574 -0.000700
v -0.004536 -0.000779 -0.000709
v -0.004448 -0.000973 -0.000710
v -0.004347 -0.001164 -0.000714
v -0.004200 -0.001330 -0.000700
v -0.004062 -0.001504 -0.000704
v -0.003913 -0.001676 -0.000712
v -0.003728 -0.001825 -0.000707
v -0.003531 -0.001968 -0.000705
v -0.003313 -0.002094 -0.000697
v -0.003106 -0.002247 -0.000710
v -0.002865 -0.002366 -0.000706
v -0.002611 -0.002477 -0.000700
v -0.002350 -0.002589 -0.000698
v -0.002082 -0.002705 -0.000701
v -0.001809 -0.002829 -0.000709
v -0.001515 -0.002906 -0.000695
v -0.001223 -0.003007 -0.000696
v -0.000925 -0.003101 -0.000697
v -0.000624 -0.003196 -0.000702
v -0.000319 -0.003258 -0.000698
v -0.000012 -0.003295 -0.000688
v 0.000294 -0.003356 -0.000697
v 0.000599 -0.003376 -0.000696
v 0.000902 -0.003380 -0.000696
v 0.001197 -0.003335 -0.000686
v 0.001492 -0.003296 -0.000689
v 0.001783 -0.003243 -0.000696
v 0.002058 -0.003138 -0.000690
v 0.002328 -0.003021 -0.000688
v 0.002583 -0.002878 -0.000682
v 0.002844 -0.002753 -0.000693
v 0.003078 -0.002583 -0.000690
v 0.003294 -0.002398 -0.000683
v 0.003504 -0.002216 -0.000683
v 0.003702 -0.002030 -0.000685
v 0.003892 -0.001845 -0.000693
v 0.004034 -0.001628 -0.000679
v 0.004182 -0.001428 -0.000681
v 0.004314 -0.001227 -0.000684
v 0.004430 -0.001022 -0.000688
v 0.004512 -0.000809 -0.000684
v 0.004563 -0.000592 -0.000673
v 0.004636 -0.000384 -0.000687
v 0.004664 -0.000167 -0.000685
v 0.004596 0.000051 -0.000803
v 0.004573 0.000266 -0.000794
v 0.004553 0.000484 -0.000800
v 0.004520 0.000706 -0.000812
v 0.004432 0.000918 -0.000799
v 0.004346 0.001135 -0.000800
v 0.004237 0.001348 -0.000798
v 0.004130 0.001571 -0.000811
v 0.003980 0.001774 -0.000806
v 0.003809 0.001965 -0.000796
v 0.003642 0.002168 -0.000804
v 0.003453 0.002355 -0.000806
v 0.003252 0.002538 -0.000813
v 0.003018 0.002677 -0.000799
v 0.002790 0.002830 -0.000805
v 0.002550 0.002971 -0.000812
v 0.002293 0.003080 -0.000811
v 0.002025 0.003165 -0.000809
v 0.001746 0.003221 -0.000802
v 0.001471 0.003296 -0.000817
v 0.001181 0.003318 -0.000815
v 0.000886 0.003319 -0.000813
v 0.000588 0.003300 -0.000809
v 0.000289 0.003282 -0.000814
v -0.000012 0.003258 -0.000825
v -0.000313 0.003182 -0.000813
v -0.000613 0.003123 -0.000816
v -0.000910 0.003055 -0.000816
v -0.001207 0.002999 -0.000827
v -0.001494 0.002912 -0.000823
v -0.001771 0.002815 -0.000814
v -0.002050 0.002746 -0.000824
v -0.002317 0.002658 -0.000825
v -0.002576 0.002569 -0.000831
v -0.002810 0.002447 -0.000817
v -0.003047 0.002345 -0.000823
v -0.003276 0.002236 -0.000833
v -0.003477 0.002100 -0.000829
v -0.003665 0.001955 -0.000827
v -0.003832 0.001793 -0.000819
v -0.004011 0.001645 -0.000837
v -0.004148 0.001465 -0.000833
v -0.004264 0.001276 -0.000827
v -0.004368 0.001082 -0.000825
v -0.004461 0.000885 -0.000830
v -0.004545 0.000684 -0.000841
v -0.004570 0.000470 -0.000824
v -0.004604 0.000261 -0.000828
v -0.004617 0.000051 -0.000830
v -0.004619 -0.000159 -0.000838
v -0.004581 -0.000364 -0.000832
v -0.004516 -0.000562 -0.000820
v -0.004466 -0.000764 -0.000834
v -0.004378 -0.000954 -0.000833
v -0.004275 -0.001139 -0.000835
v -0.004133 -0.001304 -0.000821
v -0.003998 -0.001476 -0.000826
v -0.003851 -0.001645 -0.000836
v -0.003667 -0.001789 -0.000828
v -0.003474 -0.001930 -0.000826
v -0.003262 -0.002059 -0.000819
v -0.003057 -0.002208 -0.000834
v -0.002819 -0.002325 -0.000828
v -0.002568 -0.002433 -0.000820
v -0.002313 -0.002549 -0.000820
v -0.002050 -0.002664 -0.000823
v -0.001780 -0.002783 -0.000831
v -0.001490 -0.002859 -0.000815
v -0.001203 -0.002960 -0.000817
v -0.000911 -0.003055 -0.000820
v -0.000614 -0.003143 -0.000823
v -0.000314 -0.003204 -0.000818
v -0.000012 -0.003241 -0.000808
v 0.000289 -0.003304 -0.000819
v 0.000589 -0.003320 -0.000817
v 0.000887 -0.003320 -0.000816
v 0.001178 -0.003279 -0.000806
v 0.001468 -0.003242 -0.000810
v 0.001755 -0.003190 -0.000818
v 0.002024 -0.003083 -0.000808
v 0.002290 -0.002971 -0.000807
v 0.002542 -0.002834 -0.000802
v 0.002798 -0.002710 -0.000814
v 0.003027 -0.002542 -0.000809
v 0.003239 -0.002359 -0.000800
v 0.003449 -0.002185 -0.000803
v 0.003643 -0.002002 -0.000805
v 0.003828 -0.001818 -0.000812
v 0.003967 -0.001604 -0.000796
v 0.004115 -0.001409 -0.000800
v 0.004247 -0.001211 -0.000805
v 0.004356 -0.001007 -0.000807
v 0.004437 -0.000797 -0.000802
v 0.004490 -0.000584 -0.000791
v 0.004564 -0.000379 -0.000808
v 0.004589 -0.000165 -0.000805
v 0.004506 0.000051 -0.000917
v 0.004489 0.000263 -0.000911
v 0.004469 0.000478 -0.000918
v 0.004435 0.000696 -0.000930
v 0.004347 0.000904 -0.000913
v 0.004264 0.001119 -0.000916
v 0.004160 0.001330 -0.000916
v 0.004051 0.001547 -0.000929
v 0.003904 0.001745 -0.000922
v 0.003736 0.001933 -0.000912
v 0.003575 0.002134 -0.000924
v 0.003388 0.002316 -0.000925
v 0.003189 0.002492 -0.000929
v 0.002961 0.002630 -0.000915
v 0.002738 0.002781 -0.000922
v 0.002503 0.002919 -0.000932
v 0.002249 0.003020 -0.000928
v 0.001986 0.003104 -0.000926
v 0.001714 0.003161 -0.000920
v 0.001444 0.003234 -0.000937
v 0.001158 0.003253 -0.000933
v 0.000869 0.003253 -0.000929
v 0.000577 0.003240 -0.000928
v 0.000283 0.003222 -0.000934
v -0.000012 0.003197 -0.000944
v -0.000307 0.003122 -0.000930
v -0.000602 0.003067 -0.000934
v -0.000894 0.003004 -0.000937
v -0.001184 0.002945 -0.000946
v -0.001465 0.002859 -0.000941
v -0.001737 0.002765 -0.000931
v -0.002013 0.002700 -0.000946
v -0.002274 0.002610 -0.000946
v -0.002527 0.002519 -0.000949
v -0.002757 0.002401 -0.000936
v -0.002991 0.002300 -0.000944
v -0.003215 0.002193 -0.000955
v -0.003410 0.002055 -0.000947
v -0.003596 0.001914 -0.000946
v -0.003762 0.001758 -0.000940
v -0.003937 0.001611 -0.000959
v -0.004069 0.001434 -0.000952
v -0.004182 0.001247 -0.000945
v -0.004288 0.001060 -0.000947
v -0.004379 0.000866 -0.000952
v -0.004459 0.000669 -0.000962
v -0.004483 0.000460 -0.000942
v -0.004518 0.000256 -0.000948
v -0.004534 0.000051 -0.000952
v -0.004531 -0.000154 -0.000958
v -0.004494 -0.000355 -0.000951
v -0.004431 -0.000548 -0.000939
v -0.004385 -0.000746 -0.000956
v -0.004296 -0.000931 -0.000954
v -0.004192 -0.001111 -0.000953
v -0.004056 -0.001274 -0.000940
v -0.003925 -0.001443 -0.000947
v -0.003780 -0.001610 -0.000958
v -0.003596 -0.001748 -0.000946
v -0.003408 -0.001889 -0.000945
v -0.003202 -0.002018 -0.000939
v -0.003000 -0.002164 -0.000955
v -0.002766 -0.002278 -0.000947
v -0.002519 -0.002384 -0.000937
v -0.002271 -0.002503 -0.000941
v -0.002012 -0.002615 -0.000943
v -0.001746 -0.002730 -0.000950
v -0.001462 -0.002805 -0.000932
v -0.001181 -0.002907 -0.000936
v -0.000895 -0.003002 -0.000941
v -0.000603 -0.003083 -0.000941
v -0.000308 -0.003142 -0.000936
v -0.000012 -0.003180 -0.000925
v 0.000284 -0.003242 -0.000939
v 0.000578 -0.003256 -0.000935
v 0.000870 -0.003251 -0.000932
v 0.001156 -0.003215 -0.000924
v 0.001440 -0.003180 -0.000929
v 0.001722 -0.003128 -0.000937
v 0.001985 -0.003020 -0.000924
v 0.002246 -0.002913 -0.000924
v 0.002496 -0.002783 -0.000921
v 0.002746 -0.002659 -0.000933
v 0.002969 -0.002495 -0.000926
v 0.003177 -0.002315 -0.000915
v 0.003386 -0.002150 -0.000922
v 0.003576 -0.001969 -0.000924
v 0.003754 -0.001786 -0.000929
v 0.003892 -0.001577 -0.000911
v 0.004038 -0.001387 -0.000917
v 0.004170 -0.001193 -0.000925
v 0.004272 -0.000990 -0.000923
v 0.004352 -0.000784 -0.000918
v 0.004407 -0.000575 -0.000908
v 0.004479 -0.000373 -0.000927
v 0.004502 -0.000161 -0.000922
v 0.004406 0.000051 -0.001029
v 0.004394 0.000259 -0.001027
v 0.004373 0.000471 -0.001034
v 0.004338 0.000685 -0.001045
v 0.004251 0.000889 -0.001025
v 0.004172 0.001100 -0.001031
v 0.004073 0.001308 -0.001033
v 0.003963 0.001519 -0.001043
v 0.003818 0.001713 -0.001036
v 0.003655 0.001897 -0.001025
v 0.003500 0.002096 -0.001041
v 0.003315 0.002272 -0.001040
v 0.003119 0.002440 -0.001043
v 0.002897 0.002577 -0.001030
v 0.002679 0.002725 -0.001038
v 0.002450 0.002859 -0.001049
v 0.002199 0.002953 -0.001042
v 0.001943 0.003036 -0.001041
v 0.001677 0.003094 -0.001036
v 0.001413 0.003164 -0.001054
v 0.001133 0.003181 -0.001048
v 0.000850 0.003179 -0.001043
v 0.000565 0.003172 -0.001045
v 0.000277 0.003154 -0.001051
v -0.000012 0.003129 -0.001061
v -0.000301 0.003055 -0.001044
v -0.000589 0.003005 -0.001050
v -0.000875 0.002946 -0.001056
v -0.001159 0.002883 -0.001062
v -0.001434 0.002800 -0.001057
v -0.001700 0.002708 -0.001047
v -0.001971 0.002647 -0.001065
v -0.002225 0.002556 -0.001063
v -0.002471 0.002463 -0.001064
v -0.002698 0.002350 -0.001052
v -0.002928 0.002251 -0.001062
v -0.003147 0.002145 -0.001074
v -0.003335 0.002006 -0.001062
v -0.003519 0.001869 -0.001062
v -0.003683 0.001718 -0.001059
v -0.003852 0.001573 -0.001077
v -0.003981 0.001398 -0.001069
v -0.004090 0.001216 -0.001060
v -0.004198 0.001035 -0.001066
v -0.004286 0.000846 -0.001070
v -0.004361 0.000653 -0.001079
v -0.004386 0.000449 -0.001058
v -0.004422 0.000251 -0.001066
v -0.004439 0.000051 -0.001073
v -0.004432 -0.000149 -0.001075
v -0.004396 -0.000344 -0.001068
v -0.004337 -0.000533 -0.001056
v -0.004293 -0.000726 -0.001077
v -0.004204 -0.000906 -0.001071
v -0.004099 -0.001080 -0.001069
v -0.003970 -0.001242 -0.001058
v -0.003842 -0.001407 -0.001066
v -0.003700 -0.001569 -0.001077
v -0.003517 -0.001703 -0.001061
v -0.003335 -0.001843 -0.001061
v -0.003135 -0.001973 -0.001058
v -0.002935 -0.002114 -0.001073
v -0.002706 -0.002226 -0.001063
v -0.002464 -0.002330 -0.001052
v -0.002224 -0.002451 -0.001060
v -0.001969 -0.002561 -0.001061
v -0.001708 -0.002671 -0.001066
v -0.001430 -0.002745 -0.001047
v -0.001156 -0.002847 -0.001053
v -0.000876 -0.002941 -0.001059
v -0.000590 -0.003015 -0.001057
v -0.000301 -0.003073 -0.001051
v -0.000012 -0.003111 -0.001041
v 0.000278 -0.003172 -0.001057
v 0.000565 -0.003182 -0.001051
v 0.000850 -0.003174 -0.001046
v 0.001131 -0.003144 -0.001040
v 0.001409 -0.003109 -0.001045
v 0.001684 -0.003057 -0.001054
v 0.001941 -0.002949 -0.001038
v 0.002198 -0.002848 -0.001039
v 0.002443 -0.002725 -0.001038
v 0.002686 -0.002602 -0.001049
v 0.002904 -0.002441 -0.001040
v 0.003108 -0.002267 -0.001029
v 0.003315 -0.002108 -0.001040
v 0.003499 -0.001930 -0.001039
v 0.003671 -0.001750 -0.001043
v 0.003808 -0.001547 -0.001025
v 0.003952 -0.001361 -0.001033
v 0.004081 -0.001172 -0.001042
v 0.004177 -0.000971 -0.001036
v 0.004257 -0.000769 -0.001031
v 0.004314 -0.000565 -0.001023
v 0.004384 -0.000366 -0.001044
v 0.004404 -0.000158 -0.001036
v 0.004296 0.000051 -0.001139
v 0.004289 0.000256 -0.001141
v 0.004267 0.000463 -0.001147
v 0.004231 0.000672 -0.001157
v 0.004146 0.000871 -0.001135
v 0.004071 0.001079 -0.001143
v 0.003975 0.001284 -0.001148
v 0.003864 0.001487 -0.001155
v 0.003724 0.001677 -0.001147
v 0.003566 0.001857 -0.001137
v 0.003416 0.002053 -0.001156
v 0.003234 0.002222 -0.001153
v 0.003041 0.002383 -0.001154
v 0.002826 0.002518 -0.001142
v 0.002614 0.002662 -0.001152
v 0.002390 0.002791 -0.001163
v 0.002144 0.002878 -0.001152
v 0.001895 0.002960 -0.001153
v 0.001636 0.003019 -0.001151
v 0.001378 0.003085 -0.001168
v 0.001105 0.003100 -0.001161
v 0.000828 0.003097 -0.001154
v 0.000551 0.003096 -0.001160
v 0.000270 0.003078 -0.001165
v -0.000012 0.003052 -0.001174
v -0.000294 0.002981 -0.001156
v -0.000575 0.002935 -0.001165
v -0.000855 0.002880 -0.001172
v -0.001130 0.002815 -0.001175
v -0.001399 0.002735 -0.001169
v -0.001659 0.002647 -0.001160
v -0.001924 0.002587 -0.001181
v -0.002171 0.002496 -0.001177
v -0.002410 0.002402 -0.001176
v -0.002633 0.002294 -0.001167
v -0.002857 0.002196 -0.001177
v -0.003071 0.002091 -0.001190
v -0.003253 0.001952 -0.001174
v -0.003433 0.001820 -0.001177
v -0.003595 0.001674 -0.001175
v -0.003758 0.001530 -0.001193
v -0.003883 0.001360 -0.001183
v -0.003990 0.001182 -0.001172
v -0.004098 0.001008 -0.001183
v -0.004183 0.000823 -0.001186
v -0.004253 0.000634 -0.001193
v -0.004278 0.000437 -0.001171
v -0.004315 0.000245 -0.001181
v -0.004333 0.000051 -0.001190
v -0.004322 -0.000143 -0.001188
v -0.004288 -0.000332 -0.001182
v -0.004233 -0.000516 -0.001171
v -0.004190 -0.000704 -0.001194
v -0.004101 -0.000878 -0.001186
v -0.003997 -0.001046 -0.001181
v -0.003875 -0.001206 -0.001174
v -0.003749 -0.001367 -0.001182
v -0.003609 -0.001524 -0.001193
v -0.003430 -0.001654 -0.001173
v -0.003254 -0.001792 -0.001176
v -0.003061 -0.001922 -0.001175
v -0.002864 -0.002058 -0.001188
v -0.002639 -0.002168 -0.001177
v -0.002404 -0.002271 -0.001165
v -0.002171 -0.002394 -0.001177
v -0.001922 -0.002499 -0.001176
v -0.001666 -0.002605 -0.001179
v -0.001396 -0.002680 -0.001160
v -0.001129 -0.002780 -0.001168
v -0.000855 -0.002873 -0.001175
v -0.000576 -0.002939 -0.001169
v -0.000294 -0.002996 -0.001164
v -0.000012 -0.003036 -0.001155
v 0.000271 -0.003094 -0.001173
v 0.000551 -0.003100 -0.001164
v 0.000829 -0.003090 -0.001157
v 0.001103 -0.003065 -0.001154
v 0.001375 -0.003030 -0.001159
v 0.001643 -0.002978 -0.001167
v 0.001893 -0.002872 -0.001148
v 0.002144 -0.002776 -0.001152
v 0.002384 -0.002660 -0.001153
v 0.002619 -0.002537 -0.001161
v 0.002832 -0.002381 -0.001151
v 0.003031 -0.002213 -0.001140
v 0.003235 -0.002062 -0.001155
v 0.003413 -0.001887 -0.001152
v 0.003580 -0.001709 -0.001154
v 0.003715 -0.001513 -0.001136
v 0.003856 -0.001333 -0.001146
v 0.003983 -0.001148 -0.001156
v 0.004073 -0.000949 -0.001146
v 0.004153 -0.000753 -0.001143
v 0.004210 -0.000553 -0.001136
v 0.004277 -0.000357 -0.001157
v 0.004295 -0.000153 -0.001147
v 0.004176 0.000051 -0.001246
v 0.004173 0.000251 -0.001253
v 0.004151 0.000453 -0.001258
v 0.004113 0.000657 -0.001266
v 0.004031 0.000852 -0.001243
v 0.003959 0.001055 -0.001253
v 0.003868 0.001256 -0.001260
v 0.003756 0.001452 -0.001263
v 0.003620 0.001636 -0.001255
v 0.003468 0.001813 -0.001246
v 0.003323 0.002004 -0.001268
v 0.003145 0.002166 -0.001263
v 0.002955 0.002319 -0.001261
v 0.002749 0.002453 -0.001252
v 0.002543 0.002592 -0.001263
v 0.002324 0.002716 -0.001275
v 0.002084 0.002796 -0.001260
v 0.001843 0.002878 -0.001263
v 0.001592 0.002937 -0.001262
v 0.001340 0.002999 -0.001279
v 0.001074 0.003012 -0.001270
v 0.000805 0.003010 -0.001262
v 0.000536 0.003014 -0.001273
v 0.000262 0.002995 -0.001277
v -0.000012 0.002967 -0.001284
v -0.000286 0.002901 -0.001265
v -0.000560 0.002859 -0.001276
v -0.000832 0.002808 -0.001285
v -0.001099 0.002740 -0.001284
v -0.001360 0.002663 -0.001279
v -0.001614 0.002580 -0.001272
v -0.001872 0.002521 -0.001295
v -0.002111 0.002429 -0.001288
v -0.002343 0.002335 -0.001285
v -0.002562 0.002233 -0.001279
v -0.002780 0.002136 -0.001290
v -0.002987 0.002032 -0.001302
v -0.003162 0.001895 -0.001283
v -0.003339 0.001767 -0.001288
v -0.003499 0.001626 -0.001289
v -0.003655 0.001484 -0.001305
v -0.003776 0.001318 -0.001293
v -0.003880 0.001146 -0.001282
v -0.003989 0.000978 -0.001298
v -0.004068 0.000798 -0.001299
v -0.004134 0.000615 -0.001303
v -0.004161 0.000425 -0.001282
v -0.004198 0.000239 -0.001294
v -0.004216 0.000051 -0.001305
v -0.004201 -0.000136 -0.001297
v -0.004170 -0.000319 -0.001292
v -0.004118 -0.000498 -0.001284
v -0.004076 -0.000680 -0.001308
v -0.003988 -0.000848 -0.001297
v -0.003886 -0.001010 -0.001290
v -0.003771 -0.001167 -0.001287
v -0.003648 -0.001324 -0.001295
v -0.003510 -0.001476 -0.001305
v -0.003335 -0.001601 -0.001282
v -0.003165 -0.001738 -0.001287
v -0.002979 -0.001867 -0.001289
v -0.002785 -0.001997 -0.001299
v -0.002566 -0.002105 -0.001287
v -0.002338 -0.002208 -0.001275
v -0.002113 -0.002331 -0.001291
v -0.001869 -0.002432 -0.001287
v -0.001620 -0.002532 -0.001288
v -0.001358 -0.002609 -0.001270
v -0.001098 -0.002707 -0.001280
v -0.000832 -0.002797 -0.001288
v -0.000560 -0.002857 -0.001277
v -0.000287 -0.002913 -0.001273
v -0.000012 -0.002953 -0.001267
v 0.000263 -0.003008 -0.001285
v 0.000536 -0.003011 -0.001274
v 0.000805 -0.002999 -0.001265
v 0.001073 -0.002979 -0.001266
v 0.001337 -0.002943 -0.001271
v 0.001597 -0.002891 -0.001278
v 0.001840 -0.002788 -0.001256
v 0.002085 -0.002698 -0.001262
v 0.002320 -0.002588 -0.001265
v 0.002546 -0.002465 -0.001270
v 0.002754 -0.002315 -0.001260
v 0.002948 -0.002154 -0.001249
v 0.003147 -0.002009 -0.001267
v 0.003319 -0.001838 -0.001262
v 0.003479 -0.001664 -0.001261
v 0.003613 -0.001476 -0.001246
v 0.003751 -0.001301 -0.001257
v 0.003874 -0.001120 -0.001268
v 0.003959 -0.000925 -0.001252
v 0.004038 -0.000734 -0.001252
v 0.004097 -0.000540 -0.001247
v 0.004160 -0.000348 -0.001268
v 0.004176 -0.000149 -0.001256
v 0.004047 0.000051 -0.001350
v 0.004048 0.000246 -0.001362
v 0.004024 0.000443 -0.001365
v 0.003985 0.000641 -0.001371
v 0.003906 0.000831 -0.001348
v 0.003839 0.001029 -0.001361
v 0.003751 0.001225 -0.001369
v 0.003639 0.001413 -0.001367
v 0.003508 0.001592 -0.001361
v 0.003362 0.001764 -0.001353
v 0.003222 0.001950 -0.001377
v 0.003047 0.002104 -0.001369
v 0.002863 0.002251 -0.001365
v 0.002666 0.002383 -0.001360
v 0.002465 0.002516 -0.001371
v 0.002253 0.002634 -0.001382
v 0.002019 0.002708 -0.001364
v 0.001786 0.002789 -0.001370
v 0.001544 0.002848 -0.001372
v 0.001298 0.002904 -0.001386
v 0.001040 0.002916 -0.001376
v 0.000780 0.002915 -0.001368
v 0.000519 0.002923 -0.001383
v 0.000254 0.002904 -0.001384
v -0.000012 0.002876 -0.001389
v -0.000278 0.002815 -0.001371
v -0.000543 0.002777 -0.001385
v -0.000807 0.002728 -0.001395
v -0.001065 0.002659 -0.001390
v -0.001319 0.002586 -0.001386
v -0.001566 0.002507 -0.001380
v -0.001816 0.002450 -0.001405
v -0.002047 0.002358 -0.001395
v -0.002270 0.002264 -0.001390
v -0.002485 0.002167 -0.001389
v -0.002696 0.002072 -0.001399
v -0.002895 0.001968 -0.001410
v -0.003065 0.001833 -0.001388
v -0.003238 0.001710 -0.001396
v -0.003394 0.001574 -0.001400
v -0.003542 0.001434 -0.001412
v -0.003659 0.001273 -0.001400
v -0.003761 0.001107 -0.001389
v -0.003869 0.000946 -0.001409
v -0.003944 0.000772 -0.001407
v -0.004006 0.000594 -0.001409
v -0.004035 0.000411 -0.001390
v -0.004072 0.000232 -0.001404
v -0.004088 0.000051 -0.001415
v -0.004070 -0.000129 -0.001403
v -0.004042 -0.000306 -0.001400
v -0.003995 -0.000479 -0.001394
v -0.003952 -0.000654 -0.001418
v -0.003865 -0.000815 -0.001404
v -0.003765 -0.000972 -0.001395
v -0.003658 -0.001126 -0.001397
v -0.003537 -0.001277 -0.001404
v -0.003402 -0.001423 -0.001413
v -0.003232 -0.001545 -0.001387
v -0.003069 -0.001681 -0.001396
v -0.002890 -0.001808 -0.001400
v -0.002699 -0.001932 -0.001406
v -0.002487 -0.002038 -0.001393
v -0.002267 -0.002140 -0.001382
v -0.002049 -0.002261 -0.001401
v -0.001812 -0.002358 -0.001395
v -0.001570 -0.002454 -0.001393
v -0.001317 -0.002532 -0.001378
v -0.001065 -0.002627 -0.001389
v -0.000807 -0.002714 -0.001397
v -0.000543 -0.002767 -0.001382
v -0.000278 -0.002823 -0.001380
v -0.000012 -0.002864 -0.001376
v 0.000254 -0.002913 -0.001393
v 0.000519 -0.002914 -0.001380
v 0.000780 -0.002901 -0.001370
v 0.001040 -0.002885 -0.001375
v 0.001296 -0.002849 -0.001379
v 0.001547 -0.002796 -0.001384
v 0.001783 -0.002697 -0.001361
v 0.002021 -0.002613 -0.001370
v 0.002249 -0.002508 -0.001375
v 0.002467 -0.002387 -0.001376
v 0.002668 -0.002243 -0.001366
v 0.002858 -0.002090 -0.001355
v 0.003052 -0.001952 -0.001376
v 0.003217 -0.001784 -0.001368
v 0.003370 -0.001614 -0.001365
v 0.003503 -0.001435 -0.001353
v 0.003637 -0.001265 -0.001365
v 0.003755 -0.001089 -0.001375
v 0.003835 -0.000899 -0.001356
v 0.003914 -0.000714 -0.001358
v 0.003973 -0.000525 -0.001356
v 0.004031 -0.000338 -0.001375
v 0.004047 -0.000144 -0.001361
v 0.003909 0.000051 -0.001452
v 0.003912 0.000241 -0.001468
v 0.003887 0.000432 -0.001468
v 0.003847 0.000623 -0.001472
v 0.003773 0.000808 -0.001450
v 0.003709 0.001001 -0.001465
v 0.003624 0.001190 -0.001475
v 0.003513 0.001370 -0.001468
v 0.003388 0.001545 -0.001463
v 0.003249 0.001712 -0.001457
v 0.003113 0.001890 -0.001482
v 0.002943 0.002037 -0.001471
v 0.002764 0.002176 -0.001466
v 0.002576 0.002306 -0.001465
v 0.002381 0.002433 -0.001476
v 0.002175 0.002544 -0.001486
v 0.001949 0.002614 -0.001465
v 0.001725 0.002693 -0.001474
v 0.001491 0.002752 -0.001478
v 0.001253 0.002802 -0.001490
v 0.001004 0.002814 -0.001478
v 0.000753 0.002815 -0.001470
v 0.000501 0.002826 -0.001490
v 0.000245 0.002805 -0.001488
v -0.000012 0.002777 -0.001491
v -0.000269 0.002722 -0.001475
v -0.000525 0.002688 -0.001490
v -0.000780 0.002641 -0.001501
v -0.001029 0.002571 -0.001491
v -0.001274 0.002503 -0.001489
v -0.001514 0.002429 -0.001486
v -0.001754 0.002372 -0.001510
v -0.001977 0.002280 -0.001498
v -0.002193 0.002188 -0.001492
v -0.002403 0.002097 -0.001496
v -0.002605 0.002003 -0.001505
v -0.002797 0.001899 -0.001514
v -0.002960 0.001769 -0.001490
v -0.003129 0.001650 -0.001502
v -0.003281 0.001519 -0.001507
v -0.003421 0.001381 -0.001515
v -0.003535 0.001226 -0.001503
v -0.003634 0.001067 -0.001494
v -0.003739 0.000912 -0.001517
v -0.003810 0.000743 -0.001511
v -0.003868 0.000572 -0.001511
v -0.003899 0.000397 -0.001495
v -0.003935 0.000225 -0.001511
v -0.003950 0.000051 -0.001521
v -0.003930 -0.000122 -0.001504
v -0.003905 -0.000292 -0.001504
v -0.003861 -0.000458 -0.001500
v -0.003818 -0.000626 -0.001523
v -0.003733 -0.000781 -0.001507
v -0.003637 -0.000932 -0.001498
v -0.003536 -0.001082 -0.001505
v -0.003418 -0.001227 -0.001510
v -0.003286 -0.001368 -0.001516
v -0.003122 -0.001487 -0.001490
v -0.002966 -0.001619 -0.001502
v -0.002793 -0.001744 -0.001507
v -0.002606 -0.001861 -0.001508
v -0.002403 -0.001966 -0.001496
v -0.002191 -0.002067 -0.001486
v -0.001981 -0.002187 -0.001508
v -0.001751 -0.002279 -0.001499
v -0.001516 -0.002370 -0.001495
v -0.001273 -0.002449 -0.001483
v -0.001030 -0.002541 -0.001494
v -0.000780 -0.002623 -0.001502
v -0.000525 -0.002671 -0.001483
v -0.000269 -0.002727 -0.001484
v -0.000012 -0.002767 -0.001482
v 0.000245 -0.002811 -0.001498
v 0.000501 -0.002809 -0.001482
v 0.000753 -0.002796 -0.001472
v 0.001005 -0.002784 -0.001482
v 0.001252 -0.002747 -0.001483
v 0.001494 -0.002694 -0.001486
v 0.001722 -0.002600 -0.001463
v 0.001952 -0.002521 -0.001475
v 0.002173 -0.002422 -0.001480
v 0.002382 -0.002302 -0.001477
v 0.002577 -0.002166 -0.001468
v 0.002761 -0.002020 -0.001459
v 0.002949 -0.001888 -0.001482
v 0.003106 -0.001725 -0.001471
v 0.003254 -0.001561 -0.001466
v 0.003385 -0.001391 -0.001458
v 0.003514 -0.001226 -0.001469
v 0.003627 -0.001055 -0.001479
v 0.003702 -0.000870 -0.001456
v 0.003781 -0.000692 -0.001461
v 0.003840 -0.000509 -0.001462
v 0.003893 -0.000327 -0.001478
v 0.003908 -0.000138 -0.001462
v 0.003761 0.000051 -0.001550
v 0.003766 0.000235 -0.001571
v 0.003740 0.000419 -0.001568
v 0.003700 0.000604 -0.001569
v 0.003631 0.000783 -0.001549
v 0.003570 0.000970 -0.001567
v 0.003488 0.001152 -0.001576
v 0.003379 0.001324 -0.001564
v 0.003260 0.001493 -0.001562
v 0.003127 0.001655 -0.001558
v 0.002996 0.001824 -0.001583
v 0.002831 0.001964 -0.001569
v 0.002659 0.002097 -0.001564
v 0.002480 0.002224 -0.001567
v 0.002292 0.002343 -0.001577
v 0.002093 0.002448 -0.001585
v 0.001875 0.002514 -0.001562
v 0.001660 0.002592 -0.001575
v 0.001436 0.002649 -0.001580
v 0.001205 0.002693 -0.001588
v 0.000966 0.002705 -0.001577
v 0.000724 0.002708 -0.001570
v 0.000482 0.002721 -0.001593
v 0.000235 0.002700 -0.001588
v -0.000012 0.002673 -0.001589
v -0.000259 0.002624 -0.001575
v -0.000506 0.002592 -0.001592
v -0.000751 0.002548 -0.001602
v -0.000990 0.002478 -0.001588
v -0.001227 0.002415 -0.001590
v -0.001458 0.002345 -0.001588
v -0.001689 0.002288 -0.001612
v -0.001903 0.002198 -0.001597
v -0.002110 0.002109 -0.001590
v -0.002314 0.002023 -0.001599
v -0.002508 0.001929 -0.001606
v -0.002691 0.001827 -0.001613
v -0.002849 0.001701 -0.001589
v -0.003012 0.001587 -0.001604
v -0.003159 0.001461 -0.001611
v -0.003291 0.001325 -0.001614
v -0.003402 0.001177 -0.001603
v -0.003499 0.001025 -0.001595
v -0.003601 0.000876 -0.001621
v -0.003667 0.000714 -0.001611
v -0.003721 0.000549 -0.001609
v -0.003754 0.000383 -0.001597
v -0.003788 0.000217 -0.001613
v -0.003802 0.000051 -0.001623
v -0.003781 -0.000114 -0.001602
v -0.003759 -0.000277 -0.001605
v -0.003718 -0.000437 -0.001604
v -0.003674 -0.000597 -0.001624
v -0.003592 -0.000746 -0.001606
v -0.003500 -0.000890 -0.001597
v -0.003405 -0.001036 -0.001609
v -0.003290 -0.001175 -0.001611
v -0.003161 -0.001309 -0.001615
v -0.003005 -0.001425 -0.001589
v -0.002856 -0.001554 -0.001604
v -0.002690 -0.001676 -0.001610
v -0.002508 -0.001787 -0.001606
v -0.002313 -0.001891 -0.001596
v -0.002109 -0.001990 -0.001587
v -0.001907 -0.002106 -0.001611
v -0.001685 -0.002194 -0.001598
v -0.001459 -0.002281 -0.001593
v -0.001226 -0.002361 -0.001585
v -0.000992 -0.002448 -0.001596
v -0.000752 -0.002525 -0.001603
v -0.000505 -0.002569 -0.001580
v -0.000259 -0.002624 -0.001585
v -0.000012 -0.002663 -0.001584
v 0.000236 -0.002701 -0.001598
v 0.000481 -0.002698 -0.001581
v 0.000724 -0.002685 -0.001571
v 0.000967 -0.002676 -0.001585
v 0.001204 -0.002638 -0.001583
v 0.001437 -0.002585 -0.001584
v 0.001656 -0.002497 -0.001562
v 0.001879 -0.002423 -0.001576
v 0.002092 -0.002329 -0.001582
v 0.002290 -0.002210 -0.001574
v 0.002479 -0.002082 -0.001567
v 0.002657 -0.001945 -0.001560
v 0.002838 -0.001818 -0.001584
v 0.002988 -0.001661 -0.001569
v 0.003130 -0.001503 -0.001563
v 0.003259 -0.001342 -0.001560
v 0.003382 -0.001183 -0.001570
v 0.003489 -0.001018 -0.001578
v 0.003561 -0.000839 -0.001553
v 0.003639 -0.000667 -0.001562
v 0.003697 -0.000492 -0.001564
v 0.003745 -0.000314 -0.001576
v 0.003759 -0.000132 -0.001560
v 0.003605 0.000051 -0.001646
v 0.003611 0.000228 -0.001671
v 0.003584 0.000406 -0.001663
v 0.003544 0.000583 -0.001662
v 0.003481 0.000757 -0.001646
v 0.003422 0.000936 -0.001664
v 0.003343 0.001111 -0.001673
v 0.003236 0.001274 -0.001657
v 0.003125 0.001437 -0.001658
v 0.002999 0.001593 -0.001657
v 0.002871 0.001754 -0.001680
v 0.002712 0.001886 -0.001664
v 0.002547 0.002012 -0.001657
v 0.002377 0.002136 -0.001666
v 0.002196 0.002247 -0.001674
v 0.002005 0.002345 -0.001680
v 0.001796 0.002408 -0.001657
v 0.001591 0.002483 -0.001672
v 0.001376 0.002538 -0.001679
v 0.001154 0.002577 -0.001682
v 0.000925 0.002591 -0.001672
v 0.000694 0.002595 -0.001667
v 0.000462 0.002610 -0.001692
v 0.000225 0.002588 -0.001683
v -0.000012 0.002562 -0.001683
v -0.000249 0.002520 -0.001673
v -0.000486 0.002490 -0.001690
v -0.000721 0.002447 -0.001699
v -0.000949 0.002379 -0.001681
v -0.001177 0.002322 -0.001686
v -0.001398 0.002256 -0.001687
v -0.001619 0.002198 -0.001708
v -0.001824 0.002111 -0.001692
v -0.002023 0.002025 -0.001685
v -0.002220 0.001944 -0.001699
v -0.002404 0.001851 -0.001703
v -0.002579 0.001751 -0.001708
v -0.002731 0.001630 -0.001684
v -0.002888 0.001521 -0.001702
v -0.003030 0.001400 -0.001710
v -0.003154 0.001267 -0.001707
v -0.003261 0.001126 -0.001698
v -0.003355 0.000981 -0.001692
v -0.003453 0.000839 -0.001720
v -0.003514 0.000683 -0.001707
v -0.003566 0.000526 -0.001703
v -0.003600 0.000367 -0.001695
v -0.003632 0.000210 -0.001711
v -0.003645 0.000051 -0.001719
v -0.003623 -0.000106 -0.001695
v -0.003604 -0.000262 -0.001702
v -0.003566 -0.000415 -0.001703
v -0.003522 -0.000567 -0.001720
v -0.003443 -0.000709 -0.001701
v -0.003355 -0.000847 -0.001692
v -0.003266 -0.000988 -0.001709
v -0.003154 -0.001120 -0.001708
v -0.003030 -0.001248 -0.001709
v -0.002881 -0.001361 -0.001685
v -0.002738 -0.001487 -0.001702
v -0.002579 -0.001604 -0.001708
v -0.002403 -0.001709 -0.001699
v -0.002217 -0.001811 -0.001692
v -0.002023 -0.001909 -0.001685
v -0.001829 -0.002021 -0.001710
v -0.001616 -0.002104 -0.001693
v -0.001398 -0.002187 -0.001687
v -0.001176 -0.002267 -0.001683
v -0.000951 -0.002349 -0.001694
v -0.000721 -0.002421 -0.001699
v -0.000485 -0.002461 -0.001674
v -0.000249 -0.002516 -0.001682
v -0.000012 -0.002553 -0.001683
v 0.000225 -0.002584 -0.001693
v 0.000461 -0.002581 -0.001676
v 0.000694 -0.002568 -0.001667
v 0.000927 -0.002562 -0.001684
v 0.001154 -0.002522 -0.001679
v 0.001376 -0.002469 -0.001678
v 0.001587 -0.002388 -0.001658
v 0.001801 -0.002318 -0.001674
v 0.002005 -0.002229 -0.001680
v 0.002194 -0.002113 -0.001667
v 0.002376 -0.001994 -0.001663
v 0.002547 -0.001865 -0.001658
v 0.002720 -0.001743 -0.001681
v 0.002863 -0.001592 -0.001664
v 0.002998 -0.001441 -0.001656
v 0.003125 -0.001290 -0.001658
v 0.003242 -0.001136 -0.001667
v 0.003343 -0.000977 -0.001673
v 0.003412 -0.000805 -0.001646
v 0.003488 -0.000641 -0.001659
v 0.003545 -0.000472 -0.001663
v 0.003588 -0.000300 -0.001670
v 0.003602 -0.000125 -0.001655
v 0.003441 0.000051 -0.001739
v 0.003447 0.000221 -0.001765
v 0.003419 0.000391 -0.001754
v 0.003380 0.000561 -0.001751
v 0.003323 0.000728 -0.001739
v 0.003266 0.000899 -0.001758
v 0.003190 0.001066 -0.001766
v 0.003086 0.001220 -0.001745
v 0.002982 0.001377 -0.001751
v 0.002862 0.001526 -0.001751
v 0.002739 0.001678 -0.001772
v 0.002587 0.001802 -0.001754
v 0.002430 0.001922 -0.001748
v 0.002269 0.002042 -0.001762
v 0.002095 0.002145 -0.001766
v 0.001912 0.002236 -0.001770
v 0.001713 0.002296 -0.001747
v 0.001518 0.002369 -0.001766
v 0.001313 0.002422 -0.001773
v 0.001100 0.002455 -0.001771
v 0.000882 0.002470 -0.001763
v 0.000662 0.002476 -0.001759
v 0.000440 0.002492 -0.001786
v 0.000214 0.002470 -0.001774
v -0.000012 0.002445 -0.001772
v -0.000238 0.002410 -0.001767
v -0.000464 0.002382 -0.001783
v -0.000688 0.002341 -0.001792
v -0.000906 0.002275 -0.001770
v -0.001124 0.002223 -0.001779
v -0.001336 0.002162 -0.001782
v -0.001545 0.002103 -0.001799
v -0.001741 0.002020 -0.001782
v -0.001931 0.001937 -0.001776
v -0.002120 0.001861 -0.001794
v -0.002295 0.001769 -0.001795
v -0.002461 0.001672 -0.001798
v -0.002607 0.001557 -0.001776
v -0.002758 0.001453 -0.001796
v -0.002893 0.001336 -0.001804
v -0.003009 0.001207 -0.001796
v -0.003112 0.001074 -0.001790
v -0.003203 0.000935 -0.001786
v -0.003296 0.000800 -0.001814
v -0.003354 0.000651 -0.001797
v -0.003402 0.000502 -0.001792
v -0.003438 0.000351 -0.001790
v -0.003467 0.000202 -0.001804
v -0.003478 0.000051 -0.001811
v -0.003457 -0.000098 -0.001784
v -0.003441 -0.000246 -0.001796
v -0.003405 -0.000391 -0.001798
v -0.003360 -0.000535 -0.001810
v -0.003285 -0.000670 -0.001792
v -0.003202 -0.000803 -0.001784
v -0.003119 -0.000938 -0.001804
v -0.003010 -0.001063 -0.001799
v -0.002890 -0.001185 -0.001799
v -0.002750 -0.001295 -0.001777
v -0.002615 -0.001416 -0.001796
v -0.002462 -0.001528 -0.001802
v -0.002292 -0.001628 -0.001788
v -0.002116 -0.001728 -0.001784
v -0.001932 -0.001823 -0.001779
v -0.001746 -0.001930 -0.001803
v -0.001542 -0.002008 -0.001784
v -0.001335 -0.002088 -0.001777
v -0.001124 -0.002167 -0.001778
v -0.000908 -0.002244 -0.001787
v -0.000688 -0.002311 -0.001790
v -0.000463 -0.002348 -0.001764
v -0.000238 -0.002401 -0.001776
v -0.000012 -0.002436 -0.001778
v 0.000214 -0.002461 -0.001783
v 0.000439 -0.002457 -0.001766
v 0.000661 -0.002446 -0.001758
v 0.000884 -0.002440 -0.001779
v 0.001100 -0.002399 -0.001770
v 0.001312 -0.002348 -0.001768
v 0.001515 -0.002273 -0.001751
v 0.001719 -0.002208 -0.001767
v 0.001913 -0.002122 -0.001773
v 0.002092 -0.002011 -0.001755
v 0.002267 -0.001900 -0.001755
v 0.002432 -0.001779 -0.001752
v 0.002595 -0.001662 -0.001774
v 0.002731 -0.001519 -0.001754
v 0.002860 -0.001375 -0.001746
v 0.002983 -0.001233 -0.001754
v 0.003093 -0.001085 -0.001760
v 0.003189 -0.000933 -0.001764
v 0.003255 -0.000769 -0.001736
v 0.003329 -0.000613 -0.001753
v 0.003383 -0.000451 -0.001757
v 0.003421 -0.000286 -0.001759
v 0.003437 -0.000118 -0.001745
v 0.003268 0.000051 -0.001828
v 0.003274 0.000213 -0.001856
v 0.003245 0.000375 -0.001840
v 0.003209 0.000537 -0.001836
v 0.003156 0.000696 -0.001829
v 0.003102 0.000859 -0.001847
v 0.003029 0.001017 -0.001854
v 0.002929 0.001163 -0.001830
v 0.002832 0.001314 -0.001839
v 0.002719 0.001455 -0.001842
v 0.002600 0.001597 -0.001859
v 0.002456 0.001714 -0.001840
v 0.002307 0.001827 -0.001835
v 0.002156 0.001942 -0.001853
v 0.001989 0.002037 -0.001853
v 0.001815 0.002121 -0.001856
v 0.001627 0.002179 -0.001834
v 0.001442 0.002249 -0.001856
v 0.001247 0.002299 -0.001862
v 0.001044 0.002327 -0.001856
v 0.000837 0.002344 -0.001850
v 0.000628 0.002352 -0.001849
v 0.000418 0.002367 -0.001876
v 0.000203 0.002346 -0.001860
v -0.000012 0.002324 -0.001857
v -0.000227 0.002294 -0.001857
v -0.000441 0.002267 -0.001872
v -0.000654 0.002228 -0.001879
v -0.000861 0.002166 -0.001855
v -0.001068 0.002119 -0.001868
v -0.001270 0.002062 -0.001872
v -0.001468 0.002004 -0.001886
v -0.001654 0.001924 -0.001868
v -0.001834 0.001846 -0.001863
v -0.002015 0.001774 -0.001885
v -0.002180 0.001684 -0.001882
v -0.002337 0.001590 -0.001883
v -0.002477 0.001481 -0.001863
v -0.002620 0.001381 -0.001885
v -0.002748 0.001270 -0.001893
v -0.002856 0.001146 -0.001880
v -0.002956 0.001019 -0.001877
v -0.003044 0.000889 -0.001876
v -0.003131 0.000759 -0.001902
v -0.003185 0.000618 -0.001883
v -0.003231 0.000477 -0.001878
v -0.003268 0.000335 -0.001881
v -0.003294 0.000193 -0.001893
v -0.003303 0.000051 -0.001897
v -0.003283 -0.000090 -0.001869
v -0.003269 -0.000230 -0.001885
v -0.003236 -0.000368 -0.001889
v -0.003190 -0.000503 -0.001896
v -0.003120 -0.000631 -0.001878
v -0.003042 -0.000757 -0.001871
v -0.002964 -0.000886 -0.001895
v -0.002859 -0.001004 -0.001886
v -0.002745 -0.001120 -0.001883
v -0.002613 -0.001226 -0.001866
v -0.002484 -0.001342 -0.001885
v -0.002339 -0.001450 -0.001891
v -0.002177 -0.001543 -0.001872
v -0.002011 -0.001641 -0.001872
v -0.001836 -0.001734 -0.001869
v -0.001659 -0.001834 -0.001891
v -0.001465 -0.001908 -0.001869
v -0.001268 -0.001984 -0.001862
v -0.001068 -0.002062 -0.001869
v -0.000863 -0.002133 -0.001875
v -0.000654 -0.002194 -0.001876
v -0.000440 -0.002229 -0.001849
v -0.000227 -0.002280 -0.001865
v -0.000012 -0.002312 -0.001868
v 0.000203 -0.002331 -0.001868
v 0.000416 -0.002328 -0.001853
v 0.000628 -0.002318 -0.001847
v 0.000840 -0.002312 -0.001870
v 0.001044 -0.002270 -0.001857
v 0.001245 -0.002221 -0.001853
v 0.001438 -0.002153 -0.001840
v 0.001632 -0.002091 -0.001857
v 0.001816 -0.002010 -0.001861
v 0.001985 -0.001903 -0.001840
v 0.002153 -0.001801 -0.001843
v 0.002310 -0.001688 -0.001842
v 0.002464 -0.001576 -0.001861
v 0.002593 -0.001440 -0.001840
v 0.002715 -0.001305 -0.001833
v 0.002834 -0.001172 -0.001845
v 0.002937 -0.001031 -0.001848
v 0.003027 -0.000885 -0.001849
v 0.003091 -0.000730 -0.001823
v 0.003162 -0.000582 -0.001842
v 0.003214 -0.000428 -0.001847
v 0.003247 -0.000270 -0.001844
v 0.003263 -0.000110 -0.001832
v 0.003087 0.000051 -0.001913
v 0.003092 0.000205 -0.001941
v 0.003064 0.000358 -0.001921
v 0.003029 0.000511 -0.001917
v 0.002982 0.000663 -0.001916
v 0.002930 0.000817 -0.001932
v 0.002860 0.000966 -0.001936
v 0.002766 0.001103 -0.001910
v 0.002675 0.001246 -0.001924
v 0.002569 0.001380 -0.001928
v 0.002454 0.001511 -0.001940
v 0.002319 0.001621 -0.001921
v 0.002179 0.001728 -0.001918
v 0.002037 0.001837 -0.001940
v 0.001878 0.001924 -0.001936
v 0.001713 0.002001 -0.001936
v 0.001536 0.002058 -0.001918
v 0.001361 0.002124 -0.001941
v 0.001177 0.002170 -0.001947
v 0.000985 0.002195 -0.001935
v 0.000790 0.002214 -0.001934
v 0.000593 0.002223 -0.001934
v 0.000394 0.002237 -0.001960
v 0.000191 0.002217 -0.001941
v -0.000012 0.002197 -0.001938
v -0.000215 0.002173 -0.001943
v -0.000418 0.002147 -0.001956
v -0.000619 0.002110 -0.001960
v -0.000814 0.002052 -0.001935
v -0.001010 0.002010 -0.001953
v -0.001200 0.001956 -0.001958
v -0.001387 0.001899 -0.001966
v -0.001562 0.001824 -0.001950
v -0.001734 0.001750 -0.001946
v -0.001905 0.001683 -0.001972
v -0.002059 0.001595 -0.001963
v -0.002207 0.001504 -0.001963
v -0.002341 0.001403 -0.001947
v -0.002477 0.001308 -0.001970
v -0.002597 0.001201 -0.001976
v -0.002698 0.001082 -0.001959
v -0.002794 0.000964 -0.001961
v -0.002877 0.000841 -0.001961
v -0.002958 0.000718 -0.001985
v -0.003008 0.000584 -0.001963
v -0.003052 0.000451 -0.001958
v -0.003089 0.000319 -0.001967
v -0.003112 0.000185 -0.001975
v -0.003120 0.000051 -0.001978
v -0.003102 -0.000082 -0.001950
v -0.003090 -0.000214 -0.001970
v -0.003059 -0.000343 -0.001974
v -0.003013 -0.000470 -0.001975
v -0.002948 -0.000591 -0.001959
v -0.002875 -0.000710 -0.001955
v -0.002801 -0.000833 -0.001981
v -0.002701 -0.000944 -0.001967
v -0.002592 -0.001053 -0.001963
v -0.002470 -0.001156 -0.001950
v -0.002348 -0.001266 -0.001970
v -0.002210 -0.001368 -0.001974
v -0.002056 -0.001456 -0.001951
v -0.001901 -0.001551 -0.001955
v -0.001736 -0.001640 -0.001955
v -0.001568 -0.001734 -0.001974
v -0.001384 -0.001804 -0.001950
v -0.001198 -0.001876 -0.001944
v -0.001010 -0.001952 -0.001956
v -0.000816 -0.002016 -0.001957
v -0.000618 -0.002072 -0.001957
v -0.000416 -0.002105 -0.001931
v -0.000215 -0.002153 -0.001950
v -0.000012 -0.002182 -0.001953
v 0.000191 -0.002196 -0.001948
v 0.000392 -0.002194 -0.001935
v 0.000592 -0.002184 -0.001931
v 0.000793 -0.002178 -0.001955
v 0.000985 -0.002136 -0.001938
v 0.001175 -0.002089 -0.001934
v 0.001359 -0.002028 -0.001925
v 0.001541 -0.001969 -0.001941
v 0.001715 -0.001891 -0.001944
v 0.001874 -0.001791 -0.001920
v 0.002033 -0.001697 -0.001928
v 0.002182 -0.001592 -0.001928
v 0.002326 -0.001485 -0.001943
v 0.002448 -0.001358 -0.001921
v 0.002564 -0.001231 -0.001915
v 0.002678 -0.001107 -0.001932
v 0.002773 -0.000973 -0.001930
v 0.002857 -0.000835 -0.001930
v 0.002919 -0.000689 -0.001906
v 0.002987 -0.000549 -0.001928
v 0.003036 -0.000403 -0.001933
v 0.003065 -0.000253 -0.001924
v 0.003082 -0.000102 -0.001916
v 0.002899 0.000051 -0.001994
v 0.002903 0.000196 -0.002020
v 0.002876 0.000340 -0.001998
v 0.002843 0.000484 -0.001994
v 0.002801 0.000628 -0.001998
v 0.002750 0.000771 -0.002011
v 0.002684 0.000911 -0.002013
v 0.002596 0.001040 -0.001987
v 0.002512 0.001174 -0.002005
v 0.002412 0.001300 -0.002009
v 0.002303 0.001420 -0.002017
v 0.002176 0.001524 -0.001999
v 0.002045 0.001624 -0.001997
v 0.001912 0.001726 -0.002021
v 0.001762 0.001805 -0.002013
v 0.001607 0.001877 -0.002012
v 0.001442 0.001932 -0.001997
v 0.001278 0.001993 -0.002021
v 0.001105 0.002036 -0.002026
v 0.000924 0.002058 -0.002010
v 0.000742 0.002078 -0.002013
v 0.000556 0.002088 -0.002014
v 0.000369 0.002101 -0.002038
v 0.000178 0.002082 -0.002017
v -0.000012 0.002065 -0.002015
v -0.000203 0.002047 -0.002025
v -0.000393 0.002022 -0.002034
v -0.000581 0.001987 -0.002037
v -0.000765 0.001934 -0.002012
v -0.000949 0.001896 -0.002033
v -0.001128 0.001846 -0.002038
v -0.001302 0.001789 -0.002041
v -0.001468 0.001720 -0.002027
v -0.001629 0.001651 -0.002025
v -0.001790 0.001588 -0.002052
v -0.001934 0.001503 -0.002039
v -0.002073 0.001417 -0.002038
v -0.002200 0.001322 -0.002027
v -0.002327 0.001232 -0.002049
v -0.002439 0.001131 -0.002054
v -0.002533 0.001018 -0.002033
v -0.002625 0.000907 -0.002040
v -0.002704 0.000792 -0.002041
v -0.002778 0.000676 -0.002062
v -0.002825 0.000550 -0.002039
v -0.002867 0.000426 -0.002035
v -0.002903 0.000302 -0.002049
v -0.002923 0.000176 -0.002053
v -0.002929 0.000051 -0.002053
v -0.002913 -0.000073 -0.002027
v -0.002903 -0.000197 -0.002050
v -0.002873 -0.000318 -0.002053
v -0.002829 -0.000436 -0.002049
v -0.002769 -0.000551 -0.002037
v -0.002701 -0.000663 -0.002034
v -0.002632 -0.000778 -0.002061
v -0.002536 -0.000882 -0.002042
v -0.002434 -0.000985 -0.002039
v -0.002321 -0.001084 -0.002031
v -0.002206 -0.001187 -0.002049
v -0.002076 -0.001283 -0.002051
v -0.001931 -0.001366 -0.002026
v -0.001786 -0.001457 -0.002035
v -0.001631 -0.001542 -0.002035
v -0.001472 -0.001629 -0.002050
v -0.001300 -0.001695 -0.002026
v -0.001126 -0.001763 -0.002021
v -0.000950 -0.001836 -0.002037
v -0.000767 -0.001894 -0.002035
v -0.000581 -0.001945 -0.002033
v -0.000392 -0.001976 -0.002009
v -0.000203 -0.002021 -0.002030
v -0.000012 -0.002047 -0.002032
v 0.000178 -0.002056 -0.002023
v 0.000368 -0.002055 -0.002014
v 0.000556 -0.002046 -0.002011
v 0.000744 -0.002039 -0.002035
v 0.000924 -0.001997 -0.002014
v 0.001102 -0.001953 -0.002010
v 0.001276 -0.001898 -0.002007
v 0.001446 -0.001841 -0.002021
v 0.001609 -0.001768 -0.002022
v 0.001758 -0.001674 -0.001995
v 0.001909 -0.001589 -0.002008
v 0.002049 -0.001491 -0.002009
v 0.002183 -0.001390 -0.002020
v 0.002297 -0.001271 -0.001998
v 0.002407 -0.001154 -0.001994
v 0.002515 -0.001039 -0.002014
v 0.002603 -0.000911 -0.002008
v 0.002681 -0.000782 -0.002006
v 0.002741 -0.000646 -0.001985
v 0.002805 -0.000514 -0.002009
v 0.002850 -0.000377 -0.002012
v 0.002876 -0.000235 -0.001998
v 0.002893 -0.000093 -0.001995
v 0.002704 0.000051 -0.002071
v 0.002706 0.000186 -0.002094
v 0.002680 0.000321 -0.002069
v 0.002650 0.000455 -0.002067
v 0.002613 0.000590 -0.002076
v 0.002564 0.000724 -0.002085
v 0.002502 0.000853 -0.002085
v 0.002420 0.000973 -0.002059
v 0.002343 0.001099 -0.002081
v 0.002249 0.001216 -0.002085
v 0.002146 0.001326 -0.002087
v 0.002029 0.001423 -0.002072
v 0.001907 0.001516 -0.002071
v 0.001783 0.001611 -0.002098
v 0.001642 0.001682 -0.002084
v 0.001497 0.001749 -0.002083
v 0.001345 0.001801 -0.002073
v 0.001191 0.001858 -0.002096
v 0.001029 0.001897 -0.002099
v 0.000860 0.001916 -0.002080
v 0.000691 0.001938 -0.002087
v 0.000518 0.001949 -0.002090
v 0.000343 0.001960 -0.002111
v 0.000165 0.001943 -0.002088
v -0.000012 0.001929 -0.002087
v -0.000190 0.001915 -0.002102
v -0.000367 0.001891 -0.002107
v -0.000543 0.001859 -0.002108
v -0.000714 0.001811 -0.002084
v -0.000886 0.001778 -0.002108
v -0.001053 0.001731 -0.002113
v -0.001215 0.001676 -0.002110
v -0.001370 0.001613 -0.002099
v -0.001520 0.001549 -0.002099
v -0.001670 0.001489 -0.002127
v -0.001804 0.001408 -0.002110
v -0.001933 0.001327 -0.002108
v -0.002053 0.001239 -0.002102
v -0.002171 0.001154 -0.002123
v -0.002275 0.001058 -0.002126
v -0.002362 0.000952 -0.002102
v -0.002449 0.000850 -0.002114
v -0.002523 0.000742 -0.002116
v -0.002591 0.000632 -0.002133
v -0.002635 0.000515 -0.002109
v -0.002674 0.000400 -0.002107
v -0.002709 0.000285 -0.002125
v -0.002726 0.000167 -0.002124
v -0.002732 0.000051 -0.002123
v -0.002718 -0.000065 -0.002100
v -0.002709 -0.000180 -0.002125
v -0.002681 -0.000293 -0.002127
v -0.002638 -0.000402 -0.002118
v -0.002583 -0.000509 -0.002109
v -0.002521 -0.000615 -0.002108
v -0.002456 -0.000722 -0.002135
v -0.002365 -0.000818 -0.002112
v -0.002271 -0.000915 -0.002109
v -0.002167 -0.001009 -0.002106
v -0.002058 -0.001106 -0.002122
v -0.001937 -0.001195 -0.002123
v -0.001801 -0.001273 -0.002096
v -0.001667 -0.001360 -0.002109
v -0.001523 -0.001440 -0.002111
v -0.001374 -0.001520 -0.002121
v -0.001213 -0.001582 -0.002098
v -0.001051 -0.001646 -0.002094
v -0.000887 -0.001715 -0.002114
v -0.000716 -0.001766 -0.002106
v -0.000543 -0.001812 -0.002104
v -0.000366 -0.001842 -0.002083
v -0.000190 -0.001883 -0.002105
v -0.000012 -0.001906 -0.002107
v 0.000165 -0.001911 -0.002092
v 0.000342 -0.001911 -0.002087
v 0.000518 -0.001902 -0.002086
v 0.000693 -0.001894 -0.002110
v 0.000861 -0.001854 -0.002085
v 0.001027 -0.001812 -0.002081
v 0.001189 -0.001763 -0.002084
v 0.001348 -0.001709 -0.002095
v 0.001500 -0.001640 -0.002094
v 0.001639 -0.001553 -0.002067
v 0.001780 -0.001476 -0.002084
v 0.001911 -0.001385 -0.002085
v 0.002034 -0.001290 -0.002091
v 0.002142 -0.001181 -0.002071
v 0.002245 -0.001072 -0.002068
v 0.002346 -0.000966 -0.002091
v 0.002426 -0.000847 -0.002080
v 0.002499 -0.000726 -0.002078
v 0.002556 -0.000600 -0.002061
v 0.002616 -0.000477 -0.002085
v 0.002657 -0.000349 -0.002087
v 0.002680 -0.000216 -0.002069
v 0.002698 -0.000083 -0.002070
v 0.002502 0.000051 -0.002142
v 0.002503 0.000176 -0.002162
v 0.002479 0.000301 -0.002136
v 0.002452 0.000425 -0.002135
v 0.002418 0.000551 -0.002149
v 0.002372 0.000673 -0.002153
v 0.002313 0.000793 -0.002152
v 0.002238 0.000904 -0.002127
v 0.002167 0.001021 -0.002153
v 0.002081 0.001128 -0.002155
v 0.001984 0.001227 -0.002152
v 0.001877 0.001318 -0.002140
v 0.001764 0.001404 -0.002142
v 0.001650 0.001491 -0.002169
v 0.001519 0.001555 -0.002151
v 0.001384 0.001616 -0.002150
v 0.001244 0.001667 -0.002144
v 0.001102 0.001718 -0.002166
v 0.000951 0.001754 -0.002167
v 0.000795 0.001771 -0.002145
v 0.000639 0.001794 -0.002158
v 0.000478 0.001805 -0.002161
v 0.000317 0.001815 -0.002178
v 0.000152 0.001800 -0.002154
v -0.000012 0.001789 -0.002155
v -0.000177 0.001779 -0.002173
v -0.000341 0.001755 -0.002173
v -0.000503 0.001726 -0.002173
v -0.000662 0.001684 -0.002152
v -0.000821 0.001654 -0.002178
v -0.000976 0.001611 -0.002181
v -0.001125 0.001558 -0.002174
v -0.001269 0.001501 -0.002167
v -0.001408 0.001442 -0.002169
v -0.001547 0.001386 -0.002196
v -0.001670 0.001309 -0.002175
v -0.001789 0.001234 -0.002174
v -0.001902 0.001154 -0.002173
v -0.002010 0.001074 -0.002191
v -0.002106 0.000984 -0.002192
v -0.002186 0.000885 -0.002167
v -0.002268 0.000791 -0.002183
v -0.002336 0.000691 -0.002186
v -0.002398 0.000589 -0.002198
v -0.002439 0.000480 -0.002175
v -0.002476 0.000374 -0.002174
v -0.002509 0.000267 -0.002196
v -0.002523 0.000159 -0.002189
v -0.002528 0.000051 -0.002188
v -0.002517 -0.000056 -0.002167
v -0.002508 -0.000162 -0.002194
v -0.002482 -0.000267 -0.002195
v -0.002441 -0.000368 -0.002181
v -0.002392 -0.000468 -0.002177
v -0.002334 -0.000565 -0.002178
v -0.002273 -0.000665 -0.002203
v -0.002189 -0.000754 -0.002177
v -0.002102 -0.000844 -0.002175
v -0.002007 -0.000933 -0.002177
v -0.001905 -0.001022 -0.002190
v -0.001793 -0.001105 -0.002188
v -0.001667 -0.001177 -0.002161
v -0.001544 -0.001260 -0.002179
v -0.001410 -0.001334 -0.002180
v -0.001271 -0.001406 -0.002186
v -0.001123 -0.001465 -0.002164
v -0.000974 -0.001525 -0.002163
v -0.000822 -0.001589 -0.002185
v -0.000663 -0.001634 -0.002172
v -0.000503 -0.001675 -0.002169
v -0.000340 -0.001704 -0.002152
v -0.000177 -0.001741 -0.002175
v -0.000012 -0.001760 -0.002175
v 0.000152 -0.001762 -0.002157
v 0.000316 -0.001763 -0.002157
v 0.000478 -0.001754 -0.002157
v 0.000640 -0.001745 -0.002178
v 0.000796 -0.001706 -0.002151
v 0.000949 -0.001668 -0.002149
v 0.001100 -0.001624 -0.002156
v 0.001247 -0.001572 -0.002163
v 0.001386 -0.001509 -0.002161
v 0.001515 -0.001429 -0.002134
v 0.001647 -0.001359 -0.002155
v 0.001767 -0.001275 -0.002156
v 0.001880 -0.001186 -0.002157
v 0.001981 -0.001087 -0.002139
v 0.002076 -0.000987 -0.002138
v 0.002170 -0.000890 -0.002163
v 0.002244 -0.000779 -0.002147
v 0.002311 -0.000668 -0.002144
v 0.002365 -0.000552 -0.002132
v 0.002420 -0.000438 -0.002155
v 0.002458 -0.000319 -0.002155
v 0.002478 -0.000196 -0.002134
v 0.002496 -0.000074 -0.002140
v 0.002294 0.000051 -0.002208
v 0.002293 0.000166 -0.002224
v 0.002271 0.000280 -0.002198
v 0.002247 0.000394 -0.002199
v 0.002217 0.000509 -0.002216
v 0.002173 0.000621 -0.002215
v 0.002119 0.000730 -0.002213
v 0.002051 0.000832 -0.002191
v 0.001987 0.000939 -0.002219
v 0.001907 0.001036 -0.002220
v 0.001817 0.001126 -0.002212
v 0.001720 0.001209 -0.002204
v 0.001617 0.001289 -0.002207
v 0.001512 0.001368 -0.002234
v 0.001391 0.001425 -0.002211
v 0.001268 0.001481 -0.002211
v 0.001140 0.001529 -0.002211
v 0.001009 0.001575 -0.002229
v 0.000871 0.001607 -0.002229
v 0.000728 0.001623 -0.002205
v 0.000585 0.001646 -0.002223
v 0.000438 0.001657 -0.002226
v 0.000289 0.001665 -0.002238
v 0.000138 0.001653 -0.002216
v -0.000012 0.001645 -0.002218
v -0.000163 0.001638 -0.002240
v -0.000313 0.001615 -0.002234
v -0.000462 0.001589 -0.002233
v -0.000608 0.001552 -0.002215
v -0.000754 0.001526 -0.002243
v -0.000896 0.001486 -0.002244
v -0.001032 0.001437 -0.002232
v -0.001164 0.001386 -0.002230
v -0.001293 0.001332 -0.002233
v -0.001419 0.001280 -0.002259
v -0.001532 0.001208 -0.002234
v -0.001642 0.001139 -0.002234
v -0.001745 0.001066 -0.002239
v -0.001844 0.000991 -0.002253
v -0.001932 0.000908 -0.002252
v -0.002005 0.000817 -0.002226
v -0.002081 0.000731 -0.002247
v -0.002144 0.000638 -0.002250
v -0.002199 0.000544 -0.002257
v -0.002237 0.000445 -0.002235
v -0.002272 0.000347 -0.002237
v -0.002302 0.000249 -0.002261
v -0.002314 0.000150 -0.002249
v -0.002318 0.000051 -0.002247
v -0.002309 -0.000047 -0.002231
v -0.002301 -0.000145 -0.002257
v -0.002277 -0.000241 -0.002257
v -0.002238 -0.000333 -0.002239
v -0.002195 -0.000425 -0.002240
v -0.002142 -0.000515 -0.002242
v -0.002085 -0.000607 -0.002264
v -0.002008 -0.000688 -0.002236
v -0.001928 -0.000772 -0.002235
v -0.001842 -0.000855 -0.002243
v -0.001748 -0.000936 -0.002251
v -0.001644 -0.001012 -0.002248
v -0.001529 -0.001079 -0.002221
v -0.001417 -0.001156 -0.002244
v -0.001294 -0.001225 -0.002244
v -0.001166 -0.001289 -0.002244
v -0.001031 -0.001344 -0.002226
v -0.000894 -0.001399 -0.002226
v -0.000755 -0.001458 -0.002250
v -0.000609 -0.001497 -0.002232
v -0.000462 -0.001534 -0.002229
v -0.000313 -0.001561 -0.002217
v -0.000163 -0.001594 -0.002239
v -0.000012 -0.001609 -0.002237
v 0.000138 -0.001609 -0.002216
v 0.000289 -0.001611 -0.002221
v 0.000438 -0.001602 -0.002222
v 0.000586 -0.001591 -0.002240
v 0.000728 -0.001555 -0.002212
v 0.000869 -0.001520 -0.002211
v 0.001008 -0.001482 -0.002223
v 0.001142 -0.001432 -0.002225
v 0.001270 -0.001373 -0.002222
v 0.001388 -0.001301 -0.002197
v 0.001509 -0.001238 -0.002221
v 0.001620 -0.001162 -0.002221
v 0.001722 -0.001079 -0.002217
v 0.001815 -0.000989 -0.002202
v 0.001903 -0.000899 -0.002203
v 0.001989 -0.000810 -0.002229
v 0.002056 -0.000708 -0.002208
v 0.002117 -0.000607 -0.002206
v 0.002169 -0.000502 -0.002199
v 0.002218 -0.000397 -0.002220
v 0.002252 -0.000288 -0.002218
v 0.002270 -0.000175 -0.002194
v 0.002289 -0.000063 -0.002206
v 0.002080 0.000051 -0.002269
v 0.002078 0.000155 -0.002280
v 0.002059 0.000258 -0.002255
v 0.002037 0.000362 -0.002258
v 0.002011 0.000466 -0.002279
v 0.001969 0.000567 -0.002272
v 0.001921 0.000665 -0.002269
v 0.001860 0.000758 -0.002251
v 0.001801 0.000854 -0.002279
v 0.001729 0.000942 -0.002279
v 0.001646 0.001022 -0.002266
v 0.001559 0.001098 -0.002263
v 0.001466 0.001170 -0.002267
v 0.001370 0.001241 -0.002292
v 0.001260 0.001292 -0.002267
v 0.001149 0.001342 -0.002268
v 0.001033 0.001387 -0.002272
v 0.000914 0.001428 -0.002287
v 0.000789 0.001457 -0.002285
v 0.000659 0.001472 -0.002261
v 0.000529 0.001495 -0.002283
v 0.000396 0.001506 -0.002285
v 0.000261 0.001512 -0.002293
v 0.000124 0.001503 -0.002272
v -0.000012 0.001497 -0.002276
v -0.000149 0.001492 -0.002300
v -0.000285 0.001471 -0.002289
v -0.000420 0.001448 -0.002288
v -0.000553 0.001417 -0.002274
v -0.000685 0.001393 -0.002302
v -0.000814 0.001357 -0.002301
v -0.000937 0.001312 -0.002285
v -0.001057 0.001267 -0.002288
v -0.001174 0.001219 -0.002292
v -0.001288 0.001170 -0.002315
v -0.001390 0.001105 -0.002288
v -0.001490 0.001042 -0.002289
v -0.001585 0.000976 -0.002299
v -0.001673 0.000907 -0.002308
v -0.001753 0.000831 -0.002306
v -0.001820 0.000748 -0.002281
v -0.001889 0.000670 -0.002306
v -0.001946 0.000585 -0.002307
v -0.001995 0.000499 -0.002309
v -0.002030 0.000409 -0.002291
v -0.002062 0.000320 -0.002294
v -0.002090 0.000231 -0.002319
v -0.002099 0.000140 -0.002302
v -0.002103 0.000051 -0.002300
v -0.002096 -0.000038 -0.002289
v -0.002089 -0.000127 -0.002314
v -0.002066 -0.000214 -0.002312
v -0.002030 -0.000298 -0.002291
v -0.001992 -0.000382 -0.002298
v -0.001944 -0.000464 -0.002300
v -0.001892 -0.000547 -0.002319
v -0.001822 -0.000622 -0.002290
v -0.001750 -0.000698 -0.002291
v -0.001673 -0.000775 -0.002303
v -0.001586 -0.000847 -0.002306
v -0.001492 -0.000917 -0.002302
v -0.001388 -0.000979 -0.002277
v -0.001287 -0.001050 -0.002303
v -0.001175 -0.001111 -0.002302
v -0.001059 -0.001169 -0.002297
v -0.000936 -0.001219 -0.002282
v -0.000812 -0.001270 -0.002284
v -0.000686 -0.001322 -0.002308
v -0.000553 -0.001356 -0.002286
v -0.000420 -0.001389 -0.002284
v -0.000285 -0.001414 -0.002277
v -0.000149 -0.001442 -0.002297
v -0.000012 -0.001454 -0.002294
v 0.000124 -0.001453 -0.002270
v 0.000261 -0.001455 -0.002281
v 0.000396 -0.001447 -0.002282
v 0.000530 -0.001434 -0.002296
v 0.000659 -0.001401 -0.002268
v 0.000787 -0.001369 -0.002269
v 0.000914 -0.001335 -0.002284
v 0.001034 -0.001289 -0.002282
v 0.001150 -0.001235 -0.002278
v 0.001258 -0.001171 -0.002255
v 0.001368 -0.001114 -0.002282
v 0.001468 -0.001045 -0.002280
v 0.001560 -0.000969 -0.002271
v 0.001645 -0.000890 -0.002261
v 0.001726 -0.000809 -0.002264
v 0.001803 -0.000728 -0.002288
v 0.001863 -0.000635 -0.002263
v 0.001919 -0.000544 -0.002262
v 0.001967 -0.000450 -0.002261
v 0.002011 -0.000355 -0.002279
v 0.002041 -0.000256 -0.002275
v 0.002058 -0.000154 -0.002250
v 0.002075 -0.000053 -0.002267
v 0.001861 0.000051 -0.002324
v 0.001858 0.000144 -0.002330
v 0.001841 0.000236 -0.002307
v 0.001822 0.000328 -0.002312
v 0.001799 0.000422 -0.002335
v 0.001761 0.000511 -0.002322
v 0.001717 0.000598 -0.002320
v 0.001664 0.000682 -0.002306
v 0.001611 0.000768 -0.002334
v 0.001546 0.000845 -0.002331
v 0.001472 0.000916 -0.002315
v 0.001394 0.000985 -0.002318
v 0.001311 0.001049 -0.002322
v 0.001225 0.001111 -0.002344
v 0.001126 0.001156 -0.002317
v 0.001027 0.001202 -0.002319
v 0.000924 0.001243 -0.002329
v 0.000817 0.001279 -0.002339
v 0.000705 0.001305 -0.002335
v 0.000588 0.001319 -0.002312
v 0.000473 0.001341 -0.002338
v 0.000353 0.001351 -0.002339
v 0.000232 0.001356 -0.002341
v 0.000110 0.001350 -0.002323
v -0.000012 0.001346 -0.002329
v -0.000135 0.001342 -0.002354
v -0.000257 0.001323 -0.002337
v -0.000377 0.001303 -0.002337
v -0.000496 0.001277 -0.002327
v -0.000615 0.001257 -0.002354
v -0.000729 0.001224 -0.002351
v -0.000839 0.001183 -0.002332
v -0.000948 0.001145 -0.002341
v -0.001052 0.001102 -0.002345
v -0.001154 0.001057 -0.002364
v -0.001245 0.000998 -0.002336
v -0.001335 0.000942 -0.002339
v -0.001421 0.000884 -0.002353
v -0.001499 0.000820 -0.002357
v -0.001570 0.000752 -0.002354
v -0.001630 0.000678 -0.002331
v -0.001693 0.000607 -0.002359
v -0.001743 0.000531 -0.002358
v -0.001786 0.000453 -0.002355
v -0.001818 0.000373 -0.002341
v -0.001847 0.000293 -0.002346
v -0.001872 0.000213 -0.002371
v -0.001880 0.000131 -0.002349
v -0.001883 0.000051 -0.002348
v -0.001878 -0.000029 -0.002342
v -0.001871 -0.000109 -0.002365
v -0.001850 -0.000187 -0.002361
v -0.001818 -0.000262 -0.002338
v -0.001785 -0.000339 -0.002350
v -0.001742 -0.000413 -0.002353
v -0.001694 -0.000486 -0.002367
v -0.001631 -0.000554 -0.002338
v -0.001567 -0.000623 -0.002341
v -0.001499 -0.000692 -0.002357
v -0.001421 -0.000757 -0.002355
v -0.001336 -0.000819 -0.002350
v -0.001244 -0.000876 -0.002328
v -0.001153 -0.000939 -0.002356
v -0.001053 -0.000994 -0.002353
v -0.000948 -0.001045 -0.002344
v -0.000839 -0.001091 -0.002334
v -0.000728 -0.001136 -0.002337
v -0.000615 -0.001182 -0.002361
v -0.000496 -0.001210 -0.002335
v -0.000377 -0.001240 -0.002334
v -0.000256 -0.001263 -0.002332
v -0.000135 -0.001286 -0.002349
v -0.000012 -0.001296 -0.002344
v 0.000110 -0.001294 -0.002319
v 0.000232 -0.001296 -0.002335
v 0.000353 -0.001288 -0.002336
v 0.000473 -0.001274 -0.002345
v 0.000589 -0.001244 -0.002319
v 0.000704 -0.001216 -0.002321
v 0.000817 -0.001186 -0.002340
v 0.000924 -0.001143 -0.002332
v 0.001028 -0.001095 -0.002328
v 0.001125 -0.001038 -0.002309
v 0.001224 -0.000988 -0.002336
v 0.001313 -0.000926 -0.002333
v 0.001395 -0.000858 -0.002319
v 0.001472 -0.000788 -0.002315
v 0.001544 -0.000716 -0.002319
v 0.001613 -0.000644 -0.002342
v 0.001665 -0.000561 -0.002314
v 0.001716 -0.000480 -0.002314
v 0.001760 -0.000396 -0.002317
v 0.001798 -0.000311 -0.002331
v 0.001825 -0.000223 -0.002327
v 0.001840 -0.000132 -0.002301
v 0.001857 -0.000042 -0.002323
v 0.001637 0.000051 -0.002373
v 0.001634 0.000132 -0.002374
v 0.001619 0.000213 -0.002355
v 0.001603 0.000294 -0.002361
v 0.001583 0.000376 -0.002384
v 0.001548 0.000453 -0.002366
v 0.001510 0.000530 -0.002365
v 0.001464 0.000604 -0.002355
v 0.001417 0.000679 -0.002382
v 0.001359 0.000747 -0.002378
v 0.001294 0.000808 -0.002359
v 0.001226 0.000869 -0.002367
v 0.001153 0.000925 -0.002372
v 0.001077 0.000979 -0.002390
v 0.000990 0.001019 -0.002361
v 0.000903 0.001059 -0.002366
v 0.000812 0.001097 -0.002379
v 0.000717 0.001127 -0.002384
v 0.000619 0.001150 -0.002379
v 0.000516 0.001164 -0.002358
v 0.000415 0.001184 -0.002387
v 0.000310 0.001193 -0.002386
v 0.000203 0.001197 -0.002383
v 0.000095 0.001194 -0.002369
v -0.000012 0.001191 -0.002376
v -0.000120 0.001189 -0.002401
v -0.000227 0.001171 -0.002380
v -0.000334 0.001155 -0.002380
v -0.000438 0.001134 -0.002376
v -0.000543 0.001116 -0.002400
v -0.000643 0.001087 -0.002395
v -0.000740 0.001052 -0.002374
v -0.000836 0.001019 -0.002388
v -0.000928 0.000981 -0.002392
v -0.001017 0.000941 -0.002407
v -0.001097 0.000889 -0.002379
v -0.001177 0.000840 -0.002384
v -0.001253 0.000789 -0.002401
v -0.001321 0.000732 -0.002400
v -0.001383 0.000671 -0.002396
v -0.001437 0.000606 -0.002376
v -0.001492 0.000544 -0.002406
v -0.001536 0.000476 -0.002403
v -0.001573 0.000406 -0.002395
v -0.001602 0.000336 -0.002386
v -0.001628 0.000265 -0.002392
v -0.001650 0.000194 -0.002416
v -0.001656 0.000122 -0.002390
v -0.001659 0.000051 -0.002391
v -0.001656 -0.000020 -0.002390
v -0.001649 -0.000091 -0.002409
v -0.001630 -0.000160 -0.002403
v -0.001601 -0.000226 -0.002379
v -0.001573 -0.000294 -0.002398
v -0.001535 -0.000359 -0.002399
v -0.001493 -0.000424 -0.002408
v -0.001437 -0.000484 -0.002381
v -0.001381 -0.000546 -0.002386
v -0.001321 -0.000607 -0.002405
v -0.001252 -0.000664 -0.002397
v -0.001178 -0.000719 -0.002392
v -0.001097 -0.000770 -0.002374
v -0.001017 -0.000826 -0.002403
v -0.000929 -0.000874 -0.002398
v -0.000836 -0.000917 -0.002385
v -0.000741 -0.000959 -0.002380
v -0.000643 -0.000999 -0.002385
v -0.000543 -0.001038 -0.002406
v -0.000438 -0.001062 -0.002377
v -0.000334 -0.001088 -0.002378
v -0.000227 -0.001109 -0.002381
v -0.000120 -0.001127 -0.002394
v -0.000012 -0.001134 -0.002388
v 0.000095 -0.001132 -0.002363
v 0.000203 -0.001134 -0.002384
v 0.000309 -0.001125 -0.002384
v 0.000415 -0.001112 -0.002388
v 0.000517 -0.001086 -0.002364
v 0.000618 -0.001061 -0.002369
v 0.000718 -0.001034 -0.002390
v 0.000812 -0.000995 -0.002376
v 0.000903 -0.000953 -0.002372
v 0.000989 -0.000904 -0.002357
v 0.001076 -0.000859 -0.002385
v 0.001154 -0.000804 -0.002380
v 0.001226 -0.000744 -0.002363
v 0.001294 -0.000684 -0.002364
v 0.001358 -0.000621 -0.002368
v 0.001418 -0.000557 -0.002388
v 0.001464 -0.000485 -0.002358
v 0.001509 -0.000414 -0.002361
v 0.001549 -0.000341 -0.002369
v 0.001582 -0.000266 -0.002378
v 0.001605 -0.000189 -0.002372
v 0.001618 -0.000109 -0.002348
v 0.001634 -0.000030 -0.002374
v 0.001409 0.000051 -0.002415
v 0.001405 0.000120 -0.002412
v 0.001394 0.000190 -0.002397
v 0.001380 0.000259 -0.002404
v 0.001362 0.000329 -0.002428
v 0.001332 0.000396 -0.002405
v 0.001299 0.000462 -0.002405
v 0.001260 0.000525 -0.002400
v 0.001220 0.000589 -0.002425
v 0.001169 0.000647 -0.002418
v 0.001113 0.000699 -0.002397
v 0.001055 0.000752 -0.002411
v 0.000992 0.000800 -0.002415
v 0.000926 0.000846 -0.002429
v 0.000851 0.000880 -0.002400
v 0.000776 0.000916 -0.002407
v 0.000698 0.000949 -0.002424
v 0.000616 0.000974 -0.002422
v 0.000531 0.000994 -0.002418
v 0.000443 0.001007 -0.002399
v 0.000356 0.001025 -0.002430
v 0.000265 0.001033 -0.002426
v 0.000173 0.001036 -0.002419
v 0.000081 0.001035 -0.002411
v -0.000012 0.001034 -0.002418
v -0.000105 0.001032 -0.002442
v -0.000197 0.001017 -0.002416
v -0.000289 0.001004 -0.002419
v -0.000380 0.000988 -0.002419
v -0.000469 0.000972 -0.002439
v -0.000556 0.000947 -0.002433
v -0.000639 0.000917 -0.002411
v -0.000722 0.000890 -0.002430
v -0.000802 0.000857 -0.002432
v -0.000878 0.000822 -0.002443
v -0.000947 0.000777 -0.002416
v -0.001016 0.000735 -0.002424
v -0.001081 0.000691 -0.002443
v -0.001139 0.000641 -0.002436
v -0.001193 0.000588 -0.002432
v -0.001240 0.000532 -0.002415
v -0.001288 0.000478 -0.002446
v -0.001325 0.000420 -0.002441
v -0.001356 0.000359 -0.002429
v -0.001383 0.000298 -0.002426
v -0.001405 0.000237 -0.002432
v -0.001423 0.000175 -0.002454
v -0.001428 0.000112 -0.002425
v -0.001431 0.000051 -0.002428
v -0.001429 -0.000011 -0.002432
v -0.001422 -0.000072 -0.002447
v -0.001406 -0.000132 -0.002439
v -0.001381 -0.000189 -0.002416
v -0.001358 -0.000248 -0.002439
v -0.001325 -0.000305 -0.002438
v -0.001287 -0.000361 -0.002443
v -0.001240 -0.000413 -0.002419
v -0.001192 -0.000467 -0.002426
v -0.001141 -0.000521 -0.002447
v -0.001080 -0.000569 -0.002432
v -0.001016 -0.000617 -0.002429
v -0.000947 -0.000661 -0.002415
v -0.000878 -0.000709 -0.002443
v -0.000802 -0.000750 -0.002436
v -0.000722 -0.000787 -0.002420
v -0.000640 -0.000823 -0.002421
v -0.000556 -0.000857 -0.002426
v -0.000470 -0.000891 -0.002445
v -0.000379 -0.000910 -0.002414
v -0.000289 -0.000932 -0.002417
v -0.000198 -0.000951 -0.002425
v -0.000105 -0.000964 -0.002433
v -0.000012 -0.000970 -0.002425
v 0.000080 -0.000967 -0.002402
v 0.000173 -0.000970 -0.002427
v 0.000265 -0.000961 -0.002425
v 0.000356 -0.000948 -0.002425
v 0.000444 -0.000925 -0.002404
v 0.000531 -0.000904 -0.002411
v 0.000617 -0.000881 -0.002433
v 0.000698 -0.000845 -0.002413
v 0.000776 -0.000809 -0.002411
v 0.000851 -0.000768 -0.002401
v 0.000926 -0.000729 -0.002427
v 0.000993 -0.000682 -0.002420
v 0.001054 -0.000630 -0.002400
v 0.001114 -0.000579 -0.002408
v 0.001169 -0.000525 -0.002412
v 0.001220 -0.000470 -0.002428
v 0.001260 -0.000408 -0.002397
v 0.001299 -0.000347 -0.002403
v 0.001333 -0.000285 -0.002414
v 0.001361 -0.000221 -0.002418
v 0.001381 -0.000154 -0.002411
v 0.001393 -0.000086 -0.002389
v 0.001406 -0.000019 -0.002418
v 0.001177 0.000051 -0.002451
v 0.001174 0.000109 -0.002443
v 0.001165 0.000166 -0.002434
v 0.001153 0.000224 -0.002442
v 0.001138 0.000282 -0.002464
v 0.001112 0.000337 -0.002437
v 0.001085 0.000392 -0.002440
v 0.001053 0.000445 -0.002440
v 0.001019 0.000498 -0.002460
v 0.000977 0.000546 -0.002451
v 0.000929 0.000590 -0.002430
v 0.000882 0.000635 -0.002450
v 0.000829 0.000675 -0.002452
v 0.000773 0.000712 -0.002461
v 0.000710 0.000741 -0.002434
v 0.000648 0.000771 -0.002443
v 0.000583 0.000799 -0.002462
v 0.000514 0.000819 -0.002454
v 0.000443 0.000837 -0.002450
v 0.000369 0.000848 -0.002435
v 0.000296 0.000865 -0.002466
v 0.000220 0.000871 -0.002460
v 0.000143 0.000874 -0.002449
v 0.000065 0.000874 -0.002446
v -0.000012 0.000874 -0.002454
v -0.000090 0.000873 -0.002476
v -0.000167 0.000860 -0.002447
v -0.000244 0.000851 -0.002452
v -0.000320 0.000838 -0.002456
v -0.000395 0.000824 -0.002472
v -0.000467 0.000804 -0.002464
v -0.000537 0.000779 -0.002442
v -0.000607 0.000757 -0.002466
v -0.000673 0.000730 -0.002467
v -0.000737 0.000699 -0.002472
v -0.000795 0.000663 -0.002448
v -0.000852 0.000628 -0.002458
v -0.000907 0.000591 -0.002479
v -0.000955 0.000548 -0.002465
v -0.001000 0.000504 -0.002462
v -0.001040 0.000457 -0.002450
v -0.001080 0.000412 -0.002480
v -0.001111 0.000362 -0.002473
v -0.001137 0.000310 -0.002458
v -0.001160 0.000259 -0.002460
v -0.001178 0.000208 -0.002466
v -0.001193 0.000156 -0.002485
v -0.001197 0.000103 -0.002455
v -0.001200 0.000051 -0.002460
v -0.001199 -0.000001 -0.002468
v -0.001192 -0.000053 -0.002477
v -0.001178 -0.000103 -0.002469
v -0.001158 -0.000152 -0.002447
v -0.001139 -0.000202 -0.002474
v -0.001111 -0.000250 -0.002471
v -0.001079 -0.000297 -0.002472
v -0.001040 -0.000341 -0.002451
v -0.001000 -0.000386 -0.002460
v -0.000957 -0.000431 -0.002481
v -0.000906 -0.000471 -0.002462
v -0.000852 -0.000512 -0.002460
v -0.000795 -0.000549 -0.002450
v -0.000737 -0.000590 -0.002477
v -0.000673 -0.000624 -0.002468
v -0.000606 -0.000654 -0.002449
v -0.000538 -0.000685 -0.002457
v -0.000467 -0.000713 -0.002461
v -0.000395 -0.000740 -0.002477
v -0.000319 -0.000756 -0.002445
v -0.000244 -0.000774 -0.002451
v -0.000167 -0.000789 -0.002462
v -0.000090 -0.000799 -0.002465
v -0.000012 -0.000803 -0.002457
v 0.000065 -0.000801 -0.002436
v 0.000143 -0.000803 -0.002464
v 0.000220 -0.000794 -0.002460
v 0.000296 -0.000782 -0.002455
v 0.000369 -0.000764 -0.002440
v 0.000442 -0.000746 -0.002448
v 0.000515 -0.000726 -0.002469
v 0.000582 -0.000695 -0.002445
v 0.000648 -0.000665 -0.002445
v 0.000711 -0.000631 -0.002439
v 0.000773 -0.000598 -0.002463
v 0.000829 -0.000558 -0.002454
v 0.000880 -0.000515 -0.002433
v 0.000931 -0.000473 -0.002447
v 0.000976 -0.000428 -0.002449
v 0.001019 -0.000382 -0.002462
v 0.001052 -0.000330 -0.002431
v 0.001085 -0.000280 -0.002439
v 0.001114 -0.000229 -0.002454
v 0.001137 -0.000175 -0.002451
v 0.001154 -0.000120 -0.002445
v 0.001164 -0.000063 -0.002426
v 0.001175 -0.000007 -0.002457
v 0.000943 0.000051 -0.002481
v 0.000940 0.000097 -0.002469
v 0.000933 0.000143 -0.002466
v 0.000924 0.000189 -0.002474
v 0.000912 0.000235 -0.002494
v 0.000890 0.000279 -0.002464
v 0.000869 0.000323 -0.002469
v 0.000844 0.000365 -0.002473
v 0.000815 0.000407 -0.002489
v 0.000782 0.000445 -0.002479
v 0.000743 0.000480 -0.002458
v 0.000706 0.000517 -0.002483
v 0.000663 0.000548 -0.002482
v 0.000618 0.000578 -0.002487
v 0.000568 0.000601 -0.002463
v 0.000518 0.000626 -0.002474
v 0.000466 0.000649 -0.002494
v 0.000410 0.000665 -0.002480
v 0.000353 0.000679 -0.002477
v 0.000294 0.000689 -0.002466
v 0.000235 0.000702 -0.002496
v 0.000174 0.000708 -0.002488
v 0.000112 0.000710 -0.002474
v 0.000050 0.000712 -0.002477
v -0.000012 0.000712 -0.002484
v -0.000075 0.000711 -0.002503
v -0.000137 0.000701 -0.002472
v -0.000198 0.000694 -0.002479
v -0.000259 0.000685 -0.002487
v -0.000319 0.000674 -0.002498
v -0.000378 0.000658 -0.002489
v -0.000434 0.000638 -0.002469
v -0.000490 0.000622 -0.002496
v -0.000543 0.000599 -0.002494
v -0.000594 0.000575 -0.002495
v -0.000641 0.000546 -0.002475
v -0.000687 0.000517 -0.002486
v -0.000731 0.000488 -0.002507
v -0.000769 0.000453 -0.002488
v -0.000805 0.000417 -0.002487
v -0.000838 0.000380 -0.002479
v -0.000870 0.000343 -0.002507
v -0.000895 0.000303 -0.002497
v -0.000915 0.000261 -0.002480
v -0.000934 0.000220 -0.002489
v -0.000949 0.000178 -0.002494
v -0.000960 0.000136 -0.002510
v -0.000963 0.000093 -0.002478
v -0.000966 0.000051 -0.002486
v -0.000965 0.000009 -0.002498
v -0.000959 -0.000033 -0.002501
v -0.000948 -0.000074 -0.002493
v -0.000932 -0.000113 -0.002473
v -0.000917 -0.000154 -0.002503
v -0.000895 -0.000193 -0.002498
v -0.000868 -0.000230 -0.002494
v -0.000838 -0.000266 -0.002478
v -0.000806 -0.000303 -0.002488
v -0.000771 -0.000339 -0.002509
v -0.000729 -0.000371 -0.002485
v -0.000687 -0.000404 -0.002485
v -0.000641 -0.000435 -0.002480
v -0.000594 -0.000467 -0.002504
v -0.000543 -0.000494 -0.002493
v -0.000489 -0.000518 -0.002473
v -0.000434 -0.000543 -0.002487
v -0.000378 -0.000565 -0.002490
v -0.000320 -0.000586 -0.002501
v -0.000259 -0.000598 -0.002471
v -0.000198 -0.000613 -0.002479
v -0.000137 -0.000625 -0.002493
v -0.000075 -0.000632 -0.002490
v -0.000012 -0.000635 -0.002483
v 0.000050 -0.000633 -0.002465
v 0.000113 -0.000634 -0.002495
v 0.000174 -0.000626 -0.002488
v 0.000235 -0.000615 -0.002480
v 0.000294 -0.000601 -0.002470
v 0.000353 -0.000586 -0.002478
v 0.000411 -0.000570 -0.002499
v 0.000465 -0.000545 -0.002471
v 0.000518 -0.000521 -0.002473
v 0.000568 -0.000494 -0.002472
v 0.000618 -0.000467 -0.002492
v 0.000663 -0.000435 -0.002481
v 0.000704 -0.000400 -0.002460
v 0.000745 -0.000367 -0.002479
v 0.000782 -0.000331 -0.002480
v 0.000815 -0.000294 -0.002488
v 0.000842 -0.000253 -0.002460
v 0.000869 -0.000213 -0.002470
v 0.000893 -0.000172 -0.002487
v 0.000910 -0.000129 -0.002478
v 0.000924 -0.000085 -0.002473
v 0.000932 -0.000040 -0.002458
v 0.000942 0.000005 -0.002489
v 0.000706 0.000051 -0.002504
v 0.000703 0.000085 -0.002490
v 0.000699 0.000119 -0.002493
v 0.000692 0.000154 -0.002500
v 0.000682 0.000188 -0.002517
v 0.000667 0.000221 -0.002485
v 0.000651 0.000253 -0.002493
v 0.000632 0.000285 -0.002501
v 0.000610 0.000316 -0.002511
v 0.000585 0.000345 -0.002501
v 0.000556 0.000371 -0.002481
v 0.000528 0.000399 -0.002509
v 0.000496 0.000422 -0.002506
v 0.000461 0.000444 -0.002506
v 0.000424 0.000462 -0.002486
v 0.000386 0.000481 -0.002499
v 0.000347 0.000498 -0.002519
v 0.000305 0.000510 -0.002499
v 0.000262 0.000521 -0.002499
v 0.000218 0.000530 -0.002491
v 0.000174 0.000540 -0.002520
v 0.000128 0.000544 -0.002509
v 0.000081 0.000545 -0.002493
v 0.000035 0.000548 -0.002502
v -0.000012 0.000548 -0.002508
v -0.000059 0.000548 -0.002522
v -0.000106 0.000541 -0.002491
v -0.000152 0.000536 -0.002501
v -0.000198 0.000530 -0.002512
v -0.000243 0.000521 -0.002516
v -0.000287 0.000509 -0.002508
v -0.000329 0.000495 -0.002490
v -0.000372 0.000483 -0.002520
v -0.000411 0.000466 -0.002515
v -0.000449 0.000447 -0.002511
v -0.000485 0.000426 -0.002496
v -0.000520 0.000405 -0.002508
v -0.000553 0.000382 -0.002528
v -0.000581 0.000355 -0.002504
v -0.000609 0.000329 -0.002506
v -0.000633 0.000301 -0.002502
v -0.000657 0.000273 -0.002527
v -0.000676 0.000242 -0.002515
v -0.000691 0.000210 -0.002497
v -0.000706 0.000179 -0.002512
v -0.000717 0.000147 -0.002515
v -0.000725 0.000115 -0.002527
v -0.000727 0.000083 -0.002496
v -0.000730 0.000051 -0.002507
v -0.000729 0.000019 -0.002521
v -0.000724 -0.000013 -0.002518
v -0.000716 -0.000044 -0.002511
v -0.000704 -0.000074 -0.002494
v -0.000693 -0.000105 -0.002525
v -0.000676 -0.000134 -0.002517
v -0.000656 -0.000163 -0.002510
v -0.000633 -0.000190 -0.002500
v -0.000609 -0.000218 -0.002510
v -0.000583 -0.000245 -0.002529
v -0.000551 -0.000269 -0.002501
v -0.000520 -0.000294 -0.002505
v -0.000485 -0.000317 -0.002504
v -0.000450 -0.000341 -0.002524
v -0.000411 -0.000361 -0.002512
v -0.000371 -0.000379 -0.002492
v -0.000330 -0.000399 -0.002512
v -0.000287 -0.000415 -0.002512
v -0.000243 -0.000430 -0.002520
v -0.000198 -0.000439 -0.002491
v -0.000152 -0.000450 -0.002502
v -0.000106 -0.000459 -0.002518
v -0.000059 -0.000463 -0.002509
v -0.000012 -0.000465 -0.002503
v 0.000035 -0.000463 -0.002488
v 0.000082 -0.000464 -0.002519
v 0.000128 -0.000457 -0.002509
v 0.000173 -0.000449 -0.002498
v 0.000218 -0.000438 -0.002494
v 0.000262 -0.000427 -0.002503
v 0.000306 -0.000414 -0.002521
v 0.000346 -0.000394 -0.002490
v 0.000386 -0.000376 -0.002496
v 0.000425 -0.000357 -0.002499
v 0.000462 -0.000336 -0.002514
v 0.000495 -0.000312 -0.002503
v 0.000526 -0.000286 -0.002482
v 0.000558 -0.000261 -0.002506
v 0.000585 -0.000234 -0.002504
v 0.000610 -0.000206 -0.002508
v 0.000631 -0.000175 -0.002483
v 0.000651 -0.000146 -0.002495
v 0.000669 -0.000115 -0.002513
v 0.000681 -0.000083 -0.002499
v 0.000692 -0.000050 -0.002495
v 0.000698 -0.000017 -0.002484
v 0.000705 0.000016 -0.002514
v 0.000467 0.000051 -0.002520
v 0.000466 0.000073 -0.002504
v 0.000463 0.000096 -0.002514
v 0.000458 0.000119 -0.002519
v 0.000452 0.000142 -0.002533
v 0.000441 0.000163 -0.002501
v 0.000431 0.000185 -0.002512
v 0.000418 0.000206 -0.002522
v 0.000403 0.000227 -0.002526
v 0.000386 0.000245 -0.002516
v 0.000367 0.000263 -0.002499
v 0.000349 0.000281 -0.002530
v 0.000327 0.000297 -0.002523
v 0.000304 0.000311 -0.002520
v 0.000279 0.000324 -0.002504
v 0.000254 0.000336 -0.002517
v 0.000228 0.000348 -0.002536
v 0.000200 0.000356 -0.002512
v 0.000171 0.000364 -0.002514
v 0.000142 0.000370 -0.002511
v 0.000112 0.000376 -0.002536
v 0.000081 0.000379 -0.002523
v 0.000050 0.000381 -0.002506
v 0.000019 0.000383 -0.002521
v -0.000012 0.000383 -0.002525
v -0.000044 0.000383 -0.002535
v -0.000075 0.000378 -0.002505
v -0.000106 0.000376 -0.002517
v -0.000136 0.000372 -0.002531
v -0.000166 0.000366 -0.002528
v -0.000196 0.000358 -0.002521
v -0.000224 0.000349 -0.002505
v -0.000252 0.000341 -0.002537
v -0.000279 0.000330 -0.002529
v -0.000304 0.000317 -0.002522
v -0.000328 0.000303 -0.002512
v -0.000351 0.000289 -0.002524
v -0.000373 0.000274 -0.002543
v -0.000392 0.000256 -0.002515
v -0.000411 0.000238 -0.002520
v -0.000427 0.000219 -0.002520
v -0.000443 0.000200 -0.002540
v -0.000455 0.000180 -0.002527
v -0.000466 0.000158 -0.002509
v -0.000476 0.000137 -0.002529
v -0.000483 0.000116 -0.002530
v -0.000488 0.000094 -0.002537
v -0.000490 0.000072 -0.002509
v -0.000492 0.000051 -0.002522
v -0.000491 0.000029 -0.002537
v -0.000488 0.000008 -0.002528
v -0.000482 -0.000013 -0.002522
v -0.000475 -0.000034 -0.002509
v -0.000467 -0.000054 -0.002541
v -0.000455 -0.000074 -0.002530
v -0.000442 -0.000093 -0.002519
v -0.000427 -0.000112 -0.002516
v -0.000411 -0.000130 -0.002526
v -0.000393 -0.000149 -0.002543
v -0.000372 -0.000165 -0.002512
v -0.000351 -0.000181 -0.002519
v -0.000328 -0.000197 -0.002522
v -0.000305 -0.000213 -0.002537
v -0.000279 -0.000226 -0.002524
v -0.000252 -0.000238 -0.002505
v -0.000224 -0.000251 -0.002530
v -0.000196 -0.000262 -0.002527
v -0.000167 -0.000271 -0.002531
v -0.000136 -0.000277 -0.002506
v -0.000106 -0.000284 -0.002519
v -0.000075 -0.000290 -0.002536
v -0.000044 -0.000292 -0.002521
v -0.000012 -0.000293 -0.002517
v 0.000019 -0.000292 -0.002506
v 0.000050 -0.000292 -0.002537
v 0.000081 -0.000288 -0.002524
v 0.000112 -0.000282 -0.002511
v 0.000142 -0.000275 -0.002513
v 0.000171 -0.000267 -0.002521
v 0.000200 -0.000258 -0.002537
v 0.000227 -0.000245 -0.002504
v 0.000254 -0.000233 -0.002513
v 0.000280 -0.000220 -0.002520
v 0.000304 -0.000206 -0.002529
v 0.000327 -0.000189 -0.002518
v 0.000348 -0.000172 -0.002499
v 0.000369 -0.000156 -0.002527
v 0.000387 -0.000138 -0.002522
v 0.000403 -0.000119 -0.002522
v 0.000417 -0.000099 -0.002502
v 0.000431 -0.000079 -0.002515
v 0.000443 -0.000059 -0.002533
v 0.000451 -0.000038 -0.002513
v 0.000458 -0.000016 -0.002512
v 0.000463 0.000006 -0.002505
v 0.000467 0.000028 -0.002533
v 0.000228 0.000051 -0.002530
v 0.000227 0.000062 -0.002514
v 0.000226 0.000073 -0.002529
v 0.000223 0.000084 -0.002532
v 0.000220 0.000096 -0.002542
v 0.000215 0.000106 -0.002511
v 0.000209 0.000117 -0.002525
v 0.000203 0.000128 -0.002537
v 0.000196 0.000138 -0.002534
v 0.000187 0.000147 -0.002526
v 0.000178 0.000156 -0.002511
v 0.000169 0.000165 -0.002543
v 0.000158 0.000173 -0.002533
v 0.000146 0.000180 -0.002526
v 0.000134 0.000187 -0.002517
v 0.000121 0.000193 -0.002530
v 0.000108 0.000199 -0.002547
v 0.000094 0.000202 -0.002519
v 0.000080 0.000207 -0.002524
v 0.000065 0.000210 -0.002525
v 0.000050 0.000213 -0.002545
v 0.000035 0.000215 -0.002531
v 0.000019 0.000215 -0.002514
v 0.000003 0.000217 -0.002534
v -0.000012 0.000217 -0.002535
v -0.000028 0.000217 -0.002542
v -0.000044 0.000215 -0.002513
v -0.000059 0.000214 -0.002528
v -0.000074 0.000212 -0.002543
v -0.000089 0.000209 -0.002534
v -0.000104 0.000205 -0.002528
v -0.000118 0.000201 -0.002515
v -0.000132 0.000197 -0.002548
v -0.000146 0.000191 -0.002536
v -0.000158 0.000185 -0.002526
v -0.000170 0.000178 -0.002523
v -0.000182 0.000171 -0.002534
v -0.000193 0.000163 -0.002550
v -0.000202 0.000154 -0.002519
v -0.000212 0.000145 -0.002527
v -0.000220 0.000136 -0.002531
v -0.000228 0.000126 -0.002546
v -0.000234 0.000116 -0.002532
v -0.000239 0.000105 -0.002515
v -0.000244 0.000095 -0.002540
v -0.000248 0.000084 -0.002537
v -0.000250 0.000073 -0.002541
v -0.000251 0.000062 -0.002516
v -0.000252 0.000051 -0.002531
v -0.000252 0.000040 -0.002547
v -0.000250 0.000029 -0.002532
v -0.000248 0.000018 -0.002528
v -0.000244 0.000008 -0.002519
v -0.000240 -0.000003 -0.002549
v -0.000234 -0.000012 -0.002536
v -0.000227 -0.000022 -0.002523
v -0.000220 -0.000032 -0.002526
v -0.000212 -0.000041 -0.002535
v -0.000203 -0.000050 -0.002549
v -0.000192 -0.000058 -0.002517
v -0.000182 -0.000066 -0.002527
v -0.000171 -0.000074 -0.002534
v -0.000159 -0.000082 -0.002543
v -0.000146 -0.000089 -0.002531
v -0.000132 -0.000095 -0.002513
v -0.000119 -0.000101 -0.002541
v -0.000104 -0.000106 -0.002536
v -0.000089 -0.000111 -0.002536
v -0.000074 -0.000114 -0.002515
v -0.000059 -0.000118 -0.002530
v -0.000044 -0.000120 -0.002547
v -0.000028 -0.000121 -0.002526
v -0.000012 -0.000122 -0.002526
v 0.000003 -0.000121 -0.002519
v 0.000019 -0.000121 -0.002547
v 0.000035 -0.000118 -0.002533
v 0.000050 -0.000115 -0.002518
v 0.000065 -0.000112 -0.002527
v 0.000080 -0.000108 -0.002533
v 0.000094 -0.000103 -0.002545
v 0.000108 -0.000096 -0.002513
v 0.000121 -0.000090 -0.002525
v 0.000134 -0.000084 -0.002535
v 0.000146 -0.000077 -0.002538
v 0.000157 -0.000068 -0.002527
v 0.000168 -0.000060 -0.002510
v 0.000178 -0.000052 -0.002541
v 0.000187 -0.000043 -0.002533
v 0.000196 -0.000033 -0.002530
v 0.000203 -0.000023 -0.002514
v 0.000210 -0.000014 -0.002528
v 0.000215 -0.000004 -0.002546
v 0.000219 0.000007 -0.002521
v 0.000223 0.000018 -0.002523
v 0.000226 0.000028 -0.002520
v 0.000228 0.000039 -0.002545
v -0.000012 0.000051 -0.002533
v -0.000991 0.000727 0.002472
v -0.000984 0.000739 0.002473
v -0.000982 0.000757 0.002475
v -0.000984 0.000746 0.002474
v -0.000994 0.000721 0.002469
v -0.001018 0.000673 0.002451
v -0.001023 0.000657 0.002441
v -0.001023 0.000661 0.002444
v -0.001021 0.000667 0.002447
v -0.001033 0.000618 0.002428
v -0.001039 0.000591 0.002416
v -0.001039 0.000591 0.002416
v -0.001049 0.000564 0.002390
v -0.001040 0.000587 0.002412
v -0.001061 0.000530 0.002346
v -0.001071 0.000512 0.002329
v -0.001064 0.000523 0.002339
v -0.001064 0.000523 0.002339
v -0.001091 0.000476 0.002284
v -0.001075 0.000504 0.002319
v -0.001100 0.000462 0.002275
v -0.001118 0.000423 0.002242
v -0.001102 0.000459 0.002273
v -0.001100 0.000462 0.002275
v -0.001122 0.000412 0.002228
v -0.001152 0.000373 0.002175
v -0.001139 0.000384 0.002189
v -0.001131 0.000388 0.002196
v -0.001354 0.000367 0.002155
v -0.001166 0.000361 0.002159
v -0.001292 0.000350 0.002137
v -0.001304 0.000353 0.002140
v -0.001193 0.000339 0.002127
v -0.001045 0.000922 0.002488
v -0.001024 0.000907 0.002492
v -0.000984 0.000854 0.002492
v -0.000972 0.000796 0.002474
v -0.000965 0.000831 0.002490
v -0.000970 0.000837 0.002490
v -0.000975 0.000785 0.002476
v -0.001382 0.000375 0.002162
v -0.001390 0.000373 0.002159
v -0.001409 0.000371 0.002154
v -0.001583 0.000381 0.002140
v -0.001552 0.000370 0.002129
v -0.001458 0.000366 0.002139
v -0.001469 0.000365 0.002135
v -0.001544 0.000366 0.002125
v -0.001162 0.001050 0.002461
v -0.001148 0.001030 0.002464
v -0.001101 0.000961 0.002476
v -0.001103 0.000965 0.002475
v -0.001145 0.001024 0.002465
v -0.001100 0.000960 0.002476
v -0.001741 0.000457 0.002208
v -0.001769 0.000481 0.002226
v -0.001727 0.000444 0.002197
v -0.001720 0.000438 0.002191
v -0.001630 0.000399 0.002158
v -0.001632 0.000400 0.002160
v -0.001713 0.000433 0.002186
v -0.001714 0.000434 0.002187
v -0.001628 0.000397 0.002156
v -0.001186 0.001083 0.002451
v -0.001193 0.001093 0.002448
v -0.001221 0.001112 0.002438
v -0.001295 0.001162 0.002412
v -0.001264 0.001141 0.002423
v -0.001169 0.001058 0.002459
v -0.001261 0.001140 0.002424
v -0.001835 0.000734 0.002351
v -0.001834 0.000728 0.002352
v -0.001806 0.000674 0.002355
v -0.001800 0.000642 0.002351
v -0.001798 0.000661 0.002353
v -0.001799 0.000652 0.002352
v -0.001799 0.000598 0.002321
v -0.001798 0.000581 0.002307
v -0.001797 0.000575 0.002302
v -0.001792 0.000544 0.002278
v -0.001789 0.000524 0.002263
v -0.001781 0.000492 0.002234
v -0.001783 0.000493 0.002235
v -0.001333 0.001188 0.002396
v -0.001308 0.001170 0.002407
v -0.001335 0.001188 0.002395
v -0.001455 0.001193 0.002358
v -0.001419 0.001214 0.002366
v -0.001418 0.001215 0.002366
v -0.001487 0.001175 0.002349
v -0.001502 0.001166 0.002353
v -0.001500 0.001167 0.002352
v -0.001571 0.001097 0.002383
v -0.001573 0.001097 0.002383
v -0.001575 0.001097 0.002383
v -0.001654 0.001075 0.002375
v -0.001648 0.001076 0.002375
v -0.001723 0.001055 0.002368
v -0.001739 0.001047 0.002365
v -0.001735 0.001052 0.002365
v -0.001802 0.000969 0.002360
v -0.001796 0.000979 0.002360
v -0.001795 0.000986 0.002360
v -0.001837 0.000908 0.002356
v -0.001837 0.000905 0.002356
v -0.001847 0.000870 0.002352
v -0.001838 0.000901 0.002356
v -0.001862 0.000824 0.002350
v -0.001862 0.000824 0.002350
v -0.001861 0.000816 0.002350
v -0.001842 0.000757 0.002349
v -0.001840 0.000748 0.002350
v -0.001836 0.000736 0.002351
v 0.000793 -0.000542 0.002440
v 0.000793 -0.000544 0.002441
v 0.000811 -0.000570 0.002459
v 0.000785 -0.000525 0.002426
v 0.000791 -0.000538 0.002437
v 0.000761 -0.000472 0.002388
v 0.000761 -0.000472 0.002388
v 0.000762 -0.000476 0.002391
v 0.000768 -0.000442 0.002361
v 0.000772 -0.000422 0.002340
v 0.000774 -0.000411 0.002323
v 0.000784 -0.000389 0.002287
v 0.000781 -0.000396 0.002299
v 0.000774 -0.000410 0.002322
v 0.000790 -0.000378 0.002282
v 0.000812 -0.000346 0.002258
v 0.000803 -0.000355 0.002264
v 0.000818 -0.000339 0.002252
v 0.000848 -0.000308 0.002219
v 0.000848 -0.000307 0.002219
v 0.000866 -0.000302 0.002208
v 0.000852 -0.000305 0.002215
v 0.000915 -0.000290 0.002183
v 0.000921 -0.000287 0.002177
v 0.000929 -0.000285 0.002173
v 0.000981 -0.000269 0.002151
v 0.000976 -0.000273 0.002157
v 0.000983 -0.000267 0.002149
v 0.000997 -0.000253 0.002128
v 0.001021 -0.000227 0.002092
v 0.001031 -0.000223 0.002085
v 0.001035 -0.000221 0.002083
v 0.001052 -0.000212 0.002069
v 0.001087 -0.000193 0.002052
v 0.001125 -0.000203 0.002066
v 0.001104 -0.000199 0.002060
v 0.000838 -0.000761 0.002486
v 0.000846 -0.000770 0.002486
v 0.000823 -0.000740 0.002482
v 0.000830 -0.000753 0.002485
v 0.000823 -0.000747 0.002485
v 0.000823 -0.000682 0.002489
v 0.000823 -0.000664 0.002489
v 0.000823 -0.000675 0.002489
v 0.000825 -0.000643 0.002490
v 0.000826 -0.000618 0.002481
v 0.000827 -0.000596 0.002469
v 0.000826 -0.000604 0.002473
v 0.001325 -0.000299 0.002170
v 0.001309 -0.000284 0.002154
v 0.001297 -0.000275 0.002143
v 0.001303 -0.000278 0.002146
v 0.001298 -0.000276 0.002143
v 0.001189 -0.000226 0.002089
v 0.001233 -0.000246 0.002111
v 0.001241 -0.000249 0.002114
v 0.001165 -0.000211 0.002074
v 0.001176 -0.000220 0.002082
v 0.000883 -0.000804 0.002481
v 0.000875 -0.000802 0.002482
v 0.000894 -0.000810 0.002479
v 0.000943 -0.000834 0.002479
v 0.001016 -0.000864 0.002481
v 0.001072 -0.000863 0.002490
v 0.001009 -0.000861 0.002481
v 0.001472 -0.000413 0.002277
v 0.001494 -0.000438 0.002291
v 0.001441 -0.000392 0.002260
v 0.001465 -0.000405 0.002270
v 0.001373 -0.000346 0.002221
v 0.001393 -0.000366 0.002239
v 0.001394 -0.000367 0.002240
v 0.001349 -0.000321 0.002195
v 0.001360 -0.000333 0.002207
v 0.001349 -0.000322 0.002196
v 0.001079 -0.000862 0.002490
v 0.001081 -0.000863 0.002490
v 0.001090 -0.000864 0.002487
v 0.001146 -0.000859 0.002471
v 0.001274 -0.000895 0.002438
v 0.001224 -0.000886 0.002451
v 0.001215 -0.000885 0.002454
v 0.001155 -0.000861 0.002469
v 0.001352 -0.000848 0.002428
v 0.001300 -0.000892 0.002433
v 0.001294 -0.000898 0.002434
v 0.001356 -0.000838 0.002427
v 0.001353 -0.000847 0.002428
v 0.001359 -0.000833 0.002427
v 0.001388 -0.000776 0.002424
v 0.001390 -0.000774 0.002424
v 0.001407 -0.000750 0.002416
v 0.001393 -0.000770 0.002422
v 0.001428 -0.000720 0.002418
v 0.001440 -0.000703 0.002419
v 0.001435 -0.000714 0.002418
v 0.001455 -0.000671 0.002419
v 0.001460 -0.000660 0.002417
v 0.001469 -0.000631 0.002412
v 0.001464 -0.000651 0.002415
v 0.001481 -0.000585 0.002397
v 0.001478 -0.000597 0.002401
v 0.001480 -0.000587 0.002398
v 0.001495 -0.000558 0.002377
v 0.001510 -0.000502 0.002326
v 0.001506 -0.000535 0.002355
v 0.001506 -0.000528 0.002349
v 0.001514 -0.000484 0.002319
v 0.001517 -0.000464 0.002305
v 0.001513 -0.000459 0.002303
vn 0.0073 0.0029 1.0000
vn 0.0077 -0.5517 0.8340
vn -0.0191 0.1696 0.9853
vn 0.0115 0.3492 0.9370
vn 0.0494 -0.1807 0.9823
vn 0.1169 -0.5060 0.8546
vn 0.0079 -0.2536 0.9673
vn -0.1479 0.3460 0.9265
vn 0.0741 -0.3325 0.9402
vn 0.1905 -0.6903 0.6980
vn 0.1802 -0.6565 0.7325
vn -0.1562 -0.2653 0.9514
vn -0.1061 -0.2282 0.9678
vn 0.3206 -0.7603 0.5650
vn 0.1586 -0.6756 0.7200
vn -0.0588 -0.5077 0.8595
vn -0.1661 -0.4316 0.8867
vn 0.1886 -0.5975 0.7793
vn 0.1305 -0.7188 0.6829
vn -0.2528 -0.4764 0.8421
vn -0.0979 -0.5795 0.8091
vn 0.1507 -0.6026 0.7837
vn 0.4736 -0.6456 0.5990
vn -0.1034 -0.7126 0.6939
vn -0.2454 -0.5566 0.7937
vn 0.2041 -0.6408 0.7401
vn 0.4031 -0.5586 0.7249
vn 0.0843 -0.7291 0.6792
vn -0.3985 -0.6735 0.6225
vn 0.1869 -0.5393 0.8211
vn 0.3280 -0.5801 0.7456
vn 0.1237 -0.6139 0.7796
vn -0.1366 -0.7608 0.6345
vn 0.0381 -0.5646 0.8245
vn 0.4841 -0.2953 0.8237
vn 0.0910 -0.6725 0.7345
vn -0.1839 -0.7674 0.6142
vn -0.1523 -0.7605 0.6313
vn 0.3000 -0.2100 0.9305
vn 0.2878 -0.4058 0.8675
vn -0.1743 -0.8112 0.5582
vn -0.0863 -0.7078 0.7012
vn 0.0820 -0.3581 0.9301
vn 0.2189 0.0441 0.9747
vn 0.0476 -0.5324 0.8452
vn -0.0418 -0.5292 0.8475
vn 0.0536 -0.1053 0.9930
vn 0.0526 0.1459 0.9879
vn 0.0371 -0.2248 0.9737
vn -0.0042 -0.7414 0.6711
vn -0.0468 0.1083 0.9930
vn -0.0215 0.3541 0.9350
vn -0.0066 0.0249 0.9997
vn 0.0612 -0.2357 0.9699
vn -0.0234 0.0408 0.9989
vn -0.1887 0.7772 0.6003
vn 0.0288 0.2728 0.9616
vn 0.1192 -0.0184 0.9927
vn -0.0056 0.3448 0.9387
vn -0.1797 0.5992 0.7801
vn -0.0004 0.5539 0.8326
vn 0.2916 0.0997 0.9513
vn -0.0262 0.4805 0.8766
vn -0.2549 0.6901 0.6773
vn -0.3298 0.7325 0.5956
vn 0.2071 0.5553 0.8055
vn 0.2287 0.3920 0.8911
vn -0.3331 0.6933 0.6390
vn -0.3210 0.6836 0.6555
vn 0.0120 0.6899 0.7239
vn 0.3709 0.5308 0.7620
vn -0.2035 0.5917 0.7800
vn -0.2569 0.7024 0.6638
vn 0.0903 0.6502 0.7544
vn 0.1962 0.6919 0.6948
vn -0.0399 0.5931 0.8041
vn -0.5318 0.4938 0.6881
vn -0.0128 0.7412 0.6712
vn 0.2427 0.6913 0.6806
vn 0.0479 0.6872 0.7249
vn -0.3768 0.4049 0.8331
vn -0.2114 0.6586 0.7222
vn 0.3053 0.7797 0.5466
vn -0.0014 0.6027 0.7980
vn -0.1918 0.4916 0.8494
vn -0.2199 0.4162 0.8823
vn 0.0406 0.7345 0.6774
vn 0.0186 0.5504 0.8347
vn -0.2243 0.2513 0.9416
vn -0.0936 0.4460 0.8901
vn 0.0556 0.6958 0.7161
vn 0.1276 0.7959 0.5918
vn -0.0869 0.0652 0.9941
vn -0.1259 0.0819 0.9886
vn 0.0489 0.6597 0.7499
vn 0.0372 0.6384 0.7688
vn 0.0273 0.1463 0.9889
vn 0.0168 -0.1836 0.9828
vn 0.0132 0.2632 0.9646
vn 0.0371 0.2217 0.9744
vn 0.0680 -0.3064 0.9495
vn 0.1080 -0.5264 0.8434
vn 0.0555 -0.4360 0.8982
vn -0.0478 -0.1395 0.9891
vn 0.0869 -0.5708 0.8165
vn 0.1451 -0.7536 0.6411
vn 0.1189 -0.7240 0.6794
vn -0.0605 -0.5895 0.8055
vn -0.0599 -0.5711 0.8187
vn 0.2200 -0.8211 0.5268
vn 0.0855 -0.7729 0.6287
vn -0.0253 -0.7172 0.6964
vn -0.0357 -0.7290 0.6835
vn 0.1821 -0.7944 0.5794
vn 0.0988 -0.8001 0.5917
vn -0.1297 -0.7264 0.6750
vn -0.0114 -0.7692 0.6389
vn 0.1512 -0.7896 0.5947
vn 0.2757 -0.7826 0.5582
vn -0.0724 -0.7848 0.6155
vn -0.1247 -0.7669 0.6295
vn 0.1803 -0.7797 0.5996
vn 0.2478 -0.7593 0.6017
vn 0.0569 -0.7953 0.6035
vn -0.1804 -0.8015 0.5702
vn 0.1855 -0.7533 0.6310
vn 0.2422 -0.7435 0.6233
vn 0.0649 -0.7898 0.6100
vn -0.0524 -0.8230 0.5656
vn 0.0710 -0.7767 0.6258
vn 0.3281 -0.6482 0.6872
vn 0.0798 -0.7891 0.6091
vn -0.0590 -0.8329 0.5502
vn -0.0094 -0.8180 0.5752
vn 0.2998 -0.5398 0.7866
vn 0.1996 -0.6725 0.7127
vn -0.0787 -0.8509 0.5193
vn 0.0080 -0.7759 0.6308
vn 0.0984 -0.6421 0.7603
vn 0.1399 -0.4953 0.8574
vn 0.0200 -0.7217 0.6919
vn -0.0028 -0.6516 0.7585
vn 0.0641 -0.3780 0.9236
vn 0.0383 -0.2640 0.9638
vn 0.0071 -0.4418 0.8971
vn -0.0110 -0.6342 0.7731
vn -0.0428 0.0735 0.9964
vn -0.0391 0.2789 0.9595
vn -0.0318 0.0300 0.9990
vn 0.0004 0.0088 1.0000
vn -0.0421 0.2620 0.9642
vn -0.1499 0.7508 0.6433
vn -0.0153 0.4813 0.8764
vn 0.0441 0.3454 0.9374
vn -0.0570 0.6379 0.7680
vn -0.1511 0.7565 0.6363
vn -0.0454 0.7212 0.6912
vn 0.1450 0.5331 0.8335
vn -0.0542 0.7285 0.6829
vn -0.1689 0.8041 0.5700
vn -0.1846 0.8074 0.5604
vn 0.1206 0.7213 0.6820
vn 0.1379 0.6923 0.7083
vn -0.2159 0.8059 0.5513
vn -0.1597 0.7995 0.5791
vn 0.0194 0.7806 0.6247
vn 0.1504 0.7560 0.6371
vn -0.1944 0.7787 0.5965
vn -0.1739 0.7892 0.5890
vn 0.0535 0.7878 0.6136
vn 0.0754 0.7921 0.6057
vn -0.0851 0.7819 0.6176
vn -0.3269 0.7202 0.6119
vn -0.0086 0.8020 0.5972
vn 0.0976 0.8080 0.5810
vn -0.0730 0.7871 0.6125
vn -0.2856 0.6920 0.6630
vn -0.1466 0.7661 0.6258
vn 0.1453 0.8422 0.5193
vn -0.0857 0.7652 0.6381
vn -0.1827 0.7184 0.6712
vn -0.1245 0.7346 0.6670
vn 0.0173 0.8206 0.5713
vn -0.0342 0.7558 0.6539
vn -0.1952 0.6073 0.7701
vn -0.0718 0.7159 0.6945
vn 0.0217 0.7910 0.6115
vn 0.0475 0.8105 0.5838
vn -0.1221 0.3640 0.9233
vn -0.1069 0.4282 0.8973
vn 0.0311 0.7177 0.6957
vn 0.0204 0.6483 0.7611
vn 0.0096 0.2849 0.9585
vn 0.0277 0.1415 0.9896
vn 0.0300 0.3218 0.9463
vn 0.0610 0.0987 0.9933
vn 0.0892 -0.4156 0.9051
vn 0.1053 -0.5678 0.8164
vn 0.0762 -0.5708 0.8175
vn 0.0315 -0.5086 0.8604
vn 0.1094 -0.7261 0.6788
vn 0.1244 -0.7983 0.5892
vn 0.0906 -0.7718 0.6293
vn 0.0081 -0.7272 0.6864
vn 0.0507 -0.7588 0.6493
vn 0.1796 -0.8343 0.5213
vn 0.0555 -0.7822 0.6206
vn 0.0035 -0.7516 0.6596
vn 0.0400 -0.7663 0.6413
vn 0.1785 -0.7964 0.5778
vn 0.0834 -0.7647 0.6390
vn -0.0840 -0.7127 0.6965
vn 0.0464 -0.7440 0.6666
vn 0.1612 -0.7513 0.6399
vn 0.1948 -0.7386 0.6454
vn -0.0768 -0.7032 0.7068
vn -0.0460 -0.7272 0.6849
vn 0.1957 -0.7089 0.6776
vn 0.1654 -0.7097 0.6848
vn 0.0211 -0.7163 0.6975
vn -0.1102 -0.7398 0.6638
vn 0.1776 -0.7032 0.6884
vn 0.2034 -0.6772 0.7071
vn 0.0091 -0.7515 0.6596
vn -0.0409 -0.7687 0.6383
vn 0.0742 -0.7497 0.6576
vn 0.2401 -0.6624 0.7097
vn 0.0392 -0.7760 0.6295
vn -0.0327 -0.8153 0.5781
vn 0.0338 -0.7947 0.6061
vn 0.1703 -0.7046 0.6888
vn 0.1212 -0.7475 0.6531
vn -0.0457 -0.8563 0.5144
vn 0.0324 -0.7991 0.6003
vn 0.0765 -0.7505 0.6564
vn 0.0648 -0.7355 0.6744
vn 0.0014 -0.8094 0.5873
vn 0.0051 -0.7356 0.6774
vn 0.0483 -0.5689 0.8210
vn 0.0170 -0.5586 0.8292
vn -0.0086 -0.5899 0.8074
vn -0.0200 -0.5655 0.8245
vn -0.0507 0.0207 0.9985
vn -0.0516 0.2156 0.9751
vn -0.0481 0.0872 0.9950
vn -0.0461 0.2596 0.9646
vn -0.0757 0.4954 0.8653
vn -0.1261 0.7537 0.6450
vn -0.0414 0.6242 0.7802
vn -0.0253 0.6085 0.7931
vn -0.0914 0.7660 0.6363
vn -0.1358 0.8135 0.5655
vn -0.0650 0.7832 0.6184
vn 0.0313 0.7134 0.7000
vn -0.0910 0.7949 0.5999
vn -0.1426 0.8190 0.5558
vn -0.1205 0.8025 0.5844
vn 0.0654 0.7289 0.6815
vn 0.0134 0.7464 0.6654
vn -0.1972 0.7835 0.5893
vn -0.0962 0.7559 0.6476
vn 0.0185 0.7222 0.6914
vn 0.0605 0.7110 0.7006
vn -0.1900 0.7268 0.6601
vn -0.1397 0.7018 0.6985
vn 0.0732 0.7048 0.7057
vn 0.0373 0.7018 0.7114
vn -0.1076 0.7011 0.7049
vn -0.2409 0.6561 0.7152
vn 0.0321 0.7093 0.7042
vn 0.0649 0.7407 0.6687
vn -0.1064 0.6985 0.7077
vn -0.1813 0.6831 0.7075
vn -0.0779 0.7201 0.6895
vn 0.1064 0.8010 0.5891
vn -0.0959 0.7394 0.6664
vn -0.1528 0.7125 0.6849
vn -0.0536 0.7766 0.6277
vn 0.0250 0.8248 0.5648
vn -0.0311 0.7938 0.6074
vn -0.1443 0.7111 0.6881
vn -0.0390 0.7968 0.6030
vn 0.0166 0.8310 0.5560
vn 0.0135 0.8229 0.5680
vn -0.0812 0.6330 0.7699
vn -0.0659 0.6496 0.7574
vn 0.0247 0.7742 0.6325
vn 0.0159 0.6772 0.7356
vn 0.0120 0.4298 0.9028
vn 0.0444 0.3183 0.9469
vn 0.0507 0.3358 0.9406
vn 0.0828 -0.0005 0.9966
vn 0.1029 -0.5040 0.8576
vn 0.1060 -0.6253 0.7731
vn 0.0871 -0.6608 0.7455
vn 0.0646 -0.6674 0.7419
vn 0.1175 -0.7909 0.6006
vn 0.1144 -0.8150 0.5680
vn 0.0822 -0.7812 0.6188
vn 0.0433 -0.7504 0.6595
vn 0.0917 -0.7731 0.6277
vn 0.1730 -0.8005 0.5738
vn 0.0383 -0.7034 0.7097
vn 0.0177 -0.6696 0.7425
vn 0.0813 -0.6774 0.7311
vn 0.1905 -0.6964 0.6919
vn 0.0676 -0.6019 0.7957
vn -0.0900 -0.5245 0.8466
vn 0.0841 -0.5729 0.8153
vn 0.1726 -0.5665 0.8058
vn 0.1568 -0.5342 0.8307
vn -0.0969 -0.4665 0.8792
vn -0.0289 -0.4989 0.8662
vn 0.2114 -0.4784 0.8523
vn 0.1132 -0.4773 0.8714
vn -0.0291 -0.4831 0.8751
vn -0.1100 -0.5148 0.8502
vn 0.1764 -0.4647 0.8677
vn 0.1606 -0.4531 0.8769
vn -0.0586 -0.5672 0.8215
vn -0.0626 -0.5858 0.8080
vn 0.0615 -0.5711 0.8185
vn 0.1883 -0.4953 0.8481
vn -0.0126 -0.6536 0.7567
vn -0.0561 -0.7211 0.6906
vn 0.0353 -0.6877 0.7252
vn 0.1061 -0.6637 0.7404
vn 0.0596 -0.7196 0.6918
vn -0.0549 -0.8303 0.5547
vn 0.0247 -0.7802 0.6250
vn 0.0532 -0.7632 0.6440
vn 0.0234 -0.7906 0.6119
vn -0.0141 -0.8340 0.5516
vn -0.0033 -0.7786 0.6276
vn 0.0262 -0.6692 0.7426
vn -0.0031 -0.6812 0.7321
vn -0.0244 -0.6598 0.7511
vn -0.0340 -0.5485 0.8355
vn -0.0640 -0.0234 0.9977
vn -0.0666 0.1883 0.9799
vn -0.0668 0.1655 0.9839
vn -0.0758 0.4334 0.8980
vn -0.0935 0.6357 0.7663
vn -0.1152 0.7762 0.6199
vn -0.0545 0.7010 0.7111
vn -0.0552 0.7131 0.6989
vn -0.1050 0.8069 0.5812
vn -0.1264 0.8230 0.5538
vn -0.0692 0.7794 0.6227
vn -0.0072 0.7216 0.6923
vn -0.1153 0.7773 0.6184
vn -0.1383 0.7696 0.6234
vn -0.1003 0.7212 0.6854
vn 0.0386 0.6161 0.7867
vn -0.0389 0.6406 0.7669
vn -0.2099 0.6549 0.7260
vn -0.0614 0.5695 0.8197
vn 0.0286 0.5115 0.8588
vn 0.0244 0.4932 0.8695
vn -0.2057 0.5079 0.8365
vn -0.1068 0.4539 0.8846
vn 0.1225 0.4409 0.8891
vn 0.0273 0.4382 0.8985
vn -0.1153 0.4281 0.8963
vn -0.1856 0.3960 0.8993
vn 0.0914 0.4597 0.8833
vn 0.0907 0.5042 0.8588
vn -0.1113 0.4378 0.8922
vn -0.1175 0.4622 0.8789
vn -0.0004 0.5296 0.8482
vn 0.1380 0.6476 0.7493
vn -0.0803 0.5712 0.8169
vn -0.1196 0.5584 0.8209
vn 0.0123 0.6976 0.7164
vn 0.0611 0.7640 0.6423
vn -0.0027 0.7557 0.6549
vn -0.0964 0.6969 0.7106
vn -0.0003 0.7992 0.6011
vn 0.0338 0.8332 0.5519
vn 0.0136 0.8222 0.5690
vn -0.0407 0.7329 0.6792
vn -0.0266 0.7461 0.6653
vn 0.0327 0.8098 0.5858
vn 0.0230 0.7119 0.7019
vn 0.0233 0.5348 0.8447
vn 0.0640 0.4196 0.9054
vn 0.0729 0.3192 0.9449
vn 0.1014 -0.0998 0.9898
vn 0.1103 -0.5791 0.8078
vn 0.1048 -0.6774 0.7281
vn 0.0916 -0.7173 0.6907
vn 0.0803 -0.7387 0.6692
vn 0.1221 -0.8122 0.5704
vn 0.1101 -0.8018 0.5874
vn 0.0812 -0.7465 0.6604
vn 0.0698 -0.7052 0.7056
vn 0.1219 -0.7122 0.6914
vn 0.1817 -0.7009 0.6897
vn 0.0280 -0.5138 0.8574
vn 0.0315 -0.4695 0.8824
vn 0.1189 -0.4769 0.8709
vn 0.1991 -0.4748 0.8573
vn 0.0626 -0.3235 0.9442
vn -0.0978 -0.2016 0.9746
vn 0.1099 -0.2779 0.9543
vn 0.1653 -0.2655 0.9498
vn 0.1034 -0.2080 0.9726
vn -0.1063 -0.1410 0.9843
vn -0.0194 -0.1495 0.9886
vn 0.1999 -0.1571 0.9672
vn 0.0467 -0.1483 0.9878
vn -0.0790 -0.1566 0.9845
vn -0.1058 -0.1821 0.9776
vn 0.1511 -0.1148 0.9818
vn 0.0880 -0.1527 0.9844
vn -0.1270 -0.2731 0.9536
vn -0.0878 -0.2879 0.9536
vn 0.0396 -0.2528 0.9667
vn 0.1173 -0.2201 0.9684
vn -0.0835 -0.4358 0.8961
vn -0.0973 -0.5247 0.8457
vn 0.0162 -0.4730 0.8809
vn 0.0449 -0.5159 0.8555
vn -0.0085 -0.6269 0.7790
vn -0.0883 -0.7765 0.6239
vn -0.0019 -0.7310 0.6824
vn 0.0202 -0.7377 0.6748
vn -0.0160 -0.7968 0.6040
vn -0.0361 -0.8338 0.5509
vn -0.0220 -0.7948 0.6065
vn -0.0006 -0.7202 0.6937
vn -0.0257 -0.7409 0.6711
vn -0.0434 -0.6958 0.7169
vn -0.0524 -0.5411 0.8394
vn -0.0809 -0.0498 0.9955
vn -0.0828 0.1909 0.9781
vn -0.0828 0.2518 0.9642
vn -0.0916 0.5522 0.8287
vn -0.0997 0.7151 0.6918
vn -0.1088 0.7938 0.5984
vn -0.0622 0.7356 0.6745
vn -0.0715 0.7494 0.6582
vn -0.1146 0.8100 0.5751
vn -0.1244 0.7999 0.5870
vn -0.0750 0.7255 0.6841
vn -0.0318 0.6504 0.7589
vn -0.1426 0.6997 0.7001
vn -0.1419 0.6405 0.7547
vn -0.0896 0.5350 0.8401
vn 0.0103 0.3946 0.9188
vn -0.0779 0.4095 0.9090
vn -0.2215 0.4149 0.8825
vn -0.0317 0.2631 0.9643
vn 0.0360 0.1865 0.9818
vn -0.0098 0.1770 0.9842
vn -0.1954 0.1835 0.9634
vn -0.0718 0.1346 0.9883
vn 0.1529 0.0976 0.9834
vn 0.0122 0.0966 0.9952
vn -0.1023 0.0852 0.9911
vn -0.1098 0.0716 0.9914
vn 0.1471 0.1495 0.9778
vn 0.1059 0.1565 0.9820
vn -0.0929 0.0972 0.9909
vn -0.0418 0.1456 0.9885
vn 0.0856 0.2521 0.9639
vn 0.1751 0.3735 0.9109
vn -0.0490 0.2604 0.9642
vn -0.0540 0.3092 0.9495
vn 0.1108 0.5327 0.8390
vn 0.0677 0.6200 0.7816
vn 0.0621 0.6232 0.7796
vn 0.0309 0.6401 0.7677
vn 0.0687 0.6956 0.7151
vn 0.0403 0.7319 0.6802
vn 0.1452 0.7943 0.5900
vn -0.0685 0.6771 0.7327
vn -0.1096 0.6149 0.7809
vn 0.0214 0.7899 0.6129
vn -0.0274 0.7333 0.6793
vn 0.0380 0.8222 0.5679
vn 0.0739 0.8420 0.5343
vn 0.0192 0.8171 0.5761
vn 0.0212 0.8123 0.5829
vn -0.0339 0.7331 0.6793
vn 0.0173 0.8218 0.5696
vn 0.0101 0.7807 0.6248
vn -0.0621 0.6765 0.7338
vn -0.0358 0.6959 0.7172
vn 0.0488 0.8259 0.5617
vn 0.0383 0.7361 0.6758
vn 0.0406 0.6028 0.7969
vn 0.0855 0.4740 0.8763
vn 0.0957 0.2746 0.9568
vn 0.1155 -0.2031 0.9723
vn 0.1123 -0.6415 0.7589
vn 0.1016 -0.7172 0.6895
vn 0.0935 -0.7485 0.6565
vn 0.0904 -0.7647 0.6380
vn 0.1287 -0.8054 0.5786
vn 0.1122 -0.7523 0.6492
vn 0.0876 -0.6566 0.7491
vn 0.1006 -0.5948 0.7976
vn 0.1534 -0.5758 0.8030
vn 0.1955 -0.5151 0.8345
vn 0.0320 -0.2452 0.9689
vn 0.0473 -0.1858 0.9814
vn 0.1505 -0.2224 0.9633
vn 0.1845 -0.1859 0.9651
vn 0.0593 -0.0409 0.9974
vn -0.0847 0.0864 0.9927
vn 0.1231 -0.0056 0.9924
vn 0.1431 0.0008 0.9897
vn 0.0452 0.0702 0.9965
vn -0.1014 0.1119 0.9885
vn -0.0040 0.1082 0.9941
vn 0.1687 0.0871 0.9818
vn -0.0121 0.0977 0.9951
vn -0.1044 0.0944 0.9900
vn -0.0845 0.0799 0.9932
vn 0.1106 0.1387 0.9841
vn 0.0196 0.0832 0.9963
vn -0.1678 -0.0139 0.9857
vn -0.0921 -0.0014 0.9958
vn 0.0138 0.0413 0.9991
vn 0.0388 0.0337 0.9987
vn -0.1495 -0.1986 0.9686
vn -0.1331 -0.2567 0.9573
vn 0.0289 -0.1739 0.9843
vn 0.0362 -0.2419 0.9696
vn 0.0041 -0.3366 0.9416
vn -0.0014 -0.4260 0.9047
vn -0.0356 -0.4484 0.8931
vn 0.0535 -0.3886 0.9198
vn -0.0279 -0.5520 0.8334
vn -0.1126 -0.7432 0.6595
vn -0.1387 -0.7411 0.6569
vn -0.0773 -0.7453 0.6622
vn -0.0200 -0.7000 0.7138
vn 0.0403 -0.6466 0.7618
vn 0.0052 -0.7154 0.6987
vn -0.0381 -0.7904 0.6114
vn -0.0357 -0.7939 0.6070
vn -0.0339 -0.7965 0.6036
vn -0.0531 -0.7874 0.6141
vn -0.0629 -0.8201 0.5687
vn -0.0464 -0.7941 0.6060
vn -0.0307 -0.7443 0.6672
vn -0.0504 -0.7717 0.6340
vn -0.0648 -0.7126 0.6985
vn -0.0737 -0.5290 0.8454
vn -0.0990 -0.0568 0.9935
vn -0.0977 0.2204 0.9705
vn -0.0944 0.3437 0.9343
vn -0.0983 0.6360 0.7654
vn -0.1000 0.7603 0.6418
vn -0.1042 0.8008 0.5898
vn -0.0684 0.7421 0.6668
vn -0.0850 0.7504 0.6555
vn -0.1261 0.7850 0.6065
vn -0.1282 0.7382 0.6623
vn -0.0877 0.6151 0.7835
vn -0.0583 0.5069 0.8600
vn -0.1733 0.5547 0.8138
vn -0.1495 0.4277 0.8915
vn -0.0783 0.2567 0.9633
vn -0.0241 0.1302 0.9912
vn -0.1076 0.1344 0.9851
vn -0.2158 0.1469 0.9653
vn -0.0122 -0.0235 0.9997
vn 0.0295 -0.0882 0.9957
vn -0.0446 -0.0691 0.9966
vn -0.1657 -0.0651 0.9840
vn -0.0388 -0.0991 0.9943
vn 0.1495 -0.1324 0.9799
vn -0.0106 -0.1316 0.9912
vn -0.0827 -0.1327 0.9877
vn -0.0409 -0.1374 0.9897
vn 0.1690 -0.0679 0.9833
vn 0.0997 -0.0917 0.9908
vn -0.0698 -0.1401 0.9877
vn 0.0263 -0.0806 0.9964
vn 0.1421 0.0165 0.9897
vn 0.1837 0.0936 0.9785
vn 0.1415 0.0726 0.9873
vn 0.1382 0.2097 0.9679
vn 0.0552 0.1447 0.9879
vn -0.1881 -0.0525 0.9807
vn -0.0876 0.0863 0.9924
vn 0.1648 0.4089 0.8976
vn 0.0655 0.7492 0.6591
vn 0.0383 0.7383 0.6734
vn -0.0044 0.7214 0.6925
vn 0.0411 0.7856 0.6173
vn -0.0086 0.7150 0.6990
vn 0.0481 0.7857 0.6167
vn 0.0706 0.8286 0.5554
vn 0.0592 0.7488 0.6602
vn 0.0620 0.6443 0.7622
vn 0.1078 0.4966 0.8613
vn 0.1172 0.2040 0.9719
vn 0.1239 -0.3084 0.9432
vn 0.1103 -0.6905 0.7149
vn 0.0980 -0.7422 0.6630
vn 0.0963 -0.7591 0.6438
vn 0.1017 -0.7604 0.6414
vn 0.1413 -0.7708 0.6212
vn 0.1235 -0.6532 0.7470
vn 0.1028 -0.4973 0.8615
vn 0.1379 -0.4240 0.8951
vn 0.1828 -0.3735 0.9094
vn 0.2030 -0.2743 0.9400
vn 0.0449 0.0084 0.9990
vn 0.0694 0.0547 0.9961
vn 0.1724 -0.0165 0.9849
vn 0.1588 0.0429 0.9864
vn 0.0485 0.1554 0.9867
vn -0.0576 0.2414 0.9687
vn 0.1329 0.1481 0.9800
vn 0.1199 0.1554 0.9806
vn 0.0035 0.2226 0.9749
vn -0.0855 0.2416 0.9666
vn 0.0124 0.2320 0.9726
vn 0.1372 0.2137 0.9672
vn -0.0524 0.2227 0.9735
vn -0.1098 0.2249 0.9682
vn -0.0598 0.2187 0.9740
vn 0.0758 0.2618 0.9622
vn -0.0289 0.2105 0.9772
vn -0.1848 0.1375 0.9731
vn -0.0833 0.1797 0.9802
vn -0.0092 0.2112 0.9774
vn -0.0257 0.1866 0.9821
vn -0.1894 -0.0092 0.9819
vn -0.1849 -0.1552 0.9704
vn -0.3006 -0.1382 0.9437
vn -0.2946 -0.2621 0.9190
vn 0.0068 0.0302 0.9995
vn -0.0709 -0.7785 0.6236
vn -0.0804 -0.8325 0.5482
vn -0.0821 -0.8420 0.5333
vn -0.0986 -0.8208 0.5626
vn -0.0758 -0.7792 0.6221
vn -0.0630 -0.7524 0.6557
vn -0.0764 -0.7863 0.6131
vn -0.0878 -0.7163 0.6922
vn -0.0964 -0.5075 0.8563
vn -0.1164 -0.0430 0.9923
vn -0.1092 0.2713 0.9563
vn -0.1006 0.4341 0.8952
vn -0.0998 0.6954 0.7117
vn -0.0984 0.7839 0.6130
vn -0.1020 0.7955 0.5972
vn -0.0765 0.7244 0.6851
vn -0.1010 0.7227 0.6837
vn -0.1434 0.7286 0.6698
vn -0.1383 0.6219 0.7708
vn -0.1080 0.4447 0.8891
vn -0.0896 0.3067 0.9476
vn -0.2011 0.3538 0.9134
vn -0.1589 0.1883 0.9692
vn -0.0695 -0.0173 0.9974
vn -0.0578 -0.0843 0.9948
vn -0.1306 -0.0681 0.9891
vn -0.1991 -0.0539 0.9785
vn -0.0031 -0.2022 0.9793
vn 0.0091 -0.2356 0.9718
vn -0.0764 -0.1959 0.9776
vn -0.1396 -0.1944 0.9709
vn -0.0147 -0.2204 0.9753
vn 0.1305 -0.2408 0.9618
vn -0.0340 -0.2373 0.9708
vn -0.0670 -0.2313 0.9706
vn 0.0078 -0.2312 0.9729
vn 0.1666 -0.1779 0.9698
vn 0.0851 -0.2100 0.9740
vn -0.0511 -0.2500 0.9669
vn 0.0753 -0.1849 0.9799
vn 0.1676 -0.1185 0.9787
vn 0.1727 -0.0873 0.9811
vn 0.1422 -0.0295 0.9894
vn 0.0135 -0.2096 0.9777
vn 0.1138 -0.0558 0.9919
vn -0.1353 -0.2766 0.9514
vn -0.0878 -0.3413 0.9359
vn 0.0749 0.6178 0.7828
vn 0.0996 0.5111 0.8537
vn 0.0970 0.6119 0.7850
vn 0.0757 0.7250 0.6846
vn 0.0756 0.7332 0.6758
vn 0.0836 0.6960 0.7132
vn 0.0884 0.7713 0.6304
vn 0.0964 0.8210 0.5627
vn 0.0836 0.7520 0.6538
vn 0.0855 0.6676 0.7396
vn 0.1295 0.4952 0.8591
vn 0.1351 0.1124 0.9844
vn 0.1262 -0.4097 0.9035
vn 0.1065 -0.7257 0.6797
vn 0.0962 -0.7519 0.6522
vn 0.1033 -0.7505 0.6528
vn 0.1188 -0.7284 0.6748
vn 0.1626 -0.7013 0.6941
vn 0.1463 -0.4992 0.8540
vn 0.1248 -0.2820 0.9512
vn 0.1762 -0.2284 0.9575
vn 0.2056 -0.1623 0.9651
vn 0.2016 -0.0517 0.9781
vn 0.0596 0.1845 0.9810
vn 0.0965 0.1907 0.9769
vn 0.1880 0.1064 0.9764
vn 0.1365 0.1786 0.9744
vn 0.0409 0.2636 0.9638
vn -0.0268 0.3098 0.9504
vn 0.1413 0.2232 0.9645
vn 0.1002 0.2380 0.9661
vn -0.0226 0.3008 0.9534
vn -0.0646 0.3052 0.9501
vn 0.0259 0.2920 0.9561
vn 0.1086 0.2802 0.9538
vn -0.0800 0.2877 0.9544
vn -0.1069 0.2940 0.9498
vn -0.0396 0.2919 0.9556
vn 0.0455 0.3216 0.9458
vn -0.0651 0.2760 0.9590
vn -0.1907 0.2210 0.9564
vn -0.0742 0.2798 0.9572
vn -0.0303 0.2960 0.9547
vn -0.0764 0.2616 0.9622
vn -0.2097 0.1148 0.9710
vn -0.3018 -0.0663 0.9511
vn -0.3018 -0.0059 0.9533
vn -0.1197 -0.7101 0.6939
vn -0.1496 -0.6651 0.7316
vn -0.1364 -0.7280 0.6719
vn -0.1127 -0.7867 0.6069
vn -0.1107 -0.8045 0.5836
vn -0.1092 -0.7516 0.6505
vn -0.0964 -0.7503 0.6541
vn -0.1027 -0.7905 0.6038
vn -0.1113 -0.7097 0.6957
vn -0.1188 -0.4743 0.8723
vn -0.1311 -0.0092 0.9913
vn -0.1160 0.3355 0.9349
vn -0.1020 0.5159 0.8506
vn -0.0988 0.7355 0.6703
vn -0.0977 0.7909 0.6041
vn -0.1044 0.7753 0.6229
vn -0.0905 0.6810 0.7267
vn -0.1233 0.6642 0.7373
vn -0.1686 0.6323 0.7561
vn -0.1535 0.4427 0.8835
vn -0.1323 0.2350 0.9629
vn -0.1236 0.0997 0.9873
vn -0.2215 0.1465 0.9641
vn -0.1664 -0.0147 0.9860
vn -0.0699 -0.2077 0.9757
vn -0.0910 -0.2133 0.9727
vn -0.1500 -0.1834 0.9715
vn -0.1832 -0.1779 0.9669
vn -0.0044 -0.2981 0.9545
vn -0.0173 -0.3067 0.9517
vn -0.1041 -0.2584 0.9604
vn -0.1195 -0.2636 0.9572
vn -0.0007 -0.2861 0.9582
vn 0.1061 -0.2971 0.9489
vn -0.0541 -0.2913 0.9551
vn -0.0530 -0.2816 0.9581
vn 0.0424 -0.2785 0.9595
vn 0.1553 -0.2391 0.9585
vn 0.0702 -0.2704 0.9602
vn -0.0328 -0.3003 0.9533
vn 0.1124 -0.2304 0.9666
vn 0.1795 -0.1891 0.9654
vn 0.1585 -0.1865 0.9696
vn 0.0393 -0.2817 0.9587
vn 0.1154 -0.1895 0.9751
vn -0.0048 -0.2746 0.9616
vn 0.2617 0.0280 0.9647
vn 0.2313 -0.0557 0.9713
vn 0.2484 0.0130 0.9686
vn 0.1717 -0.0719 0.9825
vn 0.1796 -0.0816 0.9804
vn 0.1719 -0.0331 0.9846
vn 0.1719 0.0009 0.9851
vn 0.1243 -0.0941 0.9878
vn 0.1156 -0.0383 0.9926
vn 0.0524 -0.0815 0.9953
vn 0.1251 -0.0101 0.9921
vn 0.0981 0.0475 0.9940
vn 0.1407 0.1717 0.9750
vn 0.2181 0.2923 0.9311
vn 0.1908 0.3572 0.9143
vn 0.1973 0.4197 0.8860
vn 0.1692 0.4910 0.8546
vn 0.2365 0.5422 0.8063
vn 0.1385 0.4715 0.8709
vn 0.1130 0.4458 0.8880
vn 0.1326 0.6304 0.7649
vn 0.1307 0.7427 0.6567
vn 0.1249 0.8050 0.5800
vn 0.1099 0.7477 0.6549
vn 0.1096 0.6778 0.7270
vn 0.1492 0.4739 0.8678
vn 0.1473 0.0076 0.9891
vn 0.1233 -0.4997 0.8574
vn 0.1032 -0.7474 0.6563
vn 0.0990 -0.7452 0.6595
vn 0.1178 -0.7211 0.6828
vn 0.1452 -0.6656 0.7321
vn 0.1933 -0.5881 0.7854
vn 0.1777 -0.3125 0.9332
vn 0.1508 -0.0647 0.9864
vn 0.2114 -0.0591 0.9756
vn 0.2225 0.0017 0.9749
vn 0.1976 0.1086 0.9742
vn 0.0780 0.2826 0.9561
vn 0.1247 0.2556 0.9587
vn 0.2007 0.1749 0.9639
vn 0.1206 0.2592 0.9583
vn 0.0409 0.3244 0.9450
vn 0.0041 0.3433 0.9392
vn 0.1469 0.2683 0.9521
vn 0.0831 0.2928 0.9525
vn -0.0388 0.3511 0.9355
vn -0.0428 0.3457 0.9374
vn 0.0350 0.3317 0.9427
vn 0.0808 0.3271 0.9415
vn -0.1001 0.3333 0.9375
vn -0.1012 0.3421 0.9342
vn -0.0257 0.3416 0.9395
vn 0.0156 0.3602 0.9327
vn -0.0950 0.3194 0.9429
vn -0.1918 0.2783 0.9412
vn -0.0687 0.3430 0.9368
vn -0.0525 0.3433 0.9378
vn -0.1189 0.3007 0.9463
vn -0.1395 0.2541 0.9571
vn -0.2203 0.2004 0.9546
vn -0.1300 0.2659 0.9552
vn -0.1251 0.2712 0.9544
vn -0.3009 0.0471 0.9525
vn -0.2964 0.0699 0.9525
vn -0.2932 0.1204 0.9484
vn -0.0841 -0.0409 0.9956
vn -0.1134 0.0496 0.9923
vn -0.1750 -0.2604 0.9495
vn -0.1581 -0.3668 0.9168
vn -0.2007 -0.5785 0.7906
vn -0.2082 -0.5661 0.7976
vn -0.1799 -0.6153 0.7675
vn -0.1657 -0.6393 0.7509
vn -0.1765 -0.6600 0.7303
vn -0.1447 -0.7142 0.6848
vn -0.1300 -0.7411 0.6587
vn -0.1286 -0.7873 0.6030
vn -0.1341 -0.6941 0.7073
vn -0.1390 -0.4284 0.8928
vn -0.1412 0.0416 0.9891
vn -0.1179 0.4037 0.9073
vn -0.1003 0.5836 0.8058
vn -0.0984 0.7593 0.6432
vn -0.1007 0.7820 0.6151
vn -0.1139 0.7352 0.6682
vn -0.1135 0.6078 0.7859
vn -0.1543 0.5697 0.8073
vn -0.2008 0.4937 0.8461
vn -0.1710 0.2246 0.9593
vn -0.1558 0.0268 0.9874
vn -0.1576 -0.0655 0.9853
vn -0.2356 -0.0207 0.9716
vn -0.1717 -0.1613 0.9719
vn -0.0798 -0.3185 0.9446
vn -0.1247 -0.2819 0.9513
vn -0.1673 -0.2496 0.9538
vn -0.1718 -0.2580 0.9507
vn -0.0138 -0.3556 0.9345
vn -0.0456 -0.3483 0.9363
vn -0.1272 -0.2988 0.9458
vn -0.1032 -0.3130 0.9441
vn 0.0055 -0.3337 0.9427
vn 0.0794 -0.3378 0.9379
vn -0.0698 -0.3302 0.9413
vn -0.0389 -0.3190 0.9470
vn 0.0681 -0.3140 0.9470
vn 0.1406 -0.2858 0.9479
vn 0.0582 -0.3125 0.9481
vn -0.0124 -0.3319 0.9432
vn 0.1430 -0.2585 0.9554
vn 0.1859 -0.2359 0.9538
vn 0.1471 -0.2485 0.9574
vn 0.0643 -0.3169 0.9463
vn 0.1521 -0.2258 0.9622
vn 0.2531 -0.1159 0.9605
vn 0.1872 -0.1707 0.9674
vn 0.1494 -0.1850 0.9713
vn 0.1730 -0.1032 0.9795
vn 0.2590 0.1638 0.9519
vn 0.2328 0.2522 0.9393
vn 0.1790 0.3170 0.9314
vn 0.1828 0.5490 0.8156
vn 0.1740 0.7030 0.6896
vn 0.1550 0.7812 0.6047
vn 0.1367 0.7373 0.6616
vn 0.1329 0.6781 0.7228
vn 0.1657 0.4354 0.8849
vn 0.1528 -0.1004 0.9831
vn 0.1176 -0.5721 0.8117
vn 0.1031 -0.7554 0.6471
vn 0.1093 -0.7198 0.6855
vn 0.1424 -0.6678 0.7306
vn 0.1821 -0.5698 0.8014
vn 0.2299 -0.4333 0.8714
vn 0.2111 -0.1284 0.9690
vn 0.1795 0.1018 0.9785
vn 0.2433 0.0572 0.9683
vn 0.2370 0.1101 0.9652
vn 0.1968 0.2117 0.9573
vn 0.1013 0.3334 0.9373
vn 0.1524 0.2884 0.9453
vn 0.2111 0.2207 0.9522
vn 0.1096 0.3163 0.9423
vn 0.0471 0.3659 0.9295
vn 0.0337 0.3665 0.9298
vn 0.1489 0.3062 0.9403
vn 0.0674 0.3395 0.9382
vn -0.0483 0.3925 0.9185
vn -0.0221 0.3799 0.9248
vn 0.0389 0.3671 0.9294
vn 0.0529 0.3692 0.9278
vn -0.1150 0.3741 0.9202
vn -0.0946 0.3843 0.9184
vn -0.0182 0.3838 0.9232
vn -0.0150 0.3935 0.9192
vn -0.1204 0.3576 0.9261
vn -0.1903 0.3276 0.9254
vn -0.0675 0.3917 0.9176
vn -0.0768 0.3769 0.9230
vn -0.1560 0.3282 0.9316
vn -0.2297 0.2526 0.9399
vn -0.2911 0.1485 0.9451
vn -0.1662 0.3152 0.9343
vn -0.1947 0.2596 0.9459
vn -0.1102 0.3553 0.9282
vn -0.0605 0.3872 0.9200
vn -0.0301 0.4272 0.9037
vn -0.1625 0.2434 0.9562
vn -0.2134 0.2047 0.9553
vn -0.1792 0.2146 0.9601
vn -0.2285 0.1258 0.9654
vn -0.2562 0.1172 0.9595
vn -0.2420 0.0888 0.9662
vn -0.2333 0.0202 0.9722
vn -0.2563 0.0483 0.9654
vn -0.2396 0.0719 0.9682
vn -0.2126 -0.0050 0.9771
vn -0.1839 0.0968 0.9782
vn -0.1522 0.0637 0.9863
vn -0.1268 0.0920 0.9877
vn -0.2226 -0.1552 0.9625
vn -0.2550 -0.4715 0.8442
vn -0.2172 -0.5756 0.7884
vn -0.1815 -0.6673 0.7224
vn -0.1632 -0.7264 0.6676
vn -0.1534 -0.7781 0.6092
vn -0.1552 -0.6701 0.7259
vn -0.1553 -0.3698 0.9160
vn -0.1458 0.1041 0.9838
vn -0.1160 0.4671 0.8766
vn -0.0981 0.6338 0.7672
vn -0.1013 0.7684 0.6319
vn -0.1105 0.7543 0.6471
vn -0.1334 0.6677 0.7324
vn -0.1475 0.5025 0.8519
vn -0.1933 0.4380 0.8780
vn -0.2358 0.3260 0.9155
vn -0.1882 0.0133 0.9820
vn -0.1786 -0.1405 0.9738
vn -0.1903 -0.1760 0.9658
vn -0.2464 -0.1396 0.9591
vn -0.1775 -0.2617 0.9487
vn -0.0963 -0.3830 0.9187
vn -0.1577 -0.3212 0.9338
vn -0.1824 -0.2961 0.9376
vn -0.1644 -0.3193 0.9333
vn -0.0289 -0.3983 0.9168
vn -0.0738 -0.3807 0.9218
vn -0.1455 -0.3345 0.9311
vn -0.0896 -0.3575 0.9296
vn 0.0057 -0.3761 0.9266
vn 0.0519 -0.3745 0.9258
vn -0.0808 -0.3657 0.9272
vn -0.0244 -0.3543 0.9348
vn 0.0867 -0.3482 0.9334
vn 0.1241 -0.3289 0.9362
vn 0.0500 -0.3494 0.9357
vn 0.0103 -0.3590 0.9333
vn 0.1685 -0.2848 0.9437
vn 0.1893 -0.2765 0.9422
vn 0.1402 -0.2959 0.9449
vn 0.0919 -0.3380 0.9366
vn 0.1851 -0.2496 0.9505
vn 0.2683 -0.1639 0.9493
vn 0.1918 -0.2414 0.9513
vn 0.1729 -0.2436 0.9544
vn 0.2143 -0.1613 0.9634
vn 0.2895 0.0542 0.9556
vn 0.2600 0.0977 0.9606
vn 0.2160 0.1724 0.9610
vn 0.2318 0.4611 0.8565
vn 0.2170 0.6540 0.7247
vn 0.1860 0.7500 0.6347
vn 0.1628 0.7218 0.6727
vn 0.1544 0.6703 0.7259
vn 0.1778 0.3824 0.9067
vn 0.1523 -0.2025 0.9674
vn 0.1123 -0.6238 0.7734
vn 0.1090 -0.7491 0.6534
vn 0.1302 -0.6726 0.7285
vn 0.1784 -0.5877 0.7892
vn 0.2271 -0.4470 0.8652
vn 0.2666 -0.2587 0.9284
vn 0.2420 0.0273 0.9699
vn 0.2104 0.2057 0.9557
vn 0.2731 0.1276 0.9535
vn 0.2510 0.1812 0.9509
vn 0.2006 0.2802 0.9387
vn 0.1286 0.3618 0.9233
vn 0.1790 0.3102 0.9337
vn 0.2193 0.2606 0.9402
vn 0.1029 0.3644 0.9255
vn 0.0579 0.4001 0.9146
vn 0.0612 0.3880 0.9196
vn 0.1471 0.3440 0.9274
vn 0.0531 0.3840 0.9218
vn -0.0526 0.4305 0.9011
vn -0.0035 0.4128 0.9108
vn 0.0381 0.4025 0.9146
vn 0.0251 0.4106 0.9115
vn -0.1256 0.4140 0.9016
vn -0.0881 0.4245 0.9011
vn -0.0166 0.4237 0.9057
vn -0.0460 0.4260 0.9035
vn -0.1420 0.3956 0.9074
vn -0.1873 0.3749 0.9079
vn -0.0706 0.4342 0.8981
vn -0.1029 0.4063 0.9079
vn -0.1886 0.3543 0.9159
vn -0.2361 0.2989 0.9246
vn -0.1735 0.3602 0.9166
vn -0.1372 0.3866 0.9120
vn -0.2477 0.2380 0.9391
vn -0.2758 0.1800 0.9442
vn -0.2498 0.1696 0.9533
vn -0.2133 0.1862 0.9591
vn -0.2660 -0.0633 0.9619
vn -0.2983 -0.3670 0.8811
vn -0.2570 -0.4769 0.8406
vn -0.2192 -0.6112 0.7605
vn -0.1954 -0.7070 0.6797
vn -0.1768 -0.7631 0.6216
vn -0.1734 -0.6377 0.7505
vn -0.1662 -0.2997 0.9394
vn -0.1452 0.1713 0.9745
vn -0.1128 0.5193 0.8471
vn -0.0987 0.6654 0.7399
vn -0.1105 0.7626 0.6374
vn -0.1305 0.7022 0.6999
vn -0.1648 0.5650 0.8084
vn -0.1909 0.3702 0.9091
vn -0.2361 0.2814 0.9301
vn -0.2684 0.1536 0.9510
vn -0.2044 -0.1581 0.9660
vn -0.2026 -0.2537 0.9458
vn -0.2216 -0.2448 0.9439
vn -0.2559 -0.2243 0.9403
vn -0.1851 -0.3333 0.9245
vn -0.1170 -0.4250 0.8976
vn -0.1889 -0.3495 0.9177
vn -0.1953 -0.3370 0.9210
vn -0.1601 -0.3733 0.9138
vn -0.0482 -0.4354 0.8990
vn -0.1010 -0.4108 0.9061
vn -0.1595 -0.3707 0.9149
vn -0.0786 -0.4010 0.9127
vn 0.0007 -0.4168 0.9090
vn 0.0244 -0.4102 0.9117
vn -0.0875 -0.4008 0.9120
vn -0.0102 -0.3901 0.9207
vn 0.0994 -0.3833 0.9183
vn 0.1070 -0.3708 0.9225
vn 0.0458 -0.3843 0.9221
vn 0.0349 -0.3857 0.9220
vn 0.1898 -0.3131 0.9306
vn 0.1911 -0.3161 0.9293
vn 0.1380 -0.3371 0.9313
vn 0.1221 -0.3550 0.9269
vn 0.2160 -0.2703 0.9382
vn 0.2812 -0.2045 0.9376
vn 0.1996 -0.2913 0.9356
vn 0.1994 -0.2767 0.9400
vn 0.2529 -0.1933 0.9480
vn 0.3134 -0.0300 0.9491
vn 0.2815 -0.0238 0.9593
vn 0.2497 0.0533 0.9668
vn 0.2780 0.3750 0.8844
vn 0.2588 0.5973 0.7591
vn 0.2172 0.7115 0.6683
vn 0.1875 0.7018 0.6873
vn 0.1732 0.6550 0.7355
vn 0.1850 0.3188 0.9296
vn 0.1477 -0.2919 0.9450
vn 0.1105 -0.6544 0.7480
vn 0.1235 -0.7269 0.6755
vn 0.1635 -0.6007 0.7826
vn 0.2244 -0.4821 0.8469
vn 0.2752 -0.3127 0.9091
vn 0.2995 -0.0945 0.9494
vn 0.2703 0.1435 0.9520
vn 0.2432 0.2633 0.9336
vn 0.3013 0.1708 0.9381
vn 0.2653 0.2332 0.9355
vn 0.2090 0.3311 0.9202
vn 0.1587 0.3811 0.9108
vn 0.2040 0.3302 0.9216
vn 0.2257 0.3008 0.9266
vn 0.1000 0.4085 0.9073
vn 0.0721 0.4311 0.8994
vn 0.0863 0.4108 0.9076
vn 0.1420 0.3837 0.9125
vn 0.0402 0.4277 0.9030
vn -0.0528 0.4668 0.8828
vn 0.0126 0.4456 0.8951
vn 0.0328 0.4389 0.8979
vn -0.0021 0.4517 0.8921
vn -0.1324 0.4537 0.8813
vn -0.0825 0.4638 0.8821
vn -0.0202 0.4625 0.8864
vn -0.0767 0.4591 0.8851
vn -0.1597 0.4346 0.8863
vn -0.1834 0.4214 0.8881
vn -0.0776 0.4732 0.8775
vn -0.1300 0.4349 0.8910
vn -0.2168 0.3826 0.8981
vn -0.2388 0.3510 0.9054
vn -0.1812 0.4030 0.8971
vn -0.1657 0.4108 0.8965
vn -0.2793 0.2645 0.9231
vn -0.2922 0.2386 0.9261
vn -0.2601 0.2496 0.9328
vn -0.2430 0.2463 0.9382
vn -0.3050 0.0112 0.9523
vn -0.3365 -0.2610 0.9048
vn -0.2943 -0.3687 0.8817
vn -0.2570 -0.5473 0.7965
vn -0.2269 -0.6825 0.6948
vn -0.1988 -0.7421 0.6402
vn -0.1882 -0.5967 0.7801
vn -0.1709 -0.2218 0.9600
vn -0.1408 0.2354 0.9616
vn -0.1111 0.5564 0.8235
vn -0.1051 0.6784 0.7272
vn -0.1288 0.7400 0.6601
vn -0.1636 0.6186 0.7685
vn -0.2070 0.4249 0.8813
vn -0.2394 0.2248 0.9446
vn -0.2774 0.1238 0.9527
vn -0.2957 -0.0018 0.9553
vn -0.2208 -0.2813 0.9339
vn -0.2284 -0.3238 0.9181
vn -0.2512 -0.2891 0.9238
vn -0.2644 -0.2902 0.9197
vn -0.1947 -0.3890 0.9004
vn -0.1404 -0.4565 0.8786
vn -0.2174 -0.3754 0.9010
vn -0.2060 -0.3777 0.9027
vn -0.1586 -0.4237 0.8918
vn -0.0705 -0.4696 0.8800
vn -0.1267 -0.4407 0.8886
vn -0.1699 -0.4086 0.8968
vn -0.0704 -0.4441 0.8932
vn -0.0086 -0.4564 0.8897
vn -0.0024 -0.4454 0.8953
vn -0.0904 -0.4363 0.8953
vn 0.0031 -0.4267 0.9044
vn 0.1067 -0.4193 0.9015
vn 0.0902 -0.4120 0.9067
vn 0.0456 -0.4183 0.9072
vn 0.0605 -0.4128 0.9088
vn 0.2072 -0.3441 0.9158
vn 0.1920 -0.3557 0.9147
vn 0.1406 -0.3748 0.9164
vn 0.1543 -0.3712 0.9156
vn 0.2449 -0.2924 0.9244
vn 0.2927 -0.2437 0.9246
vn 0.2112 -0.3309 0.9197
vn 0.2289 -0.2978 0.9268
vn 0.2900 -0.2131 0.9330
vn 0.3341 -0.0964 0.9376
vn 0.3009 -0.1144 0.9468
vn 0.2819 -0.0379 0.9587
vn 0.3209 0.2956 0.8998
vn 0.2990 0.5338 0.7910
vn 0.2484 0.6651 0.7042
vn 0.2106 0.6770 0.7052
vn 0.1889 0.6323 0.7513
vn 0.1875 0.2499 0.9499
vn 0.1421 -0.3639 0.9205
vn 0.1154 -0.6644 0.7384
vn 0.1492 -0.6861 0.7120
vn 0.2088 -0.5051 0.8374
vn 0.2764 -0.3596 0.8912
vn 0.3219 -0.1849 0.9285
vn 0.3284 0.0399 0.9437
vn 0.2982 0.2228 0.9281
vn 0.2773 0.2937 0.9148
vn 0.3281 0.2018 0.9228
vn 0.2803 0.2773 0.9190
vn 0.2214 0.3730 0.9010
vn 0.1906 0.3970 0.8978
vn 0.2273 0.3521 0.9079
vn 0.2307 0.3427 0.9107
vn 0.1010 0.4499 0.8874
vn 0.0889 0.4603 0.8833
vn 0.1085 0.4356 0.8936
vn 0.1344 0.4251 0.8951
vn 0.0292 0.4706 0.8819
vn -0.0496 0.5017 0.8636
vn 0.0256 0.4788 0.8776
vn 0.0237 0.4764 0.8789
vn -0.0281 0.4926 0.8698
vn -0.1361 0.4931 0.8593
vn -0.0782 0.5023 0.8611
vn -0.0284 0.5007 0.8651
vn -0.1064 0.4928 0.8636
vn -0.1737 0.4745 0.8629
vn -0.1792 0.4669 0.8659
vn -0.0883 0.5098 0.8558
vn -0.1573 0.4638 0.8718
vn -0.2408 0.4137 0.8780
vn -0.2402 0.4018 0.8837
vn -0.1913 0.4410 0.8769
vn -0.1957 0.4315 0.8806
vn -0.3082 0.2905 0.9059
vn -0.3069 0.2893 0.9067
vn -0.2720 0.3101 0.9109
vn -0.2744 0.2852 0.9184
vn -0.3408 0.0722 0.9374
vn -0.3697 -0.1581 0.9156
vn -0.3284 -0.2568 0.9090
vn -0.2949 -0.4772 0.8278
vn -0.2580 -0.6521 0.7129
vn -0.2194 -0.7140 0.6649
vn -0.1990 -0.5470 0.8131
vn -0.1702 -0.1416 0.9752
vn -0.1355 0.2891 0.9477
vn -0.1142 0.5764 0.8091
vn -0.1203 0.6725 0.7303
vn -0.1591 0.6970 0.6992
vn -0.2098 0.5014 0.8394
vn -0.2553 0.2574 0.9320
vn -0.2878 0.0849 0.9539
vn -0.3141 -0.0131 0.9493
vn -0.3179 -0.1294 0.9392
vn -0.2386 -0.3646 0.9001
vn -0.2556 -0.3673 0.8943
vn -0.2788 -0.3218 0.9048
vn -0.2721 -0.3470 0.8975
vn -0.2063 -0.4362 0.8759
vn -0.1653 -0.4830 0.8599
vn -0.2430 -0.4022 0.8827
vn -0.2150 -0.4197 0.8818
vn -0.1596 -0.4715 0.8673
vn -0.0951 -0.5020 0.8596
vn -0.1504 -0.4712 0.8691
vn -0.1772 -0.4481 0.8762
vn -0.0652 -0.4868 0.8711
vn -0.0217 -0.4950 0.8686
vn -0.0279 -0.4803 0.8766
vn -0.0901 -0.4723 0.8769
vn 0.0150 -0.4641 0.8856
vn 0.1093 -0.4563 0.8831
vn 0.0742 -0.4523 0.8888
vn 0.0492 -0.4517 0.8908
vn 0.0864 -0.4409 0.8934
vn 0.2210 -0.3777 0.8992
vn 0.1929 -0.3950 0.8982
vn 0.1478 -0.4100 0.9001
vn 0.1880 -0.3881 0.9022
vn 0.2717 -0.3173 0.9085
vn 0.3035 -0.2832 0.9098
vn 0.2267 -0.3646 0.9032
vn 0.2611 -0.3138 0.9129
vn 0.3256 -0.2290 0.9173
vn 0.3534 -0.1519 0.9230
vn 0.3209 -0.1814 0.9296
vn 0.3142 -0.1050 0.9435
vn 0.3608 0.2244 0.9052
vn 0.3373 0.4640 0.8191
vn 0.2796 0.6104 0.7411
vn 0.2320 0.6469 0.7264
vn 0.2017 0.6018 0.7728
vn 0.1870 0.1811 0.9655
vn 0.1389 -0.4157 0.8988
vn 0.1295 -0.6540 0.7453
vn 0.1874 -0.6238 0.7587
vn 0.2629 -0.3926 0.8813
vn 0.3296 -0.2347 0.9145
vn 0.3648 -0.0749 0.9281
vn 0.3550 0.1414 0.9241
vn 0.3273 0.2747 0.9041
vn 0.3123 0.3104 0.8978
vn 0.3538 0.2296 0.9067
vn 0.2964 0.3186 0.9004
vn 0.2376 0.4097 0.8807
vn 0.2236 0.4121 0.8833
vn 0.2489 0.3769 0.8922
vn 0.2351 0.3864 0.8919
vn 0.1058 0.4889 0.8659
vn 0.1076 0.4885 0.8659
vn 0.1278 0.4627 0.8772
vn 0.1248 0.4680 0.8749
vn 0.0204 0.5125 0.8584
vn -0.0438 0.5358 0.8432
vn 0.0354 0.5126 0.8579
vn 0.0116 0.5148 0.8572
vn -0.0522 0.5330 0.8445
vn -0.1370 0.5322 0.8355
vn -0.0757 0.5401 0.8382
vn -0.0406 0.5385 0.8417
vn -0.1344 0.5270 0.8392
vn -0.1843 0.5150 0.8372
vn -0.1754 0.5113 0.8413
vn -0.1021 0.5445 0.8325
vn -0.1841 0.4936 0.8500
vn -0.2607 0.4477 0.8553
vn -0.2407 0.4512 0.8593
vn -0.2040 0.4757 0.8556
vn -0.2267 0.4510 0.8633
vn -0.3343 0.3187 0.8869
vn -0.3203 0.3357 0.8858
vn -0.2865 0.3575 0.8889
vn -0.3076 0.3108 0.8993
vn -0.3742 0.1235 0.9191
vn -0.3986 -0.0615 0.9151
vn -0.3595 -0.1470 0.9215
vn -0.3329 -0.4029 0.8526
vn -0.2895 -0.6144 0.7340
vn -0.2394 -0.6770 0.6960
vn -0.2062 -0.4891 0.8475
vn -0.1659 -0.0656 0.9840
vn -0.1328 0.3262 0.9359
vn -0.1251 0.5783 0.8062
vn -0.1469 0.6466 0.7486
vn -0.2031 0.6287 0.7506
vn -0.2652 0.3589 0.8949
vn -0.3036 0.0857 0.9490
vn -0.3330 -0.0335 0.9423
vn -0.3458 -0.1209 0.9305
vn -0.3366 -0.2290 0.9134
vn -0.2584 -0.4208 0.8696
vn -0.2834 -0.3965 0.8732
vn -0.3043 -0.3510 0.8856
vn -0.2793 -0.3996 0.8731
vn -0.2195 -0.4780 0.8505
vn -0.1911 -0.5072 0.8403
vn -0.2654 -0.4315 0.8622
vn -0.2225 -0.4629 0.8580
vn -0.1632 -0.5169 0.8404
vn -0.1213 -0.5330 0.8374
vn -0.1719 -0.5025 0.8473
vn -0.1823 -0.4890 0.8530
vn -0.0634 -0.5288 0.8464
vn -0.0376 -0.5326 0.8456
vn -0.0514 -0.5151 0.8556
vn -0.0870 -0.5089 0.8564
vn 0.0249 -0.5022 0.8644
vn 0.1079 -0.4939 0.8628
vn 0.0600 -0.4917 0.8687
vn 0.0565 -0.4849 0.8728
vn 0.1120 -0.4700 0.8755
vn 0.2316 -0.4134 0.8806
vn 0.1945 -0.4338 0.8798
vn 0.1594 -0.4431 0.8822
vn 0.2223 -0.4062 0.8863
vn 0.2965 -0.3452 0.8905
vn 0.3142 -0.3231 0.8927
vn 0.2460 -0.3944 0.8854
vn 0.2953 -0.3281 0.8973
vn 0.3598 -0.2454 0.9002
vn 0.3724 -0.2010 0.9060
vn 0.3427 -0.2320 0.9104
vn 0.3476 -0.1536 0.9250
vn 0.3986 0.1604 0.9030
vn 0.3740 0.3881 0.8423
vn 0.3107 0.5467 0.7775
vn 0.2524 0.6105 0.7507
vn 0.2120 0.5629 0.7989
vn 0.1857 0.1169 0.9756
vn 0.1414 -0.4459 0.8839
vn 0.1552 -0.6219 0.7676
vn 0.2378 -0.5388 0.8082
vn 0.3211 -0.2741 0.9065
vn 0.3803 -0.1218 0.9168
vn 0.4038 0.0139 0.9147
vn 0.3809 0.2165 0.8989
vn 0.3582 0.3092 0.8810
vn 0.3477 0.3215 0.8808
vn 0.3785 0.2586 0.8888
vn 0.3139 0.3587 0.8791
vn 0.2573 0.4426 0.8590
vn 0.2570 0.4276 0.8667
vn 0.2687 0.4052 0.8739
vn 0.2394 0.4311 0.8700
vn 0.1144 0.5258 0.8429
vn 0.1275 0.5164 0.8468
vn 0.1441 0.4925 0.8583
vn 0.1142 0.5117 0.8515
vn 0.0141 0.5533 0.8329
vn -0.0359 0.5691 0.8215
vn 0.0417 0.5472 0.8360
vn -0.0029 0.5539 0.8326
vn -0.0741 0.5726 0.8165
vn -0.1357 0.5707 0.8098
vn -0.0754 0.5771 0.8132
vn -0.0561 0.5757 0.8157
vn -0.1602 0.5617 0.8117
vn -0.1918 0.5556 0.8090
vn -0.1724 0.5541 0.8144
vn -0.1189 0.5776 0.8076
vn -0.2096 0.5243 0.8253
vn -0.2766 0.4841 0.8302
vn -0.2411 0.4986 0.8326
vn -0.2192 0.5077 0.8332
vn -0.2579 0.4708 0.8437
vn -0.3576 0.3501 0.8658
vn -0.3330 0.3793 0.8632
vn -0.3038 0.3958 0.8666
vn -0.3427 0.3287 0.8801
vn -0.4060 0.1684 0.8982
vn -0.4242 0.0266 0.9052
vn -0.3884 -0.0446 0.9204
vn -0.3712 -0.3261 0.8694
vn -0.3224 -0.5673 0.7578
vn -0.2597 -0.6287 0.7330
vn -0.2109 -0.4238 0.8808
vn -0.1614 -0.0001 0.9869
vn -0.1364 0.3427 0.9295
vn -0.1465 0.5610 0.8148
vn -0.1870 0.5986 0.7789
vn -0.2601 0.5318 0.8059
vn -0.3233 0.2077 0.9232
vn -0.3479 -0.0646 0.9353
vn -0.3743 -0.1236 0.9190
vn -0.3737 -0.2029 0.9051
vn -0.3536 -0.3065 0.8837
vn -0.2804 -0.4600 0.8425
vn -0.3111 -0.4191 0.8530
vn -0.3274 -0.3807 0.8648
vn -0.2859 -0.4498 0.8461
vn -0.2344 -0.5160 0.8239
vn -0.2173 -0.5304 0.8195
vn -0.2847 -0.4634 0.8392
vn -0.2291 -0.5068 0.8311
vn -0.1694 -0.5595 0.8113
vn -0.1483 -0.5628 0.8132
vn -0.1910 -0.5349 0.8231
vn -0.1856 -0.5308 0.8269
vn -0.0649 -0.5698 0.8192
vn -0.0558 -0.5690 0.8204
vn -0.0726 -0.5498 0.8321
vn -0.0819 -0.5461 0.8337
vn 0.0325 -0.5408 0.8405
vn 0.1030 -0.5319 0.8405
vn 0.0479 -0.5302 0.8465
vn 0.0669 -0.5181 0.8527
vn 0.1367 -0.5004 0.8550
vn 0.2393 -0.4510 0.8598
vn 0.1973 -0.4720 0.8592
vn 0.1753 -0.4748 0.8624
vn 0.2567 -0.4260 0.8675
vn 0.3192 -0.3760 0.8699
vn 0.3254 -0.3632 0.8731
vn 0.2690 -0.4213 0.8661
vn 0.3309 -0.3426 0.8793
vn 0.3925 -0.2643 0.8809
vn 0.3916 -0.2464 0.8865
vn 0.3671 -0.2710 0.8898
vn 0.3828 -0.1889 0.9043
vn 0.4348 0.1021 0.8947
vn 0.4093 0.3063 0.8595
vn 0.3422 0.4735 0.8116
vn 0.2728 0.5662 0.7778
vn 0.2210 0.5152 0.8281
vn 0.1868 0.0609 0.9805
vn 0.1528 -0.4538 0.8779
vn 0.1943 -0.5658 0.8013
vn 0.2976 -0.4330 0.8508
vn 0.3792 -0.1606 0.9113
vn 0.4270 -0.0292 0.9038
vn 0.4400 0.0842 0.8940
vn 0.4075 0.2732 0.8714
vn 0.3908 0.3334 0.8580
vn 0.3832 0.3312 0.8623
vn 0.4025 0.2903 0.8682
vn 0.3330 0.3981 0.8548
vn 0.2801 0.4725 0.8356
vn 0.2904 0.4443 0.8475
vn 0.2870 0.4367 0.8526
vn 0.2442 0.4763 0.8447
vn 0.1268 0.5606 0.8183
vn 0.1480 0.5442 0.8258
vn 0.1575 0.5248 0.8366
vn 0.1031 0.5558 0.8249
vn 0.0105 0.5927 0.8053
vn -0.0268 0.6020 0.7981
vn 0.0444 0.5827 0.8115
vn -0.0190 0.5932 0.8048
vn -0.0933 0.6113 0.7859
vn -0.1329 0.6086 0.7822
vn -0.0775 0.6134 0.7860
vn -0.0741 0.6125 0.7870
vn -0.1832 0.5967 0.7813
vn -0.1967 0.5959 0.7786
vn -0.1707 0.5953 0.7852
vn -0.1380 0.6095 0.7807
vn -0.2333 0.5561 0.7977
vn -0.2888 0.5222 0.8024
vn -0.2417 0.5438 0.8037
vn -0.2370 0.5376 0.8092
vn -0.2888 0.4915 0.8216
vn -0.3780 0.3847 0.8421
vn -0.3454 0.4209 0.8388
vn -0.3242 0.4279 0.8437
vn -0.3792 0.3425 0.8596
vn -0.4363 0.2094 0.8751
vn -0.4478 0.1056 0.8879
vn -0.4165 0.0468 0.9079
vn -0.4103 -0.2487 0.8774
vn -0.3579 -0.5086 0.7831
vn -0.2817 -0.5659 0.7748
vn -0.2155 -0.3528 0.9105
vn -0.1605 0.0498 0.9858
vn -0.1498 0.3358 0.9299
vn -0.1806 0.5232 0.8329
vn -0.2406 0.5270 0.8151
vn -0.3259 0.4083 0.8527
vn -0.3788 0.0631 0.9233
vn -0.3879 -0.1790 0.9041
vn -0.4125 -0.1879 0.8914
vn -0.3992 -0.2666 0.8772
vn -0.3701 -0.3686 0.8527
vn -0.3047 -0.4890 0.8173
vn -0.3384 -0.4395 0.8321
vn -0.3484 -0.4128 0.8416
vn -0.2924 -0.4981 0.8163
vn -0.2509 -0.5508 0.7961
vn -0.2432 -0.5532 0.7968
vn -0.3009 -0.4980 0.8133
vn -0.2350 -0.5507 0.8009
vn -0.1780 -0.5995 0.7803
vn -0.1754 -0.5917 0.7869
vn -0.2075 -0.5682 0.7963
vn -0.1878 -0.5730 0.7978
vn -0.0697 -0.6096 0.7896
vn -0.0754 -0.6044 0.7931
vn -0.0912 -0.5847 0.8061
vn -0.0753 -0.5840 0.8083
vn 0.0375 -0.5796 0.8140
vn 0.0955 -0.5701 0.8160
vn 0.0386 -0.5680 0.8221
vn 0.0800 -0.5517 0.8302
vn 0.1600 -0.5319 0.8315
vn 0.2447 -0.4901 0.8366
vn 0.2019 -0.5095 0.8365
vn 0.1950 -0.5055 0.8405
vn 0.2906 -0.4477 0.8457
vn 0.3401 -0.4091 0.8467
vn 0.3375 -0.4029 0.8507
vn 0.2957 -0.4458 0.8449
vn 0.3673 -0.3580 0.8584
vn 0.4238 -0.2864 0.8593
vn 0.4113 -0.2893 0.8644
vn 0.3944 -0.3020 0.8679
vn 0.4196 -0.2153 0.8818
vn 0.4700 0.0474 0.8814
vn 0.4432 0.2197 0.8691
vn 0.3744 0.3908 0.8409
vn 0.2948 0.5124 0.8066
vn 0.2308 0.4585 0.8582
vn 0.1937 0.0151 0.9809
vn 0.1756 -0.4392 0.8810
vn 0.2470 -0.4843 0.8393
vn 0.3626 -0.3124 0.8780
vn 0.4345 -0.0608 0.8986
vn 0.4702 0.0427 0.8816
vn 0.4745 0.1410 0.8689
vn 0.4354 0.3178 0.8423
vn 0.4250 0.3517 0.8341
vn 0.4186 0.3420 0.8413
vn 0.4261 0.3252 0.8442
vn 0.3538 0.4364 0.8273
vn 0.3057 0.4999 0.8103
vn 0.3231 0.4628 0.8255
vn 0.3040 0.4712 0.8280
vn 0.2500 0.5213 0.8160
vn 0.1425 0.5936 0.7920
vn 0.1685 0.5725 0.8024
vn 0.1680 0.5595 0.8116
vn 0.0923 0.5996 0.7950
vn 0.0097 0.6309 0.7758
vn -0.0169 0.6345 0.7727
vn 0.0436 0.6189 0.7842
vn -0.0360 0.6325 0.7737
vn -0.1097 0.6489 0.7530
vn -0.1290 0.6457 0.7526
vn -0.0822 0.6490 0.7563
vn -0.0940 0.6487 0.7552
vn -0.2032 0.6317 0.7481
vn -0.1993 0.6354 0.7460
vn -0.1706 0.6346 0.7538
vn -0.1589 0.6404 0.7515
vn -0.2547 0.5889 0.7670
vn -0.2977 0.5615 0.7720
vn -0.2433 0.5864 0.7727
vn -0.2570 0.5660 0.7834
vn -0.3189 0.5137 0.7965
vn -0.3955 0.4222 0.8157
vn -0.3580 0.4605 0.8123
vn -0.3475 0.4554 0.8197
vn -0.4165 0.3548 0.8371
vn -0.4655 0.2481 0.8496
vn -0.4703 0.1752 0.8649
vn -0.4451 0.1252 0.8867
vn -0.4506 -0.1720 0.8760
vn -0.3968 -0.4363 0.8076
vn -0.3071 -0.4856 0.8185
vn -0.2231 -0.2777 0.9344
vn -0.1678 0.0811 0.9825
vn -0.1760 0.3043 0.9362
vn -0.2284 0.4638 0.8560
vn -0.3058 0.4334 0.8477
vn -0.3940 0.2678 0.8792
vn -0.4287 -0.0640 0.9012
vn -0.4253 -0.2580 0.8675
vn -0.4486 -0.2336 0.8627
vn -0.4233 -0.3189 0.8480
vn -0.3870 -0.4203 0.8207
vn -0.3310 -0.5119 0.7927
vn -0.3649 -0.4602 0.8094
vn -0.3671 -0.4479 0.8153
vn -0.2991 -0.5443 0.7837
vn -0.2688 -0.5827 0.7669
vn -0.2684 -0.5763 0.7719
vn -0.3142 -0.5350 0.7843
vn -0.2407 -0.5940 0.7677
vn -0.1887 -0.6368 0.7476
vn -0.2019 -0.6199 0.7583
vn -0.2215 -0.6026 0.7667
vn -0.1893 -0.6151 0.7654
vn -0.0778 -0.6480 0.7577
vn -0.0956 -0.6386 0.7635
vn -0.1069 -0.6197 0.7776
vn -0.0678 -0.6221 0.7800
vn 0.0396 -0.6185 0.7848
vn 0.0858 -0.6081 0.7892
vn 0.0322 -0.6052 0.7955
vn 0.0952 -0.5856 0.8050
vn 0.1813 -0.5647 0.8051
vn 0.2482 -0.5301 0.8108
vn 0.2088 -0.5460 0.8113
vn 0.2181 -0.5354 0.8160
vn 0.3234 -0.4715 0.8205
vn 0.3594 -0.4443 0.8206
vn 0.3511 -0.4417 0.8256
vn 0.3257 -0.4686 0.8212
vn 0.4040 -0.3751 0.8343
vn 0.4535 -0.3118 0.8349
vn 0.4320 -0.3301 0.8393
vn 0.4246 -0.3271 0.8443
vn 0.4580 -0.2360 0.8571
vn 0.5044 -0.0049 0.8634
vn 0.4761 0.1302 0.8697
vn 0.4076 0.2997 0.8626
vn 0.3203 0.4476 0.8349
vn 0.2440 0.3933 0.8864
vn 0.2100 -0.0191 0.9775
vn 0.2122 -0.4018 0.8908
vn 0.3111 -0.3793 0.8714
vn 0.4282 -0.1860 0.8843
vn 0.4861 0.0203 0.8737
vn 0.5107 0.0979 0.8542
vn 0.5082 0.1889 0.8403
vn 0.4647 0.3542 0.8115
vn 0.4604 0.3668 0.8084
vn 0.4536 0.3552 0.8174
vn 0.4493 0.3628 0.8164
vn 0.3763 0.4732 0.7965
vn 0.3336 0.5252 0.7829
vn 0.3549 0.4834 0.8002
vn 0.3198 0.5083 0.7996
vn 0.2571 0.5653 0.7838
vn 0.1613 0.6250 0.7638
vn 0.1885 0.6015 0.7763
vn 0.1760 0.5964 0.7832
vn 0.0824 0.6427 0.7617
vn 0.0115 0.6678 0.7443
vn -0.0069 0.6669 0.7451
vn 0.0394 0.6559 0.7539
vn -0.0533 0.6713 0.7393
vn -0.1230 0.6852 0.7178
vn -0.1247 0.6819 0.7207
vn -0.0896 0.6839 0.7240
vn -0.1151 0.6840 0.7203
vn -0.2199 0.6665 0.7123
vn -0.2004 0.6738 0.7112
vn -0.1725 0.6721 0.7201
vn -0.1810 0.6704 0.7196
vn -0.2734 0.6226 0.7332
vn -0.3037 0.6013 0.7391
vn -0.2461 0.6263 0.7397
vn -0.2789 0.5932 0.7552
vn -0.3475 0.5377 0.7682
vn -0.4104 0.4620 0.7862
vn -0.3713 0.4980 0.7837
vn -0.3738 0.4797 0.7938
vn -0.4540 0.3675 0.8117
vn -0.4935 0.2858 0.8215
vn -0.4929 0.2359 0.8375
vn -0.4754 0.1901 0.8590
vn -0.4922 -0.0973 0.8650
vn -0.4396 -0.3493 0.8275
vn -0.3375 -0.3855 0.8588
vn -0.2378 -0.2003 0.9504
vn -0.1875 0.0928 0.9779
vn -0.2170 0.2489 0.9439
vn -0.2894 0.3834 0.8771
vn -0.3776 0.3239 0.8675
vn -0.4581 0.1252 0.8800
vn -0.4729 -0.1673 0.8651
vn -0.4618 -0.3096 0.8312
vn -0.4834 -0.2680 0.8334
vn -0.4465 -0.3649 0.8170
vn -0.4048 -0.4650 0.7874
vn -0.3591 -0.5310 0.7675
vn -0.3903 -0.4824 0.7842
vn -0.3838 -0.4857 0.7854
vn -0.3064 -0.5880 0.7486
vn -0.2879 -0.6123 0.7363
vn -0.2926 -0.6000 0.7445
vn -0.3246 -0.5738 0.7519
vn -0.2464 -0.6359 0.7314
vn -0.2015 -0.6714 0.7132
vn -0.2272 -0.6478 0.7272
vn -0.2329 -0.6379 0.7341
vn -0.1907 -0.6565 0.7298
vn -0.0889 -0.6846 0.7234
vn -0.1159 -0.6718 0.7316
vn -0.1197 -0.6549 0.7462
vn -0.0600 -0.6604 0.7485
vn 0.0389 -0.6572 0.7527
vn 0.0747 -0.6459 0.7597
vn 0.0290 -0.6418 0.7663
vn 0.1118 -0.6200 0.7766
vn 0.2005 -0.5986 0.7755
vn 0.2504 -0.5706 0.7821
vn 0.2183 -0.5817 0.7836
vn 0.2440 -0.5648 0.7883
vn 0.3547 -0.4973 0.7917
vn 0.3773 -0.4809 0.7915
vn 0.3665 -0.4794 0.7974
vn 0.3585 -0.4899 0.7947
vn 0.4404 -0.3942 0.8066
vn 0.4819 -0.3403 0.8074
vn 0.4538 -0.3687 0.8112
vn 0.4575 -0.3479 0.8183
vn 0.4974 -0.2534 0.8297
vn 0.5384 -0.0557 0.8409
vn 0.5081 0.0407 0.8603
vn 0.4426 0.2029 0.8735
vn 0.3515 0.3714 0.8594
vn 0.2639 0.3209 0.9096
vn 0.2393 -0.0414 0.9701
vn 0.2640 -0.3417 0.9020
vn 0.3824 -0.2578 0.8873
vn 0.4907 -0.0650 0.8689
vn 0.5344 0.0821 0.8412
vn 0.5496 0.1416 0.8233
vn 0.5417 0.2313 0.8081
vn 0.4956 0.3849 0.7786
vn 0.4966 0.3803 0.7803
vn 0.4881 0.3714 0.7899
vn 0.4722 0.4023 0.7843
vn 0.4005 0.5081 0.7625
vn 0.3633 0.5487 0.7530
vn 0.3854 0.5064 0.7714
vn 0.3347 0.5473 0.7671
vn 0.2658 0.6080 0.7482
vn 0.1828 0.6549 0.7333
vn 0.2075 0.6315 0.7471
vn 0.1816 0.6350 0.7509
vn 0.0739 0.6847 0.7251
vn 0.0158 0.7033 0.7107
vn 0.0027 0.6993 0.7148
vn 0.0321 0.6932 0.7200
vn -0.0702 0.7092 0.7015
vn -0.1335 0.7203 0.6807
vn -0.1205 0.7170 0.6866
vn -0.0994 0.7180 0.6890
vn -0.1366 0.7183 0.6822
vn -0.2333 0.7009 0.6740
vn -0.2003 0.7108 0.6743
vn -0.1765 0.7077 0.6841
vn -0.2037 0.6997 0.6848
vn -0.2890 0.6569 0.6964
vn -0.3072 0.6409 0.7034
vn -0.2508 0.6636 0.7048
vn -0.3023 0.6197 0.7243
vn -0.3742 0.5635 0.7365
vn -0.4228 0.5033 0.7536
vn -0.3858 0.5334 0.7528
vn -0.4028 0.5019 0.7655
vn -0.4913 0.3817 0.7829
vn -0.5205 0.3229 0.7905
vn -0.5163 0.2884 0.8064
vn -0.5085 0.2420 0.8264
vn -0.5352 -0.0260 0.8443
vn -0.4860 -0.2487 0.8378
vn -0.3743 -0.2665 0.8882
vn -0.2640 -0.1231 0.9566
vn -0.2236 0.0856 0.9709
vn -0.2733 0.1731 0.9462
vn -0.3609 0.2859 0.8877
vn -0.4506 0.2084 0.8680
vn -0.5147 -0.0056 0.8573
vn -0.5129 -0.2454 0.8226
vn -0.4985 -0.3428 0.7962
vn -0.5171 -0.2971 0.8027
vn -0.4692 -0.4074 0.7835
vn -0.4237 -0.5043 0.7524
vn -0.3887 -0.5480 0.7407
vn -0.4145 -0.5069 0.7558
vn -0.3985 -0.5255 0.7516
vn -0.3144 -0.6289 0.7111
vn -0.3080 -0.6398 0.7041
vn -0.3153 -0.6248 0.7143
vn -0.3324 -0.6140 0.7159
vn -0.2523 -0.6761 0.6922
vn -0.2158 -0.7035 0.6771
vn -0.2509 -0.6754 0.6934
vn -0.2419 -0.6737 0.6983
vn -0.1923 -0.6967 0.6911
vn -0.1027 -0.7195 0.6869
vn -0.1357 -0.7040 0.6971
vn -0.1298 -0.6902 0.7119
vn -0.0526 -0.6985 0.7137
vn 0.0354 -0.6954 0.7178
vn 0.0630 -0.6832 0.7275
vn 0.0290 -0.6780 0.7345
vn 0.1291 -0.6548 0.7447
vn 0.2172 -0.6334 0.7427
vn 0.2518 -0.6112 0.7504
vn 0.2305 -0.6164 0.7530
vn 0.2720 -0.5939 0.7571
vn 0.3841 -0.5252 0.7594
vn 0.3940 -0.5183 0.7590
vn 0.3840 -0.5155 0.7660
vn 0.3936 -0.5101 0.7648
vn 0.4762 -0.4155 0.7750
vn 0.5090 -0.3713 0.7765
vn 0.4770 -0.4050 0.7800
vn 0.4930 -0.3656 0.7895
vn 0.5375 -0.2693 0.7991
vn 0.5718 -0.1056 0.8136
vn 0.5398 -0.0451 0.8406
vn 0.4798 0.1041 0.8712
vn 0.3904 0.2847 0.8755
vn 0.2943 0.2430 0.9243
vn 0.2848 -0.0521 0.9572
vn 0.3308 -0.2616 0.9067
vn 0.4559 -0.1307 0.8804
vn 0.5482 0.0407 0.8354
vn 0.5804 0.1272 0.8044
vn 0.5877 0.1783 0.7892
vn 0.5751 0.2703 0.7721
vn 0.5280 0.4109 0.7432
vn 0.5332 0.3932 0.7491
vn 0.5219 0.3908 0.7582
vn 0.4949 0.4431 0.7475
vn 0.4264 0.5408 0.7251
vn 0.3943 0.5709 0.7202
vn 0.4143 0.5319 0.7385
vn 0.3489 0.5874 0.7302
vn 0.2763 0.6487 0.7092
vn 0.2063 0.6834 0.7003
vn 0.2252 0.6625 0.7144
vn 0.1854 0.6747 0.7144
vn 0.0673 0.7251 0.6854
vn 0.0224 0.7375 0.6750
vn 0.0113 0.7317 0.6815
vn 0.0221 0.7306 0.6825
vn -0.0862 0.7458 0.6605
vn -0.1412 0.7540 0.6416
vn -0.1170 0.7510 0.6499
vn -0.1116 0.7510 0.6508
vn -0.1578 0.7512 0.6410
vn -0.2433 0.7346 0.6334
vn -0.1997 0.7461 0.6352
vn -0.1826 0.7414 0.6457
vn -0.2263 0.7282 0.6469
vn -0.3014 0.6914 0.6566
vn -0.3087 0.6798 0.6652
vn -0.2574 0.6984 0.6678
vn -0.3266 0.6458 0.6902
vn -0.3985 0.5912 0.7012
vn -0.4331 0.5453 0.7177
vn -0.4019 0.5666 0.7193
vn -0.4340 0.5225 0.7339
vn -0.5277 0.3982 0.7503
vn -0.5464 0.3598 0.7563
vn -0.5411 0.3336 0.7719
vn -0.5446 0.2823 0.7898
vn -0.5792 0.0404 0.8142
vn -0.5347 -0.1391 0.8335
vn -0.4181 -0.1347 0.8984
vn -0.3057 -0.0495 0.9508
vn -0.2789 0.0627 0.9583
vn -0.3432 0.0846 0.9354
vn -0.4384 0.1793 0.8807
vn -0.5203 0.0972 0.8484
vn -0.5636 -0.1161 0.8178
vn -0.5511 -0.3015 0.7781
vn -0.5358 -0.3645 0.7616
vn -0.5498 -0.3247 0.7696
vn -0.4917 -0.4480 0.7467
vn -0.4442 -0.5392 0.7155
vn -0.4194 -0.5638 0.7114
vn -0.4372 -0.5339 0.7237
vn -0.4115 -0.5667 0.7138
vn -0.3237 -0.6666 0.6714
vn -0.3288 -0.6657 0.6699
vn -0.3362 -0.6508 0.6807
vn -0.3379 -0.6547 0.6762
vn -0.2589 -0.7140 0.6505
vn -0.2315 -0.7333 0.6393
vn -0.2726 -0.7030 0.6569
vn -0.2487 -0.7097 0.6592
vn -0.1944 -0.7352 0.6493
vn -0.1188 -0.7523 0.6480
vn -0.1543 -0.7352 0.6601
vn -0.1373 -0.7255 0.6744
vn -0.0460 -0.7360 0.6754
vn 0.0293 -0.7327 0.6799
vn 0.0512 -0.7197 0.6924
vn 0.0321 -0.7138 0.6996
vn 0.1466 -0.6898 0.7090
vn 0.2314 -0.6687 0.7066
vn 0.2530 -0.6514 0.7154
vn 0.2456 -0.6501 0.7191
vn 0.3015 -0.6228 0.7220
vn 0.4113 -0.5549 0.7232
vn 0.4099 -0.5558 0.7232
vn 0.4036 -0.5499 0.7312
vn 0.4304 -0.5295 0.7310
vn 0.5106 -0.4389 0.7394
vn 0.5349 -0.4042 0.7420
vn 0.5018 -0.4388 0.7454
vn 0.5306 -0.3810 0.7572
vn 0.5777 -0.2851 0.7648
vn 0.6047 -0.1543 0.7814
vn 0.5715 -0.1240 0.8112
vn 0.5201 0.0082 0.8541
vn 0.4385 0.1912 0.8782
vn 0.3382 0.1622 0.9270
vn 0.3484 -0.0529 0.9359
vn 0.4102 -0.1676 0.8965
vn 0.5277 -0.0094 0.8494
vn 0.6007 0.1249 0.7896
vn 0.6249 0.1593 0.7643
vn 0.6252 0.2113 0.7513
vn 0.6085 0.3069 0.7318
vn 0.5617 0.4331 0.7049
vn 0.5699 0.4063 0.7143
vn 0.5549 0.4135 0.7219
vn 0.5173 0.4840 0.7058
vn 0.4536 0.5709 0.6844
vn 0.4260 0.5920 0.6842
vn 0.4414 0.5599 0.7012
vn 0.3626 0.6278 0.6887
vn 0.2886 0.6870 0.6669
vn 0.2313 0.7108 0.6642
vn 0.2412 0.6946 0.6777
vn 0.1875 0.7149 0.6736
vn 0.0629 0.7635 0.6427
vn 0.0307 0.7704 0.6368
vn 0.0186 0.7640 0.6449
vn 0.0098 0.7674 0.6411
vn -0.1007 0.7809 0.6165
vn -0.1463 0.7861 0.6005
vn -0.1145 0.7836 0.6106
vn -0.1257 0.7827 0.6095
vn -0.1780 0.7825 0.5967
vn -0.2501 0.7672 0.5906
vn -0.1990 0.7793 0.5942
vn -0.1908 0.7732 0.6048
vn -0.2482 0.7559 0.6058
vn -0.3105 0.7258 0.6138
vn -0.3089 0.7174 0.6244
vn -0.2663 0.7307 0.6286
vn -0.3511 0.6717 0.6523
vn -0.4203 0.6205 0.6621
vn -0.4417 0.5872 0.6783
vn -0.4200 0.5975 0.6831
vn -0.4669 0.5422 0.6986
vn -0.5628 0.4174 0.7134
vn -0.5715 0.3962 0.7186
vn -0.5678 0.3721 0.7342
vn -0.5837 0.3124 0.7495
vn -0.6235 0.1005 0.7753
vn -0.5842 -0.0283 0.8111
vn -0.4687 -0.0014 0.8834
vn -0.3659 0.0159 0.9305
vn -0.3543 0.0291 0.9347
vn -0.4235 -0.0056 0.9059
vn -0.5167 0.0749 0.8529
vn -0.5844 -0.0020 0.8115
vn -0.6065 -0.2039 0.7685
vn -0.5891 -0.3401 0.7330
vn -0.5736 -0.3797 0.7258
vn -0.5816 -0.3530 0.7329
vn -0.5142 -0.4869 0.7061
vn -0.4661 -0.5703 0.6764
vn -0.4508 -0.5793 0.6791
vn -0.4582 -0.5633 0.6875
vn -0.4229 -0.6083 0.6717
vn -0.3343 -0.7013 0.6297
vn -0.3498 -0.6903 0.6334
vn -0.3549 -0.6781 0.6436
vn -0.3412 -0.6952 0.6327
vn -0.2662 -0.7493 0.6063
vn -0.2480 -0.7608 0.5997
vn -0.2917 -0.7305 0.6175
vn -0.2536 -0.7453 0.6166
vn -0.1973 -0.7716 0.6048
vn -0.1366 -0.7830 0.6069
vn -0.1713 -0.7654 0.6204
vn -0.1424 -0.7605 0.6335
vn -0.0407 -0.7726 0.6336
vn 0.0209 -0.7689 0.6391
vn 0.0400 -0.7553 0.6541
vn 0.0381 -0.7491 0.6614
vn 0.1636 -0.7248 0.6692
vn 0.2430 -0.7043 0.6670
vn 0.2543 -0.6907 0.6769
vn 0.2633 -0.6827 0.6816
vn 0.3316 -0.6513 0.6825
vn 0.4360 -0.5859 0.6831
vn 0.4253 -0.5929 0.6838
vn 0.4254 -0.5823 0.6928
vn 0.4682 -0.5484 0.6929
vn 0.5434 -0.4643 0.6994
vn 0.5595 -0.4381 0.7036
vn 0.5282 -0.4698 0.7073
vn 0.5697 -0.3949 0.7207
vn 0.6175 -0.3016 0.7264
vn 0.6370 -0.2015 0.7441
vn 0.6040 -0.1932 0.7732
vn 0.5637 -0.0797 0.8221
vn 0.4958 0.0966 0.8630
vn 0.3975 0.0818 0.9139
vn 0.4482 -0.0449 0.8928
vn 0.5107 -0.0728 0.8567
vn 0.5985 0.0944 0.7956
vn 0.6496 0.1867 0.7370
vn 0.6684 0.1825 0.7211
vn 0.6622 0.2425 0.7090
vn 0.6417 0.3413 0.6869
vn 0.5964 0.4519 0.6634
vn 0.6062 0.4200 0.6754
vn 0.5867 0.4389 0.6805
vn 0.5392 0.5240 0.6592
vn 0.4820 0.5982 0.6402
vn 0.4578 0.6124 0.6445
vn 0.4664 0.5899 0.6592
vn 0.3759 0.6677 0.6426
vn 0.3027 0.7227 0.6214
vn 0.2572 0.7372 0.6249
vn 0.2553 0.7275 0.6368
vn 0.1884 0.7549 0.6282
vn 0.0609 0.7998 0.5971
vn 0.0403 0.8020 0.5960
vn 0.0242 0.7962 0.6046
vn -0.0042 0.8032 0.5956
vn -0.1134 0.8140 0.5696
vn -0.1493 0.8166 0.5576
vn -0.1134 0.8148 0.5686
vn -0.1414 0.8129 0.5650
vn -0.1966 0.8120 0.5495
vn -0.2540 0.7985 0.5458
vn -0.1987 0.8105 0.5511
vn -0.2007 0.8030 0.5611
vn -0.2687 0.7827 0.5614
vn -0.3164 0.7595 0.5683
vn -0.3082 0.7533 0.5810
vn -0.2774 0.7607 0.5869
vn -0.3752 0.6976 0.6105
vn -0.4391 0.6511 0.6191
vn -0.4492 0.6282 0.6353
vn -0.4403 0.6261 0.6435
vn -0.5009 0.5614 0.6587
vn -0.5961 0.4393 0.6721
vn -0.5958 0.4319 0.6771
vn -0.5966 0.4049 0.6929
vn -0.6253 0.3343 0.7052
vn -0.6676 0.1533 0.7285
vn -0.6329 0.0744 0.7706
vn -0.5316 0.1163 0.8390
vn -0.4685 0.0630 0.8812
vn -0.4761 -0.0057 0.8794
vn -0.5227 -0.0798 0.8488
vn -0.5933 -0.0159 0.8049
vn -0.6424 -0.0853 0.7616
vn -0.6457 -0.2711 0.7138
vn -0.6276 -0.3660 0.6871
vn -0.6118 -0.3917 0.6872
vn -0.6122 -0.3832 0.6916
vn -0.5366 -0.5241 0.6613
vn -0.4897 -0.5979 0.6346
vn -0.4824 -0.5949 0.6430
vn -0.4773 -0.5950 0.6467
vn -0.4329 -0.6493 0.6253
vn -0.3464 -0.7326 0.5859
vn -0.3707 -0.7139 0.5941
vn -0.3714 -0.7064 0.6026
vn -0.3428 -0.7347 0.5855
vn -0.2745 -0.7817 0.5600
vn -0.2651 -0.7863 0.5580
vn -0.3082 -0.7580 0.5749
vn -0.2567 -0.7800 0.5707
vn -0.2013 -0.8053 0.5576
vn -0.1556 -0.8114 0.5634
vn -0.1863 -0.7946 0.5779
vn -0.1455 -0.7949 0.5891
vn -0.0370 -0.8077 0.5884
vn 0.0106 -0.8034 0.5953
vn 0.0298 -0.7899 0.6126
vn 0.0466 -0.7837 0.6194
vn 0.1795 -0.7595 0.6252
vn 0.2520 -0.7397 0.6239
vn 0.2564 -0.7288 0.6349
vn 0.2835 -0.7141 0.6401
vn 0.3615 -0.6794 0.6386
vn 0.4580 -0.6180 0.6390
vn 0.4404 -0.6289 0.6407
vn 0.4492 -0.6126 0.6503
vn 0.5060 -0.5670 0.6500
vn 0.5740 -0.4915 0.6550
vn 0.5830 -0.4723 0.6611
vn 0.5562 -0.4979 0.6654
vn 0.6097 -0.4079 0.6796
vn 0.6564 -0.3193 0.6835
vn 0.6685 -0.2467 0.7016
vn 0.6379 -0.2511 0.7281
vn 0.6109 -0.1546 0.7765
vn 0.5623 0.0089 0.8269
vn 0.4807 0.0097 0.8769
vn 0.6427 -0.0378 0.7652
vn 0.6692 -0.0004 0.7431
vn 0.6921 0.1635 0.7030
vn 0.7033 0.2247 0.6745
vn 0.7115 0.1996 0.6738
vn 0.6985 0.2731 0.6615
vn 0.6744 0.3734 0.6370
vn 0.6318 0.4676 0.6182
vn 0.6417 0.4347 0.6319
vn 0.6171 0.4667 0.6336
vn 0.5606 0.5624 0.6078
vn 0.5110 0.6226 0.5927
vn 0.4891 0.6323 0.6008
vn 0.4891 0.6215 0.6120
vn 0.3889 0.7061 0.5918
vn 0.3184 0.7554 0.5728
vn 0.2831 0.7625 0.5817
vn 0.2672 0.7609 0.5913
vn 0.1883 0.7938 0.5784
vn 0.0614 0.8337 0.5488
vn 0.0507 0.8322 0.5522
vn 0.0280 0.8278 0.5603
vn -0.0194 0.8374 0.5463
vn -0.1239 0.8450 0.5202
vn -0.1504 0.8454 0.5126
vn -0.1140 0.8443 0.5236
vn -0.1580 0.8412 0.5171
vn -0.2132 0.8394 0.4999
vn -0.2551 0.8281 0.4991
vn -0.1992 0.8393 0.5059
vn -0.2122 0.8308 0.5146
vn -0.2873 0.8083 0.5138
vn -0.3192 0.7922 0.5202
vn -0.3074 0.7869 0.5351
vn -0.2907 0.7884 0.5422
vn -0.3981 0.7232 0.5643
vn -0.4549 0.6823 0.5723
vn -0.4559 0.6675 0.5888
vn -0.4628 0.6525 0.6001
vn -0.5353 0.5802 0.6139
vn -0.6270 0.4638 0.6259
vn -0.6193 0.4665 0.6315
vn -0.6274 0.4326 0.6475
vn -0.6685 0.3495 0.6564
vn -0.7117 0.1977 0.6741
vn -0.6942 0.1539 0.7031
vn -0.6485 0.1927 0.7364
vn -0.6544 0.0835 0.7516
vn -0.6732 -0.0299 0.7389
vn -0.6761 -0.1170 0.7275
vn -0.6933 -0.0759 0.7166
vn -0.7033 -0.1485 0.6952
vn -0.6841 -0.3206 0.6551
vn -0.6667 -0.3829 0.6394
vn -0.6498 -0.4028 0.6446
vn -0.6413 -0.4154 0.6451
vn -0.5591 -0.5591 0.6122
vn -0.5145 -0.6223 0.5899
vn -0.5134 -0.6111 0.6024
vn -0.4943 -0.6282 0.6008
vn -0.4418 -0.6888 0.5748
vn -0.3601 -0.7608 0.5399
vn -0.3909 -0.7367 0.5517
vn -0.3853 -0.7354 0.5574
vn -0.3429 -0.7723 0.5348
vn -0.2837 -0.8109 0.5117
vn -0.2821 -0.8099 0.5143
vn -0.3217 -0.7852 0.5292
vn -0.2586 -0.8132 0.5214
vn -0.2064 -0.8362 0.5081
vn -0.1752 -0.8375 0.5177
vn -0.1990 -0.8227 0.5325
vn -0.1469 -0.8281 0.5411
vn -0.0353 -0.8410 0.5398
vn -0.0011 -0.8361 0.5485
vn 0.0213 -0.8231 0.5675
vn 0.0573 -0.8174 0.5733
vn 0.1939 -0.7934 0.5770
vn 0.2588 -0.7745 0.5772
vn 0.2594 -0.7653 0.5891
vn 0.3056 -0.7440 0.5942
vn 0.3905 -0.7068 0.5899
vn 0.4772 -0.6505 0.5909
vn 0.4554 -0.6632 0.5940
vn 0.4746 -0.6407 0.6035
vn 0.5430 -0.5852 0.6023
vn 0.6019 -0.5200 0.6061
vn 0.6054 -0.5060 0.6144
vn 0.5857 -0.5229 0.6193
vn 0.6498 -0.4204 0.6332
vn 0.6936 -0.3386 0.6358
vn 0.6990 -0.2892 0.6540
vn 0.6759 -0.2957 0.6750
vn 0.6775 -0.2073 0.7057
vn 0.6805 -0.0542 0.7307
vn 0.6534 -0.0438 0.7558
vn 0.7770 -0.0389 0.6283
vn 0.7806 0.0355 0.6240
vn 0.7694 0.1915 0.6094
vn 0.7569 0.2385 0.6084
vn 0.7550 0.2124 0.6203
vn 0.7338 0.3032 0.6080
vn 0.7063 0.4028 0.5821
vn 0.6674 0.4804 0.5691
vn 0.6758 0.4506 0.5833
vn 0.6455 0.4959 0.5808
vn 0.5813 0.5980 0.5518
vn 0.5403 0.6441 0.5415
vn 0.5192 0.6519 0.5527
vn 0.5091 0.6539 0.5596
vn 0.4016 0.7422 0.5365
vn 0.3354 0.7849 0.5210
vn 0.3084 0.7869 0.5345
vn 0.2767 0.7942 0.5410
vn 0.1876 0.8307 0.5241
vn 0.0644 0.8649 0.4978
vn 0.0613 0.8608 0.5053
vn 0.0297 0.8585 0.5119
vn -0.0350 0.8693 0.4931
vn -0.1319 0.8735 0.4685
vn -0.1500 0.8722 0.4656
vn -0.1164 0.8719 0.4757
vn -0.1750 0.8673 0.4661
vn -0.2273 0.8646 0.4482
vn -0.2539 0.8558 0.4507
vn -0.2008 0.8657 0.4586
vn -0.2247 0.8563 0.4651
vn -0.3035 0.8327 0.4632
vn -0.3192 0.8231 0.4697
vn -0.3068 0.8180 0.4866
vn -0.3058 0.8138 0.4942
vn -0.4193 0.7486 0.5137
vn -0.4676 0.7137 0.5216
vn -0.4623 0.7044 0.5386
vn -0.4873 0.6764 0.5523
vn -0.5690 0.5989 0.5635
vn -0.6552 0.4903 0.5748
vn -0.6423 0.4994 0.5814
vn -0.6599 0.4557 0.5974
vn -0.7131 0.3595 0.6019
vn -0.7585 0.2313 0.6092
vn -0.7597 0.1985 0.6192
vn -0.7518 0.2183 0.6222
vn -0.7839 0.0786 0.6159
vn -0.7978 -0.0402 0.6015
vn -0.7860 -0.1150 0.6075
vn -0.7771 -0.0958 0.6221
vn -0.7612 -0.1876 0.6208
vn -0.7229 -0.3546 0.5930
vn -0.7063 -0.3935 0.5885
vn -0.6870 -0.4142 0.5970
vn -0.6686 -0.4491 0.5927
vn -0.5815 -0.5914 0.5586
vn -0.5404 -0.6438 0.5418
vn -0.5434 -0.6282 0.5569
vn -0.5090 -0.6623 0.5498
vn -0.4498 -0.7259 0.5203
vn -0.3753 -0.7858 0.4917
vn -0.4100 -0.7589 0.5059
vn -0.3965 -0.7647 0.5080
vn -0.3421 -0.8073 0.4809
vn -0.2941 -0.8369 0.4616
vn -0.2987 -0.8316 0.4682
vn -0.3322 -0.8118 0.4802
vn -0.2595 -0.8442 0.4691
vn -0.2127 -0.8638 0.4567
vn -0.1948 -0.8611 0.4696
vn -0.2092 -0.8496 0.4841
vn -0.1470 -0.8596 0.4894
vn -0.0355 -0.8721 0.4881
vn -0.0136 -0.8666 0.4988
vn 0.0147 -0.8548 0.5188
vn 0.0696 -0.8496 0.5228
vn 0.2061 -0.8261 0.5245
vn 0.2635 -0.8080 0.5270
vn 0.2638 -0.7997 0.5394
vn 0.3290 -0.7722 0.5436
vn 0.4176 -0.7332 0.5366
vn 0.4934 -0.6827 0.5389
vn 0.4704 -0.6953 0.5434
vn 0.5012 -0.6663 0.5522
vn 0.5783 -0.6030 0.5495
vn 0.6267 -0.5493 0.5527
vn 0.6267 -0.5384 0.5634
vn 0.6162 -0.5448 0.5687
vn 0.6892 -0.4328 0.5812
vn 0.7287 -0.3593 0.5831
vn 0.7289 -0.3283 0.6007
vn 0.7191 -0.3244 0.6145
vn 0.7485 -0.2281 0.6227
vn 0.7829 -0.0765 0.6174
vn 0.7828 -0.0710 0.6182
vn 0.8179 -0.0430 0.5738
vn 0.8229 0.0545 0.5656
vn 0.8116 0.2003 0.5488
vn 0.8001 0.2400 0.5498
vn 0.7965 0.2221 0.5624
vn 0.7675 0.3324 0.5482
vn 0.7370 0.4290 0.5223
vn 0.7025 0.4906 0.5155
vn 0.7080 0.4675 0.5292
vn 0.6716 0.5257 0.5222
vn 0.6010 0.6302 0.4916
vn 0.5692 0.6626 0.4868
vn 0.5476 0.6710 0.4999
vn 0.5262 0.6864 0.5019
vn 0.4140 0.7752 0.4772
vn 0.3533 0.8110 0.4663
vn 0.3323 0.8101 0.4830
vn 0.2837 0.8267 0.4858
vn 0.1866 0.8650 0.4658
vn 0.0696 0.8932 0.4441
vn 0.0716 0.8876 0.4550
vn 0.0294 0.8878 0.4593
vn -0.0505 0.8983 0.4365
vn -0.1373 0.8995 0.4148
vn -0.1486 0.8970 0.4164
vn -0.1206 0.8972 0.4248
vn -0.1917 0.8907 0.4121
vn -0.2386 0.8873 0.3946
vn -0.2507 0.8813 0.4006
vn -0.2037 0.8894 0.4092
vn -0.2379 0.8793 0.4127
vn -0.3169 0.8553 0.4099
vn -0.3170 0.8518 0.4170
vn -0.3070 0.8462 0.4355
vn -0.3223 0.8367 0.4427
vn -0.4379 0.7732 0.4587
vn -0.4773 0.7443 0.4672
vn -0.4689 0.7384 0.4847
vn -0.5132 0.6978 0.4997
vn -0.6013 0.6172 0.5075
vn -0.6801 0.5183 0.5185
vn -0.6646 0.5300 0.5266
vn -0.6937 0.4746 0.5418
vn -0.7572 0.3650 0.5417
vn -0.8014 0.2537 0.5416
vn -0.8053 0.2227 0.5494
vn -0.8000 0.2232 0.5570
vn -0.8292 0.0661 0.5551
vn -0.8384 -0.0439 0.5433
vn -0.8286 -0.0999 0.5508
vn -0.8223 -0.1001 0.5602
vn -0.8047 -0.2119 0.5546
vn -0.7593 -0.3771 0.5303
vn -0.7456 -0.3995 0.5334
vn -0.7228 -0.4267 0.5436
vn -0.6936 -0.4834 0.5341
vn -0.6038 -0.6203 0.5006
vn -0.5668 -0.6624 0.4899
vn -0.5715 -0.6460 0.5060
vn -0.5212 -0.6963 0.4935
vn -0.4572 -0.7598 0.4622
vn -0.3917 -0.8075 0.4410
vn -0.4275 -0.7804 0.4563
vn -0.4050 -0.7935 0.4543
vn -0.3407 -0.8390 0.4243
vn -0.3054 -0.8596 0.4097
vn -0.3144 -0.8515 0.4197
vn -0.3396 -0.8375 0.4280
vn -0.2597 -0.8725 0.4139
vn -0.2201 -0.8881 0.4035
vn -0.2138 -0.8823 0.4193
vn -0.2167 -0.8751 0.4327
vn -0.1461 -0.8888 0.4343
vn -0.0378 -0.9004 0.4335
vn -0.0263 -0.8945 0.4463
vn 0.0102 -0.8845 0.4663
vn 0.0830 -0.8798 0.4680
vn 0.2159 -0.8570 0.4679
vn 0.2662 -0.8398 0.4731
vn 0.2695 -0.8316 0.4856
vn 0.3529 -0.7982 0.4881
vn 0.4422 -0.7583 0.4789
vn 0.5067 -0.7141 0.4830
vn 0.4856 -0.7247 0.4890
vn 0.5282 -0.6892 0.4961
vn 0.6110 -0.6204 0.4918
vn 0.6482 -0.5786 0.4951
vn 0.6469 -0.5687 0.5080
vn 0.6474 -0.5635 0.5132
vn 0.7267 -0.4450 0.5233
vn 0.7609 -0.3811 0.5252
vn 0.7580 -0.3628 0.5420
vn 0.7612 -0.3395 0.5526
vn 0.7995 -0.2297 0.5549
vn 0.8292 -0.0813 0.5530
vn 0.8228 -0.0868 0.5617
vn 0.8578 -0.0439 0.5121
vn 0.8626 0.0742 0.5004
vn 0.8496 0.2069 0.4852
vn 0.8380 0.2396 0.4903
vn 0.8339 0.2320 0.5007
vn 0.7984 0.3604 0.4824
vn 0.7659 0.4515 0.4577
vn 0.7366 0.4984 0.4573
vn 0.7376 0.4854 0.4694
vn 0.6947 0.5549 0.4577
vn 0.6196 0.6583 0.4276
vn 0.5972 0.6782 0.4283
vn 0.5734 0.6896 0.4423
vn 0.5401 0.7179 0.4391
vn 0.4259 0.8044 0.4142
vn 0.3716 0.8337 0.4085
vn 0.3542 0.8320 0.4271
vn 0.2882 0.8577 0.4258
vn 0.1856 0.8959 0.4037
vn 0.0770 0.9185 0.3880
vn 0.0810 0.9124 0.4011
vn 0.0272 0.9150 0.4025
vn -0.0652 0.9240 0.3769
vn -0.1401 0.9226 0.3593
vn -0.1465 0.9194 0.3650
vn -0.1267 0.9200 0.3709
vn -0.2077 0.9113 0.3555
vn -0.2470 0.9075 0.3397
vn -0.2462 0.9042 0.3489
vn -0.2082 0.9104 0.3575
vn -0.2511 0.8996 0.3574
vn -0.3272 0.8761 0.3541
vn -0.3129 0.8779 0.3625
vn -0.3083 0.8713 0.3819
vn -0.3396 0.8571 0.3874
vn -0.4536 0.7966 0.3997
vn -0.4841 0.7735 0.4092
vn -0.4758 0.7689 0.4271
vn -0.5399 0.7165 0.4417
vn -0.6310 0.6349 0.4458
vn -0.7015 0.5468 0.4571
vn -0.6862 0.5578 0.4669
vn -0.7277 0.4897 0.4803
vn -0.7983 0.3680 0.4767
vn -0.8357 0.2722 0.4770
vn -0.8381 0.2430 0.4884
vn -0.8386 0.2274 0.4951
vn -0.8699 0.0564 0.4899
vn -0.8765 -0.0445 0.4794
vn -0.8671 -0.0867 0.4906
vn -0.8600 -0.1081 0.4987
vn -0.8405 -0.2337 0.4888
vn -0.7924 -0.3934 0.4662
vn -0.7831 -0.4026 0.4739
vn -0.7563 -0.4404 0.4838
vn -0.7156 -0.5173 0.4693
vn -0.6256 -0.6453 0.4383
vn -0.5930 -0.6783 0.4338
vn -0.5971 -0.6644 0.4495
vn -0.5308 -0.7291 0.4320
vn -0.4641 -0.7899 0.4008
vn -0.4090 -0.8261 0.3875
vn -0.4429 -0.8010 0.4028
vn -0.4108 -0.8210 0.3964
vn -0.3392 -0.8669 0.3653
vn -0.3176 -0.8788 0.3562
vn -0.3288 -0.8695 0.3686
vn -0.3441 -0.8618 0.3726
vn -0.2596 -0.8976 0.3564
vn -0.2284 -0.9089 0.3488
vn -0.2315 -0.9010 0.3668
vn -0.2214 -0.8989 0.3782
vn -0.1445 -0.9153 0.3761
vn -0.0421 -0.9256 0.3762
vn -0.0387 -0.9196 0.3909
vn 0.0080 -0.9120 0.4100
vn 0.0968 -0.9075 0.4087
vn 0.2230 -0.8855 0.4076
vn 0.2674 -0.8693 0.4158
vn 0.2767 -0.8605 0.4278
vn 0.3766 -0.8217 0.4277
vn 0.4636 -0.7817 0.4170
vn 0.5170 -0.7439 0.4234
vn 0.5008 -0.7508 0.4307
vn 0.5548 -0.7091 0.4351
vn 0.6403 -0.6370 0.4293
vn 0.6660 -0.6072 0.4334
vn 0.6660 -0.5962 0.4484
vn 0.6784 -0.5787 0.4526
vn 0.7614 -0.4572 0.4596
vn 0.7897 -0.4035 0.4622
vn 0.7849 -0.3926 0.4793
vn 0.7994 -0.3478 0.4899
vn 0.8411 -0.2294 0.4899
vn 0.8670 -0.0908 0.4899
vn 0.8592 -0.1037 0.5010
vn 0.8956 -0.0419 0.4428
vn 0.8990 0.0931 0.4280
vn 0.8849 0.2099 0.4157
vn 0.8734 0.2384 0.4247
vn 0.8680 0.2442 0.4324
vn 0.8258 0.3866 0.4106
vn 0.7927 0.4697 0.3887
vn 0.7686 0.5040 0.3940
vn 0.7636 0.5038 0.4038
vn 0.7143 0.5825 0.3879
vn 0.6369 0.6817 0.3602
vn 0.6235 0.6908 0.3662
vn 0.5960 0.7074 0.3798
vn 0.5506 0.7475 0.3716
vn 0.4374 0.8292 0.3480
vn 0.3897 0.8528 0.3477
vn 0.3733 0.8522 0.3666
vn 0.2902 0.8862 0.3612
vn 0.1848 0.9226 0.3385
vn 0.0861 0.9403 0.3293
vn 0.0892 0.9348 0.3437
vn 0.0232 0.9395 0.3417
vn -0.0785 0.9459 0.3148
vn -0.1402 0.9429 0.3022
vn -0.1441 0.9393 0.3113
vn -0.1343 0.9398 0.3142
vn -0.2222 0.9287 0.2968
vn -0.2524 0.9251 0.2837
vn -0.2407 0.9244 0.2958
vn -0.2142 0.9284 0.3035
vn -0.2639 0.9168 0.2996
vn -0.3343 0.8946 0.2965
vn -0.3075 0.9009 0.3065
vn -0.3110 0.8930 0.3255
vn -0.3572 0.8744 0.3284
vn -0.4657 0.8184 0.3368
vn -0.4881 0.8004 0.3480
vn -0.4833 0.7954 0.3657
vn -0.5665 0.7322 0.3781
vn -0.6572 0.6517 0.3786
vn -0.7188 0.5749 0.3908
vn -0.7068 0.5820 0.4021
vn -0.7608 0.5010 0.4126
vn -0.8352 0.3706 0.4064
vn -0.8650 0.2920 0.4080
vn -0.8680 0.2619 0.4220
vn -0.8753 0.2280 0.4264
vn -0.9072 0.0476 0.4181
vn -0.9111 -0.0421 0.4099
vn -0.9026 -0.0739 0.4241
vn -0.8949 -0.1188 0.4302
vn -0.8727 -0.2547 0.4166
vn -0.8232 -0.4052 0.3977
vn -0.8180 -0.4043 0.4091
vn -0.7865 -0.4552 0.4175
vn -0.7342 -0.5496 0.3987
vn -0.6468 -0.6659 0.3718
vn -0.6184 -0.6915 0.3734
vn -0.6193 -0.6831 0.3872
vn -0.5378 -0.7596 0.3658
vn -0.4708 -0.8155 0.3367
vn -0.4268 -0.8415 0.3312
vn -0.4557 -0.8204 0.3453
vn -0.4138 -0.8465 0.3348
vn -0.3378 -0.8906 0.3045
vn -0.3303 -0.8946 0.3010
vn -0.3414 -0.8856 0.3149
vn -0.3456 -0.8841 0.3144
vn -0.2594 -0.9190 0.2970
vn -0.2375 -0.9262 0.2929
vn -0.2475 -0.9172 0.3121
vn -0.2234 -0.9205 0.3207
vn -0.1426 -0.9383 0.3149
vn -0.0482 -0.9473 0.3167
vn -0.0503 -0.9416 0.3330
vn 0.0081 -0.9368 0.3498
vn 0.1105 -0.9320 0.3453
vn 0.2272 -0.9111 0.3439
vn 0.2673 -0.8958 0.3551
vn 0.2851 -0.8859 0.3658
vn 0.3992 -0.8421 0.3626
vn 0.4813 -0.8030 0.3515
vn 0.5244 -0.7714 0.3605
vn 0.5160 -0.7733 0.3685
vn 0.5802 -0.7259 0.3695
vn 0.6654 -0.6525 0.3626
vn 0.6800 -0.6341 0.3682
vn 0.6837 -0.6202 0.3845
vn 0.7084 -0.5905 0.3867
vn 0.7922 -0.4692 0.3902
vn 0.8144 -0.4257 0.3944
vn 0.8092 -0.4186 0.4123
vn 0.8352 -0.3527 0.4220
vn 0.8787 -0.2295 0.4186
vn 0.9014 -0.1030 0.4206
vn 0.8931 -0.1191 0.4338
vn 0.9299 -0.0371 0.3659
vn 0.9307 0.1104 0.3487
vn 0.9166 0.2094 0.3406
vn 0.9053 0.2367 0.3528
vn 0.8977 0.2581 0.3570
vn 0.8490 0.4102 0.3330
vn 0.8165 0.4835 0.3155
vn 0.7977 0.5074 0.3258
vn 0.7854 0.5221 0.3325
vn 0.7300 0.6074 0.3134
vn 0.6526 0.7000 0.2901
vn 0.6474 0.7004 0.3005
vn 0.6148 0.7240 0.3127
vn 0.5576 0.7740 0.3000
vn 0.4483 0.8492 0.2792
vn 0.4070 0.8681 0.2841
vn 0.3892 0.8703 0.3019
vn 0.2897 0.9113 0.2927
vn 0.1845 0.9448 0.2708
vn 0.0965 0.9585 0.2682
vn 0.0957 0.9544 0.2828
vn 0.0178 0.9606 0.2773
vn -0.0901 0.9638 0.2509
vn -0.1379 0.9600 0.2438
vn -0.1417 0.9564 0.2554
vn -0.1431 0.9563 0.2549
vn -0.2348 0.9429 0.2363
vn -0.2548 0.9400 0.2269
vn -0.2347 0.9416 0.2413
vn -0.2215 0.9433 0.2474
vn -0.2757 0.9309 0.2396
vn -0.3381 0.9107 0.2373
vn -0.3013 0.9204 0.2490
vn -0.3150 0.9109 0.2664
vn -0.3743 0.8884 0.2657
vn -0.4739 0.8379 0.2709
vn -0.4897 0.8243 0.2840
vn -0.4913 0.8175 0.3005
vn -0.5917 0.7445 0.3091
vn -0.6789 0.6671 0.3066
vn -0.7318 0.6017 0.3200
vn -0.7260 0.6021 0.3323
vn -0.7915 0.5089 0.3386
vn -0.8668 0.3734 0.3303
vn -0.8893 0.3123 0.3341
vn -0.8947 0.2781 0.3496
vn -0.9089 0.2252 0.3510
vn -0.9396 0.0404 0.3400
vn -0.9414 -0.0370 0.3353
vn -0.9341 -0.0620 0.3515
vn -0.9256 -0.1317 0.3548
vn -0.9003 -0.2738 0.3384
vn -0.8512 -0.4125 0.3246
vn -0.8493 -0.4050 0.3388
vn -0.8122 -0.4706 0.3447
vn -0.7488 -0.5789 0.3227
vn -0.6667 -0.6816 0.3016
vn -0.6420 -0.7020 0.3084
vn -0.6375 -0.7012 0.3193
vn -0.5419 -0.7868 0.2954
vn -0.4774 -0.8361 0.2702
vn -0.4445 -0.8535 0.2720
vn -0.4656 -0.8382 0.2840
vn -0.4144 -0.8691 0.2700
vn -0.3370 -0.9098 0.2425
vn -0.3431 -0.9069 0.2444
vn -0.3519 -0.8996 0.2586
vn -0.3444 -0.9039 0.2536
vn -0.2596 -0.9364 0.2361
vn -0.2470 -0.9398 0.2361
vn -0.2612 -0.9309 0.2554
vn -0.2227 -0.9394 0.2604
vn -0.1406 -0.9576 0.2515
vn -0.0558 -0.9652 0.2553
vn -0.0605 -0.9602 0.2726
vn 0.0103 -0.9582 0.2859
vn 0.1233 -0.9526 0.2782
vn 0.2284 -0.9332 0.2774
vn 0.2662 -0.9188 0.2913
vn 0.2945 -0.9074 0.2998
vn 0.4197 -0.8590 0.2932
vn 0.4948 -0.8216 0.2830
vn 0.5290 -0.7959 0.2946
vn 0.5308 -0.7916 0.3026
vn 0.6033 -0.7391 0.2994
vn 0.6857 -0.6667 0.2922
vn 0.6901 -0.6587 0.2998
vn 0.7000 -0.6402 0.3164
vn 0.7363 -0.5985 0.3156
vn 0.8180 -0.4808 0.3159
vn 0.8344 -0.4471 0.3224
vn 0.8306 -0.4408 0.3404
vn 0.8682 -0.3542 0.3475
vn 0.9116 -0.2300 0.3407
vn 0.9311 -0.1172 0.3455
vn 0.9235 -0.1323 0.3600
vn 0.9590 -0.0301 0.2819
vn 0.9565 0.1254 0.2635
vn 0.9435 0.2053 0.2602
vn 0.9324 0.2345 0.2749
vn 0.9219 0.2730 0.2750
vn 0.8672 0.4302 0.2507
vn 0.8369 0.4925 0.2388
vn 0.8229 0.5088 0.2528
vn 0.8020 0.5396 0.2562
vn 0.7413 0.6287 0.2351
vn 0.6665 0.7130 0.2177
vn 0.6682 0.7071 0.2314
vn 0.6292 0.7389 0.2413
vn 0.5608 0.7967 0.2252
vn 0.4585 0.8639 0.2084
vn 0.4230 0.8795 0.2179
vn 0.4013 0.8857 0.2333
vn 0.2870 0.9321 0.2209
vn 0.1846 0.9620 0.2013
vn 0.1079 0.9728 0.2048
vn 0.1002 0.9706 0.2187
vn 0.0112 0.9777 0.2099
vn -0.0995 0.9776 0.1857
vn -0.1334 0.9738 0.1842
vn -0.1395 0.9703 0.1974
vn -0.1529 0.9691 0.1934
vn -0.2451 0.9536 0.1747
vn -0.2546 0.9520 0.1698
vn -0.2287 0.9557 0.1856
vn -0.2301 0.9546 0.1891
vn -0.2861 0.9416 0.1779
vn -0.3387 0.9241 0.1771
vn -0.2950 0.9363 0.1905
vn -0.3203 0.9249 0.2048
vn -0.3901 0.8988 0.1998
vn -0.4780 0.8547 0.2025
vn -0.4892 0.8446 0.2175
vn -0.4996 0.8346 0.2318
vn -0.6145 0.7530 0.2351
vn -0.6954 0.6807 0.2304
vn -0.7402 0.6260 0.2452
vn -0.7434 0.6173 0.2576
vn -0.8184 0.5131 0.2588
vn -0.8923 0.3764 0.2492
vn -0.9079 0.3322 0.2555
vn -0.9173 0.2911 0.2717
vn -0.9378 0.2193 0.2692
vn -0.9659 0.0350 0.2566
vn -0.9662 -0.0297 0.2561
vn -0.9606 -0.0517 0.2731
vn -0.9508 -0.1461 0.2731
vn -0.9224 -0.2903 0.2550
vn -0.8755 -0.4152 0.2472
vn -0.8757 -0.4049 0.2630
vn -0.8326 -0.4859 0.2659
vn -0.7590 -0.6042 0.2425
vn -0.6850 -0.6920 0.2279
vn -0.6629 -0.7095 0.2391
vn -0.6509 -0.7181 0.2463
vn -0.5434 -0.8096 0.2217
vn -0.4839 -0.8515 0.2018
vn -0.4614 -0.8620 0.2097
vn -0.4720 -0.8539 0.2192
vn -0.4126 -0.8881 0.2025
vn -0.3369 -0.9242 0.1796
vn -0.3557 -0.9159 0.1863
vn -0.3598 -0.9114 0.1998
vn -0.3407 -0.9206 0.1908
vn -0.2602 -0.9497 0.1744
vn -0.2566 -0.9499 0.1784
vn -0.2723 -0.9419 0.1968
vn -0.2197 -0.9553 0.1977
vn -0.1388 -0.9726 0.1864
vn -0.0646 -0.9792 0.1925
vn -0.0690 -0.9753 0.2100
vn 0.0143 -0.9757 0.2186
vn 0.1348 -0.9688 0.2080
vn 0.2267 -0.9514 0.2086
vn 0.2644 -0.9379 0.2246
vn 0.3045 -0.9243 0.2302
vn 0.4373 -0.8719 0.2203
vn 0.5039 -0.8373 0.2120
vn 0.5309 -0.8167 0.2261
vn 0.5450 -0.8054 0.2332
vn 0.6234 -0.7486 0.2256
vn 0.7007 -0.6791 0.2190
vn 0.6964 -0.6802 0.2289
vn 0.7145 -0.6555 0.2446
vn 0.7610 -0.6028 0.2399
vn 0.8379 -0.4915 0.2373
vn 0.8492 -0.4669 0.2466
vn 0.8487 -0.4584 0.2637
vn 0.8971 -0.3523 0.2666
vn 0.9384 -0.2308 0.2572
vn 0.9551 -0.1329 0.2649
vn 0.9493 -0.1427 0.2802
vn 0.9812 -0.0213 0.1917
vn 0.9752 0.1374 0.1737
vn 0.9644 0.1980 0.1755
vn 0.9536 0.2322 0.1914
vn 0.9391 0.2880 0.1877
vn 0.8799 0.4457 0.1648
vn 0.8532 0.4966 0.1591
vn 0.8432 0.5082 0.1754
vn 0.8127 0.5556 0.1756
vn 0.7481 0.6455 0.1541
vn 0.6784 0.7205 0.1436
vn 0.6852 0.7107 0.1594
vn 0.6386 0.7514 0.1663
vn 0.5606 0.8148 0.1481
vn 0.4677 0.8733 0.1362
vn 0.4370 0.8870 0.1494
vn 0.4092 0.8981 0.1613
vn 0.2822 0.9481 0.1466
vn 0.1855 0.9739 0.1305
vn 0.1195 0.9830 0.1394
vn 0.1025 0.9831 0.1517
vn 0.0038 0.9901 0.1403
vn -0.1063 0.9871 0.1199
vn -0.1270 0.9842 0.1236
vn -0.1378 0.9809 0.1374
vn -0.1632 0.9780 0.1300
vn -0.2528 0.9610 0.1125
vn -0.2519 0.9612 0.1124
vn -0.2230 0.9663 0.1286
vn -0.2395 0.9623 0.1288
vn -0.2945 0.9487 0.1150
vn -0.3364 0.9345 0.1164
vn -0.2889 0.9483 0.1311
vn -0.3267 0.9346 0.1407
vn -0.4041 0.9052 0.1314
vn -0.4780 0.8683 0.1326
vn -0.4869 0.8607 0.1492
vn -0.5079 0.8464 0.1599
vn -0.6338 0.7574 0.1569
vn -0.7060 0.6918 0.1513
vn -0.7439 0.6470 0.1674
vn -0.7582 0.6271 0.1786
vn -0.8402 0.5137 0.1739
vn -0.9105 0.3794 0.1642
vn -0.9203 0.3508 0.1734
vn -0.9350 0.3003 0.1888
vn -0.9605 0.2106 0.1821
vn -0.9851 0.0317 0.1690
vn -0.9847 -0.0207 0.1730
vn -0.9809 -0.0433 0.1896
vn -0.9692 -0.1615 0.1860
vn -0.9381 -0.3032 0.1676
vn -0.8953 -0.4132 0.1661
vn -0.8963 -0.4042 0.1824
vn -0.8465 -0.5003 0.1820
vn -0.7646 -0.6246 0.1592
vn -0.7010 -0.6968 0.1515
vn -0.6802 -0.7141 0.1658
vn -0.6589 -0.7330 0.1692
vn -0.5424 -0.8274 0.1458
vn -0.4902 -0.8615 0.1322
vn -0.4769 -0.8670 0.1447
vn -0.4749 -0.8669 0.1513
vn -0.4089 -0.9028 0.1333
vn -0.3378 -0.9340 0.1163
vn -0.3675 -0.9213 0.1269
vn -0.3650 -0.9206 0.1388
vn -0.3349 -0.9337 0.1265
vn -0.2616 -0.9586 0.1122
vn -0.2659 -0.9565 0.1201
vn -0.2805 -0.9501 0.1365
vn -0.2143 -0.9677 0.1329
vn -0.1374 -0.9832 0.1203
vn -0.0742 -0.9889 0.1286
vn -0.0753 -0.9865 0.1454
vn 0.0198 -0.9887 0.1485
vn 0.1445 -0.9802 0.1357
vn 0.2222 -0.9651 0.1383
vn 0.2622 -0.9524 0.1555
vn 0.3146 -0.9361 0.1573
vn 0.4514 -0.8805 0.1447
vn 0.5085 -0.8497 0.1395
vn 0.5303 -0.8335 0.1555
vn 0.5580 -0.8142 0.1606
vn 0.6396 -0.7542 0.1489
vn 0.7101 -0.6893 0.1437
vn 0.6990 -0.6979 0.1561
vn 0.7267 -0.6658 0.1692
vn 0.7814 -0.6031 0.1601
vn 0.8512 -0.5012 0.1557
vn 0.8587 -0.4842 0.1678
vn 0.8631 -0.4708 0.1827
vn 0.9204 -0.3471 0.1802
vn 0.9578 -0.2321 0.1693
vn 0.9723 -0.1490 0.1799
vn 0.9693 -0.1498 0.1948
vn 0.9952 -0.0112 0.0970
vn 0.9860 0.1459 0.0810
vn 0.9783 0.1877 0.0875
vn 0.9677 0.2299 0.1036
vn 0.9483 0.3023 0.0963
vn 0.8866 0.4560 0.0769
vn 0.8649 0.4959 0.0775
vn 0.8576 0.5056 0.0945
vn 0.8170 0.5693 0.0920
vn 0.7503 0.6572 0.0718
vn 0.6879 0.7226 0.0684
vn 0.6977 0.7114 0.0850
vn 0.6427 0.7610 0.0885
vn 0.5569 0.8276 0.0700
vn 0.4759 0.8772 0.0632
vn 0.4484 0.8904 0.0789
vn 0.4126 0.9068 0.0866
vn 0.2757 0.9586 0.0710
vn 0.1871 0.9806 0.0593
vn 0.1310 0.9887 0.0724
vn 0.1024 0.9913 0.0825
vn -0.0040 0.9976 0.0693
vn -0.1105 0.9924 0.0539
vn -0.1190 0.9909 0.0623
vn -0.1367 0.9877 0.0756
vn -0.1734 0.9827 0.0655
vn -0.2574 0.9650 0.0502
vn -0.2472 0.9674 0.0550
vn -0.2180 0.9734 0.0706
vn -0.2494 0.9661 0.0670
vn -0.3008 0.9523 0.0516
vn -0.3313 0.9419 0.0556
vn -0.2836 0.9563 0.0709
vn -0.3338 0.9397 0.0745
vn -0.4155 0.9075 0.0612
vn -0.4740 0.8783 0.0622
vn -0.4831 0.8719 0.0794
vn -0.5158 0.8525 0.0852
vn -0.6484 0.7575 0.0756
vn -0.7105 0.7001 0.0706
vn -0.7429 0.6637 0.0875
vn -0.7697 0.6311 0.0960
vn -0.8556 0.5106 0.0854
vn -0.9209 0.3821 0.0769
vn -0.9259 0.3673 0.0887
vn -0.9468 0.3051 0.1020
vn -0.9757 0.1995 0.0911
vn -0.9964 0.0307 0.0789
vn -0.9961 -0.0105 0.0872
vn -0.9941 -0.0371 0.1021
vn -0.9796 -0.1769 0.0950
vn -0.9469 -0.3121 0.0779
vn -0.9098 -0.4069 0.0824
vn -0.9100 -0.4029 0.0981
vn -0.8533 -0.5128 0.0945
vn -0.7654 -0.6392 0.0743
vn -0.7143 -0.6961 0.0731
vn -0.6930 -0.7154 0.0893
vn -0.6612 -0.7450 0.0890
vn -0.5390 -0.8395 0.0686
vn -0.4961 -0.8661 0.0618
vn -0.4903 -0.8681 0.0773
vn -0.4740 -0.8767 0.0813
vn -0.4036 -0.9128 0.0632
vn -0.3398 -0.9390 0.0529
vn -0.3782 -0.9234 0.0663
vn -0.3672 -0.9270 0.0759
vn -0.3273 -0.9429 0.0613
vn -0.2637 -0.9633 0.0501
vn -0.2746 -0.9596 0.0614
vn -0.2855 -0.9555 0.0746
vn -0.2072 -0.9760 0.0666
vn -0.1365 -0.9892 0.0537
vn -0.0840 -0.9944 0.0642
vn -0.0792 -0.9937 0.0792
vn 0.0265 -0.9968 0.0761
vn 0.1520 -0.9864 0.0621
vn 0.2153 -0.9742 0.0671
vn 0.2597 -0.9620 0.0844
vn 0.3243 -0.9424 0.0820
vn 0.4614 -0.8846 0.0674
vn 0.5086 -0.8584 0.0663
vn 0.5274 -0.8455 0.0833
vn 0.5692 -0.8177 0.0853
vn 0.6512 -0.7557 0.0703
vn 0.7137 -0.6972 0.0675
vn 0.6982 -0.7112 0.0821
vn 0.7361 -0.6707 0.0910
vn 0.7966 -0.5995 0.0774
vn 0.8574 -0.5095 0.0724
vn 0.8627 -0.4982 0.0870
vn 0.8731 -0.4776 0.0983
vn 0.9366 -0.3387 0.0898
vn 0.9691 -0.2338 0.0786
vn 0.9820 -0.1649 0.0918
vn 0.9826 -0.1531 0.1051
vn 1.0000 -0.0005 -0.0000
vn 0.9885 0.1505 -0.0126
vn 0.9846 0.1751 -0.0021
vn 0.9736 0.2277 0.0130
vn 0.9490 0.3151 0.0030
vn 0.8874 0.4608 -0.0116
vn 0.8715 0.4904 -0.0052
vn 0.8654 0.5010 0.0112
vn 0.8146 0.5800 0.0067
vn 0.7482 0.6634 -0.0107
vn 0.6947 0.7192 -0.0074
vn 0.7051 0.7090 0.0088
vn 0.6414 0.7671 0.0091
vn 0.5502 0.8350 -0.0082
vn 0.4828 0.8757 -0.0101
vn 0.4565 0.8897 0.0070
vn 0.4115 0.9113 0.0104
vn 0.2678 0.9635 -0.0049
vn 0.1894 0.9818 -0.0118
vn 0.1418 0.9899 0.0041
vn 0.0999 0.9949 0.0118
vn -0.0117 0.9999 -0.0022
vn -0.1119 0.9936 -0.0117
vn -0.1099 0.9939 0.0004
vn -0.1363 0.9906 0.0126
vn -0.1832 0.9831 0.0004
vn -0.2589 0.9658 -0.0117
vn -0.2408 0.9706 -0.0024
vn -0.2140 0.9768 0.0117
vn -0.2594 0.9658 0.0041
vn -0.3044 0.9525 -0.0117
vn -0.3240 0.9460 -0.0049
vn -0.2793 0.9601 0.0101
vn -0.3411 0.9400 0.0067
vn -0.4240 0.9056 -0.0098
vn -0.4664 0.8845 -0.0080
vn -0.4783 0.8781 0.0089
vn -0.5226 0.8525 0.0085
vn -0.6578 0.7532 -0.0072
vn -0.7088 0.7053 -0.0105
vn -0.7374 0.6755 0.0065
vn -0.7774 0.6289 0.0109
vn -0.8637 0.5040 -0.0049
vn -0.9231 0.3844 -0.0113
vn -0.9246 0.3810 0.0028
vn -0.9521 0.3055 0.0125
vn -0.9825 0.1865 -0.0020
vn -0.9994 0.0321 -0.0121
vn -1.0000 0.0002 -0.0000
vn -0.9994 -0.0332 0.0121
vn -0.9815 -0.1916 0.0020
vn -0.9485 -0.3164 -0.0124
vn -0.9180 -0.3965 -0.0028
vn -0.9160 -0.4010 0.0113
vn -0.8525 -0.5228 0.0050
vn -0.7618 -0.6477 -0.0108
vn -0.7241 -0.6897 -0.0065
vn -0.7007 -0.7134 0.0105
vn -0.6576 -0.7534 0.0072
vn -0.5337 -0.8457 -0.0085
vn -0.5015 -0.8651 -0.0089
vn -0.5009 -0.8655 0.0080
vn -0.4694 -0.8829 0.0098
vn -0.3971 -0.9178 -0.0068
vn -0.3428 -0.9394 -0.0102
vn -0.3871 -0.9220 0.0048
vn -0.3665 -0.9304 0.0117
vn -0.3185 -0.9479 -0.0041
vn -0.2667 -0.9637 -0.0117
vn -0.2823 -0.9593 0.0023
vn -0.2873 -0.9578 0.0116
vn -0.1985 -0.9801 -0.0005
vn -0.1362 -0.9906 -0.0126
vn -0.0938 -0.9956 -0.0004
vn -0.0806 -0.9967 0.0117
vn 0.0338 -0.9994 0.0023
vn 0.1570 -0.9875 -0.0118
vn 0.2062 -0.9785 -0.0041
vn 0.2571 -0.9663 0.0119
vn 0.3330 -0.9429 0.0049
vn 0.4669 -0.8842 -0.0103
vn 0.5045 -0.8634 -0.0070
vn 0.5225 -0.8526 0.0100
vn 0.5783 -0.8158 0.0082
vn 0.6576 -0.7533 -0.0091
vn 0.7118 -0.7024 -0.0088
vn 0.6942 -0.7197 0.0074
vn 0.7422 -0.6701 0.0107
vn 0.8058 -0.5922 -0.0068
vn 0.8565 -0.5161 -0.0112
vn 0.8612 -0.5082 0.0052
vn 0.8780 -0.4785 0.0116
vn 0.9448 -0.3277 -0.0030
vn 0.9717 -0.2358 -0.0130
vn 0.9837 -0.1798 0.0021
vn 0.9882 -0.1525 0.0126
vn 0.9952 0.0102 -0.0970
vn 0.9829 0.1512 -0.1051
vn 0.9827 0.1606 -0.0919
vn 0.9710 0.2258 -0.0788
vn 0.9411 0.3258 -0.0901
vn 0.8824 0.4599 -0.0992
vn 0.8725 0.4806 -0.0879
vn 0.8660 0.4946 -0.0733
vn 0.8056 0.5873 -0.0785
vn 0.7422 0.6639 -0.0921
vn 0.6986 0.7106 -0.0830
vn 0.7071 0.7038 -0.0682
vn 0.6348 0.7695 -0.0707
vn 0.5410 0.8367 -0.0853
vn 0.4882 0.8688 -0.0829
vn 0.4611 0.8849 -0.0656
vn 0.4059 0.9115 -0.0664
vn 0.2589 0.9626 -0.0801
vn 0.1922 0.9779 -0.0822
vn 0.1513 0.9864 -0.0649
vn 0.0950 0.9937 -0.0597
vn -0.0189 0.9971 -0.0733
vn -0.1105 0.9909 -0.0764
vn -0.1002 0.9930 -0.0617
vn -0.1367 0.9893 -0.0514
vn -0.1920 0.9793 -0.0646
vn -0.2572 0.9636 -0.0728
vn -0.2331 0.9706 -0.0594
vn -0.2111 0.9763 -0.0480
vn -0.2688 0.9614 -0.0594
vn -0.3054 0.9493 -0.0742
vn -0.3148 0.9469 -0.0646
vn -0.2764 0.9597 -0.0512
vn -0.3481 0.9354 -0.0620
vn -0.4291 0.8997 -0.0805
vn -0.4556 0.8869 -0.0769
vn -0.4728 0.8790 -0.0619
vn -0.5281 0.8464 -0.0693
vn -0.6613 0.7447 -0.0899
vn -0.7012 0.7072 -0.0905
vn -0.7277 0.6819 -0.0744
vn -0.7806 0.6205 -0.0755
vn -0.8641 0.4942 -0.0952
vn -0.9171 0.3862 -0.0985
vn -0.9166 0.3911 -0.0829
vn -0.9503 0.3013 -0.0781
vn -0.9805 0.1721 -0.0951
vn -0.9941 0.0360 -0.1021
vn -0.9961 0.0110 -0.0872
vn -0.9964 -0.0319 -0.0789
vn -0.9745 -0.2050 -0.0910
vn -0.9433 -0.3160 -0.1017
vn -0.9198 -0.3824 -0.0883
vn -0.9139 -0.3986 -0.0764
vn -0.8441 -0.5295 -0.0845
vn -0.7540 -0.6500 -0.0947
vn -0.7300 -0.6780 -0.0862
vn -0.7026 -0.7082 -0.0694
vn -0.6482 -0.7578 -0.0747
vn -0.5268 -0.8457 -0.0846
vn -0.5060 -0.8589 -0.0793
vn -0.5081 -0.8590 -0.0624
vn -0.4612 -0.8851 -0.0619
vn -0.3899 -0.9177 -0.0760
vn -0.3467 -0.9352 -0.0728
vn -0.3939 -0.9174 -0.0572
vn -0.3627 -0.9304 -0.0534
vn -0.3087 -0.9486 -0.0690
vn -0.2704 -0.9600 -0.0726
vn -0.2884 -0.9558 -0.0569
vn -0.2857 -0.9569 -0.0522
vn -0.1887 -0.9797 -0.0677
vn -0.1366 -0.9876 -0.0779
vn -0.1029 -0.9926 -0.0647
vn -0.0792 -0.9953 -0.0565
vn 0.0414 -0.9966 -0.0719
vn 0.1593 -0.9836 -0.0850
vn 0.1955 -0.9778 -0.0748
vn 0.2547 -0.9651 -0.0614
vn 0.3404 -0.9375 -0.0727
vn 0.4677 -0.8796 -0.0875
vn 0.4965 -0.8644 -0.0796
vn 0.5158 -0.8543 -0.0636
vn 0.5845 -0.8084 -0.0699
vn 0.6587 -0.7472 -0.0881
vn 0.7044 -0.7048 -0.0842
vn 0.6874 -0.7231 -0.0674
vn 0.7446 -0.6638 -0.0707
vn 0.8085 -0.5814 -0.0910
vn 0.8485 -0.5208 -0.0936
vn 0.8545 -0.5138 -0.0765
vn 0.8775 -0.4736 -0.0761
vn 0.9444 -0.3144 -0.0960
vn 0.9657 -0.2380 -0.1035
vn 0.9773 -0.1928 -0.0874
vn 0.9857 -0.1478 -0.0810
vn 0.9812 0.0203 -0.1917
vn 0.9696 0.1479 -0.1949
vn 0.9729 0.1452 -0.1800
vn 0.9597 0.2241 -0.1696
vn 0.9251 0.3338 -0.1811
vn 0.8721 0.4532 -0.1843
vn 0.8679 0.4670 -0.1695
vn 0.8594 0.4865 -0.1574
vn 0.7904 0.5907 -0.1623
vn 0.7326 0.6588 -0.1714
vn 0.6992 0.6972 -0.1580
vn 0.7034 0.6958 -0.1451
vn 0.6230 0.7677 -0.1497
vn 0.5297 0.8329 -0.1605
vn 0.4919 0.8568 -0.1548
vn 0.4616 0.8762 -0.1383
vn 0.3960 0.9071 -0.1427
vn 0.2496 0.9561 -0.1537
vn 0.1955 0.9690 -0.1513
vn 0.1590 0.9781 -0.1339
vn 0.0879 0.9875 -0.1309
vn -0.0253 0.9894 -0.1431
vn -0.1065 0.9844 -0.1401
vn -0.0904 0.9882 -0.1238
vn -0.1377 0.9837 -0.1157
vn -0.1994 0.9714 -0.1288
vn -0.2524 0.9585 -0.1327
vn -0.2245 0.9675 -0.1162
vn -0.2094 0.9718 -0.1081
vn -0.2772 0.9529 -0.1229
vn -0.3036 0.9431 -0.1353
vn -0.3042 0.9446 -0.1234
vn -0.2749 0.9548 -0.1127
vn -0.3544 0.9259 -0.1309
vn -0.4307 0.8900 -0.1499
vn -0.4421 0.8853 -0.1440
vn -0.4669 0.8743 -0.1324
vn -0.5316 0.8342 -0.1470
vn -0.6589 0.7326 -0.1710
vn -0.6882 0.7058 -0.1682
vn -0.7143 0.6827 -0.1541
vn -0.7789 0.6059 -0.1615
vn -0.8569 0.4818 -0.1834
vn -0.9035 0.3875 -0.1833
vn -0.9024 0.3972 -0.1671
vn -0.9413 0.2927 -0.1680
vn -0.9699 0.1571 -0.1861
vn -0.9810 0.0422 -0.1896
vn -0.9847 0.0211 -0.1730
vn -0.9851 -0.0329 -0.1690
vn -0.9592 -0.2164 -0.1820
vn -0.9316 -0.3109 -0.1884
vn -0.9147 -0.3654 -0.1727
vn -0.9037 -0.3958 -0.1634
vn -0.8286 -0.5327 -0.1722
vn -0.7427 -0.6460 -0.1760
vn -0.7317 -0.6613 -0.1650
vn -0.6985 -0.6999 -0.1491
vn -0.6337 -0.7579 -0.1550
vn -0.5190 -0.8399 -0.1587
vn -0.5093 -0.8476 -0.1489
vn -0.5115 -0.8489 -0.1331
vn -0.4497 -0.8832 -0.1330
vn -0.3826 -0.9127 -0.1435
vn -0.3512 -0.9266 -0.1346
vn -0.3981 -0.9095 -0.1195
vn -0.3562 -0.9269 -0.1185
vn -0.2987 -0.9451 -0.1327
vn -0.2748 -0.9523 -0.1326
vn -0.2927 -0.9491 -0.1162
vn -0.2809 -0.9527 -0.1163
vn -0.1784 -0.9748 -0.1343
vn -0.1377 -0.9803 -0.1419
vn -0.1109 -0.9855 -0.1285
vn -0.0751 -0.9893 -0.1251
vn 0.0488 -0.9882 -0.1454
vn 0.1589 -0.9748 -0.1565
vn 0.1837 -0.9723 -0.1443
vn 0.2524 -0.9582 -0.1347
vn 0.3460 -0.9262 -0.1498
vn 0.4637 -0.8709 -0.1630
vn 0.4852 -0.8613 -0.1507
vn 0.5075 -0.8507 -0.1371
vn 0.5876 -0.7955 -0.1480
vn 0.6544 -0.7378 -0.1654
vn 0.6921 -0.7043 -0.1580
vn 0.6781 -0.7212 -0.1417
vn 0.7428 -0.6521 -0.1521
vn 0.8047 -0.5677 -0.1737
vn 0.8341 -0.5236 -0.1736
vn 0.8429 -0.5146 -0.1572
vn 0.8712 -0.4629 -0.1633
vn 0.9355 -0.2996 -0.1871
vn 0.9517 -0.2403 -0.1911
vn 0.9633 -0.2033 -0.1753
vn 0.9749 -0.1393 -0.1736
vn 0.9590 0.0292 -0.2819
vn 0.9495 0.1410 -0.2802
vn 0.9555 0.1294 -0.2650
vn 0.9402 0.2228 -0.2577
vn 0.9019 0.3388 -0.2679
vn 0.8572 0.4410 -0.2659
vn 0.8576 0.4501 -0.2490
vn 0.8456 0.4770 -0.2397
vn 0.7697 0.5903 -0.2430
vn 0.7201 0.6482 -0.2477
vn 0.6963 0.6794 -0.2316
vn 0.6940 0.6853 -0.2210
vn 0.6068 0.7618 -0.2268
vn 0.5169 0.8237 -0.2331
vn 0.4935 0.8401 -0.2252
vn 0.4578 0.8638 -0.2103
vn 0.3823 0.8981 -0.2174
vn 0.2404 0.9443 -0.2249
vn 0.1990 0.9553 -0.2186
vn 0.1647 0.9654 -0.2024
vn 0.0789 0.9764 -0.2009
vn -0.0303 0.9771 -0.2108
vn -0.0999 0.9742 -0.2023
vn -0.0808 0.9793 -0.1854
vn -0.1392 0.9738 -0.1798
vn -0.2050 0.9598 -0.1917
vn -0.2445 0.9506 -0.1913
vn -0.2155 0.9611 -0.1726
vn -0.2088 0.9633 -0.1685
vn -0.2842 0.9406 -0.1857
vn -0.2991 0.9341 -0.1947
vn -0.2928 0.9389 -0.1811
vn -0.2748 0.9455 -0.1744
vn -0.3593 0.9117 -0.1990
vn -0.4287 0.8770 -0.2171
vn -0.4268 0.8800 -0.2086
vn -0.4609 0.8641 -0.2022
vn -0.5328 0.8162 -0.2235
vn -0.6506 0.7174 -0.2490
vn -0.6706 0.7011 -0.2425
vn -0.6978 0.6778 -0.2317
vn -0.7723 0.5858 -0.2457
vn -0.8424 0.4676 -0.2679
vn -0.8829 0.3881 -0.2644
vn -0.8826 0.3991 -0.2486
vn -0.9254 0.2801 -0.2555
vn -0.9514 0.1423 -0.2732
vn -0.9607 0.0505 -0.2731
vn -0.9662 0.0301 -0.2561
vn -0.9658 -0.0363 -0.2566
vn -0.9364 -0.2254 -0.2689
vn -0.9141 -0.3015 -0.2711
vn -0.9030 -0.3461 -0.2546
vn -0.8856 -0.3928 -0.2480
vn -0.8069 -0.5322 -0.2562
vn -0.7286 -0.6362 -0.2539
vn -0.7289 -0.6404 -0.2419
vn -0.6883 -0.6889 -0.2273
vn -0.6146 -0.7538 -0.2324
vn -0.5107 -0.8284 -0.2301
vn -0.5111 -0.8317 -0.2170
vn -0.5108 -0.8354 -0.2032
vn -0.4354 -0.8772 -0.2023
vn -0.3756 -0.9029 -0.2089
vn -0.3561 -0.9138 -0.1955
vn -0.3994 -0.8986 -0.1816
vn -0.3471 -0.9198 -0.1831
vn -0.2887 -0.9374 -0.1949
vn -0.2796 -0.9409 -0.1913
vn -0.2948 -0.9394 -0.1753
vn -0.2730 -0.9450 -0.1803
vn -0.1679 -0.9654 -0.1996
vn -0.1393 -0.9690 -0.2040
vn -0.1175 -0.9745 -0.1913
vn -0.0685 -0.9787 -0.1934
vn 0.0557 -0.9745 -0.2172
vn 0.1558 -0.9617 -0.2256
vn 0.1713 -0.9622 -0.2119
vn 0.2504 -0.9457 -0.2074
vn 0.3494 -0.9095 -0.2253
vn 0.4550 -0.8587 -0.2358
vn 0.4709 -0.8543 -0.2200
vn 0.4978 -0.8416 -0.2097
vn 0.5871 -0.7777 -0.2249
vn 0.6448 -0.7257 -0.2400
vn 0.6753 -0.7009 -0.2294
vn 0.6665 -0.7139 -0.2149
vn 0.7365 -0.6353 -0.2322
vn 0.7946 -0.5517 -0.2535
vn 0.8139 -0.5244 -0.2500
vn 0.8269 -0.5104 -0.2360
vn 0.8593 -0.4470 -0.2486
vn 0.9187 -0.2841 -0.2743
vn 0.9305 -0.2426 -0.2744
vn 0.9423 -0.2109 -0.2599
vn 0.9563 -0.1272 -0.2634
vn 0.9299 0.0363 -0.3659
vn 0.9237 0.1307 -0.3601
vn 0.9314 0.1142 -0.3456
vn 0.9134 0.2219 -0.3413
vn 0.8730 0.3407 -0.3491
vn 0.8382 0.4239 -0.3431
vn 0.8418 0.4308 -0.3252
vn 0.8251 0.4664 -0.3188
vn 0.7446 0.5859 -0.3197
vn 0.7051 0.6326 -0.3204
vn 0.6897 0.6577 -0.3031
vn 0.6788 0.6725 -0.2948
vn 0.5866 0.7519 -0.3008
vn 0.5032 0.8095 -0.3025
vn 0.4928 0.8191 -0.2937
vn 0.4497 0.8479 -0.2808
vn 0.3653 0.8848 -0.2893
vn 0.2317 0.9276 -0.2931
vn 0.2025 0.9373 -0.2838
vn 0.1679 0.9482 -0.2696
vn 0.0685 0.9607 -0.2690
vn -0.0336 0.9606 -0.2759
vn -0.0911 0.9605 -0.2628
vn -0.0719 0.9665 -0.2463
vn -0.1412 0.9597 -0.2431
vn -0.2085 0.9448 -0.2528
vn -0.2337 0.9401 -0.2482
vn -0.2064 0.9514 -0.2285
vn -0.2091 0.9508 -0.2286
vn -0.2893 0.9247 -0.2472
vn -0.2921 0.9226 -0.2520
vn -0.2810 0.9299 -0.2376
vn -0.2762 0.9317 -0.2359
vn -0.3626 0.8933 -0.2656
vn -0.4232 0.8612 -0.2815
vn -0.4101 0.8710 -0.2704
vn -0.4548 0.8485 -0.2706
vn -0.5315 0.7930 -0.2976
vn -0.6370 0.7001 -0.3226
vn -0.6492 0.6933 -0.3128
vn -0.6788 0.6674 -0.3064
vn -0.7609 0.5607 -0.3266
vn -0.8215 0.4524 -0.3472
vn -0.8564 0.3881 -0.3406
vn -0.8580 0.3965 -0.3264
vn -0.9030 0.2641 -0.3390
vn -0.9261 0.1282 -0.3549
vn -0.9342 0.0608 -0.3515
vn -0.9414 0.0373 -0.3353
vn -0.9395 -0.0417 -0.3400
vn -0.9075 -0.2314 -0.3506
vn -0.8918 -0.2880 -0.3489
vn -0.8850 -0.3255 -0.3330
vn -0.8603 -0.3897 -0.3287
vn -0.7803 -0.5280 -0.3353
vn -0.7121 -0.6209 -0.3276
vn -0.7215 -0.6161 -0.3160
vn -0.6724 -0.6755 -0.3026
vn -0.5921 -0.7457 -0.3056
vn -0.5023 -0.8116 -0.2984
vn -0.5110 -0.8116 -0.2833
vn -0.5058 -0.8187 -0.2717
vn -0.4190 -0.8672 -0.2691
vn -0.3692 -0.8887 -0.2718
vn -0.3609 -0.8970 -0.2553
vn -0.3975 -0.8848 -0.2430
vn -0.3358 -0.9091 -0.2464
vn -0.2792 -0.9258 -0.2550
vn -0.2845 -0.9259 -0.2486
vn -0.2942 -0.9267 -0.2339
vn -0.2623 -0.9338 -0.2435
vn -0.1578 -0.9518 -0.2629
vn -0.1414 -0.9541 -0.2639
vn -0.1222 -0.9597 -0.2530
vn -0.0594 -0.9636 -0.2606
vn 0.0615 -0.9561 -0.2865
vn 0.1502 -0.9447 -0.2916
vn 0.1589 -0.9475 -0.2774
vn 0.2486 -0.9277 -0.2785
vn 0.3504 -0.8879 -0.2982
vn 0.4421 -0.8435 -0.3052
vn 0.4544 -0.8433 -0.2870
vn 0.4869 -0.8271 -0.2809
vn 0.5829 -0.7553 -0.2995
vn 0.6303 -0.7113 -0.3111
vn 0.6547 -0.6946 -0.2980
vn 0.6529 -0.7011 -0.2866
vn 0.7259 -0.6141 -0.3099
vn 0.7787 -0.5341 -0.3292
vn 0.7889 -0.5232 -0.3222
vn 0.8071 -0.5013 -0.3120
vn 0.8419 -0.4265 -0.3306
vn 0.8950 -0.2687 -0.3561
vn 0.9034 -0.2447 -0.3522
vn 0.9155 -0.2151 -0.3401
vn 0.9305 -0.1121 -0.3486
vn 0.8957 0.0411 -0.4428
vn 0.8933 0.1177 -0.4338
vn 0.9016 0.1003 -0.4208
vn 0.8804 0.2215 -0.4193
vn 0.8398 0.3392 -0.4240
vn 0.8159 0.4023 -0.4153
vn 0.8210 0.4099 -0.3975
vn 0.7987 0.4550 -0.3936
vn 0.7162 0.5777 -0.3915
vn 0.6882 0.6124 -0.3890
vn 0.6791 0.6328 -0.3719
vn 0.6584 0.6580 -0.3655
vn 0.5635 0.7381 -0.3710
vn 0.4889 0.7907 -0.3684
vn 0.4896 0.7944 -0.3596
vn 0.4373 0.8288 -0.3490
vn 0.3457 0.8675 -0.3578
vn 0.2239 0.9065 -0.3578
vn 0.2055 0.9152 -0.3466
vn 0.1684 0.9271 -0.3348
vn 0.0569 0.9408 -0.3342
vn -0.0349 0.9405 -0.3380
vn -0.0804 0.9435 -0.3214
vn -0.0642 0.9499 -0.3060
vn -0.1434 0.9415 -0.3049
vn -0.2096 0.9268 -0.3116
vn -0.2204 0.9270 -0.3034
vn -0.1977 0.9383 -0.2838
vn -0.2103 0.9342 -0.2880
vn -0.2921 0.9058 -0.3069
vn -0.2828 0.9088 -0.3069
vn -0.2692 0.9175 -0.2927
vn -0.2788 0.9134 -0.2968
vn -0.3637 0.8711 -0.3299
vn -0.4145 0.8432 -0.3423
vn -0.3929 0.8586 -0.3292
vn -0.4488 0.8276 -0.3371
vn -0.5276 0.7655 -0.3684
vn -0.6185 0.6816 -0.3910
vn -0.6251 0.6826 -0.3786
vn -0.6579 0.6517 -0.3774
vn -0.7450 0.5318 -0.4028
vn -0.7951 0.4372 -0.4204
vn -0.8251 0.3873 -0.4114
vn -0.8297 0.3894 -0.3999
vn -0.8750 0.2455 -0.4173
vn -0.8953 0.1158 -0.4303
vn -0.9027 0.0725 -0.4241
vn -0.9111 0.0422 -0.4099
vn -0.9071 -0.0491 -0.4181
vn -0.8739 -0.2343 -0.4259
vn -0.8655 -0.2712 -0.4212
vn -0.8612 -0.3045 -0.4069
vn -0.8287 -0.3869 -0.4044
vn -0.7500 -0.5202 -0.4086
vn -0.6939 -0.6009 -0.3968
vn -0.7096 -0.5893 -0.3863
vn -0.6514 -0.6602 -0.3740
vn -0.5671 -0.7338 -0.3740
vn -0.4942 -0.7899 -0.3631
vn -0.5087 -0.7879 -0.3471
vn -0.4967 -0.7995 -0.3378
vn -0.4011 -0.8535 -0.3325
vn -0.3638 -0.8704 -0.3318
vn -0.3652 -0.8765 -0.3136
vn -0.3923 -0.8684 -0.3033
vn -0.3228 -0.8950 -0.3079
vn -0.2706 -0.9105 -0.3128
vn -0.2892 -0.9076 -0.3043
vn -0.2908 -0.9111 -0.2920
vn -0.2491 -0.9190 -0.3054
vn -0.1484 -0.9344 -0.3238
vn -0.1436 -0.9360 -0.3214
vn -0.1247 -0.9415 -0.3132
vn -0.0483 -0.9440 -0.3263
vn 0.0660 -0.9335 -0.3525
vn 0.1425 -0.9243 -0.3542
vn 0.1470 -0.9287 -0.3403
vn 0.2469 -0.9046 -0.3474
vn 0.3488 -0.8621 -0.3675
vn 0.4252 -0.8257 -0.3707
vn 0.4363 -0.8284 -0.3512
vn 0.4750 -0.8074 -0.3499
vn 0.5751 -0.7292 -0.3709
vn 0.6113 -0.6953 -0.3780
vn 0.6311 -0.6854 -0.3633
vn 0.6376 -0.6831 -0.3561
vn 0.7109 -0.5892 -0.3840
vn 0.7576 -0.5158 -0.4000
vn 0.7602 -0.5199 -0.3897
vn 0.7840 -0.4872 -0.3847
vn 0.8196 -0.4023 -0.4079
vn 0.8656 -0.2543 -0.4314
vn 0.8715 -0.2465 -0.4239
vn 0.8838 -0.2157 -0.4152
vn 0.8989 -0.0945 -0.4279
vn 0.8578 0.0433 -0.5121
vn 0.8593 0.1024 -0.5010
vn 0.8672 0.0885 -0.4900
vn 0.8427 0.2213 -0.4908
vn 0.8038 0.3344 -0.4920
vn 0.7909 0.3770 -0.4820
vn 0.7955 0.3884 -0.4651
vn 0.7674 0.4432 -0.4633
vn 0.6856 0.5659 -0.4580
vn 0.6698 0.5882 -0.4533
vn 0.6647 0.6056 -0.4375
vn 0.6331 0.6419 -0.4326
vn 0.5382 0.7208 -0.4368
vn 0.4745 0.7678 -0.4305
vn 0.4836 0.7665 -0.4226
vn 0.4208 0.8071 -0.4142
vn 0.3243 0.8466 -0.4221
vn 0.2175 0.8816 -0.4189
vn 0.2078 0.8897 -0.4065
vn 0.1662 0.9024 -0.3975
vn 0.0448 0.9171 -0.3961
vn -0.0339 0.9173 -0.3967
vn -0.0683 0.9233 -0.3780
vn -0.0579 0.9295 -0.3641
vn -0.1455 0.9197 -0.3647
vn -0.2081 0.9063 -0.3678
vn -0.2050 0.9115 -0.3567
vn -0.1896 0.9217 -0.3383
vn -0.2119 0.9139 -0.3463
vn -0.2923 0.8842 -0.3643
vn -0.2715 0.8928 -0.3594
vn -0.2580 0.9019 -0.3465
vn -0.2822 0.8906 -0.3567
vn -0.3625 0.8460 -0.3910
vn -0.4029 0.8235 -0.3994
vn -0.3758 0.8429 -0.3851
vn -0.4428 0.8018 -0.4014
vn -0.5209 0.7345 -0.4350
vn -0.5960 0.6625 -0.4538
vn -0.5992 0.6691 -0.4397
vn -0.6357 0.6311 -0.4444
vn -0.7250 0.5001 -0.4736
vn -0.7644 0.4227 -0.4869
vn -0.7901 0.3857 -0.4764
vn -0.7985 0.3779 -0.4686
vn -0.8425 0.2251 -0.4894
vn -0.8603 0.1054 -0.4988
vn -0.8672 0.0852 -0.4906
vn -0.8765 0.0445 -0.4794
vn -0.8698 -0.0579 -0.4899
vn -0.8372 -0.2336 -0.4945
vn -0.8360 -0.2516 -0.4876
vn -0.8325 -0.2839 -0.4758
vn -0.7922 -0.3842 -0.4741
vn -0.7176 -0.5089 -0.4755
vn -0.6746 -0.5765 -0.4611
vn -0.6933 -0.5610 -0.4523
vn -0.6259 -0.6435 -0.4406
vn -0.5410 -0.7186 -0.4370
vn -0.4865 -0.7638 -0.4242
vn -0.5038 -0.7613 -0.4081
vn -0.4837 -0.7781 -0.4007
vn -0.3825 -0.8365 -0.3923
vn -0.3594 -0.8483 -0.3889
vn -0.3685 -0.8527 -0.3703
vn -0.3837 -0.8496 -0.3619
vn -0.3086 -0.8775 -0.3671
vn -0.2632 -0.8918 -0.3681
vn -0.2931 -0.8864 -0.3584
vn -0.2844 -0.8929 -0.3491
vn -0.2340 -0.9009 -0.3655
vn -0.1403 -0.9135 -0.3819
vn -0.1459 -0.9149 -0.3765
vn -0.1247 -0.9199 -0.3717
vn -0.0356 -0.9203 -0.3897
vn 0.0689 -0.9074 -0.4146
vn 0.1329 -0.9010 -0.4130
vn 0.1362 -0.9061 -0.4006
vn 0.2454 -0.8769 -0.4134
vn 0.3446 -0.8332 -0.4325
vn 0.4049 -0.8060 -0.4318
vn 0.4172 -0.8098 -0.4125
vn 0.4623 -0.7829 -0.4163
vn 0.5635 -0.7002 -0.4383
vn 0.5885 -0.6781 -0.4402
vn 0.6050 -0.6732 -0.4251
vn 0.6207 -0.6600 -0.4231
vn 0.6920 -0.5617 -0.4535
vn 0.7322 -0.4974 -0.4653
vn 0.7286 -0.5144 -0.4523
vn 0.7582 -0.4685 -0.4534
vn 0.7932 -0.3753 -0.4797
vn 0.8318 -0.2417 -0.4997
vn 0.8362 -0.2476 -0.4894
vn 0.8485 -0.2126 -0.4846
vn 0.8625 -0.0754 -0.5004
vn 0.8179 0.0425 -0.5738
vn 0.8229 0.0858 -0.5617
vn 0.8294 0.0792 -0.5531
vn 0.8017 0.2213 -0.5553
vn 0.7664 0.3264 -0.5532
vn 0.7637 0.3488 -0.5433
vn 0.7660 0.3671 -0.5278
vn 0.7322 0.4312 -0.5272
vn 0.6538 0.5506 -0.5190
vn 0.6500 0.5605 -0.5131
vn 0.6465 0.5769 -0.4993
vn 0.6036 0.6248 -0.4952
vn 0.5118 0.7002 -0.4978
vn 0.4602 0.7411 -0.4889
vn 0.4748 0.7362 -0.4823
vn 0.4006 0.7830 -0.4758
vn 0.3020 0.8226 -0.4818
vn 0.2126 0.8533 -0.4762
vn 0.2089 0.8612 -0.4634
vn 0.1612 0.8747 -0.4571
vn 0.0327 0.8903 -0.4542
vn -0.0306 0.8915 -0.4520
vn -0.0552 0.9000 -0.4323
vn -0.0533 0.9058 -0.4204
vn -0.1472 0.8945 -0.4220
vn -0.2039 0.8837 -0.4214
vn -0.1880 0.8934 -0.4080
vn -0.1824 0.9017 -0.3919
vn -0.2138 0.8899 -0.4031
vn -0.2897 0.8606 -0.4189
vn -0.2586 0.8749 -0.4094
vn -0.2476 0.8829 -0.3990
vn -0.2862 0.8635 -0.4152
vn -0.3587 0.8186 -0.4485
vn -0.3888 0.8025 -0.4525
vn -0.3594 0.8239 -0.4382
vn -0.4367 0.7714 -0.4628
vn -0.5116 0.7011 -0.4966
vn -0.5701 0.6436 -0.5106
vn -0.5722 0.6529 -0.4962
vn -0.6128 0.6062 -0.5070
vn -0.7016 0.4669 -0.5383
vn -0.7304 0.4095 -0.5467
vn -0.7526 0.3829 -0.5356
vn -0.7654 0.3620 -0.5321
vn -0.8066 0.2039 -0.5549
vn -0.8225 0.0977 -0.5603
vn -0.8288 0.0982 -0.5509
vn -0.8384 0.0439 -0.5433
vn -0.8291 -0.0677 -0.5550
vn -0.7987 -0.2294 -0.5563
vn -0.8040 -0.2302 -0.5482
vn -0.7996 -0.2646 -0.5391
vn -0.7519 -0.3819 -0.5374
vn -0.6842 -0.4943 -0.5362
vn -0.6542 -0.5486 -0.5206
vn -0.6730 -0.5323 -0.5136
vn -0.5969 -0.6259 -0.5020
vn -0.5146 -0.7004 -0.4946
vn -0.4793 -0.7337 -0.4816
vn -0.4963 -0.7325 -0.4659
vn -0.4671 -0.7552 -0.4600
vn -0.3639 -0.8165 -0.4482
vn -0.3561 -0.8228 -0.4430
vn -0.3702 -0.8259 -0.4252
vn -0.3717 -0.8287 -0.4184
vn -0.2938 -0.8570 -0.4234
vn -0.2570 -0.8700 -0.4208
vn -0.2959 -0.8624 -0.4108
vn -0.2749 -0.8720 -0.4050
vn -0.2173 -0.8796 -0.4231
vn -0.1337 -0.8896 -0.4368
vn -0.1478 -0.8912 -0.4290
vn -0.1223 -0.8953 -0.4283
vn -0.0216 -0.8927 -0.4502
vn 0.0700 -0.8787 -0.4723
vn 0.1218 -0.8753 -0.4679
vn 0.1269 -0.8799 -0.4579
vn 0.2438 -0.8451 -0.4759
vn 0.3377 -0.8019 -0.4928
vn 0.3817 -0.7847 -0.4884
vn 0.3976 -0.7876 -0.4708
vn 0.4489 -0.7541 -0.4793
vn 0.5486 -0.6694 -0.5009
vn 0.5625 -0.6602 -0.4977
vn 0.5773 -0.6581 -0.4833
vn 0.6025 -0.6323 -0.4870
vn 0.6695 -0.5326 -0.5178
vn 0.7033 -0.4794 -0.5249
vn 0.6951 -0.5066 -0.5101
vn 0.7303 -0.4456 -0.5179
vn 0.7633 -0.3466 -0.5452
vn 0.7949 -0.2314 -0.5608
vn 0.7985 -0.2479 -0.5486
vn 0.8106 -0.2059 -0.5482
vn 0.8228 -0.0555 -0.5656
vn 0.7770 0.0386 -0.6283
vn 0.7847 0.0684 -0.6161
vn 0.7890 0.0730 -0.6100
vn 0.7587 0.2211 -0.6128
vn 0.7287 0.3151 -0.6080
vn 0.7347 0.3187 -0.5989
vn 0.7330 0.3469 -0.5851
vn 0.6942 0.4192 -0.5852
vn 0.6219 0.5320 -0.5747
vn 0.6291 0.5302 -0.5685
vn 0.6247 0.5474 -0.5569
vn 0.5708 0.6070 -0.5530
vn 0.4851 0.6767 -0.5539
vn 0.4461 0.7111 -0.5434
vn 0.4631 0.7041 -0.5383
vn 0.3774 0.7572 -0.5332
vn 0.2796 0.7961 -0.5367
vn 0.2093 0.8219 -0.5298
vn 0.2087 0.8301 -0.5171
vn 0.1535 0.8444 -0.5132
vn 0.0211 0.8610 -0.5082
vn -0.0248 0.8634 -0.5039
vn -0.0417 0.8739 -0.4843
vn -0.0507 0.8789 -0.4743
vn -0.1483 0.8666 -0.4765
vn -0.1970 0.8592 -0.4721
vn -0.1698 0.8729 -0.4574
vn -0.1764 0.8783 -0.4444
vn -0.2154 0.8626 -0.4577
vn -0.2841 0.8353 -0.4707
vn -0.2446 0.8552 -0.4569
vn -0.2383 0.8606 -0.4501
vn -0.2903 0.8326 -0.4718
vn -0.3523 0.7899 -0.5020
vn -0.3726 0.7807 -0.5018
vn -0.3440 0.8018 -0.4887
vn -0.4303 0.7371 -0.5211
vn -0.4998 0.6666 -0.5531
vn -0.5416 0.6254 -0.5617
vn -0.5452 0.6341 -0.5484
vn -0.5893 0.5774 -0.5651
vn -0.6755 0.4334 -0.5965
vn -0.6941 0.3980 -0.5998
vn -0.7137 0.3788 -0.5892
vn -0.7310 0.3421 -0.5904
vn -0.7683 0.1827 -0.6135
vn -0.7829 0.0929 -0.6152
vn -0.7884 0.1110 -0.6051
vn -0.7979 0.0400 -0.6015
vn -0.7860 -0.0781 -0.6133
vn -0.7595 -0.2214 -0.6117
vn -0.7702 -0.2077 -0.6030
vn -0.7634 -0.2474 -0.5967
vn -0.7092 -0.3797 -0.5940
vn -0.6512 -0.4765 -0.5907
vn -0.6332 -0.5179 -0.5753
vn -0.6490 -0.5041 -0.5699
vn -0.5654 -0.6077 -0.5578
vn -0.4890 -0.6794 -0.5470
vn -0.4724 -0.7001 -0.5354
vn -0.4858 -0.7024 -0.5203
vn -0.4474 -0.7311 -0.5151
vn -0.3460 -0.7937 -0.5002
vn -0.3536 -0.7942 -0.4942
vn -0.3700 -0.7967 -0.4779
vn -0.3565 -0.8061 -0.4724
vn -0.2788 -0.8337 -0.4767
vn -0.2520 -0.8454 -0.4710
vn -0.2972 -0.8360 -0.4613
vn -0.2624 -0.8486 -0.4593
vn -0.1997 -0.8554 -0.4779
vn -0.1288 -0.8631 -0.4884
vn -0.1490 -0.8651 -0.4789
vn -0.1172 -0.8679 -0.4828
vn -0.0070 -0.8618 -0.5072
vn 0.0690 -0.8480 -0.5255
vn 0.1098 -0.8477 -0.5191
vn 0.1195 -0.8505 -0.5122
vn 0.2420 -0.8099 -0.5343
vn 0.3283 -0.7693 -0.5481
vn 0.3565 -0.7621 -0.5405
vn 0.3782 -0.7618 -0.5259
vn 0.4349 -0.7216 -0.5386
vn 0.5305 -0.6377 -0.5585
vn 0.5340 -0.6417 -0.5505
vn 0.5486 -0.6400 -0.5380
vn 0.5832 -0.6004 -0.5472
vn 0.6440 -0.5029 -0.5765
vn 0.6717 -0.4624 -0.5788
vn 0.6605 -0.4963 -0.5634
vn 0.7006 -0.4189 -0.5777
vn 0.7309 -0.3175 -0.6042
vn 0.7560 -0.2238 -0.6151
vn 0.7595 -0.2468 -0.6019
vn 0.7710 -0.1957 -0.6060
vn 0.7810 -0.0358 -0.6235
vn 0.7361 0.0317 -0.6761
vn 0.7455 0.0511 -0.6646
vn 0.7471 0.0701 -0.6610
vn 0.7148 0.2205 -0.6636
vn 0.6915 0.3008 -0.6568
vn 0.7042 0.2876 -0.6491
vn 0.6972 0.3285 -0.6371
vn 0.6543 0.4073 -0.6372
vn 0.5906 0.5102 -0.6252
vn 0.6071 0.4978 -0.6193
vn 0.5995 0.5180 -0.6102
vn 0.5353 0.5886 -0.6058
vn 0.4589 0.6504 -0.6052
vn 0.4322 0.6784 -0.5941
vn 0.4483 0.6710 -0.5905
vn 0.3516 0.7299 -0.5862
vn 0.2581 0.7674 -0.5869
vn 0.2075 0.7880 -0.5796
vn 0.2066 0.7971 -0.5675
vn 0.1435 0.8122 -0.5654
vn 0.0108 0.8297 -0.5580
vn -0.0168 0.8334 -0.5524
vn -0.0283 0.8451 -0.5338
vn -0.0500 0.8492 -0.5257
vn -0.1484 0.8364 -0.5277
vn -0.1874 0.8334 -0.5200
vn -0.1511 0.8499 -0.5048
vn -0.1717 0.8515 -0.4954
vn -0.2165 0.8325 -0.5099
vn -0.2754 0.8090 -0.5193
vn -0.2298 0.8336 -0.5023
vn -0.2303 0.8350 -0.4998
vn -0.2940 0.7982 -0.5259
vn -0.3430 0.7605 -0.5514
vn -0.3548 0.7580 -0.5473
vn -0.3300 0.7766 -0.5367
vn -0.4233 0.6996 -0.5757
vn -0.4854 0.6319 -0.6042
vn -0.5114 0.6080 -0.6073
vn -0.5186 0.6125 -0.5966
vn -0.5658 0.5454 -0.6184
vn -0.6471 0.4010 -0.6484
vn -0.6564 0.3883 -0.6468
vn -0.6741 0.3729 -0.6376
vn -0.6959 0.3185 -0.6436
vn -0.7286 0.1626 -0.6654
vn -0.7423 0.0910 -0.6639
vn -0.7468 0.1227 -0.6536
vn -0.7556 0.0329 -0.6542
vn -0.7418 -0.0883 -0.6648
vn -0.7205 -0.2095 -0.6611
vn -0.7350 -0.1850 -0.6523
vn -0.7246 -0.2326 -0.6487
vn -0.6652 -0.3775 -0.6442
vn -0.6191 -0.4555 -0.6397
vn -0.6114 -0.4850 -0.6254
vn -0.6216 -0.4774 -0.6211
vn -0.5322 -0.5892 -0.6080
vn -0.4649 -0.6559 -0.5947
vn -0.4656 -0.6636 -0.5855
vn -0.4723 -0.6716 -0.5709
vn -0.4253 -0.7064 -0.5658
vn -0.3294 -0.7685 -0.5485
vn -0.3517 -0.7628 -0.5426
vn -0.3673 -0.7655 -0.5283
vn -0.3384 -0.7819 -0.5236
vn -0.2643 -0.8078 -0.5268
vn -0.2483 -0.8182 -0.5186
vn -0.2965 -0.8075 -0.5100
vn -0.2470 -0.8230 -0.5116
vn -0.1818 -0.8286 -0.5295
vn -0.1257 -0.8343 -0.5368
vn -0.1492 -0.8370 -0.5264
vn -0.1095 -0.8378 -0.5348
vn 0.0076 -0.8282 -0.5604
vn 0.0658 -0.8160 -0.5743
vn 0.0974 -0.8183 -0.5665
vn 0.1143 -0.8182 -0.5635
vn 0.2398 -0.7723 -0.5883
vn 0.3163 -0.7361 -0.5984
vn 0.3298 -0.7384 -0.5883
vn 0.3595 -0.7328 -0.5778
vn 0.4205 -0.6861 -0.5937
vn 0.5095 -0.6061 -0.6108
vn 0.5037 -0.6229 -0.5986
vn 0.5194 -0.6189 -0.5892
vn 0.5629 -0.5650 -0.6033
vn 0.6161 -0.4737 -0.6294
vn 0.6381 -0.4464 -0.6274
vn 0.6256 -0.4834 -0.6123
vn 0.6697 -0.3891 -0.6326
vn 0.6966 -0.2890 -0.6566
vn 0.7160 -0.2191 -0.6629
vn 0.7198 -0.2440 -0.6498
vn 0.7306 -0.1823 -0.6580
vn 0.7383 -0.0171 -0.6742
vn 0.6957 0.0220 -0.7180
vn 0.7058 0.0348 -0.7076
vn 0.7043 0.0705 -0.7064
vn 0.6711 0.2189 -0.7083
vn 0.6552 0.2836 -0.7003
vn 0.6726 0.2565 -0.6941
vn 0.6593 0.3123 -0.6840
vn 0.6137 0.3953 -0.6834
vn 0.5603 0.4854 -0.6711
vn 0.5842 0.4643 -0.6657
vn 0.5713 0.4894 -0.6589
vn 0.4982 0.5699 -0.6534
vn 0.4340 0.6218 -0.6519
vn 0.4185 0.6435 -0.6410
vn 0.4306 0.6377 -0.6387
vn 0.3241 0.7016 -0.6346
vn 0.2379 0.7370 -0.6326
vn 0.2072 0.7519 -0.6259
vn 0.2024 0.7626 -0.6144
vn 0.1315 0.7786 -0.6136
vn 0.0021 0.7970 -0.6039
vn -0.0067 0.8018 -0.5976
vn -0.0156 0.8139 -0.5807
vn -0.0514 0.8171 -0.5742
vn -0.1471 0.8044 -0.5756
vn -0.1753 0.8062 -0.5651
vn -0.1325 0.8246 -0.5501
vn -0.1683 0.8215 -0.5448
vn -0.2167 0.8002 -0.5593
vn -0.2638 0.7820 -0.5648
vn -0.2147 0.8102 -0.5455
vn -0.2236 0.8061 -0.5480
vn -0.2968 0.7609 -0.5770
vn -0.3311 0.7311 -0.5965
vn -0.3359 0.7347 -0.5894
vn -0.3176 0.7481 -0.5826
vn -0.4155 0.6597 -0.6263
vn -0.4688 0.5981 -0.6500
vn -0.4800 0.5915 -0.6479
vn -0.4930 0.5880 -0.6412
vn -0.5422 0.5109 -0.6671
vn -0.6170 0.3705 -0.6942
vn -0.6180 0.3802 -0.6881
vn -0.6348 0.3647 -0.6812
vn -0.6607 0.2917 -0.6917
vn -0.6882 0.1443 -0.7110
vn -0.7013 0.0920 -0.7069
vn -0.7048 0.1326 -0.6969
vn -0.7124 0.0228 -0.7014
vn -0.6975 -0.0977 -0.7099
vn -0.6822 -0.1940 -0.7050
vn -0.6988 -0.1629 -0.6965
vn -0.6839 -0.2208 -0.6953
vn -0.6212 -0.3749 -0.6881
vn -0.5887 -0.4314 -0.6836
vn -0.5888 -0.4507 -0.6710
vn -0.5913 -0.4528 -0.6673
vn -0.4985 -0.5704 -0.6528
vn -0.4427 -0.6300 -0.6381
vn -0.4585 -0.6247 -0.6321
vn -0.4557 -0.6409 -0.6178
vn -0.4013 -0.6813 -0.6122
vn -0.3144 -0.7410 -0.5933
vn -0.3500 -0.7291 -0.5882
vn -0.3618 -0.7329 -0.5762
vn -0.3179 -0.7565 -0.5716
vn -0.2508 -0.7797 -0.5737
vn -0.2456 -0.7885 -0.5638
vn -0.2935 -0.7772 -0.5566
vn -0.2290 -0.7951 -0.5616
vn -0.1642 -0.7995 -0.5777
vn -0.1244 -0.8037 -0.5819
vn -0.1480 -0.8071 -0.5716
vn -0.0995 -0.8054 -0.5843
vn 0.0217 -0.7924 -0.6096
vn 0.0606 -0.7833 -0.6186
vn 0.0851 -0.7874 -0.6106
vn 0.1113 -0.7832 -0.6117
vn 0.2370 -0.7330 -0.6376
vn 0.3020 -0.7031 -0.6438
vn 0.3023 -0.7137 -0.6319
vn 0.3419 -0.7006 -0.6263
vn 0.4057 -0.6484 -0.6442
vn 0.4860 -0.5753 -0.6579
vn 0.4722 -0.6036 -0.6424
vn 0.4904 -0.5949 -0.6368
vn 0.5417 -0.5269 -0.6549
vn 0.5861 -0.4460 -0.6765
vn 0.6030 -0.4316 -0.6709
vn 0.5909 -0.4676 -0.6574
vn 0.6379 -0.3570 -0.6824
vn 0.6614 -0.2622 -0.7028
vn 0.6754 -0.2171 -0.7048
vn 0.6802 -0.2391 -0.6930
vn 0.6899 -0.1661 -0.7046
vn 0.6956 -0.0004 -0.7184
vn 0.6562 0.0098 -0.7545
vn 0.6659 0.0202 -0.7457
vn 0.6612 0.0741 -0.7465
vn 0.6285 0.2159 -0.7473
vn 0.6201 0.2637 -0.7389
vn 0.6402 0.2263 -0.7342
vn 0.6197 0.2986 -0.7258
vn 0.5732 0.3831 -0.7243
vn 0.5316 0.4578 -0.7126
vn 0.5602 0.4303 -0.7078
vn 0.5405 0.4621 -0.7031
vn 0.4604 0.5509 -0.6961
vn 0.4108 0.5909 -0.6944
vn 0.4046 0.6068 -0.6842
vn 0.4099 0.6047 -0.6829
vn 0.2957 0.6727 -0.6783
vn 0.2199 0.7052 -0.6741
vn 0.2081 0.7139 -0.6686
vn 0.1959 0.7272 -0.6579
vn 0.1178 0.7441 -0.6576
vn -0.0044 0.7633 -0.6461
vn 0.0050 0.7686 -0.6397
vn -0.0042 0.7807 -0.6250
vn -0.0545 0.7830 -0.6196
vn -0.1441 0.7711 -0.6202
vn -0.1609 0.7778 -0.6076
vn -0.1145 0.7968 -0.5933
vn -0.1661 0.7885 -0.5922
vn -0.2155 0.7661 -0.6055
vn -0.2491 0.7545 -0.6071
vn -0.1997 0.7848 -0.5868
vn -0.2180 0.7739 -0.5945
vn -0.2983 0.7215 -0.6249
vn -0.3166 0.7024 -0.6375
vn -0.3164 0.7106 -0.6285
vn -0.3069 0.7165 -0.6265
vn -0.4066 0.6182 -0.6727
vn -0.4501 0.5659 -0.6907
vn -0.4482 0.5756 -0.6840
vn -0.4687 0.5605 -0.6827
vn -0.5187 0.4746 -0.7111
vn -0.5856 0.3430 -0.7344
vn -0.5794 0.3736 -0.7244
vn -0.5962 0.3540 -0.7206
vn -0.6256 0.2622 -0.7348
vn -0.6478 0.1287 -0.7508
vn -0.6605 0.0957 -0.7447
vn -0.6628 0.1401 -0.7356
vn -0.6688 0.0100 -0.7434
vn -0.6538 -0.1057 -0.7493
vn -0.6448 -0.1749 -0.7441
vn -0.6618 -0.1423 -0.7360
vn -0.6421 -0.2120 -0.7367
vn -0.5781 -0.3714 -0.7265
vn -0.5601 -0.4042 -0.7232
vn -0.5653 -0.4158 -0.7124
vn -0.5586 -0.4310 -0.7086
vn -0.4650 -0.5514 -0.6926
vn -0.4226 -0.6017 -0.6778
vn -0.4506 -0.5842 -0.6751
vn -0.4362 -0.6109 -0.6608
vn -0.3762 -0.6561 -0.6543
vn -0.3014 -0.7112 -0.6351
vn -0.3479 -0.6933 -0.6311
vn -0.3533 -0.6993 -0.6214
vn -0.2953 -0.7300 -0.6163
vn -0.2386 -0.7495 -0.6175
vn -0.2435 -0.7567 -0.6067
vn -0.2877 -0.7455 -0.6012
vn -0.2089 -0.7653 -0.6088
vn -0.1475 -0.7687 -0.6224
vn -0.1248 -0.7715 -0.6238
vn -0.1449 -0.7755 -0.6145
vn -0.0873 -0.7710 -0.6308
vn 0.0346 -0.7553 -0.6545
vn 0.0535 -0.7504 -0.6589
vn 0.0735 -0.7552 -0.6514
vn 0.1107 -0.7460 -0.6567
vn 0.2333 -0.6928 -0.6824
vn 0.2856 -0.6706 -0.6846
vn 0.2748 -0.6880 -0.6716
vn 0.3257 -0.6655 -0.6716
vn 0.3906 -0.6093 -0.6901
vn 0.4601 -0.5462 -0.7000
vn 0.4401 -0.5838 -0.6823
vn 0.4621 -0.5679 -0.6811
vn 0.5199 -0.4869 -0.7019
vn 0.5546 -0.4205 -0.7181
vn 0.5671 -0.4178 -0.7098
vn 0.5568 -0.4488 -0.6990
vn 0.6056 -0.3234 -0.7271
vn 0.6256 -0.2379 -0.7430
vn 0.6348 -0.2175 -0.7414
vn 0.6410 -0.2316 -0.7318
vn 0.6494 -0.1476 -0.7460
vn 0.6536 0.0137 -0.7567
vn 0.6178 -0.0041 -0.7864
vn 0.6263 0.0080 -0.7795
vn 0.6184 0.0806 -0.7818
vn 0.5873 0.2111 -0.7813
vn 0.5863 0.2416 -0.7732
vn 0.6070 0.1979 -0.7697
vn 0.5790 0.2876 -0.7629
vn 0.5336 0.3705 -0.7603
vn 0.5045 0.4274 -0.7502
vn 0.5352 0.3967 -0.7458
vn 0.5076 0.4366 -0.7428
vn 0.4226 0.5316 -0.7340
vn 0.3897 0.5578 -0.7328
vn 0.3905 0.5689 -0.7237
vn 0.3865 0.5726 -0.7230
vn 0.2671 0.6433 -0.7176
vn 0.2044 0.6721 -0.7117
vn 0.2097 0.6745 -0.7079
vn 0.1869 0.6914 -0.6979
vn 0.1030 0.7091 -0.6976
vn -0.0083 0.7288 -0.6847
vn 0.0179 0.7342 -0.6787
vn 0.0054 0.7456 -0.6664
vn -0.0593 0.7474 -0.6617
vn -0.1390 0.7370 -0.6614
vn -0.1445 0.7483 -0.6474
vn -0.0978 0.7667 -0.6345
vn -0.1650 0.7528 -0.6372
vn -0.2127 0.7309 -0.6485
vn -0.2318 0.7268 -0.6465
vn -0.1853 0.7572 -0.6263
vn -0.2136 0.7388 -0.6392
vn -0.2980 0.6807 -0.6692
vn -0.2997 0.6746 -0.6746
vn -0.2968 0.6855 -0.6649
vn -0.2979 0.6815 -0.6684
vn -0.3963 0.5761 -0.7149
vn -0.4294 0.5360 -0.7268
vn -0.4165 0.5600 -0.7162
vn -0.4460 0.5298 -0.7214
vn -0.4953 0.4372 -0.7506
vn -0.5533 0.3192 -0.7694
vn -0.5413 0.3677 -0.7562
vn -0.5588 0.3403 -0.7562
vn -0.5909 0.2306 -0.7731
vn -0.6079 0.1165 -0.7854
vn -0.6200 0.1015 -0.7780
vn -0.6213 0.1445 -0.7701
vn -0.6253 -0.0051 -0.7804
vn -0.6113 -0.1113 -0.7835
vn -0.6086 -0.1525 -0.7787
vn -0.6243 -0.1240 -0.7713
vn -0.5997 -0.2061 -0.7732
vn -0.5367 -0.3665 -0.7600
vn -0.5332 -0.3742 -0.7587
vn -0.5408 -0.3812 -0.7498
vn -0.5240 -0.4122 -0.7454
vn -0.4325 -0.5319 -0.7280
vn -0.4047 -0.5710 -0.7143
vn -0.4415 -0.5426 -0.7146
vn -0.4138 -0.5821 -0.7000
vn -0.3507 -0.6307 -0.6923
vn -0.2906 -0.6791 -0.6741
vn -0.3451 -0.6560 -0.6712
vn -0.3416 -0.6654 -0.6637
vn -0.2714 -0.7027 -0.6577
vn -0.2281 -0.7175 -0.6582
vn -0.2418 -0.7230 -0.6472
vn -0.2790 -0.7127 -0.6436
vn -0.1871 -0.7337 -0.6531
vn -0.1322 -0.7363 -0.6636
vn -0.1266 -0.7380 -0.6628
vn -0.1396 -0.7424 -0.6552
vn -0.0733 -0.7348 -0.6743
vn 0.0457 -0.7173 -0.6952
vn 0.0446 -0.7174 -0.6953
vn 0.0630 -0.7217 -0.6893
vn 0.1125 -0.7067 -0.6986
vn 0.2284 -0.6526 -0.7225
vn 0.2674 -0.6392 -0.7211
vn 0.2481 -0.6613 -0.7079
vn 0.3111 -0.6278 -0.7135
vn 0.3750 -0.5697 -0.7313
vn 0.4323 -0.5191 -0.7374
vn 0.4081 -0.5632 -0.7185
vn 0.4347 -0.5381 -0.7221
vn 0.4976 -0.4460 -0.7439
vn 0.5218 -0.3979 -0.7546
vn 0.5308 -0.4047 -0.7447
vn 0.5237 -0.4267 -0.7373
vn 0.5731 -0.2892 -0.7668
vn 0.5898 -0.2168 -0.7779
vn 0.5945 -0.2198 -0.7735
vn 0.6025 -0.2212 -0.7668
vn 0.6095 -0.1274 -0.7825
vn 0.6129 0.0245 -0.7898
vn 0.5804 -0.0193 -0.8141
vn 0.5871 -0.0012 -0.8095
vn 0.5760 0.0895 -0.8125
vn 0.5482 0.2039 -0.8111
vn 0.5538 0.2176 -0.8037
vn 0.5733 0.1721 -0.8011
vn 0.5377 0.2790 -0.7956
vn 0.4954 0.3570 -0.7919
vn 0.4791 0.3946 -0.7841
vn 0.5090 0.3643 -0.7798
vn 0.4729 0.4132 -0.7782
vn 0.3859 0.5118 -0.7676
vn 0.3709 0.5228 -0.7675
vn 0.3759 0.5306 -0.7597
vn 0.3605 0.5420 -0.7591
vn 0.2391 0.6136 -0.7526
vn 0.1917 0.6379 -0.7459
vn 0.2115 0.6340 -0.7438
vn 0.1753 0.6556 -0.7345
vn 0.0877 0.6740 -0.7335
vn -0.0093 0.6937 -0.7202
vn 0.0315 0.6986 -0.7148
vn 0.0128 0.7091 -0.7050
vn -0.0652 0.7106 -0.7005
vn -0.1315 0.7025 -0.6994
vn -0.1264 0.7177 -0.6847
vn -0.0829 0.7344 -0.6737
vn -0.1648 0.7147 -0.6797
vn -0.2080 0.6951 -0.6882
vn -0.2119 0.6990 -0.6830
vn -0.1719 0.7275 -0.6643
vn -0.2100 0.7009 -0.6817
vn -0.2956 0.6395 -0.7097
vn -0.2806 0.6480 -0.7081
vn -0.2775 0.6591 -0.6990
vn -0.2904 0.6433 -0.7084
vn -0.3844 0.5344 -0.7528
vn -0.4070 0.5086 -0.7587
vn -0.3855 0.5442 -0.7452
vn -0.4249 0.4958 -0.7574
vn -0.4720 0.3996 -0.7858
vn -0.5201 0.2994 -0.7999
vn -0.5039 0.3622 -0.7842
vn -0.5229 0.3234 -0.7886
vn -0.5567 0.1979 -0.8068
vn -0.5687 0.1083 -0.8154
vn -0.5800 0.1091 -0.8073
vn -0.5807 0.1452 -0.8011
vn -0.5823 -0.0217 -0.8127
vn -0.5706 -0.1141 -0.8132
vn -0.5733 -0.1274 -0.8094
vn -0.5864 -0.1087 -0.8027
vn -0.5573 -0.2031 -0.8051
vn -0.4976 -0.3595 -0.7894
vn -0.5079 -0.3416 -0.7908
vn -0.5152 -0.3477 -0.7834
vn -0.4878 -0.3966 -0.7777
vn -0.4017 -0.5115 -0.7596
vn -0.3886 -0.5380 -0.7480
vn -0.4306 -0.5010 -0.7507
vn -0.3888 -0.5549 -0.7355
vn -0.3253 -0.6052 -0.7266
vn -0.2819 -0.6446 -0.7106
vn -0.3408 -0.6177 -0.7087
vn -0.3266 -0.6316 -0.7032
vn -0.2467 -0.6746 -0.6957
vn -0.2195 -0.6836 -0.6961
vn -0.2400 -0.6874 -0.6855
vn -0.2670 -0.6790 -0.6838
vn -0.1644 -0.7007 -0.6943
vn -0.1189 -0.7028 -0.7014
vn -0.1295 -0.7034 -0.6989
vn -0.1319 -0.7080 -0.6938
vn -0.0579 -0.6972 -0.7146
vn 0.0545 -0.6792 -0.7319
vn 0.0343 -0.6845 -0.7282
vn 0.0543 -0.6871 -0.7246
vn 0.1163 -0.6657 -0.7371
vn 0.2220 -0.6131 -0.7582
vn 0.2475 -0.6088 -0.7537
vn 0.2227 -0.6334 -0.7411
vn 0.2982 -0.5879 -0.7520
vn 0.3590 -0.5305 -0.7679
vn 0.4027 -0.4943 -0.7704
vn 0.3768 -0.5416 -0.7515
vn 0.4087 -0.5058 -0.7597
vn 0.4749 -0.4053 -0.7811
vn 0.4881 -0.3785 -0.7864
vn 0.4945 -0.3918 -0.7759
vn 0.4920 -0.4015 -0.7725
vn 0.5406 -0.2554 -0.8015
vn 0.5543 -0.1994 -0.8081
vn 0.5548 -0.2233 -0.8015
vn 0.5650 -0.2076 -0.7985
vn 0.5705 -0.1061 -0.8144
vn 0.5737 0.0315 -0.8185
vn 0.5441 -0.0348 -0.8383
vn 0.5484 -0.0070 -0.8362
vn 0.5345 0.1003 -0.8392
vn 0.5113 0.1938 -0.8373
vn 0.5224 0.1923 -0.8308
vn 0.5391 0.1497 -0.8288
vn 0.4964 0.2727 -0.8242
vn 0.4593 0.3421 -0.8198
vn 0.4552 0.3597 -0.8145
vn 0.4817 0.3339 -0.8102
vn 0.4371 0.3919 -0.8095
vn 0.3508 0.4913 -0.7972
vn 0.3543 0.4861 -0.7989
vn 0.3604 0.4924 -0.7923
vn 0.3322 0.5132 -0.7914
vn 0.2126 0.5837 -0.7837
vn 0.1819 0.6026 -0.7771
vn 0.2131 0.5929 -0.7766
vn 0.1610 0.6202 -0.7677
vn 0.0724 0.6390 -0.7658
vn -0.0071 0.6580 -0.7530
vn 0.0451 0.6620 -0.7481
vn 0.0177 0.6714 -0.7409
vn -0.0720 0.6731 -0.7361
vn -0.1214 0.6677 -0.7344
vn -0.1073 0.6860 -0.7197
vn -0.0703 0.6999 -0.7108
vn -0.1651 0.6747 -0.7194
vn -0.2009 0.6592 -0.7246
vn -0.1900 0.6709 -0.7167
vn -0.1599 0.6952 -0.7008
vn -0.2069 0.6605 -0.7218
vn -0.2906 0.5985 -0.7465
vn -0.2595 0.6225 -0.7384
vn -0.2589 0.6310 -0.7313
vn -0.2841 0.6020 -0.7462
vn -0.3707 0.4939 -0.7865
vn -0.3831 0.4839 -0.7868
vn -0.3556 0.5275 -0.7715
vn -0.4052 0.4585 -0.7909
vn -0.4486 0.3627 -0.8168
vn -0.4864 0.2840 -0.8263
vn -0.4676 0.3562 -0.8090
vn -0.4885 0.3033 -0.8181
vn -0.5231 0.1649 -0.8362
vn -0.5303 0.1044 -0.8414
vn -0.5407 0.1175 -0.8329
vn -0.5411 0.1417 -0.8289
vn -0.5403 -0.0391 -0.8406
vn -0.5318 -0.1135 -0.8392
vn -0.5389 -0.1001 -0.8364
vn -0.5482 -0.0971 -0.8307
vn -0.5152 -0.2025 -0.8328
vn -0.4613 -0.3499 -0.8154
vn -0.4838 -0.3068 -0.8196
vn -0.4882 -0.3163 -0.8134
vn -0.4505 -0.3841 -0.8059
vn -0.3731 -0.4898 -0.7880
vn -0.3742 -0.5028 -0.7792
vn -0.4177 -0.4600 -0.7836
vn -0.3615 -0.5296 -0.7674
vn -0.3009 -0.5793 -0.7576
vn -0.2751 -0.6077 -0.7450
vn -0.3347 -0.5788 -0.7436
vn -0.3086 -0.5981 -0.7396
vn -0.2218 -0.6459 -0.7305
vn -0.2130 -0.6479 -0.7313
vn -0.2375 -0.6504 -0.7215
vn -0.2518 -0.6449 -0.7216
vn -0.1414 -0.6664 -0.7320
vn -0.1079 -0.6684 -0.7360
vn -0.1331 -0.6677 -0.7324
vn -0.1214 -0.6723 -0.7302
vn -0.0416 -0.6585 -0.7514
vn 0.0606 -0.6413 -0.7649
vn 0.0232 -0.6518 -0.7580
vn 0.0477 -0.6512 -0.7574
vn 0.1219 -0.6234 -0.7724
vn 0.2138 -0.5749 -0.7898
vn 0.2265 -0.5796 -0.7828
vn 0.1993 -0.6042 -0.7715
vn 0.2871 -0.5462 -0.7870
vn 0.3423 -0.4925 -0.8002
vn 0.3716 -0.4720 -0.7995
vn 0.3467 -0.5185 -0.7816
vn 0.3841 -0.4711 -0.7941
vn 0.4519 -0.3657 -0.8137
vn 0.4537 -0.3624 -0.8141
vn 0.4586 -0.3787 -0.8039
vn 0.4617 -0.3730 -0.8048
vn 0.5085 -0.2229 -0.8317
vn 0.5192 -0.1859 -0.8342
vn 0.5158 -0.2273 -0.8260
vn 0.5287 -0.1906 -0.8272
vn 0.5327 -0.0845 -0.8421
vn 0.5361 0.0344 -0.8434
vn 0.5088 -0.0501 -0.8594
vn 0.5104 -0.0091 -0.8599
vn 0.4942 0.1123 -0.8621
vn 0.4767 0.1807 -0.8603
vn 0.4919 0.1661 -0.8546
vn 0.5047 0.1311 -0.8533
vn 0.4553 0.2681 -0.8490
vn 0.4255 0.3256 -0.8443
vn 0.4328 0.3231 -0.8416
vn 0.4531 0.3060 -0.8373
vn 0.4006 0.3728 -0.8369
vn 0.3182 0.4697 -0.8235
vn 0.3398 0.4478 -0.8270
vn 0.3437 0.4550 -0.8215
vn 0.3019 0.4864 -0.8199
vn 0.1883 0.5535 -0.8113
vn 0.1749 0.5662 -0.8055
vn 0.2138 0.5515 -0.8063
vn 0.1442 0.5856 -0.7976
vn 0.0580 0.6044 -0.7946
vn -0.0017 0.6218 -0.7832
vn 0.0580 0.6246 -0.7788
vn 0.0198 0.6330 -0.7739
vn -0.0791 0.6352 -0.7683
vn -0.1085 0.6330 -0.7665
vn -0.0875 0.6531 -0.7522
vn -0.0604 0.6635 -0.7458
vn -0.1656 0.6333 -0.7560
vn -0.1915 0.6237 -0.7578
vn -0.1664 0.6426 -0.7479
vn -0.1496 0.6604 -0.7359
vn -0.2042 0.6181 -0.7591
vn -0.2829 0.5587 -0.7797
vn -0.2370 0.5979 -0.7657
vn -0.2415 0.6008 -0.7620
vn -0.2788 0.5577 -0.7818
vn -0.3551 0.4556 -0.8163
vn -0.3578 0.4618 -0.8116
vn -0.3272 0.5095 -0.7959
vn -0.3868 0.4182 -0.8219
vn -0.4249 0.3273 -0.8440
vn -0.4521 0.2730 -0.8492
vn -0.4327 0.3490 -0.8312
vn -0.4558 0.2799 -0.8450
vn -0.4901 0.1326 -0.8615
vn -0.4927 0.1050 -0.8638
vn -0.5022 0.1262 -0.8555
vn -0.5027 0.1337 -0.8541
vn -0.4994 -0.0565 -0.8645
vn -0.4951 -0.1090 -0.8620
vn -0.5052 -0.0714 -0.8600
vn -0.5099 -0.0899 -0.8555
vn -0.4740 -0.2039 -0.8566
vn -0.4278 -0.3370 -0.8387
vn -0.4605 -0.2704 -0.8455
vn -0.4597 -0.2875 -0.8402
vn -0.4127 -0.3745 -0.8303
vn -0.3470 -0.4663 -0.8137
vn -0.3609 -0.4655 -0.8081
vn -0.4024 -0.4205 -0.8132
vn -0.3324 -0.5061 -0.7959
vn -0.2778 -0.5527 -0.7857
vn -0.2700 -0.5683 -0.7772
vn -0.3263 -0.5399 -0.7759
vn -0.2877 -0.5654 -0.7730
vn -0.1975 -0.6164 -0.7622
vn -0.2084 -0.6106 -0.7640
vn -0.2339 -0.6122 -0.7553
vn -0.2332 -0.6105 -0.7569
vn -0.1188 -0.6312 -0.7665
vn -0.0994 -0.6332 -0.7675
vn -0.1368 -0.6312 -0.7634
vn -0.1081 -0.6355 -0.7645
vn -0.0250 -0.6192 -0.7848
vn 0.0635 -0.6041 -0.7944
vn 0.0115 -0.6192 -0.7851
vn 0.0435 -0.6142 -0.7879
vn 0.1290 -0.5802 -0.8042
vn 0.2035 -0.5386 -0.8176
vn 0.2045 -0.5514 -0.8088
vn 0.1784 -0.5736 -0.7995
vn 0.2775 -0.5031 -0.8185
vn 0.3248 -0.4565 -0.8283
vn 0.3392 -0.4521 -0.8250
vn 0.3183 -0.4937 -0.8092
vn 0.3612 -0.4345 -0.8251
vn 0.4286 -0.3281 -0.8418
vn 0.4188 -0.3496 -0.8381
vn 0.4235 -0.3648 -0.8292
vn 0.4330 -0.3414 -0.8343
vn 0.4769 -0.1924 -0.8576
vn 0.4846 -0.1762 -0.8568
vn 0.4777 -0.2309 -0.8476
vn 0.4935 -0.1702 -0.8530
vn 0.4962 -0.0633 -0.8659
vn 0.5002 0.0329 -0.8653
vn 0.4745 -0.0642 -0.8779
vn 0.4731 -0.0075 -0.8810
vn 0.4552 0.1245 -0.8816
vn 0.4445 0.1640 -0.8807
vn 0.4622 0.1399 -0.8756
vn 0.4699 0.1168 -0.8750
vn 0.4151 0.2648 -0.8704
vn 0.3943 0.3071 -0.8661
vn 0.4116 0.2853 -0.8656
vn 0.4232 0.2814 -0.8612
vn 0.3640 0.3557 -0.8608
vn 0.2884 0.4467 -0.8469
vn 0.3273 0.4083 -0.8522
vn 0.3256 0.4191 -0.8476
vn 0.2701 0.4618 -0.8449
vn 0.1668 0.5228 -0.8360
vn 0.1706 0.5289 -0.8314
vn 0.2131 0.5105 -0.8330
vn 0.1251 0.5520 -0.8244
vn 0.0449 0.5701 -0.8203
vn 0.0068 0.5848 -0.8111
vn 0.0695 0.5867 -0.8068
vn 0.0190 0.5942 -0.8041
vn -0.0859 0.5972 -0.7975
vn -0.0927 0.5982 -0.7960
vn -0.0678 0.6189 -0.7825
vn -0.0534 0.6252 -0.7786
vn -0.1659 0.5910 -0.7894
vn -0.1794 0.5889 -0.7881
vn -0.1418 0.6137 -0.7767
vn -0.1415 0.6227 -0.7696
vn -0.2015 0.5742 -0.7936
vn -0.2721 0.5206 -0.8093
vn -0.2133 0.5741 -0.7905
vn -0.2253 0.5682 -0.7915
vn -0.2740 0.5109 -0.8148
vn -0.3372 0.4204 -0.8424
vn -0.3315 0.4419 -0.8336
vn -0.3005 0.4893 -0.8187
vn -0.3692 0.3751 -0.8503
vn -0.4009 0.2943 -0.8676
vn -0.4175 0.2661 -0.8689
vn -0.3995 0.3398 -0.8514
vn -0.4245 0.2534 -0.8693
vn -0.4577 0.1019 -0.8832
vn -0.4560 0.1102 -0.8831
vn -0.4646 0.1341 -0.8753
vn -0.4655 0.1210 -0.8768
vn -0.4600 -0.0729 -0.8849
vn -0.4602 -0.1004 -0.8821
vn -0.4720 -0.0424 -0.8806
vn -0.4714 -0.0875 -0.8776
vn -0.4340 -0.2065 -0.8769
vn -0.3972 -0.3203 -0.8600
vn -0.4375 -0.2332 -0.8685
vn -0.4299 -0.2623 -0.8640
vn -0.3750 -0.3672 -0.8512
vn -0.3236 -0.4403 -0.8375
vn -0.3482 -0.4264 -0.8348
vn -0.3843 -0.3833 -0.8399
vn -0.3019 -0.4843 -0.8212
vn -0.2566 -0.5250 -0.8115
vn -0.2662 -0.5265 -0.8075
vn -0.3150 -0.5017 -0.8056
vn -0.2642 -0.5336 -0.8034
vn -0.1744 -0.5862 -0.7912
vn -0.2058 -0.5717 -0.7943
vn -0.2287 -0.5732 -0.7868
vn -0.2115 -0.5760 -0.7896
vn -0.0973 -0.5952 -0.7976
vn -0.0936 -0.5975 -0.7964
vn -0.1401 -0.5940 -0.7922
vn -0.0918 -0.5977 -0.7965
vn -0.0086 -0.5797 -0.8148
vn 0.0631 -0.5678 -0.8208
vn -0.0000 -0.5866 -0.8099
vn 0.0419 -0.5761 -0.8163
vn 0.1369 -0.5366 -0.8327
vn 0.1908 -0.5046 -0.8420
vn 0.1822 -0.5239 -0.8321
vn 0.1606 -0.5412 -0.8254
vn 0.2692 -0.4593 -0.8465
vn 0.3063 -0.4230 -0.8528
vn 0.3060 -0.4342 -0.8473
vn 0.2922 -0.4668 -0.8347
vn 0.3400 -0.3964 -0.8528
vn 0.4048 -0.2934 -0.8660
vn 0.3835 -0.3398 -0.8588
vn 0.3895 -0.3495 -0.8521
vn 0.4059 -0.3070 -0.8608
vn 0.4458 -0.1650 -0.8798
vn 0.4505 -0.1702 -0.8764
vn 0.4407 -0.2334 -0.8668
vn 0.4595 -0.1464 -0.8760
vn 0.4612 -0.0434 -0.8863
vn 0.4658 0.0270 -0.8845
vn 0.4410 -0.0764 -0.8942
vn 0.4365 -0.0023 -0.8997
vn 0.4179 0.1363 -0.8982
vn 0.4144 0.1438 -0.8987
vn 0.4331 0.1142 -0.8941
vn 0.4349 0.1070 -0.8941
vn 0.3760 0.2620 -0.8888
vn 0.3659 0.2862 -0.8856
vn 0.3912 0.2469 -0.8866
vn 0.3918 0.2606 -0.8824
vn 0.3276 0.3404 -0.8814
vn 0.2620 0.4220 -0.8679
vn 0.3161 0.3680 -0.8744
vn 0.3058 0.3851 -0.8707
vn 0.2371 0.4393 -0.8665
vn 0.1487 0.4914 -0.8581
vn 0.1685 0.4905 -0.8550
vn 0.2105 0.4704 -0.8570
vn 0.1040 0.5196 -0.8481
vn 0.0339 0.5362 -0.8434
vn 0.0184 0.5471 -0.8369
vn 0.0789 0.5484 -0.8325
vn 0.0153 0.5552 -0.8316
vn -0.0918 0.5594 -0.8238
vn -0.0741 0.5635 -0.8228
vn -0.0487 0.5835 -0.8106
vn -0.0498 0.5854 -0.8092
vn -0.1655 0.5484 -0.8197
vn -0.1646 0.5549 -0.8155
vn -0.1166 0.5841 -0.8032
vn -0.1356 0.5822 -0.8017
vn -0.1984 0.5294 -0.8249
vn -0.2581 0.4848 -0.8357
vn -0.1889 0.5505 -0.8132
vn -0.2107 0.5327 -0.8196
vn -0.2694 0.4621 -0.8449
vn -0.3171 0.3888 -0.8651
vn -0.3043 0.4238 -0.8531
vn -0.2758 0.4665 -0.8404
vn -0.3522 0.3299 -0.8758
vn -0.3763 0.2645 -0.8879
vn -0.3825 0.2629 -0.8858
vn -0.3679 0.3277 -0.8702
vn -0.3945 0.2242 -0.8911
vn -0.4259 0.0741 -0.9017
vn -0.4201 0.1195 -0.8996
vn -0.4280 0.1402 -0.8929
vn -0.4294 0.1035 -0.8972
vn -0.4222 -0.0874 -0.9023
vn -0.4270 -0.0878 -0.9000
vn -0.4391 -0.0140 -0.8983
vn -0.4328 -0.0901 -0.8970
vn -0.3956 -0.2095 -0.8942
vn -0.3694 -0.2992 -0.8798
vn -0.4143 -0.1959 -0.8888
vn -0.3986 -0.2409 -0.8849
vn -0.3377 -0.3616 -0.8690
vn -0.3030 -0.4112 -0.8597
vn -0.3355 -0.3857 -0.8594
vn -0.3635 -0.3492 -0.8637
vn -0.2705 -0.4641 -0.8435
vn -0.2375 -0.4958 -0.8353
vn -0.2631 -0.4822 -0.8356
vn -0.3006 -0.4648 -0.8328
vn -0.2385 -0.5028 -0.8309
vn -0.1531 -0.5550 -0.8177
vn -0.2047 -0.5312 -0.8222
vn -0.2213 -0.5338 -0.8162
vn -0.1868 -0.5417 -0.8195
vn -0.0778 -0.5588 -0.8257
vn -0.0904 -0.5612 -0.8227
vn -0.1424 -0.5562 -0.8188
vn -0.0726 -0.5589 -0.8260
vn 0.0069 -0.5402 -0.8415
vn 0.0592 -0.5324 -0.8444
vn -0.0109 -0.5539 -0.8325
vn 0.0430 -0.5368 -0.8426
vn 0.1451 -0.4930 -0.8578
vn 0.1754 -0.4731 -0.8634
vn 0.1598 -0.4969 -0.8530
vn 0.1460 -0.5071 -0.8494
vn 0.2619 -0.4153 -0.8711
vn 0.2866 -0.3925 -0.8740
vn 0.2722 -0.4180 -0.8667
vn 0.2687 -0.4373 -0.8582
vn 0.3204 -0.3574 -0.8773
vn 0.3806 -0.2623 -0.8868
vn 0.3480 -0.3324 -0.8766
vn 0.3571 -0.3322 -0.8730
vn 0.3807 -0.2701 -0.8844
vn 0.4153 -0.1414 -0.8986
vn 0.4169 -0.1675 -0.8934
vn 0.4049 -0.2340 -0.8839
vn 0.4267 -0.1196 -0.8964
vn 0.4276 -0.0256 -0.9036
vn 0.4327 0.0168 -0.9014
vn 0.4084 -0.0859 -0.9088
vn 0.4008 0.0063 -0.9162
vn 0.3822 0.1466 -0.9124
vn 0.3864 0.1200 -0.9145
vn 0.4043 0.0899 -0.9102
vn 0.3996 0.1019 -0.9110
vn 0.3386 0.2589 -0.9046
vn 0.3402 0.2627 -0.9029
vn 0.3713 0.2087 -0.9047
vn 0.3589 0.2439 -0.9010
vn 0.2920 0.3264 -0.8990
vn 0.2393 0.3950 -0.8869
vn 0.3060 0.3274 -0.8940
vn 0.2840 0.3537 -0.8912
vn 0.2035 0.4188 -0.8850
vn 0.1346 0.4589 -0.8782
vn 0.1682 0.4513 -0.8764
vn 0.2053 0.4315 -0.8784
vn 0.0814 0.4883 -0.8689
vn 0.0257 0.5025 -0.8642
vn 0.0328 0.5083 -0.8606
vn 0.0856 0.5100 -0.8559
vn 0.0090 0.5163 -0.8563
vn -0.0962 0.5220 -0.8475
vn -0.0528 0.5287 -0.8472
vn -0.0311 0.5469 -0.8366
vn -0.0494 0.5441 -0.8375
vn -0.1638 0.5060 -0.8469
vn -0.1473 0.5218 -0.8402
vn -0.0915 0.5536 -0.8278
vn -0.1323 0.5386 -0.8321
vn -0.1946 0.4844 -0.8530
vn -0.2408 0.4517 -0.8591
vn -0.1643 0.5266 -0.8341
vn -0.1978 0.4942 -0.8465
vn -0.2647 0.4119 -0.8719
vn -0.2944 0.3614 -0.8847
vn -0.2764 0.4070 -0.8706
vn -0.2531 0.4404 -0.8614
vn -0.3355 0.2833 -0.8984
vn -0.3510 0.2388 -0.9054
vn -0.3473 0.2629 -0.9002
vn -0.3382 0.3119 -0.8879
vn -0.3657 0.1927 -0.9105
vn -0.3948 0.0499 -0.9174
vn -0.3848 0.1325 -0.9134
vn -0.3923 0.1434 -0.9086
vn -0.3946 0.0812 -0.9153
vn -0.3861 -0.0989 -0.9171
vn -0.3953 -0.0712 -0.9158
vn -0.4065 0.0125 -0.9135
vn -0.3943 -0.0979 -0.9137
vn -0.3590 -0.2120 -0.9089
vn -0.3440 -0.2733 -0.8983
vn -0.3907 -0.1597 -0.9066
vn -0.3660 -0.2239 -0.9033
vn -0.3014 -0.3570 -0.8842
vn -0.2852 -0.3784 -0.8806
vn -0.3225 -0.3440 -0.8819
vn -0.3397 -0.3189 -0.8848
vn -0.2387 -0.4449 -0.8632
vn -0.2209 -0.4646 -0.8575
vn -0.2604 -0.4360 -0.8615
vn -0.2826 -0.4297 -0.8576
vn -0.2112 -0.4731 -0.8553
vn -0.1341 -0.5226 -0.8420
vn -0.2049 -0.4893 -0.8477
vn -0.2113 -0.4942 -0.8433
vn -0.1594 -0.5078 -0.8466
vn -0.0608 -0.5219 -0.8508
vn -0.0896 -0.5244 -0.8467
vn -0.1432 -0.5178 -0.8434
vn -0.0509 -0.5195 -0.8530
vn 0.0207 -0.5013 -0.8650
vn 0.0517 -0.4981 -0.8656
vn -0.0204 -0.5207 -0.8535
vn 0.0468 -0.4964 -0.8668
vn 0.1530 -0.4500 -0.8798
vn 0.1573 -0.4442 -0.8820
vn 0.1381 -0.4699 -0.8719
vn 0.1351 -0.4710 -0.8717
vn 0.2552 -0.3719 -0.8925
vn 0.2654 -0.3652 -0.8923
vn 0.2384 -0.4030 -0.8836
vn 0.2483 -0.4050 -0.8800
vn 0.3023 -0.3181 -0.8986
vn 0.3557 -0.2353 -0.9045
vn 0.3127 -0.3269 -0.8919
vn 0.3266 -0.3122 -0.8921
vn 0.3571 -0.2312 -0.9050
vn 0.3851 -0.1222 -0.9147
vn 0.3836 -0.1676 -0.9082
vn 0.3704 -0.2319 -0.8995
vn 0.3952 -0.0902 -0.9141
vn 0.3955 -0.0109 -0.9184
vn 0.4006 0.0025 -0.9162
vn 0.3764 -0.0919 -0.9219
vn 0.3658 0.0181 -0.9305
vn 0.3484 0.1548 -0.9245
vn 0.3601 0.0927 -0.9283
vn 0.3755 0.0678 -0.9243
vn 0.3640 0.1016 -0.9259
vn 0.3032 0.2550 -0.9182
vn 0.3170 0.2366 -0.9184
vn 0.3517 0.1714 -0.9203
vn 0.3243 0.2318 -0.9171
vn 0.2578 0.3133 -0.9140
vn 0.2204 0.3655 -0.9043
vn 0.2963 0.2870 -0.9110
vn 0.2601 0.3252 -0.9092
vn 0.1699 0.4001 -0.9006
vn 0.1248 0.4249 -0.8966
vn 0.1692 0.4112 -0.8957
vn 0.1971 0.3945 -0.8975
vn 0.0579 0.4583 -0.8869
vn 0.0206 0.4687 -0.8831
vn 0.0495 0.4684 -0.8821
vn 0.0889 0.4718 -0.8772
vn 0.0004 0.4778 -0.8785
vn -0.0985 0.4851 -0.8689
vn -0.0291 0.4937 -0.8692
vn -0.0157 0.5090 -0.8606
vn -0.0524 0.5017 -0.8635
vn -0.1603 0.4643 -0.8710
vn -0.1274 0.4897 -0.8625
vn -0.0673 0.5217 -0.8504
vn -0.1317 0.4922 -0.8604
vn -0.1896 0.4399 -0.8778
vn -0.2201 0.4214 -0.8798
vn -0.1399 0.5021 -0.8534
vn -0.1864 0.4526 -0.8720
vn -0.2593 0.3613 -0.8957
vn -0.2692 0.3387 -0.9015
vn -0.2483 0.3907 -0.8864
vn -0.2325 0.4105 -0.8817
vn -0.3186 0.2362 -0.9180
vn -0.3248 0.2176 -0.9204
vn -0.3120 0.2652 -0.9123
vn -0.3104 0.2915 -0.9048
vn -0.3380 0.1596 -0.9275
vn -0.3641 0.0304 -0.9309
vn -0.3501 0.1485 -0.9249
vn -0.3578 0.1428 -0.9228
vn -0.3608 0.0546 -0.9310
vn -0.3519 -0.1063 -0.9300
vn -0.3648 -0.0511 -0.9297
vn -0.3742 0.0359 -0.9267
vn -0.3560 -0.1105 -0.9279
vn -0.3246 -0.2128 -0.9216
vn -0.3207 -0.2422 -0.9157
vn -0.3663 -0.1256 -0.9220
vn -0.3323 -0.2113 -0.9192
vn -0.2666 -0.3523 -0.8971
vn -0.2700 -0.3412 -0.9004
vn -0.3084 -0.3020 -0.9020
vn -0.3130 -0.2928 -0.9035
vn -0.2073 -0.4264 -0.8805
vn -0.2067 -0.4310 -0.8783
vn -0.2574 -0.3881 -0.8849
vn -0.2610 -0.3970 -0.8799
vn -0.1828 -0.4444 -0.8770
vn -0.1179 -0.4888 -0.8644
vn -0.2058 -0.4462 -0.8710
vn -0.1982 -0.4550 -0.8681
vn -0.1299 -0.4745 -0.8706
vn -0.0472 -0.4847 -0.8734
vn -0.0910 -0.4871 -0.8686
vn -0.1418 -0.4792 -0.8662
vn -0.0269 -0.4794 -0.8772
vn 0.0322 -0.4632 -0.8857
vn 0.0408 -0.4647 -0.8845
vn -0.0279 -0.4870 -0.8729
vn 0.0531 -0.4551 -0.8888
vn 0.1598 -0.4082 -0.8988
vn 0.1362 -0.4178 -0.8983
vn 0.1175 -0.4425 -0.8890
vn 0.1278 -0.4329 -0.8923
vn 0.2485 -0.3297 -0.9108
vn 0.2427 -0.3414 -0.9081
vn 0.2049 -0.3886 -0.8983
vn 0.2312 -0.3694 -0.9001
vn 0.2854 -0.2791 -0.9169
vn 0.3299 -0.2130 -0.9197
vn 0.2777 -0.3225 -0.9049
vn 0.2981 -0.2891 -0.9097
vn 0.3351 -0.1910 -0.9226
vn 0.3552 -0.1083 -0.9285
vn 0.3506 -0.1700 -0.9210
vn 0.3375 -0.2264 -0.9137
vn 0.3649 -0.0587 -0.9292
vn 0.3648 0.0001 -0.9311
vn 0.3693 -0.0156 -0.9292
vn 0.3451 -0.0935 -0.9339
vn 0.3317 0.0324 -0.9428
vn 0.3166 0.1600 -0.9350
vn 0.3353 0.0622 -0.9401
vn 0.3465 0.0489 -0.9368
vn 0.3281 0.1060 -0.9387
vn 0.2702 0.2492 -0.9300
vn 0.2962 0.2079 -0.9322
vn 0.3318 0.1359 -0.9335
vn 0.2881 0.2242 -0.9310
vn 0.2255 0.3004 -0.9268
vn 0.2054 0.3329 -0.9203
vn 0.2865 0.2474 -0.9256
vn 0.2340 0.2999 -0.9248
vn 0.1370 0.3827 -0.9137
vn 0.1195 0.3889 -0.9135
vn 0.1709 0.3706 -0.9129
vn 0.1854 0.3597 -0.9145
vn 0.0339 0.4293 -0.9025
vn 0.0191 0.4347 -0.9004
vn 0.0679 0.4274 -0.9015
vn 0.0880 0.4341 -0.8966
vn -0.0103 0.4398 -0.8980
vn -0.0982 0.4488 -0.8882
vn -0.0036 0.4583 -0.8888
vn -0.0032 0.4699 -0.8827
vn -0.0586 0.4584 -0.8868
vn -0.1544 0.4239 -0.8925
vn -0.1053 0.4583 -0.8825
vn -0.0447 0.4884 -0.8715
vn -0.1337 0.4431 -0.8864
vn -0.1831 0.3968 -0.8994
vn -0.1960 0.3941 -0.8979
vn -0.1164 0.4761 -0.8717
vn -0.1766 0.4079 -0.8958
vn -0.2529 0.3112 -0.9161
vn -0.2413 0.3209 -0.9158
vn -0.2202 0.3742 -0.9008
vn -0.2140 0.3764 -0.9014
vn -0.3014 0.1897 -0.9344
vn -0.2977 0.2013 -0.9332
vn -0.2769 0.2689 -0.9225
vn -0.2845 0.2656 -0.9211
vn -0.3112 0.1254 -0.9420
vn -0.3338 0.0163 -0.9425
vn -0.3160 0.1665 -0.9340
vn -0.3244 0.1372 -0.9359
vn -0.3280 0.0242 -0.9444
vn -0.3194 -0.1086 -0.9414
vn -0.3351 -0.0280 -0.9418
vn -0.3420 0.0552 -0.9381
vn -0.3179 -0.1277 -0.9395
vn -0.2925 -0.2106 -0.9328
vn -0.2991 -0.2059 -0.9318
vn -0.3408 -0.0947 -0.9354
vn -0.2977 -0.2030 -0.9328
vn -0.2337 -0.3467 -0.9084
vn -0.2570 -0.2994 -0.9189
vn -0.2930 -0.2605 -0.9200
vn -0.2835 -0.2713 -0.9198
vn -0.1766 -0.4079 -0.8958
vn -0.1950 -0.3947 -0.8979
vn -0.2537 -0.3392 -0.9059
vn -0.2354 -0.3672 -0.8999
vn -0.1539 -0.4165 -0.8960
vn -0.1050 -0.4533 -0.8852
vn -0.2071 -0.4021 -0.8919
vn -0.1818 -0.4165 -0.8908
vn -0.0986 -0.4418 -0.8917
vn -0.0375 -0.4471 -0.8937
vn -0.0943 -0.4492 -0.8884
vn -0.1377 -0.4403 -0.8872
vn -0.0011 -0.4391 -0.8984
vn 0.0406 -0.4261 -0.9037
vn 0.0266 -0.4321 -0.9014
vn -0.0328 -0.4525 -0.8912
vn 0.0616 -0.4130 -0.9086
vn 0.1648 -0.3679 -0.9152
vn 0.1124 -0.3939 -0.9123
vn 0.0986 -0.4143 -0.9048
vn 0.1243 -0.3927 -0.9112
vn 0.2413 -0.2893 -0.9263
vn 0.2183 -0.3208 -0.9216
vn 0.1725 -0.3741 -0.9112
vn 0.2176 -0.3303 -0.9184
vn 0.2695 -0.2411 -0.9323
vn 0.3028 -0.1955 -0.9328
vn 0.2434 -0.3185 -0.9162
vn 0.2721 -0.2626 -0.9258
vn 0.3146 -0.1501 -0.9373
vn 0.3251 -0.1001 -0.9404
vn 0.3178 -0.1739 -0.9321
vn 0.3062 -0.2169 -0.9270
vn 0.3358 -0.0258 -0.9416
vn 0.3354 0.0066 -0.9421
vn 0.3384 -0.0370 -0.9403
vn 0.3144 -0.0898 -0.9450
vn 0.2984 0.0490 -0.9532
vn 0.2868 0.1613 -0.9443
vn 0.3116 0.0288 -0.9498
vn 0.3172 0.0339 -0.9478
vn 0.2919 0.1149 -0.9495
vn 0.2399 0.2406 -0.9405
vn 0.2775 0.1765 -0.9444
vn 0.3114 0.1029 -0.9447
vn 0.2502 0.2213 -0.9426
vn 0.1957 0.2871 -0.9377
vn 0.1942 0.2970 -0.9349
vn 0.2759 0.2093 -0.9381
vn 0.2058 0.2779 -0.9383
vn 0.1054 0.3661 -0.9246
vn 0.1191 0.3503 -0.9290
vn 0.1725 0.3297 -0.9282
vn 0.1700 0.3274 -0.9294
vn 0.0102 0.4013 -0.9159
vn 0.0216 0.3999 -0.9163
vn 0.0873 0.3853 -0.9187
vn 0.0824 0.3971 -0.9141
vn -0.0224 0.4025 -0.9152
vn -0.0945 0.4129 -0.9059
vn 0.0233 0.4226 -0.9060
vn 0.0056 0.4296 -0.9030
vn -0.0679 0.4145 -0.9075
vn -0.1454 0.3850 -0.9114
vn -0.0812 0.4275 -0.9004
vn -0.0245 0.4534 -0.8910
vn -0.1383 0.3916 -0.9097
vn -0.1745 0.3558 -0.9181
vn -0.1686 0.3696 -0.9138
vn -0.0943 0.4481 -0.8890
vn -0.1684 0.3604 -0.9175
vn -0.2453 0.2628 -0.9332
vn -0.2106 0.3081 -0.9278
vn -0.1925 0.3564 -0.9143
vn -0.1975 0.3378 -0.9203
vn -0.2837 0.1448 -0.9479
vn -0.2695 0.1901 -0.9440
vn -0.2420 0.2730 -0.9311
vn -0.2605 0.2335 -0.9368
vn -0.2851 0.0911 -0.9541
vn -0.3037 0.0083 -0.9527
vn -0.2825 0.1855 -0.9412
vn -0.2921 0.1261 -0.9481
vn -0.2963 -0.0093 -0.9550
vn -0.2886 -0.1046 -0.9517
vn -0.3061 -0.0024 -0.9520
vn -0.3100 0.0693 -0.9482
vn -0.2802 -0.1487 -0.9483
vn -0.2630 -0.2042 -0.9430
vn -0.2787 -0.1643 -0.9462
vn -0.3141 -0.0682 -0.9469
vn -0.2623 -0.1988 -0.9443
vn -0.2031 -0.3390 -0.9186
vn -0.2460 -0.2526 -0.9358
vn -0.2757 -0.2205 -0.9356
vn -0.2512 -0.2549 -0.9338
vn -0.1474 -0.3886 -0.9095
vn -0.1856 -0.3554 -0.9161
vn -0.2486 -0.2900 -0.9242
vn -0.2058 -0.3408 -0.9174
vn -0.1253 -0.3893 -0.9126
vn -0.0955 -0.4156 -0.9045
vn -0.2082 -0.3575 -0.9104
vn -0.1618 -0.3791 -0.9111
vn -0.0664 -0.4098 -0.9098
vn -0.0325 -0.4091 -0.9119
vn -0.0989 -0.4107 -0.9064
vn -0.1304 -0.4014 -0.9066
vn 0.0260 -0.3986 -0.9167
vn 0.0452 -0.3903 -0.9196
vn 0.0093 -0.4000 -0.9165
vn -0.0343 -0.4168 -0.9083
vn 0.0721 -0.3704 -0.9261
vn 0.1673 -0.3296 -0.9292
vn 0.0858 -0.3721 -0.9242
vn 0.0822 -0.3846 -0.9194
vn 0.1245 -0.3503 -0.9283
vn 0.2328 -0.2515 -0.9394
vn 0.1923 -0.3033 -0.9333
vn 0.1416 -0.3588 -0.9226
vn 0.2077 -0.2875 -0.9350
vn 0.2541 -0.2051 -0.9452
vn 0.2742 -0.1830 -0.9441
vn 0.2102 -0.3140 -0.9259
vn 0.2485 -0.2324 -0.9404
vn 0.2954 -0.1095 -0.9491
vn 0.2944 -0.0983 -0.9506
vn 0.2853 -0.1787 -0.9416
vn 0.2767 -0.2027 -0.9393
vn 0.3079 0.0077 -0.9514
vn 0.3070 0.0079 -0.9517
vn 0.3079 -0.0611 -0.9495
vn 0.2841 -0.0799 -0.9554
vn 0.2662 0.0673 -0.9616
vn 0.2589 0.1581 -0.9529
vn 0.2888 -0.0069 -0.9574
vn 0.2871 0.0238 -0.9576
vn 0.2556 0.1282 -0.9582
vn 0.2126 0.2284 -0.9501
vn 0.2605 0.1427 -0.9549
vn 0.2899 0.0733 -0.9542
vn 0.2108 0.2231 -0.9517
vn 0.1690 0.2723 -0.9473
vn 0.1867 0.2571 -0.9482
vn 0.2638 0.1735 -0.9488
vn 0.1754 0.2593 -0.9497
vn 0.0761 0.3499 -0.9337
vn 0.1236 0.3086 -0.9431
vn 0.1732 0.2890 -0.9415
vn 0.1504 0.2982 -0.9426
vn -0.0125 0.3739 -0.9274
vn 0.0282 0.3642 -0.9309
vn 0.1070 0.3421 -0.9335
vn 0.0714 0.3611 -0.9298
vn -0.0355 0.3660 -0.9299
vn -0.0871 0.3772 -0.9220
vn 0.0510 0.3864 -0.9209
vn 0.0101 0.3882 -0.9215
vn -0.0799 0.3703 -0.9255
vn -0.1326 0.3482 -0.9280
vn -0.0554 0.3970 -0.9161
vn -0.0073 0.4163 -0.9092
vn -0.1454 0.3379 -0.9299
vn -0.1633 0.3178 -0.9340
vn -0.1379 0.3479 -0.9274
vn -0.0743 0.4174 -0.9057
vn -0.1616 0.3105 -0.9367
vn -0.2359 0.2171 -0.9472
vn -0.1771 0.3001 -0.9373
vn -0.1658 0.3364 -0.9270
vn -0.1833 0.2943 -0.9380
vn -0.2653 0.1027 -0.9587
vn -0.2403 0.1838 -0.9531
vn -0.2077 0.2764 -0.9383
vn -0.2383 0.1945 -0.9515
vn -0.2598 0.0577 -0.9639
vn -0.2737 0.0069 -0.9618
vn -0.2497 0.2045 -0.9465
vn -0.2608 0.1088 -0.9593
vn -0.2656 -0.0448 -0.9630
vn -0.2593 -0.0932 -0.9613
vn -0.2775 0.0250 -0.9604
vn -0.2781 0.0772 -0.9574
vn -0.2432 -0.1726 -0.9545
vn -0.2360 -0.1921 -0.9526
vn -0.2591 -0.1178 -0.9586
vn -0.2860 -0.0476 -0.9570
vn -0.2265 -0.1986 -0.9536
vn -0.1749 -0.3283 -0.9282
vn -0.2366 -0.2008 -0.9506
vn -0.2562 -0.1832 -0.9491
vn -0.2163 -0.2437 -0.9454
vn -0.1201 -0.3679 -0.9221
vn -0.1782 -0.3130 -0.9329
vn -0.2417 -0.2415 -0.9398
vn -0.1720 -0.3181 -0.9323
vn -0.0978 -0.3623 -0.9269
vn -0.0899 -0.3755 -0.9225
vn -0.2084 -0.3128 -0.9267
vn -0.1381 -0.3430 -0.9291
vn -0.0339 -0.3786 -0.9250
vn -0.0327 -0.3704 -0.9283
vn -0.1043 -0.3715 -0.9225
vn -0.1194 -0.3626 -0.9243
vn 0.0536 -0.3583 -0.9321
vn 0.0454 -0.3558 -0.9334
vn -0.0105 -0.3681 -0.9297
vn -0.0317 -0.3798 -0.9245
vn 0.0841 -0.3274 -0.9411
vn 0.1667 -0.2936 -0.9413
vn 0.0567 -0.3522 -0.9342
vn 0.0690 -0.3529 -0.9331
vn 0.1283 -0.3058 -0.9434
vn 0.2224 -0.2169 -0.9505
vn 0.1645 -0.2886 -0.9432
vn 0.1129 -0.3419 -0.9329
vn 0.2015 -0.2407 -0.9495
vn 0.2385 -0.1719 -0.9558
vn 0.2436 -0.1757 -0.9538
vn 0.1785 -0.3082 -0.9344
vn 0.2274 -0.1982 -0.9534
vn 0.2771 -0.0701 -0.9583
vn 0.2629 -0.1034 -0.9593
vn 0.2532 -0.1835 -0.9498
vn 0.2490 -0.1834 -0.9510
vn 0.2810 0.0411 -0.9588
vn 0.2793 0.0036 -0.9602
vn 0.2774 -0.0871 -0.9568
vn 0.2543 -0.0627 -0.9651
vn 0.2351 0.0867 -0.9681
vn 0.2328 0.1495 -0.9610
vn 0.2667 -0.0445 -0.9628
vn 0.2561 0.0195 -0.9664
vn 0.2192 0.1455 -0.9648
vn 0.1886 0.2111 -0.9591
vn 0.2450 0.1065 -0.9637
vn 0.2670 0.0477 -0.9625
vn 0.1699 0.2293 -0.9584
vn 0.1459 0.2550 -0.9559
vn 0.1826 0.2129 -0.9598
vn 0.2495 0.1409 -0.9581
vn 0.1429 0.2442 -0.9591
vn 0.0495 0.3332 -0.9416
vn 0.1330 0.2631 -0.9556
vn 0.1721 0.2489 -0.9531
vn 0.1263 0.2724 -0.9539
vn -0.0334 0.3469 -0.9373
vn 0.0389 0.3270 -0.9442
vn 0.1261 0.2982 -0.9461
vn 0.0544 0.3265 -0.9436
vn -0.0489 0.3304 -0.9426
vn -0.0753 0.3416 -0.9368
vn 0.0787 0.3496 -0.9336
vn 0.0094 0.3458 -0.9383
vn -0.0943 0.3261 -0.9406
vn -0.1151 0.3135 -0.9426
vn -0.0284 0.3666 -0.9299
vn 0.0062 0.3772 -0.9261
vn -0.1549 0.2828 -0.9466
vn -0.1487 0.2833 -0.9474
vn -0.1040 0.3286 -0.9387
vn -0.0573 0.3831 -0.9219
vn -0.1563 0.2584 -0.9533
vn -0.2245 0.1751 -0.9586
vn -0.1406 0.2968 -0.9445
vn -0.1406 0.3129 -0.9393
vn -0.1713 0.2457 -0.9541
vn -0.2459 0.0647 -0.9671
vn -0.2098 0.1824 -0.9606
vn -0.1743 0.2777 -0.9447
vn -0.2180 0.1480 -0.9647
vn -0.2351 0.0263 -0.9716
vn -0.2434 0.0126 -0.9698
vn -0.2175 0.2223 -0.9504
vn -0.2304 0.0851 -0.9694
vn -0.2360 -0.0808 -0.9684
vn -0.2313 -0.0730 -0.9701
vn -0.2491 0.0534 -0.9670
vn -0.2464 0.0780 -0.9660
vn -0.2070 -0.1987 -0.9580
vn -0.2115 -0.1734 -0.9619
vn -0.2400 -0.0670 -0.9685
vn -0.2563 -0.0342 -0.9660
vn -0.1904 -0.2018 -0.9608
vn -0.1494 -0.3136 -0.9377
vn -0.2285 -0.1444 -0.9628
vn -0.2339 -0.1501 -0.9606
vn -0.1788 -0.2379 -0.9547
vn -0.0955 -0.3447 -0.9338
vn -0.1729 -0.2675 -0.9479
vn -0.2326 -0.1946 -0.9529
vn -0.1340 -0.2995 -0.9446
vn -0.0722 -0.3351 -0.9394
vn -0.0884 -0.3323 -0.9390
vn -0.2072 -0.2685 -0.9407
vn -0.1106 -0.3087 -0.9447
vn -0.0020 -0.3481 -0.9375
vn -0.0388 -0.3308 -0.9429
vn -0.1099 -0.3318 -0.9369
vn -0.1042 -0.3241 -0.9403
vn 0.0812 -0.3184 -0.9445
vn 0.0406 -0.3227 -0.9456
vn -0.0326 -0.3363 -0.9412
vn -0.0242 -0.3411 -0.9397
vn 0.0972 -0.2843 -0.9538
vn 0.1623 -0.2603 -0.9518
vn 0.0253 -0.3339 -0.9423
vn 0.0596 -0.3185 -0.9460
vn 0.1354 -0.2593 -0.9563
vn 0.2091 -0.1863 -0.9600
vn 0.1352 -0.2763 -0.9515
vn 0.0869 -0.3228 -0.9425
vn 0.1988 -0.1899 -0.9615
vn 0.2220 -0.1426 -0.9646
vn 0.2108 -0.1736 -0.9620
vn 0.1488 -0.3001 -0.9422
vn 0.2088 -0.1602 -0.9647
vn 0.2593 -0.0329 -0.9652
vn 0.2299 -0.1159 -0.9663
vn 0.2217 -0.1872 -0.9570
vn 0.2234 -0.1582 -0.9618
vn 0.2551 0.0736 -0.9641
vn 0.2522 -0.0068 -0.9676
vn 0.2471 -0.1142 -0.9623
vn 0.2248 -0.0367 -0.9737
vn 0.2051 0.1066 -0.9729
vn 0.2083 0.1346 -0.9688
vn 0.2449 -0.0834 -0.9660
vn 0.2239 0.0217 -0.9744
vn 0.1830 0.1664 -0.9689
vn 0.1682 0.1874 -0.9678
vn 0.2304 0.0680 -0.9707
vn 0.2423 0.0272 -0.9698
vn 0.1278 0.2399 -0.9623
vn 0.1271 0.2341 -0.9639
vn 0.1819 0.1640 -0.9695
vn 0.2322 0.1124 -0.9662
vn 0.1086 0.2324 -0.9665
vn 0.0265 0.3153 -0.9486
vn 0.1472 0.2132 -0.9659
vn 0.1682 0.2102 -0.9631
vn 0.0972 0.2503 -0.9633
vn -0.0517 0.3197 -0.9461
vn 0.0538 0.2880 -0.9561
vn 0.1437 0.2538 -0.9565
vn 0.0305 0.2935 -0.9555
vn -0.0617 0.2957 -0.9533
vn -0.0586 0.3058 -0.9503
vn 0.1058 0.3123 -0.9441
vn 0.0032 0.3023 -0.9532
vn -0.1106 0.2824 -0.9529
vn -0.0918 0.2814 -0.9552
vn -0.0005 0.3361 -0.9418
vn 0.0151 0.3356 -0.9419
vn -0.1668 0.2265 -0.9596
vn -0.1302 0.2532 -0.9586
vn -0.0670 0.3114 -0.9479
vn -0.0441 0.3445 -0.9378
vn -0.1527 0.2047 -0.9668
vn -0.2107 0.1380 -0.9678
vn -0.1011 0.2981 -0.9492
vn -0.1176 0.2845 -0.9514
vn -0.1619 0.1919 -0.9680
vn -0.2253 0.0319 -0.9738
vn -0.1779 0.1856 -0.9664
vn -0.1420 0.2759 -0.9507
vn -0.1997 0.0936 -0.9754
vn -0.2108 -0.0015 -0.9775
vn -0.2125 0.0262 -0.9768
vn -0.1860 0.2378 -0.9533
vn -0.2010 0.0552 -0.9780
vn -0.2076 -0.1159 -0.9713
vn -0.2042 -0.0427 -0.9780
vn -0.2209 0.0818 -0.9719
vn -0.2147 0.0709 -0.9741
vn -0.1717 -0.2259 -0.9589
vn -0.1893 -0.1471 -0.9708
vn -0.2211 -0.0129 -0.9752
vn -0.2245 -0.0296 -0.9740
vn -0.1542 -0.2082 -0.9659
vn -0.1267 -0.2938 -0.9474
vn -0.2216 -0.0837 -0.9716
vn -0.2086 -0.1224 -0.9703
vn -0.1389 -0.2377 -0.9614
vn -0.0742 -0.3179 -0.9452
vn -0.1694 -0.2188 -0.9610
vn -0.2208 -0.1503 -0.9637
vn -0.0917 -0.2855 -0.9540
vn -0.0495 -0.3071 -0.9504
vn -0.0916 -0.2857 -0.9539
vn -0.2039 -0.2252 -0.9527
vn -0.0794 -0.2762 -0.9578
vn 0.0285 -0.3183 -0.9476
vn -0.0516 -0.2897 -0.9557
vn -0.1149 -0.2916 -0.9496
vn -0.0842 -0.2860 -0.9545
vn 0.1080 -0.2792 -0.9541
vn 0.0303 -0.2909 -0.9563
vn -0.0563 -0.3042 -0.9509
vn -0.0108 -0.3005 -0.9537
vn 0.1110 -0.2416 -0.9640
vn 0.1532 -0.2298 -0.9611
vn -0.0081 -0.3167 -0.9485
vn 0.0547 -0.2809 -0.9582
vn 0.1455 -0.2109 -0.9666
vn 0.1920 -0.1605 -0.9682
vn 0.1043 -0.2662 -0.9583
vn 0.0643 -0.3006 -0.9516
vn 0.1997 -0.1349 -0.9705
vn 0.2038 -0.1184 -0.9718
vn 0.1753 -0.1770 -0.9685
vn 0.1217 -0.2886 -0.9497
vn 0.1927 -0.1182 -0.9741
vn 0.2416 0.0010 -0.9704
vn 0.1950 -0.1365 -0.9713
vn 0.1909 -0.1885 -0.9633
vn 0.2000 -0.1264 -0.9716
vn 0.2301 0.1042 -0.9676
vn 0.2253 -0.0233 -0.9740
vn 0.2167 -0.1412 -0.9660
vn 0.1954 -0.0002 -0.9807
vn 0.1765 0.1261 -0.9762
vn 0.1854 0.1121 -0.9763
vn 0.2233 -0.1233 -0.9669
vn 0.1903 0.0312 -0.9812
vn 0.1473 0.1903 -0.9706
vn 0.1517 0.1552 -0.9762
vn 0.2167 0.0271 -0.9759
vn 0.2153 0.0125 -0.9765
vn 0.0846 0.2549 -0.9632
vn 0.1132 0.2080 -0.9715
vn 0.1842 0.1097 -0.9767
vn 0.2107 0.0894 -0.9735
vn 0.0723 0.2242 -0.9719
vn 0.0076 0.2955 -0.9553
vn 0.1665 0.1582 -0.9733
vn 0.1602 0.1737 -0.9717
vn 0.0623 0.2327 -0.9705
vn -0.0665 0.2918 -0.9542
vn 0.0728 0.2468 -0.9663
vn 0.1587 0.2093 -0.9649
vn -0.0013 0.2624 -0.9650
vn -0.0729 0.2619 -0.9623
vn -0.0359 0.2692 -0.9624
vn 0.1315 0.2746 -0.9525
vn -0.0093 0.2580 -0.9661
vn -0.1283 0.2396 -0.9624
vn -0.0614 0.2519 -0.9658
vn 0.0276 0.3051 -0.9519
vn 0.0185 0.2914 -0.9564
vn -0.1809 0.1696 -0.9688
vn -0.1068 0.2280 -0.9678
vn -0.0272 0.2959 -0.9548
vn -0.0362 0.3003 -0.9532
vn -0.1510 0.1497 -0.9771
vn -0.1940 0.1064 -0.9752
vn -0.0584 0.3039 -0.9509
vn -0.0978 0.2497 -0.9634
vn -0.1556 0.1325 -0.9789
vn -0.2031 0.0059 -0.9791
vn -0.1446 0.1932 -0.9704
vn -0.1110 0.2696 -0.9566
vn -0.1837 0.0304 -0.9825
vn -0.1867 -0.0236 -0.9821
vn -0.1805 0.0484 -0.9824
vn -0.1554 0.2500 -0.9557
vn -0.1723 0.0192 -0.9849
vn -0.1804 -0.1482 -0.9724
vn -0.1777 -0.0006 -0.9841
vn -0.1927 0.1091 -0.9752
vn -0.1829 0.0546 -0.9816
vn -0.1375 -0.2534 -0.9575
vn -0.1694 -0.1126 -0.9791
vn -0.2021 0.0430 -0.9784
vn -0.1904 -0.0359 -0.9811
vn -0.1181 -0.2175 -0.9689
vn -0.1069 -0.2679 -0.9575
vn -0.2158 -0.0190 -0.9763
vn -0.1796 -0.1017 -0.9785
vn -0.0967 -0.2431 -0.9652
vn -0.0571 -0.2859 -0.9565
vn -0.1678 -0.1669 -0.9716
vn -0.2059 -0.1095 -0.9724
vn -0.0449 -0.2764 -0.9600
vn -0.0309 -0.2775 -0.9602
vn -0.1000 -0.2350 -0.9668
vn -0.1977 -0.1837 -0.9629
vn -0.0443 -0.2459 -0.9683
vn 0.0566 -0.2891 -0.9556
vn -0.0722 -0.2468 -0.9664
vn -0.1183 -0.2510 -0.9607
vn -0.0586 -0.2486 -0.9668
vn 0.1333 -0.2408 -0.9614
vn 0.0138 -0.2602 -0.9655
vn -0.0811 -0.2716 -0.9590
vn 0.0098 -0.2574 -0.9663
vn 0.1249 -0.1994 -0.9719
vn 0.1388 -0.2024 -0.9694
vn -0.0434 -0.3005 -0.9528
vn 0.0550 -0.2392 -0.9694
vn 0.1585 -0.1608 -0.9742
vn 0.1697 -0.1404 -0.9754
vn 0.0717 -0.2580 -0.9635
vn 0.0456 -0.2745 -0.9605
vn 0.2041 -0.0755 -0.9760
vn 0.1828 -0.1009 -0.9780
vn 0.1367 -0.1859 -0.9730
vn 0.0977 -0.2723 -0.9572
vn 0.1789 -0.0721 -0.9812
vn 0.2236 0.0304 -0.9742
vn 0.1576 -0.1659 -0.9735
vn 0.1614 -0.1855 -0.9693
vn 0.1788 -0.0866 -0.9801
vn 0.2058 0.1320 -0.9696
vn 0.1983 -0.0462 -0.9790
vn 0.1863 -0.1668 -0.9682
vn 0.1661 0.0496 -0.9849
vn 0.1493 0.1442 -0.9782
vn 0.1637 0.0799 -0.9833
vn 0.2017 -0.1637 -0.9657
vn 0.1551 0.0486 -0.9867
vn 0.1125 0.2163 -0.9698
vn 0.1397 0.1114 -0.9839
vn 0.2033 -0.0161 -0.9790
vn 0.1853 0.0049 -0.9827
vn 0.0403 0.2747 -0.9607
vn 0.1047 0.1754 -0.9789
vn 0.1893 0.0497 -0.9807
vn 0.1835 0.0738 -0.9802
vn 0.0338 0.2200 -0.9749
vn -0.0065 0.2726 -0.9621
vn 0.1913 0.0970 -0.9767
vn 0.1464 0.1405 -0.9792
vn 0.0208 0.2205 -0.9752
vn -0.0766 0.2622 -0.9620
vn 0.0962 0.2030 -0.9745
vn 0.1702 0.1651 -0.9715
vn -0.0427 0.2339 -0.9713
vn -0.0814 0.2289 -0.9700
vn -0.0060 0.2315 -0.9728
vn 0.1552 0.2364 -0.9592
vn -0.0287 0.2127 -0.9767
vn -0.1465 0.1979 -0.9692
vn -0.0219 0.2255 -0.9740
vn 0.0554 0.2734 -0.9603
vn 0.0152 0.2441 -0.9696
vn -0.1975 0.1124 -0.9738
vn -0.0777 0.2084 -0.9749
vn 0.0149 0.2818 -0.9594
vn -0.0354 0.2488 -0.9679
vn -0.1516 0.0936 -0.9840
vn -0.1737 0.0815 -0.9814
vn -0.0120 0.3146 -0.9492
vn -0.0821 0.2067 -0.9749
vn -0.1529 0.0673 -0.9860
vn -0.1785 -0.0115 -0.9839
vn -0.1095 0.2056 -0.9725
vn -0.0818 0.2576 -0.9628
vn -0.1705 -0.0425 -0.9844
vn -0.1624 -0.0376 -0.9860
vn -0.1468 0.0807 -0.9859
vn -0.1257 0.2576 -0.9581
vn -0.1446 -0.0229 -0.9892
vn -0.1547 -0.1757 -0.9722
vn -0.1515 0.0556 -0.9869
vn -0.1643 0.1336 -0.9773
vn -0.1509 0.0274 -0.9882
vn -0.1044 -0.2807 -0.9541
vn -0.1514 -0.0699 -0.9860
vn -0.1828 0.0986 -0.9782
vn -0.1529 -0.0558 -0.9867
vn -0.0821 -0.2298 -0.9698
vn -0.0904 -0.2343 -0.9679
vn -0.2114 0.0494 -0.9761
vn -0.1463 -0.0891 -0.9852
vn -0.0522 -0.2543 -0.9657
vn -0.0455 -0.2469 -0.9680
vn -0.1684 -0.1115 -0.9794
vn -0.1873 -0.0732 -0.9796
vn 0.0072 -0.2731 -0.9620
vn -0.0179 -0.2451 -0.9693
vn -0.1147 -0.1791 -0.9771
vn -0.1875 -0.1447 -0.9716
vn -0.0049 -0.2183 -0.9759
vn 0.0813 -0.2602 -0.9621
vn -0.1020 -0.2013 -0.9742
vn -0.1190 -0.2102 -0.9704
vn -0.0259 -0.2122 -0.9769
vn 0.1567 -0.2033 -0.9665
vn -0.0094 -0.2305 -0.9730
vn -0.1062 -0.2382 -0.9654
vn 0.0395 -0.2112 -0.9766
vn 0.1384 -0.1583 -0.9777
vn 0.1177 -0.1783 -0.9769
vn -0.0806 -0.2852 -0.9551
vn 0.0613 -0.1927 -0.9794
vn 0.1738 -0.1095 -0.9787
vn 0.1404 -0.1275 -0.9819
vn 0.0373 -0.2517 -0.9671
vn 0.0314 -0.2434 -0.9694
vn 0.2122 -0.0109 -0.9772
vn 0.1578 -0.0917 -0.9832
vn 0.0946 -0.2007 -0.9751
vn 0.0778 -0.2492 -0.9653
vn 0.1676 -0.0213 -0.9856
vn 0.2045 0.0540 -0.9774
vn 0.1172 -0.2057 -0.9716
vn 0.1335 -0.1758 -0.9753
vn 0.1603 -0.0370 -0.9864
vn 0.1819 0.1560 -0.9709
vn 0.1710 -0.0759 -0.9823
vn 0.1561 -0.1896 -0.9694
vn 0.1368 0.1171 -0.9836
vn 0.1238 0.1587 -0.9795
vn 0.1433 0.0343 -0.9891
vn 0.1800 -0.2049 -0.9621
vn 0.1181 0.0747 -0.9902
vn 0.0794 0.2428 -0.9668
vn 0.1331 0.0513 -0.9898
vn 0.1903 -0.0624 -0.9797
vn 0.1514 0.0066 -0.9884
vn -0.0055 0.3002 -0.9539
vn 0.1023 0.1344 -0.9856
vn 0.1967 -0.0164 -0.9803
vn 0.1485 0.0686 -0.9865
vn -0.0076 0.2208 -0.9753
vn -0.0150 0.2456 -0.9693
vn 0.2228 0.0279 -0.9745
vn 0.1249 0.1119 -0.9858
vn -0.0291 0.2150 -0.9762
vn -0.0802 0.2297 -0.9700
vn 0.1248 0.1558 -0.9799
vn 0.1772 0.1214 -0.9767
vn -0.0964 0.2087 -0.9732
vn -0.0850 0.1966 -0.9768
vn 0.0336 0.1920 -0.9808
vn 0.1763 0.1981 -0.9642
vn -0.0562 0.1664 -0.9845
vn -0.1646 0.1581 -0.9736
vn 0.0303 0.2028 -0.9787
vn 0.0820 0.2404 -0.9672
vn 0.0030 0.1930 -0.9812
vn -0.2172 0.0548 -0.9746
vn -0.0418 0.1951 -0.9799
vn 0.0590 0.2682 -0.9616
vn -0.0447 0.1873 -0.9813
vn -0.1554 0.0361 -0.9872
vn -0.1487 0.0644 -0.9868
vn 0.0391 0.3314 -0.9427
vn -0.0717 0.1537 -0.9855
vn -0.1545 -0.0039 -0.9880
vn -0.1500 -0.0176 -0.9885
vn -0.0718 0.2237 -0.9720
vn -0.0546 0.2385 -0.9696
vn -0.1610 -0.1271 -0.9787
vn -0.1372 -0.0397 -0.9897
vn -0.1103 0.1257 -0.9859
vn -0.0971 0.2589 -0.9610
vn -0.1178 -0.0714 -0.9905
vn -0.1304 -0.1964 -0.9718
vn -0.1250 0.1297 -0.9836
vn -0.1357 0.1527 -0.9789
vn -0.1183 -0.0143 -0.9929
vn -0.0725 -0.3076 -0.9488
vn -0.1354 -0.0191 -0.9906
vn -0.1629 0.1514 -0.9749
vn -0.1106 -0.0940 -0.9894
vn -0.0463 -0.2452 -0.9684
vn -0.0778 -0.1909 -0.9785
vn -0.2092 0.1222 -0.9702
vn -0.1080 -0.0860 -0.9904
vn -0.0057 -0.2711 -0.9625
vn -0.0414 -0.1973 -0.9795
vn -0.1720 -0.0517 -0.9837
vn -0.1644 -0.0424 -0.9855
vn 0.0659 -0.2771 -0.9586
vn -0.0125 -0.2085 -0.9779
vn -0.1373 -0.1167 -0.9836
vn -0.1716 -0.1095 -0.9791
vn 0.0395 -0.1938 -0.9802
vn 0.1017 -0.2315 -0.9675
vn -0.1441 -0.1521 -0.9778
vn -0.1149 -0.1693 -0.9788
vn 0.0163 -0.1773 -0.9840
vn 0.1774 -0.1668 -0.9699
vn -0.0407 -0.2019 -0.9786
vn -0.1307 -0.2036 -0.9703
vn 0.0817 -0.1611 -0.9836
vn 0.1507 -0.1186 -0.9814
vn 0.0879 -0.1582 -0.9835
vn -0.1203 -0.2711 -0.9550
vn 0.0743 -0.1403 -0.9873
vn 0.1910 -0.0575 -0.9799
vn 0.1012 -0.1241 -0.9871
vn 0.0004 -0.2475 -0.9689
vn 0.0226 -0.2058 -0.9783
vn 0.2247 0.0600 -0.9726
vn 0.1276 -0.0930 -0.9875
vn 0.0485 -0.2220 -0.9738
vn 0.0631 -0.2162 -0.9743
vn 0.1591 0.0353 -0.9866
vn 0.1839 0.0702 -0.9804
vn 0.0727 -0.2585 -0.9633
vn 0.1082 -0.1554 -0.9819
vn 0.1450 0.0257 -0.9891
vn 0.1581 0.1744 -0.9719
vn 0.1431 -0.1131 -0.9832
vn 0.1260 -0.2073 -0.9701
vn 0.1073 0.2103 -0.9717
vn 0.1005 0.1658 -0.9810
vn 0.1241 -0.0322 -0.9917
vn 0.1585 -0.2475 -0.9558
vn 0.0791 0.1099 -0.9908
vn 0.0491 0.2674 -0.9623
vn 0.1338 -0.0343 -0.9904
vn 0.1776 -0.1127 -0.9776
vn 0.1120 0.0218 -0.9935
vn -0.0540 0.3341 -0.9410
vn 0.1063 0.0838 -0.9908
vn 0.2054 -0.0880 -0.9747
vn 0.1011 0.0799 -0.9917
vn -0.0537 0.2291 -0.9719
vn -0.0168 0.2126 -0.9770
vn 0.2639 -0.0523 -0.9631
vn 0.0931 0.0897 -0.9916
vn -0.0898 0.2186 -0.9717
vn -0.0743 0.1920 -0.9786
vn 0.1608 0.1039 -0.9815
vn 0.1782 0.0786 -0.9808
vn -0.1681 0.1886 -0.9676
vn -0.0809 0.1647 -0.9830
vn 0.0880 0.1495 -0.9848
vn 0.1942 0.1595 -0.9679
vn -0.0939 0.1188 -0.9885
vn -0.1812 0.1208 -0.9760
vn 0.1016 0.1854 -0.9774
vn 0.1060 0.2054 -0.9729
vn -0.0223 0.1363 -0.9904
vn -0.2419 -0.0040 -0.9703
vn 0.0020 0.1890 -0.9820
vn 0.1037 0.2537 -0.9617
vn -0.0699 0.1105 -0.9914
vn -0.1637 -0.0237 -0.9862
vn -0.1170 0.0575 -0.9915
vn 0.0971 0.3572 -0.9290
vn -0.0676 0.0888 -0.9938
vn -0.1612 -0.0806 -0.9836
vn -0.1150 -0.0070 -0.9933
vn -0.0304 0.2504 -0.9677
vn -0.0302 0.2101 -0.9772
vn -0.1571 -0.2281 -0.9609
vn -0.1103 -0.0254 -0.9936
vn -0.0700 0.1870 -0.9799
vn -0.0699 0.2517 -0.9653
vn -0.0922 -0.1280 -0.9875
vn -0.1077 -0.2072 -0.9724
vn -0.0981 0.2284 -0.9686
vn -0.1063 0.1620 -0.9811
vn -0.0844 -0.0778 -0.9934
vn -0.0415 -0.3347 -0.9414
vn -0.1215 0.0396 -0.9918
vn -0.1417 0.1978 -0.9700
vn -0.0610 -0.1590 -0.9854
vn -0.0105 -0.2646 -0.9643
vn -0.0706 -0.1332 -0.9886
vn -0.2105 0.2016 -0.9566
vn -0.0640 -0.0930 -0.9936
vn 0.0418 -0.2929 -0.9552
vn -0.0489 -0.1311 -0.9902
vn -0.1807 0.0147 -0.9834
vn -0.1358 -0.0185 -0.9906
vn 0.1343 -0.2914 -0.9471
vn -0.0174 -0.1659 -0.9860
vn -0.1704 -0.0457 -0.9843
vn -0.1471 -0.0800 -0.9859
vn 0.0914 -0.1737 -0.9805
vn 0.1163 -0.2027 -0.9723
vn -0.2041 -0.0974 -0.9741
vn -0.1030 -0.1286 -0.9863
vn 0.0729 -0.1448 -0.9868
vn 0.1950 -0.1312 -0.9720
vn -0.0820 -0.1745 -0.9812
vn -0.1537 -0.1674 -0.9738
vn 0.1426 -0.1051 -0.9842
vn 0.1607 -0.0814 -0.9836
vn 0.0452 -0.1435 -0.9886
vn -0.1642 -0.2591 -0.9518
vn 0.0951 -0.0810 -0.9922
vn 0.2091 -0.0062 -0.9779
vn 0.0465 -0.1349 -0.9898
vn -0.0401 -0.2463 -0.9684
vn 0.0210 -0.1591 -0.9870
vn 0.2437 0.1405 -0.9596
vn 0.0910 -0.1070 -0.9901
vn -0.0018 -0.2495 -0.9684
vn 0.0560 -0.1678 -0.9842
vn 0.1544 0.1008 -0.9829
vn 0.1608 0.0766 -0.9840
vn 0.0225 -0.3293 -0.9439
vn 0.0860 -0.1191 -0.9892
vn 0.1336 0.1061 -0.9853
vn 0.1338 0.1849 -0.9736
vn 0.1144 -0.1598 -0.9805
vn 0.0960 -0.2171 -0.9714
vn 0.0775 0.3440 -0.9358
vn 0.0805 0.1573 -0.9843
vn 0.1070 -0.1359 -0.9849
vn 0.1375 -0.2944 -0.9457
vn 0.0381 0.1545 -0.9873
vn 0.0240 0.2839 -0.9585
vn 0.1463 -0.1638 -0.9756
vn 0.1654 -0.1690 -0.9716
vn 0.0625 0.0614 -0.9962
vn -0.1085 0.3833 -0.9172
vn 0.1167 0.0239 -0.9929
vn 0.2125 -0.1614 -0.9637
vn 0.0316 0.1212 -0.9921
vn -0.1096 0.2511 -0.9617
vn -0.0089 0.1704 -0.9853
vn 0.3217 -0.1510 -0.9347
vn 0.0479 0.0750 -0.9960
vn -0.1636 0.2341 -0.9583
vn -0.0514 0.1442 -0.9882
vn 0.2100 0.0445 -0.9767
vn 0.1707 0.0371 -0.9846
vn -0.2704 0.1773 -0.9463
vn -0.0635 0.1333 -0.9890
vn 0.1672 0.1022 -0.9806
vn 0.2083 0.1212 -0.9705
vn -0.1457 0.0695 -0.9869
vn -0.1937 0.0878 -0.9771
vn 0.2064 0.1767 -0.9624
vn 0.1239 0.1663 -0.9783
vn -0.0710 0.0694 -0.9951
vn -0.2762 -0.0668 -0.9588
vn 0.0546 0.1913 -0.9800
vn 0.1455 0.2347 -0.9611
vn -0.1235 0.0067 -0.9923
vn -0.1798 -0.0886 -0.9797
vn -0.0739 0.0664 -0.9951
vn 0.1671 0.3991 -0.9016
vn -0.0697 0.0123 -0.9975
vn -0.1722 -0.1585 -0.9722
vn -0.0672 0.0324 -0.9972
vn 0.0180 0.2927 -0.9560
vn -0.0095 0.1682 -0.9857
vn -0.1624 -0.3553 -0.9205
vn -0.0812 0.0096 -0.9967
vn -0.0244 0.2687 -0.9629
vn -0.0449 0.2308 -0.9720
vn -0.0683 -0.1966 -0.9781
vn -0.0869 -0.2035 -0.9752
vn -0.0705 0.3649 -0.9284
vn -0.0752 0.1525 -0.9854
vn -0.0480 -0.1790 -0.9827
vn -0.0108 -0.3650 -0.9310
vn -0.1099 0.1049 -0.9884
vn -0.1173 0.2309 -0.9659
vn 0.0013 -0.2681 -0.9634
vn 0.0255 -0.2898 -0.9568
vn -0.0731 -0.0497 -0.9961
vn -0.2189 0.2942 -0.9303
vn -0.0140 -0.1091 -0.9939
vn 0.0875 -0.3163 -0.9446
vn -0.0773 -0.0342 -0.9964
vn -0.1992 0.0939 -0.9755
vn -0.0986 -0.0044 -0.9951
vn 0.2198 -0.3232 -0.9204
vn -0.0362 -0.1157 -0.9926
vn -0.2171 0.0364 -0.9755
vn -0.1069 -0.0606 -0.9924
vn 0.1562 -0.1608 -0.9745
vn 0.1224 -0.1735 -0.9772
vn -0.2945 -0.0333 -0.9551
vn -0.0779 -0.0881 -0.9931
vn 0.1542 -0.1162 -0.9812
vn 0.2089 -0.0963 -0.9732
vn -0.1375 -0.1489 -0.9792
vn -0.1722 -0.1281 -0.9767
vn 0.2363 -0.0394 -0.9709
vn 0.1654 -0.0484 -0.9850
vn -0.0206 -0.1384 -0.9902
vn -0.2169 -0.2519 -0.9431
vn 0.1245 -0.0133 -0.9921
vn 0.2253 0.0409 -0.9734
vn -0.0357 -0.1709 -0.9846
vn -0.0873 -0.2510 -0.9641
vn 0.0307 -0.0973 -0.9948
vn 0.2740 0.2379 -0.9318
vn 0.0484 -0.1347 -0.9897
vn -0.0548 -0.2798 -0.9585
vn 0.0624 -0.0907 -0.9939
vn 0.1564 0.1824 -0.9707
vn 0.1341 0.0684 -0.9886
vn -0.0365 -0.4288 -0.9027
vn 0.0675 -0.0612 -0.9958
vn 0.1274 0.2095 -0.9695
vn 0.1081 0.1821 -0.9773
vn 0.0846 -0.2201 -0.9718
vn 0.0658 -0.2133 -0.9748
vn 0.0473 0.5450 -0.8371
vn 0.0667 0.1176 -0.9908
vn 0.0934 -0.3090 -0.9465
vn 0.1187 -0.3550 -0.9273
vn -0.0047 0.2035 -0.9791
vn 0.0107 0.2772 -0.9608
vn 0.1806 -0.3771 -0.9084
vn 0.1527 -0.2318 -0.9607
vn -0.0118 0.1616 -0.9868
vn -0.1784 0.4673 -0.8659
vn 0.1307 -0.0365 -0.9907
vn 0.2070 -0.2216 -0.9529
vn -0.0878 0.2311 -0.9690
vn -0.1912 0.3073 -0.9322
vn 0.0154 0.1123 -0.9936
vn 0.4147 -0.2865 -0.8637
vn -0.0099 0.0644 -0.9979
vn -0.2442 0.2605 -0.9341
vn 0.0124 0.0709 -0.9974
vn 0.2892 -0.0308 -0.9568
vn 0.1487 -0.0031 -0.9889
vn -0.4340 0.1838 -0.8820
vn -0.0250 0.1045 -0.9942
vn 0.2898 0.0470 -0.9559
vn 0.2176 0.0836 -0.9725
vn -0.2184 0.0170 -0.9757
vn -0.1929 0.0645 -0.9791
vn 0.3801 0.1862 -0.9060
vn 0.1236 0.1160 -0.9855
vn -0.1749 -0.0222 -0.9843
vn -0.3352 -0.1428 -0.9313
vn 0.1120 0.2018 -0.9730
vn 0.1721 0.1982 -0.9649
vn -0.2390 -0.1554 -0.9585
vn -0.2123 -0.1660 -0.9630
vn -0.0051 0.1083 -0.9941
vn 0.2624 0.4757 -0.8395
vn -0.0718 -0.0679 -0.9951
vn -0.1803 -0.2177 -0.9592
vn 0.0124 0.1381 -0.9903
vn 0.0829 0.3724 -0.9244
vn 0.0056 0.1045 -0.9945
vn -0.1843 -0.5303 -0.8276
vn -0.0531 0.0602 -0.9968
vn 0.0257 0.3629 -0.9315
vn -0.0247 0.1799 -0.9834
vn -0.0469 -0.2863 -0.9570
vn -0.0697 -0.1754 -0.9820
vn -0.0421 0.5631 -0.8253
vn -0.0399 0.1100 -0.9931
vn -0.0071 -0.3474 -0.9377
vn 0.0212 -0.4079 -0.9128
vn -0.1015 0.1712 -0.9800
vn -0.0843 0.2358 -0.9681
vn 0.0866 -0.4572 -0.8851
vn 0.0599 -0.3204 -0.9454
vn -0.0997 0.0983 -0.9901
vn -0.2437 0.4196 -0.8744
vn 0.0396 -0.1257 -0.9913
vn 0.1201 -0.3276 -0.9371
vn -0.1533 0.1324 -0.9793
vn -0.2429 0.2059 -0.9479
vn -0.0455 -0.0067 -0.9989
vn 0.3413 -0.3910 -0.8548
vn -0.0696 -0.0614 -0.9957
vn -0.2733 0.1272 -0.9535
vn -0.0280 -0.0652 -0.9975
vn 0.2509 -0.1630 -0.9542
vn 0.1135 -0.1443 -0.9830
vn -0.4466 0.0493 -0.8934
vn -0.0316 -0.0466 -0.9984
vn 0.2795 -0.0950 -0.9554
vn 0.2181 -0.0614 -0.9740
vn -0.2141 -0.1271 -0.9685
vn -0.1777 -0.0816 -0.9807
vn 0.3984 0.0459 -0.9161
vn 0.1544 -0.0268 -0.9876
vn -0.1410 -0.1562 -0.9776
vn -0.2934 -0.2585 -0.9204
vn 0.1592 0.0623 -0.9853
vn 0.2292 0.0707 -0.9708
vn -0.1783 -0.2618 -0.9485
vn -0.1495 -0.2688 -0.9515
vn 0.0652 -0.0028 -0.9979
vn 0.3287 0.3715 -0.8683
vn 0.0069 -0.1698 -0.9854
vn -0.1013 -0.2944 -0.9503
vn 0.0998 0.0549 -0.9935
vn 0.1739 0.3024 -0.9372
vn 0.1020 0.0362 -0.9941
vn -0.1106 -0.5783 -0.8083
vn 0.0490 0.0131 -0.9987
vn 0.1259 0.3276 -0.9364
vn 0.0779 0.1489 -0.9858
vn 0.0532 -0.3030 -0.9515
vn 0.0341 -0.1849 -0.9822
vn 0.0202 0.7394 -0.6730
vn 0.0696 0.0559 -0.9960
vn 0.0792 -0.4897 -0.8683
vn 0.0913 -0.4292 -0.8986
vn -0.0536 0.2332 -0.9710
vn 0.0251 0.2309 -0.9726
vn 0.2218 -0.6051 -0.7646
vn 0.1164 -0.2683 -0.9563
vn -0.1132 0.3100 -0.9440
vn -0.2480 0.5739 -0.7805
vn 0.1504 -0.0751 -0.9858
vn 0.1546 -0.2388 -0.9587
vn -0.2442 0.3774 -0.8933
vn -0.2815 0.3909 -0.8763
vn 0.0629 0.0493 -0.9968
vn 0.5118 -0.4311 -0.7431
vn -0.0837 0.0371 -0.9958
vn -0.2778 0.2724 -0.9212
vn 0.1177 -0.0099 -0.9930
vn 0.3870 -0.1170 -0.9146
vn 0.0980 -0.0555 -0.9936
vn -0.6144 0.1994 -0.7634
vn 0.0287 0.0974 -0.9948
vn 0.4079 -0.0137 -0.9129
vn 0.2220 0.0287 -0.9746
vn -0.2854 -0.0416 -0.9575
vn -0.1761 0.0705 -0.9818
vn 0.5781 0.2048 -0.7899
vn 0.1163 0.0400 -0.9924
vn -0.3264 -0.1366 -0.9353
vn -0.4152 -0.2117 -0.8847
vn 0.1395 0.2072 -0.9683
vn 0.1958 0.1285 -0.9722
vn -0.3862 -0.3474 -0.8545
vn -0.2666 -0.2409 -0.9332
vn 0.0767 0.1794 -0.9808
vn 0.3715 0.5595 -0.7409
vn -0.0417 -0.1239 -0.9914
vn -0.1876 -0.2309 -0.9547
vn 0.1149 0.3076 -0.9445
vn 0.1646 0.4776 -0.8630
vn 0.0336 0.0367 -0.9988
vn -0.2149 -0.6987 -0.6824
vn -0.0463 0.0905 -0.9948
vn 0.0792 0.4214 -0.9034
vn 0.0022 0.0917 -0.9958
vn -0.0247 -0.3757 -0.9264
vn -0.0682 -0.1287 -0.9893
vn -0.0170 0.7498 -0.6615
vn 0.0132 0.0475 -0.9988
vn 0.0315 -0.5173 -0.8552
vn 0.0440 -0.4644 -0.8845
vn -0.1008 0.2151 -0.9714
vn -0.0238 0.2002 -0.9795
vn 0.1774 -0.6543 -0.7352
vn 0.0683 -0.3187 -0.9454
vn -0.1544 0.2918 -0.9439
vn -0.2726 0.5599 -0.7825
vn 0.1033 -0.1232 -0.9870
vn 0.1075 -0.2964 -0.9490
vn -0.2669 0.3304 -0.9053
vn -0.2972 0.3399 -0.8923
vn 0.0320 -0.0130 -0.9994
vn 0.4698 -0.4744 -0.7444
vn -0.1154 -0.0259 -0.9930
vn -0.2878 0.2009 -0.9364
vn 0.0939 -0.0766 -0.9926
vn 0.3640 -0.1767 -0.9145
vn 0.0796 -0.1280 -0.9886
vn -0.6171 0.1362 -0.7750
vn 0.0255 0.0168 -0.9995
vn 0.4051 -0.0821 -0.9106
vn 0.2217 -0.0435 -0.9741
vn -0.2861 -0.1124 -0.9516
vn -0.1689 -0.0073 -0.9856
vn 0.5844 0.1374 -0.7997
vn 0.1344 -0.0320 -0.9904
vn -0.3068 -0.1965 -0.9313
vn -0.3917 -0.2634 -0.8816
vn 0.1635 0.1338 -0.9774
vn 0.2255 0.0637 -0.9722
vn -0.3516 -0.3885 -0.8517
vn -0.2311 -0.2858 -0.9300
vn 0.1100 0.1208 -0.9866
vn 0.3966 0.5088 -0.7641
vn -0.0026 -0.1837 -0.9830
vn -0.1459 -0.2678 -0.9524
vn 0.1569 0.2688 -0.9503
vn 0.2071 0.4462 -0.8707
vn 0.0822 -0.0029 -0.9966
vn -0.1840 -0.7261 -0.6625
vn 0.0070 0.0652 -0.9978
vn 0.1280 0.4070 -0.9044
vn 0.0541 0.0769 -0.9956
vn 0.0245 -0.3867 -0.9219
vn -0.0137 -0.1364 -0.9906
vn 0.0095 0.0001 -1.0000
vn 0.9516 -0.2825 0.1210
vn 0.8230 0.5266 0.2133
vn 0.5846 0.7812 0.2193
vn 0.7355 0.6365 0.2324
vn 0.6450 0.7363 0.2048
vn 0.4698 0.8670 0.1659
vn 0.5875 0.7883 0.1827
vn 0.3255 0.9295 0.1737
vn -0.4733 0.8800 0.0401
vn -0.7036 0.7104 -0.0176
vn -0.3660 0.9285 0.0632
vn -0.4054 0.9137 0.0305
vn -0.7263 0.6837 -0.0711
vn -0.7774 0.6250 -0.0709
vn -0.9179 0.3842 -0.0994
vn -0.9304 -0.3168 -0.1842
vn -0.8406 -0.5034 -0.2001
vn -0.9846 0.0106 -0.1743
vn -0.9776 -0.0681 -0.1990
vn -0.7512 -0.6177 -0.2329
vn -0.5784 -0.7911 -0.1991
vn -0.4347 -0.8860 -0.1616
vn 0.0981 -0.9912 -0.0891
vn 0.2264 -0.9705 -0.0831
vn -0.2865 -0.9407 -0.1815
vn -0.1279 -0.9784 -0.1625
vn 0.5713 -0.8206 -0.0120
vn 0.8074 -0.5840 0.0836
vn 0.8098 -0.5783 0.0989
vn 0.9478 -0.2853 0.1426
vn 0.9757 -0.1719 0.1359
vn 0.8586 -0.5080 0.0686
vn 0.9619 -0.2295 0.1488
vn 0.7790 0.5863 0.2220
vn 0.5214 0.8283 0.2052
vn 0.7825 0.5856 0.2115
vn 0.7764 0.5991 0.1958
vn 0.5171 0.8370 0.1787
vn 0.4956 0.8461 0.1964
vn 0.2392 0.9546 0.1773
vn -0.5040 0.8632 0.0290
vn -0.7125 0.7007 -0.0371
vn -0.2692 0.9609 0.0650
vn -0.2807 0.9582 0.0555
vn -0.7341 0.6769 -0.0546
vn -0.8700 0.4864 -0.0811
vn -0.9486 0.2964 -0.1110
vn -0.9367 -0.2898 -0.1963
vn -0.8654 -0.4516 -0.2171
vn -0.9808 0.0924 -0.1720
vn -0.9830 -0.0075 -0.1834
vn -0.7160 -0.6659 -0.2097
vn 0.8136 -0.5758 0.0811
vn 0.8967 -0.4332 0.0916
vn 0.9554 -0.2721 0.1150
vn 0.8755 -0.4746 0.0907
vn -0.1724 -0.1219 0.9775
vn 0.9536 -0.2842 -0.0998
vn 0.8280 0.5246 -0.1979
vn 0.5931 0.7824 -0.1902
vn 0.7462 0.6397 -0.1845
vn 0.6414 0.7380 -0.2098
vn 0.4589 0.8591 -0.2268
vn 0.5969 0.7704 -0.2240
vn 0.3428 0.9194 -0.1929
vn -0.4647 0.8833 -0.0615
vn -0.7003 0.7138 0.0019
vn -0.3760 0.9228 -0.0843
vn -0.4239 0.9004 -0.0975
vn -0.7390 0.6730 -0.0311
vn -0.7842 0.6205 -0.0002
vn -0.9188 0.3862 0.0814
vn -0.9296 -0.3101 0.1990
vn -0.8417 -0.4980 0.2085
vn -0.9907 0.0100 0.1357
vn -0.9885 -0.0726 0.1330
vn -0.7620 -0.6209 0.1837
vn -0.5762 -0.7903 0.2083
vn -0.4251 -0.8769 0.2243
vn 0.0950 -0.9823 0.1616
vn 0.2179 -0.9682 0.1233
vn -0.2949 -0.9387 0.1787
vn -0.1338 -0.9784 0.1578
vn 0.5817 -0.8126 0.0368
vn 0.8223 -0.5690 -0.0121
vn 0.8231 -0.5680 0.0025
vn 0.9565 -0.2810 -0.0787
vn 0.9768 -0.1750 -0.1236
vn 0.8578 -0.5107 -0.0577
vn 0.9705 -0.2223 -0.0936
vn 0.7863 0.5869 -0.1932
vn 0.5269 0.8269 -0.1966
vn 0.7860 0.5838 -0.2034
vn -0.8657 0.4977 0.0541
vn -0.9470 0.3041 0.1034
vn -0.9391 -0.2908 0.1830
vn -0.8720 -0.4524 0.1869
vn -0.9894 0.0892 0.1146
vn -0.9912 -0.0104 0.1320
vn -0.7174 -0.6654 0.2066
vn -0.4194 -0.8818 0.2158
vn -0.3746 -0.9023 0.2134
vn -0.0145 -0.9875 0.1570
vn 0.1068 -0.9861 0.1272
vn -0.3155 -0.9309 0.1839
vn -0.1261 -0.9769 0.1725
vn 0.6515 -0.7577 0.0369
vn 0.8928 -0.4488 -0.0386
vn 0.8172 -0.5761 -0.0131
vn 0.8888 -0.4539 -0.0631
vn 0.9536 -0.2811 -0.1076
vn 0.8834 -0.4654 -0.0547
vn 0.1375 0.1564 0.9781
s 1
f 3//1 5//2 9//3
f 3//1 9//3 15//4
f 3//1 15//4 18//5
f 3//1 18//5 22//6
f 3//1 22//6 25//7
f 3//1 25//7 31//8
f 3//1 31//8 34//9
f 3//1 34//9 39//10
f 3//1 39//10 44//11
f 3//1 44//11 47//12
f 3//1 47//12 50//13
f 3//1 50//13 54//14
f 3//1 54//14 58//15
f 3//1 58//15 61//16
f 3//1 61//16 66//17
f 3//1 66//17 72//18
f 3//1 72//18 73//19
f 3//1 73//19 75//20
f 3//1 75//20 77//21
f 3//1 77//21 79//22
f 3//1 79//22 81//23
f 3//1 81//23 83//24
f 3//1 83//24 87//25
f 3//1 87//25 91//26
f 3//1 91//26 95//27
f 3//1 95//27 99//28
f 3//1 99//28 105//29
f 3//1 105//29 110//30
f 3//1 110//30 112//31
f 3//1 112//31 117//32
f 3//1 117//32 120//33
f 3//1 120//33 121//34
f 3//1 121//34 123//35
f 3//1 123//35 125//36
f 3//1 125//36 128//37
f 3//1 128//37 130//38
f 3//1 130//38 132//39
f 3//1 132//39 134//40
f 3//1 134//40 136//41
f 3//1 136//41 138//42
f 3//1 138//42 140//43
f 3//1 140//43 142//44
f 3//1 142//44 144//45
f 3//1 144//45 146//46
f 3//1 146//46 147//47
f 3//1 147//47 150//48
f 3//1 150//48 152//49
f 3//1 152//49 154//50
f 3//1 154//50 156//51
f 3//1 156//51 158//52
f 3//1 158//52 159//53
f 3//1 159//53 160//54
f 3//1 160//54 161//55
f 3//1 161//55 162//56
f 3//1 162//56 163//57
f 3//1 163//57 164//58
f 3//1 164//58 165//59
f 3//1 165//59 166//60
f 3//1 166//60 167//61
f 3//1 167//61 169//62
f 3//1 169//62 170//63
f 3//1 170//63 173//64
f 3//1 173//64 174//65
f 3//1 174//65 175//66
f 3//1 175//66 176//67
f 3//1 176//67 177//68
f 3//1 177//68 178//69
f 3//1 178//69 179//70
f 3//1 179//70 180//71
f 3//1 180//71 181//72
f 3//1 181//72 182//73
f 3//1 182//73 183//74
f 3//1 183//74 184//75
f 3//1 184//75 185//76
f 3//1 185//76 186//77
f 3//1 186//77 187//78
f 3//1 187//78 188//79
f 3//1 188//79 189//80
f 3//1 189//80 190//81
f 3//1 190//81 191//82
f 3//1 191//82 192//83
f 3//1 192//83 193//84
f 3//1 193//84 194//85
f 3//1 194//85 195//86
f 3//1 195//86 196//87
f 3//1 196//87 197//88
f 3//1 197//88 198//89
f 3//1 198//89 199//90
f 3//1 199//90 200//91
f 3//1 200//91 201//92
f 3//1 201//92 202//93
f 3//1 202//93 203//94
f 3//1 203//94 204//95
f 3//1 204//95 205//96
f 3//1 205//96 206//97
f 3//1 206//97 5//2
f 5//2 207//98 208//99 9//3
f 9//3 208//99 209//100 15//4
f 15//4 209//100 210//101 18//5
f 18//5 210//101 211//102 22//6
f 22//6 211//102 212//103 25//7
f 25//7 212//103 213//104 31//8
f 31//8 213//104 214//105 34//9
f 34//9 214//105 215//106 39//10
f 39//10 215//106 216//107 44//11
f 44//11 216//107 217//108 47//12
f 47//12 217//108 218//109 50//13
f 50//13 218//109 219//110 54//14
f 54//14 219//110 220//111 58//15
f 58//15 220//111 221//112 61//16
f 61//16 221//112 222//113 66//17
f 66//17 222//113 223//114 72//18
f 72//18 223//114 224//115 73//19
f 73//19 224//115 225//116 75//20
f 75//20 225//116 226//117 77//21
f 77//21 226//117 227//118 79//22
f 79//22 227//118 228//119 81//23
f 81//23 228//119 229//120 83//24
f 83//24 229//120 230//121 87//25
f 87//25 230//121 231//122 91//26
f 91//26 231//122 232//123 95//27
f 95//27 232//123 233//124 99//28
f 99//28 233//124 234//125 105//29
f 105//29 234//125 235//126 110//30
f 110//30 235//126 236//127 112//31
f 112//31 236//127 237//128 117//32
f 117//32 237//128 238//129 120//33
f 120//33 238//129 239//130 121//34
f 121//34 239//130 240//131 123//35
f 123//35 240//131 241//132 125//36
f 125//36 241//132 242//133 128//37
f 128//37 242//133 243//134 130//38
f 130//38 243//134 244//135 132//39
f 132//39 244//135 245//136 134//40
f 134//40 245//136 246//137 136//41
f 136//41 246//137 247//138 138//42
f 138//42 247//138 248//139 140//43
f 140//43 248//139 249//140 142//44
f 142//44 249//140 250//141 144//45
f 144//45 250//141 251//142 146//46
f 146//46 251//142 252//143 147//47
f 147//47 252//143 253//144 150//48
f 150//48 253//144 254//145 152//49
f 152//49 254//145 255//146 154//50
f 154//50 255//146 256//147 156//51
f 156//51 256//147 257//148 158//52
f 158//52 257//148 258//149 159//53
f 159//53 258//149 259//150 160//54
f 160//54 259//150 260//151 161//55
f 161//55 260//151 261//152 162//56
f 162//56 261//152 262//153 163//57
f 163//57 262//153 263//154 164//58
f 164//58 263//154 264//155 165//59
f 165//59 264//155 265//156 166//60
f 166//60 265//156 266//157 167//61
f 167//61 266//157 267//158 169//62
f 169//62 267//158 268//159 170//63
f 170//63 268//159 269//160 173//64
f 173//64 269//160 270//161 174//65
f 174//65 270//161 271//162 175//66
f 175//66 271//162 272//163 176//67
f 176//67 272//163 273//164 177//68
f 177//68 273//164 274//165 178//69
f 178//69 274//165 275//166 179//70
f 179//70 275//166 276//167 180//71
f 180//71 276//167 277//168 181//72
f 181//72 277//168 278//169 182//73
f 182//73 278//169 279//170 183//74
f 183//74 279//170 280//171 184//75
f 184//75 280//171 281//172 185//76
f 185//76 281//172 282//173 186//77
f 186//77 282//173 283//174 187//78
f 187//78 283//174 284//175 188//79
f 188//79 284//175 285//176 189//80
f 189//80 285//176 286//177 190//81
f 190//81 286//177 287//178 191//82
f 191//82 287//178 288//179 192//83
f 192//83 288//179 289//180 193//84
f 193//84 289//180 290//181 194//85
f 194//85 290//181 291//182 195//86
f 195//86 291//182 292//183 196//87
f 196//87 292//183 293//184 197//88
f 197//88 293//184 294//185 198//89
f 198//89 294//185 295//186 199//90
f 199//90 295//186 296//187 200//91
f 200//91 296//187 297//188 201//92
f 201//92 297//188 298//189 202//93
f 202//93 298//189 299//190 203//94
f 203//94 299//190 300//191 204//95
f 204//95 300//191 301//192 205//96
f 205//96 301//192 302//193 206//97
f 206//97 302//193 207//98 5//2
f 207//98 303//194 304//195 208//99
f 208//99 304//195 305//196 209//100
f 209//100 305//196 306//197 210//101
f 210//101 306//197 307//198 211//102
f 211//102 307//198 308//199 212//103
f 212//103 308//199 309//200 213//104
f 213//104 309//200 310//201 214//105
f 214//105 310//201 311//202 215//106
f 215//106 311//202 312//203 216//107
f 216//107 312//203 313//204 217//108
f 217//108 313//204 314//205 218//109
f 218//109 314//205 315//206 219//110
f 219//110 315//206 316//207 220//111
f 220//111 316//207 317//208 221//112
f 221//112 317//208 318//209 222//113
f 222//113 318//209 319//210 223//114
f 223//114 319//210 320//211 224//115
f 224//115 320//211 321//212 225//116
f 225//116 321//212 322//213 226//117
f 226//117 322//213 323//214 227//118
f 227//118 323//214 324//215 228//119
f 228//119 324//215 325//216 229//120
f 229//120 325//216 326//217 230//121
f 230//121 326//217 327//218 231//122
f 231//122 327//218 328//219 232//123
f 232//123 328//219 329//220 233//124
f 233//124 329//220 330//221 234//125
f 234//125 330//221 331//222 235//126
f 235//126 331//222 332//223 236//127
f 236//127 332//223 333//224 237//128
f 237//128 333//224 334//225 238//129
f 238//129 334//225 335//226 239//130
f 239//130 335//226 336//227 240//131
f 240//131 336//227 337//228 241//132
f 241//132 337//228 338//229 242//133
f 242//133 338//229 339//230 243//134
f 243//134 339//230 340//231 244//135
f 244//135 340//231 341//232 245//136
f 245//136 341//232 342//233 246//137
f 246//137 342//233 343//234 247//138
f 247//138 343//234 344//235 248//139
f 248//139 344//235 345//236 249//140
f 249//140 345//236 346//237 250//141
f 250//141 346//237 347//238 251//142
f 251//142 347//238 348//239 252//143
f 252//143 348//239 349//240 253//144
f 253//144 349//240 350//241 254//145
f 254//145 350//241 351//242 255//146
f 255//146 351//242 352//243 256//147
f 256//147 352//243 353//244 257//148
f 257//148 353//244 354//245 258//149
f 258//149 354//245 355//246 259//150
f 259//150 355//246 356//247 260//151
f 260//151 356//247 357//248 261//152
f 261//152 357//248 358//249 262//153
f 262//153 358//249 359//250 263//154
f 263//154 359//250 360//251 264//155
f 264//155 360//251 361//252 265//156
f 265//156 361//252 362//253 266//157
f 266//157 362//253 363//254 267//158
f 267//158 363//254 364//255 268//159
f 268//159 364//255 365//256 269//160
f 269//160 365//256 366//257 270//161
f 270//161 366//257 367//258 271//162
f 271//162 367//258 368//259 272//163
f 272//163 368//259 369//260 273//164
f 273//164 369//260 370//261 274//165
f 274//165 370//261 371//262 275//166
f 275//166 371//262 372//263 276//167
f 276//167 372//263 373//264 277//168
f 277//168 373//264 374//265 278//169
f 278//169 374//265 375//266 279//170
f 279//170 375//266 376//267 280//171
f 280//171 376//267 377//268 281//172
f 281//172 377//268 378//269 282//173
f 282//173 378//269 379//270 283//174
f 283//174 379//270 380//271 284//175
f 284//175 380//271 381//272 285//176
f 285//176 381//272 382//273 286//177
f 286//177 382//273 383//274 287//178
f 287//178 383//274 384//275 288//179
f 288//179 384//275 385//276 289//180
f 289//180 385//276 386//277 290//181
f 290//181 386//277 387//278 291//182
f 291//182 387//278 388//279 292//183
f 292//183 388//279 389//280 293//184
f 293//184 389//280 390//281 294//185
f 294//185 390//281 391//282 295//186
f 295//186 391//282 392//283 296//187
f 296//187 392//283 393//284 297//188
f 297//188 393//284 394//285 298//189
f 298//189 394//285 395//286 299//190
f 299//190 395//286 396//287 300//191
f 300//191 396//287 397//288 301//192
f 301//192 397//288 398//289 302//193
f 302//193 398//289 303//194 207//98
f 303//194 399//290 400//291 304//195
f 304//195 400//291 401//292 305//196
f 305//196 401//292 402//293 306//197
f 306//197 402//293 403//294 307//198
f 307//198 403//294 404//295 308//199
f 308//199 404//295 405//296 309//200
f 309//200 405//296 406//297 310//201
f 310//201 406//297 407//298 311//202
f 311//202 407//298 408//299 312//203
f 312//203 408//299 409//300 313//204
f 313//204 409//300 410//301 314//205
f 314//205 410//301 411//302 315//206
f 315//206 411//302 412//303 316//207
f 316//207 412//303 413//304 317//208
f 317//208 413//304 414//305 318//209
f 318//209 414//305 415//306 319//210
f 319//210 415//306 416//307 320//211
f 320//211 416//307 417//308 321//212
f 321//212 417//308 418//309 322//213
f 322//213 418//309 419//310 323//214
f 323//214 419//310 420//311 324//215
f 324//215 420//311 421//312 325//216
f 325//216 421//312 422//313 326//217
f 326//217 422//313 423//314 327//218
f 327//218 423//314 424//315 328//219
f 328//219 424//315 425//316 329//220
f 329//220 425//316 426//317 330//221
f 330//221 426//317 427//318 331//222
f 331//222 427//318 428//319 332//223
f 332//223 428//319 429//320 333//224
f 333//224 429//320 430//321 334//225
f 334//225 430//321 431//322 335//226
f 335//226 431//322 432//323 336//227
f 336//227 432//323 433//324 337//228
f 337//228 433//324 434//325 338//229
f 338//229 434//325 435//326 339//230
f 339//230 435//326 436//327 340//231
f 340//231 436//327 437//328 341//232
f 341//232 437//328 438//329 342//233
f 342//233 438//329 439//330 343//234
f 343//234 439//330 440//331 344//235
f 344//235 440//331 441//332 345//236
f 345//236 441//332 442//333 346//237
f 346//237 442//333 443//334 347//238
f 347//238 443//334 444//335 348//239
f 348//239 444//335 445//336 349//240
f 349//240 445//336 446//337 350//241
f 350//241 446//337 447//338 351//242
f 351//242 447//338 448//339 352//243
f 352//243 448//339 449//340 353//244
f 353//244 449//340 450//341 354//245
f 354//245 450//341 451//342 355//246
f 355//246 451//342 452//343 356//247
f 356//247 452//343 453//344 357//248
f 357//248 453//344 454//345 358//249
f 358//249 454//345 455//346 359//250
f 359//250 455//346 456//347 360//251
f 360//251 456//347 457//348 361//252
f 361//252 457//348 458//349 362//253
f 362//253 458//349 459//350 363//254
f 363//254 459//350 460//351 364//255
f 364//255 460//351 461//352 365//256
f 365//256 461//352 462//353 366//257
f 366//257 462//353 463//354 367//258
f 367//258 463//354 464//355 368//259
f 368//259 464//355 465//356 369//260
f 369//260 465//356 466//357 370//261
f 370//261 466//357 467//358 371//262
f 371//262 467//358 468//359 372//263
f 372//263 468//359 469//360 373//264
f 373//264 469//360 470//361 374//265
f 374//265 470//361 471//362 375//266
f 375//266 471//362 472//363 376//267
f 376//267 472//363 473//364 377//268
f 377//268 473//364 474//365 378//269
f 378//269 474//365 475//366 379//270
f 379//270 475//366 476//367 380//271
f 380//271 476//367 477//368 381//272
f 381//272 477//368 478//369 382//273
f 382//273 478//369 479//370 383//274
f 383//274 479//370 480//371 384//275
f 384//275 480//371 481//372 385//276
f 385//276 481//372 482//373 386//277
f 386//277 482//373 483//374 387//278
f 387//278 483//374 484//375 388//279
f 388//279 484//375 485//376 389//280
f 389//280 485//376 486//377 390//281
f 390//281 486//377 487//378 391//282
f 391//282 487//378 488//379 392//283
f 392//283 488//379 489//380 393//284
f 393//284 489//380 490//381 394//285
f 394//285 490//381 491//382 395//286
f 395//286 491//382 492//383 396//287
f 396//287 492//383 493//384 397//288
f 397//288 493//384 494//385 398//289
f 398//289 494//385 399//290 303//194
f 399//290 495//386 496//387 400//291
f 400//291 496//387 497//388 401//292
f 401//292 497//388 498//389 402//293
f 402//293 498//389 499//390 403//294
f 403//294 499//390 500//391 404//295
f 404//295 500//391 501//392 405//296
f 405//296 501//392 502//393 406//297
f 406//297 502//393 503//394 407//298
f 407//298 503//394 504//395 408//299
f 408//299 504//395 505//396 409//300
f 409//300 505//396 506//397 410//301
f 410//301 506//397 507//398 411//302
f 411//302 507//398 508//399 412//303
f 412//303 508//399 509//400 413//304
f 413//304 509//400 510//401 414//305
f 414//305 510//401 511//402 415//306
f 415//306 511//402 512//403 416//307
f 416//307 512//403 513//404 417//308
f 417//308 513//404 514//405 418//309
f 418//309 514//405 515//406 419//310
f 419//310 515//406 516//407 420//311
f 420//311 516//407 517//408 421//312
f 421//312 517//408 518//409 422//313
f 422//313 518//409 519//410 423//314
f 423//314 519//410 520//411 424//315
f 424//315 520//411 521//412 425//316
f 425//316 521//412 522//413 426//317
f 426//317 522//413 523//414 427//318
f 427//318 523//414 524//415 428//319
f 428//319 524//415 525//416 429//320
f 429//320 525//416 526//417 430//321
f 430//321 526//417 527//418 431//322
f 431//322 527//418 528//419 432//323
f 432//323 528//419 529//420 433//324
f 433//324 529//420 530//421 434//325
f 434//325 530//421 531//422 435//326
f 435//326 531//422 532//423 436//327
f 436//327 532//423 533//424 437//328
f 437//328 533//424 534//425 438//329
f 438//329 534//425 535//426 439//330
f 439//330 535//426 536//427 440//331
f 440//331 536//427 537//428 441//332
f 441//332 537//428 538//429 442//333
f 442//333 538//429 539//430 443//334
f 443//334 539//430 540//431 444//335
f 444//335 540//431 541//432 445//336
f 445//336 541//432 542//433 446//337
f 446//337 542//433 543//434 447//338
f 447//338 543//434 544//435 448//339
f 448//339 544//435 545//436 449//340
f 449//340 545//436 546//437 450//341
f 450//341 546//437 547//438 451//342
f 451//342 547//438 548//439 452//343
f 452//343 548//439 549//440 453//344
f 453//344 549//440 550//441 454//345
f 454//345 550//441 551//442 455//346
f 455//346 551//442 552//443 456//347
f 456//347 552//443 553//444 457//348
f 457//348 553//444 554//445 458//349
f 458//349 554//445 555//446 459//350
f 459//350 555//446 556//447 460//351
f 460//351 556//447 557//448 461//352
f 461//352 557//448 558//449 462//353
f 462//353 558//449 559//450 463//354
f 463//354 559//450 560//451 464//355
f 464//355 560//451 561//452 465//356
f 465//356 561//452 562//453 466//357
f 466//357 562//453 563//454 467//358
f 467//358 563//454 564//455 468//359
f 468//359 564//455 565//456 469//360
f 469//360 565//456 566//457 470//361
f 470//361 566//457 567//458 471//362
f 471//362 567//458 568//459 472//363
f 472//363 568//459 569//460 473//364
f 473//364 569//460 570//461 474//365
f 474//365 570//461 571//462 475//366
f 475//366 571//462 572//463 476//367
f 476//367 572//463 573//464 477//368
f 477//368 573//464 574//465 478//369
f 478//369 574//465 575//466 479//370
f 479//370 575//466 576//467 480//371
f 480//371 576//467 577//468 481//372
f 481//372 577//468 578//469 482//373
f 483//374 482//373 578//469 6221//470 6220//471 6219//471 6223//471 6222//472
f 6225//473 6227//474 484//375 483//374 6222//472 6226//473 6224//473
f 6230//475 485//376 484//375 6227//474 6228//476 6229//476 6232//476 6231//476
f 6234//477 486//377 485//376 6230//475 6233//478 6235//478
f 6237//479 487//378 486//377 6234//477 6236//480
f 6243//481 488//379 487//378 6237//479 6238//482 6240//482 6239//482 6241//482 6242//482
f 6247//483 489//380 488//379 6243//481 6245//484 6244//484 6246//484
f 6251//485 490//381 489//380 6247//483 6248//486 6249//486 6250//486
f 579//487 491//382 490//381 6251//485 6252//488 6254//488 6253//489
f 491//382 579//487 580//490 492//383
f 492//383 580//490 581//491 493//384
f 493//384 581//491 582//492 494//385
f 494//385 582//492 495//386 399//290
f 495//386 583//493 584//494 496//387
f 496//387 584//494 585//495 497//388
f 497//388 585//495 586//496 498//389
f 498//389 586//496 587//497 499//390
f 499//390 587//497 588//498 500//391
f 500//391 588//498 589//499 501//392
f 501//392 589//499 590//500 502//393
f 502//393 590//500 591//501 503//394
f 503//394 591//501 592//502 504//395
f 504//395 592//502 593//503 505//396
f 505//396 593//503 594//504 506//397
f 506//397 594//504 595//505 507//398
f 507//398 595//505 596//506 508//399
f 508//399 596//506 597//507 509//400
f 509//400 597//507 598//508 510//401
f 510//401 598//508 599//509 511//402
f 511//402 599//509 600//510 512//403
f 512//403 600//510 601//511 513//404
f 513//404 601//511 602//512 514//405
f 514//405 602//512 603//513 515//406
f 515//406 603//513 604//514 516//407
f 516//407 604//514 605//515 517//408
f 517//408 605//515 606//516 518//409
f 518//409 606//516 607//517 519//410
f 519//410 607//517 608//518 520//411
f 520//411 608//518 609//519 521//412
f 521//412 609//519 610//520 522//413
f 522//413 610//520 611//521 523//414
f 523//414 611//521 612//522 524//415
f 524//415 612//522 613//523 525//416
f 525//416 613//523 614//524 526//417
f 526//417 614//524 615//525 527//418
f 527//418 615//525 616//526 528//419
f 528//419 616//526 617//527 529//420
f 529//420 617//527 618//528 530//421
f 6108//529 6109//530 6107//530 6106//530 6110//531 531//422 530//421 618//528
f 6112//532 532//423 531//422 6110//531 6111//533 6114//533 6113//533
f 6117//534 6116//535 533//424 532//423 6112//532 6115//534
f 6120//536 534//425 533//424 6116//535 6119//537 6118//537
f 6122//538 6123//538 6121//538 6125//538 6124//539 535//426 534//425 6120//536
f 6129//540 6128//540 6127//541 536//427 535//426 6124//539 6126//540
f 6133//542 6132//542 6131//543 537//428 536//427 6127//541 6130//542
f 6137//544 6134//545 619//546 538//429 537//428 6131//543 6135//544 6138//544 6136//544
f 538//429 619//546 620//547 539//430
f 539//430 620//547 621//548 540//431
f 540//431 621//548 622//549 541//432
f 541//432 622//549 623//550 542//433
f 542//433 623//550 624//551 543//434
f 543//434 624//551 625//552 544//435
f 544//435 625//552 626//553 545//436
f 545//436 626//553 627//554 546//437
f 546//437 627//554 628//555 547//438
f 547//438 628//555 629//556 548//439
f 548//439 629//556 630//557 549//440
f 549//440 630//557 631//558 550//441
f 550//441 631//558 632//559 551//442
f 551//442 632//559 633//560 552//443
f 552//443 633//560 634//561 553//444
f 553//444 634//561 635//562 554//445
f 554//445 635//562 636//563 555//446
f 555//446 636//563 637//564 556//447
f 556//447 637//564 638//565 557//448
f 557//448 638//565 639//566 558//449
f 558//449 639//566 640//567 559//450
f 559//450 640//567 641//568 560//451
f 560//451 641//568 642//569 561//452
f 561//452 642//569 643//570 562//453
f 562//453 643//570 644//571 563//454
f 563//454 644//571 645//572 564//455
f 564//455 645//572 646//573 565//456
f 565//456 646//573 647//574 566//457
f 566//457 647//574 648//575 567//458
f 567//458 648//575 649//576 568//459
f 568//459 649//576 650//577 569//460
f 569//460 650//577 651//578 570//461
f 570//461 651//578 652//579 571//462
f 571//462 652//579 653//580 572//463
f 572//463 653//580 654//581 573//464
f 573//464 654//581 655//582 574//465
f 574//465 655//582 656//583 575//466
f 575//466 656//583 657//584 576//467
f 577//468 576//467 657//584 6256//585 6255//586 6258//586 6259//586 6257//587
f 578//469 577//468 6257//587 6260//588 6262//588 6261//588 6263//589
f 6221//470 578//469 6263//589 6264//590 6266//590 6265//590
f 6267//591 658//592 6269//593 6271//594 6270//594 6268//594
f 6275//595 6276//595 6272//595 6273//595 6274//595 6269//593 658//592 659//596 579//487 6253//489
f 579//487 659//596 660//597 580//490
f 580//490 660//597 661//598 581//491
f 581//491 661//598 662//599 582//492
f 582//492 662//599 583//493 495//386
f 583//493 663//600 664//601 584//494
f 584//494 664//601 665//602 585//495
f 585//495 665//602 666//603 586//496
f 586//496 666//603 667//604 587//497
f 587//497 667//604 668//605 588//498
f 588//498 668//605 669//606 589//499
f 589//499 669//606 670//607 590//500
f 590//500 670//607 671//608 591//501
f 591//501 671//608 672//609 592//502
f 592//502 672//609 673//610 593//503
f 593//503 673//610 674//611 594//504
f 594//504 674//611 675//612 595//505
f 595//505 675//612 676//613 596//506
f 596//506 676//613 677//614 597//507
f 597//507 677//614 678//615 598//508
f 598//508 678//615 679//616 599//509
f 599//509 679//616 680//617 600//510
f 600//510 680//617 681//618 601//511
f 601//511 681//618 682//619 602//512
f 602//512 682//619 683//620 603//513
f 603//513 683//620 684//621 604//514
f 604//514 684//621 685//622 605//515
f 605//515 685//622 686//623 606//516
f 606//516 686//623 687//624 607//517
f 607//517 687//624 688//625 608//518
f 608//518 688//625 689//626 609//519
f 609//519 689//626 690//627 610//520
f 610//520 690//627 691//628 611//521
f 611//521 691//628 692//629 612//522
f 612//522 692//629 693//630 613//523
f 613//523 693//630 694//631 614//524
f 614//524 694//631 695//632 615//525
f 615//525 695//632 696//633 616//526
f 616//526 696//633 697//634 617//527
f 6142//635 618//528 617//527 697//634 6139//636 6140//637 6141//637 6144//637 6143//637
f 6145//638 6108//529 618//528 6142//635
f 6147//639 6148//640 619//546 6134//545 6146//639
f 6150//641 6149//642 698//643 620//547 619//546 6148//640 6151//641 6152//641 6153//641
f 620//547 698//643 699//644 621//548
f 621//548 699//644 700//645 622//549
f 622//549 700//645 701//646 623//550
f 623//550 701//646 702//647 624//551
f 624//551 702//647 703//648 625//552
f 625//552 703//648 704//649 626//553
f 626//553 704//649 705//650 627//554
f 627//554 705//650 706//651 628//555
f 628//555 706//651 707//652 629//556
f 629//556 707//652 708//653 630//557
f 630//557 708//653 709//654 631//558
f 631//558 709//654 710//655 632//559
f 632//559 710//655 711//656 633//560
f 633//560 711//656 712//657 634//561
f 634//561 712//657 713//658 635//562
f 635//562 713//658 714//659 636//563
f 636//563 714//659 715//660 637//564
f 637//564 715//660 716//661 638//565
f 638//565 716//661 717//662 639//566
f 639//566 717//662 718//663 640//567
f 640//567 718//663 719//664 641//568
f 641//568 719//664 720//665 642//569
f 642//569 720//665 721//666 643//570
f 643//570 721//666 722//667 644//571
f 644//571 722//667 723//668 645//572
f 645//572 723//668 724//669 646//573
f 646//573 724//669 725//670 647//574
f 647//574 725//670 726//671 648//575
f 648//575 726//671 727//672 649//576
f 649//576 727//672 728//673 650//577
f 650//577 728//673 729//674 651//578
f 651//578 729//674 730//675 652//579
f 652//579 730//675 731//676 653//580
f 653//580 731//676 732//677 654//581
f 654//581 732//677 733//678 655//582
f 655//582 733//678 734//679 656//583
f 656//583 734//679 735//680 657//584
f 6277//681 6278//681 6256//585 657//584 735//680 736//682 6279//683
f 6280//684 6279//683 736//682 6282//685 6281//684 6283//684
f 6284//686 6285//687 737//688 6286//689 6287//686
f 6290//690 6286//689 737//688 738//691 658//592 6267//591 6291//690 6293//690 6292//690 6288//690 6289//690
f 658//592 738//691 739//692 659//596
f 659//596 739//692 740//693 660//597
f 660//597 740//693 741//694 661//598
f 661//598 741//694 742//695 662//599
f 662//599 742//695 663//600 583//493
f 663//600 743//696 744//697 664//601
f 664//601 744//697 745//698 665//602
f 665//602 745//698 746//699 666//603
f 666//603 746//699 747//700 667//604
f 667//604 747//700 748//701 668//605
f 668//605 748//701 749//702 669//606
f 669//606 749//702 750//703 670//607
f 670//607 750//703 751//704 671//608
f 671//608 751//704 752//705 672//609
f 672//609 752//705 753//706 673//610
f 673//610 753//706 754//707 674//611
f 674//611 754//707 755//708 675//612
f 675//612 755//708 756//709 676//613
f 676//613 756//709 757//710 677//614
f 677//614 757//710 758//711 678//615
f 678//615 758//711 759//712 679//616
f 679//616 759//712 760//713 680//617
f 680//617 760//713 761//714 681//618
f 681//618 761//714 762//715 682//619
f 682//619 762//715 763//716 683//620
f 683//620 763//716 764//717 684//621
f 684//621 764//717 765//718 685//622
f 685//622 765//718 766//719 686//623
f 686//623 766//719 767//720 687//624
f 687//624 767//720 768//721 688//625
f 688//625 768//721 769//722 689//626
f 689//626 769//722 770//723 690//627
f 690//627 770//723 771//724 691//628
f 691//628 771//724 772//725 692//629
f 692//629 772//725 773//726 693//630
f 693//630 773//726 774//727 694//631
f 694//631 774//727 775//728 695//632
f 695//632 775//728 776//729 696//633
f 696//633 776//729 777//730 697//634
f 6159//731 6139//636 697//634 777//730 6154//732 6155//731 6158//731 6157//731 6156//731
f 6160//733 6161//734 778//735 6163//736 6162//733
f 6168//737 6164//737 6165//737 6166//737 6167//737 6163//736 778//735 779//738 698//643 6149//642
f 698//643 779//738 780//739 699//644
f 699//644 780//739 781//740 700//645
f 700//645 781//740 782//741 701//646
f 701//646 782//741 783//742 702//647
f 702//647 783//742 784//743 703//648
f 703//648 784//743 785//744 704//649
f 704//649 785//744 786//745 705//650
f 705//650 786//745 787//746 706//651
f 706//651 787//746 788//747 707//652
f 707//652 788//747 789//748 708//653
f 708//653 789//748 790//749 709//654
f 709//654 790//749 791//750 710//655
f 710//655 791//750 792//751 711//656
f 711//656 792//751 793//752 712//657
f 712//657 793//752 794//753 713//658
f 713//658 794//753 795//754 714//659
f 714//659 795//754 796//755 715//660
f 715//660 796//755 797//756 716//661
f 716//661 797//756 798//757 717//662
f 717//662 798//757 799//758 718//663
f 718//663 799//758 800//759 719//664
f 719//664 800//759 801//760 720//665
f 720//665 801//760 802//761 721//666
f 721//666 802//761 803//762 722//667
f 722//667 803//762 804//763 723//668
f 723//668 804//763 805//764 724//669
f 724//669 805//764 806//765 725//670
f 725//670 806//765 807//766 726//671
f 726//671 807//766 808//767 727//672
f 727//672 808//767 809//768 728//673
f 728//673 809//768 810//769 729//674
f 729//674 810//769 811//770 730//675
f 730//675 811//770 812//771 731//676
f 731//676 812//771 813//772 732//677
f 732//677 813//772 814//773 733//678
f 733//678 814//773 815//774 734//679
f 734//679 815//774 816//775 735//680
f 735//680 816//775 817//776 736//682
f 6282//685 736//682 817//776 818//777 6294//778
f 6295//779 6294//778 818//777 819//780 6298//781 6299//779 6300//779 6301//779 6297//779 6296//779
f 6304//782 6298//781 819//780 820//783 6307//784 6305//782 6306//782 6302//782 6303//782
f 6308//785 6307//784 820//783 821//786 6310//787 6311//785 6309//785
f 6312//788 6310//787 821//786 822//789 6315//790 6313//788 6314//788
f 6316//791 6315//790 822//789 823//792 6319//793 6321//791 6320//791 6317//791 6318//791
f 823//792 824//794 6323//795 6325//796 6324//796 6322//796 6319//793
f 824//794 825//797 737//688 6285//687 6328//798 6327//798 6326//798 6323//795
f 737//688 825//797 826//799 738//691
f 738//691 826//799 827//800 739//692
f 739//692 827//800 828//801 740//693
f 740//693 828//801 829//802 741//694
f 741//694 829//802 830//803 742//695
f 742//695 830//803 743//696 663//600
f 743//696 831//804 832//805 744//697
f 744//697 832//805 833//806 745//698
f 745//698 833//806 834//807 746//699
f 746//699 834//807 835//808 747//700
f 747//700 835//808 836//809 748//701
f 748//701 836//809 837//810 749//702
f 749//702 837//810 838//811 750//703
f 750//703 838//811 839//812 751//704
f 751//704 839//812 840//813 752//705
f 752//705 840//813 841//814 753//706
f 753//706 841//814 842//815 754//707
f 754//707 842//815 843//816 755//708
f 755//708 843//816 844//817 756//709
f 756//709 844//817 845//818 757//710
f 757//710 845//818 846//819 758//711
f 758//711 846//819 847//820 759//712
f 759//712 847//820 848//821 760//713
f 760//713 848//821 849//822 761//714
f 761//714 849//822 850//823 762//715
f 762//715 850//823 851//824 763//716
f 763//716 851//824 852//825 764//717
f 764//717 852//825 853//826 765//718
f 765//718 853//826 854//827 766//719
f 766//719 854//827 855//828 767//720
f 767//720 855//828 856//829 768//721
f 768//721 856//829 857//830 769//722
f 769//722 857//830 858//831 770//723
f 770//723 858//831 859//832 771//724
f 771//724 859//832 860//833 772//725
f 772//725 860//833 861//834 773//726
f 773//726 861//834 862//835 774//727
f 774//727 862//835 863//836 775//728
f 775//728 863//836 864//837 776//729
f 6169//838 777//730 776//729 864//837 865//839 6171//840 6170//841
f 6174//842 6154//732 777//730 6169//838
f 6175//843 6171//840 865//839 6172//844 6173//843
f 6181//845 6180//845 6178//845 6177//845 6176//846 866//847 6179//848
f 6183//849 6182//849 6179//848 866//847 867//850 6185//851 6184//849
f 6188//852 6186//852 6185//851 867//850 868//853 778//735 6161//734 6187//852
f 778//735 868//853 869//854 779//738
f 779//738 869//854 870//855 780//739
f 780//739 870//855 871//856 781//740
f 781//740 871//856 872//857 782//741
f 782//741 872//857 873//858 783//742
f 783//742 873//858 874//859 784//743
f 784//743 874//859 875//860 785//744
f 785//744 875//860 876//861 786//745
f 786//745 876//861 877//862 787//746
f 787//746 877//862 878//863 788//747
f 788//747 878//863 879//864 789//748
f 789//748 879//864 880//865 790//749
f 790//749 880//865 881//866 791//750
f 791//750 881//866 882//867 792//751
f 792//751 882//867 883//868 793//752
f 793//752 883//868 884//869 794//753
f 794//753 884//869 885//870 795//754
f 795//754 885//870 886//871 796//755
f 796//755 886//871 887//872 797//756
f 797//756 887//872 888//873 798//757
f 798//757 888//873 889//874 799//758
f 799//758 889//874 890//875 800//759
f 800//759 890//875 891//876 801//760
f 801//760 891//876 892//877 802//761
f 802//761 892//877 893//878 803//762
f 803//762 893//878 894//879 804//763
f 804//763 894//879 895//880 805//764
f 805//764 895//880 896//881 806//765
f 806//765 896//881 897//882 807//766
f 807//766 897//882 898//883 808//767
f 808//767 898//883 899//884 809//768
f 809//768 899//884 900//885 810//769
f 810//769 900//885 901//886 811//770
f 811//770 901//886 902//887 812//771
f 812//771 902//887 903//888 813//772
f 813//772 903//888 904//889 814//773
f 814//773 904//889 905//890 815//774
f 815//774 905//890 906//891 816//775
f 816//775 906//891 907//892 817//776
f 817//776 907//892 908//893 818//777
f 818//777 908//893 909//894 819//780
f 819//780 909//894 910//895 820//783
f 820//783 910//895 911//896 821//786
f 821//786 911//896 912//897 822//789
f 822//789 912//897 913//898 823//792
f 823//792 913//898 914//899 824//794
f 824//794 914//899 915//900 825//797
f 825//797 915//900 916//901 826//799
f 826//799 916//901 917//902 827//800
f 827//800 917//902 918//903 828//801
f 828//801 918//903 919//904 829//802
f 829//802 919//904 920//905 830//803
f 830//803 920//905 831//804 743//696
f 831//804 921//906 922//907 832//805
f 832//805 922//907 923//908 833//806
f 833//806 923//908 924//909 834//807
f 834//807 924//909 925//910 835//808
f 835//808 925//910 926//911 836//809
f 836//809 926//911 927//912 837//810
f 837//810 927//912 928//913 838//811
f 838//811 928//913 929//914 839//812
f 839//812 929//914 930//915 840//813
f 840//813 930//915 931//916 841//814
f 841//814 931//916 932//917 842//815
f 842//815 932//917 933//918 843//816
f 843//816 933//918 934//919 844//817
f 844//817 934//919 935//920 845//818
f 845//818 935//920 936//921 846//819
f 846//819 936//921 937//922 847//820
f 847//820 937//922 938//923 848//821
f 848//821 938//923 939//924 849//822
f 849//822 939//924 940//925 850//823
f 850//823 940//925 941//926 851//824
f 851//824 941//926 942//927 852//825
f 852//825 942//927 943//928 853//826
f 853//826 943//928 944//929 854//827
f 854//827 944//929 945//930 855//828
f 855//828 945//930 946//931 856//829
f 856//829 946//931 947//932 857//830
f 857//830 947//932 948//933 858//831
f 858//831 948//933 949//934 859//832
f 859//832 949//934 950//935 860//833
f 860//833 950//935 951//936 861//834
f 861//834 951//936 952//937 862//835
f 862//835 952//937 953//938 863//836
f 863//836 953//938 954//939 864//837
f 864//837 954//939 955//940 865//839
f 6190//941 6172//844 865//839 955//940 956//942 6195//943 6192//941 6193//941 6194//941 6191//941 6189//941
f 6195//943 956//942 957//944 6199//945 6198//946 6196//946 6197//946
f 6201//947 6202//947 6200//947 6199//945 957//944 958//948 6203//949
f 6205//950 6203//949 958//948 959//951 6206//952 6207//950 6208//950 6204//950
f 6211//953 6212//954 6210//954 6209//954 6206//952 959//951 960//955
f 6214//956 6213//956 6211//953 960//955 961//957 6216//958 6215//956
f 6217//959 6216//958 961//957 962//960 866//847 6176//846 6218//959
f 866//847 962//960 963//961 867//850
f 867//850 963//961 964//962 868//853
f 868//853 964//962 965//963 869//854
f 869//854 965//963 966//964 870//855
f 870//855 966//964 967//965 871//856
f 871//856 967//965 968//966 872//857
f 872//857 968//966 969//967 873//858
f 873//858 969//967 970//968 874//859
f 874//859 970//968 971//969 875//860
f 875//860 971//969 972//970 876//861
f 876//861 972//970 973//971 877//862
f 877//862 973//971 974//972 878//863
f 878//863 974//972 975//973 879//864
f 879//864 975//973 976//974 880//865
f 880//865 976//974 977//975 881//866
f 881//866 977//975 978//976 882//867
f 882//867 978//976 979//977 883//868
f 883//868 979//977 980//978 884//869
f 884//869 980//978 981//979 885//870
f 885//870 981//979 982//980 886//871
f 886//871 982//980 983//981 887//872
f 887//872 983//981 984//982 888//873
f 888//873 984//982 985//983 889//874
f 889//874 985//983 986//984 890//875
f 890//875 986//984 987//985 891//876
f 891//876 987//985 988//986 892//877
f 892//877 988//986 989//987 893//878
f 893//878 989//987 990//988 894//879
f 894//879 990//988 991//989 895//880
f 895//880 991//989 992//990 896//881
f 896//881 992//990 993//991 897//882
f 897//882 993//991 994//992 898//883
f 898//883 994//992 995//993 899//884
f 899//884 995//993 996//994 900//885
f 900//885 996//994 997//995 901//886
f 901//886 997//995 998//996 902//887
f 902//887 998//996 999//997 903//888
f 903//888 999//997 1000//998 904//889
f 904//889 1000//998 1001//999 905//890
f 905//890 1001//999 1002//1000 906//891
f 906//891 1002//1000 1003//1001 907//892
f 907//892 1003//1001 1004//1002 908//893
f 908//893 1004//1002 1005//1003 909//894
f 909//894 1005//1003 1006//1004 910//895
f 910//895 1006//1004 1007//1005 911//896
f 911//896 1007//1005 1008//1006 912//897
f 912//897 1008//1006 1009//1007 913//898
f 913//898 1009//1007 1010//1008 914//899
f 914//899 1010//1008 1011//1009 915//900
f 915//900 1011//1009 1012//1010 916//901
f 916//901 1012//1010 1013//1011 917//902
f 917//902 1013//1011 1014//1012 918//903
f 918//903 1014//1012 1015//1013 919//904
f 919//904 1015//1013 1016//1014 920//905
f 920//905 1016//1014 921//906 831//804
f 921//906 1017//1015 1018//1016 922//907
f 922//907 1018//1016 1019//1017 923//908
f 923//908 1019//1017 1020//1018 924//909
f 924//909 1020//1018 1021//1019 925//910
f 925//910 1021//1019 1022//1020 926//911
f 926//911 1022//1020 1023//1021 927//912
f 927//912 1023//1021 1024//1022 928//913
f 928//913 1024//1022 1025//1023 929//914
f 929//914 1025//1023 1026//1024 930//915
f 930//915 1026//1024 1027//1025 931//916
f 931//916 1027//1025 1028//1026 932//917
f 932//917 1028//1026 1029//1027 933//918
f 933//918 1029//1027 1030//1028 934//919
f 934//919 1030//1028 1031//1029 935//920
f 935//920 1031//1029 1032//1030 936//921
f 936//921 1032//1030 1033//1031 937//922
f 937//922 1033//1031 1034//1032 938//923
f 938//923 1034//1032 1035//1033 939//924
f 939//924 1035//1033 1036//1034 940//925
f 940//925 1036//1034 1037//1035 941//926
f 941//926 1037//1035 1038//1036 942//927
f 942//927 1038//1036 1039//1037 943//928
f 943//928 1039//1037 1040//1038 944//929
f 944//929 1040//1038 1041//1039 945//930
f 945//930 1041//1039 1042//1040 946//931
f 946//931 1042//1040 1043//1041 947//932
f 947//932 1043//1041 1044//1042 948//933
f 948//933 1044//1042 1045//1043 949//934
f 949//934 1045//1043 1046//1044 950//935
f 950//935 1046//1044 1047//1045 951//936
f 951//936 1047//1045 1048//1046 952//937
f 952//937 1048//1046 1049//1047 953//938
f 953//938 1049//1047 1050//1048 954//939
f 954//939 1050//1048 1051//1049 955//940
f 955//940 1051//1049 1052//1050 956//942
f 956//942 1052//1050 1053//1051 957//944
f 957//944 1053//1051 1054//1052 958//948
f 958//948 1054//1052 1055//1053 959//951
f 959//951 1055//1053 1056//1054 960//955
f 960//955 1056//1054 1057//1055 961//957
f 961//957 1057//1055 1058//1056 962//960
f 962//960 1058//1056 1059//1057 963//961
f 963//961 1059//1057 1060//1058 964//962
f 964//962 1060//1058 1061//1059 965//963
f 965//963 1061//1059 1062//1060 966//964
f 966//964 1062//1060 1063//1061 967//965
f 967//965 1063//1061 1064//1062 968//966
f 968//966 1064//1062 1065//1063 969//967
f 969//967 1065//1063 1066//1064 970//968
f 970//968 1066//1064 1067//1065 971//969
f 971//969 1067//1065 1068//1066 972//970
f 972//970 1068//1066 1069//1067 973//971
f 973//971 1069//1067 1070//1068 974//972
f 974//972 1070//1068 1071//1069 975//973
f 975//973 1071//1069 1072//1070 976//974
f 976//974 1072//1070 1073//1071 977//975
f 977//975 1073//1071 1074//1072 978//976
f 978//976 1074//1072 1075//1073 979//977
f 979//977 1075//1073 1076//1074 980//978
f 980//978 1076//1074 1077//1075 981//979
f 981//979 1077//1075 1078//1076 982//980
f 982//980 1078//1076 1079//1077 983//981
f 983//981 1079//1077 1080//1078 984//982
f 984//982 1080//1078 1081//1079 985//983
f 985//983 1081//1079 1082//1080 986//984
f 986//984 1082//1080 1083//1081 987//985
f 987//985 1083//1081 1084//1082 988//986
f 988//986 1084//1082 1085//1083 989//987
f 989//987 1085//1083 1086//1084 990//988
f 990//988 1086//1084 1087//1085 991//989
f 991//989 1087//1085 1088//1086 992//990
f 992//990 1088//1086 1089//1087 993//991
f 993//991 1089//1087 1090//1088 994//992
f 994//992 1090//1088 1091//1089 995//993
f 995//993 1091//1089 1092//1090 996//994
f 996//994 1092//1090 1093//1091 997//995
f 997//995 1093//1091 1094//1092 998//996
f 998//996 1094//1092 1095//1093 999//997
f 999//997 1095//1093 1096//1094 1000//998
f 1000//998 1096//1094 1097//1095 1001//999
f 1001//999 1097//1095 1098//1096 1002//1000
f 1002//1000 1098//1096 1099//1097 1003//1001
f 1003//1001 1099//1097 1100//1098 1004//1002
f 1004//1002 1100//1098 1101//1099 1005//1003
f 1005//1003 1101//1099 1102//1100 1006//1004
f 1006//1004 1102//1100 1103//1101 1007//1005
f 1007//1005 1103//1101 1104//1102 1008//1006
f 1008//1006 1104//1102 1105//1103 1009//1007
f 1009//1007 1105//1103 1106//1104 1010//1008
f 1010//1008 1106//1104 1107//1105 1011//1009
f 1011//1009 1107//1105 1108//1106 1012//1010
f 1012//1010 1108//1106 1109//1107 1013//1011
f 1013//1011 1109//1107 1110//1108 1014//1012
f 1014//1012 1110//1108 1111//1109 1015//1013
f 1015//1013 1111//1109 1112//1110 1016//1014
f 1016//1014 1112//1110 1017//1015 921//906
f 1017//1015 1113//1111 1114//1112 1018//1016
f 1018//1016 1114//1112 1115//1113 1019//1017
f 1019//1017 1115//1113 1116//1114 1020//1018
f 1020//1018 1116//1114 1117//1115 1021//1019
f 1021//1019 1117//1115 1118//1116 1022//1020
f 1022//1020 1118//1116 1119//1117 1023//1021
f 1023//1021 1119//1117 1120//1118 1024//1022
f 1024//1022 1120//1118 1121//1119 1025//1023
f 1025//1023 1121//1119 1122//1120 1026//1024
f 1026//1024 1122//1120 1123//1121 1027//1025
f 1027//1025 1123//1121 1124//1122 1028//1026
f 1028//1026 1124//1122 1125//1123 1029//1027
f 1029//1027 1125//1123 1126//1124 1030//1028
f 1030//1028 1126//1124 1127//1125 1031//1029
f 1031//1029 1127//1125 1128//1126 1032//1030
f 1032//1030 1128//1126 1129//1127 1033//1031
f 1033//1031 1129//1127 1130//1128 1034//1032
f 1034//1032 1130//1128 1131//1129 1035//1033
f 1035//1033 1131//1129 1132//1130 1036//1034
f 1036//1034 1132//1130 1133//1131 1037//1035
f 1037//1035 1133//1131 1134//1132 1038//1036
f 1038//1036 1134//1132 1135//1133 1039//1037
f 1039//1037 1135//1133 1136//1134 1040//1038
f 1040//1038 1136//1134 1137//1135 1041//1039
f 1041//1039 1137//1135 1138//1136 1042//1040
f 1042//1040 1138//1136 1139//1137 1043//1041
f 1043//1041 1139//1137 1140//1138 1044//1042
f 1044//1042 1140//1138 1141//1139 1045//1043
f 1045//1043 1141//1139 1142//1140 1046//1044
f 1046//1044 1142//1140 1143//1141 1047//1045
f 1047//1045 1143//1141 1144//1142 1048//1046
f 1048//1046 1144//1142 1145//1143 1049//1047
f 1049//1047 1145//1143 1146//1144 1050//1048
f 1050//1048 1146//1144 1147//1145 1051//1049
f 1051//1049 1147//1145 1148//1146 1052//1050
f 1052//1050 1148//1146 1149//1147 1053//1051
f 1053//1051 1149//1147 1150//1148 1054//1052
f 1054//1052 1150//1148 1151//1149 1055//1053
f 1055//1053 1151//1149 1152//1150 1056//1054
f 1056//1054 1152//1150 1153//1151 1057//1055
f 1057//1055 1153//1151 1154//1152 1058//1056
f 1058//1056 1154//1152 1155//1153 1059//1057
f 1059//1057 1155//1153 1156//1154 1060//1058
f 1060//1058 1156//1154 1157//1155 1061//1059
f 1061//1059 1157//1155 1158//1156 1062//1060
f 1062//1060 1158//1156 1159//1157 1063//1061
f 1063//1061 1159//1157 1160//1158 1064//1062
f 1064//1062 1160//1158 1161//1159 1065//1063
f 1065//1063 1161//1159 1162//1160 1066//1064
f 1066//1064 1162//1160 1163//1161 1067//1065
f 1067//1065 1163//1161 1164//1162 1068//1066
f 1068//1066 1164//1162 1165//1163 1069//1067
f 1069//1067 1165//1163 1166//1164 1070//1068
f 1070//1068 1166//1164 1167//1165 1071//1069
f 1071//1069 1167//1165 1168//1166 1072//1070
f 1072//1070 1168//1166 1169//1167 1073//1071
f 1073//1071 1169//1167 1170//1168 1074//1072
f 1074//1072 1170//1168 1171//1169 1075//1073
f 1075//1073 1171//1169 1172//1170 1076//1074
f 1076//1074 1172//1170 1173//1171 1077//1075
f 1077//1075 1173//1171 1174//1172 1078//1076
f 1078//1076 1174//1172 1175//1173 1079//1077
f 1079//1077 1175//1173 1176//1174 1080//1078
f 1080//1078 1176//1174 1177//1175 1081//1079
f 1081//1079 1177//1175 1178//1176 1082//1080
f 1082//1080 1178//1176 1179//1177 1083//1081
f 1083//1081 1179//1177 1180//1178 1084//1082
f 1084//1082 1180//1178 1181//1179 1085//1083
f 1085//1083 1181//1179 1182//1180 1086//1084
f 1086//1084 1182//1180 1183//1181 1087//1085
f 1087//1085 1183//1181 1184//1182 1088//1086
f 1088//1086 1184//1182 1185//1183 1089//1087
f 1089//1087 1185//1183 1186//1184 1090//1088
f 1090//1088 1186//1184 1187//1185 1091//1089
f 1091//1089 1187//1185 1188//1186 1092//1090
f 1092//1090 1188//1186 1189//1187 1093//1091
f 1093//1091 1189//1187 1190//1188 1094//1092
f 1094//1092 1190//1188 1191//1189 1095//1093
f 1095//1093 1191//1189 1192//1190 1096//1094
f 1096//1094 1192//1190 1193//1191 1097//1095
f 1097//1095 1193//1191 1194//1192 1098//1096
f 1098//1096 1194//1192 1195//1193 1099//1097
f 1099//1097 1195//1193 1196//1194 1100//1098
f 1100//1098 1196//1194 1197//1195 1101//1099
f 1101//1099 1197//1195 1198//1196 1102//1100
f 1102//1100 1198//1196 1199//1197 1103//1101
f 1103//1101 1199//1197 1200//1198 1104//1102
f 1104//1102 1200//1198 1201//1199 1105//1103
f 1105//1103 1201//1199 1202//1200 1106//1104
f 1106//1104 1202//1200 1203//1201 1107//1105
f 1107//1105 1203//1201 1204//1202 1108//1106
f 1108//1106 1204//1202 1205//1203 1109//1107
f 1109//1107 1205//1203 1206//1204 1110//1108
f 1110//1108 1206//1204 1207//1205 1111//1109
f 1111//1109 1207//1205 1208//1206 1112//1110
f 1112//1110 1208//1206 1113//1111 1017//1015
f 1113//1111 1209//1207 1210//1208 1114//1112
f 1114//1112 1210//1208 1211//1209 1115//1113
f 1115//1113 1211//1209 1212//1210 1116//1114
f 1116//1114 1212//1210 1213//1211 1117//1115
f 1117//1115 1213//1211 1214//1212 1118//1116
f 1118//1116 1214//1212 1215//1213 1119//1117
f 1119//1117 1215//1213 1216//1214 1120//1118
f 1120//1118 1216//1214 1217//1215 1121//1119
f 1121//1119 1217//1215 1218//1216 1122//1120
f 1122//1120 1218//1216 1219//1217 1123//1121
f 1123//1121 1219//1217 1220//1218 1124//1122
f 1124//1122 1220//1218 1221//1219 1125//1123
f 1125//1123 1221//1219 1222//1220 1126//1124
f 1126//1124 1222//1220 1223//1221 1127//1125
f 1127//1125 1223//1221 1224//1222 1128//1126
f 1128//1126 1224//1222 1225//1223 1129//1127
f 1129//1127 1225//1223 1226//1224 1130//1128
f 1130//1128 1226//1224 1227//1225 1131//1129
f 1131//1129 1227//1225 1228//1226 1132//1130
f 1132//1130 1228//1226 1229//1227 1133//1131
f 1133//1131 1229//1227 1230//1228 1134//1132
f 1134//1132 1230//1228 1231//1229 1135//1133
f 1135//1133 1231//1229 1232//1230 1136//1134
f 1136//1134 1232//1230 1233//1231 1137//1135
f 1137//1135 1233//1231 1234//1232 1138//1136
f 1138//1136 1234//1232 1235//1233 1139//1137
f 1139//1137 1235//1233 1236//1234 1140//1138
f 1140//1138 1236//1234 1237//1235 1141//1139
f 1141//1139 1237//1235 1238//1236 1142//1140
f 1142//1140 1238//1236 1239//1237 1143//1141
f 1143//1141 1239//1237 1240//1238 1144//1142
f 1144//1142 1240//1238 1241//1239 1145//1143
f 1145//1143 1241//1239 1242//1240 1146//1144
f 1146//1144 1242//1240 1243//1241 1147//1145
f 1147//1145 1243//1241 1244//1242 1148//1146
f 1148//1146 1244//1242 1245//1243 1149//1147
f 1149//1147 1245//1243 1246//1244 1150//1148
f 1150//1148 1246//1244 1247//1245 1151//1149
f 1151//1149 1247//1245 1248//1246 1152//1150
f 1152//1150 1248//1246 1249//1247 1153//1151
f 1153//1151 1249//1247 1250//1248 1154//1152
f 1154//1152 1250//1248 1251//1249 1155//1153
f 1155//1153 1251//1249 1252//1250 1156//1154
f 1156//1154 1252//1250 1253//1251 1157//1155
f 1157//1155 1253//1251 1254//1252 1158//1156
f 1158//1156 1254//1252 1255//1253 1159//1157
f 1159//1157 1255//1253 1256//1254 1160//1158
f 1160//1158 1256//1254 1257//1255 1161//1159
f 1161//1159 1257//1255 1258//1256 1162//1160
f 1162//1160 1258//1256 1259//1257 1163//1161
f 1163//1161 1259//1257 1260//1258 1164//1162
f 1164//1162 1260//1258 1261//1259 1165//1163
f 1165//1163 1261//1259 1262//1260 1166//1164
f 1166//1164 1262//1260 1263//1261 1167//1165
f 1167//1165 1263//1261 1264//1262 1168//1166
f 1168//1166 1264//1262 1265//1263 1169//1167
f 1169//1167 1265//1263 1266//1264 1170//1168
f 1170//1168 1266//1264 1267//1265 1171//1169
f 1171//1169 1267//1265 1268//1266 1172//1170
f 1172//1170 1268//1266 1269//1267 1173//1171
f 1173//1171 1269//1267 1270//1268 1174//1172
f 1174//1172 1270//1268 1271//1269 1175//1173
f 1175//1173 1271//1269 1272//1270 1176//1174
f 1176//1174 1272//1270 1273//1271 1177//1175
f 1177//1175 1273//1271 1274//1272 1178//1176
f 1178//1176 1274//1272 1275//1273 1179//1177
f 1179//1177 1275//1273 1276//1274 1180//1178
f 1180//1178 1276//1274 1277//1275 1181//1179
f 1181//1179 1277//1275 1278//1276 1182//1180
f 1182//1180 1278//1276 1279//1277 1183//1181
f 1183//1181 1279//1277 1280//1278 1184//1182
f 1184//1182 1280//1278 1281//1279 1185//1183
f 1185//1183 1281//1279 1282//1280 1186//1184
f 1186//1184 1282//1280 1283//1281 1187//1185
f 1187//1185 1283//1281 1284//1282 1188//1186
f 1188//1186 1284//1282 1285//1283 1189//1187
f 1189//1187 1285//1283 1286//1284 1190//1188
f 1190//1188 1286//1284 1287//1285 1191//1189
f 1191//1189 1287//1285 1288//1286 1192//1190
f 1192//1190 1288//1286 1289//1287 1193//1191
f 1193//1191 1289//1287 1290//1288 1194//1192
f 1194//1192 1290//1288 1291//1289 1195//1193
f 1195//1193 1291//1289 1292//1290 1196//1194
f 1196//1194 1292//1290 1293//1291 1197//1195
f 1197//1195 1293//1291 1294//1292 1198//1196
f 1198//1196 1294//1292 1295//1293 1199//1197
f 1199//1197 1295//1293 1296//1294 1200//1198
f 1200//1198 1296//1294 1297//1295 1201//1199
f 1201//1199 1297//1295 1298//1296 1202//1200
f 1202//1200 1298//1296 1299//1297 1203//1201
f 1203//1201 1299//1297 1300//1298 1204//1202
f 1204//1202 1300//1298 1301//1299 1205//1203
f 1205//1203 1301//1299 1302//1300 1206//1204
f 1206//1204 1302//1300 1303//1301 1207//1205
f 1207//1205 1303//1301 1304//1302 1208//1206
f 1208//1206 1304//1302 1209//1207 1113//1111
f 1209//1207 1305//1303 1306//1304 1210//1208
f 1210//1208 1306//1304 1307//1305 1211//1209
f 1211//1209 1307//1305 1308//1306 1212//1210
f 1212//1210 1308//1306 1309//1307 1213//1211
f 1213//1211 1309//1307 1310//1308 1214//1212
f 1214//1212 1310//1308 1311//1309 1215//1213
f 1215//1213 1311//1309 1312//1310 1216//1214
f 1216//1214 1312//1310 1313//1311 1217//1215
f 1217//1215 1313//1311 1314//1312 1218//1216
f 1218//1216 1314//1312 1315//1313 1219//1217
f 1219//1217 1315//1313 1316//1314 1220//1218
f 1220//1218 1316//1314 1317//1315 1221//1219
f 1221//1219 1317//1315 1318//1316 1222//1220
f 1222//1220 1318//1316 1319//1317 1223//1221
f 1223//1221 1319//1317 1320//1318 1224//1222
f 1224//1222 1320//1318 1321//1319 1225//1223
f 1225//1223 1321//1319 1322//1320 1226//1224
f 1226//1224 1322//1320 1323//1321 1227//1225
f 1227//1225 1323//1321 1324//1322 1228//1226
f 1228//1226 1324//1322 1325//1323 1229//1227
f 1229//1227 1325//1323 1326//1324 1230//1228
f 1230//1228 1326//1324 1327//1325 1231//1229
f 1231//1229 1327//1325 1328//1326 1232//1230
f 1232//1230 1328//1326 1329//1327 1233//1231
f 1233//1231 1329//1327 1330//1328 1234//1232
f 1234//1232 1330//1328 1331//1329 1235//1233
f 1235//1233 1331//1329 1332//1330 1236//1234
f 1236//1234 1332//1330 1333//1331 1237//1235
f 1237//1235 1333//1331 1334//1332 1238//1236
f 1238//1236 1334//1332 1335//1333 1239//1237
f 1239//1237 1335//1333 1336//1334 1240//1238
f 1240//1238 1336//1334 1337//1335 1241//1239
f 1241//1239 1337//1335 1338//1336 1242//1240
f 1242//1240 1338//1336 1339//1337 1243//1241
f 1243//1241 1339//1337 1340//1338 1244//1242
f 1244//1242 1340//1338 1341//1339 1245//1243
f 1245//1243 1341//1339 1342//1340 1246//1244
f 1246//1244 1342//1340 1343//1341 1247//1245
f 1247//1245 1343//1341 1344//1342 1248//1246
f 1248//1246 1344//1342 1345//1343 1249//1247
f 1249//1247 1345//1343 1346//1344 1250//1248
f 1250//1248 1346//1344 1347//1345 1251//1249
f 1251//1249 1347//1345 1348//1346 1252//1250
f 1252//1250 1348//1346 1349//1347 1253//1251
f 1253//1251 1349//1347 1350//1348 1254//1252
f 1254//1252 1350//1348 1351//1349 1255//1253
f 1255//1253 1351//1349 1352//1350 1256//1254
f 1256//1254 1352//1350 1353//1351 1257//1255
f 1257//1255 1353//1351 1354//1352 1258//1256
f 1258//1256 1354//1352 1355//1353 1259//1257
f 1259//1257 1355//1353 1356//1354 1260//1258
f 1260//1258 1356//1354 1357//1355 1261//1259
f 1261//1259 1357//1355 1358//1356 1262//1260
f 1262//1260 1358//1356 1359//1357 1263//1261
f 1263//1261 1359//1357 1360//1358 1264//1262
f 1264//1262 1360//1358 1361//1359 1265//1263
f 1265//1263 1361//1359 1362//1360 1266//1264
f 1266//1264 1362//1360 1363//1361 1267//1265
f 1267//1265 1363//1361 1364//1362 1268//1266
f 1268//1266 1364//1362 1365//1363 1269//1267
f 1269//1267 1365//1363 1366//1364 1270//1268
f 1270//1268 1366//1364 1367//1365 1271//1269
f 1271//1269 1367//1365 1368//1366 1272//1270
f 1272//1270 1368//1366 1369//1367 1273//1271
f 1273//1271 1369//1367 1370//1368 1274//1272
f 1274//1272 1370//1368 1371//1369 1275//1273
f 1275//1273 1371//1369 1372//1370 1276//1274
f 1276//1274 1372//1370 1373//1371 1277//1275
f 1277//1275 1373//1371 1374//1372 1278//1276
f 1278//1276 1374//1372 1375//1373 1279//1277
f 1279//1277 1375//1373 1376//1374 1280//1278
f 1280//1278 1376//1374 1377//1375 1281//1279
f 1281//1279 1377//1375 1378//1376 1282//1280
f 1282//1280 1378//1376 1379//1377 1283//1281
f 1283//1281 1379//1377 1380//1378 1284//1282
f 1284//1282 1380//1378 1381//1379 1285//1283
f 1285//1283 1381//1379 1382//1380 1286//1284
f 1286//1284 1382//1380 1383//1381 1287//1285
f 1287//1285 1383//1381 1384//1382 1288//1286
f 1288//1286 1384//1382 1385//1383 1289//1287
f 1289//1287 1385//1383 1386//1384 1290//1288
f 1290//1288 1386//1384 1387//1385 1291//1289
f 1291//1289 1387//1385 1388//1386 1292//1290
f 1292//1290 1388//1386 1389//1387 1293//1291
f 1293//1291 1389//1387 1390//1388 1294//1292
f 1294//1292 1390//1388 1391//1389 1295//1293
f 1295//1293 1391//1389 1392//1390 1296//1294
f 1296//1294 1392//1390 1393//1391 1297//1295
f 1297//1295 1393//1391 1394//1392 1298//1296
f 1298//1296 1394//1392 1395//1393 1299//1297
f 1299//1297 1395//1393 1396//1394 1300//1298
f 1300//1298 1396//1394 1397//1395 1301//1299
f 1301//1299 1397//1395 1398//1396 1302//1300
f 1302//1300 1398//1396 1399//1397 1303//1301
f 1303//1301 1399//1397 1400//1398 1304//1302
f 1304//1302 1400//1398 1305//1303 1209//1207
f 1305//1303 1401//1399 1402//1400 1306//1304
f 1306//1304 1402//1400 1403//1401 1307//1305
f 1307//1305 1403//1401 1404//1402 1308//1306
f 1308//1306 1404//1402 1405//1403 1309//1307
f 1309//1307 1405//1403 1406//1404 1310//1308
f 1310//1308 1406//1404 1407//1405 1311//1309
f 1311//1309 1407//1405 1408//1406 1312//1310
f 1312//1310 1408//1406 1409//1407 1313//1311
f 1313//1311 1409//1407 1410//1408 1314//1312
f 1314//1312 1410//1408 1411//1409 1315//1313
f 1315//1313 1411//1409 1412//1410 1316//1314
f 1316//1314 1412//1410 1413//1411 1317//1315
f 1317//1315 1413//1411 1414//1412 1318//1316
f 1318//1316 1414//1412 1415//1413 1319//1317
f 1319//1317 1415//1413 1416//1414 1320//1318
f 1320//1318 1416//1414 1417//1415 1321//1319
f 1321//1319 1417//1415 1418//1416 1322//1320
f 1322//1320 1418//1416 1419//1417 1323//1321
f 1323//1321 1419//1417 1420//1418 1324//1322
f 1324//1322 1420//1418 1421//1419 1325//1323
f 1325//1323 1421//1419 1422//1420 1326//1324
f 1326//1324 1422//1420 1423//1421 1327//1325
f 1327//1325 1423//1421 1424//1422 1328//1326
f 1328//1326 1424//1422 1425//1423 1329//1327
f 1329//1327 1425//1423 1426//1424 1330//1328
f 1330//1328 1426//1424 1427//1425 1331//1329
f 1331//1329 1427//1425 1428//1426 1332//1330
f 1332//1330 1428//1426 1429//1427 1333//1331
f 1333//1331 1429//1427 1430//1428 1334//1332
f 1334//1332 1430//1428 1431//1429 1335//1333
f 1335//1333 1431//1429 1432//1430 1336//1334
f 1336//1334 1432//1430 1433//1431 1337//1335
f 1337//1335 1433//1431 1434//1432 1338//1336
f 1338//1336 1434//1432 1435//1433 1339//1337
f 1339//1337 1435//1433 1436//1434 1340//1338
f 1340//1338 1436//1434 1437//1435 1341//1339
f 1341//1339 1437//1435 1438//1436 1342//1340
f 1342//1340 1438//1436 1439//1437 1343//1341
f 1343//1341 1439//1437 1440//1438 1344//1342
f 1344//1342 1440//1438 1441//1439 1345//1343
f 1345//1343 1441//1439 1442//1440 1346//1344
f 1346//1344 1442//1440 1443//1441 1347//1345
f 1347//1345 1443//1441 1444//1442 1348//1346
f 1348//1346 1444//1442 1445//1443 1349//1347
f 1349//1347 1445//1443 1446//1444 1350//1348
f 1350//1348 1446//1444 1447//1445 1351//1349
f 1351//1349 1447//1445 1448//1446 1352//1350
f 1352//1350 1448//1446 1449//1447 1353//1351
f 1353//1351 1449//1447 1450//1448 1354//1352
f 1354//1352 1450//1448 1451//1449 1355//1353
f 1355//1353 1451//1449 1452//1450 1356//1354
f 1356//1354 1452//1450 1453//1451 1357//1355
f 1357//1355 1453//1451 1454//1452 1358//1356
f 1358//1356 1454//1452 1455//1453 1359//1357
f 1359//1357 1455//1453 1456//1454 1360//1358
f 1360//1358 1456//1454 1457//1455 1361//1359
f 1361//1359 1457//1455 1458//1456 1362//1360
f 1362//1360 1458//1456 1459//1457 1363//1361
f 1363//1361 1459//1457 1460//1458 1364//1362
f 1364//1362 1460//1458 1461//1459 1365//1363
f 1365//1363 1461//1459 1462//1460 1366//1364
f 1366//1364 1462//1460 1463//1461 1367//1365
f 1367//1365 1463//1461 1464//1462 1368//1366
f 1368//1366 1464//1462 1465//1463 1369//1367
f 1369//1367 1465//1463 1466//1464 1370//1368
f 1370//1368 1466//1464 1467//1465 1371//1369
f 1371//1369 1467//1465 1468//1466 1372//1370
f 1372//1370 1468//1466 1469//1467 1373//1371
f 1373//1371 1469//1467 1470//1468 1374//1372
f 1374//1372 1470//1468 1471//1469 1375//1373
f 1375//1373 1471//1469 1472//1470 1376//1374
f 1376//1374 1472//1470 1473//1471 1377//1375
f 1377//1375 1473//1471 1474//1472 1378//1376
f 1378//1376 1474//1472 1475//1473 1379//1377
f 1379//1377 1475//1473 1476//1474 1380//1378
f 1380//1378 1476//1474 1477//1475 1381//1379
f 1381//1379 1477//1475 1478//1476 1382//1380
f 1382//1380 1478//1476 1479//1477 1383//1381
f 1383//1381 1479//1477 1480//1478 1384//1382
f 1384//1382 1480//1478 1481//1479 1385//1383
f 1385//1383 1481//1479 1482//1480 1386//1384
f 1386//1384 1482//1480 1483//1481 1387//1385
f 1387//1385 1483//1481 1484//1482 1388//1386
f 1388//1386 1484//1482 1485//1483 1389//1387
f 1389//1387 1485//1483 1486//1484 1390//1388
f 1390//1388 1486//1484 1487//1485 1391//1389
f 1391//1389 1487//1485 1488//1486 1392//1390
f 1392//1390 1488//1486 1489//1487 1393//1391
f 1393//1391 1489//1487 1490//1488 1394//1392
f 1394//1392 1490//1488 1491//1489 1395//1393
f 1395//1393 1491//1489 1492//1490 1396//1394
f 1396//1394 1492//1490 1493//1491 1397//1395
f 1397//1395 1493//1491 1494//1492 1398//1396
f 1398//1396 1494//1492 1495//1493 1399//1397
f 1399//1397 1495//1493 1496//1494 1400//1398
f 1400//1398 1496//1494 1401//1399 1305//1303
f 1401//1399 1497//1495 1498//1496 1402//1400
f 1402//1400 1498//1496 1499//1497 1403//1401
f 1403//1401 1499//1497 1500//1498 1404//1402
f 1404//1402 1500//1498 1501//1499 1405//1403
f 1405//1403 1501//1499 1502//1500 1406//1404
f 1406//1404 1502//1500 1503//1501 1407//1405
f 1407//1405 1503//1501 1504//1502 1408//1406
f 1408//1406 1504//1502 1505//1503 1409//1407
f 1409//1407 1505//1503 1506//1504 1410//1408
f 1410//1408 1506//1504 1507//1505 1411//1409
f 1411//1409 1507//1505 1508//1506 1412//1410
f 1412//1410 1508//1506 1509//1507 1413//1411
f 1413//1411 1509//1507 1510//1508 1414//1412
f 1414//1412 1510//1508 1511//1509 1415//1413
f 1415//1413 1511//1509 1512//1510 1416//1414
f 1416//1414 1512//1510 1513//1511 1417//1415
f 1417//1415 1513//1511 1514//1512 1418//1416
f 1418//1416 1514//1512 1515//1513 1419//1417
f 1419//1417 1515//1513 1516//1514 1420//1418
f 1420//1418 1516//1514 1517//1515 1421//1419
f 1421//1419 1517//1515 1518//1516 1422//1420
f 1422//1420 1518//1516 1519//1517 1423//1421
f 1423//1421 1519//1517 1520//1518 1424//1422
f 1424//1422 1520//1518 1521//1519 1425//1423
f 1425//1423 1521//1519 1522//1520 1426//1424
f 1426//1424 1522//1520 1523//1521 1427//1425
f 1427//1425 1523//1521 1524//1522 1428//1426
f 1428//1426 1524//1522 1525//1523 1429//1427
f 1429//1427 1525//1523 1526//1524 1430//1428
f 1430//1428 1526//1524 1527//1525 1431//1429
f 1431//1429 1527//1525 1528//1526 1432//1430
f 1432//1430 1528//1526 1529//1527 1433//1431
f 1433//1431 1529//1527 1530//1528 1434//1432
f 1434//1432 1530//1528 1531//1529 1435//1433
f 1435//1433 1531//1529 1532//1530 1436//1434
f 1436//1434 1532//1530 1533//1531 1437//1435
f 1437//1435 1533//1531 1534//1532 1438//1436
f 1438//1436 1534//1532 1535//1533 1439//1437
f 1439//1437 1535//1533 1536//1534 1440//1438
f 1440//1438 1536//1534 1537//1535 1441//1439
f 1441//1439 1537//1535 1538//1536 1442//1440
f 1442//1440 1538//1536 1539//1537 1443//1441
f 1443//1441 1539//1537 1540//1538 1444//1442
f 1444//1442 1540//1538 1541//1539 1445//1443
f 1445//1443 1541//1539 1542//1540 1446//1444
f 1446//1444 1542//1540 1543//1541 1447//1445
f 1447//1445 1543//1541 1544//1542 1448//1446
f 1448//1446 1544//1542 1545//1543 1449//1447
f 1449//1447 1545//1543 1546//1544 1450//1448
f 1450//1448 1546//1544 1547//1545 1451//1449
f 1451//1449 1547//1545 1548//1546 1452//1450
f 1452//1450 1548//1546 1549//1547 1453//1451
f 1453//1451 1549//1547 1550//1548 1454//1452
f 1454//1452 1550//1548 1551//1549 1455//1453
f 1455//1453 1551//1549 1552//1550 1456//1454
f 1456//1454 1552//1550 1553//1551 1457//1455
f 1457//1455 1553//1551 1554//1552 1458//1456
f 1458//1456 1554//1552 1555//1553 1459//1457
f 1459//1457 1555//1553 1556//1554 1460//1458
f 1460//1458 1556//1554 1557//1555 1461//1459
f 1461//1459 1557//1555 1558//1556 1462//1460
f 1462//1460 1558//1556 1559//1557 1463//1461
f 1463//1461 1559//1557 1560//1558 1464//1462
f 1464//1462 1560//1558 1561//1559 1465//1463
f 1465//1463 1561//1559 1562//1560 1466//1464
f 1466//1464 1562//1560 1563//1561 1467//1465
f 1467//1465 1563//1561 1564//1562 1468//1466
f 1468//1466 1564//1562 1565//1563 1469//1467
f 1469//1467 1565//1563 1566//1564 1470//1468
f 1470//1468 1566//1564 1567//1565 1471//1469
f 1471//1469 1567//1565 1568//1566 1472//1470
f 1472//1470 1568//1566 1569//1567 1473//1471
f 1473//1471 1569//1567 1570//1568 1474//1472
f 1474//1472 1570//1568 1571//1569 1475//1473
f 1475//1473 1571//1569 1572//1570 1476//1474
f 1476//1474 1572//1570 1573//1571 1477//1475
f 1477//1475 1573//1571 1574//1572 1478//1476
f 1478//1476 1574//1572 1575//1573 1479//1477
f 1479//1477 1575//1573 1576//1574 1480//1478
f 1480//1478 1576//1574 1577//1575 1481//1479
f 1481//1479 1577//1575 1578//1576 1482//1480
f 1482//1480 1578//1576 1579//1577 1483//1481
f 1483//1481 1579//1577 1580//1578 1484//1482
f 1484//1482 1580//1578 1581//1579 1485//1483
f 1485//1483 1581//1579 1582//1580 1486//1484
f 1486//1484 1582//1580 1583//1581 1487//1485
f 1487//1485 1583//1581 1584//1582 1488//1486
f 1488//1486 1584//1582 1585//1583 1489//1487
f 1489//1487 1585//1583 1586//1584 1490//1488
f 1490//1488 1586//1584 1587//1585 1491//1489
f 1491//1489 1587//1585 1588//1586 1492//1490
f 1492//1490 1588//1586 1589//1587 1493//1491
f 1493//1491 1589//1587 1590//1588 1494//1492
f 1494//1492 1590//1588 1591//1589 1495//1493
f 1495//1493 1591//1589 1592//1590 1496//1494
f 1496//1494 1592//1590 1497//1495 1401//1399
f 1497//1495 1593//1591 1594//1592 1498//1496
f 1498//1496 1594//1592 1595//1593 1499//1497
f 1499//1497 1595//1593 1596//1594 1500//1498
f 1500//1498 1596//1594 1597//1595 1501//1499
f 1501//1499 1597//1595 1598//1596 1502//1500
f 1502//1500 1598//1596 1599//1597 1503//1501
f 1503//1501 1599//1597 1600//1598 1504//1502
f 1504//1502 1600//1598 1601//1599 1505//1503
f 1505//1503 1601//1599 1602//1600 1506//1504
f 1506//1504 1602//1600 1603//1601 1507//1505
f 1507//1505 1603//1601 1604//1602 1508//1506
f 1508//1506 1604//1602 1605//1603 1509//1507
f 1509//1507 1605//1603 1606//1604 1510//1508
f 1510//1508 1606//1604 1607//1605 1511//1509
f 1511//1509 1607//1605 1608//1606 1512//1510
f 1512//1510 1608//1606 1609//1607 1513//1511
f 1513//1511 1609//1607 1610//1608 1514//1512
f 1514//1512 1610//1608 1611//1609 1515//1513
f 1515//1513 1611//1609 1612//1610 1516//1514
f 1516//1514 1612//1610 1613//1611 1517//1515
f 1517//1515 1613//1611 1614//1612 1518//1516
f 1518//1516 1614//1612 1615//1613 1519//1517
f 1519//1517 1615//1613 1616//1614 1520//1518
f 1520//1518 1616//1614 1617//1615 1521//1519
f 1521//1519 1617//1615 1618//1616 1522//1520
f 1522//1520 1618//1616 1619//1617 1523//1521
f 1523//1521 1619//1617 1620//1618 1524//1522
f 1524//1522 1620//1618 1621//1619 1525//1523
f 1525//1523 1621//1619 1622//1620 1526//1524
f 1526//1524 1622//1620 1623//1621 1527//1525
f 1527//1525 1623//1621 1624//1622 1528//1526
f 1528//1526 1624//1622 1625//1623 1529//1527
f 1529//1527 1625//1623 1626//1624 1530//1528
f 1530//1528 1626//1624 1627//1625 1531//1529
f 1531//1529 1627//1625 1628//1626 1532//1530
f 1532//1530 1628//1626 1629//1627 1533//1531
f 1533//1531 1629//1627 1630//1628 1534//1532
f 1534//1532 1630//1628 1631//1629 1535//1533
f 1535//1533 1631//1629 1632//1630 1536//1534
f 1536//1534 1632//1630 1633//1631 1537//1535
f 1537//1535 1633//1631 1634//1632 1538//1536
f 1538//1536 1634//1632 1635//1633 1539//1537
f 1539//1537 1635//1633 1636//1634 1540//1538
f 1540//1538 1636//1634 1637//1635 1541//1539
f 1541//1539 1637//1635 1638//1636 1542//1540
f 1542//1540 1638//1636 1639//1637 1543//1541
f 1543//1541 1639//1637 1640//1638 1544//1542
f 1544//1542 1640//1638 1641//1639 1545//1543
f 1545//1543 1641//1639 1642//1640 1546//1544
f 1546//1544 1642//1640 1643//1641 1547//1545
f 1547//1545 1643//1641 1644//1642 1548//1546
f 1548//1546 1644//1642 1645//1643 1549//1547
f 1549//1547 1645//1643 1646//1644 1550//1548
f 1550//1548 1646//1644 1647//1645 1551//1549
f 1551//1549 1647//1645 1648//1646 1552//1550
f 1552//1550 1648//1646 1649//1647 1553//1551
f 1553//1551 1649//1647 1650//1648 1554//1552
f 1554//1552 1650//1648 1651//1649 1555//1553
f 1555//1553 1651//1649 1652//1650 1556//1554
f 1556//1554 1652//1650 1653//1651 1557//1555
f 1557//1555 1653//1651 1654//1652 1558//1556
f 1558//1556 1654//1652 1655//1653 1559//1557
f 1559//1557 1655//1653 1656//1654 1560//1558
f 1560//1558 1656//1654 1657//1655 1561//1559
f 1561//1559 1657//1655 1658//1656 1562//1560
f 1562//1560 1658//1656 1659//1657 1563//1561
f 1563//1561 1659//1657 1660//1658 1564//1562
f 1564//1562 1660//1658 1661//1659 1565//1563
f 1565//1563 1661//1659 1662//1660 1566//1564
f 1566//1564 1662//1660 1663//1661 1567//1565
f 1567//1565 1663//1661 1664//1662 1568//1566
f 1568//1566 1664//1662 1665//1663 1569//1567
f 1569//1567 1665//1663 1666//1664 1570//1568
f 1570//1568 1666//1664 1667//1665 1571//1569
f 1571//1569 1667//1665 1668//1666 1572//1570
f 1572//1570 1668//1666 1669//1667 1573//1571
f 1573//1571 1669//1667 1670//1668 1574//1572
f 1574//1572 1670//1668 1671//1669 1575//1573
f 1575//1573 1671//1669 1672//1670 1576//1574
f 1576//1574 1672//1670 1673//1671 1577//1575
f 1577//1575 1673//1671 1674//1672 1578//1576
f 1578//1576 1674//1672 1675//1673 1579//1577
f 1579//1577 1675//1673 1676//1674 1580//1578
f 1580//1578 1676//1674 1677//1675 1581//1579
f 1581//1579 1677//1675 1678//1676 1582//1580
f 1582//1580 1678//1676 1679//1677 1583//1581
f 1583//1581 1679//1677 1680//1678 1584//1582
f 1584//1582 1680//1678 1681//1679 1585//1583
f 1585//1583 1681//1679 1682//1680 1586//1584
f 1586//1584 1682//1680 1683//1681 1587//1585
f 1587//1585 1683//1681 1684//1682 1588//1586
f 1588//1586 1684//1682 1685//1683 1589//1587
f 1589//1587 1685//1683 1686//1684 1590//1588
f 1590//1588 1686//1684 1687//1685 1591//1589
f 1591//1589 1687//1685 1688//1686 1592//1590
f 1592//1590 1688//1686 1593//1591 1497//1495
f 1593//1591 1689//1687 1690//1688 1594//1592
f 1594//1592 1690//1688 1691//1689 1595//1593
f 1595//1593 1691//1689 1692//1690 1596//1594
f 1596//1594 1692//1690 1693//1691 1597//1595
f 1597//1595 1693//1691 1694//1692 1598//1596
f 1598//1596 1694//1692 1695//1693 1599//1597
f 1599//1597 1695//1693 1696//1694 1600//1598
f 1600//1598 1696//1694 1697//1695 1601//1599
f 1601//1599 1697//1695 1698//1696 1602//1600
f 1602//1600 1698//1696 1699//1697 1603//1601
f 1603//1601 1699//1697 1700//1698 1604//1602
f 1604//1602 1700//1698 1701//1699 1605//1603
f 1605//1603 1701//1699 1702//1700 1606//1604
f 1606//1604 1702//1700 1703//1701 1607//1605
f 1607//1605 1703//1701 1704//1702 1608//1606
f 1608//1606 1704//1702 1705//1703 1609//1607
f 1609//1607 1705//1703 1706//1704 1610//1608
f 1610//1608 1706//1704 1707//1705 1611//1609
f 1611//1609 1707//1705 1708//1706 1612//1610
f 1612//1610 1708//1706 1709//1707 1613//1611
f 1613//1611 1709//1707 1710//1708 1614//1612
f 1614//1612 1710//1708 1711//1709 1615//1613
f 1615//1613 1711//1709 1712//1710 1616//1614
f 1616//1614 1712//1710 1713//1711 1617//1615
f 1617//1615 1713//1711 1714//1712 1618//1616
f 1618//1616 1714//1712 1715//1713 1619//1617
f 1619//1617 1715//1713 1716//1714 1620//1618
f 1620//1618 1716//1714 1717//1715 1621//1619
f 1621//1619 1717//1715 1718//1716 1622//1620
f 1622//1620 1718//1716 1719//1717 1623//1621
f 1623//1621 1719//1717 1720//1718 1624//1622
f 1624//1622 1720//1718 1721//1719 1625//1623
f 1625//1623 1721//1719 1722//1720 1626//1624
f 1626//1624 1722//1720 1723//1721 1627//1625
f 1627//1625 1723//1721 1724//1722 1628//1626
f 1628//1626 1724//1722 1725//1723 1629//1627
f 1629//1627 1725//1723 1726//1724 1630//1628
f 1630//1628 1726//1724 1727//1725 1631//1629
f 1631//1629 1727//1725 1728//1726 1632//1630
f 1632//1630 1728//1726 1729//1727 1633//1631
f 1633//1631 1729//1727 1730//1728 1634//1632
f 1634//1632 1730//1728 1731//1729 1635//1633
f 1635//1633 1731//1729 1732//1730 1636//1634
f 1636//1634 1732//1730 1733//1731 1637//1635
f 1637//1635 1733//1731 1734//1732 1638//1636
f 1638//1636 1734//1732 1735//1733 1639//1637
f 1639//1637 1735//1733 1736//1734 1640//1638
f 1640//1638 1736//1734 1737//1735 1641//1639
f 1641//1639 1737//1735 1738//1736 1642//1640
f 1642//1640 1738//1736 1739//1737 1643//1641
f 1643//1641 1739//1737 1740//1738 1644//1642
f 1644//1642 1740//1738 1741//1739 1645//1643
f 1645//1643 1741//1739 1742//1740 1646//1644
f 1646//1644 1742//1740 1743//1741 1647//1645
f 1647//1645 1743//1741 1744//1742 1648//1646
f 1648//1646 1744//1742 1745//1743 1649//1647
f 1649//1647 1745//1743 1746//1744 1650//1648
f 1650//1648 1746//1744 1747//1745 1651//1649
f 1651//1649 1747//1745 1748//1746 1652//1650
f 1652//1650 1748//1746 1749//1747 1653//1651
f 1653//1651 1749//1747 1750//1748 1654//1652
f 1654//1652 1750//1748 1751//1749 1655//1653
f 1655//1653 1751//1749 1752//1750 1656//1654
f 1656//1654 1752//1750 1753//1751 1657//1655
f 1657//1655 1753//1751 1754//1752 1658//1656
f 1658//1656 1754//1752 1755//1753 1659//1657
f 1659//1657 1755//1753 1756//1754 1660//1658
f 1660//1658 1756//1754 1757//1755 1661//1659
f 1661//1659 1757//1755 1758//1756 1662//1660
f 1662//1660 1758//1756 1759//1757 1663//1661
f 1663//1661 1759//1757 1760//1758 1664//1662
f 1664//1662 1760//1758 1761//1759 1665//1663
f 1665//1663 1761//1759 1762//1760 1666//1664
f 1666//1664 1762//1760 1763//1761 1667//1665
f 1667//1665 1763//1761 1764//1762 1668//1666
f 1668//1666 1764//1762 1765//1763 1669//1667
f 1669//1667 1765//1763 1766//1764 1670//1668
f 1670//1668 1766//1764 1767//1765 1671//1669
f 1671//1669 1767//1765 1768//1766 1672//1670
f 1672//1670 1768//1766 1769//1767 1673//1671
f 1673//1671 1769//1767 1770//1768 1674//1672
f 1674//1672 1770//1768 1771//1769 1675//1673
f 1675//1673 1771//1769 1772//1770 1676//1674
f 1676//1674 1772//1770 1773//1771 1677//1675
f 1677//1675 1773//1771 1774//1772 1678//1676
f 1678//1676 1774//1772 1775//1773 1679//1677
f 1679//1677 1775//1773 1776//1774 1680//1678
f 1680//1678 1776//1774 1777//1775 1681//1679
f 1681//1679 1777//1775 1778//1776 1682//1680
f 1682//1680 1778//1776 1779//1777 1683//1681
f 1683//1681 1779//1777 1780//1778 1684//1682
f 1684//1682 1780//1778 1781//1779 1685//1683
f 1685//1683 1781//1779 1782//1780 1686//1684
f 1686//1684 1782//1780 1783//1781 1687//1685
f 1687//1685 1783//1781 1784//1782 1688//1686
f 1688//1686 1784//1782 1689//1687 1593//1591
f 1689//1687 1785//1783 1786//1784 1690//1688
f 1690//1688 1786//1784 1787//1785 1691//1689
f 1691//1689 1787//1785 1788//1786 1692//1690
f 1692//1690 1788//1786 1789//1787 1693//1691
f 1693//1691 1789//1787 1790//1788 1694//1692
f 1694//1692 1790//1788 1791//1789 1695//1693
f 1695//1693 1791//1789 1792//1790 1696//1694
f 1696//1694 1792//1790 1793//1791 1697//1695
f 1697//1695 1793//1791 1794//1792 1698//1696
f 1698//1696 1794//1792 1795//1793 1699//1697
f 1699//1697 1795//1793 1796//1794 1700//1698
f 1700//1698 1796//1794 1797//1795 1701//1699
f 1701//1699 1797//1795 1798//1796 1702//1700
f 1702//1700 1798//1796 1799//1797 1703//1701
f 1703//1701 1799//1797 1800//1798 1704//1702
f 1704//1702 1800//1798 1801//1799 1705//1703
f 1705//1703 1801//1799 1802//1800 1706//1704
f 1706//1704 1802//1800 1803//1801 1707//1705
f 1707//1705 1803//1801 1804//1802 1708//1706
f 1708//1706 1804//1802 1805//1803 1709//1707
f 1709//1707 1805//1803 1806//1804 1710//1708
f 1710//1708 1806//1804 1807//1805 1711//1709
f 1711//1709 1807//1805 1808//1806 1712//1710
f 1712//1710 1808//1806 1809//1807 1713//1711
f 1713//1711 1809//1807 1810//1808 1714//1712
f 1714//1712 1810//1808 1811//1809 1715//1713
f 1715//1713 1811//1809 1812//1810 1716//1714
f 1716//1714 1812//1810 1813//1811 1717//1715
f 1717//1715 1813//1811 1814//1812 1718//1716
f 1718//1716 1814//1812 1815//1813 1719//1717
f 1719//1717 1815//1813 1816//1814 1720//1718
f 1720//1718 1816//1814 1817//1815 1721//1719
f 1721//1719 1817//1815 1818//1816 1722//1720
f 1722//1720 1818//1816 1819//1817 1723//1721
f 1723//1721 1819//1817 1820//1818 1724//1722
f 1724//1722 1820//1818 1821//1819 1725//1723
f 1725//1723 1821//1819 1822//1820 1726//1724
f 1726//1724 1822//1820 1823//1821 1727//1725
f 1727//1725 1823//1821 1824//1822 1728//1726
f 1728//1726 1824//1822 1825//1823 1729//1727
f 1729//1727 1825//1823 1826//1824 1730//1728
f 1730//1728 1826//1824 1827//1825 1731//1729
f 1731//1729 1827//1825 1828//1826 1732//1730
f 1732//1730 1828//1826 1829//1827 1733//1731
f 1733//1731 1829//1827 1830//1828 1734//1732
f 1734//1732 1830//1828 1831//1829 1735//1733
f 1735//1733 1831//1829 1832//1830 1736//1734
f 1736//1734 1832//1830 1833//1831 1737//1735
f 1737//1735 1833//1831 1834//1832 1738//1736
f 1738//1736 1834//1832 1835//1833 1739//1737
f 1739//1737 1835//1833 1836//1834 1740//1738
f 1740//1738 1836//1834 1837//1835 1741//1739
f 1741//1739 1837//1835 1838//1836 1742//1740
f 1742//1740 1838//1836 1839//1837 1743//1741
f 1743//1741 1839//1837 1840//1838 1744//1742
f 1744//1742 1840//1838 1841//1839 1745//1743
f 1745//1743 1841//1839 1842//1840 1746//1744
f 1746//1744 1842//1840 1843//1841 1747//1745
f 1747//1745 1843//1841 1844//1842 1748//1746
f 1748//1746 1844//1842 1845//1843 1749//1747
f 1749//1747 1845//1843 1846//1844 1750//1748
f 1750//1748 1846//1844 1847//1845 1751//1749
f 1751//1749 1847//1845 1848//1846 1752//1750
f 1752//1750 1848//1846 1849//1847 1753//1751
f 1753//1751 1849//1847 1850//1848 1754//1752
f 1754//1752 1850//1848 1851//1849 1755//1753
f 1755//1753 1851//1849 1852//1850 1756//1754
f 1756//1754 1852//1850 1853//1851 1757//1755
f 1757//1755 1853//1851 1854//1852 1758//1756
f 1758//1756 1854//1852 1855//1853 1759//1757
f 1759//1757 1855//1853 1856//1854 1760//1758
f 1760//1758 1856//1854 1857//1855 1761//1759
f 1761//1759 1857//1855 1858//1856 1762//1760
f 1762//1760 1858//1856 1859//1857 1763//1761
f 1763//1761 1859//1857 1860//1858 1764//1762
f 1764//1762 1860//1858 1861//1859 1765//1763
f 1765//1763 1861//1859 1862//1860 1766//1764
f 1766//1764 1862//1860 1863//1861 1767//1765
f 1767//1765 1863//1861 1864//1862 1768//1766
f 1768//1766 1864//1862 1865//1863 1769//1767
f 1769//1767 1865//1863 1866//1864 1770//1768
f 1770//1768 1866//1864 1867//1865 1771//1769
f 1771//1769 1867//1865 1868//1866 1772//1770
f 1772//1770 1868//1866 1869//1867 1773//1771
f 1773//1771 1869//1867 1870//1868 1774//1772
f 1774//1772 1870//1868 1871//1869 1775//1773
f 1775//1773 1871//1869 1872//1870 1776//1774
f 1776//1774 1872//1870 1873//1871 1777//1775
f 1777//1775 1873//1871 1874//1872 1778//1776
f 1778//1776 1874//1872 1875//1873 1779//1777
f 1779//1777 1875//1873 1876//1874 1780//1778
f 1780//1778 1876//1874 1877//1875 1781//1779
f 1781//1779 1877//1875 1878//1876 1782//1780
f 1782//1780 1878//1876 1879//1877 1783//1781
f 1783//1781 1879//1877 1880//1878 1784//1782
f 1784//1782 1880//1878 1785//1783 1689//1687
f 1785//1783 1881//1879 1882//1880 1786//1784
f 1786//1784 1882//1880 1883//1881 1787//1785
f 1787//1785 1883//1881 1884//1882 1788//1786
f 1788//1786 1884//1882 1885//1883 1789//1787
f 1789//1787 1885//1883 1886//1884 1790//1788
f 1790//1788 1886//1884 1887//1885 1791//1789
f 1791//1789 1887//1885 1888//1886 1792//1790
f 1792//1790 1888//1886 1889//1887 1793//1791
f 1793//1791 1889//1887 1890//1888 1794//1792
f 1794//1792 1890//1888 1891//1889 1795//1793
f 1795//1793 1891//1889 1892//1890 1796//1794
f 1796//1794 1892//1890 1893//1891 1797//1795
f 1797//1795 1893//1891 1894//1892 1798//1796
f 1798//1796 1894//1892 1895//1893 1799//1797
f 1799//1797 1895//1893 1896//1894 1800//1798
f 1800//1798 1896//1894 1897//1895 1801//1799
f 1801//1799 1897//1895 1898//1896 1802//1800
f 1802//1800 1898//1896 1899//1897 1803//1801
f 1803//1801 1899//1897 1900//1898 1804//1802
f 1804//1802 1900//1898 1901//1899 1805//1803
f 1805//1803 1901//1899 1902//1900 1806//1804
f 1806//1804 1902//1900 1903//1901 1807//1805
f 1807//1805 1903//1901 1904//1902 1808//1806
f 1808//1806 1904//1902 1905//1903 1809//1807
f 1809//1807 1905//1903 1906//1904 1810//1808
f 1810//1808 1906//1904 1907//1905 1811//1809
f 1811//1809 1907//1905 1908//1906 1812//1810
f 1812//1810 1908//1906 1909//1907 1813//1811
f 1813//1811 1909//1907 1910//1908 1814//1812
f 1814//1812 1910//1908 1911//1909 1815//1813
f 1815//1813 1911//1909 1912//1910 1816//1814
f 1816//1814 1912//1910 1913//1911 1817//1815
f 1817//1815 1913//1911 1914//1912 1818//1816
f 1818//1816 1914//1912 1915//1913 1819//1817
f 1819//1817 1915//1913 1916//1914 1820//1818
f 1820//1818 1916//1914 1917//1915 1821//1819
f 1821//1819 1917//1915 1918//1916 1822//1820
f 1822//1820 1918//1916 1919//1917 1823//1821
f 1823//1821 1919//1917 1920//1918 1824//1822
f 1824//1822 1920//1918 1921//1919 1825//1823
f 1825//1823 1921//1919 1922//1920 1826//1824
f 1826//1824 1922//1920 1923//1921 1827//1825
f 1827//1825 1923//1921 1924//1922 1828//1826
f 1828//1826 1924//1922 1925//1923 1829//1827
f 1829//1827 1925//1923 1926//1924 1830//1828
f 1830//1828 1926//1924 1927//1925 1831//1829
f 1831//1829 1927//1925 1928//1926 1832//1830
f 1832//1830 1928//1926 1929//1927 1833//1831
f 1833//1831 1929//1927 1930//1928 1834//1832
f 1834//1832 1930//1928 1931//1929 1835//1833
f 1835//1833 1931//1929 1932//1930 1836//1834
f 1836//1834 1932//1930 1933//1931 1837//1835
f 1837//1835 1933//1931 1934//1932 1838//1836
f 1838//1836 1934//1932 1935//1933 1839//1837
f 1839//1837 1935//1933 1936//1934 1840//1838
f 1840//1838 1936//1934 1937//1935 1841//1839
f 1841//1839 1937//1935 1938//1936 1842//1840
f 1842//1840 1938//1936 1939//1937 1843//1841
f 1843//1841 1939//1937 1940//1938 1844//1842
f 1844//1842 1940//1938 1941//1939 1845//1843
f 1845//1843 1941//1939 1942//1940 1846//1844
f 1846//1844 1942//1940 1943//1941 1847//1845
f 1847//1845 1943//1941 1944//1942 1848//1846
f 1848//1846 1944//1942 1945//1943 1849//1847
f 1849//1847 1945//1943 1946//1944 1850//1848
f 1850//1848 1946//1944 1947//1945 1851//1849
f 1851//1849 1947//1945 1948//1946 1852//1850
f 1852//1850 1948//1946 1949//1947 1853//1851
f 1853//1851 1949//1947 1950//1948 1854//1852
f 1854//1852 1950//1948 1951//1949 1855//1853
f 1855//1853 1951//1949 1952//1950 1856//1854
f 1856//1854 1952//1950 1953//1951 1857//1855
f 1857//1855 1953//1951 1954//1952 1858//1856
f 1858//1856 1954//1952 1955//1953 1859//1857
f 1859//1857 1955//1953 1956//1954 1860//1858
f 1860//1858 1956//1954 1957//1955 1861//1859
f 1861//1859 1957//1955 1958//1956 1862//1860
f 1862//1860 1958//1956 1959//1957 1863//1861
f 1863//1861 1959//1957 1960//1958 1864//1862
f 1864//1862 1960//1958 1961//1959 1865//1863
f 1865//1863 1961//1959 1962//1960 1866//1864
f 1866//1864 1962//1960 1963//1961 1867//1865
f 1867//1865 1963//1961 1964//1962 1868//1866
f 1868//1866 1964//1962 1965//1963 1869//1867
f 1869//1867 1965//1963 1966//1964 1870//1868
f 1870//1868 1966//1964 1967//1965 1871//1869
f 1871//1869 1967//1965 1968//1966 1872//1870
f 1872//1870 1968//1966 1969//1967 1873//1871
f 1873//1871 1969//1967 1970//1968 1874//1872
f 1874//1872 1970//1968 1971//1969 1875//1873
f 1875//1873 1971//1969 1972//1970 1876//1874
f 1876//1874 1972//1970 1973//1971 1877//1875
f 1877//1875 1973//1971 1974//1972 1878//1876
f 1878//1876 1974//1972 1975//1973 1879//1877
f 1879//1877 1975//1973 1976//1974 1880//1878
f 1880//1878 1976//1974 1881//1879 1785//1783
f 1881//1879 1977//1975 1978//1976 1882//1880
f 1882//1880 1978//1976 1979//1977 1883//1881
f 1883//1881 1979//1977 1980//1978 1884//1882
f 1884//1882 1980//1978 1981//1979 1885//1883
f 1885//1883 1981//1979 1982//1980 1886//1884
f 1886//1884 1982//1980 1983//1981 1887//1885
f 1887//1885 1983//1981 1984//1982 1888//1886
f 1888//1886 1984//1982 1985//1983 1889//1887
f 1889//1887 1985//1983 1986//1984 1890//1888
f 1890//1888 1986//1984 1987//1985 1891//1889
f 1891//1889 1987//1985 1988//1986 1892//1890
f 1892//1890 1988//1986 1989//1987 1893//1891
f 1893//1891 1989//1987 1990//1988 1894//1892
f 1894//1892 1990//1988 1991//1989 1895//1893
f 1895//1893 1991//1989 1992//1990 1896//1894
f 1896//1894 1992//1990 1993//1991 1897//1895
f 1897//1895 1993//1991 1994//1992 1898//1896
f 1898//1896 1994//1992 1995//1993 1899//1897
f 1899//1897 1995//1993 1996//1994 1900//1898
f 1900//1898 1996//1994 1997//1995 1901//1899
f 1901//1899 1997//1995 1998//1996 1902//1900
f 1902//1900 1998//1996 1999//1997 1903//1901
f 1903//1901 1999//1997 2000//1998 1904//1902
f 1904//1902 2000//1998 2001//1999 1905//1903
f 1905//1903 2001//1999 2002//2000 1906//1904
f 1906//1904 2002//2000 2003//2001 1907//1905
f 1907//1905 2003//2001 2004//2002 1908//1906
f 1908//1906 2004//2002 2005//2003 1909//1907
f 1909//1907 2005//2003 2006//2004 1910//1908
f 1910//1908 2006//2004 2007//2005 1911//1909
f 1911//1909 2007//2005 2008//2006 1912//1910
f 1912//1910 2008//2006 2009//2007 1913//1911
f 1913//1911 2009//2007 2010//2008 1914//1912
f 1914//1912 2010//2008 2011//2009 1915//1913
f 1915//1913 2011//2009 2012//2010 1916//1914
f 1916//1914 2012//2010 2013//2011 1917//1915
f 1917//1915 2013//2011 2014//2012 1918//1916
f 1918//1916 2014//2012 2015//2013 1919//1917
f 1919//1917 2015//2013 2016//2014 1920//1918
f 1920//1918 2016//2014 2017//2015 1921//1919
f 1921//1919 2017//2015 2018//2016 1922//1920
f 1922//1920 2018//2016 2019//2017 1923//1921
f 1923//1921 2019//2017 2020//2018 1924//1922
f 1924//1922 2020//2018 2021//2019 1925//1923
f 1925//1923 2021//2019 2022//2020 1926//1924
f 1926//1924 2022//2020 2023//2021 1927//1925
f 1927//1925 2023//2021 2024//2022 1928//1926
f 1928//1926 2024//2022 2025//2023 1929//1927
f 1929//1927 2025//2023 2026//2024 1930//1928
f 1930//1928 2026//2024 2027//2025 1931//1929
f 1931//1929 2027//2025 2028//2026 1932//1930
f 1932//1930 2028//2026 2029//2027 1933//1931
f 1933//1931 2029//2027 2030//2028 1934//1932
f 1934//1932 2030//2028 2031//2029 1935//1933
f 1935//1933 2031//2029 2032//2030 1936//1934
f 1936//1934 2032//2030 2033//2031 1937//1935
f 1937//1935 2033//2031 2034//2032 1938//1936
f 1938//1936 2034//2032 2035//2033 1939//1937
f 1939//1937 2035//2033 2036//2034 1940//1938
f 1940//1938 2036//2034 2037//2035 1941//1939
f 1941//1939 2037//2035 2038//2036 1942//1940
f 1942//1940 2038//2036 2039//2037 1943//1941
f 1943//1941 2039//2037 2040//2038 1944//1942
f 1944//1942 2040//2038 2041//2039 1945//1943
f 1945//1943 2041//2039 2042//2040 1946//1944
f 1946//1944 2042//2040 2043//2041 1947//1945
f 1947//1945 2043//2041 2044//2042 1948//1946
f 1948//1946 2044//2042 2045//2043 1949//1947
f 1949//1947 2045//2043 2046//2044 1950//1948
f 1950//1948 2046//2044 2047//2045 1951//1949
f 1951//1949 2047//2045 2048//2046 1952//1950
f 1952//1950 2048//2046 2049//2047 1953//1951
f 1953//1951 2049//2047 2050//2048 1954//1952
f 1954//1952 2050//2048 2051//2049 1955//1953
f 1955//1953 2051//2049 2052//2050 1956//1954
f 1956//1954 2052//2050 2053//2051 1957//1955
f 1957//1955 2053//2051 2054//2052 1958//1956
f 1958//1956 2054//2052 2055//2053 1959//1957
f 1959//1957 2055//2053 2056//2054 1960//1958
f 1960//1958 2056//2054 2057//2055 1961//1959
f 1961//1959 2057//2055 2058//2056 1962//1960
f 1962//1960 2058//2056 2059//2057 1963//1961
f 1963//1961 2059//2057 2060//2058 1964//1962
f 1964//1962 2060//2058 2061//2059 1965//1963
f 1965//1963 2061//2059 2062//2060 1966//1964
f 1966//1964 2062//2060 2063//2061 1967//1965
f 1967//1965 2063//2061 2064//2062 1968//1966
f 1968//1966 2064//2062 2065//2063 1969//1967
f 1969//1967 2065//2063 2066//2064 1970//1968
f 1970//1968 2066//2064 2067//2065 1971//1969
f 1971//1969 2067//2065 2068//2066 1972//1970
f 1972//1970 2068//2066 2069//2067 1973//1971
f 1973//1971 2069//2067 2070//2068 1974//1972
f 1974//1972 2070//2068 2071//2069 1975//1973
f 1975//1973 2071//2069 2072//2070 1976//1974
f 1976//1974 2072//2070 1977//1975 1881//1879
f 1977//1975 2073//2071 2074//2072 1978//1976
f 1978//1976 2074//2072 2075//2073 1979//1977
f 1979//1977 2075//2073 2076//2074 1980//1978
f 1980//1978 2076//2074 2077//2075 1981//1979
f 1981//1979 2077//2075 2078//2076 1982//1980
f 1982//1980 2078//2076 2079//2077 1983//1981
f 1983//1981 2079//2077 2080//2078 1984//1982
f 1984//1982 2080//2078 2081//2079 1985//1983
f 1985//1983 2081//2079 2082//2080 1986//1984
f 1986//1984 2082//2080 2083//2081 1987//1985
f 1987//1985 2083//2081 2084//2082 1988//1986
f 1988//1986 2084//2082 2085//2083 1989//1987
f 1989//1987 2085//2083 2086//2084 1990//1988
f 1990//1988 2086//2084 2087//2085 1991//1989
f 1991//1989 2087//2085 2088//2086 1992//1990
f 1992//1990 2088//2086 2089//2087 1993//1991
f 1993//1991 2089//2087 2090//2088 1994//1992
f 1994//1992 2090//2088 2091//2089 1995//1993
f 1995//1993 2091//2089 2092//2090 1996//1994
f 1996//1994 2092//2090 2093//2091 1997//1995
f 1997//1995 2093//2091 2094//2092 1998//1996
f 1998//1996 2094//2092 2095//2093 1999//1997
f 1999//1997 2095//2093 2096//2094 2000//1998
f 2000//1998 2096//2094 2097//2095 2001//1999
f 2001//1999 2097//2095 2098//2096 2002//2000
f 2002//2000 2098//2096 2099//2097 2003//2001
f 2003//2001 2099//2097 2100//2098 2004//2002
f 2004//2002 2100//2098 2101//2099 2005//2003
f 2005//2003 2101//2099 2102//2100 2006//2004
f 2006//2004 2102//2100 2103//2101 2007//2005
f 2007//2005 2103//2101 2104//2102 2008//2006
f 2008//2006 2104//2102 2105//2103 2009//2007
f 2009//2007 2105//2103 2106//2104 2010//2008
f 2010//2008 2106//2104 2107//2105 2011//2009
f 2011//2009 2107//2105 2108//2106 2012//2010
f 2012//2010 2108//2106 2109//2107 2013//2011
f 2013//2011 2109//2107 2110//2108 2014//2012
f 2014//2012 2110//2108 2111//2109 2015//2013
f 2015//2013 2111//2109 2112//2110 2016//2014
f 2016//2014 2112//2110 2113//2111 2017//2015
f 2017//2015 2113//2111 2114//2112 2018//2016
f 2018//2016 2114//2112 2115//2113 2019//2017
f 2019//2017 2115//2113 2116//2114 2020//2018
f 2020//2018 2116//2114 2117//2115 2021//2019
f 2021//2019 2117//2115 2118//2116 2022//2020
f 2022//2020 2118//2116 2119//2117 2023//2021
f 2023//2021 2119//2117 2120//2118 2024//2022
f 2024//2022 2120//2118 2121//2119 2025//2023
f 2025//2023 2121//2119 2122//2120 2026//2024
f 2026//2024 2122//2120 2123//2121 2027//2025
f 2027//2025 2123//2121 2124//2122 2028//2026
f 2028//2026 2124//2122 2125//2123 2029//2027
f 2029//2027 2125//2123 2126//2124 2030//2028
f 2030//2028 2126//2124 2127//2125 2031//2029
f 2031//2029 2127//2125 2128//2126 2032//2030
f 2032//2030 2128//2126 2129//2127 2033//2031
f 2033//2031 2129//2127 2130//2128 2034//2032
f 2034//2032 2130//2128 2131//2129 2035//2033
f 2035//2033 2131//2129 2132//2130 2036//2034
f 2036//2034 2132//2130 2133//2131 2037//2035
f 2037//2035 2133//2131 2134//2132 2038//2036
f 2038//2036 2134//2132 2135//2133 2039//2037
f 2039//2037 2135//2133 2136//2134 2040//2038
f 2040//2038 2136//2134 2137//2135 2041//2039
f 2041//2039 2137//2135 2138//2136 2042//2040
f 2042//2040 2138//2136 2139//2137 2043//2041
f 2043//2041 2139//2137 2140//2138 2044//2042
f 2044//2042 2140//2138 2141//2139 2045//2043
f 2045//2043 2141//2139 2142//2140 2046//2044
f 2046//2044 2142//2140 2143//2141 2047//2045
f 2047//2045 2143//2141 2144//2142 2048//2046
f 2048//2046 2144//2142 2145//2143 2049//2047
f 2049//2047 2145//2143 2146//2144 2050//2048
f 2050//2048 2146//2144 2147//2145 2051//2049
f 2051//2049 2147//2145 2148//2146 2052//2050
f 2052//2050 2148//2146 2149//2147 2053//2051
f 2053//2051 2149//2147 2150//2148 2054//2052
f 2054//2052 2150//2148 2151//2149 2055//2053
f 2055//2053 2151//2149 2152//2150 2056//2054
f 2056//2054 2152//2150 2153//2151 2057//2055
f 2057//2055 2153//2151 2154//2152 2058//2056
f 2058//2056 2154//2152 2155//2153 2059//2057
f 2059//2057 2155//2153 2156//2154 2060//2058
f 2060//2058 2156//2154 2157//2155 2061//2059
f 2061//2059 2157//2155 2158//2156 2062//2060
f 2062//2060 2158//2156 2159//2157 2063//2061
f 2063//2061 2159//2157 2160//2158 2064//2062
f 2064//2062 2160//2158 2161//2159 2065//2063
f 2065//2063 2161//2159 2162//2160 2066//2064
f 2066//2064 2162//2160 2163//2161 2067//2065
f 2067//2065 2163//2161 2164//2162 2068//2066
f 2068//2066 2164//2162 2165//2163 2069//2067
f 2069//2067 2165//2163 2166//2164 2070//2068
f 2070//2068 2166//2164 2167//2165 2071//2069
f 2071//2069 2167//2165 2168//2166 2072//2070
f 2072//2070 2168//2166 2073//2071 1977//1975
f 2073//2071 2169//2167 2170//2168 2074//2072
f 2074//2072 2170//2168 2171//2169 2075//2073
f 2075//2073 2171//2169 2172//2170 2076//2074
f 2076//2074 2172//2170 2173//2171 2077//2075
f 2077//2075 2173//2171 2174//2172 2078//2076
f 2078//2076 2174//2172 2175//2173 2079//2077
f 2079//2077 2175//2173 2176//2174 2080//2078
f 2080//2078 2176//2174 2177//2175 2081//2079
f 2081//2079 2177//2175 2178//2176 2082//2080
f 2082//2080 2178//2176 2179//2177 2083//2081
f 2083//2081 2179//2177 2180//2178 2084//2082
f 2084//2082 2180//2178 2181//2179 2085//2083
f 2085//2083 2181//2179 2182//2180 2086//2084
f 2086//2084 2182//2180 2183//2181 2087//2085
f 2087//2085 2183//2181 2184//2182 2088//2086
f 2088//2086 2184//2182 2185//2183 2089//2087
f 2089//2087 2185//2183 2186//2184 2090//2088
f 2090//2088 2186//2184 2187//2185 2091//2089
f 2091//2089 2187//2185 2188//2186 2092//2090
f 2092//2090 2188//2186 2189//2187 2093//2091
f 2093//2091 2189//2187 2190//2188 2094//2092
f 2094//2092 2190//2188 2191//2189 2095//2093
f 2095//2093 2191//2189 2192//2190 2096//2094
f 2096//2094 2192//2190 2193//2191 2097//2095
f 2097//2095 2193//2191 2194//2192 2098//2096
f 2098//2096 2194//2192 2195//2193 2099//2097
f 2099//2097 2195//2193 2196//2194 2100//2098
f 2100//2098 2196//2194 2197//2195 2101//2099
f 2101//2099 2197//2195 2198//2196 2102//2100
f 2102//2100 2198//2196 2199//2197 2103//2101
f 2103//2101 2199//2197 2200//2198 2104//2102
f 2104//2102 2200//2198 2201//2199 2105//2103
f 2105//2103 2201//2199 2202//2200 2106//2104
f 2106//2104 2202//2200 2203//2201 2107//2105
f 2107//2105 2203//2201 2204//2202 2108//2106
f 2108//2106 2204//2202 2205//2203 2109//2107
f 2109//2107 2205//2203 2206//2204 2110//2108
f 2110//2108 2206//2204 2207//2205 2111//2109
f 2111//2109 2207//2205 2208//2206 2112//2110
f 2112//2110 2208//2206 2209//2207 2113//2111
f 2113//2111 2209//2207 2210//2208 2114//2112
f 2114//2112 2210//2208 2211//2209 2115//2113
f 2115//2113 2211//2209 2212//2210 2116//2114
f 2116//2114 2212//2210 2213//2211 2117//2115
f 2117//2115 2213//2211 2214//2212 2118//2116
f 2118//2116 2214//2212 2215//2213 2119//2117
f 2119//2117 2215//2213 2216//2214 2120//2118
f 2120//2118 2216//2214 2217//2215 2121//2119
f 2121//2119 2217//2215 2218//2216 2122//2120
f 2122//2120 2218//2216 2219//2217 2123//2121
f 2123//2121 2219//2217 2220//2218 2124//2122
f 2124//2122 2220//2218 2221//2219 2125//2123
f 2125//2123 2221//2219 2222//2220 2126//2124
f 2126//2124 2222//2220 2223//2221 2127//2125
f 2127//2125 2223//2221 2224//2222 2128//2126
f 2128//2126 2224//2222 2225//2223 2129//2127
f 2129//2127 2225//2223 2226//2224 2130//2128
f 2130//2128 2226//2224 2227//2225 2131//2129
f 2131//2129 2227//2225 2228//2226 2132//2130
f 2132//2130 2228//2226 2229//2227 2133//2131
f 2133//2131 2229//2227 2230//2228 2134//2132
f 2134//2132 2230//2228 2231//2229 2135//2133
f 2135//2133 2231//2229 2232//2230 2136//2134
f 2136//2134 2232//2230 2233//2231 2137//2135
f 2137//2135 2233//2231 2234//2232 2138//2136
f 2138//2136 2234//2232 2235//2233 2139//2137
f 2139//2137 2235//2233 2236//2234 2140//2138
f 2140//2138 2236//2234 2237//2235 2141//2139
f 2141//2139 2237//2235 2238//2236 2142//2140
f 2142//2140 2238//2236 2239//2237 2143//2141
f 2143//2141 2239//2237 2240//2238 2144//2142
f 2144//2142 2240//2238 2241//2239 2145//2143
f 2145//2143 2241//2239 2242//2240 2146//2144
f 2146//2144 2242//2240 2243//2241 2147//2145
f 2147//2145 2243//2241 2244//2242 2148//2146
f 2148//2146 2244//2242 2245//2243 2149//2147
f 2149//2147 2245//2243 2246//2244 2150//2148
f 2150//2148 2246//2244 2247//2245 2151//2149
f 2151//2149 2247//2245 2248//2246 2152//2150
f 2152//2150 2248//2246 2249//2247 2153//2151
f 2153//2151 2249//2247 2250//2248 2154//2152
f 2154//2152 2250//2248 2251//2249 2155//2153
f 2155//2153 2251//2249 2252//2250 2156//2154
f 2156//2154 2252//2250 2253//2251 2157//2155
f 2157//2155 2253//2251 2254//2252 2158//2156
f 2158//2156 2254//2252 2255//2253 2159//2157
f 2159//2157 2255//2253 2256//2254 2160//2158
f 2160//2158 2256//2254 2257//2255 2161//2159
f 2161//2159 2257//2255 2258//2256 2162//2160
f 2162//2160 2258//2256 2259//2257 2163//2161
f 2163//2161 2259//2257 2260//2258 2164//2162
f 2164//2162 2260//2258 2261//2259 2165//2163
f 2165//2163 2261//2259 2262//2260 2166//2164
f 2166//2164 2262//2260 2263//2261 2167//2165
f 2167//2165 2263//2261 2264//2262 2168//2166
f 2168//2166 2264//2262 2169//2167 2073//2071
f 2169//2167 2265//2263 2266//2264 2170//2168
f 2170//2168 2266//2264 2267//2265 2171//2169
f 2171//2169 2267//2265 2268//2266 2172//2170
f 2172//2170 2268//2266 2269//2267 2173//2171
f 2173//2171 2269//2267 2270//2268 2174//2172
f 2174//2172 2270//2268 2271//2269 2175//2173
f 2175//2173 2271//2269 2272//2270 2176//2174
f 2176//2174 2272//2270 2273//2271 2177//2175
f 2177//2175 2273//2271 2274//2272 2178//2176
f 2178//2176 2274//2272 2275//2273 2179//2177
f 2179//2177 2275//2273 2276//2274 2180//2178
f 2180//2178 2276//2274 2277//2275 2181//2179
f 2181//2179 2277//2275 2278//2276 2182//2180
f 2182//2180 2278//2276 2279//2277 2183//2181
f 2183//2181 2279//2277 2280//2278 2184//2182
f 2184//2182 2280//2278 2281//2279 2185//2183
f 2185//2183 2281//2279 2282//2280 2186//2184
f 2186//2184 2282//2280 2283//2281 2187//2185
f 2187//2185 2283//2281 2284//2282 2188//2186
f 2188//2186 2284//2282 2285//2283 2189//2187
f 2189//2187 2285//2283 2286//2284 2190//2188
f 2190//2188 2286//2284 2287//2285 2191//2189
f 2191//2189 2287//2285 2288//2286 2192//2190
f 2192//2190 2288//2286 2289//2287 2193//2191
f 2193//2191 2289//2287 2290//2288 2194//2192
f 2194//2192 2290//2288 2291//2289 2195//2193
f 2195//2193 2291//2289 2292//2290 2196//2194
f 2196//2194 2292//2290 2293//2291 2197//2195
f 2197//2195 2293//2291 2294//2292 2198//2196
f 2198//2196 2294//2292 2295//2293 2199//2197
f 2199//2197 2295//2293 2296//2294 2200//2198
f 2200//2198 2296//2294 2297//2295 2201//2199
f 2201//2199 2297//2295 2298//2296 2202//2200
f 2202//2200 2298//2296 2299//2297 2203//2201
f 2203//2201 2299//2297 2300//2298 2204//2202
f 2204//2202 2300//2298 2301//2299 2205//2203
f 2205//2203 2301//2299 2302//2300 2206//2204
f 2206//2204 2302//2300 2303//2301 2207//2205
f 2207//2205 2303//2301 2304//2302 2208//2206
f 2208//2206 2304//2302 2305//2303 2209//2207
f 2209//2207 2305//2303 2306//2304 2210//2208
f 2210//2208 2306//2304 2307//2305 2211//2209
f 2211//2209 2307//2305 2308//2306 2212//2210
f 2212//2210 2308//2306 2309//2307 2213//2211
f 2213//2211 2309//2307 2310//2308 2214//2212
f 2214//2212 2310//2308 2311//2309 2215//2213
f 2215//2213 2311//2309 2312//2310 2216//2214
f 2216//2214 2312//2310 2313//2311 2217//2215
f 2217//2215 2313//2311 2314//2312 2218//2216
f 2218//2216 2314//2312 2315//2313 2219//2217
f 2219//2217 2315//2313 2316//2314 2220//2218
f 2220//2218 2316//2314 2317//2315 2221//2219
f 2221//2219 2317//2315 2318//2316 2222//2220
f 2222//2220 2318//2316 2319//2317 2223//2221
f 2223//2221 2319//2317 2320//2318 2224//2222
f 2224//2222 2320//2318 2321//2319 2225//2223
f 2225//2223 2321//2319 2322//2320 2226//2224
f 2226//2224 2322//2320 2323//2321 2227//2225
f 2227//2225 2323//2321 2324//2322 2228//2226
f 2228//2226 2324//2322 2325//2323 2229//2227
f 2229//2227 2325//2323 2326//2324 2230//2228
f 2230//2228 2326//2324 2327//2325 2231//2229
f 2231//2229 2327//2325 2328//2326 2232//2230
f 2232//2230 2328//2326 2329//2327 2233//2231
f 2233//2231 2329//2327 2330//2328 2234//2232
f 2234//2232 2330//2328 2331//2329 2235//2233
f 2235//2233 2331//2329 2332//2330 2236//2234
f 2236//2234 2332//2330 2333//2331 2237//2235
f 2237//2235 2333//2331 2334//2332 2238//2236
f 2238//2236 2334//2332 2335//2333 2239//2237
f 2239//2237 2335//2333 2336//2334 2240//2238
f 2240//2238 2336//2334 2337//2335 2241//2239
f 2241//2239 2337//2335 2338//2336 2242//2240
f 2242//2240 2338//2336 2339//2337 2243//2241
f 2243//2241 2339//2337 2340//2338 2244//2242
f 2244//2242 2340//2338 2341//2339 2245//2243
f 2245//2243 2341//2339 2342//2340 2246//2244
f 2246//2244 2342//2340 2343//2341 2247//2245
f 2247//2245 2343//2341 2344//2342 2248//2246
f 2248//2246 2344//2342 2345//2343 2249//2247
f 2249//2247 2345//2343 2346//2344 2250//2248
f 2250//2248 2346//2344 2347//2345 2251//2249
f 2251//2249 2347//2345 2348//2346 2252//2250
f 2252//2250 2348//2346 2349//2347 2253//2251
f 2253//2251 2349//2347 2350//2348 2254//2252
f 2254//2252 2350//2348 2351//2349 2255//2253
f 2255//2253 2351//2349 2352//2350 2256//2254
f 2256//2254 2352//2350 2353//2351 2257//2255
f 2257//2255 2353//2351 2354//2352 2258//2256
f 2258//2256 2354//2352 2355//2353 2259//2257
f 2259//2257 2355//2353 2356//2354 2260//2258
f 2260//2258 2356//2354 2357//2355 2261//2259
f 2261//2259 2357//2355 2358//2356 2262//2260
f 2262//2260 2358//2356 2359//2357 2263//2261
f 2263//2261 2359//2357 2360//2358 2264//2262
f 2264//2262 2360//2358 2265//2263 2169//2167
f 2265//2263 2361//2359 2362//2360 2266//2264
f 2266//2264 2362//2360 2363//2361 2267//2265
f 2267//2265 2363//2361 2364//2362 2268//2266
f 2268//2266 2364//2362 2365//2363 2269//2267
f 2269//2267 2365//2363 2366//2364 2270//2268
f 2270//2268 2366//2364 2367//2365 2271//2269
f 2271//2269 2367//2365 2368//2366 2272//2270
f 2272//2270 2368//2366 2369//2367 2273//2271
f 2273//2271 2369//2367 2370//2368 2274//2272
f 2274//2272 2370//2368 2371//2369 2275//2273
f 2275//2273 2371//2369 2372//2370 2276//2274
f 2276//2274 2372//2370 2373//2371 2277//2275
f 2277//2275 2373//2371 2374//2372 2278//2276
f 2278//2276 2374//2372 2375//2373 2279//2277
f 2279//2277 2375//2373 2376//2374 2280//2278
f 2280//2278 2376//2374 2377//2375 2281//2279
f 2281//2279 2377//2375 2378//2376 2282//2280
f 2282//2280 2378//2376 2379//2377 2283//2281
f 2283//2281 2379//2377 2380//2378 2284//2282
f 2284//2282 2380//2378 2381//2379 2285//2283
f 2285//2283 2381//2379 2382//2380 2286//2284
f 2286//2284 2382//2380 2383//2381 2287//2285
f 2287//2285 2383//2381 2384//2382 2288//2286
f 2288//2286 2384//2382 2385//2383 2289//2287
f 2289//2287 2385//2383 2386//2384 2290//2288
f 2290//2288 2386//2384 2387//2385 2291//2289
f 2291//2289 2387//2385 2388//2386 2292//2290
f 2292//2290 2388//2386 2389//2387 2293//2291
f 2293//2291 2389//2387 2390//2388 2294//2292
f 2294//2292 2390//2388 2391//2389 2295//2293
f 2295//2293 2391//2389 2392//2390 2296//2294
f 2296//2294 2392//2390 2393//2391 2297//2295
f 2297//2295 2393//2391 2394//2392 2298//2296
f 2298//2296 2394//2392 2395//2393 2299//2297
f 2299//2297 2395//2393 2396//2394 2300//2298
f 2300//2298 2396//2394 2397//2395 2301//2299
f 2301//2299 2397//2395 2398//2396 2302//2300
f 2302//2300 2398//2396 2399//2397 2303//2301
f 2303//2301 2399//2397 2400//2398 2304//2302
f 2304//2302 2400//2398 2401//2399 2305//2303
f 2305//2303 2401//2399 2402//2400 2306//2304
f 2306//2304 2402//2400 2403//2401 2307//2305
f 2307//2305 2403//2401 2404//2402 2308//2306
f 2308//2306 2404//2402 2405//2403 2309//2307
f 2309//2307 2405//2403 2406//2404 2310//2308
f 2310//2308 2406//2404 2407//2405 2311//2309
f 2311//2309 2407//2405 2408//2406 2312//2310
f 2312//2310 2408//2406 2409//2407 2313//2311
f 2313//2311 2409//2407 2410//2408 2314//2312
f 2314//2312 2410//2408 2411//2409 2315//2313
f 2315//2313 2411//2409 2412//2410 2316//2314
f 2316//2314 2412//2410 2413//2411 2317//2315
f 2317//2315 2413//2411 2414//2412 2318//2316
f 2318//2316 2414//2412 2415//2413 2319//2317
f 2319//2317 2415//2413 2416//2414 2320//2318
f 2320//2318 2416//2414 2417//2415 2321//2319
f 2321//2319 2417//2415 2418//2416 2322//2320
f 2322//2320 2418//2416 2419//2417 2323//2321
f 2323//2321 2419//2417 2420//2418 2324//2322
f 2324//2322 2420//2418 2421//2419 2325//2323
f 2325//2323 2421//2419 2422//2420 2326//2324
f 2326//2324 2422//2420 2423//2421 2327//2325
f 2327//2325 2423//2421 2424//2422 2328//2326
f 2328//2326 2424//2422 2425//2423 2329//2327
f 2329//2327 2425//2423 2426//2424 2330//2328
f 2330//2328 2426//2424 2427//2425 2331//2329
f 2331//2329 2427//2425 2428//2426 2332//2330
f 2332//2330 2428//2426 2429//2427 2333//2331
f 2333//2331 2429//2427 2430//2428 2334//2332
f 2334//2332 2430//2428 2431//2429 2335//2333
f 2335//2333 2431//2429 2432//2430 2336//2334
f 2336//2334 2432//2430 2433//2431 2337//2335
f 2337//2335 2433//2431 2434//2432 2338//2336
f 2338//2336 2434//2432 2435//2433 2339//2337
f 2339//2337 2435//2433 2436//2434 2340//2338
f 2340//2338 2436//2434 2437//2435 2341//2339
f 2341//2339 2437//2435 2438//2436 2342//2340
f 2342//2340 2438//2436 2439//2437 2343//2341
f 2343//2341 2439//2437 2440//2438 2344//2342
f 2344//2342 2440//2438 2441//2439 2345//2343
f 2345//2343 2441//2439 2442//2440 2346//2344
f 2346//2344 2442//2440 2443//2441 2347//2345
f 2347//2345 2443//2441 2444//2442 2348//2346
f 2348//2346 2444//2442 2445//2443 2349//2347
f 2349//2347 2445//2443 2446//2444 2350//2348
f 2350//2348 2446//2444 2447//2445 2351//2349
f 2351//2349 2447//2445 2448//2446 2352//2350
f 2352//2350 2448//2446 2449//2447 2353//2351
f 2353//2351 2449//2447 2450//2448 2354//2352
f 2354//2352 2450//2448 2451//2449 2355//2353
f 2355//2353 2451//2449 2452//2450 2356//2354
f 2356//2354 2452//2450 2453//2451 2357//2355
f 2357//2355 2453//2451 2454//2452 2358//2356
f 2358//2356 2454//2452 2455//2453 2359//2357
f 2359//2357 2455//2453 2456//2454 2360//2358
f 2360//2358 2456//2454 2361//2359 2265//2263
f 2361//2359 2457//2455 2458//2456 2362//2360
f 2362//2360 2458//2456 2459//2457 2363//2361
f 2363//2361 2459//2457 2460//2458 2364//2362
f 2364//2362 2460//2458 2461//2459 2365//2363
f 2365//2363 2461//2459 2462//2460 2366//2364
f 2366//2364 2462//2460 2463//2461 2367//2365
f 2367//2365 2463//2461 2464//2462 2368//2366
f 2368//2366 2464//2462 2465//2463 2369//2367
f 2369//2367 2465//2463 2466//2464 2370//2368
f 2370//2368 2466//2464 2467//2465 2371//2369
f 2371//2369 2467//2465 2468//2466 2372//2370
f 2372//2370 2468//2466 2469//2467 2373//2371
f 2373//2371 2469//2467 2470//2468 2374//2372
f 2374//2372 2470//2468 2471//2469 2375//2373
f 2375//2373 2471//2469 2472//2470 2376//2374
f 2376//2374 2472//2470 2473//2471 2377//2375
f 2377//2375 2473//2471 2474//2472 2378//2376
f 2378//2376 2474//2472 2475//2473 2379//2377
f 2379//2377 2475//2473 2476//2474 2380//2378
f 2380//2378 2476//2474 2477//2475 2381//2379
f 2381//2379 2477//2475 2478//2476 2382//2380
f 2382//2380 2478//2476 2479//2477 2383//2381
f 2383//2381 2479//2477 2480//2478 2384//2382
f 2384//2382 2480//2478 2481//2479 2385//2383
f 2385//2383 2481//2479 2482//2480 2386//2384
f 2386//2384 2482//2480 2483//2481 2387//2385
f 2387//2385 2483//2481 2484//2482 2388//2386
f 2388//2386 2484//2482 2485//2483 2389//2387
f 2389//2387 2485//2483 2486//2484 2390//2388
f 2390//2388 2486//2484 2487//2485 2391//2389
f 2391//2389 2487//2485 2488//2486 2392//2390
f 2392//2390 2488//2486 2489//2487 2393//2391
f 2393//2391 2489//2487 2490//2488 2394//2392
f 2394//2392 2490//2488 2491//2489 2395//2393
f 2395//2393 2491//2489 2492//2490 2396//2394
f 2396//2394 2492//2490 2493//2491 2397//2395
f 2397//2395 2493//2491 2494//2492 2398//2396
f 2398//2396 2494//2492 2495//2493 2399//2397
f 2399//2397 2495//2493 2496//2494 2400//2398
f 2400//2398 2496//2494 2497//2495 2401//2399
f 2401//2399 2497//2495 2498//2496 2402//2400
f 2402//2400 2498//2496 2499//2497 2403//2401
f 2403//2401 2499//2497 2500//2498 2404//2402
f 2404//2402 2500//2498 2501//2499 2405//2403
f 2405//2403 2501//2499 2502//2500 2406//2404
f 2406//2404 2502//2500 2503//2501 2407//2405
f 2407//2405 2503//2501 2504//2502 2408//2406
f 2408//2406 2504//2502 2505//2503 2409//2407
f 2409//2407 2505//2503 2506//2504 2410//2408
f 2410//2408 2506//2504 2507//2505 2411//2409
f 2411//2409 2507//2505 2508//2506 2412//2410
f 2412//2410 2508//2506 2509//2507 2413//2411
f 2413//2411 2509//2507 2510//2508 2414//2412
f 2414//2412 2510//2508 2511//2509 2415//2413
f 2415//2413 2511//2509 2512//2510 2416//2414
f 2416//2414 2512//2510 2513//2511 2417//2415
f 2417//2415 2513//2511 2514//2512 2418//2416
f 2418//2416 2514//2512 2515//2513 2419//2417
f 2419//2417 2515//2513 2516//2514 2420//2418
f 2420//2418 2516//2514 2517//2515 2421//2419
f 2421//2419 2517//2515 2518//2516 2422//2420
f 2422//2420 2518//2516 2519//2517 2423//2421
f 2423//2421 2519//2517 2520//2518 2424//2422
f 2424//2422 2520//2518 2521//2519 2425//2423
f 2425//2423 2521//2519 2522//2520 2426//2424
f 2426//2424 2522//2520 2523//2521 2427//2425
f 2427//2425 2523//2521 2524//2522 2428//2426
f 2428//2426 2524//2522 2525//2523 2429//2427
f 2429//2427 2525//2523 2526//2524 2430//2428
f 2430//2428 2526//2524 2527//2525 2431//2429
f 2431//2429 2527//2525 2528//2526 2432//2430
f 2432//2430 2528//2526 2529//2527 2433//2431
f 2433//2431 2529//2527 2530//2528 2434//2432
f 2434//2432 2530//2528 2531//2529 2435//2433
f 2435//2433 2531//2529 2532//2530 2436//2434
f 2436//2434 2532//2530 2533//2531 2437//2435
f 2437//2435 2533//2531 2534//2532 2438//2436
f 2438//2436 2534//2532 2535//2533 2439//2437
f 2439//2437 2535//2533 2536//2534 2440//2438
f 2440//2438 2536//2534 2537//2535 2441//2439
f 2441//2439 2537//2535 2538//2536 2442//2440
f 2442//2440 2538//2536 2539//2537 2443//2441
f 2443//2441 2539//2537 2540//2538 2444//2442
f 2444//2442 2540//2538 2541//2539 2445//2443
f 2445//2443 2541//2539 2542//2540 2446//2444
f 2446//2444 2542//2540 2543//2541 2447//2445
f 2447//2445 2543//2541 2544//2542 2448//2446
f 2448//2446 2544//2542 2545//2543 2449//2447
f 2449//2447 2545//2543 2546//2544 2450//2448
f 2450//2448 2546//2544 2547//2545 2451//2449
f 2451//2449 2547//2545 2548//2546 2452//2450
f 2452//2450 2548//2546 2549//2547 2453//2451
f 2453//2451 2549//2547 2550//2548 2454//2452
f 2454//2452 2550//2548 2551//2549 2455//2453
f 2455//2453 2551//2549 2552//2550 2456//2454
f 2456//2454 2552//2550 2457//2455 2361//2359
f 2457//2455 2553//2551 2554//2552 2458//2456
f 2458//2456 2554//2552 2555//2553 2459//2457
f 2459//2457 2555//2553 2556//2554 2460//2458
f 2460//2458 2556//2554 2557//2555 2461//2459
f 2461//2459 2557//2555 2558//2556 2462//2460
f 2462//2460 2558//2556 2559//2557 2463//2461
f 2463//2461 2559//2557 2560//2558 2464//2462
f 2464//2462 2560//2558 2561//2559 2465//2463
f 2465//2463 2561//2559 2562//2560 2466//2464
f 2466//2464 2562//2560 2563//2561 2467//2465
f 2467//2465 2563//2561 2564//2562 2468//2466
f 2468//2466 2564//2562 2565//2563 2469//2467
f 2469//2467 2565//2563 2566//2564 2470//2468
f 2470//2468 2566//2564 2567//2565 2471//2469
f 2471//2469 2567//2565 2568//2566 2472//2470
f 2472//2470 2568//2566 2569//2567 2473//2471
f 2473//2471 2569//2567 2570//2568 2474//2472
f 2474//2472 2570//2568 2571//2569 2475//2473
f 2475//2473 2571//2569 2572//2570 2476//2474
f 2476//2474 2572//2570 2573//2571 2477//2475
f 2477//2475 2573//2571 2574//2572 2478//2476
f 2478//2476 2574//2572 2575//2573 2479//2477
f 2479//2477 2575//2573 2576//2574 2480//2478
f 2480//2478 2576//2574 2577//2575 2481//2479
f 2481//2479 2577//2575 2578//2576 2482//2480
f 2482//2480 2578//2576 2579//2577 2483//2481
f 2483//2481 2579//2577 2580//2578 2484//2482
f 2484//2482 2580//2578 2581//2579 2485//2483
f 2485//2483 2581//2579 2582//2580 2486//2484
f 2486//2484 2582//2580 2583//2581 2487//2485
f 2487//2485 2583//2581 2584//2582 2488//2486
f 2488//2486 2584//2582 2585//2583 2489//2487
f 2489//2487 2585//2583 2586//2584 2490//2488
f 2490//2488 2586//2584 2587//2585 2491//2489
f 2491//2489 2587//2585 2588//2586 2492//2490
f 2492//2490 2588//2586 2589//2587 2493//2491
f 2493//2491 2589//2587 2590//2588 2494//2492
f 2494//2492 2590//2588 2591//2589 2495//2493
f 2495//2493 2591//2589 2592//2590 2496//2494
f 2496//2494 2592//2590 2593//2591 2497//2495
f 2497//2495 2593//2591 2594//2592 2498//2496
f 2498//2496 2594//2592 2595//2593 2499//2497
f 2499//2497 2595//2593 2596//2594 2500//2498
f 2500//2498 2596//2594 2597//2595 2501//2499
f 2501//2499 2597//2595 2598//2596 2502//2500
f 2502//2500 2598//2596 2599//2597 2503//2501
f 2503//2501 2599//2597 2600//2598 2504//2502
f 2504//2502 2600//2598 2601//2599 2505//2503
f 2505//2503 2601//2599 2602//2600 2506//2504
f 2506//2504 2602//2600 2603//2601 2507//2505
f 2507//2505 2603//2601 2604//2602 2508//2506
f 2508//2506 2604//2602 2605//2603 2509//2507
f 2509//2507 2605//2603 2606//2604 2510//2508
f 2510//2508 2606//2604 2607//2605 2511//2509
f 2511//2509 2607//2605 2608//2606 2512//2510
f 2512//2510 2608//2606 2609//2607 2513//2511
f 2513//2511 2609//2607 2610//2608 2514//2512
f 2514//2512 2610//2608 2611//2609 2515//2513
f 2515//2513 2611//2609 2612//2610 2516//2514
f 2516//2514 2612//2610 2613//2611 2517//2515
f 2517//2515 2613//2611 2614//2612 2518//2516
f 2518//2516 2614//2612 2615//2613 2519//2517
f 2519//2517 2615//2613 2616//2614 2520//2518
f 2520//2518 2616//2614 2617//2615 2521//2519
f 2521//2519 2617//2615 2618//2616 2522//2520
f 2522//2520 2618//2616 2619//2617 2523//2521
f 2523//2521 2619//2617 2620//2618 2524//2522
f 2524//2522 2620//2618 2621//2619 2525//2523
f 2525//2523 2621//2619 2622//2620 2526//2524
f 2526//2524 2622//2620 2623//2621 2527//2525
f 2527//2525 2623//2621 2624//2622 2528//2526
f 2528//2526 2624//2622 2625//2623 2529//2527
f 2529//2527 2625//2623 2626//2624 2530//2528
f 2530//2528 2626//2624 2627//2625 2531//2529
f 2531//2529 2627//2625 2628//2626 2532//2530
f 2532//2530 2628//2626 2629//2627 2533//2531
f 2533//2531 2629//2627 2630//2628 2534//2532
f 2534//2532 2630//2628 2631//2629 2535//2533
f 2535//2533 2631//2629 2632//2630 2536//2534
f 2536//2534 2632//2630 2633//2631 2537//2535
f 2537//2535 2633//2631 2634//2632 2538//2536
f 2538//2536 2634//2632 2635//2633 2539//2537
f 2539//2537 2635//2633 2636//2634 2540//2538
f 2540//2538 2636//2634 2637//2635 2541//2539
f 2541//2539 2637//2635 2638//2636 2542//2540
f 2542//2540 2638//2636 2639//2637 2543//2541
f 2543//2541 2639//2637 2640//2638 2544//2542
f 2544//2542 2640//2638 2641//2639 2545//2543
f 2545//2543 2641//2639 2642//2640 2546//2544
f 2546//2544 2642//2640 2643//2641 2547//2545
f 2547//2545 2643//2641 2644//2642 2548//2546
f 2548//2546 2644//2642 2645//2643 2549//2547
f 2549//2547 2645//2643 2646//2644 2550//2548
f 2550//2548 2646//2644 2647//2645 2551//2549
f 2551//2549 2647//2645 2648//2646 2552//2550
f 2552//2550 2648//2646 2553//2551 2457//2455
f 2553//2551 2649//2647 2650//2648 2554//2552
f 2554//2552 2650//2648 2651//2649 2555//2553
f 2555//2553 2651//2649 2652//2650 2556//2554
f 2556//2554 2652//2650 2653//2651 2557//2555
f 2557//2555 2653//2651 2654//2652 2558//2556
f 2558//2556 2654//2652 2655//2653 2559//2557
f 2559//2557 2655//2653 2656//2654 2560//2558
f 2560//2558 2656//2654 2657//2655 2561//2559
f 2561//2559 2657//2655 2658//2656 2562//2560
f 2562//2560 2658//2656 2659//2657 2563//2561
f 2563//2561 2659//2657 2660//2658 2564//2562
f 2564//2562 2660//2658 2661//2659 2565//2563
f 2565//2563 2661//2659 2662//2660 2566//2564
f 2566//2564 2662//2660 2663//2661 2567//2565
f 2567//2565 2663//2661 2664//2662 2568//2566
f 2568//2566 2664//2662 2665//2663 2569//2567
f 2569//2567 2665//2663 2666//2664 2570//2568
f 2570//2568 2666//2664 2667//2665 2571//2569
f 2571//2569 2667//2665 2668//2666 2572//2570
f 2572//2570 2668//2666 2669//2667 2573//2571
f 2573//2571 2669//2667 2670//2668 2574//2572
f 2574//2572 2670//2668 2671//2669 2575//2573
f 2575//2573 2671//2669 2672//2670 2576//2574
f 2576//2574 2672//2670 2673//2671 2577//2575
f 2577//2575 2673//2671 2674//2672 2578//2576
f 2578//2576 2674//2672 2675//2673 2579//2577
f 2579//2577 2675//2673 2676//2674 2580//2578
f 2580//2578 2676//2674 2677//2675 2581//2579
f 2581//2579 2677//2675 2678//2676 2582//2580
f 2582//2580 2678//2676 2679//2677 2583//2581
f 2583//2581 2679//2677 2680//2678 2584//2582
f 2584//2582 2680//2678 2681//2679 2585//2583
f 2585//2583 2681//2679 2682//2680 2586//2584
f 2586//2584 2682//2680 2683//2681 2587//2585
f 2587//2585 2683//2681 2684//2682 2588//2586
f 2588//2586 2684//2682 2685//2683 2589//2587
f 2589//2587 2685//2683 2686//2684 2590//2588
f 2590//2588 2686//2684 2687//2685 2591//2589
f 2591//2589 2687//2685 2688//2686 2592//2590
f 2592//2590 2688//2686 2689//2687 2593//2591
f 2593//2591 2689//2687 2690//2688 2594//2592
f 2594//2592 2690//2688 2691//2689 2595//2593
f 2595//2593 2691//2689 2692//2690 2596//2594
f 2596//2594 2692//2690 2693//2691 2597//2595
f 2597//2595 2693//2691 2694//2692 2598//2596
f 2598//2596 2694//2692 2695//2693 2599//2597
f 2599//2597 2695//2693 2696//2694 2600//2598
f 2600//2598 2696//2694 2697//2695 2601//2599
f 2601//2599 2697//2695 2698//2696 2602//2600
f 2602//2600 2698//2696 2699//2697 2603//2601
f 2603//2601 2699//2697 2700//2698 2604//2602
f 2604//2602 2700//2698 2701//2699 2605//2603
f 2605//2603 2701//2699 2702//2700 2606//2604
f 2606//2604 2702//2700 2703//2701 2607//2605
f 2607//2605 2703//2701 2704//2702 2608//2606
f 2608//2606 2704//2702 2705//2703 2609//2607
f 2609//2607 2705//2703 2706//2704 2610//2608
f 2610//2608 2706//2704 2707//2705 2611//2609
f 2611//2609 2707//2705 2708//2706 2612//2610
f 2612//2610 2708//2706 2709//2707 2613//2611
f 2613//2611 2709//2707 2710//2708 2614//2612
f 2614//2612 2710//2708 2711//2709 2615//2613
f 2615//2613 2711//2709 2712//2710 2616//2614
f 2616//2614 2712//2710 2713//2711 2617//2615
f 2617//2615 2713//2711 2714//2712 2618//2616
f 2618//2616 2714//2712 2715//2713 2619//2617
f 2619//2617 2715//2713 2716//2714 2620//2618
f 2620//2618 2716//2714 2717//2715 2621//2619
f 2621//2619 2717//2715 2718//2716 2622//2620
f 2622//2620 2718//2716 2719//2717 2623//2621
f 2623//2621 2719//2717 2720//2718 2624//2622
f 2624//2622 2720//2718 2721//2719 2625//2623
f 2625//2623 2721//2719 2722//2720 2626//2624
f 2626//2624 2722//2720 2723//2721 2627//2625
f 2627//2625 2723//2721 2724//2722 2628//2626
f 2628//2626 2724//2722 2725//2723 2629//2627
f 2629//2627 2725//2723 2726//2724 2630//2628
f 2630//2628 2726//2724 2727//2725 2631//2629
f 2631//2629 2727//2725 2728//2726 2632//2630
f 2632//2630 2728//2726 2729//2727 2633//2631
f 2633//2631 2729//2727 2730//2728 2634//2632
f 2634//2632 2730//2728 2731//2729 2635//2633
f 2635//2633 2731//2729 2732//2730 2636//2634
f 2636//2634 2732//2730 2733//2731 2637//2635
f 2637//2635 2733//2731 2734//2732 2638//2636
f 2638//2636 2734//2732 2735//2733 2639//2637
f 2639//2637 2735//2733 2736//2734 2640//2638
f 2640//2638 2736//2734 2737//2735 2641//2639
f 2641//2639 2737//2735 2738//2736 2642//2640
f 2642//2640 2738//2736 2739//2737 2643//2641
f 2643//2641 2739//2737 2740//2738 2644//2642
f 2644//2642 2740//2738 2741//2739 2645//2643
f 2645//2643 2741//2739 2742//2740 2646//2644
f 2646//2644 2742//2740 2743//2741 2647//2645
f 2647//2645 2743//2741 2744//2742 2648//2646
f 2648//2646 2744//2742 2649//2647 2553//2551
f 2649//2647 2745//2743 2746//2744 2650//2648
f 2650//2648 2746//2744 2747//2745 2651//2649
f 2651//2649 2747//2745 2748//2746 2652//2650
f 2652//2650 2748//2746 2749//2747 2653//2651
f 2653//2651 2749//2747 2750//2748 2654//2652
f 2654//2652 2750//2748 2751//2749 2655//2653
f 2655//2653 2751//2749 2752//2750 2656//2654
f 2656//2654 2752//2750 2753//2751 2657//2655
f 2657//2655 2753//2751 2754//2752 2658//2656
f 2658//2656 2754//2752 2755//2753 2659//2657
f 2659//2657 2755//2753 2756//2754 2660//2658
f 2660//2658 2756//2754 2757//2755 2661//2659
f 2661//2659 2757//2755 2758//2756 2662//2660
f 2662//2660 2758//2756 2759//2757 2663//2661
f 2663//2661 2759//2757 2760//2758 2664//2662
f 2664//2662 2760//2758 2761//2759 2665//2663
f 2665//2663 2761//2759 2762//2760 2666//2664
f 2666//2664 2762//2760 2763//2761 2667//2665
f 2667//2665 2763//2761 2764//2762 2668//2666
f 2668//2666 2764//2762 2765//2763 2669//2667
f 2669//2667 2765//2763 2766//2764 2670//2668
f 2670//2668 2766//2764 2767//2765 2671//2669
f 2671//2669 2767//2765 2768//2766 2672//2670
f 2672//2670 2768//2766 2769//2767 2673//2671
f 2673//2671 2769//2767 2770//2768 2674//2672
f 2674//2672 2770//2768 2771//2769 2675//2673
f 2675//2673 2771//2769 2772//2770 2676//2674
f 2676//2674 2772//2770 2773//2771 2677//2675
f 2677//2675 2773//2771 2774//2772 2678//2676
f 2678//2676 2774//2772 2775//2773 2679//2677
f 2679//2677 2775//2773 2776//2774 2680//2678
f 2680//2678 2776//2774 2777//2775 2681//2679
f 2681//2679 2777//2775 2778//2776 2682//2680
f 2682//2680 2778//2776 2779//2777 2683//2681
f 2683//2681 2779//2777 2780//2778 2684//2682
f 2684//2682 2780//2778 2781//2779 2685//2683
f 2685//2683 2781//2779 2782//2780 2686//2684
f 2686//2684 2782//2780 2783//2781 2687//2685
f 2687//2685 2783//2781 2784//2782 2688//2686
f 2688//2686 2784//2782 2785//2783 2689//2687
f 2689//2687 2785//2783 2786//2784 2690//2688
f 2690//2688 2786//2784 2787//2785 2691//2689
f 2691//2689 2787//2785 2788//2786 2692//2690
f 2692//2690 2788//2786 2789//2787 2693//2691
f 2693//2691 2789//2787 2790//2788 2694//2692
f 2694//2692 2790//2788 2791//2789 2695//2693
f 2695//2693 2791//2789 2792//2790 2696//2694
f 2696//2694 2792//2790 2793//2791 2697//2695
f 2697//2695 2793//2791 2794//2792 2698//2696
f 2698//2696 2794//2792 2795//2793 2699//2697
f 2699//2697 2795//2793 2796//2794 2700//2698
f 2700//2698 2796//2794 2797//2795 2701//2699
f 2701//2699 2797//2795 2798//2796 2702//2700
f 2702//2700 2798//2796 2799//2797 2703//2701
f 2703//2701 2799//2797 2800//2798 2704//2702
f 2704//2702 2800//2798 2801//2799 2705//2703
f 2705//2703 2801//2799 2802//2800 2706//2704
f 2706//2704 2802//2800 2803//2801 2707//2705
f 2707//2705 2803//2801 2804//2802 2708//2706
f 2708//2706 2804//2802 2805//2803 2709//2707
f 2709//2707 2805//2803 2806//2804 2710//2708
f 2710//2708 2806//2804 2807//2805 2711//2709
f 2711//2709 2807//2805 2808//2806 2712//2710
f 2712//2710 2808//2806 2809//2807 2713//2711
f 2713//2711 2809//2807 2810//2808 2714//2712
f 2714//2712 2810//2808 2811//2809 2715//2713
f 2715//2713 2811//2809 2812//2810 2716//2714
f 2716//2714 2812//2810 2813//2811 2717//2715
f 2717//2715 2813//2811 2814//2812 2718//2716
f 2718//2716 2814//2812 2815//2813 2719//2717
f 2719//2717 2815//2813 2816//2814 2720//2718
f 2720//2718 2816//2814 2817//2815 2721//2719
f 2721//2719 2817//2815 2818//2816 2722//2720
f 2722//2720 2818//2816 2819//2817 2723//2721
f 2723//2721 2819//2817 2820//2818 2724//2722
f 2724//2722 2820//2818 2821//2819 2725//2723
f 2725//2723 2821//2819 2822//2820 2726//2724
f 2726//2724 2822//2820 2823//2821 2727//2725
f 2727//2725 2823//2821 2824//2822 2728//2726
f 2728//2726 2824//2822 2825//2823 2729//2727
f 2729//2727 2825//2823 2826//2824 2730//2728
f 2730//2728 2826//2824 2827//2825 2731//2729
f 2731//2729 2827//2825 2828//2826 2732//2730
f 2732//2730 2828//2826 2829//2827 2733//2731
f 2733//2731 2829//2827 2830//2828 2734//2732
f 2734//2732 2830//2828 2831//2829 2735//2733
f 2735//2733 2831//2829 2832//2830 2736//2734
f 2736//2734 2832//2830 2833//2831 2737//2735
f 2737//2735 2833//2831 2834//2832 2738//2736
f 2738//2736 2834//2832 2835//2833 2739//2737
f 2739//2737 2835//2833 2836//2834 2740//2738
f 2740//2738 2836//2834 2837//2835 2741//2739
f 2741//2739 2837//2835 2838//2836 2742//2740
f 2742//2740 2838//2836 2839//2837 2743//2741
f 2743//2741 2839//2837 2840//2838 2744//2742
f 2744//2742 2840//2838 2745//2743 2649//2647
f 2745//2743 2841//2839 2842//2840 2746//2744
f 2746//2744 2842//2840 2843//2841 2747//2745
f 2747//2745 2843//2841 2844//2842 2748//2746
f 2748//2746 2844//2842 2845//2843 2749//2747
f 2749//2747 2845//2843 2846//2844 2750//2748
f 2750//2748 2846//2844 2847//2845 2751//2749
f 2751//2749 2847//2845 2848//2846 2752//2750
f 2752//2750 2848//2846 2849//2847 2753//2751
f 2753//2751 2849//2847 2850//2848 2754//2752
f 2754//2752 2850//2848 2851//2849 2755//2753
f 2755//2753 2851//2849 2852//2850 2756//2754
f 2756//2754 2852//2850 2853//2851 2757//2755
f 2757//2755 2853//2851 2854//2852 2758//2756
f 2758//2756 2854//2852 2855//2853 2759//2757
f 2759//2757 2855//2853 2856//2854 2760//2758
f 2760//2758 2856//2854 2857//2855 2761//2759
f 2761//2759 2857//2855 2858//2856 2762//2760
f 2762//2760 2858//2856 2859//2857 2763//2761
f 2763//2761 2859//2857 2860//2858 2764//2762
f 2764//2762 2860//2858 2861//2859 2765//2763
f 2765//2763 2861//2859 2862//2860 2766//2764
f 2766//2764 2862//2860 2863//2861 2767//2765
f 2767//2765 2863//2861 2864//2862 2768//2766
f 2768//2766 2864//2862 2865//2863 2769//2767
f 2769//2767 2865//2863 2866//2864 2770//2768
f 2770//2768 2866//2864 2867//2865 2771//2769
f 2771//2769 2867//2865 2868//2866 2772//2770
f 2772//2770 2868//2866 2869//2867 2773//2771
f 2773//2771 2869//2867 2870//2868 2774//2772
f 2774//2772 2870//2868 2871//2869 2775//2773
f 2775//2773 2871//2869 2872//2870 2776//2774
f 2776//2774 2872//2870 2873//2871 2777//2775
f 2777//2775 2873//2871 2874//2872 2778//2776
f 2778//2776 2874//2872 2875//2873 2779//2777
f 2779//2777 2875//2873 2876//2874 2780//2778
f 2780//2778 2876//2874 2877//2875 2781//2779
f 2781//2779 2877//2875 2878//2876 2782//2780
f 2782//2780 2878//2876 2879//2877 2783//2781
f 2783//2781 2879//2877 2880//2878 2784//2782
f 2784//2782 2880//2878 2881//2879 2785//2783
f 2785//2783 2881//2879 2882//2880 2786//2784
f 2786//2784 2882//2880 2883//2881 2787//2785
f 2787//2785 2883//2881 2884//2882 2788//2786
f 2788//2786 2884//2882 2885//2883 2789//2787
f 2789//2787 2885//2883 2886//2884 2790//2788
f 2790//2788 2886//2884 2887//2885 2791//2789
f 2791//2789 2887//2885 2888//2886 2792//2790
f 2792//2790 2888//2886 2889//2887 2793//2791
f 2793//2791 2889//2887 2890//2888 2794//2792
f 2794//2792 2890//2888 2891//2889 2795//2793
f 2795//2793 2891//2889 2892//2890 2796//2794
f 2796//2794 2892//2890 2893//2891 2797//2795
f 2797//2795 2893//2891 2894//2892 2798//2796
f 2798//2796 2894//2892 2895//2893 2799//2797
f 2799//2797 2895//2893 2896//2894 2800//2798
f 2800//2798 2896//2894 2897//2895 2801//2799
f 2801//2799 2897//2895 2898//2896 2802//2800
f 2802//2800 2898//2896 2899//2897 2803//2801
f 2803//2801 2899//2897 2900//2898 2804//2802
f 2804//2802 2900//2898 2901//2899 2805//2803
f 2805//2803 2901//2899 2902//2900 2806//2804
f 2806//2804 2902//2900 2903//2901 2807//2805
f 2807//2805 2903//2901 2904//2902 2808//2806
f 2808//2806 2904//2902 2905//2903 2809//2807
f 2809//2807 2905//2903 2906//2904 2810//2808
f 2810//2808 2906//2904 2907//2905 2811//2809
f 2811//2809 2907//2905 2908//2906 2812//2810
f 2812//2810 2908//2906 2909//2907 2813//2811
f 2813//2811 2909//2907 2910//2908 2814//2812
f 2814//2812 2910//2908 2911//2909 2815//2813
f 2815//2813 2911//2909 2912//2910 2816//2814
f 2816//2814 2912//2910 2913//2911 2817//2815
f 2817//2815 2913//2911 2914//2912 2818//2816
f 2818//2816 2914//2912 2915//2913 2819//2817
f 2819//2817 2915//2913 2916//2914 2820//2818
f 2820//2818 2916//2914 2917//2915 2821//2819
f 2821//2819 2917//2915 2918//2916 2822//2820
f 2822//2820 2918//2916 2919//2917 2823//2821
f 2823//2821 2919//2917 2920//2918 2824//2822
f 2824//2822 2920//2918 2921//2919 2825//2823
f 2825//2823 2921//2919 2922//2920 2826//2824
f 2826//2824 2922//2920 2923//2921 2827//2825
f 2827//2825 2923//2921 2924//2922 2828//2826
f 2828//2826 2924//2922 2925//2923 2829//2827
f 2829//2827 2925//2923 2926//2924 2830//2828
f 2830//2828 2926//2924 2927//2925 2831//2829
f 2831//2829 2927//2925 2928//2926 2832//2830
f 2832//2830 2928//2926 2929//2927 2833//2831
f 2833//2831 2929//2927 2930//2928 2834//2832
f 2834//2832 2930//2928 2931//2929 2835//2833
f 2835//2833 2931//2929 2932//2930 2836//2834
f 2836//2834 2932//2930 2933//2931 2837//2835
f 2837//2835 2933//2931 2934//2932 2838//2836
f 2838//2836 2934//2932 2935//2933 2839//2837
f 2839//2837 2935//2933 2936//2934 2840//2838
f 2840//2838 2936//2934 2841//2839 2745//2743
f 2841//2839 2937//2935 2938//2936 2842//2840
f 2842//2840 2938//2936 2939//2937 2843//2841
f 2843//2841 2939//2937 2940//2938 2844//2842
f 2844//2842 2940//2938 2941//2939 2845//2843
f 2845//2843 2941//2939 2942//2940 2846//2844
f 2846//2844 2942//2940 2943//2941 2847//2845
f 2847//2845 2943//2941 2944//2942 2848//2846
f 2848//2846 2944//2942 2945//2943 2849//2847
f 2849//2847 2945//2943 2946//2944 2850//2848
f 2850//2848 2946//2944 2947//2945 2851//2849
f 2851//2849 2947//2945 2948//2946 2852//2850
f 2852//2850 2948//2946 2949//2947 2853//2851
f 2853//2851 2949//2947 2950//2948 2854//2852
f 2854//2852 2950//2948 2951//2949 2855//2853
f 2855//2853 2951//2949 2952//2950 2856//2854
f 2856//2854 2952//2950 2953//2951 2857//2855
f 2857//2855 2953//2951 2954//2952 2858//2856
f 2858//2856 2954//2952 2955//2953 2859//2857
f 2859//2857 2955//2953 2956//2954 2860//2858
f 2860//2858 2956//2954 2957//2955 2861//2859
f 2861//2859 2957//2955 2958//2956 2862//2860
f 2862//2860 2958//2956 2959//2957 2863//2861
f 2863//2861 2959//2957 2960//2958 2864//2862
f 2864//2862 2960//2958 2961//2959 2865//2863
f 2865//2863 2961//2959 2962//2960 2866//2864
f 2866//2864 2962//2960 2963//2961 2867//2865
f 2867//2865 2963//2961 2964//2962 2868//2866
f 2868//2866 2964//2962 2965//2963 2869//2867
f 2869//2867 2965//2963 2966//2964 2870//2868
f 2870//2868 2966//2964 2967//2965 2871//2869
f 2871//2869 2967//2965 2968//2966 2872//2870
f 2872//2870 2968//2966 2969//2967 2873//2871
f 2873//2871 2969//2967 2970//2968 2874//2872
f 2874//2872 2970//2968 2971//2969 2875//2873
f 2875//2873 2971//2969 2972//2970 2876//2874
f 2876//2874 2972//2970 2973//2971 2877//2875
f 2877//2875 2973//2971 2974//2972 2878//2876
f 2878//2876 2974//2972 2975//2973 2879//2877
f 2879//2877 2975//2973 2976//2974 2880//2878
f 2880//2878 2976//2974 2977//2975 2881//2879
f 2881//2879 2977//2975 2978//2976 2882//2880
f 2882//2880 2978//2976 2979//2977 2883//2881
f 2883//2881 2979//2977 2980//2978 2884//2882
f 2884//2882 2980//2978 2981//2979 2885//2883
f 2885//2883 2981//2979 2982//2980 2886//2884
f 2886//2884 2982//2980 2983//2981 2887//2885
f 2887//2885 2983//2981 2984//2982 2888//2886
f 2888//2886 2984//2982 2985//2983 2889//2887
f 2889//2887 2985//2983 2986//2984 2890//2888
f 2890//2888 2986//2984 2987//2985 2891//2889
f 2891//2889 2987//2985 2988//2986 2892//2890
f 2892//2890 2988//2986 2989//2987 2893//2891
f 2893//2891 2989//2987 2990//2988 2894//2892
f 2894//2892 2990//2988 2991//2989 2895//2893
f 2895//2893 2991//2989 2992//2990 2896//2894
f 2896//2894 2992//2990 2993//2991 2897//2895
f 2897//2895 2993//2991 2994//2992 2898//2896
f 2898//2896 2994//2992 2995//2993 2899//2897
f 2899//2897 2995//2993 2996//2994 2900//2898
f 2900//2898 2996//2994 2997//2995 2901//2899
f 2901//2899 2997//2995 2998//2996 2902//2900
f 2902//2900 2998//2996 2999//2997 2903//2901
f 2903//2901 2999//2997 3000//2998 2904//2902
f 2904//2902 3000//2998 3001//2999 2905//2903
f 2905//2903 3001//2999 3002//3000 2906//2904
f 2906//2904 3002//3000 3003//3001 2907//2905
f 2907//2905 3003//3001 3004//3002 2908//2906
f 2908//2906 3004//3002 3005//3003 2909//2907
f 2909//2907 3005//3003 3006//3004 2910//2908
f 2910//2908 3006//3004 3007//3005 2911//2909
f 2911//2909 3007//3005 3008//3006 2912//2910
f 2912//2910 3008//3006 3009//3007 2913//2911
f 2913//2911 3009//3007 3010//3008 2914//2912
f 2914//2912 3010//3008 3011//3009 2915//2913
f 2915//2913 3011//3009 3012//3010 2916//2914
f 2916//2914 3012//3010 3013//3011 2917//2915
f 2917//2915 3013//3011 3014//3012 2918//2916
f 2918//2916 3014//3012 3015//3013 2919//2917
f 2919//2917 3015//3013 3016//3014 2920//2918
f 2920//2918 3016//3014 3017//3015 2921//2919
f 2921//2919 3017//3015 3018//3016 2922//2920
f 2922//2920 3018//3016 3019//3017 2923//2921
f 2923//2921 3019//3017 3020//3018 2924//2922
f 2924//2922 3020//3018 3021//3019 2925//2923
f 2925//2923 3021//3019 3022//3020 2926//2924
f 2926//2924 3022//3020 3023//3021 2927//2925
f 2927//2925 3023//3021 3024//3022 2928//2926
f 2928//2926 3024//3022 3025//3023 2929//2927
f 2929//2927 3025//3023 3026//3024 2930//2928
f 2930//2928 3026//3024 3027//3025 2931//2929
f 2931//2929 3027//3025 3028//3026 2932//2930
f 2932//2930 3028//3026 3029//3027 2933//2931
f 2933//2931 3029//3027 3030//3028 2934//2932
f 2934//2932 3030//3028 3031//3029 2935//2933
f 2935//2933 3031//3029 3032//3030 2936//2934
f 2936//2934 3032//3030 2937//2935 2841//2839
f 2937//2935 3033//3031 3034//3032 2938//2936
f 2938//2936 3034//3032 3035//3033 2939//2937
f 2939//2937 3035//3033 3036//3034 2940//2938
f 2940//2938 3036//3034 3037//3035 2941//2939
f 2941//2939 3037//3035 3038//3036 2942//2940
f 2942//2940 3038//3036 3039//3037 2943//2941
f 2943//2941 3039//3037 3040//3038 2944//2942
f 2944//2942 3040//3038 3041//3039 2945//2943
f 2945//2943 3041//3039 3042//3040 2946//2944
f 2946//2944 3042//3040 3043//3041 2947//2945
f 2947//2945 3043//3041 3044//3042 2948//2946
f 2948//2946 3044//3042 3045//3043 2949//2947
f 2949//2947 3045//3043 3046//3044 2950//2948
f 2950//2948 3046//3044 3047//3045 2951//2949
f 2951//2949 3047//3045 3048//3046 2952//2950
f 2952//2950 3048//3046 3049//3047 2953//2951
f 2953//2951 3049//3047 3050//3048 2954//2952
f 2954//2952 3050//3048 3051//3049 2955//2953
f 2955//2953 3051//3049 3052//3050 2956//2954
f 2956//2954 3052//3050 3053//3051 2957//2955
f 2957//2955 3053//3051 3054//3052 2958//2956
f 2958//2956 3054//3052 3055//3053 2959//2957
f 2959//2957 3055//3053 3056//3054 2960//2958
f 2960//2958 3056//3054 3057//3055 2961//2959
f 2961//2959 3057//3055 3058//3056 2962//2960
f 2962//2960 3058//3056 3059//3057 2963//2961
f 2963//2961 3059//3057 3060//3058 2964//2962
f 2964//2962 3060//3058 3061//3059 2965//2963
f 2965//2963 3061//3059 3062//3060 2966//2964
f 2966//2964 3062//3060 3063//3061 2967//2965
f 2967//2965 3063//3061 3064//3062 2968//2966
f 2968//2966 3064//3062 3065//3063 2969//2967
f 2969//2967 3065//3063 3066//3064 2970//2968
f 2970//2968 3066//3064 3067//3065 2971//2969
f 2971//2969 3067//3065 3068//3066 2972//2970
f 2972//2970 3068//3066 3069//3067 2973//2971
f 2973//2971 3069//3067 3070//3068 2974//2972
f 2974//2972 3070//3068 3071//3069 2975//2973
f 2975//2973 3071//3069 3072//3070 2976//2974
f 2976//2974 3072//3070 3073//3071 2977//2975
f 2977//2975 3073//3071 3074//3072 2978//2976
f 2978//2976 3074//3072 3075//3073 2979//2977
f 2979//2977 3075//3073 3076//3074 2980//2978
f 2980//2978 3076//3074 3077//3075 2981//2979
f 2981//2979 3077//3075 3078//3076 2982//2980
f 2982//2980 3078//3076 3079//3077 2983//2981
f 2983//2981 3079//3077 3080//3078 2984//2982
f 2984//2982 3080//3078 3081//3079 2985//2983
f 2985//2983 3081//3079 3082//3080 2986//2984
f 2986//2984 3082//3080 3083//3081 2987//2985
f 2987//2985 3083//3081 3084//3082 2988//2986
f 2988//2986 3084//3082 3085//3083 2989//2987
f 2989//2987 3085//3083 3086//3084 2990//2988
f 2990//2988 3086//3084 3087//3085 2991//2989
f 2991//2989 3087//3085 3088//3086 2992//2990
f 2992//2990 3088//3086 3089//3087 2993//2991
f 2993//2991 3089//3087 3090//3088 2994//2992
f 2994//2992 3090//3088 3091//3089 2995//2993
f 2995//2993 3091//3089 3092//3090 2996//2994
f 2996//2994 3092//3090 3093//3091 2997//2995
f 2997//2995 3093//3091 3094//3092 2998//2996
f 2998//2996 3094//3092 3095//3093 2999//2997
f 2999//2997 3095//3093 3096//3094 3000//2998
f 3000//2998 3096//3094 3097//3095 3001//2999
f 3001//2999 3097//3095 3098//3096 3002//3000
f 3002//3000 3098//3096 3099//3097 3003//3001
f 3003//3001 3099//3097 3100//3098 3004//3002
f 3004//3002 3100//3098 3101//3099 3005//3003
f 3005//3003 3101//3099 3102//3100 3006//3004
f 3006//3004 3102//3100 3103//3101 3007//3005
f 3007//3005 3103//3101 3104//3102 3008//3006
f 3008//3006 3104//3102 3105//3103 3009//3007
f 3009//3007 3105//3103 3106//3104 3010//3008
f 3010//3008 3106//3104 3107//3105 3011//3009
f 3011//3009 3107//3105 3108//3106 3012//3010
f 3012//3010 3108//3106 3109//3107 3013//3011
f 3013//3011 3109//3107 3110//3108 3014//3012
f 3014//3012 3110//3108 3111//3109 3015//3013
f 3015//3013 3111//3109 3112//3110 3016//3014
f 3016//3014 3112//3110 3113//3111 3017//3015
f 3017//3015 3113//3111 3114//3112 3018//3016
f 3018//3016 3114//3112 3115//3113 3019//3017
f 3019//3017 3115//3113 3116//3114 3020//3018
f 3020//3018 3116//3114 3117//3115 3021//3019
f 3021//3019 3117//3115 3118//3116 3022//3020
f 3022//3020 3118//3116 3119//3117 3023//3021
f 3023//3021 3119//3117 3120//3118 3024//3022
f 3024//3022 3120//3118 3121//3119 3025//3023
f 3025//3023 3121//3119 3122//3120 3026//3024
f 3026//3024 3122//3120 3123//3121 3027//3025
f 3027//3025 3123//3121 3124//3122 3028//3026
f 3028//3026 3124//3122 3125//3123 3029//3027
f 3029//3027 3125//3123 3126//3124 3030//3028
f 3030//3028 3126//3124 3127//3125 3031//3029
f 3031//3029 3127//3125 3128//3126 3032//3030
f 3032//3030 3128//3126 3033//3031 2937//2935
f 3033//3031 3129//3127 3130//3128 3034//3032
f 3034//3032 3130//3128 3131//3129 3035//3033
f 3035//3033 3131//3129 3132//3130 3036//3034
f 3036//3034 3132//3130 3133//3131 3037//3035
f 3037//3035 3133//3131 3134//3132 3038//3036
f 3038//3036 3134//3132 3135//3133 3039//3037
f 3039//3037 3135//3133 3136//3134 3040//3038
f 3040//3038 3136//3134 3137//3135 3041//3039
f 3041//3039 3137//3135 3138//3136 3042//3040
f 3042//3040 3138//3136 3139//3137 3043//3041
f 3043//3041 3139//3137 3140//3138 3044//3042
f 3044//3042 3140//3138 3141//3139 3045//3043
f 3045//3043 3141//3139 3142//3140 3046//3044
f 3046//3044 3142//3140 3143//3141 3047//3045
f 3047//3045 3143//3141 3144//3142 3048//3046
f 3048//3046 3144//3142 3145//3143 3049//3047
f 3049//3047 3145//3143 3146//3144 3050//3048
f 3050//3048 3146//3144 3147//3145 3051//3049
f 3051//3049 3147//3145 3148//3146 3052//3050
f 3052//3050 3148//3146 3149//3147 3053//3051
f 3053//3051 3149//3147 3150//3148 3054//3052
f 3054//3052 3150//3148 3151//3149 3055//3053
f 3055//3053 3151//3149 3152//3150 3056//3054
f 3056//3054 3152//3150 3153//3151 3057//3055
f 3057//3055 3153//3151 3154//3152 3058//3056
f 3058//3056 3154//3152 3155//3153 3059//3057
f 3059//3057 3155//3153 3156//3154 3060//3058
f 3060//3058 3156//3154 3157//3155 3061//3059
f 3061//3059 3157//3155 3158//3156 3062//3060
f 3062//3060 3158//3156 3159//3157 3063//3061
f 3063//3061 3159//3157 3160//3158 3064//3062
f 3064//3062 3160//3158 3161//3159 3065//3063
f 3065//3063 3161//3159 3162//3160 3066//3064
f 3066//3064 3162//3160 3163//3161 3067//3065
f 3067//3065 3163//3161 3164//3162 3068//3066
f 3068//3066 3164//3162 3165//3163 3069//3067
f 3069//3067 3165//3163 3166//3164 3070//3068
f 3070//3068 3166//3164 3167//3165 3071//3069
f 3071//3069 3167//3165 3168//3166 3072//3070
f 3072//3070 3168//3166 3169//3167 3073//3071
f 3073//3071 3169//3167 3170//3168 3074//3072
f 3074//3072 3170//3168 3171//3169 3075//3073
f 3075//3073 3171//3169 3172//3170 3076//3074
f 3076//3074 3172//3170 3173//3171 3077//3075
f 3077//3075 3173//3171 3174//3172 3078//3076
f 3078//3076 3174//3172 3175//3173 3079//3077
f 3079//3077 3175//3173 3176//3174 3080//3078
f 3080//3078 3176//3174 3177//3175 3081//3079
f 3081//3079 3177//3175 3178//3176 3082//3080
f 3082//3080 3178//3176 3179//3177 3083//3081
f 3083//3081 3179//3177 3180//3178 3084//3082
f 3084//3082 3180//3178 3181//3179 3085//3083
f 3085//3083 3181//3179 3182//3180 3086//3084
f 3086//3084 3182//3180 3183//3181 3087//3085
f 3087//3085 3183//3181 3184//3182 3088//3086
f 3088//3086 3184//3182 3185//3183 3089//3087
f 3089//3087 3185//3183 3186//3184 3090//3088
f 3090//3088 3186//3184 3187//3185 3091//3089
f 3091//3089 3187//3185 3188//3186 3092//3090
f 3092//3090 3188//3186 3189//3187 3093//3091
f 3093//3091 3189//3187 3190//3188 3094//3092
f 3094//3092 3190//3188 3191//3189 3095//3093
f 3095//3093 3191//3189 3192//3190 3096//3094
f 3096//3094 3192//3190 3193//3191 3097//3095
f 3097//3095 3193//3191 3194//3192 3098//3096
f 3098//3096 3194//3192 3195//3193 3099//3097
f 3099//3097 3195//3193 3196//3194 3100//3098
f 3100//3098 3196//3194 3197//3195 3101//3099
f 3101//3099 3197//3195 3198//3196 3102//3100
f 3102//3100 3198//3196 3199//3197 3103//3101
f 3103//3101 3199//3197 3200//3198 3104//3102
f 3104//3102 3200//3198 3201//3199 3105//3103
f 3105//3103 3201//3199 3202//3200 3106//3104
f 3106//3104 3202//3200 3203//3201 3107//3105
f 3107//3105 3203//3201 3204//3202 3108//3106
f 3108//3106 3204//3202 3205//3203 3109//3107
f 3109//3107 3205//3203 3206//3204 3110//3108
f 3110//3108 3206//3204 3207//3205 3111//3109
f 3111//3109 3207//3205 3208//3206 3112//3110
f 3112//3110 3208//3206 3209//3207 3113//3111
f 3113//3111 3209//3207 3210//3208 3114//3112
f 3114//3112 3210//3208 3211//3209 3115//3113
f 3115//3113 3211//3209 3212//3210 3116//3114
f 3116//3114 3212//3210 3213//3211 3117//3115
f 3117//3115 3213//3211 3214//3212 3118//3116
f 3118//3116 3214//3212 3215//3213 3119//3117
f 3119//3117 3215//3213 3216//3214 3120//3118
f 3120//3118 3216//3214 3217//3215 3121//3119
f 3121//3119 3217//3215 3218//3216 3122//3120
f 3122//3120 3218//3216 3219//3217 3123//3121
f 3123//3121 3219//3217 3220//3218 3124//3122
f 3124//3122 3220//3218 3221//3219 3125//3123
f 3125//3123 3221//3219 3222//3220 3126//3124
f 3126//3124 3222//3220 3223//3221 3127//3125
f 3127//3125 3223//3221 3224//3222 3128//3126
f 3128//3126 3224//3222 3129//3127 3033//3031
f 3129//3127 3225//3223 3226//3224 3130//3128
f 3130//3128 3226//3224 3227//3225 3131//3129
f 3131//3129 3227//3225 3228//3226 3132//3130
f 3132//3130 3228//3226 3229//3227 3133//3131
f 3133//3131 3229//3227 3230//3228 3134//3132
f 3134//3132 3230//3228 3231//3229 3135//3133
f 3135//3133 3231//3229 3232//3230 3136//3134
f 3136//3134 3232//3230 3233//3231 3137//3135
f 3137//3135 3233//3231 3234//3232 3138//3136
f 3138//3136 3234//3232 3235//3233 3139//3137
f 3139//3137 3235//3233 3236//3234 3140//3138
f 3140//3138 3236//3234 3237//3235 3141//3139
f 3141//3139 3237//3235 3238//3236 3142//3140
f 3142//3140 3238//3236 3239//3237 3143//3141
f 3143//3141 3239//3237 3240//3238 3144//3142
f 3144//3142 3240//3238 3241//3239 3145//3143
f 3145//3143 3241//3239 3242//3240 3146//3144
f 3146//3144 3242//3240 3243//3241 3147//3145
f 3147//3145 3243//3241 3244//3242 3148//3146
f 3148//3146 3244//3242 3245//3243 3149//3147
f 3149//3147 3245//3243 3246//3244 3150//3148
f 3150//3148 3246//3244 3247//3245 3151//3149
f 3151//3149 3247//3245 3248//3246 3152//3150
f 3152//3150 3248//3246 3249//3247 3153//3151
f 3153//3151 3249//3247 3250//3248 3154//3152
f 3154//3152 3250//3248 3251//3249 3155//3153
f 3155//3153 3251//3249 3252//3250 3156//3154
f 3156//3154 3252//3250 3253//3251 3157//3155
f 3157//3155 3253//3251 3254//3252 3158//3156
f 3158//3156 3254//3252 3255//3253 3159//3157
f 3159//3157 3255//3253 3256//3254 3160//3158
f 3160//3158 3256//3254 3257//3255 3161//3159
f 3161//3159 3257//3255 3258//3256 3162//3160
f 3162//3160 3258//3256 3259//3257 3163//3161
f 3163//3161 3259//3257 3260//3258 3164//3162
f 3164//3162 3260//3258 3261//3259 3165//3163
f 3165//3163 3261//3259 3262//3260 3166//3164
f 3166//3164 3262//3260 3263//3261 3167//3165
f 3167//3165 3263//3261 3264//3262 3168//3166
f 3168//3166 3264//3262 3265//3263 3169//3167
f 3169//3167 3265//3263 3266//3264 3170//3168
f 3170//3168 3266//3264 3267//3265 3171//3169
f 3171//3169 3267//3265 3268//3266 3172//3170
f 3172//3170 3268//3266 3269//3267 3173//3171
f 3173//3171 3269//3267 3270//3268 3174//3172
f 3174//3172 3270//3268 3271//3269 3175//3173
f 3175//3173 3271//3269 3272//3270 3176//3174
f 3176//3174 3272//3270 3273//3271 3177//3175
f 3177//3175 3273//3271 3274//3272 3178//3176
f 3178//3176 3274//3272 3275//3273 3179//3177
f 3179//3177 3275//3273 3276//3274 3180//3178
f 3180//3178 3276//3274 3277//3275 3181//3179
f 3181//3179 3277//3275 3278//3276 3182//3180
f 3182//3180 3278//3276 3279//3277 3183//3181
f 3183//3181 3279//3277 3280//3278 3184//3182
f 3184//3182 3280//3278 3281//3279 3185//3183
f 3185//3183 3281//3279 3282//3280 3186//3184
f 3186//3184 3282//3280 3283//3281 3187//3185
f 3187//3185 3283//3281 3284//3282 3188//3186
f 3188//3186 3284//3282 3285//3283 3189//3187
f 3189//3187 3285//3283 3286//3284 3190//3188
f 3190//3188 3286//3284 3287//3285 3191//3189
f 3191//3189 3287//3285 3288//3286 3192//3190
f 3192//3190 3288//3286 3289//3287 3193//3191
f 3193//3191 3289//3287 3290//3288 3194//3192
f 3194//3192 3290//3288 3291//3289 3195//3193
f 3195//3193 3291//3289 3292//3290 3196//3194
f 3196//3194 3292//3290 3293//3291 3197//3195
f 3197//3195 3293//3291 3294//3292 3198//3196
f 3198//3196 3294//3292 3295//3293 3199//3197
f 3199//3197 3295//3293 3296//3294 3200//3198
f 3200//3198 3296//3294 3297//3295 3201//3199
f 3201//3199 3297//3295 3298//3296 3202//3200
f 3202//3200 3298//3296 3299//3297 3203//3201
f 3203//3201 3299//3297 3300//3298 3204//3202
f 3204//3202 3300//3298 3301//3299 3205//3203
f 3205//3203 3301//3299 3302//3300 3206//3204
f 3206//3204 3302//3300 3303//3301 3207//3205
f 3207//3205 3303//3301 3304//3302 3208//3206
f 3208//3206 3304//3302 3305//3303 3209//3207
f 3209//3207 3305//3303 3306//3304 3210//3208
f 3210//3208 3306//3304 3307//3305 3211//3209
f 3211//3209 3307//3305 3308//3306 3212//3210
f 3212//3210 3308//3306 3309//3307 3213//3211
f 3213//3211 3309//3307 3310//3308 3214//3212
f 3214//3212 3310//3308 3311//3309 3215//3213
f 3215//3213 3311//3309 3312//3310 3216//3214
f 3216//3214 3312//3310 3313//3311 3217//3215
f 3217//3215 3313//3311 3314//3312 3218//3216
f 3218//3216 3314//3312 3315//3313 3219//3217
f 3219//3217 3315//3313 3316//3314 3220//3218
f 3220//3218 3316//3314 3317//3315 3221//3219
f 3221//3219 3317//3315 3318//3316 3222//3220
f 3222//3220 3318//3316 3319//3317 3223//3221
f 3223//3221 3319//3317 3320//3318 3224//3222
f 3224//3222 3320//3318 3225//3223 3129//3127
f 3225//3223 3321//3319 3322//3320 3226//3224
f 3226//3224 3322//3320 3323//3321 3227//3225
f 3227//3225 3323//3321 3324//3322 3228//3226
f 3228//3226 3324//3322 3325//3323 3229//3227
f 3229//3227 3325//3323 3326//3324 3230//3228
f 3230//3228 3326//3324 3327//3325 3231//3229
f 3231//3229 3327//3325 3328//3326 3232//3230
f 3232//3230 3328//3326 3329//3327 3233//3231
f 3233//3231 3329//3327 3330//3328 3234//3232
f 3234//3232 3330//3328 3331//3329 3235//3233
f 3235//3233 3331//3329 3332//3330 3236//3234
f 3236//3234 3332//3330 3333//3331 3237//3235
f 3237//3235 3333//3331 3334//3332 3238//3236
f 3238//3236 3334//3332 3335//3333 3239//3237
f 3239//3237 3335//3333 3336//3334 3240//3238
f 3240//3238 3336//3334 3337//3335 3241//3239
f 3241//3239 3337//3335 3338//3336 3242//3240
f 3242//3240 3338//3336 3339//3337 3243//3241
f 3243//3241 3339//3337 3340//3338 3244//3242
f 3244//3242 3340//3338 3341//3339 3245//3243
f 3245//3243 3341//3339 3342//3340 3246//3244
f 3246//3244 3342//3340 3343//3341 3247//3245
f 3247//3245 3343//3341 3344//3342 3248//3246
f 3248//3246 3344//3342 3345//3343 3249//3247
f 3249//3247 3345//3343 3346//3344 3250//3248
f 3250//3248 3346//3344 3347//3345 3251//3249
f 3251//3249 3347//3345 3348//3346 3252//3250
f 3252//3250 3348//3346 3349//3347 3253//3251
f 3253//3251 3349//3347 3350//3348 3254//3252
f 3254//3252 3350//3348 3351//3349 3255//3253
f 3255//3253 3351//3349 3352//3350 3256//3254
f 3256//3254 3352//3350 3353//3351 3257//3255
f 3257//3255 3353//3351 3354//3352 3258//3256
f 3258//3256 3354//3352 3355//3353 3259//3257
f 3259//3257 3355//3353 3356//3354 3260//3258
f 3260//3258 3356//3354 3357//3355 3261//3259
f 3261//3259 3357//3355 3358//3356 3262//3260
f 3262//3260 3358//3356 3359//3357 3263//3261
f 3263//3261 3359//3357 3360//3358 3264//3262
f 3264//3262 3360//3358 3361//3359 3265//3263
f 3265//3263 3361//3359 3362//3360 3266//3264
f 3266//3264 3362//3360 3363//3361 3267//3265
f 3267//3265 3363//3361 3364//3362 3268//3266
f 3268//3266 3364//3362 3365//3363 3269//3267
f 3269//3267 3365//3363 3366//3364 3270//3268
f 3270//3268 3366//3364 3367//3365 3271//3269
f 3271//3269 3367//3365 3368//3366 3272//3270
f 3272//3270 3368//3366 3369//3367 3273//3271
f 3273//3271 3369//3367 3370//3368 3274//3272
f 3274//3272 3370//3368 3371//3369 3275//3273
f 3275//3273 3371//3369 3372//3370 3276//3274
f 3276//3274 3372//3370 3373//3371 3277//3275
f 3277//3275 3373//3371 3374//3372 3278//3276
f 3278//3276 3374//3372 3375//3373 3279//3277
f 3279//3277 3375//3373 3376//3374 3280//3278
f 3280//3278 3376//3374 3377//3375 3281//3279
f 3281//3279 3377//3375 3378//3376 3282//3280
f 3282//3280 3378//3376 3379//3377 3283//3281
f 3283//3281 3379//3377 3380//3378 3284//3282
f 3284//3282 3380//3378 3381//3379 3285//3283
f 3285//3283 3381//3379 3382//3380 3286//3284
f 3286//3284 3382//3380 3383//3381 3287//3285
f 3287//3285 3383//3381 3384//3382 3288//3286
f 3288//3286 3384//3382 3385//3383 3289//3287
f 3289//3287 3385//3383 3386//3384 3290//3288
f 3290//3288 3386//3384 3387//3385 3291//3289
f 3291//3289 3387//3385 3388//3386 3292//3290
f 3292//3290 3388//3386 3389//3387 3293//3291
f 3293//3291 3389//3387 3390//3388 3294//3292
f 3294//3292 3390//3388 3391//3389 3295//3293
f 3295//3293 3391//3389 3392//3390 3296//3294
f 3296//3294 3392//3390 3393//3391 3297//3295
f 3297//3295 3393//3391 3394//3392 3298//3296
f 3298//3296 3394//3392 3395//3393 3299//3297
f 3299//3297 3395//3393 3396//3394 3300//3298
f 3300//3298 3396//3394 3397//3395 3301//3299
f 3301//3299 3397//3395 3398//3396 3302//3300
f 3302//3300 3398//3396 3399//3397 3303//3301
f 3303//3301 3399//3397 3400//3398 3304//3302
f 3304//3302 3400//3398 3401//3399 3305//3303
f 3305//3303 3401//3399 3402//3400 3306//3304
f 3306//3304 3402//3400 3403//3401 3307//3305
f 3307//3305 3403//3401 3404//3402 3308//3306
f 3308//3306 3404//3402 3405//3403 3309//3307
f 3309//3307 3405//3403 3406//3404 3310//3308
f 3310//3308 3406//3404 3407//3405 3311//3309
f 3311//3309 3407//3405 3408//3406 3312//3310
f 3312//3310 3408//3406 3409//3407 3313//3311
f 3313//3311 3409//3407 3410//3408 3314//3312
f 3314//3312 3410//3408 3411//3409 3315//3313
f 3315//3313 3411//3409 3412//3410 3316//3314
f 3316//3314 3412//3410 3413//3411 3317//3315
f 3317//3315 3413//3411 3414//3412 3318//3316
f 3318//3316 3414//3412 3415//3413 3319//3317
f 3319//3317 3415//3413 3416//3414 3320//3318
f 3320//3318 3416//3414 3321//3319 3225//3223
f 3321//3319 3417//3415 3418//3416 3322//3320
f 3322//3320 3418//3416 3419//3417 3323//3321
f 3323//3321 3419//3417 3420//3418 3324//3322
f 3324//3322 3420//3418 3421//3419 3325//3323
f 3325//3323 3421//3419 3422//3420 3326//3324
f 3326//3324 3422//3420 3423//3421 3327//3325
f 3327//3325 3423//3421 3424//3422 3328//3326
f 3328//3326 3424//3422 3425//3423 3329//3327
f 3329//3327 3425//3423 3426//3424 3330//3328
f 3330//3328 3426//3424 3427//3425 3331//3329
f 3331//3329 3427//3425 3428//3426 3332//3330
f 3332//3330 3428//3426 3429//3427 3333//3331
f 3333//3331 3429//3427 3430//3428 3334//3332
f 3334//3332 3430//3428 3431//3429 3335//3333
f 3335//3333 3431//3429 3432//3430 3336//3334
f 3336//3334 3432//3430 3433//3431 3337//3335
f 3337//3335 3433//3431 3434//3432 3338//3336
f 3338//3336 3434//3432 3435//3433 3339//3337
f 3339//3337 3435//3433 3436//3434 3340//3338
f 3340//3338 3436//3434 3437//3435 3341//3339
f 3341//3339 3437//3435 3438//3436 3342//3340
f 3342//3340 3438//3436 3439//3437 3343//3341
f 3343//3341 3439//3437 3440//3438 3344//3342
f 3344//3342 3440//3438 3441//3439 3345//3343
f 3345//3343 3441//3439 3442//3440 3346//3344
f 3346//3344 3442//3440 3443//3441 3347//3345
f 3347//3345 3443//3441 3444//3442 3348//3346
f 3348//3346 3444//3442 3445//3443 3349//3347
f 3349//3347 3445//3443 3446//3444 3350//3348
f 3350//3348 3446//3444 3447//3445 3351//3349
f 3351//3349 3447//3445 3448//3446 3352//3350
f 3352//3350 3448//3446 3449//3447 3353//3351
f 3353//3351 3449//3447 3450//3448 3354//3352
f 3354//3352 3450//3448 3451//3449 3355//3353
f 3355//3353 3451//3449 3452//3450 3356//3354
f 3356//3354 3452//3450 3453//3451 3357//3355
f 3357//3355 3453//3451 3454//3452 3358//3356
f 3358//3356 3454//3452 3455//3453 3359//3357
f 3359//3357 3455//3453 3456//3454 3360//3358
f 3360//3358 3456//3454 3457//3455 3361//3359
f 3361//3359 3457//3455 3458//3456 3362//3360
f 3362//3360 3458//3456 3459//3457 3363//3361
f 3363//3361 3459//3457 3460//3458 3364//3362
f 3364//3362 3460//3458 3461//3459 3365//3363
f 3365//3363 3461//3459 3462//3460 3366//3364
f 3366//3364 3462//3460 3463//3461 3367//3365
f 3367//3365 3463//3461 3464//3462 3368//3366
f 3368//3366 3464//3462 3465//3463 3369//3367
f 3369//3367 3465//3463 3466//3464 3370//3368
f 3370//3368 3466//3464 3467//3465 3371//3369
f 3371//3369 3467//3465 3468//3466 3372//3370
f 3372//3370 3468//3466 3469//3467 3373//3371
f 3373//3371 3469//3467 3470//3468 3374//3372
f 3374//3372 3470//3468 3471//3469 3375//3373
f 3375//3373 3471//3469 3472//3470 3376//3374
f 3376//3374 3472//3470 3473//3471 3377//3375
f 3377//3375 3473//3471 3474//3472 3378//3376
f 3378//3376 3474//3472 3475//3473 3379//3377
f 3379//3377 3475//3473 3476//3474 3380//3378
f 3380//3378 3476//3474 3477//3475 3381//3379
f 3381//3379 3477//3475 3478//3476 3382//3380
f 3382//3380 3478//3476 3479//3477 3383//3381
f 3383//3381 3479//3477 3480//3478 3384//3382
f 3384//3382 3480//3478 3481//3479 3385//3383
f 3385//3383 3481//3479 3482//3480 3386//3384
f 3386//3384 3482//3480 3483//3481 3387//3385
f 3387//3385 3483//3481 3484//3482 3388//3386
f 3388//3386 3484//3482 3485//3483 3389//3387
f 3389//3387 3485//3483 3486//3484 3390//3388
f 3390//3388 3486//3484 3487//3485 3391//3389
f 3391//3389 3487//3485 3488//3486 3392//3390
f 3392//3390 3488//3486 3489//3487 3393//3391
f 3393//3391 3489//3487 3490//3488 3394//3392
f 3394//3392 3490//3488 3491//3489 3395//3393
f 3395//3393 3491//3489 3492//3490 3396//3394
f 3396//3394 3492//3490 3493//3491 3397//3395
f 3397//3395 3493//3491 3494//3492 3398//3396
f 3398//3396 3494//3492 3495//3493 3399//3397
f 3399//3397 3495//3493 3496//3494 3400//3398
f 3400//3398 3496//3494 3497//3495 3401//3399
f 3401//3399 3497//3495 3498//3496 3402//3400
f 3402//3400 3498//3496 3499//3497 3403//3401
f 3403//3401 3499//3497 3500//3498 3404//3402
f 3404//3402 3500//3498 3501//3499 3405//3403
f 3405//3403 3501//3499 3502//3500 3406//3404
f 3406//3404 3502//3500 3503//3501 3407//3405
f 3407//3405 3503//3501 3504//3502 3408//3406
f 3408//3406 3504//3502 3505//3503 3409//3407
f 3409//3407 3505//3503 3506//3504 3410//3408
f 3410//3408 3506//3504 3507//3505 3411//3409
f 3411//3409 3507//3505 3508//3506 3412//3410
f 3412//3410 3508//3506 3509//3507 3413//3411
f 3413//3411 3509//3507 3510//3508 3414//3412
f 3414//3412 3510//3508 3511//3509 3415//3413
f 3415//3413 3511//3509 3512//3510 3416//3414
f 3416//3414 3512//3510 3417//3415 3321//3319
f 3417//3415 3513//3511 3514//3512 3418//3416
f 3418//3416 3514//3512 3515//3513 3419//3417
f 3419//3417 3515//3513 3516//3514 3420//3418
f 3420//3418 3516//3514 3517//3515 3421//3419
f 3421//3419 3517//3515 3518//3516 3422//3420
f 3422//3420 3518//3516 3519//3517 3423//3421
f 3423//3421 3519//3517 3520//3518 3424//3422
f 3424//3422 3520//3518 3521//3519 3425//3423
f 3425//3423 3521//3519 3522//3520 3426//3424
f 3426//3424 3522//3520 3523//3521 3427//3425
f 3427//3425 3523//3521 3524//3522 3428//3426
f 3428//3426 3524//3522 3525//3523 3429//3427
f 3429//3427 3525//3523 3526//3524 3430//3428
f 3430//3428 3526//3524 3527//3525 3431//3429
f 3431//3429 3527//3525 3528//3526 3432//3430
f 3432//3430 3528//3526 3529//3527 3433//3431
f 3433//3431 3529//3527 3530//3528 3434//3432
f 3434//3432 3530//3528 3531//3529 3435//3433
f 3435//3433 3531//3529 3532//3530 3436//3434
f 3436//3434 3532//3530 3533//3531 3437//3435
f 3437//3435 3533//3531 3534//3532 3438//3436
f 3438//3436 3534//3532 3535//3533 3439//3437
f 3439//3437 3535//3533 3536//3534 3440//3438
f 3440//3438 3536//3534 3537//3535 3441//3439
f 3441//3439 3537//3535 3538//3536 3442//3440
f 3442//3440 3538//3536 3539//3537 3443//3441
f 3443//3441 3539//3537 3540//3538 3444//3442
f 3444//3442 3540//3538 3541//3539 3445//3443
f 3445//3443 3541//3539 3542//3540 3446//3444
f 3446//3444 3542//3540 3543//3541 3447//3445
f 3447//3445 3543//3541 3544//3542 3448//3446
f 3448//3446 3544//3542 3545//3543 3449//3447
f 3449//3447 3545//3543 3546//3544 3450//3448
f 3450//3448 3546//3544 3547//3545 3451//3449
f 3451//3449 3547//3545 3548//3546 3452//3450
f 3452//3450 3548//3546 3549//3547 3453//3451
f 3453//3451 3549//3547 3550//3548 3454//3452
f 3454//3452 3550//3548 3551//3549 3455//3453
f 3455//3453 3551//3549 3552//3550 3456//3454
f 3456//3454 3552//3550 3553//3551 3457//3455
f 3457//3455 3553//3551 3554//3552 3458//3456
f 3458//3456 3554//3552 3555//3553 3459//3457
f 3459//3457 3555//3553 3556//3554 3460//3458
f 3460//3458 3556//3554 3557//3555 3461//3459
f 3461//3459 3557//3555 3558//3556 3462//3460
f 3462//3460 3558//3556 3559//3557 3463//3461
f 3463//3461 3559//3557 3560//3558 3464//3462
f 3464//3462 3560//3558 3561//3559 3465//3463
f 3465//3463 3561//3559 3562//3560 3466//3464
f 3466//3464 3562//3560 3563//3561 3467//3465
f 3467//3465 3563//3561 3564//3562 3468//3466
f 3468//3466 3564//3562 3565//3563 3469//3467
f 3469//3467 3565//3563 3566//3564 3470//3468
f 3470//3468 3566//3564 3567//3565 3471//3469
f 3471//3469 3567//3565 3568//3566 3472//3470
f 3472//3470 3568//3566 3569//3567 3473//3471
f 3473//3471 3569//3567 3570//3568 3474//3472
f 3474//3472 3570//3568 3571//3569 3475//3473
f 3475//3473 3571//3569 3572//3570 3476//3474
f 3476//3474 3572//3570 3573//3571 3477//3475
f 3477//3475 3573//3571 3574//3572 3478//3476
f 3478//3476 3574//3572 3575//3573 3479//3477
f 3479//3477 3575//3573 3576//3574 3480//3478
f 3480//3478 3576//3574 3577//3575 3481//3479
f 3481//3479 3577//3575 3578//3576 3482//3480
f 3482//3480 3578//3576 3579//3577 3483//3481
f 3483//3481 3579//3577 3580//3578 3484//3482
f 3484//3482 3580//3578 3581//3579 3485//3483
f 3485//3483 3581//3579 3582//3580 3486//3484
f 3486//3484 3582//3580 3583//3581 3487//3485
f 3487//3485 3583//3581 3584//3582 3488//3486
f 3488//3486 3584//3582 3585//3583 3489//3487
f 3489//3487 3585//3583 3586//3584 3490//3488
f 3490//3488 3586//3584 3587//3585 3491//3489
f 3491//3489 3587//3585 3588//3586 3492//3490
f 3492//3490 3588//3586 3589//3587 3493//3491
f 3493//3491 3589//3587 3590//3588 3494//3492
f 3494//3492 3590//3588 3591//3589 3495//3493
f 3495//3493 3591//3589 3592//3590 3496//3494
f 3496//3494 3592//3590 3593//3591 3497//3495
f 3497//3495 3593//3591 3594//3592 3498//3496
f 3498//3496 3594//3592 3595//3593 3499//3497
f 3499//3497 3595//3593 3596//3594 3500//3498
f 3500//3498 3596//3594 3597//3595 3501//3499
f 3501//3499 3597//3595 3598//3596 3502//3500
f 3502//3500 3598//3596 3599//3597 3503//3501
f 3503//3501 3599//3597 3600//3598 3504//3502
f 3504//3502 3600//3598 3601//3599 3505//3503
f 3505//3503 3601//3599 3602//3600 3506//3504
f 3506//3504 3602//3600 3603//3601 3507//3505
f 3507//3505 3603//3601 3604//3602 3508//3506
f 3508//3506 3604//3602 3605//3603 3509//3507
f 3509//3507 3605//3603 3606//3604 3510//3508
f 3510//3508 3606//3604 3607//3605 3511//3509
f 3511//3509 3607//3605 3608//3606 3512//3510
f 3512//3510 3608//3606 3513//3511 3417//3415
f 3513//3511 3609//3607 3610//3608 3514//3512
f 3514//3512 3610//3608 3611//3609 3515//3513
f 3515//3513 3611//3609 3612//3610 3516//3514
f 3516//3514 3612//3610 3613//3611 3517//3515
f 3517//3515 3613//3611 3614//3612 3518//3516
f 3518//3516 3614//3612 3615//3613 3519//3517
f 3519//3517 3615//3613 3616//3614 3520//3518
f 3520//3518 3616//3614 3617//3615 3521//3519
f 3521//3519 3617//3615 3618//3616 3522//3520
f 3522//3520 3618//3616 3619//3617 3523//3521
f 3523//3521 3619//3617 3620//3618 3524//3522
f 3524//3522 3620//3618 3621//3619 3525//3523
f 3525//3523 3621//3619 3622//3620 3526//3524
f 3526//3524 3622//3620 3623//3621 3527//3525
f 3527//3525 3623//3621 3624//3622 3528//3526
f 3528//3526 3624//3622 3625//3623 3529//3527
f 3529//3527 3625//3623 3626//3624 3530//3528
f 3530//3528 3626//3624 3627//3625 3531//3529
f 3531//3529 3627//3625 3628//3626 3532//3530
f 3532//3530 3628//3626 3629//3627 3533//3531
f 3533//3531 3629//3627 3630//3628 3534//3532
f 3534//3532 3630//3628 3631//3629 3535//3533
f 3535//3533 3631//3629 3632//3630 3536//3534
f 3536//3534 3632//3630 3633//3631 3537//3535
f 3537//3535 3633//3631 3634//3632 3538//3536
f 3538//3536 3634//3632 3635//3633 3539//3537
f 3539//3537 3635//3633 3636//3634 3540//3538
f 3540//3538 3636//3634 3637//3635 3541//3539
f 3541//3539 3637//3635 3638//3636 3542//3540
f 3542//3540 3638//3636 3639//3637 3543//3541
f 3543//3541 3639//3637 3640//3638 3544//3542
f 3544//3542 3640//3638 3641//3639 3545//3543
f 3545//3543 3641//3639 3642//3640 3546//3544
f 3546//3544 3642//3640 3643//3641 3547//3545
f 3547//3545 3643//3641 3644//3642 3548//3546
f 3548//3546 3644//3642 3645//3643 3549//3547
f 3549//3547 3645//3643 3646//3644 3550//3548
f 3550//3548 3646//3644 3647//3645 3551//3549
f 3551//3549 3647//3645 3648//3646 3552//3550
f 3552//3550 3648//3646 3649//3647 3553//3551
f 3553//3551 3649//3647 3650//3648 3554//3552
f 3554//3552 3650//3648 3651//3649 3555//3553
f 3555//3553 3651//3649 3652//3650 3556//3554
f 3556//3554 3652//3650 3653//3651 3557//3555
f 3557//3555 3653//3651 3654//3652 3558//3556
f 3558//3556 3654//3652 3655//3653 3559//3557
f 3559//3557 3655//3653 3656//3654 3560//3558
f 3560//3558 3656//3654 3657//3655 3561//3559
f 3561//3559 3657//3655 3658//3656 3562//3560
f 3562//3560 3658//3656 3659//3657 3563//3561
f 3563//3561 3659//3657 3660//3658 3564//3562
f 3564//3562 3660//3658 3661//3659 3565//3563
f 3565//3563 3661//3659 3662//3660 3566//3564
f 3566//3564 3662//3660 3663//3661 3567//3565
f 3567//3565 3663//3661 3664//3662 3568//3566
f 3568//3566 3664//3662 3665//3663 3569//3567
f 3569//3567 3665//3663 3666//3664 3570//3568
f 3570//3568 3666//3664 3667//3665 3571//3569
f 3571//3569 3667//3665 3668//3666 3572//3570
f 3572//3570 3668//3666 3669//3667 3573//3571
f 3573//3571 3669//3667 3670//3668 3574//3572
f 3574//3572 3670//3668 3671//3669 3575//3573
f 3575//3573 3671//3669 3672//3670 3576//3574
f 3576//3574 3672//3670 3673//3671 3577//3575
f 3577//3575 3673//3671 3674//3672 3578//3576
f 3578//3576 3674//3672 3675//3673 3579//3577
f 3579//3577 3675//3673 3676//3674 3580//3578
f 3580//3578 3676//3674 3677//3675 3581//3579
f 3581//3579 3677//3675 3678//3676 3582//3580
f 3582//3580 3678//3676 3679//3677 3583//3581
f 3583//3581 3679//3677 3680//3678 3584//3582
f 3584//3582 3680//3678 3681//3679 3585//3583
f 3585//3583 3681//3679 3682//3680 3586//3584
f 3586//3584 3682//3680 3683//3681 3587//3585
f 3587//3585 3683//3681 3684//3682 3588//3586
f 3588//3586 3684//3682 3685//3683 3589//3587
f 3589//3587 3685//3683 3686//3684 3590//3588
f 3590//3588 3686//3684 3687//3685 3591//3589
f 3591//3589 3687//3685 3688//3686 3592//3590
f 3592//3590 3688//3686 3689//3687 3593//3591
f 3593//3591 3689//3687 3690//3688 3594//3592
f 3594//3592 3690//3688 3691//3689 3595//3593
f 3595//3593 3691//3689 3692//3690 3596//3594
f 3596//3594 3692//3690 3693//3691 3597//3595
f 3597//3595 3693//3691 3694//3692 3598//3596
f 3598//3596 3694//3692 3695//3693 3599//3597
f 3599//3597 3695//3693 3696//3694 3600//3598
f 3600//3598 3696//3694 3697//3695 3601//3599
f 3601//3599 3697//3695 3698//3696 3602//3600
f 3602//3600 3698//3696 3699//3697 3603//3601
f 3603//3601 3699//3697 3700//3698 3604//3602
f 3604//3602 3700//3698 3701//3699 3605//3603
f 3605//3603 3701//3699 3702//3700 3606//3604
f 3606//3604 3702//3700 3703//3701 3607//3605
f 3607//3605 3703//3701 3704//3702 3608//3606
f 3608//3606 3704//3702 3609//3607 3513//3511
f 3609//3607 3705//3703 3706//3704 3610//3608
f 3610//3608 3706//3704 3707//3705 3611//3609
f 3611//3609 3707//3705 3708//3706 3612//3610
f 3612//3610 3708//3706 3709//3707 3613//3611
f 3613//3611 3709//3707 3710//3708 3614//3612
f 3614//3612 3710//3708 3711//3709 3615//3613
f 3615//3613 3711//3709 3712//3710 3616//3614
f 3616//3614 3712//3710 3713//3711 3617//3615
f 3617//3615 3713//3711 3714//3712 3618//3616
f 3618//3616 3714//3712 3715//3713 3619//3617
f 3619//3617 3715//3713 3716//3714 3620//3618
f 3620//3618 3716//3714 3717//3715 3621//3619
f 3621//3619 3717//3715 3718//3716 3622//3620
f 3622//3620 3718//3716 3719//3717 3623//3621
f 3623//3621 3719//3717 3720//3718 3624//3622
f 3624//3622 3720//3718 3721//3719 3625//3623
f 3625//3623 3721//3719 3722//3720 3626//3624
f 3626//3624 3722//3720 3723//3721 3627//3625
f 3627//3625 3723//3721 3724//3722 3628//3626
f 3628//3626 3724//3722 3725//3723 3629//3627
f 3629//3627 3725//3723 3726//3724 3630//3628
f 3630//3628 3726//3724 3727//3725 3631//3629
f 3631//3629 3727//3725 3728//3726 3632//3630
f 3632//3630 3728//3726 3729//3727 3633//3631
f 3633//3631 3729//3727 3730//3728 3634//3632
f 3634//3632 3730//3728 3731//3729 3635//3633
f 3635//3633 3731//3729 3732//3730 3636//3634
f 3636//3634 3732//3730 3733//3731 3637//3635
f 3637//3635 3733//3731 3734//3732 3638//3636
f 3638//3636 3734//3732 3735//3733 3639//3637
f 3639//3637 3735//3733 3736//3734 3640//3638
f 3640//3638 3736//3734 3737//3735 3641//3639
f 3641//3639 3737//3735 3738//3736 3642//3640
f 3642//3640 3738//3736 3739//3737 3643//3641
f 3643//3641 3739//3737 3740//3738 3644//3642
f 3644//3642 3740//3738 3741//3739 3645//3643
f 3645//3643 3741//3739 3742//3740 3646//3644
f 3646//3644 3742//3740 3743//3741 3647//3645
f 3647//3645 3743//3741 3744//3742 3648//3646
f 3648//3646 3744//3742 3745//3743 3649//3647
f 3649//3647 3745//3743 3746//3744 3650//3648
f 3650//3648 3746//3744 3747//3745 3651//3649
f 3651//3649 3747//3745 3748//3746 3652//3650
f 3652//3650 3748//3746 3749//3747 3653//3651
f 3653//3651 3749//3747 3750//3748 3654//3652
f 3654//3652 3750//3748 3751//3749 3655//3653
f 3655//3653 3751//3749 3752//3750 3656//3654
f 3656//3654 3752//3750 3753//3751 3657//3655
f 3657//3655 3753//3751 3754//3752 3658//3656
f 3658//3656 3754//3752 3755//3753 3659//3657
f 3659//3657 3755//3753 3756//3754 3660//3658
f 3660//3658 3756//3754 3757//3755 3661//3659
f 3661//3659 3757//3755 3758//3756 3662//3660
f 3662//3660 3758//3756 3759//3757 3663//3661
f 3663//3661 3759//3757 3760//3758 3664//3662
f 3664//3662 3760//3758 3761//3759 3665//3663
f 3665//3663 3761//3759 3762//3760 3666//3664
f 3666//3664 3762//3760 3763//3761 3667//3665
f 3667//3665 3763//3761 3764//3762 3668//3666
f 3668//3666 3764//3762 3765//3763 3669//3667
f 3669//3667 3765//3763 3766//3764 3670//3668
f 3670//3668 3766//3764 3767//3765 3671//3669
f 3671//3669 3767//3765 3768//3766 3672//3670
f 3672//3670 3768//3766 3769//3767 3673//3671
f 3673//3671 3769//3767 3770//3768 3674//3672
f 3674//3672 3770//3768 3771//3769 3675//3673
f 3675//3673 3771//3769 3772//3770 3676//3674
f 3676//3674 3772//3770 3773//3771 3677//3675
f 3677//3675 3773//3771 3774//3772 3678//3676
f 3678//3676 3774//3772 3775//3773 3679//3677
f 3679//3677 3775//3773 3776//3774 3680//3678
f 3680//3678 3776//3774 3777//3775 3681//3679
f 3681//3679 3777//3775 3778//3776 3682//3680
f 3682//3680 3778//3776 3779//3777 3683//3681
f 3683//3681 3779//3777 3780//3778 3684//3682
f 3684//3682 3780//3778 3781//3779 3685//3683
f 3685//3683 3781//3779 3782//3780 3686//3684
f 3686//3684 3782//3780 3783//3781 3687//3685
f 3687//3685 3783//3781 3784//3782 3688//3686
f 3688//3686 3784//3782 3785//3783 3689//3687
f 3689//3687 3785//3783 3786//3784 3690//3688
f 3690//3688 3786//3784 3787//3785 3691//3689
f 3691//3689 3787//3785 3788//3786 3692//3690
f 3692//3690 3788//3786 3789//3787 3693//3691
f 3693//3691 3789//3787 3790//3788 3694//3692
f 3694//3692 3790//3788 3791//3789 3695//3693
f 3695//3693 3791//3789 3792//3790 3696//3694
f 3696//3694 3792//3790 3793//3791 3697//3695
f 3697//3695 3793//3791 3794//3792 3698//3696
f 3698//3696 3794//3792 3795//3793 3699//3697
f 3699//3697 3795//3793 3796//3794 3700//3698
f 3700//3698 3796//3794 3797//3795 3701//3699
f 3701//3699 3797//3795 3798//3796 3702//3700
f 3702//3700 3798//3796 3799//3797 3703//3701
f 3703//3701 3799//3797 3800//3798 3704//3702
f 3704//3702 3800//3798 3705//3703 3609//3607
f 3705//3703 3801//3799 3802//3800 3706//3704
f 3706//3704 3802//3800 3803//3801 3707//3705
f 3707//3705 3803//3801 3804//3802 3708//3706
f 3708//3706 3804//3802 3805//3803 3709//3707
f 3709//3707 3805//3803 3806//3804 3710//3708
f 3710//3708 3806//3804 3807//3805 3711//3709
f 3711//3709 3807//3805 3808//3806 3712//3710
f 3712//3710 3808//3806 3809//3807 3713//3711
f 3713//3711 3809//3807 3810//3808 3714//3712
f 3714//3712 3810//3808 3811//3809 3715//3713
f 3715//3713 3811//3809 3812//3810 3716//3714
f 3716//3714 3812//3810 3813//3811 3717//3715
f 3717//3715 3813//3811 3814//3812 3718//3716
f 3718//3716 3814//3812 3815//3813 3719//3717
f 3719//3717 3815//3813 3816//3814 3720//3718
f 3720//3718 3816//3814 3817//3815 3721//3719
f 3721//3719 3817//3815 3818//3816 3722//3720
f 3722//3720 3818//3816 3819//3817 3723//3721
f 3723//3721 3819//3817 3820//3818 3724//3722
f 3724//3722 3820//3818 3821//3819 3725//3723
f 3725//3723 3821//3819 3822//3820 3726//3724
f 3726//3724 3822//3820 3823//3821 3727//3725
f 3727//3725 3823//3821 3824//3822 3728//3726
f 3728//3726 3824//3822 3825//3823 3729//3727
f 3729//3727 3825//3823 3826//3824 3730//3728
f 3730//3728 3826//3824 3827//3825 3731//3729
f 3731//3729 3827//3825 3828//3826 3732//3730
f 3732//3730 3828//3826 3829//3827 3733//3731
f 3733//3731 3829//3827 3830//3828 3734//3732
f 3734//3732 3830//3828 3831//3829 3735//3733
f 3735//3733 3831//3829 3832//3830 3736//3734
f 3736//3734 3832//3830 3833//3831 3737//3735
f 3737//3735 3833//3831 3834//3832 3738//3736
f 3738//3736 3834//3832 3835//3833 3739//3737
f 3739//3737 3835//3833 3836//3834 3740//3738
f 3740//3738 3836//3834 3837//3835 3741//3739
f 3741//3739 3837//3835 3838//3836 3742//3740
f 3742//3740 3838//3836 3839//3837 3743//3741
f 3743//3741 3839//3837 3840//3838 3744//3742
f 3744//3742 3840//3838 3841//3839 3745//3743
f 3745//3743 3841//3839 3842//3840 3746//3744
f 3746//3744 3842//3840 3843//3841 3747//3745
f 3747//3745 3843//3841 3844//3842 3748//3746
f 3748//3746 3844//3842 3845//3843 3749//3747
f 3749//3747 3845//3843 3846//3844 3750//3748
f 3750//3748 3846//3844 3847//3845 3751//3749
f 3751//3749 3847//3845 3848//3846 3752//3750
f 3752//3750 3848//3846 3849//3847 3753//3751
f 3753//3751 3849//3847 3850//3848 3754//3752
f 3754//3752 3850//3848 3851//3849 3755//3753
f 3755//3753 3851//3849 3852//3850 3756//3754
f 3756//3754 3852//3850 3853//3851 3757//3755
f 3757//3755 3853//3851 3854//3852 3758//3756
f 3758//3756 3854//3852 3855//3853 3759//3757
f 3759//3757 3855//3853 3856//3854 3760//3758
f 3760//3758 3856//3854 3857//3855 3761//3759
f 3761//3759 3857//3855 3858//3856 3762//3760
f 3762//3760 3858//3856 3859//3857 3763//3761
f 3763//3761 3859//3857 3860//3858 3764//3762
f 3764//3762 3860//3858 3861//3859 3765//3763
f 3765//3763 3861//3859 3862//3860 3766//3764
f 3766//3764 3862//3860 3863//3861 3767//3765
f 3767//3765 3863//3861 3864//3862 3768//3766
f 3768//3766 3864//3862 3865//3863 3769//3767
f 3769//3767 3865//3863 3866//3864 3770//3768
f 3770//3768 3866//3864 3867//3865 3771//3769
f 3771//3769 3867//3865 3868//3866 3772//3770
f 3772//3770 3868//3866 3869//3867 3773//3771
f 3773//3771 3869//3867 3870//3868 3774//3772
f 3774//3772 3870//3868 3871//3869 3775//3773
f 3775//3773 3871//3869 3872//3870 3776//3774
f 3776//3774 3872//3870 3873//3871 3777//3775
f 3777//3775 3873//3871 3874//3872 3778//3776
f 3778//3776 3874//3872 3875//3873 3779//3777
f 3779//3777 3875//3873 3876//3874 3780//3778
f 3780//3778 3876//3874 3877//3875 3781//3779
f 3781//3779 3877//3875 3878//3876 3782//3780
f 3782//3780 3878//3876 3879//3877 3783//3781
f 3783//3781 3879//3877 3880//3878 3784//3782
f 3784//3782 3880//3878 3881//3879 3785//3783
f 3785//3783 3881//3879 3882//3880 3786//3784
f 3786//3784 3882//3880 3883//3881 3787//3785
f 3787//3785 3883//3881 3884//3882 3788//3786
f 3788//3786 3884//3882 3885//3883 3789//3787
f 3789//3787 3885//3883 3886//3884 3790//3788
f 3790//3788 3886//3884 3887//3885 3791//3789
f 3791//3789 3887//3885 3888//3886 3792//3790
f 3792//3790 3888//3886 3889//3887 3793//3791
f 3793//3791 3889//3887 3890//3888 3794//3792
f 3794//3792 3890//3888 3891//3889 3795//3793
f 3795//3793 3891//3889 3892//3890 3796//3794
f 3796//3794 3892//3890 3893//3891 3797//3795
f 3797//3795 3893//3891 3894//3892 3798//3796
f 3798//3796 3894//3892 3895//3893 3799//3797
f 3799//3797 3895//3893 3896//3894 3800//3798
f 3800//3798 3896//3894 3801//3799 3705//3703
f 3801//3799 3897//3895 3898//3896 3802//3800
f 3802//3800 3898//3896 3899//3897 3803//3801
f 3803//3801 3899//3897 3900//3898 3804//3802
f 3804//3802 3900//3898 3901//3899 3805//3803
f 3805//3803 3901//3899 3902//3900 3806//3804
f 3806//3804 3902//3900 3903//3901 3807//3805
f 3807//3805 3903//3901 3904//3902 3808//3806
f 3808//3806 3904//3902 3905//3903 3809//3807
f 3809//3807 3905//3903 3906//3904 3810//3808
f 3810//3808 3906//3904 3907//3905 3811//3809
f 3811//3809 3907//3905 3908//3906 3812//3810
f 3812//3810 3908//3906 3909//3907 3813//3811
f 3813//3811 3909//3907 3910//3908 3814//3812
f 3814//3812 3910//3908 3911//3909 3815//3813
f 3815//3813 3911//3909 3912//3910 3816//3814
f 3816//3814 3912//3910 3913//3911 3817//3815
f 3817//3815 3913//3911 3914//3912 3818//3816
f 3818//3816 3914//3912 3915//3913 3819//3817
f 3819//3817 3915//3913 3916//3914 3820//3818
f 3820//3818 3916//3914 3917//3915 3821//3819
f 3821//3819 3917//3915 3918//3916 3822//3820
f 3822//3820 3918//3916 3919//3917 3823//3821
f 3823//3821 3919//3917 3920//3918 3824//3822
f 3824//3822 3920//3918 3921//3919 3825//3823
f 3825//3823 3921//3919 3922//3920 3826//3824
f 3826//3824 3922//3920 3923//3921 3827//3825
f 3827//3825 3923//3921 3924//3922 3828//3826
f 3828//3826 3924//3922 3925//3923 3829//3827
f 3829//3827 3925//3923 3926//3924 3830//3828
f 3830//3828 3926//3924 3927//3925 3831//3829
f 3831//3829 3927//3925 3928//3926 3832//3830
f 3832//3830 3928//3926 3929//3927 3833//3831
f 3833//3831 3929//3927 3930//3928 3834//3832
f 3834//3832 3930//3928 3931//3929 3835//3833
f 3835//3833 3931//3929 3932//3930 3836//3834
f 3836//3834 3932//3930 3933//3931 3837//3835
f 3837//3835 3933//3931 3934//3932 3838//3836
f 3838//3836 3934//3932 3935//3933 3839//3837
f 3839//3837 3935//3933 3936//3934 3840//3838
f 3840//3838 3936//3934 3937//3935 3841//3839
f 3841//3839 3937//3935 3938//3936 3842//3840
f 3842//3840 3938//3936 3939//3937 3843//3841
f 3843//3841 3939//3937 3940//3938 3844//3842
f 3844//3842 3940//3938 3941//3939 3845//3843
f 3845//3843 3941//3939 3942//3940 3846//3844
f 3846//3844 3942//3940 3943//3941 3847//3845
f 3847//3845 3943//3941 3944//3942 3848//3846
f 3848//3846 3944//3942 3945//3943 3849//3847
f 3849//3847 3945//3943 3946//3944 3850//3848
f 3850//3848 3946//3944 3947//3945 3851//3849
f 3851//3849 3947//3945 3948//3946 3852//3850
f 3852//3850 3948//3946 3949//3947 3853//3851
f 3853//3851 3949//3947 3950//3948 3854//3852
f 3854//3852 3950//3948 3951//3949 3855//3853
f 3855//3853 3951//3949 3952//3950 3856//3854
f 3856//3854 3952//3950 3953//3951 3857//3855
f 3857//3855 3953//3951 3954//3952 3858//3856
f 3858//3856 3954//3952 3955//3953 3859//3857
f 3859//3857 3955//3953 3956//3954 3860//3858
f 3860//3858 3956//3954 3957//3955 3861//3859
f 3861//3859 3957//3955 3958//3956 3862//3860
f 3862//3860 3958//3956 3959//3957 3863//3861
f 3863//3861 3959//3957 3960//3958 3864//3862
f 3864//3862 3960//3958 3961//3959 3865//3863
f 3865//3863 3961//3959 3962//3960 3866//3864
f 3866//3864 3962//3960 3963//3961 3867//3865
f 3867//3865 3963//3961 3964//3962 3868//3866
f 3868//3866 3964//3962 3965//3963 3869//3867
f 3869//3867 3965//3963 3966//3964 3870//3868
f 3870//3868 3966//3964 3967//3965 3871//3869
f 3871//3869 3967//3965 3968//3966 3872//3870
f 3872//3870 3968//3966 3969//3967 3873//3871
f 3873//3871 3969//3967 3970//3968 3874//3872
f 3874//3872 3970//3968 3971//3969 3875//3873
f 3875//3873 3971//3969 3972//3970 3876//3874
f 3876//3874 3972//3970 3973//3971 3877//3875
f 3877//3875 3973//3971 3974//3972 3878//3876
f 3878//3876 3974//3972 3975//3973 3879//3877
f 3879//3877 3975//3973 3976//3974 3880//3878
f 3880//3878 3976//3974 3977//3975 3881//3879
f 3881//3879 3977//3975 3978//3976 3882//3880
f 3882//3880 3978//3976 3979//3977 3883//3881
f 3883//3881 3979//3977 3980//3978 3884//3882
f 3884//3882 3980//3978 3981//3979 3885//3883
f 3885//3883 3981//3979 3982//3980 3886//3884
f 3886//3884 3982//3980 3983//3981 3887//3885
f 3887//3885 3983//3981 3984//3982 3888//3886
f 3888//3886 3984//3982 3985//3983 3889//3887
f 3889//3887 3985//3983 3986//3984 3890//3888
f 3890//3888 3986//3984 3987//3985 3891//3889
f 3891//3889 3987//3985 3988//3986 3892//3890
f 3892//3890 3988//3986 3989//3987 3893//3891
f 3893//3891 3989//3987 3990//3988 3894//3892
f 3894//3892 3990//3988 3991//3989 3895//3893
f 3895//3893 3991//3989 3992//3990 3896//3894
f 3896//3894 3992//3990 3897//3895 3801//3799
f 3897//3895 3993//3991 3994//3992 3898//3896
f 3898//3896 3994//3992 3995//3993 3899//3897
f 3899//3897 3995//3993 3996//3994 3900//3898
f 3900//3898 3996//3994 3997//3995 3901//3899
f 3901//3899 3997//3995 3998//3996 3902//3900
f 3902//3900 3998//3996 3999//3997 3903//3901
f 3903//3901 3999//3997 4000//3998 3904//3902
f 3904//3902 4000//3998 4001//3999 3905//3903
f 3905//3903 4001//3999 4002//4000 3906//3904
f 3906//3904 4002//4000 4003//4001 3907//3905
f 3907//3905 4003//4001 4004//4002 3908//3906
f 3908//3906 4004//4002 4005//4003 3909//3907
f 3909//3907 4005//4003 4006//4004 3910//3908
f 3910//3908 4006//4004 4007//4005 3911//3909
f 3911//3909 4007//4005 4008//4006 3912//3910
f 3912//3910 4008//4006 4009//4007 3913//3911
f 3913//3911 4009//4007 4010//4008 3914//3912
f 3914//3912 4010//4008 4011//4009 3915//3913
f 3915//3913 4011//4009 4012//4010 3916//3914
f 3916//3914 4012//4010 4013//4011 3917//3915
f 3917//3915 4013//4011 4014//4012 3918//3916
f 3918//3916 4014//4012 4015//4013 3919//3917
f 3919//3917 4015//4013 4016//4014 3920//3918
f 3920//3918 4016//4014 4017//4015 3921//3919
f 3921//3919 4017//4015 4018//4016 3922//3920
f 3922//3920 4018//4016 4019//4017 3923//3921
f 3923//3921 4019//4017 4020//4018 3924//3922
f 3924//3922 4020//4018 4021//4019 3925//3923
f 3925//3923 4021//4019 4022//4020 3926//3924
f 3926//3924 4022//4020 4023//4021 3927//3925
f 3927//3925 4023//4021 4024//4022 3928//3926
f 3928//3926 4024//4022 4025//4023 3929//3927
f 3929//3927 4025//4023 4026//4024 3930//3928
f 3930//3928 4026//4024 4027//4025 3931//3929
f 3931//3929 4027//4025 4028//4026 3932//3930
f 3932//3930 4028//4026 4029//4027 3933//3931
f 3933//3931 4029//4027 4030//4028 3934//3932
f 3934//3932 4030//4028 4031//4029 3935//3933
f 3935//3933 4031//4029 4032//4030 3936//3934
f 3936//3934 4032//4030 4033//4031 3937//3935
f 3937//3935 4033//4031 4034//4032 3938//3936
f 3938//3936 4034//4032 4035//4033 3939//3937
f 3939//3937 4035//4033 4036//4034 3940//3938
f 3940//3938 4036//4034 4037//4035 3941//3939
f 3941//3939 4037//4035 4038//4036 3942//3940
f 3942//3940 4038//4036 4039//4037 3943//3941
f 3943//3941 4039//4037 4040//4038 3944//3942
f 3944//3942 4040//4038 4041//4039 3945//3943
f 3945//3943 4041//4039 4042//4040 3946//3944
f 3946//3944 4042//4040 4043//4041 3947//3945
f 3947//3945 4043//4041 4044//4042 3948//3946
f 3948//3946 4044//4042 4045//4043 3949//3947
f 3949//3947 4045//4043 4046//4044 3950//3948
f 3950//3948 4046//4044 4047//4045 3951//3949
f 3951//3949 4047//4045 4048//4046 3952//3950
f 3952//3950 4048//4046 4049//4047 3953//3951
f 3953//3951 4049//4047 4050//4048 3954//3952
f 3954//3952 4050//4048 4051//4049 3955//3953
f 3955//3953 4051//4049 4052//4050 3956//3954
f 3956//3954 4052//4050 4053//4051 3957//3955
f 3957//3955 4053//4051 4054//4052 3958//3956
f 3958//3956 4054//4052 4055//4053 3959//3957
f 3959//3957 4055//4053 4056//4054 3960//3958
f 3960//3958 4056//4054 4057//4055 3961//3959
f 3961//3959 4057//4055 4058//4056 3962//3960
f 3962//3960 4058//4056 4059//4057 3963//3961
f 3963//3961 4059//4057 4060//4058 3964//3962
f 3964//3962 4060//4058 4061//4059 3965//3963
f 3965//3963 4061//4059 4062//4060 3966//3964
f 3966//3964 4062//4060 4063//4061 3967//3965
f 3967//3965 4063//4061 4064//4062 3968//3966
f 3968//3966 4064//4062 4065//4063 3969//3967
f 3969//3967 4065//4063 4066//4064 3970//3968
f 3970//3968 4066//4064 4067//4065 3971//3969
f 3971//3969 4067//4065 4068//4066 3972//3970
f 3972//3970 4068//4066 4069//4067 3973//3971
f 3973//3971 4069//4067 4070//4068 3974//3972
f 3974//3972 4070//4068 4071//4069 3975//3973
f 3975//3973 4071//4069 4072//4070 3976//3974
f 3976//3974 4072//4070 4073//4071 3977//3975
f 3977//3975 4073//4071 4074//4072 3978//3976
f 3978//3976 4074//4072 4075//4073 3979//3977
f 3979//3977 4075//4073 4076//4074 3980//3978
f 3980//3978 4076//4074 4077//4075 3981//3979
f 3981//3979 4077//4075 4078//4076 3982//3980
f 3982//3980 4078//4076 4079//4077 3983//3981
f 3983//3981 4079//4077 4080//4078 3984//3982
f 3984//3982 4080//4078 4081//4079 3985//3983
f 3985//3983 4081//4079 4082//4080 3986//3984
f 3986//3984 4082//4080 4083//4081 3987//3985
f 3987//3985 4083//4081 4084//4082 3988//3986
f 3988//3986 4084//4082 4085//4083 3989//3987
f 3989//3987 4085//4083 4086//4084 3990//3988
f 3990//3988 4086//4084 4087//4085 3991//3989
f 3991//3989 4087//4085 4088//4086 3992//3990
f 3992//3990 4088//4086 3993//3991 3897//3895
f 3993//3991 4089//4087 4090//4088 3994//3992
f 3994//3992 4090//4088 4091//4089 3995//3993
f 3995//3993 4091//4089 4092//4090 3996//3994
f 3996//3994 4092//4090 4093//4091 3997//3995
f 3997//3995 4093//4091 4094//4092 3998//3996
f 3998//3996 4094//4092 4095//4093 3999//3997
f 3999//3997 4095//4093 4096//4094 4000//3998
f 4000//3998 4096//4094 4097//4095 4001//3999
f 4001//3999 4097//4095 4098//4096 4002//4000
f 4002//4000 4098//4096 4099//4097 4003//4001
f 4003//4001 4099//4097 4100//4098 4004//4002
f 4004//4002 4100//4098 4101//4099 4005//4003
f 4005//4003 4101//4099 4102//4100 4006//4004
f 4006//4004 4102//4100 4103//4101 4007//4005
f 4007//4005 4103//4101 4104//4102 4008//4006
f 4008//4006 4104//4102 4105//4103 4009//4007
f 4009//4007 4105//4103 4106//4104 4010//4008
f 4010//4008 4106//4104 4107//4105 4011//4009
f 4011//4009 4107//4105 4108//4106 4012//4010
f 4012//4010 4108//4106 4109//4107 4013//4011
f 4013//4011 4109//4107 4110//4108 4014//4012
f 4014//4012 4110//4108 4111//4109 4015//4013
f 4015//4013 4111//4109 4112//4110 4016//4014
f 4016//4014 4112//4110 4113//4111 4017//4015
f 4017//4015 4113//4111 4114//4112 4018//4016
f 4018//4016 4114//4112 4115//4113 4019//4017
f 4019//4017 4115//4113 4116//4114 4020//4018
f 4020//4018 4116//4114 4117//4115 4021//4019
f 4021//4019 4117//4115 4118//4116 4022//4020
f 4022//4020 4118//4116 4119//4117 4023//4021
f 4023//4021 4119//4117 4120//4118 4024//4022
f 4024//4022 4120//4118 4121//4119 4025//4023
f 4025//4023 4121//4119 4122//4120 4026//4024
f 4026//4024 4122//4120 4123//4121 4027//4025
f 4027//4025 4123//4121 4124//4122 4028//4026
f 4028//4026 4124//4122 4125//4123 4029//4027
f 4029//4027 4125//4123 4126//4124 4030//4028
f 4030//4028 4126//4124 4127//4125 4031//4029
f 4031//4029 4127//4125 4128//4126 4032//4030
f 4032//4030 4128//4126 4129//4127 4033//4031
f 4033//4031 4129//4127 4130//4128 4034//4032
f 4034//4032 4130//4128 4131//4129 4035//4033
f 4035//4033 4131//4129 4132//4130 4036//4034
f 4036//4034 4132//4130 4133//4131 4037//4035
f 4037//4035 4133//4131 4134//4132 4038//4036
f 4038//4036 4134//4132 4135//4133 4039//4037
f 4039//4037 4135//4133 4136//4134 4040//4038
f 4040//4038 4136//4134 4137//4135 4041//4039
f 4041//4039 4137//4135 4138//4136 4042//4040
f 4042//4040 4138//4136 4139//4137 4043//4041
f 4043//4041 4139//4137 4140//4138 4044//4042
f 4044//4042 4140//4138 4141//4139 4045//4043
f 4045//4043 4141//4139 4142//4140 4046//4044
f 4046//4044 4142//4140 4143//4141 4047//4045
f 4047//4045 4143//4141 4144//4142 4048//4046
f 4048//4046 4144//4142 4145//4143 4049//4047
f 4049//4047 4145//4143 4146//4144 4050//4048
f 4050//4048 4146//4144 4147//4145 4051//4049
f 4051//4049 4147//4145 4148//4146 4052//4050
f 4052//4050 4148//4146 4149//4147 4053//4051
f 4053//4051 4149//4147 4150//4148 4054//4052
f 4054//4052 4150//4148 4151//4149 4055//4053
f 4055//4053 4151//4149 4152//4150 4056//4054
f 4056//4054 4152//4150 4153//4151 4057//4055
f 4057//4055 4153//4151 4154//4152 4058//4056
f 4058//4056 4154//4152 4155//4153 4059//4057
f 4059//4057 4155//4153 4156//4154 4060//4058
f 4060//4058 4156//4154 4157//4155 4061//4059
f 4061//4059 4157//4155 4158//4156 4062//4060
f 4062//4060 4158//4156 4159//4157 4063//4061
f 4063//4061 4159//4157 4160//4158 4064//4062
f 4064//4062 4160//4158 4161//4159 4065//4063
f 4065//4063 4161//4159 4162//4160 4066//4064
f 4066//4064 4162//4160 4163//4161 4067//4065
f 4067//4065 4163//4161 4164//4162 4068//4066
f 4068//4066 4164//4162 4165//4163 4069//4067
f 4069//4067 4165//4163 4166//4164 4070//4068
f 4070//4068 4166//4164 4167//4165 4071//4069
f 4071//4069 4167//4165 4168//4166 4072//4070
f 4072//4070 4168//4166 4169//4167 4073//4071
f 4073//4071 4169//4167 4170//4168 4074//4072
f 4074//4072 4170//4168 4171//4169 4075//4073
f 4075//4073 4171//4169 4172//4170 4076//4074
f 4076//4074 4172//4170 4173//4171 4077//4075
f 4077//4075 4173//4171 4174//4172 4078//4076
f 4078//4076 4174//4172 4175//4173 4079//4077
f 4079//4077 4175//4173 4176//4174 4080//4078
f 4080//4078 4176//4174 4177//4175 4081//4079
f 4081//4079 4177//4175 4178//4176 4082//4080
f 4082//4080 4178//4176 4179//4177 4083//4081
f 4083//4081 4179//4177 4180//4178 4084//4082
f 4084//4082 4180//4178 4181//4179 4085//4083
f 4085//4083 4181//4179 4182//4180 4086//4084
f 4086//4084 4182//4180 4183//4181 4087//4085
f 4087//4085 4183//4181 4184//4182 4088//4086
f 4088//4086 4184//4182 4089//4087 3993//3991
f 4089//4087 4185//4183 4186//4184 4090//4088
f 4090//4088 4186//4184 4187//4185 4091//4089
f 4091//4089 4187//4185 4188//4186 4092//4090
f 4092//4090 4188//4186 4189//4187 4093//4091
f 4093//4091 4189//4187 4190//4188 4094//4092
f 4094//4092 4190//4188 4191//4189 4095//4093
f 4095//4093 4191//4189 4192//4190 4096//4094
f 4096//4094 4192//4190 4193//4191 4097//4095
f 4097//4095 4193//4191 4194//4192 4098//4096
f 4098//4096 4194//4192 4195//4193 4099//4097
f 4099//4097 4195//4193 4196//4194 4100//4098
f 4100//4098 4196//4194 4197//4195 4101//4099
f 4101//4099 4197//4195 4198//4196 4102//4100
f 4102//4100 4198//4196 4199//4197 4103//4101
f 4103//4101 4199//4197 4200//4198 4104//4102
f 4104//4102 4200//4198 4201//4199 4105//4103
f 4105//4103 4201//4199 4202//4200 4106//4104
f 4106//4104 4202//4200 4203//4201 4107//4105
f 4107//4105 4203//4201 4204//4202 4108//4106
f 4108//4106 4204//4202 4205//4203 4109//4107
f 4109//4107 4205//4203 4206//4204 4110//4108
f 4110//4108 4206//4204 4207//4205 4111//4109
f 4111//4109 4207//4205 4208//4206 4112//4110
f 4112//4110 4208//4206 4209//4207 4113//4111
f 4113//4111 4209//4207 4210//4208 4114//4112
f 4114//4112 4210//4208 4211//4209 4115//4113
f 4115//4113 4211//4209 4212//4210 4116//4114
f 4116//4114 4212//4210 4213//4211 4117//4115
f 4117//4115 4213//4211 4214//4212 4118//4116
f 4118//4116 4214//4212 4215//4213 4119//4117
f 4119//4117 4215//4213 4216//4214 4120//4118
f 4120//4118 4216//4214 4217//4215 4121//4119
f 4121//4119 4217//4215 4218//4216 4122//4120
f 4122//4120 4218//4216 4219//4217 4123//4121
f 4123//4121 4219//4217 4220//4218 4124//4122
f 4124//4122 4220//4218 4221//4219 4125//4123
f 4125//4123 4221//4219 4222//4220 4126//4124
f 4126//4124 4222//4220 4223//4221 4127//4125
f 4127//4125 4223//4221 4224//4222 4128//4126
f 4128//4126 4224//4222 4225//4223 4129//4127
f 4129//4127 4225//4223 4226//4224 4130//4128
f 4130//4128 4226//4224 4227//4225 4131//4129
f 4131//4129 4227//4225 4228//4226 4132//4130
f 4132//4130 4228//4226 4229//4227 4133//4131
f 4133//4131 4229//4227 4230//4228 4134//4132
f 4134//4132 4230//4228 4231//4229 4135//4133
f 4135//4133 4231//4229 4232//4230 4136//4134
f 4136//4134 4232//4230 4233//4231 4137//4135
f 4137//4135 4233//4231 4234//4232 4138//4136
f 4138//4136 4234//4232 4235//4233 4139//4137
f 4139//4137 4235//4233 4236//4234 4140//4138
f 4140//4138 4236//4234 4237//4235 4141//4139
f 4141//4139 4237//4235 4238//4236 4142//4140
f 4142//4140 4238//4236 4239//4237 4143//4141
f 4143//4141 4239//4237 4240//4238 4144//4142
f 4144//4142 4240//4238 4241//4239 4145//4143
f 4145//4143 4241//4239 4242//4240 4146//4144
f 4146//4144 4242//4240 4243//4241 4147//4145
f 4147//4145 4243//4241 4244//4242 4148//4146
f 4148//4146 4244//4242 4245//4243 4149//4147
f 4149//4147 4245//4243 4246//4244 4150//4148
f 4150//4148 4246//4244 4247//4245 4151//4149
f 4151//4149 4247//4245 4248//4246 4152//4150
f 4152//4150 4248//4246 4249//4247 4153//4151
f 4153//4151 4249//4247 4250//4248 4154//4152
f 4154//4152 4250//4248 4251//4249 4155//4153
f 4155//4153 4251//4249 4252//4250 4156//4154
f 4156//4154 4252//4250 4253//4251 4157//4155
f 4157//4155 4253//4251 4254//4252 4158//4156
f 4158//4156 4254//4252 4255//4253 4159//4157
f 4159//4157 4255//4253 4256//4254 4160//4158
f 4160//4158 4256//4254 4257//4255 4161//4159
f 4161//4159 4257//4255 4258//4256 4162//4160
f 4162//4160 4258//4256 4259//4257 4163//4161
f 4163//4161 4259//4257 4260//4258 4164//4162
f 4164//4162 4260//4258 4261//4259 4165//4163
f 4165//4163 4261//4259 4262//4260 4166//4164
f 4166//4164 4262//4260 4263//4261 4167//4165
f 4167//4165 4263//4261 4264//4262 4168//4166
f 4168//4166 4264//4262 4265//4263 4169//4167
f 4169//4167 4265//4263 4266//4264 4170//4168
f 4170//4168 4266//4264 4267//4265 4171//4169
f 4171//4169 4267//4265 4268//4266 4172//4170
f 4172//4170 4268//4266 4269//4267 4173//4171
f 4173//4171 4269//4267 4270//4268 4174//4172
f 4174//4172 4270//4268 4271//4269 4175//4173
f 4175//4173 4271//4269 4272//4270 4176//4174
f 4176//4174 4272//4270 4273//4271 4177//4175
f 4177//4175 4273//4271 4274//4272 4178//4176
f 4178//4176 4274//4272 4275//4273 4179//4177
f 4179//4177 4275//4273 4276//4274 4180//4178
f 4180//4178 4276//4274 4277//4275 4181//4179
f 4181//4179 4277//4275 4278//4276 4182//4180
f 4182//4180 4278//4276 4279//4277 4183//4181
f 4183//4181 4279//4277 4280//4278 4184//4182
f 4184//4182 4280//4278 4185//4183 4089//4087
f 4185//4183 4281//4279 4282//4280 4186//4184
f 4186//4184 4282//4280 4283//4281 4187//4185
f 4187//4185 4283//4281 4284//4282 4188//4186
f 4188//4186 4284//4282 4285//4283 4189//4187
f 4189//4187 4285//4283 4286//4284 4190//4188
f 4190//4188 4286//4284 4287//4285 4191//4189
f 4191//4189 4287//4285 4288//4286 4192//4190
f 4192//4190 4288//4286 4289//4287 4193//4191
f 4193//4191 4289//4287 4290//4288 4194//4192
f 4194//4192 4290//4288 4291//4289 4195//4193
f 4195//4193 4291//4289 4292//4290 4196//4194
f 4196//4194 4292//4290 4293//4291 4197//4195
f 4197//4195 4293//4291 4294//4292 4198//4196
f 4198//4196 4294//4292 4295//4293 4199//4197
f 4199//4197 4295//4293 4296//4294 4200//4198
f 4200//4198 4296//4294 4297//4295 4201//4199
f 4201//4199 4297//4295 4298//4296 4202//4200
f 4202//4200 4298//4296 4299//4297 4203//4201
f 4203//4201 4299//4297 4300//4298 4204//4202
f 4204//4202 4300//4298 4301//4299 4205//4203
f 4205//4203 4301//4299 4302//4300 4206//4204
f 4206//4204 4302//4300 4303//4301 4207//4205
f 4207//4205 4303//4301 4304//4302 4208//4206
f 4208//4206 4304//4302 4305//4303 4209//4207
f 4209//4207 4305//4303 4306//4304 4210//4208
f 4210//4208 4306//4304 4307//4305 4211//4209
f 4211//4209 4307//4305 4308//4306 4212//4210
f 4212//4210 4308//4306 4309//4307 4213//4211
f 4213//4211 4309//4307 4310//4308 4214//4212
f 4214//4212 4310//4308 4311//4309 4215//4213
f 4215//4213 4311//4309 4312//4310 4216//4214
f 4216//4214 4312//4310 4313//4311 4217//4215
f 4217//4215 4313//4311 4314//4312 4218//4216
f 4218//4216 4314//4312 4315//4313 4219//4217
f 4219//4217 4315//4313 4316//4314 4220//4218
f 4220//4218 4316//4314 4317//4315 4221//4219
f 4221//4219 4317//4315 4318//4316 4222//4220
f 4222//4220 4318//4316 4319//4317 4223//4221
f 4223//4221 4319//4317 4320//4318 4224//4222
f 4224//4222 4320//4318 4321//4319 4225//4223
f 4225//4223 4321//4319 4322//4320 4226//4224
f 4226//4224 4322//4320 4323//4321 4227//4225
f 4227//4225 4323//4321 4324//4322 4228//4226
f 4228//4226 4324//4322 4325//4323 4229//4227
f 4229//4227 4325//4323 4326//4324 4230//4228
f 4230//4228 4326//4324 4327//4325 4231//4229
f 4231//4229 4327//4325 4328//4326 4232//4230
f 4232//4230 4328//4326 4329//4327 4233//4231
f 4233//4231 4329//4327 4330//4328 4234//4232
f 4234//4232 4330//4328 4331//4329 4235//4233
f 4235//4233 4331//4329 4332//4330 4236//4234
f 4236//4234 4332//4330 4333//4331 4237//4235
f 4237//4235 4333//4331 4334//4332 4238//4236
f 4238//4236 4334//4332 4335//4333 4239//4237
f 4239//4237 4335//4333 4336//4334 4240//4238
f 4240//4238 4336//4334 4337//4335 4241//4239
f 4241//4239 4337//4335 4338//4336 4242//4240
f 4242//4240 4338//4336 4339//4337 4243//4241
f 4243//4241 4339//4337 4340//4338 4244//4242
f 4244//4242 4340//4338 4341//4339 4245//4243
f 4245//4243 4341//4339 4342//4340 4246//4244
f 4246//4244 4342//4340 4343//4341 4247//4245
f 4247//4245 4343//4341 4344//4342 4248//4246
f 4248//4246 4344//4342 4345//4343 4249//4247
f 4249//4247 4345//4343 4346//4344 4250//4248
f 4250//4248 4346//4344 4347//4345 4251//4249
f 4251//4249 4347//4345 4348//4346 4252//4250
f 4252//4250 4348//4346 4349//4347 4253//4251
f 4253//4251 4349//4347 4350//4348 4254//4252
f 4254//4252 4350//4348 4351//4349 4255//4253
f 4255//4253 4351//4349 4352//4350 4256//4254
f 4256//4254 4352//4350 4353//4351 4257//4255
f 4257//4255 4353//4351 4354//4352 4258//4256
f 4258//4256 4354//4352 4355//4353 4259//4257
f 4259//4257 4355//4353 4356//4354 4260//4258
f 4260//4258 4356//4354 4357//4355 4261//4259
f 4261//4259 4357//4355 4358//4356 4262//4260
f 4262//4260 4358//4356 4359//4357 4263//4261
f 4263//4261 4359//4357 4360//4358 4264//4262
f 4264//4262 4360//4358 4361//4359 4265//4263
f 4265//4263 4361//4359 4362//4360 4266//4264
f 4266//4264 4362//4360 4363//4361 4267//4265
f 4267//4265 4363//4361 4364//4362 4268//4266
f 4268//4266 4364//4362 4365//4363 4269//4267
f 4269//4267 4365//4363 4366//4364 4270//4268
f 4270//4268 4366//4364 4367//4365 4271//4269
f 4271//4269 4367//4365 4368//4366 4272//4270
f 4272//4270 4368//4366 4369//4367 4273//4271
f 4273//4271 4369//4367 4370//4368 4274//4272
f 4274//4272 4370//4368 4371//4369 4275//4273
f 4275//4273 4371//4369 4372//4370 4276//4274
f 4276//4274 4372//4370 4373//4371 4277//4275
f 4277//4275 4373//4371 4374//4372 4278//4276
f 4278//4276 4374//4372 4375//4373 4279//4277
f 4279//4277 4375//4373 4376//4374 4280//4278
f 4280//4278 4376//4374 4281//4279 4185//4183
f 4281//4279 4377//4375 4378//4376 4282//4280
f 4282//4280 4378//4376 4379//4377 4283//4281
f 4283//4281 4379//4377 4380//4378 4284//4282
f 4284//4282 4380//4378 4381//4379 4285//4283
f 4285//4283 4381//4379 4382//4380 4286//4284
f 4286//4284 4382//4380 4383//4381 4287//4285
f 4287//4285 4383//4381 4384//4382 4288//4286
f 4288//4286 4384//4382 4385//4383 4289//4287
f 4289//4287 4385//4383 4386//4384 4290//4288
f 4290//4288 4386//4384 4387//4385 4291//4289
f 4291//4289 4387//4385 4388//4386 4292//4290
f 4292//4290 4388//4386 4389//4387 4293//4291
f 4293//4291 4389//4387 4390//4388 4294//4292
f 4294//4292 4390//4388 4391//4389 4295//4293
f 4295//4293 4391//4389 4392//4390 4296//4294
f 4296//4294 4392//4390 4393//4391 4297//4295
f 4297//4295 4393//4391 4394//4392 4298//4296
f 4298//4296 4394//4392 4395//4393 4299//4297
f 4299//4297 4395//4393 4396//4394 4300//4298
f 4300//4298 4396//4394 4397//4395 4301//4299
f 4301//4299 4397//4395 4398//4396 4302//4300
f 4302//4300 4398//4396 4399//4397 4303//4301
f 4303//4301 4399//4397 4400//4398 4304//4302
f 4304//4302 4400//4398 4401//4399 4305//4303
f 4305//4303 4401//4399 4402//4400 4306//4304
f 4306//4304 4402//4400 4403//4401 4307//4305
f 4307//4305 4403//4401 4404//4402 4308//4306
f 4308//4306 4404//4402 4405//4403 4309//4307
f 4309//4307 4405//4403 4406//4404 4310//4308
f 4310//4308 4406//4404 4407//4405 4311//4309
f 4311//4309 4407//4405 4408//4406 4312//4310
f 4312//4310 4408//4406 4409//4407 4313//4311
f 4313//4311 4409//4407 4410//4408 4314//4312
f 4314//4312 4410//4408 4411//4409 4315//4313
f 4315//4313 4411//4409 4412//4410 4316//4314
f 4316//4314 4412//4410 4413//4411 4317//4315
f 4317//4315 4413//4411 4414//4412 4318//4316
f 4318//4316 4414//4412 4415//4413 4319//4317
f 4319//4317 4415//4413 4416//4414 4320//4318
f 4320//4318 4416//4414 4417//4415 4321//4319
f 4321//4319 4417//4415 4418//4416 4322//4320
f 4322//4320 4418//4416 4419//4417 4323//4321
f 4323//4321 4419//4417 4420//4418 4324//4322
f 4324//4322 4420//4418 4421//4419 4325//4323
f 4325//4323 4421//4419 4422//4420 4326//4324
f 4326//4324 4422//4420 4423//4421 4327//4325
f 4327//4325 4423//4421 4424//4422 4328//4326
f 4328//4326 4424//4422 4425//4423 4329//4327
f 4329//4327 4425//4423 4426//4424 4330//4328
f 4330//4328 4426//4424 4427//4425 4331//4329
f 4331//4329 4427//4425 4428//4426 4332//4330
f 4332//4330 4428//4426 4429//4427 4333//4331
f 4333//4331 4429//4427 4430//4428 4334//4332
f 4334//4332 4430//4428 4431//4429 4335//4333
f 4335//4333 4431//4429 4432//4430 4336//4334
f 4336//4334 4432//4430 4433//4431 4337//4335
f 4337//4335 4433//4431 4434//4432 4338//4336
f 4338//4336 4434//4432 4435//4433 4339//4337
f 4339//4337 4435//4433 4436//4434 4340//4338
f 4340//4338 4436//4434 4437//4435 4341//4339
f 4341//4339 4437//4435 4438//4436 4342//4340
f 4342//4340 4438//4436 4439//4437 4343//4341
f 4343//4341 4439//4437 4440//4438 4344//4342
f 4344//4342 4440//4438 4441//4439 4345//4343
f 4345//4343 4441//4439 4442//4440 4346//4344
f 4346//4344 4442//4440 4443//4441 4347//4345
f 4347//4345 4443//4441 4444//4442 4348//4346
f 4348//4346 4444//4442 4445//4443 4349//4347
f 4349//4347 4445//4443 4446//4444 4350//4348
f 4350//4348 4446//4444 4447//4445 4351//4349
f 4351//4349 4447//4445 4448//4446 4352//4350
f 4352//4350 4448//4446 4449//4447 4353//4351
f 4353//4351 4449//4447 4450//4448 4354//4352
f 4354//4352 4450//4448 4451//4449 4355//4353
f 4355//4353 4451//4449 4452//4450 4356//4354
f 4356//4354 4452//4450 4453//4451 4357//4355
f 4357//4355 4453//4451 4454//4452 4358//4356
f 4358//4356 4454//4452 4455//4453 4359//4357
f 4359//4357 4455//4453 4456//4454 4360//4358
f 4360//4358 4456//4454 4457//4455 4361//4359
f 4361//4359 4457//4455 4458//4456 4362//4360
f 4362//4360 4458//4456 4459//4457 4363//4361
f 4363//4361 4459//4457 4460//4458 4364//4362
f 4364//4362 4460//4458 4461//4459 4365//4363
f 4365//4363 4461//4459 4462//4460 4366//4364
f 4366//4364 4462//4460 4463//4461 4367//4365
f 4367//4365 4463//4461 4464//4462 4368//4366
f 4368//4366 4464//4462 4465//4463 4369//4367
f 4369//4367 4465//4463 4466//4464 4370//4368
f 4370//4368 4466//4464 4467//4465 4371//4369
f 4371//4369 4467//4465 4468//4466 4372//4370
f 4372//4370 4468//4466 4469//4467 4373//4371
f 4373//4371 4469//4467 4470//4468 4374//4372
f 4374//4372 4470//4468 4471//4469 4375//4373
f 4375//4373 4471//4469 4472//4470 4376//4374
f 4376//4374 4472//4470 4377//4375 4281//4279
f 4377//4375 4473//4471 4474//4472 4378//4376
f 4378//4376 4474//4472 4475//4473 4379//4377
f 4379//4377 4475//4473 4476//4474 4380//4378
f 4380//4378 4476//4474 4477//4475 4381//4379
f 4381//4379 4477//4475 4478//4476 4382//4380
f 4382//4380 4478//4476 4479//4477 4383//4381
f 4383//4381 4479//4477 4480//4478 4384//4382
f 4384//4382 4480//4478 4481//4479 4385//4383
f 4385//4383 4481//4479 4482//4480 4386//4384
f 4386//4384 4482//4480 4483//4481 4387//4385
f 4387//4385 4483//4481 4484//4482 4388//4386
f 4388//4386 4484//4482 4485//4483 4389//4387
f 4389//4387 4485//4483 4486//4484 4390//4388
f 4390//4388 4486//4484 4487//4485 4391//4389
f 4391//4389 4487//4485 4488//4486 4392//4390
f 4392//4390 4488//4486 4489//4487 4393//4391
f 4393//4391 4489//4487 4490//4488 4394//4392
f 4394//4392 4490//4488 4491//4489 4395//4393
f 4395//4393 4491//4489 4492//4490 4396//4394
f 4396//4394 4492//4490 4493//4491 4397//4395
f 4397//4395 4493//4491 4494//4492 4398//4396
f 4398//4396 4494//4492 4495//4493 4399//4397
f 4399//4397 4495//4493 4496//4494 4400//4398
f 4400//4398 4496//4494 4497//4495 4401//4399
f 4401//4399 4497//4495 4498//4496 4402//4400
f 4402//4400 4498//4496 4499//4497 4403//4401
f 4403//4401 4499//4497 4500//4498 4404//4402
f 4404//4402 4500//4498 4501//4499 4405//4403
f 4405//4403 4501//4499 4502//4500 4406//4404
f 4406//4404 4502//4500 4503//4501 4407//4405
f 4407//4405 4503//4501 4504//4502 4408//4406
f 4408//4406 4504//4502 4505//4503 4409//4407
f 4409//4407 4505//4503 4506//4504 4410//4408
f 4410//4408 4506//4504 4507//4505 4411//4409
f 4411//4409 4507//4505 4508//4506 4412//4410
f 4412//4410 4508//4506 4509//4507 4413//4411
f 4413//4411 4509//4507 4510//4508 4414//4412
f 4414//4412 4510//4508 4511//4509 4415//4413
f 4415//4413 4511//4509 4512//4510 4416//4414
f 4416//4414 4512//4510 4513//4511 4417//4415
f 4417//4415 4513//4511 4514//4512 4418//4416
f 4418//4416 4514//4512 4515//4513 4419//4417
f 4419//4417 4515//4513 4516//4514 4420//4418
f 4420//4418 4516//4514 4517//4515 4421//4419
f 4421//4419 4517//4515 4518//4516 4422//4420
f 4422//4420 4518//4516 4519//4517 4423//4421
f 4423//4421 4519//4517 4520//4518 4424//4422
f 4424//4422 4520//4518 4521//4519 4425//4423
f 4425//4423 4521//4519 4522//4520 4426//4424
f 4426//4424 4522//4520 4523//4521 4427//4425
f 4427//4425 4523//4521 4524//4522 4428//4426
f 4428//4426 4524//4522 4525//4523 4429//4427
f 4429//4427 4525//4523 4526//4524 4430//4428
f 4430//4428 4526//4524 4527//4525 4431//4429
f 4431//4429 4527//4525 4528//4526 4432//4430
f 4432//4430 4528//4526 4529//4527 4433//4431
f 4433//4431 4529//4527 4530//4528 4434//4432
f 4434//4432 4530//4528 4531//4529 4435//4433
f 4435//4433 4531//4529 4532//4530 4436//4434
f 4436//4434 4532//4530 4533//4531 4437//4435
f 4437//4435 4533//4531 4534//4532 4438//4436
f 4438//4436 4534//4532 4535//4533 4439//4437
f 4439//4437 4535//4533 4536//4534 4440//4438
f 4440//4438 4536//4534 4537//4535 4441//4439
f 4441//4439 4537//4535 4538//4536 4442//4440
f 4442//4440 4538//4536 4539//4537 4443//4441
f 4443//4441 4539//4537 4540//4538 4444//4442
f 4444//4442 4540//4538 4541//4539 4445//4443
f 4445//4443 4541//4539 4542//4540 4446//4444
f 4446//4444 4542//4540 4543//4541 4447//4445
f 4447//4445 4543//4541 4544//4542 4448//4446
f 4448//4446 4544//4542 4545//4543 4449//4447
f 4449//4447 4545//4543 4546//4544 4450//4448
f 4450//4448 4546//4544 4547//4545 4451//4449
f 4451//4449 4547//4545 4548//4546 4452//4450
f 4452//4450 4548//4546 4549//4547 4453//4451
f 4453//4451 4549//4547 4550//4548 4454//4452
f 4454//4452 4550//4548 4551//4549 4455//4453
f 4455//4453 4551//4549 4552//4550 4456//4454
f 4456//4454 4552//4550 4553//4551 4457//4455
f 4457//4455 4553//4551 4554//4552 4458//4456
f 4458//4456 4554//4552 4555//4553 4459//4457
f 4459//4457 4555//4553 4556//4554 4460//4458
f 4460//4458 4556//4554 4557//4555 4461//4459
f 4461//4459 4557//4555 4558//4556 4462//4460
f 4462//4460 4558//4556 4559//4557 4463//4461
f 4463//4461 4559//4557 4560//4558 4464//4462
f 4464//4462 4560//4558 4561//4559 4465//4463
f 4465//4463 4561//4559 4562//4560 4466//4464
f 4466//4464 4562//4560 4563//4561 4467//4465
f 4467//4465 4563//4561 4564//4562 4468//4466
f 4468//4466 4564//4562 4565//4563 4469//4467
f 4469//4467 4565//4563 4566//4564 4470//4468
f 4470//4468 4566//4564 4567//4565 4471//4469
f 4471//4469 4567//4565 4568//4566 4472//4470
f 4472//4470 4568//4566 4473//4471 4377//4375
f 4473//4471 4569//4567 4570//4568 4474//4472
f 4474//4472 4570//4568 4571//4569 4475//4473
f 4475//4473 4571//4569 4572//4570 4476//4474
f 4476//4474 4572//4570 4573//4571 4477//4475
f 4477//4475 4573//4571 4574//4572 4478//4476
f 4478//4476 4574//4572 4575//4573 4479//4477
f 4479//4477 4575//4573 4576//4574 4480//4478
f 4480//4478 4576//4574 4577//4575 4481//4479
f 4481//4479 4577//4575 4578//4576 4482//4480
f 4482//4480 4578//4576 4579//4577 4483//4481
f 4483//4481 4579//4577 4580//4578 4484//4482
f 4484//4482 4580//4578 4581//4579 4485//4483
f 4485//4483 4581//4579 4582//4580 4486//4484
f 4486//4484 4582//4580 4583//4581 4487//4485
f 4487//4485 4583//4581 4584//4582 4488//4486
f 4488//4486 4584//4582 4585//4583 4489//4487
f 4489//4487 4585//4583 4586//4584 4490//4488
f 4490//4488 4586//4584 4587//4585 4491//4489
f 4491//4489 4587//4585 4588//4586 4492//4490
f 4492//4490 4588//4586 4589//4587 4493//4491
f 4493//4491 4589//4587 4590//4588 4494//4492
f 4494//4492 4590//4588 4591//4589 4495//4493
f 4495//4493 4591//4589 4592//4590 4496//4494
f 4496//4494 4592//4590 4593//4591 4497//4495
f 4497//4495 4593//4591 4594//4592 4498//4496
f 4498//4496 4594//4592 4595//4593 4499//4497
f 4499//4497 4595//4593 4596//4594 4500//4498
f 4500//4498 4596//4594 4597//4595 4501//4499
f 4501//4499 4597//4595 4598//4596 4502//4500
f 4502//4500 4598//4596 4599//4597 4503//4501
f 4503//4501 4599//4597 4600//4598 4504//4502
f 4504//4502 4600//4598 4601//4599 4505//4503
f 4505//4503 4601//4599 4602//4600 4506//4504
f 4506//4504 4602//4600 4603//4601 4507//4505
f 4507//4505 4603//4601 4604//4602 4508//4506
f 4508//4506 4604//4602 4605//4603 4509//4507
f 4509//4507 4605//4603 4606//4604 4510//4508
f 4510//4508 4606//4604 4607//4605 4511//4509
f 4511//4509 4607//4605 4608//4606 4512//4510
f 4512//4510 4608//4606 4609//4607 4513//4511
f 4513//4511 4609//4607 4610//4608 4514//4512
f 4514//4512 4610//4608 4611//4609 4515//4513
f 4515//4513 4611//4609 4612//4610 4516//4514
f 4516//4514 4612//4610 4613//4611 4517//4515
f 4517//4515 4613//4611 4614//4612 4518//4516
f 4518//4516 4614//4612 4615//4613 4519//4517
f 4519//4517 4615//4613 4616//4614 4520//4518
f 4520//4518 4616//4614 4617//4615 4521//4519
f 4521//4519 4617//4615 4618//4616 4522//4520
f 4522//4520 4618//4616 4619//4617 4523//4521
f 4523//4521 4619//4617 4620//4618 4524//4522
f 4524//4522 4620//4618 4621//4619 4525//4523
f 4525//4523 4621//4619 4622//4620 4526//4524
f 4526//4524 4622//4620 4623//4621 4527//4525
f 4527//4525 4623//4621 4624//4622 4528//4526
f 4528//4526 4624//4622 4625//4623 4529//4527
f 4529//4527 4625//4623 4626//4624 4530//4528
f 4530//4528 4626//4624 4627//4625 4531//4529
f 4531//4529 4627//4625 4628//4626 4532//4530
f 4532//4530 4628//4626 4629//4627 4533//4531
f 4533//4531 4629//4627 4630//4628 4534//4532
f 4534//4532 4630//4628 4631//4629 4535//4533
f 4535//4533 4631//4629 4632//4630 4536//4534
f 4536//4534 4632//4630 4633//4631 4537//4535
f 4537//4535 4633//4631 4634//4632 4538//4536
f 4538//4536 4634//4632 4635//4633 4539//4537
f 4539//4537 4635//4633 4636//4634 4540//4538
f 4540//4538 4636//4634 4637//4635 4541//4539
f 4541//4539 4637//4635 4638//4636 4542//4540
f 4542//4540 4638//4636 4639//4637 4543//4541
f 4543//4541 4639//4637 4640//4638 4544//4542
f 4544//4542 4640//4638 4641//4639 4545//4543
f 4545//4543 4641//4639 4642//4640 4546//4544
f 4546//4544 4642//4640 4643//4641 4547//4545
f 4547//4545 4643//4641 4644//4642 4548//4546
f 4548//4546 4644//4642 4645//4643 4549//4547
f 4549//4547 4645//4643 4646//4644 4550//4548
f 4550//4548 4646//4644 4647//4645 4551//4549
f 4551//4549 4647//4645 4648//4646 4552//4550
f 4552//4550 4648//4646 4649//4647 4553//4551
f 4553//4551 4649//4647 4650//4648 4554//4552
f 4554//4552 4650//4648 4651//4649 4555//4553
f 4555//4553 4651//4649 4652//4650 4556//4554
f 4556//4554 4652//4650 4653//4651 4557//4555
f 4557//4555 4653//4651 4654//4652 4558//4556
f 4558//4556 4654//4652 4655//4653 4559//4557
f 4559//4557 4655//4653 4656//4654 4560//4558
f 4560//4558 4656//4654 4657//4655 4561//4559
f 4561//4559 4657//4655 4658//4656 4562//4560
f 4562//4560 4658//4656 4659//4657 4563//4561
f 4563//4561 4659//4657 4660//4658 4564//4562
f 4564//4562 4660//4658 4661//4659 4565//4563
f 4565//4563 4661//4659 4662//4660 4566//4564
f 4566//4564 4662//4660 4663//4661 4567//4565
f 4567//4565 4663//4661 4664//4662 4568//4566
f 4568//4566 4664//4662 4569//4567 4473//4471
f 4569//4567 4665//4663 4666//4664 4570//4568
f 4570//4568 4666//4664 4667//4665 4571//4569
f 4571//4569 4667//4665 4668//4666 4572//4570
f 4572//4570 4668//4666 4669//4667 4573//4571
f 4573//4571 4669//4667 4670//4668 4574//4572
f 4574//4572 4670//4668 4671//4669 4575//4573
f 4575//4573 4671//4669 4672//4670 4576//4574
f 4576//4574 4672//4670 4673//4671 4577//4575
f 4577//4575 4673//4671 4674//4672 4578//4576
f 4578//4576 4674//4672 4675//4673 4579//4577
f 4579//4577 4675//4673 4676//4674 4580//4578
f 4580//4578 4676//4674 4677//4675 4581//4579
f 4581//4579 4677//4675 4678//4676 4582//4580
f 4582//4580 4678//4676 4679//4677 4583//4581
f 4583//4581 4679//4677 4680//4678 4584//4582
f 4584//4582 4680//4678 4681//4679 4585//4583
f 4585//4583 4681//4679 4682//4680 4586//4584
f 4586//4584 4682//4680 4683//4681 4587//4585
f 4587//4585 4683//4681 4684//4682 4588//4586
f 4588//4586 4684//4682 4685//4683 4589//4587
f 4589//4587 4685//4683 4686//4684 4590//4588
f 4590//4588 4686//4684 4687//4685 4591//4589
f 4591//4589 4687//4685 4688//4686 4592//4590
f 4592//4590 4688//4686 4689//4687 4593//4591
f 4593//4591 4689//4687 4690//4688 4594//4592
f 4594//4592 4690//4688 4691//4689 4595//4593
f 4595//4593 4691//4689 4692//4690 4596//4594
f 4596//4594 4692//4690 4693//4691 4597//4595
f 4597//4595 4693//4691 4694//4692 4598//4596
f 4598//4596 4694//4692 4695//4693 4599//4597
f 4599//4597 4695//4693 4696//4694 4600//4598
f 4600//4598 4696//4694 4697//4695 4601//4599
f 4601//4599 4697//4695 4698//4696 4602//4600
f 4602//4600 4698//4696 4699//4697 4603//4601
f 4603//4601 4699//4697 4700//4698 4604//4602
f 4604//4602 4700//4698 4701//4699 4605//4603
f 4605//4603 4701//4699 4702//4700 4606//4604
f 4606//4604 4702//4700 4703//4701 4607//4605
f 4607//4605 4703//4701 4704//4702 4608//4606
f 4608//4606 4704//4702 4705//4703 4609//4607
f 4609//4607 4705//4703 4706//4704 4610//4608
f 4610//4608 4706//4704 4707//4705 4611//4609
f 4611//4609 4707//4705 4708//4706 4612//4610
f 4612//4610 4708//4706 4709//4707 4613//4611
f 4613//4611 4709//4707 4710//4708 4614//4612
f 4614//4612 4710//4708 4711//4709 4615//4613
f 4615//4613 4711//4709 4712//4710 4616//4614
f 4616//4614 4712//4710 4713//4711 4617//4615
f 4617//4615 4713//4711 4714//4712 4618//4616
f 4618//4616 4714//4712 4715//4713 4619//4617
f 4619//4617 4715//4713 4716//4714 4620//4618
f 4620//4618 4716//4714 4717//4715 4621//4619
f 4621//4619 4717//4715 4718//4716 4622//4620
f 4622//4620 4718//4716 4719//4717 4623//4621
f 4623//4621 4719//4717 4720//4718 4624//4622
f 4624//4622 4720//4718 4721//4719 4625//4623
f 4625//4623 4721//4719 4722//4720 4626//4624
f 4626//4624 4722//4720 4723//4721 4627//4625
f 4627//4625 4723//4721 4724//4722 4628//4626
f 4628//4626 4724//4722 4725//4723 4629//4627
f 4629//4627 4725//4723 4726//4724 4630//4628
f 4630//4628 4726//4724 4727//4725 4631//4629
f 4631//4629 4727//4725 4728//4726 4632//4630
f 4632//4630 4728//4726 4729//4727 4633//4631
f 4633//4631 4729//4727 4730//4728 4634//4632
f 4634//4632 4730//4728 4731//4729 4635//4633
f 4635//4633 4731//4729 4732//4730 4636//4634
f 4636//4634 4732//4730 4733//4731 4637//4635
f 4637//4635 4733//4731 4734//4732 4638//4636
f 4638//4636 4734//4732 4735//4733 4639//4637
f 4639//4637 4735//4733 4736//4734 4640//4638
f 4640//4638 4736//4734 4737//4735 4641//4639
f 4641//4639 4737//4735 4738//4736 4642//4640
f 4642//4640 4738//4736 4739//4737 4643//4641
f 4643//4641 4739//4737 4740//4738 4644//4642
f 4644//4642 4740//4738 4741//4739 4645//4643
f 4645//4643 4741//4739 4742//4740 4646//4644
f 4646//4644 4742//4740 4743//4741 4647//4645
f 4647//4645 4743//4741 4744//4742 4648//4646
f 4648//4646 4744//4742 4745//4743 4649//4647
f 4649//4647 4745//4743 4746//4744 4650//4648
f 4650//4648 4746//4744 4747//4745 4651//4649
f 4651//4649 4747//4745 4748//4746 4652//4650
f 4652//4650 4748//4746 4749//4747 4653//4651
f 4653//4651 4749//4747 4750//4748 4654//4652
f 4654//4652 4750//4748 4751//4749 4655//4653
f 4655//4653 4751//4749 4752//4750 4656//4654
f 4656//4654 4752//4750 4753//4751 4657//4655
f 4657//4655 4753//4751 4754//4752 4658//4656
f 4658//4656 4754//4752 4755//4753 4659//4657
f 4659//4657 4755//4753 4756//4754 4660//4658
f 4660//4658 4756//4754 4757//4755 4661//4659
f 4661//4659 4757//4755 4758//4756 4662//4660
f 4662//4660 4758//4756 4759//4757 4663//4661
f 4663//4661 4759//4757 4760//4758 4664//4662
f 4664//4662 4760//4758 4665//4663 4569//4567
f 4665//4663 4761//4759 4762//4760 4666//4664
f 4666//4664 4762//4760 4763//4761 4667//4665
f 4667//4665 4763//4761 4764//4762 4668//4666
f 4668//4666 4764//4762 4765//4763 4669//4667
f 4669//4667 4765//4763 4766//4764 4670//4668
f 4670//4668 4766//4764 4767//4765 4671//4669
f 4671//4669 4767//4765 4768//4766 4672//4670
f 4672//4670 4768//4766 4769//4767 4673//4671
f 4673//4671 4769//4767 4770//4768 4674//4672
f 4674//4672 4770//4768 4771//4769 4675//4673
f 4675//4673 4771//4769 4772//4770 4676//4674
f 4676//4674 4772//4770 4773//4771 4677//4675
f 4677//4675 4773//4771 4774//4772 4678//4676
f 4678//4676 4774//4772 4775//4773 4679//4677
f 4679//4677 4775//4773 4776//4774 4680//4678
f 4680//4678 4776//4774 4777//4775 4681//4679
f 4681//4679 4777//4775 4778//4776 4682//4680
f 4682//4680 4778//4776 4779//4777 4683//4681
f 4683//4681 4779//4777 4780//4778 4684//4682
f 4684//4682 4780//4778 4781//4779 4685//4683
f 4685//4683 4781//4779 4782//4780 4686//4684
f 4686//4684 4782//4780 4783//4781 4687//4685
f 4687//4685 4783//4781 4784//4782 4688//4686
f 4688//4686 4784//4782 4785//4783 4689//4687
f 4689//4687 4785//4783 4786//4784 4690//4688
f 4690//4688 4786//4784 4787//4785 4691//4689
f 4691//4689 4787//4785 4788//4786 4692//4690
f 4692//4690 4788//4786 4789//4787 4693//4691
f 4693//4691 4789//4787 4790//4788 4694//4692
f 4694//4692 4790//4788 4791//4789 4695//4693
f 4695//4693 4791//4789 4792//4790 4696//4694
f 4696//4694 4792//4790 4793//4791 4697//4695
f 4697//4695 4793//4791 4794//4792 4698//4696
f 4698//4696 4794//4792 4795//4793 4699//4697
f 4699//4697 4795//4793 4796//4794 4700//4698
f 4700//4698 4796//4794 4797//4795 4701//4699
f 4701//4699 4797//4795 4798//4796 4702//4700
f 4702//4700 4798//4796 4799//4797 4703//4701
f 4703//4701 4799//4797 4800//4798 4704//4702
f 4704//4702 4800//4798 4801//4799 4705//4703
f 4705//4703 4801//4799 4802//4800 4706//4704
f 4706//4704 4802//4800 4803//4801 4707//4705
f 4707//4705 4803//4801 4804//4802 4708//4706
f 4708//4706 4804//4802 4805//4803 4709//4707
f 4709//4707 4805//4803 4806//4804 4710//4708
f 4710//4708 4806//4804 4807//4805 4711//4709
f 4711//4709 4807//4805 4808//4806 4712//4710
f 4712//4710 4808//4806 4809//4807 4713//4711
f 4713//4711 4809//4807 4810//4808 4714//4712
f 4714//4712 4810//4808 4811//4809 4715//4713
f 4715//4713 4811//4809 4812//4810 4716//4714
f 4716//4714 4812//4810 4813//4811 4717//4715
f 4717//4715 4813//4811 4814//4812 4718//4716
f 4718//4716 4814//4812 4815//4813 4719//4717
f 4719//4717 4815//4813 4816//4814 4720//4718
f 4720//4718 4816//4814 4817//4815 4721//4719
f 4721//4719 4817//4815 4818//4816 4722//4720
f 4722//4720 4818//4816 4819//4817 4723//4721
f 4723//4721 4819//4817 4820//4818 4724//4722
f 4724//4722 4820//4818 4821//4819 4725//4723
f 4725//4723 4821//4819 4822//4820 4726//4724
f 4726//4724 4822//4820 4823//4821 4727//4725
f 4727//4725 4823//4821 4824//4822 4728//4726
f 4728//4726 4824//4822 4825//4823 4729//4727
f 4729//4727 4825//4823 4826//4824 4730//4728
f 4730//4728 4826//4824 4827//4825 4731//4729
f 4731//4729 4827//4825 4828//4826 4732//4730
f 4732//4730 4828//4826 4829//4827 4733//4731
f 4733//4731 4829//4827 4830//4828 4734//4732
f 4734//4732 4830//4828 4831//4829 4735//4733
f 4735//4733 4831//4829 4832//4830 4736//4734
f 4736//4734 4832//4830 4833//4831 4737//4735
f 4737//4735 4833//4831 4834//4832 4738//4736
f 4738//4736 4834//4832 4835//4833 4739//4737
f 4739//4737 4835//4833 4836//4834 4740//4738
f 4740//4738 4836//4834 4837//4835 4741//4739
f 4741//4739 4837//4835 4838//4836 4742//4740
f 4742//4740 4838//4836 4839//4837 4743//4741
f 4743//4741 4839//4837 4840//4838 4744//4742
f 4744//4742 4840//4838 4841//4839 4745//4743
f 4745//4743 4841//4839 4842//4840 4746//4744
f 4746//4744 4842//4840 4843//4841 4747//4745
f 4747//4745 4843//4841 4844//4842 4748//4746
f 4748//4746 4844//4842 4845//4843 4749//4747
f 4749//4747 4845//4843 4846//4844 4750//4748
f 4750//4748 4846//4844 4847//4845 4751//4749
f 4751//4749 4847//4845 4848//4846 4752//4750
f 4752//4750 4848//4846 4849//4847 4753//4751
f 4753//4751 4849//4847 4850//4848 4754//4752
f 4754//4752 4850//4848 4851//4849 4755//4753
f 4755//4753 4851//4849 4852//4850 4756//4754
f 4756//4754 4852//4850 4853//4851 4757//4755
f 4757//4755 4853//4851 4854//4852 4758//4756
f 4758//4756 4854//4852 4855//4853 4759//4757
f 4759//4757 4855//4853 4856//4854 4760//4758
f 4760//4758 4856//4854 4761//4759 4665//4663
f 4761//4759 4857//4855 4858//4856 4762//4760
f 4762//4760 4858//4856 4859//4857 4763//4761
f 4763//4761 4859//4857 4860//4858 4764//4762
f 4764//4762 4860//4858 4861//4859 4765//4763
f 4765//4763 4861//4859 4862//4860 4766//4764
f 4766//4764 4862//4860 4863//4861 4767//4765
f 4767//4765 4863//4861 4864//4862 4768//4766
f 4768//4766 4864//4862 4865//4863 4769//4767
f 4769//4767 4865//4863 4866//4864 4770//4768
f 4770//4768 4866//4864 4867//4865 4771//4769
f 4771//4769 4867//4865 4868//4866 4772//4770
f 4772//4770 4868//4866 4869//4867 4773//4771
f 4773//4771 4869//4867 4870//4868 4774//4772
f 4774//4772 4870//4868 4871//4869 4775//4773
f 4775//4773 4871//4869 4872//4870 4776//4774
f 4776//4774 4872//4870 4873//4871 4777//4775
f 4777//4775 4873//4871 4874//4872 4778//4776
f 4778//4776 4874//4872 4875//4873 4779//4777
f 4779//4777 4875//4873 4876//4874 4780//4778
f 4780//4778 4876//4874 4877//4875 4781//4779
f 4781//4779 4877//4875 4878//4876 4782//4780
f 4782//4780 4878//4876 4879//4877 4783//4781
f 4783//4781 4879//4877 4880//4878 4784//4782
f 4784//4782 4880//4878 4881//4879 4785//4783
f 4785//4783 4881//4879 4882//4880 4786//4784
f 4786//4784 4882//4880 4883//4881 4787//4785
f 4787//4785 4883//4881 4884//4882 4788//4786
f 4788//4786 4884//4882 4885//4883 4789//4787
f 4789//4787 4885//4883 4886//4884 4790//4788
f 4790//4788 4886//4884 4887//4885 4791//4789
f 4791//4789 4887//4885 4888//4886 4792//4790
f 4792//4790 4888//4886 4889//4887 4793//4791
f 4793//4791 4889//4887 4890//4888 4794//4792
f 4794//4792 4890//4888 4891//4889 4795//4793
f 4795//4793 4891//4889 4892//4890 4796//4794
f 4796//4794 4892//4890 4893//4891 4797//4795
f 4797//4795 4893//4891 4894//4892 4798//4796
f 4798//4796 4894//4892 4895//4893 4799//4797
f 4799//4797 4895//4893 4896//4894 4800//4798
f 4800//4798 4896//4894 4897//4895 4801//4799
f 4801//4799 4897//4895 4898//4896 4802//4800
f 4802//4800 4898//4896 4899//4897 4803//4801
f 4803//4801 4899//4897 4900//4898 4804//4802
f 4804//4802 4900//4898 4901//4899 4805//4803
f 4805//4803 4901//4899 4902//4900 4806//4804
f 4806//4804 4902//4900 4903//4901 4807//4805
f 4807//4805 4903//4901 4904//4902 4808//4806
f 4808//4806 4904//4902 4905//4903 4809//4807
f 4809//4807 4905//4903 4906//4904 4810//4808
f 4810//4808 4906//4904 4907//4905 4811//4809
f 4811//4809 4907//4905 4908//4906 4812//4810
f 4812//4810 4908//4906 4909//4907 4813//4811
f 4813//4811 4909//4907 4910//4908 4814//4812
f 4814//4812 4910//4908 4911//4909 4815//4813
f 4815//4813 4911//4909 4912//4910 4816//4814
f 4816//4814 4912//4910 4913//4911 4817//4815
f 4817//4815 4913//4911 4914//4912 4818//4816
f 4818//4816 4914//4912 4915//4913 4819//4817
f 4819//4817 4915//4913 4916//4914 4820//4818
f 4820//4818 4916//4914 4917//4915 4821//4819
f 4821//4819 4917//4915 4918//4916 4822//4820
f 4822//4820 4918//4916 4919//4917 4823//4821
f 4823//4821 4919//4917 4920//4918 4824//4822
f 4824//4822 4920//4918 4921//4919 4825//4823
f 4825//4823 4921//4919 4922//4920 4826//4824
f 4826//4824 4922//4920 4923//4921 4827//4825
f 4827//4825 4923//4921 4924//4922 4828//4826
f 4828//4826 4924//4922 4925//4923 4829//4827
f 4829//4827 4925//4923 4926//4924 4830//4828
f 4830//4828 4926//4924 4927//4925 4831//4829
f 4831//4829 4927//4925 4928//4926 4832//4830
f 4832//4830 4928//4926 4929//4927 4833//4831
f 4833//4831 4929//4927 4930//4928 4834//4832
f 4834//4832 4930//4928 4931//4929 4835//4833
f 4835//4833 4931//4929 4932//4930 4836//4834
f 4836//4834 4932//4930 4933//4931 4837//4835
f 4837//4835 4933//4931 4934//4932 4838//4836
f 4838//4836 4934//4932 4935//4933 4839//4837
f 4839//4837 4935//4933 4936//4934 4840//4838
f 4840//4838 4936//4934 4937//4935 4841//4839
f 4841//4839 4937//4935 4938//4936 4842//4840
f 4842//4840 4938//4936 4939//4937 4843//4841
f 4843//4841 4939//4937 4940//4938 4844//4842
f 4844//4842 4940//4938 4941//4939 4845//4843
f 4845//4843 4941//4939 4942//4940 4846//4844
f 4846//4844 4942//4940 4943//4941 4847//4845
f 4847//4845 4943//4941 4944//4942 4848//4846
f 4848//4846 4944//4942 4945//4943 4849//4847
f 4849//4847 4945//4943 4946//4944 4850//4848
f 4850//4848 4946//4944 4947//4945 4851//4849
f 4851//4849 4947//4945 4948//4946 4852//4850
f 4852//4850 4948//4946 4949//4947 4853//4851
f 4853//4851 4949//4947 4950//4948 4854//4852
f 4854//4852 4950//4948 4951//4949 4855//4853
f 4855//4853 4951//4949 4952//4950 4856//4854
f 4856//4854 4952//4950 4857//4855 4761//4759
f 4857//4855 4953//4951 4954//4952 4858//4856
f 4858//4856 4954//4952 4955//4953 4859//4857
f 4859//4857 4955//4953 4956//4954 4860//4858
f 4860//4858 4956//4954 4957//4955 4861//4859
f 4861//4859 4957//4955 4958//4956 4862//4860
f 4862//4860 4958//4956 4959//4957 4863//4861
f 4863//4861 4959//4957 4960//4958 4864//4862
f 4864//4862 4960//4958 4961//4959 4865//4863
f 4865//4863 4961//4959 4962//4960 4866//4864
f 4866//4864 4962//4960 4963//4961 4867//4865
f 4867//4865 4963//4961 4964//4962 4868//4866
f 4868//4866 4964//4962 4965//4963 4869//4867
f 4869//4867 4965//4963 4966//4964 4870//4868
f 4870//4868 4966//4964 4967//4965 4871//4869
f 4871//4869 4967//4965 4968//4966 4872//4870
f 4872//4870 4968//4966 4969//4967 4873//4871
f 4873//4871 4969//4967 4970//4968 4874//4872
f 4874//4872 4970//4968 4971//4969 4875//4873
f 4875//4873 4971//4969 4972//4970 4876//4874
f 4876//4874 4972//4970 4973//4971 4877//4875
f 4877//4875 4973//4971 4974//4972 4878//4876
f 4878//4876 4974//4972 4975//4973 4879//4877
f 4879//4877 4975//4973 4976//4974 4880//4878
f 4880//4878 4976//4974 4977//4975 4881//4879
f 4881//4879 4977//4975 4978//4976 4882//4880
f 4882//4880 4978//4976 4979//4977 4883//4881
f 4883//4881 4979//4977 4980//4978 4884//4882
f 4884//4882 4980//4978 4981//4979 4885//4883
f 4885//4883 4981//4979 4982//4980 4886//4884
f 4886//4884 4982//4980 4983//4981 4887//4885
f 4887//4885 4983//4981 4984//4982 4888//4886
f 4888//4886 4984//4982 4985//4983 4889//4887
f 4889//4887 4985//4983 4986//4984 4890//4888
f 4890//4888 4986//4984 4987//4985 4891//4889
f 4891//4889 4987//4985 4988//4986 4892//4890
f 4892//4890 4988//4986 4989//4987 4893//4891
f 4893//4891 4989//4987 4990//4988 4894//4892
f 4894//4892 4990//4988 4991//4989 4895//4893
f 4895//4893 4991//4989 4992//4990 4896//4894
f 4896//4894 4992//4990 4993//4991 4897//4895
f 4897//4895 4993//4991 4994//4992 4898//4896
f 4898//4896 4994//4992 4995//4993 4899//4897
f 4899//4897 4995//4993 4996//4994 4900//4898
f 4900//4898 4996//4994 4997//4995 4901//4899
f 4901//4899 4997//4995 4998//4996 4902//4900
f 4902//4900 4998//4996 4999//4997 4903//4901
f 4903//4901 4999//4997 5000//4998 4904//4902
f 4904//4902 5000//4998 5001//4999 4905//4903
f 4905//4903 5001//4999 5002//5000 4906//4904
f 4906//4904 5002//5000 5003//5001 4907//4905
f 4907//4905 5003//5001 5004//5002 4908//4906
f 4908//4906 5004//5002 5005//5003 4909//4907
f 4909//4907 5005//5003 5006//5004 4910//4908
f 4910//4908 5006//5004 5007//5005 4911//4909
f 4911//4909 5007//5005 5008//5006 4912//4910
f 4912//4910 5008//5006 5009//5007 4913//4911
f 4913//4911 5009//5007 5010//5008 4914//4912
f 4914//4912 5010//5008 5011//5009 4915//4913
f 4915//4913 5011//5009 5012//5010 4916//4914
f 4916//4914 5012//5010 5013//5011 4917//4915
f 4917//4915 5013//5011 5014//5012 4918//4916
f 4918//4916 5014//5012 5015//5013 4919//4917
f 4919//4917 5015//5013 5016//5014 4920//4918
f 4920//4918 5016//5014 5017//5015 4921//4919
f 4921//4919 5017//5015 5018//5016 4922//4920
f 4922//4920 5018//5016 5019//5017 4923//4921
f 4923//4921 5019//5017 5020//5018 4924//4922
f 4924//4922 5020//5018 5021//5019 4925//4923
f 4925//4923 5021//5019 5022//5020 4926//4924
f 4926//4924 5022//5020 5023//5021 4927//4925
f 4927//4925 5023//5021 5024//5022 4928//4926
f 4928//4926 5024//5022 5025//5023 4929//4927
f 4929//4927 5025//5023 5026//5024 4930//4928
f 4930//4928 5026//5024 5027//5025 4931//4929
f 4931//4929 5027//5025 5028//5026 4932//4930
f 4932//4930 5028//5026 5029//5027 4933//4931
f 4933//4931 5029//5027 5030//5028 4934//4932
f 4934//4932 5030//5028 5031//5029 4935//4933
f 4935//4933 5031//5029 5032//5030 4936//4934
f 4936//4934 5032//5030 5033//5031 4937//4935
f 4937//4935 5033//5031 5034//5032 4938//4936
f 4938//4936 5034//5032 5035//5033 4939//4937
f 4939//4937 5035//5033 5036//5034 4940//4938
f 4940//4938 5036//5034 5037//5035 4941//4939
f 4941//4939 5037//5035 5038//5036 4942//4940
f 4942//4940 5038//5036 5039//5037 4943//4941
f 4943//4941 5039//5037 5040//5038 4944//4942
f 4944//4942 5040//5038 5041//5039 4945//4943
f 4945//4943 5041//5039 5042//5040 4946//4944
f 4946//4944 5042//5040 5043//5041 4947//4945
f 4947//4945 5043//5041 5044//5042 4948//4946
f 4948//4946 5044//5042 5045//5043 4949//4947
f 4949//4947 5045//5043 5046//5044 4950//4948
f 4950//4948 5046//5044 5047//5045 4951//4949
f 4951//4949 5047//5045 5048//5046 4952//4950
f 4952//4950 5048//5046 4953//4951 4857//4855
f 4953//4951 5049//5047 5050//5048 4954//4952
f 4954//4952 5050//5048 5051//5049 4955//4953
f 4955//4953 5051//5049 5052//5050 4956//4954
f 4956//4954 5052//5050 5053//5051 4957//4955
f 4957//4955 5053//5051 5054//5052 4958//4956
f 4958//4956 5054//5052 5055//5053 4959//4957
f 4959//4957 5055//5053 5056//5054 4960//4958
f 4960//4958 5056//5054 5057//5055 4961//4959
f 4961//4959 5057//5055 5058//5056 4962//4960
f 4962//4960 5058//5056 5059//5057 4963//4961
f 4963//4961 5059//5057 5060//5058 4964//4962
f 4964//4962 5060//5058 5061//5059 4965//4963
f 4965//4963 5061//5059 5062//5060 4966//4964
f 4966//4964 5062//5060 5063//5061 4967//4965
f 4967//4965 5063//5061 5064//5062 4968//4966
f 4968//4966 5064//5062 5065//5063 4969//4967
f 4969//4967 5065//5063 5066//5064 4970//4968
f 4970//4968 5066//5064 5067//5065 4971//4969
f 4971//4969 5067//5065 5068//5066 4972//4970
f 4972//4970 5068//5066 5069//5067 4973//4971
f 4973//4971 5069//5067 5070//5068 4974//4972
f 4974//4972 5070//5068 5071//5069 4975//4973
f 4975//4973 5071//5069 5072//5070 4976//4974
f 4976//4974 5072//5070 5073//5071 4977//4975
f 4977//4975 5073//5071 5074//5072 4978//4976
f 4978//4976 5074//5072 5075//5073 4979//4977
f 4979//4977 5075//5073 5076//5074 4980//4978
f 4980//4978 5076//5074 5077//5075 4981//4979
f 4981//4979 5077//5075 5078//5076 4982//4980
f 4982//4980 5078//5076 5079//5077 4983//4981
f 4983//4981 5079//5077 5080//5078 4984//4982
f 4984//4982 5080//5078 5081//5079 4985//4983
f 4985//4983 5081//5079 5082//5080 4986//4984
f 4986//4984 5082//5080 5083//5081 4987//4985
f 4987//4985 5083//5081 5084//5082 4988//4986
f 4988//4986 5084//5082 5085//5083 4989//4987
f 4989//4987 5085//5083 5086//5084 4990//4988
f 4990//4988 5086//5084 5087//5085 4991//4989
f 4991//4989 5087//5085 5088//5086 4992//4990
f 4992//4990 5088//5086 5089//5087 4993//4991
f 4993//4991 5089//5087 5090//5088 4994//4992
f 4994//4992 5090//5088 5091//5089 4995//4993
f 4995//4993 5091//5089 5092//5090 4996//4994
f 4996//4994 5092//5090 5093//5091 4997//4995
f 4997//4995 5093//5091 5094//5092 4998//4996
f 4998//4996 5094//5092 5095//5093 4999//4997
f 4999//4997 5095//5093 5096//5094 5000//4998
f 5000//4998 5096//5094 5097//5095 5001//4999
f 5001//4999 5097//5095 5098//5096 5002//5000
f 5002//5000 5098//5096 5099//5097 5003//5001
f 5003//5001 5099//5097 5100//5098 5004//5002
f 5004//5002 5100//5098 5101//5099 5005//5003
f 5005//5003 5101//5099 5102//5100 5006//5004
f 5006//5004 5102//5100 5103//5101 5007//5005
f 5007//5005 5103//5101 5104//5102 5008//5006
f 5008//5006 5104//5102 5105//5103 5009//5007
f 5009//5007 5105//5103 5106//5104 5010//5008
f 5010//5008 5106//5104 5107//5105 5011//5009
f 5011//5009 5107//5105 5108//5106 5012//5010
f 5012//5010 5108//5106 5109//5107 5013//5011
f 5013//5011 5109//5107 5110//5108 5014//5012
f 5014//5012 5110//5108 5111//5109 5015//5013
f 5015//5013 5111//5109 5112//5110 5016//5014
f 5016//5014 5112//5110 5113//5111 5017//5015
f 5017//5015 5113//5111 5114//5112 5018//5016
f 5018//5016 5114//5112 5115//5113 5019//5017
f 5019//5017 5115//5113 5116//5114 5020//5018
f 5020//5018 5116//5114 5117//5115 5021//5019
f 5021//5019 5117//5115 5118//5116 5022//5020
f 5022//5020 5118//5116 5119//5117 5023//5021
f 5023//5021 5119//5117 5120//5118 5024//5022
f 5024//5022 5120//5118 5121//5119 5025//5023
f 5025//5023 5121//5119 5122//5120 5026//5024
f 5026//5024 5122//5120 5123//5121 5027//5025
f 5027//5025 5123//5121 5124//5122 5028//5026
f 5028//5026 5124//5122 5125//5123 5029//5027
f 5029//5027 5125//5123 5126//5124 5030//5028
f 5030//5028 5126//5124 5127//5125 5031//5029
f 5031//5029 5127//5125 5128//5126 5032//5030
f 5032//5030 5128//5126 5129//5127 5033//5031
f 5033//5031 5129//5127 5130//5128 5034//5032
f 5034//5032 5130//5128 5131//5129 5035//5033
f 5035//5033 5131//5129 5132//5130 5036//5034
f 5036//5034 5132//5130 5133//5131 5037//5035
f 5037//5035 5133//5131 5134//5132 5038//5036
f 5038//5036 5134//5132 5135//5133 5039//5037
f 5039//5037 5135//5133 5136//5134 5040//5038
f 5040//5038 5136//5134 5137//5135 5041//5039
f 5041//5039 5137//5135 5138//5136 5042//5040
f 5042//5040 5138//5136 5139//5137 5043//5041
f 5043//5041 5139//5137 5140//5138 5044//5042
f 5044//5042 5140//5138 5141//5139 5045//5043
f 5045//5043 5141//5139 5142//5140 5046//5044
f 5046//5044 5142//5140 5143//5141 5047//5045
f 5047//5045 5143//5141 5144//5142 5048//5046
f 5048//5046 5144//5142 5049//5047 4953//4951
f 5049//5047 5145//5143 5146//5144 5050//5048
f 5050//5048 5146//5144 5147//5145 5051//5049
f 5051//5049 5147//5145 5148//5146 5052//5050
f 5052//5050 5148//5146 5149//5147 5053//5051
f 5053//5051 5149//5147 5150//5148 5054//5052
f 5054//5052 5150//5148 5151//5149 5055//5053
f 5055//5053 5151//5149 5152//5150 5056//5054
f 5056//5054 5152//5150 5153//5151 5057//5055
f 5057//5055 5153//5151 5154//5152 5058//5056
f 5058//5056 5154//5152 5155//5153 5059//5057
f 5059//5057 5155//5153 5156//5154 5060//5058
f 5060//5058 5156//5154 5157//5155 5061//5059
f 5061//5059 5157//5155 5158//5156 5062//5060
f 5062//5060 5158//5156 5159//5157 5063//5061
f 5063//5061 5159//5157 5160//5158 5064//5062
f 5064//5062 5160//5158 5161//5159 5065//5063
f 5065//5063 5161//5159 5162//5160 5066//5064
f 5066//5064 5162//5160 5163//5161 5067//5065
f 5067//5065 5163//5161 5164//5162 5068//5066
f 5068//5066 5164//5162 5165//5163 5069//5067
f 5069//5067 5165//5163 5166//5164 5070//5068
f 5070//5068 5166//5164 5167//5165 5071//5069
f 5071//5069 5167//5165 5168//5166 5072//5070
f 5072//5070 5168//5166 5169//5167 5073//5071
f 5073//5071 5169//5167 5170//5168 5074//5072
f 5074//5072 5170//5168 5171//5169 5075//5073
f 5075//5073 5171//5169 5172//5170 5076//5074
f 5076//5074 5172//5170 5173//5171 5077//5075
f 5077//5075 5173//5171 5174//5172 5078//5076
f 5078//5076 5174//5172 5175//5173 5079//5077
f 5079//5077 5175//5173 5176//5174 5080//5078
f 5080//5078 5176//5174 5177//5175 5081//5079
f 5081//5079 5177//5175 5178//5176 5082//5080
f 5082//5080 5178//5176 5179//5177 5083//5081
f 5083//5081 5179//5177 5180//5178 5084//5082
f 5084//5082 5180//5178 5181//5179 5085//5083
f 5085//5083 5181//5179 5182//5180 5086//5084
f 5086//5084 5182//5180 5183//5181 5087//5085
f 5087//5085 5183//5181 5184//5182 5088//5086
f 5088//5086 5184//5182 5185//5183 5089//5087
f 5089//5087 5185//5183 5186//5184 5090//5088
f 5090//5088 5186//5184 5187//5185 5091//5089
f 5091//5089 5187//5185 5188//5186 5092//5090
f 5092//5090 5188//5186 5189//5187 5093//5091
f 5093//5091 5189//5187 5190//5188 5094//5092
f 5094//5092 5190//5188 5191//5189 5095//5093
f 5095//5093 5191//5189 5192//5190 5096//5094
f 5096//5094 5192//5190 5193//5191 5097//5095
f 5097//5095 5193//5191 5194//5192 5098//5096
f 5098//5096 5194//5192 5195//5193 5099//5097
f 5099//5097 5195//5193 5196//5194 5100//5098
f 5100//5098 5196//5194 5197//5195 5101//5099
f 5101//5099 5197//5195 5198//5196 5102//5100
f 5102//5100 5198//5196 5199//5197 5103//5101
f 5103//5101 5199//5197 5200//5198 5104//5102
f 5104//5102 5200//5198 5201//5199 5105//5103
f 5105//5103 5201//5199 5202//5200 5106//5104
f 5106//5104 5202//5200 5203//5201 5107//5105
f 5107//5105 5203//5201 5204//5202 5108//5106
f 5108//5106 5204//5202 5205//5203 5109//5107
f 5109//5107 5205//5203 5206//5204 5110//5108
f 5110//5108 5206//5204 5207//5205 5111//5109
f 5111//5109 5207//5205 5208//5206 5112//5110
f 5112//5110 5208//5206 5209//5207 5113//5111
f 5113//5111 5209//5207 5210//5208 5114//5112
f 5114//5112 5210//5208 5211//5209 5115//5113
f 5115//5113 5211//5209 5212//5210 5116//5114
f 5116//5114 5212//5210 5213//5211 5117//5115
f 5117//5115 5213//5211 5214//5212 5118//5116
f 5118//5116 5214//5212 5215//5213 5119//5117
f 5119//5117 5215//5213 5216//5214 5120//5118
f 5120//5118 5216//5214 5217//5215 5121//5119
f 5121//5119 5217//5215 5218//5216 5122//5120
f 5122//5120 5218//5216 5219//5217 5123//5121
f 5123//5121 5219//5217 5220//5218 5124//5122
f 5124//5122 5220//5218 5221//5219 5125//5123
f 5125//5123 5221//5219 5222//5220 5126//5124
f 5126//5124 5222//5220 5223//5221 5127//5125
f 5127//5125 5223//5221 5224//5222 5128//5126
f 5128//5126 5224//5222 5225//5223 5129//5127
f 5129//5127 5225//5223 5226//5224 5130//5128
f 5130//5128 5226//5224 5227//5225 5131//5129
f 5131//5129 5227//5225 5228//5226 5132//5130
f 5132//5130 5228//5226 5229//5227 5133//5131
f 5133//5131 5229//5227 5230//5228 5134//5132
f 5134//5132 5230//5228 5231//5229 5135//5133
f 5135//5133 5231//5229 5232//5230 5136//5134
f 5136//5134 5232//5230 5233//5231 5137//5135
f 5137//5135 5233//5231 5234//5232 5138//5136
f 5138//5136 5234//5232 5235//5233 5139//5137
f 5139//5137 5235//5233 5236//5234 5140//5138
f 5140//5138 5236//5234 5237//5235 5141//5139
f 5141//5139 5237//5235 5238//5236 5142//5140
f 5142//5140 5238//5236 5239//5237 5143//5141
f 5143//5141 5239//5237 5240//5238 5144//5142
f 5144//5142 5240//5238 5145//5143 5049//5047
f 5145//5143 5241//5239 5242//5240 5146//5144
f 5146//5144 5242//5240 5243//5241 5147//5145
f 5147//5145 5243//5241 5244//5242 5148//5146
f 5148//5146 5244//5242 5245//5243 5149//5147
f 5149//5147 5245//5243 5246//5244 5150//5148
f 5150//5148 5246//5244 5247//5245 5151//5149
f 5151//5149 5247//5245 5248//5246 5152//5150
f 5152//5150 5248//5246 5249//5247 5153//5151
f 5153//5151 5249//5247 5250//5248 5154//5152
f 5154//5152 5250//5248 5251//5249 5155//5153
f 5155//5153 5251//5249 5252//5250 5156//5154
f 5156//5154 5252//5250 5253//5251 5157//5155
f 5157//5155 5253//5251 5254//5252 5158//5156
f 5158//5156 5254//5252 5255//5253 5159//5157
f 5159//5157 5255//5253 5256//5254 5160//5158
f 5160//5158 5256//5254 5257//5255 5161//5159
f 5161//5159 5257//5255 5258//5256 5162//5160
f 5162//5160 5258//5256 5259//5257 5163//5161
f 5163//5161 5259//5257 5260//5258 5164//5162
f 5164//5162 5260//5258 5261//5259 5165//5163
f 5165//5163 5261//5259 5262//5260 5166//5164
f 5166//5164 5262//5260 5263//5261 5167//5165
f 5167//5165 5263//5261 5264//5262 5168//5166
f 5168//5166 5264//5262 5265//5263 5169//5167
f 5169//5167 5265//5263 5266//5264 5170//5168
f 5170//5168 5266//5264 5267//5265 5171//5169
f 5171//5169 5267//5265 5268//5266 5172//5170
f 5172//5170 5268//5266 5269//5267 5173//5171
f 5173//5171 5269//5267 5270//5268 5174//5172
f 5174//5172 5270//5268 5271//5269 5175//5173
f 5175//5173 5271//5269 5272//5270 5176//5174
f 5176//5174 5272//5270 5273//5271 5177//5175
f 5177//5175 5273//5271 5274//5272 5178//5176
f 5178//5176 5274//5272 5275//5273 5179//5177
f 5179//5177 5275//5273 5276//5274 5180//5178
f 5180//5178 5276//5274 5277//5275 5181//5179
f 5181//5179 5277//5275 5278//5276 5182//5180
f 5182//5180 5278//5276 5279//5277 5183//5181
f 5183//5181 5279//5277 5280//5278 5184//5182
f 5184//5182 5280//5278 5281//5279 5185//5183
f 5185//5183 5281//5279 5282//5280 5186//5184
f 5186//5184 5282//5280 5283//5281 5187//5185
f 5187//5185 5283//5281 5284//5282 5188//5186
f 5188//5186 5284//5282 5285//5283 5189//5187
f 5189//5187 5285//5283 5286//5284 5190//5188
f 5190//5188 5286//5284 5287//5285 5191//5189
f 5191//5189 5287//5285 5288//5286 5192//5190
f 5192//5190 5288//5286 5289//5287 5193//5191
f 5193//5191 5289//5287 5290//5288 5194//5192
f 5194//5192 5290//5288 5291//5289 5195//5193
f 5195//5193 5291//5289 5292//5290 5196//5194
f 5196//5194 5292//5290 5293//5291 5197//5195
f 5197//5195 5293//5291 5294//5292 5198//5196
f 5198//5196 5294//5292 5295//5293 5199//5197
f 5199//5197 5295//5293 5296//5294 5200//5198
f 5200//5198 5296//5294 5297//5295 5201//5199
f 5201//5199 5297//5295 5298//5296 5202//5200
f 5202//5200 5298//5296 5299//5297 5203//5201
f 5203//5201 5299//5297 5300//5298 5204//5202
f 5204//5202 5300//5298 5301//5299 5205//5203
f 5205//5203 5301//5299 5302//5300 5206//5204
f 5206//5204 5302//5300 5303//5301 5207//5205
f 5207//5205 5303//5301 5304//5302 5208//5206
f 5208//5206 5304//5302 5305//5303 5209//5207
f 5209//5207 5305//5303 5306//5304 5210//5208
f 5210//5208 5306//5304 5307//5305 5211//5209
f 5211//5209 5307//5305 5308//5306 5212//5210
f 5212//5210 5308//5306 5309//5307 5213//5211
f 5213//5211 5309//5307 5310//5308 5214//5212
f 5214//5212 5310//5308 5311//5309 5215//5213
f 5215//5213 5311//5309 5312//5310 5216//5214
f 5216//5214 5312//5310 5313//5311 5217//5215
f 5217//5215 5313//5311 5314//5312 5218//5216
f 5218//5216 5314//5312 5315//5313 5219//5217
f 5219//5217 5315//5313 5316//5314 5220//5218
f 5220//5218 5316//5314 5317//5315 5221//5219
f 5221//5219 5317//5315 5318//5316 5222//5220
f 5222//5220 5318//5316 5319//5317 5223//5221
f 5223//5221 5319//5317 5320//5318 5224//5222
f 5224//5222 5320//5318 5321//5319 5225//5223
f 5225//5223 5321//5319 5322//5320 5226//5224
f 5226//5224 5322//5320 5323//5321 5227//5225
f 5227//5225 5323//5321 5324//5322 5228//5226
f 5228//5226 5324//5322 5325//5323 5229//5227
f 5229//5227 5325//5323 5326//5324 5230//5228
f 5230//5228 5326//5324 5327//5325 5231//5229
f 5231//5229 5327//5325 5328//5326 5232//5230
f 5232//5230 5328//5326 5329//5327 5233//5231
f 5233//5231 5329//5327 5330//5328 5234//5232
f 5234//5232 5330//5328 5331//5329 5235//5233
f 5235//5233 5331//5329 5332//5330 5236//5234
f 5236//5234 5332//5330 5333//5331 5237//5235
f 5237//5235 5333//5331 5334//5332 5238//5236
f 5238//5236 5334//5332 5335//5333 5239//5237
f 5239//5237 5335//5333 5336//5334 5240//5238
f 5240//5238 5336//5334 5241//5239 5145//5143
f 5241//5239 5337//5335 5338//5336 5242//5240
f 5242//5240 5338//5336 5339//5337 5243//5241
f 5243//5241 5339//5337 5340//5338 5244//5242
f 5244//5242 5340//5338 5341//5339 5245//5243
f 5245//5243 5341//5339 5342//5340 5246//5244
f 5246//5244 5342//5340 5343//5341 5247//5245
f 5247//5245 5343//5341 5344//5342 5248//5246
f 5248//5246 5344//5342 5345//5343 5249//5247
f 5249//5247 5345//5343 5346//5344 5250//5248
f 5250//5248 5346//5344 5347//5345 5251//5249
f 5251//5249 5347//5345 5348//5346 5252//5250
f 5252//5250 5348//5346 5349//5347 5253//5251
f 5253//5251 5349//5347 5350//5348 5254//5252
f 5254//5252 5350//5348 5351//5349 5255//5253
f 5255//5253 5351//5349 5352//5350 5256//5254
f 5256//5254 5352//5350 5353//5351 5257//5255
f 5257//5255 5353//5351 5354//5352 5258//5256
f 5258//5256 5354//5352 5355//5353 5259//5257
f 5259//5257 5355//5353 5356//5354 5260//5258
f 5260//5258 5356//5354 5357//5355 5261//5259
f 5261//5259 5357//5355 5358//5356 5262//5260
f 5262//5260 5358//5356 5359//5357 5263//5261
f 5263//5261 5359//5357 5360//5358 5264//5262
f 5264//5262 5360//5358 5361//5359 5265//5263
f 5265//5263 5361//5359 5362//5360 5266//5264
f 5266//5264 5362//5360 5363//5361 5267//5265
f 5267//5265 5363//5361 5364//5362 5268//5266
f 5268//5266 5364//5362 5365//5363 5269//5267
f 5269//5267 5365//5363 5366//5364 5270//5268
f 5270//5268 5366//5364 5367//5365 5271//5269
f 5271//5269 5367//5365 5368//5366 5272//5270
f 5272//5270 5368//5366 5369//5367 5273//5271
f 5273//5271 5369//5367 5370//5368 5274//5272
f 5274//5272 5370//5368 5371//5369 5275//5273
f 5275//5273 5371//5369 5372//5370 5276//5274
f 5276//5274 5372//5370 5373//5371 5277//5275
f 5277//5275 5373//5371 5374//5372 5278//5276
f 5278//5276 5374//5372 5375//5373 5279//5277
f 5279//5277 5375//5373 5376//5374 5280//5278
f 5280//5278 5376//5374 5377//5375 5281//5279
f 5281//5279 5377//5375 5378//5376 5282//5280
f 5282//5280 5378//5376 5379//5377 5283//5281
f 5283//5281 5379//5377 5380//5378 5284//5282
f 5284//5282 5380//5378 5381//5379 5285//5283
f 5285//5283 5381//5379 5382//5380 5286//5284
f 5286//5284 5382//5380 5383//5381 5287//5285
f 5287//5285 5383//5381 5384//5382 5288//5286
f 5288//5286 5384//5382 5385//5383 5289//5287
f 5289//5287 5385//5383 5386//5384 5290//5288
f 5290//5288 5386//5384 5387//5385 5291//5289
f 5291//5289 5387//5385 5388//5386 5292//5290
f 5292//5290 5388//5386 5389//5387 5293//5291
f 5293//5291 5389//5387 5390//5388 5294//5292
f 5294//5292 5390//5388 5391//5389 5295//5293
f 5295//5293 5391//5389 5392//5390 5296//5294
f 5296//5294 5392//5390 5393//5391 5297//5295
f 5297//5295 5393//5391 5394//5392 5298//5296
f 5298//5296 5394//5392 5395//5393 5299//5297
f 5299//5297 5395//5393 5396//5394 5300//5298
f 5300//5298 5396//5394 5397//5395 5301//5299
f 5301//5299 5397//5395 5398//5396 5302//5300
f 5302//5300 5398//5396 5399//5397 5303//5301
f 5303//5301 5399//5397 5400//5398 5304//5302
f 5304//5302 5400//5398 5401//5399 5305//5303
f 5305//5303 5401//5399 5402//5400 5306//5304
f 5306//5304 5402//5400 5403//5401 5307//5305
f 5307//5305 5403//5401 5404//5402 5308//5306
f 5308//5306 5404//5402 5405//5403 5309//5307
f 5309//5307 5405//5403 5406//5404 5310//5308
f 5310//5308 5406//5404 5407//5405 5311//5309
f 5311//5309 5407//5405 5408//5406 5312//5310
f 5312//5310 5408//5406 5409//5407 5313//5311
f 5313//5311 5409//5407 5410//5408 5314//5312
f 5314//5312 5410//5408 5411//5409 5315//5313
f 5315//5313 5411//5409 5412//5410 5316//5314
f 5316//5314 5412//5410 5413//5411 5317//5315
f 5317//5315 5413//5411 5414//5412 5318//5316
f 5318//5316 5414//5412 5415//5413 5319//5317
f 5319//5317 5415//5413 5416//5414 5320//5318
f 5320//5318 5416//5414 5417//5415 5321//5319
f 5321//5319 5417//5415 5418//5416 5322//5320
f 5322//5320 5418//5416 5419//5417 5323//5321
f 5323//5321 5419//5417 5420//5418 5324//5322
f 5324//5322 5420//5418 5421//5419 5325//5323
f 5325//5323 5421//5419 5422//5420 5326//5324
f 5326//5324 5422//5420 5423//5421 5327//5325
f 5327//5325 5423//5421 5424//5422 5328//5326
f 5328//5326 5424//5422 5425//5423 5329//5327
f 5329//5327 5425//5423 5426//5424 5330//5328
f 5330//5328 5426//5424 5427//5425 5331//5329
f 5331//5329 5427//5425 5428//5426 5332//5330
f 5332//5330 5428//5426 5429//5427 5333//5331
f 5333//5331 5429//5427 5430//5428 5334//5332
f 5334//5332 5430//5428 5431//5429 5335//5333
f 5335//5333 5431//5429 5432//5430 5336//5334
f 5336//5334 5432//5430 5337//5335 5241//5239
f 5337//5335 5433//5431 5434//5432 5338//5336
f 5338//5336 5434//5432 5435//5433 5339//5337
f 5339//5337 5435//5433 5436//5434 5340//5338
f 5340//5338 5436//5434 5437//5435 5341//5339
f 5341//5339 5437//5435 5438//5436 5342//5340
f 5342//5340 5438//5436 5439//5437 5343//5341
f 5343//5341 5439//5437 5440//5438 5344//5342
f 5344//5342 5440//5438 5441//5439 5345//5343
f 5345//5343 5441//5439 5442//5440 5346//5344
f 5346//5344 5442//5440 5443//5441 5347//5345
f 5347//5345 5443//5441 5444//5442 5348//5346
f 5348//5346 5444//5442 5445//5443 5349//5347
f 5349//5347 5445//5443 5446//5444 5350//5348
f 5350//5348 5446//5444 5447//5445 5351//5349
f 5351//5349 5447//5445 5448//5446 5352//5350
f 5352//5350 5448//5446 5449//5447 5353//5351
f 5353//5351 5449//5447 5450//5448 5354//5352
f 5354//5352 5450//5448 5451//5449 5355//5353
f 5355//5353 5451//5449 5452//5450 5356//5354
f 5356//5354 5452//5450 5453//5451 5357//5355
f 5357//5355 5453//5451 5454//5452 5358//5356
f 5358//5356 5454//5452 5455//5453 5359//5357
f 5359//5357 5455//5453 5456//5454 5360//5358
f 5360//5358 5456//5454 5457//5455 5361//5359
f 5361//5359 5457//5455 5458//5456 5362//5360
f 5362//5360 5458//5456 5459//5457 5363//5361
f 5363//5361 5459//5457 5460//5458 5364//5362
f 5364//5362 5460//5458 5461//5459 5365//5363
f 5365//5363 5461//5459 5462//5460 5366//5364
f 5366//5364 5462//5460 5463//5461 5367//5365
f 5367//5365 5463//5461 5464//5462 5368//5366
f 5368//5366 5464//5462 5465//5463 5369//5367
f 5369//5367 5465//5463 5466//5464 5370//5368
f 5370//5368 5466//5464 5467//5465 5371//5369
f 5371//5369 5467//5465 5468//5466 5372//5370
f 5372//5370 5468//5466 5469//5467 5373//5371
f 5373//5371 5469//5467 5470//5468 5374//5372
f 5374//5372 5470//5468 5471//5469 5375//5373
f 5375//5373 5471//5469 5472//5470 5376//5374
f 5376//5374 5472//5470 5473//5471 5377//5375
f 5377//5375 5473//5471 5474//5472 5378//5376
f 5378//5376 5474//5472 5475//5473 5379//5377
f 5379//5377 5475//5473 5476//5474 5380//5378
f 5380//5378 5476//5474 5477//5475 5381//5379
f 5381//5379 5477//5475 5478//5476 5382//5380
f 5382//5380 5478//5476 5479//5477 5383//5381
f 5383//5381 5479//5477 5480//5478 5384//5382
f 5384//5382 5480//5478 5481//5479 5385//5383
f 5385//5383 5481//5479 5482//5480 5386//5384
f 5386//5384 5482//5480 5483//5481 5387//5385
f 5387//5385 5483//5481 5484//5482 5388//5386
f 5388//5386 5484//5482 5485//5483 5389//5387
f 5389//5387 5485//5483 5486//5484 5390//5388
f 5390//5388 5486//5484 5487//5485 5391//5389
f 5391//5389 5487//5485 5488//5486 5392//5390
f 5392//5390 5488//5486 5489//5487 5393//5391
f 5393//5391 5489//5487 5490//5488 5394//5392
f 5394//5392 5490//5488 5491//5489 5395//5393
f 5395//5393 5491//5489 5492//5490 5396//5394
f 5396//5394 5492//5490 5493//5491 5397//5395
f 5397//5395 5493//5491 5494//5492 5398//5396
f 5398//5396 5494//5492 5495//5493 5399//5397
f 5399//5397 5495//5493 5496//5494 5400//5398
f 5400//5398 5496//5494 5497//5495 5401//5399
f 5401//5399 5497//5495 5498//5496 5402//5400
f 5402//5400 5498//5496 5499//5497 5403//5401
f 5403//5401 5499//5497 5500//5498 5404//5402
f 5404//5402 5500//5498 5501//5499 5405//5403
f 5405//5403 5501//5499 5502//5500 5406//5404
f 5406//5404 5502//5500 5503//5501 5407//5405
f 5407//5405 5503//5501 5504//5502 5408//5406
f 5408//5406 5504//5502 5505//5503 5409//5407
f 5409//5407 5505//5503 5506//5504 5410//5408
f 5410//5408 5506//5504 5507//5505 5411//5409
f 5411//5409 5507//5505 5508//5506 5412//5410
f 5412//5410 5508//5506 5509//5507 5413//5411
f 5413//5411 5509//5507 5510//5508 5414//5412
f 5414//5412 5510//5508 5511//5509 5415//5413
f 5415//5413 5511//5509 5512//5510 5416//5414
f 5416//5414 5512//5510 5513//5511 5417//5415
f 5417//5415 5513//5511 5514//5512 5418//5416
f 5418//5416 5514//5512 5515//5513 5419//5417
f 5419//5417 5515//5513 5516//5514 5420//5418
f 5420//5418 5516//5514 5517//5515 5421//5419
f 5421//5419 5517//5515 5518//5516 5422//5420
f 5422//5420 5518//5516 5519//5517 5423//5421
f 5423//5421 5519//5517 5520//5518 5424//5422
f 5424//5422 5520//5518 5521//5519 5425//5423
f 5425//5423 5521//5519 5522//5520 5426//5424
f 5426//5424 5522//5520 5523//5521 5427//5425
f 5427//5425 5523//5521 5524//5522 5428//5426
f 5428//5426 5524//5522 5525//5523 5429//5427
f 5429//5427 5525//5523 5526//5524 5430//5428
f 5430//5428 5526//5524 5527//5525 5431//5429
f 5431//5429 5527//5525 5528//5526 5432//5430
f 5432//5430 5528//5526 5433//5431 5337//5335
f 5433//5431 5529//5527 5530//5528 5434//5432
f 5434//5432 5530//5528 5531//5529 5435//5433
f 5435//5433 5531//5529 5532//5530 5436//5434
f 5436//5434 5532//5530 5533//5531 5437//5435
f 5437//5435 5533//5531 5534//5532 5438//5436
f 5438//5436 5534//5532 5535//5533 5439//5437
f 5439//5437 5535//5533 5536//5534 5440//5438
f 5440//5438 5536//5534 5537//5535 5441//5439
f 5441//5439 5537//5535 5538//5536 5442//5440
f 5442//5440 5538//5536 5539//5537 5443//5441
f 5443//5441 5539//5537 5540//5538 5444//5442
f 5444//5442 5540//5538 5541//5539 5445//5443
f 5445//5443 5541//5539 5542//5540 5446//5444
f 5446//5444 5542//5540 5543//5541 5447//5445
f 5447//5445 5543//5541 5544//5542 5448//5446
f 5448//5446 5544//5542 5545//5543 5449//5447
f 5449//5447 5545//5543 5546//5544 5450//5448
f 5450//5448 5546//5544 5547//5545 5451//5449
f 5451//5449 5547//5545 5548//5546 5452//5450
f 5452//5450 5548//5546 5549//5547 5453//5451
f 5453//5451 5549//5547 5550//5548 5454//5452
f 5454//5452 5550//5548 5551//5549 5455//5453
f 5455//5453 5551//5549 5552//5550 5456//5454
f 5456//5454 5552//5550 5553//5551 5457//5455
f 5457//5455 5553//5551 5554//5552 5458//5456
f 5458//5456 5554//5552 5555//5553 5459//5457
f 5459//5457 5555//5553 5556//5554 5460//5458
f 5460//5458 5556//5554 5557//5555 5461//5459
f 5461//5459 5557//5555 5558//5556 5462//5460
f 5462//5460 5558//5556 5559//5557 5463//5461
f 5463//5461 5559//5557 5560//5558 5464//5462
f 5464//5462 5560//5558 5561//5559 5465//5463
f 5465//5463 5561//5559 5562//5560 5466//5464
f 5466//5464 5562//5560 5563//5561 5467//5465
f 5467//5465 5563//5561 5564//5562 5468//5466
f 5468//5466 5564//5562 5565//5563 5469//5467
f 5469//5467 5565//5563 5566//5564 5470//5468
f 5470//5468 5566//5564 5567//5565 5471//5469
f 5471//5469 5567//5565 5568//5566 5472//5470
f 5472//5470 5568//5566 5569//5567 5473//5471
f 5473//5471 5569//5567 5570//5568 5474//5472
f 5474//5472 5570//5568 5571//5569 5475//5473
f 5475//5473 5571//5569 5572//5570 5476//5474
f 5476//5474 5572//5570 5573//5571 5477//5475
f 5477//5475 5573//5571 5574//5572 5478//5476
f 5478//5476 5574//5572 5575//5573 5479//5477
f 5479//5477 5575//5573 5576//5574 5480//5478
f 5480//5478 5576//5574 5577//5575 5481//5479
f 5481//5479 5577//5575 5578//5576 5482//5480
f 5482//5480 5578//5576 5579//5577 5483//5481
f 5483//5481 5579//5577 5580//5578 5484//5482
f 5484//5482 5580//5578 5581//5579 5485//5483
f 5485//5483 5581//5579 5582//5580 5486//5484
f 5486//5484 5582//5580 5583//5581 5487//5485
f 5487//5485 5583//5581 5584//5582 5488//5486
f 5488//5486 5584//5582 5585//5583 5489//5487
f 5489//5487 5585//5583 5586//5584 5490//5488
f 5490//5488 5586//5584 5587//5585 5491//5489
f 5491//5489 5587//5585 5588//5586 5492//5490
f 5492//5490 5588//5586 5589//5587 5493//5491
f 5493//5491 5589//5587 5590//5588 5494//5492
f 5494//5492 5590//5588 5591//5589 5495//5493
f 5495//5493 5591//5589 5592//5590 5496//5494
f 5496//5494 5592//5590 5593//5591 5497//5495
f 5497//5495 5593//5591 5594//5592 5498//5496
f 5498//5496 5594//5592 5595//5593 5499//5497
f 5499//5497 5595//5593 5596//5594 5500//5498
f 5500//5498 5596//5594 5597//5595 5501//5499
f 5501//5499 5597//5595 5598//5596 5502//5500
f 5502//5500 5598//5596 5599//5597 5503//5501
f 5503//5501 5599//5597 5600//5598 5504//5502
f 5504//5502 5600//5598 5601//5599 5505//5503
f 5505//5503 5601//5599 5602//5600 5506//5504
f 5506//5504 5602//5600 5603//5601 5507//5505
f 5507//5505 5603//5601 5604//5602 5508//5506
f 5508//5506 5604//5602 5605//5603 5509//5507
f 5509//5507 5605//5603 5606//5604 5510//5508
f 5510//5508 5606//5604 5607//5605 5511//5509
f 5511//5509 5607//5605 5608//5606 5512//5510
f 5512//5510 5608//5606 5609//5607 5513//5511
f 5513//5511 5609//5607 5610//5608 5514//5512
f 5514//5512 5610//5608 5611//5609 5515//5513
f 5515//5513 5611//5609 5612//5610 5516//5514
f 5516//5514 5612//5610 5613//5611 5517//5515
f 5517//5515 5613//5611 5614//5612 5518//5516
f 5518//5516 5614//5612 5615//5613 5519//5517
f 5519//5517 5615//5613 5616//5614 5520//5518
f 5520//5518 5616//5614 5617//5615 5521//5519
f 5521//5519 5617//5615 5618//5616 5522//5520
f 5522//5520 5618//5616 5619//5617 5523//5521
f 5523//5521 5619//5617 5620//5618 5524//5522
f 5524//5522 5620//5618 5621//5619 5525//5523
f 5525//5523 5621//5619 5622//5620 5526//5524
f 5526//5524 5622//5620 5623//5621 5527//5525
f 5527//5525 5623//5621 5624//5622 5528//5526
f 5528//5526 5624//5622 5529//5527 5433//5431
f 5529//5527 5625//5623 5626//5624 5530//5528
f 5530//5528 5626//5624 5627//5625 5531//5529
f 5531//5529 5627//5625 5628//5626 5532//5530
f 5532//5530 5628//5626 5629//5627 5533//5531
f 5533//5531 5629//5627 5630//5628 5534//5532
f 5534//5532 5630//5628 5631//5629 5535//5533
f 5535//5533 5631//5629 5632//5630 5536//5534
f 5536//5534 5632//5630 5633//5631 5537//5535
f 5537//5535 5633//5631 5634//5632 5538//5536
f 5538//5536 5634//5632 5635//5633 5539//5537
f 5539//5537 5635//5633 5636//5634 5540//5538
f 5540//5538 5636//5634 5637//5635 5541//5539
f 5541//5539 5637//5635 5638//5636 5542//5540
f 5542//5540 5638//5636 5639//5637 5543//5541
f 5543//5541 5639//5637 5640//5638 5544//5542
f 5544//5542 5640//5638 5641//5639 5545//5543
f 5545//5543 5641//5639 5642//5640 5546//5544
f 5546//5544 5642//5640 5643//5641 5547//5545
f 5547//5545 5643//5641 5644//5642 5548//5546
f 5548//5546 5644//5642 5645//5643 5549//5547
f 5549//5547 5645//5643 5646//5644 5550//5548
f 5550//5548 5646//5644 5647//5645 5551//5549
f 5551//5549 5647//5645 5648//5646 5552//5550
f 5552//5550 5648//5646 5649//5647 5553//5551
f 5553//5551 5649//5647 5650//5648 5554//5552
f 5554//5552 5650//5648 5651//5649 5555//5553
f 5555//5553 5651//5649 5652//5650 5556//5554
f 5556//5554 5652//5650 5653//5651 5557//5555
f 5557//5555 5653//5651 5654//5652 5558//5556
f 5558//5556 5654//5652 5655//5653 5559//5557
f 5559//5557 5655//5653 5656//5654 5560//5558
f 5560//5558 5656//5654 5657//5655 5561//5559
f 5561//5559 5657//5655 5658//5656 5562//5560
f 5562//5560 5658//5656 5659//5657 5563//5561
f 5563//5561 5659//5657 5660//5658 5564//5562
f 5564//5562 5660//5658 5661//5659 5565//5563
f 5565//5563 5661//5659 5662//5660 5566//5564
f 5566//5564 5662//5660 5663//5661 5567//5565
f 5567//5565 5663//5661 5664//5662 5568//5566
f 5568//5566 5664//5662 5665//5663 5569//5567
f 5569//5567 5665//5663 5666//5664 5570//5568
f 5570//5568 5666//5664 5667//5665 5571//5569
f 5571//5569 5667//5665 5668//5666 5572//5570
f 5572//5570 5668//5666 5669//5667 5573//5571
f 5573//5571 5669//5667 5670//5668 5574//5572
f 5574//5572 5670//5668 5671//5669 5575//5573
f 5575//5573 5671//5669 5672//5670 5576//5574
f 5576//5574 5672//5670 5673//5671 5577//5575
f 5577//5575 5673//5671 5674//5672 5578//5576
f 5578//5576 5674//5672 5675//5673 5579//5577
f 5579//5577 5675//5673 5676//5674 5580//5578
f 5580//5578 5676//5674 5677//5675 5581//5579
f 5581//5579 5677//5675 5678//5676 5582//5580
f 5582//5580 5678//5676 5679//5677 5583//5581
f 5583//5581 5679//5677 5680//5678 5584//5582
f 5584//5582 5680//5678 5681//5679 5585//5583
f 5585//5583 5681//5679 5682//5680 5586//5584
f 5586//5584 5682//5680 5683//5681 5587//5585
f 5587//5585 5683//5681 5684//5682 5588//5586
f 5588//5586 5684//5682 5685//5683 5589//5587
f 5589//5587 5685//5683 5686//5684 5590//5588
f 5590//5588 5686//5684 5687//5685 5591//5589
f 5591//5589 5687//5685 5688//5686 5592//5590
f 5592//5590 5688//5686 5689//5687 5593//5591
f 5593//5591 5689//5687 5690//5688 5594//5592
f 5594//5592 5690//5688 5691//5689 5595//5593
f 5595//5593 5691//5689 5692//5690 5596//5594
f 5596//5594 5692//5690 5693//5691 5597//5595
f 5597//5595 5693//5691 5694//5692 5598//5596
f 5598//5596 5694//5692 5695//5693 5599//5597
f 5599//5597 5695//5693 5696//5694 5600//5598
f 5600//5598 5696//5694 5697//5695 5601//5599
f 5601//5599 5697//5695 5698//5696 5602//5600
f 5602//5600 5698//5696 5699//5697 5603//5601
f 5603//5601 5699//5697 5700//5698 5604//5602
f 5604//5602 5700//5698 5701//5699 5605//5603
f 5605//5603 5701//5699 5702//5700 5606//5604
f 5606//5604 5702//5700 5703//5701 5607//5605
f 5607//5605 5703//5701 5704//5702 5608//5606
f 5608//5606 5704//5702 5705//5703 5609//5607
f 5609//5607 5705//5703 5706//5704 5610//5608
f 5610//5608 5706//5704 5707//5705 5611//5609
f 5611//5609 5707//5705 5708//5706 5612//5610
f 5612//5610 5708//5706 5709//5707 5613//5611
f 5613//5611 5709//5707 5710//5708 5614//5612
f 5614//5612 5710//5708 5711//5709 5615//5613
f 5615//5613 5711//5709 5712//5710 5616//5614
f 5616//5614 5712//5710 5713//5711 5617//5615
f 5617//5615 5713//5711 5714//5712 5618//5616
f 5618//5616 5714//5712 5715//5713 5619//5617
f 5619//5617 5715//5713 5716//5714 5620//5618
f 5620//5618 5716//5714 5717//5715 5621//5619
f 5621//5619 5717//5715 5718//5716 5622//5620
f 5622//5620 5718//5716 5719//5717 5623//5621
f 5623//5621 5719//5717 5720//5718 5624//5622
f 5624//5622 5720//5718 5625//5623 5529//5527
f 5625//5623 5721//5719 5722//5720 5626//5624
f 5626//5624 5722//5720 5723//5721 5627//5625
f 5627//5625 5723//5721 5724//5722 5628//5626
f 5628//5626 5724//5722 5725//5723 5629//5627
f 5629//5627 5725//5723 5726//5724 5630//5628
f 5630//5628 5726//5724 5727//5725 5631//5629
f 5631//5629 5727//5725 5728//5726 5632//5630
f 5632//5630 5728//5726 5729//5727 5633//5631
f 5633//5631 5729//5727 5730//5728 5634//5632
f 5634//5632 5730//5728 5731//5729 5635//5633
f 5635//5633 5731//5729 5732//5730 5636//5634
f 5636//5634 5732//5730 5733//5731 5637//5635
f 5637//5635 5733//5731 5734//5732 5638//5636
f 5638//5636 5734//5732 5735//5733 5639//5637
f 5639//5637 5735//5733 5736//5734 5640//5638
f 5640//5638 5736//5734 5737//5735 5641//5639
f 5641//5639 5737//5735 5738//5736 5642//5640
f 5642//5640 5738//5736 5739//5737 5643//5641
f 5643//5641 5739//5737 5740//5738 5644//5642
f 5644//5642 5740//5738 5741//5739 5645//5643
f 5645//5643 5741//5739 5742//5740 5646//5644
f 5646//5644 5742//5740 5743//5741 5647//5645
f 5647//5645 5743//5741 5744//5742 5648//5646
f 5648//5646 5744//5742 5745//5743 5649//5647
f 5649//5647 5745//5743 5746//5744 5650//5648
f 5650//5648 5746//5744 5747//5745 5651//5649
f 5651//5649 5747//5745 5748//5746 5652//5650
f 5652//5650 5748//5746 5749//5747 5653//5651
f 5653//5651 5749//5747 5750//5748 5654//5652
f 5654//5652 5750//5748 5751//5749 5655//5653
f 5655//5653 5751//5749 5752//5750 5656//5654
f 5656//5654 5752//5750 5753//5751 5657//5655
f 5657//5655 5753//5751 5754//5752 5658//5656
f 5658//5656 5754//5752 5755//5753 5659//5657
f 5659//5657 5755//5753 5756//5754 5660//5658
f 5660//5658 5756//5754 5757//5755 5661//5659
f 5661//5659 5757//5755 5758//5756 5662//5660
f 5662//5660 5758//5756 5759//5757 5663//5661
f 5663//5661 5759//5757 5760//5758 5664//5662
f 5664//5662 5760//5758 5761//5759 5665//5663
f 5665//5663 5761//5759 5762//5760 5666//5664
f 5666//5664 5762//5760 5763//5761 5667//5665
f 5667//5665 5763//5761 5764//5762 5668//5666
f 5668//5666 5764//5762 5765//5763 5669//5667
f 5669//5667 5765//5763 5766//5764 5670//5668
f 5670//5668 5766//5764 5767//5765 5671//5669
f 5671//5669 5767//5765 5768//5766 5672//5670
f 5672//5670 5768//5766 5769//5767 5673//5671
f 5673//5671 5769//5767 5770//5768 5674//5672
f 5674//5672 5770//5768 5771//5769 5675//5673
f 5675//5673 5771//5769 5772//5770 5676//5674
f 5676//5674 5772//5770 5773//5771 5677//5675
f 5677//5675 5773//5771 5774//5772 5678//5676
f 5678//5676 5774//5772 5775//5773 5679//5677
f 5679//5677 5775//5773 5776//5774 5680//5678
f 5680//5678 5776//5774 5777//5775 5681//5679
f 5681//5679 5777//5775 5778//5776 5682//5680
f 5682//5680 5778//5776 5779//5777 5683//5681
f 5683//5681 5779//5777 5780//5778 5684//5682
f 5684//5682 5780//5778 5781//5779 5685//5683
f 5685//5683 5781//5779 5782//5780 5686//5684
f 5686//5684 5782//5780 5783//5781 5687//5685
f 5687//5685 5783//5781 5784//5782 5688//5686
f 5688//5686 5784//5782 5785//5783 5689//5687
f 5689//5687 5785//5783 5786//5784 5690//5688
f 5690//5688 5786//5784 5787//5785 5691//5689
f 5691//5689 5787//5785 5788//5786 5692//5690
f 5692//5690 5788//5786 5789//5787 5693//5691
f 5693//5691 5789//5787 5790//5788 5694//5692
f 5694//5692 5790//5788 5791//5789 5695//5693
f 5695//5693 5791//5789 5792//5790 5696//5694
f 5696//5694 5792//5790 5793//5791 5697//5695
f 5697//5695 5793//5791 5794//5792 5698//5696
f 5698//5696 5794//5792 5795//5793 5699//5697
f 5699//5697 5795//5793 5796//5794 5700//5698
f 5700//5698 5796//5794 5797//5795 5701//5699
f 5701//5699 5797//5795 5798//5796 5702//5700
f 5702//5700 5798//5796 5799//5797 5703//5701
f 5703//5701 5799//5797 5800//5798 5704//5702
f 5704//5702 5800//5798 5801//5799 5705//5703
f 5705//5703 5801//5799 5802//5800 5706//5704
f 5706//5704 5802//5800 5803//5801 5707//5705
f 5707//5705 5803//5801 5804//5802 5708//5706
f 5708//5706 5804//5802 5805//5803 5709//5707
f 5709//5707 5805//5803 5806//5804 5710//5708
f 5710//5708 5806//5804 5807//5805 5711//5709
f 5711//5709 5807//5805 5808//5806 5712//5710
f 5712//5710 5808//5806 5809//5807 5713//5711
f 5713//5711 5809//5807 5810//5808 5714//5712
f 5714//5712 5810//5808 5811//5809 5715//5713
f 5715//5713 5811//5809 5812//5810 5716//5714
f 5716//5714 5812//5810 5813//5811 5717//5715
f 5717//5715 5813//5811 5814//5812 5718//5716
f 5718//5716 5814//5812 5815//5813 5719//5717
f 5719//5717 5815//5813 5816//5814 5720//5718
f 5720//5718 5816//5814 5721//5719 5625//5623
f 5721//5719 5817//5815 5818//5816 5722//5720
f 5722//5720 5818//5816 5819//5817 5723//5721
f 5723//5721 5819//5817 5820//5818 5724//5722
f 5724//5722 5820//5818 5821//5819 5725//5723
f 5725//5723 5821//5819 5822//5820 5726//5724
f 5726//5724 5822//5820 5823//5821 5727//5725
f 5727//5725 5823//5821 5824//5822 5728//5726
f 5728//5726 5824//5822 5825//5823 5729//5727
f 5729//5727 5825//5823 5826//5824 5730//5728
f 5730//5728 5826//5824 5827//5825 5731//5729
f 5731//5729 5827//5825 5828//5826 5732//5730
f 5732//5730 5828//5826 5829//5827 5733//5731
f 5733//5731 5829//5827 5830//5828 5734//5732
f 5734//5732 5830//5828 5831//5829 5735//5733
f 5735//5733 5831//5829 5832//5830 5736//5734
f 5736//5734 5832//5830 5833//5831 5737//5735
f 5737//5735 5833//5831 5834//5832 5738//5736
f 5738//5736 5834//5832 5835//5833 5739//5737
f 5739//5737 5835//5833 5836//5834 5740//5738
f 5740//5738 5836//5834 5837//5835 5741//5739
f 5741//5739 5837//5835 5838//5836 5742//5740
f 5742//5740 5838//5836 5839//5837 5743//5741
f 5743//5741 5839//5837 5840//5838 5744//5742
f 5744//5742 5840//5838 5841//5839 5745//5743
f 5745//5743 5841//5839 5842//5840 5746//5744
f 5746//5744 5842//5840 5843//5841 5747//5745
f 5747//5745 5843//5841 5844//5842 5748//5746
f 5748//5746 5844//5842 5845//5843 5749//5747
f 5749//5747 5845//5843 5846//5844 5750//5748
f 5750//5748 5846//5844 5847//5845 5751//5749
f 5751//5749 5847//5845 5848//5846 5752//5750
f 5752//5750 5848//5846 5849//5847 5753//5751
f 5753//5751 5849//5847 5850//5848 5754//5752
f 5754//5752 5850//5848 5851//5849 5755//5753
f 5755//5753 5851//5849 5852//5850 5756//5754
f 5756//5754 5852//5850 5853//5851 5757//5755
f 5757//5755 5853//5851 5854//5852 5758//5756
f 5758//5756 5854//5852 5855//5853 5759//5757
f 5759//5757 5855//5853 5856//5854 5760//5758
f 5760//5758 5856//5854 5857//5855 5761//5759
f 5761//5759 5857//5855 5858//5856 5762//5760
f 5762//5760 5858//5856 5859//5857 5763//5761
f 5763//5761 5859//5857 5860//5858 5764//5762
f 5764//5762 5860//5858 5861//5859 5765//5763
f 5765//5763 5861//5859 5862//5860 5766//5764
f 5766//5764 5862//5860 5863//5861 5767//5765
f 5767//5765 5863//5861 5864//5862 5768//5766
f 5768//5766 5864//5862 5865//5863 5769//5767
f 5769//5767 5865//5863 5866//5864 5770//5768
f 5770//5768 5866//5864 5867//5865 5771//5769
f 5771//5769 5867//5865 5868//5866 5772//5770
f 5772//5770 5868//5866 5869//5867 5773//5771
f 5773//5771 5869//5867 5870//5868 5774//5772
f 5774//5772 5870//5868 5871//5869 5775//5773
f 5775//5773 5871//5869 5872//5870 5776//5774
f 5776//5774 5872//5870 5873//5871 5777//5775
f 5777//5775 5873//5871 5874//5872 5778//5776
f 5778//5776 5874//5872 5875//5873 5779//5777
f 5779//5777 5875//5873 5876//5874 5780//5778
f 5780//5778 5876//5874 5877//5875 5781//5779
f 5781//5779 5877//5875 5878//5876 5782//5780
f 5782//5780 5878//5876 5879//5877 5783//5781
f 5783//5781 5879//5877 5880//5878 5784//5782
f 5784//5782 5880//5878 5881//5879 5785//5783
f 5785//5783 5881//5879 5882//5880 5786//5784
f 5786//5784 5882//5880 5883//5881 5787//5785
f 5787//5785 5883//5881 5884//5882 5788//5786
f 5788//5786 5884//5882 5885//5883 5789//5787
f 5789//5787 5885//5883 5886//5884 5790//5788
f 5790//5788 5886//5884 5887//5885 5791//5789
f 5791//5789 5887//5885 5888//5886 5792//5790
f 5792//5790 5888//5886 5889//5887 5793//5791
f 5793//5791 5889//5887 5890//5888 5794//5792
f 5794//5792 5890//5888 5891//5889 5795//5793
f 5795//5793 5891//5889 5892//5890 5796//5794
f 5796//5794 5892//5890 5893//5891 5797//5795
f 5797//5795 5893//5891 5894//5892 5798//5796
f 5798//5796 5894//5892 5895//5893 5799//5797
f 5799//5797 5895//5893 5896//5894 5800//5798
f 5800//5798 5896//5894 5897//5895 5801//5799
f 5801//5799 5897//5895 5898//5896 5802//5800
f 5802//5800 5898//5896 5899//5897 5803//5801
f 5803//5801 5899//5897 5900//5898 5804//5802
f 5804//5802 5900//5898 5901//5899 5805//5803
f 5805//5803 5901//5899 5902//5900 5806//5804
f 5806//5804 5902//5900 5903//5901 5807//5805
f 5807//5805 5903//5901 5904//5902 5808//5806
f 5808//5806 5904//5902 5905//5903 5809//5807
f 5809//5807 5905//5903 5906//5904 5810//5808
f 5810//5808 5906//5904 5907//5905 5811//5809
f 5811//5809 5907//5905 5908//5906 5812//5810
f 5812//5810 5908//5906 5909//5907 5813//5811
f 5813//5811 5909//5907 5910//5908 5814//5812
f 5814//5812 5910//5908 5911//5909 5815//5813
f 5815//5813 5911//5909 5912//5910 5816//5814
f 5816//5814 5912//5910 5817//5815 5721//5719
f 5817//5815 5913//5911 5914//5912 5818//5816
f 5818//5816 5914//5912 5915//5913 5819//5817
f 5819//5817 5915//5913 5916//5914 5820//5818
f 5820//5818 5916//5914 5917//5915 5821//5819
f 5821//5819 5917//5915 5918//5916 5822//5820
f 5822//5820 5918//5916 5919//5917 5823//5821
f 5823//5821 5919//5917 5920//5918 5824//5822
f 5824//5822 5920//5918 5921//5919 5825//5823
f 5825//5823 5921//5919 5922//5920 5826//5824
f 5826//5824 5922//5920 5923//5921 5827//5825
f 5827//5825 5923//5921 5924//5922 5828//5826
f 5828//5826 5924//5922 5925//5923 5829//5827
f 5829//5827 5925//5923 5926//5924 5830//5828
f 5830//5828 5926//5924 5927//5925 5831//5829
f 5831//5829 5927//5925 5928//5926 5832//5830
f 5832//5830 5928//5926 5929//5927 5833//5831
f 5833//5831 5929//5927 5930//5928 5834//5832
f 5834//5832 5930//5928 5931//5929 5835//5833
f 5835//5833 5931//5929 5932//5930 5836//5834
f 5836//5834 5932//5930 5933//5931 5837//5835
f 5837//5835 5933//5931 5934//5932 5838//5836
f 5838//5836 5934//5932 5935//5933 5839//5837
f 5839//5837 5935//5933 5936//5934 5840//5838
f 5840//5838 5936//5934 5937//5935 5841//5839
f 5841//5839 5937//5935 5938//5936 5842//5840
f 5842//5840 5938//5936 5939//5937 5843//5841
f 5843//5841 5939//5937 5940//5938 5844//5842
f 5844//5842 5940//5938 5941//5939 5845//5843
f 5845//5843 5941//5939 5942//5940 5846//5844
f 5846//5844 5942//5940 5943//5941 5847//5845
f 5847//5845 5943//5941 5944//5942 5848//5846
f 5848//5846 5944//5942 5945//5943 5849//5847
f 5849//5847 5945//5943 5946//5944 5850//5848
f 5850//5848 5946//5944 5947//5945 5851//5849
f 5851//5849 5947//5945 5948//5946 5852//5850
f 5852//5850 5948//5946 5949//5947 5853//5851
f 5853//5851 5949//5947 5950//5948 5854//5852
f 5854//5852 5950//5948 5951//5949 5855//5853
f 5855//5853 5951//5949 5952//5950 5856//5854
f 5856//5854 5952//5950 5953//5951 5857//5855
f 5857//5855 5953//5951 5954//5952 5858//5856
f 5858//5856 5954//5952 5955//5953 5859//5857
f 5859//5857 5955//5953 5956//5954 5860//5858
f 5860//5858 5956//5954 5957//5955 5861//5859
f 5861//5859 5957//5955 5958//5956 5862//5860
f 5862//5860 5958//5956 5959//5957 5863//5861
f 5863//5861 5959//5957 5960//5958 5864//5862
f 5864//5862 5960//5958 5961//5959 5865//5863
f 5865//5863 5961//5959 5962//5960 5866//5864
f 5866//5864 5962//5960 5963//5961 5867//5865
f 5867//5865 5963//5961 5964//5962 5868//5866
f 5868//5866 5964//5962 5965//5963 5869//5867
f 5869//5867 5965//5963 5966//5964 5870//5868
f 5870//5868 5966//5964 5967//5965 5871//5869
f 5871//5869 5967//5965 5968//5966 5872//5870
f 5872//5870 5968//5966 5969//5967 5873//5871
f 5873//5871 5969//5967 5970//5968 5874//5872
f 5874//5872 5970//5968 5971//5969 5875//5873
f 5875//5873 5971//5969 5972//5970 5876//5874
f 5876//5874 5972//5970 5973//5971 5877//5875
f 5877//5875 5973//5971 5974//5972 5878//5876
f 5878//5876 5974//5972 5975//5973 5879//5877
f 5879//5877 5975//5973 5976//5974 5880//5878
f 5880//5878 5976//5974 5977//5975 5881//5879
f 5881//5879 5977//5975 5978//5976 5882//5880
f 5882//5880 5978//5976 5979//5977 5883//5881
f 5883//5881 5979//5977 5980//5978 5884//5882
f 5884//5882 5980//5978 5981//5979 5885//5883
f 5885//5883 5981//5979 5982//5980 5886//5884
f 5886//5884 5982//5980 5983//5981 5887//5885
f 5887//5885 5983//5981 5984//5982 5888//5886
f 5888//5886 5984//5982 5985//5983 5889//5887
f 5889//5887 5985//5983 5986//5984 5890//5888
f 5890//5888 5986//5984 5987//5985 5891//5889
f 5891//5889 5987//5985 5988//5986 5892//5890
f 5892//5890 5988//5986 5989//5987 5893//5891
f 5893//5891 5989//5987 5990//5988 5894//5892
f 5894//5892 5990//5988 5991//5989 5895//5893
f 5895//5893 5991//5989 5992//5990 5896//5894
f 5896//5894 5992//5990 5993//5991 5897//5895
f 5897//5895 5993//5991 5994//5992 5898//5896
f 5898//5896 5994//5992 5995//5993 5899//5897
f 5899//5897 5995//5993 5996//5994 5900//5898
f 5900//5898 5996//5994 5997//5995 5901//5899
f 5901//5899 5997//5995 5998//5996 5902//5900
f 5902//5900 5998//5996 5999//5997 5903//5901
f 5903//5901 5999//5997 6000//5998 5904//5902
f 5904//5902 6000//5998 6001//5999 5905//5903
f 5905//5903 6001//5999 6002//6000 5906//5904
f 5906//5904 6002//6000 6003//6001 5907//5905
f 5907//5905 6003//6001 6004//6002 5908//5906
f 5908//5906 6004//6002 6005//6003 5909//5907
f 5909//5907 6005//6003 6006//6004 5910//5908
f 5910//5908 6006//6004 6007//6005 5911//5909
f 5911//5909 6007//6005 6008//6006 5912//5910
f 5912//5910 6008//6006 5913//5911 5817//5815
f 5913//5911 6009//6007 6010//6008 5914//5912
f 5914//5912 6010//6008 6011//6009 5915//5913
f 5915//5913 6011//6009 6012//6010 5916//5914
f 5916//5914 6012//6010 6013//6011 5917//5915
f 5917//5915 6013//6011 6014//6012 5918//5916
f 5918//5916 6014//6012 6015//6013 5919//5917
f 5919//5917 6015//6013 6016//6014 5920//5918
f 5920//5918 6016//6014 6017//6015 5921//5919
f 5921//5919 6017//6015 6018//6016 5922//5920
f 5922//5920 6018//6016 6019//6017 5923//5921
f 5923//5921 6019//6017 6020//6018 5924//5922
f 5924//5922 6020//6018 6021//6019 5925//5923
f 5925//5923 6021//6019 6022//6020 5926//5924
f 5926//5924 6022//6020 6023//6021 5927//5925
f 5927//5925 6023//6021 6024//6022 5928//5926
f 5928//5926 6024//6022 6025//6023 5929//5927
f 5929//5927 6025//6023 6026//6024 5930//5928
f 5930//5928 6026//6024 6027//6025 5931//5929
f 5931//5929 6027//6025 6028//6026 5932//5930
f 5932//5930 6028//6026 6029//6027 5933//5931
f 5933//5931 6029//6027 6030//6028 5934//5932
f 5934//5932 6030//6028 6031//6029 5935//5933
f 5935//5933 6031//6029 6032//6030 5936//5934
f 5936//5934 6032//6030 6033//6031 5937//5935
f 5937//5935 6033//6031 6034//6032 5938//5936
f 5938//5936 6034//6032 6035//6033 5939//5937
f 5939//5937 6035//6033 6036//6034 5940//5938
f 5940//5938 6036//6034 6037//6035 5941//5939
f 5941//5939 6037//6035 6038//6036 5942//5940
f 5942//5940 6038//6036 6039//6037 5943//5941
f 5943//5941 6039//6037 6040//6038 5944//5942
f 5944//5942 6040//6038 6041//6039 5945//5943
f 5945//5943 6041//6039 6042//6040 5946//5944
f 5946//5944 6042//6040 6043//6041 5947//5945
f 5947//5945 6043//6041 6044//6042 5948//5946
f 5948//5946 6044//6042 6045//6043 5949//5947
f 5949//5947 6045//6043 6046//6044 5950//5948
f 5950//5948 6046//6044 6047//6045 5951//5949
f 5951//5949 6047//6045 6048//6046 5952//5950
f 5952//5950 6048//6046 6049//6047 5953//5951
f 5953//5951 6049//6047 6050//6048 5954//5952
f 5954//5952 6050//6048 6051//6049 5955//5953
f 5955//5953 6051//6049 6052//6050 5956//5954
f 5956//5954 6052//6050 6053//6051 5957//5955
f 5957//5955 6053//6051 6054//6052 5958//5956
f 5958//5956 6054//6052 6055//6053 5959//5957
f 5959//5957 6055//6053 6056//6054 5960//5958
f 5960//5958 6056//6054 6057//6055 5961//5959
f 5961//5959 6057//6055 6058//6056 5962//5960
f 5962//5960 6058//6056 6059//6057 5963//5961
f 5963//5961 6059//6057 6060//6058 5964//5962
f 5964//5962 6060//6058 6061//6059 5965//5963
f 5965//5963 6061//6059 6062//6060 5966//5964
f 5966//5964 6062//6060 6063//6061 5967//5965
f 5967//5965 6063//6061 6064//6062 5968//5966
f 5968//5966 6064//6062 6065//6063 5969//5967
f 5969//5967 6065//6063 6066//6064 5970//5968
f 5970//5968 6066//6064 6067//6065 5971//5969
f 5971//5969 6067//6065 6068//6066 5972//5970
f 5972//5970 6068//6066 6069//6067 5973//5971
f 5973//5971 6069//6067 6070//6068 5974//5972
f 5974//5972 6070//6068 6071//6069 5975//5973
f 5975//5973 6071//6069 6072//6070 5976//5974
f 5976//5974 6072//6070 6073//6071 5977//5975
f 5977//5975 6073//6071 6074//6072 5978//5976
f 5978//5976 6074//6072 6075//6073 5979//5977
f 5979//5977 6075//6073 6076//6074 5980//5978
f 5980//5978 6076//6074 6077//6075 5981//5979
f 5981//5979 6077//6075 6078//6076 5982//5980
f 5982//5980 6078//6076 6079//6077 5983//5981
f 5983//5981 6079//6077 6080//6078 5984//5982
f 5984//5982 6080//6078 6081//6079 5985//5983
f 5985//5983 6081//6079 6082//6080 5986//5984
f 5986//5984 6082//6080 6083//6081 5987//5985
f 5987//5985 6083//6081 6084//6082 5988//5986
f 5988//5986 6084//6082 6085//6083 5989//5987
f 5989//5987 6085//6083 6086//6084 5990//5988
f 5990//5988 6086//6084 6087//6085 5991//5989
f 5991//5989 6087//6085 6088//6086 5992//5990
f 5992//5990 6088//6086 6089//6087 5993//5991
f 5993//5991 6089//6087 6090//6088 5994//5992
f 5994//5992 6090//6088 6091//6089 5995//5993
f 5995//5993 6091//6089 6092//6090 5996//5994
f 5996//5994 6092//6090 6093//6091 5997//5995
f 5997//5995 6093//6091 6094//6092 5998//5996
f 5998//5996 6094//6092 6095//6093 5999//5997
f 5999//5997 6095//6093 6096//6094 6000//5998
f 6000//5998 6096//6094 6097//6095 6001//5999
f 6001//5999 6097//6095 6098//6096 6002//6000
f 6002//6000 6098//6096 6099//6097 6003//6001
f 6003//6001 6099//6097 6100//6098 6004//6002
f 6004//6002 6100//6098 6101//6099 6005//6003
f 6005//6003 6101//6099 6102//6100 6006//6004
f 6006//6004 6102//6100 6103//6101 6007//6005
f 6007//6005 6103//6101 6104//6102 6008//6006
f 6008//6006 6104//6102 6009//6007 5913//5911
f 6009//6007 6105//6103 6010//6008
f 6010//6008 6105//6103 6011//6009
f 6011//6009 6105//6103 6012//6010
f 6012//6010 6105//6103 6013//6011
f 6013//6011 6105//6103 6014//6012
f 6014//6012 6105//6103 6015//6013
f 6015//6013 6105//6103 6016//6014
f 6016//6014 6105//6103 6017//6015
f 6017//6015 6105//6103 6018//6016
f 6018//6016 6105//6103 6019//6017
f 6019//6017 6105//6103 6020//6018
f 6020//6018 6105//6103 6021//6019
f 6021//6019 6105//6103 6022//6020
f 6022//6020 6105//6103 6023//6021
f 6023//6021 6105//6103 6024//6022
f 6024//6022 6105//6103 6025//6023
f 6025//6023 6105//6103 6026//6024
f 6026//6024 6105//6103 6027//6025
f 6027//6025 6105//6103 6028//6026
f 6028//6026 6105//6103 6029//6027
f 6029//6027 6105//6103 6030//6028
f 6030//6028 6105//6103 6031//6029
f 6031//6029 6105//6103 6032//6030
f 6032//6030 6105//6103 6033//6031
f 6033//6031 6105//6103 6034//6032
f 6034//6032 6105//6103 6035//6033
f 6035//6033 6105//6103 6036//6034
f 6036//6034 6105//6103 6037//6035
f 6037//6035 6105//6103 6038//6036
f 6038//6036 6105//6103 6039//6037
f 6039//6037 6105//6103 6040//6038
f 6040//6038 6105//6103 6041//6039
f 6041//6039 6105//6103 6042//6040
f 6042//6040 6105//6103 6043//6041
f 6043//6041 6105//6103 6044//6042
f 6044//6042 6105//6103 6045//6043
f 6045//6043 6105//6103 6046//6044
f 6046//6044 6105//6103 6047//6045
f 6047//6045 6105//6103 6048//6046
f 6048//6046 6105//6103 6049//6047
f 6049//6047 6105//6103 6050//6048
f 6050//6048 6105//6103 6051//6049
f 6051//6049 6105//6103 6052//6050
f 6052//6050 6105//6103 6053//6051
f 6053//6051 6105//6103 6054//6052
f 6054//6052 6105//6103 6055//6053
f 6055//6053 6105//6103 6056//6054
f 6056//6054 6105//6103 6057//6055
f 6057//6055 6105//6103 6058//6056
f 6058//6056 6105//6103 6059//6057
f 6059//6057 6105//6103 6060//6058
f 6060//6058 6105//6103 6061//6059
f 6061//6059 6105//6103 6062//6060
f 6062//6060 6105//6103 6063//6061
f 6063//6061 6105//6103 6064//6062
f 6064//6062 6105//6103 6065//6063
f 6065//6063 6105//6103 6066//6064
f 6066//6064 6105//6103 6067//6065
f 6067//6065 6105//6103 6068//6066
f 6068//6066 6105//6103 6069//6067
f 6069//6067 6105//6103 6070//6068
f 6070//6068 6105//6103 6071//6069
f 6071//6069 6105//6103 6072//6070
f 6072//6070 6105//6103 6073//6071
f 6073//6071 6105//6103 6074//6072
f 6074//6072 6105//6103 6075//6073
f 6075//6073 6105//6103 6076//6074
f 6076//6074 6105//6103 6077//6075
f 6077//6075 6105//6103 6078//6076
f 6078//6076 6105//6103 6079//6077
f 6079//6077 6105//6103 6080//6078
f 6080//6078 6105//6103 6081//6079
f 6081//6079 6105//6103 6082//6080
f 6082//6080 6105//6103 6083//6081
f 6083//6081 6105//6103 6084//6082
f 6084//6082 6105//6103 6085//6083
f 6085//6083 6105//6103 6086//6084
f 6086//6084 6105//6103 6087//6085
f 6087//6085 6105//6103 6088//6086
f 6088//6086 6105//6103 6089//6087
f 6089//6087 6105//6103 6090//6088
f 6090//6088 6105//6103 6091//6089
f 6091//6089 6105//6103 6092//6090
f 6092//6090 6105//6103 6093//6091
f 6093//6091 6105//6103 6094//6092
f 6094//6092 6105//6103 6095//6093
f 6095//6093 6105//6103 6096//6094
f 6096//6094 6105//6103 6097//6095
f 6097//6095 6105//6103 6098//6096
f 6098//6096 6105//6103 6099//6097
f 6099//6097 6105//6103 6100//6098
f 6100//6098 6105//6103 6101//6099
f 6101//6099 6105//6103 6102//6100
f 6102//6100 6105//6103 6103//6101
f 6103//6101 6105//6103 6104//6102
f 6104//6102 6105//6103 6009//6007
s 0
f 1//6104 7//6104 122//6104 119//6104
f 7//6105 11//6105 124//6105 122//6105
f 11//6106 13//6106 126//6106 124//6106
f 13//6107 19//6107 127//6107 126//6107
f 19//6108 24//6108 129//6108 127//6108
f 129//6109 24//6109 27//6109 131//6109
f 131//6110 27//6110 29//6110 133//6110
f 133//6111 29//6111 36//6111 135//6111
f 135//6112 36//6112 38//6112 137//6112
f 137//6113 38//6113 42//6113 139//6113
f 139//6114 42//6114 45//6114 141//6114
f 45//6115 51//6115 143//6115 141//6115
f 51//6116 55//6116 145//6116 143//6116
f 55//6117 60//6117 148//6117 145//6117
f 60//6118 63//6118 149//6118 148//6118
f 63//6119 68//6119 151//6119 149//6119
f 68//6120 70//6120 153//6120 151//6120
f 70//6121 74//6121 155//6121 153//6121
f 155//6122 74//6122 76//6122 157//6122
f 6166//6123 6167//6123 6163//6123 6162//6123 157//6123 76//6123 78//6123
f 6168//6124 6164//6124 6165//6124 6166//6124 78//6124 80//6124
f 6168//6125 80//6125 82//6125 6153//6125 6150//6125 6149//6125
f 6153//6126 82//6126 85//6126 6151//6126 6152//6126
f 6151//6127 85//6127 89//6127 6146//6127 6147//6127 6148//6127
f 6146//6128 89//6128 94//6128 6136//6128 6137//6128 6134//6128
f 94//6129 97//6129 6138//6129 6136//6129
f 6133//6130 6132//6130 6131//6130 6135//6130 6138//6130 97//6130 101//6130
f 6133//6131 101//6131 103//6131 6129//6131 6128//6131 6127//6131 6130//6131
f 6129//6132 103//6132 107//6132 168//6132 6125//6132 6124//6132 6126//6132
f 171//6133 168//6133 107//6133 113//6133
f 172//6134 171//6134 113//6134 116//6134
f 116//6135 1//6135 119//6135 172//6135
f 6108//6136 6109//6136 6107//6136 119//6136 122//6136 6143//6136 6142//6136 6145//6136
f 6144//6137 6143//6137 122//6137 124//6137 6140//6137 6141//6137
f 6139//6138 6140//6138 124//6138 126//6138 6159//6138
f 6159//6139 126//6139 127//6139 6158//6139 6157//6139 6156//6139
f 6169//6140 6174//6140 6154//6140 6155//6140 6158//6140 127//6140 129//6140 6170//6140
f 6171//6141 6170//6141 129//6141 131//6141 6175//6141
f 6189//6142 6190//6142 6172//6142 6173//6142 6175//6142 131//6142 133//6142
f 6191//6143 6189//6143 133//6143 135//6143 6194//6143
f 6193//6144 6194//6144 135//6144 137//6144 6197//6144 6195//6144 6192//6144
f 6196//6145 6197//6145 137//6145 139//6145 6198//6145
f 6199//6146 6198//6146 139//6146 141//6146 6202//6146 6200//6146
f 6201//6147 6202//6147 141//6147 143//6147 6205//6147 6203//6147
f 6204//6148 6205//6148 143//6148 145//6148 6208//6148
f 6209//6149 6206//6149 6207//6149 6208//6149 145//6149 148//6149
f 6211//6150 6212//6150 6210//6150 6209//6150 148//6150 149//6150 6214//6150 6213//6150
f 6218//6151 6217//6151 6216//6151 6215//6151 6214//6151 149//6151 151//6151
f 6180//6152 6178//6152 6177//6152 6176//6152 6218//6152 151//6152 153//6152
f 6183//6153 6182//6153 6179//6153 6181//6153 6180//6153 153//6153 155//6153
f 6188//6154 6186//6154 6185//6154 6184//6154 6183//6154 155//6154 157//6154
f 6162//6155 6160//6155 6161//6155 6187//6155 6188//6155 157//6155
f 168//6156 6123//6156 6121//6156 6125//6156
f 6122//6157 6123//6157 168//6157 171//6157 6119//6157 6118//6157 6120//6157
f 6119//6158 171//6158 172//6158 6113//6158 6112//6158 6115//6158 6117//6158 6116//6158
f 6113//6159 172//6159 119//6159 6107//6159 6106//6159 6110//6159 6111//6159 6114//6159
f 116//6160 1//6160 7//6160 11//6160 13//6160 19//6160 24//6160 27//6160 29//6160 36//6160 38//6160 42//6160 45//6160 51//6160 55//6160 60//6160 63//6160 68//6160 70//6160 74//6160 76//6160 78//6160 80//6160 82//6160 85//6160 89//6160 94//6160 97//6160 101//6160 103//6160 107//6160 113//6160
f 2//6161 4//6161 67//6161 65//6161
f 4//6162 6//6162 69//6162 67//6162
f 71//6163 69//6163 6//6163 8//6163
f 6293//6164 6292//6164 71//6164 8//6164 10//6164 6291//6164
f 6268//6165 6267//6165 6291//6165 10//6165 12//6165 6271//6165 6270//6165
f 6271//6166 12//6166 14//6166 6273//6166 6274//6166 6269//6166
f 6273//6167 14//6167 16//6167 6275//6167 6276//6167 6272//6167
f 6275//6168 16//6168 17//6168 6252//6168 6254//6168 6253//6168
f 6252//6169 17//6169 20//6169 6248//6169 6249//6169 6250//6169 6251//6169
f 6248//6170 20//6170 21//6170 6245//6170 6244//6170 6246//6170 6247//6170
f 6245//6171 21//6171 23//6171 6241//6171 6242//6171 6243//6171
f 6241//6172 23//6172 26//6172 6238//6172 6240//6172 6239//6172
f 6234//6173 6236//6173 6237//6173 6238//6173 26//6173 28//6173 6235//6173
f 6235//6174 28//6174 30//6174 84//6174 6231//6174 6230//6174 6233//6174
f 86//6175 84//6175 30//6175 32//6175
f 32//6176 33//6176 88//6176 86//6176
f 33//6177 35//6177 90//6177 88//6177
f 35//6178 37//6178 92//6178 90//6178
f 37//6179 40//6179 93//6179 92//6179
f 40//6180 41//6180 96//6180 93//6180
f 41//6181 43//6181 98//6181 96//6181
f 43//6182 46//6182 100//6182 98//6182
f 46//6183 48//6183 102//6183 100//6183
f 48//6184 49//6184 104//6184 102//6184
f 49//6185 52//6185 106//6185 104//6185
f 52//6186 53//6186 108//6186 106//6186
f 53//6187 56//6187 109//6187 108//6187
f 56//6188 57//6188 111//6188 109//6188
f 57//6189 59//6189 114//6189 111//6189
f 59//6190 62//6190 115//6190 114//6190
f 62//6191 64//6191 118//6191 115//6191
f 64//6192 2//6192 65//6192 118//6192
f 6324//6193 65//6193 67//6193 6327//6193 6326//6193 6323//6193 6325//6193
f 6327//6194 67//6194 69//6194 6287//6194 6284//6194 6285//6194 6328//6194
f 6287//6195 69//6195 71//6195 6290//6195 6286//6195
f 6290//6196 71//6196 6292//6196 6288//6196 6289//6196
f 6232//6197 6231//6197 84//6197
f 6229//6198 6232//6198 84//6198 86//6198 6224//6198 6225//6198 6227//6198 6228//6198
f 6226//6199 6224//6199 86//6199 88//6199 6223//6199 6222//6199
f 6220//6200 6219//6200 6223//6200 88//6200 90//6200 6265//6200 6221//6200
f 6266//6201 6265//6201 90//6201 92//6201 6261//6201 6263//6201 6264//6201
f 6262//6202 6261//6202 92//6202 93//6202 6259//6202 6257//6202 6260//6202
f 6259//6203 93//6203 96//6203 6278//6203 6256//6203 6255//6203 6258//6203
f 6278//6204 96//6204 98//6204 6280//6204 6279//6204 6277//6204
f 6280//6205 98//6205 100//6205 6283//6205
f 6294//6206 6282//6206 6281//6206 6283//6206 100//6206 102//6206 6295//6206
f 6295//6207 102//6207 104//6207 6297//6207 6296//6207
f 6297//6208 104//6208 106//6208 6300//6208 6301//6208
f 6300//6209 106//6209 108//6209 6304//6209 6298//6209 6299//6209
f 6304//6210 108//6210 109//6210 6306//6210 6302//6210 6303//6210
f 6306//6211 109//6211 111//6211 6308//6211 6307//6211 6305//6211
f 6309//6212 6308//6212 111//6212 114//6212 6312//6212 6310//6212 6311//6212
f 6312//6213 114//6213 115//6213 6316//6213 6315//6213 6313//6213 6314//6213
f 6316//6214 115//6214 118//6214 6320//6214 6317//6214 6318//6214
f 6319//6215 6321//6215 6320//6215 118//6215 65//6215 6324//6215 6322//6215
f 4//6216 6//6216 8//6216 10//6216 12//6216 14//6216 16//6216 17//6216 20//6216 21//6216 23//6216 26//6216 28//6216 30//6216 32//6216 33//6216 35//6216 37//6216 40//6216 41//6216 43//6216 46//6216 48//6216 49//6216 52//6216 53//6216 56//6216 57//6216 59//6216 62//6216 64//6216 2//6216
