tid,t,x,y,v,cls,p_reject,anomaly,reject,scheduled,activated,late,headroom_ms,n_obs,pulse_ms,nozzles,target_uids,own_hit_uids
1,0.2920,-0.1197,0.0217,3.004,good,0.001,2.15,0,0,0,0,13.13,2,0.0,,,
2,0.2920,-0.1190,-0.0419,2.997,good,0.001,3.16,0,0,0,0,13.05,2,0.0,,,
0,0.2960,-0.1102,0.1076,3.042,good,0.000,3.27,0,0,0,0,9.10,3,0.0,,,
3,0.3000,-0.1110,0.2123,3.006,good,0.000,2.97,0,0,0,0,10.18,3,0.0,,,
4,0.3000,-0.1175,-0.1033,2.998,good,0.000,1.92,0,0,0,0,12.56,2,0.0,,,
6,0.3040,-0.1147,-0.2308,2.993,good,0.000,2.75,0,0,0,0,11.76,2,0.0,,,
5,0.3080,-0.1083,0.0027,2.992,good,0.000,6.09,0,0,0,0,9.63,3,0.0,,,
9,0.3080,-0.1153,-0.1030,3.006,insect,1.000,4.18,1,1,1,0,11.62,2,3.1,18|19,13,13
10,0.3080,-0.1162,0.2278,3.016,good,0.000,1.84,0,0,0,0,11.66,2,0.0,,,
7,0.3120,-0.1141,-0.1802,3.007,broken,0.998,3.34,1,1,1,0,11.22,3,2.4,8|9,15,
8,0.3120,-0.1129,-0.0180,2.973,good,0.241,6.20,0,0,0,0,11.61,3,0.0,,,
11,0.3120,-0.1189,0.1962,2.982,good,0.000,2.81,0,0,0,0,13.41,2,0.0,,,
12,0.3120,-0.1173,0.1405,2.992,good,0.001,1.82,0,0,0,0,12.61,2,0.0,,,
13,0.3120,-0.1178,-0.0357,3.001,good,0.000,2.91,0,0,0,0,12.57,2,0.0,,,
16,0.3160,-0.1196,-0.0454,2.997,good,0.000,4.01,0,0,0,0,13.27,2,0.0,,,
14,0.3200,-0.1119,0.1055,3.003,good,0.000,2.80,0,0,0,0,10.57,3,0.0,,,
15,0.3200,-0.1108,-0.1365,2.987,good,0.007,3.75,0,0,0,0,10.58,3,0.0,,,
20,0.3200,-0.1181,-0.2234,3.010,sour,1.000,20.22,1,1,1,0,12.45,2,3.2,3,29,29
21,0.3200,-0.1162,-0.1115,2.999,good,0.001,2.12,0,0,0,0,12.08,2,0.0,,,
22,0.3200,-0.1240,0.1837,3.000,good,0.000,7.66,0,0,0,0,10.65,1,0.0,,,
26,0.3200,-0.1138,0.1800,3.000,good,0.000,2.11,0,0,0,0,11.28,1,0.0,,,
27,0.3200,-0.1090,0.1871,3.000,good,0.001,2.06,0,0,0,0,9.66,1,0.0,,,
17,0.3240,-0.1104,-0.1579,3.003,good,0.012,3.21,0,0,0,0,10.07,3,0.0,,,
18,0.3240,-0.1095,0.1182,3.004,good,0.000,1.79,0,0,0,0,9.73,3,0.0,,,
19,0.3240,-0.1087,0.2154,3.012,good,0.000,4.99,0,0,0,0,9.30,3,0.0,,,
24,0.3240,-0.1196,-0.2033,3.094,good,0.000,3.76,0,0,0,0,10.97,2,0.0,,,
25,0.3240,-0.1166,0.2000,2.991,good,0.000,1.64,0,0,0,0,12.40,2,0.0,,,
23,0.3280,-0.1103,0.1844,2.982,good,0.006,2.12,0,0,0,0,10.54,3,0.0,,,
33,0.3280,-0.1199,0.0645,2.996,insect,1.000,4.15,1,1,1,0,13.39,2,3.1,40,42,42
28,0.3320,-0.1158,-0.1459,3.001,good,0.000,5.11,0,0,0,0,11.91,3,0.0,,,
29,0.3320,-0.1146,-0.2387,3.005,good,0.000,2.11,0,0,0,0,11.42,3,0.0,,,
30,0.3320,-0.1150,0.1525,2.943,good,0.000,3.07,0,0,0,0,13.06,3,0.0,,,
31,0.3320,-0.1116,0.0160,3.000,good,0.003,2.44,0,0,0,0,10.54,3,0.0,,,
32,0.3320,-0.1105,-0.0750,3.000,good,0.001,2.82,0,0,0,0,10.17,3,0.0,,,
34,0.3360,-0.1085,0.0661,2.997,broken,0.999,2.26,1,1,1,0,9.56,3,2.4,40,27,27
40,0.3360,-0.1192,-0.0275,2.992,good,0.000,4.32,0,0,0,0,13.28,2,0.0,,,
41,0.3360,-0.1170,-0.0879,3.000,good,0.001,7.97,0,0,0,0,12.33,2,0.0,,,
35,0.3400,-0.1138,-0.1192,2.998,good,0.000,2.60,0,0,0,0,11.33,3,0.0,,,
36,0.3400,-0.1134,-0.0608,3.000,good,0.000,5.59,0,0,0,0,11.14,3,0.0,,,
37,0.3400,-0.1144,0.1282,2.999,shell,1.000,7.53,1,1,1,0,11.48,3,2.4,48,56,56
38,0.3400,-0.1116,-0.1953,3.007,good,0.000,2.53,0,0,0,0,10.36,3,0.0,,,
39,0.3400,-0.1098,-0.0111,3.004,good,0.000,2.74,0,0,0,0,9.85,3,0.0,,,
44,0.3400,-0.1188,-0.0215,3.000,good,0.001,2.98,0,0,0,0,12.95,2,0.0,,,
45,0.3400,-0.1169,-0.1733,2.989,good,0.001,2.77,0,0,0,0,12.59,2,0.0,,,
42,0.3440,-0.1128,-0.1417,3.001,sour,1.000,16.55,1,1,1,0,10.91,3,3.2,13|14,44,44
43,0.3440,-0.1119,-0.0341,3.004,good,0.006,4.67,0,0,0,0,10.51,3,0.0,,,
46,0.3440,-0.1169,0.1081,3.022,good,0.000,2.05,0,0,0,0,11.77,2,0.0,,,
47,0.3440,-0.1164,-0.2407,3.000,good,0.001,5.10,0,0,0,0,12.13,2,0.0,,,
48,0.3440,-0.1156,0.1602,2.995,good,0.000,3.93,0,0,0,0,12.00,2,0.0,,,
53,0.3480,-0.1177,0.0017,2.996,good,0.279,3.12,0,0,0,0,12.66,2,0.0,,,
54,0.3480,-0.1147,0.1235,3.019,good,0.000,2.15,0,0,0,0,11.12,2,0.0,,,
49,0.3520,-0.1128,0.1947,2.997,black,1.000,50.55,1,1,1,0,10.99,3,3.2,56|57,58,58
50,0.3520,-0.1126,0.0680,2.986,good,0.000,2.82,0,0,0,0,11.19,3,0.0,,,
51,0.3520,-0.1102,-0.2009,3.001,good,0.034,2.21,0,0,0,0,10.05,3,0.0,,,
52,0.3520,-0.1099,-0.0450,2.989,good,0.001,3.51,0,0,0,0,10.22,3,0.0,,,
57,0.3520,-0.1181,0.1231,2.997,faded,0.826,2.91,1,1,1,0,12.79,2,3.2,47,46,46
55,0.3560,-0.1137,-0.0627,2.996,good,0.000,3.28,0,0,0,0,11.33,3,0.0,,,
56,0.3560,-0.1095,-0.0343,2.993,good,0.000,1.97,0,0,0,0,10.00,3,0.0,,,
58,0.3600,-0.1144,-0.1016,2.993,good,0.000,2.41,0,0,0,0,11.63,3,0.0,,,
59,0.3600,-0.1120,0.0318,3.003,good,0.000,4.53,0,0,0,0,10.60,3,0.0,,,
64,0.3640,-0.1198,-0.1639,3.000,good,0.000,2.15,0,0,0,0,13.26,2,0.0,,,
65,0.3640,-0.1196,-0.1394,2.979,good,0.002,3.37,0,0,0,0,13.71,2,0.0,,,
66,0.3640,-0.1154,-0.0658,3.148,good,0.022,3.23,0,0,0,0,8.43,2,0.0,,,
60,0.3680,-0.1154,0.0885,2.998,good,0.000,1.94,0,0,0,0,11.85,3,0.0,,,
61,0.3680,-0.1142,-0.1715,3.000,good,0.000,1.76,0,0,0,0,11.41,3,0.0,,,
62,0.3680,-0.1098,0.1375,3.000,good,0.024,2.78,0,0,0,0,9.93,3,0.0,,,
63,0.3680,-0.1085,-0.0951,2.997,good,0.016,3.02,0,0,0,0,9.55,3,0.0,,,
67,0.3720,-0.1130,-0.0848,2.956,good,0.001,5.32,0,0,0,0,12.06,3,0.0,,,
68,0.3720,-0.1134,-0.0540,2.978,good,0.000,4.54,0,0,0,0,11.65,3,0.0,,,
69,0.3720,-0.1120,-0.0313,2.998,good,0.080,4.56,0,0,0,0,10.71,3,0.0,,,
70,0.3720,-0.1093,0.1257,3.001,good,0.001,3.08,0,0,0,0,9.77,3,0.0,,,
73,0.3720,-0.1196,-0.0094,3.000,good,0.001,2.43,0,0,0,0,13.19,2,0.0,,,
74,0.3720,-0.1179,0.2254,3.012,good,0.000,2.31,0,0,0,0,12.35,2,0.0,,,
75,0.3720,-0.1159,0.0503,3.013,good,0.002,3.59,0,0,0,0,11.66,2,0.0,,,
71,0.3760,-0.1151,0.1623,2.996,good,0.001,6.02,0,0,0,0,11.80,3,0.0,,,
72,0.3760,-0.1130,0.0628,2.926,good,0.001,2.76,0,0,0,0,12.78,3,0.0,,,
77,0.3760,-0.1169,0.1106,2.988,good,0.000,3.02,0,0,0,0,12.61,2,0.0,,,
78,0.3760,-0.1166,-0.0508,2.994,good,0.000,4.07,0,0,0,0,12.33,2,0.0,,,
76,0.3800,-0.1155,0.0514,3.000,good,0.000,2.21,0,0,0,0,11.85,3,0.0,,,
80,0.3800,-0.1196,-0.1191,3.008,good,0.001,2.87,0,0,0,0,13.01,2,0.0,,,
81,0.3800,-0.1171,0.2159,2.997,good,0.027,2.82,0,0,0,0,12.44,2,0.0,,,
82,0.3800,-0.1214,0.1585,3.000,good,0.000,2.85,0,0,0,0,9.81,1,0.0,,,
79,0.3840,-0.1143,-0.0055,3.007,good,0.000,2.19,0,0,0,0,11.26,3,0.0,,,
84,0.3840,-0.1189,0.1449,3.007,good,0.000,2.91,0,0,0,0,12.78,2,0.0,,,
85,0.3840,-0.1168,-0.1026,3.006,good,0.000,1.86,0,0,0,0,12.13,2,0.0,,,
86,0.3840,-0.1164,0.2341,2.989,good,0.016,4.90,0,0,0,0,12.39,2,0.0,,,
83,0.3880,-0.1125,-0.0483,3.003,good,0.000,3.08,0,0,0,0,10.75,3,0.0,,,
87,0.3920,-0.1143,-0.0019,3.005,good,0.000,2.54,0,0,0,0,11.32,3,0.0,,,
88,0.3920,-0.1131,0.1269,2.999,good,0.000,3.74,0,0,0,0,11.05,3,0.0,,,
89,0.3920,-0.1141,-0.2188,2.954,good,0.001,3.86,0,0,0,0,12.48,3,0.0,,,
90,0.3920,-0.1128,0.0298,2.997,good,0.000,3.43,0,0,0,0,11.00,3,0.0,,,
91,0.3920,-0.1097,0.0586,3.000,good,0.000,1.89,0,0,0,0,9.91,3,0.0,,,
93,0.3920,-0.1162,0.1990,3.001,good,0.000,3.26,0,0,0,0,12.03,2,0.0,,,
92,0.3960,-0.1127,-0.0861,3.000,good,0.042,3.12,0,0,0,0,10.91,3,0.0,,,
94,0.4000,-0.1150,-0.0243,3.006,good,0.000,2.14,0,0,0,0,11.52,3,0.0,,,
95,0.4000,-0.1112,0.1615,2.994,good,0.001,1.94,0,0,0,0,10.55,3,0.0,,,
96,0.4040,-0.1114,0.0708,3.003,good,0.000,1.62,0,0,0,0,10.41,3,0.0,,,
97,0.4040,-0.1084,0.2178,2.998,good,0.000,2.12,0,0,0,0,9.51,3,0.0,,,
100,0.4040,-0.1191,0.2181,2.998,good,0.002,5.85,0,0,0,0,13.08,2,0.0,,,
101,0.4040,-0.1195,-0.1725,2.992,good,0.000,2.65,0,0,0,0,13.36,2,0.0,,,
102,0.4040,-0.1185,-0.1365,2.999,good,0.000,3.23,0,0,0,0,12.86,2,0.0,,,
98,0.4080,-0.1120,-0.2155,3.006,black,1.000,50.56,1,1,1,0,10.52,3,3.2,4,111,111
99,0.4080,-0.1104,0.0056,3.008,good,0.000,2.27,0,0,0,0,9.97,3,0.0,,,
107,0.4080,-0.1169,0.1009,2.998,good,0.000,2.89,0,0,0,0,12.35,2,0.0,,,
103,0.4120,-0.1126,-0.0842,2.935,good,0.001,2.80,0,0,0,0,12.41,3,0.0,,,
104,0.4120,-0.1107,-0.2064,3.006,good,0.001,3.26,0,0,0,0,10.11,3,0.0,,,
105,0.4120,-0.1110,0.0548,3.013,good,0.008,3.42,0,0,0,0,10.02,3,0.0,,,
106,0.4120,-0.1089,-0.1513,2.986,good,0.005,2.51,0,0,0,0,9.97,3,0.0,,,
108,0.4120,-0.1188,-0.1940,3.002,faded,0.999,4.73,1,1,1,0,12.89,2,3.2,7|6,109,109
109,0.4120,-0.1174,0.0289,2.989,good,0.000,3.34,0,0,0,0,12.73,2,0.0,,,
110,0.4120,-0.1184,0.0843,3.005,good,0.000,2.26,0,0,0,0,12.67,2,0.0,,,
114,0.4160,-0.1194,0.0443,2.995,good,0.110,2.73,0,0,0,0,13.26,2,0.0,,,
111,0.4200,-0.1106,-0.0240,3.000,good,0.007,2.57,0,0,0,0,10.21,3,0.0,,,
112,0.4200,-0.1106,-0.1512,3.029,faded,0.998,3.96,1,1,1,0,9.54,3,3.2,12,100,
113,0.4200,-0.1085,0.1957,2.995,good,0.004,5.85,0,0,0,0,9.61,3,0.0,,,
117,0.4200,-0.1199,-0.0356,2.997,good,0.001,2.46,0,0,0,0,13.39,2,0.0,,,
118,0.4200,-0.1191,0.1964,3.003,good,0.020,3.01,0,0,0,0,12.98,2,0.0,,,
119,0.4200,-0.1185,0.0847,2.944,good,0.013,3.79,0,0,0,0,14.22,2,0.0,,,
115,0.4240,-0.1137,-0.2358,3.001,good,0.003,3.74,0,0,0,0,11.21,3,0.0,,,
116,0.4240,-0.1095,-0.0683,3.001,good,0.000,2.05,0,0,0,0,9.82,3,0.0,,,
123,0.4240,-0.1184,0.1733,3.006,good,0.000,2.57,0,0,0,0,12.67,2,0.0,,,
124,0.4240,-0.1178,-0.2163,3.173,good,0.009,3.07,0,0,0,0,8.65,2,0.0,,,
125,0.4240,-0.1173,-0.1960,3.000,good,0.000,2.57,0,0,0,0,12.43,2,0.0,,,
120,0.4280,-0.1133,0.2195,2.998,good,0.000,4.11,0,0,0,0,11.13,3,0.0,,,
121,0.4280,-0.1124,-0.0525,3.006,good,0.000,1.78,0,0,0,0,10.66,3,0.0,,,
122,0.4280,-0.1109,0.2046,2.997,good,0.000,2.45,0,0,0,0,10.38,3,0.0,,,
126,0.4320,-0.1154,-0.0670,3.000,good,0.085,3.04,0,0,0,0,11.78,3,0.0,,,
131,0.4320,-0.1190,-0.1182,2.986,husk,1.000,75.03,1,1,1,0,13.34,2,2.4,16|17,108,108
127,0.4360,-0.1106,0.1640,3.139,good,0.000,2.14,0,0,0,0,7.08,3,0.0,,,
128,0.4360,-0.1100,0.0391,3.011,good,0.000,3.00,0,0,0,0,9.76,3,0.0,,,
129,0.4360,-0.1099,-0.2093,3.000,good,0.000,2.61,0,0,0,0,9.97,3,0.0,,,
130,0.4360,-0.1099,0.0069,3.006,good,0.001,2.46,0,0,0,0,9.83,3,0.0,,,
133,0.4360,-0.1169,-0.1843,2.995,good,0.252,4.04,0,0,0,0,12.43,2,0.0,,,
134,0.4360,-0.1169,0.1169,3.001,good,0.000,2.07,0,0,0,0,12.30,2,0.0,,,
135,0.4360,-0.1166,-0.1245,2.991,good,0.000,2.19,0,0,0,0,12.42,2,0.0,,,
132,0.4400,-0.1097,0.0387,3.009,good,0.060,4.51,0,0,0,0,9.70,3,0.0,,,
136,0.4440,-0.1123,0.1450,3.003,good,0.000,2.89,0,0,0,0,10.69,3,0.0,,,
137,0.4440,-0.1088,-0.2260,3.004,good,0.002,2.71,0,0,0,0,9.50,3,0.0,,,
138,0.4440,-0.1086,0.2251,3.000,insect,1.000,11.75,1,1,1,0,9.54,3,3.1,60|61,130,130
139,0.4440,-0.1166,-0.2159,3.004,good,0.000,2.89,0,0,0,0,12.09,2,0.0,,,
140,0.4440,-0.1157,0.0209,3.006,good,0.001,3.16,0,0,0,0,11.77,2,0.0,,,
141,0.4440,-0.1155,0.0936,3.014,good,0.000,3.07,0,0,0,0,11.50,2,0.0,,,
144,0.4480,-0.1190,-0.0960,2.999,good,0.000,2.07,0,0,0,0,13.02,2,0.0,,,
142,0.4520,-0.1131,-0.1667,3.001,good,0.000,3.40,0,0,0,0,11.03,3,0.0,,,
143,0.4520,-0.1120,0.0326,3.000,good,0.000,2.15,0,0,0,0,10.66,3,0.0,,,
150,0.4520,-0.1160,-0.2178,3.003,faded,0.999,6.03,1,1,1,0,11.93,2,3.2,4|3,141,141
151,0.4520,-0.1179,0.0240,3.000,good,0.000,3.53,0,0,0,0,12.63,2,0.0,,,
152,0.4520,-0.1155,-0.1758,2.995,good,0.000,3.67,0,0,0,0,11.96,2,0.0,,,
145,0.4560,-0.1155,-0.2050,3.007,good,0.020,2.80,0,0,0,0,11.68,3,0.0,,,
146,0.4560,-0.1127,0.1549,3.001,good,0.000,3.10,0,0,0,0,10.88,3,0.0,,,
147,0.4560,-0.1117,0.0664,2.986,faded,1.000,4.96,1,1,1,0,10.90,3,3.2,40,149,149
148,0.4560,-0.1094,0.2294,3.002,good,0.000,3.80,0,0,0,0,9.73,3,0.0,,,
149,0.4560,-0.1087,0.0152,2.997,good,0.000,3.07,0,0,0,0,9.63,3,0.0,,,
153,0.4600,-0.1164,0.1233,3.004,broken,0.981,4.36,1,1,1,0,12.02,3,2.4,47,181,181
154,0.4600,-0.1146,-0.0190,3.000,good,0.001,2.66,0,0,0,0,11.53,3,0.0,,,
155,0.4600,-0.1120,0.2242,3.005,good,0.000,1.86,0,0,0,0,10.55,3,0.0,,,
156,0.4600,-0.1111,0.1912,2.998,insect,1.000,8.28,1,1,1,0,10.41,3,3.1,56,154,154
157,0.4600,-0.1100,-0.0340,3.017,good,0.000,2.52,0,0,0,0,9.59,3,0.0,,,
158,0.4640,-0.1150,-0.1479,3.005,good,0.001,2.16,0,0,0,0,11.55,3,0.0,,,
159,0.4640,-0.1106,0.2070,3.002,good,0.012,5.09,0,0,0,0,10.17,3,0.0,,,
160,0.4640,-0.1109,0.1307,3.004,black,1.000,56.35,1,1,1,0,10.21,3,3.2,48,153,153
164,0.4640,-0.1191,-0.1249,3.004,good,0.001,1.68,0,0,0,0,12.93,2,0.0,,,
165,0.4640,-0.1193,-0.1109,3.031,good,0.000,1.99,0,0,0,0,12.37,2,0.0,,,
166,0.4640,-0.1196,0.0628,2.994,black,1.000,52.84,1,1,1,0,13.33,2,3.2,40|39,168,168
161,0.4680,-0.1125,-0.0255,3.006,good,0.000,4.27,0,0,0,0,10.71,3,0.0,,,
162,0.4680,-0.1093,-0.0055,2.996,good,0.001,2.27,0,0,0,0,9.86,3,0.0,,,
163,0.4680,-0.1083,0.0855,2.999,good,0.000,2.95,0,0,0,0,9.46,3,0.0,,,
168,0.4680,-0.1170,-0.1380,3.007,good,0.000,2.76,0,0,0,0,12.15,2,0.0,,,
169,0.4680,-0.1165,-0.0154,3.157,good,0.000,2.55,0,0,0,0,8.59,2,0.0,,,
170,0.4680,-0.1152,0.2259,2.996,good,0.011,4.40,0,0,0,0,11.82,2,0.0,,,
167,0.4720,-0.1127,-0.0797,2.994,good,0.000,4.04,0,0,0,0,11.06,3,0.0,,,
177,0.4720,-0.1180,-0.2171,3.005,good,0.000,7.93,0,0,0,0,12.54,2,0.0,,,
171,0.4760,-0.1118,-0.0955,2.998,good,0.003,2.73,0,0,0,0,10.64,3,0.0,,,
172,0.4760,-0.1107,-0.1203,3.230,good,0.000,1.49,0,0,0,0,5.24,3,0.0,,,
173,0.4760,-0.1134,0.0336,2.788,good,0.000,2.90,0,0,0,0,16.53,3,0.0,,,
174,0.4760,-0.1086,-0.2279,2.999,insect,1.000,3.12,1,1,1,0,9.55,3,3.1,2|3,179,179
175,0.4760,-0.1081,-0.1967,2.999,good,0.003,1.86,0,0,0,0,9.39,3,0.0,,,
176,0.4760,-0.1081,0.2114,3.013,good,0.203,4.90,0,0,0,0,9.08,3,0.0,,,
178,0.4800,-0.1142,-0.0262,3.003,good,0.001,3.29,0,0,0,0,11.32,3,0.0,,,
179,0.4800,-0.1115,-0.1456,2.999,good,0.001,2.04,0,0,0,0,10.52,3,0.0,,,
180,0.4800,-0.1084,-0.1352,3.001,good,0.000,2.58,0,0,0,0,9.43,3,0.0,,,
181,0.4800,-0.1200,-0.0735,3.007,good,0.000,4.74,0,0,0,0,13.14,2,0.0,,,
182,0.4800,-0.1180,0.0240,3.002,good,0.000,3.25,0,0,0,0,12.62,2,0.0,,,
186,0.4840,-0.1183,-0.1624,3.001,good,0.013,2.38,0,0,0,0,12.73,2,0.0,,,
183,0.4880,-0.1142,-0.1788,2.984,good,0.001,1.61,0,0,0,0,11.78,3,0.0,,,
184,0.4880,-0.1134,0.1455,3.001,good,0.000,1.32,0,0,0,0,11.11,3,0.0,,,
185,0.4880,-0.1097,0.0926,2.998,good,0.012,4.02,0,0,0,0,9.96,3,0.0,,,
187,0.4920,-0.1153,0.0015,2.991,good,0.000,3.81,0,0,0,0,11.97,3,0.0,,,
188,0.4920,-0.1135,0.1042,2.986,good,0.000,2.04,0,0,0,0,11.51,3,0.0,,,
189,0.4920,-0.1120,-0.1912,3.003,good,0.000,3.41,0,0,0,0,10.60,3,0.0,,,
190,0.4920,-0.1102,0.1183,2.996,good,0.000,3.46,0,0,0,0,10.15,3,0.0,,,
191,0.4960,-0.1149,0.2043,3.002,good,0.000,1.69,0,0,0,0,11.58,3,0.0,,,
192,0.4960,-0.1155,-0.0479,3.002,good,0.000,3.28,0,0,0,0,11.78,3,0.0,,,
193,0.4960,-0.1123,-0.0376,2.998,good,0.008,2.89,0,0,0,0,10.81,3,0.0,,,
194,0.4960,-0.1093,-0.1441,2.996,good,0.001,2.80,0,0,0,0,9.86,3,0.0,,,
195,0.4960,-0.1110,0.1972,3.073,good,0.000,3.96,0,0,0,0,8.67,3,0.0,,,
196,0.4960,-0.1082,-0.1169,3.009,good,0.003,2.34,0,0,0,0,9.20,3,0.0,,,
197,0.4960,-0.1195,-0.0617,3.251,good,0.000,3.25,0,0,0,0,7.52,2,0.0,,,
198,0.5000,-0.1155,-0.0632,3.185,good,0.000,3.20,0,0,0,0,7.66,2,0.0,,,
199,0.5080,-0.1152,0.1224,3.006,good,0.000,1.93,0,0,0,0,11.61,3,0.0,,,
200,0.5080,-0.1151,0.1612,3.011,good,0.002,5.33,0,0,0,0,11.45,3,0.0,,,
201,0.5080,-0.1152,0.0122,2.995,good,0.011,3.55,0,0,0,0,11.87,3,0.0,,,
202,0.5080,-0.1365,0.1969,3.000,good,0.001,8.03,0,0,0,0,10.83,1,0.0,,,
203,0.5080,-0.1107,0.1011,2.992,good,0.000,2.49,0,0,0,0,10.43,3,0.0,,,
204,0.5080,-0.1108,0.2180,2.999,good,0.000,2.32,0,0,0,0,10.29,3,0.0,,,
205,0.5080,-0.1105,-0.1846,2.999,good,0.322,3.99,0,0,0,0,10.19,3,0.0,,,
207,0.5080,-0.1186,-0.0157,2.995,good,0.000,1.88,0,0,0,0,12.98,2,0.0,,,
208,0.5080,-0.1141,0.1931,2.995,good,0.000,2.43,0,0,0,0,11.47,2,0.0,,,
209,0.5080,-0.1136,0.2020,2.644,good,0.001,3.13,0,0,0,0,20.80,2,0.0,,,
206,0.5120,-0.1131,0.0884,3.000,good,0.001,4.88,0,0,0,0,11.05,3,0.0,,,
210,0.5160,-0.1132,-0.0957,3.004,good,0.000,2.66,0,0,0,0,10.97,3,0.0,,,
211,0.5160,-0.1140,0.1493,2.999,good,0.004,4.39,0,0,0,0,11.35,3,0.0,,,
212,0.5160,-0.1128,-0.1622,3.004,insect,1.000,7.72,1,1,1,0,10.85,3,3.1,11,199,199
213,0.5160,-0.1110,-0.2298,2.999,good,0.000,1.65,0,0,0,0,10.37,3,0.0,,,
214,0.5160,-0.1111,0.2418,3.000,black,1.000,50.96,1,1,1,0,10.36,3,3.2,62|63,232,232
215,0.5200,-0.1157,0.1705,2.969,good,0.001,4.20,0,0,0,0,12.64,3,0.0,,,
218,0.5200,-0.1197,0.1361,3.002,good,0.079,3.33,0,0,0,0,13.20,2,0.0,,,
220,0.5200,-0.1187,0.1167,2.995,black,1.000,50.40,1,1,1,0,13.03,2,3.2,46|47,237,237
221,0.5200,-0.1184,0.0173,2.999,good,0.007,3.38,0,0,0,0,12.83,2,0.0,,,
229,0.5200,-0.1020,0.1456,3.000,good,0.005,4.39,0,0,0,0,7.33,1,0.0,,,
216,0.5240,-0.1152,-0.0334,3.004,good,0.001,1.83,0,0,0,0,11.66,3,0.0,,,
217,0.5240,-0.1096,-0.0055,2.996,good,0.001,2.59,0,0,0,0,9.98,3,0.0,,,
219,0.5240,-0.1084,-0.2280,2.989,good,0.001,4.13,0,0,0,0,9.71,3,0.0,,,
228,0.5240,-0.1178,-0.1974,2.995,good,0.001,2.35,0,0,0,0,12.72,2,0.0,,,
222,0.5280,-0.1146,-0.0845,3.022,good,0.098,3.53,0,0,0,0,11.00,3,0.0,,,
223,0.5280,-0.1135,0.0244,2.990,good,0.000,3.37,0,0,0,0,11.41,3,0.0,,,
224,0.5280,-0.1115,-0.1599,3.003,good,0.000,2.23,0,0,0,0,10.43,3,0.0,,,
225,0.5280,-0.1114,-0.0063,3.010,good,0.001,3.06,0,0,0,0,10.22,3,0.0,,,
226,0.5280,-0.1110,0.1218,3.004,good,0.000,2.49,0,0,0,0,10.25,3,0.0,,,
227,0.5280,-0.1087,-0.1747,3.007,good,0.000,2.27,0,0,0,0,9.39,3,0.0,,,
231,0.5280,-0.1161,0.0945,3.005,insect,1.000,8.26,1,1,1,0,11.92,2,3.1,44|43,228,228
232,0.5280,-0.1149,0.0807,2.998,good,0.045,5.76,0,0,0,0,11.66,2,0.0,,,
230,0.5320,-0.1124,-0.1333,2.994,good,0.007,2.71,0,0,0,0,10.94,3,0.0,,,
234,0.5320,-0.1199,-0.0871,3.000,good,0.001,2.76,0,0,0,0,13.31,2,0.0,,,
235,0.5320,-0.1187,0.0523,3.021,good,0.003,3.95,0,0,0,0,12.40,2,0.0,,,
233,0.5360,-0.1089,0.2191,3.000,good,0.003,2.99,0,0,0,0,9.65,3,0.0,,,
240,0.5360,-0.1190,-0.0628,2.999,good,0.000,3.24,0,0,0,0,13.03,2,0.0,,,
236,0.5400,-0.1121,-0.0093,3.009,good,0.000,2.10,0,0,0,0,10.47,3,0.0,,,
237,0.5400,-0.1103,0.0098,3.003,good,0.001,3.52,0,0,0,0,10.04,3,0.0,,,
238,0.5400,-0.1089,0.2046,2.999,good,0.000,2.07,0,0,0,0,9.65,3,0.0,,,
239,0.5400,-0.1081,-0.0543,3.005,good,0.000,2.13,0,0,0,0,9.25,3,0.0,,,
244,0.5400,-0.1170,-0.1316,2.994,good,0.000,2.20,0,0,0,0,12.46,2,0.0,,,
241,0.5440,-0.1159,-0.1147,2.894,good,0.000,3.00,0,0,0,0,14.58,3,0.0,,,
242,0.5440,-0.1118,-0.0313,2.997,good,0.000,3.46,0,0,0,0,10.66,3,0.0,,,
243,0.5440,-0.1128,0.1540,3.000,good,0.000,2.57,0,0,0,0,10.93,3,0.0,,,
252,0.5440,-0.1180,-0.1939,3.002,good,0.001,1.80,0,0,0,0,12.63,2,0.0,,,
253,0.5440,-0.1163,-0.1816,3.009,sour,1.000,26.85,1,1,1,0,11.89,2,3.2,8,242,242
245,0.5480,-0.1140,0.1763,2.994,good,0.000,2.62,0,0,0,0,11.48,3,0.0,,,
246,0.5480,-0.1141,0.2381,2.996,good,0.000,2.39,0,0,0,0,11.48,3,0.0,,,
247,0.5480,-0.1134,0.1565,2.991,good,0.001,3.94,0,0,0,0,11.34,3,0.0,,,
248,0.5480,-0.1101,0.0652,3.015,black,1.000,48.97,1,1,1,0,9.68,3,3.2,40,238,238
249,0.5480,-0.1106,0.0501,3.002,good,0.000,2.10,0,0,0,0,10.16,3,0.0,,,
250,0.5480,-0.1095,-0.2007,2.997,good,0.001,2.60,0,0,0,0,9.92,3,0.0,,,
251,0.5480,-0.1091,-0.0733,2.995,good,0.000,1.33,0,0,0,0,9.81,3,0.0,,,
257,0.5480,-0.1180,-0.0701,2.999,good,0.030,3.15,0,0,0,0,12.69,2,0.0,,,
254,0.5520,-0.1143,-0.1565,3.008,good,0.001,7.08,0,0,0,0,11.23,3,0.0,,,
255,0.5520,-0.1141,0.2112,3.001,faded,0.854,3.18,1,1,1,0,11.34,3,3.2,59|58,260,260
256,0.5520,-0.1108,0.1599,2.992,good,0.000,2.29,0,0,0,0,10.46,3,0.0,,,
261,0.5520,-0.1181,0.1962,2.997,shell,0.988,8.40,1,1,1,0,12.78,2,2.4,57|56,265,265
258,0.5560,-0.1146,-0.0593,3.003,good,0.000,1.98,0,0,0,0,11.44,3,0.0,,,
259,0.5560,-0.1116,0.0150,3.000,good,0.004,3.15,0,0,0,0,10.54,3,0.0,,,
260,0.5560,-0.1086,-0.1320,3.000,good,0.017,3.47,0,0,0,0,9.54,3,0.0,,,
264,0.5560,-0.1164,-0.0294,3.000,good,0.025,3.00,0,0,0,0,12.12,2,0.0,,,
262,0.5600,-0.1141,0.1923,2.996,good,0.001,4.86,0,0,0,0,11.46,3,0.0,,,
263,0.5600,-0.1124,-0.1622,2.998,good,0.002,2.73,0,0,0,0,10.82,3,0.0,,,
265,0.5640,-0.1138,0.1587,2.998,good,0.000,1.57,0,0,0,0,11.30,3,0.0,,,
266,0.5640,-0.1084,-0.0522,3.000,good,0.000,2.72,0,0,0,0,9.46,3,0.0,,,
273,0.5680,-0.1182,-0.2195,3.007,good,0.001,3.16,0,0,0,0,12.57,2,0.0,,,
274,0.5680,-0.1194,0.1495,3.003,good,0.003,3.14,0,0,0,0,13.08,2,0.0,,,
267,0.5720,-0.1154,-0.0696,3.005,good,0.000,3.86,0,0,0,0,11.70,3,0.0,,,
268,0.5720,-0.1106,-0.0193,3.006,good,0.001,2.99,0,0,0,0,10.05,3,0.0,,,
269,0.5720,-0.1116,-0.1960,3.001,good,0.002,1.95,0,0,0,0,10.50,3,0.0,,,
270,0.5720,-0.1117,0.1783,2.956,shell,0.999,14.71,1,1,1,0,11.62,3,2.4,54|55,280,280
271,0.5720,-0.1087,0.2327,3.013,black,1.000,62.43,1,1,1,0,9.29,3,3.2,61,278,278
272,0.5720,-0.1081,-0.1589,2.999,good,0.022,2.75,0,0,0,0,9.39,3,0.0,,,
277,0.5720,-0.1183,-0.1509,2.996,good,0.000,2.33,0,0,0,0,12.86,2,0.0,,,
275,0.5760,-0.1137,0.1299,2.996,good,0.000,3.14,0,0,0,0,11.33,3,0.0,,,
276,0.5760,-0.1092,-0.0642,3.000,good,0.000,3.74,0,0,0,0,9.74,3,0.0,,,
278,0.5800,-0.1122,0.0525,3.005,good,0.000,2.54,0,0,0,0,10.60,3,0.0,,,
281,0.5800,-0.1198,-0.1083,3.011,good,0.067,3.18,0,0,0,0,12.99,2,0.0,,,
279,0.5840,-0.1141,0.2078,3.000,good,0.090,4.38,0,0,0,0,11.37,3,0.0,,,
280,0.5840,-0.1141,-0.1901,3.000,black,1.000,50.11,1,1,1,0,11.37,3,3.2,7,281,281
282,0.5840,-0.1105,0.0080,2.843,good,0.000,2.49,0,0,0,0,14.06,3,0.0,,,
286,0.5840,-0.1188,-0.2019,2.997,good,0.020,3.25,0,0,0,0,13.00,2,0.0,,,
287,0.5840,-0.1178,-0.1377,3.001,good,0.000,3.04,0,0,0,0,12.57,2,0.0,,,
283,0.5880,-0.1123,0.0904,3.323,husk,1.000,11.54,1,1,1,0,3.87,3,2.4,43,320,
284,0.5880,-0.1123,-0.0088,2.998,good,0.001,2.47,0,0,0,0,10.82,3,0.0,,,
285,0.5880,-0.1101,0.1531,2.991,good,0.000,3.16,0,0,0,0,10.23,3,0.0,,,
290,0.5880,-0.1195,0.2099,3.000,good,0.003,7.37,0,0,0,0,13.16,2,0.0,,,
291,0.5880,-0.1183,0.1721,2.827,good,0.009,5.16,0,0,0,0,17.21,2,0.0,,,
292,0.5880,-0.1185,-0.1187,3.059,good,0.012,1.90,0,0,0,0,11.42,2,0.0,,,
293,0.5880,-0.1178,0.0702,2.995,black,1.000,47.75,1,1,1,0,12.73,2,3.2,40|41,292,292
288,0.5920,-0.1159,0.1687,3.003,good,0.000,2.59,0,0,0,0,11.90,3,0.0,,,
289,0.5920,-0.1093,0.0093,3.002,good,0.082,2.60,0,0,0,0,9.72,3,0.0,,,
294,0.5960,-0.1143,0.0216,3.006,good,0.001,2.17,0,0,0,0,11.30,3,0.0,,,
295,0.5960,-0.1134,0.1827,2.985,good,0.000,2.50,0,0,0,0,11.49,3,0.0,,,
296,0.5960,-0.1109,-0.0873,2.983,good,0.000,2.87,0,0,0,0,10.70,3,0.0,,,
299,0.5960,-0.1185,0.1102,3.001,good,0.000,1.82,0,0,0,0,12.78,2,0.0,,,
300,0.5960,-0.1176,-0.2081,3.012,broken,0.959,3.50,1,1,1,0,12.25,2,2.4,5,309,309
297,0.6000,-0.1132,-0.0096,3.012,good,0.000,2.93,0,0,0,0,10.79,3,0.0,,,
298,0.6000,-0.1080,-0.0998,3.001,faded,0.999,3.85,1,1,1,0,9.32,3,3.2,19,287,287
301,0.6040,-0.1153,-0.0680,3.000,good,0.000,2.57,0,0,0,0,11.77,3,0.0,,,
305,0.6040,-0.1184,0.0946,2.990,good,0.000,2.70,0,0,0,0,13.02,2,0.0,,,
306,0.6040,-0.1139,0.1336,3.003,good,0.001,7.18,0,0,0,0,11.24,2,0.0,,,
302,0.6080,-0.1152,-0.2192,3.000,faded,1.000,7.32,1,1,1,0,11.73,3,3.2,3|4,324,324
303,0.6080,-0.1129,0.2326,2.990,good,0.000,2.81,0,0,0,0,11.20,3,0.0,,,
304,0.6080,-0.1103,-0.0832,3.001,good,0.000,2.55,0,0,0,0,10.09,3,0.0,,,
307,0.6120,-0.1157,0.1958,2.991,good,0.016,3.96,0,0,0,0,12.13,3,0.0,,,
308,0.6120,-0.1109,-0.0621,2.998,good,0.018,2.95,0,0,0,0,10.37,3,0.0,,,
309,0.6120,-0.1091,0.1106,3.000,good,0.011,2.82,0,0,0,0,9.71,3,0.0,,,
314,0.6120,-0.1189,0.0892,3.002,good,0.000,2.63,0,0,0,0,12.92,2,0.0,,,
315,0.6120,-0.1186,0.1663,3.005,good,0.000,1.83,0,0,0,0,12.75,2,0.0,,,
316,0.6120,-0.1160,-0.0533,2.993,good,0.000,2.32,0,0,0,0,12.18,2,0.0,,,
310,0.6160,-0.1150,-0.1375,3.009,shell,1.000,9.64,1,1,1,0,11.45,3,2.4,14,322,322
311,0.6160,-0.1121,-0.1267,3.002,good,0.046,3.35,0,0,0,0,10.67,3,0.0,,,
312,0.6160,-0.1116,-0.0579,3.003,insect,1.000,5.23,1,1,1,0,10.47,3,3.1,24,308,308
313,0.6160,-0.1097,0.0968,3.001,faded,0.832,3.07,1,1,1,0,9.88,3,3.2,44,333,333
318,0.6160,-0.1198,-0.2089,3.032,good,0.000,2.17,0,0,0,0,12.48,2,0.0,,,
319,0.6160,-0.1168,0.0513,3.007,good,0.004,1.99,0,0,0,0,12.11,2,0.0,,,
320,0.6160,-0.1146,-0.2218,3.002,black,0.962,21.22,1,1,1,0,11.49,2,3.2,3,303|331,331
317,0.6200,-0.1107,0.1750,2.994,faded,0.950,3.94,1,1,1,0,10.38,3,3.2,54,304,304
321,0.6240,-0.1156,-0.1899,3.001,good,0.000,2.35,0,0,0,0,11.87,3,0.0,,,
323,0.6240,-0.1192,0.0820,3.001,good,0.000,3.82,0,0,0,0,13.06,2,0.0,,,
324,0.6240,-0.1166,-0.1663,3.005,good,0.077,3.23,0,0,0,0,12.06,2,0.0,,,
322,0.6280,-0.1097,-0.0218,3.000,good,0.000,2.42,0,0,0,0,9.90,3,0.0,,,
325,0.6280,-0.1187,0.1982,3.001,good,0.013,2.53,0,0,0,0,12.89,2,0.0,,,
326,0.6280,-0.1189,0.0774,3.013,faded,0.944,4.17,1,1,1,0,12.65,2,3.2,41|42,323,323
327,0.6280,-0.1169,0.1532,3.024,good,0.000,3.17,0,0,0,0,11.74,2,0.0,,,
328,0.6280,-0.1161,0.1615,2.998,good,0.000,2.93,0,0,0,0,12.08,2,0.0,,,
330,0.6320,-0.1186,-0.1840,2.972,good,0.000,1.62,0,0,0,0,13.55,2,0.0,,,
329,0.6360,-0.1130,0.0447,2.985,faded,0.999,4.92,1,1,1,0,11.37,3,3.2,37,321,321
331,0.6400,-0.1132,-0.2337,3.002,good,0.000,3.68,0,0,0,0,11.03,3,0.0,,,
332,0.6400,-0.1114,0.2124,2.988,good,0.051,2.55,0,0,0,0,10.77,3,0.0,,,
333,0.6400,-0.1097,0.1240,2.972,good,0.003,2.61,0,0,0,0,10.56,3,0.0,,,
334,0.6400,-0.1084,0.1705,2.996,good,0.000,2.36,0,0,0,0,9.55,3,0.0,,,
338,0.6400,-0.1186,0.1143,2.985,black,1.000,50.14,1,1,1,0,13.21,2,3.2,46,339,339
339,0.6400,-0.1169,0.1820,3.207,good,0.000,4.06,0,0,0,0,7.65,2,0.0,,,
340,0.6400,-0.1154,-0.1392,2.993,good,0.000,2.65,0,0,0,0,11.97,2,0.0,,,
335,0.6440,-0.1151,0.2169,3.005,good,0.000,2.47,0,0,0,0,11.60,3,0.0,,,
336,0.6440,-0.1121,0.2255,3.008,good,0.000,3.22,0,0,0,0,10.52,3,0.0,,,
337,0.6440,-0.1087,-0.1495,3.003,good,0.002,2.64,0,0,0,0,9.48,3,0.0,,,
344,0.6440,-0.1163,-0.0755,3.002,good,0.002,2.29,0,0,0,0,12.05,2,0.0,,,
341,0.6480,-0.1136,-0.1929,3.001,faded,0.996,3.59,1,1,1,0,11.18,3,3.2,7,345,345
342,0.6480,-0.1130,-0.1805,2.984,good,0.000,2.08,0,0,0,0,11.36,3,0.0,,,
343,0.6480,-0.1136,0.1264,2.976,good,0.001,2.18,0,0,0,0,11.76,3,0.0,,,
346,0.6480,-0.1199,0.1936,3.005,good,0.005,4.72,0,0,0,0,13.17,2,0.0,,,
345,0.6520,-0.1103,-0.1004,2.990,good,0.000,2.51,0,0,0,0,10.33,3,0.0,,,
347,0.6520,-0.1081,-0.1355,3.004,good,0.317,2.44,0,0,0,0,9.28,3,0.0,,,
351,0.6520,-0.1189,-0.0807,3.003,good,0.000,4.34,0,0,0,0,12.87,2,0.0,,,
353,0.6520,-0.1199,0.1569,2.956,sour,1.000,12.40,1,1,1,0,14.37,2,3.2,52|51,342,342
354,0.6520,-0.1171,0.1708,3.000,good,0.374,5.72,0,0,0,0,12.36,2,0.0,,,
348,0.6560,-0.1149,0.0630,3.002,good,0.000,5.04,0,0,0,0,11.59,3,0.0,,,
349,0.6560,-0.1127,-0.1685,3.001,good,0.000,2.29,0,0,0,0,10.89,3,0.0,,,
350,0.6560,-0.1103,-0.2118,3.015,good,0.026,4.08,0,0,0,0,9.73,3,0.0,,,
352,0.6560,-0.1086,0.1822,2.996,broken,0.833,2.60,1,1,1,0,9.62,3,2.4,55,359,359
356,0.6560,-0.1174,-0.2369,3.046,good,0.004,3.97,0,0,0,0,11.37,2,0.0,,,
355,0.6600,-0.1095,-0.0113,3.079,good,0.010,3.60,0,0,0,0,8.04,3,0.0,,,
358,0.6600,-0.1181,-0.1196,2.985,good,0.004,1.50,0,0,0,0,13.05,2,0.0,,,
359,0.6600,-0.1170,0.1490,3.124,good,0.000,2.20,0,0,0,0,9.44,2,0.0,,,
360,0.6600,-0.1142,-0.2110,3.449,good,0.004,3.35,0,0,0,0,2.11,2,0.0,,,
357,0.6640,-0.1119,-0.0907,3.016,good,0.000,3.79,0,0,0,0,10.25,3,0.0,,,
362,0.6640,-0.1186,0.0616,3.196,husk,1.000,50.39,1,1,1,0,8.40,2,2.4,39|40,374,374
363,0.6640,-0.1160,0.1074,3.009,good,0.000,2.15,0,0,0,0,11.78,2,0.0,,,
369,0.6640,-0.1004,-0.2078,3.000,good,0.011,2.99,0,0,0,0,6.81,1,0.0,,,
361,0.6680,-0.1134,-0.0488,2.999,good,0.001,4.15,0,0,0,0,11.18,3,0.0,,,
368,0.6680,-0.1191,-0.2136,3.189,faded,1.000,4.86,1,1,1,0,8.71,2,3.2,4,372,
364,0.6720,-0.1162,0.1185,2.995,good,0.000,1.83,0,0,0,0,12.18,3,0.0,,,
365,0.6720,-0.1127,0.2094,3.003,good,0.000,2.50,0,0,0,0,10.83,3,0.0,,,
366,0.6720,-0.1108,0.0968,3.003,good,0.002,2.79,0,0,0,0,10.21,3,0.0,,,
367,0.6720,-0.1101,0.0812,3.090,good,0.000,3.51,0,0,0,0,8.02,3,0.0,,,
370,0.6760,-0.1137,-0.0993,3.010,good,0.000,3.17,0,0,0,0,11.00,3,0.0,,,
371,0.6760,-0.1125,0.0028,3.001,good,0.002,2.99,0,0,0,0,10.81,3,0.0,,,
372,0.6800,-0.1126,0.2036,2.747,faded,0.735,6.17,1,1,1,0,17.41,3,3.1,58|57,375,375
373,0.6800,-0.1093,0.0809,2.864,good,0.000,2.69,0,0,0,0,13.10,3,0.0,,,
374,0.6840,-0.1156,-0.0245,2.953,good,0.000,2.54,0,0,0,0,13.02,3,0.0,,,
375,0.6840,-0.1138,-0.1821,2.994,good,0.000,2.28,0,0,0,0,11.41,3,0.0,,,
376,0.6840,-0.1117,0.1311,2.999,good,0.000,3.15,0,0,0,0,10.57,3,0.0,,,
377,0.6840,-0.1086,-0.1352,2.995,good,0.000,2.17,0,0,0,0,9.65,3,0.0,,,
378,0.6840,-0.1094,-0.2313,2.946,good,0.007,9.25,0,0,0,0,11.10,3,0.0,,,
382,0.6840,-0.1190,0.2184,3.020,good,0.000,3.13,0,0,0,0,12.53,2,0.0,,,
379,0.6880,-0.1138,0.0956,3.002,faded,1.000,4.15,1,1,1,0,11.21,3,3.2,44,386,386
380,0.6880,-0.1103,-0.2145,2.975,good,0.000,3.42,0,0,0,0,10.71,3,0.0,,,
381,0.6880,-0.1112,-0.1502,2.746,good,0.001,2.91,0,0,0,0,16.90,3,0.0,,,
387,0.6880,-0.1192,-0.1939,2.996,good,0.004,2.42,0,0,0,0,13.17,2,0.0,,,
388,0.6880,-0.1173,0.1315,3.031,good,0.000,2.86,0,0,0,0,11.72,2,0.0,,,
383,0.6920,-0.1099,0.0736,3.000,good,0.000,3.49,0,0,0,0,9.98,3,0.0,,,
384,0.6920,-0.1089,0.0461,2.920,good,0.000,3.46,0,0,0,0,11.57,3,0.0,,,
385,0.6920,-0.1085,-0.1697,3.003,good,0.015,3.81,0,0,0,0,9.42,3,0.0,,,
386,0.6920,-0.1080,-0.0835,3.001,good,0.001,3.55,0,0,0,0,9.31,3,0.0,,,
391,0.6920,-0.1198,0.1180,3.322,good,0.000,2.74,0,0,0,0,6.15,2,0.0,,,
392,0.6920,-0.1147,0.1857,2.998,good,0.000,2.20,0,0,0,0,11.63,2,0.0,,,
389,0.6960,-0.1104,0.2186,3.000,good,0.001,2.66,0,0,0,0,10.14,3,0.0,,,
390,0.6960,-0.1087,0.0032,2.999,good,0.000,1.92,0,0,0,0,9.60,3,0.0,,,
394,0.6960,-0.1192,-0.1642,3.239,good,0.000,2.12,0,0,0,0,7.67,2,0.0,,,
395,0.6960,-0.1158,0.1757,3.039,good,0.004,3.11,0,0,0,0,11.00,2,0.0,,,
393,0.7000,-0.1163,0.0055,2.880,black,1.000,42.94,1,1,1,0,15.12,3,3.2,32,402,
400,0.7000,-0.1176,0.2189,3.006,good,0.000,1.69,0,0,0,0,12.37,2,0.0,,,
401,0.7000,-0.1155,-0.0906,2.981,good,0.001,3.04,0,0,0,0,12.28,2,0.0,,,
396,0.7040,-0.1107,0.2340,3.001,good,0.007,3.94,0,0,0,0,10.23,3,0.0,,,
397,0.7040,-0.1091,-0.1318,3.004,good,0.000,2.20,0,0,0,0,9.60,3,0.0,,,
398,0.7040,-0.1094,0.1747,2.991,faded,0.733,4.54,1,1,1,0,10.01,3,3.2,54,394,394
399,0.7040,-0.1090,-0.0222,3.003,black,1.000,46.32,1,1,1,0,9.59,3,3.2,29|28,395,395
406,0.7040,-0.1190,-0.1039,2.889,good,0.005,7.13,0,0,0,0,15.81,2,0.0,,,
410,0.7040,-0.1145,0.0141,3.236,good,0.000,3.36,0,0,0,0,6.28,2,0.0,,,
412,0.7040,-0.1048,0.0024,3.000,black,1.000,42.99,1,1,1,0,8.26,1,3.2,32,402,
402,0.7080,-0.1129,0.0774,3.015,broken,0.998,2.48,1,1,1,0,10.61,3,2.4,41|42,389,389
403,0.7080,-0.1137,0.1969,3.005,black,1.000,52.99,1,1,1,0,11.11,3,3.2,57,420,420
404,0.7080,-0.1121,-0.0652,2.973,good,0.000,3.53,0,0,0,0,11.33,3,0.0,,,
405,0.7080,-0.1085,-0.1737,3.046,good,0.003,3.63,0,0,0,0,8.46,3,0.0,,,
407,0.7080,-0.1090,0.1567,2.988,good,0.000,2.71,0,0,0,0,9.95,3,0.0,,,
408,0.7080,-0.1081,-0.1998,3.002,good,0.000,1.69,0,0,0,0,9.31,3,0.0,,,
409,0.7080,-0.1083,-0.0791,3.000,good,0.001,3.73,0,0,0,0,9.44,3,0.0,,,
411,0.7120,-0.1100,0.0454,3.069,good,0.001,2.06,0,0,0,0,8.44,3,0.0,,,
417,0.7120,-0.1186,-0.1004,2.988,good,0.000,3.82,0,0,0,0,13.16,2,0.0,,,
413,0.7160,-0.1166,-0.2270,2.999,good,0.000,2.39,0,0,0,0,12.22,3,0.0,,,
414,0.7160,-0.1160,-0.0990,2.986,black,1.000,49.10,1,1,1,0,12.34,3,3.2,19,407,407
415,0.7160,-0.1135,-0.1093,2.930,good,0.018,2.74,0,0,0,0,12.85,3,0.0,,,
416,0.7160,-0.1104,0.0060,2.996,good,0.017,3.12,0,0,0,0,10.24,3,0.0,,,
418,0.7200,-0.1127,0.2014,2.999,good,0.000,3.01,0,0,0,0,10.93,3,0.0,,,
419,0.7200,-0.1099,-0.0381,3.105,good,0.007,2.78,0,0,0,0,7.58,3,0.0,,,
420,0.7200,-0.1095,0.2223,2.999,good,0.001,3.43,0,0,0,0,9.87,3,0.0,,,
421,0.7240,-0.1156,0.0429,2.999,good,0.000,3.11,0,0,0,0,11.90,3,0.0,,,
422,0.7240,-0.1143,0.0700,2.800,good,0.000,2.29,0,0,0,0,16.52,3,0.0,,,
423,0.7240,-0.1136,-0.2056,2.851,good,0.000,2.01,0,0,0,0,14.91,3,0.0,,,
424,0.7240,-0.1123,0.2051,2.999,good,0.002,2.09,0,0,0,0,10.80,3,0.0,,,
425,0.7240,-0.1102,-0.0927,3.007,good,0.000,2.28,0,0,0,0,9.91,3,0.0,,,
426,0.7240,-0.1177,-0.0046,3.033,good,0.002,2.89,0,0,0,0,11.76,2,0.0,,,
427,0.7240,-0.1185,-0.1320,3.019,good,0.000,3.43,0,0,0,0,12.37,2,0.0,,,
430,0.7280,-0.1169,0.0264,3.006,good,0.000,2.54,0,0,0,0,12.15,2,0.0,,,
431,0.7280,-0.1162,0.0390,3.002,good,0.000,2.25,0,0,0,0,12.04,2,0.0,,,
428,0.7320,-0.1101,0.0555,2.998,faded,1.000,5.13,1,1,1,0,10.07,3,3.2,39|38,427,427
429,0.7320,-0.1093,-0.1342,2.911,good,0.006,2.40,0,0,0,0,11.90,3,0.0,,,
435,0.7320,-0.1184,-0.0426,3.003,good,0.000,3.08,0,0,0,0,12.72,2,0.0,,,
436,0.7320,-0.1165,-0.0864,3.016,good,0.000,2.39,0,0,0,0,11.78,2,0.0,,,
437,0.7320,-0.1171,0.2249,3.008,good,0.002,2.52,0,0,0,0,12.17,2,0.0,,,
432,0.7360,-0.1139,0.0622,3.006,good,0.011,1.76,0,0,0,0,11.15,3,0.0,,,
433,0.7360,-0.1144,-0.0135,3.002,good,0.004,2.92,0,0,0,0,11.41,3,0.0,,,
434,0.7360,-0.1081,-0.2057,3.001,good,0.000,3.08,0,0,0,0,9.33,3,0.0,,,
441,0.7360,-0.1184,0.0341,2.997,good,0.010,6.50,0,0,0,0,12.89,2,0.0,,,
442,0.7360,-0.1309,-0.0690,3.000,good,0.000,2.45,0,0,0,0,12.97,1,0.0,,,
438,0.7400,-0.1110,-0.0723,3.450,good,0.007,7.84,0,0,0,0,1.15,3,0.0,,,
439,0.7400,-0.1116,-0.1416,3.008,good,0.000,2.20,0,0,0,0,10.34,3,0.0,,,
440,0.7400,-0.1103,0.0728,3.005,black,1.000,51.08,1,1,1,0,9.98,3,3.2,41,453,453
443,0.7440,-0.1129,0.1093,3.000,good,0.004,2.46,0,0,0,0,10.96,3,0.0,,,
449,0.7440,-0.1151,0.2167,3.096,good,0.000,2.01,0,0,0,0,9.47,2,0.0,,,
444,0.7480,-0.1143,-0.0182,3.003,good,0.004,2.97,0,0,0,0,11.34,3,0.0,,,
445,0.7480,-0.1370,-0.2143,3.000,stone,1.000,15.32,1,1,1,0,11.01,1,9.1,4|5|3,439,439
446,0.7480,-0.1126,0.2230,3.024,good,0.000,3.62,0,0,0,0,10.31,3,0.0,,,
447,0.7480,-0.1120,-0.0819,3.006,good,0.001,2.78,0,0,0,0,10.52,3,0.0,,,
448,0.7480,-0.1111,-0.0385,3.013,good,0.000,2.81,0,0,0,0,10.07,3,0.0,,,
452,0.7480,-0.1190,0.1692,2.997,good,0.000,3.04,0,0,0,0,13.07,2,0.0,,,
450,0.7520,-0.1160,0.0756,2.991,good,0.000,3.15,0,0,0,0,12.22,3,0.0,,,
451,0.7520,-0.1143,-0.1113,2.997,faded,1.000,4.83,1,1,1,0,11.50,3,3.2,17,446,
453,0.7520,-0.1226,-0.2111,2.259,stone,1.000,15.68,1,1,1,0,34.54,2,9.1,4|5|3,439,
459,0.7520,-0.1128,-0.2070,3.000,stone,1.000,15.63,1,1,1,0,10.95,1,9.1,5|6|4,459,
454,0.7560,-0.1159,0.2213,3.034,good,0.000,8.04,0,0,0,0,11.16,3,0.0,,,
458,0.7560,-0.1176,-0.2150,2.999,good,0.001,2.97,0,0,0,0,12.54,2,0.0,,,
455,0.7600,-0.1122,-0.1096,3.035,good,0.000,2.69,0,0,0,0,9.91,3,0.0,,,
456,0.7600,-0.1101,-0.0186,3.003,good,0.000,2.11,0,0,0,0,9.96,3,0.0,,,
457,0.7600,-0.1083,-0.0544,2.997,good,0.000,4.52,0,0,0,0,9.52,3,0.0,,,
462,0.7600,-0.1191,-0.1938,3.450,good,0.002,2.18,0,0,0,0,3.49,2,0.0,,,
463,0.7600,-0.1165,-0.0917,3.002,good,0.001,3.39,0,0,0,0,12.11,2,0.0,,,
460,0.7640,-0.1166,0.1615,2.793,good,0.000,2.38,0,0,0,0,17.54,3,0.0,,,
461,0.7640,-0.1064,0.0434,3.450,good,0.037,4.07,0,0,0,0,-0.18,3,0.0,,,
468,0.7640,-0.1161,-0.0304,2.992,faded,1.000,5.11,1,1,1,0,12.24,2,3.2,28|27,466,
474,0.7640,-0.1051,-0.1974,3.000,good,0.000,1.94,0,0,0,0,8.38,1,0.0,,,
464,0.7680,-0.1134,0.1257,3.002,good,0.000,2.15,0,0,0,0,11.06,3,0.0,,,
465,0.7680,-0.1142,0.2313,3.000,insect,1.000,7.49,1,1,1,0,11.42,3,3.1,61,480,
466,0.7680,-0.1103,0.0955,2.954,good,0.009,6.77,0,0,0,0,11.20,3,0.0,,,
467,0.7680,-0.1086,0.1490,3.004,insect,1.000,4.31,1,1,1,0,9.46,3,3.1,51|50,473,473
473,0.7680,-0.1166,0.0291,3.002,shell,0.996,9.36,1,1,1,0,12.15,2,2.4,35,461,461
469,0.7720,-0.1132,-0.1715,3.000,good,0.000,2.69,0,0,0,0,11.07,3,0.0,,,
470,0.7720,-0.1092,0.2184,3.307,good,0.000,2.76,0,0,0,0,3.25,3,0.0,,,
471,0.7720,-0.1103,0.1101,3.012,good,0.000,2.90,0,0,0,0,9.84,3,0.0,,,
472,0.7720,-0.1089,-0.1423,3.027,good,0.001,2.18,0,0,0,0,9.03,3,0.0,,,
476,0.7720,-0.1182,-0.2287,2.875,good,0.198,3.43,0,0,0,0,15.92,2,0.0,,,
477,0.7720,-0.1165,0.2096,2.953,good,0.238,3.15,0,0,0,0,13.29,2,0.0,,,
478,0.7720,-0.1157,-0.0613,2.991,good,0.000,2.13,0,0,0,0,12.11,2,0.0,,,
475,0.7760,-0.1160,-0.0903,3.002,good,0.000,3.03,0,0,0,0,11.97,3,0.0,,,
483,0.7760,-0.1188,0.1566,2.994,good,0.001,2.17,0,0,0,0,13.08,2,0.0,,,
479,0.7800,-0.1156,0.0320,3.001,good,0.000,2.22,0,0,0,0,11.84,3,0.0,,,
480,0.7800,-0.1122,-0.0313,2.998,good,0.000,2.95,0,0,0,0,10.79,3,0.0,,,
481,0.7800,-0.1101,0.2032,2.997,good,0.000,2.31,0,0,0,0,10.09,3,0.0,,,
482,0.7800,-0.1084,-0.2225,2.999,good,0.003,5.09,0,0,0,0,9.50,3,0.0,,,
486,0.7840,-0.1193,0.1406,3.004,faded,1.000,4.03,1,1,1,0,12.98,2,3.2,49|50,486,486
484,0.7880,-0.1153,-0.0315,2.995,good,0.000,3.17,0,0,0,0,11.90,3,0.0,,,
485,0.7880,-0.1123,0.0500,3.130,good,0.003,4.23,0,0,0,0,7.83,3,0.0,,,
487,0.7920,-0.1137,0.0474,2.996,good,0.008,1.95,0,0,0,0,11.33,3,0.0,,,
488,0.7920,-0.1132,-0.1704,2.998,sour,1.000,15.83,1,1,1,0,11.14,3,3.2,10|9,499,499
491,0.7920,-0.1196,-0.0974,2.921,good,0.002,2.35,0,0,0,0,15.18,2,0.0,,,
492,0.7920,-0.1170,0.2311,3.062,good,0.000,4.67,0,0,0,0,10.85,2,0.0,,,
493,0.7920,-0.1169,-0.0085,2.998,good,0.001,2.50,0,0,0,0,12.35,2,0.0,,,
489,0.7960,-0.1102,0.0294,2.970,good,0.001,1.78,0,0,0,0,10.78,3,0.0,,,
490,0.7960,-0.1086,0.0661,2.997,good,0.000,2.35,0,0,0,0,9.62,3,0.0,,,
497,0.7960,-0.1176,-0.2375,3.356,good,0.007,3.03,0,0,0,0,4.83,2,0.0,,,
498,0.7960,-0.1184,0.1549,3.109,good,0.000,2.84,0,0,0,0,10.25,2,0.0,,,
499,0.7960,-0.1176,-0.1693,2.969,good,0.000,2.25,0,0,0,0,13.29,2,0.0,,,
503,0.7960,-0.1047,0.2346,3.000,good,0.000,4.17,0,0,0,0,8.23,1,0.0,,,
494,0.8000,-0.1159,-0.1143,3.030,good,0.000,3.78,0,0,0,0,11.25,3,0.0,,,
495,0.8000,-0.1144,0.1434,3.003,good,0.000,3.03,0,0,0,0,11.38,3,0.0,,,
496,0.8000,-0.1119,-0.0400,3.009,good,0.000,2.40,0,0,0,0,10.42,3,0.0,,,
501,0.8000,-0.1197,0.2108,2.998,good,0.000,2.93,0,0,0,0,13.27,2,0.0,,,
502,0.8000,-0.1175,-0.1998,3.007,good,0.002,8.19,0,0,0,0,12.33,2,0.0,,,
500,0.8040,-0.1160,0.1861,2.840,good,0.001,2.74,0,0,0,0,16.06,3,0.0,,,
506,0.8040,-0.1177,0.1999,3.004,good,0.000,1.54,0,0,0,0,12.48,2,0.0,,,
507,0.8040,-0.1177,0.0565,2.995,good,0.001,2.64,0,0,0,0,12.66,2,0.0,,,
508,0.8040,-0.1182,0.1369,2.989,good,0.000,2.70,0,0,0,0,13.00,2,0.0,,,
504,0.8080,-0.1121,-0.0316,3.200,good,0.009,8.26,0,0,0,0,6.28,3,0.0,,,
505,0.8080,-0.1106,-0.0171,2.991,good,0.000,2.24,0,0,0,0,10.42,3,0.0,,,
512,0.8080,-0.1158,-0.2135,3.008,good,0.000,2.37,0,0,0,0,11.74,2,0.0,,,
509,0.8120,-0.1150,0.0483,2.990,good,0.000,1.97,0,0,0,0,11.92,3,0.0,,,
510,0.8120,-0.1150,-0.0039,2.892,good,0.218,3.05,0,0,0,0,14.35,3,0.0,,,
511,0.8120,-0.1129,0.2191,2.703,good,0.003,2.60,0,0,0,0,18.76,3,0.0,,,
516,0.8120,-0.1157,0.0650,2.999,good,0.000,2.15,0,0,0,0,11.93,2,0.0,,,
513,0.8160,-0.1103,0.2357,3.035,good,0.062,3.43,0,0,0,0,9.29,3,0.0,,,
514,0.8160,-0.1113,-0.1647,2.996,broken,0.999,3.02,1,1,1,0,10.53,3,2.4,10|11,524,524
515,0.8160,-0.1082,-0.1272,2.986,good,0.036,3.80,0,0,0,0,9.74,3,0.0,,,
517,0.8200,-0.1171,-0.2178,3.072,good,0.000,2.55,0,0,0,0,10.68,2,0.0,,,
522,0.8240,-0.1184,-0.1500,3.003,insect,1.000,8.53,1,1,1,0,12.74,2,3.1,12,526,526
523,0.8240,-0.1134,-0.0237,3.450,good,0.001,4.96,0,0,0,0,1.87,2,0.0,,,
524,0.8240,-0.1183,-0.1416,2.981,good,0.000,2.22,0,0,0,0,13.22,2,0.0,,,
525,0.8240,-0.1170,0.1885,3.154,insect,1.000,4.98,1,1,1,0,8.81,2,3.1,56|55,525,525
526,0.8240,-0.1182,0.2177,3.000,good,0.000,1.68,0,0,0,0,12.74,2,0.0,,,
527,0.8240,-0.1163,0.2014,3.005,good,0.000,2.51,0,0,0,0,11.97,2,0.0,,,
518,0.8280,-0.1159,-0.1677,3.003,insect,1.000,3.28,1,1,1,0,11.89,3,3.1,10,541,541
519,0.8280,-0.1113,-0.0560,2.997,good,0.000,3.21,0,0,0,0,10.51,3,0.0,,,
520,0.8280,-0.1086,0.0248,3.177,good,0.001,3.02,0,0,0,0,5.66,3,0.0,,,
521,0.8280,-0.1083,0.1432,2.995,good,0.000,2.49,0,0,0,0,9.55,3,0.0,,,
530,0.8280,-0.1193,0.1277,2.996,good,0.000,1.70,0,0,0,0,13.20,2,0.0,,,
528,0.8320,-0.1143,-0.0659,3.006,good,0.000,7.85,0,0,0,0,11.31,3,0.0,,,
529,0.8320,-0.1125,-0.1982,3.001,good,0.000,3.69,0,0,0,0,10.80,3,0.0,,,
531,0.8360,-0.1157,0.0381,3.009,good,0.395,3.77,0,0,0,0,11.68,3,0.0,,,
532,0.8360,-0.1117,0.1998,2.988,good,0.000,1.75,0,0,0,0,10.86,3,0.0,,,
533,0.8360,-0.1195,0.2060,2.996,good,0.000,2.39,0,0,0,0,13.28,2,0.0,,,
540,0.8400,-0.1188,-0.0155,2.991,good,0.000,2.32,0,0,0,0,13.16,2,0.0,,,
541,0.8400,-0.1166,-0.2333,2.989,good,0.000,4.25,0,0,0,0,12.45,2,0.0,,,
542,0.8400,-0.1161,0.0692,3.051,good,0.084,2.91,0,0,0,0,10.82,2,0.0,,,
534,0.8440,-0.1139,-0.1741,3.243,good,0.001,2.29,0,0,0,0,5.95,3,0.0,,,
535,0.8440,-0.1152,-0.0127,3.001,good,0.000,2.11,0,0,0,0,11.68,3,0.0,,,
536,0.8440,-0.1127,0.1528,2.992,good,0.000,2.56,0,0,0,0,11.10,3,0.0,,,
537,0.8440,-0.1075,0.0737,3.450,good,0.003,7.71,0,0,0,0,0.15,3,0.0,,,
538,0.8440,-0.1088,0.1280,3.006,good,0.000,2.58,0,0,0,0,9.45,3,0.0,,,
539,0.8440,-0.1081,0.0544,3.011,good,0.000,2.20,0,0,0,0,9.11,3,0.0,,,
546,0.8440,-0.1195,0.1151,3.001,good,0.013,2.63,0,0,0,0,13.16,2,0.0,,,
547,0.8440,-0.1164,-0.1255,2.993,good,0.000,2.12,0,0,0,0,12.31,2,0.0,,,
548,0.8440,-0.1162,0.2274,2.968,good,0.066,2.76,0,0,0,0,12.83,2,0.0,,,
543,0.8480,-0.1165,-0.0333,2.802,good,0.084,2.40,0,0,0,0,17.26,3,0.0,,,
544,0.8480,-0.1076,-0.1470,3.185,good,0.000,2.52,0,0,0,0,5.20,3,0.0,,,
545,0.8480,-0.1101,0.1376,2.981,good,0.000,2.30,0,0,0,0,10.49,3,0.0,,,
549,0.8480,-0.1195,-0.0898,3.008,good,0.000,2.15,0,0,0,0,12.97,2,0.0,,,
550,0.8520,-0.1080,0.0953,3.015,good,0.000,2.24,0,0,0,0,8.98,3,0.0,,,
553,0.8520,-0.1180,-0.1939,3.001,good,0.000,1.90,0,0,0,0,12.63,2,0.0,,,
551,0.8560,-0.1144,0.1803,3.013,good,0.001,4.89,0,0,0,0,11.15,3,0.0,,,
552,0.8560,-0.1115,0.2091,3.018,good,0.080,3.84,0,0,0,0,10.09,3,0.0,,,
558,0.8560,-0.1197,-0.0982,3.007,good,0.001,2.34,0,0,0,0,13.06,2,0.0,,,
554,0.8600,-0.1165,-0.2321,3.042,good,0.000,3.05,0,0,0,0,11.17,3,0.0,,,
555,0.8600,-0.1136,-0.0549,2.921,sour,1.000,12.59,1,1,1,0,13.11,3,3.2,24|25,556,556
556,0.8600,-0.1095,0.0916,3.127,good,0.376,5.81,0,0,0,0,6.99,3,0.0,,,
557,0.8600,-0.1088,-0.2303,2.997,good,0.002,3.05,0,0,0,0,9.67,3,0.0,,,
559,0.8600,-0.1087,0.1022,2.830,good,0.074,4.90,0,0,0,0,13.73,3,0.0,,,
560,0.8640,-0.1144,-0.0157,3.058,good,0.000,2.56,0,0,0,0,10.10,3,0.0,,,
561,0.8640,-0.1115,-0.1768,3.332,good,0.129,3.03,0,0,0,0,3.47,3,0.0,,,
562,0.8640,-0.1115,-0.2098,2.910,good,0.000,3.03,0,0,0,0,12.66,3,0.0,,,
563,0.8640,-0.1103,0.2397,2.995,black,1.000,50.34,1,1,1,0,10.22,3,3.2,62,566,566
566,0.8640,-0.1185,0.1178,3.007,good,0.000,2.50,0,0,0,0,12.64,2,0.0,,,
567,0.8640,-0.1170,-0.1892,3.010,good,0.011,1.59,0,0,0,0,12.10,2,0.0,,,
568,0.8640,-0.1171,-0.0748,3.001,faded,1.000,5.39,1,1,1,0,12.36,2,3.2,22,558,558
564,0.8680,-0.1156,-0.0658,2.928,good,0.000,8.35,0,0,0,0,13.65,3,0.0,,,
565,0.8680,-0.1118,0.0108,2.999,good,0.000,2.42,0,0,0,0,10.64,3,0.0,,,
572,0.8680,-0.1170,0.1773,2.998,good,0.010,3.26,0,0,0,0,12.39,2,0.0,,,
569,0.8720,-0.1140,-0.1737,3.010,good,0.004,3.23,0,0,0,0,11.11,3,0.0,,,
570,0.8720,-0.1147,0.1007,3.011,sour,1.000,11.07,1,1,1,0,11.31,3,3.2,44|45,592,592
571,0.8720,-0.1116,-0.0889,3.005,good,0.000,5.75,0,0,0,0,10.42,3,0.0,,,
574,0.8720,-0.1198,-0.0237,3.000,faded,1.000,5.25,1,1,1,0,13.26,2,3.2,28|29,573,573
573,0.8760,-0.1107,-0.2174,3.149,good,0.004,2.20,0,0,0,0,6.92,3,0.0,,,
575,0.8760,-0.1188,0.1792,3.000,good,0.000,6.06,0,0,0,0,12.93,2,0.0,,,
579,0.8800,-0.1183,-0.0332,2.990,good,0.011,2.81,0,0,0,0,13.02,2,0.0,,,
580,0.8800,-0.1165,0.1077,3.007,good,0.000,2.90,0,0,0,0,12.02,2,0.0,,,
576,0.8840,-0.1155,-0.1905,3.004,good,0.001,1.46,0,0,0,0,11.73,3,0.0,,,
577,0.8840,-0.1163,-0.1340,2.924,broken,0.701,2.52,1,1,1,0,13.97,3,2.4,14|15,575,
578,0.8840,-0.1089,-0.0081,3.004,good,0.022,4.20,0,0,0,0,9.55,3,0.0,,,
581,0.8840,-0.1198,-0.2347,2.999,good,0.000,3.90,0,0,0,0,13.28,2,0.0,,,
582,0.8840,-0.1178,-0.1650,3.037,good,0.000,2.74,0,0,0,0,11.70,2,0.0,,,
584,0.8880,-0.1197,0.1630,3.055,good,0.000,2.00,0,0,0,0,11.91,2,0.0,,,
585,0.8880,-0.1185,0.1221,3.007,faded,1.000,6.73,1,1,1,0,12.66,2,3.2,47,576,576
586,0.8880,-0.1140,0.1348,3.350,good,0.048,2.57,0,0,0,0,3.89,2,0.0,,,
583,0.8920,-0.1141,0.0287,2.969,good,0.000,3.24,0,0,0,0,12.10,3,0.0,,,
591,0.8920,-0.1194,-0.0798,3.084,good,0.003,2.58,0,0,0,0,11.12,2,0.0,,,
587,0.8960,-0.1131,-0.1242,2.999,good,0.009,4.38,0,0,0,0,11.08,3,0.0,,,
588,0.8960,-0.1132,-0.0472,2.857,good,0.002,3.02,0,0,0,0,14.62,3,0.0,,,
589,0.8960,-0.1111,0.0465,3.057,good,0.000,2.08,0,0,0,0,9.08,3,0.0,,,
590,0.8960,-0.1113,0.2260,2.936,good,0.000,4.99,0,0,0,0,11.96,3,0.0,,,
592,0.8960,-0.1189,-0.0141,2.999,sour,1.000,18.86,1,1,1,0,12.98,2,3.2,30|29,593,593
593,0.8960,-0.1172,-0.1901,2.997,good,0.000,3.74,0,0,0,0,12.47,2,0.0,,,
595,0.9000,-0.1169,-0.1237,2.994,good,0.000,2.09,0,0,0,0,12.44,2,0.0,,,
596,0.9000,-0.1160,-0.1784,2.997,good,0.025,3.12,0,0,0,0,12.08,2,0.0,,,
594,0.9040,-0.1101,-0.2019,3.001,good,0.000,3.41,0,0,0,0,10.00,3,0.0,,,
600,0.9040,-0.1150,-0.1861,3.030,good,0.029,2.74,0,0,0,0,10.94,2,0.0,,,
597,0.9080,-0.1148,0.1862,2.970,good,0.000,2.54,0,0,0,0,12.34,3,0.0,,,
598,0.9080,-0.1113,0.1088,3.005,good,0.001,2.13,0,0,0,0,10.30,3,0.0,,,
599,0.9080,-0.1087,0.0864,2.989,good,0.038,3.11,0,0,0,0,9.84,3,0.0,,,
603,0.9080,-0.1189,0.0547,2.969,good,0.006,5.82,0,0,0,0,13.72,2,0.0,,,
601,0.9120,-0.1126,-0.0834,2.897,good,0.000,2.94,0,0,0,0,13.39,3,0.0,,,
602,0.9120,-0.1110,-0.1024,3.021,good,0.016,2.60,0,0,0,0,9.86,3,0.0,,,
607,0.9120,-0.1197,-0.1821,2.699,good,0.027,1.97,0,0,0,0,21.39,2,0.0,,,
609,0.9120,-0.1169,-0.0271,3.013,good,0.001,2.64,0,0,0,0,12.00,2,0.0,,,
604,0.9160,-0.1144,-0.0841,2.998,good,0.001,2.72,0,0,0,0,11.49,3,0.0,,,
605,0.9160,-0.1116,-0.2095,2.907,good,0.001,1.75,0,0,0,0,12.80,3,0.0,,,
606,0.9160,-0.1099,-0.1497,3.024,good,0.001,1.84,0,0,0,0,9.41,3,0.0,,,
608,0.9160,-0.1201,0.2245,2.359,good,0.010,7.16,0,0,0,0,29.30,2,0.0,,,
613,0.9160,-0.1177,-0.1334,3.001,good,0.000,2.87,0,0,0,0,12.55,2,0.0,,,
616,0.9160,-0.1149,0.2214,3.000,good,0.001,15.84,0,0,0,0,11.62,1,0.0,,,
610,0.9200,-0.1137,-0.0063,2.997,good,0.003,3.24,0,0,0,0,11.30,3,0.0,,,
611,0.9200,-0.1127,0.1723,2.998,good,0.000,1.99,0,0,0,0,10.97,3,0.0,,,
612,0.9200,-0.1089,0.2196,3.313,good,0.043,6.98,0,0,0,0,3.04,2,0.0,,,
614,0.9240,-0.1142,0.0630,2.999,good,0.000,1.82,0,0,0,0,11.44,3,0.0,,,
615,0.9240,-0.1116,0.0336,3.001,good,0.000,2.45,0,0,0,0,10.51,3,0.0,,,
619,0.9240,-0.1171,-0.0755,2.946,faded,0.997,3.94,1,1,1,0,13.67,2,3.2,22,629,629
617,0.9280,-0.1109,0.1362,3.011,good,0.001,3.97,0,0,0,0,10.04,3,0.0,,,
618,0.9280,-0.1109,-0.0605,2.997,good,0.000,2.06,0,0,0,0,10.38,3,0.0,,,
620,0.9320,-0.1162,-0.1462,2.898,good,0.000,3.25,0,0,0,0,14.60,3,0.0,,,
621,0.9320,-0.1118,-0.0074,2.960,good,0.000,2.93,0,0,0,0,11.56,3,0.0,,,
626,0.9320,-0.1194,0.1193,3.000,good,0.000,3.50,0,0,0,0,13.12,2,0.0,,,
627,0.9320,-0.1155,0.2313,3.113,good,0.053,2.72,0,0,0,0,9.23,2,0.0,,,
622,0.9360,-0.1122,0.1325,2.888,good,0.000,3.21,0,0,0,0,13.48,3,0.0,,,
623,0.9360,-0.1124,0.1535,3.015,good,0.004,3.39,0,0,0,0,10.43,3,0.0,,,
624,0.9360,-0.1120,0.1762,2.950,faded,0.999,4.93,1,1,1,0,11.87,3,3.2,54,646,646
625,0.9360,-0.1116,0.2242,3.002,good,0.000,3.30,0,0,0,0,10.50,3,0.0,,,
630,0.9360,-0.1184,0.1419,2.962,good,0.000,3.63,0,0,0,0,13.75,2,0.0,,,
631,0.9360,-0.1123,-0.1264,3.012,good,0.263,11.62,0,0,0,0,10.48,2,0.0,,,
628,0.9400,-0.1138,-0.0033,3.147,good,0.000,3.18,0,0,0,0,7.95,3,0.0,,,
629,0.9400,-0.1128,0.0402,2.632,good,0.000,2.25,0,0,0,0,20.87,3,0.0,,,
634,0.9400,-0.1168,0.0659,3.049,good,0.000,2.30,0,0,0,0,11.12,2,0.0,,,
635,0.9400,-0.1167,-0.0611,2.995,good,0.001,2.60,0,0,0,0,12.35,2,0.0,,,
632,0.9440,-0.1154,-0.0963,3.011,good,0.000,2.70,0,0,0,0,11.55,3,0.0,,,
633,0.9440,-0.1167,0.0616,2.864,good,0.000,1.95,0,0,0,0,15.65,3,0.0,,,
636,0.9440,-0.1178,-0.1941,2.948,good,0.000,4.45,0,0,0,0,13.88,2,0.0,,,
641,0.9480,-0.1182,0.0555,3.017,faded,1.000,6.26,1,1,1,0,12.32,2,3.2,39|38,649,649
637,0.9520,-0.1139,0.1663,3.004,good,0.000,2.45,0,0,0,0,11.19,3,0.0,,,
638,0.9520,-0.1096,-0.1859,2.997,faded,0.558,3.19,1,1,1,0,9.93,3,3.2,8,632,632
639,0.9520,-0.1100,-0.0228,2.999,faded,1.000,4.61,1,1,1,0,10.03,3,3.2,29|28,654,654
640,0.9520,-0.1090,0.0101,3.002,good,0.000,2.08,0,0,0,0,9.63,3,0.0,,,
643,0.9520,-0.1186,-0.2045,2.997,good,0.003,2.71,0,0,0,0,12.96,2,0.0,,,
644,0.9520,-0.1178,0.2237,2.956,good,0.000,1.71,0,0,0,0,13.68,2,0.0,,,
642,0.9560,-0.1084,0.0361,2.995,good,0.000,3.39,0,0,0,0,9.57,3,0.0,,,
647,0.9600,-0.1163,0.1620,3.012,good,0.000,2.50,0,0,0,0,11.81,2,0.0,,,
648,0.9600,-0.1174,0.0269,3.003,good,0.000,3.41,0,0,0,0,12.39,2,0.0,,,
645,0.9640,-0.1134,0.1312,2.999,good,0.000,3.19,0,0,0,0,11.14,3,0.0,,,
646,0.9640,-0.1123,0.0899,3.000,good,0.000,4.57,0,0,0,0,10.75,3,0.0,,,
652,0.9640,-0.1165,0.0276,3.001,good,0.004,3.18,0,0,0,0,12.15,2,0.0,,,
649,0.9680,-0.1120,0.1468,2.997,good,0.000,2.09,0,0,0,0,10.72,3,0.0,,,
650,0.9680,-0.1120,-0.2363,3.003,good,0.000,2.75,0,0,0,0,10.59,3,0.0,,,
651,0.9680,-0.1092,-0.1052,2.992,good,0.025,2.26,0,0,0,0,9.91,3,0.0,,,
658,0.9680,-0.1176,0.0883,2.944,good,0.005,4.22,0,0,0,0,13.93,2,0.0,,,
659,0.9680,-0.1177,0.2067,3.002,good,0.000,2.65,0,0,0,0,12.51,2,0.0,,,
660,0.9680,-0.1174,-0.1692,2.998,good,0.001,2.73,0,0,0,0,12.50,2,0.0,,,
653,0.9720,-0.1157,-0.2237,2.918,good,0.000,3.12,0,0,0,0,13.92,3,0.0,,,
654,0.9720,-0.1155,0.0175,2.997,good,0.000,2.10,0,0,0,0,11.91,3,0.0,,,
655,0.9720,-0.1135,-0.0995,2.909,faded,0.912,5.48,1,1,1,0,13.39,3,3.2,19,652,652
656,0.9720,-0.1119,0.0367,3.003,good,0.000,2.88,0,0,0,0,10.55,3,0.0,,,
657,0.9720,-0.1214,-0.1365,2.673,good,0.003,2.81,0,0,0,0,18.82,2,0.0,,,
666,0.9720,-0.1107,-0.1401,3.000,good,0.003,2.49,0,0,0,0,10.23,1,0.0,,,
661,0.9760,-0.1111,-0.1153,3.003,good,0.000,4.71,0,0,0,0,10.29,3,0.0,,,
665,0.9760,-0.1138,0.0383,3.001,good,0.107,7.54,0,0,0,0,11.23,2,0.0,,,
662,0.9800,-0.1158,0.0865,2.938,black,1.000,48.34,1,1,1,0,13.44,3,3.2,43|42,684,
663,0.9800,-0.1140,0.0163,3.008,good,0.000,2.18,0,0,0,0,11.15,3,0.0,,,
664,0.9800,-0.1091,0.1014,3.011,sour,1.000,22.38,1,1,1,0,9.46,3,3.2,44|45,672,672
669,0.9800,-0.1180,-0.0672,3.000,good,0.001,2.21,0,0,0,0,12.67,2,0.0,,,
670,0.9800,-0.1146,0.0301,3.192,faded,0.627,7.64,1,1,1,0,7.24,2,2.7,35|36,657|710,
671,0.9800,-0.1081,-0.0651,3.316,good,0.000,2.25,0,0,0,0,2.75,2,0.0,,,
667,0.9840,-0.1096,-0.2183,3.450,good,0.308,3.23,0,0,0,0,0.75,3,0.0,,,
668,0.9840,-0.1117,0.1208,3.002,good,0.003,2.56,0,0,0,0,10.50,3,0.0,,,
673,0.9840,-0.1193,0.0554,2.870,good,0.000,2.43,0,0,0,0,16.42,2,0.0,,,
674,0.9840,-0.1162,-0.0320,3.001,good,0.001,2.95,0,0,0,0,12.06,2,0.0,,,
672,0.9880,-0.1116,0.0335,3.006,good,0.040,2.21,0,0,0,0,10.39,3,0.0,,,
678,0.9880,-0.1128,-0.1373,3.002,stick,1.000,69.62,1,1,1,0,10.90,2,2.4,14,687,687
679,0.9880,-0.1176,-0.2060,3.005,good,0.000,1.79,0,0,0,0,12.42,2,0.0,,,
680,0.9880,-0.1091,0.0763,2.997,stick,1.000,80.52,1,1,1,0,9.77,2,2.4,41,653,653
675,0.9920,-0.1129,-0.2046,2.997,good,0.001,3.52,0,0,0,0,11.06,3,0.0,,,
676,0.9920,-0.1115,-0.0552,3.000,good,0.001,2.06,0,0,0,0,10.50,3,0.0,,,
677,0.9920,-0.1116,0.2293,2.999,faded,0.982,4.49,1,1,1,0,10.57,3,3.2,61,685,
681,0.9960,-0.1106,0.1295,3.141,good,0.021,5.98,0,0,0,0,7.06,3,0.0,,,
682,0.9960,-0.1111,0.2165,3.022,good,0.003,4.90,0,0,0,0,9.85,3,0.0,,,
683,0.9960,-0.1184,-0.1369,2.978,good,0.003,6.23,0,0,0,0,13.33,2,0.0,,,
684,0.9960,-0.1194,-0.0404,2.966,good,0.000,5.25,0,0,0,0,13.96,2,0.0,,,
685,0.9960,-0.1167,0.1004,3.011,good,0.000,2.07,0,0,0,0,11.99,2,0.0,,,
689,0.9960,-0.1151,0.1228,3.000,good,0.000,3.34,0,0,0,0,11.72,1,0.0,,,
686,1.0000,-0.1179,-0.2298,3.065,good,0.008,3.57,0,0,0,0,11.08,2,0.0,,,
687,1.0000,-0.1188,0.1915,2.974,good,0.000,3.16,0,0,0,0,13.55,2,0.0,,,
688,1.0000,-0.1173,0.1660,2.999,good,0.000,2.22,0,0,0,0,12.44,2,0.0,,,
690,1.0080,-0.1099,-0.1313,3.001,good,0.005,2.57,0,0,0,0,9.94,3,0.0,,,
691,1.0080,-0.1093,0.0615,2.997,good,0.000,2.87,0,0,0,0,9.83,3,0.0,,,
697,1.0080,-0.1187,-0.0187,2.999,good,0.000,3.13,0,0,0,0,12.93,2,0.0,,,
702,1.0080,-0.1187,-0.1931,3.000,good,0.000,2.83,0,0,0,0,12.88,1,0.0,,,
692,1.0120,-0.1140,-0.0929,3.011,good,0.000,2.29,0,0,0,0,11.07,3,0.0,,,
693,1.0120,-0.1155,0.1860,3.002,good,0.002,9.07,0,0,0,0,11.79,3,0.0,,,
694,1.0120,-0.1321,-0.1965,3.000,good,0.006,7.53,0,0,0,0,9.37,1,0.0,,,
695,1.0120,-0.1089,-0.0013,2.993,good,0.079,3.44,0,0,0,0,9.77,3,0.0,,,
696,1.0120,-0.1082,-0.1587,2.975,good,0.000,2.75,0,0,0,0,9.97,3,0.0,,,
700,1.0120,-0.1193,-0.1420,2.998,good,0.002,3.32,0,0,0,0,13.13,2,0.0,,,
701,1.0120,-0.1102,-0.2012,2.954,good,0.046,3.46,0,0,0,0,11.15,2,0.0,,,
698,1.0160,-0.1104,0.0763,2.996,good,0.000,3.19,0,0,0,0,10.21,3,0.0,,,
699,1.0160,-0.1088,0.0030,3.006,good,0.000,2.51,0,0,0,0,9.45,3,0.0,,,
706,1.0160,-0.1165,-0.1701,2.994,good,0.001,2.50,0,0,0,0,12.32,2,0.0,,,
707,1.0160,-0.1163,-0.0919,2.985,sour,1.000,21.82,1,1,1,0,12.46,2,3.2,20,722,722
703,1.0200,-0.1149,0.2110,2.963,good,0.004,2.33,0,0,0,0,12.54,3,0.0,,,
704,1.0200,-0.1149,0.0294,2.981,good,0.000,3.37,0,0,0,0,12.10,3,0.0,,,
705,1.0200,-0.1104,0.0744,2.998,good,0.000,3.54,0,0,0,0,10.17,3,0.0,,,
710,1.0200,-0.1185,0.1479,2.875,black,1.000,51.30,1,1,1,0,16.01,2,3.2,50|51,675,
711,1.0200,-0.1169,0.0870,3.039,good,0.000,4.13,0,0,0,0,11.36,2,0.0,,,
708,1.0240,-0.1152,0.0735,2.952,good,0.464,2.87,0,0,0,0,12.92,3,0.0,,,
709,1.0240,-0.1090,-0.1635,3.001,good,0.001,2.49,0,0,0,0,9.65,3,0.0,,,
712,1.0280,-0.1149,-0.1334,2.938,good,0.000,4.20,0,0,0,0,13.13,3,0.0,,,
713,1.0280,-0.1124,-0.0953,3.005,good,0.000,2.47,0,0,0,0,10.68,3,0.0,,,
714,1.0280,-0.1136,-0.1113,2.675,good,0.005,2.88,0,0,0,0,19.86,3,0.0,,,
715,1.0280,-0.1104,0.1894,3.015,black,1.000,80.86,1,1,1,0,9.77,3,3.2,56,715,715
716,1.0280,-0.1085,0.1504,2.988,sour,1.000,15.08,1,1,1,0,9.77,3,3.2,51,717,717
717,1.0280,-0.1080,0.2375,3.007,good,0.058,5.10,0,0,0,0,9.19,3,0.0,,,
718,1.0320,-0.1126,-0.0282,3.001,good,0.151,3.10,0,0,0,0,10.84,3,0.0,,,
719,1.0320,-0.1122,-0.0169,2.989,faded,0.956,3.30,1,1,1,0,11.01,3,3.2,29|30,730,730
720,1.0320,-0.1086,0.0871,2.988,good,0.044,3.31,0,0,0,0,9.82,3,0.0,,,
725,1.0320,-0.1029,-0.1146,3.000,good,0.012,2.86,0,0,0,0,7.65,1,0.0,,,
721,1.0360,-0.1137,-0.0604,2.998,good,0.002,2.59,0,0,0,0,11.26,3,0.0,,,
722,1.0360,-0.1190,0.1352,2.971,good,0.001,1.89,0,0,0,0,13.71,2,0.0,,,
723,1.0360,-0.1169,-0.0212,3.146,good,0.000,2.41,0,0,0,0,8.93,2,0.0,,,
724,1.0360,-0.1167,0.0543,3.035,good,0.001,6.48,0,0,0,0,11.42,2,0.0,,,
726,1.0400,-0.1197,0.0519,3.266,good,0.002,3.33,0,0,0,0,7.27,2,0.0,,,
727,1.0400,-0.1195,-0.0544,3.002,good,0.110,3.11,0,0,0,0,13.13,2,0.0,,,
728,1.0400,-0.1171,-0.2321,2.997,good,0.003,3.39,0,0,0,0,12.42,2,0.0,,,
729,1.0400,-0.1158,-0.1630,2.995,good,0.004,2.18,0,0,0,0,12.06,2,0.0,,,
730,1.0400,-0.1160,-0.0913,3.002,good,0.004,1.24,0,0,0,0,11.96,2,0.0,,,
731,1.0400,-0.1144,-0.1857,3.143,good,0.000,2.92,0,0,0,0,8.21,2,0.0,,,
738,1.0440,-0.1183,-0.1031,2.997,good,0.001,2.81,0,0,0,0,12.83,2,0.0,,,
739,1.0440,-0.1171,-0.1935,2.953,good,0.080,3.35,0,0,0,0,13.53,2,0.0,,,
732,1.0480,-0.1164,0.1709,2.989,good,0.000,3.64,0,0,0,0,12.38,3,0.0,,,
733,1.0480,-0.1146,0.1883,2.986,good,0.000,1.93,0,0,0,0,11.85,3,0.0,,,
734,1.0480,-0.1140,0.2011,3.000,sour,1.000,14.46,1,1,1,0,11.33,3,3.2,57,752,752
735,1.0480,-0.1136,0.2200,2.971,good,0.002,3.50,0,0,0,0,11.89,3,0.0,,,
736,1.0480,-0.1113,-0.0407,3.000,good,0.000,2.44,0,0,0,0,10.42,3,0.0,,,
737,1.0480,-0.1092,-0.1332,2.863,good,0.021,3.59,0,0,0,0,13.08,3,0.0,,,
742,1.0520,-0.1187,0.2317,2.982,good,0.000,1.93,0,0,0,0,13.34,2,0.0,,,
743,1.0520,-0.1183,-0.0004,2.994,good,0.000,3.40,0,0,0,0,12.90,2,0.0,,,
740,1.0560,-0.1123,-0.1769,2.997,faded,0.978,4.95,1,1,1,0,10.83,3,3.2,9,760,760
741,1.0560,-0.1088,-0.2188,3.007,good,0.006,3.01,0,0,0,0,9.44,3,0.0,,,
746,1.0560,-0.1185,0.1359,3.008,good,0.002,6.22,0,0,0,0,12.64,2,0.0,,,
747,1.0560,-0.1193,-0.1515,3.015,good,0.000,2.05,0,0,0,0,12.74,2,0.0,,,
748,1.0560,-0.1200,-0.0366,2.999,good,0.001,2.67,0,0,0,0,13.35,2,0.0,,,
749,1.0560,-0.1191,0.2046,3.000,good,0.000,7.16,0,0,0,0,13.02,2,0.0,,,
750,1.0560,-0.1176,0.1775,3.003,black,1.000,51.67,1,1,1,0,12.48,2,3.2,54,759,
744,1.0600,-0.1105,-0.0200,2.994,insect,1.000,9.01,1,1,1,0,10.30,3,3.1,29,766,766
745,1.0600,-0.1100,0.0420,3.155,good,0.000,1.74,0,0,0,0,6.58,3,0.0,,,
752,1.0600,-0.1173,-0.1068,3.134,good,0.116,4.16,0,0,0,0,9.33,2,0.0,,,
753,1.0600,-0.1181,-0.0046,3.000,good,0.000,3.76,0,0,0,0,12.69,2,0.0,,,
751,1.0640,-0.1102,0.1472,3.050,faded,0.997,4.30,1,1,1,0,8.92,3,3.2,50|51,755,755
756,1.0640,-0.1196,-0.0651,2.981,good,0.000,3.21,0,0,0,0,13.65,2,0.0,,,
757,1.0640,-0.1169,-0.0022,2.999,good,0.000,3.61,0,0,0,0,12.34,2,0.0,,,
754,1.0680,-0.1116,-0.2283,2.845,husk,0.961,12.72,1,1,1,0,14.39,3,2.4,2,776,
755,1.0680,-0.1081,0.0762,3.008,good,0.000,1.92,0,0,0,0,9.20,3,0.0,,,
758,1.0680,-0.1199,0.0558,2.940,good,0.000,2.08,0,0,0,0,14.80,2,0.0,,,
759,1.0680,-0.1196,0.2018,3.006,insect,1.000,5.80,1,1,1,0,13.04,2,3.1,57|58,772,772
760,1.0680,-0.1175,0.1753,2.988,good,0.014,3.62,0,0,0,0,12.78,2,0.0,,,
761,1.0680,-0.1164,-0.1876,3.000,faded,0.997,4.87,1,1,1,0,12.15,2,3.2,7|8,778,778
762,1.0760,-0.1135,-0.0121,2.959,good,0.003,3.00,0,0,0,0,12.15,3,0.0,,,
763,1.0760,-0.1127,-0.1149,2.693,good,0.000,2.02,0,0,0,0,18.98,3,0.0,,,
764,1.0760,-0.1088,0.0910,2.992,good,0.000,2.98,0,0,0,0,9.78,3,0.0,,,
768,1.0760,-0.1154,0.0183,3.448,good,0.020,3.26,0,0,0,0,2.45,2,0.0,,,
765,1.0800,-0.1090,-0.1422,3.019,good,0.001,5.04,0,0,0,0,9.24,3,0.0,,,
766,1.0800,-0.1097,-0.0472,2.998,good,0.000,3.40,0,0,0,0,9.95,3,0.0,,,
767,1.0800,-0.1324,-0.2360,3.000,good,0.004,4.28,0,0,0,0,9.48,1,0.0,,,
771,1.0800,-0.1197,-0.0228,3.003,sour,1.000,13.06,1,1,1,0,13.16,2,3.2,29|28,773,773
772,1.0800,-0.1183,0.0630,3.004,good,0.004,2.27,0,0,0,0,12.69,2,0.0,,,
773,1.0800,-0.1156,-0.1591,3.159,good,0.016,2.87,0,0,0,0,8.23,2,0.0,,,
774,1.0800,-0.1156,-0.2330,2.164,good,0.005,4.34,0,0,0,0,39.64,2,0.0,,,
769,1.0840,-0.1151,-0.1636,2.995,good,0.000,2.03,0,0,0,0,11.84,3,0.0,,,
770,1.0840,-0.1122,-0.0608,3.003,good,0.000,3.34,0,0,0,0,10.68,3,0.0,,,
776,1.0840,-0.1161,0.1284,3.065,good,0.000,2.54,0,0,0,0,10.49,2,0.0,,,
775,1.0880,-0.1060,0.0519,3.450,good,0.012,4.71,0,0,0,0,-0.28,3,0.0,,,
777,1.0920,-0.1139,0.0447,3.068,good,0.000,2.79,0,0,0,0,9.71,3,0.0,,,
778,1.0920,-0.1125,-0.0791,2.973,good,0.346,4.04,0,0,0,0,11.46,3,0.0,,,
779,1.0920,-0.1114,-0.2219,3.133,good,0.284,3.95,0,0,0,0,7.48,3,0.0,,,
780,1.0920,-0.1094,0.1197,3.007,faded,0.715,3.19,1,1,1,0,9.64,3,3.2,47,780,780
784,1.0920,-0.1159,-0.0073,3.001,good,0.012,6.79,0,0,0,0,11.94,2,0.0,,,
781,1.0960,-0.1147,0.1879,3.055,faded,0.723,3.15,1,1,1,0,10.28,3,3.2,56|55,782,782
782,1.0960,-0.1115,-0.1850,3.302,good,0.000,2.12,0,0,0,0,4.04,3,0.0,,,
783,1.0960,-0.1099,-0.0826,2.996,good,0.000,4.16,0,0,0,0,10.08,3,0.0,,,
790,1.0960,-0.1181,-0.1248,2.928,good,0.000,3.46,0,0,0,0,14.48,2,0.0,,,
785,1.1000,-0.1154,0.1470,2.686,good,0.000,2.82,0,0,0,0,20.20,3,0.0,,,
786,1.1000,-0.1135,-0.2236,2.901,good,0.054,2.75,0,0,0,0,13.58,3,0.0,,,
787,1.1000,-0.1129,-0.0651,2.813,good,0.000,2.15,0,0,0,0,15.69,3,0.0,,,
788,1.1000,-0.1115,-0.0219,3.009,good,0.016,2.48,0,0,0,0,10.30,3,0.0,,,
789,1.1000,-0.1112,0.1099,3.006,good,0.000,3.62,0,0,0,0,10.28,3,0.0,,,
793,1.1000,-0.1189,-0.0865,3.184,good,0.000,2.56,0,0,0,0,8.77,2,0.0,,,
794,1.1000,-0.1164,0.2143,3.008,good,0.000,3.59,0,0,0,0,11.96,2,0.0,,,
791,1.1040,-0.1142,0.1193,2.969,good,0.011,3.29,0,0,0,0,12.15,3,0.0,,,
792,1.1040,-0.1115,0.1634,3.008,sour,1.000,18.00,1,1,1,0,10.30,3,3.2,52|53,820,
795,1.1080,-0.1149,-0.0718,3.069,good,0.002,2.81,0,0,0,0,10.04,3,0.0,,,
796,1.1080,-0.1151,-0.0425,3.005,good,0.000,4.32,0,0,0,0,11.59,3,0.0,,,
797,1.1080,-0.1143,0.2194,3.001,faded,0.931,3.62,1,1,1,0,11.40,3,3.2,60|59,810,810
798,1.1080,-0.1122,-0.1153,3.022,good,0.000,1.90,0,0,0,0,10.21,3,0.0,,,
800,1.1080,-0.1176,0.1339,2.993,good,0.000,2.18,0,0,0,0,12.70,2,0.0,,,
799,1.1120,-0.1148,-0.0256,3.005,good,0.001,2.11,0,0,0,0,11.49,3,0.0,,,
801,1.1160,-0.1134,0.0781,3.034,good,0.000,1.70,0,0,0,0,10.36,3,0.0,,,
802,1.1160,-0.1126,-0.1146,2.897,good,0.127,5.11,0,0,0,0,13.36,3,0.0,,,
803,1.1160,-0.1114,-0.2217,2.990,good,0.000,3.40,0,0,0,0,10.70,3,0.0,,,
804,1.1200,-0.1112,0.0597,3.003,good,0.000,2.22,0,0,0,0,10.32,3,0.0,,,
805,1.1200,-0.1124,0.1469,2.999,good,0.000,3.13,0,0,0,0,10.82,3,0.0,,,
806,1.1200,-0.1095,0.0498,2.997,good,0.000,2.29,0,0,0,0,9.89,3,0.0,,,
811,1.1200,-0.1172,-0.0032,2.989,good,0.001,3.93,0,0,0,0,12.68,2,0.0,,,
807,1.1240,-0.1140,-0.1278,3.004,broken,0.759,3.51,1,1,1,0,11.24,3,2.4,15,824,824
808,1.1240,-0.1132,-0.2199,2.899,good,0.000,2.95,0,0,0,0,13.52,3,0.0,,,
809,1.1240,-0.1097,-0.1985,3.001,good,0.000,2.53,0,0,0,0,9.86,3,0.0,,,
810,1.1240,-0.1091,0.1576,3.005,good,0.000,2.93,0,0,0,0,9.60,3,0.0,,,
812,1.1240,-0.1187,-0.0651,3.002,faded,1.000,3.89,1,1,1,0,12.84,2,3.2,23,827,827
816,1.1280,-0.1172,-0.1368,3.018,good,0.001,7.59,0,0,0,0,11.96,2,0.0,,,
813,1.1320,-0.1138,0.1287,3.003,good,0.000,3.41,0,0,0,0,11.19,3,0.0,,,
815,1.1320,-0.1115,0.0366,2.979,good,0.000,2.62,0,0,0,0,11.02,3,0.0,,,
814,1.1360,-0.1325,0.2001,1.800,shell,0.997,6.20,1,1,1,0,61.14,2,2.4,57,,
817,1.1360,-0.1114,-0.2173,3.000,good,0.000,2.25,0,0,0,0,10.47,3,0.0,,,
818,1.1360,-0.1117,0.0790,2.879,good,0.000,2.49,0,0,0,0,13.55,3,0.0,,,
819,1.1360,-0.1096,0.1845,2.999,good,0.000,1.58,0,0,0,0,9.89,3,0.0,,,
820,1.1360,-0.1095,0.1639,2.997,good,0.000,2.32,0,0,0,0,9.91,3,0.0,,,
822,1.1360,-0.1179,0.1147,3.009,good,0.000,2.00,0,0,0,0,12.42,2,0.0,,,
823,1.1360,-0.1160,-0.1020,2.994,good,0.012,3.01,0,0,0,0,12.14,2,0.0,,,
824,1.1360,-0.1170,-0.0350,2.986,good,0.000,2.72,0,0,0,0,12.66,2,0.0,,,
825,1.1360,-0.1256,0.1978,3.000,shell,0.996,6.25,1,1,1,0,11.20,1,2.4,57,758,
831,1.1360,-0.1192,0.1965,3.000,shell,1.000,8.34,1,1,1,0,13.06,1,2.4,57|56,758,
821,1.1400,-0.1119,-0.1804,2.982,good,0.002,3.29,0,0,0,0,11.06,3,0.0,,,
830,1.1400,-0.1164,0.1224,3.000,good,0.001,3.32,0,0,0,0,12.14,2,0.0,,,
826,1.1440,-0.1174,0.0462,2.691,good,0.000,2.87,0,0,0,0,20.78,3,0.0,,,
827,1.1440,-0.1140,-0.1738,2.954,good,0.000,1.81,0,0,0,0,12.43,3,0.0,,,
828,1.1440,-0.1096,-0.1227,3.021,good,0.002,2.95,0,0,0,0,9.39,3,0.0,,,
829,1.1440,-0.1081,-0.1347,3.003,good,0.000,1.95,0,0,0,0,9.27,3,0.0,,,
835,1.1440,-0.1185,0.1910,3.005,good,0.000,2.29,0,0,0,0,12.72,2,0.0,,,
832,1.1480,-0.1139,-0.2153,3.032,good,0.001,3.25,0,0,0,0,10.54,3,0.0,,,
833,1.1480,-0.1119,-0.0600,3.010,good,0.003,6.51,0,0,0,0,10.40,3,0.0,,,
834,1.1480,-0.1148,0.0843,2.765,good,0.009,2.56,0,0,0,0,17.67,3,0.0,,,
837,1.1480,-0.1311,-0.0843,3.000,shell,1.000,17.31,1,1,1,0,13.04,1,2.4,21,840,
843,1.1480,-0.1165,-0.0812,3.000,shell,1.000,16.63,1,1,1,0,12.15,1,2.4,21,882,
836,1.1520,-0.1111,0.2033,3.000,good,0.000,3.40,0,0,0,0,10.38,3,0.0,,,
841,1.1520,-0.1173,0.2277,3.000,good,0.001,3.04,0,0,0,0,12.42,2,0.0,,,
842,1.1520,-0.1172,-0.2318,2.991,good,0.001,3.65,0,0,0,0,12.61,2,0.0,,,
847,1.1520,-0.1018,-0.0782,3.000,shell,1.000,17.28,1,1,1,0,7.28,1,2.4,21|22,882,
838,1.1560,-0.1149,0.1070,2.936,good,0.002,3.60,0,0,0,0,13.21,3,0.0,,,
839,1.1560,-0.1087,-0.0910,3.020,good,0.000,2.53,0,0,0,0,9.11,3,0.0,,,
840,1.1560,-0.1087,-0.0748,3.019,good,0.000,3.25,0,0,0,0,9.12,3,0.0,,,
846,1.1560,-0.1171,-0.0197,3.067,good,0.000,3.24,0,0,0,0,10.79,2,0.0,,,
844,1.1600,-0.1142,-0.1694,2.960,good,0.000,2.27,0,0,0,0,12.36,3,0.0,,,
845,1.1600,-0.1097,0.0373,2.995,good,0.160,8.05,0,0,0,0,10.02,3,0.0,,,
854,1.1600,-0.1178,-0.2038,2.980,good,0.052,3.59,0,0,0,0,13.09,2,0.0,,,
855,1.1600,-0.1182,-0.1068,3.003,good,0.062,3.23,0,0,0,0,12.67,2,0.0,,,
848,1.1640,-0.1142,0.2016,2.913,good,0.003,4.77,0,0,0,0,13.53,3,0.0,,,
849,1.1640,-0.1134,-0.0276,3.031,black,1.000,50.44,1,1,1,0,10.41,3,3.2,28,866,866
850,1.1640,-0.1119,0.2265,3.001,good,0.052,5.46,0,0,0,0,10.61,3,0.0,,,
851,1.1640,-0.1112,-0.2314,2.995,good,0.000,2.29,0,0,0,0,10.51,3,0.0,,,
852,1.1640,-0.1093,-0.0644,3.009,stick,1.000,53.27,1,1,1,0,9.57,3,2.4,23,851,
853,1.1640,-0.1090,0.0544,3.010,good,0.000,2.01,0,0,0,0,9.45,3,0.0,,,
857,1.1640,-0.1186,0.1289,2.828,sour,1.000,22.55,1,1,1,0,17.30,2,3.2,48,858,
856,1.1680,-0.1146,-0.0940,3.005,good,0.002,2.55,0,0,0,0,11.41,3,0.0,,,
858,1.1680,-0.1192,-0.2222,3.044,good,0.002,3.52,0,0,0,0,12.02,2,0.0,,,
859,1.1720,-0.1080,0.2158,3.004,good,0.000,2.31,0,0,0,0,9.24,3,0.0,,,
860,1.1760,-0.1114,-0.1304,3.007,good,0.003,2.86,0,0,0,0,10.31,3,0.0,,,
861,1.1760,-0.1092,-0.0778,2.984,insect,1.000,3.34,1,1,1,0,10.13,3,3.1,22|21,862,
862,1.1760,-0.1093,0.0151,2.847,good,0.001,2.26,0,0,0,0,13.55,3,0.0,,,
865,1.1760,-0.1174,0.1219,3.003,good,0.000,3.91,0,0,0,0,12.40,2,0.0,,,
863,1.1800,-0.1145,-0.1916,2.999,good,0.004,1.78,0,0,0,0,11.51,3,0.0,,,
864,1.1800,-0.1123,-0.0383,3.002,good,0.000,2.43,0,0,0,0,10.71,3,0.0,,,
870,1.1800,-0.1187,0.0837,2.992,good,0.014,2.86,0,0,0,0,13.09,2,0.0,,,
866,1.1840,-0.1146,-0.2107,3.005,good,0.489,4.40,0,0,0,0,11.42,3,0.0,,,
867,1.1840,-0.1273,-0.0383,2.988,good,0.000,2.50,0,0,0,0,12.05,2,0.0,,,
868,1.1840,-0.1131,-0.0205,3.039,good,0.000,2.23,0,0,0,0,10.14,3,0.0,,,
869,1.1840,-0.1088,-0.1336,2.998,good,0.000,2.10,0,0,0,0,9.62,3,0.0,,,
877,1.1840,-0.1153,-0.0340,3.000,good,0.000,2.36,0,0,0,0,11.78,1,0.0,,,
871,1.1880,-0.1113,-0.1499,3.018,good,0.000,2.83,0,0,0,0,10.01,3,0.0,,,
872,1.1880,-0.1096,0.0388,3.028,good,0.000,2.17,0,0,0,0,9.21,3,0.0,,,
873,1.1880,-0.1103,-0.1807,2.997,good,0.000,4.00,0,0,0,0,10.17,3,0.0,,,
874,1.1880,-0.1091,0.0021,3.066,good,0.000,5.40,0,0,0,0,8.20,3,0.0,,,
875,1.1880,-0.1189,0.0001,3.072,good,0.052,2.53,0,0,0,0,11.25,2,0.0,,,
876,1.1880,-0.1176,0.0598,2.902,good,0.001,19.95,1,1,1,0,14.98,2,9.0,39|40|38,876,876
881,1.1920,-0.1164,0.1706,2.986,good,0.018,19.41,1,1,1,0,12.46,2,9.0,53|54|52,877|885,877
882,1.1920,-0.1175,0.1226,2.995,good,0.062,2.97,0,0,0,0,12.62,2,0.0,,,
883,1.1920,-0.1169,-0.0775,3.009,broken,0.980,2.66,1,1,1,0,12.08,2,2.4,22|21,891,891
884,1.1920,-0.1163,-0.1173,3.021,good,0.011,2.85,0,0,0,0,11.59,2,0.0,,,
878,1.1960,-0.1168,-0.0650,2.998,good,0.000,3.54,0,0,0,0,12.30,3,0.0,,,
879,1.1960,-0.1134,-0.0888,3.002,good,0.000,2.64,0,0,0,0,11.09,3,0.0,,,
880,1.1960,-0.1105,0.1976,3.019,good,0.119,3.32,0,0,0,0,9.70,3,0.0,,,
887,1.1960,-0.1169,0.0952,3.011,good,0.001,2.68,0,0,0,0,12.02,2,0.0,,,
892,1.1960,-0.1087,0.1736,3.000,black,1.000,51.63,1,1,1,0,9.57,1,3.2,54,885,
885,1.2000,-0.1111,0.1819,3.234,good,0.000,5.11,0,0,0,0,5.28,3,0.0,,,
886,1.2000,-0.1087,-0.1345,2.995,good,0.000,2.97,0,0,0,0,9.68,3,0.0,,,
891,1.2000,-0.1158,0.0208,3.007,good,0.001,2.58,0,0,0,0,11.77,2,0.0,,,
888,1.2040,-0.1136,0.0041,2.732,good,0.001,2.88,0,0,0,0,18.17,3,0.0,,,
889,1.2040,-0.1226,0.0836,2.727,husk,0.999,9.68,1,1,1,0,17.63,2,2.4,42,911,
890,1.2040,-0.1110,0.1918,2.685,good,0.000,3.41,0,0,0,0,18.57,3,0.0,,,
895,1.2040,-0.1186,-0.2125,3.000,good,0.003,2.85,0,0,0,0,12.88,2,0.0,,,
903,1.2040,-0.1117,0.0788,3.000,husk,1.000,9.59,1,1,1,0,10.57,1,2.4,42|41,916,
893,1.2080,-0.1101,0.2173,3.000,good,0.003,4.74,0,0,0,0,10.03,3,0.0,,,
894,1.2080,-0.1093,0.0786,3.202,good,0.141,2.30,0,0,0,0,5.38,3,0.0,,,
901,1.2080,-0.1197,-0.2261,2.931,broken,0.570,3.52,1,1,1,0,14.96,2,2.4,3|2,903,903
902,1.2080,-0.1168,-0.1376,2.992,good,0.000,2.64,0,0,0,0,12.46,2,0.0,,,
896,1.2120,-0.1145,-0.1053,3.002,good,0.003,4.04,0,0,0,0,11.47,3,0.0,,,
897,1.2120,-0.1141,-0.1544,3.135,faded,0.974,6.84,1,1,1,0,8.29,3,3.2,12,927,927
898,1.2120,-0.1123,-0.2070,2.995,good,0.001,3.37,0,0,0,0,10.89,3,0.0,,,
899,1.2120,-0.1115,0.2252,3.000,good,0.009,2.93,0,0,0,0,10.51,3,0.0,,,
900,1.2120,-0.1095,-0.0324,3.002,good,0.000,2.98,0,0,0,0,9.81,3,0.0,,,
904,1.2160,-0.1115,-0.2133,2.997,good,0.001,2.71,0,0,0,0,10.59,3,0.0,,,
905,1.2160,-0.1078,0.0828,3.333,good,0.000,3.93,0,0,0,0,2.33,3,0.0,,,
906,1.2160,-0.1103,-0.1708,2.996,good,0.001,1.96,0,0,0,0,10.20,3,0.0,,,
913,1.2160,-0.1172,-0.0321,3.065,good,0.000,7.29,0,0,0,0,10.88,2,0.0,,,
914,1.2160,-0.1170,-0.1335,2.986,good,0.000,2.73,0,0,0,0,12.68,2,0.0,,,
907,1.2200,-0.1166,0.1025,3.004,good,0.000,2.48,0,0,0,0,12.10,3,0.0,,,
908,1.2200,-0.1170,0.0267,2.727,good,0.010,2.43,0,0,0,0,19.57,3,0.0,,,
909,1.2200,-0.1119,0.0772,2.985,black,1.000,45.49,1,1,1,0,11.00,3,3.2,41|42,914,914
910,1.2200,-0.1101,0.2071,2.990,good,0.007,7.41,0,0,0,0,10.27,3,0.0,,,
911,1.2200,-0.1099,-0.1766,3.005,good,0.000,2.67,0,0,0,0,9.85,3,0.0,,,
912,1.2200,-0.1089,-0.2228,2.994,faded,0.992,3.66,1,1,1,0,9.78,3,3.2,3,935,935
916,1.2200,-0.1184,-0.0296,3.350,good,0.106,7.59,0,0,0,0,5.20,2,0.0,,,
915,1.2240,-0.1145,0.1246,3.054,good,0.000,2.22,0,0,0,0,10.25,3,0.0,,,
919,1.2240,-0.1187,0.0401,2.866,good,0.304,4.97,0,0,0,0,16.33,2,0.0,,,
922,1.2240,-0.1050,-0.0256,3.000,good,0.104,7.53,0,0,0,0,8.34,1,0.0,,,
917,1.2280,-0.1117,0.0369,3.450,good,0.003,2.42,0,0,0,0,1.37,3,0.0,,,
918,1.2280,-0.1144,-0.1183,3.008,good,0.000,1.96,0,0,0,0,11.26,3,0.0,,,
920,1.2320,-0.1149,-0.1692,2.900,sour,1.000,13.40,1,1,1,0,14.10,3,3.2,10,919,
921,1.2320,-0.1110,0.0169,2.992,good,0.000,3.65,0,0,0,0,10.53,3,0.0,,,
924,1.2360,-0.1153,-0.1391,3.038,good,0.000,2.52,0,0,0,0,10.88,2,0.0,,,
923,1.2400,-0.1098,-0.1751,3.084,good,0.000,1.80,0,0,0,0,8.03,3,0.0,,,
928,1.2400,-0.1181,0.1479,3.002,good,0.000,3.69,0,0,0,0,12.65,2,0.0,,,
929,1.2400,-0.1169,-0.0038,3.001,good,0.002,3.71,0,0,0,0,12.27,2,0.0,,,
930,1.2400,-0.1177,0.2241,2.998,good,0.000,3.66,0,0,0,0,12.60,2,0.0,,,
925,1.2440,-0.1117,0.0337,2.984,good,0.000,3.01,0,0,0,0,10.93,3,0.0,,,
926,1.2440,-0.1090,-0.0493,3.050,good,0.001,2.38,0,0,0,0,8.53,3,0.0,,,
927,1.2440,-0.1094,0.1390,3.023,good,0.016,2.18,0,0,0,0,9.25,3,0.0,,,
931,1.2480,-0.1398,-0.1867,3.000,good,0.000,1.93,0,0,0,0,11.92,1,0.0,,,
932,1.2480,-0.1130,-0.2292,2.999,good,0.000,2.69,0,0,0,0,11.03,3,0.0,,,
933,1.2480,-0.1201,0.0543,2.918,good,0.004,4.12,0,0,0,0,11.44,2,0.0,,,
934,1.2480,-0.1082,0.1035,2.987,good,0.000,2.68,0,0,0,0,9.70,3,0.0,,,
938,1.2480,-0.1178,-0.1835,2.957,good,0.001,5.08,0,0,0,0,13.64,2,0.0,,,
948,1.2480,-0.1084,0.0511,3.000,good,0.002,3.90,0,0,0,0,9.47,1,0.0,,,
935,1.2520,-0.1126,0.2019,2.937,good,0.018,6.19,0,0,0,0,12.39,3,0.0,,,
936,1.2520,-0.1095,-0.0654,2.947,good,0.001,7.61,0,0,0,0,11.10,3,0.0,,,
937,1.2520,-0.1105,0.1451,3.042,good,0.031,3.88,0,0,0,0,9.21,3,0.0,,,
946,1.2520,-0.1196,-0.1135,3.002,good,0.003,1.87,0,0,0,0,13.15,2,0.0,,,
947,1.2520,-0.1168,0.1241,3.025,good,0.000,3.44,0,0,0,0,11.65,2,0.0,,,
939,1.2560,-0.1112,-0.0038,2.998,good,0.000,2.56,0,0,0,0,10.43,3,0.0,,,
940,1.2560,-0.1114,0.1594,2.897,good,0.062,3.06,0,0,0,0,12.98,3,0.0,,,
941,1.2560,-0.1093,-0.0576,2.986,good,0.000,3.68,0,0,0,0,10.09,3,0.0,,,
942,1.2560,-0.1101,-0.2065,2.992,good,0.000,1.99,0,0,0,0,10.23,3,0.0,,,
943,1.2560,-0.1085,-0.2404,3.074,good,0.005,3.06,0,0,0,0,7.84,3,0.0,,,
944,1.2560,-0.1087,-0.0231,2.999,good,0.003,1.99,0,0,0,0,9.57,3,0.0,,,
945,1.2560,-0.1084,0.0773,2.964,good,0.000,2.04,0,0,0,0,10.31,3,0.0,,,
954,1.2560,-0.1038,0.2065,3.000,good,0.000,2.10,0,0,0,0,7.94,1,0.0,,,
949,1.2600,-0.1095,0.0696,2.996,good,0.002,3.06,0,0,0,0,9.94,3,0.0,,,
950,1.2600,-0.1084,-0.1340,3.073,sour,1.000,12.53,1,1,1,0,7.81,3,3.2,14|15,963,
951,1.2600,-0.1082,0.1089,2.985,good,0.002,1.73,0,0,0,0,9.75,3,0.0,,,
952,1.2640,-0.1141,-0.0829,2.993,good,0.000,2.52,0,0,0,0,11.52,3,0.0,,,
953,1.2640,-0.1090,-0.0148,2.992,good,0.001,8.29,0,0,0,0,9.86,3,0.0,,,
955,1.2640,-0.1189,0.1980,3.000,good,0.003,4.04,0,0,0,0,12.97,2,0.0,,,
956,1.2640,-0.1179,-0.1707,2.940,black,1.000,51.75,1,1,1,0,14.11,2,3.2,10|9,973,973
959,1.2680,-0.1167,-0.0500,3.000,good,0.000,1.99,0,0,0,0,12.25,2,0.0,,,
957,1.2720,-0.1162,0.2219,2.950,good,0.000,3.16,0,0,0,0,13.28,3,0.0,,,
958,1.2720,-0.1094,0.1988,2.992,good,0.000,2.46,0,0,0,0,10.01,3,0.0,,,
961,1.2720,-0.1192,0.1223,2.994,good,0.000,2.17,0,0,0,0,13.21,2,0.0,,,
962,1.2720,-0.1188,-0.0015,3.000,good,0.000,3.58,0,0,0,0,12.93,2,0.0,,,
963,1.2720,-0.1161,-0.1543,3.001,good,0.000,2.68,0,0,0,0,12.02,2,0.0,,,
964,1.2720,-0.1158,-0.2254,2.988,insect,1.000,5.20,1,1,1,0,12.21,2,3.1,3|2,982,982
965,1.2720,-0.1174,-0.0302,2.998,good,0.053,3.00,0,0,0,0,12.49,2,0.0,,,
960,1.2760,-0.1113,-0.1396,3.004,good,0.000,2.66,0,0,0,0,10.35,3,0.0,,,
969,1.2760,-0.1182,-0.0047,3.003,good,0.001,2.64,0,0,0,0,12.67,2,0.0,,,
966,1.2800,-0.1113,0.2184,2.995,good,0.000,1.81,0,0,0,0,10.54,3,0.0,,,
967,1.2800,-0.1084,-0.1873,3.012,good,0.000,2.69,0,0,0,0,9.20,3,0.0,,,
968,1.2800,-0.1091,0.0533,3.002,good,0.001,1.99,0,0,0,0,9.64,3,0.0,,,
971,1.2800,-0.1183,0.0456,3.022,good,0.000,2.19,0,0,0,0,12.25,2,0.0,,,
970,1.2840,-0.1158,0.2101,2.977,shell,0.998,11.11,1,1,1,0,12.49,3,2.4,58|59,974,
975,1.2840,-0.1162,0.0333,3.139,good,0.001,3.28,0,0,0,0,8.86,2,0.0,,,
976,1.2840,-0.1169,-0.0838,3.003,good,0.000,2.42,0,0,0,0,12.21,2,0.0,,,
977,1.2840,-0.1157,0.0080,2.998,good,0.000,2.79,0,0,0,0,11.97,2,0.0,,,
978,1.2840,-0.1161,0.1178,3.102,sour,1.000,17.68,1,1,1,0,9.67,2,3.2,47|46,1002,
979,1.2840,-0.1139,-0.0950,3.396,good,0.004,3.05,0,0,0,0,2.96,2,0.0,,,
972,1.2880,-0.1140,0.0694,3.000,good,0.000,2.39,0,0,0,0,11.35,3,0.0,,,
973,1.2880,-0.1146,-0.1907,3.026,good,0.000,3.19,0,0,0,0,10.92,3,0.0,,,
974,1.2880,-0.1081,0.1046,3.004,good,0.000,2.83,0,0,0,0,9.28,3,0.0,,,
982,1.2880,-0.1196,-0.0203,3.016,good,0.058,2.78,0,0,0,0,12.84,2,0.0,,,
983,1.2880,-0.1187,-0.0665,2.961,good,0.000,3.08,0,0,0,0,13.87,2,0.0,,,
984,1.2880,-0.1183,-0.1702,3.122,good,0.001,3.31,0,0,0,0,9.93,2,0.0,,,
980,1.2920,-0.1120,-0.0600,3.048,good,0.000,2.06,0,0,0,0,9.56,3,0.0,,,
981,1.2920,-0.1089,0.2206,2.971,good,0.002,5.46,0,0,0,0,10.34,3,0.0,,,
985,1.2960,-0.1115,-0.0444,3.002,good,0.006,1.90,0,0,0,0,10.45,3,0.0,,,
990,1.2960,-0.1287,0.0090,3.000,good,0.002,5.66,0,0,0,0,12.23,1,0.0,,,
991,1.2960,-0.1160,-0.1950,2.999,good,0.000,2.59,0,0,0,0,12.03,2,0.0,,,
997,1.2960,-0.1179,0.0055,3.000,good,0.000,1.72,0,0,0,0,12.62,1,0.0,,,
998,1.2960,-0.1165,0.0142,3.000,good,0.000,2.10,0,0,0,0,12.17,1,0.0,,,
986,1.3000,-0.1158,0.0057,3.001,good,0.000,2.32,0,0,0,0,11.91,3,0.0,,,
987,1.3000,-0.1132,-0.1428,3.185,good,0.000,3.68,0,0,0,0,6.92,3,0.0,,,
988,1.3000,-0.1069,-0.0790,3.334,sour,1.000,13.13,1,1,1,0,2.08,3,3.2,21|22,1018,
989,1.3000,-0.1082,-0.1350,2.995,good,0.000,2.46,0,0,0,0,9.51,3,0.0,,,
996,1.3000,-0.1184,0.1328,3.013,black,1.000,60.53,1,1,1,0,12.48,2,3.2,48|49,1011,1011
992,1.3040,-0.1106,-0.2385,3.164,black,1.000,51.33,1,1,1,0,6.55,3,3.2,1,1008,
993,1.3040,-0.1107,-0.2231,3.000,good,0.002,7.41,0,0,0,0,10.24,3,0.0,,,
994,1.3040,-0.1124,-0.0630,2.978,good,0.000,3.32,0,0,0,0,11.32,3,0.0,,,
995,1.3040,-0.1109,0.0856,3.003,good,0.000,1.93,0,0,0,0,10.22,3,0.0,,,
999,1.3080,-0.1147,-0.0126,3.015,good,0.001,3.01,0,0,0,0,11.21,3,0.0,,,
1000,1.3120,-0.1119,0.0610,2.998,good,0.000,2.44,0,0,0,0,10.66,3,0.0,,,
1001,1.3160,-0.1165,-0.0720,2.866,good,0.000,1.99,0,0,0,0,15.54,3,0.0,,,
1002,1.3160,-0.1165,-0.0511,2.999,good,0.009,4.91,0,0,0,0,12.20,3,0.0,,,
1003,1.3160,-0.1144,0.0981,2.998,good,0.000,2.56,0,0,0,0,11.53,3,0.0,,,
1004,1.3160,-0.1135,-0.0991,3.003,good,0.000,2.25,0,0,0,0,11.10,3,0.0,,,
1005,1.3160,-0.1090,-0.1483,3.002,good,0.001,2.67,0,0,0,0,9.63,3,0.0,,,
1006,1.3160,-0.1090,0.0038,2.867,good,0.002,2.37,0,0,0,0,12.91,3,0.0,,,
1007,1.3160,-0.1083,0.0620,3.004,insect,1.000,6.74,1,1,1,0,9.36,3,3.1,39|40,1007,1007
1008,1.3160,-0.1092,0.1256,3.010,sour,1.000,33.06,1,1,1,0,9.52,3,3.2,48|47,1024,
1009,1.3200,-0.1119,-0.2120,2.997,good,0.000,2.80,0,0,0,0,10.72,3,0.0,,,
1010,1.3200,-0.1085,-0.2304,2.998,good,0.061,3.19,0,0,0,0,9.54,3,0.0,,,
1011,1.3200,-0.1087,-0.1620,3.020,good,0.008,2.17,0,0,0,0,9.09,3,0.0,,,
1016,1.3200,-0.1173,0.1859,2.999,good,0.057,2.49,0,0,0,0,12.46,2,0.0,,,
1012,1.3240,-0.1265,-0.0651,3.002,good,0.000,2.56,0,0,0,0,11.45,2,0.0,,,
1013,1.3240,-0.1211,-0.0573,3.101,good,0.000,2.43,0,0,0,0,7.30,2,0.0,,,
1014,1.3240,-0.1093,-0.0209,2.990,good,0.000,3.92,0,0,0,0,10.00,3,0.0,,,
1015,1.3240,-0.1099,-0.0751,2.633,good,0.000,3.06,0,0,0,0,19.72,3,0.0,,,
1023,1.3240,-0.1117,-0.0621,3.000,good,0.000,8.06,0,0,0,0,10.57,1,0.0,,,
1017,1.3280,-0.1127,-0.0828,2.998,good,0.002,1.66,0,0,0,0,10.96,3,0.0,,,
1018,1.3280,-0.1101,0.1931,3.000,good,0.000,1.68,0,0,0,0,10.05,3,0.0,,,
1019,1.3280,-0.1124,0.2418,2.471,good,0.007,5.55,0,0,0,0,25.93,3,0.0,,,
1021,1.3280,-0.1186,0.1312,2.998,good,0.000,3.38,0,0,0,0,12.91,2,0.0,,,
1022,1.3280,-0.1157,0.2258,2.985,good,0.000,2.56,0,0,0,0,12.25,2,0.0,,,
1020,1.3320,-0.1111,-0.1909,2.950,good,0.014,2.21,0,0,0,0,11.55,3,0.0,,,
1026,1.3320,-0.1190,0.1398,2.972,good,0.000,1.94,0,0,0,0,13.68,2,0.0,,,
1027,1.3320,-0.1023,0.2388,3.000,good,0.027,5.75,0,0,0,0,7.43,1,0.0,,,
1024,1.3360,-0.1127,-0.2092,2.997,good,0.001,2.63,0,0,0,0,10.97,3,0.0,,,
1025,1.3360,-0.1136,0.1745,2.872,good,0.000,3.36,0,0,0,0,14.36,3,0.0,,,
1030,1.3400,-0.1195,-0.1234,3.113,good,0.000,3.43,0,0,0,0,10.51,2,0.0,,,
1031,1.3400,-0.1183,-0.1765,2.923,good,0.000,2.45,0,0,0,0,14.68,2,0.0,,,
1032,1.3400,-0.1173,-0.1105,3.002,good,0.004,3.81,0,0,0,0,12.36,2,0.0,,,
1028,1.3440,-0.1127,-0.0877,3.214,good,0.003,3.89,0,0,0,0,6.16,3,0.0,,,
1029,1.3440,-0.1093,0.0691,3.008,black,1.000,47.36,1,1,1,0,9.57,3,3.2,40|41,1038,1038
1036,1.3440,-0.1156,-0.0137,3.028,good,0.291,3.86,0,0,0,0,11.22,2,0.0,,,
1033,1.3480,-0.1125,-0.0321,3.235,good,0.006,2.37,0,0,0,0,5.69,3,0.0,,,
1034,1.3480,-0.1132,0.1276,3.000,sour,1.000,16.03,1,1,1,0,11.07,3,3.2,48,1047,1047
1035,1.3480,-0.1081,-0.1150,2.999,good,0.000,2.43,0,0,0,0,9.41,3,0.0,,,
1037,1.3480,-0.1176,0.1863,3.003,black,1.000,53.08,1,1,1,0,12.44,2,3.2,55|56,1046,1046
1038,1.3480,-0.1146,-0.0426,3.113,good,0.000,2.76,0,0,0,0,8.94,2,0.0,,,
1041,1.3520,-0.1189,-0.2314,3.008,black,1.000,50.49,1,1,1,0,12.78,2,3.2,2,1061,1061
1042,1.3520,-0.1185,0.0700,3.310,good,0.000,4.72,0,0,0,0,6.00,2,0.0,,,
1043,1.3520,-0.1178,0.0965,3.003,black,1.000,50.61,1,1,1,0,12.52,2,3.2,44,1031,1031
1044,1.3520,-0.1171,-0.0928,2.994,good,0.000,3.57,0,0,0,0,12.50,2,0.0,,,
1039,1.3560,-0.1140,0.1230,2.997,good,0.000,2.50,0,0,0,0,11.41,3,0.0,,,
1040,1.3560,-0.1089,-0.1904,2.921,good,0.324,3.63,0,0,0,0,11.51,3,0.0,,,
1047,1.3560,-0.1180,0.1691,2.935,good,0.000,3.85,0,0,0,0,14.27,2,0.0,,,
1048,1.3560,-0.1178,-0.2230,3.061,good,0.008,2.80,0,0,0,0,11.15,2,0.0,,,
1049,1.3560,-0.1179,0.1940,2.981,good,0.005,1.96,0,0,0,0,13.10,2,0.0,,,
1045,1.3600,-0.1134,0.1129,3.010,black,1.000,48.44,1,1,1,0,10.89,3,3.2,46,1070,1070
1046,1.3600,-0.1122,-0.1596,2.995,good,0.000,2.35,0,0,0,0,10.84,3,0.0,,,
1054,1.3600,-0.1188,-0.0849,3.001,good,0.000,3.54,0,0,0,0,12.91,2,0.0,,,
1050,1.3640,-0.1098,0.2003,3.135,good,0.004,6.06,0,0,0,0,6.93,3,0.0,,,
1051,1.3640,-0.1116,-0.1487,3.002,good,0.099,2.90,0,0,0,0,10.50,3,0.0,,,
1052,1.3640,-0.1119,-0.1097,2.945,good,0.000,5.57,0,0,0,0,11.96,3,0.0,,,
1053,1.3640,-0.1215,-0.2095,3.112,good,0.001,2.70,0,0,0,0,7.18,2,0.0,,,
1056,1.3640,-0.1197,0.0814,3.026,good,0.000,2.20,0,0,0,0,12.61,2,0.0,,,
1060,1.3640,-0.1090,-0.2063,3.000,good,0.000,2.70,0,0,0,0,9.67,1,0.0,,,
1055,1.3680,-0.1088,-0.0029,3.001,good,0.000,2.46,0,0,0,0,9.57,3,0.0,,,
1058,1.3680,-0.1198,0.1924,2.987,good,0.009,2.81,0,0,0,0,13.59,2,0.0,,,
1059,1.3680,-0.1181,-0.1819,2.997,good,0.000,3.24,0,0,0,0,12.77,2,0.0,,,
1057,1.3720,-0.1145,0.0339,2.997,good,0.000,2.79,0,0,0,0,11.57,3,0.0,,,
1065,1.3720,-0.1186,0.1277,3.010,good,0.000,1.97,0,0,0,0,12.63,2,0.0,,,
1061,1.3760,-0.1139,0.1673,3.023,sour,1.000,11.86,1,1,1,0,10.76,3,3.2,53,1077,1077
1062,1.3760,-0.1113,-0.1455,2.966,good,0.006,5.38,0,0,0,0,11.24,3,0.0,,,
1063,1.3760,-0.1106,-0.0774,2.995,good,0.000,2.94,0,0,0,0,10.32,3,0.0,,,
1064,1.3760,-0.1095,-0.1697,3.004,good,0.001,1.63,0,0,0,0,9.75,3,0.0,,,
1068,1.3760,-0.1157,-0.0836,3.450,good,0.003,3.09,0,0,0,0,2.53,2,0.0,,,
1066,1.3800,-0.1110,0.0947,2.964,good,0.002,2.24,0,0,0,0,11.17,3,0.0,,,
1067,1.3800,-0.1091,0.1894,3.001,good,0.000,2.29,0,0,0,0,9.68,3,0.0,,,
1069,1.3840,-0.1129,0.0753,3.003,good,0.000,2.78,0,0,0,0,10.89,3,0.0,,,
1075,1.3840,-0.1187,-0.0749,3.005,good,0.000,2.60,0,0,0,0,12.76,2,0.0,,,
1076,1.3840,-0.1182,-0.1312,3.000,good,0.000,4.19,0,0,0,0,12.73,2,0.0,,,
1077,1.3840,-0.1189,0.1551,2.949,good,0.002,9.13,0,0,0,0,14.22,2,0.0,,,
1070,1.3880,-0.1147,-0.1155,3.000,good,0.000,4.22,0,0,0,0,11.57,3,0.0,,,
1071,1.3880,-0.1150,0.1087,3.008,good,0.000,2.27,0,0,0,0,11.49,3,0.0,,,
1072,1.3880,-0.1138,-0.0236,2.978,good,0.000,3.52,0,0,0,0,11.79,3,0.0,,,
1073,1.3880,-0.1129,-0.0356,2.809,sour,1.000,15.60,1,1,1,0,15.81,3,3.2,27,1097,1097
1074,1.3880,-0.1088,-0.1040,3.019,good,0.000,3.04,0,0,0,0,9.15,3,0.0,,,
1078,1.3920,-0.1111,0.1424,2.991,good,0.000,9.20,0,0,0,0,10.57,3,0.0,,,
1079,1.3920,-0.1118,0.1020,2.998,insect,1.000,4.16,1,1,1,0,10.65,3,3.1,45|44,1085,1085
1080,1.3920,-0.1108,-0.0090,2.993,good,0.000,2.84,0,0,0,0,10.42,3,0.0,,,
1084,1.3920,-0.1195,0.1143,3.000,good,0.001,7.55,0,0,0,0,13.16,2,0.0,,,
1085,1.3920,-0.1166,-0.0688,3.000,insect,1.000,5.55,1,1,1,0,12.19,2,3.1,23|22,1106,1106
1081,1.3960,-0.1160,-0.0914,2.998,faded,0.597,3.58,1,1,1,0,12.06,3,3.2,20,1102,1102
1082,1.3960,-0.1136,0.0311,2.998,good,0.000,3.55,0,0,0,0,11.26,3,0.0,,,
1083,1.3960,-0.1131,-0.2182,3.000,good,0.000,2.45,0,0,0,0,11.04,3,0.0,,,
1090,1.3960,-0.1189,0.2060,2.790,good,0.001,1.97,0,0,0,0,18.44,2,0.0,,,
1091,1.3960,-0.1177,-0.0016,2.989,good,0.001,2.85,0,0,0,0,12.82,2,0.0,,,
1086,1.4000,-0.1143,-0.1294,3.002,black,1.000,46.78,1,1,1,0,11.39,3,3.2,15,1112,1112
1087,1.4000,-0.1157,-0.1544,2.949,good,0.000,3.16,0,0,0,0,13.14,3,0.0,,,
1088,1.4000,-0.1153,-0.0238,2.596,good,0.000,3.09,0,0,0,0,22.94,3,0.0,,,
1089,1.4000,-0.1096,-0.1908,2.999,good,0.000,2.78,0,0,0,0,9.88,3,0.0,,,
1092,1.4000,-0.1162,0.1680,3.012,good,0.000,4.12,0,0,0,0,11.79,2,0.0,,,
1096,1.4040,-0.1161,0.1550,3.348,insect,1.000,5.37,1,1,1,0,4.54,2,3.1,51|52,1105,
1103,1.4040,-0.1050,-0.0274,3.000,good,0.000,3.03,0,0,0,0,8.33,1,0.0,,,
1093,1.4080,-0.1121,-0.2050,2.935,good,0.007,3.13,0,0,0,0,12.26,3,0.0,,,
1094,1.4080,-0.1107,0.1169,3.000,good,0.000,2.71,0,0,0,0,10.21,3,0.0,,,
1095,1.4080,-0.1090,-0.0830,2.997,good,0.030,4.16,0,0,0,0,9.76,3,0.0,,,
1101,1.4080,-0.1178,0.2079,3.001,good,0.001,2.62,0,0,0,0,12.57,2,0.0,,,
1102,1.4080,-0.1168,-0.1029,2.937,good,0.001,2.99,0,0,0,0,13.82,2,0.0,,,
1097,1.4120,-0.1134,-0.1539,3.001,good,0.000,3.03,0,0,0,0,11.09,3,0.0,,,
1098,1.4120,-0.1128,0.1874,2.994,good,0.000,3.03,0,0,0,0,11.08,3,0.0,,,
1099,1.4120,-0.1135,-0.1709,3.004,good,0.000,1.77,0,0,0,0,11.08,3,0.0,,,
1100,1.4120,-0.1082,0.1667,2.991,good,0.000,1.92,0,0,0,0,9.61,3,0.0,,,
1104,1.4120,-0.1194,-0.0741,2.998,good,0.168,2.87,0,0,0,0,13.19,2,0.0,,,
1105,1.4120,-0.1170,-0.1884,3.003,good,0.009,3.08,0,0,0,0,12.24,2,0.0,,,
1106,1.4160,-0.1187,-0.1682,2.976,faded,0.909,4.44,1,1,1,0,13.50,2,3.2,10,1138,
1109,1.4200,-0.1193,-0.1159,3.069,good,0.001,2.13,0,0,0,0,11.43,2,0.0,,,
1110,1.4200,-0.1161,0.0238,3.450,faded,0.937,3.34,1,1,1,0,2.63,2,3.2,35|34,1158,1158
1111,1.4200,-0.1181,-0.2039,2.951,good,0.001,3.16,0,0,0,0,13.92,2,0.0,,,
1112,1.4200,-0.1161,-0.0231,2.993,good,0.001,3.43,0,0,0,0,12.19,2,0.0,,,
1107,1.4240,-0.1113,-0.0633,3.111,good,0.000,2.58,0,0,0,0,7.91,3,0.0,,,
1108,1.4240,-0.1093,0.1991,2.995,good,0.005,2.89,0,0,0,0,9.89,3,0.0,,,
1115,1.4240,-0.1164,-0.1218,2.981,good,0.009,2.33,0,0,0,0,12.58,2,0.0,,,
1116,1.4240,-0.1154,0.1365,2.972,good,0.000,3.25,0,0,0,0,12.46,2,0.0,,,
1113,1.4280,-0.1137,0.1484,3.007,good,0.000,3.86,0,0,0,0,11.08,3,0.0,,,
1114,1.4280,-0.1125,0.1179,2.975,good,0.000,2.78,0,0,0,0,11.45,3,0.0,,,
1118,1.4280,-0.1197,0.0092,3.002,good,0.000,3.44,0,0,0,0,13.20,2,0.0,,,
1119,1.4280,-0.1184,-0.1266,2.979,good,0.000,1.77,0,0,0,0,13.33,2,0.0,,,
1117,1.4320,-0.1090,-0.1113,2.999,good,0.000,4.00,0,0,0,0,9.69,3,0.0,,,
1122,1.4320,-0.1198,-0.2180,2.908,good,0.008,2.97,0,0,0,0,15.58,2,0.0,,,
1123,1.4320,-0.1193,-0.0558,3.008,good,0.000,2.03,0,0,0,0,12.92,2,0.0,,,
1120,1.4360,-0.1121,0.2016,3.001,good,0.000,5.54,0,0,0,0,10.67,3,0.0,,,
1121,1.4360,-0.1110,-0.1576,2.996,broken,0.999,1.64,1,1,1,0,10.42,3,2.4,11|12,1142,1142
1126,1.4360,-0.1183,-0.0104,2.980,good,0.001,2.20,0,0,0,0,13.26,2,0.0,,,
1124,1.4400,-0.1122,-0.0180,2.986,good,0.000,3.31,0,0,0,0,11.07,3,0.0,,,
1125,1.4400,-0.1088,0.1614,3.017,faded,0.997,4.59,1,1,1,0,9.19,3,3.2,52,1136,1136
1130,1.4400,-0.1179,0.0640,2.993,good,0.000,3.67,0,0,0,0,12.82,2,0.0,,,
1131,1.4400,-0.1169,0.1757,2.998,broken,0.877,2.27,1,1,1,0,12.33,2,2.4,54,1145,1145
1127,1.4440,-0.1144,-0.0541,3.011,good,0.002,2.51,0,0,0,0,11.21,3,0.0,,,
1128,1.4440,-0.1144,0.0109,2.974,good,0.000,2.41,0,0,0,0,12.10,3,0.0,,,
1129,1.4440,-0.1104,0.2188,3.022,good,0.003,6.09,0,0,0,0,9.63,3,0.0,,,
1136,1.4440,-0.1200,0.2082,3.002,good,0.000,2.66,0,0,0,0,13.28,2,0.0,,,
1137,1.4440,-0.1171,-0.1384,2.999,good,0.005,2.31,0,0,0,0,12.39,2,0.0,,,
1132,1.4480,-0.1118,0.0741,3.047,good,0.001,3.05,0,0,0,0,9.49,3,0.0,,,
1133,1.4480,-0.1125,0.1280,2.951,insect,1.000,9.63,1,1,1,0,12.00,3,3.1,48,1134,
1134,1.4480,-0.1106,-0.0131,3.000,good,0.000,2.17,0,0,0,0,10.22,3,0.0,,,
1135,1.4480,-0.1086,-0.2437,3.006,good,0.002,5.36,0,0,0,0,9.41,3,0.0,,,
1138,1.4480,-0.1195,0.0358,2.999,good,0.000,3.06,0,0,0,0,13.19,2,0.0,,,
1139,1.4480,-0.1174,0.1112,2.994,good,0.003,2.78,0,0,0,0,12.60,2,0.0,,,
1140,1.4480,-0.1156,-0.1571,3.014,good,0.000,1.71,0,0,0,0,11.54,2,0.0,,,
1144,1.4520,-0.1190,-0.0071,3.004,good,0.000,2.56,0,0,0,0,12.91,2,0.0,,,
1141,1.4560,-0.1127,0.1253,3.000,good,0.014,2.57,0,0,0,0,10.88,3,0.0,,,
1142,1.4560,-0.1137,0.0102,3.002,good,0.010,2.49,0,0,0,0,11.20,3,0.0,,,
1143,1.4560,-0.1086,-0.0901,2.974,good,0.001,2.32,0,0,0,0,10.15,3,0.0,,,
1145,1.4600,-0.1086,0.1415,3.001,good,0.000,1.89,0,0,0,0,9.52,3,0.0,,,
1146,1.4640,-0.1145,0.0597,2.997,good,0.000,4.24,0,0,0,0,11.58,3,0.0,,,
1147,1.4640,-0.1113,0.0468,2.965,good,0.169,7.16,0,0,0,0,11.27,3,0.0,,,
1151,1.4640,-0.1186,0.0674,3.004,good,0.000,3.10,0,0,0,0,12.78,2,0.0,,,
1152,1.4640,-0.1199,0.0942,3.005,good,0.000,3.36,0,0,0,0,13.18,2,0.0,,,
1153,1.4640,-0.1160,0.0007,3.002,good,0.001,2.35,0,0,0,0,11.95,2,0.0,,,
1148,1.4680,-0.1153,0.1428,2.997,good,0.000,1.52,0,0,0,0,11.85,3,0.0,,,
1149,1.4680,-0.1105,0.0086,2.977,good,0.001,2.38,0,0,0,0,10.70,3,0.0,,,
1150,1.4680,-0.1101,0.0827,3.003,good,0.000,1.85,0,0,0,0,9.96,3,0.0,,,
1156,1.4680,-0.1198,0.0083,3.008,good,0.000,1.75,0,0,0,0,13.07,2,0.0,,,
1157,1.4680,-0.1188,-0.1033,3.260,good,0.001,1.91,0,0,0,0,7.10,2,0.0,,,
1158,1.4680,-0.1174,0.1906,3.006,good,0.000,4.98,0,0,0,0,12.32,2,0.0,,,
1154,1.4720,-0.1128,0.2123,2.999,good,0.000,3.22,0,0,0,0,10.94,3,0.0,,,
1155,1.4720,-0.1086,0.1355,3.046,good,0.000,3.58,0,0,0,0,8.49,3,0.0,,,
1166,1.4720,-0.1174,-0.2215,2.996,good,0.000,2.48,0,0,0,0,12.55,2,0.0,,,
1159,1.4760,-0.1148,-0.1252,2.999,good,0.001,2.76,0,0,0,0,11.61,3,0.0,,,
1160,1.4760,-0.1132,0.0060,3.104,good,0.018,2.63,0,0,0,0,8.69,3,0.0,,,
1161,1.4760,-0.1123,-0.1548,3.002,good,0.000,2.62,0,0,0,0,10.73,3,0.0,,,
1162,1.4760,-0.1129,-0.2377,3.028,good,0.000,3.11,0,0,0,0,10.33,3,0.0,,,
1163,1.4760,-0.1110,-0.2078,3.003,good,0.021,3.00,0,0,0,0,10.25,3,0.0,,,
1164,1.4760,-0.1102,0.0348,2.998,good,0.000,7.05,0,0,0,0,10.12,3,0.0,,,
1165,1.4760,-0.1102,-0.1407,3.081,good,0.001,2.57,0,0,0,0,8.23,3,0.0,,,
1171,1.4760,-0.1192,-0.1978,2.984,good,0.001,2.16,0,0,0,0,13.46,2,0.0,,,
1167,1.4800,-0.1119,-0.0436,2.960,good,0.004,2.90,0,0,0,0,11.59,3,0.0,,,
1168,1.4800,-0.1098,0.0033,2.984,faded,1.000,6.31,1,1,1,0,10.30,3,3.2,32,1173,
1169,1.4800,-0.1096,0.1175,3.007,good,0.000,2.11,0,0,0,0,9.71,3,0.0,,,
1170,1.4800,-0.1085,-0.2110,3.030,good,0.063,3.08,0,0,0,0,8.82,3,0.0,,,
1172,1.4840,-0.1124,-0.1146,2.933,good,0.000,3.19,0,0,0,0,12.41,3,0.0,,,
1173,1.4840,-0.1118,0.2263,3.007,good,0.000,3.25,0,0,0,0,10.42,3,0.0,,,
1174,1.4920,-0.1158,-0.0387,3.001,good,0.118,4.10,0,0,0,0,11.92,3,0.0,,,
1175,1.4920,-0.1166,-0.1631,3.450,good,0.015,7.05,0,0,0,0,2.79,2,0.0,,,
1179,1.4920,-0.1187,-0.0138,3.009,good,0.000,1.89,0,0,0,0,12.70,2,0.0,,,
1180,1.4920,-0.1163,0.2143,3.280,good,0.014,7.50,0,0,0,0,5.96,2,0.0,,,
1176,1.4960,-0.1114,-0.0359,2.979,good,0.001,1.95,0,0,0,0,10.95,3,0.0,,,
1177,1.4960,-0.1106,0.0734,2.997,good,0.000,2.53,0,0,0,0,10.29,3,0.0,,,
1178,1.4960,-0.1097,0.1429,3.001,good,0.000,2.39,0,0,0,0,9.86,3,0.0,,,
1181,1.4960,-0.1172,-0.0866,3.028,good,0.001,2.53,0,0,0,0,11.73,2,0.0,,,
1182,1.4960,-0.1113,-0.1599,2.997,good,0.000,2.91,0,0,0,0,10.50,2,0.0,,,
1188,1.4960,-0.1032,0.2192,3.000,good,0.008,5.57,0,0,0,0,7.74,1,0.0,,,
1187,1.5000,-0.1189,-0.1909,2.955,good,0.000,2.47,0,0,0,0,14.09,2,0.0,,,
1183,1.5040,-0.1140,-0.1716,2.886,good,0.440,3.74,0,0,0,0,14.16,3,0.0,,,
1184,1.5040,-0.1121,-0.0766,3.002,good,0.339,3.71,0,0,0,0,10.65,3,0.0,,,
1185,1.5040,-0.1098,0.1003,2.957,good,0.002,2.34,0,0,0,0,10.95,3,0.0,,,
1186,1.5040,-0.1087,0.1485,3.006,good,0.000,2.07,0,0,0,0,9.41,3,0.0,,,
1192,1.5040,-0.1161,0.0345,3.124,good,0.001,4.85,0,0,0,0,9.15,2,0.0,,,
1189,1.5080,-0.1130,-0.1123,3.001,good,0.004,3.87,0,0,0,0,10.98,3,0.0,,,
1190,1.5080,-0.1126,0.1222,3.000,insect,1.000,5.82,1,1,1,0,10.88,3,3.1,47,1206,
1191,1.5080,-0.1113,-0.1676,2.991,good,0.000,2.17,0,0,0,0,10.66,3,0.0,,,
1196,1.5080,-0.1175,0.0941,3.002,good,0.000,2.70,0,0,0,0,12.43,2,0.0,,,
1197,1.5080,-0.1123,0.1412,3.399,good,0.002,4.94,0,0,0,0,2.46,2,0.0,,,
1200,1.5080,-0.1036,0.0309,3.000,good,0.002,3.91,0,0,0,0,7.85,1,0.0,,,
1193,1.5120,-0.1149,-0.0146,3.012,good,0.000,2.66,0,0,0,0,11.36,3,0.0,,,
1194,1.5120,-0.1105,0.2185,2.973,good,0.003,6.19,0,0,0,0,10.80,3,0.0,,,
1195,1.5120,-0.1086,-0.2219,2.989,good,0.000,1.77,0,0,0,0,9.78,3,0.0,,,
1199,1.5120,-0.1182,-0.0014,2.994,good,0.000,3.68,0,0,0,0,12.88,2,0.0,,,
1198,1.5160,-0.1099,-0.2125,2.989,good,0.007,2.97,0,0,0,0,10.20,3,0.0,,,
1201,1.5200,-0.1129,-0.0259,2.991,good,0.000,2.98,0,0,0,0,11.18,3,0.0,,,
1205,1.5200,-0.1198,-0.0017,3.048,good,0.001,2.73,0,0,0,0,12.11,2,0.0,,,
1206,1.5200,-0.1185,-0.2333,2.998,good,0.001,4.92,0,0,0,0,12.89,2,0.0,,,
1207,1.5200,-0.1193,-0.0185,3.006,good,0.001,2.35,0,0,0,0,12.94,2,0.0,,,
1208,1.5200,-0.1176,0.0808,3.000,good,0.000,2.12,0,0,0,0,12.52,2,0.0,,,
1202,1.5240,-0.1118,0.1338,2.983,good,0.000,3.56,0,0,0,0,11.00,3,0.0,,,
1203,1.5240,-0.1092,-0.2141,3.001,good,0.007,2.93,0,0,0,0,9.71,3,0.0,,,
1204,1.5240,-0.1246,0.1564,2.391,good,0.003,2.23,0,0,0,0,29.95,2,0.0,,,
1211,1.5240,-0.1195,-0.1423,3.000,good,0.000,3.46,0,0,0,0,13.15,2,0.0,,,
1212,1.5240,-0.1172,-0.0390,3.004,good,0.000,2.88,0,0,0,0,12.31,2,0.0,,,
1217,1.5240,-0.1150,0.1536,3.000,good,0.073,2.05,0,0,0,0,11.67,1,0.0,,,
1209,1.5280,-0.1144,-0.1530,3.016,good,0.000,3.07,0,0,0,0,11.11,3,0.0,,,
1210,1.5280,-0.1071,-0.2223,3.149,good,0.000,3.54,0,0,0,0,5.77,3,0.0,,,
1215,1.5280,-0.1199,0.2158,3.006,good,0.000,1.68,0,0,0,0,13.14,2,0.0,,,
1216,1.5280,-0.1163,0.1069,2.994,good,0.000,3.24,0,0,0,0,12.25,2,0.0,,,
1213,1.5320,-0.1141,0.0819,3.005,good,0.003,3.02,0,0,0,0,11.25,3,0.0,,,
1214,1.5320,-0.1105,-0.0832,2.966,good,0.003,1.97,0,0,0,0,10.97,3,0.0,,,
1221,1.5320,-0.1168,0.1573,3.001,good,0.000,2.27,0,0,0,0,12.26,2,0.0,,,
1222,1.5320,-0.1148,0.2455,3.388,good,0.070,3.27,0,0,0,0,3.39,2,0.0,,,
1218,1.5360,-0.1129,0.1844,3.004,faded,0.869,3.62,1,1,1,0,10.89,3,3.2,55,1227,1227
1219,1.5360,-0.1102,-0.0222,3.000,faded,1.000,4.52,1,1,1,0,10.06,3,3.2,29|28,1223,1223
1220,1.5360,-0.1083,-0.0566,2.945,good,0.000,2.47,0,0,0,0,10.72,3,0.0,,,
1227,1.5360,-0.1195,0.2031,3.011,good,0.008,2.72,0,0,0,0,12.90,2,0.0,,,
1228,1.5360,-0.1162,0.0820,2.981,good,0.000,4.44,0,0,0,0,12.53,2,0.0,,,
1223,1.5400,-0.1244,-0.1216,3.450,broken,1.000,5.19,1,1,1,0,1.05,2,2.4,16,,
1224,1.5400,-0.1130,-0.0592,3.015,good,0.000,2.08,0,0,0,0,10.65,3,0.0,,,
1225,1.5400,-0.1119,0.1547,3.015,good,0.000,1.98,0,0,0,0,10.28,3,0.0,,,
1226,1.5400,-0.1092,0.0931,3.001,good,0.000,2.23,0,0,0,0,9.72,3,0.0,,,
1235,1.5400,-0.1104,-0.1256,3.000,broken,1.000,5.57,1,1,1,0,10.12,1,2.4,15|16,1230,
1229,1.5440,-0.1140,-0.1022,2.999,broken,0.996,2.57,1,1,1,0,11.36,3,2.4,18|19,1240,1240
1230,1.5440,-0.1107,-0.1664,3.021,good,0.001,2.25,0,0,0,0,9.75,3,0.0,,,
1231,1.5440,-0.1104,-0.0478,2.995,good,0.000,2.09,0,0,0,0,10.24,3,0.0,,,
1232,1.5440,-0.1085,0.1027,3.018,good,0.000,3.22,0,0,0,0,9.11,3,0.0,,,
1234,1.5440,-0.1176,-0.0560,3.022,good,0.000,1.69,0,0,0,0,12.01,2,0.0,,,
1233,1.5480,-0.1085,0.0092,3.053,good,0.002,1.95,0,0,0,0,8.31,3,0.0,,,
1236,1.5520,-0.1129,-0.0700,3.122,good,0.016,1.77,0,0,0,0,8.18,3,0.0,,,
1237,1.5520,-0.1139,0.1270,2.999,good,0.000,1.52,0,0,0,0,11.33,3,0.0,,,
1238,1.5520,-0.1132,-0.1945,2.993,broken,0.681,4.58,1,1,1,0,11.25,3,2.4,7|6,1249,1249
1243,1.5520,-0.1182,-0.1190,3.020,good,0.000,2.61,0,0,0,0,12.24,2,0.0,,,
1239,1.5560,-0.1136,0.1851,3.025,good,0.001,3.23,0,0,0,0,10.62,3,0.0,,,
1240,1.5560,-0.1128,-0.1953,2.997,good,0.000,2.28,0,0,0,0,11.02,3,0.0,,,
1241,1.5560,-0.1125,-0.0424,3.006,good,0.000,2.33,0,0,0,0,10.68,3,0.0,,,
1242,1.5560,-0.1093,0.2150,3.036,good,0.014,2.57,0,0,0,0,8.96,3,0.0,,,
1244,1.5600,-0.1162,-0.0938,2.812,good,0.000,3.01,0,0,0,0,16.88,3,0.0,,,
1245,1.5600,-0.1118,-0.1374,3.007,good,0.000,2.74,0,0,0,0,10.44,3,0.0,,,
1246,1.5600,-0.1085,0.0181,3.003,sour,0.830,14.85,1,1,1,0,9.43,3,3.0,34,1238|1245,1238|1245
1247,1.5600,-0.1079,-0.1021,3.062,good,0.001,5.99,0,0,0,0,7.90,3,0.0,,,
1253,1.5600,-0.1184,-0.1867,2.991,black,1.000,51.44,1,1,1,0,13.02,2,3.2,8|7,1258,1258
1248,1.5640,-0.1139,0.2355,3.026,faded,0.790,2.92,1,1,1,0,10.70,3,3.2,62|61,1276,1276
1249,1.5640,-0.1138,0.1817,3.004,good,0.025,2.79,0,0,0,0,11.16,3,0.0,,,
1250,1.5640,-0.1129,0.1001,2.808,good,0.000,2.22,0,0,0,0,15.81,3,0.0,,,
1251,1.5640,-0.1072,0.0816,3.280,good,0.000,2.71,0,0,0,0,3.17,3,0.0,,,
1252,1.5640,-0.1105,0.0705,2.713,good,0.002,2.65,0,0,0,0,17.58,3,0.0,,,
1258,1.5640,-0.1192,-0.0904,2.998,good,0.000,2.86,0,0,0,0,13.11,2,0.0,,,
1254,1.5680,-0.1153,0.1600,2.997,good,0.000,2.56,0,0,0,0,11.83,3,0.0,,,
1255,1.5680,-0.1107,0.1076,3.450,good,0.001,4.20,0,0,0,0,1.06,3,0.0,,,
1256,1.5680,-0.1126,0.2278,3.001,good,0.002,3.12,0,0,0,0,10.85,3,0.0,,,
1257,1.5680,-0.1091,0.0202,2.982,good,0.000,2.95,0,0,0,0,10.15,3,0.0,,,
1259,1.5680,-0.1087,0.0456,3.009,good,0.000,3.95,0,0,0,0,9.35,3,0.0,,,
1262,1.5680,-0.1160,0.1741,2.993,good,0.000,2.00,0,0,0,0,12.17,2,0.0,,,
1260,1.5720,-0.1151,-0.0374,3.034,good,0.000,2.69,0,0,0,0,10.87,3,0.0,,,
1261,1.5720,-0.1146,0.1715,3.006,good,0.000,1.83,0,0,0,0,11.42,3,0.0,,,
1265,1.5720,-0.1131,0.0263,3.450,good,0.000,1.95,0,0,0,0,1.76,2,0.0,,,
1263,1.5760,-0.1149,-0.2231,2.999,good,0.062,3.04,0,0,0,0,11.66,3,0.0,,,
1264,1.5760,-0.1229,0.0700,3.367,good,0.004,3.98,0,0,0,0,2.19,2,0.0,,,
1267,1.5760,-0.1189,0.1028,2.844,good,0.000,2.96,0,0,0,0,16.99,2,0.0,,,
1268,1.5760,-0.1159,0.0339,2.988,good,0.001,2.11,0,0,0,0,12.27,2,0.0,,,
1273,1.5760,-0.1095,0.0670,3.000,good,0.002,3.92,0,0,0,0,9.83,1,0.0,,,
1266,1.5800,-0.1093,-0.0809,3.000,good,0.003,3.18,0,0,0,0,9.76,3,0.0,,,
1270,1.5800,-0.1198,-0.0889,2.995,good,0.000,4.20,0,0,0,0,13.38,2,0.0,,,
1271,1.5800,-0.1178,-0.2220,2.994,good,0.000,4.27,0,0,0,0,12.74,2,0.0,,,
1272,1.5800,-0.1172,0.0770,3.003,good,0.000,2.99,0,0,0,0,12.34,2,0.0,,,
1269,1.5840,-0.1149,0.0250,3.000,good,0.000,2.16,0,0,0,0,11.61,3,0.0,,,
1274,1.5880,-0.1095,0.1362,3.006,good,0.000,2.20,0,0,0,0,9.68,3,0.0,,,
1275,1.5880,-0.1096,0.1474,3.004,good,0.000,1.80,0,0,0,0,9.76,3,0.0,,,
1276,1.5880,-0.1092,-0.1490,2.994,sour,1.000,19.61,1,1,1,0,9.89,3,3.2,12|13,1275,1275
1278,1.5880,-0.1189,-0.2283,2.993,good,0.000,4.41,0,0,0,0,13.12,2,0.0,,,
1280,1.5880,-0.1171,0.1195,3.004,good,0.000,2.25,0,0,0,0,12.28,2,0.0,,,
1277,1.5920,-0.1136,-0.1982,2.995,good,0.001,2.91,0,0,0,0,11.31,3,0.0,,,
1279,1.5920,-0.1088,0.2020,3.000,good,0.000,1.81,0,0,0,0,9.59,3,0.0,,,
1281,1.5920,-0.1203,0.0212,3.000,stone,1.000,11.66,1,1,1,0,9.42,1,9.1,34|35|33,1328,
1291,1.5920,-0.1196,0.0210,3.000,stone,1.000,6.61,1,1,1,0,13.18,1,9.1,34|35|33,1328,
1285,1.5960,-0.1198,-0.2185,3.002,good,0.017,3.90,0,0,0,0,13.23,2,0.0,,,
1286,1.5960,-0.1193,-0.0959,3.001,good,0.000,2.35,0,0,0,0,13.08,2,0.0,,,
1287,1.5960,-0.1178,0.1857,2.995,good,0.000,2.38,0,0,0,0,12.71,2,0.0,,,
1288,1.5960,-0.1177,0.1005,2.994,good,0.000,2.32,0,0,0,0,12.69,2,0.0,,,
1289,1.5960,-0.1158,-0.2343,3.010,broken,0.706,4.66,1,1,1,0,11.69,2,2.4,2|1,1285,
1290,1.5960,-0.1165,0.1128,2.999,good,0.000,4.08,0,0,0,0,12.21,2,0.0,,,
1296,1.5960,-0.1188,0.0208,3.000,stone,1.000,6.71,1,1,1,0,12.95,1,9.1,34|35|33,1328,
1282,1.6000,-0.1143,-0.1785,2.995,good,0.000,1.74,0,0,0,0,11.55,3,0.0,,,
1283,1.6000,-0.1126,-0.0612,2.996,good,0.001,5.98,0,0,0,0,10.99,3,0.0,,,
1284,1.6000,-0.1122,0.0482,2.998,good,0.000,2.25,0,0,0,0,10.78,3,0.0,,,
1303,1.6000,-0.1181,0.0206,3.000,stone,1.000,6.82,1,1,1,0,12.71,1,9.1,34|35|33,1328,
1292,1.6040,-0.1145,-0.1750,2.999,good,0.000,2.47,0,0,0,0,11.53,3,0.0,,,
1293,1.6040,-0.1128,0.1171,3.000,good,0.000,3.14,0,0,0,0,10.91,3,0.0,,,
1294,1.6040,-0.1108,0.0831,3.000,broken,0.638,3.56,1,1,1,0,10.27,3,2.4,42,1316,1316
1295,1.6040,-0.1104,0.1547,3.000,broken,0.888,2.14,1,1,1,0,10.12,3,2.4,51|52,1297,1297
1301,1.6040,-0.1193,-0.1669,3.005,good,0.000,3.78,0,0,0,0,12.98,2,0.0,,,
1302,1.6040,-0.1172,0.2412,3.000,good,0.000,2.03,0,0,0,0,12.40,2,0.0,,,
1308,1.6040,-0.1174,0.0205,3.000,stone,1.000,6.71,1,1,1,0,12.48,1,9.1,34|35|33,1328,
1297,1.6080,-0.1149,-0.1721,3.005,good,0.001,3.00,0,0,0,0,11.50,3,0.0,,,
1298,1.6080,-0.1120,-0.0837,3.197,good,0.000,1.70,0,0,0,0,6.30,3,0.0,,,
1299,1.6080,-0.1162,0.0185,2.779,good,0.192,6.74,0,0,0,0,17.79,3,0.0,,,
1300,1.6080,-0.1082,0.0644,2.997,good,0.000,4.11,0,0,0,0,9.49,3,0.0,,,
1305,1.6080,-0.1162,0.1963,3.144,good,0.000,2.65,0,0,0,0,8.78,2,0.0,,,
1306,1.6080,-0.1168,-0.0232,3.000,good,0.000,2.02,0,0,0,0,12.26,2,0.0,,,
1307,1.6080,-0.1160,-0.1639,3.011,good,0.000,2.13,0,0,0,0,11.74,2,0.0,,,
1304,1.6120,-0.1101,-0.1292,2.631,good,0.001,3.01,0,0,0,0,19.86,3,0.0,,,
1312,1.6120,-0.1160,0.0201,3.000,stone,1.000,6.84,1,1,1,0,12.01,1,9.1,34|35|33,1328,
1309,1.6160,-0.1148,0.1420,3.001,good,0.000,1.92,0,0,0,0,11.58,3,0.0,,,
1310,1.6160,-0.1160,-0.1864,3.162,good,0.009,4.78,0,0,0,0,8.31,2,0.0,,,
1311,1.6160,-0.1130,0.1504,3.270,good,0.000,2.44,0,0,0,0,5.14,2,0.0,,,
1315,1.6160,-0.1153,0.0199,3.000,stone,1.000,6.74,1,1,1,0,11.78,1,9.1,34|35|33,1328,
1313,1.6200,-0.1194,0.0746,3.001,faded,0.988,4.44,1,1,1,0,13.10,2,3.2,41,1322,1322
1314,1.6200,-0.1185,0.0450,3.026,good,0.003,2.66,0,0,0,0,12.19,2,0.0,,,
1321,1.6200,-0.1146,0.0197,3.000,stone,1.000,6.76,1,1,1,0,11.54,1,9.1,34|35|33,1328,
1318,1.6240,-0.1200,0.0923,3.022,good,0.000,2.95,0,0,0,0,12.78,2,0.0,,,
1319,1.6240,-0.1176,-0.0827,2.996,good,0.000,1.84,0,0,0,0,12.64,2,0.0,,,
1320,1.6240,-0.1136,-0.0293,3.332,good,0.002,3.39,0,0,0,0,4.11,2,0.0,,,
1325,1.6240,-0.1139,0.0196,3.000,stone,1.000,6.75,1,1,1,0,11.30,1,9.1,34|35|33,1328,
1316,1.6280,-0.1137,0.1625,3.070,good,0.012,3.41,0,0,0,0,9.60,3,0.0,,,
1317,1.6280,-0.1113,-0.0582,2.981,good,0.000,2.41,0,0,0,0,10.91,3,0.0,,,
1324,1.6280,-0.1161,0.0740,2.848,good,0.169,4.28,0,0,0,0,15.87,2,0.0,,,
1326,1.6280,-0.1132,0.0194,3.000,stone,1.000,6.74,1,1,1,0,11.07,1,9.1,34|33|35,1328,
1322,1.6320,-0.1134,-0.2090,3.004,good,0.001,3.26,0,0,0,0,11.05,3,0.0,,,
1323,1.6320,-0.1102,0.1891,3.009,good,0.001,2.78,0,0,0,0,9.86,3,0.0,,,
1334,1.6320,-0.1125,0.0192,3.000,stone,1.000,6.75,1,1,1,0,10.84,1,9.1,34|33|35,1328,
1332,1.6360,-0.1189,0.1374,3.248,good,0.000,4.09,0,0,0,0,7.38,2,0.0,,,
1333,1.6360,-0.1300,0.0259,3.000,good,0.000,1.80,0,0,0,0,12.65,1,0.0,,,
1342,1.6360,-0.1144,0.0219,3.000,good,0.174,9.11,0,0,0,0,11.45,1,0.0,,,
1327,1.6400,-0.1129,0.1727,2.997,good,0.020,4.20,0,0,0,0,11.05,3,0.0,,,
1328,1.6400,-0.1123,-0.0271,3.003,good,0.014,2.73,0,0,0,0,10.70,3,0.0,,,
1329,1.6400,-0.1135,-0.0555,2.883,good,0.003,3.50,0,0,0,0,14.06,3,0.0,,,
1330,1.6400,-0.1105,-0.1493,3.092,good,0.008,3.10,0,0,0,0,8.09,3,0.0,,,
1331,1.6400,-0.1092,0.1883,2.984,good,0.139,2.32,0,0,0,0,10.11,3,0.0,,,
1339,1.6400,-0.1188,-0.2095,3.200,good,0.089,5.52,0,0,0,0,8.39,2,0.0,,,
1341,1.6400,-0.1164,0.1218,3.116,good,0.000,1.90,0,0,0,0,9.44,2,0.0,,,
1345,1.6400,-0.1090,0.0218,3.000,good,0.235,8.68,0,0,0,0,9.67,1,0.0,,,
1335,1.6440,-0.1129,0.1503,3.001,good,0.000,2.28,0,0,0,0,10.93,3,0.0,,,
1336,1.6440,-0.1105,0.0171,2.899,broken,0.731,6.89,1,1,1,0,12.62,3,2.4,34|33,1328|1352,
1337,1.6440,-0.1133,0.0444,2.511,good,0.061,3.48,0,0,0,0,24.94,3,0.0,,,
1338,1.6440,-0.1090,-0.1766,3.137,good,0.000,3.42,0,0,0,0,6.62,3,0.0,,,
1340,1.6440,-0.1098,0.1981,2.694,good,0.005,2.33,0,0,0,0,17.88,3,0.0,,,
1343,1.6480,-0.1116,0.0806,3.000,good,0.000,2.77,0,0,0,0,10.54,3,0.0,,,
1344,1.6480,-0.1092,0.1254,2.992,good,0.000,2.21,0,0,0,0,9.92,3,0.0,,,
1349,1.6480,-0.1184,-0.0210,3.005,sour,1.000,13.37,1,1,1,0,12.69,2,3.2,29,1348,1348
1346,1.6520,-0.1145,-0.0892,3.070,good,0.000,3.26,0,0,0,0,9.88,3,0.0,,,
1347,1.6520,-0.1134,0.0698,2.981,good,0.000,1.92,0,0,0,0,11.60,3,0.0,,,
1348,1.6520,-0.1087,-0.0577,2.992,good,0.010,7.99,0,0,0,0,9.73,3,0.0,,,
1353,1.6520,-0.1172,-0.1560,3.313,good,0.000,2.72,0,0,0,0,5.56,2,0.0,,,
1359,1.6520,-0.1090,0.0183,3.000,stone,1.000,6.80,1,1,1,0,9.66,1,9.1,34|33|35,1328,
1350,1.6560,-0.1162,0.0833,2.764,good,0.000,1.69,0,0,0,0,18.19,3,0.0,,,
1351,1.6560,-0.1087,-0.2053,3.324,sour,1.000,19.60,1,1,1,0,2.78,3,3.2,5,1361,1361
1352,1.6560,-0.1104,-0.1935,2.902,good,0.000,7.90,0,0,0,0,12.49,3,0.0,,,
1358,1.6560,-0.1171,0.0712,3.292,husk,1.000,97.11,1,1,1,0,5.96,2,2.4,41|40,1374,
1360,1.6560,-0.1083,0.0181,3.000,stone,1.000,6.79,1,1,1,0,9.43,1,9.1,34|33|35,1328,
1354,1.6600,-0.1128,-0.1599,2.990,good,0.001,6.47,0,0,0,0,11.17,3,0.0,,,
1355,1.6600,-0.1130,-0.2230,2.930,good,0.000,2.23,0,0,0,0,12.68,3,0.0,,,
1356,1.6600,-0.1099,0.0528,2.987,good,0.001,3.86,0,0,0,0,10.26,3,0.0,,,
1357,1.6600,-0.1086,-0.0184,3.000,good,0.000,2.40,0,0,0,0,9.54,3,0.0,,,
1364,1.6600,-0.1076,0.0180,3.000,stone,1.000,6.79,1,1,1,0,9.19,1,9.1,34|33|35,1328,
1363,1.6640,-0.1302,0.1386,3.000,shell,1.000,6.81,1,1,1,0,12.72,1,2.4,49,,
1368,1.6640,-0.1181,0.1417,3.000,shell,1.000,7.06,1,1,1,0,12.70,1,2.4,50|49,1351,
1369,1.6640,-0.1069,0.0178,3.000,stone,1.000,6.80,1,1,1,0,8.96,1,9.1,34|33|35,1328,
1361,1.6680,-0.1159,0.1203,2.996,good,0.000,2.33,0,0,0,0,12.06,3,0.0,,,
1362,1.6680,-0.1109,-0.2164,2.996,good,0.019,2.07,0,0,0,0,10.39,3,0.0,,,
1366,1.6680,-0.1186,-0.1177,2.996,sour,1.000,16.85,1,1,1,0,12.98,2,3.2,16|17,1367,1367
1367,1.6680,-0.1123,-0.1246,3.183,good,0.001,1.76,0,0,0,0,6.72,2,0.0,,,
1375,1.6680,-0.1062,0.0176,3.000,stone,1.000,6.80,1,1,1,0,8.72,1,9.1,34|33|35,1328,
1376,1.6680,-0.1060,0.1448,3.000,shell,1.000,7.14,1,1,1,0,8.68,1,2.4,50,1351,
1365,1.6720,-0.1103,0.1750,3.002,good,0.007,2.74,0,0,0,0,10.04,3,0.0,,,
1373,1.6720,-0.1163,0.1076,2.994,good,0.000,1.46,0,0,0,0,12.24,2,0.0,,,
1374,1.6720,-0.1150,-0.0784,2.999,good,0.058,4.33,0,0,0,0,11.68,2,0.0,,,
1381,1.6720,-0.1055,0.0174,3.000,stone,1.000,6.80,1,1,1,0,8.49,1,9.1,34|33|35,1328,
1370,1.6760,-0.1089,0.1430,3.450,good,0.001,5.47,0,0,0,0,0.55,3,0.0,,,
1371,1.6760,-0.1147,0.1110,3.030,good,0.000,2.62,0,0,0,0,10.83,3,0.0,,,
1372,1.6760,-0.1117,-0.1875,3.031,good,0.000,2.41,0,0,0,0,9.85,3,0.0,,,
1385,1.6760,-0.1048,0.0172,3.000,stone,1.000,6.79,1,1,1,0,8.26,1,9.1,34|33|35,1328,
1377,1.6800,-0.1167,-0.0323,3.010,good,0.329,4.67,0,0,0,0,11.99,3,0.0,,,
1378,1.6800,-0.1154,0.2085,3.000,good,0.000,1.52,0,0,0,0,11.80,3,0.0,,,
1379,1.6800,-0.1115,-0.1221,3.005,good,0.096,2.95,0,0,0,0,10.39,3,0.0,,,
1380,1.6800,-0.1098,0.0802,2.870,good,0.008,2.35,0,0,0,0,13.12,3,0.0,,,
1384,1.6800,-0.1186,0.0024,2.967,insect,1.000,8.06,1,1,1,0,13.68,2,3.1,32,1380,1380
1391,1.6800,-0.1041,0.0171,3.000,stone,1.000,6.81,1,1,1,0,8.02,1,9.1,34|33|35,1328,
1382,1.6840,-0.1144,-0.0270,2.996,good,0.001,3.04,0,0,0,0,11.56,3,0.0,,,
1383,1.6840,-0.1110,-0.0654,2.996,black,1.000,49.58,1,1,1,0,10.43,3,3.2,23,1362,
1390,1.6840,-0.1155,-0.0439,2.997,good,0.000,2.55,0,0,0,0,11.92,2,0.0,,,
1395,1.6840,-0.1034,0.0169,3.000,stone,1.000,6.80,1,1,1,0,7.79,1,9.1,34|33|35,1328,
1386,1.6880,-0.1154,-0.2293,2.990,good,0.206,2.38,0,0,0,0,12.06,3,0.0,,,
1387,1.6880,-0.1141,0.1353,3.002,insect,1.000,3.37,1,1,1,0,11.33,3,3.1,49,1377,1377
1388,1.6880,-0.1124,-0.0622,2.995,good,0.000,3.04,0,0,0,0,10.94,3,0.0,,,
1389,1.6880,-0.1100,0.2015,2.989,faded,1.000,6.45,1,1,1,0,10.26,3,3.2,57,1376,
1399,1.6880,-0.1026,0.0167,3.000,stone,1.000,6.82,1,1,1,0,7.55,1,9.1,34|33|35,1328,
1392,1.6920,-0.1163,-0.1826,2.864,good,0.299,3.46,0,0,0,0,15.52,3,0.0,,,
1393,1.6920,-0.1141,-0.1956,2.999,good,0.041,2.26,0,0,0,0,11.38,3,0.0,,,
1394,1.6920,-0.1105,-0.0981,2.934,good,0.017,3.03,0,0,0,0,11.74,3,0.0,,,
1398,1.6920,-0.1181,0.0894,3.016,good,0.000,4.37,0,0,0,0,12.31,2,0.0,,,
1404,1.6920,-0.1019,0.0165,3.000,stone,1.000,6.81,1,1,1,0,7.31,1,9.1,34|33|35,1328,
1396,1.6960,-0.1119,-0.1277,3.029,good,0.003,3.30,0,0,0,0,9.96,3,0.0,,,
1397,1.6960,-0.1082,0.0060,2.984,good,0.000,4.18,0,0,0,0,9.76,3,0.0,,,
1400,1.7000,-0.1160,0.2103,3.006,good,0.000,2.67,0,0,0,0,11.86,3,0.0,,,
1401,1.7000,-0.1146,0.0738,2.760,good,0.001,2.36,0,0,0,0,17.75,3,0.0,,,
1402,1.7000,-0.1165,-0.0581,2.510,good,0.008,6.62,0,0,0,0,26.26,3,0.0,,,
1403,1.7000,-0.1128,-0.1182,3.000,sour,1.000,21.96,1,1,1,0,10.95,3,3.2,16|17,1387,1387
1405,1.7040,-0.1110,-0.1836,2.997,good,0.005,3.07,0,0,0,0,10.38,3,0.0,,,
1406,1.7040,-0.1338,-0.0549,3.000,good,0.005,2.45,0,0,0,0,9.93,1,0.0,,,
1407,1.7040,-0.1185,-0.0490,3.000,good,0.004,2.53,0,0,0,0,12.82,2,0.0,,,
1408,1.7040,-0.1170,0.0269,3.003,good,0.001,2.51,0,0,0,0,12.27,2,0.0,,,
1411,1.7080,-0.1179,-0.2353,3.000,good,0.000,2.57,0,0,0,0,12.63,2,0.0,,,
1412,1.7080,-0.1178,-0.0490,2.865,good,0.000,2.70,0,0,0,0,16.03,2,0.0,,,
1413,1.7080,-0.1163,0.1939,2.961,good,0.000,4.74,0,0,0,0,13.04,2,0.0,,,
1414,1.7080,-0.1151,-0.1628,3.008,good,0.002,2.23,0,0,0,0,11.51,2,0.0,,,
1409,1.7120,-0.1149,-0.0996,2.986,faded,0.869,2.93,1,1,1,0,11.98,3,3.2,19,1398,1398
1410,1.7120,-0.1105,-0.1509,3.008,good,0.001,2.59,0,0,0,0,9.98,3,0.0,,,
1420,1.7120,-0.1158,0.1304,3.261,good,0.000,2.71,0,0,0,0,6.18,2,0.0,,,
1415,1.7160,-0.1110,-0.0287,2.986,good,0.000,3.29,0,0,0,0,10.67,3,0.0,,,
1416,1.7160,-0.1116,0.0541,2.985,good,0.278,3.97,0,0,0,0,10.91,3,0.0,,,
1417,1.7160,-0.1107,0.1182,2.904,good,0.000,1.98,0,0,0,0,12.55,3,0.0,,,
1418,1.7160,-0.1090,-0.2165,3.003,good,0.020,4.29,0,0,0,0,9.59,3,0.0,,,
1419,1.7160,-0.1081,0.0293,3.002,good,0.012,2.68,0,0,0,0,9.33,3,0.0,,,
1421,1.7200,-0.1159,0.0551,3.010,good,0.007,3.40,0,0,0,0,11.73,3,0.0,,,
1422,1.7200,-0.1118,0.0125,2.999,good,0.001,2.49,0,0,0,0,10.63,3,0.0,,,
1423,1.7200,-0.1102,-0.1439,3.043,good,0.001,2.09,0,0,0,0,9.06,3,0.0,,,
1424,1.7240,-0.1120,0.0239,2.992,good,0.000,3.06,0,0,0,0,10.86,3,0.0,,,
1425,1.7240,-0.1087,0.1692,3.001,good,0.000,1.95,0,0,0,0,9.53,3,0.0,,,
1431,1.7240,-0.1180,-0.0038,3.188,good,0.000,2.29,0,0,0,0,8.39,2,0.0,,,
1426,1.7280,-0.1150,-0.0107,2.997,good,0.000,1.96,0,0,0,0,11.75,3,0.0,,,
1427,1.7280,-0.1126,-0.0927,3.151,faded,0.997,5.05,1,1,1,0,7.48,3,3.2,20|19,1440,1440
1428,1.7280,-0.1113,0.2091,3.020,good,0.000,1.96,0,0,0,0,9.98,3,0.0,,,
1429,1.7280,-0.1100,-0.1263,2.646,good,0.000,3.99,0,0,0,0,19.38,3,0.0,,,
1430,1.7280,-0.1094,0.1520,2.693,good,0.002,9.26,0,0,0,0,17.76,3,0.0,,,
1437,1.7280,-0.1163,-0.0640,3.003,good,0.000,2.50,0,0,0,0,12.04,2,0.0,,,
1432,1.7320,-0.1128,0.2292,2.996,good,0.478,4.53,0,0,0,0,11.03,3,0.0,,,
1433,1.7320,-0.1118,-0.0162,3.006,good,0.008,2.63,0,0,0,0,10.47,3,0.0,,,
1434,1.7320,-0.1094,0.1000,3.024,good,0.000,2.12,0,0,0,0,9.24,3,0.0,,,
1435,1.7320,-0.1094,-0.2253,2.998,good,0.012,4.77,0,0,0,0,9.84,3,0.0,,,
1436,1.7320,-0.1087,0.0629,3.000,good,0.005,2.78,0,0,0,0,9.59,3,0.0,,,
1440,1.7320,-0.1173,-0.0508,3.017,good,0.000,3.00,0,0,0,0,12.02,2,0.0,,,
1441,1.7320,-0.1168,-0.0899,2.961,good,0.001,3.23,0,0,0,0,13.22,2,0.0,,,
1438,1.7360,-0.1354,-0.1760,3.000,good,0.009,3.66,0,0,0,0,10.48,1,0.0,,,
1439,1.7360,-0.1089,0.1493,2.885,good,0.000,1.83,0,0,0,0,12.39,3,0.0,,,
1444,1.7360,-0.1191,0.1490,2.999,good,0.000,3.14,0,0,0,0,13.06,2,0.0,,,
1445,1.7360,-0.1179,-0.2291,3.000,good,0.302,5.36,0,0,0,0,12.64,2,0.0,,,
1446,1.7360,-0.1221,-0.1790,3.000,good,0.000,3.58,0,0,0,0,10.03,1,0.0,,,
1448,1.7360,-0.1087,-0.1819,3.000,good,0.000,3.61,0,0,0,0,9.57,1,0.0,,,
1442,1.7400,-0.1151,0.0915,2.947,good,0.001,2.11,0,0,0,0,13.00,3,0.0,,,
1443,1.7400,-0.1206,-0.1732,3.450,good,0.003,4.28,0,0,0,0,-0.07,2,0.0,,,
1457,1.7400,-0.1059,-0.1697,3.000,good,0.073,4.42,0,0,0,0,8.64,1,0.0,,,
1447,1.7440,-0.1135,-0.1227,3.084,good,0.000,4.06,0,0,0,0,9.25,3,0.0,,,
1455,1.7440,-0.1174,0.1979,2.902,good,0.000,6.41,0,0,0,0,14.89,2,0.0,,,
1456,1.7440,-0.1104,-0.2405,3.450,good,0.076,3.84,0,0,0,0,1.00,2,0.0,,,
1449,1.7480,-0.1158,-0.0388,2.996,good,0.000,2.06,0,0,0,0,12.02,3,0.0,,,
1450,1.7480,-0.1119,-0.0883,2.991,faded,0.999,4.75,1,1,1,0,10.86,3,3.2,20,1444,1444
1451,1.7480,-0.1130,0.2176,2.980,good,0.001,4.05,0,0,0,0,11.47,3,0.0,,,
1452,1.7480,-0.1106,-0.1860,3.037,good,0.000,2.98,0,0,0,0,9.35,3,0.0,,,
1453,1.7480,-0.1100,0.2287,2.989,good,0.001,2.69,0,0,0,0,10.26,3,0.0,,,
1454,1.7480,-0.1092,0.1152,3.000,good,0.000,3.72,0,0,0,0,9.75,3,0.0,,,
1462,1.7480,-0.1198,-0.0232,2.931,faded,0.972,4.75,1,1,1,0,14.99,2,3.2,29|28,1438,1438
1458,1.7520,-0.1163,0.1230,2.856,good,0.081,2.76,0,0,0,0,15.72,3,0.0,,,
1459,1.7520,-0.1131,0.2312,2.997,black,1.000,48.30,1,1,1,0,11.11,3,3.2,61,1445,1445
1460,1.7520,-0.1126,0.1908,2.842,black,1.000,51.21,1,1,1,0,14.81,3,3.2,56,1434,
1461,1.7520,-0.1113,-0.2180,3.001,good,0.000,2.72,0,0,0,0,10.40,3,0.0,,,
1465,1.7520,-0.1189,-0.1956,2.960,broken,0.843,4.66,1,1,1,0,13.96,2,2.4,6|7,1463,1463
1463,1.7560,-0.1108,-0.1314,3.128,good,0.002,6.73,0,0,0,0,7.41,3,0.0,,,
1464,1.7560,-0.1113,-0.0848,3.206,good,0.000,4.19,0,0,0,0,5.91,3,0.0,,,
1469,1.7560,-0.1163,0.2078,3.168,good,0.065,6.03,0,0,0,0,8.27,2,0.0,,,
1466,1.7600,-0.1151,-0.1606,3.023,black,1.000,45.93,1,1,1,0,11.17,3,3.2,11,1481,1481
1467,1.7600,-0.1141,0.1321,3.010,good,0.000,2.24,0,0,0,0,11.13,3,0.0,,,
1468,1.7600,-0.1125,-0.0073,2.999,good,0.001,2.37,0,0,0,0,10.85,3,0.0,,,
1472,1.7600,-0.1171,-0.1000,2.945,good,0.025,3.56,0,0,0,0,13.74,2,0.0,,,
1470,1.7640,-0.1130,-0.0908,3.019,good,0.000,2.37,0,0,0,0,10.57,3,0.0,,,
1471,1.7640,-0.1119,-0.1435,2.912,good,0.001,2.20,0,0,0,0,12.77,3,0.0,,,
1475,1.7640,-0.1168,-0.0805,2.993,good,0.000,1.82,0,0,0,0,12.45,2,0.0,,,
1476,1.7640,-0.1169,-0.1853,2.923,black,1.000,52.15,1,1,1,0,14.22,2,3.2,8,1468,1468
1473,1.7680,-0.1136,-0.0348,3.012,good,0.002,3.01,0,0,0,0,10.94,3,0.0,,,
1474,1.7680,-0.1092,-0.0533,3.179,good,0.006,2.77,0,0,0,0,5.80,3,0.0,,,
1477,1.7680,-0.1315,0.1138,3.000,shell,0.995,6.70,1,1,1,0,13.16,1,2.4,46,1460,
1478,1.7680,-0.1161,0.0174,3.313,good,0.000,2.64,0,0,0,0,5.24,2,0.0,,,
1479,1.7680,-0.1164,0.0377,3.217,good,0.000,2.37,0,0,0,0,7.25,2,0.0,,,
1484,1.7680,-0.1186,0.1188,3.000,shell,0.977,6.79,1,1,1,0,12.86,1,2.4,47,1499,
1483,1.7720,-0.1184,0.0654,3.048,good,0.000,3.27,0,0,0,0,11.67,2,0.0,,,
1488,1.7720,-0.1057,0.1238,3.000,shell,0.986,7.19,1,1,1,0,8.58,1,2.4,47|48,1499,
1480,1.7760,-0.1098,0.1125,2.959,faded,1.000,5.96,1,1,1,0,10.89,3,3.2,46,1460,
1481,1.7760,-0.1086,0.1742,2.999,black,1.000,50.39,1,1,1,0,9.54,3,3.2,54,1482,1482
1482,1.7760,-0.1087,-0.1528,2.996,good,0.001,2.72,0,0,0,0,9.69,3,0.0,,,
1487,1.7760,-0.1163,0.0856,3.006,good,0.000,2.27,0,0,0,0,11.98,2,0.0,,,
1485,1.7800,-0.1121,0.0747,3.158,good,0.003,3.58,0,0,0,0,7.16,3,0.0,,,
1486,1.7800,-0.1077,0.1007,3.120,good,0.001,2.73,0,0,0,0,6.58,3,0.0,,,
1493,1.7800,-0.1190,0.0579,2.994,good,0.001,2.78,0,0,0,0,13.15,2,0.0,,,
1494,1.7800,-0.1197,0.2414,2.570,good,0.000,3.34,0,0,0,0,25.51,2,0.0,,,
1489,1.7840,-0.1402,-0.0927,3.000,good,0.000,4.33,0,0,0,0,12.07,1,0.0,,,
1490,1.7840,-0.1134,-0.1384,3.001,good,0.000,2.12,0,0,0,0,11.12,3,0.0,,,
1491,1.7840,-0.1098,0.0261,2.994,black,1.000,48.67,1,1,1,0,10.06,3,3.2,35,1490,
1492,1.7840,-0.1322,-0.0880,3.000,good,0.000,4.06,0,0,0,0,9.39,1,0.0,,,
1498,1.7840,-0.1171,0.1985,3.450,good,0.015,6.02,0,0,0,0,2.94,2,0.0,,,
1499,1.7840,-0.1054,-0.0921,3.450,good,0.486,7.93,0,0,0,0,-0.45,2,0.0,,,
1504,1.7840,-0.0995,0.0709,3.000,good,0.002,3.39,0,0,0,0,6.48,1,0.0,,,
1495,1.7880,-0.1154,-0.2343,3.000,black,1.000,53.13,1,1,1,0,11.82,3,3.2,2|1,1475,
1496,1.7880,-0.1147,0.0007,3.019,good,0.000,3.31,0,0,0,0,11.12,3,0.0,,,
1497,1.7880,-0.1148,0.1794,2.873,good,0.000,5.05,0,0,0,0,14.75,3,0.0,,,
1502,1.7880,-0.1195,0.0382,3.011,good,0.001,2.35,0,0,0,0,12.93,2,0.0,,,
1503,1.7880,-0.1176,-0.1673,3.001,good,0.001,2.57,0,0,0,0,12.51,2,0.0,,,
1500,1.7920,-0.1160,0.2066,2.783,good,0.008,4.76,0,0,0,0,17.59,3,0.0,,,
1501,1.7920,-0.1131,0.2413,3.003,good,0.000,2.94,0,0,0,0,10.97,3,0.0,,,
1507,1.7920,-0.1185,0.1680,2.998,good,0.000,3.22,0,0,0,0,12.90,2,0.0,,,
1508,1.7920,-0.1161,0.1181,2.999,good,0.000,6.98,0,0,0,0,12.07,2,0.0,,,
1505,1.7960,-0.1168,-0.1504,2.787,good,0.000,2.84,0,0,0,0,17.80,3,0.0,,,
1506,1.7960,-0.1102,0.1373,2.989,good,0.000,6.74,0,0,0,0,10.31,3,0.0,,,
1513,1.7960,-0.1178,-0.1408,3.004,good,0.000,2.48,0,0,0,0,12.51,2,0.0,,,
1520,1.7960,-0.1048,0.2098,3.000,good,0.001,2.86,0,0,0,0,8.28,1,0.0,,,
1509,1.8000,-0.1140,0.0191,2.863,good,0.000,3.72,0,0,0,0,14.73,3,0.0,,,
1510,1.8000,-0.1115,-0.0517,2.997,good,0.000,1.55,0,0,0,0,10.57,3,0.0,,,
1511,1.8000,-0.1106,0.1102,2.997,good,0.000,4.16,0,0,0,0,10.27,3,0.0,,,
1512,1.8000,-0.1113,0.1541,2.888,good,0.000,2.43,0,0,0,0,13.16,3,0.0,,,
1518,1.8000,-0.1197,-0.0789,2.999,good,0.000,2.75,0,0,0,0,13.24,2,0.0,,,
1519,1.8000,-0.1181,-0.2029,3.021,good,0.000,2.47,0,0,0,0,12.20,2,0.0,,,
1514,1.8040,-0.1093,-0.1054,3.278,good,0.008,6.77,0,0,0,0,3.83,3,0.0,,,
1515,1.8040,-0.1141,0.1944,3.000,good,0.000,3.96,0,0,0,0,11.35,3,0.0,,,
1516,1.8040,-0.1105,-0.0479,2.976,good,0.000,3.17,0,0,0,0,10.75,3,0.0,,,
1517,1.8040,-0.1091,-0.1254,3.016,good,0.000,3.38,0,0,0,0,9.33,3,0.0,,,
1522,1.8040,-0.1172,0.1703,3.434,good,0.000,5.97,0,0,0,0,3.25,2,0.0,,,
1521,1.8080,-0.1127,-0.2156,2.996,good,0.004,2.44,0,0,0,0,11.00,3,0.0,,,
1525,1.8080,-0.1159,0.1513,3.041,good,0.007,3.00,0,0,0,0,11.00,2,0.0,,,
1523,1.8120,-0.1136,-0.0855,2.976,good,0.264,4.75,0,0,0,0,11.78,3,0.0,,,
1524,1.8120,-0.1092,0.0767,2.997,good,0.000,2.06,0,0,0,0,9.78,3,0.0,,,
1527,1.8120,-0.1175,0.0501,3.000,good,0.000,1.36,0,0,0,0,12.50,2,0.0,,,
1526,1.8160,-0.1100,-0.0736,2.991,good,0.000,2.65,0,0,0,0,10.20,3,0.0,,,
1530,1.8160,-0.1188,-0.2249,3.020,good,0.000,3.32,0,0,0,0,12.45,2,0.0,,,
1531,1.8160,-0.1190,0.0639,2.745,good,0.076,3.22,0,0,0,0,19.81,2,0.0,,,
1528,1.8200,-0.1153,-0.0582,2.961,good,0.001,6.63,0,0,0,0,12.73,3,0.0,,,
1529,1.8200,-0.1118,0.0894,3.012,good,0.003,3.78,0,0,0,0,10.30,3,0.0,,,
1535,1.8200,-0.1178,0.0803,2.998,good,0.000,1.22,0,0,0,0,12.66,2,0.0,,,
1532,1.8240,-0.1139,0.2164,2.997,good,0.000,2.70,0,0,0,0,11.38,3,0.0,,,
1533,1.8240,-0.1123,0.0345,2.998,good,0.020,3.73,0,0,0,0,10.83,3,0.0,,,
1534,1.8240,-0.1097,-0.2313,2.994,good,0.066,3.71,0,0,0,0,10.04,3,0.0,,,
1540,1.8240,-0.1200,0.1785,3.161,good,0.003,2.10,0,0,0,0,9.60,2,0.0,,,
1541,1.8240,-0.1148,-0.0078,3.059,good,0.000,2.13,0,0,0,0,10.22,2,0.0,,,
1542,1.8240,-0.1117,-0.0154,3.020,good,0.000,3.73,0,0,0,0,10.11,2,0.0,,,
1536,1.8280,-0.1139,-0.1468,3.002,good,0.000,2.19,0,0,0,0,11.24,3,0.0,,,
1537,1.8280,-0.1122,0.0400,2.994,good,0.008,2.27,0,0,0,0,10.87,3,0.0,,,
1538,1.8280,-0.1122,-0.2022,2.967,good,0.004,2.58,0,0,0,0,11.51,3,0.0,,,
1539,1.8280,-0.1095,0.2043,3.008,good,0.000,2.49,0,0,0,0,9.64,3,0.0,,,
1543,1.8320,-0.1226,-0.1740,3.326,good,0.152,4.24,0,0,0,0,2.91,2,0.0,,,
1548,1.8320,-0.1184,-0.1938,3.000,insect,1.000,7.45,1,1,1,0,12.79,2,3.1,7|6,1539,1539
1549,1.8320,-0.1168,0.0879,3.001,black,1.000,50.16,1,1,1,0,12.23,2,3.2,43,1535,1535
1553,1.8320,-0.1093,-0.1773,3.000,good,0.161,4.45,0,0,0,0,9.75,1,0.0,,,
1544,1.8360,-0.1143,0.0914,3.087,good,0.000,2.81,0,0,0,0,9.43,3,0.0,,,
1545,1.8360,-0.1143,0.1764,3.001,good,0.001,3.00,0,0,0,0,11.41,3,0.0,,,
1546,1.8360,-0.1108,-0.1811,3.000,faded,1.000,5.48,1,1,1,0,10.27,3,3.2,8|9,1528,1528
1547,1.8360,-0.1206,0.0651,3.089,good,0.000,2.62,0,0,0,0,7.39,2,0.0,,,
1552,1.8360,-0.1185,0.1670,2.966,good,0.002,1.98,0,0,0,0,13.66,2,0.0,,,
1557,1.8360,-0.1082,0.0687,3.000,good,0.000,2.60,0,0,0,0,9.39,1,0.0,,,
1550,1.8400,-0.1148,-0.1788,2.811,good,0.076,3.09,0,0,0,0,16.44,3,0.0,,,
1551,1.8400,-0.1124,0.1601,2.991,good,0.003,2.81,0,0,0,0,11.02,3,0.0,,,
1555,1.8400,-0.1196,-0.0968,3.000,good,0.001,4.37,0,0,0,0,13.20,2,0.0,,,
1556,1.8400,-0.1153,-0.0149,3.004,good,0.003,3.21,0,0,0,0,11.68,2,0.0,,,
1554,1.8440,-0.1390,0.0549,3.000,good,0.020,3.50,0,0,0,0,11.66,1,0.0,,,
1561,1.8440,-0.1201,0.0546,3.000,good,0.024,3.42,0,0,0,0,9.37,1,0.0,,,
1566,1.8440,-0.1012,0.0544,3.000,good,0.026,3.48,0,0,0,0,7.08,1,0.0,,,
1558,1.8480,-0.1153,-0.1399,3.001,good,0.000,3.25,0,0,0,0,11.73,3,0.0,,,
1559,1.8480,-0.1122,-0.1694,3.034,good,0.000,3.41,0,0,0,0,9.92,3,0.0,,,
1560,1.8480,-0.1100,0.0463,2.994,good,0.001,2.61,0,0,0,0,10.16,3,0.0,,,
1564,1.8480,-0.1191,0.1925,2.922,good,0.020,2.86,0,0,0,0,14.98,2,0.0,,,
1565,1.8480,-0.1169,0.0646,3.010,good,0.001,2.45,0,0,0,0,12.05,2,0.0,,,
1562,1.8520,-0.1155,-0.1952,2.994,good,0.026,2.92,0,0,0,0,11.97,3,0.0,,,
1563,1.8520,-0.1110,-0.1506,2.983,good,0.029,3.96,0,0,0,0,10.75,3,0.0,,,
1567,1.8560,-0.1143,0.0484,3.093,good,0.000,2.03,0,0,0,0,9.27,3,0.0,,,
1568,1.8560,-0.1153,0.2353,2.985,good,0.000,2.53,0,0,0,0,12.11,3,0.0,,,
1569,1.8560,-0.1105,-0.1194,3.126,faded,0.999,3.88,1,1,1,0,7.33,3,3.2,16,1554,1554
1570,1.8560,-0.1100,0.0563,2.994,good,0.000,2.29,0,0,0,0,10.15,3,0.0,,,
1572,1.8560,-0.1196,-0.1693,3.000,good,0.000,2.45,0,0,0,0,13.21,2,0.0,,,
1571,1.8600,-0.1098,-0.0009,3.006,good,0.000,1.65,0,0,0,0,9.78,3,0.0,,,
1575,1.8600,-0.1157,-0.0478,2.995,good,0.000,2.85,0,0,0,0,12.02,2,0.0,,,
1576,1.8600,-0.1164,-0.0308,2.979,sour,1.000,13.65,1,1,1,0,12.66,2,3.2,28|27,1556,1556
1573,1.8640,-0.1155,0.1450,2.996,insect,1.000,3.04,1,1,1,0,11.92,3,3.1,50,1562,1562
1574,1.8640,-0.1125,0.0640,3.001,good,0.167,3.14,0,0,0,0,10.80,3,0.0,,,
1579,1.8640,-0.1160,0.1273,2.993,good,0.000,3.87,0,0,0,0,12.17,2,0.0,,,
1580,1.8640,-0.1155,0.1065,3.000,good,0.007,3.21,0,0,0,0,11.82,2,0.0,,,
1577,1.8680,-0.1146,-0.1702,3.000,good,0.000,3.92,0,0,0,0,11.54,3,0.0,,,
1578,1.8680,-0.1087,0.0765,3.160,good,0.000,4.24,0,0,0,0,6.03,3,0.0,,,
1586,1.8680,-0.1191,0.2233,2.980,good,0.113,9.27,0,0,0,0,13.53,2,0.0,,,
1587,1.8680,-0.1167,0.2127,3.002,good,0.001,2.19,0,0,0,0,12.20,2,0.0,,,
1581,1.8720,-0.1104,-0.0956,3.001,good,0.000,3.28,0,0,0,0,10.12,3,0.0,,,
1582,1.8720,-0.1069,0.0307,3.374,good,0.000,2.42,0,0,0,0,1.32,3,0.0,,,
1583,1.8720,-0.1091,-0.2288,3.066,good,0.004,5.53,0,0,0,0,8.20,3,0.0,,,
1584,1.8720,-0.1074,-0.2132,3.221,good,0.000,2.67,0,0,0,0,4.41,3,0.0,,,
1585,1.8720,-0.1113,0.0681,2.696,good,0.001,3.79,0,0,0,0,18.38,3,0.0,,,
1588,1.8760,-0.1124,0.2205,2.998,good,0.021,3.79,0,0,0,0,10.85,3,0.0,,,
1596,1.8760,-0.1006,0.0716,3.000,good,0.001,3.67,0,0,0,0,6.85,1,0.0,,,
1589,1.8800,-0.1149,0.0619,3.000,good,0.000,2.18,0,0,0,0,11.65,3,0.0,,,
1590,1.8800,-0.1131,-0.0615,3.001,good,0.000,3.18,0,0,0,0,11.00,3,0.0,,,
1591,1.8800,-0.1112,-0.0094,2.991,good,0.002,2.51,0,0,0,0,10.63,3,0.0,,,
1592,1.8800,-0.1105,-0.0725,3.000,good,0.022,2.78,0,0,0,0,10.17,3,0.0,,,
1593,1.8800,-0.1187,-0.1977,3.003,good,0.000,2.97,0,0,0,0,12.82,2,0.0,,,
1594,1.8800,-0.1176,-0.1663,3.005,good,0.000,3.75,0,0,0,0,12.40,2,0.0,,,
1595,1.8800,-0.1168,-0.1876,2.962,good,0.001,2.67,0,0,0,0,13.19,2,0.0,,,
1598,1.8840,-0.1198,0.0321,3.013,good,0.000,2.99,0,0,0,0,12.96,2,0.0,,,
1597,1.8880,-0.1087,-0.0858,3.007,good,0.001,2.79,0,0,0,0,9.41,3,0.0,,,
1601,1.8880,-0.1197,0.1383,3.003,broken,0.997,1.82,1,1,1,0,13.13,2,2.4,49,1600,1600
1602,1.8880,-0.1161,0.0845,3.000,good,0.000,1.57,0,0,0,0,12.04,2,0.0,,,
1599,1.8920,-0.1140,0.0691,3.002,good,0.000,2.08,0,0,0,0,11.31,3,0.0,,,
1600,1.8920,-0.1129,0.0333,3.000,good,0.000,2.83,0,0,0,0,10.97,3,0.0,,,
1605,1.8920,-0.1176,-0.1924,3.260,good,0.000,2.52,0,0,0,0,6.73,2,0.0,,,
1603,1.8960,-0.1143,0.1419,3.000,good,0.000,2.84,0,0,0,0,11.41,3,0.0,,,
1604,1.8960,-0.1131,-0.0664,3.002,good,0.000,2.83,0,0,0,0,10.98,3,0.0,,,
1608,1.8960,-0.1186,-0.1214,3.450,good,0.000,2.43,0,0,0,0,3.36,2,0.0,,,
1606,1.9000,-0.1123,-0.1379,3.003,broken,0.982,2.98,1,1,1,0,10.71,3,2.4,14,1583,1583
1607,1.9000,-0.1131,-0.0183,3.001,good,0.001,2.81,0,0,0,0,11.02,3,0.0,,,
1609,1.9000,-0.1090,-0.1714,2.655,good,0.001,2.17,0,0,0,0,18.72,3,0.0,,,
1613,1.9000,-0.1192,0.1537,2.973,good,0.002,2.72,0,0,0,0,13.74,2,0.0,,,
1610,1.9040,-0.1136,0.0223,3.000,good,0.000,2.54,0,0,0,0,11.18,3,0.0,,,
1611,1.9040,-0.1104,0.0561,2.995,good,0.000,2.93,0,0,0,0,10.23,3,0.0,,,
1612,1.9040,-0.1099,0.0819,2.996,good,0.001,2.11,0,0,0,0,10.06,3,0.0,,,
1616,1.9040,-0.1171,-0.0225,3.002,faded,0.848,4.22,1,1,1,0,12.32,2,3.2,29|28,1606,1606
1622,1.9040,-0.1073,0.1504,3.000,good,0.001,2.73,0,0,0,0,9.10,1,0.0,,,
1614,1.9080,-0.1127,-0.1989,3.001,good,0.001,2.60,0,0,0,0,10.88,3,0.0,,,
1615,1.9080,-0.1251,-0.0284,2.698,good,0.005,3.45,0,0,0,0,19.42,2,0.0,,,
1619,1.9080,-0.1188,-0.1066,3.003,good,0.000,8.18,0,0,0,0,12.85,2,0.0,,,
1621,1.9080,-0.1165,-0.0551,2.997,good,0.004,2.31,0,0,0,0,12.23,2,0.0,,,
1617,1.9120,-0.1175,0.1351,2.836,good,0.001,3.08,0,0,0,0,16.67,3,0.0,,,
1618,1.9120,-0.1112,-0.0313,3.094,good,0.337,10.09,0,0,0,0,8.27,3,0.0,,,
1620,1.9120,-0.1085,0.1867,3.002,sour,1.000,20.08,1,1,1,0,9.45,3,3.2,55|56,1603,1603
1626,1.9120,-0.1191,-0.1372,3.023,good,0.000,3.42,0,0,0,0,12.46,2,0.0,,,
1627,1.9120,-0.1161,0.0050,3.023,good,0.003,4.60,0,0,0,0,11.51,2,0.0,,,
1632,1.9120,-0.1035,-0.0339,3.000,good,0.005,3.52,0,0,0,0,7.82,1,0.0,,,
1623,1.9160,-0.1113,0.1227,3.002,good,0.000,2.40,0,0,0,0,10.38,3,0.0,,,
1624,1.9160,-0.1108,0.0417,3.020,good,0.001,3.68,0,0,0,0,9.79,3,0.0,,,
1625,1.9160,-0.1104,0.2339,3.002,insect,0.752,11.99,1,1,1,0,10.07,3,3.1,61|62,1615,
1630,1.9160,-0.1179,0.2033,3.020,good,0.000,2.04,0,0,0,0,12.15,2,0.0,,,
1631,1.9160,-0.1160,-0.2226,3.003,good,0.019,5.71,0,0,0,0,11.94,2,0.0,,,
1628,1.9200,-0.1121,-0.1110,3.001,broken,0.992,3.07,1,1,1,0,10.67,3,2.4,17,1632,1632
1629,1.9200,-0.1121,-0.1417,2.956,good,0.020,3.33,0,0,0,0,11.76,3,0.0,,,
1633,1.9240,-0.1135,0.0808,3.003,black,1.000,53.59,1,1,1,0,11.11,3,3.2,42,1630,
1636,1.9240,-0.1159,-0.0475,3.004,good,0.001,1.85,0,0,0,0,11.88,2,0.0,,,
1641,1.9240,-0.1180,-0.1016,3.000,good,0.000,2.48,0,0,0,0,12.66,1,0.0,,,
1634,1.9280,-0.1146,-0.0179,3.007,good,0.000,1.35,0,0,0,0,11.38,3,0.0,,,
1635,1.9280,-0.1179,-0.1032,1.800,good,0.000,5.08,0,0,0,0,61.04,3,0.0,,,
1640,1.9280,-0.1188,-0.0872,2.994,good,0.000,3.49,0,0,0,0,13.08,2,0.0,,,
1637,1.9320,-0.1163,0.1044,2.991,good,0.001,3.55,0,0,0,0,12.31,3,0.0,,,
1638,1.9320,-0.1247,-0.1073,2.954,good,0.000,2.40,0,0,0,0,12.09,2,0.0,,,
1639,1.9320,-0.1094,0.2275,3.000,good,0.000,2.79,0,0,0,0,9.83,3,0.0,,,
1642,1.9360,-0.1108,0.0052,3.000,good,0.001,3.30,0,0,0,0,10.26,3,0.0,,,
1643,1.9360,-0.1109,0.0707,2.854,good,0.000,2.95,0,0,0,0,13.88,3,0.0,,,
1644,1.9360,-0.1088,-0.0728,3.002,good,0.000,2.84,0,0,0,0,9.57,3,0.0,,,
1649,1.9360,-0.1188,-0.2213,2.997,good,0.001,2.70,0,0,0,0,12.98,2,0.0,,,
1650,1.9360,-0.1194,0.0863,2.998,faded,0.985,4.19,1,1,1,0,13.16,2,3.0,43|42,1621,1621
1651,1.9360,-0.1179,-0.1684,2.996,good,0.000,3.06,0,0,0,0,12.75,2,0.0,,,
1656,1.9360,-0.1019,-0.0978,3.000,good,0.000,2.11,0,0,0,0,7.31,1,0.0,,,
1645,1.9400,-0.1162,-0.2369,2.971,good,0.400,15.88,0,0,0,0,12.76,3,0.0,,,
1646,1.9400,-0.1112,-0.0669,3.362,good,0.001,2.25,0,0,0,0,2.83,3,0.0,,,
1647,1.9400,-0.1130,0.0690,3.006,good,0.000,1.93,0,0,0,0,10.85,3,0.0,,,
1648,1.9400,-0.1089,-0.2097,3.010,good,0.005,2.49,0,0,0,0,9.42,3,0.0,,,
1654,1.9400,-0.1196,-0.0928,3.013,good,0.003,2.36,0,0,0,0,12.86,2,0.0,,,
1655,1.9400,-0.1173,-0.1181,2.991,good,0.000,2.46,0,0,0,0,12.67,2,0.0,,,
1652,1.9440,-0.1120,0.0523,3.002,good,0.010,3.27,0,0,0,0,10.61,3,0.0,,,
1653,1.9440,-0.1121,0.0873,3.001,good,0.000,5.56,0,0,0,0,10.67,3,0.0,,,
1659,1.9440,-0.1181,-0.2218,3.025,good,0.009,6.46,0,0,0,0,12.12,2,0.0,,,
1660,1.9440,-0.1172,-0.2050,2.998,black,1.000,47.12,1,1,1,0,12.44,2,3.2,5,1631,1631
1657,1.9480,-0.1122,0.1706,2.992,good,0.000,2.76,0,0,0,0,10.93,3,0.0,,,
1658,1.9480,-0.1110,0.0835,2.995,good,0.342,3.03,0,0,0,0,10.44,3,0.0,,,
1666,1.9480,-0.1174,0.1366,2.987,good,0.000,2.59,0,0,0,0,12.80,2,0.0,,,
1661,1.9520,-0.1145,-0.2030,3.024,black,1.000,51.38,1,1,1,0,10.95,3,3.2,6|5,1647,1647
1662,1.9520,-0.1130,-0.0734,3.118,good,0.000,3.49,0,0,0,0,8.33,3,0.0,,,
1663,1.9520,-0.1132,0.1913,2.992,good,0.001,3.24,0,0,0,0,11.26,3,0.0,,,
1664,1.9520,-0.1111,-0.2260,2.996,good,0.002,2.06,0,0,0,0,10.46,3,0.0,,,
1665,1.9520,-0.1093,0.2397,2.932,good,0.000,1.76,0,0,0,0,11.37,3,0.0,,,
1670,1.9520,-0.1147,0.0659,2.996,good,0.000,3.02,0,0,0,0,11.66,2,0.0,,,
1667,1.9560,-0.1139,-0.1231,2.999,good,0.000,3.04,0,0,0,0,11.33,3,0.0,,,
1668,1.9560,-0.1100,-0.0077,3.050,good,0.000,2.42,0,0,0,0,8.86,3,0.0,,,
1669,1.9560,-0.1093,0.1282,3.003,faded,0.993,4.45,1,1,1,0,9.69,3,3.2,48,1663,1663
1674,1.9600,-0.1188,-0.1441,3.054,good,0.000,2.69,0,0,0,0,11.64,2,0.0,,,
1671,1.9640,-0.1149,0.1133,2.996,good,0.000,2.86,0,0,0,0,11.73,3,0.0,,,
1672,1.9640,-0.1120,-0.1267,3.003,black,1.000,64.14,1,1,1,0,10.61,3,3.2,15,1668,1668
1673,1.9640,-0.1326,-0.2125,3.000,shell,0.997,8.86,1,1,1,0,9.54,1,2.4,4|5,,
1678,1.9640,-0.1207,-0.2201,3.000,shell,0.999,9.00,1,1,1,0,9.56,1,2.4,3|4,,
1683,1.9640,-0.1087,-0.2277,3.000,shell,0.999,8.67,1,1,1,0,9.57,1,2.4,2|3,1667,
1675,1.9680,-0.1110,0.1175,3.002,good,0.000,2.11,0,0,0,0,10.28,3,0.0,,,
1676,1.9680,-0.1087,0.1647,2.997,good,0.000,3.20,0,0,0,0,9.65,3,0.0,,,
1677,1.9680,-0.1086,0.1988,3.002,good,0.001,2.36,0,0,0,0,9.50,3,0.0,,,
1682,1.9680,-0.1165,-0.1666,3.007,good,0.000,4.44,0,0,0,0,11.98,2,0.0,,,
1679,1.9720,-0.1136,-0.1090,3.002,good,0.001,1.38,0,0,0,0,11.15,3,0.0,,,
1680,1.9720,-0.1108,-0.0011,3.002,good,0.001,3.61,0,0,0,0,10.20,3,0.0,,,
1681,1.9720,-0.1101,0.0142,3.013,good,0.046,3.04,0,0,0,0,9.73,3,0.0,,,
1689,1.9720,-0.1175,0.1315,2.998,good,0.000,1.99,0,0,0,0,12.55,2,0.0,,,
1690,1.9720,-0.1162,-0.0734,2.988,good,0.000,2.47,0,0,0,0,12.37,2,0.0,,,
1691,1.9720,-0.1159,-0.1671,3.003,good,0.000,2.35,0,0,0,0,11.91,2,0.0,,,
1684,1.9760,-0.1173,0.0619,2.834,good,0.002,2.02,0,0,0,0,16.68,3,0.0,,,
1685,1.9760,-0.1157,0.2321,2.999,good,0.000,3.16,0,0,0,0,11.93,3,0.0,,,
1686,1.9760,-0.1141,0.1205,2.997,black,1.000,46.10,1,1,1,0,11.45,3,3.2,47,1665,1665
1687,1.9760,-0.1095,-0.2300,3.001,faded,0.999,7.91,1,1,1,0,9.83,3,3.2,2,1687,1687
1688,1.9760,-0.1102,0.0943,2.680,good,0.000,3.37,0,0,0,0,18.43,3,0.0,,,
1693,1.9760,-0.1193,-0.2320,2.999,good,0.016,3.83,0,0,0,0,13.12,2,0.0,,,
1692,1.9800,-0.1147,0.1760,3.010,good,0.000,3.72,0,0,0,0,11.34,3,0.0,,,
1698,1.9800,-0.1175,0.2147,2.993,good,0.001,5.04,0,0,0,0,12.67,2,0.0,,,
1694,1.9840,-0.1151,-0.0557,2.986,good,0.000,2.95,0,0,0,0,12.05,3,0.0,,,
1695,1.9840,-0.1130,-0.2234,2.964,black,1.000,46.66,1,1,1,0,11.84,3,3.2,3,1679,1679
1696,1.9840,-0.1132,0.0397,2.996,sour,1.000,13.20,1,1,1,0,11.17,3,3.2,37|36,1692,
1697,1.9840,-0.1085,0.0620,3.010,insect,1.000,3.93,1,1,1,0,9.26,3,3.1,39|40,1685,1685
1699,1.9880,-0.1112,-0.0513,2.962,good,0.001,1.72,0,0,0,0,11.30,3,0.0,,,
1701,1.9880,-0.1192,-0.0977,2.993,good,0.000,1.84,0,0,0,0,13.23,2,0.0,,,
1702,1.9880,-0.1137,-0.1707,3.406,good,0.000,3.79,0,0,0,0,2.76,2,0.0,,,
1700,1.9920,-0.1143,0.1702,2.992,sour,1.000,14.18,1,1,1,0,11.61,3,3.2,53,1705,1705
1703,1.9960,-0.1145,-0.0995,3.036,good,0.000,2.13,0,0,0,0,10.65,3,0.0,,,
1704,1.9960,-0.1105,0.0902,3.000,good,0.000,3.55,0,0,0,0,10.17,3,0.0,,,
1705,1.9960,-0.1083,0.0820,2.997,good,0.000,2.37,0,0,0,0,9.50,3,0.0,,,
1708,1.9960,-0.1194,0.1282,3.003,good,0.000,2.82,0,0,0,0,13.06,2,0.0,,,
1706,2.0000,-0.1138,-0.1357,2.997,good,0.122,2.41,0,0,0,0,11.35,3,0.0,,,
1707,2.0000,-0.1093,0.1116,3.015,good,0.000,2.59,0,0,0,0,9.41,3,0.0,,,
1712,2.0000,-0.1172,-0.0015,2.996,good,0.000,2.35,0,0,0,0,12.49,2,0.0,,,
1719,2.0000,-0.1024,-0.0964,3.000,good,0.000,1.87,0,0,0,0,7.46,1,0.0,,,
1709,2.0040,-0.1162,0.0033,2.998,good,0.000,2.54,0,0,0,0,12.12,3,0.0,,,
1710,2.0040,-0.1120,-0.1696,3.006,good,0.000,3.08,0,0,0,0,10.54,3,0.0,,,
1711,2.0040,-0.1083,0.1426,3.000,good,0.000,2.19,0,0,0,0,9.45,3,0.0,,,
1718,2.0040,-0.1191,0.1896,2.915,good,0.413,4.46,0,0,0,0,15.18,2,0.0,,,
1713,2.0080,-0.1136,0.0782,2.997,good,0.000,2.88,0,0,0,0,11.26,3,0.0,,,
1714,2.0080,-0.1129,0.0967,3.006,good,0.000,3.62,0,0,0,0,10.83,3,0.0,,,
1715,2.0080,-0.1135,-0.0335,2.695,good,0.002,3.03,0,0,0,0,19.25,3,0.0,,,
1716,2.0080,-0.1102,-0.1423,3.011,good,0.000,2.76,0,0,0,0,9.82,3,0.0,,,
1717,2.0080,-0.1111,0.2152,3.000,good,0.001,3.73,0,0,0,0,10.39,3,0.0,,,
1721,2.0080,-0.1176,-0.0095,2.946,good,0.000,2.41,0,0,0,0,13.89,2,0.0,,,
1722,2.0080,-0.1178,-0.1966,3.007,good,0.000,3.26,0,0,0,0,12.43,2,0.0,,,
1720,2.0120,-0.1123,-0.1012,3.012,good,0.001,2.96,0,0,0,0,10.47,3,0.0,,,
1724,2.0120,-0.1184,-0.0540,3.016,good,0.000,3.44,0,0,0,0,12.39,2,0.0,,,
1723,2.0160,-0.1144,-0.0336,2.999,good,0.007,1.85,0,0,0,0,11.50,3,0.0,,,
1728,2.0160,-0.1187,-0.0185,3.001,good,0.000,3.48,0,0,0,0,12.89,2,0.0,,,
1739,2.0160,-0.1003,-0.1045,3.000,good,0.000,2.68,0,0,0,0,6.75,1,0.0,,,
1725,2.0200,-0.1149,0.0197,2.902,good,0.000,2.17,0,0,0,0,14.04,3,0.0,,,
1726,2.0200,-0.1117,-0.0732,2.978,good,0.001,2.52,0,0,0,0,11.09,3,0.0,,,
1727,2.0200,-0.1086,0.1674,2.943,sour,1.000,25.01,1,1,1,0,10.87,3,3.2,53,1724,1724
1736,2.0200,-0.1192,-0.0736,2.985,good,0.000,3.17,0,0,0,0,13.42,2,0.0,,,
1737,2.0200,-0.1149,-0.2098,3.450,good,0.000,2.37,0,0,0,0,2.28,2,0.0,,,
1738,2.0200,-0.1142,-0.0071,3.368,good,0.000,3.81,0,0,0,0,3.59,2,0.0,,,
1729,2.0240,-0.1146,0.0705,3.011,good,0.048,3.45,0,0,0,0,11.29,3,0.0,,,
1730,2.0240,-0.1150,-0.0035,3.000,good,0.000,2.46,0,0,0,0,11.67,3,0.0,,,
1731,2.0240,-0.1124,-0.0354,3.023,good,0.000,2.11,0,0,0,0,10.27,3,0.0,,,
1732,2.0240,-0.1374,-0.0927,3.000,faded,1.000,4.71,1,1,1,0,11.15,1,3.2,20|19,,
1733,2.0240,-0.1096,0.1917,3.148,good,0.000,3.12,0,0,0,0,6.60,3,0.0,,,
1734,2.0240,-0.1113,-0.1851,2.886,good,0.000,1.87,0,0,0,0,13.22,3,0.0,,,
1735,2.0240,-0.1111,-0.1999,2.624,good,0.003,3.29,0,0,0,0,20.44,3,0.0,,,
1742,2.0240,-0.1255,-0.0897,3.000,faded,1.000,4.75,1,1,1,0,11.17,1,3.2,20,,
1746,2.0240,-0.1182,-0.2126,3.000,stone,1.000,13.20,1,1,1,0,12.74,1,9.1,4|5|3,1803,
1747,2.0240,-0.1136,-0.0867,3.000,faded,1.000,4.59,1,1,1,0,11.19,1,3.2,20|21,1734,
1740,2.0280,-0.1139,-0.0143,2.999,good,0.000,2.70,0,0,0,0,11.32,3,0.0,,,
1741,2.0280,-0.1342,-0.2154,3.000,stone,1.000,13.26,1,1,1,0,10.07,1,9.1,4|3|5,,
1745,2.0280,-0.1188,-0.1703,2.992,good,0.000,3.16,0,0,0,0,13.11,2,0.0,,,
1752,2.0280,-0.1022,-0.2098,3.000,stone,1.000,13.45,1,1,1,0,7.40,1,9.1,5|4|6,1803,
1753,2.0280,-0.1017,-0.0836,3.000,faded,1.000,4.62,1,1,1,0,7.23,1,3.2,21,1734,
1743,2.0320,-0.1126,-0.1113,2.999,good,0.001,1.81,0,0,0,0,10.87,3,0.0,,,
1744,2.0320,-0.1123,0.0520,3.000,good,0.000,1.70,0,0,0,0,10.78,3,0.0,,,
1749,2.0320,-0.1190,-0.1681,2.962,good,0.000,2.42,0,0,0,0,13.93,2,0.0,,,
1750,2.0320,-0.1174,0.1693,3.001,good,0.006,2.71,0,0,0,0,12.46,2,0.0,,,
1751,2.0320,-0.1152,-0.2416,2.999,broken,0.593,4.11,1,1,1,0,11.77,2,2.4,1|0,1731,1731
1748,2.0360,-0.1095,-0.2011,3.001,good,0.000,3.06,0,0,0,0,9.82,3,0.0,,,
1755,2.0360,-0.1175,-0.0460,2.843,good,0.007,2.61,0,0,0,0,16.50,2,0.0,,,
1754,2.0400,-0.1113,-0.1442,2.975,good,0.000,3.59,0,0,0,0,11.00,3,0.0,,,
1760,2.0400,-0.1190,0.1675,3.000,good,0.000,2.55,0,0,0,0,13.01,2,0.0,,,
1762,2.0400,-0.1183,0.1350,3.009,good,0.000,2.82,0,0,0,0,12.56,2,0.0,,,
1756,2.0440,-0.1155,-0.1607,2.991,good,0.004,1.77,0,0,0,0,12.06,3,0.0,,,
1757,2.0440,-0.1129,0.2169,2.989,good,0.000,4.57,0,0,0,0,11.22,3,0.0,,,
1758,2.0440,-0.1127,0.0490,2.951,good,0.000,1.40,0,0,0,0,12.06,3,0.0,,,
1759,2.0440,-0.1100,-0.0570,3.002,sour,1.000,32.32,1,1,1,0,9.95,3,3.2,24,1733,1733
1761,2.0440,-0.1083,-0.0346,3.001,good,0.189,2.84,0,0,0,0,9.41,3,0.0,,,
1763,2.0480,-0.1106,-0.1038,3.036,faded,1.000,5.82,1,1,1,0,9.35,3,3.2,18,1755,1755
1764,2.0480,-0.1124,0.0204,3.006,good,0.000,1.99,0,0,0,0,10.68,3,0.0,,,
1765,2.0480,-0.1107,0.1265,2.996,good,0.001,3.24,0,0,0,0,10.35,3,0.0,,,
1766,2.0520,-0.1114,0.0968,2.978,good,0.000,3.13,0,0,0,0,10.97,3,0.0,,,
1767,2.0520,-0.1095,0.0087,3.018,good,0.000,2.71,0,0,0,0,9.44,3,0.0,,,
1770,2.0520,-0.1184,-0.1039,3.000,good,0.006,3.61,0,0,0,0,12.81,2,0.0,,,
1771,2.0520,-0.1167,0.1557,2.983,good,0.001,3.22,0,0,0,0,12.64,2,0.0,,,
1772,2.0520,-0.1131,-0.1828,3.128,good,0.003,6.65,0,0,0,0,8.12,2,0.0,,,
1773,2.0520,-0.1166,-0.1305,3.000,good,0.000,2.58,0,0,0,0,12.20,2,0.0,,,
1768,2.0560,-0.1155,-0.0064,3.000,black,1.000,49.40,1,1,1,0,11.83,3,3.2,31|30,1742,1742
1769,2.0560,-0.1148,0.0452,3.000,good,0.000,1.80,0,0,0,0,11.60,3,0.0,,,
1778,2.0560,-0.1193,-0.1187,2.998,good,0.001,2.88,0,0,0,0,13.13,2,0.0,,,
1779,2.0560,-0.1175,0.1638,2.999,broken,0.965,1.95,1,1,1,0,12.52,2,2.4,52|53,1758,1758
1774,2.0600,-0.1157,0.0409,3.001,good,0.370,4.20,0,0,0,0,11.86,3,0.0,,,
1775,2.0600,-0.1148,-0.0241,2.999,good,0.002,2.17,0,0,0,0,11.62,3,0.0,,,
1776,2.0600,-0.1116,-0.0965,2.978,good,0.009,2.39,0,0,0,0,11.06,3,0.0,,,
1777,2.0600,-0.1101,0.2124,2.999,good,0.000,1.84,0,0,0,0,10.07,3,0.0,,,
1780,2.0640,-0.1077,0.0979,3.266,good,0.001,2.28,0,0,0,0,3.59,3,0.0,,,
1781,2.0640,-0.1111,0.0230,2.777,good,0.000,2.78,0,0,0,0,16.00,3,0.0,,,
1784,2.0640,-0.1182,-0.0549,3.015,good,0.000,2.39,0,0,0,0,12.37,2,0.0,,,
1782,2.0680,-0.1123,-0.0620,2.823,good,0.000,4.67,0,0,0,0,15.20,3,0.0,,,
1783,2.0680,-0.1090,0.2436,3.109,good,0.004,5.68,0,0,0,0,7.24,3,0.0,,,
1789,2.0680,-0.1185,0.1994,2.993,good,0.011,2.27,0,0,0,0,13.00,2,0.0,,,
1785,2.0720,-0.1149,0.1747,3.003,good,0.000,2.49,0,0,0,0,11.56,3,0.0,,,
1786,2.0720,-0.1123,-0.2295,2.999,good,0.003,9.93,0,0,0,0,10.80,3,0.0,,,
1787,2.0720,-0.1118,-0.1946,3.000,good,0.001,3.18,0,0,0,0,10.61,3,0.0,,,
1788,2.0720,-0.1081,-0.0581,2.997,good,0.000,2.72,0,0,0,0,9.42,3,0.0,,,
1792,2.0720,-0.1188,0.1826,3.195,good,0.009,2.28,0,0,0,0,8.47,2,0.0,,,
1793,2.0720,-0.1167,0.1564,3.001,sour,1.000,14.28,1,1,1,0,12.19,2,3.2,52|51,1775,1775
1790,2.0760,-0.1129,0.1068,3.000,good,0.000,2.30,0,0,0,0,10.96,3,0.0,,,
1791,2.0760,-0.1102,0.0203,2.975,good,0.000,2.22,0,0,0,0,10.63,3,0.0,,,
1795,2.0760,-0.1172,0.2217,2.995,good,0.000,2.23,0,0,0,0,12.53,2,0.0,,,
1794,2.0800,-0.1224,-0.1503,2.352,good,0.000,3.14,0,0,0,0,30.53,2,0.0,,,
1801,2.0800,-0.1130,-0.1469,3.000,good,0.001,3.01,0,0,0,0,10.99,1,0.0,,,
1796,2.0840,-0.1144,-0.1401,3.007,good,0.001,4.44,0,0,0,0,11.30,3,0.0,,,
1797,2.0840,-0.1116,0.1879,2.994,shell,1.000,6.03,1,1,1,0,10.69,3,2.4,56|55,1778,1778
1798,2.0840,-0.1111,-0.0061,2.973,good,0.001,2.67,0,0,0,0,11.01,3,0.0,,,
1799,2.0840,-0.1094,-0.2195,3.040,good,0.000,3.24,0,0,0,0,8.87,3,0.0,,,
1800,2.0880,-0.1082,-0.1806,2.999,good,0.000,2.73,0,0,0,0,9.44,3,0.0,,,
1806,2.0880,-0.1179,0.1119,2.994,good,0.027,2.74,0,0,0,0,12.80,2,0.0,,,
1802,2.0920,-0.1144,0.0464,3.010,good,0.000,2.48,0,0,0,0,11.21,3,0.0,,,
1803,2.0920,-0.1143,-0.2148,2.964,good,0.001,2.40,0,0,0,0,12.31,3,0.0,,,
1804,2.0920,-0.1137,0.1331,2.896,shell,1.000,9.90,1,1,1,0,13.80,3,2.4,49|48,1763,
1805,2.0920,-0.1103,0.1716,3.000,good,0.070,11.30,0,0,0,0,10.11,3,0.0,,,
1807,2.0960,-0.1142,-0.0492,3.006,good,0.000,2.62,0,0,0,0,11.24,3,0.0,,,
1809,2.0960,-0.1116,0.2366,3.022,good,0.001,1.77,0,0,0,0,10.03,3,0.0,,,
1810,2.0960,-0.1101,0.0089,3.003,good,0.000,4.10,0,0,0,0,9.96,3,0.0,,,
1812,2.0960,-0.1170,-0.0249,2.985,good,0.060,3.12,0,0,0,0,12.69,2,0.0,,,
1808,2.1000,-0.1157,-0.2045,1.921,good,0.001,3.24,0,0,0,0,52.29,4,0.0,,,
1811,2.1000,-0.1127,0.1834,2.591,good,0.003,8.63,0,0,0,0,22.09,3,0.0,,,
1816,2.1000,-0.1186,0.0927,2.997,good,0.000,2.21,0,0,0,0,12.94,2,0.0,,,
1813,2.1040,-0.1119,-0.0987,3.012,good,0.000,3.16,0,0,0,0,10.37,3,0.0,,,
1814,2.1040,-0.1116,-0.1408,2.987,good,0.000,4.64,0,0,0,0,10.85,3,0.0,,,
1815,2.1040,-0.1142,-0.1203,2.432,good,0.000,1.95,0,0,0,0,28.07,3,0.0,,,
1817,2.1080,-0.1260,0.1291,2.970,good,0.000,4.95,0,0,0,0,12.08,2,0.0,,,
1818,2.1080,-0.1116,0.1496,3.002,good,0.000,2.64,0,0,0,0,10.49,3,0.0,,,
1820,2.1080,-0.1182,-0.2047,2.842,good,0.003,2.62,0,0,0,0,16.81,2,0.0,,,
1827,2.1080,-0.1141,0.1324,3.000,good,0.000,4.95,0,0,0,0,11.36,1,0.0,,,
1819,2.1120,-0.1149,-0.1191,3.001,good,0.000,1.89,0,0,0,0,11.61,3,0.0,,,
1823,2.1120,-0.1186,0.0574,3.003,good,0.007,3.12,0,0,0,0,12.82,2,0.0,,,
1824,2.1120,-0.1185,0.0354,3.005,good,0.002,2.35,0,0,0,0,12.71,2,0.0,,,
1825,2.1120,-0.1155,0.1031,3.008,good,0.000,5.23,0,0,0,0,11.63,2,0.0,,,
1826,2.1120,-0.1169,0.1748,2.959,good,0.000,2.13,0,0,0,0,13.32,2,0.0,,,
1821,2.1160,-0.1118,-0.0723,2.658,faded,0.999,4.14,1,1,1,0,19.67,3,3.2,22,1808,
1822,2.1160,-0.1091,-0.0392,2.984,good,0.000,3.62,0,0,0,0,10.07,3,0.0,,,
1828,2.1160,-0.1198,0.0672,2.997,good,0.004,2.41,0,0,0,0,13.35,2,0.0,,,
1829,2.1240,-0.1137,0.0201,3.010,good,0.003,2.03,0,0,0,0,10.99,3,0.0,,,
1830,2.1240,-0.1098,0.0766,3.000,good,0.036,3.20,0,0,0,0,9.95,3,0.0,,,
1831,2.1240,-0.1092,0.1450,3.001,good,0.000,3.28,0,0,0,0,9.72,3,0.0,,,
1832,2.1240,-0.1109,0.0105,3.002,good,0.000,2.85,0,0,0,0,10.24,3,0.0,,,
1833,2.1280,-0.1358,0.0393,3.000,shell,1.000,25.17,1,1,1,0,10.61,1,2.4,37|36,,
1834,2.1280,-0.1088,-0.1420,3.000,good,0.000,2.84,0,0,0,0,9.61,3,0.0,,,
1835,2.1280,-0.1074,-0.0692,3.450,stick,0.995,22.60,1,1,1,0,0.11,2,2.4,23|22,,
1841,2.1280,-0.1190,0.0687,3.016,good,0.000,2.97,0,0,0,0,12.63,2,0.0,,,
1843,2.1280,-0.1188,-0.1078,2.694,good,0.001,2.01,0,0,0,0,21.21,2,0.0,,,
1844,2.1280,-0.1207,0.0338,3.000,shell,1.000,25.15,1,1,1,0,9.58,1,2.4,36,,
1850,2.1280,-0.1056,0.0283,3.000,shell,1.000,26.28,1,1,1,0,8.54,1,2.4,35,1877,
1836,2.1320,-0.1134,-0.2357,2.999,good,0.035,3.19,0,0,0,0,11.15,3,0.0,,,
1837,2.1320,-0.1132,0.1982,3.002,good,0.000,2.56,0,0,0,0,11.04,3,0.0,,,
1838,2.1320,-0.1100,0.1227,3.099,good,0.000,2.63,0,0,0,0,7.77,3,0.0,,,
1839,2.1320,-0.1101,0.1718,2.996,good,0.008,3.86,0,0,0,0,10.14,3,0.0,,,
1840,2.1320,-0.1093,0.0190,3.022,good,0.000,3.30,0,0,0,0,9.24,3,0.0,,,
1842,2.1320,-0.1082,-0.2081,2.977,black,1.000,47.97,1,1,1,0,9.92,3,3.2,5,1844,1844
1849,2.1320,-0.1163,-0.1654,3.054,good,0.017,3.71,0,0,0,0,10.82,2,0.0,,,
1845,2.1360,-0.1269,0.1964,3.104,good,0.063,3.28,0,0,0,0,9.10,2,0.0,,,
1846,2.1360,-0.1124,-0.0511,2.990,good,0.002,2.94,0,0,0,0,11.03,3,0.0,,,
1847,2.1360,-0.1090,-0.2110,3.000,black,1.000,52.25,1,1,1,0,9.66,3,3.2,4|5,1822,1822
1848,2.1360,-0.1083,0.1502,2.981,good,0.000,1.82,0,0,0,0,9.88,3,0.0,,,
1864,2.1360,-0.1144,0.2008,3.000,good,0.038,3.14,0,0,0,0,11.48,1,0.0,,,
1851,2.1400,-0.1149,-0.0930,3.001,sour,1.000,12.53,1,1,1,0,11.60,3,3.2,20|19,1831,1831
1852,2.1400,-0.1100,0.0643,3.004,good,0.483,3.09,0,0,0,0,9.92,3,0.0,,,
1853,2.1400,-0.1206,0.1184,3.013,good,0.000,2.22,0,0,0,0,9.22,2,0.0,,,
1854,2.1400,-0.1105,-0.0787,2.731,good,0.000,2.71,0,0,0,0,17.08,3,0.0,,,
1855,2.1400,-0.1201,0.1262,2.997,good,0.000,2.72,0,0,0,0,9.44,2,0.0,,,
1856,2.1400,-0.1080,-0.1453,2.994,good,0.001,2.79,0,0,0,0,9.49,3,0.0,,,
1863,2.1400,-0.1163,-0.1927,2.992,good,0.002,2.69,0,0,0,0,12.28,2,0.0,,,
1868,2.1400,-0.1083,0.1226,3.000,good,0.002,5.82,0,0,0,0,9.45,1,0.0,,,
1857,2.1440,-0.1159,-0.1837,3.037,good,0.005,2.72,0,0,0,0,11.08,3,0.0,,,
1858,2.1440,-0.1141,0.1751,2.811,good,0.000,2.65,0,0,0,0,16.18,3,0.0,,,
1859,2.1440,-0.1136,0.2256,2.747,good,0.000,3.18,0,0,0,0,17.73,3,0.0,,,
1860,2.1440,-0.1133,-0.1691,2.650,good,0.024,2.40,0,0,0,0,20.48,3,0.0,,,
1861,2.1440,-0.1094,-0.0450,2.998,good,0.009,3.12,0,0,0,0,9.83,3,0.0,,,
1862,2.1440,-0.1081,-0.0077,3.005,good,0.010,2.90,0,0,0,0,9.26,3,0.0,,,
1867,2.1440,-0.1170,-0.0277,2.938,good,0.002,3.10,0,0,0,0,13.87,2,0.0,,,
1865,2.1480,-0.1397,-0.1182,3.000,good,0.000,2.50,0,0,0,0,11.89,1,0.0,,,
1866,2.1480,-0.1096,-0.0831,3.258,good,0.046,3.02,0,0,0,0,4.34,3,0.0,,,
1870,2.1480,-0.1288,-0.1253,3.000,good,0.008,14.47,0,0,0,0,12.26,1,0.0,,,
1871,2.1480,-0.1185,-0.0080,3.173,good,0.029,4.77,0,0,0,0,8.85,2,0.0,,,
1872,2.1480,-0.1160,-0.1033,3.014,good,0.000,2.40,0,0,0,0,11.68,2,0.0,,,
1876,2.1480,-0.1147,-0.1216,3.000,good,0.007,8.64,0,0,0,0,11.56,1,0.0,,,
1869,2.1520,-0.1124,0.2359,3.043,good,0.011,4.27,0,0,0,0,9.80,3,0.0,,,
1875,2.1520,-0.1082,-0.1329,3.008,good,0.000,2.59,0,0,0,0,9.21,2,0.0,,,
1882,2.1520,-0.1058,-0.0126,3.000,good,0.032,4.46,0,0,0,0,8.59,1,0.0,,,
1873,2.1560,-0.1101,0.1918,3.224,good,0.000,2.22,0,0,0,0,5.17,3,0.0,,,
1874,2.1560,-0.1085,-0.1586,2.985,good,0.001,1.93,0,0,0,0,9.85,3,0.0,,,
1878,2.1560,-0.1196,0.0146,2.998,good,0.000,1.88,0,0,0,0,13.26,2,0.0,,,
1879,2.1560,-0.1181,-0.0862,2.981,good,0.000,2.29,0,0,0,0,13.15,2,0.0,,,
1880,2.1560,-0.1190,0.0476,3.064,good,0.000,2.57,0,0,0,0,11.45,2,0.0,,,
1881,2.1560,-0.1175,0.1405,2.988,good,0.000,2.83,0,0,0,0,12.79,2,0.0,,,
1877,2.1600,-0.1121,-0.1864,3.019,good,0.000,2.41,0,0,0,0,10.25,3,0.0,,,
1885,2.1600,-0.1161,0.1991,2.994,good,0.022,1.93,0,0,0,0,12.19,2,0.0,,,
1883,2.1640,-0.1104,-0.1366,2.998,insect,1.000,3.86,1,1,1,0,10.18,3,3.1,14,1863,1863
1884,2.1640,-0.1102,-0.1900,2.997,good,0.000,2.66,0,0,0,0,10.14,3,0.0,,,
1886,2.1680,-0.1093,0.0080,2.997,good,0.000,4.34,0,0,0,0,9.84,3,0.0,,,
1888,2.1680,-0.1164,-0.0354,3.136,good,0.002,2.37,0,0,0,0,9.00,2,0.0,,,
1887,2.1720,-0.1092,0.2177,3.005,insect,1.000,6.42,1,1,1,0,9.62,3,3.1,59|60,1856,1856
1893,2.1720,-0.1180,-0.1620,2.998,good,0.000,7.19,0,0,0,0,12.73,2,0.0,,,
1894,2.1720,-0.1185,0.0503,3.000,good,0.000,2.73,0,0,0,0,12.82,2,0.0,,,
1895,2.1720,-0.1177,0.1408,2.993,good,0.000,2.49,0,0,0,0,12.75,2,0.0,,,
1896,2.1720,-0.1167,-0.0322,3.019,good,0.000,2.31,0,0,0,0,11.77,2,0.0,,,
1897,2.1720,-0.1165,-0.1442,2.999,good,0.006,2.07,0,0,0,0,12.19,2,0.0,,,
1889,2.1760,-0.1166,-0.0126,3.000,good,0.000,3.49,0,0,0,0,12.18,3,0.0,,,
1890,2.1760,-0.1287,-0.0261,2.618,good,0.000,2.62,0,0,0,0,23.35,2,0.0,,,
1891,2.1760,-0.1100,-0.2056,2.992,husk,1.000,10.29,1,1,1,0,10.19,3,2.4,5,1870,
1892,2.1760,-0.1095,0.1624,2.991,good,0.001,6.87,0,0,0,0,10.04,3,0.0,,,
1900,2.1760,-0.1185,0.1442,2.995,good,0.000,2.28,0,0,0,0,12.95,2,0.0,,,
1903,2.1760,-0.1182,-0.0226,3.000,good,0.000,2.61,0,0,0,0,12.72,1,0.0,,,
1898,2.1800,-0.1134,-0.2331,3.002,good,0.003,3.80,0,0,0,0,11.08,3,0.0,,,
1899,2.1800,-0.1134,0.2343,2.937,good,0.025,2.35,0,0,0,0,12.65,3,0.0,,,
1907,2.1800,-0.1062,-0.0168,3.000,good,0.002,8.38,0,0,0,0,8.74,1,0.0,,,
1901,2.1840,-0.1126,-0.0628,3.119,good,0.000,2.88,0,0,0,0,8.16,3,0.0,,,
1902,2.1840,-0.1127,0.0062,2.996,good,0.002,2.52,0,0,0,0,11.01,3,0.0,,,
1906,2.1840,-0.1147,0.0985,2.993,broken,0.987,4.18,1,1,1,0,11.74,2,2.4,44,1872,1872
1912,2.1840,-0.1099,-0.2099,3.000,good,0.000,2.04,0,0,0,0,9.98,1,0.0,,,
1904,2.1880,-0.1152,-0.1266,3.010,good,0.000,1.91,0,0,0,0,11.49,3,0.0,,,
1905,2.1880,-0.1102,-0.2086,2.520,good,0.009,15.69,0,0,0,0,23.41,3,0.0,,,
1911,2.1880,-0.1159,0.0059,3.101,faded,0.851,3.08,1,1,1,0,9.64,2,3.2,32,1878,1878
1908,2.1920,-0.1131,-0.0019,3.013,good,0.001,2.07,0,0,0,0,10.73,3,0.0,,,
1909,2.1920,-0.1115,-0.1393,2.999,insect,1.000,4.29,1,1,1,0,10.53,3,3.1,14|13,1876,1876
1910,2.1920,-0.1106,-0.0395,3.004,good,0.001,3.15,0,0,0,0,10.11,3,0.0,,,
1917,2.1920,-0.1191,0.1441,3.000,sour,1.000,22.28,1,1,1,0,13.04,2,3.2,50,1894,1894
1913,2.1960,-0.1145,-0.0698,3.003,good,0.015,5.61,0,0,0,0,11.43,3,0.0,,,
1914,2.1960,-0.1103,-0.2206,3.014,good,0.000,2.92,0,0,0,0,9.75,3,0.0,,,
1915,2.1960,-0.1089,0.0917,2.995,good,0.000,3.45,0,0,0,0,9.74,3,0.0,,,
1916,2.1960,-0.1090,0.2185,2.947,good,0.000,2.02,0,0,0,0,10.94,3,0.0,,,
1919,2.1960,-0.1187,-0.2356,2.988,good,0.087,10.55,0,0,0,0,13.19,2,0.0,,,
1918,2.2000,-0.1162,-0.1757,2.850,good,0.015,4.33,0,0,0,0,15.86,3,0.0,,,
1920,2.2000,-0.1100,0.1629,3.039,husk,1.000,11.17,1,1,1,0,9.10,3,2.4,52|53,1889,1889
1921,2.2000,-0.1096,-0.0933,3.004,good,0.000,1.51,0,0,0,0,9.78,3,0.0,,,
1926,2.2000,-0.1168,0.2031,3.441,good,0.002,2.02,0,0,0,0,2.99,2,0.0,,,
1922,2.2040,-0.1126,0.2372,3.000,sour,1.000,11.83,1,1,1,0,10.85,3,3.2,62,1902,1902
1923,2.2040,-0.1115,0.0752,2.996,good,0.000,2.63,0,0,0,0,10.59,3,0.0,,,
1924,2.2040,-0.1109,-0.0253,2.987,good,0.000,1.95,0,0,0,0,10.61,3,0.0,,,
1925,2.2040,-0.1115,0.1675,2.942,good,0.001,2.56,0,0,0,0,11.87,3,0.0,,,
1929,2.2040,-0.1198,-0.0643,3.406,good,0.007,3.78,0,0,0,0,4.55,2,0.0,,,
1930,2.2040,-0.1174,0.1109,2.999,good,0.000,4.86,0,0,0,0,12.50,2,0.0,,,
1927,2.2080,-0.1095,-0.1886,2.996,good,0.032,2.98,0,0,0,0,9.92,3,0.0,,,
1928,2.2080,-0.1093,-0.1704,3.009,good,0.000,2.61,0,0,0,0,9.55,3,0.0,,,
1931,2.2120,-0.1138,0.2302,3.001,good,0.000,6.40,0,0,0,0,11.25,3,0.0,,,
1932,2.2120,-0.1075,0.0038,3.195,good,0.002,3.38,0,0,0,0,4.95,3,0.0,,,
1937,2.2120,-0.1191,-0.0893,2.817,broken,1.000,6.36,1,1,1,0,17.75,2,2.4,20,1915,
1938,2.2120,-0.1183,0.1996,2.961,good,0.001,2.15,0,0,0,0,13.75,2,0.0,,,
1939,2.2120,-0.1166,0.2103,3.112,good,0.013,3.49,0,0,0,0,9.60,2,0.0,,,
1933,2.2160,-0.1138,0.1510,3.001,good,0.000,1.32,0,0,0,0,11.25,3,0.0,,,
1934,2.2160,-0.1117,-0.2146,3.025,good,0.001,2.57,0,0,0,0,9.98,3,0.0,,,
1935,2.2160,-0.1111,0.0516,3.002,good,0.000,3.02,0,0,0,0,10.31,3,0.0,,,
1936,2.2160,-0.1086,-0.1440,3.001,black,1.000,55.79,1,1,1,0,9.52,3,3.2,13,1912,1912
1948,2.2160,-0.1042,0.2133,3.000,good,0.014,3.52,0,0,0,0,8.06,1,0.0,,,
1940,2.2200,-0.1097,-0.2376,2.983,good,0.000,2.88,0,0,0,0,10.32,3,0.0,,,
1941,2.2200,-0.1102,-0.1062,2.993,good,0.000,4.67,0,0,0,0,10.25,3,0.0,,,
1944,2.2200,-0.1191,0.0256,2.879,faded,1.000,5.37,1,1,1,0,16.11,2,3.2,35,1904,
1945,2.2200,-0.1180,-0.2075,3.002,good,0.000,2.06,0,0,0,0,12.62,2,0.0,,,
1946,2.2200,-0.1178,0.2319,2.987,good,0.000,3.69,0,0,0,0,12.90,2,0.0,,,
1947,2.2200,-0.1143,0.0031,3.450,good,0.004,2.45,0,0,0,0,2.11,2,0.0,,,
1942,2.2240,-0.1116,0.1371,2.826,good,0.147,6.03,0,0,0,0,14.90,3,0.0,,,
1943,2.2240,-0.1080,0.1068,3.030,good,0.000,1.79,0,0,0,0,8.63,3,0.0,,,
1949,2.2240,-0.1192,-0.0286,2.980,sour,1.000,17.75,1,1,1,0,13.54,2,3.2,28,1940,1940
1954,2.2280,-0.1190,-0.1885,2.952,sour,1.000,15.19,1,1,1,0,14.17,2,3.2,7|8,1930,1930
1955,2.2280,-0.1193,-0.0921,3.000,good,0.000,2.90,0,0,0,0,13.09,2,0.0,,,
1950,2.2320,-0.1135,0.0887,2.989,good,0.011,2.56,0,0,0,0,11.43,3,0.0,,,
1951,2.2320,-0.1148,0.1436,2.783,good,0.000,2.28,0,0,0,0,17.18,3,0.0,,,
1952,2.2320,-0.1252,-0.1605,2.527,good,0.007,2.47,0,0,0,0,25.11,2,0.0,,,
1953,2.2320,-0.1096,0.1914,3.003,good,0.000,3.41,0,0,0,0,9.80,3,0.0,,,
1960,2.2320,-0.1190,0.1122,3.014,good,0.000,2.15,0,0,0,0,12.67,2,0.0,,,
1961,2.2320,-0.1167,-0.2167,3.002,insect,1.000,2.90,1,1,1,0,12.19,2,3.1,4,1932,1932
1965,2.2320,-0.1176,-0.1564,3.000,good,0.000,8.12,0,0,0,0,12.54,1,0.0,,,
1956,2.2360,-0.1120,0.1494,2.997,good,0.000,3.88,0,0,0,0,10.74,3,0.0,,,
1957,2.2360,-0.1122,0.0443,2.618,good,0.000,2.98,0,0,0,0,21.06,3,0.0,,,
1958,2.2360,-0.1324,-0.1526,3.000,good,0.001,2.69,0,0,0,0,9.48,1,0.0,,,
1959,2.2360,-0.1093,0.1945,2.994,good,0.000,3.82,0,0,0,0,9.91,3,0.0,,,
1964,2.2360,-0.1154,0.0212,3.062,good,0.016,4.42,0,0,0,0,10.35,2,0.0,,,
1962,2.2400,-0.1152,0.0184,2.884,sour,1.000,19.30,1,1,1,0,14.61,3,3.2,34,1946,1946
1963,2.2400,-0.1102,-0.0725,3.000,good,0.196,3.95,0,0,0,0,10.06,3,0.0,,,
1966,2.2440,-0.1137,-0.1844,3.019,good,0.001,1.88,0,0,0,0,10.77,3,0.0,,,
1967,2.2440,-0.1116,0.1776,3.005,good,0.001,1.84,0,0,0,0,10.43,3,0.0,,,
1968,2.2440,-0.1159,0.2088,2.519,good,0.001,2.72,0,0,0,0,25.72,3,0.0,,,
1969,2.2440,-0.1086,0.2012,2.991,good,0.009,2.62,0,0,0,0,9.75,3,0.0,,,
1970,2.2440,-0.1082,-0.0187,3.063,good,0.002,2.52,0,0,0,0,7.97,3,0.0,,,
1972,2.2440,-0.1161,-0.1944,3.160,good,0.004,2.67,0,0,0,0,8.37,2,0.0,,,
1971,2.2480,-0.1139,-0.1267,3.005,good,0.002,3.52,0,0,0,0,11.17,3,0.0,,,
1975,2.2480,-0.1183,-0.0250,3.008,good,0.000,2.27,0,0,0,0,12.56,2,0.0,,,
1976,2.2480,-0.1180,0.1412,2.961,good,0.000,1.73,0,0,0,0,13.64,2,0.0,,,
1973,2.2520,-0.1238,0.1675,2.790,good,0.001,2.97,0,0,0,0,16.19,2,0.0,,,
1974,2.2520,-0.1108,-0.0871,2.988,good,0.005,6.10,0,0,0,0,10.57,3,0.0,,,
1978,2.2520,-0.1181,0.1821,3.018,good,0.000,3.39,0,0,0,0,12.26,2,0.0,,,
1982,2.2520,-0.1126,0.1628,3.000,good,0.000,3.07,0,0,0,0,10.88,1,0.0,,,
1983,2.2520,-0.1062,0.1378,3.000,good,0.000,1.72,0,0,0,0,8.73,1,0.0,,,
1977,2.2560,-0.1126,0.2351,2.999,good,0.001,2.33,0,0,0,0,10.89,3,0.0,,,
1981,2.2560,-0.1173,-0.0847,2.974,good,0.001,2.00,0,0,0,0,13.08,2,0.0,,,
1979,2.2600,-0.1387,0.1306,3.000,good,0.000,2.41,0,0,0,0,11.58,1,0.0,,,
1980,2.2600,-0.1351,0.1395,3.000,good,0.000,1.87,0,0,0,0,10.38,1,0.0,,,
1985,2.2600,-0.1175,0.1159,2.956,good,0.000,3.13,0,0,0,0,13.56,2,0.0,,,
1986,2.2600,-0.1129,0.1349,3.006,good,0.000,10.17,0,0,0,0,10.83,2,0.0,,,
1984,2.2640,-0.1107,0.1748,2.991,good,0.006,1.91,0,0,0,0,10.44,3,0.0,,,
1991,2.2640,-0.1189,0.0822,3.171,good,0.001,2.87,0,0,0,0,9.05,2,0.0,,,
1992,2.2640,-0.1166,0.0898,3.117,good,0.000,2.96,0,0,0,0,9.48,2,0.0,,,
1987,2.2680,-0.1146,0.0905,3.048,good,0.000,2.11,0,0,0,0,10.39,3,0.0,,,
1988,2.2680,-0.1132,-0.2270,2.999,good,0.000,2.38,0,0,0,0,11.09,3,0.0,,,
1989,2.2680,-0.1081,0.1220,3.302,good,0.000,3.04,0,0,0,0,3.03,3,0.0,,,
1990,2.2680,-0.1100,0.2237,3.005,good,0.000,5.75,0,0,0,0,9.89,3,0.0,,,
1994,2.2680,-0.1165,-0.1851,3.001,good,0.000,2.60,0,0,0,0,12.13,2,0.0,,,
1995,2.2680,-0.1171,0.0373,2.998,black,1.000,50.22,1,1,1,0,12.43,2,3.2,36,1980,1980
1993,2.2720,-0.1137,0.1674,2.978,good,0.000,2.73,0,0,0,0,11.77,3,0.0,,,
1997,2.2720,-0.1190,0.1257,3.174,good,0.000,3.22,0,0,0,0,8.99,2,0.0,,,
1998,2.2720,-0.1170,-0.1585,3.003,insect,1.000,9.89,1,1,1,0,12.25,2,3.1,11,1976,1976
1996,2.2760,-0.1187,-0.1230,2.604,good,0.000,1.90,0,0,0,0,23.97,3,0.0,,,
2003,2.2760,-0.1145,0.1943,3.248,good,0.002,3.48,0,0,0,0,6.04,2,0.0,,,
1999,2.2800,-0.1141,-0.1057,2.915,good,0.000,3.94,0,0,0,0,13.44,3,0.0,,,
2000,2.2800,-0.1149,-0.0310,2.977,good,0.102,3.05,0,0,0,0,12.19,3,0.0,,,
2001,2.2800,-0.1111,-0.1967,2.903,good,0.000,2.28,0,0,0,0,12.73,3,0.0,,,
2002,2.2800,-0.1097,-0.0430,3.012,good,0.000,2.87,0,0,0,0,9.63,3,0.0,,,
2004,2.2840,-0.1115,0.1103,2.829,good,0.000,2.72,0,0,0,0,14.76,3,0.0,,,
2005,2.2840,-0.1086,-0.0798,3.000,good,0.000,1.89,0,0,0,0,9.53,3,0.0,,,
2006,2.2840,-0.1106,-0.0628,2.990,good,0.000,3.57,0,0,0,0,10.43,3,0.0,,,
2007,2.2840,-0.1078,0.1298,3.169,good,0.000,2.28,0,0,0,0,5.59,3,0.0,,,
2008,2.2880,-0.1147,0.1032,3.023,good,0.000,2.87,0,0,0,0,11.02,3,0.0,,,
2009,2.2880,-0.1153,-0.0905,2.996,good,0.000,1.52,0,0,0,0,11.88,3,0.0,,,
2010,2.2880,-0.1084,-0.0064,3.023,good,0.003,2.24,0,0,0,0,8.92,3,0.0,,,
2013,2.2880,-0.1178,0.1154,2.994,good,0.004,3.87,0,0,0,0,12.75,2,0.0,,,
2011,2.2920,-0.1104,0.0720,3.003,good,0.001,2.39,0,0,0,0,10.07,3,0.0,,,
2012,2.2920,-0.1083,-0.1757,2.996,good,0.000,2.74,0,0,0,0,9.53,3,0.0,,,
2018,2.2920,-0.1190,0.1172,3.049,good,0.000,3.08,0,0,0,0,11.83,2,0.0,,,
2014,2.2960,-0.1145,0.1897,2.988,good,0.010,1.90,0,0,0,0,11.77,3,0.0,,,
2015,2.2960,-0.1240,-0.1635,2.786,good,0.042,3.30,0,0,0,0,16.40,2,0.0,,,
2016,2.2960,-0.1088,-0.1740,2.995,good,0.001,2.26,0,0,0,0,9.71,3,0.0,,,
2017,2.2960,-0.1086,-0.2195,2.986,good,0.000,2.30,0,0,0,0,9.85,3,0.0,,,
2023,2.2960,-0.1188,0.0890,2.974,good,0.002,3.20,0,0,0,0,13.57,2,0.0,,,
2024,2.2960,-0.1167,0.0264,3.004,black,1.000,50.30,1,1,1,0,12.14,2,3.2,35,1989,1989
2025,2.2960,-0.1161,-0.1825,3.051,good,0.000,1.90,0,0,0,0,10.84,2,0.0,,,
2026,2.2960,-0.1166,0.0661,3.001,good,0.010,3.03,0,0,0,0,12.17,2,0.0,,,
2032,2.2960,-0.1128,-0.1601,3.000,good,0.005,3.28,0,0,0,0,10.95,1,0.0,,,
2019,2.3000,-0.1131,0.0059,3.006,good,0.041,5.72,0,0,0,0,10.87,3,0.0,,,
2020,2.3000,-0.1121,0.1029,3.000,good,0.000,2.59,0,0,0,0,10.69,3,0.0,,,
2021,2.3000,-0.1130,0.1182,3.001,good,0.000,2.06,0,0,0,0,10.96,3,0.0,,,
2022,2.3000,-0.1098,-0.1236,2.927,faded,0.986,4.09,1,1,1,0,11.69,3,3.2,16|15,2001,
2030,2.3000,-0.1192,0.1859,3.009,good,0.000,2.71,0,0,0,0,12.85,2,0.0,,,
2031,2.3000,-0.1163,0.0273,3.403,good,0.000,1.84,0,0,0,0,3.55,2,0.0,,,
2027,2.3040,-0.1107,0.0709,2.992,good,0.000,2.04,0,0,0,0,10.42,3,0.0,,,
2028,2.3040,-0.1154,0.0163,2.484,good,0.080,2.88,0,0,0,0,26.71,3,0.0,,,
2029,2.3040,-0.1082,-0.1763,3.074,good,0.000,2.65,0,0,0,0,7.73,3,0.0,,,
2033,2.3080,-0.1130,0.1291,2.981,good,0.000,1.94,0,0,0,0,11.45,3,0.0,,,
2034,2.3080,-0.1110,-0.1485,3.116,good,0.000,2.72,0,0,0,0,7.71,3,0.0,,,
2035,2.3080,-0.1106,-0.0940,3.000,good,0.002,2.32,0,0,0,0,10.20,3,0.0,,,
2037,2.3080,-0.1193,-0.0469,3.001,faded,0.926,4.27,1,1,1,0,13.09,2,3.2,25|26,2023,2023
2038,2.3080,-0.1120,0.0224,3.001,good,0.001,2.26,0,0,0,0,10.64,2,0.0,,,
2036,2.3120,-0.1118,0.0293,2.588,husk,1.000,12.24,1,1,1,0,21.86,3,2.4,35,1982,
2041,2.3120,-0.1148,-0.0281,2.998,sour,1.000,18.75,1,1,1,0,11.65,2,3.2,28,2018,2018
2039,2.3160,-0.1090,-0.0893,3.005,good,0.002,2.38,0,0,0,0,9.53,3,0.0,,,
2040,2.3160,-0.1086,0.1919,3.009,good,0.005,4.96,0,0,0,0,9.34,3,0.0,,,
2042,2.3200,-0.1107,-0.1772,3.007,good,0.027,3.92,0,0,0,0,10.07,3,0.0,,,
2050,2.3200,-0.1193,-0.1143,3.035,good,0.005,4.22,0,0,0,0,12.25,2,0.0,,,
2051,2.3200,-0.1173,-0.0834,2.977,good,0.049,5.40,0,0,0,0,12.99,2,0.0,,,
2052,2.3200,-0.1154,-0.1266,3.015,sour,1.000,20.93,1,1,1,0,11.44,2,3.2,15,2029,
2043,2.3240,-0.1154,-0.1410,2.992,good,0.000,2.55,0,0,0,0,12.01,3,0.0,,,
2044,2.3240,-0.1127,0.0882,3.015,black,1.000,44.62,1,1,1,0,10.56,3,3.2,43,2041,2041
2045,2.3240,-0.1140,0.0996,3.011,good,0.000,4.80,0,0,0,0,11.10,3,0.0,,,
2046,2.3240,-0.1078,0.1398,3.450,good,0.000,3.10,0,0,0,0,0.23,3,0.0,,,
2047,2.3240,-0.1125,0.1902,2.967,good,0.000,1.86,0,0,0,0,11.64,3,0.0,,,
2048,2.3240,-0.1361,-0.0396,3.000,good,0.006,3.88,0,0,0,0,10.71,1,0.0,,,
2049,2.3240,-0.1120,0.2156,3.024,good,0.002,3.08,0,0,0,0,10.11,3,0.0,,,
2054,2.3240,-0.1195,0.1146,3.001,good,0.000,3.18,0,0,0,0,13.13,2,0.0,,,
2055,2.3240,-0.1179,0.0360,3.000,black,1.000,47.51,1,1,1,0,12.61,2,3.2,36,2031,
2056,2.3240,-0.1226,-0.0360,3.000,broken,0.999,3.93,1,1,1,0,10.20,1,2.4,27,,
2059,2.3240,-0.1091,-0.0324,3.000,broken,0.967,4.12,1,1,1,0,9.70,1,2.4,27|28,2048,
2053,2.3280,-0.1127,0.0867,2.999,good,0.009,2.58,0,0,0,0,10.94,3,0.0,,,
2058,2.3280,-0.1189,0.1298,3.071,good,0.000,2.39,0,0,0,0,11.30,2,0.0,,,
2057,2.3320,-0.1122,0.1740,3.003,good,0.000,4.23,0,0,0,0,10.65,3,0.0,,,
2062,2.3320,-0.1135,0.0240,3.450,good,0.007,2.81,0,0,0,0,1.88,2,0.0,,,
2060,2.3360,-0.1150,-0.0259,3.005,faded,1.000,6.00,1,1,1,0,11.55,3,3.2,28,2038,2038
2061,2.3360,-0.1093,0.0369,3.000,good,0.001,2.29,0,0,0,0,9.78,3,0.0,,,
2067,2.3360,-0.1200,0.1389,2.937,good,0.000,2.92,0,0,0,0,14.90,2,0.0,,,
2063,2.3400,-0.1170,0.1467,2.874,good,0.000,2.53,0,0,0,0,15.51,3,0.0,,,
2064,2.3400,-0.1142,-0.0751,2.963,good,0.000,4.07,0,0,0,0,12.29,3,0.0,,,
2065,2.3400,-0.1157,-0.0237,3.009,black,1.000,50.37,1,1,1,0,11.68,3,3.2,28|29,2028,2028
2066,2.3400,-0.1073,-0.1710,3.348,good,0.000,3.90,0,0,0,0,1.93,3,0.0,,,
2068,2.3400,-0.1211,-0.0667,2.732,faded,0.842,3.40,1,1,1,0,16.91,2,3.2,23,,
2077,2.3400,-0.1101,-0.0632,3.000,faded,0.984,3.40,1,1,1,0,10.04,1,3.2,23|24,2032,
2069,2.3440,-0.1146,-0.0931,2.999,good,0.000,2.27,0,0,0,0,11.56,3,0.0,,,
2070,2.3440,-0.1186,-0.0824,2.532,good,0.001,5.81,0,0,0,0,26.32,3,0.0,,,
2071,2.3440,-0.1082,-0.1370,2.994,good,0.000,2.34,0,0,0,0,9.56,3,0.0,,,
2074,2.3440,-0.1166,0.1344,3.037,good,0.000,6.57,0,0,0,0,11.30,2,0.0,,,
2075,2.3440,-0.1175,-0.0299,3.019,insect,1.000,4.23,1,1,1,0,12.02,2,3.1,28|27,2060,2060
2076,2.3440,-0.1144,0.0740,3.352,good,0.000,2.74,0,0,0,0,3.96,2,0.0,,,
2072,2.3480,-0.1107,-0.2025,3.004,good,0.001,3.88,0,0,0,0,10.14,3,0.0,,,
2073,2.3480,-0.1091,-0.1918,2.993,good,0.000,4.49,0,0,0,0,9.88,3,0.0,,,
2079,2.3480,-0.1193,-0.0411,2.993,good,0.001,3.20,0,0,0,0,13.29,2,0.0,,,
2080,2.3480,-0.1195,-0.0049,2.988,faded,0.997,4.01,1,1,1,0,13.46,2,3.2,31,2035,
2081,2.3480,-0.1170,0.1201,2.962,good,0.000,2.00,0,0,0,0,13.24,2,0.0,,,
2078,2.3520,-0.1103,-0.0871,3.004,good,0.000,2.28,0,0,0,0,10.01,3,0.0,,,
2082,2.3560,-0.1123,0.0732,3.050,good,0.001,2.47,0,0,0,0,9.58,3,0.0,,,
2084,2.3560,-0.1194,0.1651,2.997,black,1.000,52.11,1,1,1,0,13.22,2,3.2,53|52,2063,2063
2085,2.3560,-0.1161,0.0134,3.277,good,0.002,2.39,0,0,0,0,5.96,2,0.0,,,
2083,2.3600,-0.1130,0.1529,2.999,good,0.001,2.75,0,0,0,0,11.02,3,0.0,,,
2090,2.3600,-0.1196,-0.1555,2.723,black,1.000,48.51,1,1,1,0,20.65,2,3.2,12|11,2053,
2092,2.3600,-0.1172,0.0058,3.002,good,0.000,3.61,0,0,0,0,12.34,2,0.0,,,
2093,2.3600,-0.1171,0.0645,2.822,good,0.007,5.46,0,0,0,0,16.93,2,0.0,,,
2094,2.3600,-0.1158,-0.1185,3.061,good,0.000,1.41,0,0,0,0,10.48,2,0.0,,,
2086,2.3640,-0.1127,-0.0392,2.997,good,0.070,3.24,0,0,0,0,10.97,3,0.0,,,
2087,2.3640,-0.1228,0.2151,3.215,good,0.000,1.96,0,0,0,0,5.32,2,0.0,,,
2088,2.3640,-0.1114,0.2012,2.952,good,0.001,2.75,0,0,0,0,11.60,3,0.0,,,
2089,2.3640,-0.1095,0.0315,2.998,good,0.000,2.50,0,0,0,0,9.88,3,0.0,,,
2091,2.3640,-0.1122,-0.1810,2.352,faded,0.947,3.54,1,1,1,0,30.20,3,3.2,8|9,2069,
2097,2.3640,-0.1160,0.1680,3.007,insect,1.000,7.82,1,1,1,0,11.84,2,3.1,53,2073,2073
2101,2.3640,-0.1100,0.2118,3.000,good,0.000,1.95,0,0,0,0,10.01,1,0.0,,,
2095,2.3680,-0.1153,0.1417,3.002,good,0.000,1.97,0,0,0,0,11.72,3,0.0,,,
2096,2.3680,-0.1114,0.1195,3.364,good,0.000,2.21,0,0,0,0,2.83,3,0.0,,,
2100,2.3680,-0.1196,0.1275,2.992,good,0.000,1.34,0,0,0,0,13.40,2,0.0,,,
2098,2.3720,-0.1085,0.1015,3.211,good,0.000,2.90,0,0,0,0,4.95,3,0.0,,,
2099,2.3720,-0.1087,-0.1480,2.984,good,0.000,2.83,0,0,0,0,9.93,3,0.0,,,
2104,2.3720,-0.1162,-0.1192,3.341,good,0.002,2.14,0,0,0,0,4.71,2,0.0,,,
2102,2.3760,-0.1131,-0.1790,3.007,good,0.000,2.17,0,0,0,0,10.85,3,0.0,,,
2103,2.3760,-0.1100,0.1090,3.169,good,0.005,6.00,0,0,0,0,6.28,3,0.0,,,
2109,2.3760,-0.1186,-0.0236,2.998,good,0.000,2.08,0,0,0,0,12.90,2,0.0,,,
2105,2.3800,-0.1143,0.1727,2.990,good,0.000,2.33,0,0,0,0,11.68,3,0.0,,,
2106,2.3800,-0.1092,-0.2028,2.998,good,0.000,2.65,0,0,0,0,9.78,3,0.0,,,
2107,2.3800,-0.1090,-0.0086,3.017,good,0.005,2.30,0,0,0,0,9.28,3,0.0,,,
2108,2.3800,-0.1234,-0.0563,2.201,good,0.000,4.49,0,0,0,0,37.48,2,0.0,,,
2112,2.3800,-0.1166,-0.0966,2.989,good,0.000,1.73,0,0,0,0,12.47,2,0.0,,,
2114,2.3800,-0.1145,-0.0597,3.000,good,0.001,4.53,0,0,0,0,11.51,1,0.0,,,
2110,2.3840,-0.1156,0.0320,3.018,black,1.000,46.89,1,1,1,0,11.43,3,3.2,36|35,2071,2071
2111,2.3840,-0.1144,-0.2255,3.052,broken,0.995,2.01,1,1,1,0,10.26,3,2.4,3|2,2074,2074
2113,2.3880,-0.1129,-0.2281,2.840,good,0.037,4.65,0,0,0,0,14.95,3,0.0,,,
2115,2.3920,-0.1130,-0.0531,3.244,good,0.000,2.54,0,0,0,0,5.64,3,0.0,,,
2116,2.3920,-0.1139,-0.0862,3.026,good,0.000,2.27,0,0,0,0,10.67,3,0.0,,,
2117,2.3920,-0.1147,0.0692,2.993,good,0.000,2.05,0,0,0,0,11.74,3,0.0,,,
2118,2.3920,-0.1238,-0.0627,3.299,good,0.000,3.17,0,0,0,0,3.84,2,0.0,,,
2121,2.3920,-0.1161,-0.0397,2.990,good,0.000,2.01,0,0,0,0,12.26,2,0.0,,,
2123,2.3920,-0.1106,-0.0658,3.000,good,0.000,3.10,0,0,0,0,10.20,1,0.0,,,
2119,2.3960,-0.1130,-0.1860,3.007,good,0.000,1.61,0,0,0,0,10.81,3,0.0,,,
2120,2.3960,-0.1134,-0.0996,3.009,good,0.000,2.26,0,0,0,0,10.92,3,0.0,,,
2122,2.4000,-0.1123,0.1846,3.005,faded,0.539,6.26,1,1,1,0,10.66,3,3.2,55,2091,2091
2126,2.4000,-0.1198,0.2055,3.075,good,0.000,1.85,0,0,0,0,11.46,2,0.0,,,
2124,2.4040,-0.1097,-0.1767,2.999,good,0.000,2.39,0,0,0,0,9.90,3,0.0,,,
2125,2.4040,-0.1086,-0.0598,3.085,good,0.027,3.31,0,0,0,0,7.62,3,0.0,,,
2133,2.4040,-0.1175,0.0581,2.985,good,0.000,1.71,0,0,0,0,12.86,2,0.0,,,
2127,2.4080,-0.1156,0.2106,3.000,good,0.000,3.29,0,0,0,0,11.86,3,0.0,,,
2128,2.4080,-0.1133,-0.0433,3.147,good,0.000,2.16,0,0,0,0,7.79,3,0.0,,,
2129,2.4080,-0.1119,-0.1514,2.995,good,0.000,2.22,0,0,0,0,10.75,3,0.0,,,
2130,2.4080,-0.1112,-0.0284,2.873,good,0.003,5.85,0,0,0,0,13.49,3,0.0,,,
2131,2.4080,-0.1332,0.2405,3.000,good,0.001,2.96,0,0,0,0,9.72,1,0.0,,,
2132,2.4080,-0.1087,0.0013,3.006,good,0.003,3.68,0,0,0,0,9.42,3,0.0,,,
2136,2.4080,-0.1147,-0.0961,3.073,good,0.000,4.74,0,0,0,0,9.88,2,0.0,,,
2137,2.4080,-0.1253,0.2381,3.000,good,0.000,2.89,0,0,0,0,11.09,1,0.0,,,
2141,2.4080,-0.1174,0.2358,3.000,good,0.000,2.82,0,0,0,0,12.48,1,0.0,,,
2134,2.4120,-0.1093,-0.1599,3.036,insect,1.000,6.17,1,1,1,0,8.94,3,3.1,11,2121,2121
2135,2.4120,-0.1112,-0.1269,2.672,faded,0.999,4.78,1,1,1,0,19.03,3,3.2,15,2098,
2138,2.4120,-0.1200,-0.1390,3.002,good,0.000,2.86,0,0,0,0,13.27,2,0.0,,,
2140,2.4120,-0.1173,-0.1087,2.935,good,0.000,3.02,0,0,0,0,14.03,2,0.0,,,
2146,2.4120,-0.1095,0.2335,3.000,good,0.000,2.90,0,0,0,0,9.85,1,0.0,,,
2139,2.4160,-0.1096,0.1349,2.990,good,0.000,2.01,0,0,0,0,10.12,3,0.0,,,
2145,2.4160,-0.1171,-0.1520,3.012,good,0.000,4.56,0,0,0,0,12.08,2,0.0,,,
2142,2.4200,-0.1107,-0.1794,3.204,good,0.000,2.50,0,0,0,0,5.75,3,0.0,,,
2143,2.4200,-0.1111,0.1890,2.939,good,0.073,4.74,0,0,0,0,11.84,3,0.0,,,
2144,2.4200,-0.1205,-0.0835,3.061,good,0.002,3.59,0,0,0,0,8.04,2,0.0,,,
2154,2.4200,-0.1082,-0.0802,3.000,good,0.002,3.49,0,0,0,0,9.41,1,0.0,,,
2147,2.4240,-0.1162,0.1149,2.845,good,0.000,1.98,0,0,0,0,16.00,3,0.0,,,
2148,2.4240,-0.1138,-0.2185,2.997,good,0.000,3.45,0,0,0,0,11.34,3,0.0,,,
2149,2.4240,-0.1103,0.0934,3.116,good,0.000,2.22,0,0,0,0,7.50,3,0.0,,,
2152,2.4240,-0.1183,0.1549,3.077,good,0.000,3.19,0,0,0,0,10.92,2,0.0,,,
2153,2.4240,-0.1198,0.0286,3.006,good,0.000,1.76,0,0,0,0,13.11,2,0.0,,,
2150,2.4280,-0.1160,0.0212,2.899,faded,0.617,4.30,1,1,1,0,14.52,3,3.2,34,2137,
2151,2.4280,-0.1146,0.1021,2.257,good,0.000,3.39,0,0,0,0,35.06,3,0.0,,,
2155,2.4320,-0.1119,0.1206,3.038,good,0.000,2.50,0,0,0,0,9.74,3,0.0,,,
2156,2.4320,-0.1115,0.1378,3.002,good,0.000,2.26,0,0,0,0,10.46,3,0.0,,,
2157,2.4320,-0.1089,0.1671,3.000,good,0.000,2.68,0,0,0,0,9.63,3,0.0,,,
2160,2.4320,-0.1172,0.0638,3.011,good,0.000,3.09,0,0,0,0,12.12,2,0.0,,,
2158,2.4360,-0.1143,0.1826,3.028,good,0.000,7.03,0,0,0,0,10.75,3,0.0,,,
2159,2.4360,-0.1088,0.0785,2.998,broken,0.890,3.30,1,1,1,0,9.65,3,2.4,42|41,2139,2139
2163,2.4360,-0.1188,0.2364,2.967,good,0.000,6.34,0,0,0,0,13.75,2,0.0,,,
2164,2.4360,-0.1192,-0.1566,2.946,good,0.000,1.76,0,0,0,0,14.43,2,0.0,,,
2161,2.4400,-0.1094,-0.0828,3.445,good,0.001,3.23,0,0,0,0,0.77,3,0.0,,,
2162,2.4400,-0.1108,-0.0934,3.070,good,0.048,3.14,0,0,0,0,8.68,3,0.0,,,
2167,2.4400,-0.1200,-0.2071,3.002,faded,0.909,3.79,1,1,1,0,13.27,2,3.2,5,2123,2123
2169,2.4400,-0.1157,0.0990,3.080,good,0.000,2.37,0,0,0,0,10.03,2,0.0,,,
2170,2.4400,-0.1165,0.1121,2.975,good,0.000,3.67,0,0,0,0,12.77,2,0.0,,,
2165,2.4440,-0.1109,0.1324,3.002,good,0.000,2.71,0,0,0,0,10.26,3,0.0,,,
2166,2.4440,-0.1104,-0.0625,2.993,good,0.000,2.93,0,0,0,0,10.30,3,0.0,,,
2168,2.4440,-0.1082,-0.0935,2.998,good,0.000,2.96,0,0,0,0,9.45,3,0.0,,,
2173,2.4440,-0.1193,0.1873,2.989,good,0.000,1.76,0,0,0,0,13.36,2,0.0,,,
2174,2.4440,-0.1171,-0.0932,2.959,faded,0.980,3.92,1,1,1,0,13.38,2,3.2,20|19,2148,
2171,2.4480,-0.1163,-0.0118,2.721,broken,0.709,2.10,1,1,1,0,19.48,3,2.4,30,2113,
2172,2.4480,-0.1167,0.0605,2.633,good,0.000,2.52,0,0,0,0,22.32,3,0.0,,,
2175,2.4520,-0.1141,-0.1557,3.004,good,0.050,8.14,0,0,0,0,11.27,3,0.0,,,
2176,2.4520,-0.1136,0.1159,2.927,good,0.001,1.68,0,0,0,0,12.98,3,0.0,,,
2180,2.4520,-0.1195,-0.1615,3.046,good,0.000,2.53,0,0,0,0,12.07,2,0.0,,,
2181,2.4520,-0.1176,-0.1772,3.005,good,0.001,2.02,0,0,0,0,12.42,2,0.0,,,
2185,2.4520,-0.1061,0.0640,3.000,good,0.000,2.39,0,0,0,0,8.71,1,0.0,,,
2177,2.4560,-0.1235,-0.0304,3.308,good,0.000,2.54,0,0,0,0,3.56,2,0.0,,,
2178,2.4560,-0.1212,-0.0206,3.005,good,0.000,3.48,0,0,0,0,9.60,2,0.0,,,
2179,2.4560,-0.1093,0.0953,2.999,good,0.000,3.48,0,0,0,0,9.77,3,0.0,,,
2184,2.4560,-0.1170,-0.1802,2.997,good,0.000,1.91,0,0,0,0,12.43,2,0.0,,,
2193,2.4560,-0.1097,-0.0247,3.000,good,0.008,7.49,0,0,0,0,9.90,1,0.0,,,
2182,2.4600,-0.1131,0.0340,3.004,good,0.025,2.57,0,0,0,0,10.93,3,0.0,,,
2183,2.4600,-0.1085,0.1770,2.998,good,0.000,1.82,0,0,0,0,9.55,3,0.0,,,
2191,2.4600,-0.1199,0.1161,2.996,good,0.001,2.24,0,0,0,0,13.38,2,0.0,,,
2192,2.4600,-0.1159,-0.0871,3.000,good,0.000,1.79,0,0,0,0,11.97,2,0.0,,,
2186,2.4640,-0.1159,0.0706,3.005,good,0.001,2.30,0,0,0,0,11.83,3,0.0,,,
2187,2.4640,-0.1155,0.0907,2.968,insect,1.000,5.89,1,1,1,0,12.59,3,3.1,43,2181,2181
2188,2.4640,-0.1135,-0.1201,3.022,good,0.000,6.75,0,0,0,0,10.65,3,0.0,,,
2189,2.4640,-0.1141,-0.1063,3.021,good,0.000,3.08,0,0,0,0,10.87,3,0.0,,,
2190,2.4640,-0.1142,0.1768,3.008,faded,0.997,4.99,1,1,1,0,11.20,3,3.2,54,2169,
2198,2.4640,-0.1162,-0.0945,3.387,good,0.000,1.81,0,0,0,0,3.84,2,0.0,,,
2194,2.4680,-0.1165,0.1183,2.937,faded,1.000,5.14,1,1,1,0,13.73,3,3.2,47|46,2154,2154
2195,2.4680,-0.1120,-0.1855,3.225,good,0.017,4.15,0,0,0,0,5.74,3,0.0,,,
2196,2.4680,-0.1094,0.2302,3.093,good,0.000,3.51,0,0,0,0,7.70,3,0.0,,,
2197,2.4680,-0.1100,-0.0121,2.965,good,0.001,2.52,0,0,0,0,10.83,3,0.0,,,
2204,2.4680,-0.1167,-0.0186,3.035,good,0.000,1.98,0,0,0,0,11.42,2,0.0,,,
2205,2.4680,-0.1170,0.0726,2.818,good,0.001,2.13,0,0,0,0,17.01,2,0.0,,,
2209,2.4680,-0.1021,0.1806,3.000,faded,0.984,4.93,1,1,1,0,7.37,1,3.2,55|54,2169,
2199,2.4720,-0.1174,0.0146,2.750,good,0.000,4.05,0,0,0,0,19.03,3,0.0,,,
2200,2.4720,-0.1129,-0.2052,2.994,good,0.001,2.39,0,0,0,0,11.10,3,0.0,,,
2201,2.4720,-0.1115,0.1798,3.005,good,0.000,1.88,0,0,0,0,10.40,3,0.0,,,
2202,2.4720,-0.1105,-0.0492,2.986,good,0.000,3.34,0,0,0,0,10.52,3,0.0,,,
2203,2.4720,-0.1098,-0.0599,2.998,good,0.000,2.78,0,0,0,0,9.97,3,0.0,,,
2208,2.4720,-0.1192,0.1625,2.952,good,0.000,7.30,0,0,0,0,14.26,2,0.0,,,
2206,2.4760,-0.1110,-0.1535,2.990,good,0.001,3.23,0,0,0,0,10.56,3,0.0,,,
2207,2.4760,-0.1089,0.0509,2.936,good,0.342,9.03,0,0,0,0,11.17,3,0.0,,,
2210,2.4800,-0.1128,0.0344,2.997,good,0.000,2.44,0,0,0,0,10.99,3,0.0,,,
2211,2.4840,-0.1111,-0.2194,3.450,sour,1.000,28.74,1,1,1,0,1.17,3,3.2,3|4,2178,
2216,2.4840,-0.1193,0.2311,2.999,good,0.000,4.85,0,0,0,0,13.13,2,0.0,,,
2212,2.4880,-0.1150,0.1514,2.998,good,0.001,2.72,0,0,0,0,11.72,3,0.0,,,
2213,2.4880,-0.1126,0.1839,3.247,black,1.000,47.62,1,1,1,0,5.46,3,3.2,55,2186,2186
2214,2.4880,-0.1122,-0.2126,2.996,good,0.000,2.89,0,0,0,0,10.84,3,0.0,,,
2215,2.4880,-0.1125,0.1009,3.028,good,0.000,2.45,0,0,0,0,10.17,3,0.0,,,
2218,2.4880,-0.1199,0.1635,3.017,good,0.001,2.63,0,0,0,0,12.89,2,0.0,,,
2219,2.4880,-0.1182,-0.0160,2.981,faded,0.843,6.01,1,1,1,0,13.20,2,3.2,29|30,2198|2199,2198|2199
2220,2.4880,-0.1174,-0.1654,2.898,good,0.000,2.88,0,0,0,0,15.01,2,0.0,,,
2221,2.4880,-0.1170,-0.0923,3.000,good,0.000,3.04,0,0,0,0,12.35,2,0.0,,,
2217,2.4920,-0.1095,0.2016,2.858,good,0.010,3.27,0,0,0,0,13.29,3,0.0,,,
2222,2.4960,-0.1157,-0.1351,3.000,good,0.424,3.52,0,0,0,0,11.90,3,0.0,,,
2223,2.4960,-0.1140,-0.0404,3.002,good,0.000,3.21,0,0,0,0,11.30,3,0.0,,,
2224,2.4960,-0.1121,-0.1965,3.056,good,0.000,2.05,0,0,0,0,9.40,3,0.0,,,
2228,2.4960,-0.1185,-0.0088,3.030,good,0.003,2.89,0,0,0,0,12.14,2,0.0,,,
2229,2.4960,-0.1165,-0.1079,3.035,good,0.013,7.50,0,0,0,0,11.33,2,0.0,,,
2225,2.5000,-0.1114,-0.1413,3.033,good,0.001,2.51,0,0,0,0,9.70,3,0.0,,,
2226,2.5000,-0.1112,0.0977,3.009,good,0.000,2.05,0,0,0,0,10.19,3,0.0,,,
2227,2.5000,-0.1124,0.0766,2.930,good,0.000,2.41,0,0,0,0,12.47,3,0.0,,,
2230,2.5040,-0.1109,-0.1884,2.996,faded,0.996,6.59,1,1,1,0,10.39,3,3.2,7|8,2215,2215
2231,2.5040,-0.1100,0.0908,2.999,good,0.000,2.17,0,0,0,0,10.01,3,0.0,,,
2232,2.5040,-0.1170,-0.0694,2.995,faded,0.880,3.17,1,1,1,0,12.45,2,3.2,23|22,2190,2190
2233,2.5080,-0.1161,0.0945,3.298,good,0.000,2.88,0,0,0,0,5.53,2,0.0,,,
2234,2.5080,-0.1158,0.0860,3.063,good,0.001,3.44,0,0,0,0,10.44,2,0.0,,,
2235,2.5080,-0.1142,0.0250,3.450,good,0.000,2.22,0,0,0,0,2.09,2,0.0,,,
2238,2.5120,-0.1190,0.0029,2.997,good,0.009,4.25,0,0,0,0,13.08,2,0.0,,,
2239,2.5120,-0.1173,0.1505,3.068,good,0.003,4.32,0,0,0,0,10.80,2,0.0,,,
2240,2.5120,-0.1170,-0.1421,2.996,good,0.001,3.44,0,0,0,0,12.44,2,0.0,,,
2241,2.5120,-0.1174,-0.1245,2.927,good,0.000,2.75,0,0,0,0,14.28,2,0.0,,,
2243,2.5120,-0.1002,0.0285,3.000,good,0.002,2.18,0,0,0,0,6.74,1,0.0,,,
2236,2.5160,-0.1143,0.2228,3.059,black,1.000,57.51,1,1,1,0,10.05,3,3.2,60,2206,2206
2237,2.5160,-0.1082,-0.1735,2.987,good,0.002,3.47,0,0,0,0,9.71,3,0.0,,,
2242,2.5200,-0.1087,0.1504,3.003,good,0.000,2.30,0,0,0,0,9.49,3,0.0,,,
2247,2.5200,-0.1190,-0.1124,2.995,good,0.000,2.09,0,0,0,0,13.14,2,0.0,,,
2244,2.5240,-0.1153,0.0619,2.904,good,0.000,2.28,0,0,0,0,14.13,3,0.0,,,
2245,2.5240,-0.1114,-0.1924,3.191,insect,1.000,5.03,1,1,1,0,6.24,3,3.1,7,2212,
2246,2.5240,-0.1108,-0.0717,3.026,sour,1.000,10.30,1,1,1,0,9.66,3,3.2,22|23,2224,
2252,2.5240,-0.1165,-0.0973,3.026,good,0.000,2.09,0,0,0,0,11.53,2,0.0,,,
2248,2.5280,-0.1141,-0.2382,3.000,good,0.000,4.70,0,0,0,0,11.37,3,0.0,,,
2249,2.5280,-0.1128,-0.1144,3.054,good,0.000,2.37,0,0,0,0,9.68,3,0.0,,,
2250,2.5280,-0.1081,-0.0603,3.004,good,0.000,2.45,0,0,0,0,9.26,3,0.0,,,
2251,2.5280,-0.1086,0.1579,2.913,good,0.003,1.88,0,0,0,0,11.62,3,0.0,,,
2253,2.5280,-0.1168,-0.1025,3.131,good,0.009,2.89,0,0,0,0,9.25,2,0.0,,,
2254,2.5280,-0.1153,-0.1981,2.996,faded,1.000,7.37,1,1,1,0,11.86,2,3.2,6,2204,2204
2258,2.5320,-0.1196,0.0590,2.991,good,0.000,1.87,0,0,0,0,13.41,2,0.0,,,
2259,2.5320,-0.1180,0.1206,3.024,good,0.000,3.67,0,0,0,0,12.08,2,0.0,,,
2255,2.5360,-0.1141,-0.1733,2.985,good,0.000,1.96,0,0,0,0,11.73,3,0.0,,,
2256,2.5360,-0.1131,0.1920,3.010,good,0.056,2.88,0,0,0,0,10.80,3,0.0,,,
2257,2.5360,-0.1083,-0.0107,2.977,good,0.004,2.57,0,0,0,0,9.97,3,0.0,,,
2260,2.5400,-0.1131,0.1278,3.026,good,0.000,3.21,0,0,0,0,10.43,3,0.0,,,
2261,2.5400,-0.1113,-0.1570,2.845,good,0.000,1.79,0,0,0,0,14.28,3,0.0,,,
2268,2.5400,-0.1174,0.2134,3.180,good,0.001,3.03,0,0,0,0,8.34,2,0.0,,,
2269,2.5400,-0.1196,0.2318,2.989,broken,0.576,5.18,1,1,1,0,13.48,2,2.4,61,2248,2248
2270,2.5400,-0.1152,0.0911,2.994,good,0.019,3.14,0,0,0,0,11.86,2,0.0,,,
2271,2.5400,-0.1108,-0.1266,3.450,good,0.004,3.42,0,0,0,0,1.11,2,0.0,,,
2262,2.5440,-0.1147,0.0671,3.087,good,0.002,2.04,0,0,0,0,9.53,3,0.0,,,
2263,2.5440,-0.1146,-0.1906,3.131,insect,1.000,8.67,1,1,1,0,8.55,3,3.1,7,2242,
2264,2.5440,-0.1138,-0.0994,3.125,good,0.001,2.37,0,0,0,0,8.43,3,0.0,,,
2265,2.5440,-0.1130,0.0562,2.991,good,0.000,2.17,0,0,0,0,11.20,3,0.0,,,
2266,2.5440,-0.1118,-0.0271,2.977,good,0.010,5.61,0,0,0,0,11.14,3,0.0,,,
2267,2.5440,-0.1227,0.0418,3.404,good,0.034,3.15,0,0,0,0,1.43,2,0.0,,,
2274,2.5440,-0.1196,-0.0006,2.793,good,0.000,2.36,0,0,0,0,18.62,2,0.0,,,
2277,2.5440,-0.1091,0.0447,3.000,good,0.022,3.37,0,0,0,0,9.70,1,0.0,,,
2272,2.5480,-0.1146,0.1331,2.809,good,0.000,2.72,0,0,0,0,16.40,3,0.0,,,
2273,2.5480,-0.1119,0.0523,2.983,good,0.006,9.66,0,0,0,0,11.03,3,0.0,,,
2276,2.5480,-0.1180,-0.0217,2.989,sour,1.000,21.82,1,1,1,0,12.95,2,3.2,29,2257,2257
2282,2.5480,-0.1021,-0.1939,3.000,insect,1.000,8.70,1,1,1,0,7.36,1,3.1,7|6,2242,
2275,2.5520,-0.1145,0.1739,3.000,good,0.000,2.26,0,0,0,0,11.49,3,0.0,,,
2280,2.5520,-0.1198,0.0382,3.001,good,0.000,4.14,0,0,0,0,13.22,2,0.0,,,
2281,2.5520,-0.1162,-0.0087,2.997,good,0.001,1.90,0,0,0,0,12.15,2,0.0,,,
2278,2.5560,-0.1165,-0.0165,3.012,good,0.000,3.10,0,0,0,0,11.86,3,0.0,,,
2279,2.5560,-0.1068,0.1075,3.450,good,0.000,1.83,0,0,0,0,-0.05,3,0.0,,,
2286,2.5560,-0.1193,-0.2037,3.010,good,0.000,2.64,0,0,0,0,12.86,2,0.0,,,
2283,2.5600,-0.1129,-0.0802,3.144,good,0.000,2.97,0,0,0,0,7.71,3,0.0,,,
2284,2.5600,-0.1106,0.0171,3.007,insect,1.000,5.76,1,1,1,0,10.04,3,3.1,34|33,2272,2272
2285,2.5600,-0.1082,0.1117,3.006,good,0.025,4.16,0,0,0,0,9.26,3,0.0,,,
2287,2.5640,-0.1117,0.0550,3.006,good,0.000,2.98,0,0,0,0,10.42,3,0.0,,,
2288,2.5640,-0.1101,0.1992,2.995,good,0.006,6.41,0,0,0,0,10.14,3,0.0,,,
2289,2.5640,-0.1096,0.0699,2.998,good,0.000,1.69,0,0,0,0,9.91,3,0.0,,,
2290,2.5640,-0.1099,0.0384,2.916,good,0.036,2.34,0,0,0,0,11.99,3,0.0,,,
2291,2.5640,-0.1090,0.1231,2.987,good,0.000,2.21,0,0,0,0,9.96,3,0.0,,,
2294,2.5640,-0.1164,-0.0466,3.008,good,0.001,1.92,0,0,0,0,11.95,2,0.0,,,
2292,2.5680,-0.1151,0.2392,2.811,good,0.005,1.58,0,0,0,0,16.53,3,0.0,,,
2293,2.5680,-0.1089,-0.0236,2.997,good,0.246,4.00,0,0,0,0,9.69,3,0.0,,,
2298,2.5680,-0.1189,-0.2405,2.974,good,0.002,2.12,0,0,0,0,13.60,2,0.0,,,
2299,2.5680,-0.1183,-0.0658,2.836,good,0.002,3.78,0,0,0,0,16.96,2,0.0,,,
2295,2.5720,-0.1178,0.0525,2.625,good,0.000,1.65,0,0,0,0,22.98,3,0.0,,,
2296,2.5720,-0.1114,0.1134,3.022,good,0.000,3.93,0,0,0,0,9.95,3,0.0,,,
2297,2.5720,-0.1115,-0.0071,2.982,good,0.151,3.30,0,0,0,0,10.93,3,0.0,,,
2300,2.5760,-0.1154,0.2210,2.993,good,0.002,2.71,0,0,0,0,11.96,3,0.0,,,
2301,2.5760,-0.1108,-0.0800,3.001,good,0.001,3.15,0,0,0,0,10.26,3,0.0,,,
2302,2.5760,-0.1107,0.1206,2.695,good,0.000,2.09,0,0,0,0,18.20,3,0.0,,,
2307,2.5760,-0.1154,-0.0627,3.011,good,0.019,3.74,0,0,0,0,11.56,2,0.0,,,
2303,2.5800,-0.1140,-0.1919,2.997,good,0.000,2.98,0,0,0,0,11.39,3,0.0,,,
2304,2.5800,-0.1174,-0.0556,2.672,good,0.000,2.30,0,0,0,0,21.37,3,0.0,,,
2305,2.5800,-0.1128,-0.0186,2.982,good,0.000,4.78,0,0,0,0,11.35,3,0.0,,,
2306,2.5800,-0.1119,0.1243,2.691,good,0.000,2.49,0,0,0,0,18.76,3,0.0,,,
2311,2.5800,-0.1199,-0.2028,3.011,good,0.001,3.78,0,0,0,0,13.02,2,0.0,,,
2312,2.5800,-0.1170,0.2165,3.003,good,0.000,2.26,0,0,0,0,12.26,2,0.0,,,
2308,2.5840,-0.1135,-0.2344,3.301,good,0.017,1.96,0,0,0,0,4.67,3,0.0,,,
2309,2.5840,-0.1163,0.2097,2.906,good,0.006,2.80,0,0,0,0,14.43,3,0.0,,,
2310,2.5840,-0.1135,0.0369,3.016,good,0.000,2.85,0,0,0,0,10.81,3,0.0,,,
2314,2.5840,-0.1187,-0.0591,3.002,good,0.000,1.83,0,0,0,0,12.85,2,0.0,,,
2316,2.5840,-0.1165,0.1627,3.018,good,0.000,2.16,0,0,0,0,11.73,2,0.0,,,
2317,2.5840,-0.1168,0.0524,2.998,good,0.006,3.72,0,0,0,0,12.31,2,0.0,,,
2313,2.5880,-0.1145,-0.1223,2.998,good,0.000,2.08,0,0,0,0,11.53,3,0.0,,,
2315,2.5880,-0.1083,0.0102,3.032,good,0.002,3.43,0,0,0,0,8.68,3,0.0,,,
2319,2.5880,-0.1197,0.2288,3.450,good,0.002,2.60,0,0,0,0,3.69,2,0.0,,,
2321,2.5880,-0.1169,0.0607,3.061,black,1.000,45.00,1,1,1,0,10.86,2,3.2,39,2300,
2318,2.5920,-0.1267,-0.0419,3.051,good,0.000,2.08,0,0,0,0,10.28,2,0.0,,,
2320,2.5920,-0.1099,-0.0870,2.988,good,0.000,2.88,0,0,0,0,10.25,3,0.0,,,
2327,2.5920,-0.1169,-0.0461,3.000,good,0.001,5.39,0,0,0,0,12.30,1,0.0,,,
2322,2.5960,-0.1131,-0.2049,2.978,good,0.003,2.50,0,0,0,0,11.55,3,0.0,,,
2323,2.5960,-0.1110,-0.1201,3.147,good,0.000,2.12,0,0,0,0,7.03,3,0.0,,,
2324,2.5960,-0.1337,-0.0484,3.000,good,0.000,2.73,0,0,0,0,9.91,1,0.0,,,
2326,2.5960,-0.1159,0.0293,3.004,good,0.017,3.26,0,0,0,0,11.86,2,0.0,,,
2325,2.6000,-0.1116,-0.1062,2.992,good,0.463,3.35,0,0,0,0,10.72,3,0.0,,,
2330,2.6000,-0.1141,0.1557,3.450,good,0.001,4.59,0,0,0,0,2.05,2,0.0,,,
2328,2.6040,-0.1155,0.2085,2.938,good,0.001,3.59,0,0,0,0,13.34,3,0.0,,,
2329,2.6040,-0.1080,0.0562,3.023,good,0.000,2.68,0,0,0,0,8.81,3,0.0,,,
2332,2.6040,-0.1199,0.1446,3.450,good,0.013,2.44,0,0,0,0,3.73,2,0.0,,,
2333,2.6040,-0.1196,-0.1350,3.024,good,0.009,6.18,0,0,0,0,12.60,2,0.0,,,
2334,2.6040,-0.1179,-0.0239,2.988,good,0.001,2.52,0,0,0,0,12.92,2,0.0,,,
2335,2.6040,-0.1180,0.0860,2.973,good,0.000,2.40,0,0,0,0,13.32,2,0.0,,,
2331,2.6080,-0.1150,0.1981,2.939,good,0.009,3.00,0,0,0,0,13.18,3,0.0,,,
2338,2.6080,-0.1198,0.1784,3.085,good,0.001,2.20,0,0,0,0,11.26,2,0.0,,,
2339,2.6080,-0.1187,0.1471,3.005,good,0.018,3.86,0,0,0,0,12.78,2,0.0,,,
2340,2.6080,-0.1193,0.0859,3.010,good,0.001,2.79,0,0,0,0,12.86,2,0.0,,,
2336,2.6120,-0.1149,-0.1972,2.999,broken,0.610,3.77,1,1,1,0,11.64,3,2.4,6,2331,
2337,2.6120,-0.1112,-0.1207,2.978,good,0.002,1.55,0,0,0,0,10.93,3,0.0,,,
2346,2.6120,-0.1187,0.0036,3.000,good,0.000,2.05,0,0,0,0,12.92,2,0.0,,,
2341,2.6160,-0.1155,-0.1636,3.007,good,0.007,2.28,0,0,0,0,11.66,3,0.0,,,
2342,2.6160,-0.1239,0.0589,3.184,good,0.410,4.82,0,0,0,0,6.34,2,0.0,,,
2343,2.6160,-0.1107,0.1524,3.007,good,0.441,6.90,0,0,0,0,10.08,3,0.0,,,
2344,2.6160,-0.1225,0.0336,2.619,good,0.007,4.52,0,0,0,0,20.98,2,0.0,,,
2345,2.6160,-0.1081,-0.1406,2.981,good,0.000,2.42,0,0,0,0,9.81,3,0.0,,,
2350,2.6160,-0.1137,0.0557,3.000,good,0.002,2.44,0,0,0,0,11.22,1,0.0,,,
2351,2.6160,-0.1120,0.0380,3.000,good,0.002,4.20,0,0,0,0,10.68,1,0.0,,,
2352,2.6160,-0.1091,0.0624,3.000,good,0.065,3.35,0,0,0,0,9.71,1,0.0,,,
2347,2.6200,-0.1136,-0.2077,2.975,good,0.000,2.77,0,0,0,0,11.81,3,0.0,,,
2348,2.6200,-0.1092,-0.1375,2.991,good,0.000,1.92,0,0,0,0,9.93,3,0.0,,,
2349,2.6200,-0.1194,0.0092,2.919,good,0.000,3.05,0,0,0,0,15.17,2,0.0,,,
2354,2.6240,-0.1175,-0.1629,2.811,faded,0.999,5.51,1,1,1,0,17.37,2,3.2,11|10,2352,
2355,2.6240,-0.1175,0.0546,3.066,good,0.000,2.86,0,0,0,0,10.94,2,0.0,,,
2353,2.6280,-0.1119,-0.1242,2.425,good,0.000,2.54,0,0,0,0,27.35,3,0.0,,,
2357,2.6280,-0.1170,-0.2195,3.008,good,0.398,2.44,0,0,0,0,12.15,2,0.0,,,
2358,2.6280,-0.1178,-0.1201,2.990,good,0.001,2.07,0,0,0,0,12.84,2,0.0,,,
2356,2.6320,-0.1130,0.0903,2.912,good,0.000,3.03,0,0,0,0,13.13,3,0.0,,,
2362,2.6320,-0.1199,0.2256,2.967,good,0.000,1.88,0,0,0,0,14.13,2,0.0,,,
2359,2.6360,-0.1119,-0.1737,3.004,good,0.000,2.37,0,0,0,0,10.54,3,0.0,,,
2360,2.6360,-0.1110,0.1176,3.090,sour,1.000,12.18,1,1,1,0,8.29,3,3.2,47|46,2336,
2361,2.6360,-0.1101,0.1422,3.015,good,0.000,1.92,0,0,0,0,9.69,3,0.0,,,
2365,2.6360,-0.1165,0.0988,3.450,stick,1.000,37.41,1,1,1,0,2.75,2,2.4,44,,
2363,2.6400,-0.1134,-0.1745,3.025,good,0.000,2.30,0,0,0,0,10.54,3,0.0,,,
2364,2.6400,-0.1117,-0.1280,2.828,good,0.001,2.87,0,0,0,0,14.84,3,0.0,,,
2366,2.6400,-0.1187,0.2061,3.015,good,0.000,3.02,0,0,0,0,12.54,2,0.0,,,
2371,2.6440,-0.1181,-0.0762,2.953,good,0.002,6.82,0,0,0,0,13.86,2,0.0,,,
2367,2.6480,-0.1096,0.1140,3.022,good,0.001,6.12,0,0,0,0,9.34,3,0.0,,,
2368,2.6480,-0.1135,0.1742,3.009,good,0.000,2.42,0,0,0,0,10.96,3,0.0,,,
2369,2.6480,-0.1131,-0.1661,3.020,good,0.000,2.61,0,0,0,0,10.57,3,0.0,,,
2370,2.6480,-0.1097,0.0929,3.036,good,0.352,3.01,0,0,0,0,9.05,3,0.0,,,
2373,2.6480,-0.1199,-0.1929,2.995,good,0.005,4.05,0,0,0,0,13.42,2,0.0,,,
2372,2.6520,-0.1087,-0.0940,3.397,black,1.000,47.21,1,1,1,0,1.43,3,3.2,19|20,2359,2359
2374,2.6520,-0.1088,0.1418,3.019,good,0.000,3.15,0,0,0,0,9.16,3,0.0,,,
2375,2.6520,-0.1081,0.2063,3.004,good,0.004,3.70,0,0,0,0,9.28,3,0.0,,,
2376,2.6520,-0.1081,-0.0466,2.987,good,0.001,3.41,0,0,0,0,9.68,3,0.0,,,
2380,2.6520,-0.1192,-0.1048,3.450,good,0.000,4.12,0,0,0,0,3.53,2,0.0,,,
2383,2.6520,-0.1170,-0.1355,3.061,good,0.007,2.02,0,0,0,0,10.90,2,0.0,,,
2377,2.6560,-0.1153,-0.0341,2.992,good,0.000,2.47,0,0,0,0,11.97,3,0.0,,,
2378,2.6560,-0.1181,0.2033,2.634,good,0.001,2.77,0,0,0,0,22.78,3,0.0,,,
2379,2.6560,-0.1100,-0.0840,2.987,good,0.000,2.74,0,0,0,0,10.29,3,0.0,,,
2381,2.6560,-0.1089,0.0836,3.001,good,0.000,2.49,0,0,0,0,9.60,3,0.0,,,
2382,2.6560,-0.1092,0.2292,2.775,good,0.005,2.96,0,0,0,0,15.39,3,0.0,,,
2385,2.6560,-0.1180,0.1268,3.450,good,0.001,3.06,0,0,0,0,3.17,2,0.0,,,
2386,2.6560,-0.1175,0.2193,2.998,shell,1.000,5.84,1,1,1,0,12.56,2,2.4,60|59,2368,2368
2384,2.6600,-0.1144,-0.1651,3.079,good,0.003,3.17,0,0,0,0,9.63,3,0.0,,,
2389,2.6600,-0.1183,0.1365,3.450,good,0.000,3.07,0,0,0,0,3.29,2,0.0,,,
2393,2.6600,-0.1075,0.2067,3.000,good,0.000,2.62,0,0,0,0,9.18,1,0.0,,,
2387,2.6640,-0.1106,-0.1914,2.998,good,0.000,2.49,0,0,0,0,10.24,3,0.0,,,
2388,2.6640,-0.1113,-0.0332,2.990,faded,0.971,5.51,1,1,1,0,10.67,3,3.2,27,2374,
2398,2.6640,-0.1042,0.1336,3.000,good,0.000,3.14,0,0,0,0,8.05,1,0.0,,,
2390,2.6680,-0.1145,-0.2257,3.009,good,0.001,3.83,0,0,0,0,11.27,3,0.0,,,
2391,2.6680,-0.1093,0.2236,3.277,good,0.010,3.20,0,0,0,0,3.88,3,0.0,,,
2392,2.6680,-0.1124,-0.0538,2.969,faded,0.997,5.63,1,1,1,0,11.54,3,3.2,25|24,2393,2393
2395,2.6680,-0.1193,0.0838,3.007,good,0.001,3.97,0,0,0,0,12.95,2,0.0,,,
2396,2.6680,-0.1171,-0.0317,2.904,good,0.014,5.37,0,0,0,0,14.76,2,0.0,,,
2397,2.6680,-0.1181,-0.0005,2.999,good,0.000,2.50,0,0,0,0,12.73,2,0.0,,,
2394,2.6720,-0.1125,0.1759,2.621,good,0.007,2.91,0,0,0,0,21.07,3,0.0,,,
2399,2.6760,-0.1158,-0.0731,2.986,good,0.000,1.77,0,0,0,0,12.25,3,0.0,,,
2400,2.6760,-0.1157,-0.0050,2.818,sour,1.000,29.87,1,1,1,0,16.52,3,3.2,31,2364,2364
2401,2.6800,-0.1153,-0.1193,3.096,good,0.005,2.15,0,0,0,0,9.53,3,0.0,,,
2408,2.6800,-0.1199,-0.0621,3.017,faded,1.000,5.98,1,1,1,0,12.89,2,3.2,24|23,2382,2382
2409,2.6800,-0.1191,0.1911,3.024,good,0.000,2.83,0,0,0,0,12.46,2,0.0,,,
2410,2.6800,-0.1176,0.2252,3.004,good,0.005,3.40,0,0,0,0,12.44,2,0.0,,,
2402,2.6840,-0.1146,-0.1920,2.990,good,0.000,2.51,0,0,0,0,11.77,3,0.0,,,
2403,2.6840,-0.1162,-0.0688,2.844,faded,1.000,5.54,1,1,1,0,16.03,3,3.2,23|22,2380,
2404,2.6840,-0.1156,0.1377,2.995,good,0.004,5.21,0,0,0,0,11.97,3,0.0,,,
2405,2.6840,-0.1103,0.0565,3.141,good,0.003,2.86,0,0,0,0,6.96,3,0.0,,,
2406,2.6840,-0.1094,-0.2284,3.002,good,0.000,2.31,0,0,0,0,9.76,3,0.0,,,
2407,2.6840,-0.1087,-0.1374,2.982,good,0.000,2.58,0,0,0,0,9.97,3,0.0,,,
2413,2.6840,-0.1199,-0.1811,2.985,good,0.000,2.65,0,0,0,0,13.67,2,0.0,,,
2414,2.6840,-0.1166,0.0678,2.892,sour,1.000,24.72,1,1,1,0,14.90,2,3.2,40,2367,2367
2411,2.6880,-0.1103,-0.0110,3.186,good,0.001,6.75,0,0,0,0,6.01,3,0.0,,,
2412,2.6880,-0.1092,0.2039,2.999,good,0.000,2.80,0,0,0,0,9.75,3,0.0,,,
2415,2.6920,-0.1131,0.0477,3.019,good,0.001,4.16,0,0,0,0,10.57,3,0.0,,,
2416,2.6920,-0.1113,0.2142,2.935,good,0.017,7.29,0,0,0,0,12.00,3,0.0,,,
2417,2.6920,-0.1191,0.2248,2.999,good,0.000,5.00,0,0,0,0,13.06,2,0.0,,,
2418,2.6920,-0.1181,0.1135,2.976,good,0.000,2.64,0,0,0,0,13.27,2,0.0,,,
2423,2.6960,-0.1172,-0.0323,3.005,sour,0.954,11.04,1,1,1,0,12.29,2,3.2,27|28,2392|2411,2392|2411
2424,2.6960,-0.1197,0.1200,2.993,good,0.000,3.31,0,0,0,0,13.38,2,0.0,,,
2419,2.7000,-0.1128,0.1905,2.999,good,0.000,1.49,0,0,0,0,10.95,3,0.0,,,
2420,2.7000,-0.1147,0.0095,2.595,faded,1.000,5.32,1,1,1,0,22.74,3,3.2,33,2408,2408
2421,2.7000,-0.1092,-0.0141,2.997,good,0.001,2.97,0,0,0,0,9.82,3,0.0,,,
2422,2.7000,-0.1105,0.2009,3.001,good,0.004,3.45,0,0,0,0,10.14,3,0.0,,,
2426,2.7000,-0.1196,0.2349,3.079,good,0.006,2.69,0,0,0,0,11.32,2,0.0,,,
2427,2.7000,-0.1178,-0.1172,2.993,good,0.000,1.99,0,0,0,0,12.78,2,0.0,,,
2425,2.7040,-0.1128,-0.1725,2.871,good,0.005,1.99,0,0,0,0,14.13,3,0.0,,,
2430,2.7040,-0.1173,0.0988,2.979,good,0.010,2.71,0,0,0,0,12.96,2,0.0,,,
2428,2.7080,-0.1142,-0.2052,3.009,good,0.000,2.72,0,0,0,0,11.19,3,0.0,,,
2429,2.7080,-0.1141,-0.1325,2.997,good,0.000,3.33,0,0,0,0,11.45,3,0.0,,,
2431,2.7120,-0.1352,-0.1956,3.000,stone,1.000,7.99,1,1,1,0,10.42,1,9.1,6|7|5,,
2435,2.7120,-0.1185,-0.1184,2.998,good,0.016,2.47,0,0,0,0,12.89,2,0.0,,,
2436,2.7120,-0.1240,-0.2022,3.000,stone,1.000,8.05,1,1,1,0,10.66,1,9.1,6|5|7,,
2444,2.7120,-0.1127,-0.2088,3.000,stone,1.000,8.16,1,1,1,0,10.89,1,9.1,5|4|6,2295,
2432,2.7160,-0.1099,-0.1595,3.023,good,0.002,5.53,0,0,0,0,9.43,3,0.0,,,
2433,2.7160,-0.1114,0.1143,2.996,sour,1.000,15.82,1,1,1,0,10.55,3,3.2,46,2430,2430
2434,2.7160,-0.1109,0.1966,2.992,good,0.000,2.55,0,0,0,0,10.48,3,0.0,,,
2441,2.7160,-0.1156,0.0418,3.087,good,0.000,6.67,0,0,0,0,9.84,2,0.0,,,
2442,2.7160,-0.1176,-0.0545,2.997,good,0.001,2.43,0,0,0,0,12.61,2,0.0,,,
2443,2.7160,-0.1166,0.2201,3.003,good,0.005,3.14,0,0,0,0,12.12,2,0.0,,,
2450,2.7160,-0.1014,-0.2153,3.000,stone,1.000,8.27,1,1,1,0,7.13,1,9.1,4|3|5,2295,
2437,2.7200,-0.1185,0.2276,2.508,good,0.009,4.65,0,0,0,0,27.12,3,0.0,,,
2438,2.7200,-0.1129,-0.0665,2.979,good,0.000,1.91,0,0,0,0,11.48,3,0.0,,,
2439,2.7200,-0.1266,0.0844,2.517,good,0.008,4.83,0,0,0,0,26.03,2,0.0,,,
2440,2.7200,-0.1096,-0.0065,2.999,good,0.000,2.71,0,0,0,0,9.88,3,0.0,,,
2448,2.7200,-0.1170,-0.0451,2.983,good,0.000,3.06,0,0,0,0,12.73,2,0.0,,,
2449,2.7200,-0.1168,-0.2337,3.012,good,0.002,2.10,0,0,0,0,11.99,2,0.0,,,
2454,2.7200,-0.1165,0.0886,3.000,good,0.009,4.98,0,0,0,0,12.17,1,0.0,,,
2445,2.7240,-0.1146,-0.2126,2.770,sour,1.000,18.80,1,1,1,0,17.46,3,3.2,4,2410,
2446,2.7240,-0.1355,-0.0329,3.000,husk,1.000,48.43,1,1,1,0,10.52,1,2.4,27,,
2447,2.7240,-0.1090,0.0349,3.006,good,0.003,2.41,0,0,0,0,9.53,3,0.0,,,
2453,2.7240,-0.1225,-0.0278,3.000,husk,1.000,48.27,1,1,1,0,10.15,1,2.4,28,,
2459,2.7240,-0.1091,-0.0226,3.000,husk,1.000,48.30,1,1,1,0,9.70,1,2.4,29|28,2441,
2451,2.7280,-0.1144,-0.1415,3.033,good,0.158,2.62,0,0,0,0,10.70,3,0.0,,,
2452,2.7280,-0.1104,0.1389,3.007,good,0.000,3.11,0,0,0,0,9.96,3,0.0,,,
2457,2.7280,-0.1177,0.0301,3.008,good,0.000,3.44,0,0,0,0,12.38,2,0.0,,,
2458,2.7280,-0.1153,-0.2090,2.991,good,0.001,2.91,0,0,0,0,12.00,2,0.0,,,
2455,2.7320,-0.1122,-0.1924,3.051,good,0.000,4.65,0,0,0,0,9.55,3,0.0,,,
2456,2.7320,-0.1108,-0.0950,2.647,faded,1.000,5.03,1,1,1,0,19.65,3,3.2,19|20,2420,
2465,2.7320,-0.1145,0.2310,3.001,faded,0.954,7.51,1,1,1,0,11.47,2,3.2,61,2427|2428,2427|2428
2467,2.7320,-0.1184,-0.0555,3.000,good,0.001,2.09,0,0,0,0,12.80,1,0.0,,,
2460,2.7360,-0.1143,-0.0083,3.182,good,0.001,2.83,0,0,0,0,7.34,3,0.0,,,
2461,2.7360,-0.1137,-0.1703,2.923,good,0.000,3.59,0,0,0,0,13.09,3,0.0,,,
2462,2.7360,-0.1117,0.1676,3.016,good,0.278,4.10,0,0,0,0,10.22,3,0.0,,,
2463,2.7360,-0.1330,-0.0525,3.000,good,0.001,2.23,0,0,0,0,9.65,1,0.0,,,
2464,2.7360,-0.1084,0.1825,2.932,good,0.296,7.66,0,0,0,0,11.10,3,0.0,,,
2470,2.7360,-0.1038,-0.0586,3.000,good,0.003,2.11,0,0,0,0,7.95,1,0.0,,,
2466,2.7400,-0.1082,0.0286,2.992,good,0.000,3.70,0,0,0,0,9.60,3,0.0,,,
2469,2.7400,-0.1188,-0.2204,2.891,good,0.008,8.19,0,0,0,0,15.67,2,0.0,,,
2468,2.7440,-0.1077,-0.1589,3.328,good,0.001,2.51,0,0,0,0,2.43,3,0.0,,,
2472,2.7440,-0.1151,0.2243,3.020,good,0.000,2.73,0,0,0,0,11.21,2,0.0,,,
2471,2.7480,-0.1130,-0.0543,2.705,good,0.027,2.93,0,0,0,0,18.74,3,0.0,,,
2473,2.7520,-0.1134,-0.0345,3.037,good,0.015,2.83,0,0,0,0,10.24,3,0.0,,,
2474,2.7520,-0.1119,0.1681,2.986,good,0.076,2.55,0,0,0,0,10.97,3,0.0,,,
2475,2.7520,-0.1090,-0.2139,3.222,black,1.000,48.61,1,1,1,0,4.88,3,3.2,4,2442,2442
2477,2.7520,-0.1165,-0.0802,3.450,shell,0.621,8.49,1,1,1,0,2.75,2,2.4,21,2498,
2478,2.7520,-0.1166,-0.2010,3.053,black,1.000,61.98,1,1,1,0,10.94,2,3.2,6,2455,2455
2482,2.7520,-0.1022,-0.0511,3.000,good,0.004,2.91,0,0,0,0,7.39,1,0.0,,,
2476,2.7560,-0.1282,-0.2180,2.161,broken,0.998,14.98,1,1,1,0,41.60,2,2.4,4|3,,
2485,2.7560,-0.1196,-0.2219,3.000,broken,0.998,15.55,1,1,1,0,13.20,1,2.4,3,2457,
2479,2.7600,-0.1142,0.1787,3.028,good,0.001,5.64,0,0,0,0,10.74,3,0.0,,,
2480,2.7600,-0.1124,-0.1768,2.963,sour,1.000,10.78,1,1,1,0,11.66,3,3.2,9,2468,2468
2481,2.7600,-0.1099,0.0172,3.010,good,0.000,3.30,0,0,0,0,9.73,3,0.0,,,
2483,2.7640,-0.1129,-0.2089,2.875,good,0.000,1.92,0,0,0,0,14.06,3,0.0,,,
2484,2.7640,-0.1090,0.1701,3.003,good,0.001,3.58,0,0,0,0,9.61,3,0.0,,,
2487,2.7640,-0.1155,0.0339,3.013,good,0.002,3.21,0,0,0,0,11.53,2,0.0,,,
2491,2.7640,-0.1024,-0.2265,3.000,broken,0.998,15.71,1,1,1,0,7.46,1,2.4,3|2,2457,
2486,2.7680,-0.1093,0.2210,3.197,good,0.214,3.57,0,0,0,0,5.46,3,0.0,,,
2489,2.7680,-0.1186,0.0644,3.035,good,0.001,2.36,0,0,0,0,12.02,2,0.0,,,
2490,2.7680,-0.1183,0.1406,2.998,good,0.002,2.79,0,0,0,0,12.82,2,0.0,,,
2496,2.7680,-0.1021,-0.2127,3.000,good,0.000,1.87,0,0,0,0,7.36,1,0.0,,,
2488,2.7720,-0.1129,0.0111,3.026,good,0.013,2.66,0,0,0,0,10.34,3,0.0,,,
2494,2.7720,-0.1197,-0.0334,3.000,good,0.001,3.41,0,0,0,0,13.25,2,0.0,,,
2495,2.7720,-0.1193,-0.1286,3.000,good,0.000,2.49,0,0,0,0,13.09,2,0.0,,,
2492,2.7760,-0.1133,0.0558,2.982,good,0.000,2.15,0,0,0,0,11.51,3,0.0,,,
2493,2.7760,-0.1106,0.1390,2.970,good,0.001,3.52,0,0,0,0,10.91,3,0.0,,,
2500,2.7760,-0.1156,0.1945,3.026,good,0.021,5.29,0,0,0,0,11.25,2,0.0,,,
2501,2.7760,-0.1177,0.1745,2.972,good,0.000,2.33,0,0,0,0,13.24,2,0.0,,,
2502,2.7760,-0.1154,0.1010,3.171,good,0.001,2.51,0,0,0,0,7.94,2,0.0,,,
2497,2.7800,-0.1163,0.1398,2.815,good,0.000,3.36,0,0,0,0,16.83,3,0.0,,,
2498,2.7800,-0.1150,0.1972,3.118,good,0.000,3.04,0,0,0,0,8.97,3,0.0,,,
2499,2.7800,-0.1101,-0.0892,2.969,good,0.010,2.43,0,0,0,0,10.78,3,0.0,,,
2505,2.7800,-0.1162,-0.1112,2.941,sour,1.000,10.64,1,1,1,0,13.51,2,3.2,17,2476,2476
2506,2.7800,-0.1151,-0.1622,3.002,good,0.000,2.18,0,0,0,0,11.65,2,0.0,,,
2511,2.7800,-0.1196,-0.1839,3.000,good,0.003,3.86,0,0,0,0,13.19,1,0.0,,,
2503,2.7840,-0.1362,-0.1863,3.000,good,0.001,3.88,0,0,0,0,10.73,1,0.0,,,
2504,2.7840,-0.1107,0.0507,3.015,good,0.000,2.51,0,0,0,0,9.91,3,0.0,,,
2509,2.7840,-0.1198,0.0875,3.002,good,0.000,4.55,0,0,0,0,13.22,2,0.0,,,
2510,2.7840,-0.1169,0.2213,2.997,good,0.002,5.21,0,0,0,0,12.35,2,0.0,,,
2515,2.7840,-0.1029,-0.1815,3.000,good,0.001,3.95,0,0,0,0,7.65,1,0.0,,,
2507,2.7880,-0.1144,0.1951,2.876,good,0.000,1.97,0,0,0,0,14.56,3,0.0,,,
2508,2.7880,-0.1084,-0.0205,2.977,good,0.000,2.57,0,0,0,0,10.00,3,0.0,,,
2512,2.7920,-0.1107,-0.0358,3.009,black,1.000,50.45,1,1,1,0,10.00,3,3.2,27,2489,
2513,2.7920,-0.1105,-0.2333,2.970,good,0.038,3.37,0,0,0,0,10.87,3,0.0,,,
2514,2.7920,-0.1102,0.1020,2.981,good,0.011,3.92,0,0,0,0,10.53,3,0.0,,,
2516,2.7960,-0.1115,0.1945,2.939,good,0.000,2.51,0,0,0,0,11.97,3,0.0,,,
2517,2.7960,-0.1098,-0.1541,2.991,good,0.000,3.13,0,0,0,0,10.13,3,0.0,,,
2518,2.7960,-0.1216,-0.1055,2.817,good,0.000,1.73,0,0,0,0,14.66,2,0.0,,,
2519,2.7960,-0.1096,0.1126,2.827,good,0.000,4.99,0,0,0,0,14.16,3,0.0,,,
2522,2.7960,-0.1167,-0.0196,2.674,good,0.003,6.13,0,0,0,0,21.06,2,0.0,,,
2523,2.7960,-0.1188,0.1447,2.742,insect,1.000,10.28,1,1,1,0,19.80,2,3.1,50,2496,
2529,2.7960,-0.1103,-0.1013,3.000,good,0.000,1.72,0,0,0,0,10.11,1,0.0,,,
2520,2.8000,-0.1140,0.0634,2.732,good,0.001,2.77,0,0,0,0,18.32,3,0.0,,,
2521,2.8000,-0.1084,0.2011,2.941,good,0.000,2.04,0,0,0,0,10.88,3,0.0,,,
2528,2.8000,-0.1179,0.1545,2.998,good,0.000,2.35,0,0,0,0,12.66,2,0.0,,,
2524,2.8040,-0.1140,0.1108,3.003,faded,0.974,3.76,1,1,1,0,11.28,3,3.2,46|45,2505,2505
2525,2.8040,-0.1140,0.0027,3.001,good,0.032,2.66,0,0,0,0,11.32,3,0.0,,,
2526,2.8040,-0.1115,-0.0847,3.003,good,0.002,3.79,0,0,0,0,10.45,3,0.0,,,
2527,2.8040,-0.1089,0.1814,2.998,good,0.000,3.26,0,0,0,0,9.66,3,0.0,,,
2533,2.8040,-0.1170,-0.2035,3.395,good,0.019,3.18,0,0,0,0,3.93,2,0.0,,,
2534,2.8040,-0.1282,-0.0302,3.000,good,0.115,3.82,0,0,0,0,12.07,1,0.0,,,
2539,2.8040,-0.1098,-0.0339,3.000,good,0.302,3.91,0,0,0,0,9.93,1,0.0,,,
2530,2.8080,-0.1135,-0.0002,3.001,good,0.000,2.62,0,0,0,0,11.15,3,0.0,,,
2532,2.8080,-0.1107,0.2251,3.000,good,0.000,1.75,0,0,0,0,10.23,3,0.0,,,
2536,2.8080,-0.1199,0.0251,3.001,good,0.000,1.94,0,0,0,0,13.27,2,0.0,,,
2537,2.8080,-0.1187,-0.1970,2.995,good,0.000,1.58,0,0,0,0,13.00,2,0.0,,,
2538,2.8080,-0.1182,0.0833,2.990,good,0.000,2.20,0,0,0,0,12.97,2,0.0,,,
2531,2.8120,-0.1122,-0.1835,2.038,good,0.004,2.52,0,0,0,0,44.10,4,0.0,,,
2535,2.8120,-0.1146,-0.1141,2.999,good,0.000,3.08,0,0,0,0,11.58,3,0.0,,,
2543,2.8120,-0.1149,-0.2126,3.382,good,0.000,2.94,0,0,0,0,3.56,2,0.0,,,
2540,2.8160,-0.1144,-0.1491,2.998,good,0.001,2.11,0,0,0,0,11.50,3,0.0,,,
2541,2.8160,-0.1117,0.2170,2.989,good,0.000,3.61,0,0,0,0,10.82,3,0.0,,,
2542,2.8160,-0.1097,0.2375,2.993,sour,1.000,24.16,1,1,1,0,10.09,3,3.2,62,2503,2503
2547,2.8160,-0.1199,0.1173,3.207,good,0.000,1.75,0,0,0,0,8.56,2,0.0,,,
2548,2.8160,-0.1198,-0.0182,3.023,good,0.000,2.21,0,0,0,0,12.70,2,0.0,,,
2557,2.8160,-0.1040,-0.1861,3.000,good,0.020,2.29,0,0,0,0,8.01,1,0.0,,,
2558,2.8160,-0.1014,-0.2170,3.000,good,0.000,2.79,0,0,0,0,7.13,1,0.0,,,
2544,2.8200,-0.1139,-0.0698,3.019,good,0.001,2.84,0,0,0,0,10.85,3,0.0,,,
2545,2.8200,-0.1118,-0.1228,2.838,good,0.000,3.40,0,0,0,0,14.61,3,0.0,,,
2546,2.8200,-0.1120,0.1654,2.940,good,0.003,3.46,0,0,0,0,12.11,3,0.0,,,
2549,2.8200,-0.1100,0.0895,2.893,husk,1.000,31.43,1,1,1,0,12.59,3,2.4,43,2568,2568
2555,2.8200,-0.1186,-0.0565,2.979,good,0.000,1.88,0,0,0,0,13.40,2,0.0,,,
2556,2.8200,-0.1169,0.2041,2.973,good,0.025,4.71,0,0,0,0,12.94,2,0.0,,,
2550,2.8240,-0.1144,0.2110,2.991,good,0.000,2.68,0,0,0,0,11.67,3,0.0,,,
2551,2.8240,-0.1130,-0.0016,3.018,insect,1.000,4.10,1,1,1,0,10.57,3,3.1,31|32,2522,
2552,2.8240,-0.1133,0.1420,2.994,good,0.000,1.92,0,0,0,0,11.24,3,0.0,,,
2553,2.8240,-0.1117,-0.1129,2.896,good,0.006,2.68,0,0,0,0,13.09,3,0.0,,,
2554,2.8240,-0.1099,0.0516,3.007,good,0.001,3.29,0,0,0,0,9.80,3,0.0,,,
2562,2.8240,-0.1198,0.0988,3.029,good,0.000,2.45,0,0,0,0,12.56,2,0.0,,,
2563,2.8240,-0.1193,0.2190,3.011,good,0.000,2.23,0,0,0,0,12.83,2,0.0,,,
2559,2.8280,-0.1129,0.0774,2.996,good,0.000,3.04,0,0,0,0,11.06,3,0.0,,,
2560,2.8280,-0.1121,0.0556,3.000,good,0.000,3.27,0,0,0,0,10.71,3,0.0,,,
2561,2.8280,-0.1232,0.1502,2.781,good,0.000,3.05,0,0,0,0,16.25,2,0.0,,,
2571,2.8280,-0.1121,0.1546,3.000,good,0.000,2.85,0,0,0,0,10.70,1,0.0,,,
2564,2.8320,-0.1158,0.1145,3.000,good,0.000,4.57,0,0,0,0,11.93,3,0.0,,,
2565,2.8320,-0.1150,0.1887,3.014,good,0.007,3.38,0,0,0,0,11.32,3,0.0,,,
2566,2.8320,-0.1105,-0.1602,3.008,black,1.000,47.35,1,1,1,0,9.96,3,3.2,11,2537,2537
2567,2.8320,-0.1198,-0.2424,3.450,good,0.021,3.83,0,0,0,0,3.72,2,0.0,,,
2569,2.8320,-0.1168,-0.1239,2.844,good,0.001,2.98,0,0,0,0,16.24,2,0.0,,,
2570,2.8320,-0.1133,0.1438,3.353,good,0.030,13.73,0,0,0,0,3.62,2,0.0,,,
2568,2.8360,-0.1201,-0.0174,3.450,good,0.000,5.23,0,0,0,0,-0.20,2,0.0,,,
2574,2.8360,-0.1190,-0.1969,3.010,good,0.000,2.02,0,0,0,0,12.75,2,0.0,,,
2579,2.8360,-0.1058,-0.0208,3.000,good,0.000,5.35,0,0,0,0,8.61,1,0.0,,,
2572,2.8400,-0.1133,-0.0757,3.001,good,0.001,1.64,0,0,0,0,11.06,3,0.0,,,
2573,2.8400,-0.1091,-0.2274,2.980,black,1.000,48.56,1,1,1,0,10.17,3,3.2,2|3,2555,2555
2575,2.8440,-0.1160,0.0732,3.002,good,0.000,2.55,0,0,0,0,11.95,3,0.0,,,
2576,2.8440,-0.1155,0.1314,2.948,good,0.003,3.61,0,0,0,0,13.08,3,0.0,,,
2577,2.8440,-0.1112,0.0640,3.004,sour,1.000,13.04,1,1,1,0,10.31,3,3.2,40|39,2549,2549
2578,2.8440,-0.1084,0.0388,3.007,good,0.000,2.12,0,0,0,0,9.30,3,0.0,,,
2580,2.8480,-0.1139,-0.1781,3.293,good,0.018,3.11,0,0,0,0,4.95,3,0.0,,,
2581,2.8480,-0.1090,0.1018,2.989,good,0.008,3.02,0,0,0,0,9.90,3,0.0,,,
2583,2.8480,-0.1185,-0.2117,3.001,good,0.072,3.20,0,0,0,0,12.82,2,0.0,,,
2584,2.8480,-0.1161,-0.1861,2.960,good,0.000,3.89,0,0,0,0,13.00,2,0.0,,,
2582,2.8520,-0.1092,0.1117,3.010,good,0.012,3.81,0,0,0,0,9.50,3,0.0,,,
2587,2.8520,-0.1172,-0.1934,3.077,good,0.002,5.99,0,0,0,0,10.60,2,0.0,,,
2585,2.8560,-0.1184,0.1332,2.707,good,0.000,2.50,0,0,0,0,20.70,3,0.0,,,
2586,2.8560,-0.1086,0.1957,3.001,good,0.000,3.48,0,0,0,0,9.49,3,0.0,,,
2588,2.8600,-0.1168,-0.1381,3.006,husk,0.923,17.11,1,1,1,0,12.13,3,2.4,14,2556,2556
2589,2.8600,-0.1111,-0.1232,2.992,faded,1.000,5.80,1,1,1,0,10.56,3,3.2,16,2577,2577
2590,2.8600,-0.1087,-0.0649,3.004,good,0.001,4.19,0,0,0,0,9.47,3,0.0,,,
2592,2.8600,-0.1182,-0.0917,3.450,good,0.002,4.72,0,0,0,0,3.24,2,0.0,,,
2593,2.8600,-0.1185,0.0890,3.023,good,0.009,2.98,0,0,0,0,12.26,2,0.0,,,
2594,2.8600,-0.1184,0.1952,2.971,good,0.002,12.14,0,0,0,0,13.49,2,0.0,,,
2591,2.8640,-0.1154,0.0562,3.000,good,0.000,2.35,0,0,0,0,11.78,3,0.0,,,
2596,2.8640,-0.1184,0.0897,2.989,good,0.000,3.01,0,0,0,0,13.05,2,0.0,,,
2597,2.8640,-0.1163,-0.0269,3.156,good,0.002,1.66,0,0,0,0,8.53,2,0.0,,,
2598,2.8640,-0.1155,-0.1710,3.420,broken,1.000,8.16,1,1,1,0,3.02,2,2.4,10|9,2590,
2595,2.8680,-0.1132,0.1131,2.997,good,0.000,2.93,0,0,0,0,11.12,3,0.0,,,
2599,2.8680,-0.1189,0.0224,3.268,good,0.000,2.68,0,0,0,0,6.98,2,0.0,,,
2601,2.8680,-0.1177,-0.2110,3.023,good,0.001,2.67,0,0,0,0,12.01,2,0.0,,,
2600,2.8720,-0.1083,0.1763,3.000,good,0.000,3.14,0,0,0,0,9.46,3,0.0,,,
2602,2.8760,-0.1105,-0.0185,2.996,good,0.000,3.40,0,0,0,0,10.25,3,0.0,,,
2603,2.8760,-0.1084,0.0011,3.000,good,0.004,3.30,0,0,0,0,9.48,3,0.0,,,
2605,2.8760,-0.1176,0.1183,3.007,good,0.000,2.08,0,0,0,0,12.39,2,0.0,,,
2606,2.8760,-0.1157,-0.0364,3.338,good,0.001,2.70,0,0,0,0,4.62,2,0.0,,,
2607,2.8760,-0.1169,0.1512,2.872,good,0.000,2.01,0,0,0,0,15.54,2,0.0,,,
2608,2.8760,-0.1157,-0.0778,3.013,good,0.000,2.39,0,0,0,0,11.58,2,0.0,,,
2604,2.8800,-0.1133,0.0370,2.998,good,0.000,2.62,0,0,0,0,11.13,3,0.0,,,
2617,2.8800,-0.1024,-0.0406,3.000,good,0.002,2.81,0,0,0,0,7.45,1,0.0,,,
2609,2.8840,-0.1155,-0.0293,2.991,good,0.000,2.50,0,0,0,0,12.04,3,0.0,,,
2610,2.8840,-0.1143,0.1917,3.002,good,0.009,3.19,0,0,0,0,11.39,3,0.0,,,
2611,2.8840,-0.1119,0.0272,3.014,faded,1.000,6.08,1,1,1,0,10.30,3,3.2,35,2593,2593
2612,2.8840,-0.1346,-0.1256,3.000,good,0.001,2.42,0,0,0,0,10.19,1,0.0,,,
2613,2.8840,-0.1082,-0.0105,2.988,good,0.001,2.25,0,0,0,0,9.67,3,0.0,,,
2615,2.8840,-0.1182,0.1461,3.006,good,0.000,2.30,0,0,0,0,12.58,2,0.0,,,
2616,2.8840,-0.1223,-0.1296,3.000,good,0.000,3.02,0,0,0,0,10.11,1,0.0,,,
2623,2.8840,-0.1101,-0.1337,3.000,good,0.000,2.48,0,0,0,0,10.03,1,0.0,,,
2614,2.8880,-0.1149,-0.1529,3.016,good,0.000,3.20,0,0,0,0,11.24,3,0.0,,,
2620,2.8880,-0.1178,-0.0025,3.450,good,0.000,2.05,0,0,0,0,3.12,2,0.0,,,
2621,2.8880,-0.1162,-0.0909,2.958,good,0.209,10.05,0,0,0,0,13.09,2,0.0,,,
2622,2.8880,-0.1158,-0.0324,2.998,good,0.000,3.47,0,0,0,0,11.99,2,0.0,,,
2618,2.8920,-0.1145,0.0334,2.815,good,0.186,7.02,0,0,0,0,16.20,3,0.0,,,
2619,2.8920,-0.1084,0.2044,3.269,good,0.000,2.87,0,0,0,0,3.75,3,0.0,,,
2626,2.8920,-0.1184,0.1049,2.995,good,0.000,1.94,0,0,0,0,12.93,2,0.0,,,
2624,2.8960,-0.1112,0.0713,2.986,faded,0.977,4.20,1,1,1,0,10.71,3,3.2,41|40,2610,2610
2625,2.8960,-0.1086,0.1570,2.998,good,0.000,3.24,0,0,0,0,9.56,3,0.0,,,
2629,2.8960,-0.1194,0.1923,2.991,good,0.002,3.03,0,0,0,0,13.34,2,0.0,,,
2638,2.8960,-0.1095,0.0324,3.000,good,0.001,4.61,0,0,0,0,9.84,1,0.0,,,
2627,2.9000,-0.1137,-0.2032,2.906,good,0.000,2.40,0,0,0,0,13.55,3,0.0,,,
2628,2.9000,-0.1347,-0.2463,3.000,good,0.012,5.22,0,0,0,0,10.24,1,0.0,,,
2633,2.9000,-0.1195,0.2154,2.886,good,0.000,2.00,0,0,0,0,16.08,2,0.0,,,
2634,2.9000,-0.1185,-0.0947,3.019,black,1.000,46.83,1,1,1,0,12.39,2,3.2,19|20,2596,2596
2635,2.9000,-0.1169,0.0768,3.002,good,0.001,2.87,0,0,0,0,12.27,2,0.0,,,
2636,2.9000,-0.1299,-0.2441,3.000,good,0.000,10.62,0,0,0,0,12.62,1,0.0,,,
2637,2.9000,-0.1180,-0.1930,3.001,good,0.000,2.71,0,0,0,0,12.62,2,0.0,,,
2630,2.9040,-0.1162,0.1053,2.872,good,0.000,4.47,0,0,0,0,15.27,3,0.0,,,
2631,2.9040,-0.1129,0.0533,2.881,good,0.000,2.14,0,0,0,0,13.90,3,0.0,,,
2632,2.9040,-0.1107,-0.2066,2.997,good,0.000,1.46,0,0,0,0,10.32,3,0.0,,,
2642,2.9040,-0.1157,-0.1367,3.010,good,0.000,3.20,0,0,0,0,11.67,2,0.0,,,
2643,2.9040,-0.1250,-0.2419,3.000,good,0.007,9.06,0,0,0,0,11.01,1,0.0,,,
2639,2.9080,-0.1150,-0.2393,2.934,black,0.971,50.98,1,1,1,0,13.29,3,3.2,1,2582|2614,2614
2640,2.9080,-0.1149,0.1131,2.902,good,0.001,3.15,0,0,0,0,14.04,3,0.0,,,
2641,2.9080,-0.1083,-0.1714,2.963,sour,1.000,17.07,1,1,1,0,10.31,3,3.2,10|9,2606,2606
2644,2.9120,-0.1159,-0.0435,2.878,good,0.000,1.98,0,0,0,0,15.04,3,0.0,,,
2647,2.9120,-0.1192,-0.0607,2.988,good,0.000,3.22,0,0,0,0,13.38,2,0.0,,,
2651,2.9120,-0.1033,0.1098,3.000,good,0.001,2.90,0,0,0,0,7.75,1,0.0,,,
2645,2.9160,-0.1113,-0.1475,3.450,good,0.004,1.94,0,0,0,0,1.24,3,0.0,,,
2646,2.9160,-0.1099,0.0788,2.706,good,0.006,2.13,0,0,0,0,17.55,3,0.0,,,
2650,2.9160,-0.1195,0.0904,2.995,good,0.000,2.02,0,0,0,0,13.28,2,0.0,,,
2654,2.9160,-0.1031,-0.2329,3.000,good,0.000,7.56,0,0,0,0,7.72,1,0.0,,,
2648,2.9200,-0.1090,0.2073,3.260,good,0.000,3.06,0,0,0,0,4.11,3,0.0,,,
2649,2.9200,-0.1093,-0.1963,3.017,good,0.000,2.80,0,0,0,0,9.39,3,0.0,,,
2652,2.9240,-0.1116,0.0039,3.003,good,0.000,4.10,0,0,0,0,10.47,3,0.0,,,
2653,2.9240,-0.1086,-0.2220,3.077,good,0.237,3.07,0,0,0,0,7.80,3,0.0,,,
2659,2.9240,-0.1319,0.1458,3.000,good,0.066,4.08,0,0,0,0,13.30,1,0.0,,,
2660,2.9240,-0.1185,0.0623,2.968,good,0.000,3.45,0,0,0,0,13.62,2,0.0,,,
2661,2.9240,-0.1311,0.1550,3.000,good,0.002,4.32,0,0,0,0,13.04,1,0.0,,,
2665,2.9240,-0.1190,0.1494,3.000,good,0.199,9.00,0,0,0,0,13.00,1,0.0,,,
2655,2.9280,-0.1258,-0.1841,2.869,good,0.000,2.15,0,0,0,0,14.71,2,0.0,,,
2656,2.9280,-0.1108,0.2442,3.000,good,0.000,1.99,0,0,0,0,10.27,3,0.0,,,
2657,2.9280,-0.1097,-0.1569,3.002,good,0.001,3.12,0,0,0,0,9.86,3,0.0,,,
2658,2.9280,-0.1109,0.0093,2.875,sour,1.000,22.21,1,1,1,0,13.37,3,3.2,33|32,2650,2650
2664,2.9280,-0.1196,0.0037,3.000,insect,1.000,3.91,1,1,1,0,13.19,2,3.1,32,2646,2646
2669,2.9280,-0.1143,-0.1880,3.000,good,0.000,2.11,0,0,0,0,11.44,1,0.0,,,
2662,2.9320,-0.1162,0.0136,2.851,good,0.000,2.11,0,0,0,0,15.82,3,0.0,,,
2663,2.9320,-0.1112,0.1981,3.030,good,0.023,3.37,0,0,0,0,9.71,3,0.0,,,
2668,2.9320,-0.1171,-0.1204,3.097,broken,0.870,4.17,1,1,1,0,10.10,2,2.4,16,2640,2640
2666,2.9360,-0.1150,0.1397,3.016,good,0.001,3.59,0,0,0,0,11.27,3,0.0,,,
2667,2.9360,-0.1077,-0.1677,3.119,good,0.096,16.28,0,0,0,0,6.60,3,0.0,,,
2672,2.9360,-0.1186,0.1123,3.146,good,0.016,3.90,0,0,0,0,9.46,2,0.0,,,
2673,2.9360,-0.1180,0.2190,3.450,good,0.017,4.65,0,0,0,0,3.18,2,0.0,,,
2674,2.9360,-0.1170,-0.2093,2.938,black,1.000,57.20,1,1,1,0,13.85,2,3.2,5,2649,
2670,2.9400,-0.1139,0.0103,3.004,good,0.002,3.08,0,0,0,0,11.19,3,0.0,,,
2671,2.9400,-0.1103,0.0441,3.003,good,0.001,2.67,0,0,0,0,10.02,3,0.0,,,
2679,2.9400,-0.1190,-0.1767,3.029,good,0.000,2.76,0,0,0,0,12.29,2,0.0,,,
2675,2.9440,-0.1183,0.0422,2.470,good,0.011,2.94,0,0,0,0,28.37,3,0.0,,,
2676,2.9440,-0.1113,-0.1497,3.005,good,0.005,4.02,0,0,0,0,10.33,3,0.0,,,
2677,2.9440,-0.1111,0.1620,3.002,good,0.000,2.82,0,0,0,0,10.32,3,0.0,,,
2678,2.9440,-0.1091,-0.0849,3.006,good,0.291,3.91,0,0,0,0,9.56,3,0.0,,,
2681,2.9440,-0.1310,-0.0241,3.000,stone,1.000,7.64,1,1,1,0,13.02,1,9.1,28|29|27,,
2684,2.9440,-0.1198,-0.0289,3.000,stone,1.000,8.17,1,1,1,0,13.25,1,9.1,28|27|29,2626,
2680,2.9480,-0.1122,-0.0772,2.820,sour,1.000,20.36,1,1,1,0,15.24,3,3.2,22|21,2585,
2683,2.9480,-0.1163,-0.1891,2.992,good,0.000,3.49,0,0,0,0,12.30,2,0.0,,,
2688,2.9480,-0.1085,-0.0337,3.000,stone,1.000,8.21,1,1,1,0,9.49,1,9.1,27|28|26,2626,
2682,2.9520,-0.1154,0.1279,2.765,good,0.151,3.81,0,0,0,0,17.91,3,0.0,,,
2687,2.9520,-0.1147,0.0821,2.995,good,0.011,7.14,0,0,0,0,11.70,2,0.0,,,
2685,2.9560,-0.1097,-0.2035,2.916,good,0.001,2.01,0,0,0,0,11.91,3,0.0,,,
2686,2.9560,-0.1091,0.1815,2.832,good,0.000,3.55,0,0,0,0,13.82,3,0.0,,,
2691,2.9560,-0.1159,0.0290,3.450,good,0.000,7.30,0,0,0,0,2.57,2,0.0,,,
2692,2.9560,-0.1155,-0.0002,2.996,good,0.002,2.63,0,0,0,0,11.91,2,0.0,,,
2689,2.9600,-0.1144,0.1839,2.890,good,0.001,2.52,0,0,0,0,14.18,3,0.0,,,
2690,2.9600,-0.1088,0.2085,3.006,good,0.000,3.62,0,0,0,0,9.46,3,0.0,,,
2695,2.9600,-0.1167,0.0170,2.993,good,0.000,2.85,0,0,0,0,12.40,2,0.0,,,
2693,2.9640,-0.1131,0.1512,2.996,good,0.007,5.52,0,0,0,0,11.14,3,0.0,,,
2694,2.9640,-0.1094,-0.0898,2.674,good,0.005,2.53,0,0,0,0,18.30,3,0.0,,,
2696,2.9680,-0.1142,-0.0518,3.007,good,0.000,2.83,0,0,0,0,11.24,3,0.0,,,
2697,2.9680,-0.1080,0.0309,2.998,insect,1.000,4.00,1,1,1,0,9.37,3,3.1,35|36,2682,2682
2702,2.9680,-0.1192,0.1296,3.010,good,0.003,2.64,0,0,0,0,12.82,2,0.0,,,
2698,2.9720,-0.1137,-0.0722,3.007,good,0.000,2.88,0,0,0,0,11.06,3,0.0,,,
2699,2.9720,-0.1124,-0.2233,2.999,good,0.003,4.75,0,0,0,0,10.82,3,0.0,,,
2700,2.9720,-0.1117,-0.1134,3.000,good,0.016,2.56,0,0,0,0,10.57,3,0.0,,,
2701,2.9720,-0.1087,0.2200,2.965,good,0.029,2.13,0,0,0,0,10.40,3,0.0,,,
2706,2.9720,-0.1179,-0.0352,2.984,good,0.001,6.35,0,0,0,0,13.03,2,0.0,,,
2703,2.9760,-0.1157,0.1365,2.802,good,0.040,2.64,0,0,0,0,17.00,3,0.0,,,
2704,2.9760,-0.1119,-0.1820,3.030,good,0.000,2.68,0,0,0,0,9.92,3,0.0,,,
2705,2.9760,-0.1108,0.0217,3.002,shell,1.000,9.97,1,1,1,0,10.24,3,2.4,34,2675,2675
2707,2.9760,-0.1200,-0.1168,3.018,good,0.000,2.98,0,0,0,0,12.89,2,0.0,,,
2708,2.9760,-0.1176,-0.1264,2.911,black,1.000,55.01,1,1,1,0,14.76,2,3.2,15|16,2684,2684
2709,2.9840,-0.1160,-0.0627,2.709,good,0.005,5.86,0,0,0,0,19.74,3,0.0,,,
2710,2.9840,-0.1125,0.0950,2.986,good,0.001,3.00,0,0,0,0,11.17,3,0.0,,,
2711,2.9840,-0.1162,0.1103,2.474,black,1.000,46.05,1,1,1,0,27.39,3,3.2,46|45,2668,
2712,2.9840,-0.1102,0.1666,3.000,good,0.000,2.53,0,0,0,0,10.06,3,0.0,,,
2713,2.9880,-0.1263,0.2165,2.444,good,0.025,3.81,0,0,0,0,28.58,2,0.0,,,
2714,2.9880,-0.1236,-0.0507,2.970,good,0.001,2.23,0,0,0,0,11.28,2,0.0,,,
2718,2.9880,-0.1193,0.1812,2.934,good,0.001,2.50,0,0,0,0,14.76,2,0.0,,,
2719,2.9880,-0.1163,-0.1731,3.016,good,0.000,2.77,0,0,0,0,11.72,2,0.0,,,
2724,2.9880,-0.1165,0.2126,3.000,good,0.001,3.81,0,0,0,0,12.17,1,0.0,,,
2725,2.9880,-0.1117,-0.0541,3.000,good,0.002,2.17,0,0,0,0,10.58,1,0.0,,,
2715,2.9920,-0.1134,0.1604,3.032,good,0.000,2.94,0,0,0,0,10.36,3,0.0,,,
2716,2.9920,-0.1119,-0.1298,2.996,good,0.000,1.89,0,0,0,0,10.73,3,0.0,,,
2717,2.9920,-0.1134,-0.0277,2.456,good,0.014,1.71,0,0,0,0,26.88,3,0.0,,,
2723,2.9920,-0.1191,-0.2193,3.061,good,0.019,2.43,0,0,0,0,11.56,2,0.0,,,
2720,2.9960,-0.1139,0.0727,3.005,good,0.001,1.57,0,0,0,0,11.18,3,0.0,,,
2721,2.9960,-0.1133,-0.2395,3.012,faded,0.994,4.05,1,1,1,0,10.84,3,3.2,1,2688,
2722,2.9960,-0.1188,-0.1565,2.243,shell,1.000,17.94,1,1,1,0,37.55,3,2.4,11|12,2647,
2735,2.9960,-0.1069,-0.2241,3.000,good,0.021,2.55,0,0,0,0,8.95,1,0.0,,,
2726,3.0000,-0.1143,0.0607,2.996,good,0.001,3.15,0,0,0,0,11.53,3,0.0,,,
2727,3.0000,-0.1114,-0.0488,3.019,good,0.000,3.48,0,0,0,0,10.01,3,0.0,,,
2728,3.0000,-0.1097,0.1333,2.796,good,0.003,2.06,0,0,0,0,15.00,3,0.0,,,
2731,3.0000,-0.1184,-0.1984,2.871,good,0.046,6.11,0,0,0,0,16.09,2,0.0,,,
2733,3.0000,-0.1166,-0.1217,2.982,good,0.018,1.87,0,0,0,0,12.64,2,0.0,,,
2734,3.0000,-0.1161,0.0093,2.985,good,0.000,2.55,0,0,0,0,12.39,2,0.0,,,
2742,3.0000,-0.1098,-0.1597,3.000,shell,1.000,17.23,1,1,1,0,9.94,1,2.4,11,2647,
2729,3.0040,-0.1136,-0.0313,3.064,good,0.142,5.28,0,0,0,0,9.72,3,0.0,,,
2730,3.0040,-0.1111,-0.1331,3.231,good,0.000,2.71,0,0,0,0,5.34,3,0.0,,,
2732,3.0040,-0.1082,-0.1843,3.000,good,0.000,2.47,0,0,0,0,9.40,3,0.0,,,
2739,3.0040,-0.1194,0.1406,2.998,good,0.000,2.34,0,0,0,0,13.18,2,0.0,,,
2740,3.0040,-0.1175,-0.0683,3.006,good,0.002,2.73,0,0,0,0,12.37,2,0.0,,,
2741,3.0040,-0.1174,-0.1442,3.000,good,0.000,2.52,0,0,0,0,12.48,2,0.0,,,
2736,3.0080,-0.1152,0.0493,2.946,good,0.000,3.53,0,0,0,0,13.07,3,0.0,,,
2737,3.0080,-0.1110,-0.0884,3.007,good,0.000,3.12,0,0,0,0,10.16,3,0.0,,,
2738,3.0080,-0.1099,0.1044,2.991,good,0.000,2.69,0,0,0,0,10.19,3,0.0,,,
2743,3.0120,-0.1123,-0.1736,3.000,good,0.000,1.95,0,0,0,0,10.76,3,0.0,,,
2744,3.0120,-0.1109,0.0238,2.892,good,0.001,2.73,0,0,0,0,12.93,3,0.0,,,
2749,3.0120,-0.1145,-0.2251,3.301,black,1.000,51.28,1,1,1,0,4.97,2,3.2,3|2,2731,
2745,3.0160,-0.1131,-0.0441,2.972,good,0.000,4.22,0,0,0,0,11.69,3,0.0,,,
2746,3.0160,-0.1084,-0.1088,2.999,good,0.000,2.06,0,0,0,0,9.50,3,0.0,,,
2747,3.0160,-0.1093,-0.0644,2.761,faded,0.989,5.47,1,1,1,0,15.80,3,3.2,23,2718,
2748,3.0160,-0.1083,-0.0020,2.995,good,0.000,3.08,0,0,0,0,9.57,3,0.0,,,
2753,3.0160,-0.1179,0.1128,2.992,good,0.112,2.45,0,0,0,0,12.82,2,0.0,,,
2750,3.0200,-0.1128,-0.1131,3.012,good,0.001,2.97,0,0,0,0,10.65,3,0.0,,,
2751,3.0200,-0.1120,-0.0851,3.029,good,0.004,2.80,0,0,0,0,10.00,3,0.0,,,
2752,3.0200,-0.1100,-0.1919,2.997,good,0.000,6.67,0,0,0,0,10.08,3,0.0,,,
2754,3.0240,-0.1136,-0.0996,3.255,good,0.001,2.18,0,0,0,0,5.63,3,0.0,,,
2756,3.0240,-0.1197,-0.1906,2.995,good,0.003,5.89,0,0,0,0,13.36,2,0.0,,,
2758,3.0240,-0.1190,0.1384,3.008,good,0.003,2.01,0,0,0,0,12.81,2,0.0,,,
2759,3.0240,-0.1183,-0.0126,2.889,good,0.001,4.31,0,0,0,0,15.56,2,0.0,,,
2755,3.0280,-0.1157,0.0721,3.003,good,0.000,2.78,0,0,0,0,11.82,3,0.0,,,
2757,3.0280,-0.1089,-0.1702,2.787,good,0.106,7.06,0,0,0,0,14.95,3,0.0,,,
2762,3.0280,-0.1153,0.0891,3.000,good,0.000,1.82,0,0,0,0,11.75,2,0.0,,,
2760,3.0320,-0.1149,-0.0137,2.929,stick,1.000,55.55,1,1,1,0,13.39,3,2.4,30,2708,
2761,3.0320,-0.1131,-0.0591,2.771,good,0.001,3.95,0,0,0,0,16.89,3,0.0,,,
2763,3.0360,-0.1150,0.1638,3.088,insect,1.000,7.50,1,1,1,0,9.65,3,3.1,52|53,2736,
2764,3.0360,-0.1135,-0.0524,3.021,good,0.000,6.25,0,0,0,0,10.67,3,0.0,,,
2766,3.0360,-0.1190,-0.1563,3.012,good,0.000,3.32,0,0,0,0,12.69,2,0.0,,,
2767,3.0360,-0.1165,-0.1881,3.001,good,0.013,2.60,0,0,0,0,12.16,2,0.0,,,
2768,3.0360,-0.1174,-0.0835,3.000,good,0.001,2.45,0,0,0,0,12.49,2,0.0,,,
2769,3.0360,-0.1170,-0.0254,2.993,good,0.001,2.61,0,0,0,0,12.49,2,0.0,,,
2770,3.0360,-0.1157,-0.2113,3.008,good,0.058,2.86,0,0,0,0,11.70,2,0.0,,,
2765,3.0400,-0.1160,-0.0368,2.936,good,0.000,3.41,0,0,0,0,13.57,3,0.0,,,
2774,3.0440,-0.1195,0.1999,3.189,good,0.007,8.04,0,0,0,0,8.82,2,0.0,,,
2776,3.0440,-0.1167,-0.1832,3.001,good,0.024,7.45,0,0,0,0,12.21,2,0.0,,,
2771,3.0480,-0.1144,-0.1199,3.004,good,0.000,2.47,0,0,0,0,11.36,3,0.0,,,
2772,3.0480,-0.1121,-0.1909,2.897,good,0.000,1.86,0,0,0,0,13.24,3,0.0,,,
2773,3.0480,-0.1111,0.1622,2.976,good,0.002,2.89,0,0,0,0,10.92,3,0.0,,,
2775,3.0480,-0.1089,0.0941,2.978,good,0.001,1.85,0,0,0,0,10.15,3,0.0,,,
2778,3.0480,-0.1189,-0.0378,2.975,insect,1.000,3.97,1,1,1,0,13.58,2,3.1,27|26,2747,2747
2779,3.0480,-0.1180,0.0985,2.999,good,0.000,2.51,0,0,0,0,12.69,2,0.0,,,
2785,3.0480,-0.1013,0.2001,3.000,husk,1.000,12.42,1,1,1,0,7.11,1,2.4,57,2791,
2777,3.0520,-0.1100,0.2218,3.000,good,0.005,3.60,0,0,0,0,10.01,3,0.0,,,
2781,3.0520,-0.1183,0.2148,3.001,good,0.000,2.96,0,0,0,0,12.74,2,0.0,,,
2782,3.0520,-0.1181,-0.1491,3.002,good,0.002,2.12,0,0,0,0,12.67,2,0.0,,,
2783,3.0520,-0.1165,0.0845,3.054,sour,1.000,13.82,1,1,1,0,10.88,2,3.2,42|43,2750,2750
2784,3.0520,-0.1172,0.1882,2.739,good,0.011,3.09,0,0,0,0,19.29,2,0.0,,,
2780,3.0560,-0.1097,0.0256,3.029,good,0.000,2.98,0,0,0,0,9.23,3,0.0,,,
2788,3.0560,-0.1193,-0.1092,3.098,good,0.001,2.07,0,0,0,0,10.79,2,0.0,,,
2786,3.0600,-0.1121,-0.1647,3.026,good,0.000,1.70,0,0,0,0,10.08,3,0.0,,,
2787,3.0600,-0.1123,-0.2075,2.974,good,0.005,2.03,0,0,0,0,11.36,3,0.0,,,
2791,3.0600,-0.1187,0.1809,2.999,good,0.002,1.78,0,0,0,0,12.93,2,0.0,,,
2792,3.0600,-0.1178,0.2110,2.997,good,0.029,2.31,0,0,0,0,12.66,2,0.0,,,
2789,3.0640,-0.1156,-0.1108,3.022,good,0.001,2.45,0,0,0,0,11.32,3,0.0,,,
2790,3.0640,-0.1124,0.1438,2.829,good,0.000,1.97,0,0,0,0,15.09,3,0.0,,,
2796,3.0640,-0.1172,0.1056,2.984,good,0.000,3.05,0,0,0,0,12.79,2,0.0,,,
2797,3.0640,-0.1154,-0.2032,2.996,good,0.000,2.79,0,0,0,0,11.90,2,0.0,,,
2793,3.0680,-0.1149,0.0412,3.008,good,0.000,3.13,0,0,0,0,11.45,3,0.0,,,
2794,3.0680,-0.1115,0.0265,2.992,good,0.000,2.28,0,0,0,0,10.69,3,0.0,,,
2795,3.0680,-0.1080,0.0120,3.020,good,0.295,3.05,0,0,0,0,8.87,3,0.0,,,
2798,3.0680,-0.1189,0.2035,3.001,good,0.002,3.35,0,0,0,0,12.95,2,0.0,,,
2799,3.0680,-0.1142,-0.1285,3.450,good,0.077,6.39,0,0,0,0,2.08,2,0.0,,,
2800,3.0680,-0.1170,-0.0263,2.984,good,0.015,3.27,0,0,0,0,12.73,2,0.0,,,
2801,3.0760,-0.1103,0.0904,3.001,sour,1.000,16.80,1,1,1,0,10.08,3,3.2,43,2786,2786
2802,3.0800,-0.1176,0.2239,2.695,black,1.000,51.08,1,1,1,0,20.72,3,3.2,60,2769,2769
2803,3.0800,-0.1115,0.0397,3.000,good,0.000,3.07,0,0,0,0,10.50,3,0.0,,,
2808,3.0800,-0.1195,0.1745,3.063,black,1.000,52.34,1,1,1,0,11.66,2,3.2,54,2788,
2809,3.0800,-0.1146,0.0977,3.194,good,0.000,1.54,0,0,0,0,7.18,2,0.0,,,
2804,3.0840,-0.1264,0.0262,3.005,good,0.001,3.55,0,0,0,0,11.33,2,0.0,,,
2805,3.0840,-0.1137,-0.1847,2.812,good,0.001,2.79,0,0,0,0,15.97,3,0.0,,,
2806,3.0840,-0.1122,-0.1277,3.005,good,0.002,2.01,0,0,0,0,10.61,3,0.0,,,
2807,3.0840,-0.1109,-0.0782,2.999,good,0.000,3.61,0,0,0,0,10.34,3,0.0,,,
2813,3.0840,-0.1184,-0.2293,2.966,good,0.000,3.58,0,0,0,0,13.64,2,0.0,,,
2817,3.0840,-0.1144,0.0220,3.000,good,0.001,3.57,0,0,0,0,11.46,1,0.0,,,
2810,3.0880,-0.1143,0.1617,3.160,good,0.000,1.65,0,0,0,0,7.82,3,0.0,,,
2811,3.0880,-0.1141,-0.1209,3.001,good,0.000,3.01,0,0,0,0,11.35,3,0.0,,,
2812,3.0880,-0.1097,-0.1267,3.000,good,0.000,1.81,0,0,0,0,9.91,3,0.0,,,
2815,3.0880,-0.1162,-0.1457,2.996,good,0.005,9.03,0,0,0,0,12.14,2,0.0,,,
2823,3.0880,-0.1024,-0.1885,3.000,good,0.000,2.77,0,0,0,0,7.47,1,0.0,,,
2814,3.0920,-0.1157,-0.0317,2.998,good,0.247,2.98,0,0,0,0,11.95,3,0.0,,,
2816,3.0920,-0.1109,0.2114,2.604,good,0.000,2.56,0,0,0,0,20.99,3,0.0,,,
2822,3.0920,-0.1189,0.0390,2.703,good,0.004,2.06,0,0,0,0,20.98,2,0.0,,,
2818,3.0960,-0.1154,-0.1334,3.004,good,0.000,4.66,0,0,0,0,11.70,3,0.0,,,
2819,3.0960,-0.1135,-0.0342,3.003,good,0.002,2.20,0,0,0,0,11.08,3,0.0,,,
2820,3.0960,-0.1125,0.0800,2.993,good,0.000,2.84,0,0,0,0,11.01,3,0.0,,,
2821,3.0960,-0.1238,-0.1203,3.092,good,0.001,1.89,0,0,0,0,8.37,2,0.0,,,
2825,3.0960,-0.1188,-0.0548,3.003,good,0.003,10.84,0,0,0,0,12.88,2,0.0,,,
2833,3.0960,-0.1114,-0.1172,3.000,good,0.000,1.78,0,0,0,0,10.47,1,0.0,,,
2824,3.1000,-0.1118,0.2191,3.003,broken,0.769,3.60,1,1,1,0,10.53,3,2.4,60|59,2796,2796
2832,3.1000,-0.1181,-0.0565,2.996,good,0.033,2.63,0,0,0,0,12.82,2,0.0,,,
2826,3.1040,-0.1145,-0.2239,3.008,good,0.000,2.49,0,0,0,0,11.30,3,0.0,,,
2827,3.1040,-0.1137,-0.1735,3.023,good,0.006,2.08,0,0,0,0,10.70,3,0.0,,,
2828,3.1040,-0.1159,0.2371,2.640,good,0.001,2.92,0,0,0,0,21.77,3,0.0,,,
2829,3.1040,-0.1103,-0.1992,3.086,good,0.000,2.59,0,0,0,0,8.15,3,0.0,,,
2830,3.1040,-0.1100,0.2136,3.005,insect,1.000,4.00,1,1,1,0,9.89,3,3.1,59,2787,2787
2831,3.1040,-0.1211,0.2019,3.038,good,0.000,2.66,0,0,0,0,8.78,2,0.0,,,
2835,3.1040,-0.1177,0.0371,2.992,stick,1.000,27.49,1,1,1,0,12.76,2,2.4,36,2801,2801
2841,3.1040,-0.1089,0.2053,3.000,good,0.000,2.66,0,0,0,0,9.63,1,0.0,,,
2834,3.1080,-0.1184,-0.0034,2.225,shell,0.999,12.65,1,1,1,0,38.16,3,2.4,31,2745,
2840,3.1080,-0.1185,0.1550,2.990,stick,1.000,59.91,1,1,1,0,13.07,2,2.4,51|52,2822,
2836,3.1120,-0.1146,-0.0920,3.102,good,0.000,3.74,0,0,0,0,9.19,3,0.0,,,
2837,3.1120,-0.1158,0.1598,2.903,good,0.004,3.28,0,0,0,0,14.32,3,0.0,,,
2838,3.1120,-0.1109,-0.0725,3.309,good,0.000,3.23,0,0,0,0,3.74,3,0.0,,,
2839,3.1120,-0.1093,0.2084,3.008,good,0.000,1.91,0,0,0,0,9.58,3,0.0,,,
2844,3.1120,-0.1198,-0.0235,3.001,good,0.001,4.49,0,0,0,0,13.25,2,0.0,,,
2845,3.1120,-0.1184,0.0565,3.017,good,0.000,2.03,0,0,0,0,12.39,2,0.0,,,
2850,3.1120,-0.1192,0.1433,3.000,good,0.000,1.16,0,0,0,0,13.05,1,0.0,,,
2851,3.1120,-0.1097,-0.0067,3.000,shell,1.000,6.11,1,1,1,0,9.90,1,2.4,31|30,2745,
2842,3.1160,-0.1135,0.1391,2.571,faded,0.801,4.97,1,1,1,0,23.06,3,3.2,49|50,2826,
2843,3.1160,-0.1123,0.1871,3.022,good,0.000,2.31,0,0,0,0,10.25,3,0.0,,,
2849,3.1160,-0.1157,0.2221,3.376,good,0.000,2.30,0,0,0,0,3.89,2,0.0,,,
2846,3.1200,-0.1139,0.2386,2.996,good,0.000,2.28,0,0,0,0,11.39,3,0.0,,,
2847,3.1200,-0.1110,-0.0520,3.000,good,0.000,1.86,0,0,0,0,10.34,3,0.0,,,
2848,3.1200,-0.1075,-0.0240,3.181,insect,1.000,10.60,1,1,1,0,5.23,3,3.1,28|29,2810,2810
2854,3.1200,-0.1169,-0.1820,2.992,good,0.000,2.29,0,0,0,0,12.50,2,0.0,,,
2855,3.1200,-0.1265,-0.1689,3.000,good,0.233,5.81,0,0,0,0,11.49,1,0.0,,,
2859,3.1200,-0.1151,-0.1720,3.000,good,0.244,5.41,0,0,0,0,11.70,1,0.0,,,
2860,3.1200,-0.1121,-0.1643,3.000,good,0.002,2.63,0,0,0,0,10.69,1,0.0,,,
2852,3.1240,-0.1087,-0.0818,2.986,good,0.005,1.85,0,0,0,0,9.91,3,0.0,,,
2853,3.1240,-0.1097,0.0402,2.602,sour,1.000,15.24,1,1,1,0,20.60,3,3.2,37|36,2829,
2858,3.1240,-0.1194,0.1567,2.960,good,0.000,2.81,0,0,0,0,14.11,2,0.0,,,
2856,3.1280,-0.1134,-0.1192,3.102,faded,1.000,5.14,1,1,1,0,8.80,3,3.2,16,2835,2835
2857,3.1280,-0.1102,0.0203,3.219,black,1.000,47.41,1,1,1,0,5.28,3,3.2,34,2836,
2864,3.1320,-0.1199,-0.2189,2.992,good,0.000,3.45,0,0,0,0,13.52,2,0.0,,,
2865,3.1320,-0.1197,-0.1460,2.899,broken,1.000,6.44,1,1,1,0,15.77,2,2.4,13,2816,2816
2861,3.1360,-0.1161,0.0554,2.619,good,0.000,4.10,0,0,0,0,22.51,3,0.0,,,
2862,3.1360,-0.1158,-0.0621,2.637,good,0.017,5.69,0,0,0,0,21.85,3,0.0,,,
2863,3.1360,-0.1118,0.0405,3.081,good,0.219,3.24,0,0,0,0,8.75,3,0.0,,,
2866,3.1400,-0.1122,-0.0761,2.975,good,0.001,2.35,0,0,0,0,11.32,3,0.0,,,
2869,3.1400,-0.1196,0.0712,2.989,good,0.000,3.60,0,0,0,0,13.47,2,0.0,,,
2871,3.1400,-0.1143,0.1611,3.450,good,0.004,3.24,0,0,0,0,2.11,2,0.0,,,
2867,3.1440,-0.1122,0.1902,2.974,good,0.015,9.61,0,0,0,0,11.36,3,0.0,,,
2868,3.1440,-0.1128,-0.2396,2.998,good,0.000,2.30,0,0,0,0,10.96,3,0.0,,,
2870,3.1440,-0.1081,0.2188,3.047,good,0.024,4.05,0,0,0,0,8.29,3,0.0,,,
2877,3.1440,-0.1175,-0.1486,3.178,good,0.023,5.03,0,0,0,0,8.42,2,0.0,,,
2878,3.1440,-0.1172,-0.0023,3.004,faded,0.999,4.35,1,1,1,0,12.32,2,3.2,31,2840,2840
2879,3.1440,-0.1161,0.0253,3.004,good,0.008,2.72,0,0,0,0,11.95,2,0.0,,,
2872,3.1480,-0.1150,0.0012,2.993,good,0.011,2.69,0,0,0,0,11.84,3,0.0,,,
2873,3.1480,-0.1140,0.1867,3.000,good,0.000,2.46,0,0,0,0,11.33,3,0.0,,,
2874,3.1480,-0.1115,0.1717,3.002,good,0.001,2.81,0,0,0,0,10.46,3,0.0,,,
2875,3.1480,-0.1103,-0.1190,2.997,good,0.000,1.88,0,0,0,0,10.15,3,0.0,,,
2876,3.1480,-0.1082,0.1628,3.004,faded,0.996,4.23,1,1,1,0,9.30,3,3.2,52|53,2869,2869
2881,3.1480,-0.1168,-0.1884,3.004,good,0.000,3.03,0,0,0,0,12.16,2,0.0,,,
2880,3.1520,-0.1107,-0.1054,3.000,good,0.000,1.24,0,0,0,0,10.24,3,0.0,,,
2887,3.1520,-0.1161,0.2263,3.003,good,0.082,5.05,0,0,0,0,11.98,2,0.0,,,
2889,3.1520,-0.1031,-0.0024,3.000,good,0.005,2.52,0,0,0,0,7.69,1,0.0,,,
2882,3.1560,-0.1153,-0.0386,2.869,good,0.000,2.68,0,0,0,0,15.05,3,0.0,,,
2883,3.1560,-0.1144,-0.1027,2.997,good,0.011,3.10,0,0,0,0,11.53,3,0.0,,,
2884,3.1560,-0.1136,0.1559,3.089,good,0.001,3.45,0,0,0,0,9.14,3,0.0,,,
2885,3.1560,-0.1131,-0.1566,3.000,shell,1.000,7.91,1,1,1,0,11.03,3,2.4,11|12,2861,2861
2886,3.1560,-0.1095,0.0399,2.651,good,0.002,2.88,0,0,0,0,19.03,3,0.0,,,
2888,3.1600,-0.1135,-0.0926,2.999,good,0.000,2.09,0,0,0,0,11.20,3,0.0,,,
2892,3.1600,-0.1183,0.0514,2.963,good,0.000,2.26,0,0,0,0,13.69,2,0.0,,,
2893,3.1600,-0.1155,-0.2309,3.012,good,0.001,2.83,0,0,0,0,11.53,2,0.0,,,
2899,3.1600,-0.1012,0.1597,3.000,good,0.001,3.38,0,0,0,0,7.08,1,0.0,,,
2890,3.1640,-0.1150,0.1459,3.000,black,1.000,55.16,1,1,1,0,11.66,3,3.2,50,2893,2893
2891,3.1640,-0.1134,0.0793,2.999,good,0.004,3.47,0,0,0,0,11.15,3,0.0,,,
2895,3.1640,-0.1174,-0.1259,2.988,good,0.000,2.82,0,0,0,0,12.74,2,0.0,,,
2896,3.1640,-0.1163,-0.0862,3.017,good,0.000,1.69,0,0,0,0,11.67,2,0.0,,,
2897,3.1640,-0.1162,0.2252,3.001,good,0.000,1.89,0,0,0,0,12.03,2,0.0,,,
2898,3.1640,-0.1161,0.1560,3.000,good,0.009,2.25,0,0,0,0,12.03,2,0.0,,,
2894,3.1680,-0.1207,-0.1358,2.994,good,0.001,2.64,0,0,0,0,9.74,2,0.0,,,
2902,3.1680,-0.1139,0.1394,3.006,broken,0.963,8.72,1,1,1,0,11.18,2,2.4,49|50,2854|2855,2854|2855
2906,3.1680,-0.1069,-0.1290,3.000,good,0.000,6.60,0,0,0,0,8.97,1,0.0,,,
2900,3.1720,-0.1147,0.1819,2.999,black,1.000,48.55,1,1,1,0,11.58,3,3.2,55,2883,2883
2901,3.1720,-0.1087,0.0832,2.998,good,0.000,1.50,0,0,0,0,9.64,3,0.0,,,
2903,3.1760,-0.1120,0.0283,2.996,good,0.000,3.19,0,0,0,0,10.78,3,0.0,,,
2904,3.1760,-0.1097,0.0741,2.985,good,0.001,8.24,0,0,0,0,10.26,3,0.0,,,
2905,3.1760,-0.1101,-0.2147,2.994,good,0.010,2.95,0,0,0,0,10.18,3,0.0,,,
2909,3.1760,-0.1165,-0.1119,2.998,good,0.000,1.96,0,0,0,0,12.22,2,0.0,,,
2907,3.1800,-0.1099,0.1482,2.979,good,0.028,2.67,0,0,0,0,10.45,3,0.0,,,
2908,3.1800,-0.1094,0.1828,2.878,good,0.000,1.89,0,0,0,0,12.79,3,0.0,,,
2910,3.1800,-0.1193,-0.2373,2.961,good,0.000,2.05,0,0,0,0,14.05,2,0.0,,,
2911,3.1800,-0.1164,0.0426,3.022,good,0.000,2.25,0,0,0,0,11.61,2,0.0,,,
2913,3.1840,-0.1191,0.2358,3.278,good,0.000,2.46,0,0,0,0,6.83,2,0.0,,,
2914,3.1840,-0.1168,0.2226,2.995,good,0.000,2.38,0,0,0,0,12.38,2,0.0,,,
2912,3.1880,-0.1141,0.0915,2.989,good,0.000,1.96,0,0,0,0,11.65,3,0.0,,,
2917,3.1880,-0.1199,-0.1806,2.971,good,0.000,3.45,0,0,0,0,14.02,2,0.0,,,
2918,3.1880,-0.1169,0.1324,2.997,good,0.001,2.56,0,0,0,0,12.35,2,0.0,,,
2919,3.1880,-0.1162,0.1669,3.002,good,0.002,2.77,0,0,0,0,12.02,2,0.0,,,
2915,3.1920,-0.1238,0.1683,3.036,good,0.000,2.02,0,0,0,0,9.71,2,0.0,,,
2916,3.1920,-0.1147,0.0493,2.615,good,0.000,6.19,0,0,0,0,22.09,3,0.0,,,
2922,3.1920,-0.1193,-0.0418,3.025,good,0.034,12.08,0,0,0,0,12.48,2,0.0,,,
2923,3.1920,-0.1167,0.2296,2.986,good,0.000,5.17,0,0,0,0,12.57,2,0.0,,,
2924,3.1920,-0.1146,0.2157,3.068,good,0.047,2.47,0,0,0,0,9.96,2,0.0,,,
2920,3.1960,-0.1113,0.1164,3.009,black,1.000,49.25,1,1,1,0,10.21,3,3.2,46|47,2907,2907
2921,3.1960,-0.1323,0.0475,3.000,good,0.012,1.89,0,0,0,0,9.44,1,0.0,,,
2925,3.1960,-0.1186,0.0165,3.011,good,0.001,6.60,0,0,0,0,12.60,2,0.0,,,
2927,3.2000,-0.1159,-0.1746,3.106,good,0.022,2.49,0,0,0,0,9.52,2,0.0,,,
2928,3.2000,-0.1157,0.0966,3.005,good,0.002,2.63,0,0,0,0,11.78,2,0.0,,,
2926,3.2040,-0.1092,-0.0204,2.996,faded,0.981,3.66,1,1,1,0,9.84,3,3.2,29,2901,2901
2931,3.2040,-0.1181,-0.0928,2.994,good,0.315,6.12,0,0,0,0,12.85,2,0.0,,,
2932,3.2040,-0.1194,-0.1382,3.000,good,0.003,2.68,0,0,0,0,13.14,2,0.0,,,
2933,3.2040,-0.1179,-0.1483,3.000,good,0.006,3.11,0,0,0,0,12.65,2,0.0,,,
2929,3.2080,-0.1159,-0.1672,3.003,good,0.000,2.32,0,0,0,0,11.91,3,0.0,,,
2930,3.2080,-0.1145,-0.1990,2.997,black,1.000,50.21,1,1,1,0,11.58,3,3.2,6,2900,2900
2936,3.2080,-0.1181,-0.1506,2.995,good,0.001,3.82,0,0,0,0,12.83,2,0.0,,,
2937,3.2080,-0.1172,-0.0343,2.858,good,0.001,1.65,0,0,0,0,16.01,2,0.0,,,
2938,3.2080,-0.1114,0.0456,3.079,good,0.000,6.87,0,0,0,0,8.67,2,0.0,,,
2934,3.2120,-0.1111,0.1355,2.969,good,0.000,3.79,0,0,0,0,11.09,3,0.0,,,
2935,3.2120,-0.1098,-0.2232,2.998,good,0.000,6.67,0,0,0,0,9.98,3,0.0,,,
2939,3.2120,-0.1195,-0.0980,3.189,good,0.000,2.24,0,0,0,0,8.85,2,0.0,,,
2943,3.2160,-0.1177,0.1529,3.025,good,0.116,5.64,0,0,0,0,11.95,2,0.0,,,
2944,3.2160,-0.1179,0.1961,2.995,good,0.000,3.25,0,0,0,0,12.75,2,0.0,,,
2945,3.2160,-0.1068,-0.0939,3.000,good,0.000,2.34,0,0,0,0,8.93,1,0.0,,,
2940,3.2200,-0.1165,0.2279,3.003,good,0.000,3.27,0,0,0,0,12.07,3,0.0,,,
2941,3.2200,-0.1082,-0.1097,2.962,good,0.000,2.20,0,0,0,0,10.30,3,0.0,,,
2942,3.2200,-0.1086,0.0334,2.994,good,0.000,2.66,0,0,0,0,9.69,3,0.0,,,
2949,3.2240,-0.1181,0.1337,2.999,good,0.011,3.24,0,0,0,0,12.73,2,0.0,,,
2946,3.2280,-0.1123,0.1073,2.999,good,0.000,2.20,0,0,0,0,10.80,3,0.0,,,
2947,3.2280,-0.1111,0.0663,3.133,good,0.002,5.06,0,0,0,0,7.38,3,0.0,,,
2948,3.2280,-0.1098,-0.0631,2.956,good,0.069,4.49,0,0,0,0,10.96,3,0.0,,,
2950,3.2320,-0.1144,-0.2135,3.011,good,0.000,1.89,0,0,0,0,11.21,3,0.0,,,
2951,3.2320,-0.1134,0.2284,2.998,sour,1.000,19.55,1,1,1,0,11.20,3,3.2,61,2942,2942
2952,3.2320,-0.1131,0.0925,2.998,good,0.000,3.24,0,0,0,0,11.06,3,0.0,,,
2953,3.2320,-0.1111,0.1975,2.993,good,0.007,6.43,0,0,0,0,10.53,3,0.0,,,
2954,3.2360,-0.1155,0.1564,2.998,good,0.010,3.11,0,0,0,0,11.88,3,0.0,,,
2955,3.2400,-0.1141,0.0410,2.913,good,0.000,3.63,0,0,0,0,13.52,3,0.0,,,
2956,3.2440,-0.1127,0.1944,3.126,good,0.000,3.06,0,0,0,0,8.06,3,0.0,,,
2957,3.2440,-0.1130,0.1850,3.020,good,0.005,3.11,0,0,0,0,10.53,3,0.0,,,
2958,3.2440,-0.1111,0.0309,3.000,good,0.000,3.17,0,0,0,0,10.35,3,0.0,,,
2964,3.2440,-0.1178,-0.0561,3.012,good,0.000,2.16,0,0,0,0,12.32,2,0.0,,,
2965,3.2440,-0.1173,0.0231,2.884,good,0.000,4.10,0,0,0,0,15.34,2,0.0,,,
2959,3.2480,-0.1114,-0.2193,3.296,sour,1.000,19.43,1,1,1,0,4.14,3,3.2,3|4,2943,2943
2960,3.2480,-0.1098,0.2024,3.409,good,0.000,2.82,0,0,0,0,1.55,3,0.0,,,
2961,3.2480,-0.1093,0.2199,3.001,good,0.029,8.86,0,0,0,0,9.74,3,0.0,,,
2962,3.2480,-0.1120,-0.2297,2.998,good,0.000,2.61,0,0,0,0,10.70,3,0.0,,,
2963,3.2480,-0.1262,-0.0854,2.413,sour,1.000,39.55,1,1,1,0,29.72,2,3.2,21|20,,
2970,3.2480,-0.1195,-0.1801,2.990,good,0.000,2.67,0,0,0,0,13.41,2,0.0,,,
2973,3.2480,-0.1165,-0.0814,3.000,sour,1.000,39.99,1,1,1,0,12.16,1,3.2,21,2932,
2966,3.2520,-0.1127,0.0816,2.993,black,1.000,50.72,1,1,1,0,11.04,3,3.2,42,2961,2961
2967,3.2520,-0.1116,0.1868,3.113,good,0.001,7.28,0,0,0,0,7.97,3,0.0,,,
2968,3.2520,-0.1121,0.1610,3.035,good,0.001,2.62,0,0,0,0,9.89,3,0.0,,,
2969,3.2520,-0.1104,0.1725,2.758,good,0.029,2.67,0,0,0,0,16.27,3,0.0,,,
2972,3.2520,-0.1195,0.0156,2.864,good,0.000,3.13,0,0,0,0,16.63,2,0.0,,,
2971,3.2560,-0.1129,-0.1387,3.045,sour,1.000,16.69,1,1,1,0,9.93,3,3.2,14,2949,2949
2978,3.2560,-0.1200,-0.0431,3.001,good,0.000,2.47,0,0,0,0,13.31,2,0.0,,,
2974,3.2600,-0.1145,0.1838,3.055,good,0.000,3.01,0,0,0,0,10.23,3,0.0,,,
2975,3.2600,-0.1122,0.0069,3.000,good,0.001,2.87,0,0,0,0,10.74,3,0.0,,,
2976,3.2600,-0.1115,0.0165,2.982,sour,1.000,12.95,1,1,1,0,10.91,3,3.2,34|33,2972,2972
2977,3.2600,-0.1084,-0.1179,2.994,good,0.000,3.94,0,0,0,0,9.58,3,0.0,,,
2981,3.2600,-0.1198,0.1150,3.169,good,0.002,1.84,0,0,0,0,9.36,2,0.0,,,
2979,3.2640,-0.1132,0.1024,3.211,good,0.000,1.51,0,0,0,0,6.39,3,0.0,,,
2980,3.2640,-0.1145,0.0834,2.863,good,0.003,2.17,0,0,0,0,14.92,3,0.0,,,
2984,3.2640,-0.1162,0.1970,3.024,good,0.036,5.95,0,0,0,0,11.51,2,0.0,,,
2985,3.2640,-0.1179,-0.1902,2.988,faded,0.996,4.67,1,1,1,0,12.92,2,3.2,7,2955,2955
2986,3.2640,-0.1166,-0.2265,3.339,good,0.001,2.43,0,0,0,0,4.89,2,0.0,,,
2992,3.2640,-0.1071,0.1184,3.000,good,0.001,1.80,0,0,0,0,9.04,1,0.0,,,
2982,3.2680,-0.1140,-0.1787,2.966,insect,0.928,5.59,1,1,1,0,12.17,3,3.1,9|8,2963|2965,2963|2965
2983,3.2680,-0.1115,-0.1073,2.989,good,0.000,2.63,0,0,0,0,10.75,3,0.0,,,
2987,3.2720,-0.1152,0.2355,2.515,good,0.121,6.94,0,0,0,0,25.58,3,0.0,,,
2988,3.2720,-0.1115,0.0171,2.790,sour,1.000,21.57,1,1,1,0,15.82,3,3.2,34|33,2982,
2989,3.2720,-0.1110,0.1635,2.999,good,0.000,2.29,0,0,0,0,10.36,3,0.0,,,
2990,3.2720,-0.1096,-0.2082,3.003,good,0.000,3.52,0,0,0,0,9.78,3,0.0,,,
2991,3.2720,-0.1082,-0.1064,3.014,good,0.004,2.78,0,0,0,0,9.09,3,0.0,,,
2994,3.2720,-0.1197,0.1674,2.932,good,0.019,3.31,0,0,0,0,14.91,2,0.0,,,
2998,3.2720,-0.1030,0.0175,3.000,good,0.000,2.85,0,0,0,0,7.66,1,0.0,,,
2993,3.2760,-0.1084,-0.0163,3.003,good,0.000,1.72,0,0,0,0,9.40,3,0.0,,,
2995,3.2800,-0.1137,-0.0493,3.002,faded,1.000,5.90,1,1,1,0,11.18,3,3.2,25,2984,
2996,3.2800,-0.1109,-0.1608,2.962,good,0.053,2.18,0,0,0,0,11.20,3,0.0,,,
2997,3.2800,-0.1090,0.1264,3.003,good,0.003,2.56,0,0,0,0,9.60,3,0.0,,,
2999,3.2840,-0.1096,0.0774,2.999,good,0.000,2.49,0,0,0,0,9.89,3,0.0,,,
3002,3.2840,-0.1198,0.1655,3.450,good,0.006,3.51,0,0,0,0,3.71,2,0.0,,,
3003,3.2840,-0.1185,0.0895,2.999,good,0.001,3.01,0,0,0,0,12.86,2,0.0,,,
3004,3.2840,-0.1170,0.0089,2.989,good,0.004,2.97,0,0,0,0,12.62,2,0.0,,,
3000,3.2880,-0.1137,0.0436,2.868,good,0.000,3.16,0,0,0,0,14.50,3,0.0,,,
3001,3.2880,-0.1126,-0.1488,3.010,good,0.000,1.86,0,0,0,0,10.63,3,0.0,,,
3006,3.2880,-0.1197,-0.0092,2.997,good,0.249,6.50,0,0,0,0,13.30,2,0.0,,,
3008,3.2880,-0.1190,-0.0444,3.227,insect,1.000,4.39,1,1,1,0,7.87,2,3.1,26,2979,2979
3010,3.2880,-0.1176,0.1620,3.446,good,0.000,3.12,0,0,0,0,3.14,2,0.0,,,
3011,3.2880,-0.1159,-0.1045,3.022,good,0.000,3.28,0,0,0,0,11.43,2,0.0,,,
3012,3.2880,-0.1163,-0.0238,3.006,good,0.001,3.69,0,0,0,0,11.96,2,0.0,,,
3005,3.2920,-0.1143,0.1978,2.998,good,0.060,3.35,0,0,0,0,11.50,3,0.0,,,
3007,3.2920,-0.1091,-0.2175,3.012,good,0.000,2.72,0,0,0,0,9.44,3,0.0,,,
3009,3.2920,-0.1088,0.0837,2.923,good,0.000,2.98,0,0,0,0,11.42,3,0.0,,,
3014,3.2920,-0.1184,-0.1853,3.450,good,0.002,2.13,0,0,0,0,3.31,2,0.0,,,
3018,3.2920,-0.1188,0.0945,3.014,good,0.000,3.17,0,0,0,0,12.60,2,0.0,,,
3013,3.2960,-0.1118,0.0752,2.981,good,0.000,2.93,0,0,0,0,11.04,3,0.0,,,
3015,3.2960,-0.1080,0.1715,3.007,good,0.000,15.15,0,0,0,0,9.19,3,0.0,,,
3016,3.2960,-0.1081,0.1507,3.002,good,0.000,1.91,0,0,0,0,9.33,3,0.0,,,
3017,3.2960,-0.1203,-0.2409,2.518,good,0.021,3.07,0,0,0,0,23.49,2,0.0,,,
3026,3.2960,-0.1103,-0.2447,3.000,good,0.075,3.07,0,0,0,0,10.08,1,0.0,,,
3027,3.2960,-0.1043,-0.1887,3.000,good,0.000,2.21,0,0,0,0,8.09,1,0.0,,,
3019,3.3000,-0.1134,0.0134,3.015,good,0.003,2.32,0,0,0,0,10.78,3,0.0,,,
3024,3.3000,-0.1183,-0.1231,3.227,good,0.003,2.87,0,0,0,0,7.63,2,0.0,,,
3025,3.3000,-0.1157,-0.1961,2.998,good,0.007,2.30,0,0,0,0,11.95,2,0.0,,,
3020,3.3040,-0.1164,-0.1686,2.769,good,0.001,2.58,0,0,0,0,18.15,3,0.0,,,
3021,3.3040,-0.1145,-0.0977,2.990,good,0.000,1.90,0,0,0,0,11.76,3,0.0,,,
3022,3.3040,-0.1109,0.0579,3.010,good,0.000,4.02,0,0,0,0,10.07,3,0.0,,,
3023,3.3040,-0.1097,0.1776,2.935,good,0.016,4.67,0,0,0,0,11.46,3,0.0,,,
3028,3.3080,-0.1144,-0.1840,3.004,good,0.000,4.66,0,0,0,0,11.35,3,0.0,,,
3029,3.3080,-0.1143,0.0969,3.039,good,0.000,2.51,0,0,0,0,10.51,3,0.0,,,
3030,3.3080,-0.1118,-0.0312,2.933,good,0.001,2.11,0,0,0,0,12.19,3,0.0,,,
3031,3.3080,-0.1086,-0.1414,2.984,good,0.000,1.88,0,0,0,0,9.91,3,0.0,,,
3035,3.3080,-0.1163,-0.1544,2.994,good,0.000,2.27,0,0,0,0,12.25,2,0.0,,,
3032,3.3120,-0.1135,0.0433,2.997,good,0.001,2.45,0,0,0,0,11.23,3,0.0,,,
3033,3.3120,-0.1121,-0.1938,3.098,good,0.000,2.27,0,0,0,0,8.46,3,0.0,,,
3034,3.3120,-0.1140,-0.1095,2.997,good,0.000,3.04,0,0,0,0,11.41,3,0.0,,,
3039,3.3120,-0.1186,0.2203,3.004,good,0.001,3.03,0,0,0,0,12.75,2,0.0,,,
3036,3.3160,-0.1147,-0.1356,3.002,good,0.000,2.49,0,0,0,0,11.53,3,0.0,,,
3037,3.3160,-0.1144,0.1840,2.999,good,0.000,3.48,0,0,0,0,11.48,3,0.0,,,
3038,3.3160,-0.1227,-0.0210,3.419,good,0.000,2.07,0,0,0,0,1.15,2,0.0,,,
3040,3.3160,-0.1160,-0.1229,2.993,stick,1.000,56.23,1,1,1,0,12.17,2,2.4,16,3030,3030
3043,3.3160,-0.1090,-0.0252,3.000,good,0.000,1.78,0,0,0,0,9.68,1,0.0,,,
3041,3.3240,-0.1089,0.0102,3.450,black,1.000,43.89,1,1,1,0,0.56,3,3.2,33,3026,
3042,3.3240,-0.1128,0.1657,2.994,good,0.004,2.61,0,0,0,0,11.09,3,0.0,,,
3044,3.3240,-0.1198,0.0248,3.028,faded,0.676,3.88,1,1,1,0,12.59,2,3.2,35|34,3014,3014
3045,3.3240,-0.1195,0.2259,2.987,good,0.002,4.27,0,0,0,0,13.49,2,0.0,,,
3046,3.3240,-0.1167,-0.1542,3.450,good,0.000,2.19,0,0,0,0,2.80,2,0.0,,,
3047,3.3240,-0.1174,-0.2423,3.042,good,0.002,5.80,0,0,0,0,11.46,2,0.0,,,
3051,3.3280,-0.1177,0.1219,3.019,good,0.000,1.72,0,0,0,0,12.10,2,0.0,,,
3052,3.3280,-0.1171,0.1767,2.995,insect,1.000,2.82,1,1,1,0,12.50,2,3.1,54,3033,
3053,3.3280,-0.1154,-0.1924,2.994,good,0.089,11.82,0,0,0,0,11.95,2,0.0,,,
3048,3.3320,-0.1135,-0.0858,2.994,good,0.000,3.80,0,0,0,0,11.30,3,0.0,,,
3049,3.3320,-0.1115,-0.0767,2.997,good,0.000,1.98,0,0,0,0,10.56,3,0.0,,,
3050,3.3320,-0.1113,-0.0135,2.998,good,0.000,3.56,0,0,0,0,10.49,3,0.0,,,
3058,3.3320,-0.1188,-0.1823,2.998,good,0.001,1.89,0,0,0,0,12.97,2,0.0,,,
3054,3.3360,-0.1140,0.1438,2.994,good,0.000,1.80,0,0,0,0,11.49,3,0.0,,,
3055,3.3360,-0.1120,0.1093,3.003,good,0.000,3.72,0,0,0,0,10.62,3,0.0,,,
3056,3.3360,-0.1110,-0.1010,3.003,good,0.000,2.61,0,0,0,0,10.29,3,0.0,,,
3057,3.3360,-0.1117,0.1285,2.995,good,0.028,2.64,0,0,0,0,10.67,3,0.0,,,
3060,3.3360,-0.1163,0.2085,2.999,good,0.000,2.41,0,0,0,0,12.12,2,0.0,,,
3059,3.3400,-0.1096,0.0674,2.993,good,0.049,3.65,0,0,0,0,10.03,3,0.0,,,
3061,3.3440,-0.1107,-0.0424,3.001,good,0.000,1.95,0,0,0,0,10.22,3,0.0,,,
3063,3.3440,-0.1191,0.2006,2.973,good,0.001,2.64,0,0,0,0,13.71,2,0.0,,,
3062,3.3480,-0.1115,0.1615,3.012,good,0.000,2.34,0,0,0,0,10.23,3,0.0,,,
3067,3.3480,-0.1191,0.0122,3.002,good,0.000,3.65,0,0,0,0,12.99,2,0.0,,,
3064,3.3520,-0.1133,-0.0189,3.015,good,0.000,2.46,0,0,0,0,10.75,3,0.0,,,
3065,3.3520,-0.1123,0.2372,2.990,sour,1.000,17.98,1,1,1,0,10.99,3,3.2,62,3029,3029
3066,3.3520,-0.1107,-0.1568,3.000,good,0.003,3.27,0,0,0,0,10.25,3,0.0,,,
3070,3.3520,-0.1200,-0.0313,2.998,good,0.009,3.11,0,0,0,0,13.37,2,0.0,,,
3068,3.3560,-0.1162,-0.1249,3.001,faded,0.998,4.94,1,1,1,0,12.06,3,3.2,16|15,3053,3053
3069,3.3560,-0.1140,0.1326,3.009,good,0.000,2.86,0,0,0,0,11.12,3,0.0,,,
3072,3.3560,-0.1138,0.0542,2.971,good,0.000,7.28,0,0,0,0,11.94,2,0.0,,,
3073,3.3560,-0.1184,0.0246,3.003,good,0.000,1.57,0,0,0,0,12.72,2,0.0,,,
3071,3.3600,-0.1094,-0.2110,2.999,good,0.077,3.02,0,0,0,0,9.82,3,0.0,,,
3076,3.3600,-0.1191,0.0124,3.034,faded,0.825,3.53,1,1,1,0,12.21,2,3.2,33,3049,3049
3078,3.3600,-0.1170,-0.0514,3.037,good,0.000,2.44,0,0,0,0,11.46,2,0.0,,,
3079,3.3600,-0.1176,-0.0205,3.009,good,0.000,2.25,0,0,0,0,12.34,2,0.0,,,
3080,3.3600,-0.1174,0.1069,3.007,broken,0.998,2.95,1,1,1,0,12.30,2,2.4,45,3047,3047
3074,3.3640,-0.1118,0.1237,3.401,good,0.001,2.75,0,0,0,0,2.27,3,0.0,,,
3075,3.3640,-0.1110,0.0778,2.846,good,0.000,3.20,0,0,0,0,14.14,3,0.0,,,
3077,3.3640,-0.1214,-0.0853,2.701,good,0.351,3.15,0,0,0,0,17.95,2,0.0,,,
3085,3.3640,-0.1162,-0.0856,3.450,good,0.010,10.72,0,0,0,0,2.68,2,0.0,,,
3081,3.3680,-0.1154,0.1043,3.005,good,0.002,2.95,0,0,0,0,11.67,3,0.0,,,
3082,3.3680,-0.1144,0.0155,3.018,black,1.000,48.43,1,1,1,0,11.05,3,3.2,33|34,3052,3052
3083,3.3680,-0.1104,0.1237,3.132,faded,1.000,4.70,1,1,1,0,7.16,3,3.2,47|48,3068,3068
3084,3.3680,-0.1087,0.0559,3.059,good,0.000,2.34,0,0,0,0,8.23,3,0.0,,,
3089,3.3680,-0.1158,0.0939,2.997,good,0.000,3.87,0,0,0,0,12.00,2,0.0,,,
3086,3.3720,-0.1148,0.2080,3.000,good,0.000,1.54,0,0,0,0,11.59,3,0.0,,,
3087,3.3720,-0.1133,-0.1673,3.010,good,0.000,2.41,0,0,0,0,10.85,3,0.0,,,
3088,3.3720,-0.1142,0.0766,2.877,good,0.008,3.01,0,0,0,0,14.47,3,0.0,,,
3091,3.3720,-0.1187,-0.0279,3.004,good,0.001,3.17,0,0,0,0,12.80,2,0.0,,,
3092,3.3720,-0.1169,0.1796,3.133,good,0.031,5.75,0,0,0,0,9.24,2,0.0,,,
3093,3.3720,-0.1180,-0.0817,2.713,good,0.000,3.62,0,0,0,0,20.35,2,0.0,,,
3090,3.3760,-0.1108,0.1380,2.995,good,0.001,20.54,1,1,1,0,10.40,3,9.0,49|50|48,3070,3070
3100,3.3760,-0.1027,0.0798,3.000,good,0.002,3.55,0,0,0,0,7.57,1,0.0,,,
3094,3.3800,-0.1097,0.0210,3.434,good,0.000,3.18,0,0,0,0,1.07,3,0.0,,,
3095,3.3800,-0.1116,-0.0400,2.885,good,0.000,3.76,0,0,0,0,13.37,3,0.0,,,
3099,3.3800,-0.1196,-0.1758,2.811,good,0.014,2.37,0,0,0,0,18.13,2,0.0,,,
3096,3.3840,-0.1151,0.0610,2.992,good,0.000,3.13,0,0,0,0,11.88,3,0.0,,,
3097,3.3840,-0.1118,-0.1061,2.999,good,0.000,2.22,0,0,0,0,10.65,3,0.0,,,
3098,3.3840,-0.1115,-0.1272,2.995,good,0.007,2.29,0,0,0,0,10.63,3,0.0,,,
3103,3.3840,-0.1177,0.1302,3.000,good,0.060,3.62,0,0,0,0,12.55,2,0.0,,,
3110,3.3840,-0.1159,0.1920,3.000,good,0.006,7.72,0,0,0,0,11.96,1,0.0,,,
3101,3.3880,-0.1145,0.1648,3.035,good,0.006,2.82,0,0,0,0,10.67,3,0.0,,,
3102,3.3880,-0.1128,0.1917,2.597,good,0.201,10.36,0,0,0,0,21.95,3,0.0,,,
3108,3.3880,-0.1190,-0.2242,2.935,faded,0.985,3.85,1,1,1,0,14.63,2,3.2,3,3083,
3109,3.3880,-0.1153,0.0902,3.144,good,0.000,2.24,0,0,0,0,8.50,2,0.0,,,
3104,3.3920,-0.1239,0.0214,3.450,husk,1.000,24.03,1,1,1,0,0.91,2,2.4,34,,
3105,3.3920,-0.1117,-0.1182,2.997,good,0.000,2.43,0,0,0,0,10.64,3,0.0,,,
3106,3.3920,-0.1102,0.2266,3.062,good,0.001,2.53,0,0,0,0,8.66,3,0.0,,,
3107,3.3920,-0.1088,0.1130,3.217,good,0.000,3.50,0,0,0,0,4.89,3,0.0,,,
3112,3.3920,-0.1187,0.0626,2.998,good,0.000,2.69,0,0,0,0,12.95,2,0.0,,,
3113,3.3920,-0.1169,0.0728,3.069,good,0.000,5.25,0,0,0,0,10.65,2,0.0,,,
3116,3.3920,-0.1099,0.0167,3.000,husk,1.000,23.82,1,1,1,0,9.95,1,2.4,34|33,3119,
3111,3.3960,-0.1138,-0.0943,2.652,good,0.005,2.07,0,0,0,0,20.61,3,0.0,,,
3115,3.3960,-0.1173,0.1561,3.029,black,1.000,51.68,1,1,1,0,11.75,2,3.2,51|52,3144,3144
3114,3.4000,-0.1138,0.1941,3.011,good,0.000,2.02,0,0,0,0,11.00,3,0.0,,,
3117,3.4040,-0.1127,-0.0076,3.002,good,0.003,2.84,0,0,0,0,10.85,3,0.0,,,
3118,3.4040,-0.1124,-0.1310,2.877,good,0.000,2.85,0,0,0,0,13.83,3,0.0,,,
3119,3.4040,-0.1090,0.1904,3.016,good,0.124,3.08,0,0,0,0,9.28,3,0.0,,,
3120,3.4080,-0.1151,0.1089,3.007,broken,1.000,2.72,1,1,1,0,11.54,3,2.4,45|46,3120,3120
3121,3.4080,-0.1134,0.1020,3.005,good,0.001,2.41,0,0,0,0,11.01,3,0.0,,,
3122,3.4080,-0.1107,-0.2387,2.925,good,0.000,4.81,0,0,0,0,12.04,3,0.0,,,
3124,3.4080,-0.1162,-0.0393,3.210,good,0.000,1.58,0,0,0,0,7.33,2,0.0,,,
3125,3.4080,-0.1166,-0.2082,2.995,good,0.010,1.61,0,0,0,0,12.34,2,0.0,,,
3123,3.4120,-0.1147,0.0492,2.905,good,0.002,7.27,0,0,0,0,13.91,3,0.0,,,
3128,3.4120,-0.1160,-0.0114,3.055,good,0.001,2.63,0,0,0,0,10.71,2,0.0,,,
3126,3.4160,-0.1157,0.1361,2.751,good,0.000,3.19,0,0,0,0,18.41,3,0.0,,,
3127,3.4160,-0.1120,0.2141,3.048,good,0.002,3.39,0,0,0,0,9.57,3,0.0,,,
3130,3.4160,-0.1186,-0.0694,3.034,good,0.027,3.55,0,0,0,0,12.04,2,0.0,,,
3132,3.4160,-0.1160,-0.1090,2.987,good,0.000,3.33,0,0,0,0,12.30,2,0.0,,,
3129,3.4200,-0.1126,0.1802,2.997,good,0.000,2.05,0,0,0,0,10.94,3,0.0,,,
3131,3.4200,-0.1094,0.1213,2.802,shell,0.999,5.42,1,1,1,0,14.73,3,2.4,47,3109,3109
3138,3.4200,-0.1192,0.1056,3.002,good,0.000,2.70,0,0,0,0,13.02,2,0.0,,,
3133,3.4240,-0.1149,-0.2319,3.007,black,1.000,50.72,1,1,1,0,11.47,3,3.2,2,3113,3113
3134,3.4240,-0.1144,0.1998,2.916,good,0.041,2.97,0,0,0,0,13.55,3,0.0,,,
3135,3.4240,-0.1113,0.2133,3.315,good,0.001,2.40,0,0,0,0,3.74,3,0.0,,,
3136,3.4240,-0.1084,-0.0982,3.129,good,0.481,17.85,0,0,0,0,6.60,3,0.0,,,
3137,3.4240,-0.1139,0.0614,2.698,good,0.000,2.40,0,0,0,0,19.28,3,0.0,,,
3139,3.4280,-0.1125,0.0181,3.232,good,0.000,2.63,0,0,0,0,5.74,3,0.0,,,
3140,3.4280,-0.1124,0.1475,2.776,good,0.000,2.59,0,0,0,0,16.49,3,0.0,,,
3141,3.4280,-0.1114,0.1670,2.993,good,0.000,3.32,0,0,0,0,10.65,3,0.0,,,
3142,3.4280,-0.1101,-0.1883,2.998,good,0.019,4.16,0,0,0,0,10.08,3,0.0,,,
3143,3.4280,-0.1139,0.0524,3.254,good,0.001,2.82,0,0,0,0,5.72,2,0.0,,,
3150,3.4280,-0.1031,0.0645,3.000,good,0.000,2.45,0,0,0,0,7.71,1,0.0,,,
3147,3.4320,-0.1195,0.1234,3.008,good,0.000,2.50,0,0,0,0,12.96,2,0.0,,,
3148,3.4320,-0.1189,-0.1857,3.007,good,0.000,1.87,0,0,0,0,12.79,2,0.0,,,
3149,3.4320,-0.1196,0.1679,2.956,good,0.003,2.90,0,0,0,0,14.28,2,0.0,,,
3144,3.4360,-0.1147,-0.1144,3.022,good,0.000,1.79,0,0,0,0,11.04,3,0.0,,,
3145,3.4360,-0.1123,0.0444,3.190,good,0.000,3.32,0,0,0,0,6.55,3,0.0,,,
3146,3.4360,-0.1095,-0.0023,3.103,good,0.256,3.61,0,0,0,0,7.53,3,0.0,,,
3155,3.4360,-0.1199,-0.1405,3.004,sour,1.000,14.17,1,1,1,0,13.19,2,3.2,14|13,3151,3151
3151,3.4400,-0.1160,0.1897,2.992,good,0.000,3.08,0,0,0,0,12.20,3,0.0,,,
3152,3.4400,-0.1135,-0.0497,3.016,good,0.003,1.88,0,0,0,0,10.79,3,0.0,,,
3153,3.4400,-0.1111,-0.0381,3.013,good,0.192,4.20,0,0,0,0,10.06,3,0.0,,,
3154,3.4400,-0.1230,0.0527,3.013,good,0.001,4.45,0,0,0,0,10.00,2,0.0,,,
3157,3.4400,-0.1173,0.2297,3.119,good,0.000,2.42,0,0,0,0,9.68,2,0.0,,,
3158,3.4400,-0.1163,-0.2168,2.971,good,0.002,3.61,0,0,0,0,12.79,2,0.0,,,
3163,3.4400,-0.1145,0.0492,3.000,good,0.017,11.54,0,0,0,0,11.52,1,0.0,,,
3156,3.4440,-0.1328,0.0465,3.000,good,0.000,3.39,0,0,0,0,9.58,1,0.0,,,
3160,3.4440,-0.1191,-0.1674,3.000,good,0.000,3.20,0,0,0,0,13.03,2,0.0,,,
3161,3.4440,-0.1176,-0.1345,3.022,good,0.000,3.32,0,0,0,0,12.00,2,0.0,,,
3162,3.4440,-0.1174,0.1537,2.976,good,0.000,2.11,0,0,0,0,13.06,2,0.0,,,
3159,3.4480,-0.1092,-0.0543,3.087,good,0.002,3.37,0,0,0,0,7.76,3,0.0,,,
3168,3.4480,-0.1164,-0.1978,3.195,good,0.000,2.59,0,0,0,0,7.72,2,0.0,,,
3169,3.4480,-0.1157,0.0030,3.318,good,0.000,2.81,0,0,0,0,5.01,2,0.0,,,
3164,3.4520,-0.1142,0.0404,2.932,good,0.000,2.23,0,0,0,0,13.06,3,0.0,,,
3165,3.4520,-0.1128,-0.0476,3.005,good,0.001,3.81,0,0,0,0,10.81,3,0.0,,,
3166,3.4520,-0.1150,0.1230,2.851,good,0.003,2.94,0,0,0,0,15.41,3,0.0,,,
3167,3.4520,-0.1118,0.0728,2.987,good,0.000,3.19,0,0,0,0,10.91,3,0.0,,,
3175,3.4520,-0.1036,-0.1940,3.000,good,0.000,2.84,0,0,0,0,7.86,1,0.0,,,
3173,3.4560,-0.1193,-0.2427,2.979,good,0.001,3.36,0,0,0,0,13.60,2,0.0,,,
3174,3.4560,-0.1182,-0.1280,3.042,black,1.000,52.18,1,1,1,0,11.72,2,3.2,15,3176,3176
3170,3.4600,-0.1135,-0.1196,3.215,good,0.000,2.16,0,0,0,0,6.42,3,0.0,,,
3171,3.4600,-0.1131,-0.1752,2.986,faded,0.549,7.35,1,1,1,0,11.36,3,3.2,9,3150|3173,3150
3172,3.4600,-0.1143,0.2020,2.850,good,0.022,4.96,0,0,0,0,15.18,3,0.0,,,
3176,3.4640,-0.1127,0.0123,2.978,good,0.000,2.35,0,0,0,0,11.43,3,0.0,,,
3177,3.4640,-0.1130,0.1568,2.648,good,0.004,3.69,0,0,0,0,20.44,3,0.0,,,
3178,3.4640,-0.1121,-0.2189,2.819,good,0.000,2.57,0,0,0,0,15.22,3,0.0,,,
3179,3.4640,-0.1105,0.0888,2.982,good,0.000,4.09,0,0,0,0,10.60,3,0.0,,,
3180,3.4680,-0.1134,0.0954,2.998,good,0.000,2.27,0,0,0,0,11.18,3,0.0,,,
3181,3.4680,-0.1132,-0.0927,3.056,good,0.001,4.53,0,0,0,0,9.76,3,0.0,,,
3182,3.4680,-0.1101,0.0439,2.970,good,0.000,2.99,0,0,0,0,10.73,3,0.0,,,
3183,3.4680,-0.1087,-0.1309,2.966,good,0.001,2.41,0,0,0,0,10.36,3,0.0,,,
3184,3.4680,-0.1091,-0.0343,2.829,good,0.000,3.44,0,0,0,0,13.91,3,0.0,,,
3185,3.4720,-0.1124,0.2042,3.027,black,1.000,52.19,1,1,1,0,10.17,3,3.2,58|57,3155,3155
3186,3.4720,-0.1114,0.0410,2.999,good,0.000,2.87,0,0,0,0,10.50,3,0.0,,,
3187,3.4720,-0.1347,0.2429,3.000,good,0.001,5.08,0,0,0,0,10.23,1,0.0,,,
3188,3.4720,-0.1095,-0.2064,2.788,good,0.000,2.32,0,0,0,0,15.14,3,0.0,,,
3190,3.4720,-0.1168,-0.0810,2.994,good,0.018,1.64,0,0,0,0,12.42,2,0.0,,,
3189,3.4760,-0.1132,0.2253,3.112,good,0.003,2.37,0,0,0,0,8.52,3,0.0,,,
3195,3.4760,-0.1192,0.1076,3.004,good,0.000,2.96,0,0,0,0,12.97,2,0.0,,,
3191,3.4800,-0.1141,-0.1801,2.989,good,0.012,5.33,0,0,0,0,11.62,3,0.0,,,
3192,3.4800,-0.1080,-0.2229,3.129,good,0.000,2.48,0,0,0,0,6.49,3,0.0,,,
3193,3.4800,-0.1107,-0.2091,3.001,good,0.001,2.44,0,0,0,0,10.19,3,0.0,,,
3194,3.4800,-0.1096,0.1970,2.995,good,0.000,4.33,0,0,0,0,9.99,3,0.0,,,
3196,3.4840,-0.1152,0.0608,3.004,black,1.000,45.72,1,1,1,0,11.65,3,3.2,39,3164,3164
3197,3.4840,-0.1234,-0.1284,2.769,faded,1.000,4.69,1,1,1,0,16.66,2,3.2,15,3203,3203
3198,3.4840,-0.1083,0.0186,3.007,good,0.000,3.27,0,0,0,0,9.27,3,0.0,,,
3199,3.4840,-0.1089,-0.0195,3.002,faded,1.000,5.24,1,1,1,0,9.59,3,3.2,29,3167,3167
3200,3.4840,-0.1166,-0.1321,3.450,good,0.280,8.15,0,0,0,0,2.79,2,0.0,,,
3202,3.4840,-0.1160,-0.0598,3.014,good,0.000,3.47,0,0,0,0,11.66,2,0.0,,,
3201,3.4880,-0.1331,0.0983,3.000,good,0.030,5.04,0,0,0,0,9.70,1,0.0,,,
3205,3.4880,-0.1185,-0.2355,3.058,good,0.001,2.66,0,0,0,0,11.45,2,0.0,,,
3206,3.4880,-0.1211,0.0947,3.000,good,0.042,6.91,0,0,0,0,9.69,1,0.0,,,
3211,3.4880,-0.1091,0.0912,3.000,good,0.100,6.90,0,0,0,0,9.69,1,0.0,,,
3203,3.4920,-0.1107,-0.1007,3.000,good,0.000,1.95,0,0,0,0,10.25,3,0.0,,,
3204,3.4920,-0.1104,0.1992,2.996,broken,0.814,4.71,1,1,1,0,10.23,3,2.4,57,3214,3214
3210,3.4920,-0.1184,-0.0334,3.047,faded,0.548,3.72,1,1,1,0,11.68,2,3.2,27,3206,
3215,3.4920,-0.1179,0.1272,3.000,good,0.000,4.80,0,0,0,0,12.65,1,0.0,,,
3207,3.4960,-0.1171,0.0821,2.634,good,0.001,4.37,0,0,0,0,22.40,3,0.0,,,
3208,3.4960,-0.1142,0.1237,2.416,good,0.001,7.33,0,0,0,0,28.66,3,0.0,,,
3209,3.4960,-0.1114,-0.0580,2.984,insect,1.000,4.43,1,1,1,0,10.84,3,3.1,24,3190,
3212,3.5000,-0.1154,-0.0161,2.998,good,0.000,3.92,0,0,0,0,11.85,3,0.0,,,
3213,3.5000,-0.1107,-0.0986,3.005,good,0.002,1.90,0,0,0,0,10.13,3,0.0,,,
3214,3.5000,-0.1089,0.0055,3.271,good,0.001,3.10,0,0,0,0,3.85,3,0.0,,,
3219,3.5000,-0.1195,-0.1962,2.899,good,0.079,2.65,0,0,0,0,15.73,2,0.0,,,
3220,3.5000,-0.1185,0.2178,2.996,good,0.000,2.19,0,0,0,0,12.93,2,0.0,,,
3221,3.5000,-0.1170,0.0670,2.985,faded,1.000,5.39,1,1,1,0,12.70,2,3.2,40,3198,3198
3222,3.5000,-0.1162,0.0263,3.005,good,0.000,2.38,0,0,0,0,11.94,2,0.0,,,
3228,3.5000,-0.1029,0.1207,3.000,good,0.000,2.88,0,0,0,0,7.64,1,0.0,,,
3216,3.5040,-0.1154,-0.0812,2.966,good,0.000,2.30,0,0,0,0,12.62,3,0.0,,,
3217,3.5040,-0.1091,0.0126,2.991,faded,1.000,5.80,1,1,1,0,9.89,3,3.2,33,3196,3196
3218,3.5040,-0.1081,-0.0518,3.015,good,0.022,2.67,0,0,0,0,9.03,3,0.0,,,
3227,3.5040,-0.1186,-0.2369,2.989,good,0.000,3.17,0,0,0,0,13.13,2,0.0,,,
3223,3.5080,-0.1119,-0.0528,3.098,good,0.000,2.52,0,0,0,0,8.41,3,0.0,,,
3224,3.5080,-0.1141,0.0858,2.667,good,0.000,3.60,0,0,0,0,20.29,3,0.0,,,
3225,3.5080,-0.1082,0.1083,3.313,good,0.000,2.25,0,0,0,0,2.85,3,0.0,,,
3226,3.5080,-0.1341,-0.1734,3.000,good,0.000,2.16,0,0,0,0,10.04,1,0.0,,,
3231,3.5080,-0.1192,-0.2438,3.027,good,0.000,2.29,0,0,0,0,12.44,2,0.0,,,
3232,3.5080,-0.1206,-0.1776,3.000,good,0.001,2.30,0,0,0,0,9.52,1,0.0,,,
3235,3.5080,-0.1069,-0.1819,3.000,good,0.005,2.11,0,0,0,0,8.98,1,0.0,,,
3229,3.5120,-0.1093,-0.1434,3.151,black,1.000,47.28,1,1,1,0,6.45,3,3.2,13,3193,3193
3230,3.5120,-0.1091,-0.0027,3.006,good,0.000,2.46,0,0,0,0,9.55,3,0.0,,,
3234,3.5120,-0.1175,0.1251,3.009,good,0.003,3.12,0,0,0,0,12.27,2,0.0,,,
3233,3.5160,-0.1094,-0.0057,3.049,good,0.000,2.82,0,0,0,0,8.67,3,0.0,,,
3237,3.5160,-0.1195,-0.1177,2.999,good,0.001,3.21,0,0,0,0,13.19,2,0.0,,,
3236,3.5200,-0.1078,-0.1943,3.315,good,0.002,2.42,0,0,0,0,2.69,3,0.0,,,
3240,3.5200,-0.1197,0.0682,2.966,good,0.000,1.85,0,0,0,0,14.08,2,0.0,,,
3241,3.5200,-0.1154,-0.1796,3.157,good,0.001,2.24,0,0,0,0,8.22,2,0.0,,,
3238,3.5240,-0.1145,-0.0738,3.004,good,0.014,2.79,0,0,0,0,11.40,3,0.0,,,
3239,3.5240,-0.1132,0.1464,2.996,good,0.000,2.28,0,0,0,0,11.17,3,0.0,,,
3245,3.5240,-0.1191,-0.1083,3.168,good,0.002,3.25,0,0,0,0,9.15,2,0.0,,,
3246,3.5240,-0.1177,-0.0326,3.377,good,0.000,1.98,0,0,0,0,4.45,2,0.0,,,
3247,3.5240,-0.1156,0.1569,3.221,faded,1.000,4.50,1,1,1,0,6.94,2,3.2,52|51,3207,3207
3242,3.5280,-0.1157,0.1754,3.025,good,0.000,2.74,0,0,0,0,11.29,3,0.0,,,
3243,3.5280,-0.1153,0.2064,3.031,good,0.000,3.08,0,0,0,0,11.04,3,0.0,,,
3244,3.5280,-0.1114,0.1075,3.032,good,0.000,5.54,0,0,0,0,9.72,3,0.0,,,
3249,3.5280,-0.1169,0.0895,2.999,good,0.000,3.31,0,0,0,0,12.33,2,0.0,,,
3250,3.5280,-0.1156,0.1331,3.019,good,0.000,2.80,0,0,0,0,11.40,2,0.0,,,
3255,3.5280,-0.1064,-0.1047,3.000,good,0.000,2.57,0,0,0,0,8.80,1,0.0,,,
3248,3.5320,-0.1115,-0.1879,3.010,good,0.000,2.45,0,0,0,0,10.26,3,0.0,,,
3252,3.5320,-0.1187,0.1883,2.995,good,0.052,4.29,0,0,0,0,13.04,2,0.0,,,
3253,3.5320,-0.1177,0.0161,2.983,good,0.000,2.97,0,0,0,0,12.97,2,0.0,,,
3254,3.5320,-0.1172,0.0918,3.119,broken,0.993,10.75,1,1,1,0,9.63,2,2.4,43,3237,
3251,3.5360,-0.1160,-0.0789,2.987,good,0.002,2.77,0,0,0,0,12.31,3,0.0,,,
3259,3.5360,-0.1179,0.0538,3.033,good,0.000,4.04,0,0,0,0,11.85,2,0.0,,,
3256,3.5400,-0.1112,0.1479,3.044,good,0.000,2.26,0,0,0,0,9.40,3,0.0,,,
3257,3.5400,-0.1103,-0.0653,3.090,good,0.127,5.55,0,0,0,0,8.04,3,0.0,,,
3258,3.5400,-0.1107,-0.1116,2.999,good,0.000,2.44,0,0,0,0,10.27,3,0.0,,,
3260,3.5400,-0.1195,-0.0430,3.006,good,0.000,4.81,0,0,0,0,13.02,2,0.0,,,
3261,3.5440,-0.1114,0.0092,2.544,good,0.000,2.41,0,0,0,0,23.11,3,0.0,,,
3263,3.5440,-0.1184,0.1022,3.001,insect,1.000,3.50,1,1,1,0,12.77,2,3.1,45|44,3226,3226
3262,3.5480,-0.1098,0.1471,2.944,good,0.008,3.44,0,0,0,0,11.26,3,0.0,,,
3267,3.5480,-0.1182,0.0589,3.098,insect,1.000,8.27,1,1,1,0,10.43,2,3.1,39,3248,3248
3273,3.5480,-0.1012,0.0121,3.000,good,0.000,2.31,0,0,0,0,7.08,1,0.0,,,
3264,3.5520,-0.1146,0.2075,2.952,good,0.009,9.92,0,0,0,0,12.70,3,0.0,,,
3265,3.5520,-0.1144,-0.0028,2.901,good,0.000,3.05,0,0,0,0,13.89,3,0.0,,,
3266,3.5520,-0.1080,-0.1545,3.004,good,0.000,2.06,0,0,0,0,9.22,3,0.0,,,
3272,3.5520,-0.1197,0.1247,2.942,good,0.008,6.18,0,0,0,0,14.70,2,0.0,,,
3268,3.5560,-0.1156,0.2376,2.827,good,0.003,2.79,0,0,0,0,16.27,3,0.0,,,
3269,3.5560,-0.1125,-0.1681,3.002,good,0.003,1.75,0,0,0,0,10.78,3,0.0,,,
3270,3.5560,-0.1096,-0.1320,3.008,good,0.000,1.88,0,0,0,0,9.68,3,0.0,,,
3271,3.5560,-0.1090,-0.2071,2.965,good,0.037,3.29,0,0,0,0,10.49,3,0.0,,,
3274,3.5600,-0.1127,-0.0056,3.022,good,0.000,15.53,0,0,0,0,10.39,3,0.0,,,
3275,3.5600,-0.1247,0.1781,2.575,good,0.012,6.13,0,0,0,0,23.25,2,0.0,,,
3278,3.5600,-0.1200,-0.0390,2.992,good,0.000,3.11,0,0,0,0,13.53,2,0.0,,,
3280,3.5600,-0.1162,0.0328,2.992,good,0.000,2.18,0,0,0,0,12.28,2,0.0,,,
3283,3.5600,-0.1144,0.1822,3.000,good,0.016,5.37,0,0,0,0,11.47,1,0.0,,,
3276,3.5640,-0.1147,0.1115,2.999,good,0.001,2.52,0,0,0,0,11.58,3,0.0,,,
3277,3.5640,-0.1094,0.2094,3.002,good,0.000,3.05,0,0,0,0,9.75,3,0.0,,,
3279,3.5640,-0.1202,0.0878,2.931,good,0.029,3.82,0,0,0,0,11.13,2,0.0,,,
3289,3.5640,-0.1085,0.0844,3.000,good,0.034,3.82,0,0,0,0,9.50,1,0.0,,,
3281,3.5680,-0.1117,0.1971,3.033,sour,1.000,14.74,1,1,1,0,9.82,3,3.2,57,3274,
3282,3.5680,-0.1102,-0.2139,3.002,good,0.078,3.43,0,0,0,0,10.02,3,0.0,,,
3288,3.5680,-0.1164,0.0476,2.999,insect,1.000,8.51,1,1,1,0,12.16,2,3.1,38|37,3288,3288
3284,3.5720,-0.1162,-0.2121,2.889,good,0.003,6.36,0,0,0,0,14.82,3,0.0,,,
3285,3.5720,-0.1112,0.1909,2.981,good,0.009,3.73,0,0,0,0,10.85,3,0.0,,,
3286,3.5720,-0.1101,-0.0328,2.951,good,0.079,4.17,0,0,0,0,11.19,3,0.0,,,
3287,3.5720,-0.1086,0.1461,3.011,faded,0.999,4.30,1,1,1,0,9.27,3,3.2,50,3257,3257
3290,3.5760,-0.1144,-0.0549,3.004,good,0.002,2.29,0,0,0,0,11.37,3,0.0,,,
3291,3.5760,-0.1107,-0.1610,3.187,insect,1.000,3.34,1,1,1,0,6.10,3,3.1,11,3267,
3292,3.5760,-0.1335,-0.2068,3.000,stone,0.998,13.13,1,1,1,0,9.83,1,9.1,5|6|4,,
3297,3.5760,-0.1174,0.0406,2.989,faded,1.000,4.74,1,1,1,0,12.73,2,3.2,37|36,3282,3282
3298,3.5760,-0.1159,0.2251,2.985,good,0.018,3.27,0,0,0,0,12.33,2,0.0,,,
3293,3.5800,-0.1144,-0.2182,3.022,good,0.000,2.57,0,0,0,0,10.95,3,0.0,,,
3294,3.5800,-0.1138,0.1533,3.009,good,0.000,3.70,0,0,0,0,11.07,3,0.0,,,
3295,3.5800,-0.1235,0.1890,3.132,good,0.009,5.11,0,0,0,0,7.36,2,0.0,,,
3296,3.5800,-0.1091,-0.1920,3.000,good,0.000,3.33,0,0,0,0,9.70,3,0.0,,,
3300,3.5800,-0.1192,-0.1653,3.028,good,0.000,3.01,0,0,0,0,12.38,2,0.0,,,
3302,3.5800,-0.1183,0.1961,3.122,good,0.022,3.21,0,0,0,0,9.90,2,0.0,,,
3309,3.5800,-0.1110,0.1924,3.000,good,0.008,3.33,0,0,0,0,10.33,1,0.0,,,
3299,3.5840,-0.1132,-0.2187,3.000,good,0.007,2.34,0,0,0,0,11.06,3,0.0,,,
3301,3.5840,-0.1087,-0.1002,3.008,good,0.000,1.76,0,0,0,0,9.39,3,0.0,,,
3307,3.5840,-0.1155,0.1529,3.223,good,0.004,2.34,0,0,0,0,6.84,2,0.0,,,
3308,3.5840,-0.1151,0.0519,3.152,good,0.000,2.13,0,0,0,0,8.22,2,0.0,,,
3303,3.5880,-0.1125,-0.1261,2.996,good,0.000,2.71,0,0,0,0,10.95,3,0.0,,,
3304,3.5880,-0.1099,0.1120,3.142,good,0.000,3.23,0,0,0,0,6.82,3,0.0,,,
3305,3.5880,-0.1105,-0.1172,3.054,good,0.001,2.57,0,0,0,0,8.91,3,0.0,,,
3306,3.5880,-0.1114,-0.2390,2.484,broken,0.993,9.33,1,1,1,0,25.09,3,2.4,1,3256,3256
3311,3.5880,-0.1194,0.1081,3.018,good,0.000,3.44,0,0,0,0,12.71,2,0.0,,,
3312,3.5880,-0.1166,0.2447,3.202,good,0.038,4.72,0,0,0,0,7.66,2,0.0,,,
3310,3.5920,-0.1096,-0.1491,2.961,good,0.000,3.05,0,0,0,0,10.78,3,0.0,,,
3315,3.5920,-0.1195,-0.2336,2.994,good,0.043,3.22,0,0,0,0,13.32,2,0.0,,,
3317,3.5920,-0.1189,0.0090,3.016,sour,1.000,15.00,1,1,1,0,12.56,2,3.2,33|32,3292,3292
3318,3.5920,-0.1198,-0.0361,2.882,good,0.000,1.97,0,0,0,0,16.25,2,0.0,,,
3319,3.5920,-0.1152,-0.0619,2.906,good,0.208,22.23,1,1,1,0,14.06,2,9.0,24|23|25,3332,
3313,3.5960,-0.1135,-0.0451,3.002,good,0.000,1.54,0,0,0,0,11.13,3,0.0,,,
3314,3.5960,-0.1129,0.0280,3.014,good,0.000,2.00,0,0,0,0,10.65,3,0.0,,,
3316,3.5960,-0.1086,-0.1546,2.987,good,0.001,2.43,0,0,0,0,9.84,3,0.0,,,
3321,3.5960,-0.1195,-0.1100,2.850,good,0.000,2.06,0,0,0,0,17.03,2,0.0,,,
3325,3.5960,-0.1073,-0.0649,3.000,good,0.032,9.00,0,0,0,0,9.09,1,0.0,,,
3320,3.6000,-0.1099,-0.1835,3.024,black,1.000,46.29,1,1,1,0,9.42,3,3.2,8,3301,3301
3323,3.6000,-0.1199,-0.2343,3.450,good,0.000,4.26,0,0,0,0,3.73,2,0.0,,,
3322,3.6040,-0.1148,-0.2135,3.019,good,0.010,3.43,0,0,0,0,11.16,3,0.0,,,
3324,3.6040,-0.1114,0.1308,2.578,good,0.000,3.89,0,0,0,0,22.01,3,0.0,,,
3328,3.6040,-0.1173,-0.1355,3.005,stick,1.000,48.02,1,1,1,0,12.29,2,2.4,14,3289,3289
3329,3.6040,-0.1135,0.1087,3.237,good,0.001,6.78,0,0,0,0,5.95,2,0.0,,,
3326,3.6080,-0.1143,-0.2235,3.205,good,0.002,3.09,0,0,0,0,6.84,3,0.0,,,
3327,3.6080,-0.1085,0.0764,3.320,good,0.000,3.04,0,0,0,0,2.82,3,0.0,,,
3335,3.6080,-0.1031,0.1123,3.000,good,0.000,2.64,0,0,0,0,7.69,1,0.0,,,
3330,3.6120,-0.1153,-0.0104,2.951,good,0.000,1.93,0,0,0,0,12.97,3,0.0,,,
3333,3.6120,-0.1182,-0.0450,3.010,good,0.001,2.15,0,0,0,0,12.50,2,0.0,,,
3334,3.6120,-0.1164,-0.2171,2.989,good,0.495,2.07,0,0,0,0,12.39,2,0.0,,,
3331,3.6160,-0.1131,0.2324,2.900,good,0.000,8.89,0,0,0,0,13.48,3,0.0,,,
3332,3.6160,-0.1119,-0.1759,3.022,good,0.000,2.04,0,0,0,0,10.14,3,0.0,,,
3340,3.6160,-0.1191,-0.0477,3.436,sour,1.000,19.75,1,1,1,0,3.76,2,3.2,25|26,3322,
3341,3.6160,-0.1159,-0.1643,2.968,good,0.001,12.38,0,0,0,0,12.75,2,0.0,,,
3336,3.6200,-0.1130,-0.1114,2.995,good,0.000,2.04,0,0,0,0,11.10,3,0.0,,,
3337,3.6200,-0.1134,-0.2109,2.959,good,0.000,3.68,0,0,0,0,12.12,3,0.0,,,
3338,3.6200,-0.1132,0.0072,2.999,good,0.443,2.75,0,0,0,0,11.08,3,0.0,,,
3339,3.6200,-0.1130,-0.0723,2.989,broken,0.901,2.19,1,1,1,0,11.27,3,2.4,22,3303,3303
3342,3.6200,-0.1335,0.1143,3.000,good,0.001,4.96,0,0,0,0,9.82,1,0.0,,,
3344,3.6200,-0.1195,0.0856,3.001,good,0.000,1.85,0,0,0,0,13.15,2,0.0,,,
3345,3.6200,-0.1186,0.2008,2.717,good,0.000,3.62,0,0,0,0,20.47,2,0.0,,,
3346,3.6200,-0.1214,0.1097,3.000,good,0.000,5.72,0,0,0,0,9.81,1,0.0,,,
3349,3.6200,-0.1094,0.1051,3.000,good,0.000,7.38,0,0,0,0,9.80,1,0.0,,,
3350,3.6200,-0.1054,-0.0438,3.000,sour,1.000,19.71,1,1,1,0,8.45,1,3.2,26,3322,
3343,3.6240,-0.1342,-0.2384,3.000,faded,0.998,9.81,1,1,1,0,10.08,1,3.2,1,,
3348,3.6240,-0.1229,-0.2436,3.000,faded,1.000,10.08,1,1,1,0,10.30,1,3.2,0|1,,
3347,3.6280,-0.1196,0.0924,2.595,good,0.053,5.45,0,0,0,0,24.61,3,0.0,,,
3351,3.6320,-0.1225,-0.0843,3.432,good,0.022,3.54,0,0,0,0,0.84,2,0.0,,,
3352,3.6320,-0.1117,0.1781,2.989,good,0.003,3.72,0,0,0,0,10.82,3,0.0,,,
3357,3.6320,-0.1182,-0.1569,3.393,good,0.000,3.03,0,0,0,0,4.30,2,0.0,,,
3361,3.6320,-0.1088,-0.0879,3.000,good,0.003,3.39,0,0,0,0,9.61,1,0.0,,,
3353,3.6360,-0.1152,0.0195,2.935,good,0.000,2.46,0,0,0,0,13.33,3,0.0,,,
3354,3.6360,-0.1135,-0.1396,2.846,good,0.015,3.00,0,0,0,0,15.00,3,0.0,,,
3355,3.6360,-0.1098,-0.0735,3.000,good,0.002,3.59,0,0,0,0,9.93,3,0.0,,,
3356,3.6360,-0.1081,0.0277,3.119,faded,0.999,3.80,1,1,1,0,6.72,3,3.2,35,3344,
3359,3.6360,-0.1191,-0.2249,3.020,good,0.000,1.83,0,0,0,0,12.56,2,0.0,,,
3360,3.6360,-0.1167,-0.0032,2.994,good,0.000,2.16,0,0,0,0,12.35,2,0.0,,,
3358,3.6400,-0.1135,-0.1554,2.411,good,0.003,2.56,0,0,0,0,28.57,3,0.0,,,
3366,3.6400,-0.1184,0.0955,2.937,good,0.000,2.72,0,0,0,0,14.38,2,0.0,,,
3362,3.6440,-0.1156,-0.1064,2.893,good,0.002,2.75,0,0,0,0,14.51,3,0.0,,,
3363,3.6440,-0.1112,0.1479,3.138,good,0.000,2.66,0,0,0,0,7.30,3,0.0,,,
3364,3.6440,-0.1110,-0.0800,3.001,good,0.038,3.94,0,0,0,0,10.30,3,0.0,,,
3365,3.6440,-0.1103,-0.2228,2.753,good,0.000,1.55,0,0,0,0,16.39,3,0.0,,,
3368,3.6440,-0.1196,0.0948,3.007,good,0.000,7.83,0,0,0,0,13.02,2,0.0,,,
3367,3.6480,-0.1098,-0.0567,2.978,good,0.000,2.39,0,0,0,0,10.46,3,0.0,,,
3369,3.6520,-0.1137,-0.1395,3.022,good,0.000,2.36,0,0,0,0,10.70,3,0.0,,,
3370,3.6520,-0.1098,-0.0936,3.081,good,0.000,2.67,0,0,0,0,8.10,3,0.0,,,
3371,3.6560,-0.1159,0.0457,3.035,good,0.000,3.02,0,0,0,0,11.14,3,0.0,,,
3372,3.6560,-0.1137,-0.0547,3.005,good,0.000,2.17,0,0,0,0,11.12,3,0.0,,,
3373,3.6560,-0.1136,0.2410,2.702,good,0.000,4.26,0,0,0,0,19.02,3,0.0,,,
3377,3.6560,-0.1185,0.1305,2.910,good,0.007,5.60,0,0,0,0,15.11,2,0.0,,,
3378,3.6560,-0.1143,0.1033,3.245,husk,1.000,21.99,1,1,1,0,6.05,2,2.4,45,3361,
3374,3.6600,-0.1119,0.0822,3.433,good,0.000,2.22,0,0,0,0,1.71,3,0.0,,,
3375,3.6600,-0.1124,-0.1954,3.357,good,0.035,2.92,0,0,0,0,3.27,3,0.0,,,
3376,3.6600,-0.1107,0.1825,3.003,good,0.000,4.56,0,0,0,0,10.17,3,0.0,,,
3379,3.6640,-0.1268,-0.1285,3.009,good,0.000,1.96,0,0,0,0,11.37,2,0.0,,,
3380,3.6640,-0.1120,-0.1907,3.091,good,0.000,3.09,0,0,0,0,8.59,3,0.0,,,
3381,3.6640,-0.1145,0.0502,2.448,good,0.000,3.23,0,0,0,0,27.65,3,0.0,,,
3382,3.6640,-0.1088,0.1463,3.043,good,0.061,2.53,0,0,0,0,8.62,3,0.0,,,
3385,3.6640,-0.1171,0.2194,2.951,good,0.005,2.32,0,0,0,0,13.59,2,0.0,,,
3386,3.6640,-0.1151,-0.1568,3.028,good,0.006,3.31,0,0,0,0,11.04,2,0.0,,,
3387,3.6640,-0.1153,0.1379,2.917,good,0.000,3.95,0,0,0,0,13.84,2,0.0,,,
3391,3.6640,-0.1147,-0.1321,3.000,good,0.000,2.35,0,0,0,0,11.58,1,0.0,,,
3383,3.6680,-0.1111,0.1684,2.973,good,0.025,3.45,0,0,0,0,11.02,3,0.0,,,
3384,3.6680,-0.1103,0.1061,2.990,good,0.000,3.03,0,0,0,0,10.32,3,0.0,,,
3389,3.6680,-0.1195,0.1018,3.028,good,0.001,4.02,0,0,0,0,12.48,2,0.0,,,
3390,3.6680,-0.1166,-0.0021,3.450,good,0.004,2.87,0,0,0,0,2.79,2,0.0,,,
3388,3.6720,-0.1120,-0.1053,2.998,good,0.001,2.25,0,0,0,0,10.71,3,0.0,,,
3393,3.6720,-0.1146,-0.0956,3.012,good,0.000,2.61,0,0,0,0,11.27,2,0.0,,,
3397,3.6720,-0.1027,-0.0061,3.000,good,0.004,2.92,0,0,0,0,7.58,1,0.0,,,
3392,3.6760,-0.1138,-0.1601,2.998,good,0.000,2.22,0,0,0,0,11.31,3,0.0,,,
3394,3.6760,-0.1198,0.1606,2.997,good,0.000,3.00,0,0,0,0,13.36,2,0.0,,,
3395,3.6760,-0.1193,-0.1699,3.004,good,0.001,1.43,0,0,0,0,13.00,2,0.0,,,
3396,3.6760,-0.1175,0.0729,3.011,good,0.000,1.96,0,0,0,0,12.23,2,0.0,,,
3400,3.6800,-0.1179,0.1837,3.021,faded,0.927,4.03,1,1,1,0,12.14,2,3.2,55,3369,3369
3401,3.6800,-0.1169,0.1272,3.020,good,0.000,2.23,0,0,0,0,11.82,2,0.0,,,
3398,3.6840,-0.1146,-0.0558,2.789,good,0.002,2.54,0,0,0,0,16.93,3,0.0,,,
3399,3.6840,-0.1086,-0.1021,3.003,good,0.007,1.99,0,0,0,0,9.46,3,0.0,,,
3404,3.6840,-0.1172,0.2049,3.007,broken,0.846,2.56,1,1,1,0,12.22,2,2.4,58,3401,3401
3402,3.6880,-0.1112,0.2261,2.991,good,0.000,3.04,0,0,0,0,10.63,3,0.0,,,
3403,3.6880,-0.1108,0.0555,2.691,good,0.001,5.27,0,0,0,0,18.36,3,0.0,,,
3408,3.6880,-0.1183,0.2183,3.015,good,0.001,4.13,0,0,0,0,12.42,2,0.0,,,
3409,3.6880,-0.1156,-0.1030,3.433,good,0.000,2.31,0,0,0,0,2.80,2,0.0,,,
3405,3.6920,-0.1164,0.1552,3.004,good,0.000,2.27,0,0,0,0,12.06,3,0.0,,,
3406,3.6920,-0.1127,0.0239,3.038,good,0.000,3.56,0,0,0,0,10.02,3,0.0,,,
3407,3.6920,-0.1098,-0.1285,2.940,good,0.000,2.13,0,0,0,0,11.35,3,0.0,,,
3410,3.6960,-0.1380,-0.2290,3.000,good,0.000,1.95,0,0,0,0,11.34,1,0.0,,,
3411,3.6960,-0.1363,-0.2196,3.000,good,0.000,2.71,0,0,0,0,10.76,1,0.0,,,
3412,3.6960,-0.1116,-0.0551,2.852,good,0.255,3.59,0,0,0,0,14.18,3,0.0,,,
3413,3.6960,-0.1091,0.0921,3.002,good,0.000,2.36,0,0,0,0,9.67,3,0.0,,,
3417,3.6960,-0.1312,-0.1687,3.000,good,0.000,2.03,0,0,0,0,13.05,1,0.0,,,
3418,3.6960,-0.1136,-0.2231,2.940,good,0.001,7.56,0,0,0,0,12.65,2,0.0,,,
3414,3.7000,-0.1126,-0.1672,3.303,good,0.012,5.69,0,0,0,0,4.38,3,0.0,,,
3415,3.7000,-0.1127,0.0922,2.864,good,0.078,3.24,0,0,0,0,14.25,3,0.0,,,
3416,3.7000,-0.1084,-0.1111,3.004,good,0.003,2.13,0,0,0,0,9.36,3,0.0,,,
3420,3.7000,-0.1177,0.1577,3.175,good,0.001,3.17,0,0,0,0,8.57,2,0.0,,,
3421,3.7000,-0.1167,-0.0389,3.005,good,0.000,3.37,0,0,0,0,12.12,2,0.0,,,
3422,3.7000,-0.1149,-0.0152,3.395,faded,0.996,4.27,1,1,1,0,3.31,2,3.2,30|29,3442,
3427,3.7000,-0.1001,-0.0517,3.000,good,0.140,3.55,0,0,0,0,6.72,1,0.0,,,
3419,3.7040,-0.1099,-0.1478,2.866,good,0.008,8.80,0,0,0,0,13.23,3,0.0,,,
3425,3.7040,-0.1138,0.0465,2.978,stick,1.000,66.85,1,1,1,0,11.79,2,2.4,37|38,3415,3415
3426,3.7040,-0.1194,0.0675,3.344,black,1.000,50.57,1,1,1,0,5.60,2,3.2,40,3431,
3432,3.7040,-0.1050,0.1613,3.000,good,0.000,3.19,0,0,0,0,8.34,1,0.0,,,
3423,3.7080,-0.1133,0.0838,3.003,good,0.000,2.50,0,0,0,0,11.03,3,0.0,,,
3424,3.7080,-0.1151,-0.0406,2.624,good,0.003,2.09,0,0,0,0,21.98,3,0.0,,,
3428,3.7120,-0.1149,-0.1139,2.958,good,0.000,2.73,0,0,0,0,12.65,3,0.0,,,
3429,3.7120,-0.1117,-0.2113,3.282,black,1.000,51.08,1,1,1,0,4.50,3,3.2,4|5,3425,3425
3430,3.7120,-0.1108,0.0181,3.158,good,0.000,2.97,0,0,0,0,6.76,3,0.0,,,
3431,3.7120,-0.1332,-0.1610,3.000,good,0.006,4.47,0,0,0,0,9.75,1,0.0,,,
3437,3.7120,-0.1184,-0.1628,2.594,good,0.010,8.96,0,0,0,0,24.18,2,0.0,,,
3438,3.7120,-0.1183,-0.1460,2.995,insect,1.000,3.52,1,1,1,0,12.89,2,3.1,13,3423,3423
3439,3.7120,-0.1198,0.2158,2.899,good,0.001,2.76,0,0,0,0,15.83,2,0.0,,,
3440,3.7120,-0.1168,-0.2202,3.005,good,0.002,2.66,0,0,0,0,12.15,2,0.0,,,
3433,3.7160,-0.1142,0.1761,2.967,good,0.002,3.12,0,0,0,0,12.17,3,0.0,,,
3434,3.7160,-0.1118,-0.0488,3.009,good,0.000,3.04,0,0,0,0,10.38,3,0.0,,,
3435,3.7160,-0.1105,-0.0058,2.944,good,0.000,4.58,0,0,0,0,11.52,3,0.0,,,
3436,3.7160,-0.1098,-0.1348,3.000,black,1.000,48.13,1,1,1,0,9.93,3,3.2,14,3404,3404
3445,3.7160,-0.1150,0.0850,2.846,faded,0.631,11.68,1,1,1,0,15.56,2,3.2,42|43,3419|3422|3430,3419
3446,3.7160,-0.1172,0.2114,2.999,good,0.010,3.18,0,0,0,0,12.42,2,0.0,,,
3441,3.7200,-0.1175,0.1060,2.748,shell,1.000,7.17,1,1,1,0,19.14,3,2.4,45,3424,
3442,3.7200,-0.1142,-0.1327,2.992,insect,1.000,5.92,1,1,1,0,11.59,3,3.1,15|14,3417,3417
3443,3.7200,-0.1111,0.0468,2.997,good,0.000,3.51,0,0,0,0,10.46,3,0.0,,,
3444,3.7200,-0.1111,0.0924,3.010,good,0.000,2.06,0,0,0,0,10.11,3,0.0,,,
3452,3.7200,-0.1047,0.0769,3.000,good,0.001,1.82,0,0,0,0,8.22,1,0.0,,,
3451,3.7240,-0.1171,-0.0022,2.999,good,0.000,2.31,0,0,0,0,12.40,2,0.0,,,
3447,3.7280,-0.1110,-0.1925,3.104,good,0.001,2.69,0,0,0,0,7.97,3,0.0,,,
3448,3.7280,-0.1132,0.2177,2.960,good,0.002,2.44,0,0,0,0,12.02,3,0.0,,,
3449,3.7280,-0.1231,-0.1274,2.877,good,0.000,3.40,0,0,0,0,13.56,2,0.0,,,
3450,3.7280,-0.1081,-0.0384,2.988,good,0.000,3.49,0,0,0,0,9.63,3,0.0,,,
3454,3.7280,-0.1132,-0.1526,3.450,good,0.075,3.55,0,0,0,0,1.81,2,0.0,,,
3457,3.7280,-0.1116,-0.1231,3.000,good,0.001,3.52,0,0,0,0,10.54,1,0.0,,,
3453,3.7320,-0.1085,0.0365,2.989,good,0.000,2.78,0,0,0,0,9.75,3,0.0,,,
3456,3.7320,-0.1195,-0.1222,3.008,faded,0.986,3.56,1,1,1,0,12.98,2,3.2,16,3439,3439
3455,3.7360,-0.1152,0.0143,2.998,faded,1.000,5.98,1,1,1,0,11.79,3,3.2,33|34,3429,3429
3461,3.7360,-0.1170,-0.0613,3.362,good,0.004,3.11,0,0,0,0,4.56,2,0.0,,,
3458,3.7400,-0.1193,-0.0264,2.394,faded,1.000,5.93,1,1,1,0,31.57,3,3.2,28,3392,
3459,3.7400,-0.1112,-0.1937,3.035,good,0.083,5.67,0,0,0,0,9.60,3,0.0,,,
3460,3.7400,-0.1100,0.1387,2.640,good,0.000,1.97,0,0,0,0,19.53,3,0.0,,,
3464,3.7400,-0.1165,-0.2394,3.122,good,0.015,8.14,0,0,0,0,9.34,2,0.0,,,
3465,3.7400,-0.1199,0.2168,3.001,good,0.014,2.67,0,0,0,0,13.27,2,0.0,,,
3462,3.7440,-0.1095,-0.0376,3.035,sour,1.000,21.50,1,1,1,0,9.02,3,3.2,27|26,3435,3435
3463,3.7440,-0.1097,0.0485,2.940,good,0.001,2.32,0,0,0,0,11.32,3,0.0,,,
3466,3.7440,-0.1321,0.2347,3.000,good,0.010,4.07,0,0,0,0,9.38,1,0.0,,,
3470,3.7440,-0.1161,0.2254,3.450,faded,0.893,8.66,1,1,1,0,2.64,2,3.2,60|61,3437|3444,
3471,3.7440,-0.1132,0.1444,3.450,good,0.002,3.18,0,0,0,0,1.80,2,0.0,,,
3472,3.7440,-0.1232,0.2320,3.000,good,0.006,4.10,0,0,0,0,10.40,1,0.0,,,
3474,3.7440,-0.1097,-0.0293,3.000,faded,1.000,6.28,1,1,1,0,9.90,1,3.2,28,3392,
3467,3.7480,-0.1146,-0.1482,3.002,good,0.000,2.91,0,0,0,0,11.49,3,0.0,,,
3468,3.7480,-0.1107,0.0575,3.029,good,0.000,2.14,0,0,0,0,9.57,3,0.0,,,
3469,3.7480,-0.1116,0.0115,3.013,good,0.000,3.16,0,0,0,0,10.24,3,0.0,,,
3473,3.7520,-0.1089,-0.0124,3.007,good,0.001,3.17,0,0,0,0,9.47,3,0.0,,,
3477,3.7520,-0.1198,0.1821,2.985,good,0.007,2.92,0,0,0,0,13.64,2,0.0,,,
3475,3.7560,-0.1133,-0.0567,3.001,insect,1.000,4.50,1,1,1,0,11.08,3,3.1,24,3470,
3476,3.7560,-0.1096,-0.1061,2.975,good,0.003,2.09,0,0,0,0,10.46,3,0.0,,,
3479,3.7560,-0.1178,0.0496,2.998,good,0.000,4.90,0,0,0,0,12.63,2,0.0,,,
3478,3.7600,-0.1119,-0.1178,3.053,good,0.000,2.02,0,0,0,0,9.43,3,0.0,,,
3480,3.7600,-0.1167,0.0222,3.127,good,0.000,1.58,0,0,0,0,9.31,2,0.0,,,
3483,3.7640,-0.1198,-0.2399,3.073,good,0.033,2.73,0,0,0,0,11.53,2,0.0,,,
3481,3.7680,-0.1107,0.0465,3.068,good,0.001,2.13,0,0,0,0,8.70,3,0.0,,,
3482,3.7680,-0.1147,0.0687,2.800,good,0.023,14.27,0,0,0,0,16.68,3,0.0,,,
3487,3.7680,-0.1177,0.0139,3.124,good,0.000,2.37,0,0,0,0,9.70,2,0.0,,,
3488,3.7680,-0.1288,0.1513,3.000,good,0.002,8.68,0,0,0,0,12.27,1,0.0,,,
3491,3.7680,-0.1152,0.1550,3.000,good,0.001,9.65,0,0,0,0,11.72,1,0.0,,,
3492,3.7680,-0.1122,-0.1679,3.000,good,0.000,3.25,0,0,0,0,10.73,1,0.0,,,
3484,3.7720,-0.1146,-0.2382,2.998,good,0.000,2.62,0,0,0,0,11.60,3,0.0,,,
3485,3.7720,-0.1126,0.0593,3.007,black,1.000,50.32,1,1,1,0,10.70,3,3.2,39,3471,3471
3486,3.7720,-0.1086,-0.1668,2.757,good,0.003,4.21,0,0,0,0,15.68,3,0.0,,,
3496,3.7720,-0.1015,0.1588,3.000,good,0.000,11.04,0,0,0,0,7.16,1,0.0,,,
3489,3.7760,-0.1135,-0.0368,3.082,good,0.040,6.07,0,0,0,0,9.29,3,0.0,,,
3490,3.7760,-0.1094,0.1851,3.024,good,0.001,2.41,0,0,0,0,9.23,3,0.0,,,
3494,3.7760,-0.1197,0.0445,2.996,good,0.000,4.23,0,0,0,0,13.34,2,0.0,,,
3495,3.7760,-0.1184,-0.1151,3.109,faded,0.998,4.42,1,1,1,0,10.24,2,3.2,17,3491,3491
3493,3.7800,-0.1107,0.0614,3.004,sour,1.000,10.95,1,1,1,0,10.16,3,3.2,39|40,3473,3473
3499,3.7800,-0.1164,-0.2028,2.998,good,0.000,2.08,0,0,0,0,12.17,2,0.0,,,
3497,3.7840,-0.1115,-0.1688,3.134,sour,1.000,18.85,1,1,1,0,7.51,3,3.2,10,3493,
3498,3.7840,-0.1096,0.1151,2.625,good,0.005,4.00,0,0,0,0,19.85,3,0.0,,,
3504,3.7840,-0.1186,0.2249,3.029,good,0.000,4.37,0,0,0,0,12.17,2,0.0,,,
3505,3.7840,-0.1162,-0.0772,3.206,good,0.000,2.45,0,0,0,0,7.42,2,0.0,,,
3506,3.7840,-0.1183,0.1548,2.931,good,0.000,1.91,0,0,0,0,14.47,2,0.0,,,
3507,3.7840,-0.1155,-0.0002,2.960,good,0.244,3.94,0,0,0,0,12.79,2,0.0,,,
3500,3.7880,-0.1145,-0.2184,2.964,good,0.075,3.06,0,0,0,0,12.37,3,0.0,,,
3501,3.7880,-0.1134,0.1118,3.037,good,0.000,3.13,0,0,0,0,10.26,3,0.0,,,
3502,3.7880,-0.1146,0.2223,3.012,good,0.008,7.27,0,0,0,0,11.26,3,0.0,,,
3503,3.7880,-0.1148,0.0204,2.815,faded,1.000,4.56,1,1,1,0,16.31,3,3.2,34,3467,
3514,3.7880,-0.1169,0.0896,3.045,good,0.001,2.33,0,0,0,0,11.25,2,0.0,,,
3515,3.7880,-0.1158,-0.1878,3.036,good,0.000,2.47,0,0,0,0,11.08,2,0.0,,,
3508,3.7920,-0.1112,0.0232,2.987,good,0.000,3.97,0,0,0,0,10.70,3,0.0,,,
3509,3.7920,-0.1123,0.1151,3.006,good,0.001,8.08,0,0,0,0,10.65,3,0.0,,,
3510,3.7920,-0.1221,0.1402,3.124,faded,0.647,3.98,1,1,1,0,7.11,2,3.2,49|50,,
3511,3.7920,-0.1207,0.1289,3.007,faded,1.000,6.06,1,1,1,0,9.42,2,3.2,48,,
3512,3.7920,-0.1087,0.2144,2.999,faded,0.998,5.53,1,1,1,0,9.58,3,3.2,59,3478,3478
3513,3.7920,-0.1090,-0.0658,3.013,good,0.009,19.56,1,1,1,0,9.38,3,9.0,23|24|22,3480,3480
3517,3.7920,-0.1139,0.1480,3.450,good,0.009,6.11,0,0,0,0,2.01,2,0.0,,,
3523,3.7920,-0.1091,0.1321,3.000,faded,0.993,7.03,1,1,1,0,9.69,1,3.2,48|49,3487|3499,3499
3524,3.7920,-0.1039,-0.0395,3.000,husk,0.998,35.03,1,1,1,0,7.98,1,2.4,26|27,3501,
3516,3.7960,-0.1106,0.2309,3.003,good,0.001,2.65,0,0,0,0,10.13,3,0.0,,,
3518,3.8000,-0.1110,-0.1428,3.003,good,0.000,2.49,0,0,0,0,10.26,3,0.0,,,
3519,3.8000,-0.1114,0.1053,3.058,good,0.000,2.34,0,0,0,0,9.14,3,0.0,,,
3520,3.8000,-0.1124,0.0132,2.941,good,0.000,2.35,0,0,0,0,12.21,3,0.0,,,
3521,3.8000,-0.1099,0.0466,3.085,good,0.000,2.57,0,0,0,0,8.04,3,0.0,,,
3522,3.8000,-0.1103,0.0329,3.005,good,0.000,2.26,0,0,0,0,9.98,3,0.0,,,
3525,3.8040,-0.1129,-0.0392,3.006,good,0.001,4.15,0,0,0,0,10.83,3,0.0,,,
3526,3.8040,-0.1355,0.2279,3.000,good,0.009,7.62,0,0,0,0,10.50,1,0.0,,,
3527,3.8040,-0.1094,0.1897,3.025,good,0.028,5.67,0,0,0,0,9.22,3,0.0,,,
3528,3.8040,-0.1114,0.1643,2.871,insect,1.000,4.00,1,1,1,0,13.62,3,3.1,53|52,3508,3508
3531,3.8040,-0.1189,0.0234,3.003,good,0.000,2.95,0,0,0,0,12.89,2,0.0,,,
3532,3.8040,-0.1259,0.2327,3.000,good,0.015,9.88,0,0,0,0,11.30,1,0.0,,,
3535,3.8040,-0.1163,0.2374,3.000,good,0.006,7.06,0,0,0,0,12.10,1,0.0,,,
3529,3.8080,-0.1176,-0.2061,2.712,good,0.003,2.72,0,0,0,0,20.24,3,0.0,,,
3530,3.8080,-0.1092,-0.1629,2.973,good,0.001,2.32,0,0,0,0,10.34,3,0.0,,,
3534,3.8080,-0.1186,0.2067,2.833,good,0.000,2.93,0,0,0,0,17.19,2,0.0,,,
3541,3.8080,-0.1067,0.2422,3.000,good,0.012,6.26,0,0,0,0,8.90,1,0.0,,,
3533,3.8120,-0.1105,0.0822,3.186,faded,0.995,5.86,1,1,1,0,6.08,3,3.2,42,3510,
3539,3.8120,-0.1196,0.0549,3.004,good,0.000,8.48,0,0,0,0,13.08,2,0.0,,,
3540,3.8120,-0.1193,-0.0107,2.988,good,0.001,1.83,0,0,0,0,13.39,2,0.0,,,
3536,3.8160,-0.1120,0.1021,3.287,insect,1.000,3.33,1,1,1,0,4.51,3,3.1,45|44,3533,
3537,3.8160,-0.1256,0.1690,3.030,good,0.000,3.17,0,0,0,0,10.45,2,0.0,,,
3538,3.8160,-0.1107,-0.0491,2.999,good,0.208,2.02,0,0,0,0,10.26,3,0.0,,,
3544,3.8160,-0.1288,-0.0344,3.000,husk,0.997,15.28,1,1,1,0,12.27,1,2.4,27,,
3547,3.8160,-0.1135,0.1725,3.000,good,0.000,4.83,0,0,0,0,11.16,1,0.0,,,
3548,3.8160,-0.1140,-0.0314,3.000,husk,0.963,15.10,1,1,1,0,11.33,1,2.4,27|28,3537,
3542,3.8200,-0.1095,-0.1682,3.003,good,0.000,2.94,0,0,0,0,9.76,3,0.0,,,
3543,3.8200,-0.1086,-0.1081,3.000,good,0.002,3.10,0,0,0,0,9.55,3,0.0,,,
3552,3.8200,-0.0991,-0.0285,3.000,husk,0.996,14.92,1,1,1,0,6.38,1,2.4,28,3537,
3545,3.8240,-0.1150,0.2134,2.987,good,0.000,4.12,0,0,0,0,11.98,3,0.0,,,
3546,3.8240,-0.1085,0.2044,2.983,good,0.000,2.61,0,0,0,0,9.89,3,0.0,,,
3550,3.8280,-0.1123,-0.1136,3.034,good,0.003,5.32,0,0,0,0,9.99,3,0.0,,,
3551,3.8280,-0.1097,0.1937,2.949,black,1.000,50.66,1,1,1,0,11.11,3,3.2,56,3534,3534
3556,3.8280,-0.1198,0.0572,2.870,good,0.000,2.89,0,0,0,0,16.59,2,0.0,,,
3557,3.8280,-0.1181,-0.0882,3.017,good,0.103,3.52,0,0,0,0,12.31,2,0.0,,,
3558,3.8280,-0.1183,0.0213,3.011,good,0.000,2.26,0,0,0,0,12.50,2,0.0,,,
3549,3.8320,-0.1119,0.2113,2.328,good,0.006,4.63,0,0,0,0,31.05,4,0.0,,,
3553,3.8320,-0.1153,-0.1565,2.945,good,0.001,2.93,0,0,0,0,13.09,3,0.0,,,
3554,3.8320,-0.1111,0.1218,3.009,good,0.000,3.06,0,0,0,0,10.16,3,0.0,,,
3555,3.8320,-0.1133,0.0095,2.700,good,0.000,2.09,0,0,0,0,19.00,3,0.0,,,
3561,3.8320,-0.1170,-0.0208,3.266,good,0.000,2.19,0,0,0,0,6.46,2,0.0,,,
3559,3.8360,-0.1137,-0.0640,2.841,good,0.001,3.18,0,0,0,0,15.22,3,0.0,,,
3560,3.8360,-0.1092,-0.1893,2.838,good,0.005,4.26,0,0,0,0,13.70,3,0.0,,,
3565,3.8360,-0.1179,0.2188,1.921,good,0.001,8.99,0,0,0,0,53.43,2,0.0,,,
3566,3.8360,-0.1142,0.1287,3.015,good,0.000,5.99,0,0,0,0,11.05,2,0.0,,,
3567,3.8360,-0.1159,0.0675,3.156,good,0.015,2.98,0,0,0,0,8.41,2,0.0,,,
3570,3.8360,-0.1069,0.2216,3.000,good,0.000,1.74,0,0,0,0,8.97,1,0.0,,,
3562,3.8400,-0.1149,-0.2349,3.003,good,0.000,6.09,0,0,0,0,11.55,3,0.0,,,
3563,3.8400,-0.1122,0.1916,2.984,good,0.000,2.66,0,0,0,0,11.11,3,0.0,,,
3564,3.8400,-0.1121,0.2028,3.005,good,0.002,2.95,0,0,0,0,10.59,3,0.0,,,
3569,3.8400,-0.1168,0.1651,2.984,good,0.000,3.12,0,0,0,0,12.63,2,0.0,,,
3568,3.8440,-0.1149,0.1969,3.010,good,0.000,2.74,0,0,0,0,11.38,3,0.0,,,
3574,3.8440,-0.1196,0.0458,2.999,faded,1.000,5.26,1,1,1,0,13.23,2,3.2,37|38,3547,3547
3575,3.8440,-0.1159,-0.2076,3.002,good,0.026,9.36,0,0,0,0,11.93,2,0.0,,,
3576,3.8440,-0.1173,-0.1631,2.994,good,0.000,2.12,0,0,0,0,12.58,2,0.0,,,
3571,3.8480,-0.1143,0.0161,2.987,good,0.000,2.56,0,0,0,0,11.73,3,0.0,,,
3572,3.8480,-0.1103,-0.1500,2.995,good,0.001,2.39,0,0,0,0,10.23,3,0.0,,,
3573,3.8480,-0.1146,0.0884,2.544,good,0.002,5.03,0,0,0,0,24.37,3,0.0,,,
3579,3.8480,-0.1158,-0.0563,3.061,good,0.004,5.64,0,0,0,0,10.48,2,0.0,,,
3577,3.8520,-0.1150,0.0794,3.000,shell,1.000,7.92,1,1,1,0,11.68,3,2.4,42|41,3564,3564
3578,3.8520,-0.1127,0.1235,3.001,good,0.000,2.38,0,0,0,0,10.85,3,0.0,,,
3585,3.8520,-0.1022,-0.0513,3.000,good,0.000,2.27,0,0,0,0,7.41,1,0.0,,,
3580,3.8560,-0.1089,0.1767,2.997,good,0.004,2.45,0,0,0,0,9.72,3,0.0,,,
3581,3.8600,-0.1154,0.0630,2.999,good,0.000,2.72,0,0,0,0,11.83,3,0.0,,,
3582,3.8600,-0.1150,-0.1689,2.836,black,1.000,48.18,1,1,1,0,15.83,3,3.2,10,3549,
3583,3.8600,-0.1130,-0.0270,2.837,good,0.011,3.49,0,0,0,0,15.08,3,0.0,,,
3584,3.8600,-0.1125,0.1341,3.000,good,0.000,3.79,0,0,0,0,10.83,3,0.0,,,
3588,3.8600,-0.1189,-0.1591,3.157,good,0.002,2.39,0,0,0,0,9.36,2,0.0,,,
3586,3.8640,-0.1097,-0.1071,3.450,good,0.001,9.38,0,0,0,0,0.78,3,0.0,,,
3587,3.8640,-0.1228,-0.2215,2.991,good,0.001,2.44,0,0,0,0,10.51,2,0.0,,,
3590,3.8640,-0.1195,0.2310,3.010,good,0.000,2.35,0,0,0,0,12.93,2,0.0,,,
3592,3.8640,-0.1109,-0.2251,3.000,good,0.001,2.36,0,0,0,0,10.30,1,0.0,,,
3589,3.8680,-0.1102,0.1766,3.003,faded,0.991,4.45,1,1,1,0,10.00,3,3.2,54,3551,3551
3591,3.8720,-0.1110,-0.0052,3.000,good,0.000,2.26,0,0,0,0,10.32,3,0.0,,,
3596,3.8720,-0.1198,-0.0848,2.985,good,0.002,2.63,0,0,0,0,13.63,2,0.0,,,
3597,3.8720,-0.1166,0.1113,2.995,good,0.000,2.07,0,0,0,0,12.34,2,0.0,,,
3593,3.8760,-0.1155,-0.0407,3.025,good,0.022,3.24,0,0,0,0,11.24,3,0.0,,,
3594,3.8760,-0.1137,-0.0483,2.997,good,0.010,2.60,0,0,0,0,11.31,3,0.0,,,
3595,3.8760,-0.1118,-0.1711,2.830,good,0.000,1.87,0,0,0,0,14.85,3,0.0,,,
3602,3.8760,-0.1308,0.0494,3.000,good,0.002,6.96,0,0,0,0,12.93,1,0.0,,,
3606,3.8760,-0.1194,0.0451,3.000,good,0.000,1.55,0,0,0,0,13.12,1,0.0,,,
3607,3.8760,-0.1175,0.0545,3.000,good,0.000,1.77,0,0,0,0,12.52,1,0.0,,,
3598,3.8800,-0.1138,0.2046,3.001,good,0.002,4.15,0,0,0,0,11.25,3,0.0,,,
3599,3.8800,-0.1278,0.1263,2.612,good,0.000,2.29,0,0,0,0,23.21,2,0.0,,,
3600,3.8800,-0.1107,-0.0566,3.219,good,0.000,2.65,0,0,0,0,5.47,3,0.0,,,
3601,3.8800,-0.1089,0.1556,2.991,good,0.001,7.74,0,0,0,0,9.84,3,0.0,,,
3604,3.8800,-0.1167,-0.2040,3.000,good,0.000,2.14,0,0,0,0,12.25,2,0.0,,,
3605,3.8800,-0.1135,0.1114,3.378,husk,1.000,13.74,1,1,1,0,3.20,2,2.4,46,3588,
3611,3.8800,-0.1174,0.1298,3.000,good,0.000,3.20,0,0,0,0,12.47,1,0.0,,,
3603,3.8840,-0.1095,-0.0298,3.004,broken,0.957,3.01,1,1,1,0,9.72,3,2.4,28|27,3589,3589
3608,3.8880,-0.1145,-0.0973,2.998,good,0.002,3.14,0,0,0,0,11.53,3,0.0,,,
3609,3.8880,-0.1145,-0.1544,2.904,good,0.000,2.19,0,0,0,0,13.85,3,0.0,,,
3610,3.8880,-0.1107,-0.1986,3.198,good,0.026,2.52,0,0,0,0,5.88,3,0.0,,,
3616,3.8880,-0.1166,0.1171,3.094,good,0.047,2.85,0,0,0,0,10.00,2,0.0,,,
3612,3.8920,-0.1155,-0.2314,3.076,good,0.001,7.51,0,0,0,0,10.05,3,0.0,,,
3613,3.8920,-0.1153,0.0323,3.000,good,0.000,2.89,0,0,0,0,11.78,3,0.0,,,
3614,3.8920,-0.1154,-0.0806,3.015,good,0.000,2.74,0,0,0,0,11.43,3,0.0,,,
3615,3.8920,-0.1126,0.1953,3.010,good,0.000,1.98,0,0,0,0,10.65,3,0.0,,,
3618,3.8920,-0.1180,0.2377,2.999,good,0.004,2.75,0,0,0,0,12.72,2,0.0,,,
3619,3.8920,-0.1170,-0.0166,3.010,good,0.000,2.37,0,0,0,0,12.09,2,0.0,,,
3617,3.8960,-0.1103,0.1573,2.734,good,0.001,2.27,0,0,0,0,16.90,3,0.0,,,
3622,3.8960,-0.1200,-0.1333,2.999,good,0.005,1.66,0,0,0,0,13.37,2,0.0,,,
3620,3.9000,-0.1145,0.1106,3.035,good,0.000,2.65,0,0,0,0,10.67,3,0.0,,,
3621,3.9000,-0.1132,0.1549,3.003,shell,1.000,7.10,1,1,1,0,10.99,3,2.4,51|52,3592,3592
3623,3.9040,-0.1138,-0.0180,3.001,good,0.000,3.35,0,0,0,0,11.22,3,0.0,,,
3624,3.9040,-0.1106,0.1311,2.831,good,0.056,3.86,0,0,0,0,14.39,3,0.0,,,
3625,3.9040,-0.1088,-0.0263,3.002,good,0.001,2.90,0,0,0,0,9.54,3,0.0,,,
3626,3.9040,-0.1182,-0.1523,3.001,good,0.000,2.81,0,0,0,0,12.70,2,0.0,,,
3627,3.9040,-0.1177,0.0779,2.990,good,0.008,2.70,0,0,0,0,12.82,2,0.0,,,
3628,3.9040,-0.1175,-0.0372,3.024,good,0.000,3.15,0,0,0,0,11.92,2,0.0,,,
3629,3.9080,-0.1199,-0.0211,3.008,good,0.009,3.50,0,0,0,0,13.11,2,0.0,,,
3630,3.9080,-0.1186,-0.0758,3.002,good,0.001,2.86,0,0,0,0,12.82,2,0.0,,,
3631,3.9080,-0.1182,0.0280,3.022,good,0.001,3.70,0,0,0,0,12.22,2,0.0,,,
3632,3.9080,-0.1180,-0.0437,3.003,good,0.001,2.19,0,0,0,0,12.60,2,0.0,,,
3635,3.9120,-0.1135,0.1683,3.079,good,0.001,6.66,0,0,0,0,9.34,2,0.0,,,
3633,3.9160,-0.1124,0.1959,3.434,good,0.001,3.24,0,0,0,0,1.86,3,0.0,,,
3634,3.9160,-0.1112,-0.0144,2.992,good,0.002,6.68,0,0,0,0,10.58,3,0.0,,,
3639,3.9160,-0.1196,0.0389,2.954,good,0.000,2.33,0,0,0,0,14.33,2,0.0,,,
3636,3.9200,-0.1141,-0.0293,3.112,good,0.000,2.35,0,0,0,0,8.78,3,0.0,,,
3637,3.9200,-0.1102,0.2101,3.006,good,0.003,2.46,0,0,0,0,9.92,3,0.0,,,
3638,3.9200,-0.1083,0.0598,3.114,black,1.000,52.40,1,1,1,0,6.88,3,3.2,39,3613,3613
3642,3.9200,-0.1182,0.2079,3.003,good,0.000,3.05,0,0,0,0,12.67,2,0.0,,,
3643,3.9200,-0.1164,-0.0909,2.993,good,0.000,2.13,0,0,0,0,12.31,2,0.0,,,
3640,3.9240,-0.1112,0.0815,2.846,black,1.000,50.67,1,1,1,0,14.21,3,3.2,42,3614,
3641,3.9240,-0.1209,0.0312,2.893,good,0.089,4.00,0,0,0,0,12.37,2,0.0,,,
3647,3.9240,-0.1177,0.0641,3.017,good,0.000,3.33,0,0,0,0,12.17,2,0.0,,,
3652,3.9240,-0.1093,0.0344,3.000,good,0.014,3.88,0,0,0,0,9.78,1,0.0,,,
3644,3.9280,-0.1176,0.1269,2.582,good,0.004,2.66,0,0,0,0,24.29,3,0.0,,,
3645,3.9280,-0.1130,0.0094,3.000,good,0.000,4.86,0,0,0,0,11.00,3,0.0,,,
3646,3.9280,-0.1113,-0.0587,2.999,good,0.002,2.87,0,0,0,0,10.47,3,0.0,,,
3650,3.9280,-0.1186,-0.2087,3.106,good,0.007,3.24,0,0,0,0,10.38,2,0.0,,,
3651,3.9280,-0.1198,0.0011,2.915,good,0.000,2.24,0,0,0,0,15.42,2,0.0,,,
3648,3.9320,-0.1151,-0.1783,2.994,faded,1.000,4.68,1,1,0,0,11.83,3,3.2,9|8,3635,
3649,3.9320,-0.1192,-0.0948,2.515,good,0.000,2.74,0,0,0,0,27.17,3,0.0,,,
3654,3.9320,-0.1189,-0.1213,2.862,good,0.004,3.31,0,0,0,0,16.48,2,0.0,,,
3655,3.9320,-0.1185,0.2378,3.005,good,0.000,3.78,0,0,0,0,12.70,2,0.0,,,
3653,3.9360,-0.1138,-0.0681,3.031,insect,1.000,3.68,1,1,0,0,10.56,3,3.1,23,3634,
3656,3.9400,-0.1124,-0.2312,2.996,broken,0.783,3.35,1,1,0,0,10.89,3,2.4,2,3653,
3657,3.9440,-0.1136,0.1344,2.996,good,0.001,2.95,0,0,0,0,11.31,3,0.0,,,
3658,3.9440,-0.1112,0.1214,2.989,good,0.003,2.42,0,0,0,0,10.65,3,0.0,,,
3661,3.9440,-0.1185,0.2038,2.992,good,0.001,1.56,0,0,0,0,13.03,2,0.0,,,
3659,3.9480,-0.1114,0.1000,3.038,good,0.110,6.94,0,0,0,0,9.58,3,0.0,,,
3660,3.9480,-0.1089,0.0541,3.004,good,0.000,3.89,0,0,0,0,9.54,3,0.0,,,
3665,3.9480,-0.1174,0.0438,3.398,good,0.001,3.52,0,0,0,0,3.98,2,0.0,,,
3662,3.9520,-0.1152,-0.1514,2.999,good,0.000,2.11,0,0,0,0,11.77,3,0.0,,,
3663,3.9520,-0.1108,0.1500,3.450,good,0.000,2.25,0,0,0,0,1.11,3,0.0,,,
3664,3.9520,-0.1107,0.0835,3.310,good,0.038,3.31,0,0,0,0,3.66,3,0.0,,,
3668,3.9520,-0.1179,-0.0532,2.993,good,0.014,7.03,0,0,0,0,12.79,2,0.0,,,
3669,3.9520,-0.1196,-0.1776,3.005,good,0.017,2.77,0,0,0,0,13.09,2,0.0,,,
3670,3.9520,-0.1167,-0.0411,3.000,good,0.000,1.43,0,0,0,0,12.24,2,0.0,,,
3675,3.9520,-0.1008,0.1035,3.000,good,0.001,2.01,0,0,0,0,6.93,1,0.0,,,
3666,3.9560,-0.1125,-0.0037,3.060,good,0.000,3.38,0,0,0,0,9.46,3,0.0,,,
3667,3.9560,-0.1153,0.1028,2.852,good,0.040,2.43,0,0,0,0,15.48,3,0.0,,,
3673,3.9560,-0.1187,0.0593,2.882,good,0.000,2.24,0,0,0,0,15.87,2,0.0,,,
3674,3.9560,-0.1171,0.0910,2.916,good,0.000,2.67,0,0,0,0,14.46,2,0.0,,,
3671,3.9600,-0.1129,-0.0755,3.001,good,0.009,3.82,0,0,0,0,10.93,3,0.0,,,
3672,3.9600,-0.1138,0.1598,2.995,good,0.002,3.46,0,0,0,0,11.38,3,0.0,,,
3681,3.9600,-0.1183,0.2164,3.017,good,0.001,3.63,0,0,0,0,12.34,2,0.0,,,
3676,3.9640,-0.1147,-0.0750,2.989,good,0.000,3.55,0,0,0,0,11.83,3,0.0,,,
3677,3.9640,-0.1139,-0.1086,2.931,good,0.004,2.15,0,0,0,0,12.98,3,0.0,,,
3678,3.9640,-0.1134,-0.1368,2.839,good,0.001,3.09,0,0,0,0,15.15,3,0.0,,,
3679,3.9640,-0.1141,-0.0411,2.511,good,0.006,2.28,0,0,0,0,25.27,3,0.0,,,
3680,3.9640,-0.1098,-0.1715,3.003,good,0.001,1.56,0,0,0,0,9.88,3,0.0,,,
3686,3.9640,-0.1190,0.2321,3.182,good,0.233,5.52,0,0,0,0,8.82,2,0.0,,,
3682,3.9680,-0.1150,0.1326,2.999,good,0.000,3.32,0,0,0,0,11.68,3,0.0,,,
3683,3.9680,-0.1125,-0.1620,3.112,good,0.000,2.14,0,0,0,0,8.26,3,0.0,,,
3684,3.9680,-0.1123,-0.1062,3.029,good,0.000,3.28,0,0,0,0,10.10,3,0.0,,,
3685,3.9680,-0.1125,0.0343,3.119,good,0.001,4.14,0,0,0,0,8.12,3,0.0,,,
3687,3.9720,-0.1116,0.1255,3.004,good,0.000,2.56,0,0,0,0,10.46,3,0.0,,,
3692,3.9720,-0.1166,-0.0252,3.450,stone,1.000,26.02,1,1,0,0,2.77,2,9.1,28|29|27,3687,
3693,3.9720,-0.1175,0.1158,3.008,good,0.000,2.87,0,0,0,0,12.33,2,0.0,,,
3694,3.9720,-0.1170,-0.0528,2.984,good,0.012,3.15,0,0,0,0,12.73,2,0.0,,,
3688,3.9760,-0.1148,0.1765,2.930,insect,1.000,3.74,1,1,0,0,13.33,3,3.1,54,3667,
3689,3.9760,-0.1125,-0.0801,3.001,good,0.000,2.97,0,0,0,0,10.82,3,0.0,,,
3690,3.9760,-0.1119,0.0129,2.873,sour,1.000,21.55,1,1,0,0,13.76,3,3.2,33,3692,
3691,3.9760,-0.1094,-0.0046,3.021,good,0.000,2.36,0,0,0,0,9.33,3,0.0,,,
3698,3.9760,-0.1182,-0.0227,3.000,good,0.000,2.52,0,0,0,0,12.75,2,0.0,,,
3695,3.9800,-0.1162,-0.2143,2.983,faded,0.868,3.93,1,1,0,0,12.48,3,3.2,4,3689,
3696,3.9800,-0.1124,-0.2328,3.000,black,1.000,49.87,1,1,0,0,10.80,3,3.2,2,3664,
3697,3.9800,-0.1102,-0.0596,2.790,good,0.013,2.21,0,0,0,0,15.35,3,0.0,,,
3702,3.9800,-0.1148,-0.1825,3.450,good,0.343,6.24,0,0,0,0,2.27,2,0.0,,,
3703,3.9800,-0.1189,0.0158,2.848,broken,0.931,2.44,1,1,0,0,16.86,2,2.4,34|33,3686,
3699,3.9840,-0.1150,0.1436,2.983,good,0.000,2.79,0,0,0,0,12.07,3,0.0,,,
3700,3.9840,-0.1080,-0.0645,3.266,good,0.000,1.96,0,0,0,0,3.70,3,0.0,,,
3701,3.9840,-0.1100,0.0468,2.912,sour,1.000,13.52,1,1,0,0,12.11,3,3.2,37|38,3670,
3704,3.9840,-0.1175,-0.2369,2.906,good,0.025,2.36,0,0,0,0,14.83,2,0.0,,,
3705,3.9840,-0.1162,-0.1799,2.100,good,0.001,4.19,0,0,0,0,42.93,2,0.0,,,
3708,3.9880,-0.1173,0.1848,3.013,good,0.002,2.73,0,0,0,0,12.12,2,0.0,,,
3711,3.9880,-0.1077,-0.1772,3.000,good,0.001,4.56,0,0,0,0,9.24,1,0.0,,,
3706,3.9920,-0.1096,-0.0847,2.989,good,0.000,2.76,0,0,0,0,10.13,3,0.0,,,
3707,3.9920,-0.1084,0.1183,3.079,good,0.000,2.11,0,0,0,0,7.68,3,0.0,,,
3710,3.9920,-0.1189,-0.0356,2.975,good,0.002,3.48,0,0,0,0,13.60,2,0.0,,,
3709,3.9960,-0.1156,0.0836,3.001,good,0.000,3.31,0,0,0,0,11.84,3,0.0,,,
