tid,t,x,y,v,cls,p_reject,anomaly,reject,scheduled,activated,late,headroom_ms,n_obs,pulse_ms,nozzles,target_uids,own_hit_uids
0,0.3000,-0.1116,-0.2027,2.997,insect,1.000,5.07,1,1,1,0,40.81,3,3.1,6|5,6,6
1,0.3000,-0.1115,0.0699,3.003,good,0.000,2.88,0,0,0,0,40.52,3,0.0,,,
2,0.3040,-0.1107,-0.0457,2.997,good,0.034,4.68,0,0,0,0,38.75,3,0.0,,,
3,0.3040,-0.1178,-0.0887,2.997,good,0.001,2.53,0,0,0,0,41.04,2,0.0,,,
4,0.3080,-0.1195,-0.1241,2.992,sour,1.000,17.14,1,1,1,0,40.24,2,3.2,16|15,5,5
5,0.3120,-0.1082,0.0617,3.001,good,0.001,8.23,0,0,0,0,33.27,3,0.0,,,
7,0.3120,-0.1186,-0.1101,3.002,good,0.000,1.58,0,0,0,0,36.61,2,0.0,,,
6,0.3160,-0.1144,0.0395,3.002,broken,0.996,2.91,1,1,1,0,34.05,3,2.4,37|36,10,10
10,0.3160,-0.1191,0.1537,3.005,good,0.000,2.81,0,0,0,0,35.40,2,0.0,,,
11,0.3160,-0.1180,0.1641,3.004,good,0.000,2.31,0,0,0,0,35.04,2,0.0,,,
12,0.3160,-0.1188,0.2193,3.000,good,0.000,3.25,0,0,0,0,35.36,2,0.0,,,
8,0.3200,-0.1111,-0.0019,3.017,good,0.000,4.74,0,0,0,0,35.84,3,0.0,,,
9,0.3200,-0.1088,-0.0873,3.010,good,0.000,2.53,0,0,0,0,35.19,3,0.0,,,
13,0.3200,-0.1200,0.0028,3.000,good,0.000,2.26,0,0,0,0,39.10,2,0.0,,,
14,0.3200,-0.1192,0.2390,2.999,good,0.025,2.35,0,0,0,0,38.81,2,0.0,,,
15,0.3280,-0.1148,-0.0997,2.997,faded,0.647,6.70,1,1,1,0,34.39,3,3.2,19,17,17
17,0.3280,-0.1148,-0.1768,3.006,good,0.154,7.34,0,0,0,0,34.11,2,0.0,,,
16,0.3320,-0.1142,-0.1601,3.003,good,0.000,2.54,0,0,0,0,37.55,3,0.0,,,
18,0.3360,-0.1136,0.2285,2.996,good,0.001,7.24,0,0,0,0,35.06,3,0.0,,,
19,0.3360,-0.1092,-0.0065,3.001,good,0.000,2.42,0,0,0,0,33.42,3,0.0,,,
20,0.3360,-0.1159,0.0141,3.144,husk,1.000,12.45,1,1,1,0,32.30,2,2.4,33|34,23,
22,0.3400,-0.1181,-0.0298,2.996,good,0.000,3.19,0,0,0,0,40.12,2,0.0,,,
21,0.3440,-0.1149,-0.0549,3.004,good,0.000,1.90,0,0,0,0,33.92,3,0.0,,,
23,0.3480,-0.1140,0.1343,3.004,good,0.000,1.69,0,0,0,0,40.33,3,0.0,,,
24,0.3480,-0.1144,0.1487,3.002,good,0.023,3.90,0,0,0,0,40.46,3,0.0,,,
25,0.3480,-0.1150,0.1833,2.997,good,0.000,2.49,0,0,0,0,40.72,3,0.0,,,
26,0.3520,-0.1089,0.0422,2.988,good,0.004,4.15,0,0,0,0,41.25,3,0.0,,,
28,0.3520,-0.1183,-0.2351,3.000,good,0.000,1.69,0,0,0,0,44.02,2,0.0,,,
27,0.3560,-0.1082,0.1627,3.000,good,0.000,2.06,0,0,0,0,33.04,3,0.0,,,
30,0.3560,-0.1190,0.0429,3.001,good,0.011,2.60,0,0,0,0,36.55,2,0.0,,,
29,0.3600,-0.1155,-0.0294,3.009,insect,1.000,4.71,1,1,1,0,34.87,3,3.1,28,35,35
34,0.3640,-0.1174,-0.1816,2.991,good,0.001,1.51,0,0,0,0,34.39,2,0.0,,,
31,0.3680,-0.1141,0.0160,3.011,good,0.000,2.33,0,0,0,0,40.06,3,0.0,,,
32,0.3680,-0.1143,-0.1696,3.003,good,0.000,7.39,0,0,0,0,40.25,3,0.0,,,
33,0.3680,-0.1094,-0.0526,2.999,faded,1.000,5.14,1,1,1,0,38.64,3,3.2,25,30,30
35,0.3720,-0.1135,-0.1069,2.998,good,0.000,2.05,0,0,0,0,38.69,3,0.0,,,
36,0.3720,-0.1190,-0.1333,2.818,husk,1.000,9.10,1,1,1,0,45.10,2,2.4,14|15,41,
39,0.3760,-0.1176,0.2218,3.023,good,0.000,1.73,0,0,0,0,39.03,2,0.0,,,
37,0.3800,-0.1132,-0.2015,3.008,good,0.002,1.91,0,0,0,0,38.58,3,0.0,,,
38,0.3800,-0.1086,0.1646,3.000,good,0.001,2.63,0,0,0,0,37.18,3,0.0,,,
41,0.3800,-0.1177,0.1344,2.999,good,0.000,1.55,0,0,0,0,40.18,2,0.0,,,
40,0.3840,-0.1089,0.0445,3.000,good,0.001,2.69,0,0,0,0,33.04,3,0.0,,,
44,0.3840,-0.1171,0.0763,3.001,good,0.004,1.86,0,0,0,0,35.70,2,0.0,,,
42,0.3880,-0.1114,0.1245,2.998,good,0.000,1.99,0,0,0,0,34.39,3,0.0,,,
43,0.3880,-0.1097,0.1635,3.002,good,0.000,1.95,0,0,0,0,33.67,3,0.0,,,
45,0.3960,-0.1156,0.0865,3.000,good,0.030,8.81,0,0,0,0,37.26,3,0.0,,,
46,0.3960,-0.1146,0.1526,3.001,good,0.000,2.73,0,0,0,0,36.87,3,0.0,,,
47,0.3960,-0.1126,0.1882,3.002,black,1.000,48.62,1,1,1,0,36.14,3,3.2,56|55,49,49
50,0.3960,-0.1198,-0.1558,3.000,good,0.000,2.42,0,0,0,0,38.49,2,0.0,,,
51,0.3960,-0.1168,0.1764,3.003,good,0.000,2.28,0,0,0,0,37.34,2,0.0,,,
48,0.4000,-0.1132,-0.2049,3.002,good,0.000,2.12,0,0,0,0,34.84,3,0.0,,,
49,0.4000,-0.1092,0.2038,3.011,good,0.000,1.97,0,0,0,0,33.25,3,0.0,,,
52,0.4040,-0.1089,0.1266,2.991,good,0.000,2.59,0,0,0,0,33.69,3,0.0,,,
54,0.4040,-0.1173,-0.1895,3.002,good,0.000,2.09,0,0,0,0,36.18,2,0.0,,,
53,0.4080,-0.1110,0.1162,2.998,good,0.000,3.85,0,0,0,0,32.90,3,0.0,,,
55,0.4120,-0.1106,0.1686,2.999,good,0.000,2.31,0,0,0,0,34.56,3,0.0,,,
58,0.4120,-0.1183,0.0093,3.001,good,0.000,2.51,0,0,0,0,37.03,2,0.0,,,
59,0.4120,-0.1152,0.2191,2.994,good,0.000,2.89,0,0,0,0,36.11,2,0.0,,,
56,0.4160,-0.1140,-0.1530,3.000,good,0.002,4.22,0,0,0,0,42.53,3,0.0,,,
57,0.4160,-0.1104,-0.0430,2.999,good,0.000,2.82,0,0,0,0,41.31,3,0.0,,,
60,0.4200,-0.1136,0.1413,2.999,good,0.010,2.87,0,0,0,0,38.09,3,0.0,,,
61,0.4200,-0.1138,-0.1865,2.999,good,0.000,1.83,0,0,0,0,38.07,3,0.0,,,
62,0.4240,-0.1092,-0.0526,3.000,good,0.005,2.84,0,0,0,0,36.51,3,0.0,,,
63,0.4280,-0.1129,-0.0667,3.000,good,0.002,3.46,0,0,0,0,34.61,3,0.0,,,
65,0.4280,-0.1190,-0.1339,3.000,good,0.000,1.54,0,0,0,0,36.56,2,0.0,,,
64,0.4320,-0.1135,0.0895,3.000,good,0.000,3.99,0,0,0,0,34.37,3,0.0,,,
66,0.4360,-0.1163,0.1432,3.010,good,0.002,4.02,0,0,0,0,34.22,3,0.0,,,
67,0.4360,-0.1109,0.0977,2.997,faded,0.992,4.09,1,1,1,0,32.65,3,3.2,44,71,71
68,0.4400,-0.1144,-0.1123,3.000,good,0.000,4.02,0,0,0,0,37.09,3,0.0,,,
69,0.4400,-0.1135,0.1528,2.999,good,0.000,2.71,0,0,0,0,36.76,3,0.0,,,
70,0.4400,-0.1084,0.0163,3.012,good,0.002,2.35,0,0,0,0,34.72,3,0.0,,,
73,0.4400,-0.1188,0.1404,3.003,good,0.000,2.35,0,0,0,0,38.35,2,0.0,,,
71,0.4440,-0.1142,0.0335,2.996,good,0.002,3.25,0,0,0,0,33.45,3,0.0,,,
72,0.4440,-0.1104,0.0938,3.002,broken,0.880,5.18,1,1,1,0,31.99,3,2.4,44|43,79,79
74,0.4480,-0.1161,-0.0127,2.999,good,0.000,1.94,0,0,0,0,35.49,3,0.0,,,
75,0.4480,-0.1154,0.1418,3.025,good,0.000,2.73,0,0,0,0,34.59,3,0.0,,,
76,0.4480,-0.1130,-0.1251,2.993,good,0.000,2.37,0,0,0,0,34.49,3,0.0,,,
77,0.4480,-0.1183,-0.2225,2.994,good,0.001,2.46,0,0,0,0,36.18,2,0.0,,,
80,0.4480,-0.1185,0.1703,3.000,stick,1.000,110.45,1,1,1,0,36.10,1,2.4,53|54,72,72
78,0.4560,-0.1112,0.0712,3.034,good,0.000,2.43,0,0,0,0,33.54,3,0.0,,,
79,0.4560,-0.1109,0.0431,3.001,black,1.000,45.99,1,1,1,0,34.13,3,3.2,37,77,77
81,0.4600,-0.1124,-0.0250,3.000,good,0.000,1.66,0,0,0,0,39.06,3,0.0,,,
82,0.4600,-0.1102,-0.1003,3.000,good,0.000,3.42,0,0,0,0,38.25,3,0.0,,,
83,0.4640,-0.1149,-0.1413,3.003,good,0.000,2.92,0,0,0,0,37.77,3,0.0,,,
85,0.4680,-0.1193,0.1759,3.000,good,0.000,2.40,0,0,0,0,46.50,2,0.0,,,
84,0.4720,-0.1091,-0.1432,2.986,good,0.000,2.45,0,0,0,0,35.47,3,0.0,,,
86,0.4760,-0.1097,-0.1696,3.004,good,0.000,2.23,0,0,0,0,36.45,3,0.0,,,
87,0.4840,-0.1143,-0.1343,2.997,good,0.005,3.34,0,0,0,0,36.12,3,0.0,,,
88,0.4840,-0.1113,0.0035,3.026,good,0.000,2.32,0,0,0,0,34.39,3,0.0,,,
89,0.4840,-0.1103,0.0772,3.000,good,0.000,4.36,0,0,0,0,34.65,3,0.0,,,
90,0.4880,-0.1139,0.0574,3.003,good,0.001,3.45,0,0,0,0,34.12,3,0.0,,,
91,0.4880,-0.1127,-0.1170,3.001,good,0.000,2.23,0,0,0,0,33.73,3,0.0,,,
92,0.4880,-0.1121,-0.2277,3.000,good,0.004,3.25,0,0,0,0,33.52,3,0.0,,,
93,0.4880,-0.1105,-0.0346,2.997,good,0.000,2.71,0,0,0,0,33.02,3,0.0,,,
94,0.4920,-0.1096,-0.2249,2.997,good,0.001,3.70,0,0,0,0,33.78,3,0.0,,,
95,0.4920,-0.1088,0.1974,3.001,good,0.000,3.11,0,0,0,0,33.35,3,0.0,,,
98,0.4920,-0.1170,0.2183,2.985,sour,1.000,21.41,1,1,1,0,36.41,2,3.2,59|60,88,88
96,0.4960,-0.1103,-0.1605,2.998,good,0.000,1.83,0,0,0,0,30.20,3,0.0,,,
97,0.4960,-0.1081,-0.2355,2.999,good,0.000,2.24,0,0,0,0,29.37,3,0.0,,,
99,0.4960,-0.1171,-0.1962,3.000,good,0.001,2.59,0,0,0,0,32.33,2,0.0,,,
101,0.5000,-0.1162,-0.0324,3.000,good,0.000,3.02,0,0,0,0,37.54,2,0.0,,,
100,0.5040,-0.1115,0.1559,2.998,good,0.000,3.57,0,0,0,0,35.68,3,0.0,,,
102,0.5080,-0.1118,-0.1212,2.999,good,0.000,2.53,0,0,0,0,36.82,3,0.0,,,
106,0.5080,-0.1160,-0.1539,3.000,good,0.057,2.86,0,0,0,0,38.13,2,0.0,,,
103,0.5120,-0.1106,0.0758,3.000,good,0.000,2.15,0,0,0,0,35.87,3,0.0,,,
104,0.5120,-0.1103,-0.0785,3.003,good,0.000,4.40,0,0,0,0,35.65,3,0.0,,,
105,0.5120,-0.1089,-0.1770,3.007,good,0.001,1.99,0,0,0,0,35.04,3,0.0,,,
107,0.5120,-0.1183,0.0828,3.004,good,0.000,1.96,0,0,0,0,38.20,2,0.0,,,
108,0.5120,-0.1169,0.1561,2.999,good,0.000,2.62,0,0,0,0,37.79,2,0.0,,,
109,0.5200,-0.1131,-0.0204,3.007,insect,1.000,8.70,1,1,1,0,36.68,3,3.1,29,107,107
110,0.5200,-0.1100,0.0322,2.998,faded,0.909,3.43,1,1,1,0,35.75,3,3.2,36|35,119,119
111,0.5240,-0.1130,-0.1928,3.000,good,0.003,2.96,0,0,0,0,39.37,3,0.0,,,
113,0.5280,-0.1172,0.1360,3.003,good,0.000,2.55,0,0,0,0,37.19,2,0.0,,,
112,0.5320,-0.1110,-0.0311,2.999,good,0.000,2.31,0,0,0,0,33.44,3,0.0,,,
114,0.5360,-0.1144,0.1088,2.997,good,0.002,2.50,0,0,0,0,35.30,3,0.0,,,
116,0.5360,-0.1195,-0.1614,2.998,good,0.000,3.08,0,0,0,0,36.89,2,0.0,,,
117,0.5360,-0.1148,-0.0469,2.994,faded,0.535,3.16,1,1,1,0,35.37,2,3.2,25|26,115,115
115,0.5400,-0.1115,0.2380,3.003,faded,0.999,4.21,1,1,1,0,33.43,3,3.2,62,118,118
118,0.5440,-0.1089,-0.1782,3.004,good,0.001,3.20,0,0,0,0,44.36,3,0.0,,,
119,0.5480,-0.1140,0.0784,3.000,good,0.000,1.97,0,0,0,0,35.81,3,0.0,,,
120,0.5480,-0.1104,-0.1109,3.001,sour,1.000,21.11,1,1,1,0,34.52,3,3.2,17|18,113,113
123,0.5480,-0.1191,0.0334,2.994,good,0.000,2.33,0,0,0,0,37.53,2,0.0,,,
121,0.5520,-0.1161,0.2050,2.996,good,0.000,3.31,0,0,0,0,33.75,3,0.0,,,
122,0.5520,-0.1120,-0.2401,2.997,good,0.000,3.33,0,0,0,0,32.29,3,0.0,,,
126,0.5520,-0.1186,-0.0368,2.998,good,0.006,2.04,0,0,0,0,34.40,2,0.0,,,
124,0.5560,-0.1096,0.1797,2.999,good,0.008,3.04,0,0,0,0,32.50,3,0.0,,,
125,0.5560,-0.1081,-0.0563,2.999,good,0.000,2.10,0,0,0,0,31.95,3,0.0,,,
127,0.5600,-0.1132,-0.1633,3.001,good,0.000,4.45,0,0,0,0,43.92,3,0.0,,,
131,0.5600,-0.1193,-0.1773,3.010,good,0.000,1.77,0,0,0,0,45.66,2,0.0,,,
128,0.5640,-0.1146,-0.0725,2.998,good,0.000,2.97,0,0,0,0,37.58,3,0.0,,,
129,0.5640,-0.1116,0.0051,3.003,sour,1.000,20.39,1,1,1,0,36.41,3,3.2,32,139,139
130,0.5640,-0.1081,0.0694,3.028,shell,1.000,8.71,1,1,1,0,34.61,3,2.4,40|41,120,120
134,0.5640,-0.1154,0.0184,3.002,good,0.010,3.16,0,0,0,0,37.56,2,0.0,,,
132,0.5680,-0.1145,0.2197,2.999,good,0.000,2.64,0,0,0,0,43.57,3,0.0,,,
133,0.5680,-0.1141,0.2291,3.003,good,0.073,2.64,0,0,0,0,43.26,3,0.0,,,
136,0.5720,-0.1192,0.0274,3.002,sour,1.000,17.47,1,1,1,0,39.05,2,3.2,35,145,145
135,0.5760,-0.1153,0.0994,2.996,good,0.000,2.18,0,0,0,0,46.57,3,0.0,,,
138,0.5760,-0.1159,-0.0214,3.003,good,0.001,4.19,0,0,0,0,46.56,2,0.0,,,
139,0.5760,-0.1161,0.1911,3.002,good,0.000,3.64,0,0,0,0,46.62,2,0.0,,,
137,0.5800,-0.1115,-0.0692,3.016,insect,1.000,8.18,1,1,1,0,38.77,3,3.1,23|22,143,143
140,0.5840,-0.1143,-0.1520,2.998,good,0.000,2.24,0,0,0,0,34.89,3,0.0,,,
141,0.5880,-0.1098,0.0135,2.999,sour,1.000,15.01,1,1,1,0,31.64,3,3.2,33,147,147
142,0.5920,-0.1132,-0.0305,2.999,good,0.000,2.44,0,0,0,0,44.81,3,0.0,,,
143,0.5920,-0.1127,-0.0018,2.999,good,0.003,4.66,0,0,0,0,44.61,3,0.0,,,
144,0.5920,-0.1094,-0.1210,2.996,faded,0.997,5.55,1,1,1,0,43.53,3,3.2,16,138,138
145,0.5920,-0.1091,0.1401,3.001,good,0.000,2.03,0,0,0,0,43.25,3,0.0,,,
147,0.5920,-0.1198,-0.1997,2.999,good,0.000,2.94,0,0,0,0,46.81,2,0.0,,,
148,0.5920,-0.1123,-0.0186,3.001,good,0.009,7.44,0,0,0,0,44.22,2,0.0,,,
146,0.5960,-0.1142,0.0932,3.001,good,0.001,3.99,0,0,0,0,33.82,3,0.0,,,
151,0.5960,-0.1194,-0.2044,3.004,good,0.001,3.15,0,0,0,0,35.41,2,0.0,,,
149,0.6000,-0.1132,0.1601,3.000,good,0.000,2.12,0,0,0,0,36.34,3,0.0,,,
150,0.6000,-0.1089,0.0775,2.997,good,0.000,1.93,0,0,0,0,34.94,3,0.0,,,
152,0.6040,-0.1108,-0.2296,3.001,good,0.000,3.44,0,0,0,0,34.64,3,0.0,,,
153,0.6040,-0.1185,0.1353,3.002,good,0.000,2.61,0,0,0,0,37.13,2,0.0,,,
154,0.6040,-0.1166,-0.0769,3.012,good,0.000,3.36,0,0,0,0,36.18,2,0.0,,,
155,0.6080,-0.1173,-0.1684,3.001,black,1.000,47.80,1,1,1,0,38.24,2,3.2,10,152,152
156,0.6160,-0.1083,-0.1868,3.010,good,0.000,2.29,0,0,0,0,41.46,3,0.0,,,
157,0.6200,-0.1138,-0.2114,3.000,good,0.000,3.06,0,0,0,0,40.95,3,0.0,,,
158,0.6200,-0.1130,0.1373,3.001,good,0.001,2.70,0,0,0,0,40.61,3,0.0,,,
159,0.6200,-0.1128,0.2325,2.961,good,0.023,4.31,0,0,0,0,41.48,3,0.0,,,
161,0.6200,-0.1165,-0.0511,3.000,good,0.000,3.22,0,0,0,0,41.71,2,0.0,,,
160,0.6240,-0.1150,0.0823,2.998,broken,0.962,2.58,1,1,1,0,37.59,3,2.4,42,167,167
162,0.6280,-0.1155,-0.0394,3.001,good,0.000,2.66,0,0,0,0,40.52,3,0.0,,,
164,0.6280,-0.1198,-0.1591,2.996,good,0.001,2.87,0,0,0,0,42.02,2,0.0,,,
163,0.6320,-0.1139,0.1933,3.001,good,0.000,2.21,0,0,0,0,41.35,3,0.0,,,
165,0.6360,-0.1142,0.2036,3.000,good,0.000,1.93,0,0,0,0,38.15,3,0.0,,,
166,0.6400,-0.1087,0.0517,3.003,good,0.000,1.92,0,0,0,0,35.25,3,0.0,,,
167,0.6400,-0.1171,-0.0835,3.005,good,0.000,5.08,0,0,0,0,37.94,2,0.0,,,
169,0.6440,-0.1175,0.1352,2.991,sour,1.000,10.27,1,1,1,0,42.29,2,3.2,49,165,165
170,0.6440,-0.1157,0.2262,3.006,good,0.000,2.84,0,0,0,0,41.19,2,0.0,,,
171,0.6440,-0.1169,0.1910,3.008,good,0.000,1.28,0,0,0,0,41.52,2,0.0,,,
168,0.6480,-0.1127,-0.0772,3.005,good,0.000,2.22,0,0,0,0,35.13,3,0.0,,,
172,0.6480,-0.1196,-0.0259,2.984,good,0.001,3.08,0,0,0,0,37.88,2,0.0,,,
176,0.6520,-0.1181,0.1345,2.968,good,0.000,3.10,0,0,0,0,40.89,2,0.0,,,
173,0.6560,-0.1141,-0.2253,2.994,good,0.000,2.71,0,0,0,0,37.25,3,0.0,,,
174,0.6560,-0.1135,-0.1167,2.999,good,0.001,2.57,0,0,0,0,36.87,3,0.0,,,
175,0.6560,-0.1108,0.1453,3.004,good,0.000,7.34,0,0,0,0,35.81,3,0.0,,,
177,0.6600,-0.1146,0.1476,3.002,good,0.001,2.92,0,0,0,0,39.12,3,0.0,,,
178,0.6600,-0.1128,-0.2122,2.995,good,0.000,2.64,0,0,0,0,38.63,3,0.0,,,
180,0.6600,-0.1200,0.0568,3.002,good,0.002,2.78,0,0,0,0,40.80,2,0.0,,,
181,0.6600,-0.1186,-0.0963,2.966,good,0.000,2.48,0,0,0,0,41.19,2,0.0,,,
179,0.6640,-0.1133,-0.1512,3.003,good,0.329,2.48,0,0,0,0,37.15,3,0.0,,,
182,0.6680,-0.1121,0.2215,3.115,good,0.001,3.10,0,0,0,0,38.35,3,0.0,,,
183,0.6680,-0.1082,0.0936,3.005,good,0.000,3.23,0,0,0,0,39.50,3,0.0,,,
184,0.6680,-0.1168,0.0786,2.998,good,0.001,2.46,0,0,0,0,42.49,2,0.0,,,
185,0.6760,-0.1133,-0.1983,2.998,good,0.008,3.60,0,0,0,0,35.56,3,0.0,,,
186,0.6760,-0.1128,0.1484,3.000,good,0.000,5.17,0,0,0,0,35.32,3,0.0,,,
187,0.6800,-0.1085,0.1278,3.003,good,0.001,3.89,0,0,0,0,38.32,3,0.0,,,
188,0.6840,-0.1109,0.0256,3.014,good,0.000,2.27,0,0,0,0,33.85,3,0.0,,,
190,0.6840,-0.1181,0.2133,3.001,good,0.000,3.64,0,0,0,0,36.47,2,0.0,,,
189,0.6880,-0.1148,0.0550,2.982,good,0.000,3.37,0,0,0,0,33.60,3,0.0,,,
193,0.6880,-0.1162,-0.2106,2.994,good,0.029,3.31,0,0,0,0,33.72,2,0.0,,,
191,0.6920,-0.1148,0.0474,3.004,good,0.000,2.81,0,0,0,0,40.07,3,0.0,,,
192,0.6920,-0.1139,0.0655,3.000,faded,0.990,4.55,1,1,1,0,39.77,3,3.2,40,199,199
194,0.6960,-0.1149,-0.0674,3.007,good,0.001,3.31,0,0,0,0,43.36,3,0.0,,,
195,0.6960,-0.1130,-0.1197,2.999,faded,1.000,6.10,1,1,1,0,42.83,3,3.2,16,188,188
196,0.6960,-0.1088,-0.0472,2.999,faded,0.999,4.33,1,1,1,0,41.36,3,3.2,25|26,196,196
199,0.7000,-0.1161,-0.1063,3.014,good,0.000,2.46,0,0,0,0,30.75,2,0.0,,,
197,0.7040,-0.1132,-0.1905,2.993,faded,1.000,6.71,1,1,1,0,37.47,3,3.2,7,197,197
198,0.7040,-0.1126,0.0117,3.001,good,0.000,2.20,0,0,0,0,37.04,3,0.0,,,
201,0.7040,-0.1128,0.0970,3.003,stick,1.000,92.24,1,1,1,0,37.00,2,2.4,44,200,200
202,0.7040,-0.1160,-0.1060,3.002,good,0.004,3.08,0,0,0,0,38.05,2,0.0,,,
200,0.7080,-0.1128,0.0248,3.309,good,0.000,2.05,0,0,0,0,24.58,3,0.0,,,
203,0.7120,-0.1099,0.1153,2.987,good,0.000,2.70,0,0,0,0,36.91,3,0.0,,,
204,0.7160,-0.1134,-0.1867,3.005,sour,1.000,27.39,1,1,1,0,41.80,3,3.2,8|7,212,212
205,0.7160,-0.1129,0.0556,3.041,good,0.002,2.03,0,0,0,0,40.71,3,0.0,,,
206,0.7160,-0.1101,0.0265,3.100,good,0.000,1.96,0,0,0,0,38.41,3,0.0,,,
207,0.7160,-0.1095,-0.0890,3.115,good,0.000,2.18,0,0,0,0,37.86,3,0.0,,,
209,0.7160,-0.1194,0.1721,2.992,good,0.000,2.89,0,0,0,0,43.91,2,0.0,,,
208,0.7200,-0.1110,0.1115,2.996,good,0.000,2.43,0,0,0,0,33.93,3,0.0,,,
212,0.7200,-0.1180,0.1187,3.002,good,0.000,4.51,0,0,0,0,36.04,2,0.0,,,
210,0.7240,-0.1124,-0.0319,3.126,insect,1.000,8.37,1,1,1,0,31.75,3,3.1,27|28,217,217
211,0.7240,-0.1088,0.0310,3.004,good,0.000,3.09,0,0,0,0,33.23,3,0.0,,,
214,0.7240,-0.1196,0.0156,3.001,good,0.002,2.26,0,0,0,0,36.82,2,0.0,,,
213,0.7280,-0.1096,-0.0304,2.999,good,0.003,4.49,0,0,0,0,37.52,3,0.0,,,
216,0.7280,-0.1182,0.1354,2.999,good,0.000,3.82,0,0,0,0,40.32,2,0.0,,,
215,0.7320,-0.1119,-0.2356,3.011,good,0.003,3.43,0,0,0,0,32.77,3,0.0,,,
217,0.7320,-0.1166,0.0209,3.002,good,0.000,2.87,0,0,0,0,34.49,2,0.0,,,
220,0.7360,-0.1169,0.0513,2.997,good,0.000,1.91,0,0,0,0,37.53,2,0.0,,,
218,0.7400,-0.1144,-0.0949,3.038,sour,1.000,12.96,1,1,1,0,33.73,3,3.2,19|20,227,227
219,0.7400,-0.1118,-0.1926,3.010,good,0.002,3.48,0,0,0,0,33.46,3,0.0,,,
221,0.7440,-0.1140,-0.0237,3.000,good,0.000,2.76,0,0,0,0,46.57,3,0.0,,,
222,0.7440,-0.1192,-0.0780,2.998,good,0.000,4.15,0,0,0,0,48.30,2,0.0,,,
223,0.7440,-0.1161,0.0922,2.997,good,0.000,2.28,0,0,0,0,47.23,2,0.0,,,
226,0.7560,-0.1191,-0.0180,3.019,good,0.001,4.11,0,0,0,0,40.26,2,0.0,,,
224,0.7600,-0.1124,0.0930,3.003,good,0.000,4.36,0,0,0,0,38.52,3,0.0,,,
225,0.7600,-0.1119,0.1557,2.940,good,0.000,2.83,0,0,0,0,39.82,3,0.0,,,
228,0.7600,-0.1179,-0.2261,3.002,good,0.014,3.65,0,0,0,0,40.29,2,0.0,,,
229,0.7600,-0.1163,0.1466,2.989,good,0.000,2.69,0,0,0,0,40.02,2,0.0,,,
227,0.7640,-0.1140,0.1720,3.005,good,0.000,2.12,0,0,0,0,33.45,3,0.0,,,
232,0.7680,-0.1186,-0.2013,3.025,good,0.000,3.82,0,0,0,0,35.89,2,0.0,,,
230,0.7720,-0.1282,0.0843,3.112,good,0.001,2.49,0,0,0,0,36.30,2,0.0,,,
231,0.7720,-0.1094,0.1543,3.004,sour,1.000,14.66,1,1,1,0,36.59,3,3.2,51,230,230
235,0.7720,-0.1174,0.0067,2.991,broken,1.000,3.16,1,1,1,0,39.49,2,2.4,32|33,242,242
236,0.7720,-0.1185,-0.2140,2.984,good,0.000,17.47,0,0,0,0,39.99,2,0.0,,,
237,0.7720,-0.1157,0.0879,3.000,good,0.002,2.05,0,0,0,0,38.67,1,0.0,,,
233,0.7760,-0.1113,-0.1862,3.006,good,0.003,1.98,0,0,0,0,37.24,3,0.0,,,
234,0.7760,-0.1089,-0.0852,2.991,good,0.001,2.07,0,0,0,0,36.74,3,0.0,,,
238,0.7840,-0.1132,-0.0926,3.003,good,0.000,3.10,0,0,0,0,42.36,3,0.0,,,
239,0.7840,-0.1120,-0.1261,2.974,good,0.094,2.66,0,0,0,0,42.59,3,0.0,,,
240,0.7840,-0.1096,-0.1943,2.993,good,0.000,2.59,0,0,0,0,41.30,3,0.0,,,
241,0.7840,-0.1092,0.0476,2.999,good,0.000,2.97,0,0,0,0,40.98,3,0.0,,,
242,0.7840,-0.1083,-0.0366,2.951,good,0.000,3.37,0,0,0,0,41.76,3,0.0,,,
243,0.7880,-0.1122,0.1714,3.123,good,0.000,2.21,0,0,0,0,39.69,3,0.0,,,
245,0.7880,-0.1186,0.0260,3.001,good,0.000,4.06,0,0,0,0,44.53,2,0.0,,,
244,0.7920,-0.1122,0.1835,2.998,good,0.000,2.57,0,0,0,0,31.44,3,0.0,,,
249,0.7920,-0.1173,0.0959,3.000,good,0.005,3.68,0,0,0,0,32.97,2,0.0,,,
246,0.7960,-0.1098,-0.0866,3.450,good,0.001,2.42,0,0,0,0,31.70,3,0.0,,,
247,0.7960,-0.1137,0.0689,2.998,good,0.000,2.43,0,0,0,0,42.11,3,0.0,,,
248,0.7960,-0.1097,0.0161,3.006,good,0.000,4.62,0,0,0,0,40.57,3,0.0,,,
250,0.7960,-0.1171,-0.1228,2.994,good,0.000,4.26,0,0,0,0,43.28,2,0.0,,,
251,0.8040,-0.1188,0.1477,2.998,black,1.000,47.79,1,1,1,0,44.99,2,3.2,50|51,249,249
252,0.8120,-0.1408,-0.1855,3.000,good,0.024,3.76,0,0,0,0,34.42,1,0.0,,,
253,0.8120,-0.1143,0.2203,3.020,good,0.007,2.90,0,0,0,0,32.97,3,0.0,,,
254,0.8120,-0.1118,-0.1286,3.001,good,0.000,2.24,0,0,0,0,32.57,3,0.0,,,
256,0.8120,-0.1166,0.2089,2.998,black,1.000,54.80,1,1,1,0,34.16,2,3.2,58,256,256
257,0.8120,-0.1256,-0.1829,3.000,good,0.050,3.65,0,0,0,0,33.09,1,0.0,,,
262,0.8120,-0.1104,-0.1803,3.000,good,0.081,3.63,0,0,0,0,32.00,1,0.0,,,
255,0.8160,-0.1150,0.0595,2.913,good,0.000,2.21,0,0,0,0,33.93,3,0.0,,,
260,0.8160,-0.1184,0.0834,2.997,good,0.016,3.21,0,0,0,0,32.93,2,0.0,,,
261,0.8160,-0.1198,0.1111,2.996,good,0.000,2.54,0,0,0,0,33.37,2,0.0,,,
258,0.8200,-0.1155,0.0366,3.004,good,0.001,2.21,0,0,0,0,33.15,3,0.0,,,
259,0.8200,-0.1083,0.2261,2.992,good,0.152,3.93,0,0,0,0,30.96,3,0.0,,,
263,0.8240,-0.1081,0.1982,3.012,good,0.001,7.83,0,0,0,0,32.63,3,0.0,,,
264,0.8280,-0.1132,0.0006,3.025,good,0.000,3.35,0,0,0,0,35.98,3,0.0,,,
265,0.8280,-0.1136,-0.1391,3.021,good,0.000,2.51,0,0,0,0,36.15,3,0.0,,,
266,0.8320,-0.1145,0.1986,3.012,good,0.000,3.74,0,0,0,0,33.05,3,0.0,,,
269,0.8320,-0.1179,0.1613,2.999,good,0.000,2.58,0,0,0,0,34.43,2,0.0,,,
270,0.8320,-0.1170,-0.0130,3.005,good,0.003,2.43,0,0,0,0,33.95,2,0.0,,,
267,0.8360,-0.1115,-0.2082,3.001,good,0.000,1.93,0,0,0,0,37.36,3,0.0,,,
268,0.8360,-0.1094,-0.1121,2.986,good,0.000,2.88,0,0,0,0,36.95,3,0.0,,,
271,0.8400,-0.1194,0.1271,3.005,good,0.130,2.89,0,0,0,0,36.24,2,0.0,,,
272,0.8400,-0.1197,-0.0408,3.004,good,0.000,2.21,0,0,0,0,36.30,2,0.0,,,
273,0.8480,-0.1190,0.0646,3.000,good,0.000,1.96,0,0,0,0,40.80,2,0.0,,,
275,0.8520,-0.1183,-0.1406,3.001,good,0.003,2.52,0,0,0,0,42.69,2,0.0,,,
274,0.8560,-0.1098,0.0427,2.999,good,0.000,1.61,0,0,0,0,39.45,3,0.0,,,
280,0.8560,-0.1180,-0.0684,2.998,good,0.296,7.16,0,0,0,0,42.17,2,0.0,,,
276,0.8600,-0.1118,-0.0525,3.000,good,0.001,3.28,0,0,0,0,30.06,3,0.0,,,
277,0.8600,-0.1091,-0.2359,2.999,insect,1.000,3.28,1,1,1,0,29.14,3,3.1,1|2,272,272
278,0.8600,-0.1095,-0.2219,3.000,good,0.001,3.49,0,0,0,0,29.17,3,0.0,,,
279,0.8600,-0.1085,-0.2017,3.000,good,0.001,1.92,0,0,0,0,28.79,3,0.0,,,
281,0.8640,-0.1089,-0.1769,2.998,good,0.000,1.91,0,0,0,0,37.31,3,0.0,,,
282,0.8680,-0.1141,-0.2191,3.006,good,0.000,2.16,0,0,0,0,39.54,3,0.0,,,
283,0.8680,-0.1119,-0.1501,3.001,good,0.005,4.44,0,0,0,0,38.89,3,0.0,,,
284,0.8680,-0.1101,-0.0011,2.989,sour,1.000,13.39,1,1,1,0,38.50,3,3.2,31|32,282,282
285,0.8680,-0.1086,-0.1239,3.003,shell,1.000,8.62,1,1,1,0,37.57,3,2.4,16|15,277,277
286,0.8680,-0.1162,0.1836,2.999,broken,0.997,2.80,1,1,1,0,40.11,2,2.4,55,280,280
290,0.8720,-0.1180,-0.0476,2.984,good,0.000,3.35,0,0,0,0,29.78,2,0.0,,,
287,0.8760,-0.1140,0.0742,2.990,good,0.000,1.62,0,0,0,0,34.12,3,0.0,,,
288,0.8760,-0.1104,0.1432,2.969,good,0.000,8.86,0,0,0,0,33.33,3,0.0,,,
289,0.8760,-0.1110,0.1840,2.953,good,0.000,1.80,0,0,0,0,33.88,3,0.0,,,
291,0.8800,-0.1142,0.1317,3.000,good,0.000,3.56,0,0,0,0,31.29,3,0.0,,,
292,0.8800,-0.1084,-0.0565,2.997,good,0.046,2.62,0,0,0,0,29.34,3,0.0,,,
293,0.8800,-0.1177,-0.1761,2.958,good,0.000,2.43,0,0,0,0,33.36,2,0.0,,,
294,0.8800,-0.1175,0.0391,2.995,sour,1.000,18.45,1,1,1,0,32.36,2,3.2,37|36,295,295
295,0.8800,-0.1165,0.0488,3.191,good,0.000,1.90,0,0,0,0,27.50,2,0.0,,,
296,0.8880,-0.1158,0.0688,2.994,good,0.000,2.13,0,0,0,0,34.74,3,0.0,,,
297,0.8880,-0.1084,0.1937,2.991,good,0.000,2.55,0,0,0,0,32.29,3,0.0,,,
300,0.8880,-0.1187,0.2150,2.912,good,0.000,2.09,0,0,0,0,37.68,2,0.0,,,
301,0.8880,-0.1165,-0.0009,3.210,broken,0.980,2.47,1,1,1,0,29.96,2,2.4,31|32,287,
298,0.8920,-0.1163,-0.1202,2.871,good,0.000,1.81,0,0,0,0,38.68,3,0.0,,,
299,0.8920,-0.1136,0.1828,2.978,good,0.002,2.48,0,0,0,0,35.01,3,0.0,,,
304,0.8920,-0.1182,0.1917,2.971,faded,0.989,6.68,1,1,1,0,36.64,2,3.2,56,288,288
302,0.8960,-0.1380,0.1396,3.000,stone,1.000,6.03,1,1,1,0,34.33,1,9.1,49|50|48,309,
303,0.8960,-0.1117,-0.1807,3.069,good,0.000,3.27,0,0,0,0,31.83,3,0.0,,,
305,0.9000,-0.1328,0.1407,3.000,good,0.348,8.76,0,0,0,0,37.90,1,0.0,,,
306,0.9000,-0.1305,0.1418,3.000,good,0.248,17.08,0,0,0,0,41.10,1,0.0,,,
308,0.9040,-0.1281,0.1429,3.000,good,0.342,17.17,0,0,0,0,46.83,1,0.0,,,
307,0.9080,-0.1089,-0.0698,3.032,good,0.001,2.87,0,0,0,0,33.88,3,0.0,,,
310,0.9080,-0.1168,-0.1031,3.007,good,0.000,2.12,0,0,0,0,37.00,2,0.0,,,
311,0.9080,-0.1258,0.1440,3.000,good,0.112,17.35,0,0,0,0,36.15,1,0.0,,,
309,0.9120,-0.1164,-0.1818,2.875,black,1.000,51.76,1,1,1,0,35.69,3,3.2,8,299,
312,0.9120,-0.1235,0.1451,3.000,good,0.098,16.48,0,0,0,0,30.87,1,0.0,,,
314,0.9160,-0.1190,0.1980,2.994,good,0.005,2.57,0,0,0,0,41.94,2,0.0,,,
315,0.9160,-0.1211,0.1462,3.000,good,0.178,17.24,0,0,0,0,38.48,1,0.0,,,
318,0.9160,-0.1188,0.1473,3.000,good,0.169,17.24,0,0,0,0,41.71,1,0.0,,,
313,0.9200,-0.1113,-0.2274,2.989,good,0.000,2.73,0,0,0,0,35.58,3,0.0,,,
317,0.9200,-0.1180,0.0765,3.007,good,0.000,1.80,0,0,0,0,37.35,2,0.0,,,
321,0.9200,-0.1165,0.1484,3.000,stone,0.644,16.04,1,1,1,0,37.00,1,7.0,50|51,309,
316,0.9240,-0.1129,0.1101,3.008,good,0.028,17.61,0,0,0,0,33.91,3,0.0,,,
323,0.9240,-0.1141,0.1495,3.000,good,0.280,17.33,0,0,0,0,34.51,1,0.0,,,
319,0.9280,-0.1147,0.1166,2.490,stone,1.000,12.84,1,1,1,0,46.29,3,9.1,46|47|45,311,
320,0.9280,-0.1098,-0.1323,2.969,good,0.001,2.63,0,0,0,0,30.65,3,0.0,,,
328,0.9280,-0.1119,0.1506,3.000,good,0.290,17.50,0,0,0,0,30.59,1,0.0,,,
322,0.9320,-0.1089,0.0544,3.001,good,0.078,3.95,0,0,0,0,32.60,3,0.0,,,
330,0.9320,-0.1096,0.1517,3.000,good,0.337,15.78,0,0,0,0,32.83,1,0.0,,,
331,0.9320,-0.1048,0.1197,3.000,stone,1.000,9.78,1,1,1,0,31.24,1,9.1,47|46|48,311,
324,0.9360,-0.1133,-0.1259,3.008,sour,1.000,33.10,1,1,1,0,35.17,3,3.2,15|16,318,318
325,0.9360,-0.1136,-0.1813,2.976,faded,0.921,3.53,1,1,1,0,35.95,3,3.2,8,321,321
326,0.9360,-0.1131,-0.0791,2.993,good,0.000,2.31,0,0,0,0,35.34,3,0.0,,,
327,0.9360,-0.1139,0.0333,2.814,good,0.002,3.10,0,0,0,0,40.11,3,0.0,,,
329,0.9360,-0.1173,-0.0965,2.872,good,0.001,2.44,0,0,0,0,39.67,2,0.0,,,
334,0.9360,-0.1071,0.1529,3.000,good,0.254,17.28,0,0,0,0,33.06,1,0.0,,,
338,0.9400,-0.1036,0.1529,3.000,good,0.240,31.91,1,1,1,0,32.07,1,9.0,51|52|50,309,
332,0.9440,-0.1132,-0.0504,2.980,good,0.000,1.94,0,0,0,0,32.19,3,0.0,,,
333,0.9440,-0.1086,-0.1925,2.993,good,0.000,2.30,0,0,0,0,30.31,3,0.0,,,
336,0.9440,-0.1159,0.0500,3.002,good,0.000,2.45,0,0,0,0,32.49,2,0.0,,,
337,0.9440,-0.1163,0.1000,2.997,good,0.001,1.99,0,0,0,0,32.72,2,0.0,,,
335,0.9480,-0.1137,-0.2143,3.110,good,0.008,3.11,0,0,0,0,31.16,3,0.0,,,
339,0.9520,-0.1117,0.0562,2.996,good,0.000,2.27,0,0,0,0,29.63,3,0.0,,,
341,0.9520,-0.1181,-0.0566,3.014,shell,1.000,9.08,1,1,1,0,31.27,2,2.4,24,326,326
340,0.9560,-0.1097,-0.0146,3.003,good,0.000,3.22,0,0,0,0,29.05,3,0.0,,,
342,0.9600,-0.1151,-0.1805,2.987,good,0.001,2.15,0,0,0,0,35.61,3,0.0,,,
343,0.9600,-0.1149,0.0603,2.914,good,0.000,3.73,0,0,0,0,37.31,3,0.0,,,
345,0.9600,-0.1178,-0.0716,2.987,good,0.000,2.99,0,0,0,0,36.39,2,0.0,,,
346,0.9600,-0.1183,0.1878,2.998,good,0.001,2.43,0,0,0,0,36.28,2,0.0,,,
344,0.9640,-0.1153,0.1489,3.024,good,0.000,4.57,0,0,0,0,33.23,3,0.0,,,
348,0.9640,-0.1174,-0.1783,2.998,good,0.000,2.32,0,0,0,0,34.48,2,0.0,,,
347,0.9680,-0.1132,-0.0004,2.965,good,0.000,2.75,0,0,0,0,36.04,3,0.0,,,
350,0.9680,-0.1147,0.1661,3.080,good,0.001,8.83,0,0,0,0,33.73,2,0.0,,,
349,0.9720,-0.1143,0.1571,3.021,good,0.004,2.40,0,0,0,0,29.91,3,0.0,,,
351,0.9760,-0.1100,0.1508,3.010,good,0.000,3.55,0,0,0,0,30.68,3,0.0,,,
352,0.9760,-0.1105,0.1777,2.999,good,0.000,1.84,0,0,0,0,31.03,3,0.0,,,
353,0.9800,-0.1122,-0.1832,2.991,good,0.000,2.95,0,0,0,0,33.45,3,0.0,,,
354,0.9800,-0.1088,-0.1084,2.994,black,1.000,49.24,1,1,1,0,32.17,3,3.2,18|17,341,341
355,0.9840,-0.1083,0.0734,2.998,good,0.001,2.67,0,0,0,0,34.88,3,0.0,,,
358,0.9840,-0.1198,-0.0389,3.002,good,0.004,2.26,0,0,0,0,38.57,2,0.0,,,
356,0.9880,-0.1147,-0.1257,2.997,good,0.000,4.23,0,0,0,0,44.16,3,0.0,,,
357,0.9880,-0.1129,0.2158,2.978,good,0.000,4.80,0,0,0,0,43.98,3,0.0,,,
360,0.9920,-0.1175,-0.0177,2.978,good,0.000,3.33,0,0,0,0,37.17,2,0.0,,,
359,0.9960,-0.1094,0.0268,2.975,good,0.000,3.13,0,0,0,0,33.59,3,0.0,,,
362,0.9960,-0.1162,0.0102,3.016,good,0.001,2.54,0,0,0,0,34.84,2,0.0,,,
363,0.9960,-0.1170,0.1098,3.061,faded,0.857,3.50,1,1,1,0,34.02,2,3.2,46|45,346,346
361,1.0000,-0.1140,-0.2116,2.985,good,0.000,2.31,0,0,0,0,35.20,3,0.0,,,
364,1.0040,-0.1100,-0.0681,2.998,good,0.000,3.98,0,0,0,0,32.86,3,0.0,,,
365,1.0040,-0.1104,-0.1802,3.003,good,0.001,3.16,0,0,0,0,32.77,3,0.0,,,
367,1.0080,-0.1190,0.0263,2.973,good,0.001,2.58,0,0,0,0,37.47,2,0.0,,,
366,1.0120,-0.1107,-0.0462,2.930,good,0.024,3.25,0,0,0,0,32.80,3,0.0,,,
369,1.0120,-0.1191,0.1788,3.010,good,0.000,3.10,0,0,0,0,33.60,2,0.0,,,
368,1.0160,-0.1143,-0.1354,3.004,good,0.011,4.34,0,0,0,0,36.22,3,0.0,,,
372,1.0160,-0.1163,-0.1007,2.972,broken,1.000,2.45,1,1,1,0,37.57,2,2.4,19|18,358,358
370,1.0200,-0.1125,0.2229,2.895,good,0.001,3.05,0,0,0,0,36.50,3,0.0,,,
371,1.0200,-0.1104,-0.2017,2.994,good,0.001,2.49,0,0,0,0,33.29,3,0.0,,,
373,1.0240,-0.1089,0.0706,2.974,good,0.000,3.13,0,0,0,0,43.59,3,0.0,,,
375,1.0240,-0.1168,0.1618,2.997,good,0.000,2.55,0,0,0,0,45.65,2,0.0,,,
374,1.0280,-0.1097,0.1439,3.219,good,0.000,2.36,0,0,0,0,25.90,3,0.0,,,
377,1.0280,-0.1155,-0.2157,3.002,good,0.004,9.23,0,0,0,0,32.49,2,0.0,,,
376,1.0320,-0.1118,0.2089,3.004,good,0.002,4.32,0,0,0,0,30.13,3,0.0,,,
380,1.0320,-0.1176,0.0247,3.000,good,0.000,2.02,0,0,0,0,32.08,2,0.0,,,
381,1.0320,-0.1168,0.1482,2.997,good,0.000,2.20,0,0,0,0,31.84,2,0.0,,,
378,1.0360,-0.1155,-0.1629,2.778,good,0.001,2.62,0,0,0,0,37.44,3,0.0,,,
379,1.0360,-0.1107,-0.0587,2.982,good,0.000,4.98,0,0,0,0,30.39,3,0.0,,,
382,1.0360,-0.1196,-0.1950,3.006,husk,1.000,15.89,1,1,1,0,32.72,2,2.4,7|6,378,378
383,1.0360,-0.1172,-0.0273,2.996,faded,0.953,3.34,1,1,1,0,32.01,2,3.2,28,372,372
384,1.0360,-0.1157,0.1222,3.052,good,0.000,2.62,0,0,0,0,30.05,2,0.0,,,
385,1.0400,-0.1191,-0.0846,2.998,good,0.000,2.74,0,0,0,0,40.06,2,0.0,,,
386,1.0400,-0.1156,-0.2392,3.002,good,0.000,2.90,0,0,0,0,38.74,2,0.0,,,
387,1.0400,-0.1150,-0.0201,2.998,good,0.000,2.84,0,0,0,0,38.57,2,0.0,,,
388,1.0400,-0.1167,0.0423,3.001,faded,0.709,3.14,1,1,1,0,39.03,2,3.2,37,362,362
389,1.0480,-0.1153,0.1398,2.999,good,0.000,5.74,0,0,0,0,34.01,3,0.0,,,
390,1.0480,-0.1142,-0.0763,3.000,faded,1.000,5.03,1,1,1,0,33.58,3,3.2,22,371,371
391,1.0480,-0.1171,-0.0615,3.016,good,0.004,2.93,0,0,0,0,34.12,2,0.0,,,
392,1.0520,-0.1185,0.1176,2.997,good,0.000,2.64,0,0,0,0,35.41,2,0.0,,,
393,1.0560,-0.1159,-0.1375,3.091,good,0.001,2.34,0,0,0,0,35.26,2,0.0,,,
394,1.0640,-0.1162,0.0155,2.997,good,0.011,7.84,0,0,0,0,43.64,3,0.0,,,
395,1.0640,-0.1107,-0.0627,3.036,good,0.001,3.82,0,0,0,0,40.82,3,0.0,,,
396,1.0640,-0.1092,-0.1907,3.000,faded,0.655,3.62,1,1,1,0,41.13,3,3.2,7,374,374
398,1.0680,-0.1174,0.0034,2.978,faded,0.975,3.09,1,1,1,0,45.35,2,3.2,32,375,375
399,1.0680,-0.1169,-0.2202,3.091,good,0.001,3.39,0,0,0,0,42.41,2,0.0,,,
397,1.0720,-0.1124,0.1267,3.004,good,0.010,2.52,0,0,0,0,38.17,3,0.0,,,
400,1.0760,-0.1406,-0.1030,3.000,husk,1.000,64.22,1,1,1,0,34.67,1,2.4,18|19,,
402,1.0760,-0.1182,0.1232,2.927,good,0.000,7.37,0,0,0,0,36.87,2,0.0,,,
403,1.0760,-0.1199,0.1558,2.990,good,0.233,2.52,0,0,0,0,35.79,2,0.0,,,
404,1.0760,-0.1249,-0.1005,3.000,husk,1.000,66.36,1,1,1,0,33.22,1,2.4,19|18,,
406,1.0760,-0.1092,-0.0980,3.000,husk,1.000,69.80,1,1,1,0,31.92,1,2.4,19,422,
401,1.0800,-0.1113,-0.0096,2.997,good,0.000,2.43,0,0,0,0,40.37,3,0.0,,,
405,1.0840,-0.1117,-0.1434,2.996,good,0.041,2.66,0,0,0,0,33.72,3,0.0,,,
408,1.0840,-0.1189,-0.0311,3.001,good,0.000,4.30,0,0,0,0,35.90,2,0.0,,,
409,1.0840,-0.1192,0.0731,2.998,good,0.000,3.42,0,0,0,0,36.01,2,0.0,,,
407,1.0880,-0.1102,0.1211,2.946,good,0.000,3.17,0,0,0,0,30.81,3,0.0,,,
411,1.0880,-0.1181,0.0185,3.000,good,0.000,1.89,0,0,0,0,32.08,2,0.0,,,
410,1.0920,-0.1154,-0.2089,2.995,good,0.001,4.46,0,0,0,0,35.08,3,0.0,,,
412,1.0920,-0.1186,-0.0530,2.997,sour,1.000,13.41,1,1,1,0,36.01,2,3.2,25,401,401
413,1.0920,-0.1186,0.1607,3.000,good,0.000,2.53,0,0,0,0,35.89,2,0.0,,,
415,1.0960,-0.1186,-0.0804,2.985,good,0.000,1.56,0,0,0,0,44.95,2,0.0,,,
414,1.1000,-0.1149,0.2096,3.008,good,0.000,2.40,0,0,0,0,30.27,3,0.0,,,
416,1.1040,-0.1089,-0.2289,2.997,good,0.033,3.90,0,0,0,0,27.54,3,0.0,,,
417,1.1040,-0.1088,-0.1092,3.000,good,0.000,2.27,0,0,0,0,27.36,3,0.0,,,
418,1.1080,-0.1143,-0.0683,2.995,good,0.000,3.71,0,0,0,0,31.92,3,0.0,,,
419,1.1080,-0.1117,-0.1877,3.124,faded,0.998,5.78,1,1,1,0,28.09,3,3.2,7|8,404,
420,1.1120,-0.1160,-0.0572,2.837,good,0.000,5.21,0,0,0,0,47.97,3,0.0,,,
421,1.1120,-0.1136,0.1916,2.994,good,0.002,2.18,0,0,0,0,43.14,3,0.0,,,
422,1.1120,-0.1101,0.0569,2.997,good,0.000,3.55,0,0,0,0,41.82,3,0.0,,,
423,1.1120,-0.1195,-0.2260,2.999,good,0.088,3.36,0,0,0,0,44.87,2,0.0,,,
424,1.1200,-0.1148,-0.0260,2.886,insect,1.000,8.57,1,1,1,0,46.56,3,3.1,28,427,
425,1.1200,-0.1081,0.0330,2.984,good,0.002,4.03,0,0,0,0,41.77,3,0.0,,,
427,1.1200,-0.1170,0.0652,3.047,stone,0.978,7.99,1,1,1,0,43.19,2,9.0,40|39|41,390,390
426,1.1240,-0.1087,0.0117,3.001,good,0.001,2.42,0,0,0,0,30.66,3,0.0,,,
430,1.1240,-0.1188,-0.1524,2.996,good,0.000,2.80,0,0,0,0,34.05,2,0.0,,,
428,1.1280,-0.1147,0.0272,2.988,good,0.000,2.76,0,0,0,0,34.26,3,0.0,,,
429,1.1280,-0.1074,0.1980,3.181,good,0.001,2.26,0,0,0,0,27.56,3,0.0,,,
431,1.1360,-0.1148,0.1670,3.002,good,0.000,1.62,0,0,0,0,32.67,3,0.0,,,
436,1.1360,-0.1167,0.1921,2.990,faded,0.991,4.76,1,1,1,0,33.53,2,3.2,56,411,411
432,1.1400,-0.1143,-0.0961,2.998,sour,1.000,31.56,1,1,1,0,28.12,3,3.2,19,417,417
433,1.1400,-0.1109,0.2149,3.008,good,0.011,2.36,0,0,0,0,26.67,3,0.0,,,
434,1.1400,-0.1114,-0.1692,2.992,good,0.002,1.90,0,0,0,0,27.14,3,0.0,,,
435,1.1400,-0.1106,-0.2076,3.001,broken,0.850,4.70,1,1,1,0,26.62,3,2.4,5,421,421
437,1.1400,-0.1188,0.1539,2.991,good,0.000,2.42,0,0,0,0,29.53,2,0.0,,,
438,1.1440,-0.1144,-0.1644,3.002,good,0.001,3.11,0,0,0,0,31.44,2,0.0,,,
439,1.1480,-0.1182,0.1127,2.997,good,0.000,2.73,0,0,0,0,33.96,2,0.0,,,
440,1.1480,-0.1167,-0.0424,3.034,good,0.000,3.05,0,0,0,0,32.53,2,0.0,,,
442,1.1520,-0.1177,-0.0140,3.006,good,0.000,4.07,0,0,0,0,40.61,2,0.0,,,
441,1.1560,-0.1161,0.0353,2.591,good,0.000,2.89,0,0,0,0,53.97,3,0.0,,,
443,1.1600,-0.1160,0.0744,3.002,good,0.000,2.84,0,0,0,0,32.36,3,0.0,,,
448,1.1600,-0.1058,0.0388,3.000,good,0.000,2.43,0,0,0,0,29.01,1,0.0,,,
444,1.1640,-0.1130,-0.1307,2.999,good,0.001,2.01,0,0,0,0,34.43,3,0.0,,,
446,1.1640,-0.1172,0.1399,2.996,faded,0.899,3.04,1,1,1,0,35.85,2,3.2,49|50,439,439
447,1.1640,-0.1161,0.0897,3.218,good,0.000,3.04,0,0,0,0,30.40,2,0.0,,,
445,1.1680,-0.1114,-0.1801,2.999,good,0.005,2.48,0,0,0,0,31.62,3,0.0,,,
449,1.1720,-0.1107,0.0188,3.027,faded,0.976,3.59,1,1,1,0,33.09,3,3.2,34,429,429
450,1.1760,-0.1144,0.1274,3.033,sour,1.000,15.88,1,1,1,0,32.79,3,3.2,48,437,437
451,1.1800,-0.1143,-0.1449,3.116,good,0.000,3.01,0,0,0,0,42.73,3,0.0,,,
452,1.1800,-0.1086,-0.1217,2.999,good,0.001,3.05,0,0,0,0,43.41,3,0.0,,,
454,1.1800,-0.1160,0.2007,3.002,good,0.002,5.68,0,0,0,0,45.79,2,0.0,,,
455,1.1800,-0.1167,0.0926,3.000,good,0.000,4.08,0,0,0,0,46.02,2,0.0,,,
453,1.1840,-0.1106,-0.1448,3.166,broken,1.000,5.49,1,1,1,0,40.70,3,2.4,13,443,443
456,1.1880,-0.1089,0.0461,3.002,faded,1.000,5.34,1,1,1,0,38.90,3,3.2,37|38,440,440
457,1.1880,-0.1172,-0.0035,3.000,good,0.001,3.33,0,0,0,0,41.65,2,0.0,,,
460,1.1920,-0.1174,0.0435,2.993,good,0.000,2.70,0,0,0,0,34.19,2,0.0,,,
458,1.1960,-0.1127,0.2142,3.000,good,0.002,2.73,0,0,0,0,30.93,3,0.0,,,
459,1.1960,-0.1094,0.2300,2.999,good,0.000,1.71,0,0,0,0,29.78,3,0.0,,,
461,1.1960,-0.1191,-0.1639,3.000,good,0.005,2.46,0,0,0,0,32.95,2,0.0,,,
462,1.1960,-0.1178,-0.2019,3.000,good,0.001,2.30,0,0,0,0,32.48,2,0.0,,,
463,1.1960,-0.1156,0.0737,3.000,good,0.000,3.91,0,0,0,0,31.72,2,0.0,,,
465,1.2000,-0.1151,0.0873,2.992,stick,1.000,98.52,1,1,1,0,43.83,2,2.4,43|42,444,444
466,1.2000,-0.1197,0.1869,2.959,good,0.021,4.82,0,0,0,0,46.07,2,0.0,,,
464,1.2040,-0.1118,-0.2108,3.008,good,0.002,3.35,0,0,0,0,34.41,3,0.0,,,
467,1.2080,-0.1096,0.2330,2.999,good,0.006,3.30,0,0,0,0,33.19,3,0.0,,,
468,1.2120,-0.1151,0.0689,3.011,black,1.000,44.82,1,1,1,0,34.77,3,3.2,40|41,451,451
469,1.2120,-0.1149,0.1963,2.992,good,0.000,1.67,0,0,0,0,35.07,3,0.0,,,
470,1.2120,-0.1114,0.0292,3.000,good,0.000,1.54,0,0,0,0,33.64,3,0.0,,,
475,1.2120,-0.1178,-0.1744,3.002,good,0.000,2.43,0,0,0,0,35.69,2,0.0,,,
471,1.2160,-0.1151,-0.2112,2.999,good,0.044,3.25,0,0,0,0,42.34,3,0.0,,,
472,1.2160,-0.1139,-0.1397,3.001,good,0.000,2.71,0,0,0,0,41.83,3,0.0,,,
473,1.2160,-0.1097,0.0508,3.004,black,1.000,50.68,1,1,1,0,40.32,3,3.2,38,465,465
474,1.2160,-0.1085,0.1353,3.000,good,0.000,2.89,0,0,0,0,39.93,3,0.0,,,
476,1.2160,-0.1166,0.1698,2.990,good,0.000,3.10,0,0,0,0,42.84,2,0.0,,,
477,1.2240,-0.1135,-0.0011,3.001,good,0.000,3.49,0,0,0,0,31.23,3,0.0,,,
478,1.2240,-0.1101,-0.1444,2.959,shell,1.000,25.70,1,1,1,0,31.02,3,2.4,13,461,
479,1.2280,-0.1115,0.1415,2.987,black,1.000,51.27,1,1,1,0,34.56,3,3.2,50|49,464,464
480,1.2280,-0.1102,0.2180,3.003,good,0.001,2.56,0,0,0,0,33.68,3,0.0,,,
481,1.2280,-0.1082,-0.1910,3.011,good,0.000,2.37,0,0,0,0,32.77,3,0.0,,,
482,1.2280,-0.1154,-0.1683,3.000,good,0.000,2.84,0,0,0,0,35.40,2,0.0,,,
485,1.2280,-0.0983,-0.1480,3.000,shell,1.000,25.88,1,1,1,0,29.69,1,2.4,13|12,461,
483,1.2360,-0.1107,0.1835,2.997,good,0.005,2.96,0,0,0,0,37.35,3,0.0,,,
484,1.2360,-0.1094,0.1576,3.000,good,0.000,2.91,0,0,0,0,36.79,3,0.0,,,
486,1.2360,-0.1164,0.0054,2.997,good,0.000,2.58,0,0,0,0,39.17,2,0.0,,,
488,1.2400,-0.1188,0.0513,3.001,black,1.000,53.93,1,1,1,0,39.70,2,3.2,38,478,478
487,1.2440,-0.1143,0.0105,2.926,broken,0.999,5.00,1,1,1,0,38.82,3,2.4,33,482,482
489,1.2440,-0.1183,0.1044,3.008,good,0.000,3.49,0,0,0,0,38.05,2,0.0,,,
490,1.2520,-0.1087,-0.0191,3.001,good,0.000,2.92,0,0,0,0,32.24,3,0.0,,,
493,1.2520,-0.1174,-0.2282,3.000,good,0.000,2.26,0,0,0,0,35.10,2,0.0,,,
494,1.2520,-0.1177,-0.1602,2.996,good,0.001,1.61,0,0,0,0,35.23,2,0.0,,,
491,1.2560,-0.1160,0.0232,2.979,good,0.000,2.89,0,0,0,0,36.60,3,0.0,,,
492,1.2560,-0.1087,0.1558,2.998,good,0.000,2.31,0,0,0,0,33.65,3,0.0,,,
497,1.2560,-0.1193,0.1667,2.995,good,0.000,3.00,0,0,0,0,37.21,2,0.0,,,
495,1.2600,-0.1099,-0.0031,3.008,good,0.000,2.96,0,0,0,0,37.94,3,0.0,,,
496,1.2600,-0.1095,0.1857,3.000,good,0.000,4.54,0,0,0,0,37.93,3,0.0,,,
498,1.2640,-0.1185,0.0555,2.993,good,0.000,2.67,0,0,0,0,39.40,2,0.0,,,
499,1.2720,-0.1137,-0.0312,3.000,good,0.000,2.38,0,0,0,0,43.55,3,0.0,,,
500,1.2720,-0.1118,-0.1728,3.002,good,0.116,3.00,0,0,0,0,42.84,3,0.0,,,
501,1.2720,-0.1178,0.1741,3.000,good,0.000,2.43,0,0,0,0,44.84,2,0.0,,,
502,1.2800,-0.1103,0.0349,2.994,good,0.008,8.23,0,0,0,0,37.75,3,0.0,,,
506,1.2840,-0.1184,-0.1253,3.011,good,0.004,2.65,0,0,0,0,35.60,2,0.0,,,
507,1.2840,-0.1193,-0.0252,3.000,good,0.000,2.10,0,0,0,0,36.11,2,0.0,,,
508,1.2840,-0.1149,0.2305,2.999,good,0.004,3.18,0,0,0,0,34.64,2,0.0,,,
503,1.2880,-0.1141,0.2129,3.002,good,0.006,2.67,0,0,0,0,41.51,3,0.0,,,
504,1.2880,-0.1130,0.1165,2.998,good,0.000,2.70,0,0,0,0,41.20,3,0.0,,,
505,1.2880,-0.1098,-0.1725,3.000,good,0.087,2.71,0,0,0,0,40.04,3,0.0,,,
509,1.2920,-0.1124,-0.1696,2.953,good,0.000,2.28,0,0,0,0,35.51,3,0.0,,,
510,1.2920,-0.1106,-0.2239,2.994,good,0.002,1.76,0,0,0,0,33.86,3,0.0,,,
513,1.2920,-0.1196,0.1824,2.999,good,0.007,1.85,0,0,0,0,36.71,2,0.0,,,
511,1.2960,-0.1135,0.2020,2.999,good,0.001,2.29,0,0,0,0,42.84,3,0.0,,,
512,1.2960,-0.1093,0.2366,2.999,sour,1.000,40.43,1,1,1,0,41.40,3,3.2,62,488,488
517,1.2960,-0.1189,-0.0912,3.035,good,0.000,4.09,0,0,0,0,43.62,2,0.0,,,
518,1.2960,-0.1167,0.1843,2.994,good,0.000,2.55,0,0,0,0,43.82,2,0.0,,,
514,1.3000,-0.1161,-0.0496,3.006,good,0.000,2.19,0,0,0,0,39.76,3,0.0,,,
515,1.3000,-0.1152,-0.1705,2.996,black,1.000,50.41,1,1,1,0,39.64,3,3.2,10|9,498,498
516,1.3000,-0.1138,0.1176,2.998,good,0.001,3.50,0,0,0,0,39.05,3,0.0,,,
519,1.3040,-0.1095,-0.1117,3.002,good,0.299,2.64,0,0,0,0,39.32,3,0.0,,,
520,1.3040,-0.1081,-0.1603,3.002,good,0.002,2.82,0,0,0,0,38.83,3,0.0,,,
521,1.3080,-0.1143,0.0850,3.000,good,0.000,2.27,0,0,0,0,39.94,3,0.0,,,
522,1.3080,-0.1091,-0.0161,3.004,broken,0.918,3.74,1,1,1,0,38.06,3,2.4,29|30,510,510
524,1.3080,-0.1171,-0.0410,3.004,good,0.000,2.59,0,0,0,0,40.62,2,0.0,,,
525,1.3080,-0.1155,-0.1485,3.017,good,0.000,2.07,0,0,0,0,39.72,2,0.0,,,
523,1.3120,-0.1089,-0.1583,3.004,good,0.000,1.79,0,0,0,0,37.46,3,0.0,,,
527,1.3160,-0.1195,0.0984,2.998,good,0.000,3.57,0,0,0,0,39.15,2,0.0,,,
528,1.3160,-0.1176,0.0241,3.000,good,0.000,2.66,0,0,0,0,38.40,2,0.0,,,
526,1.3200,-0.1150,-0.1919,2.996,good,0.003,2.19,0,0,0,0,35.54,3,0.0,,,
529,1.3240,-0.1084,0.2247,3.114,good,0.000,2.46,0,0,0,0,27.55,3,0.0,,,
530,1.3320,-0.1141,-0.0152,2.997,good,0.000,4.90,0,0,0,0,45.58,3,0.0,,,
531,1.3320,-0.1107,0.2092,3.001,good,0.000,4.07,0,0,0,0,44.29,3,0.0,,,
532,1.3360,-0.1098,0.0183,3.000,good,0.000,2.54,0,0,0,0,36.68,3,0.0,,,
534,1.3360,-0.1184,-0.2325,3.000,good,0.021,2.90,0,0,0,0,39.48,2,0.0,,,
535,1.3360,-0.1191,-0.1834,3.000,good,0.000,4.60,0,0,0,0,39.67,2,0.0,,,
536,1.3360,-0.1187,0.0673,3.000,good,0.030,4.43,0,0,0,0,39.51,2,0.0,,,
533,1.3400,-0.1148,-0.0747,2.997,good,0.019,3.27,0,0,0,0,38.14,3,0.0,,,
538,1.3440,-0.1167,0.0420,3.007,good,0.000,3.39,0,0,0,0,39.01,2,0.0,,,
537,1.3480,-0.1142,-0.2266,2.995,good,0.000,2.78,0,0,0,0,34.26,3,0.0,,,
539,1.3520,-0.1119,0.1561,2.999,good,0.000,2.77,0,0,0,0,34.28,3,0.0,,,
540,1.3560,-0.1101,0.0467,3.002,good,0.001,2.28,0,0,0,0,35.62,3,0.0,,,
544,1.3560,-0.1164,0.1450,3.006,good,0.000,2.06,0,0,0,0,37.54,2,0.0,,,
541,1.3600,-0.1163,-0.2376,3.002,good,0.006,3.79,0,0,0,0,36.05,3,0.0,,,
542,1.3600,-0.1128,-0.0012,3.005,good,0.000,1.41,0,0,0,0,34.71,3,0.0,,,
543,1.3600,-0.1127,-0.0283,3.003,good,0.000,4.03,0,0,0,0,34.70,3,0.0,,,
545,1.3640,-0.1150,0.0893,3.003,good,0.000,2.56,0,0,0,0,37.33,3,0.0,,,
546,1.3640,-0.1084,-0.1512,3.010,good,0.001,2.35,0,0,0,0,34.91,3,0.0,,,
547,1.3680,-0.1149,-0.0369,2.996,good,0.001,3.75,0,0,0,0,35.16,3,0.0,,,
548,1.3680,-0.1108,0.1052,2.993,good,0.000,3.10,0,0,0,0,33.81,3,0.0,,,
549,1.3680,-0.1108,0.1679,2.993,good,0.000,2.02,0,0,0,0,33.78,3,0.0,,,
550,1.3680,-0.1176,-0.1058,2.989,good,0.003,2.57,0,0,0,0,36.11,2,0.0,,,
551,1.3760,-0.1142,0.1838,3.001,good,0.000,1.51,0,0,0,0,38.36,3,0.0,,,
552,1.3760,-0.1096,-0.1436,3.053,black,1.000,51.28,1,1,1,0,35.51,3,3.2,13,528,528
555,1.3760,-0.1163,-0.0556,2.998,good,0.002,2.87,0,0,0,0,38.94,2,0.0,,,
553,1.3800,-0.1135,-0.1013,3.005,good,0.000,2.57,0,0,0,0,33.01,3,0.0,,,
554,1.3800,-0.1108,-0.2027,2.973,good,0.000,2.83,0,0,0,0,32.78,3,0.0,,,
556,1.3840,-0.1185,0.0905,3.004,good,0.000,1.24,0,0,0,0,38.31,2,0.0,,,
562,1.3880,-0.1194,-0.1704,2.992,good,0.002,2.55,0,0,0,0,37.31,2,0.0,,,
557,1.3920,-0.1154,0.2155,3.000,good,0.000,2.03,0,0,0,0,44.52,3,0.0,,,
558,1.3920,-0.1134,-0.0239,3.002,good,0.282,3.06,0,0,0,0,43.75,3,0.0,,,
559,1.3920,-0.1116,0.0033,2.995,good,0.000,3.00,0,0,0,0,43.26,3,0.0,,,
560,1.3920,-0.1110,-0.1855,3.003,good,0.000,3.32,0,0,0,0,42.84,3,0.0,,,
561,1.3920,-0.1099,0.0736,2.975,sour,1.000,13.10,1,1,1,0,43.11,3,3.2,41,544,544
563,1.3920,-0.1192,-0.2007,2.996,good,0.000,2.93,0,0,0,0,45.64,2,0.0,,,
564,1.3920,-0.1165,-0.1265,3.002,black,1.000,52.73,1,1,1,0,44.54,2,3.2,15|16,540,540
566,1.3960,-0.1166,-0.1542,2.998,good,0.000,4.29,0,0,0,0,32.46,2,0.0,,,
565,1.4000,-0.1119,0.1502,2.999,good,0.000,3.03,0,0,0,0,33.43,3,0.0,,,
567,1.4040,-0.1138,0.1016,3.019,good,0.000,3.17,0,0,0,0,40.14,3,0.0,,,
569,1.4040,-0.1194,-0.0439,3.011,faded,0.520,3.80,1,1,1,0,42.09,2,3.2,26,555,555
568,1.4080,-0.1111,-0.1893,3.001,good,0.118,3.57,0,0,0,0,40.72,3,0.0,,,
572,1.4080,-0.1189,0.2214,2.990,faded,0.998,3.88,1,1,1,0,43.54,2,3.2,60,560,560
570,1.4120,-0.1128,-0.1318,3.006,good,0.000,3.19,0,0,0,0,45.72,3,0.0,,,
571,1.4120,-0.1099,-0.2361,2.996,good,0.001,3.80,0,0,0,0,44.92,3,0.0,,,
574,1.4160,-0.1170,-0.0967,3.005,good,0.003,5.70,0,0,0,0,46.30,2,0.0,,,
573,1.4200,-0.1118,0.1208,2.999,good,0.008,3.67,0,0,0,0,42.40,3,0.0,,,
575,1.4200,-0.1191,0.0865,3.006,stick,1.000,59.59,1,1,1,0,44.60,2,2.4,43|42,553,553
579,1.4240,-0.1150,-0.1622,3.000,good,0.000,2.53,0,0,0,0,46.62,2,0.0,,,
576,1.4280,-0.1123,0.1304,3.004,good,0.000,2.52,0,0,0,0,37.12,3,0.0,,,
577,1.4280,-0.1111,-0.0889,2.997,good,0.001,2.45,0,0,0,0,36.82,3,0.0,,,
578,1.4280,-0.1093,0.2089,3.000,good,0.000,1.61,0,0,0,0,36.10,3,0.0,,,
580,1.4280,-0.1199,-0.0096,3.000,good,0.001,2.43,0,0,0,0,39.60,2,0.0,,,
582,1.4320,-0.1198,-0.1272,3.002,good,0.000,2.55,0,0,0,0,37.10,2,0.0,,,
581,1.4360,-0.1131,-0.2166,3.005,good,0.000,3.15,0,0,0,0,36.32,3,0.0,,,
583,1.4360,-0.1080,-0.1124,3.001,good,0.000,2.50,0,0,0,0,34.65,3,0.0,,,
584,1.4400,-0.1094,0.0117,2.998,good,0.000,2.89,0,0,0,0,35.88,3,0.0,,,
585,1.4440,-0.1132,0.1089,2.999,broken,0.988,1.65,1,1,1,0,35.04,3,2.4,45|46,579,579
586,1.4440,-0.1114,-0.0490,3.000,good,0.000,4.37,0,0,0,0,34.30,3,0.0,,,
588,1.4440,-0.1179,0.0879,3.002,good,0.000,1.83,0,0,0,0,36.38,2,0.0,,,
587,1.4480,-0.1093,-0.1111,2.999,good,0.000,2.24,0,0,0,0,33.85,3,0.0,,,
591,1.4480,-0.1195,0.1443,3.000,good,0.004,2.18,0,0,0,0,37.17,2,0.0,,,
592,1.4480,-0.1173,-0.1557,3.002,good,0.000,2.50,0,0,0,0,36.34,2,0.0,,,
589,1.4520,-0.1128,-0.0740,2.983,husk,0.997,13.75,1,1,1,0,35.43,3,2.4,22,571,571
590,1.4520,-0.1088,-0.1888,3.001,good,0.000,2.07,0,0,0,0,32.86,3,0.0,,,
594,1.4520,-0.1186,-0.2236,3.001,broken,0.761,2.95,1,1,1,0,36.06,2,2.4,3,578,578
593,1.4560,-0.1114,0.1172,2.998,good,0.000,2.90,0,0,0,0,35.47,3,0.0,,,
596,1.4560,-0.1191,0.1060,2.982,good,0.000,3.08,0,0,0,0,38.39,2,0.0,,,
595,1.4600,-0.1119,0.1458,2.999,good,0.022,3.44,0,0,0,0,37.30,3,0.0,,,
597,1.4640,-0.1098,-0.1095,3.000,good,0.000,2.13,0,0,0,0,34.23,3,0.0,,,
598,1.4640,-0.1082,0.1757,3.000,good,0.002,1.99,0,0,0,0,33.64,3,0.0,,,
599,1.4640,-0.1194,-0.0449,3.000,good,0.022,3.35,0,0,0,0,37.33,2,0.0,,,
601,1.4680,-0.1197,0.1486,3.003,good,0.000,2.66,0,0,0,0,38.09,2,0.0,,,
602,1.4680,-0.1161,-0.1486,2.991,good,0.033,2.04,0,0,0,0,37.07,2,0.0,,,
600,1.4720,-0.1140,0.1605,2.998,good,0.014,2.64,0,0,0,0,32.78,3,0.0,,,
606,1.4720,-0.1164,-0.1072,2.999,good,0.003,5.43,0,0,0,0,33.46,2,0.0,,,
603,1.4760,-0.1141,0.0780,3.000,good,0.000,3.01,0,0,0,0,38.38,3,0.0,,,
604,1.4760,-0.1115,-0.1465,3.081,good,0.001,2.28,0,0,0,0,35.60,3,0.0,,,
605,1.4760,-0.1081,-0.2041,2.999,good,0.020,3.84,0,0,0,0,36.29,3,0.0,,,
607,1.4800,-0.1096,0.1504,3.000,good,0.000,4.27,0,0,0,0,45.21,3,0.0,,,
608,1.4840,-0.1086,-0.0151,2.999,broken,0.998,2.63,1,1,1,0,35.14,3,2.4,30|29,592,592
609,1.4880,-0.1133,0.1185,3.281,good,0.002,2.11,0,0,0,0,27.04,3,0.0,,,
611,1.4880,-0.1153,0.0397,3.000,good,0.000,3.22,0,0,0,0,33.77,2,0.0,,,
610,1.4920,-0.1147,-0.2331,3.001,good,0.105,4.05,0,0,0,0,34.49,3,0.0,,,
612,1.4960,-0.1151,-0.0343,2.993,good,0.003,3.91,0,0,0,0,39.16,3,0.0,,,
613,1.5000,-0.1197,-0.1725,3.001,good,0.008,2.08,0,0,0,0,34.48,2,0.0,,,
615,1.5040,-0.1183,-0.0413,2.995,good,0.000,2.66,0,0,0,0,35.97,2,0.0,,,
614,1.5080,-0.1121,-0.1979,2.995,good,0.000,3.13,0,0,0,0,32.94,3,0.0,,,
617,1.5080,-0.1189,-0.0265,2.998,good,0.000,4.39,0,0,0,0,35.06,2,0.0,,,
618,1.5080,-0.1200,0.1962,3.003,faded,0.972,3.27,1,1,1,0,35.27,2,3.2,57|56,597,597
616,1.5120,-0.1088,0.1735,2.998,good,0.000,2.76,0,0,0,0,31.41,3,0.0,,,
620,1.5120,-0.1200,-0.1767,2.996,good,0.000,5.18,0,0,0,0,35.13,2,0.0,,,
621,1.5120,-0.1196,-0.1197,2.998,good,0.023,3.07,0,0,0,0,34.90,2,0.0,,,
622,1.5120,-0.1176,-0.2145,3.000,good,0.000,2.14,0,0,0,0,34.14,2,0.0,,,
623,1.5120,-0.1164,-0.0620,3.001,good,0.000,2.04,0,0,0,0,33.70,2,0.0,,,
619,1.5160,-0.1133,-0.0110,3.000,good,0.387,3.19,0,0,0,0,34.87,3,0.0,,,
624,1.5200,-0.1133,-0.1073,3.002,good,0.000,2.94,0,0,0,0,39.41,3,0.0,,,
625,1.5200,-0.1180,0.2414,3.000,good,0.028,2.46,0,0,0,0,40.96,2,0.0,,,
626,1.5280,-0.1126,0.2036,3.000,good,0.001,2.80,0,0,0,0,37.46,3,0.0,,,
627,1.5280,-0.1094,0.1537,2.999,good,0.000,2.82,0,0,0,0,36.34,3,0.0,,,
628,1.5320,-0.1125,0.2207,2.997,good,0.004,2.46,0,0,0,0,36.95,3,0.0,,,
629,1.5360,-0.1138,0.0055,2.999,good,0.092,3.42,0,0,0,0,34.10,3,0.0,,,
630,1.5400,-0.1134,0.0700,3.002,good,0.000,2.50,0,0,0,0,45.77,3,0.0,,,
631,1.5400,-0.1093,0.0327,3.000,good,0.000,2.55,0,0,0,0,44.38,3,0.0,,,
634,1.5400,-0.1197,0.1108,3.000,good,0.156,2.02,0,0,0,0,47.82,2,0.0,,,
635,1.5400,-0.1162,-0.1155,2.998,good,0.000,2.96,0,0,0,0,46.66,2,0.0,,,
632,1.5440,-0.1154,0.1218,3.000,good,0.010,2.65,0,0,0,0,35.25,3,0.0,,,
633,1.5440,-0.1141,0.1396,3.000,sour,1.000,13.84,1,1,1,0,34.75,3,3.2,49|50,629,629
636,1.5520,-0.1105,-0.0713,2.999,good,0.000,3.10,0,0,0,0,33.04,3,0.0,,,
639,1.5520,-0.1190,-0.1997,3.007,good,0.001,4.40,0,0,0,0,35.64,2,0.0,,,
637,1.5560,-0.1105,0.1600,3.000,sour,1.000,15.03,1,1,1,0,35.13,3,3.2,52,624,624
638,1.5560,-0.1117,0.0579,3.011,good,0.001,2.64,0,0,0,0,35.21,3,0.0,,,
640,1.5600,-0.1108,0.0951,2.998,good,0.000,5.02,0,0,0,0,32.48,3,0.0,,,
644,1.5600,-0.1198,-0.1144,2.998,good,0.003,2.16,0,0,0,0,35.44,2,0.0,,,
641,1.5640,-0.1146,-0.1371,3.000,faded,0.970,3.44,1,1,1,0,36.47,3,3.2,14,631,631
642,1.5640,-0.1113,0.0141,3.001,good,0.000,2.63,0,0,0,0,35.25,3,0.0,,,
643,1.5640,-0.1084,-0.0505,2.998,good,0.000,3.29,0,0,0,0,34.32,3,0.0,,,
646,1.5640,-0.1117,0.0337,3.014,stick,1.000,76.33,1,1,1,0,35.01,2,2.4,36,620,620
647,1.5640,-0.1171,0.2338,3.000,good,0.000,2.71,0,0,0,0,37.03,2,0.0,,,
645,1.5680,-0.1117,-0.0678,2.999,good,0.000,3.18,0,0,0,0,33.06,3,0.0,,,
648,1.5720,-0.1085,0.0567,3.000,faded,1.000,5.57,1,1,1,0,32.10,3,3.2,39,635,635
652,1.5720,-0.1200,-0.0384,3.000,good,0.000,2.78,0,0,0,0,35.85,2,0.0,,,
653,1.5720,-0.1181,0.0128,2.997,good,0.000,2.88,0,0,0,0,35.24,2,0.0,,,
649,1.5760,-0.1152,-0.2413,2.996,good,0.000,3.32,0,0,0,0,35.01,3,0.0,,,
650,1.5760,-0.1108,0.0761,3.000,good,0.000,2.58,0,0,0,0,33.40,3,0.0,,,
651,1.5760,-0.1096,0.2109,3.003,good,0.003,2.57,0,0,0,0,32.90,3,0.0,,,
655,1.5760,-0.1170,0.2192,3.001,good,0.009,3.59,0,0,0,0,35.40,2,0.0,,,
654,1.5800,-0.1104,-0.2224,3.000,good,0.000,2.42,0,0,0,0,34.73,3,0.0,,,
657,1.5800,-0.1178,-0.2045,2.999,good,0.000,2.21,0,0,0,0,37.19,2,0.0,,,
658,1.5800,-0.1171,0.1570,3.000,shell,1.000,7.01,1,1,1,0,36.87,2,2.4,52|51,648,648
656,1.5840,-0.1119,0.1240,2.997,good,0.003,4.94,0,0,0,0,36.08,3,0.0,,,
659,1.5880,-0.1143,0.1858,2.982,good,0.000,2.32,0,0,0,0,39.97,3,0.0,,,
660,1.5920,-0.1117,0.2254,3.000,good,0.001,4.99,0,0,0,0,37.14,3,0.0,,,
663,1.6000,-0.1161,-0.2165,3.003,good,0.008,3.80,0,0,0,0,41.10,2,0.0,,,
661,1.6040,-0.1136,-0.1906,2.996,sour,1.000,10.11,1,1,1,0,35.13,3,3.2,7,645,645
662,1.6040,-0.1110,0.0043,2.997,good,0.001,2.73,0,0,0,0,34.16,3,0.0,,,
665,1.6040,-0.1189,0.0893,3.000,good,0.000,2.68,0,0,0,0,36.68,2,0.0,,,
664,1.6080,-0.1150,0.0106,3.000,sour,1.000,19.84,1,1,1,0,37.97,3,3.2,33,649,649
666,1.6080,-0.1189,-0.2155,3.001,good,0.224,6.29,0,0,0,0,39.14,2,0.0,,,
667,1.6080,-0.1153,0.1126,2.997,good,0.000,2.27,0,0,0,0,37.99,2,0.0,,,
668,1.6120,-0.1165,0.1230,2.999,good,0.001,3.00,0,0,0,0,38.57,2,0.0,,,
672,1.6160,-0.1170,-0.0584,3.017,good,0.000,3.15,0,0,0,0,37.04,2,0.0,,,
673,1.6160,-0.1159,0.2219,3.001,good,0.000,3.31,0,0,0,0,36.98,2,0.0,,,
669,1.6200,-0.1132,0.1699,3.000,good,0.000,3.08,0,0,0,0,36.41,3,0.0,,,
670,1.6200,-0.1118,-0.1965,2.999,good,0.000,2.12,0,0,0,0,35.90,3,0.0,,,
671,1.6200,-0.1085,0.0358,3.000,insect,1.000,6.30,1,1,1,0,34.75,3,3.1,36,658,658
674,1.6240,-0.1092,0.0825,3.000,good,0.000,1.58,0,0,0,0,35.13,3,0.0,,,
675,1.6280,-0.1154,0.0349,2.999,good,0.000,2.03,0,0,0,0,36.23,3,0.0,,,
676,1.6280,-0.1141,-0.1526,3.000,good,0.001,3.64,0,0,0,0,35.73,3,0.0,,,
677,1.6280,-0.1096,-0.0936,3.000,good,0.000,3.12,0,0,0,0,34.19,3,0.0,,,
678,1.6280,-0.1084,0.2015,3.000,good,0.000,2.91,0,0,0,0,33.72,3,0.0,,,
681,1.6280,-0.1156,-0.0227,2.998,faded,0.986,4.26,1,1,1,0,36.14,2,3.2,29|28,661,661
679,1.6320,-0.1143,-0.2386,3.000,good,0.001,2.83,0,0,0,0,36.43,3,0.0,,,
680,1.6320,-0.1126,0.1581,3.000,good,0.000,2.68,0,0,0,0,35.83,3,0.0,,,
682,1.6320,-0.1189,-0.0832,2.996,good,0.001,3.55,0,0,0,0,37.97,2,0.0,,,
683,1.6400,-0.1142,0.0379,3.000,good,0.000,1.96,0,0,0,0,42.32,3,0.0,,,
684,1.6400,-0.1114,-0.0673,3.000,faded,0.998,4.81,1,1,1,0,41.32,3,3.2,23,678,678
686,1.6400,-0.1169,-0.0593,2.995,sour,1.000,19.05,1,1,1,0,43.18,2,3.2,24,671,671
685,1.6440,-0.1145,0.0804,3.002,good,0.000,3.08,0,0,0,0,42.28,3,0.0,,,
687,1.6480,-0.1156,0.2414,3.000,good,0.003,4.22,0,0,0,0,39.57,3,0.0,,,
688,1.6480,-0.1122,-0.0524,3.000,good,0.002,1.73,0,0,0,0,38.38,3,0.0,,,
689,1.6480,-0.1166,0.0389,3.000,good,0.000,2.68,0,0,0,0,39.78,2,0.0,,,
690,1.6560,-0.1086,-0.1679,3.000,broken,0.605,3.04,1,1,1,0,41.56,3,2.4,10,681,681
691,1.6560,-0.1162,0.2177,2.994,good,0.001,4.00,0,0,0,0,44.15,2,0.0,,,
692,1.6640,-0.1097,-0.0187,3.000,good,0.000,2.63,0,0,0,0,36.02,3,0.0,,,
693,1.6640,-0.1097,-0.1170,2.997,good,0.000,3.23,0,0,0,0,36.05,3,0.0,,,
694,1.6680,-0.1125,0.1347,2.997,good,0.014,2.42,0,0,0,0,35.46,3,0.0,,,
695,1.6680,-0.1081,-0.1025,3.002,good,0.000,2.33,0,0,0,0,33.83,3,0.0,,,
696,1.6720,-0.1128,-0.0642,3.000,good,0.000,2.24,0,0,0,0,33.79,3,0.0,,,
697,1.6720,-0.1121,-0.1963,3.000,good,0.003,3.53,0,0,0,0,33.48,3,0.0,,,
698,1.6720,-0.1130,0.0693,3.000,good,0.000,3.33,0,0,0,0,33.73,3,0.0,,,
699,1.6720,-0.1086,0.1512,3.000,good,0.000,3.72,0,0,0,0,32.23,3,0.0,,,
700,1.6720,-0.1085,0.0370,2.999,good,0.001,2.89,0,0,0,0,32.19,3,0.0,,,
701,1.6760,-0.1099,-0.0347,2.998,good,0.000,2.51,0,0,0,0,44.45,3,0.0,,,
702,1.6800,-0.1131,0.2142,3.003,good,0.000,2.77,0,0,0,0,35.20,3,0.0,,,
703,1.6800,-0.1114,0.1074,2.999,good,0.000,2.46,0,0,0,0,34.68,3,0.0,,,
704,1.6800,-0.1108,0.1668,3.002,good,0.000,2.53,0,0,0,0,34.36,3,0.0,,,
705,1.6840,-0.1153,-0.1559,2.999,good,0.003,3.75,0,0,0,0,35.72,3,0.0,,,
706,1.6840,-0.1091,0.0844,3.005,good,0.000,2.68,0,0,0,0,33.47,3,0.0,,,
709,1.6840,-0.1156,0.1518,3.008,faded,0.989,4.96,1,1,1,0,35.50,2,3.2,51,689,689
707,1.6880,-0.1101,-0.2356,3.003,good,0.001,2.91,0,0,0,0,44.40,3,0.0,,,
708,1.6880,-0.1088,-0.0167,2.999,good,0.000,2.97,0,0,0,0,44.01,3,0.0,,,
712,1.6920,-0.1191,-0.0140,3.020,good,0.002,3.41,0,0,0,0,36.63,2,0.0,,,
713,1.6920,-0.1189,-0.1157,2.994,insect,0.997,3.39,1,1,1,0,37.12,2,3.1,17|16,697,697
714,1.6920,-0.1185,-0.0937,2.999,good,0.001,3.44,0,0,0,0,36.78,2,0.0,,,
710,1.6960,-0.1135,0.0430,3.003,good,0.000,1.82,0,0,0,0,35.73,3,0.0,,,
711,1.6960,-0.1101,0.0167,3.000,good,0.000,3.04,0,0,0,0,34.58,3,0.0,,,
715,1.7000,-0.1157,0.1769,3.000,good,0.000,3.70,0,0,0,0,35.75,3,0.0,,,
716,1.7040,-0.1109,0.0832,3.000,good,0.001,3.54,0,0,0,0,32.03,3,0.0,,,
719,1.7040,-0.1190,0.1485,2.999,good,0.019,3.26,0,0,0,0,34.72,2,0.0,,,
720,1.7040,-0.1162,-0.0465,3.170,shell,1.000,9.38,1,1,1,0,29.86,2,2.4,26|25,696,
717,1.7080,-0.1120,0.0801,2.997,good,0.006,3.28,0,0,0,0,33.99,3,0.0,,,
718,1.7080,-0.1099,0.1328,3.003,good,0.000,3.15,0,0,0,0,33.09,3,0.0,,,
721,1.7120,-0.1133,-0.2282,3.000,good,0.000,2.47,0,0,0,0,36.50,3,0.0,,,
722,1.7120,-0.1098,0.1761,2.999,good,0.000,2.00,0,0,0,0,35.28,3,0.0,,,
723,1.7200,-0.1098,-0.1837,3.000,good,0.023,2.21,0,0,0,0,36.64,3,0.0,,,
724,1.7240,-0.1155,-0.1118,3.000,good,0.000,3.17,0,0,0,0,38.29,3,0.0,,,
725,1.7240,-0.1103,-0.0064,3.000,good,0.000,2.48,0,0,0,0,36.46,3,0.0,,,
726,1.7280,-0.1089,-0.1359,3.000,good,0.000,1.68,0,0,0,0,37.83,3,0.0,,,
730,1.7280,-0.1194,-0.1904,3.000,good,0.000,1.35,0,0,0,0,41.26,2,0.0,,,
727,1.7320,-0.1163,-0.1480,2.995,good,0.014,5.18,0,0,0,0,36.23,3,0.0,,,
728,1.7320,-0.1116,0.2103,3.000,good,0.004,3.37,0,0,0,0,34.51,3,0.0,,,
729,1.7320,-0.1115,-0.1159,3.000,good,0.002,1.61,0,0,0,0,34.42,3,0.0,,,
731,1.7360,-0.1099,-0.0754,2.999,good,0.000,1.57,0,0,0,0,35.91,3,0.0,,,
733,1.7360,-0.1195,-0.1501,2.997,good,0.000,2.64,0,0,0,0,39.08,2,0.0,,,
732,1.7400,-0.1126,-0.0082,2.999,good,0.000,2.12,0,0,0,0,38.53,3,0.0,,,
734,1.7440,-0.1125,-0.0845,2.999,good,0.000,1.88,0,0,0,0,37.13,3,0.0,,,
735,1.7440,-0.1084,0.0857,3.000,good,0.000,2.05,0,0,0,0,35.68,3,0.0,,,
737,1.7440,-0.1171,-0.0316,3.001,good,0.000,2.46,0,0,0,0,38.49,2,0.0,,,
736,1.7480,-0.1145,-0.1794,3.001,good,0.004,1.90,0,0,0,0,34.56,3,0.0,,,
738,1.7520,-0.1131,-0.0369,2.998,good,0.266,5.25,0,0,0,0,35.09,3,0.0,,,
739,1.7520,-0.1121,0.0200,3.000,good,0.000,3.22,0,0,0,0,34.65,3,0.0,,,
740,1.7520,-0.1110,-0.1398,3.003,good,0.526,2.62,1,1,1,0,34.18,3,2.5,14|13,715,715
742,1.7520,-0.1197,0.1791,3.000,good,0.000,3.07,0,0,0,0,37.06,2,0.0,,,
743,1.7520,-0.1192,0.2249,3.000,good,0.000,3.10,0,0,0,0,36.86,2,0.0,,,
741,1.7560,-0.1115,-0.0847,3.003,insect,1.000,3.81,1,1,1,0,35.84,3,3.1,21|20,728,728
746,1.7560,-0.1178,-0.0074,2.999,good,0.002,2.69,0,0,0,0,37.95,2,0.0,,,
747,1.7560,-0.1195,0.1214,3.000,good,0.000,2.75,0,0,0,0,38.45,2,0.0,,,
748,1.7560,-0.1175,-0.0409,3.000,good,0.000,3.34,0,0,0,0,37.72,2,0.0,,,
744,1.7600,-0.1109,-0.2235,3.001,good,0.000,2.18,0,0,0,0,41.32,3,0.0,,,
745,1.7600,-0.1093,-0.2385,3.000,good,0.000,1.55,0,0,0,0,40.74,3,0.0,,,
749,1.7720,-0.1108,0.0487,3.000,good,0.000,2.28,0,0,0,0,39.68,3,0.0,,,
750,1.7720,-0.1101,0.1044,2.998,good,0.060,2.95,0,0,0,0,39.44,3,0.0,,,
751,1.7720,-0.1165,0.0206,2.986,good,0.000,3.07,0,0,0,0,41.83,2,0.0,,,
752,1.7800,-0.1129,-0.1400,2.835,good,0.000,1.85,0,0,0,0,41.50,3,0.0,,,
753,1.7840,-0.1097,-0.0273,2.987,good,0.000,4.55,0,0,0,0,34.48,3,0.0,,,
754,1.7840,-0.1085,0.0034,2.978,good,0.119,4.22,0,0,0,0,34.24,3,0.0,,,
755,1.7880,-0.1162,0.1151,2.999,good,0.000,1.83,0,0,0,0,36.92,3,0.0,,,
756,1.7880,-0.1144,0.0533,3.012,good,0.000,4.14,0,0,0,0,35.95,3,0.0,,,
758,1.7880,-0.1173,0.2140,2.994,good,0.007,2.77,0,0,0,0,37.30,2,0.0,,,
757,1.7920,-0.1097,-0.2276,3.004,good,0.001,5.04,0,0,0,0,40.75,3,0.0,,,
759,1.7920,-0.1171,0.0038,3.000,good,0.005,1.92,0,0,0,0,43.23,2,0.0,,,
761,1.7960,-0.1179,0.2388,2.999,good,0.000,2.57,0,0,0,0,37.48,2,0.0,,,
760,1.8000,-0.1140,-0.0329,3.000,good,0.000,2.50,0,0,0,0,42.56,3,0.0,,,
764,1.8000,-0.1164,-0.2172,3.000,good,0.003,2.94,0,0,0,0,43.26,2,0.0,,,
762,1.8040,-0.1124,-0.0747,2.997,good,0.000,3.47,0,0,0,0,44.22,3,0.0,,,
763,1.8040,-0.1085,0.0295,2.999,good,0.000,2.30,0,0,0,0,42.72,3,0.0,,,
766,1.8040,-0.1154,-0.2414,2.999,faded,0.991,4.56,1,1,1,0,44.92,2,3.2,1|0,756,756
765,1.8080,-0.1124,0.0492,3.000,good,0.001,2.76,0,0,0,0,39.79,3,0.0,,,
768,1.8080,-0.1167,0.1738,2.996,good,0.000,2.83,0,0,0,0,41.27,2,0.0,,,
767,1.8120,-0.1132,0.0946,3.000,good,0.021,2.88,0,0,0,0,36.44,3,0.0,,,
771,1.8120,-0.1193,0.0457,2.994,good,0.000,2.43,0,0,0,0,38.55,2,0.0,,,
769,1.8160,-0.1157,-0.0508,3.004,good,0.001,1.81,0,0,0,0,35.08,3,0.0,,,
770,1.8160,-0.1130,0.1065,2.996,good,0.000,3.39,0,0,0,0,34.30,3,0.0,,,
772,1.8200,-0.1141,0.1393,3.007,good,0.000,2.32,0,0,0,0,36.39,3,0.0,,,
775,1.8200,-0.1182,0.0583,2.996,good,0.000,2.48,0,0,0,0,37.94,2,0.0,,,
773,1.8240,-0.1136,0.1676,3.000,good,0.000,2.40,0,0,0,0,32.50,3,0.0,,,
774,1.8240,-0.1105,-0.2153,3.001,good,0.000,2.92,0,0,0,0,31.36,3,0.0,,,
777,1.8240,-0.1160,-0.1703,3.001,good,0.000,4.35,0,0,0,0,33.18,2,0.0,,,
776,1.8280,-0.1094,-0.1632,3.000,good,0.001,9.58,0,0,0,0,33.48,3,0.0,,,
780,1.8280,-0.1169,-0.1980,2.999,good,0.000,3.12,0,0,0,0,35.96,2,0.0,,,
778,1.8320,-0.1150,0.2245,3.001,good,0.000,3.90,0,0,0,0,33.60,3,0.0,,,
779,1.8320,-0.1115,0.0701,3.000,good,0.000,3.44,0,0,0,0,32.38,3,0.0,,,
783,1.8320,-0.1184,-0.2292,3.000,good,0.061,3.72,0,0,0,0,34.65,2,0.0,,,
781,1.8360,-0.1141,-0.1300,3.008,good,0.001,3.67,0,0,0,0,34.76,3,0.0,,,
782,1.8360,-0.1135,0.0138,2.972,good,0.000,8.14,0,0,0,0,35.36,3,0.0,,,
786,1.8360,-0.1195,0.0927,2.999,good,0.000,1.54,0,0,0,0,36.66,2,0.0,,,
784,1.8400,-0.1119,-0.1782,2.999,black,1.000,54.56,1,1,1,0,34.69,3,3.2,9|8,765,765
785,1.8400,-0.1081,-0.0158,3.078,good,0.000,3.53,0,0,0,0,31.53,3,0.0,,,
788,1.8440,-0.1193,-0.0371,3.003,good,0.003,4.96,0,0,0,0,39.13,2,0.0,,,
787,1.8480,-0.1160,-0.2167,3.000,good,0.000,2.25,0,0,0,0,35.50,3,0.0,,,
790,1.8480,-0.1155,-0.0119,3.019,good,0.029,3.19,0,0,0,0,34.82,2,0.0,,,
789,1.8520,-0.1087,-0.0615,2.996,good,0.001,2.29,0,0,0,0,35.63,3,0.0,,,
793,1.8520,-0.1166,0.0008,3.003,good,0.000,2.48,0,0,0,0,38.06,2,0.0,,,
791,1.8560,-0.1111,0.0691,2.998,good,0.000,2.25,0,0,0,0,30.76,3,0.0,,,
792,1.8560,-0.1106,0.2360,2.999,good,0.182,7.28,0,0,0,0,30.47,3,0.0,,,
797,1.8600,-0.1194,-0.2100,3.005,good,0.000,3.48,0,0,0,0,43.51,2,0.0,,,
794,1.8640,-0.1150,-0.1162,3.000,good,0.000,2.14,0,0,0,0,36.60,3,0.0,,,
795,1.8640,-0.1126,0.0574,2.998,black,1.000,49.55,1,1,1,0,35.79,3,3.2,39,783,783
796,1.8640,-0.1097,-0.0444,3.002,good,0.000,2.91,0,0,0,0,34.65,3,0.0,,,
798,1.8680,-0.1096,0.1855,3.009,good,0.000,18.22,0,0,0,0,35.17,3,0.0,,,
801,1.8680,-0.1183,-0.0261,3.024,good,0.003,3.20,0,0,0,0,37.63,2,0.0,,,
802,1.8680,-0.1176,0.0998,2.999,sour,1.000,24.62,1,1,1,0,37.96,2,3.2,44,787,787
799,1.8720,-0.1150,-0.0542,3.001,good,0.000,2.53,0,0,0,0,30.88,3,0.0,,,
800,1.8720,-0.1106,0.1389,3.000,good,0.000,2.21,0,0,0,0,29.39,3,0.0,,,
803,1.8720,-0.1189,-0.0882,3.003,faded,1.000,6.39,1,1,1,0,32.04,2,3.2,20,791,791
804,1.8800,-0.1107,0.1875,2.998,good,0.000,3.29,0,0,0,0,42.26,3,0.0,,,
805,1.8800,-0.1086,-0.0111,3.001,faded,1.000,6.44,1,1,1,0,41.45,3,3.2,30,784,784
806,1.8840,-0.1109,-0.0676,3.003,good,0.000,3.04,0,0,0,0,35.47,3,0.0,,,
807,1.8880,-0.1126,-0.0347,3.000,good,0.000,2.42,0,0,0,0,40.18,3,0.0,,,
808,1.8920,-0.1131,-0.1748,3.001,good,0.000,2.54,0,0,0,0,34.65,3,0.0,,,
811,1.8920,-0.1169,0.0243,3.000,good,0.000,5.74,0,0,0,0,35.88,2,0.0,,,
809,1.8960,-0.1105,-0.0881,2.999,good,0.008,3.07,0,0,0,0,34.08,3,0.0,,,
810,1.8960,-0.1094,0.1201,3.007,good,0.000,2.73,0,0,0,0,33.48,3,0.0,,,
812,1.9000,-0.1160,-0.0197,3.001,good,0.001,3.53,0,0,0,0,37.87,3,0.0,,,
813,1.9000,-0.1154,0.1006,3.001,good,0.000,2.51,0,0,0,0,37.60,3,0.0,,,
816,1.9040,-0.1095,0.2316,2.963,stick,1.000,112.31,1,1,1,0,38.26,2,2.4,61,794,794
814,1.9080,-0.1149,0.0236,2.998,good,0.001,3.88,0,0,0,0,33.76,3,0.0,,,
815,1.9080,-0.1092,-0.1337,2.999,good,0.000,2.51,0,0,0,0,31.75,3,0.0,,,
817,1.9120,-0.1102,-0.1581,3.004,good,0.000,2.89,0,0,0,0,42.66,3,0.0,,,
818,1.9160,-0.1081,0.1917,3.000,good,0.000,5.36,0,0,0,0,32.88,3,0.0,,,
819,1.9160,-0.1080,-0.1193,2.999,good,0.000,2.43,0,0,0,0,32.82,3,0.0,,,
821,1.9160,-0.1188,-0.1510,3.000,good,0.000,2.23,0,0,0,0,36.34,2,0.0,,,
822,1.9160,-0.1189,-0.1827,2.999,good,0.000,2.03,0,0,0,0,36.39,2,0.0,,,
820,1.9200,-0.1132,-0.2136,3.000,good,0.000,3.97,0,0,0,0,35.29,3,0.0,,,
824,1.9200,-0.1186,0.2194,3.100,good,0.001,1.51,0,0,0,0,34.69,2,0.0,,,
825,1.9200,-0.1165,0.0333,3.000,good,0.000,3.10,0,0,0,0,36.31,2,0.0,,,
823,1.9240,-0.1100,-0.0216,3.000,faded,1.000,4.83,1,1,1,0,34.15,3,3.2,29,815,815
826,1.9280,-0.1121,0.1194,2.967,good,0.003,4.75,0,0,0,0,35.11,3,0.0,,,
827,1.9280,-0.1103,0.1947,3.001,good,0.000,2.31,0,0,0,0,33.61,3,0.0,,,
830,1.9280,-0.1200,-0.1313,3.002,good,0.000,2.37,0,0,0,0,36.78,2,0.0,,,
828,1.9320,-0.1148,-0.0532,2.999,faded,0.991,4.51,1,1,1,0,39.38,3,3.2,25|24,821,821
829,1.9320,-0.1131,-0.1971,3.000,good,0.000,2.31,0,0,0,0,38.69,3,0.0,,,
831,1.9360,-0.1090,-0.0740,2.997,shell,1.000,8.54,1,1,1,0,38.29,3,2.4,22,814,814
834,1.9360,-0.1189,0.1591,3.009,good,0.012,6.42,0,0,0,0,41.18,2,0.0,,,
832,1.9400,-0.1129,0.1446,3.000,good,0.000,1.79,0,0,0,0,42.58,3,0.0,,,
833,1.9400,-0.1115,-0.0373,3.001,good,0.000,2.14,0,0,0,0,42.05,3,0.0,,,
836,1.9400,-0.1186,-0.2078,2.996,good,0.000,1.93,0,0,0,0,44.46,2,0.0,,,
835,1.9440,-0.1139,0.0907,2.999,good,0.000,1.76,0,0,0,0,43.65,3,0.0,,,
839,1.9480,-0.1182,-0.1678,2.995,good,0.000,2.15,0,0,0,0,35.17,2,0.0,,,
837,1.9520,-0.1142,0.0294,3.000,good,0.000,1.94,0,0,0,0,40.20,3,0.0,,,
838,1.9520,-0.1085,0.2386,2.996,sour,1.000,14.42,1,1,1,0,38.32,3,3.2,62,825,825
843,1.9520,-0.1171,0.2085,3.006,good,0.000,3.08,0,0,0,0,40.87,2,0.0,,,
844,1.9520,-0.1164,-0.0250,3.007,good,0.000,4.17,0,0,0,0,40.59,2,0.0,,,
840,1.9560,-0.1153,0.0517,2.979,good,0.007,3.00,0,0,0,0,37.41,3,0.0,,,
841,1.9560,-0.1141,0.0651,3.002,good,0.020,3.91,0,0,0,0,36.40,3,0.0,,,
842,1.9560,-0.1112,0.0352,3.023,good,0.001,2.84,0,0,0,0,34.88,3,0.0,,,
846,1.9560,-0.1195,0.1050,2.999,good,0.000,2.79,0,0,0,0,38.17,2,0.0,,,
845,1.9600,-0.1140,0.0016,2.973,good,0.006,2.28,0,0,0,0,33.17,3,0.0,,,
849,1.9600,-0.1194,-0.1461,2.999,good,0.001,2.80,0,0,0,0,34.27,2,0.0,,,
847,1.9640,-0.1145,0.2238,2.999,good,0.000,2.77,0,0,0,0,42.02,3,0.0,,,
848,1.9640,-0.1130,-0.1541,2.999,good,0.000,2.08,0,0,0,0,41.45,3,0.0,,,
850,1.9640,-0.1082,0.0887,3.000,good,0.000,3.30,0,0,0,0,39.80,3,0.0,,,
851,1.9720,-0.1088,0.0523,3.001,good,0.000,2.26,0,0,0,0,45.51,3,0.0,,,
852,1.9760,-0.1092,0.2271,2.996,good,0.000,2.48,0,0,0,0,45.41,3,0.0,,,
853,1.9800,-0.1100,-0.0219,3.001,good,0.002,2.66,0,0,0,0,45.29,3,0.0,,,
854,1.9800,-0.1180,-0.1242,3.005,good,0.000,2.86,0,0,0,0,47.78,2,0.0,,,
855,1.9880,-0.1104,0.1121,3.000,good,0.000,2.36,0,0,0,0,45.49,3,0.0,,,
856,1.9880,-0.1097,-0.0381,3.000,faded,1.000,5.00,1,1,1,0,45.19,3,3.2,27|26,845,845
857,1.9880,-0.1090,0.0976,3.054,insect,1.000,5.51,1,1,1,0,43.66,3,3.1,44,838,838
859,1.9880,-0.1181,-0.0465,3.000,good,0.000,2.36,0,0,0,0,47.88,2,0.0,,,
858,1.9920,-0.1150,-0.2336,2.991,good,0.000,1.81,0,0,0,0,47.14,3,0.0,,,
861,1.9920,-0.1175,0.0344,3.000,good,0.000,2.66,0,0,0,0,47.68,2,0.0,,,
860,1.9960,-0.1111,0.1233,3.000,shell,1.000,8.15,1,1,1,0,45.41,3,2.4,47,844,844
862,2.0000,-0.1154,0.1995,3.002,good,0.000,3.95,0,0,0,0,45.70,3,0.0,,,
863,2.0040,-0.1131,0.0625,2.663,good,0.016,3.07,0,0,0,0,49.42,3,0.0,,,
864,2.0040,-0.1081,-0.1187,3.022,good,0.035,3.72,0,0,0,0,38.19,3,0.0,,,
865,2.0040,-0.1194,-0.1845,3.003,good,0.029,2.76,0,0,0,0,42.36,2,0.0,,,
866,2.0040,-0.1093,-0.2183,2.973,stick,1.000,80.70,1,1,1,0,39.64,2,2.4,4|3,847,847
867,2.0160,-0.1135,-0.0463,3.000,good,0.000,1.88,0,0,0,0,45.17,3,0.0,,,
873,2.0160,-0.1185,-0.2060,2.981,good,0.000,5.16,0,0,0,0,47.26,2,0.0,,,
874,2.0160,-0.1166,0.0571,2.989,sour,1.000,11.23,1,1,1,0,46.37,2,3.2,39,857,857
868,2.0200,-0.1118,0.1979,3.005,good,0.006,7.51,0,0,0,0,44.15,3,0.0,,,
869,2.0200,-0.1145,-0.0218,2.987,good,0.000,2.52,0,0,0,0,45.45,3,0.0,,,
870,2.0200,-0.1114,0.1284,3.010,good,0.285,3.54,0,0,0,0,43.82,3,0.0,,,
871,2.0200,-0.1115,0.2446,2.993,good,0.000,4.66,0,0,0,0,44.21,3,0.0,,,
872,2.0200,-0.1115,0.0476,2.888,good,0.049,3.56,0,0,0,0,46.72,3,0.0,,,
876,2.0200,-0.1186,-0.1539,3.001,good,0.000,2.22,0,0,0,0,46.29,2,0.0,,,
875,2.0240,-0.1084,0.0191,3.000,good,0.000,3.19,0,0,0,0,44.50,3,0.0,,,
877,2.0280,-0.1113,-0.1051,2.997,faded,0.925,4.15,1,1,1,0,46.40,3,3.2,18,860,860
878,2.0280,-0.1107,-0.0080,3.012,good,0.000,2.91,0,0,0,0,45.78,3,0.0,,,
879,2.0320,-0.1121,0.0098,2.984,good,0.000,2.15,0,0,0,0,46.71,3,0.0,,,
880,2.0360,-0.1117,0.0200,3.000,good,0.000,1.95,0,0,0,0,45.91,3,0.0,,,
881,2.0400,-0.1135,-0.0566,3.008,good,0.001,2.24,0,0,0,0,46.50,3,0.0,,,
882,2.0400,-0.1115,-0.2100,2.992,good,0.000,1.93,0,0,0,0,46.16,3,0.0,,,
883,2.0440,-0.1125,0.0733,3.000,good,0.000,3.86,0,0,0,0,46.22,3,0.0,,,
884,2.0440,-0.1095,-0.0993,3.008,good,0.001,1.79,0,0,0,0,44.99,3,0.0,,,
886,2.0440,-0.1186,0.1341,2.996,good,0.034,3.31,0,0,0,0,48.28,2,0.0,,,
885,2.0480,-0.1118,0.2157,3.005,good,0.000,2.26,0,0,0,0,45.66,3,0.0,,,
887,2.0520,-0.1095,-0.0024,2.981,good,0.001,2.38,0,0,0,0,39.91,3,0.0,,,
888,2.0560,-0.1092,-0.0474,3.001,broken,0.999,2.50,1,1,1,0,42.27,3,2.4,25|26,874,874
889,2.0560,-0.1163,-0.2381,3.000,good,0.004,2.78,0,0,0,0,44.60,2,0.0,,,
891,2.0600,-0.1174,0.0642,2.999,good,0.000,2.37,0,0,0,0,47.18,2,0.0,,,
892,2.0600,-0.1171,0.0198,3.006,good,0.000,3.47,0,0,0,0,46.87,2,0.0,,,
890,2.0640,-0.1112,-0.1606,2.981,good,0.000,2.94,0,0,0,0,35.04,3,0.0,,,
893,2.0680,-0.1127,0.1248,2.990,good,0.000,2.46,0,0,0,0,37.29,3,0.0,,,
894,2.0720,-0.1102,0.1877,3.006,black,1.000,53.22,1,1,1,0,31.82,3,3.2,56|55,882,882
895,2.0720,-0.1086,0.0560,2.999,good,0.000,2.44,0,0,0,0,31.35,3,0.0,,,
896,2.0720,-0.1084,0.2134,3.000,good,0.004,3.10,0,0,0,0,31.24,3,0.0,,,
897,2.0720,-0.1172,0.1555,2.995,good,0.000,3.61,0,0,0,0,34.25,2,0.0,,,
898,2.0760,-0.1190,-0.0972,2.996,good,0.000,4.00,0,0,0,0,36.32,2,0.0,,,
899,2.0760,-0.1184,-0.2001,3.001,good,0.000,2.91,0,0,0,0,35.96,2,0.0,,,
901,2.0800,-0.1150,-0.1077,3.017,good,0.000,4.19,0,0,0,0,35.56,2,0.0,,,
900,2.0840,-0.1099,0.1188,3.000,good,0.000,2.38,0,0,0,0,35.25,3,0.0,,,
902,2.0880,-0.1092,0.1029,3.003,good,0.062,3.30,0,0,0,0,33.87,3,0.0,,,
903,2.0880,-0.1093,-0.0096,3.036,good,0.002,2.44,0,0,0,0,33.09,3,0.0,,,
904,2.0920,-0.1138,0.1853,3.000,faded,0.968,4.94,1,1,1,0,35.84,3,3.2,55,890,890
910,2.0920,-0.1194,-0.1371,3.005,good,0.001,1.88,0,0,0,0,37.53,2,0.0,,,
905,2.0960,-0.1154,-0.0554,3.001,good,0.001,3.79,0,0,0,0,36.61,3,0.0,,,
906,2.0960,-0.1147,-0.1098,3.000,good,0.000,2.46,0,0,0,0,36.32,3,0.0,,,
907,2.0960,-0.1107,0.0250,2.999,good,0.000,3.43,0,0,0,0,34.96,3,0.0,,,
908,2.0960,-0.1110,0.1679,2.995,good,0.055,3.71,0,0,0,0,35.15,3,0.0,,,
909,2.0960,-0.1096,-0.0306,2.989,good,0.000,1.98,0,0,0,0,34.80,3,0.0,,,
911,2.1000,-0.1144,0.2270,2.999,good,0.005,2.94,0,0,0,0,34.27,3,0.0,,,
912,2.1040,-0.1144,-0.0304,3.001,good,0.000,2.75,0,0,0,0,34.27,3,0.0,,,
913,2.1040,-0.1117,-0.0110,3.011,good,0.000,2.39,0,0,0,0,33.05,3,0.0,,,
914,2.1040,-0.1115,0.1151,3.005,good,0.000,2.54,0,0,0,0,33.06,3,0.0,,,
917,2.1040,-0.1196,-0.0080,2.999,good,0.055,2.92,0,0,0,0,35.87,2,0.0,,,
918,2.1040,-0.1171,0.0446,3.000,good,0.000,4.64,0,0,0,0,34.97,2,0.0,,,
915,2.1080,-0.1098,0.0990,2.985,good,0.000,1.94,0,0,0,0,36.26,3,0.0,,,
916,2.1080,-0.1090,-0.1345,3.000,good,0.000,2.61,0,0,0,0,35.62,3,0.0,,,
920,2.1120,-0.1189,0.0897,2.999,good,0.000,2.08,0,0,0,0,37.76,2,0.0,,,
919,2.1160,-0.1131,0.1928,3.000,good,0.000,2.19,0,0,0,0,38.79,3,0.0,,,
923,2.1160,-0.1165,-0.2289,3.000,good,0.000,2.29,0,0,0,0,39.84,2,0.0,,,
921,2.1200,-0.1139,-0.0165,3.002,good,0.000,3.22,0,0,0,0,36.35,3,0.0,,,
922,2.1200,-0.1083,0.1012,2.999,broken,0.999,1.75,1,1,1,0,34.49,3,2.4,44|45,919,
925,2.1200,-0.1172,0.0799,3.007,good,0.000,2.46,0,0,0,0,37.19,2,0.0,,,
924,2.1240,-0.1144,0.0209,3.001,good,0.000,2.48,0,0,0,0,33.54,3,0.0,,,
929,2.1240,-0.1194,0.1944,2.878,black,1.000,52.62,1,1,1,0,38.26,2,3.2,56|57,901,901
926,2.1280,-0.1146,0.1192,3.000,good,0.001,2.01,0,0,0,0,33.83,3,0.0,,,
927,2.1280,-0.1123,-0.1951,2.993,broken,0.983,2.80,1,1,1,0,33.18,3,2.4,7|6,920,920
928,2.1280,-0.1105,0.2025,2.878,good,0.000,4.91,0,0,0,0,35.32,3,0.0,,,
932,2.1280,-0.1170,-0.0424,3.000,good,0.000,3.07,0,0,0,0,34.45,2,0.0,,,
930,2.1320,-0.1142,0.2164,2.996,good,0.000,3.26,0,0,0,0,34.00,3,0.0,,,
931,2.1320,-0.1092,-0.1481,3.004,good,0.002,2.94,0,0,0,0,32.09,3,0.0,,,
934,2.1320,-0.1164,-0.1675,3.000,good,0.000,1.93,0,0,0,0,34.54,2,0.0,,,
933,2.1360,-0.1136,-0.0128,3.000,faded,0.980,3.48,1,1,1,0,33.12,3,3.2,30,926,926
935,2.1400,-0.1119,-0.0344,2.996,good,0.001,2.47,0,0,0,0,45.81,3,0.0,,,
936,2.1400,-0.1119,0.1032,2.996,good,0.000,2.14,0,0,0,0,45.79,3,0.0,,,
937,2.1440,-0.1129,0.2203,3.016,good,0.007,2.91,0,0,0,0,38.33,3,0.0,,,
939,2.1440,-0.1186,-0.1708,2.999,good,0.001,2.15,0,0,0,0,40.55,2,0.0,,,
938,2.1480,-0.1086,0.2081,2.999,good,0.000,1.97,0,0,0,0,35.95,3,0.0,,,
940,2.1520,-0.1106,0.0745,3.000,good,0.072,3.45,0,0,0,0,32.88,3,0.0,,,
944,2.1600,-0.1186,-0.0784,2.994,good,0.002,2.19,0,0,0,0,40.60,2,0.0,,,
941,2.1640,-0.1131,0.1507,2.999,good,0.000,1.73,0,0,0,0,36.67,3,0.0,,,
942,2.1640,-0.1122,-0.1876,2.998,good,0.303,3.55,0,0,0,0,36.35,3,0.0,,,
943,2.1640,-0.1090,-0.1968,2.996,good,0.001,2.03,0,0,0,0,35.28,3,0.0,,,
945,2.1680,-0.1140,0.1536,3.008,good,0.009,2.84,0,0,0,0,36.53,3,0.0,,,
946,2.1680,-0.1108,0.1739,2.994,good,0.000,1.29,0,0,0,0,35.72,3,0.0,,,
948,2.1680,-0.1169,-0.2441,3.093,shell,1.000,50.57,1,1,1,0,35.41,2,2.4,0,943,
947,2.1720,-0.1098,0.0036,3.000,good,0.000,3.12,0,0,0,0,34.85,3,0.0,,,
951,2.1720,-0.1170,-0.1261,3.000,good,0.000,4.38,0,0,0,0,37.18,2,0.0,,,
949,2.1760,-0.1155,0.1127,2.997,good,0.000,3.30,0,0,0,0,34.54,3,0.0,,,
950,2.1760,-0.1154,0.0970,3.002,good,0.000,2.84,0,0,0,0,34.33,3,0.0,,,
953,2.1760,-0.1181,0.1739,3.001,good,0.000,2.43,0,0,0,0,35.20,2,0.0,,,
952,2.1800,-0.1149,-0.0391,2.977,good,0.000,3.21,0,0,0,0,34.37,3,0.0,,,
954,2.1800,-0.1175,-0.1179,2.989,good,0.000,2.40,0,0,0,0,34.86,2,0.0,,,
955,2.1840,-0.1167,-0.0804,3.000,good,0.007,2.64,0,0,0,0,35.21,2,0.0,,,
956,2.1880,-0.1197,-0.1356,2.977,good,0.000,2.30,0,0,0,0,39.54,2,0.0,,,
957,2.1880,-0.1159,0.1041,3.007,good,0.000,2.44,0,0,0,0,37.48,2,0.0,,,
959,2.1920,-0.1199,-0.0042,2.987,good,0.001,3.43,0,0,0,0,40.48,2,0.0,,,
960,2.1920,-0.1194,0.0615,2.997,good,0.001,2.67,0,0,0,0,40.02,2,0.0,,,
958,2.1960,-0.1158,0.0415,3.003,good,0.005,3.50,0,0,0,0,34.21,3,0.0,,,
961,2.2000,-0.1127,-0.0340,2.999,good,0.002,3.08,0,0,0,0,35.64,3,0.0,,,
962,2.2000,-0.1099,0.0221,3.005,good,0.000,2.28,0,0,0,0,34.54,3,0.0,,,
964,2.2000,-0.1181,0.1120,2.994,good,0.001,2.11,0,0,0,0,37.49,2,0.0,,,
963,2.2040,-0.1109,0.1231,3.002,good,0.000,1.82,0,0,0,0,45.30,3,0.0,,,
965,2.2040,-0.1184,0.1387,3.199,good,0.000,2.26,0,0,0,0,43.26,2,0.0,,,
966,2.2120,-0.1082,0.0193,2.998,insect,1.000,3.70,1,1,1,0,37.62,3,3.1,34,950,950
968,2.2120,-0.1173,-0.1672,3.010,good,0.000,2.66,0,0,0,0,40.29,2,0.0,,,
969,2.2120,-0.1169,-0.0328,2.999,good,0.014,3.41,0,0,0,0,40.39,2,0.0,,,
967,2.2160,-0.1265,-0.0130,2.907,good,0.001,1.75,0,0,0,0,45.15,2,0.0,,,
970,2.2160,-0.1188,-0.0111,3.450,good,0.003,7.62,0,0,0,0,34.58,2,0.0,,,
971,2.2200,-0.1102,-0.1190,3.000,good,0.003,4.10,0,0,0,0,40.24,3,0.0,,,
973,2.2200,-0.1160,-0.1866,3.000,faded,0.997,4.92,1,1,1,0,42.12,2,3.2,8|7,954,954
972,2.2240,-0.1147,0.1499,3.024,good,0.000,3.90,0,0,0,0,41.71,3,0.0,,,
975,2.2240,-0.1195,0.0374,3.001,broken,0.658,3.56,1,1,1,0,43.84,2,2.4,36,966,966
976,2.2240,-0.1167,-0.1478,2.995,good,0.000,2.63,0,0,0,0,42.97,2,0.0,,,
977,2.2240,-0.1152,-0.0515,2.994,good,0.002,2.68,0,0,0,0,42.46,2,0.0,,,
974,2.2280,-0.1129,0.2048,3.003,good,0.001,2.61,0,0,0,0,33.83,3,0.0,,,
978,2.2280,-0.1199,0.1116,2.998,black,1.000,56.16,1,1,1,0,36.17,2,3.2,46,963,963
979,2.2360,-0.1123,-0.0110,2.997,faded,0.989,5.14,1,1,1,0,37.94,3,3.2,30,972,972
983,2.2360,-0.1191,-0.2180,2.993,good,0.000,2.27,0,0,0,0,40.22,2,0.0,,,
984,2.2360,-0.1171,0.0576,2.991,good,0.000,1.89,0,0,0,0,39.58,2,0.0,,,
980,2.2400,-0.1123,-0.1866,2.999,good,0.000,4.34,0,0,0,0,37.81,3,0.0,,,
981,2.2400,-0.1110,-0.0594,3.001,sour,1.000,18.93,1,1,1,0,37.28,3,3.2,24,968,968
982,2.2400,-0.1090,-0.1167,2.991,good,0.001,2.91,0,0,0,0,36.76,3,0.0,,,
988,2.2400,-0.1162,0.1651,2.997,good,0.002,6.68,0,0,0,0,38.98,2,0.0,,,
985,2.2440,-0.1152,0.0785,3.006,good,0.000,3.20,0,0,0,0,40.22,3,0.0,,,
986,2.2440,-0.1103,-0.1582,2.991,good,0.000,3.06,0,0,0,0,38.87,3,0.0,,,
987,2.2440,-0.1084,-0.1005,3.004,good,0.001,3.95,0,0,0,0,37.89,3,0.0,,,
989,2.2440,-0.1166,-0.0048,2.985,good,0.001,2.82,0,0,0,0,41.00,2,0.0,,,
990,2.2560,-0.1129,-0.0141,3.001,good,0.000,3.41,0,0,0,0,36.44,3,0.0,,,
991,2.2560,-0.1121,-0.0699,2.999,good,0.000,2.40,0,0,0,0,36.19,3,0.0,,,
992,2.2560,-0.1112,0.0409,3.008,broken,0.998,2.41,1,1,1,0,35.62,3,2.4,37,979,979
993,2.2560,-0.1193,0.0563,2.999,good,0.001,4.10,0,0,0,0,38.48,2,0.0,,,
994,2.2640,-0.1159,0.0311,3.001,good,0.001,3.06,0,0,0,0,36.61,3,0.0,,,
995,2.2640,-0.1131,0.0422,3.000,good,0.000,3.59,0,0,0,0,35.63,3,0.0,,,
996,2.2680,-0.1141,0.1555,3.002,good,0.000,3.08,0,0,0,0,45.54,3,0.0,,,
997,2.2680,-0.1185,-0.0969,3.000,insect,1.000,7.54,1,1,1,0,46.99,2,3.1,19,981,981
998,2.2760,-0.1126,0.1413,2.999,good,0.282,3.88,0,0,0,0,35.96,3,0.0,,,
999,2.2800,-0.1140,-0.0166,3.000,good,0.000,3.01,0,0,0,0,29.91,3,0.0,,,
1000,2.2800,-0.1115,0.1739,3.003,good,0.020,4.54,0,0,0,0,28.94,3,0.0,,,
1001,2.2800,-0.1094,0.1468,3.000,broken,0.982,1.67,1,1,1,0,28.27,3,2.4,50,984,984
1002,2.2800,-0.1087,0.0333,3.002,good,0.152,3.09,0,0,0,0,27.88,3,0.0,,,
1005,2.2800,-0.1155,-0.0600,2.998,good,0.000,3.07,0,0,0,0,30.23,2,0.0,,,
1003,2.2840,-0.1155,-0.1020,2.997,good,0.001,2.56,0,0,0,0,44.28,3,0.0,,,
1004,2.2840,-0.1134,0.1958,3.003,good,0.001,3.61,0,0,0,0,43.37,3,0.0,,,
1006,2.2880,-0.1155,0.1674,3.000,good,0.000,2.61,0,0,0,0,44.44,3,0.0,,,
1007,2.2880,-0.1085,0.2143,2.999,good,0.000,3.66,0,0,0,0,42.10,3,0.0,,,
1008,2.2880,-0.1190,0.0268,3.002,good,0.000,3.09,0,0,0,0,45.45,2,0.0,,,
1010,2.2920,-0.1192,-0.1981,2.997,good,0.004,3.54,0,0,0,0,40.33,2,0.0,,,
1011,2.2920,-0.1178,0.0649,3.099,good,0.000,1.75,0,0,0,0,37.39,2,0.0,,,
1009,2.2960,-0.1141,0.1680,3.003,good,0.000,2.34,0,0,0,0,44.14,3,0.0,,,
1012,2.2960,-0.1199,0.1936,2.999,good,0.001,2.15,0,0,0,0,46.12,2,0.0,,,
1015,2.3000,-0.1021,0.1713,3.000,good,0.000,3.35,0,0,0,0,32.02,1,0.0,,,
1013,2.3040,-0.1138,-0.1249,3.001,good,0.002,2.58,0,0,0,0,43.37,3,0.0,,,
1014,2.3040,-0.1176,0.1453,3.000,good,0.000,3.33,0,0,0,0,44.60,2,0.0,,,
1017,2.3080,-0.1184,0.0497,3.000,good,0.000,3.50,0,0,0,0,34.54,2,0.0,,,
1018,2.3080,-0.1156,0.0130,3.000,good,0.000,3.26,0,0,0,0,33.52,2,0.0,,,
1016,2.3120,-0.1100,-0.0867,2.999,good,0.204,3.97,0,0,0,0,35.09,3,0.0,,,
1019,2.3120,-0.1188,0.0306,3.012,good,0.006,2.08,0,0,0,0,37.68,2,0.0,,,
1020,2.3160,-0.1172,-0.0396,3.000,good,0.001,2.46,0,0,0,0,32.81,2,0.0,,,
1024,2.3200,-0.1199,-0.2398,2.995,good,0.000,2.90,0,0,0,0,41.39,2,0.0,,,
1021,2.3240,-0.1136,-0.1024,2.997,insect,1.000,6.27,1,1,1,0,32.05,3,3.1,18|19,1013,1013
1022,2.3240,-0.1137,-0.1352,2.995,good,0.000,3.32,0,0,0,0,32.01,3,0.0,,,
1023,2.3240,-0.1110,0.1578,3.022,good,0.001,3.48,0,0,0,0,30.43,3,0.0,,,
1026,2.3240,-0.1192,-0.1669,3.001,good,0.005,3.23,0,0,0,0,33.63,2,0.0,,,
1025,2.3280,-0.1125,0.0839,3.001,good,0.000,2.91,0,0,0,0,33.79,3,0.0,,,
1027,2.3320,-0.1121,-0.2279,2.995,good,0.000,2.02,0,0,0,0,33.76,3,0.0,,,
1028,2.3360,-0.1151,-0.2144,2.997,good,0.001,2.18,0,0,0,0,34.99,3,0.0,,,
1029,2.3360,-0.1118,0.1727,3.006,good,0.000,3.33,0,0,0,0,33.60,3,0.0,,,
1030,2.3360,-0.1149,0.0727,3.012,stick,1.000,86.53,1,1,1,0,34.43,2,2.4,41,1008,1008
1034,2.3400,-0.1187,-0.0546,2.994,good,0.001,7.35,0,0,0,0,37.01,2,0.0,,,
1035,2.3400,-0.1172,0.1151,2.986,good,0.000,2.86,0,0,0,0,36.65,2,0.0,,,
1031,2.3440,-0.1134,0.1573,2.971,good,0.000,3.00,0,0,0,0,37.39,3,0.0,,,
1032,2.3440,-0.1120,0.2158,2.984,good,0.000,3.19,0,0,0,0,36.58,3,0.0,,,
1033,2.3440,-0.1108,-0.0215,2.997,sour,0.999,15.41,1,1,1,0,35.78,3,3.2,29,1026,1026
1038,2.3440,-0.1175,-0.1919,3.000,good,0.000,2.96,0,0,0,0,37.87,2,0.0,,,
1036,2.3480,-0.1126,0.1998,3.003,sour,1.000,41.34,1,1,1,0,33.50,3,3.2,57,1028,1028
1037,2.3480,-0.1083,0.0207,3.000,good,0.000,2.10,0,0,0,0,32.06,3,0.0,,,
1040,2.3480,-0.1188,-0.0020,3.001,good,0.000,2.43,0,0,0,0,35.49,2,0.0,,,
1039,2.3520,-0.1133,0.2119,3.004,good,0.000,2.56,0,0,0,0,44.42,3,0.0,,,
1041,2.3560,-0.1082,-0.1777,2.999,good,0.005,3.44,0,0,0,0,31.43,3,0.0,,,
1046,2.3600,-0.1194,-0.1227,3.006,good,0.000,2.67,0,0,0,0,39.24,2,0.0,,,
1042,2.3640,-0.1109,-0.0347,3.001,broken,0.952,2.42,1,1,1,0,34.93,3,2.4,27,1035,1035
1043,2.3640,-0.1094,0.0578,3.001,good,0.000,2.45,0,0,0,0,34.36,3,0.0,,,
1044,2.3640,-0.1087,-0.1318,3.005,good,0.001,2.81,0,0,0,0,33.98,3,0.0,,,
1045,2.3640,-0.1102,0.0309,2.988,good,0.000,2.34,0,0,0,0,34.84,3,0.0,,,
1048,2.3680,-0.1194,-0.2025,3.002,good,0.006,2.44,0,0,0,0,39.06,2,0.0,,,
1047,2.3720,-0.1138,0.0106,3.000,good,0.480,4.93,0,0,0,0,35.42,3,0.0,,,
1049,2.3760,-0.1137,-0.0357,3.013,good,0.000,2.28,0,0,0,0,32.27,3,0.0,,,
1050,2.3760,-0.1103,0.1502,3.242,insect,1.000,4.30,1,1,1,0,26.18,3,3.1,51,1043,1043
1051,2.3760,-0.1120,-0.0464,2.993,good,0.000,2.20,0,0,0,0,32.02,3,0.0,,,
1052,2.3760,-0.1119,-0.0918,3.004,insect,1.000,8.30,1,1,1,0,31.69,3,3.1,20,1034,1034
1053,2.3760,-0.1079,0.0418,3.027,sour,1.000,23.64,1,1,1,0,29.78,3,3.2,37,1044,1044
1054,2.3800,-0.1143,-0.0856,3.001,good,0.000,2.28,0,0,0,0,39.11,3,0.0,,,
1055,2.3880,-0.1147,-0.0278,2.996,good,0.003,4.67,0,0,0,0,37.82,3,0.0,,,
1056,2.3880,-0.1172,-0.1585,3.073,good,0.000,2.61,0,0,0,0,36.80,2,0.0,,,
1057,2.3960,-0.1137,0.1419,3.000,good,0.000,2.66,0,0,0,0,43.56,3,0.0,,,
1058,2.3960,-0.1116,0.0648,3.001,good,0.009,3.52,0,0,0,0,42.80,3,0.0,,,
1060,2.3960,-0.1165,0.1084,3.017,good,0.000,2.99,0,0,0,0,43.96,2,0.0,,,
1061,2.3960,-0.1167,0.0464,2.972,good,0.011,3.04,0,0,0,0,45.07,2,0.0,,,
1059,2.4000,-0.1128,-0.0819,3.001,sour,1.000,17.13,1,1,1,0,33.09,3,3.2,21,1047,1047
1062,2.4040,-0.1148,-0.1272,3.005,good,0.000,1.38,0,0,0,0,43.72,3,0.0,,,
1063,2.4040,-0.1127,0.0196,2.998,good,0.000,2.30,0,0,0,0,43.14,3,0.0,,,
1064,2.4080,-0.1133,0.2354,3.123,good,0.002,2.92,0,0,0,0,38.89,3,0.0,,,
1065,2.4080,-0.1091,-0.2038,3.002,good,0.000,2.35,0,0,0,0,40.19,3,0.0,,,
1066,2.4080,-0.1085,-0.0161,2.997,good,0.008,2.55,0,0,0,0,40.05,3,0.0,,,
1068,2.4080,-0.1168,0.1423,2.979,good,0.001,2.52,0,0,0,0,43.22,2,0.0,,,
1067,2.4120,-0.1106,-0.0630,2.998,good,0.003,2.88,0,0,0,0,38.22,3,0.0,,,
1069,2.4120,-0.1166,0.0543,3.003,good,0.000,3.46,0,0,0,0,40.04,2,0.0,,,
1071,2.4160,-0.1169,0.1782,3.003,good,0.000,2.34,0,0,0,0,43.91,2,0.0,,,
1070,2.4200,-0.1155,-0.2043,2.999,good,0.003,2.36,0,0,0,0,34.12,3,0.0,,,
1073,2.4240,-0.1174,0.1900,2.985,good,0.000,3.38,0,0,0,0,37.04,2,0.0,,,
1072,2.4280,-0.1131,0.0519,2.964,good,0.000,2.39,0,0,0,0,46.30,3,0.0,,,
1075,2.4280,-0.1187,-0.0060,3.019,good,0.000,1.62,0,0,0,0,46.79,2,0.0,,,
1074,2.4320,-0.1093,0.0831,3.034,good,0.000,2.10,0,0,0,0,34.41,3,0.0,,,
1077,2.4320,-0.1179,-0.0174,2.910,good,0.013,5.09,0,0,0,0,40.24,2,0.0,,,
1078,2.4320,-0.1163,-0.1210,3.010,good,0.002,2.68,0,0,0,0,37.20,2,0.0,,,
1076,2.4360,-0.1400,-0.0625,3.000,black,1.000,49.53,1,1,1,0,34.59,1,3.2,23|24,1072,
1081,2.4360,-0.1166,-0.0679,2.958,black,0.542,18.40,1,1,1,0,35.68,2,3.2,23,1057|1073,1073
1079,2.4400,-0.1096,0.0133,2.998,good,0.009,3.01,0,0,0,0,42.96,3,0.0,,,
1080,2.4400,-0.1092,-0.1095,2.901,good,0.000,4.03,0,0,0,0,45.09,3,0.0,,,
1082,2.4480,-0.1095,0.2052,3.002,good,0.123,5.54,0,0,0,0,35.71,3,0.0,,,
1083,2.4480,-0.1101,-0.0594,3.000,good,0.000,3.17,0,0,0,0,35.91,3,0.0,,,
1084,2.4480,-0.1106,-0.0079,2.974,sour,1.000,16.59,1,1,1,0,36.61,3,3.2,30|31,1077,1077
1085,2.4520,-0.1149,0.1061,3.065,good,0.008,6.54,0,0,0,0,32.28,3,0.0,,,
1086,2.4520,-0.1100,-0.1412,2.815,good,0.001,1.78,0,0,0,0,36.69,3,0.0,,,
1087,2.4520,-0.1156,0.0797,3.004,good,0.000,2.69,0,0,0,0,33.79,2,0.0,,,
1088,2.4600,-0.1143,0.0345,3.000,good,0.019,2.51,0,0,0,0,44.43,3,0.0,,,
1092,2.4600,-0.1162,0.1026,3.006,insect,1.000,3.53,1,1,1,0,44.86,2,3.1,45|44,1080,1080
1089,2.4640,-0.1142,0.1439,3.116,good,0.000,2.32,0,0,0,0,27.37,3,0.0,,,
1090,2.4640,-0.1133,-0.1967,2.989,faded,0.999,3.94,1,1,1,0,29.95,3,3.2,6|7,1075,1075
1091,2.4640,-0.1120,-0.0566,2.999,good,0.000,2.82,0,0,0,0,29.20,3,0.0,,,
1094,2.4640,-0.1191,-0.1070,2.967,stick,1.000,82.03,1,1,1,0,32.30,2,2.4,18,1074,
1093,2.4680,-0.1154,0.1856,3.000,good,0.000,3.28,0,0,0,0,36.99,3,0.0,,,
1095,2.4720,-0.1145,0.0590,3.012,faded,1.000,6.91,1,1,1,0,34.95,3,3.2,39,1076,
1096,2.4720,-0.1141,0.1163,3.006,good,0.033,5.07,0,0,0,0,34.89,3,0.0,,,
1097,2.4720,-0.1131,0.2146,2.959,insect,1.000,7.40,1,1,1,0,35.64,3,3.1,59,1084,1084
1098,2.4760,-0.1117,-0.0374,2.998,good,0.001,4.21,0,0,0,0,39.84,3,0.0,,,
1099,2.4800,-0.1131,0.1362,3.014,good,0.004,5.73,0,0,0,0,32.12,3,0.0,,,
1100,2.4800,-0.1118,0.2214,2.983,good,0.000,2.91,0,0,0,0,32.35,3,0.0,,,
1102,2.4800,-0.1170,0.0852,3.049,good,0.002,4.20,0,0,0,0,32.47,2,0.0,,,
1101,2.4840,-0.1089,-0.1851,3.038,good,0.004,1.57,0,0,0,0,38.14,3,0.0,,,
1104,2.4840,-0.1198,0.0377,3.032,good,0.000,3.13,0,0,0,0,41.80,2,0.0,,,
1103,2.4880,-0.1147,-0.1067,2.993,good,0.000,3.12,0,0,0,0,36.96,3,0.0,,,
1105,2.4920,-0.1129,-0.1762,3.330,good,0.000,1.99,0,0,0,0,28.10,3,0.0,,,
1106,2.4920,-0.1160,0.1744,3.013,good,0.004,3.73,0,0,0,0,35.82,3,0.0,,,
1107,2.4920,-0.1138,-0.0266,3.011,good,0.087,2.74,0,0,0,0,35.06,3,0.0,,,
1108,2.4920,-0.1145,0.1121,2.994,good,0.000,3.61,0,0,0,0,35.63,3,0.0,,,
1109,2.4920,-0.1125,-0.0594,2.971,good,0.003,2.37,0,0,0,0,35.46,3,0.0,,,
1110,2.4960,-0.1136,-0.0371,2.971,good,0.000,2.20,0,0,0,0,34.58,3,0.0,,,
1111,2.4960,-0.1129,0.0703,2.997,good,0.000,1.95,0,0,0,0,33.66,3,0.0,,,
1112,2.4960,-0.1089,0.0533,3.008,good,0.000,2.85,0,0,0,0,32.00,3,0.0,,,
1113,2.5000,-0.1140,-0.1975,3.000,black,1.000,50.40,1,1,1,0,32.05,3,3.2,6,1104,1104
1114,2.5040,-0.1147,-0.2120,2.924,broken,0.722,4.37,1,1,1,0,38.75,3,2.4,4|5,1095,1095
1115,2.5040,-0.1148,-0.0829,2.992,good,0.001,1.92,0,0,0,0,37.02,3,0.0,,,
1116,2.5040,-0.1126,0.2129,3.032,good,0.005,5.28,0,0,0,0,35.31,3,0.0,,,
1117,2.5080,-0.1108,-0.1254,3.450,good,0.000,2.11,0,0,0,0,23.66,3,0.0,,,
1118,2.5080,-0.1108,0.0602,3.000,insect,1.000,4.19,1,1,1,0,32.77,3,3.1,39,1103,1103
1120,2.5080,-0.1186,-0.0297,3.000,good,0.014,4.00,0,0,0,0,35.28,2,0.0,,,
1121,2.5080,-0.1169,0.1529,3.065,black,1.000,52.12,1,1,1,0,33.16,2,3.2,51,1111,1111
1119,2.5120,-0.1101,0.1410,3.004,good,0.000,2.17,0,0,0,0,34.58,3,0.0,,,
1122,2.5160,-0.1119,-0.0002,3.008,good,0.000,2.67,0,0,0,0,35.10,3,0.0,,,
1123,2.5160,-0.1166,-0.1054,2.998,good,0.000,2.30,0,0,0,0,36.85,2,0.0,,,
1126,2.5200,-0.1171,-0.0767,3.241,good,0.001,3.24,0,0,0,0,34.49,2,0.0,,,
1124,2.5240,-0.1162,0.0750,2.999,good,0.000,2.26,0,0,0,0,34.88,3,0.0,,,
1125,2.5240,-0.1138,-0.2130,2.993,good,0.000,2.50,0,0,0,0,34.18,3,0.0,,,
1129,2.5280,-0.1198,-0.0785,3.018,good,0.000,2.83,0,0,0,0,35.29,2,0.0,,,
1127,2.5320,-0.1169,0.0133,2.721,good,0.002,3.05,0,0,0,0,53.46,3,0.0,,,
1128,2.5320,-0.1106,0.1852,3.271,good,0.000,2.38,0,0,0,0,38.05,3,0.0,,,
1130,2.5320,-0.1187,-0.1239,3.201,good,0.002,4.59,0,0,0,0,41.94,2,0.0,,,
1134,2.5360,-0.1190,-0.1796,2.984,good,0.001,1.88,0,0,0,0,37.91,2,0.0,,,
1136,2.5360,-0.1058,-0.1201,3.000,good,0.002,4.55,0,0,0,0,33.12,1,0.0,,,
1131,2.5400,-0.1119,-0.0135,2.899,good,0.026,3.51,0,0,0,0,45.22,3,0.0,,,
1132,2.5400,-0.1089,0.0906,3.000,sour,1.000,16.17,1,1,1,0,41.69,3,3.2,43,1127,1127
1133,2.5400,-0.1098,-0.1090,2.855,good,0.000,3.01,0,0,0,0,45.47,3,0.0,,,
1135,2.5440,-0.1116,0.0871,2.971,good,0.000,2.07,0,0,0,0,35.55,3,0.0,,,
1137,2.5480,-0.1110,-0.0792,2.986,good,0.000,1.88,0,0,0,0,37.97,3,0.0,,,
1138,2.5480,-0.1092,-0.1248,3.000,good,0.000,2.24,0,0,0,0,36.99,3,0.0,,,
1139,2.5520,-0.1148,-0.0206,3.005,good,0.000,9.52,0,0,0,0,39.53,3,0.0,,,
1140,2.5520,-0.1104,-0.1080,3.112,good,0.000,1.57,0,0,0,0,35.61,3,0.0,,,
1141,2.5520,-0.1102,0.1418,2.957,good,0.011,3.36,0,0,0,0,39.08,3,0.0,,,
1143,2.5600,-0.1184,0.0970,3.003,good,0.001,2.22,0,0,0,0,39.97,2,0.0,,,
1142,2.5640,-0.1110,0.0638,3.064,good,0.000,2.47,0,0,0,0,32.01,3,0.0,,,
1144,2.5640,-0.1192,0.2013,3.209,good,0.010,2.34,0,0,0,0,31.38,2,0.0,,,
1145,2.5640,-0.1192,-0.0123,3.042,good,0.000,2.33,0,0,0,0,35.10,2,0.0,,,
1146,2.5640,-0.1187,0.0292,3.001,good,0.000,2.55,0,0,0,0,35.87,2,0.0,,,
1147,2.5720,-0.1146,-0.2420,3.001,black,1.000,50.86,1,1,1,0,37.64,3,3.2,1|0,1136,1136
1148,2.5720,-0.1145,-0.1029,2.999,good,0.000,3.70,0,0,0,0,37.57,3,0.0,,,
1150,2.5720,-0.1146,-0.1344,3.450,good,0.043,3.13,0,0,0,0,28.19,2,0.0,,,
1149,2.5760,-0.1111,0.0654,3.176,sour,1.000,40.63,1,1,1,0,30.70,3,3.2,40,1137,
1151,2.5800,-0.1100,0.0281,2.990,faded,1.000,4.00,1,1,1,0,34.94,3,3.2,35,1140,1140
1152,2.5840,-0.1139,0.0539,3.000,good,0.000,2.17,0,0,0,0,34.64,3,0.0,,,
1153,2.5840,-0.1118,0.1820,3.025,good,0.000,2.40,0,0,0,0,33.28,3,0.0,,,
1154,2.5840,-0.1099,0.0129,3.002,good,0.000,2.64,0,0,0,0,33.15,3,0.0,,,
1155,2.5880,-0.1195,-0.2347,2.500,good,0.002,8.60,0,0,0,0,52.50,3,0.0,,,
1156,2.5920,-0.1113,0.1199,2.999,good,0.032,3.17,0,0,0,0,38.25,3,0.0,,,
1157,2.5920,-0.1180,0.1692,3.021,good,0.000,2.89,0,0,0,0,39.90,2,0.0,,,
1160,2.5960,-0.1195,0.1572,3.001,good,0.000,2.36,0,0,0,0,34.64,2,0.0,,,
1161,2.5960,-0.1149,-0.2413,3.187,good,0.041,2.07,0,0,0,0,28.89,2,0.0,,,
1158,2.6000,-0.1133,0.2081,3.002,good,0.000,3.10,0,0,0,0,39.70,3,0.0,,,
1159,2.6000,-0.1103,0.2241,2.991,good,0.000,2.42,0,0,0,0,38.90,3,0.0,,,
1165,2.6000,-0.1191,0.0673,3.005,good,0.000,4.35,0,0,0,0,41.45,2,0.0,,,
1162,2.6040,-0.1146,0.0455,3.001,good,0.000,2.70,0,0,0,0,36.24,3,0.0,,,
1163,2.6040,-0.1093,-0.2004,2.993,faded,0.937,3.96,1,1,1,0,34.63,3,3.2,6,1143,
1164,2.6040,-0.1107,-0.1029,2.940,good,0.001,2.33,0,0,0,0,36.28,3,0.0,,,
1168,2.6080,-0.1161,-0.1023,3.004,good,0.000,2.40,0,0,0,0,41.54,2,0.0,,,
1166,2.6120,-0.1132,-0.0513,3.000,good,0.000,3.31,0,0,0,0,38.13,3,0.0,,,
1167,2.6120,-0.1113,0.1858,3.005,good,0.000,1.87,0,0,0,0,37.32,3,0.0,,,
1169,2.6240,-0.1140,0.0518,3.001,faded,0.990,3.74,1,1,1,0,40.71,3,3.2,38,1164,1164
1170,2.6240,-0.1082,-0.2116,3.002,good,0.001,2.71,0,0,0,0,38.67,3,0.0,,,
1177,2.6240,-0.1177,0.1657,2.999,good,0.000,2.08,0,0,0,0,41.83,2,0.0,,,
1171,2.6280,-0.1148,-0.0605,2.994,good,0.000,2.49,0,0,0,0,36.68,3,0.0,,,
1172,2.6280,-0.1143,-0.0516,3.001,good,0.000,2.64,0,0,0,0,36.30,3,0.0,,,
1173,2.6280,-0.1206,-0.1666,3.094,faded,0.619,6.88,1,1,1,0,32.13,2,3.2,10,,
1174,2.6280,-0.1110,-0.0226,3.077,good,0.000,2.59,0,0,0,0,33.36,3,0.0,,,
1175,2.6280,-0.1098,0.1535,3.070,good,0.002,2.18,0,0,0,0,33.05,3,0.0,,,
1176,2.6280,-0.1095,0.2349,2.985,good,0.000,2.76,0,0,0,0,34.89,3,0.0,,,
1180,2.6280,-0.1095,-0.1721,3.000,good,0.000,2.49,0,0,0,0,34.53,1,0.0,,,
1181,2.6280,-0.1071,-0.1636,3.000,faded,0.990,5.85,1,1,1,0,33.71,1,3.2,11|10,1160,1160
1178,2.6320,-0.1110,-0.1384,2.973,good,0.011,3.13,0,0,0,0,43.74,3,0.0,,,
1185,2.6320,-0.1029,-0.0572,3.000,good,0.001,6.27,0,0,0,0,40.42,1,0.0,,,
1179,2.6360,-0.1140,-0.1285,2.995,good,0.000,2.20,0,0,0,0,34.56,3,0.0,,,
1182,2.6400,-0.1125,-0.1306,3.189,broken,0.958,1.67,1,1,1,0,31.18,3,2.4,15,1170,1170
1183,2.6400,-0.1130,0.2060,3.002,good,0.000,4.47,0,0,0,0,35.40,3,0.0,,,
1184,2.6400,-0.1123,-0.1775,2.965,good,0.002,2.29,0,0,0,0,35.99,3,0.0,,,
1188,2.6400,-0.1187,0.2273,2.964,good,0.001,4.73,0,0,0,0,38.15,2,0.0,,,
1186,2.6440,-0.1148,0.0078,2.999,good,0.004,2.02,0,0,0,0,36.74,3,0.0,,,
1187,2.6440,-0.1108,0.1585,2.984,good,0.000,3.84,0,0,0,0,35.70,3,0.0,,,
1189,2.6480,-0.1105,0.0286,3.325,good,0.000,3.23,0,0,0,0,34.77,3,0.0,,,
1190,2.6480,-0.1107,0.0725,3.010,good,0.231,2.43,0,0,0,0,41.38,3,0.0,,,
1191,2.6480,-0.1164,-0.0657,2.997,good,0.312,3.05,0,0,0,0,43.53,2,0.0,,,
1193,2.6560,-0.1171,-0.0283,3.181,good,0.000,1.96,0,0,0,0,44.02,2,0.0,,,
1194,2.6560,-0.1172,0.1740,3.001,good,0.003,5.20,0,0,0,0,48.08,2,0.0,,,
1192,2.6600,-0.1145,0.0977,3.120,good,0.001,2.65,0,0,0,0,33.13,3,0.0,,,
1195,2.6640,-0.1160,-0.2412,2.999,good,0.000,1.78,0,0,0,0,37.96,3,0.0,,,
1196,2.6640,-0.1135,0.0073,3.026,good,0.000,3.96,0,0,0,0,36.44,3,0.0,,,
1197,2.6640,-0.1089,-0.0841,3.002,good,0.001,2.79,0,0,0,0,35.43,3,0.0,,,
1199,2.6640,-0.1194,-0.0236,3.141,good,0.000,3.18,0,0,0,0,35.66,2,0.0,,,
1200,2.6640,-0.1177,0.2208,3.007,good,0.002,4.37,0,0,0,0,38.17,2,0.0,,,
1198,2.6680,-0.1141,-0.0111,2.989,good,0.000,2.90,0,0,0,0,42.43,3,0.0,,,
1203,2.6720,-0.1199,0.1332,3.000,good,0.005,2.79,0,0,0,0,44.85,2,0.0,,,
1201,2.6760,-0.1185,-0.0196,2.535,insect,1.000,4.51,1,1,1,0,53.26,3,3.1,29,1188,
1202,2.6760,-0.1118,-0.1838,2.740,good,0.000,3.72,0,0,0,0,44.30,3,0.0,,,
1204,2.6800,-0.1136,-0.0862,2.994,good,0.000,3.05,0,0,0,0,47.21,3,0.0,,,
1209,2.6880,-0.1171,-0.1438,3.000,good,0.000,3.07,0,0,0,0,37.25,2,0.0,,,
1210,2.6880,-0.1114,-0.2137,3.054,broken,0.875,19.94,1,1,1,0,34.04,2,2.4,4,1197,1197
1205,2.6920,-0.1148,-0.1353,2.981,good,0.005,2.37,0,0,0,0,36.77,3,0.0,,,
1206,2.6920,-0.1114,-0.1832,2.988,good,0.001,2.57,0,0,0,0,35.41,3,0.0,,,
1207,2.6920,-0.1102,0.1836,2.949,black,1.000,50.52,1,1,1,0,35.89,3,3.2,55,1194,
1208,2.6920,-0.1080,0.1753,3.037,good,0.001,3.06,0,0,0,0,33.05,3,0.0,,,
1211,2.6960,-0.1185,-0.0942,2.997,good,0.001,1.86,0,0,0,0,35.36,2,0.0,,,
1212,2.7040,-0.1115,-0.0491,3.032,faded,0.864,4.11,1,1,1,0,38.91,3,3.2,25,1201,1201
1213,2.7040,-0.1096,0.1935,2.983,good,0.006,3.04,0,0,0,0,39.30,3,0.0,,,
1214,2.7040,-0.1100,0.1357,2.838,good,0.001,1.65,0,0,0,0,42.99,3,0.0,,,
1215,2.7080,-0.1159,-0.2325,2.951,good,0.000,1.85,0,0,0,0,34.75,3,0.0,,,
1216,2.7080,-0.1101,-0.0255,2.821,good,0.000,3.54,0,0,0,0,35.98,3,0.0,,,
1217,2.7120,-0.1139,-0.1823,3.168,good,0.000,2.52,0,0,0,0,31.15,3,0.0,,,
1219,2.7120,-0.1185,-0.1144,3.000,sour,1.000,20.89,1,1,1,0,36.42,2,3.2,17,1207,1207
1218,2.7160,-0.1123,-0.1300,2.722,good,0.002,2.66,0,0,0,0,40.15,3,0.0,,,
1220,2.7200,-0.1065,-0.0436,3.450,good,0.000,3.13,0,0,0,0,24.76,3,0.0,,,
1221,2.7240,-0.1134,-0.1498,3.091,good,0.000,4.29,0,0,0,0,29.53,3,0.0,,,
1222,2.7240,-0.1172,-0.0501,2.726,faded,1.000,5.34,1,1,1,0,40.14,3,3.2,25,1205,
1223,2.7240,-0.1110,-0.0352,3.000,good,0.019,2.86,0,0,0,0,30.72,3,0.0,,,
1224,2.7240,-0.1126,-0.0888,2.965,good,0.000,4.78,0,0,0,0,32.04,3,0.0,,,
1225,2.7240,-0.1089,0.2046,3.052,black,1.000,58.33,1,1,1,0,28.77,3,3.2,58|57,1213,
1226,2.7240,-0.1104,0.1009,2.664,good,0.000,2.32,0,0,0,0,39.27,3,0.0,,,
1227,2.7280,-0.1121,-0.0194,3.164,good,0.000,2.55,0,0,0,0,31.57,3,0.0,,,
1228,2.7360,-0.1099,-0.2136,3.177,good,0.052,2.92,0,0,0,0,40.34,3,0.0,,,
1229,2.7360,-0.1099,0.0351,3.000,faded,0.967,3.97,1,1,1,0,44.17,3,3.2,36,1210,1210
1230,2.7360,-0.1084,-0.0516,2.958,good,0.001,1.96,0,0,0,0,44.58,3,0.0,,,
1231,2.7400,-0.1140,0.0121,2.956,sour,1.000,13.13,1,1,1,0,34.01,3,3.2,33,1221,1221
1232,2.7400,-0.1159,0.1456,3.001,good,0.000,2.39,0,0,0,0,33.45,2,0.0,,,
1235,2.7440,-0.1193,-0.2188,3.143,sour,1.000,19.41,1,1,1,0,31.94,2,3.2,3|4,1220,
1236,2.7440,-0.1176,-0.0330,2.931,good,0.000,2.80,0,0,0,0,36.27,2,0.0,,,
1233,2.7480,-0.1129,-0.1471,3.029,good,0.276,4.74,0,0,0,0,32.78,3,0.0,,,
1234,2.7480,-0.1118,0.1759,2.889,good,0.000,2.51,0,0,0,0,35.78,3,0.0,,,
1237,2.7480,-0.1198,-0.1248,2.843,good,0.000,2.13,0,0,0,0,39.75,2,0.0,,,
1238,2.7480,-0.1190,0.1275,3.003,good,0.000,3.47,0,0,0,0,35.31,2,0.0,,,
1239,2.7520,-0.1188,-0.1850,3.196,good,0.010,2.26,0,0,0,0,38.96,2,0.0,,,
1240,2.7560,-0.1202,0.0286,3.009,broken,1.000,7.24,1,1,1,0,40.09,2,2.4,35,,
1246,2.7560,-0.1081,0.0321,3.000,broken,1.000,6.97,1,1,1,0,40.24,1,2.4,36|35,1230,
1241,2.7600,-0.1121,-0.1129,3.006,husk,1.000,12.84,1,1,1,0,41.40,3,2.4,17,1228,
1242,2.7600,-0.1129,0.0638,2.996,good,0.000,3.09,0,0,0,0,41.84,3,0.0,,,
1245,2.7600,-0.1189,0.2387,3.138,good,0.000,1.78,0,0,0,0,40.49,2,0.0,,,
1243,2.7640,-0.1084,-0.0879,3.141,good,0.232,3.55,0,0,0,0,41.01,3,0.0,,,
1244,2.7640,-0.1091,0.1571,2.999,good,0.000,2.75,0,0,0,0,44.32,3,0.0,,,
1247,2.7680,-0.1143,0.0434,2.939,good,0.000,3.29,0,0,0,0,33.98,3,0.0,,,
1248,2.7680,-0.1067,0.1679,3.372,good,0.000,3.41,0,0,0,0,22.28,3,0.0,,,
1250,2.7680,-0.1179,-0.2190,2.994,good,0.005,4.08,0,0,0,0,33.75,2,0.0,,,
1251,2.7680,-0.1260,0.1553,3.000,good,0.003,5.57,0,0,0,0,32.30,1,0.0,,,
1255,2.7680,-0.1125,0.1581,3.000,good,0.003,5.39,0,0,0,0,31.77,1,0.0,,,
1249,2.7720,-0.1116,0.2277,2.987,good,0.002,3.77,0,0,0,0,31.90,3,0.0,,,
1252,2.7760,-0.1133,0.1295,2.922,good,0.015,2.60,0,0,0,0,35.33,3,0.0,,,
1253,2.7760,-0.1098,-0.1084,2.994,faded,0.999,4.79,1,1,1,0,32.39,3,3.2,18|17,1235,1235
1254,2.7760,-0.1096,-0.0334,2.944,good,0.008,2.16,0,0,0,0,33.42,3,0.0,,,
1256,2.7800,-0.1170,0.1808,2.986,good,0.000,2.28,0,0,0,0,37.34,2,0.0,,,
1257,2.7800,-0.1170,0.0159,3.015,good,0.003,3.16,0,0,0,0,36.61,2,0.0,,,
1260,2.7840,-0.1170,-0.1292,2.850,faded,0.999,4.97,1,1,1,0,40.14,2,3.2,15,1239,1239
1258,2.7880,-0.1168,0.1318,2.711,good,0.100,4.19,0,0,0,0,43.38,3,0.0,,,
1259,2.7880,-0.1094,0.0113,2.976,good,0.000,2.91,0,0,0,0,33.70,3,0.0,,,
1261,2.7920,-0.1110,0.0446,2.994,good,0.000,2.05,0,0,0,0,34.81,3,0.0,,,
1264,2.7920,-0.1199,-0.0338,2.973,good,0.000,3.65,0,0,0,0,38.26,2,0.0,,,
1262,2.7960,-0.1122,-0.0728,2.999,good,0.214,3.65,0,0,0,0,36.54,3,0.0,,,
1263,2.7960,-0.1130,0.0547,2.929,good,0.000,2.91,0,0,0,0,38.44,3,0.0,,,
1265,2.7960,-0.1166,-0.1259,3.035,sour,1.000,25.16,1,1,1,0,37.05,2,3.2,15|16,1237,1237
1267,2.8000,-0.1180,0.1963,2.983,good,0.001,2.69,0,0,0,0,37.67,2,0.0,,,
1266,2.8040,-0.1134,-0.0963,3.235,good,0.037,3.07,0,0,0,0,28.98,3,0.0,,,
1268,2.8040,-0.1199,-0.1450,3.002,good,0.000,3.55,0,0,0,0,36.23,2,0.0,,,
1271,2.8080,-0.1174,0.2277,2.933,good,0.001,3.26,0,0,0,0,37.25,2,0.0,,,
1269,2.8120,-0.1173,-0.1913,2.909,good,0.001,2.81,0,0,0,0,38.38,3,0.0,,,
1270,2.8120,-0.1082,-0.1513,3.001,insect,1.000,2.77,1,1,1,0,33.01,3,3.1,12,1256,1256
1274,2.8120,-0.1181,0.1273,2.924,good,0.000,3.58,0,0,0,0,38.15,2,0.0,,,
1272,2.8160,-0.1153,0.0476,2.839,good,0.000,3.50,0,0,0,0,41.98,3,0.0,,,
1273,2.8160,-0.1107,-0.2053,2.877,good,0.000,1.51,0,0,0,0,39.34,3,0.0,,,
1275,2.8200,-0.1134,0.1365,3.000,good,0.000,2.22,0,0,0,0,37.60,3,0.0,,,
1276,2.8200,-0.1110,0.2184,2.883,good,0.001,3.72,0,0,0,0,39.58,3,0.0,,,
1277,2.8200,-0.1168,-0.1635,2.977,good,0.000,3.15,0,0,0,0,39.16,2,0.0,,,
1278,2.8280,-0.1127,0.0814,3.003,good,0.001,2.12,0,0,0,0,36.29,3,0.0,,,
1279,2.8280,-0.1129,-0.0167,3.012,good,0.000,2.69,0,0,0,0,36.01,3,0.0,,,
1281,2.8280,-0.1164,0.0586,3.063,good,0.000,2.77,0,0,0,0,35.94,2,0.0,,,
1280,2.8320,-0.1107,-0.0608,3.003,good,0.000,4.50,0,0,0,0,34.36,3,0.0,,,
1283,2.8320,-0.1041,0.0535,3.000,good,0.000,2.75,0,0,0,0,32.22,1,0.0,,,
1282,2.8400,-0.1145,0.1572,2.782,insect,1.000,5.21,1,1,1,0,49.15,3,3.1,52|51,1262,1262
1284,2.8400,-0.1166,0.2187,3.000,good,0.001,2.84,0,0,0,0,44.17,2,0.0,,,
1286,2.8440,-0.1199,-0.0712,3.006,good,0.000,5.61,0,0,0,0,41.26,2,0.0,,,
1287,2.8440,-0.1175,-0.0191,3.002,good,0.002,3.65,0,0,0,0,40.49,2,0.0,,,
1288,2.8440,-0.1153,-0.2045,2.997,good,0.001,3.29,0,0,0,0,39.82,2,0.0,,,
1289,2.8440,-0.1151,-0.1081,3.200,good,0.000,1.76,0,0,0,0,35.18,2,0.0,,,
1285,2.8480,-0.1118,-0.0303,3.018,good,0.002,3.43,0,0,0,0,40.00,3,0.0,,,
1291,2.8480,-0.1195,0.1201,2.979,good,0.000,2.07,0,0,0,0,43.48,2,0.0,,,
1290,2.8520,-0.1134,-0.0304,3.006,good,0.088,7.96,0,0,0,0,37.90,3,0.0,,,
1292,2.8560,-0.1118,0.0529,2.932,good,0.000,4.28,0,0,0,0,45.31,3,0.0,,,
1293,2.8600,-0.1086,-0.1185,2.999,good,0.000,2.21,0,0,0,0,40.99,3,0.0,,,
1296,2.8600,-0.1169,0.0860,2.998,good,0.011,6.26,0,0,0,0,43.75,2,0.0,,,
1294,2.8640,-0.1094,-0.1689,2.978,good,0.002,2.62,0,0,0,0,34.95,3,0.0,,,
1295,2.8640,-0.1100,0.0608,2.998,good,0.000,2.16,0,0,0,0,34.61,3,0.0,,,
1297,2.8640,-0.1191,-0.0754,2.987,sour,1.000,18.94,1,1,1,0,37.89,2,3.2,22,1293,1293
1298,2.8640,-0.1166,-0.0214,2.973,good,0.000,5.06,0,0,0,0,37.31,2,0.0,,,
1299,2.8720,-0.1131,0.1798,2.991,good,0.007,3.86,0,0,0,0,39.13,3,0.0,,,
1300,2.8720,-0.1119,0.0793,3.017,good,0.000,2.44,0,0,0,0,38.04,3,0.0,,,
1302,2.8720,-0.1163,-0.2189,2.982,good,0.000,3.52,0,0,0,0,40.28,2,0.0,,,
1301,2.8760,-0.1128,0.1201,3.000,good,0.000,1.61,0,0,0,0,42.41,3,0.0,,,
1303,2.8800,-0.1111,-0.1233,3.017,good,0.000,3.08,0,0,0,0,35.96,3,0.0,,,
1304,2.8840,-0.1166,0.0092,2.624,good,0.009,3.26,0,0,0,0,44.76,3,0.0,,,
1305,2.8840,-0.1125,0.0264,2.959,good,0.000,1.87,0,0,0,0,33.95,3,0.0,,,
1309,2.8840,-0.1190,0.2130,2.652,sour,1.000,23.59,1,1,1,0,44.67,2,3.2,59,1289,
1306,2.8880,-0.1170,0.1733,2.753,good,0.000,3.14,0,0,0,0,49.15,3,0.0,,,
1307,2.8880,-0.1151,0.0279,2.795,good,0.312,7.94,0,0,0,0,47.22,3,0.0,,,
1308,2.8880,-0.1137,-0.0372,2.963,good,0.000,3.18,0,0,0,0,42.33,3,0.0,,,
1310,2.8880,-0.1185,-0.0477,2.994,good,0.003,2.60,0,0,0,0,43.17,2,0.0,,,
1312,2.8920,-0.1148,-0.1045,3.163,good,0.000,2.39,0,0,0,0,29.88,2,0.0,,,
1311,2.8960,-0.1112,-0.0525,3.004,good,0.000,2.18,0,0,0,0,34.57,3,0.0,,,
1314,2.8960,-0.1162,-0.0120,3.450,good,0.000,2.59,0,0,0,0,26.85,2,0.0,,,
1313,2.9000,-0.1222,-0.1694,2.972,good,0.337,4.35,0,0,0,0,43.65,2,0.0,,,
1316,2.9000,-0.1168,-0.0799,2.964,good,0.001,2.76,0,0,0,0,46.00,2,0.0,,,
1317,2.9000,-0.1157,-0.0234,3.340,good,0.000,2.52,0,0,0,0,37.37,2,0.0,,,
1319,2.9000,-0.1103,-0.1656,3.000,good,0.032,4.13,0,0,0,0,42.88,1,0.0,,,
1315,2.9040,-0.1128,-0.0521,3.185,good,0.001,3.22,0,0,0,0,30.67,3,0.0,,,
1318,2.9080,-0.1102,0.1744,3.018,good,0.000,2.72,0,0,0,0,35.15,3,0.0,,,
1321,2.9120,-0.1171,0.1093,3.000,good,0.000,3.22,0,0,0,0,37.20,2,0.0,,,
1320,2.9160,-0.1115,0.0513,3.002,good,0.000,3.05,0,0,0,0,37.40,3,0.0,,,
1324,2.9160,-0.1166,0.1794,2.997,good,0.000,3.69,0,0,0,0,39.15,2,0.0,,,
1322,2.9200,-0.1153,0.1865,3.040,good,0.001,2.09,0,0,0,0,38.77,3,0.0,,,
1323,2.9200,-0.1125,0.0010,2.999,good,0.000,3.52,0,0,0,0,38.76,3,0.0,,,
1325,2.9240,-0.1151,-0.0216,3.035,sour,1.000,15.37,1,1,1,0,33.34,3,3.2,29,1312,
1326,2.9280,-0.1159,0.1505,3.001,good,0.011,2.35,0,0,0,0,37.22,3,0.0,,,
1329,2.9280,-0.1162,-0.0771,3.035,good,0.000,1.70,0,0,0,0,36.45,2,0.0,,,
1327,2.9320,-0.1128,0.0023,3.000,faded,0.998,4.43,1,1,1,0,35.74,3,3.2,32,1319,
1328,2.9320,-0.1356,-0.1535,3.000,good,0.012,8.02,0,0,0,0,35.32,1,0.0,,,
1331,2.9320,-0.1197,-0.1701,2.895,good,0.000,3.06,0,0,0,0,40.56,2,0.0,,,
1332,2.9320,-0.1176,-0.1084,2.997,good,0.000,3.60,0,0,0,0,37.27,2,0.0,,,
1333,2.9320,-0.1233,-0.1568,3.000,good,0.017,8.01,0,0,0,0,35.08,1,0.0,,,
1337,2.9320,-0.1109,-0.1601,3.000,good,0.016,8.01,0,0,0,0,34.95,1,0.0,,,
1330,2.9360,-0.1139,0.0789,2.980,good,0.000,2.82,0,0,0,0,36.19,3,0.0,,,
1336,2.9360,-0.1192,0.1760,2.990,good,0.000,1.67,0,0,0,0,37.69,2,0.0,,,
1334,2.9400,-0.1164,-0.0342,2.961,good,0.001,3.41,0,0,0,0,32.30,3,0.0,,,
1335,2.9400,-0.1335,-0.1728,3.000,good,0.004,2.94,0,0,0,0,29.06,1,0.0,,,
1339,2.9400,-0.1184,-0.2442,3.038,good,0.076,2.56,0,0,0,0,31.03,2,0.0,,,
1340,2.9400,-0.1167,0.1262,3.034,good,0.002,2.71,0,0,0,0,30.54,2,0.0,,,
1341,2.9400,-0.1247,-0.1700,3.000,good,0.010,2.99,0,0,0,0,30.02,1,0.0,,,
1346,2.9400,-0.1159,-0.1672,3.000,good,0.009,2.98,0,0,0,0,31.09,1,0.0,,,
1338,2.9440,-0.1138,-0.0951,3.004,good,0.000,2.94,0,0,0,0,35.98,3,0.0,,,
1344,2.9440,-0.1173,-0.1947,3.084,good,0.015,2.54,0,0,0,0,35.22,2,0.0,,,
1345,2.9440,-0.1192,0.0480,2.988,good,0.373,3.15,0,0,0,0,38.07,2,0.0,,,
1348,2.9440,-0.1072,-0.1643,3.000,good,0.003,2.90,0,0,0,0,33.75,1,0.0,,,
1342,2.9480,-0.1116,-0.1334,3.387,good,0.000,3.22,0,0,0,0,25.67,3,0.0,,,
1343,2.9480,-0.1084,0.1009,2.967,good,0.000,5.41,0,0,0,0,33.38,3,0.0,,,
1347,2.9520,-0.1106,0.0883,3.000,good,0.000,2.28,0,0,0,0,32.76,3,0.0,,,
1352,2.9560,-0.1199,0.0228,2.996,sour,1.000,17.01,1,1,1,0,35.46,2,3.2,34|35,1331,1331
1353,2.9560,-0.1170,-0.0320,2.999,good,0.000,1.76,0,0,0,0,34.36,2,0.0,,,
1349,2.9600,-0.1131,-0.2420,2.871,good,0.029,7.10,0,0,0,0,45.21,3,0.0,,,
1350,2.9600,-0.1083,0.1209,3.043,good,0.002,2.68,0,0,0,0,39.39,3,0.0,,,
1351,2.9600,-0.1093,0.0777,3.001,good,0.000,3.28,0,0,0,0,40.64,3,0.0,,,
1354,2.9680,-0.1152,0.1762,3.000,good,0.000,2.29,0,0,0,0,39.09,3,0.0,,,
1355,2.9680,-0.1123,0.1508,2.934,good,0.000,2.39,0,0,0,0,39.65,3,0.0,,,
1357,2.9680,-0.1171,-0.1150,3.006,insect,1.000,3.73,1,1,1,0,39.49,2,3.1,17,1332,1332
1356,2.9720,-0.1091,0.1158,3.027,good,0.003,4.88,0,0,0,0,35.28,3,0.0,,,
1359,2.9760,-0.1196,-0.0835,3.003,good,0.007,2.76,0,0,0,0,48.52,2,0.0,,,
1358,2.9800,-0.1111,-0.0300,2.838,sour,1.000,14.84,1,1,1,0,43.30,3,3.2,28|27,1326,
1360,2.9840,-0.1146,-0.1373,2.898,good,0.001,3.28,0,0,0,0,41.69,3,0.0,,,
1361,2.9880,-0.1109,0.0131,2.786,good,0.000,2.07,0,0,0,0,37.78,3,0.0,,,
1362,2.9920,-0.1130,0.1705,2.994,insect,1.000,7.81,1,1,1,0,31.29,3,3.1,53|54,1343,1343
1363,2.9920,-0.1117,-0.1946,3.007,good,0.000,1.94,0,0,0,0,30.45,3,0.0,,,
1364,2.9920,-0.1090,-0.0811,2.995,good,0.001,3.07,0,0,0,0,29.78,3,0.0,,,
1365,2.9960,-0.1111,-0.0370,3.003,black,1.000,48.03,1,1,1,0,44.55,3,3.2,27,1341,1341
1366,3.0000,-0.1138,0.1704,3.005,good,0.000,2.99,0,0,0,0,45.77,3,0.0,,,
1367,3.0000,-0.1101,0.2316,2.983,good,0.000,3.01,0,0,0,0,45.00,3,0.0,,,
1368,3.0040,-0.1140,0.0552,2.996,good,0.000,3.46,0,0,0,0,39.24,3,0.0,,,
1369,3.0040,-0.1055,-0.1230,3.410,insect,0.506,9.37,1,1,1,0,28.04,3,3.2,16,1362|1363,1363
1372,3.0040,-0.1185,0.0084,2.989,good,0.002,2.24,0,0,0,0,40.80,2,0.0,,,
1373,3.0040,-0.1172,-0.0610,2.941,good,0.000,2.75,0,0,0,0,41.51,2,0.0,,,
1374,3.0040,-0.1129,-0.1178,3.000,good,0.000,2.79,0,0,0,0,38.64,1,0.0,,,
1370,3.0080,-0.1153,0.0653,2.985,good,0.000,2.86,0,0,0,0,38.59,3,0.0,,,
1371,3.0080,-0.1133,-0.0959,2.892,good,0.000,2.40,0,0,0,0,40.17,3,0.0,,,
1375,3.0160,-0.1134,0.1321,2.979,good,0.000,1.98,0,0,0,0,43.25,3,0.0,,,
1376,3.0160,-0.1120,0.2092,2.994,good,0.000,3.55,0,0,0,0,42.32,3,0.0,,,
1377,3.0160,-0.1110,0.2320,3.049,good,0.000,2.46,0,0,0,0,40.68,3,0.0,,,
1380,3.0160,-0.1191,0.0598,2.982,good,0.000,7.84,0,0,0,0,44.89,2,0.0,,,
1378,3.0200,-0.1129,0.0095,3.158,good,0.001,2.88,0,0,0,0,31.50,3,0.0,,,
1379,3.0200,-0.1155,-0.0122,3.004,good,0.001,3.55,0,0,0,0,35.76,3,0.0,,,
1381,3.0240,-0.1139,0.0921,2.984,good,0.000,7.76,0,0,0,0,37.37,3,0.0,,,
1382,3.0240,-0.1086,-0.0972,2.935,good,0.000,3.21,0,0,0,0,36.71,3,0.0,,,
1383,3.0280,-0.1149,0.1633,3.012,good,0.001,7.18,0,0,0,0,37.45,3,0.0,,,
1384,3.0280,-0.1113,0.0635,3.314,good,0.000,2.91,0,0,0,0,29.80,3,0.0,,,
1385,3.0280,-0.1094,0.1322,3.409,good,0.000,2.19,0,0,0,0,27.43,3,0.0,,,
1386,3.0280,-0.1196,-0.2076,2.958,good,0.000,2.65,0,0,0,0,40.20,2,0.0,,,
1389,3.0360,-0.1183,0.1335,2.872,good,0.000,1.84,0,0,0,0,45.33,2,0.0,,,
1390,3.0360,-0.1166,-0.1330,3.088,good,0.001,2.88,0,0,0,0,39.40,2,0.0,,,
1387,3.0400,-0.1128,0.0699,3.002,good,0.000,8.78,0,0,0,0,41.92,3,0.0,,,
1388,3.0400,-0.1246,-0.1948,2.696,good,0.003,3.45,0,0,0,0,50.30,2,0.0,,,
1392,3.0400,-0.1139,-0.1915,3.000,good,0.006,3.63,0,0,0,0,42.26,1,0.0,,,
1391,3.0480,-0.1099,0.1671,3.005,good,0.000,2.14,0,0,0,0,34.56,3,0.0,,,
1396,3.0480,-0.1164,-0.0581,3.025,good,0.005,4.76,0,0,0,0,36.21,2,0.0,,,
1393,3.0520,-0.1153,0.2246,2.501,good,0.205,9.66,0,0,0,0,51.39,3,0.0,,,
1394,3.0520,-0.1083,-0.2115,3.231,good,0.006,11.97,0,0,0,0,29.72,3,0.0,,,
1395,3.0520,-0.1089,0.1609,2.983,sour,1.000,20.29,1,1,1,0,35.24,3,3.2,52,1370,1370
1398,3.0520,-0.1314,0.2266,3.000,good,0.285,9.69,0,0,0,0,38.31,1,0.0,,,
1397,3.0560,-0.1149,-0.0849,3.002,good,0.000,3.86,0,0,0,0,37.33,3,0.0,,,
1402,3.0560,-0.1192,-0.1317,2.992,faded,1.000,4.88,1,1,1,0,38.90,2,3.2,15|14,1385,1385
1399,3.0600,-0.1120,0.1061,3.134,good,0.000,2.38,0,0,0,0,34.29,3,0.0,,,
1400,3.0600,-0.1105,0.1262,2.894,black,1.000,51.41,1,1,1,0,39.29,3,3.2,48|47,1378,
1401,3.0600,-0.1083,0.1790,2.992,good,0.014,2.37,0,0,0,0,36.10,3,0.0,,,
1403,3.0640,-0.1124,-0.1901,3.033,good,0.004,2.85,0,0,0,0,39.31,3,0.0,,,
1405,3.0680,-0.1181,-0.0424,3.033,broken,0.902,2.24,1,1,1,0,43.40,2,2.4,26,1380,
1404,3.0720,-0.1150,-0.2286,2.618,good,0.000,3.17,0,0,0,0,43.44,3,0.0,,,
1407,3.0720,-0.1167,0.2307,2.997,good,0.000,2.18,0,0,0,0,33.56,2,0.0,,,
1406,3.0760,-0.1119,0.0364,2.999,good,0.000,3.34,0,0,0,0,44.90,3,0.0,,,
1409,3.0760,-0.1185,-0.0871,2.998,good,0.156,3.24,0,0,0,0,47.08,2,0.0,,,
1408,3.0800,-0.1118,0.1011,2.553,sour,1.000,17.16,1,1,1,0,50.10,3,3.2,44|45,1383,
1410,3.0800,-0.1155,0.2039,2.981,insect,1.000,4.08,1,1,1,0,39.30,2,3.1,58|57,1384,1384
1411,3.0840,-0.1169,0.0467,3.000,good,0.001,1.83,0,0,0,0,36.04,2,0.0,,,
1415,3.0880,-0.1188,-0.0911,2.994,good,0.004,2.25,0,0,0,0,47.20,2,0.0,,,
1412,3.0920,-0.1130,0.2420,3.004,sour,1.000,17.27,1,1,1,0,36.33,3,3.2,62|63,1388,1388
1413,3.0920,-0.1078,0.1406,3.392,faded,1.000,6.80,1,1,1,0,26.64,3,3.2,49|50,1408,
1414,3.0920,-0.1098,-0.2053,3.000,good,0.000,2.09,0,0,0,0,35.24,3,0.0,,,
1417,3.0920,-0.1113,-0.0485,3.001,good,0.021,12.50,0,0,0,0,35.71,2,0.0,,,
1418,3.0920,-0.1180,-0.0029,3.001,good,0.002,2.57,0,0,0,0,37.87,2,0.0,,,
1416,3.0960,-0.1153,-0.0025,2.995,good,0.000,4.08,0,0,0,0,37.24,3,0.0,,,
1419,3.1040,-0.1267,-0.2277,3.357,good,0.003,2.39,0,0,0,0,35.44,2,0.0,,,
1420,3.1040,-0.1194,0.1201,3.004,good,0.000,2.44,0,0,0,0,44.90,2,0.0,,,
1421,3.1040,-0.1165,0.0562,3.196,good,0.000,5.19,0,0,0,0,39.55,2,0.0,,,
1426,3.1040,-0.1132,-0.2309,3.000,good,0.003,2.35,0,0,0,0,42.89,1,0.0,,,
1425,3.1080,-0.1163,-0.2081,2.991,good,0.001,4.11,0,0,0,0,34.08,2,0.0,,,
1422,3.1120,-0.1145,0.0579,3.007,good,0.022,4.67,0,0,0,0,35.14,3,0.0,,,
1423,3.1120,-0.1117,-0.1170,2.927,good,0.002,2.74,0,0,0,0,36.05,3,0.0,,,
1424,3.1120,-0.1099,-0.0097,2.871,good,0.374,3.57,0,0,0,0,36.73,3,0.0,,,
1430,3.1120,-0.1171,-0.1928,3.010,good,0.000,1.63,0,0,0,0,35.67,2,0.0,,,
1427,3.1160,-0.1110,0.2005,2.998,insect,1.000,8.51,1,1,1,0,34.91,3,3.1,57,1406,1406
1428,3.1160,-0.1093,-0.0051,2.983,good,0.069,2.17,0,0,0,0,34.62,3,0.0,,,
1429,3.1160,-0.1079,0.1605,3.130,good,0.000,2.34,0,0,0,0,30.84,3,0.0,,,
1431,3.1200,-0.1080,-0.1343,3.147,good,0.028,3.80,0,0,0,0,20.28,3,0.0,,,
1432,3.1240,-0.1396,-0.0652,3.000,good,0.002,2.91,0,0,0,0,37.67,1,0.0,,,
1435,3.1240,-0.1193,0.1798,2.991,good,0.004,2.67,0,0,0,0,38.99,2,0.0,,,
1436,3.1240,-0.1303,-0.0613,3.000,good,0.003,2.94,0,0,0,0,38.41,1,0.0,,,
1433,3.1280,-0.1163,-0.0087,2.753,good,0.001,2.17,0,0,0,0,40.68,3,0.0,,,
1434,3.1280,-0.1107,-0.2052,3.010,good,0.000,1.87,0,0,0,0,32.05,3,0.0,,,
1439,3.1280,-0.1172,-0.2396,3.002,good,0.000,2.03,0,0,0,0,34.34,2,0.0,,,
1440,3.1280,-0.1210,-0.0574,3.000,good,0.015,3.06,0,0,0,0,31.66,1,0.0,,,
1442,3.1280,-0.1117,-0.0534,3.000,good,0.014,3.02,0,0,0,0,32.54,1,0.0,,,
1437,3.1320,-0.1092,0.0451,2.996,good,0.002,4.85,0,0,0,0,31.81,3,0.0,,,
1438,3.1320,-0.1081,-0.0892,3.030,good,0.000,2.64,0,0,0,0,30.61,3,0.0,,,
1444,3.1320,-0.1024,-0.0495,3.000,good,0.001,2.93,0,0,0,0,29.36,1,0.0,,,
1441,3.1360,-0.1094,-0.0867,2.999,faded,1.000,5.30,1,1,1,0,44.14,3,3.2,20|21,1424,1424
1443,3.1400,-0.1127,0.0626,3.007,good,0.000,2.37,0,0,0,0,35.54,3,0.0,,,
1445,3.1440,-0.1099,0.1080,3.014,good,0.001,2.88,0,0,0,0,31.89,3,0.0,,,
1446,3.1440,-0.1112,0.1860,2.739,good,0.199,4.05,0,0,0,0,39.28,3,0.0,,,
1448,3.1440,-0.1165,-0.0668,3.001,good,0.000,2.53,0,0,0,0,34.28,2,0.0,,,
1447,3.1480,-0.1108,0.1134,3.208,good,0.010,3.04,0,0,0,0,29.82,3,0.0,,,
1449,3.1480,-0.1189,0.1963,2.917,good,0.055,7.06,0,0,0,0,39.09,2,0.0,,,
1450,3.1520,-0.1166,-0.0520,3.004,good,0.000,3.84,0,0,0,0,35.80,2,0.0,,,
1451,3.1600,-0.1139,-0.1331,2.945,good,0.000,2.55,0,0,0,0,37.94,3,0.0,,,
1452,3.1600,-0.1085,-0.1090,2.972,good,0.071,3.34,0,0,0,0,35.41,3,0.0,,,
1453,3.1600,-0.1079,0.1019,3.184,good,0.000,3.35,0,0,0,0,30.49,3,0.0,,,
1456,3.1640,-0.1181,0.0687,2.999,good,0.013,3.12,0,0,0,0,35.13,2,0.0,,,
1454,3.1680,-0.1253,-0.1310,3.108,insect,1.000,5.77,1,1,1,0,34.70,2,3.1,15,,
1455,3.1680,-0.1126,0.1674,2.997,good,0.000,2.57,0,0,0,0,37.05,3,0.0,,,
1463,3.1680,-0.1129,-0.1357,3.000,insect,1.000,5.68,1,1,1,0,37.06,1,3.1,14,1456,
1457,3.1720,-0.1159,-0.2281,2.892,good,0.000,2.29,0,0,0,0,37.77,3,0.0,,,
1458,3.1720,-0.1095,0.0855,2.996,good,0.000,2.43,0,0,0,0,32.98,3,0.0,,,
1459,3.1720,-0.1087,-0.0626,3.002,good,0.050,3.43,0,0,0,0,32.52,3,0.0,,,
1461,3.1720,-0.1188,0.0098,3.000,good,0.000,2.53,0,0,0,0,35.90,2,0.0,,,
1462,3.1720,-0.1181,-0.0738,3.003,good,0.000,1.51,0,0,0,0,35.55,2,0.0,,,
1460,3.1760,-0.1129,-0.0606,3.000,good,0.000,2.67,0,0,0,0,45.07,3,0.0,,,
1464,3.1800,-0.1153,0.1247,2.943,insect,1.000,5.22,1,1,1,0,36.55,3,3.1,47|48,1435,
1465,3.1800,-0.1084,0.2137,2.993,good,0.001,2.66,0,0,0,0,32.92,3,0.0,,,
1466,3.1840,-0.1150,-0.0347,3.021,good,0.000,2.33,0,0,0,0,39.51,3,0.0,,,
1467,3.1840,-0.1109,-0.2335,3.083,sour,1.000,24.44,1,1,1,0,36.71,3,3.2,2|1,1449,
1469,3.1920,-0.1192,-0.1797,2.867,good,0.008,2.28,0,0,0,0,40.49,2,0.0,,,
1468,3.1960,-0.1150,0.1235,2.999,good,0.000,4.44,0,0,0,0,33.06,3,0.0,,,
1471,3.1960,-0.1197,-0.0203,2.694,good,0.000,2.52,0,0,0,0,42.86,2,0.0,,,
1472,3.1960,-0.1171,-0.1280,3.076,good,0.000,1.65,0,0,0,0,31.84,2,0.0,,,
1473,3.1960,-0.1170,-0.1436,3.079,good,0.000,2.37,0,0,0,0,31.71,2,0.0,,,
1470,3.2000,-0.1141,0.0379,3.008,good,0.288,4.04,0,0,0,0,38.17,3,0.0,,,
1474,3.2040,-0.1138,-0.0369,3.003,good,0.000,1.98,0,0,0,0,35.92,3,0.0,,,
1475,3.2040,-0.1114,-0.0248,3.105,good,0.000,2.68,0,0,0,0,32.76,3,0.0,,,
1476,3.2040,-0.1125,0.0822,2.993,good,0.000,2.04,0,0,0,0,35.63,3,0.0,,,
1477,3.2040,-0.1097,-0.0891,2.909,good,0.000,2.72,0,0,0,0,36.69,3,0.0,,,
1478,3.2080,-0.1179,-0.1939,2.495,good,0.000,2.80,0,0,0,0,45.48,3,0.0,,,
1481,3.2080,-0.1199,-0.0686,2.982,good,0.000,2.69,0,0,0,0,31.83,2,0.0,,,
1479,3.2120,-0.1156,0.0458,2.941,good,0.225,2.59,0,0,0,0,35.19,3,0.0,,,
1480,3.2120,-0.1132,0.0176,2.996,good,0.006,3.40,0,0,0,0,32.98,3,0.0,,,
1484,3.2120,-0.1189,-0.1438,3.104,good,0.001,4.16,0,0,0,0,32.31,2,0.0,,,
1485,3.2120,-0.1079,-0.1908,3.000,good,0.000,2.50,0,0,0,0,31.08,1,0.0,,,
1482,3.2160,-0.1267,-0.0968,2.635,good,0.000,3.76,0,0,0,0,44.50,2,0.0,,,
1483,3.2160,-0.1116,0.0239,2.744,good,0.000,1.76,0,0,0,0,39.53,3,0.0,,,
1489,3.2160,-0.1162,-0.0935,3.000,good,0.000,3.48,0,0,0,0,34.45,1,0.0,,,
1487,3.2200,-0.1184,-0.0433,2.940,good,0.420,3.49,0,0,0,0,35.90,2,0.0,,,
1488,3.2200,-0.1162,0.1684,3.128,good,0.000,3.18,0,0,0,0,30.71,2,0.0,,,
1486,3.2240,-0.1106,0.2065,3.039,good,0.001,2.02,0,0,0,0,33.48,3,0.0,,,
1493,3.2240,-0.1199,-0.2214,3.009,black,1.000,52.11,1,1,1,0,37.20,2,3.2,3,1467,1467
1495,3.2240,-0.1186,-0.1591,3.000,good,0.000,3.71,0,0,0,0,36.92,2,0.0,,,
1490,3.2280,-0.1136,0.0238,2.927,good,0.000,2.73,0,0,0,0,38.63,3,0.0,,,
1491,3.2280,-0.1131,0.1950,3.005,good,0.000,2.29,0,0,0,0,36.53,3,0.0,,,
1492,3.2280,-0.1089,-0.1334,2.911,good,0.014,2.74,0,0,0,0,37.31,3,0.0,,,
1494,3.2280,-0.1100,-0.0635,2.698,good,0.000,3.65,0,0,0,0,43.36,3,0.0,,,
1496,3.2320,-0.1266,0.0550,3.421,good,0.000,2.96,0,0,0,0,26.32,2,0.0,,,
1498,3.2320,-0.1172,-0.2352,2.998,good,0.009,2.42,0,0,0,0,36.46,2,0.0,,,
1499,3.2320,-0.1116,-0.1585,3.450,good,0.000,3.19,0,0,0,0,25.28,2,0.0,,,
1504,3.2320,-0.1129,0.0512,3.000,good,0.000,2.92,0,0,0,0,34.92,1,0.0,,,
1497,3.2360,-0.1085,0.0702,3.145,broken,0.971,6.44,1,1,1,0,29.49,3,2.4,40|41,1470,
1502,3.2360,-0.1198,0.2149,3.000,good,0.003,3.54,0,0,0,0,36.40,2,0.0,,,
1503,3.2360,-0.1179,-0.2200,3.024,good,0.001,4.28,0,0,0,0,35.13,2,0.0,,,
1500,3.2400,-0.1108,-0.0778,3.020,good,0.007,2.46,0,0,0,0,33.82,3,0.0,,,
1501,3.2400,-0.1232,0.1780,3.016,good,0.001,3.27,0,0,0,0,33.98,2,0.0,,,
1505,3.2400,-0.1112,0.1738,3.000,good,0.001,3.21,0,0,0,0,34.34,1,0.0,,,
1506,3.2520,-0.1174,0.0227,2.993,good,0.001,2.02,0,0,0,0,39.80,2,0.0,,,
1507,3.2600,-0.1155,0.0249,3.003,good,0.000,3.60,0,0,0,0,40.74,3,0.0,,,
1508,3.2640,-0.1151,-0.0439,2.871,good,0.073,3.59,0,0,0,0,39.96,3,0.0,,,
1509,3.2640,-0.1098,0.1939,3.008,good,0.000,2.07,0,0,0,0,34.73,3,0.0,,,
1510,3.2680,-0.1098,0.2121,3.038,good,0.003,3.33,0,0,0,0,33.88,3,0.0,,,
1511,3.2720,-0.1131,-0.1592,3.004,good,0.000,2.22,0,0,0,0,35.62,3,0.0,,,
1512,3.2720,-0.1121,0.0543,2.997,good,0.000,4.19,0,0,0,0,35.42,3,0.0,,,
1513,3.2720,-0.1111,0.1660,3.071,good,0.001,3.32,0,0,0,0,33.33,3,0.0,,,
1514,3.2720,-0.1083,0.1142,3.095,good,0.001,2.27,0,0,0,0,31.85,3,0.0,,,
1517,3.2720,-0.1183,-0.1256,3.029,good,0.002,2.50,0,0,0,0,36.59,2,0.0,,,
1515,3.2760,-0.1112,0.1702,2.655,good,0.004,4.74,0,0,0,0,43.55,3,0.0,,,
1516,3.2760,-0.1093,0.2422,3.003,good,0.001,3.33,0,0,0,0,33.67,3,0.0,,,
1519,3.2760,-0.1272,0.1727,3.000,good,0.001,2.89,0,0,0,0,35.69,1,0.0,,,
1518,3.2800,-0.1098,-0.0977,2.964,sour,1.000,28.65,1,1,1,0,36.61,3,3.2,19,1492,1492
1523,3.2800,-0.1172,0.1616,3.042,good,0.000,2.48,0,0,0,0,37.12,2,0.0,,,
1520,3.2840,-0.1154,-0.2052,2.994,good,0.000,2.57,0,0,0,0,36.94,3,0.0,,,
1521,3.2840,-0.1116,-0.0145,2.990,good,0.002,2.93,0,0,0,0,35.72,3,0.0,,,
1522,3.2840,-0.1127,-0.1106,2.450,good,0.001,1.45,0,0,0,0,51.71,3,0.0,,,
1524,3.2880,-0.1118,0.1911,2.998,good,0.000,2.19,0,0,0,0,32.71,3,0.0,,,
1525,3.2920,-0.1190,-0.1964,3.008,husk,1.000,59.67,1,1,1,0,40.62,3,2.4,6|7,1498,1498
1526,3.2920,-0.1121,-0.0745,3.097,good,0.000,2.52,0,0,0,0,36.22,3,0.0,,,
1527,3.2920,-0.1254,0.1386,2.826,broken,1.000,14.02,1,1,1,0,43.45,2,2.4,49,,
1529,3.2920,-0.1141,0.1348,3.000,broken,1.000,12.41,1,1,1,0,39.03,1,2.4,49,1490,
1528,3.2960,-0.1090,-0.0797,3.043,good,0.002,2.68,0,0,0,0,33.07,3,0.0,,,
1530,3.3040,-0.1159,-0.0605,3.003,insect,1.000,9.27,1,1,1,0,39.21,3,3.1,24,1499,1499
1533,3.3120,-0.1195,-0.2006,3.027,good,0.001,3.40,0,0,0,0,37.97,2,0.0,,,
1531,3.3160,-0.1122,0.0390,3.000,good,0.001,3.48,0,0,0,0,43.69,3,0.0,,,
1532,3.3160,-0.1098,0.2212,2.963,good,0.001,1.92,0,0,0,0,43.68,3,0.0,,,
1536,3.3160,-0.1190,-0.1134,2.998,good,0.000,2.16,0,0,0,0,45.88,2,0.0,,,
1537,3.3160,-0.1176,-0.1868,3.037,good,0.000,3.07,0,0,0,0,44.43,2,0.0,,,
1534,3.3200,-0.1127,-0.2249,3.012,good,0.000,3.65,0,0,0,0,33.67,3,0.0,,,
1535,3.3200,-0.1085,0.1852,2.945,good,0.000,2.34,0,0,0,0,33.79,3,0.0,,,
1538,3.3200,-0.1196,-0.0930,2.947,good,0.000,2.47,0,0,0,0,37.48,2,0.0,,,
1540,3.3240,-0.1172,0.0309,3.025,faded,0.524,3.83,1,1,1,0,38.51,2,3.2,35|36,1507,1507
1541,3.3240,-0.1164,0.1500,3.079,good,0.000,2.51,0,0,0,0,36.92,2,0.0,,,
1539,3.3280,-0.1123,0.1833,3.027,black,1.000,50.71,1,1,1,0,41.41,3,3.2,55,1506,
1542,3.3320,-0.1148,0.1293,2.920,good,0.000,2.02,0,0,0,0,36.19,3,0.0,,,
1543,3.3360,-0.1151,-0.1775,2.996,good,0.000,3.36,0,0,0,0,33.88,3,0.0,,,
1544,3.3360,-0.1101,-0.2140,3.037,good,0.000,2.54,0,0,0,0,31.22,3,0.0,,,
1546,3.3360,-0.1154,-0.0239,3.002,good,0.003,2.86,0,0,0,0,33.73,2,0.0,,,
1545,3.3400,-0.1117,-0.1377,2.986,good,0.000,3.00,0,0,0,0,34.40,3,0.0,,,
1547,3.3440,-0.1122,-0.0964,2.988,good,0.000,2.48,0,0,0,0,34.91,3,0.0,,,
1548,3.3440,-0.1123,-0.0708,2.934,good,0.001,2.91,0,0,0,0,36.16,3,0.0,,,
1549,3.3440,-0.1113,0.0345,2.996,good,0.000,2.46,0,0,0,0,34.32,3,0.0,,,
1550,3.3480,-0.1139,0.0641,3.086,good,0.226,3.34,0,0,0,0,38.76,3,0.0,,,
1551,3.3480,-0.1076,-0.1783,3.217,sour,1.000,16.51,1,1,1,0,33.93,3,3.2,9|8,1521,
1552,3.3520,-0.1091,0.0363,2.994,good,0.000,2.41,0,0,0,0,40.77,3,0.0,,,
1554,3.3520,-0.1192,-0.0537,2.987,good,0.000,2.74,0,0,0,0,44.25,2,0.0,,,
1553,3.3560,-0.1282,0.0623,2.606,sour,1.000,17.83,1,1,1,0,47.60,2,3.2,39|40,,
1560,3.3560,-0.1179,0.1291,3.002,good,0.208,4.34,0,0,0,0,36.53,2,0.0,,,
1563,3.3560,-0.1178,0.0580,3.000,sour,1.000,17.31,1,1,1,0,36.52,1,3.2,39,1504,
1564,3.3560,-0.1144,-0.0273,3.000,good,0.026,4.89,0,0,0,0,35.38,1,0.0,,,
1555,3.3600,-0.1142,-0.1351,2.997,good,0.000,3.86,0,0,0,0,37.18,3,0.0,,,
1556,3.3600,-0.1118,0.2099,2.998,sour,1.000,14.87,1,1,1,0,36.32,3,3.2,58|59,1532,1532
1557,3.3600,-0.1102,-0.1921,2.999,good,0.019,2.94,0,0,0,0,35.70,3,0.0,,,
1558,3.3600,-0.1082,-0.1525,3.003,good,0.001,4.04,0,0,0,0,34.90,3,0.0,,,
1559,3.3600,-0.1342,-0.0274,3.000,good,0.041,4.92,0,0,0,0,35.62,1,0.0,,,
1562,3.3600,-0.1175,-0.0737,3.011,good,0.004,1.94,0,0,0,0,37.76,2,0.0,,,
1561,3.3640,-0.1160,0.2022,3.000,good,0.000,2.31,0,0,0,0,34.05,3,0.0,,,
1568,3.3640,-0.1186,0.1550,2.870,good,0.000,2.38,0,0,0,0,38.18,2,0.0,,,
1565,3.3680,-0.1123,-0.1492,2.944,good,0.001,3.05,0,0,0,0,45.78,3,0.0,,,
1566,3.3680,-0.1117,0.1123,2.948,black,1.000,46.20,1,1,1,0,45.40,3,3.2,46,1525,1525
1567,3.3680,-0.1106,-0.0698,2.982,good,0.002,1.81,0,0,0,0,44.16,3,0.0,,,
1569,3.3680,-0.1168,-0.1724,3.002,good,0.001,3.21,0,0,0,0,45.70,2,0.0,,,
1570,3.3760,-0.1144,-0.1138,3.001,sour,1.000,20.73,1,1,1,0,37.94,3,3.2,17,1545,1545
1571,3.3800,-0.1100,0.0033,3.067,faded,1.000,6.38,1,1,1,0,33.68,3,3.2,32,1538,1538
1573,3.3840,-0.1159,0.0273,3.006,good,0.001,2.68,0,0,0,0,38.63,2,0.0,,,
1574,3.3840,-0.1145,0.1470,2.997,good,0.014,4.85,0,0,0,0,38.33,2,0.0,,,
1572,3.3880,-0.1117,0.0054,3.014,insect,1.000,5.05,1,1,1,0,33.47,3,3.1,32,1550,1550
1575,3.3920,-0.1105,0.2196,2.998,good,0.002,2.54,0,0,0,0,33.35,3,0.0,,,
1576,3.3960,-0.1133,-0.0265,3.003,good,0.000,2.25,0,0,0,0,35.64,3,0.0,,,
1579,3.3960,-0.1162,0.1010,3.174,good,0.045,3.69,0,0,0,0,32.70,2,0.0,,,
1577,3.4000,-0.1149,0.0952,3.017,good,0.000,3.05,0,0,0,0,35.16,3,0.0,,,
1578,3.4000,-0.1080,0.2115,3.095,good,0.000,2.75,0,0,0,0,31.09,3,0.0,,,
1582,3.4000,-0.1197,0.2068,3.011,good,0.001,3.80,0,0,0,0,36.79,2,0.0,,,
1580,3.4040,-0.1158,-0.1241,2.859,good,0.001,3.71,0,0,0,0,41.64,3,0.0,,,
1581,3.4040,-0.1146,0.0961,2.999,good,0.001,1.90,0,0,0,0,37.66,3,0.0,,,
1583,3.4080,-0.1144,-0.0953,3.010,sour,1.000,16.19,1,1,1,0,31.50,3,3.2,19|20,1546,1546
1584,3.4080,-0.1110,-0.2325,2.797,good,0.010,2.93,0,0,0,0,35.64,3,0.0,,,
1585,3.4080,-0.1093,0.1892,2.997,broken,0.530,4.80,1,1,1,0,29.99,3,2.4,56,1558,1558
1586,3.4120,-0.1254,-0.0946,3.257,good,0.002,2.52,0,0,0,0,27.61,2,0.0,,,
1594,3.4120,-0.1124,-0.0981,3.000,good,0.000,2.15,0,0,0,0,33.19,1,0.0,,,
1587,3.4160,-0.1140,-0.0329,3.116,good,0.000,2.55,0,0,0,0,28.56,3,0.0,,,
1588,3.4160,-0.1144,-0.1413,2.998,good,0.002,2.48,0,0,0,0,31.33,3,0.0,,,
1589,3.4160,-0.1128,0.1784,2.997,good,0.000,2.48,0,0,0,0,30.77,3,0.0,,,
1590,3.4200,-0.1157,-0.1523,3.000,good,0.000,3.83,0,0,0,0,37.63,3,0.0,,,
1591,3.4200,-0.1148,0.0849,3.002,good,0.000,2.13,0,0,0,0,37.22,3,0.0,,,
1592,3.4200,-0.1131,0.2042,3.001,faded,0.998,5.47,1,1,1,0,36.62,3,3.2,58|57,1560,1560
1593,3.4200,-0.1109,-0.1179,2.997,good,0.005,2.78,0,0,0,0,35.93,3,0.0,,,
1595,3.4240,-0.1121,-0.2000,3.003,good,0.000,5.43,0,0,0,0,37.03,3,0.0,,,
1596,3.4320,-0.1146,-0.0349,3.004,good,0.070,3.92,0,0,0,0,45.77,3,0.0,,,
1597,3.4320,-0.1143,-0.1593,3.003,good,0.000,1.76,0,0,0,0,45.62,3,0.0,,,
1598,3.4320,-0.1089,-0.1902,3.001,good,0.000,1.90,0,0,0,0,43.86,3,0.0,,,
1599,3.4360,-0.1137,0.0050,2.994,good,0.055,3.02,0,0,0,0,35.63,3,0.0,,,
1601,3.4400,-0.1185,-0.1618,2.867,good,0.014,2.98,0,0,0,0,39.84,2,0.0,,,
1600,3.4440,-0.1145,-0.2254,3.000,good,0.007,2.21,0,0,0,0,35.72,3,0.0,,,
1603,3.4440,-0.1154,0.1727,3.123,good,0.074,6.34,0,0,0,0,33.15,2,0.0,,,
1602,3.4480,-0.1142,0.1184,2.997,good,0.007,6.32,0,0,0,0,40.27,3,0.0,,,
1605,3.4480,-0.1197,0.0574,3.262,good,0.000,2.43,0,0,0,0,36.11,2,0.0,,,
1604,3.4520,-0.1103,0.0777,3.038,good,0.000,3.56,0,0,0,0,34.10,3,0.0,,,
1606,3.4560,-0.1154,0.1408,2.929,good,0.007,4.88,0,0,0,0,39.57,3,0.0,,,
1607,3.4600,-0.1152,-0.1366,3.033,good,0.000,2.16,0,0,0,0,37.09,3,0.0,,,
1608,3.4600,-0.1185,-0.2016,3.000,good,0.000,2.40,0,0,0,0,38.92,2,0.0,,,
1609,3.4600,-0.1175,-0.1593,3.000,good,0.000,2.41,0,0,0,0,38.54,2,0.0,,,
1610,3.4600,-0.1160,0.0707,3.002,black,1.000,47.48,1,1,1,0,37.98,2,3.2,41|40,1586,1586
1615,3.4640,-0.1194,-0.1282,2.994,insect,1.000,4.03,1,1,1,0,35.73,2,3.1,15,1581,
1616,3.4640,-0.1186,0.0269,2.996,broken,0.997,2.23,1,1,1,0,35.31,2,2.4,35,1575,1575
1611,3.4680,-0.1102,-0.2180,3.003,good,0.002,10.09,0,0,0,0,32.05,3,0.0,,,
1612,3.4680,-0.1127,-0.0156,3.059,good,0.000,3.10,0,0,0,0,31.53,3,0.0,,,
1613,3.4680,-0.1125,0.1833,3.012,good,0.000,2.25,0,0,0,0,32.50,3,0.0,,,
1614,3.4680,-0.1110,-0.2367,3.001,broken,0.808,3.85,1,1,1,0,32.22,3,2.4,1,1585,1585
1617,3.4680,-0.1184,0.0430,3.013,good,0.000,3.02,0,0,0,0,34.30,2,0.0,,,
1618,3.4680,-0.1184,0.0835,2.999,good,0.002,2.43,0,0,0,0,34.63,2,0.0,,,
1619,3.4680,-0.1169,-0.1725,2.995,good,0.005,1.98,0,0,0,0,34.18,2,0.0,,,
1621,3.4760,-0.1200,-0.1635,2.999,good,0.000,1.82,0,0,0,0,41.97,2,0.0,,,
1620,3.4800,-0.1147,0.2278,2.998,good,0.017,4.64,0,0,0,0,36.58,3,0.0,,,
1626,3.4800,-0.1199,0.1049,3.000,black,1.000,50.48,1,1,1,0,38.25,1,3.2,45,1600,
1622,3.4840,-0.1371,0.1119,3.000,black,1.000,50.63,1,1,1,0,33.47,1,3.2,46,,
1623,3.4840,-0.1109,-0.0383,3.014,good,0.004,2.77,0,0,0,0,32.27,3,0.0,,,
1628,3.4840,-0.1027,0.0977,3.000,black,1.000,50.53,1,1,1,0,29.86,1,3.2,44,1600,
1624,3.4880,-0.1143,-0.1747,2.991,good,0.000,2.62,0,0,0,0,37.27,3,0.0,,,
1625,3.4880,-0.1081,0.1954,2.987,good,0.103,2.80,0,0,0,0,35.19,3,0.0,,,
1627,3.4920,-0.1115,0.1498,2.987,insect,1.000,12.46,1,1,1,0,35.47,3,3.1,51|50,1596,1596
1629,3.4960,-0.1148,-0.2216,3.020,sour,1.000,21.42,1,1,1,0,44.62,3,3.2,3,1610,1610
1630,3.4960,-0.1138,0.0284,2.981,good,0.000,3.44,0,0,0,0,45.14,3,0.0,,,
1634,3.4960,-0.1150,0.2120,3.034,good,0.001,4.70,0,0,0,0,44.22,2,0.0,,,
1631,3.5000,-0.1154,0.0380,3.024,good,0.010,2.61,0,0,0,0,36.03,3,0.0,,,
1632,3.5000,-0.1148,0.0539,2.799,good,0.003,2.26,0,0,0,0,41.46,3,0.0,,,
1633,3.5000,-0.1129,0.2311,2.999,good,0.000,2.19,0,0,0,0,35.66,3,0.0,,,
1635,3.5040,-0.1144,-0.0733,2.994,good,0.003,2.77,0,0,0,0,34.05,3,0.0,,,
1636,3.5040,-0.1132,-0.0094,3.005,good,0.001,2.91,0,0,0,0,33.35,3,0.0,,,
1637,3.5040,-0.1075,0.0022,3.339,stone,1.000,7.03,1,1,1,0,24.48,3,9.1,32|31|33,1597,1597
1639,3.5080,-0.1162,0.0732,3.315,good,0.140,3.83,0,0,0,0,37.75,2,0.0,,,
1638,3.5120,-0.1131,-0.0605,3.093,good,0.000,3.13,0,0,0,0,43.53,3,0.0,,,
1641,3.5120,-0.1191,0.0700,3.379,good,0.000,2.43,0,0,0,0,39.40,2,0.0,,,
1644,3.5120,-0.1029,0.0765,3.000,good,0.147,3.94,0,0,0,0,42.20,1,0.0,,,
1640,3.5160,-0.1134,0.1869,3.005,good,0.000,2.84,0,0,0,0,38.20,3,0.0,,,
1642,3.5160,-0.1078,0.1376,3.107,good,0.000,2.75,0,0,0,0,33.99,3,0.0,,,
1643,3.5160,-0.1171,0.2153,3.000,good,0.001,2.89,0,0,0,0,39.45,2,0.0,,,
1645,3.5240,-0.1103,0.1557,3.010,good,0.001,2.69,0,0,0,0,37.81,3,0.0,,,
1648,3.5240,-0.1159,-0.2072,3.000,good,0.067,2.37,0,0,0,0,39.86,2,0.0,,,
1646,3.5280,-0.1151,0.1509,2.999,shell,0.713,7.18,1,1,1,0,33.01,3,2.4,51,1621,1621
1647,3.5280,-0.1135,-0.1626,3.022,insect,1.000,4.38,1,1,1,0,31.81,3,3.1,11|10,1618,
1649,3.5320,-0.1168,0.1803,2.879,good,0.000,14.90,0,0,0,0,50.02,3,0.0,,,
1650,3.5320,-0.1123,0.1109,3.005,good,0.000,3.37,0,0,0,0,45.32,3,0.0,,,
1651,3.5360,-0.1391,0.1624,3.000,broken,0.633,4.22,1,1,1,0,34.53,1,2.4,52,,
1653,3.5360,-0.1270,0.1667,3.000,good,0.282,4.32,0,0,0,0,34.44,1,0.0,,,
1658,3.5360,-0.1149,0.1710,3.000,good,0.293,4.26,0,0,0,0,34.40,1,0.0,,,
1652,3.5400,-0.1112,-0.0710,2.979,good,0.001,2.30,0,0,0,0,36.02,3,0.0,,,
1657,3.5400,-0.1166,-0.1713,3.041,good,0.000,2.18,0,0,0,0,36.24,2,0.0,,,
1661,3.5400,-0.1027,0.1752,3.000,good,0.346,4.28,0,0,0,0,32.59,1,0.0,,,
1654,3.5440,-0.1151,-0.1095,3.012,broken,1.000,2.02,1,1,1,0,35.89,3,2.4,17|18,1628,1628
1655,3.5440,-0.1147,0.2137,2.983,faded,0.992,5.75,1,1,1,0,36.38,3,3.2,59,1623,
1656,3.5440,-0.1094,-0.2224,2.965,good,0.000,4.80,0,0,0,0,34.96,3,0.0,,,
1659,3.5480,-0.1133,0.0171,3.000,good,0.003,3.60,0,0,0,0,34.18,3,0.0,,,
1660,3.5480,-0.1086,0.0367,3.010,good,0.000,2.75,0,0,0,0,32.32,3,0.0,,,
1662,3.5520,-0.1121,-0.1707,2.998,good,0.000,2.37,0,0,0,0,38.80,3,0.0,,,
1665,3.5520,-0.1023,0.0022,3.000,stone,0.670,28.02,1,1,1,0,35.49,1,7.2,32,1635,
1663,3.5560,-0.1091,-0.2081,2.889,good,0.000,1.76,0,0,0,0,43.45,3,0.0,,,
1664,3.5600,-0.1148,0.1837,3.054,good,0.003,4.24,0,0,0,0,37.73,3,0.0,,,
1666,3.5680,-0.1143,-0.1028,3.029,good,0.000,2.60,0,0,0,0,36.20,3,0.0,,,
1667,3.5680,-0.1105,0.2301,3.010,good,0.000,3.73,0,0,0,0,35.36,3,0.0,,,
1671,3.5680,-0.1180,0.0268,3.186,good,0.300,3.76,0,0,0,0,33.80,2,0.0,,,
1668,3.5720,-0.1134,0.1182,3.000,black,1.000,50.55,1,1,1,0,32.68,3,3.2,47|46,1636,1636
1669,3.5720,-0.1097,-0.2356,3.195,black,1.000,52.49,1,1,1,0,27.09,3,3.2,1|2,1631,
1670,3.5720,-0.1097,0.0799,3.000,good,0.000,2.64,0,0,0,0,31.30,3,0.0,,,
1672,3.5720,-0.1177,-0.1173,2.888,good,0.000,1.49,0,0,0,0,36.74,2,0.0,,,
1673,3.5760,-0.1182,0.0164,3.279,good,0.000,2.46,0,0,0,0,29.38,2,0.0,,,
1674,3.5760,-0.1195,0.1649,2.998,good,0.009,5.79,0,0,0,0,36.01,2,0.0,,,
1677,3.5800,-0.1175,-0.0232,2.986,good,0.000,2.54,0,0,0,0,34.18,2,0.0,,,
1678,3.5800,-0.1162,0.0881,3.000,good,0.000,2.39,0,0,0,0,33.35,2,0.0,,,
1675,3.5840,-0.1151,-0.1424,2.941,good,0.000,2.66,0,0,0,0,34.72,3,0.0,,,
1676,3.5840,-0.1103,0.0429,2.783,good,0.001,2.32,0,0,0,0,37.07,3,0.0,,,
1679,3.5840,-0.1192,-0.1143,2.979,good,0.000,6.25,0,0,0,0,35.02,2,0.0,,,
1680,3.5920,-0.1141,-0.1325,3.011,good,0.095,7.26,0,0,0,0,29.68,3,0.0,,,
1681,3.5920,-0.1071,-0.1028,3.450,good,0.042,2.99,0,0,0,0,18.51,3,0.0,,,
1682,3.5920,-0.1078,-0.2339,3.094,good,0.000,2.04,0,0,0,0,25.59,3,0.0,,,
1683,3.5960,-0.1095,0.0550,3.043,good,0.000,2.30,0,0,0,0,42.76,3,0.0,,,
1684,3.5960,-0.1092,0.0170,2.997,good,0.000,3.74,0,0,0,0,43.64,3,0.0,,,
1685,3.6000,-0.1083,0.1448,2.998,good,0.001,2.57,0,0,0,0,43.80,3,0.0,,,
1686,3.6040,-0.1097,-0.1386,3.002,good,0.001,2.51,0,0,0,0,34.85,3,0.0,,,
1687,3.6080,-0.1158,0.2313,2.998,faded,0.773,4.35,1,1,1,0,39.08,3,3.2,61,1659,1659
1688,3.6080,-0.1094,0.1327,3.000,good,0.000,1.76,0,0,0,0,36.83,3,0.0,,,
1689,3.6080,-0.1161,0.0530,3.026,good,0.001,2.45,0,0,0,0,38.40,2,0.0,,,
1690,3.6160,-0.1134,-0.0893,2.998,good,0.000,2.87,0,0,0,0,36.30,3,0.0,,,
1691,3.6160,-0.1158,0.1440,3.006,good,0.002,5.97,0,0,0,0,36.87,2,0.0,,,
1692,3.6200,-0.1178,-0.2046,2.983,good,0.000,2.16,0,0,0,0,40.11,2,0.0,,,
1693,3.6200,-0.1165,0.1214,3.010,good,0.000,2.23,0,0,0,0,38.99,2,0.0,,,
1694,3.6280,-0.1113,-0.0658,3.026,good,0.000,2.71,0,0,0,0,44.56,3,0.0,,,
1695,3.6280,-0.1094,0.0955,3.009,good,0.001,2.60,0,0,0,0,44.27,3,0.0,,,
1696,3.6360,-0.1144,0.0947,3.002,good,0.002,2.49,0,0,0,0,39.31,3,0.0,,,
1697,3.6360,-0.1131,0.1921,2.999,good,0.000,2.94,0,0,0,0,38.91,3,0.0,,,
1701,3.6360,-0.1163,0.2363,3.023,good,0.004,5.30,0,0,0,0,39.33,2,0.0,,,
1698,3.6400,-0.1125,-0.0868,3.002,good,0.054,2.94,0,0,0,0,33.19,3,0.0,,,
1699,3.6400,-0.1125,0.0692,2.994,good,0.000,2.73,0,0,0,0,33.34,3,0.0,,,
1700,3.6400,-0.1079,0.1656,3.104,good,0.000,2.49,0,0,0,0,29.31,3,0.0,,,
1704,3.6400,-0.1194,0.1890,3.010,good,0.000,2.89,0,0,0,0,35.18,2,0.0,,,
1702,3.6440,-0.1133,0.0912,3.001,good,0.000,3.15,0,0,0,0,43.18,3,0.0,,,
1703,3.6440,-0.1121,0.0400,2.999,good,0.000,3.04,0,0,0,0,42.77,3,0.0,,,
1706,3.6440,-0.1119,-0.1880,3.450,good,0.013,3.37,0,0,0,0,33.44,2,0.0,,,
1705,3.6480,-0.1153,-0.0687,2.803,good,0.176,4.32,0,0,0,0,40.84,3,0.0,,,
1708,3.6480,-0.1199,0.0682,3.001,good,0.056,3.05,0,0,0,0,37.25,2,0.0,,,
1707,3.6520,-0.1136,-0.2140,2.999,good,0.004,2.87,0,0,0,0,37.65,3,0.0,,,
1709,3.6560,-0.1122,0.2108,2.972,good,0.013,3.88,0,0,0,0,38.44,3,0.0,,,
1710,3.6600,-0.1088,0.1153,3.010,stick,1.000,67.92,1,1,1,0,35.34,3,2.4,46,1664,1664
1713,3.6600,-0.1193,0.1966,2.915,good,0.000,5.21,0,0,0,0,41.10,2,0.0,,,
1711,3.6640,-0.1137,0.1557,3.026,insect,0.999,12.03,1,1,1,0,36.07,3,3.1,51|52,1692,1692
1712,3.6640,-0.1083,-0.0470,3.003,good,0.000,1.73,0,0,0,0,34.75,3,0.0,,,
1714,3.6640,-0.1170,0.0642,3.040,good,0.000,2.17,0,0,0,0,36.73,2,0.0,,,
1717,3.6680,-0.1187,0.0287,3.025,good,0.000,3.14,0,0,0,0,46.52,2,0.0,,,
1715,3.6720,-0.1127,0.1236,2.917,good,0.000,1.77,0,0,0,0,38.22,3,0.0,,,
1716,3.6720,-0.1112,-0.0640,3.007,good,0.003,3.24,0,0,0,0,35.48,3,0.0,,,
1720,3.6720,-0.1190,-0.0610,2.993,good,0.028,5.44,0,0,0,0,38.39,2,0.0,,,
1718,3.6760,-0.1138,0.0805,3.000,good,0.000,2.35,0,0,0,0,35.92,3,0.0,,,
1719,3.6760,-0.1141,-0.1447,2.978,good,0.000,2.58,0,0,0,0,36.50,3,0.0,,,
1721,3.6800,-0.1113,-0.1071,2.740,broken,0.622,1.95,1,1,1,0,39.88,3,2.4,18,1694,1694
1722,3.6800,-0.1098,-0.1413,3.002,good,0.000,2.67,0,0,0,0,32.59,3,0.0,,,
1723,3.6800,-0.1173,-0.0364,2.996,good,0.001,2.76,0,0,0,0,35.18,2,0.0,,,
1724,3.6880,-0.1142,0.2280,2.960,good,0.017,4.64,0,0,0,0,42.00,3,0.0,,,
1725,3.6880,-0.1139,-0.0728,2.999,good,0.010,3.60,0,0,0,0,40.88,3,0.0,,,
1726,3.6920,-0.1159,0.0061,3.000,good,0.000,2.83,0,0,0,0,36.69,3,0.0,,,
1727,3.6920,-0.1139,-0.0533,3.000,good,0.005,4.15,0,0,0,0,35.96,3,0.0,,,
1728,3.6920,-0.1129,0.0548,3.025,good,0.000,1.91,0,0,0,0,35.03,3,0.0,,,
1729,3.6960,-0.1162,0.2329,3.000,faded,0.994,4.90,1,1,1,0,44.29,3,3.2,61|62,1706,1706
1730,3.6960,-0.1122,0.0770,3.030,good,0.002,2.21,0,0,0,0,42.20,3,0.0,,,
1732,3.6960,-0.1195,0.0730,3.347,good,0.087,2.78,0,0,0,0,37.69,2,0.0,,,
1733,3.6960,-0.1183,-0.1704,2.763,good,0.000,2.28,0,0,0,0,51.08,2,0.0,,,
1736,3.6960,-0.1008,0.0516,3.000,good,0.000,1.93,0,0,0,0,39.01,1,0.0,,,
1731,3.7000,-0.1112,0.0582,2.986,good,0.000,2.77,0,0,0,0,32.21,3,0.0,,,
1734,3.7000,-0.1196,-0.0231,3.000,good,0.000,3.66,0,0,0,0,34.63,2,0.0,,,
1735,3.7000,-0.1189,0.1433,2.960,good,0.000,1.86,0,0,0,0,35.36,2,0.0,,,
1737,3.7040,-0.1187,-0.2385,2.982,insect,0.999,5.52,1,1,1,0,32.88,2,3.1,1,1708,1708
1738,3.7080,-0.1190,0.1000,3.000,good,0.004,5.32,0,0,0,0,47.16,2,0.0,,,
1739,3.7080,-0.1171,0.1827,3.002,good,0.001,3.21,0,0,0,0,46.40,2,0.0,,,
1740,3.7120,-0.1184,-0.0988,2.995,good,0.001,2.65,0,0,0,0,34.53,2,0.0,,,
1741,3.7120,-0.1166,0.2249,2.980,good,0.014,2.86,0,0,0,0,34.24,2,0.0,,,
1742,3.7120,-0.1151,0.0851,3.005,good,0.000,1.97,0,0,0,0,33.10,2,0.0,,,
1744,3.7200,-0.1158,-0.1615,3.000,good,0.000,2.70,0,0,0,0,47.05,2,0.0,,,
1745,3.7200,-0.1153,0.2046,3.002,good,0.000,2.43,0,0,0,0,46.76,2,0.0,,,
1743,3.7240,-0.1114,-0.1310,2.994,good,0.000,2.04,0,0,0,0,36.34,3,0.0,,,
1748,3.7240,-0.1182,-0.1235,3.000,good,0.000,2.07,0,0,0,0,38.43,2,0.0,,,
1746,3.7280,-0.1146,-0.0836,3.000,good,0.000,1.82,0,0,0,0,38.73,3,0.0,,,
1747,3.7280,-0.1107,-0.1825,3.000,good,0.001,2.02,0,0,0,0,37.41,3,0.0,,,
1749,3.7320,-0.1112,0.2283,3.000,good,0.001,2.28,0,0,0,0,36.20,3,0.0,,,
1750,3.7320,-0.1067,-0.1905,3.423,good,0.000,3.45,0,0,0,0,26.13,3,0.0,,,
1752,3.7320,-0.1197,-0.1699,3.001,good,0.000,2.57,0,0,0,0,38.91,2,0.0,,,
1751,3.7360,-0.1083,-0.0360,2.999,good,0.000,1.89,0,0,0,0,36.05,3,0.0,,,
1753,3.7400,-0.1170,0.0251,2.845,good,0.009,2.45,0,0,0,0,39.02,3,0.0,,,
1754,3.7440,-0.1157,-0.2287,2.899,good,0.006,4.05,0,0,0,0,42.48,3,0.0,,,
1755,3.7440,-0.1191,-0.0608,2.955,good,0.000,3.94,0,0,0,0,42.17,2,0.0,,,
1756,3.7520,-0.1113,-0.2017,3.002,good,0.000,2.50,0,0,0,0,43.49,3,0.0,,,
1757,3.7520,-0.1102,-0.1278,3.005,good,0.001,2.30,0,0,0,0,43.04,3,0.0,,,
1760,3.7560,-0.1195,-0.0693,3.015,good,0.000,3.00,0,0,0,0,38.44,2,0.0,,,
1758,3.7600,-0.1135,-0.1911,2.669,good,0.001,6.72,0,0,0,0,42.76,3,0.0,,,
1759,3.7600,-0.1122,0.1989,2.999,good,0.000,2.62,0,0,0,0,33.47,3,0.0,,,
1762,3.7600,-0.1184,0.2133,2.999,good,0.000,3.67,0,0,0,0,35.50,2,0.0,,,
1761,3.7640,-0.1134,-0.2340,2.998,good,0.000,2.41,0,0,0,0,43.08,3,0.0,,,
1765,3.7640,-0.1014,-0.1865,3.000,good,0.000,2.64,0,0,0,0,39.02,1,0.0,,,
1763,3.7680,-0.1091,0.0040,3.016,good,0.002,1.56,0,0,0,0,38.50,3,0.0,,,
1764,3.7680,-0.1182,-0.0766,2.996,good,0.000,2.54,0,0,0,0,41.89,2,0.0,,,
1766,3.7760,-0.1128,0.1097,2.999,faded,0.887,4.07,1,1,1,0,37.28,3,3.2,46|45,1732,1732
1767,3.7760,-0.1130,0.1350,3.001,good,0.000,3.89,0,0,0,0,37.21,3,0.0,,,
1768,3.7800,-0.1112,0.1181,2.999,good,0.000,3.91,0,0,0,0,28.24,3,0.0,,,
1771,3.7800,-0.1183,-0.0599,3.001,good,0.058,5.23,0,0,0,0,30.44,2,0.0,,,
1769,3.7840,-0.1124,-0.2066,3.185,good,0.008,4.44,0,0,0,0,29.83,3,0.0,,,
1770,3.7840,-0.1117,0.0679,3.038,good,0.000,3.49,0,0,0,0,32.72,3,0.0,,,
1772,3.7840,-0.1168,-0.2171,3.002,good,0.494,2.97,0,0,0,0,35.23,2,0.0,,,
1775,3.7880,-0.1190,-0.0826,3.004,good,0.000,2.53,0,0,0,0,35.22,2,0.0,,,
1776,3.7880,-0.1174,0.2178,2.833,good,0.005,7.56,0,0,0,0,39.01,2,0.0,,,
1773,3.7920,-0.1169,0.1063,2.859,good,0.010,3.00,0,0,0,0,47.39,3,0.0,,,
1774,3.7920,-0.1144,0.1297,3.001,good,0.000,3.03,0,0,0,0,42.92,3,0.0,,,
1777,3.7960,-0.1125,0.0655,2.999,good,0.000,1.90,0,0,0,0,45.01,3,0.0,,,
1778,3.7960,-0.1109,-0.0688,3.001,good,0.000,2.11,0,0,0,0,44.36,3,0.0,,,
1782,3.7960,-0.1190,-0.1627,3.259,good,0.000,2.27,0,0,0,0,41.25,2,0.0,,,
1779,3.8000,-0.1156,0.0376,2.906,good,0.000,3.18,0,0,0,0,41.16,3,0.0,,,
1780,3.8000,-0.1129,0.1171,3.028,good,0.000,3.49,0,0,0,0,37.19,3,0.0,,,
1781,3.8000,-0.1105,-0.0793,2.998,good,0.011,2.43,0,0,0,0,37.06,3,0.0,,,
1783,3.8080,-0.1148,0.1069,3.007,sour,1.000,8.63,1,1,1,0,41.24,3,3.2,45,1759,1759
1784,3.8080,-0.1138,0.2034,3.017,good,0.000,3.07,0,0,0,0,40.60,3,0.0,,,
1785,3.8080,-0.1091,0.0861,2.996,good,0.000,2.95,0,0,0,0,39.47,3,0.0,,,
1786,3.8120,-0.1128,-0.0926,2.997,good,0.000,2.58,0,0,0,0,35.88,3,0.0,,,
1787,3.8120,-0.1118,0.1329,2.999,good,0.015,2.75,0,0,0,0,35.43,3,0.0,,,
1788,3.8120,-0.1089,0.0275,2.998,good,0.000,2.74,0,0,0,0,34.46,3,0.0,,,
1789,3.8160,-0.1134,-0.2108,3.148,good,0.002,2.07,0,0,0,0,41.86,3,0.0,,,
1792,3.8160,-0.1190,0.0346,3.019,good,0.000,3.01,0,0,0,0,46.55,2,0.0,,,
1793,3.8160,-0.1182,-0.1235,2.818,good,0.000,2.44,0,0,0,0,51.38,2,0.0,,,
1790,3.8200,-0.1114,0.1294,3.000,faded,0.974,4.04,1,1,1,0,45.49,3,3.2,48,1760,1760
1791,3.8200,-0.1203,-0.0883,2.877,good,0.000,2.59,0,0,0,0,47.50,2,0.0,,,
1795,3.8200,-0.1165,0.1820,3.039,good,0.000,3.29,0,0,0,0,46.14,2,0.0,,,
1796,3.8200,-0.1088,-0.0922,3.000,good,0.000,2.29,0,0,0,0,44.48,1,0.0,,,
1794,3.8240,-0.1128,-0.2272,3.011,black,1.000,55.13,1,1,1,0,45.71,3,3.2,2|3,1769,
1797,3.8360,-0.1112,-0.1298,3.004,good,0.000,2.76,0,0,0,0,45.47,3,0.0,,,
1798,3.8360,-0.1103,0.1353,2.798,good,0.000,1.92,0,0,0,0,50.31,3,0.0,,,
1799,3.8360,-0.1085,0.2178,3.024,shell,1.000,8.59,1,1,1,0,44.05,3,2.4,59|60,1766,
1800,3.8400,-0.1095,-0.0244,2.999,good,0.000,4.79,0,0,0,0,38.07,3,0.0,,,
1801,3.8480,-0.1096,-0.0735,3.000,good,0.000,1.35,0,0,0,0,30.90,3,0.0,,,
1805,3.8480,-0.1180,-0.2322,3.020,black,1.000,50.37,1,1,1,0,33.18,2,3.2,2,1774,1774
1806,3.8480,-0.1169,0.2218,2.824,good,0.002,3.65,0,0,0,0,37.72,2,0.0,,,
1802,3.8520,-0.1154,-0.0116,3.014,good,0.001,2.71,0,0,0,0,34.12,3,0.0,,,
1803,3.8520,-0.1095,-0.1066,2.999,good,0.000,2.69,0,0,0,0,32.45,3,0.0,,,
1804,3.8520,-0.1095,0.1643,3.000,good,0.000,1.50,0,0,0,0,32.35,3,0.0,,,
1810,3.8520,-0.1183,-0.0476,3.001,good,0.006,2.28,0,0,0,0,35.21,2,0.0,,,
1811,3.8520,-0.1169,0.1145,2.983,good,0.003,3.27,0,0,0,0,35.11,2,0.0,,,
1807,3.8560,-0.1109,0.2337,2.999,good,0.000,7.60,0,0,0,0,34.57,3,0.0,,,
1808,3.8560,-0.1085,-0.1395,3.101,good,0.194,8.76,0,0,0,0,31.45,3,0.0,,,
1809,3.8560,-0.1093,0.0627,2.930,faded,1.000,5.76,1,1,1,0,35.56,3,3.2,40|39,1778,1778
1812,3.8600,-0.1096,-0.1262,3.023,good,0.001,2.32,0,0,0,0,31.99,3,0.0,,,
1813,3.8680,-0.1144,-0.1621,2.999,good,0.006,1.60,0,0,0,0,35.21,3,0.0,,,
1816,3.8680,-0.1190,-0.1261,3.000,good,0.000,3.95,0,0,0,0,36.65,2,0.0,,,
1814,3.8720,-0.1151,-0.1836,2.794,good,0.000,1.85,0,0,0,0,42.26,3,0.0,,,
1815,3.8720,-0.1123,0.0718,2.910,good,0.024,3.29,0,0,0,0,38.16,3,0.0,,,
1819,3.8760,-0.1165,0.1165,2.990,broken,1.000,2.30,1,1,1,0,38.15,2,2.4,46|47,1786,1786
1817,3.8800,-0.1131,-0.1655,3.000,good,0.003,3.03,0,0,0,0,32.64,3,0.0,,,
1818,3.8800,-0.1115,0.2021,3.001,good,0.000,1.79,0,0,0,0,32.02,3,0.0,,,
1822,3.8800,-0.1156,0.1336,3.065,good,0.002,19.74,1,1,1,0,31.82,2,9.0,49|48|50,1790,1790
1820,3.8840,-0.1133,-0.0816,2.999,good,0.189,3.13,0,0,0,0,35.66,3,0.0,,,
1821,3.8840,-0.1115,0.0775,3.012,good,0.020,2.17,0,0,0,0,34.70,3,0.0,,,
1823,3.8840,-0.1190,0.1719,2.970,faded,0.979,3.37,1,1,1,0,38.17,2,3.2,53|54,1793,1793
1824,3.8840,-0.1168,0.0691,3.079,good,0.001,2.62,0,0,0,0,34.77,2,0.0,,,
1827,3.8880,-0.1171,0.1712,2.904,good,0.076,3.50,0,0,0,0,39.75,2,0.0,,,
1825,3.8920,-0.1109,0.1046,2.997,good,0.035,2.72,0,0,0,0,44.07,3,0.0,,,
1826,3.8920,-0.1106,-0.0439,2.999,good,0.000,2.38,0,0,0,0,43.89,3,0.0,,,
1828,3.8960,-0.1089,-0.1051,2.977,good,0.002,3.06,0,0,0,0,38.41,3,0.0,,,
1829,3.9000,-0.1123,0.1286,3.004,good,0.001,6.24,0,0,0,0,38.66,3,0.0,,,
1830,3.9000,-0.1178,-0.1606,2.992,good,0.000,2.18,0,0,0,0,40.74,2,0.0,,,
1831,3.9080,-0.1162,-0.0308,2.752,good,0.000,2.00,0,0,0,0,41.88,3,0.0,,,
1832,3.9080,-0.1129,-0.0405,3.007,good,0.000,3.14,0,0,0,0,34.04,3,0.0,,,
1833,3.9120,-0.1102,0.0793,2.987,good,0.000,2.52,0,0,0,0,35.47,3,0.0,,,
1834,3.9120,-0.1105,-0.1395,2.888,good,0.005,2.92,0,0,0,0,37.94,3,0.0,,,
1836,3.9120,-0.1171,0.1186,2.999,good,0.000,2.26,0,0,0,0,37.40,2,0.0,,,
1837,3.9120,-0.1163,0.2080,3.048,good,0.001,4.84,0,0,0,0,35.90,2,0.0,,,
1835,3.9160,-0.1131,0.0577,3.089,good,0.000,2.57,0,0,0,0,42.98,3,0.0,,,
1838,3.9160,-0.1186,0.0933,2.965,good,0.000,2.22,0,0,0,0,47.67,2,0.0,,,
1840,3.9160,-0.1051,0.1156,3.000,good,0.000,2.26,0,0,0,0,42.31,1,0.0,,,
1839,3.9240,-0.1156,0.2293,2.996,good,0.000,2.93,0,0,0,0,39.35,3,0.0,,,
1843,3.9240,-0.1183,0.1923,3.002,good,0.000,2.07,0,0,0,0,40.01,2,0.0,,,
1844,3.9240,-0.1157,0.0962,3.051,good,0.002,6.74,0,0,0,0,37.96,2,0.0,,,
1841,3.9280,-0.1121,-0.1871,3.071,faded,0.991,4.06,1,1,1,0,34.00,3,3.2,8|7,1808,
1842,3.9280,-0.1087,0.1057,3.009,good,0.000,2.45,0,0,0,0,34.21,3,0.0,,,
1845,3.9320,-0.1101,0.1083,3.020,good,0.000,2.46,0,0,0,0,34.79,3,0.0,,,
1846,3.9360,-0.1143,0.2334,3.162,good,0.000,4.15,0,0,0,0,33.52,3,0.0,,,
1847,3.9360,-0.1121,-0.1589,3.166,good,0.000,1.52,0,0,0,0,32.69,3,0.0,,,
1848,3.9360,-0.1123,0.1628,3.059,good,0.000,2.24,0,0,0,0,35.07,3,0.0,,,
1849,3.9400,-0.1092,-0.2034,3.162,good,0.001,2.89,0,0,0,0,29.39,3,0.0,,,
1850,3.9400,-0.1095,-0.0845,3.020,insect,1.000,8.88,1,1,0,0,32.53,3,3.1,21|20,1816,
1851,3.9440,-0.1116,0.0200,3.003,good,0.029,2.76,0,0,0,0,35.39,3,0.0,,,
1852,3.9440,-0.1106,0.0558,3.090,good,0.001,2.25,0,0,0,0,33.00,3,0.0,,,
1855,3.9440,-0.1192,-0.2328,3.178,good,0.090,11.85,0,0,0,0,33.78,2,0.0,,,
1856,3.9440,-0.1276,-0.1613,3.000,insect,1.000,3.88,1,1,0,0,36.67,1,3.1,11,1822,
1860,3.9440,-0.1155,-0.1655,3.000,insect,1.000,3.74,1,1,0,0,36.62,1,3.1,10|11,1829,
1853,3.9480,-0.1149,-0.1537,2.815,good,0.001,3.66,0,0,0,0,39.70,3,0.0,,,
1854,3.9480,-0.1135,-0.0363,2.911,good,0.000,3.07,0,0,0,0,36.64,3,0.0,,,
1861,3.9480,-0.1034,-0.1696,3.000,insect,1.000,3.58,1,1,0,0,31.09,1,3.1,10,1829,
1857,3.9520,-0.1153,0.0202,3.005,good,0.005,1.93,0,0,0,0,34.44,3,0.0,,,
1858,3.9520,-0.1122,-0.1812,3.013,sour,1.000,20.77,1,1,0,0,33.15,3,3.2,8|9,1819,
1859,3.9520,-0.1099,-0.2054,2.996,good,0.000,2.25,0,0,0,0,32.73,3,0.0,,,
1862,3.9600,-0.1144,-0.1080,2.990,good,0.028,3.35,0,0,0,0,35.65,3,0.0,,,
1863,3.9600,-0.1117,-0.1180,3.052,good,0.000,1.67,0,0,0,0,33.24,3,0.0,,,
1864,3.9600,-0.1151,-0.0719,3.162,good,0.004,1.88,0,0,0,0,31.78,2,0.0,,,
1865,3.9720,-0.1151,-0.1616,2.973,good,0.000,3.02,0,0,0,0,37.28,3,0.0,,,
1866,3.9720,-0.1099,-0.0284,3.000,good,0.000,2.48,0,0,0,0,34.79,3,0.0,,,
1869,3.9720,-0.1197,-0.1109,2.981,good,0.040,2.62,0,0,0,0,38.47,2,0.0,,,
1870,3.9720,-0.1183,-0.2190,3.081,black,1.000,51.99,1,1,0,0,35.57,2,3.2,3|4,1828,
1867,3.9760,-0.1130,0.0789,2.955,good,0.000,1.80,0,0,0,0,35.62,3,0.0,,,
1868,3.9760,-0.1114,0.1713,2.999,good,0.001,2.66,0,0,0,0,33.95,3,0.0,,,
1873,3.9760,-0.1199,-0.1881,2.917,good,0.005,6.20,0,0,0,0,38.79,2,0.0,,,
1871,3.9800,-0.1140,-0.0860,3.036,good,0.000,3.33,0,0,0,0,43.26,3,0.0,,,
1872,3.9800,-0.1127,0.2312,3.021,good,0.290,4.13,0,0,0,0,43.12,3,0.0,,,
1874,3.9800,-0.1125,0.0126,2.466,broken,0.997,5.02,1,1,0,0,58.83,3,2.4,33,1836,
1875,3.9800,-0.1167,0.0035,3.003,good,0.001,1.97,0,0,0,0,44.78,2,0.0,,,
1876,3.9880,-0.1121,-0.0785,3.002,good,0.001,2.10,0,0,0,0,36.99,3,0.0,,,
1877,3.9920,-0.1196,0.0545,2.744,good,0.000,2.72,0,0,0,0,53.94,2,0.0,,,
1879,3.9960,-0.1184,-0.1031,3.020,good,0.000,2.38,0,0,0,0,41.82,2,0.0,,,
