tid,t,x,y,v,cls,p_reject,anomaly,reject,scheduled,activated,late,headroom_ms,n_obs,pulse_ms,nozzles,target_uids,own_hit_uids
1,0.2920,-0.1197,0.0217,3.006,good,0.496,6.19,0,0,0,0,13.10,2,0.0,,,
2,0.2920,-0.1190,-0.0419,2.995,shell,0.962,9.43,1,1,1,0,13.10,2,2.4,26,3,3
0,0.2960,-0.1102,0.1076,3.042,good,0.001,5.90,0,0,0,0,9.10,3,0.0,,,
3,0.3000,-0.1109,0.2123,3.009,good,0.188,4.17,0,0,0,0,10.10,3,0.0,,,
4,0.3000,-0.1175,-0.1033,2.998,faded,0.791,5.41,1,1,1,0,12.55,2,3.2,18,10,10
6,0.3040,-0.1148,-0.2309,2.989,good,0.401,6.46,0,0,0,0,11.84,2,0.0,,,
5,0.3080,-0.1083,0.0027,2.992,good,0.122,6.70,0,0,0,0,9.63,3,0.0,,,
9,0.3080,-0.1153,-0.1030,3.005,insect,0.989,8.33,1,1,1,0,11.65,2,3.1,18|19,13,13
10,0.3080,-0.1162,0.2279,3.012,good,0.005,2.99,0,0,0,0,11.78,2,0.0,,,
7,0.3120,-0.1141,-0.1802,3.006,good,0.076,3.88,0,0,0,0,11.24,3,0.0,,,
8,0.3120,-0.1129,-0.0180,2.972,husk,0.643,9.60,1,1,1,0,11.63,3,2.4,29,7|24,7|24
11,0.3120,-0.1189,0.1962,2.982,good,0.014,5.16,0,0,0,0,13.41,2,0.0,,,
12,0.3120,-0.1173,0.1405,2.992,faded,0.562,4.65,1,1,1,0,12.61,2,3.2,49|50,6,6
13,0.3120,-0.1178,-0.0357,3.001,good,0.422,7.43,0,0,0,0,12.57,2,0.0,,,
16,0.3160,-0.1196,-0.0454,2.997,good,0.001,6.64,0,0,0,0,13.27,2,0.0,,,
14,0.3200,-0.1119,0.1055,3.003,good,0.003,6.38,0,0,0,0,10.57,3,0.0,,,
15,0.3200,-0.1108,-0.1365,2.987,good,0.000,5.61,0,0,0,0,10.58,3,0.0,,,
20,0.3200,-0.1181,-0.2234,3.010,sour,1.000,17.61,1,1,1,0,12.45,2,3.2,3,29,29
21,0.3200,-0.1162,-0.1115,2.999,good,0.458,7.71,0,0,0,0,12.08,2,0.0,,,
22,0.3200,-0.1239,0.1837,3.000,good,0.071,7.62,0,0,0,0,10.65,1,0.0,,,
26,0.3200,-0.1139,0.1800,3.000,faded,0.889,5.72,1,1,1,0,11.29,1,3.2,55|54,19,
27,0.3200,-0.1090,0.1871,3.000,good,0.001,4.40,0,0,0,0,9.66,1,0.0,,,
17,0.3240,-0.1104,-0.1579,3.003,good,0.000,3.32,0,0,0,0,10.07,3,0.0,,,
18,0.3240,-0.1095,0.1183,3.005,good,0.158,7.13,0,0,0,0,9.73,3,0.0,,,
19,0.3240,-0.1087,0.2154,3.012,good,0.000,3.76,0,0,0,0,9.30,3,0.0,,,
24,0.3240,-0.1196,-0.2033,3.094,good,0.000,4.42,0,0,0,0,10.97,2,0.0,,,
25,0.3240,-0.1166,0.2000,2.991,good,0.008,4.06,0,0,0,0,12.40,2,0.0,,,
23,0.3280,-0.1103,0.1845,2.984,good,0.256,4.79,0,0,0,0,10.49,3,0.0,,,
33,0.3280,-0.1199,0.0645,2.996,insect,1.000,6.47,1,1,1,0,13.39,2,3.1,40,42,42
28,0.3320,-0.1158,-0.1459,3.001,good,0.000,4.08,0,0,0,0,11.91,3,0.0,,,
29,0.3320,-0.1146,-0.2387,3.005,good,0.001,3.21,0,0,0,0,11.42,3,0.0,,,
30,0.3320,-0.1150,0.1525,2.943,good,0.060,4.25,0,0,0,0,13.03,3,0.0,,,
31,0.3320,-0.1116,0.0160,3.000,faded,0.991,6.91,1,1,1,0,10.55,3,3.2,34|33,17,17
32,0.3320,-0.1105,-0.0750,3.000,shell,0.865,7.89,1,1,1,0,10.17,3,2.4,22,43,43
34,0.3360,-0.1085,0.0661,2.997,good,0.112,6.15,0,0,0,0,9.54,3,0.0,,,
40,0.3360,-0.1192,-0.0275,2.988,good,0.001,5.05,0,0,0,0,13.36,2,0.0,,,
41,0.3360,-0.1170,-0.0879,3.000,good,0.117,7.88,0,0,0,0,12.33,2,0.0,,,
35,0.3400,-0.1138,-0.1192,2.997,good,0.012,6.78,0,0,0,0,11.35,3,0.0,,,
36,0.3400,-0.1134,-0.0608,3.000,good,0.037,6.54,0,0,0,0,11.14,3,0.0,,,
37,0.3400,-0.1144,0.1282,2.999,shell,0.999,13.58,1,1,1,0,11.48,3,2.4,48,56,56
38,0.3400,-0.1116,-0.1953,3.007,good,0.386,6.64,0,0,0,0,10.36,3,0.0,,,
39,0.3400,-0.1098,-0.0111,3.004,good,0.007,7.59,0,0,0,0,9.85,3,0.0,,,
44,0.3400,-0.1188,-0.0215,3.002,shell,0.963,9.24,1,1,1,0,12.91,2,2.4,29,49,49
45,0.3400,-0.1169,-0.1733,2.989,good,0.006,6.81,0,0,0,0,12.59,2,0.0,,,
42,0.3440,-0.1128,-0.1417,3.001,sour,1.000,13.43,1,1,1,0,10.91,3,3.2,13|14,44,44
43,0.3440,-0.1119,-0.0341,3.004,good,0.042,8.27,0,0,0,0,10.51,3,0.0,,,
46,0.3440,-0.1169,0.1081,3.021,faded,0.888,7.23,1,1,1,0,11.79,2,3.2,45|46,40,40
47,0.3440,-0.1164,-0.2407,2.999,faded,0.573,4.67,1,1,1,0,12.15,2,3.2,1|0,37,37
48,0.3440,-0.1156,0.1602,2.995,good,0.002,6.46,0,0,0,0,12.00,2,0.0,,,
53,0.3480,-0.1177,0.0016,2.994,faded,1.000,6.84,1,1,1,0,12.71,2,3.2,32,59,59
54,0.3480,-0.1147,0.1235,3.019,good,0.002,4.85,0,0,0,0,11.12,2,0.0,,,
49,0.3520,-0.1128,0.1947,2.997,black,1.000,45.76,1,1,1,0,10.99,3,3.2,56|57,58,58
50,0.3520,-0.1126,0.0680,2.984,faded,0.964,5.85,1,1,1,0,11.24,3,3.2,40,39,39
51,0.3520,-0.1102,-0.2009,3.001,good,0.000,2.74,0,0,0,0,10.05,3,0.0,,,
52,0.3520,-0.1099,-0.0450,2.988,faded,0.848,5.54,1,1,1,0,10.23,3,3.2,26,65,65
57,0.3520,-0.1181,0.1231,2.996,faded,0.977,7.79,1,1,1,0,12.82,2,2.4,47,46,46
55,0.3560,-0.1137,-0.0627,2.996,good,0.230,6.25,0,0,0,0,11.31,3,0.0,,,
56,0.3560,-0.1095,-0.0343,2.993,good,0.004,6.99,0,0,0,0,10.00,3,0.0,,,
58,0.3600,-0.1144,-0.1016,2.993,good,0.005,6.11,0,0,0,0,11.63,3,0.0,,,
59,0.3600,-0.1120,0.0318,3.003,good,0.002,7.26,0,0,0,0,10.60,3,0.0,,,
64,0.3640,-0.1198,-0.1639,3.000,good,0.015,6.22,0,0,0,0,13.26,2,0.0,,,
65,0.3640,-0.1195,-0.1394,2.984,faded,0.970,5.21,1,1,1,0,13.57,2,3.2,14|13,53,53
66,0.3640,-0.1154,-0.0658,3.148,shell,1.000,9.59,1,1,1,0,8.43,2,2.4,23,75,
60,0.3680,-0.1154,0.0885,2.998,good,0.024,6.88,0,0,0,0,11.85,3,0.0,,,
61,0.3680,-0.1142,-0.1715,3.000,good,0.001,5.12,0,0,0,0,11.41,3,0.0,,,
62,0.3680,-0.1098,0.1375,3.000,faded,0.991,4.58,1,1,1,0,9.94,3,3.2,49,62,62
63,0.3680,-0.1084,-0.0951,2.997,good,0.527,9.24,1,1,1,0,9.55,3,2.4,19|20,54,54
67,0.3720,-0.1130,-0.0848,2.956,good,0.000,6.22,0,0,0,0,12.06,3,0.0,,,
68,0.3720,-0.1134,-0.0540,2.978,good,0.026,8.12,0,0,0,0,11.65,3,0.0,,,
69,0.3720,-0.1120,-0.0313,2.995,faded,0.965,7.31,1,1,1,0,10.77,3,3.2,27|28,80,80
70,0.3720,-0.1093,0.1258,3.000,good,0.409,8.16,0,0,0,0,9.79,3,0.0,,,
73,0.3720,-0.1196,-0.0094,3.000,good,0.434,5.43,0,0,0,0,13.19,2,0.0,,,
74,0.3720,-0.1179,0.2254,3.013,good,0.002,4.37,0,0,0,0,12.32,2,0.0,,,
75,0.3720,-0.1159,0.0504,3.016,good,0.273,8.23,0,0,0,0,11.58,2,0.0,,,
71,0.3760,-0.1151,0.1623,2.996,good,0.066,7.17,0,0,0,0,11.79,3,0.0,,,
72,0.3760,-0.1130,0.0628,2.926,good,0.004,5.64,0,0,0,0,12.78,3,0.0,,,
77,0.3760,-0.1169,0.1106,2.988,good,0.013,4.71,0,0,0,0,12.61,2,0.0,,,
78,0.3760,-0.1166,-0.0508,2.994,shell,0.871,9.43,1,1,1,0,12.34,2,2.4,25,68,68
76,0.3800,-0.1155,0.0514,3.000,good,0.001,6.26,0,0,0,0,11.85,3,0.0,,,
80,0.3800,-0.1196,-0.1191,3.009,faded,0.773,4.12,1,1,1,0,12.99,2,3.2,16,92,92
81,0.3800,-0.1171,0.2159,2.997,good,0.000,2.93,0,0,0,0,12.44,2,0.0,,,
82,0.3800,-0.1214,0.1585,3.000,good,0.002,5.53,0,0,0,0,9.81,1,0.0,,,
79,0.3840,-0.1143,-0.0055,3.008,faded,0.569,6.96,1,1,1,0,11.25,3,3.2,31,77,77
84,0.3840,-0.1189,0.1449,3.007,good,0.000,5.06,0,0,0,0,12.78,2,0.0,,,
85,0.3840,-0.1168,-0.1026,3.006,good,0.189,6.62,0,0,0,0,12.13,2,0.0,,,
86,0.3840,-0.1164,0.2341,2.989,good,0.000,4.76,0,0,0,0,12.39,2,0.0,,,
83,0.3880,-0.1125,-0.0483,3.001,good,0.075,8.10,0,0,0,0,10.81,3,0.0,,,
87,0.3920,-0.1143,-0.0019,3.005,good,0.061,8.09,0,0,0,0,11.32,3,0.0,,,
88,0.3920,-0.1131,0.1269,2.999,good,0.224,6.16,0,0,0,0,11.05,3,0.0,,,
89,0.3920,-0.1141,-0.2188,2.954,good,0.001,2.40,0,0,0,0,12.48,3,0.0,,,
90,0.3920,-0.1128,0.0298,2.997,good,0.002,6.99,0,0,0,0,11.00,3,0.0,,,
91,0.3920,-0.1097,0.0586,3.000,good,0.002,6.03,0,0,0,0,9.91,3,0.0,,,
93,0.3920,-0.1161,0.1990,3.004,good,0.000,4.01,0,0,0,0,11.96,2,0.0,,,
92,0.3960,-0.1127,-0.0861,3.000,good,0.005,4.44,0,0,0,0,10.91,3,0.0,,,
94,0.4000,-0.1150,-0.0243,3.006,faded,0.728,6.00,1,1,1,0,11.52,3,3.2,28|29,87,87
95,0.4000,-0.1112,0.1615,2.994,good,0.010,6.28,0,0,0,0,10.55,3,0.0,,,
96,0.4040,-0.1114,0.0708,3.003,good,0.014,6.49,0,0,0,0,10.41,3,0.0,,,
97,0.4040,-0.1084,0.2178,2.998,good,0.004,6.54,0,0,0,0,9.51,3,0.0,,,
100,0.4040,-0.1191,0.2180,2.998,faded,0.990,4.88,1,1,1,0,13.08,2,3.2,59|60,93,93
101,0.4040,-0.1195,-0.1725,2.988,good,0.003,5.94,0,0,0,0,13.45,2,0.0,,,
102,0.4040,-0.1185,-0.1365,2.999,good,0.001,5.67,0,0,0,0,12.86,2,0.0,,,
98,0.4080,-0.1120,-0.2155,3.006,black,1.000,46.43,1,1,1,0,10.52,3,3.2,4,111,111
99,0.4080,-0.1104,0.0056,3.008,good,0.053,7.16,0,0,0,0,9.97,3,0.0,,,
107,0.4080,-0.1169,0.1009,2.998,faded,0.894,5.84,1,1,1,0,12.35,2,3.2,44|45,98,98
103,0.4120,-0.1125,-0.0842,2.937,shell,1.000,8.97,1,1,1,0,12.37,3,2.4,21,120,120
104,0.4120,-0.1107,-0.2064,3.010,good,0.293,4.19,0,0,0,0,10.00,3,0.0,,,
105,0.4120,-0.1110,0.0548,3.013,good,0.045,4.26,0,0,0,0,10.02,3,0.0,,,
106,0.4120,-0.1089,-0.1513,2.986,good,0.001,5.07,0,0,0,0,9.97,3,0.0,,,
108,0.4120,-0.1188,-0.1940,3.002,faded,1.000,6.13,1,1,1,0,12.89,2,3.2,7|6,109,109
109,0.4120,-0.1174,0.0289,2.989,good,0.002,6.48,0,0,0,0,12.73,2,0.0,,,
110,0.4120,-0.1184,0.0843,3.005,good,0.121,6.00,0,0,0,0,12.67,2,0.0,,,
114,0.4160,-0.1194,0.0443,2.995,shell,0.971,8.72,1,1,1,0,13.27,2,2.4,37,107,107
111,0.4200,-0.1106,-0.0240,3.000,good,0.012,5.70,0,0,0,0,10.20,3,0.0,,,
112,0.4200,-0.1107,-0.1512,3.029,faded,0.993,7.93,1,1,1,0,9.56,3,3.1,12,100,
113,0.4200,-0.1085,0.1957,2.995,good,0.000,3.76,0,0,0,0,9.61,3,0.0,,,
117,0.4200,-0.1199,-0.0356,2.999,shell,0.687,8.19,1,1,1,0,13.34,2,2.4,27,115,115
118,0.4200,-0.1191,0.1964,3.002,good,0.112,3.76,0,0,0,0,12.99,2,0.0,,,
119,0.4200,-0.1185,0.0847,2.943,faded,0.817,5.53,1,1,1,0,14.24,2,3.2,42|43,128,128
115,0.4240,-0.1137,-0.2358,3.000,good,0.003,4.13,0,0,0,0,11.22,3,0.0,,,
116,0.4240,-0.1095,-0.0683,3.001,good,0.001,4.81,0,0,0,0,9.82,3,0.0,,,
123,0.4240,-0.1184,0.1733,3.006,good,0.000,4.56,0,0,0,0,12.67,2,0.0,,,
124,0.4240,-0.1178,-0.2163,3.173,good,0.000,5.07,0,0,0,0,8.65,2,0.0,,,
125,0.4240,-0.1173,-0.1960,3.000,good,0.002,5.69,0,0,0,0,12.43,2,0.0,,,
120,0.4280,-0.1133,0.2195,2.998,good,0.039,6.52,0,0,0,0,11.13,3,0.0,,,
121,0.4280,-0.1124,-0.0525,3.006,good,0.081,5.42,0,0,0,0,10.66,3,0.0,,,
122,0.4280,-0.1109,0.2046,2.997,good,0.000,3.84,0,0,0,0,10.37,3,0.0,,,
126,0.4320,-0.1153,-0.0670,2.998,good,0.186,7.85,0,0,0,0,11.83,3,0.0,,,
131,0.4320,-0.1190,-0.1182,2.986,husk,1.000,75.24,1,1,1,0,13.34,2,2.4,16|17,108,108
127,0.4360,-0.1106,0.1640,3.139,good,0.039,4.95,0,0,0,0,7.08,3,0.0,,,
128,0.4360,-0.1100,0.0391,3.011,good,0.443,8.78,0,0,0,0,9.76,3,0.0,,,
129,0.4360,-0.1099,-0.2093,3.000,good,0.002,5.27,0,0,0,0,9.97,3,0.0,,,
130,0.4360,-0.1099,0.0069,3.006,faded,0.625,6.73,1,1,1,0,9.83,3,3.2,32|33,135,135
133,0.4360,-0.1169,-0.1843,2.996,faded,0.999,3.93,1,1,1,0,12.41,2,3.2,8,125,
134,0.4360,-0.1169,0.1169,3.000,good,0.001,5.51,0,0,0,0,12.31,2,0.0,,,
135,0.4360,-0.1166,-0.1245,2.993,good,0.465,6.59,0,0,0,0,12.36,2,0.0,,,
132,0.4400,-0.1097,0.0387,3.009,shell,0.978,9.27,1,1,1,0,9.70,3,2.4,36|37,136,136
136,0.4440,-0.1123,0.1450,3.003,good,0.002,4.06,0,0,0,0,10.69,3,0.0,,,
137,0.4440,-0.1088,-0.2260,3.004,good,0.000,1.91,0,0,0,0,9.50,3,0.0,,,
138,0.4440,-0.1086,0.2251,3.000,insect,1.000,8.96,1,1,1,0,9.54,3,3.1,60|61,130,130
139,0.4440,-0.1166,-0.2159,3.004,good,0.000,2.38,0,0,0,0,12.09,2,0.0,,,
140,0.4440,-0.1157,0.0209,3.004,good,0.001,6.63,0,0,0,0,11.81,2,0.0,,,
141,0.4440,-0.1155,0.0936,3.011,good,0.004,7.34,0,0,0,0,11.57,2,0.0,,,
144,0.4480,-0.1190,-0.0960,2.999,good,0.075,7.09,0,0,0,0,13.02,2,0.0,,,
142,0.4520,-0.1131,-0.1667,3.001,good,0.000,6.05,0,0,0,0,11.03,3,0.0,,,
143,0.4520,-0.1120,0.0326,3.001,good,0.203,7.93,0,0,0,0,10.64,3,0.0,,,
150,0.4520,-0.1160,-0.2178,3.003,faded,0.978,7.71,1,1,1,0,11.93,2,3.2,4|3,141,141
151,0.4520,-0.1179,0.0240,3.000,shell,1.000,8.30,1,1,1,0,12.63,2,2.4,35|34,152,152
152,0.4520,-0.1155,-0.1758,2.996,faded,0.958,5.03,1,1,1,0,11.93,2,3.2,9,142,142
145,0.4560,-0.1155,-0.2050,3.006,faded,0.994,5.52,1,1,1,0,11.71,3,3.2,5,145,145
146,0.4560,-0.1128,0.1549,2.999,good,0.035,4.64,0,0,0,0,10.93,3,0.0,,,
147,0.4560,-0.1117,0.0664,2.986,faded,1.000,8.24,1,1,1,0,10.90,3,3.2,40,149,149
148,0.4560,-0.1094,0.2294,3.002,good,0.000,2.90,0,0,0,0,9.73,3,0.0,,,
149,0.4560,-0.1087,0.0152,2.997,good,0.039,8.15,0,0,0,0,9.63,3,0.0,,,
153,0.4600,-0.1164,0.1233,3.003,faded,0.999,7.58,1,1,1,0,12.05,3,2.9,47,181,181
154,0.4600,-0.1146,-0.0190,3.000,good,0.006,5.60,0,0,0,0,11.53,3,0.0,,,
155,0.4600,-0.1120,0.2242,3.005,faded,0.614,6.95,1,1,1,0,10.55,3,3.2,60,173,173
156,0.4600,-0.1111,0.1912,2.998,insect,1.000,8.15,1,1,1,0,10.41,3,3.1,56,154,154
157,0.4600,-0.1100,-0.0340,3.017,good,0.033,5.08,0,0,0,0,9.59,3,0.0,,,
158,0.4640,-0.1150,-0.1479,3.007,faded,0.952,6.94,1,1,1,0,11.48,3,3.2,13|12,178,178
159,0.4640,-0.1106,0.2070,3.001,good,0.003,5.01,0,0,0,0,10.18,3,0.0,,,
160,0.4640,-0.1109,0.1307,3.004,black,1.000,52.01,1,1,1,0,10.21,3,3.2,48,153,153
164,0.4640,-0.1191,-0.1249,3.004,faded,0.570,3.94,1,1,1,0,12.93,2,3.2,16|15,150,150
165,0.4640,-0.1193,-0.1109,3.031,good,0.003,5.87,0,0,0,0,12.37,2,0.0,,,
166,0.4640,-0.1196,0.0628,2.992,black,1.000,49.72,1,1,1,0,13.39,2,3.2,40|39,168,168
161,0.4680,-0.1125,-0.0255,3.006,good,0.181,7.20,0,0,0,0,10.71,3,0.0,,,
162,0.4680,-0.1093,-0.0055,2.996,good,0.032,6.72,0,0,0,0,9.86,3,0.0,,,
163,0.4680,-0.1083,0.0855,2.999,good,0.222,6.82,0,0,0,0,9.46,3,0.0,,,
168,0.4680,-0.1170,-0.1380,3.007,good,0.001,6.30,0,0,0,0,12.15,2,0.0,,,
169,0.4680,-0.1165,-0.0154,3.157,good,0.000,5.98,0,0,0,0,8.59,2,0.0,,,
170,0.4680,-0.1152,0.2259,2.996,good,0.000,4.48,0,0,0,0,11.82,2,0.0,,,
167,0.4720,-0.1127,-0.0797,2.994,good,0.477,8.25,0,0,0,0,11.06,3,0.0,,,
177,0.4720,-0.1180,-0.2171,3.005,good,0.000,3.84,0,0,0,0,12.54,2,0.0,,,
171,0.4760,-0.1118,-0.0955,2.998,faded,0.937,6.92,1,1,1,0,10.62,3,3.2,19,170,170
172,0.4760,-0.1107,-0.1203,3.230,good,0.065,5.23,0,0,0,0,5.24,3,0.0,,,
173,0.4760,-0.1134,0.0336,2.788,good,0.030,6.78,0,0,0,0,16.53,3,0.0,,,
174,0.4760,-0.1086,-0.2279,2.999,insect,1.000,4.32,1,1,1,0,9.56,3,3.1,2|3,179,179
175,0.4760,-0.1081,-0.1967,2.997,faded,0.990,4.94,1,1,1,0,9.43,3,3.2,6|7,167,167
176,0.4760,-0.1081,0.2114,3.013,good,0.000,3.59,0,0,0,0,9.08,3,0.0,,,
178,0.4800,-0.1142,-0.0262,3.003,good,0.294,8.23,0,0,0,0,11.32,3,0.0,,,
179,0.4800,-0.1115,-0.1456,2.998,faded,0.994,4.74,1,1,1,0,10.56,3,3.2,13,190,190
180,0.4800,-0.1084,-0.1352,3.001,shell,0.934,7.72,1,1,1,0,9.43,3,2.4,14,195,195
181,0.4800,-0.1200,-0.0735,3.007,good,0.001,7.82,0,0,0,0,13.14,2,0.0,,,
182,0.4800,-0.1180,0.0240,3.002,good,0.007,6.33,0,0,0,0,12.62,2,0.0,,,
186,0.4840,-0.1183,-0.1624,3.001,faded,0.998,6.98,1,1,1,0,12.74,2,3.2,11,187,187
183,0.4880,-0.1142,-0.1788,2.984,good,0.001,3.65,0,0,0,0,11.78,3,0.0,,,
184,0.4880,-0.1134,0.1455,3.001,good,0.023,3.98,0,0,0,0,11.11,3,0.0,,,
185,0.4880,-0.1098,0.0925,2.995,faded,1.000,5.07,1,1,1,0,10.04,3,3.2,43|44,184,184
187,0.4920,-0.1153,0.0015,2.991,good,0.000,4.99,0,0,0,0,11.97,3,0.0,,,
188,0.4920,-0.1135,0.1042,2.986,good,0.003,6.13,0,0,0,0,11.51,3,0.0,,,
189,0.4920,-0.1120,-0.1912,3.003,good,0.001,5.65,0,0,0,0,10.60,3,0.0,,,
190,0.4920,-0.1102,0.1183,2.996,good,0.100,5.80,0,0,0,0,10.15,3,0.0,,,
191,0.4960,-0.1149,0.2043,3.002,good,0.007,3.64,0,0,0,0,11.58,3,0.0,,,
192,0.4960,-0.1155,-0.0479,3.002,good,0.002,6.26,0,0,0,0,11.78,3,0.0,,,
193,0.4960,-0.1123,-0.0376,2.996,good,0.261,7.43,0,0,0,0,10.86,3,0.0,,,
194,0.4960,-0.1093,-0.1441,2.998,faded,0.981,5.06,1,1,1,0,9.80,3,3.2,13,180,180
195,0.4960,-0.1110,0.1972,3.072,good,0.102,5.21,0,0,0,0,8.68,3,0.0,,,
196,0.4960,-0.1082,-0.1169,3.009,good,0.131,6.86,0,0,0,0,9.20,3,0.0,,,
197,0.4960,-0.1195,-0.0617,3.251,good,0.000,5.05,0,0,0,0,7.52,2,0.0,,,
198,0.5000,-0.1155,-0.0632,3.183,faded,0.521,5.88,1,1,1,0,7.69,2,3.2,23|24,198,
199,0.5080,-0.1152,0.1225,3.007,faded,0.976,6.55,1,1,1,0,11.57,3,3.2,47,197,197
200,0.5080,-0.1152,0.1611,3.010,faded,0.906,3.53,1,1,1,0,11.48,3,3.2,52,205,205
201,0.5080,-0.1152,0.0123,2.995,shell,1.000,9.46,1,1,1,0,11.87,3,2.4,33,192,192
202,0.5080,-0.1365,0.1969,3.000,good,0.020,7.16,0,0,0,0,10.83,1,0.0,,,
203,0.5080,-0.1107,0.1011,2.992,good,0.071,5.05,0,0,0,0,10.43,3,0.0,,,
204,0.5080,-0.1108,0.2180,2.999,good,0.541,6.55,1,1,1,0,10.29,3,2.4,59|60,200,200
205,0.5080,-0.1105,-0.1846,2.999,good,0.000,2.23,0,0,0,0,10.19,3,0.0,,,
207,0.5080,-0.1186,-0.0157,2.995,good,0.012,6.30,0,0,0,0,12.98,2,0.0,,,
208,0.5080,-0.1141,0.1931,2.995,good,0.000,3.01,0,0,0,0,11.47,2,0.0,,,
209,0.5080,-0.1136,0.2020,2.644,good,0.000,3.62,0,0,0,0,20.80,2,0.0,,,
206,0.5120,-0.1131,0.0884,3.000,shell,0.992,9.15,1,1,1,0,11.05,3,2.4,43,217,217
210,0.5160,-0.1132,-0.0957,3.004,good,0.412,6.55,0,0,0,0,10.97,3,0.0,,,
211,0.5160,-0.1140,0.1493,2.999,good,0.000,4.27,0,0,0,0,11.35,3,0.0,,,
212,0.5160,-0.1128,-0.1622,3.004,insect,1.000,9.17,1,1,1,0,10.85,3,3.1,11,199,199
213,0.5160,-0.1110,-0.2298,2.999,good,0.012,4.42,0,0,0,0,10.37,3,0.0,,,
214,0.5160,-0.1111,0.2418,3.000,black,1.000,48.91,1,1,1,0,10.36,3,3.2,62|63,232,232
215,0.5200,-0.1157,0.1705,2.969,good,0.012,5.13,0,0,0,0,12.64,3,0.0,,,
218,0.5200,-0.1197,0.1361,3.000,faded,1.000,4.34,1,1,1,0,13.24,2,3.2,49,210,210
220,0.5200,-0.1187,0.1167,2.995,black,1.000,45.32,1,1,1,0,13.03,2,3.2,46|47,237,237
221,0.5200,-0.1184,0.0173,2.999,good,0.000,5.56,0,0,0,0,12.83,2,0.0,,,
229,0.5200,-0.1020,0.1456,3.000,good,0.000,4.29,0,0,0,0,7.33,1,0.0,,,
216,0.5240,-0.1152,-0.0334,3.004,good,0.033,7.04,0,0,0,0,11.66,3,0.0,,,
217,0.5240,-0.1096,-0.0055,2.996,good,0.006,5.47,0,0,0,0,9.98,3,0.0,,,
219,0.5240,-0.1084,-0.2280,2.989,good,0.000,3.15,0,0,0,0,9.72,3,0.0,,,
228,0.5240,-0.1178,-0.1974,2.998,faded,0.819,4.37,1,1,1,0,12.64,2,3.2,6,221,221
222,0.5280,-0.1146,-0.0845,3.019,faded,1.000,6.17,1,1,1,0,11.08,3,3.2,21|20,222,222
223,0.5280,-0.1135,0.0244,2.991,good,0.471,8.73,0,0,0,0,11.40,3,0.0,,,
224,0.5280,-0.1115,-0.1600,3.001,faded,0.948,6.84,1,1,1,0,10.49,3,2.9,11,211,211
225,0.5280,-0.1114,-0.0063,3.010,good,0.000,4.68,0,0,0,0,10.22,3,0.0,,,
226,0.5280,-0.1110,0.1218,3.005,good,0.071,7.80,0,0,0,0,10.22,3,0.0,,,
227,0.5280,-0.1087,-0.1747,3.007,good,0.010,5.85,0,0,0,0,9.39,3,0.0,,,
231,0.5280,-0.1161,0.0945,3.004,insect,1.000,9.52,1,1,1,0,11.94,2,3.1,44|43,228,228
232,0.5280,-0.1149,0.0807,2.998,good,0.001,6.31,0,0,0,0,11.66,2,0.0,,,
230,0.5320,-0.1124,-0.1333,2.997,faded,0.869,4.79,1,1,1,0,10.85,3,3.2,14|15,246,246
234,0.5320,-0.1199,-0.0871,3.000,good,0.250,8.20,0,0,0,0,13.31,2,0.0,,,
235,0.5320,-0.1187,0.0523,3.021,shell,1.000,9.70,1,1,1,0,12.39,2,2.4,38,229,229
233,0.5360,-0.1089,0.2191,3.000,good,0.000,2.31,0,0,0,0,9.63,3,0.0,,,
240,0.5360,-0.1190,-0.0628,2.999,shell,0.781,7.81,1,1,1,0,13.03,2,2.4,23|24,248,248
236,0.5400,-0.1121,-0.0093,3.009,good,0.033,6.89,0,0,0,0,10.47,3,0.0,,,
237,0.5400,-0.1103,0.0098,3.003,good,0.043,7.92,0,0,0,0,10.04,3,0.0,,,
238,0.5400,-0.1089,0.2047,2.999,good,0.141,4.02,0,0,0,0,9.63,3,0.0,,,
239,0.5400,-0.1081,-0.0543,3.005,good,0.002,7.27,0,0,0,0,9.25,3,0.0,,,
244,0.5400,-0.1170,-0.1316,2.994,good,0.414,6.04,0,0,0,0,12.46,2,0.0,,,
241,0.5440,-0.1159,-0.1147,2.894,good,0.000,4.27,0,0,0,0,14.58,3,0.0,,,
242,0.5440,-0.1118,-0.0313,2.997,husk,0.555,6.84,1,1,1,0,10.66,3,2.4,27|28,226,226
243,0.5440,-0.1128,0.1540,2.999,faded,0.970,5.42,1,1,1,0,10.95,3,3.2,51,252,252
252,0.5440,-0.1180,-0.1939,3.002,good,0.109,5.49,0,0,0,0,12.63,2,0.0,,,
253,0.5440,-0.1163,-0.1816,3.009,sour,1.000,24.26,1,1,1,0,11.89,2,3.2,8,242,242
245,0.5480,-0.1140,0.1763,2.994,good,0.000,6.98,0,0,0,0,11.48,3,0.0,,,
246,0.5480,-0.1141,0.2381,2.996,good,0.000,4.17,0,0,0,0,11.47,3,0.0,,,
247,0.5480,-0.1134,0.1565,2.990,husk,0.863,7.09,1,1,1,0,11.35,3,2.4,52|51,233,233
248,0.5480,-0.1101,0.0652,3.015,black,1.000,43.10,1,1,1,0,9.70,3,3.2,40,238,238
249,0.5480,-0.1106,0.0501,3.002,good,0.010,6.96,0,0,0,0,10.16,3,0.0,,,
250,0.5480,-0.1095,-0.2007,2.997,good,0.239,3.36,0,0,0,0,9.93,3,0.0,,,
251,0.5480,-0.1091,-0.0733,2.995,good,0.076,5.74,0,0,0,0,9.81,3,0.0,,,
257,0.5480,-0.1179,-0.0701,3.001,shell,0.979,7.97,1,1,1,0,12.61,2,2.4,23|22,249,
254,0.5520,-0.1143,-0.1565,3.008,good,0.000,7.88,0,0,0,0,11.23,3,0.0,,,
255,0.5520,-0.1141,0.2112,3.004,faded,1.000,6.63,1,1,1,0,11.29,3,3.2,59|58,260,260
256,0.5520,-0.1107,0.1599,3.002,good,0.374,5.46,0,0,0,0,10.21,3,0.0,,,
261,0.5520,-0.1181,0.1962,3.006,shell,1.000,13.97,1,1,1,0,12.54,2,2.4,57|56,265,265
258,0.5560,-0.1146,-0.0593,3.003,good,0.008,6.77,0,0,0,0,11.44,3,0.0,,,
259,0.5560,-0.1116,0.0150,3.000,faded,0.971,8.52,1,1,1,0,10.55,3,3.0,33|34,245,245
260,0.5560,-0.1086,-0.1320,3.002,faded,0.941,6.30,1,1,1,0,9.48,3,3.2,15|14,257,257
264,0.5560,-0.1164,-0.0294,3.001,shell,1.000,8.90,1,1,1,0,12.09,2,2.4,28,268,268
262,0.5600,-0.1138,0.1923,3.004,good,0.009,5.18,0,0,0,0,11.19,3,0.0,,,
263,0.5600,-0.1124,-0.1622,2.989,shell,0.967,8.67,1,1,1,0,11.07,3,2.4,11,270,270
265,0.5640,-0.1138,0.1587,2.995,good,0.071,4.66,0,0,0,0,11.40,3,0.0,,,
266,0.5640,-0.1085,-0.0522,2.997,faded,0.649,6.11,1,1,1,0,9.55,3,3.2,25,258,258
273,0.5680,-0.1182,-0.2194,3.004,good,0.055,7.35,0,0,0,0,12.63,2,0.0,,,
274,0.5680,-0.1194,0.1496,3.039,faded,0.974,7.46,1,1,1,0,12.19,2,3.1,51|50,275,275
267,0.5720,-0.1275,-0.0696,2.999,shell,0.527,8.71,1,1,1,0,11.85,2,2.4,23|22,,
268,0.5720,-0.1132,0.1766,2.998,shell,1.000,14.84,1,1,1,0,11.12,3,2.4,54,280,280
269,0.5720,-0.1109,-0.0191,2.981,shell,0.654,8.61,1,1,1,0,10.75,3,2.4,29,274,274
270,0.5720,-0.1116,-0.1960,3.001,good,0.000,3.29,0,0,0,0,10.50,3,0.0,,,
271,0.5720,-0.1095,0.2329,2.974,black,1.000,61.91,1,1,1,0,10.44,3,3.2,61|62,278,278
272,0.5720,-0.1081,-0.1590,2.999,faded,0.999,4.48,1,1,1,0,9.37,3,3.2,11,261,261
276,0.5720,-0.1184,-0.0650,3.450,good,0.206,7.39,0,0,0,0,3.31,2,0.0,,,
277,0.5720,-0.1185,-0.1504,3.009,good,0.017,3.94,0,0,0,0,12.59,2,0.0,,,
275,0.5760,-0.1138,0.1298,2.998,good,0.013,6.57,0,0,0,0,11.32,3,0.0,,,
278,0.5800,-0.1122,0.0526,3.002,shell,0.867,8.05,1,1,1,0,10.69,3,2.4,38,273,273
281,0.5800,-0.1199,-0.1083,2.993,shell,0.999,7.98,1,1,1,0,13.49,2,2.4,18|17,271,271
279,0.5840,-0.1138,0.2078,3.011,good,0.001,4.30,0,0,0,0,11.00,3,0.0,,,
280,0.5840,-0.1139,-0.1901,3.013,black,1.000,43.90,1,1,1,0,10.99,3,3.2,7,281,281
282,0.5840,-0.1105,0.0080,2.843,good,0.253,8.19,0,0,0,0,14.06,3,0.0,,,
286,0.5840,-0.1186,-0.2021,3.001,good,0.000,4.62,0,0,0,0,12.86,2,0.0,,,
287,0.5840,-0.1177,-0.1377,3.007,good,0.080,7.11,0,0,0,0,12.40,2,0.0,,,
283,0.5880,-0.1123,0.0904,3.323,husk,1.000,14.19,1,1,1,0,3.87,3,2.4,43,320,
284,0.5880,-0.1124,-0.0090,3.004,good,0.002,6.04,0,0,0,0,10.70,3,0.0,,,
285,0.5880,-0.1100,0.1531,2.995,faded,0.999,4.79,1,1,1,0,10.12,3,3.2,51,282,282
291,0.5880,-0.1196,0.2098,3.005,good,0.009,3.44,0,0,0,0,13.06,2,0.0,,,
292,0.5880,-0.1182,0.1721,2.832,faded,0.836,6.11,1,1,1,0,17.06,2,3.2,54|53,285|297,285|297
293,0.5880,-0.1179,0.0702,3.000,black,1.000,42.37,1,1,1,0,12.62,2,3.2,40|41,292,292
288,0.5920,-0.1159,0.1687,2.998,good,0.006,5.09,0,0,0,0,12.02,3,0.0,,,
289,0.5920,-0.1094,0.0092,2.998,faded,1.000,6.64,1,1,1,0,9.86,3,3.2,33|32,277,277
290,0.5920,-0.1089,-0.1139,2.993,good,0.003,6.03,0,0,0,0,9.80,3,0.0,,,
294,0.5960,-0.1143,0.0217,3.000,faded,0.990,4.23,1,1,1,0,11.44,3,3.2,34,291,291
295,0.5960,-0.1129,0.1827,3.001,good,0.001,5.40,0,0,0,0,10.96,3,0.0,,,
296,0.5960,-0.1109,-0.0873,3.000,good,0.015,4.88,0,0,0,0,10.30,3,0.0,,,
299,0.5960,-0.1185,0.1101,2.999,good,0.016,7.21,0,0,0,0,12.87,2,0.0,,,
300,0.5960,-0.1178,-0.2079,2.998,good,0.011,3.39,0,0,0,0,12.65,2,0.0,,,
297,0.6000,-0.1132,-0.0097,3.002,shell,0.740,8.77,1,1,1,0,11.01,3,2.4,30,290,290
298,0.6000,-0.1080,-0.0998,3.005,shell,0.947,9.21,1,1,1,0,9.23,3,2.4,19,287,287
301,0.6040,-0.1153,-0.0679,2.996,faded,0.796,8.14,1,1,1,0,11.87,3,2.5,23,307,307
305,0.6040,-0.1144,0.1334,3.000,good,0.017,9.58,0,0,0,0,11.45,2,0.0,,,
306,0.6040,-0.1179,0.0942,3.004,good,0.001,6.86,0,0,0,0,12.52,2,0.0,,,
302,0.6080,-0.1154,-0.2192,2.989,faded,0.999,7.55,1,1,1,0,12.08,3,3.2,3|4,324,324
303,0.6080,-0.1128,0.2327,2.995,faded,0.749,4.50,1,1,1,0,11.04,3,3.2,61,300,300
304,0.6080,-0.1106,-0.0832,3.003,shell,0.832,8.28,1,1,1,0,10.13,3,2.4,21,305,305
307,0.6120,-0.1154,0.1956,3.001,good,0.000,3.50,0,0,0,0,11.78,3,0.0,,,
308,0.6120,-0.1109,-0.0622,2.999,faded,1.000,5.70,1,1,1,0,10.33,3,3.2,24|23,316,316
309,0.6120,-0.1089,0.1110,2.998,faded,0.992,7.38,1,1,1,0,9.69,3,3.1,46,302,302
314,0.6120,-0.1190,0.0890,3.000,shell,0.986,7.75,1,1,1,0,12.99,2,2.4,43,310,310
315,0.6120,-0.1186,0.1663,2.993,good,0.327,5.22,0,0,0,0,13.05,2,0.0,,,
316,0.6120,-0.1163,-0.0527,2.998,shell,0.700,7.84,1,1,1,0,12.14,2,2.4,25,311,311
310,0.6160,-0.1180,-0.1371,2.638,shell,0.999,14.59,1,1,1,0,22.61,3,2.4,14,322,
311,0.6160,-0.1121,-0.1269,3.001,faded,0.929,8.25,1,1,1,0,10.69,3,2.4,15,325,325
312,0.6160,-0.1118,-0.0579,2.996,insect,1.000,7.77,1,1,1,0,10.68,3,3.1,24,308,308
313,0.6160,-0.1098,0.0967,2.998,faded,0.998,7.86,1,1,1,0,10.00,3,3.2,44,333,333
318,0.6160,-0.1197,-0.2089,2.998,good,0.000,4.82,0,0,0,0,13.31,2,0.0,,,
319,0.6160,-0.1170,0.0512,2.995,good,0.017,5.64,0,0,0,0,12.45,2,0.0,,,
320,0.6160,-0.1145,-0.2216,3.001,black,0.693,20.46,1,1,1,0,11.48,2,3.2,3,303|331,303|331
317,0.6200,-0.1111,0.1755,3.000,faded,1.000,5.42,1,1,1,0,10.39,3,3.2,54,304,304
321,0.6240,-0.1150,-0.1894,2.991,good,0.007,6.98,0,0,0,0,11.89,3,0.0,,,
324,0.6240,-0.1153,-0.1673,3.096,faded,0.700,8.71,1,1,1,0,9.55,2,2.9,10,313,313
322,0.6280,-0.1098,-0.0218,3.000,good,0.009,6.02,0,0,0,0,9.93,3,0.0,,,
323,0.6280,-0.1091,0.0880,2.972,good,0.000,4.97,0,0,0,0,10.34,3,0.0,,,
325,0.6280,-0.1186,0.1973,3.001,faded,1.000,4.68,1,1,1,0,12.86,2,3.2,57,326,326
326,0.6280,-0.1172,0.1528,3.000,good,0.000,5.31,0,0,0,0,12.40,2,0.0,,,
327,0.6280,-0.1179,0.0785,3.062,shell,0.997,9.41,1,1,1,0,11.15,2,2.4,42|41,323,323
328,0.6280,-0.1162,0.1616,3.004,good,0.000,4.66,0,0,0,0,11.99,2,0.0,,,
329,0.6360,-0.1130,0.0447,2.998,faded,0.999,8.58,1,1,1,0,11.04,3,3.2,37,321,321
330,0.6400,-0.1149,-0.1718,2.823,good,0.039,6.11,0,0,0,0,16.13,3,0.0,,,
331,0.6400,-0.1133,-0.2334,2.998,good,0.001,3.35,0,0,0,0,11.15,3,0.0,,,
332,0.6400,-0.1114,0.2122,3.001,faded,0.999,5.59,1,1,1,0,10.45,3,3.2,59|58,346,346
333,0.6400,-0.1095,0.1234,3.000,good,0.005,5.11,0,0,0,0,9.84,3,0.0,,,
334,0.6400,-0.1084,0.1705,2.998,good,0.003,5.44,0,0,0,0,9.52,3,0.0,,,
337,0.6400,-0.1184,-0.1403,2.972,good,0.319,7.06,0,0,0,0,13.48,2,0.0,,,
338,0.6400,-0.1179,0.1824,3.001,good,0.000,4.96,0,0,0,0,12.62,2,0.0,,,
339,0.6400,-0.1182,0.1143,2.975,black,1.000,45.39,1,1,1,0,13.34,2,3.2,46,339,339
335,0.6440,-0.1138,0.2202,2.995,good,0.005,7.02,0,0,0,0,11.40,3,0.0,,,
336,0.6440,-0.1086,-0.1490,3.009,faded,0.933,4.67,1,1,1,0,9.35,3,3.2,12|13,327,327
343,0.6440,-0.1189,-0.0721,2.985,faded,0.943,5.65,1,1,1,0,13.32,2,3.2,22,335,335
340,0.6480,-0.1137,-0.1923,2.983,faded,1.000,6.24,1,1,1,0,11.62,3,3.2,7,345,345
341,0.6480,-0.1127,-0.1811,2.998,good,0.000,5.56,0,0,0,0,10.96,3,0.0,,,
342,0.6480,-0.1125,0.1266,3.010,faded,0.998,4.74,1,1,1,0,10.59,3,3.2,48,358,358
345,0.6480,-0.1194,0.1937,2.999,good,0.000,4.77,0,0,0,0,13.16,2,0.0,,,
344,0.6520,-0.1097,-0.1003,3.009,shell,0.925,7.96,1,1,1,0,9.72,3,2.4,19|18,350,350
346,0.6520,-0.1084,-0.1358,3.008,good,0.013,3.21,0,0,0,0,9.28,3,0.0,,,
352,0.6520,-0.1193,-0.0803,2.992,good,0.471,10.21,0,0,0,0,13.29,2,0.0,,,
353,0.6520,-0.1180,0.1712,3.006,faded,1.000,5.16,1,1,1,0,12.53,2,3.2,53|54,366,366
347,0.6560,-0.1276,0.0640,2.988,shell,0.500,8.22,1,1,1,0,12.17,2,2.4,40|39,,
348,0.6560,-0.1131,-0.1685,3.007,good,0.331,5.32,0,0,0,0,10.86,3,0.0,,,
349,0.6560,-0.1101,-0.2119,2.998,faded,0.989,4.09,1,1,1,0,10.08,3,3.2,4|5,347,347
350,0.6560,-0.1091,0.1605,2.999,sour,1.000,10.07,1,1,1,0,9.71,3,3.2,52,342,342
351,0.6560,-0.1089,0.1818,2.997,good,0.126,4.30,0,0,0,0,9.70,3,0.0,,,
355,0.6560,-0.1198,-0.2324,3.001,good,0.002,3.58,0,0,0,0,13.25,2,0.0,,,
354,0.6600,-0.1109,-0.0113,3.001,shell,1.000,9.37,1,1,1,0,10.27,3,2.4,30,344,
359,0.6600,-0.1177,-0.1201,3.000,good,0.286,4.66,0,0,0,0,12.59,2,0.0,,,
356,0.6640,-0.1144,-0.2216,2.994,good,0.002,3.52,0,0,0,0,11.59,3,0.0,,,
357,0.6640,-0.1124,-0.0904,2.978,good,0.001,7.92,0,0,0,0,11.31,3,0.0,,,
358,0.6640,-0.1089,0.1490,3.003,good,0.000,4.14,0,0,0,0,9.54,3,0.0,,,
361,0.6640,-0.1163,0.1068,2.985,good,0.001,5.94,0,0,0,0,12.47,2,0.0,,,
360,0.6680,-0.1129,-0.0482,2.995,shell,0.994,9.71,1,1,1,0,11.09,3,2.4,25|26,384,384
362,0.6720,-0.1137,0.0790,3.007,good,0.000,5.41,0,0,0,0,11.06,3,0.0,,,
363,0.6720,-0.1141,-0.2220,3.003,faded,0.999,6.89,1,1,1,0,11.29,3,3.2,3,372,372
364,0.6720,-0.1126,0.2085,2.987,good,0.006,4.14,0,0,0,0,11.20,3,0.0,,,
365,0.6720,-0.1115,0.0969,2.988,good,0.007,6.18,0,0,0,0,10.80,3,0.0,,,
368,0.6720,-0.1167,0.1194,3.020,good,0.182,4.42,0,0,0,0,11.75,2,0.0,,,
366,0.6760,-0.1130,0.0040,2.999,good,0.341,8.08,0,0,0,0,11.04,3,0.0,,,
367,0.6760,-0.1116,-0.1135,3.032,faded,0.959,4.41,1,1,1,0,9.79,3,3.2,17,362,
370,0.6760,-0.1169,0.2056,3.003,faded,0.999,7.70,1,1,1,0,12.24,2,3.2,58,375,375
369,0.6800,-0.1124,-0.1412,2.997,good,0.002,6.99,0,0,0,0,10.89,3,0.0,,,
375,0.6800,-0.1178,-0.2293,3.262,good,0.001,8.71,0,0,0,0,6.78,2,0.0,,,
371,0.6840,-0.1156,-0.0245,2.953,good,0.407,7.89,0,0,0,0,13.02,3,0.0,,,
372,0.6840,-0.1114,0.1311,3.006,faded,0.785,4.85,1,1,1,0,10.31,3,2.7,48,392,392
373,0.6840,-0.1089,-0.1342,3.007,good,0.001,6.03,0,0,0,0,9.48,3,0.0,,,
374,0.6840,-0.1088,0.0512,2.924,good,0.004,6.66,0,0,0,0,11.40,3,0.0,,,
378,0.6840,-0.1192,0.2171,3.096,good,0.037,3.12,0,0,0,0,10.79,2,0.0,,,
379,0.6840,-0.1163,-0.1838,2.994,good,0.029,5.53,0,0,0,0,12.24,2,0.0,,,
376,0.6880,-0.1131,-0.2176,2.961,good,0.000,6.19,0,0,0,0,11.97,3,0.0,,,
377,0.6880,-0.1131,0.0954,2.997,faded,0.998,9.33,1,1,1,0,11.09,3,3.1,44,386,
384,0.6880,-0.1195,0.0489,2.960,good,0.005,6.72,0,0,0,0,14.15,2,0.0,,,
385,0.6880,-0.1196,-0.0790,3.001,good,0.521,7.38,1,1,1,0,13.17,2,2.4,21|22,378,378
380,0.6920,-0.1145,0.1857,2.970,good,0.019,4.76,0,0,0,0,12.21,3,0.0,,,
381,0.6920,-0.1102,0.0737,2.992,good,0.003,6.04,0,0,0,0,10.24,3,0.0,,,
382,0.6920,-0.1098,-0.1700,2.998,good,0.001,5.40,0,0,0,0,9.99,3,0.0,,,
383,0.6920,-0.1085,0.1325,2.944,good,0.001,6.57,0,0,0,0,10.84,3,0.0,,,
387,0.6920,-0.1193,-0.1797,2.995,good,0.000,2.96,0,0,0,0,13.23,2,0.0,,,
388,0.6920,-0.1179,0.2182,3.000,good,0.000,3.49,0,0,0,0,12.65,2,0.0,,,
386,0.6960,-0.1096,0.0042,2.975,faded,0.837,5.61,1,1,1,0,10.45,3,3.2,32,399,399
390,0.6960,-0.1166,0.0382,3.001,good,0.366,30.82,1,1,1,0,12.16,2,9.0,36|37|35,402,402
391,0.6960,-0.1166,0.1762,2.979,faded,0.657,5.88,1,1,1,0,12.71,2,3.2,54,387,387
392,0.6960,-0.1151,0.2259,3.435,good,0.007,3.64,0,0,0,0,2.61,2,0.0,,,
389,0.7000,-0.1147,0.1326,2.998,good,0.197,7.09,0,0,0,0,11.63,3,0.0,,,
398,0.7000,-0.1157,-0.0898,3.014,shell,0.576,8.86,1,1,1,0,11.57,2,2.4,20,396,396
399,0.7000,-0.1167,-0.0245,3.005,black,1.000,42.42,1,1,1,0,12.11,2,3.2,28|29,395,395
393,0.7040,-0.1157,-0.0887,3.001,good,0.000,6.72,0,0,0,0,11.88,3,0.0,,,
394,0.7040,-0.1127,-0.1728,2.999,good,0.005,4.88,0,0,0,0,10.90,3,0.0,,,
395,0.7040,-0.1105,0.2354,3.006,good,0.000,2.95,0,0,0,0,10.01,3,0.0,,,
396,0.7040,-0.1101,-0.1323,2.990,good,0.000,5.32,0,0,0,0,10.29,3,0.0,,,
397,0.7040,-0.1098,0.1750,2.994,faded,1.000,6.00,1,1,1,0,10.06,3,3.2,54,394,
406,0.7040,-0.1195,-0.0790,3.007,shell,0.967,9.86,1,1,1,0,12.99,2,2.4,21|22,405,405
407,0.7040,-0.1191,0.1545,2.981,good,0.001,4.75,0,0,0,0,13.50,2,0.0,,,
400,0.7080,-0.1158,0.1949,2.981,black,1.000,49.65,1,1,1,0,12.40,3,3.2,56|57,420,420
401,0.7080,-0.1141,0.0774,2.993,good,0.290,5.29,0,0,0,0,11.54,3,0.0,,,
402,0.7080,-0.1113,-0.2159,3.000,good,0.012,4.85,0,0,0,0,10.46,3,0.0,,,
403,0.7080,-0.1104,-0.1217,2.992,faded,0.883,5.40,1,1,1,0,10.33,3,3.2,16,411,411
404,0.7080,-0.1115,-0.0641,2.996,good,0.003,6.66,0,0,0,0,10.58,3,0.0,,,
405,0.7080,-0.1089,-0.1734,2.997,faded,0.869,6.39,1,1,1,0,9.68,3,3.1,9|10,400,400
410,0.7080,-0.1190,0.0305,3.078,good,0.003,6.98,0,0,0,0,11.14,2,0.0,,,
414,0.7080,-0.1144,-0.2446,3.000,stone,1.000,13.57,1,1,1,0,11.45,1,9.1,0|1|-1,459,
408,0.7120,-0.1121,0.0469,2.995,faded,0.872,7.80,1,1,1,0,10.82,3,3.1,37|38,406,406
409,0.7120,-0.1104,-0.1028,3.006,black,1.000,42.57,1,1,1,0,9.99,3,3.2,18|19,407,407
418,0.7120,-0.1075,-0.2426,3.000,stone,1.000,13.81,1,1,1,0,9.18,1,9.1,0|1|-1,459,
411,0.7160,-0.1112,-0.1089,3.009,good,0.218,8.61,0,0,0,0,10.19,3,0.0,,,
412,0.7160,-0.1115,-0.0998,2.996,good,0.013,6.14,0,0,0,0,10.60,3,0.0,,,
413,0.7160,-0.1103,0.0060,2.985,good,0.533,9.53,1,1,1,0,10.45,3,2.4,32,409,409
417,0.7160,-0.1181,-0.2277,2.998,faded,0.725,4.98,1,1,1,0,12.76,2,3.2,2|3,432,432
425,0.7160,-0.1007,-0.2407,3.000,stone,1.000,13.52,1,1,1,0,6.90,1,9.1,1|0|2,459,
415,0.7200,-0.1135,0.0642,2.994,good,0.119,6.09,0,0,0,0,11.30,3,0.0,,,
416,0.7200,-0.1094,0.2244,3.004,good,0.000,3.95,0,0,0,0,9.71,3,0.0,,,
422,0.7200,-0.1185,-0.0247,3.061,good,0.162,7.40,0,0,0,0,11.37,2,0.0,,,
423,0.7200,-0.1177,0.2087,2.884,good,0.004,5.25,0,0,0,0,15.51,2,0.0,,,
424,0.7200,-0.1160,-0.2089,3.006,good,0.164,7.10,0,0,0,0,11.85,2,0.0,,,
419,0.7240,-0.1170,0.2023,2.859,good,0.000,2.74,0,0,0,0,15.92,3,0.0,,,
420,0.7240,-0.1158,0.0435,2.992,shell,0.937,8.65,1,1,1,0,12.14,3,2.4,37,441,441
421,0.7240,-0.1145,-0.0919,2.575,good,0.011,7.53,0,0,0,0,23.32,3,0.0,,,
428,0.7240,-0.1195,-0.1395,3.064,good,0.063,6.99,0,0,0,0,11.66,2,0.0,,,
426,0.7280,-0.1157,0.0389,3.000,good,0.021,7.10,0,0,0,0,11.89,3,0.0,,,
427,0.7280,-0.1091,-0.0035,3.013,good,0.557,8.86,1,1,1,0,9.42,3,2.4,31,437,437
429,0.7320,-0.1130,-0.0480,3.036,good,0.009,6.30,0,0,0,0,10.16,3,0.0,,,
433,0.7320,-0.1189,-0.2045,3.004,good,0.001,4.46,0,0,0,0,12.88,2,0.0,,,
434,0.7320,-0.1166,-0.0869,2.992,good,0.046,7.66,0,0,0,0,12.41,2,0.0,,,
435,0.7320,-0.1171,0.2278,2.995,good,0.000,2.54,0,0,0,0,12.50,2,0.0,,,
430,0.7360,-0.1149,-0.0126,3.001,faded,0.991,7.61,1,1,1,0,11.61,3,3.2,30,436,436
431,0.7360,-0.1109,0.0587,3.130,faded,0.660,5.58,1,1,1,0,7.38,3,3.2,39,440,
432,0.7360,-0.1099,0.0469,2.886,good,0.451,6.80,0,0,0,0,12.74,3,0.0,,,
439,0.7360,-0.1173,0.0349,3.014,husk,0.989,12.11,1,1,1,0,12.09,2,2.4,36,428|431,428
436,0.7400,-0.1149,-0.0733,3.001,shell,1.000,8.41,1,1,1,0,11.62,3,2.4,22,454,454
437,0.7400,-0.1159,-0.0581,2.674,good,0.366,8.25,0,0,0,0,20.74,3,0.0,,,
438,0.7400,-0.1119,-0.1346,3.005,good,0.436,5.91,0,0,0,0,10.50,3,0.0,,,
440,0.7400,-0.1105,0.0721,2.997,black,1.000,46.62,1,1,1,0,10.24,3,3.2,41,453,453
441,0.7400,-0.1098,-0.1436,2.844,faded,0.984,5.19,1,1,1,0,13.78,3,3.2,13,444,
442,0.7440,-0.1128,0.2179,2.998,good,0.013,4.44,0,0,0,0,10.96,3,0.0,,,
443,0.7440,-0.1115,0.1096,2.962,faded,0.797,7.75,1,1,1,0,11.40,3,2.4,46|45,458,458
444,0.7440,-0.1070,0.0836,3.449,good,0.179,5.19,0,0,0,0,0.00,3,0.0,,,
447,0.7440,-0.1200,-0.0431,3.025,good,0.417,8.94,0,0,0,0,12.72,2,0.0,,,
445,0.7480,-0.1145,-0.0207,3.002,shell,1.000,8.83,1,1,1,0,11.45,3,2.4,29,457,457
446,0.7480,-0.1119,0.2176,2.847,good,0.002,3.76,0,0,0,0,14.43,3,0.0,,,
448,0.7480,-0.1084,0.1946,3.015,good,0.001,7.84,0,0,0,0,9.10,3,0.0,,,
450,0.7480,-0.1176,0.1679,3.006,good,0.002,6.60,0,0,0,0,12.38,2,0.0,,,
449,0.7520,-0.1142,-0.1249,2.991,faded,0.990,9.40,1,1,1,0,11.62,3,3.0,16|15,446,446
451,0.7560,-0.1149,0.1767,2.987,good,0.531,7.98,1,1,1,0,11.94,3,2.4,54,471,471
452,0.7560,-0.1145,-0.2165,2.999,good,0.000,4.06,0,0,0,0,11.51,3,0.0,,,
455,0.7560,-0.1151,-0.0122,3.450,good,0.010,6.69,0,0,0,0,2.34,2,0.0,,,
453,0.7600,-0.1138,-0.0883,2.995,good,0.025,6.27,0,0,0,0,11.40,3,0.0,,,
454,0.7600,-0.1113,-0.1110,3.009,good,0.487,7.88,0,0,0,0,10.21,3,0.0,,,
456,0.7600,-0.1175,-0.0621,2.984,shell,0.831,8.58,1,1,1,0,12.89,2,2.4,24|23,455,455
462,0.7600,-0.1009,-0.0089,3.000,good,0.005,6.61,0,0,0,0,6.98,1,0.0,,,
461,0.7640,-0.1160,-0.0312,3.007,faded,0.737,9.98,1,1,1,0,11.83,2,2.8,28|27,466,
457,0.7680,-0.1150,0.1329,3.002,good,0.006,6.59,0,0,0,0,11.62,3,0.0,,,
458,0.7680,-0.1139,0.0882,2.996,good,0.406,8.17,0,0,0,0,11.38,3,0.0,,,
459,0.7680,-0.1356,0.0180,3.000,shell,0.992,15.51,1,1,1,0,10.54,1,2.4,34,,
460,0.7680,-0.1095,0.1496,2.997,insect,1.000,5.60,1,1,1,0,9.92,3,3.1,51|50,473,473
467,0.7680,-0.1198,-0.2137,3.005,faded,1.000,5.28,1,1,1,0,13.15,2,3.2,4,469,
463,0.7720,-0.1117,-0.1470,2.998,good,0.001,6.88,0,0,0,0,10.60,3,0.0,,,
464,0.7720,-0.1106,0.2168,2.994,good,0.048,3.66,0,0,0,0,10.34,3,0.0,,,
465,0.7720,-0.1103,0.1116,2.976,good,0.094,7.55,0,0,0,0,10.65,3,0.0,,,
466,0.7720,-0.1110,0.2334,2.977,insect,1.000,8.50,1,1,1,0,10.88,3,3.1,61|62,480,
469,0.7720,-0.1186,-0.1663,2.927,good,0.030,4.11,0,0,0,0,14.68,2,0.0,,,
470,0.7720,-0.1135,0.1420,3.450,good,0.009,2.89,0,0,0,0,1.89,2,0.0,,,
471,0.7720,-0.1154,-0.0612,2.999,good,0.031,7.83,0,0,0,0,11.82,2,0.0,,,
468,0.7760,-0.1097,0.2129,2.999,good,0.001,4.27,0,0,0,0,9.90,3,0.0,,,
477,0.7760,-0.1182,-0.2240,3.034,faded,0.996,3.80,1,1,1,0,11.91,2,3.2,3,464,464
478,0.7760,-0.1166,0.1592,2.913,good,0.047,3.11,0,0,0,0,14.37,2,0.0,,,
472,0.7800,-0.1143,-0.1346,3.009,good,0.001,6.44,0,0,0,0,11.22,3,0.0,,,
473,0.7800,-0.1190,0.0667,2.495,shell,0.991,8.62,1,1,1,0,27.79,3,2.4,40,479,
474,0.7800,-0.1110,0.1200,3.000,faded,1.000,7.28,1,1,1,0,10.33,3,3.2,47,486,486
475,0.7800,-0.1105,0.2037,3.001,good,0.000,3.42,0,0,0,0,10.16,3,0.0,,,
476,0.7800,-0.1112,-0.0417,2.735,shell,0.964,8.70,1,1,1,0,17.24,3,2.4,26,478,
481,0.7800,-0.1145,0.0328,3.061,husk,0.949,8.55,1,1,1,0,10.07,2,2.4,36|35,475|484,484
479,0.7840,-0.1101,-0.1877,3.375,sour,1.000,13.07,1,1,1,0,2.25,3,3.2,7|8,499,
480,0.7840,-0.1125,-0.1042,2.700,shell,0.751,7.76,1,1,1,0,18.69,3,2.4,18,467,
482,0.7880,-0.1176,-0.0332,2.660,shell,0.856,8.90,1,1,1,0,21.81,3,2.4,27,495,495
483,0.7880,-0.1122,0.0503,2.999,good,0.003,6.25,0,0,0,0,10.75,3,0.0,,,
486,0.7880,-0.1185,0.0407,3.014,good,0.006,6.66,0,0,0,0,12.49,2,0.0,,,
484,0.7920,-0.1135,-0.0095,3.067,good,0.244,7.85,0,0,0,0,9.64,3,0.0,,,
485,0.7920,-0.1077,-0.1091,3.175,good,0.001,4.07,0,0,0,0,5.40,3,0.0,,,
490,0.7920,-0.1176,-0.1706,3.018,good,0.094,5.43,0,0,0,0,12.11,2,0.0,,,
491,0.7920,-0.1160,0.0247,2.997,good,0.029,6.22,0,0,0,0,12.09,2,0.0,,,
487,0.7960,-0.1118,0.1533,3.000,good,0.404,7.22,0,0,0,0,10.60,3,0.0,,,
488,0.7960,-0.1112,0.2304,3.002,good,0.000,3.65,0,0,0,0,10.35,3,0.0,,,
489,0.7960,-0.1084,0.0652,3.000,good,0.333,8.23,0,0,0,0,9.46,3,0.0,,,
492,0.8000,-0.1121,-0.0768,2.997,good,0.012,7.55,0,0,0,0,10.78,3,0.0,,,
493,0.8000,-0.1118,-0.0386,2.979,shell,0.872,8.13,1,1,1,0,11.11,3,2.4,27|26,501,501
500,0.8000,-0.1175,0.1462,3.012,good,0.001,7.61,0,0,0,0,12.21,2,0.0,,,
494,0.8040,-0.1155,0.0528,3.005,faded,0.930,5.96,1,1,1,0,11.70,3,3.2,38,519,519
495,0.8040,-0.1149,0.0066,2.996,good,0.070,7.43,0,0,0,0,11.72,3,0.0,,,
496,0.8040,-0.1091,0.2116,3.005,good,0.060,6.97,0,0,0,0,9.59,3,0.0,,,
497,0.8040,-0.1082,-0.2217,2.994,good,0.000,3.40,0,0,0,0,9.54,3,0.0,,,
498,0.8040,-0.1093,-0.2024,3.000,good,0.001,7.80,0,0,0,0,9.78,3,0.0,,,
499,0.8040,-0.1088,-0.1144,2.999,good,0.246,6.95,0,0,0,0,9.64,3,0.0,,,
503,0.8040,-0.1186,-0.0412,2.991,good,0.001,5.03,0,0,0,0,13.09,2,0.0,,,
501,0.8080,-0.1116,0.2059,2.977,good,0.043,4.80,0,0,0,0,11.09,3,0.0,,,
502,0.8080,-0.1086,0.1740,2.897,good,0.011,6.41,0,0,0,0,12.02,3,0.0,,,
504,0.8120,-0.1149,-0.0269,3.005,good,0.003,6.77,0,0,0,0,11.51,3,0.0,,,
505,0.8120,-0.1107,-0.2119,3.005,good,0.001,4.02,0,0,0,0,10.11,3,0.0,,,
506,0.8120,-0.1115,-0.0046,2.947,shell,0.770,8.75,1,1,1,0,11.76,3,2.4,31,506,
507,0.8120,-0.1138,0.1309,2.631,good,0.003,6.96,0,0,0,0,21.28,3,0.0,,,
510,0.8120,-0.1194,-0.2131,3.433,insect,1.000,3.96,1,1,1,0,3.93,2,3.1,4,541,
511,0.8120,-0.1184,0.0702,2.967,good,0.389,5.27,0,0,0,0,13.61,2,0.0,,,
512,0.8120,-0.1188,-0.1281,2.999,faded,1.000,4.31,1,1,1,0,12.96,2,3.2,15,529,529
508,0.8160,-0.1131,-0.1995,3.021,insect,1.000,5.59,1,1,1,0,10.52,3,3.1,6,504,504
509,0.8160,-0.1106,-0.1655,3.005,broken,0.700,4.66,1,1,1,0,10.10,3,2.4,10|11,524,524
513,0.8160,-0.1174,0.2348,2.955,faded,0.562,4.00,1,1,1,0,13.56,2,3.2,62|61,517,517
517,0.8160,-0.1057,-0.2160,3.000,insect,1.000,3.93,1,1,1,0,8.57,1,3.1,4,541,
514,0.8240,-0.1135,0.1082,3.002,good,0.150,4.64,0,0,0,0,11.12,3,0.0,,,
515,0.8240,-0.1120,0.0784,3.013,faded,0.793,4.74,1,1,1,0,10.37,3,3.2,42|41,521,521
516,0.8240,-0.1095,-0.2089,3.002,good,0.000,4.30,0,0,0,0,9.77,3,0.0,,,
520,0.8240,-0.1191,-0.1487,2.993,insect,1.000,8.40,1,1,1,0,13.19,2,3.1,12|13,526,526
518,0.8280,-0.1132,-0.0568,3.000,good,0.010,5.63,0,0,0,0,11.05,3,0.0,,,
519,0.8280,-0.1132,0.0055,3.003,shell,0.725,8.78,1,1,1,0,10.99,3,2.4,32,514,514
521,0.8320,-0.1168,-0.1443,2.634,good,0.092,6.95,0,0,0,0,22.31,3,0.0,,,
522,0.8320,-0.1107,-0.2011,2.938,good,0.000,5.19,0,0,0,0,11.69,3,0.0,,,
523,0.8320,-0.1210,0.2044,3.450,good,0.000,3.03,0,0,0,0,0.05,2,0.0,,,
524,0.8320,-0.1083,0.1237,2.981,good,0.001,6.28,0,0,0,0,9.88,3,0.0,,,
528,0.8320,-0.1160,-0.0728,2.985,good,0.198,7.17,0,0,0,0,12.38,2,0.0,,,
529,0.8320,-0.1166,0.2353,2.991,good,0.000,3.81,0,0,0,0,12.42,2,0.0,,,
534,0.8320,-0.1071,0.2082,3.000,good,0.000,3.00,0,0,0,0,9.04,1,0.0,,,
525,0.8360,-0.1142,-0.1832,3.080,good,0.002,4.34,0,0,0,0,9.55,3,0.0,,,
526,0.8360,-0.1109,0.1991,3.001,good,0.173,6.02,0,0,0,0,10.29,3,0.0,,,
527,0.8360,-0.1083,0.1680,3.001,insect,1.000,6.49,1,1,1,0,9.39,3,3.1,53,525,525
533,0.8360,-0.1198,0.2072,2.999,good,0.000,4.04,0,0,0,0,13.29,2,0.0,,,
530,0.8400,-0.1172,0.0306,2.662,faded,0.944,6.56,1,1,1,0,21.59,3,3.2,35|36,539,
531,0.8400,-0.1129,0.1361,3.000,good,0.422,7.31,0,0,0,0,10.95,3,0.0,,,
532,0.8400,-0.1122,-0.2363,2.995,good,0.000,2.72,0,0,0,0,10.87,3,0.0,,,
536,0.8400,-0.1196,0.0800,2.978,good,0.223,7.47,0,0,0,0,13.72,2,0.0,,,
535,0.8440,-0.1125,0.0911,2.897,faded,0.645,5.60,1,1,1,0,13.36,3,3.2,43,528,
539,0.8440,-0.1162,0.1442,3.002,good,0.038,7.62,0,0,0,0,12.03,2,0.0,,,
540,0.8440,-0.1172,-0.1768,3.000,good,0.013,4.58,0,0,0,0,12.40,2,0.0,,,
537,0.8480,-0.1140,0.0667,3.110,good,0.415,5.96,0,0,0,0,8.81,3,0.0,,,
538,0.8480,-0.1085,0.2132,3.015,good,0.007,4.86,0,0,0,0,9.13,3,0.0,,,
544,0.8480,-0.1179,-0.0145,3.165,husk,0.949,11.89,1,1,1,0,8.87,2,2.4,30|29,536|543|617,536
545,0.8480,-0.1188,-0.0898,3.046,good,0.061,5.57,0,0,0,0,11.82,2,0.0,,,
546,0.8480,-0.1186,0.0887,3.005,good,0.002,6.19,0,0,0,0,12.76,2,0.0,,,
547,0.8480,-0.1186,-0.2204,3.005,good,0.001,4.99,0,0,0,0,12.74,2,0.0,,,
541,0.8520,-0.1156,0.1230,3.002,good,0.002,4.82,0,0,0,0,11.81,3,0.0,,,
542,0.8520,-0.1157,-0.0394,2.808,good,0.125,6.61,0,0,0,0,16.82,3,0.0,,,
543,0.8520,-0.1142,0.1105,2.985,faded,0.893,7.38,1,1,1,0,11.75,3,3.2,46|45,565,565
549,0.8520,-0.1173,-0.1950,3.004,good,0.002,5.42,0,0,0,0,12.35,2,0.0,,,
550,0.8520,-0.1133,-0.1194,3.393,good,0.001,4.81,0,0,0,0,2.85,2,0.0,,,
548,0.8560,-0.1139,0.1790,3.000,good,0.001,3.66,0,0,0,0,11.31,3,0.0,,,
552,0.8560,-0.1183,-0.2262,3.005,good,0.036,3.57,0,0,0,0,12.66,2,0.0,,,
551,0.8600,-0.1122,-0.0102,2.997,good,0.018,3.27,0,0,0,0,10.80,3,0.0,,,
554,0.8600,-0.1150,0.0892,3.004,faded,0.994,8.01,1,1,1,0,11.59,2,3.2,43,577,577
553,0.8640,-0.1119,-0.0477,3.004,good,0.001,6.15,0,0,0,0,10.52,3,0.0,,,
558,0.8640,-0.1188,-0.0567,2.998,faded,1.000,9.91,1,1,1,0,12.99,2,3.2,24,556,556
559,0.8640,-0.1165,0.1766,2.984,good,0.001,3.26,0,0,0,0,12.54,2,0.0,,,
560,0.8640,-0.1165,-0.0831,2.994,faded,0.998,9.04,1,1,1,0,12.30,2,2.8,21,558,558
561,0.8640,-0.1126,0.1844,3.009,good,0.001,3.19,0,0,0,0,10.65,2,0.0,,,
555,0.8680,-0.1125,-0.0652,3.007,good,0.111,7.78,0,0,0,0,10.69,3,0.0,,,
556,0.8680,-0.1106,0.1127,2.986,good,0.290,6.63,0,0,0,0,10.54,3,0.0,,,
557,0.8680,-0.1088,-0.0185,3.018,good,0.002,7.32,0,0,0,0,9.19,3,0.0,,,
565,0.8680,-0.1173,-0.0948,3.080,shell,0.714,7.44,1,1,1,0,10.55,2,2.4,19|20,559,559
566,0.8680,-0.1169,-0.0263,3.126,faded,0.906,9.31,1,1,1,0,9.40,2,3.2,28,573,573
562,0.8720,-0.1133,-0.1686,2.941,good,0.013,5.76,0,0,0,0,12.53,3,0.0,,,
563,0.8720,-0.1107,0.0122,3.016,faded,0.680,5.30,1,1,1,0,9.85,3,3.2,33,579,579
564,0.8720,-0.1091,0.1875,2.855,black,1.000,45.07,1,1,1,0,13.24,3,3.2,55|56,566,566
567,0.8760,-0.1155,-0.2199,3.022,good,0.373,3.86,0,0,0,0,11.32,3,0.0,,,
568,0.8760,-0.1115,0.1053,3.004,faded,1.000,8.73,1,1,1,0,10.41,3,3.2,45,592,592
570,0.8760,-0.1173,0.1762,3.304,good,0.000,3.45,0,0,0,0,5.76,2,0.0,,,
569,0.8800,-0.1081,-0.1903,3.166,good,0.001,3.68,0,0,0,0,5.72,3,0.0,,,
573,0.8800,-0.1191,0.1090,3.000,good,0.281,6.00,0,0,0,0,13.03,2,0.0,,,
574,0.8800,-0.1166,-0.2130,3.442,good,0.005,6.12,0,0,0,0,2.93,2,0.0,,,
575,0.8800,-0.1182,0.1758,3.000,good,0.000,6.11,0,0,0,0,12.73,2,0.0,,,
576,0.8800,-0.1146,-0.0100,3.087,faded,0.918,13.27,1,1,1,0,9.52,2,3.2,30,580|593,580|593
577,0.8800,-0.1226,-0.2164,3.000,good,0.106,4.52,0,0,0,0,10.20,1,0.0,,,
571,0.8840,-0.1148,-0.1310,2.994,faded,0.997,6.12,1,1,1,0,11.75,3,3.2,15,595,595
572,0.8840,-0.1133,-0.1889,3.006,good,0.000,4.82,0,0,0,0,10.96,3,0.0,,,
578,0.8840,-0.1153,0.0520,3.008,good,0.017,6.73,0,0,0,0,11.58,2,0.0,,,
583,0.8880,-0.1133,-0.0525,3.399,good,0.026,5.86,0,0,0,0,2.76,2,0.0,,,
579,0.8920,-0.1114,-0.2384,2.993,faded,0.643,3.82,1,1,1,0,10.61,3,3.2,1,584,584
580,0.8920,-0.1273,0.0438,2.309,faded,0.999,6.55,1,1,1,0,34.43,2,3.2,37,,
581,0.8920,-0.1112,-0.1649,2.999,good,0.007,6.28,0,0,0,0,10.44,3,0.0,,,
582,0.8920,-0.1087,0.0295,2.989,shell,1.000,9.30,1,1,1,0,9.83,3,2.4,35,597,597
587,0.8920,-0.1180,0.0408,3.000,faded,1.000,6.45,1,1,1,0,12.68,1,3.2,37,582,
584,0.8960,-0.1125,-0.1892,2.825,good,0.240,3.41,0,0,0,0,15.20,3,0.0,,,
585,0.8960,-0.1094,0.2319,3.004,good,0.000,2.47,0,0,0,0,9.70,3,0.0,,,
586,0.9000,-0.1120,-0.1831,2.995,good,0.015,7.40,0,0,0,0,10.80,3,0.0,,,
591,0.9000,-0.1192,-0.1877,3.007,good,0.000,4.35,0,0,0,0,12.89,2,0.0,,,
592,0.9000,-0.1150,0.1799,2.997,good,0.001,4.72,0,0,0,0,11.75,2,0.0,,,
588,0.9040,-0.1133,-0.1990,3.005,good,0.003,5.50,0,0,0,0,10.97,3,0.0,,,
589,0.9040,-0.1115,0.0015,2.659,good,0.001,6.49,0,0,0,0,19.53,3,0.0,,,
590,0.9040,-0.1104,-0.1170,2.677,good,0.000,6.82,0,0,0,0,18.61,3,0.0,,,
597,0.9040,-0.1179,0.0132,3.034,faded,0.733,6.88,1,1,1,0,11.83,2,3.2,33,601,601
598,0.9040,-0.1159,0.0381,3.018,faded,0.977,6.47,1,1,1,0,11.54,2,3.2,36|37,606,606
593,0.9080,-0.1121,0.1098,3.001,faded,0.987,4.98,1,1,1,0,10.67,3,3.2,46|45,602,602
594,0.9080,-0.1093,-0.1995,3.001,good,0.012,5.41,0,0,0,0,9.76,3,0.0,,,
595,0.9080,-0.1103,-0.1098,2.963,good,0.008,6.00,0,0,0,0,10.96,3,0.0,,,
596,0.9080,-0.1102,0.1802,2.785,good,0.063,3.04,0,0,0,0,15.49,3,0.0,,,
599,0.9080,-0.1194,0.0532,3.006,faded,0.999,5.11,1,1,1,0,12.98,2,3.2,38|39,598,598
600,0.9080,-0.1176,0.1259,3.000,faded,0.999,8.03,1,1,1,0,12.54,2,3.2,48|47,576,576
601,0.9080,-0.1179,-0.2127,3.001,good,0.000,3.48,0,0,0,0,12.60,2,0.0,,,
606,0.9120,-0.1162,0.2238,2.996,good,0.036,3.25,0,0,0,0,12.18,2,0.0,,,
602,0.9160,-0.1151,-0.0594,2.986,faded,0.792,6.75,1,1,1,0,12.04,3,2.8,24,600,600
603,0.9160,-0.1138,-0.0239,3.000,faded,0.588,7.10,1,1,1,0,11.27,3,3.2,28|29,605,605
604,0.9160,-0.1120,-0.1567,2.999,good,0.085,5.01,0,0,0,0,10.68,3,0.0,,,
605,0.9160,-0.1096,-0.1217,2.997,faded,0.995,8.60,1,1,1,0,9.93,3,3.2,16,621,621
611,0.9160,-0.1176,-0.1347,3.006,good,0.001,6.74,0,0,0,0,12.38,2,0.0,,,
612,0.9160,-0.1163,0.0325,3.002,good,0.000,5.69,0,0,0,0,12.07,2,0.0,,,
607,0.9200,-0.1155,0.1727,2.887,good,0.002,5.88,0,0,0,0,14.65,3,0.0,,,
608,0.9200,-0.1105,0.2138,3.014,good,0.001,2.11,0,0,0,0,9.84,3,0.0,,,
609,0.9200,-0.1094,0.1288,2.999,good,0.000,5.49,0,0,0,0,9.84,3,0.0,,,
610,0.9200,-0.1091,0.1379,3.001,good,0.000,5.16,0,0,0,0,9.68,3,0.0,,,
613,0.9240,-0.1091,0.0784,3.185,good,0.000,3.28,0,0,0,0,5.67,3,0.0,,,
614,0.9240,-0.1085,-0.0808,3.014,shell,0.996,8.63,1,1,1,0,9.19,3,2.4,21,629,629
617,0.9240,-0.1180,-0.0637,3.185,broken,0.513,3.10,1,1,1,0,8.43,2,2.4,23|24,585,585
615,0.9280,-0.1111,0.0561,3.000,husk,0.972,8.24,1,1,1,0,10.38,3,2.4,39|38,613|622,613
616,0.9280,-0.1108,-0.1234,2.715,faded,0.998,5.72,1,1,1,0,17.64,3,3.2,16,618,
619,0.9280,-0.1194,0.1826,3.399,good,0.115,6.48,0,0,0,0,4.54,2,0.0,,,
621,0.9280,-0.1167,-0.0080,2.964,good,0.001,5.06,0,0,0,0,13.10,2,0.0,,,
618,0.9320,-0.1126,-0.1461,2.994,shell,0.998,7.89,1,1,1,0,11.00,3,2.4,13,641,641
620,0.9320,-0.1089,0.2363,2.981,good,0.000,4.10,0,0,0,0,10.08,3,0.0,,,
627,0.9320,-0.1192,0.1718,2.998,faded,1.000,7.32,1,1,1,0,13.10,2,3.2,53|54,646,646
628,0.9320,-0.1179,-0.0741,3.084,good,0.125,6.93,0,0,0,0,10.65,2,0.0,,,
629,0.9320,-0.1058,0.1863,3.000,good,0.128,6.47,0,0,0,0,8.59,1,0.0,,,
622,0.9360,-0.1145,-0.1297,2.956,sour,1.000,10.62,1,1,1,0,12.56,3,3.2,15,626,626
623,0.9360,-0.1116,0.1247,3.000,good,0.000,3.51,0,0,0,0,10.56,3,0.0,,,
624,0.9360,-0.1108,0.1354,3.120,good,0.047,7.07,0,0,0,0,7.55,3,0.0,,,
625,0.9360,-0.1091,0.2228,2.998,good,0.000,3.24,0,0,0,0,9.76,3,0.0,,,
626,0.9360,-0.1095,0.0346,2.959,good,0.056,6.59,0,0,0,0,10.80,3,0.0,,,
633,0.9360,-0.1056,-0.0773,3.000,good,0.064,6.79,0,0,0,0,8.52,1,0.0,,,
630,0.9440,-0.1138,-0.0052,2.992,shell,0.998,9.06,1,1,1,0,11.45,3,2.4,31,643,643
631,0.9440,-0.1109,-0.1813,3.039,good,0.002,2.68,0,0,0,0,9.38,3,0.0,,,
632,0.9440,-0.1099,0.0576,3.004,good,0.044,7.13,0,0,0,0,9.89,3,0.0,,,
634,0.9440,-0.1169,-0.0572,2.994,good,0.275,5.52,0,0,0,0,12.44,2,0.0,,,
635,0.9440,-0.1166,0.0065,3.059,good,0.011,6.93,0,0,0,0,10.83,2,0.0,,,
636,0.9440,-0.1151,0.0702,2.969,good,0.032,5.88,0,0,0,0,12.43,2,0.0,,,
639,0.9480,-0.1189,0.0662,3.003,faded,1.000,8.41,1,1,1,0,12.89,2,3.2,40,649,
640,0.9480,-0.1186,0.2356,3.071,good,0.000,3.63,0,0,0,0,11.18,2,0.0,,,
641,0.9480,-0.1151,-0.0870,3.087,good,0.000,5.07,0,0,0,0,9.66,2,0.0,,,
637,0.9520,-0.1143,0.1665,3.032,good,0.000,5.31,0,0,0,0,10.68,3,0.0,,,
638,0.9520,-0.1092,-0.0239,2.994,faded,0.975,8.78,1,1,1,0,9.87,3,2.5,28|29,654,654
643,0.9520,-0.1140,-0.1560,3.248,faded,0.985,7.16,1,1,1,0,5.88,2,3.2,12|11,632,632
642,0.9560,-0.1100,-0.1793,3.050,good,0.000,2.92,0,0,0,0,8.84,3,0.0,,,
644,0.9560,-0.1175,0.0835,3.392,good,0.000,6.70,0,0,0,0,4.13,2,0.0,,,
645,0.9560,-0.1181,0.0408,3.000,good,0.001,6.52,0,0,0,0,12.69,2,0.0,,,
648,0.9600,-0.1191,0.0320,2.995,good,0.002,7.44,0,0,0,0,13.16,2,0.0,,,
649,0.9600,-0.1161,0.1614,3.009,good,0.000,4.51,0,0,0,0,11.83,2,0.0,,,
646,0.9640,-0.1143,0.1318,2.990,good,0.000,5.88,0,0,0,0,11.67,3,0.0,,,
647,0.9640,-0.1126,0.0915,3.037,good,0.001,6.61,0,0,0,0,10.02,3,0.0,,,
652,0.9640,-0.1196,0.0288,2.997,faded,0.872,6.19,1,1,1,0,13.29,2,3.2,35,662,662
653,0.9640,-0.1184,-0.1125,3.003,faded,1.000,6.09,1,1,1,0,12.74,2,3.2,17,652,652
654,0.9640,-0.1176,-0.2412,2.997,good,0.000,4.63,0,0,0,0,12.60,2,0.0,,,
655,0.9640,-0.1174,-0.1030,2.999,good,0.004,3.38,0,0,0,0,12.49,2,0.0,,,
650,0.9680,-0.1117,-0.1232,2.999,shell,0.991,8.64,1,1,1,0,10.59,3,2.4,16,667,667
651,0.9680,-0.1101,0.1499,3.019,good,0.000,4.77,0,0,0,0,9.61,3,0.0,,,
659,0.9680,-0.1179,-0.1669,3.123,shell,0.998,7.69,1,1,1,0,9.78,2,2.4,10,673,
660,0.9680,-0.1176,0.2154,3.023,good,0.001,4.24,0,0,0,0,11.99,2,0.0,,,
656,0.9720,-0.1148,0.0883,2.996,faded,0.994,6.77,1,1,1,0,11.68,3,3.2,43,678,
657,0.9720,-0.1139,0.0094,2.993,good,0.001,4.17,0,0,0,0,11.47,3,0.0,,,
658,0.9720,-0.1117,0.0388,3.006,good,0.001,6.41,0,0,0,0,10.42,3,0.0,,,
662,0.9720,-0.1185,-0.1145,3.017,good,0.000,6.88,0,0,0,0,12.44,2,0.0,,,
663,0.9720,-0.1177,-0.2218,2.736,good,0.000,2.94,0,0,0,0,19.55,2,0.0,,,
661,0.9760,-0.1083,0.0479,2.998,shell,0.540,8.46,1,1,1,0,9.45,3,2.4,38|37,665,665
666,0.9760,-0.1193,0.0801,3.187,black,1.000,42.03,1,1,1,0,8.82,2,3.2,42,684,
664,0.9800,-0.1152,0.0154,2.999,good,0.001,6.82,0,0,0,0,11.77,3,0.0,,,
665,0.9800,-0.1230,0.0402,3.009,faded,0.879,12.23,1,1,1,0,10.13,2,2.5,37|36,,
668,0.9800,-0.1199,-0.2350,3.006,faded,0.998,4.88,1,1,1,0,13.13,2,3.2,1|2,669,669
669,0.9800,-0.1179,-0.0660,3.040,good,0.069,5.79,0,0,0,0,11.69,2,0.0,,,
670,0.9800,-0.1143,0.1139,3.226,sour,1.000,18.52,1,1,1,0,6.44,2,3.2,46,672,
677,0.9800,-0.1152,0.0433,3.000,good,0.060,7.24,0,0,0,0,11.72,1,0.0,,,
678,0.9800,-0.1076,0.0369,3.000,faded,0.994,9.33,1,1,1,0,9.19,1,2.9,36,658,658
667,0.9840,-0.1139,0.1217,2.914,faded,0.999,6.18,1,1,1,0,13.41,3,3.2,47,680,680
673,0.9840,-0.1163,0.0566,3.002,stick,1.000,71.96,1,1,1,0,12.07,2,2.4,39,653,653
676,0.9840,-0.1173,-0.2061,3.071,good,0.010,5.56,0,0,0,0,10.78,2,0.0,,,
671,0.9880,-0.1150,-0.0498,3.014,faded,0.587,6.91,1,1,1,0,11.33,3,3.2,25,676,676
672,0.9880,-0.1129,0.0321,2.999,faded,0.988,7.15,1,1,1,0,10.97,3,3.2,36|35,677,677
674,0.9880,-0.1093,-0.1668,3.012,good,0.000,5.64,0,0,0,0,9.51,3,0.0,,,
675,0.9880,-0.1092,0.2245,3.007,faded,1.000,4.73,1,1,1,0,9.58,3,3.2,60,685,685
683,0.9880,-0.1146,-0.1308,2.999,stick,1.000,68.30,1,1,1,0,11.55,2,2.4,15,687,687
684,0.9880,-0.1171,-0.2109,3.105,good,0.000,3.97,0,0,0,0,9.93,2,0.0,,,
679,0.9920,-0.1144,-0.1372,3.000,faded,0.768,6.75,1,1,1,0,11.47,3,3.2,14,686,686
680,0.9920,-0.1128,-0.0568,3.015,good,0.050,6.60,0,0,0,0,10.56,3,0.0,,,
681,0.9920,-0.1083,-0.0865,3.005,good,0.000,4.68,0,0,0,0,9.33,3,0.0,,,
682,0.9920,-0.1107,0.2065,2.649,black,1.000,51.22,1,1,1,0,19.55,3,3.2,58,675,
685,0.9960,-0.1128,0.1648,3.001,good,0.006,5.87,0,0,0,0,10.91,3,0.0,,,
686,0.9960,-0.1117,0.2270,2.996,faded,0.887,3.86,1,1,1,0,10.64,3,3.2,61|60,679,679
689,0.9960,-0.1194,0.0667,2.735,good,0.000,4.79,0,0,0,0,20.25,2,0.0,,,
690,0.9960,-0.1152,-0.1415,3.183,shell,0.966,8.46,1,1,1,0,7.61,2,2.4,13|14,696,696
687,1.0000,-0.1164,0.1493,3.001,good,0.000,4.76,0,0,0,0,12.12,3,0.0,,,
688,1.0000,-0.1146,0.1909,3.002,good,0.096,4.80,0,0,0,0,11.49,3,0.0,,,
693,1.0000,-0.1166,0.1816,3.000,good,0.000,4.07,0,0,0,0,12.21,2,0.0,,,
691,1.0040,-0.1139,-0.0261,2.993,good,0.002,4.43,0,0,0,0,11.45,3,0.0,,,
692,1.0040,-0.1138,-0.1288,2.987,good,0.000,5.56,0,0,0,0,11.58,3,0.0,,,
696,1.0040,-0.1194,0.0012,2.723,good,0.001,7.00,0,0,0,0,20.57,2,0.0,,,
697,1.0040,-0.1169,-0.0745,3.030,faded,0.653,6.48,1,1,1,0,11.59,2,3.2,22,708,708
698,1.0040,-0.1189,0.1851,2.767,good,0.007,5.45,0,0,0,0,19.09,2,0.0,,,
694,1.0080,-0.1122,0.0578,3.002,good,0.017,6.97,0,0,0,0,10.69,3,0.0,,,
695,1.0080,-0.1084,-0.0941,3.009,good,0.002,5.40,0,0,0,0,9.27,3,0.0,,,
700,1.0080,-0.1163,0.0002,3.004,faded,0.983,8.06,1,1,1,0,11.98,2,2.4,32|31,711,711
699,1.0120,-0.1127,-0.1159,3.003,faded,1.000,18.97,1,1,1,0,10.85,3,3.2,17|16,722,722
701,1.0160,-0.1160,0.0924,3.018,good,0.002,7.99,0,0,0,0,11.56,3,0.0,,,
702,1.0160,-0.1123,-0.1257,2.965,faded,1.000,6.67,1,1,1,0,11.60,3,3.2,15|16,700,
703,1.0160,-0.1093,-0.0326,3.004,good,0.115,6.64,0,0,0,0,9.68,3,0.0,,,
706,1.0160,-0.1167,-0.1645,2.961,good,0.000,3.47,0,0,0,0,13.18,2,0.0,,,
704,1.0200,-0.1144,0.2144,3.004,good,0.002,2.46,0,0,0,0,11.39,3,0.0,,,
705,1.0200,-0.1090,0.0020,3.004,good,0.014,7.46,0,0,0,0,9.58,3,0.0,,,
709,1.0200,-0.1192,-0.1567,3.012,good,0.369,6.65,0,0,0,0,12.78,2,0.0,,,
710,1.0200,-0.1196,0.0302,3.003,good,0.002,6.72,0,0,0,0,13.10,2,0.0,,,
711,1.0200,-0.1182,-0.0645,2.981,shell,0.598,8.94,1,1,1,0,13.21,2,2.4,23,729,729
707,1.0240,-0.1133,-0.2274,2.996,faded,1.000,4.97,1,1,1,0,11.20,3,3.2,2|3,733,
708,1.0240,-0.1100,0.0970,2.993,good,0.000,6.21,0,0,0,0,10.18,3,0.0,,,
712,1.0280,-0.1109,0.2371,3.001,good,0.001,4.56,0,0,0,0,10.30,3,0.0,,,
713,1.0280,-0.1099,0.1482,3.005,sour,1.000,14.58,1,1,1,0,9.85,3,3.2,50|51,717,717
717,1.0280,-0.1163,0.0965,3.015,faded,0.998,4.41,1,1,1,0,11.72,2,3.2,44,723,723
714,1.0320,-0.1120,-0.0152,3.003,faded,0.997,8.46,1,1,1,0,10.60,3,3.1,30|29,730,730
715,1.0320,-0.1100,0.1357,2.974,good,0.010,6.99,0,0,0,0,10.63,3,0.0,,,
716,1.0320,-0.1112,0.1847,2.839,black,1.000,76.64,1,1,1,0,14.37,3,3.2,55,715,
718,1.0360,-0.1124,-0.0657,3.001,good,0.241,3.95,0,0,0,0,10.75,3,0.0,,,
719,1.0360,-0.1121,-0.0092,3.078,faded,0.974,8.09,1,1,1,0,8.92,3,2.7,30|31,731,731
720,1.0360,-0.1082,0.0758,2.997,good,0.177,3.65,0,0,0,0,9.46,3,0.0,,,
721,1.0360,-0.1181,-0.2317,3.012,good,0.001,2.11,0,0,0,0,12.41,2,0.0,,,
722,1.0360,-0.1179,0.0326,3.126,good,0.005,7.13,0,0,0,0,9.72,2,0.0,,,
723,1.0360,-0.1175,0.0604,3.003,good,0.001,5.75,0,0,0,0,12.43,2,0.0,,,
727,1.0400,-0.1197,-0.0529,3.006,shell,0.931,8.53,1,1,1,0,13.07,2,2.4,25,753,
728,1.0400,-0.1161,-0.1855,2.992,good,0.120,4.91,0,0,0,0,12.21,2,0.0,,,
724,1.0440,-0.1151,-0.2033,2.965,good,0.003,4.72,0,0,0,0,12.53,3,0.0,,,
725,1.0440,-0.1142,-0.1143,3.003,good,0.013,4.18,0,0,0,0,11.32,3,0.0,,,
726,1.0440,-0.1093,-0.2303,3.001,good,0.411,4.81,0,0,0,0,9.74,3,0.0,,,
734,1.0440,-0.1199,0.0039,3.000,shell,0.757,8.89,1,1,1,0,13.29,2,2.4,32,777,777
735,1.0440,-0.1162,-0.1599,3.018,good,0.000,2.74,0,0,0,0,11.65,2,0.0,,,
736,1.0440,-0.1149,0.0545,2.999,good,0.001,8.32,0,0,0,0,11.64,2,0.0,,,
729,1.0480,-0.1152,0.1481,2.988,faded,0.821,5.53,1,1,1,0,12.01,3,3.2,50|51,743,743
730,1.0480,-0.1150,0.0092,3.008,good,0.028,8.43,0,0,0,0,11.45,3,0.0,,,
731,1.0480,-0.1128,0.1983,2.996,sour,1.000,14.65,1,1,1,0,11.04,3,3.2,57,752,752
732,1.0480,-0.1129,0.2200,3.007,good,0.489,3.93,0,0,0,0,10.80,3,0.0,,,
733,1.0480,-0.1102,-0.0134,2.884,good,0.028,6.51,0,0,0,0,12.89,3,0.0,,,
737,1.0520,-0.1131,0.1426,3.004,good,0.000,4.37,0,0,0,0,10.95,3,0.0,,,
738,1.0520,-0.1122,0.0679,2.935,good,0.015,5.71,0,0,0,0,12.31,3,0.0,,,
739,1.0520,-0.1213,-0.1042,3.092,shell,0.987,8.04,1,1,1,0,7.58,2,2.4,18,,
740,1.0520,-0.1088,0.0037,3.000,shell,0.928,7.88,1,1,1,0,9.60,3,2.4,32,749,749
745,1.0520,-0.1180,0.2351,3.001,good,0.004,3.31,0,0,0,0,12.65,2,0.0,,,
751,1.0520,-0.1089,-0.1085,3.000,shell,0.799,7.61,1,1,1,0,9.63,1,2.4,18|17,744,
741,1.0560,-0.1143,-0.1580,3.004,faded,0.998,9.03,1,1,1,0,11.33,3,3.1,11,760,760
742,1.0560,-0.1174,-0.1448,2.339,good,0.019,6.19,0,0,0,0,32.96,3,0.0,,,
743,1.0560,-0.1120,0.1654,3.022,black,1.000,49.27,1,1,1,0,10.14,3,3.2,53|52,759,759
744,1.0560,-0.1094,-0.2163,2.900,faded,0.999,4.16,1,1,1,0,12.22,3,3.2,4,741,741
746,1.0600,-0.1152,0.0642,2.995,good,0.007,6.83,0,0,0,0,11.87,3,0.0,,,
747,1.0600,-0.1118,-0.1454,3.341,good,0.428,7.75,0,0,0,0,3.40,3,0.0,,,
748,1.0600,-0.1230,0.0148,3.050,insect,1.000,10.74,1,1,1,0,9.13,2,3.1,33|34,,
749,1.0600,-0.1091,0.0413,2.996,good,0.300,5.55,0,0,0,0,9.78,3,0.0,,,
750,1.0600,-0.1087,0.2010,3.000,good,0.013,8.02,0,0,0,0,9.54,3,0.0,,,
754,1.0600,-0.1191,-0.0359,2.992,faded,0.602,8.26,1,1,1,0,13.24,2,2.7,27,735,735
755,1.0600,-0.1155,-0.1074,2.998,good,0.000,5.81,0,0,0,0,11.87,2,0.0,,,
761,1.0600,-0.1108,0.0182,3.000,insect,1.000,9.01,1,1,1,0,10.28,1,3.1,34,766,
752,1.0640,-0.1096,0.1280,3.000,faded,0.992,6.25,1,1,1,0,9.87,3,3.2,48,783,783
753,1.0640,-0.1081,0.2194,3.001,shell,1.000,9.80,1,1,1,0,9.36,3,2.4,60|59,758,758
757,1.0640,-0.1194,-0.2375,3.007,husk,1.000,13.53,1,1,1,0,12.96,2,2.4,1,776,
758,1.0640,-0.1177,0.1475,2.998,faded,1.000,6.36,1,1,1,0,12.60,2,3.2,50|51,755,755
759,1.0640,-0.1171,-0.0033,2.994,shell,0.698,7.94,1,1,1,0,12.51,2,2.4,31,756,756
760,1.0640,-0.1161,-0.0677,3.036,shell,0.981,8.21,1,1,1,0,11.20,2,2.4,23,765,765
756,1.0680,-0.1095,0.1773,3.110,good,0.001,3.16,0,0,0,0,7.38,3,0.0,,,
763,1.0680,-0.1169,-0.1935,2.984,faded,0.998,8.44,1,1,1,0,12.69,2,3.2,7,778,778
764,1.0680,-0.1164,0.0672,2.963,good,0.000,4.53,0,0,0,0,13.04,2,0.0,,,
762,1.0720,-0.1083,0.1985,2.998,insect,1.000,6.16,1,1,1,0,9.46,3,3.1,57,772,772
766,1.0720,-0.1185,0.1164,2.874,good,0.001,6.81,0,0,0,0,16.02,2,0.0,,,
767,1.0720,-0.1159,-0.0870,3.004,good,0.109,6.66,0,0,0,0,11.87,2,0.0,,,
765,1.0760,-0.1120,-0.0147,2.999,shell,1.000,9.53,1,1,1,0,10.69,3,2.4,30|29,775,775
769,1.0760,-0.1171,-0.1838,2.956,good,0.275,4.04,0,0,0,0,13.44,2,0.0,,,
768,1.0800,-0.1110,-0.0400,2.983,good,0.005,5.49,0,0,0,0,10.72,3,0.0,,,
772,1.0800,-0.1169,0.0651,3.003,good,0.471,7.22,0,0,0,0,12.21,2,0.0,,,
770,1.0840,-0.1139,-0.1640,3.017,good,0.007,6.01,0,0,0,0,10.91,3,0.0,,,
771,1.0840,-0.1103,-0.0651,3.012,good,0.000,4.57,0,0,0,0,9.82,3,0.0,,,
777,1.0840,-0.1200,-0.0446,3.020,shell,1.000,9.70,1,1,1,0,12.85,2,2.4,26,795,
778,1.0840,-0.1168,0.1277,3.125,good,0.000,4.60,0,0,0,0,9.37,2,0.0,,,
773,1.0880,-0.1156,-0.1466,2.972,good,0.386,6.17,0,0,0,0,12.56,3,0.0,,,
774,1.0880,-0.1121,0.1322,3.173,good,0.000,4.16,0,0,0,0,6.85,3,0.0,,,
775,1.0880,-0.1107,0.0407,3.019,shell,0.998,9.35,1,1,1,0,9.80,3,2.4,37,793,793
776,1.0880,-0.1086,-0.0735,3.039,faded,0.999,7.02,1,1,1,0,8.63,3,3.2,22,798,798
782,1.0880,-0.1162,-0.0586,3.380,shell,0.998,9.70,1,1,1,0,3.97,2,2.4,24,809,
783,1.0880,-0.1109,-0.1905,3.450,faded,0.969,4.56,1,1,1,0,1.13,2,3.2,7,836,
779,1.0920,-0.1156,0.1187,2.994,faded,1.000,7.20,1,1,1,0,11.99,3,3.2,47|46,780,780
780,1.0920,-0.1151,0.0284,3.002,good,0.012,6.87,0,0,0,0,11.67,3,0.0,,,
781,1.0920,-0.1095,-0.0010,3.012,faded,0.959,7.13,1,1,1,0,9.54,3,3.2,31|32,781,781
786,1.0920,-0.1158,0.1581,3.106,good,0.066,6.07,0,0,0,0,9.49,2,0.0,,,
793,1.0920,-0.1027,-0.0618,3.000,shell,1.000,9.18,1,1,1,0,7.56,1,2.4,24|23,809,
784,1.0960,-0.1116,-0.0229,2.734,faded,0.947,12.06,1,1,1,0,17.39,3,3.2,29|28,773|788,
785,1.0960,-0.1085,0.1822,3.013,faded,0.997,7.46,1,1,1,0,9.21,3,3.2,55,782,782
791,1.0960,-0.1181,0.2143,3.002,good,0.033,3.41,0,0,0,0,12.65,2,0.0,,,
792,1.0960,-0.1170,0.1580,3.001,sour,1.000,16.16,1,1,1,0,12.30,2,3.2,52,820,820
787,1.1000,-0.1133,-0.1253,2.979,good,0.366,7.58,0,0,0,0,11.59,3,0.0,,,
788,1.1000,-0.1128,0.1093,2.997,faded,0.599,7.01,1,1,1,0,11.02,3,3.1,45|46,784,784
789,1.1000,-0.1084,-0.2250,2.988,good,0.002,3.84,0,0,0,0,9.75,3,0.0,,,
790,1.1000,-0.1085,-0.1750,3.000,faded,0.999,5.84,1,1,1,0,9.47,3,3.2,9,807,
796,1.1000,-0.1160,-0.1865,3.014,good,0.001,3.99,0,0,0,0,11.65,2,0.0,,,
797,1.1000,-0.1153,0.1559,3.306,good,0.001,6.43,0,0,0,0,5.11,2,0.0,,,
794,1.1040,-0.1092,0.1096,3.003,good,0.113,5.93,0,0,0,0,9.65,3,0.0,,,
795,1.1040,-0.1103,-0.0798,2.692,good,0.032,5.87,0,0,0,0,18.12,3,0.0,,,
798,1.1040,-0.1199,-0.0223,3.002,good,0.000,5.36,0,0,0,0,13.25,2,0.0,,,
800,1.1080,-0.1198,-0.1315,3.091,faded,0.577,5.31,1,1,1,0,11.10,2,3.2,15|14,806,806
801,1.1080,-0.1199,0.2129,3.012,faded,1.000,5.97,1,1,1,0,13.01,2,3.2,59,810,810
802,1.1080,-0.1189,-0.0656,2.978,shell,0.998,8.54,1,1,1,0,13.52,2,2.4,23,813,813
803,1.1080,-0.1175,0.0786,3.030,good,0.000,3.88,0,0,0,0,11.79,2,0.0,,,
799,1.1120,-0.1141,-0.0411,2.996,faded,0.917,6.68,1,1,1,0,11.48,3,3.2,26,796,796
808,1.1120,-0.1174,0.0623,3.450,shell,0.999,11.95,1,1,1,0,3.00,2,2.4,39|40,826,
813,1.1120,-0.1186,-0.2295,3.000,good,0.006,5.90,0,0,0,0,12.85,1,0.0,,,
804,1.1160,-0.1147,0.0898,3.111,good,0.058,6.33,0,0,0,0,9.02,3,0.0,,,
805,1.1160,-0.1130,-0.1187,2.998,good,0.002,3.60,0,0,0,0,11.05,3,0.0,,,
806,1.1160,-0.1332,-0.2324,3.000,good,0.011,6.59,0,0,0,0,9.73,1,0.0,,,
807,1.1160,-0.1107,-0.0345,2.988,faded,0.505,6.59,1,1,1,0,10.52,3,3.2,27,812,812
810,1.1160,-0.1188,0.0528,3.000,shell,0.975,8.26,1,1,1,0,12.93,2,2.4,38,823,823
811,1.1160,-0.1158,-0.0609,3.017,faded,0.900,6.66,1,1,1,0,11.52,2,3.2,24,818,
812,1.1160,-0.1102,-0.2366,3.237,good,0.000,2.20,0,0,0,0,4.92,2,0.0,,,
809,1.1200,-0.1166,0.0058,2.977,good,0.058,6.84,0,0,0,0,12.74,3,0.0,,,
817,1.1200,-0.1196,0.1559,3.014,good,0.127,6.38,0,0,0,0,12.85,2,0.0,,,
814,1.1240,-0.1148,-0.1739,2.947,good,0.096,7.06,0,0,0,0,12.89,3,0.0,,,
815,1.1240,-0.1122,0.1042,3.108,good,0.002,5.83,0,0,0,0,8.29,3,0.0,,,
816,1.1240,-0.1135,0.1320,2.931,good,0.000,5.05,0,0,0,0,12.85,3,0.0,,,
821,1.1240,-0.1191,0.1257,3.003,faded,0.714,5.82,1,1,1,0,12.96,2,3.2,48|47,841,841
822,1.1240,-0.1160,-0.1833,2.985,good,0.014,4.00,0,0,0,0,12.35,2,0.0,,,
818,1.1280,-0.1146,-0.1300,2.999,good,0.000,5.51,0,0,0,0,11.55,3,0.0,,,
819,1.1280,-0.1155,-0.0737,2.712,broken,0.602,3.47,1,1,1,0,19.47,3,2.4,22,824,
820,1.1280,-0.1116,-0.0588,2.994,faded,0.903,9.11,1,1,1,0,10.67,3,3.0,24,827,827
825,1.1280,-0.1195,-0.2420,2.951,good,0.001,5.28,0,0,0,0,14.40,2,0.0,,,
829,1.1280,-0.1047,0.1287,3.000,good,0.036,7.91,0,0,0,0,8.24,1,0.0,,,
823,1.1320,-0.1132,0.0224,2.933,good,0.001,7.53,0,0,0,0,12.67,3,0.0,,,
824,1.1320,-0.1114,-0.1605,2.996,good,0.440,6.76,0,0,0,0,10.57,3,0.0,,,
827,1.1320,-0.1187,0.1674,3.002,good,0.077,7.07,0,0,0,0,12.85,2,0.0,,,
828,1.1320,-0.1178,0.0798,2.988,good,0.107,7.47,0,0,0,0,12.90,2,0.0,,,
826,1.1360,-0.1127,-0.0289,2.980,good,0.010,6.68,0,0,0,0,11.36,3,0.0,,,
837,1.1360,-0.1014,0.0192,3.000,good,0.001,7.39,0,0,0,0,7.13,1,0.0,,,
830,1.1400,-0.1156,0.1205,2.740,good,0.147,6.64,0,0,0,0,18.69,3,0.0,,,
831,1.1400,-0.1096,-0.1438,3.042,good,0.000,3.79,0,0,0,0,8.92,3,0.0,,,
832,1.1400,-0.1090,-0.0912,3.045,good,0.367,8.43,0,0,0,0,8.65,3,0.0,,,
835,1.1400,-0.1185,-0.1214,2.994,good,0.016,7.44,0,0,0,0,12.98,2,0.0,,,
836,1.1400,-0.1155,-0.1338,2.995,good,0.036,5.57,0,0,0,0,11.97,2,0.0,,,
833,1.1440,-0.1142,0.1914,3.030,good,0.196,4.29,0,0,0,0,10.68,3,0.0,,,
834,1.1440,-0.1113,0.0817,3.000,good,0.017,5.01,0,0,0,0,10.44,3,0.0,,,
838,1.1480,-0.1138,0.1226,2.993,good,0.002,5.43,0,0,0,0,11.44,3,0.0,,,
839,1.1480,-0.1134,-0.1615,2.990,good,0.056,6.64,0,0,0,0,11.38,3,0.0,,,
840,1.1480,-0.1142,0.1619,2.704,good,0.006,4.08,0,0,0,0,19.21,3,0.0,,,
841,1.1520,-0.1114,-0.2230,2.985,good,0.004,3.97,0,0,0,0,10.83,3,0.0,,,
842,1.1520,-0.1103,0.2024,3.002,good,0.000,2.49,0,0,0,0,10.05,3,0.0,,,
843,1.1520,-0.1087,-0.0639,2.972,good,0.343,7.35,0,0,0,0,10.23,3,0.0,,,
844,1.1520,-0.1088,0.1839,2.998,good,0.117,3.66,0,0,0,0,9.64,3,0.0,,,
846,1.1520,-0.1196,-0.0382,3.000,good,0.282,6.92,0,0,0,0,13.17,2,0.0,,,
848,1.1520,-0.1170,0.2285,3.005,good,0.000,3.56,0,0,0,0,12.20,2,0.0,,,
845,1.1560,-0.1150,0.1082,2.970,good,0.000,4.46,0,0,0,0,12.41,3,0.0,,,
847,1.1560,-0.1209,-0.2448,2.555,good,0.001,2.85,0,0,0,0,22.44,2,0.0,,,
853,1.1560,-0.1199,-0.0771,2.999,good,0.003,4.01,0,0,0,0,13.34,2,0.0,,,
849,1.1600,-0.1136,-0.2097,3.097,good,0.000,4.67,0,0,0,0,8.99,3,0.0,,,
850,1.1600,-0.1127,0.0415,3.005,good,0.071,8.50,0,0,0,0,10.79,3,0.0,,,
851,1.1600,-0.1113,0.2046,3.000,good,0.000,4.67,0,0,0,0,10.44,3,0.0,,,
852,1.1600,-0.1092,-0.1580,2.999,faded,0.958,6.89,1,1,1,0,9.75,3,3.2,11,859,859
854,1.1600,-0.1093,0.2257,2.993,good,0.001,4.50,0,0,0,0,9.92,3,0.0,,,
858,1.1600,-0.1200,0.1383,2.995,sour,0.991,20.66,1,1,1,0,13.44,2,3.2,49,858,858
855,1.1640,-0.1154,-0.0258,2.891,black,1.000,44.47,1,1,1,0,14.50,3,3.2,28,866,
856,1.1640,-0.1130,-0.2355,3.004,good,0.018,4.12,0,0,0,0,10.92,3,0.0,,,
857,1.1640,-0.1124,0.2286,2.996,good,0.000,2.50,0,0,0,0,10.91,3,0.0,,,
861,1.1640,-0.1176,-0.0508,3.002,husk,0.974,62.70,1,1,1,0,12.50,2,2.4,25,851,851
863,1.1640,-0.1161,0.0504,3.006,good,0.000,6.32,0,0,0,0,11.89,2,0.0,,,
859,1.1680,-0.1141,-0.0957,3.000,faded,0.958,6.06,1,1,1,0,11.38,3,3.2,19,869,
860,1.1680,-0.1140,-0.2031,2.999,good,0.001,2.56,0,0,0,0,11.35,3,0.0,,,
862,1.1680,-0.1101,0.1960,2.977,good,0.001,3.76,0,0,0,0,10.57,3,0.0,,,
865,1.1680,-0.1182,-0.1456,3.001,husk,1.000,11.67,1,1,1,0,12.72,2,2.4,13,882,882
864,1.1720,-0.1095,-0.0684,3.003,insect,1.000,5.58,1,1,1,0,9.76,3,3.1,23,862,862
868,1.1720,-0.1186,-0.1195,2.999,good,0.019,6.86,0,0,0,0,12.89,2,0.0,,,
869,1.1720,-0.1166,-0.2235,2.981,good,0.000,3.33,0,0,0,0,12.65,2,0.0,,,
866,1.1760,-0.1131,-0.0003,3.029,faded,0.833,8.06,1,1,1,0,10.35,3,3.1,31|32,873,873
867,1.1760,-0.1130,-0.1917,2.990,faded,0.997,4.71,1,1,1,0,11.25,3,3.2,7,868,868
871,1.1760,-0.1169,-0.1841,2.993,good,0.000,4.85,0,0,0,0,12.48,2,0.0,,,
870,1.1800,-0.1140,-0.0395,2.985,good,0.028,7.84,0,0,0,0,11.69,3,0.0,,,
874,1.1800,-0.1186,0.0587,3.195,faded,0.985,5.84,1,1,1,0,8.40,2,3.2,39,888,888
872,1.1840,-0.1148,0.0199,3.127,good,0.056,6.89,0,0,0,0,8.69,3,0.0,,,
873,1.1840,-0.1132,-0.1341,3.002,good,0.002,7.26,0,0,0,0,11.03,3,0.0,,,
879,1.1840,-0.1174,0.1753,2.957,good,0.003,7.61,0,0,0,0,13.52,2,0.0,,,
880,1.1840,-0.1155,-0.0092,3.012,faded,0.946,8.06,1,1,1,0,11.55,2,3.2,30|31,880,880
875,1.1880,-0.1127,-0.2153,3.004,good,0.003,4.30,0,0,0,0,10.81,3,0.0,,,
876,1.1880,-0.1357,-0.0002,3.000,shell,0.952,10.44,1,1,1,0,10.55,1,2.4,31|32,,
877,1.1880,-0.1339,0.0072,3.000,good,0.001,6.80,0,0,0,0,9.98,1,0.0,,,
878,1.1880,-0.1093,0.0457,3.006,shell,0.982,13.22,1,1,1,0,9.64,3,2.4,37|38,876,876
885,1.1880,-0.1189,-0.0618,3.422,good,0.095,7.49,0,0,0,0,3.96,2,0.0,,,
886,1.1880,-0.1145,-0.1498,3.186,faded,0.565,5.00,1,1,1,0,7.32,2,3.2,12|13,889,889
887,1.1880,-0.1111,0.0031,2.972,good,0.071,8.92,0,0,0,0,11.01,2,0.0,,,
881,1.1920,-0.1148,0.1075,3.104,black,1.000,49.04,1,1,1,0,9.22,3,3.2,45,885,885
882,1.1920,-0.1148,-0.1162,2.983,good,0.006,6.23,0,0,0,0,12.01,3,0.0,,,
883,1.1920,-0.1134,0.1910,2.986,good,0.000,3.42,0,0,0,0,11.47,3,0.0,,,
884,1.1920,-0.1139,0.2359,2.777,broken,0.827,5.17,1,1,1,0,17.02,3,2.4,62|61,895,
890,1.1920,-0.1173,0.1657,3.001,good,0.035,4.82,0,0,0,0,12.43,2,0.0,,,
888,1.1960,-0.1071,-0.1291,3.450,good,0.326,5.29,0,0,0,0,0.02,3,0.0,,,
889,1.1960,-0.1099,0.1179,2.961,faded,0.965,6.90,1,1,1,0,10.89,3,3.2,47|46,902,902
893,1.1960,-0.1191,0.1922,2.747,good,0.000,5.13,0,0,0,0,19.76,2,0.0,,,
894,1.1960,-0.1162,-0.1750,3.450,good,0.003,6.07,0,0,0,0,2.68,2,0.0,,,
891,1.2000,-0.1115,-0.0047,2.970,shell,0.999,9.02,1,1,1,0,11.22,3,2.4,31,913,913
892,1.2000,-0.1087,-0.0735,2.900,faded,0.699,5.88,1,1,1,0,11.99,3,3.2,22,887,
897,1.2040,-0.1172,0.2108,3.003,good,0.000,4.27,0,0,0,0,12.34,2,0.0,,,
895,1.2080,-0.1085,-0.0430,3.174,broken,0.999,9.47,1,1,1,0,5.68,3,2.4,26,891,891
896,1.2080,-0.1082,0.0277,3.023,good,0.002,5.15,0,0,0,0,8.87,3,0.0,,,
898,1.2120,-0.1360,-0.1119,3.000,good,0.000,5.10,0,0,0,0,10.66,1,0.0,,,
899,1.2120,-0.1100,-0.2211,3.024,good,0.160,9.50,0,0,0,0,9.45,3,0.0,,,
900,1.2120,-0.1103,0.2261,3.006,good,0.000,1.98,0,0,0,0,9.96,3,0.0,,,
901,1.2120,-0.1113,-0.0312,2.845,good,0.001,5.35,0,0,0,0,14.26,3,0.0,,,
902,1.2120,-0.1081,0.0933,2.997,faded,0.560,7.66,1,1,1,0,9.43,3,3.2,43|44,911,911
904,1.2120,-0.1182,-0.1078,2.884,husk,0.864,10.17,1,1,1,0,15.65,2,2.4,18|17,907|908,907
906,1.2120,-0.1171,-0.2044,3.007,good,0.000,2.83,0,0,0,0,12.19,2,0.0,,,
907,1.2120,-0.1156,-0.0894,3.012,shell,0.810,8.22,1,1,1,0,11.58,2,2.4,20,904,904
903,1.2160,-0.1148,0.2032,3.002,good,0.000,2.45,0,0,0,0,11.55,3,0.0,,,
905,1.2160,-0.1090,0.0693,3.138,good,0.059,32.07,1,1,1,0,6.61,3,9.0,40|41|39,914,914
913,1.2160,-0.1164,-0.0454,2.954,good,0.001,7.27,0,0,0,0,13.27,2,0.0,,,
914,1.2160,-0.1170,-0.1358,2.996,good,0.001,4.55,0,0,0,0,12.43,2,0.0,,,
908,1.2200,-0.1126,-0.1968,3.000,good,0.000,4.91,0,0,0,0,10.87,3,0.0,,,
909,1.2200,-0.1112,0.0457,2.996,shell,1.000,9.01,1,1,1,0,10.49,3,2.4,37|38,929,929
910,1.2200,-0.1095,0.0889,3.002,good,0.016,5.02,0,0,0,0,9.78,3,0.0,,,
911,1.2200,-0.1084,-0.2223,3.004,faded,1.000,5.82,1,1,1,0,9.39,3,3.2,3,935,
912,1.2200,-0.1081,0.0229,3.024,good,0.335,8.35,0,0,0,0,8.81,3,0.0,,,
915,1.2240,-0.1207,0.0926,2.805,good,0.001,6.21,0,0,0,0,14.69,2,0.0,,,
924,1.2240,-0.1095,0.0894,3.000,good,0.001,6.18,0,0,0,0,9.82,1,0.0,,,
916,1.2280,-0.1112,-0.1581,3.005,sour,1.000,10.83,1,1,1,0,10.28,3,3.2,11,919,
917,1.2280,-0.1094,0.1556,2.997,good,0.000,5.94,0,0,0,0,9.88,3,0.0,,,
920,1.2280,-0.1198,-0.2194,2.944,faded,0.950,6.90,1,1,1,0,14.66,2,3.1,3|4,917,917
921,1.2280,-0.1194,-0.0658,3.001,faded,1.000,5.58,1,1,1,0,13.10,2,3.2,23,945,
922,1.2280,-0.1200,0.0171,3.001,faded,0.533,7.78,1,1,1,0,13.29,2,3.2,34|33,933,933
923,1.2280,-0.1195,-0.1130,2.998,good,0.004,5.07,0,0,0,0,13.23,2,0.0,,,
918,1.2320,-0.1107,0.0347,2.964,faded,0.748,7.98,1,1,1,0,11.09,3,2.9,36,930,930
919,1.2320,-0.1118,0.1739,2.675,good,0.313,6.47,0,0,0,0,19.18,3,0.0,,,
927,1.2320,-0.1170,-0.1464,3.004,faded,0.983,7.71,1,1,1,0,12.23,2,3.2,13,927,927
925,1.2360,-0.1140,0.0332,3.008,good,0.306,6.14,0,0,0,0,11.15,3,0.0,,,
926,1.2360,-0.1185,-0.1290,2.174,faded,0.736,5.22,1,1,1,0,40.51,3,3.2,15,898,
932,1.2360,-0.1197,-0.1666,3.003,good,0.041,6.52,0,0,0,0,13.16,2,0.0,,,
928,1.2400,-0.1145,-0.0010,3.006,good,0.000,3.50,0,0,0,0,11.34,3,0.0,,,
929,1.2400,-0.1219,-0.1338,3.293,good,0.020,5.49,0,0,0,0,3.37,2,0.0,,,
930,1.2400,-0.1101,0.1275,3.000,good,0.044,8.00,0,0,0,0,10.05,3,0.0,,,
931,1.2400,-0.1106,0.1368,2.997,good,0.002,4.98,0,0,0,0,10.28,3,0.0,,,
937,1.2400,-0.1189,0.2254,2.996,good,0.000,3.35,0,0,0,0,13.06,2,0.0,,,
938,1.2400,-0.1179,-0.1760,2.950,faded,0.988,6.03,1,1,1,0,13.87,2,3.2,9,920,920
939,1.2400,-0.1160,-0.1628,3.431,good,0.022,6.70,0,0,0,0,2.97,2,0.0,,,
942,1.2400,-0.1087,-0.1374,3.000,good,0.017,5.54,0,0,0,0,9.56,1,0.0,,,
933,1.2440,-0.1143,-0.2244,3.001,good,0.430,7.73,0,0,0,0,11.42,3,0.0,,,
934,1.2440,-0.1118,-0.1102,3.046,good,0.104,5.07,0,0,0,0,9.53,3,0.0,,,
935,1.2440,-0.1090,-0.0487,2.976,shell,0.872,8.00,1,1,1,0,10.22,3,2.4,25,941,941
936,1.2440,-0.1097,0.1591,2.989,good,0.000,2.20,0,0,0,0,10.17,3,0.0,,,
941,1.2440,-0.1179,0.0892,3.024,faded,0.991,4.62,1,1,1,0,12.06,2,3.2,43,932,932
940,1.2480,-0.1093,0.1024,3.000,good,0.000,5.62,0,0,0,0,9.77,3,0.0,,,
943,1.2480,-0.1184,-0.0803,2.997,good,0.011,6.02,0,0,0,0,12.87,2,0.0,,,
951,1.2520,-0.1162,-0.0606,3.072,good,0.214,9.31,0,0,0,0,10.39,2,0.0,,,
952,1.2520,-0.1168,0.1995,2.995,faded,1.000,6.22,1,1,1,0,12.39,2,3.2,57,955,955
955,1.2520,-0.1199,0.1429,3.000,faded,0.917,3.85,1,1,1,0,13.31,1,3.2,50,954,
944,1.2560,-0.1122,-0.0052,2.991,good,0.005,6.59,0,0,0,0,10.96,3,0.0,,,
945,1.2560,-0.1102,0.1282,3.011,good,0.028,4.25,0,0,0,0,9.81,3,0.0,,,
946,1.2560,-0.1114,-0.2310,3.001,good,0.001,2.66,0,0,0,0,10.42,3,0.0,,,
947,1.2560,-0.1107,-0.2026,2.962,good,0.001,3.22,0,0,0,0,11.13,3,0.0,,,
948,1.2560,-0.1096,-0.1282,2.998,faded,0.979,8.87,1,1,1,0,9.92,3,3.2,15,963,963
949,1.2560,-0.1083,-0.0437,3.141,good,0.298,8.23,0,0,0,0,6.32,3,0.0,,,
950,1.2560,-0.1081,0.0763,2.998,good,0.004,6.49,0,0,0,0,9.41,3,0.0,,,
954,1.2560,-0.1170,0.1475,2.928,good,0.000,4.68,0,0,0,0,14.13,2,0.0,,,
953,1.2600,-0.1128,0.0679,2.998,faded,0.675,6.13,1,1,1,0,10.97,3,3.2,40,943,943
956,1.2640,-0.1150,0.2021,3.120,good,0.000,4.04,0,0,0,0,8.92,3,0.0,,,
959,1.2640,-0.1187,-0.0829,3.000,good,0.023,7.04,0,0,0,0,12.90,2,0.0,,,
957,1.2680,-0.1162,-0.1639,2.861,black,1.000,47.16,1,1,1,0,15.56,3,3.2,11|10,973,973
958,1.2680,-0.1144,0.1953,2.984,good,0.000,2.64,0,0,0,0,11.86,3,0.0,,,
963,1.2680,-0.1190,-0.2410,2.992,insect,1.000,4.81,1,1,1,0,13.19,2,3.1,1|0,982,982
964,1.2680,-0.1188,0.1786,2.985,good,0.421,5.03,0,0,0,0,13.29,2,0.0,,,
965,1.2680,-0.1176,0.2174,3.037,good,0.028,3.98,0,0,0,0,11.66,2,0.0,,,
960,1.2720,-0.1149,-0.1532,3.000,good,0.008,6.77,0,0,0,0,11.63,3,0.0,,,
961,1.2720,-0.1123,0.0097,2.980,good,0.143,7.99,0,0,0,0,11.25,3,0.0,,,
962,1.2720,-0.1099,-0.0414,2.997,good,0.002,6.54,0,0,0,0,10.04,3,0.0,,,
966,1.2720,-0.1199,0.1239,3.003,good,0.001,6.49,0,0,0,0,13.22,2,0.0,,,
967,1.2720,-0.1198,-0.0190,2.780,faded,0.953,5.83,1,1,1,0,19.08,2,3.2,29,952,
969,1.2760,-0.1195,0.0490,3.009,husk,0.952,9.97,1,1,1,0,12.94,2,2.4,38,984|993,984|993
971,1.2760,-0.1141,-0.0056,3.017,good,0.008,7.33,0,0,0,0,10.98,2,0.0,,,
968,1.2800,-0.1129,-0.0277,3.004,good,0.175,5.72,0,0,0,0,10.88,3,0.0,,,
970,1.2800,-0.1332,0.2055,3.000,shell,1.000,6.60,1,1,1,0,9.75,1,2.4,58,,
972,1.2800,-0.1192,-0.1825,3.432,good,0.007,7.66,0,0,0,0,3.87,2,0.0,,,
977,1.2800,-0.1208,0.2117,3.000,shell,1.000,6.69,1,1,1,0,9.60,1,2.4,59|58,,
980,1.2800,-0.1084,0.2181,3.000,shell,1.000,6.82,1,1,1,0,9.48,1,2.4,59|60,974,
973,1.2840,-0.1121,-0.0865,3.007,good,0.113,6.43,0,0,0,0,10.55,3,0.0,,,
974,1.2840,-0.1096,0.0330,2.964,good,0.148,7.00,0,0,0,0,10.73,3,0.0,,,
975,1.2840,-0.1083,-0.1676,2.999,good,0.000,3.27,0,0,0,0,9.45,3,0.0,,,
976,1.2840,-0.1088,0.0819,2.988,shell,1.000,8.49,1,1,1,0,9.89,3,2.4,42,978,
978,1.2880,-0.1123,0.0088,3.008,good,0.000,6.68,0,0,0,0,10.57,3,0.0,,,
979,1.2880,-0.1088,-0.0995,2.985,faded,0.683,6.79,1,1,1,0,9.95,3,3.2,19,986,986
984,1.2880,-0.1170,-0.0201,3.006,good,0.171,7.83,0,0,0,0,12.21,2,0.0,,,
985,1.2880,-0.1167,-0.0639,3.023,good,0.000,6.23,0,0,0,0,11.67,2,0.0,,,
986,1.2880,-0.1171,-0.1939,2.983,good,0.000,5.39,0,0,0,0,12.80,2,0.0,,,
981,1.2920,-0.1146,-0.2011,2.939,good,0.000,5.76,0,0,0,0,13.03,3,0.0,,,
982,1.2920,-0.1139,-0.0128,3.008,good,0.007,4.99,0,0,0,0,11.12,3,0.0,,,
983,1.2920,-0.1122,0.0665,2.974,good,0.007,6.58,0,0,0,0,11.35,3,0.0,,,
987,1.2960,-0.1172,0.1186,2.754,sour,1.000,16.09,1,1,1,0,18.90,3,3.2,47|46,1002,
988,1.2960,-0.1151,-0.2269,2.669,good,0.000,4.21,0,0,0,0,20.60,3,0.0,,,
989,1.2960,-0.1144,-0.1828,2.817,good,0.001,3.46,0,0,0,0,16.09,3,0.0,,,
990,1.2960,-0.1078,-0.1434,3.057,good,0.122,4.77,0,0,0,0,7.99,3,0.0,,,
991,1.3000,-0.1159,-0.0338,3.020,good,0.001,6.80,0,0,0,0,11.49,3,0.0,,,
992,1.3000,-0.1126,-0.0094,3.040,good,0.005,7.14,0,0,0,0,9.95,3,0.0,,,
993,1.3000,-0.1117,-0.0859,3.009,good,0.323,9.09,0,0,0,0,10.38,3,0.0,,,
995,1.3000,-0.1180,-0.1093,2.842,faded,1.000,9.90,1,1,1,0,16.71,2,3.2,18|17,1018,1018
1001,1.3000,-0.1197,-0.0569,3.000,good,0.002,6.35,0,0,0,0,13.23,1,0.0,,,
1002,1.3000,-0.1044,-0.2237,3.000,good,0.000,4.09,0,0,0,0,8.14,1,0.0,,,
994,1.3040,-0.1165,-0.1562,3.003,good,0.444,5.90,0,0,0,0,12.08,3,0.0,,,
998,1.3040,-0.1191,0.0852,2.861,faded,0.954,6.02,1,1,1,0,16.57,2,3.2,42|43,1000,
999,1.3040,-0.1165,0.1298,3.033,black,1.000,57.19,1,1,1,0,11.39,2,3.2,48,1011,1011
1000,1.3040,-0.1173,-0.0567,2.925,good,0.000,4.76,0,0,0,0,14.29,2,0.0,,,
996,1.3080,-0.1111,0.1502,3.450,faded,0.691,6.19,1,1,1,0,1.19,3,3.2,51,966,
997,1.3080,-0.1080,-0.0521,3.294,shell,0.785,9.88,1,1,1,0,3.13,3,2.4,25,990|1033,
1005,1.3080,-0.1198,-0.0748,2.970,good,0.002,6.40,0,0,0,0,14.00,2,0.0,,,
1006,1.3080,-0.1184,-0.0930,2.995,faded,0.693,7.48,1,1,1,0,12.90,2,3.2,20|19,1025,1025
1003,1.3120,-0.1151,-0.1464,3.001,good,0.073,7.21,0,0,0,0,11.68,3,0.0,,,
1004,1.3120,-0.1133,0.0619,2.998,good,0.145,7.42,0,0,0,0,11.14,3,0.0,,,
1007,1.3160,-0.1137,0.0039,2.755,good,0.014,6.68,0,0,0,0,17.57,3,0.0,,,
1008,1.3160,-0.1118,0.1352,3.012,sour,1.000,18.42,1,1,1,0,10.33,3,3.2,49,1024,
1009,1.3160,-0.1115,0.2312,2.999,good,0.308,3.59,0,0,0,0,10.50,3,0.0,,,
1010,1.3160,-0.1204,-0.2266,3.090,good,0.224,17.76,0,0,0,0,7.32,2,0.0,,,
1011,1.3160,-0.1085,0.1002,2.991,good,0.072,6.69,0,0,0,0,9.70,3,0.0,,,
1019,1.3160,-0.1095,-0.2228,3.000,black,1.000,45.53,1,1,1,0,9.82,1,3.2,3,1008,1008
1020,1.3160,-0.1066,-0.2303,3.000,good,0.001,2.91,0,0,0,0,8.87,1,0.0,,,
1012,1.3200,-0.1123,0.1855,3.011,good,0.000,3.66,0,0,0,0,10.52,3,0.0,,,
1013,1.3200,-0.1132,-0.0876,2.895,shell,0.759,8.26,1,1,1,0,13.63,3,2.4,20,1017,
1014,1.3200,-0.1112,-0.0702,2.998,faded,0.943,7.38,1,1,1,0,10.44,3,3.2,23|22,1035,
1015,1.3200,-0.1099,0.0232,3.001,insect,1.000,7.51,1,1,1,0,9.94,3,3.1,34|35,1007,1007
1016,1.3200,-0.1088,-0.1547,3.004,shell,0.734,6.94,1,1,1,0,9.49,3,2.4,12|11,1009,1009
1017,1.3240,-0.1132,-0.0501,3.009,good,0.001,6.01,0,0,0,0,10.87,3,0.0,,,
1018,1.3240,-0.1098,-0.1151,3.160,good,0.134,5.36,0,0,0,0,6.38,3,0.0,,,
1022,1.3240,-0.1199,0.2135,2.990,good,0.000,3.38,0,0,0,0,13.54,2,0.0,,,
1021,1.3280,-0.1108,-0.0052,3.008,good,0.481,7.71,0,0,0,0,10.06,3,0.0,,,
1023,1.3320,-0.1164,0.1203,2.996,good,0.436,6.03,0,0,0,0,12.24,3,0.0,,,
1024,1.3320,-0.1125,0.1511,2.963,good,0.000,5.68,0,0,0,0,11.71,3,0.0,,,
1025,1.3320,-0.1092,0.2262,2.964,good,0.230,6.59,0,0,0,0,10.58,3,0.0,,,
1026,1.3320,-0.1094,-0.1129,3.115,good,0.000,4.97,0,0,0,0,7.21,3,0.0,,,
1027,1.3320,-0.1096,-0.1756,3.001,shell,0.874,7.70,1,1,1,0,9.85,3,2.4,9,1044,
1028,1.3360,-0.1133,-0.2165,2.999,good,0.007,5.37,0,0,0,0,11.11,3,0.0,,,
1030,1.3360,-0.1197,-0.1086,2.996,faded,0.844,8.10,1,1,1,0,13.35,2,3.1,18|17,1026,1026
1029,1.3400,-0.1046,0.0858,3.450,good,0.009,5.34,0,0,0,0,-0.69,3,0.0,,,
1032,1.3400,-0.1192,0.1670,3.019,good,0.002,5.87,0,0,0,0,12.60,2,0.0,,,
1031,1.3440,-0.1112,-0.0930,2.975,faded,0.885,7.23,1,1,1,0,11.01,3,3.2,20|19,1029,1029
1037,1.3440,-0.1174,0.1077,3.269,black,1.000,45.23,1,1,1,0,6.50,2,3.2,45,1031|1070,
1038,1.3440,-0.1152,-0.0103,3.017,faded,0.834,7.82,1,1,1,0,11.34,2,2.5,30,1056,1056
1033,1.3480,-0.1145,-0.0770,3.055,good,0.067,7.12,0,0,0,0,10.21,3,0.0,,,
1034,1.3480,-0.1152,-0.0657,2.907,shell,0.837,8.52,1,1,1,0,14.04,3,2.4,23,1048,1048
1035,1.3480,-0.1105,0.0654,2.983,black,1.000,44.84,1,1,1,0,10.55,3,3.2,40,1038,1038
1036,1.3480,-0.1080,-0.1126,3.122,faded,0.977,6.59,1,1,1,0,6.62,3,3.2,17,1042,
1042,1.3480,-0.1187,-0.1388,3.230,good,0.044,5.55,0,0,0,0,7.71,2,0.0,,,
1039,1.3520,-0.1139,0.2336,3.161,good,0.001,3.04,0,0,0,0,7.66,3,0.0,,,
1040,1.3520,-0.1116,0.1736,3.009,black,1.000,48.46,1,1,1,0,10.32,3,3.2,54,1046,1046
1041,1.3520,-0.1108,-0.1314,3.019,good,0.029,2.66,0,0,0,0,9.82,3,0.0,,,
1044,1.3520,-0.1142,-0.1538,3.450,good,0.001,4.57,0,0,0,0,2.08,2,0.0,,,
1043,1.3560,-0.1122,-0.2067,2.914,black,1.000,48.47,1,1,1,0,12.84,3,3.2,5,1061,
1050,1.3560,-0.1178,0.1466,2.854,sour,1.000,15.94,1,1,1,0,16.32,2,3.2,50,1047,
1052,1.3560,-0.1012,0.2372,3.000,good,0.000,2.87,0,0,0,0,7.07,1,0.0,,,
1045,1.3600,-0.1158,0.0417,3.002,good,0.012,6.76,0,0,0,0,11.88,3,0.0,,,
1046,1.3600,-0.1108,0.0329,2.999,faded,0.768,4.63,1,1,1,0,10.28,3,3.2,36,1054,1054
1047,1.3600,-0.1105,-0.0843,3.004,faded,0.883,5.86,1,1,1,0,10.07,3,3.1,21,1053,1053
1048,1.3600,-0.1093,0.1028,3.009,good,0.001,5.95,0,0,0,0,9.56,3,0.0,,,
1049,1.3600,-0.1099,-0.1253,2.644,good,0.000,4.98,0,0,0,0,19.41,3,0.0,,,
1057,1.3600,-0.1006,-0.2029,3.000,black,1.000,48.29,1,1,1,0,6.85,1,3.2,6|5,1061,
1051,1.3640,-0.1168,-0.2058,2.440,good,0.065,6.53,0,0,0,0,28.86,3,0.0,,,
1056,1.3640,-0.1174,-0.2278,3.087,shell,0.643,4.82,1,1,1,0,10.43,2,2.4,2|3,1050,1050
1053,1.3680,-0.1139,0.0903,2.971,good,0.094,5.23,0,0,0,0,12.00,3,0.0,,,
1054,1.3680,-0.1122,-0.0490,3.006,shell,0.994,8.66,1,1,1,0,10.59,3,2.4,25,1055,1055
1055,1.3680,-0.1095,0.2038,3.002,good,0.041,5.77,0,0,0,0,9.79,3,0.0,,,
1061,1.3680,-0.1197,-0.0928,2.822,good,0.023,6.94,0,0,0,0,17.87,2,0.0,,,
1062,1.3680,-0.1192,0.1344,2.930,good,0.083,6.14,0,0,0,0,14.79,2,0.0,,,
1063,1.3680,-0.1189,-0.1783,2.921,good,0.000,3.93,0,0,0,0,14.92,2,0.0,,,
1058,1.3720,-0.1151,0.2168,2.930,good,0.001,2.22,0,0,0,0,13.40,3,0.0,,,
1059,1.3720,-0.1299,-0.2284,1.927,good,0.055,4.12,0,0,0,0,55.30,2,0.0,,,
1060,1.3720,-0.1323,0.0357,3.000,good,0.008,5.24,0,0,0,0,9.44,1,0.0,,,
1067,1.3720,-0.1203,0.0391,3.000,good,0.003,5.25,0,0,0,0,9.45,1,0.0,,,
1073,1.3720,-0.1083,0.0424,3.000,good,0.003,5.17,0,0,0,0,9.45,1,0.0,,,
1064,1.3760,-0.1143,0.1864,3.017,good,0.001,4.35,0,0,0,0,11.05,3,0.0,,,
1065,1.3760,-0.1136,-0.1479,3.001,good,0.000,5.66,0,0,0,0,11.18,3,0.0,,,
1066,1.3760,-0.1121,0.1677,3.020,sour,1.000,10.45,1,1,1,0,10.24,3,3.2,53,1077,1077
1071,1.3760,-0.1168,-0.0999,2.993,faded,0.856,5.02,1,1,1,0,12.44,2,3.1,19,1089,1089
1072,1.3760,-0.1145,-0.2245,1.927,good,0.121,4.20,0,0,0,0,51.33,2,0.0,,,
1068,1.3800,-0.1126,-0.0164,3.001,sour,0.921,10.89,1,1,1,0,10.83,3,3.2,29|30,1097,1097
1069,1.3800,-0.1092,-0.0745,2.949,good,0.000,4.73,0,0,0,0,10.94,3,0.0,,,
1070,1.3800,-0.1081,0.1298,3.000,good,0.328,4.20,0,0,0,0,9.37,3,0.0,,,
1079,1.3800,-0.1069,-0.2212,3.000,good,0.017,4.14,0,0,0,0,8.96,1,0.0,,,
1074,1.3840,-0.1144,0.0664,3.026,shell,0.610,8.15,1,1,1,0,10.87,3,2.4,40,1071,1071
1075,1.3840,-0.1128,-0.1076,3.016,good,0.001,5.05,0,0,0,0,10.55,3,0.0,,,
1077,1.3840,-0.1168,0.1453,2.994,good,0.438,9.16,0,0,0,0,12.41,2,0.0,,,
1078,1.3840,-0.1135,0.2256,3.450,good,0.000,2.64,0,0,0,0,1.89,2,0.0,,,
1076,1.3880,-0.1134,0.1115,2.997,faded,0.623,6.63,1,1,1,0,11.20,3,3.2,46,1100,1100
1084,1.3880,-0.1174,-0.0643,3.000,insect,1.000,6.74,1,1,1,0,12.48,2,3.1,23,1106,1106
1085,1.3880,-0.1165,-0.0775,2.877,good,0.004,8.81,0,0,0,0,15.24,2,0.0,,,
1086,1.3880,-0.1148,-0.1839,2.998,good,0.001,5.19,0,0,0,0,11.63,2,0.0,,,
1080,1.3920,-0.1154,0.0962,3.013,insect,1.000,7.84,1,1,1,0,11.50,3,3.1,44,1085,1085
1081,1.3920,-0.1116,-0.1008,2.856,good,0.000,6.87,0,0,0,0,14.09,3,0.0,,,
1082,1.3920,-0.1098,-0.0078,2.994,good,0.001,6.68,0,0,0,0,10.06,3,0.0,,,
1083,1.3920,-0.1110,-0.0918,2.865,faded,0.984,5.03,1,1,1,0,13.65,3,3.2,20,1078,
1087,1.3960,-0.1117,-0.1522,2.953,good,0.000,4.19,0,0,0,0,11.70,3,0.0,,,
1088,1.3960,-0.1107,-0.2220,3.019,faded,0.918,6.77,1,1,1,0,9.81,3,3.1,3,1081,1081
1089,1.3960,-0.1126,-0.1044,2.855,shell,0.722,8.70,1,1,1,0,14.46,3,2.4,18,1090,1090
1090,1.3960,-0.1195,-0.1302,3.031,black,1.000,40.74,1,1,1,0,12.42,2,3.2,15,1112,1112
1094,1.4000,-0.1161,0.0016,2.967,husk,0.947,6.80,1,1,1,0,12.84,2,2.4,32,1079|1111,
1095,1.4000,-0.1179,-0.0673,2.789,faded,0.984,8.75,1,1,1,0,18.13,2,2.4,23,1102,
1091,1.4040,-0.1130,-0.1945,3.028,good,0.001,6.24,0,0,0,0,10.33,3,0.0,,,
1092,1.4040,-0.1114,0.0218,2.984,good,0.051,8.07,0,0,0,0,10.86,3,0.0,,,
1093,1.4040,-0.1086,0.2202,3.009,faded,0.674,3.91,1,1,1,0,9.34,3,3.2,60|59,1092,1092
1099,1.4040,-0.1183,0.1634,2.998,good,0.000,5.36,0,0,0,0,12.81,2,0.0,,,
1100,1.4040,-0.1177,0.1503,3.000,insect,1.000,5.69,1,1,1,0,12.55,2,3.1,51,1105,
1096,1.4080,-0.1108,0.1957,3.017,good,0.002,5.81,0,0,0,0,9.87,3,0.0,,,
1097,1.4080,-0.1100,-0.0935,2.983,shell,1.000,8.71,1,1,1,0,10.40,3,2.4,20|19,1094,1094
1098,1.4080,-0.1119,0.2407,2.404,good,0.475,3.16,0,0,0,0,28.15,3,0.0,,,
1105,1.4080,-0.1181,-0.0729,3.051,shell,0.991,7.87,1,1,1,0,11.47,2,2.4,22,1115,
1101,1.4120,-0.1142,-0.1678,3.091,good,0.192,7.35,0,0,0,0,9.31,3,0.0,,,
1102,1.4120,-0.1105,0.1509,2.963,good,0.001,4.33,0,0,0,0,11.06,3,0.0,,,
1103,1.4120,-0.1090,0.1870,2.992,good,0.104,4.15,0,0,0,0,9.86,3,0.0,,,
1104,1.4120,-0.1086,-0.1173,2.995,good,0.000,4.68,0,0,0,0,9.66,3,0.0,,,
1109,1.4120,-0.1183,-0.0786,3.002,good,0.465,7.73,0,0,0,0,12.69,2,0.0,,,
1113,1.4120,-0.1059,-0.0691,3.000,good,0.360,7.47,0,0,0,0,8.63,1,0.0,,,
1106,1.4160,-0.1109,-0.0373,2.913,good,0.343,7.10,0,0,0,0,12.40,3,0.0,,,
1107,1.4160,-0.1126,-0.0510,2.782,shell,0.753,8.33,1,1,1,0,16.42,3,2.4,25,1109,
1108,1.4160,-0.1120,0.0854,2.884,good,0.073,8.33,0,0,0,0,13.51,3,0.0,,,
1112,1.4160,-0.1189,0.2102,3.107,good,0.019,4.26,0,0,0,0,10.46,2,0.0,,,
1110,1.4200,-0.1138,-0.1978,2.797,faded,0.949,5.16,1,1,1,0,16.44,3,3.2,6,1125,
1111,1.4200,-0.1108,-0.1269,3.174,faded,0.921,5.96,1,1,1,0,6.39,3,3.2,15,1131,
1114,1.4240,-0.1146,0.1583,2.994,good,0.000,6.28,0,0,0,0,11.67,3,0.0,,,
1115,1.4240,-0.1121,-0.1574,2.850,shell,0.534,7.10,1,1,1,0,14.44,3,2.4,11|12,1095,1095
1116,1.4240,-0.1088,0.1309,3.004,good,0.000,5.03,0,0,0,0,9.49,3,0.0,,,
1117,1.4280,-0.1130,-0.0872,3.195,good,0.029,5.04,0,0,0,0,6.67,3,0.0,,,
1118,1.4280,-0.1139,0.1075,2.984,good,0.074,7.23,0,0,0,0,11.68,3,0.0,,,
1119,1.4280,-0.1128,-0.0181,2.994,good,0.342,7.68,0,0,0,0,11.08,3,0.0,,,
1120,1.4280,-0.1100,-0.1165,3.000,good,0.001,2.94,0,0,0,0,10.00,3,0.0,,,
1121,1.4280,-0.1096,-0.1364,2.989,good,0.027,5.95,0,0,0,0,10.11,3,0.0,,,
1122,1.4280,-0.1109,-0.0710,2.648,good,0.000,6.26,0,0,0,0,19.65,3,0.0,,,
1127,1.4320,-0.1194,0.0024,2.994,good,0.001,4.07,0,0,0,0,13.28,2,0.0,,,
1128,1.4320,-0.1191,-0.0696,3.005,good,0.042,5.91,0,0,0,0,12.93,2,0.0,,,
1134,1.4320,-0.1003,-0.0744,3.000,good,0.000,5.94,0,0,0,0,6.77,1,0.0,,,
1123,1.4360,-0.1145,-0.2303,2.995,good,0.001,2.42,0,0,0,0,11.64,3,0.0,,,
1124,1.4360,-0.1149,0.1528,2.970,faded,1.000,5.97,1,1,1,0,12.36,3,3.2,51,1136,1136
1125,1.4360,-0.1109,-0.0908,2.999,shell,0.929,9.09,1,1,1,0,10.33,3,2.4,20,1130,1130
1126,1.4360,-0.1221,-0.1178,2.523,faded,1.000,5.41,1,1,1,0,24.02,2,3.2,16|17,,
1131,1.4360,-0.1163,0.2085,3.121,good,0.000,4.44,0,0,0,0,9.30,2,0.0,,,
1132,1.4360,-0.1290,0.0020,3.000,faded,0.857,4.30,1,1,1,0,12.35,1,3.2,32,,
1133,1.4360,-0.1153,0.0552,3.185,good,0.259,7.81,0,0,0,0,7.59,2,0.0,,,
1136,1.4360,-0.1120,-0.1149,3.000,faded,1.000,5.35,1,1,1,0,10.66,1,3.2,17,1138,
1129,1.4400,-0.1152,-0.0204,2.989,good,0.002,7.55,0,0,0,0,11.99,3,0.0,,,
1130,1.4400,-0.1097,0.2445,3.011,shell,0.943,7.87,1,1,1,0,9.66,3,2.4,63,1151,1151
1135,1.4440,-0.1121,0.2221,2.996,husk,0.551,6.56,1,1,1,0,10.80,3,2.4,60,1133|1153,1133|1153
1138,1.4440,-0.1160,-0.0509,3.030,good,0.001,4.30,0,0,0,0,11.26,2,0.0,,,
1137,1.4480,-0.1144,-0.1329,2.996,good,0.000,4.59,0,0,0,0,11.56,3,0.0,,,
1142,1.4480,-0.1185,0.1114,2.998,good,0.238,8.56,0,0,0,0,12.89,2,0.0,,,
1143,1.4480,-0.1170,-0.0185,3.012,good,0.087,7.21,0,0,0,0,12.05,2,0.0,,,
1144,1.4480,-0.1149,0.0521,3.450,faded,0.998,5.12,1,1,1,0,2.30,2,3.2,38,1161,
1145,1.4480,-0.1155,-0.0076,3.062,shell,0.755,7.85,1,1,1,0,10.38,2,2.4,31|30,1157,1157
1139,1.4520,-0.1160,-0.0128,3.000,good,0.244,5.54,0,0,0,0,12.01,3,0.0,,,
1140,1.4520,-0.1128,0.0230,2.922,shell,0.802,8.59,1,1,1,0,12.83,3,2.4,34|35,1127,1127
1141,1.4520,-0.1354,0.1255,3.000,insect,1.000,10.37,1,1,1,0,10.47,1,3.1,48|47,,
1147,1.4520,-0.1190,0.0801,3.059,faded,0.752,5.91,1,1,1,0,11.59,2,3.2,42,1140,
1148,1.4520,-0.1189,0.1296,2.660,insect,0.910,11.77,1,1,1,0,22.32,2,3.1,48,1134|1156,
1149,1.4520,-0.1183,0.1415,3.005,faded,0.979,6.92,1,1,1,0,12.66,2,3.2,50|49,1146,
1150,1.4520,-0.1167,-0.1794,3.135,good,0.094,7.64,0,0,0,0,9.13,2,0.0,,,
1146,1.4560,-0.1095,0.0151,2.994,faded,0.952,8.09,1,1,1,0,9.97,3,2.4,33|34,1168,1168
1153,1.4560,-0.1182,-0.0014,3.049,shell,0.968,8.91,1,1,1,0,11.58,2,2.4,31|32,1158,1158
1154,1.4560,-0.1175,0.1662,3.053,good,0.215,7.28,0,0,0,0,11.26,2,0.0,,,
1151,1.4600,-0.1155,0.1988,3.118,good,0.015,4.87,0,0,0,0,9.11,3,0.0,,,
1152,1.4600,-0.1085,0.0368,2.999,faded,0.840,6.23,1,1,1,0,9.50,3,3.2,36,1159,
1155,1.4640,-0.1391,-0.0294,3.000,good,0.002,4.85,0,0,0,0,11.70,1,0.0,,,
1159,1.4640,-0.1171,-0.1678,3.312,good,0.001,3.83,0,0,0,0,5.54,2,0.0,,,
1160,1.4640,-0.1125,0.0586,2.984,good,0.099,8.93,0,0,0,0,11.19,2,0.0,,,
1161,1.4640,-0.1174,0.1567,3.208,good,0.003,4.94,0,0,0,0,7.75,2,0.0,,,
1162,1.4640,-0.1170,-0.2237,2.973,good,0.006,7.58,0,0,0,0,12.99,2,0.0,,,
1163,1.4640,-0.1288,-0.0327,3.000,good,0.004,4.91,0,0,0,0,12.28,1,0.0,,,
1166,1.4640,-0.1186,-0.0361,3.000,good,0.002,4.86,0,0,0,0,12.85,1,0.0,,,
1156,1.4680,-0.1115,-0.0671,3.403,faded,0.852,7.24,1,1,1,0,2.15,3,3.2,23,1199,1199
1157,1.4680,-0.1113,0.1493,3.000,good,0.030,5.70,0,0,0,0,10.43,3,0.0,,,
1158,1.4680,-0.1205,-0.1430,3.282,good,0.000,4.00,0,0,0,0,3.19,2,0.0,,,
1174,1.4680,-0.1074,-0.1400,3.000,good,0.000,3.94,0,0,0,0,9.13,1,0.0,,,
1175,1.4680,-0.1083,-0.0395,3.000,good,0.002,4.90,0,0,0,0,9.43,1,0.0,,,
1164,1.4720,-0.1264,-0.0695,3.027,good,0.024,7.07,0,0,0,0,10.79,2,0.0,,,
1165,1.4720,-0.1154,0.1822,2.854,good,0.000,3.52,0,0,0,0,15.49,3,0.0,,,
1169,1.4720,-0.1195,-0.1294,3.388,good,0.000,3.83,0,0,0,0,4.77,2,0.0,,,
1171,1.4720,-0.1182,-0.1943,3.126,good,0.001,3.62,0,0,0,0,9.81,2,0.0,,,
1172,1.4720,-0.1185,-0.0920,3.000,faded,0.901,9.36,1,1,1,0,12.82,2,2.8,20,1175,
1173,1.4720,-0.1163,-0.2255,3.009,good,0.000,2.88,0,0,0,0,11.86,2,0.0,,,
1180,1.4720,-0.1143,-0.0734,3.000,good,0.013,5.56,0,0,0,0,11.42,1,0.0,,,
1167,1.4760,-0.1152,0.0071,3.020,good,0.099,6.36,0,0,0,0,11.26,3,0.0,,,
1168,1.4760,-0.1127,-0.2377,2.942,good,0.000,4.46,0,0,0,0,12.29,3,0.0,,,
1170,1.4760,-0.1252,0.0771,2.431,broken,1.000,7.30,1,1,1,0,28.64,2,2.4,41|42,,
1179,1.4760,-0.1175,0.2186,3.311,good,0.000,5.44,0,0,0,0,5.69,2,0.0,,,
1184,1.4760,-0.1155,0.0729,3.000,broken,1.000,7.28,1,1,1,0,11.84,1,2.4,41,1145,
1176,1.4800,-0.1119,-0.0030,3.002,faded,0.999,10.30,1,1,1,0,10.61,3,2.7,31,1173,1173
1177,1.4800,-0.1107,0.0557,2.655,good,0.092,10.49,0,0,0,0,19.37,3,0.0,,,
1178,1.4800,-0.1087,-0.0110,3.012,good,0.490,6.67,0,0,0,0,9.31,3,0.0,,,
1183,1.4800,-0.1125,-0.2191,3.450,faded,0.611,3.16,1,1,1,0,1.61,2,3.2,3|4,1182,
1189,1.4800,-0.1060,0.0613,3.000,husk,1.000,10.15,1,1,1,0,8.67,1,2.4,39|40,1198,
1181,1.4840,-0.1145,-0.1265,2.980,good,0.016,5.63,0,0,0,0,11.98,3,0.0,,,
1182,1.4840,-0.1121,-0.0089,2.980,shell,0.999,8.81,1,1,1,0,11.18,3,2.4,30|31,1174,
1188,1.4840,-0.1152,-0.0204,3.212,good,0.020,7.09,0,0,0,0,7.01,2,0.0,,,
1186,1.4880,-0.1226,0.0023,2.626,good,0.056,7.57,0,0,0,0,20.76,2,0.0,,,
1187,1.4880,-0.1117,0.1097,2.721,good,0.140,6.63,0,0,0,0,17.78,3,0.0,,,
1196,1.4880,-0.1121,-0.0012,3.000,good,0.082,7.62,0,0,0,0,10.69,1,0.0,,,
1185,1.4920,-0.1133,-0.1865,2.050,faded,1.000,5.40,1,1,1,0,44.08,4,3.2,8|7,1208,
1190,1.4920,-0.1101,0.0618,3.450,good,0.206,5.18,0,0,0,0,0.91,3,0.0,,,
1191,1.4920,-0.1114,-0.0403,3.001,shell,0.983,9.82,1,1,1,0,10.44,3,2.4,26|27,1204,1204
1192,1.4920,-0.1099,0.1313,3.069,good,0.000,6.42,0,0,0,0,8.41,3,0.0,,,
1193,1.4960,-0.1156,-0.0191,3.022,good,0.121,7.26,0,0,0,0,11.35,3,0.0,,,
1194,1.4960,-0.1155,-0.0015,3.033,good,0.001,5.52,0,0,0,0,11.03,3,0.0,,,
1195,1.4960,-0.1101,0.0595,3.048,good,0.468,7.31,0,0,0,0,8.92,3,0.0,,,
1197,1.5000,-0.1129,-0.1551,2.897,faded,0.997,4.58,1,1,1,0,13.48,3,3.2,12|11,1187,
1201,1.5000,-0.1192,-0.2001,3.010,good,0.001,5.48,0,0,0,0,12.83,2,0.0,,,
1202,1.5000,-0.1185,0.1473,3.008,good,0.135,6.03,0,0,0,0,12.65,2,0.0,,,
1199,1.5040,-0.1132,0.1032,2.913,good,0.556,7.72,1,1,1,0,13.19,3,2.8,45,1194,1194
1200,1.5040,-0.1117,-0.1088,3.002,good,0.001,4.18,0,0,0,0,10.51,3,0.0,,,
1198,1.5080,-0.1206,0.0719,2.075,good,0.007,6.57,0,0,0,0,42.30,3,0.0,,,
1206,1.5080,-0.1197,0.1255,3.001,good,0.285,7.30,0,0,0,0,13.22,2,0.0,,,
1212,1.5080,-0.1123,0.0691,3.000,good,0.004,5.80,0,0,0,0,10.75,1,0.0,,,
1203,1.5120,-0.1150,-0.0011,2.998,shell,1.000,9.40,1,1,1,0,11.72,3,2.4,31|32,1201,1201
1204,1.5120,-0.1122,-0.2210,3.071,good,0.000,4.38,0,0,0,0,9.10,3,0.0,,,
1205,1.5120,-0.1130,-0.0178,3.001,good,0.041,6.24,0,0,0,0,10.97,3,0.0,,,
1207,1.5120,-0.1089,0.2338,2.936,good,0.000,3.39,0,0,0,0,11.15,3,0.0,,,
1210,1.5120,-0.1182,-0.2131,3.095,good,0.021,2.90,0,0,0,0,10.48,2,0.0,,,
1211,1.5120,-0.1166,0.1372,3.000,good,0.397,5.91,0,0,0,0,12.19,2,0.0,,,
1208,1.5160,-0.1147,-0.0488,3.010,good,0.001,5.22,0,0,0,0,11.33,3,0.0,,,
1209,1.5160,-0.1076,0.2284,3.215,good,0.001,3.54,0,0,0,0,4.58,3,0.0,,,
1218,1.5200,-0.1170,0.1676,3.001,good,0.225,6.19,0,0,0,0,12.30,2,0.0,,,
1213,1.5240,-0.1127,-0.0422,2.959,good,0.061,7.27,0,0,0,0,11.89,3,0.0,,,
1214,1.5240,-0.1121,-0.0189,3.039,good,0.000,4.27,0,0,0,0,9.79,3,0.0,,,
1215,1.5240,-0.1096,-0.2223,3.000,good,0.000,3.95,0,0,0,0,9.86,3,0.0,,,
1216,1.5240,-0.1095,0.1158,3.021,good,0.180,4.68,0,0,0,0,9.36,3,0.0,,,
1217,1.5240,-0.1097,0.1365,3.009,good,0.281,5.23,0,0,0,0,9.68,3,0.0,,,
1224,1.5240,-0.1192,0.0029,3.039,good,0.041,5.62,0,0,0,0,12.14,2,0.0,,,
1219,1.5280,-0.1151,-0.0254,3.014,good,0.242,7.98,0,0,0,0,11.38,3,0.0,,,
1220,1.5280,-0.1369,-0.1493,3.000,good,0.006,6.68,0,0,0,0,10.95,1,0.0,,,
1221,1.5280,-0.1125,0.1747,2.998,good,0.101,4.75,0,0,0,0,10.90,3,0.0,,,
1222,1.5280,-0.1093,0.1474,2.973,faded,0.956,5.35,1,1,1,0,10.40,3,3.2,50|51,1243,
1223,1.5280,-0.1105,-0.1438,2.686,good,0.002,8.51,0,0,0,0,18.36,3,0.0,,,
1227,1.5280,-0.1176,0.0797,3.292,good,0.007,4.19,0,0,0,0,6.09,2,0.0,,,
1225,1.5320,-0.1076,0.1807,3.141,faded,1.000,5.20,1,1,1,0,6.09,3,3.2,55|54,1227,1227
1226,1.5320,-0.1084,-0.2106,2.938,good,0.003,3.52,0,0,0,0,10.94,3,0.0,,,
1230,1.5320,-0.1196,-0.0085,2.995,faded,0.898,10.29,1,1,1,0,13.32,2,2.4,30|31,1223,1223
1228,1.5360,-0.1155,-0.0573,2.971,good,0.003,7.18,0,0,0,0,12.52,3,0.0,,,
1229,1.5360,-0.1141,-0.1172,3.068,broken,1.000,10.06,1,1,1,0,9.79,3,2.4,16|17,1240,
1231,1.5400,-0.1372,0.2381,3.000,good,0.001,2.44,0,0,0,0,11.07,1,0.0,,,
1232,1.5400,-0.1087,-0.2391,3.027,good,0.002,5.90,0,0,0,0,8.97,3,0.0,,,
1238,1.5400,-0.1175,0.0986,3.006,husk,0.603,9.13,1,1,1,0,12.34,2,2.4,44,1244|1251,1244|1251
1242,1.5400,-0.1036,-0.0543,3.000,good,0.001,6.81,0,0,0,0,7.88,1,0.0,,,
1233,1.5440,-0.1149,0.2036,3.139,good,0.000,3.60,0,0,0,0,8.45,3,0.0,,,
1234,1.5440,-0.1380,0.2407,3.000,good,0.187,4.36,0,0,0,0,11.33,1,0.0,,,
1235,1.5440,-0.1107,0.2345,2.693,good,0.038,7.22,0,0,0,0,18.23,3,0.0,,,
1236,1.5440,-0.1094,-0.1152,3.103,faded,0.686,4.77,1,1,1,0,7.48,3,3.2,17,1230,1230
1237,1.5440,-0.1088,-0.1653,3.023,faded,0.995,4.95,1,1,1,0,9.07,3,3.2,10|11,1246,
1239,1.5440,-0.1177,0.0185,3.001,good,0.216,9.09,0,0,0,0,12.55,2,0.0,,,
1240,1.5440,-0.1179,-0.0129,2.999,good,0.000,5.31,0,0,0,0,12.66,2,0.0,,,
1241,1.5440,-0.1172,-0.0453,2.983,good,0.000,5.82,0,0,0,0,12.81,2,0.0,,,
1244,1.5480,-0.1314,0.0756,3.000,good,0.039,3.69,0,0,0,0,13.13,1,0.0,,,
1245,1.5480,-0.1177,-0.1935,3.001,good,0.173,3.63,0,0,0,0,12.53,2,0.0,,,
1246,1.5480,-0.1167,0.0641,3.076,good,0.370,5.04,0,0,0,0,10.44,2,0.0,,,
1251,1.5480,-0.1135,0.0751,3.000,good,0.008,3.61,0,0,0,0,11.16,1,0.0,,,
1252,1.5480,-0.1059,-0.0166,3.000,good,0.000,5.28,0,0,0,0,8.63,1,0.0,,,
1243,1.5520,-0.1272,-0.1476,3.027,good,0.321,8.01,0,0,0,0,11.04,2,0.0,,,
1258,1.5520,-0.1150,-0.1512,3.000,good,0.177,7.60,0,0,0,0,11.68,1,0.0,,,
1247,1.5560,-0.1146,-0.0430,2.999,good,0.002,6.20,0,0,0,0,11.55,3,0.0,,,
1248,1.5560,-0.1116,0.2165,2.987,good,0.000,2.56,0,0,0,0,10.84,3,0.0,,,
1249,1.5560,-0.1117,0.1911,2.999,good,0.000,2.92,0,0,0,0,10.59,3,0.0,,,
1250,1.5560,-0.1078,-0.2139,3.098,faded,0.975,5.25,1,1,1,0,7.07,3,3.2,4,1248,
1255,1.5560,-0.1190,-0.0946,2.985,good,0.001,7.14,0,0,0,0,13.36,2,0.0,,,
1256,1.5560,-0.1189,-0.1906,2.741,good,0.001,4.57,0,0,0,0,19.87,2,0.0,,,
1257,1.5560,-0.1168,-0.0852,2.969,good,0.070,6.59,0,0,0,0,13.02,2,0.0,,,
1253,1.5600,-0.1110,0.0226,2.983,faded,1.000,16.20,1,1,1,0,10.74,3,3.2,34|35,1238|1245,1238|1245
1254,1.5600,-0.1153,-0.0133,2.509,faded,0.632,5.84,1,1,1,0,25.79,3,3.2,30,1229,
1261,1.5600,-0.1199,-0.1048,2.988,faded,0.632,6.08,1,1,1,0,13.58,2,3.2,18,1273,1273
1259,1.5640,-0.1145,0.1798,3.002,good,0.001,3.22,0,0,0,0,11.47,3,0.0,,,
1260,1.5640,-0.1177,-0.0822,2.225,faded,0.582,6.34,1,1,1,0,37.84,3,3.2,21,1221,
1263,1.5640,-0.1179,-0.0325,3.234,good,0.000,4.26,0,0,0,0,7.38,2,0.0,,,
1264,1.5640,-0.1162,0.0161,3.018,good,0.001,6.43,0,0,0,0,11.62,2,0.0,,,
1262,1.5680,-0.1098,-0.1545,2.922,good,0.001,4.43,0,0,0,0,11.79,3,0.0,,,
1269,1.5680,-0.1193,-0.0928,2.904,good,0.165,8.51,0,0,0,0,15.53,2,0.0,,,
1271,1.5680,-0.1198,0.1619,3.002,good,0.000,5.72,0,0,0,0,13.23,2,0.0,,,
1272,1.5680,-0.1175,0.0804,2.946,good,0.141,7.51,0,0,0,0,13.85,2,0.0,,,
1265,1.5720,-0.1199,0.0515,2.558,faded,0.629,7.29,1,1,1,0,25.99,3,3.2,38,1255,
1266,1.5720,-0.1131,0.2093,2.993,good,0.034,3.60,0,0,0,0,11.21,3,0.0,,,
1267,1.5720,-0.1099,0.0285,3.059,good,0.015,6.63,0,0,0,0,8.64,3,0.0,,,
1268,1.5720,-0.1073,-0.2360,3.293,good,0.131,3.88,0,0,0,0,2.95,3,0.0,,,
1270,1.5720,-0.1094,-0.1924,2.720,black,1.000,49.30,1,1,1,0,16.99,3,3.2,7,1258,
1273,1.5760,-0.1147,0.0777,2.925,faded,1.000,5.09,1,1,1,0,13.38,3,3.2,41|42,1259,
1274,1.5760,-0.1107,0.1990,3.095,good,0.029,5.50,0,0,0,0,8.06,3,0.0,,,
1275,1.5760,-0.1096,-0.2292,2.998,good,0.000,3.24,0,0,0,0,9.92,3,0.0,,,
1276,1.5800,-0.1143,0.0801,2.998,shell,0.833,8.60,1,1,1,0,11.48,3,2.4,42,1291,
1277,1.5800,-0.1140,0.1493,3.004,good,0.267,5.39,0,0,0,0,11.23,3,0.0,,,
1278,1.5800,-0.1092,-0.0882,2.804,good,0.000,5.66,0,0,0,0,14.63,3,0.0,,,
1279,1.5800,-0.1083,-0.0382,3.033,good,0.019,5.17,0,0,0,0,8.69,3,0.0,,,
1280,1.5840,-0.1170,0.0555,2.828,good,0.000,4.42,0,0,0,0,16.72,3,0.0,,,
1281,1.5840,-0.1110,0.0942,2.890,good,0.039,3.46,0,0,0,0,13.00,3,0.0,,,
1286,1.5840,-0.1191,0.0090,3.007,good,0.005,7.58,0,0,0,0,12.87,2,0.0,,,
1282,1.5880,-0.1111,0.1790,3.002,faded,0.550,6.00,1,1,1,0,10.33,3,3.2,54|55,1306,1306
1283,1.5880,-0.1091,0.2144,3.044,good,0.001,5.94,0,0,0,0,8.68,3,0.0,,,
1284,1.5880,-0.1075,0.1427,3.204,good,0.000,4.67,0,0,0,0,4.78,3,0.0,,,
1285,1.5880,-0.1090,0.1149,2.978,faded,0.967,5.41,1,1,1,0,10.18,3,3.2,46,1307,
1288,1.5880,-0.1194,-0.2116,3.206,good,0.000,3.82,0,0,0,0,8.43,2,0.0,,,
1290,1.5880,-0.1173,-0.2320,3.001,good,0.000,4.82,0,0,0,0,12.40,2,0.0,,,
1287,1.5920,-0.1139,0.0897,3.011,shell,0.970,9.21,1,1,1,0,11.06,3,2.4,43,1298,1298
1289,1.5920,-0.1093,-0.0314,3.015,good,0.001,6.59,0,0,0,0,9.41,3,0.0,,,
1293,1.5920,-0.1173,-0.1213,3.377,good,0.023,3.41,0,0,0,0,4.33,2,0.0,,,
1294,1.5920,-0.1290,-0.1631,3.000,good,0.000,3.69,0,0,0,0,12.33,1,0.0,,,
1295,1.5920,-0.1169,-0.2201,2.997,good,0.003,3.48,0,0,0,0,12.38,2,0.0,,,
1296,1.5920,-0.1170,0.0411,2.995,faded,0.843,6.35,1,1,1,0,12.46,2,3.2,37,1270,
1297,1.5920,-0.1139,-0.1520,2.995,sour,0.917,15.63,1,1,1,0,11.43,2,3.2,12,1275,1275
1298,1.5920,-0.1238,-0.0982,3.000,good,0.171,7.32,0,0,0,0,10.59,1,0.0,,,
1304,1.5920,-0.1163,-0.1670,3.000,good,0.000,3.18,0,0,0,0,12.11,1,0.0,,,
1305,1.5920,-0.1025,-0.0994,3.000,good,0.128,7.08,0,0,0,0,7.51,1,0.0,,,
1291,1.5960,-0.1120,-0.0491,3.091,good,0.193,8.64,0,0,0,0,8.59,3,0.0,,,
1292,1.5960,-0.1127,0.0912,3.024,good,0.062,8.12,0,0,0,0,10.33,3,0.0,,,
1303,1.5960,-0.1265,0.0345,3.000,husk,1.000,9.70,1,1,1,0,11.51,1,2.4,36,,
1306,1.5960,-0.1069,0.0369,3.000,good,0.380,8.71,0,0,0,0,8.97,1,0.0,,,
1307,1.5960,-0.1037,-0.1709,3.000,good,0.000,3.23,0,0,0,0,7.90,1,0.0,,,
1308,1.5960,-0.1038,-0.1174,3.000,good,0.040,3.42,0,0,0,0,7.92,1,0.0,,,
1299,1.6000,-0.1137,-0.1813,2.986,good,0.071,4.52,0,0,0,0,11.57,3,0.0,,,
1300,1.6000,-0.1133,-0.1916,2.967,good,0.004,3.90,0,0,0,0,11.89,3,0.0,,,
1301,1.6000,-0.1096,-0.1119,3.098,good,0.003,5.81,0,0,0,0,7.63,3,0.0,,,
1302,1.6000,-0.1081,0.1996,3.000,good,0.012,4.97,0,0,0,0,9.37,3,0.0,,,
1309,1.6080,-0.1102,0.1885,3.021,good,0.037,3.70,0,0,0,0,9.58,3,0.0,,,
1310,1.6080,-0.1101,0.1079,2.988,shell,0.735,8.89,1,1,1,0,10.30,3,2.4,45|46,1303,
1311,1.6120,-0.1168,0.0161,2.993,faded,0.804,8.18,1,1,1,0,12.43,3,2.5,34|33,1329,1329
1312,1.6120,-0.1095,-0.0292,3.265,good,0.043,7.16,0,0,0,0,4.15,3,0.0,,,
1313,1.6120,-0.1114,0.0480,2.767,good,0.002,5.52,0,0,0,0,16.38,3,0.0,,,
1316,1.6120,-0.1166,-0.0815,3.015,good,0.005,3.60,0,0,0,0,11.85,2,0.0,,,
1314,1.6160,-0.1140,-0.0931,3.013,faded,0.621,7.09,1,1,1,0,11.02,3,3.2,20|19,1338,1338
1315,1.6160,-0.1102,0.0649,2.977,good,0.078,6.78,0,0,0,0,10.61,3,0.0,,,
1319,1.6160,-0.1167,0.0377,3.122,faded,0.986,4.36,1,1,1,0,9.40,2,3.2,36|37,1335,
1317,1.6200,-0.1120,-0.1588,3.025,good,0.047,6.61,0,0,0,0,10.09,3,0.0,,,
1318,1.6200,-0.1087,-0.1675,3.025,good,0.003,5.65,0,0,0,0,8.99,3,0.0,,,
1321,1.6200,-0.1310,0.1199,3.000,good,0.009,10.39,0,0,0,0,13.01,1,0.0,,,
1327,1.6200,-0.1179,0.1346,3.000,good,0.076,10.46,0,0,0,0,12.65,1,0.0,,,
1320,1.6240,-0.1069,0.1474,3.398,good,0.071,10.57,0,0,0,0,0.89,3,0.0,,,
1326,1.6240,-0.1162,0.0904,2.944,shell,1.000,9.71,1,1,1,0,13.44,2,2.4,43,1322,1322
1322,1.6280,-0.1133,-0.2104,3.004,faded,0.956,5.05,1,1,1,0,11.01,3,3.2,5|4,1354,1354
1323,1.6280,-0.1233,0.1593,2.999,good,0.364,4.75,0,0,0,0,10.47,2,0.0,,,
1324,1.6280,-0.1105,-0.0439,3.020,good,0.000,5.61,0,0,0,0,9.69,3,0.0,,,
1325,1.6280,-0.1143,0.0677,2.474,good,0.004,5.97,0,0,0,0,26.61,3,0.0,,,
1331,1.6280,-0.1294,0.1688,3.000,husk,0.980,7.69,1,1,1,0,12.47,1,2.4,53,1323,
1334,1.6280,-0.1144,0.1647,3.000,husk,0.958,12.72,1,1,1,0,11.48,1,2.4,53|52,1276|1321|1341,1321
1328,1.6320,-0.1175,-0.2082,2.511,good,0.187,3.89,0,0,0,0,26.65,3,0.0,,,
1329,1.6320,-0.1249,-0.0944,3.193,good,0.001,5.02,0,0,0,0,6.42,2,0.0,,,
1330,1.6320,-0.1075,0.1984,3.282,good,0.000,3.58,0,0,0,0,3.22,3,0.0,,,
1340,1.6320,-0.1121,-0.0976,3.000,good,0.001,4.78,0,0,0,0,10.69,1,0.0,,,
1332,1.6360,-0.1112,-0.0711,2.997,faded,1.000,5.49,1,1,1,0,10.50,3,3.2,22|23,1327,1327
1333,1.6360,-0.1111,0.1703,2.916,good,0.021,6.38,0,0,0,0,12.39,3,0.0,,,
1337,1.6360,-0.1191,0.0446,2.999,good,0.164,6.97,0,0,0,0,13.06,2,0.0,,,
1339,1.6360,-0.1184,-0.1142,3.219,faded,0.707,4.62,1,1,1,0,7.84,2,3.2,17,1332,1332
1335,1.6400,-0.1183,-0.2185,2.730,good,0.000,2.54,0,0,0,0,19.97,3,0.0,,,
1336,1.6400,-0.1076,0.0166,3.450,good,0.248,5.27,0,0,0,0,0.17,3,0.0,,,
1338,1.6400,-0.1108,-0.0320,2.936,good,0.009,5.73,0,0,0,0,11.81,3,0.0,,,
1342,1.6400,-0.1178,0.1428,3.017,good,0.417,3.76,0,0,0,0,12.17,2,0.0,,,
1343,1.6400,-0.1168,0.0593,3.000,good,0.348,7.51,0,0,0,0,12.26,2,0.0,,,
1344,1.6400,-0.1145,0.1887,3.003,good,0.039,7.04,0,0,0,0,11.44,2,0.0,,,
1341,1.6440,-0.1115,-0.1851,2.998,faded,0.977,5.12,1,1,1,0,10.55,3,3.2,8,1334,1334
1347,1.6440,-0.1198,-0.0803,3.450,faded,0.742,3.65,1,1,1,0,3.72,2,3.2,21,1413,
1349,1.6440,-0.1157,-0.2113,3.001,good,0.548,7.65,1,1,1,0,11.89,2,2.4,4|5,1357,1357
1345,1.6480,-0.1127,-0.0473,2.984,shell,0.974,9.58,1,1,1,0,11.27,3,2.4,25|26,1343,
1346,1.6480,-0.1117,-0.0014,3.103,sour,0.615,7.17,1,1,1,0,8.23,3,3.1,31|32,1348,1348
1348,1.6480,-0.1089,-0.1510,3.045,sour,1.000,13.69,1,1,1,0,8.60,3,3.2,12,1361,1361
1351,1.6480,-0.1198,-0.0799,3.166,good,0.012,8.04,0,0,0,0,9.45,2,0.0,,,
1353,1.6480,-0.1174,0.0127,2.966,faded,0.920,5.72,1,1,1,0,13.30,2,3.2,33,1352,1352
1350,1.6520,-0.1123,0.0580,2.971,good,0.134,7.31,0,0,0,0,11.46,3,0.0,,,
1352,1.6520,-0.1066,-0.1765,3.450,good,0.014,3.66,0,0,0,0,-0.11,3,0.0,,,
1358,1.6520,-0.1196,-0.1750,2.999,good,0.002,4.01,0,0,0,0,13.21,2,0.0,,,
1360,1.6520,-0.1087,-0.1864,3.450,good,0.018,3.11,0,0,0,0,0.49,2,0.0,,,
1363,1.6520,-0.1014,-0.0759,3.000,good,0.001,4.75,0,0,0,0,7.15,1,0.0,,,
1354,1.6560,-0.1161,-0.0102,3.002,good,0.074,5.56,0,0,0,0,11.98,3,0.0,,,
1355,1.6560,-0.1123,0.1574,2.856,good,0.379,7.58,0,0,0,0,14.34,3,0.0,,,
1356,1.6560,-0.1111,-0.0506,2.997,good,0.441,5.42,0,0,0,0,10.45,3,0.0,,,
1357,1.6560,-0.1102,-0.0881,2.982,shell,0.901,8.17,1,1,1,0,10.48,3,2.4,20,1350,1350
1359,1.6560,-0.1077,-0.1880,3.091,good,0.035,7.58,0,0,0,0,7.21,3,0.0,,,
1361,1.6600,-0.1119,-0.2341,3.077,good,0.001,3.33,0,0,0,0,8.85,3,0.0,,,
1362,1.6600,-0.1107,0.0722,3.003,good,0.000,4.78,0,0,0,0,10.19,3,0.0,,,
1365,1.6600,-0.1180,-0.1484,2.945,good,0.132,12.04,0,0,0,0,14.02,2,0.0,,,
1364,1.6640,-0.1081,0.0545,2.954,shell,1.000,9.19,1,1,1,0,10.44,3,2.4,38|39,1346,1346
1371,1.6640,-0.1063,-0.1440,3.000,good,0.089,4.31,0,0,0,0,8.75,1,0.0,,,
1372,1.6640,-0.1062,-0.1554,3.000,good,0.006,5.35,0,0,0,0,8.75,1,0.0,,,
1366,1.6680,-0.1127,0.1358,3.306,faded,0.561,4.02,1,1,1,0,4.34,3,3.2,49,1381,
1367,1.6680,-0.1149,0.1600,3.003,faded,0.826,5.67,1,1,1,0,11.56,3,3.2,52,1370,
1368,1.6680,-0.1238,-0.0587,2.546,good,0.001,5.02,0,0,0,0,23.93,2,0.0,,,
1370,1.6680,-0.1318,-0.0674,3.000,faded,0.993,6.21,1,1,1,0,13.27,1,3.2,23,1366,
1378,1.6680,-0.1155,-0.0652,3.000,good,0.445,6.11,0,0,0,0,11.84,1,0.0,,,
1369,1.6720,-0.1102,-0.2061,3.054,good,0.000,3.24,0,0,0,0,8.83,3,0.0,,,
1375,1.6720,-0.1158,-0.1141,3.017,faded,0.954,13.00,1,1,1,0,11.51,2,3.2,17,1367|1385,1367
1376,1.6720,-0.1171,-0.0832,2.995,good,0.049,6.71,0,0,0,0,12.49,2,0.0,,,
1373,1.6760,-0.1127,0.1435,2.845,faded,0.812,5.50,1,1,1,0,14.77,3,3.2,50,1375,1375
1374,1.6760,-0.1105,0.1849,2.841,faded,0.973,3.81,1,1,1,0,14.12,3,3.2,55,1371,
1377,1.6760,-0.1088,0.0790,2.937,shell,0.729,22.66,1,1,1,0,11.09,3,2.4,42|41,1351,1351
1380,1.6760,-0.1196,0.0698,3.143,insect,1.000,7.28,1,1,1,0,9.87,2,3.1,40|41,1377,
1381,1.6760,-0.1155,-0.0677,2.989,black,0.859,19.02,1,1,1,0,12.07,2,3.2,23,1362|1366,1362|1366
1379,1.6800,-0.1136,-0.0434,3.021,good,0.120,7.58,0,0,0,0,10.69,3,0.0,,,
1382,1.6800,-0.1177,0.1889,2.947,good,0.000,3.97,0,0,0,0,13.86,2,0.0,,,
1386,1.6840,-0.1169,-0.0623,3.006,shell,0.899,8.56,1,1,1,0,12.17,2,2.4,24|23,1384,1384
1383,1.6880,-0.1141,0.1506,3.000,good,0.028,5.75,0,0,0,0,11.37,3,0.0,,,
1384,1.6880,-0.1239,0.0096,2.640,insect,1.000,7.73,1,1,1,0,20.82,2,3.1,33,1400,
1385,1.6880,-0.1081,-0.2424,3.011,good,0.005,3.69,0,0,0,0,9.12,3,0.0,,,
1391,1.6880,-0.1170,0.0848,2.998,good,0.009,4.55,0,0,0,0,12.38,2,0.0,,,
1392,1.6880,-0.1133,0.0137,3.000,insect,1.000,6.52,1,1,1,0,11.11,1,3.1,33,1380,
1387,1.6920,-0.1165,-0.2001,3.000,good,0.001,3.94,0,0,0,0,12.17,3,0.0,,,
1388,1.6920,-0.1071,0.0196,3.450,good,0.066,11.36,0,0,0,0,0.04,3,0.0,,,
1389,1.6920,-0.1101,-0.1017,2.999,faded,0.999,6.09,1,1,1,0,10.06,3,3.2,18|19,1383,1383
1390,1.6920,-0.1097,0.2298,2.770,faded,0.868,9.16,1,1,1,0,15.72,3,3.2,61,1376|1404,
1394,1.6960,-0.1196,-0.1301,2.992,good,0.063,8.81,0,0,0,0,13.38,2,0.0,,,
1395,1.6960,-0.1178,-0.0919,2.900,good,0.000,5.35,0,0,0,0,15.10,2,0.0,,,
1393,1.7000,-0.1148,0.2088,3.001,faded,0.982,5.46,1,1,1,0,11.59,3,3.2,58,1399,
1398,1.7000,-0.1179,-0.0354,3.096,good,0.170,7.03,0,0,0,0,10.37,2,0.0,,,
1396,1.7040,-0.1154,-0.0926,2.997,shell,0.999,9.11,1,1,1,0,11.85,3,2.4,20|19,1398,1398
1397,1.7040,-0.1090,-0.1711,2.994,faded,0.610,4.14,1,1,1,0,9.81,3,3.2,10|9,1392,1392
1399,1.7080,-0.1100,-0.2014,2.954,good,0.001,4.11,0,0,0,0,11.09,3,0.0,,,
1401,1.7080,-0.1184,0.2421,3.011,good,0.002,3.61,0,0,0,0,12.55,2,0.0,,,
1402,1.7080,-0.1165,-0.2395,3.001,faded,0.895,5.80,1,1,1,0,12.15,2,3.2,1,1396,1396
1400,1.7120,-0.1156,0.0424,2.998,good,0.360,7.90,0,0,0,0,11.93,3,0.0,,,
1414,1.7120,-0.1064,0.2452,3.000,good,0.001,3.59,0,0,0,0,8.81,1,0.0,,,
1403,1.7160,-0.1130,0.0854,3.062,faded,0.953,8.21,1,1,1,0,9.55,3,2.8,42|43,1455,1455
1404,1.7160,-0.1117,-0.1285,3.002,good,0.476,7.81,0,0,0,0,10.53,3,0.0,,,
1405,1.7160,-0.1127,0.0985,2.993,good,0.027,6.09,0,0,0,0,11.07,3,0.0,,,
1406,1.7160,-0.1106,0.0352,3.006,shell,0.768,8.19,1,1,1,0,10.07,3,2.4,36,1409,1409
1407,1.7160,-0.1088,0.0557,3.006,faded,0.987,9.22,1,1,1,0,9.47,3,2.4,39|38,1417|1423,1417
1408,1.7160,-0.1100,0.1946,2.959,faded,0.998,6.30,1,1,1,0,10.98,3,3.2,56|57,1403,1403
1413,1.7160,-0.1167,0.2333,2.978,good,0.012,7.31,0,0,0,0,12.75,2,0.0,,,
1409,1.7200,-0.1116,0.1159,2.999,good,0.006,6.29,0,0,0,0,10.57,3,0.0,,,
1410,1.7200,-0.1110,-0.1244,3.004,faded,0.968,5.81,1,1,1,0,10.25,3,3.2,16|15,1422,1422
1411,1.7200,-0.1103,-0.2113,2.993,good,0.002,3.80,0,0,0,0,10.25,3,0.0,,,
1412,1.7200,-0.1062,-0.0626,3.450,good,0.162,4.87,0,0,0,0,-0.24,3,0.0,,,
1416,1.7200,-0.1177,-0.1442,3.027,faded,0.952,6.98,1,1,1,0,11.90,2,3.2,13,1410,1410
1417,1.7200,-0.1151,0.0283,3.450,good,0.040,5.82,0,0,0,0,2.33,2,0.0,,,
1415,1.7240,-0.1156,-0.0879,2.943,good,0.010,5.83,0,0,0,0,13.26,3,0.0,,,
1421,1.7240,-0.1167,0.0982,2.993,faded,0.974,7.25,1,1,1,0,12.42,2,3.2,44,1419,
1427,1.7240,-0.1011,0.0311,3.000,good,0.042,5.83,0,0,0,0,7.03,1,0.0,,,
1418,1.7280,-0.1118,0.1932,2.997,black,1.000,46.56,1,1,1,0,10.68,3,3.2,56,1434,1434
1419,1.7280,-0.1141,0.0054,2.684,faded,0.666,7.00,1,1,1,0,19.76,3,3.2,32,1429,
1420,1.7280,-0.1080,-0.0977,3.136,faded,0.708,6.40,1,1,1,0,6.34,3,3.2,19,1427,1427
1425,1.7280,-0.1164,-0.0120,3.146,good,0.319,7.68,0,0,0,0,8.78,2,0.0,,,
1426,1.7280,-0.1180,0.1550,2.998,faded,0.782,5.55,1,1,1,0,12.72,2,3.2,51|52,1432,1432
1422,1.7320,-0.1122,-0.2198,3.014,good,0.000,3.38,0,0,0,0,10.41,3,0.0,,,
1423,1.7320,-0.1131,0.0957,2.990,faded,0.977,5.26,1,1,1,0,11.25,3,3.2,44,1416,
1424,1.7320,-0.1092,0.1468,2.991,faded,0.888,4.88,1,1,1,0,9.94,3,3.2,50,1424,1424
1428,1.7360,-0.1138,-0.1159,2.951,faded,0.997,8.00,1,1,1,0,12.46,3,3.2,17|16,1440,
1429,1.7360,-0.1106,-0.0302,3.001,good,0.089,7.62,0,0,0,0,10.18,3,0.0,,,
1430,1.7360,-0.1085,0.1180,2.992,good,0.001,6.18,0,0,0,0,9.68,3,0.0,,,
1432,1.7360,-0.1171,0.0467,2.996,faded,1.000,5.42,1,1,1,0,12.46,2,3.2,37|38,1428,1428
1431,1.7400,-0.1083,-0.1920,3.004,good,0.000,4.49,0,0,0,0,9.35,3,0.0,,,
1435,1.7400,-0.1188,0.2025,3.003,good,0.007,3.69,0,0,0,0,12.85,2,0.0,,,
1433,1.7440,-0.1117,0.1885,3.017,good,0.003,5.66,0,0,0,0,10.18,3,0.0,,,
1434,1.7440,-0.1100,-0.2309,2.998,good,0.001,4.66,0,0,0,0,10.05,3,0.0,,,
1441,1.7440,-0.1168,0.1678,3.450,good,0.000,3.17,0,0,0,0,2.83,2,0.0,,,
1442,1.7440,-0.1179,-0.1592,3.030,good,0.034,6.81,0,0,0,0,11.91,2,0.0,,,
1443,1.7440,-0.1180,0.1123,2.985,good,0.507,7.40,1,1,1,0,13.02,2,2.8,46,1452,1452
1436,1.7480,-0.1090,-0.2236,3.313,faded,0.978,5.48,1,1,1,0,3.10,3,3.2,3,1446,
1437,1.7480,-0.1118,-0.1492,3.015,good,0.000,3.46,0,0,0,0,10.26,3,0.0,,,
1438,1.7480,-0.1103,-0.0869,3.022,faded,0.964,8.91,1,1,1,0,9.58,3,3.2,20|21,1444,1444
1439,1.7480,-0.1130,-0.0402,2.777,good,0.009,6.23,0,0,0,0,16.69,3,0.0,,,
1440,1.7480,-0.1106,0.2292,2.996,good,0.000,2.63,0,0,0,0,10.30,3,0.0,,,
1446,1.7480,-0.1171,0.1052,3.006,faded,1.000,7.28,1,1,1,0,12.22,2,3.2,45,1460,1460
1444,1.7520,-0.1139,-0.0336,2.894,faded,0.990,8.28,1,1,1,0,13.92,3,3.2,27,1438,
1445,1.7520,-0.1109,0.2259,2.997,black,1.000,50.00,1,1,1,0,10.39,3,3.2,60|61,1445,1445
1447,1.7560,-0.1191,0.1188,2.702,good,0.169,6.01,0,0,0,0,21.09,3,0.0,,,
1453,1.7560,-0.1197,0.1318,2.994,good,0.298,4.80,0,0,0,0,13.38,2,0.0,,,
1454,1.7560,-0.1199,0.0608,2.738,broken,0.672,4.47,1,1,1,0,20.32,2,2.4,39,1448,
1448,1.7600,-0.1163,0.2347,2.967,shell,1.000,11.35,1,1,1,0,12.91,3,2.4,62|61,1476,1476
1449,1.7600,-0.1112,-0.2206,2.960,good,0.001,2.78,0,0,0,0,11.35,3,0.0,,,
1450,1.7600,-0.1096,0.0395,3.381,good,0.000,7.81,0,0,0,0,2.01,3,0.0,,,
1451,1.7600,-0.1349,-0.1381,3.000,broken,0.783,5.27,1,1,1,0,10.30,1,2.4,14,,
1452,1.7600,-0.1106,0.1022,2.919,faded,0.999,6.34,1,1,1,0,12.13,3,3.2,45|44,1466,
1462,1.7600,-0.1250,-0.1330,3.000,good,0.450,5.73,0,0,0,0,11.01,1,0.0,,,
1466,1.7600,-0.1151,-0.1279,3.000,good,0.413,5.45,0,0,0,0,11.71,1,0.0,,,
1467,1.7600,-0.1086,0.0569,3.000,good,0.327,3.87,0,0,0,0,9.54,1,0.0,,,
1455,1.7640,-0.1133,-0.1123,2.999,faded,0.912,8.34,1,1,1,0,11.13,3,3.0,17,1449|1456,
1456,1.7640,-0.1152,-0.0493,3.088,faded,0.786,6.32,1,1,1,0,9.68,3,3.2,25,1459,1459
1457,1.7640,-0.1163,-0.1837,2.812,black,1.000,47.01,1,1,1,0,16.91,3,3.2,8,1468,
1458,1.7640,-0.1144,-0.1358,2.980,black,0.993,41.82,1,1,1,0,11.96,3,3.2,14,1481,1481
1459,1.7640,-0.1142,-0.0886,2.686,good,0.037,16.31,0,0,0,0,19.75,3,0.0,,,
1460,1.7640,-0.1106,-0.1483,3.073,good,0.360,6.00,0,0,0,0,8.53,3,0.0,,,
1461,1.7640,-0.1129,-0.0886,2.989,good,0.040,16.19,0,0,0,0,11.22,3,0.0,,,
1465,1.7640,-0.1158,-0.0304,3.301,black,1.000,44.94,1,1,1,0,5.36,2,3.2,28|27,1490,
1471,1.7640,-0.1052,-0.1228,3.000,good,0.210,5.47,0,0,0,0,8.41,1,0.0,,,
1463,1.7680,-0.1118,-0.0807,2.939,good,0.049,7.12,0,0,0,0,12.05,3,0.0,,,
1464,1.7680,-0.1121,0.0124,2.817,faded,0.561,7.82,1,1,1,0,15.29,3,3.2,33,1470,
1468,1.7720,-0.1216,0.0941,3.450,shell,0.997,12.90,1,1,1,0,0.22,2,2.4,44|43,,
1469,1.7720,-0.1114,-0.1386,3.000,faded,0.999,6.06,1,1,1,0,10.47,3,3.2,14,1464,1464
1470,1.7720,-0.1219,-0.0342,2.748,good,0.093,7.52,0,0,0,0,16.76,2,0.0,,,
1475,1.7720,-0.1140,-0.0908,3.426,good,0.012,7.62,0,0,0,0,2.46,2,0.0,,,
1478,1.7720,-0.1109,-0.0296,3.000,good,0.094,7.52,0,0,0,0,10.31,1,0.0,,,
1479,1.7720,-0.1040,0.0929,3.000,shell,0.997,12.28,1,1,1,0,7.99,1,2.4,43|44,1499,
1472,1.7760,-0.1135,0.0371,3.033,faded,0.999,4.90,1,1,1,0,10.41,3,3.2,36,1469,
1473,1.7760,-0.1178,0.0564,2.377,good,0.192,4.95,0,0,0,0,31.63,3,0.0,,,
1474,1.7760,-0.1089,0.1676,3.017,black,1.000,43.83,1,1,1,0,9.25,3,3.2,53,1482,1482
1477,1.7760,-0.1185,0.2024,3.008,good,0.008,5.77,0,0,0,0,12.63,2,0.0,,,
1476,1.7800,-0.1091,0.0713,3.000,good,0.006,5.70,0,0,0,0,9.69,3,0.0,,,
1480,1.7840,-0.1151,0.1878,2.901,good,0.000,3.16,0,0,0,0,14.17,3,0.0,,,
1481,1.7840,-0.1135,-0.0083,3.020,shell,0.965,8.17,1,1,1,0,10.70,3,2.4,30|31,1497,
1484,1.7840,-0.1181,0.1473,2.995,good,0.300,5.15,0,0,0,0,12.81,2,0.0,,,
1482,1.7880,-0.1187,-0.1034,2.438,good,0.451,8.12,0,0,0,0,29.72,3,0.0,,,
1483,1.7880,-0.1113,-0.2450,2.996,black,1.000,50.91,1,1,1,0,10.54,3,3.2,0,1475,1475
1489,1.7880,-0.1179,0.0594,2.797,good,0.138,4.27,0,0,0,0,17.91,2,0.0,,,
1485,1.7920,-0.1244,0.1942,3.450,good,0.004,3.78,0,0,0,0,1.05,2,0.0,,,
1486,1.7920,-0.1146,0.0444,2.997,shell,0.956,8.60,1,1,1,0,11.59,3,2.4,37,1477,1477
1487,1.7920,-0.1117,-0.1414,2.997,good,0.004,6.37,0,0,0,0,10.66,3,0.0,,,
1488,1.7920,-0.1082,0.2412,3.170,good,0.001,4.17,0,0,0,0,5.69,3,0.0,,,
1493,1.7920,-0.1199,-0.2114,2.778,faded,0.699,4.49,1,1,1,0,19.16,2,3.2,4|5,1503,
1494,1.7920,-0.1158,0.1180,2.988,good,0.009,7.79,0,0,0,0,12.20,2,0.0,,,
1498,1.7920,-0.1094,0.1906,3.000,good,0.002,3.78,0,0,0,0,9.80,1,0.0,,,
1490,1.7960,-0.1145,-0.1458,3.019,good,0.152,5.19,0,0,0,0,11.05,3,0.0,,,
1491,1.7960,-0.1126,0.0381,2.916,good,0.041,6.36,0,0,0,0,12.89,3,0.0,,,
1492,1.7960,-0.1111,0.1633,2.991,faded,0.998,6.72,1,1,1,0,10.58,3,3.2,52|53,1504,1504
1497,1.7960,-0.1170,-0.0919,2.999,good,0.000,5.44,0,0,0,0,12.37,2,0.0,,,
1504,1.7960,-0.1088,-0.2148,3.000,faded,0.608,4.55,1,1,1,0,9.61,1,3.2,4,1503,
1495,1.8000,-0.1091,-0.0489,2.995,good,0.087,5.65,0,0,0,0,9.83,3,0.0,,,
1496,1.8000,-0.1089,0.0764,2.964,good,0.001,6.74,0,0,0,0,10.49,3,0.0,,,
1503,1.8000,-0.1199,-0.0041,3.062,good,0.007,6.98,0,0,0,0,11.82,2,0.0,,,
1499,1.8040,-0.1133,0.1917,3.013,good,0.006,5.08,0,0,0,0,10.78,3,0.0,,,
1500,1.8040,-0.1124,-0.0490,3.009,good,0.002,6.76,0,0,0,0,10.61,3,0.0,,,
1501,1.8040,-0.1111,-0.2279,3.110,good,0.001,4.50,0,0,0,0,7.88,3,0.0,,,
1502,1.8040,-0.1104,-0.0804,2.991,good,0.000,5.04,0,0,0,0,10.35,3,0.0,,,
1507,1.8040,-0.1156,0.1317,3.011,faded,0.815,5.94,1,1,1,0,11.61,2,3.2,48|49,1505,1505
1505,1.8080,-0.1150,0.2040,2.777,faded,0.997,5.70,1,1,1,0,17.40,3,3.2,58|57,1516,1516
1506,1.8080,-0.1140,-0.1691,2.889,good,0.004,7.05,0,0,0,0,14.05,3,0.0,,,
1508,1.8120,-0.1117,-0.0336,2.835,good,0.020,6.31,0,0,0,0,14.68,3,0.0,,,
1509,1.8160,-0.1143,0.0320,3.054,good,0.265,6.59,0,0,0,0,10.18,3,0.0,,,
1510,1.8160,-0.1352,0.0394,3.000,good,0.003,4.19,0,0,0,0,10.39,1,0.0,,,
1511,1.8160,-0.1097,-0.0811,3.015,good,0.001,5.88,0,0,0,0,9.56,3,0.0,,,
1512,1.8160,-0.1106,0.0925,2.878,faded,0.944,5.35,1,1,1,0,13.16,3,3.2,43|44,1508,1508
1513,1.8200,-0.1144,-0.1930,2.838,good,0.000,2.42,0,0,0,0,15.56,3,0.0,,,
1514,1.8200,-0.1116,-0.1131,2.989,good,0.008,6.18,0,0,0,0,10.80,3,0.0,,,
1515,1.8200,-0.1085,0.1324,2.999,good,0.000,5.04,0,0,0,0,9.53,3,0.0,,,
1519,1.8200,-0.1195,0.0051,2.921,shell,0.999,9.33,1,1,1,0,15.15,2,2.4,32,1533,
1520,1.8200,-0.1158,-0.2151,2.995,good,0.000,4.85,0,0,0,0,12.06,2,0.0,,,
1516,1.8240,-0.1134,0.0611,2.943,good,0.052,5.66,0,0,0,0,12.50,3,0.0,,,
1517,1.8240,-0.1109,-0.0556,2.982,good,0.022,8.66,0,0,0,0,10.73,3,0.0,,,
1518,1.8240,-0.1091,0.0942,2.992,faded,0.994,4.95,1,1,1,0,9.88,3,3.2,44|43,1527,1527
1526,1.8240,-0.1180,-0.0380,3.008,shell,0.670,7.70,1,1,1,0,12.49,2,2.4,27|26,1543,1543
1521,1.8280,-0.1149,-0.1300,2.970,good,0.068,8.20,0,0,0,0,12.34,3,0.0,,,
1522,1.8280,-0.1149,-0.1945,2.994,good,0.000,4.48,0,0,0,0,11.77,3,0.0,,,
1523,1.8280,-0.1121,0.2054,3.000,good,0.001,4.19,0,0,0,0,10.69,3,0.0,,,
1524,1.8280,-0.1113,0.1810,2.998,faded,0.782,4.16,1,1,1,0,10.47,3,3.2,55|54,1531,1531
1525,1.8280,-0.1121,0.0774,2.884,good,0.030,4.69,0,0,0,0,13.57,3,0.0,,,
1527,1.8280,-0.1196,-0.1677,3.450,good,0.003,7.24,0,0,0,0,3.66,2,0.0,,,
1534,1.8280,-0.1072,0.2460,3.000,good,0.008,4.05,0,0,0,0,9.06,1,0.0,,,
1528,1.8320,-0.1077,0.1507,3.169,good,0.000,3.10,0,0,0,0,5.54,3,0.0,,,
1533,1.8320,-0.1196,-0.1493,3.166,shell,0.747,8.55,1,1,1,0,9.36,2,2.4,12|13,1542,
1539,1.8320,-0.1006,0.0807,3.000,good,0.017,4.63,0,0,0,0,6.87,1,0.0,,,
1529,1.8360,-0.1150,-0.1789,2.932,faded,1.000,7.07,1,1,1,0,13.34,3,3.2,9|8,1528,1528
1530,1.8360,-0.1143,-0.0794,3.044,good,0.117,8.50,0,0,0,0,10.41,3,0.0,,,
1531,1.8360,-0.1112,0.0402,3.000,good,0.010,5.96,0,0,0,0,10.41,3,0.0,,,
1532,1.8360,-0.1096,0.1802,2.983,good,0.117,4.69,0,0,0,0,10.25,3,0.0,,,
1535,1.8400,-0.1138,-0.2121,3.062,insect,1.000,9.12,1,1,1,0,9.83,3,3.1,4|5,1539,1539
1536,1.8400,-0.1123,-0.0138,2.932,shell,0.998,9.19,1,1,1,0,12.42,3,2.4,30,1550,
1538,1.8400,-0.1095,0.0896,2.996,good,0.263,31.90,1,1,1,0,9.92,3,9.0,43|42|44,1535,1535
1537,1.8440,-0.1139,0.0778,1.847,good,0.223,7.74,0,0,0,0,55.84,4,0.0,,,
1540,1.8440,-0.1096,0.0596,3.164,faded,0.987,5.74,1,1,1,0,6.26,3,3.2,39,1545,
1542,1.8440,-0.1190,-0.2092,2.980,good,0.000,4.95,0,0,0,0,13.49,2,0.0,,,
1543,1.8440,-0.1153,0.1276,3.281,good,0.422,6.64,0,0,0,0,5.62,2,0.0,,,
1541,1.8480,-0.1269,0.0203,1.904,good,0.000,6.03,0,0,0,0,55.18,2,0.0,,,
1548,1.8480,-0.1195,-0.1768,3.026,faded,0.935,5.20,1,1,1,0,12.53,2,3.2,9,1570,1570
1549,1.8480,-0.1188,-0.0803,2.980,good,0.004,4.14,0,0,0,0,13.44,2,0.0,,,
1554,1.8480,-0.1193,0.0168,3.000,good,0.001,5.36,0,0,0,0,13.10,1,0.0,,,
1544,1.8520,-0.1136,-0.1234,3.045,shell,0.999,9.85,1,1,1,0,10.15,3,2.4,16,1563,1563
1545,1.8520,-0.1128,0.0387,2.990,good,0.000,5.19,0,0,0,0,11.15,3,0.0,,,
1546,1.8520,-0.1096,0.2203,3.207,good,0.040,4.08,0,0,0,0,5.35,3,0.0,,,
1547,1.8520,-0.1110,-0.1630,2.934,good,0.000,2.91,0,0,0,0,11.92,3,0.0,,,
1553,1.8520,-0.1165,0.0604,3.014,good,0.020,6.53,0,0,0,0,11.84,2,0.0,,,
1558,1.8520,-0.1117,0.0147,3.000,good,0.005,5.32,0,0,0,0,10.56,1,0.0,,,
1550,1.8560,-0.1111,-0.1863,3.009,good,0.268,4.84,0,0,0,0,10.16,3,0.0,,,
1551,1.8560,-0.1086,0.0437,3.017,good,0.002,5.26,0,0,0,0,9.17,3,0.0,,,
1552,1.8560,-0.1086,0.1681,2.939,good,0.000,4.18,0,0,0,0,10.99,3,0.0,,,
1557,1.8560,-0.1166,-0.1480,3.376,good,0.080,3.72,0,0,0,0,4.16,2,0.0,,,
1562,1.8560,-0.1041,0.0127,3.000,good,0.002,5.31,0,0,0,0,8.02,1,0.0,,,
1555,1.8600,-0.1107,-0.1770,3.000,faded,0.930,5.00,1,1,1,0,10.21,3,3.2,9,1549,1549
1556,1.8600,-0.1089,0.0177,2.998,shell,0.823,8.92,1,1,1,0,9.67,3,2.4,34,1565,
1561,1.8600,-0.1158,-0.0452,3.017,shell,0.902,8.84,1,1,1,0,11.51,2,2.4,26,1560,1560
1559,1.8640,-0.1136,0.1330,2.976,good,0.271,8.58,0,0,0,0,11.76,3,0.0,,,
1560,1.8640,-0.1068,-0.0187,3.406,good,0.100,6.91,0,0,0,0,0.72,3,0.0,,,
1569,1.8640,-0.1181,0.2073,3.046,good,0.003,2.97,0,0,0,0,11.60,2,0.0,,,
1570,1.8640,-0.1182,-0.1201,2.838,faded,1.000,7.24,1,1,1,0,16.89,2,3.2,16,1554,1554
1571,1.8640,-0.1172,0.0688,2.988,faded,0.993,6.44,1,1,1,0,12.67,2,3.2,40|41,1576,1576
1563,1.8680,-0.1157,0.0325,3.003,good,0.002,7.23,0,0,0,0,11.82,3,0.0,,,
1564,1.8680,-0.1135,-0.2384,3.214,good,0.467,4.56,0,0,0,0,6.45,3,0.0,,,
1565,1.8680,-0.1154,0.2116,3.000,good,0.422,5.30,0,0,0,0,11.77,3,0.0,,,
1566,1.8680,-0.1139,0.0863,3.038,good,0.000,6.05,0,0,0,0,10.40,3,0.0,,,
1567,1.8680,-0.1142,-0.0878,2.795,good,0.247,6.46,0,0,0,0,16.64,3,0.0,,,
1568,1.8680,-0.1106,0.0071,2.988,sour,0.907,8.00,1,1,1,0,10.47,3,3.2,32|33,1556,
1572,1.8680,-0.1200,-0.1691,3.030,good,0.197,5.26,0,0,0,0,12.59,2,0.0,,,
1573,1.8680,-0.1180,0.1146,3.095,insect,1.000,6.42,1,1,1,0,10.44,2,3.1,46,1562,1562
1574,1.8680,-0.1174,0.2388,3.001,good,0.000,3.23,0,0,0,0,12.42,2,0.0,,,
1575,1.8760,-0.1117,0.0736,3.000,good,0.037,6.42,0,0,0,0,10.58,3,0.0,,,
1576,1.8760,-0.1099,-0.1244,2.854,husk,1.000,12.43,1,1,1,0,13.56,3,2.4,16|15,1605,
1579,1.8760,-0.1172,0.0063,2.999,good,0.291,8.07,0,0,0,0,12.42,2,0.0,,,
1580,1.8760,-0.1154,0.2152,3.028,good,0.000,3.19,0,0,0,0,11.11,2,0.0,,,
1577,1.8800,-0.1087,-0.1632,2.988,shell,0.935,8.23,1,1,1,0,9.85,3,2.4,11|10,1578,1578
1578,1.8800,-0.1237,-0.0160,2.281,faded,0.544,8.14,1,1,1,0,34.06,2,3.2,29|30,,
1584,1.8800,-0.1125,-0.1049,3.027,good,0.042,8.70,0,0,0,0,10.20,2,0.0,,,
1588,1.8800,-0.1146,-0.0190,3.000,faded,0.570,8.16,1,1,1,0,11.53,1,3.2,29,1540,
1582,1.8840,-0.1114,-0.0876,3.097,good,0.011,7.46,0,0,0,0,8.26,3,0.0,,,
1583,1.8840,-0.1104,0.1179,3.051,good,0.018,5.49,0,0,0,0,8.96,3,0.0,,,
1587,1.8840,-0.1150,-0.1534,3.001,faded,0.988,7.30,1,1,1,0,11.65,2,3.1,12,1572,1572
1581,1.8880,-0.1143,0.0260,2.064,good,0.030,6.45,0,0,0,0,43.82,4,0.0,,,
1585,1.8880,-0.1128,0.0822,2.995,good,0.009,5.31,0,0,0,0,11.05,3,0.0,,,
1586,1.8880,-0.1121,-0.0730,2.997,good,0.001,5.31,0,0,0,0,10.79,3,0.0,,,
1591,1.8880,-0.1196,0.1389,2.996,good,0.386,4.66,0,0,0,0,13.32,2,0.0,,,
1592,1.8880,-0.1165,-0.1654,3.127,good,0.124,4.15,0,0,0,0,9.21,2,0.0,,,
1589,1.8920,-0.1158,0.0380,2.981,good,0.024,5.86,0,0,0,0,12.40,3,0.0,,,
1590,1.8920,-0.1118,0.0519,2.992,faded,0.949,4.86,1,1,1,0,10.80,3,3.2,38,1607,1607
1596,1.8920,-0.1174,0.0706,3.013,husk,0.766,7.97,1,1,1,0,12.16,2,2.4,41|40,1585|1592,1592
1597,1.8920,-0.1197,-0.0797,3.000,good,0.003,8.23,0,0,0,0,13.23,2,0.0,,,
1598,1.8920,-0.1162,0.0844,2.864,good,0.350,9.94,0,0,0,0,15.49,2,0.0,,,
1593,1.8960,-0.1136,-0.1075,3.075,husk,0.616,6.62,1,1,1,0,9.45,3,2.4,18,1583|1594,
1594,1.8960,-0.1155,-0.0684,2.997,good,0.010,7.64,0,0,0,0,11.89,3,0.0,,,
1595,1.8960,-0.1115,-0.1548,2.951,good,0.002,6.17,0,0,0,0,11.66,3,0.0,,,
1601,1.8960,-0.1198,0.0485,3.375,good,0.000,6.39,0,0,0,0,5.13,2,0.0,,,
1602,1.8960,-0.1195,-0.1823,3.002,good,0.007,5.23,0,0,0,0,13.12,2,0.0,,,
1603,1.8960,-0.1166,0.1877,2.997,good,0.000,6.73,0,0,0,0,12.26,2,0.0,,,
1599,1.9000,-0.1139,0.2036,3.003,sour,1.000,18.32,1,1,1,0,11.23,3,3.2,58|57,1603,1603
1600,1.9000,-0.1140,0.1238,3.003,good,0.012,7.45,0,0,0,0,11.26,3,0.0,,,
1611,1.9000,-0.1063,0.0440,3.000,good,0.001,6.39,0,0,0,0,8.78,1,0.0,,,
1604,1.9040,-0.1141,-0.0201,2.997,faded,0.999,7.81,1,1,1,0,11.43,3,3.2,29,1606,1606
1605,1.9040,-0.1112,-0.0421,3.020,good,0.001,5.82,0,0,0,0,9.94,3,0.0,,,
1606,1.9040,-0.1081,0.0216,3.159,good,0.002,6.78,0,0,0,0,5.88,3,0.0,,,
1607,1.9040,-0.1092,-0.0066,2.984,good,0.016,4.89,0,0,0,0,10.10,3,0.0,,,
1608,1.9080,-0.1153,0.0459,2.982,good,0.000,5.05,0,0,0,0,12.21,3,0.0,,,
1609,1.9080,-0.1136,0.1224,3.088,good,0.006,5.56,0,0,0,0,9.17,3,0.0,,,
1610,1.9080,-0.1229,-0.1116,3.162,faded,0.997,4.91,1,1,1,0,6.49,2,3.2,17,,
1614,1.9080,-0.1102,-0.1147,3.000,faded,0.997,4.74,1,1,1,0,10.06,1,3.2,17,1595,
1612,1.9120,-0.1120,-0.0098,2.987,good,0.002,5.79,0,0,0,0,10.96,3,0.0,,,
1613,1.9160,-0.1132,0.0425,3.001,good,0.187,8.66,0,0,0,0,11.05,3,0.0,,,
1615,1.9200,-0.1096,-0.1327,2.992,shell,0.562,8.89,1,1,1,0,10.03,3,2.4,15|14,1609,1609
1616,1.9240,-0.1159,0.1118,3.046,faded,0.999,8.71,1,1,1,0,10.88,3,3.2,46,1621,1621
1617,1.9240,-0.1157,-0.1218,2.799,insect,1.000,8.84,1,1,1,0,17.07,3,3.1,16,1608,
1618,1.9240,-0.1099,-0.1071,3.001,good,0.033,7.47,0,0,0,0,9.95,3,0.0,,,
1619,1.9240,-0.1088,-0.1486,2.999,faded,0.693,7.54,1,1,1,0,9.61,3,3.2,12|13,1613,1613
1620,1.9240,-0.1109,-0.0353,2.681,good,0.033,6.92,0,0,0,0,18.66,3,0.0,,,
1622,1.9240,-0.1161,-0.0413,3.387,good,0.005,5.06,0,0,0,0,3.79,2,0.0,,,
1621,1.9280,-0.1120,0.1305,2.974,good,0.054,7.96,0,0,0,0,11.28,3,0.0,,,
1631,1.9280,-0.1171,-0.0832,3.124,good,0.002,7.60,0,0,0,0,9.50,2,0.0,,,
1638,1.9280,-0.1025,-0.0448,3.000,good,0.003,4.92,0,0,0,0,7.50,1,0.0,,,
1623,1.9320,-0.1147,-0.0863,2.920,good,0.323,5.05,0,0,0,0,13.51,3,0.0,,,
1624,1.9320,-0.1106,-0.1781,3.331,good,0.002,2.69,0,0,0,0,3.22,3,0.0,,,
1625,1.9320,-0.1093,-0.0087,3.450,good,0.290,5.18,0,0,0,0,0.66,3,0.0,,,
1626,1.9320,-0.1119,0.0876,3.195,black,1.000,48.63,1,1,1,0,6.35,3,3.2,43,1630,
1627,1.9320,-0.1103,0.2213,3.000,good,0.000,3.45,0,0,0,0,10.11,3,0.0,,,
1628,1.9320,-0.1091,-0.0966,3.028,good,0.025,7.95,0,0,0,0,9.06,3,0.0,,,
1629,1.9320,-0.1100,0.0241,2.973,shell,0.719,9.29,1,1,1,0,10.64,3,2.4,35|34,1671,1671
1630,1.9320,-0.1137,-0.1658,2.308,good,0.040,4.37,0,0,0,0,32.59,3,0.0,,,
1637,1.9320,-0.1181,0.1418,3.047,good,0.000,4.32,0,0,0,0,11.58,2,0.0,,,
1632,1.9360,-0.1115,-0.2050,3.065,good,0.169,6.01,0,0,0,0,9.00,3,0.0,,,
1633,1.9360,-0.1131,0.2202,2.756,good,0.000,4.83,0,0,0,0,17.34,3,0.0,,,
1634,1.9360,-0.1093,0.0068,3.057,good,0.003,5.47,0,0,0,0,8.46,3,0.0,,,
1635,1.9360,-0.1101,0.0909,2.993,good,0.002,7.14,0,0,0,0,10.21,3,0.0,,,
1636,1.9360,-0.1085,-0.0687,2.984,good,0.000,5.52,0,0,0,0,9.89,3,0.0,,,
1640,1.9360,-0.1193,-0.1209,3.000,good,0.204,6.35,0,0,0,0,13.11,2,0.0,,,
1639,1.9400,-0.1117,-0.1695,3.009,good,0.439,3.81,0,0,0,0,10.34,3,0.0,,,
1642,1.9400,-0.1180,0.0096,3.214,faded,0.913,5.44,1,1,1,0,7.83,2,3.2,33,1654,1654
1643,1.9400,-0.1171,0.0860,2.929,good,0.010,6.64,0,0,0,0,14.12,2,0.0,,,
1641,1.9440,-0.1111,-0.2279,2.766,good,0.148,5.46,0,0,0,0,16.30,3,0.0,,,
1647,1.9440,-0.1171,0.0429,3.002,faded,0.992,6.69,1,1,1,0,12.33,2,3.2,37,1650,1650
1652,1.9440,-0.1051,0.0128,3.000,faded,0.751,5.24,1,1,1,0,8.38,1,3.2,33,1654,1654
1644,1.9480,-0.1123,0.0752,3.033,faded,0.987,7.59,1,1,1,0,9.99,3,3.2,41,1664,1664
1645,1.9480,-0.1101,0.1658,3.010,good,0.000,3.70,0,0,0,0,9.79,3,0.0,,,
1646,1.9480,-0.1209,-0.2231,3.001,black,1.000,42.86,1,1,1,0,9.61,2,3.2,3,,
1651,1.9480,-0.1188,-0.2419,3.002,good,0.007,4.05,0,0,0,0,12.90,2,0.0,,,
1648,1.9520,-0.1142,0.1304,2.992,faded,1.000,6.04,1,1,1,0,11.58,3,3.2,48,1663,1663
1649,1.9520,-0.1120,0.2288,2.996,faded,0.929,5.22,1,1,1,0,10.77,3,3.2,61,1651,
1650,1.9520,-0.1102,-0.2079,2.977,black,1.000,46.59,1,1,1,0,10.62,3,3.2,5,1647,1647
1653,1.9520,-0.1184,-0.0599,2.957,good,0.001,6.14,0,0,0,0,13.88,2,0.0,,,
1654,1.9600,-0.1123,-0.1475,3.103,good,0.000,5.14,0,0,0,0,8.43,3,0.0,,,
1655,1.9600,-0.1134,-0.0054,2.993,good,0.658,9.49,1,1,1,0,11.30,3,2.4,31,1662,
1656,1.9600,-0.1103,-0.1230,2.961,shell,0.980,8.41,1,1,1,0,11.02,3,2.4,16,1653,1653
1657,1.9600,-0.1083,0.0920,3.165,good,0.018,8.47,0,0,0,0,5.83,3,0.0,,,
1661,1.9640,-0.1183,-0.1177,3.150,black,0.691,21.89,1,1,1,0,9.29,2,3.2,16|17,1668|1672,1668
1662,1.9640,-0.1185,0.1576,3.001,good,0.000,4.38,0,0,0,0,12.81,2,0.0,,,
1663,1.9640,-0.1143,0.1135,2.930,good,0.033,6.40,0,0,0,0,13.15,2,0.0,,,
1664,1.9640,-0.1149,0.0559,3.004,good,0.157,8.64,0,0,0,0,11.55,2,0.0,,,
1658,1.9680,-0.1150,0.0624,2.993,good,0.005,6.07,0,0,0,0,11.82,3,0.0,,,
1659,1.9680,-0.1135,-0.0701,3.187,good,0.308,6.88,0,0,0,0,7.01,3,0.0,,,
1660,1.9680,-0.1106,0.1962,3.003,faded,0.650,4.52,1,1,1,0,10.12,3,3.2,57|56,1652,1652
1665,1.9720,-0.1126,-0.0032,2.996,good,0.418,8.08,0,0,0,0,10.95,3,0.0,,,
1666,1.9720,-0.1099,0.1199,2.999,faded,0.706,6.07,1,1,1,0,9.99,3,3.2,47,1681,1681
1667,1.9720,-0.1083,-0.1559,3.000,good,0.000,4.13,0,0,0,0,9.43,3,0.0,,,
1670,1.9720,-0.1196,-0.2267,2.999,faded,1.000,7.62,1,1,1,0,13.25,2,3.2,2|3,1687,1687
1668,1.9760,-0.1141,0.0133,2.995,faded,1.000,7.08,1,1,1,0,11.49,3,3.2,33,1655,1655
1669,1.9760,-0.1099,-0.2375,2.996,good,0.002,3.92,0,0,0,0,10.06,3,0.0,,,
1673,1.9760,-0.1165,0.1289,3.010,black,0.999,39.90,1,1,1,0,11.94,2,3.2,48,1665,
1671,1.9800,-0.1109,-0.1357,3.048,good,0.000,4.57,0,0,0,0,9.21,3,0.0,,,
1672,1.9800,-0.1067,0.1811,3.328,good,0.000,5.02,0,0,0,0,2.12,3,0.0,,,
1678,1.9800,-0.1193,0.2160,3.010,good,0.086,4.21,0,0,0,0,12.86,2,0.0,,,
1679,1.9800,-0.1155,-0.2279,3.139,black,0.997,44.27,1,1,1,0,8.64,2,3.2,2|3,1679,1679
1674,1.9840,-0.1132,-0.0468,3.022,good,0.134,5.80,0,0,0,0,10.56,3,0.0,,,
1675,1.9840,-0.1119,0.0374,2.999,faded,1.000,10.77,1,1,1,0,10.66,3,3.2,36,1692,1692
1676,1.9840,-0.1099,-0.0629,3.023,good,0.056,8.23,0,0,0,0,9.43,3,0.0,,,
1677,1.9840,-0.1089,0.0597,3.001,insect,1.000,7.02,1,1,1,0,9.63,3,3.1,39,1685,1685
1682,1.9880,-0.1189,0.1698,3.092,sour,1.000,12.80,1,1,1,0,10.79,2,3.2,53,1705,1705
1683,1.9880,-0.1191,0.0778,2.908,good,0.000,5.94,0,0,0,0,15.35,2,0.0,,,
1680,1.9920,-0.1089,-0.1438,3.218,good,0.000,3.51,0,0,0,0,4.93,3,0.0,,,
1681,1.9920,-0.1085,-0.0988,2.949,good,0.354,6.72,0,0,0,0,10.70,3,0.0,,,
1684,1.9960,-0.1146,0.1488,2.998,good,0.083,6.11,0,0,0,0,11.58,3,0.0,,,
1685,1.9960,-0.1116,0.0844,3.003,good,0.002,6.39,0,0,0,0,10.46,3,0.0,,,
1686,2.0000,-0.1109,-0.1207,3.003,faded,0.993,5.62,1,1,1,0,10.23,3,3.2,16,1698,1698
1687,2.0000,-0.1102,0.1124,2.981,good,0.001,6.73,0,0,0,0,10.51,3,0.0,,,
1688,2.0000,-0.1091,0.1404,2.945,good,0.003,4.09,0,0,0,0,10.98,3,0.0,,,
1693,2.0000,-0.1170,-0.1786,3.063,good,0.000,4.06,0,0,0,0,10.87,2,0.0,,,
1689,2.0040,-0.1123,0.2264,3.294,good,0.000,2.43,0,0,0,0,4.45,3,0.0,,,
1690,2.0040,-0.1157,0.0410,2.833,good,0.001,6.72,0,0,0,0,16.13,3,0.0,,,
1691,2.0040,-0.1110,-0.1891,3.097,good,0.001,5.72,0,0,0,0,8.11,3,0.0,,,
1692,2.0040,-0.1102,-0.1397,2.832,good,0.060,5.15,0,0,0,0,14.24,3,0.0,,,
1696,2.0040,-0.1160,-0.0907,3.000,faded,0.925,7.37,1,1,1,0,12.01,2,3.2,20,1706,1706
1697,2.0040,-0.1170,-0.0106,2.995,good,0.071,7.49,0,0,0,0,12.45,2,0.0,,,
1694,2.0080,-0.1145,0.0797,3.000,good,0.519,8.30,1,1,1,0,11.48,3,2.4,42,1721,1721
1695,2.0080,-0.1105,0.1691,2.946,good,0.002,3.63,0,0,0,0,11.44,3,0.0,,,
1698,2.0080,-0.1313,-0.2011,3.000,good,0.000,4.11,0,0,0,0,13.09,1,0.0,,,
1699,2.0080,-0.1148,0.1139,3.014,good,0.000,4.81,0,0,0,0,11.26,2,0.0,,,
1707,2.0080,-0.1194,-0.2043,3.000,good,0.000,4.14,0,0,0,0,13.14,1,0.0,,,
1708,2.0080,-0.1044,0.0444,3.000,good,0.002,6.63,0,0,0,0,8.12,1,0.0,,,
1703,2.0120,-0.1182,0.1245,3.357,good,0.055,2.32,0,0,0,0,5.01,2,0.0,,,
1704,2.0120,-0.1151,-0.1491,2.995,good,0.375,6.84,0,0,0,0,11.83,2,0.0,,,
1705,2.0120,-0.1165,-0.0565,2.868,good,0.001,6.97,0,0,0,0,15.47,2,0.0,,,
1706,2.0120,-0.1172,-0.0435,2.996,good,0.164,8.69,0,0,0,0,12.50,2,0.0,,,
1712,2.0120,-0.1076,-0.2074,3.000,good,0.000,4.09,0,0,0,0,9.19,1,0.0,,,
1700,2.0160,-0.1361,-0.0280,3.000,good,0.052,7.04,0,0,0,0,10.70,1,0.0,,,
1701,2.0160,-0.1092,-0.0354,3.137,good,0.275,13.47,0,0,0,0,6.70,2,0.0,,,
1702,2.0160,-0.1230,0.0788,2.916,good,0.000,5.07,0,0,0,0,12.46,2,0.0,,,
1711,2.0160,-0.1232,-0.0320,3.000,husk,0.921,8.74,1,1,1,0,10.39,1,2.4,27|28,,
1722,2.0160,-0.1113,0.0822,3.000,good,0.000,4.98,0,0,0,0,10.45,1,0.0,,,
1709,2.0200,-0.1228,-0.2249,3.450,good,0.000,3.79,0,0,0,0,0.58,2,0.0,,,
1710,2.0200,-0.1109,0.0206,2.963,shell,0.664,8.94,1,1,1,0,11.19,3,2.4,34,1729,1729
1720,2.0200,-0.1185,-0.1174,3.001,shell,0.987,9.60,1,1,1,0,12.82,2,2.4,16|17,1734,1734
1721,2.0200,-0.1177,-0.0582,3.001,good,0.170,6.91,0,0,0,0,12.52,2,0.0,,,
1723,2.0200,-0.1090,-0.2296,3.000,good,0.003,2.64,0,0,0,0,9.66,1,0.0,,,
1713,2.0240,-0.1118,-0.0180,3.134,good,0.001,6.73,0,0,0,0,7.57,3,0.0,,,
1714,2.0240,-0.1124,0.0926,3.027,faded,0.988,7.08,1,1,1,0,10.15,3,3.2,43|44,1719,1719
1715,2.0240,-0.1124,-0.0398,3.056,shell,0.996,8.52,1,1,1,0,9.50,3,2.4,26|27,1748,1748
1716,2.0240,-0.1113,-0.2145,3.018,good,0.029,5.60,0,0,0,0,10.00,3,0.0,,,
1717,2.0240,-0.1118,0.1749,2.996,sour,1.000,22.77,1,1,1,0,10.71,3,3.2,54,1724,1724
1718,2.0240,-0.1107,0.1895,3.001,good,0.003,4.25,0,0,0,0,10.20,3,0.0,,,
1719,2.0240,-0.1092,-0.1952,2.998,good,0.001,5.24,0,0,0,0,9.78,3,0.0,,,
1727,2.0280,-0.1190,-0.2256,2.996,good,0.006,4.22,0,0,0,0,13.08,2,0.0,,,
1728,2.0280,-0.1176,0.0090,2.992,good,0.000,4.30,0,0,0,0,12.71,2,0.0,,,
1729,2.0280,-0.1156,-0.0088,3.110,husk,0.999,8.27,1,1,1,0,9.32,2,2.4,30|31,1632,
1724,2.0320,-0.1115,0.1010,3.406,good,0.001,6.83,0,0,0,0,2.10,3,0.0,,,
1725,2.0320,-0.1128,-0.0055,2.776,good,0.001,6.98,0,0,0,0,16.67,3,0.0,,,
1726,2.0320,-0.1094,0.0585,3.008,good,0.093,7.33,0,0,0,0,9.61,3,0.0,,,
1731,2.0320,-0.1183,-0.1617,2.982,good,0.498,6.10,0,0,0,0,13.21,2,0.0,,,
1730,2.0360,-0.1176,0.0901,2.840,good,0.000,3.73,0,0,0,0,16.63,3,0.0,,,
1732,2.0360,-0.1162,-0.0413,3.019,husk,0.742,9.34,1,1,1,0,11.63,2,2.4,26,1727|1744,1727|1744
1733,2.0360,-0.1155,-0.0203,3.028,good,0.498,5.33,0,0,0,0,11.17,2,0.0,,,
1734,2.0360,-0.1153,-0.0962,3.270,good,0.002,7.33,0,0,0,0,5.85,2,0.0,,,
1740,2.0360,-0.1017,-0.0021,3.000,good,0.000,6.80,0,0,0,0,7.25,1,0.0,,,
1737,2.0400,-0.1313,-0.0516,3.000,good,0.001,3.79,0,0,0,0,13.09,1,0.0,,,
1739,2.0400,-0.1172,-0.1940,2.927,good,0.002,5.64,0,0,0,0,14.20,2,0.0,,,
1744,2.0400,-0.1185,-0.0564,3.000,good,0.002,3.88,0,0,0,0,12.84,1,0.0,,,
1735,2.0440,-0.1150,-0.1570,2.968,good,0.017,6.54,0,0,0,0,12.44,3,0.0,,,
1736,2.0440,-0.1089,-0.1425,3.022,good,0.000,7.20,0,0,0,0,9.12,3,0.0,,,
1738,2.0440,-0.1094,0.1154,2.822,good,0.001,6.81,0,0,0,0,14.20,3,0.0,,,
1750,2.0440,-0.1057,-0.0611,3.000,good,0.002,3.61,0,0,0,0,8.58,1,0.0,,,
1741,2.0480,-0.1148,0.1456,2.984,good,0.282,4.85,0,0,0,0,12.01,3,0.0,,,
1742,2.0480,-0.1107,-0.1031,3.001,faded,0.995,8.87,1,1,1,0,10.23,3,2.8,18|19,1755,1755
1743,2.0480,-0.1124,0.1202,2.780,faded,0.797,6.13,1,1,1,0,16.40,3,3.2,47,1735,
1748,2.0480,-0.1185,-0.0529,3.209,sour,0.998,17.77,1,1,1,0,8.11,2,3.2,25,1733|1767,
1749,2.0480,-0.1174,0.0116,3.280,black,1.000,43.65,1,1,1,0,6.26,2,3.2,33,1742,1742
1745,2.0520,-0.1146,-0.1071,3.008,faded,0.995,7.87,1,1,1,0,11.34,3,3.2,18,1750,1750
1747,2.0520,-0.1094,0.0527,3.003,good,0.141,6.94,0,0,0,0,9.74,3,0.0,,,
1752,2.0520,-0.1158,-0.1830,2.980,good,0.000,4.49,0,0,0,0,12.44,2,0.0,,,
1753,2.0520,-0.1167,-0.1296,2.995,good,0.000,4.05,0,0,0,0,12.37,2,0.0,,,
1746,2.0560,-0.1125,0.2220,2.078,good,0.000,4.56,0,0,0,0,42.28,4,0.0,,,
1751,2.0560,-0.1147,0.0449,3.003,good,0.002,5.17,0,0,0,0,11.49,3,0.0,,,
1758,2.0560,-0.1189,0.1665,3.002,good,0.102,5.68,0,0,0,0,12.91,2,0.0,,,
1759,2.0560,-0.1162,-0.0278,3.146,faded,0.999,6.36,1,1,1,0,8.72,2,3.2,28,1756,
1754,2.0600,-0.1135,0.0290,3.000,husk,0.973,9.93,1,1,1,0,11.18,3,2.4,35,1757|1772,1772
1755,2.0600,-0.1094,-0.1647,2.989,good,0.045,6.98,0,0,0,0,10.07,3,0.0,,,
1756,2.0600,-0.1096,-0.1189,3.003,good,0.010,4.81,0,0,0,0,9.78,3,0.0,,,
1757,2.0600,-0.1081,-0.0748,2.982,good,0.138,6.77,0,0,0,0,9.80,3,0.0,,,
1762,2.0600,-0.1156,0.0826,3.028,good,0.001,4.32,0,0,0,0,11.22,2,0.0,,,
1760,2.0640,-0.1132,0.1008,3.001,good,0.000,3.64,0,0,0,0,11.07,3,0.0,,,
1761,2.0640,-0.1084,-0.1311,3.185,good,0.222,3.81,0,0,0,0,5.43,3,0.0,,,
1765,2.0640,-0.1179,-0.1518,3.450,faded,0.892,4.15,1,1,1,0,3.16,2,3.2,12,1813,
1766,2.0640,-0.1187,0.2355,3.000,good,0.097,6.13,0,0,0,0,12.89,2,0.0,,,
1763,2.0680,-0.1125,0.2231,3.001,good,0.206,3.59,0,0,0,0,10.82,3,0.0,,,
1764,2.0680,-0.1109,-0.0599,3.020,good,0.482,5.92,0,0,0,0,9.82,3,0.0,,,
1769,2.0680,-0.1170,-0.2141,3.002,good,0.000,21.09,1,1,1,0,12.29,2,9.0,4|5|3,1781,1781
1770,2.0680,-0.1182,-0.2153,2.995,shell,0.928,17.22,1,1,1,0,12.84,2,2.4,4,1781,1781
1767,2.0720,-0.1130,0.1744,3.006,faded,0.643,5.39,1,1,1,0,10.85,3,3.2,54,1764,1764
1768,2.0720,-0.1131,-0.2293,2.994,good,0.105,4.12,0,0,0,0,11.17,3,0.0,,,
1772,2.0720,-0.1163,0.0174,3.002,faded,0.736,5.95,1,1,1,0,12.06,2,3.2,34,1770,1770
1773,2.0720,-0.1177,0.1371,3.079,shell,1.000,26.79,1,1,1,0,10.72,2,2.4,49,1778,
1771,2.0760,-0.1111,0.1604,3.000,sour,1.000,13.56,1,1,1,0,10.37,3,3.2,52,1775,1775
1774,2.0800,-0.1148,0.1443,3.016,good,0.013,6.78,0,0,0,0,11.23,3,0.0,,,
1775,2.0800,-0.1109,0.0637,3.097,good,0.424,6.92,0,0,0,0,8.11,3,0.0,,,
1780,2.0800,-0.1163,-0.1629,2.956,good,0.157,6.18,0,0,0,0,13.19,2,0.0,,,
1776,2.0840,-0.1146,0.1806,2.972,faded,0.784,5.28,1,1,1,0,12.21,3,3.2,55|54,1776,1776
1777,2.0840,-0.1137,-0.0038,2.980,good,0.006,5.56,0,0,0,0,11.70,3,0.0,,,
1778,2.0840,-0.1108,-0.1877,2.904,good,0.004,4.52,0,0,0,0,12.60,3,0.0,,,
1779,2.0840,-0.1090,-0.2139,2.901,faded,0.719,4.43,1,1,1,0,12.04,3,3.2,4,1793,
1781,2.0880,-0.1104,-0.0206,3.374,faded,1.000,4.72,1,1,1,0,2.34,3,3.2,29,1802,
1782,2.0880,-0.1072,-0.1316,3.450,faded,0.869,5.71,1,1,1,0,0.05,3,3.2,15|14,1794,
1783,2.0880,-0.1226,-0.1007,3.136,good,0.001,4.16,0,0,0,0,6.96,2,0.0,,,
1787,2.0880,-0.1183,-0.2100,2.864,good,0.071,5.21,0,0,0,0,16.20,2,0.0,,,
1793,2.0880,-0.1100,-0.1042,3.000,good,0.001,4.02,0,0,0,0,10.01,1,0.0,,,
1784,2.0920,-0.1133,0.0431,2.993,good,0.087,4.17,0,0,0,0,11.26,3,0.0,,,
1785,2.0920,-0.1122,0.2302,2.934,good,0.154,5.10,0,0,0,0,12.30,3,0.0,,,
1786,2.0920,-0.1101,0.1693,2.999,good,0.018,9.27,0,0,0,0,10.08,3,0.0,,,
1792,2.0920,-0.1190,0.0012,3.006,good,0.004,6.94,0,0,0,0,12.83,2,0.0,,,
1788,2.0960,-0.1127,-0.0495,3.027,good,0.507,6.90,1,1,1,0,10.28,3,2.8,25,1792,1792
1789,2.0960,-0.1089,-0.2099,3.390,good,0.000,4.42,0,0,0,0,1.62,3,0.0,,,
1790,2.0960,-0.1087,0.1197,2.995,faded,0.990,7.37,1,1,1,0,9.68,3,3.2,47,1782,
1791,2.0960,-0.1097,-0.0956,3.000,shell,0.923,9.01,1,1,1,0,9.90,3,2.4,19,1814,1814
1794,2.0960,-0.1137,0.1883,3.256,faded,0.980,3.77,1,1,1,0,5.63,2,3.2,56|55,1811,
1798,2.0960,-0.1008,0.2259,3.000,good,0.000,5.45,0,0,0,0,6.94,1,0.0,,,
1797,2.1000,-0.1193,0.1859,2.635,good,0.046,3.95,0,0,0,0,23.24,2,0.0,,,
1795,2.1040,-0.1143,-0.1953,2.999,good,0.011,5.31,0,0,0,0,11.48,3,0.0,,,
1796,2.1040,-0.1098,-0.1448,2.983,good,0.002,5.33,0,0,0,0,10.33,3,0.0,,,
1801,2.1040,-0.1197,-0.0710,2.992,shell,0.974,9.07,1,1,1,0,13.44,2,2.4,22|23,1808,1808
1799,2.1080,-0.1143,0.1188,2.992,good,0.089,6.64,0,0,0,0,11.62,3,0.0,,,
1800,2.1080,-0.1105,0.1501,2.984,faded,0.793,6.72,1,1,1,0,10.57,3,3.1,51,1806,1806
1802,2.1120,-0.1089,-0.0305,3.253,shell,0.924,9.08,1,1,1,0,4.21,3,2.4,28|27,1827,1827
1803,2.1120,-0.1105,0.1816,3.038,faded,0.893,4.27,1,1,1,0,9.29,3,3.2,55,1817,
1806,2.1120,-0.1186,0.0504,3.118,good,0.535,6.42,1,1,1,0,10.11,2,2.4,38,1797|1812,
1807,2.1120,-0.1191,-0.1242,2.995,good,0.398,5.43,0,0,0,0,13.15,2,0.0,,,
1808,2.1120,-0.1189,0.0381,3.002,good,0.000,4.42,0,0,0,0,12.90,2,0.0,,,
1809,2.1120,-0.1168,-0.1544,3.010,good,0.224,4.76,0,0,0,0,12.03,2,0.0,,,
1804,2.1160,-0.1401,0.0238,3.000,good,0.094,6.56,0,0,0,0,12.03,1,0.0,,,
1805,2.1160,-0.1352,-0.2324,3.000,black,1.000,50.23,1,1,1,0,10.41,1,3.2,2,,
1811,2.1160,-0.1190,0.0263,2.915,good,0.032,8.28,0,0,0,0,15.11,2,0.0,,,
1812,2.1160,-0.1222,-0.2357,3.000,black,1.000,50.26,1,1,1,0,10.06,1,3.2,1|2,,
1815,2.1160,-0.1091,-0.2390,3.000,black,1.000,50.38,1,1,1,0,9.70,1,3.2,1,1822,
1810,2.1200,-0.1115,0.1353,2.933,good,0.001,5.49,0,0,0,0,12.12,3,0.0,,,
1813,2.1200,-0.1198,0.0810,3.003,faded,0.953,7.36,1,1,1,0,13.20,2,3.2,42,1805,1805
1814,2.1200,-0.1183,-0.1028,3.410,good,0.024,4.06,0,0,0,0,4.03,2,0.0,,,
1817,2.1240,-0.1197,0.0743,3.210,good,0.333,8.38,0,0,0,0,8.44,2,0.0,,,
1816,2.1280,-0.1140,-0.2119,3.100,black,1.000,42.89,1,1,1,0,9.02,3,3.2,4|5,1844,
1823,2.1280,-0.1162,0.1516,3.450,good,0.000,3.92,0,0,0,0,2.68,2,0.0,,,
1818,2.1320,-0.1282,-0.2359,2.382,good,0.009,4.08,0,0,0,0,31.81,2,0.0,,,
1819,2.1320,-0.1136,0.0281,2.999,good,0.312,8.37,0,0,0,0,11.21,3,0.0,,,
1820,2.1320,-0.1122,0.1257,2.993,good,0.193,8.22,0,0,0,0,10.90,3,0.0,,,
1821,2.1320,-0.1113,0.1688,2.991,faded,0.984,5.17,1,1,1,0,10.65,3,3.2,53,1816,1816
1822,2.1320,-0.1099,0.0420,2.993,shell,0.989,8.86,1,1,1,0,10.12,3,2.4,37,1823,1823
1827,2.1320,-0.1181,0.1743,3.365,good,0.000,4.36,0,0,0,0,4.83,2,0.0,,,
1828,2.1320,-0.1179,-0.0867,2.995,good,0.000,5.14,0,0,0,0,12.73,2,0.0,,,
1829,2.1320,-0.1164,-0.0291,2.949,good,0.000,4.72,0,0,0,0,13.38,2,0.0,,,
1831,2.1320,-0.1187,-0.2317,3.000,good,0.006,4.13,0,0,0,0,12.90,1,0.0,,,
1824,2.1360,-0.1155,0.0341,3.003,good,0.006,6.14,0,0,0,0,11.75,3,0.0,,,
1825,2.1360,-0.1148,-0.1953,2.980,faded,0.988,5.48,1,1,1,0,12.10,3,3.1,7|6,1821,1821
1826,2.1360,-0.1131,0.1108,3.061,good,0.007,7.40,0,0,0,0,9.61,3,0.0,,,
1830,2.1360,-0.1154,-0.1643,3.035,faded,0.737,7.12,1,1,1,0,10.97,2,3.1,10|11,1850,1850
1835,2.1400,-0.1167,-0.0426,2.955,good,0.114,7.80,0,0,0,0,13.35,2,0.0,,,
1836,2.1400,-0.1200,-0.1160,2.877,sour,1.000,10.86,1,1,1,0,16.47,2,3.2,17|16,1831,1831
1837,2.1400,-0.1171,0.1766,3.106,faded,0.594,4.92,1,1,1,0,9.89,2,3.2,54,1829,1829
1842,2.1400,-0.0997,-0.2267,3.000,good,0.012,3.99,0,0,0,0,6.55,1,0.0,,,
1832,2.1440,-0.1273,-0.1831,3.001,good,0.013,4.43,0,0,0,0,11.76,2,0.0,,,
1833,2.1440,-0.1104,0.1151,3.030,good,0.251,5.24,0,0,0,0,9.44,3,0.0,,,
1834,2.1440,-0.1090,0.2256,3.030,good,0.000,5.75,0,0,0,0,8.97,3,0.0,,,
1840,2.1440,-0.1181,-0.0243,3.025,faded,0.840,6.63,1,1,1,0,12.08,2,3.1,28|29,1833,1833
1841,2.1440,-0.1295,-0.1925,3.000,good,0.001,5.22,0,0,0,0,12.49,1,0.0,,,
1846,2.1440,-0.1164,-0.1869,3.000,good,0.011,8.04,0,0,0,0,12.13,1,0.0,,,
1838,2.1480,-0.1145,-0.1081,2.932,husk,0.924,9.43,1,1,1,0,13.15,3,2.4,18|17,1843|1855,1843|1855
1839,2.1480,-0.1126,0.1393,3.081,good,0.015,6.88,0,0,0,0,9.01,3,0.0,,,
1845,2.1480,-0.1158,-0.1690,3.450,good,0.000,3.14,0,0,0,0,2.56,2,0.0,,,
1843,2.1520,-0.1094,0.1156,3.058,good,0.005,5.81,0,0,0,0,8.49,3,0.0,,,
1844,2.1520,-0.1086,-0.1359,2.997,shell,0.999,8.43,1,1,1,0,9.61,3,2.4,14,1857,1857
1847,2.1560,-0.1299,0.1148,2.716,good,0.120,5.45,0,0,0,0,20.64,2,0.0,,,
1851,2.1560,-0.1154,-0.0921,3.395,good,0.462,5.92,0,0,0,0,3.44,2,0.0,,,
1855,2.1560,-0.1190,0.1187,3.000,good,0.105,5.56,0,0,0,0,13.00,1,0.0,,,
1848,2.1600,-0.1123,-0.1316,3.010,good,0.161,3.60,0,0,0,0,10.55,3,0.0,,,
1849,2.1600,-0.1152,0.0194,2.866,good,0.015,5.35,0,0,0,0,15.09,3,0.0,,,
1850,2.1600,-0.1088,0.0534,2.997,good,0.000,3.71,0,0,0,0,9.66,3,0.0,,,
1854,2.1600,-0.1191,0.1806,2.989,good,0.000,2.21,0,0,0,0,13.30,2,0.0,,,
1852,2.1640,-0.1109,-0.1380,2.983,insect,1.000,5.21,1,1,1,0,10.72,3,3.1,14,1863,1863
1853,2.1640,-0.1115,-0.1900,2.972,faded,0.557,5.11,1,1,1,0,11.18,3,3.2,7,1875,1875
1856,2.1680,-0.1154,0.2193,2.324,good,0.000,4.51,0,0,0,0,32.69,3,0.0,,,
1857,2.1680,-0.1082,-0.0103,2.999,good,0.001,6.53,0,0,0,0,9.42,3,0.0,,,
1858,2.1680,-0.1108,-0.1175,2.793,good,0.008,4.81,0,0,0,0,15.50,3,0.0,,,
1859,2.1720,-0.1131,-0.1543,2.973,faded,0.726,5.82,1,1,1,0,11.68,3,3.2,12,1879,1879
1860,2.1720,-0.1130,-0.0345,2.956,good,0.010,6.60,0,0,0,0,12.07,3,0.0,,,
1861,2.1720,-0.1101,0.2259,3.104,insect,1.000,6.30,1,1,1,0,7.71,3,3.1,60|61,1856,1856
1862,2.1720,-0.1234,0.1515,2.999,good,0.138,5.98,0,0,0,0,10.48,2,0.0,,,
1872,2.1720,-0.1114,0.1484,3.000,good,0.095,5.96,0,0,0,0,10.46,1,0.0,,,
1873,2.1720,-0.1061,0.2162,3.000,good,0.000,4.50,0,0,0,0,8.70,1,0.0,,,
1874,2.1720,-0.0997,-0.1206,3.000,good,0.003,4.66,0,0,0,0,6.57,1,0.0,,,
1863,2.1760,-0.1142,-0.2155,2.997,good,0.000,3.01,0,0,0,0,11.47,3,0.0,,,
1864,2.1760,-0.1119,0.1378,3.008,good,0.057,6.98,0,0,0,0,10.45,3,0.0,,,
1865,2.1760,-0.1113,-0.0082,2.991,shell,0.648,8.39,1,1,1,0,10.66,3,2.4,30|31,1874,1874
1866,2.1760,-0.1142,0.0669,2.759,good,0.001,6.54,0,0,0,0,17.65,3,0.0,,,
1867,2.1760,-0.1114,0.1569,2.999,good,0.016,7.28,0,0,0,0,10.48,3,0.0,,,
1870,2.1760,-0.1181,-0.1722,3.017,good,0.001,6.84,0,0,0,0,12.31,2,0.0,,,
1871,2.1760,-0.1196,-0.0283,2.847,good,0.002,3.57,0,0,0,0,17.13,2,0.0,,,
1868,2.1800,-0.1135,-0.2258,3.001,good,0.215,5.80,0,0,0,0,11.15,3,0.0,,,
1869,2.1800,-0.1115,0.0444,3.105,good,0.003,6.14,0,0,0,0,8.12,3,0.0,,,
1885,2.1800,-0.1083,-0.0315,3.000,good,0.065,3.36,0,0,0,0,9.42,1,0.0,,,
1875,2.1840,-0.1136,-0.1886,3.009,good,0.000,4.96,0,0,0,0,11.00,3,0.0,,,
1876,2.1840,-0.1109,-0.0269,3.036,good,0.102,8.56,0,0,0,0,9.46,3,0.0,,,
1877,2.1840,-0.1113,-0.0039,2.946,shell,0.959,9.23,1,1,1,0,11.73,3,2.4,31,1880,1880
1878,2.1840,-0.1083,-0.1224,3.006,insect,1.000,6.72,1,1,1,0,9.29,3,3.1,16,1876,1876
1882,2.1840,-0.1187,-0.0837,2.986,good,0.009,6.67,0,0,0,0,13.27,2,0.0,,,
1883,2.1840,-0.1169,0.0211,2.912,faded,0.809,8.53,1,1,1,0,14.48,2,2.8,34,1878,
1884,2.1840,-0.1086,-0.0808,3.174,faded,0.991,5.26,1,1,1,0,5.71,2,3.2,21,1881,
1879,2.1880,-0.1130,-0.0287,3.277,good,0.213,7.05,0,0,0,0,4.98,3,0.0,,,
1880,2.1880,-0.1121,-0.1779,3.001,faded,0.970,7.10,1,1,1,0,10.68,3,3.2,9,1886,1886
1881,2.1880,-0.1106,0.2215,3.097,good,0.000,3.08,0,0,0,0,8.00,3,0.0,,,
1887,2.1880,-0.1174,-0.1245,3.390,good,0.007,6.72,0,0,0,0,4.14,2,0.0,,,
1888,2.1880,-0.1160,0.1691,3.273,sour,0.998,19.09,1,1,1,0,6.00,2,3.2,53,1894,1894
1886,2.1920,-0.1187,0.0075,2.617,faded,0.736,8.24,1,1,1,0,23.58,3,2.4,32|33,1871,1871
1889,2.1960,-0.1130,0.1033,2.729,good,0.004,5.36,0,0,0,0,18.04,3,0.0,,,
1890,2.1960,-0.1106,0.1986,2.965,good,0.001,3.52,0,0,0,0,11.03,3,0.0,,,
1891,2.1960,-0.1094,-0.1966,3.007,good,0.025,5.19,0,0,0,0,9.65,3,0.0,,,
1893,2.1960,-0.1160,-0.0779,3.363,faded,0.793,5.64,1,1,1,0,4.23,2,3.2,22|21,1909,
1894,2.1960,-0.1176,-0.2394,3.032,good,0.000,3.40,0,0,0,0,11.76,2,0.0,,,
1892,2.2000,-0.1080,-0.0909,3.025,good,0.064,7.06,0,0,0,0,8.76,3,0.0,,,
1899,2.2000,-0.1195,0.2428,2.951,sour,1.000,11.19,1,1,1,0,14.39,2,3.2,63|62,1902,
1895,2.2040,-0.1149,-0.1792,2.670,black,1.000,55.47,1,1,1,0,20.48,3,3.2,9|8,1912,
1896,2.2040,-0.1104,-0.0301,3.023,good,0.026,6.61,0,0,0,0,9.60,3,0.0,,,
1897,2.2040,-0.1086,0.0858,2.938,good,0.030,7.97,0,0,0,0,11.00,3,0.0,,,
1898,2.2040,-0.1087,0.1700,3.017,good,0.414,3.42,0,0,0,0,9.18,3,0.0,,,
1900,2.2080,-0.1119,-0.2067,3.310,good,0.441,4.38,0,0,0,0,4.02,3,0.0,,,
1903,2.2080,-0.1303,0.1407,3.000,good,0.218,6.86,0,0,0,0,12.75,1,0.0,,,
1904,2.2080,-0.1152,0.0532,2.981,good,0.027,8.07,0,0,0,0,12.21,2,0.0,,,
1905,2.2080,-0.1147,-0.2383,3.226,good,0.002,5.25,0,0,0,0,6.54,2,0.0,,,
1910,2.2080,-0.1179,0.1457,3.000,faded,0.507,4.74,1,1,1,0,12.63,1,3.2,50,1916,
1911,2.2080,-0.1161,0.1371,3.000,good,0.058,4.61,0,0,0,0,12.04,1,0.0,,,
1901,2.2120,-0.1118,-0.1786,2.998,faded,0.998,5.83,1,1,1,0,10.64,3,3.2,9|8,1907,1907
1902,2.2120,-0.1083,0.0128,3.095,faded,0.739,4.43,1,1,1,0,7.28,3,2.8,33,1910,
1908,2.2120,-0.1184,0.1957,2.909,faded,0.995,3.76,1,1,1,0,15.08,2,3.2,57|56,1908,1908
1909,2.2120,-0.1156,0.2346,3.306,good,0.055,4.49,0,0,0,0,5.20,2,0.0,,,
1906,2.2160,-0.1123,0.0245,2.997,good,0.082,7.60,0,0,0,0,10.85,3,0.0,,,
1907,2.2160,-0.1109,-0.0637,2.985,good,0.001,5.31,0,0,0,0,10.63,3,0.0,,,
1914,2.2160,-0.1180,0.1231,3.004,good,0.000,4.77,0,0,0,0,12.56,2,0.0,,,
1912,2.2200,-0.1161,0.1419,2.900,good,0.019,5.87,0,0,0,0,14.52,3,0.0,,,
1913,2.2200,-0.1108,-0.1521,3.001,faded,0.744,5.07,1,1,1,0,10.24,3,2.4,12,1903,1903
1919,2.2200,-0.1172,-0.1059,2.988,good,0.166,7.76,0,0,0,0,12.70,2,0.0,,,
1920,2.2200,-0.1157,0.2212,2.994,good,0.006,3.52,0,0,0,0,12.05,2,0.0,,,
1915,2.2240,-0.1153,0.2028,2.994,good,0.001,3.07,0,0,0,0,11.91,3,0.0,,,
1916,2.2240,-0.1127,-0.0304,3.012,sour,1.000,15.28,1,1,1,0,10.62,3,3.2,28|27,1940,1940
1917,2.2240,-0.1120,0.1331,2.973,good,0.001,4.54,0,0,0,0,11.30,3,0.0,,,
1918,2.2240,-0.1115,-0.2033,2.738,good,0.298,3.12,0,0,0,0,17.24,3,0.0,,,
1922,2.2240,-0.1144,0.0323,3.450,faded,0.984,9.42,1,1,1,0,2.14,2,3.2,36|35,1904,
1921,2.2280,-0.1285,0.1436,2.804,good,0.005,4.62,0,0,0,0,17.50,2,0.0,,,
1923,2.2280,-0.1195,-0.1939,2.997,good,0.157,10.86,0,0,0,0,13.24,2,0.0,,,
1930,2.2280,-0.1173,0.1403,3.000,good,0.003,4.67,0,0,0,0,12.43,1,0.0,,,
1924,2.2320,-0.1109,0.0968,3.042,shell,0.867,7.97,1,1,1,0,9.34,3,2.4,44,1964,1964
1925,2.2320,-0.1114,-0.1590,3.000,faded,1.000,5.09,1,1,1,0,10.45,3,3.2,11,1931,1931
1927,2.2320,-0.1184,0.1513,3.000,good,0.071,7.08,0,0,0,0,12.81,2,0.0,,,
1928,2.2320,-0.1176,0.1942,2.858,good,0.000,2.97,0,0,0,0,16.13,2,0.0,,,
1929,2.2320,-0.1175,0.0897,3.025,faded,0.995,4.45,1,1,1,0,11.89,2,3.2,43,1943,1943
1926,2.2360,-0.1128,-0.0293,2.917,good,0.002,6.98,0,0,0,0,12.97,3,0.0,,,
1932,2.2360,-0.1180,0.2262,3.450,good,0.003,2.64,0,0,0,0,3.20,2,0.0,,,
1931,2.2400,-0.1134,0.0314,2.998,faded,0.748,7.63,1,1,1,0,11.18,3,3.2,36|35,1944,1944
1933,2.2440,-0.1171,0.0475,2.810,good,0.000,5.96,0,0,0,0,17.25,3,0.0,,,
1934,2.2440,-0.1119,-0.1002,3.199,good,0.009,6.84,0,0,0,0,6.23,3,0.0,,,
1935,2.2440,-0.1109,-0.2244,3.022,faded,0.991,5.77,1,1,1,0,9.79,3,3.2,3,1947,1947
1940,2.2440,-0.1186,-0.1263,2.994,good,0.002,5.35,0,0,0,0,13.04,2,0.0,,,
1941,2.2440,-0.1184,0.0202,3.000,sour,1.000,12.87,1,1,1,0,12.79,2,3.2,34,1946,1946
1942,2.2440,-0.1171,-0.1460,3.044,good,0.039,4.20,0,0,0,0,11.33,2,0.0,,,
1936,2.2480,-0.1373,0.2072,3.000,good,0.009,9.05,0,0,0,0,11.10,1,0.0,,,
1937,2.2480,-0.1138,-0.1460,3.041,good,0.033,3.40,0,0,0,0,10.33,3,0.0,,,
1938,2.2480,-0.1118,-0.0953,2.787,shell,1.000,9.43,1,1,1,0,15.99,3,2.4,19|20,1935,
1939,2.2480,-0.1084,0.1586,2.968,good,0.001,4.08,0,0,0,0,10.20,3,0.0,,,
1948,2.2480,-0.1160,0.2115,2.951,good,0.000,5.71,0,0,0,0,13.18,2,0.0,,,
1949,2.2480,-0.1127,0.2012,2.813,good,0.194,2.78,0,0,0,0,15.62,2,0.0,,,
1951,2.2480,-0.1059,0.0508,3.000,good,0.000,5.78,0,0,0,0,8.62,1,0.0,,,
1943,2.2520,-0.1154,-0.0142,3.025,good,0.030,4.95,0,0,0,0,11.22,3,0.0,,,
1944,2.2520,-0.1137,0.1444,3.333,good,0.000,4.03,0,0,0,0,4.10,3,0.0,,,
1945,2.2520,-0.1109,0.1106,2.995,good,0.011,6.67,0,0,0,0,10.41,3,0.0,,,
1946,2.2520,-0.1236,0.0079,2.532,good,0.246,5.36,0,0,0,0,24.29,2,0.0,,,
1947,2.2520,-0.1083,-0.0013,3.016,faded,0.997,4.91,1,1,1,0,9.06,3,3.2,31|32,1923,1923
1950,2.2520,-0.1186,0.1751,3.019,good,0.113,4.18,0,0,0,0,12.40,2,0.0,,,
1954,2.2520,-0.1134,0.0116,3.000,good,0.097,5.38,0,0,0,0,11.14,1,0.0,,,
1957,2.2560,-0.1003,0.1412,3.000,good,0.000,4.07,0,0,0,0,6.76,1,0.0,,,
1952,2.2600,-0.1123,0.2030,3.067,good,0.000,4.73,0,0,0,0,9.21,3,0.0,,,
1953,2.2600,-0.1086,-0.0708,3.025,faded,0.536,7.59,1,1,1,0,8.96,3,3.1,22|23,1973,1973
1956,2.2600,-0.1169,0.1409,3.019,good,0.006,5.97,0,0,0,0,11.83,2,0.0,,,
1955,2.2640,-0.1138,0.1648,3.025,good,0.002,3.64,0,0,0,0,10.66,3,0.0,,,
1960,2.2640,-0.1166,-0.0630,3.179,good,0.013,5.80,0,0,0,0,8.15,2,0.0,,,
1958,2.2680,-0.1144,0.1228,3.031,good,0.008,5.84,0,0,0,0,10.73,3,0.0,,,
1959,2.2680,-0.1122,0.2206,3.002,good,0.000,3.33,0,0,0,0,10.68,3,0.0,,,
1961,2.2720,-0.1107,0.0595,3.330,faded,0.873,6.46,1,1,1,0,3.28,3,3.2,39,1990,1990
1962,2.2720,-0.1153,0.1115,3.269,husk,1.000,33.97,1,1,1,0,5.86,3,2.4,46,1982,
1963,2.2720,-0.1134,-0.1569,3.093,insect,1.000,8.85,1,1,1,0,9.01,3,3.1,11|12,1976,1976
1964,2.2720,-0.1099,-0.2223,2.890,good,0.000,3.44,0,0,0,0,12.61,3,0.0,,,
1965,2.2720,-0.1097,0.0390,2.979,black,1.000,44.28,1,1,1,0,10.40,3,3.2,36|37,1980,
1966,2.2720,-0.1082,0.0863,3.002,good,0.001,6.08,0,0,0,0,9.34,3,0.0,,,
1970,2.2720,-0.1190,0.1269,3.000,good,0.000,4.14,0,0,0,0,13.01,2,0.0,,,
1967,2.2760,-0.1107,-0.2067,3.028,good,0.385,6.96,0,0,0,0,9.59,3,0.0,,,
1968,2.2760,-0.1221,-0.1963,3.293,faded,1.000,4.46,1,1,1,0,3.44,2,3.2,6|7,,
1969,2.2760,-0.1200,-0.1746,3.450,shell,0.866,12.97,1,1,1,0,-0.23,2,2.4,9,,
1976,2.2760,-0.1195,-0.1114,3.000,good,0.164,6.93,0,0,0,0,13.17,2,0.0,,,
1977,2.2760,-0.1076,-0.0190,3.450,insect,0.994,6.69,1,1,1,0,0.18,2,3.1,29,2060,
1982,2.2760,-0.1023,0.1151,3.000,husk,1.000,33.72,1,1,1,0,7.42,1,2.4,46,1982,
1971,2.2800,-0.1151,0.1302,3.038,good,0.001,5.55,0,0,0,0,10.79,3,0.0,,,
1972,2.2800,-0.1148,0.1080,2.994,good,0.001,6.50,0,0,0,0,11.76,3,0.0,,,
1973,2.2800,-0.1110,-0.0277,3.135,faded,0.938,8.58,1,1,1,0,7.31,3,3.1,28,1969,1969
1974,2.2800,-0.1118,-0.0036,3.000,faded,0.960,7.21,1,1,1,0,10.61,3,3.2,31,1995,1995
1975,2.2800,-0.1119,-0.2373,2.999,good,0.001,4.27,0,0,0,0,10.66,3,0.0,,,
1980,2.2800,-0.1193,-0.2238,3.450,faded,0.766,4.65,1,1,1,0,3.57,2,3.2,3,1987,
1981,2.2800,-0.1174,-0.0474,2.972,shell,0.985,8.55,1,1,1,0,13.15,2,2.4,25|26,1972,1972
1978,2.2840,-0.1137,-0.1030,3.115,good,0.029,6.41,0,0,0,0,8.60,3,0.0,,,
1979,2.2840,-0.1225,0.1170,3.450,good,0.003,4.74,0,0,0,0,0.50,2,0.0,,,
1985,2.2840,-0.1123,0.1290,3.450,good,0.001,4.81,0,0,0,0,1.55,2,0.0,,,
1983,2.2880,-0.1126,-0.1800,3.009,good,0.281,5.81,0,0,0,0,10.66,3,0.0,,,
1984,2.2880,-0.1090,0.1507,3.002,good,0.007,3.08,0,0,0,0,9.64,3,0.0,,,
1988,2.2880,-0.1224,0.0139,3.000,stick,0.984,90.22,1,1,1,0,10.15,1,2.4,33,,
1989,2.2880,-0.1179,-0.0369,2.637,good,0.060,9.14,0,0,0,0,22.62,2,0.0,,,
1986,2.2920,-0.1195,-0.0537,2.601,faded,0.973,5.59,1,1,1,0,24.37,3,3.2,25|24,1984,
1987,2.2920,-0.1120,0.0964,2.920,good,0.131,7.80,0,0,0,0,12.58,3,0.0,,,
1994,2.2920,-0.1177,0.0324,2.990,black,1.000,45.39,1,1,1,0,12.83,2,3.2,36|35,1989,1989
1990,2.2960,-0.1095,0.1903,3.450,black,0.915,31.40,1,1,1,0,0.74,3,3.2,56,1985|2063,
1991,2.2960,-0.1138,0.0960,3.008,faded,0.905,6.61,1,1,1,0,11.07,3,2.8,44,2011,2011
1992,2.2960,-0.1249,-0.1596,2.500,good,0.000,4.79,0,0,0,0,25.97,2,0.0,,,
1993,2.2960,-0.1110,0.1276,2.887,faded,0.977,7.03,1,1,1,0,13.09,3,3.2,48,1978,1978
1997,2.2960,-0.1190,-0.1027,3.450,broken,0.995,10.86,1,1,1,0,3.47,2,2.4,18|19,2048,
2001,2.2960,-0.1149,-0.1638,3.000,good,0.000,4.41,0,0,0,0,11.64,1,0.0,,,
1995,2.3000,-0.1120,0.0012,3.017,good,0.399,5.77,0,0,0,0,10.27,3,0.0,,,
1996,2.3000,-0.1141,0.1150,2.876,good,0.001,5.95,0,0,0,0,14.45,3,0.0,,,
1999,2.3000,-0.1155,0.1002,2.990,good,0.008,6.64,0,0,0,0,12.08,2,0.0,,,
2000,2.3000,-0.1146,-0.1516,3.388,faded,0.991,6.26,1,1,1,0,3.34,2,3.2,12,2012,
1998,2.3040,-0.1127,0.0934,3.149,good,0.001,4.58,0,0,0,0,7.56,3,0.0,,,
2005,2.3040,-0.1158,0.1382,3.000,good,0.000,3.80,0,0,0,0,11.92,2,0.0,,,
2002,2.3080,-0.1108,0.0977,3.015,good,0.024,7.88,0,0,0,0,9.92,3,0.0,,,
2003,2.3080,-0.1102,0.0229,3.010,good,0.010,6.33,0,0,0,0,9.84,3,0.0,,,
2004,2.3080,-0.1092,0.0020,2.946,faded,0.960,8.24,1,1,1,0,11.00,3,3.2,32,1997,
2008,2.3080,-0.1181,-0.0343,2.981,faded,1.000,5.80,1,1,1,0,13.16,2,3.2,27,2023,2023
2006,2.3120,-0.1393,-0.1752,3.000,good,0.047,3.60,0,0,0,0,11.78,1,0.0,,,
2007,2.3120,-0.1102,0.0874,3.125,good,0.020,6.79,0,0,0,0,7.27,3,0.0,,,
2010,2.3120,-0.1187,-0.0890,3.000,faded,0.980,6.88,1,1,1,0,12.89,2,3.2,20,1996,
2011,2.3120,-0.1175,-0.0222,2.955,sour,1.000,16.27,1,1,1,0,13.61,2,3.2,29|28,2018,2018
2012,2.3120,-0.1287,-0.1722,3.000,good,0.035,3.59,0,0,0,0,12.23,1,0.0,,,
2013,2.3120,-0.1166,0.0081,2.995,good,0.036,6.35,0,0,0,0,12.34,2,0.0,,,
2014,2.3120,-0.1124,0.1328,3.450,good,0.130,4.73,0,0,0,0,1.55,2,0.0,,,
2017,2.3120,-0.1180,-0.1692,3.000,good,0.037,3.68,0,0,0,0,12.68,1,0.0,,,
2009,2.3160,-0.1098,-0.2149,2.999,good,0.000,3.20,0,0,0,0,9.96,3,0.0,,,
2015,2.3160,-0.1159,0.2449,3.195,faded,0.971,5.24,1,1,1,0,7.58,2,3.2,63,2024,
2016,2.3160,-0.1140,0.0215,3.450,husk,1.000,37.86,1,1,1,0,2.02,2,2.4,34,2058,
2022,2.3160,-0.1074,-0.1662,3.000,good,0.463,3.57,0,0,0,0,9.14,1,0.0,,,
2019,2.3200,-0.1199,-0.1446,3.001,faded,0.814,6.25,1,1,1,0,13.27,2,3.2,13,2013,2013
2020,2.3200,-0.1181,-0.0826,2.857,faded,0.606,7.84,1,1,1,0,16.33,2,3.1,21,2004,2004
2021,2.3200,-0.1166,-0.2031,3.142,faded,0.993,4.24,1,1,1,0,8.93,2,3.2,6|5,2021,2021
2027,2.3200,-0.0985,0.0245,3.000,husk,1.000,36.57,1,1,1,0,6.18,1,2.4,35|34,2058,
2018,2.3240,-0.1168,0.1972,2.819,good,0.022,3.88,0,0,0,0,16.90,3,0.0,,,
2025,2.3240,-0.1284,0.0861,3.000,black,0.994,36.26,1,1,1,0,12.12,1,3.2,43|42,2025,2025
2026,2.3240,-0.1161,0.0360,2.994,sour,1.000,42.06,1,1,1,0,12.17,2,3.2,36,2031,2031
2023,2.3280,-0.1113,0.0952,3.014,good,0.012,8.50,0,0,0,0,10.11,3,0.0,,,
2024,2.3280,-0.1100,0.2066,2.979,shell,1.000,10.23,1,1,1,0,10.48,3,2.4,58,2022,2022
2029,2.3280,-0.1190,0.1374,2.986,good,0.046,4.41,0,0,0,0,13.36,2,0.0,,,
2030,2.3280,-0.1189,0.1725,2.809,good,0.000,5.01,0,0,0,0,17.94,2,0.0,,,
2028,2.3320,-0.1134,0.0350,3.011,good,0.003,6.78,0,0,0,0,10.86,3,0.0,,,
2034,2.3320,-0.1174,-0.1773,2.926,good,0.000,3.40,0,0,0,0,14.31,2,0.0,,,
2031,2.3360,-0.1101,-0.1421,2.999,sour,1.000,15.87,1,1,1,0,10.05,3,3.2,13|14,2029,2029
2032,2.3360,-0.1081,-0.0662,3.048,faded,0.993,8.23,1,1,1,0,8.26,3,2.9,23,2032,
2033,2.3360,-0.1093,0.0356,2.990,faded,0.819,4.04,1,1,1,0,9.98,3,3.2,36,2027,2027
2038,2.3360,-0.1148,-0.0839,3.192,good,0.061,6.82,0,0,0,0,7.28,2,0.0,,,
2035,2.3400,-0.1144,-0.1160,2.999,faded,0.581,7.65,1,1,1,0,11.51,3,3.0,17|16,2037,2037
2036,2.3400,-0.1108,-0.1565,3.198,good,0.003,4.97,0,0,0,0,5.91,3,0.0,,,
2037,2.3400,-0.1109,-0.0699,3.023,good,0.004,6.52,0,0,0,0,9.76,3,0.0,,,
2041,2.3400,-0.1198,0.1074,2.961,good,0.013,6.14,0,0,0,0,14.25,2,0.0,,,
2039,2.3440,-0.1195,0.1663,2.569,good,0.005,4.64,0,0,0,0,25.44,3,0.0,,,
2040,2.3440,-0.1084,-0.0909,3.273,faded,0.913,5.96,1,1,1,0,3.68,3,3.2,20,2051,
2042,2.3440,-0.1073,0.1869,2.889,good,0.052,5.94,0,0,0,0,11.75,3,0.0,,,
2046,2.3440,-0.1158,-0.1941,3.002,faded,0.824,5.21,1,1,1,0,11.87,2,3.2,7|6,2064,2064
2047,2.3440,-0.1174,-0.0375,2.945,black,1.000,45.72,1,1,1,0,13.83,2,3.2,27,2028,
2049,2.3440,-0.1118,0.1949,3.000,good,0.001,2.79,0,0,0,0,10.59,1,0.0,,,
2043,2.3480,-0.1132,0.1133,3.214,good,0.001,6.41,0,0,0,0,6.33,3,0.0,,,
2044,2.3480,-0.1120,0.0097,3.143,faded,1.000,6.80,1,1,1,0,7.46,3,3.2,33,2035,
2045,2.3480,-0.1130,0.1309,3.007,good,0.000,4.56,0,0,0,0,10.85,3,0.0,,,
2052,2.3480,-0.1092,0.1634,3.000,good,0.003,4.60,0,0,0,0,9.75,1,0.0,,,
2053,2.3480,-0.1023,0.1989,3.000,good,0.001,2.83,0,0,0,0,7.45,1,0.0,,,
2048,2.3520,-0.1104,0.1458,2.787,good,0.084,4.65,0,0,0,0,15.51,3,0.0,,,
2050,2.3560,-0.1137,0.1768,2.741,good,0.001,5.90,0,0,0,0,17.98,3,0.0,,,
2051,2.3560,-0.1218,0.0308,3.231,good,0.001,6.34,0,0,0,0,4.66,2,0.0,,,
2056,2.3560,-0.1188,-0.0060,2.996,husk,0.789,9.41,1,1,1,0,13.03,2,2.4,31,2055|2072,2055|2072
2062,2.3560,-0.1089,0.0272,3.000,good,0.001,6.34,0,0,0,0,9.65,1,0.0,,,
2054,2.3600,-0.1132,0.1099,3.003,good,0.000,4.00,0,0,0,0,10.98,3,0.0,,,
2055,2.3600,-0.1122,-0.0169,2.749,faded,0.999,9.94,1,1,1,0,17.19,3,3.1,29|30,2038,
2060,2.3600,-0.1198,-0.1673,3.000,black,1.000,41.91,1,1,1,0,13.27,2,3.2,10,2053,2053
2061,2.3600,-0.1156,-0.0452,3.052,good,0.023,7.99,0,0,0,0,10.62,2,0.0,,,
2057,2.3640,-0.1138,0.0891,3.234,shell,0.691,9.23,1,1,1,0,6.10,3,2.4,43,2075,
2058,2.3640,-0.1106,0.1702,3.053,insect,1.000,9.38,1,1,1,0,9.00,3,3.1,53,2073,2073
2059,2.3640,-0.1112,-0.0094,3.000,good,0.145,7.53,0,0,0,0,10.41,3,0.0,,,
2065,2.3640,-0.1160,-0.1846,3.386,good,0.000,4.96,0,0,0,0,3.81,2,0.0,,,
2063,2.3680,-0.1142,0.0750,2.997,good,0.061,5.83,0,0,0,0,11.46,3,0.0,,,
2064,2.3680,-0.1119,-0.0548,3.220,faded,0.998,5.94,1,1,1,0,5.81,3,3.2,24|25,2082,
2069,2.3680,-0.1318,0.2110,3.000,good,0.000,3.28,0,0,0,0,13.26,1,0.0,,,
2070,2.3680,-0.1188,0.1289,3.027,good,0.000,4.37,0,0,0,0,12.27,2,0.0,,,
2074,2.3680,-0.1197,0.2141,3.000,good,0.000,3.19,0,0,0,0,13.24,1,0.0,,,
2066,2.3720,-0.1048,0.1116,3.450,good,0.000,5.25,0,0,0,0,-0.65,3,0.0,,,
2067,2.3720,-0.1114,-0.1372,3.025,good,0.001,6.27,0,0,0,0,9.88,3,0.0,,,
2068,2.3720,-0.1115,-0.1013,2.995,good,0.336,7.46,0,0,0,0,10.60,3,0.0,,,
2073,2.3720,-0.1196,0.0897,3.114,good,0.023,5.24,0,0,0,0,10.50,2,0.0,,,
2080,2.3720,-0.1077,0.2172,3.000,good,0.000,3.22,0,0,0,0,9.22,1,0.0,,,
2071,2.3760,-0.1119,-0.1891,2.688,good,0.000,6.64,0,0,0,0,18.85,3,0.0,,,
2072,2.3760,-0.1326,-0.2441,3.000,faded,1.000,3.87,1,1,1,0,9.53,1,3.2,0,,
2078,2.3760,-0.1183,-0.0448,2.933,good,0.194,5.93,0,0,0,0,14.41,2,0.0,,,
2079,2.3760,-0.1158,0.1087,3.021,good,0.000,5.08,0,0,0,0,11.41,2,0.0,,,
2075,2.3800,-0.1146,-0.0733,2.985,good,0.492,6.79,0,0,0,0,11.90,3,0.0,,,
2076,2.3800,-0.1145,-0.0120,2.703,good,0.021,6.38,0,0,0,0,19.37,3,0.0,,,
2077,2.3800,-0.1119,0.1211,2.995,good,0.001,6.01,0,0,0,0,10.76,3,0.0,,,
2081,2.3800,-0.1198,-0.2351,3.036,good,0.000,2.88,0,0,0,0,12.40,2,0.0,,,
2082,2.3800,-0.1180,-0.1878,3.332,good,0.003,6.27,0,0,0,0,5.42,2,0.0,,,
2084,2.3800,-0.1186,0.0326,3.002,black,1.000,41.99,1,1,1,0,12.83,2,3.2,36|35,2071,
2085,2.3800,-0.1152,-0.1425,3.180,good,0.042,5.15,0,0,0,0,7.68,2,0.0,,,
2083,2.3840,-0.1081,0.1259,3.000,good,0.001,4.29,0,0,0,0,9.35,3,0.0,,,
2086,2.3840,-0.1166,0.1969,2.981,good,0.000,3.39,0,0,0,0,12.64,2,0.0,,,
2089,2.3840,-0.1027,-0.0700,3.000,good,0.430,6.65,0,0,0,0,7.56,1,0.0,,,
2088,2.3880,-0.1162,-0.0315,3.208,good,0.001,6.46,0,0,0,0,7.39,2,0.0,,,
2087,2.3920,-0.1135,-0.2167,2.869,good,0.000,14.21,0,0,0,0,14.44,3,0.0,,,
2092,2.3920,-0.1181,-0.1561,3.003,good,0.000,5.23,0,0,0,0,12.63,2,0.0,,,
2093,2.3920,-0.1185,-0.0883,3.009,faded,0.654,6.59,1,1,1,0,12.64,2,3.2,20,2096,2096
2094,2.3920,-0.1191,0.1866,3.019,good,0.298,5.24,0,0,0,0,12.59,2,0.0,,,
2090,2.3960,-0.1142,-0.0681,2.996,good,0.010,6.23,0,0,0,0,11.49,3,0.0,,,
2091,2.3960,-0.1092,0.0677,2.997,shell,0.997,8.24,1,1,1,0,9.82,3,2.4,40,2112,2112
2095,2.4000,-0.1105,-0.1274,2.932,husk,0.941,8.19,1,1,1,0,11.78,3,2.4,15,2074,2074
2096,2.4000,-0.1108,0.1931,2.982,faded,1.000,5.25,1,1,1,0,10.70,3,3.2,56,2091,2091
2101,2.4000,-0.1179,-0.0605,2.944,faded,0.939,6.53,1,1,1,0,14.02,2,3.2,24,2087,
2102,2.4000,-0.1186,0.0336,2.875,faded,0.934,7.49,1,1,1,0,16.03,2,3.2,36,2116,
2097,2.4040,-0.1139,-0.1482,3.012,good,0.383,4.36,0,0,0,0,11.00,3,0.0,,,
2098,2.4040,-0.1119,0.0574,3.048,good,0.001,5.73,0,0,0,0,9.51,3,0.0,,,
2099,2.4040,-0.1118,0.1989,2.972,good,0.001,3.48,0,0,0,0,11.26,3,0.0,,,
2100,2.4040,-0.1085,-0.1684,3.248,insect,1.000,5.17,1,1,1,0,4.20,3,3.1,10,2121,2121
2107,2.4040,-0.1181,-0.1736,2.950,good,0.032,2.53,0,0,0,0,13.91,2,0.0,,,
2103,2.4080,-0.1145,-0.1890,2.963,good,0.029,4.18,0,0,0,0,12.40,3,0.0,,,
2104,2.4080,-0.1136,-0.1162,3.060,good,0.322,9.10,0,0,0,0,9.82,3,0.0,,,
2105,2.4080,-0.1097,-0.0377,3.026,good,0.000,6.03,0,0,0,0,9.30,3,0.0,,,
2106,2.4080,-0.1083,-0.0218,2.980,good,0.138,6.78,0,0,0,0,9.88,3,0.0,,,
2109,2.4080,-0.1177,-0.1307,3.038,good,0.001,6.49,0,0,0,0,11.67,2,0.0,,,
2110,2.4080,-0.1134,0.1950,3.259,faded,0.843,3.93,1,1,1,0,5.46,2,3.2,56|57,2114,2114
2108,2.4120,-0.1113,-0.2262,2.993,faded,0.650,6.66,1,1,1,0,10.61,3,3.2,3|2,2092,2092
2113,2.4120,-0.1149,-0.1076,3.052,good,0.020,6.92,0,0,0,0,10.41,2,0.0,,,
2111,2.4160,-0.1193,-0.0813,2.256,good,0.001,4.63,0,0,0,0,37.21,3,0.0,,,
2112,2.4160,-0.1110,-0.0731,3.028,shell,0.846,10.06,1,1,1,0,9.68,3,2.4,22,2110,2110
2118,2.4160,-0.1169,0.1330,3.010,good,0.266,6.66,0,0,0,0,12.08,2,0.0,,,
2114,2.4200,-0.1137,-0.1808,3.003,good,0.387,7.91,0,0,0,0,11.18,3,0.0,,,
2115,2.4200,-0.1273,-0.0233,2.509,good,0.054,7.41,0,0,0,0,26.60,2,0.0,,,
2116,2.4200,-0.1204,0.1653,3.450,good,0.004,4.34,0,0,0,0,-0.10,2,0.0,,,
2117,2.4200,-0.1095,-0.1001,2.991,good,0.026,3.99,0,0,0,0,10.03,3,0.0,,,
2122,2.4200,-0.1165,0.0150,3.145,good,0.003,7.04,0,0,0,0,8.84,2,0.0,,,
2128,2.4200,-0.1173,-0.0197,3.000,good,0.062,7.47,0,0,0,0,12.45,1,0.0,,,
2129,2.4200,-0.1066,0.1615,3.000,good,0.006,4.20,0,0,0,0,8.87,1,0.0,,,
2119,2.4240,-0.1117,-0.0037,2.919,faded,0.998,6.19,1,1,1,0,12.54,3,3.2,31,2137,2137
2120,2.4240,-0.1105,0.1095,2.994,faded,0.858,4.52,1,1,1,0,10.32,3,3.2,46|45,2115,2115
2121,2.4240,-0.1081,-0.2164,3.015,good,0.000,5.59,0,0,0,0,9.02,3,0.0,,,
2127,2.4240,-0.1160,-0.0940,3.017,faded,0.716,7.87,1,1,1,0,11.59,2,2.4,19|20,2140,2140
2123,2.4280,-0.1122,0.1586,3.029,good,0.001,6.51,0,0,0,0,10.04,3,0.0,,,
2124,2.4280,-0.1113,0.1418,3.124,good,0.006,5.40,0,0,0,0,7.66,3,0.0,,,
2125,2.4280,-0.1085,-0.1029,3.013,good,0.268,7.70,0,0,0,0,9.20,3,0.0,,,
2126,2.4280,-0.1110,-0.0362,2.455,good,0.028,4.22,0,0,0,0,25.94,3,0.0,,,
2130,2.4320,-0.1115,0.1277,2.998,good,0.000,4.50,0,0,0,0,10.53,3,0.0,,,
2132,2.4320,-0.1190,0.1565,3.055,good,0.000,3.09,0,0,0,0,11.68,2,0.0,,,
2133,2.4320,-0.1189,0.0422,2.920,good,0.050,7.57,0,0,0,0,14.97,2,0.0,,,
2134,2.4320,-0.1153,0.1781,3.450,good,0.001,4.60,0,0,0,0,2.42,2,0.0,,,
2131,2.4360,-0.1130,-0.1593,3.000,good,0.001,5.27,0,0,0,0,11.01,3,0.0,,,
2135,2.4400,-0.1159,0.0734,2.862,insect,1.000,5.96,1,1,1,0,15.42,3,3.1,41,2181,
2136,2.4400,-0.1079,-0.0798,3.215,good,0.006,9.34,0,0,0,0,4.67,3,0.0,,,
2137,2.4400,-0.1111,-0.2100,3.005,faded,1.000,4.36,1,1,1,0,10.25,3,3.2,5|4,2123,2123
2143,2.4400,-0.1163,0.1099,3.035,good,0.000,5.93,0,0,0,0,11.27,2,0.0,,,
2144,2.4400,-0.1147,0.2368,3.450,good,0.003,3.55,0,0,0,0,2.24,2,0.0,,,
2145,2.4400,-0.1145,-0.0827,3.000,faded,0.625,6.45,1,1,1,0,11.50,1,3.2,21,2127,
2146,2.4400,-0.1006,-0.0767,3.000,good,0.027,7.04,0,0,0,0,6.85,1,0.0,,,
2138,2.4440,-0.1167,-0.2195,2.831,good,0.026,4.13,0,0,0,0,16.54,3,0.0,,,
2139,2.4440,-0.1161,-0.0778,2.515,faded,0.988,9.28,1,1,1,0,25.96,3,3.2,22|21,2098,
2140,2.4440,-0.1077,0.0356,3.401,good,0.001,5.60,0,0,0,0,1.07,3,0.0,,,
2141,2.4440,-0.1102,0.0905,3.003,good,0.007,7.86,0,0,0,0,10.00,3,0.0,,,
2142,2.4440,-0.1107,0.0831,3.002,good,0.002,4.44,0,0,0,0,10.18,3,0.0,,,
2147,2.4520,-0.1157,0.1148,3.002,good,0.209,7.24,0,0,0,0,11.86,3,0.0,,,
2148,2.4520,-0.1140,0.0901,3.002,shell,0.980,8.69,1,1,1,0,11.30,3,2.4,43,2141,2141
2149,2.4520,-0.1109,-0.1538,2.932,good,0.000,3.42,0,0,0,0,11.95,3,0.0,,,
2150,2.4520,-0.1331,-0.1816,3.000,good,0.010,7.02,0,0,0,0,9.70,1,0.0,,,
2151,2.4520,-0.1083,-0.0244,2.999,shell,0.989,8.75,1,1,1,0,9.45,3,2.4,28|29,2161,2161
2156,2.4520,-0.1153,-0.0377,2.981,good,0.008,5.17,0,0,0,0,12.23,2,0.0,,,
2157,2.4520,-0.1175,0.0732,2.958,good,0.001,6.27,0,0,0,0,13.53,2,0.0,,,
2158,2.4520,-0.1209,-0.1856,3.000,good,0.011,7.09,0,0,0,0,9.63,1,0.0,,,
2166,2.4520,-0.1087,-0.1895,3.000,good,0.014,6.97,0,0,0,0,9.56,1,0.0,,,
2152,2.4560,-0.1160,0.0837,3.017,good,0.004,7.09,0,0,0,0,11.60,3,0.0,,,
2153,2.4560,-0.1148,0.1515,2.996,faded,1.000,7.25,1,1,1,0,11.68,3,3.2,51,2169,2169
2154,2.4560,-0.1100,-0.1208,3.004,faded,0.994,7.76,1,1,1,0,9.90,3,3.2,16,2148,
2155,2.4560,-0.1083,-0.1531,2.895,good,0.136,7.50,0,0,0,0,11.95,3,0.0,,,
2163,2.4560,-0.1196,0.1809,3.124,good,0.048,4.72,0,0,0,0,10.27,2,0.0,,,
2164,2.4560,-0.1195,0.1443,3.004,good,0.004,6.25,0,0,0,0,13.06,2,0.0,,,
2165,2.4560,-0.1169,0.2409,2.963,good,0.000,3.66,0,0,0,0,13.20,2,0.0,,,
2159,2.4600,-0.1147,0.0363,2.994,faded,0.990,7.37,1,1,1,0,11.71,3,3.2,36,2157,2157
2160,2.4600,-0.1159,0.1269,2.945,good,0.001,4.62,0,0,0,0,13.29,3,0.0,,,
2161,2.4600,-0.1157,-0.1080,2.998,good,0.007,3.98,0,0,0,0,11.96,3,0.0,,,
2162,2.4600,-0.1113,-0.1879,2.988,good,0.017,4.06,0,0,0,0,10.72,3,0.0,,,
2170,2.4600,-0.1174,0.0600,2.990,good,0.000,5.16,0,0,0,0,12.72,2,0.0,,,
2171,2.4600,-0.1178,0.0044,2.827,good,0.111,7.95,0,0,0,0,17.04,2,0.0,,,
2167,2.4640,-0.1175,-0.0810,2.535,good,0.001,3.35,0,0,0,0,25.79,3,0.0,,,
2168,2.4640,-0.1373,0.2038,3.000,good,0.050,3.59,0,0,0,0,11.10,1,0.0,,,
2169,2.4640,-0.1087,0.0807,3.176,faded,1.000,6.68,1,1,1,0,5.71,3,3.2,42,2154,
2174,2.4640,-0.1180,0.0557,3.005,good,0.366,7.73,0,0,0,0,12.55,2,0.0,,,
2175,2.4640,-0.1182,-0.0048,2.918,good,0.092,7.14,0,0,0,0,14.77,2,0.0,,,
2181,2.4640,-0.1065,0.0081,3.000,good,0.203,8.05,0,0,0,0,8.83,1,0.0,,,
2172,2.4680,-0.1136,-0.0615,3.007,shell,0.998,8.31,1,1,1,0,11.05,3,2.4,24|23,2176,2176
2173,2.4680,-0.1331,0.2036,3.000,broken,0.533,3.74,1,1,1,0,9.69,1,2.4,58|57,,
2178,2.4680,-0.1152,-0.0251,3.450,good,0.164,6.49,0,0,0,0,2.37,2,0.0,,,
2179,2.4680,-0.1164,-0.1561,2.995,good,0.000,3.38,0,0,0,0,12.26,2,0.0,,,
2180,2.4680,-0.1288,0.2035,3.000,good,0.493,3.62,0,0,0,0,12.28,1,0.0,,,
2176,2.4720,-0.1131,-0.1469,2.981,good,0.007,2.25,0,0,0,0,11.51,3,0.0,,,
2177,2.4720,-0.1091,-0.2019,3.191,good,0.085,7.59,0,0,0,0,5.52,3,0.0,,,
2184,2.4720,-0.1166,0.1523,2.995,good,0.368,5.90,0,0,0,0,12.33,2,0.0,,,
2185,2.4720,-0.1246,0.2034,3.000,broken,0.610,3.52,1,1,1,0,10.88,1,2.4,58|57,1950,
2182,2.4760,-0.1145,0.0082,3.043,faded,0.752,7.16,1,1,1,0,10.47,3,3.2,33|32,2163,2163
2183,2.4760,-0.1147,-0.0460,3.019,good,0.046,8.09,0,0,0,0,11.11,3,0.0,,,
2189,2.4760,-0.1199,0.1113,3.177,good,0.001,6.22,0,0,0,0,9.23,2,0.0,,,
2190,2.4760,-0.1188,0.2008,3.364,good,0.001,5.19,0,0,0,0,5.05,2,0.0,,,
2191,2.4760,-0.1204,0.2032,3.000,good,0.417,3.60,0,0,0,0,9.47,1,0.0,,,
2186,2.4800,-0.1145,-0.1157,3.008,good,0.030,6.31,0,0,0,0,11.29,3,0.0,,,
2187,2.4800,-0.1123,0.0466,2.993,insect,1.000,7.97,1,1,1,0,10.92,3,3.1,37|38,2188,2188
2188,2.4800,-0.1106,0.1838,2.985,black,1.000,49.45,1,1,1,0,10.57,3,3.2,55,2186,2186
2193,2.4800,-0.1198,-0.1655,3.211,faded,1.000,6.34,1,1,1,0,8.44,2,3.2,10|11,2215,2215
2192,2.4840,-0.1148,-0.0265,2.946,husk,0.687,6.73,1,1,1,0,12.89,3,2.4,28,2182|2199,2199
2198,2.4840,-0.1171,-0.2158,3.084,good,0.007,4.28,0,0,0,0,10.38,2,0.0,,,
2203,2.4840,-0.1077,0.2028,3.000,good,0.022,3.58,0,0,0,0,9.25,1,0.0,,,
2194,2.4880,-0.1158,0.1577,3.000,faded,0.943,6.93,1,1,1,0,11.92,3,2.4,52|51,2180,
2195,2.4880,-0.1109,-0.2275,3.013,sour,1.000,26.06,1,1,1,0,10.00,3,3.2,2|3,2178,2178
2196,2.4880,-0.1094,-0.1599,2.997,good,0.259,8.38,0,0,0,0,9.86,3,0.0,,,
2197,2.4880,-0.1093,-0.0017,3.216,faded,0.996,7.20,1,1,1,0,5.10,3,3.2,31,2198,
2202,2.4880,-0.1174,0.2081,2.894,shell,0.501,7.68,1,1,1,0,15.13,2,2.4,58,2183,
2207,2.4880,-0.1158,-0.0945,3.000,good,0.111,6.41,0,0,0,0,11.94,1,0.0,,,
2208,2.4880,-0.1038,-0.0322,3.000,good,0.026,5.04,0,0,0,0,7.95,1,0.0,,,
2209,2.4880,-0.1035,0.2026,3.000,good,0.015,3.88,0,0,0,0,7.84,1,0.0,,,
2199,2.4920,-0.1109,-0.0959,2.539,shell,0.978,8.71,1,1,1,0,23.06,3,2.4,19,2197,
2200,2.4920,-0.1094,0.1672,2.970,good,0.000,2.84,0,0,0,0,10.51,3,0.0,,,
2201,2.4920,-0.1083,0.1273,3.061,good,0.001,5.19,0,0,0,0,8.05,3,0.0,,,
2206,2.4920,-0.1199,0.1736,3.001,good,0.002,5.89,0,0,0,0,13.30,2,0.0,,,
2211,2.4920,-0.0993,0.2025,3.000,good,0.008,3.76,0,0,0,0,6.42,1,0.0,,,
2204,2.4960,-0.1199,0.2248,2.412,good,0.110,19.43,1,1,1,0,31.16,3,9.0,60|61|59,2171,
2205,2.4960,-0.1089,-0.1961,3.000,good,0.023,6.86,0,0,0,0,9.65,3,0.0,,,
2210,2.5000,-0.1124,0.0935,2.994,good,0.004,7.05,0,0,0,0,10.95,3,0.0,,,
2221,2.5000,-0.1078,0.2217,3.000,broken,0.980,5.56,1,1,1,0,9.27,1,2.4,60,2171,
2212,2.5040,-0.1146,-0.0287,3.001,good,0.001,5.42,0,0,0,0,11.51,3,0.0,,,
2213,2.5040,-0.1088,-0.1435,2.850,faded,0.550,6.45,1,1,1,0,13.25,3,3.2,13,2194,
2214,2.5040,-0.1081,0.1021,2.973,good,0.074,6.97,0,0,0,0,10.00,3,0.0,,,
2220,2.5040,-0.1169,-0.0860,3.262,good,0.074,5.74,0,0,0,0,6.48,2,0.0,,,
2215,2.5080,-0.1132,-0.0780,2.998,faded,0.715,9.18,1,1,1,0,11.11,3,2.4,22|21,2190,2190
2216,2.5080,-0.1097,0.0868,3.208,husk,0.630,7.07,1,1,1,0,5.36,3,2.4,43|42,2192,2192
2217,2.5080,-0.1361,-0.0385,3.000,good,0.151,5.12,0,0,0,0,10.72,1,0.0,,,
2218,2.5080,-0.1094,-0.1751,2.996,faded,1.000,7.64,1,1,1,0,9.88,3,3.2,9,2204,
2219,2.5080,-0.1093,-0.1047,3.022,good,0.009,6.72,0,0,0,0,9.27,3,0.0,,,
2223,2.5080,-0.1208,-0.0414,3.000,good,0.124,5.15,0,0,0,0,9.60,1,0.0,,,
2226,2.5080,-0.1054,-0.0443,3.000,good,0.213,5.16,0,0,0,0,8.48,1,0.0,,,
2222,2.5120,-0.1118,0.0275,3.014,husk,0.958,8.10,1,1,1,0,10.28,3,2.4,35,2200|2209,2200|2209
2224,2.5160,-0.1125,0.0681,2.810,good,0.018,7.60,0,0,0,0,15.62,3,0.0,,,
2225,2.5160,-0.1348,-0.1841,3.000,faded,1.000,4.14,1,1,1,0,10.27,1,3.2,8,2257,
2228,2.5160,-0.1297,-0.1307,3.000,faded,0.849,13.48,1,1,1,0,12.55,1,3.2,15,,
2229,2.5160,-0.1264,-0.1869,3.000,faded,1.000,4.14,1,1,1,0,11.45,1,3.2,8|7,,
2234,2.5160,-0.1167,-0.1344,3.000,faded,0.992,14.02,1,1,1,0,12.24,1,3.2,14,2224|2225,2224|2225
2235,2.5160,-0.1192,-0.1252,3.000,faded,0.526,5.94,1,1,1,0,13.06,1,3.2,15|16,2218,2218
2236,2.5160,-0.1179,-0.1897,3.000,faded,1.000,4.10,1,1,1,0,12.65,1,3.2,7,2179,
2227,2.5200,-0.1078,0.1345,3.116,good,0.005,4.92,0,0,0,0,6.70,3,0.0,,,
2230,2.5200,-0.1199,0.2205,3.450,black,0.949,57.57,1,1,1,0,3.74,2,3.2,60,2206,
2232,2.5200,-0.1186,0.1539,2.770,good,0.227,6.21,0,0,0,0,18.92,2,0.0,,,
2233,2.5200,-0.1168,0.0670,3.091,good,0.443,5.88,0,0,0,0,10.15,2,0.0,,,
2242,2.5200,-0.1095,-0.1925,3.000,faded,1.000,4.02,1,1,1,0,9.83,1,3.2,7,2179,
2231,2.5240,-0.1091,-0.0407,3.001,shell,0.747,8.12,1,1,1,0,9.69,3,2.4,26,2223,2223
2240,2.5240,-0.1144,-0.1870,3.397,sour,1.000,24.57,1,1,1,0,3.12,2,3.2,8|7,2257,
2241,2.5240,-0.1151,0.2246,2.845,faded,0.998,4.80,1,1,1,0,15.63,2,3.2,60,2228,
2247,2.5240,-0.1010,-0.1952,3.000,faded,1.000,4.00,1,1,1,0,7.01,1,3.2,7|6,2179,
2237,2.5280,-0.1140,-0.1838,2.991,insect,1.000,6.84,1,1,1,0,11.53,3,3.1,8,2212,
2238,2.5280,-0.1137,0.1007,2.652,good,0.001,5.61,0,0,0,0,20.57,3,0.0,,,
2239,2.5280,-0.1114,-0.0505,2.928,faded,0.992,5.84,1,1,1,0,12.22,3,3.2,25,2211,
2248,2.5280,-0.1008,-0.1912,3.000,sour,1.000,22.51,1,1,1,0,6.93,1,3.2,7,2257,
2243,2.5320,-0.1163,0.0802,2.977,faded,0.619,6.37,1,1,1,0,12.66,3,3.2,42,2233,2233
2244,2.5320,-0.1113,-0.1231,3.007,good,0.007,5.05,0,0,0,0,10.26,3,0.0,,,
2245,2.5320,-0.1099,-0.2326,2.986,good,0.000,4.99,0,0,0,0,10.31,3,0.0,,,
2246,2.5320,-0.1089,0.1231,2.996,good,0.055,8.63,0,0,0,0,9.70,3,0.0,,,
2253,2.5360,-0.1176,-0.0744,3.002,faded,0.996,7.22,1,1,1,0,12.49,2,3.2,22,2252,2252
2254,2.5360,-0.1164,-0.0868,2.936,good,0.017,3.26,0,0,0,0,13.70,2,0.0,,,
2249,2.5400,-0.1161,0.0866,3.001,faded,0.995,4.69,1,1,1,0,12.03,3,3.2,43|42,2236,2236
2250,2.5400,-0.1096,-0.1801,3.450,good,0.000,3.30,0,0,0,0,0.76,3,0.0,,,
2251,2.5400,-0.1081,0.0404,3.450,good,0.000,5.85,0,0,0,0,0.31,3,0.0,,,
2252,2.5400,-0.1117,-0.1543,3.046,good,0.204,6.36,0,0,0,0,9.50,3,0.0,,,
2257,2.5400,-0.1177,0.2151,3.115,good,0.001,4.22,0,0,0,0,9.89,2,0.0,,,
2258,2.5400,-0.1163,-0.0257,3.056,good,0.001,3.82,0,0,0,0,10.76,2,0.0,,,
2263,2.5400,-0.1046,-0.0902,3.000,good,0.032,3.22,0,0,0,0,8.21,1,0.0,,,
2255,2.5440,-0.1112,0.1455,2.994,good,0.031,7.80,0,0,0,0,10.52,3,0.0,,,
2256,2.5440,-0.1098,0.2295,2.930,broken,0.674,15.13,1,1,1,0,11.61,3,2.4,61,2248,
2262,2.5440,-0.1181,0.0375,2.994,good,0.001,8.29,0,0,0,0,12.85,2,0.0,,,
2259,2.5480,-0.1135,-0.1074,3.003,insect,0.999,7.45,1,1,1,0,11.08,3,3.1,18,2237|2242,2237
2260,2.5480,-0.1063,0.1748,3.450,good,0.009,3.52,0,0,0,0,-0.20,3,0.0,,,
2261,2.5480,-0.1121,0.0546,2.878,good,0.001,7.53,0,0,0,0,13.70,3,0.0,,,
2265,2.5480,-0.1164,0.1168,3.022,faded,0.996,5.46,1,1,1,0,11.62,2,3.2,46|47,2262,2262
2264,2.5520,-0.1178,0.1042,2.658,good,0.069,5.61,0,0,0,0,21.95,3,0.0,,,
2267,2.5520,-0.1194,-0.0172,3.009,good,0.263,7.04,0,0,0,0,12.92,2,0.0,,,
2268,2.5520,-0.1188,0.0404,2.805,husk,0.912,7.15,1,1,1,0,18.02,2,2.4,37|36,2238|2249,
2269,2.5520,-0.1165,-0.1570,3.018,good,0.001,5.51,0,0,0,0,11.72,2,0.0,,,
2266,2.5560,-0.1169,0.0919,2.604,faded,0.998,3.36,1,1,1,0,23.32,3,3.2,43,2231,
2273,2.5560,-0.1179,-0.0295,2.972,good,0.002,4.83,0,0,0,0,13.32,2,0.0,,,
2280,2.5560,-0.1104,0.0451,3.000,faded,0.717,5.74,1,1,1,0,10.14,1,3.2,37,2238,
2270,2.5600,-0.1141,0.1082,2.987,shell,0.917,9.02,1,1,1,0,11.66,3,2.4,45|46,2244,2244
2271,2.5600,-0.1128,-0.2083,2.773,faded,0.781,4.46,1,1,1,0,16.74,3,3.2,5,2241,
2272,2.5600,-0.1085,-0.0775,3.000,good,0.375,7.87,0,0,0,0,9.51,3,0.0,,,
2277,2.5600,-0.1186,-0.0341,3.002,faded,0.738,7.88,1,1,1,0,12.82,2,3.1,27,2258,2258
2278,2.5600,-0.1187,0.0577,2.992,good,0.076,7.53,0,0,0,0,13.09,2,0.0,,,
2279,2.5600,-0.1180,0.1282,3.012,faded,0.948,4.15,1,1,1,0,12.38,2,3.2,48,2268,2268
2274,2.5640,-0.1159,0.1550,2.996,faded,0.775,4.94,1,1,1,0,12.06,3,3.2,51|52,2251,2251
2275,2.5640,-0.1098,-0.0464,3.063,good,0.000,4.41,0,0,0,0,8.47,3,0.0,,,
2276,2.5640,-0.1105,0.2191,3.070,good,0.051,5.78,0,0,0,0,8.59,3,0.0,,,
2282,2.5640,-0.1188,-0.0617,3.043,faded,0.846,6.20,1,1,1,0,11.91,2,3.2,24|23,2245,2245
2281,2.5680,-0.1116,0.1354,2.989,faded,0.912,6.48,1,1,1,0,10.80,3,3.2,49,2264,2264
2285,2.5680,-0.1174,0.1996,3.260,good,0.004,4.80,0,0,0,0,6.70,2,0.0,,,
2286,2.5680,-0.1161,0.0130,3.404,good,0.362,6.19,0,0,0,0,3.50,2,0.0,,,
2283,2.5720,-0.1105,0.1072,2.999,good,0.000,6.52,0,0,0,0,10.17,3,0.0,,,
2284,2.5720,-0.1083,-0.2402,3.043,good,0.079,5.63,0,0,0,0,8.45,3,0.0,,,
2289,2.5720,-0.1199,0.0576,2.811,insect,0.989,8.53,1,1,1,0,18.22,2,3.1,39,2272|2285,
2287,2.5760,-0.1123,-0.0187,2.988,faded,0.801,7.79,1,1,1,0,11.06,3,2.7,29,2276,2276
2288,2.5760,-0.1102,0.2208,3.000,good,0.012,5.13,0,0,0,0,10.08,3,0.0,,,
2296,2.5760,-0.1198,-0.0767,2.595,faded,0.943,6.16,1,1,1,0,24.67,2,3.1,22|21,2275,2275
2290,2.5800,-0.1111,0.1133,3.450,good,0.000,5.38,0,0,0,0,1.19,3,0.0,,,
2291,2.5800,-0.1135,-0.0113,2.994,good,0.075,6.56,0,0,0,0,11.30,3,0.0,,,
2292,2.5800,-0.1384,-0.1083,3.000,good,0.077,4.58,0,0,0,0,11.47,1,0.0,,,
2293,2.5800,-0.1124,-0.0610,3.004,shell,0.979,9.55,1,1,1,0,10.70,3,2.4,24|23,2280,2280
2294,2.5800,-0.1122,-0.0522,3.000,good,0.364,8.25,0,0,0,0,10.73,3,0.0,,,
2295,2.5800,-0.1103,0.2036,3.059,good,0.000,3.00,0,0,0,0,8.77,3,0.0,,,
2299,2.5800,-0.1184,-0.1986,2.984,good,0.100,9.80,0,0,0,0,13.20,2,0.0,,,
2301,2.5800,-0.1167,0.2177,3.002,good,0.000,4.55,0,0,0,0,12.20,2,0.0,,,
2302,2.5800,-0.1129,-0.0802,3.450,good,0.010,6.99,0,0,0,0,1.71,2,0.0,,,
2297,2.5840,-0.1145,0.0434,2.952,faded,0.999,7.08,1,1,1,0,12.64,3,3.2,37,2278,
2298,2.5840,-0.1337,-0.0199,3.000,good,0.499,8.09,0,0,0,0,9.91,1,0.0,,,
2300,2.5840,-0.1335,-0.1092,3.000,good,0.330,4.58,0,0,0,0,9.82,1,0.0,,,
2307,2.5840,-0.1285,-0.1101,3.000,good,0.412,4.73,0,0,0,0,12.17,1,0.0,,,
2308,2.5840,-0.1206,-0.0242,3.000,good,0.377,8.14,0,0,0,0,9.52,1,0.0,,,
2311,2.5840,-0.1074,-0.0284,3.000,good,0.265,7.99,0,0,0,0,9.12,1,0.0,,,
2303,2.5880,-0.1132,-0.0781,3.193,good,0.039,5.56,0,0,0,0,6.76,3,0.0,,,
2304,2.5880,-0.1280,0.1885,2.518,good,0.001,1.92,0,0,0,0,26.55,2,0.0,,,
2305,2.5880,-0.1120,-0.1323,3.249,good,0.048,3.43,0,0,0,0,5.24,3,0.0,,,
2306,2.5880,-0.1106,0.0185,3.002,faded,0.641,6.69,1,1,1,0,10.17,3,2.6,34,2288,
2309,2.5880,-0.1181,-0.1173,2.947,good,0.017,5.73,0,0,0,0,14.02,2,0.0,,,
2310,2.5880,-0.1236,-0.1110,3.000,good,0.048,4.65,0,0,0,0,10.52,1,0.0,,,
2315,2.5880,-0.1180,0.1930,3.000,good,0.000,2.14,0,0,0,0,12.65,1,0.0,,,
2314,2.5920,-0.1114,0.2297,3.450,good,0.001,4.00,0,0,0,0,1.28,2,0.0,,,
2320,2.5920,-0.1158,0.2352,3.000,good,0.028,2.52,0,0,0,0,11.93,1,0.0,,,
2321,2.5920,-0.1137,-0.1128,3.000,good,0.023,4.58,0,0,0,0,11.22,1,0.0,,,
2312,2.5960,-0.1141,-0.2198,2.715,good,0.345,6.20,0,0,0,0,18.83,3,0.0,,,
2313,2.5960,-0.1090,-0.0207,2.998,good,0.088,6.74,0,0,0,0,9.71,3,0.0,,,
2319,2.5960,-0.1199,-0.1774,2.606,good,0.004,3.32,0,0,0,0,24.38,2,0.0,,,
2327,2.5960,-0.1087,-0.1136,3.000,good,0.076,4.51,0,0,0,0,9.57,1,0.0,,,
2328,2.5960,-0.1032,0.2388,3.000,good,0.055,2.44,0,0,0,0,7.75,1,0.0,,,
2316,2.6000,-0.1145,0.0254,2.987,faded,1.000,4.66,1,1,1,0,11.82,3,3.2,35,2297,2297
2317,2.6000,-0.1149,0.1431,3.067,good,0.297,15.41,0,0,0,0,10.07,3,0.0,,,
2318,2.6000,-0.1117,-0.1064,2.850,faded,0.958,7.99,1,1,1,0,14.30,3,3.2,18,2306,
2324,2.6000,-0.1171,0.1075,3.004,good,0.001,4.27,0,0,0,0,12.25,2,0.0,,,
2325,2.6000,-0.1168,0.2080,3.036,good,0.010,2.22,0,0,0,0,11.42,2,0.0,,,
2326,2.6000,-0.1157,0.1421,2.959,insect,0.892,15.33,1,1,1,0,12.88,2,3.0,50|49,2320,2320
2329,2.6000,-0.1037,-0.1146,3.000,good,0.150,4.66,0,0,0,0,7.92,1,0.0,,,
2322,2.6040,-0.1125,0.0086,2.951,good,0.164,6.69,0,0,0,0,11.99,3,0.0,,,
2323,2.6040,-0.1110,0.1354,3.050,faded,0.782,4.45,1,1,1,0,9.16,3,3.2,49,2298,
2333,2.6040,-0.0988,-0.1155,3.000,good,0.038,4.54,0,0,0,0,6.27,1,0.0,,,
2331,2.6080,-0.1197,-0.0503,2.939,good,0.002,7.04,0,0,0,0,14.74,2,0.0,,,
2332,2.6080,-0.1173,-0.0650,3.002,faded,0.989,7.16,1,1,1,0,12.36,2,3.2,23,2304,
2330,2.6120,-0.1131,0.2084,3.019,good,0.000,3.62,0,0,0,0,10.60,3,0.0,,,
2336,2.6120,-0.1198,-0.1351,3.020,good,0.007,6.34,0,0,0,0,12.79,2,0.0,,,
2337,2.6120,-0.1190,-0.0541,2.935,good,0.002,6.20,0,0,0,0,14.63,2,0.0,,,
2338,2.6120,-0.1174,-0.1197,2.961,good,0.000,4.59,0,0,0,0,13.40,2,0.0,,,
2334,2.6160,-0.1161,-0.1697,2.969,good,0.016,6.48,0,0,0,0,12.78,3,0.0,,,
2335,2.6160,-0.1300,-0.0053,2.506,faded,0.906,4.79,1,1,1,0,27.76,2,3.2,31,2325,
2341,2.6160,-0.1168,0.0657,3.028,faded,0.993,5.40,1,1,1,0,11.60,2,3.2,40,2334,2334
2346,2.6160,-0.1200,-0.0083,3.000,faded,0.780,4.75,1,1,1,0,13.32,1,3.2,30|31,2308,
2339,2.6200,-0.1064,0.1186,3.445,sour,1.000,9.65,1,1,1,0,-0.07,3,3.2,47|46,2336,2336
2340,2.6200,-0.1087,0.0937,3.168,stick,1.000,30.60,1,1,1,0,5.86,3,2.4,43|44,2344,2344
2343,2.6200,-0.1188,-0.1730,2.863,good,0.050,12.14,0,0,0,0,16.45,2,0.0,,,
2344,2.6200,-0.1185,-0.0080,2.997,shell,1.000,9.21,1,1,1,0,12.92,2,2.4,30|31,2325,2325
2345,2.6200,-0.1179,0.1647,3.000,good,0.002,3.11,0,0,0,0,12.63,2,0.0,,,
2342,2.6240,-0.1129,0.1347,3.045,shell,0.635,7.67,1,1,1,0,9.90,3,2.4,49,2314,2314
2350,2.6240,-0.1119,-0.1653,3.000,good,0.028,6.65,0,0,0,0,10.64,1,0.0,,,
2351,2.6240,-0.1056,-0.1700,3.000,good,0.016,6.65,0,0,0,0,8.53,1,0.0,,,
2352,2.6240,-0.1044,-0.1792,3.000,good,0.209,3.05,0,0,0,0,8.15,1,0.0,,,
2349,2.6280,-0.1164,0.2246,3.006,good,0.004,5.78,0,0,0,0,12.01,2,0.0,,,
2347,2.6320,-0.1100,0.0480,3.003,faded,0.774,7.46,1,1,1,0,9.92,3,3.2,38|37,2319,2319
2348,2.6320,-0.1084,-0.2209,2.990,good,0.112,4.65,0,0,0,0,9.72,3,0.0,,,
2354,2.6320,-0.1191,0.2052,3.450,good,0.001,4.60,0,0,0,0,3.52,2,0.0,,,
2356,2.6320,-0.1177,0.0731,3.000,faded,0.942,6.10,1,1,1,0,12.58,2,3.2,41,2321,2321
2353,2.6360,-0.1099,-0.1735,2.995,good,0.000,4.85,0,0,0,0,10.07,3,0.0,,,
2355,2.6360,-0.1083,-0.1184,2.978,good,0.007,6.43,0,0,0,0,9.94,3,0.0,,,
2357,2.6360,-0.1174,0.1496,2.995,good,0.016,6.15,0,0,0,0,12.61,2,0.0,,,
2361,2.6400,-0.1176,-0.1350,3.001,good,0.002,5.85,0,0,0,0,12.52,2,0.0,,,
2358,2.6440,-0.1154,0.1283,3.000,good,0.121,6.87,0,0,0,0,11.79,3,0.0,,,
2360,2.6440,-0.1081,-0.1277,3.450,faded,0.869,3.41,1,1,1,0,0.31,3,3.2,15,2338,
2359,2.6480,-0.1120,0.0488,2.033,sour,0.999,45.11,1,1,1,0,44.29,4,3.2,38,2300,
2362,2.6480,-0.1162,0.1256,2.996,good,0.330,5.68,0,0,0,0,12.17,3,0.0,,,
2363,2.6480,-0.1109,0.2076,2.950,good,0.001,4.55,0,0,0,0,11.51,3,0.0,,,
2364,2.6480,-0.1111,-0.0605,3.003,good,0.030,6.79,0,0,0,0,10.30,3,0.0,,,
2367,2.6480,-0.1196,0.1974,3.010,good,0.001,6.44,0,0,0,0,12.96,2,0.0,,,
2368,2.6480,-0.1307,0.0789,3.000,good,0.002,6.10,0,0,0,0,12.89,1,0.0,,,
2369,2.6480,-0.1172,0.1752,3.021,good,0.141,4.35,0,0,0,0,11.90,2,0.0,,,
2370,2.6480,-0.1159,-0.1918,3.009,good,0.001,2.55,0,0,0,0,11.75,2,0.0,,,
2365,2.6520,-0.1127,0.0803,3.278,husk,0.862,9.48,1,1,1,0,4.91,3,2.4,42,2332|2362,
2366,2.6520,-0.1097,0.1574,3.007,good,0.000,3.57,0,0,0,0,9.75,3,0.0,,,
2371,2.6560,-0.1095,0.0730,2.999,good,0.480,7.48,0,0,0,0,9.87,3,0.0,,,
2373,2.6560,-0.1193,0.1886,2.961,good,0.000,3.50,0,0,0,0,14.04,2,0.0,,,
2374,2.6560,-0.1169,-0.0893,3.398,good,0.023,5.85,0,0,0,0,3.84,2,0.0,,,
2372,2.6600,-0.1226,0.1485,2.996,broken,0.852,6.98,1,1,1,0,10.31,2,2.4,51|50,,
2384,2.6600,-0.1107,0.1449,3.000,broken,0.769,6.25,1,1,1,0,10.22,1,2.4,50,2368,
2375,2.6640,-0.1145,-0.1281,3.019,faded,0.997,6.80,1,1,1,0,11.04,3,3.2,15,2335,2335
2376,2.6640,-0.1134,-0.1852,3.117,faded,1.000,6.83,1,1,1,0,8.46,3,3.2,8,2352,
2377,2.6640,-0.1161,-0.0439,2.638,good,0.000,5.30,0,0,0,0,21.92,3,0.0,,,
2378,2.6640,-0.1141,-0.1165,2.775,good,0.001,3.64,0,0,0,0,17.16,3,0.0,,,
2379,2.6640,-0.1093,-0.0303,2.999,shell,0.999,10.77,1,1,1,0,9.80,3,2.4,28|27,2374,2374
2382,2.6640,-0.1197,0.0799,2.992,good,0.379,7.68,0,0,0,0,13.43,2,0.0,,,
2383,2.6640,-0.1170,0.0031,3.048,good,0.001,5.35,0,0,0,0,11.21,2,0.0,,,
2380,2.6680,-0.1133,0.2019,3.102,faded,0.667,4.71,1,1,1,0,8.76,3,3.2,57|58,2366,2366
2381,2.6680,-0.1084,-0.1616,3.148,good,0.001,5.26,0,0,0,0,6.21,3,0.0,,,
2390,2.6680,-0.1167,-0.0369,3.000,insect,1.000,6.62,1,1,1,0,12.23,2,3.1,27,2354,2354
2391,2.6680,-0.1100,-0.1681,2.803,good,0.001,2.66,0,0,0,0,14.93,2,0.0,,,
2385,2.6720,-0.1143,-0.0694,2.982,black,1.000,41.06,1,1,1,0,11.88,3,3.2,23|22,2359,2359
2386,2.6720,-0.1092,-0.1007,3.319,good,0.000,6.69,0,0,0,0,3.02,3,0.0,,,
2387,2.6720,-0.1129,-0.0364,3.000,faded,0.753,9.73,1,1,1,0,10.96,3,3.0,27,2380,2380
2388,2.6720,-0.1090,-0.0111,3.001,sour,1.000,27.10,1,1,1,0,9.66,3,3.2,30,2364,
2389,2.6720,-0.1090,0.1489,3.111,good,0.000,5.80,0,0,0,0,7.19,3,0.0,,,
2392,2.6760,-0.1129,-0.2017,3.010,faded,0.791,5.15,1,1,1,0,10.74,3,3.2,6|5,2384,2384
2393,2.6760,-0.1094,-0.0220,2.787,good,0.045,7.83,0,0,0,0,15.12,3,0.0,,,
2398,2.6760,-0.1170,-0.2178,2.986,faded,0.845,4.45,1,1,1,0,12.68,2,3.2,4|3,2360,2360
2394,2.6800,-0.1142,-0.1208,3.044,good,0.118,7.54,0,0,0,0,10.35,3,0.0,,,
2395,2.6800,-0.1138,-0.0332,3.020,faded,1.000,9.31,1,1,1,0,10.81,3,3.1,27,2382,2382
2396,2.6800,-0.1242,-0.2158,3.006,good,0.001,5.41,0,0,0,0,10.60,2,0.0,,,
2397,2.6800,-0.1106,0.2331,2.996,good,0.120,3.14,0,0,0,0,10.28,3,0.0,,,
2403,2.6800,-0.1174,-0.0700,3.163,good,0.000,5.64,0,0,0,0,8.73,2,0.0,,,
2404,2.6800,-0.1151,0.0293,3.004,sour,1.000,22.09,1,1,1,0,11.59,2,3.2,35,2367,
2399,2.6840,-0.1173,0.2208,2.750,good,0.000,4.56,0,0,0,0,19.01,3,0.0,,,
2400,2.6840,-0.1138,0.1366,2.986,good,0.000,4.60,0,0,0,0,11.58,3,0.0,,,
2401,2.6840,-0.1250,-0.0988,2.713,good,0.001,5.11,0,0,0,0,18.90,2,0.0,,,
2402,2.6840,-0.1085,-0.1471,3.030,good,0.000,4.18,0,0,0,0,8.81,3,0.0,,,
2406,2.6840,-0.1189,0.0561,2.987,faded,0.925,7.77,1,1,1,0,13.28,2,3.2,39|38,2373,2373
2407,2.6840,-0.1161,-0.1884,3.004,good,0.001,6.55,0,0,0,0,11.93,2,0.0,,,
2408,2.6840,-0.1167,0.1831,3.021,faded,0.925,3.74,1,1,1,0,11.73,2,3.2,55,2376,2376
2411,2.6840,-0.1141,-0.1021,3.000,good,0.001,4.98,0,0,0,0,11.37,1,0.0,,,
2405,2.6880,-0.1082,-0.1767,3.070,good,0.000,6.20,0,0,0,0,7.83,3,0.0,,,
2410,2.6880,-0.1176,-0.0519,3.006,shell,1.000,10.85,1,1,1,0,12.38,2,2.4,25,2393,2393
2409,2.6920,-0.1099,-0.0354,2.948,good,0.001,5.86,0,0,0,0,11.20,3,0.0,,,
2415,2.6920,-0.1177,0.2030,2.983,good,0.093,4.92,0,0,0,0,12.97,2,0.0,,,
2416,2.6920,-0.1133,-0.2014,3.450,husk,1.000,22.01,1,1,1,0,1.82,2,2.4,6,2441,
2412,2.6960,-0.1131,-0.1335,3.222,good,0.157,7.16,0,0,0,0,6.15,3,0.0,,,
2413,2.6960,-0.1153,0.1188,3.001,good,0.211,4.79,0,0,0,0,11.74,3,0.0,,,
2414,2.6960,-0.1170,-0.1649,2.094,good,0.001,3.52,0,0,0,0,43.67,3,0.0,,,
2418,2.6960,-0.1188,0.1915,2.980,good,0.000,2.56,0,0,0,0,13.41,2,0.0,,,
2426,2.6960,-0.1032,0.2115,3.000,good,0.035,3.67,0,0,0,0,7.73,1,0.0,,,
2417,2.7000,-0.1130,0.0047,2.993,good,0.042,7.47,0,0,0,0,11.17,3,0.0,,,
2422,2.7000,-0.1178,-0.0034,3.175,good,0.081,11.58,0,0,0,0,8.60,2,0.0,,,
2423,2.7000,-0.1152,0.1998,2.855,good,0.000,7.87,0,0,0,0,15.38,2,0.0,,,
2424,2.7000,-0.1166,-0.1905,3.079,good,0.000,2.37,0,0,0,0,10.35,2,0.0,,,
2425,2.7000,-0.1169,0.1613,3.005,good,0.001,6.22,0,0,0,0,12.18,2,0.0,,,
2419,2.7040,-0.1111,0.2003,3.427,good,0.205,7.09,0,0,0,0,1.60,3,0.0,,,
2420,2.7040,-0.1141,-0.0160,3.001,shell,0.971,8.10,1,1,1,0,11.35,3,2.4,29|30,2411,
2421,2.7040,-0.1113,-0.2086,3.270,good,0.000,3.72,0,0,0,0,4.62,3,0.0,,,
2427,2.7080,-0.1172,-0.1119,2.844,good,0.002,5.27,0,0,0,0,16.37,3,0.0,,,
2428,2.7080,-0.1106,0.1191,3.136,faded,0.652,5.18,1,1,1,0,7.16,3,3.2,47,2401,2401
2429,2.7080,-0.1120,-0.0035,2.741,shell,0.979,9.74,1,1,1,0,17.35,3,2.4,31,2408,
2430,2.7120,-0.1107,-0.1523,2.987,faded,0.802,9.61,1,1,1,0,10.55,3,2.6,12,2420,2420
2431,2.7120,-0.1110,0.1971,2.972,good,0.012,4.21,0,0,0,0,11.00,3,0.0,,,
2432,2.7120,-0.1109,0.0063,2.620,good,0.005,7.23,0,0,0,0,20.50,3,0.0,,,
2437,2.7120,-0.1165,0.0438,3.001,good,0.016,5.73,0,0,0,0,12.14,2,0.0,,,
2433,2.7160,-0.1143,0.1934,3.005,faded,0.997,4.09,1,1,1,0,11.32,3,3.2,56,2370,2370
2434,2.7160,-0.1104,-0.0578,3.035,good,0.014,7.34,0,0,0,0,9.33,3,0.0,,,
2435,2.7160,-0.1141,0.0331,2.732,good,0.004,6.59,0,0,0,0,18.38,3,0.0,,,
2436,2.7160,-0.1100,-0.1625,2.936,good,0.000,3.12,0,0,0,0,11.54,3,0.0,,,
2441,2.7160,-0.1191,0.2190,2.982,faded,0.948,5.30,1,1,1,0,13.48,2,3.1,60|59,2415,2415
2442,2.7160,-0.1297,0.0392,3.000,good,0.005,6.49,0,0,0,0,12.56,1,0.0,,,
2438,2.7200,-0.1156,-0.0658,3.000,good,0.230,7.75,0,0,0,0,11.85,3,0.0,,,
2439,2.7200,-0.1103,0.1912,2.975,faded,0.599,5.76,1,1,1,0,10.70,3,3.2,56,2406,2406
2440,2.7200,-0.1086,-0.2368,3.016,good,0.002,2.29,0,0,0,0,9.15,3,0.0,,,
2443,2.7240,-0.1147,0.1210,3.133,sour,1.000,13.90,1,1,1,0,8.54,3,3.2,47,2430,2430
2444,2.7240,-0.1135,0.0758,3.008,good,0.045,8.62,0,0,0,0,10.97,3,0.0,,,
2445,2.7240,-0.1082,0.0027,2.937,good,0.008,7.20,0,0,0,0,10.90,3,0.0,,,
2449,2.7240,-0.1171,-0.1414,2.968,faded,0.899,8.78,1,1,1,0,13.16,2,2.4,13|14,2423|2438,2423|2438
2446,2.7280,-0.1121,-0.1961,3.005,sour,1.000,15.29,1,1,1,0,10.59,3,3.2,6|7,2410,2410
2447,2.7280,-0.1129,-0.1071,2.762,good,0.231,3.76,0,0,0,0,17.06,3,0.0,,,
2448,2.7280,-0.1079,-0.2292,3.112,broken,0.990,21.72,1,1,1,0,6.79,3,2.4,2,2457,
2450,2.7320,-0.1139,0.2320,2.851,good,0.002,3.65,0,0,0,0,15.01,3,0.0,,,
2451,2.7320,-0.1117,0.1446,3.000,faded,0.506,6.75,1,1,1,0,10.54,3,3.2,50,2429,
2452,2.7360,-0.1115,-0.1653,2.992,good,0.000,5.33,0,0,0,0,10.66,3,0.0,,,
2453,2.7360,-0.1109,0.1266,2.655,good,0.002,6.01,0,0,0,0,19.44,3,0.0,,,
2454,2.7400,-0.1158,-0.1911,3.000,shell,0.997,9.44,1,1,1,0,11.95,3,2.4,7,2449,
2455,2.7400,-0.1154,0.0251,2.891,good,0.000,6.36,0,0,0,0,14.51,3,0.0,,,
2456,2.7400,-0.1135,-0.2218,2.991,faded,0.999,7.12,1,1,1,0,11.39,3,3.2,3,2435,2435
2457,2.7400,-0.1109,0.1811,3.120,good,0.002,2.90,0,0,0,0,7.60,3,0.0,,,
2460,2.7400,-0.1193,-0.0688,3.028,faded,0.809,7.53,1,1,1,0,12.43,2,3.2,23|22,2453,2453
2461,2.7400,-0.1166,0.1925,2.798,faded,0.846,6.52,1,1,1,0,17.41,2,3.2,56,2428|2440,2428
2458,2.7440,-0.1115,0.2279,2.976,good,0.000,3.56,0,0,0,0,11.08,3,0.0,,,
2459,2.7440,-0.1101,0.0119,2.990,shell,0.988,8.98,1,1,1,0,10.27,3,2.4,33,2439,
2465,2.7440,-0.1161,-0.1802,3.450,faded,0.998,8.82,1,1,1,0,2.65,2,3.2,8|9,2468,2468
2462,2.7480,-0.1102,-0.0315,2.980,faded,0.988,6.73,1,1,1,0,10.52,3,3.2,27|28,2454,
2463,2.7480,-0.1209,-0.0202,3.289,husk,0.849,18.20,1,1,1,0,3.16,2,2.4,29,,
2464,2.7480,-0.1098,-0.1647,2.965,black,1.000,61.49,1,1,1,0,10.75,3,3.2,10|11,2455,2455
2466,2.7520,-0.1194,0.2059,2.509,faded,1.000,5.92,1,1,1,0,27.42,3,3.2,58,2427,
2467,2.7520,-0.1085,0.2187,3.009,good,0.000,2.44,0,0,0,0,9.29,3,0.0,,,
2468,2.7520,-0.1137,-0.0106,2.650,husk,1.000,13.34,1,1,1,0,20.63,3,2.4,30,2431,2431
2471,2.7520,-0.1164,0.2238,3.017,good,0.049,5.70,0,0,0,0,11.75,2,0.0,,,
2472,2.7520,-0.1165,0.0226,3.016,good,0.001,4.39,0,0,0,0,11.78,2,0.0,,,
2469,2.7560,-0.1135,0.0335,3.019,good,0.048,7.43,0,0,0,0,10.72,3,0.0,,,
2470,2.7560,-0.1086,-0.2144,2.991,black,1.000,47.10,1,1,1,0,9.74,3,3.2,4,2442,
2473,2.7600,-0.1102,0.0166,2.986,faded,0.798,5.96,1,1,1,0,10.38,3,3.2,34|33,2448,2448
2479,2.7600,-0.0993,0.2023,3.000,faded,1.000,5.92,1,1,1,0,6.43,1,3.2,57|58,2427,
2474,2.7640,-0.1084,0.1609,2.998,good,0.000,2.60,0,0,0,0,9.51,3,0.0,,,
2475,2.7640,-0.1091,0.1820,3.123,faded,0.996,6.00,1,1,1,0,6.96,3,3.2,55,2451,2451
2477,2.7640,-0.1319,0.1958,3.000,good,0.004,3.17,0,0,0,0,13.30,1,0.0,,,
2478,2.7640,-0.1183,-0.2090,2.855,good,0.041,4.44,0,0,0,0,16.45,2,0.0,,,
2486,2.7640,-0.1188,0.1998,3.000,good,0.001,3.26,0,0,0,0,12.95,1,0.0,,,
2476,2.7680,-0.1079,0.1415,3.277,good,0.002,4.65,0,0,0,0,3.44,3,0.0,,,
2483,2.7680,-0.1199,-0.2073,2.987,good,0.064,4.64,0,0,0,0,13.63,2,0.0,,,
2484,2.7680,-0.1198,0.1909,3.303,insect,1.000,9.36,1,1,1,0,6.54,2,3.1,56,2496,2496
2491,2.7680,-0.1058,0.2039,3.000,good,0.002,3.25,0,0,0,0,8.59,1,0.0,,,
2480,2.7720,-0.1143,-0.1340,2.856,good,0.000,5.23,0,0,0,0,15.01,3,0.0,,,
2481,2.7720,-0.1126,0.0069,3.006,faded,0.749,8.20,1,1,1,0,10.71,3,3.1,32|33,2467,2467
2482,2.7720,-0.1134,0.1399,2.650,faded,0.891,4.76,1,1,1,0,20.56,3,3.2,49|50,2444,
2485,2.7720,-0.1080,-0.0945,3.000,good,0.403,6.29,0,0,0,0,9.35,3,0.0,,,
2488,2.7720,-0.1189,-0.0354,3.234,good,0.104,8.04,0,0,0,0,7.68,2,0.0,,,
2489,2.7720,-0.1195,-0.0917,2.992,faded,0.963,7.59,1,1,1,0,13.37,2,3.2,20,2482,2482
2490,2.7720,-0.1162,0.0280,3.000,good,0.209,7.71,0,0,0,0,12.08,2,0.0,,,
2487,2.7760,-0.1121,0.1077,2.994,good,0.000,5.51,0,0,0,0,10.86,3,0.0,,,
2493,2.7760,-0.1194,-0.1132,3.012,faded,0.999,8.73,1,1,1,0,12.85,2,3.2,17,2476,2476
2494,2.7760,-0.1314,0.0673,3.000,good,0.039,5.44,0,0,0,0,13.15,1,0.0,,,
2495,2.7760,-0.1284,0.0750,3.000,good,0.002,6.93,0,0,0,0,12.14,1,0.0,,,
2496,2.7760,-0.1161,0.0852,2.998,faded,0.709,5.98,1,1,1,0,12.07,2,3.2,42|43,2490,2490
2504,2.7760,-0.1176,0.0701,3.000,good,0.347,7.10,0,0,0,0,12.54,1,0.0,,,
2492,2.7800,-0.1128,0.1714,2.958,good,0.001,4.08,0,0,0,0,11.95,3,0.0,,,
2502,2.7800,-0.1308,0.2444,3.000,good,0.093,3.52,0,0,0,0,12.93,1,0.0,,,
2503,2.7800,-0.1148,0.1500,3.450,sour,1.000,26.05,1,1,1,0,2.26,2,3.2,51|50,2547,
2497,2.7840,-0.1140,-0.0550,3.182,good,0.005,6.12,0,0,0,0,7.26,3,0.0,,,
2498,2.7840,-0.1136,0.0431,3.051,faded,0.900,5.20,1,1,1,0,10.03,3,3.1,37,2473,
2499,2.7840,-0.1134,0.1981,3.000,faded,0.720,3.19,1,1,1,0,11.14,3,3.2,57,2485,2485
2500,2.7840,-0.1090,-0.0861,3.027,good,0.125,5.86,0,0,0,0,9.04,3,0.0,,,
2501,2.7840,-0.1084,0.0526,3.004,shell,0.664,8.22,1,1,1,0,9.36,3,2.4,38,2493,2493
2508,2.7840,-0.1176,-0.0222,3.003,good,0.206,7.97,0,0,0,0,12.44,2,0.0,,,
2509,2.7840,-0.1176,-0.0653,2.904,shell,1.000,9.88,1,1,1,0,14.93,2,2.4,23,2528,2528
2505,2.7880,-0.1122,0.0555,3.286,good,0.003,7.19,0,0,0,0,4.58,3,0.0,,,
2506,2.7880,-0.1149,-0.1366,3.003,shell,1.000,8.98,1,1,1,0,11.56,3,2.4,14,2515,2515
2507,2.7880,-0.1123,-0.2207,3.071,good,0.000,4.38,0,0,0,0,9.11,3,0.0,,,
2515,2.7880,-0.1197,-0.0340,2.934,black,1.000,45.81,1,1,1,0,14.87,2,3.2,27,2489,2489
2516,2.7880,-0.1174,0.1298,2.897,good,0.000,2.29,0,0,0,0,15.04,2,0.0,,,
2521,2.7880,-0.1056,-0.0192,3.000,good,0.358,7.96,0,0,0,0,8.52,1,0.0,,,
2510,2.7920,-0.1274,-0.1397,3.000,good,0.001,4.18,0,0,0,0,11.78,2,0.0,,,
2511,2.7920,-0.1235,0.0991,3.450,faded,0.994,5.64,1,1,1,0,0.79,2,3.2,44,,
2512,2.7920,-0.1096,0.0745,3.025,faded,0.521,6.58,1,1,1,0,9.29,3,3.2,41,2478,2478
2513,2.7920,-0.1085,-0.2252,3.017,good,0.002,2.30,0,0,0,0,9.12,3,0.0,,,
2514,2.7920,-0.1082,0.1101,3.042,faded,1.000,5.02,1,1,1,0,8.44,3,3.2,46|45,2479,
2520,2.7920,-0.1146,-0.1273,3.325,good,0.005,7.55,0,0,0,0,4.55,2,0.0,,,
2523,2.7920,-0.1154,-0.1361,3.000,good,0.001,4.07,0,0,0,0,11.79,1,0.0,,,
2524,2.7920,-0.1095,0.0958,3.000,faded,0.992,5.37,1,1,1,0,9.83,1,3.2,44,2514,
2517,2.7960,-0.1126,-0.0180,2.992,good,0.014,4.95,0,0,0,0,11.06,3,0.0,,,
2518,2.7960,-0.1114,-0.1479,2.999,good,0.353,4.95,0,0,0,0,10.48,3,0.0,,,
2519,2.7960,-0.1095,0.1922,3.000,good,0.007,3.08,0,0,0,0,9.83,3,0.0,,,
2522,2.7960,-0.1190,0.0870,3.081,good,0.265,7.87,0,0,0,0,11.08,2,0.0,,,
2528,2.7960,-0.1024,-0.1321,3.000,good,0.018,5.31,0,0,0,0,7.45,1,0.0,,,
2532,2.8000,-0.1166,0.1819,3.000,faded,0.852,4.18,1,1,1,0,12.20,1,3.2,55,2486,2486
2525,2.8040,-0.1143,0.1160,3.009,faded,1.000,6.78,1,1,1,0,11.22,3,3.2,46|47,2505,2505
2526,2.8040,-0.1127,-0.0174,3.000,shell,0.974,8.88,1,1,1,0,10.89,3,2.4,29,2512,2512
2527,2.8040,-0.1137,0.1836,2.311,good,0.007,6.27,0,0,0,0,32.45,3,0.0,,,
2530,2.8040,-0.1177,0.2339,2.995,good,0.302,4.27,0,0,0,0,12.70,2,0.0,,,
2531,2.8040,-0.1164,0.0095,2.993,good,0.003,6.75,0,0,0,0,12.30,2,0.0,,,
2529,2.8080,-0.1131,-0.2080,3.107,good,0.055,5.13,0,0,0,0,8.60,3,0.0,,,
2535,2.8080,-0.1175,0.0066,2.970,shell,0.518,8.45,1,1,1,0,13.23,2,2.4,32|33,2502,2502
2533,2.8120,-0.1115,0.0849,2.943,good,0.028,5.92,0,0,0,0,11.86,3,0.0,,,
2534,2.8120,-0.1103,0.2380,2.981,sour,1.000,21.96,1,1,1,0,10.54,3,3.2,62,2503,2503
2536,2.8160,-0.1143,0.1881,3.010,good,0.387,5.16,0,0,0,0,11.19,3,0.0,,,
2537,2.8160,-0.1082,-0.0735,2.999,good,0.055,7.60,0,0,0,0,9.44,3,0.0,,,
2541,2.8160,-0.1194,-0.2342,3.450,good,0.003,3.38,0,0,0,0,3.59,2,0.0,,,
2543,2.8160,-0.1144,0.2289,3.272,good,0.000,4.45,0,0,0,0,5.52,2,0.0,,,
2538,2.8200,-0.1108,0.0940,3.109,good,0.001,5.43,0,0,0,0,7.80,3,0.0,,,
2539,2.8200,-0.1096,-0.1240,3.000,shell,0.918,7.83,1,1,1,0,9.86,3,2.4,16|15,2520,
2540,2.8200,-0.1106,-0.0223,2.994,insect,1.000,6.95,1,1,1,0,10.34,3,3.1,29|28,2522,2522
2542,2.8200,-0.1083,-0.0527,3.000,good,0.000,3.87,0,0,0,0,9.42,3,0.0,,,
2547,2.8200,-0.1132,0.1230,3.450,good,0.086,4.90,0,0,0,0,1.80,2,0.0,,,
2544,2.8240,-0.1122,0.0947,2.992,faded,0.918,7.20,1,1,1,0,10.93,3,3.2,44|43,2527,
2545,2.8240,-0.1096,0.2053,2.940,good,0.034,5.11,0,0,0,0,11.30,3,0.0,,,
2546,2.8240,-0.1089,-0.0251,3.012,shell,0.985,8.00,1,1,1,0,9.33,3,2.4,28,2504,2504
2552,2.8240,-0.1195,0.1067,3.005,good,0.474,7.90,0,0,0,0,13.05,2,0.0,,,
2553,2.8240,-0.1185,0.1204,2.936,good,0.277,7.12,0,0,0,0,14.41,2,0.0,,,
2554,2.8240,-0.1155,0.0262,3.001,good,0.482,8.94,0,0,0,0,11.81,2,0.0,,,
2556,2.8240,-0.0993,0.1259,3.000,good,0.134,4.82,0,0,0,0,6.43,1,0.0,,,
2548,2.8280,-0.1197,-0.2101,2.255,faded,0.830,15.84,1,1,1,0,37.43,3,3.2,5|4,2533|2555,
2549,2.8280,-0.1123,0.2028,2.976,good,0.002,5.99,0,0,0,0,11.34,3,0.0,,,
2550,2.8280,-0.1112,0.1793,2.945,good,0.000,2.28,0,0,0,0,11.73,3,0.0,,,
2551,2.8280,-0.1101,0.0548,2.999,good,0.002,6.48,0,0,0,0,10.06,3,0.0,,,
2555,2.8320,-0.1191,-0.1046,2.433,good,0.001,5.13,0,0,0,0,30.06,3,0.0,,,
2557,2.8320,-0.1192,0.0635,2.976,faded,0.993,9.39,1,1,1,0,13.68,2,3.2,40|39,2549,2549
2558,2.8320,-0.1167,0.2164,3.040,good,0.002,4.81,0,0,0,0,11.26,2,0.0,,,
2559,2.8320,-0.1146,-0.1797,3.077,black,1.000,41.98,1,1,1,0,9.76,2,3.2,8|9,2537,2537
2561,2.8360,-0.1198,-0.1939,3.009,good,0.001,5.77,0,0,0,0,13.04,2,0.0,,,
2562,2.8360,-0.1187,-0.0059,3.043,good,0.002,5.59,0,0,0,0,11.86,2,0.0,,,
2563,2.8360,-0.1180,-0.0765,2.978,good,0.160,4.65,0,0,0,0,13.20,2,0.0,,,
2567,2.8360,-0.1046,0.2196,3.000,good,0.003,4.78,0,0,0,0,8.19,1,0.0,,,
2560,2.8400,-0.1190,0.1621,2.728,good,0.005,3.90,0,0,0,0,20.25,3,0.0,,,
2565,2.8400,-0.1183,0.2087,2.990,faded,0.969,7.40,1,1,1,0,13.02,2,3.2,58,2530,2530
2566,2.8400,-0.1160,0.1211,2.999,good,0.000,4.34,0,0,0,0,12.03,2,0.0,,,
2564,2.8440,-0.1180,0.2154,2.768,good,0.000,2.62,0,0,0,0,18.73,3,0.0,,,
2571,2.8440,-0.1169,0.0386,3.003,faded,0.722,7.47,1,1,1,0,12.23,2,3.1,36|37,2548,2548
2568,2.8480,-0.1121,-0.0405,2.991,good,0.297,7.27,0,0,0,0,10.91,3,0.0,,,
2569,2.8480,-0.1131,0.0595,3.036,good,0.000,4.79,0,0,0,0,10.20,3,0.0,,,
2570,2.8480,-0.1106,0.1649,3.010,good,0.000,5.08,0,0,0,0,9.95,3,0.0,,,
2572,2.8520,-0.1140,0.1905,3.018,good,0.052,7.02,0,0,0,0,10.90,3,0.0,,,
2573,2.8520,-0.1131,0.1103,2.978,faded,0.956,6.33,1,1,1,0,11.55,3,3.2,46|45,2543,
2574,2.8520,-0.1081,0.2009,3.023,faded,0.997,3.97,1,1,1,0,8.84,3,3.2,57,2554,
2577,2.8520,-0.1192,-0.1440,2.965,good,0.001,6.17,0,0,0,0,13.92,2,0.0,,,
2578,2.8520,-0.1144,-0.0448,3.376,good,0.006,6.54,0,0,0,0,3.49,2,0.0,,,
2575,2.8560,-0.1102,-0.1539,3.074,shell,0.997,12.51,1,1,1,0,8.37,3,2.4,12,2556,2556
2576,2.8560,-0.1086,0.1245,3.034,good,0.011,3.71,0,0,0,0,8.75,3,0.0,,,
2582,2.8560,-0.1182,-0.2392,2.981,faded,0.986,5.30,1,1,1,0,13.17,2,3.2,1,2566,2566
2583,2.8560,-0.1161,-0.2276,3.098,good,0.395,4.79,0,0,0,0,9.77,2,0.0,,,
2579,2.8600,-0.1156,0.2040,2.990,good,0.411,4.50,0,0,0,0,12.11,3,0.0,,,
2580,2.8600,-0.1089,-0.1307,3.003,faded,0.991,8.58,1,1,1,0,9.54,3,3.2,15,2577,2577
2581,2.8600,-0.1091,0.1247,3.001,good,0.001,3.91,0,0,0,0,9.66,3,0.0,,,
2589,2.8600,-0.1037,-0.2309,3.000,good,0.105,4.24,0,0,0,0,7.91,1,0.0,,,
2586,2.8640,-0.1200,-0.2066,3.001,good,0.001,6.62,0,0,0,0,13.31,2,0.0,,,
2584,2.8680,-0.1137,0.1444,2.994,good,0.000,3.57,0,0,0,0,11.38,3,0.0,,,
2585,2.8680,-0.1137,-0.0427,3.073,shell,0.701,8.62,1,1,1,0,9.54,3,2.4,26,2583,2583
2587,2.8680,-0.1070,0.1245,3.338,good,0.001,5.85,0,0,0,0,2.00,3,0.0,,,
2588,2.8680,-0.1085,-0.0141,3.112,good,0.002,3.63,0,0,0,0,6.99,3,0.0,,,
2594,2.8680,-0.1196,0.0438,3.007,shell,0.867,8.50,1,1,1,0,13.03,2,2.4,37,2588,2588
2595,2.8680,-0.1182,-0.1527,2.861,good,0.001,4.55,0,0,0,0,16.28,2,0.0,,,
2590,2.8720,-0.1049,0.0917,3.450,good,0.001,5.37,0,0,0,0,-0.62,3,0.0,,,
2591,2.8720,-0.1217,-0.2457,3.037,good,0.002,4.47,0,0,0,0,9.00,2,0.0,,,
2592,2.8720,-0.1085,0.0060,3.014,shell,0.994,9.99,1,1,1,0,9.18,3,2.4,32,2570,2570
2593,2.8720,-0.1086,0.1183,3.000,good,0.303,7.78,0,0,0,0,9.53,3,0.0,,,
2596,2.8760,-0.1125,-0.0009,2.929,shell,0.997,9.36,1,1,1,0,12.54,3,2.4,31|32,2560,2560
2597,2.8760,-0.1117,0.0935,2.999,good,0.006,5.88,0,0,0,0,10.57,3,0.0,,,
2598,2.8800,-0.1145,0.0397,2.995,good,0.000,5.44,0,0,0,0,11.60,3,0.0,,,
2599,2.8800,-0.1166,0.1212,2.755,good,0.039,6.55,0,0,0,0,18.63,3,0.0,,,
2600,2.8800,-0.1123,-0.0795,2.998,good,0.000,5.98,0,0,0,0,10.82,3,0.0,,,
2601,2.8800,-0.1092,0.0957,3.007,good,0.131,6.08,0,0,0,0,9.57,3,0.0,,,
2603,2.8800,-0.1160,0.0179,3.017,husk,0.925,11.54,1,1,1,0,11.60,2,2.4,34,2579|2593,2579|2593
2605,2.8800,-0.1197,0.1784,2.997,good,0.000,4.84,0,0,0,0,13.31,2,0.0,,,
2602,2.8840,-0.1126,0.0049,2.960,faded,0.908,4.64,1,1,1,0,11.84,3,3.2,32,2591,
2604,2.8840,-0.1116,-0.0386,2.567,good,0.003,6.37,0,0,0,0,22.43,3,0.0,,,
2612,2.8880,-0.1191,-0.0264,3.000,good,0.001,5.60,0,0,0,0,13.02,2,0.0,,,
2613,2.8880,-0.1183,-0.1098,3.001,shell,0.996,8.46,1,1,1,0,12.74,2,2.4,17|18,2576,2576
2614,2.8880,-0.1191,-0.0399,3.111,faded,0.758,5.11,1,1,1,0,10.42,2,3.2,26|27,2586,2586
2617,2.8880,-0.1013,-0.0352,3.000,good,0.002,6.35,0,0,0,0,7.10,1,0.0,,,
2607,2.8920,-0.1152,0.2054,3.010,good,0.000,2.26,0,0,0,0,11.51,3,0.0,,,
2608,2.8920,-0.1152,-0.1169,2.939,black,1.000,41.41,1,1,1,0,13.21,3,3.2,17|16,2596,2596
2609,2.8920,-0.1155,0.1514,2.874,good,0.045,5.90,0,0,0,0,14.98,3,0.0,,,
2610,2.8920,-0.1114,0.0413,2.832,good,0.629,8.21,1,1,1,0,14.64,3,2.5,37,2603,2603
2611,2.8920,-0.1090,-0.1926,2.994,husk,1.000,14.04,1,1,1,0,9.79,3,2.4,7,2598,2598
2615,2.8920,-0.1195,-0.0133,3.316,good,0.001,6.11,0,0,0,0,6.20,2,0.0,,,
2616,2.8920,-0.1163,-0.2061,3.032,good,0.001,2.46,0,0,0,0,11.35,2,0.0,,,
2606,2.8960,-0.1209,-0.1064,2.438,faded,0.999,9.16,1,1,1,0,26.59,3,3.2,18,,
2627,2.8960,-0.1111,-0.1093,3.000,faded,0.998,8.94,1,1,1,0,10.36,1,3.2,18|17,2595,
2628,2.8960,-0.1062,-0.0171,3.000,good,0.001,6.12,0,0,0,0,8.75,1,0.0,,,
2618,2.9000,-0.1112,0.2209,3.277,good,0.054,9.27,0,0,0,0,4.46,3,0.0,,,
2619,2.9000,-0.1140,0.0732,2.973,faded,0.906,7.21,1,1,1,0,11.97,3,2.7,41,2599,
2620,2.9000,-0.1359,-0.0443,3.000,faded,1.000,6.49,1,1,1,0,10.64,1,3.2,26,,
2625,2.9000,-0.1196,0.0932,3.003,good,0.002,3.02,0,0,0,0,13.15,2,0.0,,,
2626,2.9000,-0.1243,-0.0475,3.000,faded,1.000,6.31,1,1,1,0,10.75,1,3.2,25|26,,
2632,2.9000,-0.1126,-0.0507,3.000,faded,1.000,6.36,1,1,1,0,10.87,1,3.2,25,2610,
2621,2.9040,-0.1161,-0.1707,2.990,sour,1.000,12.96,1,1,1,0,12.27,3,3.2,10|9,2606,2606
2622,2.9040,-0.1126,0.1305,2.947,sour,1.000,17.77,1,1,1,0,12.14,3,3.2,48,2585,
2623,2.9040,-0.1108,-0.0378,2.998,good,0.074,8.40,0,0,0,0,10.32,3,0.0,,,
2624,2.9040,-0.1124,0.1789,2.765,good,0.436,2.14,0,0,0,0,16.81,3,0.0,,,
2631,2.9040,-0.1166,-0.1368,2.998,good,0.006,8.38,0,0,0,0,12.27,2,0.0,,,
2635,2.9040,-0.1010,-0.0539,3.000,faded,1.000,6.26,1,1,1,0,7.00,1,3.2,25|24,2610,
2629,2.9080,-0.1120,0.2228,2.992,good,0.150,3.25,0,0,0,0,10.87,3,0.0,,,
2630,2.9080,-0.1144,-0.2192,2.568,good,0.000,5.25,0,0,0,0,23.49,3,0.0,,,
2633,2.9080,-0.1193,-0.1030,3.446,good,0.001,5.13,0,0,0,0,3.64,2,0.0,,,
2634,2.9080,-0.1195,0.0897,3.170,good,0.277,7.73,0,0,0,0,9.24,2,0.0,,,
2640,2.9120,-0.1055,-0.1000,3.000,good,0.001,5.16,0,0,0,0,8.50,1,0.0,,,
2636,2.9160,-0.1092,-0.2262,2.995,shell,0.658,6.27,1,1,1,0,9.86,3,2.4,3|2,2605,
2637,2.9160,-0.1084,-0.0476,2.974,good,0.001,6.44,0,0,0,0,10.07,3,0.0,,,
2639,2.9160,-0.1158,-0.1968,3.168,good,0.000,3.25,0,0,0,0,8.14,2,0.0,,,
2638,2.9200,-0.1147,-0.0473,3.050,good,0.073,7.04,0,0,0,0,10.38,3,0.0,,,
2644,2.9200,-0.1172,0.2055,2.988,good,0.000,2.27,0,0,0,0,12.67,2,0.0,,,
2645,2.9200,-0.1173,0.0203,3.011,sour,1.000,18.09,1,1,1,0,12.15,2,3.2,34,2650,2650
2641,2.9240,-0.1259,-0.1082,3.164,good,0.000,5.89,0,0,0,0,7.39,2,0.0,,,
2642,2.9240,-0.1262,-0.1754,2.775,black,1.000,47.27,1,1,1,0,17.51,2,3.2,9,,
2643,2.9240,-0.1119,-0.2091,3.025,good,0.000,4.73,0,0,0,0,10.06,3,0.0,,,
2650,2.9240,-0.1165,-0.1224,3.010,good,0.019,5.89,0,0,0,0,11.91,2,0.0,,,
2656,2.9240,-0.1150,-0.1723,3.000,black,1.000,47.01,1,1,1,0,11.68,1,3.2,9|10,2614,
2657,2.9240,-0.1132,-0.1048,3.000,good,0.000,5.83,0,0,0,0,11.07,1,0.0,,,
2646,2.9280,-0.1124,0.0560,3.152,shell,0.873,8.19,1,1,1,0,7.39,3,2.4,39|38,2632,
2647,2.9280,-0.1115,-0.1047,3.216,good,0.007,3.60,0,0,0,0,5.74,3,0.0,,,
2648,2.9280,-0.1091,0.2451,2.990,good,0.124,4.63,0,0,0,0,9.94,3,0.0,,,
2649,2.9280,-0.1108,-0.2124,2.662,black,0.564,22.45,1,1,1,0,19.21,3,3.2,4|5,2587|2649,
2655,2.9280,-0.1194,-0.0561,3.003,good,0.002,5.84,0,0,0,0,13.08,2,0.0,,,
2651,2.9320,-0.1185,0.2136,2.665,good,0.002,3.61,0,0,0,0,21.99,3,0.0,,,
2652,2.9320,-0.1108,0.0125,3.001,good,0.009,7.46,0,0,0,0,10.26,3,0.0,,,
2653,2.9320,-0.1120,0.1248,2.989,good,0.010,7.24,0,0,0,0,10.93,3,0.0,,,
2654,2.9320,-0.1109,0.1109,3.011,faded,0.994,6.19,1,1,1,0,10.04,3,3.2,46|45,2629,2629
2658,2.9360,-0.1145,0.0940,2.820,good,0.006,6.33,0,0,0,0,16.05,3,0.0,,,
2659,2.9360,-0.1122,0.1416,3.000,good,0.119,3.64,0,0,0,0,10.73,3,0.0,,,
2660,2.9360,-0.1118,-0.1707,3.017,faded,0.999,9.31,1,1,1,0,10.21,3,3.1,10|9,2642,2642
2662,2.9360,-0.1197,0.1096,3.249,faded,0.561,4.59,1,1,1,0,7.63,2,3.2,46|45,2666,
2663,2.9360,-0.1195,-0.1365,3.001,sour,1.000,44.12,1,1,1,0,13.12,2,3.2,14,2620,2620
2664,2.9360,-0.1180,-0.1597,3.000,good,0.025,6.15,0,0,0,0,12.66,2,0.0,,,
2661,2.9400,-0.1114,0.1828,2.994,good,0.000,4.93,0,0,0,0,10.63,3,0.0,,,
2665,2.9400,-0.1199,0.0171,2.940,good,0.002,7.15,0,0,0,0,14.81,2,0.0,,,
2666,2.9400,-0.1177,-0.1799,3.001,good,0.000,5.04,0,0,0,0,12.53,2,0.0,,,
2667,2.9400,-0.1157,0.1611,3.277,faded,0.999,6.44,1,1,1,0,5.81,2,2.4,52,2641|2656,
2668,2.9400,-0.1159,-0.0829,3.015,good,0.013,5.59,0,0,0,0,11.58,2,0.0,,,
2671,2.9440,-0.1172,0.1152,3.000,faded,0.996,5.46,1,1,1,0,12.41,2,3.2,46,2648,2648
2669,2.9480,-0.1128,-0.0337,2.382,insect,1.000,6.95,1,1,1,0,29.32,3,3.1,27,2646,2646
2670,2.9480,-0.1107,-0.0798,2.569,good,0.039,5.31,0,0,0,0,22.02,3,0.0,,,
2673,2.9480,-0.1188,0.0008,3.014,husk,0.755,8.52,1,1,1,0,12.59,2,2.4,32|31,2669|2676,2669|2676
2674,2.9480,-0.1150,0.1207,3.450,good,0.000,1.87,0,0,0,0,2.33,2,0.0,,,
2672,2.9520,-0.1139,-0.1740,2.962,good,0.001,4.42,0,0,0,0,12.22,3,0.0,,,
2677,2.9520,-0.1166,0.0848,2.993,good,0.077,5.11,0,0,0,0,12.36,2,0.0,,,
2678,2.9520,-0.1153,-0.2229,3.115,good,0.246,7.02,0,0,0,0,9.12,2,0.0,,,
2682,2.9520,-0.1004,-0.0768,3.000,good,0.019,5.02,0,0,0,0,6.81,1,0.0,,,
2675,2.9560,-0.1143,0.2109,2.995,good,0.003,4.20,0,0,0,0,11.57,3,0.0,,,
2676,2.9560,-0.1103,-0.1550,3.134,good,0.001,4.54,0,0,0,0,7.11,3,0.0,,,
2679,2.9600,-0.1147,0.1944,3.005,good,0.163,7.27,0,0,0,0,11.45,3,0.0,,,
2680,2.9600,-0.1100,-0.1941,3.188,good,0.379,5.36,0,0,0,0,5.88,3,0.0,,,
2681,2.9600,-0.1102,0.1829,3.044,good,0.018,3.42,0,0,0,0,9.06,3,0.0,,,
2686,2.9600,-0.1159,-0.0922,3.350,good,0.217,6.43,0,0,0,0,4.46,2,0.0,,,
2683,2.9640,-0.1178,-0.0365,2.687,shell,0.913,11.76,1,1,1,0,21.05,3,2.4,27,2647,
2684,2.9640,-0.1077,-0.1146,3.335,good,0.002,5.47,0,0,0,0,2.28,3,0.0,,,
2685,2.9640,-0.1100,-0.0758,3.011,shell,0.998,8.42,1,1,1,0,9.74,3,2.4,22,2663,2663
2691,2.9640,-0.1171,0.2212,2.865,good,0.003,2.68,0,0,0,0,15.77,2,0.0,,,
2687,2.9680,-0.1159,0.0900,2.998,black,1.000,43.87,1,1,1,0,12.01,3,3.2,43,2668,2668
2688,2.9680,-0.1141,0.0278,2.836,insect,1.000,7.37,1,1,1,0,15.50,3,3.1,35,2682,
2689,2.9680,-0.1121,0.1563,2.940,good,0.010,6.78,0,0,0,0,12.15,3,0.0,,,
2690,2.9680,-0.1105,0.1178,2.987,faded,0.840,6.11,1,1,1,0,10.46,3,3.2,47|46,2664,2664
2694,2.9680,-0.1188,0.0139,2.985,shell,0.996,14.43,1,1,1,0,13.29,2,2.4,33,2675,
2692,2.9720,-0.1117,-0.1473,3.002,black,1.000,51.02,1,1,1,0,10.51,3,3.2,13|12,2684,2684
2693,2.9720,-0.1121,-0.0672,2.948,shell,0.806,9.89,1,1,1,0,11.95,3,2.4,23,2674,
2696,2.9720,-0.1160,-0.0174,3.176,shell,0.997,8.93,1,1,1,0,8.02,2,2.4,29,2691,
2695,2.9760,-0.1134,-0.0520,2.999,good,0.124,8.54,0,0,0,0,11.16,3,0.0,,,
2698,2.9760,-0.1173,-0.0428,2.922,good,0.000,5.99,0,0,0,0,14.36,2,0.0,,,
2697,2.9800,-0.1098,-0.0420,3.450,good,0.291,8.73,0,0,0,0,0.82,3,0.0,,,
2704,2.9800,-0.1185,0.1139,3.023,faded,0.751,8.24,1,1,1,0,12.30,2,3.2,46,2680,2680
2699,2.9840,-0.1154,0.2457,3.102,husk,1.000,14.47,1,1,1,0,9.44,3,2.4,63,2701,2701
2700,2.9840,-0.1163,-0.2300,2.643,good,0.000,3.55,0,0,0,0,21.84,3,0.0,,,
2701,2.9840,-0.1136,0.1256,3.087,shell,0.787,8.91,1,1,1,0,9.20,3,2.4,48|47,2671,2671
2702,2.9840,-0.1111,-0.1315,3.202,good,0.029,6.36,0,0,0,0,5.95,3,0.0,,,
2703,2.9840,-0.1087,0.2016,2.923,faded,0.953,4.13,1,1,1,0,11.38,3,3.2,57|58,2697,
2705,2.9880,-0.1363,-0.0219,3.000,good,0.001,7.87,0,0,0,0,10.76,1,0.0,,,
2706,2.9880,-0.1096,0.0233,2.998,good,0.003,7.38,0,0,0,0,9.91,3,0.0,,,
2707,2.9880,-0.1085,-0.0032,2.998,good,0.068,8.27,0,0,0,0,9.55,3,0.0,,,
2711,2.9880,-0.1197,-0.1395,3.004,good,0.067,6.62,0,0,0,0,13.14,2,0.0,,,
2712,2.9880,-0.1177,-0.1626,2.823,good,0.005,2.30,0,0,0,0,17.13,2,0.0,,,
2713,2.9880,-0.1237,-0.0184,3.000,good,0.002,7.87,0,0,0,0,10.58,1,0.0,,,
2719,2.9880,-0.1112,-0.0148,3.000,good,0.001,7.90,0,0,0,0,10.39,1,0.0,,,
2708,2.9920,-0.1149,0.1366,3.013,faded,0.886,6.57,1,1,1,0,11.33,3,3.2,49,2685,2685
2709,2.9920,-0.1093,-0.1735,3.450,good,0.000,6.30,0,0,0,0,0.66,3,0.0,,,
2710,2.9920,-0.1364,0.0171,3.000,good,0.008,6.02,0,0,0,0,10.80,1,0.0,,,
2717,2.9920,-0.1149,0.0265,3.450,good,0.149,6.07,0,0,0,0,2.29,2,0.0,,,
2718,2.9920,-0.1242,0.0138,3.000,good,0.004,6.11,0,0,0,0,10.74,1,0.0,,,
2724,2.9920,-0.1120,0.0105,3.000,good,0.004,6.19,0,0,0,0,10.68,1,0.0,,,
2714,2.9960,-0.1134,-0.1817,3.002,good,0.000,3.45,0,0,0,0,11.10,3,0.0,,,
2715,2.9960,-0.1113,0.0555,3.190,good,0.478,8.61,0,0,0,0,6.25,3,0.0,,,
2716,2.9960,-0.1089,-0.1999,2.972,good,0.141,4.03,0,0,0,0,10.28,3,0.0,,,
2722,2.9960,-0.1194,-0.2265,3.002,faded,0.996,6.50,1,1,1,0,13.06,2,3.2,3|2,2688,2688
2723,2.9960,-0.1191,-0.0355,2.862,good,0.000,5.41,0,0,0,0,16.57,2,0.0,,,
2728,2.9960,-0.0998,0.0072,3.000,good,0.007,6.21,0,0,0,0,6.61,1,0.0,,,
2720,3.0000,-0.1166,-0.1802,2.601,good,0.347,6.38,0,0,0,0,23.28,3,0.0,,,
2721,3.0000,-0.1099,0.1018,3.364,good,0.003,4.63,0,0,0,0,2.41,3,0.0,,,
2726,3.0000,-0.1173,0.0138,2.974,faded,0.971,5.28,1,1,1,0,13.07,2,3.2,33,2690,2690
2727,3.0000,-0.1171,-0.2014,2.988,shell,0.879,7.46,1,1,1,0,12.67,2,2.4,6,2699,2699
2725,3.0040,-0.1249,0.0769,3.045,good,0.000,6.30,0,0,0,0,9.84,2,0.0,,,
2730,3.0040,-0.1167,0.0329,3.000,good,0.048,7.22,0,0,0,0,12.24,2,0.0,,,
2731,3.0040,-0.1146,-0.1558,2.589,good,0.458,11.93,0,0,0,0,22.88,2,0.0,,,
2734,3.0040,-0.1127,0.0739,3.000,good,0.001,6.25,0,0,0,0,10.89,1,0.0,,,
2735,3.0040,-0.1070,-0.1634,3.000,good,0.001,5.24,0,0,0,0,8.99,1,0.0,,,
2729,3.0080,-0.1115,0.0815,2.998,good,0.277,6.67,0,0,0,0,10.53,3,0.0,,,
2733,3.0080,-0.1095,-0.0531,2.988,stick,1.000,93.94,1,1,1,0,10.13,2,2.4,25,2708,
2740,3.0080,-0.1029,-0.1593,3.000,good,0.040,5.87,0,0,0,0,7.64,1,0.0,,,
2732,3.0120,-0.1285,-0.0982,2.633,good,0.001,3.82,0,0,0,0,22.76,2,0.0,,,
2739,3.0120,-0.1170,0.1193,3.114,husk,0.914,4.86,1,1,1,0,9.71,2,2.4,47,2720|2734,2734
2745,3.0120,-0.1183,-0.1031,3.000,good,0.010,8.18,0,0,0,0,12.78,1,0.0,,,
2736,3.0160,-0.1139,-0.1366,3.022,faded,1.000,5.14,1,1,1,0,10.79,3,3.2,14,2718,2718
2737,3.0160,-0.1131,0.0394,2.720,good,0.352,7.06,0,0,0,0,18.36,3,0.0,,,
2738,3.0160,-0.1326,-0.1060,3.000,good,0.000,4.41,0,0,0,0,9.52,1,0.0,,,
2744,3.0160,-0.1163,0.2003,2.501,good,0.205,4.43,0,0,0,0,26.48,2,0.0,,,
2747,3.0160,-0.1050,-0.1085,3.000,good,0.000,4.29,0,0,0,0,8.34,1,0.0,,,
2741,3.0200,-0.1139,-0.1802,2.990,faded,0.883,5.37,1,1,1,0,11.53,3,3.2,8|9,2742,2742
2742,3.0200,-0.1127,-0.1165,3.147,good,0.003,6.84,0,0,0,0,7.57,3,0.0,,,
2743,3.0200,-0.1134,-0.1395,2.759,shell,0.964,8.67,1,1,1,0,17.35,3,2.4,14|13,2694,2694
2746,3.0200,-0.1193,-0.2154,2.999,black,1.000,45.16,1,1,1,0,13.15,2,3.2,4,2731,
2748,3.0280,-0.1113,-0.2197,3.022,good,0.041,6.73,0,0,0,0,9.91,3,0.0,,,
2749,3.0280,-0.1109,-0.1682,3.000,good,0.000,4.84,0,0,0,0,10.32,3,0.0,,,
2752,3.0280,-0.1184,0.0660,3.014,good,0.164,5.74,0,0,0,0,12.47,2,0.0,,,
2750,3.0320,-0.1104,-0.2169,3.006,good,0.017,3.03,0,0,0,0,10.02,3,0.0,,,
2751,3.0320,-0.1108,-0.0336,2.879,good,0.000,5.74,0,0,0,0,13.21,3,0.0,,,
2753,3.0320,-0.1084,0.0919,2.938,good,0.316,6.79,0,0,0,0,10.93,3,0.0,,,
2754,3.0320,-0.1076,-0.1199,3.162,good,0.211,5.34,0,0,0,0,5.64,3,0.0,,,
2755,3.0320,-0.1191,-0.1194,3.005,good,0.001,4.70,0,0,0,0,12.92,2,0.0,,,
2756,3.0320,-0.1190,-0.0478,3.080,good,0.042,7.20,0,0,0,0,11.12,2,0.0,,,
2757,3.0360,-0.1094,-0.0857,2.664,good,0.179,7.00,0,0,0,0,18.59,3,0.0,,,
2760,3.0360,-0.1189,-0.1539,3.004,good,0.001,4.33,0,0,0,0,12.87,2,0.0,,,
2762,3.0360,-0.1191,-0.0228,2.996,shell,0.983,8.95,1,1,1,0,13.15,2,2.4,29|28,2724,2724
2758,3.0400,-0.1180,0.0566,2.560,good,0.092,4.44,0,0,0,0,25.13,3,0.0,,,
2759,3.0400,-0.1117,-0.0545,3.028,good,0.000,5.51,0,0,0,0,9.90,3,0.0,,,
2761,3.0400,-0.1087,-0.0393,3.000,good,0.457,6.68,0,0,0,0,9.57,3,0.0,,,
2763,3.0440,-0.1151,0.2159,2.752,good,0.000,2.74,0,0,0,0,18.16,3,0.0,,,
2764,3.0440,-0.1119,-0.2164,2.764,good,0.006,3.72,0,0,0,0,16.67,3,0.0,,,
2765,3.0440,-0.1103,0.1688,2.939,faded,0.981,4.32,1,1,1,0,11.57,3,3.2,53,2717,
2766,3.0440,-0.1082,-0.1627,2.989,faded,0.987,4.93,1,1,1,0,9.63,3,3.2,11|10,2749,
2768,3.0440,-0.1163,-0.0418,3.388,insect,1.000,7.03,1,1,1,0,3.86,2,3.1,26,2747,2747
2769,3.0440,-0.1177,0.1199,2.870,good,0.006,3.50,0,0,0,0,15.84,2,0.0,,,
2767,3.0480,-0.1126,-0.1760,3.003,faded,0.888,6.76,1,1,1,0,10.80,3,3.2,9,2758,
2773,3.0480,-0.1184,-0.1207,2.992,good,0.348,7.55,0,0,0,0,12.98,2,0.0,,,
2774,3.0480,-0.1185,0.1636,3.016,insect,1.000,8.74,1,1,1,0,12.44,2,3.1,52|53,2736,
2770,3.0520,-0.1133,0.1794,2.920,good,0.152,6.15,0,0,0,0,13.07,3,0.0,,,
2771,3.0520,-0.1102,0.0918,2.996,good,0.000,5.50,0,0,0,0,10.15,3,0.0,,,
2772,3.0520,-0.1329,0.0519,3.000,good,0.005,4.78,0,0,0,0,9.63,1,0.0,,,
2779,3.0520,-0.1209,0.0477,3.000,good,0.004,4.83,0,0,0,0,9.63,1,0.0,,,
2781,3.0520,-0.1089,0.0435,3.000,good,0.005,4.92,0,0,0,0,9.63,1,0.0,,,
2775,3.0560,-0.1130,0.1737,3.039,faded,0.920,5.19,1,1,1,0,10.09,3,3.2,54,2772,
2776,3.0560,-0.1113,-0.1479,3.017,good,0.000,5.34,0,0,0,0,10.05,3,0.0,,,
2777,3.0560,-0.1124,0.0398,2.999,good,0.002,6.98,0,0,0,0,10.82,3,0.0,,,
2778,3.0560,-0.1111,0.0896,2.994,faded,0.600,5.92,1,1,1,0,10.52,3,3.2,43,2781,2781
2780,3.0560,-0.1190,0.1010,3.003,faded,1.000,11.85,1,1,1,0,12.91,2,3.2,44|45,2750,2750
2784,3.0600,-0.1199,-0.1375,2.768,good,0.001,6.51,0,0,0,0,19.43,2,0.0,,,
2786,3.0600,-0.1186,-0.1981,3.001,good,0.008,3.50,0,0,0,0,12.84,2,0.0,,,
2787,3.0600,-0.1170,0.2340,2.872,good,0.001,3.34,0,0,0,0,15.56,2,0.0,,,
2782,3.0640,-0.1134,0.0044,2.935,good,0.103,6.99,0,0,0,0,12.71,3,0.0,,,
2783,3.0640,-0.1098,0.1779,3.450,good,0.284,5.56,0,0,0,0,0.81,3,0.0,,,
2785,3.0640,-0.1086,-0.0367,2.853,shell,0.999,9.01,1,1,1,0,13.11,3,2.4,27,2765,2765
2788,3.0640,-0.1166,-0.2080,2.997,good,0.000,3.73,0,0,0,0,12.26,2,0.0,,,
2791,3.0680,-0.1200,0.0371,3.114,good,0.424,9.33,0,0,0,0,10.63,2,0.0,,,
2792,3.0680,-0.1258,-0.1735,3.000,good,0.011,2.90,0,0,0,0,11.26,1,0.0,,,
2797,3.0680,-0.1143,-0.1784,3.000,good,0.016,2.88,0,0,0,0,11.42,1,0.0,,,
2789,3.0720,-0.1112,0.1017,3.213,sour,1.000,14.93,1,1,1,0,5.75,3,3.2,45|44,2786,
2790,3.0720,-0.1126,-0.1643,2.611,good,0.014,5.90,0,0,0,0,21.40,3,0.0,,,
2800,3.0720,-0.1028,-0.1833,3.000,good,0.004,2.76,0,0,0,0,7.59,1,0.0,,,
2793,3.0760,-0.1160,-0.1001,2.960,faded,0.732,6.64,1,1,1,0,12.96,3,3.2,19|18,2760,2760
2794,3.0760,-0.1148,0.0245,2.994,good,0.006,6.25,0,0,0,0,11.73,3,0.0,,,
2795,3.0760,-0.1102,-0.1530,3.209,good,0.001,6.72,0,0,0,0,5.50,3,0.0,,,
2796,3.0760,-0.1086,-0.1254,2.998,good,0.531,8.33,1,1,1,0,9.60,3,2.6,15|16,2775,2775
2798,3.0800,-0.1154,-0.1760,2.629,good,0.027,5.05,0,0,0,0,21.94,3,0.0,,,
2799,3.0800,-0.1104,0.0897,2.959,good,0.028,5.99,0,0,0,0,11.12,3,0.0,,,
2803,3.0800,-0.1178,-0.1498,3.049,good,0.182,3.88,0,0,0,0,11.41,2,0.0,,,
2804,3.0800,-0.1170,0.0454,3.433,good,0.063,3.47,0,0,0,0,3.22,2,0.0,,,
2801,3.0840,-0.1149,0.0921,3.001,good,0.089,7.58,0,0,0,0,11.63,3,0.0,,,
2802,3.0840,-0.1078,0.2129,3.148,black,1.000,46.61,1,1,1,0,5.99,3,3.2,59,2769,
2806,3.0840,-0.1153,-0.1444,3.450,faded,0.948,8.51,1,1,1,0,2.40,2,2.9,13,2790,
2809,3.0840,-0.1185,-0.1315,3.235,good,0.001,7.03,0,0,0,0,7.54,2,0.0,,,
2810,3.0840,-0.1156,-0.0567,2.940,shell,0.981,9.07,1,1,1,0,13.35,2,2.4,24,2783,
2811,3.0840,-0.1152,-0.2245,3.021,good,0.000,4.80,0,0,0,0,11.26,2,0.0,,,
2814,3.0840,-0.1056,-0.1545,3.000,good,0.062,3.71,0,0,0,0,8.53,1,0.0,,,
2805,3.0880,-0.1159,0.1703,2.909,good,0.007,4.24,0,0,0,0,14.21,3,0.0,,,
2807,3.0880,-0.1097,0.2353,2.971,good,0.135,2.98,0,0,0,0,10.59,3,0.0,,,
2808,3.0880,-0.1091,0.1995,2.948,good,0.000,4.82,0,0,0,0,10.93,3,0.0,,,
2813,3.0880,-0.1111,-0.1477,3.214,faded,0.972,6.09,1,1,1,0,5.69,2,3.2,13|12,2759,
2812,3.0920,-0.1153,-0.0257,2.990,faded,0.982,6.91,1,1,1,0,11.99,3,3.2,28,2805,2805
2818,3.0920,-0.1197,-0.1788,3.122,good,0.000,3.67,0,0,0,0,10.37,2,0.0,,,
2819,3.0920,-0.1177,-0.0631,3.450,good,0.012,7.04,0,0,0,0,3.09,2,0.0,,,
2820,3.0920,-0.1156,0.1979,3.146,good,0.001,3.62,0,0,0,0,8.52,2,0.0,,,
2815,3.0960,-0.1142,-0.1313,3.012,good,0.030,8.11,0,0,0,0,11.10,3,0.0,,,
2816,3.0960,-0.1111,-0.0349,3.001,good,0.152,6.56,0,0,0,0,10.34,3,0.0,,,
2817,3.0960,-0.1114,0.1964,2.982,insect,1.000,4.86,1,1,1,0,10.92,3,3.1,57|56,2787,2787
2821,3.1000,-0.1269,0.1795,2.611,good,0.005,3.78,0,0,0,0,22.91,2,0.0,,,
2822,3.1000,-0.1106,-0.1467,3.218,good,0.007,4.65,0,0,0,0,5.44,3,0.0,,,
2823,3.1000,-0.1107,-0.0514,3.000,faded,0.857,6.75,1,1,1,0,10.23,3,3.2,25,2803,2803
2824,3.1000,-0.1086,-0.0663,2.948,faded,0.988,6.82,1,1,1,0,10.78,3,3.2,23,2808,2808
2827,3.1000,-0.1196,0.1770,3.450,black,0.925,46.20,1,1,1,0,3.66,2,3.2,54,2788|2799,
2825,3.1040,-0.1144,0.0868,3.004,good,0.034,8.13,0,0,0,0,11.39,3,0.0,,,
2826,3.1040,-0.1179,0.1605,2.587,good,0.027,3.60,0,0,0,0,24.23,3,0.0,,,
2828,3.1040,-0.1091,-0.2214,2.963,good,0.000,1.30,0,0,0,0,10.56,3,0.0,,,
2831,3.1040,-0.1161,-0.0445,3.450,good,0.055,6.73,0,0,0,0,2.65,2,0.0,,,
2832,3.1040,-0.1138,-0.0881,3.450,good,0.001,3.76,0,0,0,0,1.97,2,0.0,,,
2833,3.1040,-0.1164,0.1402,3.001,faded,0.525,6.13,1,1,1,0,12.13,2,3.2,49|50,2813,
2829,3.1080,-0.1098,-0.0508,3.369,good,0.009,6.97,0,0,0,0,2.27,3,0.0,,,
2830,3.1080,-0.1092,0.0228,3.000,sour,0.983,13.01,1,1,1,0,9.73,3,3.2,34|35,2829,2829
2848,3.1080,-0.1076,0.1572,3.000,good,0.017,3.62,0,0,0,0,9.19,1,0.0,,,
2834,3.1120,-0.1152,0.1788,3.002,faded,0.996,4.99,1,1,1,0,11.67,3,3.2,54|55,2811,
2835,3.1120,-0.1116,-0.2448,3.175,faded,0.996,4.38,1,1,1,0,6.66,3,3.2,0,2839,
2836,3.1120,-0.1130,-0.0282,3.001,shell,0.999,10.11,1,1,1,0,10.96,3,2.4,28,2820,2820
2837,3.1120,-0.1135,0.0567,2.965,insect,0.983,14.32,1,1,1,0,12.02,3,3.0,39,2801,2801
2838,3.1120,-0.1090,0.1558,3.032,good,0.000,3.31,0,0,0,0,8.93,3,0.0,,,
2845,3.1120,-0.1197,0.2336,2.895,good,0.000,3.78,0,0,0,0,15.88,2,0.0,,,
2846,3.1120,-0.1178,0.0544,3.000,faded,0.818,7.28,1,1,1,0,12.61,2,3.2,38|39,2827,2827
2847,3.1120,-0.1154,-0.0733,3.004,good,0.010,7.52,0,0,0,0,11.69,2,0.0,,,
2839,3.1160,-0.1160,0.0200,3.000,insect,1.000,10.11,1,1,1,0,12.01,3,3.1,34,2810,2810
2840,3.1160,-0.1152,0.1881,2.984,good,0.014,5.41,0,0,0,0,12.12,3,0.0,,,
2841,3.1160,-0.1103,-0.1860,3.013,good,0.000,5.53,0,0,0,0,9.81,3,0.0,,,
2842,3.1160,-0.1095,-0.0852,3.000,shell,0.999,9.33,1,1,1,0,9.82,3,2.4,21|20,2802,2802
2843,3.1160,-0.1111,0.1653,2.992,stick,1.000,33.62,1,1,1,0,10.53,3,2.4,53|52,2822,2822
2844,3.1160,-0.1083,0.1475,2.985,faded,1.000,7.64,1,1,1,0,9.78,3,3.2,50|51,2826,
2849,3.1200,-0.1104,-0.2336,3.001,good,0.000,4.79,0,0,0,0,10.13,3,0.0,,,
2850,3.1200,-0.1099,-0.1532,3.002,faded,0.990,3.63,1,1,1,0,9.93,3,3.2,12,2816,2816
2851,3.1280,-0.1134,0.0849,3.237,shell,1.000,10.46,1,1,1,0,5.93,3,2.4,42|43,2846,
2852,3.1280,-0.1136,-0.1845,2.761,faded,0.999,6.11,1,1,1,0,17.37,3,3.2,8,2818,
2853,3.1280,-0.1123,0.0507,2.664,good,0.002,7.82,0,0,0,0,19.69,3,0.0,,,
2854,3.1280,-0.1134,0.1089,2.553,good,0.027,4.91,0,0,0,0,23.59,3,0.0,,,
2857,3.1280,-0.1182,0.0136,3.094,black,0.998,43.81,1,1,1,0,10.53,2,3.2,33,2836,
2855,3.1320,-0.1119,-0.1632,2.999,good,0.155,5.12,0,0,0,0,10.65,3,0.0,,,
2856,3.1320,-0.1097,-0.1771,2.798,faded,1.000,7.68,1,1,1,0,14.94,3,3.2,9,2835,
2862,3.1320,-0.1158,0.0263,3.045,good,0.002,6.26,0,0,0,0,10.88,2,0.0,,,
2865,3.1320,-0.1004,0.0814,3.000,shell,0.999,9.98,1,1,1,0,6.80,1,2.4,42,2846,
2858,3.1360,-0.1132,-0.1508,3.014,shell,0.998,9.02,1,1,1,0,10.75,3,2.4,12,2867,2867
2859,3.1360,-0.1145,0.0383,3.000,faded,1.000,4.84,1,1,1,0,11.52,3,3.2,36|37,2830,2830
2860,3.1360,-0.1130,-0.2134,2.977,faded,0.846,4.90,1,1,1,0,11.56,3,3.2,4,2842,2842
2861,3.1360,-0.1089,-0.1209,2.988,good,0.000,5.34,0,0,0,0,9.92,3,0.0,,,
2863,3.1400,-0.1116,0.0112,3.007,husk,0.999,11.95,1,1,1,0,10.35,3,2.4,33,2840,
2864,3.1400,-0.1104,-0.1352,3.014,good,0.002,5.75,0,0,0,0,9.81,3,0.0,,,
2866,3.1400,-0.1194,0.0621,3.029,good,0.001,5.69,0,0,0,0,12.43,2,0.0,,,
2867,3.1400,-0.1303,0.1628,3.000,faded,0.559,4.81,1,1,1,0,12.78,1,3.2,52|53,,
2873,3.1400,-0.1170,0.1666,3.000,good,0.345,4.81,0,0,0,0,12.35,1,0.0,,,
2872,3.1440,-0.1170,0.0555,2.963,good,0.341,7.88,0,0,0,0,13.22,2,0.0,,,
2876,3.1440,-0.1037,0.1705,3.000,good,0.411,4.68,0,0,0,0,7.91,1,0.0,,,
2868,3.1480,-0.1127,-0.2005,3.009,good,0.009,6.02,0,0,0,0,10.67,3,0.0,,,
2869,3.1480,-0.1147,0.1949,2.954,good,0.000,2.52,0,0,0,0,12.69,3,0.0,,,
2870,3.1480,-0.1132,0.1793,3.011,good,0.001,5.42,0,0,0,0,10.81,3,0.0,,,
2871,3.1480,-0.1079,-0.2308,3.029,good,0.003,5.37,0,0,0,0,8.65,3,0.0,,,
2875,3.1480,-0.1145,0.1439,3.154,faded,0.692,4.66,1,1,1,0,8.03,2,3.2,50,2833,2833
2874,3.1520,-0.1106,0.2150,2.894,good,0.167,2.80,0,0,0,0,12.76,3,0.0,,,
2880,3.1520,-0.1188,0.1439,2.941,faded,0.723,5.17,1,1,1,0,14.42,2,3.1,50,2837|2857,2857
2877,3.1560,-0.1155,0.1588,2.999,faded,1.000,6.19,1,1,1,0,11.86,3,3.2,52,2869,2869
2878,3.1560,-0.1117,0.0371,3.001,good,0.005,7.04,0,0,0,0,10.55,3,0.0,,,
2879,3.1560,-0.1084,-0.1012,3.000,faded,0.882,9.68,1,1,1,0,9.46,3,2.5,19|18,2859,
2882,3.1560,-0.1184,-0.1689,3.013,good,0.014,6.04,0,0,0,0,12.49,2,0.0,,,
2883,3.1560,-0.1175,0.2225,2.888,good,0.440,3.01,0,0,0,0,15.30,2,0.0,,,
2881,3.1600,-0.1140,-0.2227,3.098,good,0.000,3.25,0,0,0,0,9.08,3,0.0,,,
2886,3.1600,-0.1159,0.1753,3.450,good,0.024,4.02,0,0,0,0,2.57,2,0.0,,,
2887,3.1600,-0.1163,0.0899,3.090,faded,0.971,8.41,1,1,1,0,10.01,2,3.2,43,2855,
2888,3.1600,-0.1164,0.1194,2.908,good,0.015,7.33,0,0,0,0,14.39,2,0.0,,,
2884,3.1640,-0.1131,0.0252,2.989,shell,1.000,9.23,1,1,1,0,11.30,3,2.4,35,2862,2862
2885,3.1640,-0.1082,-0.0698,3.004,good,0.001,6.35,0,0,0,0,9.29,3,0.0,,,
2894,3.1640,-0.1177,0.0564,3.028,faded,0.856,4.21,1,1,1,0,11.88,2,3.2,39,2865,
2895,3.1640,-0.1159,-0.0823,2.975,good,0.007,6.55,0,0,0,0,12.57,2,0.0,,,
2896,3.1640,-0.1040,0.0866,3.000,faded,0.968,8.62,1,1,1,0,8.00,1,3.1,43|42,2855,2855
2889,3.1680,-0.1145,0.0278,2.899,good,0.154,6.49,0,0,0,0,13.98,3,0.0,,,
2890,3.1680,-0.1142,0.1468,3.000,good,0.000,6.72,0,0,0,0,11.38,3,0.0,,,
2891,3.1680,-0.1132,-0.0198,2.697,good,0.306,8.13,0,0,0,0,19.04,3,0.0,,,
2892,3.1680,-0.1128,0.1815,2.592,good,0.062,3.83,0,0,0,0,22.09,3,0.0,,,
2893,3.1680,-0.1096,0.2231,3.004,good,0.006,3.35,0,0,0,0,9.78,3,0.0,,,
2901,3.1720,-0.1189,-0.1103,3.011,good,0.070,7.89,0,0,0,0,12.70,2,0.0,,,
2897,3.1760,-0.1146,-0.2065,2.855,good,0.000,5.04,0,0,0,0,15.18,3,0.0,,,
2898,3.1760,-0.1122,0.0283,2.992,good,0.002,5.24,0,0,0,0,10.91,3,0.0,,,
2899,3.1760,-0.1108,0.1786,3.000,black,1.000,49.75,1,1,1,0,10.25,3,3.2,54|55,2883,2883
2900,3.1760,-0.1083,0.0689,3.000,good,0.002,5.38,0,0,0,0,9.44,3,0.0,,,
2905,3.1760,-0.1163,0.0469,3.171,good,0.002,6.40,0,0,0,0,8.20,2,0.0,,,
2906,3.1760,-0.1164,0.0841,2.996,good,0.004,6.03,0,0,0,0,12.22,2,0.0,,,
2902,3.1800,-0.1128,-0.2176,2.992,good,0.000,3.22,0,0,0,0,11.13,3,0.0,,,
2903,3.1800,-0.1126,-0.1168,2.990,good,0.003,4.78,0,0,0,0,11.12,3,0.0,,,
2904,3.1800,-0.1093,0.1033,2.979,faded,0.928,6.22,1,1,1,0,10.27,3,3.2,45,2866,2866
2907,3.1840,-0.1106,0.0453,2.852,good,0.048,7.59,0,0,0,0,13.85,3,0.0,,,
2910,3.1840,-0.1181,-0.1575,2.796,good,0.246,7.69,0,0,0,0,18.01,2,0.0,,,
2911,3.1840,-0.1178,0.2045,3.171,good,0.024,3.17,0,0,0,0,8.67,2,0.0,,,
2912,3.1840,-0.1174,0.0660,2.951,faded,0.797,6.46,1,1,1,0,13.66,2,3.2,40,2884,2884
2908,3.1880,-0.1143,0.1893,3.010,good,0.002,4.13,0,0,0,0,11.19,3,0.0,,,
2909,3.1880,-0.1116,-0.1678,3.000,good,0.489,6.41,0,0,0,0,10.54,3,0.0,,,
2917,3.1880,-0.1185,0.1457,2.961,good,0.050,7.02,0,0,0,0,13.79,2,0.0,,,
2913,3.1920,-0.1153,-0.0313,3.001,sour,0.999,9.37,1,1,1,0,11.72,3,3.2,27|28,2885,2885
2914,3.1920,-0.1094,0.1640,3.174,good,0.003,8.09,0,0,0,0,5.99,3,0.0,,,
2915,3.1920,-0.1104,0.2051,3.012,good,0.001,5.08,0,0,0,0,9.86,3,0.0,,,
2916,3.1920,-0.1107,-0.1830,2.998,good,0.430,6.16,0,0,0,0,10.29,3,0.0,,,
2918,3.1960,-0.1153,0.0282,2.957,good,0.450,7.29,0,0,0,0,12.82,3,0.0,,,
2919,3.1960,-0.1139,0.1182,3.001,black,1.000,43.05,1,1,1,0,11.30,3,3.2,47|46,2907,
2920,3.1960,-0.1240,-0.1371,3.378,black,1.000,48.18,1,1,1,0,2.31,2,3.2,14,,
2921,3.1960,-0.1126,-0.0852,2.995,faded,1.000,6.20,1,1,1,0,10.99,3,3.2,21|20,2916,
2923,3.1960,-0.1189,0.0648,3.040,shell,1.000,8.90,1,1,1,0,12.01,2,2.4,40,2887,2887
2924,3.1960,-0.1179,-0.1286,2.983,good,0.002,2.34,0,0,0,0,13.06,2,0.0,,,
2926,3.1960,-0.1105,-0.1332,3.000,black,1.000,48.07,1,1,1,0,10.17,1,3.2,14|15,2900,
2922,3.2000,-0.1124,0.0911,3.002,good,0.280,7.00,0,0,0,0,10.74,3,0.0,,,
2925,3.2040,-0.1113,0.2055,2.951,good,0.000,4.23,0,0,0,0,11.60,3,0.0,,,
2930,3.2040,-0.1198,-0.0973,2.951,faded,0.660,6.12,1,1,1,0,14.49,2,3.2,19,2913,2913
2927,3.2080,-0.1090,-0.2265,3.450,good,0.067,6.48,0,0,0,0,0.58,3,0.0,,,
2928,3.2080,-0.1121,-0.1539,3.001,faded,0.996,5.54,1,1,1,0,10.66,3,3.2,12,2911,2911
2929,3.2080,-0.1106,0.1385,3.081,good,0.001,5.49,0,0,0,0,8.34,3,0.0,,,
2932,3.2080,-0.1176,0.0371,3.034,husk,0.587,8.58,1,1,1,0,11.73,2,2.4,36,2896|2906,
2931,3.2120,-0.1118,-0.1466,2.993,shell,0.983,8.93,1,1,1,0,10.76,3,2.4,13,2902,2902
2933,3.2160,-0.1145,0.1976,3.012,good,0.000,2.16,0,0,0,0,11.23,3,0.0,,,
2934,3.2160,-0.1145,0.1513,3.021,faded,0.941,3.49,1,1,1,0,10.98,3,3.2,51,2925,
2935,3.2160,-0.1111,0.0596,3.006,good,0.088,6.97,0,0,0,0,10.23,3,0.0,,,
2936,3.2200,-0.1146,0.0266,3.001,good,0.004,7.51,0,0,0,0,11.49,3,0.0,,,
2937,3.2200,-0.1139,-0.1787,2.983,good,0.000,3.35,0,0,0,0,11.73,3,0.0,,,
2938,3.2200,-0.1140,0.0064,3.002,shell,0.897,7.51,1,1,1,0,11.29,3,2.4,32|33,2915,2915
2939,3.2200,-0.1126,-0.0321,2.861,good,0.112,5.94,0,0,0,0,14.31,3,0.0,,,
2940,3.2240,-0.1102,0.1400,3.301,faded,0.998,5.18,1,1,1,0,3.67,3,3.2,49|50,2934,2934
2941,3.2240,-0.1121,-0.1681,2.838,good,0.001,5.75,0,0,0,0,14.73,3,0.0,,,
2946,3.2240,-0.1193,-0.0632,2.996,shell,0.935,8.27,1,1,1,0,13.20,2,2.4,23|24,2922,
2947,3.2240,-0.1184,0.1867,3.071,shell,0.522,7.92,1,1,1,0,11.10,2,2.4,55|56,2918,
2942,3.2280,-0.1127,-0.2298,3.300,good,0.000,4.09,0,0,0,0,4.45,3,0.0,,,
2943,3.2280,-0.1151,0.2099,2.997,good,0.000,7.89,0,0,0,0,11.76,3,0.0,,,
2944,3.2280,-0.1139,0.1093,3.080,faded,0.901,4.61,1,1,1,0,9.45,3,3.2,45|46,2936,2936
2945,3.2280,-0.1113,0.0691,3.005,faded,0.731,7.29,1,1,1,0,10.32,3,3.1,40|41,2912,2912
2948,3.2320,-0.1139,0.0916,3.190,good,0.001,5.73,0,0,0,0,7.05,3,0.0,,,
2949,3.2320,-0.1130,-0.1622,3.183,sour,1.000,14.43,1,1,1,0,6.92,3,3.2,11,2943,2943
2950,3.2320,-0.1117,0.2176,2.993,good,0.001,4.58,0,0,0,0,10.74,3,0.0,,,
2951,3.2360,-0.1137,-0.1161,3.020,sour,1.000,21.22,1,1,1,0,10.74,3,3.2,17|16,2932,2932
2952,3.2360,-0.1111,0.2161,2.964,sour,1.000,18.43,1,1,1,0,11.21,3,3.2,59,2942,2942
2957,3.2360,-0.1191,-0.0759,2.985,faded,0.999,9.18,1,1,1,0,13.42,2,3.2,22,2984,2984
2958,3.2360,-0.1198,0.0450,3.002,good,0.069,7.99,0,0,0,0,13.22,2,0.0,,,
2953,3.2400,-0.1147,-0.1115,3.009,good,0.121,7.30,0,0,0,0,11.37,3,0.0,,,
2954,3.2400,-0.1156,0.1968,2.753,good,0.000,4.02,0,0,0,0,18.32,3,0.0,,,
2955,3.2400,-0.1137,0.2262,3.072,good,0.035,4.54,0,0,0,0,9.54,3,0.0,,,
2956,3.2400,-0.1131,0.0631,2.999,shell,0.999,9.75,1,1,1,0,11.08,3,2.4,40|39,2927,2927
2959,3.2440,-0.1142,0.0468,2.997,shell,0.998,8.22,1,1,1,0,11.48,3,2.4,37|38,2947,2947
2963,3.2440,-0.1170,0.1952,3.260,faded,0.954,6.16,1,1,1,0,6.57,2,3.2,56|57,2940,
2960,3.2480,-0.1125,0.0196,3.161,faded,0.999,5.11,1,1,1,0,7.22,3,3.2,34,2941,
2961,3.2480,-0.1107,0.2223,2.999,good,0.000,3.46,0,0,0,0,10.25,3,0.0,,,
2962,3.2480,-0.1087,-0.0651,3.034,shell,0.786,8.19,1,1,1,0,8.79,3,2.4,23,2946,2946
2967,3.2480,-0.1153,0.1496,3.024,good,0.109,4.96,0,0,0,0,11.21,2,0.0,,,
2964,3.2520,-0.1147,0.1724,2.744,good,0.000,4.16,0,0,0,0,18.23,3,0.0,,,
2965,3.2520,-0.1119,-0.1843,2.986,good,0.000,5.66,0,0,0,0,10.95,3,0.0,,,
2966,3.2520,-0.1119,0.0810,2.998,black,1.000,45.06,1,1,1,0,10.70,3,3.2,42,2961,2961
2971,3.2520,-0.1180,-0.0211,3.217,faded,0.704,6.18,1,1,1,0,7.77,2,3.2,29,2966,
2972,3.2520,-0.1182,0.0122,3.002,good,0.131,7.19,0,0,0,0,12.67,2,0.0,,,
2973,3.2520,-0.1116,0.0548,3.306,good,0.420,7.66,0,0,0,0,3.98,2,0.0,,,
2968,3.2560,-0.1127,0.2174,3.005,good,0.036,4.61,0,0,0,0,10.78,3,0.0,,,
2969,3.2560,-0.1136,-0.1095,2.781,faded,0.995,8.36,1,1,1,0,16.79,3,2.4,17|18,2901,2901
2970,3.2560,-0.1209,-0.0743,3.127,faded,0.985,11.15,1,1,1,0,6.66,2,3.2,22,,
2985,3.2560,-0.1084,-0.0788,3.000,faded,0.991,11.12,1,1,1,0,9.47,1,3.2,21|22,2972,
2974,3.2600,-0.1147,-0.2054,2.996,good,0.000,5.47,0,0,0,0,11.67,3,0.0,,,
2975,3.2600,-0.1264,0.2261,3.003,good,0.003,3.30,0,0,0,0,11.40,2,0.0,,,
2976,3.2600,-0.1113,-0.1824,3.002,insect,0.552,16.11,1,1,1,0,10.36,3,3.2,8,2963,2963
2977,3.2600,-0.1098,-0.1267,3.017,sour,0.985,12.85,1,1,1,0,9.53,3,3.1,15,2949,2949
2978,3.2600,-0.1118,-0.1822,2.987,insect,0.841,15.05,1,1,1,0,10.92,3,2.6,8,2963,2963
2984,3.2600,-0.1198,0.1085,2.997,good,0.015,5.74,0,0,0,0,13.32,2,0.0,,,
2991,3.2600,-0.1144,0.2303,3.000,good,0.001,3.20,0,0,0,0,11.48,1,0.0,,,
2979,3.2640,-0.1147,0.0091,3.169,good,0.000,4.13,0,0,0,0,7.74,3,0.0,,,
2980,3.2640,-0.1138,-0.1585,3.071,good,0.003,4.75,0,0,0,0,9.61,3,0.0,,,
2981,3.2640,-0.1157,0.0702,2.751,faded,0.967,6.26,1,1,1,0,18.42,3,3.2,40|41,2939,
2982,3.2640,-0.1114,0.2190,3.001,faded,0.979,6.99,1,1,1,0,10.46,3,3.2,60|59,2980,2980
2983,3.2640,-0.1102,-0.1359,3.006,good,0.016,6.28,0,0,0,0,9.93,3,0.0,,,
2990,3.2640,-0.1168,0.1926,3.038,good,0.004,4.02,0,0,0,0,11.36,2,0.0,,,
2986,3.2680,-0.1161,0.0556,3.004,faded,0.722,6.65,1,1,1,0,11.93,3,3.2,39|38,2956,2956
2987,3.2680,-0.1171,0.1702,2.895,good,0.012,3.45,0,0,0,0,15.01,3,0.0,,,
2988,3.2680,-0.1131,0.1484,3.006,good,0.039,6.93,0,0,0,0,10.89,3,0.0,,,
2989,3.2680,-0.1098,0.0907,2.720,good,0.397,7.85,0,0,0,0,17.13,3,0.0,,,
2993,3.2680,-0.1185,-0.0325,2.990,good,0.433,7.44,0,0,0,0,13.09,2,0.0,,,
2994,3.2680,-0.1156,-0.1050,3.102,good,0.001,5.29,0,0,0,0,9.51,2,0.0,,,
2992,3.2720,-0.1143,0.1588,2.873,good,0.003,2.62,0,0,0,0,14.61,3,0.0,,,
3000,3.2760,-0.1028,0.1620,3.000,good,0.001,2.45,0,0,0,0,7.61,1,0.0,,,
2995,3.2800,-0.1145,-0.0254,3.191,faded,0.999,5.27,1,1,1,0,7.21,3,3.2,28,3005,
2996,3.2800,-0.1088,0.2238,2.867,good,0.000,2.86,0,0,0,0,12.84,3,0.0,,,
2999,3.2800,-0.1097,-0.1126,3.450,good,0.000,2.83,0,0,0,0,0.77,2,0.0,,,
2997,3.2840,-0.1116,-0.1084,3.185,good,0.000,5.60,0,0,0,0,6.44,3,0.0,,,
2998,3.2840,-0.1103,0.0791,3.020,good,0.000,5.35,0,0,0,0,9.62,3,0.0,,,
3003,3.2840,-0.1194,0.0971,3.027,faded,0.843,7.44,1,1,1,0,12.49,2,3.1,44,2998,2998
3004,3.2840,-0.1176,0.0080,3.011,shell,0.996,9.00,1,1,1,0,12.27,2,2.4,33|32,2976,2976
3001,3.2880,-0.1105,0.0533,3.051,faded,0.654,7.74,1,1,1,0,8.99,3,2.9,38|39,2996,2996
3002,3.2880,-0.1084,0.0232,2.984,sour,1.000,19.88,1,1,1,0,9.84,3,3.2,34|35,2982,2982
3007,3.2880,-0.1193,-0.0249,3.027,good,0.309,7.52,0,0,0,0,12.45,2,0.0,,,
3005,3.2920,-0.1143,0.0735,3.212,good,0.003,6.73,0,0,0,0,6.72,3,0.0,,,
3006,3.2920,-0.1123,-0.0108,2.937,faded,1.000,9.17,1,1,1,0,12.29,3,3.2,30,2967,
3009,3.2920,-0.1183,-0.0448,2.970,insect,1.000,7.01,1,1,1,0,13.49,2,3.1,26,2979,2979
3010,3.2920,-0.1197,0.0920,3.005,faded,0.934,6.50,1,1,1,0,13.12,2,3.2,43,2988,2988
3011,3.2920,-0.1189,0.1632,2.598,good,0.319,5.11,0,0,0,0,24.26,2,0.0,,,
3012,3.2920,-0.1175,0.1692,2.825,good,0.001,19.72,1,1,1,0,17.01,2,9.0,53|54|52,2999,2999
3013,3.2920,-0.1121,-0.1679,2.982,good,0.009,11.76,0,0,0,0,11.12,2,0.0,,,
3008,3.2960,-0.1089,-0.1997,2.997,good,0.003,4.68,0,0,0,0,9.69,3,0.0,,,
3014,3.3000,-0.1102,-0.2115,3.005,good,0.000,4.50,0,0,0,0,9.92,3,0.0,,,
3015,3.3000,-0.1099,0.2118,3.166,good,0.012,11.56,0,0,0,0,6.30,3,0.0,,,
3016,3.3040,-0.1148,0.0451,3.013,good,0.037,7.01,0,0,0,0,11.29,3,0.0,,,
3017,3.3040,-0.1141,-0.0983,2.997,good,0.061,5.98,0,0,0,0,11.46,3,0.0,,,
3023,3.3040,-0.1152,0.0600,3.044,good,0.006,6.04,0,0,0,0,10.70,2,0.0,,,
3018,3.3080,-0.1180,0.1610,2.791,good,0.002,4.45,0,0,0,0,18.11,3,0.0,,,
3019,3.3080,-0.1172,0.0694,2.895,black,1.000,43.88,1,1,1,0,15.01,3,3.2,40|41,3026,3026
3020,3.3080,-0.1124,-0.1920,2.786,good,0.000,2.81,0,0,0,0,16.23,3,0.0,,,
3021,3.3080,-0.1105,-0.1695,3.099,good,0.001,4.87,0,0,0,0,7.92,3,0.0,,,
3022,3.3080,-0.1118,0.1794,2.909,good,0.008,2.91,0,0,0,0,12.82,3,0.0,,,
3028,3.3120,-0.1179,-0.1373,2.974,good,0.001,4.46,0,0,0,0,13.27,2,0.0,,,
3029,3.3120,-0.1158,0.0778,3.020,good,0.467,5.34,0,0,0,0,11.46,2,0.0,,,
3024,3.3160,-0.1137,-0.1738,3.026,good,0.453,5.67,0,0,0,0,10.63,3,0.0,,,
3025,3.3160,-0.1127,0.1953,3.162,good,0.000,4.84,0,0,0,0,7.26,3,0.0,,,
3026,3.3160,-0.1093,-0.2227,3.010,good,0.104,3.25,0,0,0,0,9.56,3,0.0,,,
3027,3.3160,-0.1090,0.1687,3.011,faded,1.000,5.91,1,1,1,0,9.43,3,3.2,53,3008,
3031,3.3160,-0.1157,-0.1649,3.450,good,0.002,7.38,0,0,0,0,2.53,2,0.0,,,
3030,3.3200,-0.1155,-0.1916,2.891,good,0.119,4.69,0,0,0,0,14.56,3,0.0,,,
3032,3.3200,-0.1096,-0.1258,3.000,good,0.001,4.89,0,0,0,0,9.89,3,0.0,,,
3036,3.3200,-0.1174,-0.1042,3.001,good,0.001,5.68,0,0,0,0,12.44,2,0.0,,,
3037,3.3200,-0.1142,-0.1696,2.599,good,0.000,1.84,0,0,0,0,22.43,2,0.0,,,
3033,3.3240,-0.1140,-0.1367,3.135,good,0.000,4.94,0,0,0,0,8.26,3,0.0,,,
3034,3.3240,-0.1091,0.0251,3.161,faded,0.955,7.76,1,1,1,0,6.16,3,3.2,35,3049,
3035,3.3240,-0.1102,0.1632,3.003,good,0.000,3.83,0,0,0,0,10.02,3,0.0,,,
3038,3.3240,-0.1200,-0.0350,3.450,faded,0.999,7.49,1,1,1,0,3.76,2,3.2,27,3053,
3039,3.3240,-0.1187,0.2214,3.002,good,0.029,4.69,0,0,0,0,12.85,2,0.0,,,
3045,3.3280,-0.1194,-0.1971,2.979,good,0.337,11.19,0,0,0,0,13.65,2,0.0,,,
3046,3.3280,-0.1187,-0.0145,2.985,good,0.029,7.43,0,0,0,0,13.25,2,0.0,,,
3051,3.3280,-0.1055,-0.0308,3.000,faded,0.999,7.22,1,1,1,0,8.51,1,3.2,28|27,3053,
3040,3.3320,-0.1152,-0.1119,2.993,faded,0.989,5.99,1,1,1,0,11.89,3,3.2,17,3025,
3041,3.3320,-0.1103,0.2162,3.087,sour,1.000,14.71,1,1,1,0,8.12,3,3.2,59,3029,3029
3042,3.3320,-0.1117,0.0390,2.726,faded,0.979,5.41,1,1,1,0,17.65,3,3.2,36|37,3014,3014
3043,3.3320,-0.1079,0.0725,3.246,faded,0.999,6.12,1,1,1,0,4.04,3,3.2,41,3045,
3044,3.3320,-0.1114,-0.1505,3.007,insect,0.998,28.71,1,1,1,0,10.30,3,3.1,12,3030,3030
3047,3.3320,-0.1191,-0.0525,2.990,shell,0.951,8.21,1,1,1,0,13.26,2,2.4,25,3020,3020
3049,3.3320,-0.1177,-0.0765,2.949,good,0.026,5.71,0,0,0,0,13.84,2,0.0,,,
3050,3.3320,-0.1178,0.1431,3.015,faded,0.996,6.11,1,1,1,0,12.23,2,3.2,50,3027,3027
3048,3.3360,-0.1081,0.1690,3.030,insect,1.000,5.38,1,1,1,0,8.67,3,3.1,53,3033,
3054,3.3360,-0.1193,0.0778,2.659,good,0.283,8.43,0,0,0,0,22.47,2,0.0,,,
3055,3.3360,-0.1158,0.0998,3.086,good,0.000,5.80,0,0,0,0,9.93,2,0.0,,,
3052,3.3400,-0.1132,-0.1707,3.000,good,0.057,5.59,0,0,0,0,11.08,3,0.0,,,
3053,3.3400,-0.1084,0.1538,3.001,good,0.000,3.13,0,0,0,0,9.43,3,0.0,,,
3057,3.3440,-0.1108,0.1042,3.016,good,0.000,5.17,0,0,0,0,9.91,3,0.0,,,
3056,3.3480,-0.1141,-0.2317,2.121,good,0.000,2.50,0,0,0,0,40.96,4,0.0,,,
3058,3.3480,-0.1107,-0.0109,3.182,good,0.434,8.15,0,0,0,0,6.22,3,0.0,,,
3059,3.3480,-0.1110,0.1302,2.861,good,0.084,5.88,0,0,0,0,13.75,3,0.0,,,
3065,3.3480,-0.1191,0.0138,2.994,good,0.529,7.76,1,1,1,0,13.18,2,3.0,33,3051,
3066,3.3480,-0.1151,0.1921,3.199,good,0.012,3.31,0,0,0,0,7.23,2,0.0,,,
3060,3.3520,-0.1152,-0.0544,3.000,shell,0.859,7.66,1,1,1,0,11.72,3,2.4,25|24,3048,3048
3061,3.3520,-0.1156,0.1548,2.986,good,0.001,4.59,0,0,0,0,12.19,3,0.0,,,
3062,3.3520,-0.1347,-0.1530,3.000,good,0.001,2.26,0,0,0,0,10.24,1,0.0,,,
3063,3.3520,-0.1203,0.0460,3.209,shell,1.000,9.41,1,1,1,0,4.66,2,2.4,37|38,,
3064,3.3520,-0.1094,-0.0615,2.779,good,0.072,6.69,0,0,0,0,15.34,3,0.0,,,
3070,3.3520,-0.1194,-0.0324,2.999,good,0.014,6.17,0,0,0,0,13.18,2,0.0,,,
3071,3.3520,-0.1167,-0.1734,3.013,good,0.008,5.31,0,0,0,0,11.94,2,0.0,,,
3072,3.3520,-0.1252,-0.1570,3.000,good,0.001,2.22,0,0,0,0,11.08,1,0.0,,,
3076,3.3520,-0.1158,-0.1611,3.000,good,0.017,2.02,0,0,0,0,11.93,1,0.0,,,
3077,3.3520,-0.1075,0.0423,3.000,shell,0.999,9.29,1,1,1,0,9.17,1,2.4,37,3061,
3067,3.3560,-0.1161,-0.0719,2.992,good,0.047,7.20,0,0,0,0,12.23,3,0.0,,,
3068,3.3560,-0.1151,0.1175,3.000,good,0.088,6.86,0,0,0,0,11.70,3,0.0,,,
3069,3.3560,-0.1135,0.0625,2.633,good,0.001,7.03,0,0,0,0,21.07,3,0.0,,,
3083,3.3560,-0.1193,-0.2439,3.000,good,0.016,5.65,0,0,0,0,13.10,1,0.0,,,
3084,3.3560,-0.1063,-0.1652,3.000,good,0.019,2.16,0,0,0,0,8.76,1,0.0,,,
3073,3.3600,-0.1162,-0.0906,3.004,good,0.235,4.67,0,0,0,0,11.97,3,0.0,,,
3074,3.3600,-0.1109,0.0414,3.351,good,0.001,5.37,0,0,0,0,2.94,3,0.0,,,
3075,3.3600,-0.1093,-0.1976,3.450,good,0.000,4.96,0,0,0,0,0.67,3,0.0,,,
3082,3.3600,-0.1196,0.0287,3.004,black,1.000,44.90,1,1,1,0,13.10,2,3.2,35,3052,3052
3087,3.3600,-0.1107,-0.2408,3.000,good,0.003,5.63,0,0,0,0,10.25,1,0.0,,,
3078,3.3640,-0.1162,-0.0216,2.854,good,0.001,5.73,0,0,0,0,15.74,3,0.0,,,
3079,3.3640,-0.1381,0.1415,3.000,good,0.011,7.69,0,0,0,0,11.35,1,0.0,,,
3080,3.3640,-0.1223,0.1041,3.092,good,0.002,4.78,0,0,0,0,7.90,2,0.0,,,
3081,3.3640,-0.1219,-0.1625,2.605,good,0.085,4.39,0,0,0,0,21.18,2,0.0,,,
3085,3.3640,-0.1183,0.1454,2.683,good,0.048,7.61,0,0,0,0,21.33,2,0.0,,,
3086,3.3640,-0.1146,0.1778,3.152,good,0.002,4.21,0,0,0,0,8.10,2,0.0,,,
3092,3.3640,-0.1115,-0.1580,3.000,good,0.030,4.05,0,0,0,0,10.49,1,0.0,,,
3093,3.3640,-0.1099,0.1077,3.000,good,0.002,4.76,0,0,0,0,9.97,1,0.0,,,
3094,3.3640,-0.1022,-0.2376,3.000,good,0.001,5.43,0,0,0,0,7.40,1,0.0,,,
3089,3.3680,-0.1185,0.1030,3.005,good,0.001,5.90,0,0,0,0,12.70,2,0.0,,,
3090,3.3680,-0.1160,0.0648,3.005,faded,0.999,5.68,1,1,1,0,11.89,2,3.2,40,3064,3064
3091,3.3680,-0.1149,0.1968,3.149,good,0.045,4.60,0,0,0,0,8.24,2,0.0,,,
3088,3.3720,-0.1092,-0.1400,2.992,good,0.011,5.23,0,0,0,0,9.92,3,0.0,,,
3099,3.3720,-0.1200,0.1231,3.002,faded,0.994,5.73,1,1,1,0,13.26,2,3.2,47,3062,3062
3100,3.3720,-0.1294,0.0035,3.000,shell,0.943,8.29,1,1,1,0,12.48,1,2.4,32,,
3105,3.3720,-0.1165,0.0071,3.000,shell,0.946,8.10,1,1,1,0,12.16,1,2.4,32|33,3096,
3095,3.3760,-0.1149,0.0156,2.937,good,0.096,6.72,0,0,0,0,13.15,3,0.0,,,
3096,3.3760,-0.1148,0.0442,2.999,good,0.007,4.68,0,0,0,0,11.60,3,0.0,,,
3097,3.3760,-0.1103,0.0850,2.988,faded,0.682,11.57,1,1,1,0,10.38,3,2.6,42|43,3075|3076,3075
3098,3.3760,-0.1119,0.1131,3.040,faded,1.000,7.78,1,1,1,0,9.69,3,3.2,46,3068,3068
3103,3.3760,-0.1156,-0.1550,3.244,good,0.000,4.36,0,0,0,0,6.45,2,0.0,,,
3104,3.3760,-0.1164,-0.0436,2.872,good,0.000,5.29,0,0,0,0,15.35,2,0.0,,,
3109,3.3760,-0.1035,0.0107,3.000,shell,0.971,8.27,1,1,1,0,7.85,1,2.4,33,3096,
3101,3.3800,-0.1143,-0.1204,3.002,good,0.172,7.35,0,0,0,0,11.38,3,0.0,,,
3102,3.3800,-0.1116,-0.0588,3.014,good,0.062,6.04,0,0,0,0,10.22,3,0.0,,,
3107,3.3800,-0.1183,-0.0777,3.014,good,0.000,5.39,0,0,0,0,12.42,2,0.0,,,
3108,3.3800,-0.1181,0.1702,3.085,good,0.113,3.84,0,0,0,0,10.70,2,0.0,,,
3106,3.3840,-0.1121,0.1102,3.016,faded,0.921,12.15,1,1,1,0,10.33,3,3.2,46|45,3087,3087
3112,3.3840,-0.1188,0.1503,2.991,good,0.002,6.79,0,0,0,0,13.16,2,0.0,,,
3113,3.3840,-0.1187,-0.0920,2.764,good,0.000,4.68,0,0,0,0,19.11,2,0.0,,,
3114,3.3840,-0.1170,0.1703,2.952,good,0.000,5.04,0,0,0,0,13.51,2,0.0,,,
3110,3.3880,-0.1154,0.0659,2.928,good,0.123,8.23,0,0,0,0,13.55,3,0.0,,,
3111,3.3880,-0.1124,-0.2273,3.006,faded,0.999,6.11,1,1,1,0,10.64,3,3.2,2|3,3083,3083
3118,3.3880,-0.1188,0.1939,2.993,good,0.001,2.64,0,0,0,0,13.12,2,0.0,,,
3122,3.3880,-0.1076,-0.0873,3.000,good,0.000,4.52,0,0,0,0,9.20,1,0.0,,,
3115,3.3920,-0.1159,-0.1024,2.947,good,0.016,3.51,0,0,0,0,13.26,3,0.0,,,
3116,3.3920,-0.1137,0.2248,2.969,good,0.000,3.15,0,0,0,0,11.96,3,0.0,,,
3117,3.3920,-0.1103,0.0887,3.000,good,0.000,3.80,0,0,0,0,10.10,3,0.0,,,
3121,3.3920,-0.1163,0.0646,2.973,good,0.509,6.44,1,1,1,0,12.77,2,2.4,40,3088,
3119,3.3960,-0.1141,0.1283,3.090,good,0.000,4.81,0,0,0,0,9.30,3,0.0,,,
3120,3.3960,-0.1142,-0.2026,2.917,faded,0.996,5.40,1,1,1,0,13.45,3,3.2,6|5,3091,3091
3125,3.3960,-0.1180,-0.1049,3.002,shell,0.631,7.93,1,1,1,0,12.60,2,2.4,18,3085,3085
3126,3.3960,-0.1184,0.0596,2.948,good,0.007,7.29,0,0,0,0,14.06,2,0.0,,,
3127,3.3960,-0.1156,-0.1442,3.271,good,0.026,4.30,0,0,0,0,5.91,2,0.0,,,
3123,3.4000,-0.1142,0.0420,2.991,shell,0.857,8.38,1,1,1,0,11.59,3,2.4,37,3086,3086
3124,3.4000,-0.1122,-0.0134,2.940,faded,0.898,5.93,1,1,1,0,12.18,3,3.2,30,3101,
3134,3.4000,-0.1025,-0.1404,3.000,good,0.018,4.28,0,0,0,0,7.49,1,0.0,,,
3128,3.4040,-0.1128,-0.2168,3.076,good,0.000,5.57,0,0,0,0,9.16,3,0.0,,,
3129,3.4040,-0.1127,0.2123,3.007,good,0.124,2.89,0,0,0,0,10.75,3,0.0,,,
3130,3.4040,-0.1124,0.1873,2.943,husk,1.000,12.93,1,1,1,0,12.16,3,2.4,55|56,3119,
3133,3.4040,-0.1186,-0.1584,2.928,good,0.008,6.66,0,0,0,0,14.64,2,0.0,,,
3131,3.4080,-0.1130,0.0694,2.963,good,0.058,5.40,0,0,0,0,11.89,3,0.0,,,
3132,3.4080,-0.1111,0.1052,3.018,faded,0.579,7.55,1,1,1,0,9.93,3,3.2,45,3108,3108
3135,3.4080,-0.1164,0.1173,2.998,good,0.089,7.73,0,0,0,0,12.17,2,0.0,,,
3139,3.4120,-0.1173,-0.0128,2.999,faded,0.828,7.65,1,1,1,0,12.45,2,3.1,30,3129,3129
3140,3.4120,-0.1162,0.1455,3.037,good,0.001,4.47,0,0,0,0,11.20,2,0.0,,,
3136,3.4160,-0.1127,0.0451,3.019,good,0.454,6.74,0,0,0,0,10.47,3,0.0,,,
3137,3.4160,-0.1115,-0.1266,3.004,good,0.000,5.15,0,0,0,0,10.43,3,0.0,,,
3138,3.4160,-0.1121,0.2133,2.996,good,0.002,4.03,0,0,0,0,10.79,3,0.0,,,
3144,3.4160,-0.1173,0.0218,3.450,good,0.475,5.43,0,0,0,0,2.99,2,0.0,,,
3145,3.4160,-0.1170,-0.0711,2.993,shell,0.996,8.37,1,1,1,0,12.52,2,2.4,22|23,3105,3105
3146,3.4160,-0.1185,-0.1940,2.628,good,0.001,5.17,0,0,0,0,23.12,2,0.0,,,
3147,3.4160,-0.1175,0.0865,3.048,husk,1.000,14.36,1,1,1,0,11.37,2,2.4,43|42,3109,3109
3141,3.4200,-0.1142,0.1651,2.988,good,0.506,7.67,1,1,1,0,11.69,3,3.0,53|52,3117,3117
3142,3.4200,-0.1150,-0.1761,2.480,good,0.001,4.57,0,0,0,0,26.69,3,0.0,,,
3143,3.4200,-0.1328,-0.1852,3.000,good,0.020,3.94,0,0,0,0,9.59,1,0.0,,,
3152,3.4200,-0.1194,0.0481,2.869,good,0.003,6.24,0,0,0,0,16.47,2,0.0,,,
3148,3.4240,-0.1141,0.0291,2.854,faded,0.835,5.77,1,1,1,0,15.02,3,3.2,35,3116,
3149,3.4240,-0.1125,0.1320,3.003,good,0.006,4.98,0,0,0,0,10.77,3,0.0,,,
3150,3.4240,-0.1124,-0.1686,3.001,good,0.001,3.11,0,0,0,0,10.76,3,0.0,,,
3151,3.4240,-0.1101,0.2114,3.235,good,0.005,3.72,0,0,0,0,4.96,3,0.0,,,
3153,3.4280,-0.1129,-0.0693,3.428,good,0.145,7.74,0,0,0,0,2.11,3,0.0,,,
3154,3.4280,-0.1133,-0.2238,3.052,good,0.184,18.36,0,0,0,0,9.88,3,0.0,,,
3158,3.4280,-0.1190,-0.1074,2.999,sour,1.000,14.37,1,1,1,0,13.01,2,3.2,18,3126,3126
3159,3.4280,-0.1173,0.0320,2.979,good,0.260,8.37,0,0,0,0,12.93,2,0.0,,,
3155,3.4320,-0.1156,-0.0236,2.927,good,0.460,7.18,0,0,0,0,13.65,3,0.0,,,
3156,3.4320,-0.1122,0.1698,2.974,black,1.000,48.13,1,1,1,0,11.35,3,3.2,53,3144,
3157,3.4320,-0.1089,0.0064,3.071,good,0.038,7.96,0,0,0,0,8.01,3,0.0,,,
3160,3.4360,-0.1151,-0.1077,3.031,good,0.003,5.03,0,0,0,0,10.98,3,0.0,,,
3161,3.4360,-0.1145,0.1646,3.000,good,0.034,3.66,0,0,0,0,11.50,3,0.0,,,
3162,3.4360,-0.1118,0.0009,3.001,shell,0.999,9.10,1,1,1,0,10.58,3,2.4,32|31,3138,3138
3163,3.4360,-0.1127,0.1763,2.965,good,0.001,4.50,0,0,0,0,11.73,3,0.0,,,
3164,3.4360,-0.1106,0.1151,2.951,good,0.001,4.96,0,0,0,0,11.35,3,0.0,,,
3165,3.4360,-0.1102,0.1450,2.693,good,0.000,4.54,0,0,0,0,18.06,3,0.0,,,
3169,3.4360,-0.1190,-0.2052,3.032,good,0.001,2.98,0,0,0,0,12.25,2,0.0,,,
3170,3.4360,-0.1295,-0.1747,3.000,good,0.001,5.58,0,0,0,0,12.50,1,0.0,,,
3176,3.4360,-0.1174,-0.1782,3.000,good,0.001,5.53,0,0,0,0,12.47,1,0.0,,,
3166,3.4400,-0.1136,-0.0387,2.998,faded,0.925,7.39,1,1,1,0,11.26,3,2.7,27|26,3156,3156
3167,3.4400,-0.1137,0.1897,3.057,good,0.000,2.97,0,0,0,0,9.90,3,0.0,,,
3168,3.4400,-0.1090,0.1525,2.965,good,0.000,5.14,0,0,0,0,10.51,3,0.0,,,
3173,3.4400,-0.1200,0.2326,3.071,good,0.367,6.22,0,0,0,0,11.63,2,0.0,,,
3175,3.4400,-0.1192,0.0719,2.857,good,0.000,4.35,0,0,0,0,16.71,2,0.0,,,
3179,3.4400,-0.1053,-0.1817,3.000,good,0.002,5.27,0,0,0,0,8.45,1,0.0,,,
3171,3.4440,-0.1125,-0.2234,3.191,good,0.349,13.07,0,0,0,0,6.60,3,0.0,,,
3172,3.4440,-0.1100,-0.1269,3.161,faded,0.717,4.57,1,1,1,0,6.43,3,3.2,15,3162,
3174,3.4440,-0.1085,-0.0525,2.937,faded,0.697,5.83,1,1,1,0,10.98,3,3.2,25,3134,3134
3178,3.4440,-0.1185,-0.1185,2.997,faded,1.000,12.20,1,1,1,0,12.90,2,3.2,16|17,3151,3151
3177,3.4480,-0.1115,-0.0506,3.227,good,0.000,5.54,0,0,0,0,5.55,3,0.0,,,
3180,3.4520,-0.1149,-0.0195,2.976,faded,0.663,5.23,1,1,1,0,12.21,3,3.2,29,3143,
3181,3.4520,-0.1120,-0.2027,3.020,good,0.199,7.46,0,0,0,0,10.20,3,0.0,,,
3182,3.4560,-0.1154,0.0693,3.017,good,0.000,4.72,0,0,0,0,11.37,3,0.0,,,
3183,3.4560,-0.1101,0.0591,2.998,good,0.026,5.59,0,0,0,0,10.08,3,0.0,,,
3184,3.4560,-0.1092,0.0117,2.985,good,0.024,6.88,0,0,0,0,10.10,3,0.0,,,
3185,3.4600,-0.1121,-0.2140,3.000,good,0.000,4.93,0,0,0,0,10.69,3,0.0,,,
3186,3.4600,-0.1367,-0.1479,3.000,good,0.008,3.63,0,0,0,0,10.91,1,0.0,,,
3187,3.4600,-0.1105,-0.0371,3.001,good,0.000,6.15,0,0,0,0,10.15,3,0.0,,,
3188,3.4600,-0.1130,-0.0664,3.450,good,0.052,4.44,0,0,0,0,1.75,2,0.0,,,
3189,3.4600,-0.1169,0.0764,3.127,good,0.002,7.22,0,0,0,0,9.34,2,0.0,,,
3190,3.4600,-0.1250,-0.1449,3.000,good,0.006,3.61,0,0,0,0,11.00,1,0.0,,,
3199,3.4600,-0.1133,-0.1419,3.000,good,0.005,3.65,0,0,0,0,11.10,1,0.0,,,
3195,3.4640,-0.1180,-0.1066,3.032,black,1.000,45.96,1,1,1,0,11.90,2,3.2,18,3176,
3196,3.4640,-0.1198,-0.1671,2.585,faded,0.999,6.67,1,1,1,0,25.00,2,3.2,10,3150,
3197,3.4640,-0.1189,0.0417,3.000,faded,0.775,8.13,1,1,1,0,12.96,2,2.4,37,3170,3170
3198,3.4640,-0.1157,-0.2076,3.221,faded,0.811,7.36,1,1,1,0,6.96,2,3.0,5,3166,3166
3203,3.4640,-0.1016,-0.1388,3.000,good,0.012,3.66,0,0,0,0,7.19,1,0.0,,,
3191,3.4680,-0.1389,-0.2058,3.000,good,0.148,5.16,0,0,0,0,11.65,1,0.0,,,
3192,3.4680,-0.1158,-0.0128,2.643,good,0.242,8.31,0,0,0,0,21.67,3,0.0,,,
3193,3.4680,-0.1127,0.1921,2.997,good,0.001,3.19,0,0,0,0,10.96,3,0.0,,,
3194,3.4680,-0.1108,-0.0824,3.001,shell,0.982,8.97,1,1,1,0,10.23,3,2.4,21,3165,3165
3200,3.4680,-0.1182,-0.1283,3.007,good,0.426,4.63,0,0,0,0,12.58,2,0.0,,,
3201,3.4680,-0.1171,-0.1202,2.967,good,0.000,6.52,0,0,0,0,13.20,2,0.0,,,
3202,3.4680,-0.1274,-0.2105,3.000,good,0.072,5.17,0,0,0,0,11.81,1,0.0,,,
3206,3.4680,-0.1159,-0.2153,3.000,good,0.028,5.18,0,0,0,0,11.97,1,0.0,,,
3213,3.4720,-0.1052,-0.0161,3.000,broken,0.538,8.21,1,1,1,0,8.40,1,2.4,29|30,3188,
3214,3.4720,-0.1044,-0.2200,3.000,good,0.039,5.20,0,0,0,0,8.13,1,0.0,,,
3204,3.4760,-0.1146,-0.0648,3.004,good,0.136,5.48,0,0,0,0,11.44,3,0.0,,,
3205,3.4760,-0.1108,0.0433,3.000,good,0.003,4.58,0,0,0,0,10.26,3,0.0,,,
3218,3.4760,-0.1195,-0.1679,3.000,good,0.001,3.01,0,0,0,0,13.16,1,0.0,,,
3207,3.4800,-0.1155,-0.2242,3.005,good,0.000,2.91,0,0,0,0,11.72,3,0.0,,,
3208,3.4800,-0.1130,0.1339,2.996,good,0.006,7.76,0,0,0,0,11.09,3,0.0,,,
3209,3.4800,-0.1125,0.1749,2.992,good,0.001,4.15,0,0,0,0,11.05,3,0.0,,,
3210,3.4800,-0.1104,-0.1309,3.052,good,0.392,9.11,0,0,0,0,8.93,3,0.0,,,
3211,3.4800,-0.1345,-0.1649,3.000,good,0.002,3.01,0,0,0,0,10.16,1,0.0,,,
3212,3.4800,-0.1092,0.2294,3.008,good,0.001,2.35,0,0,0,0,9.56,3,0.0,,,
3223,3.4800,-0.1045,-0.1708,3.000,good,0.001,3.00,0,0,0,0,8.18,1,0.0,,,
3215,3.4840,-0.1139,0.0200,2.971,shell,0.785,8.27,1,1,1,0,11.99,3,2.4,34,3171,3171
3216,3.4840,-0.1140,-0.0101,2.944,faded,1.000,8.79,1,1,1,0,12.68,3,3.2,30,3167,3167
3217,3.4840,-0.1098,0.2180,2.747,faded,0.936,4.75,1,1,1,0,16.36,3,3.2,59|60,3136,3136
3221,3.4840,-0.1193,0.2163,3.013,good,0.000,3.45,0,0,0,0,12.77,2,0.0,,,
3222,3.4840,-0.1171,0.0579,2.805,black,1.000,48.88,1,1,1,0,17.40,2,3.2,39,3164,
3219,3.4880,-0.1132,-0.2284,3.004,good,0.018,5.71,0,0,0,0,10.98,3,0.0,,,
3220,3.4880,-0.1130,-0.0558,3.002,good,0.278,7.32,0,0,0,0,10.97,3,0.0,,,
3231,3.4880,-0.1176,0.1305,3.303,good,0.007,6.22,0,0,0,0,5.86,2,0.0,,,
3224,3.4920,-0.1190,0.1513,2.481,good,0.000,5.36,0,0,0,0,28.27,3,0.0,,,
3225,3.4920,-0.1105,-0.0890,2.972,good,0.050,7.01,0,0,0,0,10.83,3,0.0,,,
3226,3.4920,-0.1106,-0.1980,3.088,good,0.069,5.77,0,0,0,0,8.18,3,0.0,,,
3227,3.4920,-0.1100,0.0084,3.382,faded,0.657,4.73,1,1,1,0,2.09,3,3.2,33|32,3210,3210
3228,3.4920,-0.1257,0.2406,2.456,black,1.000,52.69,1,1,1,0,27.90,2,3.2,62,3250,
3229,3.4920,-0.1091,-0.0995,3.147,good,0.001,5.89,0,0,0,0,6.44,3,0.0,,,
3230,3.4920,-0.1095,0.0742,3.012,faded,1.000,8.01,1,1,1,0,9.56,3,3.2,41,3198,3198
3234,3.4920,-0.1156,0.1198,3.450,faded,0.719,4.33,1,1,1,0,2.48,2,3.1,47,3216,
3235,3.4920,-0.1160,0.0221,3.029,good,0.001,6.96,0,0,0,0,11.32,2,0.0,,,
3238,3.4920,-0.1188,0.2433,3.000,good,0.204,20.76,1,1,1,0,12.93,1,9.0,63|62|64,3155|3250,
3232,3.4960,-0.1163,-0.1659,2.602,faded,0.516,5.22,1,1,1,0,23.13,3,3.2,10,3203,
3233,3.4960,-0.1368,0.2427,3.000,good,0.017,3.09,0,0,0,0,10.92,1,0.0,,,
3237,3.4960,-0.1197,0.0155,3.029,shell,0.958,9.60,1,1,1,0,12.54,2,2.4,33|34,3194,3194
3236,3.5000,-0.1089,-0.0443,2.987,shell,1.000,9.36,1,1,1,0,9.96,3,2.4,26,3206,
3239,3.5000,-0.1184,-0.0528,3.001,faded,0.995,7.34,1,1,1,0,12.79,2,3.2,25,3208,3208
3240,3.5000,-0.1149,-0.1972,3.283,good,0.056,3.39,0,0,0,0,5.47,2,0.0,,,
3242,3.5040,-0.1183,0.2349,2.768,broken,0.733,4.55,1,1,1,0,18.86,2,2.4,62|61,3214,3214
3241,3.5080,-0.1122,0.0392,2.994,faded,0.925,9.29,1,1,1,0,10.88,3,3.2,37|36,3196,3196
3244,3.5080,-0.1190,0.0964,2.976,good,0.000,6.04,0,0,0,0,13.56,2,0.0,,,
3243,3.5120,-0.1137,-0.1474,3.111,black,1.000,43.51,1,1,1,0,8.70,3,3.2,13|12,3193,3193
3246,3.5120,-0.1131,0.0917,3.403,good,0.334,3.11,0,0,0,0,2.61,2,0.0,,,
3245,3.5160,-0.1108,0.1065,3.450,faded,0.942,6.55,1,1,1,0,1.11,3,3.2,45,3234,
3250,3.5160,-0.1192,-0.1708,2.951,good,0.002,4.64,0,0,0,0,14.28,2,0.0,,,
3251,3.5160,-0.1165,-0.1199,3.008,husk,0.700,7.30,1,1,1,0,11.97,2,2.4,16,3227,
3247,3.5200,-0.1134,0.1222,2.975,good,0.184,5.19,0,0,0,0,11.72,3,0.0,,,
3248,3.5200,-0.1121,-0.0223,2.976,good,0.204,7.26,0,0,0,0,11.24,3,0.0,,,
3249,3.5200,-0.1078,-0.0953,3.258,good,0.011,3.32,0,0,0,0,3.78,3,0.0,,,
3252,3.5240,-0.1084,0.0385,2.984,good,0.002,4.83,0,0,0,0,9.83,3,0.0,,,
3254,3.5240,-0.1194,0.0579,3.013,good,0.214,8.59,0,0,0,0,12.82,2,0.0,,,
3255,3.5240,-0.1186,0.0147,3.334,good,0.061,7.42,0,0,0,0,5.58,2,0.0,,,
3256,3.5240,-0.1165,0.0966,3.450,faded,0.982,6.20,1,1,1,0,2.75,2,3.2,44,3232,
3257,3.5240,-0.1161,0.1354,3.010,faded,0.665,7.74,1,1,1,0,11.81,2,3.0,49,3251,3251
3253,3.5280,-0.1074,-0.0598,3.324,good,0.001,5.64,0,0,0,0,2.41,3,0.0,,,
3265,3.5280,-0.1023,0.0995,3.000,faded,0.979,5.77,1,1,1,0,7.44,1,3.2,44,3232,
3258,3.5320,-0.1123,0.1506,3.003,faded,0.979,8.31,1,1,1,0,10.71,3,3.2,51,3207,3207
3259,3.5320,-0.1090,0.1989,2.979,good,0.040,4.89,0,0,0,0,10.14,3,0.0,,,
3260,3.5320,-0.1072,-0.1254,3.310,good,0.050,3.49,0,0,0,0,2.60,3,0.0,,,
3261,3.5320,-0.1082,-0.1866,3.003,good,0.002,6.16,0,0,0,0,9.33,3,0.0,,,
3264,3.5320,-0.1195,0.0245,3.006,good,0.495,8.46,0,0,0,0,13.03,2,0.0,,,
3262,3.5360,-0.1252,0.2250,2.722,faded,0.924,3.56,1,1,1,0,18.73,2,3.2,60,,
3263,3.5360,-0.1226,-0.1488,2.695,faded,0.812,5.90,1,1,1,0,18.58,2,3.2,12|13,,
3271,3.5360,-0.1143,-0.0695,3.018,good,0.224,12.84,0,0,0,0,11.00,2,0.0,,,
3272,3.5360,-0.1188,0.0242,2.510,good,0.300,8.14,0,0,0,0,27.15,2,0.0,,,
3275,3.5360,-0.1143,0.2209,3.000,faded,0.850,3.52,1,1,1,0,11.42,1,3.2,60,3221,
3276,3.5360,-0.1117,-0.1445,3.000,faded,0.820,5.93,1,1,1,0,10.58,1,3.2,13,3219,
3266,3.5400,-0.1183,0.1882,2.580,good,0.008,9.35,0,0,0,0,24.61,3,0.0,,,
3267,3.5400,-0.1148,-0.1656,2.987,good,0.007,4.66,0,0,0,0,11.91,3,0.0,,,
3268,3.5400,-0.1254,0.1123,3.002,insect,1.000,6.45,1,1,1,0,11.09,2,3.1,46,,
3269,3.5400,-0.1124,-0.0384,2.995,shell,0.901,10.24,1,1,1,0,10.91,3,2.4,27|26,3238,3238
3270,3.5400,-0.1093,0.0924,2.977,good,0.001,5.04,0,0,0,0,10.30,3,0.0,,,
3274,3.5400,-0.1126,0.0233,3.450,good,0.492,10.19,0,0,0,0,1.63,2,0.0,,,
3279,3.5400,-0.1134,0.1090,3.000,insect,1.000,5.03,1,1,1,0,11.15,1,3.1,45|46,3226,
3273,3.5440,-0.1109,-0.0108,3.002,good,0.066,7.84,0,0,0,0,10.24,3,0.0,,,
3277,3.5480,-0.1163,-0.1520,2.999,good,0.210,4.38,0,0,0,0,12.12,3,0.0,,,
3278,3.5480,-0.1085,0.1678,2.989,good,0.001,6.28,0,0,0,0,9.74,3,0.0,,,
3285,3.5480,-0.1103,0.2227,3.450,good,0.037,6.74,0,0,0,0,0.94,2,0.0,,,
3280,3.5520,-0.1149,0.1643,3.094,faded,0.999,7.50,1,1,1,0,9.47,3,3.2,53|52,3231,3231
3281,3.5520,-0.1132,-0.1971,2.992,faded,0.986,4.19,1,1,1,0,11.27,3,3.2,6,3258,3258
3282,3.5520,-0.1121,0.0495,3.102,good,0.140,7.03,0,0,0,0,8.39,3,0.0,,,
3283,3.5520,-0.1117,-0.2085,3.031,good,0.024,4.09,0,0,0,0,9.84,3,0.0,,,
3284,3.5520,-0.1109,-0.0022,2.814,good,0.002,5.51,0,0,0,0,14.93,3,0.0,,,
3286,3.5520,-0.1168,-0.1202,3.003,good,0.081,6.80,0,0,0,0,12.19,2,0.0,,,
3287,3.5600,-0.1145,0.2191,3.016,sour,1.000,13.86,1,1,1,0,11.11,3,3.2,60|59,3274,3274
3288,3.5600,-0.1130,-0.0116,3.023,good,0.002,19.87,1,1,1,0,10.47,3,9.0,30|31|29,3242,3242
3289,3.5600,-0.1157,0.1083,2.783,good,0.151,5.28,0,0,0,0,17.50,3,0.0,,,
3290,3.5600,-0.1115,-0.0708,3.170,faded,0.904,6.05,1,1,1,0,6.72,3,3.2,22|23,3265,
3291,3.5600,-0.1143,-0.0135,2.994,shell,0.943,15.02,1,1,1,0,11.57,3,2.4,30,3242,3242
3292,3.5600,-0.1111,0.0723,2.999,insect,1.000,6.95,1,1,1,0,10.40,3,3.1,41,3248,
3294,3.5600,-0.1196,0.0901,3.105,good,0.024,5.36,0,0,0,0,10.73,2,0.0,,,
3295,3.5600,-0.1191,-0.0407,3.002,good,0.020,5.74,0,0,0,0,12.98,2,0.0,,,
3293,3.5640,-0.1113,0.1320,2.542,good,0.016,4.01,0,0,0,0,23.15,3,0.0,,,
3296,3.5680,-0.1147,0.1396,3.018,faded,0.999,7.57,1,1,1,0,11.16,3,3.2,49|50,3257,3257
3297,3.5680,-0.1147,-0.1489,2.988,good,0.137,8.58,0,0,0,0,11.86,3,0.0,,,
3298,3.5680,-0.1145,0.0976,2.839,good,0.011,4.21,0,0,0,0,15.57,3,0.0,,,
3299,3.5680,-0.1120,-0.2041,3.035,good,0.001,3.85,0,0,0,0,9.86,3,0.0,,,
3300,3.5680,-0.1118,-0.1392,3.003,insect,1.000,7.60,1,1,1,0,10.53,3,3.1,14|13,3267,3267
3301,3.5720,-0.1223,0.0330,3.450,stone,0.892,16.32,1,1,1,0,0.44,2,8.4,36|35|37,3282,
3302,3.5720,-0.1254,0.0121,2.536,insect,1.000,10.22,1,1,1,0,24.89,2,3.1,33,,
3303,3.5720,-0.1084,0.1966,2.939,good,0.001,2.79,0,0,0,0,10.92,3,0.0,,,
3308,3.5720,-0.1307,0.1246,3.000,good,0.000,5.11,0,0,0,0,12.91,1,0.0,,,
3312,3.5720,-0.1153,0.0151,3.000,insect,1.000,9.87,1,1,1,0,11.75,1,3.1,33|34,3288,
3313,3.5720,-0.1070,0.0364,3.000,stone,0.975,16.09,1,1,1,0,9.01,1,8.9,36|37|35,3317,
3304,3.5760,-0.1157,-0.2056,3.009,good,0.001,4.31,0,0,0,0,11.68,3,0.0,,,
3305,3.5760,-0.1152,-0.1791,3.052,good,0.000,4.20,0,0,0,0,10.50,3,0.0,,,
3306,3.5760,-0.1173,-0.2284,2.730,broken,0.997,3.95,1,1,1,0,19.59,3,2.4,2,3256,
3307,3.5760,-0.1082,0.0371,3.025,faded,0.862,9.45,1,1,1,0,8.82,3,2.4,36,3282,3282
3310,3.5760,-0.1188,0.1807,3.000,good,0.000,3.54,0,0,0,0,12.94,2,0.0,,,
3311,3.5760,-0.1209,0.1192,3.000,good,0.001,5.39,0,0,0,0,9.62,1,0.0,,,
3318,3.5760,-0.1110,0.1138,3.000,good,0.002,5.16,0,0,0,0,10.34,1,0.0,,,
3309,3.5800,-0.1096,-0.0950,2.999,good,0.028,5.80,0,0,0,0,9.89,3,0.0,,,
3316,3.5800,-0.1194,-0.0760,2.929,good,0.018,5.19,0,0,0,0,14.90,2,0.0,,,
3317,3.5800,-0.1189,0.1014,2.998,good,0.007,6.27,0,0,0,0,13.03,2,0.0,,,
3321,3.5800,-0.1012,0.1084,3.000,good,0.000,5.06,0,0,0,0,7.06,1,0.0,,,
3314,3.5840,-0.1135,0.2310,3.043,good,0.002,2.58,0,0,0,0,10.15,3,0.0,,,
3315,3.5840,-0.1110,-0.2205,3.000,faded,0.977,5.25,1,1,1,0,10.33,3,3.2,3,3295,3295
3320,3.5840,-0.1180,-0.0040,3.331,husk,1.000,15.40,1,1,1,0,5.44,2,2.4,31,3312,
3319,3.5880,-0.1095,0.0481,3.015,good,0.226,7.02,0,0,0,0,9.47,3,0.0,,,
3325,3.5880,-0.1200,-0.0345,3.011,good,0.065,5.69,0,0,0,0,13.06,2,0.0,,,
3326,3.5880,-0.1187,-0.1730,3.141,good,0.116,2.71,0,0,0,0,9.64,2,0.0,,,
3327,3.5880,-0.1080,-0.0761,3.450,good,0.000,5.54,0,0,0,0,0.28,2,0.0,,,
3333,3.5880,-0.1047,-0.0073,3.000,husk,0.999,15.21,1,1,1,0,8.22,1,2.4,31|30,3312,
3322,3.5920,-0.1127,0.1051,2.877,good,0.002,2.78,0,0,0,0,13.93,3,0.0,,,
3323,3.5920,-0.1116,-0.1389,2.926,good,0.010,6.64,0,0,0,0,12.32,3,0.0,,,
3324,3.5920,-0.1142,0.2244,2.684,good,0.004,2.73,0,0,0,0,19.81,3,0.0,,,
3329,3.5920,-0.1174,0.1255,3.057,good,0.028,7.83,0,0,0,0,11.10,2,0.0,,,
3330,3.5920,-0.1185,0.0419,3.241,good,0.001,5.68,0,0,0,0,7.41,2,0.0,,,
3331,3.5920,-0.1175,-0.2102,3.039,faded,1.000,5.23,1,1,1,0,11.59,2,3.2,5|4,3308,
3332,3.5920,-0.1175,-0.0496,2.989,faded,0.780,7.66,1,1,1,0,12.76,2,2.7,25,3296,3296
3328,3.5960,-0.1124,0.0159,3.002,faded,1.000,12.05,1,1,1,0,10.75,3,3.2,34|33,3292,3292
3341,3.5960,-0.1012,0.1018,3.000,good,0.003,2.80,0,0,0,0,7.06,1,0.0,,,
3342,3.5960,-0.1004,0.1254,3.000,good,0.006,5.39,0,0,0,0,6.79,1,0.0,,,
3334,3.6000,-0.1108,-0.1855,3.001,black,1.000,42.80,1,1,1,0,10.26,3,3.2,8,3301,3301
3335,3.6000,-0.1184,-0.2338,2.102,good,0.110,2.73,0,0,0,0,43.92,3,0.0,,,
3338,3.6000,-0.1200,0.1100,3.017,shell,0.659,7.99,1,1,1,0,12.91,2,2.4,46|45,3290,3290
3340,3.6000,-0.1173,0.1549,3.401,good,0.017,5.34,0,0,0,0,3.89,2,0.0,,,
3336,3.6040,-0.1114,0.1866,3.126,husk,0.936,5.68,1,1,1,0,7.63,3,2.4,55|56,3297,3297
3337,3.6040,-0.1110,0.1404,3.225,faded,0.872,5.14,1,1,1,0,5.45,3,3.2,49|50,3321,3321
3339,3.6040,-0.1085,0.0073,3.001,good,0.079,6.19,0,0,0,0,9.45,3,0.0,,,
3344,3.6040,-0.1136,-0.2285,3.450,faded,0.570,5.20,1,1,1,0,1.90,2,3.2,2,3281|3320,
3345,3.6040,-0.1109,-0.0927,3.450,faded,1.000,5.25,1,1,1,0,1.12,2,3.2,20|19,3341,
3343,3.6080,-0.1093,-0.1435,2.969,stick,1.000,49.12,1,1,1,0,10.48,3,2.4,13,3289,3289
3346,3.6120,-0.1130,0.1651,3.085,good,0.001,7.20,0,0,0,0,9.06,3,0.0,,,
3347,3.6120,-0.1367,-0.0144,3.000,faded,0.734,6.17,1,1,1,0,10.92,1,3.2,30|29,,
3348,3.6120,-0.1112,-0.2049,2.976,good,0.000,4.37,0,0,0,0,10.94,3,0.0,,,
3349,3.6120,-0.1209,-0.1409,3.450,good,0.059,3.93,0,0,0,0,0.02,2,0.0,,,
3352,3.6120,-0.1178,-0.1489,2.876,good,0.398,8.03,0,0,0,0,15.72,2,0.0,,,
3353,3.6120,-0.1247,-0.0093,3.000,faded,0.705,6.28,1,1,1,0,10.91,1,3.2,30|31,,
3360,3.6120,-0.1127,-0.0041,3.000,faded,0.758,6.25,1,1,1,0,10.91,1,3.2,31,3305,
3350,3.6160,-0.1128,-0.0874,3.007,faded,0.882,6.19,1,1,1,0,10.75,3,3.2,20|21,3343,3343
3351,3.6160,-0.1111,-0.0455,3.001,good,0.403,6.93,0,0,0,0,10.34,3,0.0,,,
3364,3.6160,-0.1007,0.0010,3.000,faded,0.803,6.21,1,1,1,0,6.90,1,3.2,32|31,3305,
3354,3.6200,-0.1159,0.0941,3.008,good,0.002,5.39,0,0,0,0,11.79,3,0.0,,,
3355,3.6200,-0.1157,0.1082,2.940,good,0.000,7.50,0,0,0,0,13.35,3,0.0,,,
3356,3.6200,-0.1149,-0.1039,2.718,good,0.087,8.07,0,0,0,0,19.06,3,0.0,,,
3357,3.6200,-0.1119,-0.1172,3.000,good,0.005,6.09,0,0,0,0,10.64,3,0.0,,,
3358,3.6200,-0.1092,-0.0302,3.096,good,0.209,6.84,0,0,0,0,7.58,3,0.0,,,
3359,3.6200,-0.1086,0.0114,3.000,faded,0.999,6.96,1,1,1,0,9.56,3,3.2,33,3325,3325
3363,3.6200,-0.1179,0.1299,2.997,good,0.000,4.93,0,0,0,0,12.70,2,0.0,,,
3361,3.6240,-0.1151,0.1555,2.905,good,0.004,3.00,0,0,0,0,14.04,3,0.0,,,
3362,3.6240,-0.1155,-0.2393,2.607,broken,1.000,8.22,1,1,1,0,22.65,3,2.4,1,3316,3316
3366,3.6240,-0.1183,-0.1674,2.986,faded,1.000,9.59,1,1,1,0,13.12,2,3.2,10,3314,
3367,3.6240,-0.1140,0.2254,3.306,faded,0.571,3.89,1,1,1,0,4.74,2,3.2,60|61,3334,
3365,3.6280,-0.1095,0.1012,2.675,shell,0.682,7.84,1,1,1,0,18.33,3,2.4,44|45,3310,3310
3369,3.6280,-0.1183,-0.0170,3.009,good,0.019,7.13,0,0,0,0,12.54,2,0.0,,,
3370,3.6280,-0.1157,-0.1487,2.994,good,0.000,5.83,0,0,0,0,12.05,2,0.0,,,
3374,3.6280,-0.1064,-0.1705,3.000,faded,1.000,9.88,1,1,1,0,8.79,1,3.2,10|9,3314,3314
3375,3.6280,-0.1035,0.1517,3.000,good,0.005,2.93,0,0,0,0,7.83,1,0.0,,,
3368,3.6320,-0.1152,-0.2122,3.004,good,0.000,4.75,0,0,0,0,11.62,3,0.0,,,
3373,3.6320,-0.1199,0.0412,3.038,faded,0.814,9.01,1,1,1,0,12.39,2,3.2,37,3344,
3371,3.6360,-0.1134,0.2314,3.025,good,0.147,7.16,0,0,0,0,10.55,3,0.0,,,
3372,3.6360,-0.1086,-0.0425,3.450,good,0.005,6.81,0,0,0,0,0.45,3,0.0,,,
3378,3.6360,-0.1193,-0.1679,2.994,good,0.126,5.29,0,0,0,0,13.25,2,0.0,,,
3379,3.6360,-0.1185,-0.1763,2.998,good,0.003,5.01,0,0,0,0,12.88,2,0.0,,,
3380,3.6360,-0.1199,-0.1233,2.667,faded,0.954,6.45,1,1,1,0,22.44,2,3.2,16,3375,
3381,3.6360,-0.1180,-0.0164,3.099,good,0.126,7.08,0,0,0,0,10.36,2,0.0,,,
3376,3.6400,-0.1114,-0.1316,2.999,sour,1.000,15.42,1,1,1,0,10.50,3,3.2,15|14,3322,3322
3377,3.6400,-0.1119,0.0846,2.999,good,0.051,7.85,0,0,0,0,10.67,3,0.0,,,
3384,3.6400,-0.1191,0.2242,3.000,good,0.000,4.66,0,0,0,0,13.03,2,0.0,,,
3385,3.6400,-0.1183,-0.2233,3.079,good,0.054,5.67,0,0,0,0,10.88,2,0.0,,,
3382,3.6440,-0.1117,0.0875,3.240,good,0.016,6.32,0,0,0,0,5.33,3,0.0,,,
3383,3.6440,-0.1109,-0.1094,2.963,good,0.000,6.41,0,0,0,0,11.17,3,0.0,,,
3388,3.6440,-0.1172,-0.1799,2.998,good,0.001,6.55,0,0,0,0,12.46,2,0.0,,,
3386,3.6480,-0.1172,-0.1458,2.639,broken,0.923,3.20,1,1,1,0,22.31,3,2.4,13,3303,
3387,3.6480,-0.1100,-0.0095,3.136,good,0.130,8.53,0,0,0,0,6.98,3,0.0,,,
3390,3.6480,-0.1168,-0.0940,3.228,shell,0.996,8.60,1,1,1,0,7.15,2,2.4,19|20,3348,3348
3389,3.6520,-0.1127,0.1034,2.997,husk,1.000,13.44,1,1,1,0,10.94,3,2.4,45,3361,3361
3395,3.6520,-0.1175,0.1499,3.205,faded,0.884,6.23,1,1,1,0,7.87,2,3.2,51|50,3363,
3399,3.6520,-0.1067,-0.1490,3.000,broken,0.968,2.64,1,1,1,0,8.89,1,2.4,12|13,3303,
3391,3.6560,-0.1306,-0.0865,2.375,good,0.010,3.77,0,0,0,0,33.12,2,0.0,,,
3392,3.6560,-0.1141,-0.1549,2.993,faded,0.993,5.32,1,1,1,0,11.52,3,3.2,12|11,3360,3360
3393,3.6560,-0.1092,-0.1068,3.450,good,0.004,4.99,0,0,0,0,0.63,3,0.0,,,
3394,3.6560,-0.1099,0.0322,2.898,good,0.001,5.00,0,0,0,0,12.44,3,0.0,,,
3398,3.6560,-0.1308,0.1699,3.000,good,0.237,11.09,0,0,0,0,12.93,1,0.0,,,
3405,3.6560,-0.1108,0.1691,3.000,good,0.582,11.22,1,1,1,0,10.28,1,4.5,53,3463,
3396,3.6600,-0.1116,0.0742,2.981,good,0.001,5.35,0,0,0,0,10.98,3,0.0,,,
3397,3.6600,-0.1094,0.1006,2.978,faded,0.999,6.73,1,1,1,0,10.32,3,3.2,44|45,3365,3365
3404,3.6600,-0.1116,-0.0817,2.375,good,0.054,3.97,0,0,0,0,29.10,2,0.0,,,
3400,3.6640,-0.1144,0.1803,3.000,good,0.000,5.92,0,0,0,0,11.46,3,0.0,,,
3401,3.6640,-0.1111,0.0723,3.126,good,0.001,7.71,0,0,0,0,7.54,3,0.0,,,
3402,3.6640,-0.1117,0.1430,2.987,good,0.000,6.63,0,0,0,0,10.85,3,0.0,,,
3403,3.6640,-0.1106,-0.1483,2.889,good,0.018,7.76,0,0,0,0,12.92,3,0.0,,,
3410,3.6640,-0.1190,-0.1879,2.992,good,0.000,5.15,0,0,0,0,13.21,2,0.0,,,
3412,3.6640,-0.1021,-0.0776,3.000,good,0.046,3.99,0,0,0,0,7.36,1,0.0,,,
3406,3.6680,-0.1146,-0.0777,3.008,good,0.274,8.25,0,0,0,0,11.35,3,0.0,,,
3407,3.6680,-0.1117,0.2163,3.027,good,0.000,5.36,0,0,0,0,9.95,3,0.0,,,
3408,3.6680,-0.1117,-0.2026,2.976,good,0.000,2.37,0,0,0,0,11.13,3,0.0,,,
3409,3.6680,-0.1081,0.1515,3.015,good,0.000,2.60,0,0,0,0,9.02,3,0.0,,,
3411,3.6680,-0.1199,0.1111,3.013,good,0.000,4.58,0,0,0,0,12.99,2,0.0,,,
3415,3.6720,-0.1196,0.0217,3.012,good,0.496,8.18,0,0,0,0,12.90,2,0.0,,,
3416,3.6720,-0.1166,0.0656,3.150,good,0.013,6.45,0,0,0,0,8.75,2,0.0,,,
3413,3.6760,-0.1157,0.1666,2.969,good,0.000,4.31,0,0,0,0,12.65,3,0.0,,,
3414,3.6760,-0.1157,-0.1796,2.846,good,0.001,3.72,0,0,0,0,15.79,3,0.0,,,
3420,3.6760,-0.1316,0.0766,3.000,good,0.368,6.93,0,0,0,0,13.19,1,0.0,,,
3421,3.6760,-0.1190,-0.1405,2.998,faded,1.000,5.31,1,1,1,0,13.05,2,3.2,14|13,3391,3391
3422,3.6760,-0.1179,0.1305,3.051,good,0.001,4.02,0,0,0,0,11.41,2,0.0,,,
3424,3.6760,-0.1171,0.0738,3.000,good,0.436,6.91,0,0,0,0,12.36,1,0.0,,,
3417,3.6800,-0.1117,-0.0079,3.389,good,0.023,4.81,0,0,0,0,2.48,3,0.0,,,
3418,3.6800,-0.1129,-0.2092,3.002,good,0.145,4.87,0,0,0,0,10.90,3,0.0,,,
3419,3.6800,-0.1099,0.1790,2.999,faded,1.000,5.20,1,1,1,0,9.99,3,3.2,54|55,3369,3369
3428,3.6800,-0.1026,0.0711,3.000,good,0.482,6.74,0,0,0,0,7.52,1,0.0,,,
3423,3.6840,-0.1127,-0.1355,3.063,good,0.206,6.41,0,0,0,0,9.44,3,0.0,,,
3426,3.6840,-0.1180,0.2072,3.016,good,0.005,2.58,0,0,0,0,12.27,2,0.0,,,
3427,3.6840,-0.1172,-0.1057,3.008,faded,0.828,7.24,1,1,1,0,12.23,2,2.9,18,3380,3380
3425,3.6880,-0.1103,-0.1178,2.996,good,0.328,6.28,0,0,0,0,10.18,3,0.0,,,
3429,3.6920,-0.1155,0.2224,3.004,good,0.001,5.25,0,0,0,0,11.75,3,0.0,,,
3430,3.6920,-0.1167,0.0056,2.730,good,0.030,6.77,0,0,0,0,19.38,3,0.0,,,
3431,3.6920,-0.1139,0.1670,3.001,good,0.156,7.76,0,0,0,0,11.27,3,0.0,,,
3432,3.6920,-0.1125,0.1103,2.988,good,0.002,5.81,0,0,0,0,11.10,3,0.0,,,
3433,3.6920,-0.1120,-0.1586,2.987,good,0.001,4.57,0,0,0,0,11.00,3,0.0,,,
3436,3.6920,-0.1192,0.1587,2.966,good,0.007,5.60,0,0,0,0,13.89,2,0.0,,,
3437,3.6920,-0.1187,-0.2369,2.997,good,0.002,4.61,0,0,0,0,12.97,2,0.0,,,
3434,3.6960,-0.1116,-0.1221,2.998,good,0.000,5.65,0,0,0,0,10.56,3,0.0,,,
3435,3.6960,-0.1092,0.1310,2.953,faded,0.999,4.82,1,1,1,0,10.83,3,3.2,48,3388,3388
3440,3.6960,-0.1158,-0.1737,3.031,faded,0.764,3.78,1,1,1,0,11.20,2,3.2,9,3407,
3441,3.6960,-0.1270,-0.0780,3.000,good,0.094,5.46,0,0,0,0,11.68,1,0.0,,,
3446,3.6960,-0.1125,-0.0751,3.000,broken,0.818,5.74,1,1,1,0,10.82,1,2.4,22,3426,
3438,3.7000,-0.1103,-0.2069,3.450,good,0.006,2.96,0,0,0,0,0.95,3,0.0,,,
3439,3.7000,-0.1090,-0.2214,2.969,faded,0.695,6.10,1,1,1,0,10.39,3,3.2,3,3386,3386
3445,3.7000,-0.1194,0.1375,3.031,good,0.035,4.18,0,0,0,0,12.39,2,0.0,,,
3452,3.7000,-0.1037,-0.1773,3.000,faded,0.587,3.67,1,1,1,0,7.89,1,3.2,9,3407,
3442,3.7040,-0.1380,-0.0405,3.000,good,0.041,7.52,0,0,0,0,11.33,1,0.0,,,
3443,3.7040,-0.1129,-0.0297,2.812,shell,0.987,11.07,1,1,1,0,15.70,3,2.4,28|27,3392|3398,
3444,3.7040,-0.1095,-0.1484,3.010,good,0.002,8.51,0,0,0,0,9.60,3,0.0,,,
3450,3.7040,-0.1174,0.1211,2.982,good,0.012,6.13,0,0,0,0,12.89,2,0.0,,,
3451,3.7040,-0.1260,-0.0369,3.000,good,0.277,7.75,0,0,0,0,11.33,1,0.0,,,
3447,3.7080,-0.1078,-0.1344,3.242,black,1.000,46.85,1,1,1,0,4.11,3,3.2,14,3404,
3448,3.7080,-0.1076,-0.0526,3.249,faded,0.994,6.79,1,1,1,0,3.89,3,3.2,25,3396,
3449,3.7080,-0.1145,0.2251,2.440,good,0.000,2.59,0,0,0,0,27.94,3,0.0,,,
3454,3.7080,-0.1194,-0.1831,2.986,good,0.000,4.01,0,0,0,0,13.47,2,0.0,,,
3455,3.7080,-0.1180,0.1614,3.068,good,0.015,4.76,0,0,0,0,11.04,2,0.0,,,
3456,3.7080,-0.1194,0.0612,3.068,good,0.000,6.86,0,0,0,0,11.50,2,0.0,,,
3457,3.7080,-0.1180,-0.2135,2.966,black,1.000,48.68,1,1,1,0,13.50,2,3.2,4,3425,3425
3458,3.7080,-0.1185,0.0896,2.771,sour,0.997,12.66,1,1,1,0,18.85,2,3.2,43,3448,
3462,3.7080,-0.1098,0.0673,3.000,sour,0.983,17.83,1,1,1,0,9.93,1,2.8,40,,
3453,3.7120,-0.1138,-0.1572,2.922,good,0.000,5.39,0,0,0,0,13.19,3,0.0,,,
3461,3.7120,-0.1165,-0.0150,3.033,shell,0.999,10.49,1,1,1,0,11.38,2,2.4,30|29,3414,3414
3459,3.7160,-0.1116,0.0422,3.073,good,0.001,6.48,0,0,0,0,8.84,3,0.0,,,
3460,3.7160,-0.1116,0.0867,3.003,faded,0.999,8.14,1,1,1,0,10.46,3,3.2,43|42,3419,3419
3463,3.7200,-0.1258,-0.1864,2.949,insect,0.992,5.08,1,1,1,0,12.57,2,3.1,8|7,3408,3408
3464,3.7200,-0.1113,0.0915,3.042,good,0.002,5.33,0,0,0,0,9.45,3,0.0,,,
3465,3.7200,-0.1095,0.1275,2.995,faded,0.614,9.89,1,1,1,0,9.94,3,3.2,48,3422,3422
3472,3.7200,-0.1140,-0.1898,3.000,insect,1.000,4.05,1,1,1,0,11.34,1,3.1,7,3417,
3466,3.7240,-0.1096,0.0227,3.312,good,0.044,7.91,0,0,0,0,3.28,3,0.0,,,
3467,3.7240,-0.1099,0.0692,2.670,black,1.000,46.38,1,1,1,0,18.62,3,3.2,40|41,3431,
3470,3.7240,-0.1172,-0.1829,3.020,good,0.309,4.16,0,0,0,0,11.91,2,0.0,,,
3471,3.7240,-0.1123,0.1662,3.450,good,0.000,2.56,0,0,0,0,1.54,2,0.0,,,
3468,3.7280,-0.1155,0.2230,2.999,faded,0.591,6.21,1,1,1,0,11.86,3,3.2,60,3444,3444
3469,3.7280,-0.1219,0.0263,2.996,good,0.349,5.56,0,0,0,0,10.05,2,0.0,,,
3476,3.7280,-0.1099,0.0301,3.000,faded,0.667,5.49,1,1,1,0,9.97,1,3.2,35|36,3418,
3473,3.7320,-0.1122,-0.0284,3.000,good,0.004,7.52,0,0,0,0,10.74,3,0.0,,,
3474,3.7320,-0.1106,0.0967,3.000,faded,0.620,4.40,1,1,1,0,10.20,3,3.2,44,3430,
3475,3.7360,-0.1123,0.0398,2.998,faded,1.000,9.76,1,1,1,0,10.81,3,3.2,37|36,3429,3429
3482,3.7360,-0.1176,0.1294,3.005,good,0.000,4.43,0,0,0,0,12.43,2,0.0,,,
3483,3.7360,-0.1165,0.1551,3.450,good,0.003,4.24,0,0,0,0,2.75,2,0.0,,,
3477,3.7400,-0.1197,-0.1325,2.510,faded,0.937,8.26,1,1,1,0,27.51,3,3.2,15|14,3439,
3478,3.7400,-0.1144,0.1315,2.992,faded,1.000,7.29,1,1,1,0,11.67,3,3.2,48|49,3437,3437
3479,3.7400,-0.1135,-0.1950,2.972,good,0.182,2.86,0,0,0,0,11.84,3,0.0,,,
3480,3.7400,-0.1268,0.1028,2.568,good,0.000,3.99,0,0,0,0,24.35,2,0.0,,,
3481,3.7400,-0.1261,-0.2062,2.678,faded,0.999,4.01,1,1,1,0,20.44,2,3.2,5,,
3490,3.7400,-0.1166,0.0991,3.000,good,0.001,4.11,0,0,0,0,12.19,1,0.0,,,
3491,3.7400,-0.1154,-0.2096,3.000,faded,1.000,3.94,1,1,1,0,11.81,1,3.2,5|4,3432,
3484,3.7440,-0.1097,-0.0362,3.082,sour,1.000,17.27,1,1,1,0,8.03,3,3.2,27,3435,3435
3485,3.7440,-0.1093,-0.2195,3.001,good,0.233,6.09,0,0,0,0,9.72,3,0.0,,,
3486,3.7440,-0.1105,-0.0077,3.001,faded,0.997,7.05,1,1,1,0,10.13,3,3.2,31|30,3442,3442
3487,3.7440,-0.1207,0.0287,2.750,good,0.001,5.97,0,0,0,0,16.24,2,0.0,,,
3496,3.7440,-0.1097,0.0243,3.000,good,0.001,6.09,0,0,0,0,9.89,1,0.0,,,
3488,3.7480,-0.1233,0.0247,3.198,faded,0.550,5.80,1,1,1,0,5.82,2,3.2,35|34,,
3489,3.7480,-0.1105,-0.0877,2.887,good,0.285,4.16,0,0,0,0,12.90,3,0.0,,,
3495,3.7480,-0.1139,0.1545,3.118,good,0.000,5.37,0,0,0,0,8.62,2,0.0,,,
3498,3.7480,-0.1105,0.0213,3.000,good,0.509,5.64,1,1,1,0,10.18,1,3.2,34,3433,
3492,3.7520,-0.1141,-0.0246,2.989,faded,0.694,5.57,1,1,1,0,11.64,3,3.2,28|29,3454,3454
3493,3.7520,-0.1171,-0.1663,2.466,insect,1.000,5.17,1,1,1,0,28.04,3,3.1,10,3423,
3494,3.7520,-0.1098,-0.1451,2.998,good,0.000,4.44,0,0,0,0,9.99,3,0.0,,,
3497,3.7560,-0.1091,0.0480,3.450,husk,0.998,15.42,1,1,1,0,0.61,3,2.4,38|37,3514,
3501,3.7560,-0.1177,-0.1389,2.975,good,0.082,7.04,0,0,0,0,13.16,2,0.0,,,
3506,3.7560,-0.1173,-0.1992,3.000,good,0.114,8.35,0,0,0,0,12.44,1,0.0,,,
3499,3.7600,-0.1112,-0.1129,3.069,faded,0.971,6.49,1,1,1,0,8.82,3,3.2,17,3457,3457
3500,3.7600,-0.1327,-0.2020,3.000,good,0.114,8.23,0,0,0,0,9.58,1,0.0,,,
3510,3.7600,-0.1020,-0.1964,3.000,good,0.370,8.41,0,0,0,0,7.32,1,0.0,,,
3502,3.7640,-0.1152,-0.2441,3.001,good,0.008,3.13,0,0,0,0,11.72,3,0.0,,,
3503,3.7640,-0.1138,0.0379,3.016,faded,0.876,6.46,1,1,1,0,10.86,3,3.2,36|37,3462,3462
3504,3.7640,-0.1113,0.0886,3.001,good,0.111,20.38,1,1,1,0,10.41,3,9.0,43|42|44,3464,3464
3505,3.7640,-0.1120,0.0865,3.012,good,0.442,13.70,0,0,0,0,10.40,3,0.0,,,
3507,3.7640,-0.1198,-0.0094,2.986,good,0.008,5.32,0,0,0,0,13.61,2,0.0,,,
3508,3.7640,-0.1177,0.0658,3.362,good,0.175,4.94,0,0,0,0,4.76,2,0.0,,,
3509,3.7640,-0.1173,0.0552,3.001,good,0.000,5.37,0,0,0,0,12.39,2,0.0,,,
3512,3.7680,-0.1185,0.1203,3.148,good,0.027,5.16,0,0,0,0,9.42,2,0.0,,,
3513,3.7680,-0.1166,0.0162,2.974,shell,0.994,8.72,1,1,1,0,12.82,2,2.4,34|33,3489,3489
3514,3.7680,-0.1150,0.0327,2.985,good,0.113,7.37,0,0,0,0,12.02,2,0.0,,,
3515,3.7680,-0.1168,-0.1152,2.974,insect,1.000,7.23,1,1,1,0,12.90,2,3.1,17,3470,
3511,3.7720,-0.1095,0.1378,2.982,good,0.000,5.29,0,0,0,0,10.24,3,0.0,,,
3518,3.7720,-0.1187,-0.1195,3.003,good,0.002,5.53,0,0,0,0,12.82,2,0.0,,,
3516,3.7760,-0.1132,-0.1643,3.060,good,0.144,6.47,0,0,0,0,9.67,3,0.0,,,
3517,3.7760,-0.1118,0.1560,2.858,good,0.006,6.53,0,0,0,0,14.09,3,0.0,,,
3522,3.7760,-0.1165,0.2208,2.904,good,0.045,9.30,0,0,0,0,14.55,2,0.0,,,
3523,3.7760,-0.1171,0.0309,3.110,good,0.064,5.63,0,0,0,0,9.81,2,0.0,,,
3519,3.7800,-0.1107,-0.0939,2.986,good,0.444,10.07,0,0,0,0,10.58,3,0.0,,,
3520,3.7800,-0.1101,-0.1084,2.854,faded,0.628,5.09,1,1,1,0,13.61,3,3.2,18|17,3477,
3521,3.7800,-0.1086,0.1321,3.000,good,0.000,6.34,0,0,0,0,9.51,3,0.0,,,
3525,3.7800,-0.1200,0.0642,2.980,faded,0.956,8.86,1,1,1,0,13.83,2,3.2,40,3473,3473
3526,3.7800,-0.1185,0.0392,2.990,shell,0.988,9.75,1,1,1,0,13.09,2,2.4,37|36,3467,3467
3524,3.7840,-0.1187,-0.1764,2.529,sour,1.000,16.19,1,1,1,0,26.48,3,3.2,9,3493,
3529,3.7840,-0.1152,-0.2202,3.324,good,0.000,3.89,0,0,0,0,4.76,2,0.0,,,
3527,3.7880,-0.1137,-0.2251,2.994,good,0.000,4.24,0,0,0,0,11.37,3,0.0,,,
3528,3.7880,-0.1140,-0.1972,2.824,faded,0.664,5.36,1,1,1,0,15.76,3,3.2,6,3500,
3536,3.7880,-0.1172,-0.0128,2.998,shell,0.976,9.88,1,1,1,0,12.45,2,2.4,30,3479,3479
3530,3.7920,-0.1176,-0.1428,2.927,broken,1.000,5.41,1,1,1,0,14.35,3,2.4,13,3410,
3531,3.7920,-0.1116,0.0063,3.005,good,0.002,8.71,0,0,0,0,10.42,3,0.0,,,
3532,3.7920,-0.1119,-0.1560,2.992,husk,1.000,12.22,1,1,1,0,10.83,3,2.4,12|11,3496,3496
3533,3.7920,-0.1097,-0.1678,3.000,good,0.003,6.03,0,0,0,0,9.88,3,0.0,,,
3534,3.7920,-0.1096,0.0664,2.973,black,1.000,44.88,1,1,1,0,10.50,3,3.2,40,3471,3471
3535,3.7920,-0.1080,0.1157,3.002,good,0.106,7.15,0,0,0,0,9.29,3,0.0,,,
3539,3.7920,-0.1174,0.0584,3.313,good,0.001,4.36,0,0,0,0,5.62,2,0.0,,,
3540,3.7920,-0.1170,0.1508,3.394,good,0.018,3.99,0,0,0,0,3.91,2,0.0,,,
3541,3.7920,-0.1141,-0.0561,3.133,faded,0.963,7.22,1,1,1,0,8.35,2,3.1,24|25,3497|3518,3518
3542,3.7920,-0.1140,0.2237,3.315,good,0.000,2.99,0,0,0,0,4.54,2,0.0,,,
3537,3.7960,-0.1111,0.2033,3.163,faded,0.999,7.47,1,1,1,0,6.74,3,3.2,58|57,3478,
3538,3.7960,-0.1345,0.0851,3.000,good,0.000,3.90,0,0,0,0,10.17,1,0.0,,,
3545,3.7960,-0.1200,0.1350,2.979,faded,1.000,7.78,1,1,1,0,13.84,2,3.2,49,3499,3499
3546,3.7960,-0.1133,0.0827,3.029,good,0.040,6.44,0,0,0,0,10.42,2,0.0,,,
3552,3.7960,-0.1007,0.2196,3.000,good,0.000,2.96,0,0,0,0,6.91,1,0.0,,,
3543,3.8000,-0.1117,0.1045,3.022,good,0.001,6.85,0,0,0,0,10.06,3,0.0,,,
3544,3.8000,-0.1088,0.2360,2.986,faded,0.998,4.70,1,1,1,0,9.93,3,3.2,62,3487,3487
3551,3.8000,-0.1184,-0.2288,3.149,good,0.000,3.05,0,0,0,0,9.35,2,0.0,,,
3547,3.8040,-0.1188,-0.0744,2.982,insect,0.760,18.30,1,1,1,0,13.37,3,3.8,22,3480,
3548,3.8040,-0.1152,0.2080,3.000,faded,0.585,3.84,1,1,1,0,11.73,3,3.2,58,3505,3505
3549,3.8040,-0.1117,-0.1871,3.005,good,0.373,3.30,0,0,0,0,10.47,3,0.0,,,
3550,3.8040,-0.1102,-0.1504,2.981,faded,0.647,6.88,1,1,1,0,10.51,3,3.2,12,3492,3492
3553,3.8080,-0.1145,0.1995,3.012,good,0.001,4.20,0,0,0,0,11.23,3,0.0,,,
3554,3.8080,-0.1118,-0.0238,2.940,shell,0.610,8.45,1,1,1,0,12.06,3,2.4,28|29,3495,3495
3555,3.8080,-0.1110,-0.1179,2.810,shell,1.000,33.36,1,1,1,0,15.09,3,2.4,16|17,3501,
3556,3.8120,-0.1138,-0.2450,3.052,good,0.406,8.59,0,0,0,0,10.05,3,0.0,,,
3557,3.8120,-0.1086,0.0006,2.992,good,0.121,7.70,0,0,0,0,9.72,3,0.0,,,
3558,3.8120,-0.1082,0.0590,2.995,faded,0.894,8.30,1,1,1,0,9.51,3,3.2,39,3510,3510
3560,3.8120,-0.1187,0.1348,2.762,good,0.102,7.56,0,0,0,0,19.17,2,0.0,,,
3559,3.8160,-0.1091,0.2154,3.002,good,0.056,4.46,0,0,0,0,9.64,3,0.0,,,
3564,3.8160,-0.1172,-0.1718,2.848,good,0.001,5.78,0,0,0,0,16.25,2,0.0,,,
3561,3.8200,-0.1147,0.1954,2.949,good,0.007,5.47,0,0,0,0,12.80,3,0.0,,,
3562,3.8200,-0.1151,0.0909,2.732,insect,1.000,5.02,1,1,1,0,18.74,3,3.1,43,3508,
3563,3.8200,-0.1092,-0.1102,2.953,faded,0.999,5.48,1,1,1,0,10.83,3,3.2,17|18,3509,3509
3572,3.8200,-0.1131,0.0263,3.000,good,0.048,7.68,0,0,0,0,11.02,1,0.0,,,
3565,3.8240,-0.1400,0.1876,3.000,black,1.000,49.29,1,1,1,0,12.00,1,3.2,56|55,3521,
3566,3.8240,-0.1097,-0.1669,3.005,black,1.000,42.35,1,1,1,0,9.79,3,3.2,10,3549,3549
3567,3.8240,-0.1103,0.0282,2.327,good,0.014,8.53,0,0,0,0,30.37,3,0.0,,,
3570,3.8240,-0.1168,-0.1147,2.987,good,0.000,6.63,0,0,0,0,12.58,2,0.0,,,
3571,3.8240,-0.1265,0.1840,3.000,black,1.000,49.62,1,1,1,0,11.50,1,3.2,55,,
3580,3.8240,-0.1129,0.1804,3.000,black,1.000,49.81,1,1,1,0,10.98,1,3.2,55|54,3534,
3581,3.8240,-0.1041,0.0872,3.000,insect,1.000,5.00,1,1,1,0,8.05,1,3.1,43|42,3508,
3568,3.8280,-0.1281,0.1951,2.192,good,0.048,3.46,0,0,0,0,40.08,2,0.0,,,
3569,3.8280,-0.1103,-0.1825,3.014,good,0.005,4.52,0,0,0,0,9.78,3,0.0,,,
3578,3.8280,-0.1170,0.0856,3.056,insect,1.000,5.79,1,1,1,0,11.00,2,3.1,42|43,3533,
3579,3.8280,-0.1168,-0.1937,3.002,good,0.197,7.59,0,0,0,0,12.22,2,0.0,,,
3584,3.8280,-0.1194,0.1979,3.000,good,0.267,2.12,0,0,0,0,13.12,1,0.0,,,
3573,3.8320,-0.1397,0.1278,3.000,good,0.001,6.69,0,0,0,0,11.89,1,0.0,,,
3574,3.8320,-0.1389,0.1387,3.000,good,0.003,4.62,0,0,0,0,11.63,1,0.0,,,
3575,3.8320,-0.1169,0.1823,2.694,good,0.004,2.85,0,0,0,0,20.48,3,0.0,,,
3576,3.8320,-0.1105,-0.0923,3.111,good,0.250,9.05,0,0,0,0,7.67,3,0.0,,,
3577,3.8320,-0.1118,-0.0363,3.016,good,0.011,6.99,0,0,0,0,10.21,3,0.0,,,
3582,3.8320,-0.1150,0.1316,3.050,good,0.101,9.57,0,0,0,0,10.49,2,0.0,,,
3583,3.8320,-0.1119,0.0821,3.450,faded,1.000,6.57,1,1,1,0,1.43,2,3.2,42,3547,
3588,3.8360,-0.1153,0.1585,3.450,shell,0.505,11.25,1,1,1,0,2.40,2,2.4,52,3515,
3593,3.8360,-0.1018,0.2011,3.000,good,0.050,2.71,0,0,0,0,7.27,1,0.0,,,
3585,3.8400,-0.1153,0.2139,3.000,good,0.000,3.39,0,0,0,0,11.75,3,0.0,,,
3586,3.8400,-0.1129,0.1891,2.989,good,0.000,3.61,0,0,0,0,11.25,3,0.0,,,
3587,3.8400,-0.1092,0.0123,2.969,good,0.412,7.38,0,0,0,0,10.47,3,0.0,,,
3592,3.8400,-0.1136,-0.1512,3.450,good,0.022,3.28,0,0,0,0,1.91,2,0.0,,,
3598,3.8400,-0.1013,0.1547,3.000,good,0.027,8.60,0,0,0,0,7.10,1,0.0,,,
3589,3.8440,-0.1171,0.0901,2.766,faded,0.787,7.52,1,1,1,0,18.50,3,3.2,43,3542,
3590,3.8440,-0.1084,0.1956,3.270,good,0.001,5.13,0,0,0,0,3.73,3,0.0,,,
3591,3.8440,-0.1099,-0.1714,3.005,good,0.059,3.92,0,0,0,0,9.84,3,0.0,,,
3596,3.8440,-0.1183,-0.1496,3.004,shell,0.696,8.36,1,1,1,0,12.66,2,2.4,12|13,3562,3562
3597,3.8440,-0.1135,0.0723,3.450,good,0.004,6.06,0,0,0,0,1.88,2,0.0,,,
3594,3.8480,-0.1121,0.1864,2.965,good,0.000,4.49,0,0,0,0,11.54,3,0.0,,,
3595,3.8480,-0.1111,-0.0453,3.003,good,0.009,6.25,0,0,0,0,10.32,3,0.0,,,
3603,3.8480,-0.1183,-0.0724,3.006,good,0.015,5.97,0,0,0,0,12.61,2,0.0,,,
3599,3.8520,-0.1112,0.1196,2.994,good,0.001,4.95,0,0,0,0,10.53,3,0.0,,,
3600,3.8520,-0.1139,0.1505,2.933,good,0.001,6.54,0,0,0,0,12.95,3,0.0,,,
3601,3.8520,-0.1109,-0.1501,2.807,good,0.003,5.96,0,0,0,0,15.15,3,0.0,,,
3602,3.8520,-0.1087,0.1718,2.999,faded,0.928,5.27,1,1,1,0,9.58,3,3.2,53|54,3538,3538
3604,3.8560,-0.1090,0.1610,3.238,faded,0.995,7.86,1,1,1,0,4.56,3,3.2,52,3551,3551
3605,3.8560,-0.1101,0.2208,2.989,good,0.003,3.90,0,0,0,0,10.30,3,0.0,,,
3606,3.8560,-0.1087,-0.2232,3.015,good,0.000,7.19,0,0,0,0,9.22,3,0.0,,,
3607,3.8560,-0.1186,0.1326,3.450,good,0.006,3.66,0,0,0,0,3.37,2,0.0,,,
3608,3.8560,-0.1199,-0.1284,2.699,good,0.348,7.07,0,0,0,0,21.48,2,0.0,,,
3609,3.8560,-0.1159,-0.0176,2.994,shell,1.000,9.26,1,1,1,0,12.12,2,2.4,29,3559,
3610,3.8560,-0.1112,-0.1336,2.901,good,0.349,9.29,0,0,0,0,12.79,2,0.0,,,
3614,3.8600,-0.1190,-0.0400,2.561,husk,0.855,8.47,1,1,1,0,25.53,2,2.4,26|27,3545|3564,3564
3611,3.8640,-0.1141,0.0695,2.976,good,0.063,8.20,0,0,0,0,11.94,3,0.0,,,
3612,3.8640,-0.1358,0.1604,3.000,faded,0.868,5.90,1,1,1,0,10.59,1,3.2,52,,
3613,3.8640,-0.1100,0.1450,2.997,good,0.207,5.92,0,0,0,0,10.07,3,0.0,,,
3615,3.8640,-0.1163,0.1055,2.992,good,0.000,5.21,0,0,0,0,12.29,2,0.0,,,
3616,3.8640,-0.1229,0.1641,3.000,faded,0.849,5.84,1,1,1,0,10.31,1,3.2,53|52,,
3619,3.8640,-0.1101,0.1679,3.000,faded,0.859,5.77,1,1,1,0,10.03,1,3.2,53,3565,
3628,3.8680,-0.1021,-0.0416,3.000,shell,0.968,10.33,1,1,1,0,7.36,1,2.4,26,3564,
3617,3.8720,-0.1109,-0.0842,3.004,good,0.010,5.79,0,0,0,0,10.21,3,0.0,,,
3618,3.8720,-0.1125,-0.1668,2.502,husk,0.999,14.90,1,1,1,0,24.92,3,2.4,10,3537,
3623,3.8720,-0.1196,0.1522,3.143,good,0.000,3.74,0,0,0,0,9.88,2,0.0,,,
3626,3.8720,-0.1184,-0.0058,3.130,good,0.276,6.96,0,0,0,0,9.79,2,0.0,,,
3627,3.8720,-0.1191,-0.1970,2.923,good,0.000,5.73,0,0,0,0,14.95,2,0.0,,,
3620,3.8760,-0.1155,0.0127,3.002,good,0.178,5.66,0,0,0,0,11.78,3,0.0,,,
3621,3.8760,-0.1145,-0.0798,3.060,faded,0.984,6.95,1,1,1,0,10.11,3,3.2,21,3593,3593
3622,3.8760,-0.1128,-0.1676,2.999,faded,0.958,5.96,1,1,1,0,10.95,3,3.2,10,3581,3581
3624,3.8760,-0.1126,0.0356,2.494,good,0.001,4.45,0,0,0,0,25.26,3,0.0,,,
3625,3.8760,-0.1074,0.1610,3.192,good,0.003,4.75,0,0,0,0,4.98,3,0.0,,,
3632,3.8760,-0.1189,0.1587,2.987,good,0.618,5.93,1,1,1,0,13.29,2,2.8,52,3573,3573
3630,3.8800,-0.1242,0.2157,2.828,good,0.000,4.32,0,0,0,0,15.27,2,0.0,,,
3631,3.8800,-0.1093,-0.1897,3.343,good,0.011,3.64,0,0,0,0,2.61,3,0.0,,,
3637,3.8800,-0.1129,0.2197,3.000,good,0.000,4.31,0,0,0,0,10.96,1,0.0,,,
3638,3.8800,-0.1027,0.0320,3.000,good,0.001,4.24,0,0,0,0,7.56,1,0.0,,,
3629,3.8840,-0.1105,-0.2043,2.451,good,0.001,3.41,0,0,0,0,25.90,4,0.0,,,
3633,3.8840,-0.1133,-0.1753,3.109,good,0.000,6.95,0,0,0,0,8.59,3,0.0,,,
3634,3.8840,-0.1101,-0.0430,3.000,faded,0.898,5.84,1,1,1,0,10.06,3,3.2,26,3589,3589
3635,3.8880,-0.1194,-0.0922,2.409,good,0.060,7.23,0,0,0,0,31.06,3,0.0,,,
3636,3.8880,-0.1139,0.1471,3.188,good,0.493,7.68,0,0,0,0,7.08,3,0.0,,,
3641,3.8880,-0.1166,0.1613,3.096,good,0.000,2.82,0,0,0,0,9.98,2,0.0,,,
3642,3.8880,-0.1136,0.1130,3.265,faded,0.829,7.87,1,1,1,0,5.42,2,3.2,46,3591,3591
3647,3.8880,-0.1128,-0.0930,3.000,faded,0.998,6.64,1,1,1,0,10.93,1,3.2,20|19,3584,3584
3639,3.8920,-0.1117,-0.1172,3.343,good,0.059,6.25,0,0,0,0,3.32,3,0.0,,,
3640,3.8920,-0.1081,-0.0496,2.997,shell,0.657,8.34,1,1,1,0,9.44,3,2.4,25,3570,3570
3646,3.8920,-0.1189,0.0383,3.001,faded,0.883,4.96,1,1,1,0,12.93,2,3.2,36|37,3602,
3643,3.8960,-0.1150,-0.1381,2.995,shell,0.782,7.43,1,1,1,0,11.79,3,2.4,14,3580,3580
3644,3.8960,-0.1134,0.2100,3.159,good,0.034,3.59,0,0,0,0,7.57,3,0.0,,,
3645,3.8960,-0.1118,-0.0354,3.012,husk,0.824,8.30,1,1,1,0,10.31,3,2.4,27,3582|3605,3582|3605
3648,3.8960,-0.1188,0.0930,3.043,good,0.002,3.98,0,0,0,0,11.89,2,0.0,,,
3649,3.8960,-0.1186,-0.1136,3.019,good,0.000,5.08,0,0,0,0,12.39,2,0.0,,,
3650,3.8960,-0.1159,0.1654,3.001,shell,1.000,11.85,1,1,1,0,11.96,2,2.4,53|52,3592,3592
3652,3.9040,-0.1183,-0.1454,3.450,faded,0.876,3.14,1,1,1,0,3.29,2,3.2,13,3652,
3654,3.9040,-0.1161,0.1885,3.450,good,0.003,3.75,0,0,0,0,2.62,2,0.0,,,
3651,3.9080,-0.1157,-0.0811,3.000,good,0.009,6.03,0,0,0,0,11.90,3,0.0,,,
3653,3.9080,-0.1101,0.1802,3.020,good,0.002,6.12,0,0,0,0,9.56,3,0.0,,,
3658,3.9080,-0.1195,-0.0446,3.450,faded,0.948,6.65,1,1,1,0,3.62,2,3.2,26,3619,3619
3659,3.9080,-0.1176,0.1146,2.992,faded,0.918,5.80,1,1,1,0,12.72,2,3.2,46,3617,
3655,3.9120,-0.1161,0.0053,3.019,faded,0.983,6.15,1,1,1,0,11.59,3,3.2,32,3624,
3656,3.9120,-0.1178,0.0781,2.566,good,0.000,5.87,0,0,0,0,24.89,3,0.0,,,
3657,3.9120,-0.1104,0.0300,3.004,good,0.001,6.44,0,0,0,0,10.05,3,0.0,,,
3660,3.9160,-0.1155,0.0372,2.998,good,0.010,6.81,0,0,0,0,11.88,3,0.0,,,
3661,3.9160,-0.1139,-0.0945,3.019,good,0.000,7.40,0,0,0,0,10.87,3,0.0,,,
3662,3.9160,-0.1113,-0.0318,3.000,faded,0.718,6.02,1,1,1,0,10.43,3,3.2,27|28,3595,3595
3668,3.9160,-0.1075,0.0751,3.000,good,0.000,5.86,0,0,0,0,9.18,1,0.0,,,
3663,3.9200,-0.1148,0.2231,2.991,good,0.000,2.71,0,0,0,0,11.81,3,0.0,,,
3664,3.9200,-0.1140,0.1877,3.083,good,0.002,5.44,0,0,0,0,9.42,3,0.0,,,
3665,3.9240,-0.1149,0.1401,2.998,good,0.331,6.25,0,0,0,0,11.69,3,0.0,,,
3666,3.9240,-0.1142,-0.0421,2.970,good,0.146,8.00,0,0,0,0,12.13,3,0.0,,,
3667,3.9240,-0.1081,0.1503,2.865,good,0.001,4.04,0,0,0,0,12.66,3,0.0,,,
3671,3.9240,-0.1196,-0.2011,3.004,shell,0.999,8.88,1,1,1,0,13.11,2,2.4,6,3647,3647
3673,3.9240,-0.1191,0.0781,3.002,faded,0.656,8.15,1,1,1,0,12.98,2,3.1,42|41,3632,3632
3669,3.9280,-0.1156,-0.0308,3.001,good,0.000,7.19,0,0,0,0,11.84,3,0.0,,,
3670,3.9280,-0.1091,0.1164,3.024,black,1.000,47.21,1,1,1,0,9.13,3,3.2,46|47,3614,3614
3672,3.9280,-0.1089,0.0574,2.779,black,1.000,48.46,1,1,0,0,15.17,3,3.2,39,3613,
3677,3.9280,-0.1188,-0.1398,2.994,good,0.000,2.74,0,0,0,0,13.08,2,0.0,,,
3678,3.9280,-0.1189,0.0009,3.005,shell,0.787,10.13,1,1,0,0,12.84,2,2.4,32|31,3637,
3679,3.9280,-0.1174,0.0646,3.442,broken,0.645,5.62,1,1,1,0,3.16,2,2.4,40,3636,
3674,3.9320,-0.1162,-0.2169,2.937,good,0.005,4.97,0,0,0,0,13.59,3,0.0,,,
3675,3.9320,-0.1149,-0.0935,3.009,good,0.001,3.83,0,0,0,0,11.44,3,0.0,,,
3676,3.9320,-0.1123,-0.0663,2.970,good,0.276,6.52,0,0,0,0,11.49,3,0.0,,,
3682,3.9320,-0.1136,0.0644,3.450,good,0.001,3.80,0,0,0,0,1.92,2,0.0,,,
3684,3.9320,-0.1037,0.0676,3.000,good,0.424,5.67,0,0,0,0,7.88,1,0.0,,,
3680,3.9360,-0.1110,-0.0152,3.041,good,0.000,4.35,0,0,0,0,9.36,3,0.0,,,
3681,3.9360,-0.1135,0.0990,2.669,good,0.457,4.45,0,0,0,0,19.99,3,0.0,,,
3683,3.9400,-0.1100,-0.1457,3.154,faded,0.997,9.25,1,1,0,0,6.58,3,3.0,13,3635,
3688,3.9400,-0.1182,-0.2316,3.000,good,0.071,3.65,0,0,0,0,12.74,2,0.0,,,
3689,3.9400,-0.1187,-0.0922,3.090,good,0.000,3.25,0,0,0,0,10.78,2,0.0,,,
3685,3.9440,-0.1141,0.0818,3.018,good,0.006,7.78,0,0,0,0,10.94,3,0.0,,,
3687,3.9440,-0.1083,-0.0709,3.241,faded,0.567,6.40,1,1,0,0,4.27,3,3.2,22|23,3666,
3691,3.9440,-0.1194,0.0740,3.017,faded,0.998,4.75,1,1,0,0,12.72,2,3.2,41,3633,
3692,3.9440,-0.1144,0.0602,3.106,good,0.000,5.62,0,0,0,0,9.02,2,0.0,,,
3686,3.9480,-0.1128,-0.0284,1.885,good,0.003,6.34,0,0,0,0,52.94,4,0.0,,,
3690,3.9480,-0.1061,0.0149,3.450,faded,0.720,3.42,1,1,0,0,-0.27,3,3.2,33|34,3649,
3695,3.9480,-0.1157,0.0909,3.059,husk,0.992,8.60,1,1,0,0,10.52,2,2.4,43,3610|3662,
3693,3.9520,-0.1142,0.0756,2.999,faded,0.977,6.71,1,1,0,0,11.40,3,3.2,41,3643,
3694,3.9520,-0.1098,-0.1088,3.151,faded,0.989,5.50,1,1,0,0,6.57,3,3.2,18|17,3651,
3701,3.9520,-0.1200,0.2271,3.000,good,0.000,2.53,0,0,0,0,13.33,2,0.0,,,
3696,3.9560,-0.1168,0.1032,2.499,good,0.002,2.17,0,0,0,0,26.77,3,0.0,,,
3697,3.9560,-0.1116,-0.1430,3.000,good,0.004,6.33,0,0,0,0,10.53,3,0.0,,,
3698,3.9560,-0.1131,-0.0495,2.751,husk,0.630,10.36,1,1,0,0,17.46,3,2.4,25,3646|3648,
3699,3.9560,-0.1095,-0.1119,3.000,insect,1.000,5.98,1,1,0,0,9.83,3,3.1,17,3634,
3700,3.9560,-0.1090,-0.0155,2.813,good,0.318,5.41,0,0,0,0,14.30,3,0.0,,,
3702,3.9560,-0.1200,0.0610,2.999,good,0.376,5.76,0,0,0,0,13.35,2,0.0,,,
3703,3.9560,-0.1178,0.1481,3.086,good,0.198,3.31,0,0,0,0,10.56,2,0.0,,,
3708,3.9600,-0.1140,0.2154,3.000,good,0.000,3.48,0,0,0,0,11.32,2,0.0,,,
3713,3.9600,-0.1065,-0.0461,3.000,good,0.002,5.34,0,0,0,0,8.82,1,0.0,,,
3704,3.9640,-0.1121,-0.1727,3.020,good,0.020,6.03,0,0,0,0,10.21,3,0.0,,,
3705,3.9640,-0.1106,0.2343,3.170,good,0.000,4.08,0,0,0,0,6.43,3,0.0,,,
3706,3.9640,-0.1115,-0.1990,2.911,good,0.000,3.57,0,0,0,0,12.68,3,0.0,,,
3707,3.9640,-0.1109,0.2239,2.430,good,0.001,2.72,0,0,0,0,26.78,3,0.0,,,
3710,3.9640,-0.1181,0.0635,3.131,faded,0.993,8.10,1,1,0,0,9.66,2,3.2,40|39,3654|3670,
3709,3.9680,-0.1124,0.1357,3.001,good,0.000,5.72,0,0,0,0,10.78,3,0.0,,,
3711,3.9680,-0.1085,-0.1662,3.000,good,0.000,4.17,0,0,0,0,9.49,3,0.0,,,
3712,3.9680,-0.1092,0.0459,3.000,sour,1.000,18.10,1,1,0,0,9.73,3,3.2,37|38,3692,
3718,3.9680,-0.1200,-0.0694,3.444,faded,0.821,4.41,1,1,0,0,3.86,2,3.2,23|22,3706,
3719,3.9680,-0.1177,0.2013,2.999,good,0.000,5.29,0,0,0,0,12.57,2,0.0,,,
3714,3.9720,-0.1118,-0.1241,2.987,good,0.002,6.10,0,0,0,0,10.92,3,0.0,,,
3715,3.9720,-0.1109,0.1930,3.001,insect,1.000,5.30,1,1,0,0,10.28,3,3.1,56,3667,
3716,3.9720,-0.1100,-0.2388,2.940,black,1.000,44.12,1,1,0,0,11.41,3,3.2,1,3664,
3717,3.9720,-0.1105,0.1084,3.001,good,0.001,4.89,0,0,0,0,10.12,3,0.0,,,
3723,3.9720,-0.1178,-0.0203,3.001,good,0.183,7.34,0,0,0,0,12.57,2,0.0,,,
3720,3.9760,-0.1262,-0.1548,3.120,good,0.001,6.20,0,0,0,0,8.49,2,0.0,,,
3721,3.9760,-0.1149,-0.0618,3.000,faded,0.760,7.38,1,1,0,0,11.62,3,3.2,24|23,3661,
3722,3.9760,-0.1096,0.0610,2.943,good,0.182,8.64,0,0,0,0,11.22,3,0.0,,,
3730,3.9760,-0.1137,-0.1596,3.000,good,0.001,5.93,0,0,0,0,11.23,1,0.0,,,
3724,3.9800,-0.1152,-0.1834,3.010,faded,0.978,6.08,1,1,0,0,11.48,3,3.2,8,3680,
3725,3.9800,-0.1143,-0.0825,2.998,faded,0.981,5.52,1,1,0,0,11.48,3,3.2,21,3669,
3726,3.9800,-0.1141,0.2178,3.000,good,0.000,2.96,0,0,0,0,11.37,3,0.0,,,
3727,3.9800,-0.1116,-0.0968,3.240,faded,0.998,6.76,1,1,0,0,5.31,3,3.2,19,3688,
3728,3.9840,-0.1127,-0.0543,3.006,good,0.019,7.54,0,0,0,0,10.77,3,0.0,,,
3729,3.9840,-0.1133,0.0105,3.017,faded,0.512,7.03,1,1,0,0,10.69,3,3.2,33,3683,
3731,3.9880,-0.1156,0.0303,3.003,good,0.027,5.41,0,0,0,0,11.78,3,0.0,,,
3732,3.9880,-0.1141,0.0679,3.022,faded,0.518,7.18,1,1,0,0,10.86,3,3.1,40,3671,
3733,3.9880,-0.1115,0.0752,2.940,good,0.041,7.31,0,0,0,0,11.95,3,0.0,,,
3734,3.9920,-0.1094,0.1331,3.441,faded,0.984,7.36,1,1,0,0,0.83,3,3.2,49|48,3720,
3735,3.9920,-0.1108,-0.1172,3.060,faded,0.718,4.62,1,1,0,0,8.88,3,3.2,17|16,3710,
3736,3.9920,-0.1091,-0.0354,3.000,shell,0.587,8.64,1,1,0,0,9.70,3,2.4,27,3684,
3737,3.9920,-0.1107,0.1929,2.974,good,0.016,2.87,0,0,0,0,10.85,3,0.0,,,
3738,3.9920,-0.1095,0.1103,3.000,good,0.051,4.69,0,0,0,0,9.83,3,0.0,,,
3739,3.9960,-0.1147,0.1518,3.004,good,0.000,3.65,0,0,0,0,11.48,3,0.0,,,
