tid,t,x,y,v,cls,p_reject,anomaly,reject,scheduled,activated,late,headroom_ms,n_obs,pulse_ms,nozzles,target_uids,own_hit_uids
0,0.2880,-0.1220,0.1245,3.000,husk,1.000,11.12,1,1,1,0,33.25,1,2.4,47|48,,
2,0.2880,-0.1021,0.1244,3.000,husk,1.000,11.14,1,1,1,0,30.58,1,2.4,47|48,84,
1,0.2920,-0.1172,-0.2004,3.009,insect,1.000,3.23,1,1,1,0,39.27,2,3.1,6,6,6
4,0.2960,-0.1168,0.0681,3.002,good,0.000,2.85,0,0,0,0,39.02,2,0.0,,,
3,0.3000,-0.1250,-0.0400,3.018,husk,0.904,12.29,1,1,1,0,32.81,2,2.4,26|27,,
11,0.3000,-0.1144,-0.0346,3.000,husk,1.000,11.87,1,1,1,0,33.71,1,2.4,27,23,
12,0.3000,-0.1107,-0.0463,3.000,good,0.025,4.63,0,0,0,0,32.45,1,0.0,,,
5,0.3040,-0.1149,-0.0865,2.842,good,0.004,4.47,0,0,0,0,37.30,3,0.0,,,
6,0.3040,-0.1138,0.2298,3.046,good,0.001,5.04,0,0,0,0,31.85,3,0.0,,,
7,0.3040,-0.1097,-0.1233,3.031,sour,1.000,16.41,1,1,1,0,30.78,3,3.2,16,5,
8,0.3040,-0.1199,-0.0016,3.015,good,0.000,4.71,0,0,0,0,34.48,2,0.0,,,
10,0.3040,-0.1200,0.0393,2.999,broken,0.991,2.82,1,1,1,0,34.85,2,2.4,37|36,10,10
9,0.3080,-0.1087,-0.1129,2.972,good,0.000,1.74,0,0,0,0,43.59,3,0.0,,,
18,0.3080,-0.1200,0.0007,3.025,good,0.000,2.38,0,0,0,0,46.03,2,0.0,,,
19,0.3080,-0.1172,0.1661,2.998,good,0.000,2.83,0,0,0,0,45.71,2,0.0,,,
13,0.3120,-0.1153,0.2409,2.948,good,0.017,4.65,0,0,0,0,37.86,3,0.0,,,
14,0.3120,-0.1132,-0.1771,3.012,good,0.124,7.19,0,0,0,0,35.54,3,0.0,,,
15,0.3120,-0.1146,-0.1646,2.932,good,0.000,2.59,0,0,0,0,37.90,3,0.0,,,
16,0.3120,-0.1164,0.0687,2.439,good,0.000,8.45,0,0,0,0,53.36,3,0.0,,,
17,0.3120,-0.1082,-0.0988,2.994,faded,0.816,6.57,1,1,1,0,34.15,3,3.2,19,17,17
23,0.3160,-0.1174,0.1651,3.119,good,0.000,2.37,0,0,0,0,29.86,2,0.0,,,
25,0.3160,-0.1066,0.0718,3.000,good,0.000,8.43,0,0,0,0,29.02,1,0.0,,,
20,0.3200,-0.1084,0.1873,3.338,good,0.001,5.35,0,0,0,0,24.01,3,0.0,,,
21,0.3200,-0.1103,0.2239,3.094,good,0.001,4.99,0,0,0,0,29.50,3,0.0,,,
22,0.3200,-0.1088,-0.1456,3.002,good,0.000,2.14,0,0,0,0,31.04,3,0.0,,,
24,0.3240,-0.1154,-0.0547,2.998,good,0.000,1.92,0,0,0,0,34.26,3,0.0,,,
30,0.3240,-0.1188,-0.1718,3.003,good,0.000,2.84,0,0,0,0,35.20,2,0.0,,,
31,0.3240,-0.1183,0.1453,3.043,good,0.009,3.21,0,0,0,0,34.03,2,0.0,,,
32,0.3240,-0.1177,0.0360,3.031,good,0.000,2.60,0,0,0,0,34.06,2,0.0,,,
33,0.3240,-0.1168,-0.0386,2.888,good,0.000,3.11,0,0,0,0,37.28,2,0.0,,,
26,0.3280,-0.1146,-0.1924,3.007,good,0.000,4.22,0,0,0,0,33.75,3,0.0,,,
27,0.3280,-0.1115,0.2136,3.057,good,0.000,3.19,0,0,0,0,31.51,3,0.0,,,
28,0.3280,-0.1120,-0.1123,2.941,good,0.000,2.19,0,0,0,0,34.35,3,0.0,,,
29,0.3280,-0.1093,-0.0623,2.999,good,0.000,2.60,0,0,0,0,32.05,3,0.0,,,
36,0.3280,-0.1165,0.0448,3.143,good,0.006,4.09,0,0,0,0,31.08,2,0.0,,,
34,0.3320,-0.1125,-0.1904,3.111,good,0.001,2.55,0,0,0,0,41.17,3,0.0,,,
35,0.3320,-0.1122,0.0063,3.002,good,0.000,2.93,0,0,0,0,43.49,3,0.0,,,
37,0.3360,-0.1161,0.1209,3.003,good,0.000,2.11,0,0,0,0,36.13,3,0.0,,,
38,0.3360,-0.1132,-0.0552,3.305,good,0.000,3.64,0,0,0,0,28.63,3,0.0,,,
39,0.3360,-0.1147,0.0978,3.102,good,0.004,7.02,0,0,0,0,33.31,3,0.0,,,
40,0.3360,-0.1111,0.0564,3.001,good,0.002,2.77,0,0,0,0,34.37,3,0.0,,,
43,0.3360,-0.1191,0.2158,2.840,good,0.000,2.59,0,0,0,0,41.15,2,0.0,,,
41,0.3400,-0.1120,-0.0499,3.001,insect,1.000,9.27,1,1,1,0,36.44,3,3.1,25,39,39
42,0.3400,-0.1084,-0.1687,3.085,good,0.002,2.12,0,0,0,0,33.26,3,0.0,,,
46,0.3400,-0.1186,-0.0085,3.012,good,0.000,1.42,0,0,0,0,38.23,2,0.0,,,
47,0.3400,-0.1000,-0.0582,3.000,good,0.000,3.59,0,0,0,0,32.30,1,0.0,,,
44,0.3440,-0.1105,-0.0497,2.988,good,0.000,2.95,0,0,0,0,34.35,3,0.0,,,
45,0.3440,-0.1087,0.1153,3.002,good,0.000,1.58,0,0,0,0,33.38,3,0.0,,,
50,0.3480,-0.1190,0.1483,3.005,good,0.000,2.95,0,0,0,0,34.37,2,0.0,,,
51,0.3480,-0.1194,-0.0566,3.027,good,0.010,3.34,0,0,0,0,33.92,2,0.0,,,
52,0.3480,-0.1165,-0.1995,2.995,good,0.000,1.68,0,0,0,0,33.70,2,0.0,,,
48,0.3520,-0.1174,-0.1005,2.842,good,0.001,3.02,0,0,0,0,49.67,3,0.0,,,
49,0.3520,-0.1100,0.2393,2.989,good,0.000,2.29,0,0,0,0,43.40,3,0.0,,,
55,0.3520,-0.1188,-0.0645,3.008,good,0.000,4.43,0,0,0,0,45.83,2,0.0,,,
56,0.3520,-0.1158,0.1787,3.006,good,0.000,2.44,0,0,0,0,44.83,2,0.0,,,
53,0.3560,-0.1172,-0.2031,2.807,good,0.001,3.38,0,0,0,0,38.33,3,0.0,,,
54,0.3560,-0.1087,0.1666,3.003,good,0.000,2.56,0,0,0,0,30.41,3,0.0,,,
58,0.3560,-0.1199,0.0826,2.997,good,0.000,3.04,0,0,0,0,34.21,2,0.0,,,
59,0.3560,-0.1193,0.1961,2.992,good,0.000,2.50,0,0,0,0,34.11,2,0.0,,,
57,0.3600,-0.1138,0.0767,3.146,good,0.000,2.50,0,0,0,0,31.13,3,0.0,,,
63,0.3600,-0.1196,0.0651,3.005,good,0.000,2.75,0,0,0,0,36.18,2,0.0,,,
64,0.3600,-0.1190,0.1438,3.002,good,0.000,2.25,0,0,0,0,36.01,2,0.0,,,
60,0.3640,-0.1154,0.2229,2.898,good,0.000,2.27,0,0,0,0,37.82,3,0.0,,,
61,0.3640,-0.1135,0.1927,3.008,good,0.004,4.38,0,0,0,0,34.43,3,0.0,,,
62,0.3640,-0.1103,-0.0670,3.003,good,0.011,3.19,0,0,0,0,33.42,3,0.0,,,
67,0.3640,-0.1179,0.0061,2.999,good,0.000,3.79,0,0,0,0,36.00,2,0.0,,,
65,0.3680,-0.1086,-0.1171,3.257,good,0.008,2.14,0,0,0,0,26.63,3,0.0,,,
66,0.3680,-0.1107,-0.0609,3.002,insect,1.000,8.02,1,1,1,0,32.68,3,3.1,24,69,69
69,0.3680,-0.1195,0.1957,3.008,good,0.000,2.86,0,0,0,0,35.43,2,0.0,,,
70,0.3680,-0.1181,-0.0545,3.017,good,0.001,1.86,0,0,0,0,34.70,2,0.0,,,
71,0.3680,-0.1158,0.0313,2.972,good,0.000,3.36,0,0,0,0,34.98,2,0.0,,,
68,0.3720,-0.1140,0.0050,2.998,good,0.000,2.69,0,0,0,0,32.06,3,0.0,,,
74,0.3720,-0.1187,0.1709,2.999,good,0.000,2.10,0,0,0,0,33.55,2,0.0,,,
72,0.3760,-0.1132,0.0846,3.275,good,0.000,3.21,0,0,0,0,26.46,3,0.0,,,
73,0.3760,-0.1140,0.0206,2.954,good,0.002,2.46,0,0,0,0,33.76,3,0.0,,,
78,0.3760,-0.1098,0.0948,3.019,stick,1.000,70.73,1,1,1,0,30.77,2,2.4,44|43,80,
75,0.3800,-0.1105,-0.1504,2.974,good,0.001,3.04,0,0,0,0,42.74,3,0.0,,,
76,0.3800,-0.1112,0.1072,2.997,good,0.000,2.09,0,0,0,0,42.36,3,0.0,,,
77,0.3800,-0.1108,0.1361,2.648,good,0.001,1.60,0,0,0,0,51.46,3,0.0,,,
82,0.3800,-0.1190,0.0331,3.001,good,0.000,3.10,0,0,0,0,44.78,2,0.0,,,
83,0.3800,-0.1182,0.2396,2.873,good,0.031,10.47,0,0,0,0,47.72,2,0.0,,,
84,0.3800,-0.1170,-0.0324,2.996,broken,1.000,2.20,1,1,1,0,44.18,2,2.4,27|28,79,79
79,0.3840,-0.1120,-0.1018,3.150,good,0.036,4.25,0,0,0,0,26.25,3,0.0,,,
80,0.3840,-0.1104,-0.0837,3.004,good,0.078,3.27,0,0,0,0,28.89,3,0.0,,,
81,0.3840,-0.1080,-0.2063,3.086,good,0.001,4.13,0,0,0,0,26.19,3,0.0,,,
88,0.3840,-0.1200,-0.0084,2.992,good,0.033,8.25,0,0,0,0,32.28,2,0.0,,,
89,0.3840,-0.1197,0.2052,3.001,good,0.001,5.25,0,0,0,0,31.92,2,0.0,,,
90,0.3840,-0.1168,-0.2223,2.849,good,0.000,2.23,0,0,0,0,34.80,2,0.0,,,
85,0.3880,-0.1275,-0.2011,2.801,faded,0.990,3.94,1,1,1,0,48.71,2,3.2,6,109,
86,0.3880,-0.1171,0.1708,2.699,good,0.000,2.93,0,0,0,0,51.85,3,0.0,,,
87,0.3880,-0.1094,-0.1295,3.349,good,0.000,3.49,0,0,0,0,33.89,3,0.0,,,
95,0.3880,-0.1163,-0.1975,3.000,faded,0.988,3.83,1,1,1,0,43.45,1,3.2,6,88,
91,0.3920,-0.1122,-0.1408,3.001,good,0.000,2.43,0,0,0,0,29.21,3,0.0,,,
92,0.3920,-0.1098,0.0376,3.168,good,0.000,4.03,0,0,0,0,24.64,3,0.0,,,
94,0.3920,-0.1181,-0.1992,3.331,good,0.005,3.22,0,0,0,0,23.86,2,0.0,,,
93,0.3960,-0.1128,-0.1735,3.007,good,0.000,2.00,0,0,0,0,33.05,3,0.0,,,
96,0.4000,-0.1152,0.0947,3.000,good,0.000,4.51,0,0,0,0,31.69,3,0.0,,,
97,0.4000,-0.1136,-0.0604,3.030,good,0.001,1.92,0,0,0,0,30.37,3,0.0,,,
98,0.4000,-0.1138,-0.1865,2.999,good,0.000,2.39,0,0,0,0,31.10,3,0.0,,,
99,0.4000,-0.1129,-0.0079,2.995,good,0.000,4.13,0,0,0,0,30.88,3,0.0,,,
100,0.4000,-0.1117,0.1450,3.007,good,0.129,4.34,0,0,0,0,30.13,3,0.0,,,
101,0.4000,-0.1086,-0.2300,3.007,good,0.000,3.55,0,0,0,0,29.04,3,0.0,,,
105,0.4000,-0.1192,0.1971,2.995,good,0.000,3.40,0,0,0,0,32.83,2,0.0,,,
102,0.4040,-0.1148,0.0741,2.922,faded,0.701,3.66,1,1,1,0,34.89,3,3.2,41,82,82
103,0.4040,-0.1128,-0.0749,2.994,good,0.000,2.43,0,0,0,0,32.36,3,0.0,,,
104,0.4040,-0.1125,0.0588,3.028,faded,0.989,3.83,1,1,1,0,31.44,3,3.2,39,107,
108,0.4040,-0.1195,-0.1243,2.974,good,0.000,2.95,0,0,0,0,34.99,2,0.0,,,
106,0.4080,-0.1139,-0.0718,3.014,faded,0.800,4.08,1,1,1,0,32.32,3,3.2,22|23,92,92
107,0.4080,-0.1122,-0.0907,2.989,insect,1.000,8.40,1,1,1,0,32.26,3,3.1,20,121,121
111,0.4080,-0.1187,0.1428,2.891,good,0.000,5.31,0,0,0,0,36.84,2,0.0,,,
112,0.4080,-0.1155,0.0149,2.999,good,0.001,3.37,0,0,0,0,33.02,2,0.0,,,
109,0.4120,-0.1104,0.1989,2.998,good,0.002,3.31,0,0,0,0,30.70,3,0.0,,,
110,0.4120,-0.1128,0.0510,2.722,good,0.002,2.82,0,0,0,0,38.66,3,0.0,,,
116,0.4120,-0.1199,-0.0652,3.048,good,0.003,4.00,0,0,0,0,32.57,2,0.0,,,
117,0.4120,-0.1181,-0.1078,3.013,good,0.000,4.68,0,0,0,0,32.79,2,0.0,,,
113,0.4160,-0.1139,-0.0314,2.870,husk,1.000,10.16,1,1,1,0,40.89,3,2.4,27|28,130,
114,0.4160,-0.1129,0.1541,3.000,good,0.018,2.57,0,0,0,0,37.27,3,0.0,,,
115,0.4160,-0.1098,-0.1359,3.005,good,0.020,2.13,0,0,0,0,36.07,3,0.0,,,
118,0.4160,-0.1190,0.0504,3.034,good,0.000,2.38,0,0,0,0,38.40,2,0.0,,,
119,0.4160,-0.1177,0.2046,3.048,good,0.000,3.11,0,0,0,0,37.60,2,0.0,,,
120,0.4160,-0.1171,0.1273,2.979,good,0.000,2.63,0,0,0,0,39.02,2,0.0,,,
121,0.4200,-0.1173,-0.0914,3.000,good,0.000,2.86,0,0,0,0,36.78,2,0.0,,,
124,0.4200,-0.1069,0.0459,3.000,good,0.000,1.99,0,0,0,0,33.29,1,0.0,,,
122,0.4280,-0.1135,0.2347,2.863,broken,0.528,3.62,1,1,1,0,47.19,3,2.4,62|61,122,122
123,0.4280,-0.1086,-0.0506,2.994,good,0.000,1.79,0,0,0,0,42.20,3,0.0,,,
128,0.4280,-0.1179,0.0509,3.048,good,0.000,2.83,0,0,0,0,44.01,2,0.0,,,
129,0.4280,-0.1164,-0.0952,3.001,good,0.000,1.77,0,0,0,0,44.58,2,0.0,,,
130,0.4280,-0.1159,0.1390,2.995,faded,0.674,2.87,1,1,1,0,44.53,2,3.2,49,136,136
131,0.4280,-0.1133,0.1675,3.450,husk,0.997,10.35,1,1,1,0,34.22,2,2.4,53,186,
125,0.4320,-0.1105,-0.2049,3.097,good,0.008,2.97,0,0,0,0,27.72,3,0.0,,,
126,0.4320,-0.1346,-0.0452,3.000,good,0.005,6.47,0,0,0,0,29.94,1,0.0,,,
127,0.4320,-0.1109,0.0828,3.001,good,0.000,4.61,0,0,0,0,29.95,3,0.0,,,
136,0.4320,-0.1196,-0.0917,3.006,good,0.000,2.90,0,0,0,0,32.68,2,0.0,,,
137,0.4320,-0.1138,-0.0392,2.687,good,0.000,2.80,0,0,0,0,39.20,2,0.0,,,
138,0.4320,-0.1116,-0.0490,2.801,good,0.000,2.80,0,0,0,0,35.09,2,0.0,,,
132,0.4360,-0.1149,-0.0053,2.924,good,0.007,3.20,0,0,0,0,35.03,3,0.0,,,
133,0.4360,-0.1143,0.0445,3.001,good,0.000,3.14,0,0,0,0,32.87,3,0.0,,,
134,0.4360,-0.1131,0.1346,3.003,good,0.000,4.26,0,0,0,0,32.40,3,0.0,,,
135,0.4360,-0.1145,0.1586,2.517,sour,1.000,15.26,1,1,1,0,46.61,3,3.2,52,135,
143,0.4360,-0.1161,-0.0486,2.991,good,0.007,2.49,0,0,0,0,33.58,2,0.0,,,
147,0.4360,-0.1031,-0.0362,3.000,good,0.000,2.82,0,0,0,0,29.03,1,0.0,,,
139,0.4400,-0.1141,-0.1675,3.001,sour,1.000,17.07,1,1,1,0,44.22,3,3.2,10,138,
140,0.4400,-0.1116,0.1853,2.848,stick,0.999,20.97,1,1,1,0,47.08,3,2.4,55,131|145,
141,0.4400,-0.1142,0.1590,3.002,sour,1.000,29.47,1,1,1,0,44.05,3,3.2,52,125,125
142,0.4400,-0.1100,-0.1487,2.981,good,0.002,2.78,0,0,0,0,43.10,3,0.0,,,
146,0.4400,-0.1159,-0.1943,2.997,good,0.172,3.36,0,0,0,0,44.66,2,0.0,,,
144,0.4440,-0.1173,0.1403,2.662,good,0.002,3.26,0,0,0,0,43.42,3,0.0,,,
145,0.4440,-0.1095,-0.2274,2.846,good,0.000,3.13,0,0,0,0,35.35,3,0.0,,,
148,0.4480,-0.1152,0.1636,2.993,good,0.047,2.83,0,0,0,0,32.47,3,0.0,,,
149,0.4480,-0.1182,0.1881,2.525,good,0.000,6.65,0,0,0,0,46.90,3,0.0,,,
154,0.4480,-0.1190,0.0561,2.807,good,0.001,2.41,0,0,0,0,38.45,2,0.0,,,
155,0.4480,-0.1162,0.1182,2.999,good,0.007,2.88,0,0,0,0,32.52,2,0.0,,,
156,0.4480,-0.1143,0.2311,3.411,good,0.001,9.20,0,0,0,0,23.20,2,0.0,,,
150,0.4520,-0.1123,0.1505,3.200,faded,0.609,3.97,1,1,1,0,38.51,3,3.2,51,154,154
151,0.4520,-0.1115,0.1637,3.003,good,0.000,2.06,0,0,0,0,42.52,3,0.0,,,
152,0.4520,-0.1352,0.1848,3.000,good,0.000,2.00,0,0,0,0,42.47,1,0.0,,,
153,0.4520,-0.1091,0.0006,2.757,sour,1.000,16.22,1,1,1,0,47.88,3,3.2,32|31,156,
160,0.4520,-0.1192,-0.1231,3.002,good,0.000,4.10,0,0,0,0,45.02,2,0.0,,,
161,0.4520,-0.1183,-0.1983,3.005,sour,1.000,18.41,1,1,1,0,44.59,2,3.2,6,140,140
157,0.4560,-0.1145,0.0314,2.999,good,0.000,2.38,0,0,0,0,33.07,3,0.0,,,
158,0.4560,-0.1136,0.1254,3.043,good,0.000,2.10,0,0,0,0,31.67,3,0.0,,,
159,0.4560,-0.1116,0.1945,3.009,good,0.000,2.41,0,0,0,0,31.75,3,0.0,,,
164,0.4560,-0.1188,0.0978,2.074,good,0.080,7.01,0,0,0,0,66.86,2,0.0,,,
165,0.4560,-0.1178,0.1894,2.998,good,0.000,2.62,0,0,0,0,34.00,2,0.0,,,
171,0.4560,-0.1101,0.0953,3.000,good,0.001,2.95,0,0,0,0,31.38,1,0.0,,,
162,0.4600,-0.1141,-0.0993,2.984,good,0.000,4.52,0,0,0,0,32.89,3,0.0,,,
163,0.4600,-0.1082,-0.0476,3.001,good,0.000,3.22,0,0,0,0,30.48,3,0.0,,,
170,0.4600,-0.1170,-0.1628,2.999,good,0.001,2.01,0,0,0,0,33.40,2,0.0,,,
166,0.4640,-0.1095,-0.0124,3.026,good,0.000,3.01,0,0,0,0,30.49,3,0.0,,,
167,0.4640,-0.1095,-0.1302,2.986,faded,1.000,6.92,1,1,1,0,31.35,3,3.2,15,178,178
168,0.4640,-0.1108,-0.0751,3.002,good,0.000,2.73,0,0,0,0,31.29,3,0.0,,,
169,0.4640,-0.1088,0.2043,2.996,good,0.001,9.01,0,0,0,0,30.73,3,0.0,,,
175,0.4640,-0.1189,-0.0214,3.300,stone,1.000,19.32,1,1,1,0,27.34,2,9.1,29|28|30,163,163
176,0.4640,-0.1156,0.0675,3.014,good,0.000,5.60,0,0,0,0,32.47,2,0.0,,,
172,0.4680,-0.1149,-0.1438,3.018,good,0.000,1.95,0,0,0,0,32.92,3,0.0,,,
173,0.4680,-0.1116,0.0553,2.998,broken,0.999,2.59,1,1,1,0,32.23,3,2.4,39|38,159,159
174,0.4680,-0.1095,-0.1647,2.996,good,0.001,2.22,0,0,0,0,31.51,3,0.0,,,
177,0.4720,-0.1142,0.2201,3.015,good,0.000,2.04,0,0,0,0,45.56,3,0.0,,,
178,0.4720,-0.1079,-0.0134,3.310,good,0.000,3.31,0,0,0,0,37.29,3,0.0,,,
180,0.4760,-0.1194,0.0428,2.998,good,0.000,2.49,0,0,0,0,37.29,2,0.0,,,
181,0.4760,-0.1173,-0.1963,2.971,good,0.001,2.15,0,0,0,0,37.18,2,0.0,,,
179,0.4800,-0.1149,-0.1102,3.000,good,0.000,2.27,0,0,0,0,44.90,3,0.0,,,
182,0.4840,-0.1208,-0.0513,2.515,broken,0.982,3.94,1,1,1,0,46.68,2,2.4,25,,
187,0.4840,-0.1179,-0.0749,3.016,good,0.005,3.11,0,0,0,0,35.08,2,0.0,,,
188,0.4840,-0.1197,-0.0153,3.000,good,0.000,2.87,0,0,0,0,36.01,2,0.0,,,
189,0.4840,-0.1195,0.0915,3.009,good,0.000,3.74,0,0,0,0,35.69,2,0.0,,,
193,0.4840,-0.1107,-0.0557,3.000,broken,0.999,3.90,1,1,1,0,32.96,1,2.4,24|25,174,
183,0.4880,-0.1140,-0.0390,3.000,good,0.000,2.21,0,0,0,0,31.86,3,0.0,,,
184,0.4880,-0.1099,-0.2401,2.987,good,0.001,3.02,0,0,0,0,30.72,3,0.0,,,
185,0.4880,-0.1095,0.1840,3.009,good,0.041,3.49,0,0,0,0,30.05,3,0.0,,,
186,0.4880,-0.1098,-0.1616,2.995,good,0.000,2.73,0,0,0,0,30.44,3,0.0,,,
192,0.4880,-0.1172,-0.1164,2.998,good,0.000,2.85,0,0,0,0,32.81,2,0.0,,,
190,0.4920,-0.1151,0.0854,2.996,good,0.001,2.55,0,0,0,0,32.69,3,0.0,,,
191,0.4920,-0.1116,0.2124,3.002,good,0.000,3.51,0,0,0,0,31.34,3,0.0,,,
197,0.4920,-0.1178,-0.0306,3.000,good,0.002,2.08,0,0,0,0,33.39,2,0.0,,,
198,0.4920,-0.1157,0.1721,3.182,good,0.000,2.58,0,0,0,0,28.54,2,0.0,,,
194,0.4960,-0.1114,0.1369,3.080,good,0.000,2.72,0,0,0,0,40.51,3,0.0,,,
195,0.4960,-0.1118,0.1050,2.891,good,0.000,3.01,0,0,0,0,45.10,3,0.0,,,
196,0.4960,-0.1083,-0.2068,3.001,good,0.191,3.39,0,0,0,0,41.19,3,0.0,,,
210,0.4960,-0.1029,0.1763,3.000,good,0.000,3.10,0,0,0,0,39.41,1,0.0,,,
199,0.5000,-0.1140,-0.0282,3.143,faded,0.999,4.29,1,1,1,0,29.92,3,3.2,28,195,195
200,0.5000,-0.1383,-0.1997,3.000,good,0.000,3.08,0,0,0,0,33.24,1,0.0,,,
201,0.5000,-0.1125,-0.1390,2.995,good,0.002,1.98,0,0,0,0,32.71,3,0.0,,,
202,0.5000,-0.1105,-0.0107,3.001,good,0.001,2.23,0,0,0,0,31.86,3,0.0,,,
203,0.5000,-0.1098,-0.0669,2.992,good,0.002,3.20,0,0,0,0,31.78,3,0.0,,,
204,0.5000,-0.1196,-0.1016,3.045,faded,0.693,5.78,1,1,1,0,33.76,2,3.2,18|19,196|204,196|204
205,0.5000,-0.1167,-0.2028,3.086,good,0.013,8.82,0,0,0,0,31.82,2,0.0,,,
206,0.5000,-0.1187,0.0189,2.990,good,0.002,5.89,0,0,0,0,34.67,2,0.0,,,
208,0.5000,-0.1188,0.0553,3.017,good,0.001,2.94,0,0,0,0,34.05,2,0.0,,,
209,0.5000,-0.1172,-0.1296,2.999,good,0.000,4.24,0,0,0,0,33.88,2,0.0,,,
207,0.5040,-0.1080,0.1079,3.014,good,0.000,2.32,0,0,0,0,30.05,3,0.0,,,
211,0.5080,-0.1138,0.1793,3.029,good,0.000,1.98,0,0,0,0,29.53,3,0.0,,,
212,0.5080,-0.1127,-0.0962,2.984,good,0.000,2.43,0,0,0,0,30.16,3,0.0,,,
213,0.5080,-0.1132,0.0485,2.999,good,0.000,3.29,0,0,0,0,29.91,3,0.0,,,
214,0.5080,-0.1100,0.0386,3.199,good,0.000,2.87,0,0,0,0,24.42,3,0.0,,,
215,0.5080,-0.1064,0.0599,3.440,good,0.000,2.10,0,0,0,0,18.72,3,0.0,,,
218,0.5080,-0.1197,-0.2188,2.998,good,0.000,5.07,0,0,0,0,31.99,2,0.0,,,
216,0.5120,-0.1150,-0.0958,2.996,sour,1.000,17.39,1,1,1,0,34.49,3,3.2,19,226,226
217,0.5120,-0.1124,0.1108,3.018,good,0.001,2.90,0,0,0,0,32.99,3,0.0,,,
219,0.5120,-0.1184,-0.1989,2.998,good,0.006,2.91,0,0,0,0,35.43,2,0.0,,,
220,0.5160,-0.1194,0.1531,3.033,good,0.000,3.07,0,0,0,0,35.11,2,0.0,,,
222,0.5200,-0.1189,-0.1337,3.196,good,0.002,8.04,0,0,0,0,41.73,2,0.0,,,
223,0.5200,-0.1189,-0.2340,2.993,good,0.008,4.73,0,0,0,0,46.32,2,0.0,,,
224,0.5200,-0.1172,0.2066,2.995,good,0.000,2.62,0,0,0,0,45.67,2,0.0,,,
225,0.5200,-0.1173,-0.0138,3.009,faded,1.000,5.17,1,1,1,0,45.32,2,3.2,30,203,203
221,0.5240,-0.1123,0.1349,2.999,good,0.002,2.66,0,0,0,0,31.65,3,0.0,,,
228,0.5240,-0.1188,0.0928,2.996,good,0.000,4.32,0,0,0,0,33.79,2,0.0,,,
226,0.5280,-0.1173,-0.1282,2.811,good,0.000,2.73,0,0,0,0,41.61,3,0.0,,,
227,0.5280,-0.1127,0.1590,3.159,good,0.000,3.32,0,0,0,0,31.61,3,0.0,,,
232,0.5280,-0.1157,-0.0171,2.994,good,0.004,4.08,0,0,0,0,36.24,2,0.0,,,
229,0.5320,-0.1132,-0.2135,3.012,good,0.001,18.87,1,1,1,0,29.94,3,9.0,4|5|3,239,239
230,0.5320,-0.1108,0.0948,2.996,good,0.000,4.21,0,0,0,0,29.45,3,0.0,,,
231,0.5320,-0.1094,-0.0258,2.885,faded,1.000,6.58,1,1,1,0,31.61,3,3.2,28,246,246
234,0.5320,-0.1175,0.1985,2.985,good,0.001,4.12,0,0,0,0,31.84,2,0.0,,,
233,0.5360,-0.1114,0.1723,2.992,good,0.000,1.98,0,0,0,0,29.48,3,0.0,,,
236,0.5360,-0.1171,0.0794,2.993,broken,0.921,2.38,1,1,1,0,31.31,2,2.4,42|41,222,222
237,0.5360,-0.1183,-0.0900,3.003,good,0.000,2.17,0,0,0,0,31.41,2,0.0,,,
238,0.5360,-0.1176,0.1495,3.004,sour,1.000,14.52,1,1,1,0,31.11,2,3.2,51|50,229,229
239,0.5360,-0.1160,0.2274,3.002,good,0.000,2.83,0,0,0,0,30.58,2,0.0,,,
235,0.5400,-0.1116,-0.1066,2.994,good,0.000,3.10,0,0,0,0,34.89,3,0.0,,,
243,0.5400,-0.1178,-0.1872,3.000,good,0.003,1.72,0,0,0,0,36.74,2,0.0,,,
240,0.5440,-0.1144,0.0277,3.022,broken,0.998,2.86,1,1,1,0,36.35,3,2.4,35,241,241
241,0.5440,-0.1093,-0.0493,3.004,sour,1.000,20.13,1,1,1,0,35.00,3,3.2,25,257,257
242,0.5440,-0.1085,-0.0861,3.010,good,0.004,1.63,0,0,0,0,34.55,3,0.0,,,
244,0.5480,-0.1126,-0.1923,3.006,good,0.000,2.64,0,0,0,0,31.40,3,0.0,,,
245,0.5480,-0.1154,-0.0181,2.841,good,0.000,3.18,0,0,0,0,36.35,3,0.0,,,
246,0.5480,-0.1107,-0.0976,3.005,good,0.001,3.79,0,0,0,0,30.58,3,0.0,,,
250,0.5480,-0.1184,-0.0452,3.058,good,0.000,2.85,0,0,0,0,31.85,2,0.0,,,
251,0.5480,-0.1184,-0.1195,3.087,good,0.144,4.99,0,0,0,0,31.14,2,0.0,,,
247,0.5520,-0.1136,0.0268,3.014,good,0.000,4.06,0,0,0,0,35.41,3,0.0,,,
248,0.5520,-0.1113,-0.1317,3.002,good,0.000,2.54,0,0,0,0,34.85,3,0.0,,,
249,0.5520,-0.1110,-0.1510,3.004,good,0.000,2.27,0,0,0,0,34.67,3,0.0,,,
254,0.5520,-0.1184,0.2253,3.012,good,0.004,3.48,0,0,0,0,36.88,2,0.0,,,
262,0.5520,-0.1062,-0.0403,3.000,good,0.000,2.64,0,0,0,0,33.10,1,0.0,,,
252,0.5560,-0.1106,0.1198,3.001,good,0.023,1.38,0,0,0,0,30.80,3,0.0,,,
253,0.5560,-0.1100,-0.0625,3.005,good,0.000,2.46,0,0,0,0,30.45,3,0.0,,,
259,0.5560,-0.1190,0.0299,3.000,good,0.000,2.66,0,0,0,0,33.50,2,0.0,,,
260,0.5560,-0.1182,0.2366,2.992,faded,1.000,5.95,1,1,1,0,33.42,2,3.2,62,242,242
261,0.5560,-0.1146,0.0701,3.049,good,0.001,5.16,0,0,0,0,30.80,2,0.0,,,
255,0.5600,-0.1122,-0.0419,3.038,good,0.004,2.89,0,0,0,0,32.41,3,0.0,,,
256,0.5600,-0.1144,0.0921,2.747,good,0.000,3.57,0,0,0,0,40.57,3,0.0,,,
257,0.5600,-0.1119,-0.0642,3.005,good,0.000,1.70,0,0,0,0,32.97,3,0.0,,,
258,0.5600,-0.1115,-0.1692,3.000,good,0.000,3.26,0,0,0,0,32.91,3,0.0,,,
263,0.5640,-0.1088,-0.2063,3.004,good,0.000,1.98,0,0,0,0,31.21,3,0.0,,,
267,0.5640,-0.1193,0.1342,3.005,good,0.000,2.97,0,0,0,0,34.64,2,0.0,,,
268,0.5640,-0.1185,-0.1586,3.001,good,0.000,2.10,0,0,0,0,34.38,2,0.0,,,
264,0.5680,-0.1141,0.0476,3.016,good,0.000,1.81,0,0,0,0,33.28,3,0.0,,,
265,0.5680,-0.1122,-0.1210,3.002,good,0.000,2.39,0,0,0,0,32.89,3,0.0,,,
266,0.5680,-0.1088,-0.2183,3.004,sour,1.000,21.68,1,1,1,0,31.65,3,3.2,4|3,270,270
274,0.5680,-0.1188,0.1567,3.002,good,0.000,3.19,0,0,0,0,34.97,2,0.0,,,
275,0.5680,-0.1174,0.0188,2.985,good,0.000,2.91,0,0,0,0,34.91,2,0.0,,,
269,0.5720,-0.1143,-0.0458,2.991,black,1.000,48.38,1,1,1,0,32.90,3,3.2,26|25,273,273
270,0.5720,-0.1158,0.1849,3.015,good,0.000,2.64,0,0,0,0,32.75,3,0.0,,,
271,0.5720,-0.1105,-0.0825,3.000,good,0.000,1.59,0,0,0,0,31.30,3,0.0,,,
272,0.5720,-0.1081,-0.1451,3.001,insect,1.000,3.46,1,1,1,0,30.43,3,3.1,13,255,255
273,0.5720,-0.1092,-0.0183,3.002,good,0.011,4.72,0,0,0,0,30.71,3,0.0,,,
276,0.5720,-0.1184,-0.1138,2.996,faded,0.544,7.46,1,1,1,0,33.87,2,3.1,17,259|278,259|278
277,0.5760,-0.1097,-0.0221,3.012,good,0.000,2.90,0,0,0,0,41.33,3,0.0,,,
280,0.5760,-0.1198,-0.1028,3.003,good,0.007,2.97,0,0,0,0,44.83,2,0.0,,,
281,0.5760,-0.1190,-0.0072,2.995,good,0.000,8.83,0,0,0,0,44.71,2,0.0,,,
278,0.5800,-0.1121,-0.0706,3.001,good,0.000,3.17,0,0,0,0,36.75,3,0.0,,,
279,0.5800,-0.1120,0.0136,2.997,good,0.009,2.29,0,0,0,0,36.78,3,0.0,,,
282,0.5840,-0.1135,0.1764,3.070,good,0.000,2.18,0,0,0,0,35.08,3,0.0,,,
283,0.5840,-0.1120,0.1666,2.989,good,0.000,3.71,0,0,0,0,36.41,3,0.0,,,
284,0.5840,-0.1119,0.0541,2.999,good,0.000,2.59,0,0,0,0,36.10,3,0.0,,,
289,0.5840,-0.1181,-0.0340,2.997,good,0.000,5.34,0,0,0,0,38.16,2,0.0,,,
290,0.5840,-0.1172,0.2103,3.000,good,0.001,3.15,0,0,0,0,37.76,2,0.0,,,
285,0.5880,-0.1141,-0.0274,2.976,good,0.000,1.78,0,0,0,0,36.10,3,0.0,,,
286,0.5880,-0.1127,-0.0734,3.010,good,0.000,3.11,0,0,0,0,34.76,3,0.0,,,
287,0.5880,-0.1123,0.0518,2.994,good,0.013,3.88,0,0,0,0,34.98,3,0.0,,,
288,0.5880,-0.1109,0.0325,3.001,good,0.000,2.93,0,0,0,0,34.28,3,0.0,,,
296,0.5880,-0.1177,-0.1784,3.029,good,0.001,4.61,0,0,0,0,35.85,2,0.0,,,
291,0.5920,-0.1135,0.1928,3.000,good,0.000,3.71,0,0,0,0,32.65,3,0.0,,,
292,0.5920,-0.1116,-0.2392,3.207,good,0.000,2.82,0,0,0,0,27.43,3,0.0,,,
293,0.5920,-0.1131,-0.0554,3.004,good,0.005,1.79,0,0,0,0,32.33,3,0.0,,,
294,0.5920,-0.1102,-0.2012,3.001,good,0.000,2.04,0,0,0,0,31.40,3,0.0,,,
295,0.5920,-0.1087,-0.1514,2.997,good,0.000,2.19,0,0,0,0,30.97,3,0.0,,,
299,0.5920,-0.1181,0.1167,2.992,good,0.000,3.10,0,0,0,0,34.18,2,0.0,,,
297,0.5960,-0.1134,0.1287,2.991,good,0.000,3.32,0,0,0,0,36.28,3,0.0,,,
298,0.5960,-0.1121,-0.1016,3.001,good,0.018,2.52,0,0,0,0,35.55,3,0.0,,,
301,0.5960,-0.1196,0.0314,2.995,good,0.001,4.45,0,0,0,0,38.11,2,0.0,,,
300,0.6000,-0.1102,-0.0847,3.004,good,0.001,2.61,0,0,0,0,32.84,3,0.0,,,
303,0.6000,-0.1197,0.0590,3.450,good,0.000,2.41,0,0,0,0,26.48,2,0.0,,,
305,0.6000,-0.1165,-0.1867,3.000,good,0.001,1.94,0,0,0,0,34.92,2,0.0,,,
306,0.6000,-0.1171,0.0854,2.989,good,0.002,1.99,0,0,0,0,35.34,2,0.0,,,
302,0.6040,-0.1149,0.0972,3.037,good,0.000,1.95,0,0,0,0,32.14,3,0.0,,,
304,0.6040,-0.1082,-0.1270,2.942,faded,1.000,5.01,1,1,1,0,32.12,3,3.2,15,313,
308,0.6040,-0.1170,-0.2234,3.004,good,0.002,2.11,0,0,0,0,33.52,2,0.0,,,
309,0.6040,-0.1160,0.1655,2.999,good,0.000,1.89,0,0,0,0,33.26,2,0.0,,,
307,0.6080,-0.1144,0.1089,2.996,good,0.000,3.58,0,0,0,0,33.85,3,0.0,,,
311,0.6080,-0.1189,-0.1007,2.998,good,0.462,2.91,0,0,0,0,35.25,2,0.0,,,
310,0.6120,-0.1154,0.2270,2.995,good,0.000,5.35,0,0,0,0,31.51,3,0.0,,,
313,0.6120,-0.1197,-0.1791,3.011,good,0.000,1.96,0,0,0,0,32.47,2,0.0,,,
314,0.6120,-0.1177,-0.1888,3.003,good,0.000,3.17,0,0,0,0,31.99,2,0.0,,,
315,0.6120,-0.1172,0.1459,3.003,good,0.002,3.58,0,0,0,0,31.78,2,0.0,,,
312,0.6160,-0.1107,-0.2088,2.957,good,0.000,4.17,0,0,0,0,32.25,3,0.0,,,
317,0.6160,-0.1181,0.0308,2.980,good,0.000,2.28,0,0,0,0,34.08,2,0.0,,,
318,0.6160,-0.1173,0.1065,3.000,good,0.000,4.25,0,0,0,0,33.28,2,0.0,,,
319,0.6160,-0.1154,-0.1942,2.999,good,0.004,3.01,0,0,0,0,32.65,2,0.0,,,
316,0.6200,-0.1092,-0.0574,3.012,insect,1.000,3.50,1,1,1,0,30.79,3,3.1,24,329,329
320,0.6240,-0.1103,-0.2001,3.003,good,0.003,2.87,0,0,0,0,32.44,3,0.0,,,
321,0.6240,-0.1104,0.0652,3.000,good,0.000,2.91,0,0,0,0,32.47,3,0.0,,,
322,0.6240,-0.1087,-0.0434,2.998,good,0.000,2.86,0,0,0,0,31.93,3,0.0,,,
324,0.6240,-0.1193,0.1551,3.003,sour,1.000,32.30,1,1,1,0,35.24,2,3.2,51|52,317,317
325,0.6240,-0.1195,0.0375,3.068,good,0.000,2.14,0,0,0,0,33.70,2,0.0,,,
326,0.6240,-0.1173,-0.0170,2.999,good,0.000,2.31,0,0,0,0,34.57,2,0.0,,,
327,0.6240,-0.1125,-0.0893,3.075,good,0.000,6.78,0,0,0,0,31.20,2,0.0,,,
323,0.6280,-0.1085,0.0452,3.002,shell,1.000,9.52,1,1,1,0,31.59,3,2.4,37,316,316
329,0.6280,-0.1185,-0.2427,3.047,good,0.022,2.87,0,0,0,0,33.75,2,0.0,,,
330,0.6280,-0.1195,-0.1151,3.000,good,0.000,2.68,0,0,0,0,35.16,2,0.0,,,
328,0.6320,-0.1143,-0.1810,3.007,good,0.000,4.11,0,0,0,0,33.36,3,0.0,,,
336,0.6320,-0.1182,0.2253,3.012,good,0.000,5.34,0,0,0,0,34.49,2,0.0,,,
331,0.6360,-0.1147,-0.1069,2.996,good,0.000,2.30,0,0,0,0,32.75,3,0.0,,,
332,0.6360,-0.1135,0.1964,3.125,good,0.001,2.56,0,0,0,0,29.34,3,0.0,,,
333,0.6360,-0.1143,0.0229,3.028,shell,1.000,9.34,1,1,1,0,31.76,3,2.4,34|35,325,325
334,0.6360,-0.1126,-0.2396,2.990,good,0.013,4.88,0,0,0,0,32.00,3,0.0,,,
335,0.6360,-0.1083,0.1876,3.090,good,0.005,3.18,0,0,0,0,28.24,3,0.0,,,
340,0.6360,-0.1166,-0.0747,3.001,good,0.000,4.20,0,0,0,0,32.99,2,0.0,,,
337,0.6400,-0.1146,0.0876,2.981,good,0.000,2.81,0,0,0,0,26.56,3,0.0,,,
338,0.6400,-0.1124,-0.1865,2.999,good,0.001,1.70,0,0,0,0,25.35,3,0.0,,,
339,0.6400,-0.1095,0.0323,3.012,good,0.000,2.72,0,0,0,0,24.04,3,0.0,,,
341,0.6440,-0.1103,0.0855,3.026,good,0.000,2.26,0,0,0,0,30.55,3,0.0,,,
342,0.6440,-0.1094,-0.0848,2.996,good,0.000,2.19,0,0,0,0,30.90,3,0.0,,,
343,0.6440,-0.1084,0.2056,2.996,good,0.002,2.68,0,0,0,0,30.49,3,0.0,,,
344,0.6480,-0.1130,-0.0278,3.048,good,0.298,5.13,0,0,0,0,32.52,3,0.0,,,
345,0.6480,-0.1111,0.0050,3.361,shell,1.000,26.25,1,1,1,0,25.42,3,2.4,32,366,
346,0.6480,-0.1100,-0.1971,3.002,good,0.109,2.22,0,0,0,0,32.49,3,0.0,,,
347,0.6480,-0.1085,-0.1535,3.011,good,0.087,3.17,0,0,0,0,31.74,3,0.0,,,
348,0.6480,-0.1088,0.1378,3.002,good,0.000,2.97,0,0,0,0,32.01,3,0.0,,,
350,0.6480,-0.1150,0.0252,3.250,good,0.000,2.38,0,0,0,0,28.60,2,0.0,,,
349,0.6520,-0.1134,-0.0163,3.008,sour,1.000,18.51,1,1,1,0,32.68,3,3.2,29|30,352,352
352,0.6520,-0.1196,-0.0627,3.007,good,0.001,1.94,0,0,0,0,34.68,2,0.0,,,
351,0.6560,-0.1110,-0.1221,2.992,good,0.003,2.19,0,0,0,0,32.69,3,0.0,,,
357,0.6560,-0.1196,-0.0036,3.003,good,0.000,2.66,0,0,0,0,35.21,2,0.0,,,
363,0.6560,-0.1076,-0.0674,3.000,good,0.002,1.91,0,0,0,0,31.27,1,0.0,,,
353,0.6600,-0.1133,0.1086,3.000,good,0.000,2.19,0,0,0,0,35.07,3,0.0,,,
354,0.6600,-0.1115,0.1537,3.011,good,0.001,3.52,0,0,0,0,34.16,3,0.0,,,
355,0.6600,-0.1102,-0.2018,3.011,faded,1.000,8.03,1,1,1,0,33.68,3,3.2,6|5,354,354
356,0.6600,-0.1097,0.1239,3.004,good,0.000,2.67,0,0,0,0,33.60,3,0.0,,,
362,0.6600,-0.1172,-0.0725,2.990,faded,0.997,4.77,1,1,1,0,36.42,2,3.2,22,344,344
358,0.6640,-0.1155,-0.1733,3.000,good,0.000,3.52,0,0,0,0,33.90,3,0.0,,,
359,0.6640,-0.1140,-0.1481,2.992,good,0.000,1.93,0,0,0,0,33.55,3,0.0,,,
360,0.6640,-0.1117,0.0328,3.005,insect,1.000,4.04,1,1,1,0,32.42,3,3.1,36|35,346,346
361,0.6640,-0.1080,-0.0625,3.087,good,0.010,2.75,0,0,0,0,29.29,3,0.0,,,
368,0.6640,-0.1159,0.0115,2.998,good,0.000,2.81,0,0,0,0,33.91,2,0.0,,,
364,0.6680,-0.1140,0.1813,3.000,black,1.000,48.81,1,1,1,0,31.85,3,3.2,55,355,
365,0.6680,-0.1126,-0.0853,2.992,black,1.000,45.81,1,1,1,0,31.50,3,3.2,21|20,377,377
366,0.6680,-0.1118,-0.1109,2.989,good,0.000,3.01,0,0,0,0,31.23,3,0.0,,,
367,0.6680,-0.1105,0.1066,3.001,good,0.000,3.05,0,0,0,0,30.50,3,0.0,,,
375,0.6680,-0.1188,-0.2239,2.999,good,0.000,2.62,0,0,0,0,33.27,2,0.0,,,
369,0.6720,-0.1132,0.2114,3.152,good,0.001,3.61,0,0,0,0,24.91,3,0.0,,,
370,0.6720,-0.1129,0.0377,2.997,good,0.000,2.77,0,0,0,0,28.25,3,0.0,,,
371,0.6720,-0.1123,-0.0027,2.997,good,0.000,2.48,0,0,0,0,28.00,3,0.0,,,
372,0.6720,-0.1117,0.0692,2.998,good,0.000,1.83,0,0,0,0,27.74,3,0.0,,,
373,0.6720,-0.1085,0.2247,3.000,good,0.000,1.85,0,0,0,0,26.58,3,0.0,,,
374,0.6720,-0.1085,-0.1400,2.997,good,0.000,2.11,0,0,0,0,26.61,3,0.0,,,
376,0.6760,-0.1112,-0.2075,2.997,good,0.000,2.11,0,0,0,0,43.12,3,0.0,,,
377,0.6760,-0.1104,0.1417,3.000,good,0.001,4.76,0,0,0,0,42.74,3,0.0,,,
378,0.6760,-0.1093,0.0442,2.764,good,0.000,3.53,0,0,0,0,48.23,3,0.0,,,
379,0.6760,-0.1199,0.1266,3.002,good,0.000,3.64,0,0,0,0,45.72,2,0.0,,,
380,0.6760,-0.1173,0.0789,2.999,good,0.000,2.96,0,0,0,0,44.89,2,0.0,,,
381,0.6760,-0.1180,0.1688,3.004,good,0.000,2.33,0,0,0,0,44.98,2,0.0,,,
382,0.6840,-0.1161,-0.2316,3.002,good,0.000,2.37,0,0,0,0,33.28,3,0.0,,,
385,0.6840,-0.1199,0.0395,2.996,good,0.000,3.08,0,0,0,0,34.63,2,0.0,,,
386,0.6840,-0.1158,0.1135,2.998,good,0.006,7.80,0,0,0,0,33.16,2,0.0,,,
383,0.6880,-0.1132,0.0739,3.012,broken,0.808,1.95,1,1,1,0,38.19,3,2.4,41,395,395
384,0.6880,-0.1107,-0.0238,3.348,broken,1.000,11.56,1,1,1,0,30.23,3,2.4,28|29,412,412
387,0.6920,-0.1137,0.1142,3.002,sour,1.000,15.87,1,1,1,0,43.16,3,3.2,46,396,396
388,0.6920,-0.1124,0.0460,3.002,good,0.007,3.98,0,0,0,0,42.64,3,0.0,,,
389,0.6920,-0.1103,-0.1709,2.934,good,0.002,20.41,1,1,1,0,43.52,3,9.0,10|9|11,379,379
390,0.6920,-0.1095,0.2009,3.001,good,0.000,3.70,0,0,0,0,41.64,3,0.0,,,
391,0.6920,-0.1097,-0.2335,3.007,good,0.033,3.38,0,0,0,0,41.51,3,0.0,,,
394,0.6920,-0.1170,0.0631,3.001,faded,0.993,4.04,1,1,1,0,44.06,2,3.2,40|39,394,394
392,0.6960,-0.1113,0.0153,2.999,faded,1.000,5.70,1,1,1,0,31.20,3,3.2,33|34,389,389
393,0.6960,-0.1109,0.2037,3.006,good,0.001,3.85,0,0,0,0,30.85,3,0.0,,,
398,0.6960,-0.1198,-0.0572,3.001,good,0.000,2.05,0,0,0,0,33.89,2,0.0,,,
399,0.6960,-0.1197,0.1924,3.001,good,0.000,2.20,0,0,0,0,33.79,2,0.0,,,
395,0.7000,-0.1149,0.0534,3.000,good,0.000,2.47,0,0,0,0,32.07,3,0.0,,,
396,0.7000,-0.1167,0.2151,2.781,good,0.001,3.14,0,0,0,0,38.28,3,0.0,,,
397,0.7000,-0.1159,-0.1094,2.732,good,0.000,1.89,0,0,0,0,39.35,3,0.0,,,
403,0.7000,-0.1195,0.1930,2.979,good,0.192,4.07,0,0,0,0,33.96,2,0.0,,,
404,0.7000,-0.1171,0.1226,3.001,good,0.000,2.72,0,0,0,0,32.60,2,0.0,,,
405,0.7000,-0.1163,-0.0340,2.984,sour,1.000,27.68,1,1,1,0,32.71,2,3.2,27,403,403
400,0.7040,-0.1164,0.2035,2.992,good,0.000,2.52,0,0,0,0,44.27,3,0.0,,,
401,0.7040,-0.1136,-0.1822,3.000,good,0.011,1.28,0,0,0,0,43.09,3,0.0,,,
402,0.7040,-0.1090,-0.2143,3.304,broken,0.967,8.38,1,1,1,0,35.10,3,2.4,4,410,
409,0.7040,-0.1185,0.0428,3.000,good,0.054,3.47,0,0,0,0,44.62,2,0.0,,,
406,0.7080,-0.1130,-0.0731,3.032,good,0.000,2.21,0,0,0,0,43.07,3,0.0,,,
407,0.7080,-0.1127,0.0203,2.990,good,0.000,4.83,0,0,0,0,43.89,3,0.0,,,
408,0.7080,-0.1134,0.1524,2.992,good,0.000,2.62,0,0,0,0,44.02,3,0.0,,,
413,0.7080,-0.1169,0.0778,3.001,good,0.000,4.62,0,0,0,0,44.95,2,0.0,,,
410,0.7120,-0.1159,0.1145,2.910,good,0.001,2.19,0,0,0,0,36.88,3,0.0,,,
411,0.7120,-0.1100,-0.1432,3.001,good,0.002,3.49,0,0,0,0,32.58,3,0.0,,,
412,0.7120,-0.1097,-0.0737,2.945,good,0.000,2.09,0,0,0,0,33.77,3,0.0,,,
414,0.7160,-0.1150,-0.0744,2.998,good,0.001,5.31,0,0,0,0,34.63,3,0.0,,,
415,0.7160,-0.1132,0.1616,3.197,good,0.000,2.24,0,0,0,0,29.55,3,0.0,,,
416,0.7160,-0.1090,0.1153,3.450,good,0.015,9.32,0,0,0,0,23.40,3,0.0,,,
417,0.7160,-0.1113,0.0564,3.086,good,0.001,3.04,0,0,0,0,31.26,3,0.0,,,
419,0.7160,-0.1178,0.0288,3.000,good,0.000,9.18,0,0,0,0,35.34,2,0.0,,,
418,0.7200,-0.1078,-0.1922,3.044,good,0.000,2.62,0,0,0,0,31.02,3,0.0,,,
427,0.7200,-0.1004,0.1647,3.000,good,0.000,3.33,0,0,0,0,29.52,1,0.0,,,
420,0.7240,-0.1164,-0.1334,2.946,good,0.000,2.85,0,0,0,0,37.65,3,0.0,,,
421,0.7240,-0.1110,-0.2015,3.216,good,0.000,3.55,0,0,0,0,29.73,3,0.0,,,
422,0.7240,-0.1122,0.1005,2.749,good,0.000,3.97,0,0,0,0,41.27,3,0.0,,,
425,0.7240,-0.1158,0.1760,3.144,good,0.011,4.43,0,0,0,0,32.68,2,0.0,,,
426,0.7240,-0.1151,0.0781,2.994,good,0.000,2.57,0,0,0,0,35.84,2,0.0,,,
423,0.7280,-0.1152,0.2217,2.996,good,0.001,2.91,0,0,0,0,34.69,3,0.0,,,
424,0.7280,-0.1127,-0.2102,2.992,good,0.000,4.76,0,0,0,0,33.92,3,0.0,,,
428,0.7320,-0.1280,0.0554,3.067,good,0.001,3.91,0,0,0,0,30.49,2,0.0,,,
429,0.7320,-0.1158,0.1330,2.999,good,0.000,6.22,0,0,0,0,32.05,3,0.0,,,
430,0.7320,-0.1144,0.0375,2.998,sour,1.000,22.20,1,1,1,0,31.57,3,3.2,36,418,
431,0.7320,-0.1136,0.1930,3.002,faded,0.999,5.25,1,1,1,0,31.14,3,3.2,56,437,437
432,0.7320,-0.1094,-0.1316,2.998,good,0.001,1.73,0,0,0,0,29.80,3,0.0,,,
433,0.7320,-0.1188,0.2140,2.997,good,0.000,3.05,0,0,0,0,32.89,2,0.0,,,
434,0.7320,-0.1176,-0.1658,3.042,good,0.001,2.97,0,0,0,0,31.39,2,0.0,,,
439,0.7320,-0.1157,0.0519,3.000,good,0.001,3.87,0,0,0,0,31.76,1,0.0,,,
438,0.7360,-0.1186,-0.1489,3.004,good,0.001,2.34,0,0,0,0,44.63,2,0.0,,,
435,0.7400,-0.1143,-0.1273,2.894,good,0.000,6.70,0,0,0,0,34.50,3,0.0,,,
436,0.7400,-0.1153,0.1191,2.997,good,0.000,2.43,0,0,0,0,32.25,3,0.0,,,
437,0.7400,-0.1111,0.0890,2.999,good,0.000,2.72,0,0,0,0,30.71,3,0.0,,,
440,0.7400,-0.1186,0.0227,2.995,good,0.147,2.88,0,0,0,0,33.29,2,0.0,,,
441,0.7400,-0.1191,0.2245,2.936,good,0.029,3.91,0,0,0,0,34.86,2,0.0,,,
442,0.7400,-0.1189,0.2337,2.997,broken,0.787,4.53,1,1,1,0,33.25,2,2.4,61|62,440,440
443,0.7400,-0.1172,0.0684,3.001,good,0.001,2.95,0,0,0,0,32.51,2,0.0,,,
446,0.7440,-0.1158,-0.1147,2.988,good,0.182,2.87,0,0,0,0,44.11,2,0.0,,,
451,0.7440,-0.1072,0.2298,3.000,good,0.135,10.19,0,0,0,0,40.91,1,0.0,,,
444,0.7480,-0.1141,-0.1760,3.020,good,0.000,2.23,0,0,0,0,29.77,3,0.0,,,
445,0.7480,-0.1117,-0.0518,2.985,good,0.000,2.68,0,0,0,0,29.72,3,0.0,,,
449,0.7480,-0.1189,-0.1264,2.949,good,0.000,2.57,0,0,0,0,32.99,2,0.0,,,
450,0.7480,-0.1189,0.1374,2.998,good,0.000,2.02,0,0,0,0,31.72,2,0.0,,,
447,0.7520,-0.1109,0.0758,3.057,good,0.000,2.00,0,0,0,0,29.37,3,0.0,,,
448,0.7520,-0.1105,-0.0160,3.000,good,0.000,3.56,0,0,0,0,30.47,3,0.0,,,
454,0.7520,-0.1196,-0.2222,3.001,good,0.000,1.87,0,0,0,0,33.42,2,0.0,,,
457,0.7520,-0.1200,0.1438,3.007,good,0.001,2.53,0,0,0,0,33.39,2,0.0,,,
452,0.7560,-0.1133,-0.2066,2.978,good,0.000,2.28,0,0,0,0,43.89,3,0.0,,,
453,0.7560,-0.1098,-0.0900,2.997,good,0.000,2.56,0,0,0,0,42.22,3,0.0,,,
455,0.7560,-0.1082,0.0895,2.997,good,0.000,2.50,0,0,0,0,41.65,3,0.0,,,
456,0.7560,-0.1084,0.1855,2.997,black,1.000,48.74,1,1,1,0,41.68,3,3.2,55,466,466
459,0.7560,-0.1186,-0.0379,2.996,good,0.003,6.25,0,0,0,0,45.02,2,0.0,,,
460,0.7560,-0.1167,0.0677,3.080,good,0.004,2.58,0,0,0,0,42.39,2,0.0,,,
458,0.7600,-0.1154,0.1595,2.862,good,0.002,2.12,0,0,0,0,36.25,3,0.0,,,
461,0.7640,-0.1143,0.1501,2.998,good,0.000,1.82,0,0,0,0,44.93,3,0.0,,,
462,0.7640,-0.1093,0.0316,3.058,good,0.000,7.67,0,0,0,0,41.82,3,0.0,,,
463,0.7640,-0.1143,-0.0032,2.720,good,0.000,2.67,0,0,0,0,52.11,3,0.0,,,
467,0.7640,-0.1184,-0.0943,2.971,good,0.007,4.01,0,0,0,0,46.80,2,0.0,,,
464,0.7680,-0.1159,-0.1774,2.877,good,0.000,2.08,0,0,0,0,40.12,3,0.0,,,
465,0.7680,-0.1143,-0.1461,2.963,good,0.000,2.40,0,0,0,0,37.35,3,0.0,,,
466,0.7680,-0.1144,0.1839,2.998,good,0.001,5.00,0,0,0,0,36.47,3,0.0,,,
468,0.7720,-0.1115,0.0486,2.730,good,0.000,3.22,0,0,0,0,40.16,3,0.0,,,
469,0.7720,-0.1085,0.1291,2.994,good,0.000,2.20,0,0,0,0,32.27,3,0.0,,,
471,0.7760,-0.1195,-0.1164,2.951,faded,0.988,4.13,1,1,1,0,37.35,2,3.2,17|16,476,
472,0.7760,-0.1188,-0.1436,2.953,good,0.004,2.28,0,0,0,0,37.02,2,0.0,,,
473,0.7760,-0.1163,-0.1798,3.098,good,0.001,1.87,0,0,0,0,32.68,2,0.0,,,
470,0.7800,-0.1086,0.0672,2.999,good,0.001,3.68,0,0,0,0,41.83,3,0.0,,,
478,0.7800,-0.1194,0.2006,2.999,good,0.000,2.32,0,0,0,0,45.37,2,0.0,,,
479,0.7800,-0.1192,0.1426,2.977,good,0.000,2.23,0,0,0,0,45.80,2,0.0,,,
480,0.7800,-0.1158,0.2289,2.997,good,0.005,2.47,0,0,0,0,44.12,2,0.0,,,
474,0.7840,-0.1161,0.0771,2.417,good,0.033,2.83,0,0,0,0,49.24,3,0.0,,,
475,0.7840,-0.1101,0.1274,3.000,black,1.000,54.72,1,1,1,0,29.82,3,3.2,48,472,472
476,0.7840,-0.1080,0.0524,3.039,good,0.016,13.45,0,0,0,0,28.17,3,0.0,,,
477,0.7840,-0.1088,-0.1899,3.004,good,0.000,2.19,0,0,0,0,29.18,3,0.0,,,
483,0.7840,-0.1191,0.1857,3.030,good,0.000,2.22,0,0,0,0,31.95,2,0.0,,,
484,0.7840,-0.1169,0.1075,3.002,good,0.000,3.79,0,0,0,0,31.87,2,0.0,,,
481,0.7880,-0.1080,0.0540,3.007,good,0.005,8.13,0,0,0,0,40.10,3,0.0,,,
482,0.7880,-0.1089,0.1967,3.006,good,0.000,3.66,0,0,0,0,40.35,3,0.0,,,
486,0.7880,-0.1184,0.0069,3.004,good,0.000,3.33,0,0,0,0,43.53,2,0.0,,,
485,0.7920,-0.1281,-0.1464,2.575,good,0.000,3.12,0,0,0,0,53.41,2,0.0,,,
490,0.7920,-0.1194,-0.2010,2.992,good,0.000,10.28,0,0,0,0,42.14,2,0.0,,,
491,0.7920,-0.1170,-0.0169,2.988,sour,1.000,21.39,1,1,1,0,41.37,2,3.2,29|30,488,488
487,0.7960,-0.1104,-0.1433,3.334,good,0.091,6.21,0,0,0,0,29.84,3,0.0,,,
488,0.7960,-0.1123,0.0829,2.996,good,0.000,2.55,0,0,0,0,37.56,3,0.0,,,
489,0.7960,-0.1108,-0.0951,2.997,good,0.001,2.77,0,0,0,0,36.98,3,0.0,,,
493,0.7960,-0.1195,0.1927,3.003,good,0.000,1.58,0,0,0,0,39.72,2,0.0,,,
494,0.7960,-0.1185,-0.0331,2.870,good,0.000,2.62,0,0,0,0,42.71,2,0.0,,,
492,0.8000,-0.1105,0.0847,3.039,black,1.000,50.33,1,1,1,0,39.80,3,3.2,42|43,501,501
498,0.8000,-0.1177,-0.0461,3.015,good,0.000,2.24,0,0,0,0,42.66,2,0.0,,,
499,0.8000,-0.1140,0.1408,3.001,sour,0.967,14.39,1,1,1,0,41.71,2,3.2,50|49,494|503,494|503
495,0.8040,-0.1146,-0.0834,2.998,shell,1.000,10.06,1,1,1,0,38.82,3,2.4,21,493,493
496,0.8040,-0.1088,0.1037,3.320,insect,1.000,6.22,1,1,1,0,30.04,3,3.1,45,490,
497,0.8040,-0.1131,-0.0256,2.582,good,0.006,2.76,0,0,0,0,49.64,3,0.0,,,
502,0.8040,-0.1197,0.1753,2.993,good,0.000,1.76,0,0,0,0,40.47,2,0.0,,,
503,0.8040,-0.1172,0.0668,3.016,faded,1.000,5.23,1,1,1,0,39.04,2,3.2,40,499,499
500,0.8080,-0.1084,0.0012,3.392,good,0.000,2.28,0,0,0,0,23.04,3,0.0,,,
501,0.8080,-0.1097,0.1664,2.813,good,0.000,3.37,0,0,0,0,36.07,3,0.0,,,
505,0.8080,-0.1184,-0.0784,3.001,good,0.001,2.56,0,0,0,0,34.29,2,0.0,,,
506,0.8080,-0.1188,0.1105,3.000,good,0.000,2.11,0,0,0,0,34.40,2,0.0,,,
507,0.8080,-0.1148,0.1373,2.992,good,0.355,5.10,0,0,0,0,33.19,2,0.0,,,
504,0.8120,-0.1109,-0.1235,2.995,good,0.001,2.30,0,0,0,0,36.32,3,0.0,,,
511,0.8120,-0.1161,0.2250,2.916,good,0.000,3.63,0,0,0,0,39.96,2,0.0,,,
508,0.8160,-0.1130,-0.2358,3.005,good,0.009,2.94,0,0,0,0,36.23,3,0.0,,,
509,0.8160,-0.1111,0.1885,3.001,good,0.000,2.98,0,0,0,0,35.61,3,0.0,,,
510,0.8160,-0.1098,-0.0977,2.997,good,0.000,2.11,0,0,0,0,35.25,3,0.0,,,
513,0.8160,-0.1187,-0.0525,2.984,good,0.000,1.70,0,0,0,0,38.49,2,0.0,,,
514,0.8160,-0.1171,0.1807,3.003,good,0.000,2.34,0,0,0,0,37.45,2,0.0,,,
515,0.8160,-0.1161,0.1053,2.998,good,0.025,2.51,0,0,0,0,37.21,2,0.0,,,
512,0.8200,-0.1132,0.0784,3.000,insect,1.000,3.94,1,1,1,0,32.57,3,3.1,42|41,522,522
516,0.8240,-0.1142,0.0374,2.876,good,0.000,2.66,0,0,0,0,38.52,3,0.0,,,
517,0.8240,-0.1128,0.1586,3.012,good,0.000,5.40,0,0,0,0,34.63,3,0.0,,,
518,0.8240,-0.1117,0.2235,2.933,good,0.036,8.69,0,0,0,0,36.14,3,0.0,,,
519,0.8240,-0.1087,-0.1312,3.020,black,1.000,50.22,1,1,1,0,33.03,3,3.2,15,532,532
520,0.8240,-0.1084,-0.1583,3.000,good,0.002,2.31,0,0,0,0,33.31,3,0.0,,,
523,0.8240,-0.1195,-0.2015,2.972,good,0.008,3.25,0,0,0,0,37.68,2,0.0,,,
525,0.8240,-0.1197,-0.1515,2.982,good,0.000,2.36,0,0,0,0,37.47,2,0.0,,,
521,0.8280,-0.1132,-0.1669,2.745,good,0.053,8.01,0,0,0,0,45.61,3,0.0,,,
522,0.8280,-0.1122,0.2358,2.525,good,0.000,5.07,0,0,0,0,51.90,3,0.0,,,
524,0.8280,-0.1082,-0.2333,3.000,good,0.001,3.22,0,0,0,0,37.20,3,0.0,,,
529,0.8280,-0.1194,0.0580,2.987,good,0.000,2.07,0,0,0,0,41.18,2,0.0,,,
526,0.8320,-0.1116,0.0823,2.991,good,0.284,2.48,0,0,0,0,34.09,3,0.0,,,
527,0.8320,-0.1104,-0.1982,3.005,good,0.000,2.34,0,0,0,0,33.27,3,0.0,,,
528,0.8320,-0.1083,0.0660,2.999,good,0.000,2.19,0,0,0,0,32.70,3,0.0,,,
532,0.8320,-0.1174,-0.1022,2.977,good,0.000,3.33,0,0,0,0,36.20,2,0.0,,,
536,0.8320,-0.1021,0.2326,3.000,good,0.000,2.23,0,0,0,0,30.55,1,0.0,,,
530,0.8360,-0.1220,0.0510,3.440,good,0.000,2.25,0,0,0,0,25.20,2,0.0,,,
531,0.8360,-0.1098,0.0817,2.999,good,0.001,3.37,0,0,0,0,34.54,3,0.0,,,
534,0.8360,-0.1188,0.0916,3.005,good,0.000,1.35,0,0,0,0,37.36,2,0.0,,,
535,0.8360,-0.1163,-0.0567,3.005,good,0.000,2.78,0,0,0,0,36.51,2,0.0,,,
540,0.8360,-0.1082,0.0477,3.000,good,0.000,2.08,0,0,0,0,33.92,1,0.0,,,
533,0.8400,-0.1119,0.0282,3.007,good,0.000,2.18,0,0,0,0,39.69,3,0.0,,,
539,0.8400,-0.1184,0.1744,2.964,good,0.002,8.90,0,0,0,0,42.87,2,0.0,,,
537,0.8440,-0.1153,-0.1399,3.023,sour,1.000,14.70,1,1,1,0,44.53,3,3.2,14|13,540,540
538,0.8440,-0.1158,-0.2375,2.993,good,0.081,7.38,0,0,0,0,45.32,3,0.0,,,
542,0.8440,-0.1145,0.1194,3.450,good,0.002,2.78,0,0,0,0,35.37,2,0.0,,,
547,0.8440,-0.1034,0.1748,3.000,good,0.029,2.81,0,0,0,0,40.98,1,0.0,,,
541,0.8480,-0.1163,-0.1841,2.999,good,0.000,3.02,0,0,0,0,45.51,3,0.0,,,
545,0.8480,-0.1193,-0.2342,2.858,good,0.001,2.27,0,0,0,0,50.04,2,0.0,,,
546,0.8480,-0.1188,0.1173,2.979,good,0.000,3.79,0,0,0,0,46.72,2,0.0,,,
543,0.8520,-0.1139,0.1254,3.009,good,0.433,5.02,0,0,0,0,44.55,3,0.0,,,
544,0.8520,-0.1105,0.0248,3.002,good,0.000,3.46,0,0,0,0,43.55,3,0.0,,,
548,0.8560,-0.1114,-0.1644,3.002,good,0.000,3.13,0,0,0,0,37.15,3,0.0,,,
552,0.8560,-0.1157,-0.1980,3.000,good,0.001,2.23,0,0,0,0,38.53,2,0.0,,,
549,0.8600,-0.1139,-0.1119,2.986,good,0.000,2.66,0,0,0,0,36.13,3,0.0,,,
550,0.8600,-0.1144,-0.0174,2.997,good,0.000,2.60,0,0,0,0,35.98,3,0.0,,,
551,0.8600,-0.1084,0.2187,3.002,good,0.007,8.84,0,0,0,0,33.84,3,0.0,,,
557,0.8600,-0.1181,0.1422,2.979,good,0.000,1.93,0,0,0,0,37.58,2,0.0,,,
553,0.8640,-0.1145,0.1714,2.999,good,0.000,2.02,0,0,0,0,44.48,3,0.0,,,
554,0.8640,-0.1153,-0.1100,2.996,good,0.000,3.16,0,0,0,0,44.81,3,0.0,,,
555,0.8640,-0.1133,0.0517,3.000,good,0.000,2.77,0,0,0,0,44.00,3,0.0,,,
556,0.8640,-0.1101,-0.1806,2.995,good,0.006,6.75,0,0,0,0,43.02,3,0.0,,,
559,0.8640,-0.1185,0.1578,3.002,good,0.000,3.19,0,0,0,0,45.61,2,0.0,,,
560,0.8640,-0.1161,-0.0867,2.999,good,0.001,3.72,0,0,0,0,44.82,2,0.0,,,
558,0.8680,-0.1090,-0.0076,2.991,good,0.005,2.14,0,0,0,0,33.17,3,0.0,,,
561,0.8720,-0.1134,0.2292,2.990,good,0.048,3.10,0,0,0,0,44.63,3,0.0,,,
562,0.8720,-0.1117,0.1976,2.999,insect,1.000,5.17,1,1,1,0,43.79,3,3.1,57,575,575
563,0.8720,-0.1091,0.1270,3.008,good,0.000,2.23,0,0,0,0,42.66,3,0.0,,,
564,0.8720,-0.1082,0.1456,3.083,black,1.000,50.76,1,1,1,0,40.63,3,3.2,50,587,587
565,0.8760,-0.1144,-0.0104,2.901,good,0.001,4.11,0,0,0,0,34.63,3,0.0,,,
566,0.8760,-0.1109,-0.1371,3.007,good,0.001,2.58,0,0,0,0,30.79,3,0.0,,,
567,0.8760,-0.1097,0.1802,2.990,good,0.000,2.78,0,0,0,0,30.76,3,0.0,,,
571,0.8760,-0.1186,0.0280,3.004,good,0.000,1.82,0,0,0,0,33.35,2,0.0,,,
568,0.8800,-0.1165,-0.2451,2.846,good,0.000,2.85,0,0,0,0,48.92,3,0.0,,,
569,0.8800,-0.1107,0.1056,2.988,good,0.004,3.26,0,0,0,0,43.29,3,0.0,,,
570,0.8800,-0.1086,-0.1593,2.978,good,0.000,1.69,0,0,0,0,42.78,3,0.0,,,
575,0.8800,-0.1199,0.1259,3.000,good,0.000,4.33,0,0,0,0,45.97,2,0.0,,,
576,0.8800,-0.1184,-0.2036,3.000,good,0.000,1.69,0,0,0,0,45.44,2,0.0,,,
577,0.8800,-0.1177,-0.0680,3.004,good,0.000,4.25,0,0,0,0,45.08,2,0.0,,,
578,0.8800,-0.1150,0.0189,3.450,good,0.000,3.94,0,0,0,0,34.91,2,0.0,,,
572,0.8840,-0.1148,-0.1346,3.019,good,0.000,2.33,0,0,0,0,43.96,3,0.0,,,
573,0.8840,-0.1139,0.1045,3.015,good,0.000,2.97,0,0,0,0,43.71,3,0.0,,,
574,0.8840,-0.1124,0.2364,2.990,good,0.052,2.29,0,0,0,0,43.74,3,0.0,,,
581,0.8840,-0.1171,-0.0450,2.937,good,0.000,2.08,0,0,0,0,46.56,2,0.0,,,
579,0.8880,-0.1101,-0.1008,3.013,good,0.000,3.18,0,0,0,0,43.28,3,0.0,,,
580,0.8880,-0.1102,0.0742,3.000,good,0.103,5.90,0,0,0,0,43.57,3,0.0,,,
583,0.8880,-0.1185,-0.1700,2.996,good,0.005,8.12,0,0,0,0,46.38,2,0.0,,,
584,0.8880,-0.1165,0.1098,2.993,good,0.000,2.54,0,0,0,0,45.76,2,0.0,,,
582,0.8920,-0.1104,-0.0409,2.988,good,0.003,3.97,0,0,0,0,34.34,3,0.0,,,
586,0.8920,-0.1195,0.0582,3.065,good,0.000,2.01,0,0,0,0,35.46,2,0.0,,,
587,0.8920,-0.1175,-0.0748,3.065,good,0.008,2.25,0,0,0,0,34.76,2,0.0,,,
585,0.8960,-0.1157,-0.1924,2.998,good,0.000,2.22,0,0,0,0,34.67,3,0.0,,,
589,0.8960,-0.1192,-0.2343,2.884,good,0.003,3.82,0,0,0,0,38.65,2,0.0,,,
590,0.8960,-0.1177,-0.0844,3.012,good,0.001,3.41,0,0,0,0,34.88,2,0.0,,,
588,0.9000,-0.1094,-0.1837,3.019,good,0.000,2.72,0,0,0,0,31.77,3,0.0,,,
595,0.9000,-0.1198,-0.2291,2.991,good,0.000,2.88,0,0,0,0,35.84,2,0.0,,,
596,0.9000,-0.1172,0.0843,3.007,good,0.047,8.28,0,0,0,0,34.53,2,0.0,,,
597,0.9000,-0.1154,0.0513,3.000,good,0.000,4.73,0,0,0,0,34.05,2,0.0,,,
591,0.9040,-0.1158,0.0093,3.005,good,0.000,2.69,0,0,0,0,44.53,3,0.0,,,
592,0.9040,-0.1117,-0.0398,2.865,good,0.002,6.29,0,0,0,0,46.55,3,0.0,,,
593,0.9040,-0.1127,-0.0050,3.010,good,0.000,3.71,0,0,0,0,43.25,3,0.0,,,
594,0.9040,-0.1119,0.2186,2.955,good,0.000,2.63,0,0,0,0,44.27,3,0.0,,,
601,0.9040,-0.1199,-0.1825,3.002,good,0.000,2.97,0,0,0,0,45.79,2,0.0,,,
602,0.9040,-0.1175,-0.1404,2.999,good,0.000,2.10,0,0,0,0,45.03,2,0.0,,,
598,0.9080,-0.1154,-0.1248,2.999,good,0.000,2.81,0,0,0,0,32.88,3,0.0,,,
599,0.9080,-0.1123,0.0140,3.022,good,0.002,4.63,0,0,0,0,31.28,3,0.0,,,
600,0.9080,-0.1134,0.1939,2.988,good,0.001,4.03,0,0,0,0,32.39,3,0.0,,,
603,0.9120,-0.1122,0.1700,3.015,good,0.002,2.48,0,0,0,0,32.62,3,0.0,,,
606,0.9120,-0.1184,0.2194,3.043,good,0.001,5.00,0,0,0,0,33.93,2,0.0,,,
604,0.9160,-0.1247,-0.0709,2.598,good,0.015,3.97,0,0,0,0,48.80,2,0.0,,,
605,0.9160,-0.1103,0.1283,2.996,good,0.021,3.11,0,0,0,0,36.44,3,0.0,,,
609,0.9160,-0.1191,-0.1025,3.050,good,0.000,2.85,0,0,0,0,38.03,2,0.0,,,
610,0.9160,-0.1183,0.1383,2.827,good,0.000,2.59,0,0,0,0,43.39,2,0.0,,,
611,0.9160,-0.1175,0.0249,3.065,good,0.000,2.04,0,0,0,0,37.09,2,0.0,,,
612,0.9160,-0.1296,-0.0760,3.000,shell,0.998,7.41,1,1,1,0,38.65,1,2.4,22,638,638
617,0.9160,-0.1151,-0.0675,3.000,good,0.001,2.21,0,0,0,0,37.77,1,0.0,,,
607,0.9200,-0.1129,0.0054,3.372,husk,0.621,20.54,1,1,1,0,28.45,3,2.4,32,636,
608,0.9200,-0.1120,0.0893,2.994,good,0.001,2.35,0,0,0,0,36.03,3,0.0,,,
614,0.9200,-0.1199,-0.0796,3.004,good,0.405,4.00,0,0,0,0,38.35,2,0.0,,,
615,0.9200,-0.1137,0.0055,3.184,good,0.517,20.06,1,1,1,0,32.23,2,2.5,32,636,636
616,0.9200,-0.1218,-0.0783,3.000,shell,1.000,6.52,1,1,1,0,35.05,1,2.4,21|22,638,638
628,0.9200,-0.1140,-0.0805,3.000,shell,1.000,6.24,1,1,1,0,36.44,1,2.4,21,567,
613,0.9240,-0.1132,-0.2318,2.969,good,0.001,14.01,0,0,0,0,42.60,3,0.0,,,
623,0.9240,-0.1176,-0.0811,3.051,good,0.001,2.19,0,0,0,0,42.03,2,0.0,,,
624,0.9240,-0.1182,0.1193,3.030,good,0.000,2.21,0,0,0,0,42.70,2,0.0,,,
625,0.9240,-0.1172,-0.1752,3.017,good,0.003,2.50,0,0,0,0,42.63,2,0.0,,,
626,0.9240,-0.1168,-0.0266,2.991,good,0.041,2.88,0,0,0,0,43.11,2,0.0,,,
627,0.9240,-0.1171,0.1686,3.002,good,0.000,3.17,0,0,0,0,42.92,2,0.0,,,
618,0.9280,-0.1145,-0.1012,2.999,faded,0.997,4.44,1,1,1,0,30.10,3,3.2,19|18,621,621
619,0.9280,-0.1250,0.1407,3.331,good,0.005,7.92,0,0,0,0,22.03,2,0.0,,,
620,0.9280,-0.1133,0.0447,3.008,good,0.001,3.24,0,0,0,0,29.36,3,0.0,,,
621,0.9280,-0.1135,0.1164,2.991,broken,1.000,9.14,1,1,1,0,29.79,3,2.4,46|47,631,631
622,0.9280,-0.1107,-0.0558,3.035,good,0.001,7.96,0,0,0,0,27.76,3,0.0,,,
632,0.9280,-0.1198,-0.2002,3.006,good,0.001,1.78,0,0,0,0,31.45,2,0.0,,,
638,0.9280,-0.1117,0.1441,3.000,good,0.002,10.01,0,0,0,0,28.86,1,0.0,,,
629,0.9320,-0.1138,0.1012,3.312,good,0.003,5.51,0,0,0,0,23.67,3,0.0,,,
630,0.9320,-0.1151,-0.0530,3.006,faded,0.567,3.44,1,1,1,0,30.63,3,3.2,25,651,651
631,0.9320,-0.1115,0.1904,2.998,good,0.000,2.23,0,0,0,0,29.53,3,0.0,,,
633,0.9320,-0.1327,0.1001,3.000,good,0.005,2.56,0,0,0,0,28.54,1,0.0,,,
634,0.9320,-0.1082,-0.2113,3.003,good,0.001,3.65,0,0,0,0,28.24,3,0.0,,,
636,0.9320,-0.1189,0.0289,2.961,good,0.000,2.02,0,0,0,0,32.82,2,0.0,,,
637,0.9320,-0.1181,0.2057,3.053,good,0.005,4.11,0,0,0,0,30.29,2,0.0,,,
635,0.9360,-0.1085,0.0886,2.997,good,0.002,2.92,0,0,0,0,31.11,3,0.0,,,
639,0.9400,-0.1128,-0.1485,3.000,sour,1.000,16.06,1,1,1,0,34.66,3,3.2,12|13,635,635
642,0.9400,-0.1112,0.2366,3.035,stick,1.000,75.84,1,1,1,0,33.23,2,2.4,62,617,617
640,0.9440,-0.1136,0.0574,3.005,good,0.079,14.02,0,0,0,0,45.22,3,0.0,,,
641,0.9440,-0.1151,0.0778,2.771,good,0.001,2.79,0,0,0,0,51.74,3,0.0,,,
645,0.9440,-0.1182,-0.0839,3.023,good,0.000,3.80,0,0,0,0,46.20,2,0.0,,,
646,0.9440,-0.1165,-0.1324,3.351,good,0.002,3.10,0,0,0,0,38.62,2,0.0,,,
643,0.9480,-0.1167,0.0753,2.967,good,0.000,2.40,0,0,0,0,36.73,3,0.0,,,
644,0.9480,-0.1115,0.0145,2.993,good,0.000,2.17,0,0,0,0,34.29,3,0.0,,,
647,0.9480,-0.1178,-0.1349,2.984,good,0.000,3.48,0,0,0,0,36.58,2,0.0,,,
648,0.9560,-0.1136,-0.1853,2.998,broken,0.885,2.44,1,1,1,0,39.00,3,2.4,8,647,647
649,0.9560,-0.1142,-0.1216,3.039,good,0.000,2.89,0,0,0,0,38.16,3,0.0,,,
650,0.9560,-0.1098,-0.0775,3.004,good,0.000,2.04,0,0,0,0,37.47,3,0.0,,,
651,0.9560,-0.1095,-0.1720,3.088,good,0.002,4.04,0,0,0,0,35.43,3,0.0,,,
652,0.9560,-0.1101,-0.0663,3.004,good,0.000,2.44,0,0,0,0,37.48,3,0.0,,,
653,0.9560,-0.1087,0.2296,3.007,good,0.001,5.28,0,0,0,0,36.93,3,0.0,,,
656,0.9560,-0.1180,0.2052,3.009,good,0.000,1.80,0,0,0,0,39.96,2,0.0,,,
657,0.9560,-0.1180,-0.2190,2.994,good,0.000,2.44,0,0,0,0,40.28,2,0.0,,,
654,0.9600,-0.1151,-0.0138,2.999,faded,0.997,4.01,1,1,1,0,41.24,3,3.2,30,667,
655,0.9600,-0.1104,0.1156,3.003,good,0.000,2.16,0,0,0,0,39.48,3,0.0,,,
662,0.9600,-0.1187,0.2306,3.031,good,0.000,3.33,0,0,0,0,41.52,2,0.0,,,
658,0.9640,-0.1258,0.0528,2.983,good,0.001,2.22,0,0,0,0,31.97,2,0.0,,,
659,0.9640,-0.1132,0.2101,3.001,good,0.009,4.02,0,0,0,0,31.25,3,0.0,,,
660,0.9640,-0.1241,0.0450,2.950,good,0.000,2.31,0,0,0,0,32.12,2,0.0,,,
661,0.9640,-0.1112,-0.2095,3.000,good,0.000,2.52,0,0,0,0,30.55,3,0.0,,,
665,0.9640,-0.1198,-0.1392,3.026,good,0.000,1.95,0,0,0,0,32.75,2,0.0,,,
667,0.9640,-0.1197,0.1243,3.000,good,0.000,2.36,0,0,0,0,33.35,1,0.0,,,
669,0.9640,-0.1130,0.0489,3.000,good,0.003,6.75,0,0,0,0,31.11,1,0.0,,,
663,0.9680,-0.1141,0.0287,3.004,good,0.000,3.83,0,0,0,0,43.48,3,0.0,,,
664,0.9680,-0.1321,0.1277,3.000,good,0.008,6.28,0,0,0,0,41.55,1,0.0,,,
666,0.9680,-0.1176,0.0763,2.991,sour,1.000,18.44,1,1,1,0,44.89,2,3.2,41,660,660
668,0.9680,-0.1080,0.1319,3.081,good,0.000,2.12,0,0,0,0,39.59,2,0.0,,,
670,0.9720,-0.1194,0.1644,2.930,black,0.961,20.77,1,1,1,0,46.66,2,3.2,53|52,677|682,682
672,0.9720,-0.1185,0.2220,2.998,good,0.000,2.70,0,0,0,0,44.56,2,0.0,,,
673,0.9720,-0.1108,-0.0148,3.294,stick,1.000,57.99,1,1,1,0,35.65,2,2.4,30|29,675,
671,0.9760,-0.1097,-0.0280,2.990,good,0.147,2.85,0,0,0,0,38.37,3,0.0,,,
674,0.9800,-0.1085,0.1262,3.095,good,0.000,7.86,0,0,0,0,35.71,3,0.0,,,
675,0.9800,-0.1084,-0.2185,2.999,good,0.001,3.62,0,0,0,0,37.80,3,0.0,,,
677,0.9800,-0.1184,0.2163,3.450,good,0.251,6.27,0,0,0,0,31.53,2,0.0,,,
679,0.9800,-0.1187,0.1974,3.008,good,0.024,5.45,0,0,0,0,40.84,2,0.0,,,
676,0.9840,-0.1149,-0.1036,3.011,good,0.005,2.81,0,0,0,0,44.06,3,0.0,,,
678,0.9840,-0.1099,0.0623,3.000,good,0.000,4.21,0,0,0,0,42.62,3,0.0,,,
684,0.9840,-0.1182,0.1702,3.009,good,0.000,3.25,0,0,0,0,45.11,2,0.0,,,
685,0.9840,-0.1162,-0.1264,2.998,insect,1.000,4.77,1,1,1,0,44.68,2,3.1,15|16,689,689
680,0.9880,-0.1156,0.2301,2.969,good,0.003,5.40,0,0,0,0,41.60,3,0.0,,,
681,0.9880,-0.1127,0.1615,2.961,good,0.000,2.71,0,0,0,0,40.76,3,0.0,,,
682,0.9880,-0.1109,0.1487,2.916,good,0.015,4.88,0,0,0,0,41.21,3,0.0,,,
683,0.9880,-0.1085,-0.0372,2.996,good,0.006,3.63,0,0,0,0,38.40,3,0.0,,,
687,0.9880,-0.1186,-0.1780,2.951,good,0.000,2.17,0,0,0,0,42.80,2,0.0,,,
686,0.9920,-0.1098,0.1610,3.002,good,0.000,1.63,0,0,0,0,40.37,3,0.0,,,
690,0.9920,-0.1173,-0.0650,3.004,sour,1.000,20.25,1,1,1,0,42.74,2,3.2,23,678,678
691,0.9920,-0.1168,0.2103,3.003,good,0.000,1.80,0,0,0,0,42.52,2,0.0,,,
688,0.9960,-0.1132,0.0291,2.996,good,0.017,3.58,0,0,0,0,39.54,3,0.0,,,
689,0.9960,-0.1113,0.0943,2.970,good,0.001,2.84,0,0,0,0,39.46,3,0.0,,,
692,1.0000,-0.1141,0.1507,2.897,good,0.000,2.54,0,0,0,0,45.42,3,0.0,,,
693,1.0000,-0.1111,-0.1709,2.882,faded,1.000,6.96,1,1,1,0,44.70,3,3.2,10|9,696,696
694,1.0000,-0.1100,0.0222,3.003,husk,0.989,8.70,1,1,1,0,41.29,3,2.4,34|35,670|685,670|685
695,1.0000,-0.1056,-0.0159,3.450,good,0.326,3.36,0,0,0,0,30.91,3,0.0,,,
696,1.0000,-0.1097,-0.0469,3.001,black,1.000,46.90,1,1,1,0,41.13,3,3.2,25|26,697,697
697,1.0000,-0.1091,0.2348,2.999,good,0.021,2.60,0,0,0,0,40.97,3,0.0,,,
698,1.0040,-0.1137,-0.1491,2.999,good,0.000,1.94,0,0,0,0,43.99,3,0.0,,,
699,1.0040,-0.1117,0.1960,2.996,good,0.027,2.51,0,0,0,0,43.36,3,0.0,,,
700,1.0040,-0.1100,-0.0419,2.986,good,0.000,2.01,0,0,0,0,42.97,3,0.0,,,
704,1.0040,-0.1176,-0.0197,3.001,good,0.000,2.54,0,0,0,0,45.12,2,0.0,,,
701,1.0080,-0.1268,0.1520,2.813,good,0.003,4.94,0,0,0,0,44.82,2,0.0,,,
702,1.0080,-0.1118,-0.1038,3.003,good,0.004,2.70,0,0,0,0,38.66,3,0.0,,,
703,1.0080,-0.1089,-0.0609,3.002,good,0.001,2.90,0,0,0,0,37.70,3,0.0,,,
707,1.0080,-0.1174,-0.0127,3.274,good,0.001,3.10,0,0,0,0,34.44,2,0.0,,,
710,1.0080,-0.1155,0.1490,3.000,good,0.003,4.97,0,0,0,0,39.90,1,0.0,,,
705,1.0120,-0.1161,0.0121,2.989,good,0.000,2.06,0,0,0,0,44.84,3,0.0,,,
706,1.0120,-0.1136,0.2001,3.018,good,0.000,2.47,0,0,0,0,43.29,3,0.0,,,
708,1.0120,-0.1198,0.1838,3.136,good,0.003,4.26,0,0,0,0,42.54,2,0.0,,,
709,1.0120,-0.1160,-0.0698,2.993,good,0.000,2.13,0,0,0,0,44.60,2,0.0,,,
717,1.0160,-0.1184,-0.1271,3.191,good,0.009,2.20,0,0,0,0,40.95,2,0.0,,,
718,1.0160,-0.1163,0.1761,3.098,good,0.000,3.57,0,0,0,0,42.24,2,0.0,,,
711,1.0200,-0.1133,0.0872,3.328,good,0.001,8.64,0,0,0,0,25.54,3,0.0,,,
712,1.0200,-0.1145,-0.1851,3.004,good,0.000,2.55,0,0,0,0,32.80,3,0.0,,,
713,1.0200,-0.1144,0.2009,2.990,good,0.000,1.88,0,0,0,0,33.07,3,0.0,,,
714,1.0200,-0.1131,0.0329,3.015,good,0.000,3.42,0,0,0,0,31.99,3,0.0,,,
715,1.0200,-0.1126,0.1453,3.069,good,0.000,3.63,0,0,0,0,30.56,3,0.0,,,
716,1.0200,-0.1123,-0.0800,2.994,good,0.000,3.52,0,0,0,0,32.15,3,0.0,,,
720,1.0200,-0.1179,-0.2123,2.997,good,0.000,2.92,0,0,0,0,33.90,2,0.0,,,
719,1.0240,-0.1143,0.1720,2.994,good,0.318,3.15,0,0,0,0,33.31,3,0.0,,,
724,1.0240,-0.1177,0.0586,2.916,good,0.000,3.21,0,0,0,0,36.32,2,0.0,,,
721,1.0280,-0.1148,0.0456,2.999,good,0.000,2.25,0,0,0,0,33.60,3,0.0,,,
722,1.0280,-0.1131,-0.2218,3.005,good,0.000,2.07,0,0,0,0,32.83,3,0.0,,,
723,1.0280,-0.1084,0.0082,2.928,good,0.043,5.03,0,0,0,0,33.05,3,0.0,,,
726,1.0280,-0.1177,-0.2394,3.326,good,0.026,3.38,0,0,0,0,27.29,2,0.0,,,
725,1.0320,-0.1108,0.1411,2.996,good,0.000,2.36,0,0,0,0,31.28,3,0.0,,,
731,1.0320,-0.1183,-0.1796,3.013,broken,0.964,2.93,1,1,1,0,33.31,2,2.4,9|8,733,
732,1.0320,-0.1168,0.2091,3.001,good,0.001,2.45,0,0,0,0,33.05,2,0.0,,,
733,1.0320,-0.1140,0.0765,3.335,good,0.000,2.71,0,0,0,0,24.93,2,0.0,,,
727,1.0360,-0.1129,0.1586,3.020,good,0.000,1.85,0,0,0,0,36.14,3,0.0,,,
728,1.0360,-0.1097,-0.0055,2.999,good,0.009,6.12,0,0,0,0,35.51,3,0.0,,,
729,1.0360,-0.1117,-0.1948,2.925,good,0.002,3.39,0,0,0,0,37.91,3,0.0,,,
730,1.0360,-0.1095,0.2315,3.003,black,1.000,52.91,1,1,1,0,35.28,3,3.2,61,747,747
734,1.0400,-0.1139,-0.0752,2.872,good,0.001,4.11,0,0,0,0,36.30,3,0.0,,,
735,1.0400,-0.1109,-0.1526,3.013,good,0.001,3.59,0,0,0,0,31.74,3,0.0,,,
737,1.0400,-0.1191,-0.1159,2.837,sour,1.000,19.30,1,1,1,0,38.95,2,3.2,17|16,721,721
738,1.0400,-0.1184,-0.0854,3.004,insect,1.000,9.33,1,1,1,0,34.31,2,3.1,21|20,741,741
739,1.0400,-0.1166,0.2347,2.999,good,0.000,2.37,0,0,0,0,33.78,2,0.0,,,
740,1.0400,-0.1169,0.1616,2.935,shell,0.998,7.60,1,1,1,0,35.41,2,2.4,52,731,
736,1.0440,-0.1135,0.1619,2.975,good,0.000,3.26,0,0,0,0,35.45,3,0.0,,,
742,1.0440,-0.1197,0.1271,2.998,good,0.001,2.40,0,0,0,0,36.90,2,0.0,,,
743,1.0440,-0.1196,0.1397,2.996,good,0.001,1.73,0,0,0,0,36.88,2,0.0,,,
744,1.0440,-0.1156,-0.2299,3.008,good,0.149,2.45,0,0,0,0,35.23,2,0.0,,,
745,1.0440,-0.1150,0.2019,3.269,good,0.000,1.66,0,0,0,0,29.26,2,0.0,,,
741,1.0480,-0.1153,-0.1990,2.999,good,0.001,3.83,0,0,0,0,44.64,3,0.0,,,
747,1.0480,-0.1173,0.0189,3.004,stick,1.000,50.95,1,1,1,0,45.14,2,2.4,34,724,724
748,1.0480,-0.1194,0.0466,2.998,good,0.001,3.07,0,0,0,0,45.92,2,0.0,,,
746,1.0520,-0.1130,-0.0549,2.980,faded,0.828,3.49,1,1,1,0,43.61,3,3.2,24|25,766,766
749,1.0560,-0.1131,0.2070,2.983,good,0.002,8.36,0,0,0,0,44.92,3,0.0,,,
750,1.0560,-0.1119,0.0645,2.955,good,0.032,1.71,0,0,0,0,45.13,3,0.0,,,
751,1.0560,-0.1096,0.0501,2.997,good,0.000,2.46,0,0,0,0,43.32,3,0.0,,,
752,1.0560,-0.1195,0.0739,3.000,good,0.001,3.29,0,0,0,0,46.52,2,0.0,,,
757,1.0600,-0.1174,-0.1112,2.997,good,0.000,2.66,0,0,0,0,44.88,2,0.0,,,
753,1.0640,-0.1137,-0.0501,2.895,good,0.013,12.56,0,0,0,0,45.52,3,0.0,,,
754,1.0640,-0.1114,0.1337,3.005,good,0.000,1.78,0,0,0,0,41.99,3,0.0,,,
755,1.0640,-0.1119,0.0010,3.002,good,0.000,3.73,0,0,0,0,42.18,3,0.0,,,
756,1.0640,-0.1102,0.1716,2.995,good,0.123,3.40,0,0,0,0,41.77,3,0.0,,,
762,1.0640,-0.1171,-0.1751,3.450,good,0.005,2.73,0,0,0,0,34.46,2,0.0,,,
768,1.0640,-0.1127,0.0622,3.000,good,0.002,3.75,0,0,0,0,42.42,1,0.0,,,
758,1.0680,-0.1121,-0.1578,3.312,good,0.004,2.32,0,0,0,0,35.52,3,0.0,,,
759,1.0680,-0.1099,-0.2135,3.009,good,0.000,2.62,0,0,0,0,41.15,3,0.0,,,
760,1.0680,-0.1093,-0.1080,3.129,black,1.000,52.57,1,1,1,0,38.26,3,3.2,18|17,775,
761,1.0680,-0.1085,0.0602,2.844,good,0.059,5.70,0,0,0,0,44.58,3,0.0,,,
767,1.0680,-0.1157,0.1834,3.205,good,0.002,3.03,0,0,0,0,38.55,2,0.0,,,
763,1.0720,-0.1142,0.0394,3.005,good,0.000,3.67,0,0,0,0,43.36,3,0.0,,,
764,1.0720,-0.1112,0.2179,3.013,good,0.017,4.58,0,0,0,0,42.11,3,0.0,,,
765,1.0720,-0.1110,0.1391,2.992,good,0.026,3.76,0,0,0,0,42.50,3,0.0,,,
766,1.0720,-0.1337,-0.2254,3.000,black,1.000,51.44,1,1,1,0,41.86,1,3.2,3|2,,
769,1.0720,-0.1177,0.0702,3.003,good,0.002,5.28,0,0,0,0,44.41,2,0.0,,,
770,1.0720,-0.1176,0.2348,3.001,good,0.002,2.26,0,0,0,0,44.38,2,0.0,,,
771,1.0720,-0.1192,-0.1459,2.993,good,0.011,3.36,0,0,0,0,45.08,2,0.0,,,
772,1.0720,-0.1186,-0.1873,2.999,good,0.251,3.84,0,0,0,0,44.70,2,0.0,,,
773,1.0720,-0.1134,-0.0865,3.237,good,0.000,2.17,0,0,0,0,37.70,2,0.0,,,
774,1.0720,-0.1218,-0.2297,3.000,black,1.000,51.46,1,1,1,0,41.69,1,3.2,2,,
780,1.0720,-0.1099,-0.2340,3.000,black,1.000,51.49,1,1,1,0,41.72,1,3.2,2|1,777,
781,1.0720,-0.1029,0.1787,3.000,good,0.004,2.70,0,0,0,0,39.37,1,0.0,,,
778,1.0760,-0.1193,0.2366,3.002,good,0.000,3.13,0,0,0,0,45.27,2,0.0,,,
779,1.0760,-0.1187,0.0726,2.970,good,0.000,2.75,0,0,0,0,45.81,2,0.0,,,
775,1.0800,-0.1140,0.2142,3.245,good,0.001,4.13,0,0,0,0,38.59,3,0.0,,,
776,1.0800,-0.1128,-0.2149,3.005,good,0.000,2.35,0,0,0,0,43.39,3,0.0,,,
777,1.0800,-0.1074,-0.0350,3.160,good,0.000,4.52,0,0,0,0,38.17,3,0.0,,,
783,1.0800,-0.1164,0.0727,2.932,good,0.000,2.78,0,0,0,0,46.29,2,0.0,,,
784,1.0800,-0.1145,-0.0196,3.029,good,0.000,2.62,0,0,0,0,43.29,2,0.0,,,
789,1.0800,-0.1068,0.0765,3.000,good,0.000,2.69,0,0,0,0,41.40,1,0.0,,,
782,1.0840,-0.1150,-0.1902,3.009,good,0.329,3.36,0,0,0,0,44.40,3,0.0,,,
787,1.0840,-0.1157,0.0087,3.000,good,0.001,3.04,0,0,0,0,44.79,2,0.0,,,
788,1.0840,-0.1143,0.0571,3.135,good,0.000,2.30,0,0,0,0,41.22,2,0.0,,,
792,1.0840,-0.1073,0.1550,3.000,stone,1.000,10.91,1,1,1,0,41.95,1,9.1,51|52|50,907,
785,1.0880,-0.1158,-0.0598,3.024,good,0.000,2.88,0,0,0,0,44.14,3,0.0,,,
786,1.0880,-0.1385,0.1462,3.000,stone,1.000,10.79,1,1,1,0,44.27,1,9.1,50|51|49,,
790,1.0880,-0.1173,0.0932,2.999,good,0.498,4.17,0,0,0,0,45.12,2,0.0,,,
791,1.0880,-0.1161,-0.1439,3.000,good,0.128,4.96,0,0,0,0,44.66,2,0.0,,,
799,1.0920,-0.1158,-0.1620,2.940,insect,1.000,3.86,1,1,1,0,45.98,2,3.1,11,797,
793,1.0960,-0.1129,0.2298,3.006,good,0.001,6.08,0,0,0,0,43.81,3,0.0,,,
794,1.0960,-0.1142,-0.2071,2.980,good,0.002,3.39,0,0,0,0,44.79,3,0.0,,,
795,1.0960,-0.1131,0.0946,2.996,good,0.004,2.80,0,0,0,0,44.02,3,0.0,,,
796,1.0960,-0.1114,0.1370,3.003,good,0.000,2.89,0,0,0,0,43.23,3,0.0,,,
797,1.0960,-0.1134,0.0480,2.936,stick,1.000,29.95,1,1,1,0,45.46,3,2.4,38|37,776,776
798,1.0960,-0.1094,-0.2163,2.996,good,0.041,3.88,0,0,0,0,42.61,3,0.0,,,
804,1.0960,-0.1170,0.2193,3.001,good,0.000,3.17,0,0,0,0,45.01,2,0.0,,,
800,1.1000,-0.1154,-0.0885,2.617,sour,1.000,18.86,1,1,1,0,52.76,3,3.2,20,805,
801,1.1000,-0.1088,0.0332,3.010,good,0.000,3.01,0,0,0,0,39.73,3,0.0,,,
802,1.1000,-0.1082,0.0762,3.255,good,0.000,2.59,0,0,0,0,34.29,3,0.0,,,
803,1.1000,-0.1083,0.0006,2.998,sour,1.000,23.45,1,1,1,0,39.74,3,3.2,32|31,806,806
805,1.1040,-0.1098,0.1296,2.995,good,0.001,1.69,0,0,0,0,29.06,3,0.0,,,
806,1.1080,-0.1398,0.0397,3.000,good,0.000,4.27,0,0,0,0,45.27,1,0.0,,,
809,1.1080,-0.1306,0.0431,3.000,good,0.000,4.30,0,0,0,0,46.18,1,0.0,,,
810,1.1080,-0.1146,-0.1137,3.239,good,0.000,2.92,0,0,0,0,39.42,2,0.0,,,
807,1.1120,-0.1135,-0.1506,3.021,good,0.000,1.45,0,0,0,0,36.25,3,0.0,,,
808,1.1120,-0.1113,-0.0429,2.942,good,0.492,2.88,0,0,0,0,37.33,3,0.0,,,
813,1.1120,-0.1199,-0.0787,2.999,good,0.000,2.84,0,0,0,0,38.79,2,0.0,,,
814,1.1120,-0.1176,-0.2024,3.003,good,0.049,2.93,0,0,0,0,37.91,2,0.0,,,
815,1.1120,-0.1169,0.0777,3.237,black,1.000,46.90,1,1,1,0,32.37,2,3.2,41|42,813,813
816,1.1120,-0.1255,0.2392,3.000,stick,1.000,77.49,1,1,1,0,36.49,1,2.4,62,833,
817,1.1120,-0.1213,0.0465,3.000,good,0.000,4.23,0,0,0,0,35.10,1,0.0,,,
819,1.1120,-0.1121,0.0500,3.000,good,0.000,4.23,0,0,0,0,36.01,1,0.0,,,
811,1.1160,-0.1208,0.2383,3.450,good,0.447,21.69,1,1,1,0,21.81,2,9.0,62|63|61,833,
812,1.1160,-0.1086,0.1983,3.007,good,0.000,3.04,0,0,0,0,31.06,3,0.0,,,
826,1.1160,-0.1029,0.0534,3.000,good,0.000,4.02,0,0,0,0,29.32,1,0.0,,,
818,1.1200,-0.1088,0.1162,3.001,good,0.000,2.06,0,0,0,0,30.88,3,0.0,,,
825,1.1200,-0.1150,0.0972,3.450,good,0.003,3.30,0,0,0,0,23.57,2,0.0,,,
820,1.1240,-0.1148,0.0942,2.998,faded,0.881,3.42,1,1,1,0,34.57,3,3.2,44|43,815,815
821,1.1240,-0.1258,0.0502,2.998,faded,0.984,4.01,1,1,1,0,34.13,2,3.2,38,,
822,1.1240,-0.1122,-0.0448,2.997,good,0.000,2.92,0,0,0,0,33.59,3,0.0,,,
823,1.1240,-0.1224,0.0424,3.102,good,0.003,3.05,0,0,0,0,30.43,2,0.0,,,
824,1.1240,-0.1110,-0.0855,2.966,husk,1.000,12.95,1,1,1,0,33.85,3,2.4,21|20,818,
830,1.1240,-0.1182,0.0112,3.071,good,0.004,3.05,0,0,0,0,33.73,2,0.0,,,
831,1.1240,-0.1173,0.1019,3.016,good,0.000,2.51,0,0,0,0,34.68,2,0.0,,,
835,1.1240,-0.1118,0.0472,3.000,faded,0.569,5.97,1,1,1,0,33.21,1,3.2,38|37,817|831,817
827,1.1280,-0.1122,-0.1466,3.014,good,0.000,2.04,0,0,0,0,42.89,3,0.0,,,
828,1.1280,-0.1102,-0.0047,2.986,good,0.003,3.22,0,0,0,0,42.80,3,0.0,,,
829,1.1280,-0.1106,0.0230,3.001,faded,1.000,6.27,1,1,1,0,42.54,3,3.2,34|35,819,819
832,1.1320,-0.1134,-0.1230,3.003,faded,0.692,5.36,1,1,1,0,33.61,3,3.2,16,822,822
833,1.1320,-0.1101,0.1188,3.258,good,0.000,2.78,0,0,0,0,26.91,3,0.0,,,
834,1.1320,-0.1113,0.1620,2.976,good,0.000,2.52,0,0,0,0,33.37,3,0.0,,,
836,1.1360,-0.1156,-0.1749,3.094,good,0.003,8.89,0,0,0,0,33.98,3,0.0,,,
837,1.1360,-0.1114,0.0797,3.011,good,0.008,5.16,0,0,0,0,34.46,3,0.0,,,
844,1.1360,-0.1189,-0.1033,3.375,good,0.000,2.47,0,0,0,0,29.06,2,0.0,,,
838,1.1400,-0.1158,-0.1095,2.952,good,0.001,2.95,0,0,0,0,33.21,3,0.0,,,
839,1.1400,-0.1153,0.1742,3.006,good,0.004,2.80,0,0,0,0,31.70,3,0.0,,,
840,1.1400,-0.1127,0.0426,2.983,good,0.001,2.98,0,0,0,0,31.33,3,0.0,,,
841,1.1400,-0.1118,0.1319,2.994,good,0.000,2.34,0,0,0,0,30.70,3,0.0,,,
842,1.1400,-0.1093,0.0908,3.010,good,0.000,3.06,0,0,0,0,29.44,3,0.0,,,
843,1.1400,-0.1125,-0.0067,2.657,good,0.005,3.53,0,0,0,0,39.83,3,0.0,,,
851,1.1400,-0.1173,-0.2235,3.107,good,0.025,2.89,0,0,0,0,29.77,2,0.0,,,
845,1.1440,-0.1137,0.0320,3.010,faded,1.000,6.47,1,1,1,0,41.11,3,3.2,36|35,834,834
846,1.1440,-0.1144,-0.0515,2.972,good,0.000,3.29,0,0,0,0,42.16,3,0.0,,,
847,1.1440,-0.1130,-0.1838,3.004,good,0.000,1.78,0,0,0,0,40.87,3,0.0,,,
848,1.1440,-0.1113,-0.2104,2.995,good,0.001,2.98,0,0,0,0,40.46,3,0.0,,,
849,1.1440,-0.1106,0.0773,3.004,good,0.001,2.58,0,0,0,0,39.93,3,0.0,,,
850,1.1440,-0.1090,0.1600,2.944,good,0.001,3.37,0,0,0,0,40.80,3,0.0,,,
852,1.1440,-0.1193,-0.1390,2.989,good,0.000,1.91,0,0,0,0,43.15,2,0.0,,,
855,1.1480,-0.1163,-0.0428,3.006,good,0.000,1.62,0,0,0,0,42.88,2,0.0,,,
853,1.1520,-0.1140,0.0047,3.003,sour,1.000,16.07,1,1,1,0,31.24,3,3.2,32,852,852
854,1.1520,-0.1162,0.0563,2.633,good,0.000,2.69,0,0,0,0,42.00,3,0.0,,,
857,1.1520,-0.1192,-0.2290,3.002,good,0.012,3.10,0,0,0,0,32.88,2,0.0,,,
858,1.1520,-0.1166,-0.1295,3.016,faded,0.983,3.67,1,1,1,0,31.64,2,3.2,15,840,840
856,1.1560,-0.1153,-0.1821,2.989,good,0.000,1.77,0,0,0,0,32.16,3,0.0,,,
861,1.1560,-0.1165,0.1078,2.997,good,0.003,3.51,0,0,0,0,32.29,2,0.0,,,
862,1.1560,-0.1093,-0.2455,2.819,good,0.001,2.23,0,0,0,0,34.24,2,0.0,,,
859,1.1600,-0.1163,0.0408,2.520,good,0.000,7.60,0,0,0,0,58.44,3,0.0,,,
860,1.1600,-0.1125,-0.0039,3.003,good,0.000,4.77,0,0,0,0,43.32,3,0.0,,,
863,1.1640,-0.1163,-0.0940,2.734,good,0.000,3.29,0,0,0,0,41.95,3,0.0,,,
864,1.1640,-0.1121,-0.0074,3.244,black,1.000,52.88,1,1,1,0,28.17,3,3.2,31|30,873,873
865,1.1640,-0.1141,0.0879,2.990,good,0.000,1.95,0,0,0,0,34.32,3,0.0,,,
866,1.1640,-0.1097,0.2258,2.918,good,0.004,2.61,0,0,0,0,34.53,3,0.0,,,
869,1.1640,-0.1189,0.0005,3.017,faded,1.000,4.40,1,1,1,0,35.19,2,3.2,32|31,848,848
870,1.1640,-0.1179,-0.1921,2.999,good,0.000,1.45,0,0,0,0,35.24,2,0.0,,,
871,1.1640,-0.1172,0.2071,2.997,good,0.000,2.79,0,0,0,0,35.02,2,0.0,,,
867,1.1680,-0.1140,0.1811,2.947,good,0.149,7.39,0,0,0,0,34.74,3,0.0,,,
868,1.1680,-0.1140,0.2396,3.021,good,0.013,2.48,0,0,0,0,32.87,3,0.0,,,
874,1.1680,-0.1173,0.0880,3.003,good,0.007,2.79,0,0,0,0,34.36,2,0.0,,,
872,1.1720,-0.1087,-0.0827,2.980,good,0.001,7.06,0,0,0,0,41.96,3,0.0,,,
873,1.1720,-0.1334,-0.0670,3.000,husk,1.000,10.48,1,1,1,0,41.66,1,2.4,23,,
876,1.1720,-0.1174,0.0984,3.079,good,0.005,9.46,0,0,0,0,42.38,2,0.0,,,
877,1.1720,-0.1177,0.2166,3.438,good,0.014,7.83,0,0,0,0,35.03,2,0.0,,,
878,1.1720,-0.1166,-0.1532,2.993,insect,1.000,5.00,1,1,1,0,44.07,2,3.1,12,871,871
879,1.1720,-0.1252,-0.0704,3.000,husk,1.000,10.60,1,1,1,0,42.73,1,2.4,22|23,,
885,1.1720,-0.1169,-0.0738,3.000,husk,1.000,10.67,1,1,1,0,43.97,1,2.4,22,811,
875,1.1760,-0.1089,-0.0459,2.993,good,0.000,3.48,0,0,0,0,29.73,3,0.0,,,
884,1.1760,-0.1196,-0.0527,2.997,good,0.001,2.20,0,0,0,0,33.14,2,0.0,,,
890,1.1760,-0.1087,-0.0772,3.000,husk,1.000,10.47,1,1,1,0,29.43,1,2.4,22|21,811,
880,1.1800,-0.1149,-0.2078,2.867,good,0.002,3.25,0,0,0,0,34.62,3,0.0,,,
881,1.1800,-0.1133,-0.0772,3.001,good,0.000,2.26,0,0,0,0,30.68,3,0.0,,,
882,1.1800,-0.1124,-0.0384,3.007,good,0.000,3.19,0,0,0,0,30.19,3,0.0,,,
883,1.1800,-0.1110,-0.0235,2.998,good,0.001,3.54,0,0,0,0,29.92,3,0.0,,,
889,1.1800,-0.1178,0.1033,3.002,good,0.000,2.30,0,0,0,0,32.04,2,0.0,,,
894,1.1800,-0.1004,-0.0806,3.000,husk,1.000,10.71,1,1,1,0,26.31,1,2.4,21,811,
886,1.1840,-0.1130,-0.0865,3.221,good,0.000,2.20,0,0,0,0,28.51,3,0.0,,,
887,1.1840,-0.1232,-0.0481,3.207,good,0.002,3.41,0,0,0,0,27.91,2,0.0,,,
888,1.1840,-0.1086,-0.1021,2.999,good,0.000,2.43,0,0,0,0,31.84,3,0.0,,,
892,1.1840,-0.1199,-0.0403,3.289,good,0.000,2.49,0,0,0,0,29.08,2,0.0,,,
893,1.1840,-0.1170,-0.1633,3.000,good,0.000,2.41,0,0,0,0,34.54,2,0.0,,,
897,1.1840,-0.1103,-0.0527,3.000,good,0.002,3.44,0,0,0,0,32.31,1,0.0,,,
891,1.1880,-0.1120,0.2111,3.005,good,0.000,1.95,0,0,0,0,31.91,3,0.0,,,
895,1.1880,-0.1199,0.1379,3.005,good,0.000,2.29,0,0,0,0,34.44,2,0.0,,,
896,1.1880,-0.1186,-0.1671,2.998,good,0.001,2.91,0,0,0,0,34.14,2,0.0,,,
899,1.1920,-0.1198,0.1433,2.969,good,0.000,2.08,0,0,0,0,36.23,2,0.0,,,
900,1.1920,-0.1171,-0.1607,3.014,good,0.003,7.70,0,0,0,0,34.21,2,0.0,,,
901,1.1920,-0.1162,-0.0829,2.972,faded,0.994,6.99,1,1,1,0,34.87,2,3.2,21,843,843
898,1.1960,-0.1156,0.0108,2.995,good,0.000,2.60,0,0,0,0,35.62,3,0.0,,,
904,1.1960,-0.1197,-0.1672,3.002,good,0.001,2.23,0,0,0,0,36.75,2,0.0,,,
905,1.1960,-0.1153,-0.1426,3.000,good,0.000,2.20,0,0,0,0,35.28,2,0.0,,,
902,1.2000,-0.1099,0.1135,2.966,good,0.002,3.01,0,0,0,0,33.67,3,0.0,,,
903,1.2000,-0.1092,0.1476,2.994,good,0.001,2.69,0,0,0,0,32.73,3,0.0,,,
906,1.2040,-0.1140,-0.2142,2.812,insect,1.000,3.40,1,1,1,0,37.08,3,3.1,4,915,
907,1.2040,-0.1125,0.0001,3.000,good,0.000,2.23,0,0,0,0,31.74,3,0.0,,,
912,1.2040,-0.1195,-0.1549,2.976,good,0.000,4.28,0,0,0,0,34.58,2,0.0,,,
908,1.2080,-0.1136,-0.1010,3.005,sour,1.000,13.38,1,1,1,0,33.19,3,3.2,19|18,910,910
909,1.2080,-0.1133,-0.0360,3.162,good,0.005,3.52,0,0,0,0,29.46,3,0.0,,,
910,1.2080,-0.1139,0.1923,3.000,good,0.000,2.06,0,0,0,0,33.28,3,0.0,,,
911,1.2080,-0.1105,-0.0084,2.978,good,0.000,2.57,0,0,0,0,32.63,3,0.0,,,
916,1.2080,-0.1196,0.1014,3.053,good,0.000,2.42,0,0,0,0,33.83,2,0.0,,,
913,1.2120,-0.1150,0.0404,2.995,good,0.000,1.93,0,0,0,0,32.95,3,0.0,,,
914,1.2120,-0.1109,0.0800,3.017,broken,0.999,2.99,1,1,1,0,31.02,3,2.4,42,912,912
915,1.2120,-0.1108,0.1468,2.996,good,0.000,3.47,0,0,0,0,31.41,3,0.0,,,
917,1.2120,-0.1081,-0.1172,3.009,good,0.015,3.38,0,0,0,0,30.17,3,0.0,,,
921,1.2120,-0.1195,-0.0871,3.034,faded,0.927,3.59,1,1,1,0,33.32,2,3.2,20|21,919,919
918,1.2160,-0.1143,-0.0342,2.999,good,0.009,3.45,0,0,0,0,33.59,3,0.0,,,
919,1.2160,-0.1101,0.1726,2.994,faded,0.999,4.80,1,1,1,0,32.27,3,3.2,54|53,929,929
920,1.2160,-0.1085,0.2277,3.042,good,0.001,5.96,0,0,0,0,30.59,3,0.0,,,
922,1.2200,-0.1133,-0.1828,3.017,insect,1.000,8.12,1,1,1,0,36.47,3,3.1,8,918,918
925,1.2200,-0.1168,0.2024,3.015,good,0.031,5.89,0,0,0,0,37.57,2,0.0,,,
923,1.2240,-0.1143,0.1615,3.000,good,0.000,1.87,0,0,0,0,34.17,3,0.0,,,
924,1.2240,-0.1111,-0.0426,2.992,good,0.010,4.00,0,0,0,0,33.25,3,0.0,,,
926,1.2280,-0.1121,-0.1152,3.005,good,0.000,3.28,0,0,0,0,34.61,3,0.0,,,
927,1.2280,-0.1104,-0.0506,3.056,good,0.173,3.76,0,0,0,0,32.80,3,0.0,,,
929,1.2280,-0.1199,0.0332,3.450,stone,1.000,17.85,1,1,1,0,27.63,2,9.1,36|35|37,975,
928,1.2320,-0.1085,0.0706,2.990,good,0.000,6.25,0,0,0,0,33.05,3,0.0,,,
930,1.2320,-0.1082,0.0844,2.999,good,0.000,2.08,0,0,0,0,32.67,3,0.0,,,
931,1.2320,-0.1188,0.1914,3.160,good,0.000,2.20,0,0,0,0,32.42,2,0.0,,,
932,1.2320,-0.1163,0.0592,2.957,sour,1.000,10.23,1,1,1,0,36.28,2,3.2,39,942,
936,1.2360,-0.1173,0.2006,2.997,good,0.000,2.07,0,0,0,0,33.17,2,0.0,,,
933,1.2400,-0.1092,-0.1621,2.951,good,0.000,1.98,0,0,0,0,43.92,3,0.0,,,
934,1.2400,-0.1090,0.0582,2.998,good,0.001,3.31,0,0,0,0,42.70,3,0.0,,,
935,1.2400,-0.1084,0.0155,2.989,good,0.011,2.45,0,0,0,0,42.63,3,0.0,,,
940,1.2400,-0.1186,-0.0436,3.450,faded,0.999,8.86,1,1,1,0,36.24,2,3.1,26,967,
941,1.2400,-0.1170,0.0518,2.983,good,0.001,2.20,0,0,0,0,45.55,2,0.0,,,
942,1.2400,-0.1170,0.0126,3.023,good,0.012,2.93,0,0,0,0,44.52,2,0.0,,,
937,1.2440,-0.1151,-0.1624,3.015,insect,1.000,3.02,1,1,1,0,29.23,3,3.1,11,944,944
938,1.2440,-0.1090,0.0861,2.997,good,0.000,1.96,0,0,0,0,27.53,3,0.0,,,
939,1.2440,-0.1088,0.1968,2.966,good,0.000,2.40,0,0,0,0,28.16,3,0.0,,,
944,1.2440,-0.1200,-0.1867,2.921,good,0.061,3.06,0,0,0,0,33.03,2,0.0,,,
945,1.2440,-0.1194,0.0054,3.001,good,0.000,3.54,0,0,0,0,30.80,2,0.0,,,
946,1.2440,-0.1199,-0.0479,2.642,good,0.000,2.70,0,0,0,0,40.88,2,0.0,,,
943,1.2480,-0.1136,0.1452,3.148,broken,0.533,3.33,1,1,1,0,31.49,3,2.4,50,950,950
948,1.2480,-0.1196,-0.0796,3.012,good,0.000,1.93,0,0,0,0,36.48,2,0.0,,,
949,1.2480,-0.1304,-0.0446,3.000,good,0.214,16.76,0,0,0,0,36.36,1,0.0,,,
950,1.2480,-0.1147,0.1150,3.338,shell,0.999,20.27,1,1,1,0,27.84,2,2.4,46,960,
951,1.2480,-0.1131,0.1858,3.450,good,0.002,3.18,0,0,0,0,25.22,2,0.0,,,
947,1.2520,-0.1129,0.0895,2.944,good,0.000,2.34,0,0,0,0,36.87,3,0.0,,,
959,1.2520,-0.1014,0.1186,3.000,shell,0.999,19.61,1,1,1,0,31.67,1,2.4,47|46,960,
952,1.2560,-0.1137,-0.0964,3.062,good,0.000,1.83,0,0,0,0,32.52,3,0.0,,,
953,1.2560,-0.1108,-0.2220,2.992,black,1.000,54.30,1,1,1,0,33.12,3,3.2,3,953,953
958,1.2560,-0.1162,0.1413,3.011,good,0.001,3.18,0,0,0,0,34.36,2,0.0,,,
954,1.2600,-0.1155,-0.0528,2.804,good,0.000,2.72,0,0,0,0,39.58,3,0.0,,,
955,1.2600,-0.1129,-0.0401,3.000,good,0.000,2.27,0,0,0,0,33.65,3,0.0,,,
956,1.2600,-0.1120,-0.0256,3.003,good,0.031,2.83,0,0,0,0,33.24,3,0.0,,,
957,1.2600,-0.1089,0.0145,3.004,good,0.000,1.77,0,0,0,0,32.14,3,0.0,,,
960,1.2600,-0.1180,0.0604,3.100,good,0.000,1.85,0,0,0,0,32.88,2,0.0,,,
964,1.2640,-0.1192,-0.1319,2.997,good,0.000,1.67,0,0,0,0,35.46,2,0.0,,,
965,1.2640,-0.1191,-0.0254,3.002,good,0.000,2.50,0,0,0,0,35.26,2,0.0,,,
961,1.2680,-0.1137,-0.1632,3.004,good,0.000,1.69,0,0,0,0,39.62,3,0.0,,,
962,1.2680,-0.1098,-0.0541,3.058,good,0.002,3.90,0,0,0,0,37.05,3,0.0,,,
963,1.2680,-0.1102,-0.0107,2.797,broken,0.999,5.12,1,1,1,0,43.54,3,2.4,30,936,
969,1.2680,-0.1175,-0.0934,2.992,good,0.000,2.99,0,0,0,0,41.02,2,0.0,,,
970,1.2680,-0.1179,0.2272,2.994,good,0.001,5.82,0,0,0,0,41.05,2,0.0,,,
966,1.2720,-0.1133,0.1051,3.045,good,0.000,2.74,0,0,0,0,34.75,3,0.0,,,
967,1.2720,-0.1122,-0.1039,2.999,good,0.001,2.92,0,0,0,0,35.42,3,0.0,,,
968,1.2720,-0.1092,0.0103,2.951,good,0.003,3.25,0,0,0,0,35.51,3,0.0,,,
971,1.2720,-0.1196,0.1528,3.006,good,0.010,3.67,0,0,0,0,37.65,2,0.0,,,
972,1.2720,-0.1182,0.0765,2.982,good,0.001,3.78,0,0,0,0,37.71,2,0.0,,,
973,1.2720,-0.1198,0.1789,2.791,shell,0.999,9.15,1,1,1,0,43.24,2,2.4,54|55,951,
974,1.2720,-0.1186,0.1187,2.997,good,0.000,3.31,0,0,0,0,37.40,2,0.0,,,
975,1.2720,-0.1158,-0.0252,2.997,good,0.000,2.58,0,0,0,0,36.43,2,0.0,,,
976,1.2800,-0.1094,-0.1203,3.450,good,0.001,2.81,0,0,0,0,20.35,3,0.0,,,
977,1.2800,-0.1118,-0.0834,2.995,good,0.002,3.28,0,0,0,0,30.32,3,0.0,,,
978,1.2800,-0.1078,-0.1740,3.237,good,0.000,4.35,0,0,0,0,23.77,3,0.0,,,
980,1.2800,-0.1169,0.2395,3.154,broken,0.847,2.95,1,1,1,0,28.28,2,2.4,62,1000,
981,1.2800,-0.1149,0.1148,3.450,shell,1.000,7.93,1,1,1,0,21.74,2,2.4,46,1001,1001
979,1.2840,-0.1145,0.0357,2.875,good,0.000,3.89,0,0,0,0,34.55,3,0.0,,,
987,1.2840,-0.1149,-0.0138,2.921,sour,0.996,14.48,1,1,1,0,33.45,2,3.2,30,969|994,994
988,1.2840,-0.1150,0.1740,3.450,good,0.008,6.13,0,0,0,0,22.13,2,0.0,,,
989,1.2840,-0.1197,0.0420,2.634,good,0.005,3.18,0,0,0,0,43.18,2,0.0,,,
982,1.2880,-0.1128,0.1995,3.002,good,0.000,2.97,0,0,0,0,35.51,3,0.0,,,
983,1.2880,-0.1095,0.1236,2.915,black,0.795,18.28,1,1,1,0,36.40,3,3.2,47|48,955|997,997
984,1.2880,-0.1069,0.2123,3.450,good,0.002,2.65,0,0,0,0,24.44,3,0.0,,,
985,1.2880,-0.1084,0.1621,2.985,good,0.033,7.61,0,0,0,0,34.25,3,0.0,,,
986,1.2880,-0.1088,0.0658,2.892,good,0.000,4.12,0,0,0,0,36.63,3,0.0,,,
992,1.2880,-0.1178,-0.1852,2.999,good,0.000,1.88,0,0,0,0,37.00,2,0.0,,,
990,1.2920,-0.1089,-0.1416,3.001,good,0.000,2.20,0,0,0,0,29.31,3,0.0,,,
991,1.2920,-0.1096,-0.1653,2.996,good,0.000,3.74,0,0,0,0,29.62,3,0.0,,,
998,1.2920,-0.1149,0.1079,3.060,good,0.000,2.59,0,0,0,0,29.81,2,0.0,,,
993,1.2960,-0.1143,-0.0160,2.931,good,0.000,3.24,0,0,0,0,30.59,3,0.0,,,
994,1.2960,-0.1137,-0.1477,3.000,good,0.000,2.87,0,0,0,0,28.65,3,0.0,,,
995,1.2960,-0.1136,0.0563,2.996,good,0.007,2.63,0,0,0,0,28.62,3,0.0,,,
996,1.2960,-0.1124,-0.2067,3.001,good,0.000,2.71,0,0,0,0,28.11,3,0.0,,,
997,1.2960,-0.1083,0.1631,2.998,good,0.001,2.24,0,0,0,0,26.77,3,0.0,,,
999,1.3000,-0.1150,0.0594,3.052,good,0.000,3.19,0,0,0,0,37.02,3,0.0,,,
1000,1.3000,-0.1130,-0.0188,2.993,good,0.000,2.68,0,0,0,0,37.70,3,0.0,,,
1001,1.3000,-0.1131,0.0678,2.943,good,0.001,3.19,0,0,0,0,38.90,3,0.0,,,
1002,1.3000,-0.1093,-0.0992,3.074,faded,0.979,3.42,1,1,1,0,34.53,3,3.2,19,1015,1015
1004,1.3000,-0.1162,0.2232,3.023,good,0.000,2.00,0,0,0,0,37.88,2,0.0,,,
1003,1.3040,-0.1131,-0.0732,3.031,good,0.000,2.98,0,0,0,0,43.48,3,0.0,,,
1008,1.3040,-0.1193,0.0460,3.061,good,0.002,3.14,0,0,0,0,44.70,2,0.0,,,
1009,1.3040,-0.1014,0.0711,3.000,good,0.000,3.17,0,0,0,0,40.19,1,0.0,,,
1005,1.3080,-0.1114,0.0110,3.138,good,0.005,2.46,0,0,0,0,40.27,3,0.0,,,
1006,1.3080,-0.1101,0.1898,2.995,black,1.000,48.45,1,1,1,0,42.97,3,3.2,56,1007,1007
1007,1.3080,-0.1085,-0.0262,2.963,good,0.000,2.50,0,0,0,0,43.15,3,0.0,,,
1011,1.3120,-0.1179,-0.0573,2.996,good,0.001,2.53,0,0,0,0,37.82,2,0.0,,,
1010,1.3160,-0.1149,-0.0047,3.008,good,0.000,2.42,0,0,0,0,43.82,3,0.0,,,
1012,1.3160,-0.1183,-0.0824,3.030,good,0.003,3.19,0,0,0,0,44.38,2,0.0,,,
1013,1.3160,-0.1180,-0.2109,3.208,good,0.007,3.40,0,0,0,0,40.27,2,0.0,,,
1014,1.3160,-0.1199,0.0251,2.966,good,0.005,1.90,0,0,0,0,46.42,2,0.0,,,
1015,1.3160,-0.1187,-0.0384,2.953,good,0.000,1.94,0,0,0,0,46.28,2,0.0,,,
1020,1.3200,-0.1190,-0.2159,3.000,good,0.000,2.25,0,0,0,0,44.96,2,0.0,,,
1016,1.3240,-0.1153,0.0458,3.011,good,0.000,3.43,0,0,0,0,42.84,3,0.0,,,
1017,1.3240,-0.1379,-0.0694,3.000,good,0.002,4.14,0,0,0,0,42.60,1,0.0,,,
1018,1.3240,-0.1136,-0.2014,2.996,good,0.000,3.21,0,0,0,0,42.58,3,0.0,,,
1019,1.3240,-0.1124,-0.0265,2.994,faded,1.000,6.48,1,1,1,0,42.18,3,3.2,28,1036,1036
1023,1.3240,-0.1199,-0.0716,2.817,faded,0.913,10.59,1,1,1,0,49.23,2,3.2,22|23,1003|1044,
1026,1.3240,-0.1196,0.0864,3.027,good,0.008,2.71,0,0,0,0,43.66,2,0.0,,,
1027,1.3240,-0.1188,-0.1702,3.001,good,0.000,2.78,0,0,0,0,43.99,2,0.0,,,
1021,1.3280,-0.1155,0.0367,2.994,good,0.000,3.15,0,0,0,0,34.32,3,0.0,,,
1022,1.3280,-0.1271,0.1556,2.990,good,0.004,5.45,0,0,0,0,34.22,2,0.0,,,
1024,1.3280,-0.1106,-0.0279,3.000,good,0.000,3.36,0,0,0,0,32.42,3,0.0,,,
1025,1.3280,-0.1227,0.1633,3.006,good,0.001,2.41,0,0,0,0,32.27,2,0.0,,,
1029,1.3280,-0.1196,-0.1224,3.088,good,0.000,3.34,0,0,0,0,33.25,2,0.0,,,
1030,1.3280,-0.1189,0.0507,3.076,good,0.000,2.03,0,0,0,0,33.28,2,0.0,,,
1031,1.3280,-0.1164,-0.0124,2.971,good,0.000,1.34,0,0,0,0,34.93,2,0.0,,,
1032,1.3280,-0.1147,0.1134,3.183,good,0.000,2.20,0,0,0,0,29.51,2,0.0,,,
1037,1.3280,-0.1129,0.1601,3.000,good,0.002,8.24,0,0,0,0,33.00,1,0.0,,,
1038,1.3280,-0.1060,-0.0766,3.000,good,0.001,4.01,0,0,0,0,30.72,1,0.0,,,
1028,1.3320,-0.1106,0.1263,3.000,good,0.034,4.28,0,0,0,0,42.04,3,0.0,,,
1045,1.3320,-0.1020,0.1168,3.000,good,0.000,2.47,0,0,0,0,39.14,1,0.0,,,
1033,1.3360,-0.1358,0.1421,3.000,good,0.000,4.30,0,0,0,0,43.76,1,0.0,,,
1034,1.3360,-0.1127,0.0997,2.999,good,0.000,1.67,0,0,0,0,43.96,3,0.0,,,
1035,1.3360,-0.1112,-0.1934,2.999,good,0.000,2.00,0,0,0,0,43.41,3,0.0,,,
1036,1.3360,-0.1105,0.0487,3.000,good,0.006,2.97,0,0,0,0,43.12,3,0.0,,,
1040,1.3360,-0.1173,-0.0474,2.994,good,0.000,2.71,0,0,0,0,45.50,2,0.0,,,
1041,1.3360,-0.1180,0.0145,3.012,good,0.000,2.64,0,0,0,0,45.26,2,0.0,,,
1042,1.3360,-0.1176,0.1302,3.000,good,0.000,2.05,0,0,0,0,45.39,2,0.0,,,
1043,1.3360,-0.1159,-0.0847,3.000,good,0.053,3.11,0,0,0,0,44.79,2,0.0,,,
1044,1.3360,-0.1243,0.1454,3.000,good,0.000,4.30,0,0,0,0,43.59,1,0.0,,,
1048,1.3360,-0.1129,0.1486,3.000,good,0.000,4.39,0,0,0,0,43.75,1,0.0,,,
1039,1.3400,-0.1113,-0.1322,3.048,faded,0.939,3.39,1,1,1,0,29.05,3,3.2,15|14,1052,1052
1047,1.3400,-0.1194,-0.1152,3.039,good,0.000,2.53,0,0,0,0,31.84,2,0.0,,,
1046,1.3440,-0.1232,-0.1612,2.484,good,0.003,11.63,0,0,0,0,57.02,2,0.0,,,
1052,1.3440,-0.1172,0.0845,2.999,good,0.000,3.06,0,0,0,0,43.53,2,0.0,,,
1053,1.3440,-0.1161,-0.2067,2.994,good,0.001,2.75,0,0,0,0,43.25,2,0.0,,,
1054,1.3440,-0.1153,0.0532,3.159,good,0.001,2.80,0,0,0,0,39.19,2,0.0,,,
1059,1.3440,-0.1133,-0.1650,3.000,good,0.001,11.79,0,0,0,0,42.14,1,0.0,,,
1049,1.3480,-0.1137,0.0635,2.998,good,0.000,2.10,0,0,0,0,43.26,3,0.0,,,
1050,1.3480,-0.1105,-0.1546,3.002,good,0.000,2.40,0,0,0,0,42.05,3,0.0,,,
1051,1.3480,-0.1088,0.2277,3.255,good,0.006,2.88,0,0,0,0,36.03,3,0.0,,,
1058,1.3480,-0.1159,0.0964,3.412,good,0.053,2.88,0,0,0,0,35.12,2,0.0,,,
1055,1.3520,-0.1152,-0.1285,3.064,good,0.120,2.37,0,0,0,0,43.05,3,0.0,,,
1056,1.3520,-0.1138,-0.0694,2.999,good,0.000,2.00,0,0,0,0,44.07,3,0.0,,,
1057,1.3520,-0.1137,0.0331,3.000,shell,1.000,10.35,1,1,1,0,43.97,3,2.4,36,1050,1050
1061,1.3520,-0.1195,0.1961,2.872,good,0.004,2.94,0,0,0,0,49.12,2,0.0,,,
1062,1.3520,-0.1172,0.0805,2.892,sour,1.000,13.86,1,1,1,0,47.75,2,3.2,42,1054,1054
1063,1.3520,-0.1165,-0.1106,3.005,good,0.002,3.01,0,0,0,0,44.63,2,0.0,,,
1067,1.3520,-0.1023,0.0993,3.000,good,0.015,2.83,0,0,0,0,40.03,1,0.0,,,
1060,1.3560,-0.1153,-0.1957,2.751,good,0.003,7.49,0,0,0,0,42.57,3,0.0,,,
1064,1.3600,-0.1135,0.1658,2.998,good,0.000,2.25,0,0,0,0,30.02,3,0.0,,,
1065,1.3600,-0.1101,-0.0565,3.234,good,0.000,1.86,0,0,0,0,23.68,3,0.0,,,
1066,1.3600,-0.1089,-0.0018,3.016,good,0.010,2.17,0,0,0,0,27.97,3,0.0,,,
1071,1.3640,-0.1197,-0.0822,2.995,good,0.000,2.72,0,0,0,0,33.66,2,0.0,,,
1072,1.3640,-0.1113,0.0526,2.911,stick,1.000,92.08,1,1,1,0,32.82,2,2.4,38,1060,
1073,1.3640,-0.1164,0.1245,2.974,good,0.000,2.50,0,0,0,0,32.94,2,0.0,,,
1068,1.3680,-0.1119,-0.0709,2.979,good,0.000,2.52,0,0,0,0,31.43,3,0.0,,,
1069,1.3680,-0.1095,-0.1733,3.109,good,0.007,2.69,0,0,0,0,27.64,3,0.0,,,
1070,1.3680,-0.1084,-0.1940,2.997,good,0.000,3.88,0,0,0,0,29.74,3,0.0,,,
1076,1.3680,-0.1171,-0.0645,3.053,good,0.000,3.14,0,0,0,0,31.29,2,0.0,,,
1074,1.3720,-0.1141,0.1772,2.996,good,0.000,2.41,0,0,0,0,32.54,3,0.0,,,
1075,1.3720,-0.1117,-0.1978,3.198,good,0.298,4.80,0,0,0,0,27.19,3,0.0,,,
1079,1.3720,-0.1184,-0.0445,3.048,good,0.000,3.51,0,0,0,0,32.59,2,0.0,,,
1080,1.3720,-0.1178,0.2342,2.986,good,0.090,3.14,0,0,0,0,33.86,2,0.0,,,
1081,1.3720,-0.1165,-0.0086,2.845,good,0.000,2.03,0,0,0,0,36.96,2,0.0,,,
1077,1.3760,-0.1107,-0.2201,2.965,good,0.098,2.24,0,0,0,0,34.26,3,0.0,,,
1078,1.3760,-0.1074,-0.2083,3.312,good,0.000,2.42,0,0,0,0,25.76,3,0.0,,,
1083,1.3760,-0.1198,-0.0878,3.020,good,0.000,3.01,0,0,0,0,35.88,2,0.0,,,
1084,1.3760,-0.1185,0.1586,2.998,good,0.010,2.59,0,0,0,0,35.97,2,0.0,,,
1085,1.3760,-0.1178,0.2135,3.001,good,0.002,4.51,0,0,0,0,35.60,2,0.0,,,
1086,1.3760,-0.1161,0.2275,3.074,good,0.005,3.60,0,0,0,0,33.32,2,0.0,,,
1082,1.3800,-0.1140,0.1805,3.012,good,0.000,2.64,0,0,0,0,29.32,3,0.0,,,
1087,1.3840,-0.1170,0.0729,2.769,good,0.000,2.44,0,0,0,0,37.98,3,0.0,,,
1088,1.3840,-0.1147,-0.0997,3.243,good,0.002,3.64,0,0,0,0,25.73,3,0.0,,,
1089,1.3840,-0.1124,-0.1512,3.001,black,1.000,56.20,1,1,1,0,30.26,3,3.2,12,1095,
1092,1.3840,-0.1197,0.0410,2.994,good,0.000,2.06,0,0,0,0,32.74,2,0.0,,,
1090,1.3880,-0.1121,-0.1754,3.023,good,0.002,2.95,0,0,0,0,40.19,3,0.0,,,
1091,1.3880,-0.1100,-0.1378,3.121,good,0.000,3.39,0,0,0,0,37.28,3,0.0,,,
1093,1.3880,-0.1101,0.1852,2.692,good,0.000,3.05,0,0,0,0,48.01,3,0.0,,,
1094,1.3920,-0.1119,-0.2181,2.996,sour,1.000,27.88,1,1,1,0,43.52,3,3.2,4|3,1097,1097
1098,1.3920,-0.1274,0.0826,3.000,good,0.000,8.92,0,0,0,0,44.56,1,0.0,,,
1104,1.3920,-0.1180,0.0861,3.000,good,0.001,3.99,0,0,0,0,45.39,1,0.0,,,
1105,1.3920,-0.1121,0.0796,3.000,good,0.000,3.49,0,0,0,0,43.41,1,0.0,,,
1095,1.3960,-0.1140,0.0366,3.020,insect,1.000,5.93,1,1,1,0,32.37,3,3.1,36,1094,1094
1096,1.3960,-0.1213,0.0733,3.450,shell,1.000,8.81,1,1,1,0,21.56,2,2.4,41,,
1097,1.3960,-0.1102,-0.1214,3.003,good,0.000,3.04,0,0,0,0,31.38,3,0.0,,,
1102,1.3960,-0.1179,0.1520,2.994,good,0.000,3.39,0,0,0,0,34.11,2,0.0,,,
1103,1.3960,-0.1164,0.1967,3.012,good,0.000,3.18,0,0,0,0,33.14,2,0.0,,,
1107,1.3960,-0.1056,0.0703,3.000,shell,1.000,9.17,1,1,1,0,29.83,1,2.4,40|41,1161,
1099,1.4000,-0.1134,-0.2300,3.027,good,0.001,2.64,0,0,0,0,40.75,3,0.0,,,
1100,1.4000,-0.1128,0.1101,3.004,good,0.001,2.96,0,0,0,0,41.03,3,0.0,,,
1101,1.4000,-0.1133,-0.1635,2.872,good,0.008,3.09,0,0,0,0,44.40,3,0.0,,,
1106,1.4000,-0.1181,0.0933,3.004,good,0.000,2.54,0,0,0,0,42.70,2,0.0,,,
1114,1.4040,-0.1178,-0.2274,2.984,good,0.001,3.64,0,0,0,0,44.62,2,0.0,,,
1108,1.4080,-0.1156,-0.1836,2.762,good,0.000,1.93,0,0,0,0,38.08,3,0.0,,,
1109,1.4080,-0.1151,0.0936,2.805,good,0.024,3.68,0,0,0,0,36.64,3,0.0,,,
1110,1.4080,-0.1116,-0.0936,3.068,good,0.000,1.79,0,0,0,0,28.88,3,0.0,,,
1111,1.4080,-0.1077,0.1704,3.420,shell,0.999,11.76,1,1,1,0,20.59,3,2.4,53|54,1148,1148
1112,1.4080,-0.1090,0.2176,3.008,good,0.000,2.35,0,0,0,0,29.28,3,0.0,,,
1113,1.4080,-0.1113,0.0667,2.666,good,0.000,2.07,0,0,0,0,39.03,3,0.0,,,
1121,1.4080,-0.1200,-0.1243,3.250,good,0.000,2.11,0,0,0,0,27.40,2,0.0,,,
1115,1.4120,-0.1163,0.1427,2.992,black,1.000,50.88,1,1,1,0,35.97,3,3.2,50,1102,1102
1116,1.4120,-0.1166,0.0304,2.790,good,0.001,2.34,0,0,0,0,41.25,3,0.0,,,
1117,1.4120,-0.1135,-0.1571,2.979,black,1.000,47.86,1,1,1,0,35.22,3,3.2,11|12,1105,
1118,1.4120,-0.1132,-0.0166,2.999,good,0.001,2.49,0,0,0,0,34.56,3,0.0,,,
1119,1.4120,-0.1121,0.1521,3.001,good,0.000,2.77,0,0,0,0,34.14,3,0.0,,,
1120,1.4120,-0.1120,0.0544,3.003,good,0.000,2.15,0,0,0,0,34.00,3,0.0,,,
1124,1.4120,-0.1194,0.0566,2.994,good,0.000,1.99,0,0,0,0,36.65,2,0.0,,,
1125,1.4120,-0.1182,-0.2297,3.000,good,0.006,2.38,0,0,0,0,36.09,2,0.0,,,
1126,1.4120,-0.1122,0.0044,3.450,good,0.002,3.29,0,0,0,0,24.82,2,0.0,,,
1122,1.4160,-0.1137,0.1953,2.999,good,0.050,8.96,0,0,0,0,30.83,3,0.0,,,
1123,1.4160,-0.1125,0.1231,2.959,good,0.001,2.89,0,0,0,0,31.30,3,0.0,,,
1129,1.4160,-0.1173,-0.0914,3.007,good,0.000,2.32,0,0,0,0,31.69,2,0.0,,,
1127,1.4200,-0.1094,0.0116,3.007,good,0.001,1.74,0,0,0,0,29.04,3,0.0,,,
1128,1.4200,-0.1096,0.1893,2.995,good,0.000,3.19,0,0,0,0,29.36,3,0.0,,,
1132,1.4200,-0.1171,-0.2159,2.957,good,0.000,2.21,0,0,0,0,32.76,2,0.0,,,
1136,1.4200,-0.1006,0.1193,3.000,good,0.001,2.89,0,0,0,0,26.19,1,0.0,,,
1130,1.4240,-0.1112,0.0669,2.997,good,0.000,2.43,0,0,0,0,34.01,3,0.0,,,
1131,1.4240,-0.1081,0.2074,3.006,good,0.001,3.51,0,0,0,0,32.71,3,0.0,,,
1134,1.4240,-0.1189,0.1171,3.020,good,0.002,3.28,0,0,0,0,35.91,2,0.0,,,
1135,1.4240,-0.1255,-0.2093,3.000,good,0.000,2.38,0,0,0,0,34.61,1,0.0,,,
1140,1.4240,-0.1075,-0.2131,3.000,good,0.000,6.20,0,0,0,0,32.59,1,0.0,,,
1133,1.4280,-0.1094,-0.2402,3.018,black,1.000,50.89,1,1,1,0,31.27,3,3.2,1,1127,1127
1139,1.4280,-0.1156,0.0311,3.076,faded,1.000,4.06,1,1,1,0,31.85,2,3.2,35|36,1131,1131
1137,1.4320,-0.1098,-0.1022,3.000,good,0.000,3.65,0,0,0,0,41.76,3,0.0,,,
1138,1.4320,-0.1100,0.0607,2.993,sour,1.000,37.29,1,1,1,0,41.91,3,3.2,39,1128,1128
1144,1.4320,-0.1183,-0.0886,3.450,good,0.000,2.11,0,0,0,0,34.95,2,0.0,,,
1145,1.4320,-0.1173,0.2329,3.147,good,0.000,1.72,0,0,0,0,40.68,2,0.0,,,
1146,1.4320,-0.1162,0.1903,3.000,good,0.000,2.46,0,0,0,0,43.68,2,0.0,,,
1141,1.4360,-0.1268,-0.2335,3.138,good,0.050,2.90,0,0,0,0,37.58,2,0.0,,,
1142,1.4360,-0.1129,-0.1588,2.957,good,0.002,2.80,0,0,0,0,41.25,3,0.0,,,
1143,1.4360,-0.1108,-0.0643,2.996,good,0.000,1.79,0,0,0,0,39.57,3,0.0,,,
1148,1.4360,-0.1143,0.0333,3.058,faded,0.893,6.10,1,1,1,0,39.25,2,3.2,36,1122|1147,1147
1149,1.4360,-0.1171,-0.1952,2.998,good,0.010,9.79,0,0,0,0,41.53,2,0.0,,,
1155,1.4360,-0.1143,-0.2367,3.000,good,0.033,2.89,0,0,0,0,40.51,1,0.0,,,
1147,1.4400,-0.1148,0.1034,3.000,good,0.126,3.08,0,0,0,0,34.88,3,0.0,,,
1153,1.4400,-0.1193,0.0665,2.808,good,0.002,5.62,0,0,0,0,41.33,2,0.0,,,
1154,1.4400,-0.1180,-0.1096,3.004,good,0.000,2.66,0,0,0,0,35.78,2,0.0,,,
1150,1.4440,-0.1395,-0.1701,3.000,good,0.003,2.81,0,0,0,0,40.62,1,0.0,,,
1151,1.4440,-0.1141,0.1890,3.018,good,0.000,2.70,0,0,0,0,39.60,3,0.0,,,
1152,1.4440,-0.1102,0.0846,2.820,good,0.000,3.24,0,0,0,0,43.13,3,0.0,,,
1158,1.4440,-0.1310,-0.1730,3.000,good,0.003,2.81,0,0,0,0,41.61,1,0.0,,,
1156,1.4480,-0.1157,-0.1038,2.990,good,0.000,3.30,0,0,0,0,29.23,3,0.0,,,
1157,1.4480,-0.1135,0.1827,2.985,good,0.012,2.75,0,0,0,0,28.56,3,0.0,,,
1159,1.4480,-0.1080,0.1669,3.019,good,0.000,2.69,0,0,0,0,25.87,3,0.0,,,
1163,1.4480,-0.1298,0.2104,3.000,good,0.002,2.55,0,0,0,0,29.59,1,0.0,,,
1164,1.4480,-0.1167,-0.1982,3.007,faded,0.929,3.74,1,1,1,0,29.01,2,3.2,6,1134,1134
1165,1.4480,-0.1226,-0.1760,3.000,good,0.002,2.86,0,0,0,0,27.09,1,0.0,,,
1171,1.4480,-0.1199,0.2064,3.000,good,0.001,2.56,0,0,0,0,30.19,1,0.0,,,
1172,1.4480,-0.1141,-0.1789,3.000,good,0.014,2.90,0,0,0,0,28.26,1,0.0,,,
1160,1.4520,-0.1131,0.2046,3.370,good,0.001,6.03,0,0,0,0,21.34,3,0.0,,,
1161,1.4520,-0.1155,0.1099,2.998,good,0.000,2.22,0,0,0,0,29.95,3,0.0,,,
1162,1.4520,-0.1085,-0.0427,2.980,good,0.000,4.12,0,0,0,0,27.96,3,0.0,,,
1169,1.4520,-0.1180,-0.1230,3.053,good,0.003,1.92,0,0,0,0,29.39,2,0.0,,,
1170,1.4520,-0.1161,-0.1814,3.000,good,0.028,3.43,0,0,0,0,29.97,2,0.0,,,
1176,1.4520,-0.1056,-0.1819,3.000,good,0.008,2.95,0,0,0,0,26.46,1,0.0,,,
1166,1.4560,-0.1121,-0.2055,3.234,good,0.000,3.25,0,0,0,0,28.69,3,0.0,,,
1167,1.4560,-0.1154,0.1957,2.645,good,0.001,3.49,0,0,0,0,44.48,3,0.0,,,
1168,1.4560,-0.1087,-0.1720,3.215,good,0.123,7.67,0,0,0,0,27.94,3,0.0,,,
1174,1.4560,-0.1194,-0.2456,3.000,good,0.014,2.80,0,0,0,0,36.12,2,0.0,,,
1175,1.4560,-0.1153,0.2297,3.008,good,0.000,3.84,0,0,0,0,34.51,2,0.0,,,
1173,1.4600,-0.1148,0.0883,3.006,good,0.003,2.49,0,0,0,0,31.96,3,0.0,,,
1179,1.4600,-0.1195,0.0601,2.642,good,0.002,2.30,0,0,0,0,43.55,2,0.0,,,
1177,1.4640,-0.1066,0.1235,3.450,good,0.000,2.14,0,0,0,0,31.78,3,0.0,,,
1178,1.4640,-0.1106,-0.0789,2.940,good,0.002,3.21,0,0,0,0,43.49,3,0.0,,,
1181,1.4640,-0.1162,0.1730,2.986,good,0.026,7.37,0,0,0,0,44.19,2,0.0,,,
1180,1.4680,-0.1130,-0.0027,3.036,good,0.000,2.10,0,0,0,0,31.39,3,0.0,,,
1184,1.4680,-0.1191,-0.0718,3.034,good,0.000,2.56,0,0,0,0,33.39,2,0.0,,,
1182,1.4720,-0.1157,0.0700,3.011,good,0.001,1.73,0,0,0,0,33.03,3,0.0,,,
1183,1.4720,-0.1095,-0.1270,3.163,good,0.001,2.41,0,0,0,0,27.56,3,0.0,,,
1187,1.4720,-0.1157,0.1009,3.018,good,0.000,6.41,0,0,0,0,32.76,2,0.0,,,
1185,1.4760,-0.1098,-0.2156,3.037,good,0.142,6.32,0,0,0,0,28.40,3,0.0,,,
1186,1.4760,-0.1120,-0.0695,2.996,good,0.000,2.39,0,0,0,0,30.05,3,0.0,,,
1193,1.4760,-0.1181,-0.0008,3.015,good,0.000,3.43,0,0,0,0,31.51,2,0.0,,,
1188,1.4800,-0.1132,-0.1060,3.000,good,0.000,1.93,0,0,0,0,42.68,3,0.0,,,
1189,1.4800,-0.1128,0.0096,3.002,good,0.000,4.06,0,0,0,0,42.44,3,0.0,,,
1190,1.4800,-0.1127,0.1601,3.007,faded,1.000,5.59,1,1,1,0,42.23,3,3.2,52,1175,1175
1191,1.4800,-0.1107,0.2240,3.079,good,0.002,5.89,0,0,0,0,39.86,3,0.0,,,
1192,1.4800,-0.1097,0.1819,3.013,good,0.000,2.76,0,0,0,0,41.01,3,0.0,,,
1198,1.4800,-0.1199,0.0794,3.001,good,0.000,2.88,0,0,0,0,44.64,2,0.0,,,
1199,1.4800,-0.1167,-0.1472,2.988,good,0.000,2.62,0,0,0,0,43.84,2,0.0,,,
1194,1.4840,-0.1172,0.1961,2.809,good,0.008,3.47,0,0,0,0,40.86,3,0.0,,,
1195,1.4840,-0.1127,0.0202,3.216,good,0.070,9.96,0,0,0,0,29.63,3,0.0,,,
1196,1.4840,-0.1129,0.0080,2.996,good,0.002,2.25,0,0,0,0,34.48,3,0.0,,,
1197,1.4840,-0.1082,-0.1103,3.001,black,1.000,56.82,1,1,1,0,32.78,3,3.2,17|18,1180,1180
1200,1.4880,-0.1123,0.2124,3.005,good,0.002,5.03,0,0,0,0,33.34,3,0.0,,,
1202,1.4880,-0.1161,0.0831,3.450,good,0.050,2.05,0,0,0,0,25.27,2,0.0,,,
1201,1.4920,-0.1128,0.0871,2.999,sour,1.000,21.83,1,1,1,0,39.98,3,3.2,43|42,1178,
1207,1.4920,-0.1170,-0.0131,3.435,good,0.003,3.29,0,0,0,0,32.14,2,0.0,,,
1203,1.4960,-0.1150,0.1723,2.992,good,0.003,3.71,0,0,0,0,30.44,3,0.0,,,
1204,1.4960,-0.1178,-0.2412,2.715,shell,0.999,6.07,1,1,1,0,38.78,3,2.4,1|0,1200,
1205,1.4960,-0.1085,0.0774,3.450,good,0.000,2.20,0,0,0,0,18.89,3,0.0,,,
1206,1.4960,-0.1134,0.0548,2.756,good,0.000,2.15,0,0,0,0,35.86,3,0.0,,,
1211,1.4960,-0.1193,-0.1550,3.005,broken,0.594,6.82,1,1,1,0,31.34,2,2.4,12|11,1183,1183
1212,1.4960,-0.1187,0.2158,3.001,good,0.114,3.14,0,0,0,0,31.21,2,0.0,,,
1215,1.4960,-0.1033,-0.0167,3.000,good,0.001,3.23,0,0,0,0,26.09,1,0.0,,,
1208,1.5000,-0.1149,-0.1496,3.003,good,0.000,1.88,0,0,0,0,42.55,3,0.0,,,
1209,1.5000,-0.1146,-0.0224,2.999,good,0.273,3.57,0,0,0,0,42.49,3,0.0,,,
1210,1.5000,-0.1104,0.0432,3.074,good,0.468,6.41,0,0,0,0,39.31,3,0.0,,,
1213,1.5000,-0.1176,-0.2276,2.777,good,0.002,2.93,0,0,0,0,49.18,2,0.0,,,
1214,1.5000,-0.1177,0.2071,2.898,good,0.000,2.84,0,0,0,0,45.90,2,0.0,,,
1219,1.5040,-0.1191,0.1801,2.960,good,0.001,4.97,0,0,0,0,45.42,2,0.0,,,
1220,1.5040,-0.1160,0.0499,2.996,good,0.000,2.51,0,0,0,0,43.44,2,0.0,,,
1222,1.5040,-0.1014,0.0479,3.000,faded,1.000,5.79,1,1,1,0,38.46,1,3.2,38|37,1203,
1216,1.5080,-0.1154,-0.1760,2.999,good,0.015,3.08,0,0,0,0,45.12,3,0.0,,,
1217,1.5080,-0.1142,0.0120,2.995,good,0.001,4.17,0,0,0,0,44.75,3,0.0,,,
1218,1.5080,-0.1155,-0.0591,2.910,shell,0.727,10.82,1,1,1,0,47.27,3,2.4,24,1223,
1221,1.5120,-0.1107,-0.0092,3.002,sour,1.000,18.24,1,1,1,0,35.05,3,3.2,30|31,1206,1206
1224,1.5120,-0.1184,0.1132,3.012,good,0.020,2.52,0,0,0,0,37.29,2,0.0,,,
1223,1.5160,-0.1112,0.1832,3.015,good,0.032,2.96,0,0,0,0,40.85,3,0.0,,,
1225,1.5200,-0.1117,0.1701,2.994,good,0.000,3.17,0,0,0,0,42.02,3,0.0,,,
1226,1.5200,-0.1097,-0.2185,3.002,good,0.006,3.94,0,0,0,0,41.13,3,0.0,,,
1229,1.5200,-0.1198,-0.1281,3.032,good,0.001,4.46,0,0,0,0,43.72,2,0.0,,,
1230,1.5200,-0.1196,-0.0256,3.000,insect,1.000,5.63,1,1,1,0,44.37,2,3.1,28,1221,1221
1231,1.5200,-0.1185,-0.1444,3.019,good,0.000,1.23,0,0,0,0,43.50,2,0.0,,,
1227,1.5240,-0.1095,-0.2096,2.961,good,0.016,3.34,0,0,0,0,31.45,3,0.0,,,
1228,1.5240,-0.1101,0.1999,2.996,good,0.000,2.83,0,0,0,0,30.72,3,0.0,,,
1232,1.5280,-0.1107,-0.1529,3.261,good,0.000,2.40,0,0,0,0,24.67,3,0.0,,,
1233,1.5280,-0.1107,-0.2321,2.998,good,0.001,1.48,0,0,0,0,30.27,3,0.0,,,
1234,1.5280,-0.1086,-0.1808,3.001,good,0.000,2.15,0,0,0,0,29.48,3,0.0,,,
1235,1.5320,-0.1155,0.0030,2.999,good,0.000,2.78,0,0,0,0,42.73,3,0.0,,,
1236,1.5320,-0.1152,-0.1012,2.929,good,0.000,2.62,0,0,0,0,44.29,3,0.0,,,
1237,1.5320,-0.1120,-0.1430,2.978,good,0.387,3.39,0,0,0,0,41.98,3,0.0,,,
1238,1.5320,-0.1121,0.1897,2.852,good,0.000,2.82,0,0,0,0,45.13,3,0.0,,,
1239,1.5320,-0.1097,0.0984,2.753,good,0.001,4.19,0,0,0,0,46.90,3,0.0,,,
1245,1.5320,-0.1199,0.0239,2.973,good,0.000,2.05,0,0,0,0,44.63,2,0.0,,,
1246,1.5320,-0.1153,0.1440,3.029,good,0.041,3.57,0,0,0,0,41.74,2,0.0,,,
1240,1.5360,-0.1122,0.1298,3.115,good,0.000,3.10,0,0,0,0,36.06,3,0.0,,,
1241,1.5360,-0.1132,0.2288,2.987,good,0.000,1.99,0,0,0,0,39.29,3,0.0,,,
1242,1.5360,-0.1127,-0.0931,3.131,good,0.000,3.02,0,0,0,0,35.80,3,0.0,,,
1243,1.5360,-0.1119,-0.1433,2.998,faded,0.999,4.68,1,1,1,0,38.52,3,3.2,13,1229,1229
1244,1.5360,-0.1106,0.1565,2.855,good,0.000,2.01,0,0,0,0,41.54,3,0.0,,,
1247,1.5400,-0.1156,-0.1457,2.948,sour,1.000,25.82,1,1,1,0,36.39,3,3.2,13,1227,1227
1248,1.5400,-0.1137,-0.0921,3.036,good,0.002,9.52,0,0,0,0,33.57,3,0.0,,,
1249,1.5400,-0.1119,0.0541,3.001,good,0.000,2.47,0,0,0,0,33.74,3,0.0,,,
1250,1.5400,-0.1087,-0.0403,2.995,good,0.000,3.20,0,0,0,0,32.80,3,0.0,,,
1251,1.5400,-0.1194,-0.0232,3.072,good,0.000,2.67,0,0,0,0,34.51,2,0.0,,,
1255,1.5440,-0.1152,0.1632,3.001,good,0.325,7.94,0,0,0,0,32.40,2,0.0,,,
1256,1.5440,-0.1160,-0.0994,2.996,good,0.005,2.61,0,0,0,0,32.74,2,0.0,,,
1252,1.5480,-0.1088,-0.0231,3.017,good,0.000,3.04,0,0,0,0,35.68,3,0.0,,,
1253,1.5480,-0.1104,-0.1073,2.704,good,0.398,3.62,0,0,0,0,44.24,3,0.0,,,
1254,1.5480,-0.1102,0.2307,2.966,good,0.026,2.69,0,0,0,0,37.24,3,0.0,,,
1257,1.5520,-0.1101,0.0896,2.999,good,0.001,2.28,0,0,0,0,41.05,3,0.0,,,
1258,1.5560,-0.1166,0.2049,2.973,good,0.000,2.78,0,0,0,0,33.63,3,0.0,,,
1259,1.5560,-0.1144,-0.0690,3.002,good,0.001,3.52,0,0,0,0,32.11,3,0.0,,,
1260,1.5560,-0.1267,0.0479,3.146,good,0.001,3.96,0,0,0,0,28.72,2,0.0,,,
1261,1.5560,-0.1114,-0.1027,2.997,good,0.000,2.77,0,0,0,0,31.15,3,0.0,,,
1262,1.5560,-0.1108,-0.0340,3.000,good,0.000,2.59,0,0,0,0,30.87,3,0.0,,,
1263,1.5560,-0.1084,0.2149,3.227,good,0.009,4.87,0,0,0,0,25.14,3,0.0,,,
1264,1.5560,-0.1231,0.0378,2.842,good,0.000,2.85,0,0,0,0,35.06,2,0.0,,,
1267,1.5560,-0.1152,0.1818,2.888,good,0.010,7.80,0,0,0,0,35.03,2,0.0,,,
1272,1.5560,-0.1127,0.0418,3.000,good,0.001,8.41,0,0,0,0,31.40,1,0.0,,,
1265,1.5600,-0.1137,0.1258,3.009,good,0.000,2.00,0,0,0,0,29.90,3,0.0,,,
1266,1.5600,-0.1145,-0.1334,3.004,good,0.005,2.25,0,0,0,0,30.23,3,0.0,,,
1269,1.5600,-0.1186,-0.1552,3.029,good,0.001,2.74,0,0,0,0,30.98,2,0.0,,,
1270,1.5600,-0.1195,-0.0030,3.002,good,0.000,2.41,0,0,0,0,31.86,2,0.0,,,
1271,1.5600,-0.1138,0.0449,3.370,good,0.000,1.99,0,0,0,0,22.16,2,0.0,,,
1268,1.5640,-0.1084,0.1383,3.008,good,0.000,3.78,0,0,0,0,31.75,3,0.0,,,
1273,1.5640,-0.1176,-0.0202,3.072,good,0.000,3.30,0,0,0,0,33.14,2,0.0,,,
1274,1.5640,-0.1182,0.1988,3.001,good,0.000,3.32,0,0,0,0,34.97,2,0.0,,,
1276,1.5680,-0.1199,-0.2247,2.668,good,0.000,2.72,0,0,0,0,50.19,2,0.0,,,
1277,1.5680,-0.1153,0.1003,3.169,good,0.069,1.65,0,0,0,0,35.68,2,0.0,,,
1275,1.5720,-0.1085,0.0846,3.149,good,0.003,3.38,0,0,0,0,39.07,3,0.0,,,
1281,1.5720,-0.1196,-0.0083,3.012,good,0.000,3.62,0,0,0,0,45.72,2,0.0,,,
1278,1.5760,-0.1162,-0.0414,3.005,good,0.008,2.58,0,0,0,0,43.97,3,0.0,,,
1279,1.5760,-0.1138,-0.2098,2.773,good,0.000,6.07,0,0,0,0,49.05,3,0.0,,,
1280,1.5760,-0.1080,0.0681,2.997,good,0.000,3.20,0,0,0,0,41.33,3,0.0,,,
1283,1.5760,-0.1183,0.1001,3.450,good,0.016,3.06,0,0,0,0,35.15,2,0.0,,,
1284,1.5760,-0.1180,0.0826,2.995,sour,1.000,10.86,1,1,1,0,44.64,2,3.2,42,1281,1281
1285,1.5760,-0.1167,0.1754,3.004,good,0.006,2.41,0,0,0,0,43.94,2,0.0,,,
1282,1.5800,-0.1082,-0.1071,3.356,good,0.001,3.11,0,0,0,0,24.91,3,0.0,,,
1288,1.5800,-0.1190,-0.0049,2.993,good,0.005,2.59,0,0,0,0,36.01,2,0.0,,,
1289,1.5800,-0.1199,0.0499,2.995,good,0.000,2.23,0,0,0,0,36.18,2,0.0,,,
1286,1.5840,-0.1291,-0.1094,2.395,good,0.001,4.13,0,0,0,0,61.42,2,0.0,,,
1287,1.5840,-0.1148,-0.1964,2.996,broken,0.977,3.16,1,1,1,0,41.40,3,2.4,6|7,1280,1280
1290,1.5840,-0.1191,0.0346,3.010,good,0.000,3.25,0,0,0,0,42.45,2,0.0,,,
1291,1.5840,-0.1198,-0.0349,2.991,good,0.000,2.75,0,0,0,0,43.12,2,0.0,,,
1292,1.5840,-0.1167,0.0151,3.000,good,0.008,2.26,0,0,0,0,41.83,2,0.0,,,
1297,1.5840,-0.1195,-0.1062,3.000,good,0.000,4.16,0,0,0,0,42.72,1,0.0,,,
1298,1.5840,-0.1161,-0.1400,3.000,good,0.000,2.88,0,0,0,0,41.61,1,0.0,,,
1294,1.5880,-0.1169,-0.0332,3.229,good,0.000,4.03,0,0,0,0,35.52,2,0.0,,,
1295,1.5880,-0.1155,-0.1415,2.985,good,0.000,2.60,0,0,0,0,40.45,2,0.0,,,
1296,1.5880,-0.1160,0.1397,3.002,good,0.000,3.16,0,0,0,0,40.17,2,0.0,,,
1293,1.5920,-0.1122,-0.0535,3.005,good,0.000,2.96,0,0,0,0,37.46,3,0.0,,,
1300,1.5920,-0.1174,0.1118,2.986,good,0.000,2.04,0,0,0,0,39.60,2,0.0,,,
1301,1.5920,-0.1160,0.1255,3.043,good,0.000,2.16,0,0,0,0,37.73,2,0.0,,,
1304,1.5920,-0.1003,-0.1024,3.000,good,0.001,4.11,0,0,0,0,33.52,1,0.0,,,
1299,1.5960,-0.1103,0.1833,2.998,good,0.000,1.80,0,0,0,0,35.86,3,0.0,,,
1302,1.6000,-0.1110,0.1790,2.998,insect,1.000,9.73,1,1,1,0,32.32,3,3.1,54|55,1283,1283
1303,1.6000,-0.1335,0.1689,3.000,good,0.000,2.22,0,0,0,0,31.71,1,0.0,,,
1308,1.6000,-0.1196,0.2213,2.928,good,0.492,3.48,0,0,0,0,36.86,2,0.0,,,
1309,1.6000,-0.1169,0.0844,3.423,good,0.002,2.60,0,0,0,0,25.17,2,0.0,,,
1310,1.6000,-0.1252,0.1664,3.000,good,0.000,2.37,0,0,0,0,32.86,1,0.0,,,
1315,1.6000,-0.1170,0.1640,3.000,good,0.000,2.27,0,0,0,0,34.11,1,0.0,,,
1305,1.6040,-0.1098,0.1956,3.002,good,0.000,2.13,0,0,0,0,32.68,3,0.0,,,
1306,1.6040,-0.1112,0.0368,2.958,good,0.000,2.38,0,0,0,0,34.15,3,0.0,,,
1307,1.6040,-0.1086,0.1729,2.883,good,0.002,2.48,0,0,0,0,35.03,3,0.0,,,
1313,1.6040,-0.1179,-0.0968,2.993,good,0.008,3.38,0,0,0,0,35.44,2,0.0,,,
1314,1.6040,-0.1149,-0.0368,3.298,good,0.000,1.99,0,0,0,0,27.75,2,0.0,,,
1322,1.6040,-0.1088,0.1616,3.000,good,0.000,2.31,0,0,0,0,32.17,1,0.0,,,
1311,1.6080,-0.1136,0.1726,3.022,good,0.012,2.91,0,0,0,0,32.30,3,0.0,,,
1312,1.6080,-0.1136,0.1190,3.012,good,0.000,2.93,0,0,0,0,32.46,3,0.0,,,
1320,1.6080,-0.1180,-0.1876,2.998,good,0.037,3.35,0,0,0,0,34.23,2,0.0,,,
1321,1.6080,-0.1164,-0.0174,3.020,good,0.000,2.77,0,0,0,0,33.14,2,0.0,,,
1316,1.6120,-0.1153,0.1251,2.835,good,0.001,4.21,0,0,0,0,44.44,3,0.0,,,
1317,1.6120,-0.1145,-0.1162,2.981,sour,1.000,17.78,1,1,1,0,40.42,3,3.2,17|16,1303,1303
1318,1.6120,-0.1126,0.1625,2.999,good,0.000,3.54,0,0,0,0,39.30,3,0.0,,,
1319,1.6120,-0.1127,-0.0195,3.001,good,0.000,4.25,0,0,0,0,39.23,3,0.0,,,
1325,1.6120,-0.1167,-0.0788,3.023,good,0.004,2.48,0,0,0,0,39.99,2,0.0,,,
1326,1.6120,-0.1154,0.2416,3.012,black,1.000,58.11,1,1,1,0,39.78,2,3.2,62|63,1326,
1323,1.6160,-0.1155,0.1839,2.860,good,0.024,2.66,0,0,0,0,32.55,3,0.0,,,
1324,1.6160,-0.1119,-0.1140,2.990,good,0.000,2.81,0,0,0,0,27.99,3,0.0,,,
1329,1.6160,-0.1178,0.0736,2.999,good,0.000,1.99,0,0,0,0,29.73,2,0.0,,,
1330,1.6160,-0.1163,-0.2155,3.010,good,0.000,1.87,0,0,0,0,28.91,2,0.0,,,
1333,1.6160,-0.1033,0.2449,3.000,black,1.000,58.05,1,1,1,0,24.82,1,3.2,63,1326,
1327,1.6200,-0.1118,-0.0778,3.002,good,0.000,3.62,0,0,0,0,33.38,3,0.0,,,
1328,1.6200,-0.1101,-0.0554,3.054,black,1.000,49.35,1,1,1,0,31.57,3,3.2,24|25,1304,1304
1331,1.6240,-0.1163,-0.1885,2.721,good,0.000,2.89,0,0,0,0,39.88,3,0.0,,,
1332,1.6240,-0.1085,0.0785,3.002,faded,1.000,4.86,1,1,1,0,29.79,3,3.2,42|41,1309,1309
1334,1.6280,-0.1092,-0.0509,2.982,good,0.000,2.12,0,0,0,0,40.27,3,0.0,,,
1338,1.6280,-0.1162,-0.0950,3.007,black,1.000,50.39,1,1,1,0,41.92,2,3.2,19|20,1339,
1335,1.6320,-0.1156,0.0478,2.990,good,0.000,3.19,0,0,0,0,34.04,3,0.0,,,
1336,1.6320,-0.1096,0.1491,2.996,good,0.000,1.90,0,0,0,0,31.85,3,0.0,,,
1337,1.6320,-0.1087,0.0768,2.994,good,0.000,2.30,0,0,0,0,31.56,3,0.0,,,
1343,1.6320,-0.1199,0.1607,2.999,good,0.000,2.54,0,0,0,0,35.12,2,0.0,,,
1344,1.6320,-0.1170,-0.0033,3.001,good,0.000,2.54,0,0,0,0,34.08,2,0.0,,,
1345,1.6320,-0.1166,0.0976,3.004,good,0.000,1.74,0,0,0,0,33.85,2,0.0,,,
1339,1.6360,-0.1138,0.0813,2.994,good,0.000,3.89,0,0,0,0,29.85,3,0.0,,,
1340,1.6360,-0.1121,0.1986,2.996,good,0.000,2.61,0,0,0,0,29.20,3,0.0,,,
1341,1.6360,-0.1105,-0.1619,2.980,good,0.001,2.84,0,0,0,0,29.00,3,0.0,,,
1342,1.6360,-0.1111,-0.0398,3.000,good,0.003,2.77,0,0,0,0,28.70,3,0.0,,,
1353,1.6360,-0.1178,-0.0200,3.002,sour,1.000,16.93,1,1,1,0,30.84,2,3.2,29,1343,
1354,1.6360,-0.1162,-0.2008,2.986,good,0.003,2.75,0,0,0,0,30.65,2,0.0,,,
1346,1.6400,-0.1150,-0.2275,3.050,good,0.026,3.57,0,0,0,0,34.12,3,0.0,,,
1347,1.6400,-0.1140,0.1434,3.003,good,0.021,4.49,0,0,0,0,34.85,3,0.0,,,
1348,1.6400,-0.1131,-0.1945,2.760,good,0.081,2.61,0,0,0,0,40.74,3,0.0,,,
1349,1.6400,-0.1122,0.1314,2.925,good,0.001,3.26,0,0,0,0,36.06,3,0.0,,,
1350,1.6400,-0.1095,-0.2192,3.002,good,0.005,2.31,0,0,0,0,33.26,3,0.0,,,
1351,1.6400,-0.1094,0.1053,3.006,good,0.000,2.09,0,0,0,0,33.10,3,0.0,,,
1352,1.6400,-0.1088,0.0477,3.024,good,0.000,2.68,0,0,0,0,32.44,3,0.0,,,
1355,1.6440,-0.1161,-0.0339,2.987,good,0.319,3.32,0,0,0,0,42.61,3,0.0,,,
1356,1.6440,-0.1137,-0.1118,2.996,good,0.000,2.47,0,0,0,0,41.55,3,0.0,,,
1357,1.6440,-0.1098,0.0269,2.993,good,0.002,5.57,0,0,0,0,40.27,3,0.0,,,
1358,1.6440,-0.1197,0.1167,3.085,good,0.002,2.79,0,0,0,0,41.35,2,0.0,,,
1361,1.6480,-0.1193,0.0664,2.989,good,0.022,3.16,0,0,0,0,44.96,2,0.0,,,
1359,1.6520,-0.1151,0.0254,3.002,good,0.000,4.22,0,0,0,0,39.20,3,0.0,,,
1360,1.6520,-0.1106,-0.1782,3.028,good,0.000,2.40,0,0,0,0,37.04,3,0.0,,,
1362,1.6560,-0.1118,-0.0775,3.004,good,0.003,4.64,0,0,0,0,34.60,3,0.0,,,
1363,1.6560,-0.1186,0.1662,3.074,good,0.001,3.37,0,0,0,0,35.16,2,0.0,,,
1364,1.6640,-0.1145,0.1104,2.832,good,0.014,2.06,0,0,0,0,40.83,3,0.0,,,
1365,1.6640,-0.1119,0.0356,3.156,good,0.000,3.34,0,0,0,0,32.16,3,0.0,,,
1366,1.6640,-0.1116,-0.0182,2.998,good,0.000,4.07,0,0,0,0,35.59,3,0.0,,,
1367,1.6640,-0.1103,0.0885,3.164,good,0.000,2.05,0,0,0,0,31.42,3,0.0,,,
1372,1.6640,-0.1180,-0.1980,3.080,faded,0.999,4.39,1,1,1,0,35.70,2,3.2,6,1345,1345
1368,1.6680,-0.1135,-0.1072,2.985,good,0.001,2.12,0,0,0,0,33.28,3,0.0,,,
1369,1.6680,-0.1119,0.0037,3.015,good,0.000,2.96,0,0,0,0,31.98,3,0.0,,,
1370,1.6680,-0.1114,0.2395,2.819,good,0.013,5.27,0,0,0,0,36.65,3,0.0,,,
1371,1.6680,-0.1209,-0.0716,3.034,good,0.019,2.80,0,0,0,0,30.42,2,0.0,,,
1379,1.6680,-0.1088,-0.0755,3.000,good,0.001,2.70,0,0,0,0,31.19,1,0.0,,,
1373,1.6720,-0.1122,-0.1251,3.296,good,0.001,3.32,0,0,0,0,28.89,3,0.0,,,
1374,1.6720,-0.1143,0.0470,2.784,good,0.063,3.16,0,0,0,0,41.42,3,0.0,,,
1375,1.6720,-0.1110,0.2268,3.190,good,0.000,2.75,0,0,0,0,30.55,3,0.0,,,
1376,1.6720,-0.1078,0.1259,3.326,good,0.000,3.26,0,0,0,0,26.86,3,0.0,,,
1377,1.6720,-0.1096,-0.2287,3.059,good,0.154,2.84,0,0,0,0,32.87,3,0.0,,,
1378,1.6760,-0.1119,-0.0719,3.001,good,0.002,1.54,0,0,0,0,33.80,3,0.0,,,
1386,1.6760,-0.1195,0.0542,3.002,good,0.000,2.27,0,0,0,0,36.18,2,0.0,,,
1387,1.6760,-0.1128,-0.1978,3.450,good,0.001,3.81,0,0,0,0,24.73,2,0.0,,,
1380,1.6800,-0.1119,0.0976,3.333,good,0.001,3.07,0,0,0,0,25.86,3,0.0,,,
1381,1.6800,-0.1132,0.2246,3.005,good,0.001,2.04,0,0,0,0,33.16,3,0.0,,,
1382,1.6800,-0.1149,-0.0949,2.776,good,0.000,2.21,0,0,0,0,39.59,3,0.0,,,
1383,1.6800,-0.1130,0.1855,2.873,insect,1.000,4.74,1,1,1,0,36.30,3,3.1,55,1372,
1384,1.6800,-0.1103,0.1733,2.997,good,0.002,2.22,0,0,0,0,32.26,3,0.0,,,
1385,1.6800,-0.1096,-0.0531,3.004,good,0.000,3.49,0,0,0,0,31.83,3,0.0,,,
1388,1.6840,-0.1095,-0.2154,3.219,good,0.000,2.93,0,0,0,0,24.85,3,0.0,,,
1389,1.6840,-0.1085,-0.2074,3.015,black,1.000,52.38,1,1,1,0,28.87,3,3.2,5,1362,
1392,1.6840,-0.1213,0.0741,3.000,black,1.000,50.28,1,1,1,0,29.42,1,3.2,41,,
1398,1.6840,-0.1022,0.0812,3.000,black,1.000,50.79,1,1,1,0,27.06,1,3.2,42,1375,
1390,1.6880,-0.1253,-0.0228,2.649,faded,0.993,4.33,1,1,1,0,43.62,2,3.2,29|28,,
1391,1.6880,-0.1081,0.0020,2.981,sour,0.629,10.70,1,1,1,0,32.26,3,3.2,32,1380|1393,1380|1393
1396,1.6880,-0.1199,0.0264,3.412,black,1.000,63.83,1,1,1,0,26.87,2,3.2,35,1398,
1397,1.6880,-0.1195,0.1446,2.996,good,0.001,1.68,0,0,0,0,35.60,2,0.0,,,
1405,1.6880,-0.1148,-0.0263,3.000,faded,0.999,4.17,1,1,1,0,33.94,1,3.2,28,1382,
1393,1.6920,-0.1140,0.2148,3.062,good,0.000,2.00,0,0,0,0,31.99,3,0.0,,,
1394,1.6920,-0.1127,-0.1235,3.026,good,0.000,3.96,0,0,0,0,32.29,3,0.0,,,
1395,1.6920,-0.1100,0.0114,3.077,good,0.165,3.39,0,0,0,0,30.20,3,0.0,,,
1402,1.6920,-0.1193,-0.1517,3.229,good,0.000,1.96,0,0,0,0,29.85,2,0.0,,,
1403,1.6920,-0.1184,-0.1792,3.021,good,0.000,2.55,0,0,0,0,34.19,2,0.0,,,
1404,1.6920,-0.1189,0.2233,2.850,good,0.002,4.79,0,0,0,0,38.68,2,0.0,,,
1399,1.6960,-0.1139,0.1979,2.987,good,0.000,1.95,0,0,0,0,31.54,3,0.0,,,
1400,1.6960,-0.1154,0.1480,2.749,good,0.001,1.69,0,0,0,0,38.26,3,0.0,,,
1401,1.6960,-0.1118,-0.2152,3.000,good,0.001,3.21,0,0,0,0,30.47,3,0.0,,,
1413,1.6960,-0.1005,-0.1201,3.000,good,0.000,3.99,0,0,0,0,26.69,1,0.0,,,
1406,1.7000,-0.1135,0.1721,3.243,faded,1.000,6.04,1,1,1,0,34.45,3,3.2,54|53,1419,
1407,1.7000,-0.1259,-0.0565,2.999,good,0.000,3.25,0,0,0,0,39.85,2,0.0,,,
1410,1.7000,-0.1182,0.1115,3.027,good,0.000,2.93,0,0,0,0,40.58,2,0.0,,,
1411,1.7000,-0.1185,-0.2359,3.012,good,0.003,2.75,0,0,0,0,40.98,2,0.0,,,
1412,1.7000,-0.1170,0.0855,3.078,good,0.000,2.07,0,0,0,0,38.90,2,0.0,,,
1417,1.7000,-0.1139,-0.0600,3.000,good,0.001,3.24,0,0,0,0,39.69,1,0.0,,,
1408,1.7040,-0.1144,0.0983,2.962,good,0.002,2.71,0,0,0,0,41.91,3,0.0,,,
1409,1.7040,-0.1213,0.1945,3.353,good,0.002,5.06,0,0,0,0,31.50,2,0.0,,,
1416,1.7040,-0.1162,0.0636,3.060,good,0.000,2.46,0,0,0,0,40.10,2,0.0,,,
1422,1.7040,-0.1079,0.1974,3.000,good,0.000,4.03,0,0,0,0,38.74,1,0.0,,,
1414,1.7080,-0.1156,0.0327,2.958,good,0.000,7.70,0,0,0,0,38.81,3,0.0,,,
1415,1.7080,-0.1373,-0.2076,3.000,good,0.009,3.28,0,0,0,0,36.99,1,0.0,,,
1421,1.7080,-0.1279,-0.2048,3.000,good,0.014,3.42,0,0,0,0,37.87,1,0.0,,,
1425,1.7080,-0.1186,-0.2020,3.000,good,0.026,3.34,0,0,0,0,38.74,1,0.0,,,
1418,1.7120,-0.1143,-0.1810,2.920,good,0.048,9.13,0,0,0,0,39.36,3,0.0,,,
1419,1.7120,-0.1093,0.1412,3.031,faded,0.803,5.72,1,1,1,0,34.97,3,3.2,50|49,1399|1408,
1420,1.7120,-0.1091,-0.1300,3.086,good,0.001,1.81,0,0,0,0,33.60,3,0.0,,,
1431,1.7120,-0.1092,-0.1991,3.000,good,0.006,3.45,0,0,0,0,35.58,1,0.0,,,
1423,1.7160,-0.1138,-0.1013,3.006,good,0.001,2.48,0,0,0,0,33.56,3,0.0,,,
1424,1.7160,-0.1099,0.0507,3.010,good,0.000,4.72,0,0,0,0,32.12,3,0.0,,,
1429,1.7160,-0.1177,-0.0328,3.024,good,0.000,2.41,0,0,0,0,34.33,2,0.0,,,
1430,1.7160,-0.1178,0.0906,3.021,good,0.000,3.96,0,0,0,0,34.40,2,0.0,,,
1435,1.7160,-0.1025,-0.1886,3.000,good,0.001,7.46,0,0,0,0,29.79,1,0.0,,,
1426,1.7200,-0.1097,0.1025,2.970,good,0.008,2.83,0,0,0,0,32.99,3,0.0,,,
1427,1.7200,-0.1085,-0.0145,2.983,good,0.000,3.05,0,0,0,0,32.19,3,0.0,,,
1428,1.7200,-0.1082,-0.1631,2.999,good,0.000,2.82,0,0,0,0,31.69,3,0.0,,,
1434,1.7200,-0.1179,-0.1170,2.916,good,0.001,2.72,0,0,0,0,36.95,2,0.0,,,
1432,1.7240,-0.1096,-0.0252,3.278,good,0.000,4.23,0,0,0,0,32.98,3,0.0,,,
1433,1.7240,-0.1122,0.0678,2.953,good,0.000,2.71,0,0,0,0,40.85,3,0.0,,,
1438,1.7240,-0.1177,-0.0681,3.145,good,0.001,3.28,0,0,0,0,38.15,2,0.0,,,
1439,1.7240,-0.1155,0.1317,3.080,good,0.003,7.10,0,0,0,0,38.88,2,0.0,,,
1436,1.7280,-0.1129,-0.0289,3.328,black,1.000,48.71,1,1,1,0,31.88,3,3.2,28,1411,
1437,1.7280,-0.1128,0.0096,3.005,good,0.000,2.27,0,0,0,0,38.66,3,0.0,,,
1440,1.7320,-0.1121,-0.2075,2.996,good,0.000,1.43,0,0,0,0,40.98,3,0.0,,,
1443,1.7320,-0.1191,0.0010,3.042,good,0.000,2.09,0,0,0,0,42.14,2,0.0,,,
1441,1.7360,-0.1150,0.0954,3.001,good,0.000,2.40,0,0,0,0,36.69,3,0.0,,,
1442,1.7360,-0.1101,0.2253,2.989,good,0.061,3.46,0,0,0,0,35.27,3,0.0,,,
1448,1.7360,-0.1180,0.2021,3.012,good,0.021,2.76,0,0,0,0,37.34,2,0.0,,,
1444,1.7400,-0.1163,-0.0668,3.004,good,0.000,1.69,0,0,0,0,44.42,3,0.0,,,
1445,1.7400,-0.1125,0.0255,2.843,good,0.001,2.89,0,0,0,0,47.09,3,0.0,,,
1446,1.7400,-0.1094,0.0812,2.905,broken,0.882,2.87,1,1,1,0,44.43,3,2.4,42,1428,
1447,1.7400,-0.1116,-0.0360,2.535,good,0.036,3.04,0,0,0,0,55.73,3,0.0,,,
1451,1.7400,-0.1198,0.1405,2.992,good,0.000,2.75,0,0,0,0,45.69,2,0.0,,,
1452,1.7400,-0.1178,-0.1216,2.974,good,0.000,4.90,0,0,0,0,45.45,2,0.0,,,
1449,1.7440,-0.1151,0.1833,3.011,good,0.000,2.48,0,0,0,0,40.38,3,0.0,,,
1450,1.7440,-0.1118,-0.0035,2.977,good,0.001,2.52,0,0,0,0,40.05,3,0.0,,,
1455,1.7440,-0.1196,-0.1604,3.000,good,0.000,1.93,0,0,0,0,42.07,2,0.0,,,
1456,1.7440,-0.1183,-0.1735,3.159,good,0.000,3.41,0,0,0,0,37.94,2,0.0,,,
1457,1.7440,-0.1171,0.1582,2.994,good,0.000,4.27,0,0,0,0,41.29,2,0.0,,,
1458,1.7440,-0.1161,0.1692,3.147,husk,1.000,30.40,1,1,1,0,37.42,2,2.4,53,1455,
1453,1.7480,-0.1133,-0.1791,3.002,good,0.000,2.56,0,0,0,0,37.18,3,0.0,,,
1454,1.7480,-0.1142,0.2004,2.999,good,0.002,4.20,0,0,0,0,37.51,3,0.0,,,
1459,1.7520,-0.1102,-0.0022,3.006,good,0.000,3.84,0,0,0,0,31.56,3,0.0,,,
1466,1.7520,-0.1174,-0.0494,2.922,good,0.000,1.99,0,0,0,0,35.97,2,0.0,,,
1460,1.7560,-0.1144,0.0822,2.986,good,0.000,3.02,0,0,0,0,37.66,3,0.0,,,
1461,1.7560,-0.1190,-0.2143,2.491,good,0.000,3.81,0,0,0,0,53.76,3,0.0,,,
1462,1.7560,-0.1133,0.0987,3.030,good,0.057,4.67,0,0,0,0,36.17,3,0.0,,,
1463,1.7560,-0.1119,0.1584,2.991,good,0.000,2.73,0,0,0,0,36.56,3,0.0,,,
1464,1.7560,-0.1122,0.2087,2.954,good,0.001,2.34,0,0,0,0,37.49,3,0.0,,,
1465,1.7560,-0.1121,0.0119,3.015,good,0.004,4.83,0,0,0,0,35.99,3,0.0,,,
1468,1.7560,-0.1196,0.1738,3.450,good,0.001,2.85,0,0,0,0,29.24,2,0.0,,,
1471,1.7560,-0.1177,-0.1389,2.967,good,0.000,2.23,0,0,0,0,38.94,2,0.0,,,
1467,1.7600,-0.1110,-0.0092,3.033,good,0.001,3.24,0,0,0,0,38.78,3,0.0,,,
1469,1.7600,-0.1095,-0.0846,2.919,good,0.001,3.05,0,0,0,0,40.88,3,0.0,,,
1470,1.7600,-0.1320,-0.0520,3.000,good,0.001,2.53,0,0,0,0,38.42,1,0.0,,,
1473,1.7600,-0.1199,-0.0030,2.984,good,0.000,2.57,0,0,0,0,42.73,2,0.0,,,
1474,1.7600,-0.1173,0.0661,2.875,good,0.280,14.30,0,0,0,0,44.56,2,0.0,,,
1475,1.7600,-0.1204,-0.0550,3.000,good,0.001,3.04,0,0,0,0,38.46,1,0.0,,,
1478,1.7600,-0.1088,-0.2175,3.000,good,0.000,3.85,0,0,0,0,38.58,1,0.0,,,
1479,1.7600,-0.1087,-0.0581,3.000,good,0.000,2.53,0,0,0,0,38.56,1,0.0,,,
1472,1.7640,-0.1136,0.0899,2.998,good,0.003,3.04,0,0,0,0,31.14,3,0.0,,,
1477,1.7640,-0.1165,-0.1709,3.055,good,0.001,3.33,0,0,0,0,30.70,2,0.0,,,
1476,1.7680,-0.1094,-0.1586,3.001,good,0.000,2.02,0,0,0,0,31.03,3,0.0,,,
1481,1.7680,-0.1181,-0.1128,2.940,black,1.000,50.09,1,1,1,0,35.41,2,3.2,17,1460,1460
1482,1.7680,-0.1191,-0.0287,2.762,faded,0.980,4.31,1,1,1,0,40.45,2,3.2,28,1461,
1483,1.7680,-0.1161,0.1133,3.157,good,0.000,2.26,0,0,0,0,29.49,2,0.0,,,
1480,1.7720,-0.1111,-0.0095,2.997,good,0.000,2.03,0,0,0,0,32.69,3,0.0,,,
1484,1.7760,-0.1147,-0.1503,2.988,good,0.047,2.51,0,0,0,0,36.98,3,0.0,,,
1485,1.7760,-0.1097,-0.0506,3.450,good,0.001,2.94,0,0,0,0,25.84,3,0.0,,,
1486,1.7760,-0.1085,-0.2273,3.059,good,0.004,2.36,0,0,0,0,33.16,3,0.0,,,
1487,1.7760,-0.1092,-0.2118,2.775,good,0.001,3.39,0,0,0,0,40.34,3,0.0,,,
1488,1.7760,-0.1094,0.0641,2.682,good,0.000,2.23,0,0,0,0,42.99,3,0.0,,,
1489,1.7800,-0.1127,-0.0432,3.003,good,0.000,2.85,0,0,0,0,34.26,3,0.0,,,
1490,1.7800,-0.1115,0.0176,3.000,sour,1.000,15.91,1,1,1,0,33.91,3,3.2,34,1486,1486
1491,1.7800,-0.1086,-0.1285,3.001,black,1.000,49.05,1,1,1,0,32.84,3,3.2,15,1474,1474
1492,1.7800,-0.1182,0.1120,2.997,good,0.052,3.03,0,0,0,0,36.08,2,0.0,,,
1494,1.7840,-0.1158,-0.0275,3.116,good,0.001,1.88,0,0,0,0,27.72,2,0.0,,,
1500,1.7840,-0.1062,0.1156,3.000,good,0.025,3.67,0,0,0,0,27.18,1,0.0,,,
1493,1.7880,-0.1114,-0.1929,3.012,good,0.001,2.59,0,0,0,0,34.83,3,0.0,,,
1498,1.7880,-0.1177,-0.0807,2.954,insect,1.000,3.39,1,1,1,0,38.24,2,3.1,21,1493,1493
1499,1.7880,-0.1171,-0.1338,3.074,good,0.000,2.90,0,0,0,0,35.13,2,0.0,,,
1495,1.7920,-0.1124,-0.1749,3.006,good,0.013,2.22,0,0,0,0,40.82,3,0.0,,,
1496,1.7920,-0.1066,0.0577,3.450,good,0.001,2.35,0,0,0,0,29.97,3,0.0,,,
1497,1.7920,-0.1078,0.0175,3.126,good,0.019,3.13,0,0,0,0,36.50,3,0.0,,,
1503,1.7920,-0.1290,0.1198,3.000,good,0.000,6.98,0,0,0,0,42.39,1,0.0,,,
1508,1.7920,-0.1171,0.1149,3.000,good,0.000,5.05,0,0,0,0,42.37,1,0.0,,,
1501,1.7960,-0.1117,0.0314,3.152,good,0.049,3.92,0,0,0,0,39.17,3,0.0,,,
1502,1.7960,-0.1125,0.1058,2.999,good,0.000,2.48,0,0,0,0,42.81,3,0.0,,,
1505,1.7960,-0.1195,-0.1401,2.985,good,0.003,2.74,0,0,0,0,45.43,2,0.0,,,
1507,1.7960,-0.1177,0.1382,3.009,good,0.000,1.72,0,0,0,0,44.21,2,0.0,,,
1513,1.7960,-0.1050,0.1100,3.000,good,0.000,3.65,0,0,0,0,40.20,1,0.0,,,
1504,1.8000,-0.1088,0.1750,3.108,good,0.000,2.24,0,0,0,0,28.88,3,0.0,,,
1506,1.8000,-0.1091,-0.1126,2.743,good,0.000,2.92,0,0,0,0,37.89,3,0.0,,,
1509,1.8040,-0.1124,0.1002,2.998,good,0.000,2.07,0,0,0,0,32.93,3,0.0,,,
1510,1.8040,-0.1140,-0.1839,2.797,good,0.014,2.94,0,0,0,0,38.56,3,0.0,,,
1511,1.8040,-0.1117,0.0574,3.004,good,0.401,4.52,0,0,0,0,32.46,3,0.0,,,
1512,1.8040,-0.1086,0.1327,3.004,good,0.000,2.03,0,0,0,0,31.39,3,0.0,,,
1517,1.8040,-0.1189,0.0189,3.014,broken,0.985,1.96,1,1,1,0,34.53,2,2.4,34,1504,1504
1518,1.8040,-0.1176,0.0759,2.975,good,0.000,1.80,0,0,0,0,34.99,2,0.0,,,
1519,1.8040,-0.1176,0.1682,2.999,good,0.000,4.35,0,0,0,0,34.36,2,0.0,,,
1520,1.8040,-0.1161,-0.0766,3.002,good,0.003,1.79,0,0,0,0,33.78,2,0.0,,,
1521,1.8040,-0.1154,-0.1377,3.184,insect,1.000,3.82,1,1,1,0,29.42,2,3.1,14,1522,
1514,1.8080,-0.1132,-0.0333,3.004,good,0.000,2.14,0,0,0,0,27.67,3,0.0,,,
1515,1.8080,-0.1127,-0.0570,3.008,faded,0.986,3.72,1,1,1,0,27.34,3,3.2,24,1503,
1516,1.8080,-0.1112,-0.2340,2.998,good,0.000,2.13,0,0,0,0,27.01,3,0.0,,,
1523,1.8080,-0.1264,0.0754,3.000,good,0.048,4.04,0,0,0,0,28.04,1,0.0,,,
1522,1.8120,-0.1098,-0.1053,2.999,good,0.001,2.20,0,0,0,0,32.26,3,0.0,,,
1526,1.8120,-0.1199,-0.1162,3.007,good,0.045,4.61,0,0,0,0,35.38,2,0.0,,,
1524,1.8160,-0.1115,-0.2080,3.002,good,0.001,2.70,0,0,0,0,31.74,3,0.0,,,
1525,1.8160,-0.1080,0.2310,3.045,good,0.031,3.31,0,0,0,0,29.54,3,0.0,,,
1530,1.8160,-0.1174,0.1216,3.043,good,0.001,2.18,0,0,0,0,32.62,2,0.0,,,
1531,1.8160,-0.1174,0.1855,3.004,good,0.000,1.94,0,0,0,0,33.50,2,0.0,,,
1532,1.8160,-0.1156,0.0303,2.998,faded,0.972,3.60,1,1,1,0,33.03,2,3.2,35|36,1508,1508
1533,1.8160,-0.1160,0.1447,2.980,good,0.003,3.25,0,0,0,0,33.52,2,0.0,,,
1527,1.8200,-0.1144,-0.1638,2.998,good,0.011,5.57,0,0,0,0,31.51,3,0.0,,,
1528,1.8200,-0.1156,-0.1004,2.921,good,0.048,2.53,0,0,0,0,33.76,3,0.0,,,
1529,1.8200,-0.1168,0.0360,2.673,good,0.286,4.90,0,0,0,0,41.03,3,0.0,,,
1535,1.8200,-0.1181,-0.0819,2.989,good,0.000,2.82,0,0,0,0,32.83,2,0.0,,,
1536,1.8200,-0.1159,-0.2404,3.003,sour,1.000,17.90,1,1,1,0,31.72,2,3.2,1,1515,1515
1534,1.8240,-0.1087,-0.0610,3.005,good,0.000,3.18,0,0,0,0,30.75,3,0.0,,,
1537,1.8240,-0.1193,0.1060,3.021,good,0.003,2.87,0,0,0,0,33.81,2,0.0,,,
1538,1.8240,-0.1147,-0.0682,2.993,good,0.000,4.24,0,0,0,0,32.92,2,0.0,,,
1539,1.8240,-0.1093,0.1619,3.450,good,0.144,18.88,1,1,1,0,21.83,2,9.0,52|53|51,1602,
1540,1.8320,-0.1131,-0.0362,2.748,good,0.000,2.14,0,0,0,0,39.41,3,0.0,,,
1541,1.8320,-0.1095,-0.1913,3.083,insect,1.000,3.22,1,1,1,0,29.71,3,3.1,7,1527,1527
1542,1.8320,-0.1343,0.2288,3.000,good,0.000,4.54,0,0,0,0,31.85,1,0.0,,,
1544,1.8320,-0.1144,0.0790,3.199,good,0.001,3.16,0,0,0,0,28.72,2,0.0,,,
1545,1.8320,-0.1263,0.2264,3.000,good,0.000,5.10,0,0,0,0,33.11,1,0.0,,,
1553,1.8320,-0.1183,0.2239,3.000,good,0.001,5.06,0,0,0,0,34.42,1,0.0,,,
1543,1.8360,-0.1101,0.0127,3.006,good,0.029,3.25,0,0,0,0,29.93,3,0.0,,,
1550,1.8360,-0.1194,0.1844,2.980,broken,0.634,4.90,1,1,1,0,33.60,2,2.4,55,1547,1547
1551,1.8360,-0.1190,-0.0128,3.039,good,0.001,2.63,0,0,0,0,31.99,2,0.0,,,
1552,1.8360,-0.1180,0.2027,3.141,good,0.003,3.40,0,0,0,0,29.29,2,0.0,,,
1556,1.8360,-0.1198,0.1068,3.000,good,0.001,2.66,0,0,0,0,33.15,1,0.0,,,
1557,1.8360,-0.1102,0.2214,3.000,insect,0.612,3.84,1,1,1,0,29.92,1,3.2,60,1514,
1546,1.8400,-0.1167,-0.0038,2.956,good,0.003,4.54,0,0,0,0,36.32,3,0.0,,,
1547,1.8400,-0.1122,0.1753,2.974,good,0.000,1.81,0,0,0,0,34.31,3,0.0,,,
1548,1.8400,-0.1094,-0.1829,2.954,good,0.026,5.05,0,0,0,0,33.80,3,0.0,,,
1549,1.8400,-0.1329,0.1024,3.000,good,0.001,2.77,0,0,0,0,32.55,1,0.0,,,
1555,1.8400,-0.1184,0.1578,2.821,good,0.001,5.64,0,0,0,0,40.30,2,0.0,,,
1564,1.8400,-0.1068,0.1113,3.000,good,0.002,2.59,0,0,0,0,31.80,1,0.0,,,
1565,1.8400,-0.1022,0.2189,3.000,good,0.002,3.87,0,0,0,0,30.27,1,0.0,,,
1554,1.8440,-0.1095,-0.0426,3.115,good,0.000,3.36,0,0,0,0,28.94,3,0.0,,,
1563,1.8440,-0.1151,0.1148,2.908,good,0.127,6.27,0,0,0,0,35.59,2,0.0,,,
1558,1.8480,-0.1398,-0.0537,3.000,good,0.033,4.21,0,0,0,0,37.90,1,0.0,,,
1559,1.8480,-0.1073,0.1943,3.404,good,0.034,3.14,0,0,0,0,26.75,3,0.0,,,
1560,1.8480,-0.1101,-0.1720,2.996,good,0.001,2.75,0,0,0,0,35.88,3,0.0,,,
1561,1.8480,-0.1094,0.1500,3.011,good,0.005,5.32,0,0,0,0,35.27,3,0.0,,,
1562,1.8480,-0.1109,-0.1212,2.573,good,0.034,2.90,0,0,0,0,47.68,3,0.0,,,
1568,1.8480,-0.1303,-0.0564,3.000,good,0.034,4.26,0,0,0,0,38.46,1,0.0,,,
1569,1.8480,-0.1137,0.1769,3.324,broken,0.994,4.11,1,1,1,0,29.94,2,2.4,54,1561,
1566,1.8520,-0.1130,0.1508,3.000,good,0.004,3.34,0,0,0,0,19.79,3,0.0,,,
1567,1.8520,-0.1069,0.1238,3.342,black,1.000,50.89,1,1,1,0,10.62,3,3.2,47|48,1535,
1571,1.8520,-0.1185,0.0909,3.001,good,0.000,2.37,0,0,0,0,21.46,2,0.0,,,
1572,1.8520,-0.1177,-0.1142,3.001,good,0.000,2.82,0,0,0,0,21.13,2,0.0,,,
1573,1.8520,-0.1142,-0.0660,3.336,good,0.001,5.76,0,0,0,0,12.76,2,0.0,,,
1574,1.8520,-0.1149,-0.0448,3.399,good,0.001,1.80,0,0,0,0,11.71,2,0.0,,,
1575,1.8520,-0.1209,-0.0592,3.000,good,0.175,4.19,0,0,0,0,18.10,1,0.0,,,
1570,1.8560,-0.1115,-0.1676,2.999,sour,1.000,24.20,1,1,1,0,41.75,3,3.2,10,1570,1570
1580,1.8560,-0.1173,0.2391,3.001,good,0.004,3.83,0,0,0,0,43.54,2,0.0,,,
1576,1.8600,-0.1106,-0.1702,2.991,good,0.000,2.58,0,0,0,0,38.63,3,0.0,,,
1577,1.8600,-0.1203,0.0523,3.450,good,0.001,7.29,0,0,0,0,28.01,2,0.0,,,
1578,1.8600,-0.1081,0.0868,3.017,good,0.003,3.51,0,0,0,0,37.04,3,0.0,,,
1579,1.8600,-0.1084,-0.2309,2.959,good,0.001,2.03,0,0,0,0,38.47,3,0.0,,,
1582,1.8600,-0.1187,-0.0074,2.954,good,0.000,2.65,0,0,0,0,42.04,2,0.0,,,
1583,1.8600,-0.1164,0.0608,2.975,good,0.035,3.62,0,0,0,0,40.70,2,0.0,,,
1588,1.8600,-0.1062,0.0487,3.000,good,0.009,3.94,0,0,0,0,36.69,1,0.0,,,
1581,1.8640,-0.1228,-0.1610,2.806,faded,1.000,4.93,1,1,1,0,33.45,2,3.2,11,1581,
1586,1.8640,-0.1196,0.1868,3.014,good,0.002,3.00,0,0,0,0,30.82,2,0.0,,,
1587,1.8640,-0.1165,0.1596,3.005,good,0.000,2.67,0,0,0,0,29.96,2,0.0,,,
1591,1.8640,-0.1115,-0.1574,3.000,faded,1.000,4.93,1,1,1,0,28.43,1,3.2,11|12,1524,
1584,1.8680,-0.1169,-0.1651,2.622,good,0.000,4.86,0,0,0,0,46.14,3,0.0,,,
1585,1.8680,-0.1132,-0.0033,2.854,good,0.000,3.75,0,0,0,0,38.08,3,0.0,,,
1589,1.8720,-0.1136,0.1720,2.960,good,0.002,2.11,0,0,0,0,34.14,3,0.0,,,
1590,1.8720,-0.1141,0.2307,3.002,good,0.002,4.54,0,0,0,0,33.22,3,0.0,,,
1596,1.8720,-0.1159,0.1455,3.450,good,0.001,2.80,0,0,0,0,24.44,2,0.0,,,
1592,1.8760,-0.1137,-0.0232,3.040,good,0.000,3.61,0,0,0,0,37.16,3,0.0,,,
1593,1.8760,-0.1094,-0.2134,3.417,good,0.191,4.49,0,0,0,0,28.07,3,0.0,,,
1594,1.8760,-0.1125,-0.1221,2.999,good,0.000,2.44,0,0,0,0,37.58,3,0.0,,,
1595,1.8760,-0.1098,-0.1554,3.015,insect,1.000,5.79,1,1,1,0,36.27,3,3.1,12|11,1597,
1600,1.8760,-0.1189,-0.1976,2.909,good,0.000,3.03,0,0,0,0,41.85,2,0.0,,,
1601,1.8760,-0.1198,-0.0667,2.983,good,0.000,7.09,0,0,0,0,40.24,2,0.0,,,
1602,1.8760,-0.1168,0.0806,2.999,good,0.000,2.56,0,0,0,0,38.84,2,0.0,,,
1603,1.8760,-0.1150,-0.2372,2.987,good,0.000,2.40,0,0,0,0,38.47,2,0.0,,,
1597,1.8800,-0.1162,-0.0181,2.847,good,0.000,1.93,0,0,0,0,46.63,3,0.0,,,
1598,1.8800,-0.1146,0.0945,2.886,good,0.000,2.48,0,0,0,0,45.01,3,0.0,,,
1599,1.8800,-0.1134,-0.1898,2.820,good,0.000,1.56,0,0,0,0,46.26,3,0.0,,,
1607,1.8800,-0.1172,0.1071,3.450,good,0.002,5.05,0,0,0,0,33.52,2,0.0,,,
1608,1.8800,-0.1166,0.2407,3.450,shell,0.999,8.05,1,1,1,0,33.29,2,2.4,62|63,1634,
1609,1.8800,-0.1174,-0.0840,3.000,good,0.000,2.76,0,0,0,0,42.94,2,0.0,,,
1604,1.8840,-0.1162,0.1332,2.982,black,1.000,51.03,1,1,1,0,33.76,3,3.2,49|48,1580,1580
1605,1.8840,-0.1161,-0.1977,2.494,good,0.000,2.67,0,0,0,0,47.82,3,0.0,,,
1606,1.8840,-0.1088,0.0198,2.964,good,0.000,2.18,0,0,0,0,31.58,3,0.0,,,
1611,1.8840,-0.1162,0.2154,3.014,broken,0.928,5.82,1,1,1,0,32.81,2,2.4,59,1579,1579
1610,1.8880,-0.1121,0.1068,3.253,good,0.000,3.29,0,0,0,0,37.03,3,0.0,,,
1613,1.8880,-0.1193,-0.2009,2.986,good,0.000,1.95,0,0,0,0,45.22,2,0.0,,,
1614,1.8880,-0.1178,0.1901,3.155,good,0.000,2.58,0,0,0,0,40.78,2,0.0,,,
1616,1.8880,-0.1061,-0.1942,3.000,good,0.000,2.89,0,0,0,0,40.43,1,0.0,,,
1612,1.8920,-0.1111,-0.2134,2.973,insect,1.000,4.15,1,1,1,0,44.31,3,3.1,4,1586,1586
1615,1.8960,-0.1113,-0.0834,2.814,good,0.000,2.14,0,0,0,0,38.07,3,0.0,,,
1620,1.8960,-0.1193,0.1728,3.004,good,0.013,3.03,0,0,0,0,35.90,2,0.0,,,
1621,1.8960,-0.1132,0.1965,3.450,insect,1.000,6.76,1,1,1,0,24.67,2,3.1,57|56,1600,
1617,1.9000,-0.1153,-0.2214,3.023,good,0.009,2.38,0,0,0,0,39.06,3,0.0,,,
1618,1.9000,-0.1143,0.0873,3.027,good,0.000,8.16,0,0,0,0,38.56,3,0.0,,,
1619,1.9000,-0.1111,-0.1208,2.991,good,0.001,1.80,0,0,0,0,38.29,3,0.0,,,
1624,1.9000,-0.1186,-0.2059,2.974,good,0.002,4.02,0,0,0,0,41.16,2,0.0,,,
1622,1.9040,-0.1105,-0.0037,3.450,good,0.006,3.74,0,0,0,0,23.80,3,0.0,,,
1623,1.9040,-0.1119,0.0370,2.999,good,0.000,2.72,0,0,0,0,33.40,3,0.0,,,
1625,1.9080,-0.1163,-0.1093,2.969,good,0.001,1.81,0,0,0,0,41.58,3,0.0,,,
1626,1.9080,-0.1144,0.0148,3.001,insect,1.000,4.67,1,1,1,0,40.13,3,3.1,33|34,1610,1610
1627,1.9080,-0.1148,0.0717,2.898,good,0.005,3.16,0,0,0,0,42.76,3,0.0,,,
1628,1.9080,-0.1120,0.0596,2.918,good,0.186,3.82,0,0,0,0,41.22,3,0.0,,,
1629,1.9080,-0.1109,0.1037,2.845,sour,1.000,16.92,1,1,1,0,42.66,3,3.2,45,1592,
1632,1.9080,-0.1193,-0.0293,3.000,good,0.005,1.59,0,0,0,0,41.57,2,0.0,,,
1630,1.9120,-0.1138,-0.2116,2.994,good,0.000,4.19,0,0,0,0,32.94,3,0.0,,,
1631,1.9120,-0.1114,-0.1206,2.738,good,0.003,2.88,0,0,0,0,38.66,3,0.0,,,
1633,1.9160,-0.1142,0.0872,3.006,good,0.056,2.75,0,0,0,0,31.59,3,0.0,,,
1634,1.9160,-0.1173,0.2152,2.521,good,0.011,2.49,0,0,0,0,46.48,3,0.0,,,
1641,1.9160,-0.1192,0.1666,3.121,good,0.001,4.00,0,0,0,0,30.46,2,0.0,,,
1647,1.9160,-0.1174,-0.1076,3.000,stone,0.988,27.07,1,1,1,0,32.69,1,9.0,18|17|19,1644,
1635,1.9200,-0.1159,0.2149,2.973,good,0.320,3.76,0,0,0,0,31.07,3,0.0,,,
1636,1.9200,-0.1149,-0.1271,3.061,good,0.000,2.04,0,0,0,0,28.59,3,0.0,,,
1637,1.9200,-0.1137,-0.0581,2.999,good,0.000,2.45,0,0,0,0,29.59,3,0.0,,,
1638,1.9200,-0.1143,-0.0059,2.867,good,0.000,4.49,0,0,0,0,33.04,3,0.0,,,
1639,1.9200,-0.1147,0.0024,2.834,good,0.079,2.96,0,0,0,0,34.01,3,0.0,,,
1640,1.9200,-0.1327,-0.1030,3.000,stone,0.976,27.56,1,1,1,0,27.83,1,9.0,18|19|17,,
1652,1.9200,-0.1020,-0.1121,3.000,stone,0.991,27.16,1,1,1,0,25.55,1,9.0,17|18|16,1644,
1642,1.9240,-0.1149,0.1098,3.012,broken,0.970,2.80,1,1,1,0,32.47,3,2.4,46|45,1624,1624
1643,1.9240,-0.1139,0.1406,3.001,good,0.000,2.32,0,0,0,0,32.30,3,0.0,,,
1644,1.9240,-0.1140,-0.0029,2.991,good,0.001,2.22,0,0,0,0,32.54,3,0.0,,,
1645,1.9240,-0.1186,0.2206,2.506,good,0.001,2.60,0,0,0,0,48.16,3,0.0,,,
1646,1.9240,-0.1082,-0.0229,3.002,good,0.001,2.34,0,0,0,0,30.23,3,0.0,,,
1650,1.9240,-0.1181,0.0803,2.950,good,0.001,4.88,0,0,0,0,34.78,2,0.0,,,
1651,1.9240,-0.1155,0.1744,3.095,good,0.000,1.99,0,0,0,0,30.45,2,0.0,,,
1648,1.9280,-0.1109,-0.1351,2.994,good,0.000,6.31,0,0,0,0,30.97,3,0.0,,,
1649,1.9280,-0.1083,0.1895,2.991,good,0.000,2.72,0,0,0,0,30.10,3,0.0,,,
1654,1.9280,-0.1169,-0.0878,2.978,good,0.001,2.99,0,0,0,0,33.23,2,0.0,,,
1653,1.9320,-0.1167,-0.1689,3.001,good,0.000,3.30,0,0,0,0,36.72,3,0.0,,,
1655,1.9360,-0.1134,-0.1314,3.093,good,0.000,2.61,0,0,0,0,33.35,3,0.0,,,
1656,1.9360,-0.1120,-0.0289,2.999,good,0.002,1.80,0,0,0,0,34.99,3,0.0,,,
1657,1.9360,-0.1191,0.0225,3.403,broken,0.995,3.61,1,1,1,0,28.66,2,2.4,34|35,1642,
1658,1.9360,-0.1169,-0.0890,2.986,good,0.000,1.81,0,0,0,0,36.81,2,0.0,,,
1660,1.9400,-0.1184,-0.0905,3.015,good,0.001,2.91,0,0,0,0,37.06,2,0.0,,,
1661,1.9400,-0.1171,0.1483,2.456,stone,0.750,28.09,1,1,1,0,52.99,2,7.6,50|51|49,1623,
1659,1.9440,-0.1124,-0.1270,3.088,good,0.000,2.06,0,0,0,0,30.23,3,0.0,,,
1662,1.9440,-0.1176,0.0365,3.011,faded,0.995,8.13,1,1,1,0,33.66,2,3.2,36,1652,1652
1663,1.9440,-0.1169,-0.2027,2.996,good,0.001,2.88,0,0,0,0,33.71,2,0.0,,,
1664,1.9440,-0.1159,-0.1163,3.048,good,0.002,3.56,0,0,0,0,32.09,2,0.0,,,
1665,1.9440,-0.1178,0.1804,2.862,good,0.000,2.28,0,0,0,0,37.33,2,0.0,,,
1666,1.9520,-0.1118,0.0593,3.181,good,0.001,3.20,0,0,0,0,30.05,3,0.0,,,
1671,1.9520,-0.1169,-0.2268,3.171,sour,1.000,19.94,1,1,1,0,31.82,2,3.2,2|3,1664,1664
1667,1.9560,-0.1161,-0.0965,2.998,good,0.000,1.82,0,0,0,0,35.03,3,0.0,,,
1668,1.9560,-0.1129,0.1460,2.995,good,0.051,8.52,0,0,0,0,33.94,3,0.0,,,
1669,1.9560,-0.1117,-0.1726,3.138,good,0.192,6.00,0,0,0,0,30.30,3,0.0,,,
1670,1.9560,-0.1345,-0.1315,3.000,stone,1.000,12.61,1,1,1,0,32.99,1,9.1,15|14|16,1646,1646
1674,1.9560,-0.1193,0.0937,2.960,good,0.001,2.71,0,0,0,0,36.85,2,0.0,,,
1675,1.9560,-0.1178,-0.0671,3.179,good,0.012,3.84,0,0,0,0,31.23,2,0.0,,,
1676,1.9560,-0.1229,-0.1278,3.000,stone,1.000,12.74,1,1,1,0,33.00,1,9.1,15|16|14,,
1680,1.9560,-0.1113,-0.1241,3.000,stone,1.000,13.25,1,1,1,0,33.10,1,9.1,16|15|17,1628,
1672,1.9600,-0.1162,0.2104,3.006,good,0.104,3.57,0,0,0,0,33.96,3,0.0,,,
1673,1.9600,-0.1149,0.1732,2.994,good,0.000,2.28,0,0,0,0,33.76,3,0.0,,,
1677,1.9600,-0.1188,-0.1895,2.934,good,0.005,2.21,0,0,0,0,36.53,2,0.0,,,
1678,1.9600,-0.1183,-0.0220,3.167,good,0.000,2.43,0,0,0,0,30.82,2,0.0,,,
1679,1.9600,-0.1162,0.1421,3.005,good,0.000,2.60,0,0,0,0,33.83,2,0.0,,,
1684,1.9640,-0.1183,-0.2065,3.007,good,0.010,3.67,0,0,0,0,35.42,2,0.0,,,
1685,1.9640,-0.1184,-0.0706,2.882,good,0.000,2.49,0,0,0,0,38.53,2,0.0,,,
1681,1.9680,-0.1155,0.2087,3.000,good,0.035,2.09,0,0,0,0,33.82,3,0.0,,,
1682,1.9680,-0.1129,-0.1716,3.005,good,0.002,1.95,0,0,0,0,32.78,3,0.0,,,
1683,1.9680,-0.1084,-0.1278,2.990,good,0.004,7.50,0,0,0,0,31.57,3,0.0,,,
1686,1.9720,-0.1149,-0.0544,3.005,good,0.000,2.39,0,0,0,0,44.42,3,0.0,,,
1687,1.9720,-0.1132,0.0417,3.002,good,0.000,1.82,0,0,0,0,43.87,3,0.0,,,
1688,1.9720,-0.1082,0.1236,2.998,good,0.000,2.02,0,0,0,0,42.21,3,0.0,,,
1691,1.9720,-0.1198,-0.1860,3.011,good,0.001,2.98,0,0,0,0,45.73,2,0.0,,,
1693,1.9720,-0.1181,-0.0088,2.993,good,0.001,2.88,0,0,0,0,45.59,2,0.0,,,
1689,1.9760,-0.1155,-0.0433,3.000,good,0.005,3.02,0,0,0,0,33.01,3,0.0,,,
1690,1.9760,-0.1087,-0.1719,3.023,good,0.011,2.67,0,0,0,0,30.13,3,0.0,,,
1692,1.9760,-0.1092,0.1392,2.818,good,0.000,3.53,0,0,0,0,35.30,3,0.0,,,
1697,1.9760,-0.1200,0.2378,3.005,sour,1.000,15.51,1,1,1,0,34.24,2,3.2,62,1682,
1694,1.9800,-0.1138,0.1484,2.986,good,0.010,3.03,0,0,0,0,43.11,3,0.0,,,
1695,1.9800,-0.1114,-0.0833,3.197,good,0.021,2.57,0,0,0,0,37.59,3,0.0,,,
1696,1.9800,-0.1119,-0.1437,3.001,good,0.038,2.95,0,0,0,0,42.01,3,0.0,,,
1698,1.9840,-0.1152,-0.0792,2.996,good,0.000,2.99,0,0,0,0,36.26,3,0.0,,,
1699,1.9840,-0.1114,0.1858,2.988,good,0.000,3.32,0,0,0,0,35.10,3,0.0,,,
1700,1.9880,-0.1120,-0.1319,2.920,good,0.001,4.00,0,0,0,0,46.55,3,0.0,,,
1701,1.9880,-0.1097,0.1591,3.007,good,0.000,7.87,0,0,0,0,43.64,3,0.0,,,
1704,1.9880,-0.1184,-0.1285,3.001,faded,0.655,3.61,1,1,1,0,46.63,2,3.2,15,1683,
1702,1.9920,-0.1130,0.0296,2.980,faded,0.728,3.88,1,1,1,0,28.31,3,3.2,35,1674,1674
1703,1.9920,-0.1130,0.1856,3.002,good,0.002,5.19,0,0,0,0,27.63,3,0.0,,,
1707,1.9920,-0.1173,-0.1585,3.139,good,0.000,2.86,0,0,0,0,25.87,2,0.0,,,
1713,1.9920,-0.1003,-0.1351,3.000,good,0.001,3.93,0,0,0,0,23.42,1,0.0,,,
1705,1.9960,-0.1125,-0.0166,3.001,good,0.000,2.80,0,0,0,0,42.73,3,0.0,,,
1706,1.9960,-0.1122,-0.1821,3.013,good,0.000,18.91,1,1,1,0,42.31,3,9.0,8|9|7,1695,
1710,1.9960,-0.1193,-0.1546,3.002,sour,1.000,17.38,1,1,1,0,44.85,2,3.2,12,1697,1697
1711,1.9960,-0.1178,0.1739,3.084,good,0.001,3.29,0,0,0,0,42.40,2,0.0,,,
1712,1.9960,-0.1169,-0.2298,2.991,good,0.001,3.15,0,0,0,0,44.23,2,0.0,,,
1708,2.0000,-0.1085,-0.0108,3.002,good,0.004,2.68,0,0,0,0,30.65,3,0.0,,,
1709,2.0000,-0.1073,0.0831,3.236,good,0.000,2.28,0,0,0,0,25.20,3,0.0,,,
1716,2.0000,-0.1198,-0.0766,3.193,good,0.000,2.83,0,0,0,0,29.91,2,0.0,,,
1718,2.0000,-0.1179,-0.2318,2.810,good,0.001,4.07,0,0,0,0,38.56,2,0.0,,,
1719,2.0000,-0.1180,-0.2168,2.708,good,0.074,3.67,0,0,0,0,41.52,2,0.0,,,
1720,2.0000,-0.1168,-0.1521,3.003,good,0.000,2.66,0,0,0,0,33.15,2,0.0,,,
1721,2.0000,-0.1139,-0.1735,3.333,good,0.001,2.66,0,0,0,0,25.10,2,0.0,,,
1714,2.0040,-0.1107,-0.1189,3.378,good,0.000,2.74,0,0,0,0,22.33,3,0.0,,,
1715,2.0040,-0.1167,-0.2095,2.553,sour,1.000,28.23,1,1,1,0,44.80,3,3.2,5|4,1698,
1717,2.0040,-0.1115,-0.0922,2.580,good,0.000,2.22,0,0,0,0,41.80,3,0.0,,,
1722,2.0040,-0.1177,-0.0737,2.925,good,0.003,3.96,0,0,0,0,34.20,2,0.0,,,
1724,2.0080,-0.1149,-0.1807,3.170,good,0.021,8.42,0,0,0,0,27.73,2,0.0,,,
1723,2.0120,-0.1113,-0.2152,2.977,faded,1.000,4.81,1,1,1,0,36.21,3,3.2,4,1702,1702
1728,2.0120,-0.1160,0.0168,3.021,good,0.000,3.77,0,0,0,0,36.66,2,0.0,,,
1729,2.0120,-0.1163,0.1915,2.992,good,0.000,5.65,0,0,0,0,37.37,2,0.0,,,
1725,2.0160,-0.1127,-0.1813,2.823,good,0.037,3.68,0,0,0,0,38.04,3,0.0,,,
1726,2.0160,-0.1230,-0.1700,2.918,good,0.012,1.73,0,0,0,0,35.09,2,0.0,,,
1727,2.0160,-0.1087,0.1676,3.154,good,0.000,1.95,0,0,0,0,28.77,3,0.0,,,
1732,2.0160,-0.1193,0.1211,3.229,good,0.000,2.46,0,0,0,0,30.49,2,0.0,,,
1733,2.0160,-0.1166,0.1854,2.980,good,0.000,3.99,0,0,0,0,35.18,2,0.0,,,
1737,2.0160,-0.1113,-0.1668,3.000,good,0.071,1.62,0,0,0,0,32.96,1,0.0,,,
1730,2.0200,-0.1131,-0.0303,2.971,good,0.000,2.22,0,0,0,0,33.14,3,0.0,,,
1731,2.0200,-0.1224,-0.1363,2.705,faded,0.664,3.66,1,1,1,0,39.58,2,3.2,14,,
1736,2.0200,-0.1156,-0.1923,2.955,stick,1.000,106.11,1,1,1,0,34.21,2,2.4,7,1703,
1742,2.0200,-0.1116,-0.1394,3.000,faded,0.900,3.71,1,1,1,0,31.78,1,3.2,14|13,1709,
1734,2.0240,-0.1138,-0.0376,2.993,good,0.000,3.03,0,0,0,0,33.25,3,0.0,,,
1735,2.0240,-0.1126,-0.2137,3.000,good,0.000,4.83,0,0,0,0,32.62,3,0.0,,,
1741,2.0240,-0.1176,0.0361,3.004,good,0.000,3.73,0,0,0,0,34.14,2,0.0,,,
1738,2.0280,-0.1158,-0.1653,3.003,good,0.004,3.19,0,0,0,0,30.90,3,0.0,,,
1739,2.0280,-0.1150,0.2344,3.000,good,0.007,3.53,0,0,0,0,30.66,3,0.0,,,
1740,2.0280,-0.1092,-0.0767,2.999,good,0.000,1.88,0,0,0,0,28.72,3,0.0,,,
1746,2.0280,-0.1172,0.2245,2.991,good,0.034,5.50,0,0,0,0,31.52,2,0.0,,,
1743,2.0320,-0.1191,0.0259,2.415,good,0.000,2.84,0,0,0,0,49.96,3,0.0,,,
1744,2.0320,-0.1100,-0.0261,2.992,good,0.000,1.57,0,0,0,0,29.33,3,0.0,,,
1745,2.0320,-0.1093,0.1992,3.016,good,0.000,2.60,0,0,0,0,28.49,3,0.0,,,
1749,2.0320,-0.1178,0.0032,2.995,good,0.009,6.23,0,0,0,0,31.75,2,0.0,,,
1751,2.0320,-0.1187,0.2418,2.928,good,0.000,2.34,0,0,0,0,33.70,2,0.0,,,
1752,2.0320,-0.1169,-0.2074,3.028,good,0.000,3.24,0,0,0,0,30.60,2,0.0,,,
1754,2.0320,-0.1163,0.1286,3.000,husk,1.000,86.72,1,1,1,0,31.07,1,2.4,48,1744,
1747,2.0360,-0.1139,-0.0698,2.998,good,0.000,3.40,0,0,0,0,33.82,3,0.0,,,
1748,2.0360,-0.1123,-0.1934,2.996,good,0.000,2.24,0,0,0,0,33.26,3,0.0,,,
1750,2.0360,-0.1099,0.0725,2.568,good,0.000,1.53,0,0,0,0,44.07,3,0.0,,,
1760,2.0360,-0.1095,0.0300,3.000,good,0.001,2.67,0,0,0,0,32.19,1,0.0,,,
1753,2.0400,-0.1122,-0.0842,2.977,good,0.000,1.90,0,0,0,0,33.74,3,0.0,,,
1757,2.0400,-0.1173,-0.1589,2.997,good,0.000,3.22,0,0,0,0,34.91,2,0.0,,,
1758,2.0400,-0.1171,-0.1205,2.999,good,0.001,2.25,0,0,0,0,34.76,2,0.0,,,
1759,2.0400,-0.1151,0.1715,3.120,good,0.000,3.74,0,0,0,0,31.29,2,0.0,,,
1755,2.0440,-0.1117,-0.0615,3.038,good,0.000,3.20,0,0,0,0,40.07,3,0.0,,,
1756,2.0440,-0.1105,-0.0320,3.000,good,0.001,2.17,0,0,0,0,40.51,3,0.0,,,
1761,2.0480,-0.1129,-0.1258,3.002,good,0.000,2.83,0,0,0,0,34.92,3,0.0,,,
1762,2.0480,-0.1120,-0.1933,3.002,good,0.000,2.93,0,0,0,0,34.59,3,0.0,,,
1763,2.0480,-0.1183,-0.1517,2.997,good,0.000,1.91,0,0,0,0,36.77,2,0.0,,,
1764,2.0480,-0.1172,-0.0390,3.082,faded,0.990,4.57,1,1,1,0,34.34,2,3.2,27|26,1739,1739
1766,2.0520,-0.1183,0.1778,2.987,good,0.000,3.68,0,0,0,0,40.34,2,0.0,,,
1767,2.0520,-0.1184,0.0557,3.006,good,0.000,2.65,0,0,0,0,39.86,2,0.0,,,
1765,2.0560,-0.1144,0.0651,3.060,good,0.001,2.37,0,0,0,0,33.25,3,0.0,,,
1768,2.0560,-0.1186,-0.1457,3.000,good,0.001,5.73,0,0,0,0,35.99,2,0.0,,,
1769,2.0560,-0.1169,-0.2183,2.994,good,0.000,2.88,0,0,0,0,35.53,2,0.0,,,
1773,2.0600,-0.1167,-0.0474,3.001,good,0.000,3.38,0,0,0,0,32.80,2,0.0,,,
1774,2.0600,-0.1162,0.1784,2.986,good,0.000,2.83,0,0,0,0,32.90,2,0.0,,,
1775,2.0600,-0.1167,0.0567,2.998,good,0.011,2.95,0,0,0,0,32.76,2,0.0,,,
1776,2.0600,-0.1283,-0.1111,3.000,good,0.000,3.00,0,0,0,0,32.55,1,0.0,,,
1777,2.0600,-0.1140,-0.0636,3.450,good,0.008,3.34,0,0,0,0,22.47,2,0.0,,,
1783,2.0600,-0.1157,-0.1080,3.000,good,0.005,2.95,0,0,0,0,32.34,1,0.0,,,
1770,2.0640,-0.1381,-0.0655,3.000,good,0.009,3.13,0,0,0,0,31.79,1,0.0,,,
1771,2.0640,-0.1116,-0.1603,2.995,good,0.005,2.92,0,0,0,0,30.95,3,0.0,,,
1772,2.0640,-0.1134,0.1309,2.689,good,0.000,2.12,0,0,0,0,39.63,3,0.0,,,
1780,2.0640,-0.1171,0.0439,3.069,good,0.000,3.38,0,0,0,0,30.97,2,0.0,,,
1781,2.0640,-0.1169,-0.0879,2.981,good,0.010,2.95,0,0,0,0,32.92,2,0.0,,,
1782,2.0640,-0.1250,-0.0622,3.000,good,0.023,3.26,0,0,0,0,31.14,1,0.0,,,
1787,2.0640,-0.1119,-0.0589,3.000,good,0.035,3.27,0,0,0,0,30.77,1,0.0,,,
1788,2.0640,-0.1032,-0.1049,3.000,good,0.001,2.95,0,0,0,0,27.88,1,0.0,,,
1778,2.0680,-0.1118,0.2019,3.013,good,0.086,3.26,0,0,0,0,33.19,3,0.0,,,
1779,2.0680,-0.1111,0.2258,3.002,good,0.003,7.90,0,0,0,0,33.16,3,0.0,,,
1785,2.0680,-0.1181,-0.0131,3.005,good,0.000,3.22,0,0,0,0,35.38,2,0.0,,,
1786,2.0680,-0.1169,0.0341,3.037,faded,0.981,3.36,1,1,1,0,34.16,2,3.2,36,1763,1763
1793,2.0680,-0.1049,-0.0837,3.000,good,0.034,2.99,0,0,0,0,31.04,1,0.0,,,
1784,2.0720,-0.1116,-0.2057,2.999,good,0.000,2.48,0,0,0,0,43.45,3,0.0,,,
1792,2.0720,-0.1196,0.0234,3.008,good,0.000,2.13,0,0,0,0,45.87,2,0.0,,,
1789,2.0760,-0.1149,-0.2019,2.929,good,0.000,2.14,0,0,0,0,39.32,3,0.0,,,
1790,2.0760,-0.1121,0.1729,2.963,good,0.000,2.55,0,0,0,0,37.48,3,0.0,,,
1791,2.0760,-0.1113,-0.0272,3.000,good,0.001,2.08,0,0,0,0,36.30,3,0.0,,,
1797,2.0760,-0.1193,0.0989,3.011,good,0.000,1.98,0,0,0,0,38.65,2,0.0,,,
1798,2.0760,-0.1156,-0.1936,2.995,good,0.003,3.43,0,0,0,0,37.78,2,0.0,,,
1794,2.0800,-0.1112,-0.0759,3.017,black,1.000,46.37,1,1,1,0,32.15,3,3.2,22,1784,1784
1795,2.0800,-0.1127,0.2275,3.000,good,0.001,4.80,0,0,0,0,32.97,3,0.0,,,
1796,2.0800,-0.1091,0.2156,3.004,sour,1.000,21.27,1,1,1,0,31.61,3,3.2,59,1786,
1799,2.0840,-0.1136,-0.1067,3.002,good,0.001,8.99,0,0,0,0,33.73,3,0.0,,,
1800,2.0840,-0.1079,0.1602,3.078,good,0.040,2.91,0,0,0,0,30.06,3,0.0,,,
1801,2.0840,-0.1085,0.1244,2.906,good,0.000,7.08,0,0,0,0,34.21,3,0.0,,,
1804,2.0840,-0.1151,0.1056,3.160,good,0.011,5.68,0,0,0,0,30.51,2,0.0,,,
1802,2.0880,-0.1388,0.0156,3.000,good,0.022,3.70,0,0,0,0,33.26,1,0.0,,,
1803,2.0880,-0.1122,0.1880,2.784,good,0.002,3.74,0,0,0,0,37.76,3,0.0,,,
1807,2.0880,-0.1176,-0.1440,3.306,good,0.004,2.08,0,0,0,0,27.28,2,0.0,,,
1808,2.0880,-0.1304,0.0126,3.000,good,0.077,3.66,0,0,0,0,34.29,1,0.0,,,
1809,2.0880,-0.1179,0.2334,3.029,good,0.088,3.35,0,0,0,0,33.36,2,0.0,,,
1814,2.0880,-0.1056,0.1024,3.000,good,0.000,1.71,0,0,0,0,29.96,1,0.0,,,
1815,2.0880,-0.1004,0.1099,3.000,good,0.000,3.72,0,0,0,0,28.23,1,0.0,,,
1805,2.0920,-0.1128,0.1292,3.001,broken,0.968,2.01,1,1,1,0,33.39,3,2.4,48,1788,1788
1806,2.0920,-0.1100,0.0693,3.000,good,0.031,2.68,0,0,0,0,32.39,3,0.0,,,
1812,2.0920,-0.1196,0.2355,2.985,good,0.001,2.71,0,0,0,0,35.94,2,0.0,,,
1813,2.0920,-0.1220,0.0096,3.000,good,0.012,3.75,0,0,0,0,32.37,1,0.0,,,
1822,2.0920,-0.1137,0.0066,3.000,good,0.013,3.70,0,0,0,0,33.59,1,0.0,,,
1823,2.0920,-0.1043,-0.1407,3.000,good,0.002,2.07,0,0,0,0,30.46,1,0.0,,,
1810,2.0960,-0.1101,-0.2196,3.369,good,0.001,3.55,0,0,0,0,27.76,3,0.0,,,
1811,2.0960,-0.1090,0.1197,2.985,good,0.000,2.18,0,0,0,0,35.33,3,0.0,,,
1820,2.0960,-0.1174,0.1411,3.000,good,0.000,2.81,0,0,0,0,37.75,2,0.0,,,
1821,2.0960,-0.1149,-0.0889,3.361,good,0.000,2.64,0,0,0,0,29.18,2,0.0,,,
1831,2.0960,-0.1053,0.0036,3.000,good,0.093,3.72,0,0,0,0,33.68,1,0.0,,,
1816,2.1000,-0.1163,-0.2104,3.008,good,0.002,4.24,0,0,0,0,35.36,3,0.0,,,
1817,2.1000,-0.1169,0.1482,2.876,good,0.008,2.32,0,0,0,0,38.80,3,0.0,,,
1818,2.1000,-0.1334,-0.0947,3.000,good,0.000,8.72,0,0,0,0,33.18,1,0.0,,,
1819,2.1000,-0.1081,0.0438,3.042,good,0.315,3.41,0,0,0,0,31.78,3,0.0,,,
1827,2.1000,-0.1162,-0.1262,3.207,good,0.000,2.96,0,0,0,0,30.73,2,0.0,,,
1828,2.1000,-0.1144,-0.0773,3.059,good,0.006,3.24,0,0,0,0,33.38,2,0.0,,,
1829,2.1000,-0.1143,0.0908,3.318,good,0.000,3.08,0,0,0,0,27.84,2,0.0,,,
1830,2.1000,-0.1249,-0.0921,3.000,good,0.001,6.78,0,0,0,0,34.21,1,0.0,,,
1835,2.1000,-0.1164,-0.0895,3.000,good,0.000,10.07,0,0,0,0,35.38,1,0.0,,,
1824,2.1040,-0.1165,-0.1520,3.007,good,0.000,2.87,0,0,0,0,32.86,3,0.0,,,
1825,2.1040,-0.1118,0.1814,3.175,good,0.184,6.19,0,0,0,0,27.50,3,0.0,,,
1826,2.1040,-0.1120,0.1304,3.032,good,0.000,3.04,0,0,0,0,30.67,3,0.0,,,
1834,2.1040,-0.1182,0.0979,3.055,good,0.004,3.35,0,0,0,0,32.14,2,0.0,,,
1843,2.1040,-0.1080,-0.0870,3.000,good,0.006,7.53,0,0,0,0,30.02,1,0.0,,,
1832,2.1080,-0.1142,0.2215,3.006,good,0.000,2.77,0,0,0,0,31.86,3,0.0,,,
1833,2.1080,-0.1123,-0.0655,2.597,good,0.000,2.26,0,0,0,0,42.33,3,0.0,,,
1838,2.1080,-0.1200,-0.1792,3.074,good,0.000,2.47,0,0,0,0,32.09,2,0.0,,,
1841,2.1080,-0.1161,-0.0303,3.370,good,0.000,2.34,0,0,0,0,24.60,2,0.0,,,
1842,2.1080,-0.1176,0.1370,2.999,good,0.000,3.22,0,0,0,0,33.00,2,0.0,,,
1846,2.1080,-0.0996,-0.0845,3.000,good,0.000,7.32,0,0,0,0,26.96,1,0.0,,,
1836,2.1120,-0.1132,-0.0505,3.047,good,0.000,2.80,0,0,0,0,30.33,3,0.0,,,
1837,2.1120,-0.1099,0.2091,3.003,good,0.003,2.49,0,0,0,0,30.18,3,0.0,,,
1839,2.1120,-0.1103,0.1504,3.021,shell,1.000,5.42,1,1,1,0,29.84,3,2.4,51,1818,
1840,2.1120,-0.1087,-0.0003,3.003,insect,1.000,8.30,1,1,1,0,29.68,3,3.1,31|32,1807,
1850,2.1120,-0.1020,-0.0626,3.000,good,0.000,1.71,0,0,0,0,27.48,1,0.0,,,
1844,2.1160,-0.1155,-0.1473,3.011,black,1.000,64.92,1,1,1,0,31.63,3,3.2,13|12,1825,
1845,2.1160,-0.1104,-0.0752,2.936,good,0.000,3.97,0,0,0,0,31.64,3,0.0,,,
1847,2.1200,-0.1117,0.0951,3.000,good,0.034,4.08,0,0,0,0,30.32,3,0.0,,,
1848,2.1200,-0.1170,0.2044,2.259,good,0.001,5.01,0,0,0,0,55.77,3,0.0,,,
1849,2.1200,-0.1104,0.2127,2.982,good,0.001,2.30,0,0,0,0,30.22,3,0.0,,,
1855,2.1200,-0.1180,0.2254,3.069,good,0.013,2.99,0,0,0,0,30.63,2,0.0,,,
1851,2.1240,-0.1156,0.1381,2.979,broken,0.997,2.84,1,1,1,0,34.01,3,2.4,49,1831,1831
1852,2.1240,-0.1116,0.2026,3.337,good,0.001,6.69,0,0,0,0,24.96,3,0.0,,,
1853,2.1240,-0.1128,-0.2133,3.002,good,0.142,2.11,0,0,0,0,32.38,3,0.0,,,
1854,2.1240,-0.1090,-0.1876,2.996,good,0.001,3.29,0,0,0,0,31.22,3,0.0,,,
1856,2.1280,-0.1148,-0.1430,3.014,good,0.001,2.15,0,0,0,0,32.01,3,0.0,,,
1857,2.1280,-0.1135,0.0160,2.781,good,0.000,2.30,0,0,0,0,37.46,3,0.0,,,
1858,2.1280,-0.1109,0.1852,2.990,good,0.000,3.18,0,0,0,0,31.20,3,0.0,,,
1859,2.1320,-0.1116,0.1782,3.030,good,0.000,2.91,0,0,0,0,33.04,3,0.0,,,
1860,2.1360,-0.1132,-0.0158,2.875,faded,0.983,6.19,1,1,1,0,34.00,3,3.2,29|30,1826,
1861,2.1360,-0.1137,-0.0432,3.107,insect,1.000,3.99,1,1,1,0,28.53,3,3.1,26,1855,
1862,2.1360,-0.1105,-0.1561,2.883,black,1.000,48.57,1,1,1,0,32.72,3,3.2,12|11,1857,
1863,2.1360,-0.1108,0.0956,2.848,good,0.000,2.01,0,0,0,0,33.67,3,0.0,,,
1865,2.1360,-0.1184,-0.1041,3.065,good,0.018,1.41,0,0,0,0,30.86,2,0.0,,,
1866,2.1360,-0.1170,0.1679,2.909,good,0.002,2.54,0,0,0,0,34.19,2,0.0,,,
1872,2.1360,-0.1107,-0.0082,3.000,good,0.002,3.48,0,0,0,0,29.82,1,0.0,,,
1864,2.1400,-0.1114,0.0287,2.821,good,0.011,4.17,0,0,0,0,37.37,3,0.0,,,
1871,2.1400,-0.1175,-0.0955,2.988,good,0.000,2.36,0,0,0,0,35.17,2,0.0,,,
1867,2.1440,-0.1154,-0.1601,3.082,good,0.006,2.11,0,0,0,0,29.97,3,0.0,,,
1868,2.1440,-0.1131,-0.0210,2.920,good,0.000,3.33,0,0,0,0,33.02,3,0.0,,,
1869,2.1440,-0.1209,-0.0304,2.895,good,0.002,2.40,0,0,0,0,32.27,2,0.0,,,
1870,2.1440,-0.1201,0.0218,2.773,good,0.002,3.90,0,0,0,0,35.31,2,0.0,,,
1874,2.1440,-0.1186,0.1789,3.003,good,0.000,2.80,0,0,0,0,32.72,2,0.0,,,
1875,2.1440,-0.1192,0.0674,3.002,good,0.000,4.37,0,0,0,0,32.92,2,0.0,,,
1881,2.1440,-0.1093,-0.0339,3.000,good,0.000,2.37,0,0,0,0,29.62,1,0.0,,,
1882,2.1440,-0.1089,0.0259,3.000,good,0.001,3.86,0,0,0,0,29.50,1,0.0,,,
1873,2.1480,-0.1083,0.1311,2.994,good,0.000,2.43,0,0,0,0,32.05,3,0.0,,,
1879,2.1480,-0.1191,0.1850,3.021,good,0.000,3.21,0,0,0,0,34.92,2,0.0,,,
1880,2.1480,-0.1183,0.0652,2.957,good,0.000,1.95,0,0,0,0,36.21,2,0.0,,,
1876,2.1520,-0.1115,-0.1473,2.996,good,0.000,1.70,0,0,0,0,30.65,3,0.0,,,
1877,2.1520,-0.1113,0.1087,3.003,good,0.029,2.59,0,0,0,0,30.34,3,0.0,,,
1878,2.1520,-0.1089,0.0109,3.002,good,0.000,2.01,0,0,0,0,29.53,3,0.0,,,
1885,2.1520,-0.1195,-0.1997,2.996,good,0.000,3.26,0,0,0,0,33.16,2,0.0,,,
1886,2.1520,-0.1181,-0.0842,2.998,good,0.123,4.83,0,0,0,0,32.63,2,0.0,,,
1883,2.1560,-0.1146,0.1425,2.917,good,0.000,7.98,0,0,0,0,38.04,3,0.0,,,
1884,2.1560,-0.1369,0.0800,3.000,good,0.000,8.30,0,0,0,0,35.44,1,0.0,,,
1888,2.1560,-0.1174,0.0254,3.002,good,0.000,3.17,0,0,0,0,36.81,2,0.0,,,
1889,2.1560,-0.1252,0.0768,3.000,good,0.000,8.29,0,0,0,0,35.46,1,0.0,,,
1891,2.1560,-0.1134,0.0736,3.000,good,0.000,8.40,0,0,0,0,35.54,1,0.0,,,
1887,2.1600,-0.1156,-0.1417,2.997,good,0.001,3.45,0,0,0,0,32.25,3,0.0,,,
1896,2.1600,-0.1017,0.0704,3.000,good,0.000,8.39,0,0,0,0,27.53,1,0.0,,,
1890,2.1640,-0.1125,-0.1891,2.570,good,0.008,3.24,0,0,0,0,45.28,3,0.0,,,
1895,2.1640,-0.1161,-0.2213,2.975,good,0.006,2.78,0,0,0,0,35.19,2,0.0,,,
1892,2.1680,-0.1149,0.0815,2.988,good,0.000,3.58,0,0,0,0,29.22,3,0.0,,,
1893,2.1680,-0.1087,0.0188,3.396,good,0.021,2.27,0,0,0,0,18.70,3,0.0,,,
1894,2.1680,-0.1141,-0.0909,2.457,good,0.001,2.55,0,0,0,0,44.32,3,0.0,,,
1898,2.1680,-0.1190,-0.1018,3.208,good,0.000,3.03,0,0,0,0,25.43,2,0.0,,,
1900,2.1680,-0.1190,0.0036,2.701,good,0.019,7.39,0,0,0,0,38.22,2,0.0,,,
1901,2.1680,-0.1185,0.1243,2.981,good,0.002,5.35,0,0,0,0,30.36,2,0.0,,,
1902,2.1680,-0.1164,-0.1689,3.408,good,0.028,3.59,0,0,0,0,20.54,2,0.0,,,
1906,2.1680,-0.1022,-0.1927,3.000,good,0.013,3.26,0,0,0,0,24.44,1,0.0,,,
1897,2.1720,-0.1134,-0.2360,3.109,sour,1.000,22.42,1,1,1,0,28.25,3,3.2,1,1872,
1899,2.1720,-0.1091,0.2347,2.947,good,0.000,2.13,0,0,0,0,30.49,3,0.0,,,
1905,2.1720,-0.1163,-0.1160,2.940,good,0.010,17.76,0,0,0,0,33.05,2,0.0,,,
1911,2.1720,-0.1089,0.0100,3.000,good,0.004,3.45,0,0,0,0,29.13,1,0.0,,,
1912,2.1720,-0.1053,-0.0982,3.000,good,0.218,6.92,0,0,0,0,27.93,1,0.0,,,
1913,2.1720,-0.1027,-0.1727,3.000,good,0.010,3.73,0,0,0,0,27.04,1,0.0,,,
1903,2.1760,-0.1152,-0.0362,3.013,good,0.001,2.08,0,0,0,0,29.36,3,0.0,,,
1904,2.1760,-0.1114,0.1642,3.099,good,0.009,5.72,0,0,0,0,26.10,3,0.0,,,
1908,2.1760,-0.1199,-0.2091,2.996,good,0.000,2.50,0,0,0,0,31.23,2,0.0,,,
1909,2.1760,-0.1168,0.1390,3.019,good,0.000,3.56,0,0,0,0,29.60,2,0.0,,,
1910,2.1760,-0.1154,-0.1699,3.064,good,0.000,1.61,0,0,0,0,28.06,2,0.0,,,
1907,2.1800,-0.1146,-0.0404,2.763,good,0.007,3.82,0,0,0,0,38.44,3,0.0,,,
1919,2.1800,-0.1178,0.1094,3.006,good,0.000,4.32,0,0,0,0,33.16,2,0.0,,,
1914,2.1840,-0.1124,-0.2108,3.055,good,0.004,2.19,0,0,0,0,29.76,3,0.0,,,
1915,2.1840,-0.1125,0.2074,2.997,good,0.000,2.27,0,0,0,0,31.09,3,0.0,,,
1916,2.1840,-0.1085,0.0524,3.321,good,0.000,2.45,0,0,0,0,22.91,3,0.0,,,
1917,2.1840,-0.1162,-0.0272,2.198,good,0.370,4.92,0,0,0,0,58.43,3,0.0,,,
1918,2.1840,-0.1084,-0.1173,2.992,good,0.000,3.00,0,0,0,0,29.71,3,0.0,,,
1921,2.1840,-0.1191,0.1592,2.986,good,0.000,3.29,0,0,0,0,33.41,2,0.0,,,
1920,2.1880,-0.1098,-0.1342,3.186,good,0.000,2.03,0,0,0,0,37.04,3,0.0,,,
1924,2.1880,-0.1165,0.0036,3.017,good,0.014,5.80,0,0,0,0,42.88,2,0.0,,,
1925,2.1880,-0.1185,-0.1768,3.000,good,0.000,5.16,0,0,0,0,43.93,2,0.0,,,
1926,2.1880,-0.1188,-0.1983,2.958,good,0.007,2.96,0,0,0,0,45.04,2,0.0,,,
1930,2.1880,-0.1057,-0.0236,3.000,good,0.470,4.64,0,0,0,0,39.61,1,0.0,,,
1922,2.1920,-0.1145,0.1257,2.631,good,0.001,3.39,0,0,0,0,46.32,3,0.0,,,
1923,2.1920,-0.1105,0.2030,2.999,good,0.001,2.72,0,0,0,0,34.92,3,0.0,,,
1929,2.1920,-0.1168,-0.1065,3.021,good,0.000,3.48,0,0,0,0,36.44,2,0.0,,,
1931,2.1920,-0.1004,0.0011,3.000,good,0.000,1.96,0,0,0,0,31.48,1,0.0,,,
1927,2.1960,-0.1139,-0.1215,3.003,good,0.000,2.88,0,0,0,0,32.88,3,0.0,,,
1928,2.1960,-0.1091,0.0187,3.075,good,0.000,3.73,0,0,0,0,29.58,3,0.0,,,
1935,2.2000,-0.1197,0.1970,3.012,good,0.001,3.23,0,0,0,0,37.15,2,0.0,,,
1932,2.2040,-0.1106,-0.1931,3.109,good,0.069,11.84,0,0,0,0,28.71,3,0.0,,,
1933,2.2040,-0.1102,0.2144,3.024,good,0.004,2.79,0,0,0,0,30.46,3,0.0,,,
1934,2.2040,-0.1098,-0.0608,2.856,good,0.000,2.23,0,0,0,0,34.33,3,0.0,,,
1936,2.2080,-0.1091,-0.1787,2.995,faded,0.954,4.67,1,1,1,0,39.94,3,3.2,9|8,1921,1921
1937,2.2080,-0.1102,0.0363,2.997,faded,0.998,4.73,1,1,1,0,40.19,3,3.2,36,1891,1891
1938,2.2080,-0.1090,-0.2342,3.045,good,0.001,1.65,0,0,0,0,38.64,3,0.0,,,
1943,2.2080,-0.1164,-0.0464,3.001,good,0.000,3.15,0,0,0,0,42.06,2,0.0,,,
1944,2.2080,-0.1149,0.0976,3.078,good,0.000,6.34,0,0,0,0,39.72,2,0.0,,,
1945,2.2080,-0.1136,-0.1514,3.444,good,0.241,4.26,0,0,0,0,31.91,2,0.0,,,
1939,2.2120,-0.1146,0.1583,3.159,good,0.000,2.34,0,0,0,0,21.72,3,0.0,,,
1940,2.2120,-0.1128,0.1440,3.208,good,0.415,3.26,0,0,0,0,20.06,3,0.0,,,
1941,2.2120,-0.1126,-0.1295,2.999,good,0.001,3.11,0,0,0,0,24.56,3,0.0,,,
1942,2.2120,-0.1087,-0.1607,2.991,good,0.000,3.41,0,0,0,0,23.41,3,0.0,,,
1951,2.2120,-0.1189,-0.1933,2.992,good,0.000,2.99,0,0,0,0,26.75,2,0.0,,,
1952,2.2120,-0.1144,0.0898,3.450,good,0.001,2.49,0,0,0,0,15.70,2,0.0,,,
1946,2.2160,-0.1159,0.1601,2.994,good,0.000,3.05,0,0,0,0,42.20,3,0.0,,,
1947,2.2160,-0.1193,0.1778,2.318,good,0.001,3.46,0,0,0,0,64.65,3,0.0,,,
1948,2.2160,-0.1135,0.1457,2.995,good,0.000,3.47,0,0,0,0,41.28,3,0.0,,,
1949,2.2160,-0.1093,-0.0466,3.070,good,0.002,1.57,0,0,0,0,38.07,3,0.0,,,
1950,2.2160,-0.1102,0.0483,2.978,faded,0.820,3.32,1,1,1,0,40.46,3,3.2,38|37,1920,1920
1953,2.2200,-0.1152,-0.1446,2.981,good,0.000,2.30,0,0,0,0,43.87,3,0.0,,,
1954,2.2200,-0.1139,0.0217,3.003,good,0.001,2.88,0,0,0,0,42.83,3,0.0,,,
1955,2.2200,-0.1134,0.0781,2.995,good,0.000,3.46,0,0,0,0,42.79,3,0.0,,,
1956,2.2200,-0.1122,0.1149,2.940,good,0.000,2.31,0,0,0,0,43.65,3,0.0,,,
1957,2.2200,-0.1101,-0.0037,2.993,good,0.015,2.85,0,0,0,0,41.63,3,0.0,,,
1961,2.2200,-0.1199,0.2104,3.104,good,0.025,7.24,0,0,0,0,42.24,2,0.0,,,
1962,2.2200,-0.1195,0.2235,3.003,good,0.000,2.28,0,0,0,0,44.49,2,0.0,,,
1958,2.2240,-0.1120,0.0604,3.001,good,0.001,2.86,0,0,0,0,32.19,3,0.0,,,
1959,2.2240,-0.1130,-0.1519,2.742,shell,1.000,8.02,1,1,1,0,39.18,3,2.4,12,1952,
1960,2.2240,-0.1087,-0.0087,3.017,good,0.000,3.02,0,0,0,0,30.60,3,0.0,,,
1963,2.2280,-0.1096,0.0938,2.931,good,0.001,2.52,0,0,0,0,31.68,3,0.0,,,
1964,2.2280,-0.1085,0.2110,3.238,good,0.030,5.53,0,0,0,0,24.53,3,0.0,,,
1967,2.2280,-0.1189,0.2389,2.793,good,0.002,2.13,0,0,0,0,38.44,2,0.0,,,
1965,2.2320,-0.1136,0.0718,3.014,good,0.000,1.74,0,0,0,0,38.37,3,0.0,,,
1966,2.2320,-0.1084,0.1620,3.013,good,0.000,3.40,0,0,0,0,36.60,3,0.0,,,
1968,2.2360,-0.1274,0.0926,3.003,good,0.000,3.02,0,0,0,0,35.80,2,0.0,,,
1969,2.2360,-0.1129,-0.0274,3.002,good,0.000,2.47,0,0,0,0,34.93,3,0.0,,,
1970,2.2360,-0.1113,0.2111,2.998,good,0.001,4.25,0,0,0,0,34.43,3,0.0,,,
1971,2.2360,-0.1117,-0.1526,3.003,good,0.002,2.28,0,0,0,0,34.43,3,0.0,,,
1972,2.2360,-0.1089,-0.1055,2.994,good,0.001,3.25,0,0,0,0,33.68,3,0.0,,,
1976,2.2360,-0.1181,0.1543,2.995,good,0.000,1.78,0,0,0,0,36.69,2,0.0,,,
1978,2.2360,-0.1154,0.0963,3.000,good,0.000,3.08,0,0,0,0,35.66,1,0.0,,,
1973,2.2400,-0.1169,0.0905,2.989,good,0.002,2.70,0,0,0,0,35.28,3,0.0,,,
1974,2.2400,-0.1159,-0.1463,2.966,insect,1.000,3.72,1,1,1,0,35.45,3,3.1,13,1932,
1975,2.2400,-0.1113,-0.0128,3.004,faded,1.000,6.04,1,1,1,0,32.92,3,3.2,30,1940,1940
1977,2.2400,-0.1200,-0.1933,2.996,good,0.004,2.83,0,0,0,0,35.96,2,0.0,,,
1980,2.2440,-0.1190,0.0208,2.981,sour,1.000,17.02,1,1,1,0,36.54,2,3.2,34,1939,1939
1981,2.2440,-0.1173,-0.0358,2.997,good,0.000,1.83,0,0,0,0,35.49,2,0.0,,,
1982,2.2440,-0.1152,-0.0621,3.149,good,0.000,2.62,0,0,0,0,31.30,2,0.0,,,
1983,2.2440,-0.1131,-0.1513,3.450,broken,0.985,2.30,1,1,1,0,24.68,2,2.4,12,1935,
1984,2.2440,-0.1081,-0.0557,3.192,good,0.057,4.17,0,0,0,0,28.05,2,0.0,,,
1979,2.2480,-0.1110,0.0380,2.986,good,0.001,4.25,0,0,0,0,32.55,3,0.0,,,
1986,2.2480,-0.1190,-0.1845,3.049,good,0.000,3.05,0,0,0,0,33.65,2,0.0,,,
1987,2.2480,-0.1184,0.0096,3.028,sour,1.000,23.00,1,1,1,0,33.92,2,3.2,33,1941,
1985,2.2520,-0.1143,0.0153,2.997,good,0.004,2.42,0,0,0,0,34.68,3,0.0,,,
1988,2.2520,-0.1172,0.0298,3.023,good,0.000,3.20,0,0,0,0,34.95,2,0.0,,,
1993,2.2560,-0.1196,0.1916,3.012,good,0.000,5.25,0,0,0,0,35.11,2,0.0,,,
1994,2.2560,-0.1189,-0.0757,3.000,good,0.000,2.67,0,0,0,0,35.11,2,0.0,,,
1995,2.2560,-0.1188,0.1309,2.937,good,0.000,1.83,0,0,0,0,36.62,2,0.0,,,
1996,2.2560,-0.1166,-0.1726,3.006,good,0.000,1.64,0,0,0,0,34.12,2,0.0,,,
1989,2.2600,-0.1107,0.2071,3.337,good,0.026,3.94,0,0,0,0,23.14,3,0.0,,,
1990,2.2600,-0.1121,0.2176,3.084,good,0.045,2.88,0,0,0,0,28.73,3,0.0,,,
1991,2.2600,-0.1091,-0.0403,2.992,good,0.000,2.63,0,0,0,0,29.81,3,0.0,,,
1992,2.2600,-0.1112,-0.2448,2.473,good,0.025,3.74,0,0,0,0,45.26,3,0.0,,,
2000,2.2600,-0.1185,0.0772,3.087,good,0.000,2.41,0,0,0,0,30.59,2,0.0,,,
2001,2.2600,-0.1153,-0.2003,3.039,good,0.000,2.16,0,0,0,0,30.62,2,0.0,,,
1997,2.2640,-0.1145,0.1370,2.959,good,0.232,4.44,0,0,0,0,32.89,3,0.0,,,
1998,2.2640,-0.1132,0.0989,2.849,good,0.022,2.92,0,0,0,0,35.17,3,0.0,,,
1999,2.2640,-0.1085,-0.0848,2.986,good,0.000,1.88,0,0,0,0,30.14,3,0.0,,,
2003,2.2640,-0.1116,-0.0282,3.450,good,0.001,2.32,0,0,0,0,21.60,2,0.0,,,
2002,2.2680,-0.1148,-0.1012,3.004,good,0.000,2.92,0,0,0,0,32.54,3,0.0,,,
2005,2.2680,-0.1199,0.1236,3.009,good,0.456,3.51,0,0,0,0,34.07,2,0.0,,,
2006,2.2680,-0.1194,0.1941,3.025,good,0.110,5.42,0,0,0,0,33.46,2,0.0,,,
2007,2.2680,-0.1178,0.2374,3.040,good,0.013,6.85,0,0,0,0,32.54,2,0.0,,,
2004,2.2720,-0.1121,0.2283,2.751,good,0.004,4.17,0,0,0,0,38.52,3,0.0,,,
2011,2.2720,-0.1176,-0.1707,2.984,good,0.000,2.76,0,0,0,0,34.27,2,0.0,,,
2008,2.2760,-0.1139,-0.1299,2.997,good,0.001,2.28,0,0,0,0,33.05,3,0.0,,,
2009,2.2760,-0.1134,0.1129,2.992,good,0.000,1.77,0,0,0,0,32.93,3,0.0,,,
2010,2.2760,-0.1136,0.0655,2.758,good,0.009,3.94,0,0,0,0,39.01,3,0.0,,,
2012,2.2800,-0.1091,-0.1026,2.985,good,0.000,2.60,0,0,0,0,33.96,3,0.0,,,
2017,2.2800,-0.1188,0.2154,3.437,stone,1.000,16.21,1,1,1,0,27.50,2,9.1,59|60|58,1955,
2013,2.2840,-0.1261,-0.1763,3.450,good,0.040,9.83,0,0,0,0,22.29,2,0.0,,,
2014,2.2840,-0.1131,-0.1959,3.092,good,0.002,2.05,0,0,0,0,29.59,3,0.0,,,
2015,2.2840,-0.1106,-0.1527,3.125,good,0.009,2.43,0,0,0,0,28.02,3,0.0,,,
2016,2.2840,-0.1117,-0.0404,2.996,good,0.000,2.82,0,0,0,0,31.25,3,0.0,,,
2018,2.2840,-0.1083,-0.0858,3.075,broken,0.991,3.44,1,1,1,0,28.31,3,2.4,21|20,2007,2007
2021,2.2840,-0.1171,-0.0224,3.003,good,0.000,3.63,0,0,0,0,32.77,2,0.0,,,
2024,2.2840,-0.1118,-0.1724,3.000,good,0.142,9.84,0,0,0,0,31.07,1,0.0,,,
2019,2.2880,-0.1093,0.1281,2.980,good,0.001,8.64,0,0,0,0,42.50,3,0.0,,,
2020,2.2880,-0.1111,-0.0803,3.031,good,0.000,3.32,0,0,0,0,41.85,3,0.0,,,
2022,2.2920,-0.1093,-0.0861,3.118,good,0.001,2.22,0,0,0,0,35.07,3,0.0,,,
2023,2.2920,-0.1089,0.1104,3.003,good,0.000,2.60,0,0,0,0,37.47,3,0.0,,,
2029,2.2920,-0.1187,-0.2308,2.878,good,0.000,1.65,0,0,0,0,43.82,2,0.0,,,
2025,2.2960,-0.1116,-0.1024,3.073,faded,0.706,4.64,1,1,1,0,31.10,3,3.2,18|19,1992,1992
2026,2.2960,-0.1105,0.0215,2.884,faded,0.947,3.28,1,1,1,0,35.14,3,3.2,34,1989,1989
2027,2.2960,-0.1092,0.0850,2.811,good,0.000,3.02,0,0,0,0,36.54,3,0.0,,,
2028,2.2960,-0.1081,0.0325,2.988,good,0.000,3.91,0,0,0,0,31.73,3,0.0,,,
2031,2.2960,-0.1179,0.0524,2.995,good,0.001,2.58,0,0,0,0,33.59,2,0.0,,,
2032,2.2960,-0.1141,0.0601,3.063,good,0.000,2.18,0,0,0,0,30.68,2,0.0,,,
2030,2.3000,-0.1135,-0.1906,2.994,good,0.002,2.61,0,0,0,0,39.80,3,0.0,,,
2036,2.3000,-0.1173,0.0721,3.000,good,0.008,2.67,0,0,0,0,40.87,2,0.0,,,
2033,2.3040,-0.1144,0.2204,3.034,good,0.001,2.32,0,0,0,0,34.94,3,0.0,,,
2034,2.3040,-0.1173,0.2392,2.162,good,0.195,8.00,0,0,0,0,64.74,3,0.0,,,
2035,2.3040,-0.1100,-0.1046,2.799,good,0.017,9.12,0,0,0,0,39.18,3,0.0,,,
2040,2.3040,-0.1170,-0.1782,2.994,good,0.000,1.97,0,0,0,0,36.62,2,0.0,,,
2041,2.3040,-0.1155,-0.2100,3.001,good,0.010,3.31,0,0,0,0,35.91,2,0.0,,,
2042,2.3040,-0.1151,-0.0451,3.450,good,0.000,2.86,0,0,0,0,26.42,2,0.0,,,
2037,2.3080,-0.1158,0.2014,3.047,good,0.000,1.60,0,0,0,0,34.74,3,0.0,,,
2038,2.3080,-0.1141,0.0801,3.130,black,1.000,49.59,1,1,1,0,32.24,3,3.2,42,2006,
2039,2.3080,-0.1121,0.0573,2.995,good,0.001,2.32,0,0,0,0,34.59,3,0.0,,,
2043,2.3120,-0.1157,0.1405,2.891,good,0.000,1.87,0,0,0,0,38.08,3,0.0,,,
2044,2.3120,-0.1147,-0.0734,3.019,good,0.000,1.88,0,0,0,0,34.47,3,0.0,,,
2045,2.3120,-0.1106,-0.1239,2.776,black,1.000,47.28,1,1,1,0,39.20,3,3.2,16|15,2016,
2046,2.3160,-0.1120,0.1569,2.953,good,0.000,2.31,0,0,0,0,36.75,3,0.0,,,
2050,2.3160,-0.1170,0.1140,2.905,good,0.000,2.65,0,0,0,0,39.64,2,0.0,,,
2047,2.3200,-0.1162,0.1203,3.007,good,0.000,2.45,0,0,0,0,30.28,3,0.0,,,
2048,2.3200,-0.1130,0.0378,2.998,good,0.000,3.18,0,0,0,0,29.37,3,0.0,,,
2049,2.3200,-0.1136,0.0265,2.364,good,0.002,2.71,0,0,0,0,48.63,3,0.0,,,
2054,2.3200,-0.1194,0.0080,3.006,faded,0.980,3.33,1,1,1,0,31.24,2,3.2,33|32,2024,2024
2051,2.3240,-0.1148,-0.1190,3.008,good,0.002,3.40,0,0,0,0,39.33,3,0.0,,,
2052,2.3240,-0.1128,-0.1801,2.998,good,0.001,2.62,0,0,0,0,38.85,3,0.0,,,
2053,2.3240,-0.1123,-0.0947,3.000,good,0.000,2.37,0,0,0,0,38.59,3,0.0,,,
2055,2.3280,-0.1149,-0.1165,3.010,good,0.004,2.87,0,0,0,0,39.25,3,0.0,,,
2056,2.3280,-0.1109,-0.0069,2.998,good,0.001,2.26,0,0,0,0,38.13,3,0.0,,,
2060,2.3280,-0.1181,0.0303,2.998,good,0.000,2.41,0,0,0,0,40.48,2,0.0,,,
2057,2.3320,-0.1158,0.1101,2.862,good,0.001,2.49,0,0,0,0,38.75,3,0.0,,,
2058,2.3320,-0.1076,0.2161,3.132,good,0.001,2.77,0,0,0,0,29.58,3,0.0,,,
2059,2.3320,-0.1105,0.0784,2.820,good,0.393,3.43,0,0,0,0,37.88,3,0.0,,,
2064,2.3320,-0.1181,-0.1609,3.351,good,0.005,2.78,0,0,0,0,28.30,2,0.0,,,
2065,2.3320,-0.1159,0.2293,3.450,good,0.000,2.22,0,0,0,0,25.75,2,0.0,,,
2061,2.3360,-0.1163,0.0009,2.840,faded,0.899,3.72,1,1,1,0,35.19,3,3.2,32|31,2025,
2062,2.3360,-0.1124,-0.0554,3.001,good,0.000,3.00,0,0,0,0,29.69,3,0.0,,,
2063,2.3360,-0.1116,0.0950,3.009,broken,1.000,2.93,1,1,1,0,29.19,3,2.4,44|43,2030,2030
2068,2.3360,-0.1177,-0.0639,3.450,good,0.000,2.99,0,0,0,0,21.93,2,0.0,,,
2069,2.3360,-0.1164,0.1789,2.858,good,0.028,2.42,0,0,0,0,34.50,2,0.0,,,
2066,2.3400,-0.1244,0.0017,3.261,good,0.000,2.06,0,0,0,0,25.09,2,0.0,,,
2067,2.3400,-0.1100,-0.2077,3.002,good,0.000,1.58,0,0,0,0,30.17,3,0.0,,,
2077,2.3400,-0.1152,-0.1820,3.038,good,0.000,1.88,0,0,0,0,31.02,2,0.0,,,
2070,2.3440,-0.1157,-0.0441,2.860,good,0.000,4.04,0,0,0,0,43.33,3,0.0,,,
2071,2.3440,-0.1141,0.1299,3.001,good,0.003,6.66,0,0,0,0,39.22,3,0.0,,,
2072,2.3440,-0.1122,0.2056,2.904,good,0.001,6.74,0,0,0,0,40.87,3,0.0,,,
2073,2.3440,-0.1165,0.1869,2.432,insect,1.000,7.24,1,1,1,0,56.77,3,3.1,55|56,2036,
2074,2.3440,-0.1106,0.0388,2.995,good,0.001,4.08,0,0,0,0,37.97,3,0.0,,,
2075,2.3440,-0.1086,-0.1037,3.120,good,0.217,3.72,0,0,0,0,34.48,3,0.0,,,
2076,2.3440,-0.1092,-0.0284,2.882,broken,0.959,3.22,1,1,1,0,40.20,3,2.4,28,2028,
2081,2.3440,-0.1171,0.1475,2.978,good,0.019,4.01,0,0,0,0,40.46,2,0.0,,,
2078,2.3480,-0.1113,0.0618,3.001,good,0.003,2.66,0,0,0,0,32.55,3,0.0,,,
2079,2.3480,-0.1099,-0.0123,2.864,good,0.005,2.36,0,0,0,0,35.37,3,0.0,,,
2080,2.3480,-0.1082,-0.1809,2.990,good,0.000,2.10,0,0,0,0,31.67,3,0.0,,,
2084,2.3480,-0.1174,-0.2060,3.045,good,0.011,3.31,0,0,0,0,33.38,2,0.0,,,
2082,2.3520,-0.1122,0.0526,3.032,good,0.000,8.29,0,0,0,0,36.11,3,0.0,,,
2083,2.3520,-0.1152,0.0273,2.749,faded,1.000,4.64,1,1,1,0,44.38,3,3.2,35,2038,
2087,2.3520,-0.1193,-0.0056,2.992,good,0.095,3.18,0,0,0,0,39.31,2,0.0,,,
2088,2.3520,-0.1180,0.0751,3.000,sour,1.000,12.93,1,1,1,0,38.62,2,3.2,41,2048,2048
2085,2.3560,-0.1094,-0.2328,2.925,good,0.000,2.82,0,0,0,0,39.87,3,0.0,,,
2086,2.3560,-0.1092,-0.1094,2.830,faded,0.985,3.21,1,1,1,0,42.16,3,3.2,18|17,2054,2054
2089,2.3600,-0.1126,0.1420,3.000,good,0.064,5.55,0,0,0,0,34.04,3,0.0,,,
2090,2.3600,-0.1082,-0.1014,3.000,good,0.000,2.77,0,0,0,0,32.51,3,0.0,,,
2092,2.3600,-0.1160,-0.0292,2.996,good,0.001,3.11,0,0,0,0,35.15,2,0.0,,,
2091,2.3640,-0.1111,-0.0708,3.000,good,0.000,3.27,0,0,0,0,37.18,3,0.0,,,
2098,2.3640,-0.1199,-0.1445,2.986,good,0.000,3.20,0,0,0,0,40.37,2,0.0,,,
2101,2.3640,-0.1186,-0.1728,3.033,good,0.047,4.40,0,0,0,0,38.76,2,0.0,,,
2102,2.3640,-0.1194,0.1951,2.999,good,0.025,7.65,0,0,0,0,39.76,2,0.0,,,
2093,2.3680,-0.1141,-0.2196,2.989,good,0.000,1.83,0,0,0,0,33.94,3,0.0,,,
2094,2.3680,-0.1162,-0.0666,2.170,good,0.035,2.78,0,0,0,0,61.84,3,0.0,,,
2095,2.3680,-0.1080,-0.2407,3.020,good,0.001,3.19,0,0,0,0,31.07,3,0.0,,,
2096,2.3680,-0.1091,0.0034,2.981,good,0.000,3.14,0,0,0,0,32.28,3,0.0,,,
2097,2.3680,-0.1089,0.1760,2.790,good,0.361,2.91,0,0,0,0,36.97,3,0.0,,,
2099,2.3680,-0.1080,0.1199,3.007,good,0.014,3.29,0,0,0,0,31.22,3,0.0,,,
2100,2.3680,-0.1118,-0.2046,2.422,good,0.001,3.36,0,0,0,0,49.48,3,0.0,,,
2105,2.3680,-0.1174,-0.0367,3.002,black,1.000,50.18,1,1,1,0,34.41,2,3.2,27,2088,2088
2103,2.3720,-0.1089,-0.0484,3.410,good,0.025,2.58,0,0,0,0,22.96,3,0.0,,,
2104,2.3720,-0.1100,0.1015,3.037,good,0.000,3.28,0,0,0,0,30.77,3,0.0,,,
2106,2.3760,-0.1143,-0.0769,3.003,good,0.000,2.68,0,0,0,0,34.63,3,0.0,,,
2107,2.3760,-0.1121,0.0168,3.003,good,0.000,1.99,0,0,0,0,33.83,3,0.0,,,
2108,2.3760,-0.1101,0.0287,3.001,sour,1.000,13.89,1,1,1,0,33.19,3,3.2,35,2063,2063
2112,2.3760,-0.1177,-0.0555,3.135,good,0.004,2.90,0,0,0,0,32.52,2,0.0,,,
2113,2.3760,-0.1167,-0.1052,2.990,good,0.000,4.02,0,0,0,0,35.50,2,0.0,,,
2109,2.3800,-0.1148,0.0255,2.999,good,0.001,2.20,0,0,0,0,44.56,3,0.0,,,
2110,2.3800,-0.1152,0.1910,2.996,good,0.001,2.22,0,0,0,0,44.68,3,0.0,,,
2111,2.3800,-0.1098,-0.0158,2.999,good,0.000,1.94,0,0,0,0,42.75,3,0.0,,,
2114,2.3840,-0.1199,0.0500,3.006,good,0.001,2.38,0,0,0,0,38.43,2,0.0,,,
2116,2.3880,-0.1192,0.1848,3.372,good,0.001,1.99,0,0,0,0,28.74,2,0.0,,,
2115,2.3920,-0.1093,0.1625,3.005,faded,0.952,4.86,1,1,1,0,31.97,3,3.2,52|53,2092,2092
2117,2.3920,-0.1083,0.0450,3.012,good,0.145,8.43,0,0,0,0,31.35,3,0.0,,,
2119,2.3920,-0.1195,-0.0468,3.002,good,0.000,2.35,0,0,0,0,35.28,2,0.0,,,
2118,2.3960,-0.1099,0.2094,2.964,good,0.000,2.36,0,0,0,0,32.43,3,0.0,,,
2124,2.3960,-0.1184,0.0004,2.348,good,0.000,5.23,0,0,0,0,54.60,2,0.0,,,
2128,2.3960,-0.1087,-0.0010,3.000,good,0.016,3.22,0,0,0,0,31.13,1,0.0,,,
2120,2.4000,-0.1127,-0.2312,2.998,sour,1.000,12.73,1,1,1,0,34.75,3,3.2,2,2102,2102
2121,2.4000,-0.1123,-0.0099,3.004,good,0.000,4.27,0,0,0,0,34.35,3,0.0,,,
2122,2.4000,-0.1204,0.1738,3.350,good,0.001,5.01,0,0,0,0,25.44,2,0.0,,,
2123,2.4000,-0.1139,-0.1541,2.242,sour,1.000,22.40,1,1,1,0,59.01,3,3.2,12,2097,
2126,2.4000,-0.1182,0.0206,3.291,good,0.005,2.36,0,0,0,0,29.88,2,0.0,,,
2127,2.4000,-0.1177,-0.1053,3.143,good,0.001,1.68,0,0,0,0,32.79,2,0.0,,,
2133,2.4000,-0.1070,0.1705,3.000,good,0.002,4.88,0,0,0,0,32.50,1,0.0,,,
2125,2.4040,-0.1097,0.1601,2.984,good,0.002,2.57,0,0,0,0,30.02,3,0.0,,,
2132,2.4040,-0.1139,0.1336,3.450,good,0.000,2.17,0,0,0,0,21.68,2,0.0,,,
2138,2.4040,-0.1050,0.0172,3.000,good,0.003,2.52,0,0,0,0,28.01,1,0.0,,,
2129,2.4080,-0.1146,-0.1049,2.999,good,0.000,3.22,0,0,0,0,29.93,3,0.0,,,
2130,2.4080,-0.1085,0.1182,3.001,good,0.000,2.17,0,0,0,0,27.77,3,0.0,,,
2131,2.4080,-0.1103,0.0418,2.682,good,0.053,3.18,0,0,0,0,36.66,3,0.0,,,
2137,2.4080,-0.1196,-0.0577,3.338,good,0.000,3.32,0,0,0,0,24.03,2,0.0,,,
2134,2.4120,-0.1121,0.0789,3.267,broken,0.771,2.25,1,1,1,0,34.36,3,2.4,42|41,2110,
2135,2.4120,-0.1145,0.1424,3.002,good,0.001,8.28,0,0,0,0,40.79,3,0.0,,,
2136,2.4120,-0.1118,-0.1944,2.999,shell,1.000,8.93,1,1,1,0,39.92,3,2.4,7|6,2129,2129
2142,2.4120,-0.1185,0.0394,2.845,insect,1.000,5.14,1,1,1,0,46.07,2,3.1,37|36,2116,2116
2143,2.4120,-0.1175,-0.2284,3.002,good,0.000,2.85,0,0,0,0,41.60,2,0.0,,,
2144,2.4120,-0.1164,-0.1108,3.006,good,0.001,3.73,0,0,0,0,41.10,2,0.0,,,
2139,2.4160,-0.1142,0.0524,3.137,good,0.000,4.03,0,0,0,0,29.40,3,0.0,,,
2140,2.4160,-0.1124,0.1611,2.984,good,0.010,8.61,0,0,0,0,32.25,3,0.0,,,
2141,2.4160,-0.1129,-0.0998,3.006,good,0.001,2.57,0,0,0,0,31.81,3,0.0,,,
2145,2.4200,-0.1108,0.2103,2.784,good,0.001,2.29,0,0,0,0,45.49,3,0.0,,,
2149,2.4200,-0.1195,-0.1807,3.017,broken,0.967,2.07,1,1,1,0,42.43,2,2.4,8|9,2104,2104
2150,2.4200,-0.1173,-0.2126,3.013,black,1.000,52.47,1,1,1,0,41.73,2,3.2,4,2117,2117
2151,2.4200,-0.1144,-0.0469,3.295,good,0.000,2.72,0,0,0,0,34.63,2,0.0,,,
2146,2.4240,-0.1141,0.2155,3.000,good,0.000,3.38,0,0,0,0,29.93,3,0.0,,,
2147,2.4240,-0.1128,0.0321,2.998,good,0.000,2.22,0,0,0,0,29.46,3,0.0,,,
2148,2.4240,-0.1121,-0.2225,2.923,black,1.000,49.16,1,1,1,0,30.99,3,3.2,3,2118,
2155,2.4280,-0.1188,-0.1629,3.344,good,0.000,2.78,0,0,0,0,24.70,2,0.0,,,
2156,2.4280,-0.1297,0.0465,3.000,good,0.250,7.48,0,0,0,0,31.83,1,0.0,,,
2157,2.4280,-0.1176,0.2156,3.003,good,0.000,3.23,0,0,0,0,31.69,2,0.0,,,
2158,2.4280,-0.1179,0.0898,3.096,good,0.007,2.96,0,0,0,0,29.51,2,0.0,,,
2163,2.4280,-0.1186,0.0430,3.000,good,0.009,2.89,0,0,0,0,31.99,1,0.0,,,
2164,2.4280,-0.1171,0.0514,3.000,insect,1.000,6.03,1,1,1,0,31.47,1,3.1,38,2122,
2152,2.4320,-0.1159,0.0021,2.918,good,0.001,2.31,0,0,0,0,32.29,3,0.0,,,
2153,2.4320,-0.1283,-0.1866,2.522,good,0.001,2.45,0,0,0,0,44.73,2,0.0,,,
2154,2.4320,-0.1122,0.0677,2.878,good,0.000,2.85,0,0,0,0,31.90,3,0.0,,,
2160,2.4320,-0.1182,0.0472,3.328,good,0.191,6.35,0,0,0,0,23.70,2,0.0,,,
2161,2.4320,-0.1157,-0.0661,3.450,good,0.001,2.37,0,0,0,0,20.62,2,0.0,,,
2162,2.4320,-0.1178,-0.1684,2.924,good,0.000,3.50,0,0,0,0,32.54,2,0.0,,,
2167,2.4320,-0.1182,-0.1898,3.000,good,0.001,2.32,0,0,0,0,30.79,1,0.0,,,
2159,2.4360,-0.1095,0.1232,2.990,good,0.000,2.53,0,0,0,0,29.71,3,0.0,,,
2165,2.4360,-0.1192,0.1900,2.991,good,0.000,2.57,0,0,0,0,32.89,2,0.0,,,
2166,2.4360,-0.1302,-0.0196,3.000,good,0.000,2.78,0,0,0,0,32.33,1,0.0,,,
2173,2.4360,-0.1042,0.0056,3.000,good,0.001,2.24,0,0,0,0,27.66,1,0.0,,,
2170,2.4400,-0.1165,0.0308,3.076,good,0.009,6.14,0,0,0,0,40.40,2,0.0,,,
2171,2.4400,-0.1184,0.1560,3.003,good,0.000,2.05,0,0,0,0,42.68,2,0.0,,,
2172,2.4400,-0.1236,-0.0217,3.000,faded,0.941,13.57,1,1,1,0,40.49,1,3.2,29,2152,
2178,2.4400,-0.1166,-0.0252,3.000,faded,0.929,4.68,1,1,1,0,42.13,1,3.2,28,2152,2152
2168,2.4440,-0.1109,-0.1239,3.265,good,0.000,2.16,0,0,0,0,26.94,3,0.0,,,
2169,2.4440,-0.1085,-0.0516,2.989,good,0.000,2.42,0,0,0,0,32.01,3,0.0,,,
2177,2.4440,-0.1175,0.1361,2.989,good,0.011,3.67,0,0,0,0,34.95,2,0.0,,,
2174,2.4480,-0.1153,-0.1638,3.020,good,0.000,2.58,0,0,0,0,38.89,3,0.0,,,
2175,2.4480,-0.1124,-0.0283,3.230,good,0.001,3.57,0,0,0,0,33.28,3,0.0,,,
2176,2.4480,-0.1160,0.1071,3.000,good,0.004,5.48,0,0,0,0,39.47,3,0.0,,,
2180,2.4480,-0.1181,0.0684,3.001,good,0.000,4.57,0,0,0,0,40.12,2,0.0,,,
2179,2.4520,-0.1102,0.1776,3.000,good,0.001,2.97,0,0,0,0,40.80,3,0.0,,,
2183,2.4520,-0.1166,0.0597,3.041,good,0.000,3.72,0,0,0,0,41.84,2,0.0,,,
2181,2.4560,-0.1152,-0.1659,2.971,good,0.001,2.71,0,0,0,0,44.03,3,0.0,,,
2182,2.4560,-0.1110,-0.0312,2.994,good,0.029,3.72,0,0,0,0,42.03,3,0.0,,,
2186,2.4560,-0.1179,0.2143,2.999,good,0.023,4.62,0,0,0,0,44.16,2,0.0,,,
2187,2.4560,-0.1172,-0.0901,3.000,good,0.000,2.46,0,0,0,0,43.83,2,0.0,,,
2184,2.4600,-0.1138,-0.1934,3.019,good,0.001,2.14,0,0,0,0,34.84,3,0.0,,,
2185,2.4600,-0.1091,-0.2033,3.057,broken,0.992,2.02,1,1,1,0,32.40,3,2.4,5|6,2176,2176
2189,2.4600,-0.1200,0.1899,3.000,good,0.000,1.90,0,0,0,0,37.22,2,0.0,,,
2190,2.4600,-0.1177,-0.1596,2.899,good,0.019,2.00,0,0,0,0,38.98,2,0.0,,,
2188,2.4640,-0.1109,-0.0500,3.001,black,1.000,55.27,1,1,1,0,42.21,3,3.2,25,2174,2174
2193,2.4640,-0.1182,0.1264,3.052,good,0.024,3.10,0,0,0,0,43.34,2,0.0,,,
2194,2.4640,-0.1286,0.1891,3.000,good,0.001,5.09,0,0,0,0,44.02,1,0.0,,,
2191,2.4680,-0.1133,0.0058,2.999,good,0.000,2.18,0,0,0,0,29.63,3,0.0,,,
2192,2.4680,-0.1107,-0.0970,2.657,good,0.112,4.03,0,0,0,0,37.74,3,0.0,,,
2196,2.4680,-0.1157,0.1434,3.039,good,0.000,2.81,0,0,0,0,29.37,2,0.0,,,
2195,2.4720,-0.1125,0.0793,3.006,good,0.040,3.71,0,0,0,0,29.94,3,0.0,,,
2201,2.4720,-0.1177,-0.1131,2.998,good,0.000,2.23,0,0,0,0,31.80,2,0.0,,,
2210,2.4720,-0.1000,-0.0933,3.000,good,0.189,3.89,0,0,0,0,25.86,1,0.0,,,
2197,2.4760,-0.1370,-0.0545,3.000,good,0.002,6.44,0,0,0,0,31.81,1,0.0,,,
2198,2.4760,-0.1081,-0.0984,3.080,good,0.003,18.90,1,1,1,0,28.24,3,9.0,19|18|20,2189,2189
2199,2.4760,-0.1225,0.0497,2.856,good,0.001,1.91,0,0,0,0,34.51,2,0.0,,,
2200,2.4760,-0.1096,-0.1004,3.016,good,0.373,16.10,0,0,0,0,30.04,3,0.0,,,
2208,2.4760,-0.1130,-0.0511,3.032,good,0.002,2.37,0,0,0,0,30.79,2,0.0,,,
2209,2.4760,-0.1128,-0.0586,3.006,good,0.005,3.53,0,0,0,0,31.30,2,0.0,,,
2213,2.4760,-0.1111,0.0458,3.000,good,0.000,1.86,0,0,0,0,30.85,1,0.0,,,
2202,2.4800,-0.1147,0.0752,2.938,good,0.000,2.02,0,0,0,0,41.88,3,0.0,,,
2203,2.4800,-0.1135,0.0511,2.982,good,0.000,4.48,0,0,0,0,40.38,3,0.0,,,
2204,2.4800,-0.1105,-0.0403,3.002,good,0.000,5.36,0,0,0,0,38.86,3,0.0,,,
2205,2.4800,-0.1091,-0.2339,2.987,good,0.001,2.60,0,0,0,0,38.68,3,0.0,,,
2206,2.4800,-0.1085,-0.2054,2.995,good,0.000,2.04,0,0,0,0,38.28,3,0.0,,,
2207,2.4800,-0.1092,-0.0568,2.959,good,0.008,5.93,0,0,0,0,39.30,3,0.0,,,
2212,2.4800,-0.1196,-0.1731,2.967,good,0.000,1.42,0,0,0,0,42.58,2,0.0,,,
2211,2.4840,-0.1114,0.1618,2.991,good,0.000,1.93,0,0,0,0,28.93,3,0.0,,,
2216,2.4840,-0.1200,-0.0740,3.279,good,0.000,1.92,0,0,0,0,25.26,2,0.0,,,
2214,2.4880,-0.1147,-0.0846,3.128,good,0.000,2.42,0,0,0,0,31.11,3,0.0,,,
2215,2.4880,-0.1148,0.0741,2.543,good,0.000,2.40,0,0,0,0,46.87,3,0.0,,,
2220,2.4880,-0.1165,-0.2034,2.999,good,0.001,13.41,0,0,0,0,34.55,2,0.0,,,
2217,2.4920,-0.1158,0.0959,3.120,good,0.020,2.83,0,0,0,0,29.93,3,0.0,,,
2218,2.4920,-0.1145,-0.1367,3.004,faded,0.998,4.64,1,1,1,0,32.10,3,3.2,14,2187,2187
2219,2.4920,-0.1103,-0.2392,3.198,good,0.000,1.60,0,0,0,0,26.41,3,0.0,,,
2222,2.4920,-0.1167,0.1108,2.996,good,0.006,5.73,0,0,0,0,32.96,2,0.0,,,
2223,2.4920,-0.1172,0.0172,3.103,broken,1.000,9.52,1,1,1,0,30.58,2,2.4,34|33,2203,
2224,2.4920,-0.1126,0.1211,2.971,black,1.000,50.76,1,1,1,0,32.06,2,3.2,47,2210,2210
2221,2.4960,-0.1137,0.0417,3.009,good,0.000,4.25,0,0,0,0,30.99,3,0.0,,,
2228,2.4960,-0.1154,0.1548,3.173,shell,0.995,9.87,1,1,1,0,27.79,2,2.4,51|52,2237,
2225,2.5000,-0.1175,-0.2028,2.792,good,0.004,3.16,0,0,0,0,38.09,3,0.0,,,
2226,2.5000,-0.1128,-0.2202,2.990,good,0.000,1.70,0,0,0,0,31.29,3,0.0,,,
2227,2.5000,-0.1088,-0.0721,3.035,good,0.000,1.87,0,0,0,0,28.84,3,0.0,,,
2231,2.5000,-0.1173,0.0407,3.005,black,1.000,43.89,1,1,1,0,32.34,2,3.2,37,2190,2190
2232,2.5000,-0.1170,-0.0857,2.997,good,0.000,2.30,0,0,0,0,32.37,2,0.0,,,
2229,2.5040,-0.1152,-0.1294,3.000,good,0.001,2.36,0,0,0,0,43.56,3,0.0,,,
2230,2.5040,-0.1090,0.0416,3.450,good,0.029,17.07,0,0,0,0,32.35,3,0.0,,,
2235,2.5040,-0.1195,-0.1079,2.939,good,0.000,2.48,0,0,0,0,46.41,2,0.0,,,
2233,2.5080,-0.1120,0.1741,2.977,good,0.019,4.37,0,0,0,0,40.48,3,0.0,,,
2234,2.5080,-0.1094,-0.0730,3.007,good,0.001,2.47,0,0,0,0,38.81,3,0.0,,,
2239,2.5080,-0.1169,-0.1988,3.008,good,0.001,2.20,0,0,0,0,41.27,2,0.0,,,
2240,2.5080,-0.1165,-0.1882,3.205,good,0.081,4.03,0,0,0,0,36.66,2,0.0,,,
2236,2.5120,-0.1119,-0.1217,3.197,faded,0.995,4.06,1,1,1,0,29.72,3,3.2,16,2212,
2237,2.5120,-0.1122,-0.0595,3.055,good,0.009,4.41,0,0,0,0,32.80,3,0.0,,,
2238,2.5120,-0.1114,-0.2050,3.075,faded,1.000,4.97,1,1,1,0,32.03,3,3.2,5,2217,2217
2245,2.5120,-0.1187,0.0947,2.995,good,0.006,3.98,0,0,0,0,36.29,2,0.0,,,
2246,2.5120,-0.1155,-0.1447,3.013,good,0.028,2.23,0,0,0,0,34.72,2,0.0,,,
2241,2.5160,-0.1162,-0.2237,2.795,good,0.001,1.69,0,0,0,0,48.93,3,0.0,,,
2242,2.5160,-0.1141,0.1572,2.813,good,0.000,1.81,0,0,0,0,47.67,3,0.0,,,
2243,2.5160,-0.1097,0.1088,3.040,faded,0.993,4.93,1,1,1,0,40.48,3,3.2,45|46,2232,2232
2244,2.5160,-0.1085,0.2365,3.033,good,0.003,3.89,0,0,0,0,40.17,3,0.0,,,
2248,2.5160,-0.1175,-0.1367,3.450,faded,0.998,6.62,1,1,1,0,34.44,2,3.2,14,2274,
2247,2.5200,-0.1377,-0.2459,3.000,good,0.001,7.57,0,0,0,0,28.35,1,0.0,,,
2250,2.5200,-0.1198,0.1588,3.004,good,0.002,2.85,0,0,0,0,30.16,2,0.0,,,
2252,2.5200,-0.1149,-0.2214,2.943,good,0.023,9.32,0,0,0,0,29.98,2,0.0,,,
2253,2.5200,-0.1158,-0.0349,3.150,good,0.000,2.72,0,0,0,0,25.42,2,0.0,,,
2257,2.5200,-0.1029,0.1539,3.000,good,0.000,1.86,0,0,0,0,24.51,1,0.0,,,
2249,2.5240,-0.1127,0.2073,2.642,faded,0.999,6.32,1,1,1,0,40.03,3,3.2,58,2196,
2251,2.5240,-0.1323,-0.2432,3.000,good,0.001,7.36,0,0,0,0,28.94,1,0.0,,,
2255,2.5240,-0.1184,0.0719,3.038,good,0.001,6.39,0,0,0,0,31.34,2,0.0,,,
2256,2.5240,-0.1184,-0.2401,2.011,good,0.023,7.42,0,0,0,0,67.95,2,0.0,,,
2254,2.5280,-0.1121,0.1619,3.035,good,0.001,3.05,0,0,0,0,29.54,3,0.0,,,
2263,2.5280,-0.1153,-0.1581,3.041,good,0.000,2.09,0,0,0,0,30.42,2,0.0,,,
2266,2.5280,-0.1099,-0.2366,3.000,good,0.009,5.34,0,0,0,0,29.57,1,0.0,,,
2258,2.5320,-0.1159,-0.0127,2.997,good,0.000,2.11,0,0,0,0,33.78,3,0.0,,,
2259,2.5320,-0.1152,0.0441,3.001,good,0.000,2.67,0,0,0,0,33.37,3,0.0,,,
2260,2.5320,-0.1139,0.1005,2.996,good,0.000,2.45,0,0,0,0,33.02,3,0.0,,,
2261,2.5320,-0.1085,-0.1450,3.002,good,0.000,7.17,0,0,0,0,31.02,3,0.0,,,
2262,2.5320,-0.1108,-0.0922,3.164,good,0.000,2.24,0,0,0,0,28.16,3,0.0,,,
2265,2.5320,-0.1132,-0.1240,3.129,good,0.030,6.51,0,0,0,0,29.62,2,0.0,,,
2264,2.5360,-0.1133,-0.2309,3.000,good,0.005,3.26,0,0,0,0,34.39,3,0.0,,,
2267,2.5400,-0.1254,0.1434,2.458,good,0.008,6.93,0,0,0,0,57.74,2,0.0,,,
2270,2.5400,-0.1184,0.1906,3.016,good,0.003,3.18,0,0,0,0,42.38,2,0.0,,,
2271,2.5400,-0.1182,-0.1581,2.967,good,0.000,2.91,0,0,0,0,43.45,2,0.0,,,
2273,2.5400,-0.1155,0.1464,3.000,good,0.001,3.95,0,0,0,0,41.76,1,0.0,,,
2268,2.5440,-0.1137,-0.2094,2.993,good,0.000,3.51,0,0,0,0,36.35,3,0.0,,,
2269,2.5440,-0.1101,0.1007,2.996,good,0.000,1.95,0,0,0,0,35.04,3,0.0,,,
2272,2.5440,-0.1199,0.1388,2.992,sour,1.000,28.15,1,1,1,0,38.35,2,3.2,49,2236,
2277,2.5480,-0.1169,-0.2062,3.038,good,0.001,2.80,0,0,0,0,36.70,2,0.0,,,
2274,2.5520,-0.1122,0.0933,2.998,good,0.000,1.92,0,0,0,0,37.90,3,0.0,,,
2275,2.5520,-0.1121,0.1169,2.873,good,0.008,3.33,0,0,0,0,40.90,3,0.0,,,
2276,2.5520,-0.1105,0.1505,3.011,good,0.015,13.46,0,0,0,0,36.95,3,0.0,,,
2280,2.5520,-0.1163,-0.0284,3.319,good,0.002,10.13,0,0,0,0,32.15,2,0.0,,,
2281,2.5520,-0.1182,0.1794,2.976,black,1.000,50.48,1,1,1,0,40.27,2,3.2,54|55,2247,
2278,2.5560,-0.1114,-0.1030,2.999,good,0.000,5.00,0,0,0,0,35.48,3,0.0,,,
2279,2.5560,-0.1094,0.0040,3.016,good,0.317,3.23,0,0,0,0,34.35,3,0.0,,,
2282,2.5560,-0.1190,-0.0758,3.176,good,0.000,2.07,0,0,0,0,33.83,2,0.0,,,
2283,2.5560,-0.1191,0.1115,3.003,good,0.001,5.62,0,0,0,0,37.80,2,0.0,,,
2284,2.5560,-0.1181,0.2296,3.003,black,1.000,50.56,1,1,1,0,37.42,2,3.2,61,2243,2243
2285,2.5640,-0.1132,0.0689,3.005,good,0.000,2.24,0,0,0,0,43.48,3,0.0,,,
2286,2.5640,-0.1107,-0.1502,3.112,good,0.138,3.69,0,0,0,0,40.19,3,0.0,,,
2287,2.5640,-0.1092,-0.0781,2.906,good,0.016,2.84,0,0,0,0,44.43,3,0.0,,,
2288,2.5680,-0.1141,0.1466,3.000,good,0.000,1.78,0,0,0,0,32.21,3,0.0,,,
2289,2.5680,-0.1119,0.0948,2.999,good,0.000,2.01,0,0,0,0,31.43,3,0.0,,,
2290,2.5680,-0.1090,0.2317,2.993,good,0.005,5.56,0,0,0,0,30.56,3,0.0,,,
2291,2.5680,-0.1097,0.0261,3.000,insect,1.000,5.98,1,1,1,0,30.60,3,3.1,35,2261,2261
2292,2.5680,-0.1118,0.1324,2.999,good,0.000,3.51,0,0,0,0,31.23,3,0.0,,,
2295,2.5680,-0.1195,-0.2143,2.896,good,0.003,3.36,0,0,0,0,36.34,2,0.0,,,
2296,2.5680,-0.1180,-0.0056,3.092,good,0.001,3.08,0,0,0,0,31.03,2,0.0,,,
2293,2.5720,-0.1178,-0.1193,2.653,good,0.000,2.36,0,0,0,0,42.23,3,0.0,,,
2294,2.5720,-0.1099,0.0893,2.986,good,0.000,2.50,0,0,0,0,30.37,3,0.0,,,
2300,2.5720,-0.1190,-0.2213,2.854,broken,0.999,2.21,1,1,1,0,36.78,2,2.4,3,2273,2273
2301,2.5720,-0.1170,-0.1611,3.156,good,0.001,2.51,0,0,0,0,28.73,2,0.0,,,
2297,2.5760,-0.1132,0.0346,3.005,good,0.000,2.30,0,0,0,0,32.45,3,0.0,,,
2298,2.5760,-0.1134,-0.0656,2.605,good,0.004,2.98,0,0,0,0,43.37,3,0.0,,,
2299,2.5760,-0.1093,0.0818,2.866,good,0.000,4.07,0,0,0,0,34.43,3,0.0,,,
2304,2.5760,-0.1186,0.1787,3.022,good,0.031,3.57,0,0,0,0,33.69,2,0.0,,,
2305,2.5760,-0.1159,-0.1687,3.450,good,0.000,2.55,0,0,0,0,23.91,2,0.0,,,
2306,2.5760,-0.1120,0.1647,3.010,stick,1.000,67.20,1,1,1,0,31.73,2,2.4,53|52,2254,2254
2307,2.5760,-0.1161,0.0258,3.003,good,0.000,1.73,0,0,0,0,33.20,2,0.0,,,
2302,2.5800,-0.1124,-0.1216,2.962,good,0.000,3.70,0,0,0,0,30.79,3,0.0,,,
2303,2.5800,-0.1113,-0.0803,2.916,good,0.000,2.93,0,0,0,0,31.46,3,0.0,,,
2312,2.5800,-0.1185,-0.0375,2.990,sour,1.000,13.51,1,1,1,0,32.06,2,3.2,27|26,2296,2296
2313,2.5800,-0.1305,-0.2009,3.000,good,0.001,8.56,0,0,0,0,31.79,1,0.0,,,
2314,2.5800,-0.1164,0.1065,3.006,good,0.000,2.57,0,0,0,0,30.91,2,0.0,,,
2318,2.5800,-0.1193,-0.2044,3.000,good,0.000,8.44,0,0,0,0,32.00,1,0.0,,,
2319,2.5800,-0.1037,-0.0614,3.000,good,0.066,3.46,0,0,0,0,26.78,1,0.0,,,
2308,2.5840,-0.1130,-0.2216,3.020,faded,0.947,3.81,1,1,1,0,38.67,3,3.1,3,2278,2278
2309,2.5840,-0.1131,0.0634,3.003,good,0.000,2.48,0,0,0,0,39.04,3,0.0,,,
2310,2.5840,-0.1110,-0.0826,2.947,good,0.000,4.26,0,0,0,0,39.61,3,0.0,,,
2311,2.5840,-0.1124,0.0325,2.833,good,0.005,2.06,0,0,0,0,42.94,3,0.0,,,
2317,2.5840,-0.1165,0.1148,3.118,faded,0.976,4.34,1,1,1,0,37.38,2,3.2,46,2295,
2325,2.5840,-0.1081,-0.2079,3.000,good,0.001,8.41,0,0,0,0,37.28,1,0.0,,,
2315,2.5880,-0.1124,-0.1149,2.861,good,0.001,2.96,0,0,0,0,39.47,3,0.0,,,
2316,2.5880,-0.1127,-0.0844,2.595,good,0.001,2.54,0,0,0,0,47.13,3,0.0,,,
2320,2.5920,-0.1146,0.1215,3.026,good,0.009,3.75,0,0,0,0,31.08,3,0.0,,,
2321,2.5920,-0.1107,0.0347,3.425,good,0.000,2.18,0,0,0,0,21.64,3,0.0,,,
2322,2.5920,-0.1133,0.2011,3.030,good,0.036,4.26,0,0,0,0,30.50,3,0.0,,,
2323,2.5920,-0.1123,0.2212,2.998,good,0.001,3.12,0,0,0,0,30.85,3,0.0,,,
2324,2.5920,-0.1087,0.1540,2.983,good,0.006,2.43,0,0,0,0,29.96,3,0.0,,,
2328,2.5920,-0.1192,-0.0848,2.609,good,0.000,1.79,0,0,0,0,43.99,2,0.0,,,
2326,2.5960,-0.1112,-0.2044,2.993,good,0.000,1.58,0,0,0,0,32.23,3,0.0,,,
2327,2.5960,-0.1091,-0.2154,3.003,good,0.001,2.56,0,0,0,0,31.23,3,0.0,,,
2331,2.5960,-0.1161,-0.0533,3.000,good,0.000,2.96,0,0,0,0,33.61,2,0.0,,,
2332,2.5960,-0.1172,-0.1865,3.075,good,0.000,1.78,0,0,0,0,32.15,2,0.0,,,
2333,2.5960,-0.1132,-0.0386,3.450,faded,0.992,4.23,1,1,1,0,23.27,2,3.2,27|26,2310,
2329,2.6000,-0.1121,-0.1492,3.017,good,0.000,2.49,0,0,0,0,30.05,3,0.0,,,
2330,2.6000,-0.1120,0.1301,2.905,good,0.001,4.11,0,0,0,0,32.68,3,0.0,,,
2341,2.6000,-0.1184,-0.1212,2.998,good,0.000,2.07,0,0,0,0,32.48,2,0.0,,,
2334,2.6040,-0.1156,-0.1263,3.000,good,0.001,2.31,0,0,0,0,35.39,3,0.0,,,
2335,2.6040,-0.1151,-0.0939,2.992,good,0.000,2.67,0,0,0,0,35.29,3,0.0,,,
2336,2.6040,-0.1139,0.2098,2.989,good,0.004,2.86,0,0,0,0,34.93,3,0.0,,,
2337,2.6040,-0.1124,0.0275,2.767,good,0.000,2.60,0,0,0,0,40.09,3,0.0,,,
2338,2.6040,-0.1108,0.0603,2.931,good,0.000,2.80,0,0,0,0,35.19,3,0.0,,,
2339,2.6040,-0.1087,0.0949,2.999,faded,0.979,3.72,1,1,1,0,32.84,3,3.2,44|43,2315,2315
2340,2.6040,-0.1094,0.1271,2.995,good,0.003,2.17,0,0,0,0,33.14,3,0.0,,,
2344,2.6040,-0.1172,0.1647,3.000,good,0.000,1.86,0,0,0,0,35.55,2,0.0,,,
2347,2.6040,-0.1171,-0.0745,3.000,good,0.000,2.28,0,0,0,0,35.50,1,0.0,,,
2342,2.6080,-0.1136,-0.0720,2.671,good,0.001,6.61,0,0,0,0,48.87,3,0.0,,,
2343,2.6080,-0.1131,0.0939,2.991,broken,0.989,2.69,1,1,1,0,40.06,3,2.4,44|43,2332,2332
2345,2.6120,-0.1074,0.2229,3.450,good,0.022,7.66,0,0,0,0,27.16,3,0.0,,,
2346,2.6120,-0.1094,-0.2159,3.003,good,0.000,1.85,0,0,0,0,36.74,3,0.0,,,
2349,2.6120,-0.1193,0.1736,2.997,good,0.000,2.22,0,0,0,0,40.13,2,0.0,,,
2350,2.6120,-0.1191,0.1966,2.999,good,0.004,6.63,0,0,0,0,39.97,2,0.0,,,
2348,2.6160,-0.1125,-0.0156,3.003,good,0.001,1.74,0,0,0,0,34.45,3,0.0,,,
2351,2.6200,-0.1113,0.1017,3.023,good,0.000,1.99,0,0,0,0,41.03,3,0.0,,,
2352,2.6200,-0.1099,0.2090,3.141,good,0.004,2.13,0,0,0,0,37.91,3,0.0,,,
2353,2.6200,-0.1100,-0.0441,2.835,good,0.104,3.16,0,0,0,0,45.12,3,0.0,,,
2356,2.6200,-0.1165,-0.1133,3.001,good,0.005,1.99,0,0,0,0,43.15,2,0.0,,,
2354,2.6240,-0.1165,-0.2155,3.007,good,0.000,4.24,0,0,0,0,41.26,3,0.0,,,
2355,2.6240,-0.1090,0.0593,2.998,good,0.000,8.14,0,0,0,0,38.91,3,0.0,,,
2357,2.6280,-0.1122,-0.0130,2.993,sour,0.820,13.25,1,1,1,0,35.03,3,3.2,30,2306|2324,2306|2324
2358,2.6320,-0.1134,0.0230,3.019,good,0.000,3.96,0,0,0,0,32.43,3,0.0,,,
2360,2.6320,-0.1178,0.0725,3.017,good,0.000,2.07,0,0,0,0,33.90,2,0.0,,,
2359,2.6360,-0.1135,-0.0140,2.815,good,0.000,2.86,0,0,0,0,35.03,3,0.0,,,
2363,2.6360,-0.1185,-0.2019,2.995,good,0.004,2.65,0,0,0,0,32.07,2,0.0,,,
2364,2.6360,-0.1169,0.1649,3.011,good,0.002,2.79,0,0,0,0,31.10,2,0.0,,,
2365,2.6360,-0.1176,-0.0978,2.990,good,0.068,3.44,0,0,0,0,31.82,2,0.0,,,
2361,2.6400,-0.1145,0.0816,3.000,good,0.000,2.02,0,0,0,0,30.44,3,0.0,,,
2362,2.6400,-0.1103,0.2374,2.960,good,0.044,5.29,0,0,0,0,29.94,3,0.0,,,
2366,2.6400,-0.1121,0.2149,3.047,stick,1.000,125.97,1,1,1,0,28.47,2,2.4,59,2329,
2368,2.6400,-0.1195,0.2293,3.137,good,0.000,2.65,0,0,0,0,28.75,2,0.0,,,
2369,2.6400,-0.1196,-0.0529,3.004,good,0.002,2.49,0,0,0,0,31.83,2,0.0,,,
2367,2.6440,-0.1100,0.0095,2.983,good,0.000,7.16,0,0,0,0,30.88,3,0.0,,,
2370,2.6480,-0.1180,-0.0765,2.473,sour,1.000,17.80,1,1,1,0,47.45,3,3.2,22,2330,
2371,2.6480,-0.1127,-0.0961,3.000,good,0.000,1.52,0,0,0,0,30.09,3,0.0,,,
2372,2.6480,-0.1122,0.1658,3.027,good,0.000,2.18,0,0,0,0,29.26,3,0.0,,,
2373,2.6480,-0.1116,-0.1511,3.055,good,0.000,3.27,0,0,0,0,28.40,3,0.0,,,
2374,2.6480,-0.1108,-0.1792,2.970,good,0.001,4.79,0,0,0,0,30.05,3,0.0,,,
2375,2.6480,-0.1086,-0.2298,3.000,good,0.000,2.50,0,0,0,0,28.60,3,0.0,,,
2378,2.6480,-0.1163,-0.0679,3.000,good,0.000,3.12,0,0,0,0,31.05,2,0.0,,,
2376,2.6520,-0.1162,0.2224,2.883,good,0.000,2.04,0,0,0,0,35.48,3,0.0,,,
2377,2.6520,-0.1282,0.1364,2.550,good,0.001,2.33,0,0,0,0,45.92,2,0.0,,,
2380,2.6520,-0.1195,0.1811,3.005,good,0.002,4.24,0,0,0,0,33.42,2,0.0,,,
2381,2.6520,-0.1181,0.1540,3.146,good,0.001,2.50,0,0,0,0,29.68,2,0.0,,,
2387,2.6520,-0.1180,0.1330,3.000,good,0.000,2.18,0,0,0,0,33.02,1,0.0,,,
2379,2.6560,-0.1070,-0.0380,3.283,good,0.000,2.66,0,0,0,0,20.29,3,0.0,,,
2384,2.6560,-0.1199,-0.0119,3.111,good,0.064,7.70,0,0,0,0,27.86,2,0.0,,,
2385,2.6560,-0.1192,0.1268,3.006,good,0.000,1.87,0,0,0,0,30.04,2,0.0,,,
2386,2.6560,-0.1171,-0.1322,3.286,sour,1.000,29.11,1,1,1,0,23.13,2,3.2,15|14,2313,
2382,2.6600,-0.1240,0.1476,3.197,good,0.007,2.08,0,0,0,0,36.10,2,0.0,,,
2383,2.6600,-0.1091,0.1956,3.010,good,0.001,2.55,0,0,0,0,39.44,3,0.0,,,
2395,2.6600,-0.1112,0.1445,3.000,good,0.001,1.87,0,0,0,0,40.38,1,0.0,,,
2388,2.6640,-0.1161,0.0565,2.999,good,0.000,2.10,0,0,0,0,29.11,3,0.0,,,
2389,2.6640,-0.1127,-0.1082,2.991,good,0.000,5.61,0,0,0,0,28.11,3,0.0,,,
2390,2.6640,-0.1090,0.2039,3.010,good,0.000,2.75,0,0,0,0,26.40,3,0.0,,,
2391,2.6640,-0.1068,-0.1826,3.289,good,0.000,2.15,0,0,0,0,19.80,3,0.0,,,
2392,2.6640,-0.1201,-0.0294,3.112,good,0.024,3.73,0,0,0,0,23.59,2,0.0,,,
2394,2.6640,-0.1171,-0.1765,3.109,good,0.025,3.32,0,0,0,0,26.68,2,0.0,,,
2397,2.6640,-0.1076,-0.0254,3.000,good,0.008,3.67,0,0,0,0,26.04,1,0.0,,,
2393,2.6680,-0.1091,-0.1380,2.995,good,0.000,1.58,0,0,0,0,29.73,3,0.0,,,
2396,2.6680,-0.1167,-0.1746,3.003,good,0.010,3.65,0,0,0,0,32.01,2,0.0,,,
2398,2.6760,-0.1106,-0.0426,3.062,good,0.005,2.72,0,0,0,0,24.70,3,0.0,,,
2399,2.6760,-0.1094,0.1487,3.061,good,0.000,4.05,0,0,0,0,24.29,3,0.0,,,
2400,2.6760,-0.1111,-0.2215,2.953,good,0.000,2.32,0,0,0,0,27.33,3,0.0,,,
2401,2.6760,-0.1099,0.0112,3.047,good,0.000,2.34,0,0,0,0,24.69,3,0.0,,,
2402,2.6760,-0.1087,-0.2367,2.934,good,0.001,2.44,0,0,0,0,26.91,3,0.0,,,
2405,2.6760,-0.1174,0.0667,3.003,good,0.123,3.26,0,0,0,0,28.10,2,0.0,,,
2403,2.6800,-0.1153,-0.0683,3.000,good,0.034,2.37,0,0,0,0,33.16,3,0.0,,,
2404,2.6800,-0.1099,0.0553,2.985,good,0.008,3.17,0,0,0,0,31.67,3,0.0,,,
2410,2.6800,-0.1194,-0.1531,2.876,good,0.001,2.52,0,0,0,0,37.58,2,0.0,,,
2406,2.6840,-0.1140,-0.0633,3.077,black,1.000,54.80,1,1,1,0,27.53,3,3.2,23|24,2400,
2407,2.6840,-0.1124,-0.0280,3.003,sour,1.000,12.29,1,1,1,0,28.57,3,3.2,28,2404,2404
2408,2.6840,-0.1123,0.1487,2.946,good,0.000,3.06,0,0,0,0,29.86,3,0.0,,,
2409,2.6840,-0.1089,0.1732,3.001,good,0.000,2.38,0,0,0,0,27.35,3,0.0,,,
2411,2.6880,-0.1113,0.1074,3.003,good,0.070,2.82,0,0,0,0,30.86,3,0.0,,,
2412,2.6880,-0.1106,-0.0545,2.972,good,0.000,2.64,0,0,0,0,31.32,3,0.0,,,
2413,2.6880,-0.1092,0.0638,2.999,good,0.000,3.17,0,0,0,0,30.11,3,0.0,,,
2415,2.6880,-0.1198,0.0754,3.003,broken,0.931,2.85,1,1,1,0,33.50,2,2.4,41,2379,
2416,2.6880,-0.1199,0.1647,2.655,good,0.060,5.63,0,0,0,0,43.06,2,0.0,,,
2417,2.6880,-0.1165,-0.2149,2.982,faded,0.999,4.32,1,1,1,0,32.79,2,3.2,4,2384,2384
2414,2.6920,-0.1105,-0.1513,2.991,good,0.000,1.48,0,0,0,0,29.30,3,0.0,,,
2421,2.6920,-0.1195,0.0661,3.344,good,0.000,3.06,0,0,0,0,24.48,2,0.0,,,
2418,2.6960,-0.1142,0.0316,2.979,good,0.131,2.76,0,0,0,0,35.99,3,0.0,,,
2419,2.6960,-0.1117,0.0185,3.014,good,0.000,4.16,0,0,0,0,34.26,3,0.0,,,
2420,2.6960,-0.1102,-0.1867,3.096,good,0.001,2.28,0,0,0,0,31.87,3,0.0,,,
2422,2.7000,-0.1130,0.1218,3.172,good,0.000,2.19,0,0,0,0,40.29,3,0.0,,,
2423,2.7000,-0.1223,0.0296,3.450,good,0.000,3.57,0,0,0,0,33.52,2,0.0,,,
2424,2.7000,-0.1119,-0.0113,3.005,good,0.000,1.97,0,0,0,0,43.55,3,0.0,,,
2425,2.7000,-0.1109,-0.0918,2.870,good,0.000,2.87,0,0,0,0,46.51,3,0.0,,,
2426,2.7000,-0.1097,0.1930,2.806,good,0.003,9.28,0,0,0,0,47.70,3,0.0,,,
2427,2.7000,-0.1119,0.2435,3.450,stone,1.000,84.20,1,1,1,0,34.36,2,9.1,63|62|64,2451,
2430,2.7040,-0.1173,-0.0585,3.012,good,0.022,3.14,0,0,0,0,42.51,2,0.0,,,
2436,2.7040,-0.1018,0.1902,3.000,good,0.000,2.68,0,0,0,0,37.63,1,0.0,,,
2428,2.7080,-0.1135,0.1037,2.995,good,0.000,2.01,0,0,0,0,34.75,3,0.0,,,
2429,2.7080,-0.1110,0.1911,3.219,good,0.000,1.61,0,0,0,0,28.96,3,0.0,,,
2432,2.7080,-0.1185,-0.0842,3.016,good,0.000,2.73,0,0,0,0,35.81,2,0.0,,,
2433,2.7080,-0.1194,0.2171,3.026,good,0.001,3.31,0,0,0,0,35.79,2,0.0,,,
2434,2.7080,-0.1179,0.0548,2.990,good,0.000,1.65,0,0,0,0,36.11,2,0.0,,,
2435,2.7080,-0.1168,0.2071,2.963,insect,0.881,9.78,1,1,1,0,36.36,2,3.1,58,2396,
2431,2.7120,-0.1139,-0.0563,2.991,black,1.000,56.15,1,1,1,0,31.34,3,3.2,24,2408,
2437,2.7160,-0.1123,0.1995,3.008,good,0.000,2.56,0,0,0,0,29.85,3,0.0,,,
2438,2.7160,-0.1084,-0.0610,3.000,good,0.000,3.76,0,0,0,0,28.69,3,0.0,,,
2442,2.7160,-0.1166,0.0045,2.981,good,0.000,2.54,0,0,0,0,31.85,2,0.0,,,
2439,2.7200,-0.1157,-0.1459,2.900,good,0.001,2.63,0,0,0,0,32.58,3,0.0,,,
2440,2.7200,-0.1127,-0.0465,3.004,good,0.000,2.64,0,0,0,0,28.95,3,0.0,,,
2441,2.7200,-0.1135,0.1535,2.871,good,0.000,2.83,0,0,0,0,32.46,3,0.0,,,
2445,2.7200,-0.1183,0.0216,3.001,good,0.001,2.85,0,0,0,0,30.80,2,0.0,,,
2446,2.7200,-0.1174,0.1865,2.998,good,0.106,2.95,0,0,0,0,30.51,2,0.0,,,
2443,2.7240,-0.1135,-0.1109,3.123,good,0.001,2.31,0,0,0,0,30.62,3,0.0,,,
2444,2.7240,-0.1120,-0.0768,2.998,good,0.000,3.05,0,0,0,0,32.91,3,0.0,,,
2449,2.7240,-0.1192,0.2359,2.873,good,0.001,2.13,0,0,0,0,38.44,2,0.0,,,
2450,2.7240,-0.1159,0.0207,3.050,insect,1.000,3.97,1,1,1,0,32.90,2,3.1,34,2417,
2447,2.7280,-0.1135,0.0479,3.010,broken,0.967,7.05,1,1,1,0,43.21,3,2.4,38|37,2428,2428
2448,2.7280,-0.1138,0.1101,2.997,good,0.000,2.12,0,0,0,0,43.54,3,0.0,,,
2455,2.7280,-0.1167,-0.2070,2.993,good,0.007,3.36,0,0,0,0,44.55,2,0.0,,,
2451,2.7320,-0.1376,0.1037,3.000,good,0.000,3.05,0,0,0,0,34.06,1,0.0,,,
2452,2.7320,-0.1145,0.1457,3.090,black,1.000,48.42,1,1,1,0,32.17,3,3.2,50,2437,
2453,2.7320,-0.1116,0.1228,3.001,good,0.000,2.51,0,0,0,0,33.18,3,0.0,,,
2454,2.7320,-0.1110,-0.0891,2.983,good,0.000,1.92,0,0,0,0,33.40,3,0.0,,,
2457,2.7320,-0.1255,0.1001,3.000,good,0.000,3.11,0,0,0,0,33.81,1,0.0,,,
2461,2.7320,-0.1135,0.0966,3.000,good,0.000,3.28,0,0,0,0,33.81,1,0.0,,,
2456,2.7360,-0.1133,-0.1888,3.016,good,0.164,5.90,0,0,0,0,30.93,3,0.0,,,
2469,2.7360,-0.1016,0.0931,3.000,good,0.000,2.89,0,0,0,0,27.37,1,0.0,,,
2458,2.7400,-0.1137,-0.0494,3.001,good,0.000,2.26,0,0,0,0,29.48,3,0.0,,,
2459,2.7400,-0.1131,-0.0771,2.958,good,0.000,3.78,0,0,0,0,30.23,3,0.0,,,
2460,2.7400,-0.1148,-0.1396,2.687,good,0.000,2.72,0,0,0,0,38.13,3,0.0,,,
2464,2.7400,-0.1197,0.1782,2.997,broken,0.763,3.90,1,1,1,0,31.43,2,2.4,54|55,2440,2440
2465,2.7400,-0.1192,-0.2361,2.795,good,0.059,3.40,0,0,0,0,36.50,2,0.0,,,
2466,2.7400,-0.1171,0.0972,3.272,good,0.001,2.94,0,0,0,0,24.36,2,0.0,,,
2467,2.7400,-0.1193,-0.1889,2.874,broken,0.974,3.41,1,1,1,0,34.31,2,2.4,7|8,2463,2463
2468,2.7400,-0.1169,-0.1741,3.021,good,0.000,3.37,0,0,0,0,29.76,2,0.0,,,
2462,2.7440,-0.1102,0.2266,2.984,good,0.008,4.23,0,0,0,0,27.87,3,0.0,,,
2463,2.7440,-0.1072,-0.0005,3.257,broken,0.782,1.69,1,1,1,0,20.97,3,2.4,31|32,2462,
2473,2.7440,-0.1195,-0.1284,3.009,good,0.000,2.67,0,0,0,0,30.22,2,0.0,,,
2474,2.7440,-0.1181,0.2415,3.007,good,0.000,3.59,0,0,0,0,29.78,2,0.0,,,
2475,2.7440,-0.1148,-0.1914,3.450,good,0.000,1.89,0,0,0,0,19.45,2,0.0,,,
2470,2.7480,-0.1152,0.0494,2.977,good,0.000,2.89,0,0,0,0,34.16,3,0.0,,,
2471,2.7480,-0.1119,-0.0222,3.006,good,0.006,2.19,0,0,0,0,32.30,3,0.0,,,
2472,2.7480,-0.1111,-0.0960,3.004,good,0.000,2.44,0,0,0,0,32.03,3,0.0,,,
2477,2.7480,-0.1185,0.2166,3.003,good,0.000,2.38,0,0,0,0,34.47,2,0.0,,,
2478,2.7480,-0.1151,-0.1446,3.450,good,0.003,3.83,0,0,0,0,24.02,2,0.0,,,
2476,2.7520,-0.1093,0.0099,2.976,good,0.000,1.52,0,0,0,0,36.78,3,0.0,,,
2479,2.7520,-0.1188,0.0734,3.450,good,0.003,3.23,0,0,0,0,29.82,2,0.0,,,
2481,2.7520,-0.1183,-0.1879,2.972,good,0.001,1.82,0,0,0,0,39.81,2,0.0,,,
2482,2.7520,-0.1158,0.1522,3.004,good,0.007,3.68,0,0,0,0,38.16,2,0.0,,,
2480,2.7560,-0.1085,0.1363,2.927,good,0.000,2.99,0,0,0,0,30.51,3,0.0,,,
2488,2.7560,-0.1198,-0.0550,3.193,good,0.181,2.85,0,0,0,0,28.03,2,0.0,,,
2483,2.7600,-0.1118,-0.1682,3.450,good,0.005,5.07,0,0,0,0,23.09,3,0.0,,,
2484,2.7600,-0.1171,-0.0601,2.763,good,0.000,2.65,0,0,0,0,40.20,3,0.0,,,
2485,2.7600,-0.1132,0.2244,2.998,good,0.012,2.77,0,0,0,0,32.72,3,0.0,,,
2486,2.7600,-0.1117,0.0568,2.934,faded,0.999,5.24,1,1,1,0,33.73,3,3.2,39,2457,2457
2487,2.7600,-0.1085,-0.0702,3.027,good,0.001,1.80,0,0,0,0,30.38,3,0.0,,,
2491,2.7600,-0.1200,0.1014,3.004,good,0.000,3.32,0,0,0,0,34.69,2,0.0,,,
2492,2.7600,-0.1161,-0.2027,2.984,good,0.000,2.62,0,0,0,0,33.85,2,0.0,,,
2493,2.7600,-0.1116,-0.2440,3.450,good,0.017,8.48,0,0,0,0,22.70,2,0.0,,,
2489,2.7640,-0.1110,0.0160,3.006,faded,0.797,3.74,1,1,1,0,30.05,3,3.2,34|33,2458,2458
2490,2.7640,-0.1088,-0.1017,3.019,good,0.000,2.32,0,0,0,0,28.94,3,0.0,,,
2494,2.7680,-0.1155,0.1987,3.086,good,0.068,2.41,0,0,0,0,31.34,3,0.0,,,
2495,2.7680,-0.1139,-0.0935,3.016,good,0.000,3.85,0,0,0,0,32.33,3,0.0,,,
2496,2.7680,-0.1114,-0.1600,3.041,good,0.006,2.00,0,0,0,0,30.88,3,0.0,,,
2499,2.7680,-0.1165,-0.1407,2.983,husk,1.000,11.77,1,1,1,0,33.91,2,2.4,13|14,2454,2454
2497,2.7720,-0.1090,-0.1632,2.994,good,0.000,2.69,0,0,0,0,30.98,3,0.0,,,
2498,2.7720,-0.1130,-0.1098,2.558,good,0.000,2.16,0,0,0,0,44.38,3,0.0,,,
2500,2.7760,-0.1108,-0.0704,3.076,good,0.000,2.72,0,0,0,0,41.50,3,0.0,,,
2501,2.7760,-0.1107,0.1493,3.012,good,0.000,2.46,0,0,0,0,42.89,3,0.0,,,
2502,2.7800,-0.1101,-0.2318,3.185,good,0.005,2.61,0,0,0,0,27.09,3,0.0,,,
2503,2.7800,-0.1111,0.1741,3.094,good,0.002,3.30,0,0,0,0,29.32,3,0.0,,,
2504,2.7840,-0.1143,-0.1889,3.002,good,0.000,12.73,0,0,0,0,30.53,3,0.0,,,
2505,2.7840,-0.1107,0.0936,3.008,black,1.000,51.17,1,1,1,0,29.12,3,3.2,43|44,2500,2500
2506,2.7840,-0.1094,-0.1030,3.052,good,0.011,4.19,0,0,0,0,27.63,3,0.0,,,
2507,2.7840,-0.1094,0.1914,2.991,good,0.000,2.23,0,0,0,0,29.00,3,0.0,,,
2508,2.7840,-0.1087,0.1465,3.005,good,0.001,4.02,0,0,0,0,28.40,3,0.0,,,
2512,2.7840,-0.1195,0.2325,3.001,good,0.000,3.61,0,0,0,0,32.02,2,0.0,,,
2513,2.7840,-0.1152,-0.2300,3.008,good,0.007,3.04,0,0,0,0,30.40,2,0.0,,,
2514,2.7840,-0.1156,-0.1215,3.113,good,0.000,1.47,0,0,0,0,28.07,2,0.0,,,
2509,2.7880,-0.1153,0.0997,2.870,good,0.009,2.76,0,0,0,0,47.35,3,0.0,,,
2510,2.7880,-0.1124,0.1703,3.099,good,0.001,3.21,0,0,0,0,40.82,3,0.0,,,
2511,2.7880,-0.1092,0.2132,3.006,good,0.000,3.20,0,0,0,0,41.84,3,0.0,,,
2516,2.7880,-0.1177,0.0854,2.999,good,0.000,2.89,0,0,0,0,44.79,2,0.0,,,
2515,2.7920,-0.1147,0.0781,3.058,good,0.001,2.53,0,0,0,0,31.70,3,0.0,,,
2517,2.7960,-0.1173,-0.2330,2.856,sour,1.000,34.72,1,1,1,0,37.03,3,3.2,2|1,2503|2531,
2518,2.7960,-0.1114,-0.1071,2.957,black,1.000,54.30,1,1,1,0,32.35,3,3.2,18,2490,2490
2519,2.7960,-0.1113,0.1607,3.078,good,0.000,2.02,0,0,0,0,29.43,3,0.0,,,
2520,2.7960,-0.1081,-0.0337,3.002,good,0.000,2.23,0,0,0,0,30.07,3,0.0,,,
2523,2.7960,-0.1177,0.0042,3.450,insect,1.000,8.90,1,1,1,0,23.80,2,3.1,32,2540,
2521,2.8000,-0.1140,-0.1194,2.954,good,0.003,3.04,0,0,0,0,32.29,3,0.0,,,
2522,2.8000,-0.1358,-0.2289,3.000,good,0.003,8.49,0,0,0,0,30.43,1,0.0,,,
2526,2.8000,-0.1195,-0.1484,2.827,good,0.018,3.34,0,0,0,0,37.43,2,0.0,,,
2527,2.8000,-0.1170,-0.1318,3.256,good,0.001,3.82,0,0,0,0,26.39,2,0.0,,,
2528,2.8000,-0.1151,0.0428,3.030,good,0.000,2.47,0,0,0,0,30.69,2,0.0,,,
2533,2.8000,-0.1022,0.0075,3.000,insect,1.000,8.97,1,1,1,0,27.10,1,3.1,32|33,2540,
2524,2.8040,-0.1142,-0.2197,2.954,good,0.016,9.18,0,0,0,0,33.07,3,0.0,,,
2525,2.8040,-0.1098,0.0878,3.002,good,0.001,2.94,0,0,0,0,30.37,3,0.0,,,
2532,2.8040,-0.1198,-0.0133,2.989,good,0.006,3.32,0,0,0,0,33.96,2,0.0,,,
2529,2.8080,-0.1146,-0.1089,3.004,good,0.000,4.27,0,0,0,0,33.60,3,0.0,,,
2530,2.8080,-0.1148,0.1322,3.001,good,0.001,2.77,0,0,0,0,33.69,3,0.0,,,
2531,2.8080,-0.1126,-0.1201,2.982,good,0.000,2.21,0,0,0,0,33.37,3,0.0,,,
2539,2.8080,-0.1162,-0.0255,3.370,good,0.000,1.78,0,0,0,0,26.20,2,0.0,,,
2540,2.8080,-0.1168,0.0804,3.116,good,0.000,2.50,0,0,0,0,31.57,2,0.0,,,
2534,2.8120,-0.1161,0.2293,2.927,good,0.005,4.69,0,0,0,0,43.77,3,0.0,,,
2535,2.8120,-0.1122,-0.2195,2.928,good,0.021,6.95,0,0,0,0,42.32,3,0.0,,,
2536,2.8120,-0.1104,0.0097,2.999,good,0.000,2.27,0,0,0,0,40.00,3,0.0,,,
2537,2.8120,-0.1101,-0.0038,2.880,good,0.001,3.77,0,0,0,0,42.74,3,0.0,,,
2538,2.8120,-0.1104,0.1848,2.991,good,0.000,2.44,0,0,0,0,40.10,3,0.0,,,
2548,2.8120,-0.1318,0.0462,3.000,sour,1.000,18.01,1,1,1,0,43.02,1,3.2,37|38,2505,2505
2549,2.8120,-0.1194,-0.0489,2.975,good,0.000,3.08,0,0,0,0,43.41,2,0.0,,,
2541,2.8160,-0.1136,0.0422,3.104,good,0.431,21.22,1,1,1,0,32.32,3,9.0,37|36|38,2504|2505,2505
2542,2.8160,-0.1140,-0.0858,3.005,good,0.000,3.17,0,0,0,0,34.62,3,0.0,,,
2543,2.8160,-0.1119,0.1795,3.003,good,0.000,4.17,0,0,0,0,33.92,3,0.0,,,
2544,2.8160,-0.1104,-0.2125,3.006,good,0.000,3.47,0,0,0,0,33.32,3,0.0,,,
2545,2.8160,-0.1100,0.2368,2.970,good,0.006,8.97,0,0,0,0,33.99,3,0.0,,,
2546,2.8160,-0.1087,0.0943,2.987,insect,1.000,5.35,1,1,1,0,33.10,3,3.1,44|43,2525,2525
2547,2.8160,-0.1088,-0.2269,2.876,good,0.015,3.02,0,0,0,0,35.78,3,0.0,,,
2550,2.8160,-0.1197,0.0954,2.996,good,0.000,2.55,0,0,0,0,36.47,2,0.0,,,
2551,2.8160,-0.1197,0.1605,3.004,good,0.001,2.45,0,0,0,0,36.26,2,0.0,,,
2552,2.8240,-0.1275,-0.1124,3.077,good,0.001,2.35,0,0,0,0,40.59,2,0.0,,,
2553,2.8240,-0.1110,0.0968,2.955,good,0.003,5.03,0,0,0,0,41.97,3,0.0,,,
2554,2.8240,-0.1082,-0.2348,3.005,good,0.000,2.36,0,0,0,0,39.82,3,0.0,,,
2561,2.8240,-0.1160,-0.1164,3.000,good,0.001,1.99,0,0,0,0,42.51,1,0.0,,,
2555,2.8280,-0.1126,0.0660,3.004,good,0.000,2.87,0,0,0,0,33.84,3,0.0,,,
2556,2.8280,-0.1133,-0.2325,2.782,faded,0.977,5.57,1,1,1,0,39.69,3,3.2,2,2514,
2560,2.8280,-0.1190,-0.1852,2.999,good,0.065,2.82,0,0,0,0,35.98,2,0.0,,,
2557,2.8320,-0.1096,0.1317,3.450,good,0.021,3.51,0,0,0,0,30.99,3,0.0,,,
2558,2.8320,-0.1144,-0.1877,3.044,good,0.023,4.10,0,0,0,0,40.63,3,0.0,,,
2559,2.8320,-0.1093,-0.0009,3.067,good,0.000,2.45,0,0,0,0,38.37,3,0.0,,,
2563,2.8320,-0.1195,0.0040,3.025,good,0.000,2.47,0,0,0,0,42.66,2,0.0,,,
2562,2.8360,-0.1107,0.1501,3.401,good,0.108,4.74,0,0,0,0,28.10,3,0.0,,,
2564,2.8400,-0.1150,0.1839,2.986,good,0.000,2.69,0,0,0,0,30.96,3,0.0,,,
2567,2.8400,-0.1172,0.0951,2.995,good,0.000,2.86,0,0,0,0,31.40,2,0.0,,,
2568,2.8400,-0.1149,0.1285,3.001,black,1.000,51.28,1,1,1,0,30.39,2,3.2,48,2530,2530
2565,2.8440,-0.1123,0.0860,3.129,good,0.000,2.53,0,0,0,0,30.03,3,0.0,,,
2566,2.8440,-0.1088,-0.0132,2.995,good,0.000,2.58,0,0,0,0,31.84,3,0.0,,,
2569,2.8480,-0.1160,-0.2069,3.004,good,0.000,2.48,0,0,0,0,33.31,3,0.0,,,
2570,2.8480,-0.1153,0.1474,2.998,good,0.000,2.53,0,0,0,0,33.16,3,0.0,,,
2571,2.8480,-0.1114,-0.1419,2.992,good,0.000,3.84,0,0,0,0,31.94,3,0.0,,,
2572,2.8480,-0.1106,-0.0173,3.000,good,0.000,2.61,0,0,0,0,31.45,3,0.0,,,
2576,2.8480,-0.1176,-0.1732,3.001,good,0.039,3.66,0,0,0,0,33.70,2,0.0,,,
2573,2.8520,-0.1098,-0.1222,2.989,good,0.000,2.03,0,0,0,0,31.95,3,0.0,,,
2574,2.8520,-0.1091,0.2158,2.998,good,0.011,2.93,0,0,0,0,31.47,3,0.0,,,
2575,2.8520,-0.1080,0.0782,3.000,good,0.000,2.88,0,0,0,0,31.02,3,0.0,,,
2582,2.8520,-0.1200,-0.0672,2.680,insect,1.000,5.69,1,1,1,0,43.71,2,3.1,23,2565,
2583,2.8520,-0.1176,0.0088,3.036,good,0.001,1.91,0,0,0,0,33.24,2,0.0,,,
2577,2.8560,-0.1144,-0.1724,3.023,good,0.000,2.49,0,0,0,0,36.30,3,0.0,,,
2578,2.8560,-0.1142,-0.0172,3.001,good,0.000,2.91,0,0,0,0,36.69,3,0.0,,,
2579,2.8560,-0.1133,0.0551,2.993,good,0.001,2.53,0,0,0,0,36.55,3,0.0,,,
2580,2.8560,-0.1120,-0.0932,2.993,good,0.002,2.70,0,0,0,0,36.06,3,0.0,,,
2581,2.8560,-0.1112,0.2065,2.990,good,0.000,3.20,0,0,0,0,35.84,3,0.0,,,
2585,2.8560,-0.1199,-0.1639,2.993,good,0.237,2.72,0,0,0,0,38.60,2,0.0,,,
2584,2.8600,-0.1131,-0.2312,2.998,good,0.002,3.61,0,0,0,0,39.20,3,0.0,,,
2588,2.8600,-0.1188,-0.2227,3.006,good,0.000,2.60,0,0,0,0,40.80,2,0.0,,,
2589,2.8600,-0.1173,0.0010,3.059,good,0.000,3.62,0,0,0,0,38.99,2,0.0,,,
2590,2.8600,-0.1129,-0.1117,3.450,good,0.044,3.61,0,0,0,0,29.63,2,0.0,,,
2586,2.8640,-0.1124,0.1828,2.998,good,0.005,3.38,0,0,0,0,35.58,3,0.0,,,
2587,2.8640,-0.1094,0.1328,2.983,insect,1.000,4.95,1,1,1,0,34.87,3,3.1,48|49,2557,2557
2594,2.8640,-0.1198,-0.0661,2.772,good,0.007,2.17,0,0,0,0,43.89,2,0.0,,,
2595,2.8640,-0.1191,0.1518,2.995,good,0.000,2.47,0,0,0,0,37.71,2,0.0,,,
2591,2.8680,-0.1395,-0.2452,3.000,good,0.000,2.25,0,0,0,0,31.81,1,0.0,,,
2592,2.8680,-0.1147,0.0436,2.807,good,0.005,2.70,0,0,0,0,36.33,3,0.0,,,
2593,2.8680,-0.1230,-0.2252,2.838,sour,1.000,27.55,1,1,1,0,34.33,2,3.2,3|2,,
2598,2.8680,-0.1158,-0.1510,2.984,good,0.079,8.57,0,0,0,0,32.05,2,0.0,,,
2603,2.8680,-0.1115,-0.2291,3.000,sour,1.000,28.61,1,1,1,0,30.21,1,3.2,2,2572,
2596,2.8720,-0.1143,0.2199,3.008,good,0.000,2.58,0,0,0,0,32.80,3,0.0,,,
2597,2.8720,-0.1113,-0.2401,3.042,sour,0.999,15.77,1,1,1,0,30.98,3,3.2,1,2583|2592,2583
2600,2.8720,-0.1317,-0.1423,3.000,good,0.007,2.33,0,0,0,0,34.70,1,0.0,,,
2601,2.8720,-0.1174,-0.0625,3.002,good,0.000,3.14,0,0,0,0,33.83,2,0.0,,,
2602,2.8720,-0.1169,-0.1960,3.003,good,0.000,2.54,0,0,0,0,33.59,2,0.0,,,
2599,2.8760,-0.1111,-0.0139,3.046,good,0.000,2.29,0,0,0,0,31.19,3,0.0,,,
2604,2.8760,-0.1195,-0.0822,2.999,good,0.000,2.00,0,0,0,0,35.01,2,0.0,,,
2605,2.8760,-0.1173,-0.0427,3.070,faded,0.815,2.34,1,1,1,0,32.57,2,3.2,26,2579,2579
2606,2.8760,-0.1137,-0.1445,2.816,good,0.018,6.81,0,0,0,0,37.59,2,0.0,,,
2607,2.8760,-0.1160,0.1293,3.021,good,0.002,1.97,0,0,0,0,33.17,2,0.0,,,
2608,2.8840,-0.1272,0.1931,2.914,good,0.003,6.27,0,0,0,0,36.82,2,0.0,,,
2609,2.8840,-0.1134,-0.2058,3.015,good,0.002,2.59,0,0,0,0,33.54,3,0.0,,,
2610,2.8840,-0.1127,0.1049,2.992,good,0.000,1.84,0,0,0,0,33.82,3,0.0,,,
2611,2.8840,-0.1090,-0.2312,2.998,broken,0.647,2.38,1,1,1,0,32.40,3,2.4,2,2573,2573
2615,2.8840,-0.1182,0.1221,2.994,good,0.023,2.94,0,0,0,0,35.48,2,0.0,,,
2619,2.8840,-0.1156,0.1897,3.000,good,0.003,6.27,0,0,0,0,34.46,1,0.0,,,
2612,2.8880,-0.1144,0.0796,2.996,good,0.000,2.44,0,0,0,0,32.93,3,0.0,,,
2613,2.8880,-0.1145,0.2025,2.993,good,0.006,3.58,0,0,0,0,32.95,3,0.0,,,
2614,2.8880,-0.1332,-0.2250,3.000,faded,1.000,5.93,1,1,1,0,31.03,1,3.2,3|2,,
2617,2.8880,-0.1165,-0.1100,2.989,good,0.002,6.79,0,0,0,0,33.65,2,0.0,,,
2618,2.8880,-0.1205,-0.2284,3.000,faded,1.000,6.12,1,1,1,0,30.70,1,3.2,2,,
2624,2.8880,-0.1077,-0.2319,3.000,faded,1.000,5.86,1,1,1,0,30.42,1,3.2,2,2589,
2616,2.8920,-0.1125,0.2416,3.022,good,0.009,3.98,0,0,0,0,32.67,3,0.0,,,
2623,2.8920,-0.1178,0.0803,2.958,good,0.000,3.75,0,0,0,0,35.96,2,0.0,,,
2620,2.8960,-0.1160,0.0024,3.006,good,0.001,4.11,0,0,0,0,36.73,3,0.0,,,
2621,2.8960,-0.1144,0.2241,2.899,good,0.012,2.54,0,0,0,0,38.77,3,0.0,,,
2622,2.8960,-0.1103,-0.0796,2.981,good,0.000,1.78,0,0,0,0,35.32,3,0.0,,,
2628,2.8960,-0.1195,-0.0097,3.127,good,0.000,2.18,0,0,0,0,34.91,2,0.0,,,
2629,2.8960,-0.1193,-0.1698,2.570,good,0.000,2.80,0,0,0,0,50.02,2,0.0,,,
2625,2.9000,-0.1128,0.1463,2.983,insect,1.000,3.97,1,1,1,0,34.77,3,3.1,50,2595,2595
2626,2.9000,-0.1094,-0.1584,3.289,good,0.000,2.33,0,0,0,0,27.03,3,0.0,,,
2627,2.9000,-0.1095,0.1014,2.978,good,0.009,3.24,0,0,0,0,33.65,3,0.0,,,
2632,2.9000,-0.1184,-0.1554,3.122,good,0.000,2.70,0,0,0,0,33.24,2,0.0,,,
2630,2.9040,-0.1156,0.1337,3.008,good,0.000,2.50,0,0,0,0,30.97,3,0.0,,,
2631,2.9040,-0.1091,-0.1732,3.006,good,0.000,2.20,0,0,0,0,28.78,3,0.0,,,
2633,2.9080,-0.1145,-0.0195,3.006,good,0.075,4.17,0,0,0,0,32.31,3,0.0,,,
2634,2.9080,-0.1152,0.1138,2.971,good,0.000,4.05,0,0,0,0,33.33,3,0.0,,,
2635,2.9080,-0.1135,-0.0515,2.998,good,0.000,2.18,0,0,0,0,32.08,3,0.0,,,
2636,2.9080,-0.1133,-0.1370,2.705,good,0.000,2.34,0,0,0,0,39.67,3,0.0,,,
2637,2.9080,-0.1101,0.0427,2.994,good,0.000,1.48,0,0,0,0,30.96,3,0.0,,,
2641,2.9080,-0.1158,0.1778,3.410,good,0.000,2.80,0,0,0,0,24.02,2,0.0,,,
2638,2.9120,-0.1393,-0.1767,3.000,good,0.032,4.39,0,0,0,0,32.81,1,0.0,,,
2639,2.9120,-0.1141,0.0070,3.036,good,0.000,2.59,0,0,0,0,31.43,3,0.0,,,
2640,2.9120,-0.1126,0.0902,3.000,good,0.000,1.49,0,0,0,0,31.72,3,0.0,,,
2644,2.9120,-0.1181,-0.1719,3.228,good,0.020,7.18,0,0,0,0,28.37,2,0.0,,,
2645,2.9120,-0.1142,0.1183,3.281,good,0.000,3.41,0,0,0,0,26.05,2,0.0,,,
2648,2.9120,-0.1033,0.1172,3.000,good,0.000,4.04,0,0,0,0,28.53,1,0.0,,,
2642,2.9160,-0.1106,0.1965,2.988,good,0.006,2.95,0,0,0,0,31.95,3,0.0,,,
2643,2.9160,-0.1092,0.0444,2.988,good,0.000,3.10,0,0,0,0,31.39,3,0.0,,,
2653,2.9160,-0.1010,0.1220,3.000,good,0.000,3.67,0,0,0,0,28.39,1,0.0,,,
2646,2.9200,-0.1110,0.2161,2.850,insect,0.642,8.48,1,1,1,0,37.64,3,3.1,59,2606,
2647,2.9200,-0.1093,-0.0116,3.002,good,0.001,2.30,0,0,0,0,33.27,3,0.0,,,
2652,2.9200,-0.1188,0.0738,3.105,good,0.000,5.14,0,0,0,0,33.96,2,0.0,,,
2649,2.9240,-0.1142,0.2342,3.019,good,0.000,2.38,0,0,0,0,31.37,3,0.0,,,
2650,2.9240,-0.1126,0.1002,2.991,good,0.000,2.52,0,0,0,0,31.45,3,0.0,,,
2651,2.9240,-0.1100,0.1878,3.002,good,0.009,2.70,0,0,0,0,30.28,3,0.0,,,
2655,2.9240,-0.1191,0.0353,3.262,good,0.008,2.12,0,0,0,0,27.44,2,0.0,,,
2656,2.9240,-0.1197,0.0746,3.003,good,0.000,2.80,0,0,0,0,33.38,2,0.0,,,
2657,2.9240,-0.1166,-0.1294,2.949,good,0.005,7.86,0,0,0,0,33.67,2,0.0,,,
2654,2.9280,-0.1159,0.0853,2.671,good,0.002,2.61,0,0,0,0,42.53,3,0.0,,,
2659,2.9280,-0.1180,-0.0997,3.003,broken,0.999,2.34,1,1,1,0,34.20,2,2.4,19,2612,2612
2658,2.9320,-0.1151,-0.1388,3.006,black,1.000,54.49,1,1,1,0,35.16,3,3.2,14,2636,2636
2660,2.9360,-0.1123,-0.1917,2.950,good,0.000,2.68,0,0,0,0,31.97,3,0.0,,,
2661,2.9360,-0.1120,0.0091,2.845,good,0.000,2.18,0,0,0,0,34.47,3,0.0,,,
2662,2.9360,-0.1088,-0.1579,3.005,good,0.000,3.17,0,0,0,0,29.40,3,0.0,,,
2664,2.9360,-0.1174,-0.0204,3.450,good,0.000,2.16,0,0,0,0,22.90,2,0.0,,,
2665,2.9360,-0.1150,-0.2162,3.450,good,0.132,2.42,0,0,0,0,22.18,2,0.0,,,
2663,2.9400,-0.1098,-0.1051,3.000,good,0.004,2.56,0,0,0,0,30.96,3,0.0,,,
2669,2.9400,-0.1177,0.1376,3.336,good,0.155,2.11,0,0,0,0,26.26,2,0.0,,,
2670,2.9400,-0.1151,-0.2360,3.112,good,0.000,2.66,0,0,0,0,30.06,2,0.0,,,
2675,2.9400,-0.1009,-0.2201,3.000,good,0.029,2.78,0,0,0,0,27.87,1,0.0,,,
2666,2.9440,-0.1145,-0.2407,2.909,good,0.001,2.24,0,0,0,0,36.21,3,0.0,,,
2667,2.9440,-0.1093,0.1783,2.973,good,0.007,6.34,0,0,0,0,32.85,3,0.0,,,
2668,2.9440,-0.1098,0.1051,3.021,good,0.000,4.02,0,0,0,0,31.86,3,0.0,,,
2673,2.9440,-0.1168,0.0198,2.885,good,0.037,5.74,0,0,0,0,37.54,2,0.0,,,
2674,2.9440,-0.1160,-0.0532,2.989,good,0.000,2.98,0,0,0,0,34.59,2,0.0,,,
2671,2.9480,-0.1099,-0.1857,3.013,good,0.335,6.71,0,0,0,0,29.84,3,0.0,,,
2672,2.9480,-0.1117,0.2090,3.014,good,0.002,2.77,0,0,0,0,30.26,3,0.0,,,
2679,2.9480,-0.1183,0.1584,3.024,good,0.001,2.16,0,0,0,0,32.18,2,0.0,,,
2676,2.9520,-0.1136,-0.1488,2.997,good,0.000,2.69,0,0,0,0,31.13,3,0.0,,,
2677,2.9520,-0.1113,0.1516,2.975,good,0.030,3.42,0,0,0,0,30.83,3,0.0,,,
2678,2.9520,-0.1110,-0.2288,2.923,good,0.001,2.23,0,0,0,0,31.95,3,0.0,,,
2683,2.9520,-0.1166,0.1919,2.976,good,0.007,2.97,0,0,0,0,32.49,2,0.0,,,
2684,2.9520,-0.1170,0.2217,3.024,good,0.000,4.38,0,0,0,0,31.42,2,0.0,,,
2680,2.9560,-0.1109,-0.0093,3.153,good,0.002,1.88,0,0,0,0,28.04,3,0.0,,,
2681,2.9560,-0.1086,0.1310,3.003,good,0.001,2.18,0,0,0,0,30.57,3,0.0,,,
2682,2.9560,-0.1087,0.0568,2.976,insect,1.000,5.58,1,1,1,0,31.18,3,3.1,39,2668,
2687,2.9560,-0.1166,0.0853,2.978,good,0.001,2.17,0,0,0,0,33.71,2,0.0,,,
2688,2.9560,-0.1166,0.2204,2.993,good,0.000,2.46,0,0,0,0,33.30,2,0.0,,,
2685,2.9600,-0.1092,0.1262,3.255,good,0.000,2.29,0,0,0,0,24.66,3,0.0,,,
2686,2.9600,-0.1091,-0.1692,2.998,faded,0.994,4.26,1,1,1,0,30.06,3,3.2,10,2673,2673
2691,2.9600,-0.1136,-0.1582,3.443,good,0.013,4.25,0,0,0,0,22.26,2,0.0,,,
2689,2.9640,-0.1157,-0.0638,2.811,good,0.001,3.30,0,0,0,0,39.91,3,0.0,,,
2690,2.9640,-0.1260,0.1611,3.236,good,0.112,2.99,0,0,0,0,28.96,2,0.0,,,
2694,2.9640,-0.1198,-0.2423,3.140,good,0.000,2.46,0,0,0,0,33.07,2,0.0,,,
2698,2.9640,-0.1131,0.1641,3.000,good,0.028,2.92,0,0,0,0,34.11,1,0.0,,,
2692,2.9680,-0.1151,0.1057,2.988,good,0.003,2.78,0,0,0,0,34.39,3,0.0,,,
2693,2.9680,-0.1082,-0.0877,3.147,good,0.343,20.10,1,1,1,0,28.49,3,9.0,20|21|19,2666|2683,2666
2695,2.9720,-0.1130,-0.1404,3.267,good,0.000,2.82,0,0,0,0,30.32,3,0.0,,,
2696,2.9720,-0.1151,0.0236,3.132,good,0.000,3.13,0,0,0,0,33.75,3,0.0,,,
2697,2.9720,-0.1087,-0.0342,3.000,good,0.001,2.54,0,0,0,0,34.56,3,0.0,,,
2701,2.9720,-0.1182,-0.2305,2.873,good,0.000,2.75,0,0,0,0,40.92,2,0.0,,,
2702,2.9720,-0.1146,-0.1700,3.449,good,0.000,2.61,0,0,0,0,27.16,2,0.0,,,
2699,2.9760,-0.1135,-0.0666,2.991,good,0.000,2.83,0,0,0,0,33.86,3,0.0,,,
2700,2.9760,-0.1132,-0.0524,2.887,good,0.002,1.87,0,0,0,0,36.26,3,0.0,,,
2703,2.9800,-0.1107,0.1344,3.284,good,0.102,2.65,0,0,0,0,29.02,3,0.0,,,
2704,2.9800,-0.1083,0.1906,3.000,good,0.000,3.49,0,0,0,0,34.26,3,0.0,,,
2706,2.9800,-0.1163,-0.0243,3.169,good,0.000,4.06,0,0,0,0,33.02,2,0.0,,,
2707,2.9800,-0.1150,-0.0506,2.992,good,0.000,3.23,0,0,0,0,36.58,2,0.0,,,
2709,2.9800,-0.1016,-0.0559,3.000,good,0.002,1.59,0,0,0,0,31.95,1,0.0,,,
2705,2.9840,-0.1113,0.1815,2.988,good,0.030,7.28,0,0,0,0,29.86,3,0.0,,,
2708,2.9880,-0.1144,-0.1986,2.825,good,0.004,3.89,0,0,0,0,37.84,3,0.0,,,
2712,2.9880,-0.1154,0.1742,3.083,good,0.223,3.51,0,0,0,0,31.74,2,0.0,,,
2710,2.9920,-0.1102,-0.1125,2.907,good,0.000,2.02,0,0,0,0,34.21,3,0.0,,,
2711,2.9920,-0.1087,-0.0880,2.845,good,0.002,2.73,0,0,0,0,35.19,3,0.0,,,
2718,2.9920,-0.1190,0.0026,3.147,good,0.000,2.23,0,0,0,0,31.35,2,0.0,,,
2719,2.9920,-0.1183,0.1944,2.992,good,0.000,2.02,0,0,0,0,34.69,2,0.0,,,
2713,2.9960,-0.1143,0.1320,3.054,good,0.000,2.38,0,0,0,0,32.53,3,0.0,,,
2714,2.9960,-0.1133,0.0885,3.021,good,0.000,2.14,0,0,0,0,32.92,3,0.0,,,
2715,2.9960,-0.1125,0.0204,3.015,good,0.010,2.47,0,0,0,0,32.71,3,0.0,,,
2716,2.9960,-0.1131,-0.2286,3.004,good,0.037,8.16,0,0,0,0,33.15,3,0.0,,,
2717,2.9960,-0.1104,-0.1591,3.014,good,0.000,2.83,0,0,0,0,31.95,3,0.0,,,
2723,2.9960,-0.1198,-0.0519,2.791,good,0.000,2.21,0,0,0,0,40.88,2,0.0,,,
2720,3.0000,-0.1143,-0.0241,3.000,good,0.487,3.42,0,0,0,0,33.08,3,0.0,,,
2721,3.0000,-0.1114,0.0796,2.946,good,0.000,2.49,0,0,0,0,33.34,3,0.0,,,
2722,3.0000,-0.1121,0.1385,2.903,sour,1.000,21.46,1,1,1,0,34.59,3,3.2,49,2684,
2726,3.0000,-0.1172,-0.0888,2.980,good,0.000,2.54,0,0,0,0,34.33,2,0.0,,,
2724,3.0040,-0.1155,0.2031,2.989,good,0.001,3.73,0,0,0,0,34.54,3,0.0,,,
2725,3.0040,-0.1143,-0.1504,2.997,good,0.000,2.40,0,0,0,0,33.89,3,0.0,,,
2729,3.0040,-0.1161,0.0520,2.960,good,0.001,9.97,0,0,0,0,35.34,2,0.0,,,
2735,3.0040,-0.1004,0.1350,3.000,sour,1.000,20.18,1,1,1,0,29.14,1,3.2,49,2684,
2727,3.0080,-0.1121,0.1514,2.951,good,0.000,2.68,0,0,0,0,32.64,3,0.0,,,
2728,3.0080,-0.1079,0.0682,3.022,good,0.000,2.29,0,0,0,0,29.52,3,0.0,,,
2730,3.0120,-0.1135,0.0489,2.990,good,0.000,6.00,0,0,0,0,33.33,3,0.0,,,
2731,3.0120,-0.1118,-0.0837,3.019,good,0.000,2.11,0,0,0,0,32.04,3,0.0,,,
2732,3.0120,-0.1131,-0.0323,2.934,good,0.000,2.13,0,0,0,0,34.46,3,0.0,,,
2733,3.0120,-0.1097,0.0853,3.000,good,0.000,2.58,0,0,0,0,31.67,3,0.0,,,
2734,3.0120,-0.1132,-0.1134,2.244,good,0.002,2.42,0,0,0,0,56.81,3,0.0,,,
2738,3.0120,-0.1181,0.1204,3.273,faded,0.604,3.65,1,1,1,0,28.36,2,3.2,47,2723,
2737,3.0160,-0.1072,-0.0065,3.218,sour,1.000,16.64,1,1,1,0,26.28,3,3.2,31|30,2727,
2740,3.0160,-0.1199,-0.2438,3.000,good,0.000,3.56,0,0,0,0,35.12,2,0.0,,,
2742,3.0160,-0.1124,-0.2180,3.135,good,0.026,6.94,0,0,0,0,29.52,2,0.0,,,
2747,3.0160,-0.1050,0.1238,3.000,good,0.380,3.51,0,0,0,0,30.10,1,0.0,,,
2736,3.0200,-0.1129,0.1821,1.998,good,0.001,6.24,0,0,0,0,68.76,4,0.0,,,
2739,3.0200,-0.1115,0.0357,2.959,good,0.000,3.32,0,0,0,0,33.62,3,0.0,,,
2741,3.0200,-0.1215,-0.1810,2.737,good,0.250,2.96,0,0,0,0,39.03,2,0.0,,,
2746,3.0200,-0.1125,-0.0339,3.450,good,0.003,3.17,0,0,0,0,23.66,2,0.0,,,
2750,3.0200,-0.1106,-0.1779,3.000,good,0.093,2.95,0,0,0,0,32.24,1,0.0,,,
2743,3.0240,-0.1154,0.1872,2.783,good,0.000,2.51,0,0,0,0,37.33,3,0.0,,,
2744,3.0240,-0.1142,0.2458,2.942,good,0.000,3.06,0,0,0,0,32.66,3,0.0,,,
2745,3.0240,-0.1132,-0.1313,3.048,good,0.001,3.36,0,0,0,0,29.79,3,0.0,,,
2749,3.0240,-0.1175,0.1530,3.006,black,1.000,50.81,1,1,1,0,32.13,2,3.2,51,2724,2724
2748,3.0280,-0.1110,0.1615,3.005,black,1.000,50.49,1,1,1,0,31.53,3,3.2,52,2711,2711
2755,3.0280,-0.1186,-0.0434,3.394,good,0.002,2.30,0,0,0,0,25.65,2,0.0,,,
2756,3.0280,-0.1199,0.0408,2.971,good,0.000,4.53,0,0,0,0,35.22,2,0.0,,,
2757,3.0280,-0.1170,0.1753,3.450,good,0.001,3.61,0,0,0,0,24.06,2,0.0,,,
2751,3.0320,-0.1129,-0.0079,3.016,good,0.009,5.40,0,0,0,0,31.56,3,0.0,,,
2752,3.0320,-0.1135,0.2156,3.001,good,0.000,2.27,0,0,0,0,32.07,3,0.0,,,
2753,3.0320,-0.1137,-0.0997,2.947,good,0.167,3.86,0,0,0,0,33.40,3,0.0,,,
2754,3.0320,-0.1120,-0.0867,2.989,good,0.000,2.04,0,0,0,0,31.76,3,0.0,,,
2761,3.0320,-0.1050,-0.0394,3.000,good,0.001,2.31,0,0,0,0,29.16,1,0.0,,,
2758,3.0360,-0.1150,-0.2235,2.990,good,0.001,1.89,0,0,0,0,36.15,3,0.0,,,
2759,3.0360,-0.1210,-0.0065,3.153,good,0.018,7.25,0,0,0,0,30.30,2,0.0,,,
2760,3.0360,-0.1089,0.0097,2.857,good,0.001,3.24,0,0,0,0,37.26,3,0.0,,,
2767,3.0360,-0.1019,-0.0960,3.000,good,0.099,3.71,0,0,0,0,31.45,1,0.0,,,
2765,3.0400,-0.1188,-0.2305,2.999,good,0.000,2.08,0,0,0,0,43.77,2,0.0,,,
2766,3.0400,-0.1160,0.1530,2.970,good,0.001,2.10,0,0,0,0,43.49,2,0.0,,,
2762,3.0440,-0.1143,-0.1528,3.106,good,0.000,2.65,0,0,0,0,31.63,3,0.0,,,
2763,3.0440,-0.1083,-0.1027,3.001,good,0.001,2.39,0,0,0,0,31.96,3,0.0,,,
2764,3.0440,-0.1104,-0.1286,2.619,good,0.001,2.06,0,0,0,0,42.87,3,0.0,,,
2770,3.0440,-0.1197,-0.0429,2.995,good,0.000,3.04,0,0,0,0,35.85,2,0.0,,,
2768,3.0480,-0.1129,-0.1722,3.000,faded,0.917,4.59,1,1,1,0,32.38,3,3.2,9|10,2760,2760
2769,3.0480,-0.1083,0.0545,3.016,good,0.000,2.90,0,0,0,0,30.40,3,0.0,,,
2772,3.0480,-0.1184,-0.2092,3.450,good,0.000,3.07,0,0,0,0,24.51,2,0.0,,,
2771,3.0520,-0.1252,0.0720,2.447,good,0.052,2.93,0,0,0,0,48.79,2,0.0,,,
2773,3.0520,-0.1084,0.1597,2.989,good,0.018,5.20,0,0,0,0,30.38,3,0.0,,,
2775,3.0520,-0.1193,0.1809,2.931,good,0.098,13.04,0,0,0,0,35.43,2,0.0,,,
2776,3.0520,-0.1165,-0.0273,3.082,good,0.001,3.67,0,0,0,0,30.84,2,0.0,,,
2777,3.0520,-0.1179,0.2156,3.002,good,0.028,2.41,0,0,0,0,33.12,2,0.0,,,
2785,3.0520,-0.1154,0.0681,3.000,good,0.094,3.13,0,0,0,0,32.35,1,0.0,,,
2774,3.0560,-0.1128,-0.1153,3.035,black,1.000,50.78,1,1,1,0,31.36,3,3.2,17,2782,2782
2780,3.0560,-0.1169,-0.2094,3.006,stick,1.000,83.30,1,1,1,0,33.29,2,2.4,5|4,2741,2741
2782,3.0560,-0.1198,0.1808,3.001,good,0.003,5.66,0,0,0,0,34.31,2,0.0,,,
2783,3.0560,-0.1160,0.2232,3.109,husk,1.000,11.02,1,1,1,0,30.53,2,2.4,60,2772,
2784,3.0560,-0.1162,0.0421,2.992,good,0.125,9.74,0,0,0,0,33.26,2,0.0,,,
2778,3.0600,-0.1145,0.0164,2.992,good,0.000,2.69,0,0,0,0,32.11,3,0.0,,,
2779,3.0600,-0.1370,0.2078,3.000,good,0.000,1.93,0,0,0,0,31.43,1,0.0,,,
2781,3.0600,-0.1118,-0.2280,2.993,good,0.000,2.08,0,0,0,0,31.13,3,0.0,,,
2789,3.0600,-0.1198,0.0726,2.995,good,0.001,2.76,0,0,0,0,33.69,2,0.0,,,
2790,3.0600,-0.1151,0.2145,3.008,good,0.038,12.54,0,0,0,0,31.81,2,0.0,,,
2786,3.0640,-0.1146,-0.0353,2.998,good,0.000,3.63,0,0,0,0,32.52,3,0.0,,,
2787,3.0640,-0.1153,-0.1518,3.013,good,0.000,4.30,0,0,0,0,32.36,3,0.0,,,
2788,3.0640,-0.1086,0.1804,3.004,good,0.000,2.24,0,0,0,0,30.31,3,0.0,,,
2791,3.0680,-0.1089,-0.1290,2.963,good,0.000,2.13,0,0,0,0,33.33,3,0.0,,,
2796,3.0680,-0.1194,-0.1032,3.026,good,0.000,2.32,0,0,0,0,35.27,2,0.0,,,
2792,3.0720,-0.1197,-0.1473,2.699,broken,0.998,44.20,1,1,1,0,42.43,3,2.4,13|12,2765,
2793,3.0720,-0.1138,-0.2049,3.014,good,0.002,5.15,0,0,0,0,31.91,3,0.0,,,
2794,3.0720,-0.1131,0.0504,3.060,good,0.001,2.46,0,0,0,0,30.52,3,0.0,,,
2795,3.0720,-0.1084,0.0984,3.034,good,0.001,2.23,0,0,0,0,29.55,3,0.0,,,
2797,3.0760,-0.1115,0.1855,3.004,good,0.301,3.71,0,0,0,0,34.87,3,0.0,,,
2799,3.0760,-0.1187,0.0968,3.010,good,0.000,2.58,0,0,0,0,37.05,2,0.0,,,
2798,3.0800,-0.1107,-0.1439,2.873,good,0.217,4.62,0,0,0,0,37.91,3,0.0,,,
2802,3.0800,-0.1196,0.1897,3.008,good,0.001,2.45,0,0,0,0,37.51,2,0.0,,,
2800,3.0840,-0.1176,-0.0975,2.084,good,0.000,2.79,0,0,0,0,67.54,3,0.0,,,
2801,3.0840,-0.1097,-0.0124,2.998,good,0.000,2.90,0,0,0,0,33.01,3,0.0,,,
2803,3.0880,-0.1213,0.2053,3.045,sour,0.994,14.20,1,1,1,0,36.81,2,3.2,58,,
2806,3.0880,-0.1157,-0.0490,3.005,good,0.000,3.91,0,0,0,0,39.86,2,0.0,,,
2811,3.0880,-0.1125,0.2084,3.000,good,0.004,2.30,0,0,0,0,38.88,1,0.0,,,
2812,3.0880,-0.1056,0.2026,3.000,sour,1.000,16.38,1,1,1,0,36.57,1,3.2,57|58,2768,
2804,3.0920,-0.1107,0.1411,3.067,good,0.000,2.57,0,0,0,0,28.27,3,0.0,,,
2805,3.0920,-0.1097,0.0604,3.000,good,0.028,3.17,0,0,0,0,29.40,3,0.0,,,
2810,3.0920,-0.1160,0.1222,2.990,good,0.000,2.86,0,0,0,0,31.70,2,0.0,,,
2807,3.0960,-0.1237,0.0357,3.450,good,0.000,3.16,0,0,0,0,22.56,2,0.0,,,
2808,3.0960,-0.1107,-0.0707,2.969,good,0.275,2.98,0,0,0,0,32.60,3,0.0,,,
2809,3.0960,-0.1085,-0.0449,3.003,good,0.000,2.48,0,0,0,0,31.03,3,0.0,,,
2817,3.0960,-0.1190,0.1482,3.010,good,0.000,2.06,0,0,0,0,34.34,2,0.0,,,
2818,3.0960,-0.1146,0.1196,3.148,good,0.000,2.10,0,0,0,0,29.70,2,0.0,,,
2823,3.0960,-0.1098,0.0323,3.000,good,0.000,3.18,0,0,0,0,31.42,1,0.0,,,
2813,3.1000,-0.1140,-0.1288,3.016,good,0.000,2.48,0,0,0,0,31.31,3,0.0,,,
2814,3.1000,-0.1113,0.0134,3.065,good,0.067,4.14,0,0,0,0,29.27,3,0.0,,,
2815,3.1000,-0.1142,0.1142,3.088,broken,0.664,13.43,1,1,1,0,29.64,3,2.4,46,2789,2789
2816,3.1000,-0.1093,-0.2021,3.028,good,0.078,5.08,0,0,0,0,29.32,3,0.0,,,
2819,3.1040,-0.1193,0.1467,2.462,good,0.000,2.01,0,0,0,0,52.99,3,0.0,,,
2820,3.1040,-0.1132,-0.0917,2.979,good,0.000,2.83,0,0,0,0,35.42,3,0.0,,,
2821,3.1040,-0.1097,0.0040,3.130,good,0.000,3.00,0,0,0,0,30.80,3,0.0,,,
2822,3.1040,-0.1087,0.2282,3.016,good,0.008,2.66,0,0,0,0,32.96,3,0.0,,,
2827,3.1040,-0.1189,-0.0017,3.226,good,0.000,2.79,0,0,0,0,31.60,2,0.0,,,
2824,3.1080,-0.1144,-0.2256,3.002,good,0.018,2.60,0,0,0,0,32.29,3,0.0,,,
2825,3.1080,-0.1122,0.0205,3.242,good,0.000,2.58,0,0,0,0,26.26,3,0.0,,,
2826,3.1080,-0.1150,-0.0832,2.717,good,0.000,1.81,0,0,0,0,39.90,3,0.0,,,
2828,3.1080,-0.1081,0.0308,3.006,faded,0.649,3.62,1,1,1,0,29.96,3,3.2,35|36,2802,2802
2834,3.1080,-0.1160,-0.1640,3.366,good,0.016,2.47,0,0,0,0,24.86,2,0.0,,,
2839,3.1080,-0.1095,0.1436,3.000,good,0.000,2.00,0,0,0,0,30.49,1,0.0,,,
2829,3.1120,-0.1132,-0.1393,2.995,good,0.000,2.31,0,0,0,0,30.79,3,0.0,,,
2830,3.1120,-0.1113,0.2054,2.951,good,0.022,3.08,0,0,0,0,31.17,3,0.0,,,
2831,3.1120,-0.1112,0.1946,3.000,good,0.002,6.09,0,0,0,0,29.93,3,0.0,,,
2832,3.1120,-0.1100,-0.0467,2.862,good,0.006,1.82,0,0,0,0,32.85,3,0.0,,,
2833,3.1120,-0.1100,0.2334,2.736,sour,1.000,23.02,1,1,1,0,36.21,3,3.2,61|62,2799,2799
2836,3.1120,-0.1180,0.0541,3.114,good,0.001,2.63,0,0,0,0,29.40,2,0.0,,,
2837,3.1120,-0.1183,0.1079,2.998,good,0.000,1.79,0,0,0,0,32.19,2,0.0,,,
2838,3.1120,-0.1169,-0.2024,3.125,good,0.001,2.38,0,0,0,0,28.74,2,0.0,,,
2844,3.1120,-0.1026,-0.1684,3.000,good,0.001,2.39,0,0,0,0,26.84,1,0.0,,,
2835,3.1160,-0.1148,-0.0137,2.907,sour,1.000,17.44,1,1,1,0,34.62,3,3.2,30,2812,
2843,3.1160,-0.1150,0.0021,3.450,good,0.015,3.49,0,0,0,0,22.98,2,0.0,,,
2840,3.1200,-0.1157,0.1274,3.030,good,0.000,2.67,0,0,0,0,33.17,3,0.0,,,
2841,3.1200,-0.1149,0.0087,2.999,good,0.025,4.73,0,0,0,0,33.61,3,0.0,,,
2842,3.1200,-0.1124,0.1089,2.503,good,0.366,3.55,0,0,0,0,46.75,3,0.0,,,
2848,3.1200,-0.1195,-0.0765,2.998,good,0.484,3.24,0,0,0,0,35.06,2,0.0,,,
2845,3.1240,-0.1139,0.1115,3.004,good,0.001,4.82,0,0,0,0,31.76,3,0.0,,,
2846,3.1240,-0.1148,0.0698,2.994,good,0.000,2.17,0,0,0,0,32.24,3,0.0,,,
2847,3.1240,-0.1094,-0.1557,3.209,good,0.001,2.94,0,0,0,0,25.72,3,0.0,,,
2849,3.1280,-0.1130,-0.0979,3.002,good,0.001,3.89,0,0,0,0,33.02,3,0.0,,,
2850,3.1280,-0.1093,-0.1846,3.002,good,0.000,2.90,0,0,0,0,31.70,3,0.0,,,
2851,3.1280,-0.1103,-0.0818,2.999,black,1.000,50.94,1,1,1,0,32.07,3,3.2,21,2825,
2853,3.1280,-0.1198,-0.0117,3.009,good,0.000,4.33,0,0,0,0,34.90,2,0.0,,,
2854,3.1280,-0.1148,0.1775,3.049,good,0.000,2.59,0,0,0,0,32.30,2,0.0,,,
2852,3.1320,-0.1097,-0.2170,3.000,good,0.002,2.64,0,0,0,0,32.21,3,0.0,,,
2858,3.1320,-0.1177,-0.1647,3.450,broken,0.999,6.10,1,1,1,0,25.33,2,2.4,10|11,2869,
2859,3.1320,-0.1177,0.0356,2.941,good,0.001,3.05,0,0,0,0,36.16,2,0.0,,,
2855,3.1360,-0.1259,0.0487,2.724,good,0.004,3.33,0,0,0,0,40.54,2,0.0,,,
2856,3.1360,-0.1192,0.1855,2.245,good,0.040,7.76,0,0,0,0,59.16,3,0.0,,,
2857,3.1360,-0.1131,-0.0052,2.814,faded,0.643,3.16,1,1,1,0,37.23,3,3.2,31,2816,
2870,3.1360,-0.1150,0.0444,3.000,good,0.001,3.37,0,0,0,0,33.13,1,0.0,,,
2860,3.1400,-0.1145,0.1127,2.996,good,0.000,2.63,0,0,0,0,33.11,3,0.0,,,
2861,3.1400,-0.1143,0.1338,3.002,good,0.000,5.39,0,0,0,0,32.87,3,0.0,,,
2862,3.1400,-0.1136,-0.2396,2.999,good,0.000,1.48,0,0,0,0,32.66,3,0.0,,,
2863,3.1400,-0.1083,0.0085,3.305,good,0.002,2.88,0,0,0,0,24.43,3,0.0,,,
2868,3.1400,-0.1195,0.1649,2.992,good,0.000,2.84,0,0,0,0,34.74,2,0.0,,,
2869,3.1400,-0.1171,-0.1027,2.917,good,0.000,2.62,0,0,0,0,35.74,2,0.0,,,
2864,3.1440,-0.1154,-0.1356,3.015,good,0.000,2.19,0,0,0,0,31.15,3,0.0,,,
2865,3.1440,-0.1116,-0.2193,3.005,good,0.000,3.25,0,0,0,0,30.05,3,0.0,,,
2866,3.1440,-0.1106,0.0094,2.842,good,0.000,2.82,0,0,0,0,33.72,3,0.0,,,
2867,3.1440,-0.1082,-0.1611,2.997,good,0.000,2.44,0,0,0,0,29.02,3,0.0,,,
2874,3.1440,-0.1319,-0.2432,3.000,good,0.009,5.28,0,0,0,0,32.86,1,0.0,,,
2875,3.1440,-0.1167,-0.1212,2.931,broken,0.739,2.96,1,1,1,0,33.45,2,2.4,16,2852,
2871,3.1480,-0.1103,-0.0783,3.426,good,0.035,2.86,0,0,0,0,22.84,3,0.0,,,
2872,3.1480,-0.1108,0.0809,3.207,husk,0.671,7.35,1,1,1,0,27.13,3,2.4,42,2832|2842,
2873,3.1480,-0.1120,-0.1075,2.963,good,0.000,3.78,0,0,0,0,32.91,3,0.0,,,
2878,3.1480,-0.1188,0.0454,3.003,black,1.000,47.43,1,1,1,0,34.13,2,3.2,37|38,2835,2835
2879,3.1480,-0.1188,0.0555,3.013,good,0.001,2.56,0,0,0,0,33.86,2,0.0,,,
2876,3.1520,-0.1155,-0.1972,2.999,good,0.002,1.47,0,0,0,0,35.99,3,0.0,,,
2877,3.1520,-0.1135,-0.0949,2.878,good,0.000,2.29,0,0,0,0,38.29,3,0.0,,,
2881,3.1520,-0.1174,0.0146,3.012,broken,0.925,3.53,1,1,1,0,36.24,2,2.4,33|34,2866,2866
2882,3.1520,-0.1110,0.0229,3.450,good,0.002,3.43,0,0,0,0,25.15,2,0.0,,,
2880,3.1560,-0.1090,-0.2146,2.998,good,0.003,7.94,0,0,0,0,29.98,3,0.0,,,
2885,3.1560,-0.1186,0.0615,3.000,good,0.005,6.21,0,0,0,0,33.08,2,0.0,,,
2883,3.1600,-0.1146,-0.0949,3.040,good,0.000,3.23,0,0,0,0,43.85,3,0.0,,,
2884,3.1600,-0.1133,0.0889,2.992,black,1.000,48.44,1,1,1,0,44.45,3,3.2,43,2847,2847
2886,3.1600,-0.1192,-0.1075,3.450,broken,1.000,7.01,1,1,1,0,36.62,2,2.4,18,2929,
2887,3.1600,-0.1188,0.0476,3.027,good,0.000,3.41,0,0,0,0,45.35,2,0.0,,,
2888,3.1600,-0.1170,-0.1200,2.958,insect,1.000,4.96,1,1,1,0,46.37,2,3.1,16,2850,2850
2890,3.1640,-0.1189,0.1964,3.188,good,0.006,3.31,0,0,0,0,30.00,2,0.0,,,
2895,3.1640,-0.1038,-0.1040,3.000,broken,1.000,6.88,1,1,1,0,29.26,1,2.4,18,2929,
2889,3.1680,-0.1133,0.1279,3.083,good,0.000,2.55,0,0,0,0,33.35,3,0.0,,,
2893,3.1680,-0.1178,-0.2197,2.997,good,0.019,2.61,0,0,0,0,36.78,2,0.0,,,
2894,3.1680,-0.1166,-0.1165,2.926,good,0.006,4.13,0,0,0,0,38.09,2,0.0,,,
2891,3.1720,-0.1133,-0.1566,3.040,good,0.000,2.06,0,0,0,0,31.34,3,0.0,,,
2892,3.1720,-0.1107,0.1375,3.000,good,0.000,2.88,0,0,0,0,31.36,3,0.0,,,
2896,3.1720,-0.1191,0.1411,3.017,good,0.000,3.44,0,0,0,0,33.71,2,0.0,,,
2897,3.1720,-0.1188,0.0105,2.916,good,0.000,2.80,0,0,0,0,36.08,2,0.0,,,
2898,3.1720,-0.1178,0.1224,2.973,good,0.000,1.65,0,0,0,0,34.24,2,0.0,,,
2899,3.1800,-0.1120,0.0304,3.355,good,0.000,2.72,0,0,0,0,25.99,3,0.0,,,
2900,3.1800,-0.1135,-0.0408,3.003,good,0.000,1.96,0,0,0,0,33.85,3,0.0,,,
2901,3.1800,-0.1261,-0.0817,2.728,good,0.297,3.11,0,0,0,0,41.64,2,0.0,,,
2902,3.1800,-0.1119,0.1980,2.973,good,0.001,2.59,0,0,0,0,33.97,3,0.0,,,
2909,3.1800,-0.1152,-0.0773,3.000,good,0.395,3.02,0,0,0,0,34.42,1,0.0,,,
2903,3.1840,-0.1141,0.1700,3.010,good,0.001,2.54,0,0,0,0,33.05,3,0.0,,,
2904,3.1840,-0.1125,-0.1909,3.015,good,0.000,2.51,0,0,0,0,32.34,3,0.0,,,
2905,3.1840,-0.1091,-0.0091,3.380,faded,0.581,3.11,1,1,1,0,23.69,3,3.2,30|31,2914,
2907,3.1840,-0.1187,-0.0175,2.999,good,0.000,2.24,0,0,0,0,34.69,2,0.0,,,
2908,3.1840,-0.1171,0.2170,3.000,good,0.001,1.88,0,0,0,0,34.09,2,0.0,,,
2906,3.1880,-0.1097,-0.1539,2.864,good,0.004,2.26,0,0,0,0,36.12,3,0.0,,,
2912,3.1880,-0.1186,-0.0597,3.008,faded,0.536,2.83,1,1,1,0,35.47,2,3.2,24,2890,
2913,3.1880,-0.1175,0.1090,2.998,good,0.000,3.18,0,0,0,0,35.27,2,0.0,,,
2914,3.1880,-0.1165,0.2202,3.032,good,0.000,2.96,0,0,0,0,34.09,2,0.0,,,
2910,3.1920,-0.1078,0.1349,3.450,good,0.000,3.04,0,0,0,0,22.80,3,0.0,,,
2911,3.1920,-0.1094,0.1540,2.998,faded,0.576,3.73,1,1,1,0,32.35,3,3.2,51,2878,2878
2917,3.1920,-0.1192,-0.1750,2.986,good,0.018,4.17,0,0,0,0,35.87,2,0.0,,,
2915,3.1960,-0.1134,-0.1821,2.723,good,0.001,10.42,0,0,0,0,37.95,3,0.0,,,
2916,3.1960,-0.1170,0.1657,1.945,good,0.042,9.13,0,0,0,0,71.16,3,0.0,,,
2919,3.1960,-0.1150,-0.0302,2.981,good,0.001,2.70,0,0,0,0,31.63,2,0.0,,,
2932,3.1960,-0.1071,0.1649,3.000,good,0.000,2.99,0,0,0,0,28.52,1,0.0,,,
2918,3.2000,-0.1127,-0.0582,2.996,good,0.001,1.75,0,0,0,0,41.52,3,0.0,,,
2929,3.2000,-0.1193,-0.2222,3.000,good,0.046,2.40,0,0,0,0,43.58,2,0.0,,,
2930,3.2000,-0.1175,-0.0951,2.994,good,0.000,2.70,0,0,0,0,43.04,2,0.0,,,
2931,3.2000,-0.1128,0.2200,3.450,husk,0.999,7.22,1,1,1,0,32.07,2,2.4,60|59,2984,
2920,3.2040,-0.1162,-0.2087,3.007,good,0.000,3.62,0,0,0,0,32.13,3,0.0,,,
2921,3.2040,-0.1255,-0.0370,3.324,sour,1.000,11.80,1,1,1,0,24.00,2,3.2,27,,
2922,3.2040,-0.1146,-0.0025,3.013,good,0.000,3.08,0,0,0,0,31.34,3,0.0,,,
2923,3.2040,-0.1125,0.1958,3.004,good,0.000,2.93,0,0,0,0,30.78,3,0.0,,,
2924,3.2040,-0.1110,0.0118,3.028,good,0.006,2.65,0,0,0,0,29.71,3,0.0,,,
2925,3.2040,-0.1109,0.0531,3.009,good,0.000,3.37,0,0,0,0,30.07,3,0.0,,,
2926,3.2040,-0.1111,-0.1771,3.000,good,0.002,2.07,0,0,0,0,30.33,3,0.0,,,
2927,3.2040,-0.1091,-0.1563,2.988,good,0.000,2.31,0,0,0,0,29.91,3,0.0,,,
2928,3.2040,-0.1083,0.0266,3.002,good,0.000,4.37,0,0,0,0,29.26,3,0.0,,,
2940,3.2040,-0.1122,-0.0327,3.000,sour,1.000,10.62,1,1,1,0,30.62,1,3.2,27|28,2901,
2933,3.2080,-0.1164,0.0908,2.823,good,0.002,4.91,0,0,0,0,36.67,3,0.0,,,
2934,3.2080,-0.1122,0.0022,3.000,good,0.000,2.17,0,0,0,0,30.70,3,0.0,,,
2935,3.2080,-0.1134,0.0652,2.999,good,0.009,3.17,0,0,0,0,31.05,3,0.0,,,
2936,3.2080,-0.1097,0.2146,2.901,insect,1.000,3.57,1,1,1,0,32.18,3,3.1,59,2913,2913
2938,3.2080,-0.1166,0.2024,2.998,good,0.000,1.95,0,0,0,0,32.07,2,0.0,,,
2939,3.2080,-0.1140,0.1726,3.264,faded,0.654,6.77,1,1,1,0,25.34,2,3.2,54|53,2895,2895
2937,3.2120,-0.1097,0.1509,3.009,good,0.001,3.14,0,0,0,0,30.39,3,0.0,,,
2943,3.2120,-0.1310,-0.0031,3.000,shell,1.000,6.52,1,1,1,0,33.68,1,2.4,31,,
2941,3.2160,-0.1088,0.0020,3.450,good,0.013,5.90,0,0,0,0,25.39,3,0.0,,,
2942,3.2160,-0.1090,-0.1991,3.000,good,0.003,3.73,0,0,0,0,34.50,3,0.0,,,
2945,3.2160,-0.1186,0.1885,3.149,good,0.036,3.80,0,0,0,0,34.18,2,0.0,,,
2944,3.2200,-0.1124,0.0043,2.998,good,0.003,2.65,0,0,0,0,36.99,3,0.0,,,
2947,3.2200,-0.1195,0.1504,2.983,good,0.000,3.61,0,0,0,0,39.68,2,0.0,,,
2948,3.2200,-0.1148,0.2182,3.270,good,0.002,3.36,0,0,0,0,31.74,2,0.0,,,
2946,3.2240,-0.1092,0.0793,3.071,good,0.000,2.66,0,0,0,0,31.52,3,0.0,,,
2949,3.2280,-0.1130,-0.1796,2.876,good,0.001,4.29,0,0,0,0,40.17,3,0.0,,,
2951,3.2280,-0.1179,0.0859,3.146,good,0.000,1.83,0,0,0,0,35.31,2,0.0,,,
2952,3.2280,-0.1186,-0.0940,2.783,good,0.000,3.49,0,0,0,0,44.57,2,0.0,,,
2950,3.2320,-0.1117,0.1096,3.000,good,0.049,2.77,0,0,0,0,36.97,3,0.0,,,
2957,3.2320,-0.1015,-0.1832,3.000,good,0.001,4.30,0,0,0,0,33.56,1,0.0,,,
2953,3.2360,-0.1084,-0.0388,2.997,good,0.000,2.69,0,0,0,0,40.59,3,0.0,,,
2956,3.2360,-0.1124,0.0439,2.825,stick,1.000,63.24,1,1,1,0,46.22,2,2.4,37,2903,
2954,3.2400,-0.1152,0.1747,3.000,good,0.000,2.02,0,0,0,0,41.35,3,0.0,,,
2955,3.2400,-0.1106,-0.1527,3.242,good,0.006,3.00,0,0,0,0,34.54,3,0.0,,,
2961,3.2400,-0.1175,0.1139,3.052,good,0.000,3.26,0,0,0,0,40.80,2,0.0,,,
2962,3.2400,-0.1182,-0.0055,3.011,good,0.000,4.99,0,0,0,0,41.97,2,0.0,,,
2958,3.2440,-0.1135,-0.0197,3.076,good,0.000,4.59,0,0,0,0,35.70,3,0.0,,,
2959,3.2440,-0.1130,0.2014,3.003,good,0.000,3.39,0,0,0,0,37.16,3,0.0,,,
2960,3.2440,-0.1135,-0.0437,2.671,good,0.200,2.52,0,0,0,0,46.14,3,0.0,,,
2967,3.2440,-0.1168,-0.0516,3.000,good,0.000,2.31,0,0,0,0,38.41,2,0.0,,,
2968,3.2440,-0.1169,0.0272,2.877,good,0.000,3.05,0,0,0,0,41.50,2,0.0,,,
2963,3.2480,-0.1160,0.1084,2.603,good,0.005,4.43,0,0,0,0,44.86,3,0.0,,,
2964,3.2480,-0.1150,0.1886,2.941,good,0.002,5.81,0,0,0,0,34.93,3,0.0,,,
2965,3.2480,-0.1127,-0.0107,2.999,good,0.000,3.58,0,0,0,0,32.70,3,0.0,,,
2966,3.2480,-0.1083,0.0857,3.084,good,0.000,3.31,0,0,0,0,29.30,3,0.0,,,
2974,3.2480,-0.1012,-0.0228,3.000,good,0.000,4.60,0,0,0,0,28.80,1,0.0,,,
2969,3.2520,-0.1154,-0.0133,2.869,good,0.276,5.59,0,0,0,0,34.12,3,0.0,,,
2970,3.2520,-0.1116,-0.1850,2.922,faded,0.997,5.24,1,1,1,0,31.39,3,3.2,8,2932,2932
2971,3.2520,-0.1102,-0.0858,3.031,good,0.000,1.99,0,0,0,0,28.24,3,0.0,,,
2972,3.2520,-0.1234,-0.1971,2.646,good,0.002,3.15,0,0,0,0,39.28,2,0.0,,,
2973,3.2520,-0.1140,-0.0384,3.450,good,0.002,2.92,0,0,0,0,20.82,2,0.0,,,
2981,3.2520,-0.1128,-0.2004,3.000,good,0.002,3.19,0,0,0,0,29.73,1,0.0,,,
2982,3.2520,-0.1066,-0.1410,3.000,good,0.006,3.30,0,0,0,0,27.66,1,0.0,,,
2975,3.2560,-0.1199,0.1377,2.994,sour,1.000,14.56,1,1,1,0,33.19,2,3.2,49,2962,
2977,3.2560,-0.1177,-0.1006,2.999,good,0.001,2.41,0,0,0,0,32.27,2,0.0,,,
2978,3.2560,-0.1182,0.1196,2.950,good,0.000,2.33,0,0,0,0,33.57,2,0.0,,,
2979,3.2560,-0.1173,0.1782,3.111,good,0.001,2.32,0,0,0,0,29.43,2,0.0,,,
2980,3.2560,-0.1127,-0.0199,3.450,good,0.001,14.60,0,0,0,0,21.17,2,0.0,,,
2976,3.2600,-0.1084,-0.0428,3.035,good,0.000,2.89,0,0,0,0,28.51,3,0.0,,,
2985,3.2600,-0.1192,-0.0704,2.891,good,0.493,3.03,0,0,0,0,35.62,2,0.0,,,
2986,3.2600,-0.1160,-0.1140,2.864,good,0.009,7.11,0,0,0,0,35.19,2,0.0,,,
2983,3.2640,-0.1150,-0.1018,3.068,good,0.000,2.14,0,0,0,0,37.40,3,0.0,,,
2984,3.2640,-0.1082,-0.1564,3.010,good,0.001,2.42,0,0,0,0,36.44,3,0.0,,,
2987,3.2680,-0.1135,-0.0157,2.988,good,0.001,2.63,0,0,0,0,44.79,3,0.0,,,
2991,3.2680,-0.1166,0.1742,3.152,good,0.000,3.22,0,0,0,0,42.03,2,0.0,,,
2988,3.2720,-0.1110,0.1668,2.996,good,0.000,3.09,0,0,0,0,42.60,3,0.0,,,
2989,3.2720,-0.1094,-0.1337,3.000,good,0.000,3.01,0,0,0,0,41.93,3,0.0,,,
2990,3.2720,-0.1073,0.0208,3.392,good,0.283,3.22,0,0,0,0,33.19,3,0.0,,,
2995,3.2720,-0.1160,-0.0937,2.996,good,0.000,2.53,0,0,0,0,44.13,2,0.0,,,
2992,3.2760,-0.1160,0.0081,2.994,faded,0.918,3.69,1,1,1,0,43.73,3,3.2,33|32,2975,2975
2993,3.2760,-0.1044,-0.0279,3.450,shell,1.000,31.94,1,1,1,0,30.76,3,2.4,28,3045,
2994,3.2760,-0.1120,0.0543,2.994,good,0.000,2.98,0,0,0,0,42.25,3,0.0,,,
3000,3.2760,-0.1184,-0.0987,2.998,black,1.000,50.28,1,1,1,0,44.26,2,3.2,19,2964,2964
2996,3.2800,-0.1150,0.1649,3.019,good,0.001,3.08,0,0,0,0,34.44,3,0.0,,,
2997,3.2800,-0.1141,0.0026,2.998,good,0.000,1.84,0,0,0,0,34.56,3,0.0,,,
2998,3.2800,-0.1112,-0.1651,2.999,good,0.000,2.33,0,0,0,0,33.55,3,0.0,,,
2999,3.2800,-0.1087,0.1932,2.897,good,0.465,3.57,0,0,0,0,35.09,3,0.0,,,
3001,3.2840,-0.1127,-0.0662,3.072,good,0.000,2.48,0,0,0,0,32.02,3,0.0,,,
3002,3.2840,-0.1135,-0.1500,3.002,good,0.000,2.48,0,0,0,0,33.83,3,0.0,,,
3003,3.2840,-0.1182,0.1895,2.431,good,0.003,4.27,0,0,0,0,52.41,3,0.0,,,
3004,3.2880,-0.1154,-0.2210,2.985,good,0.000,3.89,0,0,0,0,33.93,3,0.0,,,
3005,3.2880,-0.1152,-0.1696,2.987,good,0.004,1.67,0,0,0,0,33.76,3,0.0,,,
3006,3.2880,-0.1143,0.1144,2.985,good,0.001,2.78,0,0,0,0,33.45,3,0.0,,,
3007,3.2880,-0.1076,-0.0451,3.146,good,0.000,2.44,0,0,0,0,27.62,3,0.0,,,
3010,3.2880,-0.1190,0.2023,3.003,good,0.004,2.42,0,0,0,0,34.53,2,0.0,,,
3011,3.2880,-0.1178,0.0643,2.873,good,0.000,2.34,0,0,0,0,37.37,2,0.0,,,
3012,3.2880,-0.1178,0.2392,3.008,good,0.006,3.82,0,0,0,0,33.90,2,0.0,,,
3008,3.2920,-0.1126,0.0457,3.001,faded,0.898,4.26,1,1,1,0,30.54,3,3.2,37|38,2978,2978
3009,3.2920,-0.1111,-0.0605,3.115,good,0.000,3.16,0,0,0,0,27.40,3,0.0,,,
3017,3.2920,-0.1137,0.1949,3.332,good,0.018,5.00,0,0,0,0,23.69,2,0.0,,,
3013,3.2960,-0.1146,0.0395,2.766,good,0.001,3.80,0,0,0,0,50.36,3,0.0,,,
3014,3.2960,-0.1122,-0.0400,2.837,good,0.000,3.25,0,0,0,0,47.54,3,0.0,,,
3015,3.2960,-0.1099,0.1562,3.000,good,0.000,3.33,0,0,0,0,42.65,3,0.0,,,
3016,3.2960,-0.1118,-0.1584,2.622,good,0.004,2.62,0,0,0,0,53.40,3,0.0,,,
3022,3.2960,-0.1195,-0.1947,2.808,good,0.000,2.40,0,0,0,0,50.76,2,0.0,,,
3018,3.3000,-0.1143,0.0852,3.025,good,0.000,2.93,0,0,0,0,35.82,3,0.0,,,
3019,3.3000,-0.1112,-0.1033,2.985,good,0.008,3.66,0,0,0,0,35.65,3,0.0,,,
3020,3.3000,-0.1112,0.2314,2.992,good,0.000,1.89,0,0,0,0,35.47,3,0.0,,,
3021,3.3000,-0.1116,-0.0639,2.641,insect,1.000,8.59,1,1,1,0,44.93,3,3.1,23|24,2995,2995
3023,3.3040,-0.1131,0.0310,2.986,good,0.000,2.10,0,0,0,0,32.75,3,0.0,,,
3024,3.3040,-0.1118,0.1334,2.962,good,0.211,11.53,0,0,0,0,32.86,3,0.0,,,
3025,3.3040,-0.1094,-0.1963,3.000,good,0.000,2.40,0,0,0,0,31.10,3,0.0,,,
3027,3.3040,-0.1160,0.1555,3.034,good,0.000,2.94,0,0,0,0,32.45,2,0.0,,,
3026,3.3080,-0.1143,0.0447,3.000,broken,0.995,2.05,1,1,1,0,29.53,3,2.4,37,2999,2999
3029,3.3080,-0.1166,0.0877,3.008,sour,1.000,19.38,1,1,1,0,30.01,2,3.2,43,3018,3018
3028,3.3120,-0.1143,0.0992,2.999,good,0.144,3.10,0,0,0,0,31.62,3,0.0,,,
3034,3.3120,-0.1187,0.2028,3.017,good,0.001,2.71,0,0,0,0,32.58,2,0.0,,,
3035,3.3120,-0.1184,0.2248,3.159,good,0.001,2.41,0,0,0,0,29.20,2,0.0,,,
3036,3.3120,-0.1168,-0.2125,3.014,sour,1.000,17.26,1,1,1,0,31.96,2,3.2,4|5,3044,3044
3030,3.3160,-0.1135,-0.1315,2.999,good,0.016,6.08,0,0,0,0,33.14,3,0.0,,,
3031,3.3160,-0.1147,0.2175,3.004,good,0.000,2.60,0,0,0,0,33.37,3,0.0,,,
3032,3.3160,-0.1130,0.0640,3.158,good,0.081,8.87,0,0,0,0,29.29,3,0.0,,,
3033,3.3160,-0.1110,-0.0209,2.980,good,0.000,1.81,0,0,0,0,32.62,3,0.0,,,
3038,3.3160,-0.1199,-0.0317,2.940,good,0.000,3.63,0,0,0,0,36.55,2,0.0,,,
3039,3.3160,-0.1173,0.1605,2.884,good,0.000,2.38,0,0,0,0,37.10,2,0.0,,,
3040,3.3160,-0.1170,0.0195,2.962,good,0.001,3.16,0,0,0,0,34.96,2,0.0,,,
3045,3.3160,-0.1139,0.0564,3.000,good,0.000,3.36,0,0,0,0,33.01,1,0.0,,,
3037,3.3200,-0.1151,-0.0512,3.080,good,0.000,3.22,0,0,0,0,41.16,3,0.0,,,
3044,3.3200,-0.1161,-0.2009,3.216,good,0.007,2.38,0,0,0,0,38.46,2,0.0,,,
3041,3.3240,-0.1266,-0.0134,3.014,sour,1.000,19.11,1,1,1,0,34.42,2,3.2,30,3012,
3042,3.3240,-0.1084,0.0056,2.938,good,0.000,3.76,0,0,0,0,34.05,3,0.0,,,
3043,3.3240,-0.1084,0.1310,2.997,good,0.000,2.55,0,0,0,0,32.64,3,0.0,,,
3051,3.3240,-0.1146,-0.0089,3.000,sour,1.000,16.77,1,1,1,0,34.62,1,3.2,30|31,3021,
3046,3.3280,-0.1144,-0.0163,2.982,good,0.000,2.68,0,0,0,0,35.34,3,0.0,,,
3047,3.3280,-0.1111,0.2259,3.001,good,0.016,8.10,0,0,0,0,33.71,3,0.0,,,
3048,3.3280,-0.1127,0.2000,2.999,good,0.096,7.47,0,0,0,0,34.24,3,0.0,,,
3049,3.3280,-0.1099,-0.1123,3.013,good,0.001,2.53,0,0,0,0,32.95,3,0.0,,,
3050,3.3280,-0.1168,-0.0519,3.001,good,0.002,2.56,0,0,0,0,35.50,2,0.0,,,
3053,3.3320,-0.1196,0.1130,3.008,good,0.004,1.93,0,0,0,0,36.49,2,0.0,,,
3054,3.3320,-0.1180,-0.2276,2.926,good,0.000,1.97,0,0,0,0,37.94,2,0.0,,,
3055,3.3320,-0.1157,-0.1732,2.995,good,0.001,4.21,0,0,0,0,35.43,2,0.0,,,
3052,3.3360,-0.1257,-0.2252,3.143,broken,0.999,9.90,1,1,1,0,30.89,2,2.4,3|2,,
3056,3.3400,-0.1162,0.1009,3.011,good,0.000,7.96,0,0,0,0,34.53,3,0.0,,,
3057,3.3440,-0.1149,-0.1413,2.766,good,0.001,3.00,0,0,0,0,39.70,3,0.0,,,
3058,3.3440,-0.1114,0.0038,3.070,good,0.001,1.93,0,0,0,0,30.78,3,0.0,,,
3059,3.3440,-0.1115,-0.0400,3.012,black,1.000,55.50,1,1,1,0,32.14,3,3.2,26|27,3033,3033
3060,3.3480,-0.1150,-0.1589,3.014,good,0.000,3.21,0,0,0,0,33.86,3,0.0,,,
3061,3.3480,-0.1139,-0.0777,2.984,good,0.000,2.40,0,0,0,0,34.15,3,0.0,,,
3062,3.3480,-0.1081,0.0182,3.001,good,0.001,2.09,0,0,0,0,31.77,3,0.0,,,
3064,3.3480,-0.1190,-0.0870,3.343,good,0.000,2.19,0,0,0,0,27.87,2,0.0,,,
3065,3.3480,-0.1188,0.1289,3.008,good,0.000,3.30,0,0,0,0,35.06,2,0.0,,,
3066,3.3480,-0.1155,-0.0291,3.070,husk,1.000,16.15,1,1,1,0,32.51,2,2.4,28,3043,3043
3063,3.3520,-0.1257,-0.0203,3.340,good,0.001,2.05,0,0,0,0,25.18,2,0.0,,,
3072,3.3520,-0.1124,-0.0236,3.000,good,0.000,2.03,0,0,0,0,32.38,1,0.0,,,
3067,3.3560,-0.1098,-0.2371,2.989,faded,0.999,6.79,1,1,1,0,31.67,3,3.2,1,3047,3047
3071,3.3560,-0.1173,0.1141,2.998,good,0.001,2.69,0,0,0,0,33.89,2,0.0,,,
3068,3.3600,-0.1151,0.2264,3.007,good,0.181,3.37,0,0,0,0,32.55,3,0.0,,,
3069,3.3600,-0.1131,0.0884,2.988,good,0.004,18.28,0,0,0,0,32.26,3,0.0,,,
3070,3.3600,-0.1090,-0.1645,3.001,good,0.000,2.23,0,0,0,0,30.52,3,0.0,,,
3076,3.3600,-0.1192,-0.1599,2.990,faded,1.000,5.01,1,1,1,0,34.16,2,3.2,11,3046,3046
3077,3.3600,-0.1197,0.1808,2.968,good,0.000,2.04,0,0,0,0,34.84,2,0.0,,,
3078,3.3600,-0.1199,-0.2337,2.544,good,0.020,2.42,0,0,0,0,47.17,2,0.0,,,
3079,3.3600,-0.1174,0.0146,2.987,good,0.067,2.83,0,0,0,0,33.51,2,0.0,,,
3073,3.3640,-0.1370,-0.2017,3.000,good,0.020,3.16,0,0,0,0,32.02,1,0.0,,,
3074,3.3640,-0.1100,0.0290,3.034,good,0.007,4.39,0,0,0,0,30.08,3,0.0,,,
3075,3.3640,-0.1094,-0.2227,3.051,good,0.001,2.98,0,0,0,0,29.48,3,0.0,,,
3084,3.3640,-0.1262,-0.2047,3.000,good,0.042,3.04,0,0,0,0,32.21,1,0.0,,,
3088,3.3640,-0.1154,-0.2076,3.000,good,0.099,3.08,0,0,0,0,32.60,1,0.0,,,
3089,3.3640,-0.1097,-0.2369,3.000,good,0.033,2.52,0,0,0,0,30.71,1,0.0,,,
3080,3.3680,-0.1163,0.1019,2.989,good,0.000,3.22,0,0,0,0,33.60,3,0.0,,,
3081,3.3680,-0.1288,-0.0086,2.877,good,0.371,16.65,0,0,0,0,36.72,2,0.0,,,
3082,3.3680,-0.1136,-0.0110,2.751,sour,0.700,17.39,1,1,1,0,38.77,3,3.2,30,3050|3062|3077,
3083,3.3680,-0.1100,0.1402,2.985,good,0.000,2.13,0,0,0,0,31.44,3,0.0,,,
3086,3.3680,-0.1182,-0.0665,3.098,good,0.019,3.62,0,0,0,0,31.48,2,0.0,,,
3087,3.3680,-0.1153,-0.0485,2.977,good,0.001,2.50,0,0,0,0,33.34,2,0.0,,,
3085,3.3720,-0.1140,-0.0334,3.004,good,0.001,3.89,0,0,0,0,35.82,3,0.0,,,
3092,3.3720,-0.1185,-0.1488,2.981,good,0.001,1.99,0,0,0,0,37.79,2,0.0,,,
3093,3.3720,-0.1188,0.0858,2.848,good,0.001,3.49,0,0,0,0,41.31,2,0.0,,,
3090,3.3760,-0.1110,-0.0996,3.004,good,0.000,4.18,0,0,0,0,30.74,3,0.0,,,
3091,3.3760,-0.1125,0.1210,2.996,good,0.000,2.99,0,0,0,0,31.35,3,0.0,,,
3098,3.3760,-0.1197,-0.0720,2.987,good,0.010,3.99,0,0,0,0,33.92,2,0.0,,,
3099,3.3760,-0.1190,0.1924,3.262,good,0.000,2.31,0,0,0,0,27.47,2,0.0,,,
3100,3.3760,-0.1185,-0.2382,3.004,sour,1.000,20.28,1,1,1,0,33.03,2,3.2,1,3091,3091
3094,3.3800,-0.1137,0.0718,2.997,faded,1.000,4.47,1,1,1,0,30.26,3,3.2,41|40,3071,3071
3095,3.3800,-0.1114,-0.1957,2.996,good,0.002,6.26,0,0,0,0,29.46,3,0.0,,,
3096,3.3800,-0.1115,0.1264,3.014,good,0.317,4.79,0,0,0,0,29.02,3,0.0,,,
3097,3.3800,-0.1120,-0.1619,2.649,good,0.003,2.66,0,0,0,0,38.81,3,0.0,,,
3104,3.3800,-0.1168,0.0858,3.013,good,0.000,2.39,0,0,0,0,30.72,2,0.0,,,
3101,3.3840,-0.1134,-0.0605,3.067,good,0.000,6.16,0,0,0,0,31.95,3,0.0,,,
3102,3.3840,-0.1155,-0.2111,2.781,good,0.000,1.80,0,0,0,0,39.82,3,0.0,,,
3103,3.3840,-0.1329,0.1533,3.000,husk,1.000,10.46,1,1,1,0,31.95,1,2.4,51,,
3108,3.3840,-0.1191,0.0421,3.171,faded,0.999,4.73,1,1,1,0,31.36,2,3.2,37,3088,3088
3109,3.3840,-0.1270,0.1502,3.000,husk,1.000,10.44,1,1,1,0,33.89,1,2.4,51,3034,
3105,3.3880,-0.1147,-0.0970,2.954,good,0.000,2.16,0,0,0,0,34.24,3,0.0,,,
3106,3.3880,-0.1135,-0.1267,2.981,good,0.000,2.44,0,0,0,0,33.10,3,0.0,,,
3107,3.3880,-0.1103,-0.1682,3.012,good,0.114,2.06,0,0,0,0,31.28,3,0.0,,,
3110,3.3880,-0.1170,-0.1362,3.006,good,0.000,2.27,0,0,0,0,33.62,2,0.0,,,
3111,3.3880,-0.1164,0.0557,2.994,good,0.000,2.26,0,0,0,0,33.67,2,0.0,,,
3112,3.3880,-0.1210,0.1472,3.000,husk,1.000,10.76,1,1,1,0,31.06,1,2.4,50|51,3034,
3116,3.3880,-0.1151,0.1442,3.000,husk,1.000,10.33,1,1,1,0,33.05,1,2.4,50,3034,
3115,3.3920,-0.1151,0.0344,3.028,good,0.001,2.89,0,0,0,0,37.00,2,0.0,,,
3119,3.3920,-0.1091,0.1412,3.000,husk,1.000,10.79,1,1,1,0,35.65,1,2.4,50|49,3034,
3113,3.3960,-0.1141,0.0035,2.992,faded,1.000,6.44,1,1,1,0,42.98,3,3.2,32,3084,3084
3114,3.3960,-0.1094,-0.1186,3.000,black,1.000,46.76,1,1,1,0,41.17,3,3.2,16|17,3087,3087
3122,3.3960,-0.1032,0.1381,3.000,husk,1.000,10.94,1,1,1,0,39.06,1,2.4,49,3034,
3123,3.3960,-0.1030,0.0303,3.000,good,0.001,2.81,0,0,0,0,39.00,1,0.0,,,
3117,3.4000,-0.1140,0.2015,3.011,black,1.000,50.71,1,1,1,0,36.30,3,3.2,57,3094,3094
3118,3.4000,-0.1080,-0.1445,3.001,good,0.000,2.02,0,0,0,0,34.49,3,0.0,,,
3121,3.4000,-0.1154,0.2144,3.011,good,0.000,2.69,0,0,0,0,36.63,2,0.0,,,
3120,3.4040,-0.1257,-0.1821,2.531,good,0.008,2.64,0,0,0,0,46.60,2,0.0,,,
3126,3.4040,-0.1192,-0.1840,3.450,good,0.017,5.01,0,0,0,0,24.93,2,0.0,,,
3127,3.4040,-0.1192,-0.2361,3.061,good,0.009,2.02,0,0,0,0,32.96,2,0.0,,,
3128,3.4040,-0.1184,0.0979,2.839,good,0.007,1.73,0,0,0,0,38.24,2,0.0,,,
3129,3.4040,-0.1168,-0.2249,2.998,good,0.000,2.14,0,0,0,0,33.58,2,0.0,,,
3124,3.4080,-0.1133,-0.1034,2.990,good,0.004,2.31,0,0,0,0,32.90,3,0.0,,,
3125,3.4080,-0.1135,-0.0896,2.994,faded,1.000,4.42,1,1,1,0,32.84,3,3.2,20,3104,3104
3130,3.4080,-0.1192,-0.1806,3.070,good,0.000,2.71,0,0,0,0,32.83,2,0.0,,,
3131,3.4080,-0.1167,-0.1331,3.140,good,0.000,4.12,0,0,0,0,30.43,2,0.0,,,
3135,3.4120,-0.1188,-0.1930,3.003,good,0.000,3.72,0,0,0,0,33.72,2,0.0,,,
3136,3.4120,-0.1183,0.2296,3.006,good,0.000,2.68,0,0,0,0,33.42,2,0.0,,,
3137,3.4120,-0.1151,-0.1699,3.287,sour,1.000,15.10,1,1,1,0,26.18,2,3.2,10,3116,
3132,3.4160,-0.1348,-0.2291,3.000,good,0.030,6.76,0,0,0,0,29.43,1,0.0,,,
3133,3.4160,-0.1090,0.0371,3.094,good,0.032,3.55,0,0,0,0,26.61,3,0.0,,,
3134,3.4160,-0.1088,-0.0290,2.988,good,0.099,3.79,0,0,0,0,28.87,3,0.0,,,
3140,3.4160,-0.1179,-0.1229,3.018,black,0.730,21.07,1,1,1,0,31.16,2,3.2,16,3106|3108,3108
3142,3.4160,-0.1140,-0.2341,2.766,good,0.001,2.96,0,0,0,0,36.26,2,0.0,,,
3143,3.4160,-0.1106,-0.2247,2.794,good,0.001,2.62,0,0,0,0,34.24,2,0.0,,,
3138,3.4200,-0.1158,-0.0845,2.814,good,0.000,3.16,0,0,0,0,38.97,3,0.0,,,
3139,3.4200,-0.1086,0.1541,2.996,good,0.000,2.03,0,0,0,0,31.85,3,0.0,,,
3141,3.4200,-0.1096,-0.0538,2.854,good,0.114,4.57,0,0,0,0,35.58,3,0.0,,,
3146,3.4200,-0.1176,0.1016,2.980,good,0.001,1.95,0,0,0,0,35.14,2,0.0,,,
3147,3.4200,-0.1159,-0.0009,3.004,good,0.001,2.66,0,0,0,0,33.91,2,0.0,,,
3144,3.4240,-0.1148,-0.0859,3.001,good,0.000,2.85,0,0,0,0,34.87,3,0.0,,,
3145,3.4240,-0.1119,-0.0365,2.713,good,0.001,3.99,0,0,0,0,41.33,3,0.0,,,
3151,3.4240,-0.1178,-0.2136,2.932,good,0.000,3.11,0,0,0,0,37.49,2,0.0,,,
3152,3.4240,-0.1129,-0.1786,3.364,faded,0.998,3.75,1,1,1,0,26.44,2,3.2,9|8,3139,
3148,3.4280,-0.1152,-0.0757,3.148,good,0.000,2.27,0,0,0,0,32.04,3,0.0,,,
3149,3.4280,-0.1135,0.2018,2.987,good,0.000,3.27,0,0,0,0,35.05,3,0.0,,,
3150,3.4280,-0.1122,-0.0091,3.002,good,0.001,2.02,0,0,0,0,34.24,3,0.0,,,
3158,3.4280,-0.1178,-0.0472,3.000,faded,1.000,5.58,1,1,1,0,36.15,1,3.2,25|26,3122,
3153,3.4320,-0.1119,-0.1246,3.013,good,0.000,2.25,0,0,0,0,33.91,3,0.0,,,
3154,3.4320,-0.1127,-0.0418,2.615,good,0.079,7.38,0,0,0,0,44.86,3,0.0,,,
3155,3.4320,-0.1097,0.0462,3.003,good,0.027,6.96,0,0,0,0,33.34,3,0.0,,,
3156,3.4320,-0.1183,0.0696,2.979,good,0.005,2.33,0,0,0,0,36.75,2,0.0,,,
3157,3.4320,-0.1184,0.1283,2.993,good,0.005,2.80,0,0,0,0,36.37,2,0.0,,,
3159,3.4400,-0.1155,-0.0024,3.000,good,0.003,3.11,0,0,0,0,32.91,3,0.0,,,
3160,3.4400,-0.1159,-0.0799,3.009,stick,1.000,34.25,1,1,1,0,32.76,3,2.4,21,3145,3145
3166,3.4400,-0.1183,-0.1473,2.998,sour,1.000,18.19,1,1,1,0,33.79,2,3.2,13|12,3146,3146
3161,3.4440,-0.1153,0.0093,3.003,good,0.464,3.86,0,0,0,0,32.28,3,0.0,,,
3162,3.4440,-0.1149,0.0215,3.000,sour,1.000,18.81,1,1,1,0,32.14,3,3.2,34,3130,3130
3163,3.4440,-0.1133,-0.1762,2.993,good,0.000,1.88,0,0,0,0,31.72,3,0.0,,,
3164,3.4440,-0.1085,-0.2343,3.247,good,0.000,1.91,0,0,0,0,24.61,3,0.0,,,
3165,3.4440,-0.1100,0.1190,3.015,good,0.000,2.02,0,0,0,0,30.01,3,0.0,,,
3169,3.4480,-0.1195,0.1432,3.002,good,0.001,5.53,0,0,0,0,34.39,2,0.0,,,
3170,3.4480,-0.1178,0.2163,2.998,good,0.200,4.43,0,0,0,0,33.89,2,0.0,,,
3171,3.4480,-0.1162,0.0010,3.002,good,0.000,2.33,0,0,0,0,33.20,2,0.0,,,
3167,3.4520,-0.1133,0.0004,3.006,good,0.000,2.94,0,0,0,0,32.51,3,0.0,,,
3168,3.4520,-0.1118,-0.0245,2.891,good,0.177,3.21,0,0,0,0,34.73,3,0.0,,,
3175,3.4520,-0.1188,0.2009,3.045,insect,1.000,2.59,1,1,1,0,33.29,2,3.1,57,3157,
3176,3.4520,-0.1187,-0.1444,2.980,good,0.001,2.87,0,0,0,0,34.74,2,0.0,,,
3172,3.4560,-0.1159,-0.1993,2.999,good,0.001,2.11,0,0,0,0,29.00,3,0.0,,,
3173,3.4560,-0.1135,-0.1720,2.999,insect,1.000,4.02,1,1,1,0,28.15,3,3.1,9|10,3141,
3174,3.4560,-0.1083,0.0915,2.984,sour,1.000,18.95,1,1,1,0,26.67,3,3.2,43,3147,3147
3177,3.4560,-0.1088,0.0642,2.891,good,0.028,3.04,0,0,0,0,29.07,3,0.0,,,
3181,3.4560,-0.1172,-0.0540,3.003,good,0.002,2.61,0,0,0,0,29.13,2,0.0,,,
3178,3.4600,-0.1121,-0.2087,3.450,good,0.000,1.99,0,0,0,0,21.42,3,0.0,,,
3179,3.4600,-0.1136,0.0655,3.220,good,0.002,2.60,0,0,0,0,26.21,3,0.0,,,
3180,3.4600,-0.1104,0.0236,3.001,good,0.061,6.96,0,0,0,0,29.96,3,0.0,,,
3182,3.4640,-0.1122,-0.0011,3.343,good,0.000,2.64,0,0,0,0,24.76,3,0.0,,,
3183,3.4640,-0.1132,-0.1645,3.167,good,0.000,3.04,0,0,0,0,28.52,3,0.0,,,
3184,3.4640,-0.1110,-0.1095,2.839,good,0.189,5.63,0,0,0,0,35.49,3,0.0,,,
3185,3.4640,-0.1095,0.1674,2.999,good,0.000,2.60,0,0,0,0,30.97,3,0.0,,,
3186,3.4640,-0.1094,0.0954,2.832,good,0.363,3.17,0,0,0,0,35.04,3,0.0,,,
3189,3.4640,-0.1195,0.0268,3.005,good,0.000,3.11,0,0,0,0,34.12,2,0.0,,,
3187,3.4680,-0.1145,0.1104,2.950,good,0.000,3.94,0,0,0,0,31.66,3,0.0,,,
3188,3.4680,-0.1107,0.0539,3.010,good,0.005,3.68,0,0,0,0,28.87,3,0.0,,,
3195,3.4680,-0.1165,0.2221,3.134,good,0.001,1.85,0,0,0,0,27.89,2,0.0,,,
3190,3.4720,-0.1158,0.1881,2.862,good,0.006,2.67,0,0,0,0,36.23,3,0.0,,,
3191,3.4720,-0.1145,-0.0980,3.005,good,0.000,2.64,0,0,0,0,32.17,3,0.0,,,
3192,3.4720,-0.1128,0.2176,3.000,good,0.516,2.94,1,1,1,0,31.67,3,3.2,59|60,3151,3151
3193,3.4720,-0.1130,-0.0277,2.872,good,0.000,2.63,0,0,0,0,34.86,3,0.0,,,
3194,3.4720,-0.1111,-0.1266,3.000,good,0.000,1.48,0,0,0,0,31.00,3,0.0,,,
3196,3.4760,-0.1119,-0.0568,3.013,good,0.000,3.26,0,0,0,0,32.32,3,0.0,,,
3197,3.4760,-0.1095,0.0879,2.999,good,0.000,2.24,0,0,0,0,31.77,3,0.0,,,
3198,3.4800,-0.1153,0.1635,2.995,good,0.001,2.80,0,0,0,0,37.40,3,0.0,,,
3199,3.4800,-0.1098,0.2128,2.997,good,0.183,3.47,0,0,0,0,35.47,3,0.0,,,
3200,3.4840,-0.1119,0.2006,2.998,broken,0.998,2.82,1,1,1,0,29.07,3,2.4,57,3176,3176
3201,3.4840,-0.1119,-0.0855,3.098,good,0.002,3.39,0,0,0,0,26.71,3,0.0,,,
3202,3.4840,-0.1093,-0.0131,3.036,good,0.011,4.08,0,0,0,0,27.17,3,0.0,,,
3206,3.4840,-0.1195,0.0589,2.996,good,0.001,2.97,0,0,0,0,31.43,2,0.0,,,
3203,3.4880,-0.1144,-0.1686,3.001,good,0.067,2.57,0,0,0,0,34.66,3,0.0,,,
3204,3.4880,-0.1140,-0.1219,3.021,good,0.000,2.06,0,0,0,0,34.00,3,0.0,,,
3205,3.4880,-0.1113,0.1564,3.210,good,0.000,4.79,0,0,0,0,28.95,3,0.0,,,
3212,3.4880,-0.1183,-0.2337,3.013,good,0.003,3.24,0,0,0,0,35.53,2,0.0,,,
3207,3.4920,-0.1140,-0.1886,3.264,good,0.000,2.42,0,0,0,0,28.37,3,0.0,,,
3208,3.4920,-0.1114,-0.1984,3.004,good,0.019,3.07,0,0,0,0,33.13,3,0.0,,,
3209,3.4920,-0.1125,0.0084,2.968,sour,1.000,15.09,1,1,1,0,34.34,3,3.2,33|32,3161,3161
3210,3.4920,-0.1106,0.1239,2.993,good,0.012,3.17,0,0,0,0,33.01,3,0.0,,,
3211,3.4920,-0.1083,-0.1052,3.116,good,0.001,5.44,0,0,0,0,29.46,3,0.0,,,
3213,3.4960,-0.1156,-0.1215,3.000,good,0.000,3.77,0,0,0,0,29.77,3,0.0,,,
3214,3.4960,-0.1117,0.0731,2.996,good,0.000,2.24,0,0,0,0,28.50,3,0.0,,,
3215,3.4960,-0.1079,0.0595,3.078,good,0.000,2.16,0,0,0,0,25.37,3,0.0,,,
3216,3.5000,-0.1117,-0.1688,2.848,good,0.020,3.12,0,0,0,0,38.05,3,0.0,,,
3217,3.5000,-0.1107,-0.1449,2.999,good,0.000,3.02,0,0,0,0,33.92,3,0.0,,,
3218,3.5040,-0.1138,-0.1102,2.999,good,0.003,2.69,0,0,0,0,34.29,3,0.0,,,
3219,3.5040,-0.1120,-0.0507,3.004,good,0.000,2.06,0,0,0,0,33.52,3,0.0,,,
3220,3.5040,-0.1105,-0.2314,3.201,good,0.000,2.21,0,0,0,0,28.66,3,0.0,,,
3221,3.5040,-0.1321,-0.1661,3.000,good,0.003,3.71,0,0,0,0,32.25,1,0.0,,,
3226,3.5040,-0.1160,0.1793,3.132,good,0.001,3.46,0,0,0,0,31.80,2,0.0,,,
3227,3.5040,-0.1201,-0.1625,3.000,good,0.002,3.73,0,0,0,0,32.20,1,0.0,,,
3229,3.5040,-0.1081,-0.1588,3.000,good,0.002,3.85,0,0,0,0,32.21,1,0.0,,,
3222,3.5080,-0.1153,-0.0600,2.998,good,0.000,2.42,0,0,0,0,34.59,3,0.0,,,
3223,3.5080,-0.1130,-0.1470,3.126,good,0.000,2.00,0,0,0,0,30.89,3,0.0,,,
3224,3.5080,-0.1123,0.0057,2.999,good,0.003,7.21,0,0,0,0,33.50,3,0.0,,,
3225,3.5080,-0.1087,0.1515,2.997,sour,1.000,22.38,1,1,1,0,32.30,3,3.2,51,3222,
3228,3.5120,-0.1204,0.2156,2.736,sour,1.000,21.73,1,1,1,0,38.29,2,3.2,59,3230,
3233,3.5120,-0.1196,0.2409,3.000,good,0.002,3.71,0,0,0,0,34.87,2,0.0,,,
3234,3.5120,-0.1172,-0.1048,2.991,good,0.000,2.90,0,0,0,0,34.24,2,0.0,,,
3235,3.5120,-0.1127,0.2169,3.450,good,0.498,15.25,0,0,0,0,23.22,2,0.0,,,
3236,3.5120,-0.1091,0.0770,3.450,husk,1.000,10.31,1,1,1,0,22.16,2,2.4,41|42,3304,
3230,3.5160,-0.1143,0.1032,2.999,faded,0.998,3.69,1,1,1,0,32.85,3,3.2,45,3200,
3231,3.5160,-0.1118,0.0541,2.978,good,0.000,2.84,0,0,0,0,32.42,3,0.0,,,
3232,3.5160,-0.1085,0.0649,2.957,good,0.002,2.62,0,0,0,0,31.79,3,0.0,,,
3239,3.5160,-0.1195,-0.0150,2.968,insect,1.000,3.21,1,1,1,0,35.18,2,3.1,30|29,3231,
3240,3.5160,-0.1189,0.2285,3.007,good,0.000,2.19,0,0,0,0,33.98,2,0.0,,,
3237,3.5200,-0.1127,0.0159,3.136,good,0.003,3.06,0,0,0,0,27.15,3,0.0,,,
3238,3.5200,-0.1075,0.0655,3.202,good,0.001,2.41,0,0,0,0,24.06,3,0.0,,,
3243,3.5200,-0.1196,-0.0729,3.075,good,0.000,3.38,0,0,0,0,30.61,2,0.0,,,
3241,3.5240,-0.1154,-0.1879,2.964,good,0.000,2.87,0,0,0,0,32.69,3,0.0,,,
3242,3.5240,-0.1092,0.0082,3.048,sour,1.000,16.91,1,1,1,0,28.61,3,3.2,33|32,3233,
3247,3.5240,-0.1169,0.1406,3.039,good,0.042,2.37,0,0,0,0,31.29,2,0.0,,,
3248,3.5240,-0.1179,0.0657,2.999,good,0.001,2.87,0,0,0,0,32.50,2,0.0,,,
3244,3.5280,-0.1175,0.0213,2.637,good,0.001,2.67,0,0,0,0,43.38,3,0.0,,,
3245,3.5280,-0.1147,0.1989,3.005,good,0.000,2.33,0,0,0,0,32.27,3,0.0,,,
3246,3.5280,-0.1093,-0.1496,2.988,insect,1.000,5.61,1,1,1,0,30.82,3,3.1,12|13,3234,3234
3249,3.5320,-0.1116,-0.1391,3.077,good,0.000,2.32,0,0,0,0,30.00,3,0.0,,,
3250,3.5320,-0.1127,-0.0111,3.000,good,0.001,2.18,0,0,0,0,32.09,3,0.0,,,
3251,3.5320,-0.1124,0.1899,3.001,good,0.000,2.46,0,0,0,0,31.89,3,0.0,,,
3255,3.5320,-0.1186,-0.1848,2.986,insect,1.000,5.33,1,1,1,0,34.30,2,3.1,8,3245,3245
3256,3.5320,-0.1181,0.0395,3.000,good,0.004,4.11,0,0,0,0,33.74,2,0.0,,,
3257,3.5320,-0.1155,0.0612,3.127,good,0.000,2.10,0,0,0,0,29.92,2,0.0,,,
3252,3.5360,-0.1134,0.1196,2.992,good,0.000,2.66,0,0,0,0,34.97,3,0.0,,,
3253,3.5360,-0.1339,0.1620,3.000,good,0.010,3.26,0,0,0,0,33.60,1,0.0,,,
3254,3.5360,-0.1327,0.1521,3.000,good,0.040,2.07,0,0,0,0,33.18,1,0.0,,,
3259,3.5360,-0.1103,0.1572,2.877,good,0.032,10.54,0,0,0,0,36.65,2,0.0,,,
3258,3.5400,-0.1128,-0.1200,2.904,good,0.013,5.85,0,0,0,0,35.46,3,0.0,,,
3263,3.5400,-0.1191,0.1818,2.929,good,0.004,4.02,0,0,0,0,36.94,2,0.0,,,
3264,3.5400,-0.1173,-0.0892,3.074,good,0.000,2.12,0,0,0,0,32.75,2,0.0,,,
3265,3.5400,-0.1183,0.0845,2.901,good,0.000,2.63,0,0,0,0,37.30,2,0.0,,,
3260,3.5440,-0.1157,0.1462,3.001,good,0.000,1.72,0,0,0,0,34.98,3,0.0,,,
3261,3.5440,-0.1130,0.2322,3.060,good,0.026,7.02,0,0,0,0,32.63,3,0.0,,,
3262,3.5440,-0.1121,-0.2006,2.942,good,0.000,2.32,0,0,0,0,35.08,3,0.0,,,
3267,3.5440,-0.1173,0.2454,3.036,good,0.049,5.00,0,0,0,0,34.54,2,0.0,,,
3271,3.5440,-0.1046,-0.0838,3.000,good,0.000,1.95,0,0,0,0,31.16,1,0.0,,,
3266,3.5480,-0.1160,-0.1125,2.939,good,0.041,3.04,0,0,0,0,35.01,3,0.0,,,
3269,3.5480,-0.1130,0.0250,3.092,good,0.007,6.48,0,0,0,0,30.35,2,0.0,,,
3270,3.5480,-0.1145,0.1855,3.446,good,0.003,3.97,0,0,0,0,23.65,2,0.0,,,
3268,3.5520,-0.1135,0.1088,2.988,good,0.000,3.29,0,0,0,0,32.54,3,0.0,,,
3274,3.5520,-0.1196,0.0800,3.019,stick,1.000,108.11,1,1,1,0,33.75,2,2.4,42,3260,3260
3272,3.5560,-0.1396,-0.1948,3.000,shell,1.000,8.10,1,1,1,0,31.67,1,2.4,7|6,,
3273,3.5560,-0.1134,-0.0246,3.255,faded,0.795,3.31,1,1,1,0,25.18,3,3.2,28|29,3255,
3275,3.5560,-0.1161,0.1429,2.988,good,0.002,2.17,0,0,0,0,31.88,3,0.0,,,
3276,3.5560,-0.1133,0.0643,3.013,good,0.000,3.03,0,0,0,0,30.32,3,0.0,,,
3281,3.5560,-0.1184,-0.0888,2.866,good,0.000,3.21,0,0,0,0,35.65,2,0.0,,,
3277,3.5600,-0.1136,-0.1410,3.006,good,0.000,2.03,0,0,0,0,35.58,3,0.0,,,
3278,3.5600,-0.1114,-0.0319,3.052,good,0.000,2.01,0,0,0,0,33.71,3,0.0,,,
3279,3.5600,-0.1116,0.0475,2.995,good,0.000,2.59,0,0,0,0,35.06,3,0.0,,,
3280,3.5600,-0.1088,0.0132,2.999,good,0.000,2.90,0,0,0,0,33.98,3,0.0,,,
3283,3.5600,-0.1183,0.0387,3.014,good,0.000,2.41,0,0,0,0,36.76,2,0.0,,,
3288,3.5600,-0.1049,-0.1965,3.000,faded,0.947,4.02,1,1,1,0,32.63,1,3.2,6|7,3258,
3282,3.5640,-0.1121,0.0288,3.004,good,0.003,2.37,0,0,0,0,31.40,3,0.0,,,
3286,3.5640,-0.1187,0.1274,3.038,good,0.005,4.60,0,0,0,0,32.73,2,0.0,,,
3287,3.5640,-0.1154,-0.2290,3.019,good,0.001,2.31,0,0,0,0,32.04,2,0.0,,,
3284,3.5680,-0.1092,0.0972,2.997,good,0.243,5.68,0,0,0,0,30.60,3,0.0,,,
3285,3.5680,-0.1087,-0.0820,3.000,good,0.000,2.82,0,0,0,0,30.29,3,0.0,,,
3292,3.5680,-0.1163,-0.0022,2.999,good,0.008,2.81,0,0,0,0,32.80,2,0.0,,,
3293,3.5680,-0.1151,-0.2020,2.999,good,0.000,2.68,0,0,0,0,32.39,2,0.0,,,
3289,3.5720,-0.1138,0.1360,3.026,good,0.000,7.53,0,0,0,0,33.11,3,0.0,,,
3290,3.5720,-0.1124,0.2241,2.995,faded,0.998,4.68,1,1,1,0,33.33,3,3.2,60,3272,3272
3291,3.5720,-0.1121,0.1604,2.835,good,0.000,2.36,0,0,0,0,37.17,3,0.0,,,
3295,3.5720,-0.1170,0.2343,3.103,good,0.002,2.64,0,0,0,0,32.23,2,0.0,,,
3294,3.5760,-0.1118,-0.0502,3.003,sour,1.000,20.46,1,1,1,0,28.38,3,3.2,25,3279,3279
3298,3.5760,-0.1178,-0.1847,2.985,good,0.000,3.09,0,0,0,0,30.77,2,0.0,,,
3299,3.5760,-0.1176,-0.0445,2.996,good,0.000,3.37,0,0,0,0,30.33,2,0.0,,,
3296,3.5800,-0.1147,0.0622,3.039,good,0.000,9.39,0,0,0,0,34.04,3,0.0,,,
3297,3.5800,-0.1092,0.1882,3.124,good,0.356,4.25,0,0,0,0,30.29,3,0.0,,,
3306,3.5800,-0.1161,0.0732,3.000,good,0.000,1.74,0,0,0,0,35.33,1,0.0,,,
3300,3.5840,-0.1133,-0.0645,3.004,good,0.001,4.04,0,0,0,0,35.70,3,0.0,,,
3301,3.5840,-0.1123,-0.0537,2.898,good,0.022,2.60,0,0,0,0,37.89,3,0.0,,,
3302,3.5840,-0.1083,-0.0027,2.999,good,0.000,2.91,0,0,0,0,34.03,3,0.0,,,
3310,3.5840,-0.1045,0.0770,3.000,good,0.000,1.72,0,0,0,0,32.74,1,0.0,,,
3303,3.5880,-0.1142,-0.2181,3.012,good,0.000,2.61,0,0,0,0,34.57,3,0.0,,,
3304,3.5880,-0.1129,0.0480,2.665,good,0.000,2.74,0,0,0,0,43.27,3,0.0,,,
3305,3.5880,-0.1085,0.0678,3.102,faded,1.000,5.49,1,1,1,0,30.55,3,3.2,40,3294,3294
3309,3.5880,-0.1152,-0.1918,3.013,good,0.015,2.91,0,0,0,0,34.68,2,0.0,,,
3307,3.5920,-0.1160,0.1605,3.008,good,0.000,2.13,0,0,0,0,33.25,3,0.0,,,
3308,3.5920,-0.1137,0.0197,3.058,good,0.001,5.28,0,0,0,0,31.27,3,0.0,,,
3313,3.5920,-0.1168,0.1948,2.939,sour,1.000,15.10,1,1,1,0,35.12,2,3.2,56|57,3289|3293,3289
3311,3.5960,-0.1131,-0.0691,3.000,good,0.003,2.00,0,0,0,0,33.71,3,0.0,,,
3312,3.5960,-0.1114,-0.1449,3.000,good,0.046,5.73,0,0,0,0,33.13,3,0.0,,,
3315,3.5960,-0.1185,-0.0583,3.042,good,0.111,10.74,0,0,0,0,34.43,2,0.0,,,
3314,3.6000,-0.1131,0.0954,3.126,good,0.000,2.22,0,0,0,0,30.30,3,0.0,,,
3316,3.6040,-0.1089,-0.0937,3.104,good,0.008,2.99,0,0,0,0,31.71,3,0.0,,,
3317,3.6040,-0.1099,-0.0651,2.808,good,0.006,2.97,0,0,0,0,39.08,3,0.0,,,
3318,3.6080,-0.1110,-0.1401,2.999,good,0.116,19.31,1,1,1,0,31.77,3,9.0,14|13|15,3267|3297,3267|3297
3319,3.6080,-0.1114,-0.0105,2.897,good,0.000,1.78,0,0,0,0,34.30,3,0.0,,,
3320,3.6080,-0.1081,-0.2136,3.055,good,0.004,10.07,0,0,0,0,29.41,3,0.0,,,
3321,3.6080,-0.1093,0.2283,2.891,good,0.013,3.38,0,0,0,0,33.66,3,0.0,,,
3322,3.6120,-0.1143,0.0401,3.101,good,0.000,2.47,0,0,0,0,26.48,3,0.0,,,
3323,3.6120,-0.1108,0.1667,3.007,good,0.000,3.11,0,0,0,0,27.43,3,0.0,,,
3324,3.6120,-0.1191,-0.1065,3.012,good,0.000,3.16,0,0,0,0,30.02,2,0.0,,,
3335,3.6120,-0.0998,-0.0071,3.000,good,0.000,1.68,0,0,0,0,23.88,1,0.0,,,
3325,3.6160,-0.1111,0.0902,2.944,broken,0.961,13.44,1,1,1,0,32.63,3,2.4,43,3305,
3330,3.6160,-0.1192,0.2376,2.991,good,0.001,11.43,0,0,0,0,34.12,2,0.0,,,
3331,3.6160,-0.1185,-0.0081,2.996,sour,1.000,17.29,1,1,1,0,33.71,2,3.2,30|31,3317,3317
3332,3.6160,-0.1176,-0.0671,2.993,good,0.001,3.30,0,0,0,0,33.46,2,0.0,,,
3333,3.6160,-0.1172,-0.0431,2.986,good,0.001,2.69,0,0,0,0,33.44,2,0.0,,,
3334,3.6160,-0.1165,0.1745,3.000,good,0.013,2.36,0,0,0,0,32.82,2,0.0,,,
3326,3.6200,-0.1197,0.0783,2.612,broken,0.965,4.83,1,1,1,0,43.24,3,2.4,42|41,3323,
3327,3.6200,-0.1143,0.0938,3.029,good,0.001,2.81,0,0,0,0,29.76,3,0.0,,,
3328,3.6200,-0.1083,0.1860,2.988,good,0.000,3.00,0,0,0,0,28.64,3,0.0,,,
3329,3.6200,-0.1101,-0.1514,2.798,good,0.052,2.59,0,0,0,0,33.97,3,0.0,,,
3340,3.6200,-0.1199,-0.0298,2.999,good,0.000,2.89,0,0,0,0,32.13,2,0.0,,,
3341,3.6200,-0.1161,-0.1790,3.004,black,1.000,47.61,1,1,1,0,30.71,2,3.2,9|8,3322,3322
3336,3.6240,-0.1148,0.2109,2.906,good,0.000,3.75,0,0,0,0,35.25,3,0.0,,,
3337,3.6240,-0.1201,0.1884,3.450,good,0.278,5.36,0,0,0,0,21.06,2,0.0,,,
3338,3.6240,-0.1122,-0.2317,2.998,good,0.001,3.41,0,0,0,0,32.03,3,0.0,,,
3339,3.6240,-0.1099,0.0660,3.005,good,0.013,3.03,0,0,0,0,31.05,3,0.0,,,
3345,3.6240,-0.1187,0.1420,2.987,good,0.000,2.93,0,0,0,0,34.39,2,0.0,,,
3342,3.6280,-0.1135,-0.0337,3.010,good,0.000,2.52,0,0,0,0,32.94,3,0.0,,,
3343,3.6280,-0.1132,0.0325,2.762,good,0.075,3.43,0,0,0,0,39.11,3,0.0,,,
3344,3.6280,-0.1117,-0.0574,2.986,good,0.001,4.00,0,0,0,0,32.77,3,0.0,,,
3346,3.6320,-0.1150,-0.2322,2.929,good,0.000,3.08,0,0,0,0,33.95,3,0.0,,,
3347,3.6320,-0.1206,-0.1520,2.572,insect,1.000,3.76,1,1,1,0,42.25,2,3.1,12,,
3353,3.6320,-0.1103,-0.1488,3.000,insect,1.000,3.78,1,1,1,0,30.53,1,3.1,12|13,3311,
3348,3.6360,-0.1093,0.0983,3.321,good,0.010,2.72,0,0,0,0,26.56,3,0.0,,,
3349,3.6360,-0.1101,-0.0996,3.024,good,0.005,2.61,0,0,0,0,32.95,3,0.0,,,
3350,3.6360,-0.1089,0.2256,3.030,good,0.000,9.83,0,0,0,0,32.40,3,0.0,,,
3352,3.6360,-0.1155,-0.1908,2.997,insect,1.000,3.49,1,1,1,0,35.33,2,3.1,7,3344,3344
3351,3.6400,-0.1132,0.0274,3.154,good,0.000,2.30,0,0,0,0,37.88,3,0.0,,,
3355,3.6400,-0.1187,0.0075,3.000,good,0.001,4.38,0,0,0,0,43.13,2,0.0,,,
3356,3.6400,-0.1163,-0.2014,3.045,good,0.000,2.53,0,0,0,0,41.22,2,0.0,,,
3354,3.6440,-0.1119,-0.1621,2.862,good,0.008,3.98,0,0,0,0,36.99,3,0.0,,,
3361,3.6440,-0.1192,-0.0686,3.047,faded,0.853,3.62,1,1,1,0,34.83,2,3.2,23,3337,3337
3357,3.6480,-0.1143,-0.2216,3.180,good,0.202,8.03,0,0,0,0,39.10,3,0.0,,,
3358,3.6480,-0.1135,-0.0137,3.138,good,0.000,4.17,0,0,0,0,39.69,3,0.0,,,
3359,3.6480,-0.1161,0.0481,2.837,good,0.006,3.07,0,0,0,0,47.76,3,0.0,,,
3360,3.6480,-0.1087,-0.1017,3.201,good,0.000,2.93,0,0,0,0,36.77,3,0.0,,,
3362,3.6520,-0.1151,-0.1074,3.003,good,0.000,2.63,0,0,0,0,31.65,3,0.0,,,
3363,3.6520,-0.1142,-0.0655,3.187,good,0.000,2.53,0,0,0,0,27.17,3,0.0,,,
3364,3.6520,-0.1104,0.0173,2.992,good,0.001,2.03,0,0,0,0,30.25,3,0.0,,,
3365,3.6520,-0.1104,0.1557,3.002,good,0.001,3.40,0,0,0,0,29.96,3,0.0,,,
3366,3.6520,-0.1093,0.2242,3.129,good,0.423,3.15,0,0,0,0,26.72,3,0.0,,,
3367,3.6520,-0.1138,-0.2349,2.986,stick,1.000,92.17,1,1,1,0,31.41,2,2.4,1|2,3359,3359
3368,3.6520,-0.1185,0.1688,3.009,black,1.000,51.45,1,1,1,0,32.35,2,3.2,53,3354,3354
3369,3.6520,-0.1113,0.1012,3.000,good,0.123,8.92,0,0,0,0,30.13,2,0.0,,,
3375,3.6520,-0.1047,0.0444,3.000,good,0.001,3.06,0,0,0,0,27.93,1,0.0,,,
3374,3.6560,-0.1295,-0.1011,3.000,good,0.017,10.84,0,0,0,0,32.64,1,0.0,,,
3380,3.6560,-0.1180,-0.1059,3.000,good,0.000,6.09,0,0,0,0,32.77,1,0.0,,,
3381,3.6560,-0.1149,-0.0948,3.000,good,0.018,3.20,0,0,0,0,31.73,1,0.0,,,
3370,3.6600,-0.1140,-0.0871,3.050,good,0.001,2.94,0,0,0,0,31.81,3,0.0,,,
3371,3.6600,-0.1137,0.1280,2.792,good,0.005,3.38,0,0,0,0,38.13,3,0.0,,,
3372,3.6600,-0.1142,-0.2458,2.966,stick,1.000,32.08,1,1,1,0,33.76,3,2.4,0,3343,
3373,3.6600,-0.1096,-0.1431,3.005,good,0.000,2.82,0,0,0,0,31.23,3,0.0,,,
3376,3.6640,-0.1134,-0.2343,2.997,good,0.000,3.48,0,0,0,0,30.51,3,0.0,,,
3377,3.6640,-0.1229,0.1697,3.302,good,0.001,9.33,0,0,0,0,22.75,2,0.0,,,
3378,3.6640,-0.1108,-0.1950,3.076,good,0.000,1.75,0,0,0,0,27.73,3,0.0,,,
3379,3.6640,-0.1105,-0.0565,2.837,good,0.100,3.60,0,0,0,0,33.35,3,0.0,,,
3383,3.6640,-0.1186,0.1925,3.000,good,0.000,1.79,0,0,0,0,31.96,2,0.0,,,
3389,3.6640,-0.1116,0.1665,3.000,good,0.000,3.55,0,0,0,0,29.63,1,0.0,,,
3390,3.6640,-0.1072,0.1737,3.000,good,0.001,2.82,0,0,0,0,28.16,1,0.0,,,
3382,3.6680,-0.1104,0.1539,3.000,good,0.000,1.72,0,0,0,0,31.91,3,0.0,,,
3386,3.6680,-0.1172,0.1717,3.117,broken,0.764,3.13,1,1,1,0,31.38,2,2.4,53|54,3381,3381
3387,3.6680,-0.1154,0.0984,3.000,good,0.000,2.95,0,0,0,0,33.45,2,0.0,,,
3388,3.6680,-0.1169,0.1177,3.001,faded,1.000,5.63,1,1,1,0,33.88,2,3.2,47|46,3366,3366
3384,3.6720,-0.1118,-0.1906,2.995,good,0.000,2.54,0,0,0,0,30.97,3,0.0,,,
3385,3.6720,-0.1105,0.0677,2.968,good,0.000,1.76,0,0,0,0,31.11,3,0.0,,,
3391,3.6760,-0.1099,-0.2153,3.029,good,0.013,4.45,0,0,0,0,29.57,3,0.0,,,
3392,3.6760,-0.1146,-0.0763,2.458,sour,1.000,17.21,1,1,1,0,47.56,3,3.2,22,3360,3360
3393,3.6760,-0.1089,0.0313,2.989,good,0.000,3.32,0,0,0,0,30.08,3,0.0,,,
3396,3.6760,-0.1174,-0.1460,3.035,good,0.005,3.42,0,0,0,0,31.76,2,0.0,,,
3394,3.6800,-0.1125,0.0100,3.141,good,0.000,3.32,0,0,0,0,30.71,3,0.0,,,
3395,3.6800,-0.1112,0.2024,3.000,good,0.010,3.64,0,0,0,0,33.43,3,0.0,,,
3398,3.6800,-0.1193,-0.1260,1.960,faded,0.506,7.32,1,1,1,0,74.83,2,3.2,15|16,3391,
3400,3.6800,-0.1174,0.0540,2.949,good,0.000,1.98,0,0,0,0,36.64,2,0.0,,,
3405,3.6800,-0.1110,-0.1281,3.000,good,0.000,2.05,0,0,0,0,33.24,1,0.0,,,
3397,3.6840,-0.1118,0.0693,2.960,good,0.000,3.91,0,0,0,0,33.98,3,0.0,,,
3399,3.6840,-0.1088,0.0790,2.997,good,0.000,2.32,0,0,0,0,32.06,3,0.0,,,
3403,3.6840,-0.1181,0.1538,2.995,good,0.000,2.95,0,0,0,0,35.14,2,0.0,,,
3404,3.6840,-0.1170,0.1640,3.005,good,0.000,3.85,0,0,0,0,34.50,2,0.0,,,
3401,3.6880,-0.1138,-0.1982,3.000,good,0.000,3.07,0,0,0,0,33.14,3,0.0,,,
3402,3.6880,-0.1113,-0.0329,2.997,good,0.018,3.47,0,0,0,0,32.32,3,0.0,,,
3407,3.6880,-0.1196,0.0992,3.102,good,0.001,6.73,0,0,0,0,32.56,2,0.0,,,
3406,3.6920,-0.1118,0.0634,2.761,good,0.000,2.56,0,0,0,0,35.05,3,0.0,,,
3409,3.6920,-0.1199,-0.1565,3.424,good,0.103,8.53,0,0,0,0,22.49,2,0.0,,,
3411,3.6920,-0.1162,-0.1779,2.995,good,0.000,2.59,0,0,0,0,30.40,2,0.0,,,
3408,3.6960,-0.1084,0.1891,3.183,insect,0.979,9.47,1,1,1,0,35.67,3,3.1,56,3398|3413,3398
3410,3.6960,-0.1210,0.0817,2.538,insect,1.000,3.96,1,1,1,0,53.22,2,3.1,42,,
3416,3.6960,-0.1184,0.1189,2.957,good,0.004,2.78,0,0,0,0,43.92,2,0.0,,,
3421,3.6960,-0.1109,0.0788,3.000,insect,1.000,3.83,1,1,1,0,40.36,1,3.1,42|41,3385,
3422,3.6960,-0.1095,-0.1533,3.000,good,0.001,2.78,0,0,0,0,39.86,1,0.0,,,
3423,3.6960,-0.1036,-0.1622,3.000,good,0.002,3.57,0,0,0,0,37.90,1,0.0,,,
3412,3.7000,-0.1160,0.0634,3.041,good,0.000,3.56,0,0,0,0,29.82,3,0.0,,,
3413,3.7000,-0.1141,-0.0628,3.015,good,0.000,3.25,0,0,0,0,29.73,3,0.0,,,
3414,3.7000,-0.1085,0.1508,2.933,good,0.000,2.07,0,0,0,0,29.78,3,0.0,,,
3415,3.7000,-0.1113,0.1951,2.608,good,0.000,2.10,0,0,0,0,39.68,3,0.0,,,
3418,3.7000,-0.1186,-0.1221,2.968,good,0.001,2.60,0,0,0,0,32.28,2,0.0,,,
3419,3.7000,-0.1168,-0.1651,3.000,sour,1.000,15.56,1,1,1,0,30.83,2,3.2,10|11,3394,
3420,3.7000,-0.1274,-0.0310,3.000,good,0.000,2.48,0,0,0,0,30.34,1,0.0,,,
3417,3.7040,-0.1132,-0.0292,3.042,good,0.000,15.22,0,0,0,0,29.17,3,0.0,,,
3430,3.7040,-0.1192,0.1970,3.068,good,0.001,2.92,0,0,0,0,30.48,2,0.0,,,
3431,3.7040,-0.1185,0.2091,3.047,good,0.003,4.35,0,0,0,0,30.70,2,0.0,,,
3432,3.7040,-0.1156,0.0399,2.990,good,0.004,2.89,0,0,0,0,31.02,2,0.0,,,
3437,3.7040,-0.1199,-0.1681,3.000,good,0.453,3.68,0,0,0,0,32.21,1,0.0,,,
3438,3.7040,-0.1035,-0.0274,3.000,good,0.000,2.99,0,0,0,0,26.74,1,0.0,,,
3424,3.7080,-0.1371,-0.1515,3.000,good,0.008,6.12,0,0,0,0,31.02,1,0.0,,,
3425,3.7080,-0.1127,-0.1805,3.029,insect,1.000,5.74,1,1,1,0,30.06,3,3.1,8|9,3380,
3426,3.7080,-0.1362,0.2305,3.000,good,0.000,2.11,0,0,0,0,30.54,1,0.0,,,
3427,3.7080,-0.1116,0.0959,3.022,good,0.000,2.20,0,0,0,0,29.78,3,0.0,,,
3428,3.7080,-0.1089,-0.0196,3.051,good,0.004,2.88,0,0,0,0,28.17,3,0.0,,,
3429,3.7080,-0.1321,-0.1626,3.000,faded,0.716,3.71,1,1,1,0,29.04,1,3.2,11|10,,
3433,3.7080,-0.1158,0.2270,3.019,good,0.000,7.03,0,0,0,0,31.09,2,0.0,,,
3434,3.7080,-0.1189,-0.0587,2.965,good,0.001,3.61,0,0,0,0,33.42,2,0.0,,,
3435,3.7080,-0.1149,-0.1555,2.915,good,0.000,1.61,0,0,0,0,33.29,2,0.0,,,
3436,3.7080,-0.1073,-0.1462,3.450,good,0.000,1.66,0,0,0,0,19.63,2,0.0,,,
3440,3.7080,-0.1078,-0.1736,3.000,good,0.406,3.73,0,0,0,0,28.78,1,0.0,,,
3441,3.7080,-0.1070,0.2003,3.000,good,0.003,4.84,0,0,0,0,28.51,1,0.0,,,
3439,3.7160,-0.1137,0.0809,3.199,good,0.007,2.02,0,0,0,0,31.08,3,0.0,,,
3444,3.7160,-0.1167,0.0148,3.118,good,0.000,1.68,0,0,0,0,33.73,2,0.0,,,
3442,3.7200,-0.1096,0.0674,2.989,good,0.000,2.98,0,0,0,0,32.94,3,0.0,,,
3443,3.7200,-0.1225,-0.0902,2.869,good,0.000,3.17,0,0,0,0,36.33,2,0.0,,,
3447,3.7200,-0.1190,-0.0758,2.999,good,0.000,2.32,0,0,0,0,35.74,2,0.0,,,
3448,3.7200,-0.1170,-0.0957,3.110,good,0.000,2.41,0,0,0,0,32.42,2,0.0,,,
3449,3.7200,-0.1175,-0.1790,2.989,good,0.005,2.04,0,0,0,0,35.41,2,0.0,,,
3454,3.7200,-0.1111,-0.0870,3.000,good,0.000,2.92,0,0,0,0,32.97,1,0.0,,,
3445,3.7240,-0.1152,-0.1563,2.998,good,0.000,2.03,0,0,0,0,33.53,3,0.0,,,
3446,3.7240,-0.1117,-0.0424,2.970,good,0.000,3.53,0,0,0,0,32.98,3,0.0,,,
3452,3.7240,-0.1175,0.1856,3.450,good,0.000,3.87,0,0,0,0,24.69,2,0.0,,,
3453,3.7240,-0.1147,0.0715,2.982,good,0.003,3.00,0,0,0,0,33.62,2,0.0,,,
3450,3.7280,-0.1214,-0.2268,2.664,good,0.000,2.97,0,0,0,0,42.73,2,0.0,,,
3451,3.7280,-0.1098,0.0799,2.996,good,0.003,2.58,0,0,0,0,33.58,3,0.0,,,
3458,3.7280,-0.1177,-0.0983,2.956,good,0.000,2.08,0,0,0,0,37.17,2,0.0,,,
3459,3.7280,-0.1108,-0.2235,3.000,good,0.000,2.95,0,0,0,0,33.77,1,0.0,,,
3455,3.7320,-0.1157,-0.0462,3.000,good,0.000,2.22,0,0,0,0,38.43,3,0.0,,,
3456,3.7320,-0.1117,-0.2362,2.997,good,0.001,1.81,0,0,0,0,37.13,3,0.0,,,
3457,3.7320,-0.1111,-0.1317,2.877,good,0.000,1.75,0,0,0,0,39.85,3,0.0,,,
3460,3.7400,-0.1089,0.0229,2.995,good,0.000,2.34,0,0,0,0,32.81,3,0.0,,,
3461,3.7400,-0.1181,0.1431,2.994,black,1.000,50.81,1,1,1,0,35.85,2,3.2,50,3421,3421
3464,3.7440,-0.1199,0.0075,2.920,sour,1.000,19.34,1,1,1,0,36.03,2,3.2,32|33,3438|3458,3438
3466,3.7440,-0.1166,-0.0432,3.036,good,0.002,3.47,0,0,0,0,32.00,2,0.0,,,
3467,3.7440,-0.1170,0.1837,2.995,good,0.000,2.22,0,0,0,0,33.06,2,0.0,,,
3468,3.7440,-0.1292,0.1705,3.000,good,0.004,2.66,0,0,0,0,33.00,1,0.0,,,
3469,3.7440,-0.1160,0.1209,2.999,good,0.000,5.55,0,0,0,0,32.60,2,0.0,,,
3473,3.7440,-0.1156,0.1662,3.000,good,0.037,3.18,0,0,0,0,32.42,1,0.0,,,
3462,3.7480,-0.1108,-0.1074,2.986,good,0.007,2.59,0,0,0,0,32.23,3,0.0,,,
3463,3.7480,-0.1096,0.0799,3.038,good,0.010,2.60,0,0,0,0,30.58,3,0.0,,,
3465,3.7480,-0.1079,0.0467,3.040,good,0.001,2.68,0,0,0,0,29.92,3,0.0,,,
3477,3.7480,-0.1021,0.1619,3.000,good,0.001,4.62,0,0,0,0,28.89,1,0.0,,,
3470,3.7520,-0.1147,0.1568,2.967,good,0.000,2.83,0,0,0,0,34.75,3,0.0,,,
3471,3.7520,-0.1126,0.1484,3.101,good,0.001,7.69,0,0,0,0,30.91,3,0.0,,,
3472,3.7520,-0.1102,-0.0349,3.003,good,0.000,5.99,0,0,0,0,32.30,3,0.0,,,
3474,3.7560,-0.1105,0.0960,2.850,good,0.000,2.12,0,0,0,0,35.65,3,0.0,,,
3475,3.7560,-0.1091,-0.0737,3.000,good,0.001,2.21,0,0,0,0,31.48,3,0.0,,,
3476,3.7560,-0.1083,-0.1063,3.000,good,0.000,1.94,0,0,0,0,31.15,3,0.0,,,
3478,3.7560,-0.1194,-0.0928,3.015,good,0.000,1.84,0,0,0,0,34.43,2,0.0,,,
3479,3.7640,-0.1136,-0.2002,3.000,good,0.000,2.67,0,0,0,0,31.24,3,0.0,,,
3480,3.7640,-0.1112,0.2093,3.081,good,0.037,3.37,0,0,0,0,28.53,3,0.0,,,
3481,3.7640,-0.1111,-0.1917,3.182,good,0.004,3.75,0,0,0,0,26.26,3,0.0,,,
3482,3.7640,-0.1087,0.0977,2.832,black,1.000,45.23,1,1,1,0,33.55,3,3.2,44,3463,
3483,3.7640,-0.1198,-0.0391,3.005,good,0.002,2.67,0,0,0,0,32.94,2,0.0,,,
3484,3.7640,-0.1185,0.0746,3.041,good,0.005,4.80,0,0,0,0,31.60,2,0.0,,,
3485,3.7640,-0.1174,-0.0678,3.002,good,0.000,2.42,0,0,0,0,32.15,2,0.0,,,
3488,3.7680,-0.1197,0.0691,3.001,good,0.001,2.43,0,0,0,0,35.05,2,0.0,,,
3489,3.7680,-0.1170,0.1493,2.994,good,0.001,3.44,0,0,0,0,34.24,2,0.0,,,
3486,3.7720,-0.1251,0.0052,3.450,good,0.006,3.14,0,0,0,0,21.86,2,0.0,,,
3487,3.7720,-0.1086,-0.2174,3.009,good,0.001,8.54,0,0,0,0,29.86,3,0.0,,,
3492,3.7720,-0.1183,0.1824,3.213,good,0.000,2.57,0,0,0,0,28.46,2,0.0,,,
3493,3.7720,-0.1180,0.2352,3.005,good,0.000,3.68,0,0,0,0,33.03,2,0.0,,,
3496,3.7720,-0.1104,0.0007,3.000,good,0.003,3.18,0,0,0,0,30.60,1,0.0,,,
3490,3.7760,-0.1141,-0.1379,2.895,good,0.006,5.36,0,0,0,0,41.26,3,0.0,,,
3491,3.7760,-0.1124,0.1308,2.971,good,0.000,2.44,0,0,0,0,38.76,3,0.0,,,
3494,3.7760,-0.1175,0.0013,3.012,good,0.001,3.14,0,0,0,0,39.41,2,0.0,,,
3495,3.7760,-0.1166,0.2202,2.988,black,1.000,55.73,1,1,1,0,39.64,2,3.2,60|59,3481,3481
3499,3.7800,-0.1199,0.1222,2.999,good,0.001,3.40,0,0,0,0,34.51,2,0.0,,,
3500,3.7800,-0.1196,-0.1226,2.939,good,0.002,2.88,0,0,0,0,35.84,2,0.0,,,
3501,3.7800,-0.1192,0.1006,2.998,good,0.000,2.55,0,0,0,0,34.22,2,0.0,,,
3502,3.7800,-0.1146,-0.0726,3.173,good,0.100,3.29,0,0,0,0,28.67,2,0.0,,,
3497,3.7840,-0.1119,-0.1343,2.976,good,0.000,2.40,0,0,0,0,43.15,3,0.0,,,
3498,3.7840,-0.1130,-0.0072,2.906,good,0.000,1.99,0,0,0,0,45.19,3,0.0,,,
3503,3.7880,-0.1151,-0.0613,2.994,good,0.000,1.88,0,0,0,0,33.45,3,0.0,,,
3506,3.7880,-0.1195,0.0095,2.994,good,0.000,2.39,0,0,0,0,34.87,2,0.0,,,
3508,3.7880,-0.1181,-0.2350,3.041,good,0.005,3.52,0,0,0,0,33.21,2,0.0,,,
3504,3.7920,-0.1114,0.0230,3.021,good,0.000,3.12,0,0,0,0,30.78,3,0.0,,,
3505,3.7920,-0.1123,0.1157,3.076,good,0.000,2.88,0,0,0,0,29.77,3,0.0,,,
3507,3.7920,-0.1080,0.0847,3.005,broken,0.541,1.78,1,1,1,0,29.95,3,2.4,42|43,3499,3499
3514,3.7920,-0.1179,0.1366,3.000,good,0.000,2.38,0,0,0,0,33.29,2,0.0,,,
3509,3.7960,-0.1146,0.1306,2.940,good,0.000,3.05,0,0,0,0,40.15,3,0.0,,,
3510,3.7960,-0.1131,0.0394,2.997,black,1.000,52.10,1,1,1,0,38.19,3,3.2,37|36,3480,3480
3511,3.7960,-0.1128,-0.0897,3.000,good,0.000,2.09,0,0,0,0,37.94,3,0.0,,,
3512,3.7960,-0.1134,-0.1205,2.899,good,0.000,2.27,0,0,0,0,40.61,3,0.0,,,
3513,3.7960,-0.1085,-0.2259,3.131,sour,1.000,19.39,1,1,1,0,33.54,3,3.2,3|2,3476,3476
3515,3.8000,-0.1170,-0.2219,2.893,good,0.000,2.13,0,0,0,0,36.13,3,0.0,,,
3516,3.8000,-0.1146,0.2020,3.057,good,0.000,2.11,0,0,0,0,31.24,3,0.0,,,
3517,3.8000,-0.1161,0.1106,2.925,good,0.000,2.77,0,0,0,0,34.86,3,0.0,,,
3518,3.8000,-0.1133,-0.0030,3.067,good,0.000,2.58,0,0,0,0,30.49,3,0.0,,,
3519,3.8000,-0.1129,-0.0494,3.016,good,0.007,4.95,0,0,0,0,31.49,3,0.0,,,
3520,3.8000,-0.1071,-0.1512,3.237,good,0.066,18.16,0,0,0,0,24.85,3,0.0,,,
3521,3.8000,-0.1120,0.1485,3.141,good,0.016,2.98,0,0,0,0,28.32,3,0.0,,,
3522,3.8000,-0.1098,-0.2432,2.977,good,0.212,5.70,0,0,0,0,31.28,3,0.0,,,
3523,3.8040,-0.1150,-0.0012,3.154,good,0.000,2.91,0,0,0,0,29.64,3,0.0,,,
3527,3.8040,-0.1186,-0.0597,2.850,good,0.000,1.76,0,0,0,0,38.14,2,0.0,,,
3528,3.8040,-0.1158,-0.1360,2.991,good,0.001,2.18,0,0,0,0,33.52,2,0.0,,,
3524,3.8080,-0.1182,-0.0026,2.655,stone,0.668,5.88,1,1,1,0,44.92,3,7.1,31,3517,
3525,3.8080,-0.1233,-0.1815,2.848,good,0.001,1.94,0,0,0,0,37.07,2,0.0,,,
3526,3.8080,-0.1099,0.0917,3.058,good,0.001,2.27,0,0,0,0,31.25,3,0.0,,,
3531,3.8080,-0.1199,0.1256,2.997,good,0.000,2.48,0,0,0,0,35.94,2,0.0,,,
3536,3.8080,-0.1120,-0.1785,3.000,good,0.000,1.94,0,0,0,0,33.20,1,0.0,,,
3529,3.8120,-0.1137,-0.1739,2.928,good,0.001,4.55,0,0,0,0,34.95,3,0.0,,,
3530,3.8120,-0.1096,0.1090,2.998,good,0.000,2.98,0,0,0,0,31.84,3,0.0,,,
3534,3.8120,-0.1170,0.1671,3.285,good,0.000,2.68,0,0,0,0,27.92,2,0.0,,,
3535,3.8120,-0.1180,0.1067,2.998,broken,0.996,3.31,1,1,1,0,34.57,2,2.4,45,3511,3511
3532,3.8160,-0.1262,0.1748,2.402,good,0.001,2.63,0,0,0,0,57.23,2,0.0,,,
3533,3.8160,-0.1110,0.0103,2.966,insect,1.000,8.63,1,1,1,0,38.14,3,3.1,33,3512,
3541,3.8160,-0.1142,0.0210,3.286,good,0.428,3.25,0,0,0,0,32.13,2,0.0,,,
3545,3.8160,-0.1165,0.1717,3.000,good,0.001,2.13,0,0,0,0,39.12,1,0.0,,,
3537,3.8200,-0.1129,0.1266,2.996,good,0.000,2.07,0,0,0,0,41.23,3,0.0,,,
3538,3.8200,-0.1111,-0.0159,3.035,good,0.000,1.71,0,0,0,0,39.67,3,0.0,,,
3539,3.8200,-0.1113,0.0046,3.102,sour,1.000,24.59,1,1,1,0,38.20,3,3.2,32,3536,
3540,3.8200,-0.1108,-0.0495,2.974,good,0.001,2.09,0,0,0,0,40.91,3,0.0,,,
3542,3.8240,-0.1149,-0.2309,2.995,good,0.004,2.41,0,0,0,0,32.36,3,0.0,,,
3543,3.8240,-0.1146,-0.1512,2.917,good,0.000,2.52,0,0,0,0,34.13,3,0.0,,,
3544,3.8240,-0.1126,-0.1770,2.448,good,0.001,3.10,0,0,0,0,47.35,3,0.0,,,
3548,3.8240,-0.1136,0.0394,3.450,sour,1.000,14.74,1,1,1,0,22.39,2,3.2,37|36,3571,
3546,3.8280,-0.1129,0.0408,3.178,good,0.000,3.53,0,0,0,0,27.12,3,0.0,,,
3547,3.8280,-0.1117,0.1575,3.029,good,0.001,3.06,0,0,0,0,29.98,3,0.0,,,
3553,3.8280,-0.1197,-0.0233,3.309,black,1.000,46.07,1,1,1,0,26.45,2,3.2,29|28,3541,
3555,3.8280,-0.1169,0.0084,3.176,good,0.001,2.66,0,0,0,0,28.29,2,0.0,,,
3549,3.8320,-0.1277,-0.1218,3.015,good,0.000,2.05,0,0,0,0,33.96,2,0.0,,,
3550,3.8320,-0.1142,0.1820,2.990,good,0.020,2.49,0,0,0,0,34.03,3,0.0,,,
3551,3.8320,-0.1089,0.1237,2.992,good,0.000,2.45,0,0,0,0,32.14,3,0.0,,,
3552,3.8320,-0.1088,-0.0415,3.159,good,0.016,3.10,0,0,0,0,28.38,3,0.0,,,
3554,3.8320,-0.1083,-0.1473,2.965,good,0.000,2.71,0,0,0,0,32.51,3,0.0,,,
3561,3.8320,-0.1156,-0.1171,3.000,good,0.000,2.00,0,0,0,0,34.12,1,0.0,,,
3556,3.8360,-0.1132,0.0437,3.144,good,0.000,1.85,0,0,0,0,27.87,3,0.0,,,
3557,3.8360,-0.1155,-0.0376,2.594,good,0.009,2.47,0,0,0,0,43.09,3,0.0,,,
3558,3.8360,-0.1118,0.1495,2.997,insect,1.000,7.92,1,1,1,0,30.63,3,3.1,51|50,3519,3519
3559,3.8360,-0.1101,0.2158,3.000,good,0.000,2.29,0,0,0,0,29.92,3,0.0,,,
3560,3.8360,-0.1170,-0.1727,2.965,good,0.001,2.56,0,0,0,0,33.04,2,0.0,,,
3564,3.8400,-0.1196,0.0030,3.450,good,0.253,3.97,0,0,0,0,25.78,2,0.0,,,
3570,3.8400,-0.1052,-0.0409,3.000,good,0.007,2.43,0,0,0,0,30.50,1,0.0,,,
3562,3.8440,-0.1131,-0.0220,3.004,good,0.000,2.87,0,0,0,0,32.14,3,0.0,,,
3563,3.8440,-0.1104,-0.1900,3.164,good,0.003,2.31,0,0,0,0,27.66,3,0.0,,,
3565,3.8440,-0.1085,0.2294,3.077,good,0.012,5.28,0,0,0,0,28.88,3,0.0,,,
3566,3.8440,-0.1102,-0.0070,2.759,good,0.031,2.55,0,0,0,0,37.26,3,0.0,,,
3569,3.8440,-0.1177,-0.1582,2.999,good,0.000,1.84,0,0,0,0,33.62,2,0.0,,,
3577,3.8440,-0.1031,0.0008,3.000,good,0.220,3.62,0,0,0,0,28.70,1,0.0,,,
3567,3.8480,-0.1151,-0.1746,3.002,good,0.000,2.31,0,0,0,0,31.09,3,0.0,,,
3568,3.8480,-0.1141,0.1754,2.937,good,0.000,2.21,0,0,0,0,32.28,3,0.0,,,
3576,3.8480,-0.1171,-0.1630,2.989,good,0.000,2.41,0,0,0,0,31.97,2,0.0,,,
3571,3.8520,-0.1155,0.1150,3.009,good,0.001,2.34,0,0,0,0,33.40,3,0.0,,,
3572,3.8520,-0.1118,-0.0754,2.975,good,0.014,2.74,0,0,0,0,32.90,3,0.0,,,
3573,3.8520,-0.1102,-0.0642,3.079,faded,1.000,5.79,1,1,1,0,29.95,3,3.2,23,3577,3577
3574,3.8520,-0.1348,0.0283,3.000,good,0.000,2.08,0,0,0,0,31.90,1,0.0,,,
3575,3.8520,-0.1334,0.0189,3.000,good,0.000,2.32,0,0,0,0,31.46,1,0.0,,,
3581,3.8520,-0.1192,0.1317,3.012,good,0.000,3.11,0,0,0,0,34.36,2,0.0,,,
3582,3.8520,-0.1172,-0.1852,2.948,good,0.000,3.64,0,0,0,0,35.25,2,0.0,,,
3583,3.8520,-0.1168,0.0739,2.999,good,0.008,2.84,0,0,0,0,33.80,2,0.0,,,
3584,3.8520,-0.1100,0.0229,3.028,good,0.005,7.40,0,0,0,0,30.84,2,0.0,,,
3578,3.8560,-0.1103,-0.1619,3.000,good,0.000,2.25,0,0,0,0,31.38,3,0.0,,,
3579,3.8560,-0.1098,0.1469,3.000,good,0.002,2.63,0,0,0,0,31.11,3,0.0,,,
3580,3.8560,-0.1088,0.1914,3.017,good,0.000,4.44,0,0,0,0,30.36,3,0.0,,,
3585,3.8560,-0.1183,0.1280,2.999,good,0.001,3.08,0,0,0,0,33.93,2,0.0,,,
3586,3.8640,-0.1147,-0.1570,2.994,good,0.000,2.59,0,0,0,0,35.40,3,0.0,,,
3587,3.8640,-0.1149,0.0573,3.001,good,0.000,2.50,0,0,0,0,35.21,3,0.0,,,
3588,3.8640,-0.1149,-0.1104,3.000,good,0.000,3.06,0,0,0,0,35.20,3,0.0,,,
3589,3.8640,-0.1082,0.1877,3.327,good,0.002,4.81,0,0,0,0,26.08,3,0.0,,,
3590,3.8640,-0.1133,0.1364,2.724,good,0.001,5.13,0,0,0,0,41.76,3,0.0,,,
3591,3.8640,-0.1107,-0.0689,2.715,good,0.000,2.90,0,0,0,0,41.03,3,0.0,,,
3592,3.8640,-0.1081,0.2356,3.000,good,0.000,2.65,0,0,0,0,32.78,3,0.0,,,
3594,3.8640,-0.1146,0.2081,3.024,good,0.143,7.20,0,0,0,0,34.31,2,0.0,,,
3593,3.8680,-0.1109,0.0721,3.000,good,0.000,2.91,0,0,0,0,31.67,3,0.0,,,
3599,3.8680,-0.1172,0.0981,2.999,good,0.001,3.02,0,0,0,0,33.75,2,0.0,,,
3600,3.8680,-0.1153,-0.1071,3.112,good,0.002,2.47,0,0,0,0,30.46,2,0.0,,,
3603,3.8680,-0.1024,0.1328,3.000,good,0.000,5.16,0,0,0,0,28.74,1,0.0,,,
3595,3.8720,-0.1155,-0.1387,2.991,good,0.004,5.95,0,0,0,0,34.86,3,0.0,,,
3596,3.8720,-0.1143,0.1162,2.997,good,0.000,2.53,0,0,0,0,34.24,3,0.0,,,
3597,3.8720,-0.1133,0.0077,3.008,good,0.000,4.17,0,0,0,0,33.64,3,0.0,,,
3598,3.8720,-0.1118,-0.1276,2.941,good,0.000,3.59,0,0,0,0,34.72,3,0.0,,,
3601,3.8760,-0.1114,0.0426,2.991,good,0.069,3.45,0,0,0,0,32.69,3,0.0,,,
3602,3.8760,-0.1100,0.0762,2.995,good,0.000,2.76,0,0,0,0,32.04,3,0.0,,,
3606,3.8760,-0.1169,-0.1377,2.993,good,0.000,2.59,0,0,0,0,34.37,2,0.0,,,
3604,3.8800,-0.1127,0.2100,2.996,good,0.000,1.94,0,0,0,0,35.44,3,0.0,,,
3605,3.8800,-0.1114,0.2303,3.019,good,0.195,2.99,0,0,0,0,34.38,3,0.0,,,
3610,3.8800,-0.1126,-0.0036,3.450,good,0.001,5.02,0,0,0,0,25.96,2,0.0,,,
3607,3.8840,-0.1154,-0.1015,3.001,good,0.001,2.91,0,0,0,0,44.84,3,0.0,,,
3608,3.8840,-0.1162,0.0901,2.987,good,0.000,2.67,0,0,0,0,45.37,3,0.0,,,
3609,3.8840,-0.1121,0.1414,3.003,good,0.002,2.71,0,0,0,0,43.59,3,0.0,,,
3611,3.8880,-0.1142,0.1345,2.998,good,0.015,2.30,0,0,0,0,41.68,3,0.0,,,
3612,3.8880,-0.1137,-0.0191,3.020,good,0.001,2.91,0,0,0,0,40.92,3,0.0,,,
3614,3.8880,-0.1194,0.1499,3.000,good,0.000,2.73,0,0,0,0,43.24,2,0.0,,,
3615,3.8880,-0.1177,-0.1921,3.008,good,0.005,8.89,0,0,0,0,42.49,2,0.0,,,
3613,3.8920,-0.1215,-0.0177,3.355,good,0.001,3.34,0,0,0,0,26.14,2,0.0,,,
3616,3.8960,-0.1101,-0.2163,3.190,good,0.010,2.67,0,0,0,0,28.99,3,0.0,,,
3618,3.8960,-0.1177,0.0810,2.948,good,0.000,2.64,0,0,0,0,36.92,2,0.0,,,
3617,3.9000,-0.1138,0.1597,2.994,good,0.006,5.08,0,0,0,0,31.50,3,0.0,,,
3622,3.9000,-0.1188,-0.0107,3.003,good,0.000,1.98,0,0,0,0,32.92,2,0.0,,,
3623,3.9000,-0.1169,-0.1236,2.969,good,0.001,3.58,0,0,0,0,33.06,2,0.0,,,
3619,3.9040,-0.1126,-0.0575,3.002,good,0.000,1.99,0,0,0,0,36.68,3,0.0,,,
3620,3.9040,-0.1105,0.0105,2.992,good,0.000,3.71,0,0,0,0,36.16,3,0.0,,,
3621,3.9040,-0.1104,0.1225,2.782,good,0.000,1.93,0,0,0,0,41.41,3,0.0,,,
3629,3.9040,-0.1182,-0.1536,2.975,good,0.001,2.03,0,0,0,0,39.08,2,0.0,,,
3630,3.9040,-0.1166,-0.2026,3.011,good,0.000,2.01,0,0,0,0,37.61,2,0.0,,,
3631,3.9040,-0.1161,0.2150,3.087,good,0.000,2.23,0,0,0,0,35.65,2,0.0,,,
3624,3.9080,-0.1135,-0.2182,3.164,good,0.010,2.64,0,0,0,0,27.91,3,0.0,,,
3625,3.9080,-0.1132,0.0202,2.998,good,0.053,3.62,0,0,0,0,31.46,3,0.0,,,
3626,3.9080,-0.1111,-0.0063,2.982,good,0.086,6.80,0,0,0,0,31.10,3,0.0,,,
3627,3.9080,-0.1135,-0.2076,2.854,good,0.001,3.69,0,0,0,0,35.07,3,0.0,,,
3628,3.9080,-0.1095,0.0491,2.987,good,0.001,4.21,0,0,0,0,30.39,3,0.0,,,
3635,3.9080,-0.1188,-0.1339,3.102,good,0.000,2.20,0,0,0,0,30.73,2,0.0,,,
3632,3.9120,-0.1170,-0.2023,2.843,good,0.009,2.70,0,0,0,0,37.40,3,0.0,,,
3633,3.9120,-0.1115,-0.0227,3.267,good,0.005,2.62,0,0,0,0,25.77,3,0.0,,,
3634,3.9120,-0.1080,0.1514,3.178,good,0.248,2.36,0,0,0,0,26.44,3,0.0,,,
3643,3.9120,-0.1064,-0.1373,3.000,good,0.009,2.01,0,0,0,0,29.77,1,0.0,,,
3636,3.9160,-0.1134,0.2188,2.952,good,0.000,3.30,0,0,0,0,33.68,3,0.0,,,
3637,3.9160,-0.1090,0.1820,2.945,good,0.009,3.40,0,0,0,0,32.27,3,0.0,,,
3641,3.9160,-0.1172,-0.0230,3.000,good,0.018,3.47,0,0,0,0,33.68,2,0.0,,,
3642,3.9160,-0.1155,0.1006,3.028,insect,1.000,3.84,1,1,1,0,32.41,2,3.1,44|45,3633,3633
3638,3.9200,-0.1158,0.1036,2.997,good,0.003,3.08,0,0,0,0,32.81,3,0.0,,,
3639,3.9200,-0.1268,0.0105,2.160,good,0.004,4.76,0,0,0,0,61.74,2,0.0,,,
3640,3.9200,-0.1084,-0.0838,3.030,good,0.000,1.86,0,0,0,0,29.47,3,0.0,,,
3646,3.9200,-0.1197,0.1666,3.000,good,0.000,3.60,0,0,0,0,33.88,2,0.0,,,
3647,3.9200,-0.1164,-0.0968,3.001,good,0.000,3.85,0,0,0,0,32.73,2,0.0,,,
3650,3.9200,-0.1182,0.0137,3.000,good,0.012,4.78,0,0,0,0,33.35,1,0.0,,,
3644,3.9240,-0.1131,0.0303,3.001,good,0.000,1.60,0,0,0,0,34.49,3,0.0,,,
3645,3.9240,-0.1137,0.1088,3.000,good,0.000,2.54,0,0,0,0,34.67,3,0.0,,,
3649,3.9240,-0.1280,0.2272,3.000,good,0.001,3.49,0,0,0,0,35.44,1,0.0,,,
3654,3.9240,-0.1162,0.2305,3.000,good,0.001,3.88,0,0,0,0,35.52,1,0.0,,,
3648,3.9280,-0.1144,0.0855,3.001,good,0.001,2.04,0,0,0,0,33.62,3,0.0,,,
3652,3.9280,-0.1173,0.1572,3.008,sour,1.000,15.47,1,1,0,0,34.35,2,3.2,52|51,3624,
3653,3.9280,-0.1166,0.1265,3.221,good,0.000,8.31,0,0,0,0,29.29,2,0.0,,,
3658,3.9280,-0.1044,0.2338,3.000,good,0.001,3.81,0,0,0,0,30.18,1,0.0,,,
3659,3.9280,-0.1009,0.0174,3.000,good,0.009,4.79,0,0,0,0,29.00,1,0.0,,,
3651,3.9320,-0.1109,0.1839,3.000,good,0.000,2.86,0,0,0,0,31.66,3,0.0,,,
3657,3.9320,-0.1182,-0.1154,3.450,good,0.000,2.76,0,0,0,0,24.56,2,0.0,,,
3655,3.9360,-0.1356,-0.0722,3.000,good,0.041,2.67,0,0,0,0,32.99,1,0.0,,,
3656,3.9360,-0.1092,0.0366,3.002,good,0.002,1.78,0,0,0,0,32.00,3,0.0,,,
3664,3.9360,-0.1199,0.0509,2.996,good,0.001,2.23,0,0,0,0,35.66,2,0.0,,,
3660,3.9400,-0.1113,0.0827,2.991,good,0.003,5.92,0,0,0,0,30.61,3,0.0,,,
3661,3.9400,-0.1107,-0.0733,2.557,good,0.117,9.04,0,0,0,0,42.27,3,0.0,,,
3662,3.9400,-0.1113,-0.1442,2.984,sour,1.000,16.82,1,1,0,0,30.64,3,3.2,13,3629,
3663,3.9400,-0.1092,0.2082,3.010,good,0.000,6.99,0,0,0,0,29.29,3,0.0,,,
3666,3.9400,-0.1188,0.1534,3.001,good,0.000,2.52,0,0,0,0,32.65,2,0.0,,,
3671,3.9400,-0.1122,-0.0806,3.000,good,0.000,3.23,0,0,0,0,30.45,1,0.0,,,
3665,3.9440,-0.1141,-0.0610,3.010,good,0.000,2.08,0,0,0,0,29.87,3,0.0,,,
3668,3.9440,-0.1192,-0.1706,3.012,good,0.000,1.95,0,0,0,0,31.46,2,0.0,,,
3669,3.9440,-0.1178,0.1137,3.092,good,0.000,2.79,0,0,0,0,29.09,2,0.0,,,
3670,3.9440,-0.1160,0.1849,3.000,good,0.001,2.63,0,0,0,0,30.62,2,0.0,,,
3667,3.9480,-0.1120,-0.1158,2.895,good,0.003,3.53,0,0,0,0,34.92,3,0.0,,,
3673,3.9480,-0.1199,0.0620,2.999,good,0.000,2.45,0,0,0,0,34.94,2,0.0,,,
3674,3.9480,-0.1154,0.1337,3.014,good,0.000,6.69,0,0,0,0,33.05,2,0.0,,,
3675,3.9480,-0.1196,-0.1122,3.000,good,0.001,1.99,0,0,0,0,34.77,2,0.0,,,
3672,3.9520,-0.1111,0.0094,3.335,insect,1.000,8.61,1,1,0,0,35.99,3,3.1,33,3645,
3680,3.9520,-0.1198,-0.0812,3.002,good,0.009,4.55,0,0,0,0,45.83,2,0.0,,,
3681,3.9520,-0.1174,0.1371,2.992,good,0.010,4.50,0,0,0,0,45.23,2,0.0,,,
3682,3.9520,-0.1174,0.1907,3.016,good,0.053,2.52,0,0,0,0,44.62,2,0.0,,,
3676,3.9560,-0.1151,-0.1569,3.000,good,0.000,2.04,0,0,0,0,44.51,3,0.0,,,
3677,3.9560,-0.1130,-0.2074,3.000,good,0.037,3.18,0,0,0,0,43.77,3,0.0,,,
3678,3.9560,-0.1106,0.0678,3.001,good,0.000,2.56,0,0,0,0,42.89,3,0.0,,,
3679,3.9560,-0.1101,-0.1967,2.999,good,0.000,2.38,0,0,0,0,42.73,3,0.0,,,
3683,3.9560,-0.1184,-0.2163,2.963,good,0.002,2.44,0,0,0,0,46.33,2,0.0,,,
3684,3.9560,-0.1165,-0.1382,3.000,good,0.001,2.40,0,0,0,0,44.77,2,0.0,,,
3685,3.9640,-0.1117,-0.1893,3.180,good,0.066,3.11,0,0,0,0,29.19,3,0.0,,,
3686,3.9640,-0.1132,-0.1252,2.996,good,0.000,1.66,0,0,0,0,33.71,3,0.0,,,
3687,3.9640,-0.1129,-0.0019,3.006,good,0.001,3.56,0,0,0,0,33.35,3,0.0,,,
3692,3.9640,-0.1179,-0.1667,3.001,good,0.009,2.85,0,0,0,0,35.07,2,0.0,,,
3688,3.9680,-0.1109,-0.0443,2.987,good,0.008,6.93,0,0,0,0,31.44,3,0.0,,,
3689,3.9680,-0.1111,-0.0196,2.942,good,0.000,2.49,0,0,0,0,32.53,3,0.0,,,
3690,3.9680,-0.1093,-0.0003,2.975,good,0.000,2.03,0,0,0,0,31.09,3,0.0,,,
3691,3.9680,-0.1083,0.0886,2.990,good,0.001,2.54,0,0,0,0,30.34,3,0.0,,,
3696,3.9680,-0.1187,-0.1151,3.043,good,0.000,2.55,0,0,0,0,32.48,2,0.0,,,
3697,3.9680,-0.1193,0.1663,3.035,good,0.000,3.92,0,0,0,0,32.85,2,0.0,,,
3693,3.9720,-0.1135,0.1460,3.000,good,0.000,2.11,0,0,0,0,32.16,3,0.0,,,
3694,3.9720,-0.1102,-0.1653,2.999,insect,1.000,3.44,1,1,0,0,31.01,3,3.1,10|11,3672,
3695,3.9720,-0.1099,0.1971,2.997,good,0.001,3.18,0,0,0,0,30.91,3,0.0,,,
3700,3.9720,-0.1165,0.0138,2.979,good,0.078,3.17,0,0,0,0,33.51,2,0.0,,,
3701,3.9720,-0.1156,-0.2228,3.000,good,0.000,3.28,0,0,0,0,32.63,2,0.0,,,
3698,3.9760,-0.1156,0.1859,3.009,good,0.002,2.51,0,0,0,0,34.40,3,0.0,,,
3699,3.9760,-0.1101,0.1296,2.576,good,0.000,5.63,0,0,0,0,44.25,3,0.0,,,
3702,3.9840,-0.1152,0.0947,3.004,black,1.000,50.39,1,1,0,0,34.68,3,3.2,44|43,3677,
3703,3.9840,-0.1079,-0.1458,3.169,good,0.002,5.98,0,0,0,0,28.58,3,0.0,,,
3704,3.9840,-0.1091,0.0240,3.033,good,0.000,1.91,0,0,0,0,31.87,3,0.0,,,
3706,3.9840,-0.1177,-0.2375,3.000,good,0.000,3.32,0,0,0,0,35.45,2,0.0,,,
3707,3.9840,-0.1167,0.1191,3.070,good,0.002,4.09,0,0,0,0,33.44,2,0.0,,,
3705,3.9880,-0.1146,0.2180,2.988,good,0.003,2.68,0,0,0,0,34.97,3,0.0,,,
3710,3.9880,-0.1189,-0.0024,3.450,good,0.004,3.33,0,0,0,0,26.55,2,0.0,,,
3712,3.9880,-0.1190,0.0722,3.005,good,0.001,2.15,0,0,0,0,35.94,2,0.0,,,
3708,3.9920,-0.1113,-0.0726,3.001,good,0.000,3.68,0,0,0,0,32.63,3,0.0,,,
3709,3.9920,-0.1103,-0.0568,2.983,good,0.000,2.59,0,0,0,0,32.65,3,0.0,,,
3711,3.9920,-0.1102,-0.0145,2.787,good,0.014,3.15,0,0,0,0,37.55,3,0.0,,,
3715,3.9920,-0.1184,-0.1653,2.669,good,0.009,2.91,0,0,0,0,43.92,2,0.0,,,
3718,3.9920,-0.1042,0.0018,3.000,good,0.002,3.33,0,0,0,0,30.14,1,0.0,,,
3713,3.9960,-0.1159,0.1885,2.884,good,0.002,2.50,0,0,0,0,45.26,3,0.0,,,
3714,3.9960,-0.1118,0.1685,2.898,good,0.001,2.71,0,0,0,0,43.44,3,0.0,,,
3717,3.9960,-0.1188,-0.1199,3.145,good,0.137,2.98,0,0,0,0,39.87,2,0.0,,,
