tid,t,x,y,v,cls,p_reject,anomaly,reject,scheduled,activated,late,headroom_ms,n_obs,pulse_ms,nozzles,target_uids,own_hit_uids
0,0.2880,-0.1220,0.1245,3.000,husk,1.000,11.12,1,1,1,0,6.53,1,2.4,47|48,,
2,0.2880,-0.1021,0.1244,3.000,husk,1.000,11.14,1,1,1,0,3.84,1,2.4,47|48,84,
1,0.2920,-0.1172,-0.2004,3.009,insect,1.000,3.23,1,1,1,0,-1.94,2,3.1,6,6,
4,0.2960,-0.1168,0.0681,3.002,good,0.000,2.85,0,0,0,0,-0.16,2,0.0,,,
3,0.3000,-0.1250,-0.0400,3.018,husk,0.904,12.29,1,0,0,1,-5.72,2,2.4,26|27,,
11,0.3000,-0.1144,-0.0346,3.000,husk,1.000,11.87,1,0,0,1,-4.82,1,2.4,27,23,
12,0.3000,-0.1107,-0.0463,3.000,good,0.025,4.63,0,0,0,0,-6.08,1,0.0,,,
5,0.3040,-0.1149,-0.0865,2.842,good,0.004,4.47,0,0,0,0,-3.74,3,0.0,,,
6,0.3040,-0.1138,0.2298,3.046,good,0.001,5.04,0,0,0,0,-9.21,3,0.0,,,
7,0.3040,-0.1097,-0.1233,3.031,sour,1.000,16.41,1,0,0,1,-10.29,3,3.2,16,5,
8,0.3040,-0.1199,-0.0016,3.015,good,0.000,4.71,0,0,0,0,-6.58,2,0.0,,,
10,0.3040,-0.1200,0.0393,2.999,broken,0.991,2.82,1,0,0,1,-6.21,2,2.4,37|36,10,
9,0.3080,-0.1087,-0.1129,2.972,good,0.000,1.74,0,0,0,0,-1.63,3,0.0,,,
18,0.3080,-0.1200,0.0007,3.025,good,0.000,2.38,0,0,0,0,0.80,2,0.0,,,
19,0.3080,-0.1172,0.1661,2.998,good,0.000,2.83,0,0,0,0,0.49,2,0.0,,,
13,0.3120,-0.1153,0.2409,2.948,good,0.017,4.65,0,0,0,0,-2.23,3,0.0,,,
14,0.3120,-0.1132,-0.1771,3.012,good,0.124,7.19,0,0,0,0,-4.52,3,0.0,,,
15,0.3120,-0.1146,-0.1646,2.932,good,0.000,2.59,0,0,0,0,-2.16,3,0.0,,,
16,0.3120,-0.1164,0.0687,2.439,good,0.000,8.45,0,0,0,0,13.30,3,0.0,,,
17,0.3120,-0.1082,-0.0988,2.994,faded,0.816,6.57,1,0,0,1,-5.91,3,3.2,19,17,
23,0.3160,-0.1174,0.1651,3.119,good,0.000,2.37,0,0,0,0,-6.16,2,0.0,,,
25,0.3160,-0.1066,0.0718,3.000,good,0.000,8.43,0,0,0,0,-7.00,1,0.0,,,
20,0.3200,-0.1084,0.1873,3.338,good,0.001,5.35,0,0,0,0,-14.98,3,0.0,,,
21,0.3200,-0.1103,0.2239,3.094,good,0.001,4.99,0,0,0,0,-9.49,3,0.0,,,
22,0.3200,-0.1088,-0.1456,3.002,good,0.000,2.14,0,0,0,0,-7.95,3,0.0,,,
24,0.3240,-0.1154,-0.0547,2.998,good,0.000,1.92,0,0,0,0,-5.51,3,0.0,,,
30,0.3240,-0.1188,-0.1718,3.003,good,0.000,2.84,0,0,0,0,-4.55,2,0.0,,,
31,0.3240,-0.1183,0.1453,3.043,good,0.009,3.21,0,0,0,0,-5.71,2,0.0,,,
32,0.3240,-0.1177,0.0360,3.031,good,0.000,2.60,0,0,0,0,-5.66,2,0.0,,,
33,0.3240,-0.1168,-0.0386,2.888,good,0.000,3.11,0,0,0,0,-2.46,2,0.0,,,
26,0.3280,-0.1146,-0.1924,3.007,good,0.000,4.22,0,0,0,0,-6.29,3,0.0,,,
27,0.3280,-0.1115,0.2136,3.057,good,0.000,3.19,0,0,0,0,-8.54,3,0.0,,,
28,0.3280,-0.1120,-0.1123,2.941,good,0.000,2.19,0,0,0,0,-5.69,3,0.0,,,
29,0.3280,-0.1093,-0.0623,2.999,good,0.000,2.60,0,0,0,0,-8.00,3,0.0,,,
36,0.3280,-0.1165,0.0448,3.143,good,0.006,4.09,0,0,0,0,-8.96,2,0.0,,,
34,0.3320,-0.1125,-0.1904,3.111,good,0.001,2.55,0,0,0,0,-10.54,3,0.0,,,
35,0.3320,-0.1122,0.0063,3.002,good,0.000,2.93,0,0,0,0,-8.22,3,0.0,,,
37,0.3360,-0.1161,0.1209,3.003,good,0.000,2.11,0,0,0,0,-5.27,3,0.0,,,
38,0.3360,-0.1132,-0.0552,3.305,good,0.000,3.64,0,0,0,0,-12.79,3,0.0,,,
39,0.3360,-0.1147,0.0978,3.102,good,0.004,7.02,0,0,0,0,-8.10,3,0.0,,,
40,0.3360,-0.1111,0.0564,3.001,good,0.002,2.77,0,0,0,0,-7.04,3,0.0,,,
43,0.3360,-0.1191,0.2158,2.840,good,0.000,2.59,0,0,0,0,-0.25,2,0.0,,,
41,0.3400,-0.1120,-0.0499,3.001,insect,1.000,9.27,1,0,0,1,-5.91,3,3.1,25,39,
42,0.3400,-0.1084,-0.1687,3.085,good,0.002,2.12,0,0,0,0,-9.09,3,0.0,,,
46,0.3400,-0.1186,-0.0085,3.012,good,0.000,1.42,0,0,0,0,-4.14,2,0.0,,,
47,0.3400,-0.1000,-0.0582,3.000,good,0.000,3.59,0,0,0,0,-10.07,1,0.0,,,
44,0.3440,-0.1105,-0.0497,2.988,good,0.000,2.95,0,0,0,0,-9.20,3,0.0,,,
45,0.3440,-0.1087,0.1153,3.002,good,0.000,1.58,0,0,0,0,-10.20,3,0.0,,,
50,0.3480,-0.1190,0.1483,3.005,good,0.000,2.95,0,0,0,0,-3.07,2,0.0,,,
51,0.3480,-0.1194,-0.0566,3.027,good,0.010,3.34,0,0,0,0,-3.53,2,0.0,,,
52,0.3480,-0.1165,-0.1995,2.995,good,0.000,1.68,0,0,0,0,-3.75,2,0.0,,,
48,0.3520,-0.1174,-0.1005,2.842,good,0.001,3.02,0,0,0,0,-1.04,3,0.0,,,
49,0.3520,-0.1100,0.2393,2.989,good,0.000,2.29,0,0,0,0,-7.31,3,0.0,,,
55,0.3520,-0.1188,-0.0645,3.008,good,0.000,4.43,0,0,0,0,-4.88,2,0.0,,,
56,0.3520,-0.1158,0.1787,3.006,good,0.000,2.44,0,0,0,0,-5.89,2,0.0,,,
53,0.3560,-0.1172,-0.2031,2.807,good,0.001,3.38,0,0,0,0,0.88,3,0.0,,,
54,0.3560,-0.1087,0.1666,3.003,good,0.000,2.56,0,0,0,0,-7.04,3,0.0,,,
58,0.3560,-0.1199,0.0826,2.997,good,0.000,3.04,0,0,0,0,-3.24,2,0.0,,,
59,0.3560,-0.1193,0.1961,2.992,good,0.000,2.50,0,0,0,0,-3.34,2,0.0,,,
57,0.3600,-0.1138,0.0767,3.146,good,0.000,2.50,0,0,0,0,-12.23,3,0.0,,,
63,0.3600,-0.1196,0.0651,3.005,good,0.000,2.75,0,0,0,0,-7.19,2,0.0,,,
64,0.3600,-0.1190,0.1438,3.002,good,0.000,2.25,0,0,0,0,-7.35,2,0.0,,,
60,0.3640,-0.1154,0.2229,2.898,good,0.000,2.27,0,0,0,0,-3.73,3,0.0,,,
61,0.3640,-0.1135,0.1927,3.008,good,0.004,4.38,0,0,0,0,-7.13,3,0.0,,,
62,0.3640,-0.1103,-0.0670,3.003,good,0.011,3.19,0,0,0,0,-8.15,3,0.0,,,
67,0.3640,-0.1179,0.0061,2.999,good,0.000,3.79,0,0,0,0,-5.56,2,0.0,,,
65,0.3680,-0.1086,-0.1171,3.257,good,0.008,2.14,0,0,0,0,-2.40,3,0.0,,,
66,0.3680,-0.1107,-0.0609,3.002,insect,1.000,8.02,1,1,1,0,3.63,3,3.1,24,69,69
69,0.3680,-0.1195,0.1957,3.008,good,0.000,2.86,0,0,0,0,6.36,2,0.0,,,
70,0.3680,-0.1181,-0.0545,3.017,good,0.001,1.86,0,0,0,0,5.61,2,0.0,,,
71,0.3680,-0.1158,0.0313,2.972,good,0.000,3.36,0,0,0,0,5.89,2,0.0,,,
68,0.3720,-0.1140,0.0050,2.998,good,0.000,2.69,0,0,0,0,-7.16,3,0.0,,,
74,0.3720,-0.1187,0.1709,2.999,good,0.000,2.10,0,0,0,0,-5.67,2,0.0,,,
72,0.3760,-0.1132,0.0846,3.275,good,0.000,3.21,0,0,0,0,-12.87,3,0.0,,,
73,0.3760,-0.1140,0.0206,2.954,good,0.002,2.46,0,0,0,0,-5.58,3,0.0,,,
78,0.3760,-0.1098,0.0948,3.019,stick,1.000,70.73,1,0,0,1,-8.57,2,2.4,44|43,80,
75,0.3800,-0.1105,-0.1504,2.974,good,0.001,3.04,0,0,0,0,-9.48,3,0.0,,,
76,0.3800,-0.1112,0.1072,2.997,good,0.000,2.09,0,0,0,0,-9.87,3,0.0,,,
77,0.3800,-0.1108,0.1361,2.648,good,0.001,1.60,0,0,0,0,-0.77,3,0.0,,,
82,0.3800,-0.1190,0.0331,3.001,good,0.000,3.10,0,0,0,0,-7.47,2,0.0,,,
83,0.3800,-0.1182,0.2396,2.873,good,0.031,10.47,0,0,0,0,-4.52,2,0.0,,,
84,0.3800,-0.1170,-0.0324,2.996,broken,1.000,2.20,1,0,0,1,-8.06,2,2.4,27|28,79,
79,0.3840,-0.1120,-0.1018,3.150,good,0.036,4.25,0,0,0,0,-0.20,3,0.0,,,
80,0.3840,-0.1104,-0.0837,3.004,good,0.078,3.27,0,0,0,0,2.47,3,0.0,,,
81,0.3840,-0.1080,-0.2063,3.086,good,0.001,4.13,0,0,0,0,-0.23,3,0.0,,,
88,0.3840,-0.1200,-0.0084,2.992,good,0.033,8.25,0,0,0,0,5.87,2,0.0,,,
89,0.3840,-0.1197,0.2052,3.001,good,0.001,5.25,0,0,0,0,5.51,2,0.0,,,
90,0.3840,-0.1168,-0.2223,2.849,good,0.000,2.23,0,0,0,0,8.39,2,0.0,,,
85,0.3880,-0.1275,-0.2011,2.801,faded,0.990,3.94,1,1,1,0,1.08,2,3.2,6,109,
86,0.3880,-0.1171,0.1708,2.699,good,0.000,2.93,0,0,0,0,4.22,3,0.0,,,
87,0.3880,-0.1094,-0.1295,3.349,good,0.000,3.49,0,0,0,0,-13.74,3,0.0,,,
95,0.3880,-0.1163,-0.1975,3.000,faded,0.988,3.83,1,0,0,1,-4.18,1,3.2,6,88,
91,0.3920,-0.1122,-0.1408,3.001,good,0.000,2.43,0,0,0,0,-5.03,3,0.0,,,
92,0.3920,-0.1098,0.0376,3.168,good,0.000,4.03,0,0,0,0,-9.57,3,0.0,,,
94,0.3920,-0.1181,-0.1992,3.331,good,0.005,3.22,0,0,0,0,-10.35,2,0.0,,,
93,0.3960,-0.1128,-0.1735,3.007,good,0.000,2.00,0,0,0,0,-6.43,3,0.0,,,
96,0.4000,-0.1152,0.0947,3.000,good,0.000,4.51,0,0,0,0,-6.61,3,0.0,,,
97,0.4000,-0.1136,-0.0604,3.030,good,0.001,1.92,0,0,0,0,-7.91,3,0.0,,,
98,0.4000,-0.1138,-0.1865,2.999,good,0.000,2.39,0,0,0,0,-7.18,3,0.0,,,
99,0.4000,-0.1129,-0.0079,2.995,good,0.000,4.13,0,0,0,0,-7.39,3,0.0,,,
100,0.4000,-0.1117,0.1450,3.007,good,0.129,4.34,0,0,0,0,-8.11,3,0.0,,,
101,0.4000,-0.1086,-0.2300,3.007,good,0.000,3.55,0,0,0,0,-9.20,3,0.0,,,
105,0.4000,-0.1192,0.1971,2.995,good,0.000,3.40,0,0,0,0,-5.43,2,0.0,,,
102,0.4040,-0.1148,0.0741,2.922,faded,0.701,3.66,1,0,0,1,-6.12,3,3.2,41,82,
103,0.4040,-0.1128,-0.0749,2.994,good,0.000,2.43,0,0,0,0,-8.64,3,0.0,,,
104,0.4040,-0.1125,0.0588,3.028,faded,0.989,3.83,1,0,0,1,-9.57,3,3.2,39,107,
108,0.4040,-0.1195,-0.1243,2.974,good,0.000,2.95,0,0,0,0,-6.01,2,0.0,,,
106,0.4080,-0.1139,-0.0718,3.014,faded,0.800,4.08,1,0,0,1,-7.40,3,3.2,22|23,92,
107,0.4080,-0.1122,-0.0907,2.989,insect,1.000,8.40,1,0,0,1,-7.46,3,3.1,20,121,
111,0.4080,-0.1187,0.1428,2.891,good,0.000,5.31,0,0,0,0,-2.88,2,0.0,,,
112,0.4080,-0.1155,0.0149,2.999,good,0.001,3.37,0,0,0,0,-6.71,2,0.0,,,
109,0.4120,-0.1104,0.1989,2.998,good,0.002,3.31,0,0,0,0,-7.57,3,0.0,,,
110,0.4120,-0.1128,0.0510,2.722,good,0.002,2.82,0,0,0,0,0.39,3,0.0,,,
116,0.4120,-0.1199,-0.0652,3.048,good,0.003,4.00,0,0,0,0,-5.70,2,0.0,,,
117,0.4120,-0.1181,-0.1078,3.013,good,0.000,4.68,0,0,0,0,-5.48,2,0.0,,,
113,0.4160,-0.1139,-0.0314,2.870,husk,1.000,10.16,1,0,0,1,-3.02,3,2.4,27|28,130,
114,0.4160,-0.1129,0.1541,3.000,good,0.018,2.57,0,0,0,0,-6.66,3,0.0,,,
115,0.4160,-0.1098,-0.1359,3.005,good,0.020,2.13,0,0,0,0,-7.87,3,0.0,,,
118,0.4160,-0.1190,0.0504,3.034,good,0.000,2.38,0,0,0,0,-5.53,2,0.0,,,
119,0.4160,-0.1177,0.2046,3.048,good,0.000,3.11,0,0,0,0,-6.34,2,0.0,,,
120,0.4160,-0.1171,0.1273,2.979,good,0.000,2.63,0,0,0,0,-4.91,2,0.0,,,
121,0.4200,-0.1173,-0.0914,3.000,good,0.000,2.86,0,0,0,0,-3.63,2,0.0,,,
124,0.4200,-0.1069,0.0459,3.000,good,0.000,1.99,0,0,0,0,-7.13,1,0.0,,,
122,0.4280,-0.1135,0.2347,2.863,broken,0.528,3.62,1,0,0,1,-6.96,3,2.4,62|61,122,
123,0.4280,-0.1086,-0.0506,2.994,good,0.000,1.79,0,0,0,0,-11.94,3,0.0,,,
128,0.4280,-0.1179,0.0509,3.048,good,0.000,2.83,0,0,0,0,-10.13,2,0.0,,,
129,0.4280,-0.1164,-0.0952,3.001,good,0.000,1.77,0,0,0,0,-9.56,2,0.0,,,
130,0.4280,-0.1159,0.1390,2.995,faded,0.674,2.87,1,0,0,1,-9.61,2,3.2,49,136,
131,0.4280,-0.1133,0.1675,3.450,husk,0.997,10.35,1,0,0,1,-19.92,2,2.4,53,186,
125,0.4320,-0.1105,-0.2049,3.097,good,0.008,2.97,0,0,0,0,-0.04,3,0.0,,,
126,0.4320,-0.1346,-0.0452,3.000,good,0.005,6.47,0,0,0,0,2.19,1,0.0,,,
127,0.4320,-0.1109,0.0828,3.001,good,0.000,4.61,0,0,0,0,2.19,3,0.0,,,
136,0.4320,-0.1196,-0.0917,3.006,good,0.000,2.90,0,0,0,0,4.92,2,0.0,,,
137,0.4320,-0.1138,-0.0392,2.687,good,0.000,2.80,0,0,0,0,11.44,2,0.0,,,
138,0.4320,-0.1116,-0.0490,2.801,good,0.000,2.80,0,0,0,0,7.33,2,0.0,,,
132,0.4360,-0.1149,-0.0053,2.924,good,0.007,3.20,0,0,0,0,-7.03,3,0.0,,,
133,0.4360,-0.1143,0.0445,3.001,good,0.000,3.14,0,0,0,0,-9.20,3,0.0,,,
134,0.4360,-0.1131,0.1346,3.003,good,0.000,4.26,0,0,0,0,-9.67,3,0.0,,,
135,0.4360,-0.1145,0.1586,2.517,sour,1.000,15.26,1,1,1,0,4.54,3,3.2,52,135,
143,0.4360,-0.1161,-0.0486,2.991,good,0.007,2.49,0,0,0,0,-8.49,2,0.0,,,
147,0.4360,-0.1031,-0.0362,3.000,good,0.000,2.82,0,0,0,0,-13.03,1,0.0,,,
139,0.4400,-0.1141,-0.1675,3.001,sour,1.000,17.07,1,0,0,1,-8.37,3,3.2,10,138,
140,0.4400,-0.1116,0.1853,2.848,stick,0.999,20.97,1,0,0,1,-5.50,3,2.4,55,131|145,
141,0.4400,-0.1142,0.1590,3.002,sour,1.000,29.47,1,0,0,1,-8.56,3,3.2,52,125,
142,0.4400,-0.1100,-0.1487,2.981,good,0.002,2.78,0,0,0,0,-9.52,3,0.0,,,
146,0.4400,-0.1159,-0.1943,2.997,good,0.172,3.36,0,0,0,0,-7.95,2,0.0,,,
144,0.4440,-0.1173,0.1403,2.662,good,0.002,3.26,0,0,0,0,2.90,3,0.0,,,
145,0.4440,-0.1095,-0.2274,2.846,good,0.000,3.13,0,0,0,0,-5.17,3,0.0,,,
148,0.4480,-0.1152,0.1636,2.993,good,0.047,2.83,0,0,0,0,-6.74,3,0.0,,,
149,0.4480,-0.1182,0.1881,2.525,good,0.000,6.65,0,0,0,0,7.69,3,0.0,,,
154,0.4480,-0.1190,0.0561,2.807,good,0.001,2.41,0,0,0,0,-0.76,2,0.0,,,
155,0.4480,-0.1162,0.1182,2.999,good,0.007,2.88,0,0,0,0,-6.68,2,0.0,,,
156,0.4480,-0.1143,0.2311,3.411,good,0.001,9.20,0,0,0,0,-16.00,2,0.0,,,
150,0.4520,-0.1123,0.1505,3.200,faded,0.609,3.97,1,0,0,1,-11.98,3,3.2,51,154,
151,0.4520,-0.1115,0.1637,3.003,good,0.000,2.06,0,0,0,0,-7.98,3,0.0,,,
152,0.4520,-0.1352,0.1848,3.000,good,0.000,2.00,0,0,0,0,-8.03,1,0.0,,,
153,0.4520,-0.1091,0.0006,2.757,sour,1.000,16.22,1,0,0,1,-2.62,3,3.2,32|31,156,
160,0.4520,-0.1192,-0.1231,3.002,good,0.000,4.10,0,0,0,0,-5.48,2,0.0,,,
161,0.4520,-0.1183,-0.1983,3.005,sour,1.000,18.41,1,0,0,1,-5.90,2,3.2,6,140,
157,0.4560,-0.1145,0.0314,2.999,good,0.000,2.38,0,0,0,0,-5.63,3,0.0,,,
158,0.4560,-0.1136,0.1254,3.043,good,0.000,2.10,0,0,0,0,-7.03,3,0.0,,,
159,0.4560,-0.1116,0.1945,3.009,good,0.000,2.41,0,0,0,0,-6.95,3,0.0,,,
164,0.4560,-0.1188,0.0978,2.074,good,0.080,7.01,0,0,0,0,28.16,2,0.0,,,
165,0.4560,-0.1178,0.1894,2.998,good,0.000,2.62,0,0,0,0,-4.72,2,0.0,,,
171,0.4560,-0.1101,0.0953,3.000,good,0.001,2.95,0,0,0,0,-7.34,1,0.0,,,
162,0.4600,-0.1141,-0.0993,2.984,good,0.000,4.52,0,0,0,0,-5.96,3,0.0,,,
163,0.4600,-0.1082,-0.0476,3.001,good,0.000,3.22,0,0,0,0,-8.37,3,0.0,,,
170,0.4600,-0.1170,-0.1628,2.999,good,0.001,2.01,0,0,0,0,-5.46,2,0.0,,,
166,0.4640,-0.1095,-0.0124,3.026,good,0.000,3.01,0,0,0,0,-8.17,3,0.0,,,
167,0.4640,-0.1095,-0.1302,2.986,faded,1.000,6.92,1,0,0,1,-7.30,3,3.2,15,178,
168,0.4640,-0.1108,-0.0751,3.002,good,0.000,2.73,0,0,0,0,-7.32,3,0.0,,,
169,0.4640,-0.1088,0.2043,2.996,good,0.001,9.01,0,0,0,0,-7.88,3,0.0,,,
175,0.4640,-0.1189,-0.0214,3.300,stone,1.000,19.32,1,0,0,1,-11.28,2,9.1,29|28|30,163,
176,0.4640,-0.1156,0.0675,3.014,good,0.000,5.60,0,0,0,0,-6.14,2,0.0,,,
172,0.4680,-0.1149,-0.1438,3.018,good,0.000,1.95,0,0,0,0,-6.14,3,0.0,,,
173,0.4680,-0.1116,0.0553,2.998,broken,0.999,2.59,1,0,0,1,-6.85,3,2.4,39|38,159,
174,0.4680,-0.1095,-0.1647,2.996,good,0.001,2.22,0,0,0,0,-7.57,3,0.0,,,
177,0.4720,-0.1142,0.2201,3.015,good,0.000,2.04,0,0,0,0,-1.03,3,0.0,,,
178,0.4720,-0.1079,-0.0134,3.310,good,0.000,3.31,0,0,0,0,-9.33,3,0.0,,,
180,0.4760,-0.1194,0.0428,2.998,good,0.000,2.49,0,0,0,0,-3.10,2,0.0,,,
181,0.4760,-0.1173,-0.1963,2.971,good,0.001,2.15,0,0,0,0,-3.21,2,0.0,,,
179,0.4800,-0.1149,-0.1102,3.000,good,0.000,2.27,0,0,0,0,5.33,3,0.0,,,
182,0.4840,-0.1208,-0.0513,2.515,broken,0.982,3.94,1,1,1,0,5.29,2,2.4,25,,
187,0.4840,-0.1179,-0.0749,3.016,good,0.005,3.11,0,0,0,0,-6.31,2,0.0,,,
188,0.4840,-0.1197,-0.0153,3.000,good,0.000,2.87,0,0,0,0,-5.39,2,0.0,,,
189,0.4840,-0.1195,0.0915,3.009,good,0.000,3.74,0,0,0,0,-5.71,2,0.0,,,
193,0.4840,-0.1107,-0.0557,3.000,broken,0.999,3.90,1,0,0,1,-8.43,1,2.4,24|25,174,
183,0.4880,-0.1140,-0.0390,3.000,good,0.000,2.21,0,0,0,0,-6.14,3,0.0,,,
184,0.4880,-0.1099,-0.2401,2.987,good,0.001,3.02,0,0,0,0,-7.29,3,0.0,,,
185,0.4880,-0.1095,0.1840,3.009,good,0.041,3.49,0,0,0,0,-7.96,3,0.0,,,
186,0.4880,-0.1098,-0.1616,2.995,good,0.000,2.73,0,0,0,0,-7.57,3,0.0,,,
192,0.4880,-0.1172,-0.1164,2.998,good,0.000,2.85,0,0,0,0,-5.21,2,0.0,,,
190,0.4920,-0.1151,0.0854,2.996,good,0.001,2.55,0,0,0,0,-6.94,3,0.0,,,
191,0.4920,-0.1116,0.2124,3.002,good,0.000,3.51,0,0,0,0,-8.29,3,0.0,,,
197,0.4920,-0.1178,-0.0306,3.000,good,0.002,2.08,0,0,0,0,-6.24,2,0.0,,,
198,0.4920,-0.1157,0.1721,3.182,good,0.000,2.58,0,0,0,0,-11.09,2,0.0,,,
194,0.4960,-0.1114,0.1369,3.080,good,0.000,2.72,0,0,0,0,-9.19,3,0.0,,,
195,0.4960,-0.1118,0.1050,2.891,good,0.000,3.01,0,0,0,0,-4.61,3,0.0,,,
196,0.4960,-0.1083,-0.2068,3.001,good,0.191,3.39,0,0,0,0,-8.52,3,0.0,,,
210,0.4960,-0.1029,0.1763,3.000,good,0.000,3.10,0,0,0,0,-10.29,1,0.0,,,
199,0.5000,-0.1140,-0.0282,3.143,faded,0.999,4.29,1,0,0,1,-11.61,3,3.2,28,195,
200,0.5000,-0.1383,-0.1997,3.000,good,0.000,3.08,0,0,0,0,-8.28,1,0.0,,,
201,0.5000,-0.1125,-0.1390,2.995,good,0.002,1.98,0,0,0,0,-8.82,3,0.0,,,
202,0.5000,-0.1105,-0.0107,3.001,good,0.001,2.23,0,0,0,0,-9.66,3,0.0,,,
203,0.5000,-0.1098,-0.0669,2.992,good,0.002,3.20,0,0,0,0,-9.74,3,0.0,,,
204,0.5000,-0.1196,-0.1016,3.045,faded,0.693,5.78,1,0,0,1,-7.76,2,3.2,18|19,196|204,
205,0.5000,-0.1167,-0.2028,3.086,good,0.013,8.82,0,0,0,0,-9.69,2,0.0,,,
206,0.5000,-0.1187,0.0189,2.990,good,0.002,5.89,0,0,0,0,-6.88,2,0.0,,,
208,0.5000,-0.1188,0.0553,3.017,good,0.001,2.94,0,0,0,0,-7.50,2,0.0,,,
209,0.5000,-0.1172,-0.1296,2.999,good,0.000,4.24,0,0,0,0,-7.68,2,0.0,,,
207,0.5040,-0.1080,0.1079,3.014,good,0.000,2.32,0,0,0,0,-10.07,3,0.0,,,
211,0.5080,-0.1138,0.1793,3.029,good,0.000,1.98,0,0,0,0,-5.65,3,0.0,,,
212,0.5080,-0.1127,-0.0962,2.984,good,0.000,2.43,0,0,0,0,-5.03,3,0.0,,,
213,0.5080,-0.1132,0.0485,2.999,good,0.000,3.29,0,0,0,0,-5.28,3,0.0,,,
214,0.5080,-0.1100,0.0386,3.199,good,0.000,2.87,0,0,0,0,-10.75,3,0.0,,,
215,0.5080,-0.1064,0.0599,3.440,good,0.000,2.10,0,0,0,0,-16.44,3,0.0,,,
218,0.5080,-0.1197,-0.2188,2.998,good,0.000,5.07,0,0,0,0,-3.16,2,0.0,,,
216,0.5120,-0.1150,-0.0958,2.996,sour,1.000,17.39,1,0,0,1,-5.12,3,3.2,19,226,
217,0.5120,-0.1124,0.1108,3.018,good,0.001,2.90,0,0,0,0,-6.59,3,0.0,,,
219,0.5120,-0.1184,-0.1989,2.998,good,0.006,2.91,0,0,0,0,-4.15,2,0.0,,,
220,0.5160,-0.1194,0.1531,3.033,good,0.000,3.07,0,0,0,0,-2.24,2,0.0,,,
222,0.5200,-0.1189,-0.1337,3.196,good,0.002,8.04,0,0,0,0,-10.05,2,0.0,,,
223,0.5200,-0.1189,-0.2340,2.993,good,0.008,4.73,0,0,0,0,-5.46,2,0.0,,,
224,0.5200,-0.1172,0.2066,2.995,good,0.000,2.62,0,0,0,0,-6.11,2,0.0,,,
225,0.5200,-0.1173,-0.0138,3.009,faded,1.000,5.17,1,0,0,1,-6.46,2,3.2,30,203,
221,0.5240,-0.1123,0.1349,2.999,good,0.002,2.66,0,0,0,0,-7.40,3,0.0,,,
228,0.5240,-0.1188,0.0928,2.996,good,0.000,4.32,0,0,0,0,-5.25,2,0.0,,,
226,0.5280,-0.1173,-0.1282,2.811,good,0.000,2.73,0,0,0,0,-0.64,3,0.0,,,
227,0.5280,-0.1127,0.1590,3.162,good,0.000,3.32,0,0,0,0,-10.72,3,0.0,,,
232,0.5280,-0.1157,-0.0171,2.994,good,0.003,4.07,0,0,0,0,-6.01,2,0.0,,,
229,0.5320,-0.1132,-0.2135,3.013,good,0.000,18.80,1,0,0,1,-7.10,3,9.0,4|5|3,239,
230,0.5320,-0.1108,0.0948,2.999,good,0.000,4.21,0,0,0,0,-7.66,3,0.0,,,
231,0.5320,-0.1094,-0.0258,2.885,faded,1.000,6.58,1,0,0,1,-5.42,3,3.2,28,246,
234,0.5320,-0.1174,0.1985,3.001,good,0.003,3.91,0,0,0,0,-5.60,2,0.0,,,
233,0.5360,-0.1113,0.1723,3.001,good,0.000,1.99,0,0,0,0,-9.11,3,0.0,,,
236,0.5360,-0.1172,0.0794,2.991,broken,0.945,2.36,1,0,0,1,-6.97,2,2.4,42|41,222,
237,0.5360,-0.1184,-0.0900,2.998,good,0.000,2.18,0,0,0,0,-6.77,2,0.0,,,
238,0.5360,-0.1176,0.1495,3.006,sour,1.000,14.00,1,0,0,1,-7.28,2,3.2,51|50,229,
239,0.5360,-0.1161,0.2274,2.993,good,0.000,2.90,0,0,0,0,-7.52,2,0.0,,,
235,0.5400,-0.1117,-0.1067,2.992,good,0.000,3.09,0,0,0,0,-5.66,3,0.0,,,
243,0.5400,-0.1177,-0.1872,2.999,good,0.003,2.04,0,0,0,0,-3.89,2,0.0,,,
240,0.5440,-0.1144,0.0277,3.019,broken,0.999,2.89,1,0,0,1,-5.82,3,2.4,35,241,
241,0.5440,-0.1092,-0.0492,3.000,sour,1.000,18.64,1,0,0,1,-7.18,3,3.2,25,257,
242,0.5440,-0.1087,-0.0860,2.993,good,0.011,1.63,0,0,0,0,-7.27,3,0.0,,,
244,0.5480,-0.1128,-0.1923,2.989,good,0.000,2.91,0,0,0,0,-8.80,3,0.0,,,
245,0.5480,-0.1154,-0.0181,2.841,good,0.000,3.18,0,0,0,0,-4.22,3,0.0,,,
246,0.5480,-0.1107,-0.0976,3.005,good,0.001,3.79,0,0,0,0,-9.98,3,0.0,,,
250,0.5480,-0.1184,-0.0452,3.058,good,0.000,2.85,0,0,0,0,-8.71,2,0.0,,,
251,0.5480,-0.1184,-0.1195,3.087,good,0.144,4.99,0,0,0,0,-9.42,2,0.0,,,
247,0.5520,-0.1131,0.0271,3.086,good,0.000,4.08,0,0,0,0,-13.03,3,0.0,,,
248,0.5520,-0.1113,-0.1316,3.003,good,0.000,2.56,0,0,0,0,-11.78,3,0.0,,,
249,0.5520,-0.1114,-0.1510,2.993,good,0.000,2.30,0,0,0,0,-11.54,3,0.0,,,
254,0.5520,-0.1182,0.2253,3.006,good,0.006,2.86,0,0,0,0,-9.63,2,0.0,,,
262,0.5520,-0.1062,-0.0403,3.000,good,0.000,2.64,0,0,0,0,-13.50,1,0.0,,,
252,0.5560,-0.1099,0.1195,3.041,good,0.016,1.47,0,0,0,0,-1.40,3,0.0,,,
253,0.5560,-0.1100,-0.0628,3.008,good,0.000,2.57,0,0,0,0,-0.67,3,0.0,,,
259,0.5560,-0.1188,0.0317,3.008,good,0.000,2.74,0,0,0,0,2.21,2,0.0,,,
260,0.5560,-0.1189,0.2366,2.950,faded,1.000,5.84,1,1,1,0,3.64,2,3.2,62,242,242
261,0.5560,-0.1145,0.0701,3.084,good,0.001,4.93,0,0,0,0,-1.07,2,0.0,,,
255,0.5600,-0.1109,-0.0414,3.052,good,0.002,2.84,0,0,0,0,-8.16,3,0.0,,,
256,0.5600,-0.1144,0.0921,2.747,good,0.000,3.57,0,0,0,0,0.75,3,0.0,,,
257,0.5600,-0.1121,-0.0642,2.995,good,0.000,1.63,0,0,0,0,-6.57,3,0.0,,,
258,0.5600,-0.1115,-0.1692,3.000,good,0.000,3.25,0,0,0,0,-6.90,3,0.0,,,
263,0.5640,-0.1089,-0.2063,2.999,good,0.000,1.92,0,0,0,0,-7.18,3,0.0,,,
267,0.5640,-0.1192,0.1341,3.001,good,0.000,3.20,0,0,0,0,-3.84,2,0.0,,,
268,0.5640,-0.1185,-0.1587,3.007,good,0.000,2.21,0,0,0,0,-4.27,2,0.0,,,
264,0.5680,-0.1144,0.0478,3.003,good,0.000,1.81,0,0,0,0,-8.51,3,0.0,,,
265,0.5680,-0.1119,-0.1209,3.086,good,0.000,2.60,0,0,0,0,-11.27,3,0.0,,,
266,0.5680,-0.1087,-0.2183,2.986,sour,1.000,19.75,1,0,0,1,-10.08,3,3.2,4|3,270,
273,0.5680,-0.1189,-0.1450,3.142,insect,1.000,3.41,1,0,0,1,-10.37,2,3.1,13,255,
274,0.5680,-0.1180,0.1568,3.039,good,0.000,3.32,0,0,0,0,-8.36,2,0.0,,,
275,0.5680,-0.1176,0.0183,3.000,good,0.000,2.88,0,0,0,0,-7.60,2,0.0,,,
269,0.5720,-0.1143,-0.0460,2.979,black,1.000,48.37,1,0,0,1,-5.02,3,3.2,26|25,273,
270,0.5720,-0.1162,0.1848,2.998,good,0.000,2.77,0,0,0,0,-4.92,3,0.0,,,
271,0.5720,-0.1106,-0.0826,2.999,good,0.000,1.88,0,0,0,0,-6.83,3,0.0,,,
272,0.5720,-0.1091,-0.0184,3.003,good,0.006,5.12,0,0,0,0,-7.49,3,0.0,,,
276,0.5720,-0.1183,-0.1137,2.996,faded,0.607,7.17,1,0,0,1,-4.27,2,3.2,17,259|278,
277,0.5760,-0.1096,-0.0222,3.003,good,0.000,2.74,0,0,0,0,-8.91,3,0.0,,,
281,0.5760,-0.1195,-0.0078,2.968,good,0.000,9.13,0,0,0,0,-4.82,2,0.0,,,
278,0.5800,-0.1122,-0.0705,3.004,good,0.000,3.44,0,0,0,0,-6.49,3,0.0,,,
279,0.5800,-0.1121,0.0139,3.005,good,0.004,2.28,0,0,0,0,-6.63,3,0.0,,,
280,0.5800,-0.1095,-0.1060,2.883,good,0.000,2.96,0,0,0,0,-4.59,3,0.0,,,
282,0.5840,-0.1117,0.1679,2.988,good,0.000,3.57,0,0,0,0,-7.15,3,0.0,,,
283,0.5840,-0.1116,0.0538,3.018,good,0.000,2.92,0,0,0,0,-7.94,3,0.0,,,
288,0.5840,-0.1186,0.1926,2.987,good,0.000,1.98,0,0,0,0,-4.94,2,0.0,,,
289,0.5840,-0.1175,-0.0387,3.002,good,0.000,5.37,0,0,0,0,-5.68,2,0.0,,,
290,0.5840,-0.1174,0.2101,2.998,good,0.000,3.09,0,0,0,0,-5.68,2,0.0,,,
284,0.5880,-0.1132,-0.0732,3.000,good,0.000,2.51,0,0,0,0,3.07,3,0.0,,,
285,0.5880,-0.1131,-0.0273,2.987,good,0.001,2.23,0,0,0,0,3.27,3,0.0,,,
286,0.5880,-0.1125,0.0517,2.989,good,0.017,3.85,0,0,0,0,2.97,3,0.0,,,
287,0.5880,-0.1110,0.0330,2.997,good,0.000,3.01,0,0,0,0,2.25,3,0.0,,,
300,0.5880,-0.1066,0.1957,3.000,good,0.000,2.13,0,0,0,0,0.71,1,0.0,,,
291,0.5920,-0.1137,-0.0560,2.994,good,0.001,2.07,0,0,0,0,-5.75,3,0.0,,,
292,0.5920,-0.1134,0.1928,3.000,good,0.000,3.55,0,0,0,0,-6.05,3,0.0,,,
293,0.5920,-0.1093,-0.1786,3.039,good,0.000,4.34,0,0,0,0,-8.38,3,0.0,,,
294,0.5920,-0.1101,-0.2006,2.986,good,0.000,2.23,0,0,0,0,-6.91,3,0.0,,,
295,0.5920,-0.1090,-0.1514,2.972,good,0.000,2.45,0,0,0,0,-6.99,3,0.0,,,
299,0.5920,-0.1178,0.1167,3.004,good,0.000,3.14,0,0,0,0,-4.85,2,0.0,,,
296,0.5960,-0.1138,0.1291,2.992,good,0.000,3.34,0,0,0,0,-4.11,3,0.0,,,
297,0.5960,-0.1100,-0.2344,3.000,good,0.000,2.79,0,0,0,0,-5.65,3,0.0,,,
298,0.5960,-0.1084,-0.1102,2.988,good,0.003,2.83,0,0,0,0,-5.94,3,0.0,,,
302,0.5960,-0.1197,0.0318,3.009,good,0.001,4.85,0,0,0,0,-2.71,2,0.0,,,
301,0.6000,-0.1105,-0.0847,2.996,good,0.000,2.62,0,0,0,0,-10.45,3,0.0,,,
305,0.6000,-0.1197,0.0590,3.450,good,0.000,2.41,0,0,0,0,-17.07,2,0.0,,,
306,0.6000,-0.1175,-0.1248,2.996,faded,1.000,4.94,1,0,0,1,-8.23,2,3.2,16|15,313,
307,0.6000,-0.1165,-0.1863,2.999,good,0.001,1.94,0,0,0,0,-8.67,2,0.0,,,
308,0.6000,-0.1168,0.0846,3.006,good,0.001,2.32,0,0,0,0,-8.77,2,0.0,,,
303,0.6040,-0.1157,0.1651,3.000,good,0.000,1.96,0,0,0,0,-5.47,3,0.0,,,
304,0.6040,-0.1363,0.1427,3.000,good,0.000,2.00,0,0,0,0,-6.60,1,0.0,,,
310,0.6040,-0.1172,-0.2231,2.997,good,0.001,2.12,0,0,0,0,-4.98,2,0.0,,,
311,0.6040,-0.1239,0.1458,3.000,good,0.000,2.06,0,0,0,0,-6.79,1,0.0,,,
315,0.6040,-0.1116,0.1488,3.000,good,0.000,2.03,0,0,0,0,-6.92,1,0.0,,,
309,0.6080,-0.1146,0.1086,2.998,good,0.000,3.63,0,0,0,0,-6.19,3,0.0,,,
312,0.6120,-0.1161,0.1472,3.013,good,0.009,3.57,0,0,0,0,-8.39,3,0.0,,,
313,0.6120,-0.1144,0.2281,3.044,good,0.000,4.44,0,0,0,0,-9.75,3,0.0,,,
314,0.6120,-0.1143,-0.0971,2.971,faded,0.574,3.13,1,0,0,1,-8.08,3,3.2,19,311,
318,0.6120,-0.1173,-0.1890,3.004,good,0.000,3.19,0,0,0,0,-7.92,2,0.0,,,
316,0.6160,-0.1107,-0.2088,2.957,good,0.000,4.17,0,0,0,0,-6.64,3,0.0,,,
317,0.6160,-0.1082,-0.1794,2.985,good,0.000,2.17,0,0,0,0,-8.22,3,0.0,,,
320,0.6160,-0.1174,0.0305,2.998,good,0.000,2.23,0,0,0,0,-5.51,2,0.0,,,
321,0.6160,-0.1185,0.1090,3.001,good,0.000,4.15,0,0,0,0,-5.24,2,0.0,,,
322,0.6160,-0.1158,-0.1954,2.994,good,0.007,3.45,0,0,0,0,-6.02,2,0.0,,,
319,0.6200,-0.1093,-0.0576,3.004,insect,1.000,3.49,1,0,0,1,-7.85,3,3.1,24,329,
326,0.6200,-0.1195,-0.0904,3.001,good,0.000,3.37,0,0,0,0,-4.43,2,0.0,,,
323,0.6240,-0.1098,0.0664,3.001,good,0.001,3.12,0,0,0,0,-9.57,3,0.0,,,
324,0.6240,-0.1085,-0.1999,3.069,good,0.001,2.91,0,0,0,0,-11.62,3,0.0,,,
325,0.6240,-0.1091,-0.0430,2.995,good,0.000,2.47,0,0,0,0,-9.77,3,0.0,,,
328,0.6240,-0.1191,0.1547,2.990,sour,1.000,32.50,1,0,0,1,-6.36,2,3.2,51|52,317,
329,0.6240,-0.1165,-0.0851,3.003,good,0.000,2.86,0,0,0,0,-7.58,2,0.0,,,
330,0.6240,-0.1171,-0.0164,2.999,good,0.002,2.55,0,0,0,0,-7.33,2,0.0,,,
327,0.6280,-0.1085,0.0454,3.002,shell,1.000,9.61,1,0,0,1,-8.07,3,2.4,37|38,316,
331,0.6320,-0.1150,-0.1945,3.008,good,0.000,4.11,0,0,0,0,-5.51,3,0.0,,,
332,0.6320,-0.1102,0.0467,3.000,good,0.000,1.83,0,0,0,0,-6.99,3,0.0,,,
336,0.6320,-0.1175,-0.1259,2.983,good,0.001,2.84,0,0,0,0,-4.16,2,0.0,,,
337,0.6320,-0.1173,0.2247,3.093,good,0.002,5.30,0,0,0,0,-6.88,2,0.0,,,
333,0.6360,-0.1137,-0.1062,3.145,good,0.000,2.06,0,0,0,0,-8.89,3,0.0,,,
334,0.6360,-0.1127,-0.2393,2.985,good,0.006,3.95,0,0,0,0,-5.67,3,0.0,,,
335,0.6360,-0.1083,0.1869,3.005,good,0.005,2.94,0,0,0,0,-7.64,3,0.0,,,
339,0.6360,-0.1199,-0.1845,3.048,good,0.001,1.74,0,0,0,0,-4.87,2,0.0,,,
340,0.6360,-0.1198,0.1944,2.995,good,0.001,3.42,0,0,0,0,-3.65,2,0.0,,,
341,0.6360,-0.1171,-0.0765,2.991,good,0.000,4.15,0,0,0,0,-4.50,2,0.0,,,
338,0.6400,-0.1184,0.0869,2.530,good,0.002,6.85,0,0,0,0,9.75,3,0.0,,,
342,0.6440,-0.1082,-0.0846,3.014,good,0.001,2.09,0,0,0,0,-7.09,3,0.0,,,
343,0.6440,-0.1087,0.2050,2.985,good,0.009,2.66,0,0,0,0,-6.31,3,0.0,,,
344,0.6480,-0.1113,0.0055,3.341,shell,1.000,42.15,1,0,0,1,-2.62,3,2.4,32,366,
345,0.6480,-0.1114,-0.1928,2.991,good,0.009,2.35,0,0,0,0,4.72,3,0.0,,,
346,0.6480,-0.1086,-0.1538,3.013,good,0.054,2.92,0,0,0,0,3.23,3,0.0,,,
347,0.6480,-0.1091,0.1383,3.001,good,0.000,3.48,0,0,0,0,3.66,3,0.0,,,
348,0.6520,-0.1126,-0.1282,3.010,good,0.002,2.25,0,0,0,0,-7.39,3,0.0,,,
349,0.6520,-0.1101,-0.0185,3.085,sour,1.000,19.41,1,0,0,1,-9.99,3,3.2,29,352,
350,0.6520,-0.1089,-0.0326,2.968,good,0.249,5.41,0,0,0,0,-7.80,3,0.0,,,
351,0.6560,-0.1158,0.0152,2.614,good,0.001,2.57,0,0,0,0,5.15,3,0.0,,,
361,0.6560,-0.1189,-0.1378,3.325,good,0.000,2.17,0,0,0,0,-11.61,2,0.0,,,
352,0.6600,-0.1166,-0.0741,2.984,faded,0.999,4.43,1,0,0,1,-6.25,3,3.2,22,344,
353,0.6600,-0.1153,-0.1400,3.107,good,0.000,1.90,0,0,0,0,-9.65,3,0.0,,,
354,0.6600,-0.1119,0.1531,2.998,good,0.000,4.14,0,0,0,0,-8.32,3,0.0,,,
355,0.6600,-0.1117,-0.0663,3.009,good,0.002,2.58,0,0,0,0,-8.70,3,0.0,,,
356,0.6600,-0.1082,0.0075,3.279,good,0.004,6.25,0,0,0,0,-15.58,3,0.0,,,
357,0.6600,-0.1094,-0.0477,3.011,good,0.002,2.10,0,0,0,0,-9.54,3,0.0,,,
358,0.6600,-0.1095,-0.2020,3.009,faded,1.000,8.01,1,0,0,1,-9.50,3,3.2,6|5,354,
359,0.6600,-0.1116,0.0459,2.543,good,0.000,2.29,0,0,0,0,4.03,3,0.0,,,
360,0.6600,-0.1096,0.1245,3.000,good,0.000,2.81,0,0,0,0,-9.33,3,0.0,,,
363,0.6600,-0.1183,0.1252,3.182,good,0.000,3.05,0,0,0,0,-10.64,2,0.0,,,
364,0.6600,-0.1181,0.1105,3.011,good,0.430,4.03,0,0,0,0,-6.87,2,0.0,,,
362,0.6640,-0.1096,0.0339,3.000,good,0.008,3.15,0,0,0,0,-10.36,3,0.0,,,
368,0.6640,-0.1196,0.0073,2.990,good,0.000,2.81,0,0,0,0,-6.87,2,0.0,,,
370,0.6640,-0.1198,-0.1721,3.045,good,0.000,3.37,0,0,0,0,-8.17,2,0.0,,,
365,0.6680,-0.1119,0.1776,2.988,black,1.000,48.80,1,0,0,1,-7.28,3,3.2,54,355,
366,0.6680,-0.1124,-0.0861,2.974,black,1.000,45.86,1,0,0,1,-6.82,3,3.2,20|21,377,
367,0.6680,-0.1076,-0.2406,3.151,good,0.000,2.85,0,0,0,0,-12.43,3,0.0,,,
369,0.6680,-0.1084,-0.0015,2.991,good,0.002,2.46,0,0,0,0,-8.68,3,0.0,,,
374,0.6680,-0.1194,-0.1163,3.000,good,0.000,3.34,0,0,0,0,-5.26,2,0.0,,,
375,0.6680,-0.1141,0.2259,3.329,good,0.000,1.97,0,0,0,0,-14.10,2,0.0,,,
371,0.6720,-0.1139,0.2120,3.025,good,0.000,5.18,0,0,0,0,3.86,3,0.0,,,
372,0.6720,-0.1127,0.0386,3.001,good,0.000,2.78,0,0,0,0,3.96,3,0.0,,,
373,0.6720,-0.1101,0.0686,3.004,good,0.000,1.82,0,0,0,0,3.01,3,0.0,,,
379,0.6720,-0.1199,0.0441,2.882,good,0.000,3.53,0,0,0,0,9.31,2,0.0,,,
376,0.6760,-0.1179,0.1490,2.710,good,0.003,4.93,0,0,0,0,2.80,3,0.0,,,
377,0.6760,-0.1361,-0.1931,3.000,good,0.003,2.80,0,0,0,0,-6.92,1,0.0,,,
378,0.6760,-0.1084,-0.2045,3.029,good,0.000,2.07,0,0,0,0,-8.86,3,0.0,,,
380,0.6760,-0.1307,-0.1903,3.000,good,0.006,2.68,0,0,0,0,-4.76,1,0.0,,,
381,0.6760,-0.1186,0.1688,3.002,good,0.000,2.16,0,0,0,0,-4.91,2,0.0,,,
382,0.6760,-0.1170,0.0776,3.002,good,0.000,3.03,0,0,0,0,-5.48,2,0.0,,,
386,0.6800,-0.1185,0.1294,2.691,good,0.000,7.50,0,0,0,0,5.29,2,0.0,,,
387,0.6800,-0.1254,-0.1875,3.000,good,0.003,2.80,0,0,0,0,-4.77,1,0.0,,,
393,0.6800,-0.1070,0.1520,3.000,good,0.002,4.76,0,0,0,0,-6.90,1,0.0,,,
383,0.6840,-0.1261,0.1695,2.819,good,0.000,3.33,0,0,0,0,-3.30,2,0.0,,,
384,0.6840,-0.1126,0.1166,2.999,good,0.001,3.04,0,0,0,0,-8.70,3,0.0,,,
385,0.6840,-0.1136,-0.2301,3.001,good,0.000,2.41,0,0,0,0,-8.44,3,0.0,,,
390,0.6840,-0.1189,0.0475,2.998,good,0.000,2.77,0,0,0,0,-6.64,2,0.0,,,
391,0.6840,-0.1193,0.0806,2.999,good,0.044,2.48,0,0,0,0,-6.56,2,0.0,,,
392,0.6840,-0.1201,-0.1847,3.000,good,0.004,2.78,0,0,0,0,-10.35,1,0.0,,,
398,0.6840,-0.1148,0.1732,3.000,good,0.000,3.32,0,0,0,0,-8.10,1,0.0,,,
399,0.6840,-0.1147,-0.1819,3.000,good,0.006,2.63,0,0,0,0,-8.13,1,0.0,,,
388,0.6880,-0.1117,-0.0306,3.284,broken,1.000,14.51,1,0,0,1,-15.50,3,2.4,28|27,412,
389,0.6880,-0.1107,0.1126,2.999,good,0.001,3.53,0,0,0,0,-9.80,3,0.0,,,
397,0.6880,-0.1166,0.0608,2.988,faded,0.990,4.03,1,0,0,1,-7.62,2,3.2,39,394,
402,0.6880,-0.1094,-0.1790,3.000,good,0.003,2.78,0,0,0,0,-10.31,1,0.0,,,
394,0.6920,-0.1118,0.1144,3.053,sour,1.000,14.39,1,0,0,1,-8.82,3,3.2,46,396,
395,0.6920,-0.1103,0.0452,3.000,good,0.003,4.47,0,0,0,0,-8.17,3,0.0,,,
396,0.6920,-0.1047,-0.1749,3.397,good,0.082,19.73,1,0,0,1,-18.05,3,9.0,9|10|8,321,
400,0.6960,-0.1127,0.0151,2.998,faded,1.000,5.54,1,0,0,1,-8.16,3,3.2,33|34,389,
401,0.6960,-0.1115,0.2054,3.001,good,0.002,3.75,0,0,0,0,-8.70,3,0.0,,,
406,0.6960,-0.1175,-0.0455,3.222,good,0.000,2.39,0,0,0,0,-11.72,2,0.0,,,
407,0.6960,-0.1188,-0.1091,3.003,good,0.000,2.54,0,0,0,0,-6.38,2,0.0,,,
403,0.7000,-0.1267,0.0699,3.025,good,0.001,5.16,0,0,0,0,-8.26,2,0.0,,,
404,0.7000,-0.1122,0.1881,2.998,good,0.041,6.14,0,0,0,0,-8.49,3,0.0,,,
405,0.7000,-0.1096,0.2097,2.996,good,0.002,2.25,0,0,0,0,-9.37,3,0.0,,,
412,0.7000,-0.1141,-0.0356,2.965,sour,1.000,19.75,1,0,0,1,-7.15,2,3.2,27,400|403,
417,0.7000,-0.1146,0.0737,3.000,good,0.000,3.27,0,0,0,0,-7.85,1,0.0,,,
408,0.7040,-0.1113,-0.2158,3.301,broken,0.995,8.19,1,0,0,1,-15.85,3,2.4,4,410,
409,0.7040,-0.1122,-0.1835,3.002,good,0.003,1.38,0,0,0,0,-9.25,3,0.0,,,
410,0.7040,-0.1118,0.1937,2.999,good,0.000,2.39,0,0,0,0,-9.39,3,0.0,,,
411,0.7040,-0.1086,0.1132,2.947,good,0.000,2.79,0,0,0,0,-9.24,3,0.0,,,
416,0.7040,-0.1159,0.0423,3.007,good,0.116,3.48,0,0,0,0,-8.29,2,0.0,,,
413,0.7080,-0.1159,0.0772,2.947,good,0.000,4.71,0,0,0,0,-4.77,3,0.0,,,
414,0.7080,-0.1135,0.0198,2.996,good,0.000,4.83,0,0,0,0,-6.85,3,0.0,,,
415,0.7080,-0.1132,0.1517,3.000,good,0.000,2.49,0,0,0,0,-7.08,3,0.0,,,
420,0.7080,-0.1181,-0.1189,3.002,good,0.000,1.75,0,0,0,0,-5.53,2,0.0,,,
418,0.7120,-0.1097,0.1140,3.071,good,0.000,2.30,0,0,0,0,-9.01,3,0.0,,,
419,0.7120,-0.1101,-0.1430,2.993,good,0.002,3.46,0,0,0,0,-7.15,3,0.0,,,
424,0.7120,-0.1193,-0.1446,3.388,good,0.068,3.48,0,0,0,0,-12.65,2,0.0,,,
421,0.7160,-0.1145,0.1158,3.007,good,0.000,1.74,0,0,0,0,-6.31,3,0.0,,,
422,0.7160,-0.1144,-0.0735,2.999,good,0.003,5.30,0,0,0,0,-6.24,3,0.0,,,
423,0.7160,-0.1279,-0.2126,2.055,good,0.036,3.11,0,0,0,0,29.14,2,0.0,,,
427,0.7160,-0.1199,0.0619,3.004,good,0.002,3.12,0,0,0,0,-4.62,2,0.0,,,
428,0.7160,-0.1159,0.0363,3.003,good,0.001,9.11,0,0,0,0,-5.95,2,0.0,,,
430,0.7160,-0.1197,-0.2092,3.000,good,0.009,3.08,0,0,0,0,-4.63,1,0.0,,,
425,0.7200,-0.1136,0.1005,2.984,good,0.004,4.04,0,0,0,0,-8.83,3,0.0,,,
426,0.7200,-0.1116,-0.1907,3.004,good,0.000,2.34,0,0,0,0,-10.05,3,0.0,,,
429,0.7240,-0.1118,-0.2142,3.129,good,0.001,4.66,0,0,0,0,-11.93,3,0.0,,,
436,0.7240,-0.1180,-0.1315,2.997,good,0.000,2.75,0,0,0,0,-6.92,2,0.0,,,
437,0.7240,-0.1150,0.0812,3.000,good,0.000,2.61,0,0,0,0,-8.07,2,0.0,,,
442,0.7240,-0.1015,-0.2051,3.000,good,0.059,2.96,0,0,0,0,-12.58,1,0.0,,,
431,0.7280,-0.1153,0.2184,2.990,good,0.001,2.83,0,0,0,0,-6.92,3,0.0,,,
432,0.7280,-0.1083,-0.1205,3.450,good,0.101,3.35,0,0,0,0,-18.63,3,0.0,,,
433,0.7280,-0.1132,-0.1948,2.784,good,0.001,3.61,0,0,0,0,-2.47,3,0.0,,,
434,0.7280,-0.1110,0.1767,3.012,good,0.004,4.53,0,0,0,0,-9.03,3,0.0,,,
435,0.7280,-0.1093,0.1094,2.998,good,0.000,2.49,0,0,0,0,-9.31,3,0.0,,,
438,0.7320,-0.1163,0.0467,2.866,sour,1.000,21.87,1,0,0,1,-2.57,3,3.2,37|38,418,
439,0.7320,-0.1141,0.1333,3.015,good,0.000,6.20,0,0,0,0,-7.09,3,0.0,,,
440,0.7320,-0.1133,0.2073,2.920,faded,0.999,4.97,1,0,0,1,-5.08,3,3.2,58,437,
441,0.7320,-0.1105,-0.1309,3.000,good,0.007,1.77,0,0,0,0,-8.01,3,0.0,,,
446,0.7320,-0.1181,-0.1648,2.999,good,0.000,2.92,0,0,0,0,-5.52,2,0.0,,,
443,0.7360,-0.1136,-0.1389,3.256,good,0.000,2.36,0,0,0,0,-13.20,3,0.0,,,
444,0.7360,-0.1142,0.0959,3.006,good,0.000,2.42,0,0,0,0,-7.59,3,0.0,,,
445,0.7360,-0.1094,0.2108,2.984,good,0.002,3.01,0,0,0,0,-8.71,3,0.0,,,
448,0.7360,-0.1171,0.0793,2.935,good,0.002,3.53,0,0,0,0,-4.95,2,0.0,,,
447,0.7400,-0.1134,0.1200,2.978,good,0.000,2.73,0,0,0,0,-5.19,3,0.0,,,
450,0.7400,-0.1192,0.0687,2.988,good,0.001,3.03,0,0,0,0,-3.55,2,0.0,,,
451,0.7400,-0.1191,0.2041,2.926,good,0.012,3.64,0,0,0,0,-2.07,2,0.0,,,
452,0.7400,-0.1186,0.2346,3.005,broken,0.750,4.57,1,0,0,1,-4.23,2,2.4,62|61,440,
453,0.7400,-0.1170,0.0247,3.006,good,0.037,2.91,0,0,0,0,-4.88,2,0.0,,,
449,0.7440,-0.1099,-0.1580,2.840,good,0.000,2.60,0,0,0,0,-6.41,3,0.0,,,
455,0.7440,-0.1189,0.0742,3.291,good,0.000,2.19,0,0,0,0,-13.87,2,0.0,,,
456,0.7440,-0.1162,0.0942,3.089,good,0.000,2.59,0,0,0,0,-10.43,2,0.0,,,
454,0.7480,-0.1139,-0.1168,3.042,good,0.002,3.42,0,0,0,0,2.67,3,0.0,,,
458,0.7480,-0.1196,-0.0136,3.021,good,0.000,3.44,0,0,0,0,4.96,2,0.0,,,
459,0.7480,-0.1187,0.1361,2.964,good,0.000,2.24,0,0,0,0,6.01,2,0.0,,,
457,0.7520,-0.1087,-0.0585,2.992,good,0.000,2.85,0,0,0,0,0.45,3,0.0,,,
465,0.7520,-0.1189,-0.0889,3.039,good,0.000,2.60,0,0,0,0,2.67,2,0.0,,,
466,0.7520,-0.1189,0.1473,2.999,good,0.001,2.43,0,0,0,0,3.60,2,0.0,,,
460,0.7560,-0.1121,-0.1898,2.944,good,0.003,2.24,0,0,0,0,-5.61,3,0.0,,,
461,0.7560,-0.1114,0.1576,2.924,good,0.002,2.38,0,0,0,0,-5.40,3,0.0,,,
462,0.7560,-0.1089,-0.2153,3.000,good,0.000,2.09,0,0,0,0,-8.10,3,0.0,,,
463,0.7560,-0.1084,-0.2071,2.999,good,0.002,2.02,0,0,0,0,-8.28,3,0.0,,,
464,0.7560,-0.1082,0.1878,3.004,black,1.000,48.81,1,0,0,1,-8.52,3,3.2,56|55,466,
469,0.7560,-0.1174,-0.0153,3.003,good,0.001,3.00,0,0,0,0,-5.46,2,0.0,,,
470,0.7560,-0.1159,0.1657,3.238,good,0.000,3.08,0,0,0,0,-11.26,2,0.0,,,
467,0.7600,-0.1128,0.0312,3.001,good,0.009,3.12,0,0,0,0,-7.11,3,0.0,,,
468,0.7600,-0.1090,-0.0439,2.997,good,0.017,2.43,0,0,0,0,-8.34,3,0.0,,,
473,0.7600,-0.1157,-0.0113,3.026,good,0.000,2.97,0,0,0,0,-6.83,2,0.0,,,
471,0.7640,-0.1126,0.0820,3.191,good,0.034,5.64,0,0,0,0,-11.56,3,0.0,,,
472,0.7640,-0.1213,0.0878,2.878,shell,1.000,7.25,1,0,0,1,-5.37,2,2.4,43,,
478,0.7640,-0.1181,0.0308,3.008,good,0.000,3.68,0,0,0,0,-5.81,2,0.0,,,
474,0.7680,-0.1149,-0.1584,2.967,good,0.000,2.51,0,0,0,0,-6.55,3,0.0,,,
475,0.7680,-0.1158,-0.0695,3.001,good,0.004,3.97,0,0,0,0,-7.15,3,0.0,,,
476,0.7680,-0.1153,0.1671,2.984,good,0.021,3.54,0,0,0,0,-6.92,3,0.0,,,
477,0.7680,-0.1127,0.0600,3.047,good,0.003,6.01,0,0,0,0,-9.31,3,0.0,,,
481,0.7680,-0.1171,-0.1760,2.993,good,0.000,2.05,0,0,0,0,-6.62,2,0.0,,,
482,0.7680,-0.1169,-0.1223,3.001,faded,0.987,4.24,1,0,0,1,-6.90,2,3.2,16,476,
479,0.7720,-0.1155,0.1324,2.937,good,0.000,2.24,0,0,0,0,-0.92,3,0.0,,,
480,0.7720,-0.1134,0.2224,3.010,good,0.007,2.72,0,0,0,0,-3.45,3,0.0,,,
483,0.7760,-0.1098,-0.1766,3.006,good,0.002,2.75,0,0,0,0,-2.18,3,0.0,,,
486,0.7760,-0.1191,0.0642,2.993,good,0.001,3.53,0,0,0,0,1.16,2,0.0,,,
487,0.7760,-0.1172,-0.0988,3.004,good,0.001,2.26,0,0,0,0,0.23,2,0.0,,,
484,0.7800,-0.1149,0.2024,3.001,good,0.000,2.05,0,0,0,0,-2.56,3,0.0,,,
485,0.7800,-0.1129,0.1332,3.040,good,0.000,2.16,0,0,0,0,-4.20,3,0.0,,,
491,0.7800,-0.1190,-0.1622,2.989,good,0.000,2.61,0,0,0,0,-0.99,2,0.0,,,
488,0.7840,-0.1148,0.0848,2.937,good,0.000,3.92,0,0,0,0,2.28,3,0.0,,,
489,0.7840,-0.1100,0.0504,3.006,good,0.002,13.48,0,0,0,0,-1.08,3,0.0,,,
490,0.7840,-0.1082,-0.1863,3.003,good,0.000,2.00,0,0,0,0,-1.64,3,0.0,,,
494,0.7840,-0.1183,0.1283,2.997,black,1.000,54.64,1,1,1,0,1.82,2,3.2,48,472,472
495,0.7840,-0.1187,0.2006,2.996,good,0.000,3.55,0,0,0,0,1.92,2,0.0,,,
492,0.7880,-0.1170,-0.0309,2.761,good,0.007,2.96,0,0,0,0,4.54,3,0.0,,,
493,0.7880,-0.1095,0.0506,2.989,broken,1.000,2.49,1,0,0,1,-4.02,3,2.4,38,479,
497,0.7880,-0.1181,0.0256,3.060,good,0.000,3.37,0,0,0,0,-2.87,2,0.0,,,
498,0.7880,-0.1158,0.1078,3.450,insect,1.000,6.40,1,0,0,1,-11.69,2,3.1,45,490,
496,0.7920,-0.1137,-0.0156,3.017,sour,1.000,23.64,1,0,0,1,-6.64,3,3.2,30|29,488,
503,0.7920,-0.1172,-0.1932,3.089,good,0.001,9.07,0,0,0,0,-7.23,2,0.0,,,
499,0.7960,-0.1138,-0.1449,3.000,good,0.000,3.33,0,0,0,0,-6.81,3,0.0,,,
500,0.7960,-0.1124,-0.0958,3.001,good,0.001,2.59,0,0,0,0,-7.35,3,0.0,,,
501,0.7960,-0.1123,0.1461,3.002,good,0.000,2.44,0,0,0,0,-7.49,3,0.0,,,
502,0.7960,-0.1111,0.0873,3.000,good,0.000,2.75,0,0,0,0,-7.87,3,0.0,,,
504,0.8000,-0.1148,-0.0496,3.000,good,0.000,2.35,0,0,0,0,-8.29,3,0.0,,,
505,0.8000,-0.1099,0.0045,3.440,good,0.000,1.91,0,0,0,0,-18.93,3,0.0,,,
506,0.8000,-0.1127,0.0368,2.991,black,1.000,50.23,1,0,0,1,-8.85,3,3.2,36,501,
507,0.8000,-0.1099,-0.0434,3.023,good,0.000,2.70,0,0,0,0,-10.62,3,0.0,,,
508,0.8000,-0.1092,0.1959,2.999,good,0.000,1.72,0,0,0,0,-10.31,3,0.0,,,
512,0.8000,-0.1192,0.0686,2.992,good,0.001,3.20,0,0,0,0,-6.85,2,0.0,,,
513,0.8000,-0.1179,0.1095,3.036,good,0.000,2.72,0,0,0,0,-8.35,2,0.0,,,
509,0.8040,-0.1136,0.1283,3.147,good,0.001,2.14,0,0,0,0,-11.18,3,0.0,,,
510,0.8040,-0.1137,-0.1034,3.018,shell,1.000,9.48,1,0,0,1,-8.33,3,2.4,18,493,
511,0.8040,-0.1084,0.0438,3.070,faded,1.000,5.09,1,0,0,1,-11.31,3,3.2,37,499,
517,0.8040,-0.1194,0.1741,2.999,good,0.000,1.71,0,0,0,0,-6.09,2,0.0,,,
514,0.8080,-0.1143,0.1213,3.002,sour,1.000,18.69,1,0,0,1,-4.59,3,3.2,47,503,
515,0.8080,-0.1157,0.1324,3.021,faded,1.000,8.20,1,0,0,1,-4.66,3,3.2,48|49,502,
516,0.8080,-0.1086,-0.1623,3.019,good,0.000,2.54,0,0,0,0,-7.00,3,0.0,,,
519,0.8080,-0.1184,-0.0757,2.997,good,0.001,2.57,0,0,0,0,-3.26,2,0.0,,,
520,0.8080,-0.1178,0.1609,3.000,good,0.001,3.30,0,0,0,0,-3.57,2,0.0,,,
525,0.8080,-0.1010,0.1249,3.000,good,0.001,2.04,0,0,0,0,-9.17,1,0.0,,,
518,0.8120,-0.1145,0.1064,2.999,good,0.000,2.05,0,0,0,0,-7.08,3,0.0,,,
524,0.8120,-0.1186,-0.1517,3.020,good,0.000,2.19,0,0,0,0,-6.28,2,0.0,,,
521,0.8160,-0.1145,0.1039,3.001,good,0.013,2.60,0,0,0,0,-5.49,3,0.0,,,
522,0.8160,-0.1128,0.0252,3.011,good,0.000,2.15,0,0,0,0,-6.37,3,0.0,,,
523,0.8160,-0.1120,0.1883,2.980,good,0.000,1.96,0,0,0,0,-5.91,3,0.0,,,
531,0.8160,-0.1164,0.0845,2.998,insect,1.000,3.88,1,0,0,1,-4.90,2,3.1,42|43,522,
532,0.8160,-0.1149,0.2235,3.003,good,0.000,3.89,0,0,0,0,-5.59,2,0.0,,,
526,0.8200,-0.1137,-0.1319,3.150,black,1.000,50.33,1,0,0,1,-10.37,3,3.2,15|14,532,
527,0.8200,-0.1161,-0.2285,2.764,good,0.023,3.01,0,0,0,0,-0.09,3,0.0,,,
528,0.8200,-0.1113,-0.1068,2.980,good,0.000,1.77,0,0,0,0,-7.40,3,0.0,,,
529,0.8200,-0.1336,0.1812,3.000,good,0.000,2.25,0,0,0,0,-8.47,1,0.0,,,
530,0.8200,-0.1331,0.1904,3.000,good,0.160,6.53,0,0,0,0,-8.64,1,0.0,,,
536,0.8200,-0.1153,-0.2041,3.415,good,0.010,3.22,0,0,0,0,-15.31,2,0.0,,,
537,0.8200,-0.1187,-0.0829,2.930,good,0.001,1.78,0,0,0,0,-3.75,2,0.0,,,
538,0.8200,-0.1172,0.2387,3.026,good,0.000,2.72,0,0,0,0,-6.65,2,0.0,,,
539,0.8200,-0.1097,0.1853,2.950,good,0.269,11.65,0,0,0,0,-7.43,2,0.0,,,
533,0.8240,-0.1176,-0.1325,2.627,good,0.000,1.88,0,0,0,0,4.99,3,0.0,,,
534,0.8240,-0.1126,-0.2322,2.986,good,0.008,3.30,0,0,0,0,-6.70,3,0.0,,,
535,0.8240,-0.1098,0.0389,3.000,good,0.000,2.70,0,0,0,0,-8.02,3,0.0,,,
540,0.8240,-0.1174,-0.1500,3.010,good,0.009,2.18,0,0,0,0,-5.79,2,0.0,,,
541,0.8280,-0.1185,0.0598,2.999,good,0.004,4.51,0,0,0,0,-8.95,2,0.0,,,
542,0.8280,-0.1149,0.1316,3.151,good,0.000,2.34,0,0,0,0,-13.66,2,0.0,,,
547,0.8320,-0.1197,-0.1002,3.002,good,0.000,3.14,0,0,0,0,-5.26,2,0.0,,,
548,0.8320,-0.1166,0.1481,3.336,good,0.002,4.75,0,0,0,0,-13.57,2,0.0,,,
543,0.8360,-0.1166,-0.1978,2.946,good,0.004,5.36,0,0,0,0,-4.18,3,0.0,,,
544,0.8360,-0.1149,-0.1793,3.000,good,0.368,3.98,0,0,0,0,-6.13,3,0.0,,,
545,0.8360,-0.1126,0.0876,2.998,good,0.006,5.38,0,0,0,0,-6.90,3,0.0,,,
546,0.8360,-0.1151,0.1587,2.984,good,0.000,4.80,0,0,0,0,-5.78,3,0.0,,,
550,0.8360,-0.1182,0.0558,3.075,good,0.000,3.95,0,0,0,0,-6.94,2,0.0,,,
551,0.8360,-0.1159,-0.0626,3.010,good,0.000,2.75,0,0,0,0,-6.21,2,0.0,,,
549,0.8400,-0.1096,0.0249,3.003,good,0.000,2.39,0,0,0,0,-6.90,3,0.0,,,
552,0.8480,-0.1152,-0.2166,2.811,good,0.005,3.44,0,0,0,0,-1.94,3,0.0,,,
553,0.8480,-0.1116,0.0844,3.266,good,0.000,2.54,0,0,0,0,-13.77,3,0.0,,,
554,0.8480,-0.1137,-0.1864,2.994,good,0.000,3.43,0,0,0,0,-7.23,3,0.0,,,
555,0.8480,-0.1172,-0.1482,3.002,sour,1.000,14.68,1,0,0,1,-6.30,2,3.2,13|12,540,
556,0.8480,-0.1177,-0.2429,2.992,good,0.001,2.35,0,0,0,0,-5.96,2,0.0,,,
559,0.8520,-0.1176,0.0717,2.960,good,0.000,3.12,0,0,0,0,-5.98,2,0.0,,,
557,0.8560,-0.1121,0.1214,2.999,good,0.000,1.99,0,0,0,0,-5.77,3,0.0,,,
558,0.8560,-0.1108,-0.1674,3.004,good,0.000,3.15,0,0,0,0,-6.37,3,0.0,,,
562,0.8560,-0.1183,-0.1867,2.997,good,0.001,2.28,0,0,0,0,-3.75,2,0.0,,,
563,0.8560,-0.1186,0.0241,3.035,good,0.000,3.58,0,0,0,0,-4.61,2,0.0,,,
564,0.8560,-0.1190,0.2200,2.989,good,0.001,4.76,0,0,0,0,-3.44,2,0.0,,,
560,0.8600,-0.1148,-0.0214,3.075,good,0.001,2.11,0,0,0,0,2.46,3,0.0,,,
561,0.8600,-0.1102,0.1586,2.991,good,0.000,2.43,0,0,0,0,2.82,3,0.0,,,
569,0.8600,-0.1166,0.2249,3.000,good,0.004,3.75,0,0,0,0,4.72,2,0.0,,,
565,0.8640,-0.1125,0.1741,3.093,good,0.000,2.07,0,0,0,0,-12.67,3,0.0,,,
566,0.8640,-0.1138,-0.0346,3.013,good,0.000,1.92,0,0,0,0,-10.46,3,0.0,,,
567,0.8640,-0.1119,0.1525,2.972,good,0.000,1.63,0,0,0,0,-10.20,3,0.0,,,
568,0.8640,-0.1102,-0.1184,2.988,good,0.000,2.99,0,0,0,0,-11.17,3,0.0,,,
572,0.8640,-0.1198,0.1566,2.997,good,0.000,3.56,0,0,0,0,-8.23,2,0.0,,,
573,0.8640,-0.1165,-0.0878,2.996,good,0.001,3.72,0,0,0,0,-9.33,2,0.0,,,
570,0.8680,-0.1132,-0.0804,2.999,good,0.000,2.46,0,0,0,0,-5.41,3,0.0,,,
571,0.8680,-0.1085,-0.1597,2.995,good,0.033,2.66,0,0,0,0,-6.98,3,0.0,,,
577,0.8680,-0.1197,0.1307,3.001,good,0.014,2.51,0,0,0,0,-3.40,2,0.0,,,
574,0.8720,-0.1132,0.0025,3.011,good,0.000,4.11,0,0,0,0,4.22,3,0.0,,,
575,0.8720,-0.1113,0.2079,2.993,insect,1.000,5.22,1,1,1,0,3.95,3,3.1,58,575,575
576,0.8720,-0.1107,0.2258,3.002,good,0.038,2.77,0,0,0,0,3.46,3,0.0,,,
580,0.8720,-0.1191,0.1489,2.987,black,1.000,50.63,1,1,1,0,6.60,2,3.2,51|50,587,587
581,0.8720,-0.1183,-0.1392,2.991,good,0.073,2.37,0,0,0,0,6.20,2,0.0,,,
582,0.8720,-0.1187,-0.2171,3.000,good,0.000,2.94,0,0,0,0,6.08,2,0.0,,,
578,0.8760,-0.1083,-0.1831,3.035,good,0.003,2.69,0,0,0,0,-9.65,3,0.0,,,
579,0.8760,-0.1091,0.1625,2.981,shell,1.000,7.79,1,0,0,1,-8.20,3,2.4,52|53,567,
584,0.8760,-0.1176,-0.1564,2.998,good,0.000,1.70,0,0,0,0,-5.79,2,0.0,,,
583,0.8800,-0.1088,0.0479,2.975,good,0.004,2.90,0,0,0,0,-7.99,3,0.0,,,
587,0.8800,-0.1188,-0.2063,3.000,good,0.001,1.86,0,0,0,0,-5.30,2,0.0,,,
588,0.8800,-0.1187,0.1812,2.999,good,0.000,2.66,0,0,0,0,-5.35,2,0.0,,,
589,0.8800,-0.1189,0.2380,3.003,good,0.003,2.14,0,0,0,0,-5.43,2,0.0,,,
585,0.8840,-0.1137,-0.1537,3.024,good,0.000,2.38,0,0,0,0,-7.72,3,0.0,,,
586,0.8840,-0.1130,0.1042,3.000,good,0.000,2.78,0,0,0,0,-7.45,3,0.0,,,
592,0.8840,-0.1181,0.0855,2.792,good,0.000,2.42,0,0,0,0,-0.40,2,0.0,,,
590,0.8880,-0.1142,0.1349,2.996,good,0.001,4.35,0,0,0,0,-4.93,3,0.0,,,
591,0.8880,-0.1104,0.0909,3.002,good,0.266,5.51,0,0,0,0,-6.45,3,0.0,,,
593,0.8920,-0.1293,-0.1085,1.800,good,0.011,3.39,0,0,0,0,42.73,2,0.0,,,
594,0.8920,-0.1088,-0.1669,3.006,good,0.042,7.68,0,0,0,0,-11.25,3,0.0,,,
595,0.8920,-0.1087,-0.0874,2.998,good,0.000,4.16,0,0,0,0,-11.15,3,0.0,,,
596,0.8920,-0.1173,0.1202,3.001,good,0.000,2.65,0,0,0,0,-8.36,2,0.0,,,
600,0.8960,-0.1168,-0.0271,2.998,good,0.000,4.33,0,0,0,0,-7.12,2,0.0,,,
601,0.8960,-0.1166,-0.1797,3.024,good,0.001,8.59,0,0,0,0,-7.88,2,0.0,,,
602,0.8960,-0.1145,-0.0673,3.450,good,0.000,3.12,0,0,0,0,-17.38,2,0.0,,,
603,0.8960,-0.1153,-0.1106,1.800,good,0.001,3.42,0,0,0,0,40.00,2,0.0,,,
597,0.9000,-0.1183,-0.0700,2.641,good,0.019,3.35,0,0,0,0,4.23,3,0.0,,,
598,0.9000,-0.1125,-0.2250,2.986,good,0.005,3.69,0,0,0,0,-7.31,3,0.0,,,
599,0.9000,-0.1283,0.0108,2.298,good,0.000,2.08,0,0,0,0,16.86,2,0.0,,,
608,0.9000,-0.1175,-0.2344,3.003,good,0.000,3.10,0,0,0,0,-6.12,2,0.0,,,
609,0.9000,-0.1176,0.0820,3.005,good,0.019,8.28,0,0,0,0,-6.16,2,0.0,,,
610,0.9000,-0.1168,0.0544,2.985,good,0.000,4.75,0,0,0,0,-6.00,2,0.0,,,
613,0.9000,-0.1192,0.0150,3.000,good,0.003,2.03,0,0,0,0,-5.56,1,0.0,,,
614,0.9000,-0.1083,-0.1125,3.000,good,0.000,3.43,0,0,0,0,-9.21,1,0.0,,,
604,0.9040,-0.1091,-0.2153,3.325,good,0.010,9.79,0,0,0,0,-17.96,3,0.0,,,
605,0.9040,-0.1129,0.0065,3.001,good,0.000,2.71,0,0,0,0,-9.98,3,0.0,,,
606,0.9040,-0.1086,-0.0476,3.077,good,0.003,5.87,0,0,0,0,-13.15,3,0.0,,,
607,0.9040,-0.1116,0.2160,3.012,good,0.000,2.63,0,0,0,0,-10.75,3,0.0,,,
612,0.9040,-0.1181,-0.0153,3.003,good,0.000,3.69,0,0,0,0,-8.37,2,0.0,,,
611,0.9080,-0.1157,0.1945,2.992,good,0.000,3.42,0,0,0,0,-6.62,3,0.0,,,
617,0.9080,-0.1155,0.0119,3.026,good,0.005,4.64,0,0,0,0,-7.58,2,0.0,,,
618,0.9080,-0.1155,-0.0782,2.917,good,0.000,2.41,0,0,0,0,-4.98,2,0.0,,,
619,0.9080,-0.1164,-0.1487,2.979,good,0.000,2.38,0,0,0,0,-6.25,2,0.0,,,
624,0.9080,-0.1008,0.0199,3.000,good,0.000,2.06,0,0,0,0,-11.98,1,0.0,,,
615,0.9120,-0.1082,0.2044,3.075,good,0.001,7.14,0,0,0,0,-9.96,3,0.0,,,
616,0.9120,-0.1083,-0.0304,3.013,broken,0.999,2.35,1,0,0,1,-8.57,3,2.4,28|27,631,
620,0.9160,-0.1159,0.1521,2.990,good,0.006,3.78,0,0,0,0,-5.40,3,0.0,,,
621,0.9160,-0.1120,-0.0722,3.423,faded,0.741,4.28,1,0,0,1,-15.72,3,3.2,22,638,
622,0.9160,-0.1108,0.2359,3.063,husk,1.000,11.27,1,0,0,1,-8.90,3,2.4,62|61,632,
623,0.9160,-0.1098,0.1429,3.236,good,0.002,2.86,0,0,0,0,-12.97,3,0.0,,,
628,0.9160,-0.1187,-0.2292,3.043,good,0.001,14.03,0,0,0,0,-5.95,2,0.0,,,
625,0.9200,-0.1131,-0.1229,3.009,good,0.000,2.76,0,0,0,0,-8.93,3,0.0,,,
626,0.9200,-0.1092,0.1811,2.987,good,0.001,3.27,0,0,0,0,-9.80,3,0.0,,,
627,0.9200,-0.1086,-0.1855,2.906,good,0.001,2.27,0,0,0,0,-8.11,3,0.0,,,
631,0.9200,-0.1175,-0.1130,2.969,good,0.001,2.24,0,0,0,0,-6.66,2,0.0,,,
629,0.9240,-0.1124,0.0895,2.920,good,0.000,2.15,0,0,0,0,-5.53,3,0.0,,,
630,0.9240,-0.1118,0.1714,3.058,good,0.000,2.22,0,0,0,0,-9.08,3,0.0,,,
637,0.9240,-0.1169,0.0107,3.044,good,0.000,2.11,0,0,0,0,-7.14,2,0.0,,,
632,0.9280,-0.1137,0.0995,2.993,good,0.000,2.95,0,0,0,0,-8.59,3,0.0,,,
633,0.9280,-0.1116,-0.0783,2.939,good,0.002,2.53,0,0,0,0,-8.10,3,0.0,,,
634,0.9280,-0.1102,0.1135,2.977,good,0.000,2.49,0,0,0,0,-9.51,3,0.0,,,
635,0.9280,-0.1084,-0.0247,3.060,good,0.014,2.81,0,0,0,0,-12.06,3,0.0,,,
636,0.9280,-0.1085,-0.0555,3.000,good,0.001,7.99,0,0,0,0,-10.69,3,0.0,,,
640,0.9280,-0.1158,-0.2267,3.012,good,0.000,2.29,0,0,0,0,-8.60,2,0.0,,,
638,0.9320,-0.1147,0.0725,3.067,good,0.003,3.75,0,0,0,0,-10.15,3,0.0,,,
639,0.9320,-0.1139,0.2030,2.982,good,0.000,3.06,0,0,0,0,-8.47,3,0.0,,,
643,0.9320,-0.1184,0.0925,3.179,good,0.000,2.19,0,0,0,0,-11.53,2,0.0,,,
644,0.9320,-0.1174,-0.0929,2.885,faded,0.997,4.42,1,0,0,1,-4.94,2,3.2,20|19,621,
645,0.9320,-0.1162,0.1879,3.044,good,0.001,4.12,0,0,0,0,-9.32,2,0.0,,,
641,0.9360,-0.1141,0.0786,2.940,good,0.001,3.03,0,0,0,0,-5.72,3,0.0,,,
642,0.9360,-0.1103,0.0596,3.038,good,0.001,2.83,0,0,0,0,-9.40,3,0.0,,,
648,0.9360,-0.1162,-0.0581,2.969,faded,0.699,3.37,1,0,0,1,-5.82,2,3.2,24,651,
646,0.9400,-0.1127,-0.1028,2.873,good,0.001,2.82,0,0,0,0,-3.68,3,0.0,,,
647,0.9400,-0.1208,0.0162,2.792,broken,0.590,11.68,1,0,0,1,-2.73,2,2.9,34|33,,
650,0.9400,-0.1141,0.2303,3.009,stick,1.000,73.96,1,0,0,1,-6.73,2,2.4,61,617,
651,0.9400,-0.1181,0.0021,3.005,good,0.005,3.37,0,0,0,0,-5.35,2,0.0,,,
652,0.9400,-0.1161,0.0745,3.006,good,0.000,2.79,0,0,0,0,-6.08,2,0.0,,,
656,0.9400,-0.1097,0.0115,3.000,good,0.262,10.79,0,0,0,0,-8.08,1,0.0,,,
649,0.9440,-0.1155,0.0557,2.995,good,0.078,14.10,0,0,0,0,-4.64,3,0.0,,,
654,0.9440,-0.1175,0.0316,3.050,good,0.005,5.74,0,0,0,0,-5.36,2,0.0,,,
655,0.9440,-0.1183,-0.1321,2.998,sour,1.000,15.88,1,0,0,1,-3.90,2,3.2,15|14,635,
660,0.9440,-0.1012,-0.1059,3.000,good,0.000,2.79,0,0,0,0,-9.64,1,0.0,,,
653,0.9480,-0.1144,0.0130,2.941,good,0.000,2.13,0,0,0,0,-6.27,3,0.0,,,
659,0.9480,-0.1192,0.1788,2.981,good,0.001,5.71,0,0,0,0,-5.68,2,0.0,,,
657,0.9520,-0.1126,-0.1099,2.998,good,0.000,3.01,0,0,0,0,-10.73,3,0.0,,,
658,0.9520,-0.1072,0.2152,3.450,good,0.007,4.16,0,0,0,0,-21.64,3,0.0,,,
666,0.9520,-0.1171,0.2308,2.849,good,0.001,3.25,0,0,0,0,-5.54,2,0.0,,,
661,0.9560,-0.1097,0.2098,3.450,good,0.306,4.35,0,0,0,0,-17.26,3,0.0,,,
662,0.9560,-0.1125,-0.0675,2.990,good,0.000,2.84,0,0,0,0,-7.02,3,0.0,,,
663,0.9560,-0.1103,-0.1322,3.102,good,0.008,2.96,0,0,0,0,-10.37,3,0.0,,,
664,0.9560,-0.1106,-0.1846,3.007,broken,0.986,2.45,1,0,0,1,-8.14,3,2.4,8,647,
665,0.9560,-0.1094,-0.0796,3.019,good,0.000,2.49,0,0,0,0,-8.92,3,0.0,,,
674,0.9560,-0.1196,0.1940,3.008,good,0.000,1.97,0,0,0,0,-5.29,2,0.0,,,
667,0.9600,-0.1154,0.0564,2.930,good,0.001,2.29,0,0,0,0,-6.96,3,0.0,,,
668,0.9600,-0.1162,-0.1399,2.997,good,0.000,3.84,0,0,0,0,-8.40,3,0.0,,,
669,0.9600,-0.1162,-0.0099,2.998,faded,0.994,3.99,1,0,0,1,-8.48,3,3.2,30,667,
670,0.9600,-0.1136,0.2120,3.016,good,0.001,4.01,0,0,0,0,-9.81,3,0.0,,,
671,0.9600,-0.1137,-0.1958,2.980,good,0.008,4.04,0,0,0,0,-8.98,3,0.0,,,
672,0.9600,-0.1081,-0.2171,2.971,good,0.000,6.26,0,0,0,0,-10.67,3,0.0,,,
673,0.9600,-0.1089,0.1164,2.975,good,0.000,2.09,0,0,0,0,-10.54,3,0.0,,,
675,0.9640,-0.1100,0.0431,2.999,good,0.001,2.53,0,0,0,0,-8.44,3,0.0,,,
676,0.9680,-0.1155,-0.1406,3.004,good,0.000,1.93,0,0,0,0,-5.84,3,0.0,,,
677,0.9680,-0.1144,0.0897,2.999,sour,1.000,18.48,1,0,0,1,-6.18,3,3.2,43,660,
678,0.9680,-0.1111,0.1645,3.003,broken,0.955,2.15,1,0,0,1,-7.44,3,2.4,53|52,677,
679,0.9680,-0.1080,0.1297,3.004,good,0.000,2.07,0,0,0,0,-8.53,3,0.0,,,
680,0.9720,-0.1118,0.1332,2.976,good,0.039,20.34,1,0,0,1,-4.60,3,9.0,49|48|50,682|684,
681,0.9720,-0.1152,-0.0283,2.958,good,0.162,2.92,0,0,0,0,-3.09,3,0.0,,,
685,0.9760,-0.1194,-0.2220,2.914,good,0.002,3.08,0,0,0,0,-1.14,2,0.0,,,
682,0.9800,-0.1085,-0.1398,3.450,good,0.001,2.81,0,0,0,0,-17.74,3,0.0,,,
683,0.9800,-0.1096,0.0467,3.001,good,0.000,3.77,0,0,0,0,-8.37,3,0.0,,,
684,0.9800,-0.1083,0.1505,2.996,good,0.000,2.60,0,0,0,0,-8.75,3,0.0,,,
686,0.9840,-0.1117,-0.0249,3.085,faded,0.843,3.67,1,0,0,1,-10.58,3,3.2,28|29,670,
687,0.9840,-0.1105,-0.0423,2.987,good,0.004,3.39,0,0,0,0,-8.83,3,0.0,,,
688,0.9840,-0.1112,0.0386,2.996,good,0.000,4.15,0,0,0,0,-8.87,3,0.0,,,
689,0.9840,-0.1081,-0.1694,3.001,good,0.001,2.02,0,0,0,0,-10.08,3,0.0,,,
693,0.9840,-0.1187,0.1669,2.984,good,0.000,2.00,0,0,0,0,-6.17,2,0.0,,,
694,0.9840,-0.1176,0.2232,2.991,good,0.002,5.13,0,0,0,0,-6.72,2,0.0,,,
690,0.9880,-0.1110,0.1386,2.852,good,0.006,8.39,0,0,0,0,-4.21,3,0.0,,,
691,0.9880,-0.1077,-0.0646,3.450,good,0.000,2.20,0,0,0,0,-18.03,3,0.0,,,
692,0.9880,-0.1087,-0.1272,2.998,insect,1.000,4.88,1,0,0,1,-8.68,3,3.1,15,689,
695,0.9880,-0.1188,0.1670,2.912,good,0.000,1.70,0,0,0,0,-3.22,2,0.0,,,
700,0.9920,-0.1170,0.2067,3.009,good,0.080,8.25,0,0,0,0,-3.70,2,0.0,,,
696,0.9960,-0.1123,-0.0513,3.001,sour,1.000,23.14,1,0,0,1,-8.06,3,3.2,25,678,
697,0.9960,-0.1129,-0.0044,2.996,good,0.022,3.44,0,0,0,0,-7.83,3,0.0,,,
698,0.9960,-0.1111,-0.1950,2.944,good,0.000,2.60,0,0,0,0,-7.19,3,0.0,,,
699,0.9960,-0.1116,-0.0341,3.003,black,1.000,46.82,1,0,0,1,-8.49,3,3.2,27,697,
701,0.9960,-0.1084,0.0985,3.004,good,0.000,2.87,0,0,0,0,-9.62,3,0.0,,,
702,1.0000,-0.1138,0.2306,3.000,good,0.010,2.35,0,0,0,0,-5.55,3,0.0,,,
703,1.0000,-0.1084,-0.1144,3.450,good,0.000,2.21,0,0,0,0,-16.49,3,0.0,,,
704,1.0000,-0.1096,-0.1061,3.000,good,0.007,2.63,0,0,0,0,-7.07,3,0.0,,,
708,1.0000,-0.1181,-0.0232,3.192,good,0.000,2.22,0,0,0,0,-8.67,2,0.0,,,
709,1.0000,-0.1181,-0.1412,2.739,faded,1.000,7.00,1,1,1,0,2.59,2,3.2,13|14,696,
705,1.0040,-0.1140,-0.0668,3.008,good,0.004,2.96,0,0,0,0,-6.26,3,0.0,,,
706,1.0040,-0.1115,0.1582,3.084,good,0.000,2.44,0,0,0,0,-8.88,3,0.0,,,
707,1.0040,-0.1119,0.1966,2.991,good,0.027,2.52,0,0,0,0,-6.67,3,0.0,,,
711,1.0040,-0.1184,0.2052,3.000,insect,0.985,7.46,1,0,0,1,-4.75,2,3.1,58,708,
710,1.0080,-0.1152,-0.0560,2.881,stick,1.000,17.31,1,1,1,0,-1.87,3,2.4,24|25,675,
712,1.0120,-0.1120,-0.0037,2.735,broken,0.911,1.67,1,1,1,0,0.70,3,2.4,31,706,
714,1.0120,-0.1193,0.0293,3.006,good,0.000,3.42,0,0,0,0,-3.94,2,0.0,,,
716,1.0120,-0.1194,0.0161,2.997,good,0.000,2.06,0,0,0,0,-3.72,2,0.0,,,
717,1.0120,-0.1152,0.2054,2.958,good,0.042,7.37,0,0,0,0,-4.23,2,0.0,,,
713,1.0160,-0.1114,-0.0696,3.006,good,0.000,2.11,0,0,0,0,-8.89,3,0.0,,,
715,1.0160,-0.1081,0.2365,2.996,good,0.000,2.94,0,0,0,0,-9.80,3,0.0,,,
721,1.0160,-0.1164,-0.1218,3.003,good,0.007,2.05,0,0,0,0,-7.23,2,0.0,,,
722,1.0160,-0.1166,-0.0053,3.003,good,0.099,4.99,0,0,0,0,-7.23,2,0.0,,,
718,1.0200,-0.1158,-0.0798,2.933,good,0.000,3.12,0,0,0,0,-5.20,3,0.0,,,
719,1.0200,-0.1130,-0.0075,3.025,good,0.002,3.23,0,0,0,0,-8.43,3,0.0,,,
720,1.0200,-0.1090,0.1569,3.064,good,0.124,2.69,0,0,0,0,-10.65,3,0.0,,,
727,1.0200,-0.1186,-0.2000,2.971,good,0.000,2.09,0,0,0,0,-5.33,2,0.0,,,
723,1.0240,-0.1151,-0.2125,2.995,good,0.000,2.67,0,0,0,0,-6.04,3,0.0,,,
724,1.0240,-0.1133,0.0600,2.904,good,0.000,5.92,0,0,0,0,-4.44,3,0.0,,,
725,1.0240,-0.1123,0.1618,2.996,good,0.001,2.48,0,0,0,0,-7.10,3,0.0,,,
726,1.0240,-0.1096,0.1456,3.006,good,0.000,1.90,0,0,0,0,-8.26,3,0.0,,,
729,1.0240,-0.1182,0.1526,3.002,good,0.002,2.82,0,0,0,0,-5.35,2,0.0,,,
728,1.0280,-0.1086,0.0811,3.450,good,0.002,4.02,0,0,0,0,-18.85,3,0.0,,,
736,1.0280,-0.1044,0.0635,3.000,broken,0.836,3.34,1,0,0,1,-11.19,1,2.4,40|39,738,
730,1.0320,-0.1160,0.2346,3.002,black,1.000,52.85,1,1,1,0,3.94,3,3.2,62|61,747,747
731,1.0320,-0.1120,0.1654,3.055,good,0.000,2.99,0,0,0,0,1.27,3,0.0,,,
732,1.0320,-0.1200,-0.0016,2.992,good,0.001,6.44,0,0,0,0,5.37,2,0.0,,,
735,1.0320,-0.1179,-0.1830,2.953,broken,1.000,3.14,1,1,1,0,5.61,2,2.4,8,733,733
733,1.0360,-0.1115,0.0683,2.976,good,0.002,2.16,0,0,0,0,-6.76,3,0.0,,,
734,1.0360,-0.1113,0.0901,2.999,good,0.001,8.38,0,0,0,0,-7.42,3,0.0,,,
737,1.0400,-0.1147,0.1592,3.071,good,0.000,3.36,0,0,0,0,-7.47,3,0.0,,,
738,1.0400,-0.1116,-0.1076,2.981,sour,1.000,15.70,1,0,0,1,-6.47,3,3.2,18,721,
739,1.0400,-0.1102,-0.1517,2.989,good,0.001,3.54,0,0,0,0,-7.17,3,0.0,,,
740,1.0400,-0.1083,-0.2139,3.002,good,0.002,2.52,0,0,0,0,-8.18,3,0.0,,,
741,1.0400,-0.1090,-0.1836,3.000,good,0.005,3.33,0,0,0,0,-7.93,3,0.0,,,
742,1.0440,-0.1130,-0.0891,3.001,insect,1.000,9.19,1,0,0,1,-6.30,3,3.1,20,741,
743,1.0440,-0.1338,-0.0661,3.000,good,0.007,4.29,0,0,0,0,-7.40,1,0.0,,,
744,1.0440,-0.1083,0.1741,2.968,good,0.002,3.10,0,0,0,0,-7.20,3,0.0,,,
746,1.0440,-0.1163,0.0157,3.014,stick,1.000,47.67,1,0,0,1,-5.68,2,2.4,34|33,724,
747,1.0440,-0.1150,-0.2311,3.000,good,0.174,2.49,0,0,0,0,-5.84,2,0.0,,,
748,1.0440,-0.1249,-0.0621,3.000,good,0.006,3.86,0,0,0,0,-6.54,1,0.0,,,
754,1.0440,-0.1159,-0.0581,3.000,good,0.004,4.01,0,0,0,0,-5.52,1,0.0,,,
745,1.0480,-0.1149,0.1418,2.952,good,0.004,3.23,0,0,0,0,-5.08,3,0.0,,,
750,1.0480,-0.1198,0.0480,2.927,good,0.001,3.19,0,0,0,0,-2.85,2,0.0,,,
751,1.0480,-0.1168,0.0632,3.026,good,0.036,1.60,0,0,0,0,-6.34,2,0.0,,,
752,1.0480,-0.1162,-0.1993,3.006,good,0.000,3.70,0,0,0,0,-6.10,2,0.0,,,
753,1.0480,-0.1164,0.1634,3.014,good,0.000,1.95,0,0,0,0,-6.28,2,0.0,,,
756,1.0480,-0.1070,-0.0541,3.000,good,0.001,3.91,0,0,0,0,-9.08,1,0.0,,,
749,1.0520,-0.1123,-0.0529,3.018,faded,0.801,3.81,1,0,0,1,-6.40,3,3.2,25,766,
755,1.0520,-0.1162,0.0404,3.036,good,0.000,2.18,0,0,0,0,-5.63,2,0.0,,,
758,1.0560,-0.1183,0.2085,2.993,good,0.026,2.26,0,0,0,0,-5.10,2,0.0,,,
757,1.0600,-0.1103,-0.0314,3.296,good,0.012,3.14,0,0,0,0,-11.59,3,0.0,,,
759,1.0640,-0.1150,-0.0497,3.054,black,1.000,51.93,1,0,0,1,-9.28,3,3.2,25,775,
760,1.0640,-0.1267,-0.1963,3.139,good,0.001,2.43,0,0,0,0,-11.59,2,0.0,,,
761,1.0640,-0.1121,0.1764,3.121,good,0.041,4.76,0,0,0,0,-11.89,3,0.0,,,
762,1.0640,-0.1120,-0.1110,2.996,good,0.000,2.63,0,0,0,0,-9.11,3,0.0,,,
763,1.0640,-0.1090,0.2342,3.439,husk,1.000,24.23,1,0,0,1,-19.14,3,2.4,61|62,811,
764,1.0640,-0.1105,0.1371,3.000,good,0.000,1.82,0,0,0,0,-9.83,3,0.0,,,
773,1.0640,-0.1193,0.1728,3.000,good,0.000,2.09,0,0,0,0,-6.90,1,0.0,,,
774,1.0640,-0.1141,-0.1925,3.000,good,0.001,2.42,0,0,0,0,-8.64,1,0.0,,,
765,1.0680,-0.1138,-0.2270,3.004,black,1.000,51.46,1,0,0,1,-9.57,3,3.2,2|3,777,
766,1.0680,-0.1111,0.0491,3.393,good,0.000,3.49,0,0,0,0,-18.63,3,0.0,,,
767,1.0680,-0.1121,0.1861,2.995,good,0.002,2.65,0,0,0,0,-10.07,3,0.0,,,
772,1.0680,-0.1175,0.2297,2.958,good,0.001,7.17,0,0,0,0,-7.37,2,0.0,,,
768,1.0720,-0.1145,-0.1918,3.038,good,0.080,3.93,0,0,0,0,-7.91,3,0.0,,,
769,1.0720,-0.1146,0.0441,2.972,good,0.003,3.43,0,0,0,0,-6.36,3,0.0,,,
770,1.0720,-0.1098,-0.0479,3.087,good,0.000,3.78,0,0,0,0,-10.66,3,0.0,,,
771,1.0720,-0.1107,-0.1645,2.862,good,0.001,2.36,0,0,0,0,-5.04,3,0.0,,,
779,1.0720,-0.1188,-0.1450,2.994,good,0.008,3.35,0,0,0,0,-5.61,2,0.0,,,
780,1.0720,-0.1196,0.2259,2.670,good,0.000,2.87,0,0,0,0,3.54,2,0.0,,,
781,1.0720,-0.1151,0.2172,3.009,good,0.011,4.66,0,0,0,0,-7.28,2,0.0,,,
786,1.0720,-0.0998,0.1690,3.000,good,0.000,2.13,0,0,0,0,-12.18,1,0.0,,,
775,1.0760,-0.1134,-0.0029,3.011,good,0.000,2.63,0,0,0,0,-8.66,3,0.0,,,
776,1.0760,-0.1074,-0.2028,3.291,good,0.000,2.46,0,0,0,0,-16.57,3,0.0,,,
777,1.0760,-0.1087,-0.0356,2.997,good,0.001,4.77,0,0,0,0,-9.99,3,0.0,,,
778,1.0760,-0.1085,0.0690,2.999,good,0.003,5.32,0,0,0,0,-10.16,3,0.0,,,
783,1.0760,-0.1160,0.2359,2.986,good,0.010,6.31,0,0,0,0,-7.37,2,0.0,,,
784,1.0760,-0.1180,-0.0863,3.000,good,0.000,2.45,0,0,0,0,-7.08,2,0.0,,,
785,1.0760,-0.1167,-0.0990,2.987,good,0.000,3.77,0,0,0,0,-7.22,2,0.0,,,
782,1.0800,-0.1112,0.0434,2.962,good,0.000,3.88,0,0,0,0,-7.05,3,0.0,,,
788,1.0800,-0.1191,0.2207,3.194,good,0.004,5.66,0,0,0,0,-9.81,2,0.0,,,
790,1.0800,-0.1199,0.0103,2.996,good,0.000,2.84,0,0,0,0,-5.06,2,0.0,,,
791,1.0800,-0.1170,-0.0107,2.998,good,0.000,2.08,0,0,0,0,-6.10,2,0.0,,,
787,1.0840,-0.1104,-0.1919,3.033,good,0.354,3.35,0,0,0,0,2.58,3,0.0,,,
789,1.0840,-0.1081,0.0500,2.997,good,0.000,2.55,0,0,0,0,2.57,3,0.0,,,
792,1.0840,-0.1199,-0.2174,2.999,good,0.001,2.35,0,0,0,0,6.40,2,0.0,,,
793,1.0840,-0.1100,0.2137,2.868,stone,0.999,8.22,1,1,1,0,6.26,2,8.8,59|58|60,705,
797,1.0880,-0.1174,0.0337,3.044,stick,1.000,90.18,1,0,0,1,-6.35,2,2.4,36,776,
794,1.0920,-0.1157,-0.0578,2.992,good,0.000,2.55,0,0,0,0,-8.26,3,0.0,,,
795,1.0920,-0.1132,-0.1573,2.988,insect,1.000,3.95,1,0,0,1,-9.07,3,3.1,11|12,797,
796,1.0920,-0.1156,-0.1842,2.827,good,0.001,2.64,0,0,0,0,-4.22,3,0.0,,,
802,1.0920,-0.1167,-0.2207,2.999,good,0.054,3.83,0,0,0,0,-8.27,2,0.0,,,
798,1.0960,-0.1156,-0.1206,2.997,good,0.085,4.91,0,0,0,0,-4.59,3,0.0,,,
799,1.0960,-0.1145,0.0976,3.019,good,0.000,2.18,0,0,0,0,-5.58,3,0.0,,,
800,1.0960,-0.1102,-0.0924,3.141,sour,1.000,17.68,1,0,0,1,-9.76,3,3.2,20|19,805,
801,1.0960,-0.1101,0.1398,3.014,good,0.000,1.95,0,0,0,0,-7.03,3,0.0,,,
805,1.0960,-0.1194,0.0201,3.059,sour,1.000,23.45,1,0,0,1,-5.03,2,3.2,34,806,
803,1.1000,-0.1123,0.0303,2.990,good,0.000,3.06,0,0,0,0,-4.72,3,0.0,,,
804,1.1000,-0.1087,0.2208,3.009,good,0.001,2.68,0,0,0,0,-6.42,3,0.0,,,
811,1.1000,-0.1072,0.0243,3.000,sour,1.000,23.35,1,0,0,1,-6.72,1,3.2,35|34,806,
806,1.1040,-0.1192,0.0064,2.431,good,0.014,3.84,0,0,0,0,15.29,3,0.0,,,
807,1.1040,-0.1127,0.0881,2.995,good,0.000,2.40,0,0,0,0,-3.89,3,0.0,,,
808,1.1040,-0.1120,0.1309,2.994,good,0.000,1.63,0,0,0,0,-4.17,3,0.0,,,
809,1.1040,-0.1086,-0.0459,2.996,good,0.027,2.12,0,0,0,0,-5.47,3,0.0,,,
810,1.1080,-0.1167,-0.0528,2.841,good,0.444,2.90,0,0,0,0,1.07,3,0.0,,,
813,1.1080,-0.1172,0.1078,3.063,black,1.000,47.05,1,0,0,1,-4.37,2,3.2,45,813,
812,1.1120,-0.1135,0.2026,2.995,good,0.000,3.08,0,0,0,0,-4.59,3,0.0,,,
814,1.1120,-0.1130,0.2341,2.996,stick,1.000,84.21,1,0,0,1,-4.88,2,2.4,61|62,808,
815,1.1120,-0.1153,-0.2018,3.069,good,0.068,3.27,0,0,0,0,-5.88,2,0.0,,,
817,1.1160,-0.1186,0.2016,2.640,good,0.000,6.74,0,0,0,0,15.84,2,0.0,,,
816,1.1200,-0.1149,-0.0883,3.001,husk,1.000,12.77,1,0,0,1,-7.54,3,2.4,20,818,
824,1.1200,-0.1158,-0.0618,2.918,good,0.002,6.22,0,0,0,0,-5.30,2,0.0,,,
825,1.1200,-0.1179,-0.1605,3.002,good,0.013,2.31,0,0,0,0,-6.71,2,0.0,,,
818,1.1240,-0.1123,0.0998,2.994,faded,0.952,3.32,1,1,1,0,3.04,3,3.2,44,815,815
819,1.1240,-0.1105,-0.0186,3.220,good,0.001,2.63,0,0,0,0,-2.58,3,0.0,,,
820,1.1240,-0.1100,0.0564,3.007,faded,0.985,4.36,1,1,1,0,1.84,3,3.2,39,817,
821,1.1240,-0.1093,0.0382,2.964,good,0.001,2.91,0,0,0,0,2.54,3,0.0,,,
822,1.1240,-0.1118,-0.0774,2.757,good,0.000,2.31,0,0,0,0,8.74,3,0.0,,,
823,1.1240,-0.1098,0.1123,2.789,good,0.000,2.49,0,0,0,0,7.10,3,0.0,,,
828,1.1240,-0.1192,0.0199,2.998,faded,1.000,6.39,1,1,1,0,4.95,2,3.2,34,819,819
829,1.1240,-0.1171,0.1079,3.000,good,0.000,3.14,0,0,0,0,4.16,2,0.0,,,
826,1.1280,-0.1166,0.0034,2.911,good,0.496,3.15,0,0,0,0,7.29,3,0.0,,,
827,1.1280,-0.1127,-0.1074,3.010,good,0.000,1.82,0,0,0,0,3.48,3,0.0,,,
834,1.1280,-0.1160,-0.0818,3.017,good,0.001,1.63,0,0,0,0,4.33,2,0.0,,,
830,1.1320,-0.1136,0.1934,2.998,good,0.000,2.66,0,0,0,0,-6.23,3,0.0,,,
831,1.1320,-0.1127,-0.0251,2.996,good,0.010,3.06,0,0,0,0,-6.55,3,0.0,,,
832,1.1320,-0.1118,0.1175,2.992,good,0.002,2.70,0,0,0,0,-6.82,3,0.0,,,
833,1.1320,-0.1156,0.1323,2.193,good,0.000,2.93,0,0,0,0,20.72,3,0.0,,,
837,1.1320,-0.1187,-0.1312,2.999,good,0.257,5.40,0,0,0,0,-4.74,2,0.0,,,
835,1.1360,-0.1140,0.1015,3.000,good,0.001,2.37,0,0,0,0,-5.66,3,0.0,,,
836,1.1360,-0.1085,0.0019,2.993,good,0.000,2.77,0,0,0,0,-7.38,3,0.0,,,
838,1.1400,-0.1161,-0.1947,2.999,good,0.000,2.02,0,0,0,0,-6.74,3,0.0,,,
839,1.1400,-0.1157,-0.1112,3.003,good,0.000,2.83,0,0,0,0,-7.02,3,0.0,,,
840,1.1400,-0.1122,0.0322,2.998,faded,1.000,6.56,1,0,0,1,-8.11,3,3.2,36|35,834,
841,1.1400,-0.1086,-0.2104,3.222,good,0.002,2.35,0,0,0,0,-14.25,3,0.0,,,
842,1.1400,-0.1082,-0.1904,3.001,good,0.028,6.64,0,0,0,0,-9.65,3,0.0,,,
848,1.1400,-0.1130,0.1317,3.043,good,0.000,7.03,0,0,0,0,-9.03,2,0.0,,,
843,1.1440,-0.1148,-0.0900,3.002,good,0.001,2.83,0,0,0,0,-9.87,3,0.0,,,
844,1.1440,-0.1263,0.1781,3.183,good,0.035,2.56,0,0,0,0,-14.39,2,0.0,,,
845,1.1440,-0.1123,-0.1347,2.885,good,0.001,1.90,0,0,0,0,-7.96,3,0.0,,,
846,1.1440,-0.1073,-0.0101,3.323,faded,0.992,6.99,1,0,0,1,-19.19,3,3.2,30,843,
847,1.1440,-0.1085,0.0894,3.000,good,0.000,3.19,0,0,0,0,-12.14,3,0.0,,,
851,1.1440,-0.1178,0.1262,3.002,good,0.000,2.19,0,0,0,0,-9.12,2,0.0,,,
857,1.1440,-0.1136,0.1813,3.000,good,0.010,2.55,0,0,0,0,-10.47,1,0.0,,,
849,1.1480,-0.1144,0.0708,2.977,good,0.002,2.50,0,0,0,0,-5.86,3,0.0,,,
850,1.1480,-0.1074,-0.1865,3.297,good,0.029,2.70,0,0,0,0,-15.03,3,0.0,,,
856,1.1480,-0.1163,-0.2008,2.987,good,0.009,2.62,0,0,0,0,-5.58,2,0.0,,,
852,1.1520,-0.1160,0.0506,2.986,good,0.000,2.22,0,0,0,0,-7.10,3,0.0,,,
853,1.1520,-0.1096,-0.1524,3.450,good,0.002,2.93,0,0,0,0,-18.74,3,0.0,,,
854,1.1520,-0.1139,0.0095,3.000,sour,1.000,15.99,1,0,0,1,-8.22,3,3.2,33,852,
855,1.1520,-0.1107,-0.0476,3.000,good,0.000,1.62,0,0,0,0,-9.35,3,0.0,,,
860,1.1520,-0.1162,-0.1122,3.008,faded,0.998,3.75,1,0,0,1,-7.74,2,3.2,17,840,
858,1.1560,-0.1149,0.0902,3.003,good,0.080,3.18,0,0,0,0,-6.25,3,0.0,,,
859,1.1560,-0.1094,0.0851,2.996,good,0.039,2.76,0,0,0,0,-7.98,3,0.0,,,
863,1.1560,-0.1199,0.0990,2.975,good,0.001,3.73,0,0,0,0,-4.04,2,0.0,,,
861,1.1600,-0.1095,0.0271,3.006,faded,1.000,4.76,1,0,0,1,-8.52,3,3.2,35,848,
862,1.1600,-0.1098,0.2114,3.005,good,0.000,2.36,0,0,0,0,-8.48,3,0.0,,,
864,1.1640,-0.1132,-0.0962,2.998,good,0.000,2.89,0,0,0,0,-8.06,3,0.0,,,
865,1.1640,-0.1098,-0.1994,2.696,good,0.003,3.36,0,0,0,0,-1.42,3,0.0,,,
870,1.1640,-0.1175,0.2066,3.450,good,0.004,3.33,0,0,0,0,-16.24,2,0.0,,,
871,1.1640,-0.1191,-0.2117,3.005,good,0.000,1.36,0,0,0,0,-6.41,2,0.0,,,
872,1.1640,-0.1184,0.2372,2.999,good,0.009,2.94,0,0,0,0,-6.53,2,0.0,,,
873,1.1640,-0.1167,0.1708,2.993,good,0.007,5.06,0,0,0,0,-6.97,2,0.0,,,
866,1.1680,-0.1139,0.0841,3.033,good,0.008,2.53,0,0,0,0,-8.05,3,0.0,,,
867,1.1680,-0.1147,-0.0609,2.892,good,0.000,2.47,0,0,0,0,-4.39,3,0.0,,,
868,1.1680,-0.1127,-0.0099,2.989,black,1.000,53.06,1,0,0,1,-7.52,3,3.2,30,873,
869,1.1680,-0.1217,-0.2210,3.008,good,0.000,2.62,0,0,0,0,-9.03,2,0.0,,,
883,1.1680,-0.1085,-0.2176,3.000,good,0.001,6.22,0,0,0,0,-9.25,1,0.0,,,
884,1.1680,-0.1035,0.2103,3.000,good,0.006,2.38,0,0,0,0,-10.90,1,0.0,,,
874,1.1720,-0.1156,-0.1593,2.985,insect,1.000,5.00,1,1,1,0,4.00,3,3.1,11,871,871
875,1.1720,-0.1167,0.0842,2.912,good,0.000,2.05,0,0,0,0,6.13,3,0.0,,,
876,1.1720,-0.1395,0.1352,3.000,stone,1.000,18.81,1,1,1,0,3.51,1,9.1,49|48|50,,
877,1.1720,-0.1092,-0.0702,3.010,good,0.002,6.48,0,0,0,0,1.14,3,0.0,,,
878,1.1720,-0.1088,-0.0109,3.004,good,0.000,4.38,0,0,0,0,1.11,3,0.0,,,
881,1.1720,-0.1189,-0.0457,3.003,good,0.000,3.37,0,0,0,0,4.44,2,0.0,,,
882,1.1720,-0.1230,0.1381,3.000,stone,1.000,18.85,1,1,1,0,1.86,1,9.1,49|50|48,,
891,1.1720,-0.1065,0.1410,3.000,stone,1.000,18.76,1,1,1,0,0.34,1,9.1,50|49|51,911,
879,1.1760,-0.1109,-0.0277,3.245,good,0.000,2.29,0,0,0,0,-12.31,3,0.0,,,
880,1.1760,-0.1133,0.0900,3.003,good,0.000,2.17,0,0,0,0,-6.38,3,0.0,,,
885,1.1800,-0.1157,0.0238,2.988,good,0.000,2.83,0,0,0,0,-3.80,3,0.0,,,
886,1.1800,-0.1148,0.0375,2.854,good,0.005,6.22,0,0,0,0,-0.76,3,0.0,,,
887,1.1800,-0.1149,-0.0775,2.983,good,0.000,2.31,0,0,0,0,-4.05,3,0.0,,,
888,1.1800,-0.1153,-0.0571,2.993,good,0.001,3.52,0,0,0,0,-4.19,3,0.0,,,
889,1.1800,-0.1141,-0.0394,3.002,good,0.000,3.26,0,0,0,0,-4.84,3,0.0,,,
890,1.1800,-0.1086,-0.2275,2.995,good,0.000,3.60,0,0,0,0,-6.56,3,0.0,,,
893,1.1800,-0.1165,-0.1510,3.173,good,0.000,2.59,0,0,0,0,-8.04,2,0.0,,,
892,1.1840,-0.1138,-0.1027,2.993,good,0.000,1.89,0,0,0,0,-5.40,3,0.0,,,
901,1.1840,-0.1047,0.0278,3.000,good,0.007,7.13,0,0,0,0,-8.62,1,0.0,,,
894,1.1880,-0.1135,0.2115,3.000,good,0.000,2.12,0,0,0,0,-6.53,3,0.0,,,
895,1.1880,-0.1126,-0.0388,3.001,good,0.000,2.48,0,0,0,0,-6.86,3,0.0,,,
899,1.1880,-0.1187,0.1894,2.980,good,0.077,4.97,0,0,0,0,-4.39,2,0.0,,,
900,1.1880,-0.1157,-0.1660,3.123,good,0.012,7.71,0,0,0,0,-8.77,2,0.0,,,
896,1.1920,-0.1158,0.0543,2.576,good,0.001,4.36,0,0,0,0,5.65,3,0.0,,,
897,1.1920,-0.1104,-0.1454,2.952,good,0.001,1.67,0,0,0,0,-6.91,3,0.0,,,
898,1.1920,-0.1111,0.0344,2.791,good,0.003,3.22,0,0,0,0,-2.61,3,0.0,,,
902,1.1960,-0.1256,0.1583,3.117,good,0.034,4.15,0,0,0,0,-10.87,2,0.0,,,
903,1.1960,-0.1089,-0.1801,2.860,good,0.002,3.24,0,0,0,0,-6.28,3,0.0,,,
904,1.1960,-0.1080,0.0196,3.000,good,0.000,2.20,0,0,0,0,-10.02,3,0.0,,,
907,1.1960,-0.1165,-0.1403,2.996,good,0.001,2.18,0,0,0,0,-7.15,2,0.0,,,
912,1.1960,-0.1132,0.1615,3.000,good,0.001,4.34,0,0,0,0,-8.37,1,0.0,,,
905,1.2000,-0.1103,0.1143,2.982,good,0.001,2.69,0,0,0,0,-5.82,3,0.0,,,
906,1.2000,-0.1084,0.1340,2.996,good,0.000,2.19,0,0,0,0,-6.88,3,0.0,,,
911,1.2000,-0.1170,0.1828,3.027,good,0.000,3.06,0,0,0,0,-4.80,2,0.0,,,
908,1.2040,-0.1139,-0.1615,3.000,insect,1.000,3.88,1,0,0,1,-6.66,3,3.1,11,915,
909,1.2040,-0.1103,0.1419,3.240,good,0.000,7.40,0,0,0,0,-13.12,3,0.0,,,
910,1.2040,-0.1121,-0.1472,2.993,good,0.000,3.95,0,0,0,0,-7.21,3,0.0,,,
913,1.2080,-0.1166,0.2031,2.464,good,0.002,2.53,0,0,0,0,10.79,3,0.0,,,
920,1.2080,-0.1183,0.0104,3.032,good,0.000,2.41,0,0,0,0,-5.15,2,0.0,,,
921,1.2080,-0.1181,-0.1061,2.991,sour,1.000,19.61,1,0,0,1,-4.30,2,3.2,18,910,
914,1.2120,-0.1130,0.0413,3.160,good,0.000,1.87,0,0,0,0,-12.79,3,0.0,,,
915,1.2120,-0.1128,0.1009,3.006,good,0.001,2.50,0,0,0,0,-9.44,3,0.0,,,
916,1.2120,-0.1108,0.1492,2.994,good,0.000,2.71,0,0,0,0,-9.88,3,0.0,,,
917,1.2120,-0.1090,0.0766,3.076,broken,0.858,2.50,1,0,0,1,-12.38,3,2.4,41|42,912,
918,1.2120,-0.1088,-0.1169,3.003,good,0.081,2.55,0,0,0,0,-10.84,3,0.0,,,
919,1.2120,-0.1088,-0.1530,2.973,good,0.000,2.68,0,0,0,0,-10.20,3,0.0,,,
922,1.2160,-0.1388,0.0199,3.000,stone,1.000,7.55,1,0,0,1,-5.70,1,9.1,34|35|33,,
923,1.2160,-0.1130,-0.0490,2.998,good,0.000,2.93,0,0,0,0,-6.36,3,0.0,,,
924,1.2160,-0.1113,0.1891,2.993,faded,1.000,4.86,1,0,0,1,-6.87,3,3.2,56,929,
929,1.2160,-0.1202,0.0208,3.000,stone,1.000,7.61,1,0,0,1,-8.08,1,9.1,34|35|33,,
933,1.2160,-0.1017,0.0217,3.000,stone,1.000,7.95,1,0,0,1,-10.28,1,9.1,34|35|33,975,
925,1.2200,-0.1152,-0.1787,3.001,insect,1.000,8.14,1,0,0,1,-6.07,3,3.1,9|8,918,
926,1.2200,-0.1142,0.0576,3.006,good,0.000,2.64,0,0,0,0,-6.59,3,0.0,,,
927,1.2200,-0.1150,0.2102,2.892,good,0.020,10.37,0,0,0,0,-3.54,3,0.0,,,
928,1.2200,-0.1082,-0.0659,3.004,good,0.341,3.81,0,0,0,0,-8.61,3,0.0,,,
932,1.2200,-0.1120,-0.0362,2.997,good,0.198,7.68,0,0,0,0,-7.23,2,0.0,,,
930,1.2240,-0.1364,-0.0934,3.000,stone,1.000,15.18,1,0,0,1,-9.08,1,9.1,20|19|21,,
931,1.2240,-0.1136,0.1583,3.008,good,0.000,2.01,0,0,0,0,-9.04,3,0.0,,,
935,1.2240,-0.1283,-0.1023,3.000,stone,1.000,13.93,1,0,0,1,-7.92,1,9.1,18|19|17,,
936,1.2240,-0.1166,-0.0697,3.005,good,0.000,2.98,0,0,0,0,-7.99,2,0.0,,,
934,1.2280,-0.1131,-0.0219,2.516,faded,0.977,3.79,1,1,1,0,5.54,3,3.2,29,919,
940,1.2280,-0.1195,0.0624,2.775,good,0.000,2.33,0,0,0,0,-0.17,2,0.0,,,
941,1.2280,-0.1177,-0.2091,3.060,insect,0.980,9.35,1,0,0,1,-8.16,2,2.4,5,944,
942,1.2280,-0.1202,-0.1111,3.000,stone,1.000,14.61,1,0,0,1,-9.91,1,9.1,17|18|16,,
946,1.2280,-0.1121,-0.1200,3.000,stone,1.000,14.53,1,0,0,1,-8.62,1,9.1,16|17|15,907,
937,1.2320,-0.1142,0.2185,3.180,good,0.002,3.03,0,0,0,0,-9.70,3,0.0,,,
938,1.2320,-0.1112,0.0270,3.131,sour,1.000,10.32,1,0,0,1,-9.67,3,3.2,35,942,
939,1.2320,-0.1085,0.0780,3.002,good,0.000,2.42,0,0,0,0,-7.72,3,0.0,,,
945,1.2320,-0.1191,0.0422,3.000,good,0.009,2.71,0,0,0,0,-4.17,2,0.0,,,
950,1.2320,-0.1040,-0.1288,3.000,stone,1.000,14.43,1,0,0,1,-9.20,1,9.1,15|16|14,907,
943,1.2360,-0.1116,-0.1580,2.995,good,0.000,2.18,0,0,0,0,-7.34,3,0.0,,,
944,1.2360,-0.1124,0.1955,2.994,good,0.001,2.07,0,0,0,0,-7.07,3,0.0,,,
949,1.2360,-0.1175,0.2015,3.170,good,0.000,2.06,0,0,0,0,-9.47,2,0.0,,,
953,1.2360,-0.1015,0.2221,3.000,good,0.008,3.06,0,0,0,0,-10.92,1,0.0,,,
947,1.2400,-0.1137,0.0116,2.997,good,0.102,2.87,0,0,0,0,-5.52,3,0.0,,,
948,1.2400,-0.1103,0.1140,2.997,good,0.000,2.13,0,0,0,0,-6.72,3,0.0,,,
952,1.2400,-0.1191,0.0844,2.971,good,0.000,5.87,0,0,0,0,-3.21,2,0.0,,,
951,1.2440,-0.1113,0.0471,2.997,good,0.002,2.22,0,0,0,0,2.17,3,0.0,,,
954,1.2480,-0.1102,0.0358,2.996,good,0.169,2.90,0,0,0,0,-7.05,3,0.0,,,
958,1.2480,-0.1198,0.1389,3.000,broken,0.512,3.37,1,0,0,1,-4.01,2,2.4,49,950,
960,1.2480,-0.1197,-0.0785,3.006,good,0.000,1.47,0,0,0,0,-4.23,2,0.0,,,
961,1.2480,-0.1186,0.0382,3.231,good,0.003,2.86,0,0,0,0,-9.70,2,0.0,,,
962,1.2480,-0.1164,-0.1733,3.004,good,0.000,2.19,0,0,0,0,-5.37,2,0.0,,,
955,1.2520,-0.1427,0.1534,3.000,shell,1.000,25.70,1,0,0,1,-3.78,1,2.4,51,,
956,1.2520,-0.1379,-0.0274,3.000,good,0.002,2.52,0,0,0,0,-5.41,1,0.0,,,
957,1.2520,-0.1358,-0.0176,3.000,good,0.000,2.72,0,0,0,0,-6.11,1,0.0,,,
959,1.2520,-0.1087,0.0030,2.960,good,0.000,3.63,0,0,0,0,-6.31,3,0.0,,,
964,1.2520,-0.1141,-0.2269,3.116,black,1.000,53.87,1,0,0,1,-8.19,2,3.2,2|3,953,
965,1.2520,-0.1296,0.1567,3.000,shell,1.000,25.42,1,0,0,1,-4.37,1,2.4,52|51,,
966,1.2520,-0.1115,-0.0213,3.172,good,0.040,8.20,0,0,0,0,-10.27,2,0.0,,,
972,1.2520,-0.1166,0.1599,3.000,shell,1.000,25.82,1,0,0,1,-4.78,1,2.4,52,960,
973,1.2520,-0.1057,0.0413,3.000,good,0.005,3.14,0,0,0,0,-8.40,1,0.0,,,
963,1.2560,-0.1095,0.0122,3.069,good,0.000,1.53,0,0,0,0,-2.22,3,0.0,,,
970,1.2560,-0.1304,-0.1030,3.000,good,0.006,7.00,0,0,0,0,2.32,1,0.0,,,
971,1.2560,-0.1187,0.0085,3.307,good,0.000,2.39,0,0,0,0,-4.41,2,0.0,,,
977,1.2560,-0.1169,-0.1078,3.000,good,0.000,2.98,0,0,0,0,1.76,1,0.0,,,
978,1.2560,-0.1035,0.1632,3.000,shell,1.000,26.62,1,0,0,1,-2.71,1,2.4,52|53,960,
967,1.2600,-0.1124,-0.0414,2.991,good,0.000,2.62,0,0,0,0,-6.75,3,0.0,,,
968,1.2600,-0.1119,0.0729,3.006,good,0.000,1.68,0,0,0,0,-7.34,3,0.0,,,
969,1.2600,-0.1110,0.0960,2.927,black,1.000,46.74,1,0,0,1,-5.75,3,3.2,44,955,
976,1.2600,-0.1081,-0.0992,3.007,good,0.000,1.82,0,0,0,0,-8.74,2,0.0,,,
974,1.2640,-0.1149,-0.0336,2.846,good,0.002,3.28,0,0,0,0,-0.98,3,0.0,,,
975,1.2640,-0.1099,-0.1530,2.989,good,0.000,4.51,0,0,0,0,-6.32,3,0.0,,,
981,1.2640,-0.1170,-0.1337,3.004,good,0.000,1.83,0,0,0,0,-4.33,2,0.0,,,
982,1.2640,-0.1144,0.1070,3.123,good,0.000,3.34,0,0,0,0,-7.96,2,0.0,,,
979,1.2680,-0.1148,0.2261,2.999,good,0.001,5.70,0,0,0,0,-6.32,3,0.0,,,
980,1.2680,-0.1203,-0.0391,3.145,good,0.002,3.86,0,0,0,0,-11.97,2,0.0,,,
983,1.2720,-0.1131,0.0845,2.937,good,0.002,3.73,0,0,0,0,-5.62,3,0.0,,,
984,1.2720,-0.1131,-0.2174,3.002,black,1.000,57.33,1,0,0,1,-7.25,3,3.2,4|3,978,
990,1.2720,-0.1187,0.1080,3.001,good,0.000,2.45,0,0,0,0,-5.40,2,0.0,,,
985,1.2760,-0.1161,-0.1316,2.996,good,0.005,3.08,0,0,0,0,-3.78,3,0.0,,,
986,1.2760,-0.1119,-0.0175,3.000,sour,1.000,23.35,1,0,0,1,-5.37,3,3.2,29,969,
987,1.2760,-0.1098,-0.0324,3.009,good,0.000,2.97,0,0,0,0,-6.34,3,0.0,,,
988,1.2760,-0.1083,0.1616,3.001,good,0.000,2.88,0,0,0,0,-6.67,3,0.0,,,
989,1.2760,-0.1083,0.1187,3.001,good,0.000,3.37,0,0,0,0,-6.71,3,0.0,,,
991,1.2800,-0.1119,-0.0690,2.999,good,0.000,3.39,0,0,0,0,-7.04,3,0.0,,,
992,1.2800,-0.1086,-0.0316,3.056,good,0.002,2.33,0,0,0,0,-9.51,3,0.0,,,
994,1.2800,-0.1172,-0.0913,3.000,good,0.005,3.22,0,0,0,0,-5.41,2,0.0,,,
993,1.2840,-0.1096,0.1420,2.995,good,0.004,3.96,0,0,0,0,-10.61,3,0.0,,,
1002,1.2840,-0.1193,0.1757,3.056,good,0.026,5.68,0,0,0,0,-8.91,2,0.0,,,
1003,1.2840,-0.1161,0.1544,2.989,good,0.010,2.33,0,0,0,0,-8.39,2,0.0,,,
995,1.2880,-0.1157,-0.1264,2.852,good,0.001,2.21,0,0,0,0,-3.33,3,0.0,,,
996,1.2880,-0.1153,0.0542,2.663,good,0.000,3.74,0,0,0,0,1.84,3,0.0,,,
997,1.2880,-0.1130,0.2226,2.867,good,0.000,3.20,0,0,0,0,-4.75,3,0.0,,,
998,1.2880,-0.1120,-0.1874,2.959,good,0.000,2.12,0,0,0,0,-7.43,3,0.0,,,
999,1.2880,-0.1109,0.1498,3.012,good,0.000,2.94,0,0,0,0,-9.11,3,0.0,,,
1000,1.2880,-0.1128,0.1114,2.633,good,0.002,3.15,0,0,0,0,1.67,3,0.0,,,
1001,1.2880,-0.1078,-0.1350,3.129,good,0.000,3.79,0,0,0,0,-12.79,3,0.0,,,
1006,1.2880,-0.1199,-0.0580,3.036,good,0.000,3.80,0,0,0,0,-6.78,2,0.0,,,
1009,1.2880,-0.1189,0.0425,3.008,good,0.000,2.88,0,0,0,0,-6.46,2,0.0,,,
1010,1.2880,-0.1178,-0.1426,3.093,good,0.000,2.37,0,0,0,0,-8.85,2,0.0,,,
1011,1.2880,-0.1184,0.1710,2.992,good,0.001,7.93,0,0,0,0,-6.33,2,0.0,,,
1012,1.2880,-0.1172,0.1988,3.018,good,0.000,2.93,0,0,0,0,-7.38,2,0.0,,,
1013,1.2880,-0.1134,0.1010,3.269,good,0.001,2.25,0,0,0,0,-14.09,2,0.0,,,
1004,1.2920,-0.1156,0.0648,3.011,good,0.020,2.32,0,0,0,0,-5.66,3,0.0,,,
1005,1.2920,-0.1119,-0.0228,3.009,good,0.000,3.29,0,0,0,0,-6.91,3,0.0,,,
1007,1.2920,-0.1103,0.0770,3.028,good,0.004,3.28,0,0,0,0,-7.90,3,0.0,,,
1008,1.2920,-0.1125,0.1086,2.645,husk,1.000,10.71,1,1,1,0,2.98,3,2.4,45|46,973,
1014,1.3000,-0.1108,-0.1026,3.170,faded,0.718,3.66,1,0,0,1,-7.18,3,3.2,18|19,1015,
1015,1.3000,-0.1124,-0.2256,3.003,good,0.000,2.86,0,0,0,0,-2.99,3,0.0,,,
1016,1.3000,-0.1194,0.0594,3.055,good,0.001,2.72,0,0,0,0,-1.96,2,0.0,,,
1017,1.3000,-0.1198,0.1102,2.990,good,0.012,5.05,0,0,0,0,-0.31,2,0.0,,,
1018,1.3000,-0.1163,-0.0158,3.057,good,0.000,2.45,0,0,0,0,-3.08,2,0.0,,,
1019,1.3080,-0.1151,0.2232,3.009,good,0.000,1.66,0,0,0,0,3.72,3,0.0,,,
1020,1.3080,-0.1156,-0.1189,3.001,good,0.000,2.82,0,0,0,0,4.01,3,0.0,,,
1021,1.3080,-0.1149,0.2031,2.892,black,1.000,50.18,1,1,1,0,6.41,3,3.2,57|58,1007,1007
1022,1.3120,-0.1159,-0.2232,2.939,good,0.100,3.55,0,0,0,0,-3.39,3,0.0,,,
1023,1.3120,-0.1135,-0.0158,2.730,good,0.021,4.56,0,0,0,0,1.31,3,0.0,,,
1024,1.3120,-0.1179,-0.0276,3.436,good,0.009,3.33,0,0,0,0,-13.53,2,0.0,,,
1028,1.3160,-0.1166,0.1211,2.992,good,0.003,2.85,0,0,0,0,-6.19,2,0.0,,,
1029,1.3160,-0.1165,-0.0022,2.994,good,0.000,2.22,0,0,0,0,-6.32,2,0.0,,,
1025,1.3200,-0.1129,-0.0665,2.999,good,0.003,1.56,0,0,0,0,-3.94,3,0.0,,,
1026,1.3200,-0.1125,-0.0375,2.996,good,0.000,2.91,0,0,0,0,-4.04,3,0.0,,,
1027,1.3200,-0.1152,0.1119,2.690,shell,0.983,4.73,1,1,1,0,4.95,3,2.4,46,1001,
1032,1.3200,-0.1180,-0.1710,3.003,good,0.000,2.94,0,0,0,0,-2.49,2,0.0,,,
1030,1.3240,-0.1132,0.1477,3.046,good,0.000,2.43,0,0,0,0,-7.40,3,0.0,,,
1031,1.3240,-0.1112,-0.2047,3.053,good,0.000,3.23,0,0,0,0,-8.26,3,0.0,,,
1038,1.3240,-0.1194,-0.0322,3.005,faded,1.000,6.38,1,0,0,1,-4.45,2,3.2,27|28,1036,
1033,1.3280,-0.1138,0.0877,2.999,good,0.000,2.96,0,0,0,0,-6.69,3,0.0,,,
1034,1.3280,-0.1133,0.1350,3.034,good,0.006,4.09,0,0,0,0,-7.74,3,0.0,,,
1035,1.3280,-0.1111,-0.0622,2.998,faded,0.999,4.61,1,0,0,1,-7.68,3,3.2,24|23,1044,
1036,1.3280,-0.1110,0.0472,2.990,good,0.000,3.41,0,0,0,0,-7.57,3,0.0,,,
1037,1.3280,-0.1085,0.1256,3.000,good,0.009,5.41,0,0,0,0,-8.69,3,0.0,,,
1039,1.3320,-0.1154,0.0314,3.023,good,0.000,3.03,0,0,0,0,-7.41,3,0.0,,,
1040,1.3320,-0.1143,-0.0778,3.005,good,0.015,3.61,0,0,0,0,-7.43,3,0.0,,,
1041,1.3320,-0.1133,0.1720,2.996,good,0.002,2.50,0,0,0,0,-7.61,3,0.0,,,
1042,1.3320,-0.1096,-0.1277,2.997,good,0.000,3.30,0,0,0,0,-8.88,3,0.0,,,
1043,1.3320,-0.1084,0.0536,3.010,good,0.000,1.85,0,0,0,0,-9.61,3,0.0,,,
1048,1.3320,-0.1170,-0.0160,2.926,good,0.000,1.72,0,0,0,0,-4.71,2,0.0,,,
1044,1.3360,-0.1159,0.1261,3.000,good,0.000,2.53,0,0,0,0,-1.38,3,0.0,,,
1045,1.3360,-0.1140,-0.0473,2.973,good,0.000,2.72,0,0,0,0,-1.42,3,0.0,,,
1046,1.3360,-0.1070,-0.0251,3.450,good,0.001,6.48,0,0,0,0,-13.45,3,0.0,,,
1047,1.3360,-0.1112,0.0505,3.000,good,0.003,2.96,0,0,0,0,-3.08,3,0.0,,,
1050,1.3360,-0.1191,-0.1560,3.450,good,0.000,2.65,0,0,0,0,-10.00,2,0.0,,,
1051,1.3360,-0.1188,-0.1296,3.030,faded,0.939,3.36,1,1,1,0,-1.36,2,3.2,15,1052,1052
1053,1.3360,-0.1146,-0.0288,3.000,good,0.000,2.58,0,0,0,0,-2.05,1,0.0,,,
1049,1.3400,-0.1134,0.0897,3.007,good,0.000,1.74,0,0,0,0,-8.28,3,0.0,,,
1052,1.3400,-0.1175,-0.0999,3.052,good,0.000,20.06,1,0,0,1,-8.01,2,9.0,19|18|20,1046,
1056,1.3440,-0.1162,-0.2074,3.004,good,0.000,2.42,0,0,0,0,-7.34,2,0.0,,,
1054,1.3480,-0.1127,0.0667,3.075,good,0.000,2.20,0,0,0,0,-7.97,3,0.0,,,
1055,1.3480,-0.1124,-0.1106,2.997,good,0.000,2.46,0,0,0,0,-6.34,3,0.0,,,
1062,1.3480,-0.1181,-0.1016,2.933,good,0.000,2.62,0,0,0,0,-2.87,2,0.0,,,
1063,1.3480,-0.1189,0.2357,2.997,good,0.003,2.79,0,0,0,0,-4.24,2,0.0,,,
1064,1.3480,-0.1184,0.0549,2.970,good,0.000,2.40,0,0,0,0,-3.80,2,0.0,,,
1057,1.3520,-0.1153,-0.0731,3.009,good,0.000,2.48,0,0,0,0,4.24,3,0.0,,,
1058,1.3520,-0.1149,0.1300,3.002,good,0.000,2.74,0,0,0,0,4.18,3,0.0,,,
1059,1.3520,-0.1101,0.0820,3.069,sour,1.000,12.56,1,1,1,0,1.04,3,3.2,42,1054,1054
1060,1.3520,-0.1120,0.1776,2.812,good,0.001,2.51,0,0,0,0,7.87,3,0.0,,,
1061,1.3520,-0.1095,-0.2072,2.920,good,0.001,4.71,0,0,0,0,4.21,3,0.0,,,
1065,1.3520,-0.1187,-0.1969,3.003,good,0.005,3.07,0,0,0,0,5.25,2,0.0,,,
1066,1.3520,-0.1183,-0.1379,3.002,good,0.001,2.08,0,0,0,0,5.11,2,0.0,,,
1067,1.3520,-0.1176,-0.1106,2.994,good,0.001,2.98,0,0,0,0,5.03,2,0.0,,,
1068,1.3520,-0.1164,-0.0621,2.980,good,0.000,1.80,0,0,0,0,4.96,2,0.0,,,
1072,1.3520,-0.1064,-0.0980,3.000,good,0.000,2.30,0,0,0,0,1.12,1,0.0,,,
1069,1.3600,-0.1138,0.1585,3.011,good,0.000,2.34,0,0,0,0,-6.28,3,0.0,,,
1070,1.3600,-0.1124,-0.0361,2.991,good,0.001,2.40,0,0,0,0,-6.35,3,0.0,,,
1071,1.3600,-0.1094,0.0249,2.697,shell,1.000,6.45,1,1,1,0,0.25,3,2.4,35|34,1050,1050
1075,1.3600,-0.1169,-0.2107,2.846,good,0.000,4.15,0,0,0,0,-1.24,2,0.0,,,
1073,1.3640,-0.1141,-0.1895,3.004,good,0.309,4.71,0,0,0,0,4.17,3,0.0,,,
1074,1.3640,-0.1242,-0.0502,3.132,good,0.000,2.44,0,0,0,0,0.43,2,0.0,,,
1076,1.3640,-0.1159,0.1275,2.998,good,0.000,2.47,0,0,0,0,4.78,2,0.0,,,
1081,1.3640,-0.1117,-0.0472,3.000,good,0.000,2.88,0,0,0,0,3.33,1,0.0,,,
1079,1.3680,-0.1177,0.1756,3.004,good,0.000,2.40,0,0,0,0,-5.94,2,0.0,,,
1080,1.3680,-0.1168,-0.0682,3.000,good,0.000,2.69,0,0,0,0,-6.20,2,0.0,,,
1077,1.3720,-0.1108,-0.1693,2.710,good,0.001,2.92,0,0,0,0,-0.40,3,0.0,,,
1078,1.3720,-0.1084,0.0277,2.996,good,0.001,2.11,0,0,0,0,-8.68,3,0.0,,,
1085,1.3720,-0.1197,0.2282,3.003,good,0.000,4.85,0,0,0,0,-5.12,2,0.0,,,
1086,1.3720,-0.1184,0.1146,3.001,good,0.009,2.77,0,0,0,0,-5.53,2,0.0,,,
1087,1.3720,-0.1160,-0.0548,2.989,good,0.000,2.89,0,0,0,0,-6.09,2,0.0,,,
1082,1.3760,-0.1153,-0.0921,3.006,good,0.000,2.99,0,0,0,0,-6.63,3,0.0,,,
1083,1.3760,-0.1155,-0.1234,2.976,black,1.000,56.04,1,0,0,1,-5.88,3,3.2,16,1095,
1084,1.3760,-0.1151,0.2243,2.993,good,0.006,3.12,0,0,0,0,-6.50,3,0.0,,,
1091,1.3760,-0.1181,-0.0191,3.000,good,0.000,2.04,0,0,0,0,-5.71,2,0.0,,,
1092,1.3760,-0.1187,0.0881,3.140,good,0.000,3.78,0,0,0,0,-8.78,2,0.0,,,
1093,1.3760,-0.1177,0.1605,2.995,good,0.004,2.06,0,0,0,0,-5.79,2,0.0,,,
1094,1.3760,-0.1157,-0.2023,3.039,good,0.012,2.94,0,0,0,0,-7.55,2,0.0,,,
1088,1.3800,-0.1144,-0.1859,2.928,good,0.000,2.42,0,0,0,0,-4.12,3,0.0,,,
1089,1.3800,-0.1124,-0.1984,2.965,good,0.008,1.68,0,0,0,0,-5.74,3,0.0,,,
1090,1.3800,-0.1106,0.1843,3.000,good,0.000,2.59,0,0,0,0,-7.27,3,0.0,,,
1095,1.3840,-0.1146,0.0414,3.188,good,0.000,2.14,0,0,0,0,-4.82,3,0.0,,,
1096,1.3840,-0.1119,0.1761,2.999,good,0.248,2.48,0,0,0,0,-1.55,3,0.0,,,
1097,1.3840,-0.1104,0.0726,3.003,good,0.000,2.34,0,0,0,0,-2.20,3,0.0,,,
1098,1.3880,-0.1103,0.1126,3.164,good,0.002,4.28,0,0,0,0,-3.58,3,0.0,,,
1099,1.3880,-0.1107,-0.1384,3.003,good,0.000,3.36,0,0,0,0,0.04,3,0.0,,,
1103,1.3880,-0.1183,0.0467,2.991,good,0.000,2.72,0,0,0,0,2.82,2,0.0,,,
1100,1.3920,-0.1125,-0.0824,2.991,good,0.000,3.23,0,0,0,0,-2.08,3,0.0,,,
1101,1.3920,-0.1129,0.0377,2.748,good,0.000,1.64,0,0,0,0,4.30,3,0.0,,,
1102,1.3920,-0.1082,-0.1738,3.000,good,0.002,2.94,0,0,0,0,-3.83,3,0.0,,,
1104,1.3960,-0.1080,-0.1042,2.997,good,0.000,3.27,0,0,0,0,-0.06,3,0.0,,,
1107,1.3960,-0.1189,0.0035,3.342,insect,1.000,5.87,1,0,0,1,-4.01,2,3.1,32,1094,
1108,1.3960,-0.1191,0.1321,2.967,good,0.006,7.59,0,0,0,0,4.28,2,0.0,,,
1109,1.3960,-0.1183,0.1527,2.997,good,0.000,3.11,0,0,0,0,3.20,2,0.0,,,
1110,1.3960,-0.1124,0.0209,3.450,good,0.001,2.78,0,0,0,0,-8.08,2,0.0,,,
1105,1.4000,-0.1152,0.1177,2.993,good,0.000,2.83,0,0,0,0,-4.17,3,0.0,,,
1106,1.4000,-0.1138,-0.2348,2.968,good,0.012,2.73,0,0,0,0,-4.11,3,0.0,,,
1111,1.4000,-0.1195,-0.2168,3.434,good,0.002,2.32,0,0,0,0,-12.28,2,0.0,,,
1112,1.4000,-0.1189,-0.1682,2.864,good,0.002,2.86,0,0,0,0,0.19,2,0.0,,,
1119,1.4000,-0.1074,0.1250,3.000,good,0.001,2.48,0,0,0,0,-7.09,1,0.0,,,
1118,1.4040,-0.1172,-0.1869,2.997,good,0.000,1.85,0,0,0,0,1.93,2,0.0,,,
1113,1.4080,-0.1127,0.2175,3.000,good,0.000,2.15,0,0,0,0,-4.31,3,0.0,,,
1114,1.4080,-0.1136,0.0490,2.997,good,0.000,2.21,0,0,0,0,-4.02,3,0.0,,,
1115,1.4080,-0.1117,0.1872,3.036,good,0.000,3.08,0,0,0,0,-5.60,3,0.0,,,
1116,1.4080,-0.1106,0.1566,3.000,good,0.001,2.71,0,0,0,0,-5.15,3,0.0,,,
1117,1.4080,-0.1067,0.0213,3.429,good,0.000,1.71,0,0,0,0,-15.12,3,0.0,,,
1120,1.4080,-0.1195,-0.1009,2.977,good,0.000,2.01,0,0,0,0,-1.70,2,0.0,,,
1121,1.4080,-0.1184,0.0070,3.000,good,0.001,2.56,0,0,0,0,-2.66,2,0.0,,,
1122,1.4080,-0.1166,-0.1349,2.989,black,1.000,46.75,1,0,0,1,-3.04,2,3.2,14,1105,
1126,1.4120,-0.1181,0.0931,2.989,good,0.004,2.53,0,0,0,0,-5.79,2,0.0,,,
1127,1.4120,-0.1176,0.0474,2.998,good,0.000,2.38,0,0,0,0,-6.23,2,0.0,,,
1123,1.4160,-0.1156,0.1858,3.000,good,0.000,1.83,0,0,0,0,-5.22,3,0.0,,,
1124,1.4160,-0.1124,0.1340,3.032,black,1.000,51.56,1,0,0,1,-7.08,3,3.2,49|48,1102,
1125,1.4160,-0.1087,-0.1292,3.026,good,0.000,1.78,0,0,0,0,-8.27,3,0.0,,,
1129,1.4160,-0.1199,0.0599,3.001,good,0.000,2.18,0,0,0,0,-4.02,2,0.0,,,
1128,1.4200,-0.1128,0.2009,2.997,good,0.001,3.66,0,0,0,0,-6.24,3,0.0,,,
1134,1.4200,-0.1156,-0.0971,2.998,good,0.000,1.94,0,0,0,0,-5.39,2,0.0,,,
1130,1.4240,-0.1158,0.0692,2.996,sour,1.000,38.44,1,1,1,0,-1.05,3,3.2,40|41,1128,1128
1131,1.4240,-0.1252,-0.1918,2.745,black,0.644,20.32,1,1,1,0,4.86,2,3.2,7,,
1132,1.4240,-0.1122,0.2316,2.996,good,0.056,9.20,0,0,0,0,-2.39,3,0.0,,,
1133,1.4240,-0.1102,-0.2143,2.949,good,0.001,2.10,0,0,0,0,-1.99,3,0.0,,,
1137,1.4240,-0.1175,0.0392,2.996,good,0.002,2.33,0,0,0,0,-0.71,2,0.0,,,
1140,1.4240,-0.1147,-0.1872,3.000,good,0.001,3.48,0,0,0,0,-1.73,1,0.0,,,
1141,1.4240,-0.1132,-0.1963,3.000,black,1.000,50.71,1,0,0,1,-2.23,1,3.2,6|7,1127,
1135,1.4280,-0.1110,0.1878,3.187,good,0.000,2.50,0,0,0,0,-10.27,3,0.0,,,
1136,1.4280,-0.1093,-0.0932,3.194,good,0.000,3.76,0,0,0,0,-11.03,3,0.0,,,
1139,1.4280,-0.1186,0.0287,2.995,faded,1.000,4.04,1,0,0,1,-3.63,2,3.2,35,1131,
1138,1.4320,-0.1104,0.0582,3.150,good,0.000,2.77,0,0,0,0,-3.46,3,0.0,,,
1142,1.4320,-0.1170,-0.2124,3.054,good,0.015,7.70,0,0,0,0,0.73,2,0.0,,,
1143,1.4320,-0.1173,-0.1543,2.991,good,0.001,2.61,0,0,0,0,2.29,2,0.0,,,
1148,1.4360,-0.1193,-0.2358,2.995,good,0.003,2.51,0,0,0,0,-5.34,2,0.0,,,
1149,1.4360,-0.1183,-0.0399,2.973,good,0.000,2.25,0,0,0,0,-5.20,2,0.0,,,
1150,1.4360,-0.1171,0.0753,2.992,good,0.003,5.53,0,0,0,0,-6.12,2,0.0,,,
1144,1.4400,-0.1151,0.1018,3.002,good,0.112,3.15,0,0,0,0,-6.59,3,0.0,,,
1145,1.4400,-0.1132,0.2292,2.980,good,0.000,1.92,0,0,0,0,-6.73,3,0.0,,,
1146,1.4400,-0.1103,0.1125,2.993,good,0.003,3.69,0,0,0,0,-8.06,3,0.0,,,
1147,1.4400,-0.1090,0.0314,2.998,faded,1.000,5.12,1,0,0,1,-8.65,3,3.2,36|35,1147,
1152,1.4400,-0.1192,-0.1132,3.004,good,0.000,2.49,0,0,0,0,-5.45,2,0.0,,,
1153,1.4400,-0.1176,-0.2004,2.992,faded,0.670,4.16,1,0,0,1,-5.72,2,3.2,6,1134,
1154,1.4400,-0.1175,0.2430,2.915,good,0.001,2.89,0,0,0,0,-3.87,2,0.0,,,
1155,1.4400,-0.1181,0.0779,2.999,good,0.000,1.69,0,0,0,0,-5.83,2,0.0,,,
1151,1.4440,-0.1139,-0.1846,3.001,good,0.000,2.45,0,0,0,0,3.54,3,0.0,,,
1159,1.4440,-0.1155,0.0842,3.000,good,0.000,2.79,0,0,0,0,4.03,2,0.0,,,
1156,1.4480,-0.1148,-0.2311,3.000,good,0.073,4.37,0,0,0,0,3.47,3,0.0,,,
1157,1.4480,-0.1146,-0.1045,2.995,good,0.000,3.33,0,0,0,0,3.47,3,0.0,,,
1158,1.4480,-0.1103,0.1676,3.032,good,0.000,2.68,0,0,0,0,1.13,3,0.0,,,
1162,1.4480,-0.1198,0.1701,3.001,good,0.003,2.49,0,0,0,0,4.97,2,0.0,,,
1163,1.4480,-0.1199,-0.1844,2.997,good,0.004,3.74,0,0,0,0,5.05,2,0.0,,,
1164,1.4480,-0.1186,0.1841,3.058,good,0.000,2.65,0,0,0,0,3.15,2,0.0,,,
1160,1.4520,-0.1164,0.1952,3.000,good,0.000,3.36,0,0,0,0,-3.76,3,0.0,,,
1161,1.4520,-0.1277,0.1394,2.863,shell,0.982,11.58,1,1,1,0,-0.46,2,2.4,49|50,,
1166,1.4520,-0.1184,-0.1797,3.013,good,0.032,3.33,0,0,0,0,-3.54,2,0.0,,,
1167,1.4520,-0.1197,-0.1203,3.001,good,0.033,2.28,0,0,0,0,-2.86,2,0.0,,,
1168,1.4520,-0.1177,-0.0550,3.000,good,0.000,4.04,0,0,0,0,-3.55,2,0.0,,,
1165,1.4560,-0.1097,0.0712,3.073,good,0.000,2.46,0,0,0,0,-8.36,3,0.0,,,
1171,1.4560,-0.1186,-0.1882,3.000,good,0.000,1.85,0,0,0,0,-3.80,2,0.0,,,
1172,1.4560,-0.1160,0.2363,3.000,good,0.001,3.83,0,0,0,0,-4.68,2,0.0,,,
1169,1.4600,-0.1112,0.2267,3.001,good,0.000,3.60,0,0,0,0,-7.16,3,0.0,,,
1170,1.4600,-0.1089,-0.0816,2.948,good,0.002,3.17,0,0,0,0,-6.71,3,0.0,,,
1173,1.4600,-0.1185,0.0875,3.002,good,0.001,2.53,0,0,0,0,-4.85,2,0.0,,,
1177,1.4640,-0.1162,0.1750,2.991,good,0.011,7.46,0,0,0,0,-3.15,2,0.0,,,
1174,1.4680,-0.1141,0.0490,3.109,good,0.000,2.48,0,0,0,0,-7.36,3,0.0,,,
1175,1.4680,-0.1244,0.0049,3.036,good,0.000,2.95,0,0,0,0,-6.37,2,0.0,,,
1176,1.4680,-0.1220,-0.0045,2.815,good,0.000,2.26,0,0,0,0,-1.46,2,0.0,,,
1185,1.4680,-0.1115,0.0004,3.000,good,0.001,8.19,0,0,0,0,-5.83,1,0.0,,,
1178,1.4720,-0.1158,0.0696,3.002,good,0.000,2.11,0,0,0,0,-6.97,3,0.0,,,
1179,1.4720,-0.1162,0.1843,2.825,good,0.000,2.99,0,0,0,0,-2.37,3,0.0,,,
1180,1.4720,-0.1084,-0.0677,2.972,good,0.000,2.51,0,0,0,0,-8.85,3,0.0,,,
1183,1.4720,-0.1178,-0.0702,2.999,good,0.000,2.47,0,0,0,0,-6.36,2,0.0,,,
1184,1.4720,-0.1169,0.0778,2.998,good,0.000,2.42,0,0,0,0,-6.70,2,0.0,,,
1181,1.4760,-0.1109,-0.2117,2.754,good,0.070,4.32,0,0,0,0,-2.14,3,0.0,,,
1182,1.4760,-0.1126,0.0397,2.638,good,0.001,1.99,0,0,0,0,1.80,3,0.0,,,
1189,1.4760,-0.1194,-0.1805,2.978,good,0.000,3.17,0,0,0,0,-5.14,2,0.0,,,
1191,1.4760,-0.1200,-0.1632,2.879,shell,1.000,5.95,1,0,0,1,-2.44,2,2.4,11|10,1200,
1192,1.4760,-0.1185,0.2178,2.876,good,0.023,2.94,0,0,0,0,-2.95,2,0.0,,,
1193,1.4760,-0.1170,-0.1220,3.003,good,0.001,2.22,0,0,0,0,-6.69,2,0.0,,,
1186,1.4800,-0.1114,0.0067,3.016,good,0.001,9.08,0,0,0,0,-8.89,3,0.0,,,
1187,1.4800,-0.1100,-0.1054,3.000,good,0.000,2.15,0,0,0,0,-9.04,3,0.0,,,
1188,1.4800,-0.1096,0.1381,3.006,faded,1.000,4.47,1,0,0,1,-9.34,3,3.2,49,1175,
1190,1.4800,-0.1214,0.2257,2.649,good,0.000,4.36,0,0,0,0,0.43,2,0.0,,,
1196,1.4800,-0.1175,-0.1300,2.957,good,0.000,2.81,0,0,0,0,-5.71,2,0.0,,,
1197,1.4800,-0.1143,0.2303,3.435,good,0.034,6.71,0,0,0,0,-16.92,2,0.0,,,
1194,1.4840,-0.1095,-0.2269,2.998,good,0.011,3.20,0,0,0,0,-9.59,3,0.0,,,
1195,1.4840,-0.1101,0.0162,2.999,good,0.000,3.90,0,0,0,0,-9.48,3,0.0,,,
1198,1.4880,-0.1131,-0.1316,3.002,good,0.000,2.44,0,0,0,0,-7.03,3,0.0,,,
1199,1.4880,-0.1134,-0.1146,2.912,black,1.000,56.87,1,0,0,1,-4.79,3,3.2,17,1180,
1200,1.4880,-0.1088,0.0253,2.993,good,0.000,3.95,0,0,0,0,-8.37,3,0.0,,,
1203,1.4880,-0.1182,0.1040,2.949,good,0.001,1.88,0,0,0,0,-4.19,2,0.0,,,
1201,1.4920,-0.1155,0.0958,2.873,sour,1.000,22.09,1,0,0,1,-2.20,3,3.2,44,1178,
1202,1.4920,-0.1117,0.0004,3.000,good,0.323,3.87,0,0,0,0,-6.71,3,0.0,,,
1204,1.4960,-0.1146,0.0756,2.742,good,0.001,2.71,0,0,0,0,0.57,3,0.0,,,
1205,1.4960,-0.1089,0.1375,3.003,good,0.000,2.40,0,0,0,0,-8.22,3,0.0,,,
1206,1.4960,-0.1336,-0.0864,3.000,faded,1.000,5.83,1,0,0,1,-7.91,1,3.2,20|21,,
1210,1.4960,-0.1197,0.1804,2.998,good,0.002,3.83,0,0,0,0,-4.57,2,0.0,,,
1211,1.4960,-0.1192,0.2126,2.947,good,0.372,9.77,0,0,0,0,-3.50,2,0.0,,,
1212,1.4960,-0.1163,-0.2261,3.000,good,0.002,2.72,0,0,0,0,-5.80,2,0.0,,,
1213,1.4960,-0.1213,-0.0896,3.000,faded,1.000,5.70,1,0,0,1,-8.16,1,3.2,20,,
1218,1.4960,-0.1090,-0.0928,3.000,faded,1.000,5.80,1,0,0,1,-8.28,1,3.2,20|19,1203,
1219,1.4960,-0.1040,0.0926,3.000,sour,1.000,21.94,1,0,0,1,-9.93,1,3.2,43|44,1178,
1207,1.5000,-0.1359,-0.1521,3.000,good,0.002,7.40,0,0,0,0,-8.04,1,0.0,,,
1208,1.5000,-0.1144,0.0335,2.998,good,0.000,2.55,0,0,0,0,-7.27,3,0.0,,,
1209,1.5000,-0.1077,0.0794,3.450,good,0.000,7.44,0,0,0,0,-18.68,3,0.0,,,
1216,1.5000,-0.1144,-0.1491,2.999,good,0.000,1.85,0,0,0,0,-7.44,2,0.0,,,
1217,1.5000,-0.1090,-0.1552,3.000,good,0.292,6.68,0,0,0,0,-9.31,2,0.0,,,
1214,1.5040,-0.1154,0.1658,3.007,good,0.000,2.72,0,0,0,0,-5.43,3,0.0,,,
1215,1.5040,-0.1144,0.0622,3.003,good,0.000,2.29,0,0,0,0,-5.75,3,0.0,,,
1222,1.5040,-0.1175,0.2221,3.004,good,0.000,3.43,0,0,0,0,-4.77,2,0.0,,,
1220,1.5080,-0.1138,-0.0575,2.977,good,0.000,3.24,0,0,0,0,-7.53,3,0.0,,,
1221,1.5080,-0.1107,0.0119,2.946,good,0.000,4.16,0,0,0,0,-7.88,3,0.0,,,
1226,1.5080,-0.1199,0.1776,3.181,good,0.000,2.61,0,0,0,0,-10.32,2,0.0,,,
1223,1.5120,-0.1109,0.1894,2.922,good,0.000,2.21,0,0,0,0,-5.72,3,0.0,,,
1224,1.5120,-0.1114,-0.1880,2.908,good,0.096,2.97,0,0,0,0,-5.28,3,0.0,,,
1225,1.5120,-0.1099,-0.0101,2.947,sour,1.000,16.74,1,0,0,1,-6.79,3,3.2,30,1206,
1227,1.5160,-0.1084,0.0657,2.975,good,0.000,3.25,0,0,0,0,-8.52,3,0.0,,,
1228,1.5200,-0.1139,-0.2138,3.016,good,0.007,4.04,0,0,0,0,-4.57,3,0.0,,,
1230,1.5200,-0.1184,-0.1305,3.000,good,0.001,4.75,0,0,0,0,-2.79,2,0.0,,,
1231,1.5200,-0.1185,0.2024,2.994,good,0.000,2.79,0,0,0,0,-2.63,2,0.0,,,
1232,1.5200,-0.1176,0.0464,2.999,good,0.000,2.81,0,0,0,0,-3.10,2,0.0,,,
1233,1.5200,-0.1183,0.1086,2.990,good,0.007,3.27,0,0,0,0,-2.69,2,0.0,,,
1229,1.5240,-0.1141,-0.0272,2.995,insect,1.000,5.62,1,0,0,1,-8.28,3,3.1,28,1221,
1237,1.5240,-0.1128,-0.1713,3.081,good,0.000,2.04,0,0,0,0,-10.78,2,0.0,,,
1234,1.5280,-0.1160,0.1060,3.004,good,0.000,3.42,0,0,0,0,-6.22,3,0.0,,,
1235,1.5280,-0.1114,-0.2280,2.997,good,0.001,1.76,0,0,0,0,-7.64,3,0.0,,,
1236,1.5280,-0.1089,-0.1692,3.048,good,0.359,3.40,0,0,0,0,-9.67,3,0.0,,,
1241,1.5280,-0.1186,0.1545,3.014,good,0.000,3.44,0,0,0,0,-5.73,2,0.0,,,
1238,1.5320,-0.1124,-0.0955,2.759,good,0.000,2.76,0,0,0,0,7.62,3,0.0,,,
1239,1.5320,-0.1079,-0.0016,3.225,good,0.000,2.45,0,0,0,0,-4.92,3,0.0,,,
1240,1.5320,-0.1088,0.1814,2.993,good,0.000,2.85,0,0,0,0,0.33,3,0.0,,,
1244,1.5320,-0.1142,0.1425,2.955,good,0.043,7.85,0,0,0,0,2.99,2,0.0,,,
1245,1.5320,-0.1169,-0.1927,2.854,good,0.077,3.81,0,0,0,0,6.45,2,0.0,,,
1242,1.5360,-0.1126,0.2274,2.996,good,0.001,2.09,0,0,0,0,-9.45,3,0.0,,,
1243,1.5360,-0.1121,-0.1412,3.002,faded,0.998,4.49,1,0,0,1,-9.82,3,3.2,13|14,1229,
1251,1.5360,-0.1158,-0.1906,3.003,good,0.001,1.67,0,0,0,0,-8.72,2,0.0,,,
1246,1.5400,-0.1135,-0.1458,3.036,sour,1.000,26.20,1,0,0,1,-6.28,3,3.2,13,1227,
1247,1.5400,-0.1116,0.0598,2.983,good,0.000,2.02,0,0,0,0,-5.78,3,0.0,,,
1248,1.5400,-0.1096,-0.0850,3.001,good,0.000,2.67,0,0,0,0,-6.93,3,0.0,,,
1249,1.5400,-0.1090,-0.0389,3.011,good,0.000,3.20,0,0,0,0,-7.39,3,0.0,,,
1250,1.5400,-0.1080,-0.1529,3.010,good,0.001,2.89,0,0,0,0,-7.75,3,0.0,,,
1256,1.5400,-0.1182,0.0492,3.005,good,0.000,2.44,0,0,0,0,-4.24,2,0.0,,,
1252,1.5440,-0.1141,-0.0205,2.980,good,0.000,3.09,0,0,0,0,-4.76,3,0.0,,,
1253,1.5440,-0.1130,-0.0339,2.832,good,0.001,6.79,0,0,0,0,-1.45,3,0.0,,,
1254,1.5440,-0.1107,-0.0731,3.011,good,0.156,3.62,0,0,0,0,-6.69,3,0.0,,,
1255,1.5440,-0.1111,-0.1091,3.003,good,0.004,8.31,0,0,0,0,-6.41,3,0.0,,,
1258,1.5440,-0.1165,0.1613,3.001,faded,0.756,5.92,1,0,0,1,-4.63,2,3.2,52,1248|1253,
1259,1.5440,-0.1176,0.1950,3.003,good,0.000,2.25,0,0,0,0,-4.35,2,0.0,,,
1257,1.5480,-0.1123,-0.0284,2.995,good,0.000,2.66,0,0,0,0,-5.30,3,0.0,,,
1261,1.5480,-0.1198,0.1813,3.140,good,0.002,2.88,0,0,0,0,-6.23,2,0.0,,,
1260,1.5520,-0.1107,0.0900,3.002,good,0.000,2.76,0,0,0,0,-6.51,3,0.0,,,
1262,1.5560,-0.1093,-0.1257,3.051,good,0.004,2.82,0,0,0,0,-9.26,3,0.0,,,
1263,1.5560,-0.1109,0.1707,2.898,good,0.002,1.80,0,0,0,0,-5.13,3,0.0,,,
1264,1.5560,-0.1099,-0.0094,2.990,good,0.000,2.70,0,0,0,0,-7.76,3,0.0,,,
1267,1.5560,-0.1192,0.2110,2.950,good,0.000,2.58,0,0,0,0,-3.69,2,0.0,,,
1268,1.5560,-0.1185,-0.1356,3.015,good,0.051,2.19,0,0,0,0,-5.56,2,0.0,,,
1265,1.5600,-0.1152,0.0759,3.004,good,0.000,3.07,0,0,0,0,-6.69,3,0.0,,,
1266,1.5600,-0.1149,0.1467,2.909,good,0.019,2.76,0,0,0,0,-4.50,3,0.0,,,
1270,1.5600,-0.1186,-0.1551,2.991,good,0.001,2.67,0,0,0,0,-5.34,2,0.0,,,
1271,1.5600,-0.1181,0.1362,3.216,good,0.000,3.79,0,0,0,0,-10.67,2,0.0,,,
1272,1.5600,-0.1175,-0.1167,3.170,good,0.000,3.27,0,0,0,0,-9.90,2,0.0,,,
1273,1.5600,-0.1158,0.1293,2.997,good,0.000,1.82,0,0,0,0,-6.56,2,0.0,,,
1269,1.5640,-0.1102,0.0942,3.274,good,0.001,3.47,0,0,0,0,-15.02,3,0.0,,,
1277,1.5640,-0.1045,0.1329,3.000,good,0.003,6.02,0,0,0,0,-11.04,1,0.0,,,
1274,1.5680,-0.1098,0.0077,2.791,good,0.000,3.57,0,0,0,0,-0.45,3,0.0,,,
1275,1.5720,-0.1159,0.1853,2.822,good,0.000,2.06,0,0,0,0,-3.23,3,0.0,,,
1276,1.5720,-0.1119,-0.2171,3.021,good,0.000,3.30,0,0,0,0,-9.67,3,0.0,,,
1282,1.5720,-0.1170,0.0626,2.990,good,0.000,3.72,0,0,0,0,-7.27,2,0.0,,,
1278,1.5760,-0.1135,0.2170,2.815,good,0.000,3.26,0,0,0,0,-4.33,3,0.0,,,
1279,1.5760,-0.1087,-0.1925,3.013,good,0.000,5.88,0,0,0,0,-10.94,3,0.0,,,
1280,1.5760,-0.1103,-0.0196,2.903,good,0.006,3.65,0,0,0,0,-7.81,3,0.0,,,
1281,1.5760,-0.1081,0.1154,3.001,broken,0.993,2.02,1,0,0,1,-10.94,3,2.4,46,1288,
1287,1.5760,-0.1167,0.1533,3.007,good,0.000,1.87,0,0,0,0,-8.29,2,0.0,,,
1288,1.5760,-0.1171,-0.0396,2.997,good,0.002,2.52,0,0,0,0,-7.94,2,0.0,,,
1283,1.5800,-0.1145,-0.1676,3.011,good,0.000,4.09,0,0,0,0,-7.50,3,0.0,,,
1284,1.5800,-0.1117,0.0692,3.002,sour,1.000,10.91,1,0,0,1,-8.27,3,3.2,40|41,1281,
1285,1.5800,-0.1097,0.2127,2.961,good,0.000,2.71,0,0,0,0,-8.06,3,0.0,,,
1286,1.5800,-0.1095,0.0228,2.994,good,0.000,1.88,0,0,0,0,-8.93,3,0.0,,,
1291,1.5800,-0.1189,-0.1829,2.977,broken,0.985,2.81,1,0,0,1,-5.41,2,2.4,8,1280,
1292,1.5800,-0.1168,-0.1216,3.002,good,0.011,2.88,0,0,0,0,-6.78,2,0.0,,,
1289,1.5840,-0.1112,-0.0656,3.000,good,0.000,4.03,0,0,0,0,-9.07,3,0.0,,,
1290,1.5840,-0.1073,-0.0323,3.294,good,0.000,2.66,0,0,0,0,-16.60,3,0.0,,,
1296,1.5840,-0.1193,0.0827,3.450,good,0.008,2.47,0,0,0,0,-16.01,2,0.0,,,
1297,1.5840,-0.1194,-0.1484,3.261,good,0.000,2.58,0,0,0,0,-12.36,2,0.0,,,
1299,1.5840,-0.1182,0.1959,3.001,good,0.000,2.20,0,0,0,0,-6.97,2,0.0,,,
1300,1.5840,-0.1158,0.0967,3.001,good,0.037,2.80,0,0,0,0,-7.79,2,0.0,,,
1293,1.5880,-0.1119,0.1656,3.008,insect,1.000,7.40,1,0,0,1,-6.85,3,3.1,53|52,1283,
1294,1.5880,-0.1114,0.0178,2.998,good,0.006,2.49,0,0,0,0,-6.83,3,0.0,,,
1295,1.5880,-0.1086,0.0428,3.001,good,0.000,3.08,0,0,0,0,-7.90,3,0.0,,,
1298,1.5880,-0.1089,0.1305,3.005,good,0.000,3.21,0,0,0,0,-7.94,3,0.0,,,
1302,1.5880,-0.1190,0.1101,3.450,good,0.002,4.64,0,0,0,0,-14.02,2,0.0,,,
1303,1.5880,-0.1197,-0.0247,3.001,good,0.006,2.57,0,0,0,0,-4.31,2,0.0,,,
1301,1.5920,-0.1148,-0.0509,2.999,good,0.000,2.62,0,0,0,0,-3.87,3,0.0,,,
1305,1.5920,-0.1197,0.1140,2.981,good,0.000,2.17,0,0,0,0,-1.84,2,0.0,,,
1307,1.5920,-0.1177,0.1236,3.004,good,0.000,2.21,0,0,0,0,-3.12,2,0.0,,,
1304,1.5960,-0.1100,0.1952,2.962,good,0.000,1.99,0,0,0,0,4.71,3,0.0,,,
1306,1.5960,-0.1088,-0.1332,2.943,good,0.002,2.62,0,0,0,0,4.70,3,0.0,,,
1308,1.6000,-0.1130,0.2124,3.000,good,0.082,2.87,0,0,0,0,-2.18,3,0.0,,,
1310,1.6000,-0.1178,0.1655,2.996,good,0.002,2.86,0,0,0,0,-0.55,2,0.0,,,
1311,1.6000,-0.1170,0.0388,2.976,good,0.000,2.01,0,0,0,0,-0.37,2,0.0,,,
1309,1.6040,-0.1118,-0.1028,2.995,good,0.014,2.91,0,0,0,0,-8.70,3,0.0,,,
1312,1.6080,-0.1139,0.1848,2.856,good,0.029,3.01,0,0,0,0,-1.34,3,0.0,,,
1313,1.6080,-0.1126,0.1204,2.994,good,0.000,3.14,0,0,0,0,-5.28,3,0.0,,,
1320,1.6080,-0.1171,-0.0213,3.007,good,0.000,2.74,0,0,0,0,-4.15,2,0.0,,,
1314,1.6120,-0.1119,0.1675,2.972,good,0.001,2.65,0,0,0,0,-9.45,3,0.0,,,
1315,1.6120,-0.1113,0.0871,3.232,good,0.000,3.26,0,0,0,0,-15.45,3,0.0,,,
1316,1.6120,-0.1105,0.1483,2.994,black,1.000,57.26,1,0,0,1,-10.56,3,3.2,50|51,1326,
1317,1.6120,-0.1094,0.2048,3.003,good,0.000,2.46,0,0,0,0,-11.20,3,0.0,,,
1318,1.6120,-0.1086,-0.1979,2.997,good,0.038,3.67,0,0,0,0,-11.37,3,0.0,,,
1319,1.6120,-0.1087,-0.0118,2.998,good,0.002,4.27,0,0,0,0,-11.40,3,0.0,,,
1322,1.6120,-0.1165,-0.0786,2.949,good,0.451,7.71,0,0,0,0,-7.61,2,0.0,,,
1321,1.6160,-0.1135,-0.2113,3.259,good,0.000,1.78,0,0,0,0,-14.37,3,0.0,,,
1327,1.6160,-0.1190,0.0727,2.986,good,0.001,2.19,0,0,0,0,-6.59,2,0.0,,,
1328,1.6160,-0.1177,-0.1952,2.994,good,0.000,3.02,0,0,0,0,-7.26,2,0.0,,,
1329,1.6160,-0.1177,0.1739,2.986,good,0.009,2.37,0,0,0,0,-7.11,2,0.0,,,
1323,1.6200,-0.1120,-0.0817,3.014,good,0.000,3.64,0,0,0,0,2.58,3,0.0,,,
1324,1.6200,-0.1140,-0.0667,2.832,good,0.000,2.63,0,0,0,0,7.77,3,0.0,,,
1325,1.6200,-0.1123,-0.0527,2.998,black,1.000,49.12,1,1,1,0,2.94,3,3.2,25,1304,
1326,1.6200,-0.1111,0.1308,2.998,good,0.000,4.41,0,0,0,0,2.48,3,0.0,,,
1331,1.6200,-0.1182,0.1012,3.013,faded,1.000,4.77,1,1,1,0,4.44,2,3.2,44|45,1309,1309
1332,1.6200,-0.1167,0.0723,3.066,good,0.000,2.05,0,0,0,0,2.66,2,0.0,,,
1330,1.6240,-0.1093,0.0648,2.866,good,0.122,2.94,0,0,0,0,-4.09,3,0.0,,,
1335,1.6240,-0.1181,-0.1138,2.999,good,0.001,3.04,0,0,0,0,-4.46,2,0.0,,,
1333,1.6280,-0.1125,-0.0010,2.997,good,0.000,4.21,0,0,0,0,-7.68,3,0.0,,,
1334,1.6280,-0.1105,-0.0524,3.003,good,0.000,2.13,0,0,0,0,-8.52,3,0.0,,,
1338,1.6280,-0.1188,0.1609,3.001,good,0.000,2.54,0,0,0,0,-5.75,2,0.0,,,
1339,1.6280,-0.1160,-0.0950,3.006,black,1.000,50.28,1,0,0,1,-6.89,2,3.2,19|20,1339,
1336,1.6320,-0.1121,-0.0019,3.286,good,0.000,2.16,0,0,0,0,-14.97,3,0.0,,,
1337,1.6320,-0.1101,0.0735,3.003,good,0.000,2.35,0,0,0,0,-9.62,3,0.0,,,
1344,1.6320,-0.1187,-0.1725,3.214,good,0.001,2.91,0,0,0,0,-11.57,2,0.0,,,
1340,1.6360,-0.1141,-0.1854,2.997,good,0.003,2.59,0,0,0,0,-6.97,3,0.0,,,
1341,1.6360,-0.1103,0.1975,2.990,good,0.000,3.01,0,0,0,0,-8.11,3,0.0,,,
1342,1.6360,-0.1089,0.0794,3.014,good,0.000,3.87,0,0,0,0,-9.19,3,0.0,,,
1343,1.6360,-0.1092,-0.2404,2.834,good,0.001,3.63,0,0,0,0,-4.71,3,0.0,,,
1348,1.6360,-0.1194,0.1066,2.995,good,0.001,1.80,0,0,0,0,-5.31,2,0.0,,,
1349,1.6360,-0.1171,0.0570,3.000,good,0.000,2.48,0,0,0,0,-6.24,2,0.0,,,
1350,1.6360,-0.1168,-0.1043,3.035,good,0.000,2.34,0,0,0,0,-7.21,2,0.0,,,
1351,1.6360,-0.1164,0.1637,2.992,good,0.000,1.87,0,0,0,0,-6.34,2,0.0,,,
1345,1.6400,-0.1105,-0.2168,2.993,good,0.008,2.35,0,0,0,0,-7.11,3,0.0,,,
1346,1.6400,-0.1097,-0.2046,2.965,good,0.031,2.99,0,0,0,0,-6.80,3,0.0,,,
1347,1.6400,-0.1098,-0.0180,3.000,sour,1.000,16.38,1,0,0,1,-7.61,3,3.2,29,1343,
1355,1.6400,-0.1195,-0.0504,2.930,good,0.002,2.62,0,0,0,0,-2.71,2,0.0,,,
1356,1.6400,-0.1118,0.1040,3.450,good,0.000,7.66,0,0,0,0,-16.29,2,0.0,,,
1352,1.6440,-0.1163,0.1760,2.916,good,0.000,3.99,0,0,0,0,-1.42,3,0.0,,,
1353,1.6440,-0.1133,0.0319,3.025,good,0.000,2.90,0,0,0,0,-5.16,3,0.0,,,
1354,1.6440,-0.1116,-0.1345,2.999,good,0.000,2.29,0,0,0,0,-5.13,3,0.0,,,
1360,1.6440,-0.1180,-0.2092,2.997,good,0.000,2.45,0,0,0,0,-3.01,2,0.0,,,
1357,1.6480,-0.1146,0.1006,3.033,good,0.000,2.61,0,0,0,0,-2.12,3,0.0,,,
1358,1.6480,-0.1130,-0.0480,2.996,faded,0.507,3.19,1,1,1,0,-1.86,3,3.2,25|26,1359,1359
1359,1.6480,-0.1098,-0.1724,2.995,good,0.000,2.48,0,0,0,0,-2.97,3,0.0,,,
1362,1.6480,-0.1154,0.0733,3.013,good,0.052,3.22,0,0,0,0,-1.57,2,0.0,,,
1361,1.6520,-0.1102,0.2084,2.995,good,0.002,3.43,0,0,0,0,-3.88,3,0.0,,,
1363,1.6560,-0.1115,-0.0837,2.972,good,0.003,4.44,0,0,0,0,-1.34,3,0.0,,,
1364,1.6560,-0.1090,0.0249,2.962,good,0.000,4.15,0,0,0,0,-2.01,3,0.0,,,
1365,1.6560,-0.1184,-0.1815,2.999,faded,0.999,4.31,1,1,1,0,0.17,2,3.2,8,1345,1345
1366,1.6560,-0.1169,0.1710,3.130,shell,0.548,5.40,1,0,0,1,-3.39,2,2.4,53|54,1361,
1367,1.6560,-0.1162,0.0556,3.023,good,0.010,3.22,0,0,0,0,-1.25,2,0.0,,,
1368,1.6640,-0.1148,-0.0175,3.008,good,0.001,3.75,0,0,0,0,-5.79,3,0.0,,,
1369,1.6640,-0.1155,0.1086,2.707,good,0.009,2.89,0,0,0,0,2.37,3,0.0,,,
1372,1.6640,-0.1167,0.0837,3.003,good,0.000,1.81,0,0,0,0,-5.15,2,0.0,,,
1370,1.6680,-0.1065,-0.2254,3.450,good,0.000,2.20,0,0,0,0,-14.68,3,0.0,,,
1371,1.6680,-0.1203,0.2284,3.065,good,0.000,2.85,0,0,0,0,-6.72,2,0.0,,,
1377,1.6680,-0.1162,-0.0005,2.984,good,0.000,2.68,0,0,0,0,-2.16,2,0.0,,,
1380,1.6680,-0.1080,0.2324,3.000,good,0.000,3.50,0,0,0,0,-5.31,1,0.0,,,
1373,1.6720,-0.1164,-0.2199,2.996,good,0.016,2.72,0,0,0,0,-3.06,3,0.0,,,
1374,1.6720,-0.1143,0.0383,3.182,faded,0.999,3.93,1,0,0,1,-8.01,3,3.2,36|37,1382,
1375,1.6720,-0.1104,0.0629,3.014,good,0.001,3.45,0,0,0,0,-5.58,3,0.0,,,
1376,1.6720,-0.1085,-0.1180,3.001,good,0.001,1.67,0,0,0,0,-5.97,3,0.0,,,
1379,1.6720,-0.1159,-0.1114,2.956,good,0.004,1.61,0,0,0,0,-2.43,2,0.0,,,
1378,1.6760,-0.1123,0.1554,3.418,good,0.012,2.88,0,0,0,0,-13.60,3,0.0,,,
1384,1.6760,-0.1191,-0.1098,3.011,good,0.001,3.23,0,0,0,0,-3.02,2,0.0,,,
1385,1.6760,-0.1157,0.1653,3.003,good,0.003,2.49,0,0,0,0,-3.97,2,0.0,,,
1381,1.6800,-0.1108,-0.0438,3.013,good,0.000,3.39,0,0,0,0,-9.97,3,0.0,,,
1382,1.6800,-0.1098,0.1867,3.005,insect,1.000,7.07,1,0,0,1,-10.15,3,3.1,55|56,1372,
1383,1.6800,-0.1087,0.0205,3.002,good,0.000,2.29,0,0,0,0,-10.52,3,0.0,,,
1389,1.6800,-0.1171,-0.2257,3.000,black,1.000,52.03,1,0,0,1,-7.73,2,3.2,3|2,1362,
1390,1.6800,-0.1168,0.1117,2.945,good,0.000,3.20,0,0,0,0,-6.55,2,0.0,,,
1386,1.6840,-0.1176,-0.0029,2.754,good,0.001,2.34,0,0,0,0,0.72,3,0.0,,,
1387,1.6840,-0.1152,-0.1152,2.996,good,0.000,2.29,0,0,0,0,-6.53,3,0.0,,,
1388,1.6840,-0.1100,-0.0371,3.153,good,0.005,5.95,0,0,0,0,-11.80,3,0.0,,,
1394,1.6840,-0.1196,-0.0142,2.839,sour,1.000,14.69,1,1,1,0,-1.12,2,3.2,30|29,1393,
1395,1.6840,-0.1160,-0.2305,3.115,good,0.009,2.67,0,0,0,0,-9.19,2,0.0,,,
1391,1.6880,-0.1122,0.1291,3.440,good,0.000,3.05,0,0,0,0,-15.93,3,0.0,,,
1392,1.6880,-0.1140,0.1462,3.109,good,0.000,1.83,0,0,0,0,-8.85,3,0.0,,,
1393,1.6880,-0.1086,-0.2085,3.037,good,0.000,3.02,0,0,0,0,-9.03,3,0.0,,,
1397,1.6880,-0.1143,0.0296,3.178,black,1.000,46.24,1,0,0,1,-10.33,2,3.2,35,1375,
1396,1.6920,-0.1150,-0.1250,3.064,good,0.000,2.16,0,0,0,0,-6.15,3,0.0,,,
1399,1.6920,-0.1185,-0.1607,3.018,good,0.045,8.74,0,0,0,0,-4.02,2,0.0,,,
1400,1.6920,-0.1150,-0.1790,3.295,good,0.000,1.94,0,0,0,0,-11.21,2,0.0,,,
1401,1.6920,-0.1168,-0.0028,3.010,good,0.153,3.23,0,0,0,0,-4.48,2,0.0,,,
1402,1.6920,-0.1167,0.0750,2.971,good,0.000,3.24,0,0,0,0,-3.60,2,0.0,,,
1398,1.6960,-0.1153,0.2047,3.013,good,0.000,1.97,0,0,0,0,-8.83,3,0.0,,,
1405,1.6960,-0.1164,0.2349,3.040,good,0.001,2.50,0,0,0,0,-9.19,2,0.0,,,
1403,1.7000,-0.1125,0.1014,2.990,good,0.000,3.08,0,0,0,0,-5.19,3,0.0,,,
1404,1.7000,-0.1114,-0.2129,2.999,good,0.001,3.08,0,0,0,0,-5.82,3,0.0,,,
1409,1.7000,-0.1171,0.2369,2.983,good,0.000,2.22,0,0,0,0,-3.58,2,0.0,,,
1406,1.7040,-0.1145,0.1012,3.000,good,0.012,2.61,0,0,0,0,-3.38,3,0.0,,,
1407,1.7040,-0.1116,-0.2346,2.988,good,0.002,2.89,0,0,0,0,-4.13,3,0.0,,,
1408,1.7040,-0.1161,-0.0420,2.126,good,0.150,3.97,0,0,0,0,26.70,3,0.0,,,
1412,1.7040,-0.1183,-0.1235,3.017,good,0.000,1.85,0,0,0,0,-2.65,2,0.0,,,
1413,1.7040,-0.1183,0.0271,2.937,black,1.000,61.59,1,1,1,0,-0.71,2,3.2,35,1398,1398
1414,1.7040,-0.1156,0.1745,3.085,faded,1.000,6.00,1,0,0,1,-5.22,2,3.2,54,1419,
1410,1.7080,-0.1155,0.0974,3.103,good,0.008,3.97,0,0,0,0,-3.59,3,0.0,,,
1411,1.7080,-0.1098,0.0372,3.007,good,0.000,7.60,0,0,0,0,-3.31,3,0.0,,,
1420,1.7080,-0.1076,-0.0450,3.000,good,0.103,3.72,0,0,0,0,-3.91,1,0.0,,,
1415,1.7120,-0.1180,0.0374,2.548,good,0.001,3.00,0,0,0,0,6.05,3,0.0,,,
1416,1.7120,-0.1162,-0.0160,3.006,good,0.000,3.41,0,0,0,0,-7.64,3,0.0,,,
1417,1.7120,-0.1147,0.1483,2.985,good,0.002,3.93,0,0,0,0,-7.69,3,0.0,,,
1418,1.7120,-0.1195,-0.0404,3.346,good,0.000,2.16,0,0,0,0,-14.06,2,0.0,,,
1419,1.7120,-0.1176,0.1054,3.037,faded,1.000,4.66,1,0,0,1,-8.05,2,3.2,45,1399,
1424,1.7160,-0.1176,-0.1627,3.002,good,0.000,2.55,0,0,0,0,-8.00,2,0.0,,,
1425,1.7160,-0.1145,0.0976,3.315,good,0.001,3.98,0,0,0,0,-15.84,2,0.0,,,
1421,1.7200,-0.1124,-0.0711,3.386,good,0.001,2.49,0,0,0,0,-16.38,3,0.0,,,
1422,1.7200,-0.1123,-0.1019,2.912,good,0.000,2.03,0,0,0,0,-6.26,3,0.0,,,
1423,1.7200,-0.1088,0.0566,3.329,good,0.000,2.96,0,0,0,0,-16.48,3,0.0,,,
1431,1.7200,-0.1191,-0.1263,2.999,good,0.000,2.46,0,0,0,0,-6.20,2,0.0,,,
1432,1.7200,-0.1147,0.1857,3.143,good,0.002,4.93,0,0,0,0,-10.96,2,0.0,,,
1426,1.7240,-0.1155,-0.1623,3.068,good,0.000,1.82,0,0,0,0,-7.05,3,0.0,,,
1427,1.7240,-0.1133,-0.0471,3.002,black,1.000,46.67,1,0,0,1,-6.28,3,3.2,25|26,1411,
1428,1.7240,-0.1134,0.1311,3.008,good,0.001,2.16,0,0,0,0,-6.47,3,0.0,,,
1429,1.7240,-0.1133,-0.1796,2.809,good,0.000,7.33,0,0,0,0,-1.53,3,0.0,,,
1430,1.7240,-0.1115,-0.0981,3.000,good,0.001,1.79,0,0,0,0,-7.01,3,0.0,,,
1433,1.7280,-0.1134,-0.0169,3.010,good,0.000,4.54,0,0,0,0,-6.30,3,0.0,,,
1434,1.7280,-0.1136,0.1386,2.950,good,0.000,2.64,0,0,0,0,-4.86,3,0.0,,,
1435,1.7280,-0.1375,0.2111,3.000,good,0.001,5.03,0,0,0,0,-6.11,1,0.0,,,
1436,1.7320,-0.1128,-0.0014,2.987,good,0.000,2.63,0,0,0,0,-4.45,3,0.0,,,
1437,1.7320,-0.1088,-0.0201,3.315,good,0.000,1.74,0,0,0,0,-12.75,3,0.0,,,
1438,1.7320,-0.1325,0.2088,3.000,good,0.001,5.15,0,0,0,0,-6.24,1,0.0,,,
1441,1.7320,-0.1180,-0.2071,3.017,good,0.000,3.86,0,0,0,0,-3.52,2,0.0,,,
1442,1.7320,-0.1276,0.2066,3.000,good,0.000,5.01,0,0,0,0,-3.94,1,0.0,,,
1439,1.7360,-0.1130,0.2218,3.018,good,0.009,3.34,0,0,0,0,-7.37,3,0.0,,,
1440,1.7360,-0.1120,0.0055,3.024,good,0.000,2.94,0,0,0,0,-7.93,3,0.0,,,
1444,1.7360,-0.1196,0.2004,3.226,good,0.010,5.47,0,0,0,0,-9.98,2,0.0,,,
1445,1.7360,-0.1195,-0.1042,2.985,good,0.000,1.89,0,0,0,0,-4.56,2,0.0,,,
1446,1.7360,-0.1177,0.0978,2.987,good,0.000,2.41,0,0,0,0,-5.26,2,0.0,,,
1447,1.7360,-0.1226,0.2044,3.000,good,0.000,5.11,0,0,0,0,-7.94,1,0.0,,,
1443,1.7400,-0.1139,0.0483,3.160,broken,1.000,8.95,1,0,0,1,-11.35,3,2.4,38|37,1428,
1451,1.7400,-0.1196,0.1354,3.000,good,0.078,6.79,0,0,0,0,-5.93,2,0.0,,,
1453,1.7400,-0.1188,-0.1235,3.029,good,0.000,4.87,0,0,0,0,-6.91,2,0.0,,,
1448,1.7440,-0.1160,0.1933,3.046,good,0.001,4.26,0,0,0,0,-9.59,3,0.0,,,
1449,1.7440,-0.1148,0.1755,3.011,husk,1.000,18.11,1,0,0,1,-9.23,3,2.4,54,1455,
1450,1.7440,-0.1107,-0.0077,3.006,good,0.001,2.35,0,0,0,0,-10.53,3,0.0,,,
1452,1.7440,-0.1102,0.1836,3.046,good,0.000,3.01,0,0,0,0,-11.66,3,0.0,,,
1456,1.7440,-0.1179,-0.1635,3.002,good,0.000,2.90,0,0,0,0,-8.14,2,0.0,,,
1463,1.7440,-0.1077,0.1976,3.000,good,0.001,3.80,0,0,0,0,-11.47,1,0.0,,,
1454,1.7480,-0.1175,-0.1861,2.804,good,0.000,2.42,0,0,0,0,-0.62,3,0.0,,,
1455,1.7480,-0.1134,-0.0921,2.899,good,0.000,1.98,0,0,0,0,-4.66,3,0.0,,,
1462,1.7480,-0.1128,-0.1714,3.396,good,0.006,2.33,0,0,0,0,-15.66,2,0.0,,,
1457,1.7520,-0.1130,-0.0773,3.233,black,1.000,48.59,1,0,0,1,-11.86,3,3.2,22|21,1460,
1458,1.7520,-0.1133,-0.2039,2.987,good,0.000,2.78,0,0,0,0,-6.41,3,0.0,,,
1459,1.7520,-0.1106,0.1185,2.978,good,0.010,6.74,0,0,0,0,-7.11,3,0.0,,,
1460,1.7520,-0.1117,-0.0175,2.979,good,0.006,4.66,0,0,0,0,-6.87,3,0.0,,,
1461,1.7520,-0.1097,0.0222,3.177,good,0.001,3.67,0,0,0,0,-11.94,3,0.0,,,
1466,1.7520,-0.1175,-0.1156,3.002,good,0.000,3.40,0,0,0,0,-5.53,2,0.0,,,
1464,1.7560,-0.1139,-0.1185,3.043,good,0.000,2.75,0,0,0,0,-7.27,3,0.0,,,
1465,1.7560,-0.1107,0.0694,3.074,good,0.012,16.21,0,0,0,0,-9.10,3,0.0,,,
1467,1.7560,-0.1197,0.0849,3.024,good,0.000,2.63,0,0,0,0,-5.03,2,0.0,,,
1468,1.7560,-0.1187,0.2088,3.006,good,0.009,2.32,0,0,0,0,-4.98,2,0.0,,,
1469,1.7560,-0.1174,-0.0350,2.998,good,0.000,3.76,0,0,0,0,-5.23,2,0.0,,,
1471,1.7600,-0.1170,-0.0524,3.110,faded,0.999,4.36,1,1,1,0,2.96,2,3.2,25,1461,1461
1470,1.7640,-0.1139,0.1373,3.066,good,0.002,2.79,0,0,0,0,-6.23,3,0.0,,,
1475,1.7640,-0.1196,-0.0221,2.955,good,0.008,3.46,0,0,0,0,-1.72,2,0.0,,,
1476,1.7640,-0.1172,-0.1730,3.039,good,0.003,3.61,0,0,0,0,-4.61,2,0.0,,,
1472,1.7680,-0.1363,-0.2018,3.000,good,0.006,3.00,0,0,0,0,-6.59,1,0.0,,,
1473,1.7680,-0.1348,-0.2107,3.000,good,0.000,2.39,0,0,0,0,-7.10,1,0.0,,,
1474,1.7680,-0.1096,0.0297,2.966,good,0.001,2.53,0,0,0,0,-6.83,3,0.0,,,
1477,1.7680,-0.1087,0.1614,2.880,good,0.000,2.36,0,0,0,0,-5.07,3,0.0,,,
1478,1.7680,-0.1155,0.1837,3.005,good,0.000,3.09,0,0,0,0,-5.85,2,0.0,,,
1479,1.7680,-0.1108,-0.2065,3.087,good,0.011,7.51,0,0,0,0,-9.35,2,0.0,,,
1482,1.7720,-0.1162,-0.1261,2.993,good,0.000,2.23,0,0,0,0,-2.98,2,0.0,,,
1480,1.7760,-0.1118,-0.0015,3.093,good,0.000,2.14,0,0,0,0,-8.38,3,0.0,,,
1481,1.7760,-0.1096,0.0640,3.008,good,0.000,2.48,0,0,0,0,-7.24,3,0.0,,,
1484,1.7760,-0.1186,-0.0468,3.004,good,0.000,2.75,0,0,0,0,-4.24,2,0.0,,,
1485,1.7760,-0.1164,0.0977,3.119,good,0.000,2.22,0,0,0,0,-7.65,2,0.0,,,
1486,1.7760,-0.1167,-0.1309,2.985,black,1.000,49.01,1,0,0,1,-4.47,2,3.2,15,1474,
1483,1.7800,-0.1156,0.0526,2.669,good,0.345,3.01,0,0,0,0,3.56,3,0.0,,,
1489,1.7800,-0.1197,-0.1424,2.775,stone,0.992,14.03,1,1,1,0,1.88,2,9.0,13|14|12,1520,
1487,1.7840,-0.1140,-0.0354,2.996,good,0.001,2.36,0,0,0,0,-6.10,3,0.0,,,
1488,1.7840,-0.1120,-0.1798,3.007,good,0.079,2.64,0,0,0,0,-7.09,3,0.0,,,
1493,1.7840,-0.1185,-0.1885,3.013,good,0.000,2.64,0,0,0,0,-5.15,2,0.0,,,
1494,1.7840,-0.1197,-0.1684,2.788,good,0.000,2.34,0,0,0,0,1.10,2,0.0,,,
1495,1.7840,-0.1185,0.1323,3.310,good,0.000,2.68,0,0,0,0,-11.71,2,0.0,,,
1499,1.7840,-0.1068,0.0497,3.000,good,0.051,3.37,0,0,0,0,-8.79,1,0.0,,,
1490,1.7880,-0.1148,-0.0766,3.038,insect,1.000,5.45,1,0,0,1,-6.99,3,3.1,22|21,1493,
1491,1.7880,-0.1118,-0.2282,2.973,good,0.078,4.62,0,0,0,0,-6.55,3,0.0,,,
1492,1.7880,-0.1128,0.0494,3.001,good,0.000,2.09,0,0,0,0,-6.93,3,0.0,,,
1498,1.7880,-0.1187,-0.1596,2.995,good,0.001,2.80,0,0,0,0,-4.86,2,0.0,,,
1496,1.7920,-0.1149,0.0494,2.965,good,0.068,3.15,0,0,0,0,-5.59,3,0.0,,,
1497,1.7920,-0.1122,0.2210,2.999,good,0.000,2.02,0,0,0,0,-7.34,3,0.0,,,
1500,1.7960,-0.1158,0.1269,2.989,good,0.002,1.87,0,0,0,0,-4.12,3,0.0,,,
1501,1.7960,-0.1124,-0.1352,3.013,good,0.000,2.72,0,0,0,0,-5.89,3,0.0,,,
1502,1.7960,-0.1125,-0.2287,3.015,good,0.010,3.09,0,0,0,0,-5.91,3,0.0,,,
1503,1.7960,-0.1104,0.0393,2.645,sour,1.000,16.16,1,1,1,0,3.10,3,3.2,37|36,1486,
1507,1.7960,-0.1164,0.1536,2.994,good,0.001,1.59,0,0,0,0,-4.26,2,0.0,,,
1511,1.7960,-0.1030,0.0524,3.000,good,0.171,2.94,0,0,0,0,-8.87,1,0.0,,,
1504,1.8000,-0.1145,-0.0769,2.990,good,0.001,1.81,0,0,0,0,-7.85,3,0.0,,,
1505,1.8000,-0.1116,0.0143,2.975,good,0.007,2.94,0,0,0,0,-8.52,3,0.0,,,
1506,1.8000,-0.1088,-0.0187,3.247,good,0.000,5.16,0,0,0,0,-15.39,3,0.0,,,
1508,1.8040,-0.1146,0.1301,3.004,good,0.000,2.19,0,0,0,0,-6.48,3,0.0,,,
1509,1.8040,-0.1130,-0.2020,3.011,good,0.000,2.08,0,0,0,0,-7.25,3,0.0,,,
1510,1.8040,-0.1115,0.0323,2.939,broken,1.000,6.85,1,0,0,1,-6.04,3,2.4,36|35,1504,
1517,1.8040,-0.1143,-0.0615,3.314,faded,0.966,3.61,1,0,0,1,-13.42,2,3.2,24|23,1503,
1512,1.8080,-0.1120,0.2176,2.996,good,0.001,5.26,0,0,0,0,-6.53,3,0.0,,,
1513,1.8080,-0.1107,-0.1549,3.065,good,0.000,2.01,0,0,0,0,-8.62,3,0.0,,,
1514,1.8080,-0.1105,-0.0973,3.006,good,0.000,3.38,0,0,0,0,-7.40,3,0.0,,,
1515,1.8080,-0.1110,-0.1301,3.017,insect,1.000,3.88,1,0,0,1,-7.53,3,3.1,15,1522,
1516,1.8080,-0.1091,-0.0711,3.012,good,0.004,2.31,0,0,0,0,-8.08,3,0.0,,,
1520,1.8080,-0.1185,0.0126,3.450,good,0.000,3.77,0,0,0,0,-14.22,2,0.0,,,
1521,1.8080,-0.1180,0.1703,2.962,good,0.000,5.15,0,0,0,0,-3.98,2,0.0,,,
1522,1.8080,-0.1171,-0.2354,2.949,good,0.000,2.20,0,0,0,0,-3.99,2,0.0,,,
1528,1.8080,-0.0998,0.0354,3.000,broken,1.000,7.19,1,0,0,1,-11.02,1,2.4,36,1504,
1518,1.8120,-0.1390,0.2359,3.000,good,0.062,3.24,0,0,0,0,-6.23,1,0.0,,,
1519,1.8120,-0.1137,-0.1106,2.740,good,0.342,5.76,0,0,0,0,-0.05,3,0.0,,,
1523,1.8120,-0.1168,0.2382,3.450,good,0.045,8.54,0,0,0,0,-15.22,2,0.0,,,
1526,1.8120,-0.1196,-0.1452,2.980,good,0.232,2.59,0,0,0,0,-4.42,2,0.0,,,
1527,1.8120,-0.1170,-0.0589,2.940,good,0.000,2.77,0,0,0,0,-4.33,2,0.0,,,
1524,1.8160,-0.1096,0.2072,3.040,good,0.000,1.96,0,0,0,0,-7.33,3,0.0,,,
1525,1.8160,-0.1082,0.0896,3.132,good,0.000,1.68,0,0,0,0,-9.85,3,0.0,,,
1531,1.8160,-0.1178,0.0258,2.903,good,0.231,3.83,0,0,0,0,-1.35,2,0.0,,,
1529,1.8200,-0.1157,-0.0664,2.993,good,0.000,2.81,0,0,0,0,-4.42,3,0.0,,,
1530,1.8200,-0.1108,0.0042,2.965,good,0.352,3.35,0,0,0,0,-5.46,3,0.0,,,
1532,1.8240,-0.1151,0.0298,2.782,faded,0.724,3.47,1,1,1,0,-0.57,3,3.2,35|36,1508,
1533,1.8240,-0.1136,-0.1810,2.906,good,0.012,5.57,0,0,0,0,-4.46,3,0.0,,,
1534,1.8240,-0.1104,0.0222,2.994,good,0.000,2.77,0,0,0,0,-7.75,3,0.0,,,
1539,1.8240,-0.1190,0.2248,3.005,good,0.140,3.52,0,0,0,0,-5.18,2,0.0,,,
1540,1.8240,-0.1152,-0.2109,3.000,sour,1.000,16.53,1,0,0,1,-6.34,2,3.2,5|4,1515,
1535,1.8280,-0.1124,-0.2323,2.997,good,0.005,2.78,0,0,0,0,-8.18,3,0.0,,,
1536,1.8280,-0.1112,0.1161,3.001,good,0.000,2.65,0,0,0,0,-8.72,3,0.0,,,
1537,1.8280,-0.1100,-0.0710,3.015,good,0.001,2.58,0,0,0,0,-9.50,3,0.0,,,
1538,1.8280,-0.1087,-0.0594,2.983,good,0.001,2.41,0,0,0,0,-9.23,3,0.0,,,
1543,1.8280,-0.1200,0.0817,3.096,good,0.001,3.58,0,0,0,0,-8.18,2,0.0,,,
1544,1.8280,-0.1189,-0.0103,2.992,good,0.027,3.23,0,0,0,0,-6.09,2,0.0,,,
1545,1.8280,-0.1182,-0.1166,2.989,good,0.013,3.05,0,0,0,0,-6.27,2,0.0,,,
1541,1.8320,-0.1143,-0.2046,3.001,insect,1.000,3.02,1,1,1,0,4.51,3,3.1,5|6,1527,1527
1542,1.8320,-0.1092,0.1536,2.984,good,0.007,6.41,0,0,0,0,3.14,3,0.0,,,
1549,1.8320,-0.1294,0.1762,3.000,good,0.044,3.71,0,0,0,0,5.49,1,0.0,,,
1552,1.8320,-0.1143,0.1787,3.000,good,0.087,3.70,0,0,0,0,4.44,1,0.0,,,
1546,1.8360,-0.1127,-0.0109,2.998,good,0.000,2.40,0,0,0,0,-4.82,3,0.0,,,
1547,1.8360,-0.1127,0.1914,3.002,good,0.487,4.46,0,0,0,0,-4.98,3,0.0,,,
1548,1.8360,-0.1071,0.0171,3.450,good,0.009,2.50,0,0,0,0,-15.88,3,0.0,,,
1550,1.8400,-0.1141,0.0866,2.807,good,0.000,2.17,0,0,0,0,-1.06,3,0.0,,,
1551,1.8400,-0.1144,0.1012,2.370,good,0.001,3.03,0,0,0,0,13.06,3,0.0,,,
1555,1.8400,-0.1179,0.1412,3.256,good,0.006,3.37,0,0,0,0,-10.55,2,0.0,,,
1553,1.8440,-0.1120,0.1719,2.887,good,0.417,16.91,0,0,0,0,-4.34,3,0.0,,,
1554,1.8440,-0.1138,-0.1906,2.664,good,0.057,4.31,0,0,0,0,2.45,3,0.0,,,
1557,1.8440,-0.1210,-0.1956,3.000,faded,0.996,4.84,1,0,0,1,-8.17,1,3.2,6|7,,
1562,1.8440,-0.1093,-0.1989,3.000,faded,0.995,4.65,1,0,0,1,-8.10,1,3.2,6,1524,
1556,1.8480,-0.1139,-0.1658,2.974,sour,1.000,16.87,1,0,0,1,-5.25,3,3.2,10,1570,
1561,1.8480,-0.1198,0.0528,3.053,good,0.000,2.12,0,0,0,0,-5.24,2,0.0,,,
1558,1.8520,-0.1133,0.0780,3.064,good,0.008,3.03,0,0,0,0,-9.17,3,0.0,,,
1559,1.8520,-0.1147,-0.0536,2.640,good,0.000,4.08,0,0,0,0,2.47,3,0.0,,,
1560,1.8520,-0.1116,0.1905,3.000,broken,0.936,3.75,1,0,0,1,-8.34,3,2.4,56,1561,
1565,1.8520,-0.1194,-0.1166,3.001,good,0.000,2.79,0,0,0,0,-5.82,2,0.0,,,
1566,1.8520,-0.1138,-0.2144,3.450,good,0.000,5.07,0,0,0,0,-17.01,2,0.0,,,
1563,1.8560,-0.1181,-0.1638,2.676,good,0.000,2.43,0,0,0,0,4.79,3,0.0,,,
1564,1.8560,-0.1116,0.2417,3.002,good,0.002,3.79,0,0,0,0,-6.25,3,0.0,,,
1568,1.8560,-0.1186,0.0160,2.987,good,0.000,4.50,0,0,0,0,-3.62,2,0.0,,,
1569,1.8560,-0.1157,-0.0806,2.991,good,0.000,3.00,0,0,0,0,-4.73,2,0.0,,,
1576,1.8560,-0.1041,-0.0567,3.000,good,0.001,4.15,0,0,0,0,-8.83,1,0.0,,,
1567,1.8600,-0.1091,0.1608,2.738,good,0.000,2.21,0,0,0,0,-2.49,3,0.0,,,
1574,1.8600,-0.1199,-0.2240,2.853,good,0.010,6.45,0,0,0,0,-1.83,2,0.0,,,
1575,1.8600,-0.1144,-0.0948,3.450,good,0.001,2.95,0,0,0,0,-16.82,2,0.0,,,
1570,1.8640,-0.1156,0.1894,3.019,good,0.000,2.44,0,0,0,0,-5.28,3,0.0,,,
1571,1.8640,-0.1106,-0.0834,2.997,good,0.000,2.37,0,0,0,0,-6.44,3,0.0,,,
1572,1.8640,-0.1095,0.1513,2.990,good,0.000,2.54,0,0,0,0,-6.71,3,0.0,,,
1573,1.8640,-0.1106,-0.0307,2.995,good,0.009,2.93,0,0,0,0,-6.49,3,0.0,,,
1577,1.8680,-0.1129,-0.0631,2.999,good,0.000,3.13,0,0,0,0,-7.30,3,0.0,,,
1578,1.8680,-0.1122,0.0330,3.194,insect,1.000,4.75,1,0,0,1,-11.93,3,3.1,36,1610,
1579,1.8680,-0.1159,-0.1686,2.998,good,0.000,4.80,0,0,0,0,-6.39,2,0.0,,,
1583,1.8720,-0.1189,0.0955,2.996,good,0.000,2.45,0,0,0,0,-5.64,2,0.0,,,
1584,1.8720,-0.1163,0.0574,2.971,good,0.201,3.86,0,0,0,0,-5.98,2,0.0,,,
1585,1.8720,-0.1160,-0.1896,3.009,good,0.002,1.50,0,0,0,0,-7.04,2,0.0,,,
1586,1.8720,-0.1167,0.1544,2.972,good,0.001,3.39,0,0,0,0,-5.94,2,0.0,,,
1580,1.8760,-0.1159,0.1103,3.007,black,1.000,51.03,1,0,0,1,-7.62,3,3.2,46|45,1580,
1581,1.8760,-0.1127,0.2012,2.979,good,0.017,2.80,0,0,0,0,-8.10,3,0.0,,,
1582,1.8760,-0.1081,-0.2335,2.998,good,0.000,2.27,0,0,0,0,-10.13,3,0.0,,,
1587,1.8800,-0.1146,0.2328,3.002,good,0.404,5.40,0,0,0,0,-7.46,3,0.0,,,
1588,1.8800,-0.1146,0.0820,2.998,good,0.000,2.69,0,0,0,0,-7.40,3,0.0,,,
1589,1.8800,-0.1093,-0.0401,3.000,good,0.000,3.24,0,0,0,0,-9.27,3,0.0,,,
1594,1.8800,-0.1190,-0.0859,2.978,good,0.000,7.05,0,0,0,0,-5.55,2,0.0,,,
1595,1.8800,-0.1138,-0.2017,3.176,good,0.000,2.92,0,0,0,0,-11.80,2,0.0,,,
1596,1.8800,-0.1145,-0.1921,2.995,insect,1.000,5.42,1,0,0,1,-7.54,2,3.1,7,1597,
1590,1.8840,-0.1154,0.0161,2.673,good,0.001,2.08,0,0,0,0,11.44,3,0.0,,,
1591,1.8840,-0.1148,0.0769,2.889,good,0.001,2.48,0,0,0,0,5.15,3,0.0,,,
1592,1.8840,-0.1162,-0.0586,2.396,good,0.000,2.72,0,0,0,0,20.98,3,0.0,,,
1593,1.8840,-0.1085,-0.1073,3.000,good,0.000,2.63,0,0,0,0,0.22,3,0.0,,,
1597,1.8840,-0.1272,0.1697,3.000,good,0.002,3.62,0,0,0,0,2.46,1,0.0,,,
1605,1.8840,-0.1135,0.1726,3.000,good,0.001,6.88,0,0,0,0,1.87,1,0.0,,,
1603,1.8880,-0.1185,0.0808,3.011,good,0.003,3.59,0,0,0,0,5.42,2,0.0,,,
1604,1.8880,-0.1185,-0.2350,2.972,good,0.002,2.38,0,0,0,0,6.34,2,0.0,,,
1610,1.8880,-0.0997,0.1755,3.000,good,0.005,5.04,0,0,0,0,-0.61,1,0.0,,,
1598,1.8920,-0.1143,-0.1951,2.997,good,0.000,1.83,0,0,0,0,3.76,3,0.0,,,
1599,1.8920,-0.1137,-0.0276,3.000,good,0.000,2.72,0,0,0,0,3.43,3,0.0,,,
1600,1.8920,-0.1107,-0.0926,2.998,good,0.000,2.00,0,0,0,0,2.44,3,0.0,,,
1601,1.8920,-0.1105,0.1900,2.998,good,0.001,2.55,0,0,0,0,2.32,3,0.0,,,
1602,1.8920,-0.1076,-0.0133,3.139,good,0.000,3.42,0,0,0,0,-1.80,3,0.0,,,
1608,1.8920,-0.1182,0.1323,2.930,good,0.000,3.32,0,0,0,0,6.48,2,0.0,,,
1609,1.8920,-0.1152,-0.2244,2.998,insect,1.000,3.96,1,1,1,0,3.74,2,3.1,3,1586,1586
1606,1.8960,-0.1091,0.1700,3.204,good,0.007,7.48,0,0,0,0,-2.20,3,0.0,,,
1607,1.8960,-0.1102,-0.2052,2.998,good,0.106,3.95,0,0,0,0,2.60,3,0.0,,,
1614,1.8960,-0.1169,-0.1437,3.298,good,0.324,12.01,0,0,0,0,-1.81,2,0.0,,,
1611,1.9000,-0.1126,-0.2214,3.263,good,0.018,5.76,0,0,0,0,-15.71,3,0.0,,,
1612,1.9000,-0.1124,-0.1526,3.017,good,0.001,1.72,0,0,0,0,-10.54,3,0.0,,,
1613,1.9000,-0.1081,-0.1214,3.450,good,0.000,2.66,0,0,0,0,-20.64,3,0.0,,,
1616,1.9000,-0.1184,0.1818,2.782,good,0.002,2.41,0,0,0,0,-2.49,2,0.0,,,
1617,1.9000,-0.1159,0.1120,3.001,sour,1.000,16.43,1,0,0,1,-9.09,2,3.2,46,1592,
1618,1.9000,-0.1156,0.2174,3.003,good,0.000,2.26,0,0,0,0,-9.28,2,0.0,,,
1615,1.9040,-0.1136,0.1617,3.005,good,0.001,28.34,1,0,0,1,-6.38,3,9.0,52|53|51,1602,
1619,1.9080,-0.1110,0.1776,2.998,good,0.000,3.58,0,0,0,0,-8.12,3,0.0,,,
1620,1.9080,-0.1101,0.0014,3.002,good,0.000,4.72,0,0,0,0,-8.57,3,0.0,,,
1623,1.9080,-0.1194,0.1795,2.997,good,0.001,2.16,0,0,0,0,-5.40,2,0.0,,,
1624,1.9080,-0.1187,-0.1668,2.996,good,0.002,4.01,0,0,0,0,-5.65,2,0.0,,,
1621,1.9120,-0.1397,-0.0066,3.000,stone,0.999,9.21,1,0,0,1,-7.79,1,9.1,31|30|32,1606,
1622,1.9120,-0.1089,-0.0312,3.000,good,0.000,1.30,0,0,0,0,-10.20,3,0.0,,,
1630,1.9120,-0.1192,0.0864,3.002,good,0.023,2.42,0,0,0,0,-6.84,2,0.0,,,
1631,1.9120,-0.1175,-0.1889,3.428,good,0.008,4.39,0,0,0,0,-16.48,2,0.0,,,
1632,1.9120,-0.1169,0.2034,2.944,insect,1.000,4.98,1,0,0,1,-6.29,2,3.1,58|57,1600,
1633,1.9120,-0.1138,0.1926,3.234,good,0.000,3.18,0,0,0,0,-13.89,2,0.0,,,
1634,1.9120,-0.1261,-0.0013,3.000,stone,0.998,8.90,1,0,0,1,-8.63,1,9.1,31|32|30,,
1639,1.9120,-0.1125,0.0041,3.000,stone,0.999,9.05,1,0,0,1,-9.18,1,9.1,32|33|31,1644,
1625,1.9160,-0.1239,-0.2425,3.450,good,0.017,4.09,0,0,0,0,-16.46,2,0.0,,,
1626,1.9160,-0.1131,0.0145,3.001,good,0.000,2.79,0,0,0,0,-6.46,3,0.0,,,
1627,1.9160,-0.1111,-0.0146,3.038,good,0.000,1.99,0,0,0,0,-8.00,3,0.0,,,
1628,1.9160,-0.1220,-0.0638,3.326,good,0.000,2.38,0,0,0,0,-14.78,2,0.0,,,
1629,1.9160,-0.1121,0.2330,2.839,good,0.002,2.29,0,0,0,0,-2.87,3,0.0,,,
1643,1.9160,-0.1095,-0.2462,3.000,good,0.004,3.56,0,0,0,0,-7.76,1,0.0,,,
1644,1.9160,-0.1087,-0.0603,3.000,good,0.000,2.36,0,0,0,0,-8.01,1,0.0,,,
1645,1.9160,-0.1009,0.1961,3.000,good,0.000,5.21,0,0,0,0,-10.63,1,0.0,,,
1635,1.9200,-0.1117,0.0077,3.001,good,0.130,5.76,0,0,0,0,-7.72,3,0.0,,,
1636,1.9200,-0.1129,0.1248,3.007,broken,0.615,2.59,1,0,0,1,-7.51,3,2.4,47|48,1624,
1637,1.9200,-0.1101,-0.0563,2.993,good,0.000,2.84,0,0,0,0,-8.18,3,0.0,,,
1638,1.9200,-0.1115,0.0821,3.001,good,0.000,2.48,0,0,0,0,-7.97,3,0.0,,,
1642,1.9200,-0.1175,-0.0106,2.954,good,0.000,1.92,0,0,0,0,-4.82,2,0.0,,,
1640,1.9240,-0.1115,0.1054,2.993,good,0.001,3.17,0,0,0,0,-6.68,3,0.0,,,
1641,1.9240,-0.1104,0.1655,2.533,good,0.023,4.67,0,0,0,0,5.68,3,0.0,,,
1647,1.9240,-0.1182,-0.1094,3.004,good,0.000,2.64,0,0,0,0,-4.79,2,0.0,,,
1648,1.9240,-0.1161,0.1441,3.013,good,0.000,2.39,0,0,0,0,-5.75,2,0.0,,,
1646,1.9280,-0.1118,0.0000,2.999,good,0.000,2.03,0,0,0,0,-4.91,3,0.0,,,
1650,1.9280,-0.1179,0.0907,2.999,good,0.000,2.46,0,0,0,0,-2.94,2,0.0,,,
1653,1.9280,-0.1003,0.1619,3.000,good,0.004,4.63,0,0,0,0,-8.83,1,0.0,,,
1649,1.9320,-0.1088,-0.1286,3.249,good,0.001,5.85,0,0,0,0,-12.21,3,0.0,,,
1652,1.9320,-0.1181,-0.1084,3.450,good,0.000,2.93,0,0,0,0,-13.29,2,0.0,,,
1651,1.9360,-0.1153,0.0347,2.998,sour,1.000,15.84,1,0,0,1,-3.85,3,3.2,36,1631,
1657,1.9360,-0.1198,-0.1645,2.977,good,0.007,2.97,0,0,0,0,-1.92,2,0.0,,,
1658,1.9360,-0.1164,0.1398,3.222,good,0.457,22.32,1,0,0,1,-8.63,2,9.0,49|50|48,1623,
1660,1.9360,-0.1016,-0.1113,3.000,good,0.001,2.90,0,0,0,0,-8.58,1,0.0,,,
1654,1.9400,-0.1134,-0.0945,2.985,good,0.000,1.82,0,0,0,0,-4.25,3,0.0,,,
1655,1.9400,-0.1123,0.1876,2.860,good,0.001,2.71,0,0,0,0,-1.55,3,0.0,,,
1656,1.9400,-0.1108,-0.1152,3.014,good,0.003,2.60,0,0,0,0,-5.92,3,0.0,,,
1659,1.9440,-0.1090,0.0094,2.979,good,0.000,2.44,0,0,0,0,-5.53,3,0.0,,,
1663,1.9440,-0.1169,0.0347,2.998,faded,0.989,8.25,1,0,0,1,-3.44,2,3.2,36,1652,
1664,1.9440,-0.1169,-0.1408,2.964,good,0.000,2.18,0,0,0,0,-2.66,2,0.0,,,
1661,1.9480,-0.1113,0.1797,3.035,good,0.000,4.48,0,0,0,0,-5.76,3,0.0,,,
1662,1.9480,-0.1109,-0.1964,2.996,good,0.001,2.89,0,0,0,0,-5.06,3,0.0,,,
1666,1.9480,-0.1175,-0.1473,3.013,good,0.046,2.51,0,0,0,0,-3.30,2,0.0,,,
1667,1.9480,-0.1249,0.1208,3.000,husk,1.000,13.19,1,0,0,1,-4.54,1,2.4,47,,
1671,1.9480,-0.1065,0.1208,3.000,husk,1.000,12.49,1,0,0,1,-6.68,1,2.4,47,1744,
1665,1.9520,-0.1106,-0.0921,3.003,good,0.000,2.01,0,0,0,0,-8.19,3,0.0,,,
1670,1.9520,-0.1184,0.1963,3.049,good,0.012,6.23,0,0,0,0,-6.74,2,0.0,,,
1668,1.9560,-0.1153,0.1927,3.000,good,0.000,2.54,0,0,0,0,-3.93,3,0.0,,,
1669,1.9560,-0.1138,0.2322,2.997,good,0.001,3.01,0,0,0,0,-4.38,3,0.0,,,
1675,1.9560,-0.1140,-0.1282,3.202,good,0.004,1.64,0,0,0,0,-8.95,2,0.0,,,
1680,1.9560,-0.1175,-0.0205,3.000,faded,0.994,4.10,1,0,0,1,-3.30,1,3.2,29,1742,
1672,1.9600,-0.1165,0.2058,3.002,good,0.051,3.43,0,0,0,0,-6.31,3,0.0,,,
1673,1.9600,-0.1149,-0.0933,3.001,good,0.258,9.28,0,0,0,0,-6.86,3,0.0,,,
1674,1.9600,-0.1122,0.1398,3.000,good,0.000,2.59,0,0,0,0,-7.79,3,0.0,,,
1678,1.9600,-0.1182,-0.0241,2.984,good,0.000,2.50,0,0,0,0,-5.46,2,0.0,,,
1679,1.9600,-0.1169,0.0355,2.984,good,0.001,2.23,0,0,0,0,-5.92,2,0.0,,,
1676,1.9640,-0.1142,-0.1097,2.992,good,0.000,1.93,0,0,0,0,-7.69,3,0.0,,,
1677,1.9640,-0.1104,-0.2353,3.079,sour,1.000,18.94,1,0,0,1,-11.02,3,3.2,1|2,1664,
1686,1.9640,-0.1177,-0.1641,2.999,good,0.003,3.02,0,0,0,0,-6.82,2,0.0,,,
1681,1.9680,-0.1191,-0.1996,2.872,husk,1.000,61.72,1,1,1,0,7.96,3,2.4,6,1662,
1682,1.9680,-0.1152,0.1630,2.999,good,0.000,2.59,0,0,0,0,3.33,3,0.0,,,
1683,1.9680,-0.1145,-0.0468,3.000,good,0.000,2.56,0,0,0,0,3.05,3,0.0,,,
1684,1.9680,-0.1123,-0.1872,2.994,good,0.000,3.11,0,0,0,0,2.40,3,0.0,,,
1685,1.9680,-0.1132,0.1853,2.951,good,0.005,1.97,0,0,0,0,3.70,3,0.0,,,
1688,1.9680,-0.1176,-0.1709,2.987,good,0.000,2.39,0,0,0,0,4.29,2,0.0,,,
1687,1.9720,-0.1088,0.1388,2.994,good,0.000,3.58,0,0,0,0,-8.91,3,0.0,,,
1689,1.9760,-0.1166,-0.0273,2.999,good,0.015,2.90,0,0,0,0,6.49,3,0.0,,,
1690,1.9760,-0.1222,-0.1281,3.106,good,0.064,3.45,0,0,0,0,1.74,2,0.0,,,
1694,1.9760,-0.1098,-0.1246,3.000,good,0.207,3.37,0,0,0,0,4.12,1,0.0,,,
1691,1.9800,-0.1153,-0.1020,2.994,good,0.179,2.62,0,0,0,0,-4.63,3,0.0,,,
1692,1.9800,-0.1107,0.0024,3.000,good,0.001,2.85,0,0,0,0,-6.35,3,0.0,,,
1693,1.9840,-0.1176,0.2052,2.674,good,0.000,2.98,0,0,0,0,5.16,3,0.0,,,
1695,1.9880,-0.1151,-0.0744,3.184,good,0.005,4.20,0,0,0,0,-8.65,3,0.0,,,
1696,1.9880,-0.1158,-0.1258,2.992,faded,0.706,3.68,1,0,0,1,-4.15,3,3.2,15|16,1683,
1697,1.9880,-0.1110,0.1375,3.004,good,0.000,3.36,0,0,0,0,-6.09,3,0.0,,,
1703,1.9880,-0.1195,0.0017,2.987,good,0.000,2.85,0,0,0,0,-2.89,2,0.0,,,
1704,1.9880,-0.1163,0.0979,3.385,good,0.025,4.33,0,0,0,0,-12.53,2,0.0,,,
1698,1.9920,-0.1151,0.1620,2.930,good,0.000,7.84,0,0,0,0,-5.03,3,0.0,,,
1699,1.9920,-0.1131,-0.2018,3.050,good,0.000,2.96,0,0,0,0,-8.63,3,0.0,,,
1700,1.9920,-0.1120,-0.2120,3.072,good,0.020,3.47,0,0,0,0,-9.50,3,0.0,,,
1701,1.9920,-0.1097,0.0309,2.987,faded,0.703,4.09,1,0,0,1,-8.38,3,3.2,35|36,1674,
1702,1.9920,-0.1090,0.0576,3.015,good,0.000,1.50,0,0,0,0,-9.31,3,0.0,,,
1706,1.9920,-0.1181,0.1800,3.000,good,0.003,3.19,0,0,0,0,-5.99,2,0.0,,,
1705,1.9960,-0.1155,-0.2223,2.988,good,0.001,2.87,0,0,0,0,-6.98,3,0.0,,,
1708,1.9960,-0.1179,-0.1447,3.002,sour,0.943,10.04,1,0,0,1,-6.59,2,3.2,13,1669|1697,
1709,1.9960,-0.1180,-0.0494,2.978,good,0.000,3.31,0,0,0,0,-6.00,2,0.0,,,
1707,2.0000,-0.1104,-0.1895,2.817,good,0.027,9.88,0,0,0,0,-2.46,3,0.0,,,
1712,2.0000,-0.1189,-0.0322,2.913,good,0.324,3.64,0,0,0,0,-2.07,2,0.0,,,
1710,2.0040,-0.1145,-0.0663,2.994,good,0.000,2.71,0,0,0,0,-7.49,3,0.0,,,
1711,2.0040,-0.1109,0.0959,3.037,good,0.000,2.17,0,0,0,0,-9.74,3,0.0,,,
1717,2.0040,-0.1191,-0.2301,3.019,good,0.000,2.62,0,0,0,0,-6.65,2,0.0,,,
1718,2.0040,-0.1153,-0.1883,2.986,good,0.000,2.97,0,0,0,0,-7.16,2,0.0,,,
1713,2.0080,-0.1148,-0.1842,3.001,faded,1.000,4.61,1,0,0,1,-5.67,3,3.2,8,1702,
1714,2.0080,-0.1142,0.2087,3.002,good,0.000,2.52,0,0,0,0,-5.96,3,0.0,,,
1715,2.0080,-0.1086,0.1706,2.997,good,0.000,2.98,0,0,0,0,-7.78,3,0.0,,,
1716,2.0080,-0.1088,-0.1335,2.974,good,0.000,2.61,0,0,0,0,-7.20,3,0.0,,,
1720,2.0080,-0.1181,-0.1180,3.188,faded,0.961,3.60,1,0,0,1,-9.04,2,3.2,16|17,1709,
1721,2.0080,-0.1169,-0.2146,3.018,sour,1.000,22.68,1,0,0,1,-5.62,2,3.2,4,1698,
1722,2.0080,-0.1166,-0.0380,2.984,good,0.000,2.61,0,0,0,0,-4.93,2,0.0,,,
1719,2.0120,-0.1085,0.1872,3.122,good,0.004,5.69,0,0,0,0,-12.04,3,0.0,,,
1728,2.0120,-0.1177,-0.1779,2.994,good,0.001,3.07,0,0,0,0,-6.15,2,0.0,,,
1729,2.0120,-0.1156,-0.2462,3.087,broken,0.991,11.40,1,0,0,1,-9.08,2,2.4,0,1704,
1723,2.0160,-0.1160,0.0506,2.999,good,0.000,3.89,0,0,0,0,-5.98,3,0.0,,,
1724,2.0160,-0.1284,-0.0346,2.672,good,0.035,3.57,0,0,0,0,3.40,2,0.0,,,
1725,2.0160,-0.1108,-0.0805,3.003,good,0.000,2.01,0,0,0,0,-7.92,3,0.0,,,
1726,2.0160,-0.1104,0.0179,3.000,good,0.000,3.77,0,0,0,0,-8.01,3,0.0,,,
1727,2.0160,-0.1094,-0.1482,3.010,good,0.000,3.04,0,0,0,0,-8.65,3,0.0,,,
1733,2.0160,-0.1150,-0.1905,3.094,stick,1.000,101.80,1,0,0,1,-8.75,2,2.4,7,1703,
1734,2.0160,-0.1171,-0.1120,2.955,good,0.000,1.98,0,0,0,0,-4.80,2,0.0,,,
1730,2.0200,-0.1259,0.1686,3.450,good,0.000,2.34,0,0,0,0,-18.68,2,0.0,,,
1731,2.0200,-0.1097,-0.0352,3.450,good,0.024,6.02,0,0,0,0,-19.43,3,0.0,,,
1732,2.0200,-0.1134,-0.0055,2.905,good,0.000,2.32,0,0,0,0,-6.81,3,0.0,,,
1737,2.0200,-0.1181,0.1116,3.000,good,0.000,2.67,0,0,0,0,-7.61,2,0.0,,,
1740,2.0200,-0.1120,0.1715,3.000,good,0.000,2.37,0,0,0,0,-9.65,1,0.0,,,
1735,2.0240,-0.1123,-0.2116,3.002,good,0.000,2.15,0,0,0,0,-6.10,3,0.0,,,
1736,2.0240,-0.1095,0.2085,2.992,good,0.092,4.13,0,0,0,0,-6.86,3,0.0,,,
1739,2.0240,-0.1183,0.2301,3.273,good,0.000,2.15,0,0,0,0,-10.24,2,0.0,,,
1738,2.0280,-0.1144,-0.0777,2.998,good,0.000,2.23,0,0,0,0,-5.32,3,0.0,,,
1743,2.0280,-0.1185,0.1968,3.042,good,0.000,5.27,0,0,0,0,-5.08,2,0.0,,,
1741,2.0320,-0.1110,-0.0097,3.008,good,0.010,6.66,0,0,0,0,-6.90,3,0.0,,,
1742,2.0320,-0.1140,0.0636,2.692,good,0.000,1.95,0,0,0,0,2.36,3,0.0,,,
1746,2.0320,-0.1171,-0.2360,2.999,good,0.000,5.11,0,0,0,0,-4.78,2,0.0,,,
1744,2.0360,-0.1137,-0.0700,2.998,good,0.000,3.31,0,0,0,0,-6.03,3,0.0,,,
1745,2.0360,-0.1094,-0.2072,2.804,good,0.000,2.50,0,0,0,0,-2.69,3,0.0,,,
1749,2.0360,-0.1183,-0.1195,2.912,good,0.000,5.91,0,0,0,0,-2.48,2,0.0,,,
1747,2.0400,-0.1112,-0.0761,2.999,good,0.000,1.94,0,0,0,0,-9.09,3,0.0,,,
1748,2.0400,-0.1106,0.2124,3.009,good,0.109,2.49,0,0,0,0,-9.59,3,0.0,,,
1752,2.0400,-0.1187,-0.1569,2.995,good,0.000,2.75,0,0,0,0,-6.61,2,0.0,,,
1753,2.0400,-0.1175,-0.2137,2.994,good,0.000,2.96,0,0,0,0,-7.05,2,0.0,,,
1759,2.0400,-0.1102,-0.1170,3.000,good,0.001,3.17,0,0,0,0,-9.61,1,0.0,,,
1750,2.0440,-0.1142,-0.0749,3.000,faded,0.911,3.85,1,0,0,1,-7.33,3,3.2,22,1739,
1751,2.0440,-0.1107,-0.0992,2.994,good,0.000,3.76,0,0,0,0,-8.44,3,0.0,,,
1756,2.0440,-0.1197,0.1693,3.017,good,0.000,1.92,0,0,0,0,-6.05,2,0.0,,,
1757,2.0440,-0.1177,-0.0107,2.992,good,0.176,2.12,0,0,0,0,-6.16,2,0.0,,,
1758,2.0440,-0.1156,0.2167,3.028,good,0.000,2.80,0,0,0,0,-7.74,2,0.0,,,
1754,2.0480,-0.1134,-0.1487,3.010,good,0.000,1.75,0,0,0,0,-7.91,3,0.0,,,
1755,2.0480,-0.1110,0.1594,2.999,good,0.000,3.44,0,0,0,0,-8.46,3,0.0,,,
1761,2.0480,-0.1182,-0.2117,3.007,good,0.001,3.67,0,0,0,0,-6.33,2,0.0,,,
1762,2.0480,-0.1173,-0.1289,2.998,good,0.007,2.47,0,0,0,0,-6.44,2,0.0,,,
1763,2.0480,-0.1162,0.0830,2.916,good,0.000,2.61,0,0,0,0,-4.83,2,0.0,,,
1766,2.0480,-0.1057,-0.0070,3.000,good,0.424,2.16,0,0,0,0,-10.42,1,0.0,,,
1760,2.0520,-0.1097,0.1820,3.009,good,0.000,2.59,0,0,0,0,-8.13,3,0.0,,,
1765,2.0520,-0.1197,-0.1199,3.004,good,0.000,3.34,0,0,0,0,-4.75,2,0.0,,,
1764,2.0560,-0.1125,-0.1463,2.992,good,0.002,6.65,0,0,0,0,-3.34,3,0.0,,,
1771,2.0560,-0.1188,0.2084,3.157,good,0.000,7.62,0,0,0,0,-5.12,2,0.0,,,
1767,2.0600,-0.1154,-0.2177,2.998,good,0.000,2.60,0,0,0,0,-5.40,3,0.0,,,
1768,2.0600,-0.1084,-0.1225,3.171,good,0.061,3.01,0,0,0,0,-11.55,3,0.0,,,
1769,2.0600,-0.1099,0.1267,3.001,good,0.000,1.99,0,0,0,0,-7.39,3,0.0,,,
1770,2.0600,-0.1130,-0.2326,2.629,shell,0.999,6.50,1,1,1,0,3.66,3,2.4,2,1736,
1772,2.0600,-0.1188,-0.0573,3.001,good,0.000,2.83,0,0,0,0,-4.52,2,0.0,,,
1773,2.0600,-0.1164,0.0511,3.006,good,0.006,2.76,0,0,0,0,-5.46,2,0.0,,,
1776,2.0640,-0.1177,-0.0971,2.978,good,0.002,2.63,0,0,0,0,-4.39,2,0.0,,,
1774,2.0680,-0.1117,0.2064,3.008,good,0.110,3.54,0,0,0,0,-8.99,3,0.0,,,
1775,2.0680,-0.1090,-0.1964,3.000,good,0.000,3.54,0,0,0,0,-9.74,3,0.0,,,
1777,2.0720,-0.1117,-0.0139,2.972,good,0.000,3.25,0,0,0,0,-6.33,3,0.0,,,
1778,2.0720,-0.1101,0.0495,2.971,good,0.000,3.14,0,0,0,0,-6.92,3,0.0,,,
1779,2.0720,-0.1085,0.0289,2.987,faded,0.991,3.42,1,0,0,1,-7.89,3,3.2,35,1763,
1785,2.0720,-0.1168,0.1079,2.993,good,0.000,2.81,0,0,0,0,-5.34,2,0.0,,,
1780,2.0760,-0.1127,-0.0197,3.079,good,0.001,2.60,0,0,0,0,-8.00,3,0.0,,,
1781,2.0760,-0.1121,0.1760,3.004,good,0.000,2.64,0,0,0,0,-6.55,3,0.0,,,
1782,2.0760,-0.1103,0.0210,2.951,good,0.000,2.20,0,0,0,0,-5.94,3,0.0,,,
1783,2.0760,-0.1097,0.2266,2.989,good,0.001,5.57,0,0,0,0,-7.07,3,0.0,,,
1784,2.0760,-0.1086,-0.2005,2.940,good,0.000,2.60,0,0,0,0,-6.32,3,0.0,,,
1787,2.0760,-0.1191,-0.0956,3.183,good,0.101,8.92,0,0,0,0,-8.43,2,0.0,,,
1788,2.0760,-0.1176,0.1046,2.992,good,0.000,2.13,0,0,0,0,-4.60,2,0.0,,,
1789,2.0760,-0.1176,0.2185,3.013,sour,1.000,20.95,1,0,0,1,-5.11,2,3.2,59|60,1786,
1786,2.0800,-0.1139,0.1362,2.657,good,0.001,5.42,0,0,0,0,7.76,3,0.0,,,
1791,2.0800,-0.1187,0.2307,3.306,good,0.001,3.33,0,0,0,0,-6.63,2,0.0,,,
1790,2.0840,-0.1137,0.1722,3.001,good,0.018,2.27,0,0,0,0,-5.26,3,0.0,,,
1793,2.0840,-0.1152,-0.1742,3.203,good,0.001,3.78,0,0,0,0,-9.32,2,0.0,,,
1792,2.0880,-0.1114,-0.0821,2.992,black,1.000,46.54,1,0,0,1,-6.47,3,3.2,21,1784,
1797,2.0880,-0.1189,0.0725,3.006,good,0.005,2.68,0,0,0,0,-4.39,2,0.0,,,
1802,2.0880,-0.1024,-0.1790,3.000,good,0.005,3.81,0,0,0,0,-9.74,1,0.0,,,
1794,2.0920,-0.1196,-0.2120,2.642,good,0.003,3.66,0,0,0,0,4.88,3,0.0,,,
1795,2.0920,-0.1146,0.1091,3.003,good,0.001,3.61,0,0,0,0,-6.84,3,0.0,,,
1796,2.0920,-0.1121,0.1219,3.008,broken,0.915,1.77,1,0,0,1,-7.86,3,2.4,47,1788,
1798,2.0960,-0.1156,0.1188,3.021,good,0.000,2.94,0,0,0,0,-8.11,3,0.0,,,
1799,2.0960,-0.1151,-0.2166,3.012,good,0.064,1.81,0,0,0,0,-8.12,3,0.0,,,
1800,2.0960,-0.1371,-0.0090,3.000,good,0.000,2.22,0,0,0,0,-8.52,1,0.0,,,
1801,2.0960,-0.1118,-0.1719,2.974,good,0.000,2.30,0,0,0,0,-8.35,3,0.0,,,
1805,2.0960,-0.1197,0.2227,3.000,good,0.002,6.32,0,0,0,0,-6.38,2,0.0,,,
1806,2.0960,-0.1156,0.1414,3.001,good,0.000,2.84,0,0,0,0,-7.82,2,0.0,,,
1807,2.0960,-0.1259,-0.0058,3.000,good,0.000,2.25,0,0,0,0,-8.36,1,0.0,,,
1815,2.0960,-0.1148,-0.0026,3.000,good,0.000,2.26,0,0,0,0,-8.09,1,0.0,,,
1803,2.1000,-0.1115,-0.0802,2.939,faded,0.778,8.39,1,0,0,1,-7.62,3,3.0,21,1785|1801,
1804,2.1000,-0.1137,0.1472,2.986,good,0.000,2.86,0,0,0,0,-8.12,3,0.0,,,
1813,2.1000,-0.1177,0.2009,3.035,good,0.000,4.66,0,0,0,0,-8.04,2,0.0,,,
1814,2.1000,-0.1172,0.1287,2.973,good,0.001,2.04,0,0,0,0,-6.73,2,0.0,,,
1820,2.1000,-0.1036,0.0005,3.000,good,0.000,2.14,0,0,0,0,-11.95,1,0.0,,,
1808,2.1040,-0.1138,0.1108,2.922,good,0.059,6.24,0,0,0,0,-6.64,3,0.0,,,
1809,2.1040,-0.1144,-0.1407,3.015,good,0.000,2.76,0,0,0,0,-8.73,3,0.0,,,
1810,2.1040,-0.1124,0.0829,3.000,good,0.000,2.16,0,0,0,0,-9.10,3,0.0,,,
1811,2.1040,-0.1119,-0.2254,2.998,good,0.017,3.13,0,0,0,0,-9.27,3,0.0,,,
1812,2.1040,-0.1082,-0.2065,2.998,good,0.002,4.19,0,0,0,0,-10.53,3,0.0,,,
1819,2.1040,-0.1177,-0.1488,3.048,good,0.000,2.58,0,0,0,0,-8.59,2,0.0,,,
1816,2.1080,-0.1095,0.1967,2.983,good,0.003,2.48,0,0,0,0,1.24,3,0.0,,,
1817,2.1080,-0.1102,-0.1053,2.979,good,0.000,2.67,0,0,0,0,1.52,3,0.0,,,
1818,2.1080,-0.1092,0.1572,2.972,broken,0.694,2.70,1,1,1,0,1.28,3,2.4,52|51,1831,1831
1823,2.1080,-0.1182,0.1352,3.001,good,0.000,3.78,0,0,0,0,3.54,2,0.0,,,
1824,2.1080,-0.1153,-0.1264,3.015,good,0.000,3.23,0,0,0,0,2.17,2,0.0,,,
1829,2.1080,-0.1035,0.1145,3.000,good,0.006,3.31,0,0,0,0,-1.42,1,0.0,,,
1821,2.1120,-0.1117,-0.1209,3.000,good,0.000,2.53,0,0,0,0,-8.09,3,0.0,,,
1822,2.1120,-0.1098,-0.1667,3.016,good,0.000,2.98,0,0,0,0,-9.15,3,0.0,,,
1827,2.1120,-0.1175,-0.0524,3.013,good,0.000,2.84,0,0,0,0,-6.55,2,0.0,,,
1828,2.1120,-0.1200,0.1727,2.868,shell,1.000,7.21,1,0,0,1,-2.09,2,2.4,54|53,1818,
1825,2.1160,-0.1120,-0.1417,3.092,black,1.000,64.97,1,0,0,1,-11.05,3,3.2,13|14,1825,
1826,2.1160,-0.1139,0.2289,2.514,good,0.000,2.92,0,0,0,0,5.36,3,0.0,,,
1834,2.1160,-0.1184,0.1798,2.721,good,0.000,2.80,0,0,0,0,0.49,2,0.0,,,
1830,2.1200,-0.1118,0.0828,3.011,good,0.106,3.75,0,0,0,0,-8.38,3,0.0,,,
1831,2.1200,-0.1096,-0.1856,2.999,good,0.002,2.88,0,0,0,0,-8.90,3,0.0,,,
1832,2.1200,-0.1091,0.2423,3.101,good,0.004,5.23,0,0,0,0,-11.39,3,0.0,,,
1833,2.1200,-0.1094,-0.0267,3.000,good,0.000,2.11,0,0,0,0,-9.08,3,0.0,,,
1837,2.1200,-0.1194,0.2200,2.935,good,0.003,3.05,0,0,0,0,-4.14,2,0.0,,,
1838,2.1200,-0.1159,0.0115,3.039,good,0.001,2.34,0,0,0,0,-7.90,2,0.0,,,
1842,2.1200,-0.1075,0.1769,3.000,good,0.000,2.81,0,0,0,0,-9.79,1,0.0,,,
1843,2.1200,-0.1038,0.2320,3.000,good,0.001,2.17,0,0,0,0,-11.03,1,0.0,,,
1835,2.1240,-0.1102,-0.2272,3.191,good,0.028,2.18,0,0,0,0,-10.84,3,0.0,,,
1836,2.1240,-0.1118,0.2390,3.007,good,0.006,3.04,0,0,0,0,-6.34,3,0.0,,,
1841,2.1240,-0.1176,-0.0986,3.015,good,0.000,3.36,0,0,0,0,-4.65,2,0.0,,,
1845,2.1240,-0.1143,-0.0051,3.000,good,0.001,2.69,0,0,0,0,-5.39,1,0.0,,,
1839,2.1280,-0.1097,-0.0086,2.511,good,0.001,7.46,0,0,0,0,7.60,3,0.0,,,
1840,2.1280,-0.1083,0.1974,3.003,good,0.000,2.74,0,0,0,0,-6.63,3,0.0,,,
1844,2.1280,-0.1151,-0.0244,3.153,faded,0.997,5.28,1,0,0,1,-7.78,2,3.2,28|29,1826,
1849,2.1320,-0.1188,0.0150,3.450,good,0.000,3.48,0,0,0,0,-13.63,2,0.0,,,
1846,2.1360,-0.1155,0.1332,2.984,broken,0.999,4.43,1,0,0,1,-5.97,3,2.4,49|48,1834,
1847,2.1360,-0.1138,0.0875,2.954,good,0.000,1.57,0,0,0,0,-5.84,3,0.0,,,
1848,2.1360,-0.1101,-0.0476,3.063,insect,1.000,3.88,1,0,0,1,-9.68,3,3.1,25|26,1855,
1851,2.1360,-0.1168,-0.0276,3.039,good,0.001,3.45,0,0,0,0,-6.98,2,0.0,,,
1850,2.1400,-0.1120,0.1996,3.362,good,0.000,2.98,0,0,0,0,-13.56,3,0.0,,,
1864,2.1400,-0.1035,0.1365,3.000,broken,0.998,4.10,1,0,0,1,-8.79,1,2.4,49,1834,
1852,2.1440,-0.1357,-0.1362,3.000,good,0.029,6.11,0,0,0,0,-7.49,1,0.0,,,
1853,2.1440,-0.1382,-0.1280,3.000,good,0.000,1.00,0,0,0,0,-6.66,1,0.0,,,
1854,2.1440,-0.1101,0.1576,3.063,good,0.000,3.77,0,0,0,0,-9.63,3,0.0,,,
1855,2.1440,-0.1106,-0.0905,3.011,good,0.000,2.30,0,0,0,0,-8.31,3,0.0,,,
1856,2.1440,-0.1106,-0.0062,2.997,good,0.001,3.82,0,0,0,0,-8.03,3,0.0,,,
1857,2.1440,-0.1085,-0.1708,2.996,black,1.000,49.09,1,0,0,1,-8.77,3,3.2,10|9,1857,
1861,2.1440,-0.1172,0.0324,3.002,good,0.001,1.90,0,0,0,0,-6.05,2,0.0,,,
1862,2.1440,-0.1138,-0.0666,3.167,good,0.031,4.78,0,0,0,0,-10.93,2,0.0,,,
1863,2.1440,-0.1141,-0.1325,2.825,good,0.028,8.15,0,0,0,0,-2.68,2,0.0,,,
1858,2.1480,-0.1161,0.0639,3.003,good,0.000,4.48,0,0,0,0,-4.60,3,0.0,,,
1859,2.1480,-0.1135,0.1792,2.962,good,0.000,3.13,0,0,0,0,-4.56,3,0.0,,,
1860,2.1480,-0.1106,-0.2045,2.991,good,0.023,3.24,0,0,0,0,-6.24,3,0.0,,,
1868,2.1480,-0.1196,0.1037,2.982,good,0.017,2.05,0,0,0,0,-3.05,2,0.0,,,
1865,2.1520,-0.1104,-0.1490,2.983,good,0.000,1.83,0,0,0,0,-9.97,3,0.0,,,
1866,2.1520,-0.1102,0.0922,3.124,good,0.000,8.59,0,0,0,0,-13.31,3,0.0,,,
1867,2.1520,-0.1156,-0.0235,2.200,insect,1.000,8.09,1,1,1,0,17.39,3,3.1,28|29,1807,
1870,2.1520,-0.1166,-0.1369,3.000,good,0.000,2.28,0,0,0,0,-8.50,2,0.0,,,
1873,2.1560,-0.1182,0.1486,3.000,good,0.000,7.89,0,0,0,0,-1.26,2,0.0,,,
1874,2.1560,-0.1189,0.0282,3.000,good,0.000,3.22,0,0,0,0,-1.10,2,0.0,,,
1869,2.1600,-0.1122,0.1324,2.142,good,0.001,2.38,0,0,0,0,21.61,4,0.0,,,
1871,2.1600,-0.1139,0.1665,2.999,good,0.000,3.02,0,0,0,0,-6.17,3,0.0,,,
1872,2.1600,-0.1102,-0.1356,2.991,good,0.002,3.40,0,0,0,0,-7.23,3,0.0,,,
1875,2.1640,-0.1100,-0.0482,3.061,good,0.000,2.04,0,0,0,0,-10.10,3,0.0,,,
1876,2.1640,-0.1085,-0.0829,3.008,good,0.002,2.21,0,0,0,0,-9.45,3,0.0,,,
1877,2.1680,-0.1124,0.1355,2.978,good,0.205,5.69,0,0,0,0,-8.87,3,0.0,,,
1878,2.1680,-0.1123,-0.2203,3.008,good,0.005,2.75,0,0,0,0,-9.71,3,0.0,,,
1883,2.1680,-0.1182,-0.0930,3.003,good,0.000,4.88,0,0,0,0,-7.69,2,0.0,,,
1884,2.1680,-0.1179,0.0220,2.996,good,0.023,2.59,0,0,0,0,-7.68,2,0.0,,,
1885,2.1680,-0.1145,0.2073,3.239,good,0.025,5.04,0,0,0,0,-14.21,2,0.0,,,
1879,2.1720,-0.1167,-0.0051,2.867,good,0.017,7.03,0,0,0,0,-2.20,3,0.0,,,
1880,2.1720,-0.1115,-0.1346,3.280,good,0.004,3.10,0,0,0,0,-13.39,3,0.0,,,
1881,2.1720,-0.1115,0.0801,2.989,good,0.002,3.07,0,0,0,0,-7.16,3,0.0,,,
1882,2.1720,-0.1098,0.2009,3.015,good,0.000,2.10,0,0,0,0,-8.37,3,0.0,,,
1889,2.1720,-0.1188,-0.1045,2.992,good,0.001,3.51,0,0,0,0,-4.87,2,0.0,,,
1890,2.1720,-0.1178,-0.2250,3.017,sour,1.000,22.34,1,0,0,1,-5.81,2,3.2,3,1872,
1894,2.1720,-0.1015,0.2118,3.000,good,0.006,5.04,0,0,0,0,-10.88,1,0.0,,,
1886,2.1760,-0.1152,-0.0359,3.002,good,0.000,2.09,0,0,0,0,-6.08,3,0.0,,,
1887,2.1760,-0.1085,-0.1236,3.016,insect,0.858,14.09,1,0,0,1,-8.71,3,3.1,16|15,1860|1864,
1888,2.1760,-0.1115,0.0240,2.852,good,0.004,2.53,0,0,0,0,-3.74,3,0.0,,,
1893,2.1760,-0.1193,0.1379,3.004,good,0.000,3.50,0,0,0,0,-4.94,2,0.0,,,
1891,2.1800,-0.1114,-0.0379,2.994,good,0.001,3.91,0,0,0,0,-8.90,3,0.0,,,
1892,2.1800,-0.1218,0.0333,2.922,good,0.005,4.56,0,0,0,0,-7.67,2,0.0,,,
1897,2.1800,-0.1190,-0.1189,3.017,good,0.000,3.05,0,0,0,0,-7.04,2,0.0,,,
1904,2.1800,-0.1101,0.0283,3.000,good,0.001,4.44,0,0,0,0,-9.62,1,0.0,,,
1895,2.1840,-0.1142,0.2051,2.935,good,0.000,2.30,0,0,0,0,-4.58,3,0.0,,,
1896,2.1840,-0.1144,0.1384,2.766,good,0.000,1.77,0,0,0,0,-0.14,3,0.0,,,
1902,2.1840,-0.1197,-0.2046,3.007,good,0.004,2.09,0,0,0,0,-4.62,2,0.0,,,
1903,2.1840,-0.1199,-0.1883,2.990,good,0.004,2.83,0,0,0,0,-4.15,2,0.0,,,
1898,2.1880,-0.1146,-0.1246,2.999,good,0.000,2.31,0,0,0,0,-8.40,3,0.0,,,
1899,2.1880,-0.1141,0.0434,3.058,good,0.000,3.47,0,0,0,0,-9.99,3,0.0,,,
1900,2.1880,-0.1113,0.0042,2.955,good,0.000,2.00,0,0,0,0,-8.53,3,0.0,,,
1901,2.1880,-0.1094,0.0640,3.025,good,0.001,1.85,0,0,0,0,-10.85,3,0.0,,,
1906,2.1880,-0.1187,0.0088,2.996,good,0.126,4.94,0,0,0,0,-7.14,2,0.0,,,
1907,2.1880,-0.1178,0.1877,2.925,good,0.001,3.42,0,0,0,0,-5.69,2,0.0,,,
1905,2.1920,-0.1148,-0.1864,2.775,good,0.008,6.96,0,0,0,0,-2.39,3,0.0,,,
1912,2.1920,-0.1174,0.0181,3.047,good,0.000,3.66,0,0,0,0,-8.58,2,0.0,,,
1913,2.1920,-0.1174,0.1298,3.001,good,0.000,2.60,0,0,0,0,-7.51,2,0.0,,,
1908,2.1960,-0.1139,-0.1066,2.995,good,0.000,3.51,0,0,0,0,-4.43,3,0.0,,,
1909,2.1960,-0.1116,-0.1205,3.000,good,0.000,3.05,0,0,0,0,-5.38,3,0.0,,,
1910,2.1960,-0.1142,0.2071,2.674,good,0.017,2.34,0,0,0,0,4.15,3,0.0,,,
1911,2.1960,-0.1114,-0.0676,3.001,good,0.000,2.57,0,0,0,0,-5.55,3,0.0,,,
1920,2.1960,-0.1000,-0.1849,3.000,good,0.000,4.85,0,0,0,0,-9.34,1,0.0,,,
1914,2.2000,-0.1170,-0.1194,2.793,good,0.001,1.90,0,0,0,0,0.96,3,0.0,,,
1915,2.2000,-0.1141,0.1745,3.004,good,0.000,3.43,0,0,0,0,-5.52,3,0.0,,,
1916,2.2000,-0.1112,0.0836,3.013,good,0.002,5.15,0,0,0,0,-6.75,3,0.0,,,
1917,2.2040,-0.1129,-0.1455,2.991,good,0.000,2.41,0,0,0,0,-9.84,3,0.0,,,
1918,2.2040,-0.1104,-0.1963,2.998,good,0.023,3.11,0,0,0,0,-10.89,3,0.0,,,
1919,2.2040,-0.1094,0.0550,2.817,good,0.003,1.92,0,0,0,0,-6.81,3,0.0,,,
1925,2.2040,-0.1196,0.0323,3.000,faded,0.995,4.90,1,0,0,1,-7.97,2,3.2,36|35,1891,
1926,2.2040,-0.1179,0.2363,2.961,good,0.017,2.61,0,0,0,0,-7.65,2,0.0,,,
1921,2.2080,-0.1140,-0.1893,2.973,faded,0.804,4.81,1,0,0,1,-6.69,3,3.2,7,1921,
1922,2.2080,-0.1154,0.1012,2.874,good,0.000,2.93,0,0,0,0,-3.81,3,0.0,,,
1923,2.2080,-0.1127,-0.2023,3.000,good,0.003,3.50,0,0,0,0,-7.90,3,0.0,,,
1924,2.2080,-0.1104,-0.2293,2.997,good,0.008,1.68,0,0,0,0,-8.62,3,0.0,,,
1930,2.2080,-0.1195,-0.1609,3.168,good,0.000,3.50,0,0,0,0,-9.57,2,0.0,,,
1927,2.2120,-0.1152,-0.0417,3.001,good,0.000,2.97,0,0,0,0,-6.81,3,0.0,,,
1928,2.2120,-0.1129,-0.1302,2.991,good,0.061,3.12,0,0,0,0,-7.42,3,0.0,,,
1929,2.2120,-0.1119,0.1746,2.939,good,0.000,2.38,0,0,0,0,-6.56,3,0.0,,,
1936,2.2120,-0.1161,0.0930,3.450,good,0.000,2.67,0,0,0,0,-16.05,2,0.0,,,
1937,2.2120,-0.1192,0.1434,3.005,faded,0.885,3.60,1,0,0,1,-5.79,2,3.2,50,1910,
1931,2.2160,-0.1124,-0.0239,2.999,good,0.021,2.78,0,0,0,0,-7.97,3,0.0,,,
1932,2.2160,-0.1117,0.0475,2.998,faded,0.936,3.28,1,0,0,1,-8.23,3,3.2,38|37,1920,
1933,2.2160,-0.1078,0.1613,3.350,good,0.000,2.78,0,0,0,0,-16.89,3,0.0,,,
1934,2.2160,-0.1084,-0.1837,2.992,good,0.093,4.39,0,0,0,0,-9.29,3,0.0,,,
1935,2.2160,-0.1081,-0.0689,2.996,good,0.004,1.29,0,0,0,0,-9.51,3,0.0,,,
1938,2.2200,-0.1151,-0.1962,3.013,good,0.000,3.25,0,0,0,0,-6.76,3,0.0,,,
1939,2.2200,-0.1127,-0.1435,3.450,shell,1.000,34.80,1,0,0,1,-16.54,3,2.4,13,1952,
1940,2.2200,-0.1083,0.1477,3.013,good,0.000,2.24,0,0,0,0,-9.11,3,0.0,,,
1942,2.2200,-0.1195,0.0895,3.009,good,0.005,2.43,0,0,0,0,-5.35,2,0.0,,,
1943,2.2200,-0.1193,0.2125,2.993,good,0.013,5.06,0,0,0,0,-5.04,2,0.0,,,
1944,2.2200,-0.1180,0.0232,2.996,good,0.002,3.29,0,0,0,0,-5.59,2,0.0,,,
1945,2.2200,-0.1155,0.1354,3.103,broken,0.980,2.77,1,0,0,1,-8.94,2,2.4,49,1936,
1941,2.2240,-0.1135,-0.0121,3.000,good,0.000,2.83,0,0,0,0,-6.42,3,0.0,,,
1946,2.2280,-0.1156,0.2371,2.998,good,0.003,2.74,0,0,0,0,-7.66,3,0.0,,,
1947,2.2280,-0.1105,-0.0603,3.289,good,0.002,2.06,0,0,0,0,-15.63,3,0.0,,,
1948,2.2280,-0.1116,0.0935,2.996,good,0.000,2.05,0,0,0,0,-9.05,3,0.0,,,
1951,2.2280,-0.1139,0.0625,3.437,good,0.002,3.40,0,0,0,0,-17.49,2,0.0,,,
1949,2.2320,-0.1125,0.0998,2.992,good,0.000,2.60,0,0,0,0,-5.73,3,0.0,,,
1950,2.2320,-0.1106,0.1509,3.000,good,0.000,1.68,0,0,0,0,-6.60,3,0.0,,,
1954,2.2320,-0.1173,0.1608,3.005,good,0.000,3.38,0,0,0,0,-4.56,2,0.0,,,
1955,2.2320,-0.1182,0.2064,2.987,good,0.024,5.38,0,0,0,0,-3.86,2,0.0,,,
1956,2.2320,-0.1169,-0.0099,2.969,sour,1.000,23.00,1,0,0,1,-3.92,2,3.2,30,1941,
1952,2.2360,-0.1147,0.0019,2.999,good,0.000,3.62,0,0,0,0,1.59,3,0.0,,,
1953,2.2360,-0.1107,-0.0302,3.011,good,0.000,2.42,0,0,0,0,-0.11,3,0.0,,,
1960,2.2360,-0.1157,0.2194,2.978,good,0.028,3.92,0,0,0,0,2.32,2,0.0,,,
1957,2.2400,-0.1159,-0.1393,3.010,insect,1.000,3.48,1,0,0,1,-4.15,3,3.1,14|13,1932,
1958,2.2400,-0.1146,0.0053,3.003,good,0.014,2.82,0,0,0,0,-4.47,3,0.0,,,
1959,2.2400,-0.1148,0.0153,2.959,faded,1.000,6.23,1,0,0,1,-3.39,3,3.2,33|34,1940,
1961,2.2400,-0.1199,-0.1939,3.001,good,0.001,2.81,0,0,0,0,-2.75,2,0.0,,,
1962,2.2400,-0.1172,-0.1711,3.367,broken,1.000,7.74,1,0,0,1,-11.56,2,2.4,10|9,1935,
1963,2.2400,-0.1158,0.0384,2.978,sour,1.000,16.80,1,0,0,1,-3.64,2,3.2,36|37,1939,
1964,2.2440,-0.1199,0.1585,3.450,good,0.001,2.90,0,0,0,0,-10.65,2,0.0,,,
1971,2.2440,-0.1030,0.0186,3.000,faded,1.000,6.22,1,0,0,1,-6.74,1,3.2,34,1940,
1969,2.2480,-0.1154,0.0264,3.042,good,0.001,6.71,0,0,0,0,-5.88,2,0.0,,,
1970,2.2480,-0.1160,-0.2358,3.045,good,0.001,3.30,0,0,0,0,-5.78,2,0.0,,,
1965,2.2520,-0.1120,0.2163,3.007,good,0.000,2.56,0,0,0,0,-10.43,3,0.0,,,
1966,2.2520,-0.1237,0.0863,2.997,good,0.000,2.89,0,0,0,0,-10.34,2,0.0,,,
1967,2.2520,-0.1093,-0.1913,3.013,good,0.000,3.07,0,0,0,0,-11.54,3,0.0,,,
1968,2.2520,-0.1225,-0.1305,2.417,good,0.002,2.86,0,0,0,0,7.02,2,0.0,,,
1973,2.2520,-0.1174,-0.1067,2.974,good,0.001,2.82,0,0,0,0,-8.00,2,0.0,,,
1974,2.2520,-0.1282,-0.0747,3.000,good,0.049,2.77,0,0,0,0,-9.04,1,0.0,,,
1982,2.2520,-0.1159,-0.0704,3.000,good,0.111,2.81,0,0,0,0,-9.15,1,0.0,,,
1983,2.2520,-0.1129,-0.1342,3.000,good,0.014,2.99,0,0,0,0,-10.17,1,0.0,,,
1984,2.2520,-0.1117,0.0894,3.000,good,0.000,3.18,0,0,0,0,-10.57,1,0.0,,,
1972,2.2560,-0.1147,0.1393,2.989,good,0.000,2.41,0,0,0,0,-8.99,3,0.0,,,
1978,2.2560,-0.1192,-0.1776,2.838,good,0.000,1.69,0,0,0,0,-3.64,2,0.0,,,
1979,2.2560,-0.1173,-0.0606,3.000,good,0.041,4.13,0,0,0,0,-8.49,2,0.0,,,
1980,2.2560,-0.1179,-0.0735,3.000,good,0.000,2.69,0,0,0,0,-8.32,2,0.0,,,
1981,2.2560,-0.1183,0.1968,2.998,good,0.001,7.26,0,0,0,0,-8.16,2,0.0,,,
1989,2.2560,-0.1037,-0.0662,3.000,good,0.038,2.84,0,0,0,0,-13.10,1,0.0,,,
1975,2.2600,-0.1106,0.2281,3.011,good,0.002,2.68,0,0,0,0,-5.42,3,0.0,,,
1976,2.2600,-0.1106,-0.0448,2.959,good,0.000,2.51,0,0,0,0,-4.25,3,0.0,,,
1977,2.2600,-0.1086,-0.0968,2.999,good,0.000,2.92,0,0,0,0,-5.92,3,0.0,,,
1988,2.2600,-0.1195,0.2329,2.980,good,0.361,3.06,0,0,0,0,-1.83,2,0.0,,,
1985,2.2640,-0.1104,-0.1900,2.999,good,0.000,2.06,0,0,0,0,2.54,3,0.0,,,
1986,2.2640,-0.1098,-0.0839,3.000,good,0.000,2.30,0,0,0,0,2.22,3,0.0,,,
1987,2.2640,-0.1117,0.0979,2.701,good,0.011,4.74,0,0,0,0,10.60,3,0.0,,,
1990,2.2640,-0.1167,0.1454,2.995,good,0.290,4.51,0,0,0,0,4.50,2,0.0,,,
1992,2.2680,-0.1196,0.2412,3.010,good,0.000,4.01,0,0,0,0,-4.82,2,0.0,,,
1993,2.2680,-0.1171,0.0745,3.006,good,0.000,2.61,0,0,0,0,-5.61,2,0.0,,,
1991,2.2720,-0.1108,-0.0464,3.214,good,0.000,2.52,0,0,0,0,-12.39,3,0.0,,,
1994,2.2760,-0.1151,0.1987,2.991,good,0.113,5.47,0,0,0,0,-5.34,3,0.0,,,
1995,2.2760,-0.1146,0.0249,3.009,good,0.000,3.29,0,0,0,0,-5.98,3,0.0,,,
1996,2.2760,-0.1141,0.1347,2.999,good,0.262,3.40,0,0,0,0,-5.96,3,0.0,,,
1997,2.2760,-0.1131,0.1688,2.991,good,0.000,2.44,0,0,0,0,-6.16,3,0.0,,,
1998,2.2800,-0.1122,0.1225,3.306,good,0.000,3.04,0,0,0,0,-14.74,3,0.0,,,
1999,2.2800,-0.1152,0.1860,2.874,good,0.000,3.78,0,0,0,0,-4.11,3,0.0,,,
2000,2.2800,-0.1081,0.0126,2.999,good,0.011,2.59,0,0,0,0,-9.67,3,0.0,,,
2001,2.2840,-0.1110,-0.2256,2.982,good,0.025,6.92,0,0,0,0,-7.32,3,0.0,,,
2002,2.2840,-0.1132,-0.2130,3.200,good,0.000,1.72,0,0,0,0,-11.55,3,0.0,,,
2003,2.2840,-0.1123,-0.0803,3.006,good,0.002,2.29,0,0,0,0,-7.59,3,0.0,,,
2004,2.2840,-0.1089,-0.1262,3.007,good,0.001,2.28,0,0,0,0,-8.78,3,0.0,,,
2007,2.2840,-0.1185,-0.0193,2.999,good,0.000,3.45,0,0,0,0,-5.41,2,0.0,,,
2005,2.2880,-0.1130,-0.0880,2.997,good,0.000,3.11,0,0,0,0,-8.36,3,0.0,,,
2006,2.2880,-0.1113,0.2229,2.975,good,0.005,6.02,0,0,0,0,-8.44,3,0.0,,,
2008,2.2920,-0.1119,0.0989,2.970,good,0.000,3.42,0,0,0,0,-4.86,3,0.0,,,
2009,2.2920,-0.1084,0.0678,3.034,good,0.001,3.77,0,0,0,0,-7.56,3,0.0,,,
2010,2.2960,-0.1153,-0.0977,2.999,faded,0.910,4.65,1,0,0,1,-3.65,3,3.2,19,1992,
2011,2.2960,-0.1168,-0.0829,2.880,good,0.000,2.40,0,0,0,0,-0.26,3,0.0,,,
2012,2.2960,-0.1137,0.0380,3.140,good,0.000,2.37,0,0,0,0,-7.51,3,0.0,,,
2013,2.2960,-0.1148,-0.0097,2.627,good,0.000,2.59,0,0,0,0,6.15,3,0.0,,,
2014,2.2960,-0.1119,-0.1256,2.963,good,0.000,4.16,0,0,0,0,-4.12,3,0.0,,,
2015,2.2960,-0.1090,0.1130,2.912,good,0.000,2.49,0,0,0,0,-3.92,3,0.0,,,
2016,2.3000,-0.1147,-0.0938,3.034,good,0.000,9.25,0,0,0,0,-6.67,3,0.0,,,
2019,2.3000,-0.1154,-0.0007,2.992,faded,0.547,3.27,1,0,0,1,-5.51,2,3.2,31|32,1989,
2017,2.3040,-0.1083,-0.2123,3.018,good,0.001,7.37,0,0,0,0,-7.14,3,0.0,,,
2018,2.3040,-0.1123,0.1520,2.979,good,0.001,2.11,0,0,0,0,-4.95,3,0.0,,,
2025,2.3040,-0.1175,-0.1820,2.951,good,0.000,1.99,0,0,0,0,-2.58,2,0.0,,,
2020,2.3080,-0.1135,0.1325,3.183,good,0.000,3.46,0,0,0,0,-12.48,3,0.0,,,
2021,2.3080,-0.1121,0.1013,2.848,good,0.005,2.54,0,0,0,0,-5.13,3,0.0,,,
2022,2.3080,-0.1088,-0.1534,2.996,black,1.000,47.18,1,0,0,1,-9.96,3,3.2,12,2016,
2023,2.3080,-0.1082,0.2143,3.106,good,0.000,2.25,0,0,0,0,-12.67,3,0.0,,,
2024,2.3080,-0.1089,-0.2355,3.000,good,0.181,9.60,0,0,0,0,-10.11,3,0.0,,,
2026,2.3080,-0.1154,0.1600,3.070,stone,1.000,19.62,1,0,0,1,-9.62,2,9.1,52|51|53,1955,
2030,2.3120,-0.1197,-0.0235,3.251,good,0.000,2.07,0,0,0,0,-2.33,2,0.0,,,
2031,2.3120,-0.1189,-0.0642,3.373,good,0.000,1.95,0,0,0,0,-5.06,2,0.0,,,
2027,2.3160,-0.1147,0.0477,2.990,good,0.000,2.80,0,0,0,0,-1.35,3,0.0,,,
2028,2.3160,-0.1146,-0.0415,2.812,good,0.009,1.71,0,0,0,0,3.14,3,0.0,,,
2029,2.3160,-0.1066,0.1251,3.284,good,0.001,7.09,0,0,0,0,-10.30,3,0.0,,,
2040,2.3160,-0.1139,0.1212,3.000,good,0.025,2.63,0,0,0,0,-1.95,1,0.0,,,
2032,2.3200,-0.1104,-0.1381,3.011,good,0.003,3.37,0,0,0,0,-6.31,3,0.0,,,
2033,2.3200,-0.1098,0.1828,3.000,good,0.000,2.33,0,0,0,0,-6.34,3,0.0,,,
2034,2.3200,-0.1211,-0.0293,3.083,broken,0.715,3.54,1,0,0,1,-8.58,2,2.4,28,,
2043,2.3200,-0.1088,-0.0262,3.000,broken,0.745,3.30,1,0,0,1,-6.71,1,2.4,28,2007,
2035,2.3240,-0.1112,0.1973,3.071,good,0.012,2.93,0,0,0,0,-7.60,3,0.0,,,
2036,2.3240,-0.1095,0.0275,3.193,good,0.000,3.60,0,0,0,0,-10.87,3,0.0,,,
2037,2.3240,-0.1115,-0.0438,3.033,good,0.000,2.28,0,0,0,0,-6.78,3,0.0,,,
2038,2.3240,-0.1099,0.0869,3.056,black,1.000,49.39,1,0,0,1,-7.88,3,3.2,43|42,2006,
2039,2.3240,-0.1091,-0.1781,2.895,good,0.003,2.72,0,0,0,0,-4.40,3,0.0,,,
2041,2.3280,-0.1133,0.1292,3.187,good,0.001,2.78,0,0,0,0,-12.82,3,0.0,,,
2042,2.3280,-0.1181,-0.0724,2.562,good,0.000,1.74,0,0,0,0,5.34,3,0.0,,,
2046,2.3280,-0.1171,-0.1157,3.009,good,0.005,2.97,0,0,0,0,-7.70,2,0.0,,,
2047,2.3280,-0.1172,0.0479,2.962,faded,0.853,3.58,1,0,0,1,-6.53,2,3.2,38|37,2024,
2044,2.3320,-0.1148,0.0646,2.991,good,0.000,2.48,0,0,0,0,-6.28,3,0.0,,,
2045,2.3320,-0.1111,0.2167,3.012,good,0.001,2.68,0,0,0,0,-8.05,3,0.0,,,
2053,2.3320,-0.1197,-0.0912,3.003,good,0.000,3.05,0,0,0,0,-5.01,2,0.0,,,
2054,2.3320,-0.1180,-0.0172,3.003,good,0.002,2.01,0,0,0,0,-5.62,2,0.0,,,
2048,2.3360,-0.1151,-0.0234,3.000,broken,0.973,1.86,1,0,0,1,-5.91,3,2.4,29|28,2028,
2049,2.3360,-0.1122,-0.1658,3.242,good,0.004,2.26,0,0,0,0,-12.23,3,0.0,,,
2050,2.3360,-0.1108,0.0087,3.030,good,0.004,5.82,0,0,0,0,-8.16,3,0.0,,,
2051,2.3360,-0.1140,-0.2077,2.573,good,0.000,7.55,0,0,0,0,5.39,3,0.0,,,
2052,2.3360,-0.1074,0.1694,3.140,insect,1.000,7.54,1,0,0,1,-11.74,3,3.1,53,2036,
2056,2.3360,-0.1314,-0.2096,3.000,good,0.000,1.77,0,0,0,0,-4.67,1,0.0,,,
2057,2.3360,-0.1196,0.1516,3.049,broken,1.000,6.69,1,0,0,1,-5.85,2,2.4,51,2030,
2055,2.3400,-0.1105,-0.0624,3.022,good,0.000,3.68,0,0,0,0,-5.03,3,0.0,,,
2062,2.3400,-0.1159,-0.0539,3.306,good,0.000,2.74,0,0,0,0,-9.48,2,0.0,,,
2063,2.3400,-0.1137,0.0882,3.256,sour,1.000,12.80,1,0,0,1,-9.18,2,3.2,43,2048,
2058,2.3440,-0.1137,-0.1799,3.051,good,0.000,1.99,0,0,0,0,0.36,3,0.0,,,
2059,2.3440,-0.1148,0.0259,2.970,good,0.002,1.62,0,0,0,0,2.59,3,0.0,,,
2060,2.3440,-0.1122,-0.2105,2.986,good,0.128,5.71,0,0,0,0,1.29,3,0.0,,,
2061,2.3440,-0.1082,-0.1635,2.973,good,0.013,2.73,0,0,0,0,0.23,3,0.0,,,
2064,2.3440,-0.1167,0.1367,2.999,good,0.003,6.69,0,0,0,0,2.40,2,0.0,,,
2067,2.3480,-0.1168,0.1588,2.996,good,0.008,6.75,0,0,0,0,-5.88,2,0.0,,,
2068,2.3480,-0.1140,0.1941,3.274,good,0.006,4.73,0,0,0,0,-12.93,2,0.0,,,
2076,2.3480,-0.1035,-0.2136,3.000,good,0.001,4.38,0,0,0,0,-10.45,1,0.0,,,
2065,2.3520,-0.1108,0.0221,3.010,good,0.000,3.98,0,0,0,0,-9.36,3,0.0,,,
2066,2.3520,-0.1094,0.1082,2.966,faded,0.999,4.46,1,0,0,1,-8.86,3,3.2,45|46,2038,
2074,2.3520,-0.1176,-0.0230,3.179,good,0.058,3.57,0,0,0,0,-11.07,2,0.0,,,
2075,2.3520,-0.1136,-0.0981,3.205,good,0.037,4.03,0,0,0,0,-12.88,2,0.0,,,
2069,2.3560,-0.1163,0.2348,2.760,good,0.001,3.41,0,0,0,0,-0.52,3,0.0,,,
2070,2.3560,-0.1116,-0.0319,3.008,good,0.000,4.38,0,0,0,0,-8.60,3,0.0,,,
2071,2.3560,-0.1173,0.0366,2.474,good,0.004,2.74,0,0,0,0,8.83,3,0.0,,,
2072,2.3560,-0.1110,0.0821,2.936,good,0.002,2.20,0,0,0,0,-7.19,3,0.0,,,
2073,2.3560,-0.1083,0.1503,3.004,good,0.014,3.91,0,0,0,0,-9.75,3,0.0,,,
2077,2.3560,-0.1173,0.0525,2.986,good,0.020,7.63,0,0,0,0,-6.37,2,0.0,,,
2079,2.3560,-0.1172,-0.2365,2.981,good,0.000,2.80,0,0,0,0,-6.30,2,0.0,,,
2078,2.3600,-0.1082,-0.0981,2.993,good,0.000,2.77,0,0,0,0,-12.27,3,0.0,,,
2082,2.3600,-0.1198,-0.1003,2.998,faded,0.999,4.30,1,0,0,1,-8.59,2,3.2,19|18,2054,
2080,2.3640,-0.1149,0.1111,3.099,good,0.007,3.10,0,0,0,0,-5.34,3,0.0,,,
2081,2.3640,-0.1092,0.1003,3.007,good,0.004,1.94,0,0,0,0,-5.16,3,0.0,,,
2087,2.3640,-0.1189,-0.0433,3.020,good,0.001,3.00,0,0,0,0,-2.30,2,0.0,,,
2088,2.3640,-0.1173,-0.1598,2.992,good,0.000,3.26,0,0,0,0,-2.19,2,0.0,,,
2083,2.3680,-0.1102,0.0019,2.995,good,0.000,3.03,0,0,0,0,-5.44,3,0.0,,,
2084,2.3680,-0.1098,-0.1450,2.999,good,0.000,2.87,0,0,0,0,-5.74,3,0.0,,,
2085,2.3680,-0.1096,-0.0776,3.042,good,0.000,3.80,0,0,0,0,-6.83,3,0.0,,,
2086,2.3680,-0.1081,0.1893,2.998,good,0.016,8.33,0,0,0,0,-6.37,3,0.0,,,
2089,2.3720,-0.1079,-0.0204,3.281,good,0.000,1.99,0,0,0,0,-15.76,3,0.0,,,
2090,2.3720,-0.1204,-0.0293,3.450,good,0.001,4.14,0,0,0,0,-19.32,2,0.0,,,
2091,2.3720,-0.1114,-0.1969,2.905,good,0.000,1.76,0,0,0,0,-6.50,3,0.0,,,
2097,2.3720,-0.1058,-0.0327,3.000,good,0.001,4.28,0,0,0,0,-10.67,1,0.0,,,
2094,2.3760,-0.1173,-0.0797,2.992,good,0.000,2.44,0,0,0,0,-3.19,2,0.0,,,
2095,2.3760,-0.1170,0.0457,3.004,sour,1.000,13.99,1,0,0,1,-3.64,2,3.2,37|38,2063,
2096,2.3760,-0.1164,-0.2126,2.999,good,0.000,2.96,0,0,0,0,-3.81,2,0.0,,,
2092,2.3800,-0.1130,-0.2080,2.935,sour,1.000,23.66,1,0,0,1,-4.29,3,3.2,5,2097,
2093,2.3800,-0.1101,-0.0268,3.038,black,0.988,26.76,1,0,0,1,-7.77,3,3.2,28,2088|2090,
2098,2.3840,-0.1083,-0.0543,2.965,good,0.002,2.73,0,0,0,0,-9.09,3,0.0,,,
2099,2.3880,-0.1132,0.0253,3.231,good,0.001,2.16,0,0,0,0,-11.38,3,0.0,,,
2100,2.3880,-0.1160,-0.1250,2.714,good,0.003,4.16,0,0,0,0,2.18,3,0.0,,,
2101,2.3880,-0.1129,-0.1865,3.015,broken,0.890,3.20,1,0,0,1,-6.84,3,2.4,8|7,2091,
2103,2.3880,-0.1192,0.1668,3.078,good,0.000,3.24,0,0,0,0,-6.30,2,0.0,,,
2105,2.3880,-0.1195,0.2306,2.879,good,0.032,3.30,0,0,0,0,-1.29,2,0.0,,,
2102,2.3920,-0.1227,0.2451,3.004,good,0.044,5.81,0,0,0,0,-5.48,2,0.0,,,
2104,2.3920,-0.1097,0.0431,2.733,good,0.000,2.88,0,0,0,0,1.07,3,0.0,,,
2108,2.3920,-0.1191,-0.0128,3.005,good,0.077,8.47,0,0,0,0,-2.81,2,0.0,,,
2109,2.3920,-0.1159,-0.0444,3.016,good,0.004,5.73,0,0,0,0,-4.20,2,0.0,,,
2106,2.3960,-0.1195,0.0684,2.595,good,0.001,3.92,0,0,0,0,9.77,3,0.0,,,
2107,2.3960,-0.1103,0.0535,3.201,good,0.000,2.50,0,0,0,0,-9.19,3,0.0,,,
2110,2.4000,-0.1095,0.1614,3.023,good,0.003,2.66,0,0,0,0,-6.10,3,0.0,,,
2112,2.4000,-0.1171,-0.1901,3.269,broken,0.998,8.60,1,0,0,1,-9.01,2,2.4,7,2104,
2113,2.4000,-0.1168,0.1767,3.002,good,0.000,1.65,0,0,0,0,-3.31,2,0.0,,,
2111,2.4040,-0.1095,-0.0040,3.018,good,0.000,4.52,0,0,0,0,-7.37,3,0.0,,,
2116,2.4040,-0.1183,0.0299,3.029,good,0.001,2.42,0,0,0,0,-4.77,2,0.0,,,
2117,2.4040,-0.1180,-0.0764,3.194,good,0.000,1.63,0,0,0,0,-8.60,2,0.0,,,
2118,2.4040,-0.1123,-0.1090,3.415,good,0.000,1.83,0,0,0,0,-14.72,2,0.0,,,
2114,2.4080,-0.1150,0.1743,2.882,good,0.000,1.48,0,0,0,0,-4.14,3,0.0,,,
2115,2.4080,-0.1081,-0.1623,3.002,good,0.000,1.61,0,0,0,0,-9.47,3,0.0,,,
2119,2.4120,-0.1130,0.0545,2.981,insect,1.000,5.37,1,0,0,1,-6.69,3,3.1,38|39,2116,
2120,2.4120,-0.1091,-0.1212,2.960,good,0.000,3.42,0,0,0,0,-7.56,3,0.0,,,
2126,2.4120,-0.1160,-0.0555,3.371,good,0.002,3.06,0,0,0,0,-14.18,2,0.0,,,
2127,2.4120,-0.1159,0.1663,3.012,good,0.000,3.07,0,0,0,0,-6.59,2,0.0,,,
2128,2.4120,-0.1154,0.1468,3.199,good,0.009,5.32,0,0,0,0,-10.97,2,0.0,,,
2122,2.4160,-0.1146,-0.2199,2.584,sour,1.000,12.64,1,1,1,0,2.17,3,3.2,3|4,2102,
2123,2.4160,-0.1110,-0.0282,2.996,good,0.000,3.38,0,0,0,0,-10.49,3,0.0,,,
2124,2.4160,-0.1097,0.0598,3.113,good,0.000,4.19,0,0,0,0,-13.60,3,0.0,,,
2125,2.4160,-0.1086,0.2204,2.999,good,0.000,1.94,0,0,0,0,-11.49,3,0.0,,,
2132,2.4160,-0.1173,-0.0039,3.450,good,0.002,3.04,0,0,0,0,-18.10,2,0.0,,,
2133,2.4160,-0.1193,-0.2289,2.983,black,1.000,49.86,1,0,0,1,-7.64,2,3.2,2,2118,
2134,2.4160,-0.1177,0.1372,2.989,good,0.003,9.07,0,0,0,0,-8.36,2,0.0,,,
2121,2.4200,-0.1196,-0.0483,1.800,stone,1.000,16.46,1,1,1,0,41.86,4,9.1,25|26|24,2077,
2129,2.4200,-0.1153,0.0330,3.096,good,0.003,2.20,0,0,0,0,-10.70,3,0.0,,,
2130,2.4200,-0.1139,-0.1012,2.985,good,0.001,2.68,0,0,0,0,-8.64,3,0.0,,,
2131,2.4200,-0.1134,-0.1971,2.887,good,0.000,2.65,0,0,0,0,-6.42,3,0.0,,,
2138,2.4200,-0.1194,0.0769,2.652,good,0.000,2.93,0,0,0,0,2.35,2,0.0,,,
2135,2.4240,-0.1116,0.1397,3.181,good,0.000,2.51,0,0,0,0,-10.67,3,0.0,,,
2136,2.4240,-0.1112,0.2109,3.004,good,0.000,3.59,0,0,0,0,-6.94,3,0.0,,,
2137,2.4240,-0.1117,0.1189,2.879,good,0.001,2.93,0,0,0,0,-3.75,3,0.0,,,
2139,2.4280,-0.1125,0.1053,3.234,good,0.000,2.98,0,0,0,0,-12.82,3,0.0,,,
2142,2.4280,-0.1160,0.1518,3.450,good,0.005,5.51,0,0,0,0,-15.97,2,0.0,,,
2143,2.4280,-0.1180,0.0072,2.909,insect,1.000,4.65,1,0,0,1,-3.70,2,3.1,32|33,2122,
2150,2.4280,-0.1075,-0.0477,3.000,stone,1.000,15.73,1,0,0,1,-9.48,1,9.1,25|26|24,2077,
2140,2.4320,-0.1097,0.2268,3.083,good,0.001,3.43,0,0,0,0,-9.74,3,0.0,,,
2141,2.4320,-0.1105,-0.1672,2.990,good,0.000,2.68,0,0,0,0,-7.43,3,0.0,,,
2148,2.4320,-0.1169,0.1572,3.224,good,0.002,2.05,0,0,0,0,-10.61,2,0.0,,,
2149,2.4320,-0.1159,-0.0252,3.091,good,0.000,2.68,0,0,0,0,-8.05,2,0.0,,,
2154,2.4320,-0.1064,0.0109,3.000,insect,1.000,4.67,1,0,0,1,-9.12,1,3.1,33,2122,
2155,2.4320,-0.0996,0.1544,3.000,good,0.000,3.91,0,0,0,0,-11.40,1,0.0,,,
2144,2.4360,-0.1132,-0.1260,2.935,good,0.006,1.74,0,0,0,0,-4.43,3,0.0,,,
2145,2.4360,-0.1149,0.1802,3.049,good,0.012,8.84,0,0,0,0,-6.65,3,0.0,,,
2146,2.4360,-0.1108,0.0173,2.996,good,0.050,3.81,0,0,0,0,-6.83,3,0.0,,,
2147,2.4360,-0.1119,-0.2332,2.858,black,1.000,53.68,1,0,0,1,-3.09,3,3.2,2|1,2117,
2151,2.4400,-0.1138,-0.0510,2.996,good,0.000,2.77,0,0,0,0,-8.00,3,0.0,,,
2152,2.4400,-0.1140,0.0070,3.045,good,0.000,2.65,0,0,0,0,-9.11,3,0.0,,,
2153,2.4400,-0.1128,0.0424,2.995,good,0.000,2.82,0,0,0,0,-8.37,3,0.0,,,
2157,2.4400,-0.1186,-0.0076,3.000,faded,0.966,4.60,1,0,0,1,-6.64,2,3.2,31|30,2152,
2158,2.4400,-0.1170,-0.0722,3.027,good,0.003,2.27,0,0,0,0,-7.89,2,0.0,,,
2156,2.4440,-0.1147,0.0791,2.793,good,0.012,3.00,0,0,0,0,-0.75,3,0.0,,,
2159,2.4480,-0.1192,-0.0345,2.599,good,0.001,3.62,0,0,0,0,4.55,3,0.0,,,
2160,2.4480,-0.1137,0.0196,3.005,good,0.005,3.26,0,0,0,0,-8.72,3,0.0,,,
2161,2.4480,-0.1096,-0.1478,3.374,good,0.001,2.33,0,0,0,0,-17.78,3,0.0,,,
2162,2.4480,-0.1133,0.1090,3.059,good,0.003,5.43,0,0,0,0,-10.21,3,0.0,,,
2163,2.4480,-0.1162,0.1818,2.652,good,0.000,2.70,0,0,0,0,1.56,3,0.0,,,
2164,2.4480,-0.1123,-0.0082,3.026,shell,1.000,11.98,1,0,0,1,-9.84,3,2.4,30|31,2163,
2166,2.4480,-0.1178,0.2324,3.450,good,0.008,5.58,0,0,0,0,-16.94,2,0.0,,,
2167,2.4480,-0.1167,0.0570,3.011,good,0.000,4.50,0,0,0,0,-8.12,2,0.0,,,
2171,2.4480,-0.1036,0.0821,3.000,good,0.005,2.72,0,0,0,0,-12.23,1,0.0,,,
2165,2.4520,-0.1085,-0.1812,3.002,good,0.027,1.95,0,0,0,0,-7.15,3,0.0,,,
2170,2.4520,-0.1173,-0.1736,2.964,good,0.003,2.64,0,0,0,0,-3.33,2,0.0,,,
2168,2.4560,-0.1130,-0.1325,2.991,good,0.109,6.61,0,0,0,0,-4.77,3,0.0,,,
2169,2.4560,-0.1101,-0.2222,2.998,good,0.000,2.74,0,0,0,0,-5.98,3,0.0,,,
2173,2.4560,-0.1164,0.1951,2.976,good,0.000,1.92,0,0,0,0,-3.39,2,0.0,,,
2172,2.4600,-0.1129,0.1240,3.316,good,0.000,3.82,0,0,0,0,-14.62,3,0.0,,,
2178,2.4600,-0.1170,0.0525,3.450,good,0.003,2.17,0,0,0,0,-15.98,2,0.0,,,
2174,2.4640,-0.1144,0.1269,2.997,good,0.030,2.68,0,0,0,0,2.99,3,0.0,,,
2175,2.4640,-0.1148,-0.1390,2.878,good,0.030,3.88,0,0,0,0,6.03,3,0.0,,,
2176,2.4640,-0.1099,-0.1533,3.007,good,0.025,2.72,0,0,0,0,1.14,3,0.0,,,
2177,2.4640,-0.1088,-0.0559,3.042,black,1.000,55.27,1,1,1,0,-0.05,3,3.2,24|25,2174,2174
2182,2.4640,-0.1184,-0.2202,3.450,good,0.001,2.23,0,0,0,0,-5.44,2,0.0,,,
2190,2.4640,-0.1029,0.0479,3.000,good,0.002,2.11,0,0,0,0,-1.12,1,0.0,,,
2179,2.4680,-0.1153,0.1652,3.000,good,0.011,3.22,0,0,0,0,-10.95,3,0.0,,,
2180,2.4680,-0.1123,0.0059,2.999,good,0.000,2.29,0,0,0,0,-11.97,3,0.0,,,
2181,2.4680,-0.1098,-0.0279,2.993,good,0.051,3.96,0,0,0,0,-12.71,3,0.0,,,
2183,2.4680,-0.1082,0.0832,3.051,good,0.000,2.37,0,0,0,0,-14.60,3,0.0,,,
2188,2.4680,-0.1177,0.1442,2.983,good,0.000,2.63,0,0,0,0,-9.90,2,0.0,,,
2189,2.4680,-0.1179,-0.0763,3.022,good,0.003,2.62,0,0,0,0,-10.80,2,0.0,,,
2184,2.4720,-0.1153,-0.1014,2.999,good,0.000,2.25,0,0,0,0,-6.99,3,0.0,,,
2185,2.4720,-0.1231,-0.1165,3.450,good,0.000,3.19,0,0,0,0,-18.17,2,0.0,,,
2186,2.4720,-0.1141,-0.1789,3.003,good,0.000,1.99,0,0,0,0,-7.58,3,0.0,,,
2187,2.4720,-0.1137,0.0537,3.008,good,0.000,4.56,0,0,0,0,-7.89,3,0.0,,,
2192,2.4720,-0.1150,-0.2294,2.990,good,0.006,5.70,0,0,0,0,-7.05,2,0.0,,,
2193,2.4720,-0.1170,-0.0443,2.989,good,0.000,4.87,0,0,0,0,-6.39,2,0.0,,,
2200,2.4720,-0.1074,-0.1200,3.000,good,0.000,3.25,0,0,0,0,-9.87,1,0.0,,,
2191,2.4760,-0.1154,-0.0994,3.105,good,0.156,19.26,1,0,0,1,-7.49,3,9.0,19|18|20,2189,
2198,2.4760,-0.1192,0.0864,2.668,good,0.000,3.22,0,0,0,0,5.20,2,0.0,,,
2199,2.4760,-0.1169,-0.1004,2.867,good,0.482,16.74,0,0,0,0,-1.36,2,0.0,,,
2194,2.4800,-0.1152,-0.1858,2.887,good,0.000,1.70,0,0,0,0,-0.40,3,0.0,,,
2195,2.4800,-0.1393,-0.0864,3.000,good,0.013,5.07,0,0,0,0,-3.17,1,0.0,,,
2196,2.4800,-0.1109,-0.0384,3.004,good,0.000,7.01,0,0,0,0,-4.79,3,0.0,,,
2197,2.4800,-0.1084,0.1025,2.994,good,0.000,2.34,0,0,0,0,-5.41,3,0.0,,,
2205,2.4800,-0.1303,-0.0898,3.000,good,0.020,5.17,0,0,0,0,-2.27,1,0.0,,,
2201,2.4840,-0.1312,-0.1200,2.713,broken,1.000,12.36,1,1,1,0,6.71,2,2.4,16,,
2202,2.4840,-0.1137,0.1858,3.039,good,0.009,3.13,0,0,0,0,-4.26,3,0.0,,,
2203,2.4840,-0.1176,0.0779,2.403,good,0.000,3.05,0,0,0,0,15.88,3,0.0,,,
2204,2.4840,-0.1213,-0.2377,3.292,good,0.018,2.14,0,0,0,0,-11.47,2,0.0,,,
2207,2.4840,-0.1178,0.0594,3.016,good,0.000,2.14,0,0,0,0,-2.52,2,0.0,,,
2208,2.4840,-0.1213,-0.0932,3.000,good,0.011,4.85,0,0,0,0,-4.97,1,0.0,,,
2213,2.4840,-0.1123,-0.0967,3.000,good,0.006,5.19,0,0,0,0,-3.98,1,0.0,,,
2214,2.4840,-0.1081,-0.2407,3.000,good,0.005,2.29,0,0,0,0,-5.42,1,0.0,,,
2206,2.4880,-0.1136,-0.0141,3.003,broken,0.940,5.00,1,1,1,0,-1.36,3,2.4,30|29,2203,2203
2212,2.4880,-0.1096,-0.1145,2.700,broken,1.000,12.35,1,1,1,0,5.06,2,2.4,17,2176,
2219,2.4880,-0.1079,0.0809,3.000,good,0.000,2.78,0,0,0,0,-3.29,1,0.0,,,
2220,2.4880,-0.1034,-0.1001,3.000,good,0.013,5.18,0,0,0,0,-4.82,1,0.0,,,
2209,2.4920,-0.1115,-0.1069,2.904,good,0.001,2.56,0,0,0,0,-3.55,3,0.0,,,
2210,2.4920,-0.1088,-0.1440,2.994,faded,0.998,4.67,1,0,0,1,-6.69,3,3.2,13,2187,
2211,2.4920,-0.1084,-0.2408,3.000,good,0.000,1.90,0,0,0,0,-7.01,3,0.0,,,
2217,2.4920,-0.1188,-0.0268,3.450,good,0.016,3.39,0,0,0,0,-13.09,2,0.0,,,
2218,2.4920,-0.1312,-0.0447,3.000,good,0.004,3.10,0,0,0,0,-3.46,1,0.0,,,
2224,2.4920,-0.1131,-0.0465,3.000,good,0.001,3.05,0,0,0,0,-5.50,1,0.0,,,
2225,2.4920,-0.0988,-0.1100,3.000,broken,1.000,12.47,1,0,0,1,-10.27,1,2.4,17|18,2176,
2215,2.4960,-0.1094,-0.1979,3.156,good,0.007,2.64,0,0,0,0,-5.23,3,0.0,,,
2216,2.4960,-0.1114,0.0461,3.069,good,0.001,4.60,0,0,0,0,-2.77,3,0.0,,,
2221,2.5000,-0.1142,-0.0754,3.001,good,0.000,2.12,0,0,0,0,-5.45,3,0.0,,,
2222,2.5000,-0.1120,-0.0670,2.996,good,0.000,1.64,0,0,0,0,-6.13,3,0.0,,,
2223,2.5000,-0.1095,0.1574,3.007,good,0.000,2.26,0,0,0,0,-7.27,3,0.0,,,
2226,2.5040,-0.1143,0.0686,2.918,black,1.000,44.81,1,1,1,0,-0.18,3,3.2,40,2190,
2227,2.5040,-0.1118,-0.1996,3.001,good,0.003,3.71,0,0,0,0,-3.11,3,0.0,,,
2228,2.5040,-0.1098,-0.1084,2.799,good,0.000,2.34,0,0,0,0,1.19,3,0.0,,,
2229,2.5080,-0.1139,0.1962,2.896,good,0.000,1.99,0,0,0,0,-1.77,3,0.0,,,
2230,2.5080,-0.1133,-0.1745,2.992,good,0.000,2.04,0,0,0,0,-4.42,3,0.0,,,
2231,2.5080,-0.1145,0.0247,2.849,good,0.010,2.88,0,0,0,0,-0.51,3,0.0,,,
2232,2.5080,-0.1091,0.1212,2.997,black,1.000,50.65,1,0,0,1,-6.04,3,3.2,47,2210,
2234,2.5080,-0.1170,-0.1410,3.024,good,0.139,6.31,0,0,0,0,-4.14,2,0.0,,,
2235,2.5080,-0.1159,0.2099,2.996,faded,1.000,6.37,1,0,0,1,-3.87,2,3.2,58|59,2196,
2233,2.5120,-0.1098,-0.1941,2.996,good,0.000,2.03,0,0,0,0,-9.29,3,0.0,,,
2240,2.5120,-0.1178,-0.1434,3.016,good,0.011,2.23,0,0,0,0,-7.16,2,0.0,,,
2241,2.5120,-0.1162,-0.0309,2.999,good,0.000,2.93,0,0,0,0,-7.32,2,0.0,,,
2236,2.5160,-0.1271,-0.2156,2.883,good,0.079,4.43,0,0,0,0,-4.03,2,0.0,,,
2237,2.5160,-0.1286,-0.0192,2.528,good,0.008,3.08,0,0,0,0,7.61,2,0.0,,,
2238,2.5160,-0.1134,-0.0584,2.994,good,0.000,2.64,0,0,0,0,-7.59,3,0.0,,,
2239,2.5160,-0.1098,-0.1345,3.007,broken,0.842,3.22,1,0,0,1,-9.16,3,2.4,14,2218,
2244,2.5160,-0.1190,-0.2142,3.450,good,0.002,6.07,0,0,0,0,-15.49,2,0.0,,,
2248,2.5160,-0.1185,-0.0161,3.000,good,0.012,3.08,0,0,0,0,-6.14,1,0.0,,,
2242,2.5200,-0.1100,0.1164,3.000,good,0.001,5.45,0,0,0,0,-8.42,3,0.0,,,
2243,2.5200,-0.1134,-0.1929,2.990,faded,1.000,5.12,1,0,0,1,-7.14,3,3.2,7,2217,
2245,2.5200,-0.1108,0.1276,2.994,good,0.002,4.35,0,0,0,0,-8.15,3,0.0,,,
2246,2.5200,-0.1199,0.1017,2.997,good,0.000,2.02,0,0,0,0,-5.26,2,0.0,,,
2247,2.5200,-0.1190,0.1271,3.013,faded,0.991,4.91,1,0,0,1,-5.97,2,3.2,48,2232,
2250,2.5240,-0.1184,0.0787,2.997,good,0.000,2.33,0,0,0,0,-2.85,2,0.0,,,
2249,2.5280,-0.1092,-0.1330,3.124,good,0.000,2.06,0,0,0,0,-10.55,3,0.0,,,
2255,2.5280,-0.1168,-0.1445,3.003,good,0.000,3.21,0,0,0,0,-5.36,2,0.0,,,
2251,2.5320,-0.1156,-0.2361,2.849,good,0.086,3.20,0,0,0,0,-4.39,3,0.0,,,
2252,2.5320,-0.1334,-0.0820,3.000,good,0.001,11.88,0,0,0,0,-10.28,1,0.0,,,
2253,2.5320,-0.1112,-0.1231,3.007,good,0.009,2.76,0,0,0,0,-9.91,3,0.0,,,
2254,2.5320,-0.1096,0.1761,3.091,good,0.001,3.15,0,0,0,0,-12.37,3,0.0,,,
2258,2.5320,-0.1163,0.0648,3.029,good,0.000,3.61,0,0,0,0,-8.81,2,0.0,,,
2259,2.5320,-0.1065,-0.0778,3.450,good,0.002,7.09,0,0,0,0,-20.42,2,0.0,,,
2260,2.5320,-0.1088,-0.0874,3.001,good,0.000,3.10,0,0,0,0,-10.71,2,0.0,,,
2263,2.5320,-0.1161,-0.0753,3.000,good,0.000,3.08,0,0,0,0,-8.27,1,0.0,,,
2256,2.5360,-0.1263,-0.1829,2.526,good,0.000,5.75,0,0,0,0,7.10,2,0.0,,,
2257,2.5360,-0.1115,-0.1689,2.982,good,0.000,3.27,0,0,0,0,-7.59,3,0.0,,,
2265,2.5360,-0.1162,-0.1792,3.000,good,0.000,5.54,0,0,0,0,-6.47,1,0.0,,,
2262,2.5400,-0.1110,0.0557,2.790,good,0.025,1.89,0,0,0,0,-1.83,3,0.0,,,
2264,2.5400,-0.1194,-0.1320,3.019,good,0.001,2.20,0,0,0,0,-4.84,2,0.0,,,
2261,2.5440,-0.1115,-0.2357,2.378,good,0.001,1.79,0,0,0,0,9.20,4,0.0,,,
2268,2.5440,-0.1197,0.1363,3.328,good,0.000,1.90,0,0,0,0,-13.79,2,0.0,,,
2269,2.5440,-0.1190,0.1825,3.072,husk,0.998,8.70,1,0,0,1,-8.56,2,2.4,55,2237,
2266,2.5480,-0.1139,0.2322,2.796,good,0.000,3.38,0,0,0,0,-4.70,3,0.0,,,
2267,2.5480,-0.1125,0.0997,2.996,good,0.000,3.70,0,0,0,0,-10.32,3,0.0,,,
2273,2.5480,-0.1197,0.1088,3.118,black,1.000,49.89,1,0,0,1,-10.83,2,3.2,45|46,2247,
2275,2.5480,-0.1157,-0.0200,3.383,good,0.002,10.13,0,0,0,0,-17.59,2,0.0,,,
2276,2.5480,-0.1167,0.2159,2.995,good,0.007,3.42,0,0,0,0,-9.03,2,0.0,,,
2270,2.5520,-0.1166,-0.2105,2.752,good,0.000,2.62,0,0,0,0,2.84,3,0.0,,,
2271,2.5520,-0.1092,0.0615,3.060,good,0.000,3.29,0,0,0,0,-7.60,3,0.0,,,
2272,2.5520,-0.1094,0.1762,3.071,good,0.252,14.81,0,0,0,0,-7.80,3,0.0,,,
2274,2.5520,-0.1212,0.2454,2.217,black,1.000,50.59,1,1,1,0,19.70,2,3.2,63,2224,
2280,2.5520,-0.1152,0.2393,3.450,good,0.488,20.77,1,0,0,1,-13.74,2,9.0,62|63|61,2224|2243,
2281,2.5520,-0.1174,0.0904,2.962,good,0.000,2.06,0,0,0,0,-2.76,2,0.0,,,
2288,2.5520,-0.1038,0.1027,3.000,black,0.897,19.30,1,0,0,1,-8.24,1,3.2,45|44,2247|2260,
2277,2.5560,-0.1140,0.1620,3.002,good,0.002,2.52,0,0,0,0,-2.98,3,0.0,,,
2278,2.5560,-0.1119,-0.0900,2.998,good,0.000,2.00,0,0,0,0,-3.65,3,0.0,,,
2279,2.5560,-0.1105,-0.0009,3.003,good,0.195,2.86,0,0,0,0,-4.27,3,0.0,,,
2287,2.5560,-0.1190,0.1321,2.974,good,0.001,5.63,0,0,0,0,-0.76,2,0.0,,,
2282,2.5600,-0.1168,-0.1615,3.000,good,0.411,3.82,0,0,0,0,3.03,3,0.0,,,
2283,2.5600,-0.1132,-0.0703,2.933,good,0.000,2.70,0,0,0,0,3.38,3,0.0,,,
2284,2.5600,-0.1100,-0.0604,2.985,faded,0.907,6.85,1,1,1,0,0.97,3,3.2,24,2259|2274,
2285,2.5600,-0.1215,-0.0504,3.047,good,0.025,2.48,0,0,0,0,-0.75,2,0.0,,,
2286,2.5600,-0.1094,-0.1105,3.008,good,0.000,5.23,0,0,0,0,0.13,3,0.0,,,
2291,2.5600,-0.1175,-0.2289,3.139,good,0.128,3.27,0,0,0,0,-0.22,2,0.0,,,
2289,2.5640,-0.1158,0.1487,2.477,sour,1.000,32.63,1,1,1,0,9.66,3,3.2,51|50,2236,2236
2290,2.5640,-0.1091,-0.1147,3.168,good,0.005,2.70,0,0,0,0,-11.50,3,0.0,,,
2296,2.5640,-0.1199,0.0992,3.031,good,0.000,1.86,0,0,0,0,-4.99,2,0.0,,,
2292,2.5680,-0.1150,0.0619,2.991,good,0.009,5.62,0,0,0,0,-7.79,3,0.0,,,
2293,2.5680,-0.1114,0.2276,3.030,good,0.000,2.48,0,0,0,0,-9.96,3,0.0,,,
2294,2.5680,-0.1111,-0.1344,3.064,good,0.002,3.35,0,0,0,0,-10.89,3,0.0,,,
2295,2.5680,-0.1091,0.0282,2.992,insect,1.000,5.98,1,0,0,1,-9.88,3,3.1,35,2261,
2299,2.5680,-0.1198,0.1242,2.990,good,0.000,3.13,0,0,0,0,-6.34,2,0.0,,,
2300,2.5680,-0.1175,0.1001,3.012,good,0.000,2.56,0,0,0,0,-7.69,2,0.0,,,
2301,2.5680,-0.1183,0.2361,2.947,good,0.001,3.49,0,0,0,0,-5.85,2,0.0,,,
2297,2.5720,-0.1130,-0.2265,3.002,good,0.001,2.43,0,0,0,0,1.26,3,0.0,,,
2298,2.5720,-0.1091,-0.1439,2.999,good,0.000,1.74,0,0,0,0,-0.04,3,0.0,,,
2302,2.5720,-0.1195,0.1681,3.006,stick,1.000,67.47,1,1,1,0,3.19,2,2.4,53,2254,2254
2303,2.5720,-0.1186,-0.0859,2.988,good,0.002,4.60,0,0,0,0,3.28,2,0.0,,,
2304,2.5720,-0.1164,-0.0057,3.003,good,0.001,3.17,0,0,0,0,2.13,2,0.0,,,
2308,2.5720,-0.1083,0.0595,3.000,good,0.001,3.31,0,0,0,0,-0.47,1,0.0,,,
2307,2.5760,-0.1186,0.1459,3.003,good,0.001,3.38,0,0,0,0,-8.50,2,0.0,,,
2305,2.5800,-0.1170,-0.1818,2.930,good,0.000,2.41,0,0,0,0,0.94,3,0.0,,,
2306,2.5800,-0.1099,-0.1194,2.997,good,0.000,3.52,0,0,0,0,-3.17,3,0.0,,,
2311,2.5800,-0.1289,-0.0708,3.000,good,0.000,2.65,0,0,0,0,-0.90,1,0.0,,,
2312,2.5800,-0.1171,0.1446,3.237,good,0.000,5.18,0,0,0,0,-6.20,2,0.0,,,
2313,2.5800,-0.1104,-0.0762,2.994,good,0.000,2.66,0,0,0,0,-3.05,2,0.0,,,
2317,2.5800,-0.1178,-0.0671,3.000,good,0.001,2.55,0,0,0,0,-0.72,1,0.0,,,
2309,2.5840,-0.1136,-0.0874,3.001,good,0.000,4.27,0,0,0,0,0.52,3,0.0,,,
2310,2.5840,-0.1106,-0.2072,2.988,faded,0.987,3.76,1,1,1,0,-0.26,3,3.2,5,2278,2278
2323,2.5840,-0.1066,-0.0634,3.000,good,0.000,3.08,0,0,0,0,-1.89,1,0.0,,,
2314,2.5880,-0.1369,0.0128,3.000,good,0.005,3.03,0,0,0,0,-10.28,1,0.0,,,
2315,2.5880,-0.1095,-0.0379,3.006,sour,1.000,13.57,1,0,0,1,-11.69,3,3.2,27|26,2296,
2316,2.5880,-0.1085,0.1339,2.995,faded,0.967,3.94,1,0,0,1,-11.83,3,3.2,49|48,2295,
2321,2.5880,-0.1168,0.1805,3.004,good,0.037,2.25,0,0,0,0,-9.31,2,0.0,,,
2322,2.5880,-0.1235,0.0159,3.000,good,0.003,3.02,0,0,0,0,-11.01,1,0.0,,,
2326,2.5880,-0.1101,0.0190,3.000,good,0.007,3.04,0,0,0,0,-11.48,1,0.0,,,
2318,2.5920,-0.1149,0.0994,3.072,faded,0.995,3.58,1,0,0,1,-2.13,3,3.2,44,2315,
2319,2.5920,-0.1153,0.2026,3.008,good,0.003,3.90,0,0,0,0,-0.60,3,0.0,,,
2320,2.5920,-0.1113,0.2201,3.001,good,0.001,3.13,0,0,0,0,-1.84,3,0.0,,,
2324,2.5920,-0.1169,0.0870,3.450,good,0.001,6.75,0,0,0,0,-9.42,2,0.0,,,
2325,2.5960,-0.1105,-0.2164,2.995,good,0.000,1.59,0,0,0,0,-12.65,3,0.0,,,
2328,2.5960,-0.1151,0.0850,2.617,good,0.002,3.87,0,0,0,0,-0.76,2,0.0,,,
2327,2.6000,-0.1093,-0.0992,2.955,good,0.001,2.03,0,0,0,0,-5.07,3,0.0,,,
2335,2.6000,-0.1175,0.1245,2.999,good,0.001,7.53,0,0,0,0,-3.41,2,0.0,,,
2336,2.6000,-0.1200,-0.1727,2.997,good,0.000,1.85,0,0,0,0,-2.60,2,0.0,,,
2329,2.6040,-0.1162,-0.1145,2.955,good,0.000,2.19,0,0,0,0,-4.10,3,0.0,,,
2330,2.6040,-0.1155,0.0828,2.925,good,0.001,2.72,0,0,0,0,-3.64,3,0.0,,,
2331,2.6040,-0.1135,-0.0471,3.007,good,0.000,2.84,0,0,0,0,-6.35,3,0.0,,,
2332,2.6040,-0.1092,0.0564,3.450,broken,0.999,5.40,1,0,0,1,-16.80,3,2.4,39,2332,
2333,2.6040,-0.1227,-0.0107,3.316,good,0.000,2.77,0,0,0,0,-14.33,2,0.0,,,
2334,2.6040,-0.1116,0.0633,2.965,good,0.000,2.82,0,0,0,0,-6.17,3,0.0,,,
2339,2.6040,-0.1194,-0.0742,2.745,good,0.000,3.44,0,0,0,0,2.33,2,0.0,,,
2340,2.6040,-0.1184,-0.1400,3.005,good,0.000,2.73,0,0,0,0,-4.94,2,0.0,,,
2341,2.6040,-0.1156,-0.1658,3.450,good,0.006,3.84,0,0,0,0,-15.14,2,0.0,,,
2343,2.6040,-0.1095,-0.0073,3.000,good,0.000,2.63,0,0,0,0,-7.83,1,0.0,,,
2337,2.6080,-0.1394,0.0591,3.000,faded,0.977,3.43,1,0,0,1,-4.53,1,3.2,39,,
2338,2.6080,-0.1126,-0.0949,2.960,good,0.001,2.64,0,0,0,0,-4.67,3,0.0,,,
2342,2.6080,-0.1271,0.0621,3.000,faded,0.954,3.40,1,0,0,1,-4.79,1,3.2,39|40,,
2350,2.6080,-0.1148,0.0652,3.000,faded,0.996,3.36,1,0,0,1,-4.91,1,3.2,40,2310,
2347,2.6120,-0.1199,-0.1341,3.031,good,0.001,2.47,0,0,0,0,-5.16,2,0.0,,,
2348,2.6120,-0.1192,-0.0226,3.003,good,0.000,2.73,0,0,0,0,-4.76,2,0.0,,,
2349,2.6120,-0.1181,0.2272,3.059,good,0.006,10.39,0,0,0,0,-6.50,2,0.0,,,
2356,2.6120,-0.1025,0.0682,3.000,faded,0.992,3.35,1,0,0,1,-10.31,1,3.2,40,2310,
2344,2.6160,-0.1127,-0.0128,2.999,good,0.000,1.58,0,0,0,0,-6.13,3,0.0,,,
2345,2.6160,-0.1068,-0.0902,3.379,sour,1.000,21.50,1,0,0,1,-15.91,3,3.2,20,2313,
2346,2.6160,-0.1086,0.1767,3.007,good,0.000,2.18,0,0,0,0,-7.80,3,0.0,,,
2354,2.6160,-0.1173,0.2139,3.000,good,0.015,2.78,0,0,0,0,-4.77,2,0.0,,,
2355,2.6160,-0.1161,-0.1310,2.995,good,0.005,2.68,0,0,0,0,-5.08,2,0.0,,,
2351,2.6200,-0.1145,0.0985,2.993,good,0.000,1.87,0,0,0,0,2.25,3,0.0,,,
2352,2.6200,-0.1111,-0.1160,3.013,good,0.031,2.34,0,0,0,0,0.60,3,0.0,,,
2353,2.6200,-0.1104,0.1945,2.999,good,0.001,2.29,0,0,0,0,0.68,3,0.0,,,
2359,2.6200,-0.1135,-0.2443,2.499,good,0.000,2.60,0,0,0,0,15.89,2,0.0,,,
2357,2.6240,-0.1135,0.0666,2.953,good,0.003,8.20,0,0,0,0,5.31,3,0.0,,,
2358,2.6240,-0.1112,0.2047,3.075,good,0.024,8.79,0,0,0,0,1.62,3,0.0,,,
2360,2.6240,-0.1176,-0.2073,2.999,good,0.000,4.18,0,0,0,0,5.44,2,0.0,,,
2361,2.6240,-0.1035,-0.2412,3.000,good,0.000,2.26,0,0,0,0,0.73,1,0.0,,,
2363,2.6320,-0.1188,0.0253,2.985,good,0.000,3.64,0,0,0,0,-8.01,2,0.0,,,
2364,2.6320,-0.1299,0.2451,3.000,good,0.160,3.56,0,0,0,0,-8.68,1,0.0,,,
2365,2.6320,-0.1166,0.0699,2.996,good,0.000,2.13,0,0,0,0,-9.10,2,0.0,,,
2362,2.6360,-0.1159,0.0089,2.991,sour,1.000,16.67,1,0,0,1,-7.21,3,3.2,33|32,2324,
2368,2.6360,-0.1193,-0.2058,2.968,good,0.014,2.47,0,0,0,0,-5.61,2,0.0,,,
2369,2.6360,-0.1179,0.1675,2.981,good,0.000,2.72,0,0,0,0,-6.44,2,0.0,,,
2370,2.6360,-0.1182,-0.1008,3.034,good,0.023,3.44,0,0,0,0,-7.65,2,0.0,,,
2371,2.6360,-0.1229,0.2412,3.000,good,0.001,3.61,0,0,0,0,-9.29,1,0.0,,,
2377,2.6360,-0.1158,0.2372,3.000,good,0.001,4.89,0,0,0,0,-7.66,1,0.0,,,
2366,2.6400,-0.1128,-0.0109,2.998,good,0.000,2.19,0,0,0,0,-11.90,3,0.0,,,
2367,2.6400,-0.1109,0.0810,3.067,good,0.000,2.09,0,0,0,0,-14.16,3,0.0,,,
2375,2.6400,-0.1185,-0.0795,2.991,sour,1.000,12.99,1,0,0,1,-9.94,2,3.2,21|22,2330,
2376,2.6400,-0.1193,0.2032,3.003,stick,1.000,18.93,1,0,0,1,-10.01,2,2.4,58|57,,
2382,2.6400,-0.1087,0.2332,3.000,good,0.000,3.79,0,0,0,0,-13.49,1,0.0,,,
2372,2.6440,-0.1171,-0.1664,2.480,good,0.028,4.26,0,0,0,0,7.44,3,0.0,,,
2373,2.6440,-0.1089,-0.0024,3.004,good,0.000,7.14,0,0,0,0,-10.60,3,0.0,,,
2374,2.6440,-0.1081,-0.0544,3.046,good,0.000,2.97,0,0,0,0,-11.84,3,0.0,,,
2381,2.6440,-0.1169,-0.2303,3.017,good,0.000,2.64,0,0,0,0,-8.31,2,0.0,,,
2389,2.6440,-0.1017,0.2292,3.000,good,0.000,5.03,0,0,0,0,-12.99,1,0.0,,,
2378,2.6480,-0.1139,-0.1770,2.999,good,0.005,2.57,0,0,0,0,-1.06,3,0.0,,,
2379,2.6480,-0.1138,0.1674,2.957,good,0.000,2.24,0,0,0,0,-0.14,3,0.0,,,
2380,2.6480,-0.1080,0.2224,3.046,good,0.000,2.66,0,0,0,0,-4.20,3,0.0,,,
2388,2.6480,-0.1181,0.2272,2.791,good,0.019,5.39,0,0,0,0,5.60,2,0.0,,,
2383,2.6520,-0.1141,0.1835,3.006,good,0.000,2.06,0,0,0,0,-8.28,3,0.0,,,
2384,2.6520,-0.1227,0.0269,3.450,husk,0.995,15.09,1,0,0,1,-18.98,2,2.4,35,,
2385,2.6520,-0.1101,0.1585,2.998,good,0.000,2.99,0,0,0,0,-9.54,3,0.0,,,
2386,2.6520,-0.1089,0.0059,3.069,good,0.000,3.02,0,0,0,0,-11.57,3,0.0,,,
2387,2.6520,-0.1089,-0.0830,3.055,good,0.000,1.53,0,0,0,0,-11.29,3,0.0,,,
2391,2.6520,-0.1182,0.2167,3.001,good,0.000,2.06,0,0,0,0,-7.01,2,0.0,,,
2392,2.6520,-0.1180,0.1731,3.077,good,0.000,1.85,0,0,0,0,-8.91,2,0.0,,,
2397,2.6520,-0.1087,0.0312,3.000,husk,0.997,15.01,1,0,0,1,-10.21,1,2.4,35|36,2395,
2390,2.6560,-0.1160,0.1748,2.965,good,0.000,3.22,0,0,0,0,-7.20,3,0.0,,,
2396,2.6560,-0.1176,0.0078,3.214,good,0.000,2.64,0,0,0,0,-12.43,2,0.0,,,
2393,2.6600,-0.1160,0.2041,2.971,good,0.000,2.65,0,0,0,0,-0.85,3,0.0,,,
2394,2.6600,-0.1136,-0.0129,2.999,good,0.001,3.13,0,0,0,0,-2.37,3,0.0,,,
2395,2.6600,-0.1114,0.1208,2.938,good,0.000,1.99,0,0,0,0,-1.68,3,0.0,,,
2400,2.6600,-0.1196,-0.0563,3.027,good,0.000,3.18,0,0,0,0,-1.12,2,0.0,,,
2401,2.6600,-0.1159,0.2238,3.198,good,0.003,3.39,0,0,0,0,-6.18,2,0.0,,,
2402,2.6600,-0.1163,0.1750,3.027,good,0.000,2.40,0,0,0,0,-2.26,2,0.0,,,
2398,2.6640,-0.1093,-0.1931,3.001,good,0.000,7.11,0,0,0,0,-13.16,3,0.0,,,
2399,2.6640,-0.1119,0.0521,3.003,good,0.000,2.13,0,0,0,0,-12.42,3,0.0,,,
2407,2.6640,-0.1179,-0.0209,3.101,sour,1.000,13.53,1,0,0,1,-12.73,2,3.2,29,2404,
2408,2.6640,-0.1166,-0.2064,3.059,good,0.000,2.01,0,0,0,0,-12.25,2,0.0,,,
2409,2.6640,-0.1148,-0.1036,3.023,good,0.000,4.76,0,0,0,0,-12.04,2,0.0,,,
2403,2.6680,-0.1132,0.0606,3.339,good,0.011,3.31,0,0,0,0,-15.15,3,0.0,,,
2404,2.6680,-0.1118,0.1218,3.450,good,0.000,2.97,0,0,0,0,-17.68,3,0.0,,,
2405,2.6680,-0.1152,-0.0067,3.000,good,0.000,2.65,0,0,0,0,-7.38,3,0.0,,,
2406,2.6680,-0.1109,0.0179,3.089,good,0.000,2.84,0,0,0,0,-10.87,3,0.0,,,
2410,2.6720,-0.1127,0.0052,2.991,good,0.000,2.45,0,0,0,0,-7.84,3,0.0,,,
2413,2.6720,-0.1183,-0.2341,3.000,good,0.000,2.45,0,0,0,0,-6.24,2,0.0,,,
2411,2.6760,-0.1127,-0.0412,3.010,good,0.002,2.68,0,0,0,0,-9.42,3,0.0,,,
2412,2.6760,-0.1092,0.1493,3.037,good,0.000,4.06,0,0,0,0,-11.28,3,0.0,,,
2417,2.6760,-0.1198,0.1787,2.947,good,0.000,2.36,0,0,0,0,-5.65,2,0.0,,,
2418,2.6760,-0.1187,-0.2162,2.925,good,0.012,4.49,0,0,0,0,-5.49,2,0.0,,,
2419,2.6760,-0.1191,0.0691,3.002,good,0.058,2.76,0,0,0,0,-7.29,2,0.0,,,
2420,2.6760,-0.1173,-0.0843,3.000,good,0.020,2.78,0,0,0,0,-7.87,2,0.0,,,
2414,2.6800,-0.1140,-0.1762,2.967,good,0.000,2.96,0,0,0,0,1.46,3,0.0,,,
2415,2.6800,-0.1124,-0.0167,3.102,black,1.000,55.77,1,0,0,1,-2.29,3,3.2,29|30,2400,
2416,2.6800,-0.1094,-0.1478,2.959,good,0.131,3.74,0,0,0,0,-0.02,3,0.0,,,
2423,2.6800,-0.1198,-0.0987,3.207,good,0.000,2.69,0,0,0,0,-2.31,2,0.0,,,
2424,2.6800,-0.1114,-0.1004,3.429,good,0.004,2.79,0,0,0,0,-9.23,2,0.0,,,
2421,2.6840,-0.1144,-0.1532,3.029,good,0.000,1.72,0,0,0,0,-9.12,3,0.0,,,
2422,2.6840,-0.1108,0.1773,3.029,good,0.012,5.79,0,0,0,0,-10.37,3,0.0,,,
2429,2.6840,-0.1164,0.0564,3.010,good,0.000,3.18,0,0,0,0,-8.15,2,0.0,,,
2425,2.6880,-0.1120,0.0684,3.283,broken,0.860,2.80,1,0,0,1,-15.14,3,2.4,40,2379,
2426,2.6880,-0.1159,0.1448,2.841,good,0.000,3.19,0,0,0,0,-3.80,3,0.0,,,
2427,2.6880,-0.1143,0.1118,2.999,good,0.087,2.99,0,0,0,0,-8.41,3,0.0,,,
2428,2.6880,-0.1224,-0.2360,3.137,faded,0.999,4.66,1,0,0,1,-13.01,2,3.2,1,,
2433,2.6880,-0.1098,-0.2404,3.000,faded,0.999,4.64,1,0,0,1,-9.99,1,3.2,1,2384,
2432,2.6920,-0.1117,0.0962,3.450,good,0.014,5.86,0,0,0,0,-18.25,2,0.0,,,
2430,2.6960,-0.1127,0.2402,2.870,good,0.003,3.62,0,0,0,0,-3.93,3,0.0,,,
2431,2.6960,-0.1082,0.1012,3.003,good,0.000,1.63,0,0,0,0,-8.76,3,0.0,,,
2436,2.6960,-0.1189,0.1086,2.944,good,0.001,2.37,0,0,0,0,-3.80,2,0.0,,,
2437,2.6960,-0.1162,0.0232,2.959,good,0.000,6.74,0,0,0,0,-5.10,2,0.0,,,
2438,2.6960,-0.1174,0.1915,3.007,good,0.002,3.08,0,0,0,0,-5.92,2,0.0,,,
2434,2.7000,-0.1141,-0.0875,2.998,good,0.001,2.88,0,0,0,0,-8.54,3,0.0,,,
2435,2.7000,-0.1149,0.0272,2.987,good,0.000,3.62,0,0,0,0,-8.05,3,0.0,,,
2440,2.7040,-0.1093,0.2074,3.010,good,0.002,5.47,0,0,0,0,-0.51,3,0.0,,,
2442,2.7040,-0.1188,0.0614,3.014,broken,0.982,6.84,1,1,1,0,2.51,2,2.4,39|40,2428,2428
2443,2.7040,-0.1167,-0.0641,3.001,good,0.017,3.15,0,0,0,0,2.06,2,0.0,,,
2439,2.7080,-0.1111,-0.1591,2.416,good,0.000,2.90,0,0,0,0,16.48,4,0.0,,,
2441,2.7080,-0.1117,-0.0403,2.858,good,0.000,1.85,0,0,0,0,3.14,3,0.0,,,
2447,2.7080,-0.1179,0.0671,3.000,good,0.000,2.12,0,0,0,0,1.64,2,0.0,,,
2448,2.7080,-0.1167,0.2268,2.998,good,0.000,3.64,0,0,0,0,1.23,2,0.0,,,
2444,2.7120,-0.1142,-0.0561,2.968,black,1.000,56.12,1,0,0,1,-7.84,3,3.2,24|25,2408,
2445,2.7120,-0.1121,-0.0981,2.998,good,0.000,2.55,0,0,0,0,-9.31,3,0.0,,,
2446,2.7120,-0.1100,0.0427,2.995,good,0.001,3.99,0,0,0,0,-10.00,3,0.0,,,
2452,2.7120,-0.1187,0.2031,2.987,good,0.000,2.65,0,0,0,0,-6.93,2,0.0,,,
2453,2.7120,-0.1181,-0.1862,3.000,good,0.002,5.33,0,0,0,0,-7.50,2,0.0,,,
2449,2.7160,-0.1139,0.0119,3.021,good,0.000,2.61,0,0,0,0,0.82,3,0.0,,,
2450,2.7160,-0.1143,0.1965,2.998,good,0.000,2.67,0,0,0,0,1.46,3,0.0,,,
2451,2.7160,-0.1151,-0.0704,2.813,good,0.000,3.15,0,0,0,0,6.38,3,0.0,,,
2454,2.7160,-0.1178,0.1613,3.117,good,0.105,2.71,0,0,0,0,-0.22,2,0.0,,,
2456,2.7200,-0.1184,-0.0446,3.325,good,0.000,2.25,0,0,0,0,-15.46,2,0.0,,,
2455,2.7240,-0.1105,-0.0713,3.004,good,0.000,3.11,0,0,0,0,-10.96,3,0.0,,,
2460,2.7240,-0.1196,0.0159,3.000,insect,1.000,3.92,1,0,0,1,-7.89,2,3.1,34|33,2417,
2461,2.7240,-0.1170,-0.1136,2.959,good,0.000,2.33,0,0,0,0,-7.83,2,0.0,,,
2457,2.7280,-0.1260,0.1162,3.003,good,0.000,2.10,0,0,0,0,-8.74,2,0.0,,,
2458,2.7280,-0.1114,0.0930,2.894,shell,1.000,25.69,1,0,0,1,-7.01,3,2.4,43|44,2433,
2459,2.7280,-0.1083,-0.0998,2.992,good,0.000,1.92,0,0,0,0,-10.48,3,0.0,,,
2466,2.7280,-0.1181,-0.0991,2.793,good,0.000,2.95,0,0,0,0,-2.07,2,0.0,,,
2469,2.7280,-0.1181,0.1189,3.000,good,0.001,10.04,0,0,0,0,-7.47,1,0.0,,,
2462,2.7320,-0.1179,-0.0544,2.600,good,0.000,2.70,0,0,0,0,3.27,3,0.0,,,
2463,2.7320,-0.1115,-0.2115,3.045,good,0.133,2.96,0,0,0,0,-11.15,3,0.0,,,
2464,2.7320,-0.1121,-0.0888,2.998,good,0.000,1.82,0,0,0,0,-9.88,3,0.0,,,
2465,2.7320,-0.1352,0.1223,3.000,good,0.000,2.65,0,0,0,0,-10.26,1,0.0,,,
2468,2.7320,-0.1167,0.1849,3.013,good,0.000,3.04,0,0,0,0,-8.76,2,0.0,,,
2467,2.7360,-0.1119,0.2374,3.046,good,0.365,5.38,0,0,0,0,-0.73,3,0.0,,,
2472,2.7360,-0.1189,-0.2326,3.001,good,0.001,3.14,0,0,0,0,2.59,2,0.0,,,
2470,2.7400,-0.1131,-0.1715,3.066,good,0.000,3.68,0,0,0,0,-9.74,3,0.0,,,
2471,2.7400,-0.1135,0.2141,3.000,good,0.000,2.02,0,0,0,0,-8.12,3,0.0,,,
2474,2.7400,-0.1177,0.2243,3.000,good,0.004,3.57,0,0,0,0,-6.76,2,0.0,,,
2475,2.7400,-0.1134,-0.0062,3.347,broken,0.814,2.44,1,0,0,1,-15.61,2,2.4,31,2462,
2473,2.7440,-0.1152,0.0073,3.034,good,0.001,2.90,0,0,0,0,-9.71,3,0.0,,,
2477,2.7440,-0.1184,0.1423,3.002,black,1.000,47.74,1,0,0,1,-7.94,2,3.2,50,2437,
2478,2.7440,-0.1161,-0.0205,2.830,good,0.013,2.29,0,0,0,0,-4.40,2,0.0,,,
2476,2.7480,-0.1088,0.0240,2.996,good,0.000,2.86,0,0,0,0,-12.37,3,0.0,,,
2481,2.7480,-0.1196,0.2153,2.946,good,0.000,2.32,0,0,0,0,-7.60,2,0.0,,,
2482,2.7480,-0.1180,0.0200,2.960,good,0.000,1.70,0,0,0,0,-8.55,2,0.0,,,
2483,2.7480,-0.1145,-0.1727,3.205,good,0.001,2.59,0,0,0,0,-15.29,2,0.0,,,
2488,2.7480,-0.1067,0.1387,3.000,black,1.000,48.74,1,0,0,1,-13.33,1,3.2,49,2437,
2479,2.7520,-0.1101,0.2315,3.002,good,0.254,5.88,0,0,0,0,-3.95,3,0.0,,,
2480,2.7520,-0.1111,-0.0972,2.962,good,0.000,2.51,0,0,0,0,-2.68,3,0.0,,,
2486,2.7520,-0.1188,-0.1875,2.978,good,0.001,1.82,0,0,0,0,-0.53,2,0.0,,,
2487,2.7520,-0.1168,0.1300,2.999,good,0.000,2.79,0,0,0,0,-1.73,2,0.0,,,
2484,2.7560,-0.1128,0.1630,3.016,good,0.003,3.47,0,0,0,0,-9.28,3,0.0,,,
2485,2.7560,-0.1228,-0.1458,2.404,broken,0.914,2.98,1,1,1,0,8.78,2,2.4,13,2444,
2491,2.7560,-0.1172,-0.1446,3.450,good,0.030,6.88,0,0,0,0,-17.01,2,0.0,,,
2489,2.7600,-0.1118,0.2384,2.816,good,0.009,3.79,0,0,0,0,1.98,3,0.0,,,
2490,2.7600,-0.1110,-0.0392,2.868,good,0.355,2.90,0,0,0,0,0.32,3,0.0,,,
2496,2.7600,-0.1186,-0.1040,2.758,good,0.070,6.65,0,0,0,0,5.98,2,0.0,,,
2497,2.7600,-0.1183,0.0732,3.000,good,0.000,2.31,0,0,0,0,-0.58,2,0.0,,,
2498,2.7600,-0.1129,-0.2002,3.034,good,0.006,6.90,0,0,0,0,-3.19,2,0.0,,,
2499,2.7600,-0.1131,-0.1862,3.450,good,0.001,11.13,0,0,0,0,-11.64,2,0.0,,,
2492,2.7640,-0.1149,-0.0754,3.042,good,0.000,2.31,0,0,0,0,-6.70,3,0.0,,,
2493,2.7640,-0.1131,0.0342,2.989,faded,1.000,4.82,1,0,0,1,-6.10,3,3.2,36,2457,
2494,2.7640,-0.1118,0.1200,3.001,good,0.000,2.57,0,0,0,0,-6.86,3,0.0,,,
2495,2.7640,-0.1092,0.0168,2.995,faded,0.752,3.72,1,0,0,1,-7.67,3,3.2,34|33,2458,
2507,2.7640,-0.1116,-0.1072,3.000,good,0.027,2.65,0,0,0,0,-6.98,1,0.0,,,
2500,2.7680,-0.1143,-0.2123,2.976,good,0.000,4.66,0,0,0,0,-12.90,3,0.0,,,
2501,2.7680,-0.1100,-0.1374,3.006,good,0.001,1.93,0,0,0,0,-15.09,3,0.0,,,
2512,2.7680,-0.1027,-0.0789,3.000,good,0.000,2.30,0,0,0,0,-17.41,1,0.0,,,
2502,2.7720,-0.1126,-0.0683,3.203,good,0.001,3.91,0,0,0,0,-10.96,3,0.0,,,
2503,2.7720,-0.1133,0.2218,3.002,good,0.000,2.31,0,0,0,0,-6.36,3,0.0,,,
2504,2.7720,-0.1126,-0.0992,2.996,good,0.000,3.40,0,0,0,0,-6.46,3,0.0,,,
2505,2.7720,-0.1077,-0.1853,3.210,good,0.010,10.29,0,0,0,0,-12.78,3,0.0,,,
2506,2.7720,-0.1091,-0.1240,2.980,good,0.000,2.37,0,0,0,0,-7.35,3,0.0,,,
2510,2.7720,-0.1191,0.0505,3.450,good,0.000,2.48,0,0,0,0,-14.04,2,0.0,,,
2508,2.7760,-0.1113,-0.0753,3.043,good,0.000,3.04,0,0,0,0,-11.75,3,0.0,,,
2509,2.7760,-0.1120,0.1548,2.992,good,0.001,2.63,0,0,0,0,-10.37,3,0.0,,,
2511,2.7760,-0.1089,0.2287,2.995,good,0.001,7.71,0,0,0,0,-11.51,3,0.0,,,
2513,2.7760,-0.1187,-0.1000,2.897,good,0.000,3.71,0,0,0,0,-5.82,2,0.0,,,
2514,2.7760,-0.1189,0.2008,3.000,good,0.003,3.61,0,0,0,0,-8.38,2,0.0,,,
2519,2.7800,-0.1161,0.2230,3.028,good,0.000,3.29,0,0,0,0,-9.22,2,0.0,,,
2515,2.7840,-0.1154,0.1099,3.007,good,0.000,2.15,0,0,0,0,-9.90,3,0.0,,,
2516,2.7840,-0.1136,0.1874,3.067,good,0.000,2.72,0,0,0,0,-11.93,3,0.0,,,
2517,2.7840,-0.1121,0.0916,3.000,black,1.000,51.15,1,0,0,1,-10.95,3,3.2,43,2500,
2518,2.7840,-0.1101,-0.1106,3.003,good,0.002,2.70,0,0,0,0,-11.76,3,0.0,,,
2521,2.7840,-0.1177,-0.2291,2.990,good,0.001,3.58,0,0,0,0,-8.95,2,0.0,,,
2520,2.7880,-0.1135,-0.1594,2.994,good,0.000,1.72,0,0,0,0,-12.49,3,0.0,,,
2522,2.7880,-0.1185,0.1016,2.853,good,0.000,2.36,0,0,0,0,-7.30,2,0.0,,,
2527,2.7920,-0.1199,-0.0556,2.994,good,0.000,2.18,0,0,0,0,0.27,2,0.0,,,
2529,2.7920,-0.1188,0.1928,2.997,good,0.000,3.07,0,0,0,0,-0.24,2,0.0,,,
2523,2.7960,-0.1262,-0.1285,2.995,black,1.000,55.38,1,0,0,1,-6.69,2,3.2,15,,
2524,2.7960,-0.1139,0.1717,2.999,good,0.000,1.70,0,0,0,0,-6.97,3,0.0,,,
2525,2.7960,-0.1132,-0.1481,3.010,good,0.045,3.30,0,0,0,0,-7.48,3,0.0,,,
2526,2.7960,-0.1123,-0.2395,2.996,sour,1.000,35.13,1,0,0,1,-7.51,3,3.2,1,2503,
2528,2.7960,-0.1088,-0.2046,2.983,good,0.003,4.48,0,0,0,0,-8.42,3,0.0,,,
2533,2.7960,-0.1163,-0.2184,3.004,good,0.000,2.74,0,0,0,0,-6.45,2,0.0,,,
2537,2.7960,-0.1142,-0.1328,3.000,black,1.000,55.44,1,0,0,1,-7.05,1,3.2,15|14,2490,
2530,2.8000,-0.1145,0.0382,2.996,good,0.001,2.45,0,0,0,0,-9.88,3,0.0,,,
2531,2.8000,-0.1095,0.1336,3.015,good,0.004,7.56,0,0,0,0,-12.05,3,0.0,,,
2532,2.8000,-0.1102,-0.1198,2.990,good,0.002,3.33,0,0,0,0,-11.31,3,0.0,,,
2536,2.8000,-0.1180,0.0833,3.000,good,0.002,2.98,0,0,0,0,-9.02,2,0.0,,,
2534,2.8040,-0.1130,0.1962,2.998,good,0.000,3.20,0,0,0,0,-5.46,3,0.0,,,
2535,2.8040,-0.1132,-0.0208,2.937,good,0.002,3.10,0,0,0,0,-3.97,3,0.0,,,
2539,2.8040,-0.1189,-0.0896,3.450,good,0.088,3.41,0,0,0,0,-13.15,2,0.0,,,
2538,2.8080,-0.1107,-0.1071,3.028,good,0.001,4.30,0,0,0,0,-8.73,3,0.0,,,
2540,2.8080,-0.1340,0.1258,3.000,good,0.005,3.42,0,0,0,0,-8.36,1,0.0,,,
2543,2.8080,-0.1181,-0.1254,2.912,good,0.045,3.65,0,0,0,0,-3.51,2,0.0,,,
2544,2.8080,-0.1232,0.1222,3.000,good,0.005,3.38,0,0,0,0,-8.00,1,0.0,,,
2550,2.8080,-0.1125,0.1185,3.000,good,0.001,3.42,0,0,0,0,-7.58,1,0.0,,,
2551,2.8080,-0.1027,-0.0860,3.000,good,0.057,3.18,0,0,0,0,-10.85,1,0.0,,,
2541,2.8120,-0.1144,0.1921,2.984,good,0.000,2.07,0,0,0,0,-6.41,3,0.0,,,
2542,2.8120,-0.1101,-0.0007,3.014,good,0.000,2.14,0,0,0,0,-8.62,3,0.0,,,
2549,2.8120,-0.1185,-0.0873,3.000,good,0.002,3.68,0,0,0,0,-5.51,2,0.0,,,
2555,2.8120,-0.1018,0.1149,3.000,good,0.001,3.47,0,0,0,0,-11.11,1,0.0,,,
2545,2.8160,-0.1153,-0.0384,2.841,good,0.000,3.25,0,0,0,0,-2.59,3,0.0,,,
2546,2.8160,-0.1130,0.1279,2.867,good,0.000,2.33,0,0,0,0,-4.13,3,0.0,,,
2547,2.8160,-0.1083,0.0357,2.995,sour,1.000,17.72,1,0,0,1,-8.92,3,3.2,36,2504,
2548,2.8160,-0.1085,0.1028,3.045,good,0.002,4.69,0,0,0,0,-10.06,3,0.0,,,
2552,2.8160,-0.1188,-0.2129,2.983,good,0.010,6.62,0,0,0,0,-5.21,2,0.0,,,
2553,2.8160,-0.1148,0.0948,3.053,insect,0.983,7.42,1,0,0,1,-8.25,2,3.1,44|43,2525|2526,
2554,2.8160,-0.1177,0.0411,2.913,good,0.001,2.87,0,0,0,0,-3.91,2,0.0,,,
2563,2.8160,-0.1025,0.1954,3.000,good,0.000,2.03,0,0,0,0,-11.19,1,0.0,,,
2560,2.8200,-0.1175,-0.1227,3.450,good,0.001,2.78,0,0,0,0,-18.47,2,0.0,,,
2561,2.8200,-0.1178,-0.2386,3.005,good,0.000,2.34,0,0,0,0,-9.10,2,0.0,,,
2562,2.8200,-0.1162,-0.1724,3.001,good,0.000,2.15,0,0,0,0,-9.59,2,0.0,,,
2567,2.8200,-0.1015,0.1316,3.000,good,0.000,2.23,0,0,0,0,-14.46,1,0.0,,,
2556,2.8240,-0.1147,-0.1713,3.025,good,0.003,3.56,0,0,0,0,-6.72,3,0.0,,,
2557,2.8240,-0.1127,0.1917,2.883,good,0.000,4.60,0,0,0,0,-3.99,3,0.0,,,
2558,2.8240,-0.1101,0.1156,2.995,good,0.000,2.31,0,0,0,0,-7.65,3,0.0,,,
2559,2.8240,-0.1146,-0.2031,2.373,faded,1.000,5.71,1,1,1,0,12.59,3,3.2,6|5,2514,
2574,2.8240,-0.1022,-0.1194,3.000,good,0.001,2.14,0,0,0,0,-10.50,1,0.0,,,
2564,2.8280,-0.1380,0.1487,3.000,good,0.001,7.20,0,0,0,0,-8.79,1,0.0,,,
2565,2.8280,-0.1109,0.0451,3.004,good,0.000,2.67,0,0,0,0,-10.06,3,0.0,,,
2566,2.8280,-0.1107,0.1849,2.725,good,0.120,8.09,0,0,0,0,-3.02,3,0.0,,,
2569,2.8280,-0.1186,-0.2130,2.997,good,0.025,3.25,0,0,0,0,-7.42,2,0.0,,,
2570,2.8280,-0.1199,-0.0284,2.994,good,0.000,2.28,0,0,0,0,-6.98,2,0.0,,,
2571,2.8280,-0.1172,0.0850,3.084,good,0.000,2.46,0,0,0,0,-10.02,2,0.0,,,
2572,2.8280,-0.1169,-0.0618,3.010,good,0.000,1.96,0,0,0,0,-8.44,2,0.0,,,
2573,2.8280,-0.1250,0.1446,3.000,good,0.015,6.51,0,0,0,0,-9.51,1,0.0,,,
2579,2.8280,-0.1119,0.1404,3.000,good,0.001,6.83,0,0,0,0,-9.88,1,0.0,,,
2568,2.8320,-0.1087,0.0410,3.051,good,0.000,3.80,0,0,0,0,-12.62,3,0.0,,,
2578,2.8320,-0.1151,-0.0039,3.014,good,0.006,6.48,0,0,0,0,-9.72,2,0.0,,,
2575,2.8360,-0.1267,-0.1389,3.298,husk,1.000,7.87,1,0,0,1,-9.56,2,2.4,14,,
2576,2.8360,-0.1130,-0.1913,3.024,good,0.062,4.17,0,0,0,0,-3.92,3,0.0,,,
2577,2.8360,-0.1112,-0.0525,3.071,insect,1.000,9.16,1,0,0,1,-5.64,3,3.1,25,2540,
2581,2.8360,-0.1178,0.0940,3.020,broken,0.702,2.64,1,0,0,1,-2.34,2,2.4,44|43,2533,
2582,2.8360,-0.1191,-0.2424,2.957,good,0.000,3.60,0,0,0,0,-0.41,2,0.0,,,
2583,2.8360,-0.1168,0.1701,3.341,good,0.006,3.13,0,0,0,0,-9.65,2,0.0,,,
2584,2.8360,-0.1166,0.1047,3.022,good,0.000,3.03,0,0,0,0,-2.90,2,0.0,,,
2588,2.8360,-0.1135,-0.1436,3.000,husk,1.000,7.83,1,0,0,1,-3.42,1,2.4,13,2546,
2580,2.8400,-0.1126,0.1338,3.003,black,1.000,51.32,1,0,0,1,-5.55,3,3.2,49|48,2530,
2587,2.8400,-0.1186,-0.0067,3.009,good,0.000,2.55,0,0,0,0,-3.74,2,0.0,,,
2593,2.8400,-0.1050,0.1007,3.000,good,0.028,8.06,0,0,0,0,-8.08,1,0.0,,,
2585,2.8440,-0.1143,0.1214,3.123,good,0.001,2.71,0,0,0,0,-10.30,3,0.0,,,
2586,2.8440,-0.1140,-0.1901,3.092,good,0.000,1.85,0,0,0,0,-9.78,3,0.0,,,
2589,2.8480,-0.1166,0.1694,2.574,good,0.014,2.95,0,0,0,0,14.21,3,0.0,,,
2590,2.8480,-0.1130,-0.0512,2.999,good,0.000,2.73,0,0,0,0,1.04,3,0.0,,,
2591,2.8480,-0.1124,0.1488,2.997,good,0.000,2.50,0,0,0,0,0.83,3,0.0,,,
2592,2.8480,-0.1222,-0.1337,2.767,good,0.001,2.94,0,0,0,0,6.26,2,0.0,,,
2594,2.8480,-0.1190,-0.1923,3.439,good,0.018,3.74,0,0,0,0,-6.41,2,0.0,,,
2595,2.8480,-0.1160,-0.1606,2.853,good,0.003,7.53,0,0,0,0,5.57,2,0.0,,,
2601,2.8480,-0.1112,-0.1302,3.000,good,0.001,3.00,0,0,0,0,0.26,1,0.0,,,
2600,2.8520,-0.1187,-0.0973,3.000,good,0.002,2.67,0,0,0,0,2.81,2,0.0,,,
2605,2.8520,-0.1052,-0.1953,3.000,good,0.006,3.63,0,0,0,0,-1.72,1,0.0,,,
2606,2.8520,-0.1010,-0.0545,3.000,good,0.000,2.91,0,0,0,0,-3.14,1,0.0,,,
2596,2.8560,-0.1152,-0.0178,2.994,good,0.000,2.84,0,0,0,0,-7.97,3,0.0,,,
2597,2.8560,-0.1147,-0.0036,3.002,good,0.000,3.18,0,0,0,0,-8.39,3,0.0,,,
2598,2.8560,-0.1139,0.0096,2.999,good,0.002,1.82,0,0,0,0,-8.62,3,0.0,,,
2599,2.8560,-0.1128,0.2086,2.981,good,0.000,3.64,0,0,0,0,-8.61,3,0.0,,,
2602,2.8600,-0.1098,-0.0550,3.031,insect,1.000,5.70,1,0,0,1,-12.76,3,3.1,24|25,2565,
2603,2.8600,-0.1130,-0.1737,2.392,sour,0.648,11.84,1,1,1,0,6.96,3,3.2,9,2560|2572,
2604,2.8600,-0.1090,0.1918,2.925,good,0.004,3.42,0,0,0,0,-10.69,3,0.0,,,
2608,2.8600,-0.1199,-0.1996,2.991,good,0.019,4.11,0,0,0,0,-8.66,2,0.0,,,
2609,2.8600,-0.1183,0.1337,2.995,insect,1.000,4.98,1,0,0,1,-9.31,2,3.1,49|48,2557,
2610,2.8600,-0.1168,0.0544,3.120,good,0.000,2.05,0,0,0,0,-12.77,2,0.0,,,
2607,2.8640,-0.1136,0.1444,2.978,good,0.002,5.29,0,0,0,0,0.16,3,0.0,,,
2611,2.8640,-0.1197,0.2441,2.723,good,0.001,3.71,0,0,0,0,9.07,2,0.0,,,
2612,2.8640,-0.1166,-0.1628,3.001,good,0.105,8.61,0,0,0,0,0.53,2,0.0,,,
2614,2.8680,-0.1175,-0.0740,2.845,good,0.007,6.26,0,0,0,0,-0.35,2,0.0,,,
2613,2.8720,-0.1151,-0.0326,3.151,good,0.041,2.60,0,0,0,0,-7.02,3,0.0,,,
2616,2.8720,-0.1170,0.0180,3.006,good,0.000,2.72,0,0,0,0,-3.16,2,0.0,,,
2617,2.8720,-0.1174,-0.1896,3.000,good,0.000,2.27,0,0,0,0,-2.96,2,0.0,,,
2615,2.8760,-0.1077,-0.0664,3.178,good,0.000,3.16,0,0,0,0,-1.64,3,0.0,,,
2619,2.8760,-0.1182,0.1314,3.076,good,0.004,1.99,0,0,0,0,3.89,2,0.0,,,
2620,2.8760,-0.1173,-0.1515,2.927,good,0.000,2.52,0,0,0,0,7.15,2,0.0,,,
2618,2.8800,-0.1146,-0.0366,2.988,faded,0.564,2.35,1,1,1,0,-1.91,3,3.2,27,2579,
2622,2.8800,-0.1183,-0.0456,3.300,good,0.000,2.91,0,0,0,0,-7.73,2,0.0,,,
2623,2.8800,-0.1174,-0.2347,3.007,good,0.256,2.37,0,0,0,0,-1.58,2,0.0,,,
2621,2.8840,-0.1149,-0.1837,3.005,good,0.001,2.47,0,0,0,0,-9.58,3,0.0,,,
2626,2.8840,-0.1177,0.0658,2.994,good,0.174,3.36,0,0,0,0,-8.46,2,0.0,,,
2624,2.8880,-0.1143,0.2100,2.989,good,0.033,6.46,0,0,0,0,-8.01,3,0.0,,,
2625,2.8880,-0.1138,-0.1028,2.999,good,0.002,2.89,0,0,0,0,-8.48,3,0.0,,,
2630,2.8880,-0.1152,0.0797,3.194,insect,1.000,4.56,1,0,0,1,-12.44,2,3.1,42,2595,
2627,2.8920,-0.1148,0.0861,2.978,good,0.000,3.80,0,0,0,0,-9.66,3,0.0,,,
2628,2.8920,-0.1131,0.2387,3.000,good,0.014,3.79,0,0,0,0,-10.84,3,0.0,,,
2629,2.8920,-0.1130,0.0958,2.954,good,0.000,2.90,0,0,0,0,-9.81,3,0.0,,,
2635,2.8920,-0.1147,-0.0997,3.450,good,0.000,2.48,0,0,0,0,-19.74,2,0.0,,,
2636,2.8920,-0.1164,0.0706,2.944,shell,1.000,8.17,1,0,0,1,-8.49,2,2.4,41|40,2597,
2631,2.8960,-0.1153,0.0424,2.735,good,0.015,3.41,0,0,0,0,-4.82,3,0.0,,,
2632,2.8960,-0.1117,0.2400,2.989,good,0.008,4.12,0,0,0,0,-12.77,3,0.0,,,
2633,2.8960,-0.1132,-0.0820,2.669,good,0.000,1.84,0,0,0,0,-3.78,3,0.0,,,
2634,2.8960,-0.1086,0.1235,3.027,good,0.012,2.51,0,0,0,0,-14.78,3,0.0,,,
2642,2.8960,-0.1170,0.0899,2.990,good,0.001,1.15,0,0,0,0,-11.15,2,0.0,,,
2637,2.9000,-0.1174,-0.1966,2.831,good,0.000,3.75,0,0,0,0,6.94,3,0.0,,,
2638,2.9000,-0.1126,-0.1291,2.998,faded,1.000,5.37,1,1,1,0,0.99,3,3.2,15,2589,2589
2639,2.9000,-0.1252,0.0558,2.850,good,0.005,3.21,0,0,0,0,5.03,2,0.0,,,
2640,2.9000,-0.1113,0.1358,3.000,good,0.000,2.38,0,0,0,0,0.41,3,0.0,,,
2641,2.9000,-0.1234,0.0403,2.870,good,0.004,3.78,0,0,0,0,3.79,2,0.0,,,
2649,2.9000,-0.1154,-0.2071,3.076,good,0.000,2.93,0,0,0,0,-0.07,2,0.0,,,
2651,2.9000,-0.1131,0.0498,3.000,good,0.008,7.07,0,0,0,0,0.94,1,0.0,,,
2652,2.9000,-0.1044,0.0462,3.000,good,0.001,3.47,0,0,0,0,-1.98,1,0.0,,,
2643,2.9040,-0.1170,-0.1775,2.939,sour,1.000,14.42,1,0,0,1,-7.38,3,3.2,9,2583,
2644,2.9040,-0.1157,0.0419,2.903,good,0.000,1.81,0,0,0,0,-6.98,3,0.0,,,
2645,2.9040,-0.1140,-0.2273,2.868,good,0.004,2.84,0,0,0,0,-6.72,3,0.0,,,
2646,2.9040,-0.1095,0.0073,3.006,good,0.000,2.71,0,0,0,0,-11.68,3,0.0,,,
2647,2.9040,-0.1082,0.2151,2.976,good,0.000,3.01,0,0,0,0,-11.43,3,0.0,,,
2648,2.9040,-0.1084,-0.1709,3.002,good,0.000,2.78,0,0,0,0,-12.01,3,0.0,,,
2650,2.9080,-0.1095,0.2244,3.000,good,0.004,3.31,0,0,0,0,-9.24,3,0.0,,,
2656,2.9080,-0.1176,-0.0562,2.998,good,0.000,1.97,0,0,0,0,-6.53,2,0.0,,,
2657,2.9080,-0.1169,0.0461,3.085,good,0.000,4.36,0,0,0,0,-8.85,2,0.0,,,
2653,2.9120,-0.1275,-0.0091,2.503,good,0.001,2.25,0,0,0,0,3.94,2,0.0,,,
2654,2.9120,-0.1090,-0.0176,3.413,good,0.000,3.39,0,0,0,0,-21.82,3,0.0,,,
2655,2.9120,-0.1120,-0.1371,2.794,good,0.000,3.82,0,0,0,0,-7.26,3,0.0,,,
2658,2.9120,-0.1169,-0.2145,3.136,good,0.002,4.33,0,0,0,0,-14.00,2,0.0,,,
2659,2.9120,-0.1167,-0.1872,3.018,good,0.000,2.49,0,0,0,0,-11.40,2,0.0,,,
2665,2.9120,-0.1175,-0.0124,3.000,good,0.001,2.29,0,0,0,0,-10.68,1,0.0,,,
2663,2.9160,-0.1155,0.2266,3.005,insect,1.000,7.54,1,0,0,1,-9.17,2,3.1,61|60,2606,
2664,2.9160,-0.1151,0.0488,3.001,good,0.000,3.07,0,0,0,0,-9.30,2,0.0,,,
2660,2.9200,-0.1155,0.1786,2.994,good,0.000,2.98,0,0,0,0,-10.00,3,0.0,,,
2661,2.9200,-0.1138,-0.1454,3.001,good,0.000,2.49,0,0,0,0,-10.82,3,0.0,,,
2662,2.9200,-0.1128,-0.0053,2.956,good,0.001,2.46,0,0,0,0,-10.12,3,0.0,,,
2666,2.9240,-0.1132,0.1143,3.095,good,0.000,2.67,0,0,0,0,-12.51,3,0.0,,,
2670,2.9240,-0.1168,0.2337,3.092,good,0.000,2.80,0,0,0,0,-11.35,2,0.0,,,
2671,2.9240,-0.1167,0.1038,3.004,good,0.001,2.49,0,0,0,0,-9.39,2,0.0,,,
2667,2.9280,-0.1129,0.0158,2.921,good,0.000,6.55,0,0,0,0,1.21,3,0.0,,,
2668,2.9280,-0.1124,0.0426,2.896,good,0.000,2.36,0,0,0,0,1.62,3,0.0,,,
2669,2.9280,-0.1089,-0.1110,2.979,black,1.000,53.61,1,1,1,0,-1.65,3,3.2,17,2636,2636
2676,2.9280,-0.1192,0.1241,2.991,good,0.000,2.53,0,0,0,0,1.42,2,0.0,,,
2679,2.9280,-0.1009,0.1179,3.000,good,0.000,2.66,0,0,0,0,-4.90,1,0.0,,,
2672,2.9320,-0.1112,0.0279,3.011,good,0.001,2.93,0,0,0,0,-13.55,3,0.0,,,
2673,2.9320,-0.1110,-0.0811,2.999,broken,0.989,2.14,1,0,0,1,-13.41,3,2.4,21,2612,
2674,2.9320,-0.1088,-0.2204,3.000,good,0.001,2.44,0,0,0,0,-14.21,3,0.0,,,
2675,2.9320,-0.1106,-0.1620,2.992,good,0.000,3.33,0,0,0,0,-13.48,3,0.0,,,
2677,2.9360,-0.1137,-0.1974,3.008,good,0.000,2.80,0,0,0,0,-12.73,3,0.0,,,
2678,2.9360,-0.1080,-0.2392,3.072,good,0.003,7.71,0,0,0,0,-16.11,3,0.0,,,
2683,2.9360,-0.1178,-0.1030,3.058,good,0.007,2.63,0,0,0,0,-12.65,2,0.0,,,
2680,2.9400,-0.1138,0.1040,3.004,good,0.002,2.38,0,0,0,0,-7.96,3,0.0,,,
2681,2.9400,-0.1114,0.1684,2.976,good,0.000,2.23,0,0,0,0,-8.14,3,0.0,,,
2682,2.9400,-0.1092,-0.1209,3.001,good,0.252,2.80,0,0,0,0,-9.53,3,0.0,,,
2687,2.9400,-0.1167,-0.1685,3.003,good,0.001,2.36,0,0,0,0,-7.06,2,0.0,,,
2684,2.9440,-0.1117,0.1796,2.834,good,0.000,3.00,0,0,0,0,5.41,3,0.0,,,
2685,2.9440,-0.1114,0.0817,2.999,good,0.000,4.21,0,0,0,0,1.15,3,0.0,,,
2686,2.9440,-0.1091,0.1328,2.776,good,0.001,2.34,0,0,0,0,5.96,3,0.0,,,
2691,2.9440,-0.1191,-0.0256,3.158,good,0.001,2.69,0,0,0,0,-0.05,2,0.0,,,
2688,2.9480,-0.1131,0.2093,2.992,good,0.002,2.32,0,0,0,0,2.41,3,0.0,,,
2689,2.9480,-0.1126,-0.0042,2.802,good,0.315,2.14,0,0,0,0,6.95,3,0.0,,,
2690,2.9480,-0.1073,0.0175,3.189,good,0.000,2.18,0,0,0,0,-3.95,3,0.0,,,
2693,2.9480,-0.1187,-0.1584,3.071,good,0.000,2.64,0,0,0,0,2.19,2,0.0,,,
2694,2.9480,-0.1199,-0.0345,2.995,good,0.000,4.17,0,0,0,0,4.38,2,0.0,,,
2695,2.9480,-0.1176,0.1411,3.013,good,0.004,3.85,0,0,0,0,3.13,2,0.0,,,
2692,2.9520,-0.1122,-0.1883,2.960,faded,0.693,4.71,1,0,0,1,-10.09,3,3.2,7|8,2665,
2698,2.9520,-0.1193,0.0646,3.039,insect,1.000,5.73,1,0,0,1,-9.71,2,3.1,40,2668,
2696,2.9560,-0.1127,0.2211,3.066,good,0.004,3.68,0,0,0,0,-1.72,3,0.0,,,
2697,2.9560,-0.1113,0.1528,2.893,good,0.000,2.43,0,0,0,0,1.84,3,0.0,,,
2702,2.9560,-0.1198,0.0562,3.003,good,0.000,2.25,0,0,0,0,1.93,2,0.0,,,
2703,2.9560,-0.1197,-0.1592,2.986,faded,0.997,4.24,1,1,1,0,2.28,2,3.2,11,2673,2673
2704,2.9560,-0.1172,0.0348,3.289,good,0.022,3.27,0,0,0,0,-5.31,2,0.0,,,
2699,2.9600,-0.1132,-0.0772,3.005,good,0.001,4.30,0,0,0,0,-10.51,3,0.0,,,
2700,2.9600,-0.1128,0.1287,3.003,good,0.000,2.87,0,0,0,0,-10.66,3,0.0,,,
2701,2.9600,-0.1117,0.1999,3.008,good,0.008,3.60,0,0,0,0,-11.21,3,0.0,,,
2706,2.9600,-0.1192,-0.0920,3.035,good,0.000,3.52,0,0,0,0,-9.40,2,0.0,,,
2710,2.9600,-0.1041,0.0309,3.000,good,0.025,3.19,0,0,0,0,-13.63,1,0.0,,,
2705,2.9640,-0.1119,0.2158,3.025,good,0.001,4.28,0,0,0,0,-11.77,3,0.0,,,
2709,2.9640,-0.1179,0.0528,3.000,good,0.000,2.25,0,0,0,0,-9.27,2,0.0,,,
2707,2.9680,-0.1165,-0.1234,2.996,good,0.004,2.52,0,0,0,0,-6.14,3,0.0,,,
2708,2.9680,-0.1086,-0.1732,3.450,good,0.004,3.38,0,0,0,0,-17.98,3,0.0,,,
2715,2.9680,-0.1195,-0.0086,3.006,good,0.008,2.41,0,0,0,0,-5.46,2,0.0,,,
2711,2.9720,-0.1138,-0.0688,2.939,black,1.000,51.75,1,0,0,1,-8.92,3,3.2,23|22,2683,
2712,2.9720,-0.1148,0.0267,3.006,good,0.001,2.81,0,0,0,0,-10.25,3,0.0,,,
2713,2.9720,-0.1112,0.1093,3.000,good,0.000,2.34,0,0,0,0,-11.39,3,0.0,,,
2714,2.9720,-0.1114,-0.0339,2.990,good,0.001,2.65,0,0,0,0,-11.16,3,0.0,,,
2716,2.9760,-0.1149,0.1164,2.787,good,0.085,3.05,0,0,0,0,-4.12,3,0.0,,,
2720,2.9760,-0.1173,-0.1363,3.022,good,0.001,9.93,0,0,0,0,-9.40,2,0.0,,,
2717,2.9800,-0.1141,-0.0625,3.063,good,0.000,2.96,0,0,0,0,-9.81,3,0.0,,,
2718,2.9800,-0.1163,-0.1219,2.736,good,0.005,1.35,0,0,0,0,-0.70,3,0.0,,,
2719,2.9800,-0.1126,0.1455,3.002,good,0.042,3.11,0,0,0,0,-9.01,3,0.0,,,
2724,2.9800,-0.1155,-0.0503,3.007,good,0.000,3.27,0,0,0,0,-8.19,2,0.0,,,
2725,2.9800,-0.1156,0.1801,3.232,good,0.003,3.82,0,0,0,0,-13.17,2,0.0,,,
2721,2.9840,-0.1186,0.1927,2.455,good,0.033,9.02,0,0,0,0,19.50,3,0.0,,,
2722,2.9840,-0.1128,-0.0358,2.972,good,0.001,3.62,0,0,0,0,2.02,3,0.0,,,
2723,2.9840,-0.1151,-0.2251,2.539,good,0.000,2.73,0,0,0,0,15.05,3,0.0,,,
2737,2.9880,-0.1151,0.1897,3.000,good,0.017,3.66,0,0,0,0,1.99,1,0.0,,,
2726,2.9920,-0.1158,-0.2307,3.000,good,0.015,8.20,0,0,0,0,-10.14,3,0.0,,,
2727,2.9920,-0.1146,-0.0859,3.114,good,0.023,1.97,0,0,0,0,-13.22,3,0.0,,,
2728,2.9920,-0.1304,-0.1431,2.145,good,0.024,2.98,0,0,0,0,21.23,2,0.0,,,
2729,2.9920,-0.1098,0.2148,3.108,sour,1.000,17.69,1,0,0,1,-14.72,3,3.2,59,2684,
2730,2.9920,-0.1336,-0.2389,3.000,good,0.011,4.39,0,0,0,0,-12.37,1,0.0,,,
2736,2.9920,-0.1215,-0.2420,3.000,good,0.008,4.43,0,0,0,0,-12.41,1,0.0,,,
2744,2.9920,-0.1095,-0.2451,3.000,good,0.006,4.69,0,0,0,0,-12.43,1,0.0,,,
2731,2.9960,-0.1151,-0.0810,2.996,good,0.000,2.58,0,0,0,0,0.16,3,0.0,,,
2732,2.9960,-0.1155,-0.2204,2.892,good,0.000,2.28,0,0,0,0,2.85,3,0.0,,,
2733,2.9960,-0.1111,-0.0519,2.880,faded,0.730,8.10,1,1,1,0,1.61,3,3.1,25,2691|2695,2695
2734,2.9960,-0.1104,0.0906,2.992,good,0.000,2.21,0,0,0,0,-1.46,3,0.0,,,
2735,2.9960,-0.1099,-0.1638,2.989,good,0.000,2.50,0,0,0,0,-1.61,3,0.0,,,
2741,2.9960,-0.1135,0.0809,3.283,good,0.000,2.48,0,0,0,0,-6.86,2,0.0,,,
2742,2.9960,-0.1257,0.2437,3.000,good,0.000,2.06,0,0,0,0,-0.67,1,0.0,,,
2743,2.9960,-0.1132,-0.1390,2.147,good,0.002,2.75,0,0,0,0,27.34,2,0.0,,,
2750,2.9960,-0.1181,0.2411,3.000,good,0.000,2.04,0,0,0,0,0.77,1,0.0,,,
2738,3.0000,-0.1129,-0.2257,3.040,good,0.010,3.38,0,0,0,0,-8.69,3,0.0,,,
2739,3.0000,-0.1094,-0.1234,3.095,black,1.000,49.61,1,0,0,1,-11.15,3,3.2,16,2696,
2740,3.0000,-0.1087,0.0188,3.002,good,0.009,2.40,0,0,0,0,-9.36,3,0.0,,,
2748,3.0000,-0.1171,0.0529,3.008,good,0.000,9.99,0,0,0,0,-6.78,2,0.0,,,
2749,3.0000,-0.1191,0.1110,2.859,good,0.000,2.44,0,0,0,0,-2.39,2,0.0,,,
2756,3.0000,-0.1106,0.2385,3.000,good,0.000,2.07,0,0,0,0,-8.85,1,0.0,,,
2757,3.0000,-0.1046,-0.1355,3.000,good,0.010,2.68,0,0,0,0,-10.85,1,0.0,,,
2758,3.0000,-0.1039,-0.2236,3.000,good,0.000,2.25,0,0,0,0,-11.08,1,0.0,,,
2759,3.0000,-0.1025,-0.0558,3.000,good,0.337,2.99,0,0,0,0,-11.55,1,0.0,,,
2745,3.0040,-0.1153,-0.0271,3.005,good,0.001,1.96,0,0,0,0,-10.41,3,0.0,,,
2746,3.0040,-0.1154,-0.1501,2.993,good,0.000,2.57,0,0,0,0,-10.15,3,0.0,,,
2747,3.0040,-0.1115,-0.0640,3.011,good,0.000,2.50,0,0,0,0,-11.92,3,0.0,,,
2755,3.0040,-0.1165,-0.2129,3.058,good,0.019,3.23,0,0,0,0,-11.47,2,0.0,,,
2762,3.0040,-0.1030,0.2358,3.000,good,0.000,2.06,0,0,0,0,-14.63,1,0.0,,,
2751,3.0080,-0.1386,0.1280,3.000,good,0.000,4.63,0,0,0,0,-9.67,1,0.0,,,
2752,3.0080,-0.1119,0.0669,3.012,good,0.000,2.12,0,0,0,0,-11.02,3,0.0,,,
2753,3.0080,-0.1097,0.1077,3.258,good,0.000,3.12,0,0,0,0,-17.06,3,0.0,,,
2754,3.0080,-0.1081,0.2012,3.001,good,0.001,3.67,0,0,0,0,-12.10,3,0.0,,,
2761,3.0080,-0.1248,0.1309,3.000,good,0.000,4.41,0,0,0,0,-10.55,1,0.0,,,
2766,3.0080,-0.1109,0.1338,3.000,good,0.000,4.65,0,0,0,0,-11.16,1,0.0,,,
2760,3.0120,-0.1081,-0.1376,3.124,good,0.004,3.54,0,0,0,0,-10.24,3,0.0,,,
2765,3.0120,-0.1190,0.0635,2.870,good,0.003,6.18,0,0,0,0,-0.61,2,0.0,,,
2763,3.0160,-0.1092,0.0360,3.323,faded,0.701,3.50,1,0,0,1,-8.15,3,3.2,36,2723,
2764,3.0160,-0.1101,-0.0765,3.003,good,0.000,2.37,0,0,0,0,-1.23,3,0.0,,,
2768,3.0160,-0.1200,-0.2445,3.006,good,0.000,3.91,0,0,0,0,1.94,2,0.0,,,
2767,3.0200,-0.1163,-0.2342,2.768,good,0.010,2.87,0,0,0,0,7.26,3,0.0,,,
2772,3.0200,-0.1196,0.1692,2.945,black,1.000,50.07,1,1,1,0,3.64,2,3.2,53,2711|2724,2711|2724
2769,3.0240,-0.1157,0.0085,2.800,good,0.000,3.34,0,0,0,0,7.03,3,0.0,,,
2770,3.0240,-0.1105,0.2086,2.999,good,0.000,2.96,0,0,0,0,0.11,3,0.0,,,
2771,3.0240,-0.1086,-0.0210,3.008,good,0.000,3.46,0,0,0,0,-0.75,3,0.0,,,
2774,3.0280,-0.1158,-0.1498,3.004,good,0.013,3.88,0,0,0,0,2.03,3,0.0,,,
2775,3.0280,-0.1139,-0.1580,2.929,good,0.001,2.79,0,0,0,0,3.17,3,0.0,,,
2778,3.0280,-0.1184,0.0015,3.000,sour,1.000,14.38,1,1,1,0,2.89,2,3.2,32|31,2727,
2779,3.0280,-0.1157,0.1886,3.002,good,0.000,2.34,0,0,0,0,1.91,2,0.0,,,
2780,3.0280,-0.1154,-0.0620,3.144,good,0.000,2.19,0,0,0,0,-1.47,2,0.0,,,
2773,3.0320,-0.1229,0.1479,2.089,good,0.002,4.77,0,0,0,0,29.43,3,0.0,,,
2776,3.0320,-0.1160,-0.2403,2.873,good,0.013,2.19,0,0,0,0,1.83,3,0.0,,,
2777,3.0320,-0.1090,-0.0071,2.994,good,0.001,3.01,0,0,0,0,-3.58,3,0.0,,,
2787,3.0320,-0.1145,0.1453,3.000,good,0.004,2.96,0,0,0,0,-1.88,1,0.0,,,
2781,3.0360,-0.1098,-0.0721,2.997,good,0.001,1.71,0,0,0,0,-7.83,3,0.0,,,
2782,3.0360,-0.1081,0.2148,3.004,good,0.000,2.25,0,0,0,0,-8.63,3,0.0,,,
2783,3.0360,-0.1090,0.0092,2.964,good,0.001,5.39,0,0,0,0,-7.41,3,0.0,,,
2784,3.0400,-0.1152,0.1603,2.985,good,0.000,2.55,0,0,0,0,3.92,3,0.0,,,
2785,3.0400,-0.1081,-0.1238,3.115,good,0.000,1.58,0,0,0,0,-1.41,3,0.0,,,
2786,3.0400,-0.1206,-0.0540,2.542,good,0.002,2.75,0,0,0,0,14.50,2,0.0,,,
2791,3.0400,-0.1184,-0.2280,3.009,good,0.000,2.35,0,0,0,0,4.28,2,0.0,,,
2794,3.0400,-0.1104,-0.0496,3.000,good,0.000,2.55,0,0,0,0,1.82,1,0.0,,,
2788,3.0440,-0.1154,-0.1596,2.822,good,0.000,2.42,0,0,0,0,-0.81,3,0.0,,,
2789,3.0440,-0.1097,0.1743,2.992,good,0.000,3.29,0,0,0,0,-7.10,3,0.0,,,
2790,3.0440,-0.1090,-0.1122,2.991,good,0.001,2.33,0,0,0,0,-7.37,3,0.0,,,
2792,3.0480,-0.1153,0.1379,2.805,good,0.020,2.95,0,0,0,0,0.88,3,0.0,,,
2793,3.0480,-0.1126,-0.1733,2.991,faded,0.840,4.69,1,0,0,1,-4.83,3,3.2,9|10,2760,
2797,3.0480,-0.1192,0.1677,2.883,good,0.468,5.25,0,0,0,0,0.07,2,0.0,,,
2795,3.0520,-0.1084,-0.2186,3.285,good,0.001,2.54,0,0,0,0,-18.57,3,0.0,,,
2796,3.0520,-0.1106,0.0439,2.562,good,0.092,9.73,0,0,0,0,0.15,3,0.0,,,
2803,3.0520,-0.1182,0.1896,2.992,insect,1.000,6.48,1,0,0,1,-9.19,2,3.1,56,2758,
2798,3.0560,-0.1135,0.0609,3.055,good,0.000,3.06,0,0,0,0,-8.66,3,0.0,,,
2799,3.0560,-0.1077,0.0902,3.450,good,0.003,2.33,0,0,0,0,-18.39,3,0.0,,,
2800,3.0560,-0.1266,0.0350,2.334,broken,1.000,5.39,1,1,1,0,14.42,2,2.4,36,,
2801,3.0560,-0.1084,-0.0292,3.002,good,0.000,3.14,0,0,0,0,-9.30,3,0.0,,,
2802,3.0560,-0.1098,0.2091,2.718,good,0.111,4.44,0,0,0,0,-1.57,3,0.0,,,
2807,3.0560,-0.1169,0.1553,2.970,good,0.000,2.63,0,0,0,0,-5.80,2,0.0,,,
2808,3.0560,-0.1176,0.1872,3.007,good,0.000,2.32,0,0,0,0,-6.50,2,0.0,,,
2814,3.0560,-0.1173,0.0383,3.000,broken,1.000,5.05,1,0,0,1,-6.43,1,2.4,36|37,2715,
2804,3.0600,-0.1081,-0.2078,2.999,stick,1.000,100.65,1,0,0,1,-8.68,3,2.4,5,2741,
2805,3.0600,-0.1132,-0.0642,3.006,good,0.000,3.03,0,0,0,0,-7.28,3,0.0,,,
2806,3.0600,-0.1097,0.1976,3.000,good,0.009,5.36,0,0,0,0,-8.33,3,0.0,,,
2812,3.0600,-0.1160,0.1830,3.070,sour,0.966,18.86,1,0,0,1,-7.93,2,3.2,55,2763|2768,
2809,3.0640,-0.1120,0.2168,2.949,good,0.103,4.55,0,0,0,0,-1.58,3,0.0,,,
2810,3.0640,-0.1116,0.1522,3.012,good,0.000,2.16,0,0,0,0,-3.26,3,0.0,,,
2811,3.0640,-0.1116,-0.1532,2.995,good,0.000,3.97,0,0,0,0,-2.90,3,0.0,,,
2813,3.0640,-0.1059,0.2398,3.023,good,0.022,6.15,0,0,0,0,-5.51,3,0.0,,,
2817,3.0640,-0.1158,0.0119,3.018,good,0.002,3.04,0,0,0,0,-2.15,2,0.0,,,
2815,3.0680,-0.1107,-0.1116,2.897,good,0.000,2.21,0,0,0,0,-6.92,3,0.0,,,
2816,3.0680,-0.1093,0.0284,2.739,good,0.001,2.99,0,0,0,0,-3.28,3,0.0,,,
2820,3.0680,-0.1180,-0.1250,2.973,good,0.000,3.23,0,0,0,0,-6.41,2,0.0,,,
2821,3.0680,-0.1147,-0.1989,3.175,good,0.002,4.99,0,0,0,0,-12.17,2,0.0,,,
2822,3.0680,-0.1255,-0.1332,3.000,broken,0.988,9.16,1,0,0,1,-8.63,1,2.4,14|15,,
2818,3.0720,-0.1156,0.0544,2.923,good,0.002,2.51,0,0,0,0,-2.51,3,0.0,,,
2819,3.0720,-0.1120,0.1230,3.001,good,0.000,2.09,0,0,0,0,-5.71,3,0.0,,,
2823,3.0720,-0.1200,0.1907,2.999,good,0.102,3.98,0,0,0,0,-3.09,2,0.0,,,
2824,3.0720,-0.1185,-0.1185,3.298,black,1.000,50.83,1,0,0,1,-10.23,2,3.2,16|17,2782,
2826,3.0760,-0.1185,-0.1541,2.998,good,0.000,2.77,0,0,0,0,-2.40,2,0.0,,,
2827,3.0760,-0.1179,-0.0939,3.008,good,0.000,3.08,0,0,0,0,-2.91,2,0.0,,,
2825,3.0800,-0.1163,-0.0396,2.411,good,0.000,3.23,0,0,0,0,20.14,3,0.0,,,
2828,3.0840,-0.1112,0.1913,3.003,good,0.000,2.11,0,0,0,0,-4.52,3,0.0,,,
2830,3.0840,-0.1194,-0.1024,2.726,good,0.000,2.71,0,0,0,0,5.61,2,0.0,,,
2829,3.0880,-0.1080,-0.2032,3.005,good,0.002,2.94,0,0,0,0,-7.85,3,0.0,,,
2833,3.0880,-0.1191,0.2111,3.000,good,0.001,3.15,0,0,0,0,-4.08,2,0.0,,,
2831,3.0920,-0.1167,-0.0222,2.758,good,0.083,3.40,0,0,0,0,-1.20,3,0.0,,,
2832,3.0920,-0.1086,0.0193,3.014,good,0.000,2.74,0,0,0,0,-10.60,3,0.0,,,
2837,3.0920,-0.1310,-0.1237,3.000,good,0.000,2.24,0,0,0,0,-6.82,1,0.0,,,
2838,3.0920,-0.1194,0.0576,2.970,good,0.035,3.43,0,0,0,0,-5.98,2,0.0,,,
2839,3.0920,-0.1162,-0.0512,3.000,good,0.000,2.86,0,0,0,0,-7.88,2,0.0,,,
2840,3.0920,-0.1168,0.1253,2.954,good,0.001,2.82,0,0,0,0,-6.58,2,0.0,,,
2834,3.0960,-0.1115,0.0772,2.999,good,0.327,3.77,0,0,0,0,-9.17,3,0.0,,,
2835,3.0960,-0.1107,0.1313,2.992,good,0.000,2.79,0,0,0,0,-9.31,3,0.0,,,
2836,3.0960,-0.1103,0.2214,2.533,good,0.000,2.64,0,0,0,0,3.24,3,0.0,,,
2846,3.0960,-0.1154,-0.0540,2.997,good,0.001,7.31,0,0,0,0,-7.95,2,0.0,,,
2847,3.0960,-0.1205,-0.1196,3.000,good,0.000,2.26,0,0,0,0,-10.32,1,0.0,,,
2853,3.0960,-0.1100,-0.1154,3.000,good,0.000,2.29,0,0,0,0,-9.83,1,0.0,,,
2841,3.1000,-0.1147,0.2341,2.951,good,0.203,2.59,0,0,0,0,4.18,3,0.0,,,
2842,3.1000,-0.1141,0.1234,3.013,good,0.065,6.62,0,0,0,0,2.45,3,0.0,,,
2843,3.1000,-0.1109,-0.0200,2.900,good,0.000,2.22,0,0,0,0,4.07,3,0.0,,,
2844,3.1000,-0.1111,-0.1451,2.945,good,0.184,3.56,0,0,0,0,2.99,3,0.0,,,
2845,3.1000,-0.1092,-0.0020,3.045,good,0.223,4.49,0,0,0,0,0.01,3,0.0,,,
2851,3.1000,-0.1192,-0.2051,3.006,good,0.001,1.50,0,0,0,0,4.16,2,0.0,,,
2852,3.1000,-0.1172,0.0455,3.321,faded,0.769,3.50,1,0,0,1,-3.37,2,3.2,37|38,2802,
2848,3.1040,-0.1124,-0.0515,3.008,good,0.000,2.36,0,0,0,0,-7.83,3,0.0,,,
2849,3.1040,-0.1124,0.2336,3.004,sour,1.000,21.76,1,0,0,1,-7.80,3,3.2,61|62,2799,
2850,3.1040,-0.1077,-0.2207,3.450,broken,1.000,12.67,1,0,0,1,-18.35,3,2.4,3,2869,
2855,3.1040,-0.1168,-0.0867,3.214,good,0.006,9.37,0,0,0,0,-11.25,2,0.0,,,
2854,3.1080,-0.1096,-0.2300,2.956,good,0.030,2.69,0,0,0,0,-6.85,3,0.0,,,
2857,3.1080,-0.1184,0.1021,3.004,good,0.000,2.98,0,0,0,0,-5.12,2,0.0,,,
2856,3.1120,-0.1146,-0.0047,3.000,sour,1.000,17.15,1,1,1,0,4.96,3,3.2,31,2812,2812
2859,3.1120,-0.1200,-0.1440,2.956,good,0.000,2.40,0,0,0,0,7.77,2,0.0,,,
2860,3.1120,-0.1174,0.1209,3.031,good,0.000,2.81,0,0,0,0,5.01,2,0.0,,,
2861,3.1120,-0.1176,0.0662,3.218,good,0.000,2.40,0,0,0,0,0.86,2,0.0,,,
2862,3.1120,-0.1294,0.1331,3.000,good,0.004,4.55,0,0,0,0,5.74,1,0.0,,,
2867,3.1120,-0.1176,0.1293,3.000,good,0.002,4.52,0,0,0,0,5.79,1,0.0,,,
2858,3.1160,-0.1108,0.0497,2.993,good,0.000,3.26,0,0,0,0,-4.64,3,0.0,,,
2866,3.1160,-0.1194,0.1100,3.355,good,0.000,1.76,0,0,0,0,-9.72,2,0.0,,,
2863,3.1200,-0.1115,-0.1956,3.450,good,0.009,2.99,0,0,0,0,-6.96,3,0.0,,,
2864,3.1200,-0.1136,0.0217,3.010,good,0.025,4.73,0,0,0,0,2.64,3,0.0,,,
2865,3.1200,-0.1105,0.1281,3.110,good,0.000,2.55,0,0,0,0,-0.67,3,0.0,,,
2870,3.1200,-0.1184,-0.2112,2.995,good,0.006,2.53,0,0,0,0,4.52,2,0.0,,,
2868,3.1240,-0.1117,-0.1006,2.999,good,0.000,3.19,0,0,0,0,-10.56,3,0.0,,,
2869,3.1240,-0.1116,0.0280,3.003,faded,0.692,3.17,1,0,0,1,-10.75,3,3.2,35,2816,
2872,3.1240,-0.1195,-0.1409,3.000,good,0.000,2.70,0,0,0,0,-8.10,2,0.0,,,
2873,3.1240,-0.1112,0.2124,3.450,stone,1.000,7.14,1,0,0,1,-20.07,2,9.1,59|58|60,2856,
2871,3.1280,-0.1107,-0.1829,2.991,good,0.000,2.67,0,0,0,0,-6.12,3,0.0,,,
2876,3.1280,-0.1153,-0.0491,3.153,good,0.355,3.08,0,0,0,0,-8.35,2,0.0,,,
2874,3.1320,-0.1379,0.1628,3.000,good,0.010,3.42,0,0,0,0,-8.63,1,0.0,,,
2875,3.1320,-0.1107,0.1820,2.974,good,0.000,2.68,0,0,0,0,-9.25,3,0.0,,,
2881,3.1320,-0.1170,0.1946,3.015,good,0.001,7.06,0,0,0,0,-8.17,2,0.0,,,
2882,3.1320,-0.1259,0.1596,3.000,good,0.007,3.32,0,0,0,0,-8.86,1,0.0,,,
2890,3.1320,-0.1139,0.1565,3.000,good,0.009,3.39,0,0,0,0,-8.86,1,0.0,,,
2877,3.1360,-0.1174,-0.0679,2.769,black,1.000,51.29,1,0,0,1,-2.16,3,3.2,23,2825,
2878,3.1360,-0.1138,-0.1233,2.992,good,0.000,2.01,0,0,0,0,-9.26,3,0.0,,,
2879,3.1360,-0.1121,0.1200,2.970,good,0.001,4.45,0,0,0,0,-9.33,3,0.0,,,
2880,3.1360,-0.1094,0.0058,2.992,good,0.000,4.24,0,0,0,0,-10.83,3,0.0,,,
2888,3.1360,-0.1189,0.1744,2.992,good,0.000,2.63,0,0,0,0,-7.67,2,0.0,,,
2889,3.1360,-0.1139,0.0778,3.450,good,0.007,3.20,0,0,0,0,-18.90,2,0.0,,,
2896,3.1360,-0.1019,0.1534,3.000,good,0.005,3.23,0,0,0,0,-13.57,1,0.0,,,
2883,3.1400,-0.1148,-0.1545,3.161,good,0.001,2.57,0,0,0,0,-11.98,3,0.0,,,
2884,3.1400,-0.1153,-0.2426,2.997,good,0.015,1.70,0,0,0,0,-8.14,3,0.0,,,
2885,3.1400,-0.1169,-0.0302,2.744,good,0.000,3.93,0,0,0,0,-0.97,3,0.0,,,
2886,3.1400,-0.1122,0.0861,2.855,good,0.003,6.98,0,0,0,0,-5.71,3,0.0,,,
2887,3.1400,-0.1094,-0.0899,2.991,good,0.000,2.22,0,0,0,0,-10.07,3,0.0,,,
2895,3.1400,-0.1181,0.0150,3.002,good,0.000,2.87,0,0,0,0,-7.47,2,0.0,,,
2901,3.1400,-0.1062,0.0805,3.000,good,0.000,2.99,0,0,0,0,-11.40,1,0.0,,,
2891,3.1440,-0.1124,-0.1147,2.997,good,0.000,2.66,0,0,0,0,-10.34,3,0.0,,,
2892,3.1440,-0.1089,0.1120,3.277,good,0.000,2.22,0,0,0,0,-17.52,3,0.0,,,
2893,3.1440,-0.1118,-0.2243,3.003,good,0.000,3.29,0,0,0,0,-10.80,3,0.0,,,
2894,3.1440,-0.1085,-0.0935,3.013,good,0.346,4.29,0,0,0,0,-12.14,3,0.0,,,
2900,3.1440,-0.1186,-0.1681,2.943,good,0.000,2.03,0,0,0,0,-7.12,2,0.0,,,
2904,3.1440,-0.1059,-0.0267,3.000,good,0.000,3.89,0,0,0,0,-12.76,1,0.0,,,
2897,3.1480,-0.1140,-0.0726,2.994,good,0.006,3.53,0,0,0,0,-1.90,3,0.0,,,
2898,3.1480,-0.1149,-0.2276,2.968,good,0.001,3.76,0,0,0,0,-1.04,3,0.0,,,
2899,3.1480,-0.1103,-0.0970,3.044,good,0.000,2.08,0,0,0,0,-4.40,3,0.0,,,
2902,3.1480,-0.1194,-0.2024,2.985,good,0.000,1.58,0,0,0,0,-0.03,2,0.0,,,
2903,3.1480,-0.1184,0.1386,3.031,good,0.001,5.39,0,0,0,0,-1.49,2,0.0,,,
2907,3.1520,-0.1183,-0.0169,2.948,broken,1.000,5.92,1,0,0,1,-8.93,2,2.4,29|30,2866,
2908,3.1520,-0.1165,0.0876,3.045,good,0.001,5.41,0,0,0,0,-11.96,2,0.0,,,
2912,3.1520,-0.1063,0.1348,3.000,good,0.001,5.39,0,0,0,0,-14.31,1,0.0,,,
2905,3.1560,-0.1143,0.0088,3.123,good,0.000,2.64,0,0,0,0,-1.24,3,0.0,,,
2906,3.1560,-0.1083,-0.2169,2.932,good,0.001,8.75,0,0,0,0,1.11,3,0.0,,,
2911,3.1560,-0.1191,0.1101,2.998,black,1.000,48.96,1,1,1,0,3.08,2,3.2,46|45,2847,2847
2909,3.1600,-0.1145,0.0734,3.010,black,1.000,47.39,1,0,0,1,-9.83,3,3.2,41,2835,
2910,3.1600,-0.1110,-0.0974,3.025,insect,1.000,5.02,1,0,0,1,-11.38,3,3.1,19,2850,
2913,3.1640,-0.1141,0.1431,3.077,good,0.002,3.97,0,0,0,0,-1.83,3,0.0,,,
2914,3.1640,-0.1143,0.2026,2.715,good,0.004,2.95,0,0,0,0,7.43,3,0.0,,,
2917,3.1640,-0.1183,0.1060,3.336,good,0.000,3.57,0,0,0,0,-6.09,2,0.0,,,
2915,3.1680,-0.1148,0.1247,2.997,good,0.000,2.47,0,0,0,0,0.53,3,0.0,,,
2916,3.1680,-0.1096,-0.0802,2.980,good,0.001,3.70,0,0,0,0,-0.87,3,0.0,,,
2918,3.1720,-0.1159,0.1969,3.022,insect,1.000,4.84,1,0,0,1,-10.20,3,3.1,57|56,2913,
2919,3.1720,-0.1140,-0.0179,3.212,shell,1.000,10.89,1,0,0,1,-15.08,3,2.4,29,2889,
2920,3.1720,-0.1090,-0.1156,2.998,good,0.011,4.15,0,0,0,0,-12.04,3,0.0,,,
2921,3.1720,-0.1086,0.0337,3.038,good,0.000,1.74,0,0,0,0,-13.12,3,0.0,,,
2922,3.1720,-0.1084,0.0136,3.003,good,0.000,3.41,0,0,0,0,-12.41,3,0.0,,,
2924,3.1720,-0.1195,0.1500,3.033,good,0.000,2.43,0,0,0,0,-9.49,2,0.0,,,
2925,3.1720,-0.1187,0.0676,2.597,husk,1.000,10.85,1,1,1,0,2.31,2,2.4,40,2842,
2926,3.1720,-0.1136,-0.2190,3.214,good,0.010,2.71,0,0,0,0,-15.48,2,0.0,,,
2927,3.1720,-0.1129,-0.0491,3.450,good,0.000,3.12,0,0,0,0,-20.26,2,0.0,,,
2923,3.1760,-0.1153,-0.0566,3.000,good,0.000,2.10,0,0,0,0,-8.03,3,0.0,,,
2930,3.1760,-0.1172,-0.0188,3.009,good,0.000,2.30,0,0,0,0,-7.66,2,0.0,,,
2928,3.1800,-0.1129,0.1445,3.191,good,0.000,2.13,0,0,0,0,-9.18,3,0.0,,,
2929,3.1800,-0.1081,0.0307,3.362,good,0.000,2.07,0,0,0,0,-14.05,3,0.0,,,
2933,3.1800,-0.1171,0.2126,2.991,good,0.000,1.95,0,0,0,0,-3.40,2,0.0,,,
2931,3.1840,-0.1111,-0.1927,3.006,good,0.000,2.55,0,0,0,0,0.24,3,0.0,,,
2932,3.1840,-0.1096,-0.2061,3.001,good,0.025,6.45,0,0,0,0,-0.18,3,0.0,,,
2935,3.1840,-0.1146,-0.1511,3.031,good,0.000,2.32,0,0,0,0,0.73,2,0.0,,,
2934,3.1880,-0.1112,0.1580,3.000,good,0.455,3.56,0,0,0,0,-8.21,3,0.0,,,
2940,3.1880,-0.1196,0.1089,3.115,good,0.000,2.76,0,0,0,0,-8.19,2,0.0,,,
2936,3.1920,-0.1118,0.0431,3.015,good,0.006,2.95,0,0,0,0,-11.57,3,0.0,,,
2937,3.1920,-0.1110,-0.0363,3.008,good,0.001,2.54,0,0,0,0,-11.72,3,0.0,,,
2938,3.1920,-0.1106,-0.0574,2.924,good,0.341,2.79,0,0,0,0,-9.92,3,0.0,,,
2939,3.1920,-0.1097,0.2235,3.004,good,0.000,2.81,0,0,0,0,-12.15,3,0.0,,,
2943,3.1920,-0.1192,-0.1641,2.998,good,0.004,3.34,0,0,0,0,-8.90,2,0.0,,,
2941,3.1960,-0.1086,-0.0171,3.073,good,0.000,3.26,0,0,0,0,-13.34,3,0.0,,,
2942,3.1960,-0.1219,0.1715,3.005,good,0.000,2.26,0,0,0,0,-11.43,2,0.0,,,
2946,3.1960,-0.1199,-0.0902,3.020,good,0.001,3.42,0,0,0,0,-8.49,2,0.0,,,
2947,3.1960,-0.1136,0.1754,3.450,good,0.007,6.23,0,0,0,0,-19.43,2,0.0,,,
2944,3.2000,-0.1148,0.1383,3.002,good,0.000,4.76,0,0,0,0,-10.26,3,0.0,,,
2945,3.2000,-0.1107,0.0451,2.995,good,0.002,4.31,0,0,0,0,-11.51,3,0.0,,,
2952,3.2000,-0.1192,-0.1574,3.006,good,0.001,6.73,0,0,0,0,-8.99,2,0.0,,,
2948,3.2040,-0.1153,0.1804,3.019,good,0.000,2.79,0,0,0,0,-11.17,3,0.0,,,
2949,3.2040,-0.1154,0.0593,2.999,good,0.065,3.05,0,0,0,0,-10.74,3,0.0,,,
2950,3.2040,-0.1125,-0.2261,3.006,good,0.024,2.49,0,0,0,0,-11.88,3,0.0,,,
2951,3.2040,-0.1134,0.1954,3.006,good,0.000,2.06,0,0,0,0,-11.63,3,0.0,,,
2957,3.2040,-0.1154,-0.1388,3.000,sour,1.000,16.59,1,0,0,1,-10.85,2,3.2,14,2901,
2953,3.2080,-0.1146,-0.0019,2.999,good,0.000,2.16,0,0,0,0,-10.10,3,0.0,,,
2954,3.2080,-0.1104,-0.1828,3.054,good,0.006,3.49,0,0,0,0,-12.82,3,0.0,,,
2955,3.2080,-0.1078,0.1570,3.223,faded,0.698,6.55,1,0,0,1,-17.27,3,3.2,52|51,2895,
2956,3.2080,-0.1091,0.1005,3.080,good,0.653,6.38,1,0,0,1,-13.92,3,2.4,44|45,2863,
2958,3.2120,-0.1134,0.0778,2.943,faded,0.719,3.03,1,0,0,1,-6.02,3,3.2,41|42,2914,
2959,3.2120,-0.1110,0.0671,3.055,good,0.000,3.42,0,0,0,0,-9.57,3,0.0,,,
2960,3.2120,-0.1086,0.1502,2.973,good,0.006,2.63,0,0,0,0,-8.50,3,0.0,,,
2961,3.2120,-0.1176,-0.1110,2.971,good,0.006,3.93,0,0,0,0,-5.53,2,0.0,,,
2962,3.2200,-0.1150,-0.2025,3.015,broken,0.851,4.27,1,1,1,0,0.79,3,2.4,6|5,2929,
2963,3.2200,-0.1106,-0.1484,3.003,good,0.000,2.03,0,0,0,0,-0.45,3,0.0,,,
2964,3.2200,-0.1090,0.1212,2.972,good,0.000,3.25,0,0,0,0,-0.32,3,0.0,,,
2968,3.2200,-0.1158,0.2118,2.929,good,0.001,3.21,0,0,0,0,3.01,2,0.0,,,
2965,3.2240,-0.1119,0.0063,2.977,good,0.000,2.24,0,0,0,0,-10.28,3,0.0,,,
2966,3.2240,-0.1145,0.1496,2.410,good,0.158,4.99,0,0,0,0,7.46,3,0.0,,,
2967,3.2240,-0.1103,0.0672,2.973,good,0.000,2.10,0,0,0,0,-10.81,3,0.0,,,
2972,3.2240,-0.1192,-0.0937,2.964,good,0.000,3.68,0,0,0,0,-7.65,2,0.0,,,
2973,3.2240,-0.1189,0.0479,3.003,good,0.004,2.65,0,0,0,0,-8.76,2,0.0,,,
2974,3.2240,-0.1186,0.1211,2.699,good,0.007,2.36,0,0,0,0,-0.69,2,0.0,,,
2975,3.2240,-0.1162,0.0923,3.129,good,0.000,2.32,0,0,0,0,-12.61,2,0.0,,,
2969,3.2280,-0.1161,0.0535,2.999,good,0.000,2.36,0,0,0,0,-0.13,3,0.0,,,
2970,3.2280,-0.1099,0.1686,2.975,good,0.369,4.57,0,0,0,0,-1.67,3,0.0,,,
2971,3.2280,-0.1119,-0.0666,2.736,good,0.001,1.70,0,0,0,0,5.17,3,0.0,,,
2976,3.2320,-0.1120,-0.0574,3.000,good,0.000,3.06,0,0,0,0,1.33,3,0.0,,,
2978,3.2320,-0.1166,0.1473,3.097,good,0.001,1.79,0,0,0,0,0.57,2,0.0,,,
2979,3.2320,-0.1274,-0.1910,3.000,shell,1.000,56.00,1,1,1,0,2.42,1,2.4,7,,
2981,3.2320,-0.1123,-0.1937,3.000,shell,1.000,54.38,1,1,1,0,1.37,1,2.4,7,2969,
2977,3.2360,-0.1169,-0.2188,2.881,good,0.001,2.42,0,0,0,0,4.60,3,0.0,,,
2980,3.2360,-0.1167,-0.1447,3.088,faded,0.832,8.97,1,1,1,0,-0.54,2,2.9,13,2906|2930|2932,2930|2932
2988,3.2400,-0.1174,0.0595,2.996,stick,1.000,63.36,1,1,1,0,1.34,2,2.4,39,2903,2903
2982,3.2440,-0.1144,0.0322,2.942,broken,0.994,2.72,1,0,0,1,-7.26,3,2.4,36|35,2926,
2983,3.2440,-0.1144,0.1494,2.997,good,0.000,3.51,0,0,0,0,-8.68,3,0.0,,,
2984,3.2440,-0.1134,-0.0354,3.000,good,0.000,2.73,0,0,0,0,-9.13,3,0.0,,,
2985,3.2440,-0.1152,-0.0135,2.831,good,0.000,5.04,0,0,0,0,-4.28,3,0.0,,,
2986,3.2440,-0.1373,0.2065,3.000,broken,0.998,10.16,1,0,0,1,-9.20,1,2.4,58,,
2987,3.2440,-0.1109,-0.0565,2.974,good,0.000,2.33,0,0,0,0,-9.41,3,0.0,,,
2989,3.2440,-0.1085,-0.1857,3.248,good,0.000,2.16,0,0,0,0,-16.17,3,0.0,,,
2992,3.2440,-0.1185,0.0990,2.956,good,0.000,2.80,0,0,0,0,-6.49,2,0.0,,,
2993,3.2440,-0.1214,0.2097,3.000,broken,0.998,10.15,1,0,0,1,-10.62,1,2.4,58|59,,
2998,3.2440,-0.1054,0.2130,3.000,broken,0.999,10.06,1,0,0,1,-11.96,1,2.4,59,2999,
2990,3.2480,-0.1129,-0.0167,3.034,good,0.000,3.62,0,0,0,0,-1.18,3,0.0,,,
2991,3.2480,-0.1093,0.1801,2.994,good,0.000,6.73,0,0,0,0,-1.52,3,0.0,,,
2995,3.2480,-0.1197,-0.0878,3.082,good,0.003,1.96,0,0,0,0,-0.20,2,0.0,,,
2996,3.2480,-0.1200,-0.1626,2.907,good,0.000,1.62,0,0,0,0,4.17,2,0.0,,,
2997,3.2480,-0.1179,-0.0799,2.932,good,0.003,2.15,0,0,0,0,2.80,2,0.0,,,
2994,3.2520,-0.1115,0.1916,2.995,good,0.000,3.30,0,0,0,0,-10.42,3,0.0,,,
3002,3.2520,-0.1194,0.1647,3.109,good,0.002,2.48,0,0,0,0,-10.51,2,0.0,,,
3003,3.2520,-0.1175,0.1482,3.068,sour,1.000,14.11,1,0,0,1,-10.22,2,3.2,50|51,2962,
2999,3.2560,-0.1150,-0.0245,2.985,good,0.000,4.58,0,0,0,0,1.62,3,0.0,,,
3000,3.2560,-0.1155,-0.1156,2.924,good,0.000,3.15,0,0,0,0,3.24,3,0.0,,,
3001,3.2560,-0.1115,-0.1593,2.997,good,0.000,1.96,0,0,0,0,0.07,3,0.0,,,
3008,3.2560,-0.1161,-0.0795,3.140,good,0.001,2.32,0,0,0,0,-1.74,2,0.0,,,
3009,3.2560,-0.1168,0.1240,2.994,good,0.000,2.29,0,0,0,0,1.83,2,0.0,,,
3004,3.2600,-0.1146,-0.0691,3.019,faded,0.548,3.05,1,0,0,1,-9.28,3,3.2,23|22,2957,
3005,3.2600,-0.1141,-0.0128,2.962,good,0.000,3.61,0,0,0,0,-8.17,3,0.0,,,
3006,3.2600,-0.1127,-0.0238,3.003,good,0.001,3.14,0,0,0,0,-9.68,3,0.0,,,
3007,3.2600,-0.1100,0.2062,3.068,good,0.132,4.15,0,0,0,0,-12.08,3,0.0,,,
3010,3.2680,-0.1149,-0.1092,2.999,broken,0.988,2.72,1,0,0,1,-7.72,3,2.4,18|17,2967,
3011,3.2680,-0.1140,-0.1189,2.991,good,0.000,1.95,0,0,0,0,-7.91,3,0.0,,,
3012,3.2680,-0.1102,0.2328,3.055,husk,1.000,10.86,1,0,0,1,-10.69,3,2.4,61,2984,
3013,3.2680,-0.1117,-0.1307,2.871,black,1.000,50.60,1,0,0,1,-5.79,3,3.2,15,2964,
3014,3.2680,-0.1097,-0.1506,2.857,good,0.000,3.11,0,0,0,0,-6.16,3,0.0,,,
3017,3.2680,-0.1182,-0.1473,3.088,good,0.000,2.38,0,0,0,0,-8.97,2,0.0,,,
3018,3.2680,-0.1155,0.0020,3.118,good,0.004,6.07,0,0,0,0,-10.53,2,0.0,,,
3015,3.2720,-0.1156,0.1022,2.993,faded,0.594,3.71,1,0,0,1,-7.84,3,3.2,45|44,2975,
3016,3.2720,-0.1120,-0.0095,2.870,good,0.000,2.66,0,0,0,0,-6.11,3,0.0,,,
3021,3.2720,-0.1159,0.1553,3.270,good,0.001,2.12,0,0,0,0,-14.04,2,0.0,,,
3019,3.2760,-0.1140,0.0659,2.831,good,0.002,2.67,0,0,0,0,6.54,3,0.0,,,
3020,3.2760,-0.1095,0.1763,3.000,broken,0.535,3.80,1,1,1,0,0.71,3,2.4,54,2981,
3023,3.2760,-0.1150,-0.0405,3.060,good,0.000,2.69,0,0,0,0,1.06,2,0.0,,,
3024,3.2760,-0.1172,0.1494,3.016,good,0.000,3.25,0,0,0,0,2.79,2,0.0,,,
3022,3.2800,-0.1160,0.1325,2.917,good,0.000,3.27,0,0,0,0,-6.12,3,0.0,,,
3028,3.2800,-0.1181,0.0020,3.300,good,0.000,2.02,0,0,0,0,-14.14,2,0.0,,,
3029,3.2800,-0.1144,-0.0837,3.074,good,0.000,2.48,0,0,0,0,-10.55,2,0.0,,,
3034,3.2800,-0.1027,0.0695,3.000,good,0.000,2.46,0,0,0,0,-12.71,1,0.0,,,
3025,3.2840,-0.1159,0.0499,2.954,good,0.000,2.59,0,0,0,0,-6.48,3,0.0,,,
3026,3.2840,-0.1140,-0.1910,3.000,good,0.001,1.65,0,0,0,0,-8.28,3,0.0,,,
3027,3.2840,-0.1090,-0.0211,2.921,good,0.000,2.60,0,0,0,0,-8.11,3,0.0,,,
3033,3.2840,-0.1195,-0.1501,3.028,good,0.005,2.58,0,0,0,0,-7.18,2,0.0,,,
3030,3.2880,-0.1279,0.1323,2.802,good,0.000,4.29,0,0,0,0,-4.63,2,0.0,,,
3031,3.2880,-0.1125,-0.1624,3.007,good,0.000,2.50,0,0,0,0,-11.33,3,0.0,,,
3032,3.2880,-0.1084,-0.1994,3.001,good,0.000,2.28,0,0,0,0,-12.59,3,0.0,,,
3046,3.2880,-0.1166,0.1355,3.000,good,0.000,3.90,0,0,0,0,-9.85,1,0.0,,,
3035,3.2920,-0.1176,-0.0609,2.720,good,0.000,2.15,0,0,0,0,-0.27,3,0.0,,,
3036,3.2920,-0.1159,0.2400,2.970,good,0.003,3.92,0,0,0,0,-7.61,3,0.0,,,
3037,3.2920,-0.1149,-0.1958,3.053,good,0.000,3.66,0,0,0,0,-9.95,3,0.0,,,
3038,3.2920,-0.1084,0.1915,2.982,good,0.000,3.00,0,0,0,0,-10.48,3,0.0,,,
3039,3.2920,-0.1087,0.1125,2.834,good,0.000,2.91,0,0,0,0,-6.76,3,0.0,,,
3045,3.2920,-0.1173,0.1090,2.901,good,0.002,3.01,0,0,0,0,-5.55,2,0.0,,,
3040,3.2960,-0.1164,-0.0361,3.000,good,0.001,2.65,0,0,0,0,-7.59,3,0.0,,,
3041,3.2960,-0.1153,0.2292,2.984,good,0.008,2.33,0,0,0,0,-7.63,3,0.0,,,
3042,3.2960,-0.1250,-0.1841,3.226,good,0.000,2.39,0,0,0,0,-14.07,2,0.0,,,
3043,3.2960,-0.1084,-0.0658,3.348,good,0.021,5.21,0,0,0,0,-17.62,3,0.0,,,
3044,3.2960,-0.1081,-0.0378,3.020,good,0.000,3.41,0,0,0,0,-11.01,3,0.0,,,
3053,3.2960,-0.1121,-0.1873,3.000,good,0.000,2.39,0,0,0,0,-9.26,1,0.0,,,
3047,3.3000,-0.1147,0.2392,2.998,good,0.000,1.83,0,0,0,0,-8.45,3,0.0,,,
3048,3.3000,-0.1081,-0.0919,3.385,good,0.029,3.30,0,0,0,0,-18.65,3,0.0,,,
3049,3.3000,-0.1119,-0.0676,2.933,insect,1.000,8.46,1,0,0,1,-7.90,3,3.1,23,2995,
3052,3.3000,-0.1134,-0.1729,3.450,good,0.003,2.83,0,0,0,0,-18.35,2,0.0,,,
3050,3.3040,-0.1090,-0.0805,2.943,good,0.002,3.30,0,0,0,0,-9.25,3,0.0,,,
3051,3.3040,-0.1087,-0.0202,3.004,good,0.000,1.77,0,0,0,0,-10.84,3,0.0,,,
3054,3.3080,-0.1139,0.0901,3.111,sour,1.000,18.34,1,0,0,1,-9.18,3,3.2,43,3018,
3055,3.3080,-0.1130,0.1311,2.999,good,0.136,10.94,0,0,0,0,-6.98,3,0.0,,,
3056,3.3080,-0.1094,0.1485,3.000,good,0.000,3.17,0,0,0,0,-8.26,3,0.0,,,
3057,3.3080,-0.1084,0.1997,3.039,good,0.001,3.49,0,0,0,0,-9.50,3,0.0,,,
3059,3.3080,-0.1200,0.0834,3.084,good,0.000,2.36,0,0,0,0,-6.80,2,0.0,,,
3060,3.3080,-0.1195,0.1536,2.969,good,0.000,2.32,0,0,0,0,-4.23,2,0.0,,,
3058,3.3120,-0.1140,0.0238,2.897,good,0.000,3.91,0,0,0,0,-6.08,3,0.0,,,
3062,3.3120,-0.1192,0.1126,3.059,good,0.010,3.25,0,0,0,0,-8.37,2,0.0,,,
3061,3.3160,-0.1113,-0.1397,2.689,good,0.000,5.61,0,0,0,0,6.07,3,0.0,,,
3064,3.3160,-0.1166,0.2085,3.113,good,0.000,2.91,0,0,0,0,-3.01,2,0.0,,,
3065,3.3160,-0.1276,-0.1310,3.000,shell,1.000,7.48,1,1,1,0,-0.75,1,2.4,15,,
3063,3.3200,-0.1091,-0.1251,2.998,good,0.000,3.70,0,0,0,0,-7.13,3,0.0,,,
3070,3.3200,-0.1154,-0.0216,2.974,good,0.000,3.51,0,0,0,0,-4.51,2,0.0,,,
3071,3.3200,-0.1134,0.2042,3.179,good,0.057,10.66,0,0,0,0,-9.87,2,0.0,,,
3073,3.3200,-0.1018,-0.1469,3.000,shell,1.000,6.90,1,0,0,1,-9.74,1,2.4,13|12,3045,
3066,3.3240,-0.1152,0.1395,2.999,good,0.000,2.45,0,0,0,0,3.05,3,0.0,,,
3067,3.3240,-0.1108,-0.0127,3.036,good,0.001,9.35,0,0,0,0,0.65,3,0.0,,,
3068,3.3240,-0.1068,-0.2293,3.450,good,0.002,4.29,0,0,0,0,-8.87,3,0.0,,,
3069,3.3240,-0.1063,0.1021,3.427,good,0.000,8.27,0,0,0,0,-8.64,3,0.0,,,
3072,3.3240,-0.1161,0.1098,3.000,good,0.002,2.38,0,0,0,0,3.14,2,0.0,,,
3078,3.3280,-0.1193,-0.1110,2.945,sour,1.000,20.16,1,0,0,1,-3.76,2,3.2,17,3021,
3079,3.3280,-0.1170,0.2227,3.005,good,0.161,3.53,0,0,0,0,-6.11,2,0.0,,,
3074,3.3320,-0.1146,-0.2165,3.020,good,0.000,2.07,0,0,0,0,2.15,3,0.0,,,
3075,3.3320,-0.1146,-0.0769,3.001,good,0.000,2.62,0,0,0,0,2.52,3,0.0,,,
3076,3.3320,-0.1123,-0.1744,3.008,good,0.000,4.16,0,0,0,0,1.57,3,0.0,,,
3077,3.3320,-0.1113,0.2326,3.071,good,0.004,3.58,0,0,0,0,-0.25,3,0.0,,,
3083,3.3320,-0.1199,0.0246,3.213,good,0.001,1.96,0,0,0,0,-0.66,2,0.0,,,
3080,3.3360,-0.1113,0.1182,3.196,good,0.145,16.95,0,0,0,0,-13.50,3,0.0,,,
3081,3.3360,-0.1135,-0.0643,2.949,good,0.001,2.38,0,0,0,0,-7.28,3,0.0,,,
3082,3.3360,-0.1252,0.1390,2.388,good,0.011,3.75,0,0,0,0,10.58,2,0.0,,,
3092,3.3360,-0.1156,0.1421,3.000,good,0.007,3.84,0,0,0,0,-7.86,1,0.0,,,
3084,3.3400,-0.1151,0.0058,3.007,good,0.003,5.05,0,0,0,0,-1.98,3,0.0,,,
3085,3.3400,-0.1115,-0.1348,2.996,good,0.000,3.03,0,0,0,0,-2.96,3,0.0,,,
3086,3.3400,-0.1100,-0.1650,3.014,good,0.011,2.97,0,0,0,0,-3.92,3,0.0,,,
3090,3.3400,-0.1195,0.1789,3.107,black,1.000,50.69,1,0,0,1,-3.02,2,3.2,54|55,3029,
3091,3.3400,-0.1177,0.0415,2.886,good,0.001,2.68,0,0,0,0,1.70,2,0.0,,,
3087,3.3440,-0.1157,-0.0451,2.913,black,1.000,55.53,1,0,0,1,-6.84,3,3.2,26,3033,
3088,3.3440,-0.1093,-0.1835,3.079,good,0.003,3.35,0,0,0,0,-13.01,3,0.0,,,
3089,3.3440,-0.1084,-0.1036,3.171,good,0.000,2.39,0,0,0,0,-15.32,3,0.0,,,
3093,3.3440,-0.1185,0.1266,2.970,good,0.001,9.82,0,0,0,0,-7.53,2,0.0,,,
3097,3.3440,-0.1180,-0.1217,3.004,broken,0.645,2.24,1,0,0,1,-8.56,2,2.4,16,3040,
3098,3.3440,-0.1172,-0.1956,3.014,sour,1.000,15.64,1,0,0,1,-9.09,2,3.2,6|7,3044,
3094,3.3480,-0.1093,-0.0019,3.000,good,0.003,1.83,0,0,0,0,-9.55,3,0.0,,,
3095,3.3480,-0.1091,-0.2091,3.009,faded,0.999,6.59,1,0,0,1,-9.85,3,3.2,5,3047,
3096,3.3480,-0.1097,0.1836,2.869,husk,1.000,11.42,1,0,0,1,-6.32,3,2.4,55,3034,
3099,3.3480,-0.1183,0.1565,3.004,good,0.001,2.98,0,0,0,0,-6.81,2,0.0,,,
3100,3.3480,-0.1191,-0.1460,2.999,good,0.000,1.80,0,0,0,0,-6.47,2,0.0,,,
3101,3.3480,-0.1166,-0.1163,3.000,good,0.000,2.54,0,0,0,0,-7.32,2,0.0,,,
3105,3.3480,-0.1123,0.1305,3.000,good,0.000,3.15,0,0,0,0,-8.79,1,0.0,,,
3106,3.3480,-0.1032,0.1239,3.000,good,0.001,4.25,0,0,0,0,-11.84,1,0.0,,,
3104,3.3520,-0.1195,-0.0287,2.983,sour,1.000,15.64,1,0,0,1,-5.05,2,3.2,28,3062,
3102,3.3560,-0.1151,0.1137,3.000,good,0.000,2.76,0,0,0,0,-7.37,3,0.0,,,
3103,3.3560,-0.1135,-0.1053,2.999,good,0.000,2.24,0,0,0,0,-7.93,3,0.0,,,
3109,3.3560,-0.1313,0.1666,3.000,good,0.011,2.56,0,0,0,0,-6.03,1,0.0,,,
3112,3.3560,-0.1158,0.1633,3.000,good,0.006,2.58,0,0,0,0,-7.20,1,0.0,,,
3107,3.3600,-0.1133,0.2304,2.998,good,0.194,3.22,0,0,0,0,-3.87,3,0.0,,,
3108,3.3600,-0.1104,0.0136,3.115,good,0.103,2.83,0,0,0,0,-7.54,3,0.0,,,
3111,3.3600,-0.1178,0.0296,3.000,good,0.001,3.95,0,0,0,0,-2.53,2,0.0,,,
3110,3.3640,-0.1117,-0.1762,3.006,faded,1.000,5.04,1,0,0,1,-6.71,3,3.2,9,3046,
3113,3.3680,-0.1148,-0.0097,2.995,good,0.000,1.95,0,0,0,0,1.88,3,0.0,,,
3114,3.3680,-0.1124,-0.1685,3.018,good,0.002,1.66,0,0,0,0,0.50,3,0.0,,,
3115,3.3680,-0.1094,0.0384,3.016,good,0.000,2.25,0,0,0,0,-0.51,3,0.0,,,
3116,3.3680,-0.1097,0.1019,3.001,good,0.001,3.27,0,0,0,0,-0.07,3,0.0,,,
3119,3.3680,-0.1187,-0.1886,3.002,good,0.001,2.80,0,0,0,0,2.85,2,0.0,,,
3120,3.3680,-0.1193,-0.0200,2.814,good,0.000,2.09,0,0,0,0,7.91,2,0.0,,,
3117,3.3720,-0.1124,-0.1616,3.000,good,0.001,1.88,0,0,0,0,-7.65,3,0.0,,,
3118,3.3720,-0.1097,-0.0790,3.012,good,0.031,3.64,0,0,0,0,-8.91,3,0.0,,,
3125,3.3720,-0.1165,-0.0996,3.028,good,0.001,3.89,0,0,0,0,-7.09,2,0.0,,,
3121,3.3760,-0.1156,0.0798,2.996,faded,0.999,4.35,1,1,1,0,1.94,3,3.2,42,3071,3071
3122,3.3760,-0.1153,0.1240,3.000,good,0.000,2.86,0,0,0,0,1.63,3,0.0,,,
3123,3.3760,-0.1127,-0.0295,3.001,good,0.000,4.05,0,0,0,0,0.73,3,0.0,,,
3124,3.3760,-0.1080,-0.0751,2.999,good,0.000,3.91,0,0,0,0,-0.85,3,0.0,,,
3129,3.3760,-0.1197,-0.0711,2.946,good,0.000,2.49,0,0,0,0,4.30,2,0.0,,,
3126,3.3800,-0.1154,0.0925,3.005,good,0.000,2.44,0,0,0,0,1.07,3,0.0,,,
3127,3.3800,-0.1138,-0.0504,3.000,good,0.001,2.85,0,0,0,0,0.60,3,0.0,,,
3128,3.3800,-0.1123,0.1068,2.996,good,0.001,3.46,0,0,0,0,0.16,3,0.0,,,
3133,3.3800,-0.1310,-0.1225,3.000,sour,1.000,19.19,1,1,1,0,2.27,1,3.2,16,,
3138,3.3800,-0.1195,-0.1190,3.000,sour,1.000,19.14,1,1,1,0,2.41,1,3.2,16,3091,
3139,3.3800,-0.1079,-0.0750,3.000,good,0.000,2.48,0,0,0,0,-1.48,1,0.0,,,
3130,3.3840,-0.1141,-0.2222,2.992,good,0.001,5.86,0,0,0,0,0.28,3,0.0,,,
3131,3.3840,-0.1124,0.2106,3.007,good,0.000,2.00,0,0,0,0,-0.72,3,0.0,,,
3132,3.3840,-0.1233,-0.0584,2.856,good,0.001,2.78,0,0,0,0,2.81,2,0.0,,,
3143,3.3840,-0.1119,-0.0623,3.000,good,0.002,3.03,0,0,0,0,-0.75,1,0.0,,,
3144,3.3840,-0.1080,-0.1155,3.000,sour,1.000,18.19,1,0,0,1,-2.08,1,3.2,17,3091,
3134,3.3880,-0.1169,0.1365,2.800,good,0.002,7.00,0,0,0,0,6.32,3,0.0,,,
3135,3.3880,-0.1127,-0.2040,2.984,good,0.004,6.44,0,0,0,0,-0.03,3,0.0,,,
3136,3.3880,-0.1128,-0.1174,3.141,good,0.000,2.44,0,0,0,0,-3.60,3,0.0,,,
3137,3.3880,-0.1103,0.0341,3.000,faded,0.998,4.89,1,1,1,0,-1.31,3,3.2,36,3088,
3142,3.3880,-0.1184,0.0555,3.135,good,0.000,2.35,0,0,0,0,-1.81,2,0.0,,,
3140,3.3920,-0.1106,-0.1960,3.052,good,0.005,2.59,0,0,0,0,-13.65,3,0.0,,,
3141,3.3920,-0.1112,-0.0490,2.908,good,0.001,2.32,0,0,0,0,-10.07,3,0.0,,,
3148,3.3920,-0.1136,-0.1397,2.985,good,0.001,8.53,0,0,0,0,-11.16,2,0.0,,,
3149,3.3920,-0.1182,-0.1175,3.000,black,1.000,47.08,1,0,0,1,-10.04,2,3.2,16|17,3087,
3145,3.3960,-0.1110,-0.1327,3.346,sour,1.000,15.15,1,0,0,1,-7.06,3,3.2,15|14,3116,
3146,3.3960,-0.1128,-0.0004,3.010,faded,1.000,6.36,1,1,1,0,0.50,3,3.2,31|32,3084,3084
3147,3.3960,-0.1101,-0.0979,3.055,good,0.001,2.31,0,0,0,0,-1.49,3,0.0,,,
3150,3.4000,-0.1118,0.0962,3.204,good,0.000,2.20,0,0,0,0,-13.41,3,0.0,,,
3151,3.4000,-0.1155,0.2158,2.648,good,0.000,2.69,0,0,0,0,1.81,3,0.0,,,
3152,3.4040,-0.1148,0.0602,2.691,good,0.000,2.87,0,0,0,0,10.51,3,0.0,,,
3156,3.4040,-0.1157,-0.2174,2.996,good,0.000,2.10,0,0,0,0,2.61,2,0.0,,,
3153,3.4080,-0.1111,-0.0900,3.002,faded,0.999,4.81,1,0,0,1,-9.14,3,3.2,20,3104,
3154,3.4080,-0.1091,-0.1812,3.007,good,0.000,2.18,0,0,0,0,-10.00,3,0.0,,,
3155,3.4080,-0.1094,0.1932,3.000,black,1.000,50.68,1,0,0,1,-9.79,3,3.2,56,3094,
3158,3.4120,-0.1166,-0.0360,3.186,good,0.016,4.18,0,0,0,0,-1.54,2,0.0,,,
3157,3.4160,-0.1164,-0.1191,2.964,good,0.249,4.50,0,0,0,0,-7.48,3,0.0,,,
3162,3.4160,-0.1166,-0.0690,2.984,good,0.000,3.17,0,0,0,0,-7.97,2,0.0,,,
3163,3.4160,-0.1182,0.1143,2.834,good,0.000,1.62,0,0,0,0,-3.61,2,0.0,,,
3159,3.4200,-0.1150,-0.2107,3.059,good,0.000,3.13,0,0,0,0,-0.73,3,0.0,,,
3160,3.4200,-0.1148,0.0206,2.898,good,0.001,2.62,0,0,0,0,3.06,3,0.0,,,
3161,3.4200,-0.1097,0.1484,2.967,good,0.001,1.87,0,0,0,0,-0.46,3,0.0,,,
3167,3.4200,-0.1188,0.0096,3.015,good,0.318,3.52,0,0,0,0,1.42,2,0.0,,,
3168,3.4200,-0.1169,-0.2030,2.981,good,0.000,3.38,0,0,0,0,1.54,2,0.0,,,
3164,3.4240,-0.1144,0.2078,3.032,good,0.000,2.52,0,0,0,0,-1.30,3,0.0,,,
3165,3.4240,-0.1101,-0.0936,2.949,good,0.003,6.12,0,0,0,0,-0.82,3,0.0,,,
3166,3.4240,-0.1101,-0.0620,2.999,good,0.032,2.92,0,0,0,0,-2.06,3,0.0,,,
3169,3.4280,-0.1117,0.0321,2.939,good,0.000,2.25,0,0,0,0,-11.48,3,0.0,,,
3170,3.4280,-0.1102,0.1948,2.992,good,0.000,3.37,0,0,0,0,-13.35,3,0.0,,,
3171,3.4280,-0.1083,-0.2093,3.024,good,0.000,3.37,0,0,0,0,-14.75,3,0.0,,,
3175,3.4280,-0.1198,0.0259,3.162,black,1.000,51.08,1,0,0,1,-14.17,2,3.2,35,3106,
3176,3.4280,-0.1181,-0.0579,3.023,good,0.007,2.44,0,0,0,0,-11.58,2,0.0,,,
3177,3.4280,-0.1168,0.0575,2.970,good,0.002,4.12,0,0,0,0,-10.76,2,0.0,,,
3178,3.4280,-0.1173,0.1292,3.189,good,0.006,3.03,0,0,0,0,-15.67,2,0.0,,,
3172,3.4320,-0.1146,0.0923,2.990,good,0.002,2.31,0,0,0,0,-11.46,3,0.0,,,
3173,3.4320,-0.1140,0.0566,2.962,good,0.036,3.39,0,0,0,0,-11.05,3,0.0,,,
3174,3.4320,-0.1157,-0.0584,2.851,stick,1.000,34.44,1,0,0,1,-7.71,3,2.4,24,3145,
3180,3.4320,-0.1194,-0.1775,3.222,sour,1.000,18.57,1,0,0,1,-15.35,2,3.2,9,3146,
3181,3.4320,-0.1186,-0.0258,2.978,good,0.000,3.69,0,0,0,0,-10.09,2,0.0,,,
3179,3.4360,-0.1116,0.0378,2.997,broken,0.995,2.54,1,1,1,0,0.28,3,2.4,36|37,3119,3119
3184,3.4360,-0.1193,-0.1935,2.919,faded,0.999,3.74,1,1,1,0,4.71,2,3.2,7,3139,3139
3185,3.4360,-0.1305,-0.1323,3.000,good,0.000,2.26,0,0,0,0,2.39,1,0.0,,,
3186,3.4360,-0.1148,-0.0522,2.706,good,0.478,6.14,0,0,0,0,8.89,2,0.0,,,
3190,3.4360,-0.1185,-0.1272,3.000,good,0.000,2.15,0,0,0,0,2.35,1,0.0,,,
3182,3.4400,-0.1122,-0.1738,2.973,good,0.000,1.99,0,0,0,0,1.65,3,0.0,,,
3183,3.4400,-0.1095,-0.1550,3.015,good,0.000,3.99,0,0,0,0,-0.31,3,0.0,,,
3189,3.4400,-0.1176,-0.2165,2.933,good,0.000,2.41,0,0,0,0,4.38,2,0.0,,,
3193,3.4400,-0.1066,-0.1221,3.000,good,0.000,2.15,0,0,0,0,-0.95,1,0.0,,,
3187,3.4440,-0.1147,0.0131,3.004,good,0.001,3.23,0,0,0,0,-10.17,3,0.0,,,
3188,3.4440,-0.1066,0.1221,3.450,good,0.010,7.13,0,0,0,0,-21.81,3,0.0,,,
3192,3.4440,-0.1174,0.1140,3.033,good,0.001,2.06,0,0,0,0,-10.09,2,0.0,,,
3191,3.4480,-0.1124,-0.1861,2.993,good,0.000,1.81,0,0,0,0,-0.18,3,0.0,,,
3198,3.4480,-0.1188,-0.2439,3.000,good,0.000,2.12,0,0,0,0,1.73,2,0.0,,,
3199,3.4480,-0.1194,0.2244,2.989,good,0.087,5.57,0,0,0,0,2.15,2,0.0,,,
3200,3.4480,-0.1186,-0.0359,2.956,good,0.005,3.03,0,0,0,0,2.68,2,0.0,,,
3201,3.4480,-0.1167,0.0076,3.004,good,0.000,2.98,0,0,0,0,0.82,2,0.0,,,
3194,3.4520,-0.1129,0.1951,3.055,insect,0.996,2.64,1,0,0,1,-12.21,3,3.1,56|57,3157,
3195,3.4520,-0.1183,-0.1461,2.294,good,0.070,4.23,0,0,0,0,13.19,3,0.0,,,
3196,3.4520,-0.1113,-0.0846,3.024,sour,1.000,16.28,1,0,0,1,-12.14,3,3.2,21|20,3161,
3197,3.4520,-0.1102,0.0168,2.977,sour,1.000,18.72,1,0,0,1,-11.47,3,3.2,34|33,3130,
3206,3.4520,-0.1179,-0.0965,3.261,good,0.036,3.36,0,0,0,0,-15.28,2,0.0,,,
3207,3.4520,-0.1176,0.0487,2.992,good,0.017,2.99,0,0,0,0,-9.44,2,0.0,,,
3202,3.4560,-0.1159,-0.0274,3.001,good,0.000,2.49,0,0,0,0,-0.07,3,0.0,,,
3203,3.4560,-0.1121,-0.1698,3.038,good,0.231,3.66,0,0,0,0,-2.24,3,0.0,,,
3204,3.4560,-0.1102,-0.1379,3.195,good,0.000,2.78,0,0,0,0,-6.30,3,0.0,,,
3205,3.4560,-0.1100,0.0225,2.961,good,0.000,3.70,0,0,0,0,-1.23,3,0.0,,,
3211,3.4560,-0.1179,0.0898,2.907,sour,1.000,17.90,1,1,1,0,2.78,2,3.2,43,3147,3147
3212,3.4560,-0.1160,0.1767,3.043,good,0.009,3.29,0,0,0,0,-1.22,2,0.0,,,
3208,3.4600,-0.1151,-0.1672,2.998,good,0.019,3.11,0,0,0,0,2.59,3,0.0,,,
3209,3.4600,-0.1094,0.0274,3.001,good,0.000,3.70,0,0,0,0,0.58,3,0.0,,,
3210,3.4600,-0.1078,-0.0508,3.061,good,0.002,2.27,0,0,0,0,-1.38,3,0.0,,,
3215,3.4640,-0.1161,0.0230,3.107,good,0.000,3.49,0,0,0,0,-2.40,2,0.0,,,
3213,3.4680,-0.1245,0.0696,2.776,good,0.014,2.30,0,0,0,0,8.24,2,0.0,,,
3214,3.4680,-0.1090,0.1012,2.909,good,0.067,2.88,0,0,0,0,3.13,3,0.0,,,
3217,3.4680,-0.1182,0.2111,2.198,good,0.027,5.66,0,0,0,0,30.56,2,0.0,,,
3222,3.4680,-0.1134,0.0739,3.000,good,0.003,2.25,0,0,0,0,2.38,1,0.0,,,
3223,3.4680,-0.1109,0.2120,3.000,good,0.001,1.92,0,0,0,0,1.55,1,0.0,,,
3216,3.4720,-0.1153,0.1437,3.000,good,0.000,2.34,0,0,0,0,3.13,3,0.0,,,
3220,3.4720,-0.1195,-0.0049,2.987,good,0.000,2.06,0,0,0,0,4.80,2,0.0,,,
3221,3.4720,-0.1185,-0.1321,2.916,good,0.000,1.60,0,0,0,0,6.22,2,0.0,,,
3218,3.4760,-0.1112,-0.1066,3.004,good,0.000,2.46,0,0,0,0,-8.92,3,0.0,,,
3219,3.4760,-0.1091,0.0586,3.002,good,0.004,3.22,0,0,0,0,-9.63,3,0.0,,,
3225,3.4760,-0.1196,-0.0057,2.996,good,0.000,2.62,0,0,0,0,-6.02,2,0.0,,,
3226,3.4760,-0.1158,0.2134,3.003,good,0.065,3.47,0,0,0,0,-7.49,2,0.0,,,
3224,3.4800,-0.1097,0.1580,3.201,good,0.000,3.83,0,0,0,0,-3.71,3,0.0,,,
3229,3.4800,-0.1186,-0.0608,2.827,good,0.000,3.00,0,0,0,0,8.03,2,0.0,,,
3227,3.4840,-0.1111,0.2001,3.009,broken,0.991,1.98,1,1,1,0,1.16,3,2.4,57,3176,3176
3228,3.4840,-0.1106,0.0445,2.687,good,0.000,2.33,0,0,0,0,9.29,3,0.0,,,
3231,3.4840,-0.1189,-0.0183,3.003,good,0.010,4.09,0,0,0,0,3.76,2,0.0,,,
3232,3.4840,-0.1179,0.1767,2.998,good,0.017,3.14,0,0,0,0,3.49,2,0.0,,,
3233,3.4840,-0.1150,-0.1623,2.997,good,0.006,3.37,0,0,0,0,2.52,2,0.0,,,
3230,3.4880,-0.1109,-0.2168,3.021,good,0.004,3.06,0,0,0,0,-9.55,3,0.0,,,
3237,3.4880,-0.1194,-0.1766,2.980,good,0.000,1.82,0,0,0,0,-5.77,2,0.0,,,
3234,3.4920,-0.1140,0.1241,2.946,good,0.000,1.90,0,0,0,0,-5.72,3,0.0,,,
3235,3.4920,-0.1135,-0.0886,2.765,good,0.000,3.34,0,0,0,0,-1.21,3,0.0,,,
3236,3.4920,-0.1103,-0.1610,2.760,good,0.186,2.70,0,0,0,0,-2.29,3,0.0,,,
3239,3.4920,-0.1164,0.1646,3.064,good,0.001,3.29,0,0,0,0,-7.87,2,0.0,,,
3238,3.4960,-0.1127,0.0723,2.799,good,0.004,2.32,0,0,0,0,-2.30,3,0.0,,,
3243,3.4960,-0.1196,-0.0554,3.021,good,0.001,2.57,0,0,0,0,-5.69,2,0.0,,,
3244,3.4960,-0.1200,-0.1467,3.001,good,0.000,3.09,0,0,0,0,-5.12,2,0.0,,,
3245,3.4960,-0.1165,0.0474,3.039,good,0.000,2.26,0,0,0,0,-7.23,2,0.0,,,
3240,3.5000,-0.1157,-0.1415,2.996,good,0.000,3.99,0,0,0,0,-6.31,3,0.0,,,
3241,3.5000,-0.1103,-0.0001,3.201,good,0.008,7.29,0,0,0,0,-12.67,3,0.0,,,
3242,3.5000,-0.1113,-0.2006,2.997,good,0.001,1.80,0,0,0,0,-7.92,3,0.0,,,
3248,3.5000,-0.1182,-0.2035,2.999,good,0.000,2.38,0,0,0,0,-5.73,2,0.0,,,
3246,3.5040,-0.1136,-0.0388,3.009,good,0.000,2.66,0,0,0,0,-8.73,3,0.0,,,
3247,3.5040,-0.1091,0.1855,3.000,good,0.001,3.13,0,0,0,0,-10.08,3,0.0,,,
3251,3.5040,-0.1176,-0.1215,2.939,good,0.000,1.99,0,0,0,0,-5.81,2,0.0,,,
3252,3.5040,-0.1176,-0.1076,2.998,good,0.005,5.46,0,0,0,0,-7.28,2,0.0,,,
3249,3.5080,-0.1235,0.1603,3.450,good,0.002,2.69,0,0,0,0,-19.50,2,0.0,,,
3250,3.5080,-0.1107,0.1008,3.206,good,0.001,4.78,0,0,0,0,-14.61,3,0.0,,,
3261,3.5080,-0.1177,0.2382,3.008,good,0.006,3.69,0,0,0,0,-8.03,2,0.0,,,
3266,3.5080,-0.1095,0.1564,3.000,good,0.001,2.48,0,0,0,0,-10.55,1,0.0,,,
3253,3.5120,-0.1136,-0.0272,2.993,insect,1.000,5.28,1,0,0,1,-7.92,3,3.1,28,3231,
3254,3.5120,-0.1112,0.0548,3.226,good,0.000,3.27,0,0,0,0,-13.88,3,0.0,,,
3255,3.5120,-0.1165,0.1241,2.476,good,0.003,2.81,0,0,0,0,8.09,3,0.0,,,
3256,3.5120,-0.1105,0.1415,3.025,good,0.000,2.47,0,0,0,0,-9.84,3,0.0,,,
3257,3.5120,-0.1102,0.0693,2.986,good,0.001,2.56,0,0,0,0,-9.07,3,0.0,,,
3258,3.5120,-0.1104,-0.1731,2.894,good,0.000,2.82,0,0,0,0,-6.82,3,0.0,,,
3259,3.5120,-0.1090,-0.0881,3.001,good,0.004,2.76,0,0,0,0,-9.90,3,0.0,,,
3260,3.5120,-0.1081,0.2039,3.001,sour,1.000,21.16,1,0,0,1,-10.23,3,3.2,58|57,3206,
3262,3.5120,-0.1200,-0.1053,2.937,good,0.000,2.55,0,0,0,0,-4.75,2,0.0,,,
3263,3.5120,-0.1170,0.0260,3.318,good,0.012,4.48,0,0,0,0,-14.26,2,0.0,,,
3264,3.5120,-0.1162,-0.2214,2.999,good,0.000,2.11,0,0,0,0,-7.62,2,0.0,,,
3265,3.5120,-0.1158,-0.1559,3.038,good,0.000,2.07,0,0,0,0,-8.70,2,0.0,,,
3267,3.5200,-0.1138,-0.2024,3.086,good,0.000,3.02,0,0,0,0,0.65,3,0.0,,,
3268,3.5240,-0.1275,0.0923,3.108,good,0.003,4.18,0,0,0,0,0.33,2,0.0,,,
3269,3.5240,-0.1137,-0.0940,2.984,good,0.000,3.47,0,0,0,0,2.71,3,0.0,,,
3270,3.5240,-0.1090,0.1700,3.008,good,0.000,2.00,0,0,0,0,0.49,3,0.0,,,
3272,3.5240,-0.1150,0.1435,3.027,sour,0.957,16.68,1,1,1,0,2.01,2,3.2,50,3212|3222,3222
3273,3.5240,-0.1164,-0.0137,2.991,sour,1.000,18.13,1,1,1,0,3.27,2,3.2,30,3233,3233
3278,3.5240,-0.1151,0.0961,3.000,good,0.009,4.24,0,0,0,0,2.59,1,0.0,,,
3271,3.5280,-0.1131,0.0640,2.950,good,0.000,3.05,0,0,0,0,1.63,3,0.0,,,
3275,3.5280,-0.1184,-0.1989,3.015,good,0.000,2.48,0,0,0,0,1.80,2,0.0,,,
3276,3.5280,-0.1137,0.1378,3.055,faded,0.997,3.51,1,1,1,0,-0.72,2,3.2,49,3200,
3277,3.5280,-0.1125,0.1487,3.147,good,0.014,2.33,0,0,0,0,-3.22,2,0.0,,,
3274,3.5320,-0.1117,0.1426,3.006,good,0.004,6.70,0,0,0,0,-6.92,3,0.0,,,
3281,3.5320,-0.1161,0.0734,2.951,good,0.000,2.52,0,0,0,0,-4.18,2,0.0,,,
3279,3.5360,-0.1131,-0.1426,3.075,insect,0.941,7.98,1,0,0,1,-9.67,3,3.1,13,3227|3234,
3280,3.5360,-0.1092,-0.0917,3.080,good,0.001,4.90,0,0,0,0,-11.13,3,0.0,,,
3282,3.5400,-0.1123,-0.0246,2.728,good,0.001,1.88,0,0,0,0,1.79,3,0.0,,,
3283,3.5400,-0.1077,0.1941,3.243,good,0.000,2.09,0,0,0,0,-12.05,3,0.0,,,
3285,3.5400,-0.1191,-0.1831,2.969,good,0.001,4.39,0,0,0,0,-2.35,2,0.0,,,
3284,3.5440,-0.1143,-0.1106,3.000,good,0.042,2.99,0,0,0,0,-4.34,3,0.0,,,
3286,3.5440,-0.1160,-0.2366,3.011,good,0.009,4.73,0,0,0,0,-4.11,2,0.0,,,
3287,3.5440,-0.1165,-0.1743,2.999,insect,1.000,7.84,1,0,0,1,-3.68,2,3.1,9,3245,
3288,3.5440,-0.1147,0.0826,3.288,good,0.000,2.93,0,0,0,0,-10.64,2,0.0,,,
3292,3.5440,-0.1072,-0.1869,3.000,good,0.001,4.27,0,0,0,0,-6.85,1,0.0,,,
3289,3.5520,-0.1146,0.2269,2.997,good,0.001,5.66,0,0,0,0,-6.35,3,0.0,,,
3290,3.5520,-0.1142,0.1079,3.025,good,0.000,3.20,0,0,0,0,-7.19,3,0.0,,,
3291,3.5520,-0.1187,0.0752,2.334,good,0.023,3.93,0,0,0,0,15.65,3,0.0,,,
3298,3.5520,-0.1182,-0.1338,2.993,good,0.000,2.13,0,0,0,0,-5.19,2,0.0,,,
3299,3.5520,-0.1176,-0.0633,2.992,faded,0.917,3.26,1,0,0,1,-5.39,2,3.2,23|24,3255,
3293,3.5560,-0.1136,-0.0926,3.014,good,0.000,3.14,0,0,0,0,-6.86,3,0.0,,,
3294,3.5560,-0.1138,0.1230,2.999,good,0.001,2.74,0,0,0,0,-6.50,3,0.0,,,
3295,3.5560,-0.1090,0.0060,3.083,good,0.001,2.25,0,0,0,0,-10.02,3,0.0,,,
3296,3.5560,-0.1081,-0.0174,3.241,good,0.000,1.87,0,0,0,0,-13.64,3,0.0,,,
3297,3.5560,-0.1084,0.1880,2.999,good,0.000,3.28,0,0,0,0,-8.39,3,0.0,,,
3301,3.5560,-0.1165,0.0368,3.027,stick,1.000,117.92,1,0,0,1,-6.40,2,2.4,36,3260,
3303,3.5560,-0.1156,-0.2265,3.450,good,0.000,3.11,0,0,0,0,-15.53,2,0.0,,,
3304,3.5560,-0.1181,-0.1841,2.999,faded,0.754,3.78,1,0,0,1,-5.33,2,3.2,8,3258,
3305,3.5560,-0.1217,0.0562,3.000,stone,1.000,11.10,1,0,0,1,-8.18,1,9.1,39|38|40,,
3300,3.5600,-0.1167,0.0878,2.890,good,0.103,3.29,0,0,0,0,-5.25,3,0.0,,,
3302,3.5600,-0.1114,-0.0824,2.999,good,0.000,2.48,0,0,0,0,-9.80,3,0.0,,,
3306,3.5640,-0.1150,-0.2288,2.977,good,0.001,2.40,0,0,0,0,-8.13,3,0.0,,,
3307,3.5640,-0.1265,0.0990,2.946,good,0.000,2.36,0,0,0,0,-7.52,2,0.0,,,
3308,3.5640,-0.1099,0.1155,3.003,insect,1.000,4.51,1,0,0,1,-10.55,3,3.1,46,3262,
3309,3.5640,-0.1094,0.1474,2.992,good,0.000,2.39,0,0,0,0,-10.52,3,0.0,,,
3310,3.5640,-0.1224,0.0683,2.578,good,0.145,3.08,0,0,0,0,1.75,2,0.0,,,
3320,3.5640,-0.1147,0.1030,3.000,good,0.001,2.28,0,0,0,0,-8.99,1,0.0,,,
3321,3.5640,-0.1122,0.0716,3.000,good,0.017,2.64,0,0,0,0,-9.83,1,0.0,,,
3311,3.5680,-0.1136,0.1425,3.009,good,0.000,7.46,0,0,0,0,-11.38,3,0.0,,,
3312,3.5680,-0.1116,0.1304,3.013,good,0.000,3.15,0,0,0,0,-12.16,3,0.0,,,
3313,3.5680,-0.1081,-0.0871,3.029,good,0.001,1.99,0,0,0,0,-13.76,3,0.0,,,
3319,3.5680,-0.1163,-0.0075,3.050,good,0.005,2.93,0,0,0,0,-11.56,2,0.0,,,
3314,3.5720,-0.1160,0.1242,2.737,good,0.000,2.51,0,0,0,0,-1.73,3,0.0,,,
3315,3.5720,-0.1135,0.2144,3.030,good,0.045,5.27,0,0,0,0,-10.24,3,0.0,,,
3316,3.5720,-0.1116,-0.2019,3.001,good,0.000,2.46,0,0,0,0,-10.21,3,0.0,,,
3317,3.5720,-0.1109,-0.1134,2.994,good,0.000,2.53,0,0,0,0,-10.32,3,0.0,,,
3318,3.5720,-0.1095,0.1910,2.992,good,0.004,3.10,0,0,0,0,-10.79,3,0.0,,,
3329,3.5720,-0.1183,0.2349,3.215,good,0.002,4.64,0,0,0,0,-12.96,2,0.0,,,
3330,3.5720,-0.1169,-0.1442,2.942,good,0.001,2.07,0,0,0,0,-7.19,2,0.0,,,
3322,3.5760,-0.1158,-0.0439,3.017,good,0.000,3.61,0,0,0,0,1.64,3,0.0,,,
3323,3.5760,-0.1146,-0.0560,2.996,sour,1.000,18.67,1,1,1,0,1.65,3,3.2,24|25,3279,3279
3324,3.5760,-0.1140,0.0641,2.987,good,0.000,3.19,0,0,0,0,1.61,3,0.0,,,
3325,3.5760,-0.1190,0.0214,2.324,good,0.001,2.76,0,0,0,0,24.14,3,0.0,,,
3326,3.5760,-0.1166,0.1243,2.422,good,0.001,2.96,0,0,0,0,19.30,3,0.0,,,
3327,3.5760,-0.1110,0.2122,3.002,faded,0.986,4.73,1,1,1,0,0.13,3,3.2,59|58,3272,3272
3328,3.5760,-0.1071,-0.0087,3.302,good,0.013,3.41,0,0,0,0,-7.48,3,0.0,,,
3333,3.5760,-0.1169,-0.0001,3.229,good,0.000,2.41,0,0,0,0,-3.06,2,0.0,,,
3331,3.5800,-0.1150,0.0936,2.971,good,0.001,3.19,0,0,0,0,2.03,3,0.0,,,
3332,3.5800,-0.1143,-0.1944,2.951,good,0.000,3.04,0,0,0,0,2.23,3,0.0,,,
3336,3.5800,-0.1177,0.0100,2.999,good,0.000,2.55,0,0,0,0,2.14,2,0.0,,,
3334,3.5840,-0.1149,-0.0660,3.000,good,0.001,3.95,0,0,0,0,-6.83,3,0.0,,,
3335,3.5840,-0.1089,0.1716,3.001,good,0.177,4.25,0,0,0,0,-8.93,3,0.0,,,
3337,3.5880,-0.1073,-0.1946,3.251,good,0.043,3.13,0,0,0,0,-5.13,3,0.0,,,
3341,3.5880,-0.1190,0.1827,2.999,good,0.000,2.98,0,0,0,0,4.04,2,0.0,,,
3342,3.5880,-0.1160,0.2247,3.007,sour,1.000,18.24,1,1,1,0,2.81,2,3.2,60,3293,3293
3338,3.5920,-0.1129,-0.0583,3.083,good,0.016,2.96,0,0,0,0,-11.04,3,0.0,,,
3339,3.5920,-0.1128,0.2371,3.019,good,0.027,3.47,0,0,0,0,-9.67,3,0.0,,,
3340,3.5920,-0.1097,0.0792,2.878,faded,1.000,5.38,1,0,0,1,-7.32,3,3.2,42|41,3294,
3345,3.5920,-0.1168,0.0285,2.988,good,0.002,2.75,0,0,0,0,-7.70,2,0.0,,,
3343,3.5960,-0.1144,-0.0945,3.174,good,0.000,3.26,0,0,0,0,-11.40,3,0.0,,,
3344,3.5960,-0.1093,-0.1399,3.065,good,0.364,5.94,0,0,0,0,-10.73,3,0.0,,,
3346,3.5960,-0.1180,-0.0571,3.005,good,0.004,2.28,0,0,0,0,-6.52,2,0.0,,,
3347,3.5960,-0.1142,-0.0745,3.001,good,0.001,9.22,0,0,0,0,-7.70,2,0.0,,,
3348,3.6040,-0.1159,-0.0179,3.018,good,0.000,1.60,0,0,0,0,2.47,3,0.0,,,
3349,3.6040,-0.1171,0.1517,2.790,good,0.000,2.21,0,0,0,0,8.67,3,0.0,,,
3350,3.6040,-0.1130,-0.2308,2.994,good,0.007,10.03,0,0,0,0,1.95,3,0.0,,,
3351,3.6040,-0.1107,0.1017,2.908,good,0.000,3.04,0,0,0,0,3.22,3,0.0,,,
3352,3.6040,-0.1102,0.1329,3.050,good,0.020,7.35,0,0,0,0,-0.35,3,0.0,,,
3353,3.6040,-0.1177,-0.1024,2.888,good,0.023,2.73,0,0,0,0,6.10,2,0.0,,,
3356,3.6080,-0.1175,-0.1389,2.950,good,0.001,2.78,0,0,0,0,6.06,2,0.0,,,
3354,3.6120,-0.1161,-0.1625,2.850,black,1.000,50.86,1,1,1,0,-0.13,3,3.2,11|10,3297,3297
3355,3.6120,-0.1117,-0.1543,2.892,good,0.001,2.41,0,0,0,0,-2.84,3,0.0,,,
3359,3.6120,-0.1136,0.2308,3.450,good,0.006,9.72,0,0,0,0,-14.19,2,0.0,,,
3357,3.6160,-0.1120,-0.2116,3.151,black,1.000,49.05,1,0,0,1,-14.71,3,3.2,4|5,3322,
3358,3.6160,-0.1115,-0.1892,3.043,insect,1.000,3.70,1,0,0,1,-12.53,3,3.1,7,3311,
3363,3.6160,-0.1191,0.0900,3.000,good,0.005,2.88,0,0,0,0,-9.08,2,0.0,,,
3364,3.6160,-0.1171,0.2060,2.906,good,0.022,2.65,0,0,0,0,-7.43,2,0.0,,,
3360,3.6200,-0.1281,0.0671,2.951,good,0.003,3.04,0,0,0,0,6.56,2,0.0,,,
3361,3.6200,-0.1109,0.1451,3.003,good,0.000,3.31,0,0,0,0,3.43,3,0.0,,,
3362,3.6200,-0.1102,0.1923,3.001,good,0.000,3.04,0,0,0,0,3.19,3,0.0,,,
3366,3.6200,-0.1195,0.0287,2.956,good,0.000,2.54,0,0,0,0,7.36,2,0.0,,,
3369,3.6200,-0.1164,0.0718,3.000,good,0.036,3.23,0,0,0,0,5.23,1,0.0,,,
3365,3.6240,-0.1135,-0.0215,2.746,good,0.000,2.92,0,0,0,0,1.89,3,0.0,,,
3368,3.6240,-0.1183,-0.0428,3.323,good,0.000,2.73,0,0,0,0,-10.21,2,0.0,,,
3367,3.6280,-0.1094,-0.2226,2.986,good,0.000,6.93,0,0,0,0,-4.76,3,0.0,,,
3372,3.6280,-0.1190,-0.0133,3.020,sour,1.000,18.43,1,0,0,1,-2.46,2,3.2,30,3317,
3374,3.6280,-0.1164,-0.0654,3.038,good,0.000,2.73,0,0,0,0,-3.81,2,0.0,,,
3370,3.6320,-0.1171,-0.1730,2.992,stick,1.000,33.48,1,0,0,1,-2.24,3,2.4,9|10,3316,
3371,3.6320,-0.1084,0.0447,3.003,good,0.021,3.48,0,0,0,0,-5.45,3,0.0,,,
3373,3.6320,-0.1096,0.1492,2.709,good,0.000,3.74,0,0,0,0,2.45,3,0.0,,,
3375,3.6360,-0.1129,0.1591,2.999,good,0.000,3.37,0,0,0,0,-8.28,3,0.0,,,
3376,3.6360,-0.1125,-0.0469,2.998,good,0.000,4.11,0,0,0,0,-8.46,3,0.0,,,
3378,3.6360,-0.1186,0.0968,3.010,good,0.000,2.68,0,0,0,0,-6.74,2,0.0,,,
3379,3.6360,-0.1192,0.0018,2.983,good,0.002,3.18,0,0,0,0,-5.95,2,0.0,,,
3380,3.6360,-0.1176,-0.1253,3.016,insect,1.000,5.70,1,0,0,1,-7.34,2,3.1,15|16,3344,
3377,3.6400,-0.1113,0.0276,2.998,good,0.002,2.42,0,0,0,0,-3.42,3,0.0,,,
3385,3.6400,-0.1155,-0.1964,3.012,good,0.000,2.87,0,0,0,0,-2.42,2,0.0,,,
3392,3.6400,-0.1073,-0.0028,3.000,good,0.001,3.04,0,0,0,0,-4.90,1,0.0,,,
3381,3.6440,-0.1150,0.2078,2.980,good,0.001,5.86,0,0,0,0,-13.51,3,0.0,,,
3382,3.6440,-0.1136,0.0194,3.074,good,0.000,4.30,0,0,0,0,-16.26,3,0.0,,,
3383,3.6440,-0.1105,-0.0776,3.006,faded,0.684,3.58,1,0,0,1,-15.75,3,3.2,22|21,3337,
3384,3.6440,-0.1172,0.0062,2.331,good,0.008,6.58,0,0,0,0,7.35,3,0.0,,,
3388,3.6440,-0.1194,0.1017,3.450,broken,0.994,11.61,1,0,0,1,-22.27,2,2.4,45|44,3381,
3389,3.6440,-0.1313,0.0091,3.000,good,0.379,2.47,0,0,0,0,-12.78,1,0.0,,,
3390,3.6440,-0.1181,-0.1213,3.006,good,0.000,2.41,0,0,0,0,-13.37,2,0.0,,,
3391,3.6440,-0.1157,-0.2338,3.348,good,0.004,3.67,0,0,0,0,-21.53,2,0.0,,,
3386,3.6480,-0.1148,-0.2174,2.997,good,0.000,2.39,0,0,0,0,-8.58,3,0.0,,,
3387,3.6480,-0.1165,0.0492,3.007,good,0.001,2.19,0,0,0,0,-8.36,3,0.0,,,
3397,3.6480,-0.1136,-0.1460,3.445,good,0.037,3.85,0,0,0,0,-18.38,2,0.0,,,
3393,3.6520,-0.1142,0.1925,2.936,black,1.000,51.94,1,1,1,0,2.50,3,3.2,56,3354,3354
3394,3.6520,-0.1159,-0.0798,2.467,good,0.002,2.73,0,0,0,0,16.99,3,0.0,,,
3395,3.6520,-0.1090,0.0350,2.999,good,0.000,1.93,0,0,0,0,-0.87,3,0.0,,,
3396,3.6520,-0.1096,0.1037,2.997,good,0.001,2.10,0,0,0,0,-0.65,3,0.0,,,
3398,3.6560,-0.1149,-0.1667,3.009,good,0.000,2.00,0,0,0,0,-7.96,3,0.0,,,
3399,3.6560,-0.1117,0.1950,3.215,good,0.278,5.37,0,0,0,0,-13.60,3,0.0,,,
3400,3.6560,-0.1133,0.1802,2.997,good,0.007,3.75,0,0,0,0,-8.31,3,0.0,,,
3401,3.6560,-0.1105,-0.0600,2.997,good,0.000,2.95,0,0,0,0,-9.29,3,0.0,,,
3405,3.6560,-0.1101,-0.2398,3.030,stick,1.000,97.67,1,0,0,1,-10.23,2,2.4,1,3359,
3406,3.6560,-0.1177,-0.0578,3.003,sour,1.000,18.88,1,0,0,1,-7.13,2,3.2,24,3360,
3402,3.6600,-0.1154,0.0814,3.079,good,0.000,2.38,0,0,0,0,-6.73,3,0.0,,,
3403,3.6600,-0.1122,-0.1050,2.995,good,0.000,2.79,0,0,0,0,-5.88,3,0.0,,,
3404,3.6600,-0.1110,-0.0769,3.083,good,0.000,5.94,0,0,0,0,-8.35,3,0.0,,,
3407,3.6640,-0.1149,-0.2321,2.924,good,0.000,3.56,0,0,0,0,-2.60,3,0.0,,,
3408,3.6640,-0.1125,0.0317,3.086,good,0.001,2.54,0,0,0,0,-7.29,3,0.0,,,
3409,3.6640,-0.1085,0.1700,2.997,good,0.000,3.70,0,0,0,0,-6.61,3,0.0,,,
3413,3.6640,-0.1113,0.0692,3.450,good,0.071,3.54,0,0,0,0,-15.00,2,0.0,,,
3410,3.6680,-0.1125,0.1042,2.996,good,0.000,2.20,0,0,0,0,0.10,3,0.0,,,
3411,3.6680,-0.1141,0.1476,3.021,good,0.000,1.94,0,0,0,0,-0.04,3,0.0,,,
3412,3.6680,-0.1124,0.0827,3.002,faded,1.000,5.62,1,1,1,0,-0.18,3,3.2,42,3366,3366
3416,3.6680,-0.1175,-0.1865,2.999,good,0.000,2.54,0,0,0,0,1.52,2,0.0,,,
3417,3.6680,-0.1173,-0.0282,2.999,good,0.000,3.30,0,0,0,0,1.41,2,0.0,,,
3414,3.6720,-0.1114,0.2038,2.612,good,0.000,1.71,0,0,0,0,7.26,3,0.0,,,
3415,3.6720,-0.1127,0.1344,2.404,good,0.001,3.84,0,0,0,0,14.76,3,0.0,,,
3419,3.6720,-0.1148,0.1049,3.450,insect,1.000,5.55,1,0,0,1,-11.50,2,3.1,45,3385,
3418,3.6760,-0.1090,-0.2218,2.940,good,0.025,4.21,0,0,0,0,-4.91,3,0.0,,,
3424,3.6760,-0.1169,0.2197,3.105,good,0.024,3.87,0,0,0,0,-6.21,2,0.0,,,
3420,3.6800,-0.1153,0.1808,2.999,broken,0.979,3.36,1,0,0,1,-7.89,3,2.4,55|54,3398,
3421,3.6800,-0.1257,-0.0791,3.023,good,0.000,2.83,0,0,0,0,-9.07,2,0.0,,,
3422,3.6800,-0.1126,-0.1408,2.807,good,0.029,5.51,0,0,0,0,-4.06,3,0.0,,,
3423,3.6800,-0.1080,0.0226,3.005,good,0.000,3.12,0,0,0,0,-10.63,3,0.0,,,
3429,3.6800,-0.1158,0.0481,2.996,good,0.000,4.09,0,0,0,0,-7.84,2,0.0,,,
3433,3.6800,-0.1137,-0.0760,3.000,good,0.000,2.63,0,0,0,0,-8.66,1,0.0,,,
3425,3.6840,-0.1129,0.1544,3.158,good,0.000,2.59,0,0,0,0,-2.32,3,0.0,,,
3426,3.6840,-0.1143,0.0708,2.937,good,0.000,2.35,0,0,0,0,3.16,3,0.0,,,
3427,3.6840,-0.1139,-0.1865,2.801,good,0.002,3.00,0,0,0,0,6.50,3,0.0,,,
3428,3.6840,-0.1086,-0.1260,3.021,insect,1.000,4.61,1,1,1,0,-0.87,3,3.1,15|16,3380,3380
3432,3.6840,-0.1162,0.1278,2.993,good,0.000,3.23,0,0,0,0,2.21,2,0.0,,,
3430,3.6880,-0.1141,-0.0427,3.000,good,0.018,3.37,0,0,0,0,-8.10,3,0.0,,,
3431,3.6880,-0.1100,0.0666,2.998,good,0.000,2.35,0,0,0,0,-9.50,3,0.0,,,
3437,3.6880,-0.1162,-0.1559,3.209,good,0.000,2.81,0,0,0,0,-12.21,2,0.0,,,
3438,3.6880,-0.1086,-0.1517,3.406,good,0.003,3.00,0,0,0,0,-18.35,2,0.0,,,
3434,3.6920,-0.1134,0.0325,2.972,good,0.000,2.26,0,0,0,0,-8.57,3,0.0,,,
3435,3.6920,-0.1099,-0.1033,3.291,good,0.001,2.24,0,0,0,0,-16.64,3,0.0,,,
3436,3.6920,-0.1131,-0.1438,2.894,good,0.003,3.23,0,0,0,0,-6.83,3,0.0,,,
3439,3.6960,-0.1145,-0.1673,3.001,good,0.004,3.20,0,0,0,0,-9.76,3,0.0,,,
3440,3.6960,-0.1111,0.0968,3.009,good,0.000,2.70,0,0,0,0,-11.12,3,0.0,,,
3441,3.6960,-0.1140,0.2380,2.180,good,0.024,4.37,0,0,0,0,16.81,3,0.0,,,
3447,3.6960,-0.1199,0.0857,3.001,good,0.000,2.52,0,0,0,0,-8.13,2,0.0,,,
3450,3.6960,-0.1197,0.0583,3.044,good,0.000,3.15,0,0,0,0,-9.25,2,0.0,,,
3442,3.7000,-0.1146,0.1745,2.992,good,0.000,3.82,0,0,0,0,-7.45,3,0.0,,,
3443,3.7000,-0.1124,-0.0262,3.153,good,0.052,3.57,0,0,0,0,-11.87,3,0.0,,,
3444,3.7000,-0.1122,0.1823,3.014,insect,1.000,3.24,1,0,0,1,-8.90,3,3.1,55,3413,
3445,3.7000,-0.1140,0.2038,2.844,good,0.000,2.43,0,0,0,0,-4.15,3,0.0,,,
3446,3.7000,-0.1121,-0.1737,2.999,sour,1.000,15.94,1,0,0,1,-8.72,3,3.2,9,3394,
3448,3.7000,-0.1091,0.1113,2.976,good,0.008,2.86,0,0,0,0,-9.23,3,0.0,,,
3449,3.7000,-0.1107,0.1586,2.713,good,0.000,2.37,0,0,0,0,-1.86,3,0.0,,,
3453,3.7000,-0.1192,-0.0754,2.950,good,0.000,2.85,0,0,0,0,-5.29,2,0.0,,,
3454,3.7000,-0.1166,-0.1817,2.993,good,0.000,1.80,0,0,0,0,-7.22,2,0.0,,,
3455,3.7000,-0.1161,-0.0925,3.113,faded,0.994,5.87,1,0,0,1,-10.22,2,3.2,20|19,3391,
3451,3.7040,-0.1128,-0.0073,3.255,good,0.000,2.48,0,0,0,0,-16.11,3,0.0,,,
3452,3.7040,-0.1079,0.0286,3.168,faded,0.982,4.43,1,0,0,1,-15.95,3,3.2,35,3422,
3464,3.7040,-0.0998,-0.0228,3.000,good,0.002,3.43,0,0,0,0,-15.00,1,0.0,,,
3456,3.7080,-0.1140,0.2327,3.113,good,0.000,2.14,0,0,0,0,-5.74,3,0.0,,,
3457,3.7080,-0.1098,-0.1045,2.999,good,0.001,3.12,0,0,0,0,-4.61,3,0.0,,,
3458,3.7080,-0.1091,-0.0241,2.982,good,0.007,2.76,0,0,0,0,-4.45,3,0.0,,,
3462,3.7080,-0.1192,0.2167,3.009,good,0.000,2.51,0,0,0,0,-1.81,2,0.0,,,
3463,3.7080,-0.1266,0.0201,3.000,good,0.017,2.59,0,0,0,0,-3.11,1,0.0,,,
3466,3.7080,-0.1143,0.0170,3.000,good,0.011,2.63,0,0,0,0,-3.19,1,0.0,,,
3459,3.7120,-0.1123,-0.0622,3.009,good,0.002,3.82,0,0,0,0,-6.93,3,0.0,,,
3460,3.7120,-0.1096,0.1641,3.001,good,0.000,2.80,0,0,0,0,-7.72,3,0.0,,,
3461,3.7120,-0.1090,-0.1462,3.206,good,0.000,2.92,0,0,0,0,-12.43,3,0.0,,,
3468,3.7120,-0.1021,0.0140,3.000,good,0.006,2.68,0,0,0,0,-10.24,1,0.0,,,
3465,3.7160,-0.1124,-0.2155,2.995,good,0.001,2.24,0,0,0,0,2.39,3,0.0,,,
3467,3.7200,-0.1102,0.1521,2.999,good,0.017,3.41,0,0,0,0,-8.23,3,0.0,,,
3471,3.7200,-0.1161,0.0039,3.014,good,0.001,1.43,0,0,0,0,-6.69,2,0.0,,,
3469,3.7240,-0.1106,-0.1543,3.007,good,0.001,2.55,0,0,0,0,-1.33,3,0.0,,,
3470,3.7240,-0.1082,-0.0272,3.008,good,0.001,3.28,0,0,0,0,-2.22,3,0.0,,,
3473,3.7240,-0.1176,0.0454,2.874,good,0.001,2.94,0,0,0,0,4.23,2,0.0,,,
3472,3.7280,-0.1249,-0.1920,2.514,good,0.022,2.52,0,0,0,0,6.02,2,0.0,,,
3476,3.7280,-0.1192,-0.0469,2.989,good,0.000,3.55,0,0,0,0,-6.19,2,0.0,,,
3477,3.7280,-0.1174,-0.1127,3.001,good,0.000,2.30,0,0,0,0,-7.10,2,0.0,,,
3478,3.7280,-0.1137,0.1260,3.291,good,0.000,2.37,0,0,0,0,-14.64,2,0.0,,,
3479,3.7280,-0.1117,-0.0661,3.450,good,0.012,3.18,0,0,0,0,-18.25,2,0.0,,,
3482,3.7280,-0.1148,-0.1954,3.000,good,0.004,2.53,0,0,0,0,-8.02,1,0.0,,,
3474,3.7320,-0.1162,0.1626,2.999,black,1.000,50.90,1,0,0,1,-11.30,3,3.2,52|53,3421,
3475,3.7320,-0.1142,-0.0920,2.740,good,0.000,2.42,0,0,0,0,-5.30,3,0.0,,,
3480,3.7320,-0.1188,-0.1219,2.984,good,0.000,2.81,0,0,0,0,-10.18,2,0.0,,,
3481,3.7320,-0.1163,-0.1027,3.097,good,0.001,2.10,0,0,0,0,-13.73,2,0.0,,,
3483,3.7400,-0.1124,0.1074,3.025,good,0.000,2.44,0,0,0,0,-11.00,3,0.0,,,
3484,3.7400,-0.1127,-0.0875,3.002,good,0.000,2.51,0,0,0,0,-10.40,3,0.0,,,
3485,3.7400,-0.1075,0.0202,3.263,sour,0.682,11.09,1,0,0,1,-17.71,3,3.2,34,3425|3438,
3489,3.7400,-0.1153,-0.0066,3.004,sour,1.000,18.85,1,0,0,1,-9.70,2,3.2,31|30,3458,
3486,3.7440,-0.1127,0.2001,3.013,good,0.000,2.43,0,0,0,0,-13.48,3,0.0,,,
3487,3.7440,-0.1113,0.0589,3.091,husk,1.000,107.63,1,0,0,1,-15.75,3,2.4,39,3466,
3488,3.7440,-0.1091,-0.0769,2.813,good,0.000,2.07,0,0,0,0,-9.83,3,0.0,,,
3491,3.7440,-0.1184,0.0643,3.065,good,0.001,2.67,0,0,0,0,-12.97,2,0.0,,,
3490,3.7480,-0.1120,0.2010,2.987,good,0.005,2.55,0,0,0,0,-1.62,3,0.0,,,
3497,3.7480,-0.1193,-0.0535,2.916,good,0.001,3.17,0,0,0,0,2.56,2,0.0,,,
3492,3.7520,-0.1125,0.1557,2.997,good,0.000,2.94,0,0,0,0,1.19,3,0.0,,,
3493,3.7520,-0.1130,-0.2307,2.768,good,0.000,1.50,0,0,0,0,7.21,3,0.0,,,
3494,3.7520,-0.1098,-0.0359,2.995,good,0.000,6.18,0,0,0,0,0.26,3,0.0,,,
3495,3.7520,-0.1125,0.1132,2.687,good,0.002,10.49,0,0,0,0,9.27,3,0.0,,,
3496,3.7520,-0.1088,-0.1211,2.996,good,0.001,2.27,0,0,0,0,-0.17,3,0.0,,,
3499,3.7520,-0.1177,-0.1718,2.978,good,0.000,9.29,0,0,0,0,3.20,2,0.0,,,
3498,3.7560,-0.1084,-0.1069,3.000,good,0.000,2.00,0,0,0,0,-7.23,3,0.0,,,
3503,3.7560,-0.1187,0.1482,2.960,good,0.000,3.58,0,0,0,0,-2.86,2,0.0,,,
3500,3.7600,-0.1142,0.1151,3.000,good,0.000,2.41,0,0,0,0,-5.44,3,0.0,,,
3501,3.7600,-0.1083,-0.0527,3.000,good,0.000,2.56,0,0,0,0,-7.46,3,0.0,,,
3502,3.7600,-0.1080,0.2027,3.005,good,0.020,2.81,0,0,0,0,-7.71,3,0.0,,,
3504,3.7640,-0.1086,0.0040,2.996,black,1.000,43.16,1,1,1,0,0.34,3,3.2,32,3463,3463
3506,3.7640,-0.1164,0.1910,3.000,good,0.002,2.89,0,0,0,0,2.78,2,0.0,,,
3507,3.7640,-0.1179,0.0825,3.005,good,0.001,4.77,0,0,0,0,3.11,2,0.0,,,
3505,3.7680,-0.1082,0.2057,3.227,good,0.000,2.47,0,0,0,0,-16.70,3,0.0,,,
3512,3.7680,-0.1167,-0.1979,3.003,good,0.001,2.80,0,0,0,0,-9.15,2,0.0,,,
3508,3.7720,-0.1134,-0.2208,2.995,good,0.008,2.89,0,0,0,0,1.62,3,0.0,,,
3509,3.7720,-0.1224,-0.0884,3.192,good,0.001,3.09,0,0,0,0,-4.01,2,0.0,,,
3510,3.7720,-0.1123,-0.1858,3.052,good,0.001,1.68,0,0,0,0,-0.16,3,0.0,,,
3511,3.7720,-0.1086,0.0825,3.017,good,0.001,2.42,0,0,0,0,-0.61,3,0.0,,,
3515,3.7720,-0.1183,0.2370,2.967,good,0.000,3.78,0,0,0,0,3.78,2,0.0,,,
3516,3.7720,-0.1147,-0.0473,2.987,good,0.001,3.06,0,0,0,0,2.05,2,0.0,,,
3520,3.7720,-0.1096,-0.0846,3.000,good,0.000,3.31,0,0,0,0,0.03,1,0.0,,,
3513,3.7760,-0.1162,-0.0231,3.000,good,0.001,2.19,0,0,0,0,-2.75,3,0.0,,,
3514,3.7760,-0.1143,-0.0645,2.611,good,0.001,1.53,0,0,0,0,7.17,3,0.0,,,
3517,3.7800,-0.1130,0.1278,3.010,good,0.007,3.54,0,0,0,0,-9.12,3,0.0,,,
3518,3.7800,-0.1126,-0.0960,3.002,good,0.028,2.00,0,0,0,0,-9.14,3,0.0,,,
3519,3.7800,-0.1092,0.0024,2.982,good,0.000,3.23,0,0,0,0,-9.82,3,0.0,,,
3521,3.7840,-0.1137,0.1769,2.977,good,0.003,2.28,0,0,0,0,1.22,3,0.0,,,
3522,3.7840,-0.1232,-0.2262,3.006,good,0.127,3.88,0,0,0,0,-0.39,2,0.0,,,
3523,3.7840,-0.1105,-0.0979,3.016,good,0.001,2.45,0,0,0,0,-0.87,3,0.0,,,
3524,3.7840,-0.1096,0.1129,2.926,good,0.001,3.17,0,0,0,0,0.93,3,0.0,,,
3525,3.7840,-0.1081,-0.1717,3.104,black,1.000,49.65,1,0,0,1,-3.70,3,3.2,10|9,3515,
3527,3.7840,-0.1175,0.0955,2.998,good,0.000,2.33,0,0,0,0,1.76,2,0.0,,,
3528,3.7840,-0.1164,0.2305,2.980,good,0.000,3.34,0,0,0,0,1.80,2,0.0,,,
3529,3.7840,-0.1290,-0.2321,3.000,sour,1.000,18.09,1,1,1,0,1.49,1,3.2,2,,
3530,3.7840,-0.1174,-0.1325,2.938,good,0.000,2.02,0,0,0,0,3.12,2,0.0,,,
3537,3.7840,-0.1139,-0.2289,3.000,sour,0.998,12.03,1,1,1,0,0.40,1,3.2,2,3476|3477,3476|3477
3526,3.7880,-0.1148,0.0578,3.000,good,0.000,2.68,0,0,0,0,-7.24,3,0.0,,,
3536,3.7880,-0.1175,-0.0174,2.917,faded,0.769,2.70,1,0,0,1,-4.31,2,3.2,29,3433,
3531,3.7920,-0.1136,0.0369,3.122,black,1.000,52.47,1,0,0,1,-12.38,3,3.2,36,3480,
3532,3.7920,-0.1163,0.0913,2.645,good,0.004,7.56,0,0,0,0,0.87,3,0.0,,,
3533,3.7920,-0.1098,0.0062,3.094,good,0.000,2.58,0,0,0,0,-13.14,3,0.0,,,
3534,3.7920,-0.1113,0.0578,2.996,good,0.000,2.96,0,0,0,0,-10.45,3,0.0,,,
3535,3.7920,-0.1102,-0.0630,2.663,good,0.371,3.47,0,0,0,0,-2.09,3,0.0,,,
3538,3.7960,-0.1137,-0.2147,2.995,good,0.000,2.81,0,0,0,0,-7.52,3,0.0,,,
3539,3.7960,-0.1109,0.1264,2.944,good,0.006,5.68,0,0,0,0,-7.29,3,0.0,,,
3540,3.7960,-0.1144,-0.0715,2.500,good,0.000,1.84,0,0,0,0,6.78,3,0.0,,,
3541,3.7960,-0.1120,0.0833,2.580,good,0.189,3.26,0,0,0,0,3.13,3,0.0,,,
3542,3.7960,-0.1086,-0.1029,2.959,good,0.001,2.17,0,0,0,0,-8.57,3,0.0,,,
3543,3.7960,-0.1087,-0.0430,2.835,good,0.006,5.85,0,0,0,0,-5.44,3,0.0,,,
3544,3.8000,-0.1096,-0.1889,3.142,good,0.001,2.42,0,0,0,0,-12.66,3,0.0,,,
3545,3.8000,-0.1093,-0.0147,3.000,good,0.000,2.65,0,0,0,0,-9.64,3,0.0,,,
3550,3.8000,-0.1192,-0.0722,3.285,good,0.000,2.22,0,0,0,0,-12.71,2,0.0,,,
3551,3.8000,-0.1183,0.2123,2.998,husk,1.000,10.74,1,0,0,1,-6.68,2,2.4,59|58,3503,
3546,3.8040,-0.1129,-0.1755,3.002,good,0.000,1.79,0,0,0,0,-8.75,3,0.0,,,
3547,3.8040,-0.1109,-0.2277,3.169,good,0.000,2.94,0,0,0,0,-13.16,3,0.0,,,
3548,3.8040,-0.1112,0.1012,3.002,good,0.000,3.12,0,0,0,0,-9.41,3,0.0,,,
3549,3.8040,-0.1099,0.2000,3.000,good,0.000,2.40,0,0,0,0,-9.83,3,0.0,,,
3552,3.8080,-0.1139,-0.0191,2.835,good,0.004,5.47,0,0,0,0,8.49,3,0.0,,,
3553,3.8080,-0.1109,0.0110,2.990,good,0.000,2.31,0,0,0,0,3.47,3,0.0,,,
3554,3.8080,-0.1095,0.1092,3.017,good,0.000,3.31,0,0,0,0,2.37,3,0.0,,,
3558,3.8080,-0.1190,-0.1608,2.988,good,0.000,2.32,0,0,0,0,6.15,2,0.0,,,
3555,3.8120,-0.1146,-0.2131,3.088,good,0.000,3.12,0,0,0,0,2.58,3,0.0,,,
3556,3.8120,-0.1119,0.1275,3.010,good,0.000,2.65,0,0,0,0,3.44,3,0.0,,,
3557,3.8120,-0.1108,-0.1352,3.000,good,0.002,2.54,0,0,0,0,3.22,3,0.0,,,
3563,3.8120,-0.1044,-0.0241,3.000,good,0.001,2.53,0,0,0,0,1.08,1,0.0,,,
3559,3.8160,-0.1132,0.1989,2.557,good,0.000,2.35,0,0,0,0,7.65,3,0.0,,,
3560,3.8160,-0.1091,0.0220,2.998,insect,1.000,8.78,1,0,0,1,-6.05,3,3.1,34|35,3512,
3561,3.8160,-0.1190,-0.1761,2.988,good,0.000,3.78,0,0,0,0,-2.54,2,0.0,,,
3562,3.8160,-0.1184,-0.0369,3.001,sour,1.000,22.85,1,0,0,1,-3.13,2,3.2,27,3536,
3564,3.8240,-0.1156,-0.2359,2.996,good,0.007,2.71,0,0,0,0,-7.73,3,0.0,,,
3565,3.8240,-0.1147,-0.1437,2.962,good,0.000,2.32,0,0,0,0,-7.29,3,0.0,,,
3566,3.8240,-0.1111,-0.0333,2.998,good,0.001,1.91,0,0,0,0,-9.36,3,0.0,,,
3567,3.8240,-0.1187,-0.1209,3.041,good,0.000,2.18,0,0,0,0,-7.91,2,0.0,,,
3568,3.8240,-0.1171,0.1430,2.988,good,0.000,3.10,0,0,0,0,-7.22,2,0.0,,,
3569,3.8240,-0.1178,-0.0031,2.947,good,0.001,1.89,0,0,0,0,-6.02,2,0.0,,,
3572,3.8280,-0.1170,0.0373,3.001,good,0.000,3.26,0,0,0,0,-4.32,2,0.0,,,
3573,3.8280,-0.1168,0.1441,3.004,insect,1.000,7.65,1,0,0,1,-4.52,2,3.1,50,3519,
3574,3.8280,-0.1152,0.1784,3.427,good,0.012,5.70,0,0,0,0,-13.96,2,0.0,,,
3570,3.8320,-0.1127,0.0107,2.999,good,0.002,3.58,0,0,0,0,-8.49,3,0.0,,,
3571,3.8320,-0.1114,-0.0404,3.038,good,0.016,3.03,0,0,0,0,-9.89,3,0.0,,,
3579,3.8320,-0.1155,-0.0144,3.109,black,1.000,45.91,1,0,0,1,-10.23,2,3.2,30|29,3541,
3575,3.8360,-0.1137,0.2158,2.992,good,0.000,2.32,0,0,0,0,2.80,3,0.0,,,
3576,3.8360,-0.1138,0.0333,2.974,good,0.000,2.24,0,0,0,0,3.22,3,0.0,,,
3577,3.8360,-0.1127,0.1381,2.997,good,0.000,2.14,0,0,0,0,2.26,3,0.0,,,
3578,3.8360,-0.1094,-0.1685,3.001,good,0.001,2.10,0,0,0,0,1.02,3,0.0,,,
3580,3.8440,-0.1105,0.2096,2.580,broken,1.000,8.78,1,1,1,0,11.63,4,2.4,58|59,3511,
3581,3.8440,-0.1144,0.1391,3.102,good,0.013,2.41,0,0,0,0,-0.96,3,0.0,,,
3582,3.8440,-0.1257,0.0137,2.932,good,0.001,2.70,0,0,0,0,2.87,2,0.0,,,
3583,3.8440,-0.1080,-0.2013,3.009,good,0.002,2.52,0,0,0,0,-1.02,3,0.0,,,
3584,3.8440,-0.1207,0.0059,2.783,good,0.003,3.33,0,0,0,0,5.08,2,0.0,,,
3589,3.8440,-0.1187,0.1792,3.013,good,0.000,2.21,0,0,0,0,2.33,2,0.0,,,
3590,3.8440,-0.1128,0.1889,3.450,good,0.008,3.69,0,0,0,0,-8.61,2,0.0,,,
3596,3.8440,-0.1118,0.0093,3.000,good,0.120,7.80,0,0,0,0,0.28,1,0.0,,,
3585,3.8480,-0.1386,0.1829,3.000,good,0.001,7.13,0,0,0,0,-10.30,1,0.0,,,
3586,3.8480,-0.1114,-0.1895,3.170,good,0.004,2.47,0,0,0,0,-15.29,3,0.0,,,
3587,3.8480,-0.1091,-0.1730,3.028,good,0.000,2.02,0,0,0,0,-12.95,3,0.0,,,
3588,3.8480,-0.1113,0.1219,2.835,good,0.001,1.52,0,0,0,0,-7.51,3,0.0,,,
3594,3.8480,-0.1195,0.0070,2.999,good,0.000,2.38,0,0,0,0,-8.88,2,0.0,,,
3595,3.8480,-0.1299,0.1861,3.000,good,0.000,7.12,0,0,0,0,-9.48,1,0.0,,,
3591,3.8520,-0.1376,-0.0484,3.000,good,0.061,3.02,0,0,0,0,1.35,1,0.0,,,
3592,3.8520,-0.1125,-0.0910,2.955,good,0.000,2.55,0,0,0,0,1.90,3,0.0,,,
3593,3.8520,-0.1103,0.2067,2.986,good,0.002,5.14,0,0,0,0,0.37,3,0.0,,,
3599,3.8520,-0.1195,0.0749,2.986,good,0.008,2.91,0,0,0,0,3.43,2,0.0,,,
3600,3.8520,-0.1170,0.0200,3.040,faded,0.774,3.53,1,1,1,0,1.24,2,3.2,34,3534,
3601,3.8520,-0.1165,0.1346,2.998,good,0.000,2.10,0,0,0,0,2.03,2,0.0,,,
3602,3.8520,-0.1251,-0.0448,3.000,good,0.154,2.97,0,0,0,0,0.82,1,0.0,,,
3603,3.8520,-0.1212,0.1892,3.000,good,0.001,7.03,0,0,0,0,-0.49,1,0.0,,,
3610,3.8520,-0.1125,-0.0413,3.000,good,0.186,3.00,0,0,0,0,0.61,1,0.0,,,
3611,3.8520,-0.1124,0.1924,3.000,good,0.003,6.42,0,0,0,0,0.60,1,0.0,,,
3597,3.8560,-0.1126,-0.1445,3.041,good,0.000,1.91,0,0,0,0,-0.06,3,0.0,,,
3598,3.8560,-0.1113,-0.1025,3.011,good,0.011,2.74,0,0,0,0,0.13,3,0.0,,,
3609,3.8560,-0.1160,0.1354,3.004,good,0.003,2.83,0,0,0,0,1.83,2,0.0,,,
3615,3.8560,-0.1037,0.1955,3.000,good,0.001,6.44,0,0,0,0,-2.18,1,0.0,,,
3604,3.8600,-0.1162,0.0287,2.996,good,0.000,2.26,0,0,0,0,-7.32,3,0.0,,,
3605,3.8600,-0.1124,-0.1743,2.998,good,0.000,2.62,0,0,0,0,-8.67,3,0.0,,,
3606,3.8600,-0.1116,0.0584,3.001,good,0.000,2.58,0,0,0,0,-9.07,3,0.0,,,
3607,3.8600,-0.1105,-0.0681,2.989,faded,1.000,5.63,1,0,0,1,-9.21,3,3.2,23,3577,
3608,3.8600,-0.1092,-0.2440,2.774,good,0.062,4.49,0,0,0,0,-4.28,3,0.0,,,
3618,3.8600,-0.1180,-0.2394,3.000,husk,1.000,28.81,1,0,0,1,-7.06,1,2.4,1,3575,
3612,3.8640,-0.1156,0.1066,2.997,good,0.001,2.44,0,0,0,0,3.22,3,0.0,,,
3613,3.8640,-0.1091,0.2101,3.001,good,0.016,7.13,0,0,0,0,0.90,3,0.0,,,
3614,3.8640,-0.1110,-0.1077,3.002,good,0.000,3.24,0,0,0,0,1.46,3,0.0,,,
3616,3.8680,-0.1161,0.0784,2.978,good,0.045,2.99,0,0,0,0,-3.93,3,0.0,,,
3617,3.8680,-0.1161,0.0038,3.023,good,0.002,6.54,0,0,0,0,-5.07,3,0.0,,,
3621,3.8680,-0.1197,-0.1417,2.995,good,0.003,5.83,0,0,0,0,-3.25,2,0.0,,,
3622,3.8680,-0.1193,-0.1077,3.014,good,0.000,3.71,0,0,0,0,-3.89,2,0.0,,,
3619,3.8720,-0.1107,0.2312,3.017,good,0.004,4.42,0,0,0,0,0.82,3,0.0,,,
3620,3.8720,-0.1089,0.1827,3.005,good,0.011,2.13,0,0,0,0,0.45,3,0.0,,,
3625,3.8720,-0.1172,0.1772,3.376,good,0.000,1.70,0,0,0,0,-4.76,2,0.0,,,
3626,3.8720,-0.1164,-0.1297,2.923,good,0.000,1.85,0,0,0,0,4.89,2,0.0,,,
3623,3.8760,-0.1137,-0.1438,3.001,good,0.000,2.85,0,0,0,0,-7.74,3,0.0,,,
3624,3.8760,-0.1107,-0.0769,2.849,sour,1.000,12.74,1,0,0,1,-5.07,3,3.2,22|21,3571,
3627,3.8800,-0.1122,0.1195,3.004,good,0.000,2.39,0,0,0,0,-1.13,3,0.0,,,
3628,3.8800,-0.1103,0.2245,2.999,good,0.143,2.72,0,0,0,0,-1.71,3,0.0,,,
3629,3.8800,-0.1081,-0.2094,3.119,good,0.168,2.69,0,0,0,0,-5.16,3,0.0,,,
3630,3.8840,-0.1151,-0.1317,3.003,good,0.010,3.39,0,0,0,0,2.42,3,0.0,,,
3631,3.8840,-0.1136,0.0718,3.003,good,0.000,2.72,0,0,0,0,1.84,3,0.0,,,
3632,3.8840,-0.1128,-0.0479,2.998,good,0.000,3.78,0,0,0,0,1.62,3,0.0,,,
3633,3.8840,-0.1135,-0.0079,2.976,good,0.000,2.67,0,0,0,0,2.34,3,0.0,,,
3636,3.8840,-0.1161,0.1319,2.944,good,0.001,2.59,0,0,0,0,3.96,2,0.0,,,
3634,3.8880,-0.1111,-0.0150,2.996,good,0.000,4.94,0,0,0,0,0.46,3,0.0,,,
3635,3.8880,-0.1110,0.1400,2.994,good,0.008,2.37,0,0,0,0,0.37,3,0.0,,,
3646,3.8880,-0.1031,-0.1280,3.000,good,0.007,3.09,0,0,0,0,-2.40,1,0.0,,,
3637,3.8920,-0.1128,0.1837,3.049,good,0.008,5.22,0,0,0,0,0.17,3,0.0,,,
3638,3.8920,-0.1130,-0.0292,3.140,good,0.004,2.57,0,0,0,0,-1.85,3,0.0,,,
3639,3.8920,-0.1089,-0.1837,3.450,good,0.001,1.71,0,0,0,0,-9.17,3,0.0,,,
3640,3.8920,-0.1090,0.1551,3.054,good,0.018,5.74,0,0,0,0,-1.31,3,0.0,,,
3643,3.8920,-0.1195,0.1637,3.086,good,0.000,2.20,0,0,0,0,1.33,2,0.0,,,
3644,3.8920,-0.1188,0.0641,3.004,good,0.000,2.50,0,0,0,0,3.00,2,0.0,,,
3645,3.8920,-0.1187,0.0817,2.987,good,0.000,2.34,0,0,0,0,3.35,2,0.0,,,
3641,3.8960,-0.1150,-0.0114,3.000,good,0.000,3.51,0,0,0,0,-9.50,3,0.0,,,
3642,3.8960,-0.1085,-0.0801,3.079,good,0.001,3.15,0,0,0,0,-13.51,3,0.0,,,
3655,3.8960,-0.1004,-0.0261,3.000,good,0.003,2.55,0,0,0,0,-14.44,1,0.0,,,
3647,3.9000,-0.1127,-0.1195,2.878,good,0.001,5.88,0,0,0,0,1.34,3,0.0,,,
3648,3.9000,-0.1099,0.0626,2.935,good,0.000,4.01,0,0,0,0,-1.12,3,0.0,,,
3649,3.9000,-0.1126,0.1221,2.803,good,0.000,2.28,0,0,0,0,3.18,3,0.0,,,
3654,3.9000,-0.1150,-0.0395,3.107,good,0.002,2.43,0,0,0,0,-3.53,2,0.0,,,
3650,3.9040,-0.1117,0.1860,3.011,good,0.007,3.63,0,0,0,0,-11.04,3,0.0,,,
3651,3.9040,-0.1095,-0.0072,3.065,good,0.000,3.91,0,0,0,0,-13.04,3,0.0,,,
3652,3.9040,-0.1084,-0.2007,2.998,good,0.000,1.98,0,0,0,0,-11.90,3,0.0,,,
3653,3.9040,-0.1111,-0.2416,2.628,good,0.101,3.38,0,0,0,0,-1.12,3,0.0,,,
3659,3.9040,-0.1148,-0.1264,2.988,good,0.000,4.04,0,0,0,0,-9.61,2,0.0,,,
3660,3.9040,-0.1125,0.0216,3.360,good,0.005,7.05,0,0,0,0,-18.29,2,0.0,,,
3656,3.9080,-0.1147,-0.0126,2.998,faded,1.000,5.64,1,1,1,0,0.73,3,3.2,30,3617,3617
3657,3.9080,-0.1115,-0.1872,2.963,good,0.000,2.31,0,0,0,0,0.39,3,0.0,,,
3658,3.9080,-0.1089,0.0156,3.010,good,0.002,2.30,0,0,0,0,-1.62,3,0.0,,,
3661,3.9120,-0.1126,0.0695,3.030,good,0.000,4.05,0,0,0,0,-0.19,3,0.0,,,
3662,3.9120,-0.1118,0.0374,2.895,good,0.010,2.75,0,0,0,0,2.74,3,0.0,,,
3663,3.9120,-0.1082,-0.1132,3.030,good,0.000,2.44,0,0,0,0,-1.73,3,0.0,,,
3668,3.9120,-0.1175,-0.2291,2.919,good,0.004,2.59,0,0,0,0,4.02,2,0.0,,,
3669,3.9120,-0.1166,-0.0595,3.004,good,0.000,2.00,0,0,0,0,1.57,2,0.0,,,
3664,3.9160,-0.1160,-0.0803,3.024,good,0.000,1.92,0,0,0,0,1.13,3,0.0,,,
3665,3.9160,-0.1143,0.2066,3.000,good,0.000,2.29,0,0,0,0,1.09,3,0.0,,,
3666,3.9160,-0.1101,0.0332,3.008,good,0.000,1.59,0,0,0,0,-0.55,3,0.0,,,
3667,3.9160,-0.1104,0.1919,2.933,good,0.082,2.56,0,0,0,0,1.29,3,0.0,,,
3672,3.9160,-0.1169,-0.0492,3.012,good,0.005,3.25,0,0,0,0,1.54,2,0.0,,,
3670,3.9200,-0.1152,0.1407,2.980,insect,1.000,3.97,1,1,1,0,1.39,3,3.1,50|49,3633,3633
3671,3.9200,-0.1157,0.1786,2.990,good,0.062,2.37,0,0,0,0,1.24,3,0.0,,,
3675,3.9200,-0.1289,0.2415,3.000,good,0.000,1.93,0,0,0,0,1.38,1,0.0,,,
3673,3.9240,-0.1147,-0.0572,3.166,shell,1.000,8.21,1,0,0,1,-2.55,3,2.4,24,3649,
3674,3.9240,-0.1134,0.0168,2.954,good,0.184,5.24,0,0,0,0,1.80,3,0.0,,,
3677,3.9240,-0.1194,0.1008,3.108,sour,0.975,13.26,1,1,1,0,0.09,2,3.2,44|45,3621|3624,3621|3624
3679,3.9240,-0.1194,-0.0957,3.000,good,0.000,3.69,0,0,0,0,2.60,2,0.0,,,
3680,3.9240,-0.1207,0.2382,3.000,good,0.000,2.78,0,0,0,0,-0.97,1,0.0,,,
3686,3.9240,-0.1125,0.2348,3.000,good,0.000,1.93,0,0,0,0,0.29,1,0.0,,,
3676,3.9280,-0.1255,0.0682,3.450,good,0.000,3.46,0,0,0,0,-18.65,2,0.0,,,
3678,3.9280,-0.1232,0.0889,3.002,good,0.000,2.08,0,0,0,0,-9.71,2,0.0,,,
3683,3.9280,-0.1183,0.2058,3.450,good,0.002,3.68,0,0,0,0,-16.85,2,0.0,,,
3684,3.9280,-0.1197,0.1578,2.705,good,0.000,3.71,0,0,0,0,1.05,2,0.0,,,
3685,3.9280,-0.1172,-0.0226,3.001,good,0.001,2.55,0,0,0,0,-7.82,2,0.0,,,
3687,3.9280,-0.1112,0.0926,3.000,good,0.000,2.13,0,0,0,0,-9.79,1,0.0,,,
3688,3.9280,-0.1114,0.0713,3.000,good,0.000,3.81,0,0,0,0,-9.73,1,0.0,,,
3689,3.9280,-0.1043,0.2315,3.000,good,0.000,1.93,0,0,0,0,-12.13,1,0.0,,,
3681,3.9320,-0.1181,0.1775,2.599,good,0.000,4.84,0,0,0,0,14.54,3,0.0,,,
3682,3.9320,-0.1168,0.1970,1.998,good,0.000,5.29,0,0,0,0,39.04,3,0.0,,,
3692,3.9360,-0.1163,-0.1338,2.957,sour,1.000,16.85,1,1,0,0,3.30,2,3.2,14|15,3629,
3693,3.9360,-0.1161,-0.0166,3.036,good,0.013,3.05,0,0,0,0,1.22,2,0.0,,,
3690,3.9400,-0.1123,0.1269,3.010,good,0.000,8.32,0,0,0,0,-10.60,3,0.0,,,
3691,3.9400,-0.1090,0.0465,3.001,good,0.000,3.77,0,0,0,0,-11.54,3,0.0,,,
3706,3.9400,-0.1008,0.1940,3.000,good,0.000,2.92,0,0,0,0,-14.27,1,0.0,,,
3694,3.9440,-0.1131,0.1848,3.118,good,0.001,2.96,0,0,0,0,-3.05,3,0.0,,,
3695,3.9440,-0.1120,-0.1220,2.994,good,0.001,3.36,0,0,0,0,-0.60,3,0.0,,,
3696,3.9440,-0.1113,-0.1968,3.027,good,0.000,2.12,0,0,0,0,-1.68,3,0.0,,,
3697,3.9440,-0.1086,-0.2214,3.233,insect,1.000,5.13,1,0,0,1,-6.98,3,3.1,3,3672,
3698,3.9440,-0.1094,-0.1696,2.995,good,0.000,2.98,0,0,0,0,-1.66,3,0.0,,,
3699,3.9440,-0.1092,0.1541,3.027,good,0.000,2.35,0,0,0,0,-2.48,3,0.0,,,
3703,3.9440,-0.1162,0.0793,3.141,good,0.000,3.96,0,0,0,0,-2.79,2,0.0,,,
3704,3.9440,-0.1173,-0.0585,2.992,good,0.000,1.95,0,0,0,0,0.96,2,0.0,,,
3705,3.9440,-0.1161,-0.0276,3.147,good,0.115,4.38,0,0,0,0,-3.04,2,0.0,,,
3700,3.9480,-0.1143,-0.2030,3.179,good,0.009,3.11,0,0,0,0,-3.35,3,0.0,,,
3701,3.9480,-0.1133,0.1298,2.993,good,0.000,1.85,0,0,0,0,0.47,3,0.0,,,
3702,3.9480,-0.1102,0.0488,2.975,good,0.000,2.76,0,0,0,0,-0.19,3,0.0,,,
3709,3.9480,-0.1164,-0.0184,3.003,good,0.000,2.35,0,0,0,0,1.18,2,0.0,,,
3707,3.9520,-0.1115,0.1279,3.027,good,0.000,2.32,0,0,0,0,-11.64,3,0.0,,,
3708,3.9520,-0.1106,-0.1611,3.000,good,0.007,3.11,0,0,0,0,-11.36,3,0.0,,,
3714,3.9520,-0.1169,-0.1005,3.074,good,0.000,2.67,0,0,0,0,-11.07,2,0.0,,,
3710,3.9560,-0.1152,-0.1473,3.006,good,0.000,1.85,0,0,0,0,-0.69,3,0.0,,,
3711,3.9560,-0.1168,-0.0614,2.940,good,0.000,2.06,0,0,0,0,1.41,3,0.0,,,
3712,3.9560,-0.1258,0.0340,2.848,good,0.000,1.78,0,0,0,0,2.93,2,0.0,,,
3713,3.9560,-0.1087,0.1862,3.006,good,0.040,2.44,0,0,0,0,-2.98,3,0.0,,,
3716,3.9560,-0.1163,0.1397,3.069,good,0.009,4.44,0,0,0,0,-1.95,2,0.0,,,
3717,3.9560,-0.1168,-0.1369,2.979,good,0.001,2.46,0,0,0,0,0.32,2,0.0,,,
3718,3.9560,-0.1163,-0.2085,3.014,good,0.000,3.18,0,0,0,0,-0.71,2,0.0,,,
3719,3.9560,-0.1140,0.1673,3.378,husk,0.973,55.30,1,0,0,1,-9.19,2,2.4,53,3689,
3724,3.9560,-0.1144,0.0382,3.000,good,0.000,1.65,0,0,0,0,-1.08,1,0.0,,,
3715,3.9600,-0.1119,0.0283,3.000,insect,1.000,8.47,1,1,0,0,-0.27,3,3.1,35,3645,
3723,3.9600,-0.1180,0.0651,2.976,good,0.000,2.61,0,0,0,0,2.17,2,0.0,,,
3730,3.9600,-0.0997,0.1711,3.000,husk,1.000,74.49,1,0,0,1,-4.49,1,2.4,53|54,3689,
3720,3.9640,-0.1275,-0.2189,2.442,good,0.000,2.33,0,0,0,0,7.81,2,0.0,,,
3721,3.9640,-0.1113,0.0030,3.001,good,0.001,3.07,0,0,0,0,-11.03,3,0.0,,,
3722,3.9640,-0.1113,0.1262,2.929,good,0.000,3.51,0,0,0,0,-9.37,3,0.0,,,
3729,3.9640,-0.1167,-0.0456,2.985,good,0.000,3.59,0,0,0,0,-8.95,2,0.0,,,
3733,3.9640,-0.1178,-0.2218,3.000,good,0.000,2.34,0,0,0,0,-8.97,1,0.0,,,
3725,3.9680,-0.1113,-0.0318,3.123,good,0.071,2.79,0,0,0,0,-13.00,3,0.0,,,
3726,3.9680,-0.1108,0.1464,3.252,good,0.002,3.75,0,0,0,0,-15.89,3,0.0,,,
3727,3.9680,-0.1108,0.2247,3.052,good,0.000,3.72,0,0,0,0,-11.67,3,0.0,,,
3728,3.9680,-0.1129,-0.0422,2.845,good,0.002,3.49,0,0,0,0,-5.97,3,0.0,,,
3731,3.9720,-0.1148,0.1637,2.988,good,0.000,4.08,0,0,0,0,2.48,3,0.0,,,
3732,3.9720,-0.1097,0.1016,2.769,good,0.000,3.14,0,0,0,0,6.26,3,0.0,,,
3736,3.9720,-0.1181,-0.0281,3.225,good,0.015,3.56,0,0,0,0,-1.89,2,0.0,,,
3737,3.9720,-0.1163,-0.1818,3.072,good,0.019,3.20,0,0,0,0,0.85,2,0.0,,,
3740,3.9720,-0.1015,-0.0453,3.000,good,0.006,2.88,0,0,0,0,-2.41,1,0.0,,,
3734,3.9760,-0.1156,-0.0254,2.956,good,0.002,2.19,0,0,0,0,-5.63,3,0.0,,,
3735,3.9760,-0.1126,0.1940,3.032,good,0.001,2.54,0,0,0,0,-8.48,3,0.0,,,
3739,3.9760,-0.1167,0.1547,2.843,good,0.002,2.82,0,0,0,0,-2.44,2,0.0,,,
3738,3.9800,-0.1122,-0.2196,3.114,good,0.211,5.95,0,0,0,0,-11.08,3,0.0,,,
3745,3.9800,-0.1169,-0.2415,2.935,good,0.000,2.86,0,0,0,0,-5.38,2,0.0,,,
3741,3.9840,-0.1376,0.0994,3.000,black,1.000,51.02,1,1,0,0,0.55,1,3.2,44,,
3742,3.9840,-0.1108,0.0186,3.007,good,0.000,2.00,0,0,0,0,-0.69,3,0.0,,,
3743,3.9840,-0.1107,-0.0148,2.934,good,0.000,3.36,0,0,0,0,0.97,3,0.0,,,
3744,3.9840,-0.1101,0.0968,2.648,good,0.095,19.63,1,1,0,0,8.46,3,9.0,44|43|45,3677|3692,
3748,3.9880,-0.1176,0.0663,2.973,good,0.000,2.31,0,0,0,0,3.63,2,0.0,,,
3749,3.9880,-0.1185,0.1818,2.999,good,0.001,2.84,0,0,0,0,3.20,2,0.0,,,
3750,3.9880,-0.1148,-0.0571,3.088,good,0.000,3.11,0,0,0,0,-0.12,2,0.0,,,
3746,3.9920,-0.1106,-0.0704,2.999,good,0.000,3.73,0,0,0,0,0.49,3,0.0,,,
3747,3.9920,-0.1091,0.2365,3.144,good,0.016,2.89,0,0,0,0,-3.29,3,0.0,,,
3754,3.9920,-0.1172,0.1691,3.006,shell,1.000,5.29,1,1,0,0,2.39,2,2.4,53,3703,
3758,3.9920,-0.1024,-0.0533,3.000,good,0.000,3.08,0,0,0,0,-2.39,1,0.0,,,
3751,3.9960,-0.1154,0.1374,2.996,good,0.000,2.71,0,0,0,0,1.87,3,0.0,,,
3752,3.9960,-0.1132,-0.1143,3.106,good,0.002,2.06,0,0,0,0,-1.43,3,0.0,,,
3753,3.9960,-0.1096,-0.1613,3.000,good,0.003,6.27,0,0,0,0,-0.26,3,0.0,,,
3756,3.9960,-0.1198,0.0330,3.028,good,0.003,4.35,0,0,0,0,2.44,2,0.0,,,
3757,3.9960,-0.1155,-0.2220,3.216,good,0.001,2.78,0,0,0,0,-3.18,2,0.0,,,
